family,cut,block,observation,cycles
cpucycles tracesetup 0 amd64-perfpmcff precision 0 scaling 0.000000 only32 0
cpucycles tracesetup 1 amd64-perfpmc precision 0 scaling 0.000000 only32 0
cpucycles tracesetup 2 amd64-pmcff precision 0 scaling 0.000000 only32 0
cpucycles tracesetup 3 amd64-tsc precision 1016 scaling 0.467415 only32 0
cpucycles tracesetup 4 amd64-tscasm precision 1026 scaling 0.467415 only32 0
cpucycles tracesetup 5 default-perfevent precision 203 scaling 1.000000 only32 0
cpucycles tracesetup 6 default-mach precision 0 scaling 0.000000 only32 0
cpucycles tracesetup 7 default-monotonic precision 1076 scaling 1.400000 only32 0
cpucycles tracesetup 8 default-gettimeofday precision 2440 scaling 1400.000000 only32 0
cpucycles tracesetup 9 default-zero precision 0 scaling 0.000000 only32 0
0,0,0,0,3405
0,0,0,1,2834
0,0,0,2,2809
0,0,0,3,2741
0,0,0,4,2812
0,0,0,5,2808
0,0,0,6,2792
0,0,0,7,2782
0,0,0,8,2782
0,0,0,9,2790
0,0,0,10,2781
0,0,0,11,2825
0,0,0,12,2788
0,0,0,13,2798
0,0,0,14,2791
0,0,0,15,2794
0,0,0,16,2800
0,0,0,17,2793
0,0,0,18,2775
0,0,0,19,2850
0,0,0,20,2777
0,0,0,21,2814
0,0,0,22,2770
0,0,0,23,2798
0,0,0,24,2792
0,0,0,25,2738
0,0,0,26,2739
0,0,0,27,2787
0,0,0,28,2775
0,0,0,29,2773
0,0,0,30,2793
0,0,0,31,2800
0,1,0,0,3460
0,1,0,1,3545
0,1,0,2,3574
0,1,0,3,3574
0,1,0,4,3581
0,1,0,5,3556
0,1,0,6,3531
0,1,0,7,3571
0,1,0,8,3557
0,1,0,9,3548
0,1,0,10,3565
0,1,0,11,3586
0,1,0,12,3520
0,1,0,13,3525
0,1,0,14,3578
0,1,0,15,3564
0,1,0,16,3567
0,1,0,17,3524
0,1,0,18,3544
0,1,0,19,3557
0,1,0,20,3537
0,1,0,21,3547
0,1,0,22,3564
0,1,0,23,3565
0,1,0,24,3549
0,1,0,25,3522
0,1,0,26,3563
0,1,0,27,3555
0,1,0,28,3538
0,1,0,29,3553
0,1,0,30,3559
0,1,0,31,3485
0,2,0,0,4577
0,2,0,1,4526
0,2,0,2,4579
0,2,0,3,4639
0,2,0,4,4522
0,2,0,5,4587
0,2,0,6,4543
0,2,0,7,4609
0,2,0,8,4623
0,2,0,9,4527
0,2,0,10,4590
0,2,0,11,4582
0,2,0,12,4576
0,2,0,13,4626
0,2,0,14,4569
0,2,0,15,4593
0,2,0,16,4549
0,2,0,17,4613
0,2,0,18,4557
0,2,0,19,4595
0,2,0,20,4630
0,2,0,21,4608
0,2,0,22,4566
0,2,0,23,4519
0,2,0,24,4593
0,2,0,25,4672
0,2,0,26,4587
0,2,0,27,4581
0,2,0,28,4583
0,2,0,29,4591
0,2,0,30,4522
0,2,0,31,4506
0,3,0,0,7030
0,3,0,1,7162
0,3,0,2,7179
0,3,0,3,7169
0,3,0,4,7185
0,3,0,5,7009
0,3,0,6,7132
0,3,0,7,7131
0,3,0,8,7135
0,3,0,9,7171
0,3,0,10,7190
0,3,0,11,7089
0,3,0,12,7223
0,3,0,13,7174
0,3,0,14,7137
0,3,0,15,6963
0,3,0,16,7136
0,3,0,17,7099
0,3,0,18,7100
0,3,0,19,7146
0,3,0,20,7154
0,3,0,21,7081
0,3,0,22,7152
0,3,0,23,7097
0,3,0,24,7061
0,3,0,25,7076
0,3,0,26,7023
0,3,0,27,7195
0,3,0,28,7183
0,3,0,29,7151
0,3,0,30,7004
0,3,0,31,7048
0,4,0,0,7745
0,4,0,1,7778
0,4,0,2,7859
0,4,0,3,7847
0,4,0,4,7729
0,4,0,5,7740
0,4,0,6,7906
0,4,0,7,7887
0,4,0,8,7915
0,4,0,9,7850
0,4,0,10,7939
0,4,0,11,7834
0,4,0,12,7879
0,4,0,13,7754
0,4,0,14,7790
0,4,0,15,7858
0,4,0,16,7885
0,4,0,17,7845
0,4,0,18,7883
0,4,0,19,7878
0,4,0,20,7902
0,4,0,21,7838
0,4,0,22,7798
0,4,0,23,7691
0,4,0,24,7709
0,4,0,25,7906
0,4,0,26,7888
0,4,0,27,7860
0,4,0,28,7875
0,4,0,29,7927
0,4,0,30,7880
0,4,0,31,7891
0,5,0,0,9087
0,5,0,1,8926
0,5,0,2,8968
0,5,0,3,8839
0,5,0,4,8805
0,5,0,5,8899
0,5,0,6,8933
0,5,0,7,8910
0,5,0,8,8902
0,5,0,9,8854
0,5,0,10,9043
0,5,0,11,8834
0,5,0,12,8909
0,5,0,13,8961
0,5,0,14,8917
0,5,0,15,8897
0,5,0,16,8861
0,5,0,17,8835
0,5,0,18,8811
0,5,0,19,8959
0,5,0,20,8844
0,5,0,21,9052
0,5,0,22,8872
0,5,0,23,8794
0,5,0,24,8963
0,5,0,25,8806
0,5,0,26,8899
0,5,0,27,8878
0,5,0,28,8830
0,5,0,29,8776
0,5,0,30,8892
0,5,0,31,8820
0,6,0,0,9640
0,6,0,1,9682
0,6,0,2,9622
0,6,0,3,9669
0,6,0,4,9657
0,6,0,5,9684
0,6,0,6,9639
0,6,0,7,9655
0,6,0,8,9598
0,6,0,9,9699
0,6,0,10,9706
0,6,0,11,9513
0,6,0,12,9714
0,6,0,13,9610
0,6,0,14,9709
0,6,0,15,9722
0,6,0,16,9585
0,6,0,17,9675
0,6,0,18,9586
0,6,0,19,9771
0,6,0,20,9759
0,6,0,21,9532
0,6,0,22,9739
0,6,0,23,9553
0,6,0,24,9631
0,6,0,25,9630
0,6,0,26,9586
0,6,0,27,9521
0,6,0,28,9619
0,6,0,29,9614
0,6,0,30,9661
0,6,0,31,9699
0,7,0,0,10533
0,7,0,1,10632
0,7,0,2,10761
0,7,0,3,10863
0,7,0,4,10698
0,7,0,5,10683
0,7,0,6,10536
0,7,0,7,10822
0,7,0,8,10845
0,7,0,9,10929
0,7,0,10,10640
0,7,0,11,10809
0,7,0,12,10613
0,7,0,13,10791
0,7,0,14,10598
0,7,0,15,10561
0,7,0,16,10691
0,7,0,17,10659
0,7,0,18,10649
0,7,0,19,10675
0,7,0,20,10671
0,7,0,21,10591
0,7,0,22,10640
0,7,0,23,10646
0,7,0,24,10669
0,7,0,25,10622
0,7,0,26,10810
0,7,0,27,10483
0,7,0,28,10559
0,7,0,29,10655
0,7,0,30,10624
0,7,0,31,10627
0,8,0,0,21106
0,8,0,1,21401
0,8,0,2,21101
0,8,0,3,21169
0,8,0,4,21224
0,8,0,5,21205
0,8,0,6,21210
0,8,0,7,21103
0,8,0,8,21298
0,8,0,9,21340
0,8,0,10,21136
0,8,0,11,21427
0,8,0,12,21421
0,8,0,13,21413
0,8,0,14,21117
0,8,0,15,21229
0,8,0,16,21422
0,8,0,17,21464
0,8,0,18,21161
0,8,0,19,21317
0,8,0,20,21131
0,8,0,21,21682
0,8,0,22,21401
0,8,0,23,21204
0,8,0,24,21377
0,8,0,25,21136
0,8,0,26,21226
0,8,0,27,21443
0,8,0,28,21201
0,8,0,29,21357
0,8,0,30,21130
0,8,0,31,21344
0,9,0,0,21536
0,9,0,1,21413
0,9,0,2,21356
0,9,0,3,21348
0,9,0,4,21225
0,9,0,5,21318
0,9,0,6,21178
0,9,0,7,21382
0,9,0,8,21543
0,9,0,9,21172
0,9,0,10,21125
0,9,0,11,21191
0,9,0,12,21358
0,9,0,13,21217
0,9,0,14,21364
0,9,0,15,21291
0,9,0,16,21409
0,9,0,17,21345
0,9,0,18,21338
0,9,0,19,21331
0,9,0,20,21130
0,9,0,21,21851
0,9,0,22,21270
0,9,0,23,21337
0,9,0,24,21216
0,9,0,25,21269
0,9,0,26,21354
0,9,0,27,21331
0,9,0,28,21302
0,9,0,29,21255
0,9,0,30,21550
0,9,0,31,21338
1,0,0,0,420
1,0,0,1,369
1,0,0,2,353
1,0,0,3,359
1,0,0,4,354
1,0,0,5,362
1,0,0,6,376
1,0,0,7,361
1,0,0,8,363
1,0,0,9,372
1,0,0,10,365
1,0,0,11,361
1,0,0,12,367
1,0,0,13,365
1,0,0,14,359
1,0,0,15,373
1,0,0,16,373
1,0,0,17,368
1,0,0,18,371
1,0,0,19,369
1,0,0,20,356
1,0,0,21,370
1,0,0,22,368
1,0,0,23,356
1,0,0,24,369
1,0,0,25,373
1,0,0,26,379
1,0,0,27,369
1,0,0,28,360
1,0,0,29,358
1,0,0,30,365
1,0,0,31,370
1,1,0,0,13459
1,1,0,1,13689
1,1,0,2,13724
1,1,0,3,13717
1,1,0,4,13679
1,1,0,5,13771
1,1,0,6,13691
1,1,0,7,13704
1,1,0,8,13714
1,1,0,9,13733
1,1,0,10,13632
1,1,0,11,13749
1,1,0,12,13679
1,1,0,13,13642
1,1,0,14,13562
1,1,0,15,13653
1,1,0,16,13770
1,1,0,17,13538
1,1,0,18,13755
1,1,0,19,13568
1,1,0,20,13521
1,1,0,21,13420
1,1,0,22,13476
1,1,0,23,13509
1,1,0,24,13569
1,1,0,25,13468
1,1,0,26,13433
1,1,0,27,13512
1,1,0,28,13489
1,1,0,29,13467
1,1,0,30,13496
1,1,0,31,13549
1,2,0,0,14220
1,2,0,1,14425
1,2,0,2,14150
1,2,0,3,14542
1,2,0,4,14470
1,2,0,5,14469
1,2,0,6,14469
1,2,0,7,14498
1,2,0,8,14420
1,2,0,9,14413
1,2,0,10,14253
1,2,0,11,14413
1,2,0,12,14496
1,2,0,13,14438
1,2,0,14,14471
1,2,0,15,14458
1,2,0,16,14516
1,2,0,17,14386
1,2,0,18,14446
1,2,0,19,14256
1,2,0,20,14499
1,2,0,21,14529
1,2,0,22,14527
1,2,0,23,14395
1,2,0,24,14465
1,2,0,25,14511
1,2,0,26,14232
1,2,0,27,14487
1,2,0,28,14209
1,2,0,29,14577
1,2,0,30,14469
1,2,0,31,14460
1,3,0,0,14712
1,3,0,1,14650
1,3,0,2,14738
1,3,0,3,14645
1,3,0,4,14651
1,3,0,5,14487
1,3,0,6,14667
1,3,0,7,14647
1,3,0,8,14707
1,3,0,9,14733
1,3,0,10,14718
1,3,0,11,14694
1,3,0,12,14766
1,3,0,13,14653
1,3,0,14,14705
1,3,0,15,14682
1,3,0,16,14469
1,3,0,17,14645
1,3,0,18,14717
1,3,0,19,14741
1,3,0,20,14720
1,3,0,21,14678
1,3,0,22,14673
1,3,0,23,14591
1,3,0,24,14715
1,3,0,25,14653
1,3,0,26,14709
1,3,0,27,14549
1,3,0,28,14588
1,3,0,29,14610
1,3,0,30,14694
1,3,0,31,14655
1,4,0,0,26649
1,4,0,1,26572
1,4,0,2,26646
1,4,0,3,26562
1,4,0,4,26573
1,4,0,5,26608
1,4,0,6,26637
1,4,0,7,26582
1,4,0,8,26566
1,4,0,9,26660
1,4,0,10,26598
1,4,0,11,26448
1,4,0,12,26683
1,4,0,13,26298
1,4,0,14,26677
1,4,0,15,26629
1,4,0,16,26664
1,4,0,17,26711
1,4,0,18,26663
1,4,0,19,26615
1,4,0,20,26544
1,4,0,21,26610
1,4,0,22,26625
1,4,0,23,26586
1,4,0,24,26725
1,4,0,25,26274
1,4,0,26,26384
1,4,0,27,26574
1,4,0,28,26687
1,4,0,29,26244
1,4,0,30,27198
1,4,0,31,26428
1,5,0,0,26953
1,5,0,1,27006
1,5,0,2,26986
1,5,0,3,26894
1,5,0,4,26650
1,5,0,5,26776
1,5,0,6,26913
1,5,0,7,26348
1,5,0,8,26296
1,5,0,9,26661
1,5,0,10,26839
1,5,0,11,26779
1,5,0,12,26601
1,5,0,13,26756
1,5,0,14,26753
1,5,0,15,26471
1,5,0,16,26717
1,5,0,17,26777
1,5,0,18,26400
1,5,0,19,26812
1,5,0,20,26796
1,5,0,21,26831
1,5,0,22,26655
1,5,0,23,26840
1,5,0,24,26708
1,5,0,25,26812
1,5,0,26,26820
1,5,0,27,26730
1,5,0,28,26763
1,5,0,29,26463
1,5,0,30,26849
1,5,0,31,27136
1,6,0,0,27511
1,6,0,1,27569
1,6,0,2,27233
1,6,0,3,27577
1,6,0,4,27626
1,6,0,5,27640
1,6,0,6,27530
1,6,0,7,27542
1,6,0,8,27507
1,6,0,9,27419
1,6,0,10,27399
1,6,0,11,27594
1,6,0,12,27596
1,6,0,13,27619
1,6,0,14,27598
1,6,0,15,27718
1,6,0,16,27595
1,6,0,17,27707
1,6,0,18,27531
1,6,0,19,27558
1,6,0,20,27519
1,6,0,21,27529
1,6,0,22,27123
1,6,0,23,27278
1,6,0,24,27430
1,6,0,25,28270
1,6,0,26,27148
1,6,0,27,27252
1,6,0,28,27575
1,6,0,29,27523
1,6,0,30,27057
1,6,0,31,27296
1,7,0,0,28146
1,7,0,1,27668
1,7,0,2,28151
1,7,0,3,28132
1,7,0,4,28047
1,7,0,5,28053
1,7,0,6,28147
1,7,0,7,27647
1,7,0,8,28129
1,7,0,9,28137
1,7,0,10,28125
1,7,0,11,28012
1,7,0,12,28178
1,7,0,13,28079
1,7,0,14,28045
1,7,0,15,28121
1,7,0,16,28119
1,7,0,17,28041
1,7,0,18,28075
1,7,0,19,28114
1,7,0,20,28224
1,7,0,21,28151
1,7,0,22,28103
1,7,0,23,27980
1,7,0,24,27803
1,7,0,25,27957
1,7,0,26,28055
1,7,0,27,28002
1,7,0,28,27771
1,7,0,29,27996
1,7,0,30,27753
1,7,0,31,28093
1,8,0,0,28349
1,8,0,1,28244
1,8,0,2,28312
1,8,0,3,28283
1,8,0,4,27946
1,8,0,5,28353
1,8,0,6,28233
1,8,0,7,28217
1,8,0,8,28365
1,8,0,9,28289
1,8,0,10,28302
1,8,0,11,27882
1,8,0,12,28387
1,8,0,13,27891
1,8,0,14,28098
1,8,0,15,27860
1,8,0,16,28106
1,8,0,17,28191
1,8,0,18,28810
1,8,0,19,27949
1,8,0,20,27990
1,8,0,21,28389
1,8,0,22,27852
1,8,0,23,27846
1,8,0,24,27825
1,8,0,25,28348
1,8,0,26,28235
1,8,0,27,27712
1,8,0,28,27842
1,8,0,29,28401
1,8,0,30,28352
1,8,0,31,28051
1,9,0,0,27999
1,9,0,1,28408
1,9,0,2,28326
1,9,0,3,28472
1,9,0,4,28288
1,9,0,5,28482
1,9,0,6,28462
1,9,0,7,28348
1,9,0,8,28452
1,9,0,9,28237
1,9,0,10,28136
1,9,0,11,28461
1,9,0,12,28416
1,9,0,13,28345
1,9,0,14,28268
1,9,0,15,28346
1,9,0,16,28353
1,9,0,17,28389
1,9,0,18,27954
1,9,0,19,28302
1,9,0,20,28311
1,9,0,21,28026
1,9,0,22,28465
1,9,0,23,28367
1,9,0,24,28089
1,9,0,25,27909
1,9,0,26,27998
1,9,0,27,28209
1,9,0,28,28305
1,9,0,29,28396
1,9,0,30,28034
1,9,0,31,28290
2,0,0,0,765
2,0,0,1,668
2,0,0,2,675
2,0,0,3,663
2,0,0,4,664
2,0,0,5,674
2,0,0,6,658
2,0,0,7,673
2,0,0,8,686
2,0,0,9,679
2,0,0,10,676
2,0,0,11,666
2,0,0,12,695
2,0,0,13,658
2,0,0,14,680
2,0,0,15,692
2,0,0,16,670
2,0,0,17,679
2,0,0,18,648
2,0,0,19,668
2,0,0,20,673
2,0,0,21,667
2,0,0,22,656
2,0,0,23,671
2,0,0,24,660
2,0,0,25,680
2,0,0,26,679
2,0,0,27,674
2,0,0,28,674
2,0,0,29,681
2,0,0,30,667
2,0,0,31,658
2,1,0,0,1093
2,1,0,1,1091
2,1,0,2,1083
2,1,0,3,1106
2,1,0,4,1095
2,1,0,5,1110
2,1,0,6,1104
2,1,0,7,1106
2,1,0,8,1086
2,1,0,9,1111
2,1,0,10,1123
2,1,0,11,1082
2,1,0,12,1091
2,1,0,13,1100
2,1,0,14,1087
2,1,0,15,1079
2,1,0,16,1103
2,1,0,17,1088
2,1,0,18,1099
2,1,0,19,1106
2,1,0,20,1095
2,1,0,21,1081
2,1,0,22,1089
2,1,0,23,1077
2,1,0,24,1083
2,1,0,25,1110
2,1,0,26,1108
2,1,0,27,1114
2,1,0,28,1086
2,1,0,29,1099
2,1,0,30,1079
2,1,0,31,1088
2,2,0,0,2044
2,2,0,1,2023
2,2,0,2,2023
2,2,0,3,2031
2,2,0,4,2058
2,2,0,5,2024
2,2,0,6,2053
2,2,0,7,2029
2,2,0,8,2052
2,2,0,9,2043
2,2,0,10,2072
2,2,0,11,2044
2,2,0,12,2054
2,2,0,13,2028
2,2,0,14,2053
2,2,0,15,2058
2,2,0,16,2074
2,2,0,17,2035
2,2,0,18,2050
2,2,0,19,2015
2,2,0,20,2048
2,2,0,21,2054
2,2,0,22,2048
2,2,0,23,2069
2,2,0,24,2062
2,2,0,25,2058
2,2,0,26,2051
2,2,0,27,2033
2,2,0,28,1991
2,2,0,29,2044
2,2,0,30,2033
2,2,0,31,2023
2,3,0,0,2862
2,3,0,1,2882
2,3,0,2,2894
2,3,0,3,2867
2,3,0,4,2901
2,3,0,5,2927
2,3,0,6,2900
2,3,0,7,2883
2,3,0,8,2901
2,3,0,9,2898
2,3,0,10,3220
2,3,0,11,2951
2,3,0,12,2872
2,3,0,13,2895
2,3,0,14,2900
2,3,0,15,2874
2,3,0,16,2896
2,3,0,17,2876
2,3,0,18,2867
2,3,0,19,2934
2,3,0,20,2871
2,3,0,21,2870
2,3,0,22,2894
2,3,0,23,2883
2,3,0,24,2886
2,3,0,25,2915
2,3,0,26,2914
2,3,0,27,2897
2,3,0,28,2856
2,3,0,29,2910
2,3,0,30,2879
2,3,0,31,3062
2,4,0,0,3379
2,4,0,1,3426
2,4,0,2,3428
2,4,0,3,3402
2,4,0,4,3631
2,4,0,5,3401
2,4,0,6,3440
2,4,0,7,3395
2,4,0,8,3410
2,4,0,9,3431
2,4,0,10,3419
2,4,0,11,3422
2,4,0,12,3425
2,4,0,13,3413
2,4,0,14,3427
2,4,0,15,3481
2,4,0,16,3406
2,4,0,17,3409
2,4,0,18,3403
2,4,0,19,3420
2,4,0,20,3416
2,4,0,21,3444
2,4,0,22,3446
2,4,0,23,3417
2,4,0,24,3432
2,4,0,25,3432
2,4,0,26,3425
2,4,0,27,3415
2,4,0,28,3430
2,4,0,29,3393
2,4,0,30,3408
2,4,0,31,3434
2,5,0,0,3646
2,5,0,1,3644
2,5,0,2,3610
2,5,0,3,3624
2,5,0,4,3640
2,5,0,5,3640
2,5,0,6,3690
2,5,0,7,3628
2,5,0,8,3651
2,5,0,9,3617
2,5,0,10,3657
2,5,0,11,3642
2,5,0,12,3611
2,5,0,13,3652
2,5,0,14,3605
2,5,0,15,3625
2,5,0,16,3882
2,5,0,17,3638
2,5,0,18,3610
2,5,0,19,3637
2,5,0,20,3649
2,5,0,21,3637
2,5,0,22,3643
2,5,0,23,3651
2,5,0,24,3623
2,5,0,25,3639
2,5,0,26,3629
2,5,0,27,3620
2,5,0,28,3608
2,5,0,29,3671
2,5,0,30,3603
2,5,0,31,3664
2,6,0,0,15648
2,6,0,1,15371
2,6,0,2,15641
2,6,0,3,15595
2,6,0,4,15336
2,6,0,5,15428
2,6,0,6,15564
2,6,0,7,15662
2,6,0,8,15465
2,6,0,9,15441
2,6,0,10,15471
2,6,0,11,15602
2,6,0,12,15623
2,6,0,13,15590
2,6,0,14,15410
2,6,0,15,15445
2,6,0,16,15700
2,6,0,17,15425
2,6,0,18,15541
2,6,0,19,15375
2,6,0,20,15415
2,6,0,21,15627
2,6,0,22,15363
2,6,0,23,15350
2,6,0,24,15365
2,6,0,25,15427
2,6,0,26,15651
2,6,0,27,15581
2,6,0,28,15547
2,6,0,29,15614
2,6,0,30,15631
2,6,0,31,15754
2,7,0,0,15761
2,7,0,1,15745
2,7,0,2,15584
2,7,0,3,15551
2,7,0,4,15839
2,7,0,5,15587
2,7,0,6,15604
2,7,0,7,15715
2,7,0,8,15608
2,7,0,9,15864
2,7,0,10,15578
2,7,0,11,15531
2,7,0,12,15748
2,7,0,13,15742
2,7,0,14,15860
2,7,0,15,15547
2,7,0,16,15580
2,7,0,17,15795
2,7,0,18,15791
2,7,0,19,15613
2,7,0,20,15543
2,7,0,21,15736
2,7,0,22,15547
2,7,0,23,15558
2,7,0,24,15591
2,7,0,25,15491
2,7,0,26,15756
2,7,0,27,15870
2,7,0,28,15842
2,7,0,29,15831
2,7,0,30,15819
2,7,0,31,15624
2,8,0,0,18247
2,8,0,1,17899
2,8,0,2,17951
2,8,0,3,18185
2,8,0,4,18738
2,8,0,5,18268
2,8,0,6,18255
2,8,0,7,18261
2,8,0,8,18081
2,8,0,9,18241
2,8,0,10,18147
2,8,0,11,18029
2,8,0,12,18444
2,8,0,13,18184
2,8,0,14,18184
2,8,0,15,17846
2,8,0,16,18398
2,8,0,17,17928
2,8,0,18,17948
2,8,0,19,17978
2,8,0,20,17979
2,8,0,21,17903
2,8,0,22,17952
2,8,0,23,18290
2,8,0,24,18223
2,8,0,25,18189
2,8,0,26,18259
2,8,0,27,17849
2,8,0,28,17907
2,8,0,29,18182
2,8,0,30,17901
2,8,0,31,18097
2,9,0,0,19089
2,9,0,1,18860
2,9,0,2,18717
2,9,0,3,19077
2,9,0,4,19069
2,9,0,5,19143
2,9,0,6,19172
2,9,0,7,18846
2,9,0,8,18783
2,9,0,9,18819
2,9,0,10,18777
2,9,0,11,18815
2,9,0,12,19024
2,9,0,13,18712
2,9,0,14,18819
2,9,0,15,19013
2,9,0,16,19175
2,9,0,17,18711
2,9,0,18,19001
2,9,0,19,19047
2,9,0,20,18974
2,9,0,21,18698
2,9,0,22,18730
2,9,0,23,18958
2,9,0,24,18779
2,9,0,25,19478
2,9,0,26,19138
2,9,0,27,18965
2,9,0,28,19285
2,9,0,29,19114
2,9,0,30,19049
2,9,0,31,19126
2,10,0,0,19844
2,10,0,1,19546
2,10,0,2,19577
2,10,0,3,19526
2,10,0,4,19585
2,10,0,5,19440
2,10,0,6,19504
2,10,0,7,19468
2,10,0,8,19858
2,10,0,9,19575
2,10,0,10,19753
2,10,0,11,19468
2,10,0,12,20100
2,10,0,13,20048
2,10,0,14,19501
2,10,0,15,19478
2,10,0,16,19470
2,10,0,17,19551
2,10,0,18,19832
2,10,0,19,19798
2,10,0,20,19461
2,10,0,21,19556
2,10,0,22,19630
2,10,0,23,19536
2,10,0,24,19544
2,10,0,25,20209
2,10,0,26,19641
2,10,0,27,19951
2,10,0,28,19949
2,10,0,29,19762
2,10,0,30,19528
2,10,0,31,19629
0,9,1,0,21311
0,9,1,1,21185
0,9,1,2,21278
0,9,1,3,21344
0,9,1,4,21520
0,9,1,5,21803
0,9,1,6,21625
0,9,1,7,21561
0,9,1,8,21558
0,9,1,9,21354
0,9,1,10,21673
0,9,1,11,21585
0,9,1,12,21335
0,9,1,13,21601
0,9,1,14,21458
0,9,1,15,21274
0,9,1,16,21346
0,9,1,17,21305
0,9,1,18,21352
0,9,1,19,21434
0,9,1,20,21343
0,9,1,21,21405
0,9,1,22,21604
0,9,1,23,21218
0,9,1,24,21432
0,9,1,25,21528
0,9,1,26,21248
0,9,1,27,21298
0,9,1,28,21243
0,9,1,29,21371
0,9,1,30,21750
0,9,1,31,21613
0,8,1,0,21431
0,8,1,1,21053
0,8,1,2,21132
0,8,1,3,21402
0,8,1,4,21170
0,8,1,5,21104
0,8,1,6,21115
0,8,1,7,21355
0,8,1,8,21468
0,8,1,9,21335
0,8,1,10,21288
0,8,1,11,21362
0,8,1,12,21093
0,8,1,13,21165
0,8,1,14,21252
0,8,1,15,21566
0,8,1,16,21098
0,8,1,17,21215
0,8,1,18,21107
0,8,1,19,21253
0,8,1,20,21257
0,8,1,21,21113
0,8,1,22,21363
0,8,1,23,21405
0,8,1,24,21213
0,8,1,25,21488
0,8,1,26,21357
0,8,1,27,21350
0,8,1,28,21258
0,8,1,29,21409
0,8,1,30,21634
0,8,1,31,21391
0,7,1,0,10501
0,7,1,1,10709
0,7,1,2,10684
0,7,1,3,10530
0,7,1,4,10550
0,7,1,5,10577
0,7,1,6,10624
0,7,1,7,10606
0,7,1,8,10610
0,7,1,9,11180
0,7,1,10,10705
0,7,1,11,10624
0,7,1,12,10769
0,7,1,13,10588
0,7,1,14,10674
0,7,1,15,10640
0,7,1,16,10582
0,7,1,17,10634
0,7,1,18,10509
0,7,1,19,10628
0,7,1,20,10498
0,7,1,21,10627
0,7,1,22,10551
0,7,1,23,10607
0,7,1,24,10559
0,7,1,25,10578
0,7,1,26,10705
0,7,1,27,10559
0,7,1,28,10780
0,7,1,29,10545
0,7,1,30,10648
0,7,1,31,10628
0,6,1,0,9591
0,6,1,1,9620
0,6,1,2,9680
0,6,1,3,9594
0,6,1,4,9630
0,6,1,5,9629
0,6,1,6,9626
0,6,1,7,9714
0,6,1,8,9686
0,6,1,9,9709
0,6,1,10,9687
0,6,1,11,9586
0,6,1,12,9662
0,6,1,13,9643
0,6,1,14,9719
0,6,1,15,9692
0,6,1,16,9633
0,6,1,17,9695
0,6,1,18,9656
0,6,1,19,9627
0,6,1,20,9693
0,6,1,21,9576
0,6,1,22,9665
0,6,1,23,9576
0,6,1,24,9727
0,6,1,25,9529
0,6,1,26,9683
0,6,1,27,9705
0,6,1,28,9653
0,6,1,29,9776
0,6,1,30,9704
0,6,1,31,9706
0,5,1,0,8841
0,5,1,1,8807
0,5,1,2,8909
0,5,1,3,8888
0,5,1,4,8981
0,5,1,5,8882
0,5,1,6,8948
0,5,1,7,8810
0,5,1,8,8908
0,5,1,9,8963
0,5,1,10,8843
0,5,1,11,9005
0,5,1,12,8912
0,5,1,13,8870
0,5,1,14,8902
0,5,1,15,8935
0,5,1,16,9001
0,5,1,17,8921
0,5,1,18,8902
0,5,1,19,8893
0,5,1,20,8943
0,5,1,21,8890
0,5,1,22,8943
0,5,1,23,8862
0,5,1,24,8838
0,5,1,25,8884
0,5,1,26,8941
0,5,1,27,8941
0,5,1,28,8806
0,5,1,29,8814
0,5,1,30,9141
0,5,1,31,8996
0,4,1,0,7939
0,4,1,1,7855
0,4,1,2,7866
0,4,1,3,7932
0,4,1,4,7946
0,4,1,5,7856
0,4,1,6,7915
0,4,1,7,7847
0,4,1,8,7881
0,4,1,9,7895
0,4,1,10,7873
0,4,1,11,7842
0,4,1,12,7857
0,4,1,13,7847
0,4,1,14,7851
0,4,1,15,7767
0,4,1,16,7869
0,4,1,17,7856
0,4,1,18,7922
0,4,1,19,7785
0,4,1,20,7800
0,4,1,21,7732
0,4,1,22,7817
0,4,1,23,7726
0,4,1,24,7877
0,4,1,25,7891
0,4,1,26,7890
0,4,1,27,7830
0,4,1,28,7749
0,4,1,29,7850
0,4,1,30,7920
0,4,1,31,7808
0,3,1,0,7128
0,3,1,1,7193
0,3,1,2,7078
0,3,1,3,7148
0,3,1,4,7115
0,3,1,5,7200
0,3,1,6,7121
0,3,1,7,7140
0,3,1,8,7142
0,3,1,9,7104
0,3,1,10,7166
0,3,1,11,7122
0,3,1,12,7099
0,3,1,13,7134
0,3,1,14,7122
0,3,1,15,7066
0,3,1,16,7036
0,3,1,17,7081
0,3,1,18,7180
0,3,1,19,7049
0,3,1,20,7122
0,3,1,21,7141
0,3,1,22,7114
0,3,1,23,7132
0,3,1,24,7069
0,3,1,25,7202
0,3,1,26,7138
0,3,1,27,7158
0,3,1,28,7096
0,3,1,29,7094
0,3,1,30,7053
0,3,1,31,7099
0,2,1,0,4536
0,2,1,1,4526
0,2,1,2,4591
0,2,1,3,4597
0,2,1,4,4593
0,2,1,5,4586
0,2,1,6,4625
0,2,1,7,4556
0,2,1,8,4749
0,2,1,9,4588
0,2,1,10,4644
0,2,1,11,4555
0,2,1,12,4610
0,2,1,13,4579
0,2,1,14,4583
0,2,1,15,4577
0,2,1,16,4604
0,2,1,17,4606
0,2,1,18,5001
0,2,1,19,4657
0,2,1,20,4626
0,2,1,21,4567
0,2,1,22,4596
0,2,1,23,4559
0,2,1,24,4563
0,2,1,25,4608
0,2,1,26,4555
0,2,1,27,4593
0,2,1,28,4639
0,2,1,29,4601
0,2,1,30,4584
0,2,1,31,4575
0,1,1,0,3519
0,1,1,1,3500
0,1,1,2,3511
0,1,1,3,3508
0,1,1,4,3576
0,1,1,5,3569
0,1,1,6,3548
0,1,1,7,3545
0,1,1,8,3545
0,1,1,9,3564
0,1,1,10,3513
0,1,1,11,3555
0,1,1,12,3550
0,1,1,13,3573
0,1,1,14,3578
0,1,1,15,3563
0,1,1,16,3532
0,1,1,17,3512
0,1,1,18,3573
0,1,1,19,3507
0,1,1,20,3572
0,1,1,21,3514
0,1,1,22,3546
0,1,1,23,3575
0,1,1,24,3529
0,1,1,25,3534
0,1,1,26,3528
0,1,1,27,3549
0,1,1,28,3560
0,1,1,29,3491
0,1,1,30,3546
0,1,1,31,3553
0,0,1,0,2816
0,0,1,1,2784
0,0,1,2,2819
0,0,1,3,2789
0,0,1,4,2809
0,0,1,5,2794
0,0,1,6,2809
0,0,1,7,2809
0,0,1,8,2759
0,0,1,9,2785
0,0,1,10,2762
0,0,1,11,2773
0,0,1,12,2757
0,0,1,13,2784
0,0,1,14,2804
0,0,1,15,2769
0,0,1,16,2776
0,0,1,17,2778
0,0,1,18,2769
0,0,1,19,2801
0,0,1,20,2784
0,0,1,21,2813
0,0,1,22,2797
0,0,1,23,2791
0,0,1,24,2715
0,0,1,25,2768
0,0,1,26,2796
0,0,1,27,2806
0,0,1,28,2828
0,0,1,29,2777
0,0,1,30,2787
0,0,1,31,2804
1,9,1,0,28067
1,9,1,1,28468
1,9,1,2,28406
1,9,1,3,28386
1,9,1,4,28430
1,9,1,5,28387
1,9,1,6,28267
1,9,1,7,28431
1,9,1,8,28204
1,9,1,9,28173
1,9,1,10,28296
1,9,1,11,28138
1,9,1,12,28401
1,9,1,13,28174
1,9,1,14,27982
1,9,1,15,28015
1,9,1,16,27990
1,9,1,17,28039
1,9,1,18,28460
1,9,1,19,28307
1,9,1,20,28364
1,9,1,21,28319
1,9,1,22,27990
1,9,1,23,27956
1,9,1,24,28076
1,9,1,25,28178
1,9,1,26,28233
1,9,1,27,28154
1,9,1,28,28089
1,9,1,29,28127
1,9,1,30,28146
1,9,1,31,28452
1,8,1,0,28383
1,8,1,1,28283
1,8,1,2,28062
1,8,1,3,28263
1,8,1,4,28062
1,8,1,5,28254
1,8,1,6,28282
1,8,1,7,28255
1,8,1,8,28294
1,8,1,9,28696
1,8,1,10,28053
1,8,1,11,28098
1,8,1,12,28399
1,8,1,13,28277
1,8,1,14,28431
1,8,1,15,28331
1,8,1,16,27905
1,8,1,17,28356
1,8,1,18,28317
1,8,1,19,27914
1,8,1,20,28398
1,8,1,21,28233
1,8,1,22,28302
1,8,1,23,28313
1,8,1,24,28329
1,8,1,25,28403
1,8,1,26,28333
1,8,1,27,28021
1,8,1,28,28044
1,8,1,29,28300
1,8,1,30,27797
1,8,1,31,28341
1,7,1,0,28037
1,7,1,1,28155
1,7,1,2,28206
1,7,1,3,28119
1,7,1,4,28052
1,7,1,5,28016
1,7,1,6,28120
1,7,1,7,28139
1,7,1,8,28086
1,7,1,9,27916
1,7,1,10,28103
1,7,1,11,28085
1,7,1,12,28182
1,7,1,13,28012
1,7,1,14,28118
1,7,1,15,28125
1,7,1,16,28009
1,7,1,17,28040
1,7,1,18,27637
1,7,1,19,28021
1,7,1,20,28181
1,7,1,21,28122
1,7,1,22,27970
1,7,1,23,28054
1,7,1,24,28007
1,7,1,25,28055
1,7,1,26,28115
1,7,1,27,27951
1,7,1,28,28201
1,7,1,29,27899
1,7,1,30,28013
1,7,1,31,28038
1,6,1,0,27429
1,6,1,1,27548
1,6,1,2,27936
1,6,1,3,27299
1,6,1,4,27579
1,6,1,5,27413
1,6,1,6,27488
1,6,1,7,27517
1,6,1,8,27479
1,6,1,9,27510
1,6,1,10,26967
1,6,1,11,27389
1,6,1,12,27228
1,6,1,13,27386
1,6,1,14,27476
1,6,1,15,27135
1,6,1,16,27284
1,6,1,17,27546
1,6,1,18,27350
1,6,1,19,27557
1,6,1,20,27572
1,6,1,21,27607
1,6,1,22,27525
1,6,1,23,27522
1,6,1,24,27787
1,6,1,25,27436
1,6,1,26,27613
1,6,1,27,27408
1,6,1,28,27208
1,6,1,29,27589
1,6,1,30,27574
1,6,1,31,27259
1,5,1,0,26775
1,5,1,1,26732
1,5,1,2,26479
1,5,1,3,26798
1,5,1,4,26852
1,5,1,5,26794
1,5,1,6,26881
1,5,1,7,26811
1,5,1,8,26771
1,5,1,9,26728
1,5,1,10,26820
1,5,1,11,26577
1,5,1,12,26845
1,5,1,13,26788
1,5,1,14,26808
1,5,1,15,26803
1,5,1,16,26485
1,5,1,17,26887
1,5,1,18,26832
1,5,1,19,26835
1,5,1,20,26728
1,5,1,21,26803
1,5,1,22,26790
1,5,1,23,26842
1,5,1,24,26797
1,5,1,25,26822
1,5,1,26,26793
1,5,1,27,26807
1,5,1,28,26858
1,5,1,29,26720
1,5,1,30,26815
1,5,1,31,26657
1,4,1,0,26280
1,4,1,1,26637
1,4,1,2,26599
1,4,1,3,26755
1,4,1,4,26562
1,4,1,5,26715
1,4,1,6,26423
1,4,1,7,26699
1,4,1,8,26646
1,4,1,9,26603
1,4,1,10,26607
1,4,1,11,26733
1,4,1,12,26657
1,4,1,13,26665
1,4,1,14,26666
1,4,1,15,26558
1,4,1,16,26575
1,4,1,17,26589
1,4,1,18,26757
1,4,1,19,26644
1,4,1,20,26759
1,4,1,21,26712
1,4,1,22,26734
1,4,1,23,26749
1,4,1,24,26736
1,4,1,25,26611
1,4,1,26,26673
1,4,1,27,26733
1,4,1,28,26650
1,4,1,29,26802
1,4,1,30,26574
1,4,1,31,26683
1,3,1,0,14725
1,3,1,1,14500
1,3,1,2,14426
1,3,1,3,14729
1,3,1,4,14631
1,3,1,5,14694
1,3,1,6,14720
1,3,1,7,14693
1,3,1,8,14641
1,3,1,9,14699
1,3,1,10,14707
1,3,1,11,14739
1,3,1,12,14654
1,3,1,13,14396
1,3,1,14,14644
1,3,1,15,14679
1,3,1,16,14636
1,3,1,17,14442
1,3,1,18,14630
1,3,1,19,14626
1,3,1,20,14761
1,3,1,21,14701
1,3,1,22,14709
1,3,1,23,14569
1,3,1,24,14493
1,3,1,25,14427
1,3,1,26,14707
1,3,1,27,14693
1,3,1,28,14692
1,3,1,29,14605
1,3,1,30,14658
1,3,1,31,14714
1,2,1,0,14460
1,2,1,1,14493
1,2,1,2,14427
1,2,1,3,14494
1,2,1,4,14440
1,2,1,5,14468
1,2,1,6,14442
1,2,1,7,14254
1,2,1,8,14441
1,2,1,9,14517
1,2,1,10,14458
1,2,1,11,14499
1,2,1,12,14471
1,2,1,13,14438
1,2,1,14,14483
1,2,1,15,14234
1,2,1,16,14470
1,2,1,17,14214
1,2,1,18,14599
1,2,1,19,14507
1,2,1,20,14312
1,2,1,21,14414
1,2,1,22,14202
1,2,1,23,14458
1,2,1,24,14316
1,2,1,25,14533
1,2,1,26,14529
1,2,1,27,14420
1,2,1,28,14213
1,2,1,29,14528
1,2,1,30,14505
1,2,1,31,14378
1,1,1,0,13670
1,1,1,1,13666
1,1,1,2,13697
1,1,1,3,13483
1,1,1,4,13687
1,1,1,5,13713
1,1,1,6,13749
1,1,1,7,13671
1,1,1,8,13680
1,1,1,9,13683
1,1,1,10,13700
1,1,1,11,13680
1,1,1,12,13568
1,1,1,13,13675
1,1,1,14,13595
1,1,1,15,13658
1,1,1,16,13666
1,1,1,17,13720
1,1,1,18,13761
1,1,1,19,13547
1,1,1,20,13527
1,1,1,21,13712
1,1,1,22,13463
1,1,1,23,13721
1,1,1,24,13887
1,1,1,25,13636
1,1,1,26,13641
1,1,1,27,13694
1,1,1,28,13718
1,1,1,29,13635
1,1,1,30,13710
1,1,1,31,13727
1,0,1,0,357
1,0,1,1,362
1,0,1,2,359
1,0,1,3,364
1,0,1,4,362
1,0,1,5,367
1,0,1,6,366
1,0,1,7,364
1,0,1,8,370
1,0,1,9,364
1,0,1,10,365
1,0,1,11,352
1,0,1,12,360
1,0,1,13,361
1,0,1,14,357
1,0,1,15,357
1,0,1,16,365
1,0,1,17,383
1,0,1,18,363
1,0,1,19,353
1,0,1,20,353
1,0,1,21,373
1,0,1,22,377
1,0,1,23,367
1,0,1,24,358
1,0,1,25,371
1,0,1,26,362
1,0,1,27,366
1,0,1,28,360
1,0,1,29,366
1,0,1,30,367
1,0,1,31,370
2,10,1,0,19644
2,10,1,1,19507
2,10,1,2,19522
2,10,1,3,19423
2,10,1,4,19449
2,10,1,5,19519
2,10,1,6,19843
2,10,1,7,19753
2,10,1,8,19740
2,10,1,9,20019
2,10,1,10,20289
2,10,1,11,19614
2,10,1,12,19844
2,10,1,13,19787
2,10,1,14,19783
2,10,1,15,19841
2,10,1,16,19833
2,10,1,17,19552
2,10,1,18,19641
2,10,1,19,19825
2,10,1,20,19768
2,10,1,21,19619
2,10,1,22,19802
2,10,1,23,19594
2,10,1,24,19806
2,10,1,25,19868
2,10,1,26,19826
2,10,1,27,19628
2,10,1,28,19786
2,10,1,29,19583
2,10,1,30,19461
2,10,1,31,19528
2,9,1,0,19041
2,9,1,1,19152
2,9,1,2,19089
2,9,1,3,19095
2,9,1,4,18790
2,9,1,5,18966
2,9,1,6,19054
2,9,1,7,19083
2,9,1,8,18814
2,9,1,9,19193
2,9,1,10,19302
2,9,1,11,18940
2,9,1,12,18997
2,9,1,13,18907
2,9,1,14,18790
2,9,1,15,18890
2,9,1,16,19209
2,9,1,17,19485
2,9,1,18,19118
2,9,1,19,19284
2,9,1,20,18820
2,9,1,21,18773
2,9,1,22,18790
2,9,1,23,18985
2,9,1,24,18752
2,9,1,25,18717
2,9,1,26,18905
2,9,1,27,18800
2,9,1,28,19047
2,9,1,29,19103
2,9,1,30,19161
2,9,1,31,19065
2,8,1,0,17984
2,8,1,1,18028
2,8,1,2,17939
2,8,1,3,17954
2,8,1,4,18061
2,8,1,5,18000
2,8,1,6,17948
2,8,1,7,18076
2,8,1,8,17957
2,8,1,9,18241
2,8,1,10,18300
2,8,1,11,17946
2,8,1,12,17912
2,8,1,13,18315
2,8,1,14,17913
2,8,1,15,17947
2,8,1,16,18265
2,8,1,17,18050
2,8,1,18,17914
2,8,1,19,17859
2,8,1,20,17886
2,8,1,21,18166
2,8,1,22,17927
2,8,1,23,18061
2,8,1,24,17956
2,8,1,25,17866
2,8,1,26,18033
2,8,1,27,18010
2,8,1,28,17996
2,8,1,29,18191
2,8,1,30,18197
2,8,1,31,18222
2,7,1,0,15575
2,7,1,1,15741
2,7,1,2,15635
2,7,1,3,15573
2,7,1,4,15575
2,7,1,5,15783
2,7,1,6,15717
2,7,1,7,15604
2,7,1,8,15576
2,7,1,9,15582
2,7,1,10,15849
2,7,1,11,15729
2,7,1,12,15807
2,7,1,13,15592
2,7,1,14,15826
2,7,1,15,15840
2,7,1,16,15843
2,7,1,17,15817
2,7,1,18,15649
2,7,1,19,15610
2,7,1,20,15758
2,7,1,21,15757
2,7,1,22,15751
2,7,1,23,15834
2,7,1,24,15884
2,7,1,25,15527
2,7,1,26,15850
2,7,1,27,15539
2,7,1,28,15766
2,7,1,29,15707
2,7,1,30,15593
2,7,1,31,15538
2,6,1,0,15623
2,6,1,1,15430
2,6,1,2,15417
2,6,1,3,15397
2,6,1,4,15513
2,6,1,5,15989
2,6,1,6,15619
2,6,1,7,15403
2,6,1,8,15431
2,6,1,9,15410
2,6,1,10,15622
2,6,1,11,15635
2,6,1,12,15676
2,6,1,13,15665
2,6,1,14,15545
2,6,1,15,15654
2,6,1,16,15411
2,6,1,17,15669
2,6,1,18,15635
2,6,1,19,15682
2,6,1,20,15585
2,6,1,21,15647
2,6,1,22,15532
2,6,1,23,15702
2,6,1,24,15642
2,6,1,25,15694
2,6,1,26,15611
2,6,1,27,15600
2,6,1,28,15674
2,6,1,29,15642
2,6,1,30,15551
2,6,1,31,15660
2,5,1,0,3643
2,5,1,1,3644
2,5,1,2,3592
2,5,1,3,3587
2,5,1,4,3635
2,5,1,5,3636
2,5,1,6,3615
2,5,1,7,3628
2,5,1,8,3659
2,5,1,9,3624
2,5,1,10,3626
2,5,1,11,3629
2,5,1,12,3631
2,5,1,13,3630
2,5,1,14,3637
2,5,1,15,3639
2,5,1,16,3614
2,5,1,17,3664
2,5,1,18,3621
2,5,1,19,3661
2,5,1,20,3634
2,5,1,21,3662
2,5,1,22,3617
2,5,1,23,3655
2,5,1,24,3612
2,5,1,25,3650
2,5,1,26,3688
2,5,1,27,3673
2,5,1,28,3643
2,5,1,29,3660
2,5,1,30,3595
2,5,1,31,3705
2,4,1,0,3423
2,4,1,1,3409
2,4,1,2,3401
2,4,1,3,3382
2,4,1,4,3457
2,4,1,5,3403
2,4,1,6,3452
2,4,1,7,3402
2,4,1,8,3402
2,4,1,9,3392
2,4,1,10,3453
2,4,1,11,3405
2,4,1,12,3446
2,4,1,13,3398
2,4,1,14,3394
2,4,1,15,3362
2,4,1,16,3408
2,4,1,17,3411
2,4,1,18,3406
2,4,1,19,3376
2,4,1,20,3399
2,4,1,21,3396
2,4,1,22,3366
2,4,1,23,3404
2,4,1,24,3386
2,4,1,25,3437
2,4,1,26,3455
2,4,1,27,3405
2,4,1,28,3391
2,4,1,29,3449
2,4,1,30,3440
2,4,1,31,3420
2,3,1,0,2879
2,3,1,1,2880
2,3,1,2,2893
2,3,1,3,2887
2,3,1,4,2928
2,3,1,5,2851
2,3,1,6,2894
2,3,1,7,2859
2,3,1,8,2902
2,3,1,9,2896
2,3,1,10,2912
2,3,1,11,2841
2,3,1,12,2868
2,3,1,13,2865
2,3,1,14,2937
2,3,1,15,2877
2,3,1,16,2885
2,3,1,17,2879
2,3,1,18,2882
2,3,1,19,2867
2,3,1,20,2884
2,3,1,21,2886
2,3,1,22,2904
2,3,1,23,2917
2,3,1,24,2905
2,3,1,25,2896
2,3,1,26,2905
2,3,1,27,2903
2,3,1,28,2856
2,3,1,29,2899
2,3,1,30,2858
2,3,1,31,2871
2,2,1,0,2034
2,2,1,1,2054
2,2,1,2,2055
2,2,1,3,2044
2,2,1,4,2037
2,2,1,5,2032
2,2,1,6,2027
2,2,1,7,2047
2,2,1,8,2074
2,2,1,9,2054
2,2,1,10,2048
2,2,1,11,2035
2,2,1,12,2070
2,2,1,13,2087
2,2,1,14,2049
2,2,1,15,2040
2,2,1,16,2068
2,2,1,17,2064
2,2,1,18,2055
2,2,1,19,2035
2,2,1,20,2045
2,2,1,21,2059
2,2,1,22,2037
2,2,1,23,2039
2,2,1,24,2037
2,2,1,25,2038
2,2,1,26,2038
2,2,1,27,2049
2,2,1,28,2022
2,2,1,29,2039
2,2,1,30,2045
2,2,1,31,2037
2,1,1,0,1087
2,1,1,1,1079
2,1,1,2,1084
2,1,1,3,1088
2,1,1,4,1099
2,1,1,5,1087
2,1,1,6,1082
2,1,1,7,1116
2,1,1,8,1111
2,1,1,9,1108
2,1,1,10,1094
2,1,1,11,1088
2,1,1,12,1099
2,1,1,13,1090
2,1,1,14,1099
2,1,1,15,1097
2,1,1,16,1105
2,1,1,17,1085
2,1,1,18,1103
2,1,1,19,1091
2,1,1,20,1074
2,1,1,21,1093
2,1,1,22,1089
2,1,1,23,1089
2,1,1,24,1081
2,1,1,25,1105
2,1,1,26,1107
2,1,1,27,1111
2,1,1,28,1099
2,1,1,29,1080
2,1,1,30,1074
2,1,1,31,1097
2,0,1,0,673
2,0,1,1,665
2,0,1,2,657
2,0,1,3,650
2,0,1,4,658
2,0,1,5,673
2,0,1,6,667
2,0,1,7,668
2,0,1,8,668
2,0,1,9,661
2,0,1,10,652
2,0,1,11,677
2,0,1,12,683
2,0,1,13,652
2,0,1,14,664
2,0,1,15,677
2,0,1,16,681
2,0,1,17,664
2,0,1,18,669
2,0,1,19,649
2,0,1,20,662
2,0,1,21,659
2,0,1,22,671
2,0,1,23,686
2,0,1,24,656
2,0,1,25,664
2,0,1,26,653
2,0,1,27,662
2,0,1,28,668
2,0,1,29,660
2,0,1,30,650
2,0,1,31,656
0,0,2,0,2831
0,0,2,1,2786
0,0,2,2,2790
0,0,2,3,2776
0,0,2,4,2796
0,0,2,5,2700
0,0,2,6,2814
0,0,2,7,2774
0,0,2,8,2806
0,0,2,9,2784
0,0,2,10,2776
0,0,2,11,2799
0,0,2,12,2790
0,0,2,13,2802
0,0,2,14,2788
0,0,2,15,2805
0,0,2,16,2799
0,0,2,17,2846
0,0,2,18,2746
0,0,2,19,2798
0,0,2,20,2826
0,0,2,21,2750
0,0,2,22,2788
0,0,2,23,2769
0,0,2,24,2843
0,0,2,25,2813
0,0,2,26,2829
0,0,2,27,2770
0,0,2,28,2778
0,0,2,29,2794
0,0,2,30,2783
0,0,2,31,2801
0,1,2,0,3556
0,1,2,1,3525
0,1,2,2,3533
0,1,2,3,3528
0,1,2,4,3479
0,1,2,5,3536
0,1,2,6,3500
0,1,2,7,3493
0,1,2,8,3553
0,1,2,9,3552
0,1,2,10,3566
0,1,2,11,3598
0,1,2,12,3486
0,1,2,13,3551
0,1,2,14,3529
0,1,2,15,3543
0,1,2,16,3568
0,1,2,17,3528
0,1,2,18,3512
0,1,2,19,3563
0,1,2,20,3520
0,1,2,21,3486
0,1,2,22,3493
0,1,2,23,3518
0,1,2,24,3543
0,1,2,25,3542
0,1,2,26,3551
0,1,2,27,3527
0,1,2,28,3535
0,1,2,29,3540
0,1,2,30,3525
0,1,2,31,3513
0,2,2,0,4595
0,2,2,1,4592
0,2,2,2,4593
0,2,2,3,4589
0,2,2,4,4593
0,2,2,5,4610
0,2,2,6,4609
0,2,2,7,4614
0,2,2,8,4591
0,2,2,9,4610
0,2,2,10,4486
0,2,2,11,4625
0,2,2,12,4590
0,2,2,13,4580
0,2,2,14,4607
0,2,2,15,4617
0,2,2,16,4585
0,2,2,17,5186
0,2,2,18,4643
0,2,2,19,4625
0,2,2,20,4607
0,2,2,21,4593
0,2,2,22,4593
0,2,2,23,4607
0,2,2,24,4577
0,2,2,25,4573
0,2,2,26,4624
0,2,2,27,4600
0,2,2,28,4587
0,2,2,29,4586
0,2,2,30,4595
0,2,2,31,4613
0,3,2,0,7099
0,3,2,1,7062
0,3,2,2,7093
0,3,2,3,7049
0,3,2,4,7104
0,3,2,5,7011
0,3,2,6,7139
0,3,2,7,7137
0,3,2,8,7090
0,3,2,9,7154
0,3,2,10,7112
0,3,2,11,7165
0,3,2,12,7014
0,3,2,13,7039
0,3,2,14,7137
0,3,2,15,7126
0,3,2,16,7072
0,3,2,17,7049
0,3,2,18,7080
0,3,2,19,7174
0,3,2,20,7140
0,3,2,21,7100
0,3,2,22,7212
0,3,2,23,7174
0,3,2,24,7150
0,3,2,25,7135
0,3,2,26,7123
0,3,2,27,7180
0,3,2,28,6987
0,3,2,29,7124
0,3,2,30,7137
0,3,2,31,7099
0,4,2,0,7773
0,4,2,1,7930
0,4,2,2,7876
0,4,2,3,7966
0,4,2,4,7857
0,4,2,5,7929
0,4,2,6,7949
0,4,2,7,7899
0,4,2,8,7793
0,4,2,9,7854
0,4,2,10,7893
0,4,2,11,7964
0,4,2,12,7904
0,4,2,13,7893
0,4,2,14,7836
0,4,2,15,7772
0,4,2,16,7877
0,4,2,17,7900
0,4,2,18,7863
0,4,2,19,7983
0,4,2,20,7911
0,4,2,21,7987
0,4,2,22,7932
0,4,2,23,7750
0,4,2,24,7790
0,4,2,25,7914
0,4,2,26,7885
0,4,2,27,7695
0,4,2,28,7823
0,4,2,29,7815
0,4,2,30,7810
0,4,2,31,7877
0,5,2,0,8911
0,5,2,1,8945
0,5,2,2,8947
0,5,2,3,8905
0,5,2,4,8916
0,5,2,5,8934
0,5,2,6,8982
0,5,2,7,8974
0,5,2,8,8967
0,5,2,9,8865
0,5,2,10,8968
0,5,2,11,8970
0,5,2,12,8958
0,5,2,13,8889
0,5,2,14,8935
0,5,2,15,8808
0,5,2,16,8966
0,5,2,17,8923
0,5,2,18,8891
0,5,2,19,8919
0,5,2,20,8987
0,5,2,21,8964
0,5,2,22,8914
0,5,2,23,8957
0,5,2,24,8883
0,5,2,25,8849
0,5,2,26,8956
0,5,2,27,8809
0,5,2,28,8970
0,5,2,29,8869
0,5,2,30,8931
0,5,2,31,8916
0,6,2,0,9516
0,6,2,1,9674
0,6,2,2,9669
0,6,2,3,9625
0,6,2,4,9704
0,6,2,5,9683
0,6,2,6,9671
0,6,2,7,9603
0,6,2,8,9663
0,6,2,9,9686
0,6,2,10,9666
0,6,2,11,9582
0,6,2,12,9611
0,6,2,13,9604
0,6,2,14,9709
0,6,2,15,9502
0,6,2,16,9658
0,6,2,17,9659
0,6,2,18,9707
0,6,2,19,9736
0,6,2,20,9665
0,6,2,21,9700
0,6,2,22,9665
0,6,2,23,9777
0,6,2,24,9714
0,6,2,25,9692
0,6,2,26,9687
0,6,2,27,9600
0,6,2,28,9708
0,6,2,29,9634
0,6,2,30,9563
0,6,2,31,9548
0,7,2,0,10630
0,7,2,1,10580
0,7,2,2,10609
0,7,2,3,10573
0,7,2,4,10662
0,7,2,5,10537
0,7,2,6,10663
0,7,2,7,10635
0,7,2,8,10642
0,7,2,9,10588
0,7,2,10,10620
0,7,2,11,10499
0,7,2,12,10607
0,7,2,13,10742
0,7,2,14,10497
0,7,2,15,10699
0,7,2,16,10639
0,7,2,17,10700
0,7,2,18,10671
0,7,2,19,10582
0,7,2,20,10594
0,7,2,21,10618
0,7,2,22,10635
0,7,2,23,10756
0,7,2,24,11040
0,7,2,25,10641
0,7,2,26,10638
0,7,2,27,10669
0,7,2,28,10639
0,7,2,29,10649
0,7,2,30,10635
0,7,2,31,10786
0,8,2,0,21387
0,8,2,1,21305
0,8,2,2,21384
0,8,2,3,21460
0,8,2,4,21249
0,8,2,5,21223
0,8,2,6,21267
0,8,2,7,21398
0,8,2,8,21343
0,8,2,9,21404
0,8,2,10,21219
0,8,2,11,21227
0,8,2,12,21394
0,8,2,13,21405
0,8,2,14,21493
0,8,2,15,21367
0,8,2,16,21220
0,8,2,17,21251
0,8,2,18,21382
0,8,2,19,21361
0,8,2,20,21165
0,8,2,21,21197
0,8,2,22,21222
0,8,2,23,21390
0,8,2,24,21039
0,8,2,25,21250
0,8,2,26,21430
0,8,2,27,21238
0,8,2,28,21224
0,8,2,29,21363
0,8,2,30,21435
0,8,2,31,21134
0,9,2,0,21363
0,9,2,1,21197
0,9,2,2,21348
0,9,2,3,21373
0,9,2,4,21259
0,9,2,5,21630
0,9,2,6,21339
0,9,2,7,21259
0,9,2,8,21318
0,9,2,9,21391
0,9,2,10,21675
0,9,2,11,21399
0,9,2,12,21310
0,9,2,13,21187
0,9,2,14,21438
0,9,2,15,21299
0,9,2,16,21391
0,9,2,17,21301
0,9,2,18,21582
0,9,2,19,21885
0,9,2,20,21139
0,9,2,21,21196
0,9,2,22,21394
0,9,2,23,21379
0,9,2,24,21344
0,9,2,25,21466
0,9,2,26,21324
0,9,2,27,21311
0,9,2,28,21669
0,9,2,29,21169
0,9,2,30,21317
0,9,2,31,21376
1,0,2,0,401
1,0,2,1,357
1,0,2,2,364
1,0,2,3,351
1,0,2,4,362
1,0,2,5,370
1,0,2,6,373
1,0,2,7,372
1,0,2,8,374
1,0,2,9,372
1,0,2,10,371
1,0,2,11,369
1,0,2,12,366
1,0,2,13,375
1,0,2,14,365
1,0,2,15,378
1,0,2,16,377
1,0,2,17,364
1,0,2,18,368
1,0,2,19,373
1,0,2,20,360
1,0,2,21,374
1,0,2,22,371
1,0,2,23,366
1,0,2,24,351
1,0,2,25,380
1,0,2,26,377
1,0,2,27,370
1,0,2,28,374
1,0,2,29,379
1,0,2,30,378
1,0,2,31,360
1,1,2,0,13505
1,1,2,1,13690
1,1,2,2,13751
1,1,2,3,13977
1,1,2,4,13785
1,1,2,5,13831
1,1,2,6,13407
1,1,2,7,13422
1,1,2,8,13562
1,1,2,9,13480
1,1,2,10,13491
1,1,2,11,13967
1,1,2,12,14151
1,1,2,13,13648
1,1,2,14,13733
1,1,2,15,13845
1,1,2,16,13688
1,1,2,17,13771
1,1,2,18,13650
1,1,2,19,13659
1,1,2,20,13722
1,1,2,21,13730
1,1,2,22,13715
1,1,2,23,13671
1,1,2,24,13700
1,1,2,25,13689
1,1,2,26,13703
1,1,2,27,13455
1,1,2,28,13475
1,1,2,29,13818
1,1,2,30,13708
1,1,2,31,13482
1,2,2,0,14512
1,2,2,1,14459
1,2,2,2,14501
1,2,2,3,14483
1,2,2,4,14412
1,2,2,5,14540
1,2,2,6,14484
1,2,2,7,14480
1,2,2,8,14222
1,2,2,9,14493
1,2,2,10,14501
1,2,2,11,14532
1,2,2,12,14443
1,2,2,13,14428
1,2,2,14,14457
1,2,2,15,14214
1,2,2,16,14336
1,2,2,17,14218
1,2,2,18,14193
1,2,2,19,14446
1,2,2,20,14485
1,2,2,21,14257
1,2,2,22,14404
1,2,2,23,14225
1,2,2,24,14357
1,2,2,25,14492
1,2,2,26,14520
1,2,2,27,14450
1,2,2,28,14536
1,2,2,29,14183
1,2,2,30,14476
1,2,2,31,14416
1,3,2,0,14422
1,3,2,1,14627
1,3,2,2,14712
1,3,2,3,14678
1,3,2,4,14674
1,3,2,5,14703
1,3,2,6,14704
1,3,2,7,14650
1,3,2,8,14449
1,3,2,9,14687
1,3,2,10,14411
1,3,2,11,14675
1,3,2,12,14388
1,3,2,13,14727
1,3,2,14,14685
1,3,2,15,14738
1,3,2,16,14599
1,3,2,17,14444
1,3,2,18,14654
1,3,2,19,14676
1,3,2,20,14630
1,3,2,21,14722
1,3,2,22,14708
1,3,2,23,14663
1,3,2,24,14673
1,3,2,25,14703
1,3,2,26,14683
1,3,2,27,14665
1,3,2,28,14635
1,3,2,29,14727
1,3,2,30,14664
1,3,2,31,14716
1,4,2,0,26646
1,4,2,1,26637
1,4,2,2,26665
1,4,2,3,26721
1,4,2,4,26646
1,4,2,5,26692
1,4,2,6,26520
1,4,2,7,27181
1,4,2,8,26358
1,4,2,9,26575
1,4,2,10,26475
1,4,2,11,26775
1,4,2,12,26492
1,4,2,13,26419
1,4,2,14,26452
1,4,2,15,26660
1,4,2,16,26675
1,4,2,17,26396
1,4,2,18,26187
1,4,2,19,26417
1,4,2,20,26419
1,4,2,21,26754
1,4,2,22,26152
1,4,2,23,26252
1,4,2,24,26232
1,4,2,25,26329
1,4,2,26,26422
1,4,2,27,26673
1,4,2,28,26655
1,4,2,29,26722
1,4,2,30,26283
1,4,2,31,26643
1,5,2,0,26736
1,5,2,1,26730
1,5,2,2,26704
1,5,2,3,26833
1,5,2,4,26644
1,5,2,5,26566
1,5,2,6,26862
1,5,2,7,26836
1,5,2,8,26839
1,5,2,9,26826
1,5,2,10,26854
1,5,2,11,26755
1,5,2,12,26868
1,5,2,13,26763
1,5,2,14,26774
1,5,2,15,26842
1,5,2,16,26845
1,5,2,17,26706
1,5,2,18,26793
1,5,2,19,26889
1,5,2,20,26485
1,5,2,21,26791
1,5,2,22,26845
1,5,2,23,26765
1,5,2,24,26577
1,5,2,25,26905
1,5,2,26,26816
1,5,2,27,26890
1,5,2,28,26310
1,5,2,29,26512
1,5,2,30,26767
1,5,2,31,26701
1,6,2,0,27273
1,6,2,1,27478
1,6,2,2,27517
1,6,2,3,27678
1,6,2,4,27054
1,6,2,5,27296
1,6,2,6,27439
1,6,2,7,27018
1,6,2,8,27457
1,6,2,9,27014
1,6,2,10,27140
1,6,2,11,27474
1,6,2,12,27071
1,6,2,13,27216
1,6,2,14,27512
1,6,2,15,27363
1,6,2,16,27242
1,6,2,17,27222
1,6,2,18,27238
1,6,2,19,27306
1,6,2,20,27491
1,6,2,21,27176
1,6,2,22,27270
1,6,2,23,27115
1,6,2,24,27238
1,6,2,25,27262
1,6,2,26,27071
1,6,2,27,27405
1,6,2,28,27334
1,6,2,29,26983
1,6,2,30,27321
1,6,2,31,27422
1,7,2,0,28071
1,7,2,1,27916
1,7,2,2,28132
1,7,2,3,28145
1,7,2,4,28104
1,7,2,5,27742
1,7,2,6,27836
1,7,2,7,27937
1,7,2,8,27858
1,7,2,9,28030
1,7,2,10,28094
1,7,2,11,27791
1,7,2,12,27785
1,7,2,13,27818
1,7,2,14,27582
1,7,2,15,28044
1,7,2,16,28033
1,7,2,17,28130
1,7,2,18,27975
1,7,2,19,27931
1,7,2,20,28133
1,7,2,21,27923
1,7,2,22,28168
1,7,2,23,28021
1,7,2,24,28100
1,7,2,25,28082
1,7,2,26,28174
1,7,2,27,28142
1,7,2,28,28108
1,7,2,29,28185
1,7,2,30,28114
1,7,2,31,28073
1,8,2,0,28284
1,8,2,1,28308
1,8,2,2,27939
1,8,2,3,28363
1,8,2,4,28292
1,8,2,5,28459
1,8,2,6,28357
1,8,2,7,27971
1,8,2,8,28329
1,8,2,9,28262
1,8,2,10,28415
1,8,2,11,28354
1,8,2,12,28331
1,8,2,13,28210
1,8,2,14,28408
1,8,2,15,28421
1,8,2,16,28336
1,8,2,17,28412
1,8,2,18,27833
1,8,2,19,28371
1,8,2,20,28379
1,8,2,21,28331
1,8,2,22,28366
1,8,2,23,28349
1,8,2,24,28285
1,8,2,25,27920
1,8,2,26,28205
1,8,2,27,28296
1,8,2,28,27907
1,8,2,29,28351
1,8,2,30,28325
1,8,2,31,28286
1,9,2,0,28166
1,9,2,1,28236
1,9,2,2,28508
1,9,2,3,28374
1,9,2,4,28368
1,9,2,5,28372
1,9,2,6,28450
1,9,2,7,28528
1,9,2,8,28389
1,9,2,9,28025
1,9,2,10,28473
1,9,2,11,28317
1,9,2,12,28485
1,9,2,13,28359
1,9,2,14,28387
1,9,2,15,28374
1,9,2,16,28421
1,9,2,17,27965
1,9,2,18,27935
1,9,2,19,27989
1,9,2,20,28321
1,9,2,21,28307
1,9,2,22,28436
1,9,2,23,28396
1,9,2,24,28467
1,9,2,25,28424
1,9,2,26,28874
1,9,2,27,28314
1,9,2,28,28320
1,9,2,29,28424
1,9,2,30,28009
1,9,2,31,28561
2,0,2,0,704
2,0,2,1,665
2,0,2,2,664
2,0,2,3,667
2,0,2,4,659
2,0,2,5,683
2,0,2,6,679
2,0,2,7,667
2,0,2,8,679
2,0,2,9,686
2,0,2,10,669
2,0,2,11,660
2,0,2,12,675
2,0,2,13,678
2,0,2,14,671
2,0,2,15,666
2,0,2,16,674
2,0,2,17,662
2,0,2,18,655
2,0,2,19,652
2,0,2,20,664
2,0,2,21,666
2,0,2,22,673
2,0,2,23,665
2,0,2,24,664
2,0,2,25,674
2,0,2,26,682
2,0,2,27,670
2,0,2,28,667
2,0,2,29,661
2,0,2,30,670
2,0,2,31,669
2,1,2,0,1138
2,1,2,1,1113
2,1,2,2,1078
2,1,2,3,1074
2,1,2,4,1092
2,1,2,5,1085
2,1,2,6,1093
2,1,2,7,1078
2,1,2,8,1090
2,1,2,9,1117
2,1,2,10,1101
2,1,2,11,1108
2,1,2,12,1076
2,1,2,13,1097
2,1,2,14,1079
2,1,2,15,1116
2,1,2,16,1088
2,1,2,17,1112
2,1,2,18,1093
2,1,2,19,1085
2,1,2,20,1110
2,1,2,21,1101
2,1,2,22,1090
2,1,2,23,1097
2,1,2,24,1096
2,1,2,25,1083
2,1,2,26,1099
2,1,2,27,1108
2,1,2,28,1090
2,1,2,29,1106
2,1,2,30,1098
2,1,2,31,1104
2,2,2,0,2082
2,2,2,1,2073
2,2,2,2,2049
2,2,2,3,2049
2,2,2,4,2049
2,2,2,5,2008
2,2,2,6,2030
2,2,2,7,2038
2,2,2,8,2044
2,2,2,9,2026
2,2,2,10,2045
2,2,2,11,2059
2,2,2,12,2026
2,2,2,13,2043
2,2,2,14,2046
2,2,2,15,2045
2,2,2,16,2057
2,2,2,17,2028
2,2,2,18,2057
2,2,2,19,2040
2,2,2,20,2064
2,2,2,21,2060
2,2,2,22,2026
2,2,2,23,2045
2,2,2,24,2072
2,2,2,25,2072
2,2,2,26,2062
2,2,2,27,2026
2,2,2,28,2062
2,2,2,29,2084
2,2,2,30,2043
2,2,2,31,2028
2,3,2,0,2940
2,3,2,1,2843
2,3,2,2,2875
2,3,2,3,2920
2,3,2,4,2907
2,3,2,5,2907
2,3,2,6,2881
2,3,2,7,2905
2,3,2,8,2879
2,3,2,9,2892
2,3,2,10,2887
2,3,2,11,2850
2,3,2,12,2867
2,3,2,13,2940
2,3,2,14,2921
2,3,2,15,2862
2,3,2,16,2897
2,3,2,17,2881
2,3,2,18,2881
2,3,2,19,2895
2,3,2,20,2899
2,3,2,21,2885
2,3,2,22,2895
2,3,2,23,2859
2,3,2,24,2886
2,3,2,25,2927
2,3,2,26,2922
2,3,2,27,2917
2,3,2,28,2897
2,3,2,29,2905
2,3,2,30,2873
2,3,2,31,2870
2,4,2,0,3412
2,4,2,1,3416
2,4,2,2,3400
2,4,2,3,3403
2,4,2,4,3373
2,4,2,5,3424
2,4,2,6,3423
2,4,2,7,3422
2,4,2,8,3451
2,4,2,9,3474
2,4,2,10,3416
2,4,2,11,3384
2,4,2,12,3403
2,4,2,13,3448
2,4,2,14,3369
2,4,2,15,3399
2,4,2,16,3420
2,4,2,17,3433
2,4,2,18,3414
2,4,2,19,3429
2,4,2,20,3418
2,4,2,21,3427
2,4,2,22,3407
2,4,2,23,3383
2,4,2,24,3399
2,4,2,25,3432
2,4,2,26,3433
2,4,2,27,3400
2,4,2,28,3414
2,4,2,29,3434
2,4,2,30,3433
2,4,2,31,3393
2,5,2,0,3611
2,5,2,1,3652
2,5,2,2,3686
2,5,2,3,3643
2,5,2,4,3638
2,5,2,5,3639
2,5,2,6,3596
2,5,2,7,3617
2,5,2,8,3626
2,5,2,9,3655
2,5,2,10,3637
2,5,2,11,3690
2,5,2,12,3627
2,5,2,13,3646
2,5,2,14,3630
2,5,2,15,3670
2,5,2,16,3619
2,5,2,17,3626
2,5,2,18,3632
2,5,2,19,3624
2,5,2,20,3661
2,5,2,21,3606
2,5,2,22,3659
2,5,2,23,3635
2,5,2,24,3649
2,5,2,25,3617
2,5,2,26,3713
2,5,2,27,3620
2,5,2,28,3633
2,5,2,29,3644
2,5,2,30,3630
2,5,2,31,3650
2,6,2,0,15618
2,6,2,1,15557
2,6,2,2,15310
2,6,2,3,15487
2,6,2,4,15436
2,6,2,5,15326
2,6,2,6,15603
2,6,2,7,15372
2,6,2,8,15588
2,6,2,9,15669
2,6,2,10,15618
2,6,2,11,15595
2,6,2,12,15638
2,6,2,13,15585
2,6,2,14,15641
2,6,2,15,15279
2,6,2,16,15431
2,6,2,17,15576
2,6,2,18,15632
2,6,2,19,15703
2,6,2,20,15375
2,6,2,21,15587
2,6,2,22,15695
2,6,2,23,15631
2,6,2,24,15630
2,6,2,25,15625
2,6,2,26,15669
2,6,2,27,15597
2,6,2,28,15550
2,6,2,29,15438
2,6,2,30,15588
2,6,2,31,15406
2,7,2,0,15508
2,7,2,1,15650
2,7,2,2,15793
2,7,2,3,15616
2,7,2,4,15838
2,7,2,5,16293
2,7,2,6,15889
2,7,2,7,15742
2,7,2,8,15899
2,7,2,9,15877
2,7,2,10,15740
2,7,2,11,15577
2,7,2,12,15800
2,7,2,13,15601
2,7,2,14,15590
2,7,2,15,15574
2,7,2,16,15619
2,7,2,17,15604
2,7,2,18,15504
2,7,2,19,15771
2,7,2,20,15502
2,7,2,21,15632
2,7,2,22,15481
2,7,2,23,15573
2,7,2,24,15600
2,7,2,25,15768
2,7,2,26,15590
2,7,2,27,15480
2,7,2,28,15864
2,7,2,29,15824
2,7,2,30,15788
2,7,2,31,15625
2,8,2,0,18271
2,8,2,1,18188
2,8,2,2,18226
2,8,2,3,18328
2,8,2,4,18187
2,8,2,5,18182
2,8,2,6,17923
2,8,2,7,17971
2,8,2,8,18213
2,8,2,9,18275
2,8,2,10,18188
2,8,2,11,18012
2,8,2,12,18078
2,8,2,13,17927
2,8,2,14,18013
2,8,2,15,18167
2,8,2,16,18252
2,8,2,17,18068
2,8,2,18,18243
2,8,2,19,17949
2,8,2,20,17897
2,8,2,21,18274
2,8,2,22,18217
2,8,2,23,18208
2,8,2,24,18284
2,8,2,25,18034
2,8,2,26,17971
2,8,2,27,18158
2,8,2,28,17894
2,8,2,29,17904
2,8,2,30,18099
2,8,2,31,17941
2,9,2,0,18958
2,9,2,1,18707
2,9,2,2,18825
2,9,2,3,18860
2,9,2,4,18833
2,9,2,5,19120
2,9,2,6,18830
2,9,2,7,19074
2,9,2,8,19104
2,9,2,9,19112
2,9,2,10,19102
2,9,2,11,19161
2,9,2,12,19004
2,9,2,13,18758
2,9,2,14,19082
2,9,2,15,19104
2,9,2,16,19126
2,9,2,17,18753
2,9,2,18,18754
2,9,2,19,19021
2,9,2,20,18990
2,9,2,21,19147
2,9,2,22,18763
2,9,2,23,18895
2,9,2,24,18747
2,9,2,25,18792
2,9,2,26,19096
2,9,2,27,19141
2,9,2,28,18886
2,9,2,29,18786
2,9,2,30,18761
2,9,2,31,18718
2,10,2,0,19760
2,10,2,1,19445
2,10,2,2,19413
2,10,2,3,19544
2,10,2,4,19723
2,10,2,5,19554
2,10,2,6,19772
2,10,2,7,19879
2,10,2,8,19821
2,10,2,9,19367
2,10,2,10,19446
2,10,2,11,19486
2,10,2,12,19816
2,10,2,13,19432
2,10,2,14,19710
2,10,2,15,19898
2,10,2,16,19559
2,10,2,17,19768
2,10,2,18,19699
2,10,2,19,19518
2,10,2,20,19872
2,10,2,21,19588
2,10,2,22,19747
2,10,2,23,19508
2,10,2,24,19821
2,10,2,25,19802
2,10,2,26,19862
2,10,2,27,19688
2,10,2,28,19398
2,10,2,29,19582
2,10,2,30,19788
2,10,2,31,19679
0,9,3,0,21645
0,9,3,1,21424
0,9,3,2,21443
0,9,3,3,21632
0,9,3,4,21293
0,9,3,5,21538
0,9,3,6,21486
0,9,3,7,21446
0,9,3,8,21494
0,9,3,9,21324
0,9,3,10,21314
0,9,3,11,21514
0,9,3,12,21352
0,9,3,13,21327
0,9,3,14,21596
0,9,3,15,21613
0,9,3,16,21341
0,9,3,17,21216
0,9,3,18,21287
0,9,3,19,21276
0,9,3,20,21273
0,9,3,21,21177
0,9,3,22,21150
0,9,3,23,21346
0,9,3,24,21275
0,9,3,25,21377
0,9,3,26,21259
0,9,3,27,21309
0,9,3,28,21177
0,9,3,29,21333
0,9,3,30,21348
0,9,3,31,21295
0,8,3,0,21098
0,8,3,1,21316
0,8,3,2,21119
0,8,3,3,21043
0,8,3,4,21314
0,8,3,5,21087
0,8,3,6,21006
0,8,3,7,21269
0,8,3,8,21142
0,8,3,9,21049
0,8,3,10,21266
0,8,3,11,21443
0,8,3,12,21748
0,8,3,13,21462
0,8,3,14,21277
0,8,3,15,21384
0,8,3,16,21078
0,8,3,17,21088
0,8,3,18,21164
0,8,3,19,21370
0,8,3,20,21241
0,8,3,21,21190
0,8,3,22,21149
0,8,3,23,21389
0,8,3,24,21444
0,8,3,25,21106
0,8,3,26,21241
0,8,3,27,21191
0,8,3,28,21126
0,8,3,29,21113
0,8,3,30,21070
0,8,3,31,21120
0,7,3,0,10545
0,7,3,1,10592
0,7,3,2,10626
0,7,3,3,10570
0,7,3,4,10557
0,7,3,5,10565
0,7,3,6,10598
0,7,3,7,10569
0,7,3,8,10603
0,7,3,9,10602
0,7,3,10,10641
0,7,3,11,10605
0,7,3,12,10631
0,7,3,13,10618
0,7,3,14,10604
0,7,3,15,10585
0,7,3,16,10618
0,7,3,17,10559
0,7,3,18,10631
0,7,3,19,10633
0,7,3,20,10648
0,7,3,21,10653
0,7,3,22,10652
0,7,3,23,10708
0,7,3,24,10689
0,7,3,25,10530
0,7,3,26,10485
0,7,3,27,10622
0,7,3,28,10557
0,7,3,29,10802
0,7,3,30,10708
0,7,3,31,10578
0,6,3,0,9650
0,6,3,1,9725
0,6,3,2,9644
0,6,3,3,9653
0,6,3,4,9643
0,6,3,5,9657
0,6,3,6,9719
0,6,3,7,9654
0,6,3,8,9565
0,6,3,9,9552
0,6,3,10,9469
0,6,3,11,9510
0,6,3,12,9519
0,6,3,13,9533
0,6,3,14,9607
0,6,3,15,9593
0,6,3,16,9678
0,6,3,17,9630
0,6,3,18,9790
0,6,3,19,9643
0,6,3,20,9694
0,6,3,21,9596
0,6,3,22,9555
0,6,3,23,9706
0,6,3,24,9660
0,6,3,25,9713
0,6,3,26,9672
0,6,3,27,9708
0,6,3,28,9684
0,6,3,29,9667
0,6,3,30,9663
0,6,3,31,9673
0,5,3,0,8774
0,5,3,1,8841
0,5,3,2,8947
0,5,3,3,8898
0,5,3,4,8798
0,5,3,5,8883
0,5,3,6,8956
0,5,3,7,8850
0,5,3,8,8954
0,5,3,9,8870
0,5,3,10,8947
0,5,3,11,8871
0,5,3,12,8915
0,5,3,13,8969
0,5,3,14,8891
0,5,3,15,8921
0,5,3,16,8825
0,5,3,17,8871
0,5,3,18,8853
0,5,3,19,8928
0,5,3,20,8929
0,5,3,21,8900
0,5,3,22,8863
0,5,3,23,8856
0,5,3,24,8868
0,5,3,25,8893
0,5,3,26,8851
0,5,3,27,8910
0,5,3,28,8865
0,5,3,29,8953
0,5,3,30,8970
0,5,3,31,8907
0,4,3,0,7895
0,4,3,1,7827
0,4,3,2,7823
0,4,3,3,7938
0,4,3,4,7812
0,4,3,5,7846
0,4,3,6,7876
0,4,3,7,7933
0,4,3,8,7871
0,4,3,9,7805
0,4,3,10,7873
0,4,3,11,7898
0,4,3,12,7886
0,4,3,13,7894
0,4,3,14,7860
0,4,3,15,7879
0,4,3,16,7790
0,4,3,17,7844
0,4,3,18,7808
0,4,3,19,8284
0,4,3,20,7861
0,4,3,21,7745
0,4,3,22,7718
0,4,3,23,7824
0,4,3,24,7768
0,4,3,25,7881
0,4,3,26,7951
0,4,3,27,7909
0,4,3,28,7765
0,4,3,29,7889
0,4,3,30,7780
0,4,3,31,8095
0,3,3,0,7120
0,3,3,1,7135
0,3,3,2,7097
0,3,3,3,7131
0,3,3,4,7106
0,3,3,5,7170
0,3,3,6,7126
0,3,3,7,7078
0,3,3,8,7139
0,3,3,9,7119
0,3,3,10,7069
0,3,3,11,7070
0,3,3,12,7139
0,3,3,13,7069
0,3,3,14,7128
0,3,3,15,7177
0,3,3,16,7190
0,3,3,17,7060
0,3,3,18,7176
0,3,3,19,7141
0,3,3,20,7142
0,3,3,21,7092
0,3,3,22,7132
0,3,3,23,7164
0,3,3,24,7098
0,3,3,25,7157
0,3,3,26,7189
0,3,3,27,7107
0,3,3,28,7169
0,3,3,29,7092
0,3,3,30,7095
0,3,3,31,7099
0,2,3,0,4612
0,2,3,1,4588
0,2,3,2,4602
0,2,3,3,4621
0,2,3,4,4582
0,2,3,5,4576
0,2,3,6,4602
0,2,3,7,4546
0,2,3,8,4563
0,2,3,9,4629
0,2,3,10,4588
0,2,3,11,4586
0,2,3,12,4535
0,2,3,13,4558
0,2,3,14,4607
0,2,3,15,4593
0,2,3,16,4585
0,2,3,17,4606
0,2,3,18,4588
0,2,3,19,4588
0,2,3,20,4546
0,2,3,21,4590
0,2,3,22,4631
0,2,3,23,4568
0,2,3,24,4600
0,2,3,25,4592
0,2,3,26,4583
0,2,3,27,4576
0,2,3,28,4565
0,2,3,29,4592
0,2,3,30,4550
0,2,3,31,4580
0,1,3,0,3558
0,1,3,1,3513
0,1,3,2,3504
0,1,3,3,3577
0,1,3,4,3544
0,1,3,5,3526
0,1,3,6,3548
0,1,3,7,3552
0,1,3,8,3564
0,1,3,9,3567
0,1,3,10,3555
0,1,3,11,3531
0,1,3,12,3557
0,1,3,13,3568
0,1,3,14,3553
0,1,3,15,3588
0,1,3,16,3558
0,1,3,17,3552
0,1,3,18,3552
0,1,3,19,3557
0,1,3,20,3525
0,1,3,21,3521
0,1,3,22,3532
0,1,3,23,3575
0,1,3,24,3561
0,1,3,25,3573
0,1,3,26,3578
0,1,3,27,3515
0,1,3,28,3530
0,1,3,29,3562
0,1,3,30,3523
0,1,3,31,3546
0,0,3,0,2769
0,0,3,1,2775
0,0,3,2,2790
0,0,3,3,2792
0,0,3,4,2797
0,0,3,5,2763
0,0,3,6,2764
0,0,3,7,2791
0,0,3,8,2776
0,0,3,9,2754
0,0,3,10,2785
0,0,3,11,2799
0,0,3,12,2798
0,0,3,13,2786
0,0,3,14,2773
0,0,3,15,2820
0,0,3,16,2804
0,0,3,17,2759
0,0,3,18,2805
0,0,3,19,2800
0,0,3,20,2807
0,0,3,21,2783
0,0,3,22,2763
0,0,3,23,2807
0,0,3,24,2790
0,0,3,25,2797
0,0,3,26,2782
0,0,3,27,2799
0,0,3,28,2790
0,0,3,29,2766
0,0,3,30,2725
0,0,3,31,2791
1,9,3,0,28288
1,9,3,1,28490
1,9,3,2,28349
1,9,3,3,28409
1,9,3,4,28372
1,9,3,5,28403
1,9,3,6,28489
1,9,3,7,28427
1,9,3,8,28339
1,9,3,9,28291
1,9,3,10,28361
1,9,3,11,28291
1,9,3,12,28362
1,9,3,13,28424
1,9,3,14,28374
1,9,3,15,28310
1,9,3,16,28095
1,9,3,17,28399
1,9,3,18,28395
1,9,3,19,28308
1,9,3,20,28338
1,9,3,21,28278
1,9,3,22,28374
1,9,3,23,28360
1,9,3,24,29188
1,9,3,25,28220
1,9,3,26,27973
1,9,3,27,28266
1,9,3,28,28314
1,9,3,29,27954
1,9,3,30,28187
1,9,3,31,28118
1,8,3,0,28255
1,8,3,1,28326
1,8,3,2,28215
1,8,3,3,28370
1,8,3,4,28322
1,8,3,5,28405
1,8,3,6,28313
1,8,3,7,28235
1,8,3,8,28299
1,8,3,9,28294
1,8,3,10,28364
1,8,3,11,28370
1,8,3,12,28305
1,8,3,13,28326
1,8,3,14,28291
1,8,3,15,28285
1,8,3,16,28335
1,8,3,17,28342
1,8,3,18,28303
1,8,3,19,28320
1,8,3,20,28243
1,8,3,21,27941
1,8,3,22,28348
1,8,3,23,28042
1,8,3,24,28342
1,8,3,25,28328
1,8,3,26,28261
1,8,3,27,27996
1,8,3,28,28061
1,8,3,29,27893
1,8,3,30,28164
1,8,3,31,28458
1,7,3,0,27583
1,7,3,1,28108
1,7,3,2,27703
1,7,3,3,27790
1,7,3,4,27944
1,7,3,5,27682
1,7,3,6,27771
1,7,3,7,27803
1,7,3,8,27730
1,7,3,9,27797
1,7,3,10,27957
1,7,3,11,27769
1,7,3,12,27751
1,7,3,13,27848
1,7,3,14,27884
1,7,3,15,27787
1,7,3,16,28056
1,7,3,17,28402
1,7,3,18,27834
1,7,3,19,28101
1,7,3,20,27870
1,7,3,21,27694
1,7,3,22,27652
1,7,3,23,27606
1,7,3,24,27911
1,7,3,25,27836
1,7,3,26,27762
1,7,3,27,27795
1,7,3,28,27600
1,7,3,29,27799
1,7,3,30,28056
1,7,3,31,27691
1,6,3,0,27289
1,6,3,1,27261
1,6,3,2,27532
1,6,3,3,27549
1,6,3,4,27457
1,6,3,5,27472
1,6,3,6,27391
1,6,3,7,27450
1,6,3,8,27637
1,6,3,9,27489
1,6,3,10,27562
1,6,3,11,27630
1,6,3,12,27672
1,6,3,13,27560
1,6,3,14,27675
1,6,3,15,27462
1,6,3,16,27627
1,6,3,17,27366
1,6,3,18,27442
1,6,3,19,27563
1,6,3,20,27486
1,6,3,21,27529
1,6,3,22,27500
1,6,3,23,27510
1,6,3,24,27544
1,6,3,25,27249
1,6,3,26,27029
1,6,3,27,27065
1,6,3,28,27653
1,6,3,29,26962
1,6,3,30,27519
1,6,3,31,27405
1,5,3,0,26826
1,5,3,1,26349
1,5,3,2,26445
1,5,3,3,26279
1,5,3,4,26375
1,5,3,5,26427
1,5,3,6,26497
1,5,3,7,26548
1,5,3,8,26725
1,5,3,9,26610
1,5,3,10,26513
1,5,3,11,26475
1,5,3,12,27238
1,5,3,13,26606
1,5,3,14,26739
1,5,3,15,26837
1,5,3,16,26598
1,5,3,17,26849
1,5,3,18,26466
1,5,3,19,26397
1,5,3,20,26440
1,5,3,21,26512
1,5,3,22,26342
1,5,3,23,26863
1,5,3,24,26464
1,5,3,25,26290
1,5,3,26,26325
1,5,3,27,26330
1,5,3,28,26447
1,5,3,29,26460
1,5,3,30,26807
1,5,3,31,26848
1,4,3,0,26153
1,4,3,1,26772
1,4,3,2,26611
1,4,3,3,26660
1,4,3,4,26634
1,4,3,5,26604
1,4,3,6,26663
1,4,3,7,26621
1,4,3,8,26636
1,4,3,9,26756
1,4,3,10,26717
1,4,3,11,26647
1,4,3,12,26590
1,4,3,13,26630
1,4,3,14,26680
1,4,3,15,26253
1,4,3,16,26187
1,4,3,17,26788
1,4,3,18,26189
1,4,3,19,26626
1,4,3,20,26733
1,4,3,21,26567
1,4,3,22,26683
1,4,3,23,26707
1,4,3,24,26702
1,4,3,25,26727
1,4,3,26,26709
1,4,3,27,26779
1,4,3,28,26754
1,4,3,29,26691
1,4,3,30,26623
1,4,3,31,26619
1,3,3,0,14580
1,3,3,1,14734
1,3,3,2,14741
1,3,3,3,14641
1,3,3,4,14703
1,3,3,5,14688
1,3,3,6,14439
1,3,3,7,14495
1,3,3,8,14400
1,3,3,9,14452
1,3,3,10,14427
1,3,3,11,14466
1,3,3,12,14442
1,3,3,13,14425
1,3,3,14,14403
1,3,3,15,14440
1,3,3,16,14599
1,3,3,17,14598
1,3,3,18,14785
1,3,3,19,15132
1,3,3,20,14515
1,3,3,21,14561
1,3,3,22,14478
1,3,3,23,14706
1,3,3,24,14609
1,3,3,25,14432
1,3,3,26,14644
1,3,3,27,15092
1,3,3,28,14626
1,3,3,29,14396
1,3,3,30,14713
1,3,3,31,14699
1,2,3,0,14472
1,2,3,1,14239
1,2,3,2,14230
1,2,3,3,14566
1,2,3,4,14432
1,2,3,5,14451
1,2,3,6,14460
1,2,3,7,14243
1,2,3,8,14537
1,2,3,9,14179
1,2,3,10,14420
1,2,3,11,14469
1,2,3,12,14524
1,2,3,13,14469
1,2,3,14,14464
1,2,3,15,14235
1,2,3,16,14417
1,2,3,17,14384
1,2,3,18,14141
1,2,3,19,14432
1,2,3,20,14495
1,2,3,21,14393
1,2,3,22,14454
1,2,3,23,14400
1,2,3,24,14477
1,2,3,25,14416
1,2,3,26,14415
1,2,3,27,14316
1,2,3,28,14428
1,2,3,29,14460
1,2,3,30,14359
1,2,3,31,14241
1,1,3,0,13690
1,1,3,1,13725
1,1,3,2,13648
1,1,3,3,13715
1,1,3,4,13737
1,1,3,5,13698
1,1,3,6,13507
1,1,3,7,13772
1,1,3,8,13501
1,1,3,9,13687
1,1,3,10,13694
1,1,3,11,13703
1,1,3,12,13545
1,1,3,13,13446
1,1,3,14,13423
1,1,3,15,13681
1,1,3,16,13643
1,1,3,17,13635
1,1,3,18,13510
1,1,3,19,13380
1,1,3,20,13708
1,1,3,21,13390
1,1,3,22,13744
1,1,3,23,13764
1,1,3,24,13670
1,1,3,25,13679
1,1,3,26,13499
1,1,3,27,13480
1,1,3,28,13702
1,1,3,29,13515
1,1,3,30,13439
1,1,3,31,13522
1,0,3,0,362
1,0,3,1,354
1,0,3,2,366
1,0,3,3,363
1,0,3,4,356
1,0,3,5,367
1,0,3,6,374
1,0,3,7,356
1,0,3,8,351
1,0,3,9,370
1,0,3,10,363
1,0,3,11,367
1,0,3,12,366
1,0,3,13,360
1,0,3,14,359
1,0,3,15,364
1,0,3,16,364
1,0,3,17,375
1,0,3,18,370
1,0,3,19,363
1,0,3,20,350
1,0,3,21,354
1,0,3,22,372
1,0,3,23,367
1,0,3,24,365
1,0,3,25,371
1,0,3,26,352
1,0,3,27,368
1,0,3,28,361
1,0,3,29,356
1,0,3,30,352
1,0,3,31,362
2,10,3,0,19836
2,10,3,1,19733
2,10,3,2,19807
2,10,3,3,19577
2,10,3,4,19464
2,10,3,5,19857
2,10,3,6,19591
2,10,3,7,19765
2,10,3,8,19838
2,10,3,9,19556
2,10,3,10,19660
2,10,3,11,19551
2,10,3,12,19709
2,10,3,13,19806
2,10,3,14,19496
2,10,3,15,19658
2,10,3,16,19529
2,10,3,17,19593
2,10,3,18,19413
2,10,3,19,20311
2,10,3,20,19786
2,10,3,21,19562
2,10,3,22,19816
2,10,3,23,19539
2,10,3,24,19883
2,10,3,25,19823
2,10,3,26,19962
2,10,3,27,19777
2,10,3,28,19841
2,10,3,29,19555
2,10,3,30,19812
2,10,3,31,19952
2,9,3,0,19113
2,9,3,1,18753
2,9,3,2,19060
2,9,3,3,18858
2,9,3,4,19105
2,9,3,5,19079
2,9,3,6,18801
2,9,3,7,18767
2,9,3,8,18816
2,9,3,9,18853
2,9,3,10,18889
2,9,3,11,18787
2,9,3,12,18760
2,9,3,13,18827
2,9,3,14,18856
2,9,3,15,18834
2,9,3,16,18960
2,9,3,17,18757
2,9,3,18,18754
2,9,3,19,18808
2,9,3,20,18729
2,9,3,21,19086
2,9,3,22,19070
2,9,3,23,19099
2,9,3,24,19168
2,9,3,25,19053
2,9,3,26,19111
2,9,3,27,18981
2,9,3,28,19030
2,9,3,29,19070
2,9,3,30,19124
2,9,3,31,19131
2,8,3,0,18297
2,8,3,1,17934
2,8,3,2,18307
2,8,3,3,17873
2,8,3,4,17903
2,8,3,5,17999
2,8,3,6,18308
2,8,3,7,18307
2,8,3,8,17894
2,8,3,9,17952
2,8,3,10,17880
2,8,3,11,18179
2,8,3,12,18235
2,8,3,13,18257
2,8,3,14,18093
2,8,3,15,18028
2,8,3,16,18196
2,8,3,17,17941
2,8,3,18,18235
2,8,3,19,18144
2,8,3,20,18185
2,8,3,21,17879
2,8,3,22,17956
2,8,3,23,18082
2,8,3,24,18290
2,8,3,25,18226
2,8,3,26,17855
2,8,3,27,18219
2,8,3,28,18078
2,8,3,29,17916
2,8,3,30,17959
2,8,3,31,17986
2,7,3,0,15783
2,7,3,1,15732
2,7,3,2,15747
2,7,3,3,15832
2,7,3,4,15764
2,7,3,5,15800
2,7,3,6,15500
2,7,3,7,15477
2,7,3,8,16338
2,7,3,9,15572
2,7,3,10,15789
2,7,3,11,15795
2,7,3,12,15764
2,7,3,13,15761
2,7,3,14,15812
2,7,3,15,15768
2,7,3,16,15842
2,7,3,17,15709
2,7,3,18,15740
2,7,3,19,15803
2,7,3,20,15633
2,7,3,21,15637
2,7,3,22,15692
2,7,3,23,15717
2,7,3,24,15798
2,7,3,25,15786
2,7,3,26,15678
2,7,3,27,15573
2,7,3,28,15771
2,7,3,29,15603
2,7,3,30,15737
2,7,3,31,15587
2,6,3,0,15637
2,6,3,1,15606
2,6,3,2,15580
2,6,3,3,15491
2,6,3,4,15468
2,6,3,5,15566
2,6,3,6,15373
2,6,3,7,15607
2,6,3,8,15608
2,6,3,9,15633
2,6,3,10,15598
2,6,3,11,15451
2,6,3,12,15599
2,6,3,13,15582
2,6,3,14,15664
2,6,3,15,15677
2,6,3,16,15556
2,6,3,17,15558
2,6,3,18,15333
2,6,3,19,15573
2,6,3,20,15699
2,6,3,21,15563
2,6,3,22,15588
2,6,3,23,15391
2,6,3,24,15398
2,6,3,25,15435
2,6,3,26,15532
2,6,3,27,15549
2,6,3,28,15595
2,6,3,29,15630
2,6,3,30,15602
2,6,3,31,15604
2,5,3,0,3621
2,5,3,1,3672
2,5,3,2,3604
2,5,3,3,3638
2,5,3,4,3605
2,5,3,5,3603
2,5,3,6,3653
2,5,3,7,3662
2,5,3,8,3645
2,5,3,9,3630
2,5,3,10,3616
2,5,3,11,3639
2,5,3,12,3631
2,5,3,13,3622
2,5,3,14,3610
2,5,3,15,3644
2,5,3,16,3637
2,5,3,17,3614
2,5,3,18,3647
2,5,3,19,3667
2,5,3,20,3633
2,5,3,21,3624
2,5,3,22,3620
2,5,3,23,3632
2,5,3,24,3598
2,5,3,25,3640
2,5,3,26,3616
2,5,3,27,3653
2,5,3,28,3645
2,5,3,29,3630
2,5,3,30,3598
2,5,3,31,3610
2,4,3,0,3425
2,4,3,1,3401
2,4,3,2,3417
2,4,3,3,3405
2,4,3,4,3427
2,4,3,5,3395
2,4,3,6,3386
2,4,3,7,3437
2,4,3,8,3417
2,4,3,9,3385
2,4,3,10,3401
2,4,3,11,3413
2,4,3,12,3430
2,4,3,13,3431
2,4,3,14,3389
2,4,3,15,3437
2,4,3,16,3422
2,4,3,17,3409
2,4,3,18,3409
2,4,3,19,3419
2,4,3,20,3404
2,4,3,21,3446
2,4,3,22,3425
2,4,3,23,3402
2,4,3,24,3430
2,4,3,25,3410
2,4,3,26,3437
2,4,3,27,3418
2,4,3,28,3380
2,4,3,29,3438
2,4,3,30,3427
2,4,3,31,3411
2,3,3,0,2900
2,3,3,1,2879
2,3,3,2,2908
2,3,3,3,2932
2,3,3,4,2871
2,3,3,5,2875
2,3,3,6,2885
2,3,3,7,2904
2,3,3,8,2868
2,3,3,9,2888
2,3,3,10,2843
2,3,3,11,2861
2,3,3,12,2896
2,3,3,13,2876
2,3,3,14,2889
2,3,3,15,2874
2,3,3,16,2870
2,3,3,17,2904
2,3,3,18,2860
2,3,3,19,2920
2,3,3,20,2856
2,3,3,21,2878
2,3,3,22,2855
2,3,3,23,2905
2,3,3,24,2886
2,3,3,25,2858
2,3,3,26,2875
2,3,3,27,2883
2,3,3,28,2888
2,3,3,29,2901
2,3,3,30,2863
2,3,3,31,2905
2,2,3,0,2056
2,2,3,1,2074
2,2,3,2,2044
2,2,3,3,2042
2,2,3,4,2046
2,2,3,5,2053
2,2,3,6,2039
2,2,3,7,2026
2,2,3,8,2028
2,2,3,9,2051
2,2,3,10,2047
2,2,3,11,2060
2,2,3,12,2058
2,2,3,13,2036
2,2,3,14,2028
2,2,3,15,2017
2,2,3,16,2053
2,2,3,17,2046
2,2,3,18,2019
2,2,3,19,2051
2,2,3,20,2032
2,2,3,21,2063
2,2,3,22,2054
2,2,3,23,2042
2,2,3,24,2061
2,2,3,25,2057
2,2,3,26,2036
2,2,3,27,2044
2,2,3,28,2051
2,2,3,29,2037
2,2,3,30,2040
2,2,3,31,2061
2,1,3,0,1088
2,1,3,1,1096
2,1,3,2,1084
2,1,3,3,1088
2,1,3,4,1090
2,1,3,5,1103
2,1,3,6,1072
2,1,3,7,1089
2,1,3,8,1108
2,1,3,9,1096
2,1,3,10,1095
2,1,3,11,1088
2,1,3,12,1087
2,1,3,13,1091
2,1,3,14,1081
2,1,3,15,1112
2,1,3,16,1101
2,1,3,17,1095
2,1,3,18,1087
2,1,3,19,1103
2,1,3,20,1086
2,1,3,21,1089
2,1,3,22,1087
2,1,3,23,1095
2,1,3,24,1099
2,1,3,25,1070
2,1,3,26,1079
2,1,3,27,1106
2,1,3,28,1093
2,1,3,29,1078
2,1,3,30,1081
2,1,3,31,1077
2,0,3,0,675
2,0,3,1,667
2,0,3,2,650
2,0,3,3,672
2,0,3,4,713
2,0,3,5,671
2,0,3,6,663
2,0,3,7,679
2,0,3,8,658
2,0,3,9,671
2,0,3,10,662
2,0,3,11,674
2,0,3,12,667
2,0,3,13,661
2,0,3,14,682
2,0,3,15,662
2,0,3,16,666
2,0,3,17,673
2,0,3,18,667
2,0,3,19,653
2,0,3,20,672
2,0,3,21,659
2,0,3,22,671
2,0,3,23,659
2,0,3,24,665
2,0,3,25,669
2,0,3,26,663
2,0,3,27,673
2,0,3,28,658
2,0,3,29,654
2,0,3,30,665
2,0,3,31,658
0,0,4,0,2747
0,0,4,1,2776
0,0,4,2,2800
0,0,4,3,2797
0,0,4,4,2811
0,0,4,5,2755
0,0,4,6,2810
0,0,4,7,2797
0,0,4,8,2752
0,0,4,9,2750
0,0,4,10,2813
0,0,4,11,2802
0,0,4,12,2765
0,0,4,13,2782
0,0,4,14,2782
0,0,4,15,2783
0,0,4,16,2786
0,0,4,17,2764
0,0,4,18,2796
0,0,4,19,2785
0,0,4,20,2777
0,0,4,21,2793
0,0,4,22,2764
0,0,4,23,2806
0,0,4,24,2787
0,0,4,25,2762
0,0,4,26,2781
0,0,4,27,2780
0,0,4,28,2780
0,0,4,29,2783
0,0,4,30,2761
0,0,4,31,2811
0,1,4,0,3508
0,1,4,1,3539
0,1,4,2,3525
0,1,4,3,3533
0,1,4,4,3541
0,1,4,5,3532
0,1,4,6,3576
0,1,4,7,3524
0,1,4,8,3544
0,1,4,9,3552
0,1,4,10,3557
0,1,4,11,3527
0,1,4,12,3538
0,1,4,13,3598
0,1,4,14,3532
0,1,4,15,3568
0,1,4,16,3560
0,1,4,17,3598
0,1,4,18,3541
0,1,4,19,3549
0,1,4,20,3542
0,1,4,21,3611
0,1,4,22,3543
0,1,4,23,3577
0,1,4,24,3521
0,1,4,25,3566
0,1,4,26,3529
0,1,4,27,3541
0,1,4,28,3512
0,1,4,29,3533
0,1,4,30,3580
0,1,4,31,3535
0,2,4,0,4629
0,2,4,1,4599
0,2,4,2,4581
0,2,4,3,4593
0,2,4,4,4636
0,2,4,5,4622
0,2,4,6,4558
0,2,4,7,4531
0,2,4,8,4780
0,2,4,9,4554
0,2,4,10,4600
0,2,4,11,4587
0,2,4,12,4625
0,2,4,13,4586
0,2,4,14,4618
0,2,4,15,4581
0,2,4,16,4575
0,2,4,17,4614
0,2,4,18,4568
0,2,4,19,4587
0,2,4,20,4634
0,2,4,21,4638
0,2,4,22,4624
0,2,4,23,4600
0,2,4,24,4609
0,2,4,25,4558
0,2,4,26,4659
0,2,4,27,4599
0,2,4,28,4557
0,2,4,29,4602
0,2,4,30,4607
0,2,4,31,4587
0,3,4,0,7128
0,3,4,1,7132
0,3,4,2,7045
0,3,4,3,7165
0,3,4,4,7212
0,3,4,5,7107
0,3,4,6,7099
0,3,4,7,7123
0,3,4,8,7149
0,3,4,9,7123
0,3,4,10,7154
0,3,4,11,7197
0,3,4,12,7104
0,3,4,13,7175
0,3,4,14,7169
0,3,4,15,7137
0,3,4,16,7077
0,3,4,17,7134
0,3,4,18,7138
0,3,4,19,7032
0,3,4,20,7152
0,3,4,21,7187
0,3,4,22,7185
0,3,4,23,7112
0,3,4,24,7145
0,3,4,25,7130
0,3,4,26,7119
0,3,4,27,7161
0,3,4,28,7188
0,3,4,29,7004
0,3,4,30,7153
0,3,4,31,7120
0,4,4,0,7854
0,4,4,1,7898
0,4,4,2,7816
0,4,4,3,7842
0,4,4,4,7861
0,4,4,5,7759
0,4,4,6,7944
0,4,4,7,7804
0,4,4,8,7929
0,4,4,9,7962
0,4,4,10,7873
0,4,4,11,7893
0,4,4,12,7918
0,4,4,13,7923
0,4,4,14,7919
0,4,4,15,7919
0,4,4,16,7920
0,4,4,17,7913
0,4,4,18,7918
0,4,4,19,7892
0,4,4,20,7929
0,4,4,21,7796
0,4,4,22,7801
0,4,4,23,7956
0,4,4,24,7874
0,4,4,25,7910
0,4,4,26,7859
0,4,4,27,7929
0,4,4,28,7823
0,4,4,29,7891
0,4,4,30,7906
0,4,4,31,7854
0,5,4,0,8821
0,5,4,1,8970
0,5,4,2,8888
0,5,4,3,9036
0,5,4,4,8898
0,5,4,5,8941
0,5,4,6,8898
0,5,4,7,8802
0,5,4,8,8880
0,5,4,9,8852
0,5,4,10,8923
0,5,4,11,8855
0,5,4,12,8888
0,5,4,13,8880
0,5,4,14,8908
0,5,4,15,8899
0,5,4,16,8970
0,5,4,17,8824
0,5,4,18,9117
0,5,4,19,8766
0,5,4,20,8893
0,5,4,21,8883
0,5,4,22,8931
0,5,4,23,8877
0,5,4,24,8936
0,5,4,25,8751
0,5,4,26,8905
0,5,4,27,8926
0,5,4,28,8813
0,5,4,29,8899
0,5,4,30,8951
0,5,4,31,8845
0,6,4,0,9571
0,6,4,1,9725
0,6,4,2,9617
0,6,4,3,9738
0,6,4,4,9676
0,6,4,5,9726
0,6,4,6,9653
0,6,4,7,10063
0,6,4,8,9698
0,6,4,9,9650
0,6,4,10,9701
0,6,4,11,9547
0,6,4,12,9647
0,6,4,13,9685
0,6,4,14,9588
0,6,4,15,9524
0,6,4,16,9673
0,6,4,17,9652
0,6,4,18,9733
0,6,4,19,9664
0,6,4,20,9670
0,6,4,21,9605
0,6,4,22,9742
0,6,4,23,9652
0,6,4,24,9638
0,6,4,25,9690
0,6,4,26,9722
0,6,4,27,9713
0,6,4,28,9664
0,6,4,29,9677
0,6,4,30,9683
0,6,4,31,9586
0,7,4,0,10840
0,7,4,1,10515
0,7,4,2,10670
0,7,4,3,10595
0,7,4,4,10579
0,7,4,5,10586
0,7,4,6,10633
0,7,4,7,10528
0,7,4,8,10726
0,7,4,9,10589
0,7,4,10,10618
0,7,4,11,10633
0,7,4,12,10665
0,7,4,13,10597
0,7,4,14,10602
0,7,4,15,10632
0,7,4,16,10615
0,7,4,17,10715
0,7,4,18,10653
0,7,4,19,10650
0,7,4,20,10593
0,7,4,21,10675
0,7,4,22,10668
0,7,4,23,10648
0,7,4,24,10514
0,7,4,25,10706
0,7,4,26,10677
0,7,4,27,10580
0,7,4,28,10580
0,7,4,29,10573
0,7,4,30,10494
0,7,4,31,10559
0,8,4,0,21114
0,8,4,1,21378
0,8,4,2,21344
0,8,4,3,21272
0,8,4,4,21108
0,8,4,5,21148
0,8,4,6,21143
0,8,4,7,21013
0,8,4,8,21118
0,8,4,9,21185
0,8,4,10,21276
0,8,4,11,21181
0,8,4,12,21037
0,8,4,13,21234
0,8,4,14,21083
0,8,4,15,21199
0,8,4,16,21161
0,8,4,17,21138
0,8,4,18,21238
0,8,4,19,21169
0,8,4,20,21106
0,8,4,21,21273
0,8,4,22,21296
0,8,4,23,21220
0,8,4,24,21156
0,8,4,25,21240
0,8,4,26,21246
0,8,4,27,21406
0,8,4,28,21106
0,8,4,29,21254
0,8,4,30,21225
0,8,4,31,21194
0,9,4,0,21312
0,9,4,1,21475
0,9,4,2,21660
0,9,4,3,21305
0,9,4,4,21341
0,9,4,5,21245
0,9,4,6,21530
0,9,4,7,21337
0,9,4,8,21246
0,9,4,9,21574
0,9,4,10,21559
0,9,4,11,21314
0,9,4,12,21428
0,9,4,13,21806
0,9,4,14,21638
0,9,4,15,21530
0,9,4,16,21689
0,9,4,17,21547
0,9,4,18,21614
0,9,4,19,21573
0,9,4,20,21649
0,9,4,21,21542
0,9,4,22,21662
0,9,4,23,21312
0,9,4,24,21544
0,9,4,25,21314
0,9,4,26,21634
0,9,4,27,21270
0,9,4,28,21360
0,9,4,29,21323
0,9,4,30,21568
0,9,4,31,21577
1,0,4,0,378
1,0,4,1,359
1,0,4,2,369
1,0,4,3,362
1,0,4,4,366
1,0,4,5,374
1,0,4,6,362
1,0,4,7,369
1,0,4,8,368
1,0,4,9,368
1,0,4,10,371
1,0,4,11,365
1,0,4,12,368
1,0,4,13,365
1,0,4,14,367
1,0,4,15,366
1,0,4,16,370
1,0,4,17,360
1,0,4,18,373
1,0,4,19,356
1,0,4,20,366
1,0,4,21,359
1,0,4,22,361
1,0,4,23,370
1,0,4,24,373
1,0,4,25,361
1,0,4,26,370
1,0,4,27,372
1,0,4,28,365
1,0,4,29,365
1,0,4,30,366
1,0,4,31,367
1,1,4,0,13725
1,1,4,1,13645
1,1,4,2,13770
1,1,4,3,13718
1,1,4,4,13785
1,1,4,5,13755
1,1,4,6,13683
1,1,4,7,13571
1,1,4,8,13706
1,1,4,9,13762
1,1,4,10,13723
1,1,4,11,13660
1,1,4,12,13783
1,1,4,13,13686
1,1,4,14,13705
1,1,4,15,13474
1,1,4,16,13735
1,1,4,17,13654
1,1,4,18,13443
1,1,4,19,13456
1,1,4,20,13733
1,1,4,21,13827
1,1,4,22,13745
1,1,4,23,13695
1,1,4,24,13723
1,1,4,25,13473
1,1,4,26,13724
1,1,4,27,13693
1,1,4,28,13743
1,1,4,29,13530
1,1,4,30,13458
1,1,4,31,13426
1,2,4,0,14420
1,2,4,1,14390
1,2,4,2,14454
1,2,4,3,14559
1,2,4,4,14496
1,2,4,5,14479
1,2,4,6,14552
1,2,4,7,14461
1,2,4,8,14452
1,2,4,9,14524
1,2,4,10,14283
1,2,4,11,14378
1,2,4,12,14426
1,2,4,13,14363
1,2,4,14,14581
1,2,4,15,14471
1,2,4,16,14400
1,2,4,17,14492
1,2,4,18,14533
1,2,4,19,14468
1,2,4,20,14395
1,2,4,21,14459
1,2,4,22,14482
1,2,4,23,14406
1,2,4,24,14467
1,2,4,25,14511
1,2,4,26,14517
1,2,4,27,14461
1,2,4,28,14463
1,2,4,29,14462
1,2,4,30,14486
1,2,4,31,14466
1,3,4,0,14640
1,3,4,1,14746
1,3,4,2,14643
1,3,4,3,14696
1,3,4,4,14674
1,3,4,5,14730
1,3,4,6,14401
1,3,4,7,14379
1,3,4,8,14684
1,3,4,9,14727
1,3,4,10,14477
1,3,4,11,14787
1,3,4,12,14476
1,3,4,13,14701
1,3,4,14,14658
1,3,4,15,14729
1,3,4,16,14689
1,3,4,17,14717
1,3,4,18,14740
1,3,4,19,14690
1,3,4,20,14636
1,3,4,21,14626
1,3,4,22,14560
1,3,4,23,14670
1,3,4,24,14755
1,3,4,25,14657
1,3,4,26,14744
1,3,4,27,14734
1,3,4,28,14695
1,3,4,29,14711
1,3,4,30,14701
1,3,4,31,14779
1,4,4,0,26575
1,4,4,1,26615
1,4,4,2,26628
1,4,4,3,26669
1,4,4,4,26661
1,4,4,5,26758
1,4,4,6,26271
1,4,4,7,26637
1,4,4,8,26695
1,4,4,9,26645
1,4,4,10,26647
1,4,4,11,26687
1,4,4,12,26594
1,4,4,13,26698
1,4,4,14,26586
1,4,4,15,26664
1,4,4,16,26555
1,4,4,17,26622
1,4,4,18,26705
1,4,4,19,26687
1,4,4,20,26645
1,4,4,21,26608
1,4,4,22,26662
1,4,4,23,26577
1,4,4,24,26669
1,4,4,25,26578
1,4,4,26,26662
1,4,4,27,26700
1,4,4,28,26699
1,4,4,29,26670
1,4,4,30,26630
1,4,4,31,26500
1,5,4,0,26631
1,5,4,1,26675
1,5,4,2,26456
1,5,4,3,26795
1,5,4,4,26794
1,5,4,5,26794
1,5,4,6,26825
1,5,4,7,26887
1,5,4,8,26546
1,5,4,9,26751
1,5,4,10,26393
1,5,4,11,26599
1,5,4,12,26723
1,5,4,13,26869
1,5,4,14,26364
1,5,4,15,26638
1,5,4,16,27290
1,5,4,17,26731
1,5,4,18,26659
1,5,4,19,26588
1,5,4,20,26898
1,5,4,21,26315
1,5,4,22,26901
1,5,4,23,26863
1,5,4,24,26796
1,5,4,25,26912
1,5,4,26,26727
1,5,4,27,26838
1,5,4,28,26818
1,5,4,29,26943
1,5,4,30,26736
1,5,4,31,26439
1,6,4,0,27078
1,6,4,1,27510
1,6,4,2,27548
1,6,4,3,27554
1,6,4,4,27111
1,6,4,5,27526
1,6,4,6,27356
1,6,4,7,27588
1,6,4,8,27490
1,6,4,9,26976
1,6,4,10,27434
1,6,4,11,27219
1,6,4,12,27052
1,6,4,13,27495
1,6,4,14,27540
1,6,4,15,27477
1,6,4,16,27528
1,6,4,17,27432
1,6,4,18,27010
1,6,4,19,27464
1,6,4,20,27494
1,6,4,21,27559
1,6,4,22,27356
1,6,4,23,27547
1,6,4,24,27515
1,6,4,25,27503
1,6,4,26,27496
1,6,4,27,27551
1,6,4,28,27523
1,6,4,29,27606
1,6,4,30,27440
1,6,4,31,27493
1,7,4,0,27644
1,7,4,1,28058
1,7,4,2,28121
1,7,4,3,28017
1,7,4,4,28096
1,7,4,5,28058
1,7,4,6,27652
1,7,4,7,27804
1,7,4,8,27819
1,7,4,9,28084
1,7,4,10,27840
1,7,4,11,28609
1,7,4,12,27837
1,7,4,13,27839
1,7,4,14,27972
1,7,4,15,27882
1,7,4,16,27733
1,7,4,17,27622
1,7,4,18,28141
1,7,4,19,27779
1,7,4,20,27829
1,7,4,21,27607
1,7,4,22,28048
1,7,4,23,27866
1,7,4,24,27793
1,7,4,25,27609
1,7,4,26,27857
1,7,4,27,27692
1,7,4,28,27801
1,7,4,29,27805
1,7,4,30,27799
1,7,4,31,27836
1,8,4,0,27897
1,8,4,1,28361
1,8,4,2,28380
1,8,4,3,28301
1,8,4,4,28546
1,8,4,5,28312
1,8,4,6,28312
1,8,4,7,28176
1,8,4,8,28356
1,8,4,9,28279
1,8,4,10,28316
1,8,4,11,28341
1,8,4,12,28291
1,8,4,13,28014
1,8,4,14,27946
1,8,4,15,28407
1,8,4,16,28354
1,8,4,17,28357
1,8,4,18,28402
1,8,4,19,28407
1,8,4,20,28263
1,8,4,21,28478
1,8,4,22,28328
1,8,4,23,28283
1,8,4,24,27890
1,8,4,25,28025
1,8,4,26,28310
1,8,4,27,27946
1,8,4,28,28013
1,8,4,29,28000
1,8,4,30,28075
1,8,4,31,28088
1,9,4,0,28161
1,9,4,1,28165
1,9,4,2,28056
1,9,4,3,28370
1,9,4,4,29071
1,9,4,5,28199
1,9,4,6,28256
1,9,4,7,28194
1,9,4,8,28185
1,9,4,9,28305
1,9,4,10,28228
1,9,4,11,28480
1,9,4,12,28269
1,9,4,13,28220
1,9,4,14,27995
1,9,4,15,28399
1,9,4,16,28107
1,9,4,17,27966
1,9,4,18,27903
1,9,4,19,28004
1,9,4,20,28150
1,9,4,21,28133
1,9,4,22,28138
1,9,4,23,27875
1,9,4,24,28195
1,9,4,25,28066
1,9,4,26,28431
1,9,4,27,28205
1,9,4,28,28226
1,9,4,29,28399
1,9,4,30,28127
1,9,4,31,27965
2,0,4,0,706
2,0,4,1,671
2,0,4,2,649
2,0,4,3,673
2,0,4,4,668
2,0,4,5,664
2,0,4,6,677
2,0,4,7,669
2,0,4,8,650
2,0,4,9,674
2,0,4,10,655
2,0,4,11,652
2,0,4,12,652
2,0,4,13,661
2,0,4,14,667
2,0,4,15,684
2,0,4,16,682
2,0,4,17,663
2,0,4,18,665
2,0,4,19,671
2,0,4,20,674
2,0,4,21,661
2,0,4,22,664
2,0,4,23,658
2,0,4,24,685
2,0,4,25,653
2,0,4,26,670
2,0,4,27,650
2,0,4,28,666
2,0,4,29,675
2,0,4,30,675
2,0,4,31,672
2,1,4,0,1078
2,1,4,1,1124
2,1,4,2,1123
2,1,4,3,1129
2,1,4,4,1100
2,1,4,5,1097
2,1,4,6,1100
2,1,4,7,1100
2,1,4,8,1095
2,1,4,9,1098
2,1,4,10,1092
2,1,4,11,1090
2,1,4,12,1095
2,1,4,13,1095
2,1,4,14,1087
2,1,4,15,1099
2,1,4,16,1096
2,1,4,17,1105
2,1,4,18,1093
2,1,4,19,1091
2,1,4,20,1084
2,1,4,21,1090
2,1,4,22,1102
2,1,4,23,1111
2,1,4,24,1083
2,1,4,25,1093
2,1,4,26,1100
2,1,4,27,1095
2,1,4,28,1094
2,1,4,29,1084
2,1,4,30,1095
2,1,4,31,1100
2,2,4,0,2035
2,2,4,1,2049
2,2,4,2,2032
2,2,4,3,2029
2,2,4,4,2069
2,2,4,5,2056
2,2,4,6,2034
2,2,4,7,2078
2,2,4,8,2031
2,2,4,9,2042
2,2,4,10,2089
2,2,4,11,2031
2,2,4,12,2032
2,2,4,13,2038
2,2,4,14,2035
2,2,4,15,2063
2,2,4,16,2042
2,2,4,17,2061
2,2,4,18,2040
2,2,4,19,2053
2,2,4,20,2031
2,2,4,21,2033
2,2,4,22,2063
2,2,4,23,2071
2,2,4,24,2036
2,2,4,25,2064
2,2,4,26,2070
2,2,4,27,2046
2,2,4,28,2041
2,2,4,29,2051
2,2,4,30,2059
2,2,4,31,2040
2,3,4,0,2908
2,3,4,1,2896
2,3,4,2,2911
2,3,4,3,2912
2,3,4,4,2915
2,3,4,5,2902
2,3,4,6,2885
2,3,4,7,2854
2,3,4,8,2889
2,3,4,9,2913
2,3,4,10,2873
2,3,4,11,2875
2,3,4,12,2900
2,3,4,13,2912
2,3,4,14,2884
2,3,4,15,2891
2,3,4,16,2887
2,3,4,17,2888
2,3,4,18,2897
2,3,4,19,2901
2,3,4,20,2866
2,3,4,21,2873
2,3,4,22,2927
2,3,4,23,2904
2,3,4,24,2854
2,3,4,25,2907
2,3,4,26,2852
2,3,4,27,2887
2,3,4,28,2916
2,3,4,29,2897
2,3,4,30,2886
2,3,4,31,2873
2,4,4,0,3422
2,4,4,1,3424
2,4,4,2,3395
2,4,4,3,3439
2,4,4,4,3388
2,4,4,5,3415
2,4,4,6,3456
2,4,4,7,3407
2,4,4,8,3407
2,4,4,9,3415
2,4,4,10,3432
2,4,4,11,3407
2,4,4,12,3437
2,4,4,13,3390
2,4,4,14,3448
2,4,4,15,3418
2,4,4,16,3384
2,4,4,17,3440
2,4,4,18,3423
2,4,4,19,3381
2,4,4,20,3402
2,4,4,21,3433
2,4,4,22,3450
2,4,4,23,3400
2,4,4,24,3392
2,4,4,25,3383
2,4,4,26,3438
2,4,4,27,3366
2,4,4,28,3444
2,4,4,29,3421
2,4,4,30,3350
2,4,4,31,3440
2,5,4,0,3633
2,5,4,1,3641
2,5,4,2,3646
2,5,4,3,3605
2,5,4,4,3648
2,5,4,5,3637
2,5,4,6,3643
2,5,4,7,3683
2,5,4,8,3652
2,5,4,9,3712
2,5,4,10,3658
2,5,4,11,3670
2,5,4,12,3628
2,5,4,13,3616
2,5,4,14,3646
2,5,4,15,3627
2,5,4,16,3634
2,5,4,17,3624
2,5,4,18,3615
2,5,4,19,3664
2,5,4,20,3663
2,5,4,21,3637
2,5,4,22,3648
2,5,4,23,3677
2,5,4,24,3620
2,5,4,25,3669
2,5,4,26,3634
2,5,4,27,3657
2,5,4,28,3615
2,5,4,29,3627
2,5,4,30,3586
2,5,4,31,3650
2,6,4,0,15382
2,6,4,1,15381
2,6,4,2,15417
2,6,4,3,16110
2,6,4,4,15369
2,6,4,5,15551
2,6,4,6,15612
2,6,4,7,15279
2,6,4,8,15713
2,6,4,9,15603
2,6,4,10,15600
2,6,4,11,15353
2,6,4,12,15612
2,6,4,13,15592
2,6,4,14,15544
2,6,4,15,15300
2,6,4,16,15398
2,6,4,17,15459
2,6,4,18,15468
2,6,4,19,15413
2,6,4,20,15391
2,6,4,21,15490
2,6,4,22,15376
2,6,4,23,15609
2,6,4,24,15423
2,6,4,25,15616
2,6,4,26,15597
2,6,4,27,15551
2,6,4,28,15436
2,6,4,29,15652
2,6,4,30,15572
2,6,4,31,15602
2,7,4,0,15786
2,7,4,1,15759
2,7,4,2,15708
2,7,4,3,15602
2,7,4,4,15582
2,7,4,5,15599
2,7,4,6,15626
2,7,4,7,15559
2,7,4,8,15658
2,7,4,9,15575
2,7,4,10,15572
2,7,4,11,15552
2,7,4,12,15622
2,7,4,13,15788
2,7,4,14,15578
2,7,4,15,15901
2,7,4,16,15653
2,7,4,17,15559
2,7,4,18,15612
2,7,4,19,15704
2,7,4,20,15629
2,7,4,21,15777
2,7,4,22,15789
2,7,4,23,15788
2,7,4,24,15800
2,7,4,25,15767
2,7,4,26,15775
2,7,4,27,15788
2,7,4,28,15750
2,7,4,29,15892
2,7,4,30,15758
2,7,4,31,15716
2,8,4,0,18323
2,8,4,1,17927
2,8,4,2,17893
2,8,4,3,18233
2,8,4,4,17900
2,8,4,5,17975
2,8,4,6,18167
2,8,4,7,18151
2,8,4,8,18104
2,8,4,9,17997
2,8,4,10,18252
2,8,4,11,18254
2,8,4,12,17884
2,8,4,13,17968
2,8,4,14,17936
2,8,4,15,18260
2,8,4,16,18240
2,8,4,17,18224
2,8,4,18,17862
2,8,4,19,18260
2,8,4,20,18234
2,8,4,21,18221
2,8,4,22,18234
2,8,4,23,18306
2,8,4,24,17923
2,8,4,25,18041
2,8,4,26,18251
2,8,4,27,17919
2,8,4,28,17923
2,8,4,29,17877
2,8,4,30,18108
2,8,4,31,18278
2,9,4,0,18972
2,9,4,1,18836
2,9,4,2,19288
2,9,4,3,19203
2,9,4,4,19209
2,9,4,5,19077
2,9,4,6,18776
2,9,4,7,19102
2,9,4,8,18711
2,9,4,9,18731
2,9,4,10,19189
2,9,4,11,19014
2,9,4,12,18728
2,9,4,13,19138
2,9,4,14,18722
2,9,4,15,18741
2,9,4,16,18736
2,9,4,17,18779
2,9,4,18,18727
2,9,4,19,18880
2,9,4,20,18692
2,9,4,21,18731
2,9,4,22,19122
2,9,4,23,19155
2,9,4,24,19136
2,9,4,25,19107
2,9,4,26,18915
2,9,4,27,19057
2,9,4,28,19063
2,9,4,29,19059
2,9,4,30,19087
2,9,4,31,18774
2,10,4,0,19466
2,10,4,1,19624
2,10,4,2,19600
2,10,4,3,19476
2,10,4,4,19606
2,10,4,5,19574
2,10,4,6,19834
2,10,4,7,19871
2,10,4,8,19808
2,10,4,9,19774
2,10,4,10,19569
2,10,4,11,19529
2,10,4,12,19754
2,10,4,13,19437
2,10,4,14,19565
2,10,4,15,19512
2,10,4,16,19923
2,10,4,17,19807
2,10,4,18,19502
2,10,4,19,19520
2,10,4,20,19851
2,10,4,21,19905
2,10,4,22,19606
2,10,4,23,19582
2,10,4,24,19780
2,10,4,25,19764
2,10,4,26,19803
2,10,4,27,19873
2,10,4,28,19523
2,10,4,29,19883
2,10,4,30,19570
2,10,4,31,19532
0,9,5,0,21187
0,9,5,1,21388
0,9,5,2,21357
0,9,5,3,21138
0,9,5,4,21306
0,9,5,5,21605
0,9,5,6,21236
0,9,5,7,21810
0,9,5,8,21530
0,9,5,9,21349
0,9,5,10,21358
0,9,5,11,21253
0,9,5,12,21246
0,9,5,13,21275
0,9,5,14,21311
0,9,5,15,21329
0,9,5,16,21342
0,9,5,17,21170
0,9,5,18,21272
0,9,5,19,21370
0,9,5,20,21816
0,9,5,21,21229
0,9,5,22,21383
0,9,5,23,21462
0,9,5,24,21385
0,9,5,25,21223
0,9,5,26,21368
0,9,5,27,21306
0,9,5,28,21396
0,9,5,29,21298
0,9,5,30,21323
0,9,5,31,21277
0,8,5,0,21169
0,8,5,1,21426
0,8,5,2,21268
0,8,5,3,21472
0,8,5,4,21468
0,8,5,5,21106
0,8,5,6,21152
0,8,5,7,21303
0,8,5,8,21325
0,8,5,9,21169
0,8,5,10,21069
0,8,5,11,21037
0,8,5,12,21120
0,8,5,13,21184
0,8,5,14,21407
0,8,5,15,21305
0,8,5,16,21343
0,8,5,17,21221
0,8,5,18,21029
0,8,5,19,21336
0,8,5,20,21034
0,8,5,21,21165
0,8,5,22,21197
0,8,5,23,21175
0,8,5,24,21271
0,8,5,25,21140
0,8,5,26,21147
0,8,5,27,21064
0,8,5,28,21222
0,8,5,29,21246
0,8,5,30,21443
0,8,5,31,21115
0,7,5,0,10471
0,7,5,1,10644
0,7,5,2,10496
0,7,5,3,10607
0,7,5,4,10497
0,7,5,5,10593
0,7,5,6,10508
0,7,5,7,10580
0,7,5,8,10633
0,7,5,9,10637
0,7,5,10,10620
0,7,5,11,10679
0,7,5,12,10677
0,7,5,13,10457
0,7,5,14,10595
0,7,5,15,10630
0,7,5,16,10639
0,7,5,17,10602
0,7,5,18,10613
0,7,5,19,10568
0,7,5,20,10605
0,7,5,21,10668
0,7,5,22,10552
0,7,5,23,10572
0,7,5,24,10626
0,7,5,25,10633
0,7,5,26,10678
0,7,5,27,10572
0,7,5,28,10596
0,7,5,29,10611
0,7,5,30,10553
0,7,5,31,10634
0,6,5,0,9815
0,6,5,1,9643
0,6,5,2,9632
0,6,5,3,9651
0,6,5,4,9702
0,6,5,5,9695
0,6,5,6,9713
0,6,5,7,9684
0,6,5,8,9675
0,6,5,9,9712
0,6,5,10,9639
0,6,5,11,9653
0,6,5,12,9687
0,6,5,13,9669
0,6,5,14,9710
0,6,5,15,9729
0,6,5,16,9636
0,6,5,17,9720
0,6,5,18,9748
0,6,5,19,9688
0,6,5,20,9750
0,6,5,21,9724
0,6,5,22,9717
0,6,5,23,9800
0,6,5,24,9755
0,6,5,25,9700
0,6,5,26,9652
0,6,5,27,9665
0,6,5,28,9655
0,6,5,29,9686
0,6,5,30,9989
0,6,5,31,9735
0,5,5,0,8830
0,5,5,1,9095
0,5,5,2,8869
0,5,5,3,8899
0,5,5,4,8869
0,5,5,5,8912
0,5,5,6,8863
0,5,5,7,8882
0,5,5,8,8813
0,5,5,9,8865
0,5,5,10,8910
0,5,5,11,8940
0,5,5,12,8913
0,5,5,13,8917
0,5,5,14,8925
0,5,5,15,9003
0,5,5,16,8927
0,5,5,17,8921
0,5,5,18,8893
0,5,5,19,8918
0,5,5,20,8991
0,5,5,21,8870
0,5,5,22,8898
0,5,5,23,8890
0,5,5,24,9016
0,5,5,25,8888
0,5,5,26,8971
0,5,5,27,9009
0,5,5,28,8961
0,5,5,29,8932
0,5,5,30,8890
0,5,5,31,8820
0,4,5,0,7728
0,4,5,1,7748
0,4,5,2,7829
0,4,5,3,7933
0,4,5,4,7854
0,4,5,5,7823
0,4,5,6,7879
0,4,5,7,7894
0,4,5,8,7873
0,4,5,9,7921
0,4,5,10,7860
0,4,5,11,7686
0,4,5,12,7837
0,4,5,13,7966
0,4,5,14,7877
0,4,5,15,7887
0,4,5,16,7763
0,4,5,17,7999
0,4,5,18,7899
0,4,5,19,7769
0,4,5,20,7908
0,4,5,21,7840
0,4,5,22,7856
0,4,5,23,7941
0,4,5,24,7702
0,4,5,25,7820
0,4,5,26,7735
0,4,5,27,7877
0,4,5,28,7938
0,4,5,29,7786
0,4,5,30,7783
0,4,5,31,7989
0,3,5,0,7098
0,3,5,1,7124
0,3,5,2,7150
0,3,5,3,7108
0,3,5,4,7043
0,3,5,5,7050
0,3,5,6,7142
0,3,5,7,7104
0,3,5,8,7002
0,3,5,9,7071
0,3,5,10,7146
0,3,5,11,7119
0,3,5,12,7088
0,3,5,13,7099
0,3,5,14,7132
0,3,5,15,7142
0,3,5,16,7002
0,3,5,17,6971
0,3,5,18,7050
0,3,5,19,7136
0,3,5,20,7115
0,3,5,21,7231
0,3,5,22,7089
0,3,5,23,7004
0,3,5,24,7170
0,3,5,25,7064
0,3,5,26,7106
0,3,5,27,6990
0,3,5,28,7151
0,3,5,29,7175
0,3,5,30,7039
0,3,5,31,7131
0,2,5,0,4523
0,2,5,1,4630
0,2,5,2,4574
0,2,5,3,4598
0,2,5,4,4592
0,2,5,5,4564
0,2,5,6,4608
0,2,5,7,4590
0,2,5,8,4597
0,2,5,9,4561
0,2,5,10,4603
0,2,5,11,4577
0,2,5,12,4568
0,2,5,13,4531
0,2,5,14,4635
0,2,5,15,4552
0,2,5,16,4549
0,2,5,17,4563
0,2,5,18,4561
0,2,5,19,4569
0,2,5,20,4599
0,2,5,21,4594
0,2,5,22,4591
0,2,5,23,4613
0,2,5,24,4598
0,2,5,25,4630
0,2,5,26,4589
0,2,5,27,4548
0,2,5,28,4600
0,2,5,29,4558
0,2,5,30,4550
0,2,5,31,4581
0,1,5,0,3529
0,1,5,1,3553
0,1,5,2,3518
0,1,5,3,3492
0,1,5,4,3510
0,1,5,5,3546
0,1,5,6,3433
0,1,5,7,3532
0,1,5,8,3545
0,1,5,9,3538
0,1,5,10,3547
0,1,5,11,3537
0,1,5,12,3519
0,1,5,13,3538
0,1,5,14,3542
0,1,5,15,3559
0,1,5,16,3515
0,1,5,17,3539
0,1,5,18,3534
0,1,5,19,3517
0,1,5,20,3540
0,1,5,21,3525
0,1,5,22,3535
0,1,5,23,3577
0,1,5,24,3450
0,1,5,25,3540
0,1,5,26,3513
0,1,5,27,3528
0,1,5,28,3561
0,1,5,29,3542
0,1,5,30,3577
0,1,5,31,3562
0,0,5,0,2791
0,0,5,1,2798
0,0,5,2,2781
0,0,5,3,2810
0,0,5,4,2786
0,0,5,5,2796
0,0,5,6,2785
0,0,5,7,2763
0,0,5,8,2777
0,0,5,9,2790
0,0,5,10,2773
0,0,5,11,2791
0,0,5,12,2796
0,0,5,13,2793
0,0,5,14,2777
0,0,5,15,2800
0,0,5,16,2813
0,0,5,17,2779
0,0,5,18,2812
0,0,5,19,2795
0,0,5,20,2772
0,0,5,21,2795
0,0,5,22,2785
0,0,5,23,2781
0,0,5,24,2828
0,0,5,25,2817
0,0,5,26,2794
0,0,5,27,2797
0,0,5,28,2787
0,0,5,29,2792
0,0,5,30,2802
0,0,5,31,2771
1,9,5,0,28242
1,9,5,1,28406
1,9,5,2,28333
1,9,5,3,28741
1,9,5,4,27896
1,9,5,5,28119
1,9,5,6,28084
1,9,5,7,28106
1,9,5,8,28175
1,9,5,9,28482
1,9,5,10,28329
1,9,5,11,28460
1,9,5,12,28316
1,9,5,13,28412
1,9,5,14,28415
1,9,5,15,28180
1,9,5,16,27922
1,9,5,17,28025
1,9,5,18,28125
1,9,5,19,28190
1,9,5,20,28483
1,9,5,21,28444
1,9,5,22,27879
1,9,5,23,27988
1,9,5,24,28327
1,9,5,25,28417
1,9,5,26,28246
1,9,5,27,28149
1,9,5,28,28257
1,9,5,29,28156
1,9,5,30,28052
1,9,5,31,28186
1,8,5,0,28267
1,8,5,1,28355
1,8,5,2,28327
1,8,5,3,28397
1,8,5,4,28345
1,8,5,5,27855
1,8,5,6,28395
1,8,5,7,28363
1,8,5,8,28433
1,8,5,9,28246
1,8,5,10,28291
1,8,5,11,28290
1,8,5,12,28340
1,8,5,13,27773
1,8,5,14,28274
1,8,5,15,28359
1,8,5,16,28340
1,8,5,17,28319
1,8,5,18,28284
1,8,5,19,28269
1,8,5,20,28251
1,8,5,21,27831
1,8,5,22,28123
1,8,5,23,28360
1,8,5,24,27940
1,8,5,25,28288
1,8,5,26,28293
1,8,5,27,28258
1,8,5,28,28322
1,8,5,29,28243
1,8,5,30,28377
1,8,5,31,27907
1,7,5,0,27810
1,7,5,1,28155
1,7,5,2,27968
1,7,5,3,28107
1,7,5,4,27996
1,7,5,5,27616
1,7,5,6,28120
1,7,5,7,28042
1,7,5,8,28049
1,7,5,9,28089
1,7,5,10,28076
1,7,5,11,28019
1,7,5,12,28042
1,7,5,13,27679
1,7,5,14,27737
1,7,5,15,28096
1,7,5,16,27865
1,7,5,17,27979
1,7,5,18,28153
1,7,5,19,27727
1,7,5,20,28089
1,7,5,21,27831
1,7,5,22,27785
1,7,5,23,28107
1,7,5,24,28166
1,7,5,25,28050
1,7,5,26,28027
1,7,5,27,27967
1,7,5,28,28015
1,7,5,29,28009
1,7,5,30,27954
1,7,5,31,27788
1,6,5,0,27277
1,6,5,1,27030
1,6,5,2,27069
1,6,5,3,27028
1,6,5,4,27257
1,6,5,5,27311
1,6,5,6,27201
1,6,5,7,27355
1,6,5,8,26933
1,6,5,9,27504
1,6,5,10,27375
1,6,5,11,27537
1,6,5,12,27539
1,6,5,13,27611
1,6,5,14,27169
1,6,5,15,27522
1,6,5,16,27504
1,6,5,17,27412
1,6,5,18,27059
1,6,5,19,27535
1,6,5,20,27547
1,6,5,21,27581
1,6,5,22,27534
1,6,5,23,27360
1,6,5,24,27462
1,6,5,25,27513
1,6,5,26,27551
1,6,5,27,27613
1,6,5,28,27217
1,6,5,29,27352
1,6,5,30,27305
1,6,5,31,27119
1,5,5,0,26844
1,5,5,1,26850
1,5,5,2,26792
1,5,5,3,26759
1,5,5,4,26783
1,5,5,5,26819
1,5,5,6,26762
1,5,5,7,26523
1,5,5,8,26750
1,5,5,9,26293
1,5,5,10,26715
1,5,5,11,26815
1,5,5,12,26778
1,5,5,13,26578
1,5,5,14,26250
1,5,5,15,26391
1,5,5,16,26907
1,5,5,17,26489
1,5,5,18,26452
1,5,5,19,26364
1,5,5,20,26306
1,5,5,21,26755
1,5,5,22,26555
1,5,5,23,26840
1,5,5,24,26329
1,5,5,25,26376
1,5,5,26,26503
1,5,5,27,26722
1,5,5,28,26547
1,5,5,29,26624
1,5,5,30,26342
1,5,5,31,26363
1,4,5,0,26748
1,4,5,1,26648
1,4,5,2,26365
1,4,5,3,26310
1,4,5,4,26192
1,4,5,5,26558
1,4,5,6,26233
1,4,5,7,26247
1,4,5,8,26232
1,4,5,9,26262
1,4,5,10,26277
1,4,5,11,26217
1,4,5,12,26747
1,4,5,13,26638
1,4,5,14,26605
1,4,5,15,26494
1,4,5,16,26246
1,4,5,17,26447
1,4,5,18,26626
1,4,5,19,26573
1,4,5,20,26289
1,4,5,21,26248
1,4,5,22,26240
1,4,5,23,27092
1,4,5,24,26561
1,4,5,25,26166
1,4,5,26,26530
1,4,5,27,26070
1,4,5,28,26445
1,4,5,29,26351
1,4,5,30,26737
1,4,5,31,26087
1,3,5,0,14592
1,3,5,1,14697
1,3,5,2,14637
1,3,5,3,14659
1,3,5,4,14433
1,3,5,5,14677
1,3,5,6,14651
1,3,5,7,14549
1,3,5,8,14389
1,3,5,9,14471
1,3,5,10,14521
1,3,5,11,14648
1,3,5,12,14661
1,3,5,13,14621
1,3,5,14,14427
1,3,5,15,14697
1,3,5,16,14631
1,3,5,17,14647
1,3,5,18,14642
1,3,5,19,14679
1,3,5,20,14661
1,3,5,21,14542
1,3,5,22,14386
1,3,5,23,14469
1,3,5,24,14716
1,3,5,25,14627
1,3,5,26,14663
1,3,5,27,14675
1,3,5,28,14637
1,3,5,29,14650
1,3,5,30,14574
1,3,5,31,14648
1,2,5,0,14402
1,2,5,1,14497
1,2,5,2,14473
1,2,5,3,14478
1,2,5,4,14299
1,2,5,5,14194
1,2,5,6,14457
1,2,5,7,14475
1,2,5,8,14456
1,2,5,9,14531
1,2,5,10,14445
1,2,5,11,14120
1,2,5,12,14506
1,2,5,13,14277
1,2,5,14,14453
1,2,5,15,14163
1,2,5,16,14404
1,2,5,17,14462
1,2,5,18,14463
1,2,5,19,14221
1,2,5,20,14468
1,2,5,21,14416
1,2,5,22,14489
1,2,5,23,14243
1,2,5,24,14532
1,2,5,25,14501
1,2,5,26,14409
1,2,5,27,14455
1,2,5,28,14481
1,2,5,29,14474
1,2,5,30,14387
1,2,5,31,14501
1,1,5,0,13503
1,1,5,1,13688
1,1,5,2,13673
1,1,5,3,13738
1,1,5,4,13768
1,1,5,5,13741
1,1,5,6,13755
1,1,5,7,13462
1,1,5,8,13699
1,1,5,9,13465
1,1,5,10,13463
1,1,5,11,13742
1,1,5,12,13509
1,1,5,13,13778
1,1,5,14,13517
1,1,5,15,13439
1,1,5,16,13409
1,1,5,17,13729
1,1,5,18,13454
1,1,5,19,13455
1,1,5,20,13468
1,1,5,21,13538
1,1,5,22,13639
1,1,5,23,13533
1,1,5,24,13785
1,1,5,25,13462
1,1,5,26,13795
1,1,5,27,13508
1,1,5,28,14079
1,1,5,29,13694
1,1,5,30,13595
1,1,5,31,13493
1,0,5,0,362
1,0,5,1,354
1,0,5,2,368
1,0,5,3,365
1,0,5,4,370
1,0,5,5,367
1,0,5,6,363
1,0,5,7,362
1,0,5,8,366
1,0,5,9,378
1,0,5,10,361
1,0,5,11,364
1,0,5,12,369
1,0,5,13,351
1,0,5,14,358
1,0,5,15,361
1,0,5,16,360
1,0,5,17,362
1,0,5,18,373
1,0,5,19,358
1,0,5,20,358
1,0,5,21,367
1,0,5,22,372
1,0,5,23,362
1,0,5,24,352
1,0,5,25,363
1,0,5,26,359
1,0,5,27,358
1,0,5,28,360
1,0,5,29,364
1,0,5,30,368
1,0,5,31,369
2,10,5,0,19762
2,10,5,1,19671
2,10,5,2,19631
2,10,5,3,19755
2,10,5,4,19812
2,10,5,5,19848
2,10,5,6,19802
2,10,5,7,19580
2,10,5,8,19802
2,10,5,9,19773
2,10,5,10,19815
2,10,5,11,19705
2,10,5,12,19804
2,10,5,13,19514
2,10,5,14,19746
2,10,5,15,19558
2,10,5,16,19534
2,10,5,17,19789
2,10,5,18,19448
2,10,5,19,19414
2,10,5,20,19481
2,10,5,21,19524
2,10,5,22,19825
2,10,5,23,19796
2,10,5,24,19872
2,10,5,25,19387
2,10,5,26,19631
2,10,5,27,19517
2,10,5,28,19486
2,10,5,29,19796
2,10,5,30,19836
2,10,5,31,19811
2,9,5,0,19199
2,9,5,1,18947
2,9,5,2,18638
2,9,5,3,18837
2,9,5,4,18773
2,9,5,5,19120
2,9,5,6,18741
2,9,5,7,18755
2,9,5,8,19034
2,9,5,9,19036
2,9,5,10,19110
2,9,5,11,18949
2,9,5,12,19117
2,9,5,13,18776
2,9,5,14,19172
2,9,5,15,18703
2,9,5,16,19195
2,9,5,17,19071
2,9,5,18,19054
2,9,5,19,19196
2,9,5,20,19034
2,9,5,21,19026
2,9,5,22,19026
2,9,5,23,18795
2,9,5,24,19022
2,9,5,25,19107
2,9,5,26,19199
2,9,5,27,19025
2,9,5,28,19121
2,9,5,29,19136
2,9,5,30,19062
2,9,5,31,18737
2,8,5,0,18024
2,8,5,1,17900
2,8,5,2,18270
2,8,5,3,18270
2,8,5,4,18183
2,8,5,5,17930
2,8,5,6,17933
2,8,5,7,17931
2,8,5,8,17905
2,8,5,9,17938
2,8,5,10,18773
2,8,5,11,18236
2,8,5,12,18266
2,8,5,13,18001
2,8,5,14,17979
2,8,5,15,18259
2,8,5,16,18221
2,8,5,17,18136
2,8,5,18,18192
2,8,5,19,18264
2,8,5,20,18146
2,8,5,21,17940
2,8,5,22,18328
2,8,5,23,18203
2,8,5,24,18212
2,8,5,25,18220
2,8,5,26,18291
2,8,5,27,18262
2,8,5,28,17989
2,8,5,29,18146
2,8,5,30,18179
2,8,5,31,18114
2,7,5,0,15476
2,7,5,1,15557
2,7,5,2,15711
2,7,5,3,15712
2,7,5,4,15772
2,7,5,5,15861
2,7,5,6,15838
2,7,5,7,15794
2,7,5,8,15600
2,7,5,9,15840
2,7,5,10,15800
2,7,5,11,15770
2,7,5,12,15602
2,7,5,13,15723
2,7,5,14,15563
2,7,5,15,15560
2,7,5,16,15770
2,7,5,17,15772
2,7,5,18,15744
2,7,5,19,15603
2,7,5,20,15707
2,7,5,21,15782
2,7,5,22,15754
2,7,5,23,15728
2,7,5,24,15729
2,7,5,25,15865
2,7,5,26,15741
2,7,5,27,15772
2,7,5,28,15744
2,7,5,29,15840
2,7,5,30,15729
2,7,5,31,15760
2,6,5,0,15555
2,6,5,1,15600
2,6,5,2,15588
2,6,5,3,15678
2,6,5,4,15543
2,6,5,5,15637
2,6,5,6,15656
2,6,5,7,15577
2,6,5,8,15660
2,6,5,9,15616
2,6,5,10,15616
2,6,5,11,15508
2,6,5,12,15516
2,6,5,13,15616
2,6,5,14,15581
2,6,5,15,15578
2,6,5,16,15369
2,6,5,17,15521
2,6,5,18,15363
2,6,5,19,15584
2,6,5,20,15592
2,6,5,21,15645
2,6,5,22,15647
2,6,5,23,15638
2,6,5,24,15592
2,6,5,25,15567
2,6,5,26,15685
2,6,5,27,15442
2,6,5,28,15418
2,6,5,29,15565
2,6,5,30,15649
2,6,5,31,15640
2,5,5,0,3618
2,5,5,1,3594
2,5,5,2,3639
2,5,5,3,3656
2,5,5,4,3618
2,5,5,5,3673
2,5,5,6,3587
2,5,5,7,3649
2,5,5,8,3695
2,5,5,9,3633
2,5,5,10,3651
2,5,5,11,3620
2,5,5,12,3619
2,5,5,13,3608
2,5,5,14,3610
2,5,5,15,3626
2,5,5,16,3637
2,5,5,17,3616
2,5,5,18,3606
2,5,5,19,3650
2,5,5,20,3626
2,5,5,21,3632
2,5,5,22,3640
2,5,5,23,3633
2,5,5,24,3632
2,5,5,25,3663
2,5,5,26,3674
2,5,5,27,3645
2,5,5,28,3635
2,5,5,29,3633
2,5,5,30,3654
2,5,5,31,3648
2,4,5,0,3447
2,4,5,1,3414
2,4,5,2,3415
2,4,5,3,3407
2,4,5,4,3412
2,4,5,5,3400
2,4,5,6,3397
2,4,5,7,3467
2,4,5,8,3427
2,4,5,9,3455
2,4,5,10,3385
2,4,5,11,3455
2,4,5,12,3414
2,4,5,13,3385
2,4,5,14,3399
2,4,5,15,3413
2,4,5,16,3442
2,4,5,17,3428
2,4,5,18,3435
2,4,5,19,3409
2,4,5,20,3409
2,4,5,21,3391
2,4,5,22,3405
2,4,5,23,3394
2,4,5,24,3383
2,4,5,25,3469
2,4,5,26,3444
2,4,5,27,3427
2,4,5,28,3422
2,4,5,29,3433
2,4,5,30,3416
2,4,5,31,3410
2,3,5,0,2901
2,3,5,1,2892
2,3,5,2,2896
2,3,5,3,2851
2,3,5,4,2890
2,3,5,5,2856
2,3,5,6,2881
2,3,5,7,2899
2,3,5,8,2909
2,3,5,9,2904
2,3,5,10,2999
2,3,5,11,2859
2,3,5,12,2872
2,3,5,13,2898
2,3,5,14,2891
2,3,5,15,2912
2,3,5,16,2859
2,3,5,17,2882
2,3,5,18,2863
2,3,5,19,2859
2,3,5,20,2881
2,3,5,21,2872
2,3,5,22,2872
2,3,5,23,2873
2,3,5,24,2902
2,3,5,25,2913
2,3,5,26,2897
2,3,5,27,2930
2,3,5,28,2899
2,3,5,29,2916
2,3,5,30,2888
2,3,5,31,2894
2,2,5,0,2040
2,2,5,1,2030
2,2,5,2,2059
2,2,5,3,2045
2,2,5,4,2035
2,2,5,5,2050
2,2,5,6,2027
2,2,5,7,2025
2,2,5,8,2053
2,2,5,9,2043
2,2,5,10,2067
2,2,5,11,2045
2,2,5,12,2058
2,2,5,13,2073
2,2,5,14,2040
2,2,5,15,2067
2,2,5,16,2064
2,2,5,17,2062
2,2,5,18,2044
2,2,5,19,2040
2,2,5,20,2055
2,2,5,21,2013
2,2,5,22,2041
2,2,5,23,2030
2,2,5,24,2049
2,2,5,25,2050
2,2,5,26,2060
2,2,5,27,2028
2,2,5,28,2055
2,2,5,29,2084
2,2,5,30,2060
2,2,5,31,2023
2,1,5,0,1088
2,1,5,1,1097
2,1,5,2,1112
2,1,5,3,1084
2,1,5,4,1083
2,1,5,5,1079
2,1,5,6,1094
2,1,5,7,1094
2,1,5,8,1102
2,1,5,9,1085
2,1,5,10,1096
2,1,5,11,1111
2,1,5,12,1092
2,1,5,13,1089
2,1,5,14,1087
2,1,5,15,1097
2,1,5,16,1120
2,1,5,17,1093
2,1,5,18,1099
2,1,5,19,1090
2,1,5,20,1100
2,1,5,21,1106
2,1,5,22,1085
2,1,5,23,1093
2,1,5,24,1084
2,1,5,25,1093
2,1,5,26,1107
2,1,5,27,1103
2,1,5,28,1104
2,1,5,29,1092
2,1,5,30,1099
2,1,5,31,1085
2,0,5,0,661
2,0,5,1,683
2,0,5,2,670
2,0,5,3,669
2,0,5,4,667
2,0,5,5,646
2,0,5,6,658
2,0,5,7,688
2,0,5,8,671
2,0,5,9,648
2,0,5,10,664
2,0,5,11,661
2,0,5,12,651
2,0,5,13,683
2,0,5,14,651
2,0,5,15,675
2,0,5,16,674
2,0,5,17,649
2,0,5,18,671
2,0,5,19,666
2,0,5,20,664
2,0,5,21,655
2,0,5,22,666
2,0,5,23,668
2,0,5,24,668
2,0,5,25,654
2,0,5,26,659
2,0,5,27,648
2,0,5,28,648
2,0,5,29,669
2,0,5,30,666
2,0,5,31,665
0,0,6,0,2728
0,0,6,1,2793
0,0,6,2,2778
0,0,6,3,2791
0,0,6,4,2805
0,0,6,5,2795
0,0,6,6,2818
0,0,6,7,2791
0,0,6,8,2793
0,0,6,9,2793
0,0,6,10,2791
0,0,6,11,2780
0,0,6,12,2798
0,0,6,13,2811
0,0,6,14,2780
0,0,6,15,2786
0,0,6,16,2825
0,0,6,17,2806
0,0,6,18,2794
0,0,6,19,2778
0,0,6,20,2769
0,0,6,21,2801
0,0,6,22,2780
0,0,6,23,2788
0,0,6,24,2796
0,0,6,25,2774
0,0,6,26,2784
0,0,6,27,2808
0,0,6,28,2790
0,0,6,29,2841
0,0,6,30,2776
0,0,6,31,2775
0,1,6,0,3558
0,1,6,1,3545
0,1,6,2,3533
0,1,6,3,3585
0,1,6,4,3560
0,1,6,5,3534
0,1,6,6,3554
0,1,6,7,3537
0,1,6,8,3563
0,1,6,9,3552
0,1,6,10,3541
0,1,6,11,3547
0,1,6,12,3536
0,1,6,13,3508
0,1,6,14,3491
0,1,6,15,3541
0,1,6,16,3550
0,1,6,17,3571
0,1,6,18,3470
0,1,6,19,3526
0,1,6,20,3512
0,1,6,21,3515
0,1,6,22,3521
0,1,6,23,3553
0,1,6,24,3508
0,1,6,25,3532
0,1,6,26,3515
0,1,6,27,3547
0,1,6,28,3524
0,1,6,29,3536
0,1,6,30,3555
0,1,6,31,3531
0,2,6,0,4559
0,2,6,1,4582
0,2,6,2,4595
0,2,6,3,4587
0,2,6,4,4538
0,2,6,5,4589
0,2,6,6,4601
0,2,6,7,4573
0,2,6,8,4556
0,2,6,9,4558
0,2,6,10,4611
0,2,6,11,4622
0,2,6,12,4564
0,2,6,13,4634
0,2,6,14,4624
0,2,6,15,4604
0,2,6,16,4517
0,2,6,17,4640
0,2,6,18,4573
0,2,6,19,4570
0,2,6,20,4602
0,2,6,21,4615
0,2,6,22,4578
0,2,6,23,4547
0,2,6,24,4580
0,2,6,25,4603
0,2,6,26,4610
0,2,6,27,4561
0,2,6,28,4573
0,2,6,29,4553
0,2,6,30,4597
0,2,6,31,4574
0,3,6,0,6995
0,3,6,1,7207
0,3,6,2,7041
0,3,6,3,7159
0,3,6,4,7032
0,3,6,5,7216
0,3,6,6,7178
0,3,6,7,7162
0,3,6,8,7113
0,3,6,9,7125
0,3,6,10,7172
0,3,6,11,7173
0,3,6,12,7109
0,3,6,13,7068
0,3,6,14,7132
0,3,6,15,7151
0,3,6,16,7033
0,3,6,17,7168
0,3,6,18,7233
0,3,6,19,7113
0,3,6,20,7157
0,3,6,21,7128
0,3,6,22,7150
0,3,6,23,7200
0,3,6,24,7154
0,3,6,25,7031
0,3,6,26,7113
0,3,6,27,7049
0,3,6,28,7033
0,3,6,29,7069
0,3,6,30,7052
0,3,6,31,7056
0,4,6,0,7922
0,4,6,1,7714
0,4,6,2,7918
0,4,6,3,7886
0,4,6,4,7953
0,4,6,5,7936
0,4,6,6,7887
0,4,6,7,7881
0,4,6,8,7805
0,4,6,9,7865
0,4,6,10,7893
0,4,6,11,7931
0,4,6,12,7859
0,4,6,13,7917
0,4,6,14,7872
0,4,6,15,7819
0,4,6,16,7945
0,4,6,17,7872
0,4,6,18,7924
0,4,6,19,7962
0,4,6,20,7799
0,4,6,21,7918
0,4,6,22,7901
0,4,6,23,7849
0,4,6,24,7837
0,4,6,25,7933
0,4,6,26,7922
0,4,6,27,7866
0,4,6,28,7874
0,4,6,29,7872
0,4,6,30,7766
0,4,6,31,7884
0,5,6,0,8717
0,5,6,1,8993
0,5,6,2,8954
0,5,6,3,8858
0,5,6,4,8921
0,5,6,5,8909
0,5,6,6,8922
0,5,6,7,8905
0,5,6,8,8973
0,5,6,9,8930
0,5,6,10,8933
0,5,6,11,8937
0,5,6,12,8927
0,5,6,13,8882
0,5,6,14,8934
0,5,6,15,8865
0,5,6,16,8961
0,5,6,17,9019
0,5,6,18,8945
0,5,6,19,8977
0,5,6,20,8914
0,5,6,21,8920
0,5,6,22,8934
0,5,6,23,8925
0,5,6,24,8916
0,5,6,25,8923
0,5,6,26,8870
0,5,6,27,8902
0,5,6,28,8885
0,5,6,29,8918
0,5,6,30,8805
0,5,6,31,8987
0,6,6,0,9693
0,6,6,1,9603
0,6,6,2,9638
0,6,6,3,9629
0,6,6,4,9741
0,6,6,5,9660
0,6,6,6,9480
0,6,6,7,9676
0,6,6,8,9556
0,6,6,9,9707
0,6,6,10,9823
0,6,6,11,9736
0,6,6,12,9655
0,6,6,13,9661
0,6,6,14,9713
0,6,6,15,9638
0,6,6,16,9662
0,6,6,17,9652
0,6,6,18,9660
0,6,6,19,9637
0,6,6,20,9646
0,6,6,21,9629
0,6,6,22,9693
0,6,6,23,9675
0,6,6,24,9571
0,6,6,25,9691
0,6,6,26,9692
0,6,6,27,9641
0,6,6,28,9566
0,6,6,29,9637
0,6,6,30,9558
0,6,6,31,9690
0,7,6,0,10647
0,7,6,1,10690
0,7,6,2,10649
0,7,6,3,10638
0,7,6,4,10731
0,7,6,5,10632
0,7,6,6,10671
0,7,6,7,10614
0,7,6,8,10661
0,7,6,9,10708
0,7,6,10,10564
0,7,6,11,10633
0,7,6,12,10672
0,7,6,13,10614
0,7,6,14,10643
0,7,6,15,10662
0,7,6,16,10633
0,7,6,17,10664
0,7,6,18,10628
0,7,6,19,10664
0,7,6,20,10630
0,7,6,21,10652
0,7,6,22,10604
0,7,6,23,10647
0,7,6,24,10627
0,7,6,25,10632
0,7,6,26,10583
0,7,6,27,10594
0,7,6,28,10836
0,7,6,29,10660
0,7,6,30,10613
0,7,6,31,10559
0,8,6,0,21395
0,8,6,1,21354
0,8,6,2,21292
0,8,6,3,21319
0,8,6,4,21245
0,8,6,5,21162
0,8,6,6,21381
0,8,6,7,21215
0,8,6,8,21421
0,8,6,9,21200
0,8,6,10,21461
0,8,6,11,21226
0,8,6,12,21137
0,8,6,13,21080
0,8,6,14,21470
0,8,6,15,21409
0,8,6,16,21470
0,8,6,17,21457
0,8,6,18,21097
0,8,6,19,21657
0,8,6,20,21435
0,8,6,21,21439
0,8,6,22,21382
0,8,6,23,21377
0,8,6,24,21375
0,8,6,25,21177
0,8,6,26,21179
0,8,6,27,21141
0,8,6,28,21429
0,8,6,29,21175
0,8,6,30,21204
0,8,6,31,21351
0,9,6,0,21430
0,9,6,1,21538
0,9,6,2,21612
0,9,6,3,21589
0,9,6,4,21528
0,9,6,5,21667
0,9,6,6,21538
0,9,6,7,21642
0,9,6,8,21306
0,9,6,9,21301
0,9,6,10,21268
0,9,6,11,21485
0,9,6,12,21348
0,9,6,13,21186
0,9,6,14,21284
0,9,6,15,21613
0,9,6,16,21314
0,9,6,17,21637
0,9,6,18,21480
0,9,6,19,21658
0,9,6,20,21348
0,9,6,21,21286
0,9,6,22,21272
0,9,6,23,21295
0,9,6,24,21366
0,9,6,25,21440
0,9,6,26,21239
0,9,6,27,21716
0,9,6,28,21692
0,9,6,29,21368
0,9,6,30,21292
0,9,6,31,21273
1,0,6,0,376
1,0,6,1,365
1,0,6,2,362
1,0,6,3,368
1,0,6,4,368
1,0,6,5,376
1,0,6,6,372
1,0,6,7,362
1,0,6,8,370
1,0,6,9,370
1,0,6,10,377
1,0,6,11,364
1,0,6,12,371
1,0,6,13,372
1,0,6,14,375
1,0,6,15,373
1,0,6,16,379
1,0,6,17,366
1,0,6,18,366
1,0,6,19,354
1,0,6,20,359
1,0,6,21,359
1,0,6,22,368
1,0,6,23,360
1,0,6,24,357
1,0,6,25,367
1,0,6,26,368
1,0,6,27,385
1,0,6,28,373
1,0,6,29,364
1,0,6,30,369
1,0,6,31,369
1,1,6,0,13721
1,1,6,1,13716
1,1,6,2,13669
1,1,6,3,13743
1,1,6,4,13698
1,1,6,5,13702
1,1,6,6,13755
1,1,6,7,13468
1,1,6,8,13488
1,1,6,9,13632
1,1,6,10,13741
1,1,6,11,13713
1,1,6,12,13735
1,1,6,13,13642
1,1,6,14,13699
1,1,6,15,13696
1,1,6,16,13751
1,1,6,17,13706
1,1,6,18,13739
1,1,6,19,13686
1,1,6,20,13697
1,1,6,21,13759
1,1,6,22,13744
1,1,6,23,13722
1,1,6,24,13715
1,1,6,25,13677
1,1,6,26,13686
1,1,6,27,13672
1,1,6,28,13709
1,1,6,29,13750
1,1,6,30,13642
1,1,6,31,13700
1,2,6,0,14399
1,2,6,1,14476
1,2,6,2,14398
1,2,6,3,14467
1,2,6,4,14191
1,2,6,5,14403
1,2,6,6,14447
1,2,6,7,14309
1,2,6,8,14515
1,2,6,9,14425
1,2,6,10,14388
1,2,6,11,14519
1,2,6,12,14487
1,2,6,13,14485
1,2,6,14,14512
1,2,6,15,14256
1,2,6,16,14547
1,2,6,17,14545
1,2,6,18,14368
1,2,6,19,14483
1,2,6,20,14540
1,2,6,21,14456
1,2,6,22,14428
1,2,6,23,14512
1,2,6,24,14526
1,2,6,25,14484
1,2,6,26,14126
1,2,6,27,14357
1,2,6,28,14246
1,2,6,29,14173
1,2,6,30,14470
1,2,6,31,14172
1,3,6,0,14484
1,3,6,1,14696
1,3,6,2,14674
1,3,6,3,14645
1,3,6,4,14688
1,3,6,5,14756
1,3,6,6,14383
1,3,6,7,14727
1,3,6,8,14534
1,3,6,9,14455
1,3,6,10,14709
1,3,6,11,14676
1,3,6,12,14626
1,3,6,13,14370
1,3,6,14,14420
1,3,6,15,14697
1,3,6,16,14712
1,3,6,17,14612
1,3,6,18,14530
1,3,6,19,14385
1,3,6,20,14509
1,3,6,21,14454
1,3,6,22,14410
1,3,6,23,14557
1,3,6,24,14653
1,3,6,25,14661
1,3,6,26,14413
1,3,6,27,14752
1,3,6,28,14607
1,3,6,29,14593
1,3,6,30,14719
1,3,6,31,14601
1,4,6,0,26217
1,4,6,1,26456
1,4,6,2,26681
1,4,6,3,26770
1,4,6,4,26730
1,4,6,5,26567
1,4,6,6,26640
1,4,6,7,26663
1,4,6,8,26571
1,4,6,9,26785
1,4,6,10,26728
1,4,6,11,26654
1,4,6,12,26646
1,4,6,13,26597
1,4,6,14,26665
1,4,6,15,26600
1,4,6,16,26620
1,4,6,17,26655
1,4,6,18,26727
1,4,6,19,26601
1,4,6,20,26660
1,4,6,21,26772
1,4,6,22,26620
1,4,6,23,26647
1,4,6,24,26620
1,4,6,25,26616
1,4,6,26,26698
1,4,6,27,26694
1,4,6,28,26745
1,4,6,29,26629
1,4,6,30,26616
1,4,6,31,26621
1,5,6,0,26609
1,5,6,1,26894
1,5,6,2,26377
1,5,6,3,26781
1,5,6,4,26494
1,5,6,5,26841
1,5,6,6,26389
1,5,6,7,26823
1,5,6,8,26797
1,5,6,9,26865
1,5,6,10,26745
1,5,6,11,26578
1,5,6,12,26749
1,5,6,13,26719
1,5,6,14,26805
1,5,6,15,26436
1,5,6,16,26745
1,5,6,17,26521
1,5,6,18,26816
1,5,6,19,26756
1,5,6,20,26718
1,5,6,21,26724
1,5,6,22,26851
1,5,6,23,26903
1,5,6,24,26749
1,5,6,25,26790
1,5,6,26,26792
1,5,6,27,26782
1,5,6,28,26714
1,5,6,29,26660
1,5,6,30,26799
1,5,6,31,26820
1,6,6,0,27268
1,6,6,1,27493
1,6,6,2,27479
1,6,6,3,27470
1,6,6,4,27548
1,6,6,5,27321
1,6,6,6,27398
1,6,6,7,27163
1,6,6,8,27325
1,6,6,9,27163
1,6,6,10,27540
1,6,6,11,27331
1,6,6,12,27521
1,6,6,13,27106
1,6,6,14,27149
1,6,6,15,27269
1,6,6,16,27297
1,6,6,17,27277
1,6,6,18,27227
1,6,6,19,27423
1,6,6,20,27513
1,6,6,21,27323
1,6,6,22,27020
1,6,6,23,27146
1,6,6,24,27632
1,6,6,25,27591
1,6,6,26,27226
1,6,6,27,27105
1,6,6,28,27157
1,6,6,29,27105
1,6,6,30,27220
1,6,6,31,27498
1,7,6,0,28021
1,7,6,1,28059
1,7,6,2,28129
1,7,6,3,28085
1,7,6,4,27880
1,7,6,5,28105
1,7,6,6,28157
1,7,6,7,28045
1,7,6,8,27674
1,7,6,9,27708
1,7,6,10,28024
1,7,6,11,27846
1,7,6,12,27710
1,7,6,13,28081
1,7,6,14,27903
1,7,6,15,28082
1,7,6,16,27644
1,7,6,17,27676
1,7,6,18,27886
1,7,6,19,27607
1,7,6,20,27951
1,7,6,21,28097
1,7,6,22,28145
1,7,6,23,28089
1,7,6,24,28100
1,7,6,25,27978
1,7,6,26,28000
1,7,6,27,28061
1,7,6,28,28153
1,7,6,29,27635
1,7,6,30,28167
1,7,6,31,27969
1,8,6,0,27725
1,8,6,1,28335
1,8,6,2,28131
1,8,6,3,28258
1,8,6,4,28329
1,8,6,5,28316
1,8,6,6,28279
1,8,6,7,28157
1,8,6,8,28304
1,8,6,9,28338
1,8,6,10,28317
1,8,6,11,28238
1,8,6,12,28357
1,8,6,13,27957
1,8,6,14,28293
1,8,6,15,28324
1,8,6,16,28358
1,8,6,17,28364
1,8,6,18,27933
1,8,6,19,28039
1,8,6,20,28318
1,8,6,21,28320
1,8,6,22,28269
1,8,6,23,28353
1,8,6,24,28267
1,8,6,25,28338
1,8,6,26,28306
1,8,6,27,28301
1,8,6,28,28257
1,8,6,29,28206
1,8,6,30,28227
1,8,6,31,27947
1,9,6,0,28228
1,9,6,1,28281
1,9,6,2,28161
1,9,6,3,28452
1,9,6,4,28315
1,9,6,5,28448
1,9,6,6,28318
1,9,6,7,28405
1,9,6,8,28266
1,9,6,9,28390
1,9,6,10,27939
1,9,6,11,28328
1,9,6,12,28344
1,9,6,13,28420
1,9,6,14,28388
1,9,6,15,28416
1,9,6,16,28502
1,9,6,17,28043
1,9,6,18,27995
1,9,6,19,31703
1,9,6,20,28350
1,9,6,21,28328
1,9,6,22,28424
1,9,6,23,28310
1,9,6,24,28376
1,9,6,25,28538
1,9,6,26,27973
1,9,6,27,28486
1,9,6,28,28439
1,9,6,29,27970
1,9,6,30,28457
1,9,6,31,28168
2,0,6,0,675
2,0,6,1,650
2,0,6,2,656
2,0,6,3,663
2,0,6,4,683
2,0,6,5,651
2,0,6,6,647
2,0,6,7,684
2,0,6,8,662
2,0,6,9,662
2,0,6,10,702
2,0,6,11,682
2,0,6,12,662
2,0,6,13,651
2,0,6,14,657
2,0,6,15,679
2,0,6,16,655
2,0,6,17,655
2,0,6,18,657
2,0,6,19,649
2,0,6,20,657
2,0,6,21,672
2,0,6,22,658
2,0,6,23,675
2,0,6,24,688
2,0,6,25,678
2,0,6,26,675
2,0,6,27,692
2,0,6,28,669
2,0,6,29,666
2,0,6,30,663
2,0,6,31,679
2,1,6,0,1105
2,1,6,1,1121
2,1,6,2,1111
2,1,6,3,1109
2,1,6,4,1124
2,1,6,5,1087
2,1,6,6,1086
2,1,6,7,1111
2,1,6,8,1099
2,1,6,9,1096
2,1,6,10,1110
2,1,6,11,1116
2,1,6,12,1093
2,1,6,13,1084
2,1,6,14,1091
2,1,6,15,1088
2,1,6,16,1109
2,1,6,17,1092
2,1,6,18,1103
2,1,6,19,1088
2,1,6,20,1107
2,1,6,21,1077
2,1,6,22,1087
2,1,6,23,1086
2,1,6,24,1092
2,1,6,25,1098
2,1,6,26,1125
2,1,6,27,1125
2,1,6,28,1088
2,1,6,29,1094
2,1,6,30,1096
2,1,6,31,1080
2,2,6,0,2040
2,2,6,1,2077
2,2,6,2,2073
2,2,6,3,2053
2,2,6,4,2069
2,2,6,5,2029
2,2,6,6,2047
2,2,6,7,2069
2,2,6,8,2034
2,2,6,9,2059
2,2,6,10,2032
2,2,6,11,2060
2,2,6,12,2048
2,2,6,13,2011
2,2,6,14,2044
2,2,6,15,2062
2,2,6,16,2038
2,2,6,17,2031
2,2,6,18,2034
2,2,6,19,2026
2,2,6,20,2020
2,2,6,21,2025
2,2,6,22,2031
2,2,6,23,2074
2,2,6,24,2045
2,2,6,25,2041
2,2,6,26,2045
2,2,6,27,2074
2,2,6,28,2033
2,2,6,29,2023
2,2,6,30,2056
2,2,6,31,2050
2,3,6,0,2866
2,3,6,1,2877
2,3,6,2,2889
2,3,6,3,2856
2,3,6,4,2883
2,3,6,5,3200
2,3,6,6,2881
2,3,6,7,2888
2,3,6,8,2892
2,3,6,9,2890
2,3,6,10,2876
2,3,6,11,2898
2,3,6,12,2878
2,3,6,13,2906
2,3,6,14,2872
2,3,6,15,2927
2,3,6,16,2894
2,3,6,17,2920
2,3,6,18,2901
2,3,6,19,2887
2,3,6,20,2901
2,3,6,21,2872
2,3,6,22,2882
2,3,6,23,2894
2,3,6,24,2875
2,3,6,25,2864
2,3,6,26,2860
2,3,6,27,2867
2,3,6,28,2902
2,3,6,29,2870
2,3,6,30,2847
2,3,6,31,2880
2,4,6,0,3375
2,4,6,1,3401
2,4,6,2,3410
2,4,6,3,3401
2,4,6,4,3374
2,4,6,5,3404
2,4,6,6,3409
2,4,6,7,3431
2,4,6,8,3385
2,4,6,9,3370
2,4,6,10,3428
2,4,6,11,3384
2,4,6,12,3402
2,4,6,13,3404
2,4,6,14,3405
2,4,6,15,3407
2,4,6,16,3420
2,4,6,17,3431
2,4,6,18,3387
2,4,6,19,3397
2,4,6,20,3378
2,4,6,21,3381
2,4,6,22,3461
2,4,6,23,3419
2,4,6,24,3388
2,4,6,25,3371
2,4,6,26,3445
2,4,6,27,3402
2,4,6,28,3396
2,4,6,29,3378
2,4,6,30,3419
2,4,6,31,3401
2,5,6,0,3599
2,5,6,1,3658
2,5,6,2,3687
2,5,6,3,3634
2,5,6,4,3657
2,5,6,5,3630
2,5,6,6,3636
2,5,6,7,3667
2,5,6,8,3605
2,5,6,9,3653
2,5,6,10,3674
2,5,6,11,3639
2,5,6,12,3591
2,5,6,13,3630
2,5,6,14,3602
2,5,6,15,3646
2,5,6,16,3638
2,5,6,17,3637
2,5,6,18,3634
2,5,6,19,3639
2,5,6,20,3595
2,5,6,21,3611
2,5,6,22,3647
2,5,6,23,3637
2,5,6,24,3648
2,5,6,25,3633
2,5,6,26,3628
2,5,6,27,3644
2,5,6,28,3676
2,5,6,29,3638
2,5,6,30,3654
2,5,6,31,3596
2,6,6,0,15575
2,6,6,1,15667
2,6,6,2,15455
2,6,6,3,15521
2,6,6,4,15457
2,6,6,5,15365
2,6,6,6,15709
2,6,6,7,15402
2,6,6,8,15468
2,6,6,9,15368
2,6,6,10,15462
2,6,6,11,15390
2,6,6,12,15503
2,6,6,13,15389
2,6,6,14,15459
2,6,6,15,15431
2,6,6,16,15632
2,6,6,17,15359
2,6,6,18,15368
2,6,6,19,15376
2,6,6,20,15450
2,6,6,21,15684
2,6,6,22,15542
2,6,6,23,15601
2,6,6,24,15630
2,6,6,25,15509
2,6,6,26,15406
2,6,6,27,15373
2,6,6,28,15447
2,6,6,29,15359
2,6,6,30,15461
2,6,6,31,15492
2,7,6,0,15786
2,7,6,1,15842
2,7,6,2,15787
2,7,6,3,15755
2,7,6,4,15558
2,7,6,5,15788
2,7,6,6,15574
2,7,6,7,15512
2,7,6,8,15779
2,7,6,9,15863
2,7,6,10,15653
2,7,6,11,15736
2,7,6,12,15632
2,7,6,13,15518
2,7,6,14,15749
2,7,6,15,15727
2,7,6,16,15842
2,7,6,17,15645
2,7,6,18,15771
2,7,6,19,15553
2,7,6,20,15836
2,7,6,21,15743
2,7,6,22,15629
2,7,6,23,15777
2,7,6,24,15602
2,7,6,25,15533
2,7,6,26,15683
2,7,6,27,15540
2,7,6,28,15582
2,7,6,29,15762
2,7,6,30,15893
2,7,6,31,15685
2,8,6,0,18168
2,8,6,1,18274
2,8,6,2,18055
2,8,6,3,19042
2,8,6,4,18170
2,8,6,5,18137
2,8,6,6,18166
2,8,6,7,18097
2,8,6,8,17973
2,8,6,9,18246
2,8,6,10,18105
2,8,6,11,18171
2,8,6,12,18071
2,8,6,13,18154
2,8,6,14,18307
2,8,6,15,18276
2,8,6,16,17995
2,8,6,17,17866
2,8,6,18,18012
2,8,6,19,18245
2,8,6,20,18150
2,8,6,21,18209
2,8,6,22,18205
2,8,6,23,18193
2,8,6,24,18205
2,8,6,25,18173
2,8,6,26,18140
2,8,6,27,18179
2,8,6,28,17871
2,8,6,29,18254
2,8,6,30,17941
2,8,6,31,17931
2,9,6,0,18840
2,9,6,1,18960
2,9,6,2,19098
2,9,6,3,18780
2,9,6,4,19110
2,9,6,5,19217
2,9,6,6,19108
2,9,6,7,18832
2,9,6,8,19128
2,9,6,9,18872
2,9,6,10,18779
2,9,6,11,18878
2,9,6,12,18755
2,9,6,13,19066
2,9,6,14,19128
2,9,6,15,19114
2,9,6,16,19200
2,9,6,17,19096
2,9,6,18,19052
2,9,6,19,19108
2,9,6,20,19165
2,9,6,21,18790
2,9,6,22,18721
2,9,6,23,18864
2,9,6,24,18785
2,9,6,25,18795
2,9,6,26,18928
2,9,6,27,18748
2,9,6,28,19202
2,9,6,29,18851
2,9,6,30,18792
2,9,6,31,18831
2,10,6,0,19613
2,10,6,1,19578
2,10,6,2,19500
2,10,6,3,19842
2,10,6,4,19734
2,10,6,5,19389
2,10,6,6,19551
2,10,6,7,19589
2,10,6,8,19584
2,10,6,9,19864
2,10,6,10,19739
2,10,6,11,19756
2,10,6,12,19488
2,10,6,13,19506
2,10,6,14,19680
2,10,6,15,19923
2,10,6,16,19759
2,10,6,17,19675
2,10,6,18,19896
2,10,6,19,19778
2,10,6,20,19872
2,10,6,21,19448
2,10,6,22,19774
2,10,6,23,19947
2,10,6,24,19496
2,10,6,25,20165
2,10,6,26,19891
2,10,6,27,19828
2,10,6,28,19937
2,10,6,29,19833
2,10,6,30,19556
2,10,6,31,19773
0,9,7,0,21377
0,9,7,1,21558
0,9,7,2,21291
0,9,7,3,21572
0,9,7,4,21419
0,9,7,5,21638
0,9,7,6,21342
0,9,7,7,21561
0,9,7,8,21555
0,9,7,9,21285
0,9,7,10,21297
0,9,7,11,21198
0,9,7,12,21274
0,9,7,13,21506
0,9,7,14,21389
0,9,7,15,21662
0,9,7,16,21122
0,9,7,17,21578
0,9,7,18,21438
0,9,7,19,21415
0,9,7,20,21526
0,9,7,21,21414
0,9,7,22,21260
0,9,7,23,21285
0,9,7,24,21375
0,9,7,25,21370
0,9,7,26,21460
0,9,7,27,21594
0,9,7,28,21256
0,9,7,29,21429
0,9,7,30,21369
0,9,7,31,21360
0,8,7,0,21284
0,8,7,1,21422
0,8,7,2,21208
0,8,7,3,21091
0,8,7,4,21236
0,8,7,5,21345
0,8,7,6,21090
0,8,7,7,21114
0,8,7,8,21108
0,8,7,9,21238
0,8,7,10,21115
0,8,7,11,21331
0,8,7,12,21115
0,8,7,13,21428
0,8,7,14,21558
0,8,7,15,21013
0,8,7,16,21296
0,8,7,17,21269
0,8,7,18,21204
0,8,7,19,21077
0,8,7,20,21143
0,8,7,21,21342
0,8,7,22,21117
0,8,7,23,21171
0,8,7,24,21167
0,8,7,25,21439
0,8,7,26,20937
0,8,7,27,21365
0,8,7,28,21151
0,8,7,29,21156
0,8,7,30,21194
0,8,7,31,21218
0,7,7,0,10834
0,7,7,1,10605
0,7,7,2,10646
0,7,7,3,10548
0,7,7,4,10597
0,7,7,5,10564
0,7,7,6,10560
0,7,7,7,10607
0,7,7,8,10624
0,7,7,9,11000
0,7,7,10,10613
0,7,7,11,10676
0,7,7,12,10595
0,7,7,13,10735
0,7,7,14,10662
0,7,7,15,10657
0,7,7,16,10643
0,7,7,17,10676
0,7,7,18,10729
0,7,7,19,10635
0,7,7,20,10669
0,7,7,21,10667
0,7,7,22,10666
0,7,7,23,10644
0,7,7,24,10662
0,7,7,25,10660
0,7,7,26,10637
0,7,7,27,10619
0,7,7,28,10613
0,7,7,29,10649
0,7,7,30,10723
0,7,7,31,10606
0,6,7,0,9659
0,6,7,1,9625
0,6,7,2,9661
0,6,7,3,9693
0,6,7,4,9684
0,6,7,5,9663
0,6,7,6,9624
0,6,7,7,9716
0,6,7,8,9685
0,6,7,9,9615
0,6,7,10,9627
0,6,7,11,9703
0,6,7,12,9665
0,6,7,13,9701
0,6,7,14,9884
0,6,7,15,9724
0,6,7,16,9687
0,6,7,17,9667
0,6,7,18,9672
0,6,7,19,9659
0,6,7,20,9693
0,6,7,21,9686
0,6,7,22,9584
0,6,7,23,9825
0,6,7,24,9644
0,6,7,25,9636
0,6,7,26,9596
0,6,7,27,9606
0,6,7,28,9737
0,6,7,29,9687
0,6,7,30,9712
0,6,7,31,9601
0,5,7,0,8918
0,5,7,1,8887
0,5,7,2,8902
0,5,7,3,8932
0,5,7,4,8856
0,5,7,5,8911
0,5,7,6,8869
0,5,7,7,8963
0,5,7,8,8898
0,5,7,9,8885
0,5,7,10,8869
0,5,7,11,8930
0,5,7,12,8894
0,5,7,13,8956
0,5,7,14,8867
0,5,7,15,8924
0,5,7,16,8897
0,5,7,17,8890
0,5,7,18,8911
0,5,7,19,8881
0,5,7,20,8859
0,5,7,21,8930
0,5,7,22,8956
0,5,7,23,8909
0,5,7,24,8898
0,5,7,25,8918
0,5,7,26,8868
0,5,7,27,8957
0,5,7,28,8946
0,5,7,29,8927
0,5,7,30,8875
0,5,7,31,8882
0,4,7,0,7663
0,4,7,1,7846
0,4,7,2,7739
0,4,7,3,7871
0,4,7,4,7870
0,4,7,5,7858
0,4,7,6,7878
0,4,7,7,7909
0,4,7,8,7970
0,4,7,9,7922
0,4,7,10,7887
0,4,7,11,7869
0,4,7,12,7890
0,4,7,13,7905
0,4,7,14,7878
0,4,7,15,7955
0,4,7,16,7865
0,4,7,17,7951
0,4,7,18,7890
0,4,7,19,7880
0,4,7,20,7880
0,4,7,21,7926
0,4,7,22,7803
0,4,7,23,7847
0,4,7,24,7785
0,4,7,25,7870
0,4,7,26,7876
0,4,7,27,7912
0,4,7,28,7867
0,4,7,29,7852
0,4,7,30,7854
0,4,7,31,7865
0,3,7,0,7059
0,3,7,1,7178
0,3,7,2,7135
0,3,7,3,7042
0,3,7,4,7166
0,3,7,5,7198
0,3,7,6,7140
0,3,7,7,7051
0,3,7,8,7137
0,3,7,9,7126
0,3,7,10,7053
0,3,7,11,7188
0,3,7,12,7152
0,3,7,13,7148
0,3,7,14,7181
0,3,7,15,7084
0,3,7,16,7173
0,3,7,17,7047
0,3,7,18,7197
0,3,7,19,7173
0,3,7,20,7017
0,3,7,21,7140
0,3,7,22,7014
0,3,7,23,6995
0,3,7,24,7069
0,3,7,25,7130
0,3,7,26,7126
0,3,7,27,7093
0,3,7,28,7033
0,3,7,29,7155
0,3,7,30,7082
0,3,7,31,7022
0,2,7,0,4580
0,2,7,1,4565
0,2,7,2,4644
0,2,7,3,4583
0,2,7,4,4588
0,2,7,5,4597
0,2,7,6,4639
0,2,7,7,4598
0,2,7,8,4583
0,2,7,9,4557
0,2,7,10,4609
0,2,7,11,4561
0,2,7,12,4586
0,2,7,13,4591
0,2,7,14,4631
0,2,7,15,4627
0,2,7,16,4479
0,2,7,17,4512
0,2,7,18,4915
0,2,7,19,4765
0,2,7,20,4570
0,2,7,21,4573
0,2,7,22,4599
0,2,7,23,4610
0,2,7,24,4605
0,2,7,25,4602
0,2,7,26,4562
0,2,7,27,4622
0,2,7,28,4577
0,2,7,29,4551
0,2,7,30,4579
0,2,7,31,4606
0,1,7,0,3523
0,1,7,1,3544
0,1,7,2,3547
0,1,7,3,3583
0,1,7,4,3550
0,1,7,5,3529
0,1,7,6,3555
0,1,7,7,3534
0,1,7,8,3558
0,1,7,9,3509
0,1,7,10,3572
0,1,7,11,3542
0,1,7,12,3534
0,1,7,13,3527
0,1,7,14,3543
0,1,7,15,3534
0,1,7,16,3541
0,1,7,17,3575
0,1,7,18,3560
0,1,7,19,3513
0,1,7,20,3531
0,1,7,21,3515
0,1,7,22,3498
0,1,7,23,3550
0,1,7,24,3576
0,1,7,25,3550
0,1,7,26,3480
0,1,7,27,3529
0,1,7,28,3551
0,1,7,29,3560
0,1,7,30,3560
0,1,7,31,3587
0,0,7,0,2746
0,0,7,1,2766
0,0,7,2,2810
0,0,7,3,2782
0,0,7,4,2769
0,0,7,5,2788
0,0,7,6,2750
0,0,7,7,2711
0,0,7,8,2796
0,0,7,9,2804
0,0,7,10,2790
0,0,7,11,2810
0,0,7,12,2775
0,0,7,13,2781
0,0,7,14,2828
0,0,7,15,2822
0,0,7,16,2801
0,0,7,17,2808
0,0,7,18,2783
0,0,7,19,2800
0,0,7,20,2792
0,0,7,21,2779
0,0,7,22,2828
0,0,7,23,2830
0,0,7,24,2794
0,0,7,25,2827
0,0,7,26,2843
0,0,7,27,2819
0,0,7,28,2792
0,0,7,29,2771
0,0,7,30,2807
0,0,7,31,2790
1,9,7,0,28044
1,9,7,1,28030
1,9,7,2,28269
1,9,7,3,28204
1,9,7,4,28057
1,9,7,5,28396
1,9,7,6,28262
1,9,7,7,28029
1,9,7,8,27915
1,9,7,9,28211
1,9,7,10,28401
1,9,7,11,28381
1,9,7,12,28375
1,9,7,13,28472
1,9,7,14,27966
1,9,7,15,28355
1,9,7,16,27993
1,9,7,17,28332
1,9,7,18,28057
1,9,7,19,27942
1,9,7,20,28199
1,9,7,21,28005
1,9,7,22,28195
1,9,7,23,28104
1,9,7,24,28047
1,9,7,25,27870
1,9,7,26,28379
1,9,7,27,28360
1,9,7,28,27950
1,9,7,29,28308
1,9,7,30,28368
1,9,7,31,27854
1,8,7,0,27868
1,8,7,1,28360
1,8,7,2,28416
1,8,7,3,28337
1,8,7,4,28311
1,8,7,5,28397
1,8,7,6,28388
1,8,7,7,28312
1,8,7,8,28407
1,8,7,9,28543
1,8,7,10,28039
1,8,7,11,28117
1,8,7,12,28289
1,8,7,13,28383
1,8,7,14,28184
1,8,7,15,27797
1,8,7,16,27918
1,8,7,17,27889
1,8,7,18,27866
1,8,7,19,27982
1,8,7,20,28032
1,8,7,21,28008
1,8,7,22,28020
1,8,7,23,28148
1,8,7,24,27912
1,8,7,25,27992
1,8,7,26,28093
1,8,7,27,27807
1,8,7,28,28257
1,8,7,29,27825
1,8,7,30,28126
1,8,7,31,27971
1,7,7,0,27571
1,7,7,1,28322
1,7,7,2,28079
1,7,7,3,28229
1,7,7,4,27989
1,7,7,5,28152
1,7,7,6,28137
1,7,7,7,28031
1,7,7,8,28117
1,7,7,9,28068
1,7,7,10,28142
1,7,7,11,27998
1,7,7,12,28142
1,7,7,13,28081
1,7,7,14,28130
1,7,7,15,27999
1,7,7,16,27890
1,7,7,17,28085
1,7,7,18,28025
1,7,7,19,28114
1,7,7,20,28021
1,7,7,21,27989
1,7,7,22,27529
1,7,7,23,28067
1,7,7,24,28020
1,7,7,25,28105
1,7,7,26,28157
1,7,7,27,28082
1,7,7,28,28077
1,7,7,29,28054
1,7,7,30,28004
1,7,7,31,27605
1,6,7,0,27035
1,6,7,1,27463
1,6,7,2,27475
1,6,7,3,27540
1,6,7,4,27513
1,6,7,5,27605
1,6,7,6,27205
1,6,7,7,27539
1,6,7,8,27510
1,6,7,9,27455
1,6,7,10,27341
1,6,7,11,27572
1,6,7,12,27466
1,6,7,13,27352
1,6,7,14,27476
1,6,7,15,27619
1,6,7,16,27514
1,6,7,17,27489
1,6,7,18,27325
1,6,7,19,27542
1,6,7,20,27503
1,6,7,21,27486
1,6,7,22,27559
1,6,7,23,27280
1,6,7,24,27096
1,6,7,25,27618
1,6,7,26,27036
1,6,7,27,27424
1,6,7,28,27497
1,6,7,29,27547
1,6,7,30,27492
1,6,7,31,27656
1,5,7,0,26336
1,5,7,1,26728
1,5,7,2,26723
1,5,7,3,26686
1,5,7,4,26534
1,5,7,5,26812
1,5,7,6,26366
1,5,7,7,26468
1,5,7,8,26860
1,5,7,9,26744
1,5,7,10,26610
1,5,7,11,26861
1,5,7,12,26837
1,5,7,13,26475
1,5,7,14,26267
1,5,7,15,26853
1,5,7,16,26746
1,5,7,17,26332
1,5,7,18,26354
1,5,7,19,26568
1,5,7,20,26545
1,5,7,21,26831
1,5,7,22,26841
1,5,7,23,26849
1,5,7,24,26333
1,5,7,25,26317
1,5,7,26,26514
1,5,7,27,26895
1,5,7,28,26849
1,5,7,29,26381
1,5,7,30,26436
1,5,7,31,26279
1,4,7,0,26834
1,4,7,1,26687
1,4,7,2,26698
1,4,7,3,26554
1,4,7,4,26807
1,4,7,5,26626
1,4,7,6,26711
1,4,7,7,26607
1,4,7,8,26712
1,4,7,9,26591
1,4,7,10,26591
1,4,7,11,26742
1,4,7,12,26719
1,4,7,13,26334
1,4,7,14,26675
1,4,7,15,26622
1,4,7,16,26774
1,4,7,17,26691
1,4,7,18,26466
1,4,7,19,26379
1,4,7,20,26280
1,4,7,21,26787
1,4,7,22,26382
1,4,7,23,26548
1,4,7,24,26425
1,4,7,25,26328
1,4,7,26,26326
1,4,7,27,26248
1,4,7,28,26537
1,4,7,29,26252
1,4,7,30,26324
1,4,7,31,26279
1,3,7,0,14551
1,3,7,1,14434
1,3,7,2,14522
1,3,7,3,14462
1,3,7,4,14487
1,3,7,5,14608
1,3,7,6,14543
1,3,7,7,14726
1,3,7,8,14716
1,3,7,9,14555
1,3,7,10,14387
1,3,7,11,14453
1,3,7,12,14502
1,3,7,13,14635
1,3,7,14,14661
1,3,7,15,14413
1,3,7,16,14404
1,3,7,17,14427
1,3,7,18,14469
1,3,7,19,14660
1,3,7,20,14299
1,3,7,21,14605
1,3,7,22,14466
1,3,7,23,14526
1,3,7,24,14442
1,3,7,25,14664
1,3,7,26,14610
1,3,7,27,14389
1,3,7,28,14411
1,3,7,29,14493
1,3,7,30,14616
1,3,7,31,14677
1,2,7,0,14460
1,2,7,1,14147
1,2,7,2,14478
1,2,7,3,14455
1,2,7,4,14442
1,2,7,5,14395
1,2,7,6,14408
1,2,7,7,14479
1,2,7,8,14472
1,2,7,9,14478
1,2,7,10,14482
1,2,7,11,14471
1,2,7,12,14458
1,2,7,13,14417
1,2,7,14,14453
1,2,7,15,14449
1,2,7,16,14438
1,2,7,17,14536
1,2,7,18,14437
1,2,7,19,14515
1,2,7,20,14525
1,2,7,21,14525
1,2,7,22,14215
1,2,7,23,14234
1,2,7,24,14233
1,2,7,25,14238
1,2,7,26,14195
1,2,7,27,14224
1,2,7,28,14389
1,2,7,29,14322
1,2,7,30,14339
1,2,7,31,14139
1,1,7,0,13495
1,1,7,1,13577
1,1,7,2,13772
1,1,7,3,13446
1,1,7,4,13481
1,1,7,5,13482
1,1,7,6,13518
1,1,7,7,13594
1,1,7,8,13663
1,1,7,9,13637
1,1,7,10,13752
1,1,7,11,13724
1,1,7,12,13431
1,1,7,13,13448
1,1,7,14,13485
1,1,7,15,13685
1,1,7,16,13780
1,1,7,17,13465
1,1,7,18,13428
1,1,7,19,13737
1,1,7,20,13595
1,1,7,21,13628
1,1,7,22,13630
1,1,7,23,13753
1,1,7,24,13725
1,1,7,25,13521
1,1,7,26,13710
1,1,7,27,13707
1,1,7,28,13755
1,1,7,29,13456
1,1,7,30,13725
1,1,7,31,13562
1,0,7,0,365
1,0,7,1,392
1,0,7,2,361
1,0,7,3,370
1,0,7,4,366
1,0,7,5,358
1,0,7,6,370
1,0,7,7,366
1,0,7,8,366
1,0,7,9,365
1,0,7,10,367
1,0,7,11,362
1,0,7,12,357
1,0,7,13,367
1,0,7,14,358
1,0,7,15,374
1,0,7,16,368
1,0,7,17,375
1,0,7,18,362
1,0,7,19,361
1,0,7,20,359
1,0,7,21,362
1,0,7,22,377
1,0,7,23,372
1,0,7,24,360
1,0,7,25,371
1,0,7,26,368
1,0,7,27,367
1,0,7,28,354
1,0,7,29,374
1,0,7,30,370
1,0,7,31,369
2,10,7,0,19801
2,10,7,1,19724
2,10,7,2,19643
2,10,7,3,19496
2,10,7,4,19838
2,10,7,5,19840
2,10,7,6,19743
2,10,7,7,19833
2,10,7,8,19611
2,10,7,9,19803
2,10,7,10,19899
2,10,7,11,19946
2,10,7,12,19638
2,10,7,13,19525
2,10,7,14,19830
2,10,7,15,19548
2,10,7,16,19840
2,10,7,17,19442
2,10,7,18,19891
2,10,7,19,19893
2,10,7,20,19688
2,10,7,21,19750
2,10,7,22,19564
2,10,7,23,19474
2,10,7,24,19486
2,10,7,25,19608
2,10,7,26,19500
2,10,7,27,19519
2,10,7,28,19833
2,10,7,29,19587
2,10,7,30,19886
2,10,7,31,19781
2,9,7,0,18794
2,9,7,1,19043
2,9,7,2,19059
2,9,7,3,18922
2,9,7,4,18815
2,9,7,5,18775
2,9,7,6,18765
2,9,7,7,19183
2,9,7,8,18998
2,9,7,9,19061
2,9,7,10,19149
2,9,7,11,18818
2,9,7,12,19434
2,9,7,13,19167
2,9,7,14,19141
2,9,7,15,18870
2,9,7,16,18728
2,9,7,17,19045
2,9,7,18,18706
2,9,7,19,19174
2,9,7,20,18769
2,9,7,21,18729
2,9,7,22,18756
2,9,7,23,18818
2,9,7,24,18765
2,9,7,25,18948
2,9,7,26,19109
2,9,7,27,18750
2,9,7,28,19123
2,9,7,29,18866
2,9,7,30,18852
2,9,7,31,19143
2,8,7,0,18124
2,8,7,1,18107
2,8,7,2,17978
2,8,7,3,18057
2,8,7,4,17929
2,8,7,5,18271
2,8,7,6,17937
2,8,7,7,17976
2,8,7,8,17899
2,8,7,9,17944
2,8,7,10,18242
2,8,7,11,18092
2,8,7,12,17908
2,8,7,13,17987
2,8,7,14,17812
2,8,7,15,17954
2,8,7,16,18191
2,8,7,17,17887
2,8,7,18,17985
2,8,7,19,18275
2,8,7,20,18187
2,8,7,21,18280
2,8,7,22,18167
2,8,7,23,18209
2,8,7,24,18201
2,8,7,25,18270
2,8,7,26,18260
2,8,7,27,18279
2,8,7,28,18286
2,8,7,29,18202
2,8,7,30,18200
2,8,7,31,18220
2,7,7,0,15777
2,7,7,1,15511
2,7,7,2,15806
2,7,7,3,15823
2,7,7,4,15540
2,7,7,5,15504
2,7,7,6,15595
2,7,7,7,15603
2,7,7,8,15630
2,7,7,9,15733
2,7,7,10,15722
2,7,7,11,15616
2,7,7,12,15872
2,7,7,13,15562
2,7,7,14,15554
2,7,7,15,15652
2,7,7,16,15747
2,7,7,17,15720
2,7,7,18,15727
2,7,7,19,15533
2,7,7,20,15740
2,7,7,21,15751
2,7,7,22,15558
2,7,7,23,15573
2,7,7,24,15549
2,7,7,25,15785
2,7,7,26,15509
2,7,7,27,15625
2,7,7,28,15656
2,7,7,29,15454
2,7,7,30,15785
2,7,7,31,15639
2,6,7,0,15398
2,6,7,1,15375
2,6,7,2,15471
2,6,7,3,15345
2,6,7,4,15599
2,6,7,5,15405
2,6,7,6,15431
2,6,7,7,15609
2,6,7,8,15822
2,6,7,9,15658
2,6,7,10,15733
2,6,7,11,15608
2,6,7,12,15621
2,6,7,13,15607
2,6,7,14,15751
2,6,7,15,15420
2,6,7,16,15614
2,6,7,17,15417
2,6,7,18,15405
2,6,7,19,15413
2,6,7,20,15392
2,6,7,21,15423
2,6,7,22,15591
2,6,7,23,15392
2,6,7,24,15321
2,6,7,25,15642
2,6,7,26,15414
2,6,7,27,15503
2,6,7,28,15690
2,6,7,29,15407
2,6,7,30,15603
2,6,7,31,15365
2,5,7,0,3673
2,5,7,1,3672
2,5,7,2,3643
2,5,7,3,3607
2,5,7,4,3713
2,5,7,5,3615
2,5,7,6,3606
2,5,7,7,3657
2,5,7,8,3677
2,5,7,9,3678
2,5,7,10,3631
2,5,7,11,3663
2,5,7,12,3633
2,5,7,13,3692
2,5,7,14,3643
2,5,7,15,3656
2,5,7,16,3628
2,5,7,17,3599
2,5,7,18,3623
2,5,7,19,3628
2,5,7,20,3614
2,5,7,21,3604
2,5,7,22,3624
2,5,7,23,3634
2,5,7,24,3678
2,5,7,25,3621
2,5,7,26,3641
2,5,7,27,3621
2,5,7,28,3614
2,5,7,29,3675
2,5,7,30,3622
2,5,7,31,3643
2,4,7,0,3399
2,4,7,1,3412
2,4,7,2,3475
2,4,7,3,3385
2,4,7,4,3395
2,4,7,5,3425
2,4,7,6,3427
2,4,7,7,3405
2,4,7,8,3424
2,4,7,9,3423
2,4,7,10,3407
2,4,7,11,3401
2,4,7,12,3409
2,4,7,13,3400
2,4,7,14,3437
2,4,7,15,3428
2,4,7,16,3439
2,4,7,17,3405
2,4,7,18,3398
2,4,7,19,3410
2,4,7,20,3434
2,4,7,21,3394
2,4,7,22,3412
2,4,7,23,3468
2,4,7,24,3435
2,4,7,25,3417
2,4,7,26,3433
2,4,7,27,3413
2,4,7,28,3407
2,4,7,29,3418
2,4,7,30,3403
2,4,7,31,3388
2,3,7,0,2916
2,3,7,1,2882
2,3,7,2,2900
2,3,7,3,2876
2,3,7,4,2880
2,3,7,5,2922
2,3,7,6,2900
2,3,7,7,2893
2,3,7,8,2940
2,3,7,9,2858
2,3,7,10,2892
2,3,7,11,2918
2,3,7,12,2871
2,3,7,13,2850
2,3,7,14,2925
2,3,7,15,2900
2,3,7,16,2911
2,3,7,17,2881
2,3,7,18,2904
2,3,7,19,2883
2,3,7,20,2867
2,3,7,21,2862
2,3,7,22,2881
2,3,7,23,2896
2,3,7,24,2889
2,3,7,25,2871
2,3,7,26,2874
2,3,7,27,2892
2,3,7,28,2909
2,3,7,29,2867
2,3,7,30,2902
2,3,7,31,2867
2,2,7,0,2024
2,2,7,1,2039
2,2,7,2,2056
2,2,7,3,2055
2,2,7,4,2047
2,2,7,5,2064
2,2,7,6,2073
2,2,7,7,2055
2,2,7,8,2027
2,2,7,9,2073
2,2,7,10,2061
2,2,7,11,2050
2,2,7,12,2025
2,2,7,13,2066
2,2,7,14,2036
2,2,7,15,2051
2,2,7,16,2044
2,2,7,17,2066
2,2,7,18,2066
2,2,7,19,2021
2,2,7,20,2049
2,2,7,21,2046
2,2,7,22,2050
2,2,7,23,2042
2,2,7,24,2016
2,2,7,25,2070
2,2,7,26,2046
2,2,7,27,2071
2,2,7,28,2032
2,2,7,29,2028
2,2,7,30,2036
2,2,7,31,2025
2,1,7,0,1097
2,1,7,1,1105
2,1,7,2,1107
2,1,7,3,1106
2,1,7,4,1078
2,1,7,5,1098
2,1,7,6,1099
2,1,7,7,1084
2,1,7,8,1103
2,1,7,9,1117
2,1,7,10,1087
2,1,7,11,1100
2,1,7,12,1086
2,1,7,13,1102
2,1,7,14,1089
2,1,7,15,1094
2,1,7,16,1109
2,1,7,17,1092
2,1,7,18,1106
2,1,7,19,1119
2,1,7,20,1097
2,1,7,21,1095
2,1,7,22,1083
2,1,7,23,1105
2,1,7,24,1104
2,1,7,25,1105
2,1,7,26,1090
2,1,7,27,1091
2,1,7,28,1083
2,1,7,29,1090
2,1,7,30,1077
2,1,7,31,1087
2,0,7,0,664
2,0,7,1,672
2,0,7,2,663
2,0,7,3,663
2,0,7,4,653
2,0,7,5,654
2,0,7,6,652
2,0,7,7,680
2,0,7,8,650
2,0,7,9,678
2,0,7,10,667
2,0,7,11,679
2,0,7,12,663
2,0,7,13,668
2,0,7,14,661
2,0,7,15,668
2,0,7,16,672
2,0,7,17,652
2,0,7,18,656
2,0,7,19,648
2,0,7,20,670
2,0,7,21,663
2,0,7,22,671
2,0,7,23,650
2,0,7,24,655
2,0,7,25,653
2,0,7,26,676
2,0,7,27,675
2,0,7,28,660
2,0,7,29,670
2,0,7,30,674
2,0,7,31,690
