family,cut,block,observation,cycles
cpucycles tracesetup 0 amd64-perfpmcff precision 0 scaling 0.000000 only32 0
cpucycles tracesetup 1 amd64-perfpmc precision 0 scaling 0.000000 only32 0
cpucycles tracesetup 2 amd64-pmcff precision 0 scaling 0.000000 only32 0
cpucycles tracesetup 3 amd64-tsc precision 1017 scaling 0.467415 only32 0
cpucycles tracesetup 4 amd64-tscasm precision 1026 scaling 0.467415 only32 0
cpucycles tracesetup 5 default-perfevent precision 204 scaling 1.000000 only32 0
cpucycles tracesetup 6 default-mach precision 0 scaling 0.000000 only32 0
cpucycles tracesetup 7 default-monotonic precision 1075 scaling 1.400000 only32 0
cpucycles tracesetup 8 default-gettimeofday precision 2440 scaling 1400.000000 only32 0
cpucycles tracesetup 9 default-zero precision 0 scaling 0.000000 only32 0
0,0,0,0,3628
0,0,0,1,2818
0,0,0,2,2828
0,0,0,3,2818
0,0,0,4,2806
0,0,0,5,2780
0,0,0,6,2823
0,0,0,7,2803
0,0,0,8,2787
0,0,0,9,2786
0,0,0,10,2789
0,0,0,11,2774
0,0,0,12,2803
0,0,0,13,2815
0,0,0,14,2784
0,0,0,15,2797
0,0,0,16,2773
0,0,0,17,2804
0,0,0,18,2839
0,0,0,19,2802
0,0,0,20,2782
0,0,0,21,2792
0,0,0,22,2776
0,0,0,23,2804
0,0,0,24,2811
0,0,0,25,2754
0,0,0,26,2827
0,0,0,27,2820
0,0,0,28,2831
0,0,0,29,2796
0,0,0,30,2814
0,0,0,31,2813
0,1,0,0,3528
0,1,0,1,3539
0,1,0,2,3531
0,1,0,3,3529
0,1,0,4,3548
0,1,0,5,3500
0,1,0,6,3545
0,1,0,7,3588
0,1,0,8,3597
0,1,0,9,3527
0,1,0,10,3517
0,1,0,11,3533
0,1,0,12,3582
0,1,0,13,3547
0,1,0,14,3546
0,1,0,15,3586
0,1,0,16,3525
0,1,0,17,3589
0,1,0,18,3541
0,1,0,19,3500
0,1,0,20,3541
0,1,0,21,3576
0,1,0,22,3542
0,1,0,23,3569
0,1,0,24,3565
0,1,0,25,3538
0,1,0,26,3574
0,1,0,27,3484
0,1,0,28,3549
0,1,0,29,3556
0,1,0,30,3538
0,1,0,31,3554
0,2,0,0,4583
0,2,0,1,4614
0,2,0,2,4827
0,2,0,3,4610
0,2,0,4,4583
0,2,0,5,4632
0,2,0,6,4577
0,2,0,7,4614
0,2,0,8,4595
0,2,0,9,4590
0,2,0,10,4635
0,2,0,11,4586
0,2,0,12,4635
0,2,0,13,4534
0,2,0,14,4606
0,2,0,15,4655
0,2,0,16,4532
0,2,0,17,4589
0,2,0,18,4618
0,2,0,19,4529
0,2,0,20,4596
0,2,0,21,4537
0,2,0,22,4574
0,2,0,23,4568
0,2,0,24,4584
0,2,0,25,4659
0,2,0,26,4591
0,2,0,27,4638
0,2,0,28,4596
0,2,0,29,4660
0,2,0,30,4605
0,2,0,31,4735
0,3,0,0,7077
0,3,0,1,7134
0,3,0,2,7118
0,3,0,3,7073
0,3,0,4,7108
0,3,0,5,7154
0,3,0,6,7014
0,3,0,7,7158
0,3,0,8,7143
0,3,0,9,7168
0,3,0,10,7187
0,3,0,11,7194
0,3,0,12,7114
0,3,0,13,7206
0,3,0,14,7139
0,3,0,15,7193
0,3,0,16,7086
0,3,0,17,7043
0,3,0,18,7079
0,3,0,19,7174
0,3,0,20,7078
0,3,0,21,7164
0,3,0,22,7102
0,3,0,23,7091
0,3,0,24,7184
0,3,0,25,7077
0,3,0,26,7194
0,3,0,27,7011
0,3,0,28,7104
0,3,0,29,7186
0,3,0,30,7116
0,3,0,31,7134
0,4,0,0,7783
0,4,0,1,7907
0,4,0,2,7772
0,4,0,3,7937
0,4,0,4,7860
0,4,0,5,7774
0,4,0,6,8017
0,4,0,7,7884
0,4,0,8,7870
0,4,0,9,7952
0,4,0,10,7906
0,4,0,11,7839
0,4,0,12,7874
0,4,0,13,7849
0,4,0,14,7893
0,4,0,15,7942
0,4,0,16,7901
0,4,0,17,7916
0,4,0,18,7766
0,4,0,19,7830
0,4,0,20,7890
0,4,0,21,7828
0,4,0,22,7862
0,4,0,23,7870
0,4,0,24,7884
0,4,0,25,7812
0,4,0,26,7859
0,4,0,27,7865
0,4,0,28,7750
0,4,0,29,7877
0,4,0,30,7781
0,4,0,31,7893
0,5,0,0,8864
0,5,0,1,8840
0,5,0,2,8800
0,5,0,3,8983
0,5,0,4,8913
0,5,0,5,8860
0,5,0,6,8894
0,5,0,7,19867
0,5,0,8,8962
0,5,0,9,8940
0,5,0,10,8911
0,5,0,11,8891
0,5,0,12,8936
0,5,0,13,8941
0,5,0,14,8881
0,5,0,15,8919
0,5,0,16,8856
0,5,0,17,8848
0,5,0,18,9025
0,5,0,19,8916
0,5,0,20,8980
0,5,0,21,9072
0,5,0,22,8916
0,5,0,23,8971
0,5,0,24,8839
0,5,0,25,8963
0,5,0,26,8945
0,5,0,27,8956
0,5,0,28,8917
0,5,0,29,9034
0,5,0,30,8928
0,5,0,31,8818
0,6,0,0,9668
0,6,0,1,9771
0,6,0,2,9539
0,6,0,3,9581
0,6,0,4,9634
0,6,0,5,9732
0,6,0,6,9670
0,6,0,7,9621
0,6,0,8,9695
0,6,0,9,9729
0,6,0,10,9647
0,6,0,11,9678
0,6,0,12,9703
0,6,0,13,9651
0,6,0,14,9655
0,6,0,15,9569
0,6,0,16,9691
0,6,0,17,9719
0,6,0,18,9638
0,6,0,19,9697
0,6,0,20,9605
0,6,0,21,9555
0,6,0,22,9654
0,6,0,23,9941
0,6,0,24,9762
0,6,0,25,9744
0,6,0,26,9755
0,6,0,27,9584
0,6,0,28,9725
0,6,0,29,9598
0,6,0,30,9611
0,6,0,31,9734
0,7,0,0,10459
0,7,0,1,10622
0,7,0,2,10589
0,7,0,3,10629
0,7,0,4,10536
0,7,0,5,10592
0,7,0,6,10555
0,7,0,7,10476
0,7,0,8,10632
0,7,0,9,10448
0,7,0,10,10667
0,7,0,11,10622
0,7,0,12,10702
0,7,0,13,10630
0,7,0,14,10630
0,7,0,15,10647
0,7,0,16,10672
0,7,0,17,10627
0,7,0,18,10564
0,7,0,19,10618
0,7,0,20,10667
0,7,0,21,10619
0,7,0,22,10604
0,7,0,23,10643
0,7,0,24,10644
0,7,0,25,10608
0,7,0,26,10590
0,7,0,27,10563
0,7,0,28,10549
0,7,0,29,10641
0,7,0,30,10703
0,7,0,31,10626
0,8,0,0,21467
0,8,0,1,21357
0,8,0,2,21281
0,8,0,3,21273
0,8,0,4,21359
0,8,0,5,21430
0,8,0,6,21073
0,8,0,7,21084
0,8,0,8,21208
0,8,0,9,21479
0,8,0,10,21489
0,8,0,11,21445
0,8,0,12,21076
0,8,0,13,21448
0,8,0,14,21266
0,8,0,15,21244
0,8,0,16,21337
0,8,0,17,21093
0,8,0,18,21121
0,8,0,19,21247
0,8,0,20,21321
0,8,0,21,21256
0,8,0,22,21443
0,8,0,23,21398
0,8,0,24,21294
0,8,0,25,21323
0,8,0,26,21427
0,8,0,27,21207
0,8,0,28,21239
0,8,0,29,21103
0,8,0,30,21074
0,8,0,31,21232
0,9,0,0,21268
0,9,0,1,21341
0,9,0,2,21373
0,9,0,3,21312
0,9,0,4,21405
0,9,0,5,21133
0,9,0,6,21361
0,9,0,7,22324
0,9,0,8,21389
0,9,0,9,21617
0,9,0,10,21510
0,9,0,11,21472
0,9,0,12,21555
0,9,0,13,21603
0,9,0,14,21431
0,9,0,15,21401
0,9,0,16,21299
0,9,0,17,21559
0,9,0,18,21427
0,9,0,19,21310
0,9,0,20,21423
0,9,0,21,21215
0,9,0,22,21178
0,9,0,23,21376
0,9,0,24,21544
0,9,0,25,21296
0,9,0,26,21403
0,9,0,27,21274
0,9,0,28,21239
0,9,0,29,21155
0,9,0,30,21267
0,9,0,31,21207
1,0,0,0,411
1,0,0,1,367
1,0,0,2,365
1,0,0,3,362
1,0,0,4,365
1,0,0,5,378
1,0,0,6,372
1,0,0,7,371
1,0,0,8,367
1,0,0,9,362
1,0,0,10,366
1,0,0,11,373
1,0,0,12,361
1,0,0,13,371
1,0,0,14,363
1,0,0,15,376
1,0,0,16,364
1,0,0,17,363
1,0,0,18,366
1,0,0,19,361
1,0,0,20,372
1,0,0,21,376
1,0,0,22,363
1,0,0,23,358
1,0,0,24,379
1,0,0,25,387
1,0,0,26,368
1,0,0,27,368
1,0,0,28,363
1,0,0,29,366
1,0,0,30,362
1,0,0,31,365
1,1,0,0,13711
1,1,0,1,13512
1,1,0,2,13426
1,1,0,3,13752
1,1,0,4,13532
1,1,0,5,13678
1,1,0,6,13482
1,1,0,7,13742
1,1,0,8,13717
1,1,0,9,13718
1,1,0,10,13655
1,1,0,11,13725
1,1,0,12,13492
1,1,0,13,13677
1,1,0,14,13702
1,1,0,15,13695
1,1,0,16,13745
1,1,0,17,13812
1,1,0,18,13498
1,1,0,19,13671
1,1,0,20,13749
1,1,0,21,13524
1,1,0,22,13434
1,1,0,23,13724
1,1,0,24,13702
1,1,0,25,13755
1,1,0,26,13662
1,1,0,27,13670
1,1,0,28,13730
1,1,0,29,13737
1,1,0,30,13693
1,1,0,31,13735
1,2,0,0,14373
1,2,0,1,14541
1,2,0,2,14454
1,2,0,3,14398
1,2,0,4,14402
1,2,0,5,14505
1,2,0,6,14500
1,2,0,7,14503
1,2,0,8,14511
1,2,0,9,14440
1,2,0,10,14486
1,2,0,11,14439
1,2,0,12,14219
1,2,0,13,14427
1,2,0,14,14434
1,2,0,15,14407
1,2,0,16,14475
1,2,0,17,14506
1,2,0,18,14524
1,2,0,19,14498
1,2,0,20,14474
1,2,0,21,14453
1,2,0,22,14448
1,2,0,23,14455
1,2,0,24,14525
1,2,0,25,14408
1,2,0,26,14267
1,2,0,27,14225
1,2,0,28,14445
1,2,0,29,14417
1,2,0,30,14452
1,2,0,31,14475
1,3,0,0,14736
1,3,0,1,14444
1,3,0,2,14690
1,3,0,3,14744
1,3,0,4,15069
1,3,0,5,14455
1,3,0,6,14672
1,3,0,7,14656
1,3,0,8,14624
1,3,0,9,14666
1,3,0,10,14664
1,3,0,11,14373
1,3,0,12,14714
1,3,0,13,14414
1,3,0,14,14737
1,3,0,15,14389
1,3,0,16,14637
1,3,0,17,14718
1,3,0,18,14666
1,3,0,19,14613
1,3,0,20,14694
1,3,0,21,14696
1,3,0,22,14515
1,3,0,23,14692
1,3,0,24,14703
1,3,0,25,14610
1,3,0,26,14705
1,3,0,27,14710
1,3,0,28,14643
1,3,0,29,14655
1,3,0,30,14703
1,3,0,31,14643
1,4,0,0,26661
1,4,0,1,26694
1,4,0,2,26616
1,4,0,3,26612
1,4,0,4,26627
1,4,0,5,26565
1,4,0,6,26693
1,4,0,7,26591
1,4,0,8,26680
1,4,0,9,26656
1,4,0,10,26617
1,4,0,11,26633
1,4,0,12,26709
1,4,0,13,26542
1,4,0,14,26481
1,4,0,15,26524
1,4,0,16,26539
1,4,0,17,26531
1,4,0,18,26696
1,4,0,19,26652
1,4,0,20,26715
1,4,0,21,26586
1,4,0,22,26616
1,4,0,23,26717
1,4,0,24,26729
1,4,0,25,26590
1,4,0,26,26563
1,4,0,27,26542
1,4,0,28,26597
1,4,0,29,26651
1,4,0,30,26622
1,4,0,31,26616
1,5,0,0,26316
1,5,0,1,26389
1,5,0,2,26764
1,5,0,3,26655
1,5,0,4,26486
1,5,0,5,26703
1,5,0,6,26792
1,5,0,7,26742
1,5,0,8,26647
1,5,0,9,26697
1,5,0,10,26494
1,5,0,11,26755
1,5,0,12,27077
1,5,0,13,26849
1,5,0,14,26823
1,5,0,15,26747
1,5,0,16,26774
1,5,0,17,27603
1,5,0,18,27196
1,5,0,19,27011
1,5,0,20,26302
1,5,0,21,26738
1,5,0,22,26406
1,5,0,23,26710
1,5,0,24,26777
1,5,0,25,26750
1,5,0,26,26757
1,5,0,27,26741
1,5,0,28,26772
1,5,0,29,26705
1,5,0,30,26423
1,5,0,31,26748
1,6,0,0,27328
1,6,0,1,27527
1,6,0,2,27464
1,6,0,3,27682
1,6,0,4,27481
1,6,0,5,27505
1,6,0,6,27308
1,6,0,7,27198
1,6,0,8,27374
1,6,0,9,27523
1,6,0,10,27425
1,6,0,11,27017
1,6,0,12,27477
1,6,0,13,26977
1,6,0,14,27540
1,6,0,15,27587
1,6,0,16,27460
1,6,0,17,27173
1,6,0,18,26969
1,6,0,19,27304
1,6,0,20,27287
1,6,0,21,27232
1,6,0,22,27349
1,6,0,23,27420
1,6,0,24,27366
1,6,0,25,27191
1,6,0,26,27219
1,6,0,27,27381
1,6,0,28,27080
1,6,0,29,27155
1,6,0,30,27214
1,6,0,31,27557
1,7,0,0,28049
1,7,0,1,27894
1,7,0,2,27646
1,7,0,3,27870
1,7,0,4,27581
1,7,0,5,28039
1,7,0,6,28001
1,7,0,7,28684
1,7,0,8,28171
1,7,0,9,28109
1,7,0,10,28046
1,7,0,11,27981
1,7,0,12,28147
1,7,0,13,28165
1,7,0,14,27945
1,7,0,15,28246
1,7,0,16,28150
1,7,0,17,28063
1,7,0,18,27655
1,7,0,19,28065
1,7,0,20,28118
1,7,0,21,28064
1,7,0,22,27948
1,7,0,23,28042
1,7,0,24,28034
1,7,0,25,27864
1,7,0,26,27712
1,7,0,27,27916
1,7,0,28,27936
1,7,0,29,27947
1,7,0,30,28050
1,7,0,31,28054
1,8,0,0,27970
1,8,0,1,28277
1,8,0,2,28331
1,8,0,3,28288
1,8,0,4,28252
1,8,0,5,28322
1,8,0,6,28292
1,8,0,7,28248
1,8,0,8,28261
1,8,0,9,28422
1,8,0,10,28212
1,8,0,11,28390
1,8,0,12,27955
1,8,0,13,27944
1,8,0,14,28322
1,8,0,15,28255
1,8,0,16,28266
1,8,0,17,28183
1,8,0,18,28400
1,8,0,19,28207
1,8,0,20,28278
1,8,0,21,28267
1,8,0,22,28353
1,8,0,23,28332
1,8,0,24,28317
1,8,0,25,28235
1,8,0,26,28241
1,8,0,27,28249
1,8,0,28,28312
1,8,0,29,28358
1,8,0,30,28245
1,8,0,31,28298
1,9,0,0,28301
1,9,0,1,28219
1,9,0,2,28272
1,9,0,3,28341
1,9,0,4,28401
1,9,0,5,28426
1,9,0,6,28319
1,9,0,7,28384
1,9,0,8,28363
1,9,0,9,28402
1,9,0,10,28474
1,9,0,11,28352
1,9,0,12,28254
1,9,0,13,28313
1,9,0,14,28370
1,9,0,15,28399
1,9,0,16,28004
1,9,0,17,28269
1,9,0,18,28449
1,9,0,19,28479
1,9,0,20,28541
1,9,0,21,28325
1,9,0,22,28442
1,9,0,23,28337
1,9,0,24,28387
1,9,0,25,28365
1,9,0,26,28426
1,9,0,27,28082
1,9,0,28,27819
1,9,0,29,28340
1,9,0,30,28335
1,9,0,31,28370
2,0,0,0,765
2,0,0,1,690
2,0,0,2,676
2,0,0,3,660
2,0,0,4,706
2,0,0,5,663
2,0,0,6,675
2,0,0,7,663
2,0,0,8,678
2,0,0,9,665
2,0,0,10,741
2,0,0,11,680
2,0,0,12,670
2,0,0,13,703
2,0,0,14,654
2,0,0,15,694
2,0,0,16,672
2,0,0,17,673
2,0,0,18,684
2,0,0,19,655
2,0,0,20,673
2,0,0,21,674
2,0,0,22,667
2,0,0,23,666
2,0,0,24,664
2,0,0,25,658
2,0,0,26,670
2,0,0,27,662
2,0,0,28,658
2,0,0,29,665
2,0,0,30,648
2,0,0,31,669
2,1,0,0,1095
2,1,0,1,1118
2,1,0,2,1079
2,1,0,3,1078
2,1,0,4,1120
2,1,0,5,1079
2,1,0,6,1095
2,1,0,7,1088
2,1,0,8,1103
2,1,0,9,1100
2,1,0,10,1099
2,1,0,11,1106
2,1,0,12,1094
2,1,0,13,1093
2,1,0,14,1089
2,1,0,15,1098
2,1,0,16,1124
2,1,0,17,1087
2,1,0,18,1094
2,1,0,19,1097
2,1,0,20,1107
2,1,0,21,1086
2,1,0,22,1113
2,1,0,23,1092
2,1,0,24,1097
2,1,0,25,1105
2,1,0,26,1076
2,1,0,27,1092
2,1,0,28,1108
2,1,0,29,1094
2,1,0,30,1095
2,1,0,31,1132
2,2,0,0,2039
2,2,0,1,2068
2,2,0,2,2050
2,2,0,3,2041
2,2,0,4,2082
2,2,0,5,2009
2,2,0,6,2053
2,2,0,7,2055
2,2,0,8,2052
2,2,0,9,2073
2,2,0,10,2053
2,2,0,11,2054
2,2,0,12,2050
2,2,0,13,2044
2,2,0,14,2021
2,2,0,15,2078
2,2,0,16,2043
2,2,0,17,2065
2,2,0,18,2036
2,2,0,19,2054
2,2,0,20,2059
2,2,0,21,2081
2,2,0,22,2031
2,2,0,23,2033
2,2,0,24,2025
2,2,0,25,2050
2,2,0,26,2053
2,2,0,27,2080
2,2,0,28,2021
2,2,0,29,2031
2,2,0,30,2042
2,2,0,31,2048
2,3,0,0,2883
2,3,0,1,2887
2,3,0,2,2878
2,3,0,3,2891
2,3,0,4,2944
2,3,0,5,2885
2,3,0,6,2886
2,3,0,7,2870
2,3,0,8,2904
2,3,0,9,2882
2,3,0,10,2907
2,3,0,11,2894
2,3,0,12,2895
2,3,0,13,2954
2,3,0,14,2921
2,3,0,15,2928
2,3,0,16,2899
2,3,0,17,2923
2,3,0,18,2846
2,3,0,19,2846
2,3,0,20,2912
2,3,0,21,2887
2,3,0,22,2855
2,3,0,23,2909
2,3,0,24,2899
2,3,0,25,2890
2,3,0,26,2851
2,3,0,27,2898
2,3,0,28,2871
2,3,0,29,2881
2,3,0,30,2873
2,3,0,31,2926
2,4,0,0,3378
2,4,0,1,3415
2,4,0,2,3416
2,4,0,3,3383
2,4,0,4,3462
2,4,0,5,3430
2,4,0,6,3422
2,4,0,7,3428
2,4,0,8,3375
2,4,0,9,3403
2,4,0,10,3436
2,4,0,11,3385
2,4,0,12,3395
2,4,0,13,3366
2,4,0,14,3390
2,4,0,15,3448
2,4,0,16,3430
2,4,0,17,3443
2,4,0,18,3416
2,4,0,19,3382
2,4,0,20,3422
2,4,0,21,3406
2,4,0,22,3380
2,4,0,23,3402
2,4,0,24,3401
2,4,0,25,3462
2,4,0,26,3403
2,4,0,27,3403
2,4,0,28,3416
2,4,0,29,3445
2,4,0,30,3403
2,4,0,31,3406
2,5,0,0,3611
2,5,0,1,3657
2,5,0,2,3629
2,5,0,3,3610
2,5,0,4,3673
2,5,0,5,3596
2,5,0,6,3637
2,5,0,7,3654
2,5,0,8,3674
2,5,0,9,3668
2,5,0,10,3612
2,5,0,11,3628
2,5,0,12,3648
2,5,0,13,3635
2,5,0,14,3638
2,5,0,15,3638
2,5,0,16,3700
2,5,0,17,3663
2,5,0,18,3631
2,5,0,19,3709
2,5,0,20,3680
2,5,0,21,3649
2,5,0,22,3993
2,5,0,23,3685
2,5,0,24,3621
2,5,0,25,3682
2,5,0,26,3584
2,5,0,27,3635
2,5,0,28,3634
2,5,0,29,3654
2,5,0,30,3625
2,5,0,31,3688
2,6,0,0,15438
2,6,0,1,15632
2,6,0,2,15579
2,6,0,3,15701
2,6,0,4,15591
2,6,0,5,15408
2,6,0,6,15491
2,6,0,7,15616
2,6,0,8,15619
2,6,0,9,15494
2,6,0,10,15558
2,6,0,11,15583
2,6,0,12,15424
2,6,0,13,15410
2,6,0,14,15598
2,6,0,15,15700
2,6,0,16,15624
2,6,0,17,15364
2,6,0,18,15677
2,6,0,19,15658
2,6,0,20,15721
2,6,0,21,15615
2,6,0,22,15454
2,6,0,23,15604
2,6,0,24,15582
2,6,0,25,15652
2,6,0,26,15616
2,6,0,27,15669
2,6,0,28,15550
2,6,0,29,15402
2,6,0,30,15644
2,6,0,31,15638
2,7,0,0,15783
2,7,0,1,15809
2,7,0,2,15616
2,7,0,3,15574
2,7,0,4,15627
2,7,0,5,15586
2,7,0,6,15597
2,7,0,7,15586
2,7,0,8,15605
2,7,0,9,15804
2,7,0,10,15616
2,7,0,11,15577
2,7,0,12,15628
2,7,0,13,15706
2,7,0,14,15863
2,7,0,15,15657
2,7,0,16,15605
2,7,0,17,15638
2,7,0,18,15752
2,7,0,19,15849
2,7,0,20,15778
2,7,0,21,15618
2,7,0,22,15556
2,7,0,23,15797
2,7,0,24,15583
2,7,0,25,15713
2,7,0,26,15788
2,7,0,27,15630
2,7,0,28,15563
2,7,0,29,15713
2,7,0,30,15795
2,7,0,31,15560
2,8,0,0,18002
2,8,0,1,17969
2,8,0,2,17943
2,8,0,3,17909
2,8,0,4,18073
2,8,0,5,18156
2,8,0,6,17927
2,8,0,7,17943
2,8,0,8,17975
2,8,0,9,17878
2,8,0,10,17939
2,8,0,11,18001
2,8,0,12,17911
2,8,0,13,18271
2,8,0,14,17896
2,8,0,15,18205
2,8,0,16,17947
2,8,0,17,18163
2,8,0,18,18317
2,8,0,19,18167
2,8,0,20,18173
2,8,0,21,18258
2,8,0,22,18191
2,8,0,23,17958
2,8,0,24,18020
2,8,0,25,18022
2,8,0,26,18100
2,8,0,27,18259
2,8,0,28,18893
2,8,0,29,18253
2,8,0,30,18053
2,8,0,31,17952
2,9,0,0,18968
2,9,0,1,19410
2,9,0,2,19063
2,9,0,3,19258
2,9,0,4,18906
2,9,0,5,19170
2,9,0,6,18810
2,9,0,7,18797
2,9,0,8,18849
2,9,0,9,18775
2,9,0,10,19092
2,9,0,11,18895
2,9,0,12,18957
2,9,0,13,19153
2,9,0,14,19074
2,9,0,15,18740
2,9,0,16,18686
2,9,0,17,18729
2,9,0,18,18885
2,9,0,19,18764
2,9,0,20,18776
2,9,0,21,18760
2,9,0,22,18760
2,9,0,23,18902
2,9,0,24,18867
2,9,0,25,18722
2,9,0,26,19137
2,9,0,27,19054
2,9,0,28,18752
2,9,0,29,18801
2,9,0,30,18846
2,9,0,31,18722
2,10,0,0,19571
2,10,0,1,19864
2,10,0,2,19810
2,10,0,3,19485
2,10,0,4,19641
2,10,0,5,19926
2,10,0,6,19771
2,10,0,7,19457
2,10,0,8,19567
2,10,0,9,19556
2,10,0,10,19466
2,10,0,11,19503
2,10,0,12,19524
2,10,0,13,19843
2,10,0,14,19543
2,10,0,15,19662
2,10,0,16,19820
2,10,0,17,19826
2,10,0,18,19807
2,10,0,19,19549
2,10,0,20,19443
2,10,0,21,19480
2,10,0,22,19543
2,10,0,23,19517
2,10,0,24,19473
2,10,0,25,19455
2,10,0,26,19793
2,10,0,27,19779
2,10,0,28,19851
2,10,0,29,19525
2,10,0,30,19432
2,10,0,31,19856
0,9,1,0,21401
0,9,1,1,21387
0,9,1,2,21410
0,9,1,3,21301
0,9,1,4,21425
0,9,1,5,21526
0,9,1,6,21259
0,9,1,7,21140
0,9,1,8,21376
0,9,1,9,21183
0,9,1,10,21359
0,9,1,11,22386
0,9,1,12,21584
0,9,1,13,21533
0,9,1,14,21232
0,9,1,15,21364
0,9,1,16,21287
0,9,1,17,21691
0,9,1,18,21359
0,9,1,19,21292
0,9,1,20,21521
0,9,1,21,21505
0,9,1,22,21345
0,9,1,23,21220
0,9,1,24,21215
0,9,1,25,21329
0,9,1,26,21206
0,9,1,27,21192
0,9,1,28,21262
0,9,1,29,21217
0,9,1,30,21378
0,9,1,31,21179
0,8,1,0,21236
0,8,1,1,21186
0,8,1,2,21110
0,8,1,3,21319
0,8,1,4,21517
0,8,1,5,21064
0,8,1,6,21080
0,8,1,7,21113
0,8,1,8,21288
0,8,1,9,21174
0,8,1,10,21530
0,8,1,11,21296
0,8,1,12,21403
0,8,1,13,21115
0,8,1,14,21357
0,8,1,15,20986
0,8,1,16,21426
0,8,1,17,21280
0,8,1,18,21401
0,8,1,19,21241
0,8,1,20,21386
0,8,1,21,21313
0,8,1,22,21206
0,8,1,23,21354
0,8,1,24,21141
0,8,1,25,21353
0,8,1,26,21156
0,8,1,27,21135
0,8,1,28,21205
0,8,1,29,21220
0,8,1,30,21310
0,8,1,31,21196
0,7,1,0,10566
0,7,1,1,10688
0,7,1,2,10568
0,7,1,3,10491
0,7,1,4,10587
0,7,1,5,10624
0,7,1,6,10644
0,7,1,7,10650
0,7,1,8,10635
0,7,1,9,10622
0,7,1,10,10617
0,7,1,11,10526
0,7,1,12,10520
0,7,1,13,10567
0,7,1,14,10583
0,7,1,15,10562
0,7,1,16,10620
0,7,1,17,10649
0,7,1,18,10519
0,7,1,19,10675
0,7,1,20,10705
0,7,1,21,10619
0,7,1,22,10700
0,7,1,23,10709
0,7,1,24,10590
0,7,1,25,10636
0,7,1,26,10632
0,7,1,27,10656
0,7,1,28,10675
0,7,1,29,10612
0,7,1,30,10647
0,7,1,31,10546
0,6,1,0,9600
0,6,1,1,9619
0,6,1,2,9710
0,6,1,3,9739
0,6,1,4,9638
0,6,1,5,9550
0,6,1,6,9696
0,6,1,7,9568
0,6,1,8,9664
0,6,1,9,9659
0,6,1,10,9576
0,6,1,11,10034
0,6,1,12,9641
0,6,1,13,9554
0,6,1,14,9691
0,6,1,15,9678
0,6,1,16,9691
0,6,1,17,9686
0,6,1,18,9722
0,6,1,19,9749
0,6,1,20,9767
0,6,1,21,9507
0,6,1,22,9740
0,6,1,23,9620
0,6,1,24,9539
0,6,1,25,9675
0,6,1,26,9657
0,6,1,27,9631
0,6,1,28,9573
0,6,1,29,9722
0,6,1,30,9590
0,6,1,31,9633
0,5,1,0,8790
0,5,1,1,8921
0,5,1,2,8900
0,5,1,3,8827
0,5,1,4,8882
0,5,1,5,8953
0,5,1,6,8860
0,5,1,7,8970
0,5,1,8,8998
0,5,1,9,8965
0,5,1,10,8917
0,5,1,11,8852
0,5,1,12,8892
0,5,1,13,8932
0,5,1,14,8893
0,5,1,15,8950
0,5,1,16,9012
0,5,1,17,8963
0,5,1,18,8931
0,5,1,19,8913
0,5,1,20,8900
0,5,1,21,8970
0,5,1,22,8919
0,5,1,23,8883
0,5,1,24,8968
0,5,1,25,8920
0,5,1,26,8924
0,5,1,27,8955
0,5,1,28,8882
0,5,1,29,8971
0,5,1,30,8905
0,5,1,31,8875
0,4,1,0,7812
0,4,1,1,8131
0,4,1,2,7893
0,4,1,3,7888
0,4,1,4,7908
0,4,1,5,7887
0,4,1,6,7930
0,4,1,7,7788
0,4,1,8,7865
0,4,1,9,7905
0,4,1,10,7870
0,4,1,11,7879
0,4,1,12,7883
0,4,1,13,7877
0,4,1,14,7736
0,4,1,15,7932
0,4,1,16,7886
0,4,1,17,7835
0,4,1,18,7919
0,4,1,19,7920
0,4,1,20,7885
0,4,1,21,7777
0,4,1,22,7758
0,4,1,23,7885
0,4,1,24,7884
0,4,1,25,7884
0,4,1,26,7833
0,4,1,27,7847
0,4,1,28,7890
0,4,1,29,7871
0,4,1,30,7851
0,4,1,31,7849
0,3,1,0,7008
0,3,1,1,7163
0,3,1,2,7132
0,3,1,3,7146
0,3,1,4,7143
0,3,1,5,7078
0,3,1,6,7192
0,3,1,7,7128
0,3,1,8,7138
0,3,1,9,7167
0,3,1,10,7068
0,3,1,11,7139
0,3,1,12,7147
0,3,1,13,7125
0,3,1,14,7121
0,3,1,15,7104
0,3,1,16,7119
0,3,1,17,7124
0,3,1,18,7160
0,3,1,19,7032
0,3,1,20,7354
0,3,1,21,7077
0,3,1,22,7033
0,3,1,23,7323
0,3,1,24,7058
0,3,1,25,7061
0,3,1,26,7089
0,3,1,27,7148
0,3,1,28,7179
0,3,1,29,7166
0,3,1,30,7157
0,3,1,31,7078
0,2,1,0,4560
0,2,1,1,4575
0,2,1,2,4575
0,2,1,3,4590
0,2,1,4,4597
0,2,1,5,4584
0,2,1,6,4604
0,2,1,7,4566
0,2,1,8,4572
0,2,1,9,4587
0,2,1,10,4541
0,2,1,11,4609
0,2,1,12,4606
0,2,1,13,4589
0,2,1,14,4541
0,2,1,15,4611
0,2,1,16,4556
0,2,1,17,4595
0,2,1,18,4591
0,2,1,19,4564
0,2,1,20,4627
0,2,1,21,4585
0,2,1,22,4586
0,2,1,23,4553
0,2,1,24,4593
0,2,1,25,4572
0,2,1,26,4564
0,2,1,27,4629
0,2,1,28,4580
0,2,1,29,4599
0,2,1,30,4561
0,2,1,31,4571
0,1,1,0,3531
0,1,1,1,3562
0,1,1,2,3591
0,1,1,3,3566
0,1,1,4,3560
0,1,1,5,3501
0,1,1,6,3535
0,1,1,7,3547
0,1,1,8,3537
0,1,1,9,3577
0,1,1,10,3555
0,1,1,11,3556
0,1,1,12,3585
0,1,1,13,3550
0,1,1,14,3549
0,1,1,15,3500
0,1,1,16,3577
0,1,1,17,3532
0,1,1,18,3507
0,1,1,19,3560
0,1,1,20,3517
0,1,1,21,3554
0,1,1,22,3519
0,1,1,23,3514
0,1,1,24,3599
0,1,1,25,3556
0,1,1,26,3502
0,1,1,27,3568
0,1,1,28,3513
0,1,1,29,3562
0,1,1,30,3568
0,1,1,31,3544
0,0,1,0,2755
0,0,1,1,2781
0,0,1,2,2741
0,0,1,3,2783
0,0,1,4,2808
0,0,1,5,2761
0,0,1,6,2793
0,0,1,7,2807
0,0,1,8,2762
0,0,1,9,2788
0,0,1,10,2752
0,0,1,11,2813
0,0,1,12,2812
0,0,1,13,2779
0,0,1,14,2777
0,0,1,15,2806
0,0,1,16,2763
0,0,1,17,2784
0,0,1,18,2774
0,0,1,19,2782
0,0,1,20,2813
0,0,1,21,2839
0,0,1,22,2786
0,0,1,23,2779
0,0,1,24,2786
0,0,1,25,2803
0,0,1,26,2793
0,0,1,27,2813
0,0,1,28,2806
0,0,1,29,2780
0,0,1,30,2788
0,0,1,31,2798
1,9,1,0,28381
1,9,1,1,28014
1,9,1,2,27853
1,9,1,3,28166
1,9,1,4,28146
1,9,1,5,28173
1,9,1,6,28205
1,9,1,7,28189
1,9,1,8,28035
1,9,1,9,28086
1,9,1,10,28045
1,9,1,11,28420
1,9,1,12,28396
1,9,1,13,28234
1,9,1,14,28264
1,9,1,15,28353
1,9,1,16,28276
1,9,1,17,28241
1,9,1,18,28278
1,9,1,19,28307
1,9,1,20,28262
1,9,1,21,28405
1,9,1,22,28334
1,9,1,23,28470
1,9,1,24,28316
1,9,1,25,28234
1,9,1,26,28371
1,9,1,27,28345
1,9,1,28,28409
1,9,1,29,28241
1,9,1,30,27955
1,9,1,31,28362
1,8,1,0,27877
1,8,1,1,28259
1,8,1,2,28081
1,8,1,3,28148
1,8,1,4,28326
1,8,1,5,28318
1,8,1,6,28246
1,8,1,7,28275
1,8,1,8,28157
1,8,1,9,28256
1,8,1,10,28343
1,8,1,11,28240
1,8,1,12,28348
1,8,1,13,28235
1,8,1,14,28262
1,8,1,15,28363
1,8,1,16,28316
1,8,1,17,28196
1,8,1,18,28339
1,8,1,19,28250
1,8,1,20,28271
1,8,1,21,28276
1,8,1,22,28321
1,8,1,23,28273
1,8,1,24,28146
1,8,1,25,28338
1,8,1,26,28276
1,8,1,27,28242
1,8,1,28,28311
1,8,1,29,28363
1,8,1,30,28424
1,8,1,31,28274
1,7,1,0,28002
1,7,1,1,28179
1,7,1,2,28054
1,7,1,3,28124
1,7,1,4,28085
1,7,1,5,27779
1,7,1,6,28014
1,7,1,7,27747
1,7,1,8,27791
1,7,1,9,27807
1,7,1,10,27923
1,7,1,11,27846
1,7,1,12,28174
1,7,1,13,28068
1,7,1,14,28137
1,7,1,15,27566
1,7,1,16,27638
1,7,1,17,27587
1,7,1,18,28076
1,7,1,19,28116
1,7,1,20,28052
1,7,1,21,27633
1,7,1,22,27683
1,7,1,23,28159
1,7,1,24,27870
1,7,1,25,27913
1,7,1,26,27980
1,7,1,27,28096
1,7,1,28,27738
1,7,1,29,28076
1,7,1,30,27611
1,7,1,31,27525
1,6,1,0,26963
1,6,1,1,27496
1,6,1,2,27652
1,6,1,3,27339
1,6,1,4,27078
1,6,1,5,27352
1,6,1,6,27061
1,6,1,7,27480
1,6,1,8,27017
1,6,1,9,27210
1,6,1,10,27295
1,6,1,11,27424
1,6,1,12,27224
1,6,1,13,27267
1,6,1,14,27259
1,6,1,15,27028
1,6,1,16,27116
1,6,1,17,27162
1,6,1,18,27451
1,6,1,19,27710
1,6,1,20,27253
1,6,1,21,27153
1,6,1,22,27097
1,6,1,23,27261
1,6,1,24,27153
1,6,1,25,27119
1,6,1,26,27540
1,6,1,27,27545
1,6,1,28,27169
1,6,1,29,27530
1,6,1,30,38351
1,6,1,31,27552
1,5,1,0,26547
1,5,1,1,26513
1,5,1,2,26340
1,5,1,3,26855
1,5,1,4,26717
1,5,1,5,26764
1,5,1,6,26515
1,5,1,7,26774
1,5,1,8,26768
1,5,1,9,26831
1,5,1,10,26854
1,5,1,11,26830
1,5,1,12,26643
1,5,1,13,26780
1,5,1,14,26714
1,5,1,15,26388
1,5,1,16,26817
1,5,1,17,26833
1,5,1,18,26852
1,5,1,19,26419
1,5,1,20,26807
1,5,1,21,26733
1,5,1,22,26746
1,5,1,23,26737
1,5,1,24,26282
1,5,1,25,26791
1,5,1,26,26798
1,5,1,27,26769
1,5,1,28,26712
1,5,1,29,26658
1,5,1,30,26781
1,5,1,31,26217
1,4,1,0,26578
1,4,1,1,26264
1,4,1,2,26679
1,4,1,3,26570
1,4,1,4,26639
1,4,1,5,26287
1,4,1,6,26767
1,4,1,7,26652
1,4,1,8,26255
1,4,1,9,26153
1,4,1,10,26191
1,4,1,11,26729
1,4,1,12,26152
1,4,1,13,26538
1,4,1,14,26714
1,4,1,15,26869
1,4,1,16,26658
1,4,1,17,26576
1,4,1,18,26732
1,4,1,19,26659
1,4,1,20,26674
1,4,1,21,26696
1,4,1,22,26684
1,4,1,23,26669
1,4,1,24,26349
1,4,1,25,26592
1,4,1,26,26644
1,4,1,27,26612
1,4,1,28,26625
1,4,1,29,26679
1,4,1,30,26704
1,4,1,31,26714
1,3,1,0,14450
1,3,1,1,14718
1,3,1,2,14388
1,3,1,3,14645
1,3,1,4,14675
1,3,1,5,14679
1,3,1,6,14728
1,3,1,7,14401
1,3,1,8,14618
1,3,1,9,14582
1,3,1,10,14670
1,3,1,11,14702
1,3,1,12,14642
1,3,1,13,14703
1,3,1,14,14650
1,3,1,15,14737
1,3,1,16,14770
1,3,1,17,14661
1,3,1,18,14668
1,3,1,19,14630
1,3,1,20,14648
1,3,1,21,14682
1,3,1,22,14692
1,3,1,23,14682
1,3,1,24,14683
1,3,1,25,14689
1,3,1,26,14662
1,3,1,27,14680
1,3,1,28,14694
1,3,1,29,14675
1,3,1,30,14722
1,3,1,31,14460
1,2,1,0,14436
1,2,1,1,14307
1,2,1,2,14492
1,2,1,3,14381
1,2,1,4,14411
1,2,1,5,14367
1,2,1,6,14450
1,2,1,7,14385
1,2,1,8,14431
1,2,1,9,14352
1,2,1,10,14403
1,2,1,11,14393
1,2,1,12,14567
1,2,1,13,14442
1,2,1,14,14264
1,2,1,15,14178
1,2,1,16,14228
1,2,1,17,14360
1,2,1,18,14213
1,2,1,19,14342
1,2,1,20,14448
1,2,1,21,14150
1,2,1,22,14214
1,2,1,23,14288
1,2,1,24,14484
1,2,1,25,14443
1,2,1,26,14233
1,2,1,27,14394
1,2,1,28,14437
1,2,1,29,14400
1,2,1,30,14499
1,2,1,31,14420
1,1,1,0,13485
1,1,1,1,13736
1,1,1,2,13760
1,1,1,3,13414
1,1,1,4,13711
1,1,1,5,13641
1,1,1,6,13671
1,1,1,7,13511
1,1,1,8,13756
1,1,1,9,13781
1,1,1,10,13806
1,1,1,11,13689
1,1,1,12,13445
1,1,1,13,13706
1,1,1,14,13726
1,1,1,15,13692
1,1,1,16,13635
1,1,1,17,13684
1,1,1,18,13356
1,1,1,19,13544
1,1,1,20,13451
1,1,1,21,13526
1,1,1,22,13525
1,1,1,23,13573
1,1,1,24,13574
1,1,1,25,13555
1,1,1,26,13637
1,1,1,27,13651
1,1,1,28,13443
1,1,1,29,13682
1,1,1,30,13719
1,1,1,31,13775
1,0,1,0,379
1,0,1,1,365
1,0,1,2,354
1,0,1,3,352
1,0,1,4,364
1,0,1,5,356
1,0,1,6,368
1,0,1,7,375
1,0,1,8,374
1,0,1,9,362
1,0,1,10,373
1,0,1,11,373
1,0,1,12,362
1,0,1,13,373
1,0,1,14,364
1,0,1,15,359
1,0,1,16,369
1,0,1,17,363
1,0,1,18,368
1,0,1,19,352
1,0,1,20,367
1,0,1,21,372
1,0,1,22,359
1,0,1,23,369
1,0,1,24,364
1,0,1,25,359
1,0,1,26,370
1,0,1,27,367
1,0,1,28,353
1,0,1,29,356
1,0,1,30,366
1,0,1,31,360
2,10,1,0,19951
2,10,1,1,19726
2,10,1,2,19894
2,10,1,3,19566
2,10,1,4,19584
2,10,1,5,19516
2,10,1,6,19560
2,10,1,7,19842
2,10,1,8,19815
2,10,1,9,19575
2,10,1,10,19857
2,10,1,11,19934
2,10,1,12,19510
2,10,1,13,19517
2,10,1,14,19771
2,10,1,15,19747
2,10,1,16,19507
2,10,1,17,19765
2,10,1,18,19619
2,10,1,19,19500
2,10,1,20,19780
2,10,1,21,19423
2,10,1,22,19527
2,10,1,23,19486
2,10,1,24,19800
2,10,1,25,19951
2,10,1,26,19865
2,10,1,27,19850
2,10,1,28,19485
2,10,1,29,19875
2,10,1,30,19755
2,10,1,31,19699
2,9,1,0,18823
2,9,1,1,18874
2,9,1,2,18764
2,9,1,3,18816
2,9,1,4,18935
2,9,1,5,18897
2,9,1,6,18781
2,9,1,7,19177
2,9,1,8,19058
2,9,1,9,19106
2,9,1,10,19155
2,9,1,11,19120
2,9,1,12,19108
2,9,1,13,19019
2,9,1,14,19171
2,9,1,15,19118
2,9,1,16,19119
2,9,1,17,19054
2,9,1,18,19055
2,9,1,19,19082
2,9,1,20,19086
2,9,1,21,19150
2,9,1,22,19239
2,9,1,23,19123
2,9,1,24,18790
2,9,1,25,19029
2,9,1,26,19075
2,9,1,27,19149
2,9,1,28,19083
2,9,1,29,18923
2,9,1,30,19093
2,9,1,31,19056
2,8,1,0,18085
2,8,1,1,18014
2,8,1,2,18195
2,8,1,3,18030
2,8,1,4,18033
2,8,1,5,18166
2,8,1,6,17993
2,8,1,7,18234
2,8,1,8,18106
2,8,1,9,18207
2,8,1,10,17978
2,8,1,11,18281
2,8,1,12,18216
2,8,1,13,18063
2,8,1,14,18191
2,8,1,15,18130
2,8,1,16,17983
2,8,1,17,17991
2,8,1,18,18178
2,8,1,19,17999
2,8,1,20,18045
2,8,1,21,18225
2,8,1,22,17953
2,8,1,23,18213
2,8,1,24,18159
2,8,1,25,17992
2,8,1,26,17972
2,8,1,27,17953
2,8,1,28,17854
2,8,1,29,18318
2,8,1,30,18196
2,8,1,31,17902
2,7,1,0,15774
2,7,1,1,15853
2,7,1,2,15573
2,7,1,3,15741
2,7,1,4,15571
2,7,1,5,15594
2,7,1,6,15569
2,7,1,7,15633
2,7,1,8,15561
2,7,1,9,15673
2,7,1,10,15689
2,7,1,11,15607
2,7,1,12,15597
2,7,1,13,15547
2,7,1,14,15757
2,7,1,15,15657
2,7,1,16,15561
2,7,1,17,15567
2,7,1,18,15800
2,7,1,19,15790
2,7,1,20,15639
2,7,1,21,15604
2,7,1,22,15785
2,7,1,23,15753
2,7,1,24,15762
2,7,1,25,15565
2,7,1,26,15796
2,7,1,27,15828
2,7,1,28,15725
2,7,1,29,15800
2,7,1,30,15630
2,7,1,31,15635
2,6,1,0,15338
2,6,1,1,15631
2,6,1,2,15561
2,6,1,3,15637
2,6,1,4,15611
2,6,1,5,15631
2,6,1,6,15496
2,6,1,7,15621
2,6,1,8,15518
2,6,1,9,15526
2,6,1,10,15429
2,6,1,11,15461
2,6,1,12,15573
2,6,1,13,15472
2,6,1,14,15403
2,6,1,15,15406
2,6,1,16,15436
2,6,1,17,15372
2,6,1,18,15618
2,6,1,19,15391
2,6,1,20,15439
2,6,1,21,15400
2,6,1,22,15476
2,6,1,23,15598
2,6,1,24,15480
2,6,1,25,15401
2,6,1,26,15464
2,6,1,27,15631
2,6,1,28,15308
2,6,1,29,15418
2,6,1,30,15422
2,6,1,31,15445
2,5,1,0,3615
2,5,1,1,3606
2,5,1,2,3647
2,5,1,3,3620
2,5,1,4,3652
2,5,1,5,3651
2,5,1,6,3616
2,5,1,7,3654
2,5,1,8,3648
2,5,1,9,3651
2,5,1,10,3714
2,5,1,11,3602
2,5,1,12,3613
2,5,1,13,3619
2,5,1,14,3622
2,5,1,15,3626
2,5,1,16,3684
2,5,1,17,3644
2,5,1,18,3624
2,5,1,19,3633
2,5,1,20,3657
2,5,1,21,3609
2,5,1,22,3676
2,5,1,23,3663
2,5,1,24,3616
2,5,1,25,3696
2,5,1,26,3646
2,5,1,27,3649
2,5,1,28,3619
2,5,1,29,3637
2,5,1,30,3644
2,5,1,31,3635
2,4,1,0,3450
2,4,1,1,3400
2,4,1,2,3414
2,4,1,3,3402
2,4,1,4,3433
2,4,1,5,3446
2,4,1,6,3478
2,4,1,7,3414
2,4,1,8,3421
2,4,1,9,3417
2,4,1,10,3430
2,4,1,11,3453
2,4,1,12,3423
2,4,1,13,3427
2,4,1,14,3426
2,4,1,15,3458
2,4,1,16,3445
2,4,1,17,3426
2,4,1,18,3423
2,4,1,19,3405
2,4,1,20,3475
2,4,1,21,3437
2,4,1,22,3403
2,4,1,23,3408
2,4,1,24,3412
2,4,1,25,3426
2,4,1,26,3426
2,4,1,27,3411
2,4,1,28,3395
2,4,1,29,3417
2,4,1,30,3432
2,4,1,31,3412
2,3,1,0,2892
2,3,1,1,2887
2,3,1,2,2926
2,3,1,3,2917
2,3,1,4,2928
2,3,1,5,2904
2,3,1,6,2873
2,3,1,7,2892
2,3,1,8,2865
2,3,1,9,2908
2,3,1,10,2906
2,3,1,11,2961
2,3,1,12,2882
2,3,1,13,2890
2,3,1,14,2879
2,3,1,15,2885
2,3,1,16,2875
2,3,1,17,2866
2,3,1,18,2870
2,3,1,19,2857
2,3,1,20,2880
2,3,1,21,2890
2,3,1,22,2892
2,3,1,23,2879
2,3,1,24,2912
2,3,1,25,2860
2,3,1,26,2903
2,3,1,27,2893
2,3,1,28,2865
2,3,1,29,2897
2,3,1,30,2866
2,3,1,31,2887
2,2,1,0,2050
2,2,1,1,2048
2,2,1,2,2030
2,2,1,3,2045
2,2,1,4,2064
2,2,1,5,2059
2,2,1,6,2046
2,2,1,7,2043
2,2,1,8,2062
2,2,1,9,2053
2,2,1,10,2064
2,2,1,11,2067
2,2,1,12,2054
2,2,1,13,2056
2,2,1,14,2042
2,2,1,15,2053
2,2,1,16,2068
2,2,1,17,2045
2,2,1,18,2065
2,2,1,19,2049
2,2,1,20,2089
2,2,1,21,2050
2,2,1,22,2060
2,2,1,23,2069
2,2,1,24,2045
2,2,1,25,2033
2,2,1,26,2040
2,2,1,27,2068
2,2,1,28,2029
2,2,1,29,2028
2,2,1,30,2047
2,2,1,31,2034
2,1,1,0,1098
2,1,1,1,1083
2,1,1,2,1080
2,1,1,3,1105
2,1,1,4,1117
2,1,1,5,1073
2,1,1,6,1103
2,1,1,7,1106
2,1,1,8,1077
2,1,1,9,1096
2,1,1,10,1081
2,1,1,11,1085
2,1,1,12,1096
2,1,1,13,1092
2,1,1,14,1104
2,1,1,15,1124
2,1,1,16,1103
2,1,1,17,1107
2,1,1,18,1083
2,1,1,19,1099
2,1,1,20,1137
2,1,1,21,1089
2,1,1,22,1097
2,1,1,23,1085
2,1,1,24,1094
2,1,1,25,1088
2,1,1,26,1075
2,1,1,27,1077
2,1,1,28,1095
2,1,1,29,1087
2,1,1,30,1101
2,1,1,31,1087
2,0,1,0,645
2,0,1,1,669
2,0,1,2,676
2,0,1,3,650
2,0,1,4,712
2,0,1,5,667
2,0,1,6,679
2,0,1,7,683
2,0,1,8,669
2,0,1,9,674
2,0,1,10,661
2,0,1,11,646
2,0,1,12,661
2,0,1,13,652
2,0,1,14,677
2,0,1,15,674
2,0,1,16,675
2,0,1,17,673
2,0,1,18,659
2,0,1,19,694
2,0,1,20,717
2,0,1,21,660
2,0,1,22,666
2,0,1,23,668
2,0,1,24,658
2,0,1,25,693
2,0,1,26,657
2,0,1,27,684
2,0,1,28,674
2,0,1,29,662
2,0,1,30,661
2,0,1,31,686
0,0,2,0,2788
0,0,2,1,2791
0,0,2,2,2774
0,0,2,3,2814
0,0,2,4,2793
0,0,2,5,2803
0,0,2,6,2809
0,0,2,7,2816
0,0,2,8,2732
0,0,2,9,2804
0,0,2,10,2820
0,0,2,11,2786
0,0,2,12,2765
0,0,2,13,2798
0,0,2,14,2813
0,0,2,15,2824
0,0,2,16,2790
0,0,2,17,2811
0,0,2,18,2789
0,0,2,19,2778
0,0,2,20,2818
0,0,2,21,2770
0,0,2,22,2814
0,0,2,23,2782
0,0,2,24,2776
0,0,2,25,2790
0,0,2,26,2767
0,0,2,27,2838
0,0,2,28,2795
0,0,2,29,2793
0,0,2,30,2745
0,0,2,31,2807
0,1,2,0,3564
0,1,2,1,3551
0,1,2,2,3550
0,1,2,3,3532
0,1,2,4,3541
0,1,2,5,3541
0,1,2,6,3556
0,1,2,7,3584
0,1,2,8,3567
0,1,2,9,3540
0,1,2,10,3544
0,1,2,11,3554
0,1,2,12,3475
0,1,2,13,3570
0,1,2,14,3532
0,1,2,15,3549
0,1,2,16,3569
0,1,2,17,3573
0,1,2,18,3584
0,1,2,19,3588
0,1,2,20,3520
0,1,2,21,3589
0,1,2,22,3515
0,1,2,23,3564
0,1,2,24,3557
0,1,2,25,3590
0,1,2,26,3586
0,1,2,27,3560
0,1,2,28,3554
0,1,2,29,3538
0,1,2,30,3541
0,1,2,31,3571
0,2,2,0,4566
0,2,2,1,4581
0,2,2,2,4553
0,2,2,3,4554
0,2,2,4,4558
0,2,2,5,4615
0,2,2,6,4591
0,2,2,7,4572
0,2,2,8,4639
0,2,2,9,4610
0,2,2,10,4531
0,2,2,11,4565
0,2,2,12,4623
0,2,2,13,4609
0,2,2,14,4539
0,2,2,15,4610
0,2,2,16,4611
0,2,2,17,4608
0,2,2,18,4571
0,2,2,19,4608
0,2,2,20,4606
0,2,2,21,4637
0,2,2,22,4560
0,2,2,23,4638
0,2,2,24,4622
0,2,2,25,4587
0,2,2,26,4578
0,2,2,27,4516
0,2,2,28,4542
0,2,2,29,4540
0,2,2,30,4641
0,2,2,31,4586
0,3,2,0,7198
0,3,2,1,7137
0,3,2,2,7090
0,3,2,3,7166
0,3,2,4,7059
0,3,2,5,7174
0,3,2,6,7161
0,3,2,7,7193
0,3,2,8,7070
0,3,2,9,7146
0,3,2,10,7157
0,3,2,11,7209
0,3,2,12,7137
0,3,2,13,7160
0,3,2,14,7195
0,3,2,15,7083
0,3,2,16,7132
0,3,2,17,7284
0,3,2,18,7175
0,3,2,19,7180
0,3,2,20,7116
0,3,2,21,7178
0,3,2,22,7161
0,3,2,23,7154
0,3,2,24,7137
0,3,2,25,7116
0,3,2,26,7161
0,3,2,27,7152
0,3,2,28,7131
0,3,2,29,7156
0,3,2,30,6995
0,3,2,31,7070
0,4,2,0,7792
0,4,2,1,7926
0,4,2,2,7919
0,4,2,3,7893
0,4,2,4,7903
0,4,2,5,7824
0,4,2,6,7891
0,4,2,7,7891
0,4,2,8,7796
0,4,2,9,7774
0,4,2,10,7884
0,4,2,11,7894
0,4,2,12,7919
0,4,2,13,8051
0,4,2,14,7811
0,4,2,15,7873
0,4,2,16,7865
0,4,2,17,7730
0,4,2,18,7869
0,4,2,19,7910
0,4,2,20,7887
0,4,2,21,7737
0,4,2,22,8064
0,4,2,23,7867
0,4,2,24,7964
0,4,2,25,7874
0,4,2,26,7864
0,4,2,27,7780
0,4,2,28,7834
0,4,2,29,7913
0,4,2,30,7836
0,4,2,31,7941
0,5,2,0,8889
0,5,2,1,8974
0,5,2,2,8921
0,5,2,3,8863
0,5,2,4,8919
0,5,2,5,8800
0,5,2,6,8887
0,5,2,7,8769
0,5,2,8,8947
0,5,2,9,8898
0,5,2,10,8990
0,5,2,11,8949
0,5,2,12,9022
0,5,2,13,8893
0,5,2,14,8933
0,5,2,15,8963
0,5,2,16,8832
0,5,2,17,8870
0,5,2,18,8908
0,5,2,19,8819
0,5,2,20,8860
0,5,2,21,8881
0,5,2,22,8950
0,5,2,23,8964
0,5,2,24,8995
0,5,2,25,8918
0,5,2,26,8911
0,5,2,27,8733
0,5,2,28,8886
0,5,2,29,8842
0,5,2,30,8874
0,5,2,31,8854
0,6,2,0,9738
0,6,2,1,9628
0,6,2,2,9645
0,6,2,3,9588
0,6,2,4,9700
0,6,2,5,9683
0,6,2,6,9678
0,6,2,7,9502
0,6,2,8,9600
0,6,2,9,9645
0,6,2,10,9603
0,6,2,11,9658
0,6,2,12,9648
0,6,2,13,9714
0,6,2,14,9873
0,6,2,15,9660
0,6,2,16,9701
0,6,2,17,9601
0,6,2,18,9682
0,6,2,19,9676
0,6,2,20,9718
0,6,2,21,9711
0,6,2,22,9781
0,6,2,23,9654
0,6,2,24,9603
0,6,2,25,9641
0,6,2,26,9712
0,6,2,27,9601
0,6,2,28,9774
0,6,2,29,9701
0,6,2,30,9711
0,6,2,31,9671
0,7,2,0,10562
0,7,2,1,10651
0,7,2,2,10677
0,7,2,3,10664
0,7,2,4,10605
0,7,2,5,10615
0,7,2,6,10613
0,7,2,7,10629
0,7,2,8,10787
0,7,2,9,10592
0,7,2,10,10635
0,7,2,11,10647
0,7,2,12,10612
0,7,2,13,10655
0,7,2,14,10667
0,7,2,15,10612
0,7,2,16,10534
0,7,2,17,10630
0,7,2,18,10625
0,7,2,19,10619
0,7,2,20,10573
0,7,2,21,10611
0,7,2,22,10615
0,7,2,23,10477
0,7,2,24,10566
0,7,2,25,10608
0,7,2,26,10650
0,7,2,27,10579
0,7,2,28,10626
0,7,2,29,10715
0,7,2,30,10850
0,7,2,31,10694
0,8,2,0,21328
0,8,2,1,21358
0,8,2,2,21354
0,8,2,3,21378
0,8,2,4,21081
0,8,2,5,21358
0,8,2,6,21271
0,8,2,7,21208
0,8,2,8,21476
0,8,2,9,21250
0,8,2,10,21678
0,8,2,11,21425
0,8,2,12,21298
0,8,2,13,21261
0,8,2,14,21394
0,8,2,15,21235
0,8,2,16,21423
0,8,2,17,21202
0,8,2,18,21260
0,8,2,19,21443
0,8,2,20,21246
0,8,2,21,21532
0,8,2,22,21420
0,8,2,23,21371
0,8,2,24,21434
0,8,2,25,21280
0,8,2,26,21091
0,8,2,27,21104
0,8,2,28,21227
0,8,2,29,21041
0,8,2,30,21091
0,8,2,31,21407
0,9,2,0,21407
0,9,2,1,32271
0,9,2,2,21296
0,9,2,3,21489
0,9,2,4,21619
0,9,2,5,21213
0,9,2,6,21281
0,9,2,7,21118
0,9,2,8,21466
0,9,2,9,21264
0,9,2,10,21344
0,9,2,11,21174
0,9,2,12,21268
0,9,2,13,21202
0,9,2,14,21391
0,9,2,15,21263
0,9,2,16,21639
0,9,2,17,21524
0,9,2,18,21587
0,9,2,19,21544
0,9,2,20,21624
0,9,2,21,21425
0,9,2,22,21606
0,9,2,23,21434
0,9,2,24,21336
0,9,2,25,21465
0,9,2,26,21359
0,9,2,27,21188
0,9,2,28,21333
0,9,2,29,21342
0,9,2,30,21480
0,9,2,31,21248
1,0,2,0,408
1,0,2,1,359
1,0,2,2,366
1,0,2,3,357
1,0,2,4,361
1,0,2,5,365
1,0,2,6,375
1,0,2,7,369
1,0,2,8,377
1,0,2,9,358
1,0,2,10,373
1,0,2,11,358
1,0,2,12,369
1,0,2,13,371
1,0,2,14,362
1,0,2,15,357
1,0,2,16,363
1,0,2,17,373
1,0,2,18,368
1,0,2,19,371
1,0,2,20,366
1,0,2,21,373
1,0,2,22,358
1,0,2,23,362
1,0,2,24,370
1,0,2,25,371
1,0,2,26,356
1,0,2,27,370
1,0,2,28,363
1,0,2,29,372
1,0,2,30,361
1,0,2,31,374
1,1,2,0,13507
1,1,2,1,13508
1,1,2,2,13759
1,1,2,3,13719
1,1,2,4,13739
1,1,2,5,13762
1,1,2,6,13717
1,1,2,7,13670
1,1,2,8,13675
1,1,2,9,13712
1,1,2,10,13521
1,1,2,11,13693
1,1,2,12,13723
1,1,2,13,13769
1,1,2,14,13735
1,1,2,15,13762
1,1,2,16,13722
1,1,2,17,13705
1,1,2,18,13714
1,1,2,19,13714
1,1,2,20,13733
1,1,2,21,13778
1,1,2,22,13670
1,1,2,23,13758
1,1,2,24,13667
1,1,2,25,13674
1,1,2,26,13702
1,1,2,27,13705
1,1,2,28,13734
1,1,2,29,13857
1,1,2,30,13498
1,1,2,31,13527
1,2,2,0,14502
1,2,2,1,14456
1,2,2,2,14208
1,2,2,3,14536
1,2,2,4,14435
1,2,2,5,14423
1,2,2,6,14402
1,2,2,7,14484
1,2,2,8,14551
1,2,2,9,14471
1,2,2,10,14457
1,2,2,11,14417
1,2,2,12,14435
1,2,2,13,14527
1,2,2,14,14392
1,2,2,15,14480
1,2,2,16,14548
1,2,2,17,14481
1,2,2,18,14455
1,2,2,19,14427
1,2,2,20,14460
1,2,2,21,14439
1,2,2,22,14419
1,2,2,23,14346
1,2,2,24,14474
1,2,2,25,14514
1,2,2,26,14435
1,2,2,27,14527
1,2,2,28,14439
1,2,2,29,14397
1,2,2,30,14511
1,2,2,31,14464
1,3,2,0,14465
1,3,2,1,14612
1,3,2,2,14662
1,3,2,3,14806
1,3,2,4,14709
1,3,2,5,14653
1,3,2,6,14409
1,3,2,7,14446
1,3,2,8,14703
1,3,2,9,14676
1,3,2,10,14722
1,3,2,11,14691
1,3,2,12,14651
1,3,2,13,14656
1,3,2,14,14658
1,3,2,15,14697
1,3,2,16,14699
1,3,2,17,14639
1,3,2,18,14697
1,3,2,19,14618
1,3,2,20,14439
1,3,2,21,14693
1,3,2,22,14485
1,3,2,23,14495
1,3,2,24,14755
1,3,2,25,14653
1,3,2,26,14697
1,3,2,27,14606
1,3,2,28,14733
1,3,2,29,14655
1,3,2,30,14698
1,3,2,31,14404
1,4,2,0,26637
1,4,2,1,26601
1,4,2,2,26335
1,4,2,3,26736
1,4,2,4,26671
1,4,2,5,26648
1,4,2,6,26661
1,4,2,7,26496
1,4,2,8,26643
1,4,2,9,26617
1,4,2,10,26574
1,4,2,11,26599
1,4,2,12,26502
1,4,2,13,26374
1,4,2,14,26516
1,4,2,15,26167
1,4,2,16,26602
1,4,2,17,26446
1,4,2,18,26633
1,4,2,19,26718
1,4,2,20,26658
1,4,2,21,27068
1,4,2,22,26329
1,4,2,23,26648
1,4,2,24,26272
1,4,2,25,26663
1,4,2,26,26662
1,4,2,27,26375
1,4,2,28,26366
1,4,2,29,26169
1,4,2,30,26135
1,4,2,31,26650
1,5,2,0,26691
1,5,2,1,26324
1,5,2,2,26800
1,5,2,3,26688
1,5,2,4,26523
1,5,2,5,26894
1,5,2,6,26461
1,5,2,7,26557
1,5,2,8,26610
1,5,2,9,26740
1,5,2,10,26427
1,5,2,11,26816
1,5,2,12,26833
1,5,2,13,26630
1,5,2,14,26308
1,5,2,15,26803
1,5,2,16,26839
1,5,2,17,26824
1,5,2,18,26718
1,5,2,19,26387
1,5,2,20,26556
1,5,2,21,26258
1,5,2,22,26861
1,5,2,23,26766
1,5,2,24,26859
1,5,2,25,26590
1,5,2,26,26856
1,5,2,27,26920
1,5,2,28,26855
1,5,2,29,26869
1,5,2,30,26711
1,5,2,31,26837
1,6,2,0,27410
1,6,2,1,27350
1,6,2,2,27068
1,6,2,3,27199
1,6,2,4,27549
1,6,2,5,27500
1,6,2,6,27621
1,6,2,7,27477
1,6,2,8,27524
1,6,2,9,27430
1,6,2,10,27629
1,6,2,11,27482
1,6,2,12,27515
1,6,2,13,27513
1,6,2,14,27536
1,6,2,15,27532
1,6,2,16,26929
1,6,2,17,27596
1,6,2,18,27988
1,6,2,19,27507
1,6,2,20,27411
1,6,2,21,27620
1,6,2,22,27052
1,6,2,23,27050
1,6,2,24,27551
1,6,2,25,27551
1,6,2,26,27522
1,6,2,27,27125
1,6,2,28,27065
1,6,2,29,27499
1,6,2,30,27550
1,6,2,31,27603
1,7,2,0,27997
1,7,2,1,27527
1,7,2,2,28105
1,7,2,3,28052
1,7,2,4,28125
1,7,2,5,28123
1,7,2,6,28132
1,7,2,7,28110
1,7,2,8,28088
1,7,2,9,27843
1,7,2,10,27870
1,7,2,11,28093
1,7,2,12,28035
1,7,2,13,27752
1,7,2,14,28058
1,7,2,15,28019
1,7,2,16,28065
1,7,2,17,28029
1,7,2,18,28065
1,7,2,19,28046
1,7,2,20,28042
1,7,2,21,27979
1,7,2,22,28112
1,7,2,23,28141
1,7,2,24,28030
1,7,2,25,28030
1,7,2,26,28008
1,7,2,27,27973
1,7,2,28,28022
1,7,2,29,28082
1,7,2,30,28093
1,7,2,31,27921
1,8,2,0,28134
1,8,2,1,28246
1,8,2,2,28324
1,8,2,3,28274
1,8,2,4,28164
1,8,2,5,28033
1,8,2,6,28163
1,8,2,7,27957
1,8,2,8,27750
1,8,2,9,28376
1,8,2,10,28284
1,8,2,11,28339
1,8,2,12,28731
1,8,2,13,28388
1,8,2,14,28456
1,8,2,15,28390
1,8,2,16,28307
1,8,2,17,28433
1,8,2,18,28420
1,8,2,19,28428
1,8,2,20,28389
1,8,2,21,28303
1,8,2,22,28395
1,8,2,23,28295
1,8,2,24,28369
1,8,2,25,28454
1,8,2,26,28087
1,8,2,27,28332
1,8,2,28,28324
1,8,2,29,28372
1,8,2,30,28352
1,8,2,31,28408
1,9,2,0,28131
1,9,2,1,28426
1,9,2,2,28372
1,9,2,3,28287
1,9,2,4,28401
1,9,2,5,27904
1,9,2,6,28388
1,9,2,7,28303
1,9,2,8,28434
1,9,2,9,28300
1,9,2,10,28399
1,9,2,11,28341
1,9,2,12,28356
1,9,2,13,28305
1,9,2,14,28371
1,9,2,15,28259
1,9,2,16,28371
1,9,2,17,28407
1,9,2,18,28405
1,9,2,19,28432
1,9,2,20,28390
1,9,2,21,28353
1,9,2,22,28270
1,9,2,23,28361
1,9,2,24,28348
1,9,2,25,28311
1,9,2,26,28430
1,9,2,27,28414
1,9,2,28,28306
1,9,2,29,28369
1,9,2,30,28339
1,9,2,31,28324
2,0,2,0,690
2,0,2,1,676
2,0,2,2,656
2,0,2,3,657
2,0,2,4,688
2,0,2,5,691
2,0,2,6,677
2,0,2,7,682
2,0,2,8,677
2,0,2,9,680
2,0,2,10,652
2,0,2,11,665
2,0,2,12,656
2,0,2,13,668
2,0,2,14,666
2,0,2,15,694
2,0,2,16,664
2,0,2,17,664
2,0,2,18,671
2,0,2,19,651
2,0,2,20,699
2,0,2,21,671
2,0,2,22,666
2,0,2,23,671
2,0,2,24,657
2,0,2,25,676
2,0,2,26,645
2,0,2,27,680
2,0,2,28,677
2,0,2,29,665
2,0,2,30,661
2,0,2,31,677
2,1,2,0,1120
2,1,2,1,1080
2,1,2,2,1084
2,1,2,3,1076
2,1,2,4,1110
2,1,2,5,1092
2,1,2,6,1076
2,1,2,7,1112
2,1,2,8,1104
2,1,2,9,1106
2,1,2,10,1082
2,1,2,11,1108
2,1,2,12,1101
2,1,2,13,1092
2,1,2,14,1076
2,1,2,15,1103
2,1,2,16,1092
2,1,2,17,1075
2,1,2,18,1082
2,1,2,19,1091
2,1,2,20,1130
2,1,2,21,1095
2,1,2,22,1081
2,1,2,23,1109
2,1,2,24,1084
2,1,2,25,1083
2,1,2,26,1104
2,1,2,27,1093
2,1,2,28,1096
2,1,2,29,1097
2,1,2,30,1087
2,1,2,31,1085
2,2,2,0,2071
2,2,2,1,2040
2,2,2,2,2032
2,2,2,3,2053
2,2,2,4,2063
2,2,2,5,2045
2,2,2,6,2084
2,2,2,7,2048
2,2,2,8,2049
2,2,2,9,2049
2,2,2,10,2040
2,2,2,11,2065
2,2,2,12,2049
2,2,2,13,2041
2,2,2,14,2052
2,2,2,15,2026
2,2,2,16,2061
2,2,2,17,2048
2,2,2,18,2063
2,2,2,19,2041
2,2,2,20,2050
2,2,2,21,2066
2,2,2,22,2025
2,2,2,23,2055
2,2,2,24,2047
2,2,2,25,2033
2,2,2,26,2051
2,2,2,27,2054
2,2,2,28,2038
2,2,2,29,2026
2,2,2,30,2060
2,2,2,31,2047
2,3,2,0,2914
2,3,2,1,2934
2,3,2,2,2887
2,3,2,3,2883
2,3,2,4,2914
2,3,2,5,2902
2,3,2,6,2866
2,3,2,7,2898
2,3,2,8,2884
2,3,2,9,2882
2,3,2,10,2909
2,3,2,11,2888
2,3,2,12,2879
2,3,2,13,2854
2,3,2,14,2915
2,3,2,15,2916
2,3,2,16,2889
2,3,2,17,2908
2,3,2,18,2887
2,3,2,19,2898
2,3,2,20,2955
2,3,2,21,2881
2,3,2,22,2903
2,3,2,23,2900
2,3,2,24,2870
2,3,2,25,2863
2,3,2,26,2942
2,3,2,27,2920
2,3,2,28,2892
2,3,2,29,2877
2,3,2,30,2879
2,3,2,31,2907
2,4,2,0,3400
2,4,2,1,3422
2,4,2,2,3437
2,4,2,3,3441
2,4,2,4,3441
2,4,2,5,3421
2,4,2,6,3425
2,4,2,7,3420
2,4,2,8,3397
2,4,2,9,3395
2,4,2,10,3412
2,4,2,11,3404
2,4,2,12,3442
2,4,2,13,3422
2,4,2,14,3446
2,4,2,15,3411
2,4,2,16,3445
2,4,2,17,3426
2,4,2,18,3400
2,4,2,19,3414
2,4,2,20,3455
2,4,2,21,3431
2,4,2,22,3409
2,4,2,23,3462
2,4,2,24,3426
2,4,2,25,3385
2,4,2,26,3415
2,4,2,27,3415
2,4,2,28,3395
2,4,2,29,3387
2,4,2,30,3432
2,4,2,31,3379
2,5,2,0,3637
2,5,2,1,3608
2,5,2,2,3643
2,5,2,3,3659
2,5,2,4,3663
2,5,2,5,3641
2,5,2,6,3637
2,5,2,7,3653
2,5,2,8,3626
2,5,2,9,3629
2,5,2,10,3597
2,5,2,11,3625
2,5,2,12,3631
2,5,2,13,3666
2,5,2,14,3663
2,5,2,15,3661
2,5,2,16,3660
2,5,2,17,3636
2,5,2,18,3631
2,5,2,19,3620
2,5,2,20,3653
2,5,2,21,3607
2,5,2,22,3684
2,5,2,23,3626
2,5,2,24,3626
2,5,2,25,3643
2,5,2,26,3675
2,5,2,27,3667
2,5,2,28,3659
2,5,2,29,3618
2,5,2,30,3623
2,5,2,31,3619
2,6,2,0,15643
2,6,2,1,15428
2,6,2,2,15534
2,6,2,3,15714
2,6,2,4,15447
2,6,2,5,15437
2,6,2,6,15654
2,6,2,7,15481
2,6,2,8,15492
2,6,2,9,15621
2,6,2,10,15454
2,6,2,11,15656
2,6,2,12,15479
2,6,2,13,15417
2,6,2,14,15437
2,6,2,15,15422
2,6,2,16,15668
2,6,2,17,15578
2,6,2,18,15357
2,6,2,19,15414
2,6,2,20,15484
2,6,2,21,15441
2,6,2,22,15438
2,6,2,23,15394
2,6,2,24,15478
2,6,2,25,15397
2,6,2,26,15438
2,6,2,27,15673
2,6,2,28,15462
2,6,2,29,15414
2,6,2,30,15364
2,6,2,31,15410
2,7,2,0,15551
2,7,2,1,15534
2,7,2,2,15638
2,7,2,3,15687
2,7,2,4,15562
2,7,2,5,15848
2,7,2,6,15741
2,7,2,7,15675
2,7,2,8,15571
2,7,2,9,15550
2,7,2,10,15509
2,7,2,11,15619
2,7,2,12,15622
2,7,2,13,15624
2,7,2,14,15600
2,7,2,15,15575
2,7,2,16,15561
2,7,2,17,15582
2,7,2,18,15575
2,7,2,19,15676
2,7,2,20,15640
2,7,2,21,15601
2,7,2,22,15504
2,7,2,23,15624
2,7,2,24,15785
2,7,2,25,15843
2,7,2,26,15661
2,7,2,27,15641
2,7,2,28,15592
2,7,2,29,15551
2,7,2,30,16206
2,7,2,31,15809
2,8,2,0,18258
2,8,2,1,18237
2,8,2,2,18274
2,8,2,3,18304
2,8,2,4,18210
2,8,2,5,18244
2,8,2,6,18146
2,8,2,7,17992
2,8,2,8,17925
2,8,2,9,17943
2,8,2,10,17934
2,8,2,11,18254
2,8,2,12,18199
2,8,2,13,18123
2,8,2,14,17957
2,8,2,15,18208
2,8,2,16,18215
2,8,2,17,17867
2,8,2,18,17975
2,8,2,19,18146
2,8,2,20,18325
2,8,2,21,17977
2,8,2,22,18230
2,8,2,23,17931
2,8,2,24,17966
2,8,2,25,17917
2,8,2,26,17959
2,8,2,27,17936
2,8,2,28,17972
2,8,2,29,17966
2,8,2,30,18241
2,8,2,31,18264
2,9,2,0,19147
2,9,2,1,19102
2,9,2,2,18917
2,9,2,3,19159
2,9,2,4,18841
2,9,2,5,18793
2,9,2,6,18821
2,9,2,7,18910
2,9,2,8,19029
2,9,2,9,18930
2,9,2,10,19165
2,9,2,11,18750
2,9,2,12,18815
2,9,2,13,18824
2,9,2,14,18825
2,9,2,15,19046
2,9,2,16,19150
2,9,2,17,18774
2,9,2,18,19130
2,9,2,19,19061
2,9,2,20,19104
2,9,2,21,19093
2,9,2,22,18835
2,9,2,23,19093
2,9,2,24,19097
2,9,2,25,19128
2,9,2,26,18969
2,9,2,27,18989
2,9,2,28,19040
2,9,2,29,19091
2,9,2,30,19017
2,9,2,31,18788
2,10,2,0,19800
2,10,2,1,19558
2,10,2,2,19707
2,10,2,3,19503
2,10,2,4,19763
2,10,2,5,19879
2,10,2,6,19808
2,10,2,7,19515
2,10,2,8,19419
2,10,2,9,19623
2,10,2,10,19502
2,10,2,11,19535
2,10,2,12,19494
2,10,2,13,19780
2,10,2,14,19764
2,10,2,15,19705
2,10,2,16,19651
2,10,2,17,20239
2,10,2,18,19675
2,10,2,19,19837
2,10,2,20,19646
2,10,2,21,19531
2,10,2,22,19476
2,10,2,23,19670
2,10,2,24,19869
2,10,2,25,19668
2,10,2,26,19638
2,10,2,27,19637
2,10,2,28,19649
2,10,2,29,19562
2,10,2,30,19420
2,10,2,31,19871
0,9,3,0,21214
0,9,3,1,21327
0,9,3,2,21285
0,9,3,3,21492
0,9,3,4,21312
0,9,3,5,21743
0,9,3,6,21310
0,9,3,7,21487
0,9,3,8,21263
0,9,3,9,21262
0,9,3,10,21122
0,9,3,11,21330
0,9,3,12,21622
0,9,3,13,21308
0,9,3,14,21236
0,9,3,15,21442
0,9,3,16,21166
0,9,3,17,21256
0,9,3,18,21436
0,9,3,19,21308
0,9,3,20,21511
0,9,3,21,21269
0,9,3,22,21283
0,9,3,23,21451
0,9,3,24,32333
0,9,3,25,21180
0,9,3,26,21466
0,9,3,27,21275
0,9,3,28,21644
0,9,3,29,21451
0,9,3,30,21546
0,9,3,31,21373
0,8,3,0,21120
0,8,3,1,21300
0,8,3,2,21238
0,8,3,3,21170
0,8,3,4,21300
0,8,3,5,21216
0,8,3,6,21141
0,8,3,7,21143
0,8,3,8,21216
0,8,3,9,21068
0,8,3,10,21080
0,8,3,11,21218
0,8,3,12,21080
0,8,3,13,21071
0,8,3,14,21427
0,8,3,15,21508
0,8,3,16,21191
0,8,3,17,21281
0,8,3,18,21040
0,8,3,19,21247
0,8,3,20,21123
0,8,3,21,21267
0,8,3,22,21314
0,8,3,23,21376
0,8,3,24,21108
0,8,3,25,21255
0,8,3,26,21015
0,8,3,27,21125
0,8,3,28,21465
0,8,3,29,21119
0,8,3,30,21135
0,8,3,31,21785
0,7,3,0,10419
0,7,3,1,10664
0,7,3,2,10547
0,7,3,3,10637
0,7,3,4,10709
0,7,3,5,10588
0,7,3,6,10585
0,7,3,7,10611
0,7,3,8,10644
0,7,3,9,10624
0,7,3,10,10652
0,7,3,11,10619
0,7,3,12,10620
0,7,3,13,10675
0,7,3,14,10604
0,7,3,15,10763
0,7,3,16,10634
0,7,3,17,10586
0,7,3,18,10528
0,7,3,19,10611
0,7,3,20,10630
0,7,3,21,10665
0,7,3,22,10672
0,7,3,23,10607
0,7,3,24,10629
0,7,3,25,10663
0,7,3,26,10651
0,7,3,27,10584
0,7,3,28,10669
0,7,3,29,10652
0,7,3,30,10658
0,7,3,31,10660
0,6,3,0,9531
0,6,3,1,9645
0,6,3,2,9609
0,6,3,3,9588
0,6,3,4,9680
0,6,3,5,9773
0,6,3,6,9670
0,6,3,7,9720
0,6,3,8,9742
0,6,3,9,9595
0,6,3,10,9688
0,6,3,11,9578
0,6,3,12,9637
0,6,3,13,9684
0,6,3,14,9590
0,6,3,15,9725
0,6,3,16,9684
0,6,3,17,9694
0,6,3,18,9605
0,6,3,19,9651
0,6,3,20,9702
0,6,3,21,9724
0,6,3,22,9659
0,6,3,23,9683
0,6,3,24,9605
0,6,3,25,9688
0,6,3,26,9686
0,6,3,27,9559
0,6,3,28,9663
0,6,3,29,9670
0,6,3,30,9653
0,6,3,31,9716
0,5,3,0,8718
0,5,3,1,8881
0,5,3,2,8768
0,5,3,3,8978
0,5,3,4,8869
0,5,3,5,8870
0,5,3,6,8811
0,5,3,7,8930
0,5,3,8,8949
0,5,3,9,8930
0,5,3,10,9003
0,5,3,11,8953
0,5,3,12,8909
0,5,3,13,8941
0,5,3,14,8899
0,5,3,15,8830
0,5,3,16,8875
0,5,3,17,8921
0,5,3,18,8855
0,5,3,19,8998
0,5,3,20,8901
0,5,3,21,8884
0,5,3,22,8967
0,5,3,23,8960
0,5,3,24,8923
0,5,3,25,8886
0,5,3,26,8824
0,5,3,27,8889
0,5,3,28,8812
0,5,3,29,8912
0,5,3,30,8882
0,5,3,31,8918
0,4,3,0,7771
0,4,3,1,7872
0,4,3,2,7935
0,4,3,3,7868
0,4,3,4,7911
0,4,3,5,7854
0,4,3,6,7802
0,4,3,7,7850
0,4,3,8,7852
0,4,3,9,7928
0,4,3,10,7848
0,4,3,11,7806
0,4,3,12,7934
0,4,3,13,7894
0,4,3,14,7883
0,4,3,15,7850
0,4,3,16,7936
0,4,3,17,7913
0,4,3,18,7804
0,4,3,19,7868
0,4,3,20,7838
0,4,3,21,7784
0,4,3,22,7916
0,4,3,23,7873
0,4,3,24,7874
0,4,3,25,7888
0,4,3,26,7872
0,4,3,27,7732
0,4,3,28,7871
0,4,3,29,7899
0,4,3,30,7771
0,4,3,31,7803
0,3,3,0,7151
0,3,3,1,7111
0,3,3,2,7167
0,3,3,3,7170
0,3,3,4,7192
0,3,3,5,7077
0,3,3,6,7212
0,3,3,7,7194
0,3,3,8,7120
0,3,3,9,7122
0,3,3,10,6964
0,3,3,11,7082
0,3,3,12,7436
0,3,3,13,7032
0,3,3,14,7274
0,3,3,15,7207
0,3,3,16,7083
0,3,3,17,7155
0,3,3,18,7137
0,3,3,19,7069
0,3,3,20,7157
0,3,3,21,7151
0,3,3,22,7198
0,3,3,23,7079
0,3,3,24,7180
0,3,3,25,7178
0,3,3,26,7593
0,3,3,27,7221
0,3,3,28,6990
0,3,3,29,7201
0,3,3,30,7164
0,3,3,31,7120
0,2,3,0,4595
0,2,3,1,4584
0,2,3,2,4580
0,2,3,3,4590
0,2,3,4,4589
0,2,3,5,4602
0,2,3,6,4532
0,2,3,7,4574
0,2,3,8,4550
0,2,3,9,4613
0,2,3,10,4597
0,2,3,11,4590
0,2,3,12,4601
0,2,3,13,4565
0,2,3,14,4561
0,2,3,15,4586
0,2,3,16,4594
0,2,3,17,4565
0,2,3,18,4583
0,2,3,19,4589
0,2,3,20,4597
0,2,3,21,4575
0,2,3,22,4633
0,2,3,23,4596
0,2,3,24,4612
0,2,3,25,4580
0,2,3,26,4613
0,2,3,27,4579
0,2,3,28,4604
0,2,3,29,4573
0,2,3,30,4554
0,2,3,31,4521
0,1,3,0,3542
0,1,3,1,3502
0,1,3,2,3538
0,1,3,3,3548
0,1,3,4,3591
0,1,3,5,3549
0,1,3,6,3564
0,1,3,7,3552
0,1,3,8,3549
0,1,3,9,3502
0,1,3,10,3553
0,1,3,11,3545
0,1,3,12,3536
0,1,3,13,3536
0,1,3,14,3568
0,1,3,15,3562
0,1,3,16,3524
0,1,3,17,3551
0,1,3,18,3545
0,1,3,19,3465
0,1,3,20,3579
0,1,3,21,3543
0,1,3,22,3525
0,1,3,23,3564
0,1,3,24,3530
0,1,3,25,3544
0,1,3,26,3554
0,1,3,27,3554
0,1,3,28,3552
0,1,3,29,3572
0,1,3,30,3541
0,1,3,31,3590
0,0,3,0,2733
0,0,3,1,2783
0,0,3,2,2792
0,0,3,3,2757
0,0,3,4,2781
0,0,3,5,2823
0,0,3,6,2763
0,0,3,7,2793
0,0,3,8,2807
0,0,3,9,2778
0,0,3,10,2796
0,0,3,11,2796
0,0,3,12,2769
0,0,3,13,2800
0,0,3,14,2805
0,0,3,15,2790
0,0,3,16,2780
0,0,3,17,2825
0,0,3,18,2778
0,0,3,19,2802
0,0,3,20,2834
0,0,3,21,2803
0,0,3,22,2784
0,0,3,23,2746
0,0,3,24,2822
0,0,3,25,2792
0,0,3,26,2810
0,0,3,27,2795
0,0,3,28,2808
0,0,3,29,2849
0,0,3,30,2822
0,0,3,31,2786
1,9,3,0,28166
1,9,3,1,28328
1,9,3,2,28236
1,9,3,3,28025
1,9,3,4,27948
1,9,3,5,28147
1,9,3,6,28364
1,9,3,7,28395
1,9,3,8,28306
1,9,3,9,39460
1,9,3,10,28362
1,9,3,11,28342
1,9,3,12,28403
1,9,3,13,28342
1,9,3,14,28256
1,9,3,15,28393
1,9,3,16,27986
1,9,3,17,28290
1,9,3,18,28254
1,9,3,19,28184
1,9,3,20,28405
1,9,3,21,28341
1,9,3,22,27986
1,9,3,23,28333
1,9,3,24,28396
1,9,3,25,28363
1,9,3,26,28241
1,9,3,27,28378
1,9,3,28,27925
1,9,3,29,28276
1,9,3,30,28337
1,9,3,31,27850
1,8,3,0,28358
1,8,3,1,28361
1,8,3,2,28747
1,8,3,3,27871
1,8,3,4,28103
1,8,3,5,27953
1,8,3,6,28245
1,8,3,7,27734
1,8,3,8,28295
1,8,3,9,28373
1,8,3,10,27922
1,8,3,11,28243
1,8,3,12,28317
1,8,3,13,28248
1,8,3,14,27868
1,8,3,15,28324
1,8,3,16,28323
1,8,3,17,28375
1,8,3,18,28304
1,8,3,19,28007
1,8,3,20,27997
1,8,3,21,27926
1,8,3,22,28280
1,8,3,23,28375
1,8,3,24,28325
1,8,3,25,28211
1,8,3,26,28314
1,8,3,27,28277
1,8,3,28,28298
1,8,3,29,28275
1,8,3,30,28456
1,8,3,31,27932
1,7,3,0,27975
1,7,3,1,28089
1,7,3,2,28103
1,7,3,3,28033
1,7,3,4,27741
1,7,3,5,27671
1,7,3,6,28138
1,7,3,7,28172
1,7,3,8,28015
1,7,3,9,27987
1,7,3,10,28127
1,7,3,11,27589
1,7,3,12,28003
1,7,3,13,27976
1,7,3,14,28107
1,7,3,15,28008
1,7,3,16,28059
1,7,3,17,28053
1,7,3,18,28073
1,7,3,19,28056
1,7,3,20,27989
1,7,3,21,27955
1,7,3,22,28054
1,7,3,23,28078
1,7,3,24,28154
1,7,3,25,28073
1,7,3,26,28200
1,7,3,27,27861
1,7,3,28,28108
1,7,3,29,28047
1,7,3,30,27875
1,7,3,31,27858
1,6,3,0,27375
1,6,3,1,27545
1,6,3,2,27599
1,6,3,3,27529
1,6,3,4,27433
1,6,3,5,27098
1,6,3,6,27523
1,6,3,7,27465
1,6,3,8,27510
1,6,3,9,27569
1,6,3,10,27027
1,6,3,11,27528
1,6,3,12,27510
1,6,3,13,27528
1,6,3,14,27502
1,6,3,15,27547
1,6,3,16,27505
1,6,3,17,27499
1,6,3,18,27440
1,6,3,19,27487
1,6,3,20,27480
1,6,3,21,27619
1,6,3,22,27529
1,6,3,23,27482
1,6,3,24,27473
1,6,3,25,27502
1,6,3,26,27634
1,6,3,27,27512
1,6,3,28,27570
1,6,3,29,27587
1,6,3,30,27558
1,6,3,31,27513
1,5,3,0,37441
1,5,3,1,26759
1,5,3,2,26779
1,5,3,3,26804
1,5,3,4,26750
1,5,3,5,26815
1,5,3,6,26850
1,5,3,7,26884
1,5,3,8,26800
1,5,3,9,26848
1,5,3,10,26851
1,5,3,11,26721
1,5,3,12,26810
1,5,3,13,26833
1,5,3,14,26820
1,5,3,15,26921
1,5,3,16,26724
1,5,3,17,26713
1,5,3,18,26728
1,5,3,19,26758
1,5,3,20,26833
1,5,3,21,26922
1,5,3,22,26748
1,5,3,23,26784
1,5,3,24,26800
1,5,3,25,27218
1,5,3,26,26806
1,5,3,27,26567
1,5,3,28,26249
1,5,3,29,26399
1,5,3,30,26378
1,5,3,31,26793
1,4,3,0,26576
1,4,3,1,26608
1,4,3,2,26713
1,4,3,3,26742
1,4,3,4,26655
1,4,3,5,26537
1,4,3,6,26636
1,4,3,7,26704
1,4,3,8,26591
1,4,3,9,26705
1,4,3,10,26564
1,4,3,11,26779
1,4,3,12,26684
1,4,3,13,26409
1,4,3,14,26336
1,4,3,15,26717
1,4,3,16,26584
1,4,3,17,26511
1,4,3,18,26462
1,4,3,19,26608
1,4,3,20,26234
1,4,3,21,26669
1,4,3,22,26724
1,4,3,23,26672
1,4,3,24,26626
1,4,3,25,26713
1,4,3,26,26595
1,4,3,27,26665
1,4,3,28,26738
1,4,3,29,26716
1,4,3,30,26638
1,4,3,31,26622
1,3,3,0,14674
1,3,3,1,25700
1,3,3,2,14689
1,3,3,3,14680
1,3,3,4,14457
1,3,3,5,14693
1,3,3,6,14629
1,3,3,7,14418
1,3,3,8,14677
1,3,3,9,14602
1,3,3,10,14613
1,3,3,11,14638
1,3,3,12,14685
1,3,3,13,14669
1,3,3,14,14636
1,3,3,15,14644
1,3,3,16,14661
1,3,3,17,14677
1,3,3,18,14612
1,3,3,19,14444
1,3,3,20,14738
1,3,3,21,14620
1,3,3,22,14651
1,3,3,23,14682
1,3,3,24,14714
1,3,3,25,14429
1,3,3,26,14656
1,3,3,27,14679
1,3,3,28,14448
1,3,3,29,14430
1,3,3,30,14658
1,3,3,31,14692
1,2,3,0,14394
1,2,3,1,14450
1,2,3,2,14457
1,2,3,3,14497
1,2,3,4,14467
1,2,3,5,14198
1,2,3,6,14549
1,2,3,7,14310
1,2,3,8,14383
1,2,3,9,14259
1,2,3,10,14518
1,2,3,11,14410
1,2,3,12,14456
1,2,3,13,14423
1,2,3,14,14485
1,2,3,15,14444
1,2,3,16,14451
1,2,3,17,14505
1,2,3,18,14501
1,2,3,19,14524
1,2,3,20,14500
1,2,3,21,14183
1,2,3,22,14201
1,2,3,23,14421
1,2,3,24,14187
1,2,3,25,14262
1,2,3,26,14234
1,2,3,27,14473
1,2,3,28,14538
1,2,3,29,14212
1,2,3,30,14462
1,2,3,31,14480
1,1,3,0,13472
1,1,3,1,13719
1,1,3,2,13721
1,1,3,3,13664
1,1,3,4,13590
1,1,3,5,13681
1,1,3,6,13706
1,1,3,7,13734
1,1,3,8,13730
1,1,3,9,13772
1,1,3,10,13710
1,1,3,11,13791
1,1,3,12,13707
1,1,3,13,13728
1,1,3,14,13664
1,1,3,15,13509
1,1,3,16,13704
1,1,3,17,13708
1,1,3,18,13686
1,1,3,19,13456
1,1,3,20,13702
1,1,3,21,13671
1,1,3,22,13720
1,1,3,23,13696
1,1,3,24,13750
1,1,3,25,13734
1,1,3,26,13697
1,1,3,27,13727
1,1,3,28,13745
1,1,3,29,13762
1,1,3,30,13773
1,1,3,31,13726
1,0,3,0,357
1,0,3,1,358
1,0,3,2,364
1,0,3,3,369
1,0,3,4,367
1,0,3,5,360
1,0,3,6,369
1,0,3,7,371
1,0,3,8,367
1,0,3,9,376
1,0,3,10,365
1,0,3,11,362
1,0,3,12,375
1,0,3,13,372
1,0,3,14,361
1,0,3,15,357
1,0,3,16,367
1,0,3,17,369
1,0,3,18,365
1,0,3,19,359
1,0,3,20,365
1,0,3,21,372
1,0,3,22,376
1,0,3,23,366
1,0,3,24,373
1,0,3,25,379
1,0,3,26,362
1,0,3,27,361
1,0,3,28,369
1,0,3,29,367
1,0,3,30,372
1,0,3,31,376
2,10,3,0,19870
2,10,3,1,19543
2,10,3,2,19526
2,10,3,3,19501
2,10,3,4,19588
2,10,3,5,19504
2,10,3,6,19797
2,10,3,7,19587
2,10,3,8,19522
2,10,3,9,19483
2,10,3,10,19486
2,10,3,11,19815
2,10,3,12,19595
2,10,3,13,19493
2,10,3,14,19869
2,10,3,15,19794
2,10,3,16,19452
2,10,3,17,19419
2,10,3,18,19750
2,10,3,19,19544
2,10,3,20,19905
2,10,3,21,19542
2,10,3,22,19821
2,10,3,23,19535
2,10,3,24,19528
2,10,3,25,19438
2,10,3,26,19597
2,10,3,27,19516
2,10,3,28,19485
2,10,3,29,19573
2,10,3,30,19436
2,10,3,31,19565
2,9,3,0,18795
2,9,3,1,19377
2,9,3,2,19117
2,9,3,3,18970
2,9,3,4,19014
2,9,3,5,19018
2,9,3,6,18892
2,9,3,7,18812
2,9,3,8,18793
2,9,3,9,18961
2,9,3,10,18791
2,9,3,11,18850
2,9,3,12,19015
2,9,3,13,18890
2,9,3,14,18769
2,9,3,15,18874
2,9,3,16,19044
2,9,3,17,18805
2,9,3,18,18742
2,9,3,19,18873
2,9,3,20,19263
2,9,3,21,18786
2,9,3,22,18820
2,9,3,23,18979
2,9,3,24,19151
2,9,3,25,19215
2,9,3,26,18982
2,9,3,27,19090
2,9,3,28,19136
2,9,3,29,19051
2,9,3,30,19092
2,9,3,31,19111
2,8,3,0,17948
2,8,3,1,17966
2,8,3,2,18135
2,8,3,3,18106
2,8,3,4,18202
2,8,3,5,18197
2,8,3,6,18105
2,8,3,7,17969
2,8,3,8,18352
2,8,3,9,17969
2,8,3,10,18106
2,8,3,11,18283
2,8,3,12,18076
2,8,3,13,18222
2,8,3,14,17889
2,8,3,15,17923
2,8,3,16,18168
2,8,3,17,18177
2,8,3,18,17994
2,8,3,19,18281
2,8,3,20,18182
2,8,3,21,18219
2,8,3,22,18247
2,8,3,23,18251
2,8,3,24,18205
2,8,3,25,17935
2,8,3,26,18016
2,8,3,27,18025
2,8,3,28,17992
2,8,3,29,17903
2,8,3,30,17927
2,8,3,31,17908
2,7,3,0,15757
2,7,3,1,15722
2,7,3,2,15849
2,7,3,3,15759
2,7,3,4,15790
2,7,3,5,15767
2,7,3,6,15842
2,7,3,7,15849
2,7,3,8,15805
2,7,3,9,15841
2,7,3,10,15801
2,7,3,11,15728
2,7,3,12,15806
2,7,3,13,15766
2,7,3,14,15782
2,7,3,15,15753
2,7,3,16,15540
2,7,3,17,15688
2,7,3,18,15821
2,7,3,19,15771
2,7,3,20,15771
2,7,3,21,15793
2,7,3,22,15555
2,7,3,23,15562
2,7,3,24,15588
2,7,3,25,15785
2,7,3,26,15735
2,7,3,27,15745
2,7,3,28,15751
2,7,3,29,15904
2,7,3,30,15734
2,7,3,31,15772
2,6,3,0,15631
2,6,3,1,15621
2,6,3,2,15399
2,6,3,3,15510
2,6,3,4,15644
2,6,3,5,15528
2,6,3,6,15453
2,6,3,7,15474
2,6,3,8,15434
2,6,3,9,15494
2,6,3,10,15718
2,6,3,11,15515
2,6,3,12,15444
2,6,3,13,15393
2,6,3,14,15500
2,6,3,15,15600
2,6,3,16,15393
2,6,3,17,15398
2,6,3,18,15392
2,6,3,19,15432
2,6,3,20,15411
2,6,3,21,15357
2,6,3,22,15463
2,6,3,23,15545
2,6,3,24,15442
2,6,3,25,15416
2,6,3,26,15428
2,6,3,27,15432
2,6,3,28,15486
2,6,3,29,15469
2,6,3,30,15488
2,6,3,31,15421
2,5,3,0,3590
2,5,3,1,3647
2,5,3,2,3691
2,5,3,3,3657
2,5,3,4,3666
2,5,3,5,3668
2,5,3,6,3615
2,5,3,7,3636
2,5,3,8,3614
2,5,3,9,3683
2,5,3,10,3648
2,5,3,11,3654
2,5,3,12,3652
2,5,3,13,3682
2,5,3,14,3622
2,5,3,15,3619
2,5,3,16,3640
2,5,3,17,3637
2,5,3,18,3670
2,5,3,19,3599
2,5,3,20,3705
2,5,3,21,3648
2,5,3,22,3634
2,5,3,23,3612
2,5,3,24,3649
2,5,3,25,3630
2,5,3,26,3665
2,5,3,27,3705
2,5,3,28,3640
2,5,3,29,3685
2,5,3,30,3618
2,5,3,31,3618
2,4,3,0,3417
2,4,3,1,3391
2,4,3,2,3450
2,4,3,3,3405
2,4,3,4,3453
2,4,3,5,3403
2,4,3,6,3420
2,4,3,7,3424
2,4,3,8,3440
2,4,3,9,3454
2,4,3,10,3403
2,4,3,11,3436
2,4,3,12,3429
2,4,3,13,3398
2,4,3,14,3422
2,4,3,15,3437
2,4,3,16,3438
2,4,3,17,3400
2,4,3,18,3410
2,4,3,19,3435
2,4,3,20,3445
2,4,3,21,3430
2,4,3,22,3449
2,4,3,23,3416
2,4,3,24,3420
2,4,3,25,3446
2,4,3,26,3391
2,4,3,27,3402
2,4,3,28,3387
2,4,3,29,3407
2,4,3,30,3415
2,4,3,31,3422
2,3,3,0,2901
2,3,3,1,2865
2,3,3,2,2947
2,3,3,3,2881
2,3,3,4,2911
2,3,3,5,2868
2,3,3,6,2865
2,3,3,7,2889
2,3,3,8,2919
2,3,3,9,2845
2,3,3,10,2907
2,3,3,11,2921
2,3,3,12,2894
2,3,3,13,2862
2,3,3,14,2902
2,3,3,15,2894
2,3,3,16,2913
2,3,3,17,2867
2,3,3,18,2884
2,3,3,19,2877
2,3,3,20,2935
2,3,3,21,2904
2,3,3,22,2960
2,3,3,23,2888
2,3,3,24,2880
2,3,3,25,2875
2,3,3,26,2857
2,3,3,27,2876
2,3,3,28,2883
2,3,3,29,2869
2,3,3,30,2874
2,3,3,31,2837
2,2,3,0,2023
2,2,3,1,2037
2,2,3,2,2056
2,2,3,3,2050
2,2,3,4,2062
2,2,3,5,2037
2,2,3,6,2024
2,2,3,7,2020
2,2,3,8,2045
2,2,3,9,2061
2,2,3,10,2043
2,2,3,11,2039
2,2,3,12,2042
2,2,3,13,2041
2,2,3,14,2041
2,2,3,15,2042
2,2,3,16,2035
2,2,3,17,2048
2,2,3,18,2048
2,2,3,19,2080
2,2,3,20,2068
2,2,3,21,2028
2,2,3,22,2034
2,2,3,23,2016
2,2,3,24,2036
2,2,3,25,2041
2,2,3,26,2030
2,2,3,27,2250
2,2,3,28,2048
2,2,3,29,2029
2,2,3,30,2038
2,2,3,31,2025
2,1,3,0,1285
2,1,3,1,1091
2,1,3,2,1100
2,1,3,3,1107
2,1,3,4,1127
2,1,3,5,1097
2,1,3,6,1081
2,1,3,7,1103
2,1,3,8,1094
2,1,3,9,1113
2,1,3,10,1088
2,1,3,11,1088
2,1,3,12,1094
2,1,3,13,1086
2,1,3,14,1096
2,1,3,15,1108
2,1,3,16,1120
2,1,3,17,1088
2,1,3,18,1092
2,1,3,19,1094
2,1,3,20,1113
2,1,3,21,1068
2,1,3,22,1089
2,1,3,23,1085
2,1,3,24,1075
2,1,3,25,1081
2,1,3,26,1087
2,1,3,27,1100
2,1,3,28,1104
2,1,3,29,1102
2,1,3,30,1094
2,1,3,31,1085
2,0,3,0,673
2,0,3,1,672
2,0,3,2,666
2,0,3,3,650
2,0,3,4,711
2,0,3,5,671
2,0,3,6,665
2,0,3,7,655
2,0,3,8,665
2,0,3,9,678
2,0,3,10,663
2,0,3,11,676
2,0,3,12,648
2,0,3,13,670
2,0,3,14,672
2,0,3,15,648
2,0,3,16,688
2,0,3,17,653
2,0,3,18,681
2,0,3,19,678
2,0,3,20,707
2,0,3,21,656
2,0,3,22,665
2,0,3,23,674
2,0,3,24,667
2,0,3,25,680
2,0,3,26,672
2,0,3,27,673
2,0,3,28,659
2,0,3,29,664
2,0,3,30,678
2,0,3,31,651
0,0,4,0,2790
0,0,4,1,2788
0,0,4,2,2805
0,0,4,3,2811
0,0,4,4,2815
0,0,4,5,2806
0,0,4,6,2792
0,0,4,7,2830
0,0,4,8,2818
0,0,4,9,2791
0,0,4,10,2804
0,0,4,11,2855
0,0,4,12,2795
0,0,4,13,2737
0,0,4,14,2805
0,0,4,15,2801
0,0,4,16,2803
0,0,4,17,2823
0,0,4,18,2816
0,0,4,19,2808
0,0,4,20,2821
0,0,4,21,2835
0,0,4,22,2794
0,0,4,23,2844
0,0,4,24,2814
0,0,4,25,2779
0,0,4,26,2780
0,0,4,27,2798
0,0,4,28,2813
0,0,4,29,2813
0,0,4,30,2812
0,0,4,31,2808
0,1,4,0,3522
0,1,4,1,3540
0,1,4,2,3549
0,1,4,3,3561
0,1,4,4,3603
0,1,4,5,3560
0,1,4,6,3589
0,1,4,7,3551
0,1,4,8,3571
0,1,4,9,3564
0,1,4,10,3581
0,1,4,11,3559
0,1,4,12,3523
0,1,4,13,3523
0,1,4,14,3555
0,1,4,15,3705
0,1,4,16,3583
0,1,4,17,3707
0,1,4,18,3590
0,1,4,19,12561
0,1,4,20,12753
0,1,4,21,12615
0,1,4,22,12750
0,1,4,23,12453
0,1,4,24,12552
0,1,4,25,3684
0,1,4,26,3538
0,1,4,27,3484
0,1,4,28,3573
0,1,4,29,3579
0,1,4,30,3566
0,1,4,31,3525
0,2,4,0,4522
0,2,4,1,4582
0,2,4,2,4633
0,2,4,3,4629
0,2,4,4,4630
0,2,4,5,4585
0,2,4,6,4651
0,2,4,7,4583
0,2,4,8,4591
0,2,4,9,4552
0,2,4,10,4593
0,2,4,11,4606
0,2,4,12,4598
0,2,4,13,4554
0,2,4,14,4583
0,2,4,15,4594
0,2,4,16,4596
0,2,4,17,4608
0,2,4,18,4578
0,2,4,19,4623
0,2,4,20,4529
0,2,4,21,4590
0,2,4,22,4613
0,2,4,23,4608
0,2,4,24,4589
0,2,4,25,4544
0,2,4,26,4575
0,2,4,27,4639
0,2,4,28,4667
0,2,4,29,4601
0,2,4,30,4647
0,2,4,31,4590
0,3,4,0,7116
0,3,4,1,7197
0,3,4,2,7023
0,3,4,3,7172
0,3,4,4,7231
0,3,4,5,7147
0,3,4,6,7173
0,3,4,7,7077
0,3,4,8,7167
0,3,4,9,7175
0,3,4,10,7222
0,3,4,11,7191
0,3,4,12,7159
0,3,4,13,7190
0,3,4,14,7194
0,3,4,15,7005
0,3,4,16,7013
0,3,4,17,7031
0,3,4,18,7190
0,3,4,19,7128
0,3,4,20,7188
0,3,4,21,7144
0,3,4,22,7183
0,3,4,23,7113
0,3,4,24,7146
0,3,4,25,7161
0,3,4,26,7194
0,3,4,27,7157
0,3,4,28,7146
0,3,4,29,7173
0,3,4,30,7157
0,3,4,31,7056
0,4,4,0,7926
0,4,4,1,7864
0,4,4,2,7939
0,4,4,3,7868
0,4,4,4,7920
0,4,4,5,7950
0,4,4,6,7866
0,4,4,7,7869
0,4,4,8,7729
0,4,4,9,7798
0,4,4,10,7766
0,4,4,11,7940
0,4,4,12,7898
0,4,4,13,7719
0,4,4,14,7764
0,4,4,15,7845
0,4,4,16,7883
0,4,4,17,7888
0,4,4,18,7859
0,4,4,19,7848
0,4,4,20,7842
0,4,4,21,7899
0,4,4,22,7937
0,4,4,23,7902
0,4,4,24,7718
0,4,4,25,7730
0,4,4,26,7913
0,4,4,27,7835
0,4,4,28,7748
0,4,4,29,7929
0,4,4,30,7900
0,4,4,31,7846
0,5,4,0,8878
0,5,4,1,9024
0,5,4,2,8890
0,5,4,3,8851
0,5,4,4,8867
0,5,4,5,8948
0,5,4,6,8898
0,5,4,7,8874
0,5,4,8,8879
0,5,4,9,8862
0,5,4,10,8875
0,5,4,11,8938
0,5,4,12,8831
0,5,4,13,9022
0,5,4,14,8878
0,5,4,15,8990
0,5,4,16,8807
0,5,4,17,8926
0,5,4,18,8945
0,5,4,19,8923
0,5,4,20,8999
0,5,4,21,9099
0,5,4,22,8975
0,5,4,23,8980
0,5,4,24,8917
0,5,4,25,8926
0,5,4,26,9012
0,5,4,27,8831
0,5,4,28,8928
0,5,4,29,8928
0,5,4,30,8939
0,5,4,31,8933
0,6,4,0,9627
0,6,4,1,9730
0,6,4,2,9699
0,6,4,3,9592
0,6,4,4,9828
0,6,4,5,9844
0,6,4,6,9725
0,6,4,7,9624
0,6,4,8,9654
0,6,4,9,9593
0,6,4,10,9769
0,6,4,11,9695
0,6,4,12,9669
0,6,4,13,9689
0,6,4,14,9813
0,6,4,15,9747
0,6,4,16,9758
0,6,4,17,9741
0,6,4,18,9560
0,6,4,19,9698
0,6,4,20,9704
0,6,4,21,9763
0,6,4,22,9705
0,6,4,23,9687
0,6,4,24,9472
0,6,4,25,9691
0,6,4,26,9534
0,6,4,27,9715
0,6,4,28,9547
0,6,4,29,9668
0,6,4,30,10018
0,6,4,31,9600
0,7,4,0,10563
0,7,4,1,10633
0,7,4,2,10588
0,7,4,3,10788
0,7,4,4,10690
0,7,4,5,10652
0,7,4,6,10602
0,7,4,7,10657
0,7,4,8,10701
0,7,4,9,10699
0,7,4,10,10637
0,7,4,11,10636
0,7,4,12,10667
0,7,4,13,10591
0,7,4,14,10616
0,7,4,15,10622
0,7,4,16,10619
0,7,4,17,10555
0,7,4,18,10594
0,7,4,19,10633
0,7,4,20,10516
0,7,4,21,10672
0,7,4,22,10597
0,7,4,23,10669
0,7,4,24,10435
0,7,4,25,10612
0,7,4,26,10590
0,7,4,27,10554
0,7,4,28,10650
0,7,4,29,10608
0,7,4,30,10461
0,7,4,31,10548
0,8,4,0,21549
0,8,4,1,21471
0,8,4,2,21407
0,8,4,3,21205
0,8,4,4,21442
0,8,4,5,21348
0,8,4,6,21250
0,8,4,7,21431
0,8,4,8,21389
0,8,4,9,21051
0,8,4,10,21136
0,8,4,11,21293
0,8,4,12,21163
0,8,4,13,21369
0,8,4,14,21456
0,8,4,15,21016
0,8,4,16,21175
0,8,4,17,21263
0,8,4,18,21100
0,8,4,19,21074
0,8,4,20,21215
0,8,4,21,21278
0,8,4,22,21089
0,8,4,23,21290
0,8,4,24,21158
0,8,4,25,21171
0,8,4,26,21233
0,8,4,27,21166
0,8,4,28,21253
0,8,4,29,21467
0,8,4,30,21315
0,8,4,31,21213
0,9,4,0,21297
0,9,4,1,21417
0,9,4,2,21234
0,9,4,3,21310
0,9,4,4,21408
0,9,4,5,21604
0,9,4,6,21249
0,9,4,7,21653
0,9,4,8,32175
0,9,4,9,21278
0,9,4,10,21581
0,9,4,11,21642
0,9,4,12,21656
0,9,4,13,21450
0,9,4,14,21371
0,9,4,15,21471
0,9,4,16,21511
0,9,4,17,21351
0,9,4,18,21515
0,9,4,19,21360
0,9,4,20,21572
0,9,4,21,21521
0,9,4,22,21205
0,9,4,23,22058
0,9,4,24,21372
0,9,4,25,21518
0,9,4,26,21609
0,9,4,27,21540
0,9,4,28,21490
0,9,4,29,21329
0,9,4,30,21482
0,9,4,31,21578
1,0,4,0,379
1,0,4,1,360
1,0,4,2,355
1,0,4,3,358
1,0,4,4,376
1,0,4,5,371
1,0,4,6,370
1,0,4,7,364
1,0,4,8,375
1,0,4,9,366
1,0,4,10,366
1,0,4,11,373
1,0,4,12,373
1,0,4,13,369
1,0,4,14,370
1,0,4,15,369
1,0,4,16,363
1,0,4,17,367
1,0,4,18,360
1,0,4,19,358
1,0,4,20,367
1,0,4,21,364
1,0,4,22,358
1,0,4,23,372
1,0,4,24,363
1,0,4,25,377
1,0,4,26,371
1,0,4,27,365
1,0,4,28,369
1,0,4,29,362
1,0,4,30,371
1,0,4,31,377
1,1,4,0,13713
1,1,4,1,13755
1,1,4,2,13659
1,1,4,3,13434
1,1,4,4,13548
1,1,4,5,13480
1,1,4,6,13481
1,1,4,7,13715
1,1,4,8,13736
1,1,4,9,13465
1,1,4,10,13655
1,1,4,11,13766
1,1,4,12,13682
1,1,4,13,13703
1,1,4,14,13781
1,1,4,15,13655
1,1,4,16,13730
1,1,4,17,13601
1,1,4,18,13729
1,1,4,19,13711
1,1,4,20,13710
1,1,4,21,13695
1,1,4,22,13711
1,1,4,23,13615
1,1,4,24,13758
1,1,4,25,13775
1,1,4,26,13710
1,1,4,27,13766
1,1,4,28,13707
1,1,4,29,13733
1,1,4,30,13662
1,1,4,31,13707
1,2,4,0,14462
1,2,4,1,14414
1,2,4,2,14398
1,2,4,3,14452
1,2,4,4,14499
1,2,4,5,14437
1,2,4,6,14496
1,2,4,7,14426
1,2,4,8,14436
1,2,4,9,14428
1,2,4,10,14412
1,2,4,11,14498
1,2,4,12,14538
1,2,4,13,14482
1,2,4,14,14492
1,2,4,15,14262
1,2,4,16,14510
1,2,4,17,14416
1,2,4,18,14425
1,2,4,19,14247
1,2,4,20,14462
1,2,4,21,14518
1,2,4,22,14563
1,2,4,23,14383
1,2,4,24,14474
1,2,4,25,14489
1,2,4,26,14421
1,2,4,27,14405
1,2,4,28,14411
1,2,4,29,14348
1,2,4,30,14482
1,2,4,31,14274
1,3,4,0,14670
1,3,4,1,14696
1,3,4,2,14642
1,3,4,3,14576
1,3,4,4,14726
1,3,4,5,14700
1,3,4,6,14702
1,3,4,7,14654
1,3,4,8,14511
1,3,4,9,14640
1,3,4,10,14760
1,3,4,11,14715
1,3,4,12,14659
1,3,4,13,14648
1,3,4,14,14686
1,3,4,15,14680
1,3,4,16,14619
1,3,4,17,14464
1,3,4,18,14595
1,3,4,19,14654
1,3,4,20,14696
1,3,4,21,14496
1,3,4,22,14601
1,3,4,23,14634
1,3,4,24,14702
1,3,4,25,14996
1,3,4,26,14664
1,3,4,27,14648
1,3,4,28,14638
1,3,4,29,14752
1,3,4,30,14616
1,3,4,31,14729
1,4,4,0,26621
1,4,4,1,26695
1,4,4,2,26556
1,4,4,3,26669
1,4,4,4,26589
1,4,4,5,26630
1,4,4,6,26376
1,4,4,7,26718
1,4,4,8,26608
1,4,4,9,26607
1,4,4,10,26610
1,4,4,11,26682
1,4,4,12,26636
1,4,4,13,26663
1,4,4,14,26351
1,4,4,15,26708
1,4,4,16,26214
1,4,4,17,26610
1,4,4,18,26390
1,4,4,19,26443
1,4,4,20,26582
1,4,4,21,26370
1,4,4,22,26774
1,4,4,23,26558
1,4,4,24,26515
1,4,4,25,26604
1,4,4,26,26675
1,4,4,27,26659
1,4,4,28,26663
1,4,4,29,26658
1,4,4,30,26613
1,4,4,31,26736
1,5,4,0,26602
1,5,4,1,26648
1,5,4,2,26632
1,5,4,3,26499
1,5,4,4,26749
1,5,4,5,26517
1,5,4,6,26317
1,5,4,7,26945
1,5,4,8,26408
1,5,4,9,26356
1,5,4,10,26452
1,5,4,11,26825
1,5,4,12,26836
1,5,4,13,26544
1,5,4,14,26772
1,5,4,15,26499
1,5,4,16,26839
1,5,4,17,26441
1,5,4,18,37601
1,5,4,19,26524
1,5,4,20,26539
1,5,4,21,26334
1,5,4,22,26636
1,5,4,23,26398
1,5,4,24,27050
1,5,4,25,26595
1,5,4,26,26652
1,5,4,27,26432
1,5,4,28,26222
1,5,4,29,26355
1,5,4,30,26519
1,5,4,31,26560
1,6,4,0,27538
1,6,4,1,27161
1,6,4,2,27082
1,6,4,3,27509
1,6,4,4,27350
1,6,4,5,27533
1,6,4,6,27496
1,6,4,7,27540
1,6,4,8,27491
1,6,4,9,27467
1,6,4,10,27491
1,6,4,11,27064
1,6,4,12,27021
1,6,4,13,27243
1,6,4,14,27439
1,6,4,15,27513
1,6,4,16,27064
1,6,4,17,27407
1,6,4,18,27030
1,6,4,19,27254
1,6,4,20,27394
1,6,4,21,27320
1,6,4,22,27298
1,6,4,23,27214
1,6,4,24,27509
1,6,4,25,27197
1,6,4,26,27292
1,6,4,27,27487
1,6,4,28,27524
1,6,4,29,27163
1,6,4,30,27174
1,6,4,31,27084
1,7,4,0,27612
1,7,4,1,28036
1,7,4,2,27997
1,7,4,3,28071
1,7,4,4,28170
1,7,4,5,28170
1,7,4,6,28023
1,7,4,7,27984
1,7,4,8,27920
1,7,4,9,28230
1,7,4,10,28081
1,7,4,11,27708
1,7,4,12,28126
1,7,4,13,28133
1,7,4,14,28091
1,7,4,15,28022
1,7,4,16,28130
1,7,4,17,27959
1,7,4,18,28023
1,7,4,19,27793
1,7,4,20,28059
1,7,4,21,28088
1,7,4,22,28062
1,7,4,23,28093
1,7,4,24,28046
1,7,4,25,28087
1,7,4,26,28046
1,7,4,27,28006
1,7,4,28,28056
1,7,4,29,28172
1,7,4,30,28087
1,7,4,31,27975
1,8,4,0,28278
1,8,4,1,28219
1,8,4,2,28318
1,8,4,3,28228
1,8,4,4,28259
1,8,4,5,28377
1,8,4,6,28353
1,8,4,7,28236
1,8,4,8,28279
1,8,4,9,28361
1,8,4,10,28367
1,8,4,11,28377
1,8,4,12,28461
1,8,4,13,28393
1,8,4,14,28449
1,8,4,15,28058
1,8,4,16,28381
1,8,4,17,28326
1,8,4,18,28281
1,8,4,19,28307
1,8,4,20,28306
1,8,4,21,28366
1,8,4,22,28462
1,8,4,23,28377
1,8,4,24,28287
1,8,4,25,28349
1,8,4,26,28338
1,8,4,27,28380
1,8,4,28,28276
1,8,4,29,28352
1,8,4,30,28254
1,8,4,31,28292
1,9,4,0,28185
1,9,4,1,28436
1,9,4,2,28483
1,9,4,3,28309
1,9,4,4,28382
1,9,4,5,28092
1,9,4,6,28319
1,9,4,7,28197
1,9,4,8,28303
1,9,4,9,28072
1,9,4,10,28053
1,9,4,11,28868
1,9,4,12,28140
1,9,4,13,28437
1,9,4,14,28436
1,9,4,15,27977
1,9,4,16,27878
1,9,4,17,28458
1,9,4,18,27909
1,9,4,19,27854
1,9,4,20,28039
1,9,4,21,28127
1,9,4,22,28049
1,9,4,23,27867
1,9,4,24,27774
1,9,4,25,27939
1,9,4,26,27972
1,9,4,27,28043
1,9,4,28,27939
1,9,4,29,28174
1,9,4,30,27946
1,9,4,31,28232
2,0,4,0,672
2,0,4,1,671
2,0,4,2,675
2,0,4,3,652
2,0,4,4,702
2,0,4,5,663
2,0,4,6,669
2,0,4,7,662
2,0,4,8,662
2,0,4,9,674
2,0,4,10,660
2,0,4,11,679
2,0,4,12,660
2,0,4,13,660
2,0,4,14,680
2,0,4,15,666
2,0,4,16,701
2,0,4,17,673
2,0,4,18,659
2,0,4,19,679
2,0,4,20,695
2,0,4,21,672
2,0,4,22,659
2,0,4,23,665
2,0,4,24,674
2,0,4,25,679
2,0,4,26,657
2,0,4,27,684
2,0,4,28,656
2,0,4,29,674
2,0,4,30,659
2,0,4,31,690
2,1,4,0,1113
2,1,4,1,1124
2,1,4,2,1125
2,1,4,3,1112
2,1,4,4,1146
2,1,4,5,1099
2,1,4,6,1092
2,1,4,7,1082
2,1,4,8,1094
2,1,4,9,1105
2,1,4,10,1091
2,1,4,11,1107
2,1,4,12,1095
2,1,4,13,1077
2,1,4,14,1090
2,1,4,15,1095
2,1,4,16,1107
2,1,4,17,1113
2,1,4,18,1078
2,1,4,19,1105
2,1,4,20,1137
2,1,4,21,1084
2,1,4,22,1094
2,1,4,23,1109
2,1,4,24,1100
2,1,4,25,1090
2,1,4,26,1096
2,1,4,27,1107
2,1,4,28,1099
2,1,4,29,1077
2,1,4,30,1095
2,1,4,31,1108
2,2,4,0,2055
2,2,4,1,2077
2,2,4,2,2051
2,2,4,3,2041
2,2,4,4,2114
2,2,4,5,2077
2,2,4,6,2049
2,2,4,7,2021
2,2,4,8,2071
2,2,4,9,2030
2,2,4,10,2047
2,2,4,11,2037
2,2,4,12,2055
2,2,4,13,2057
2,2,4,14,2032
2,2,4,15,2045
2,2,4,16,2061
2,2,4,17,2073
2,2,4,18,2029
2,2,4,19,2050
2,2,4,20,2061
2,2,4,21,2055
2,2,4,22,2038
2,2,4,23,2046
2,2,4,24,2032
2,2,4,25,2049
2,2,4,26,2056
2,2,4,27,2040
2,2,4,28,2033
2,2,4,29,2028
2,2,4,30,2064
2,2,4,31,2062
2,3,4,0,2848
2,3,4,1,2896
2,3,4,2,2879
2,3,4,3,2889
2,3,4,4,2935
2,3,4,5,2873
2,3,4,6,2918
2,3,4,7,2917
2,3,4,8,2921
2,3,4,9,2868
2,3,4,10,2871
2,3,4,11,2904
2,3,4,12,2892
2,3,4,13,2912
2,3,4,14,2937
2,3,4,15,2857
2,3,4,16,2932
2,3,4,17,2875
2,3,4,18,2897
2,3,4,19,2885
2,3,4,20,2913
2,3,4,21,2914
2,3,4,22,2902
2,3,4,23,2916
2,3,4,24,2850
2,3,4,25,2909
2,3,4,26,2910
2,3,4,27,2884
2,3,4,28,2894
2,3,4,29,2895
2,3,4,30,2908
2,3,4,31,2859
2,4,4,0,3411
2,4,4,1,3404
2,4,4,2,3424
2,4,4,3,3371
2,4,4,4,3457
2,4,4,5,3403
2,4,4,6,3412
2,4,4,7,3410
2,4,4,8,3438
2,4,4,9,3431
2,4,4,10,3415
2,4,4,11,3433
2,4,4,12,3412
2,4,4,13,3400
2,4,4,14,3394
2,4,4,15,3375
2,4,4,16,3377
2,4,4,17,3438
2,4,4,18,3434
2,4,4,19,3373
2,4,4,20,3426
2,4,4,21,3384
2,4,4,22,3403
2,4,4,23,3391
2,4,4,24,3399
2,4,4,25,3403
2,4,4,26,3391
2,4,4,27,3423
2,4,4,28,3392
2,4,4,29,3407
2,4,4,30,3383
2,4,4,31,3392
2,5,4,0,3611
2,5,4,1,3634
2,5,4,2,3634
2,5,4,3,3637
2,5,4,4,3670
2,5,4,5,3649
2,5,4,6,3634
2,5,4,7,3645
2,5,4,8,3641
2,5,4,9,3667
2,5,4,10,3634
2,5,4,11,3605
2,5,4,12,3672
2,5,4,13,3660
2,5,4,14,3642
2,5,4,15,3615
2,5,4,16,3594
2,5,4,17,3629
2,5,4,18,3650
2,5,4,19,3625
2,5,4,20,3719
2,5,4,21,3608
2,5,4,22,3682
2,5,4,23,3624
2,5,4,24,3645
2,5,4,25,3641
2,5,4,26,3658
2,5,4,27,3611
2,5,4,28,3635
2,5,4,29,3621
2,5,4,30,3625
2,5,4,31,3654
2,6,4,0,15681
2,6,4,1,15688
2,6,4,2,15610
2,6,4,3,15619
2,6,4,4,15581
2,6,4,5,15431
2,6,4,6,15463
2,6,4,7,15463
2,6,4,8,15664
2,6,4,9,15638
2,6,4,10,15652
2,6,4,11,15713
2,6,4,12,15648
2,6,4,13,15418
2,6,4,14,15585
2,6,4,15,26423
2,6,4,16,15905
2,6,4,17,15613
2,6,4,18,15616
2,6,4,19,15612
2,6,4,20,15416
2,6,4,21,15407
2,6,4,22,15529
2,6,4,23,15697
2,6,4,24,15532
2,6,4,25,15589
2,6,4,26,15411
2,6,4,27,15327
2,6,4,28,15443
2,6,4,29,15384
2,6,4,30,15567
2,6,4,31,15503
2,7,4,0,15753
2,7,4,1,15591
2,7,4,2,15571
2,7,4,3,15716
2,7,4,4,15722
2,7,4,5,15779
2,7,4,6,15845
2,7,4,7,15606
2,7,4,8,15607
2,7,4,9,15608
2,7,4,10,15669
2,7,4,11,15515
2,7,4,12,15754
2,7,4,13,15498
2,7,4,14,15614
2,7,4,15,15616
2,7,4,16,15521
2,7,4,17,15604
2,7,4,18,15561
2,7,4,19,15528
2,7,4,20,15606
2,7,4,21,15850
2,7,4,22,15605
2,7,4,23,15633
2,7,4,24,15578
2,7,4,25,15583
2,7,4,26,15822
2,7,4,27,15842
2,7,4,28,15842
2,7,4,29,15793
2,7,4,30,15500
2,7,4,31,15610
2,8,4,0,18229
2,8,4,1,18281
2,8,4,2,18012
2,8,4,3,18011
2,8,4,4,18000
2,8,4,5,17952
2,8,4,6,17928
2,8,4,7,18234
2,8,4,8,18171
2,8,4,9,18191
2,8,4,10,17981
2,8,4,11,18215
2,8,4,12,17950
2,8,4,13,18236
2,8,4,14,18262
2,8,4,15,17950
2,8,4,16,18272
2,8,4,17,18191
2,8,4,18,18175
2,8,4,19,18170
2,8,4,20,18250
2,8,4,21,18234
2,8,4,22,18218
2,8,4,23,18028
2,8,4,24,17979
2,8,4,25,17989
2,8,4,26,17980
2,8,4,27,17937
2,8,4,28,18229
2,8,4,29,18288
2,8,4,30,18210
2,8,4,31,17965
2,9,4,0,18876
2,9,4,1,18756
2,9,4,2,19044
2,9,4,3,19041
2,9,4,4,19170
2,9,4,5,19111
2,9,4,6,18736
2,9,4,7,19133
2,9,4,8,18797
2,9,4,9,18791
2,9,4,10,19076
2,9,4,11,19120
2,9,4,12,19150
2,9,4,13,19620
2,9,4,14,19104
2,9,4,15,19068
2,9,4,16,19213
2,9,4,17,18997
2,9,4,18,19081
2,9,4,19,19177
2,9,4,20,19182
2,9,4,21,19110
2,9,4,22,19159
2,9,4,23,18793
2,9,4,24,19087
2,9,4,25,19034
2,9,4,26,18904
2,9,4,27,19055
2,9,4,28,19120
2,9,4,29,19223
2,9,4,30,18741
2,9,4,31,19061
2,10,4,0,19468
2,10,4,1,19469
2,10,4,2,19695
2,10,4,3,19602
2,10,4,4,19902
2,10,4,5,19843
2,10,4,6,19691
2,10,4,7,19876
2,10,4,8,19755
2,10,4,9,19826
2,10,4,10,19792
2,10,4,11,19798
2,10,4,12,19649
2,10,4,13,19654
2,10,4,14,19788
2,10,4,15,19545
2,10,4,16,19444
2,10,4,17,19513
2,10,4,18,19852
2,10,4,19,19571
2,10,4,20,19863
2,10,4,21,19855
2,10,4,22,19881
2,10,4,23,19464
2,10,4,24,19534
2,10,4,25,19505
2,10,4,26,19508
2,10,4,27,19788
2,10,4,28,19842
2,10,4,29,19516
2,10,4,30,19461
2,10,4,31,19681
0,9,5,0,21209
0,9,5,1,21288
0,9,5,2,21391
0,9,5,3,21376
0,9,5,4,21432
0,9,5,5,21508
0,9,5,6,21555
0,9,5,7,21691
0,9,5,8,21431
0,9,5,9,21702
0,9,5,10,21403
0,9,5,11,21290
0,9,5,12,21319
0,9,5,13,21238
0,9,5,14,21561
0,9,5,15,21245
0,9,5,16,21358
0,9,5,17,21253
0,9,5,18,21479
0,9,5,19,21506
0,9,5,20,21295
0,9,5,21,21295
0,9,5,22,21429
0,9,5,23,21299
0,9,5,24,21395
0,9,5,25,21651
0,9,5,26,21302
0,9,5,27,21283
0,9,5,28,21129
0,9,5,29,21146
0,9,5,30,21765
0,9,5,31,21607
0,8,5,0,21168
0,8,5,1,21225
0,8,5,2,21136
0,8,5,3,21309
0,8,5,4,21409
0,8,5,5,21405
0,8,5,6,21408
0,8,5,7,21401
0,8,5,8,21237
0,8,5,9,21360
0,8,5,10,21409
0,8,5,11,21391
0,8,5,12,21496
0,8,5,13,21429
0,8,5,14,21364
0,8,5,15,21324
0,8,5,16,21479
0,8,5,17,21229
0,8,5,18,21155
0,8,5,19,21074
0,8,5,20,21197
0,8,5,21,21047
0,8,5,22,21124
0,8,5,23,21296
0,8,5,24,21112
0,8,5,25,21174
0,8,5,26,21130
0,8,5,27,21220
0,8,5,28,21227
0,8,5,29,21275
0,8,5,30,21487
0,8,5,31,21376
0,7,5,0,10634
0,7,5,1,10645
0,7,5,2,10571
0,7,5,3,10618
0,7,5,4,10639
0,7,5,5,10645
0,7,5,6,10615
0,7,5,7,10547
0,7,5,8,10637
0,7,5,9,10537
0,7,5,10,10591
0,7,5,11,10646
0,7,5,12,10624
0,7,5,13,10702
0,7,5,14,10767
0,7,5,15,10630
0,7,5,16,10595
0,7,5,17,10639
0,7,5,18,10641
0,7,5,19,10585
0,7,5,20,10605
0,7,5,21,10559
0,7,5,22,10721
0,7,5,23,10631
0,7,5,24,10633
0,7,5,25,10699
0,7,5,26,10608
0,7,5,27,10653
0,7,5,28,10593
0,7,5,29,10613
0,7,5,30,10633
0,7,5,31,10566
0,6,5,0,9552
0,6,5,1,9500
0,6,5,2,9674
0,6,5,3,9674
0,6,5,4,9631
0,6,5,5,9677
0,6,5,6,9549
0,6,5,7,9686
0,6,5,8,9625
0,6,5,9,9659
0,6,5,10,9696
0,6,5,11,9620
0,6,5,12,9761
0,6,5,13,9667
0,6,5,14,9614
0,6,5,15,9609
0,6,5,16,9663
0,6,5,17,9585
0,6,5,18,9544
0,6,5,19,9662
0,6,5,20,9715
0,6,5,21,9666
0,6,5,22,9605
0,6,5,23,9615
0,6,5,24,9743
0,6,5,25,9566
0,6,5,26,9740
0,6,5,27,9479
0,6,5,28,9647
0,6,5,29,9683
0,6,5,30,9693
0,6,5,31,9678
0,5,5,0,8994
0,5,5,1,8899
0,5,5,2,8945
0,5,5,3,8883
0,5,5,4,8943
0,5,5,5,8899
0,5,5,6,8877
0,5,5,7,8879
0,5,5,8,8859
0,5,5,9,8954
0,5,5,10,8882
0,5,5,11,8909
0,5,5,12,8903
0,5,5,13,8944
0,5,5,14,9112
0,5,5,15,8957
0,5,5,16,8952
0,5,5,17,8921
0,5,5,18,8886
0,5,5,19,8944
0,5,5,20,8907
0,5,5,21,8928
0,5,5,22,8785
0,5,5,23,8894
0,5,5,24,8913
0,5,5,25,8964
0,5,5,26,19991
0,5,5,27,8941
0,5,5,28,8952
0,5,5,29,8892
0,5,5,30,8943
0,5,5,31,8946
0,4,5,0,7864
0,4,5,1,7848
0,4,5,2,7772
0,4,5,3,7740
0,4,5,4,7762
0,4,5,5,7851
0,4,5,6,7852
0,4,5,7,7850
0,4,5,8,7776
0,4,5,9,7824
0,4,5,10,7827
0,4,5,11,7863
0,4,5,12,7815
0,4,5,13,7894
0,4,5,14,7950
0,4,5,15,7924
0,4,5,16,7920
0,4,5,17,7941
0,4,5,18,7921
0,4,5,19,7901
0,4,5,20,7955
0,4,5,21,7854
0,4,5,22,7745
0,4,5,23,7848
0,4,5,24,7936
0,4,5,25,7761
0,4,5,26,7927
0,4,5,27,7689
0,4,5,28,7856
0,4,5,29,7757
0,4,5,30,7896
0,4,5,31,7753
0,3,5,0,6989
0,3,5,1,7142
0,3,5,2,7190
0,3,5,3,7045
0,3,5,4,7130
0,3,5,5,7055
0,3,5,6,7050
0,3,5,7,7060
0,3,5,8,7118
0,3,5,9,7000
0,3,5,10,7200
0,3,5,11,7000
0,3,5,12,7101
0,3,5,13,7170
0,3,5,14,7228
0,3,5,15,7211
0,3,5,16,7133
0,3,5,17,7136
0,3,5,18,7231
0,3,5,19,7189
0,3,5,20,7163
0,3,5,21,7033
0,3,5,22,7166
0,3,5,23,7139
0,3,5,24,7116
0,3,5,25,7152
0,3,5,26,7062
0,3,5,27,7143
0,3,5,28,6990
0,3,5,29,7071
0,3,5,30,7065
0,3,5,31,7158
0,2,5,0,4564
0,2,5,1,4580
0,2,5,2,4627
0,2,5,3,4606
0,2,5,4,4712
0,2,5,5,4571
0,2,5,6,4641
0,2,5,7,4611
0,2,5,8,4570
0,2,5,9,4628
0,2,5,10,4508
0,2,5,11,4609
0,2,5,12,4606
0,2,5,13,4574
0,2,5,14,4592
0,2,5,15,4610
0,2,5,16,4605
0,2,5,17,4584
0,2,5,18,4550
0,2,5,19,4638
0,2,5,20,4562
0,2,5,21,4630
0,2,5,22,4615
0,2,5,23,4599
0,2,5,24,4573
0,2,5,25,4618
0,2,5,26,4620
0,2,5,27,4614
0,2,5,28,4592
0,2,5,29,4594
0,2,5,30,4662
0,2,5,31,4577
0,1,5,0,3451
0,1,5,1,3567
0,1,5,2,3563
0,1,5,3,3581
0,1,5,4,3559
0,1,5,5,3581
0,1,5,6,3507
0,1,5,7,3567
0,1,5,8,3560
0,1,5,9,3550
0,1,5,10,3546
0,1,5,11,3497
0,1,5,12,3559
0,1,5,13,3491
0,1,5,14,3486
0,1,5,15,3527
0,1,5,16,3513
0,1,5,17,3564
0,1,5,18,3552
0,1,5,19,3543
0,1,5,20,3544
0,1,5,21,3520
0,1,5,22,3564
0,1,5,23,3557
0,1,5,24,3516
0,1,5,25,3499
0,1,5,26,3549
0,1,5,27,3560
0,1,5,28,3520
0,1,5,29,3507
0,1,5,30,3575
0,1,5,31,3559
0,0,5,0,2805
0,0,5,1,2787
0,0,5,2,2743
0,0,5,3,2797
0,0,5,4,2801
0,0,5,5,2757
0,0,5,6,2818
0,0,5,7,2826
0,0,5,8,2807
0,0,5,9,2799
0,0,5,10,2785
0,0,5,11,2804
0,0,5,12,2786
0,0,5,13,2782
0,0,5,14,2764
0,0,5,15,2810
0,0,5,16,2810
0,0,5,17,2795
0,0,5,18,2845
0,0,5,19,2752
0,0,5,20,2812
0,0,5,21,2783
0,0,5,22,2778
0,0,5,23,2776
0,0,5,24,2846
0,0,5,25,2834
0,0,5,26,2819
0,0,5,27,2819
0,0,5,28,2786
0,0,5,29,2821
0,0,5,30,2786
0,0,5,31,2798
1,9,5,0,28343
1,9,5,1,28279
1,9,5,2,28315
1,9,5,3,28316
1,9,5,4,28067
1,9,5,5,28232
1,9,5,6,28112
1,9,5,7,28371
1,9,5,8,28069
1,9,5,9,28347
1,9,5,10,28089
1,9,5,11,28184
1,9,5,12,28247
1,9,5,13,28357
1,9,5,14,28152
1,9,5,15,28183
1,9,5,16,27814
1,9,5,17,28419
1,9,5,18,28098
1,9,5,19,28407
1,9,5,20,28328
1,9,5,21,28407
1,9,5,22,27853
1,9,5,23,27874
1,9,5,24,28137
1,9,5,25,28191
1,9,5,26,27843
1,9,5,27,27934
1,9,5,28,28356
1,9,5,29,28114
1,9,5,30,28294
1,9,5,31,28316
1,8,5,0,28436
1,8,5,1,28399
1,8,5,2,28226
1,8,5,3,28023
1,8,5,4,28314
1,8,5,5,28242
1,8,5,6,28423
1,8,5,7,28359
1,8,5,8,28279
1,8,5,9,28321
1,8,5,10,28320
1,8,5,11,28203
1,8,5,12,28350
1,8,5,13,28319
1,8,5,14,28331
1,8,5,15,28237
1,8,5,16,28435
1,8,5,17,28366
1,8,5,18,28234
1,8,5,19,28385
1,8,5,20,28314
1,8,5,21,28297
1,8,5,22,28166
1,8,5,23,28294
1,8,5,24,28363
1,8,5,25,28279
1,8,5,26,28276
1,8,5,27,28221
1,8,5,28,28176
1,8,5,29,28370
1,8,5,30,28274
1,8,5,31,28413
1,7,5,0,28085
1,7,5,1,28080
1,7,5,2,27846
1,7,5,3,28502
1,7,5,4,28164
1,7,5,5,27952
1,7,5,6,27829
1,7,5,7,27602
1,7,5,8,27561
1,7,5,9,28095
1,7,5,10,27812
1,7,5,11,27503
1,7,5,12,27585
1,7,5,13,27855
1,7,5,14,28125
1,7,5,15,27992
1,7,5,16,28040
1,7,5,17,27592
1,7,5,18,28046
1,7,5,19,28004
1,7,5,20,28077
1,7,5,21,28005
1,7,5,22,28054
1,7,5,23,27999
1,7,5,24,28026
1,7,5,25,28078
1,7,5,26,28025
1,7,5,27,27553
1,7,5,28,27618
1,7,5,29,28125
1,7,5,30,28066
1,7,5,31,28002
1,6,5,0,27459
1,6,5,1,27526
1,6,5,2,27518
1,6,5,3,27429
1,6,5,4,27639
1,6,5,5,27389
1,6,5,6,27502
1,6,5,7,27451
1,6,5,8,27479
1,6,5,9,27496
1,6,5,10,27450
1,6,5,11,27510
1,6,5,12,27621
1,6,5,13,27470
1,6,5,14,27277
1,6,5,15,27362
1,6,5,16,27494
1,6,5,17,27172
1,6,5,18,27222
1,6,5,19,27216
1,6,5,20,27501
1,6,5,21,27090
1,6,5,22,27368
1,6,5,23,27523
1,6,5,24,27348
1,6,5,25,27110
1,6,5,26,27413
1,6,5,27,27098
1,6,5,28,27349
1,6,5,29,27126
1,6,5,30,27109
1,6,5,31,27246
1,5,5,0,26787
1,5,5,1,26659
1,5,5,2,26644
1,5,5,3,26649
1,5,5,4,26801
1,5,5,5,26696
1,5,5,6,26765
1,5,5,7,26846
1,5,5,8,26905
1,5,5,9,26798
1,5,5,10,26789
1,5,5,11,26760
1,5,5,12,26644
1,5,5,13,26770
1,5,5,14,26323
1,5,5,15,26421
1,5,5,16,26789
1,5,5,17,26689
1,5,5,18,26866
1,5,5,19,26846
1,5,5,20,26472
1,5,5,21,26448
1,5,5,22,26572
1,5,5,23,26871
1,5,5,24,26813
1,5,5,25,26764
1,5,5,26,26738
1,5,5,27,26712
1,5,5,28,26766
1,5,5,29,26832
1,5,5,30,26780
1,5,5,31,26299
1,4,5,0,26765
1,4,5,1,26307
1,4,5,2,26316
1,4,5,3,26358
1,4,5,4,26358
1,4,5,5,26598
1,4,5,6,26703
1,4,5,7,26641
1,4,5,8,26742
1,4,5,9,26607
1,4,5,10,26707
1,4,5,11,26380
1,4,5,12,26520
1,4,5,13,26567
1,4,5,14,26677
1,4,5,15,26571
1,4,5,16,26623
1,4,5,17,26626
1,4,5,18,26574
1,4,5,19,26579
1,4,5,20,26649
1,4,5,21,26280
1,4,5,22,26427
1,4,5,23,26450
1,4,5,24,26320
1,4,5,25,26596
1,4,5,26,26674
1,4,5,27,26973
1,4,5,28,26630
1,4,5,29,27040
1,4,5,30,26555
1,4,5,31,41200
1,3,5,0,14624
1,3,5,1,14654
1,3,5,2,14649
1,3,5,3,14611
1,3,5,4,14649
1,3,5,5,14689
1,3,5,6,27429
1,3,5,7,55392
1,3,5,8,56058
1,3,5,9,43177
1,3,5,10,20631
1,3,5,11,17427
1,3,5,12,14589
1,3,5,13,14758
1,3,5,14,41782
1,3,5,15,55372
1,3,5,16,17715
1,3,5,17,14474
1,3,5,18,14579
1,3,5,19,14485
1,3,5,20,14415
1,3,5,21,14652
1,3,5,22,14658
1,3,5,23,14502
1,3,5,24,14694
1,3,5,25,14703
1,3,5,26,14979
1,3,5,27,14651
1,3,5,28,14853
1,3,5,29,14642
1,3,5,30,14568
1,3,5,31,14401
1,2,5,0,14180
1,2,5,1,14448
1,2,5,2,14425
1,2,5,3,14419
1,2,5,4,14460
1,2,5,5,14446
1,2,5,6,14403
1,2,5,7,14214
1,2,5,8,14489
1,2,5,9,14386
1,2,5,10,14449
1,2,5,11,14542
1,2,5,12,14153
1,2,5,13,14468
1,2,5,14,14451
1,2,5,15,14467
1,2,5,16,14533
1,2,5,17,14465
1,2,5,18,14240
1,2,5,19,14488
1,2,5,20,14420
1,2,5,21,14895
1,2,5,22,17962
1,2,5,23,14376
1,2,5,24,14315
1,2,5,25,14501
1,2,5,26,14381
1,2,5,27,14477
1,2,5,28,14397
1,2,5,29,14434
1,2,5,30,14424
1,2,5,31,14515
1,1,5,0,13646
1,1,5,1,13618
1,1,5,2,13444
1,1,5,3,13736
1,1,5,4,13693
1,1,5,5,13631
1,1,5,6,13733
1,1,5,7,13659
1,1,5,8,13729
1,1,5,9,13700
1,1,5,10,13906
1,1,5,11,13696
1,1,5,12,13686
1,1,5,13,13513
1,1,5,14,13429
1,1,5,15,13634
1,1,5,16,13469
1,1,5,17,13970
1,1,5,18,13573
1,1,5,19,13707
1,1,5,20,13409
1,1,5,21,13675
1,1,5,22,13718
1,1,5,23,13694
1,1,5,24,13694
1,1,5,25,13936
1,1,5,26,13778
1,1,5,27,13909
1,1,5,28,13674
1,1,5,29,14066
1,1,5,30,13619
1,1,5,31,13635
1,0,5,0,362
1,0,5,1,362
1,0,5,2,357
1,0,5,3,359
1,0,5,4,351
1,0,5,5,362
1,0,5,6,359
1,0,5,7,369
1,0,5,8,368
1,0,5,9,383
1,0,5,10,352
1,0,5,11,366
1,0,5,12,364
1,0,5,13,366
1,0,5,14,359
1,0,5,15,372
1,0,5,16,375
1,0,5,17,364
1,0,5,18,363
1,0,5,19,359
1,0,5,20,371
1,0,5,21,366
1,0,5,22,360
1,0,5,23,524
1,0,5,24,353
1,0,5,25,390
1,0,5,26,365
1,0,5,27,362
1,0,5,28,371
1,0,5,29,361
1,0,5,30,359
1,0,5,31,361
2,10,5,0,19822
2,10,5,1,19610
2,10,5,2,19826
2,10,5,3,19852
2,10,5,4,19740
2,10,5,5,19824
2,10,5,6,19765
2,10,5,7,19864
2,10,5,8,19528
2,10,5,9,19647
2,10,5,10,19498
2,10,5,11,19556
2,10,5,12,19545
2,10,5,13,19833
2,10,5,14,19853
2,10,5,15,19680
2,10,5,16,19675
2,10,5,17,19822
2,10,5,18,19526
2,10,5,19,19834
2,10,5,20,19579
2,10,5,21,19434
2,10,5,22,19649
2,10,5,23,19886
2,10,5,24,19799
2,10,5,25,19509
2,10,5,26,19629
2,10,5,27,19742
2,10,5,28,19750
2,10,5,29,19816
2,10,5,30,19576
2,10,5,31,19518
2,9,5,0,18712
2,9,5,1,18726
2,9,5,2,18773
2,9,5,3,18940
2,9,5,4,18760
2,9,5,5,19001
2,9,5,6,18833
2,9,5,7,19026
2,9,5,8,18949
2,9,5,9,18747
2,9,5,10,18942
2,9,5,11,18797
2,9,5,12,19026
2,9,5,13,18875
2,9,5,14,18935
2,9,5,15,18825
2,9,5,16,18828
2,9,5,17,18839
2,9,5,18,19157
2,9,5,19,19033
2,9,5,20,19156
2,9,5,21,18997
2,9,5,22,19026
2,9,5,23,18864
2,9,5,24,19162
2,9,5,25,18832
2,9,5,26,18783
2,9,5,27,19184
2,9,5,28,18781
2,9,5,29,19157
2,9,5,30,19100
2,9,5,31,18989
2,8,5,0,18758
2,8,5,1,18218
2,8,5,2,18324
2,8,5,3,18134
2,8,5,4,27025
2,8,5,5,51542
2,8,5,6,18347
2,8,5,7,17949
2,8,5,8,18019
2,8,5,9,17929
2,8,5,10,18260
2,8,5,11,18279
2,8,5,12,18265
2,8,5,13,18070
2,8,5,14,17944
2,8,5,15,18373
2,8,5,16,17941
2,8,5,17,18006
2,8,5,18,18124
2,8,5,19,17930
2,8,5,20,18264
2,8,5,21,18205
2,8,5,22,18226
2,8,5,23,18247
2,8,5,24,18180
2,8,5,25,18168
2,8,5,26,18261
2,8,5,27,18182
2,8,5,28,18175
2,8,5,29,18211
2,8,5,30,18328
2,8,5,31,18237
2,7,5,0,15725
2,7,5,1,15637
2,7,5,2,15518
2,7,5,3,15648
2,7,5,4,15615
2,7,5,5,15650
2,7,5,6,15754
2,7,5,7,15753
2,7,5,8,15554
2,7,5,9,15631
2,7,5,10,15508
2,7,5,11,15794
2,7,5,12,15552
2,7,5,13,15803
2,7,5,14,15791
2,7,5,15,15847
2,7,5,16,15752
2,7,5,17,15780
2,7,5,18,15863
2,7,5,19,15605
2,7,5,20,15846
2,7,5,21,15507
2,7,5,22,15748
2,7,5,23,15869
2,7,5,24,15551
2,7,5,25,15558
2,7,5,26,15695
2,7,5,27,15626
2,7,5,28,15588
2,7,5,29,15608
2,7,5,30,15646
2,7,5,31,15821
2,6,5,0,15493
2,6,5,1,15715
2,6,5,2,15445
2,6,5,3,15464
2,6,5,4,15369
2,6,5,5,15608
2,6,5,6,15590
2,6,5,7,15724
2,6,5,8,15536
2,6,5,9,15431
2,6,5,10,15687
2,6,5,11,15433
2,6,5,12,18671
2,6,5,13,15431
2,6,5,14,15413
2,6,5,15,15614
2,6,5,16,15705
2,6,5,17,15410
2,6,5,18,15453
2,6,5,19,15435
2,6,5,20,15379
2,6,5,21,15431
2,6,5,22,15749
2,6,5,23,15658
2,6,5,24,15617
2,6,5,25,15635
2,6,5,26,15564
2,6,5,27,15594
2,6,5,28,15628
2,6,5,29,15459
2,6,5,30,15572
2,6,5,31,15649
2,5,5,0,3590
2,5,5,1,3657
2,5,5,2,3667
2,5,5,3,3657
2,5,5,4,3652
2,5,5,5,3625
2,5,5,6,3671
2,5,5,7,3644
2,5,5,8,3656
2,5,5,9,3661
2,5,5,10,3645
2,5,5,11,3632
2,5,5,12,3661
2,5,5,13,3634
2,5,5,14,3620
2,5,5,15,3628
2,5,5,16,3635
2,5,5,17,3649
2,5,5,18,3637
2,5,5,19,3603
2,5,5,20,3693
2,5,5,21,3675
2,5,5,22,3616
2,5,5,23,3639
2,5,5,24,3629
2,5,5,25,3636
2,5,5,26,3606
2,5,5,27,3636
2,5,5,28,3611
2,5,5,29,3651
2,5,5,30,3625
2,5,5,31,3641
2,4,5,0,3439
2,4,5,1,3367
2,4,5,2,3393
2,4,5,3,3382
2,4,5,4,3429
2,4,5,5,3416
2,4,5,6,3383
2,4,5,7,3409
2,4,5,8,3406
2,4,5,9,3409
2,4,5,10,3409
2,4,5,11,3428
2,4,5,12,3367
2,4,5,13,3416
2,4,5,14,3428
2,4,5,15,3481
2,4,5,16,3421
2,4,5,17,3411
2,4,5,18,3427
2,4,5,19,3430
2,4,5,20,3426
2,4,5,21,3411
2,4,5,22,3419
2,4,5,23,3428
2,4,5,24,3423
2,4,5,25,3394
2,4,5,26,3436
2,4,5,27,3409
2,4,5,28,3411
2,4,5,29,3384
2,4,5,30,3378
2,4,5,31,3450
2,3,5,0,2891
2,3,5,1,2918
2,3,5,2,2894
2,3,5,3,2855
2,3,5,4,2924
2,3,5,5,2910
2,3,5,6,2907
2,3,5,7,2910
2,3,5,8,2896
2,3,5,9,2895
2,3,5,10,2856
2,3,5,11,2895
2,3,5,12,2914
2,3,5,13,2868
2,3,5,14,2890
2,3,5,15,2866
2,3,5,16,2903
2,3,5,17,2939
2,3,5,18,2868
2,3,5,19,2908
2,3,5,20,2939
2,3,5,21,2848
2,3,5,22,2885
2,3,5,23,2913
2,3,5,24,2907
2,3,5,25,2921
2,3,5,26,2901
2,3,5,27,2859
2,3,5,28,2872
2,3,5,29,2880
2,3,5,30,2889
2,3,5,31,2963
2,2,5,0,2008
2,2,5,1,2058
2,2,5,2,2017
2,2,5,3,2076
2,2,5,4,2070
2,2,5,5,2044
2,2,5,6,2046
2,2,5,7,2068
2,2,5,8,2051
2,2,5,9,2040
2,2,5,10,2042
2,2,5,11,2026
2,2,5,12,2056
2,2,5,13,2048
2,2,5,14,2025
2,2,5,15,2053
2,2,5,16,2081
2,2,5,17,2066
2,2,5,18,2038
2,2,5,19,2034
2,2,5,20,2072
2,2,5,21,2053
2,2,5,22,2030
2,2,5,23,2032
2,2,5,24,2021
2,2,5,25,2036
2,2,5,26,2059
2,2,5,27,2060
2,2,5,28,2039
2,2,5,29,2043
2,2,5,30,2018
2,2,5,31,2095
2,1,5,0,1105
2,1,5,1,1085
2,1,5,2,1095
2,1,5,3,1107
2,1,5,4,1119
2,1,5,5,1075
2,1,5,6,1086
2,1,5,7,1081
2,1,5,8,1099
2,1,5,9,1074
2,1,5,10,1110
2,1,5,11,1095
2,1,5,12,1099
2,1,5,13,1088
2,1,5,14,1078
2,1,5,15,1103
2,1,5,16,1113
2,1,5,17,1100
2,1,5,18,1091
2,1,5,19,1098
2,1,5,20,1110
2,1,5,21,1085
2,1,5,22,1094
2,1,5,23,1102
2,1,5,24,1095
2,1,5,25,1091
2,1,5,26,1083
2,1,5,27,1089
2,1,5,28,1077
2,1,5,29,1085
2,1,5,30,1087
2,1,5,31,1112
2,0,5,0,677
2,0,5,1,659
2,0,5,2,659
2,0,5,3,655
2,0,5,4,710
2,0,5,5,658
2,0,5,6,662
2,0,5,7,685
2,0,5,8,650
2,0,5,9,670
2,0,5,10,653
2,0,5,11,677
2,0,5,12,684
2,0,5,13,659
2,0,5,14,684
2,0,5,15,696
2,0,5,16,661
2,0,5,17,686
2,0,5,18,668
2,0,5,19,654
2,0,5,20,701
2,0,5,21,656
2,0,5,22,666
2,0,5,23,663
2,0,5,24,661
2,0,5,25,658
2,0,5,26,662
2,0,5,27,664
2,0,5,28,658
2,0,5,29,674
2,0,5,30,654
2,0,5,31,667
0,0,6,0,2773
0,0,6,1,2798
0,0,6,2,2755
0,0,6,3,2779
0,0,6,4,2813
0,0,6,5,2803
0,0,6,6,2793
0,0,6,7,2761
0,0,6,8,2796
0,0,6,9,2765
0,0,6,10,2806
0,0,6,11,2773
0,0,6,12,2799
0,0,6,13,2806
0,0,6,14,2792
0,0,6,15,2827
0,0,6,16,2786
0,0,6,17,2806
0,0,6,18,2811
0,0,6,19,2792
0,0,6,20,2836
0,0,6,21,2774
0,0,6,22,2796
0,0,6,23,2736
0,0,6,24,2755
0,0,6,25,2811
0,0,6,26,2787
0,0,6,27,2752
0,0,6,28,2747
0,0,6,29,2765
0,0,6,30,2788
0,0,6,31,2798
0,1,6,0,3519
0,1,6,1,3550
0,1,6,2,3556
0,1,6,3,3591
0,1,6,4,3571
0,1,6,5,3564
0,1,6,6,3538
0,1,6,7,3589
0,1,6,8,3572
0,1,6,9,3577
0,1,6,10,3543
0,1,6,11,3561
0,1,6,12,3548
0,1,6,13,3587
0,1,6,14,3586
0,1,6,15,3568
0,1,6,16,3551
0,1,6,17,3587
0,1,6,18,3502
0,1,6,19,3584
0,1,6,20,3528
0,1,6,21,3576
0,1,6,22,3563
0,1,6,23,3551
0,1,6,24,3518
0,1,6,25,3556
0,1,6,26,3529
0,1,6,27,3543
0,1,6,28,3568
0,1,6,29,3525
0,1,6,30,3525
0,1,6,31,3497
0,2,6,0,4585
0,2,6,1,4591
0,2,6,2,4604
0,2,6,3,4604
0,2,6,4,4536
0,2,6,5,4848
0,2,6,6,4641
0,2,6,7,4594
0,2,6,8,4578
0,2,6,9,4559
0,2,6,10,4637
0,2,6,11,4583
0,2,6,12,4567
0,2,6,13,4578
0,2,6,14,4586
0,2,6,15,4573
0,2,6,16,4602
0,2,6,17,4600
0,2,6,18,4583
0,2,6,19,4641
0,2,6,20,4588
0,2,6,21,4551
0,2,6,22,4610
0,2,6,23,4590
0,2,6,24,4615
0,2,6,25,4586
0,2,6,26,4581
0,2,6,27,4601
0,2,6,28,4630
0,2,6,29,4586
0,2,6,30,4577
0,2,6,31,4588
0,3,6,0,7103
0,3,6,1,7158
0,3,6,2,7165
0,3,6,3,7089
0,3,6,4,7072
0,3,6,5,7117
0,3,6,6,7119
0,3,6,7,7091
0,3,6,8,7177
0,3,6,9,7115
0,3,6,10,7212
0,3,6,11,7261
0,3,6,12,7149
0,3,6,13,7147
0,3,6,14,7175
0,3,6,15,7123
0,3,6,16,7121
0,3,6,17,7174
0,3,6,18,7140
0,3,6,19,7142
0,3,6,20,7089
0,3,6,21,7131
0,3,6,22,7176
0,3,6,23,7168
0,3,6,24,7140
0,3,6,25,7159
0,3,6,26,7063
0,3,6,27,7069
0,3,6,28,7021
0,3,6,29,7148
0,3,6,30,7661
0,3,6,31,7139
0,4,6,0,7848
0,4,6,1,7900
0,4,6,2,7857
0,4,6,3,9478
0,4,6,4,12920
0,4,6,5,7870
0,4,6,6,7815
0,4,6,7,7816
0,4,6,8,7807
0,4,6,9,7781
0,4,6,10,7911
0,4,6,11,7921
0,4,6,12,7719
0,4,6,13,7777
0,4,6,14,7769
0,4,6,15,7912
0,4,6,16,7848
0,4,6,17,7921
0,4,6,18,7853
0,4,6,19,7888
0,4,6,20,7892
0,4,6,21,7829
0,4,6,22,7919
0,4,6,23,7928
0,4,6,24,7783
0,4,6,25,7911
0,4,6,26,7896
0,4,6,27,7799
0,4,6,28,7779
0,4,6,29,7870
0,4,6,30,7812
0,4,6,31,7982
0,5,6,0,8806
0,5,6,1,8973
0,5,6,2,8962
0,5,6,3,8925
0,5,6,4,8869
0,5,6,5,8863
0,5,6,6,8854
0,5,6,7,8984
0,5,6,8,8954
0,5,6,9,8967
0,5,6,10,8903
0,5,6,11,8756
0,5,6,12,8954
0,5,6,13,8714
0,5,6,14,8751
0,5,6,15,8757
0,5,6,16,8766
0,5,6,17,8931
0,5,6,18,8817
0,5,6,19,8959
0,5,6,20,8948
0,5,6,21,8894
0,5,6,22,8910
0,5,6,23,8923
0,5,6,24,8814
0,5,6,25,8915
0,5,6,26,8922
0,5,6,27,8869
0,5,6,28,8953
0,5,6,29,8846
0,5,6,30,8849
0,5,6,31,8853
0,6,6,0,9652
0,6,6,1,9642
0,6,6,2,9599
0,6,6,3,9695
0,6,6,4,9607
0,6,6,5,9613
0,6,6,6,9726
0,6,6,7,9658
0,6,6,8,9851
0,6,6,9,9588
0,6,6,10,9651
0,6,6,11,9648
0,6,6,12,9560
0,6,6,13,9569
0,6,6,14,9577
0,6,6,15,9605
0,6,6,16,9740
0,6,6,17,9664
0,6,6,18,9777
0,6,6,19,9636
0,6,6,20,9719
0,6,6,21,9571
0,6,6,22,9718
0,6,6,23,9666
0,6,6,24,9693
0,6,6,25,9637
0,6,6,26,9612
0,6,6,27,9607
0,6,6,28,9673
0,6,6,29,9546
0,6,6,30,9732
0,6,6,31,9743
0,7,6,0,10488
0,7,6,1,10724
0,7,6,2,10673
0,7,6,3,10652
0,7,6,4,10711
0,7,6,5,10630
0,7,6,6,10598
0,7,6,7,10638
0,7,6,8,10675
0,7,6,9,10583
0,7,6,10,10596
0,7,6,11,10791
0,7,6,12,10638
0,7,6,13,10598
0,7,6,14,10575
0,7,6,15,10514
0,7,6,16,10667
0,7,6,17,10682
0,7,6,18,10675
0,7,6,19,10591
0,7,6,20,10603
0,7,6,21,10734
0,7,6,22,10597
0,7,6,23,10631
0,7,6,24,10642
0,7,6,25,10656
0,7,6,26,10636
0,7,6,27,10545
0,7,6,28,10621
0,7,6,29,10639
0,7,6,30,10666
0,7,6,31,10633
0,8,6,0,21152
0,8,6,1,21371
0,8,6,2,21335
0,8,6,3,21216
0,8,6,4,21431
0,8,6,5,21409
0,8,6,6,21450
0,8,6,7,21183
0,8,6,8,21229
0,8,6,9,21819
0,8,6,10,21331
0,8,6,11,21421
0,8,6,12,21351
0,8,6,13,21425
0,8,6,14,21419
0,8,6,15,21972
0,8,6,16,21447
0,8,6,17,21597
0,8,6,18,21389
0,8,6,19,21497
0,8,6,20,21378
0,8,6,21,21400
0,8,6,22,21124
0,8,6,23,21221
0,8,6,24,21215
0,8,6,25,21411
0,8,6,26,21355
0,8,6,27,21257
0,8,6,28,21351
0,8,6,29,21455
0,8,6,30,21275
0,8,6,31,21382
0,9,6,0,21418
0,9,6,1,21551
0,9,6,2,21498
0,9,6,3,21446
0,9,6,4,21279
0,9,6,5,21482
0,9,6,6,21554
0,9,6,7,21479
0,9,6,8,21374
0,9,6,9,21495
0,9,6,10,21328
0,9,6,11,21350
0,9,6,12,21318
0,9,6,13,21462
0,9,6,14,21374
0,9,6,15,21402
0,9,6,16,21393
0,9,6,17,21286
0,9,6,18,21230
0,9,6,19,21252
0,9,6,20,21414
0,9,6,21,21419
0,9,6,22,21607
0,9,6,23,21574
0,9,6,24,21276
0,9,6,25,21622
0,9,6,26,21685
0,9,6,27,21536
0,9,6,28,21569
0,9,6,29,21189
0,9,6,30,21500
0,9,6,31,21569
1,0,6,0,383
1,0,6,1,363
1,0,6,2,363
1,0,6,3,367
1,0,6,4,368
1,0,6,5,370
1,0,6,6,365
1,0,6,7,365
1,0,6,8,368
1,0,6,9,371
1,0,6,10,361
1,0,6,11,692
1,0,6,12,371
1,0,6,13,368
1,0,6,14,363
1,0,6,15,367
1,0,6,16,366
1,0,6,17,361
1,0,6,18,368
1,0,6,19,359
1,0,6,20,357
1,0,6,21,368
1,0,6,22,372
1,0,6,23,367
1,0,6,24,357
1,0,6,25,372
1,0,6,26,369
1,0,6,27,374
1,0,6,28,366
1,0,6,29,367
1,0,6,30,363
1,0,6,31,370
1,1,6,0,13577
1,1,6,1,13657
1,1,6,2,13764
1,1,6,3,13744
1,1,6,4,13717
1,1,6,5,13525
1,1,6,6,13672
1,1,6,7,13687
1,1,6,8,13698
1,1,6,9,13670
1,1,6,10,13732
1,1,6,11,13649
1,1,6,12,13814
1,1,6,13,13704
1,1,6,14,13823
1,1,6,15,13663
1,1,6,16,13731
1,1,6,17,13703
1,1,6,18,13761
1,1,6,19,13451
1,1,6,20,13770
1,1,6,21,13670
1,1,6,22,13481
1,1,6,23,13671
1,1,6,24,13599
1,1,6,25,13464
1,1,6,26,13689
1,1,6,27,13668
1,1,6,28,14016
1,1,6,29,13862
1,1,6,30,13462
1,1,6,31,13677
1,2,6,0,14186
1,2,6,1,14447
1,2,6,2,14434
1,2,6,3,14506
1,2,6,4,14472
1,2,6,5,14604
1,2,6,6,14498
1,2,6,7,14470
1,2,6,8,14514
1,2,6,9,14459
1,2,6,10,14237
1,2,6,11,14565
1,2,6,12,14457
1,2,6,13,14460
1,2,6,14,14452
1,2,6,15,14444
1,2,6,16,14262
1,2,6,17,14485
1,2,6,18,14426
1,2,6,19,14375
1,2,6,20,14177
1,2,6,21,14324
1,2,6,22,14359
1,2,6,23,14451
1,2,6,24,14462
1,2,6,25,14482
1,2,6,26,14522
1,2,6,27,14444
1,2,6,28,14198
1,2,6,29,14197
1,2,6,30,25292
1,2,6,31,14475
1,3,6,0,14591
1,3,6,1,14670
1,3,6,2,14652
1,3,6,3,14712
1,3,6,4,14680
1,3,6,5,14715
1,3,6,6,14714
1,3,6,7,14721
1,3,6,8,14606
1,3,6,9,14679
1,3,6,10,14413
1,3,6,11,14685
1,3,6,12,14647
1,3,6,13,14708
1,3,6,14,14639
1,3,6,15,14650
1,3,6,16,14687
1,3,6,17,14708
1,3,6,18,14652
1,3,6,19,14620
1,3,6,20,14632
1,3,6,21,14642
1,3,6,22,14635
1,3,6,23,14675
1,3,6,24,14729
1,3,6,25,14692
1,3,6,26,14699
1,3,6,27,14627
1,3,6,28,14615
1,3,6,29,14470
1,3,6,30,14673
1,3,6,31,14606
1,4,6,0,26267
1,4,6,1,26543
1,4,6,2,26516
1,4,6,3,26599
1,4,6,4,26494
1,4,6,5,26586
1,4,6,6,26698
1,4,6,7,26588
1,4,6,8,26149
1,4,6,9,26681
1,4,6,10,26588
1,4,6,11,26581
1,4,6,12,26636
1,4,6,13,26432
1,4,6,14,26480
1,4,6,15,26485
1,4,6,16,26699
1,4,6,17,26686
1,4,6,18,26597
1,4,6,19,26164
1,4,6,20,27269
1,4,6,21,26674
1,4,6,22,26326
1,4,6,23,26198
1,4,6,24,26490
1,4,6,25,26240
1,4,6,26,26302
1,4,6,27,26718
1,4,6,28,26488
1,4,6,29,26579
1,4,6,30,26662
1,4,6,31,26602
1,5,6,0,26286
1,5,6,1,26916
1,5,6,2,26949
1,5,6,3,26736
1,5,6,4,26717
1,5,6,5,26502
1,5,6,6,26258
1,5,6,7,26838
1,5,6,8,26828
1,5,6,9,26729
1,5,6,10,26738
1,5,6,11,26811
1,5,6,12,26892
1,5,6,13,26748
1,5,6,14,26582
1,5,6,15,26318
1,5,6,16,26485
1,5,6,17,26363
1,5,6,18,26418
1,5,6,19,26814
1,5,6,20,26451
1,5,6,21,26325
1,5,6,22,26581
1,5,6,23,26463
1,5,6,24,26753
1,5,6,25,26774
1,5,6,26,26578
1,5,6,27,26783
1,5,6,28,26713
1,5,6,29,26728
1,5,6,30,26701
1,5,6,31,26465
1,6,6,0,27185
1,6,6,1,27559
1,6,6,2,27583
1,6,6,3,27282
1,6,6,4,27198
1,6,6,5,27561
1,6,6,6,27530
1,6,6,7,27120
1,6,6,8,27496
1,6,6,9,27399
1,6,6,10,27617
1,6,6,11,27532
1,6,6,12,27483
1,6,6,13,27624
1,6,6,14,27563
1,6,6,15,27360
1,6,6,16,27589
1,6,6,17,27081
1,6,6,18,27486
1,6,6,19,27336
1,6,6,20,27167
1,6,6,21,27532
1,6,6,22,27310
1,6,6,23,27100
1,6,6,24,27167
1,6,6,25,27201
1,6,6,26,27202
1,6,6,27,27002
1,6,6,28,26975
1,6,6,29,27301
1,6,6,30,27288
1,6,6,31,27300
1,7,6,0,27534
1,7,6,1,28121
1,7,6,2,28176
1,7,6,3,27927
1,7,6,4,27601
1,7,6,5,27926
1,7,6,6,27995
1,7,6,7,28045
1,7,6,8,28101
1,7,6,9,28135
1,7,6,10,28098
1,7,6,11,28110
1,7,6,12,27653
1,7,6,13,28159
1,7,6,14,28102
1,7,6,15,28019
1,7,6,16,28040
1,7,6,17,27977
1,7,6,18,28021
1,7,6,19,27976
1,7,6,20,28143
1,7,6,21,27652
1,7,6,22,28095
1,7,6,23,28018
1,7,6,24,27955
1,7,6,25,28113
1,7,6,26,28128
1,7,6,27,28025
1,7,6,28,28039
1,7,6,29,28188
1,7,6,30,28155
1,7,6,31,27800
1,8,6,0,28370
1,8,6,1,28265
1,8,6,2,28359
1,8,6,3,28229
1,8,6,4,27885
1,8,6,5,28263
1,8,6,6,28268
1,8,6,7,28037
1,8,6,8,28252
1,8,6,9,28344
1,8,6,10,28052
1,8,6,11,28357
1,8,6,12,28285
1,8,6,13,28294
1,8,6,14,28311
1,8,6,15,28264
1,8,6,16,28211
1,8,6,17,28298
1,8,6,18,28320
1,8,6,19,28330
1,8,6,20,28306
1,8,6,21,28407
1,8,6,22,28331
1,8,6,23,28420
1,8,6,24,28329
1,8,6,25,28252
1,8,6,26,28369
1,8,6,27,28344
1,8,6,28,27929
1,8,6,29,28312
1,8,6,30,28268
1,8,6,31,28190
1,9,6,0,28261
1,9,6,1,28275
1,9,6,2,28111
1,9,6,3,28385
1,9,6,4,28138
1,9,6,5,28041
1,9,6,6,28344
1,9,6,7,28196
1,9,6,8,28341
1,9,6,9,28343
1,9,6,10,28324
1,9,6,11,28294
1,9,6,12,27846
1,9,6,13,28426
1,9,6,14,27802
1,9,6,15,28414
1,9,6,16,28253
1,9,6,17,28304
1,9,6,18,28488
1,9,6,19,27983
1,9,6,20,28495
1,9,6,21,28321
1,9,6,22,28401
1,9,6,23,28421
1,9,6,24,28308
1,9,6,25,28342
1,9,6,26,28281
1,9,6,27,28378
1,9,6,28,28403
1,9,6,29,28107
1,9,6,30,28313
1,9,6,31,28063
2,0,6,0,704
2,0,6,1,652
2,0,6,2,668
2,0,6,3,656
2,0,6,4,697
2,0,6,5,661
2,0,6,6,679
2,0,6,7,674
2,0,6,8,668
2,0,6,9,676
2,0,6,10,680
2,0,6,11,667
2,0,6,12,662
2,0,6,13,669
2,0,6,14,667
2,0,6,15,671
2,0,6,16,691
2,0,6,17,677
2,0,6,18,681
2,0,6,19,665
2,0,6,20,690
2,0,6,21,671
2,0,6,22,662
2,0,6,23,684
2,0,6,24,667
2,0,6,25,659
2,0,6,26,680
2,0,6,27,660
2,0,6,28,663
2,0,6,29,650
2,0,6,30,664
2,0,6,31,660
2,1,6,0,1106
2,1,6,1,1126
2,1,6,2,1107
2,1,6,3,1108
2,1,6,4,1132
2,1,6,5,1116
2,1,6,6,1095
2,1,6,7,1102
2,1,6,8,1089
2,1,6,9,1091
2,1,6,10,1099
2,1,6,11,1098
2,1,6,12,1094
2,1,6,13,1104
2,1,6,14,1098
2,1,6,15,1122
2,1,6,16,1112
2,1,6,17,1109
2,1,6,18,1116
2,1,6,19,1108
2,1,6,20,1119
2,1,6,21,1111
2,1,6,22,1084
2,1,6,23,1092
2,1,6,24,1110
2,1,6,25,1108
2,1,6,26,1114
2,1,6,27,1093
2,1,6,28,1096
2,1,6,29,1098
2,1,6,30,1093
2,1,6,31,1099
2,2,6,0,2038
2,2,6,1,2060
2,2,6,2,2064
2,2,6,3,2073
2,2,6,4,2079
2,2,6,5,2046
2,2,6,6,2021
2,2,6,7,2085
2,2,6,8,2048
2,2,6,9,2068
2,2,6,10,2085
2,2,6,11,2069
2,2,6,12,2037
2,2,6,13,2059
2,2,6,14,2020
2,2,6,15,2046
2,2,6,16,2052
2,2,6,17,2032
2,2,6,18,2056
2,2,6,19,2047
2,2,6,20,2067
2,2,6,21,2053
2,2,6,22,2038
2,2,6,23,2068
2,2,6,24,2047
2,2,6,25,2033
2,2,6,26,2035
2,2,6,27,2048
2,2,6,28,2042
2,2,6,29,2033
2,2,6,30,2026
2,2,6,31,2025
2,3,6,0,2872
2,3,6,1,2884
2,3,6,2,2912
2,3,6,3,2900
2,3,6,4,2910
2,3,6,5,2853
2,3,6,6,2889
2,3,6,7,2937
2,3,6,8,2876
2,3,6,9,2867
2,3,6,10,2889
2,3,6,11,2908
2,3,6,12,2873
2,3,6,13,2886
2,3,6,14,2894
2,3,6,15,2858
2,3,6,16,2911
2,3,6,17,2884
2,3,6,18,2916
2,3,6,19,2924
2,3,6,20,2903
2,3,6,21,2886
2,3,6,22,2860
2,3,6,23,2885
2,3,6,24,2869
2,3,6,25,2876
2,3,6,26,2862
2,3,6,27,2928
2,3,6,28,2874
2,3,6,29,2847
2,3,6,30,2874
2,3,6,31,2936
2,4,6,0,3416
2,4,6,1,3443
2,4,6,2,3406
2,4,6,3,3431
2,4,6,4,3505
2,4,6,5,3405
2,4,6,6,3371
2,4,6,7,3372
2,4,6,8,3391
2,4,6,9,3408
2,4,6,10,3427
2,4,6,11,3420
2,4,6,12,3393
2,4,6,13,3427
2,4,6,14,3391
2,4,6,15,3413
2,4,6,16,3425
2,4,6,17,3402
2,4,6,18,3413
2,4,6,19,3424
2,4,6,20,3419
2,4,6,21,3443
2,4,6,22,3399
2,4,6,23,3449
2,4,6,24,3426
2,4,6,25,3391
2,4,6,26,3417
2,4,6,27,3400
2,4,6,28,3376
2,4,6,29,3420
2,4,6,30,3433
2,4,6,31,3419
2,5,6,0,3655
2,5,6,1,3646
2,5,6,2,3660
2,5,6,3,3648
2,5,6,4,3680
2,5,6,5,3655
2,5,6,6,3664
2,5,6,7,3705
2,5,6,8,6889
2,5,6,9,3634
2,5,6,10,3625
2,5,6,11,3625
2,5,6,12,3612
2,5,6,13,3642
2,5,6,14,3604
2,5,6,15,3652
2,5,6,16,3636
2,5,6,17,8977
2,5,6,18,9905
2,5,6,19,3627
2,5,6,20,3617
2,5,6,21,3614
2,5,6,22,4403
2,5,6,23,3674
2,5,6,24,3631
2,5,6,25,13587
2,5,6,26,13583
2,5,6,27,6586
2,5,6,28,4141
2,5,6,29,3640
2,5,6,30,3636
2,5,6,31,3647
2,6,6,0,15701
2,6,6,1,15607
2,6,6,2,15617
2,6,6,3,15415
2,6,6,4,15500
2,6,6,5,15456
2,6,6,6,15408
2,6,6,7,15647
2,6,6,8,15629
2,6,6,9,15420
2,6,6,10,15636
2,6,6,11,15421
2,6,6,12,15645
2,6,6,13,15457
2,6,6,14,15393
2,6,6,15,15479
2,6,6,16,15375
2,6,6,17,15538
2,6,6,18,15502
2,6,6,19,15459
2,6,6,20,15366
2,6,6,21,15657
2,6,6,22,15465
2,6,6,23,15474
2,6,6,24,15380
2,6,6,25,15488
2,6,6,26,15412
2,6,6,27,15424
2,6,6,28,15427
2,6,6,29,15460
2,6,6,30,15425
2,6,6,31,15436
2,7,6,0,15629
2,7,6,1,15736
2,7,6,2,15774
2,7,6,3,15858
2,7,6,4,15900
2,7,6,5,15867
2,7,6,6,15747
2,7,6,7,15780
2,7,6,8,15774
2,7,6,9,15673
2,7,6,10,15671
2,7,6,11,15783
2,7,6,12,15585
2,7,6,13,15512
2,7,6,14,15588
2,7,6,15,15744
2,7,6,16,15620
2,7,6,17,15568
2,7,6,18,15823
2,7,6,19,15622
2,7,6,20,15805
2,7,6,21,15628
2,7,6,22,15571
2,7,6,23,15858
2,7,6,24,15838
2,7,6,25,15862
2,7,6,26,16111
2,7,6,27,15727
2,7,6,28,15835
2,7,6,29,15724
2,7,6,30,15721
2,7,6,31,15758
2,8,6,0,18257
2,8,6,1,18260
2,8,6,2,18245
2,8,6,3,17930
2,8,6,4,18273
2,8,6,5,18138
2,8,6,6,18254
2,8,6,7,18232
2,8,6,8,18244
2,8,6,9,18220
2,8,6,10,17973
2,8,6,11,17972
2,8,6,12,17978
2,8,6,13,18181
2,8,6,14,18086
2,8,6,15,17960
2,8,6,16,17943
2,8,6,17,17892
2,8,6,18,17879
2,8,6,19,17917
2,8,6,20,17950
2,8,6,21,17900
2,8,6,22,17946
2,8,6,23,17932
2,8,6,24,17914
2,8,6,25,18020
2,8,6,26,18211
2,8,6,27,18241
2,8,6,28,18195
2,8,6,29,17958
2,8,6,30,18227
2,8,6,31,17872
2,9,6,0,19050
2,9,6,1,18808
2,9,6,2,18787
2,9,6,3,18875
2,9,6,4,18785
2,9,6,5,18890
2,9,6,6,18809
2,9,6,7,19034
2,9,6,8,18742
2,9,6,9,18766
2,9,6,10,19101
2,9,6,11,19079
2,9,6,12,18736
2,9,6,13,18857
2,9,6,14,18776
2,9,6,15,18788
2,9,6,16,18875
2,9,6,17,19080
2,9,6,18,18787
2,9,6,19,18845
2,9,6,20,18867
2,9,6,21,18743
2,9,6,22,19126
2,9,6,23,18792
2,9,6,24,18826
2,9,6,25,18773
2,9,6,26,18805
2,9,6,27,18777
2,9,6,28,18825
2,9,6,29,18766
2,9,6,30,19097
2,9,6,31,18703
2,10,6,0,19815
2,10,6,1,19514
2,10,6,2,19826
2,10,6,3,19807
2,10,6,4,19466
2,10,6,5,19864
2,10,6,6,19852
2,10,6,7,19785
2,10,6,8,19842
2,10,6,9,19421
2,10,6,10,19433
2,10,6,11,19733
2,10,6,12,19821
2,10,6,13,20144
2,10,6,14,19578
2,10,6,15,19779
2,10,6,16,19810
2,10,6,17,19877
2,10,6,18,19874
2,10,6,19,19799
2,10,6,20,19688
2,10,6,21,19689
2,10,6,22,19495
2,10,6,23,19647
2,10,6,24,19875
2,10,6,25,19820
2,10,6,26,19850
2,10,6,27,19840
2,10,6,28,19739
2,10,6,29,19880
2,10,6,30,19596
2,10,6,31,19816
0,9,7,0,21411
0,9,7,1,21485
0,9,7,2,21461
0,9,7,3,21376
0,9,7,4,21258
0,9,7,5,21547
0,9,7,6,21639
0,9,7,7,21589
0,9,7,8,21449
0,9,7,9,21369
0,9,7,10,21169
0,9,7,11,21636
0,9,7,12,21595
0,9,7,13,21549
0,9,7,14,21499
0,9,7,15,21400
0,9,7,16,21345
0,9,7,17,21170
0,9,7,18,21577
0,9,7,19,32462
0,9,7,20,21378
0,9,7,21,21199
0,9,7,22,21410
0,9,7,23,21120
0,9,7,24,21485
0,9,7,25,21173
0,9,7,26,21227
0,9,7,27,21439
0,9,7,28,21342
0,9,7,29,21269
0,9,7,30,21255
0,9,7,31,21587
0,8,7,0,21417
0,8,7,1,21319
0,8,7,2,21000
0,8,7,3,21267
0,8,7,4,21189
0,8,7,5,21095
0,8,7,6,21083
0,8,7,7,21098
0,8,7,8,21173
0,8,7,9,21225
0,8,7,10,21409
0,8,7,11,21325
0,8,7,12,21124
0,8,7,13,21020
0,8,7,14,21256
0,8,7,15,21260
0,8,7,16,21206
0,8,7,17,21123
0,8,7,18,21082
0,8,7,19,21388
0,8,7,20,21346
0,8,7,21,21069
0,8,7,22,21320
0,8,7,23,21111
0,8,7,24,21295
0,8,7,25,21193
0,8,7,26,21246
0,8,7,27,21669
0,8,7,28,21460
0,8,7,29,21398
0,8,7,30,21078
0,8,7,31,21471
0,7,7,0,10616
0,7,7,1,10647
0,7,7,2,10688
0,7,7,3,10571
0,7,7,4,10650
0,7,7,5,10795
0,7,7,6,10627
0,7,7,7,10618
0,7,7,8,10655
0,7,7,9,10653
0,7,7,10,10638
0,7,7,11,10634
0,7,7,12,10648
0,7,7,13,10589
0,7,7,14,10684
0,7,7,15,10652
0,7,7,16,10607
0,7,7,17,10667
0,7,7,18,10584
0,7,7,19,10489
0,7,7,20,10610
0,7,7,21,10509
0,7,7,22,10595
0,7,7,23,10646
0,7,7,24,10560
0,7,7,25,10607
0,7,7,26,10606
0,7,7,27,10642
0,7,7,28,10582
0,7,7,29,10548
0,7,7,30,10594
0,7,7,31,10723
0,6,7,0,9820
0,6,7,1,9649
0,6,7,2,9569
0,6,7,3,9688
0,6,7,4,9683
0,6,7,5,9679
0,6,7,6,9692
0,6,7,7,9707
0,6,7,8,9638
0,6,7,9,9644
0,6,7,10,9679
0,6,7,11,9682
0,6,7,12,9699
0,6,7,13,9721
0,6,7,14,9606
0,6,7,15,9660
0,6,7,16,9520
0,6,7,17,9666
0,6,7,18,9639
0,6,7,19,9628
0,6,7,20,9663
0,6,7,21,9662
0,6,7,22,9554
0,6,7,23,9668
0,6,7,24,9741
0,6,7,25,9625
0,6,7,26,9635
0,6,7,27,9621
0,6,7,28,9670
0,6,7,29,9626
0,6,7,30,9571
0,6,7,31,9690
0,5,7,0,8967
0,5,7,1,8886
0,5,7,2,8877
0,5,7,3,8871
0,5,7,4,8876
0,5,7,5,8921
0,5,7,6,8830
0,5,7,7,8941
0,5,7,8,8875
0,5,7,9,8866
0,5,7,10,8892
0,5,7,11,8897
0,5,7,12,8855
0,5,7,13,8832
0,5,7,14,8849
0,5,7,15,8887
0,5,7,16,8980
0,5,7,17,8877
0,5,7,18,8936
0,5,7,19,8933
0,5,7,20,8959
0,5,7,21,8896
0,5,7,22,8874
0,5,7,23,8957
0,5,7,24,8828
0,5,7,25,8976
0,5,7,26,8986
0,5,7,27,8913
0,5,7,28,8790
0,5,7,29,8963
0,5,7,30,8913
0,5,7,31,8878
0,4,7,0,7845
0,4,7,1,7821
0,4,7,2,7904
0,4,7,3,7819
0,4,7,4,7819
0,4,7,5,7936
0,4,7,6,7881
0,4,7,7,7822
0,4,7,8,7902
0,4,7,9,7740
0,4,7,10,7788
0,4,7,11,7894
0,4,7,12,7897
0,4,7,13,7810
0,4,7,14,7926
0,4,7,15,7813
0,4,7,16,7858
0,4,7,17,7856
0,4,7,18,7811
0,4,7,19,7893
0,4,7,20,7757
0,4,7,21,7899
0,4,7,22,7709
0,4,7,23,7927
0,4,7,24,7887
0,4,7,25,7939
0,4,7,26,7740
0,4,7,27,7929
0,4,7,28,7941
0,4,7,29,7728
0,4,7,30,7903
0,4,7,31,7851
0,3,7,0,7093
0,3,7,1,7083
0,3,7,2,7048
0,3,7,3,7121
0,3,7,4,7024
0,3,7,5,7163
0,3,7,6,7200
0,3,7,7,7111
0,3,7,8,7179
0,3,7,9,7146
0,3,7,10,7073
0,3,7,11,7135
0,3,7,12,7166
0,3,7,13,7209
0,3,7,14,7177
0,3,7,15,7068
0,3,7,16,7060
0,3,7,17,7775
0,3,7,18,7200
0,3,7,19,7174
0,3,7,20,7143
0,3,7,21,7172
0,3,7,22,7160
0,3,7,23,7264
0,3,7,24,7174
0,3,7,25,7079
0,3,7,26,7015
0,3,7,27,7165
0,3,7,28,6997
0,3,7,29,7065
0,3,7,30,7191
0,3,7,31,7136
0,2,7,0,4589
0,2,7,1,4542
0,2,7,2,4576
0,2,7,3,4563
0,2,7,4,4576
0,2,7,5,4530
0,2,7,6,4607
0,2,7,7,4576
0,2,7,8,4638
0,2,7,9,4591
0,2,7,10,4548
0,2,7,11,4615
0,2,7,12,4567
0,2,7,13,4572
0,2,7,14,4615
0,2,7,15,4601
0,2,7,16,4580
0,2,7,17,4592
0,2,7,18,4583
0,2,7,19,4553
0,2,7,20,4599
0,2,7,21,4591
0,2,7,22,4566
0,2,7,23,4581
0,2,7,24,4613
0,2,7,25,4603
0,2,7,26,4584
0,2,7,27,4594
0,2,7,28,4563
0,2,7,29,4597
0,2,7,30,4492
0,2,7,31,4641
0,1,7,0,3509
0,1,7,1,3525
0,1,7,2,3498
0,1,7,3,3551
0,1,7,4,3550
0,1,7,5,3553
0,1,7,6,3562
0,1,7,7,3554
0,1,7,8,3546
0,1,7,9,3562
0,1,7,10,3545
0,1,7,11,3557
0,1,7,12,3531
0,1,7,13,3555
0,1,7,14,3530
0,1,7,15,3560
0,1,7,16,3543
0,1,7,17,3571
0,1,7,18,3489
0,1,7,19,3488
0,1,7,20,3541
0,1,7,21,3500
0,1,7,22,3542
0,1,7,23,3524
0,1,7,24,3506
0,1,7,25,3552
0,1,7,26,3571
0,1,7,27,3536
0,1,7,28,3528
0,1,7,29,3544
0,1,7,30,3573
0,1,7,31,3570
0,0,7,0,2747
0,0,7,1,2733
0,0,7,2,2755
0,0,7,3,2806
0,0,7,4,2811
0,0,7,5,2769
0,0,7,6,2791
0,0,7,7,2769
0,0,7,8,2756
0,0,7,9,2831
0,0,7,10,2800
0,0,7,11,2840
0,0,7,12,2802
0,0,7,13,2806
0,0,7,14,2820
0,0,7,15,2797
0,0,7,16,2799
0,0,7,17,2795
0,0,7,18,2831
0,0,7,19,2780
0,0,7,20,2827
0,0,7,21,2809
0,0,7,22,2797
0,0,7,23,2805
0,0,7,24,2803
0,0,7,25,2773
0,0,7,26,2754
0,0,7,27,2765
0,0,7,28,2790
0,0,7,29,2771
0,0,7,30,2735
0,0,7,31,2822
1,9,7,0,28405
1,9,7,1,28323
1,9,7,2,28384
1,9,7,3,28442
1,9,7,4,28309
1,9,7,5,28398
1,9,7,6,28453
1,9,7,7,28004
1,9,7,8,28390
1,9,7,9,28418
1,9,7,10,28411
1,9,7,11,28495
1,9,7,12,28396
1,9,7,13,27918
1,9,7,14,28118
1,9,7,15,27938
1,9,7,16,28447
1,9,7,17,28171
1,9,7,18,28122
1,9,7,19,28327
1,9,7,20,28311
1,9,7,21,28054
1,9,7,22,28322
1,9,7,23,28488
1,9,7,24,28069
1,9,7,25,28461
1,9,7,26,28230
1,9,7,27,28494
1,9,7,28,28024
1,9,7,29,28379
1,9,7,30,28423
1,9,7,31,28369
1,8,7,0,27949
1,8,7,1,28324
1,8,7,2,28345
1,8,7,3,28246
1,8,7,4,28301
1,8,7,5,28286
1,8,7,6,28291
1,8,7,7,28362
1,8,7,8,28373
1,8,7,9,28307
1,8,7,10,28226
1,8,7,11,28306
1,8,7,12,28260
1,8,7,13,27969
1,8,7,14,28156
1,8,7,15,28426
1,8,7,16,28300
1,8,7,17,28307
1,8,7,18,28350
1,8,7,19,28155
1,8,7,20,28222
1,8,7,21,28386
1,8,7,22,28167
1,8,7,23,28214
1,8,7,24,28256
1,8,7,25,28319
1,8,7,26,28280
1,8,7,27,28282
1,8,7,28,28266
1,8,7,29,28269
1,8,7,30,28340
1,8,7,31,28340
1,7,7,0,27791
1,7,7,1,28062
1,7,7,2,28069
1,7,7,3,27851
1,7,7,4,27581
1,7,7,5,27752
1,7,7,6,27758
1,7,7,7,27841
1,7,7,8,28142
1,7,7,9,27840
1,7,7,10,27898
1,7,7,11,27512
1,7,7,12,27670
1,7,7,13,27566
1,7,7,14,27721
1,7,7,15,27781
1,7,7,16,28100
1,7,7,17,27765
1,7,7,18,28070
1,7,7,19,27884
1,7,7,20,28009
1,7,7,21,28174
1,7,7,22,28057
1,7,7,23,27701
1,7,7,24,27975
1,7,7,25,28003
1,7,7,26,27921
1,7,7,27,28418
1,7,7,28,27901
1,7,7,29,27975
1,7,7,30,27964
1,7,7,31,27633
1,6,7,0,26961
1,6,7,1,27506
1,6,7,2,27486
1,6,7,3,27077
1,6,7,4,27111
1,6,7,5,27049
1,6,7,6,27473
1,6,7,7,27104
1,6,7,8,27528
1,6,7,9,27074
1,6,7,10,27591
1,6,7,11,27454
1,6,7,12,27521
1,6,7,13,27497
1,6,7,14,27482
1,6,7,15,27486
1,6,7,16,27446
1,6,7,17,27569
1,6,7,18,27278
1,6,7,19,27466
1,6,7,20,27645
1,6,7,21,27443
1,6,7,22,27551
1,6,7,23,27435
1,6,7,24,27401
1,6,7,25,27575
1,6,7,26,27413
1,6,7,27,27825
1,6,7,28,27574
1,6,7,29,27268
1,6,7,30,27526
1,6,7,31,27390
1,5,7,0,26592
1,5,7,1,26735
1,5,7,2,26755
1,5,7,3,26623
1,5,7,4,26782
1,5,7,5,26646
1,5,7,6,26780
1,5,7,7,26463
1,5,7,8,26888
1,5,7,9,26876
1,5,7,10,26888
1,5,7,11,26570
1,5,7,12,26736
1,5,7,13,26484
1,5,7,14,26757
1,5,7,15,26780
1,5,7,16,26364
1,5,7,17,26755
1,5,7,18,26743
1,5,7,19,26708
1,5,7,20,26826
1,5,7,21,26795
1,5,7,22,27760
1,5,7,23,26360
1,5,7,24,26704
1,5,7,25,26886
1,5,7,26,26342
1,5,7,27,26742
1,5,7,28,26738
1,5,7,29,26797
1,5,7,30,26920
1,5,7,31,26641
1,4,7,0,26119
1,4,7,1,26729
1,4,7,2,26617
1,4,7,3,26570
1,4,7,4,26680
1,4,7,5,26664
1,4,7,6,26602
1,4,7,7,26275
1,4,7,8,26593
1,4,7,9,26776
1,4,7,10,26729
1,4,7,11,26627
1,4,7,12,26613
1,4,7,13,26762
1,4,7,14,26115
1,4,7,15,26686
1,4,7,16,26226
1,4,7,17,26772
1,4,7,18,27074
1,4,7,19,26787
1,4,7,20,26953
1,4,7,21,26663
1,4,7,22,26866
1,4,7,23,26674
1,4,7,24,26610
1,4,7,25,26681
1,4,7,26,26687
1,4,7,27,26680
1,4,7,28,26638
1,4,7,29,26630
1,4,7,30,37576
1,4,7,31,26748
1,3,7,0,14410
1,3,7,1,14666
1,3,7,2,14613
1,3,7,3,14754
1,3,7,4,14684
1,3,7,5,14440
1,3,7,6,14703
1,3,7,7,14424
1,3,7,8,14699
1,3,7,9,14694
1,3,7,10,14641
1,3,7,11,14686
1,3,7,12,14665
1,3,7,13,14643
1,3,7,14,14595
1,3,7,15,14663
1,3,7,16,14405
1,3,7,17,14715
1,3,7,18,14743
1,3,7,19,14640
1,3,7,20,14445
1,3,7,21,14637
1,3,7,22,14630
1,3,7,23,14476
1,3,7,24,14393
1,3,7,25,14479
1,3,7,26,14755
1,3,7,27,14538
1,3,7,28,14543
1,3,7,29,14708
1,3,7,30,14549
1,3,7,31,14666
1,2,7,0,14201
1,2,7,1,14197
1,2,7,2,14397
1,2,7,3,14203
1,2,7,4,14234
1,2,7,5,14306
1,2,7,6,14223
1,2,7,7,14418
1,2,7,8,14262
1,2,7,9,14175
1,2,7,10,14200
1,2,7,11,14228
1,2,7,12,14342
1,2,7,13,14151
1,2,7,14,14274
1,2,7,15,14244
1,2,7,16,14523
1,2,7,17,14314
1,2,7,18,14252
1,2,7,19,14209
1,2,7,20,14320
1,2,7,21,14251
1,2,7,22,14436
1,2,7,23,14426
1,2,7,24,14494
1,2,7,25,14310
1,2,7,26,14525
1,2,7,27,14320
1,2,7,28,14450
1,2,7,29,14499
1,2,7,30,14405
1,2,7,31,14221
1,1,7,0,13665
1,1,7,1,13735
1,1,7,2,13434
1,1,7,3,13473
1,1,7,4,13741
1,1,7,5,13735
1,1,7,6,13535
1,1,7,7,13429
1,1,7,8,13482
1,1,7,9,13714
1,1,7,10,13767
1,1,7,11,13389
1,1,7,12,13464
1,1,7,13,13700
1,1,7,14,13530
1,1,7,15,13571
1,1,7,16,13478
1,1,7,17,13721
1,1,7,18,13391
1,1,7,19,13715
1,1,7,20,13446
1,1,7,21,13728
1,1,7,22,13661
1,1,7,23,13744
1,1,7,24,13470
1,1,7,25,13489
1,1,7,26,13462
1,1,7,27,13491
1,1,7,28,13691
1,1,7,29,13700
1,1,7,30,13645
1,1,7,31,13732
1,0,7,0,363
1,0,7,1,367
1,0,7,2,361
1,0,7,3,361
1,0,7,4,360
1,0,7,5,359
1,0,7,6,363
1,0,7,7,367
1,0,7,8,372
1,0,7,9,366
1,0,7,10,362
1,0,7,11,360
1,0,7,12,371
1,0,7,13,372
1,0,7,14,366
1,0,7,15,370
1,0,7,16,371
1,0,7,17,366
1,0,7,18,366
1,0,7,19,372
1,0,7,20,363
1,0,7,21,372
1,0,7,22,362
1,0,7,23,366
1,0,7,24,363
1,0,7,25,379
1,0,7,26,365
1,0,7,27,375
1,0,7,28,370
1,0,7,29,378
1,0,7,30,367
1,0,7,31,362
2,10,7,0,19822
2,10,7,1,19574
2,10,7,2,30589
2,10,7,3,19867
2,10,7,4,19578
2,10,7,5,19511
2,10,7,6,19532
2,10,7,7,19530
2,10,7,8,19601
2,10,7,9,19542
2,10,7,10,19904
2,10,7,11,19944
2,10,7,12,19580
2,10,7,13,19618
2,10,7,14,20022
2,10,7,15,19875
2,10,7,16,19799
2,10,7,17,19849
2,10,7,18,19811
2,10,7,19,19474
2,10,7,20,19458
2,10,7,21,19617
2,10,7,22,19504
2,10,7,23,19463
2,10,7,24,19483
2,10,7,25,19762
2,10,7,26,19550
2,10,7,27,19595
2,10,7,28,19803
2,10,7,29,19755
2,10,7,30,19476
2,10,7,31,19704
2,9,7,0,19078
2,9,7,1,18778
2,9,7,2,19111
2,9,7,3,19220
2,9,7,4,18782
2,9,7,5,18794
2,9,7,6,19005
2,9,7,7,19162
2,9,7,8,19168
2,9,7,9,18863
2,9,7,10,18927
2,9,7,11,19076
2,9,7,12,19069
2,9,7,13,19071
2,9,7,14,19064
2,9,7,15,19091
2,9,7,16,19065
2,9,7,17,19094
2,9,7,18,19120
2,9,7,19,19001
2,9,7,20,18880
2,9,7,21,19061
2,9,7,22,18730
2,9,7,23,18774
2,9,7,24,18784
2,9,7,25,19140
2,9,7,26,18740
2,9,7,27,19058
2,9,7,28,19169
2,9,7,29,18653
2,9,7,30,18867
2,9,7,31,18963
2,8,7,0,17926
2,8,7,1,17921
2,8,7,2,18014
2,8,7,3,17993
2,8,7,4,17943
2,8,7,5,17913
2,8,7,6,18263
2,8,7,7,18077
2,8,7,8,18242
2,8,7,9,17981
2,8,7,10,18065
2,8,7,11,18137
2,8,7,12,18256
2,8,7,13,18192
2,8,7,14,18300
2,8,7,15,18220
2,8,7,16,18146
2,8,7,17,17900
2,8,7,18,18164
2,8,7,19,17912
2,8,7,20,18006
2,8,7,21,18006
2,8,7,22,18024
2,8,7,23,18028
2,8,7,24,17960
2,8,7,25,17910
2,8,7,26,17926
2,8,7,27,17883
2,8,7,28,17958
2,8,7,29,17916
2,8,7,30,18192
2,8,7,31,18160
2,7,7,0,15721
2,7,7,1,15791
2,7,7,2,15796
2,7,7,3,15762
2,7,7,4,15808
2,7,7,5,15671
2,7,7,6,15515
2,7,7,7,15533
2,7,7,8,15586
2,7,7,9,15620
2,7,7,10,15601
2,7,7,11,15544
2,7,7,12,15742
2,7,7,13,15555
2,7,7,14,15601
2,7,7,15,15590
2,7,7,16,15606
2,7,7,17,15544
2,7,7,18,15818
2,7,7,19,15838
2,7,7,20,15825
2,7,7,21,15769
2,7,7,22,16072
2,7,7,23,15663
2,7,7,24,15530
2,7,7,25,15580
2,7,7,26,15895
2,7,7,27,15814
2,7,7,28,15804
2,7,7,29,16050
2,7,7,30,15791
2,7,7,31,15605
2,6,7,0,15657
2,6,7,1,15493
2,6,7,2,15669
2,6,7,3,15619
2,6,7,4,15503
2,6,7,5,15663
2,6,7,6,15642
2,6,7,7,15676
2,6,7,8,15580
2,6,7,9,15618
2,6,7,10,15383
2,6,7,11,15637
2,6,7,12,15707
2,6,7,13,15424
2,6,7,14,15623
2,6,7,15,15558
2,6,7,16,15664
2,6,7,17,15606
2,6,7,18,15410
2,6,7,19,15442
2,6,7,20,15471
2,6,7,21,15642
2,6,7,22,15591
2,6,7,23,15654
2,6,7,24,15664
2,6,7,25,15590
2,6,7,26,15597
2,6,7,27,15691
2,6,7,28,15480
2,6,7,29,15644
2,6,7,30,15602
2,6,7,31,15589
2,5,7,0,3665
2,5,7,1,3648
2,5,7,2,3638
2,5,7,3,3643
2,5,7,4,3672
2,5,7,5,3651
2,5,7,6,3594
2,5,7,7,3611
2,5,7,8,3619
2,5,7,9,3652
2,5,7,10,3662
2,5,7,11,3642
2,5,7,12,3659
2,5,7,13,3631
2,5,7,14,3656
2,5,7,15,3647
2,5,7,16,3659
2,5,7,17,3619
2,5,7,18,3676
2,5,7,19,3662
2,5,7,20,3681
2,5,7,21,3659
2,5,7,22,3653
2,5,7,23,3644
2,5,7,24,3671
2,5,7,25,3605
2,5,7,26,3613
2,5,7,27,3656
2,5,7,28,3639
2,5,7,29,3641
2,5,7,30,3653
2,5,7,31,3707
2,4,7,0,3410
2,4,7,1,3403
2,4,7,2,3402
2,4,7,3,3391
2,4,7,4,3417
2,4,7,5,3431
2,4,7,6,3410
2,4,7,7,3440
2,4,7,8,3403
2,4,7,9,3420
2,4,7,10,3455
2,4,7,11,3433
2,4,7,12,3420
2,4,7,13,3437
2,4,7,14,3456
2,4,7,15,3401
2,4,7,16,3422
2,4,7,17,3439
2,4,7,18,3449
2,4,7,19,3435
2,4,7,20,3450
2,4,7,21,3421
2,4,7,22,3407
2,4,7,23,3427
2,4,7,24,3426
2,4,7,25,3438
2,4,7,26,3413
2,4,7,27,3399
2,4,7,28,3401
2,4,7,29,3405
2,4,7,30,3420
2,4,7,31,3428
2,3,7,0,2893
2,3,7,1,2907
2,3,7,2,2910
2,3,7,3,2872
2,3,7,4,2896
2,3,7,5,2867
2,3,7,6,2880
2,3,7,7,2860
2,3,7,8,2922
2,3,7,9,2906
2,3,7,10,2859
2,3,7,11,2870
2,3,7,12,2864
2,3,7,13,2868
2,3,7,14,2891
2,3,7,15,2891
2,3,7,16,2942
2,3,7,17,2895
2,3,7,18,2871
2,3,7,19,2904
2,3,7,20,2964
2,3,7,21,2902
2,3,7,22,2882
2,3,7,23,2900
2,3,7,24,2867
2,3,7,25,2854
2,3,7,26,2900
2,3,7,27,2887
2,3,7,28,2890
2,3,7,29,2890
2,3,7,30,2895
2,3,7,31,2893
2,2,7,0,2057
2,2,7,1,2046
2,2,7,2,2025
2,2,7,3,2045
2,2,7,4,2087
2,2,7,5,2015
2,2,7,6,2032
2,2,7,7,2068
2,2,7,8,2067
2,2,7,9,2021
2,2,7,10,2046
2,2,7,11,2031
2,2,7,12,2058
2,2,7,13,2039
2,2,7,14,2077
2,2,7,15,2083
2,2,7,16,12981
2,2,7,17,2056
2,2,7,18,2052
2,2,7,19,2033
2,2,7,20,2076
2,2,7,21,2051
2,2,7,22,2039
2,2,7,23,2045
2,2,7,24,2047
2,2,7,25,2046
2,2,7,26,2035
2,2,7,27,2052
2,2,7,28,2046
2,2,7,29,2051
2,2,7,30,2069
2,2,7,31,2053
2,1,7,0,1092
2,1,7,1,1088
2,1,7,2,1093
2,1,7,3,1074
2,1,7,4,1122
2,1,7,5,1103
2,1,7,6,1105
2,1,7,7,1110
2,1,7,8,1091
2,1,7,9,1077
2,1,7,10,1081
2,1,7,11,1079
2,1,7,12,1104
2,1,7,13,1088
2,1,7,14,1096
2,1,7,15,1121
2,1,7,16,1090
2,1,7,17,1074
2,1,7,18,1101
2,1,7,19,1107
2,1,7,20,1118
2,1,7,21,1081
2,1,7,22,1083
2,1,7,23,1101
2,1,7,24,1106
2,1,7,25,1118
2,1,7,26,1113
2,1,7,27,1085
2,1,7,28,1106
2,1,7,29,1114
2,1,7,30,1084
2,1,7,31,1113
2,0,7,0,677
2,0,7,1,686
2,0,7,2,657
2,0,7,3,656
2,0,7,4,696
2,0,7,5,655
2,0,7,6,653
2,0,7,7,657
2,0,7,8,659
2,0,7,9,676
2,0,7,10,666
2,0,7,11,680
2,0,7,12,675
2,0,7,13,665
2,0,7,14,680
2,0,7,15,675
2,0,7,16,679
2,0,7,17,694
2,0,7,18,665
2,0,7,19,677
2,0,7,20,689
2,0,7,21,663
2,0,7,22,652
2,0,7,23,674
2,0,7,24,663
2,0,7,25,666
2,0,7,26,672
2,0,7,27,651
2,0,7,28,666
2,0,7,29,674
2,0,7,30,651
2,0,7,31,679
