family,cut,block,observation,cycles
cpucycles tracesetup 0 amd64-perfpmcff precision 0 scaling 0.000000 only32 0
cpucycles tracesetup 1 amd64-perfpmc precision 0 scaling 0.000000 only32 0
cpucycles tracesetup 2 amd64-pmcff precision 0 scaling 0.000000 only32 0
cpucycles tracesetup 3 amd64-tsc precision 1016 scaling 0.467415 only32 0
cpucycles tracesetup 4 amd64-tscasm precision 1026 scaling 0.467415 only32 0
cpucycles tracesetup 5 default-perfevent precision 206 scaling 1.000000 only32 0
cpucycles tracesetup 6 default-mach precision 0 scaling 0.000000 only32 0
cpucycles tracesetup 7 default-monotonic precision 1075 scaling 1.400000 only32 0
cpucycles tracesetup 8 default-gettimeofday precision 2440 scaling 1400.000000 only32 0
cpucycles tracesetup 9 default-zero precision 0 scaling 0.000000 only32 0
0,0,0,0,3157
0,0,0,1,2794
0,0,0,2,2800
0,0,0,3,2787
0,0,0,4,2792
0,0,0,5,2812
0,0,0,6,2715
0,0,0,7,2808
0,0,0,8,2756
0,0,0,9,2750
0,0,0,10,2792
0,0,0,11,2788
0,0,0,12,2793
0,0,0,13,2785
0,0,0,14,2844
0,0,0,15,2777
0,0,0,16,2807
0,0,0,17,2897
0,0,0,18,2843
0,0,0,19,2798
0,0,0,20,2782
0,0,0,21,2804
0,0,0,22,2816
0,0,0,23,2806
0,0,0,24,2752
0,0,0,25,2811
0,0,0,26,2803
0,0,0,27,2809
0,0,0,28,2815
0,0,0,29,2802
0,0,0,30,2793
0,0,0,31,2781
0,1,0,0,3567
0,1,0,1,3584
0,1,0,2,3544
0,1,0,3,3563
0,1,0,4,3553
0,1,0,5,3538
0,1,0,6,3598
0,1,0,7,3553
0,1,0,8,3548
0,1,0,9,3555
0,1,0,10,3570
0,1,0,11,3592
0,1,0,12,3500
0,1,0,13,3590
0,1,0,14,3569
0,1,0,15,3592
0,1,0,16,3567
0,1,0,17,3546
0,1,0,18,3589
0,1,0,19,3511
0,1,0,20,3545
0,1,0,21,3552
0,1,0,22,3538
0,1,0,23,3541
0,1,0,24,3535
0,1,0,25,3494
0,1,0,26,3602
0,1,0,27,3587
0,1,0,28,3551
0,1,0,29,3557
0,1,0,30,3550
0,1,0,31,3546
0,2,0,0,4708
0,2,0,1,4565
0,2,0,2,4569
0,2,0,3,4601
0,2,0,4,4578
0,2,0,5,4604
0,2,0,6,4601
0,2,0,7,4582
0,2,0,8,4598
0,2,0,9,4597
0,2,0,10,4636
0,2,0,11,4624
0,2,0,12,4594
0,2,0,13,4604
0,2,0,14,4605
0,2,0,15,4622
0,2,0,16,4595
0,2,0,17,4600
0,2,0,18,4624
0,2,0,19,4554
0,2,0,20,4573
0,2,0,21,4580
0,2,0,22,4549
0,2,0,23,4578
0,2,0,24,4604
0,2,0,25,4578
0,2,0,26,4629
0,2,0,27,4598
0,2,0,28,4570
0,2,0,29,4577
0,2,0,30,4545
0,2,0,31,4585
0,3,0,0,7163
0,3,0,1,7108
0,3,0,2,7224
0,3,0,3,7221
0,3,0,4,7099
0,3,0,5,7146
0,3,0,6,7006
0,3,0,7,7115
0,3,0,8,7108
0,3,0,9,7138
0,3,0,10,7130
0,3,0,11,7025
0,3,0,12,7185
0,3,0,13,7150
0,3,0,14,7117
0,3,0,15,7162
0,3,0,16,7167
0,3,0,17,7148
0,3,0,18,7173
0,3,0,19,7016
0,3,0,20,7167
0,3,0,21,7103
0,3,0,22,7178
0,3,0,23,7106
0,3,0,24,7151
0,3,0,25,7186
0,3,0,26,7116
0,3,0,27,7002
0,3,0,28,7081
0,3,0,29,7100
0,3,0,30,7153
0,3,0,31,7155
0,4,0,0,7844
0,4,0,1,7927
0,4,0,2,7912
0,4,0,3,7893
0,4,0,4,7999
0,4,0,5,7794
0,4,0,6,7891
0,4,0,7,7889
0,4,0,8,7776
0,4,0,9,7776
0,4,0,10,7938
0,4,0,11,7827
0,4,0,12,7893
0,4,0,13,7876
0,4,0,14,7894
0,4,0,15,7891
0,4,0,16,7802
0,4,0,17,7895
0,4,0,18,7867
0,4,0,19,7904
0,4,0,20,7869
0,4,0,21,7731
0,4,0,22,7760
0,4,0,23,7702
0,4,0,24,7785
0,4,0,25,7930
0,4,0,26,7891
0,4,0,27,7847
0,4,0,28,7853
0,4,0,29,7874
0,4,0,30,7900
0,4,0,31,7889
0,5,0,0,8861
0,5,0,1,9013
0,5,0,2,8923
0,5,0,3,8913
0,5,0,4,9048
0,5,0,5,8744
0,5,0,6,8958
0,5,0,7,8891
0,5,0,8,8948
0,5,0,9,8856
0,5,0,10,8913
0,5,0,11,8752
0,5,0,12,8961
0,5,0,13,9027
0,5,0,14,8949
0,5,0,15,8995
0,5,0,16,8959
0,5,0,17,8948
0,5,0,18,8755
0,5,0,19,8929
0,5,0,20,8902
0,5,0,21,8831
0,5,0,22,8898
0,5,0,23,8922
0,5,0,24,8893
0,5,0,25,8912
0,5,0,26,8848
0,5,0,27,8928
0,5,0,28,8958
0,5,0,29,9006
0,5,0,30,8974
0,5,0,31,8894
0,6,0,0,9700
0,6,0,1,9755
0,6,0,2,9591
0,6,0,3,9800
0,6,0,4,9636
0,6,0,5,9613
0,6,0,6,9659
0,6,0,7,9621
0,6,0,8,9719
0,6,0,9,9695
0,6,0,10,9543
0,6,0,11,9665
0,6,0,12,9664
0,6,0,13,11153
0,6,0,14,9661
0,6,0,15,9569
0,6,0,16,9586
0,6,0,17,9740
0,6,0,18,9570
0,6,0,19,9546
0,6,0,20,9597
0,6,0,21,9711
0,6,0,22,10008
0,6,0,23,9801
0,6,0,24,9635
0,6,0,25,9603
0,6,0,26,9594
0,6,0,27,9629
0,6,0,28,9504
0,6,0,29,9603
0,6,0,30,9565
0,6,0,31,9651
0,7,0,0,10578
0,7,0,1,10647
0,7,0,2,10507
0,7,0,3,10679
0,7,0,4,10534
0,7,0,5,10614
0,7,0,6,10563
0,7,0,7,10628
0,7,0,8,10641
0,7,0,9,10661
0,7,0,10,10649
0,7,0,11,10615
0,7,0,12,10590
0,7,0,13,10554
0,7,0,14,10653
0,7,0,15,10566
0,7,0,16,10662
0,7,0,17,10610
0,7,0,18,10619
0,7,0,19,10584
0,7,0,20,10659
0,7,0,21,10611
0,7,0,22,10568
0,7,0,23,10668
0,7,0,24,10593
0,7,0,25,10682
0,7,0,26,10578
0,7,0,27,10560
0,7,0,28,10628
0,7,0,29,10597
0,7,0,30,10492
0,7,0,31,10505
0,8,0,0,21172
0,8,0,1,21277
0,8,0,2,21501
0,8,0,3,21118
0,8,0,4,21173
0,8,0,5,21337
0,8,0,6,21602
0,8,0,7,21247
0,8,0,8,21258
0,8,0,9,21077
0,8,0,10,21293
0,8,0,11,21292
0,8,0,12,21202
0,8,0,13,21276
0,8,0,14,21374
0,8,0,15,21155
0,8,0,16,21234
0,8,0,17,21232
0,8,0,18,21240
0,8,0,19,21171
0,8,0,20,21115
0,8,0,21,21296
0,8,0,22,21355
0,8,0,23,21315
0,8,0,24,21354
0,8,0,25,21164
0,8,0,26,21061
0,8,0,27,21157
0,8,0,28,21526
0,8,0,29,21177
0,8,0,30,21210
0,8,0,31,21541
0,9,0,0,21241
0,9,0,1,21604
0,9,0,2,21596
0,9,0,3,21253
0,9,0,4,21353
0,9,0,5,21227
0,9,0,6,21550
0,9,0,7,21364
0,9,0,8,21533
0,9,0,9,21264
0,9,0,10,21325
0,9,0,11,21507
0,9,0,12,21675
0,9,0,13,21216
0,9,0,14,21324
0,9,0,15,30701
0,9,0,16,21376
0,9,0,17,21698
0,9,0,18,21228
0,9,0,19,22167
0,9,0,20,21525
0,9,0,21,21592
0,9,0,22,21312
0,9,0,23,21559
0,9,0,24,21241
0,9,0,25,21227
0,9,0,26,21633
0,9,0,27,21577
0,9,0,28,21165
0,9,0,29,21457
0,9,0,30,21430
0,9,0,31,21405
1,0,0,0,422
1,0,0,1,374
1,0,0,2,359
1,0,0,3,364
1,0,0,4,361
1,0,0,5,371
1,0,0,6,375
1,0,0,7,384
1,0,0,8,374
1,0,0,9,369
1,0,0,10,365
1,0,0,11,378
1,0,0,12,366
1,0,0,13,368
1,0,0,14,373
1,0,0,15,367
1,0,0,16,361
1,0,0,17,365
1,0,0,18,368
1,0,0,19,362
1,0,0,20,365
1,0,0,21,370
1,0,0,22,367
1,0,0,23,376
1,0,0,24,368
1,0,0,25,355
1,0,0,26,366
1,0,0,27,368
1,0,0,28,361
1,0,0,29,365
1,0,0,30,362
1,0,0,31,361
1,1,0,0,13704
1,1,0,1,13712
1,1,0,2,13689
1,1,0,3,13566
1,1,0,4,13493
1,1,0,5,13734
1,1,0,6,13681
1,1,0,7,13479
1,1,0,8,13756
1,1,0,9,13431
1,1,0,10,13750
1,1,0,11,13721
1,1,0,12,13764
1,1,0,13,13807
1,1,0,14,13674
1,1,0,15,13701
1,1,0,16,13698
1,1,0,17,13700
1,1,0,18,13769
1,1,0,19,13738
1,1,0,20,13684
1,1,0,21,13694
1,1,0,22,13736
1,1,0,23,13690
1,1,0,24,13703
1,1,0,25,13678
1,1,0,26,13743
1,1,0,27,13700
1,1,0,28,13716
1,1,0,29,13696
1,1,0,30,13709
1,1,0,31,13686
1,2,0,0,14445
1,2,0,1,14428
1,2,0,2,14481
1,2,0,3,14456
1,2,0,4,14464
1,2,0,5,14458
1,2,0,6,14478
1,2,0,7,14448
1,2,0,8,14436
1,2,0,9,14433
1,2,0,10,14365
1,2,0,11,14465
1,2,0,12,14447
1,2,0,13,14464
1,2,0,14,14256
1,2,0,15,14566
1,2,0,16,14512
1,2,0,17,14486
1,2,0,18,14467
1,2,0,19,14507
1,2,0,20,14486
1,2,0,21,14379
1,2,0,22,14480
1,2,0,23,14422
1,2,0,24,14404
1,2,0,25,14472
1,2,0,26,14431
1,2,0,27,14481
1,2,0,28,14483
1,2,0,29,14415
1,2,0,30,14422
1,2,0,31,14461
1,3,0,0,14613
1,3,0,1,14687
1,3,0,2,14619
1,3,0,3,14697
1,3,0,4,14624
1,3,0,5,14594
1,3,0,6,14618
1,3,0,7,14660
1,3,0,8,14629
1,3,0,9,14654
1,3,0,10,14737
1,3,0,11,14697
1,3,0,12,31320
1,3,0,13,16024
1,3,0,14,14453
1,3,0,15,14431
1,3,0,16,14668
1,3,0,17,14701
1,3,0,18,14897
1,3,0,19,14515
1,3,0,20,14726
1,3,0,21,14398
1,3,0,22,14651
1,3,0,23,14392
1,3,0,24,14682
1,3,0,25,14884
1,3,0,26,14873
1,3,0,27,14517
1,3,0,28,14670
1,3,0,29,14742
1,3,0,30,14728
1,3,0,31,14413
1,4,0,0,26626
1,4,0,1,26709
1,4,0,2,37414
1,4,0,3,26693
1,4,0,4,26294
1,4,0,5,26496
1,4,0,6,26658
1,4,0,7,26729
1,4,0,8,26615
1,4,0,9,26571
1,4,0,10,26630
1,4,0,11,26514
1,4,0,12,26588
1,4,0,13,26473
1,4,0,14,26466
1,4,0,15,26754
1,4,0,16,26283
1,4,0,17,26635
1,4,0,18,26810
1,4,0,19,26634
1,4,0,20,26494
1,4,0,21,26644
1,4,0,22,26652
1,4,0,23,26633
1,4,0,24,26717
1,4,0,25,26637
1,4,0,26,26592
1,4,0,27,26551
1,4,0,28,26539
1,4,0,29,26723
1,4,0,30,26689
1,4,0,31,26118
1,5,0,0,26800
1,5,0,1,26798
1,5,0,2,26867
1,5,0,3,26919
1,5,0,4,26907
1,5,0,5,26677
1,5,0,6,26726
1,5,0,7,26718
1,5,0,8,26769
1,5,0,9,26801
1,5,0,10,26688
1,5,0,11,26749
1,5,0,12,26832
1,5,0,13,26781
1,5,0,14,26668
1,5,0,15,26704
1,5,0,16,26753
1,5,0,17,26652
1,5,0,18,26791
1,5,0,19,26533
1,5,0,20,27228
1,5,0,21,26770
1,5,0,22,26743
1,5,0,23,26761
1,5,0,24,26875
1,5,0,25,26816
1,5,0,26,26809
1,5,0,27,26734
1,5,0,28,26755
1,5,0,29,26651
1,5,0,30,26538
1,5,0,31,26754
1,6,0,0,27449
1,6,0,1,38234
1,6,0,2,27554
1,6,0,3,27565
1,6,0,4,27428
1,6,0,5,27517
1,6,0,6,27579
1,6,0,7,27516
1,6,0,8,27478
1,6,0,9,27469
1,6,0,10,27561
1,6,0,11,27647
1,6,0,12,27061
1,6,0,13,27089
1,6,0,14,27556
1,6,0,15,27574
1,6,0,16,27526
1,6,0,17,27537
1,6,0,18,27560
1,6,0,19,27603
1,6,0,20,27078
1,6,0,21,27556
1,6,0,22,27509
1,6,0,23,27273
1,6,0,24,27339
1,6,0,25,27509
1,6,0,26,27285
1,6,0,27,27607
1,6,0,28,27502
1,6,0,29,27372
1,6,0,30,27553
1,6,0,31,27342
1,7,0,0,27643
1,7,0,1,28097
1,7,0,2,28187
1,7,0,3,28116
1,7,0,4,27577
1,7,0,5,28035
1,7,0,6,28032
1,7,0,7,28073
1,7,0,8,28028
1,7,0,9,28062
1,7,0,10,28081
1,7,0,11,28117
1,7,0,12,28027
1,7,0,13,28253
1,7,0,14,27754
1,7,0,15,27647
1,7,0,16,27695
1,7,0,17,28036
1,7,0,18,28041
1,7,0,19,28132
1,7,0,20,28172
1,7,0,21,27923
1,7,0,22,28008
1,7,0,23,28033
1,7,0,24,27884
1,7,0,25,28072
1,7,0,26,27769
1,7,0,27,27714
1,7,0,28,27860
1,7,0,29,27825
1,7,0,30,27848
1,7,0,31,27669
1,8,0,0,28092
1,8,0,1,28232
1,8,0,2,28306
1,8,0,3,28373
1,8,0,4,28367
1,8,0,5,28197
1,8,0,6,28213
1,8,0,7,28148
1,8,0,8,28231
1,8,0,9,28307
1,8,0,10,28299
1,8,0,11,28392
1,8,0,12,28305
1,8,0,13,28139
1,8,0,14,28026
1,8,0,15,27743
1,8,0,16,28343
1,8,0,17,28430
1,8,0,18,27750
1,8,0,19,28166
1,8,0,20,28029
1,8,0,21,28241
1,8,0,22,28408
1,8,0,23,28188
1,8,0,24,28202
1,8,0,25,28061
1,8,0,26,28176
1,8,0,27,28131
1,8,0,28,28033
1,8,0,29,28381
1,8,0,30,27930
1,8,0,31,28331
1,9,0,0,28316
1,9,0,1,28328
1,9,0,2,28390
1,9,0,3,28327
1,9,0,4,28432
1,9,0,5,28434
1,9,0,6,29039
1,9,0,7,28046
1,9,0,8,27993
1,9,0,9,28283
1,9,0,10,28115
1,9,0,11,28110
1,9,0,12,28327
1,9,0,13,28114
1,9,0,14,28261
1,9,0,15,28099
1,9,0,16,27867
1,9,0,17,28112
1,9,0,18,27872
1,9,0,19,28000
1,9,0,20,28282
1,9,0,21,27988
1,9,0,22,28093
1,9,0,23,28150
1,9,0,24,28201
1,9,0,25,28022
1,9,0,26,28086
1,9,0,27,27971
1,9,0,28,28094
1,9,0,29,27935
1,9,0,30,28175
1,9,0,31,28312
2,0,0,0,755
2,0,0,1,673
2,0,0,2,669
2,0,0,3,647
2,0,0,4,656
2,0,0,5,661
2,0,0,6,649
2,0,0,7,668
2,0,0,8,656
2,0,0,9,665
2,0,0,10,683
2,0,0,11,697
2,0,0,12,673
2,0,0,13,702
2,0,0,14,660
2,0,0,15,672
2,0,0,16,691
2,0,0,17,670
2,0,0,18,670
2,0,0,19,651
2,0,0,20,667
2,0,0,21,657
2,0,0,22,653
2,0,0,23,671
2,0,0,24,668
2,0,0,25,654
2,0,0,26,681
2,0,0,27,683
2,0,0,28,677
2,0,0,29,677
2,0,0,30,673
2,0,0,31,653
2,1,0,0,1096
2,1,0,1,1086
2,1,0,2,1094
2,1,0,3,1101
2,1,0,4,1077
2,1,0,5,1088
2,1,0,6,1092
2,1,0,7,1122
2,1,0,8,1077
2,1,0,9,1102
2,1,0,10,1086
2,1,0,11,1098
2,1,0,12,1090
2,1,0,13,1094
2,1,0,14,1092
2,1,0,15,1108
2,1,0,16,1096
2,1,0,17,1095
2,1,0,18,1098
2,1,0,19,1093
2,1,0,20,1079
2,1,0,21,1108
2,1,0,22,1102
2,1,0,23,1101
2,1,0,24,1084
2,1,0,25,1098
2,1,0,26,1071
2,1,0,27,1078
2,1,0,28,1098
2,1,0,29,1086
2,1,0,30,1074
2,1,0,31,1085
2,2,0,0,2049
2,2,0,1,2034
2,2,0,2,2048
2,2,0,3,2036
2,2,0,4,2050
2,2,0,5,2046
2,2,0,6,2053
2,2,0,7,2055
2,2,0,8,2049
2,2,0,9,2044
2,2,0,10,2041
2,2,0,11,2043
2,2,0,12,2076
2,2,0,13,2065
2,2,0,14,2050
2,2,0,15,2072
2,2,0,16,2047
2,2,0,17,2010
2,2,0,18,2041
2,2,0,19,2036
2,2,0,20,2061
2,2,0,21,2023
2,2,0,22,2068
2,2,0,23,2066
2,2,0,24,2019
2,2,0,25,2054
2,2,0,26,2033
2,2,0,27,2025
2,2,0,28,2044
2,2,0,29,2048
2,2,0,30,2047
2,2,0,31,2052
2,3,0,0,2890
2,3,0,1,2903
2,3,0,2,2893
2,3,0,3,2860
2,3,0,4,2874
2,3,0,5,2885
2,3,0,6,2897
2,3,0,7,2864
2,3,0,8,2889
2,3,0,9,2864
2,3,0,10,2893
2,3,0,11,2922
2,3,0,12,2852
2,3,0,13,2856
2,3,0,14,2868
2,3,0,15,2878
2,3,0,16,2889
2,3,0,17,2893
2,3,0,18,2899
2,3,0,19,2876
2,3,0,20,2906
2,3,0,21,2913
2,3,0,22,2930
2,3,0,23,2895
2,3,0,24,2889
2,3,0,25,2870
2,3,0,26,2883
2,3,0,27,2865
2,3,0,28,2882
2,3,0,29,2887
2,3,0,30,2886
2,3,0,31,2921
2,4,0,0,3403
2,4,0,1,3381
2,4,0,2,3426
2,4,0,3,3414
2,4,0,4,3381
2,4,0,5,3420
2,4,0,6,3427
2,4,0,7,3399
2,4,0,8,3413
2,4,0,9,3399
2,4,0,10,3392
2,4,0,11,3452
2,4,0,12,3418
2,4,0,13,3428
2,4,0,14,3406
2,4,0,15,3435
2,4,0,16,3452
2,4,0,17,3410
2,4,0,18,3436
2,4,0,19,3424
2,4,0,20,3415
2,4,0,21,3385
2,4,0,22,3410
2,4,0,23,3438
2,4,0,24,3416
2,4,0,25,3394
2,4,0,26,3408
2,4,0,27,3414
2,4,0,28,3407
2,4,0,29,3413
2,4,0,30,3410
2,4,0,31,3393
2,5,0,0,3676
2,5,0,1,3625
2,5,0,2,3656
2,5,0,3,3619
2,5,0,4,3624
2,5,0,5,3638
2,5,0,6,3676
2,5,0,7,3602
2,5,0,8,3617
2,5,0,9,3623
2,5,0,10,3649
2,5,0,11,3614
2,5,0,12,3618
2,5,0,13,3624
2,5,0,14,3662
2,5,0,15,3643
2,5,0,16,3637
2,5,0,17,3619
2,5,0,18,3627
2,5,0,19,3606
2,5,0,20,3599
2,5,0,21,3650
2,5,0,22,3629
2,5,0,23,3632
2,5,0,24,3623
2,5,0,25,3654
2,5,0,26,3651
2,5,0,27,3620
2,5,0,28,3626
2,5,0,29,3639
2,5,0,30,3631
2,5,0,31,3636
2,6,0,0,15497
2,6,0,1,15455
2,6,0,2,15420
2,6,0,3,15382
2,6,0,4,15431
2,6,0,5,15569
2,6,0,6,16043
2,6,0,7,15500
2,6,0,8,15603
2,6,0,9,15430
2,6,0,10,15535
2,6,0,11,15397
2,6,0,12,15504
2,6,0,13,15594
2,6,0,14,15640
2,6,0,15,15985
2,6,0,16,15632
2,6,0,17,15804
2,6,0,18,15603
2,6,0,19,15412
2,6,0,20,15364
2,6,0,21,15365
2,6,0,22,15361
2,6,0,23,15429
2,6,0,24,15382
2,6,0,25,15429
2,6,0,26,15367
2,6,0,27,15497
2,6,0,28,15638
2,6,0,29,15462
2,6,0,30,15393
2,6,0,31,15449
2,7,0,0,15890
2,7,0,1,15601
2,7,0,2,15768
2,7,0,3,15789
2,7,0,4,15723
2,7,0,5,15788
2,7,0,6,15862
2,7,0,7,15847
2,7,0,8,15720
2,7,0,9,15824
2,7,0,10,15517
2,7,0,11,15593
2,7,0,12,15504
2,7,0,13,15571
2,7,0,14,15765
2,7,0,15,15752
2,7,0,16,15759
2,7,0,17,15764
2,7,0,18,15719
2,7,0,19,15554
2,7,0,20,15766
2,7,0,21,15539
2,7,0,22,15592
2,7,0,23,15588
2,7,0,24,15594
2,7,0,25,15507
2,7,0,26,15564
2,7,0,27,15517
2,7,0,28,15622
2,7,0,29,15481
2,7,0,30,15476
2,7,0,31,15517
2,8,0,0,18089
2,8,0,1,18230
2,8,0,2,18311
2,8,0,3,18250
2,8,0,4,18030
2,8,0,5,18227
2,8,0,6,18203
2,8,0,7,18296
2,8,0,8,18244
2,8,0,9,18206
2,8,0,10,18262
2,8,0,11,18208
2,8,0,12,18310
2,8,0,13,18032
2,8,0,14,18220
2,8,0,15,17983
2,8,0,16,18028
2,8,0,17,18072
2,8,0,18,18000
2,8,0,19,17991
2,8,0,20,18203
2,8,0,21,18085
2,8,0,22,18022
2,8,0,23,18208
2,8,0,24,18239
2,8,0,25,18036
2,8,0,26,17929
2,8,0,27,18248
2,8,0,28,18214
2,8,0,29,18010
2,8,0,30,18039
2,8,0,31,18088
2,9,0,0,19002
2,9,0,1,19144
2,9,0,2,19074
2,9,0,3,18941
2,9,0,4,19228
2,9,0,5,19019
2,9,0,6,19179
2,9,0,7,19174
2,9,0,8,19131
2,9,0,9,19040
2,9,0,10,19155
2,9,0,11,19092
2,9,0,12,19139
2,9,0,13,19139
2,9,0,14,19118
2,9,0,15,18792
2,9,0,16,18915
2,9,0,17,19167
2,9,0,18,19113
2,9,0,19,19051
2,9,0,20,19141
2,9,0,21,19097
2,9,0,22,18793
2,9,0,23,19150
2,9,0,24,19131
2,9,0,25,19086
2,9,0,26,19105
2,9,0,27,19134
2,9,0,28,19126
2,9,0,29,19162
2,9,0,30,18937
2,9,0,31,18993
2,10,0,0,19894
2,10,0,1,19850
2,10,0,2,19843
2,10,0,3,19870
2,10,0,4,19823
2,10,0,5,19805
2,10,0,6,19777
2,10,0,7,19612
2,10,0,8,19776
2,10,0,9,19739
2,10,0,10,19509
2,10,0,11,19852
2,10,0,12,19567
2,10,0,13,19541
2,10,0,14,19522
2,10,0,15,19568
2,10,0,16,19485
2,10,0,17,19587
2,10,0,18,19548
2,10,0,19,19837
2,10,0,20,19756
2,10,0,21,19532
2,10,0,22,19525
2,10,0,23,19669
2,10,0,24,19528
2,10,0,25,19778
2,10,0,26,19688
2,10,0,27,19646
2,10,0,28,19601
2,10,0,29,19847
2,10,0,30,19543
2,10,0,31,19856
0,9,1,0,21339
0,9,1,1,21531
0,9,1,2,21634
0,9,1,3,21550
0,9,1,4,21217
0,9,1,5,21461
0,9,1,6,21511
0,9,1,7,21496
0,9,1,8,21368
0,9,1,9,21322
0,9,1,10,21206
0,9,1,11,21375
0,9,1,12,21213
0,9,1,13,21482
0,9,1,14,21346
0,9,1,15,21404
0,9,1,16,21369
0,9,1,17,21387
0,9,1,18,21588
0,9,1,19,21450
0,9,1,20,21228
0,9,1,21,21331
0,9,1,22,21836
0,9,1,23,21429
0,9,1,24,21625
0,9,1,25,21252
0,9,1,26,21268
0,9,1,27,21388
0,9,1,28,21224
0,9,1,29,21293
0,9,1,30,21406
0,9,1,31,21247
0,8,1,0,21119
0,8,1,1,21171
0,8,1,2,21213
0,8,1,3,21207
0,8,1,4,21383
0,8,1,5,21237
0,8,1,6,21349
0,8,1,7,21223
0,8,1,8,21235
0,8,1,9,21145
0,8,1,10,21420
0,8,1,11,21288
0,8,1,12,21085
0,8,1,13,21417
0,8,1,14,21015
0,8,1,15,21234
0,8,1,16,21369
0,8,1,17,21374
0,8,1,18,21170
0,8,1,19,21090
0,8,1,20,21363
0,8,1,21,21110
0,8,1,22,21324
0,8,1,23,21382
0,8,1,24,21160
0,8,1,25,21102
0,8,1,26,21295
0,8,1,27,21308
0,8,1,28,21437
0,8,1,29,21216
0,8,1,30,21265
0,8,1,31,21101
0,7,1,0,10604
0,7,1,1,10627
0,7,1,2,10622
0,7,1,3,10648
0,7,1,4,10564
0,7,1,5,10516
0,7,1,6,10586
0,7,1,7,10679
0,7,1,8,10577
0,7,1,9,10641
0,7,1,10,10695
0,7,1,11,10634
0,7,1,12,10593
0,7,1,13,10627
0,7,1,14,10633
0,7,1,15,10630
0,7,1,16,10617
0,7,1,17,10741
0,7,1,18,10580
0,7,1,19,10609
0,7,1,20,10652
0,7,1,21,10780
0,7,1,22,10493
0,7,1,23,10594
0,7,1,24,10657
0,7,1,25,10588
0,7,1,26,10631
0,7,1,27,10670
0,7,1,28,10659
0,7,1,29,10580
0,7,1,30,10632
0,7,1,31,10595
0,6,1,0,9641
0,6,1,1,9729
0,6,1,2,9650
0,6,1,3,9581
0,6,1,4,9703
0,6,1,5,9576
0,6,1,6,9564
0,6,1,7,9675
0,6,1,8,9730
0,6,1,9,9617
0,6,1,10,9634
0,6,1,11,9655
0,6,1,12,9655
0,6,1,13,9525
0,6,1,14,9705
0,6,1,15,9573
0,6,1,16,9690
0,6,1,17,9646
0,6,1,18,9699
0,6,1,19,9723
0,6,1,20,9621
0,6,1,21,9645
0,6,1,22,9644
0,6,1,23,9641
0,6,1,24,9656
0,6,1,25,9662
0,6,1,26,9760
0,6,1,27,9765
0,6,1,28,9690
0,6,1,29,9650
0,6,1,30,9692
0,6,1,31,9670
0,5,1,0,8855
0,5,1,1,8860
0,5,1,2,8980
0,5,1,3,8948
0,5,1,4,8878
0,5,1,5,8950
0,5,1,6,8911
0,5,1,7,8995
0,5,1,8,8946
0,5,1,9,8907
0,5,1,10,8994
0,5,1,11,8891
0,5,1,12,9053
0,5,1,13,8942
0,5,1,14,9003
0,5,1,15,8928
0,5,1,16,8946
0,5,1,17,8892
0,5,1,18,8896
0,5,1,19,8942
0,5,1,20,8859
0,5,1,21,8942
0,5,1,22,8845
0,5,1,23,8897
0,5,1,24,8833
0,5,1,25,8932
0,5,1,26,8977
0,5,1,27,8950
0,5,1,28,8950
0,5,1,29,8897
0,5,1,30,8919
0,5,1,31,8882
0,4,1,0,7686
0,4,1,1,7888
0,4,1,2,7844
0,4,1,3,7870
0,4,1,4,8010
0,4,1,5,7818
0,4,1,6,7848
0,4,1,7,7907
0,4,1,8,7833
0,4,1,9,7847
0,4,1,10,7924
0,4,1,11,7826
0,4,1,12,7942
0,4,1,13,7773
0,4,1,14,7880
0,4,1,15,7860
0,4,1,16,7887
0,4,1,17,7786
0,4,1,18,7897
0,4,1,19,7903
0,4,1,20,7925
0,4,1,21,7862
0,4,1,22,7924
0,4,1,23,7907
0,4,1,24,7767
0,4,1,25,7822
0,4,1,26,7849
0,4,1,27,7781
0,4,1,28,7880
0,4,1,29,7902
0,4,1,30,7850
0,4,1,31,7807
0,3,1,0,7178
0,3,1,1,18189
0,3,1,2,7143
0,3,1,3,7130
0,3,1,4,7075
0,3,1,5,7155
0,3,1,6,7104
0,3,1,7,7159
0,3,1,8,7077
0,3,1,9,7205
0,3,1,10,7057
0,3,1,11,7138
0,3,1,12,7175
0,3,1,13,7089
0,3,1,14,7054
0,3,1,15,7064
0,3,1,16,7146
0,3,1,17,7123
0,3,1,18,7127
0,3,1,19,7178
0,3,1,20,7143
0,3,1,21,7128
0,3,1,22,7036
0,3,1,23,7124
0,3,1,24,7165
0,3,1,25,7013
0,3,1,26,6971
0,3,1,27,7132
0,3,1,28,7273
0,3,1,29,7134
0,3,1,30,7145
0,3,1,31,7164
0,2,1,0,4501
0,2,1,1,4547
0,2,1,2,4600
0,2,1,3,4598
0,2,1,4,4549
0,2,1,5,4605
0,2,1,6,4616
0,2,1,7,4535
0,2,1,8,4593
0,2,1,9,4612
0,2,1,10,4596
0,2,1,11,4597
0,2,1,12,4608
0,2,1,13,4604
0,2,1,14,4623
0,2,1,15,4618
0,2,1,16,4597
0,2,1,17,4570
0,2,1,18,4616
0,2,1,19,4617
0,2,1,20,4589
0,2,1,21,4569
0,2,1,22,4579
0,2,1,23,4576
0,2,1,24,4645
0,2,1,25,4563
0,2,1,26,4582
0,2,1,27,4567
0,2,1,28,4609
0,2,1,29,4605
0,2,1,30,4590
0,2,1,31,4610
0,1,1,0,3554
0,1,1,1,3574
0,1,1,2,3571
0,1,1,3,3519
0,1,1,4,3563
0,1,1,5,3482
0,1,1,6,3531
0,1,1,7,3524
0,1,1,8,3524
0,1,1,9,3522
0,1,1,10,3552
0,1,1,11,3519
0,1,1,12,3547
0,1,1,13,3543
0,1,1,14,3551
0,1,1,15,3571
0,1,1,16,3563
0,1,1,17,3561
0,1,1,18,3529
0,1,1,19,3595
0,1,1,20,3513
0,1,1,21,3524
0,1,1,22,3565
0,1,1,23,3552
0,1,1,24,3550
0,1,1,25,3537
0,1,1,26,3555
0,1,1,27,3546
0,1,1,28,3528
0,1,1,29,3544
0,1,1,30,3538
0,1,1,31,3504
0,0,1,0,2784
0,0,1,1,2816
0,0,1,2,2788
0,0,1,3,2795
0,0,1,4,2808
0,0,1,5,2810
0,0,1,6,2776
0,0,1,7,2769
0,0,1,8,2767
0,0,1,9,2817
0,0,1,10,2796
0,0,1,11,2807
0,0,1,12,2788
0,0,1,13,2777
0,0,1,14,2772
0,0,1,15,2798
0,0,1,16,2801
0,0,1,17,2826
0,0,1,18,2799
0,0,1,19,2822
0,0,1,20,2802
0,0,1,21,2794
0,0,1,22,2798
0,0,1,23,2787
0,0,1,24,2770
0,0,1,25,2793
0,0,1,26,2779
0,0,1,27,2794
0,0,1,28,2782
0,0,1,29,2798
0,0,1,30,2788
0,0,1,31,2873
1,9,1,0,28363
1,9,1,1,28323
1,9,1,2,28370
1,9,1,3,28825
1,9,1,4,27920
1,9,1,5,28350
1,9,1,6,28027
1,9,1,7,27901
1,9,1,8,28105
1,9,1,9,28125
1,9,1,10,28123
1,9,1,11,28418
1,9,1,12,27915
1,9,1,13,27897
1,9,1,14,28378
1,9,1,15,28344
1,9,1,16,28091
1,9,1,17,28071
1,9,1,18,27900
1,9,1,19,28457
1,9,1,20,28438
1,9,1,21,27966
1,9,1,22,28469
1,9,1,23,28295
1,9,1,24,28390
1,9,1,25,28344
1,9,1,26,28334
1,9,1,27,28471
1,9,1,28,28400
1,9,1,29,28408
1,9,1,30,28288
1,9,1,31,28333
1,8,1,0,28235
1,8,1,1,28253
1,8,1,2,27944
1,8,1,3,28355
1,8,1,4,28287
1,8,1,5,28361
1,8,1,6,28327
1,8,1,7,28442
1,8,1,8,28283
1,8,1,9,28363
1,8,1,10,28328
1,8,1,11,28384
1,8,1,12,28284
1,8,1,13,28245
1,8,1,14,28283
1,8,1,15,28275
1,8,1,16,28251
1,8,1,17,27774
1,8,1,18,28099
1,8,1,19,28359
1,8,1,20,28425
1,8,1,21,27857
1,8,1,22,28334
1,8,1,23,28077
1,8,1,24,28365
1,8,1,25,28272
1,8,1,26,28309
1,8,1,27,28426
1,8,1,28,28277
1,8,1,29,27989
1,8,1,30,27992
1,8,1,31,27770
1,7,1,0,28103
1,7,1,1,27687
1,7,1,2,27782
1,7,1,3,28233
1,7,1,4,27582
1,7,1,5,28128
1,7,1,6,28024
1,7,1,7,28117
1,7,1,8,28098
1,7,1,9,29852
1,7,1,10,27957
1,7,1,11,27677
1,7,1,12,28175
1,7,1,13,28077
1,7,1,14,27906
1,7,1,15,28060
1,7,1,16,27795
1,7,1,17,28079
1,7,1,18,37393
1,7,1,19,28015
1,7,1,20,28066
1,7,1,21,28010
1,7,1,22,27976
1,7,1,23,27540
1,7,1,24,28121
1,7,1,25,27739
1,7,1,26,39365
1,7,1,27,29466
1,7,1,28,30253
1,7,1,29,28444
1,7,1,30,28104
1,7,1,31,27582
1,6,1,0,27593
1,6,1,1,27402
1,6,1,2,44969
1,6,1,3,27199
1,6,1,4,28247
1,6,1,5,27658
1,6,1,6,27496
1,6,1,7,27014
1,6,1,8,27610
1,6,1,9,27504
1,6,1,10,27467
1,6,1,11,27458
1,6,1,12,40084
1,6,1,13,27662
1,6,1,14,27104
1,6,1,15,27432
1,6,1,16,27549
1,6,1,17,27585
1,6,1,18,27534
1,6,1,19,27628
1,6,1,20,27612
1,6,1,21,27041
1,6,1,22,27264
1,6,1,23,27525
1,6,1,24,28056
1,6,1,25,27546
1,6,1,26,27517
1,6,1,27,27472
1,6,1,28,27309
1,6,1,29,27343
1,6,1,30,27327
1,6,1,31,27218
1,5,1,0,26595
1,5,1,1,26789
1,5,1,2,26647
1,5,1,3,26824
1,5,1,4,26787
1,5,1,5,26700
1,5,1,6,26723
1,5,1,7,26708
1,5,1,8,26752
1,5,1,9,26856
1,5,1,10,26753
1,5,1,11,26805
1,5,1,12,26903
1,5,1,13,26884
1,5,1,14,26812
1,5,1,15,26835
1,5,1,16,26656
1,5,1,17,26717
1,5,1,18,26804
1,5,1,19,26757
1,5,1,20,26796
1,5,1,21,26343
1,5,1,22,26697
1,5,1,23,26818
1,5,1,24,26807
1,5,1,25,26876
1,5,1,26,26806
1,5,1,27,26862
1,5,1,28,26803
1,5,1,29,26818
1,5,1,30,26806
1,5,1,31,26704
1,4,1,0,26262
1,4,1,1,26657
1,4,1,2,26670
1,4,1,3,26731
1,4,1,4,26685
1,4,1,5,26670
1,4,1,6,26636
1,4,1,7,26609
1,4,1,8,26565
1,4,1,9,26660
1,4,1,10,26300
1,4,1,11,26546
1,4,1,12,26635
1,4,1,13,26621
1,4,1,14,26529
1,4,1,15,26604
1,4,1,16,26678
1,4,1,17,26595
1,4,1,18,26645
1,4,1,19,26693
1,4,1,20,26666
1,4,1,21,27057
1,4,1,22,26671
1,4,1,23,26563
1,4,1,24,26376
1,4,1,25,26662
1,4,1,26,26256
1,4,1,27,26177
1,4,1,28,26273
1,4,1,29,26243
1,4,1,30,26319
1,4,1,31,26307
1,3,1,0,14580
1,3,1,1,14589
1,3,1,2,14652
1,3,1,3,14733
1,3,1,4,14647
1,3,1,5,14435
1,3,1,6,14632
1,3,1,7,14666
1,3,1,8,14730
1,3,1,9,14694
1,3,1,10,14678
1,3,1,11,14735
1,3,1,12,14694
1,3,1,13,14710
1,3,1,14,14709
1,3,1,15,14567
1,3,1,16,14679
1,3,1,17,14728
1,3,1,18,14679
1,3,1,19,14518
1,3,1,20,14724
1,3,1,21,14778
1,3,1,22,14664
1,3,1,23,14638
1,3,1,24,14720
1,3,1,25,14702
1,3,1,26,14776
1,3,1,27,14666
1,3,1,28,14723
1,3,1,29,14717
1,3,1,30,14431
1,3,1,31,14617
1,2,1,0,14231
1,2,1,1,14518
1,2,1,2,14414
1,2,1,3,14476
1,2,1,4,14514
1,2,1,5,14503
1,2,1,6,14488
1,2,1,7,14450
1,2,1,8,14470
1,2,1,9,14508
1,2,1,10,14509
1,2,1,11,14604
1,2,1,12,14483
1,2,1,13,14499
1,2,1,14,14466
1,2,1,15,14490
1,2,1,16,14412
1,2,1,17,14452
1,2,1,18,14473
1,2,1,19,14520
1,2,1,20,14549
1,2,1,21,14492
1,2,1,22,14480
1,2,1,23,14236
1,2,1,24,14494
1,2,1,25,14226
1,2,1,26,14435
1,2,1,27,14163
1,2,1,28,14466
1,2,1,29,14401
1,2,1,30,14394
1,2,1,31,14465
1,1,1,0,13686
1,1,1,1,13690
1,1,1,2,13707
1,1,1,3,13699
1,1,1,4,13716
1,1,1,5,13691
1,1,1,6,13659
1,1,1,7,13785
1,1,1,8,13476
1,1,1,9,13688
1,1,1,10,13725
1,1,1,11,13751
1,1,1,12,13639
1,1,1,13,13668
1,1,1,14,13670
1,1,1,15,13771
1,1,1,16,13672
1,1,1,17,13726
1,1,1,18,13718
1,1,1,19,13722
1,1,1,20,13557
1,1,1,21,13704
1,1,1,22,13481
1,1,1,23,13731
1,1,1,24,13670
1,1,1,25,13728
1,1,1,26,13881
1,1,1,27,13628
1,1,1,28,13416
1,1,1,29,13500
1,1,1,30,13402
1,1,1,31,13499
1,0,1,0,366
1,0,1,1,352
1,0,1,2,366
1,0,1,3,377
1,0,1,4,377
1,0,1,5,376
1,0,1,6,362
1,0,1,7,370
1,0,1,8,364
1,0,1,9,367
1,0,1,10,375
1,0,1,11,365
1,0,1,12,369
1,0,1,13,363
1,0,1,14,360
1,0,1,15,371
1,0,1,16,358
1,0,1,17,356
1,0,1,18,368
1,0,1,19,363
1,0,1,20,369
1,0,1,21,373
1,0,1,22,364
1,0,1,23,369
1,0,1,24,372
1,0,1,25,361
1,0,1,26,363
1,0,1,27,364
1,0,1,28,365
1,0,1,29,360
1,0,1,30,370
1,0,1,31,371
2,10,1,0,19871
2,10,1,1,19676
2,10,1,2,19632
2,10,1,3,19737
2,10,1,4,19610
2,10,1,5,19561
2,10,1,6,19543
2,10,1,7,19559
2,10,1,8,19791
2,10,1,9,19600
2,10,1,10,19537
2,10,1,11,19799
2,10,1,12,19493
2,10,1,13,19528
2,10,1,14,19510
2,10,1,15,19554
2,10,1,16,19620
2,10,1,17,19821
2,10,1,18,19824
2,10,1,19,19785
2,10,1,20,19718
2,10,1,21,19920
2,10,1,22,19642
2,10,1,23,19634
2,10,1,24,19751
2,10,1,25,19561
2,10,1,26,19637
2,10,1,27,19560
2,10,1,28,19595
2,10,1,29,19488
2,10,1,30,19568
2,10,1,31,19540
2,9,1,0,19059
2,9,1,1,19252
2,9,1,2,18912
2,9,1,3,19011
2,9,1,4,19105
2,9,1,5,19175
2,9,1,6,19157
2,9,1,7,18939
2,9,1,8,19037
2,9,1,9,18858
2,9,1,10,18851
2,9,1,11,18862
2,9,1,12,18887
2,9,1,13,19238
2,9,1,14,19107
2,9,1,15,18896
2,9,1,16,19087
2,9,1,17,19164
2,9,1,18,18832
2,9,1,19,18837
2,9,1,20,18845
2,9,1,21,18819
2,9,1,22,19114
2,9,1,23,19040
2,9,1,24,18862
2,9,1,25,18783
2,9,1,26,19090
2,9,1,27,19089
2,9,1,28,19005
2,9,1,29,18829
2,9,1,30,19060
2,9,1,31,18877
2,8,1,0,18046
2,8,1,1,17995
2,8,1,2,18097
2,8,1,3,18217
2,8,1,4,18244
2,8,1,5,18031
2,8,1,6,18303
2,8,1,7,18000
2,8,1,8,18781
2,8,1,9,18254
2,8,1,10,18287
2,8,1,11,18195
2,8,1,12,18237
2,8,1,13,17971
2,8,1,14,18256
2,8,1,15,17954
2,8,1,16,18003
2,8,1,17,18091
2,8,1,18,18268
2,8,1,19,18216
2,8,1,20,18281
2,8,1,21,18218
2,8,1,22,18152
2,8,1,23,18247
2,8,1,24,18294
2,8,1,25,18295
2,8,1,26,17948
2,8,1,27,17993
2,8,1,28,18042
2,8,1,29,18187
2,8,1,30,18112
2,8,1,31,18005
2,7,1,0,15921
2,7,1,1,15618
2,7,1,2,15617
2,7,1,3,15545
2,7,1,4,15571
2,7,1,5,15582
2,7,1,6,15606
2,7,1,7,15575
2,7,1,8,15555
2,7,1,9,15584
2,7,1,10,15788
2,7,1,11,15555
2,7,1,12,15799
2,7,1,13,15600
2,7,1,14,15570
2,7,1,15,15572
2,7,1,16,15544
2,7,1,17,15811
2,7,1,18,15509
2,7,1,19,15783
2,7,1,20,15820
2,7,1,21,15558
2,7,1,22,15786
2,7,1,23,15556
2,7,1,24,15753
2,7,1,25,15574
2,7,1,26,15565
2,7,1,27,15601
2,7,1,28,15497
2,7,1,29,15514
2,7,1,30,15606
2,7,1,31,15607
2,6,1,0,15531
2,6,1,1,15592
2,6,1,2,15437
2,6,1,3,15541
2,6,1,4,15653
2,6,1,5,15620
2,6,1,6,15436
2,6,1,7,15454
2,6,1,8,15532
2,6,1,9,15340
2,6,1,10,15690
2,6,1,11,15328
2,6,1,12,15352
2,6,1,13,15441
2,6,1,14,15421
2,6,1,15,15479
2,6,1,16,15413
2,6,1,17,15400
2,6,1,18,15565
2,6,1,19,15522
2,6,1,20,15423
2,6,1,21,15361
2,6,1,22,15419
2,6,1,23,15380
2,6,1,24,15432
2,6,1,25,15436
2,6,1,26,15439
2,6,1,27,15473
2,6,1,28,15501
2,6,1,29,15481
2,6,1,30,15508
2,6,1,31,15391
2,5,1,0,3628
2,5,1,1,3636
2,5,1,2,3628
2,5,1,3,3613
2,5,1,4,3601
2,5,1,5,3623
2,5,1,6,3646
2,5,1,7,3704
2,5,1,8,3613
2,5,1,9,3619
2,5,1,10,3640
2,5,1,11,3635
2,5,1,12,3623
2,5,1,13,3608
2,5,1,14,3623
2,5,1,15,3668
2,5,1,16,3655
2,5,1,17,3631
2,5,1,18,3648
2,5,1,19,3602
2,5,1,20,3613
2,5,1,21,3631
2,5,1,22,3626
2,5,1,23,3666
2,5,1,24,3603
2,5,1,25,3643
2,5,1,26,3622
2,5,1,27,3614
2,5,1,28,3644
2,5,1,29,3631
2,5,1,30,3637
2,5,1,31,3671
2,4,1,0,3393
2,4,1,1,3420
2,4,1,2,3459
2,4,1,3,3456
2,4,1,4,3420
2,4,1,5,3413
2,4,1,6,3411
2,4,1,7,3420
2,4,1,8,3390
2,4,1,9,3387
2,4,1,10,3421
2,4,1,11,3466
2,4,1,12,3385
2,4,1,13,3423
2,4,1,14,3430
2,4,1,15,3397
2,4,1,16,3453
2,4,1,17,3397
2,4,1,18,3426
2,4,1,19,3445
2,4,1,20,3414
2,4,1,21,3415
2,4,1,22,3411
2,4,1,23,3430
2,4,1,24,3417
2,4,1,25,3417
2,4,1,26,3403
2,4,1,27,3431
2,4,1,28,3424
2,4,1,29,3415
2,4,1,30,3405
2,4,1,31,3429
2,3,1,0,2903
2,3,1,1,2849
2,3,1,2,2939
2,3,1,3,2906
2,3,1,4,2864
2,3,1,5,2887
2,3,1,6,2909
2,3,1,7,2867
2,3,1,8,2892
2,3,1,9,2887
2,3,1,10,2912
2,3,1,11,2875
2,3,1,12,2898
2,3,1,13,2868
2,3,1,14,2884
2,3,1,15,2883
2,3,1,16,2904
2,3,1,17,2882
2,3,1,18,2909
2,3,1,19,2921
2,3,1,20,2889
2,3,1,21,2859
2,3,1,22,2884
2,3,1,23,2865
2,3,1,24,2862
2,3,1,25,2865
2,3,1,26,2890
2,3,1,27,2904
2,3,1,28,2894
2,3,1,29,2896
2,3,1,30,2890
2,3,1,31,2875
2,2,1,0,2018
2,2,1,1,2036
2,2,1,2,2077
2,2,1,3,2067
2,2,1,4,2041
2,2,1,5,2057
2,2,1,6,2048
2,2,1,7,2055
2,2,1,8,2038
2,2,1,9,2047
2,2,1,10,2038
2,2,1,11,2025
2,2,1,12,2076
2,2,1,13,2045
2,2,1,14,2010
2,2,1,15,2029
2,2,1,16,2096
2,2,1,17,2029
2,2,1,18,2069
2,2,1,19,2044
2,2,1,20,2062
2,2,1,21,2061
2,2,1,22,2054
2,2,1,23,2058
2,2,1,24,2038
2,2,1,25,2061
2,2,1,26,2051
2,2,1,27,2035
2,2,1,28,2030
2,2,1,29,2037
2,2,1,30,2022
2,2,1,31,2034
2,1,1,0,1083
2,1,1,1,1099
2,1,1,2,1091
2,1,1,3,1074
2,1,1,4,1090
2,1,1,5,1108
2,1,1,6,1077
2,1,1,7,1101
2,1,1,8,1100
2,1,1,9,1085
2,1,1,10,1093
2,1,1,11,1070
2,1,1,12,1081
2,1,1,13,1068
2,1,1,14,1095
2,1,1,15,1087
2,1,1,16,1107
2,1,1,17,1086
2,1,1,18,1103
2,1,1,19,1080
2,1,1,20,1091
2,1,1,21,1082
2,1,1,22,1105
2,1,1,23,1101
2,1,1,24,1079
2,1,1,25,1086
2,1,1,26,1072
2,1,1,27,1089
2,1,1,28,1070
2,1,1,29,1093
2,1,1,30,1093
2,1,1,31,1087
2,0,1,0,653
2,0,1,1,661
2,0,1,2,674
2,0,1,3,657
2,0,1,4,666
2,0,1,5,667
2,0,1,6,672
2,0,1,7,681
2,0,1,8,684
2,0,1,9,660
2,0,1,10,657
2,0,1,11,685
2,0,1,12,654
2,0,1,13,664
2,0,1,14,679
2,0,1,15,661
2,0,1,16,692
2,0,1,17,660
2,0,1,18,675
2,0,1,19,665
2,0,1,20,653
2,0,1,21,663
2,0,1,22,649
2,0,1,23,666
2,0,1,24,669
2,0,1,25,672
2,0,1,26,670
2,0,1,27,660
2,0,1,28,662
2,0,1,29,668
2,0,1,30,677
2,0,1,31,677
0,0,2,0,2791
0,0,2,1,2812
0,0,2,2,2809
0,0,2,3,2799
0,0,2,4,2767
0,0,2,5,2760
0,0,2,6,2770
0,0,2,7,2787
0,0,2,8,2803
0,0,2,9,2746
0,0,2,10,2747
0,0,2,11,2785
0,0,2,12,2796
0,0,2,13,2789
0,0,2,14,2795
0,0,2,15,2798
0,0,2,16,2824
0,0,2,17,2756
0,0,2,18,2805
0,0,2,19,2822
0,0,2,20,2793
0,0,2,21,2826
0,0,2,22,2783
0,0,2,23,2814
0,0,2,24,2797
0,0,2,25,2842
0,0,2,26,2826
0,0,2,27,2767
0,0,2,28,2774
0,0,2,29,2796
0,0,2,30,2794
0,0,2,31,2794
0,1,2,0,3539
0,1,2,1,3558
0,1,2,2,3544
0,1,2,3,3547
0,1,2,4,3590
0,1,2,5,3559
0,1,2,6,3529
0,1,2,7,3541
0,1,2,8,3541
0,1,2,9,3514
0,1,2,10,3513
0,1,2,11,3539
0,1,2,12,3595
0,1,2,13,3565
0,1,2,14,3549
0,1,2,15,3549
0,1,2,16,3519
0,1,2,17,3518
0,1,2,18,3564
0,1,2,19,3565
0,1,2,20,3585
0,1,2,21,3570
0,1,2,22,3537
0,1,2,23,3531
0,1,2,24,3535
0,1,2,25,3572
0,1,2,26,3540
0,1,2,27,3569
0,1,2,28,3550
0,1,2,29,3553
0,1,2,30,3560
0,1,2,31,3568
0,2,2,0,4565
0,2,2,1,4622
0,2,2,2,4611
0,2,2,3,4607
0,2,2,4,4593
0,2,2,5,4568
0,2,2,6,4605
0,2,2,7,4601
0,2,2,8,4605
0,2,2,9,4568
0,2,2,10,4560
0,2,2,11,4621
0,2,2,12,4599
0,2,2,13,4541
0,2,2,14,4576
0,2,2,15,4638
0,2,2,16,4529
0,2,2,17,4515
0,2,2,18,4601
0,2,2,19,4622
0,2,2,20,4603
0,2,2,21,4545
0,2,2,22,4603
0,2,2,23,4573
0,2,2,24,4633
0,2,2,25,4573
0,2,2,26,4606
0,2,2,27,4606
0,2,2,28,4603
0,2,2,29,4586
0,2,2,30,4618
0,2,2,31,4565
0,3,2,0,7033
0,3,2,1,7084
0,3,2,2,7113
0,3,2,3,7107
0,3,2,4,7159
0,3,2,5,7068
0,3,2,6,7087
0,3,2,7,6998
0,3,2,8,7165
0,3,2,9,7129
0,3,2,10,7120
0,3,2,11,7200
0,3,2,12,7009
0,3,2,13,7178
0,3,2,14,7032
0,3,2,15,7050
0,3,2,16,7062
0,3,2,17,6982
0,3,2,18,6995
0,3,2,19,7098
0,3,2,20,7161
0,3,2,21,7043
0,3,2,22,7134
0,3,2,23,7126
0,3,2,24,7170
0,3,2,25,7001
0,3,2,26,7131
0,3,2,27,7104
0,3,2,28,7214
0,3,2,29,7190
0,3,2,30,7123
0,3,2,31,7148
0,4,2,0,7707
0,4,2,1,7928
0,4,2,2,7919
0,4,2,3,7876
0,4,2,4,7733
0,4,2,5,7887
0,4,2,6,7872
0,4,2,7,7846
0,4,2,8,7832
0,4,2,9,7823
0,4,2,10,7966
0,4,2,11,7827
0,4,2,12,7803
0,4,2,13,7957
0,4,2,14,7851
0,4,2,15,7929
0,4,2,16,7817
0,4,2,17,7727
0,4,2,18,8287
0,4,2,19,7877
0,4,2,20,7702
0,4,2,21,7889
0,4,2,22,7823
0,4,2,23,7850
0,4,2,24,7852
0,4,2,25,7887
0,4,2,26,7858
0,4,2,27,7872
0,4,2,28,7905
0,4,2,29,7849
0,4,2,30,7941
0,4,2,31,7900
0,5,2,0,8972
0,5,2,1,8887
0,5,2,2,8939
0,5,2,3,9051
0,5,2,4,8941
0,5,2,5,8918
0,5,2,6,8892
0,5,2,7,8866
0,5,2,8,8876
0,5,2,9,8935
0,5,2,10,8821
0,5,2,11,8826
0,5,2,12,8883
0,5,2,13,8842
0,5,2,14,8805
0,5,2,15,8834
0,5,2,16,8837
0,5,2,17,8893
0,5,2,18,8888
0,5,2,19,8896
0,5,2,20,8939
0,5,2,21,8915
0,5,2,22,8857
0,5,2,23,8977
0,5,2,24,8936
0,5,2,25,8921
0,5,2,26,8868
0,5,2,27,8910
0,5,2,28,8874
0,5,2,29,8875
0,5,2,30,8812
0,5,2,31,8849
0,6,2,0,9530
0,6,2,1,9644
0,6,2,2,9725
0,6,2,3,9646
0,6,2,4,9575
0,6,2,5,9525
0,6,2,6,9533
0,6,2,7,9676
0,6,2,8,9653
0,6,2,9,9738
0,6,2,10,9613
0,6,2,11,9692
0,6,2,12,9576
0,6,2,13,9766
0,6,2,14,9720
0,6,2,15,9672
0,6,2,16,9569
0,6,2,17,9552
0,6,2,18,9638
0,6,2,19,9508
0,6,2,20,9677
0,6,2,21,9608
0,6,2,22,9715
0,6,2,23,9642
0,6,2,24,9606
0,6,2,25,9704
0,6,2,26,9698
0,6,2,27,9597
0,6,2,28,9667
0,6,2,29,9668
0,6,2,30,9529
0,6,2,31,9665
0,7,2,0,10510
0,7,2,1,10636
0,7,2,2,10528
0,7,2,3,10669
0,7,2,4,10657
0,7,2,5,10647
0,7,2,6,10669
0,7,2,7,10641
0,7,2,8,10656
0,7,2,9,10639
0,7,2,10,10633
0,7,2,11,10463
0,7,2,12,10668
0,7,2,13,10559
0,7,2,14,21558
0,7,2,15,10681
0,7,2,16,10717
0,7,2,17,10605
0,7,2,18,10636
0,7,2,19,10658
0,7,2,20,10603
0,7,2,21,10661
0,7,2,22,10602
0,7,2,23,10487
0,7,2,24,10684
0,7,2,25,10670
0,7,2,26,10692
0,7,2,27,10649
0,7,2,28,10588
0,7,2,29,10666
0,7,2,30,10809
0,7,2,31,10688
0,8,2,0,21033
0,8,2,1,21385
0,8,2,2,21408
0,8,2,3,21156
0,8,2,4,21144
0,8,2,5,21264
0,8,2,6,21216
0,8,2,7,21012
0,8,2,8,21350
0,8,2,9,21314
0,8,2,10,21238
0,8,2,11,21419
0,8,2,12,21127
0,8,2,13,21146
0,8,2,14,21237
0,8,2,15,21137
0,8,2,16,21123
0,8,2,17,21446
0,8,2,18,21760
0,8,2,19,21333
0,8,2,20,21500
0,8,2,21,21472
0,8,2,22,21092
0,8,2,23,21263
0,8,2,24,21150
0,8,2,25,21032
0,8,2,26,21283
0,8,2,27,21246
0,8,2,28,21253
0,8,2,29,21245
0,8,2,30,21321
0,8,2,31,21085
0,9,2,0,21619
0,9,2,1,21547
0,9,2,2,21489
0,9,2,3,21254
0,9,2,4,21316
0,9,2,5,21422
0,9,2,6,21303
0,9,2,7,21264
0,9,2,8,21375
0,9,2,9,21581
0,9,2,10,21256
0,9,2,11,21286
0,9,2,12,21327
0,9,2,13,21341
0,9,2,14,21295
0,9,2,15,21327
0,9,2,16,21161
0,9,2,17,21400
0,9,2,18,21592
0,9,2,19,21306
0,9,2,20,21443
0,9,2,21,21543
0,9,2,22,21573
0,9,2,23,21192
0,9,2,24,21562
0,9,2,25,21464
0,9,2,26,21188
0,9,2,27,21304
0,9,2,28,21182
0,9,2,29,21529
0,9,2,30,21253
0,9,2,31,21376
1,0,2,0,403
1,0,2,1,365
1,0,2,2,349
1,0,2,3,370
1,0,2,4,365
1,0,2,5,374
1,0,2,6,364
1,0,2,7,381
1,0,2,8,365
1,0,2,9,374
1,0,2,10,355
1,0,2,11,366
1,0,2,12,362
1,0,2,13,361
1,0,2,14,373
1,0,2,15,376
1,0,2,16,369
1,0,2,17,371
1,0,2,18,363
1,0,2,19,370
1,0,2,20,377
1,0,2,21,371
1,0,2,22,372
1,0,2,23,373
1,0,2,24,374
1,0,2,25,367
1,0,2,26,367
1,0,2,27,360
1,0,2,28,360
1,0,2,29,373
1,0,2,30,371
1,0,2,31,374
1,1,2,0,13753
1,1,2,1,13763
1,1,2,2,13734
1,1,2,3,13465
1,1,2,4,13499
1,1,2,5,13503
1,1,2,6,13567
1,1,2,7,13620
1,1,2,8,13479
1,1,2,9,13760
1,1,2,10,13669
1,1,2,11,13462
1,1,2,12,13647
1,1,2,13,13442
1,1,2,14,13695
1,1,2,15,13514
1,1,2,16,13614
1,1,2,17,13645
1,1,2,18,13676
1,1,2,19,13688
1,1,2,20,13734
1,1,2,21,13637
1,1,2,22,13766
1,1,2,23,13774
1,1,2,24,13674
1,1,2,25,13656
1,1,2,26,13557
1,1,2,27,13693
1,1,2,28,13743
1,1,2,29,13750
1,1,2,30,13461
1,1,2,31,13668
1,2,2,0,14500
1,2,2,1,14419
1,2,2,2,14408
1,2,2,3,14490
1,2,2,4,14870
1,2,2,5,14484
1,2,2,6,14356
1,2,2,7,14482
1,2,2,8,14485
1,2,2,9,14370
1,2,2,10,14445
1,2,2,11,14394
1,2,2,12,14236
1,2,2,13,14435
1,2,2,14,14507
1,2,2,15,14210
1,2,2,16,14452
1,2,2,17,14490
1,2,2,18,14491
1,2,2,19,14542
1,2,2,20,14448
1,2,2,21,14519
1,2,2,22,14395
1,2,2,23,14464
1,2,2,24,14461
1,2,2,25,14404
1,2,2,26,14454
1,2,2,27,14486
1,2,2,28,14492
1,2,2,29,14479
1,2,2,30,14522
1,2,2,31,14444
1,3,2,0,14662
1,3,2,1,14699
1,3,2,2,14652
1,3,2,3,14673
1,3,2,4,14741
1,3,2,5,14694
1,3,2,6,14734
1,3,2,7,14694
1,3,2,8,14687
1,3,2,9,14637
1,3,2,10,14715
1,3,2,11,14726
1,3,2,12,14732
1,3,2,13,14712
1,3,2,14,14592
1,3,2,15,14600
1,3,2,16,14674
1,3,2,17,14648
1,3,2,18,14730
1,3,2,19,14645
1,3,2,20,14687
1,3,2,21,14678
1,3,2,22,14725
1,3,2,23,14606
1,3,2,24,14665
1,3,2,25,14670
1,3,2,26,14605
1,3,2,27,14480
1,3,2,28,14837
1,3,2,29,14698
1,3,2,30,14663
1,3,2,31,14705
1,4,2,0,26622
1,4,2,1,26683
1,4,2,2,26650
1,4,2,3,26451
1,4,2,4,26595
1,4,2,5,26714
1,4,2,6,26180
1,4,2,7,26655
1,4,2,8,26853
1,4,2,9,26372
1,4,2,10,26505
1,4,2,11,26227
1,4,2,12,26531
1,4,2,13,26547
1,4,2,14,26670
1,4,2,15,26555
1,4,2,16,26251
1,4,2,17,26409
1,4,2,18,26680
1,4,2,19,26205
1,4,2,20,26439
1,4,2,21,26164
1,4,2,22,26138
1,4,2,23,26131
1,4,2,24,26224
1,4,2,25,26253
1,4,2,26,26324
1,4,2,27,26994
1,4,2,28,26644
1,4,2,29,26298
1,4,2,30,26658
1,4,2,31,26208
1,5,2,0,26722
1,5,2,1,26738
1,5,2,2,26339
1,5,2,3,26434
1,5,2,4,26778
1,5,2,5,26716
1,5,2,6,26836
1,5,2,7,26854
1,5,2,8,26842
1,5,2,9,26773
1,5,2,10,26839
1,5,2,11,26587
1,5,2,12,26607
1,5,2,13,26629
1,5,2,14,26888
1,5,2,15,26864
1,5,2,16,26844
1,5,2,17,26873
1,5,2,18,26645
1,5,2,19,26833
1,5,2,20,26759
1,5,2,21,26805
1,5,2,22,26780
1,5,2,23,26806
1,5,2,24,26783
1,5,2,25,26799
1,5,2,26,26739
1,5,2,27,26688
1,5,2,28,26815
1,5,2,29,26799
1,5,2,30,26526
1,5,2,31,26760
1,6,2,0,27090
1,6,2,1,27459
1,6,2,2,27494
1,6,2,3,27062
1,6,2,4,27533
1,6,2,5,27586
1,6,2,6,27545
1,6,2,7,27510
1,6,2,8,27497
1,6,2,9,27286
1,6,2,10,27496
1,6,2,11,27065
1,6,2,12,27180
1,6,2,13,27067
1,6,2,14,27279
1,6,2,15,27243
1,6,2,16,27489
1,6,2,17,27512
1,6,2,18,27003
1,6,2,19,27041
1,6,2,20,27143
1,6,2,21,27375
1,6,2,22,27628
1,6,2,23,27852
1,6,2,24,27053
1,6,2,25,27152
1,6,2,26,27056
1,6,2,27,27429
1,6,2,28,27027
1,6,2,29,27539
1,6,2,30,27394
1,6,2,31,27017
1,7,2,0,27858
1,7,2,1,28154
1,7,2,2,28100
1,7,2,3,28106
1,7,2,4,28033
1,7,2,5,28088
1,7,2,6,27837
1,7,2,7,28260
1,7,2,8,27690
1,7,2,9,28165
1,7,2,10,28159
1,7,2,11,28048
1,7,2,12,28020
1,7,2,13,27699
1,7,2,14,27919
1,7,2,15,27973
1,7,2,16,27524
1,7,2,17,27728
1,7,2,18,28103
1,7,2,19,27986
1,7,2,20,27876
1,7,2,21,27922
1,7,2,22,28120
1,7,2,23,27964
1,7,2,24,28005
1,7,2,25,27718
1,7,2,26,28002
1,7,2,27,27581
1,7,2,28,28057
1,7,2,29,27489
1,7,2,30,28019
1,7,2,31,27767
1,8,2,0,27942
1,8,2,1,28279
1,8,2,2,28268
1,8,2,3,28390
1,8,2,4,27845
1,8,2,5,28226
1,8,2,6,28242
1,8,2,7,28066
1,8,2,8,27986
1,8,2,9,27845
1,8,2,10,27988
1,8,2,11,28179
1,8,2,12,28048
1,8,2,13,28203
1,8,2,14,28256
1,8,2,15,27889
1,8,2,16,28800
1,8,2,17,28362
1,8,2,18,28310
1,8,2,19,27841
1,8,2,20,28389
1,8,2,21,28114
1,8,2,22,28117
1,8,2,23,28047
1,8,2,24,28178
1,8,2,25,28129
1,8,2,26,27897
1,8,2,27,28056
1,8,2,28,28296
1,8,2,29,28119
1,8,2,30,28313
1,8,2,31,28116
1,9,2,0,27900
1,9,2,1,28482
1,9,2,2,28376
1,9,2,3,28419
1,9,2,4,28470
1,9,2,5,28370
1,9,2,6,28290
1,9,2,7,28408
1,9,2,8,28402
1,9,2,9,28292
1,9,2,10,28311
1,9,2,11,28295
1,9,2,12,28423
1,9,2,13,28360
1,9,2,14,28295
1,9,2,15,28398
1,9,2,16,28439
1,9,2,17,28312
1,9,2,18,28340
1,9,2,19,28367
1,9,2,20,28311
1,9,2,21,28190
1,9,2,22,28421
1,9,2,23,28474
1,9,2,24,28363
1,9,2,25,28443
1,9,2,26,28344
1,9,2,27,27992
1,9,2,28,28422
1,9,2,29,28426
1,9,2,30,28320
1,9,2,31,28381
2,0,2,0,708
2,0,2,1,653
2,0,2,2,668
2,0,2,3,648
2,0,2,4,662
2,0,2,5,665
2,0,2,6,669
2,0,2,7,665
2,0,2,8,668
2,0,2,9,669
2,0,2,10,691
2,0,2,11,660
2,0,2,12,668
2,0,2,13,682
2,0,2,14,669
2,0,2,15,681
2,0,2,16,687
2,0,2,17,683
2,0,2,18,650
2,0,2,19,646
2,0,2,20,656
2,0,2,21,674
2,0,2,22,665
2,0,2,23,683
2,0,2,24,663
2,0,2,25,670
2,0,2,26,674
2,0,2,27,652
2,0,2,28,668
2,0,2,29,669
2,0,2,30,679
2,0,2,31,665
2,1,2,0,1104
2,1,2,1,1103
2,1,2,2,1082
2,1,2,3,1085
2,1,2,4,1096
2,1,2,5,1107
2,1,2,6,1093
2,1,2,7,1092
2,1,2,8,1097
2,1,2,9,1105
2,1,2,10,1114
2,1,2,11,1078
2,1,2,12,1093
2,1,2,13,1095
2,1,2,14,1089
2,1,2,15,1099
2,1,2,16,1101
2,1,2,17,1087
2,1,2,18,1086
2,1,2,19,1098
2,1,2,20,1098
2,1,2,21,1122
2,1,2,22,1099
2,1,2,23,1093
2,1,2,24,1104
2,1,2,25,1090
2,1,2,26,1079
2,1,2,27,1066
2,1,2,28,1103
2,1,2,29,1078
2,1,2,30,1103
2,1,2,31,1114
2,2,2,0,2083
2,2,2,1,2060
2,2,2,2,2063
2,2,2,3,2022
2,2,2,4,2034
2,2,2,5,2024
2,2,2,6,2053
2,2,2,7,2048
2,2,2,8,2049
2,2,2,9,2037
2,2,2,10,2035
2,2,2,11,2048
2,2,2,12,2040
2,2,2,13,2061
2,2,2,14,2040
2,2,2,15,2047
2,2,2,16,2036
2,2,2,17,2046
2,2,2,18,2049
2,2,2,19,2021
2,2,2,20,2048
2,2,2,21,2051
2,2,2,22,2042
2,2,2,23,2021
2,2,2,24,2035
2,2,2,25,2076
2,2,2,26,2046
2,2,2,27,2059
2,2,2,28,2056
2,2,2,29,2063
2,2,2,30,2071
2,2,2,31,2037
2,3,2,0,2918
2,3,2,1,2916
2,3,2,2,2923
2,3,2,3,2904
2,3,2,4,2864
2,3,2,5,2887
2,3,2,6,2878
2,3,2,7,2875
2,3,2,8,2882
2,3,2,9,2857
2,3,2,10,2890
2,3,2,11,2975
2,3,2,12,2902
2,3,2,13,2887
2,3,2,14,2898
2,3,2,15,2882
2,3,2,16,2919
2,3,2,17,2908
2,3,2,18,2876
2,3,2,19,2900
2,3,2,20,2894
2,3,2,21,2879
2,3,2,22,2869
2,3,2,23,2881
2,3,2,24,2883
2,3,2,25,2893
2,3,2,26,2913
2,3,2,27,2873
2,3,2,28,2889
2,3,2,29,2876
2,3,2,30,2899
2,3,2,31,2871
2,4,2,0,3401
2,4,2,1,3413
2,4,2,2,3445
2,4,2,3,3456
2,4,2,4,3449
2,4,2,5,3428
2,4,2,6,3389
2,4,2,7,3456
2,4,2,8,3405
2,4,2,9,3460
2,4,2,10,3418
2,4,2,11,3434
2,4,2,12,3419
2,4,2,13,3434
2,4,2,14,3396
2,4,2,15,3406
2,4,2,16,3403
2,4,2,17,3398
2,4,2,18,3400
2,4,2,19,3451
2,4,2,20,3406
2,4,2,21,3439
2,4,2,22,3378
2,4,2,23,3435
2,4,2,24,3423
2,4,2,25,3397
2,4,2,26,3404
2,4,2,27,3398
2,4,2,28,3403
2,4,2,29,3401
2,4,2,30,3445
2,4,2,31,3489
2,5,2,0,3661
2,5,2,1,3592
2,5,2,2,3632
2,5,2,3,3619
2,5,2,4,3637
2,5,2,5,3635
2,5,2,6,3635
2,5,2,7,3647
2,5,2,8,3640
2,5,2,9,3631
2,5,2,10,3636
2,5,2,11,3671
2,5,2,12,3645
2,5,2,13,3617
2,5,2,14,3630
2,5,2,15,3634
2,5,2,16,3597
2,5,2,17,3670
2,5,2,18,3619
2,5,2,19,3645
2,5,2,20,3616
2,5,2,21,3637
2,5,2,22,3647
2,5,2,23,3653
2,5,2,24,3625
2,5,2,25,3638
2,5,2,26,3656
2,5,2,27,3651
2,5,2,28,3641
2,5,2,29,3680
2,5,2,30,3640
2,5,2,31,3669
2,6,2,0,15697
2,6,2,1,15611
2,6,2,2,15359
2,6,2,3,15353
2,6,2,4,15483
2,6,2,5,15629
2,6,2,6,15619
2,6,2,7,15594
2,6,2,8,15682
2,6,2,9,15602
2,6,2,10,15638
2,6,2,11,15383
2,6,2,12,15645
2,6,2,13,15640
2,6,2,14,15472
2,6,2,15,15486
2,6,2,16,15739
2,6,2,17,15541
2,6,2,18,15447
2,6,2,19,15673
2,6,2,20,15613
2,6,2,21,15678
2,6,2,22,15662
2,6,2,23,15413
2,6,2,24,15580
2,6,2,25,15496
2,6,2,26,15669
2,6,2,27,15681
2,6,2,28,15438
2,6,2,29,15619
2,6,2,30,15644
2,6,2,31,15428
2,7,2,0,15613
2,7,2,1,15641
2,7,2,2,15802
2,7,2,3,15727
2,7,2,4,15764
2,7,2,5,15845
2,7,2,6,15562
2,7,2,7,15804
2,7,2,8,15813
2,7,2,9,15761
2,7,2,10,15802
2,7,2,11,15833
2,7,2,12,15782
2,7,2,13,15588
2,7,2,14,15567
2,7,2,15,15549
2,7,2,16,15541
2,7,2,17,15575
2,7,2,18,15781
2,7,2,19,15522
2,7,2,20,15553
2,7,2,21,15816
2,7,2,22,15573
2,7,2,23,15577
2,7,2,24,15772
2,7,2,25,15544
2,7,2,26,15593
2,7,2,27,15471
2,7,2,28,15823
2,7,2,29,15745
2,7,2,30,15748
2,7,2,31,15777
2,8,2,0,19099
2,8,2,1,18332
2,8,2,2,18315
2,8,2,3,18037
2,8,2,4,18226
2,8,2,5,18185
2,8,2,6,18195
2,8,2,7,18292
2,8,2,8,18299
2,8,2,9,18262
2,8,2,10,18206
2,8,2,11,18224
2,8,2,12,18262
2,8,2,13,18262
2,8,2,14,18207
2,8,2,15,18248
2,8,2,16,18056
2,8,2,17,17993
2,8,2,18,18001
2,8,2,19,18076
2,8,2,20,18072
2,8,2,21,18031
2,8,2,22,18081
2,8,2,23,18185
2,8,2,24,18221
2,8,2,25,18254
2,8,2,26,18073
2,8,2,27,18258
2,8,2,28,18207
2,8,2,29,17976
2,8,2,30,18028
2,8,2,31,18041
2,9,2,0,19125
2,9,2,1,19042
2,9,2,2,19136
2,9,2,3,18795
2,9,2,4,19053
2,9,2,5,18833
2,9,2,6,18867
2,9,2,7,18986
2,9,2,8,18774
2,9,2,9,19124
2,9,2,10,19062
2,9,2,11,18836
2,9,2,12,18812
2,9,2,13,18919
2,9,2,14,19122
2,9,2,15,19165
2,9,2,16,19146
2,9,2,17,19045
2,9,2,18,19095
2,9,2,19,19044
2,9,2,20,19151
2,9,2,21,19098
2,9,2,22,19081
2,9,2,23,19102
2,9,2,24,18808
2,9,2,25,19109
2,9,2,26,19221
2,9,2,27,18855
2,9,2,28,18814
2,9,2,29,19095
2,9,2,30,19132
2,9,2,31,19030
2,10,2,0,19810
2,10,2,1,19957
2,10,2,2,19932
2,10,2,3,19795
2,10,2,4,19770
2,10,2,5,19600
2,10,2,6,19882
2,10,2,7,19838
2,10,2,8,19775
2,10,2,9,19572
2,10,2,10,19609
2,10,2,11,19869
2,10,2,12,19471
2,10,2,13,19587
2,10,2,14,19567
2,10,2,15,19710
2,10,2,16,19539
2,10,2,17,19559
2,10,2,18,19930
2,10,2,19,19600
2,10,2,20,19491
2,10,2,21,19801
2,10,2,22,20200
2,10,2,23,19762
2,10,2,24,19828
2,10,2,25,19811
2,10,2,26,19984
2,10,2,27,19630
2,10,2,28,19597
2,10,2,29,19580
2,10,2,30,19934
2,10,2,31,19675
0,9,3,0,21314
0,9,3,1,21516
0,9,3,2,21495
0,9,3,3,21545
0,9,3,4,21460
0,9,3,5,21376
0,9,3,6,21520
0,9,3,7,21544
0,9,3,8,21613
0,9,3,9,21610
0,9,3,10,21572
0,9,3,11,21523
0,9,3,12,21277
0,9,3,13,21471
0,9,3,14,21484
0,9,3,15,21447
0,9,3,16,21615
0,9,3,17,21282
0,9,3,18,21241
0,9,3,19,21259
0,9,3,20,21281
0,9,3,21,21272
0,9,3,22,21320
0,9,3,23,21794
0,9,3,24,21544
0,9,3,25,21492
0,9,3,26,21494
0,9,3,27,21320
0,9,3,28,21432
0,9,3,29,21383
0,9,3,30,21542
0,9,3,31,21201
0,8,3,0,21382
0,8,3,1,21512
0,8,3,2,21337
0,8,3,3,21404
0,8,3,4,21088
0,8,3,5,21046
0,8,3,6,21408
0,8,3,7,21522
0,8,3,8,21387
0,8,3,9,21186
0,8,3,10,21211
0,8,3,11,21372
0,8,3,12,21364
0,8,3,13,21414
0,8,3,14,21231
0,8,3,15,21321
0,8,3,16,21414
0,8,3,17,21408
0,8,3,18,21113
0,8,3,19,21407
0,8,3,20,21386
0,8,3,21,21150
0,8,3,22,21285
0,8,3,23,21160
0,8,3,24,21291
0,8,3,25,21465
0,8,3,26,21161
0,8,3,27,21359
0,8,3,28,21104
0,8,3,29,21219
0,8,3,30,21162
0,8,3,31,21442
0,7,3,0,10650
0,7,3,1,10697
0,7,3,2,10659
0,7,3,3,10613
0,7,3,4,10948
0,7,3,5,10685
0,7,3,6,10658
0,7,3,7,10620
0,7,3,8,10547
0,7,3,9,10634
0,7,3,10,10629
0,7,3,11,10705
0,7,3,12,10545
0,7,3,13,10606
0,7,3,14,10549
0,7,3,15,10610
0,7,3,16,10591
0,7,3,17,10619
0,7,3,18,10629
0,7,3,19,10645
0,7,3,20,10673
0,7,3,21,10571
0,7,3,22,10828
0,7,3,23,10674
0,7,3,24,10537
0,7,3,25,10647
0,7,3,26,10646
0,7,3,27,10670
0,7,3,28,10635
0,7,3,29,10639
0,7,3,30,10637
0,7,3,31,10656
0,6,3,0,9595
0,6,3,1,9712
0,6,3,2,9709
0,6,3,3,9692
0,6,3,4,9674
0,6,3,5,9695
0,6,3,6,9746
0,6,3,7,9554
0,6,3,8,9688
0,6,3,9,9638
0,6,3,10,9895
0,6,3,11,9718
0,6,3,12,9651
0,6,3,13,9706
0,6,3,14,9605
0,6,3,15,9603
0,6,3,16,9730
0,6,3,17,9648
0,6,3,18,9684
0,6,3,19,9618
0,6,3,20,9730
0,6,3,21,9678
0,6,3,22,9651
0,6,3,23,9694
0,6,3,24,9517
0,6,3,25,9635
0,6,3,26,9700
0,6,3,27,9633
0,6,3,28,9632
0,6,3,29,9608
0,6,3,30,9665
0,6,3,31,9547
0,5,3,0,8781
0,5,3,1,8890
0,5,3,2,8928
0,5,3,3,8856
0,5,3,4,8794
0,5,3,5,8853
0,5,3,6,8885
0,5,3,7,8923
0,5,3,8,8892
0,5,3,9,8907
0,5,3,10,8964
0,5,3,11,8749
0,5,3,12,8907
0,5,3,13,8847
0,5,3,14,8829
0,5,3,15,8877
0,5,3,16,8908
0,5,3,17,8821
0,5,3,18,8827
0,5,3,19,8890
0,5,3,20,8810
0,5,3,21,8914
0,5,3,22,8919
0,5,3,23,8891
0,5,3,24,8962
0,5,3,25,9005
0,5,3,26,8900
0,5,3,27,8911
0,5,3,28,8920
0,5,3,29,8936
0,5,3,30,8976
0,5,3,31,8909
0,4,3,0,7792
0,4,3,1,7766
0,4,3,2,7883
0,4,3,3,7878
0,4,3,4,7816
0,4,3,5,7772
0,4,3,6,7935
0,4,3,7,7734
0,4,3,8,7870
0,4,3,9,7867
0,4,3,10,7899
0,4,3,11,7723
0,4,3,12,7848
0,4,3,13,7921
0,4,3,14,7907
0,4,3,15,7767
0,4,3,16,7884
0,4,3,17,7735
0,4,3,18,7842
0,4,3,19,7780
0,4,3,20,7904
0,4,3,21,7884
0,4,3,22,7831
0,4,3,23,7918
0,4,3,24,7800
0,4,3,25,7905
0,4,3,26,7871
0,4,3,27,7813
0,4,3,28,7873
0,4,3,29,7858
0,4,3,30,7700
0,4,3,31,7832
0,3,3,0,7008
0,3,3,1,7150
0,3,3,2,7093
0,3,3,3,7156
0,3,3,4,7216
0,3,3,5,7198
0,3,3,6,7150
0,3,3,7,7126
0,3,3,8,7111
0,3,3,9,7153
0,3,3,10,18192
0,3,3,11,7106
0,3,3,12,7166
0,3,3,13,7204
0,3,3,14,7170
0,3,3,15,7169
0,3,3,16,7145
0,3,3,17,7163
0,3,3,18,7123
0,3,3,19,7135
0,3,3,20,7097
0,3,3,21,7144
0,3,3,22,7217
0,3,3,23,7033
0,3,3,24,7219
0,3,3,25,7173
0,3,3,26,7208
0,3,3,27,7160
0,3,3,28,7143
0,3,3,29,7080
0,3,3,30,7061
0,3,3,31,7140
0,2,3,0,4568
0,2,3,1,4568
0,2,3,2,4534
0,2,3,3,4605
0,2,3,4,4561
0,2,3,5,4890
0,2,3,6,4598
0,2,3,7,4612
0,2,3,8,4602
0,2,3,9,4563
0,2,3,10,4623
0,2,3,11,4608
0,2,3,12,4607
0,2,3,13,4607
0,2,3,14,4581
0,2,3,15,4613
0,2,3,16,4622
0,2,3,17,4591
0,2,3,18,4614
0,2,3,19,4560
0,2,3,20,4615
0,2,3,21,4592
0,2,3,22,4567
0,2,3,23,4577
0,2,3,24,4585
0,2,3,25,4619
0,2,3,26,4616
0,2,3,27,4594
0,2,3,28,4604
0,2,3,29,4633
0,2,3,30,4588
0,2,3,31,4567
0,1,3,0,3537
0,1,3,1,3527
0,1,3,2,3558
0,1,3,3,3582
0,1,3,4,3538
0,1,3,5,3550
0,1,3,6,3556
0,1,3,7,3551
0,1,3,8,3565
0,1,3,9,3550
0,1,3,10,3555
0,1,3,11,3543
0,1,3,12,3521
0,1,3,13,3534
0,1,3,14,3566
0,1,3,15,3537
0,1,3,16,3527
0,1,3,17,3532
0,1,3,18,3565
0,1,3,19,3523
0,1,3,20,3566
0,1,3,21,3536
0,1,3,22,3552
0,1,3,23,3559
0,1,3,24,3531
0,1,3,25,3507
0,1,3,26,3549
0,1,3,27,3536
0,1,3,28,3539
0,1,3,29,3508
0,1,3,30,3569
0,1,3,31,3550
0,0,3,0,2741
0,0,3,1,2776
0,0,3,2,2791
0,0,3,3,2771
0,0,3,4,2740
0,0,3,5,2765
0,0,3,6,2786
0,0,3,7,2787
0,0,3,8,2796
0,0,3,9,2741
0,0,3,10,2803
0,0,3,11,2791
0,0,3,12,2748
0,0,3,13,2857
0,0,3,14,2789
0,0,3,15,2811
0,0,3,16,2732
0,0,3,17,2803
0,0,3,18,2768
0,0,3,19,2779
0,0,3,20,2786
0,0,3,21,2791
0,0,3,22,2775
0,0,3,23,2802
0,0,3,24,2833
0,0,3,25,2790
0,0,3,26,2806
0,0,3,27,2798
0,0,3,28,2801
0,0,3,29,2774
0,0,3,30,2791
0,0,3,31,2792
1,9,3,0,28426
1,9,3,1,28345
1,9,3,2,28294
1,9,3,3,28337
1,9,3,4,28517
1,9,3,5,28346
1,9,3,6,27885
1,9,3,7,28357
1,9,3,8,28375
1,9,3,9,28412
1,9,3,10,28424
1,9,3,11,28422
1,9,3,12,28546
1,9,3,13,28388
1,9,3,14,28292
1,9,3,15,28148
1,9,3,16,28045
1,9,3,17,27966
1,9,3,18,28020
1,9,3,19,28094
1,9,3,20,28049
1,9,3,21,28270
1,9,3,22,27840
1,9,3,23,28123
1,9,3,24,28010
1,9,3,25,28440
1,9,3,26,28040
1,9,3,27,28171
1,9,3,28,28106
1,9,3,29,28373
1,9,3,30,28103
1,9,3,31,28375
1,8,3,0,27766
1,8,3,1,28364
1,8,3,2,27850
1,8,3,3,28302
1,8,3,4,27886
1,8,3,5,28303
1,8,3,6,28510
1,8,3,7,27944
1,8,3,8,27922
1,8,3,9,28173
1,8,3,10,28052
1,8,3,11,28345
1,8,3,12,28269
1,8,3,13,28344
1,8,3,14,28365
1,8,3,15,28310
1,8,3,16,27920
1,8,3,17,28114
1,8,3,18,28264
1,8,3,19,28358
1,8,3,20,28313
1,8,3,21,27919
1,8,3,22,28367
1,8,3,23,28031
1,8,3,24,28123
1,8,3,25,27910
1,8,3,26,28056
1,8,3,27,28091
1,8,3,28,28008
1,8,3,29,28216
1,8,3,30,28344
1,8,3,31,28113
1,7,3,0,28029
1,7,3,1,28106
1,7,3,2,28151
1,7,3,3,27996
1,7,3,4,28164
1,7,3,5,28099
1,7,3,6,28075
1,7,3,7,28047
1,7,3,8,28127
1,7,3,9,28159
1,7,3,10,28135
1,7,3,11,28019
1,7,3,12,27757
1,7,3,13,27932
1,7,3,14,28180
1,7,3,15,28093
1,7,3,16,28101
1,7,3,17,28081
1,7,3,18,27831
1,7,3,19,27902
1,7,3,20,28059
1,7,3,21,28139
1,7,3,22,28074
1,7,3,23,28091
1,7,3,24,27683
1,7,3,25,28176
1,7,3,26,27773
1,7,3,27,28051
1,7,3,28,27799
1,7,3,29,27631
1,7,3,30,38894
1,7,3,31,28183
1,6,3,0,27169
1,6,3,1,27138
1,6,3,2,27376
1,6,3,3,27165
1,6,3,4,27541
1,6,3,5,27284
1,6,3,6,27155
1,6,3,7,27141
1,6,3,8,27420
1,6,3,9,27170
1,6,3,10,27046
1,6,3,11,27264
1,6,3,12,27467
1,6,3,13,27387
1,6,3,14,27182
1,6,3,15,27299
1,6,3,16,27547
1,6,3,17,27354
1,6,3,18,27109
1,6,3,19,27621
1,6,3,20,27554
1,6,3,21,27112
1,6,3,22,27072
1,6,3,23,27398
1,6,3,24,27359
1,6,3,25,27038
1,6,3,26,27274
1,6,3,27,27222
1,6,3,28,27102
1,6,3,29,27184
1,6,3,30,27287
1,6,3,31,27221
1,5,3,0,26649
1,5,3,1,26674
1,5,3,2,26332
1,5,3,3,26730
1,5,3,4,26589
1,5,3,5,26681
1,5,3,6,26629
1,5,3,7,26873
1,5,3,8,26848
1,5,3,9,26366
1,5,3,10,26588
1,5,3,11,26422
1,5,3,12,26845
1,5,3,13,26389
1,5,3,14,26441
1,5,3,15,26797
1,5,3,16,26508
1,5,3,17,26394
1,5,3,18,26415
1,5,3,19,26616
1,5,3,20,26369
1,5,3,21,26562
1,5,3,22,26412
1,5,3,23,26820
1,5,3,24,26552
1,5,3,25,26551
1,5,3,26,26599
1,5,3,27,26538
1,5,3,28,26519
1,5,3,29,26656
1,5,3,30,27004
1,5,3,31,26433
1,4,3,0,26460
1,4,3,1,26303
1,4,3,2,26171
1,4,3,3,26603
1,4,3,4,26597
1,4,3,5,26660
1,4,3,6,26726
1,4,3,7,26606
1,4,3,8,26252
1,4,3,9,26603
1,4,3,10,26728
1,4,3,11,26612
1,4,3,12,26390
1,4,3,13,26710
1,4,3,14,26707
1,4,3,15,26243
1,4,3,16,26634
1,4,3,17,26643
1,4,3,18,26697
1,4,3,19,26677
1,4,3,20,26362
1,4,3,21,26434
1,4,3,22,26614
1,4,3,23,26684
1,4,3,24,26539
1,4,3,25,26595
1,4,3,26,26747
1,4,3,27,26615
1,4,3,28,26691
1,4,3,29,26599
1,4,3,30,26679
1,4,3,31,26632
1,3,3,0,14355
1,3,3,1,14622
1,3,3,2,14668
1,3,3,3,14671
1,3,3,4,14674
1,3,3,5,14593
1,3,3,6,14467
1,3,3,7,14675
1,3,3,8,14444
1,3,3,9,14455
1,3,3,10,14729
1,3,3,11,14643
1,3,3,12,14646
1,3,3,13,14690
1,3,3,14,14658
1,3,3,15,14606
1,3,3,16,14669
1,3,3,17,14619
1,3,3,18,14658
1,3,3,19,14639
1,3,3,20,14610
1,3,3,21,14675
1,3,3,22,14749
1,3,3,23,14660
1,3,3,24,14731
1,3,3,25,14433
1,3,3,26,14651
1,3,3,27,14675
1,3,3,28,14639
1,3,3,29,14764
1,3,3,30,14736
1,3,3,31,14477
1,2,3,0,14133
1,2,3,1,14499
1,2,3,2,14502
1,2,3,3,14463
1,2,3,4,14476
1,2,3,5,14504
1,2,3,6,14461
1,2,3,7,14235
1,2,3,8,14460
1,2,3,9,14196
1,2,3,10,14446
1,2,3,11,14414
1,2,3,12,14244
1,2,3,13,14436
1,2,3,14,14968
1,2,3,15,14215
1,2,3,16,14151
1,2,3,17,14479
1,2,3,18,14187
1,2,3,19,14566
1,2,3,20,14443
1,2,3,21,14447
1,2,3,22,14446
1,2,3,23,14432
1,2,3,24,14164
1,2,3,25,14474
1,2,3,26,14422
1,2,3,27,14473
1,2,3,28,14548
1,2,3,29,14612
1,2,3,30,14468
1,2,3,31,14496
1,1,3,0,13645
1,1,3,1,13693
1,1,3,2,13702
1,1,3,3,13669
1,1,3,4,13508
1,1,3,5,13688
1,1,3,6,13668
1,1,3,7,13666
1,1,3,8,13750
1,1,3,9,13731
1,1,3,10,13481
1,1,3,11,13492
1,1,3,12,13712
1,1,3,13,13476
1,1,3,14,13715
1,1,3,15,13667
1,1,3,16,13700
1,1,3,17,13408
1,1,3,18,13536
1,1,3,19,13690
1,1,3,20,13784
1,1,3,21,13499
1,1,3,22,13699
1,1,3,23,13717
1,1,3,24,13538
1,1,3,25,13820
1,1,3,26,13699
1,1,3,27,13405
1,1,3,28,13492
1,1,3,29,13728
1,1,3,30,13462
1,1,3,31,13731
1,0,3,0,354
1,0,3,1,359
1,0,3,2,367
1,0,3,3,378
1,0,3,4,377
1,0,3,5,388
1,0,3,6,366
1,0,3,7,364
1,0,3,8,362
1,0,3,9,371
1,0,3,10,369
1,0,3,11,373
1,0,3,12,357
1,0,3,13,354
1,0,3,14,375
1,0,3,15,361
1,0,3,16,373
1,0,3,17,373
1,0,3,18,374
1,0,3,19,374
1,0,3,20,375
1,0,3,21,382
1,0,3,22,368
1,0,3,23,373
1,0,3,24,363
1,0,3,25,363
1,0,3,26,366
1,0,3,27,369
1,0,3,28,371
1,0,3,29,358
1,0,3,30,366
1,0,3,31,370
2,10,3,0,19758
2,10,3,1,19663
2,10,3,2,19705
2,10,3,3,19798
2,10,3,4,19839
2,10,3,5,19781
2,10,3,6,19529
2,10,3,7,19775
2,10,3,8,19533
2,10,3,9,19615
2,10,3,10,19507
2,10,3,11,19574
2,10,3,12,19613
2,10,3,13,19570
2,10,3,14,19630
2,10,3,15,19569
2,10,3,16,19470
2,10,3,17,19874
2,10,3,18,19656
2,10,3,19,19683
2,10,3,20,19675
2,10,3,21,19625
2,10,3,22,19570
2,10,3,23,19567
2,10,3,24,19518
2,10,3,25,19786
2,10,3,26,19601
2,10,3,27,19515
2,10,3,28,19581
2,10,3,29,19853
2,10,3,30,19819
2,10,3,31,19587
2,9,3,0,18829
2,9,3,1,18820
2,9,3,2,18790
2,9,3,3,18888
2,9,3,4,19162
2,9,3,5,19154
2,9,3,6,30276
2,9,3,7,19037
2,9,3,8,18866
2,9,3,9,18801
2,9,3,10,19010
2,9,3,11,18892
2,9,3,12,19104
2,9,3,13,19137
2,9,3,14,19035
2,9,3,15,19126
2,9,3,16,19125
2,9,3,17,19089
2,9,3,18,18904
2,9,3,19,19005
2,9,3,20,18763
2,9,3,21,19170
2,9,3,22,18839
2,9,3,23,18897
2,9,3,24,19125
2,9,3,25,19124
2,9,3,26,19120
2,9,3,27,18774
2,9,3,28,18817
2,9,3,29,18790
2,9,3,30,18848
2,9,3,31,19104
2,8,3,0,18285
2,8,3,1,18225
2,8,3,2,17981
2,8,3,3,18166
2,8,3,4,18162
2,8,3,5,18088
2,8,3,6,18253
2,8,3,7,17958
2,8,3,8,18284
2,8,3,9,18192
2,8,3,10,18272
2,8,3,11,18169
2,8,3,12,18261
2,8,3,13,18194
2,8,3,14,17989
2,8,3,15,18022
2,8,3,16,17995
2,8,3,17,18061
2,8,3,18,18012
2,8,3,19,18234
2,8,3,20,17974
2,8,3,21,17985
2,8,3,22,17977
2,8,3,23,17938
2,8,3,24,18025
2,8,3,25,18018
2,8,3,26,17972
2,8,3,27,18028
2,8,3,28,17964
2,8,3,29,17956
2,8,3,30,18021
2,8,3,31,18214
2,7,3,0,15599
2,7,3,1,15619
2,7,3,2,15541
2,7,3,3,15473
2,7,3,4,15804
2,7,3,5,15515
2,7,3,6,15761
2,7,3,7,15592
2,7,3,8,15776
2,7,3,9,15524
2,7,3,10,15533
2,7,3,11,15598
2,7,3,12,15657
2,7,3,13,15662
2,7,3,14,15514
2,7,3,15,15584
2,7,3,16,15548
2,7,3,17,15579
2,7,3,18,15643
2,7,3,19,15579
2,7,3,20,15553
2,7,3,21,15466
2,7,3,22,15650
2,7,3,23,15660
2,7,3,24,15724
2,7,3,25,15605
2,7,3,26,15665
2,7,3,27,15512
2,7,3,28,15628
2,7,3,29,15517
2,7,3,30,15683
2,7,3,31,15617
2,6,3,0,15879
2,6,3,1,15425
2,6,3,2,26314
2,6,3,3,15645
2,6,3,4,15668
2,6,3,5,15663
2,6,3,6,15639
2,6,3,7,15426
2,6,3,8,15327
2,6,3,9,15431
2,6,3,10,15376
2,6,3,11,15389
2,6,3,12,15443
2,6,3,13,15392
2,6,3,14,15355
2,6,3,15,15587
2,6,3,16,15480
2,6,3,17,15393
2,6,3,18,15663
2,6,3,19,15562
2,6,3,20,15660
2,6,3,21,15366
2,6,3,22,15353
2,6,3,23,15595
2,6,3,24,15592
2,6,3,25,15426
2,6,3,26,15376
2,6,3,27,15689
2,6,3,28,15410
2,6,3,29,15572
2,6,3,30,15567
2,6,3,31,15608
2,5,3,0,3624
2,5,3,1,3631
2,5,3,2,3699
2,5,3,3,3634
2,5,3,4,3621
2,5,3,5,3633
2,5,3,6,3639
2,5,3,7,3660
2,5,3,8,3664
2,5,3,9,3621
2,5,3,10,3628
2,5,3,11,3671
2,5,3,12,3650
2,5,3,13,3635
2,5,3,14,3622
2,5,3,15,3638
2,5,3,16,3651
2,5,3,17,3627
2,5,3,18,3601
2,5,3,19,3616
2,5,3,20,3600
2,5,3,21,3622
2,5,3,22,3657
2,5,3,23,3628
2,5,3,24,3625
2,5,3,25,3638
2,5,3,26,3640
2,5,3,27,3668
2,5,3,28,3644
2,5,3,29,3638
2,5,3,30,3648
2,5,3,31,3627
2,4,3,0,3412
2,4,3,1,3454
2,4,3,2,3402
2,4,3,3,3410
2,4,3,4,3395
2,4,3,5,3405
2,4,3,6,3413
2,4,3,7,3414
2,4,3,8,3423
2,4,3,9,3441
2,4,3,10,3394
2,4,3,11,3426
2,4,3,12,3412
2,4,3,13,3411
2,4,3,14,3390
2,4,3,15,3448
2,4,3,16,3433
2,4,3,17,3389
2,4,3,18,3409
2,4,3,19,3404
2,4,3,20,3424
2,4,3,21,3441
2,4,3,22,3388
2,4,3,23,3403
2,4,3,24,3428
2,4,3,25,3459
2,4,3,26,3408
2,4,3,27,3457
2,4,3,28,3421
2,4,3,29,3357
2,4,3,30,3429
2,4,3,31,3407
2,3,3,0,2878
2,3,3,1,2905
2,3,3,2,2886
2,3,3,3,2902
2,3,3,4,2886
2,3,3,5,2853
2,3,3,6,2893
2,3,3,7,2932
2,3,3,8,2869
2,3,3,9,2907
2,3,3,10,2856
2,3,3,11,2863
2,3,3,12,2887
2,3,3,13,2863
2,3,3,14,2869
2,3,3,15,2902
2,3,3,16,2908
2,3,3,17,2888
2,3,3,18,2887
2,3,3,19,2869
2,3,3,20,2877
2,3,3,21,2905
2,3,3,22,2925
2,3,3,23,2913
2,3,3,24,2905
2,3,3,25,2876
2,3,3,26,2874
2,3,3,27,2875
2,3,3,28,2908
2,3,3,29,2875
2,3,3,30,2934
2,3,3,31,2886
2,2,3,0,2054
2,2,3,1,2071
2,2,3,2,2040
2,2,3,3,2032
2,2,3,4,2029
2,2,3,5,2039
2,2,3,6,2036
2,2,3,7,2035
2,2,3,8,2041
2,2,3,9,2034
2,2,3,10,2040
2,2,3,11,2038
2,2,3,12,2043
2,2,3,13,2047
2,2,3,14,2021
2,2,3,15,2029
2,2,3,16,2069
2,2,3,17,2025
2,2,3,18,2045
2,2,3,19,2065
2,2,3,20,2062
2,2,3,21,2061
2,2,3,22,2082
2,2,3,23,2032
2,2,3,24,2036
2,2,3,25,2030
2,2,3,26,2035
2,2,3,27,2028
2,2,3,28,2045
2,2,3,29,2059
2,2,3,30,2030
2,2,3,31,2027
2,1,3,0,1083
2,1,3,1,1110
2,1,3,2,1076
2,1,3,3,1089
2,1,3,4,1097
2,1,3,5,1106
2,1,3,6,1095
2,1,3,7,1096
2,1,3,8,1091
2,1,3,9,1098
2,1,3,10,1087
2,1,3,11,1100
2,1,3,12,1090
2,1,3,13,1091
2,1,3,14,1102
2,1,3,15,1100
2,1,3,16,1128
2,1,3,17,1103
2,1,3,18,1112
2,1,3,19,1079
2,1,3,20,1092
2,1,3,21,1100
2,1,3,22,1093
2,1,3,23,1076
2,1,3,24,1083
2,1,3,25,1089
2,1,3,26,1083
2,1,3,27,1092
2,1,3,28,1096
2,1,3,29,1096
2,1,3,30,1083
2,1,3,31,1102
2,0,3,0,657
2,0,3,1,666
2,0,3,2,670
2,0,3,3,649
2,0,3,4,658
2,0,3,5,674
2,0,3,6,671
2,0,3,7,691
2,0,3,8,687
2,0,3,9,672
2,0,3,10,661
2,0,3,11,678
2,0,3,12,667
2,0,3,13,669
2,0,3,14,661
2,0,3,15,688
2,0,3,16,683
2,0,3,17,662
2,0,3,18,663
2,0,3,19,669
2,0,3,20,659
2,0,3,21,673
2,0,3,22,655
2,0,3,23,660
2,0,3,24,670
2,0,3,25,673
2,0,3,26,666
2,0,3,27,668
2,0,3,28,664
2,0,3,29,648
2,0,3,30,648
2,0,3,31,670
0,0,4,0,2816
0,0,4,1,2777
0,0,4,2,2758
0,0,4,3,2809
0,0,4,4,2787
0,0,4,5,2770
0,0,4,6,2823
0,0,4,7,2811
0,0,4,8,2812
0,0,4,9,2796
0,0,4,10,2799
0,0,4,11,2832
0,0,4,12,2814
0,0,4,13,2796
0,0,4,14,2775
0,0,4,15,2802
0,0,4,16,2782
0,0,4,17,2815
0,0,4,18,2794
0,0,4,19,2760
0,0,4,20,2807
0,0,4,21,2741
0,0,4,22,2750
0,0,4,23,2795
0,0,4,24,2753
0,0,4,25,2767
0,0,4,26,2795
0,0,4,27,2802
0,0,4,28,2834
0,0,4,29,2757
0,0,4,30,2810
0,0,4,31,2808
0,1,4,0,3574
0,1,4,1,3562
0,1,4,2,3554
0,1,4,3,3528
0,1,4,4,3577
0,1,4,5,3537
0,1,4,6,3568
0,1,4,7,3556
0,1,4,8,3538
0,1,4,9,3546
0,1,4,10,3506
0,1,4,11,3585
0,1,4,12,3544
0,1,4,13,3529
0,1,4,14,3464
0,1,4,15,3509
0,1,4,16,3568
0,1,4,17,3506
0,1,4,18,3532
0,1,4,19,3581
0,1,4,20,3529
0,1,4,21,3549
0,1,4,22,3583
0,1,4,23,3584
0,1,4,24,3566
0,1,4,25,3574
0,1,4,26,3564
0,1,4,27,3554
0,1,4,28,3558
0,1,4,29,3524
0,1,4,30,3549
0,1,4,31,3568
0,2,4,0,4567
0,2,4,1,4565
0,2,4,2,4685
0,2,4,3,4619
0,2,4,4,4579
0,2,4,5,4616
0,2,4,6,4610
0,2,4,7,4556
0,2,4,8,4555
0,2,4,9,4569
0,2,4,10,4601
0,2,4,11,4600
0,2,4,12,4512
0,2,4,13,4573
0,2,4,14,4600
0,2,4,15,4547
0,2,4,16,4593
0,2,4,17,4569
0,2,4,18,4585
0,2,4,19,4587
0,2,4,20,4576
0,2,4,21,4543
0,2,4,22,4618
0,2,4,23,4634
0,2,4,24,4573
0,2,4,25,4594
0,2,4,26,4608
0,2,4,27,4625
0,2,4,28,4817
0,2,4,29,4603
0,2,4,30,4570
0,2,4,31,4607
0,3,4,0,7017
0,3,4,1,7180
0,3,4,2,7079
0,3,4,3,7144
0,3,4,4,7190
0,3,4,5,7174
0,3,4,6,7121
0,3,4,7,7350
0,3,4,8,7123
0,3,4,9,7146
0,3,4,10,7092
0,3,4,11,7160
0,3,4,12,7145
0,3,4,13,7010
0,3,4,14,7165
0,3,4,15,7096
0,3,4,16,7081
0,3,4,17,7120
0,3,4,18,7135
0,3,4,19,7151
0,3,4,20,7169
0,3,4,21,7147
0,3,4,22,7231
0,3,4,23,7170
0,3,4,24,7157
0,3,4,25,7179
0,3,4,26,7157
0,3,4,27,7047
0,3,4,28,7189
0,3,4,29,7158
0,3,4,30,7045
0,3,4,31,7240
0,4,4,0,7889
0,4,4,1,7919
0,4,4,2,7932
0,4,4,3,7846
0,4,4,4,7775
0,4,4,5,7729
0,4,4,6,7761
0,4,4,7,7865
0,4,4,8,7876
0,4,4,9,7787
0,4,4,10,7919
0,4,4,11,7778
0,4,4,12,7879
0,4,4,13,7905
0,4,4,14,7920
0,4,4,15,7872
0,4,4,16,7902
0,4,4,17,7878
0,4,4,18,7864
0,4,4,19,7966
0,4,4,20,7877
0,4,4,21,7907
0,4,4,22,7886
0,4,4,23,7880
0,4,4,24,7923
0,4,4,25,7895
0,4,4,26,7936
0,4,4,27,7872
0,4,4,28,7889
0,4,4,29,7920
0,4,4,30,7989
0,4,4,31,7923
0,5,4,0,8821
0,5,4,1,9014
0,5,4,2,8972
0,5,4,3,8782
0,5,4,4,8782
0,5,4,5,8947
0,5,4,6,8966
0,5,4,7,9014
0,5,4,8,8916
0,5,4,9,8955
0,5,4,10,8842
0,5,4,11,8782
0,5,4,12,8987
0,5,4,13,8927
0,5,4,14,9006
0,5,4,15,8930
0,5,4,16,8821
0,5,4,17,9004
0,5,4,18,8850
0,5,4,19,8980
0,5,4,20,8775
0,5,4,21,8956
0,5,4,22,8921
0,5,4,23,8973
0,5,4,24,8938
0,5,4,25,8969
0,5,4,26,8887
0,5,4,27,8939
0,5,4,28,8937
0,5,4,29,8867
0,5,4,30,8890
0,5,4,31,8804
0,6,4,0,9653
0,6,4,1,9551
0,6,4,2,9606
0,6,4,3,9575
0,6,4,4,9646
0,6,4,5,9650
0,6,4,6,9740
0,6,4,7,9680
0,6,4,8,9722
0,6,4,9,9761
0,6,4,10,9717
0,6,4,11,9742
0,6,4,12,9717
0,6,4,13,9682
0,6,4,14,9593
0,6,4,15,9690
0,6,4,16,9526
0,6,4,17,9630
0,6,4,18,9583
0,6,4,19,9706
0,6,4,20,9675
0,6,4,21,9741
0,6,4,22,9697
0,6,4,23,9700
0,6,4,24,9662
0,6,4,25,9732
0,6,4,26,9826
0,6,4,27,9678
0,6,4,28,9677
0,6,4,29,9705
0,6,4,30,9682
0,6,4,31,9683
0,7,4,0,10505
0,7,4,1,10529
0,7,4,2,10614
0,7,4,3,10653
0,7,4,4,10535
0,7,4,5,10610
0,7,4,6,10717
0,7,4,7,10660
0,7,4,8,10669
0,7,4,9,10589
0,7,4,10,11064
0,7,4,11,10603
0,7,4,12,10616
0,7,4,13,10603
0,7,4,14,10640
0,7,4,15,10521
0,7,4,16,10641
0,7,4,17,10697
0,7,4,18,10571
0,7,4,19,10695
0,7,4,20,21506
0,7,4,21,10708
0,7,4,22,10539
0,7,4,23,10585
0,7,4,24,10609
0,7,4,25,10653
0,7,4,26,10636
0,7,4,27,10707
0,7,4,28,10625
0,7,4,29,10636
0,7,4,30,10603
0,7,4,31,10657
0,8,4,0,21510
0,8,4,1,21291
0,8,4,2,21390
0,8,4,3,21012
0,8,4,4,21336
0,8,4,5,21108
0,8,4,6,21428
0,8,4,7,21262
0,8,4,8,21493
0,8,4,9,21355
0,8,4,10,21015
0,8,4,11,21218
0,8,4,12,21216
0,8,4,13,21286
0,8,4,14,21398
0,8,4,15,21512
0,8,4,16,21275
0,8,4,17,21190
0,8,4,18,21246
0,8,4,19,21345
0,8,4,20,21012
0,8,4,21,21277
0,8,4,22,21132
0,8,4,23,21279
0,8,4,24,21239
0,8,4,25,21192
0,8,4,26,21076
0,8,4,27,21356
0,8,4,28,21201
0,8,4,29,21382
0,8,4,30,21238
0,8,4,31,21342
0,9,4,0,21574
0,9,4,1,21184
0,9,4,2,21574
0,9,4,3,21661
0,9,4,4,21712
0,9,4,5,21282
0,9,4,6,21535
0,9,4,7,21283
0,9,4,8,21394
0,9,4,9,21480
0,9,4,10,21223
0,9,4,11,21563
0,9,4,12,21205
0,9,4,13,21522
0,9,4,14,21574
0,9,4,15,21260
0,9,4,16,21789
0,9,4,17,21679
0,9,4,18,21605
0,9,4,19,21536
0,9,4,20,21300
0,9,4,21,21525
0,9,4,22,21224
0,9,4,23,21231
0,9,4,24,21393
0,9,4,25,21231
0,9,4,26,21561
0,9,4,27,21406
0,9,4,28,21377
0,9,4,29,21260
0,9,4,30,21280
0,9,4,31,21134
1,0,4,0,377
1,0,4,1,362
1,0,4,2,371
1,0,4,3,359
1,0,4,4,354
1,0,4,5,362
1,0,4,6,382
1,0,4,7,376
1,0,4,8,373
1,0,4,9,365
1,0,4,10,374
1,0,4,11,361
1,0,4,12,359
1,0,4,13,362
1,0,4,14,359
1,0,4,15,365
1,0,4,16,372
1,0,4,17,370
1,0,4,18,359
1,0,4,19,356
1,0,4,20,365
1,0,4,21,362
1,0,4,22,379
1,0,4,23,367
1,0,4,24,377
1,0,4,25,371
1,0,4,26,378
1,0,4,27,371
1,0,4,28,363
1,0,4,29,360
1,0,4,30,365
1,0,4,31,372
1,1,4,0,13767
1,1,4,1,13751
1,1,4,2,13764
1,1,4,3,13845
1,1,4,4,13705
1,1,4,5,13820
1,1,4,6,13773
1,1,4,7,13731
1,1,4,8,13668
1,1,4,9,13502
1,1,4,10,13738
1,1,4,11,13697
1,1,4,12,13774
1,1,4,13,13766
1,1,4,14,13695
1,1,4,15,13554
1,1,4,16,13737
1,1,4,17,13692
1,1,4,18,13768
1,1,4,19,13687
1,1,4,20,13774
1,1,4,21,13808
1,1,4,22,13692
1,1,4,23,13694
1,1,4,24,13705
1,1,4,25,13737
1,1,4,26,13730
1,1,4,27,13686
1,1,4,28,13671
1,1,4,29,13530
1,1,4,30,13478
1,1,4,31,13704
1,2,4,0,14420
1,2,4,1,14398
1,2,4,2,14447
1,2,4,3,14215
1,2,4,4,14490
1,2,4,5,14452
1,2,4,6,14504
1,2,4,7,14483
1,2,4,8,14532
1,2,4,9,14509
1,2,4,10,14534
1,2,4,11,14481
1,2,4,12,14439
1,2,4,13,14167
1,2,4,14,14376
1,2,4,15,14468
1,2,4,16,14471
1,2,4,17,14495
1,2,4,18,14282
1,2,4,19,14199
1,2,4,20,14507
1,2,4,21,14552
1,2,4,22,14434
1,2,4,23,14448
1,2,4,24,14238
1,2,4,25,14471
1,2,4,26,14481
1,2,4,27,14518
1,2,4,28,14466
1,2,4,29,14443
1,2,4,30,14436
1,2,4,31,14441
1,3,4,0,14721
1,3,4,1,14458
1,3,4,2,14694
1,3,4,3,14679
1,3,4,4,14639
1,3,4,5,14685
1,3,4,6,14616
1,3,4,7,14653
1,3,4,8,14365
1,3,4,9,14708
1,3,4,10,14660
1,3,4,11,14675
1,3,4,12,14465
1,3,4,13,14606
1,3,4,14,14620
1,3,4,15,14729
1,3,4,16,14647
1,3,4,17,14692
1,3,4,18,14713
1,3,4,19,14689
1,3,4,20,14643
1,3,4,21,14653
1,3,4,22,14666
1,3,4,23,14746
1,3,4,24,14709
1,3,4,25,14720
1,3,4,26,14602
1,3,4,27,14684
1,3,4,28,14624
1,3,4,29,14687
1,3,4,30,14577
1,3,4,31,14646
1,4,4,0,26430
1,4,4,1,26632
1,4,4,2,26297
1,4,4,3,26641
1,4,4,4,26664
1,4,4,5,26740
1,4,4,6,26637
1,4,4,7,26667
1,4,4,8,37677
1,4,4,9,26623
1,4,4,10,26672
1,4,4,11,26237
1,4,4,12,26153
1,4,4,13,26700
1,4,4,14,26658
1,4,4,15,26695
1,4,4,16,26685
1,4,4,17,26631
1,4,4,18,26556
1,4,4,19,26548
1,4,4,20,26261
1,4,4,21,26591
1,4,4,22,26549
1,4,4,23,26601
1,4,4,24,26264
1,4,4,25,26352
1,4,4,26,26575
1,4,4,27,26524
1,4,4,28,26552
1,4,4,29,26526
1,4,4,30,26181
1,4,4,31,26599
1,5,4,0,26683
1,5,4,1,26878
1,5,4,2,26744
1,5,4,3,26687
1,5,4,4,26412
1,5,4,5,26738
1,5,4,6,26753
1,5,4,7,26794
1,5,4,8,26762
1,5,4,9,26773
1,5,4,10,26783
1,5,4,11,26834
1,5,4,12,26753
1,5,4,13,26663
1,5,4,14,26720
1,5,4,15,26760
1,5,4,16,26748
1,5,4,17,26730
1,5,4,18,26722
1,5,4,19,26842
1,5,4,20,26732
1,5,4,21,26787
1,5,4,22,26764
1,5,4,23,26793
1,5,4,24,26806
1,5,4,25,26787
1,5,4,26,26751
1,5,4,27,26747
1,5,4,28,26708
1,5,4,29,26788
1,5,4,30,26824
1,5,4,31,27052
1,6,4,0,27489
1,6,4,1,27139
1,6,4,2,27525
1,6,4,3,27516
1,6,4,4,27511
1,6,4,5,27581
1,6,4,6,27447
1,6,4,7,27433
1,6,4,8,27490
1,6,4,9,27338
1,6,4,10,27384
1,6,4,11,27589
1,6,4,12,27377
1,6,4,13,27044
1,6,4,14,27170
1,6,4,15,27552
1,6,4,16,27652
1,6,4,17,27260
1,6,4,18,27173
1,6,4,19,27444
1,6,4,20,27147
1,6,4,21,27642
1,6,4,22,27325
1,6,4,23,27186
1,6,4,24,27273
1,6,4,25,27228
1,6,4,26,27164
1,6,4,27,27112
1,6,4,28,27506
1,6,4,29,27055
1,6,4,30,27191
1,6,4,31,27491
1,7,4,0,27606
1,7,4,1,28258
1,7,4,2,28101
1,7,4,3,28031
1,7,4,4,28035
1,7,4,5,28063
1,7,4,6,28074
1,7,4,7,27991
1,7,4,8,27803
1,7,4,9,27907
1,7,4,10,27969
1,7,4,11,27762
1,7,4,12,27846
1,7,4,13,27943
1,7,4,14,27829
1,7,4,15,27731
1,7,4,16,28027
1,7,4,17,28103
1,7,4,18,27589
1,7,4,19,27854
1,7,4,20,28129
1,7,4,21,28114
1,7,4,22,28160
1,7,4,23,28098
1,7,4,24,27950
1,7,4,25,28359
1,7,4,26,28124
1,7,4,27,28024
1,7,4,28,28008
1,7,4,29,27763
1,7,4,30,28063
1,7,4,31,27608
1,8,4,0,28243
1,8,4,1,28346
1,8,4,2,38845
1,8,4,3,28173
1,8,4,4,28239
1,8,4,5,28304
1,8,4,6,28352
1,8,4,7,28381
1,8,4,8,28499
1,8,4,9,28395
1,8,4,10,28291
1,8,4,11,28266
1,8,4,12,28299
1,8,4,13,28257
1,8,4,14,28337
1,8,4,15,28299
1,8,4,16,28389
1,8,4,17,28286
1,8,4,18,28370
1,8,4,19,28289
1,8,4,20,27860
1,8,4,21,28432
1,8,4,22,28304
1,8,4,23,27819
1,8,4,24,28426
1,8,4,25,28245
1,8,4,26,28330
1,8,4,27,28258
1,8,4,28,28331
1,8,4,29,28205
1,8,4,30,28208
1,8,4,31,28044
1,9,4,0,28198
1,9,4,1,28338
1,9,4,2,28439
1,9,4,3,28332
1,9,4,4,28390
1,9,4,5,28481
1,9,4,6,28400
1,9,4,7,28290
1,9,4,8,28329
1,9,4,9,27982
1,9,4,10,28026
1,9,4,11,28105
1,9,4,12,28351
1,9,4,13,28275
1,9,4,14,28343
1,9,4,15,27871
1,9,4,16,28250
1,9,4,17,28345
1,9,4,18,28691
1,9,4,19,28292
1,9,4,20,28442
1,9,4,21,27940
1,9,4,22,28390
1,9,4,23,28105
1,9,4,24,28213
1,9,4,25,28273
1,9,4,26,27867
1,9,4,27,28153
1,9,4,28,27878
1,9,4,29,28383
1,9,4,30,28479
1,9,4,31,28373
2,0,4,0,682
2,0,4,1,672
2,0,4,2,650
2,0,4,3,650
2,0,4,4,673
2,0,4,5,677
2,0,4,6,679
2,0,4,7,678
2,0,4,8,674
2,0,4,9,665
2,0,4,10,660
2,0,4,11,675
2,0,4,12,665
2,0,4,13,684
2,0,4,14,668
2,0,4,15,669
2,0,4,16,689
2,0,4,17,675
2,0,4,18,674
2,0,4,19,659
2,0,4,20,667
2,0,4,21,655
2,0,4,22,684
2,0,4,23,674
2,0,4,24,683
2,0,4,25,653
2,0,4,26,662
2,0,4,27,681
2,0,4,28,665
2,0,4,29,663
2,0,4,30,665
2,0,4,31,683
2,1,4,0,1111
2,1,4,1,1101
2,1,4,2,1109
2,1,4,3,1104
2,1,4,4,1110
2,1,4,5,1095
2,1,4,6,1079
2,1,4,7,1102
2,1,4,8,1114
2,1,4,9,1097
2,1,4,10,1093
2,1,4,11,1080
2,1,4,12,1073
2,1,4,13,1081
2,1,4,14,1095
2,1,4,15,1104
2,1,4,16,1111
2,1,4,17,1092
2,1,4,18,1073
2,1,4,19,1093
2,1,4,20,1095
2,1,4,21,1113
2,1,4,22,1070
2,1,4,23,1091
2,1,4,24,1104
2,1,4,25,1100
2,1,4,26,1085
2,1,4,27,1079
2,1,4,28,1083
2,1,4,29,1118
2,1,4,30,1089
2,1,4,31,1097
2,2,4,0,2051
2,2,4,1,2070
2,2,4,2,2065
2,2,4,3,2067
2,2,4,4,2045
2,2,4,5,2035
2,2,4,6,2031
2,2,4,7,2054
2,2,4,8,2028
2,2,4,9,2050
2,2,4,10,2092
2,2,4,11,2040
2,2,4,12,2056
2,2,4,13,2017
2,2,4,14,2023
2,2,4,15,2055
2,2,4,16,2041
2,2,4,17,2028
2,2,4,18,2060
2,2,4,19,2061
2,2,4,20,2059
2,2,4,21,2057
2,2,4,22,2034
2,2,4,23,2054
2,2,4,24,2044
2,2,4,25,2042
2,2,4,26,2068
2,2,4,27,2065
2,2,4,28,2041
2,2,4,29,2050
2,2,4,30,2029
2,2,4,31,2019
2,3,4,0,2904
2,3,4,1,2919
2,3,4,2,2918
2,3,4,3,2867
2,3,4,4,2920
2,3,4,5,2875
2,3,4,6,2892
2,3,4,7,2885
2,3,4,8,2904
2,3,4,9,2899
2,3,4,10,2858
2,3,4,11,2910
2,3,4,12,2896
2,3,4,13,2894
2,3,4,14,2885
2,3,4,15,2882
2,3,4,16,2874
2,3,4,17,2884
2,3,4,18,2882
2,3,4,19,2901
2,3,4,20,2888
2,3,4,21,2921
2,3,4,22,2904
2,3,4,23,2872
2,3,4,24,2895
2,3,4,25,2887
2,3,4,26,2894
2,3,4,27,2861
2,3,4,28,2885
2,3,4,29,2892
2,3,4,30,2867
2,3,4,31,2849
2,4,4,0,3401
2,4,4,1,3429
2,4,4,2,3418
2,4,4,3,3411
2,4,4,4,3407
2,4,4,5,3474
2,4,4,6,3424
2,4,4,7,3424
2,4,4,8,3388
2,4,4,9,3405
2,4,4,10,3434
2,4,4,11,3420
2,4,4,12,3404
2,4,4,13,3398
2,4,4,14,3413
2,4,4,15,3399
2,4,4,16,3431
2,4,4,17,3431
2,4,4,18,3386
2,4,4,19,3399
2,4,4,20,3438
2,4,4,21,3393
2,4,4,22,3410
2,4,4,23,3426
2,4,4,24,3487
2,4,4,25,3441
2,4,4,26,3383
2,4,4,27,3399
2,4,4,28,3393
2,4,4,29,3366
2,4,4,30,3441
2,4,4,31,3409
2,5,4,0,3674
2,5,4,1,3626
2,5,4,2,3650
2,5,4,3,3609
2,5,4,4,3629
2,5,4,5,3651
2,5,4,6,3673
2,5,4,7,3646
2,5,4,8,3612
2,5,4,9,3630
2,5,4,10,3654
2,5,4,11,3619
2,5,4,12,3645
2,5,4,13,3590
2,5,4,14,3626
2,5,4,15,3643
2,5,4,16,3604
2,5,4,17,3608
2,5,4,18,3652
2,5,4,19,3646
2,5,4,20,3637
2,5,4,21,3643
2,5,4,22,3619
2,5,4,23,3620
2,5,4,24,3643
2,5,4,25,3610
2,5,4,26,3636
2,5,4,27,3650
2,5,4,28,3658
2,5,4,29,3669
2,5,4,30,3676
2,5,4,31,3634
2,6,4,0,15649
2,6,4,1,15376
2,6,4,2,15596
2,6,4,3,15632
2,6,4,4,15549
2,6,4,5,15433
2,6,4,6,15605
2,6,4,7,15550
2,6,4,8,15387
2,6,4,9,15378
2,6,4,10,15511
2,6,4,11,15413
2,6,4,12,15343
2,6,4,13,15593
2,6,4,14,15737
2,6,4,15,15664
2,6,4,16,15668
2,6,4,17,15644
2,6,4,18,15543
2,6,4,19,15337
2,6,4,20,15353
2,6,4,21,15633
2,6,4,22,15567
2,6,4,23,15588
2,6,4,24,15389
2,6,4,25,15688
2,6,4,26,15446
2,6,4,27,15377
2,6,4,28,15344
2,6,4,29,15603
2,6,4,30,15584
2,6,4,31,15582
2,7,4,0,15777
2,7,4,1,15798
2,7,4,2,15660
2,7,4,3,15575
2,7,4,4,15795
2,7,4,5,15600
2,7,4,6,15628
2,7,4,7,15536
2,7,4,8,15636
2,7,4,9,15531
2,7,4,10,15576
2,7,4,11,15783
2,7,4,12,15629
2,7,4,13,15562
2,7,4,14,15598
2,7,4,15,15801
2,7,4,16,15517
2,7,4,17,15539
2,7,4,18,15648
2,7,4,19,15564
2,7,4,20,15540
2,7,4,21,15879
2,7,4,22,15525
2,7,4,23,15602
2,7,4,24,15629
2,7,4,25,15738
2,7,4,26,15797
2,7,4,27,15780
2,7,4,28,15842
2,7,4,29,15849
2,7,4,30,15768
2,7,4,31,15606
2,8,4,0,18229
2,8,4,1,18301
2,8,4,2,18197
2,8,4,3,18253
2,8,4,4,18231
2,8,4,5,18274
2,8,4,6,17980
2,8,4,7,18150
2,8,4,8,18154
2,8,4,9,18017
2,8,4,10,18011
2,8,4,11,17993
2,8,4,12,17997
2,8,4,13,18250
2,8,4,14,18055
2,8,4,15,18095
2,8,4,16,18234
2,8,4,17,18059
2,8,4,18,18074
2,8,4,19,18001
2,8,4,20,18155
2,8,4,21,18243
2,8,4,22,18069
2,8,4,23,18126
2,8,4,24,18290
2,8,4,25,18297
2,8,4,26,18231
2,8,4,27,18055
2,8,4,28,18176
2,8,4,29,18239
2,8,4,30,18248
2,8,4,31,18124
2,9,4,0,18814
2,9,4,1,19143
2,9,4,2,19043
2,9,4,3,18849
2,9,4,4,19032
2,9,4,5,18880
2,9,4,6,19154
2,9,4,7,19213
2,9,4,8,19073
2,9,4,9,19163
2,9,4,10,19046
2,9,4,11,18952
2,9,4,12,19135
2,9,4,13,19075
2,9,4,14,19124
2,9,4,15,19114
2,9,4,16,19243
2,9,4,17,19142
2,9,4,18,19114
2,9,4,19,19567
2,9,4,20,19016
2,9,4,21,18901
2,9,4,22,19114
2,9,4,23,19090
2,9,4,24,19106
2,9,4,25,18829
2,9,4,26,18971
2,9,4,27,18730
2,9,4,28,18895
2,9,4,29,18842
2,9,4,30,19149
2,9,4,31,19069
2,10,4,0,19641
2,10,4,1,19668
2,10,4,2,19815
2,10,4,3,19609
2,10,4,4,19792
2,10,4,5,19831
2,10,4,6,19741
2,10,4,7,19511
2,10,4,8,19502
2,10,4,9,19713
2,10,4,10,30618
2,10,4,11,19560
2,10,4,12,19617
2,10,4,13,19508
2,10,4,14,19580
2,10,4,15,19578
2,10,4,16,19806
2,10,4,17,19882
2,10,4,18,19553
2,10,4,19,19834
2,10,4,20,19891
2,10,4,21,19825
2,10,4,22,19762
2,10,4,23,19840
2,10,4,24,19746
2,10,4,25,19563
2,10,4,26,19886
2,10,4,27,19702
2,10,4,28,19792
2,10,4,29,19849
2,10,4,30,19627
2,10,4,31,19523
0,9,5,0,21423
0,9,5,1,21342
0,9,5,2,21496
0,9,5,3,21524
0,9,5,4,21624
0,9,5,5,21570
0,9,5,6,21263
0,9,5,7,21555
0,9,5,8,21508
0,9,5,9,21498
0,9,5,10,21528
0,9,5,11,21252
0,9,5,12,21164
0,9,5,13,21479
0,9,5,14,21331
0,9,5,15,21312
0,9,5,16,21346
0,9,5,17,21505
0,9,5,18,21418
0,9,5,19,21254
0,9,5,20,21539
0,9,5,21,21408
0,9,5,22,21475
0,9,5,23,21338
0,9,5,24,21357
0,9,5,25,21177
0,9,5,26,21292
0,9,5,27,21398
0,9,5,28,21549
0,9,5,29,21546
0,9,5,30,21304
0,9,5,31,21317
0,8,5,0,21829
0,8,5,1,21548
0,8,5,2,21353
0,8,5,3,21383
0,8,5,4,21115
0,8,5,5,21353
0,8,5,6,21420
0,8,5,7,21448
0,8,5,8,21295
0,8,5,9,21342
0,8,5,10,21336
0,8,5,11,21346
0,8,5,12,21232
0,8,5,13,21160
0,8,5,14,21223
0,8,5,15,21255
0,8,5,16,21277
0,8,5,17,21221
0,8,5,18,21224
0,8,5,19,21212
0,8,5,20,21443
0,8,5,21,21288
0,8,5,22,21185
0,8,5,23,21172
0,8,5,24,21312
0,8,5,25,21350
0,8,5,26,21352
0,8,5,27,21155
0,8,5,28,21352
0,8,5,29,21192
0,8,5,30,21197
0,8,5,31,21074
0,7,5,0,10639
0,7,5,1,10619
0,7,5,2,10657
0,7,5,3,10657
0,7,5,4,10602
0,7,5,5,10644
0,7,5,6,10778
0,7,5,7,10708
0,7,5,8,10669
0,7,5,9,10666
0,7,5,10,10564
0,7,5,11,10634
0,7,5,12,10603
0,7,5,13,10519
0,7,5,14,10595
0,7,5,15,10610
0,7,5,16,10592
0,7,5,17,10510
0,7,5,18,10763
0,7,5,19,10675
0,7,5,20,10657
0,7,5,21,10504
0,7,5,22,10617
0,7,5,23,10607
0,7,5,24,10597
0,7,5,25,10495
0,7,5,26,10684
0,7,5,27,10718
0,7,5,28,10633
0,7,5,29,10689
0,7,5,30,10653
0,7,5,31,10635
0,6,5,0,9662
0,6,5,1,9781
0,6,5,2,9678
0,6,5,3,9789
0,6,5,4,9748
0,6,5,5,9712
0,6,5,6,9635
0,6,5,7,9743
0,6,5,8,9591
0,6,5,9,9663
0,6,5,10,9651
0,6,5,11,9631
0,6,5,12,9630
0,6,5,13,9638
0,6,5,14,9715
0,6,5,15,9651
0,6,5,16,9734
0,6,5,17,9709
0,6,5,18,9761
0,6,5,19,9732
0,6,5,20,9697
0,6,5,21,9717
0,6,5,22,9544
0,6,5,23,9726
0,6,5,24,9727
0,6,5,25,9669
0,6,5,26,9714
0,6,5,27,9707
0,6,5,28,9707
0,6,5,29,9673
0,6,5,30,9750
0,6,5,31,9765
0,5,5,0,8951
0,5,5,1,9014
0,5,5,2,8856
0,5,5,3,8855
0,5,5,4,8895
0,5,5,5,8928
0,5,5,6,8848
0,5,5,7,8894
0,5,5,8,9147
0,5,5,9,8997
0,5,5,10,8927
0,5,5,11,9005
0,5,5,12,8971
0,5,5,13,8976
0,5,5,14,8988
0,5,5,15,9006
0,5,5,16,8938
0,5,5,17,8916
0,5,5,18,8900
0,5,5,19,8961
0,5,5,20,8962
0,5,5,21,8923
0,5,5,22,8918
0,5,5,23,8813
0,5,5,24,8916
0,5,5,25,8895
0,5,5,26,8883
0,5,5,27,9273
0,5,5,28,8940
0,5,5,29,8966
0,5,5,30,8928
0,5,5,31,8913
0,4,5,0,7797
0,4,5,1,7936
0,4,5,2,7851
0,4,5,3,7858
0,4,5,4,7818
0,4,5,5,7917
0,4,5,6,7749
0,4,5,7,7945
0,4,5,8,7838
0,4,5,9,7919
0,4,5,10,7764
0,4,5,11,7957
0,4,5,12,7942
0,4,5,13,7889
0,4,5,14,7978
0,4,5,15,8003
0,4,5,16,7883
0,4,5,17,7839
0,4,5,18,7845
0,4,5,19,7919
0,4,5,20,7914
0,4,5,21,7737
0,4,5,22,7903
0,4,5,23,7924
0,4,5,24,7886
0,4,5,25,7913
0,4,5,26,7892
0,4,5,27,7822
0,4,5,28,7943
0,4,5,29,7760
0,4,5,30,7879
0,4,5,31,7868
0,3,5,0,7130
0,3,5,1,7007
0,3,5,2,7013
0,3,5,3,7086
0,3,5,4,7033
0,3,5,5,7024
0,3,5,6,7147
0,3,5,7,7275
0,3,5,8,7119
0,3,5,9,7141
0,3,5,10,7115
0,3,5,11,7172
0,3,5,12,7009
0,3,5,13,7107
0,3,5,14,7187
0,3,5,15,7132
0,3,5,16,7145
0,3,5,17,7169
0,3,5,18,7253
0,3,5,19,7226
0,3,5,20,6994
0,3,5,21,7175
0,3,5,22,7162
0,3,5,23,7146
0,3,5,24,7121
0,3,5,25,7154
0,3,5,26,7119
0,3,5,27,7243
0,3,5,28,6972
0,3,5,29,7014
0,3,5,30,7176
0,3,5,31,7096
0,2,5,0,4573
0,2,5,1,4586
0,2,5,2,4577
0,2,5,3,4595
0,2,5,4,4557
0,2,5,5,4657
0,2,5,6,4558
0,2,5,7,4614
0,2,5,8,4505
0,2,5,9,4588
0,2,5,10,4498
0,2,5,11,4593
0,2,5,12,4611
0,2,5,13,4606
0,2,5,14,4526
0,2,5,15,4625
0,2,5,16,4582
0,2,5,17,4635
0,2,5,18,4578
0,2,5,19,4582
0,2,5,20,4607
0,2,5,21,4642
0,2,5,22,4593
0,2,5,23,4608
0,2,5,24,4589
0,2,5,25,4611
0,2,5,26,4579
0,2,5,27,4535
0,2,5,28,4563
0,2,5,29,4564
0,2,5,30,4587
0,2,5,31,4636
0,1,5,0,3527
0,1,5,1,3533
0,1,5,2,3568
0,1,5,3,3556
0,1,5,4,3561
0,1,5,5,3556
0,1,5,6,3532
0,1,5,7,3599
0,1,5,8,3561
0,1,5,9,3548
0,1,5,10,3580
0,1,5,11,3584
0,1,5,12,3558
0,1,5,13,3543
0,1,5,14,3562
0,1,5,15,3572
0,1,5,16,3572
0,1,5,17,3535
0,1,5,18,3495
0,1,5,19,3560
0,1,5,20,3519
0,1,5,21,3533
0,1,5,22,3524
0,1,5,23,3521
0,1,5,24,3565
0,1,5,25,3547
0,1,5,26,3564
0,1,5,27,3534
0,1,5,28,3519
0,1,5,29,3478
0,1,5,30,3543
0,1,5,31,3548
0,0,5,0,2717
0,0,5,1,2783
0,0,5,2,2794
0,0,5,3,2721
0,0,5,4,2782
0,0,5,5,2800
0,0,5,6,2782
0,0,5,7,2831
0,0,5,8,2814
0,0,5,9,2795
0,0,5,10,2784
0,0,5,11,2787
0,0,5,12,2801
0,0,5,13,2805
0,0,5,14,2818
0,0,5,15,2795
0,0,5,16,2795
0,0,5,17,2784
0,0,5,18,2780
0,0,5,19,2776
0,0,5,20,2774
0,0,5,21,2808
0,0,5,22,2779
0,0,5,23,2783
0,0,5,24,2793
0,0,5,25,2794
0,0,5,26,2768
0,0,5,27,2802
0,0,5,28,2806
0,0,5,29,2789
0,0,5,30,2784
0,0,5,31,2807
1,9,5,0,28317
1,9,5,1,28350
1,9,5,2,28056
1,9,5,3,28081
1,9,5,4,28308
1,9,5,5,28170
1,9,5,6,27916
1,9,5,7,28450
1,9,5,8,28450
1,9,5,9,28437
1,9,5,10,28534
1,9,5,11,28127
1,9,5,12,28130
1,9,5,13,28083
1,9,5,14,28238
1,9,5,15,28516
1,9,5,16,28473
1,9,5,17,28441
1,9,5,18,28457
1,9,5,19,28270
1,9,5,20,27992
1,9,5,21,28417
1,9,5,22,28303
1,9,5,23,28327
1,9,5,24,28369
1,9,5,25,27952
1,9,5,26,28217
1,9,5,27,27986
1,9,5,28,28190
1,9,5,29,28184
1,9,5,30,28429
1,9,5,31,28346
1,8,5,0,27778
1,8,5,1,28312
1,8,5,2,28358
1,8,5,3,28079
1,8,5,4,28325
1,8,5,5,28333
1,8,5,6,28430
1,8,5,7,27834
1,8,5,8,28309
1,8,5,9,28275
1,8,5,10,28350
1,8,5,11,28344
1,8,5,12,27867
1,8,5,13,28362
1,8,5,14,28337
1,8,5,15,28272
1,8,5,16,28245
1,8,5,17,28314
1,8,5,18,28221
1,8,5,19,28275
1,8,5,20,28301
1,8,5,21,28384
1,8,5,22,28331
1,8,5,23,28306
1,8,5,24,28198
1,8,5,25,28269
1,8,5,26,28358
1,8,5,27,28271
1,8,5,28,28348
1,8,5,29,28310
1,8,5,30,28300
1,8,5,31,28232
1,7,5,0,27504
1,7,5,1,27856
1,7,5,2,27991
1,7,5,3,28074
1,7,5,4,27749
1,7,5,5,28067
1,7,5,6,27635
1,7,5,7,28036
1,7,5,8,28586
1,7,5,9,28067
1,7,5,10,27694
1,7,5,11,28190
1,7,5,12,28097
1,7,5,13,28004
1,7,5,14,28028
1,7,5,15,28062
1,7,5,16,28047
1,7,5,17,28152
1,7,5,18,28202
1,7,5,19,28203
1,7,5,20,27977
1,7,5,21,28085
1,7,5,22,28110
1,7,5,23,28077
1,7,5,24,27966
1,7,5,25,28140
1,7,5,26,28075
1,7,5,27,27950
1,7,5,28,27584
1,7,5,29,28050
1,7,5,30,28134
1,7,5,31,28046
1,6,5,0,27038
1,6,5,1,27517
1,6,5,2,27490
1,6,5,3,27509
1,6,5,4,27035
1,6,5,5,27468
1,6,5,6,27585
1,6,5,7,27451
1,6,5,8,27328
1,6,5,9,27077
1,6,5,10,27522
1,6,5,11,27361
1,6,5,12,27594
1,6,5,13,27504
1,6,5,14,27003
1,6,5,15,27565
1,6,5,16,27586
1,6,5,17,27540
1,6,5,18,27540
1,6,5,19,27456
1,6,5,20,27581
1,6,5,21,27546
1,6,5,22,27569
1,6,5,23,27562
1,6,5,24,27518
1,6,5,25,27591
1,6,5,26,27598
1,6,5,27,27572
1,6,5,28,27559
1,6,5,29,27579
1,6,5,30,27516
1,6,5,31,27437
1,5,5,0,26259
1,5,5,1,26786
1,5,5,2,26899
1,5,5,3,26817
1,5,5,4,26331
1,5,5,5,26487
1,5,5,6,26262
1,5,5,7,26839
1,5,5,8,26751
1,5,5,9,26804
1,5,5,10,26706
1,5,5,11,26853
1,5,5,12,26371
1,5,5,13,26833
1,5,5,14,26869
1,5,5,15,26375
1,5,5,16,26306
1,5,5,17,26221
1,5,5,18,26334
1,5,5,19,26743
1,5,5,20,26635
1,5,5,21,26902
1,5,5,22,26496
1,5,5,23,26778
1,5,5,24,26696
1,5,5,25,26419
1,5,5,26,26464
1,5,5,27,26272
1,5,5,28,26320
1,5,5,29,26418
1,5,5,30,26799
1,5,5,31,26294
1,4,5,0,26118
1,4,5,1,26732
1,4,5,2,26665
1,4,5,3,26251
1,4,5,4,26282
1,4,5,5,26262
1,4,5,6,26237
1,4,5,7,26150
1,4,5,8,26320
1,4,5,9,26176
1,4,5,10,26262
1,4,5,11,26740
1,4,5,12,26269
1,4,5,13,26780
1,4,5,14,26151
1,4,5,15,26270
1,4,5,16,26329
1,4,5,17,26212
1,4,5,18,26377
1,4,5,19,26274
1,4,5,20,26305
1,4,5,21,26220
1,4,5,22,26302
1,4,5,23,26240
1,4,5,24,26338
1,4,5,25,26187
1,4,5,26,26648
1,4,5,27,26328
1,4,5,28,26429
1,4,5,29,26278
1,4,5,30,26286
1,4,5,31,26268
1,3,5,0,14359
1,3,5,1,14643
1,3,5,2,15022
1,3,5,3,14478
1,3,5,4,14431
1,3,5,5,14438
1,3,5,6,14416
1,3,5,7,14689
1,3,5,8,14694
1,3,5,9,14406
1,3,5,10,14377
1,3,5,11,14419
1,3,5,12,14473
1,3,5,13,14727
1,3,5,14,14368
1,3,5,15,14441
1,3,5,16,14717
1,3,5,17,14319
1,3,5,18,14593
1,3,5,19,14420
1,3,5,20,14719
1,3,5,21,14611
1,3,5,22,14498
1,3,5,23,14478
1,3,5,24,14462
1,3,5,25,14460
1,3,5,26,14349
1,3,5,27,14538
1,3,5,28,14651
1,3,5,29,14719
1,3,5,30,14414
1,3,5,31,14441
1,2,5,0,14422
1,2,5,1,14335
1,2,5,2,14402
1,2,5,3,14471
1,2,5,4,14452
1,2,5,5,14407
1,2,5,6,14503
1,2,5,7,14524
1,2,5,8,14448
1,2,5,9,14478
1,2,5,10,14271
1,2,5,11,14464
1,2,5,12,14454
1,2,5,13,14427
1,2,5,14,14404
1,2,5,15,14470
1,2,5,16,14467
1,2,5,17,14398
1,2,5,18,14510
1,2,5,19,14437
1,2,5,20,14499
1,2,5,21,14512
1,2,5,22,14187
1,2,5,23,14470
1,2,5,24,14397
1,2,5,25,14457
1,2,5,26,14436
1,2,5,27,14496
1,2,5,28,14454
1,2,5,29,14300
1,2,5,30,14217
1,2,5,31,14389
1,1,5,0,13698
1,1,5,1,13460
1,1,5,2,13488
1,1,5,3,13518
1,1,5,4,13718
1,1,5,5,13428
1,1,5,6,13714
1,1,5,7,13768
1,1,5,8,13499
1,1,5,9,13702
1,1,5,10,13685
1,1,5,11,13672
1,1,5,12,13736
1,1,5,13,13776
1,1,5,14,13658
1,1,5,15,13698
1,1,5,16,13441
1,1,5,17,13706
1,1,5,18,13775
1,1,5,19,13710
1,1,5,20,13413
1,1,5,21,13692
1,1,5,22,13495
1,1,5,23,13785
1,1,5,24,13456
1,1,5,25,13658
1,1,5,26,13733
1,1,5,27,13730
1,1,5,28,13705
1,1,5,29,13739
1,1,5,30,13617
1,1,5,31,13742
1,0,5,0,355
1,0,5,1,367
1,0,5,2,360
1,0,5,3,366
1,0,5,4,364
1,0,5,5,371
1,0,5,6,375
1,0,5,7,382
1,0,5,8,377
1,0,5,9,379
1,0,5,10,369
1,0,5,11,370
1,0,5,12,362
1,0,5,13,373
1,0,5,14,364
1,0,5,15,378
1,0,5,16,365
1,0,5,17,366
1,0,5,18,355
1,0,5,19,362
1,0,5,20,373
1,0,5,21,370
1,0,5,22,372
1,0,5,23,369
1,0,5,24,382
1,0,5,25,370
1,0,5,26,366
1,0,5,27,362
1,0,5,28,359
1,0,5,29,363
1,0,5,30,364
1,0,5,31,374
2,10,5,0,19880
2,10,5,1,19779
2,10,5,2,19536
2,10,5,3,19586
2,10,5,4,19998
2,10,5,5,19883
2,10,5,6,19819
2,10,5,7,19567
2,10,5,8,19631
2,10,5,9,19499
2,10,5,10,19832
2,10,5,11,19559
2,10,5,12,19546
2,10,5,13,19774
2,10,5,14,19783
2,10,5,15,19657
2,10,5,16,19907
2,10,5,17,19764
2,10,5,18,19877
2,10,5,19,19942
2,10,5,20,19846
2,10,5,21,19553
2,10,5,22,19823
2,10,5,23,19773
2,10,5,24,19841
2,10,5,25,19671
2,10,5,26,19712
2,10,5,27,19561
2,10,5,28,19561
2,10,5,29,19475
2,10,5,30,19761
2,10,5,31,19871
2,9,5,0,18902
2,9,5,1,18987
2,9,5,2,19070
2,9,5,3,19076
2,9,5,4,19128
2,9,5,5,18990
2,9,5,6,18907
2,9,5,7,18864
2,9,5,8,18834
2,9,5,9,19043
2,9,5,10,18894
2,9,5,11,18871
2,9,5,12,18908
2,9,5,13,18999
2,9,5,14,19144
2,9,5,15,18843
2,9,5,16,19027
2,9,5,17,18801
2,9,5,18,19076
2,9,5,19,18887
2,9,5,20,18751
2,9,5,21,18797
2,9,5,22,18891
2,9,5,23,19093
2,9,5,24,19088
2,9,5,25,18811
2,9,5,26,19106
2,9,5,27,18889
2,9,5,28,18835
2,9,5,29,19078
2,9,5,30,19179
2,9,5,31,19089
2,8,5,0,17926
2,8,5,1,18278
2,8,5,2,18286
2,8,5,3,18247
2,8,5,4,18198
2,8,5,5,18097
2,8,5,6,18144
2,8,5,7,18022
2,8,5,8,17962
2,8,5,9,18253
2,8,5,10,18218
2,8,5,11,18242
2,8,5,12,18182
2,8,5,13,18069
2,8,5,14,18246
2,8,5,15,18249
2,8,5,16,18000
2,8,5,17,18160
2,8,5,18,18052
2,8,5,19,18189
2,8,5,20,18085
2,8,5,21,18017
2,8,5,22,18208
2,8,5,23,18087
2,8,5,24,18190
2,8,5,25,17970
2,8,5,26,18251
2,8,5,27,18787
2,8,5,28,18082
2,8,5,29,18244
2,8,5,30,18225
2,8,5,31,18215
2,7,5,0,15712
2,7,5,1,15768
2,7,5,2,15645
2,7,5,3,15761
2,7,5,4,15580
2,7,5,5,15861
2,7,5,6,15559
2,7,5,7,15565
2,7,5,8,15569
2,7,5,9,15803
2,7,5,10,15634
2,7,5,11,15749
2,7,5,12,15791
2,7,5,13,15826
2,7,5,14,15803
2,7,5,15,15580
2,7,5,16,15601
2,7,5,17,15572
2,7,5,18,15608
2,7,5,19,15668
2,7,5,20,15715
2,7,5,21,15518
2,7,5,22,15766
2,7,5,23,15785
2,7,5,24,15573
2,7,5,25,15537
2,7,5,26,15516
2,7,5,27,15501
2,7,5,28,15600
2,7,5,29,15528
2,7,5,30,15778
2,7,5,31,15789
2,6,5,0,15406
2,6,5,1,15469
2,6,5,2,15547
2,6,5,3,15401
2,6,5,4,15359
2,6,5,5,15431
2,6,5,6,15373
2,6,5,7,15467
2,6,5,8,15682
2,6,5,9,15615
2,6,5,10,15666
2,6,5,11,15377
2,6,5,12,15483
2,6,5,13,15440
2,6,5,14,15685
2,6,5,15,15612
2,6,5,16,15497
2,6,5,17,15448
2,6,5,18,15443
2,6,5,19,15610
2,6,5,20,15373
2,6,5,21,15620
2,6,5,22,15680
2,6,5,23,15606
2,6,5,24,15564
2,6,5,25,15587
2,6,5,26,15554
2,6,5,27,15604
2,6,5,28,15409
2,6,5,29,15607
2,6,5,30,15700
2,6,5,31,15404
2,5,5,0,3689
2,5,5,1,3694
2,5,5,2,3631
2,5,5,3,3643
2,5,5,4,3615
2,5,5,5,3632
2,5,5,6,3655
2,5,5,7,3638
2,5,5,8,3683
2,5,5,9,3659
2,5,5,10,3671
2,5,5,11,3660
2,5,5,12,3665
2,5,5,13,3650
2,5,5,14,3610
2,5,5,15,3649
2,5,5,16,3642
2,5,5,17,3658
2,5,5,18,3667
2,5,5,19,3618
2,5,5,20,3598
2,5,5,21,3665
2,5,5,22,3639
2,5,5,23,3602
2,5,5,24,3637
2,5,5,25,3623
2,5,5,26,3655
2,5,5,27,3634
2,5,5,28,3616
2,5,5,29,3637
2,5,5,30,3641
2,5,5,31,3654
2,4,5,0,3360
2,4,5,1,3433
2,4,5,2,3437
2,4,5,3,3390
2,4,5,4,3386
2,4,5,5,3394
2,4,5,6,3408
2,4,5,7,3401
2,4,5,8,3388
2,4,5,9,3391
2,4,5,10,3390
2,4,5,11,3410
2,4,5,12,3410
2,4,5,13,3412
2,4,5,14,3421
2,4,5,15,3438
2,4,5,16,3452
2,4,5,17,3391
2,4,5,18,3422
2,4,5,19,3425
2,4,5,20,3450
2,4,5,21,3437
2,4,5,22,3391
2,4,5,23,3428
2,4,5,24,3416
2,4,5,25,3394
2,4,5,26,3408
2,4,5,27,3417
2,4,5,28,3399
2,4,5,29,3395
2,4,5,30,3381
2,4,5,31,3415
2,3,5,0,2881
2,3,5,1,2870
2,3,5,2,2862
2,3,5,3,2864
2,3,5,4,2901
2,3,5,5,2902
2,3,5,6,2954
2,3,5,7,2886
2,3,5,8,2895
2,3,5,9,2866
2,3,5,10,2859
2,3,5,11,2910
2,3,5,12,2861
2,3,5,13,2854
2,3,5,14,2869
2,3,5,15,2881
2,3,5,16,2900
2,3,5,17,2874
2,3,5,18,2883
2,3,5,19,2870
2,3,5,20,2887
2,3,5,21,2893
2,3,5,22,2878
2,3,5,23,2861
2,3,5,24,2889
2,3,5,25,2916
2,3,5,26,2878
2,3,5,27,2884
2,3,5,28,2938
2,3,5,29,2891
2,3,5,30,2871
2,3,5,31,2898
2,2,5,0,2052
2,2,5,1,2049
2,2,5,2,2042
2,2,5,3,2048
2,2,5,4,2030
2,2,5,5,2039
2,2,5,6,2037
2,2,5,7,2039
2,2,5,8,2043
2,2,5,9,2028
2,2,5,10,2014
2,2,5,11,2073
2,2,5,12,2067
2,2,5,13,2073
2,2,5,14,2085
2,2,5,15,2054
2,2,5,16,2052
2,2,5,17,2044
2,2,5,18,2054
2,2,5,19,2042
2,2,5,20,2062
2,2,5,21,2022
2,2,5,22,2040
2,2,5,23,2059
2,2,5,24,2062
2,2,5,25,2066
2,2,5,26,2049
2,2,5,27,2040
2,2,5,28,2046
2,2,5,29,2053
2,2,5,30,2040
2,2,5,31,2073
2,1,5,0,1083
2,1,5,1,1101
2,1,5,2,1084
2,1,5,3,1095
2,1,5,4,1092
2,1,5,5,1093
2,1,5,6,1089
2,1,5,7,1089
2,1,5,8,1098
2,1,5,9,1097
2,1,5,10,1081
2,1,5,11,1090
2,1,5,12,1084
2,1,5,13,1093
2,1,5,14,1083
2,1,5,15,1097
2,1,5,16,1113
2,1,5,17,1098
2,1,5,18,1092
2,1,5,19,1077
2,1,5,20,1110
2,1,5,21,1073
2,1,5,22,1076
2,1,5,23,1103
2,1,5,24,1088
2,1,5,25,1089
2,1,5,26,1086
2,1,5,27,1103
2,1,5,28,1081
2,1,5,29,1087
2,1,5,30,1092
2,1,5,31,1109
2,0,5,0,667
2,0,5,1,662
2,0,5,2,650
2,0,5,3,668
2,0,5,4,660
2,0,5,5,667
2,0,5,6,671
2,0,5,7,668
2,0,5,8,680
2,0,5,9,669
2,0,5,10,657
2,0,5,11,655
2,0,5,12,648
2,0,5,13,667
2,0,5,14,670
2,0,5,15,662
2,0,5,16,671
2,0,5,17,660
2,0,5,18,686
2,0,5,19,677
2,0,5,20,675
2,0,5,21,660
2,0,5,22,681
2,0,5,23,660
2,0,5,24,683
2,0,5,25,664
2,0,5,26,653
2,0,5,27,681
2,0,5,28,663
2,0,5,29,653
2,0,5,30,665
2,0,5,31,689
0,0,6,0,2784
0,0,6,1,2825
0,0,6,2,2803
0,0,6,3,2806
0,0,6,4,2820
0,0,6,5,2794
0,0,6,6,2819
0,0,6,7,2874
0,0,6,8,2796
0,0,6,9,2781
0,0,6,10,2816
0,0,6,11,2796
0,0,6,12,2792
0,0,6,13,2820
0,0,6,14,2826
0,0,6,15,2814
0,0,6,16,2808
0,0,6,17,2800
0,0,6,18,2796
0,0,6,19,2804
0,0,6,20,2803
0,0,6,21,2810
0,0,6,22,2786
0,0,6,23,2817
0,0,6,24,2805
0,0,6,25,2841
0,0,6,26,2800
0,0,6,27,2826
0,0,6,28,2787
0,0,6,29,2803
0,0,6,30,2755
0,0,6,31,2808
0,1,6,0,3551
0,1,6,1,3598
0,1,6,2,3553
0,1,6,3,3543
0,1,6,4,3567
0,1,6,5,3559
0,1,6,6,3583
0,1,6,7,3616
0,1,6,8,3564
0,1,6,9,3551
0,1,6,10,3565
0,1,6,11,3567
0,1,6,12,3526
0,1,6,13,3525
0,1,6,14,3572
0,1,6,15,3591
0,1,6,16,3518
0,1,6,17,3514
0,1,6,18,3549
0,1,6,19,3546
0,1,6,20,3532
0,1,6,21,3569
0,1,6,22,3549
0,1,6,23,3532
0,1,6,24,3550
0,1,6,25,3572
0,1,6,26,3610
0,1,6,27,3516
0,1,6,28,3541
0,1,6,29,3526
0,1,6,30,3558
0,1,6,31,3574
0,2,6,0,4578
0,2,6,1,4570
0,2,6,2,4592
0,2,6,3,4614
0,2,6,4,4618
0,2,6,5,4588
0,2,6,6,4637
0,2,6,7,4573
0,2,6,8,4534
0,2,6,9,4566
0,2,6,10,4610
0,2,6,11,4592
0,2,6,12,4534
0,2,6,13,4572
0,2,6,14,4589
0,2,6,15,4602
0,2,6,16,4595
0,2,6,17,4578
0,2,6,18,4601
0,2,6,19,4573
0,2,6,20,4587
0,2,6,21,4603
0,2,6,22,4562
0,2,6,23,4564
0,2,6,24,4602
0,2,6,25,4581
0,2,6,26,4721
0,2,6,27,4605
0,2,6,28,4542
0,2,6,29,4640
0,2,6,30,4605
0,2,6,31,4605
0,3,6,0,7235
0,3,6,1,7081
0,3,6,2,7130
0,3,6,3,7099
0,3,6,4,7126
0,3,6,5,7099
0,3,6,6,7095
0,3,6,7,7096
0,3,6,8,7118
0,3,6,9,7173
0,3,6,10,7127
0,3,6,11,7156
0,3,6,12,7118
0,3,6,13,7154
0,3,6,14,7108
0,3,6,15,7069
0,3,6,16,7162
0,3,6,17,7041
0,3,6,18,7157
0,3,6,19,7156
0,3,6,20,7074
0,3,6,21,7076
0,3,6,22,7056
0,3,6,23,7136
0,3,6,24,7159
0,3,6,25,7219
0,3,6,26,7162
0,3,6,27,7139
0,3,6,28,7057
0,3,6,29,7170
0,3,6,30,7129
0,3,6,31,7153
0,4,6,0,7973
0,4,6,1,7864
0,4,6,2,7871
0,4,6,3,7856
0,4,6,4,7916
0,4,6,5,7769
0,4,6,6,7865
0,4,6,7,7896
0,4,6,8,7931
0,4,6,9,7907
0,4,6,10,7899
0,4,6,11,7919
0,4,6,12,7880
0,4,6,13,7906
0,4,6,14,7935
0,4,6,15,7908
0,4,6,16,7921
0,4,6,17,7917
0,4,6,18,7788
0,4,6,19,7799
0,4,6,20,7943
0,4,6,21,7854
0,4,6,22,7813
0,4,6,23,7889
0,4,6,24,7799
0,4,6,25,7886
0,4,6,26,7773
0,4,6,27,7858
0,4,6,28,7835
0,4,6,29,7920
0,4,6,30,7735
0,4,6,31,7774
0,5,6,0,8927
0,5,6,1,8925
0,5,6,2,8803
0,5,6,3,8936
0,5,6,4,8962
0,5,6,5,8898
0,5,6,6,8913
0,5,6,7,8915
0,5,6,8,8949
0,5,6,9,8846
0,5,6,10,8870
0,5,6,11,8926
0,5,6,12,8902
0,5,6,13,8897
0,5,6,14,8960
0,5,6,15,8877
0,5,6,16,9383
0,5,6,17,8895
0,5,6,18,8822
0,5,6,19,8900
0,5,6,20,8888
0,5,6,21,8854
0,5,6,22,8945
0,5,6,23,8929
0,5,6,24,8979
0,5,6,25,9011
0,5,6,26,8937
0,5,6,27,8940
0,5,6,28,8977
0,5,6,29,8934
0,5,6,30,8966
0,5,6,31,8989
0,6,6,0,9619
0,6,6,1,9612
0,6,6,2,9850
0,6,6,3,9698
0,6,6,4,9756
0,6,6,5,9700
0,6,6,6,9528
0,6,6,7,9627
0,6,6,8,9492
0,6,6,9,9700
0,6,6,10,9716
0,6,6,11,9695
0,6,6,12,9736
0,6,6,13,9679
0,6,6,14,9676
0,6,6,15,9610
0,6,6,16,9643
0,6,6,17,9765
0,6,6,18,9705
0,6,6,19,9680
0,6,6,20,9605
0,6,6,21,9723
0,6,6,22,9662
0,6,6,23,9660
0,6,6,24,9577
0,6,6,25,9666
0,6,6,26,9679
0,6,6,27,9618
0,6,6,28,9687
0,6,6,29,9729
0,6,6,30,9690
0,6,6,31,9646
0,7,6,0,10582
0,7,6,1,10594
0,7,6,2,10571
0,7,6,3,10731
0,7,6,4,10628
0,7,6,5,10666
0,7,6,6,10581
0,7,6,7,10590
0,7,6,8,10463
0,7,6,9,10634
0,7,6,10,10674
0,7,6,11,10632
0,7,6,12,10639
0,7,6,13,10691
0,7,6,14,10559
0,7,6,15,10606
0,7,6,16,10670
0,7,6,17,10685
0,7,6,18,10665
0,7,6,19,10639
0,7,6,20,10714
0,7,6,21,10616
0,7,6,22,10639
0,7,6,23,10621
0,7,6,24,10562
0,7,6,25,10595
0,7,6,26,10619
0,7,6,27,10578
0,7,6,28,10674
0,7,6,29,10775
0,7,6,30,10614
0,7,6,31,10631
0,8,6,0,21113
0,8,6,1,21221
0,8,6,2,21107
0,8,6,3,21266
0,8,6,4,21089
0,8,6,5,21153
0,8,6,6,21068
0,8,6,7,21244
0,8,6,8,21182
0,8,6,9,21376
0,8,6,10,21208
0,8,6,11,21204
0,8,6,12,21312
0,8,6,13,21132
0,8,6,14,21116
0,8,6,15,21411
0,8,6,16,21232
0,8,6,17,21260
0,8,6,18,21226
0,8,6,19,21449
0,8,6,20,21031
0,8,6,21,21161
0,8,6,22,21580
0,8,6,23,21639
0,8,6,24,21147
0,8,6,25,21363
0,8,6,26,21056
0,8,6,27,21311
0,8,6,28,21370
0,8,6,29,21088
0,8,6,30,21257
0,8,6,31,21047
0,9,6,0,21224
0,9,6,1,21339
0,9,6,2,21131
0,9,6,3,21225
0,9,6,4,21170
0,9,6,5,21404
0,9,6,6,21323
0,9,6,7,21589
0,9,6,8,21520
0,9,6,9,21303
0,9,6,10,21126
0,9,6,11,21352
0,9,6,12,21292
0,9,6,13,21294
0,9,6,14,21453
0,9,6,15,21584
0,9,6,16,21540
0,9,6,17,21349
0,9,6,18,21329
0,9,6,19,21283
0,9,6,20,21517
0,9,6,21,21207
0,9,6,22,21586
0,9,6,23,21604
0,9,6,24,21227
0,9,6,25,21154
0,9,6,26,21322
0,9,6,27,21380
0,9,6,28,21248
0,9,6,29,21544
0,9,6,30,21363
0,9,6,31,21396
1,0,6,0,379
1,0,6,1,357
1,0,6,2,355
1,0,6,3,366
1,0,6,4,356
1,0,6,5,373
1,0,6,6,382
1,0,6,7,378
1,0,6,8,379
1,0,6,9,372
1,0,6,10,369
1,0,6,11,369
1,0,6,12,368
1,0,6,13,364
1,0,6,14,371
1,0,6,15,367
1,0,6,16,364
1,0,6,17,352
1,0,6,18,356
1,0,6,19,354
1,0,6,20,362
1,0,6,21,367
1,0,6,22,375
1,0,6,23,386
1,0,6,24,378
1,0,6,25,363
1,0,6,26,360
1,0,6,27,358
1,0,6,28,364
1,0,6,29,365
1,0,6,30,359
1,0,6,31,364
1,1,6,0,13759
1,1,6,1,13729
1,1,6,2,13719
1,1,6,3,13769
1,1,6,4,13669
1,1,6,5,13677
1,1,6,6,13438
1,1,6,7,13474
1,1,6,8,13461
1,1,6,9,13506
1,1,6,10,13720
1,1,6,11,13703
1,1,6,12,13790
1,1,6,13,13832
1,1,6,14,13739
1,1,6,15,13722
1,1,6,16,13703
1,1,6,17,13490
1,1,6,18,13753
1,1,6,19,13753
1,1,6,20,13724
1,1,6,21,13673
1,1,6,22,13768
1,1,6,23,13700
1,1,6,24,13723
1,1,6,25,13726
1,1,6,26,13621
1,1,6,27,13766
1,1,6,28,13747
1,1,6,29,13720
1,1,6,30,13725
1,1,6,31,13705
1,2,6,0,14477
1,2,6,1,14456
1,2,6,2,14453
1,2,6,3,14487
1,2,6,4,14433
1,2,6,5,14438
1,2,6,6,14484
1,2,6,7,14503
1,2,6,8,14542
1,2,6,9,14479
1,2,6,10,14501
1,2,6,11,14557
1,2,6,12,14182
1,2,6,13,14271
1,2,6,14,14526
1,2,6,15,14479
1,2,6,16,14335
1,2,6,17,14563
1,2,6,18,14293
1,2,6,19,14353
1,2,6,20,14478
1,2,6,21,14413
1,2,6,22,14535
1,2,6,23,14500
1,2,6,24,14457
1,2,6,25,14484
1,2,6,26,14868
1,2,6,27,14506
1,2,6,28,14452
1,2,6,29,14478
1,2,6,30,14467
1,2,6,31,14509
1,3,6,0,14692
1,3,6,1,14697
1,3,6,2,14615
1,3,6,3,14680
1,3,6,4,14721
1,3,6,5,14661
1,3,6,6,14719
1,3,6,7,14692
1,3,6,8,14647
1,3,6,9,14720
1,3,6,10,14724
1,3,6,11,14730
1,3,6,12,14694
1,3,6,13,14622
1,3,6,14,14665
1,3,6,15,14674
1,3,6,16,14444
1,3,6,17,14467
1,3,6,18,14687
1,3,6,19,14651
1,3,6,20,14397
1,3,6,21,14632
1,3,6,22,14677
1,3,6,23,14432
1,3,6,24,14758
1,3,6,25,14697
1,3,6,26,14729
1,3,6,27,14718
1,3,6,28,14659
1,3,6,29,14670
1,3,6,30,14720
1,3,6,31,14609
1,4,6,0,26708
1,4,6,1,26554
1,4,6,2,26628
1,4,6,3,26210
1,4,6,4,26634
1,4,6,5,26610
1,4,6,6,26621
1,4,6,7,26688
1,4,6,8,26647
1,4,6,9,26656
1,4,6,10,26682
1,4,6,11,26663
1,4,6,12,26621
1,4,6,13,26410
1,4,6,14,37759
1,4,6,15,26691
1,4,6,16,26683
1,4,6,17,26718
1,4,6,18,26726
1,4,6,19,26708
1,4,6,20,26570
1,4,6,21,26601
1,4,6,22,26742
1,4,6,23,26801
1,4,6,24,26414
1,4,6,25,26643
1,4,6,26,26460
1,4,6,27,26675
1,4,6,28,26687
1,4,6,29,26601
1,4,6,30,26224
1,4,6,31,26682
1,5,6,0,26575
1,5,6,1,26881
1,5,6,2,26774
1,5,6,3,26771
1,5,6,4,26798
1,5,6,5,26373
1,5,6,6,26581
1,5,6,7,26649
1,5,6,8,26588
1,5,6,9,26386
1,5,6,10,26511
1,5,6,11,26350
1,5,6,12,26562
1,5,6,13,26290
1,5,6,14,26624
1,5,6,15,26512
1,5,6,16,26401
1,5,6,17,26436
1,5,6,18,26847
1,5,6,19,26696
1,5,6,20,26544
1,5,6,21,26714
1,5,6,22,26654
1,5,6,23,26605
1,5,6,24,26654
1,5,6,25,26575
1,5,6,26,26590
1,5,6,27,26504
1,5,6,28,26752
1,5,6,29,26829
1,5,6,30,26579
1,5,6,31,26568
1,6,6,0,26961
1,6,6,1,27594
1,6,6,2,27536
1,6,6,3,27484
1,6,6,4,27136
1,6,6,5,26988
1,6,6,6,27513
1,6,6,7,27523
1,6,6,8,27514
1,6,6,9,27472
1,6,6,10,27388
1,6,6,11,27466
1,6,6,12,27239
1,6,6,13,27594
1,6,6,14,27491
1,6,6,15,27557
1,6,6,16,27593
1,6,6,17,27497
1,6,6,18,27614
1,6,6,19,27499
1,6,6,20,27535
1,6,6,21,27544
1,6,6,22,27566
1,6,6,23,27508
1,6,6,24,27474
1,6,6,25,27065
1,6,6,26,27606
1,6,6,27,27574
1,6,6,28,27549
1,6,6,29,27305
1,6,6,30,27071
1,6,6,31,27603
1,7,6,0,27843
1,7,6,1,27546
1,7,6,2,28286
1,7,6,3,28281
1,7,6,4,28117
1,7,6,5,28272
1,7,6,6,28097
1,7,6,7,27924
1,7,6,8,28001
1,7,6,9,28121
1,7,6,10,27927
1,7,6,11,27840
1,7,6,12,27803
1,7,6,13,28202
1,7,6,14,28114
1,7,6,15,28025
1,7,6,16,27909
1,7,6,17,27643
1,7,6,18,28090
1,7,6,19,28134
1,7,6,20,28143
1,7,6,21,28046
1,7,6,22,28117
1,7,6,23,28147
1,7,6,24,27643
1,7,6,25,27835
1,7,6,26,28118
1,7,6,27,28121
1,7,6,28,28028
1,7,6,29,27949
1,7,6,30,28116
1,7,6,31,27703
1,8,6,0,27867
1,8,6,1,28291
1,8,6,2,28379
1,8,6,3,28258
1,8,6,4,28170
1,8,6,5,28252
1,8,6,6,28365
1,8,6,7,28028
1,8,6,8,39029
1,8,6,9,28227
1,8,6,10,28228
1,8,6,11,28374
1,8,6,12,28452
1,8,6,13,28432
1,8,6,14,28336
1,8,6,15,28266
1,8,6,16,28224
1,8,6,17,28297
1,8,6,18,28331
1,8,6,19,28270
1,8,6,20,28280
1,8,6,21,28376
1,8,6,22,28329
1,8,6,23,28351
1,8,6,24,28248
1,8,6,25,28367
1,8,6,26,28297
1,8,6,27,28362
1,8,6,28,28679
1,8,6,29,28479
1,8,6,30,28244
1,8,6,31,28325
1,9,6,0,28371
1,9,6,1,28395
1,9,6,2,28367
1,9,6,3,28543
1,9,6,4,28319
1,9,6,5,28305
1,9,6,6,28485
1,9,6,7,28332
1,9,6,8,28263
1,9,6,9,28327
1,9,6,10,28421
1,9,6,11,28436
1,9,6,12,28335
1,9,6,13,28341
1,9,6,14,28485
1,9,6,15,28393
1,9,6,16,28431
1,9,6,17,28473
1,9,6,18,28325
1,9,6,19,28321
1,9,6,20,28441
1,9,6,21,28318
1,9,6,22,28485
1,9,6,23,28469
1,9,6,24,28387
1,9,6,25,28486
1,9,6,26,28379
1,9,6,27,28352
1,9,6,28,28248
1,9,6,29,28298
1,9,6,30,28392
1,9,6,31,28312
2,0,6,0,663
2,0,6,1,657
2,0,6,2,658
2,0,6,3,654
2,0,6,4,650
2,0,6,5,668
2,0,6,6,670
2,0,6,7,654
2,0,6,8,652
2,0,6,9,646
2,0,6,10,651
2,0,6,11,685
2,0,6,12,657
2,0,6,13,669
2,0,6,14,663
2,0,6,15,664
2,0,6,16,667
2,0,6,17,681
2,0,6,18,662
2,0,6,19,676
2,0,6,20,657
2,0,6,21,668
2,0,6,22,679
2,0,6,23,688
2,0,6,24,652
2,0,6,25,656
2,0,6,26,668
2,0,6,27,650
2,0,6,28,671
2,0,6,29,665
2,0,6,30,661
2,0,6,31,680
2,1,6,0,1084
2,1,6,1,1111
2,1,6,2,1125
2,1,6,3,1109
2,1,6,4,1128
2,1,6,5,1106
2,1,6,6,1113
2,1,6,7,1076
2,1,6,8,1081
2,1,6,9,1085
2,1,6,10,1083
2,1,6,11,1082
2,1,6,12,1084
2,1,6,13,1081
2,1,6,14,1080
2,1,6,15,1102
2,1,6,16,1106
2,1,6,17,1085
2,1,6,18,1091
2,1,6,19,1090
2,1,6,20,1097
2,1,6,21,1110
2,1,6,22,1097
2,1,6,23,1086
2,1,6,24,1086
2,1,6,25,1100
2,1,6,26,1098
2,1,6,27,1086
2,1,6,28,1105
2,1,6,29,1078
2,1,6,30,1092
2,1,6,31,1113
2,2,6,0,2077
2,2,6,1,2076
2,2,6,2,2071
2,2,6,3,2038
2,2,6,4,2092
2,2,6,5,2040
2,2,6,6,2048
2,2,6,7,2044
2,2,6,8,2045
2,2,6,9,2042
2,2,6,10,2033
2,2,6,11,2046
2,2,6,12,2038
2,2,6,13,2046
2,2,6,14,2052
2,2,6,15,2070
2,2,6,16,2061
2,2,6,17,2027
2,2,6,18,2066
2,2,6,19,2039
2,2,6,20,2030
2,2,6,21,2056
2,2,6,22,2022
2,2,6,23,2039
2,2,6,24,2025
2,2,6,25,2033
2,2,6,26,2045
2,2,6,27,2028
2,2,6,28,2068
2,2,6,29,2031
2,2,6,30,2049
2,2,6,31,2038
2,3,6,0,2871
2,3,6,1,2876
2,3,6,2,2872
2,3,6,3,2923
2,3,6,4,2891
2,3,6,5,2871
2,3,6,6,2875
2,3,6,7,2857
2,3,6,8,2878
2,3,6,9,2880
2,3,6,10,2907
2,3,6,11,2883
2,3,6,12,2868
2,3,6,13,2899
2,3,6,14,2865
2,3,6,15,2920
2,3,6,16,2927
2,3,6,17,2889
2,3,6,18,2864
2,3,6,19,2895
2,3,6,20,2887
2,3,6,21,2878
2,3,6,22,2853
2,3,6,23,2907
2,3,6,24,2869
2,3,6,25,2883
2,3,6,26,2882
2,3,6,27,2866
2,3,6,28,2849
2,3,6,29,2883
2,3,6,30,2927
2,3,6,31,2906
2,4,6,0,3426
2,4,6,1,3402
2,4,6,2,3436
2,4,6,3,3429
2,4,6,4,3404
2,4,6,5,3399
2,4,6,6,3405
2,4,6,7,3393
2,4,6,8,3402
2,4,6,9,3430
2,4,6,10,3390
2,4,6,11,3411
2,4,6,12,3394
2,4,6,13,3419
2,4,6,14,3396
2,4,6,15,3389
2,4,6,16,3443
2,4,6,17,3395
2,4,6,18,3398
2,4,6,19,3403
2,4,6,20,3409
2,4,6,21,3468
2,4,6,22,3433
2,4,6,23,3417
2,4,6,24,3420
2,4,6,25,3450
2,4,6,26,3789
2,4,6,27,3410
2,4,6,28,3396
2,4,6,29,3416
2,4,6,30,3406
2,4,6,31,3401
2,5,6,0,3668
2,5,6,1,3638
2,5,6,2,3656
2,5,6,3,3690
2,5,6,4,3618
2,5,6,5,3614
2,5,6,6,3637
2,5,6,7,3630
2,5,6,8,3627
2,5,6,9,3634
2,5,6,10,3612
2,5,6,11,3605
2,5,6,12,3614
2,5,6,13,3650
2,5,6,14,3617
2,5,6,15,3659
2,5,6,16,3643
2,5,6,17,3658
2,5,6,18,3642
2,5,6,19,3602
2,5,6,20,3672
2,5,6,21,3622
2,5,6,22,3629
2,5,6,23,3653
2,5,6,24,3644
2,5,6,25,3684
2,5,6,26,3667
2,5,6,27,3634
2,5,6,28,3628
2,5,6,29,3657
2,5,6,30,3653
2,5,6,31,3685
2,6,6,0,15636
2,6,6,1,15536
2,6,6,2,15611
2,6,6,3,15410
2,6,6,4,15582
2,6,6,5,15496
2,6,6,6,15636
2,6,6,7,15397
2,6,6,8,15625
2,6,6,9,15656
2,6,6,10,15486
2,6,6,11,15582
2,6,6,12,15405
2,6,6,13,15438
2,6,6,14,15456
2,6,6,15,15677
2,6,6,16,15624
2,6,6,17,15527
2,6,6,18,15359
2,6,6,19,15430
2,6,6,20,15345
2,6,6,21,15380
2,6,6,22,15458
2,6,6,23,15437
2,6,6,24,15681
2,6,6,25,15592
2,6,6,26,15632
2,6,6,27,15529
2,6,6,28,15677
2,6,6,29,15647
2,6,6,30,15434
2,6,6,31,15667
2,7,6,0,15712
2,7,6,1,15713
2,7,6,2,15759
2,7,6,3,15689
2,7,6,4,15808
2,7,6,5,15617
2,7,6,6,15805
2,7,6,7,15628
2,7,6,8,15595
2,7,6,9,15597
2,7,6,10,15578
2,7,6,11,15542
2,7,6,12,15604
2,7,6,13,15546
2,7,6,14,15686
2,7,6,15,15889
2,7,6,16,15527
2,7,6,17,15724
2,7,6,18,15743
2,7,6,19,15734
2,7,6,20,15626
2,7,6,21,15792
2,7,6,22,15522
2,7,6,23,15847
2,7,6,24,15543
2,7,6,25,15827
2,7,6,26,15769
2,7,6,27,15653
2,7,6,28,15580
2,7,6,29,15820
2,7,6,30,15795
2,7,6,31,15806
2,8,6,0,18247
2,8,6,1,18104
2,8,6,2,17965
2,8,6,3,18249
2,8,6,4,18251
2,8,6,5,18190
2,8,6,6,18258
2,8,6,7,18196
2,8,6,8,18067
2,8,6,9,18129
2,8,6,10,18202
2,8,6,11,18214
2,8,6,12,18147
2,8,6,13,18198
2,8,6,14,18211
2,8,6,15,18229
2,8,6,16,18412
2,8,6,17,18114
2,8,6,18,18193
2,8,6,19,18473
2,8,6,20,17914
2,8,6,21,18228
2,8,6,22,18183
2,8,6,23,18010
2,8,6,24,18046
2,8,6,25,18165
2,8,6,26,18080
2,8,6,27,18230
2,8,6,28,18074
2,8,6,29,18251
2,8,6,30,18007
2,8,6,31,18179
2,9,6,0,19177
2,9,6,1,19112
2,9,6,2,19110
2,9,6,3,19144
2,9,6,4,19064
2,9,6,5,18818
2,9,6,6,18910
2,9,6,7,18932
2,9,6,8,18837
2,9,6,9,18848
2,9,6,10,18865
2,9,6,11,19132
2,9,6,12,19148
2,9,6,13,19215
2,9,6,14,19140
2,9,6,15,19085
2,9,6,16,19075
2,9,6,17,19051
2,9,6,18,19055
2,9,6,19,18952
2,9,6,20,18858
2,9,6,21,19166
2,9,6,22,19047
2,9,6,23,19077
2,9,6,24,18861
2,9,6,25,18771
2,9,6,26,19050
2,9,6,27,19051
2,9,6,28,18853
2,9,6,29,19077
2,9,6,30,19052
2,9,6,31,18906
2,10,6,0,19953
2,10,6,1,19776
2,10,6,2,19846
2,10,6,3,19764
2,10,6,4,19846
2,10,6,5,19801
2,10,6,6,19743
2,10,6,7,19519
2,10,6,8,19792
2,10,6,9,19849
2,10,6,10,19748
2,10,6,11,19830
2,10,6,12,19842
2,10,6,13,19746
2,10,6,14,19500
2,10,6,15,19750
2,10,6,16,19563
2,10,6,17,19638
2,10,6,18,19572
2,10,6,19,19533
2,10,6,20,19610
2,10,6,21,19789
2,10,6,22,19880
2,10,6,23,19828
2,10,6,24,19617
2,10,6,25,19558
2,10,6,26,19549
2,10,6,27,19619
2,10,6,28,19547
2,10,6,29,19844
2,10,6,30,19636
2,10,6,31,19832
0,9,7,0,21581
0,9,7,1,21624
0,9,7,2,21659
0,9,7,3,21339
0,9,7,4,21421
0,9,7,5,21276
0,9,7,6,21376
0,9,7,7,21151
0,9,7,8,21521
0,9,7,9,21473
0,9,7,10,21327
0,9,7,11,21176
0,9,7,12,21682
0,9,7,13,21374
0,9,7,14,21197
0,9,7,15,21237
0,9,7,16,21393
0,9,7,17,21334
0,9,7,18,21173
0,9,7,19,21403
0,9,7,20,21396
0,9,7,21,21161
0,9,7,22,21392
0,9,7,23,21340
0,9,7,24,21272
0,9,7,25,21530
0,9,7,26,21207
0,9,7,27,21425
0,9,7,28,21302
0,9,7,29,21455
0,9,7,30,21330
0,9,7,31,21303
0,8,7,0,21246
0,8,7,1,21408
0,8,7,2,21052
0,8,7,3,21156
0,8,7,4,21074
0,8,7,5,21371
0,8,7,6,21323
0,8,7,7,21232
0,8,7,8,21378
0,8,7,9,21197
0,8,7,10,21363
0,8,7,11,21410
0,8,7,12,21348
0,8,7,13,21402
0,8,7,14,21391
0,8,7,15,21397
0,8,7,16,21291
0,8,7,17,21200
0,8,7,18,21293
0,8,7,19,21206
0,8,7,20,21206
0,8,7,21,21300
0,8,7,22,21433
0,8,7,23,21336
0,8,7,24,21320
0,8,7,25,21234
0,8,7,26,21434
0,8,7,27,21130
0,8,7,28,21325
0,8,7,29,21253
0,8,7,30,21310
0,8,7,31,21348
0,7,7,0,10659
0,7,7,1,10475
0,7,7,2,10545
0,7,7,3,10655
0,7,7,4,10605
0,7,7,5,10651
0,7,7,6,10549
0,7,7,7,10607
0,7,7,8,10623
0,7,7,9,10555
0,7,7,10,10567
0,7,7,11,10645
0,7,7,12,10657
0,7,7,13,10583
0,7,7,14,10668
0,7,7,15,10522
0,7,7,16,10557
0,7,7,17,10650
0,7,7,18,10608
0,7,7,19,10499
0,7,7,20,10617
0,7,7,21,10583
0,7,7,22,10429
0,7,7,23,10597
0,7,7,24,10697
0,7,7,25,10677
0,7,7,26,10642
0,7,7,27,10581
0,7,7,28,10473
0,7,7,29,10655
0,7,7,30,10542
0,7,7,31,10606
0,6,7,0,9613
0,6,7,1,9691
0,6,7,2,9638
0,6,7,3,9653
0,6,7,4,9773
0,6,7,5,9663
0,6,7,6,9698
0,6,7,7,9810
0,6,7,8,9587
0,6,7,9,9735
0,6,7,10,9648
0,6,7,11,9700
0,6,7,12,9721
0,6,7,13,9709
0,6,7,14,9671
0,6,7,15,9578
0,6,7,16,9701
0,6,7,17,9741
0,6,7,18,9716
0,6,7,19,9668
0,6,7,20,9637
0,6,7,21,9594
0,6,7,22,9596
0,6,7,23,9670
0,6,7,24,9692
0,6,7,25,9638
0,6,7,26,9664
0,6,7,27,9773
0,6,7,28,9769
0,6,7,29,9604
0,6,7,30,9722
0,6,7,31,9687
0,5,7,0,8827
0,5,7,1,8989
0,5,7,2,8908
0,5,7,3,8957
0,5,7,4,9054
0,5,7,5,9060
0,5,7,6,8779
0,5,7,7,8791
0,5,7,8,8846
0,5,7,9,8867
0,5,7,10,8875
0,5,7,11,8892
0,5,7,12,8966
0,5,7,13,8899
0,5,7,14,9080
0,5,7,15,8847
0,5,7,16,8894
0,5,7,17,8988
0,5,7,18,8903
0,5,7,19,8949
0,5,7,20,8951
0,5,7,21,8940
0,5,7,22,8964
0,5,7,23,8903
0,5,7,24,8957
0,5,7,25,8946
0,5,7,26,8966
0,5,7,27,8899
0,5,7,28,8776
0,5,7,29,8945
0,5,7,30,8894
0,5,7,31,8861
0,4,7,0,7794
0,4,7,1,7905
0,4,7,2,7887
0,4,7,3,7875
0,4,7,4,7924
0,4,7,5,7881
0,4,7,6,7850
0,4,7,7,7878
0,4,7,8,7915
0,4,7,9,7846
0,4,7,10,7922
0,4,7,11,7891
0,4,7,12,7764
0,4,7,13,7851
0,4,7,14,7999
0,4,7,15,7972
0,4,7,16,7938
0,4,7,17,7882
0,4,7,18,7875
0,4,7,19,7964
0,4,7,20,7890
0,4,7,21,7954
0,4,7,22,7921
0,4,7,23,7891
0,4,7,24,7891
0,4,7,25,7842
0,4,7,26,7930
0,4,7,27,7887
0,4,7,28,7810
0,4,7,29,7891
0,4,7,30,7797
0,4,7,31,7891
0,3,7,0,7169
0,3,7,1,7196
0,3,7,2,6990
0,3,7,3,7243
0,3,7,4,7028
0,3,7,5,7178
0,3,7,6,7171
0,3,7,7,7206
0,3,7,8,7169
0,3,7,9,7253
0,3,7,10,6959
0,3,7,11,6996
0,3,7,12,7073
0,3,7,13,7115
0,3,7,14,7118
0,3,7,15,7145
0,3,7,16,7139
0,3,7,17,7118
0,3,7,18,7148
0,3,7,19,7186
0,3,7,20,7101
0,3,7,21,7176
0,3,7,22,7141
0,3,7,23,7075
0,3,7,24,7141
0,3,7,25,7257
0,3,7,26,7095
0,3,7,27,7157
0,3,7,28,7222
0,3,7,29,7166
0,3,7,30,7111
0,3,7,31,7135
0,2,7,0,4557
0,2,7,1,4661
0,2,7,2,4576
0,2,7,3,4627
0,2,7,4,4597
0,2,7,5,4570
0,2,7,6,4598
0,2,7,7,4568
0,2,7,8,4584
0,2,7,9,4553
0,2,7,10,4602
0,2,7,11,4592
0,2,7,12,4593
0,2,7,13,4615
0,2,7,14,4558
0,2,7,15,4610
0,2,7,16,4574
0,2,7,17,4617
0,2,7,18,4605
0,2,7,19,4550
0,2,7,20,4584
0,2,7,21,4555
0,2,7,22,4575
0,2,7,23,4624
0,2,7,24,4581
0,2,7,25,4564
0,2,7,26,4580
0,2,7,27,4598
0,2,7,28,4603
0,2,7,29,4605
0,2,7,30,4591
0,2,7,31,4586
0,1,7,0,3557
0,1,7,1,3588
0,1,7,2,3529
0,1,7,3,3496
0,1,7,4,3517
0,1,7,5,3576
0,1,7,6,3547
0,1,7,7,3595
0,1,7,8,3527
0,1,7,9,3544
0,1,7,10,3527
0,1,7,11,3588
0,1,7,12,3560
0,1,7,13,3532
0,1,7,14,3542
0,1,7,15,3559
0,1,7,16,3572
0,1,7,17,3546
0,1,7,18,3558
0,1,7,19,3550
0,1,7,20,3574
0,1,7,21,3558
0,1,7,22,3538
0,1,7,23,3543
0,1,7,24,3920
0,1,7,25,3535
0,1,7,26,3516
0,1,7,27,3524
0,1,7,28,3552
0,1,7,29,3542
0,1,7,30,3577
0,1,7,31,3532
0,0,7,0,2776
0,0,7,1,2795
0,0,7,2,2796
0,0,7,3,2803
0,0,7,4,2809
0,0,7,5,2810
0,0,7,6,2812
0,0,7,7,2757
0,0,7,8,2808
0,0,7,9,2816
0,0,7,10,2802
0,0,7,11,2801
0,0,7,12,2772
0,0,7,13,2826
0,0,7,14,2796
0,0,7,15,2792
0,0,7,16,2802
0,0,7,17,2778
0,0,7,18,2825
0,0,7,19,2792
0,0,7,20,2808
0,0,7,21,2802
0,0,7,22,2820
0,0,7,23,2789
0,0,7,24,2785
0,0,7,25,2796
0,0,7,26,2800
0,0,7,27,2830
0,0,7,28,2842
0,0,7,29,2814
0,0,7,30,2781
0,0,7,31,2787
1,9,7,0,27908
1,9,7,1,28030
1,9,7,2,27872
1,9,7,3,28401
1,9,7,4,28119
1,9,7,5,28345
1,9,7,6,28346
1,9,7,7,28349
1,9,7,8,28319
1,9,7,9,28343
1,9,7,10,28362
1,9,7,11,28370
1,9,7,12,28418
1,9,7,13,28348
1,9,7,14,27997
1,9,7,15,28368
1,9,7,16,28381
1,9,7,17,28239
1,9,7,18,28389
1,9,7,19,28361
1,9,7,20,28407
1,9,7,21,28432
1,9,7,22,28406
1,9,7,23,28325
1,9,7,24,28265
1,9,7,25,28334
1,9,7,26,28326
1,9,7,27,27858
1,9,7,28,28348
1,9,7,29,28377
1,9,7,30,28214
1,9,7,31,28118
1,8,7,0,28305
1,8,7,1,28266
1,8,7,2,28407
1,8,7,3,28317
1,8,7,4,28246
1,8,7,5,28317
1,8,7,6,28263
1,8,7,7,28230
1,8,7,8,28291
1,8,7,9,28360
1,8,7,10,27872
1,8,7,11,27854
1,8,7,12,28252
1,8,7,13,28362
1,8,7,14,28279
1,8,7,15,28313
1,8,7,16,28365
1,8,7,17,28270
1,8,7,18,28066
1,8,7,19,28234
1,8,7,20,28302
1,8,7,21,28315
1,8,7,22,28195
1,8,7,23,27836
1,8,7,24,28087
1,8,7,25,27811
1,8,7,26,28380
1,8,7,27,27947
1,8,7,28,27859
1,8,7,29,27976
1,8,7,30,28060
1,8,7,31,28036
1,7,7,0,28055
1,7,7,1,27843
1,7,7,2,28088
1,7,7,3,28051
1,7,7,4,27996
1,7,7,5,27729
1,7,7,6,27716
1,7,7,7,27775
1,7,7,8,27933
1,7,7,9,28105
1,7,7,10,27651
1,7,7,11,27991
1,7,7,12,27756
1,7,7,13,27576
1,7,7,14,27850
1,7,7,15,27821
1,7,7,16,27673
1,7,7,17,28042
1,7,7,18,28004
1,7,7,19,27978
1,7,7,20,28061
1,7,7,21,28154
1,7,7,22,28181
1,7,7,23,28059
1,7,7,24,27965
1,7,7,25,28084
1,7,7,26,28030
1,7,7,27,28155
1,7,7,28,27797
1,7,7,29,27805
1,7,7,30,27690
1,7,7,31,28062
1,6,7,0,27206
1,6,7,1,27471
1,6,7,2,27524
1,6,7,3,27136
1,6,7,4,27510
1,6,7,5,27547
1,6,7,6,27392
1,6,7,7,27211
1,6,7,8,27538
1,6,7,9,27493
1,6,7,10,27502
1,6,7,11,27991
1,6,7,12,27491
1,6,7,13,27462
1,6,7,14,27351
1,6,7,15,27470
1,6,7,16,27067
1,6,7,17,27497
1,6,7,18,27318
1,6,7,19,27555
1,6,7,20,27716
1,6,7,21,27502
1,6,7,22,27513
1,6,7,23,27473
1,6,7,24,27511
1,6,7,25,27518
1,6,7,26,27572
1,6,7,27,26933
1,6,7,28,27620
1,6,7,29,27407
1,6,7,30,27543
1,6,7,31,27205
1,5,7,0,26713
1,5,7,1,26765
1,5,7,2,26770
1,5,7,3,26722
1,5,7,4,26795
1,5,7,5,26822
1,5,7,6,26765
1,5,7,7,26804
1,5,7,8,26428
1,5,7,9,26735
1,5,7,10,26404
1,5,7,11,26776
1,5,7,12,26867
1,5,7,13,26699
1,5,7,14,26860
1,5,7,15,26677
1,5,7,16,26810
1,5,7,17,26706
1,5,7,18,26765
1,5,7,19,26848
1,5,7,20,26795
1,5,7,21,26809
1,5,7,22,26794
1,5,7,23,26617
1,5,7,24,26894
1,5,7,25,26832
1,5,7,26,26397
1,5,7,27,26519
1,5,7,28,26743
1,5,7,29,26832
1,5,7,30,26832
1,5,7,31,26785
1,4,7,0,26634
1,4,7,1,26772
1,4,7,2,26549
1,4,7,3,26671
1,4,7,4,26689
1,4,7,5,26743
1,4,7,6,26686
1,4,7,7,27084
1,4,7,8,26568
1,4,7,9,26541
1,4,7,10,26571
1,4,7,11,26585
1,4,7,12,26628
1,4,7,13,26730
1,4,7,14,26563
1,4,7,15,26635
1,4,7,16,26344
1,4,7,17,26252
1,4,7,18,26091
1,4,7,19,26188
1,4,7,20,26495
1,4,7,21,26242
1,4,7,22,26403
1,4,7,23,26491
1,4,7,24,26155
1,4,7,25,26335
1,4,7,26,26421
1,4,7,27,26348
1,4,7,28,26253
1,4,7,29,26205
1,4,7,30,26267
1,4,7,31,26296
1,3,7,0,14612
1,3,7,1,14713
1,3,7,2,14785
1,3,7,3,14704
1,3,7,4,14707
1,3,7,5,14542
1,3,7,6,14609
1,3,7,7,14685
1,3,7,8,14520
1,3,7,9,14446
1,3,7,10,14694
1,3,7,11,14630
1,3,7,12,14796
1,3,7,13,14720
1,3,7,14,14722
1,3,7,15,14681
1,3,7,16,14643
1,3,7,17,14442
1,3,7,18,14441
1,3,7,19,14601
1,3,7,20,14371
1,3,7,21,14727
1,3,7,22,14601
1,3,7,23,14732
1,3,7,24,14425
1,3,7,25,14443
1,3,7,26,14682
1,3,7,27,14489
1,3,7,28,14388
1,3,7,29,14425
1,3,7,30,14540
1,3,7,31,14408
1,2,7,0,14470
1,2,7,1,14475
1,2,7,2,14611
1,2,7,3,14525
1,2,7,4,14539
1,2,7,5,14511
1,2,7,6,14452
1,2,7,7,14447
1,2,7,8,14470
1,2,7,9,14473
1,2,7,10,14240
1,2,7,11,14526
1,2,7,12,14194
1,2,7,13,14259
1,2,7,14,14422
1,2,7,15,14420
1,2,7,16,14465
1,2,7,17,14492
1,2,7,18,14457
1,2,7,19,14506
1,2,7,20,14506
1,2,7,21,14432
1,2,7,22,14476
1,2,7,23,14404
1,2,7,24,14566
1,2,7,25,14431
1,2,7,26,14412
1,2,7,27,14445
1,2,7,28,14440
1,2,7,29,14466
1,2,7,30,14474
1,2,7,31,14417
1,1,7,0,14108
1,1,7,1,13676
1,1,7,2,13716
1,1,7,3,13751
1,1,7,4,13442
1,1,7,5,13715
1,1,7,6,13772
1,1,7,7,13755
1,1,7,8,13713
1,1,7,9,13671
1,1,7,10,13708
1,1,7,11,13793
1,1,7,12,13549
1,1,7,13,13707
1,1,7,14,13750
1,1,7,15,13743
1,1,7,16,13682
1,1,7,17,13804
1,1,7,18,13523
1,1,7,19,13742
1,1,7,20,13663
1,1,7,21,13704
1,1,7,22,13733
1,1,7,23,13701
1,1,7,24,13713
1,1,7,25,13641
1,1,7,26,13726
1,1,7,27,13698
1,1,7,28,13695
1,1,7,29,13403
1,1,7,30,13623
1,1,7,31,13649
1,0,7,0,369
1,0,7,1,355
1,0,7,2,352
1,0,7,3,358
1,0,7,4,364
1,0,7,5,357
1,0,7,6,376
1,0,7,7,369
1,0,7,8,384
1,0,7,9,368
1,0,7,10,362
1,0,7,11,366
1,0,7,12,358
1,0,7,13,354
1,0,7,14,356
1,0,7,15,385
1,0,7,16,372
1,0,7,17,363
1,0,7,18,361
1,0,7,19,360
1,0,7,20,365
1,0,7,21,365
1,0,7,22,370
1,0,7,23,384
1,0,7,24,375
1,0,7,25,366
1,0,7,26,369
1,0,7,27,369
1,0,7,28,367
1,0,7,29,357
1,0,7,30,362
1,0,7,31,373
2,10,7,0,19845
2,10,7,1,19624
2,10,7,2,19754
2,10,7,3,19602
2,10,7,4,19570
2,10,7,5,19796
2,10,7,6,19651
2,10,7,7,19504
2,10,7,8,19589
2,10,7,9,19836
2,10,7,10,19897
2,10,7,11,19624
2,10,7,12,19523
2,10,7,13,19572
2,10,7,14,19848
2,10,7,15,19745
2,10,7,16,19949
2,10,7,17,19829
2,10,7,18,19529
2,10,7,19,19592
2,10,7,20,19544
2,10,7,21,19783
2,10,7,22,19535
2,10,7,23,19755
2,10,7,24,19680
2,10,7,25,19671
2,10,7,26,19601
2,10,7,27,19839
2,10,7,28,19816
2,10,7,29,19629
2,10,7,30,19802
2,10,7,31,19593
2,9,7,0,18989
2,9,7,1,19040
2,9,7,2,18874
2,9,7,3,18804
2,9,7,4,18922
2,9,7,5,18832
2,9,7,6,18791
2,9,7,7,18832
2,9,7,8,19146
2,9,7,9,18917
2,9,7,10,18861
2,9,7,11,19122
2,9,7,12,19002
2,9,7,13,19048
2,9,7,14,19037
2,9,7,15,19186
2,9,7,16,18858
2,9,7,17,19113
2,9,7,18,19098
2,9,7,19,19122
2,9,7,20,19103
2,9,7,21,19011
2,9,7,22,19121
2,9,7,23,19296
2,9,7,24,19091
2,9,7,25,18818
2,9,7,26,19011
2,9,7,27,19110
2,9,7,28,19105
2,9,7,29,18961
2,9,7,30,18958
2,9,7,31,18971
2,8,7,0,18015
2,8,7,1,17968
2,8,7,2,18019
2,8,7,3,18138
2,8,7,4,17990
2,8,7,5,18182
2,8,7,6,18222
2,8,7,7,18200
2,8,7,8,18212
2,8,7,9,18164
2,8,7,10,17927
2,8,7,11,18038
2,8,7,12,18281
2,8,7,13,18275
2,8,7,14,18216
2,8,7,15,18001
2,8,7,16,18170
2,8,7,17,18256
2,8,7,18,18231
2,8,7,19,17993
2,8,7,20,17998
2,8,7,21,18038
2,8,7,22,18285
2,8,7,23,17974
2,8,7,24,18194
2,8,7,25,18173
2,8,7,26,18231
2,8,7,27,18179
2,8,7,28,18009
2,8,7,29,18236
2,8,7,30,18318
2,8,7,31,18172
2,7,7,0,15838
2,7,7,1,15752
2,7,7,2,15811
2,7,7,3,15759
2,7,7,4,15591
2,7,7,5,15824
2,7,7,6,15474
2,7,7,7,15511
2,7,7,8,15847
2,7,7,9,15630
2,7,7,10,15803
2,7,7,11,15674
2,7,7,12,15516
2,7,7,13,15715
2,7,7,14,15567
2,7,7,15,15631
2,7,7,16,15651
2,7,7,17,15667
2,7,7,18,15562
2,7,7,19,15581
2,7,7,20,15753
2,7,7,21,15571
2,7,7,22,15506
2,7,7,23,15577
2,7,7,24,15772
2,7,7,25,15828
2,7,7,26,15744
2,7,7,27,15764
2,7,7,28,15607
2,7,7,29,15786
2,7,7,30,15631
2,7,7,31,15742
2,6,7,0,15611
2,6,7,1,15626
2,6,7,2,15577
2,6,7,3,15597
2,6,7,4,15575
2,6,7,5,15548
2,6,7,6,15608
2,6,7,7,15693
2,6,7,8,15529
2,6,7,9,15603
2,6,7,10,15588
2,6,7,11,15583
2,6,7,12,15596
2,6,7,13,15486
2,6,7,14,15438
2,6,7,15,15670
2,6,7,16,15576
2,6,7,17,15366
2,6,7,18,15406
2,6,7,19,15344
2,6,7,20,15347
2,6,7,21,16048
2,6,7,22,15440
2,6,7,23,15561
2,6,7,24,15633
2,6,7,25,15419
2,6,7,26,15634
2,6,7,27,15419
2,6,7,28,15397
2,6,7,29,15453
2,6,7,30,15551
2,6,7,31,15614
2,5,7,0,3652
2,5,7,1,3661
2,5,7,2,3628
2,5,7,3,3622
2,5,7,4,3648
2,5,7,5,3684
2,5,7,6,3614
2,5,7,7,3662
2,5,7,8,3620
2,5,7,9,3652
2,5,7,10,3631
2,5,7,11,3621
2,5,7,12,3647
2,5,7,13,3667
2,5,7,14,3624
2,5,7,15,3631
2,5,7,16,3681
2,5,7,17,3620
2,5,7,18,3645
2,5,7,19,3639
2,5,7,20,3670
2,5,7,21,3627
2,5,7,22,3591
2,5,7,23,3633
2,5,7,24,3635
2,5,7,25,3693
2,5,7,26,3625
2,5,7,27,3665
2,5,7,28,3595
2,5,7,29,3640
2,5,7,30,3618
2,5,7,31,3671
2,4,7,0,3434
2,4,7,1,3407
2,4,7,2,3478
2,4,7,3,3406
2,4,7,4,3421
2,4,7,5,3410
2,4,7,6,3446
2,4,7,7,3406
2,4,7,8,3403
2,4,7,9,3439
2,4,7,10,3415
2,4,7,11,3412
2,4,7,12,3434
2,4,7,13,3434
2,4,7,14,3421
2,4,7,15,3416
2,4,7,16,3415
2,4,7,17,3383
2,4,7,18,3385
2,4,7,19,3420
2,4,7,20,3416
2,4,7,21,3416
2,4,7,22,3394
2,4,7,23,3418
2,4,7,24,3405
2,4,7,25,3438
2,4,7,26,3509
2,4,7,27,3399
2,4,7,28,3421
2,4,7,29,3390
2,4,7,30,3443
2,4,7,31,3422
2,3,7,0,2868
2,3,7,1,2874
2,3,7,2,2880
2,3,7,3,2920
2,3,7,4,2897
2,3,7,5,2869
2,3,7,6,2916
2,3,7,7,2892
2,3,7,8,2860
2,3,7,9,2877
2,3,7,10,2885
2,3,7,11,2926
2,3,7,12,2923
2,3,7,13,2902
2,3,7,14,2904
2,3,7,15,2870
2,3,7,16,2909
2,3,7,17,2871
2,3,7,18,2908
2,3,7,19,2887
2,3,7,20,2914
2,3,7,21,2869
2,3,7,22,2895
2,3,7,23,2925
2,3,7,24,2887
2,3,7,25,2891
2,3,7,26,2858
2,3,7,27,2878
2,3,7,28,2878
2,3,7,29,2925
2,3,7,30,2861
2,3,7,31,2871
2,2,7,0,2056
2,2,7,1,2040
2,2,7,2,2014
2,2,7,3,2031
2,2,7,4,2031
2,2,7,5,2042
2,2,7,6,2046
2,2,7,7,2045
2,2,7,8,2038
2,2,7,9,2048
2,2,7,10,2026
2,2,7,11,2027
2,2,7,12,2041
2,2,7,13,2022
2,2,7,14,2051
2,2,7,15,2063
2,2,7,16,2050
2,2,7,17,2015
2,2,7,18,2047
2,2,7,19,2034
2,2,7,20,2053
2,2,7,21,2056
2,2,7,22,2031
2,2,7,23,2021
2,2,7,24,2007
2,2,7,25,2032
2,2,7,26,2026
2,2,7,27,2037
2,2,7,28,2043
2,2,7,29,2031
2,2,7,30,2008
2,2,7,31,2047
2,1,7,0,1100
2,1,7,1,1100
2,1,7,2,1076
2,1,7,3,1088
2,1,7,4,1102
2,1,7,5,1097
2,1,7,6,1100
2,1,7,7,1104
2,1,7,8,1079
2,1,7,9,1102
2,1,7,10,1085
2,1,7,11,1085
2,1,7,12,1092
2,1,7,13,1091
2,1,7,14,1084
2,1,7,15,1091
2,1,7,16,1140
2,1,7,17,1072
2,1,7,18,1097
2,1,7,19,1079
2,1,7,20,1097
2,1,7,21,1099
2,1,7,22,1112
2,1,7,23,1079
2,1,7,24,1089
2,1,7,25,1105
2,1,7,26,1088
2,1,7,27,1108
2,1,7,28,1109
2,1,7,29,1078
2,1,7,30,1064
2,1,7,31,1088
2,0,7,0,663
2,0,7,1,707
2,0,7,2,661
2,0,7,3,653
2,0,7,4,664
2,0,7,5,676
2,0,7,6,665
2,0,7,7,661
2,0,7,8,649
2,0,7,9,680
2,0,7,10,652
2,0,7,11,670
2,0,7,12,655
2,0,7,13,665
2,0,7,14,676
2,0,7,15,664
2,0,7,16,682
2,0,7,17,679
2,0,7,18,665
2,0,7,19,643
2,0,7,20,652
2,0,7,21,670
2,0,7,22,666
2,0,7,23,692
2,0,7,24,662
2,0,7,25,653
2,0,7,26,656
2,0,7,27,673
2,0,7,28,663
2,0,7,29,678
2,0,7,30,649
2,0,7,31,655
