family,cut,block,observation,cycles
cpucycles tracesetup 0 amd64-perfpmcff precision 0 scaling 0.000000 only32 0
cpucycles tracesetup 1 amd64-perfpmc precision 0 scaling 0.000000 only32 0
cpucycles tracesetup 2 amd64-pmcff precision 0 scaling 0.000000 only32 0
cpucycles tracesetup 3 amd64-tsc precision 1016 scaling 0.467415 only32 0
cpucycles tracesetup 4 amd64-tscasm precision 1026 scaling 0.467415 only32 0
cpucycles tracesetup 5 default-perfevent precision 203 scaling 1.000000 only32 0
cpucycles tracesetup 6 default-mach precision 0 scaling 0.000000 only32 0
cpucycles tracesetup 7 default-monotonic precision 1075 scaling 1.400000 only32 0
cpucycles tracesetup 8 default-gettimeofday precision 2440 scaling 1400.000000 only32 0
cpucycles tracesetup 9 default-zero precision 0 scaling 0.000000 only32 0
0,0,0,0,3541
0,0,0,1,2817
0,0,0,2,2795
0,0,0,3,2775
0,0,0,4,2773
0,0,0,5,2799
0,0,0,6,2759
0,0,0,7,2767
0,0,0,8,2782
0,0,0,9,2820
0,0,0,10,2776
0,0,0,11,2811
0,0,0,12,2758
0,0,0,13,2786
0,0,0,14,2802
0,0,0,15,2785
0,0,0,16,2766
0,0,0,17,2810
0,0,0,18,2755
0,0,0,19,2788
0,0,0,20,2765
0,0,0,21,2793
0,0,0,22,2780
0,0,0,23,2773
0,0,0,24,2792
0,0,0,25,2763
0,0,0,26,2775
0,0,0,27,2768
0,0,0,28,2780
0,0,0,29,2778
0,0,0,30,2787
0,0,0,31,2806
0,1,0,0,3584
0,1,0,1,3517
0,1,0,2,3545
0,1,0,3,3551
0,1,0,4,5835
0,1,0,5,12059
0,1,0,6,3912
0,1,0,7,3521
0,1,0,8,3538
0,1,0,9,3548
0,1,0,10,3512
0,1,0,11,3535
0,1,0,12,3585
0,1,0,13,3535
0,1,0,14,3579
0,1,0,15,3512
0,1,0,16,3543
0,1,0,17,3583
0,1,0,18,3538
0,1,0,19,3575
0,1,0,20,3562
0,1,0,21,3534
0,1,0,22,3558
0,1,0,23,3568
0,1,0,24,3557
0,1,0,25,3520
0,1,0,26,3561
0,1,0,27,3550
0,1,0,28,3497
0,1,0,29,3537
0,1,0,30,3524
0,1,0,31,3574
0,2,0,0,4577
0,2,0,1,4609
0,2,0,2,4590
0,2,0,3,4575
0,2,0,4,4629
0,2,0,5,4615
0,2,0,6,4620
0,2,0,7,4643
0,2,0,8,4588
0,2,0,9,4612
0,2,0,10,4607
0,2,0,11,4563
0,2,0,12,4593
0,2,0,13,4593
0,2,0,14,4566
0,2,0,15,4590
0,2,0,16,4622
0,2,0,17,4581
0,2,0,18,4575
0,2,0,19,4593
0,2,0,20,4615
0,2,0,21,4531
0,2,0,22,4543
0,2,0,23,4565
0,2,0,24,4540
0,2,0,25,4597
0,2,0,26,4593
0,2,0,27,4594
0,2,0,28,4602
0,2,0,29,4547
0,2,0,30,4559
0,2,0,31,4623
0,3,0,0,7099
0,3,0,1,7116
0,3,0,2,7131
0,3,0,3,7127
0,3,0,4,7109
0,3,0,5,7168
0,3,0,6,7096
0,3,0,7,7112
0,3,0,8,7173
0,3,0,9,7175
0,3,0,10,7094
0,3,0,11,7116
0,3,0,12,7129
0,3,0,13,7148
0,3,0,14,7107
0,3,0,15,7103
0,3,0,16,7108
0,3,0,17,7196
0,3,0,18,7155
0,3,0,19,7120
0,3,0,20,7134
0,3,0,21,7015
0,3,0,22,7158
0,3,0,23,7108
0,3,0,24,7041
0,3,0,25,7022
0,3,0,26,7003
0,3,0,27,7115
0,3,0,28,7134
0,3,0,29,7136
0,3,0,30,7044
0,3,0,31,7170
0,4,0,0,7874
0,4,0,1,7704
0,4,0,2,7926
0,4,0,3,7928
0,4,0,4,7934
0,4,0,5,7748
0,4,0,6,8077
0,4,0,7,7835
0,4,0,8,7754
0,4,0,9,7921
0,4,0,10,7814
0,4,0,11,7736
0,4,0,12,7832
0,4,0,13,7817
0,4,0,14,7956
0,4,0,15,7954
0,4,0,16,7861
0,4,0,17,7926
0,4,0,18,7816
0,4,0,19,7979
0,4,0,20,7895
0,4,0,21,7762
0,4,0,22,7767
0,4,0,23,7855
0,4,0,24,7890
0,4,0,25,7880
0,4,0,26,7959
0,4,0,27,7742
0,4,0,28,7933
0,4,0,29,7869
0,4,0,30,7907
0,4,0,31,7887
0,5,0,0,8937
0,5,0,1,8936
0,5,0,2,8932
0,5,0,3,8877
0,5,0,4,8913
0,5,0,5,8926
0,5,0,6,8848
0,5,0,7,8942
0,5,0,8,8897
0,5,0,9,8874
0,5,0,10,9024
0,5,0,11,8917
0,5,0,12,8900
0,5,0,13,9000
0,5,0,14,9031
0,5,0,15,8918
0,5,0,16,8910
0,5,0,17,8936
0,5,0,18,8992
0,5,0,19,8955
0,5,0,20,8906
0,5,0,21,8933
0,5,0,22,8851
0,5,0,23,8909
0,5,0,24,8856
0,5,0,25,8816
0,5,0,26,8819
0,5,0,27,8776
0,5,0,28,8840
0,5,0,29,8833
0,5,0,30,8957
0,5,0,31,9022
0,6,0,0,9528
0,6,0,1,9690
0,6,0,2,9663
0,6,0,3,9664
0,6,0,4,9674
0,6,0,5,9778
0,6,0,6,9665
0,6,0,7,9750
0,6,0,8,9676
0,6,0,9,9689
0,6,0,10,9650
0,6,0,11,9724
0,6,0,12,9651
0,6,0,13,9748
0,6,0,14,9573
0,6,0,15,9690
0,6,0,16,9589
0,6,0,17,9708
0,6,0,18,9651
0,6,0,19,9648
0,6,0,20,9681
0,6,0,21,9640
0,6,0,22,9722
0,6,0,23,9495
0,6,0,24,9730
0,6,0,25,9601
0,6,0,26,9687
0,6,0,27,9605
0,6,0,28,9650
0,6,0,29,9637
0,6,0,30,9687
0,6,0,31,9656
0,7,0,0,10538
0,7,0,1,10882
0,7,0,2,10492
0,7,0,3,10530
0,7,0,4,10641
0,7,0,5,10650
0,7,0,6,10629
0,7,0,7,10586
0,7,0,8,10620
0,7,0,9,10638
0,7,0,10,10610
0,7,0,11,10660
0,7,0,12,10604
0,7,0,13,10505
0,7,0,14,10561
0,7,0,15,10657
0,7,0,16,10635
0,7,0,17,10654
0,7,0,18,10547
0,7,0,19,10587
0,7,0,20,10566
0,7,0,21,10581
0,7,0,22,10609
0,7,0,23,10695
0,7,0,24,10588
0,7,0,25,10599
0,7,0,26,10509
0,7,0,27,10603
0,7,0,28,10634
0,7,0,29,10708
0,7,0,30,10715
0,7,0,31,10654
0,8,0,0,21271
0,8,0,1,21347
0,8,0,2,21210
0,8,0,3,21293
0,8,0,4,21206
0,8,0,5,21238
0,8,0,6,21401
0,8,0,7,21651
0,8,0,8,21052
0,8,0,9,21264
0,8,0,10,21263
0,8,0,11,21105
0,8,0,12,21266
0,8,0,13,21168
0,8,0,14,21175
0,8,0,15,21339
0,8,0,16,21188
0,8,0,17,21278
0,8,0,18,21372
0,8,0,19,21234
0,8,0,20,21249
0,8,0,21,21238
0,8,0,22,21263
0,8,0,23,21217
0,8,0,24,21343
0,8,0,25,21328
0,8,0,26,21311
0,8,0,27,21330
0,8,0,28,21120
0,8,0,29,21238
0,8,0,30,21218
0,8,0,31,21293
0,9,0,0,21478
0,9,0,1,21606
0,9,0,2,21407
0,9,0,3,21573
0,9,0,4,21477
0,9,0,5,21801
0,9,0,6,21302
0,9,0,7,21530
0,9,0,8,21600
0,9,0,9,21506
0,9,0,10,21578
0,9,0,11,21548
0,9,0,12,21552
0,9,0,13,21739
0,9,0,14,21459
0,9,0,15,21560
0,9,0,16,21236
0,9,0,17,21490
0,9,0,18,21451
0,9,0,19,21258
0,9,0,20,21302
0,9,0,21,21332
0,9,0,22,21168
0,9,0,23,21494
0,9,0,24,21474
0,9,0,25,21348
0,9,0,26,21576
0,9,0,27,21549
0,9,0,28,21601
0,9,0,29,21359
0,9,0,30,21290
0,9,0,31,21435
1,0,0,0,402
1,0,0,1,363
1,0,0,2,365
1,0,0,3,360
1,0,0,4,359
1,0,0,5,362
1,0,0,6,365
1,0,0,7,385
1,0,0,8,370
1,0,0,9,371
1,0,0,10,369
1,0,0,11,364
1,0,0,12,376
1,0,0,13,389
1,0,0,14,365
1,0,0,15,360
1,0,0,16,366
1,0,0,17,357
1,0,0,18,363
1,0,0,19,347
1,0,0,20,363
1,0,0,21,364
1,0,0,22,359
1,0,0,23,366
1,0,0,24,365
1,0,0,25,358
1,0,0,26,362
1,0,0,27,349
1,0,0,28,368
1,0,0,29,357
1,0,0,30,357
1,0,0,31,376
1,1,0,0,13457
1,1,0,1,13760
1,1,0,2,13651
1,1,0,3,13757
1,1,0,4,13724
1,1,0,5,13756
1,1,0,6,13713
1,1,0,7,13721
1,1,0,8,13494
1,1,0,9,13696
1,1,0,10,13719
1,1,0,11,13705
1,1,0,12,13683
1,1,0,13,13682
1,1,0,14,13500
1,1,0,15,24604
1,1,0,16,13700
1,1,0,17,13516
1,1,0,18,13687
1,1,0,19,13678
1,1,0,20,13676
1,1,0,21,13821
1,1,0,22,13709
1,1,0,23,13693
1,1,0,24,13409
1,1,0,25,13488
1,1,0,26,13499
1,1,0,27,13701
1,1,0,28,13721
1,1,0,29,13716
1,1,0,30,13654
1,1,0,31,13708
1,2,0,0,14146
1,2,0,1,14434
1,2,0,2,14480
1,2,0,3,14477
1,2,0,4,14381
1,2,0,5,14409
1,2,0,6,14524
1,2,0,7,14460
1,2,0,8,14446
1,2,0,9,14472
1,2,0,10,14454
1,2,0,11,14531
1,2,0,12,14503
1,2,0,13,14459
1,2,0,14,14527
1,2,0,15,14417
1,2,0,16,14489
1,2,0,17,14499
1,2,0,18,14462
1,2,0,19,14442
1,2,0,20,14500
1,2,0,21,14393
1,2,0,22,14457
1,2,0,23,14504
1,2,0,24,14450
1,2,0,25,14503
1,2,0,26,14470
1,2,0,27,14498
1,2,0,28,14214
1,2,0,29,14237
1,2,0,30,14478
1,2,0,31,14475
1,3,0,0,14348
1,3,0,1,14814
1,3,0,2,14708
1,3,0,3,14701
1,3,0,4,14756
1,3,0,5,14685
1,3,0,6,14486
1,3,0,7,14605
1,3,0,8,14641
1,3,0,9,14459
1,3,0,10,14435
1,3,0,11,14712
1,3,0,12,14943
1,3,0,13,14712
1,3,0,14,14619
1,3,0,15,14937
1,3,0,16,14782
1,3,0,17,14516
1,3,0,18,14568
1,3,0,19,14735
1,3,0,20,14756
1,3,0,21,14705
1,3,0,22,14427
1,3,0,23,14744
1,3,0,24,14689
1,3,0,25,14697
1,3,0,26,14694
1,3,0,27,14636
1,3,0,28,14762
1,3,0,29,14728
1,3,0,30,14779
1,3,0,31,14775
1,4,0,0,26419
1,4,0,1,26627
1,4,0,2,26501
1,4,0,3,26658
1,4,0,4,26544
1,4,0,5,26672
1,4,0,6,26564
1,4,0,7,26559
1,4,0,8,26655
1,4,0,9,26680
1,4,0,10,26605
1,4,0,11,26529
1,4,0,12,26511
1,4,0,13,26407
1,4,0,14,26586
1,4,0,15,26641
1,4,0,16,26737
1,4,0,17,26695
1,4,0,18,26694
1,4,0,19,26660
1,4,0,20,26599
1,4,0,21,26639
1,4,0,22,26641
1,4,0,23,26607
1,4,0,24,26640
1,4,0,25,26703
1,4,0,26,26595
1,4,0,27,26680
1,4,0,28,26668
1,4,0,29,26584
1,4,0,30,26605
1,4,0,31,26705
1,5,0,0,26691
1,5,0,1,26750
1,5,0,2,26715
1,5,0,3,26743
1,5,0,4,26784
1,5,0,5,26828
1,5,0,6,26704
1,5,0,7,26700
1,5,0,8,26839
1,5,0,9,26589
1,5,0,10,26453
1,5,0,11,27459
1,5,0,12,26750
1,5,0,13,26515
1,5,0,14,26381
1,5,0,15,26511
1,5,0,16,26452
1,5,0,17,26496
1,5,0,18,26360
1,5,0,19,26945
1,5,0,20,26333
1,5,0,21,26837
1,5,0,22,26357
1,5,0,23,26887
1,5,0,24,26836
1,5,0,25,26884
1,5,0,26,26910
1,5,0,27,26544
1,5,0,28,26546
1,5,0,29,26240
1,5,0,30,26378
1,5,0,31,30064
1,6,0,0,27332
1,6,0,1,27585
1,6,0,2,27560
1,6,0,3,27568
1,6,0,4,27026
1,6,0,5,27450
1,6,0,6,27466
1,6,0,7,27482
1,6,0,8,27423
1,6,0,9,27444
1,6,0,10,27493
1,6,0,11,27232
1,6,0,12,27591
1,6,0,13,27436
1,6,0,14,38273
1,6,0,15,27474
1,6,0,16,27416
1,6,0,17,27551
1,6,0,18,27439
1,6,0,19,27538
1,6,0,20,27492
1,6,0,21,27439
1,6,0,22,27446
1,6,0,23,27463
1,6,0,24,27452
1,6,0,25,27566
1,6,0,26,27458
1,6,0,27,27408
1,6,0,28,27300
1,6,0,29,27199
1,6,0,30,27484
1,6,0,31,27204
1,7,0,0,27909
1,7,0,1,27691
1,7,0,2,28103
1,7,0,3,28136
1,7,0,4,28050
1,7,0,5,28694
1,7,0,6,27978
1,7,0,7,27727
1,7,0,8,28200
1,7,0,9,27927
1,7,0,10,28135
1,7,0,11,28168
1,7,0,12,28087
1,7,0,13,28007
1,7,0,14,28054
1,7,0,15,28087
1,7,0,16,28117
1,7,0,17,28115
1,7,0,18,28083
1,7,0,19,28084
1,7,0,20,28018
1,7,0,21,28058
1,7,0,22,27923
1,7,0,23,27922
1,7,0,24,27744
1,7,0,25,27946
1,7,0,26,28093
1,7,0,27,28109
1,7,0,28,28093
1,7,0,29,28043
1,7,0,30,28054
1,7,0,31,27924
1,8,0,0,27886
1,8,0,1,28375
1,8,0,2,28167
1,8,0,3,27841
1,8,0,4,28246
1,8,0,5,28259
1,8,0,6,28271
1,8,0,7,28220
1,8,0,8,28304
1,8,0,9,28323
1,8,0,10,28358
1,8,0,11,28308
1,8,0,12,28404
1,8,0,13,28290
1,8,0,14,28351
1,8,0,15,28260
1,8,0,16,28337
1,8,0,17,28310
1,8,0,18,28345
1,8,0,19,28280
1,8,0,20,28334
1,8,0,21,28284
1,8,0,22,27884
1,8,0,23,28367
1,8,0,24,28306
1,8,0,25,28391
1,8,0,26,27822
1,8,0,27,28272
1,8,0,28,28165
1,8,0,29,28119
1,8,0,30,28242
1,8,0,31,28326
1,9,0,0,27890
1,9,0,1,28436
1,9,0,2,28309
1,9,0,3,28369
1,9,0,4,28395
1,9,0,5,28381
1,9,0,6,28305
1,9,0,7,28409
1,9,0,8,28281
1,9,0,9,28343
1,9,0,10,28351
1,9,0,11,28435
1,9,0,12,28326
1,9,0,13,28229
1,9,0,14,27919
1,9,0,15,28016
1,9,0,16,28319
1,9,0,17,28294
1,9,0,18,28419
1,9,0,19,28257
1,9,0,20,28380
1,9,0,21,28363
1,9,0,22,28454
1,9,0,23,28333
1,9,0,24,28361
1,9,0,25,28398
1,9,0,26,28423
1,9,0,27,28478
1,9,0,28,28438
1,9,0,29,28302
1,9,0,30,27805
1,9,0,31,28064
2,0,0,0,770
2,0,0,1,687
2,0,0,2,664
2,0,0,3,658
2,0,0,4,654
2,0,0,5,657
2,0,0,6,667
2,0,0,7,673
2,0,0,8,673
2,0,0,9,694
2,0,0,10,658
2,0,0,11,665
2,0,0,12,661
2,0,0,13,678
2,0,0,14,671
2,0,0,15,680
2,0,0,16,670
2,0,0,17,667
2,0,0,18,675
2,0,0,19,661
2,0,0,20,651
2,0,0,21,666
2,0,0,22,651
2,0,0,23,679
2,0,0,24,659
2,0,0,25,686
2,0,0,26,686
2,0,0,27,698
2,0,0,28,656
2,0,0,29,667
2,0,0,30,648
2,0,0,31,661
2,1,0,0,1103
2,1,0,1,1092
2,1,0,2,1087
2,1,0,3,1100
2,1,0,4,1085
2,1,0,5,1076
2,1,0,6,1110
2,1,0,7,1109
2,1,0,8,1094
2,1,0,9,1093
2,1,0,10,1100
2,1,0,11,1110
2,1,0,12,1091
2,1,0,13,1103
2,1,0,14,1109
2,1,0,15,1081
2,1,0,16,1110
2,1,0,17,1085
2,1,0,18,1091
2,1,0,19,1104
2,1,0,20,1092
2,1,0,21,1087
2,1,0,22,1073
2,1,0,23,1081
2,1,0,24,1120
2,1,0,25,1106
2,1,0,26,1093
2,1,0,27,1095
2,1,0,28,1090
2,1,0,29,1084
2,1,0,30,1090
2,1,0,31,1108
2,2,0,0,2055
2,2,0,1,2040
2,2,0,2,2041
2,2,0,3,2021
2,2,0,4,2014
2,2,0,5,2033
2,2,0,6,2066
2,2,0,7,2022
2,2,0,8,2066
2,2,0,9,2086
2,2,0,10,2068
2,2,0,11,2058
2,2,0,12,2073
2,2,0,13,2086
2,2,0,14,2054
2,2,0,15,2058
2,2,0,16,2050
2,2,0,17,2039
2,2,0,18,2055
2,2,0,19,2021
2,2,0,20,2062
2,2,0,21,2065
2,2,0,22,2048
2,2,0,23,2030
2,2,0,24,2040
2,2,0,25,2040
2,2,0,26,2069
2,2,0,27,2052
2,2,0,28,2033
2,2,0,29,2064
2,2,0,30,2047
2,2,0,31,2029
2,3,0,0,2870
2,3,0,1,2894
2,3,0,2,2895
2,3,0,3,2887
2,3,0,4,2864
2,3,0,5,2860
2,3,0,6,2849
2,3,0,7,2893
2,3,0,8,2853
2,3,0,9,2890
2,3,0,10,2900
2,3,0,11,2907
2,3,0,12,2881
2,3,0,13,2931
2,3,0,14,2903
2,3,0,15,2866
2,3,0,16,2899
2,3,0,17,2876
2,3,0,18,2912
2,3,0,19,2842
2,3,0,20,2884
2,3,0,21,2924
2,3,0,22,2869
2,3,0,23,2880
2,3,0,24,2856
2,3,0,25,2903
2,3,0,26,2886
2,3,0,27,2898
2,3,0,28,2891
2,3,0,29,2878
2,3,0,30,2862
2,3,0,31,2887
2,4,0,0,3378
2,4,0,1,3404
2,4,0,2,3459
2,4,0,3,3412
2,4,0,4,3381
2,4,0,5,3430
2,4,0,6,3414
2,4,0,7,3437
2,4,0,8,3401
2,4,0,9,3419
2,4,0,10,3400
2,4,0,11,3406
2,4,0,12,3469
2,4,0,13,3368
2,4,0,14,3407
2,4,0,15,3393
2,4,0,16,3378
2,4,0,17,3413
2,4,0,18,3415
2,4,0,19,3382
2,4,0,20,3421
2,4,0,21,3389
2,4,0,22,3408
2,4,0,23,3390
2,4,0,24,3444
2,4,0,25,3405
2,4,0,26,3437
2,4,0,27,3409
2,4,0,28,3437
2,4,0,29,3447
2,4,0,30,3421
2,4,0,31,3403
2,5,0,0,3680
2,5,0,1,3628
2,5,0,2,3651
2,5,0,3,3643
2,5,0,4,3624
2,5,0,5,3620
2,5,0,6,3656
2,5,0,7,3619
2,5,0,8,3663
2,5,0,9,3630
2,5,0,10,3655
2,5,0,11,3614
2,5,0,12,3696
2,5,0,13,3637
2,5,0,14,3602
2,5,0,15,3641
2,5,0,16,3664
2,5,0,17,3626
2,5,0,18,3664
2,5,0,19,3659
2,5,0,20,3626
2,5,0,21,3678
2,5,0,22,3663
2,5,0,23,3659
2,5,0,24,3672
2,5,0,25,3642
2,5,0,26,3655
2,5,0,27,3622
2,5,0,28,3630
2,5,0,29,3629
2,5,0,30,3645
2,5,0,31,3625
2,6,0,0,15632
2,6,0,1,16383
2,6,0,2,15757
2,6,0,3,15482
2,6,0,4,15982
2,6,0,5,15752
2,6,0,6,15565
2,6,0,7,15571
2,6,0,8,15613
2,6,0,9,15591
2,6,0,10,15448
2,6,0,11,15445
2,6,0,12,15427
2,6,0,13,15579
2,6,0,14,15409
2,6,0,15,15426
2,6,0,16,15565
2,6,0,17,15728
2,6,0,18,15610
2,6,0,19,15693
2,6,0,20,15671
2,6,0,21,15560
2,6,0,22,15638
2,6,0,23,15631
2,6,0,24,15603
2,6,0,25,15668
2,6,0,26,15597
2,6,0,27,15417
2,6,0,28,15418
2,6,0,29,15580
2,6,0,30,15596
2,6,0,31,15465
2,7,0,0,15754
2,7,0,1,15524
2,7,0,2,15544
2,7,0,3,15829
2,7,0,4,15738
2,7,0,5,15785
2,7,0,6,15803
2,7,0,7,15852
2,7,0,8,15616
2,7,0,9,15591
2,7,0,10,15590
2,7,0,11,15786
2,7,0,12,15822
2,7,0,13,15554
2,7,0,14,15589
2,7,0,15,15533
2,7,0,16,15726
2,7,0,17,15806
2,7,0,18,15618
2,7,0,19,15634
2,7,0,20,15833
2,7,0,21,15567
2,7,0,22,15553
2,7,0,23,15595
2,7,0,24,15568
2,7,0,25,15744
2,7,0,26,15825
2,7,0,27,15518
2,7,0,28,15766
2,7,0,29,15738
2,7,0,30,15520
2,7,0,31,15813
2,8,0,0,18276
2,8,0,1,18070
2,8,0,2,18274
2,8,0,3,18154
2,8,0,4,18242
2,8,0,5,18239
2,8,0,6,18153
2,8,0,7,18250
2,8,0,8,18019
2,8,0,9,17984
2,8,0,10,18223
2,8,0,11,17933
2,8,0,12,17957
2,8,0,13,18207
2,8,0,14,18347
2,8,0,15,18193
2,8,0,16,17906
2,8,0,17,18217
2,8,0,18,18259
2,8,0,19,17937
2,8,0,20,18051
2,8,0,21,17889
2,8,0,22,18237
2,8,0,23,18274
2,8,0,24,17971
2,8,0,25,18300
2,8,0,26,18130
2,8,0,27,17968
2,8,0,28,17971
2,8,0,29,18625
2,8,0,30,18084
2,8,0,31,18042
2,9,0,0,19156
2,9,0,1,18934
2,9,0,2,18793
2,9,0,3,18950
2,9,0,4,18929
2,9,0,5,19055
2,9,0,6,18884
2,9,0,7,19056
2,9,0,8,19140
2,9,0,9,18752
2,9,0,10,19186
2,9,0,11,18949
2,9,0,12,19195
2,9,0,13,18813
2,9,0,14,19050
2,9,0,15,19224
2,9,0,16,18814
2,9,0,17,18766
2,9,0,18,19138
2,9,0,19,19054
2,9,0,20,19121
2,9,0,21,18731
2,9,0,22,19158
2,9,0,23,19034
2,9,0,24,19153
2,9,0,25,19117
2,9,0,26,19061
2,9,0,27,19061
2,9,0,28,19118
2,9,0,29,18875
2,9,0,30,18780
2,9,0,31,18886
2,10,0,0,19517
2,10,0,1,19738
2,10,0,2,19800
2,10,0,3,19467
2,10,0,4,19522
2,10,0,5,19601
2,10,0,6,19545
2,10,0,7,19836
2,10,0,8,19862
2,10,0,9,19866
2,10,0,10,19801
2,10,0,11,19781
2,10,0,12,19832
2,10,0,13,19887
2,10,0,14,19867
2,10,0,15,19527
2,10,0,16,19522
2,10,0,17,19631
2,10,0,18,19853
2,10,0,19,19778
2,10,0,20,19591
2,10,0,21,19560
2,10,0,22,19789
2,10,0,23,19799
2,10,0,24,19827
2,10,0,25,19865
2,10,0,26,19832
2,10,0,27,19843
2,10,0,28,19846
2,10,0,29,19905
2,10,0,30,19461
2,10,0,31,19536
0,9,1,0,21456
0,9,1,1,21362
0,9,1,2,21521
0,9,1,3,21651
0,9,1,4,21362
0,9,1,5,21441
0,9,1,6,21369
0,9,1,7,21502
0,9,1,8,21344
0,9,1,9,21582
0,9,1,10,21495
0,9,1,11,21311
0,9,1,12,21996
0,9,1,13,21438
0,9,1,14,21472
0,9,1,15,21402
0,9,1,16,29513
0,9,1,17,22704
0,9,1,18,21388
0,9,1,19,21301
0,9,1,20,21568
0,9,1,21,21602
0,9,1,22,21342
0,9,1,23,21348
0,9,1,24,21349
0,9,1,25,21568
0,9,1,26,21262
0,9,1,27,21578
0,9,1,28,21577
0,9,1,29,21421
0,9,1,30,21562
0,9,1,31,21630
0,8,1,0,21354
0,8,1,1,21125
0,8,1,2,21366
0,8,1,3,21243
0,8,1,4,21225
0,8,1,5,21148
0,8,1,6,21087
0,8,1,7,21186
0,8,1,8,21217
0,8,1,9,21248
0,8,1,10,21181
0,8,1,11,21167
0,8,1,12,21269
0,8,1,13,21046
0,8,1,14,21282
0,8,1,15,21336
0,8,1,16,21172
0,8,1,17,21325
0,8,1,18,21270
0,8,1,19,21182
0,8,1,20,21148
0,8,1,21,21132
0,8,1,22,21121
0,8,1,23,21272
0,8,1,24,21090
0,8,1,25,21142
0,8,1,26,21279
0,8,1,27,21221
0,8,1,28,21229
0,8,1,29,21301
0,8,1,30,21176
0,8,1,31,21139
0,7,1,0,10663
0,7,1,1,10597
0,7,1,2,10616
0,7,1,3,10598
0,7,1,4,10600
0,7,1,5,10667
0,7,1,6,10631
0,7,1,7,10557
0,7,1,8,10593
0,7,1,9,10623
0,7,1,10,10586
0,7,1,11,10614
0,7,1,12,10596
0,7,1,13,10619
0,7,1,14,10659
0,7,1,15,10661
0,7,1,16,10585
0,7,1,17,10656
0,7,1,18,10649
0,7,1,19,10610
0,7,1,20,10683
0,7,1,21,10671
0,7,1,22,10476
0,7,1,23,10731
0,7,1,24,10604
0,7,1,25,10588
0,7,1,26,10532
0,7,1,27,10601
0,7,1,28,10491
0,7,1,29,10603
0,7,1,30,10599
0,7,1,31,10590
0,6,1,0,9499
0,6,1,1,9646
0,6,1,2,9618
0,6,1,3,9622
0,6,1,4,9616
0,6,1,5,9711
0,6,1,6,9698
0,6,1,7,9546
0,6,1,8,9662
0,6,1,9,9605
0,6,1,10,9641
0,6,1,11,9477
0,6,1,12,9522
0,6,1,13,9659
0,6,1,14,9734
0,6,1,15,9660
0,6,1,16,9682
0,6,1,17,9666
0,6,1,18,9564
0,6,1,19,9687
0,6,1,20,9610
0,6,1,21,9637
0,6,1,22,9552
0,6,1,23,9598
0,6,1,24,9696
0,6,1,25,9676
0,6,1,26,9772
0,6,1,27,9693
0,6,1,28,9674
0,6,1,29,9661
0,6,1,30,9703
0,6,1,31,9671
0,5,1,0,8879
0,5,1,1,8888
0,5,1,2,8996
0,5,1,3,8969
0,5,1,4,8978
0,5,1,5,8886
0,5,1,6,8993
0,5,1,7,8944
0,5,1,8,8905
0,5,1,9,8799
0,5,1,10,8841
0,5,1,11,8895
0,5,1,12,8951
0,5,1,13,8899
0,5,1,14,8890
0,5,1,15,8929
0,5,1,16,9024
0,5,1,17,8864
0,5,1,18,8851
0,5,1,19,8889
0,5,1,20,8884
0,5,1,21,8910
0,5,1,22,8770
0,5,1,23,8930
0,5,1,24,8946
0,5,1,25,8941
0,5,1,26,8921
0,5,1,27,8866
0,5,1,28,8956
0,5,1,29,8939
0,5,1,30,9201
0,5,1,31,8798
0,4,1,0,7720
0,4,1,1,7982
0,4,1,2,7766
0,4,1,3,7872
0,4,1,4,7905
0,4,1,5,7900
0,4,1,6,7909
0,4,1,7,7894
0,4,1,8,7799
0,4,1,9,7716
0,4,1,10,7884
0,4,1,11,7923
0,4,1,12,7904
0,4,1,13,7771
0,4,1,14,7773
0,4,1,15,7859
0,4,1,16,7937
0,4,1,17,7923
0,4,1,18,7915
0,4,1,19,7877
0,4,1,20,7843
0,4,1,21,7919
0,4,1,22,7914
0,4,1,23,7860
0,4,1,24,7859
0,4,1,25,7796
0,4,1,26,7760
0,4,1,27,7826
0,4,1,28,7848
0,4,1,29,7900
0,4,1,30,7774
0,4,1,31,7884
0,3,1,0,6983
0,3,1,1,7116
0,3,1,2,7069
0,3,1,3,7062
0,3,1,4,7074
0,3,1,5,7111
0,3,1,6,7160
0,3,1,7,7117
0,3,1,8,7155
0,3,1,9,7116
0,3,1,10,7063
0,3,1,11,7125
0,3,1,12,7137
0,3,1,13,6999
0,3,1,14,7042
0,3,1,15,7059
0,3,1,16,7131
0,3,1,17,7082
0,3,1,18,7005
0,3,1,19,6957
0,3,1,20,7155
0,3,1,21,7128
0,3,1,22,7077
0,3,1,23,7189
0,3,1,24,7143
0,3,1,25,7217
0,3,1,26,6979
0,3,1,27,7018
0,3,1,28,7147
0,3,1,29,7120
0,3,1,30,7108
0,3,1,31,7099
0,2,1,0,4567
0,2,1,1,4605
0,2,1,2,4568
0,2,1,3,4568
0,2,1,4,4606
0,2,1,5,4598
0,2,1,6,4636
0,2,1,7,4583
0,2,1,8,4600
0,2,1,9,4602
0,2,1,10,4614
0,2,1,11,4585
0,2,1,12,4575
0,2,1,13,4622
0,2,1,14,4585
0,2,1,15,4593
0,2,1,16,4587
0,2,1,17,4616
0,2,1,18,4604
0,2,1,19,4585
0,2,1,20,4611
0,2,1,21,4644
0,2,1,22,4585
0,2,1,23,4572
0,2,1,24,4596
0,2,1,25,4581
0,2,1,26,4618
0,2,1,27,4589
0,2,1,28,4583
0,2,1,29,4580
0,2,1,30,4585
0,2,1,31,4585
0,1,1,0,3556
0,1,1,1,3483
0,1,1,2,3512
0,1,1,3,3546
0,1,1,4,3579
0,1,1,5,3541
0,1,1,6,3497
0,1,1,7,3507
0,1,1,8,3574
0,1,1,9,3510
0,1,1,10,3493
0,1,1,11,3566
0,1,1,12,3577
0,1,1,13,3567
0,1,1,14,3553
0,1,1,15,3553
0,1,1,16,3562
0,1,1,17,3529
0,1,1,18,3584
0,1,1,19,3566
0,1,1,20,3536
0,1,1,21,3515
0,1,1,22,3510
0,1,1,23,3523
0,1,1,24,3524
0,1,1,25,3568
0,1,1,26,3516
0,1,1,27,3545
0,1,1,28,3536
0,1,1,29,3567
0,1,1,30,3536
0,1,1,31,3531
0,0,1,0,2793
0,0,1,1,2838
0,0,1,2,2773
0,0,1,3,2783
0,0,1,4,2761
0,0,1,5,2814
0,0,1,6,2805
0,0,1,7,2825
0,0,1,8,2769
0,0,1,9,2783
0,0,1,10,2800
0,0,1,11,2784
0,0,1,12,2808
0,0,1,13,2819
0,0,1,14,2748
0,0,1,15,2807
0,0,1,16,2758
0,0,1,17,2793
0,0,1,18,2790
0,0,1,19,2838
0,0,1,20,2796
0,0,1,21,2793
0,0,1,22,2800
0,0,1,23,2785
0,0,1,24,2801
0,0,1,25,2734
0,0,1,26,2753
0,0,1,27,2795
0,0,1,28,2782
0,0,1,29,2707
0,0,1,30,2796
0,0,1,31,2826
1,9,1,0,28129
1,9,1,1,28341
1,9,1,2,28332
1,9,1,3,28470
1,9,1,4,28028
1,9,1,5,27974
1,9,1,6,28352
1,9,1,7,28425
1,9,1,8,27986
1,9,1,9,28018
1,9,1,10,28339
1,9,1,11,28399
1,9,1,12,28381
1,9,1,13,28332
1,9,1,14,28373
1,9,1,15,28296
1,9,1,16,28369
1,9,1,17,28352
1,9,1,18,28206
1,9,1,19,28373
1,9,1,20,28307
1,9,1,21,28503
1,9,1,22,28342
1,9,1,23,28076
1,9,1,24,28289
1,9,1,25,27815
1,9,1,26,28166
1,9,1,27,28324
1,9,1,28,28252
1,9,1,29,28049
1,9,1,30,28314
1,9,1,31,28187
1,8,1,0,28277
1,8,1,1,28344
1,8,1,2,27910
1,8,1,3,27844
1,8,1,4,27859
1,8,1,5,28113
1,8,1,6,27993
1,8,1,7,28299
1,8,1,8,27799
1,8,1,9,27938
1,8,1,10,28129
1,8,1,11,28087
1,8,1,12,28166
1,8,1,13,27843
1,8,1,14,28006
1,8,1,15,28255
1,8,1,16,28030
1,8,1,17,28420
1,8,1,18,28063
1,8,1,19,28035
1,8,1,20,28047
1,8,1,21,27987
1,8,1,22,27914
1,8,1,23,27957
1,8,1,24,28144
1,8,1,25,27969
1,8,1,26,28735
1,8,1,27,27934
1,8,1,28,28333
1,8,1,29,27955
1,8,1,30,28176
1,8,1,31,27974
1,7,1,0,27772
1,7,1,1,27640
1,7,1,2,27634
1,7,1,3,28014
1,7,1,4,28089
1,7,1,5,27918
1,7,1,6,27776
1,7,1,7,27817
1,7,1,8,27797
1,7,1,9,28170
1,7,1,10,27825
1,7,1,11,27648
1,7,1,12,27677
1,7,1,13,27784
1,7,1,14,27672
1,7,1,15,27626
1,7,1,16,27619
1,7,1,17,27826
1,7,1,18,27592
1,7,1,19,27698
1,7,1,20,27808
1,7,1,21,27849
1,7,1,22,28054
1,7,1,23,28022
1,7,1,24,27760
1,7,1,25,27791
1,7,1,26,27717
1,7,1,27,27835
1,7,1,28,27863
1,7,1,29,27603
1,7,1,30,27864
1,7,1,31,27950
1,6,1,0,26975
1,6,1,1,27568
1,6,1,2,27533
1,6,1,3,27204
1,6,1,4,27493
1,6,1,5,27557
1,6,1,6,27035
1,6,1,7,27499
1,6,1,8,27464
1,6,1,9,27252
1,6,1,10,27591
1,6,1,11,27518
1,6,1,12,27466
1,6,1,13,27566
1,6,1,14,26952
1,6,1,15,27057
1,6,1,16,27464
1,6,1,17,27586
1,6,1,18,27588
1,6,1,19,27099
1,6,1,20,27785
1,6,1,21,27614
1,6,1,22,27342
1,6,1,23,27520
1,6,1,24,27144
1,6,1,25,27518
1,6,1,26,27385
1,6,1,27,27484
1,6,1,28,27532
1,6,1,29,27511
1,6,1,30,27338
1,6,1,31,27460
1,5,1,0,26620
1,5,1,1,26783
1,5,1,2,26667
1,5,1,3,26796
1,5,1,4,26771
1,5,1,5,26777
1,5,1,6,26796
1,5,1,7,26796
1,5,1,8,26798
1,5,1,9,26320
1,5,1,10,26743
1,5,1,11,26551
1,5,1,12,26520
1,5,1,13,26673
1,5,1,14,26832
1,5,1,15,26788
1,5,1,16,26359
1,5,1,17,26230
1,5,1,18,26336
1,5,1,19,26366
1,5,1,20,26777
1,5,1,21,26496
1,5,1,22,26734
1,5,1,23,26561
1,5,1,24,26625
1,5,1,25,26654
1,5,1,26,26816
1,5,1,27,26496
1,5,1,28,26756
1,5,1,29,26860
1,5,1,30,26546
1,5,1,31,26727
1,4,1,0,26537
1,4,1,1,26597
1,4,1,2,26348
1,4,1,3,26695
1,4,1,4,26591
1,4,1,5,26635
1,4,1,6,26659
1,4,1,7,26645
1,4,1,8,26618
1,4,1,9,26712
1,4,1,10,26671
1,4,1,11,26446
1,4,1,12,26770
1,4,1,13,26465
1,4,1,14,26792
1,4,1,15,26162
1,4,1,16,26623
1,4,1,17,26721
1,4,1,18,26649
1,4,1,19,26432
1,4,1,20,26652
1,4,1,21,26725
1,4,1,22,26604
1,4,1,23,26621
1,4,1,24,26645
1,4,1,25,26707
1,4,1,26,26638
1,4,1,27,26673
1,4,1,28,26643
1,4,1,29,26321
1,4,1,30,26716
1,4,1,31,26200
1,3,1,0,14569
1,3,1,1,14573
1,3,1,2,14670
1,3,1,3,14626
1,3,1,4,14708
1,3,1,5,14699
1,3,1,6,14580
1,3,1,7,14659
1,3,1,8,14726
1,3,1,9,14705
1,3,1,10,14644
1,3,1,11,14645
1,3,1,12,14734
1,3,1,13,14724
1,3,1,14,14638
1,3,1,15,14702
1,3,1,16,14708
1,3,1,17,14693
1,3,1,18,14666
1,3,1,19,14655
1,3,1,20,14719
1,3,1,21,14434
1,3,1,22,14648
1,3,1,23,14663
1,3,1,24,14737
1,3,1,25,14678
1,3,1,26,14495
1,3,1,27,14686
1,3,1,28,14729
1,3,1,29,14701
1,3,1,30,14598
1,3,1,31,14451
1,2,1,0,14247
1,2,1,1,14472
1,2,1,2,14447
1,2,1,3,14498
1,2,1,4,14491
1,2,1,5,14442
1,2,1,6,14461
1,2,1,7,14411
1,2,1,8,14413
1,2,1,9,14191
1,2,1,10,14459
1,2,1,11,14445
1,2,1,12,14499
1,2,1,13,14455
1,2,1,14,14466
1,2,1,15,14248
1,2,1,16,14194
1,2,1,17,14212
1,2,1,18,14224
1,2,1,19,14187
1,2,1,20,14242
1,2,1,21,14483
1,2,1,22,14435
1,2,1,23,14470
1,2,1,24,14429
1,2,1,25,14532
1,2,1,26,14474
1,2,1,27,14468
1,2,1,28,14183
1,2,1,29,14480
1,2,1,30,14418
1,2,1,31,14460
1,1,1,0,13677
1,1,1,1,13750
1,1,1,2,13641
1,1,1,3,13721
1,1,1,4,13691
1,1,1,5,13688
1,1,1,6,13711
1,1,1,7,13455
1,1,1,8,13699
1,1,1,9,13474
1,1,1,10,13674
1,1,1,11,13715
1,1,1,12,13694
1,1,1,13,13441
1,1,1,14,13581
1,1,1,15,13595
1,1,1,16,13622
1,1,1,17,13656
1,1,1,18,14235
1,1,1,19,13844
1,1,1,20,13487
1,1,1,21,13673
1,1,1,22,13749
1,1,1,23,13691
1,1,1,24,13723
1,1,1,25,13780
1,1,1,26,13421
1,1,1,27,13617
1,1,1,28,13535
1,1,1,29,13724
1,1,1,30,13709
1,1,1,31,13715
1,0,1,0,373
1,0,1,1,359
1,0,1,2,371
1,0,1,3,356
1,0,1,4,359
1,0,1,5,369
1,0,1,6,362
1,0,1,7,368
1,0,1,8,365
1,0,1,9,369
1,0,1,10,370
1,0,1,11,373
1,0,1,12,362
1,0,1,13,357
1,0,1,14,360
1,0,1,15,359
1,0,1,16,367
1,0,1,17,359
1,0,1,18,356
1,0,1,19,361
1,0,1,20,365
1,0,1,21,370
1,0,1,22,369
1,0,1,23,362
1,0,1,24,354
1,0,1,25,361
1,0,1,26,358
1,0,1,27,369
1,0,1,28,364
1,0,1,29,358
1,0,1,30,354
1,0,1,31,357
2,10,1,0,19588
2,10,1,1,19713
2,10,1,2,19800
2,10,1,3,19795
2,10,1,4,19576
2,10,1,5,19660
2,10,1,6,19718
2,10,1,7,19754
2,10,1,8,19695
2,10,1,9,19872
2,10,1,10,19690
2,10,1,11,19793
2,10,1,12,19847
2,10,1,13,19481
2,10,1,14,19488
2,10,1,15,19855
2,10,1,16,19778
2,10,1,17,19532
2,10,1,18,19528
2,10,1,19,19644
2,10,1,20,19897
2,10,1,21,19901
2,10,1,22,19525
2,10,1,23,19508
2,10,1,24,19562
2,10,1,25,19855
2,10,1,26,19918
2,10,1,27,19860
2,10,1,28,19717
2,10,1,29,19850
2,10,1,30,19855
2,10,1,31,19616
2,9,1,0,19199
2,9,1,1,19051
2,9,1,2,18871
2,9,1,3,18831
2,9,1,4,18991
2,9,1,5,19074
2,9,1,6,18811
2,9,1,7,18750
2,9,1,8,18970
2,9,1,9,19172
2,9,1,10,19056
2,9,1,11,19090
2,9,1,12,19161
2,9,1,13,19102
2,9,1,14,19054
2,9,1,15,19226
2,9,1,16,19103
2,9,1,17,19164
2,9,1,18,19070
2,9,1,19,19094
2,9,1,20,19135
2,9,1,21,19110
2,9,1,22,19176
2,9,1,23,18957
2,9,1,24,19065
2,9,1,25,19067
2,9,1,26,18973
2,9,1,27,18798
2,9,1,28,19073
2,9,1,29,19156
2,9,1,30,19076
2,9,1,31,19068
2,8,1,0,18351
2,8,1,1,18488
2,8,1,2,17898
2,8,1,3,17982
2,8,1,4,18268
2,8,1,5,18226
2,8,1,6,18182
2,8,1,7,18087
2,8,1,8,17849
2,8,1,9,18007
2,8,1,10,17890
2,8,1,11,18241
2,8,1,12,18208
2,8,1,13,17929
2,8,1,14,18047
2,8,1,15,17937
2,8,1,16,18239
2,8,1,17,18234
2,8,1,18,18158
2,8,1,19,17943
2,8,1,20,18145
2,8,1,21,18271
2,8,1,22,18243
2,8,1,23,18198
2,8,1,24,18224
2,8,1,25,18287
2,8,1,26,18201
2,8,1,27,18166
2,8,1,28,17975
2,8,1,29,17932
2,8,1,30,17980
2,8,1,31,17972
2,7,1,0,15924
2,7,1,1,15765
2,7,1,2,15651
2,7,1,3,15691
2,7,1,4,15700
2,7,1,5,15861
2,7,1,6,15596
2,7,1,7,15593
2,7,1,8,15631
2,7,1,9,15616
2,7,1,10,15669
2,7,1,11,15577
2,7,1,12,15584
2,7,1,13,15544
2,7,1,14,15864
2,7,1,15,15484
2,7,1,16,15571
2,7,1,17,15719
2,7,1,18,15609
2,7,1,19,15516
2,7,1,20,15680
2,7,1,21,15725
2,7,1,22,15778
2,7,1,23,15702
2,7,1,24,15735
2,7,1,25,15779
2,7,1,26,15772
2,7,1,27,15676
2,7,1,28,15578
2,7,1,29,15772
2,7,1,30,15731
2,7,1,31,15641
2,6,1,0,15424
2,6,1,1,15433
2,6,1,2,15652
2,6,1,3,15657
2,6,1,4,15489
2,6,1,5,15461
2,6,1,6,15581
2,6,1,7,15617
2,6,1,8,15376
2,6,1,9,15443
2,6,1,10,15407
2,6,1,11,15426
2,6,1,12,15391
2,6,1,13,15699
2,6,1,14,15432
2,6,1,15,15612
2,6,1,16,15466
2,6,1,17,15441
2,6,1,18,15422
2,6,1,19,15473
2,6,1,20,15606
2,6,1,21,15648
2,6,1,22,15622
2,6,1,23,15466
2,6,1,24,15430
2,6,1,25,15601
2,6,1,26,15530
2,6,1,27,15616
2,6,1,28,15322
2,6,1,29,15504
2,6,1,30,15376
2,6,1,31,15412
2,5,1,0,3655
2,5,1,1,3656
2,5,1,2,3650
2,5,1,3,3602
2,5,1,4,3647
2,5,1,5,3688
2,5,1,6,3649
2,5,1,7,3641
2,5,1,8,3690
2,5,1,9,3655
2,5,1,10,3674
2,5,1,11,3658
2,5,1,12,3633
2,5,1,13,3638
2,5,1,14,3651
2,5,1,15,3611
2,5,1,16,3644
2,5,1,17,3613
2,5,1,18,3659
2,5,1,19,3687
2,5,1,20,3611
2,5,1,21,3660
2,5,1,22,3647
2,5,1,23,3666
2,5,1,24,3639
2,5,1,25,3653
2,5,1,26,3687
2,5,1,27,3663
2,5,1,28,3614
2,5,1,29,3661
2,5,1,30,3643
2,5,1,31,3625
2,4,1,0,3426
2,4,1,1,3352
2,4,1,2,3385
2,4,1,3,3420
2,4,1,4,3364
2,4,1,5,3397
2,4,1,6,3390
2,4,1,7,3381
2,4,1,8,3443
2,4,1,9,3414
2,4,1,10,3421
2,4,1,11,3452
2,4,1,12,3405
2,4,1,13,3417
2,4,1,14,3412
2,4,1,15,3444
2,4,1,16,3415
2,4,1,17,3457
2,4,1,18,3439
2,4,1,19,3425
2,4,1,20,3429
2,4,1,21,3383
2,4,1,22,3407
2,4,1,23,3413
2,4,1,24,3426
2,4,1,25,3393
2,4,1,26,3415
2,4,1,27,3405
2,4,1,28,3389
2,4,1,29,3415
2,4,1,30,3406
2,4,1,31,3397
2,3,1,0,2841
2,3,1,1,2924
2,3,1,2,2906
2,3,1,3,2882
2,3,1,4,2889
2,3,1,5,2883
2,3,1,6,2887
2,3,1,7,2869
2,3,1,8,2883
2,3,1,9,2936
2,3,1,10,2913
2,3,1,11,2901
2,3,1,12,2897
2,3,1,13,2931
2,3,1,14,2887
2,3,1,15,2889
2,3,1,16,2912
2,3,1,17,2896
2,3,1,18,2868
2,3,1,19,2922
2,3,1,20,2892
2,3,1,21,2895
2,3,1,22,2868
2,3,1,23,2873
2,3,1,24,2875
2,3,1,25,2879
2,3,1,26,2874
2,3,1,27,2882
2,3,1,28,2877
2,3,1,29,2933
2,3,1,30,2874
2,3,1,31,2878
2,2,1,0,2021
2,2,1,1,2027
2,2,1,2,2041
2,2,1,3,2061
2,2,1,4,2017
2,2,1,5,2037
2,2,1,6,2054
2,2,1,7,2038
2,2,1,8,2031
2,2,1,9,2036
2,2,1,10,2028
2,2,1,11,2054
2,2,1,12,2017
2,2,1,13,2058
2,2,1,14,2052
2,2,1,15,2050
2,2,1,16,2053
2,2,1,17,2022
2,2,1,18,2040
2,2,1,19,2058
2,2,1,20,2033
2,2,1,21,2039
2,2,1,22,2056
2,2,1,23,2055
2,2,1,24,2016
2,2,1,25,2046
2,2,1,26,2054
2,2,1,27,2066
2,2,1,28,2050
2,2,1,29,2056
2,2,1,30,2057
2,2,1,31,2050
2,1,1,0,1076
2,1,1,1,1080
2,1,1,2,1086
2,1,1,3,1089
2,1,1,4,1097
2,1,1,5,1084
2,1,1,6,1109
2,1,1,7,1111
2,1,1,8,1093
2,1,1,9,1095
2,1,1,10,1095
2,1,1,11,1096
2,1,1,12,1074
2,1,1,13,1105
2,1,1,14,1089
2,1,1,15,1096
2,1,1,16,1125
2,1,1,17,1090
2,1,1,18,1084
2,1,1,19,1077
2,1,1,20,1088
2,1,1,21,1073
2,1,1,22,1099
2,1,1,23,1088
2,1,1,24,1102
2,1,1,25,1089
2,1,1,26,1083
2,1,1,27,1084
2,1,1,28,1093
2,1,1,29,1100
2,1,1,30,1093
2,1,1,31,1099
2,0,1,0,654
2,0,1,1,674
2,0,1,2,655
2,0,1,3,671
2,0,1,4,673
2,0,1,5,653
2,0,1,6,668
2,0,1,7,679
2,0,1,8,675
2,0,1,9,677
2,0,1,10,670
2,0,1,11,674
2,0,1,12,672
2,0,1,13,682
2,0,1,14,687
2,0,1,15,661
2,0,1,16,678
2,0,1,17,673
2,0,1,18,656
2,0,1,19,665
2,0,1,20,659
2,0,1,21,665
2,0,1,22,669
2,0,1,23,671
2,0,1,24,667
2,0,1,25,663
2,0,1,26,675
2,0,1,27,683
2,0,1,28,677
2,0,1,29,677
2,0,1,30,677
2,0,1,31,683
0,0,2,0,2792
0,0,2,1,2789
0,0,2,2,2760
0,0,2,3,2797
0,0,2,4,2802
0,0,2,5,2795
0,0,2,6,2792
0,0,2,7,2775
0,0,2,8,2752
0,0,2,9,2807
0,0,2,10,2792
0,0,2,11,2821
0,0,2,12,2815
0,0,2,13,2806
0,0,2,14,2809
0,0,2,15,2816
0,0,2,16,2797
0,0,2,17,2785
0,0,2,18,2822
0,0,2,19,2813
0,0,2,20,2797
0,0,2,21,2769
0,0,2,22,2807
0,0,2,23,2795
0,0,2,24,2813
0,0,2,25,2814
0,0,2,26,2813
0,0,2,27,2798
0,0,2,28,2755
0,0,2,29,2807
0,0,2,30,2786
0,0,2,31,2817
0,1,2,0,3531
0,1,2,1,3543
0,1,2,2,3587
0,1,2,3,3545
0,1,2,4,3562
0,1,2,5,3526
0,1,2,6,3512
0,1,2,7,3559
0,1,2,8,3624
0,1,2,9,3545
0,1,2,10,3547
0,1,2,11,3576
0,1,2,12,3587
0,1,2,13,3499
0,1,2,14,3569
0,1,2,15,3524
0,1,2,16,3522
0,1,2,17,3551
0,1,2,18,3578
0,1,2,19,3566
0,1,2,20,3527
0,1,2,21,3556
0,1,2,22,3518
0,1,2,23,3516
0,1,2,24,3519
0,1,2,25,3528
0,1,2,26,3532
0,1,2,27,3540
0,1,2,28,3554
0,1,2,29,3544
0,1,2,30,3523
0,1,2,31,3538
0,2,2,0,4496
0,2,2,1,4632
0,2,2,2,4595
0,2,2,3,4598
0,2,2,4,4589
0,2,2,5,4582
0,2,2,6,4565
0,2,2,7,4586
0,2,2,8,4544
0,2,2,9,4583
0,2,2,10,4598
0,2,2,11,4556
0,2,2,12,4609
0,2,2,13,4630
0,2,2,14,4600
0,2,2,15,4556
0,2,2,16,4614
0,2,2,17,4648
0,2,2,18,4556
0,2,2,19,4628
0,2,2,20,4625
0,2,2,21,4689
0,2,2,22,4580
0,2,2,23,4559
0,2,2,24,4593
0,2,2,25,4534
0,2,2,26,4588
0,2,2,27,4621
0,2,2,28,4607
0,2,2,29,4584
0,2,2,30,4521
0,2,2,31,4595
0,3,2,0,7192
0,3,2,1,7150
0,3,2,2,7050
0,3,2,3,7096
0,3,2,4,7070
0,3,2,5,7005
0,3,2,6,7070
0,3,2,7,7098
0,3,2,8,7008
0,3,2,9,7131
0,3,2,10,7144
0,3,2,11,7110
0,3,2,12,7135
0,3,2,13,7082
0,3,2,14,7140
0,3,2,15,7107
0,3,2,16,7077
0,3,2,17,7155
0,3,2,18,7142
0,3,2,19,7167
0,3,2,20,6985
0,3,2,21,7138
0,3,2,22,7145
0,3,2,23,7200
0,3,2,24,7141
0,3,2,25,6995
0,3,2,26,7076
0,3,2,27,7107
0,3,2,28,7159
0,3,2,29,7155
0,3,2,30,7184
0,3,2,31,7173
0,4,2,0,7844
0,4,2,1,7905
0,4,2,2,7994
0,4,2,3,7804
0,4,2,4,7802
0,4,2,5,7716
0,4,2,6,7746
0,4,2,7,7810
0,4,2,8,8288
0,4,2,9,7902
0,4,2,10,7829
0,4,2,11,7857
0,4,2,12,7764
0,4,2,13,7921
0,4,2,14,7922
0,4,2,15,7913
0,4,2,16,7827
0,4,2,17,7752
0,4,2,18,7846
0,4,2,19,7880
0,4,2,20,7905
0,4,2,21,7902
0,4,2,22,7871
0,4,2,23,7881
0,4,2,24,7787
0,4,2,25,7868
0,4,2,26,7893
0,4,2,27,7906
0,4,2,28,7902
0,4,2,29,7917
0,4,2,30,7875
0,4,2,31,7812
0,5,2,0,8921
0,5,2,1,8953
0,5,2,2,8859
0,5,2,3,9049
0,5,2,4,8911
0,5,2,5,8900
0,5,2,6,8852
0,5,2,7,8960
0,5,2,8,8881
0,5,2,9,8818
0,5,2,10,8929
0,5,2,11,8950
0,5,2,12,8981
0,5,2,13,8828
0,5,2,14,8952
0,5,2,15,8901
0,5,2,16,8882
0,5,2,17,8917
0,5,2,18,8946
0,5,2,19,8867
0,5,2,20,8937
0,5,2,21,8762
0,5,2,22,8901
0,5,2,23,8893
0,5,2,24,8897
0,5,2,25,8875
0,5,2,26,8918
0,5,2,27,8859
0,5,2,28,8839
0,5,2,29,8914
0,5,2,30,8897
0,5,2,31,8969
0,6,2,0,9634
0,6,2,1,9708
0,6,2,2,9764
0,6,2,3,9660
0,6,2,4,9857
0,6,2,5,9687
0,6,2,6,9703
0,6,2,7,9703
0,6,2,8,9629
0,6,2,9,9649
0,6,2,10,9900
0,6,2,11,9686
0,6,2,12,9644
0,6,2,13,9676
0,6,2,14,9713
0,6,2,15,9555
0,6,2,16,9641
0,6,2,17,9563
0,6,2,18,9689
0,6,2,19,9687
0,6,2,20,9638
0,6,2,21,9639
0,6,2,22,9654
0,6,2,23,9686
0,6,2,24,9592
0,6,2,25,9601
0,6,2,26,9660
0,6,2,27,9623
0,6,2,28,9751
0,6,2,29,9708
0,6,2,30,9678
0,6,2,31,9695
0,7,2,0,10591
0,7,2,1,10648
0,7,2,2,10629
0,7,2,3,10616
0,7,2,4,10646
0,7,2,5,10491
0,7,2,6,10603
0,7,2,7,10534
0,7,2,8,10615
0,7,2,9,10859
0,7,2,10,10622
0,7,2,11,10607
0,7,2,12,10555
0,7,2,13,10697
0,7,2,14,10577
0,7,2,15,10541
0,7,2,16,10664
0,7,2,17,10580
0,7,2,18,10663
0,7,2,19,10694
0,7,2,20,10567
0,7,2,21,10653
0,7,2,22,10673
0,7,2,23,10674
0,7,2,24,10651
0,7,2,25,10643
0,7,2,26,10581
0,7,2,27,10640
0,7,2,28,10578
0,7,2,29,10644
0,7,2,30,10629
0,7,2,31,10590
0,8,2,0,21458
0,8,2,1,21166
0,8,2,2,21081
0,8,2,3,21193
0,8,2,4,21298
0,8,2,5,21236
0,8,2,6,21268
0,8,2,7,20980
0,8,2,8,21210
0,8,2,9,21194
0,8,2,10,21141
0,8,2,11,21213
0,8,2,12,21356
0,8,2,13,21189
0,8,2,14,21222
0,8,2,15,21485
0,8,2,16,21243
0,8,2,17,21462
0,8,2,18,21447
0,8,2,19,21489
0,8,2,20,21149
0,8,2,21,21240
0,8,2,22,21061
0,8,2,23,21169
0,8,2,24,21380
0,8,2,25,21112
0,8,2,26,21113
0,8,2,27,21367
0,8,2,28,21154
0,8,2,29,21182
0,8,2,30,21546
0,8,2,31,21359
0,9,2,0,21428
0,9,2,1,21185
0,9,2,2,21276
0,9,2,3,21480
0,9,2,4,21369
0,9,2,5,21360
0,9,2,6,21460
0,9,2,7,21416
0,9,2,8,21471
0,9,2,9,21444
0,9,2,10,21492
0,9,2,11,21502
0,9,2,12,21196
0,9,2,13,21361
0,9,2,14,21507
0,9,2,15,21300
0,9,2,16,21460
0,9,2,17,21314
0,9,2,18,21415
0,9,2,19,21423
0,9,2,20,21389
0,9,2,21,21410
0,9,2,22,21397
0,9,2,23,21253
0,9,2,24,21420
0,9,2,25,21393
0,9,2,26,21347
0,9,2,27,21239
0,9,2,28,21313
0,9,2,29,21330
0,9,2,30,21367
0,9,2,31,21273
1,0,2,0,418
1,0,2,1,361
1,0,2,2,358
1,0,2,3,368
1,0,2,4,367
1,0,2,5,369
1,0,2,6,371
1,0,2,7,371
1,0,2,8,370
1,0,2,9,380
1,0,2,10,363
1,0,2,11,380
1,0,2,12,356
1,0,2,13,374
1,0,2,14,367
1,0,2,15,364
1,0,2,16,370
1,0,2,17,372
1,0,2,18,368
1,0,2,19,373
1,0,2,20,363
1,0,2,21,365
1,0,2,22,365
1,0,2,23,363
1,0,2,24,374
1,0,2,25,370
1,0,2,26,355
1,0,2,27,374
1,0,2,28,360
1,0,2,29,366
1,0,2,30,367
1,0,2,31,380
1,1,2,0,13764
1,1,2,1,13715
1,1,2,2,13715
1,1,2,3,13442
1,1,2,4,13475
1,1,2,5,13689
1,1,2,6,13522
1,1,2,7,13597
1,1,2,8,13503
1,1,2,9,13445
1,1,2,10,13526
1,1,2,11,13554
1,1,2,12,13483
1,1,2,13,13436
1,1,2,14,13718
1,1,2,15,13452
1,1,2,16,13431
1,1,2,17,13446
1,1,2,18,13488
1,1,2,19,13481
1,1,2,20,13572
1,1,2,21,13688
1,1,2,22,13657
1,1,2,23,13705
1,1,2,24,13579
1,1,2,25,13743
1,1,2,26,13670
1,1,2,27,13703
1,1,2,28,13726
1,1,2,29,13644
1,1,2,30,13737
1,1,2,31,13686
1,2,2,0,14404
1,2,2,1,15139
1,2,2,2,14545
1,2,2,3,14348
1,2,2,4,14432
1,2,2,5,14279
1,2,2,6,14275
1,2,2,7,14485
1,2,2,8,14280
1,2,2,9,14471
1,2,2,10,14295
1,2,2,11,14394
1,2,2,12,14528
1,2,2,13,14475
1,2,2,14,14462
1,2,2,15,14472
1,2,2,16,14529
1,2,2,17,14538
1,2,2,18,14525
1,2,2,19,14539
1,2,2,20,14528
1,2,2,21,14491
1,2,2,22,14508
1,2,2,23,14438
1,2,2,24,14449
1,2,2,25,14455
1,2,2,26,14533
1,2,2,27,14513
1,2,2,28,14547
1,2,2,29,14389
1,2,2,30,14548
1,2,2,31,14436
1,3,2,0,14698
1,3,2,1,14350
1,3,2,2,14705
1,3,2,3,14754
1,3,2,4,14594
1,3,2,5,14693
1,3,2,6,14754
1,3,2,7,14677
1,3,2,8,14718
1,3,2,9,14643
1,3,2,10,14679
1,3,2,11,14630
1,3,2,12,14699
1,3,2,13,14708
1,3,2,14,14683
1,3,2,15,14721
1,3,2,16,14390
1,3,2,17,14691
1,3,2,18,14696
1,3,2,19,14696
1,3,2,20,14485
1,3,2,21,14765
1,3,2,22,14440
1,3,2,23,14501
1,3,2,24,14705
1,3,2,25,14719
1,3,2,26,14695
1,3,2,27,14607
1,3,2,28,14712
1,3,2,29,14661
1,3,2,30,14747
1,3,2,31,14624
1,4,2,0,26465
1,4,2,1,26670
1,4,2,2,26585
1,4,2,3,26606
1,4,2,4,26608
1,4,2,5,26707
1,4,2,6,26736
1,4,2,7,26675
1,4,2,8,26600
1,4,2,9,26670
1,4,2,10,26633
1,4,2,11,26497
1,4,2,12,26614
1,4,2,13,26688
1,4,2,14,26665
1,4,2,15,26590
1,4,2,16,26606
1,4,2,17,26530
1,4,2,18,26644
1,4,2,19,26617
1,4,2,20,26537
1,4,2,21,26539
1,4,2,22,26627
1,4,2,23,26602
1,4,2,24,26496
1,4,2,25,27103
1,4,2,26,26422
1,4,2,27,26694
1,4,2,28,26647
1,4,2,29,26519
1,4,2,30,26553
1,4,2,31,26729
1,5,2,0,26760
1,5,2,1,26909
1,5,2,2,26875
1,5,2,3,26245
1,5,2,4,26856
1,5,2,5,26781
1,5,2,6,26785
1,5,2,7,26726
1,5,2,8,26757
1,5,2,9,26497
1,5,2,10,26571
1,5,2,11,26830
1,5,2,12,26872
1,5,2,13,26858
1,5,2,14,26815
1,5,2,15,26858
1,5,2,16,26834
1,5,2,17,26645
1,5,2,18,26520
1,5,2,19,26741
1,5,2,20,26735
1,5,2,21,26734
1,5,2,22,26782
1,5,2,23,26777
1,5,2,24,26778
1,5,2,25,26772
1,5,2,26,26741
1,5,2,27,26821
1,5,2,28,26756
1,5,2,29,26778
1,5,2,30,26801
1,5,2,31,26740
1,6,2,0,27443
1,6,2,1,27525
1,6,2,2,27582
1,6,2,3,27465
1,6,2,4,27516
1,6,2,5,27403
1,6,2,6,27521
1,6,2,7,27174
1,6,2,8,27511
1,6,2,9,27441
1,6,2,10,27369
1,6,2,11,27526
1,6,2,12,27533
1,6,2,13,27437
1,6,2,14,27365
1,6,2,15,27514
1,6,2,16,27561
1,6,2,17,27572
1,6,2,18,27468
1,6,2,19,27489
1,6,2,20,27837
1,6,2,21,27559
1,6,2,22,27435
1,6,2,23,27287
1,6,2,24,27301
1,6,2,25,27096
1,6,2,26,26999
1,6,2,27,27079
1,6,2,28,27497
1,6,2,29,27621
1,6,2,30,27171
1,6,2,31,27231
1,7,2,0,27775
1,7,2,1,28254
1,7,2,2,28045
1,7,2,3,28081
1,7,2,4,28046
1,7,2,5,28088
1,7,2,6,27694
1,7,2,7,28148
1,7,2,8,28043
1,7,2,9,27850
1,7,2,10,28086
1,7,2,11,28034
1,7,2,12,28127
1,7,2,13,27652
1,7,2,14,28124
1,7,2,15,28082
1,7,2,16,27788
1,7,2,17,27774
1,7,2,18,27797
1,7,2,19,28104
1,7,2,20,27829
1,7,2,21,28093
1,7,2,22,28106
1,7,2,23,27956
1,7,2,24,27871
1,7,2,25,27653
1,7,2,26,27854
1,7,2,27,27784
1,7,2,28,27560
1,7,2,29,27554
1,7,2,30,27878
1,7,2,31,28071
1,8,2,0,28243
1,8,2,1,28303
1,8,2,2,28301
1,8,2,3,28351
1,8,2,4,28309
1,8,2,5,27957
1,8,2,6,27930
1,8,2,7,28313
1,8,2,8,28339
1,8,2,9,28405
1,8,2,10,28006
1,8,2,11,28446
1,8,2,12,28322
1,8,2,13,28311
1,8,2,14,27943
1,8,2,15,28428
1,8,2,16,28246
1,8,2,17,27871
1,8,2,18,28272
1,8,2,19,28291
1,8,2,20,28305
1,8,2,21,28294
1,8,2,22,27833
1,8,2,23,27922
1,8,2,24,28254
1,8,2,25,28244
1,8,2,26,28299
1,8,2,27,28178
1,8,2,28,28203
1,8,2,29,28312
1,8,2,30,28322
1,8,2,31,28055
1,9,2,0,28127
1,9,2,1,27918
1,9,2,2,28445
1,9,2,3,28349
1,9,2,4,28388
1,9,2,5,28355
1,9,2,6,28399
1,9,2,7,28280
1,9,2,8,28406
1,9,2,9,28381
1,9,2,10,28318
1,9,2,11,28047
1,9,2,12,27926
1,9,2,13,28278
1,9,2,14,28444
1,9,2,15,28443
1,9,2,16,28350
1,9,2,17,28302
1,9,2,18,28430
1,9,2,19,28437
1,9,2,20,28443
1,9,2,21,28357
1,9,2,22,28393
1,9,2,23,28368
1,9,2,24,28447
1,9,2,25,28418
1,9,2,26,28438
1,9,2,27,28337
1,9,2,28,28170
1,9,2,29,28235
1,9,2,30,28076
1,9,2,31,28119
2,0,2,0,691
2,0,2,1,674
2,0,2,2,662
2,0,2,3,655
2,0,2,4,659
2,0,2,5,678
2,0,2,6,671
2,0,2,7,669
2,0,2,8,689
2,0,2,9,672
2,0,2,10,695
2,0,2,11,693
2,0,2,12,666
2,0,2,13,675
2,0,2,14,662
2,0,2,15,659
2,0,2,16,673
2,0,2,17,643
2,0,2,18,666
2,0,2,19,672
2,0,2,20,670
2,0,2,21,663
2,0,2,22,674
2,0,2,23,659
2,0,2,24,680
2,0,2,25,669
2,0,2,26,681
2,0,2,27,691
2,0,2,28,668
2,0,2,29,663
2,0,2,30,662
2,0,2,31,664
2,1,2,0,1141
2,1,2,1,1077
2,1,2,2,1083
2,1,2,3,1090
2,1,2,4,1086
2,1,2,5,1093
2,1,2,6,1080
2,1,2,7,1086
2,1,2,8,1098
2,1,2,9,1108
2,1,2,10,1103
2,1,2,11,1104
2,1,2,12,1095
2,1,2,13,1117
2,1,2,14,1102
2,1,2,15,1089
2,1,2,16,1091
2,1,2,17,1087
2,1,2,18,1080
2,1,2,19,1094
2,1,2,20,1096
2,1,2,21,1084
2,1,2,22,1095
2,1,2,23,1092
2,1,2,24,1080
2,1,2,25,1101
2,1,2,26,1113
2,1,2,27,1116
2,1,2,28,1093
2,1,2,29,1110
2,1,2,30,1096
2,1,2,31,1093
2,2,2,0,2071
2,2,2,1,2060
2,2,2,2,2050
2,2,2,3,2034
2,2,2,4,2067
2,2,2,5,2069
2,2,2,6,2033
2,2,2,7,2057
2,2,2,8,2029
2,2,2,9,2048
2,2,2,10,2064
2,2,2,11,2036
2,2,2,12,2048
2,2,2,13,2042
2,2,2,14,2049
2,2,2,15,2046
2,2,2,16,2041
2,2,2,17,2031
2,2,2,18,2040
2,2,2,19,2046
2,2,2,20,2034
2,2,2,21,2046
2,2,2,22,2420
2,2,2,23,2057
2,2,2,24,2062
2,2,2,25,2072
2,2,2,26,2032
2,2,2,27,2081
2,2,2,28,2054
2,2,2,29,2056
2,2,2,30,2021
2,2,2,31,2056
2,3,2,0,2924
2,3,2,1,2893
2,3,2,2,2885
2,3,2,3,2889
2,3,2,4,2905
2,3,2,5,2871
2,3,2,6,2872
2,3,2,7,2866
2,3,2,8,2897
2,3,2,9,2893
2,3,2,10,2900
2,3,2,11,2936
2,3,2,12,2875
2,3,2,13,2873
2,3,2,14,2870
2,3,2,15,2873
2,3,2,16,2879
2,3,2,17,2844
2,3,2,18,2909
2,3,2,19,2908
2,3,2,20,2842
2,3,2,21,2877
2,3,2,22,2896
2,3,2,23,2880
2,3,2,24,2935
2,3,2,25,2912
2,3,2,26,2918
2,3,2,27,2938
2,3,2,28,2933
2,3,2,29,2890
2,3,2,30,2898
2,3,2,31,2912
2,4,2,0,3406
2,4,2,1,3438
2,4,2,2,3388
2,4,2,3,3425
2,4,2,4,3366
2,4,2,5,3454
2,4,2,6,3415
2,4,2,7,3405
2,4,2,8,3441
2,4,2,9,3487
2,4,2,10,3441
2,4,2,11,3423
2,4,2,12,3428
2,4,2,13,3434
2,4,2,14,3432
2,4,2,15,3466
2,4,2,16,3420
2,4,2,17,3395
2,4,2,18,3414
2,4,2,19,3425
2,4,2,20,3437
2,4,2,21,3420
2,4,2,22,3379
2,4,2,23,3425
2,4,2,24,3386
2,4,2,25,3424
2,4,2,26,3456
2,4,2,27,3423
2,4,2,28,3422
2,4,2,29,3460
2,4,2,30,3397
2,4,2,31,3448
2,5,2,0,3661
2,5,2,1,3632
2,5,2,2,3656
2,5,2,3,3634
2,5,2,4,3628
2,5,2,5,3616
2,5,2,6,3654
2,5,2,7,3642
2,5,2,8,3631
2,5,2,9,3661
2,5,2,10,3643
2,5,2,11,3649
2,5,2,12,3650
2,5,2,13,3623
2,5,2,14,3623
2,5,2,15,3633
2,5,2,16,3610
2,5,2,17,3684
2,5,2,18,3629
2,5,2,19,3660
2,5,2,20,3646
2,5,2,21,3630
2,5,2,22,3642
2,5,2,23,3661
2,5,2,24,3693
2,5,2,25,3622
2,5,2,26,3640
2,5,2,27,3648
2,5,2,28,3636
2,5,2,29,3660
2,5,2,30,3638
2,5,2,31,3652
2,6,2,0,15654
2,6,2,1,15463
2,6,2,2,15409
2,6,2,3,15388
2,6,2,4,15587
2,6,2,5,15605
2,6,2,6,15452
2,6,2,7,15645
2,6,2,8,15533
2,6,2,9,15539
2,6,2,10,15655
2,6,2,11,15453
2,6,2,12,15655
2,6,2,13,15595
2,6,2,14,15565
2,6,2,15,15476
2,6,2,16,15621
2,6,2,17,15675
2,6,2,18,15683
2,6,2,19,15695
2,6,2,20,15460
2,6,2,21,15354
2,6,2,22,15407
2,6,2,23,15436
2,6,2,24,15668
2,6,2,25,15336
2,6,2,26,15640
2,6,2,27,15381
2,6,2,28,15415
2,6,2,29,15463
2,6,2,30,15480
2,6,2,31,15421
2,7,2,0,15851
2,7,2,1,15593
2,7,2,2,15597
2,7,2,3,15659
2,7,2,4,15611
2,7,2,5,15619
2,7,2,6,15560
2,7,2,7,15554
2,7,2,8,15525
2,7,2,9,15578
2,7,2,10,15579
2,7,2,11,15620
2,7,2,12,15797
2,7,2,13,15546
2,7,2,14,15602
2,7,2,15,15633
2,7,2,16,15626
2,7,2,17,15550
2,7,2,18,15798
2,7,2,19,15828
2,7,2,20,15752
2,7,2,21,15789
2,7,2,22,15791
2,7,2,23,15768
2,7,2,24,15547
2,7,2,25,15565
2,7,2,26,15596
2,7,2,27,15648
2,7,2,28,15511
2,7,2,29,15567
2,7,2,30,15745
2,7,2,31,15815
2,8,2,0,18174
2,8,2,1,18257
2,8,2,2,18199
2,8,2,3,18194
2,8,2,4,18220
2,8,2,5,18247
2,8,2,6,18274
2,8,2,7,18238
2,8,2,8,18196
2,8,2,9,18234
2,8,2,10,17939
2,8,2,11,17969
2,8,2,12,18058
2,8,2,13,18093
2,8,2,14,18078
2,8,2,15,18278
2,8,2,16,18225
2,8,2,17,18252
2,8,2,18,18181
2,8,2,19,18008
2,8,2,20,18024
2,8,2,21,17998
2,8,2,22,18210
2,8,2,23,18201
2,8,2,24,17869
2,8,2,25,18233
2,8,2,26,18052
2,8,2,27,18152
2,8,2,28,17977
2,8,2,29,18073
2,8,2,30,18028
2,8,2,31,18026
2,9,2,0,19200
2,9,2,1,18789
2,9,2,2,18772
2,9,2,3,19091
2,9,2,4,19107
2,9,2,5,19059
2,9,2,6,19050
2,9,2,7,19054
2,9,2,8,19104
2,9,2,9,18878
2,9,2,10,19091
2,9,2,11,18827
2,9,2,12,19058
2,9,2,13,19069
2,9,2,14,19053
2,9,2,15,18783
2,9,2,16,18797
2,9,2,17,19067
2,9,2,18,19072
2,9,2,19,19018
2,9,2,20,19020
2,9,2,21,18743
2,9,2,22,18965
2,9,2,23,19014
2,9,2,24,18991
2,9,2,25,18776
2,9,2,26,18837
2,9,2,27,19126
2,9,2,28,18976
2,9,2,29,19132
2,9,2,30,19013
2,9,2,31,19062
2,10,2,0,19809
2,10,2,1,19798
2,10,2,2,19793
2,10,2,3,19868
2,10,2,4,19579
2,10,2,5,19509
2,10,2,6,19748
2,10,2,7,19462
2,10,2,8,19869
2,10,2,9,19476
2,10,2,10,19565
2,10,2,11,19852
2,10,2,12,19757
2,10,2,13,19874
2,10,2,14,19484
2,10,2,15,19534
2,10,2,16,19579
2,10,2,17,19585
2,10,2,18,19555
2,10,2,19,19578
2,10,2,20,19821
2,10,2,21,19603
2,10,2,22,20283
2,10,2,23,19470
2,10,2,24,19480
2,10,2,25,30773
2,10,2,26,19475
2,10,2,27,19798
2,10,2,28,19779
2,10,2,29,19850
2,10,2,30,19921
2,10,2,31,19847
0,9,3,0,21428
0,9,3,1,21577
0,9,3,2,21583
0,9,3,3,21196
0,9,3,4,21550
0,9,3,5,21428
0,9,3,6,21109
0,9,3,7,21389
0,9,3,8,21578
0,9,3,9,21226
0,9,3,10,21475
0,9,3,11,21277
0,9,3,12,21224
0,9,3,13,21172
0,9,3,14,21272
0,9,3,15,21305
0,9,3,16,21249
0,9,3,17,21681
0,9,3,18,21577
0,9,3,19,21398
0,9,3,20,21328
0,9,3,21,24761
0,9,3,22,21481
0,9,3,23,21240
0,9,3,24,21328
0,9,3,25,21366
0,9,3,26,21351
0,9,3,27,21369
0,9,3,28,21287
0,9,3,29,21527
0,9,3,30,21563
0,9,3,31,21555
0,8,3,0,21162
0,8,3,1,21397
0,8,3,2,21303
0,8,3,3,21194
0,8,3,4,21396
0,8,3,5,21362
0,8,3,6,21184
0,8,3,7,21277
0,8,3,8,21315
0,8,3,9,21375
0,8,3,10,21340
0,8,3,11,21422
0,8,3,12,21203
0,8,3,13,21119
0,8,3,14,21170
0,8,3,15,21177
0,8,3,16,21286
0,8,3,17,21163
0,8,3,18,21106
0,8,3,19,20990
0,8,3,20,21214
0,8,3,21,21219
0,8,3,22,21021
0,8,3,23,21324
0,8,3,24,21292
0,8,3,25,21205
0,8,3,26,21013
0,8,3,27,21103
0,8,3,28,21256
0,8,3,29,21150
0,8,3,30,21083
0,8,3,31,21146
0,7,3,0,10613
0,7,3,1,10644
0,7,3,2,10645
0,7,3,3,11046
0,7,3,4,10583
0,7,3,5,10663
0,7,3,6,10638
0,7,3,7,10620
0,7,3,8,10619
0,7,3,9,10612
0,7,3,10,10624
0,7,3,11,10626
0,7,3,12,10607
0,7,3,13,10612
0,7,3,14,10636
0,7,3,15,10525
0,7,3,16,10652
0,7,3,17,10623
0,7,3,18,10770
0,7,3,19,10609
0,7,3,20,10606
0,7,3,21,10654
0,7,3,22,10639
0,7,3,23,10603
0,7,3,24,10540
0,7,3,25,10643
0,7,3,26,10664
0,7,3,27,10581
0,7,3,28,10501
0,7,3,29,10599
0,7,3,30,10613
0,7,3,31,10554
0,6,3,0,9594
0,6,3,1,9620
0,6,3,2,9624
0,6,3,3,9614
0,6,3,4,9584
0,6,3,5,9602
0,6,3,6,9572
0,6,3,7,9635
0,6,3,8,9664
0,6,3,9,9582
0,6,3,10,9643
0,6,3,11,9544
0,6,3,12,9631
0,6,3,13,9541
0,6,3,14,9538
0,6,3,15,9609
0,6,3,16,9631
0,6,3,17,9699
0,6,3,18,9602
0,6,3,19,9589
0,6,3,20,9620
0,6,3,21,9638
0,6,3,22,9709
0,6,3,23,9648
0,6,3,24,9508
0,6,3,25,9666
0,6,3,26,9528
0,6,3,27,9619
0,6,3,28,9630
0,6,3,29,9723
0,6,3,30,9627
0,6,3,31,9693
0,5,3,0,8778
0,5,3,1,8904
0,5,3,2,8867
0,5,3,3,8943
0,5,3,4,8803
0,5,3,5,8940
0,5,3,6,8926
0,5,3,7,8917
0,5,3,8,8880
0,5,3,9,8879
0,5,3,10,9048
0,5,3,11,8920
0,5,3,12,8910
0,5,3,13,8866
0,5,3,14,8910
0,5,3,15,8978
0,5,3,16,8930
0,5,3,17,8982
0,5,3,18,8911
0,5,3,19,8961
0,5,3,20,8948
0,5,3,21,8932
0,5,3,22,9007
0,5,3,23,8987
0,5,3,24,8913
0,5,3,25,8893
0,5,3,26,8921
0,5,3,27,8914
0,5,3,28,8945
0,5,3,29,8872
0,5,3,30,8874
0,5,3,31,8978
0,4,3,0,7836
0,4,3,1,7929
0,4,3,2,7866
0,4,3,3,7823
0,4,3,4,7860
0,4,3,5,7890
0,4,3,6,7724
0,4,3,7,7856
0,4,3,8,7820
0,4,3,9,7892
0,4,3,10,7911
0,4,3,11,7849
0,4,3,12,7782
0,4,3,13,7837
0,4,3,14,7862
0,4,3,15,7867
0,4,3,16,7865
0,4,3,17,7833
0,4,3,18,7881
0,4,3,19,7778
0,4,3,20,7847
0,4,3,21,7903
0,4,3,22,7989
0,4,3,23,7887
0,4,3,24,7860
0,4,3,25,7814
0,4,3,26,7812
0,4,3,27,7869
0,4,3,28,7747
0,4,3,29,7881
0,4,3,30,7852
0,4,3,31,7840
0,3,3,0,7213
0,3,3,1,7115
0,3,3,2,7086
0,3,3,3,7095
0,3,3,4,7177
0,3,3,5,7107
0,3,3,6,7121
0,3,3,7,7051
0,3,3,8,7118
0,3,3,9,7115
0,3,3,10,7138
0,3,3,11,7153
0,3,3,12,7162
0,3,3,13,7108
0,3,3,14,7174
0,3,3,15,7191
0,3,3,16,7138
0,3,3,17,7084
0,3,3,18,7102
0,3,3,19,7042
0,3,3,20,7055
0,3,3,21,7148
0,3,3,22,7160
0,3,3,23,7150
0,3,3,24,7098
0,3,3,25,7074
0,3,3,26,7121
0,3,3,27,7183
0,3,3,28,7150
0,3,3,29,7217
0,3,3,30,7145
0,3,3,31,7155
0,2,3,0,4554
0,2,3,1,4593
0,2,3,2,4557
0,2,3,3,4594
0,2,3,4,4602
0,2,3,5,4603
0,2,3,6,4599
0,2,3,7,4596
0,2,3,8,4630
0,2,3,9,5036
0,2,3,10,4608
0,2,3,11,4622
0,2,3,12,4571
0,2,3,13,4568
0,2,3,14,4610
0,2,3,15,4579
0,2,3,16,4605
0,2,3,17,4608
0,2,3,18,4584
0,2,3,19,4592
0,2,3,20,4567
0,2,3,21,4631
0,2,3,22,4581
0,2,3,23,4580
0,2,3,24,4583
0,2,3,25,4610
0,2,3,26,4597
0,2,3,27,4616
0,2,3,28,4592
0,2,3,29,4620
0,2,3,30,4601
0,2,3,31,4607
0,1,3,0,3531
0,1,3,1,3558
0,1,3,2,3582
0,1,3,3,3529
0,1,3,4,3487
0,1,3,5,3511
0,1,3,6,3500
0,1,3,7,3507
0,1,3,8,3507
0,1,3,9,3545
0,1,3,10,3549
0,1,3,11,3492
0,1,3,12,3533
0,1,3,13,3569
0,1,3,14,3558
0,1,3,15,3509
0,1,3,16,3531
0,1,3,17,3541
0,1,3,18,3550
0,1,3,19,3543
0,1,3,20,3531
0,1,3,21,3554
0,1,3,22,3529
0,1,3,23,3536
0,1,3,24,3554
0,1,3,25,3565
0,1,3,26,3574
0,1,3,27,3499
0,1,3,28,3525
0,1,3,29,3588
0,1,3,30,3489
0,1,3,31,3553
0,0,3,0,2785
0,0,3,1,2799
0,0,3,2,2808
0,0,3,3,2808
0,0,3,4,2779
0,0,3,5,2762
0,0,3,6,2817
0,0,3,7,2796
0,0,3,8,2814
0,0,3,9,2796
0,0,3,10,2796
0,0,3,11,2793
0,0,3,12,2800
0,0,3,13,2771
0,0,3,14,2763
0,0,3,15,2797
0,0,3,16,2770
0,0,3,17,2802
0,0,3,18,2772
0,0,3,19,2783
0,0,3,20,2780
0,0,3,21,2778
0,0,3,22,2820
0,0,3,23,2825
0,0,3,24,2792
0,0,3,25,2757
0,0,3,26,2788
0,0,3,27,2815
0,0,3,28,2753
0,0,3,29,2790
0,0,3,30,2789
0,0,3,31,2779
1,9,3,0,28318
1,9,3,1,28301
1,9,3,2,28454
1,9,3,3,28435
1,9,3,4,28412
1,9,3,5,28418
1,9,3,6,28368
1,9,3,7,28280
1,9,3,8,28424
1,9,3,9,28401
1,9,3,10,28319
1,9,3,11,28401
1,9,3,12,27878
1,9,3,13,28422
1,9,3,14,27831
1,9,3,15,28405
1,9,3,16,28115
1,9,3,17,28197
1,9,3,18,28445
1,9,3,19,28026
1,9,3,20,27984
1,9,3,21,28508
1,9,3,22,28349
1,9,3,23,28498
1,9,3,24,28410
1,9,3,25,28358
1,9,3,26,28430
1,9,3,27,28369
1,9,3,28,28460
1,9,3,29,28312
1,9,3,30,28408
1,9,3,31,28420
1,8,3,0,28219
1,8,3,1,28317
1,8,3,2,27979
1,8,3,3,28224
1,8,3,4,28035
1,8,3,5,27983
1,8,3,6,28307
1,8,3,7,28827
1,8,3,8,27892
1,8,3,9,27813
1,8,3,10,28216
1,8,3,11,28266
1,8,3,12,28394
1,8,3,13,28290
1,8,3,14,28302
1,8,3,15,28276
1,8,3,16,28207
1,8,3,17,28383
1,8,3,18,28327
1,8,3,19,28343
1,8,3,20,28301
1,8,3,21,28113
1,8,3,22,28210
1,8,3,23,28245
1,8,3,24,28304
1,8,3,25,28270
1,8,3,26,28277
1,8,3,27,28265
1,8,3,28,28233
1,8,3,29,28280
1,8,3,30,28359
1,8,3,31,28240
1,7,3,0,27862
1,7,3,1,27966
1,7,3,2,27928
1,7,3,3,27707
1,7,3,4,27940
1,7,3,5,28150
1,7,3,6,27960
1,7,3,7,27960
1,7,3,8,28185
1,7,3,9,28107
1,7,3,10,28006
1,7,3,11,27869
1,7,3,12,27770
1,7,3,13,28042
1,7,3,14,28102
1,7,3,15,28014
1,7,3,16,28068
1,7,3,17,28082
1,7,3,18,27576
1,7,3,19,28127
1,7,3,20,28037
1,7,3,21,27995
1,7,3,22,28026
1,7,3,23,28021
1,7,3,24,28142
1,7,3,25,28195
1,7,3,26,28117
1,7,3,27,28074
1,7,3,28,28010
1,7,3,29,28039
1,7,3,30,27919
1,7,3,31,28041
1,6,3,0,27099
1,6,3,1,27524
1,6,3,2,27484
1,6,3,3,27481
1,6,3,4,27554
1,6,3,5,26975
1,6,3,6,27538
1,6,3,7,27446
1,6,3,8,27454
1,6,3,9,26950
1,6,3,10,27442
1,6,3,11,27507
1,6,3,12,27149
1,6,3,13,27656
1,6,3,14,27017
1,6,3,15,27300
1,6,3,16,27572
1,6,3,17,27301
1,6,3,18,27466
1,6,3,19,27503
1,6,3,20,27512
1,6,3,21,27535
1,6,3,22,27530
1,6,3,23,27573
1,6,3,24,27516
1,6,3,25,27179
1,6,3,26,27527
1,6,3,27,27479
1,6,3,28,27449
1,6,3,29,27501
1,6,3,30,27458
1,6,3,31,26959
1,5,3,0,26820
1,5,3,1,26570
1,5,3,2,26695
1,5,3,3,26190
1,5,3,4,26957
1,5,3,5,26409
1,5,3,6,26842
1,5,3,7,26858
1,5,3,8,26532
1,5,3,9,26792
1,5,3,10,26884
1,5,3,11,26789
1,5,3,12,26822
1,5,3,13,26793
1,5,3,14,26712
1,5,3,15,26623
1,5,3,16,26840
1,5,3,17,26508
1,5,3,18,26521
1,5,3,19,26292
1,5,3,20,26397
1,5,3,21,26792
1,5,3,22,26325
1,5,3,23,26181
1,5,3,24,26345
1,5,3,25,26448
1,5,3,26,26789
1,5,3,27,26445
1,5,3,28,26550
1,5,3,29,26441
1,5,3,30,26382
1,5,3,31,26312
1,4,3,0,26711
1,4,3,1,26554
1,4,3,2,26447
1,4,3,3,26326
1,4,3,4,26431
1,4,3,5,26684
1,4,3,6,26647
1,4,3,7,26589
1,4,3,8,26580
1,4,3,9,26677
1,4,3,10,26343
1,4,3,11,26581
1,4,3,12,26597
1,4,3,13,26605
1,4,3,14,26504
1,4,3,15,26112
1,4,3,16,26606
1,4,3,17,26515
1,4,3,18,26651
1,4,3,19,26595
1,4,3,20,26756
1,4,3,21,26396
1,4,3,22,26609
1,4,3,23,26627
1,4,3,24,26169
1,4,3,25,26548
1,4,3,26,26574
1,4,3,27,26203
1,4,3,28,26670
1,4,3,29,26602
1,4,3,30,26232
1,4,3,31,26661
1,3,3,0,14505
1,3,3,1,14387
1,3,3,2,14687
1,3,3,3,14653
1,3,3,4,14645
1,3,3,5,14562
1,3,3,6,14424
1,3,3,7,14749
1,3,3,8,14653
1,3,3,9,14645
1,3,3,10,14649
1,3,3,11,14709
1,3,3,12,14716
1,3,3,13,14630
1,3,3,14,14718
1,3,3,15,14412
1,3,3,16,14478
1,3,3,17,14693
1,3,3,18,14719
1,3,3,19,14356
1,3,3,20,14675
1,3,3,21,14603
1,3,3,22,14730
1,3,3,23,14747
1,3,3,24,14690
1,3,3,25,14517
1,3,3,26,14660
1,3,3,27,14661
1,3,3,28,14693
1,3,3,29,14672
1,3,3,30,14653
1,3,3,31,14611
1,2,3,0,14141
1,2,3,1,14314
1,2,3,2,14184
1,2,3,3,14474
1,2,3,4,14453
1,2,3,5,14253
1,2,3,6,14226
1,2,3,7,14365
1,2,3,8,14459
1,2,3,9,14412
1,2,3,10,14261
1,2,3,11,14426
1,2,3,12,14158
1,2,3,13,14489
1,2,3,14,14447
1,2,3,15,14487
1,2,3,16,14301
1,2,3,17,14485
1,2,3,18,14214
1,2,3,19,15037
1,2,3,20,14511
1,2,3,21,14482
1,2,3,22,14246
1,2,3,23,14223
1,2,3,24,14222
1,2,3,25,14479
1,2,3,26,14363
1,2,3,27,14440
1,2,3,28,14212
1,2,3,29,14407
1,2,3,30,14418
1,2,3,31,14274
1,1,3,0,13609
1,1,3,1,13500
1,1,3,2,13672
1,1,3,3,13729
1,1,3,4,13718
1,1,3,5,13755
1,1,3,6,13406
1,1,3,7,13791
1,1,3,8,13430
1,1,3,9,13749
1,1,3,10,13742
1,1,3,11,13650
1,1,3,12,13483
1,1,3,13,13770
1,1,3,14,13511
1,1,3,15,13777
1,1,3,16,13680
1,1,3,17,13723
1,1,3,18,13709
1,1,3,19,13712
1,1,3,20,13725
1,1,3,21,13719
1,1,3,22,13407
1,1,3,23,13549
1,1,3,24,13714
1,1,3,25,13694
1,1,3,26,13662
1,1,3,27,13771
1,1,3,28,13727
1,1,3,29,13709
1,1,3,30,13731
1,1,3,31,13664
1,0,3,0,358
1,0,3,1,367
1,0,3,2,362
1,0,3,3,364
1,0,3,4,361
1,0,3,5,362
1,0,3,6,364
1,0,3,7,367
1,0,3,8,374
1,0,3,9,367
1,0,3,10,364
1,0,3,11,366
1,0,3,12,368
1,0,3,13,361
1,0,3,14,362
1,0,3,15,367
1,0,3,16,372
1,0,3,17,365
1,0,3,18,363
1,0,3,19,365
1,0,3,20,353
1,0,3,21,365
1,0,3,22,372
1,0,3,23,362
1,0,3,24,352
1,0,3,25,356
1,0,3,26,361
1,0,3,27,365
1,0,3,28,363
1,0,3,29,360
1,0,3,30,350
1,0,3,31,357
2,10,3,0,19461
2,10,3,1,19854
2,10,3,2,19631
2,10,3,3,19850
2,10,3,4,19789
2,10,3,5,19526
2,10,3,6,19859
2,10,3,7,19874
2,10,3,8,19844
2,10,3,9,19832
2,10,3,10,19786
2,10,3,11,19626
2,10,3,12,19720
2,10,3,13,19859
2,10,3,14,19850
2,10,3,15,19744
2,10,3,16,19642
2,10,3,17,19929
2,10,3,18,19896
2,10,3,19,19913
2,10,3,20,19611
2,10,3,21,19620
2,10,3,22,19570
2,10,3,23,19576
2,10,3,24,19942
2,10,3,25,19764
2,10,3,26,19799
2,10,3,27,19818
2,10,3,28,19746
2,10,3,29,19675
2,10,3,30,19578
2,10,3,31,19552
2,9,3,0,18754
2,9,3,1,18804
2,9,3,2,18782
2,9,3,3,18834
2,9,3,4,18849
2,9,3,5,19096
2,9,3,6,19095
2,9,3,7,19121
2,9,3,8,18761
2,9,3,9,18895
2,9,3,10,18875
2,9,3,11,19375
2,9,3,12,19093
2,9,3,13,19024
2,9,3,14,19091
2,9,3,15,19153
2,9,3,16,19100
2,9,3,17,19020
2,9,3,18,19113
2,9,3,19,19085
2,9,3,20,19118
2,9,3,21,19016
2,9,3,22,19184
2,9,3,23,19047
2,9,3,24,19123
2,9,3,25,19107
2,9,3,26,18811
2,9,3,27,19172
2,9,3,28,19133
2,9,3,29,29924
2,9,3,30,19131
2,9,3,31,19145
2,8,3,0,18258
2,8,3,1,17928
2,8,3,2,18111
2,8,3,3,18008
2,8,3,4,17916
2,8,3,5,18029
2,8,3,6,18333
2,8,3,7,18286
2,8,3,8,18255
2,8,3,9,18232
2,8,3,10,18270
2,8,3,11,17921
2,8,3,12,18232
2,8,3,13,18312
2,8,3,14,18168
2,8,3,15,18226
2,8,3,16,18163
2,8,3,17,18204
2,8,3,18,18223
2,8,3,19,18291
2,8,3,20,18175
2,8,3,21,18224
2,8,3,22,18236
2,8,3,23,18290
2,8,3,24,17913
2,8,3,25,18186
2,8,3,26,18238
2,8,3,27,18214
2,8,3,28,18224
2,8,3,29,17869
2,8,3,30,18265
2,8,3,31,18276
2,7,3,0,15728
2,7,3,1,15772
2,7,3,2,15794
2,7,3,3,15733
2,7,3,4,15614
2,7,3,5,15595
2,7,3,6,15542
2,7,3,7,15691
2,7,3,8,15572
2,7,3,9,15635
2,7,3,10,15645
2,7,3,11,15554
2,7,3,12,15797
2,7,3,13,15753
2,7,3,14,15596
2,7,3,15,15671
2,7,3,16,15835
2,7,3,17,15761
2,7,3,18,15529
2,7,3,19,15779
2,7,3,20,15775
2,7,3,21,15705
2,7,3,22,15767
2,7,3,23,15743
2,7,3,24,15707
2,7,3,25,15604
2,7,3,26,15569
2,7,3,27,15546
2,7,3,28,15602
2,7,3,29,15547
2,7,3,30,15627
2,7,3,31,15568
2,6,3,0,15628
2,6,3,1,15633
2,6,3,2,15453
2,6,3,3,15669
2,6,3,4,15712
2,6,3,5,15419
2,6,3,6,15909
2,6,3,7,15461
2,6,3,8,15422
2,6,3,9,15371
2,6,3,10,15678
2,6,3,11,15559
2,6,3,12,15601
2,6,3,13,15669
2,6,3,14,15515
2,6,3,15,15586
2,6,3,16,15575
2,6,3,17,15640
2,6,3,18,15459
2,6,3,19,15377
2,6,3,20,15633
2,6,3,21,15648
2,6,3,22,15640
2,6,3,23,15654
2,6,3,24,15387
2,6,3,25,15545
2,6,3,26,15389
2,6,3,27,15661
2,6,3,28,15419
2,6,3,29,15421
2,6,3,30,15462
2,6,3,31,15398
2,5,3,0,3683
2,5,3,1,3651
2,5,3,2,3619
2,5,3,3,3637
2,5,3,4,3629
2,5,3,5,3661
2,5,3,6,3640
2,5,3,7,3610
2,5,3,8,3653
2,5,3,9,3668
2,5,3,10,3668
2,5,3,11,3663
2,5,3,12,3625
2,5,3,13,3698
2,5,3,14,3670
2,5,3,15,3608
2,5,3,16,3639
2,5,3,17,3627
2,5,3,18,3644
2,5,3,19,3660
2,5,3,20,3645
2,5,3,21,3617
2,5,3,22,3631
2,5,3,23,3653
2,5,3,24,3664
2,5,3,25,3682
2,5,3,26,3643
2,5,3,27,3660
2,5,3,28,3676
2,5,3,29,3648
2,5,3,30,3635
2,5,3,31,3655
2,4,3,0,3415
2,4,3,1,3442
2,4,3,2,3405
2,4,3,3,3416
2,4,3,4,3419
2,4,3,5,3395
2,4,3,6,3427
2,4,3,7,3426
2,4,3,8,3426
2,4,3,9,3440
2,4,3,10,3427
2,4,3,11,3409
2,4,3,12,3400
2,4,3,13,3424
2,4,3,14,3428
2,4,3,15,3416
2,4,3,16,3442
2,4,3,17,3406
2,4,3,18,3399
2,4,3,19,3432
2,4,3,20,3366
2,4,3,21,3384
2,4,3,22,3424
2,4,3,23,3426
2,4,3,24,3441
2,4,3,25,3446
2,4,3,26,3446
2,4,3,27,3421
2,4,3,28,3428
2,4,3,29,3441
2,4,3,30,3409
2,4,3,31,3431
2,3,3,0,2860
2,3,3,1,2888
2,3,3,2,2864
2,3,3,3,2898
2,3,3,4,2864
2,3,3,5,2912
2,3,3,6,2890
2,3,3,7,2879
2,3,3,8,2930
2,3,3,9,2927
2,3,3,10,2905
2,3,3,11,2867
2,3,3,12,2855
2,3,3,13,2882
2,3,3,14,2894
2,3,3,15,2883
2,3,3,16,2894
2,3,3,17,2883
2,3,3,18,2875
2,3,3,19,2876
2,3,3,20,2878
2,3,3,21,2866
2,3,3,22,2901
2,3,3,23,2856
2,3,3,24,2874
2,3,3,25,2917
2,3,3,26,2914
2,3,3,27,2889
2,3,3,28,2878
2,3,3,29,2880
2,3,3,30,2879
2,3,3,31,2859
2,2,3,0,2041
2,2,3,1,2045
2,2,3,2,2058
2,2,3,3,2045
2,2,3,4,2048
2,2,3,5,2045
2,2,3,6,2029
2,2,3,7,2037
2,2,3,8,2027
2,2,3,9,2062
2,2,3,10,2054
2,2,3,11,2037
2,2,3,12,2049
2,2,3,13,2048
2,2,3,14,2049
2,2,3,15,2084
2,2,3,16,2050
2,2,3,17,2059
2,2,3,18,2053
2,2,3,19,2078
2,2,3,20,2047
2,2,3,21,2065
2,2,3,22,2049
2,2,3,23,2048
2,2,3,24,2074
2,2,3,25,2056
2,2,3,26,2074
2,2,3,27,2028
2,2,3,28,2042
2,2,3,29,2046
2,2,3,30,2035
2,2,3,31,2056
2,1,3,0,1107
2,1,3,1,1118
2,1,3,2,1091
2,1,3,3,1096
2,1,3,4,1094
2,1,3,5,1094
2,1,3,6,1078
2,1,3,7,1100
2,1,3,8,1099
2,1,3,9,1097
2,1,3,10,1124
2,1,3,11,1102
2,1,3,12,1105
2,1,3,13,1094
2,1,3,14,1091
2,1,3,15,1087
2,1,3,16,1097
2,1,3,17,1095
2,1,3,18,1111
2,1,3,19,1107
2,1,3,20,1098
2,1,3,21,1085
2,1,3,22,1092
2,1,3,23,1099
2,1,3,24,1102
2,1,3,25,1114
2,1,3,26,1134
2,1,3,27,1094
2,1,3,28,1099
2,1,3,29,1088
2,1,3,30,1085
2,1,3,31,1103
2,0,3,0,658
2,0,3,1,671
2,0,3,2,680
2,0,3,3,659
2,0,3,4,677
2,0,3,5,652
2,0,3,6,682
2,0,3,7,687
2,0,3,8,686
2,0,3,9,688
2,0,3,10,689
2,0,3,11,675
2,0,3,12,667
2,0,3,13,702
2,0,3,14,660
2,0,3,15,661
2,0,3,16,686
2,0,3,17,658
2,0,3,18,677
2,0,3,19,658
2,0,3,20,657
2,0,3,21,661
2,0,3,22,661
2,0,3,23,650
2,0,3,24,676
2,0,3,25,682
2,0,3,26,678
2,0,3,27,672
2,0,3,28,662
2,0,3,29,645
2,0,3,30,660
2,0,3,31,654
0,0,4,0,2806
0,0,4,1,2819
0,0,4,2,2793
0,0,4,3,2821
0,0,4,4,2778
0,0,4,5,2809
0,0,4,6,2787
0,0,4,7,2785
0,0,4,8,2806
0,0,4,9,2823
0,0,4,10,2753
0,0,4,11,2774
0,0,4,12,2802
0,0,4,13,2810
0,0,4,14,2830
0,0,4,15,2784
0,0,4,16,2809
0,0,4,17,2798
0,0,4,18,2822
0,0,4,19,2804
0,0,4,20,2797
0,0,4,21,2789
0,0,4,22,2797
0,0,4,23,2810
0,0,4,24,2818
0,0,4,25,2800
0,0,4,26,2795
0,0,4,27,2795
0,0,4,28,2847
0,0,4,29,2778
0,0,4,30,2825
0,0,4,31,2814
0,1,4,0,3477
0,1,4,1,3580
0,1,4,2,3568
0,1,4,3,3525
0,1,4,4,3522
0,1,4,5,3536
0,1,4,6,3550
0,1,4,7,3540
0,1,4,8,3553
0,1,4,9,3600
0,1,4,10,3567
0,1,4,11,3507
0,1,4,12,3533
0,1,4,13,3551
0,1,4,14,3563
0,1,4,15,3561
0,1,4,16,3541
0,1,4,17,3535
0,1,4,18,3592
0,1,4,19,3537
0,1,4,20,3568
0,1,4,21,3542
0,1,4,22,3557
0,1,4,23,3552
0,1,4,24,3549
0,1,4,25,3575
0,1,4,26,3588
0,1,4,27,3569
0,1,4,28,3529
0,1,4,29,3566
0,1,4,30,3583
0,1,4,31,3573
0,2,4,0,4604
0,2,4,1,4618
0,2,4,2,4620
0,2,4,3,4649
0,2,4,4,4627
0,2,4,5,4593
0,2,4,6,4585
0,2,4,7,4547
0,2,4,8,4593
0,2,4,9,4584
0,2,4,10,4593
0,2,4,11,4565
0,2,4,12,4598
0,2,4,13,4604
0,2,4,14,4577
0,2,4,15,4966
0,2,4,16,4655
0,2,4,17,4577
0,2,4,18,4595
0,2,4,19,4606
0,2,4,20,4616
0,2,4,21,4581
0,2,4,22,4672
0,2,4,23,4595
0,2,4,24,4612
0,2,4,25,4744
0,2,4,26,4608
0,2,4,27,4674
0,2,4,28,4628
0,2,4,29,4572
0,2,4,30,4634
0,2,4,31,4582
0,3,4,0,7175
0,3,4,1,7134
0,3,4,2,7047
0,3,4,3,7074
0,3,4,4,7157
0,3,4,5,7171
0,3,4,6,7137
0,3,4,7,7118
0,3,4,8,7142
0,3,4,9,7087
0,3,4,10,7164
0,3,4,11,7139
0,3,4,12,7138
0,3,4,13,7146
0,3,4,14,7021
0,3,4,15,7006
0,3,4,16,7189
0,3,4,17,7162
0,3,4,18,7148
0,3,4,19,7181
0,3,4,20,7159
0,3,4,21,7128
0,3,4,22,7149
0,3,4,23,6973
0,3,4,24,7161
0,3,4,25,7185
0,3,4,26,7220
0,3,4,27,7121
0,3,4,28,7137
0,3,4,29,7165
0,3,4,30,7128
0,3,4,31,7186
0,4,4,0,7864
0,4,4,1,7885
0,4,4,2,7860
0,4,4,3,7928
0,4,4,4,7883
0,4,4,5,7955
0,4,4,6,7902
0,4,4,7,7897
0,4,4,8,7980
0,4,4,9,7750
0,4,4,10,7940
0,4,4,11,7944
0,4,4,12,7873
0,4,4,13,7936
0,4,4,14,7913
0,4,4,15,7873
0,4,4,16,7778
0,4,4,17,7910
0,4,4,18,7902
0,4,4,19,7871
0,4,4,20,7796
0,4,4,21,7908
0,4,4,22,7909
0,4,4,23,7779
0,4,4,24,7948
0,4,4,25,7910
0,4,4,26,7871
0,4,4,27,7879
0,4,4,28,7956
0,4,4,29,7918
0,4,4,30,7765
0,4,4,31,7938
0,5,4,0,8974
0,5,4,1,8873
0,5,4,2,8893
0,5,4,3,8933
0,5,4,4,8870
0,5,4,5,8972
0,5,4,6,8927
0,5,4,7,8987
0,5,4,8,8888
0,5,4,9,8892
0,5,4,10,8773
0,5,4,11,8912
0,5,4,12,8946
0,5,4,13,8958
0,5,4,14,8992
0,5,4,15,8867
0,5,4,16,8815
0,5,4,17,8833
0,5,4,18,8890
0,5,4,19,8921
0,5,4,20,8949
0,5,4,21,8905
0,5,4,22,8978
0,5,4,23,9024
0,5,4,24,8889
0,5,4,25,8877
0,5,4,26,8962
0,5,4,27,8983
0,5,4,28,8839
0,5,4,29,8864
0,5,4,30,8991
0,5,4,31,8921
0,6,4,0,9717
0,6,4,1,9742
0,6,4,2,9673
0,6,4,3,9648
0,6,4,4,9668
0,6,4,5,9650
0,6,4,6,9617
0,6,4,7,9524
0,6,4,8,9720
0,6,4,9,9647
0,6,4,10,9702
0,6,4,11,9653
0,6,4,12,9655
0,6,4,13,9665
0,6,4,14,9696
0,6,4,15,9626
0,6,4,16,9543
0,6,4,17,9536
0,6,4,18,9635
0,6,4,19,9607
0,6,4,20,9671
0,6,4,21,9686
0,6,4,22,9659
0,6,4,23,9712
0,6,4,24,9762
0,6,4,25,9741
0,6,4,26,9641
0,6,4,27,9705
0,6,4,28,9659
0,6,4,29,9640
0,6,4,30,9643
0,6,4,31,9603
0,7,4,0,10521
0,7,4,1,10637
0,7,4,2,10642
0,7,4,3,10668
0,7,4,4,10561
0,7,4,5,10591
0,7,4,6,10603
0,7,4,7,10619
0,7,4,8,10478
0,7,4,9,10589
0,7,4,10,10611
0,7,4,11,10768
0,7,4,12,10787
0,7,4,13,10613
0,7,4,14,10653
0,7,4,15,10748
0,7,4,16,10658
0,7,4,17,10624
0,7,4,18,10626
0,7,4,19,10626
0,7,4,20,10624
0,7,4,21,11032
0,7,4,22,10662
0,7,4,23,10749
0,7,4,24,10697
0,7,4,25,10619
0,7,4,26,10609
0,7,4,27,10688
0,7,4,28,10620
0,7,4,29,10635
0,7,4,30,10559
0,7,4,31,10655
0,8,4,0,21289
0,8,4,1,21128
0,8,4,2,21129
0,8,4,3,21132
0,8,4,4,21270
0,8,4,5,21095
0,8,4,6,21308
0,8,4,7,21258
0,8,4,8,21202
0,8,4,9,21485
0,8,4,10,21136
0,8,4,11,21102
0,8,4,12,21153
0,8,4,13,21087
0,8,4,14,21180
0,8,4,15,32162
0,8,4,16,21050
0,8,4,17,21485
0,8,4,18,21181
0,8,4,19,21009
0,8,4,20,21368
0,8,4,21,21183
0,8,4,22,21248
0,8,4,23,21442
0,8,4,24,21137
0,8,4,25,21329
0,8,4,26,21346
0,8,4,27,21039
0,8,4,28,21423
0,8,4,29,21448
0,8,4,30,21402
0,8,4,31,21043
0,9,4,0,21313
0,9,4,1,21511
0,9,4,2,21693
0,9,4,3,21320
0,9,4,4,21397
0,9,4,5,21386
0,9,4,6,21614
0,9,4,7,21298
0,9,4,8,21335
0,9,4,9,21258
0,9,4,10,21528
0,9,4,11,21516
0,9,4,12,21358
0,9,4,13,21516
0,9,4,14,21360
0,9,4,15,21648
0,9,4,16,21589
0,9,4,17,21533
0,9,4,18,21248
0,9,4,19,21689
0,9,4,20,21371
0,9,4,21,21192
0,9,4,22,21560
0,9,4,23,21332
0,9,4,24,21383
0,9,4,25,21472
0,9,4,26,21226
0,9,4,27,21601
0,9,4,28,21599
0,9,4,29,21366
0,9,4,30,21606
0,9,4,31,21517
1,0,4,0,413
1,0,4,1,372
1,0,4,2,370
1,0,4,3,364
1,0,4,4,373
1,0,4,5,380
1,0,4,6,376
1,0,4,7,375
1,0,4,8,355
1,0,4,9,366
1,0,4,10,366
1,0,4,11,372
1,0,4,12,366
1,0,4,13,369
1,0,4,14,375
1,0,4,15,368
1,0,4,16,375
1,0,4,17,362
1,0,4,18,368
1,0,4,19,374
1,0,4,20,370
1,0,4,21,369
1,0,4,22,360
1,0,4,23,376
1,0,4,24,370
1,0,4,25,363
1,0,4,26,372
1,0,4,27,373
1,0,4,28,368
1,0,4,29,363
1,0,4,30,362
1,0,4,31,362
1,1,4,0,14009
1,1,4,1,13504
1,1,4,2,13528
1,1,4,3,13779
1,1,4,4,13758
1,1,4,5,13756
1,1,4,6,13764
1,1,4,7,13690
1,1,4,8,13480
1,1,4,9,13433
1,1,4,10,13724
1,1,4,11,13469
1,1,4,12,13745
1,1,4,13,13706
1,1,4,14,13494
1,1,4,15,13683
1,1,4,16,13624
1,1,4,17,13440
1,1,4,18,13677
1,1,4,19,13664
1,1,4,20,13724
1,1,4,21,13724
1,1,4,22,13670
1,1,4,23,13693
1,1,4,24,13464
1,1,4,25,13618
1,1,4,26,13648
1,1,4,27,13458
1,1,4,28,13673
1,1,4,29,13757
1,1,4,30,13634
1,1,4,31,13404
1,2,4,0,14204
1,2,4,1,14471
1,2,4,2,14141
1,2,4,3,14378
1,2,4,4,14161
1,2,4,5,14553
1,2,4,6,14490
1,2,4,7,14477
1,2,4,8,14233
1,2,4,9,14318
1,2,4,10,14158
1,2,4,11,14172
1,2,4,12,14539
1,2,4,13,14450
1,2,4,14,14222
1,2,4,15,14541
1,2,4,16,14537
1,2,4,17,14453
1,2,4,18,14475
1,2,4,19,14521
1,2,4,20,14317
1,2,4,21,14314
1,2,4,22,14238
1,2,4,23,14211
1,2,4,24,14237
1,2,4,25,14258
1,2,4,26,14424
1,2,4,27,14446
1,2,4,28,14349
1,2,4,29,14535
1,2,4,30,14400
1,2,4,31,14169
1,3,4,0,14510
1,3,4,1,14638
1,3,4,2,14517
1,3,4,3,14731
1,3,4,4,14652
1,3,4,5,14662
1,3,4,6,14423
1,3,4,7,14439
1,3,4,8,14449
1,3,4,9,14358
1,3,4,10,14368
1,3,4,11,14481
1,3,4,12,14606
1,3,4,13,14686
1,3,4,14,14669
1,3,4,15,14486
1,3,4,16,14417
1,3,4,17,14431
1,3,4,18,14605
1,3,4,19,14415
1,3,4,20,14384
1,3,4,21,14615
1,3,4,22,14410
1,3,4,23,14389
1,3,4,24,14687
1,3,4,25,14427
1,3,4,26,14538
1,3,4,27,14518
1,3,4,28,14445
1,3,4,29,14446
1,3,4,30,14443
1,3,4,31,14419
1,4,4,0,26710
1,4,4,1,26374
1,4,4,2,26271
1,4,4,3,26701
1,4,4,4,26376
1,4,4,5,27041
1,4,4,6,26595
1,4,4,7,26501
1,4,4,8,26604
1,4,4,9,26638
1,4,4,10,26647
1,4,4,11,26696
1,4,4,12,26360
1,4,4,13,26490
1,4,4,14,26430
1,4,4,15,26549
1,4,4,16,26692
1,4,4,17,26630
1,4,4,18,26641
1,4,4,19,26649
1,4,4,20,26650
1,4,4,21,26702
1,4,4,22,26602
1,4,4,23,26651
1,4,4,24,26621
1,4,4,25,26619
1,4,4,26,26709
1,4,4,27,26595
1,4,4,28,26686
1,4,4,29,26582
1,4,4,30,26538
1,4,4,31,26633
1,5,4,0,26761
1,5,4,1,26732
1,5,4,2,26793
1,5,4,3,26326
1,5,4,4,26792
1,5,4,5,26378
1,5,4,6,26442
1,5,4,7,26248
1,5,4,8,26693
1,5,4,9,26307
1,5,4,10,26455
1,5,4,11,26312
1,5,4,12,26383
1,5,4,13,26800
1,5,4,14,26502
1,5,4,15,26663
1,5,4,16,26487
1,5,4,17,26795
1,5,4,18,26397
1,5,4,19,26317
1,5,4,20,26356
1,5,4,21,26214
1,5,4,22,26484
1,5,4,23,26614
1,5,4,24,26831
1,5,4,25,26334
1,5,4,26,26613
1,5,4,27,26436
1,5,4,28,26608
1,5,4,29,26402
1,5,4,30,26611
1,5,4,31,26643
1,6,4,0,27144
1,6,4,1,27568
1,6,4,2,27525
1,6,4,3,27400
1,6,4,4,27491
1,6,4,5,27509
1,6,4,6,27585
1,6,4,7,27386
1,6,4,8,27031
1,6,4,9,27529
1,6,4,10,27311
1,6,4,11,27337
1,6,4,12,27498
1,6,4,13,27204
1,6,4,14,27066
1,6,4,15,27340
1,6,4,16,27138
1,6,4,17,27165
1,6,4,18,27451
1,6,4,19,27444
1,6,4,20,27595
1,6,4,21,27240
1,6,4,22,27211
1,6,4,23,27124
1,6,4,24,27175
1,6,4,25,27583
1,6,4,26,27620
1,6,4,27,26938
1,6,4,28,27325
1,6,4,29,27519
1,6,4,30,27407
1,6,4,31,27015
1,7,4,0,28058
1,7,4,1,28150
1,7,4,2,28045
1,7,4,3,28111
1,7,4,4,28107
1,7,4,5,28093
1,7,4,6,28180
1,7,4,7,27796
1,7,4,8,28032
1,7,4,9,28169
1,7,4,10,27952
1,7,4,11,28193
1,7,4,12,28225
1,7,4,13,28216
1,7,4,14,28043
1,7,4,15,28136
1,7,4,16,28137
1,7,4,17,27712
1,7,4,18,27828
1,7,4,19,27652
1,7,4,20,28027
1,7,4,21,28007
1,7,4,22,28092
1,7,4,23,28038
1,7,4,24,28108
1,7,4,25,27709
1,7,4,26,27642
1,7,4,27,27621
1,7,4,28,28078
1,7,4,29,27732
1,7,4,30,27988
1,7,4,31,28108
1,8,4,0,28123
1,8,4,1,28279
1,8,4,2,28258
1,8,4,3,28279
1,8,4,4,28289
1,8,4,5,28327
1,8,4,6,27835
1,8,4,7,28319
1,8,4,8,28288
1,8,4,9,28281
1,8,4,10,28398
1,8,4,11,28263
1,8,4,12,28426
1,8,4,13,27927
1,8,4,14,27978
1,8,4,15,27960
1,8,4,16,28294
1,8,4,17,28327
1,8,4,18,28377
1,8,4,19,28094
1,8,4,20,28377
1,8,4,21,28353
1,8,4,22,28299
1,8,4,23,28315
1,8,4,24,28195
1,8,4,25,28129
1,8,4,26,28293
1,8,4,27,28406
1,8,4,28,28396
1,8,4,29,28217
1,8,4,30,28308
1,8,4,31,28272
1,9,4,0,27976
1,9,4,1,28362
1,9,4,2,28399
1,9,4,3,28347
1,9,4,4,28506
1,9,4,5,28288
1,9,4,6,28222
1,9,4,7,28350
1,9,4,8,28319
1,9,4,9,28374
1,9,4,10,28377
1,9,4,11,28372
1,9,4,12,28432
1,9,4,13,28408
1,9,4,14,28321
1,9,4,15,28274
1,9,4,16,28363
1,9,4,17,28404
1,9,4,18,28343
1,9,4,19,28459
1,9,4,20,28287
1,9,4,21,28531
1,9,4,22,28364
1,9,4,23,28314
1,9,4,24,28440
1,9,4,25,28629
1,9,4,26,28029
1,9,4,27,28030
1,9,4,28,27979
1,9,4,29,28381
1,9,4,30,28404
1,9,4,31,27999
2,0,4,0,663
2,0,4,1,665
2,0,4,2,653
2,0,4,3,663
2,0,4,4,663
2,0,4,5,658
2,0,4,6,682
2,0,4,7,680
2,0,4,8,674
2,0,4,9,679
2,0,4,10,657
2,0,4,11,666
2,0,4,12,667
2,0,4,13,669
2,0,4,14,671
2,0,4,15,680
2,0,4,16,673
2,0,4,17,662
2,0,4,18,665
2,0,4,19,685
2,0,4,20,661
2,0,4,21,671
2,0,4,22,674
2,0,4,23,664
2,0,4,24,663
2,0,4,25,692
2,0,4,26,690
2,0,4,27,682
2,0,4,28,669
2,0,4,29,670
2,0,4,30,661
2,0,4,31,668
2,1,4,0,1100
2,1,4,1,1120
2,1,4,2,1104
2,1,4,3,1114
2,1,4,4,1109
2,1,4,5,1104
2,1,4,6,1091
2,1,4,7,1096
2,1,4,8,1105
2,1,4,9,1124
2,1,4,10,1127
2,1,4,11,1119
2,1,4,12,1098
2,1,4,13,1108
2,1,4,14,1093
2,1,4,15,1091
2,1,4,16,1093
2,1,4,17,1087
2,1,4,18,1107
2,1,4,19,1082
2,1,4,20,1095
2,1,4,21,1101
2,1,4,22,1115
2,1,4,23,1116
2,1,4,24,1118
2,1,4,25,1117
2,1,4,26,1121
2,1,4,27,1123
2,1,4,28,1087
2,1,4,29,1106
2,1,4,30,1088
2,1,4,31,1092
2,2,4,0,2038
2,2,4,1,2055
2,2,4,2,2066
2,2,4,3,2057
2,2,4,4,2055
2,2,4,5,2027
2,2,4,6,2043
2,2,4,7,2072
2,2,4,8,2054
2,2,4,9,2085
2,2,4,10,2061
2,2,4,11,2047
2,2,4,12,2031
2,2,4,13,2071
2,2,4,14,2031
2,2,4,15,2028
2,2,4,16,2051
2,2,4,17,2032
2,2,4,18,2059
2,2,4,19,2061
2,2,4,20,2052
2,2,4,21,2076
2,2,4,22,2047
2,2,4,23,2042
2,2,4,24,2066
2,2,4,25,2055
2,2,4,26,2039
2,2,4,27,2060
2,2,4,28,2048
2,2,4,29,2055
2,2,4,30,2038
2,2,4,31,2037
2,3,4,0,2898
2,3,4,1,2898
2,3,4,2,2883
2,3,4,3,2890
2,3,4,4,2877
2,3,4,5,2856
2,3,4,6,2875
2,3,4,7,2861
2,3,4,8,2914
2,3,4,9,2882
2,3,4,10,2882
2,3,4,11,2865
2,3,4,12,2856
2,3,4,13,2903
2,3,4,14,2870
2,3,4,15,2933
2,3,4,16,2890
2,3,4,17,2893
2,3,4,18,2897
2,3,4,19,2860
2,3,4,20,2854
2,3,4,21,2854
2,3,4,22,2894
2,3,4,23,2881
2,3,4,24,2933
2,3,4,25,2908
2,3,4,26,2897
2,3,4,27,2912
2,3,4,28,2853
2,3,4,29,2896
2,3,4,30,2865
2,3,4,31,2876
2,4,4,0,3383
2,4,4,1,3474
2,4,4,2,3442
2,4,4,3,3461
2,4,4,4,3391
2,4,4,5,3412
2,4,4,6,3453
2,4,4,7,3444
2,4,4,8,3425
2,4,4,9,3431
2,4,4,10,3393
2,4,4,11,3423
2,4,4,12,3437
2,4,4,13,3418
2,4,4,14,3399
2,4,4,15,3436
2,4,4,16,3406
2,4,4,17,3389
2,4,4,18,3460
2,4,4,19,3400
2,4,4,20,3399
2,4,4,21,3396
2,4,4,22,3430
2,4,4,23,3424
2,4,4,24,3464
2,4,4,25,3392
2,4,4,26,3458
2,4,4,27,3444
2,4,4,28,3387
2,4,4,29,3416
2,4,4,30,3434
2,4,4,31,3397
2,5,4,0,3631
2,5,4,1,3672
2,5,4,2,3670
2,5,4,3,3629
2,5,4,4,3658
2,5,4,5,3639
2,5,4,6,3633
2,5,4,7,3661
2,5,4,8,3644
2,5,4,9,3632
2,5,4,10,3660
2,5,4,11,3652
2,5,4,12,3603
2,5,4,13,3631
2,5,4,14,3679
2,5,4,15,3619
2,5,4,16,3624
2,5,4,17,3648
2,5,4,18,3645
2,5,4,19,3597
2,5,4,20,3615
2,5,4,21,3669
2,5,4,22,3605
2,5,4,23,3676
2,5,4,24,3670
2,5,4,25,3646
2,5,4,26,3636
2,5,4,27,3655
2,5,4,28,3628
2,5,4,29,3707
2,5,4,30,3639
2,5,4,31,3627
2,6,4,0,15698
2,6,4,1,15503
2,6,4,2,15462
2,6,4,3,15590
2,6,4,4,15692
2,6,4,5,15429
2,6,4,6,15611
2,6,4,7,15500
2,6,4,8,15410
2,6,4,9,15567
2,6,4,10,15437
2,6,4,11,15614
2,6,4,12,15400
2,6,4,13,15589
2,6,4,14,15627
2,6,4,15,15403
2,6,4,16,15394
2,6,4,17,15403
2,6,4,18,15405
2,6,4,19,15357
2,6,4,20,15577
2,6,4,21,15497
2,6,4,22,15324
2,6,4,23,15370
2,6,4,24,15417
2,6,4,25,15426
2,6,4,26,15401
2,6,4,27,15637
2,6,4,28,15486
2,6,4,29,15396
2,6,4,30,15601
2,6,4,31,15401
2,7,4,0,15770
2,7,4,1,15568
2,7,4,2,15827
2,7,4,3,15770
2,7,4,4,15745
2,7,4,5,16143
2,7,4,6,15625
2,7,4,7,15543
2,7,4,8,15768
2,7,4,9,15604
2,7,4,10,15642
2,7,4,11,15619
2,7,4,12,15775
2,7,4,13,15841
2,7,4,14,15772
2,7,4,15,15856
2,7,4,16,15551
2,7,4,17,15757
2,7,4,18,15751
2,7,4,19,15817
2,7,4,20,15806
2,7,4,21,15848
2,7,4,22,15724
2,7,4,23,15605
2,7,4,24,15789
2,7,4,25,15774
2,7,4,26,15577
2,7,4,27,15600
2,7,4,28,15574
2,7,4,29,15518
2,7,4,30,15807
2,7,4,31,15748
2,8,4,0,18320
2,8,4,1,18156
2,8,4,2,18062
2,8,4,3,18084
2,8,4,4,17971
2,8,4,5,18230
2,8,4,6,17889
2,8,4,7,18012
2,8,4,8,18202
2,8,4,9,18260
2,8,4,10,17842
2,8,4,11,18184
2,8,4,12,17932
2,8,4,13,17942
2,8,4,14,17988
2,8,4,15,17930
2,8,4,16,28803
2,8,4,17,18047
2,8,4,18,17943
2,8,4,19,17917
2,8,4,20,17988
2,8,4,21,18249
2,8,4,22,18245
2,8,4,23,17998
2,8,4,24,17923
2,8,4,25,17939
2,8,4,26,17906
2,8,4,27,17900
2,8,4,28,17924
2,8,4,29,17895
2,8,4,30,17944
2,8,4,31,17969
2,9,4,0,19180
2,9,4,1,18931
2,9,4,2,18758
2,9,4,3,18816
2,9,4,4,19167
2,9,4,5,18767
2,9,4,6,19108
2,9,4,7,19134
2,9,4,8,19064
2,9,4,9,18809
2,9,4,10,18835
2,9,4,11,19155
2,9,4,12,19078
2,9,4,13,19129
2,9,4,14,19099
2,9,4,15,18791
2,9,4,16,19138
2,9,4,17,19044
2,9,4,18,19123
2,9,4,19,18954
2,9,4,20,18771
2,9,4,21,18795
2,9,4,22,18818
2,9,4,23,19089
2,9,4,24,18803
2,9,4,25,18952
2,9,4,26,19071
2,9,4,27,19011
2,9,4,28,18805
2,9,4,29,18715
2,9,4,30,19108
2,9,4,31,18822
2,10,4,0,19858
2,10,4,1,19902
2,10,4,2,19826
2,10,4,3,19666
2,10,4,4,19605
2,10,4,5,19585
2,10,4,6,19892
2,10,4,7,19824
2,10,4,8,19480
2,10,4,9,19634
2,10,4,10,19610
2,10,4,11,19513
2,10,4,12,19505
2,10,4,13,19866
2,10,4,14,19877
2,10,4,15,19441
2,10,4,16,19600
2,10,4,17,19778
2,10,4,18,19577
2,10,4,19,19792
2,10,4,20,19700
2,10,4,21,19537
2,10,4,22,19568
2,10,4,23,19612
2,10,4,24,19540
2,10,4,25,19485
2,10,4,26,19962
2,10,4,27,19560
2,10,4,28,19509
2,10,4,29,19525
2,10,4,30,19587
2,10,4,31,19795
0,9,5,0,21378
0,9,5,1,21675
0,9,5,2,21525
0,9,5,3,21318
0,9,5,4,21252
0,9,5,5,21399
0,9,5,6,21551
0,9,5,7,21504
0,9,5,8,21319
0,9,5,9,21389
0,9,5,10,21381
0,9,5,11,21644
0,9,5,12,21517
0,9,5,13,21360
0,9,5,14,21539
0,9,5,15,21541
0,9,5,16,21574
0,9,5,17,21576
0,9,5,18,21401
0,9,5,19,21584
0,9,5,20,21375
0,9,5,21,21270
0,9,5,22,21247
0,9,5,23,21412
0,9,5,24,21242
0,9,5,25,21304
0,9,5,26,21432
0,9,5,27,21284
0,9,5,28,21275
0,9,5,29,21663
0,9,5,30,21369
0,9,5,31,21329
0,8,5,0,21466
0,8,5,1,21143
0,8,5,2,21197
0,8,5,3,21206
0,8,5,4,21361
0,8,5,5,21370
0,8,5,6,21088
0,8,5,7,21169
0,8,5,8,21284
0,8,5,9,21086
0,8,5,10,21125
0,8,5,11,21148
0,8,5,12,21720
0,8,5,13,21305
0,8,5,14,21274
0,8,5,15,21376
0,8,5,16,21081
0,8,5,17,21064
0,8,5,18,21287
0,8,5,19,21262
0,8,5,20,21095
0,8,5,21,21204
0,8,5,22,21267
0,8,5,23,21129
0,8,5,24,21122
0,8,5,25,21009
0,8,5,26,21190
0,8,5,27,21424
0,8,5,28,21324
0,8,5,29,21338
0,8,5,30,21197
0,8,5,31,21156
0,7,5,0,10543
0,7,5,1,10649
0,7,5,2,10481
0,7,5,3,10556
0,7,5,4,10533
0,7,5,5,10594
0,7,5,6,10617
0,7,5,7,10599
0,7,5,8,10598
0,7,5,9,10564
0,7,5,10,10529
0,7,5,11,10704
0,7,5,12,10611
0,7,5,13,10616
0,7,5,14,10628
0,7,5,15,10620
0,7,5,16,10575
0,7,5,17,10641
0,7,5,18,10587
0,7,5,19,10555
0,7,5,20,10692
0,7,5,21,10629
0,7,5,22,10837
0,7,5,23,10545
0,7,5,24,10656
0,7,5,25,10638
0,7,5,26,10609
0,7,5,27,10714
0,7,5,28,10577
0,7,5,29,10596
0,7,5,30,10650
0,7,5,31,10710
0,6,5,0,9509
0,6,5,1,9698
0,6,5,2,9636
0,6,5,3,9580
0,6,5,4,9685
0,6,5,5,9569
0,6,5,6,9709
0,6,5,7,9584
0,6,5,8,9696
0,6,5,9,9598
0,6,5,10,9614
0,6,5,11,9646
0,6,5,12,9663
0,6,5,13,9567
0,6,5,14,9652
0,6,5,15,9626
0,6,5,16,9675
0,6,5,17,9668
0,6,5,18,9867
0,6,5,19,9563
0,6,5,20,9681
0,6,5,21,9744
0,6,5,22,9773
0,6,5,23,9617
0,6,5,24,9638
0,6,5,25,9654
0,6,5,26,9678
0,6,5,27,9658
0,6,5,28,9601
0,6,5,29,9654
0,6,5,30,9596
0,6,5,31,9713
0,5,5,0,8923
0,5,5,1,8876
0,5,5,2,8979
0,5,5,3,8859
0,5,5,4,8821
0,5,5,5,8929
0,5,5,6,9122
0,5,5,7,9030
0,5,5,8,8938
0,5,5,9,8886
0,5,5,10,8904
0,5,5,11,8983
0,5,5,12,8938
0,5,5,13,8897
0,5,5,14,8920
0,5,5,15,8915
0,5,5,16,8771
0,5,5,17,8866
0,5,5,18,8915
0,5,5,19,8929
0,5,5,20,8905
0,5,5,21,8918
0,5,5,22,8897
0,5,5,23,8894
0,5,5,24,8883
0,5,5,25,8897
0,5,5,26,8967
0,5,5,27,8916
0,5,5,28,8917
0,5,5,29,9124
0,5,5,30,8960
0,5,5,31,8981
0,4,5,0,7906
0,4,5,1,7903
0,4,5,2,7880
0,4,5,3,7840
0,4,5,4,7852
0,4,5,5,7817
0,4,5,6,7822
0,4,5,7,7792
0,4,5,8,7828
0,4,5,9,7891
0,4,5,10,7952
0,4,5,11,7801
0,4,5,12,7857
0,4,5,13,7862
0,4,5,14,7875
0,4,5,15,7892
0,4,5,16,7890
0,4,5,17,7879
0,4,5,18,7899
0,4,5,19,7793
0,4,5,20,8013
0,4,5,21,7852
0,4,5,22,7842
0,4,5,23,7889
0,4,5,24,7897
0,4,5,25,7796
0,4,5,26,7961
0,4,5,27,7773
0,4,5,28,7942
0,4,5,29,7928
0,4,5,30,7967
0,4,5,31,7797
0,3,5,0,7050
0,3,5,1,7047
0,3,5,2,7022
0,3,5,3,6987
0,3,5,4,7059
0,3,5,5,7184
0,3,5,6,7040
0,3,5,7,7177
0,3,5,8,7139
0,3,5,9,7050
0,3,5,10,7080
0,3,5,11,7080
0,3,5,12,7168
0,3,5,13,7070
0,3,5,14,7211
0,3,5,15,7139
0,3,5,16,7172
0,3,5,17,7091
0,3,5,18,7055
0,3,5,19,7125
0,3,5,20,7112
0,3,5,21,7212
0,3,5,22,7180
0,3,5,23,7176
0,3,5,24,7153
0,3,5,25,7177
0,3,5,26,7037
0,3,5,27,7207
0,3,5,28,6992
0,3,5,29,7146
0,3,5,30,7047
0,3,5,31,7095
0,2,5,0,4538
0,2,5,1,4550
0,2,5,2,4583
0,2,5,3,4608
0,2,5,4,4577
0,2,5,5,4635
0,2,5,6,4619
0,2,5,7,4609
0,2,5,8,4535
0,2,5,9,4567
0,2,5,10,4691
0,2,5,11,4619
0,2,5,12,4624
0,2,5,13,4613
0,2,5,14,4583
0,2,5,15,4564
0,2,5,16,4520
0,2,5,17,4620
0,2,5,18,4604
0,2,5,19,4638
0,2,5,20,4599
0,2,5,21,4629
0,2,5,22,4640
0,2,5,23,4591
0,2,5,24,4609
0,2,5,25,4630
0,2,5,26,4604
0,2,5,27,4614
0,2,5,28,4632
0,2,5,29,4624
0,2,5,30,4584
0,2,5,31,4642
0,1,5,0,3548
0,1,5,1,3588
0,1,5,2,3486
0,1,5,3,3516
0,1,5,4,3545
0,1,5,5,3511
0,1,5,6,3559
0,1,5,7,3531
0,1,5,8,3516
0,1,5,9,3558
0,1,5,10,3593
0,1,5,11,3573
0,1,5,12,3577
0,1,5,13,3584
0,1,5,14,3553
0,1,5,15,3540
0,1,5,16,3559
0,1,5,17,3559
0,1,5,18,3523
0,1,5,19,3557
0,1,5,20,3560
0,1,5,21,3530
0,1,5,22,3528
0,1,5,23,3534
0,1,5,24,3571
0,1,5,25,3558
0,1,5,26,3596
0,1,5,27,3557
0,1,5,28,3545
0,1,5,29,3574
0,1,5,30,3535
0,1,5,31,3566
0,0,5,0,2755
0,0,5,1,2799
0,0,5,2,2739
0,0,5,3,2784
0,0,5,4,2797
0,0,5,5,2780
0,0,5,6,2768
0,0,5,7,2771
0,0,5,8,2801
0,0,5,9,2797
0,0,5,10,2821
0,0,5,11,2819
0,0,5,12,2775
0,0,5,13,2791
0,0,5,14,2824
0,0,5,15,2777
0,0,5,16,2830
0,0,5,17,2804
0,0,5,18,2801
0,0,5,19,2826
0,0,5,20,2804
0,0,5,21,2794
0,0,5,22,2807
0,0,5,23,2713
0,0,5,24,2820
0,0,5,25,2811
0,0,5,26,2812
0,0,5,27,2831
0,0,5,28,2774
0,0,5,29,2771
0,0,5,30,2779
0,0,5,31,2770
1,9,5,0,28351
1,9,5,1,27878
1,9,5,2,28341
1,9,5,3,28162
1,9,5,4,28360
1,9,5,5,28340
1,9,5,6,28321
1,9,5,7,28321
1,9,5,8,28378
1,9,5,9,28369
1,9,5,10,28447
1,9,5,11,28312
1,9,5,12,28361
1,9,5,13,28219
1,9,5,14,28326
1,9,5,15,28308
1,9,5,16,28314
1,9,5,17,27952
1,9,5,18,28314
1,9,5,19,28337
1,9,5,20,28074
1,9,5,21,28352
1,9,5,22,27966
1,9,5,23,28113
1,9,5,24,28231
1,9,5,25,28694
1,9,5,26,28143
1,9,5,27,28338
1,9,5,28,28343
1,9,5,29,27933
1,9,5,30,28001
1,9,5,31,28360
1,8,5,0,27812
1,8,5,1,28253
1,8,5,2,28305
1,8,5,3,28039
1,8,5,4,28349
1,8,5,5,28373
1,8,5,6,28364
1,8,5,7,28307
1,8,5,8,28255
1,8,5,9,28309
1,8,5,10,28247
1,8,5,11,27932
1,8,5,12,28397
1,8,5,13,28322
1,8,5,14,28143
1,8,5,15,28229
1,8,5,16,28355
1,8,5,17,28293
1,8,5,18,28354
1,8,5,19,28356
1,8,5,20,28219
1,8,5,21,28237
1,8,5,22,28170
1,8,5,23,28343
1,8,5,24,28189
1,8,5,25,28244
1,8,5,26,28274
1,8,5,27,28282
1,8,5,28,28315
1,8,5,29,28285
1,8,5,30,28180
1,8,5,31,27880
1,7,5,0,27718
1,7,5,1,27698
1,7,5,2,28128
1,7,5,3,27868
1,7,5,4,28127
1,7,5,5,27907
1,7,5,6,27806
1,7,5,7,28038
1,7,5,8,27979
1,7,5,9,28064
1,7,5,10,28021
1,7,5,11,28036
1,7,5,12,28043
1,7,5,13,28025
1,7,5,14,28003
1,7,5,15,28044
1,7,5,16,28025
1,7,5,17,27717
1,7,5,18,28533
1,7,5,19,28064
1,7,5,20,31176
1,7,5,21,28065
1,7,5,22,28105
1,7,5,23,28005
1,7,5,24,27756
1,7,5,25,27871
1,7,5,26,27616
1,7,5,27,27528
1,7,5,28,27945
1,7,5,29,27973
1,7,5,30,27690
1,7,5,31,27894
1,6,5,0,27089
1,6,5,1,27273
1,6,5,2,27529
1,6,5,3,27455
1,6,5,4,27414
1,6,5,5,27460
1,6,5,6,27239
1,6,5,7,27468
1,6,5,8,27226
1,6,5,9,27584
1,6,5,10,27002
1,6,5,11,27483
1,6,5,12,26943
1,6,5,13,27013
1,6,5,14,26975
1,6,5,15,27145
1,6,5,16,27445
1,6,5,17,27485
1,6,5,18,27146
1,6,5,19,27256
1,6,5,20,27581
1,6,5,21,27341
1,6,5,22,27030
1,6,5,23,27139
1,6,5,24,27235
1,6,5,25,27150
1,6,5,26,27054
1,6,5,27,27049
1,6,5,28,27325
1,6,5,29,27147
1,6,5,30,27020
1,6,5,31,27085
1,5,5,0,26240
1,5,5,1,26292
1,5,5,2,26216
1,5,5,3,26583
1,5,5,4,26398
1,5,5,5,26783
1,5,5,6,26439
1,5,5,7,26404
1,5,5,8,26386
1,5,5,9,26516
1,5,5,10,26607
1,5,5,11,26377
1,5,5,12,26594
1,5,5,13,27228
1,5,5,14,26244
1,5,5,15,26867
1,5,5,16,26845
1,5,5,17,26803
1,5,5,18,29822
1,5,5,19,26674
1,5,5,20,26726
1,5,5,21,26816
1,5,5,22,26721
1,5,5,23,26623
1,5,5,24,26703
1,5,5,25,26418
1,5,5,26,26385
1,5,5,27,26509
1,5,5,28,26380
1,5,5,29,26421
1,5,5,30,26289
1,5,5,31,26280
1,4,5,0,26162
1,4,5,1,26736
1,4,5,2,26497
1,4,5,3,26209
1,4,5,4,26623
1,4,5,5,26580
1,4,5,6,26661
1,4,5,7,26699
1,4,5,8,26542
1,4,5,9,26602
1,4,5,10,26590
1,4,5,11,26648
1,4,5,12,26530
1,4,5,13,26675
1,4,5,14,26634
1,4,5,15,26318
1,4,5,16,26491
1,4,5,17,26793
1,4,5,18,26381
1,4,5,19,26124
1,4,5,20,37019
1,4,5,21,26187
1,4,5,22,26221
1,4,5,23,26241
1,4,5,24,26289
1,4,5,25,26147
1,4,5,26,26106
1,4,5,27,26662
1,4,5,28,26736
1,4,5,29,26721
1,4,5,30,26767
1,4,5,31,26689
1,3,5,0,14409
1,3,5,1,14688
1,3,5,2,14698
1,3,5,3,14573
1,3,5,4,14728
1,3,5,5,14511
1,3,5,6,14438
1,3,5,7,14589
1,3,5,8,14570
1,3,5,9,14438
1,3,5,10,14686
1,3,5,11,14392
1,3,5,12,14404
1,3,5,13,14471
1,3,5,14,14592
1,3,5,15,14401
1,3,5,16,14551
1,3,5,17,14542
1,3,5,18,14442
1,3,5,19,14465
1,3,5,20,14926
1,3,5,21,14602
1,3,5,22,14387
1,3,5,23,14479
1,3,5,24,14533
1,3,5,25,14553
1,3,5,26,14581
1,3,5,27,14540
1,3,5,28,14615
1,3,5,29,14473
1,3,5,30,14486
1,3,5,31,14453
1,2,5,0,14611
1,2,5,1,14460
1,2,5,2,14188
1,2,5,3,14461
1,2,5,4,14206
1,2,5,5,14523
1,2,5,6,14253
1,2,5,7,14111
1,2,5,8,14271
1,2,5,9,14464
1,2,5,10,14167
1,2,5,11,14435
1,2,5,12,14502
1,2,5,13,14459
1,2,5,14,14243
1,2,5,15,14448
1,2,5,16,14430
1,2,5,17,14449
1,2,5,18,14257
1,2,5,19,14422
1,2,5,20,14304
1,2,5,21,14450
1,2,5,22,14284
1,2,5,23,14267
1,2,5,24,14371
1,2,5,25,14539
1,2,5,26,14248
1,2,5,27,14275
1,2,5,28,14152
1,2,5,29,14305
1,2,5,30,14398
1,2,5,31,14442
1,1,5,0,13558
1,1,5,1,13407
1,1,5,2,13704
1,1,5,3,13747
1,1,5,4,13422
1,1,5,5,13771
1,1,5,6,13483
1,1,5,7,13731
1,1,5,8,13617
1,1,5,9,13670
1,1,5,10,13424
1,1,5,11,13731
1,1,5,12,13784
1,1,5,13,13673
1,1,5,14,13431
1,1,5,15,13710
1,1,5,16,13463
1,1,5,17,13681
1,1,5,18,13443
1,1,5,19,13590
1,1,5,20,13442
1,1,5,21,13708
1,1,5,22,13778
1,1,5,23,13710
1,1,5,24,13746
1,1,5,25,13737
1,1,5,26,13495
1,1,5,27,13551
1,1,5,28,13721
1,1,5,29,13664
1,1,5,30,13536
1,1,5,31,13724
1,0,5,0,355
1,0,5,1,362
1,0,5,2,365
1,0,5,3,353
1,0,5,4,364
1,0,5,5,373
1,0,5,6,359
1,0,5,7,376
1,0,5,8,369
1,0,5,9,375
1,0,5,10,371
1,0,5,11,371
1,0,5,12,372
1,0,5,13,365
1,0,5,14,370
1,0,5,15,362
1,0,5,16,365
1,0,5,17,372
1,0,5,18,359
1,0,5,19,352
1,0,5,20,366
1,0,5,21,376
1,0,5,22,373
1,0,5,23,367
1,0,5,24,358
1,0,5,25,369
1,0,5,26,359
1,0,5,27,358
1,0,5,28,372
1,0,5,29,365
1,0,5,30,364
1,0,5,31,357
2,10,5,0,19854
2,10,5,1,19565
2,10,5,2,19893
2,10,5,3,19932
2,10,5,4,19524
2,10,5,5,19562
2,10,5,6,19625
2,10,5,7,19561
2,10,5,8,19811
2,10,5,9,19793
2,10,5,10,19580
2,10,5,11,19869
2,10,5,12,19748
2,10,5,13,19604
2,10,5,14,19788
2,10,5,15,19806
2,10,5,16,19759
2,10,5,17,19796
2,10,5,18,19761
2,10,5,19,19549
2,10,5,20,20305
2,10,5,21,19834
2,10,5,22,19704
2,10,5,23,19477
2,10,5,24,19488
2,10,5,25,19602
2,10,5,26,19809
2,10,5,27,19428
2,10,5,28,19751
2,10,5,29,19834
2,10,5,30,19445
2,10,5,31,19803
2,9,5,0,19094
2,9,5,1,19090
2,9,5,2,19079
2,9,5,3,19094
2,9,5,4,19183
2,9,5,5,19093
2,9,5,6,19122
2,9,5,7,18990
2,9,5,8,19137
2,9,5,9,19144
2,9,5,10,19155
2,9,5,11,19074
2,9,5,12,18800
2,9,5,13,19038
2,9,5,14,19137
2,9,5,15,19103
2,9,5,16,19126
2,9,5,17,18829
2,9,5,18,18803
2,9,5,19,18815
2,9,5,20,19090
2,9,5,21,19172
2,9,5,22,18775
2,9,5,23,19106
2,9,5,24,19129
2,9,5,25,19024
2,9,5,26,19061
2,9,5,27,19201
2,9,5,28,19064
2,9,5,29,19114
2,9,5,30,19163
2,9,5,31,19078
2,8,5,0,18055
2,8,5,1,18294
2,8,5,2,18283
2,8,5,3,18249
2,8,5,4,18273
2,8,5,5,17951
2,8,5,6,17965
2,8,5,7,17994
2,8,5,8,17990
2,8,5,9,18255
2,8,5,10,17863
2,8,5,11,18023
2,8,5,12,17875
2,8,5,13,18199
2,8,5,14,18185
2,8,5,15,18333
2,8,5,16,17960
2,8,5,17,17968
2,8,5,18,18256
2,8,5,19,17907
2,8,5,20,18257
2,8,5,21,17898
2,8,5,22,17961
2,8,5,23,17951
2,8,5,24,18102
2,8,5,25,17946
2,8,5,26,17942
2,8,5,27,18285
2,8,5,28,17988
2,8,5,29,17956
2,8,5,30,17876
2,8,5,31,17924
2,7,5,0,15572
2,7,5,1,15605
2,7,5,2,15668
2,7,5,3,15810
2,7,5,4,15586
2,7,5,5,15821
2,7,5,6,15827
2,7,5,7,15795
2,7,5,8,15822
2,7,5,9,16154
2,7,5,10,15624
2,7,5,11,15767
2,7,5,12,15791
2,7,5,13,15752
2,7,5,14,15737
2,7,5,15,15874
2,7,5,16,15572
2,7,5,17,15744
2,7,5,18,15793
2,7,5,19,15746
2,7,5,20,15843
2,7,5,21,15573
2,7,5,22,15608
2,7,5,23,15791
2,7,5,24,15778
2,7,5,25,15762
2,7,5,26,15773
2,7,5,27,15895
2,7,5,28,15787
2,7,5,29,15688
2,7,5,30,15810
2,7,5,31,15876
2,6,5,0,15666
2,6,5,1,15439
2,6,5,2,15454
2,6,5,3,15463
2,6,5,4,15444
2,6,5,5,15410
2,6,5,6,15433
2,6,5,7,15460
2,6,5,8,15322
2,6,5,9,15385
2,6,5,10,15602
2,6,5,11,15589
2,6,5,12,15597
2,6,5,13,15451
2,6,5,14,15387
2,6,5,15,15476
2,6,5,16,15394
2,6,5,17,15376
2,6,5,18,15403
2,6,5,19,15621
2,6,5,20,15423
2,6,5,21,15403
2,6,5,22,15489
2,6,5,23,15487
2,6,5,24,15401
2,6,5,25,15475
2,6,5,26,15446
2,6,5,27,15383
2,6,5,28,15459
2,6,5,29,15464
2,6,5,30,15693
2,6,5,31,15578
2,5,5,0,3633
2,5,5,1,3697
2,5,5,2,3621
2,5,5,3,3605
2,5,5,4,3644
2,5,5,5,3621
2,5,5,6,3658
2,5,5,7,3618
2,5,5,8,3606
2,5,5,9,3656
2,5,5,10,3685
2,5,5,11,3655
2,5,5,12,3654
2,5,5,13,3641
2,5,5,14,3641
2,5,5,15,3667
2,5,5,16,3656
2,5,5,17,3632
2,5,5,18,3660
2,5,5,19,3644
2,5,5,20,3638
2,5,5,21,3616
2,5,5,22,3660
2,5,5,23,3621
2,5,5,24,3685
2,5,5,25,3649
2,5,5,26,3639
2,5,5,27,3642
2,5,5,28,3635
2,5,5,29,3697
2,5,5,30,3612
2,5,5,31,3605
2,4,5,0,3405
2,4,5,1,3442
2,4,5,2,3464
2,4,5,3,3361
2,4,5,4,3390
2,4,5,5,3454
2,4,5,6,3402
2,4,5,7,3413
2,4,5,8,3413
2,4,5,9,3427
2,4,5,10,3408
2,4,5,11,3437
2,4,5,12,3410
2,4,5,13,3435
2,4,5,14,3395
2,4,5,15,3423
2,4,5,16,3428
2,4,5,17,3382
2,4,5,18,3407
2,4,5,19,3402
2,4,5,20,3421
2,4,5,21,3435
2,4,5,22,3429
2,4,5,23,3411
2,4,5,24,3426
2,4,5,25,3433
2,4,5,26,3412
2,4,5,27,3387
2,4,5,28,3401
2,4,5,29,3409
2,4,5,30,3427
2,4,5,31,3404
2,3,5,0,2901
2,3,5,1,2862
2,3,5,2,2884
2,3,5,3,2869
2,3,5,4,2853
2,3,5,5,2884
2,3,5,6,2882
2,3,5,7,2904
2,3,5,8,2903
2,3,5,9,2899
2,3,5,10,2903
2,3,5,11,2911
2,3,5,12,2870
2,3,5,13,2878
2,3,5,14,2892
2,3,5,15,2900
2,3,5,16,2885
2,3,5,17,2890
2,3,5,18,2873
2,3,5,19,2874
2,3,5,20,2875
2,3,5,21,2910
2,3,5,22,2872
2,3,5,23,2865
2,3,5,24,2897
2,3,5,25,2903
2,3,5,26,2924
2,3,5,27,2889
2,3,5,28,2838
2,3,5,29,2880
2,3,5,30,2876
2,3,5,31,2896
2,2,5,0,2046
2,2,5,1,2049
2,2,5,2,2067
2,2,5,3,2056
2,2,5,4,2030
2,2,5,5,2019
2,2,5,6,2036
2,2,5,7,2030
2,2,5,8,2063
2,2,5,9,2057
2,2,5,10,2051
2,2,5,11,2062
2,2,5,12,2036
2,2,5,13,2054
2,2,5,14,2054
2,2,5,15,2038
2,2,5,16,2041
2,2,5,17,2042
2,2,5,18,2040
2,2,5,19,2038
2,2,5,20,2030
2,2,5,21,2057
2,2,5,22,2046
2,2,5,23,2048
2,2,5,24,2049
2,2,5,25,2069
2,2,5,26,2029
2,2,5,27,2067
2,2,5,28,2066
2,2,5,29,2036
2,2,5,30,2036
2,2,5,31,2045
2,1,5,0,1100
2,1,5,1,1103
2,1,5,2,1096
2,1,5,3,1091
2,1,5,4,1078
2,1,5,5,1099
2,1,5,6,1097
2,1,5,7,1070
2,1,5,8,1116
2,1,5,9,1103
2,1,5,10,1115
2,1,5,11,1090
2,1,5,12,1101
2,1,5,13,1105
2,1,5,14,1089
2,1,5,15,1104
2,1,5,16,1106
2,1,5,17,1109
2,1,5,18,1083
2,1,5,19,1107
2,1,5,20,1087
2,1,5,21,1085
2,1,5,22,1098
2,1,5,23,1099
2,1,5,24,1097
2,1,5,25,1113
2,1,5,26,1117
2,1,5,27,1080
2,1,5,28,1075
2,1,5,29,1104
2,1,5,30,1097
2,1,5,31,1089
2,0,5,0,674
2,0,5,1,674
2,0,5,2,675
2,0,5,3,671
2,0,5,4,647
2,0,5,5,661
2,0,5,6,660
2,0,5,7,676
2,0,5,8,674
2,0,5,9,674
2,0,5,10,678
2,0,5,11,697
2,0,5,12,653
2,0,5,13,684
2,0,5,14,680
2,0,5,15,665
2,0,5,16,663
2,0,5,17,658
2,0,5,18,672
2,0,5,19,680
2,0,5,20,670
2,0,5,21,676
2,0,5,22,678
2,0,5,23,686
2,0,5,24,681
2,0,5,25,676
2,0,5,26,686
2,0,5,27,669
2,0,5,28,664
2,0,5,29,680
2,0,5,30,664
2,0,5,31,693
0,0,6,0,2762
0,0,6,1,2830
0,0,6,2,2825
0,0,6,3,2799
0,0,6,4,2732
0,0,6,5,2814
0,0,6,6,2812
0,0,6,7,2833
0,0,6,8,2788
0,0,6,9,2790
0,0,6,10,2783
0,0,6,11,2795
0,0,6,12,2804
0,0,6,13,2829
0,0,6,14,2815
0,0,6,15,2775
0,0,6,16,2734
0,0,6,17,2807
0,0,6,18,2829
0,0,6,19,2819
0,0,6,20,2800
0,0,6,21,2820
0,0,6,22,2807
0,0,6,23,2798
0,0,6,24,2817
0,0,6,25,2791
0,0,6,26,2818
0,0,6,27,2801
0,0,6,28,2780
0,0,6,29,2818
0,0,6,30,2804
0,0,6,31,2781
0,1,6,0,3585
0,1,6,1,3555
0,1,6,2,3603
0,1,6,3,3559
0,1,6,4,3558
0,1,6,5,3564
0,1,6,6,3524
0,1,6,7,3519
0,1,6,8,3553
0,1,6,9,3528
0,1,6,10,3542
0,1,6,11,3512
0,1,6,12,3585
0,1,6,13,3547
0,1,6,14,3548
0,1,6,15,3575
0,1,6,16,3472
0,1,6,17,3562
0,1,6,18,3613
0,1,6,19,3581
0,1,6,20,3531
0,1,6,21,3546
0,1,6,22,3565
0,1,6,23,3562
0,1,6,24,3588
0,1,6,25,3527
0,1,6,26,3543
0,1,6,27,3557
0,1,6,28,3522
0,1,6,29,3556
0,1,6,30,3543
0,1,6,31,3610
0,2,6,0,4602
0,2,6,1,4589
0,2,6,2,4640
0,2,6,3,4529
0,2,6,4,4635
0,2,6,5,4592
0,2,6,6,4598
0,2,6,7,4708
0,2,6,8,4606
0,2,6,9,4659
0,2,6,10,4578
0,2,6,11,4627
0,2,6,12,4597
0,2,6,13,4543
0,2,6,14,4574
0,2,6,15,4592
0,2,6,16,4648
0,2,6,17,4584
0,2,6,18,4572
0,2,6,19,4654
0,2,6,20,4588
0,2,6,21,4629
0,2,6,22,4581
0,2,6,23,4544
0,2,6,24,4578
0,2,6,25,4605
0,2,6,26,4608
0,2,6,27,4640
0,2,6,28,4576
0,2,6,29,4567
0,2,6,30,4641
0,2,6,31,4567
0,3,6,0,7119
0,3,6,1,7202
0,3,6,2,7109
0,3,6,3,7118
0,3,6,4,7162
0,3,6,5,7171
0,3,6,6,7108
0,3,6,7,7126
0,3,6,8,7206
0,3,6,9,7181
0,3,6,10,7096
0,3,6,11,7067
0,3,6,12,7110
0,3,6,13,7171
0,3,6,14,7119
0,3,6,15,7214
0,3,6,16,7038
0,3,6,17,7102
0,3,6,18,7155
0,3,6,19,7148
0,3,6,20,7138
0,3,6,21,7046
0,3,6,22,7012
0,3,6,23,7132
0,3,6,24,7081
0,3,6,25,7098
0,3,6,26,7007
0,3,6,27,6997
0,3,6,28,7153
0,3,6,29,7123
0,3,6,30,7141
0,3,6,31,7157
0,4,6,0,7757
0,4,6,1,7914
0,4,6,2,7933
0,4,6,3,7885
0,4,6,4,7884
0,4,6,5,7872
0,4,6,6,7765
0,4,6,7,7951
0,4,6,8,7911
0,4,6,9,7742
0,4,6,10,7968
0,4,6,11,7814
0,4,6,12,7913
0,4,6,13,7861
0,4,6,14,7887
0,4,6,15,7741
0,4,6,16,7891
0,4,6,17,7869
0,4,6,18,7998
0,4,6,19,7786
0,4,6,20,7854
0,4,6,21,7920
0,4,6,22,7861
0,4,6,23,7858
0,4,6,24,7806
0,4,6,25,7771
0,4,6,26,7737
0,4,6,27,7836
0,4,6,28,7944
0,4,6,29,7906
0,4,6,30,7906
0,4,6,31,7937
0,5,6,0,19750
0,5,6,1,8999
0,5,6,2,9020
0,5,6,3,8916
0,5,6,4,8911
0,5,6,5,8981
0,5,6,6,8854
0,5,6,7,8889
0,5,6,8,8881
0,5,6,9,8820
0,5,6,10,8973
0,5,6,11,8954
0,5,6,12,8949
0,5,6,13,8936
0,5,6,14,8968
0,5,6,15,8873
0,5,6,16,9010
0,5,6,17,9018
0,5,6,18,8938
0,5,6,19,8919
0,5,6,20,8780
0,5,6,21,8950
0,5,6,22,8932
0,5,6,23,8913
0,5,6,24,8926
0,5,6,25,8778
0,5,6,26,8798
0,5,6,27,8885
0,5,6,28,8925
0,5,6,29,8852
0,5,6,30,8757
0,5,6,31,8840
0,6,6,0,9503
0,6,6,1,9646
0,6,6,2,9745
0,6,6,3,9650
0,6,6,4,9643
0,6,6,5,9814
0,6,6,6,9620
0,6,6,7,9653
0,6,6,8,9660
0,6,6,9,9541
0,6,6,10,9626
0,6,6,11,9949
0,6,6,12,9715
0,6,6,13,9669
0,6,6,14,9704
0,6,6,15,9730
0,6,6,16,9671
0,6,6,17,9719
0,6,6,18,9650
0,6,6,19,9692
0,6,6,20,9715
0,6,6,21,9662
0,6,6,22,9605
0,6,6,23,9654
0,6,6,24,9761
0,6,6,25,9634
0,6,6,26,9699
0,6,6,27,9694
0,6,6,28,9660
0,6,6,29,9683
0,6,6,30,9660
0,6,6,31,9670
0,7,6,0,10493
0,7,6,1,10624
0,7,6,2,10657
0,7,6,3,10609
0,7,6,4,10656
0,7,6,5,10618
0,7,6,6,10607
0,7,6,7,10739
0,7,6,8,10762
0,7,6,9,10561
0,7,6,10,10572
0,7,6,11,10637
0,7,6,12,10650
0,7,6,13,10519
0,7,6,14,10630
0,7,6,15,10675
0,7,6,16,10602
0,7,6,17,10537
0,7,6,18,10545
0,7,6,19,10593
0,7,6,20,10663
0,7,6,21,10624
0,7,6,22,10595
0,7,6,23,10628
0,7,6,24,10639
0,7,6,25,10604
0,7,6,26,10592
0,7,6,27,10593
0,7,6,28,10566
0,7,6,29,10671
0,7,6,30,10693
0,7,6,31,10606
0,8,6,0,21140
0,8,6,1,21408
0,8,6,2,21198
0,8,6,3,21500
0,8,6,4,21186
0,8,6,5,21360
0,8,6,6,21451
0,8,6,7,21552
0,8,6,8,21428
0,8,6,9,21183
0,8,6,10,21476
0,8,6,11,21219
0,8,6,12,21405
0,8,6,13,21405
0,8,6,14,20987
0,8,6,15,21169
0,8,6,16,21110
0,8,6,17,21366
0,8,6,18,21249
0,8,6,19,21288
0,8,6,20,21356
0,8,6,21,21492
0,8,6,22,21386
0,8,6,23,21233
0,8,6,24,21261
0,8,6,25,21094
0,8,6,26,21233
0,8,6,27,21311
0,8,6,28,21374
0,8,6,29,32112
0,8,6,30,21067
0,8,6,31,21044
0,9,6,0,21402
0,9,6,1,21550
0,9,6,2,21574
0,9,6,3,21580
0,9,6,4,21368
0,9,6,5,21517
0,9,6,6,21362
0,9,6,7,21289
0,9,6,8,21563
0,9,6,9,21326
0,9,6,10,21343
0,9,6,11,21583
0,9,6,12,21219
0,9,6,13,21514
0,9,6,14,21959
0,9,6,15,21434
0,9,6,16,21494
0,9,6,17,21341
0,9,6,18,21245
0,9,6,19,21312
0,9,6,20,21545
0,9,6,21,21348
0,9,6,22,21237
0,9,6,23,21505
0,9,6,24,21104
0,9,6,25,21326
0,9,6,26,21314
0,9,6,27,21382
0,9,6,28,21196
0,9,6,29,21250
0,9,6,30,21258
0,9,6,31,21243
1,0,6,0,374
1,0,6,1,356
1,0,6,2,371
1,0,6,3,363
1,0,6,4,375
1,0,6,5,366
1,0,6,6,367
1,0,6,7,378
1,0,6,8,357
1,0,6,9,367
1,0,6,10,373
1,0,6,11,368
1,0,6,12,376
1,0,6,13,368
1,0,6,14,363
1,0,6,15,367
1,0,6,16,363
1,0,6,17,370
1,0,6,18,367
1,0,6,19,355
1,0,6,20,381
1,0,6,21,370
1,0,6,22,368
1,0,6,23,364
1,0,6,24,382
1,0,6,25,364
1,0,6,26,369
1,0,6,27,369
1,0,6,28,365
1,0,6,29,371
1,0,6,30,364
1,0,6,31,357
1,1,6,0,13650
1,1,6,1,13756
1,1,6,2,13769
1,1,6,3,13790
1,1,6,4,13763
1,1,6,5,13721
1,1,6,6,13759
1,1,6,7,13770
1,1,6,8,13708
1,1,6,9,13531
1,1,6,10,13441
1,1,6,11,13717
1,1,6,12,13730
1,1,6,13,13679
1,1,6,14,13760
1,1,6,15,13725
1,1,6,16,13778
1,1,6,17,13651
1,1,6,18,13696
1,1,6,19,13721
1,1,6,20,13731
1,1,6,21,13743
1,1,6,22,13618
1,1,6,23,13730
1,1,6,24,13720
1,1,6,25,13761
1,1,6,26,13733
1,1,6,27,13713
1,1,6,28,13706
1,1,6,29,13705
1,1,6,30,13708
1,1,6,31,13658
1,2,6,0,14243
1,2,6,1,14241
1,2,6,2,14444
1,2,6,3,14507
1,2,6,4,14255
1,2,6,5,14362
1,2,6,6,14318
1,2,6,7,14310
1,2,6,8,14513
1,2,6,9,14584
1,2,6,10,14222
1,2,6,11,14304
1,2,6,12,14454
1,2,6,13,14480
1,2,6,14,14488
1,2,6,15,14477
1,2,6,16,14512
1,2,6,17,14488
1,2,6,18,14485
1,2,6,19,14484
1,2,6,20,14485
1,2,6,21,14183
1,2,6,22,14454
1,2,6,23,25452
1,2,6,24,14209
1,2,6,25,14466
1,2,6,26,14526
1,2,6,27,14416
1,2,6,28,14482
1,2,6,29,14248
1,2,6,30,14502
1,2,6,31,14498
1,3,6,0,14611
1,3,6,1,14694
1,3,6,2,14713
1,3,6,3,14702
1,3,6,4,14646
1,3,6,5,14701
1,3,6,6,14738
1,3,6,7,14620
1,3,6,8,14662
1,3,6,9,14633
1,3,6,10,14652
1,3,6,11,14442
1,3,6,12,14933
1,3,6,13,14656
1,3,6,14,14696
1,3,6,15,14733
1,3,6,16,14707
1,3,6,17,14678
1,3,6,18,14733
1,3,6,19,14705
1,3,6,20,14458
1,3,6,21,14494
1,3,6,22,14710
1,3,6,23,14659
1,3,6,24,14710
1,3,6,25,14683
1,3,6,26,14681
1,3,6,27,14742
1,3,6,28,14775
1,3,6,29,14638
1,3,6,30,14687
1,3,6,31,14650
1,4,6,0,26196
1,4,6,1,26313
1,4,6,2,26169
1,4,6,3,26695
1,4,6,4,26247
1,4,6,5,26626
1,4,6,6,26674
1,4,6,7,26627
1,4,6,8,26670
1,4,6,9,26614
1,4,6,10,26745
1,4,6,11,26788
1,4,6,12,26683
1,4,6,13,26551
1,4,6,14,26663
1,4,6,15,26637
1,4,6,16,26738
1,4,6,17,26686
1,4,6,18,26665
1,4,6,19,26138
1,4,6,20,26641
1,4,6,21,26618
1,4,6,22,26658
1,4,6,23,26617
1,4,6,24,26781
1,4,6,25,26648
1,4,6,26,26604
1,4,6,27,26712
1,4,6,28,26618
1,4,6,29,26666
1,4,6,30,26623
1,4,6,31,26717
1,5,6,0,26682
1,5,6,1,26791
1,5,6,2,26810
1,5,6,3,26428
1,5,6,4,26595
1,5,6,5,26713
1,5,6,6,26841
1,5,6,7,26484
1,5,6,8,26633
1,5,6,9,26733
1,5,6,10,26705
1,5,6,11,26834
1,5,6,12,26800
1,5,6,13,26498
1,5,6,14,26840
1,5,6,15,26601
1,5,6,16,26264
1,5,6,17,26840
1,5,6,18,26875
1,5,6,19,26561
1,5,6,20,26655
1,5,6,21,26886
1,5,6,22,26755
1,5,6,23,26805
1,5,6,24,26800
1,5,6,25,26710
1,5,6,26,26806
1,5,6,27,26308
1,5,6,28,26721
1,5,6,29,26820
1,5,6,30,26737
1,5,6,31,26703
1,6,6,0,27010
1,6,6,1,27550
1,6,6,2,27533
1,6,6,3,27372
1,6,6,4,27551
1,6,6,5,27514
1,6,6,6,27587
1,6,6,7,27331
1,6,6,8,27548
1,6,6,9,27549
1,6,6,10,27641
1,6,6,11,27275
1,6,6,12,27361
1,6,6,13,27037
1,6,6,14,26997
1,6,6,15,27072
1,6,6,16,27102
1,6,6,17,27488
1,6,6,18,27521
1,6,6,19,27550
1,6,6,20,27463
1,6,6,21,27469
1,6,6,22,27548
1,6,6,23,27561
1,6,6,24,27468
1,6,6,25,27523
1,6,6,26,27375
1,6,6,27,27599
1,6,6,28,27345
1,6,6,29,27526
1,6,6,30,27252
1,6,6,31,27484
1,7,6,0,28159
1,7,6,1,39060
1,7,6,2,28086
1,7,6,3,28128
1,7,6,4,28057
1,7,6,5,28044
1,7,6,6,28125
1,7,6,7,28047
1,7,6,8,28119
1,7,6,9,28071
1,7,6,10,28008
1,7,6,11,28050
1,7,6,12,28476
1,7,6,13,27683
1,7,6,14,27606
1,7,6,15,28082
1,7,6,16,27949
1,7,6,17,27998
1,7,6,18,28009
1,7,6,19,27845
1,7,6,20,27673
1,7,6,21,27926
1,7,6,22,28067
1,7,6,23,28003
1,7,6,24,27636
1,7,6,25,27878
1,7,6,26,27614
1,7,6,27,28143
1,7,6,28,27863
1,7,6,29,27749
1,7,6,30,27845
1,7,6,31,27602
1,8,6,0,27814
1,8,6,1,28339
1,8,6,2,28109
1,8,6,3,28267
1,8,6,4,28260
1,8,6,5,28330
1,8,6,6,27852
1,8,6,7,28291
1,8,6,8,28170
1,8,6,9,28393
1,8,6,10,28243
1,8,6,11,28283
1,8,6,12,28328
1,8,6,13,28285
1,8,6,14,28355
1,8,6,15,28333
1,8,6,16,28277
1,8,6,17,28285
1,8,6,18,28253
1,8,6,19,28365
1,8,6,20,28384
1,8,6,21,28305
1,8,6,22,28322
1,8,6,23,27949
1,8,6,24,28231
1,8,6,25,27831
1,8,6,26,28307
1,8,6,27,28285
1,8,6,28,28354
1,8,6,29,28212
1,8,6,30,28345
1,8,6,31,27806
1,9,6,0,27825
1,9,6,1,28516
1,9,6,2,28393
1,9,6,3,28402
1,9,6,4,28414
1,9,6,5,28456
1,9,6,6,27888
1,9,6,7,28299
1,9,6,8,27980
1,9,6,9,28061
1,9,6,10,28229
1,9,6,11,28000
1,9,6,12,28490
1,9,6,13,28018
1,9,6,14,28326
1,9,6,15,27921
1,9,6,16,28349
1,9,6,17,28380
1,9,6,18,28176
1,9,6,19,28048
1,9,6,20,28094
1,9,6,21,28263
1,9,6,22,28384
1,9,6,23,28075
1,9,6,24,28438
1,9,6,25,28321
1,9,6,26,28289
1,9,6,27,28285
1,9,6,28,27949
1,9,6,29,28418
1,9,6,30,28259
1,9,6,31,28244
2,0,6,0,665
2,0,6,1,663
2,0,6,2,663
2,0,6,3,661
2,0,6,4,666
2,0,6,5,660
2,0,6,6,670
2,0,6,7,661
2,0,6,8,690
2,0,6,9,666
2,0,6,10,678
2,0,6,11,660
2,0,6,12,683
2,0,6,13,656
2,0,6,14,675
2,0,6,15,679
2,0,6,16,660
2,0,6,17,666
2,0,6,18,657
2,0,6,19,657
2,0,6,20,646
2,0,6,21,678
2,0,6,22,652
2,0,6,23,681
2,0,6,24,663
2,0,6,25,683
2,0,6,26,662
2,0,6,27,669
2,0,6,28,652
2,0,6,29,656
2,0,6,30,660
2,0,6,31,657
2,1,6,0,1102
2,1,6,1,1126
2,1,6,2,1111
2,1,6,3,1104
2,1,6,4,1127
2,1,6,5,1079
2,1,6,6,1109
2,1,6,7,1091
2,1,6,8,1113
2,1,6,9,1118
2,1,6,10,1109
2,1,6,11,1102
2,1,6,12,1097
2,1,6,13,1111
2,1,6,14,1088
2,1,6,15,1110
2,1,6,16,1085
2,1,6,17,1090
2,1,6,18,1101
2,1,6,19,1079
2,1,6,20,1085
2,1,6,21,1083
2,1,6,22,1112
2,1,6,23,1096
2,1,6,24,1091
2,1,6,25,1115
2,1,6,26,1106
2,1,6,27,1113
2,1,6,28,1089
2,1,6,29,1090
2,1,6,30,1090
2,1,6,31,1092
2,2,6,0,2034
2,2,6,1,2061
2,2,6,2,2083
2,2,6,3,2052
2,2,6,4,2063
2,2,6,5,2055
2,2,6,6,2048
2,2,6,7,2021
2,2,6,8,2041
2,2,6,9,2052
2,2,6,10,2050
2,2,6,11,2052
2,2,6,12,2039
2,2,6,13,2068
2,2,6,14,2063
2,2,6,15,2042
2,2,6,16,2050
2,2,6,17,2057
2,2,6,18,2045
2,2,6,19,2023
2,2,6,20,2047
2,2,6,21,2036
2,2,6,22,2032
2,2,6,23,2038
2,2,6,24,2041
2,2,6,25,2029
2,2,6,26,2032
2,2,6,27,2039
2,2,6,28,2049
2,2,6,29,2028
2,2,6,30,2019
2,2,6,31,2027
2,3,6,0,2878
2,3,6,1,2877
2,3,6,2,2900
2,3,6,3,2867
2,3,6,4,2915
2,3,6,5,2895
2,3,6,6,2844
2,3,6,7,2921
2,3,6,8,2902
2,3,6,9,2946
2,3,6,10,2873
2,3,6,11,2876
2,3,6,12,2914
2,3,6,13,2911
2,3,6,14,2893
2,3,6,15,2878
2,3,6,16,2910
2,3,6,17,2870
2,3,6,18,2905
2,3,6,19,2900
2,3,6,20,2903
2,3,6,21,2873
2,3,6,22,2859
2,3,6,23,2856
2,3,6,24,2873
2,3,6,25,2887
2,3,6,26,2888
2,3,6,27,2883
2,3,6,28,2905
2,3,6,29,2870
2,3,6,30,2854
2,3,6,31,2867
2,4,6,0,3447
2,4,6,1,3415
2,4,6,2,3395
2,4,6,3,3448
2,4,6,4,3436
2,4,6,5,3382
2,4,6,6,3399
2,4,6,7,3421
2,4,6,8,3428
2,4,6,9,3409
2,4,6,10,3394
2,4,6,11,3414
2,4,6,12,3399
2,4,6,13,3454
2,4,6,14,3407
2,4,6,15,3434
2,4,6,16,3405
2,4,6,17,3418
2,4,6,18,3412
2,4,6,19,3390
2,4,6,20,3424
2,4,6,21,3432
2,4,6,22,3410
2,4,6,23,3402
2,4,6,24,3392
2,4,6,25,3389
2,4,6,26,3404
2,4,6,27,3439
2,4,6,28,3404
2,4,6,29,3460
2,4,6,30,3380
2,4,6,31,3393
2,5,6,0,3614
2,5,6,1,3657
2,5,6,2,3623
2,5,6,3,3602
2,5,6,4,3620
2,5,6,5,3621
2,5,6,6,3668
2,5,6,7,3634
2,5,6,8,3621
2,5,6,9,3646
2,5,6,10,3614
2,5,6,11,3618
2,5,6,12,3629
2,5,6,13,3634
2,5,6,14,3627
2,5,6,15,3644
2,5,6,16,3632
2,5,6,17,3622
2,5,6,18,3672
2,5,6,19,3629
2,5,6,20,3605
2,5,6,21,3643
2,5,6,22,3624
2,5,6,23,3657
2,5,6,24,3618
2,5,6,25,3636
2,5,6,26,3623
2,5,6,27,3624
2,5,6,28,3568
2,5,6,29,3608
2,5,6,30,3626
2,5,6,31,3617
2,6,6,0,15637
2,6,6,1,15632
2,6,6,2,15629
2,6,6,3,15532
2,6,6,4,15640
2,6,6,5,16018
2,6,6,6,15732
2,6,6,7,15607
2,6,6,8,15533
2,6,6,9,15552
2,6,6,10,15513
2,6,6,11,15577
2,6,6,12,15623
2,6,6,13,15595
2,6,6,14,15649
2,6,6,15,15622
2,6,6,16,15782
2,6,6,17,15637
2,6,6,18,15568
2,6,6,19,15474
2,6,6,20,15578
2,6,6,21,15653
2,6,6,22,15629
2,6,6,23,15443
2,6,6,24,15436
2,6,6,25,15408
2,6,6,26,15680
2,6,6,27,15430
2,6,6,28,15621
2,6,6,29,15694
2,6,6,30,15417
2,6,6,31,15502
2,7,6,0,15815
2,7,6,1,15748
2,7,6,2,15813
2,7,6,3,15812
2,7,6,4,15661
2,7,6,5,15539
2,7,6,6,15555
2,7,6,7,15749
2,7,6,8,15792
2,7,6,9,15794
2,7,6,10,15904
2,7,6,11,15682
2,7,6,12,15849
2,7,6,13,15818
2,7,6,14,15775
2,7,6,15,15792
2,7,6,16,15812
2,7,6,17,15806
2,7,6,18,15771
2,7,6,19,15645
2,7,6,20,15667
2,7,6,21,15665
2,7,6,22,15798
2,7,6,23,15740
2,7,6,24,15767
2,7,6,25,15781
2,7,6,26,15779
2,7,6,27,15738
2,7,6,28,15851
2,7,6,29,15699
2,7,6,30,15600
2,7,6,31,15840
2,8,6,0,18208
2,8,6,1,18260
2,8,6,2,18234
2,8,6,3,18258
2,8,6,4,18239
2,8,6,5,18161
2,8,6,6,17945
2,8,6,7,18268
2,8,6,8,18015
2,8,6,9,18257
2,8,6,10,17961
2,8,6,11,18266
2,8,6,12,18334
2,8,6,13,17870
2,8,6,14,17854
2,8,6,15,17974
2,8,6,16,17929
2,8,6,17,18135
2,8,6,18,18163
2,8,6,19,18292
2,8,6,20,18252
2,8,6,21,18276
2,8,6,22,18248
2,8,6,23,17869
2,8,6,24,18137
2,8,6,25,17902
2,8,6,26,17938
2,8,6,27,18097
2,8,6,28,18029
2,8,6,29,17998
2,8,6,30,17953
2,8,6,31,28828
2,9,6,0,18862
2,9,6,1,18854
2,9,6,2,18768
2,9,6,3,19540
2,9,6,4,18812
2,9,6,5,18783
2,9,6,6,18781
2,9,6,7,18963
2,9,6,8,19092
2,9,6,9,18777
2,9,6,10,18766
2,9,6,11,18808
2,9,6,12,18799
2,9,6,13,18890
2,9,6,14,19035
2,9,6,15,19132
2,9,6,16,19139
2,9,6,17,19000
2,9,6,18,18785
2,9,6,19,18976
2,9,6,20,19136
2,9,6,21,18744
2,9,6,22,18761
2,9,6,23,18798
2,9,6,24,18692
2,9,6,25,18799
2,9,6,26,18756
2,9,6,27,18803
2,9,6,28,18846
2,9,6,29,18741
2,9,6,30,18831
2,9,6,31,18843
2,10,6,0,19641
2,10,6,1,19492
2,10,6,2,19720
2,10,6,3,19546
2,10,6,4,19436
2,10,6,5,19623
2,10,6,6,19520
2,10,6,7,19597
2,10,6,8,19729
2,10,6,9,19514
2,10,6,10,19549
2,10,6,11,19894
2,10,6,12,19797
2,10,6,13,19614
2,10,6,14,19482
2,10,6,15,19499
2,10,6,16,19490
2,10,6,17,19522
2,10,6,18,19843
2,10,6,19,19486
2,10,6,20,19541
2,10,6,21,19385
2,10,6,22,19688
2,10,6,23,19565
2,10,6,24,19552
2,10,6,25,19630
2,10,6,26,19661
2,10,6,27,19889
2,10,6,28,19644
2,10,6,29,19527
2,10,6,30,19565
2,10,6,31,19580
0,9,7,0,21537
0,9,7,1,21689
0,9,7,2,21511
0,9,7,3,21623
0,9,7,4,21720
0,9,7,5,21592
0,9,7,6,21280
0,9,7,7,21411
0,9,7,8,21627
0,9,7,9,21787
0,9,7,10,21330
0,9,7,11,21613
0,9,7,12,21578
0,9,7,13,21551
0,9,7,14,21615
0,9,7,15,21396
0,9,7,16,21229
0,9,7,17,32123
0,9,7,18,21355
0,9,7,19,21337
0,9,7,20,21152
0,9,7,21,21632
0,9,7,22,21254
0,9,7,23,21547
0,9,7,24,21367
0,9,7,25,21591
0,9,7,26,21477
0,9,7,27,21486
0,9,7,28,21716
0,9,7,29,21452
0,9,7,30,21321
0,9,7,31,21411
0,8,7,0,21385
0,8,7,1,21092
0,8,7,2,21220
0,8,7,3,21422
0,8,7,4,21379
0,8,7,5,21304
0,8,7,6,21030
0,8,7,7,21155
0,8,7,8,21381
0,8,7,9,21329
0,8,7,10,21373
0,8,7,11,21447
0,8,7,12,21390
0,8,7,13,21428
0,8,7,14,21477
0,8,7,15,21343
0,8,7,16,21194
0,8,7,17,21157
0,8,7,18,21072
0,8,7,19,21363
0,8,7,20,21335
0,8,7,21,21414
0,8,7,22,21231
0,8,7,23,21391
0,8,7,24,21247
0,8,7,25,21165
0,8,7,26,21456
0,8,7,27,21405
0,8,7,28,21405
0,8,7,29,21386
0,8,7,30,21411
0,8,7,31,21456
0,7,7,0,10548
0,7,7,1,10639
0,7,7,2,10652
0,7,7,3,10622
0,7,7,4,10635
0,7,7,5,10710
0,7,7,6,10557
0,7,7,7,10690
0,7,7,8,10611
0,7,7,9,10745
0,7,7,10,10747
0,7,7,11,10638
0,7,7,12,10639
0,7,7,13,10677
0,7,7,14,10652
0,7,7,15,10595
0,7,7,16,10481
0,7,7,17,10661
0,7,7,18,10679
0,7,7,19,10754
0,7,7,20,10629
0,7,7,21,10627
0,7,7,22,10640
0,7,7,23,10577
0,7,7,24,10563
0,7,7,25,10552
0,7,7,26,10633
0,7,7,27,10644
0,7,7,28,10593
0,7,7,29,10707
0,7,7,30,10486
0,7,7,31,10602
0,6,7,0,9587
0,6,7,1,9673
0,6,7,2,9690
0,6,7,3,9500
0,6,7,4,9718
0,6,7,5,9593
0,6,7,6,9713
0,6,7,7,9586
0,6,7,8,9540
0,6,7,9,9869
0,6,7,10,9665
0,6,7,11,9692
0,6,7,12,9711
0,6,7,13,9776
0,6,7,14,9609
0,6,7,15,9693
0,6,7,16,9719
0,6,7,17,9679
0,6,7,18,9631
0,6,7,19,9741
0,6,7,20,9606
0,6,7,21,9605
0,6,7,22,9726
0,6,7,23,9715
0,6,7,24,9639
0,6,7,25,9584
0,6,7,26,9672
0,6,7,27,9581
0,6,7,28,9859
0,6,7,29,9625
0,6,7,30,9729
0,6,7,31,9618
0,5,7,0,8932
0,5,7,1,8811
0,5,7,2,8918
0,5,7,3,9003
0,5,7,4,8911
0,5,7,5,8902
0,5,7,6,8879
0,5,7,7,8885
0,5,7,8,8953
0,5,7,9,8862
0,5,7,10,8956
0,5,7,11,8964
0,5,7,12,8927
0,5,7,13,8907
0,5,7,14,8959
0,5,7,15,8844
0,5,7,16,8981
0,5,7,17,8947
0,5,7,18,8929
0,5,7,19,8846
0,5,7,20,8931
0,5,7,21,8950
0,5,7,22,8952
0,5,7,23,8909
0,5,7,24,8911
0,5,7,25,8918
0,5,7,26,8780
0,5,7,27,8989
0,5,7,28,8904
0,5,7,29,8949
0,5,7,30,8870
0,5,7,31,8952
0,4,7,0,7933
0,4,7,1,7859
0,4,7,2,7870
0,4,7,3,7728
0,4,7,4,7889
0,4,7,5,7900
0,4,7,6,7818
0,4,7,7,7938
0,4,7,8,7914
0,4,7,9,7861
0,4,7,10,7916
0,4,7,11,7852
0,4,7,12,7905
0,4,7,13,7889
0,4,7,14,7930
0,4,7,15,7820
0,4,7,16,7860
0,4,7,17,7918
0,4,7,18,7813
0,4,7,19,7852
0,4,7,20,7933
0,4,7,21,7859
0,4,7,22,7800
0,4,7,23,7768
0,4,7,24,8023
0,4,7,25,7861
0,4,7,26,7881
0,4,7,27,7852
0,4,7,28,7800
0,4,7,29,7921
0,4,7,30,7749
0,4,7,31,7877
0,3,7,0,7120
0,3,7,1,7263
0,3,7,2,7102
0,3,7,3,7145
0,3,7,4,7153
0,3,7,5,7153
0,3,7,6,6997
0,3,7,7,7159
0,3,7,8,7010
0,3,7,9,7146
0,3,7,10,7202
0,3,7,11,7132
0,3,7,12,7131
0,3,7,13,7098
0,3,7,14,7060
0,3,7,15,7073
0,3,7,16,7136
0,3,7,17,7108
0,3,7,18,7181
0,3,7,19,7147
0,3,7,20,7051
0,3,7,21,7165
0,3,7,22,6985
0,3,7,23,7231
0,3,7,24,7159
0,3,7,25,7160
0,3,7,26,7155
0,3,7,27,7166
0,3,7,28,7035
0,3,7,29,7178
0,3,7,30,7158
0,3,7,31,7079
0,2,7,0,4558
0,2,7,1,4546
0,2,7,2,4566
0,2,7,3,4599
0,2,7,4,4570
0,2,7,5,4578
0,2,7,6,4616
0,2,7,7,4598
0,2,7,8,4598
0,2,7,9,4599
0,2,7,10,4612
0,2,7,11,4627
0,2,7,12,4637
0,2,7,13,4656
0,2,7,14,4606
0,2,7,15,4603
0,2,7,16,4566
0,2,7,17,4578
0,2,7,18,4573
0,2,7,19,4732
0,2,7,20,4576
0,2,7,21,4626
0,2,7,22,4624
0,2,7,23,4589
0,2,7,24,4583
0,2,7,25,4563
0,2,7,26,4569
0,2,7,27,4561
0,2,7,28,4579
0,2,7,29,4590
0,2,7,30,4581
0,2,7,31,4593
0,1,7,0,3530
0,1,7,1,3553
0,1,7,2,3540
0,1,7,3,3542
0,1,7,4,3550
0,1,7,5,3564
0,1,7,6,3525
0,1,7,7,3547
0,1,7,8,3592
0,1,7,9,3590
0,1,7,10,3558
0,1,7,11,3541
0,1,7,12,3575
0,1,7,13,3555
0,1,7,14,3553
0,1,7,15,3538
0,1,7,16,3530
0,1,7,17,3528
0,1,7,18,3546
0,1,7,19,3552
0,1,7,20,3565
0,1,7,21,3572
0,1,7,22,3547
0,1,7,23,3570
0,1,7,24,3559
0,1,7,25,3545
0,1,7,26,3564
0,1,7,27,3545
0,1,7,28,3533
0,1,7,29,3547
0,1,7,30,3540
0,1,7,31,3548
0,0,7,0,2807
0,0,7,1,2777
0,0,7,2,2773
0,0,7,3,2809
0,0,7,4,2779
0,0,7,5,2776
0,0,7,6,2778
0,0,7,7,2805
0,0,7,8,2792
0,0,7,9,2772
0,0,7,10,2774
0,0,7,11,2797
0,0,7,12,2801
0,0,7,13,2758
0,0,7,14,2836
0,0,7,15,2784
0,0,7,16,2754
0,0,7,17,2791
0,0,7,18,2809
0,0,7,19,2819
0,0,7,20,2836
0,0,7,21,2822
0,0,7,22,2785
0,0,7,23,2780
0,0,7,24,2790
0,0,7,25,2789
0,0,7,26,2807
0,0,7,27,2778
0,0,7,28,2797
0,0,7,29,2766
0,0,7,30,2760
0,0,7,31,2792
1,9,7,0,28408
1,9,7,1,28084
1,9,7,2,28095
1,9,7,3,28548
1,9,7,4,38870
1,9,7,5,28395
1,9,7,6,28336
1,9,7,7,28416
1,9,7,8,28386
1,9,7,9,27962
1,9,7,10,28462
1,9,7,11,28336
1,9,7,12,28370
1,9,7,13,28426
1,9,7,14,27858
1,9,7,15,28309
1,9,7,16,28464
1,9,7,17,28394
1,9,7,18,28144
1,9,7,19,28398
1,9,7,20,27879
1,9,7,21,28368
1,9,7,22,28302
1,9,7,23,27938
1,9,7,24,28431
1,9,7,25,28412
1,9,7,26,28409
1,9,7,27,28385
1,9,7,28,28321
1,9,7,29,28267
1,9,7,30,28127
1,9,7,31,28034
1,8,7,0,28041
1,8,7,1,28382
1,8,7,2,28251
1,8,7,3,28327
1,8,7,4,28409
1,8,7,5,28283
1,8,7,6,28333
1,8,7,7,28282
1,8,7,8,28261
1,8,7,9,28493
1,8,7,10,28354
1,8,7,11,28240
1,8,7,12,28352
1,8,7,13,28355
1,8,7,14,28000
1,8,7,15,28376
1,8,7,16,28182
1,8,7,17,28295
1,8,7,18,28272
1,8,7,19,28236
1,8,7,20,28269
1,8,7,21,28248
1,8,7,22,28263
1,8,7,23,27934
1,8,7,24,27960
1,8,7,25,27830
1,8,7,26,27879
1,8,7,27,28044
1,8,7,28,27975
1,8,7,29,28411
1,8,7,30,28251
1,8,7,31,28379
1,7,7,0,27647
1,7,7,1,28081
1,7,7,2,28113
1,7,7,3,27781
1,7,7,4,28119
1,7,7,5,28101
1,7,7,6,28120
1,7,7,7,27623
1,7,7,8,27625
1,7,7,9,28051
1,7,7,10,28047
1,7,7,11,28116
1,7,7,12,28084
1,7,7,13,28097
1,7,7,14,27943
1,7,7,15,28082
1,7,7,16,28103
1,7,7,17,28047
1,7,7,18,27885
1,7,7,19,28181
1,7,7,20,27768
1,7,7,21,28109
1,7,7,22,27526
1,7,7,23,27706
1,7,7,24,28116
1,7,7,25,27706
1,7,7,26,28130
1,7,7,27,28147
1,7,7,28,27593
1,7,7,29,28184
1,7,7,30,28033
1,7,7,31,27613
1,6,7,0,27375
1,6,7,1,27435
1,6,7,2,27476
1,6,7,3,27518
1,6,7,4,27174
1,6,7,5,27615
1,6,7,6,27435
1,6,7,7,27360
1,6,7,8,27554
1,6,7,9,27644
1,6,7,10,27500
1,6,7,11,27583
1,6,7,12,27453
1,6,7,13,27438
1,6,7,14,27502
1,6,7,15,27535
1,6,7,16,27546
1,6,7,17,27567
1,6,7,18,27612
1,6,7,19,27400
1,6,7,20,27476
1,6,7,21,27513
1,6,7,22,27496
1,6,7,23,27115
1,6,7,24,27626
1,6,7,25,27455
1,6,7,26,27958
1,6,7,27,27011
1,6,7,28,27543
1,6,7,29,27489
1,6,7,30,27468
1,6,7,31,27488
1,5,7,0,26715
1,5,7,1,26465
1,5,7,2,26755
1,5,7,3,26844
1,5,7,4,26747
1,5,7,5,26800
1,5,7,6,26641
1,5,7,7,26752
1,5,7,8,26750
1,5,7,9,26770
1,5,7,10,26245
1,5,7,11,26456
1,5,7,12,26743
1,5,7,13,26359
1,5,7,14,26719
1,5,7,15,26710
1,5,7,16,26795
1,5,7,17,26785
1,5,7,18,26702
1,5,7,19,26669
1,5,7,20,26769
1,5,7,21,26749
1,5,7,22,26821
1,5,7,23,26664
1,5,7,24,26741
1,5,7,25,26832
1,5,7,26,26838
1,5,7,27,26613
1,5,7,28,26875
1,5,7,29,26749
1,5,7,30,26756
1,5,7,31,26754
1,4,7,0,26110
1,4,7,1,26599
1,4,7,2,26652
1,4,7,3,26645
1,4,7,4,26614
1,4,7,5,26789
1,4,7,6,26632
1,4,7,7,26755
1,4,7,8,26675
1,4,7,9,26647
1,4,7,10,26662
1,4,7,11,26649
1,4,7,12,26626
1,4,7,13,26662
1,4,7,14,26674
1,4,7,15,26631
1,4,7,16,26719
1,4,7,17,26569
1,4,7,18,26600
1,4,7,19,26335
1,4,7,20,26584
1,4,7,21,26546
1,4,7,22,26726
1,4,7,23,26891
1,4,7,24,26374
1,4,7,25,26318
1,4,7,26,26345
1,4,7,27,26498
1,4,7,28,26301
1,4,7,29,26617
1,4,7,30,26662
1,4,7,31,26660
1,3,7,0,14384
1,3,7,1,14741
1,3,7,2,14651
1,3,7,3,14687
1,3,7,4,14743
1,3,7,5,14688
1,3,7,6,14573
1,3,7,7,14674
1,3,7,8,14672
1,3,7,9,14749
1,3,7,10,14719
1,3,7,11,14689
1,3,7,12,14712
1,3,7,13,14549
1,3,7,14,14658
1,3,7,15,14653
1,3,7,16,14651
1,3,7,17,14684
1,3,7,18,14620
1,3,7,19,14673
1,3,7,20,14427
1,3,7,21,14743
1,3,7,22,14404
1,3,7,23,14529
1,3,7,24,14530
1,3,7,25,14607
1,3,7,26,14390
1,3,7,27,14565
1,3,7,28,14693
1,3,7,29,14476
1,3,7,30,14424
1,3,7,31,14423
1,2,7,0,14310
1,2,7,1,14515
1,2,7,2,14215
1,2,7,3,14444
1,2,7,4,14540
1,2,7,5,14461
1,2,7,6,14493
1,2,7,7,14409
1,2,7,8,14175
1,2,7,9,14246
1,2,7,10,14270
1,2,7,11,14410
1,2,7,12,14519
1,2,7,13,14484
1,2,7,14,14492
1,2,7,15,14491
1,2,7,16,14260
1,2,7,17,14491
1,2,7,18,14196
1,2,7,19,14541
1,2,7,20,14476
1,2,7,21,14397
1,2,7,22,14151
1,2,7,23,14483
1,2,7,24,14423
1,2,7,25,14458
1,2,7,26,14504
1,2,7,27,14412
1,2,7,28,14402
1,2,7,29,14395
1,2,7,30,14447
1,2,7,31,14384
1,1,7,0,13739
1,1,7,1,13430
1,1,7,2,13683
1,1,7,3,13758
1,1,7,4,13724
1,1,7,5,13746
1,1,7,6,13676
1,1,7,7,13773
1,1,7,8,13636
1,1,7,9,13678
1,1,7,10,13683
1,1,7,11,13734
1,1,7,12,13659
1,1,7,13,13687
1,1,7,14,13688
1,1,7,15,13719
1,1,7,16,13690
1,1,7,17,13467
1,1,7,18,13606
1,1,7,19,13455
1,1,7,20,13457
1,1,7,21,13733
1,1,7,22,13478
1,1,7,23,13654
1,1,7,24,13432
1,1,7,25,13497
1,1,7,26,13793
1,1,7,27,14019
1,1,7,28,13734
1,1,7,29,13415
1,1,7,30,13458
1,1,7,31,13716
1,0,7,0,368
1,0,7,1,358
1,0,7,2,355
1,0,7,3,367
1,0,7,4,362
1,0,7,5,375
1,0,7,6,365
1,0,7,7,370
1,0,7,8,373
1,0,7,9,374
1,0,7,10,362
1,0,7,11,362
1,0,7,12,368
1,0,7,13,376
1,0,7,14,361
1,0,7,15,361
1,0,7,16,373
1,0,7,17,369
1,0,7,18,369
1,0,7,19,367
1,0,7,20,370
1,0,7,21,360
1,0,7,22,351
1,0,7,23,365
1,0,7,24,366
1,0,7,25,359
1,0,7,26,364
1,0,7,27,352
1,0,7,28,373
1,0,7,29,356
1,0,7,30,355
1,0,7,31,351
2,10,7,0,19667
2,10,7,1,19673
2,10,7,2,19491
2,10,7,3,19584
2,10,7,4,19801
2,10,7,5,19877
2,10,7,6,19797
2,10,7,7,19676
2,10,7,8,19637
2,10,7,9,19537
2,10,7,10,19532
2,10,7,11,19492
2,10,7,12,19627
2,10,7,13,19565
2,10,7,14,19528
2,10,7,15,19525
2,10,7,16,19589
2,10,7,17,19400
2,10,7,18,19836
2,10,7,19,19627
2,10,7,20,19525
2,10,7,21,19547
2,10,7,22,19520
2,10,7,23,19796
2,10,7,24,19836
2,10,7,25,19513
2,10,7,26,19492
2,10,7,27,19758
2,10,7,28,19840
2,10,7,29,19564
2,10,7,30,19845
2,10,7,31,19889
2,9,7,0,18946
2,9,7,1,18858
2,9,7,2,18809
2,9,7,3,18940
2,9,7,4,18777
2,9,7,5,18743
2,9,7,6,18732
2,9,7,7,19050
2,9,7,8,18913
2,9,7,9,18952
2,9,7,10,19165
2,9,7,11,18944
2,9,7,12,18886
2,9,7,13,18704
2,9,7,14,18757
2,9,7,15,18842
2,9,7,16,19004
2,9,7,17,18814
2,9,7,18,18868
2,9,7,19,18752
2,9,7,20,18813
2,9,7,21,18847
2,9,7,22,18763
2,9,7,23,18944
2,9,7,24,18819
2,9,7,25,18866
2,9,7,26,19150
2,9,7,27,18761
2,9,7,28,19186
2,9,7,29,18943
2,9,7,30,18927
2,9,7,31,19069
2,8,7,0,18309
2,8,7,1,17954
2,8,7,2,17986
2,8,7,3,18232
2,8,7,4,18270
2,8,7,5,18140
2,8,7,6,18122
2,8,7,7,18189
2,8,7,8,18263
2,8,7,9,17937
2,8,7,10,18312
2,8,7,11,18282
2,8,7,12,18082
2,8,7,13,18084
2,8,7,14,18135
2,8,7,15,18024
2,8,7,16,17975
2,8,7,17,17902
2,8,7,18,17888
2,8,7,19,17899
2,8,7,20,17995
2,8,7,21,18014
2,8,7,22,18002
2,8,7,23,17941
2,8,7,24,29297
2,8,7,25,18241
2,8,7,26,18192
2,8,7,27,18307
2,8,7,28,18001
2,8,7,29,18055
2,8,7,30,18277
2,8,7,31,18273
2,7,7,0,15594
2,7,7,1,15559
2,7,7,2,15628
2,7,7,3,15776
2,7,7,4,15845
2,7,7,5,15829
2,7,7,6,15742
2,7,7,7,15837
2,7,7,8,15722
2,7,7,9,15756
2,7,7,10,15670
2,7,7,11,15782
2,7,7,12,15559
2,7,7,13,15788
2,7,7,14,15786
2,7,7,15,15625
2,7,7,16,15595
2,7,7,17,15827
2,7,7,18,15794
2,7,7,19,15775
2,7,7,20,15707
2,7,7,21,15740
2,7,7,22,15760
2,7,7,23,15727
2,7,7,24,15800
2,7,7,25,15776
2,7,7,26,15720
2,7,7,27,15804
2,7,7,28,15634
2,7,7,29,15761
2,7,7,30,15548
2,7,7,31,15853
2,6,7,0,15421
2,6,7,1,15561
2,6,7,2,15365
2,6,7,3,15628
2,6,7,4,15329
2,6,7,5,15476
2,6,7,6,15466
2,6,7,7,15488
2,6,7,8,15383
2,6,7,9,15499
2,6,7,10,15586
2,6,7,11,15639
2,6,7,12,15501
2,6,7,13,15458
2,6,7,14,15416
2,6,7,15,15565
2,6,7,16,15454
2,6,7,17,15699
2,6,7,18,15642
2,6,7,19,15566
2,6,7,20,15631
2,6,7,21,15648
2,6,7,22,15623
2,6,7,23,15610
2,6,7,24,15620
2,6,7,25,15674
2,6,7,26,15616
2,6,7,27,15400
2,6,7,28,15668
2,6,7,29,15614
2,6,7,30,15676
2,6,7,31,15689
2,5,7,0,3637
2,5,7,1,3657
2,5,7,2,3669
2,5,7,3,3626
2,5,7,4,3667
2,5,7,5,3618
2,5,7,6,3659
2,5,7,7,3644
2,5,7,8,3634
2,5,7,9,3609
2,5,7,10,3669
2,5,7,11,3646
2,5,7,12,3625
2,5,7,13,3639
2,5,7,14,3628
2,5,7,15,3652
2,5,7,16,3674
2,5,7,17,3608
2,5,7,18,3656
2,5,7,19,3624
2,5,7,20,3670
2,5,7,21,3621
2,5,7,22,3626
2,5,7,23,3673
2,5,7,24,3624
2,5,7,25,3671
2,5,7,26,3609
2,5,7,27,3645
2,5,7,28,3652
2,5,7,29,3680
2,5,7,30,3616
2,5,7,31,3611
2,4,7,0,3402
2,4,7,1,3400
2,4,7,2,3443
2,4,7,3,3387
2,4,7,4,3404
2,4,7,5,3428
2,4,7,6,3409
2,4,7,7,3456
2,4,7,8,3439
2,4,7,9,3401
2,4,7,10,3395
2,4,7,11,3399
2,4,7,12,3407
2,4,7,13,3408
2,4,7,14,3420
2,4,7,15,3411
2,4,7,16,3415
2,4,7,17,3432
2,4,7,18,3417
2,4,7,19,3431
2,4,7,20,3393
2,4,7,21,3383
2,4,7,22,3445
2,4,7,23,3421
2,4,7,24,3403
2,4,7,25,3449
2,4,7,26,3381
2,4,7,27,3426
2,4,7,28,3410
2,4,7,29,3423
2,4,7,30,3418
2,4,7,31,3423
2,3,7,0,2922
2,3,7,1,2874
2,3,7,2,2905
2,3,7,3,2858
2,3,7,4,2909
2,3,7,5,2904
2,3,7,6,2893
2,3,7,7,2904
2,3,7,8,2875
2,3,7,9,2908
2,3,7,10,2900
2,3,7,11,2891
2,3,7,12,2877
2,3,7,13,2877
2,3,7,14,2886
2,3,7,15,2867
2,3,7,16,2879
2,3,7,17,2879
2,3,7,18,2873
2,3,7,19,2875
2,3,7,20,2904
2,3,7,21,2881
2,3,7,22,2910
2,3,7,23,2885
2,3,7,24,2901
2,3,7,25,2865
2,3,7,26,2908
2,3,7,27,2874
2,3,7,28,2926
2,3,7,29,2915
2,3,7,30,2882
2,3,7,31,2907
2,2,7,0,13221
2,2,7,1,2019
2,2,7,2,2027
2,2,7,3,2051
2,2,7,4,2038
2,2,7,5,2029
2,2,7,6,2040
2,2,7,7,2058
2,2,7,8,2043
2,2,7,9,2078
2,2,7,10,2064
2,2,7,11,2038
2,2,7,12,2037
2,2,7,13,2043
2,2,7,14,2040
2,2,7,15,2061
2,2,7,16,2059
2,2,7,17,2060
2,2,7,18,2015
2,2,7,19,2043
2,2,7,20,2060
2,2,7,21,2034
2,2,7,22,2065
2,2,7,23,2033
2,2,7,24,2041
2,2,7,25,2058
2,2,7,26,2036
2,2,7,27,2054
2,2,7,28,2036
2,2,7,29,2042
2,2,7,30,2045
2,2,7,31,2061
2,1,7,0,1086
2,1,7,1,1097
2,1,7,2,1086
2,1,7,3,1103
2,1,7,4,1103
2,1,7,5,1104
2,1,7,6,1117
2,1,7,7,1099
2,1,7,8,1098
2,1,7,9,1109
2,1,7,10,1110
2,1,7,11,1090
2,1,7,12,1083
2,1,7,13,1103
2,1,7,14,1096
2,1,7,15,1099
2,1,7,16,1093
2,1,7,17,1095
2,1,7,18,1106
2,1,7,19,1083
2,1,7,20,1085
2,1,7,21,1112
2,1,7,22,1101
2,1,7,23,1109
2,1,7,24,1070
2,1,7,25,1101
2,1,7,26,1077
2,1,7,27,1115
2,1,7,28,1080
2,1,7,29,1103
2,1,7,30,1107
2,1,7,31,1107
2,0,7,0,667
2,0,7,1,652
2,0,7,2,670
2,0,7,3,652
2,0,7,4,664
2,0,7,5,677
2,0,7,6,660
2,0,7,7,655
2,0,7,8,680
2,0,7,9,664
2,0,7,10,679
2,0,7,11,669
2,0,7,12,659
2,0,7,13,669
2,0,7,14,669
2,0,7,15,676
2,0,7,16,674
2,0,7,17,667
2,0,7,18,661
2,0,7,19,683
2,0,7,20,678
2,0,7,21,663
2,0,7,22,670
2,0,7,23,670
2,0,7,24,660
2,0,7,25,657
2,0,7,26,676
2,0,7,27,676
2,0,7,28,676
2,0,7,29,655
2,0,7,30,664
2,0,7,31,670
