INFO:gt864-forward-one-bank-schedule.gt864_forward_one_bank_slothy_start:SLOTHY version: 0.2.2
INFO:gt864-forward-one-bank-schedule:Instructions in body: 633
INFO:gt864-forward-one-bank-schedule.gt864_forward_one_bank_slothy_start.split.0_20:Perform internal binary search for minimal number of stalls...
INFO:gt864-forward-one-bank-schedule.gt864_forward_one_bank_slothy_start.split.0_20:Attempt optimization with max 256 stalls...
INFO:gt864-forward-one-bank-schedule.gt864_forward_one_bank_slothy_start.split.0_20:Setting timeout of 14400 seconds...
INFO:gt864-forward-one-bank-schedule.gt864_forward_one_bank_slothy_start.split.0_20:Objective: minimize cycles
INFO:gt864-forward-one-bank-schedule.gt864_forward_one_bank_slothy_start.split.0_20:Invoking external constraint solver (OR-Tools CP-SAT v9.15.6755) ...
INFO:gt864-forward-one-bank-schedule.gt864_forward_one_bank_slothy_start.split.0_20:[0.0257s]: Found 1 solutions so far... objective (minimize cycles): currently  (Cycles ~ 115.0, IPC ~ 0.17), bound  (Cycles ~ 108.0, IPC ~ 0.19)
INFO:gt864-forward-one-bank-schedule.gt864_forward_one_bank_slothy_start.split.0_20:[0.0264s]: Found 2 solutions so far... objective (minimize cycles): currently  (Cycles ~ 108.0, IPC ~ 0.19), bound  (Cycles ~ 108.0, IPC ~ 0.19)
INFO:gt864-forward-one-bank-schedule.gt864_forward_one_bank_slothy_start.split.0_20:Closer than 0 stalls to theoretical optimum... stop
INFO:gt864-forward-one-bank-schedule.gt864_forward_one_bank_slothy_start.split.0_20:OPTIMAL, wall time: 0.032648 s
INFO:gt864-forward-one-bank-schedule.gt864_forward_one_bank_slothy_start.split.0_20:Booleans in result: 41
INFO:gt864-forward-one-bank-schedule.gt864_forward_one_bank_slothy_start.split.0_20.selfcheck:OK!
INFO:gt864-forward-one-bank-schedule.gt864_forward_one_bank_slothy_start.split.0_20:Minimum number of stalls: 103
INFO:gt864-forward-one-bank-schedule.gt864_forward_one_bank_slothy_start.split.20_40:Perform internal binary search for minimal number of stalls...
INFO:gt864-forward-one-bank-schedule.gt864_forward_one_bank_slothy_start.split.20_40:Attempt optimization with max 256 stalls...
INFO:gt864-forward-one-bank-schedule.gt864_forward_one_bank_slothy_start.split.20_40:Setting timeout of 14400 seconds...
INFO:gt864-forward-one-bank-schedule.gt864_forward_one_bank_slothy_start.split.20_40:Objective: minimize cycles
INFO:gt864-forward-one-bank-schedule.gt864_forward_one_bank_slothy_start.split.20_40:Invoking external constraint solver (OR-Tools CP-SAT v9.15.6755) ...
INFO:gt864-forward-one-bank-schedule.gt864_forward_one_bank_slothy_start.split.20_40:[0.0182s]: Found 1 solutions so far... objective (minimize cycles): currently  (Cycles ~ 39.0, IPC ~ 0.51), bound  (Cycles ~ 34.0, IPC ~ 0.59)
INFO:gt864-forward-one-bank-schedule.gt864_forward_one_bank_slothy_start.split.20_40:OPTIMAL, wall time: 0.030226 s
INFO:gt864-forward-one-bank-schedule.gt864_forward_one_bank_slothy_start.split.20_40:Booleans in result: 45
INFO:gt864-forward-one-bank-schedule.gt864_forward_one_bank_slothy_start.split.20_40.selfcheck:OK!
INFO:gt864-forward-one-bank-schedule.gt864_forward_one_bank_slothy_start.split.20_40:Minimum number of stalls: 34
INFO:gt864-forward-one-bank-schedule.gt864_forward_one_bank_slothy_start.split.40_59:Perform internal binary search for minimal number of stalls...
INFO:gt864-forward-one-bank-schedule.gt864_forward_one_bank_slothy_start.split.40_59:Attempt optimization with max 256 stalls...
INFO:gt864-forward-one-bank-schedule.gt864_forward_one_bank_slothy_start.split.40_59:Setting timeout of 14400 seconds...
INFO:gt864-forward-one-bank-schedule.gt864_forward_one_bank_slothy_start.split.40_59:Objective: minimize cycles
INFO:gt864-forward-one-bank-schedule.gt864_forward_one_bank_slothy_start.split.40_59:Invoking external constraint solver (OR-Tools CP-SAT v9.15.6755) ...
INFO:gt864-forward-one-bank-schedule.gt864_forward_one_bank_slothy_start.split.40_59:[0.0165s]: Found 1 solutions so far... objective (minimize cycles): currently  (Cycles ~ 41.0, IPC ~ 0.46), bound  (Cycles ~ 35.0, IPC ~ 0.54)
INFO:gt864-forward-one-bank-schedule.gt864_forward_one_bank_slothy_start.split.40_59:[0.0180s]: Found 2 solutions so far... objective (minimize cycles): currently  (Cycles ~ 40.0, IPC ~ 0.47), bound  (Cycles ~ 35.0, IPC ~ 0.54)
INFO:gt864-forward-one-bank-schedule.gt864_forward_one_bank_slothy_start.split.40_59:[0.0188s]: Found 3 solutions so far... objective (minimize cycles): currently  (Cycles ~ 39.0, IPC ~ 0.49), bound  (Cycles ~ 35.0, IPC ~ 0.54)
INFO:gt864-forward-one-bank-schedule.gt864_forward_one_bank_slothy_start.split.40_59:OPTIMAL, wall time: 0.032706 s
INFO:gt864-forward-one-bank-schedule.gt864_forward_one_bank_slothy_start.split.40_59:Booleans in result: 50
INFO:gt864-forward-one-bank-schedule.gt864_forward_one_bank_slothy_start.split.40_59.selfcheck:OK!
INFO:gt864-forward-one-bank-schedule.gt864_forward_one_bank_slothy_start.split.40_59:Minimum number of stalls: 34
INFO:gt864-forward-one-bank-schedule.gt864_forward_one_bank_slothy_start.split.59_79:Perform internal binary search for minimal number of stalls...
INFO:gt864-forward-one-bank-schedule.gt864_forward_one_bank_slothy_start.split.59_79:Attempt optimization with max 256 stalls...
INFO:gt864-forward-one-bank-schedule.gt864_forward_one_bank_slothy_start.split.59_79:Setting timeout of 14400 seconds...
INFO:gt864-forward-one-bank-schedule.gt864_forward_one_bank_slothy_start.split.59_79:Objective: minimize cycles
INFO:gt864-forward-one-bank-schedule.gt864_forward_one_bank_slothy_start.split.59_79:Invoking external constraint solver (OR-Tools CP-SAT v9.15.6755) ...
INFO:gt864-forward-one-bank-schedule.gt864_forward_one_bank_slothy_start.split.59_79:[0.0184s]: Found 1 solutions so far... objective (minimize cycles): currently  (Cycles ~ 45.0, IPC ~ 0.44), bound  (Cycles ~ 44.0, IPC ~ 0.45)
INFO:gt864-forward-one-bank-schedule.gt864_forward_one_bank_slothy_start.split.59_79:[0.0188s]: Found 2 solutions so far... objective (minimize cycles): currently  (Cycles ~ 44.0, IPC ~ 0.45), bound  (Cycles ~ 44.0, IPC ~ 0.45)
INFO:gt864-forward-one-bank-schedule.gt864_forward_one_bank_slothy_start.split.59_79:Closer than 0 stalls to theoretical optimum... stop
INFO:gt864-forward-one-bank-schedule.gt864_forward_one_bank_slothy_start.split.59_79:OPTIMAL, wall time: 0.025144 s
INFO:gt864-forward-one-bank-schedule.gt864_forward_one_bank_slothy_start.split.59_79:Booleans in result: 45
INFO:gt864-forward-one-bank-schedule.gt864_forward_one_bank_slothy_start.split.59_79.selfcheck:OK!
INFO:gt864-forward-one-bank-schedule.gt864_forward_one_bank_slothy_start.split.59_79:Minimum number of stalls: 39
INFO:gt864-forward-one-bank-schedule.gt864_forward_one_bank_slothy_start.split.79_99:Perform internal binary search for minimal number of stalls...
INFO:gt864-forward-one-bank-schedule.gt864_forward_one_bank_slothy_start.split.79_99:Attempt optimization with max 256 stalls...
INFO:gt864-forward-one-bank-schedule.gt864_forward_one_bank_slothy_start.split.79_99:Setting timeout of 14400 seconds...
INFO:gt864-forward-one-bank-schedule.gt864_forward_one_bank_slothy_start.split.79_99:Objective: minimize cycles
INFO:gt864-forward-one-bank-schedule.gt864_forward_one_bank_slothy_start.split.79_99:Invoking external constraint solver (OR-Tools CP-SAT v9.15.6755) ...
INFO:gt864-forward-one-bank-schedule.gt864_forward_one_bank_slothy_start.split.79_99:[0.0191s]: Found 1 solutions so far... objective (minimize cycles): currently  (Cycles ~ 44.0, IPC ~ 0.45), bound  (Cycles ~ 42.0, IPC ~ 0.48)
INFO:gt864-forward-one-bank-schedule.gt864_forward_one_bank_slothy_start.split.79_99:OPTIMAL, wall time: 0.024649 s
INFO:gt864-forward-one-bank-schedule.gt864_forward_one_bank_slothy_start.split.79_99:Booleans in result: 41
INFO:gt864-forward-one-bank-schedule.gt864_forward_one_bank_slothy_start.split.79_99.selfcheck:OK!
INFO:gt864-forward-one-bank-schedule.gt864_forward_one_bank_slothy_start.split.79_99:Minimum number of stalls: 39
INFO:gt864-forward-one-bank-schedule.gt864_forward_one_bank_slothy_start.split.99_119:Perform internal binary search for minimal number of stalls...
INFO:gt864-forward-one-bank-schedule.gt864_forward_one_bank_slothy_start.split.99_119:Attempt optimization with max 256 stalls...
INFO:gt864-forward-one-bank-schedule.gt864_forward_one_bank_slothy_start.split.99_119:Setting timeout of 14400 seconds...
INFO:gt864-forward-one-bank-schedule.gt864_forward_one_bank_slothy_start.split.99_119:Objective: minimize cycles
INFO:gt864-forward-one-bank-schedule.gt864_forward_one_bank_slothy_start.split.99_119:Invoking external constraint solver (OR-Tools CP-SAT v9.15.6755) ...
INFO:gt864-forward-one-bank-schedule.gt864_forward_one_bank_slothy_start.split.99_119:[0.0194s]: Found 1 solutions so far... objective (minimize cycles): currently  (Cycles ~ 43.0, IPC ~ 0.47), bound  (Cycles ~ 39.0, IPC ~ 0.51)
INFO:gt864-forward-one-bank-schedule.gt864_forward_one_bank_slothy_start.split.99_119:[0.0199s]: Found 2 solutions so far... objective (minimize cycles): currently  (Cycles ~ 39.0, IPC ~ 0.51), bound  (Cycles ~ 39.0, IPC ~ 0.51)
INFO:gt864-forward-one-bank-schedule.gt864_forward_one_bank_slothy_start.split.99_119:Closer than 0 stalls to theoretical optimum... stop
INFO:gt864-forward-one-bank-schedule.gt864_forward_one_bank_slothy_start.split.99_119:OPTIMAL, wall time: 0.031508 s
INFO:gt864-forward-one-bank-schedule.gt864_forward_one_bank_slothy_start.split.99_119:Booleans in result: 38
INFO:gt864-forward-one-bank-schedule.gt864_forward_one_bank_slothy_start.split.99_119.selfcheck:OK!
INFO:gt864-forward-one-bank-schedule.gt864_forward_one_bank_slothy_start.split.99_119:Minimum number of stalls: 34
INFO:gt864-forward-one-bank-schedule.gt864_forward_one_bank_slothy_start.split.119_138:Perform internal binary search for minimal number of stalls...
INFO:gt864-forward-one-bank-schedule.gt864_forward_one_bank_slothy_start.split.119_138:Attempt optimization with max 256 stalls...
INFO:gt864-forward-one-bank-schedule.gt864_forward_one_bank_slothy_start.split.119_138:Setting timeout of 14400 seconds...
INFO:gt864-forward-one-bank-schedule.gt864_forward_one_bank_slothy_start.split.119_138:Objective: minimize cycles
INFO:gt864-forward-one-bank-schedule.gt864_forward_one_bank_slothy_start.split.119_138:Invoking external constraint solver (OR-Tools CP-SAT v9.15.6755) ...
INFO:gt864-forward-one-bank-schedule.gt864_forward_one_bank_slothy_start.split.119_138:[0.0174s]: Found 1 solutions so far... objective (minimize cycles): currently  (Cycles ~ 47.0, IPC ~ 0.40), bound  (Cycles ~ 42.0, IPC ~ 0.45)
INFO:gt864-forward-one-bank-schedule.gt864_forward_one_bank_slothy_start.split.119_138:[0.0180s]: Found 2 solutions so far... objective (minimize cycles): currently  (Cycles ~ 42.0, IPC ~ 0.45), bound  (Cycles ~ 42.0, IPC ~ 0.45)
INFO:gt864-forward-one-bank-schedule.gt864_forward_one_bank_slothy_start.split.119_138:Closer than 0 stalls to theoretical optimum... stop
INFO:gt864-forward-one-bank-schedule.gt864_forward_one_bank_slothy_start.split.119_138:OPTIMAL, wall time: 0.023123 s
INFO:gt864-forward-one-bank-schedule.gt864_forward_one_bank_slothy_start.split.119_138:Booleans in result: 39
INFO:gt864-forward-one-bank-schedule.gt864_forward_one_bank_slothy_start.split.119_138.selfcheck:OK!
INFO:gt864-forward-one-bank-schedule.gt864_forward_one_bank_slothy_start.split.119_138:Minimum number of stalls: 37
INFO:gt864-forward-one-bank-schedule.gt864_forward_one_bank_slothy_start.split.138_158:Perform internal binary search for minimal number of stalls...
INFO:gt864-forward-one-bank-schedule.gt864_forward_one_bank_slothy_start.split.138_158:Attempt optimization with max 256 stalls...
INFO:gt864-forward-one-bank-schedule.gt864_forward_one_bank_slothy_start.split.138_158:Setting timeout of 14400 seconds...
INFO:gt864-forward-one-bank-schedule.gt864_forward_one_bank_slothy_start.split.138_158:Objective: minimize cycles
INFO:gt864-forward-one-bank-schedule.gt864_forward_one_bank_slothy_start.split.138_158:Invoking external constraint solver (OR-Tools CP-SAT v9.15.6755) ...
INFO:gt864-forward-one-bank-schedule.gt864_forward_one_bank_slothy_start.split.138_158:[0.0188s]: Found 1 solutions so far... objective (minimize cycles): currently  (Cycles ~ 40.0, IPC ~ 0.50), bound  (Cycles ~ 40.0, IPC ~ 0.50)
INFO:gt864-forward-one-bank-schedule.gt864_forward_one_bank_slothy_start.split.138_158:Closer than 0 stalls to theoretical optimum... stop
INFO:gt864-forward-one-bank-schedule.gt864_forward_one_bank_slothy_start.split.138_158:OPTIMAL, wall time: 0.028019 s
INFO:gt864-forward-one-bank-schedule.gt864_forward_one_bank_slothy_start.split.138_158:Booleans in result: 44
INFO:gt864-forward-one-bank-schedule.gt864_forward_one_bank_slothy_start.split.138_158.selfcheck:OK!
INFO:gt864-forward-one-bank-schedule.gt864_forward_one_bank_slothy_start.split.138_158:Minimum number of stalls: 35
INFO:gt864-forward-one-bank-schedule.gt864_forward_one_bank_slothy_start.split.158_178:Perform internal binary search for minimal number of stalls...
INFO:gt864-forward-one-bank-schedule.gt864_forward_one_bank_slothy_start.split.158_178:Attempt optimization with max 256 stalls...
INFO:gt864-forward-one-bank-schedule.gt864_forward_one_bank_slothy_start.split.158_178:Setting timeout of 14400 seconds...
INFO:gt864-forward-one-bank-schedule.gt864_forward_one_bank_slothy_start.split.158_178:Objective: minimize cycles
INFO:gt864-forward-one-bank-schedule.gt864_forward_one_bank_slothy_start.split.158_178:Invoking external constraint solver (OR-Tools CP-SAT v9.15.6755) ...
INFO:gt864-forward-one-bank-schedule.gt864_forward_one_bank_slothy_start.split.158_178:[0.0183s]: Found 1 solutions so far... objective (minimize cycles): currently  (Cycles ~ 41.0, IPC ~ 0.49), bound  (Cycles ~ 39.0, IPC ~ 0.51)
INFO:gt864-forward-one-bank-schedule.gt864_forward_one_bank_slothy_start.split.158_178:OPTIMAL, wall time: 0.024934 s
INFO:gt864-forward-one-bank-schedule.gt864_forward_one_bank_slothy_start.split.158_178:Booleans in result: 42
INFO:gt864-forward-one-bank-schedule.gt864_forward_one_bank_slothy_start.split.158_178.selfcheck:OK!
INFO:gt864-forward-one-bank-schedule.gt864_forward_one_bank_slothy_start.split.158_178:Minimum number of stalls: 36
INFO:gt864-forward-one-bank-schedule.gt864_forward_one_bank_slothy_start.split.178_198:Perform internal binary search for minimal number of stalls...
INFO:gt864-forward-one-bank-schedule.gt864_forward_one_bank_slothy_start.split.178_198:Attempt optimization with max 256 stalls...
INFO:gt864-forward-one-bank-schedule.gt864_forward_one_bank_slothy_start.split.178_198:Setting timeout of 14400 seconds...
INFO:gt864-forward-one-bank-schedule.gt864_forward_one_bank_slothy_start.split.178_198:Objective: minimize cycles
INFO:gt864-forward-one-bank-schedule.gt864_forward_one_bank_slothy_start.split.178_198:Invoking external constraint solver (OR-Tools CP-SAT v9.15.6755) ...
INFO:gt864-forward-one-bank-schedule.gt864_forward_one_bank_slothy_start.split.178_198:[0.0179s]: Found 1 solutions so far... objective (minimize cycles): currently  (Cycles ~ 47.0, IPC ~ 0.43), bound  (Cycles ~ 40.0, IPC ~ 0.50)
INFO:gt864-forward-one-bank-schedule.gt864_forward_one_bank_slothy_start.split.178_198:[0.0185s]: Found 2 solutions so far... objective (minimize cycles): currently  (Cycles ~ 42.0, IPC ~ 0.48), bound  (Cycles ~ 40.0, IPC ~ 0.50)
INFO:gt864-forward-one-bank-schedule.gt864_forward_one_bank_slothy_start.split.178_198:OPTIMAL, wall time: 0.026764 s
INFO:gt864-forward-one-bank-schedule.gt864_forward_one_bank_slothy_start.split.178_198:Booleans in result: 42
INFO:gt864-forward-one-bank-schedule.gt864_forward_one_bank_slothy_start.split.178_198.selfcheck:OK!
INFO:gt864-forward-one-bank-schedule.gt864_forward_one_bank_slothy_start.split.178_198:Minimum number of stalls: 37
INFO:gt864-forward-one-bank-schedule.gt864_forward_one_bank_slothy_start.split.198_218:Perform internal binary search for minimal number of stalls...
INFO:gt864-forward-one-bank-schedule.gt864_forward_one_bank_slothy_start.split.198_218:Attempt optimization with max 256 stalls...
INFO:gt864-forward-one-bank-schedule.gt864_forward_one_bank_slothy_start.split.198_218:Setting timeout of 14400 seconds...
INFO:gt864-forward-one-bank-schedule.gt864_forward_one_bank_slothy_start.split.198_218:Objective: minimize cycles
INFO:gt864-forward-one-bank-schedule.gt864_forward_one_bank_slothy_start.split.198_218:Invoking external constraint solver (OR-Tools CP-SAT v9.15.6755) ...
INFO:gt864-forward-one-bank-schedule.gt864_forward_one_bank_slothy_start.split.198_218:[0.0179s]: Found 1 solutions so far... objective (minimize cycles): currently  (Cycles ~ 44.0, IPC ~ 0.45), bound  (Cycles ~ 44.0, IPC ~ 0.45)
INFO:gt864-forward-one-bank-schedule.gt864_forward_one_bank_slothy_start.split.198_218:Closer than 0 stalls to theoretical optimum... stop
INFO:gt864-forward-one-bank-schedule.gt864_forward_one_bank_slothy_start.split.198_218:OPTIMAL, wall time: 0.023535 s
INFO:gt864-forward-one-bank-schedule.gt864_forward_one_bank_slothy_start.split.198_218:Booleans in result: 42
INFO:gt864-forward-one-bank-schedule.gt864_forward_one_bank_slothy_start.split.198_218.selfcheck:OK!
INFO:gt864-forward-one-bank-schedule.gt864_forward_one_bank_slothy_start.split.198_218:Minimum number of stalls: 39
INFO:gt864-forward-one-bank-schedule.gt864_forward_one_bank_slothy_start.split.218_237:Perform internal binary search for minimal number of stalls...
INFO:gt864-forward-one-bank-schedule.gt864_forward_one_bank_slothy_start.split.218_237:Attempt optimization with max 256 stalls...
INFO:gt864-forward-one-bank-schedule.gt864_forward_one_bank_slothy_start.split.218_237:Setting timeout of 14400 seconds...
INFO:gt864-forward-one-bank-schedule.gt864_forward_one_bank_slothy_start.split.218_237:Objective: minimize cycles
INFO:gt864-forward-one-bank-schedule.gt864_forward_one_bank_slothy_start.split.218_237:Invoking external constraint solver (OR-Tools CP-SAT v9.15.6755) ...
INFO:gt864-forward-one-bank-schedule.gt864_forward_one_bank_slothy_start.split.218_237:[0.0174s]: Found 1 solutions so far... objective (minimize cycles): currently  (Cycles ~ 42.0, IPC ~ 0.45), bound  (Cycles ~ 41.0, IPC ~ 0.46)
INFO:gt864-forward-one-bank-schedule.gt864_forward_one_bank_slothy_start.split.218_237:[0.0178s]: Found 2 solutions so far... objective (minimize cycles): currently  (Cycles ~ 41.0, IPC ~ 0.46), bound  (Cycles ~ 41.0, IPC ~ 0.46)
INFO:gt864-forward-one-bank-schedule.gt864_forward_one_bank_slothy_start.split.218_237:Closer than 0 stalls to theoretical optimum... stop
INFO:gt864-forward-one-bank-schedule.gt864_forward_one_bank_slothy_start.split.218_237:OPTIMAL, wall time: 0.027634 s
INFO:gt864-forward-one-bank-schedule.gt864_forward_one_bank_slothy_start.split.218_237:Booleans in result: 44
INFO:gt864-forward-one-bank-schedule.gt864_forward_one_bank_slothy_start.split.218_237.selfcheck:OK!
INFO:gt864-forward-one-bank-schedule.gt864_forward_one_bank_slothy_start.split.218_237:Minimum number of stalls: 36
INFO:gt864-forward-one-bank-schedule.gt864_forward_one_bank_slothy_start.split.237_257:Perform internal binary search for minimal number of stalls...
INFO:gt864-forward-one-bank-schedule.gt864_forward_one_bank_slothy_start.split.237_257:Attempt optimization with max 256 stalls...
INFO:gt864-forward-one-bank-schedule.gt864_forward_one_bank_slothy_start.split.237_257:Setting timeout of 14400 seconds...
INFO:gt864-forward-one-bank-schedule.gt864_forward_one_bank_slothy_start.split.237_257:Objective: minimize cycles
INFO:gt864-forward-one-bank-schedule.gt864_forward_one_bank_slothy_start.split.237_257:Invoking external constraint solver (OR-Tools CP-SAT v9.15.6755) ...
INFO:gt864-forward-one-bank-schedule.gt864_forward_one_bank_slothy_start.split.237_257:[0.0186s]: Found 1 solutions so far... objective (minimize cycles): currently  (Cycles ~ 44.0, IPC ~ 0.45), bound  (Cycles ~ 44.0, IPC ~ 0.45)
INFO:gt864-forward-one-bank-schedule.gt864_forward_one_bank_slothy_start.split.237_257:Closer than 0 stalls to theoretical optimum... stop
INFO:gt864-forward-one-bank-schedule.gt864_forward_one_bank_slothy_start.split.237_257:OPTIMAL, wall time: 0.027196 s
INFO:gt864-forward-one-bank-schedule.gt864_forward_one_bank_slothy_start.split.237_257:Booleans in result: 45
INFO:gt864-forward-one-bank-schedule.gt864_forward_one_bank_slothy_start.split.237_257.selfcheck:OK!
INFO:gt864-forward-one-bank-schedule.gt864_forward_one_bank_slothy_start.split.237_257:Minimum number of stalls: 39
INFO:gt864-forward-one-bank-schedule.gt864_forward_one_bank_slothy_start.split.257_277:Perform internal binary search for minimal number of stalls...
INFO:gt864-forward-one-bank-schedule.gt864_forward_one_bank_slothy_start.split.257_277:Attempt optimization with max 256 stalls...
INFO:gt864-forward-one-bank-schedule.gt864_forward_one_bank_slothy_start.split.257_277:Setting timeout of 14400 seconds...
INFO:gt864-forward-one-bank-schedule.gt864_forward_one_bank_slothy_start.split.257_277:Objective: minimize cycles
INFO:gt864-forward-one-bank-schedule.gt864_forward_one_bank_slothy_start.split.257_277:Invoking external constraint solver (OR-Tools CP-SAT v9.15.6755) ...
INFO:gt864-forward-one-bank-schedule.gt864_forward_one_bank_slothy_start.split.257_277:[0.0183s]: Found 1 solutions so far... objective (minimize cycles): currently  (Cycles ~ 48.0, IPC ~ 0.42), bound  (Cycles ~ 48.0, IPC ~ 0.42)
INFO:gt864-forward-one-bank-schedule.gt864_forward_one_bank_slothy_start.split.257_277:Closer than 0 stalls to theoretical optimum... stop
INFO:gt864-forward-one-bank-schedule.gt864_forward_one_bank_slothy_start.split.257_277:OPTIMAL, wall time: 0.025538 s
INFO:gt864-forward-one-bank-schedule.gt864_forward_one_bank_slothy_start.split.257_277:Booleans in result: 38
INFO:gt864-forward-one-bank-schedule.gt864_forward_one_bank_slothy_start.split.257_277.selfcheck:OK!
INFO:gt864-forward-one-bank-schedule.gt864_forward_one_bank_slothy_start.split.257_277:Minimum number of stalls: 43
INFO:gt864-forward-one-bank-schedule.gt864_forward_one_bank_slothy_start.split.277_297:Perform internal binary search for minimal number of stalls...
INFO:gt864-forward-one-bank-schedule.gt864_forward_one_bank_slothy_start.split.277_297:Attempt optimization with max 256 stalls...
INFO:gt864-forward-one-bank-schedule.gt864_forward_one_bank_slothy_start.split.277_297:Setting timeout of 14400 seconds...
INFO:gt864-forward-one-bank-schedule.gt864_forward_one_bank_slothy_start.split.277_297:Objective: minimize cycles
INFO:gt864-forward-one-bank-schedule.gt864_forward_one_bank_slothy_start.split.277_297:Invoking external constraint solver (OR-Tools CP-SAT v9.15.6755) ...
INFO:gt864-forward-one-bank-schedule.gt864_forward_one_bank_slothy_start.split.277_297:[0.0196s]: Found 1 solutions so far... objective (minimize cycles): currently  (Cycles ~ 47.0, IPC ~ 0.43), bound  (Cycles ~ 43.0, IPC ~ 0.47)
INFO:gt864-forward-one-bank-schedule.gt864_forward_one_bank_slothy_start.split.277_297:[0.0201s]: Found 2 solutions so far... objective (minimize cycles): currently  (Cycles ~ 43.0, IPC ~ 0.47), bound  (Cycles ~ 43.0, IPC ~ 0.47)
INFO:gt864-forward-one-bank-schedule.gt864_forward_one_bank_slothy_start.split.277_297:Closer than 0 stalls to theoretical optimum... stop
INFO:gt864-forward-one-bank-schedule.gt864_forward_one_bank_slothy_start.split.277_297:OPTIMAL, wall time: 0.027157 s
INFO:gt864-forward-one-bank-schedule.gt864_forward_one_bank_slothy_start.split.277_297:Booleans in result: 43
INFO:gt864-forward-one-bank-schedule.gt864_forward_one_bank_slothy_start.split.277_297.selfcheck:OK!
INFO:gt864-forward-one-bank-schedule.gt864_forward_one_bank_slothy_start.split.277_297:Minimum number of stalls: 38
INFO:gt864-forward-one-bank-schedule.gt864_forward_one_bank_slothy_start.split.297_316:Perform internal binary search for minimal number of stalls...
INFO:gt864-forward-one-bank-schedule.gt864_forward_one_bank_slothy_start.split.297_316:Attempt optimization with max 256 stalls...
INFO:gt864-forward-one-bank-schedule.gt864_forward_one_bank_slothy_start.split.297_316:Setting timeout of 14400 seconds...
INFO:gt864-forward-one-bank-schedule.gt864_forward_one_bank_slothy_start.split.297_316:Objective: minimize cycles
INFO:gt864-forward-one-bank-schedule.gt864_forward_one_bank_slothy_start.split.297_316:Invoking external constraint solver (OR-Tools CP-SAT v9.15.6755) ...
INFO:gt864-forward-one-bank-schedule.gt864_forward_one_bank_slothy_start.split.297_316:[0.0225s]: Found 1 solutions so far... objective (minimize cycles): currently  (Cycles ~ 10.0, IPC ~ 1.90), bound  (Cycles ~ 10.0, IPC ~ 1.90)
INFO:gt864-forward-one-bank-schedule.gt864_forward_one_bank_slothy_start.split.297_316:Closer than 0 stalls to theoretical optimum... stop
INFO:gt864-forward-one-bank-schedule.gt864_forward_one_bank_slothy_start.split.297_316:OPTIMAL, wall time: 0.029003 s
INFO:gt864-forward-one-bank-schedule.gt864_forward_one_bank_slothy_start.split.297_316:Booleans in result: 55
INFO:gt864-forward-one-bank-schedule.gt864_forward_one_bank_slothy_start.split.297_316.selfcheck:OK!
INFO:gt864-forward-one-bank-schedule.gt864_forward_one_bank_slothy_start.split.297_316:Minimum number of stalls: 5
INFO:gt864-forward-one-bank-schedule.gt864_forward_one_bank_slothy_start.split.316_336:Perform internal binary search for minimal number of stalls...
INFO:gt864-forward-one-bank-schedule.gt864_forward_one_bank_slothy_start.split.316_336:Attempt optimization with max 256 stalls...
INFO:gt864-forward-one-bank-schedule.gt864_forward_one_bank_slothy_start.split.316_336:Setting timeout of 14400 seconds...
INFO:gt864-forward-one-bank-schedule.gt864_forward_one_bank_slothy_start.split.316_336:Objective: minimize cycles
INFO:gt864-forward-one-bank-schedule.gt864_forward_one_bank_slothy_start.split.316_336:Invoking external constraint solver (OR-Tools CP-SAT v9.15.6755) ...
INFO:gt864-forward-one-bank-schedule.gt864_forward_one_bank_slothy_start.split.316_336:[0.0232s]: Found 1 solutions so far... objective (minimize cycles): currently  (Cycles ~ 10.0, IPC ~ 2.00), bound  (Cycles ~ 10.0, IPC ~ 2.00)
INFO:gt864-forward-one-bank-schedule.gt864_forward_one_bank_slothy_start.split.316_336:Closer than 0 stalls to theoretical optimum... stop
INFO:gt864-forward-one-bank-schedule.gt864_forward_one_bank_slothy_start.split.316_336:OPTIMAL, wall time: 0.028918 s
INFO:gt864-forward-one-bank-schedule.gt864_forward_one_bank_slothy_start.split.316_336:Booleans in result: 22
INFO:gt864-forward-one-bank-schedule.gt864_forward_one_bank_slothy_start.split.316_336.selfcheck:OK!
INFO:gt864-forward-one-bank-schedule.gt864_forward_one_bank_slothy_start.split.316_336:Minimum number of stalls: 5
INFO:gt864-forward-one-bank-schedule.gt864_forward_one_bank_slothy_start.split.336_356:Perform internal binary search for minimal number of stalls...
INFO:gt864-forward-one-bank-schedule.gt864_forward_one_bank_slothy_start.split.336_356:Attempt optimization with max 256 stalls...
INFO:gt864-forward-one-bank-schedule.gt864_forward_one_bank_slothy_start.split.336_356:Setting timeout of 14400 seconds...
INFO:gt864-forward-one-bank-schedule.gt864_forward_one_bank_slothy_start.split.336_356:Objective: minimize cycles
INFO:gt864-forward-one-bank-schedule.gt864_forward_one_bank_slothy_start.split.336_356:Invoking external constraint solver (OR-Tools CP-SAT v9.15.6755) ...
INFO:gt864-forward-one-bank-schedule.gt864_forward_one_bank_slothy_start.split.336_356:[0.0210s]: Found 1 solutions so far... objective (minimize cycles): currently  (Cycles ~ 21.0, IPC ~ 0.95), bound  (Cycles ~ 21.0, IPC ~ 0.95)
INFO:gt864-forward-one-bank-schedule.gt864_forward_one_bank_slothy_start.split.336_356:Closer than 0 stalls to theoretical optimum... stop
INFO:gt864-forward-one-bank-schedule.gt864_forward_one_bank_slothy_start.split.336_356:OPTIMAL, wall time: 0.027787 s
INFO:gt864-forward-one-bank-schedule.gt864_forward_one_bank_slothy_start.split.336_356:Booleans in result: 32
INFO:gt864-forward-one-bank-schedule.gt864_forward_one_bank_slothy_start.split.336_356.selfcheck:OK!
INFO:gt864-forward-one-bank-schedule.gt864_forward_one_bank_slothy_start.split.336_356:Minimum number of stalls: 16
INFO:gt864-forward-one-bank-schedule.gt864_forward_one_bank_slothy_start.split.356_376:Perform internal binary search for minimal number of stalls...
INFO:gt864-forward-one-bank-schedule.gt864_forward_one_bank_slothy_start.split.356_376:Attempt optimization with max 256 stalls...
INFO:gt864-forward-one-bank-schedule.gt864_forward_one_bank_slothy_start.split.356_376:Setting timeout of 14400 seconds...
INFO:gt864-forward-one-bank-schedule.gt864_forward_one_bank_slothy_start.split.356_376:Objective: minimize cycles
INFO:gt864-forward-one-bank-schedule.gt864_forward_one_bank_slothy_start.split.356_376:Invoking external constraint solver (OR-Tools CP-SAT v9.15.6755) ...
INFO:gt864-forward-one-bank-schedule.gt864_forward_one_bank_slothy_start.split.356_376:[0.0200s]: Found 1 solutions so far... objective (minimize cycles): currently  (Cycles ~ 38.0, IPC ~ 0.53), bound  (Cycles ~ 38.0, IPC ~ 0.53)
INFO:gt864-forward-one-bank-schedule.gt864_forward_one_bank_slothy_start.split.356_376:Closer than 0 stalls to theoretical optimum... stop
INFO:gt864-forward-one-bank-schedule.gt864_forward_one_bank_slothy_start.split.356_376:OPTIMAL, wall time: 0.027973 s
INFO:gt864-forward-one-bank-schedule.gt864_forward_one_bank_slothy_start.split.356_376:Booleans in result: 44
INFO:gt864-forward-one-bank-schedule.gt864_forward_one_bank_slothy_start.split.356_376.selfcheck:OK!
INFO:gt864-forward-one-bank-schedule.gt864_forward_one_bank_slothy_start.split.356_376:Minimum number of stalls: 33
INFO:gt864-forward-one-bank-schedule.gt864_forward_one_bank_slothy_start.split.376_396:Perform internal binary search for minimal number of stalls...
INFO:gt864-forward-one-bank-schedule.gt864_forward_one_bank_slothy_start.split.376_396:Attempt optimization with max 256 stalls...
INFO:gt864-forward-one-bank-schedule.gt864_forward_one_bank_slothy_start.split.376_396:Setting timeout of 14400 seconds...
INFO:gt864-forward-one-bank-schedule.gt864_forward_one_bank_slothy_start.split.376_396:Objective: minimize cycles
INFO:gt864-forward-one-bank-schedule.gt864_forward_one_bank_slothy_start.split.376_396:Invoking external constraint solver (OR-Tools CP-SAT v9.15.6755) ...
INFO:gt864-forward-one-bank-schedule.gt864_forward_one_bank_slothy_start.split.376_396:[0.0201s]: Found 1 solutions so far... objective (minimize cycles): currently  (Cycles ~ 40.0, IPC ~ 0.50), bound  (Cycles ~ 32.0, IPC ~ 0.62)
INFO:gt864-forward-one-bank-schedule.gt864_forward_one_bank_slothy_start.split.376_396:[0.0206s]: Found 2 solutions so far... objective (minimize cycles): currently  (Cycles ~ 35.0, IPC ~ 0.57), bound  (Cycles ~ 32.0, IPC ~ 0.62)
INFO:gt864-forward-one-bank-schedule.gt864_forward_one_bank_slothy_start.split.376_396:OPTIMAL, wall time: 0.029374 s
INFO:gt864-forward-one-bank-schedule.gt864_forward_one_bank_slothy_start.split.376_396:Booleans in result: 37
INFO:gt864-forward-one-bank-schedule.gt864_forward_one_bank_slothy_start.split.376_396.selfcheck:OK!
INFO:gt864-forward-one-bank-schedule.gt864_forward_one_bank_slothy_start.split.376_396:Minimum number of stalls: 30
INFO:gt864-forward-one-bank-schedule.gt864_forward_one_bank_slothy_start.split.396_415:Perform internal binary search for minimal number of stalls...
INFO:gt864-forward-one-bank-schedule.gt864_forward_one_bank_slothy_start.split.396_415:Attempt optimization with max 256 stalls...
INFO:gt864-forward-one-bank-schedule.gt864_forward_one_bank_slothy_start.split.396_415:Setting timeout of 14400 seconds...
INFO:gt864-forward-one-bank-schedule.gt864_forward_one_bank_slothy_start.split.396_415:Objective: minimize cycles
INFO:gt864-forward-one-bank-schedule.gt864_forward_one_bank_slothy_start.split.396_415:Invoking external constraint solver (OR-Tools CP-SAT v9.15.6755) ...
INFO:gt864-forward-one-bank-schedule.gt864_forward_one_bank_slothy_start.split.396_415:[0.0197s]: Found 1 solutions so far... objective (minimize cycles): currently  (Cycles ~ 36.0, IPC ~ 0.53), bound  (Cycles ~ 34.0, IPC ~ 0.56)
INFO:gt864-forward-one-bank-schedule.gt864_forward_one_bank_slothy_start.split.396_415:OPTIMAL, wall time: 0.029553 s
INFO:gt864-forward-one-bank-schedule.gt864_forward_one_bank_slothy_start.split.396_415:Booleans in result: 46
INFO:gt864-forward-one-bank-schedule.gt864_forward_one_bank_slothy_start.split.396_415.selfcheck:OK!
INFO:gt864-forward-one-bank-schedule.gt864_forward_one_bank_slothy_start.split.396_415:Minimum number of stalls: 31
INFO:gt864-forward-one-bank-schedule.gt864_forward_one_bank_slothy_start.split.415_435:Perform internal binary search for minimal number of stalls...
INFO:gt864-forward-one-bank-schedule.gt864_forward_one_bank_slothy_start.split.415_435:Attempt optimization with max 256 stalls...
INFO:gt864-forward-one-bank-schedule.gt864_forward_one_bank_slothy_start.split.415_435:Setting timeout of 14400 seconds...
INFO:gt864-forward-one-bank-schedule.gt864_forward_one_bank_slothy_start.split.415_435:Objective: minimize cycles
INFO:gt864-forward-one-bank-schedule.gt864_forward_one_bank_slothy_start.split.415_435:Invoking external constraint solver (OR-Tools CP-SAT v9.15.6755) ...
INFO:gt864-forward-one-bank-schedule.gt864_forward_one_bank_slothy_start.split.415_435:[0.0212s]: Found 1 solutions so far... objective (minimize cycles): currently  (Cycles ~ 36.0, IPC ~ 0.56), bound  (Cycles ~ 32.0, IPC ~ 0.62)
INFO:gt864-forward-one-bank-schedule.gt864_forward_one_bank_slothy_start.split.415_435:[0.0216s]: Found 2 solutions so far... objective (minimize cycles): currently  (Cycles ~ 34.0, IPC ~ 0.59), bound  (Cycles ~ 32.0, IPC ~ 0.62)
INFO:gt864-forward-one-bank-schedule.gt864_forward_one_bank_slothy_start.split.415_435:OPTIMAL, wall time: 0.029273 s
INFO:gt864-forward-one-bank-schedule.gt864_forward_one_bank_slothy_start.split.415_435:Booleans in result: 49
INFO:gt864-forward-one-bank-schedule.gt864_forward_one_bank_slothy_start.split.415_435.selfcheck:OK!
INFO:gt864-forward-one-bank-schedule.gt864_forward_one_bank_slothy_start.split.415_435:Minimum number of stalls: 29
INFO:gt864-forward-one-bank-schedule.gt864_forward_one_bank_slothy_start.split.435_455:Perform internal binary search for minimal number of stalls...
INFO:gt864-forward-one-bank-schedule.gt864_forward_one_bank_slothy_start.split.435_455:Attempt optimization with max 256 stalls...
INFO:gt864-forward-one-bank-schedule.gt864_forward_one_bank_slothy_start.split.435_455:Setting timeout of 14400 seconds...
INFO:gt864-forward-one-bank-schedule.gt864_forward_one_bank_slothy_start.split.435_455:Objective: minimize cycles
INFO:gt864-forward-one-bank-schedule.gt864_forward_one_bank_slothy_start.split.435_455:Invoking external constraint solver (OR-Tools CP-SAT v9.15.6755) ...
INFO:gt864-forward-one-bank-schedule.gt864_forward_one_bank_slothy_start.split.435_455:[0.0197s]: Found 1 solutions so far... objective (minimize cycles): currently  (Cycles ~ 42.0, IPC ~ 0.48), bound  (Cycles ~ 34.0, IPC ~ 0.59)
INFO:gt864-forward-one-bank-schedule.gt864_forward_one_bank_slothy_start.split.435_455:[0.0203s]: Found 2 solutions so far... objective (minimize cycles): currently  (Cycles ~ 38.0, IPC ~ 0.53), bound  (Cycles ~ 34.0, IPC ~ 0.59)
INFO:gt864-forward-one-bank-schedule.gt864_forward_one_bank_slothy_start.split.435_455:OPTIMAL, wall time: 0.028420 s
INFO:gt864-forward-one-bank-schedule.gt864_forward_one_bank_slothy_start.split.435_455:Booleans in result: 41
INFO:gt864-forward-one-bank-schedule.gt864_forward_one_bank_slothy_start.split.435_455.selfcheck:OK!
INFO:gt864-forward-one-bank-schedule.gt864_forward_one_bank_slothy_start.split.435_455:Minimum number of stalls: 33
INFO:gt864-forward-one-bank-schedule.gt864_forward_one_bank_slothy_start.split.455_475:Perform internal binary search for minimal number of stalls...
INFO:gt864-forward-one-bank-schedule.gt864_forward_one_bank_slothy_start.split.455_475:Attempt optimization with max 256 stalls...
INFO:gt864-forward-one-bank-schedule.gt864_forward_one_bank_slothy_start.split.455_475:Setting timeout of 14400 seconds...
INFO:gt864-forward-one-bank-schedule.gt864_forward_one_bank_slothy_start.split.455_475:Objective: minimize cycles
INFO:gt864-forward-one-bank-schedule.gt864_forward_one_bank_slothy_start.split.455_475:Invoking external constraint solver (OR-Tools CP-SAT v9.15.6755) ...
INFO:gt864-forward-one-bank-schedule.gt864_forward_one_bank_slothy_start.split.455_475:[0.0212s]: Found 1 solutions so far... objective (minimize cycles): currently  (Cycles ~ 40.0, IPC ~ 0.50), bound  (Cycles ~ 36.0, IPC ~ 0.56)
INFO:gt864-forward-one-bank-schedule.gt864_forward_one_bank_slothy_start.split.455_475:OPTIMAL, wall time: 0.029631 s
INFO:gt864-forward-one-bank-schedule.gt864_forward_one_bank_slothy_start.split.455_475:Booleans in result: 37
INFO:gt864-forward-one-bank-schedule.gt864_forward_one_bank_slothy_start.split.455_475.selfcheck:OK!
INFO:gt864-forward-one-bank-schedule.gt864_forward_one_bank_slothy_start.split.455_475:Minimum number of stalls: 35
INFO:gt864-forward-one-bank-schedule.gt864_forward_one_bank_slothy_start.split.475_495:Perform internal binary search for minimal number of stalls...
INFO:gt864-forward-one-bank-schedule.gt864_forward_one_bank_slothy_start.split.475_495:Attempt optimization with max 256 stalls...
INFO:gt864-forward-one-bank-schedule.gt864_forward_one_bank_slothy_start.split.475_495:Setting timeout of 14400 seconds...
INFO:gt864-forward-one-bank-schedule.gt864_forward_one_bank_slothy_start.split.475_495:Objective: minimize cycles
INFO:gt864-forward-one-bank-schedule.gt864_forward_one_bank_slothy_start.split.475_495:Invoking external constraint solver (OR-Tools CP-SAT v9.15.6755) ...
INFO:gt864-forward-one-bank-schedule.gt864_forward_one_bank_slothy_start.split.475_495:[0.0195s]: Found 1 solutions so far... objective (minimize cycles): currently  (Cycles ~ 37.0, IPC ~ 0.54), bound  (Cycles ~ 31.0, IPC ~ 0.65)
INFO:gt864-forward-one-bank-schedule.gt864_forward_one_bank_slothy_start.split.475_495:[0.0211s]: Found 2 solutions so far... objective (minimize cycles): currently  (Cycles ~ 35.0, IPC ~ 0.57), bound  (Cycles ~ 32.0, IPC ~ 0.62)
INFO:gt864-forward-one-bank-schedule.gt864_forward_one_bank_slothy_start.split.475_495:OPTIMAL, wall time: 0.031457 s
INFO:gt864-forward-one-bank-schedule.gt864_forward_one_bank_slothy_start.split.475_495:Booleans in result: 48
INFO:gt864-forward-one-bank-schedule.gt864_forward_one_bank_slothy_start.split.475_495.selfcheck:OK!
INFO:gt864-forward-one-bank-schedule.gt864_forward_one_bank_slothy_start.split.475_495:Minimum number of stalls: 30
INFO:gt864-forward-one-bank-schedule.gt864_forward_one_bank_slothy_start.split.495_514:Perform internal binary search for minimal number of stalls...
INFO:gt864-forward-one-bank-schedule.gt864_forward_one_bank_slothy_start.split.495_514:Attempt optimization with max 256 stalls...
INFO:gt864-forward-one-bank-schedule.gt864_forward_one_bank_slothy_start.split.495_514:Setting timeout of 14400 seconds...
INFO:gt864-forward-one-bank-schedule.gt864_forward_one_bank_slothy_start.split.495_514:Objective: minimize cycles
INFO:gt864-forward-one-bank-schedule.gt864_forward_one_bank_slothy_start.split.495_514:Invoking external constraint solver (OR-Tools CP-SAT v9.15.6755) ...
INFO:gt864-forward-one-bank-schedule.gt864_forward_one_bank_slothy_start.split.495_514:[0.0172s]: Found 1 solutions so far... objective (minimize cycles): currently  (Cycles ~ 41.0, IPC ~ 0.46), bound  (Cycles ~ 36.0, IPC ~ 0.53)
INFO:gt864-forward-one-bank-schedule.gt864_forward_one_bank_slothy_start.split.495_514:[0.0184s]: Found 2 solutions so far... objective (minimize cycles): currently  (Cycles ~ 36.0, IPC ~ 0.53), bound  (Cycles ~ 36.0, IPC ~ 0.53)
INFO:gt864-forward-one-bank-schedule.gt864_forward_one_bank_slothy_start.split.495_514:Closer than 0 stalls to theoretical optimum... stop
INFO:gt864-forward-one-bank-schedule.gt864_forward_one_bank_slothy_start.split.495_514:OPTIMAL, wall time: 0.024487 s
INFO:gt864-forward-one-bank-schedule.gt864_forward_one_bank_slothy_start.split.495_514:Booleans in result: 39
INFO:gt864-forward-one-bank-schedule.gt864_forward_one_bank_slothy_start.split.495_514.selfcheck:OK!
INFO:gt864-forward-one-bank-schedule.gt864_forward_one_bank_slothy_start.split.495_514:Minimum number of stalls: 31
INFO:gt864-forward-one-bank-schedule.gt864_forward_one_bank_slothy_start.split.514_534:Perform internal binary search for minimal number of stalls...
INFO:gt864-forward-one-bank-schedule.gt864_forward_one_bank_slothy_start.split.514_534:Attempt optimization with max 256 stalls...
INFO:gt864-forward-one-bank-schedule.gt864_forward_one_bank_slothy_start.split.514_534:Setting timeout of 14400 seconds...
INFO:gt864-forward-one-bank-schedule.gt864_forward_one_bank_slothy_start.split.514_534:Objective: minimize cycles
INFO:gt864-forward-one-bank-schedule.gt864_forward_one_bank_slothy_start.split.514_534:Invoking external constraint solver (OR-Tools CP-SAT v9.15.6755) ...
INFO:gt864-forward-one-bank-schedule.gt864_forward_one_bank_slothy_start.split.514_534:[0.0206s]: Found 1 solutions so far... objective (minimize cycles): currently  (Cycles ~ 36.0, IPC ~ 0.56), bound  (Cycles ~ 36.0, IPC ~ 0.56)
INFO:gt864-forward-one-bank-schedule.gt864_forward_one_bank_slothy_start.split.514_534:Closer than 0 stalls to theoretical optimum... stop
INFO:gt864-forward-one-bank-schedule.gt864_forward_one_bank_slothy_start.split.514_534:OPTIMAL, wall time: 0.029378 s
INFO:gt864-forward-one-bank-schedule.gt864_forward_one_bank_slothy_start.split.514_534:Booleans in result: 27
INFO:gt864-forward-one-bank-schedule.gt864_forward_one_bank_slothy_start.split.514_534.selfcheck:OK!
INFO:gt864-forward-one-bank-schedule.gt864_forward_one_bank_slothy_start.split.514_534:Minimum number of stalls: 31
INFO:gt864-forward-one-bank-schedule.gt864_forward_one_bank_slothy_start.split.534_554:Perform internal binary search for minimal number of stalls...
INFO:gt864-forward-one-bank-schedule.gt864_forward_one_bank_slothy_start.split.534_554:Attempt optimization with max 256 stalls...
INFO:gt864-forward-one-bank-schedule.gt864_forward_one_bank_slothy_start.split.534_554:Setting timeout of 14400 seconds...
INFO:gt864-forward-one-bank-schedule.gt864_forward_one_bank_slothy_start.split.534_554:Objective: minimize cycles
INFO:gt864-forward-one-bank-schedule.gt864_forward_one_bank_slothy_start.split.534_554:Invoking external constraint solver (OR-Tools CP-SAT v9.15.6755) ...
INFO:gt864-forward-one-bank-schedule.gt864_forward_one_bank_slothy_start.split.534_554:[0.0198s]: Found 1 solutions so far... objective (minimize cycles): currently  (Cycles ~ 39.0, IPC ~ 0.51), bound  (Cycles ~ 33.0, IPC ~ 0.61)
INFO:gt864-forward-one-bank-schedule.gt864_forward_one_bank_slothy_start.split.534_554:[0.0227s]: Found 2 solutions so far... objective (minimize cycles): currently  (Cycles ~ 38.0, IPC ~ 0.53), bound  (Cycles ~ 35.0, IPC ~ 0.57)
INFO:gt864-forward-one-bank-schedule.gt864_forward_one_bank_slothy_start.split.534_554:OPTIMAL, wall time: 0.030868 s
INFO:gt864-forward-one-bank-schedule.gt864_forward_one_bank_slothy_start.split.534_554:Booleans in result: 41
INFO:gt864-forward-one-bank-schedule.gt864_forward_one_bank_slothy_start.split.534_554.selfcheck:OK!
INFO:gt864-forward-one-bank-schedule.gt864_forward_one_bank_slothy_start.split.534_554:Minimum number of stalls: 33
INFO:gt864-forward-one-bank-schedule.gt864_forward_one_bank_slothy_start.split.554_574:Perform internal binary search for minimal number of stalls...
INFO:gt864-forward-one-bank-schedule.gt864_forward_one_bank_slothy_start.split.554_574:Attempt optimization with max 256 stalls...
INFO:gt864-forward-one-bank-schedule.gt864_forward_one_bank_slothy_start.split.554_574:Setting timeout of 14400 seconds...
INFO:gt864-forward-one-bank-schedule.gt864_forward_one_bank_slothy_start.split.554_574:Objective: minimize cycles
INFO:gt864-forward-one-bank-schedule.gt864_forward_one_bank_slothy_start.split.554_574:Invoking external constraint solver (OR-Tools CP-SAT v9.15.6755) ...
INFO:gt864-forward-one-bank-schedule.gt864_forward_one_bank_slothy_start.split.554_574:[0.0216s]: Found 1 solutions so far... objective (minimize cycles): currently  (Cycles ~ 40.0, IPC ~ 0.50), bound  (Cycles ~ 36.0, IPC ~ 0.56)
INFO:gt864-forward-one-bank-schedule.gt864_forward_one_bank_slothy_start.split.554_574:[0.0239s]: Found 2 solutions so far... objective (minimize cycles): currently  (Cycles ~ 39.0, IPC ~ 0.51), bound  (Cycles ~ 37.0, IPC ~ 0.54)
INFO:gt864-forward-one-bank-schedule.gt864_forward_one_bank_slothy_start.split.554_574:[0.0250s]: Found 3 solutions so far... objective (minimize cycles): currently  (Cycles ~ 38.0, IPC ~ 0.53), bound  (Cycles ~ 37.0, IPC ~ 0.54)
INFO:gt864-forward-one-bank-schedule.gt864_forward_one_bank_slothy_start.split.554_574:OPTIMAL, wall time: 0.031618 s
INFO:gt864-forward-one-bank-schedule.gt864_forward_one_bank_slothy_start.split.554_574:Booleans in result: 59
INFO:gt864-forward-one-bank-schedule.gt864_forward_one_bank_slothy_start.split.554_574.selfcheck:OK!
INFO:gt864-forward-one-bank-schedule.gt864_forward_one_bank_slothy_start.split.554_574:Minimum number of stalls: 33
INFO:gt864-forward-one-bank-schedule.gt864_forward_one_bank_slothy_start.split.574_593:Perform internal binary search for minimal number of stalls...
INFO:gt864-forward-one-bank-schedule.gt864_forward_one_bank_slothy_start.split.574_593:Attempt optimization with max 256 stalls...
INFO:gt864-forward-one-bank-schedule.gt864_forward_one_bank_slothy_start.split.574_593:Setting timeout of 14400 seconds...
INFO:gt864-forward-one-bank-schedule.gt864_forward_one_bank_slothy_start.split.574_593:Objective: minimize cycles
INFO:gt864-forward-one-bank-schedule.gt864_forward_one_bank_slothy_start.split.574_593:Invoking external constraint solver (OR-Tools CP-SAT v9.15.6755) ...
INFO:gt864-forward-one-bank-schedule.gt864_forward_one_bank_slothy_start.split.574_593:[0.0193s]: Found 1 solutions so far... objective (minimize cycles): currently  (Cycles ~ 34.0, IPC ~ 0.56), bound  (Cycles ~ 30.0, IPC ~ 0.63)
INFO:gt864-forward-one-bank-schedule.gt864_forward_one_bank_slothy_start.split.574_593:[0.0199s]: Found 2 solutions so far... objective (minimize cycles): currently  (Cycles ~ 33.0, IPC ~ 0.58), bound  (Cycles ~ 30.0, IPC ~ 0.63)
INFO:gt864-forward-one-bank-schedule.gt864_forward_one_bank_slothy_start.split.574_593:OPTIMAL, wall time: 0.028853 s
INFO:gt864-forward-one-bank-schedule.gt864_forward_one_bank_slothy_start.split.574_593:Booleans in result: 42
INFO:gt864-forward-one-bank-schedule.gt864_forward_one_bank_slothy_start.split.574_593.selfcheck:OK!
INFO:gt864-forward-one-bank-schedule.gt864_forward_one_bank_slothy_start.split.574_593:Minimum number of stalls: 28
INFO:gt864-forward-one-bank-schedule.gt864_forward_one_bank_slothy_start.split.593_613:Perform internal binary search for minimal number of stalls...
INFO:gt864-forward-one-bank-schedule.gt864_forward_one_bank_slothy_start.split.593_613:Attempt optimization with max 256 stalls...
INFO:gt864-forward-one-bank-schedule.gt864_forward_one_bank_slothy_start.split.593_613:Setting timeout of 14400 seconds...
INFO:gt864-forward-one-bank-schedule.gt864_forward_one_bank_slothy_start.split.593_613:Objective: minimize cycles
INFO:gt864-forward-one-bank-schedule.gt864_forward_one_bank_slothy_start.split.593_613:Invoking external constraint solver (OR-Tools CP-SAT v9.15.6755) ...
INFO:gt864-forward-one-bank-schedule.gt864_forward_one_bank_slothy_start.split.593_613:[0.0190s]: Found 1 solutions so far... objective (minimize cycles): currently  (Cycles ~ 38.0, IPC ~ 0.53), bound  (Cycles ~ 34.0, IPC ~ 0.59)
INFO:gt864-forward-one-bank-schedule.gt864_forward_one_bank_slothy_start.split.593_613:OPTIMAL, wall time: 0.028983 s
INFO:gt864-forward-one-bank-schedule.gt864_forward_one_bank_slothy_start.split.593_613:Booleans in result: 42
INFO:gt864-forward-one-bank-schedule.gt864_forward_one_bank_slothy_start.split.593_613.selfcheck:OK!
INFO:gt864-forward-one-bank-schedule.gt864_forward_one_bank_slothy_start.split.593_613:Minimum number of stalls: 33
INFO:gt864-forward-one-bank-schedule.gt864_forward_one_bank_slothy_start.split.613_633:Perform internal binary search for minimal number of stalls...
INFO:gt864-forward-one-bank-schedule.gt864_forward_one_bank_slothy_start.split.613_633:Attempt optimization with max 256 stalls...
INFO:gt864-forward-one-bank-schedule.gt864_forward_one_bank_slothy_start.split.613_633:Setting timeout of 14400 seconds...
INFO:gt864-forward-one-bank-schedule.gt864_forward_one_bank_slothy_start.split.613_633:Objective: minimize cycles
INFO:gt864-forward-one-bank-schedule.gt864_forward_one_bank_slothy_start.split.613_633:Invoking external constraint solver (OR-Tools CP-SAT v9.15.6755) ...
INFO:gt864-forward-one-bank-schedule.gt864_forward_one_bank_slothy_start.split.613_633:[0.0211s]: Found 1 solutions so far... objective (minimize cycles): currently  (Cycles ~ 40.0, IPC ~ 0.50), bound  (Cycles ~ 36.0, IPC ~ 0.56)
INFO:gt864-forward-one-bank-schedule.gt864_forward_one_bank_slothy_start.split.613_633:OPTIMAL, wall time: 0.030796 s
INFO:gt864-forward-one-bank-schedule.gt864_forward_one_bank_slothy_start.split.613_633:Booleans in result: 11
INFO:gt864-forward-one-bank-schedule.gt864_forward_one_bank_slothy_start.split.613_633.selfcheck:OK!
INFO:gt864-forward-one-bank-schedule.gt864_forward_one_bank_slothy_start.split.613_633:Minimum number of stalls: 35
INFO:gt864-forward-one-bank-schedule.gt864_forward_one_bank_slothy_start.split:Initial stalls
INFO:gt864-forward-one-bank-schedule.gt864_forward_one_bank_slothy_start.split:[  0- 12]: *************.... (13)
INFO:gt864-forward-one-bank-schedule.gt864_forward_one_bank_slothy_start.split:[ 12- 25]: ***************.. (15)
INFO:gt864-forward-one-bank-schedule.gt864_forward_one_bank_slothy_start.split:[ 25- 37]: *************.... (13)
INFO:gt864-forward-one-bank-schedule.gt864_forward_one_bank_slothy_start.split:[ 37- 50]: ************..... (12)
INFO:gt864-forward-one-bank-schedule.gt864_forward_one_bank_slothy_start.split:[ 50- 63]: ************..... (12)
INFO:gt864-forward-one-bank-schedule.gt864_forward_one_bank_slothy_start.split:[ 63- 75]: **************... (14)
INFO:gt864-forward-one-bank-schedule.gt864_forward_one_bank_slothy_start.split:[ 75- 88]: ***************.. (15)
INFO:gt864-forward-one-bank-schedule.gt864_forward_one_bank_slothy_start.split:[ 88-101]: **************... (14)
INFO:gt864-forward-one-bank-schedule.gt864_forward_one_bank_slothy_start.split:[101-113]: **************... (14)
INFO:gt864-forward-one-bank-schedule.gt864_forward_one_bank_slothy_start.split:[113-126]: **************... (14)
INFO:gt864-forward-one-bank-schedule.gt864_forward_one_bank_slothy_start.split:[126-139]: **************... (14)
INFO:gt864-forward-one-bank-schedule.gt864_forward_one_bank_slothy_start.split:[139-151]: ***************.. (15)
INFO:gt864-forward-one-bank-schedule.gt864_forward_one_bank_slothy_start.split:[151-164]: ***************.. (15)
INFO:gt864-forward-one-bank-schedule.gt864_forward_one_bank_slothy_start.split:[164-177]: ***************.. (15)
INFO:gt864-forward-one-bank-schedule.gt864_forward_one_bank_slothy_start.split:[177-189]: ***************.. (15)
INFO:gt864-forward-one-bank-schedule.gt864_forward_one_bank_slothy_start.split:[189-202]: ***************.. (15)
INFO:gt864-forward-one-bank-schedule.gt864_forward_one_bank_slothy_start.split:[202-215]: ***************.. (15)
INFO:gt864-forward-one-bank-schedule.gt864_forward_one_bank_slothy_start.split:[215-227]: ***************.. (15)
INFO:gt864-forward-one-bank-schedule.gt864_forward_one_bank_slothy_start.split:[227-240]: ***************.. (15)
INFO:gt864-forward-one-bank-schedule.gt864_forward_one_bank_slothy_start.split:[240-253]: ***************.. (15)
INFO:gt864-forward-one-bank-schedule.gt864_forward_one_bank_slothy_start.split:[253-265]: ***************.. (15)
INFO:gt864-forward-one-bank-schedule.gt864_forward_one_bank_slothy_start.split:[265-278]: ***************.. (15)
INFO:gt864-forward-one-bank-schedule.gt864_forward_one_bank_slothy_start.split:[278-291]: ***************.. (15)
INFO:gt864-forward-one-bank-schedule.gt864_forward_one_bank_slothy_start.split:[291-303]: ************..... (12)
INFO:gt864-forward-one-bank-schedule.gt864_forward_one_bank_slothy_start.split:[303-316]: **********....... (10)
INFO:gt864-forward-one-bank-schedule.gt864_forward_one_bank_slothy_start.split:[316-329]: *********........ (9)
INFO:gt864-forward-one-bank-schedule.gt864_forward_one_bank_slothy_start.split:[329-341]: *********........ (9)
INFO:gt864-forward-one-bank-schedule.gt864_forward_one_bank_slothy_start.split:[341-354]: ***********...... (11)
INFO:gt864-forward-one-bank-schedule.gt864_forward_one_bank_slothy_start.split:[354-367]: **************... (14)
INFO:gt864-forward-one-bank-schedule.gt864_forward_one_bank_slothy_start.split:[367-379]: ***************.. (15)
INFO:gt864-forward-one-bank-schedule.gt864_forward_one_bank_slothy_start.split:[379-392]: ***************.. (15)
INFO:gt864-forward-one-bank-schedule.gt864_forward_one_bank_slothy_start.split:[392-405]: ***************.. (15)
INFO:gt864-forward-one-bank-schedule.gt864_forward_one_bank_slothy_start.split:[405-417]: ***************.. (15)
INFO:gt864-forward-one-bank-schedule.gt864_forward_one_bank_slothy_start.split:[417-430]: ***************.. (15)
INFO:gt864-forward-one-bank-schedule.gt864_forward_one_bank_slothy_start.split:[430-443]: ***************.. (15)
INFO:gt864-forward-one-bank-schedule.gt864_forward_one_bank_slothy_start.split:[443-455]: ***************.. (15)
INFO:gt864-forward-one-bank-schedule.gt864_forward_one_bank_slothy_start.split:[455-468]: ***************.. (15)
INFO:gt864-forward-one-bank-schedule.gt864_forward_one_bank_slothy_start.split:[468-481]: ***************.. (15)
INFO:gt864-forward-one-bank-schedule.gt864_forward_one_bank_slothy_start.split:[481-493]: **************... (14)
INFO:gt864-forward-one-bank-schedule.gt864_forward_one_bank_slothy_start.split:[493-506]: **************... (14)
INFO:gt864-forward-one-bank-schedule.gt864_forward_one_bank_slothy_start.split:[506-519]: ***************.. (15)
INFO:gt864-forward-one-bank-schedule.gt864_forward_one_bank_slothy_start.split:[519-531]: ***************.. (15)
INFO:gt864-forward-one-bank-schedule.gt864_forward_one_bank_slothy_start.split:[531-544]: ****************. (16)
INFO:gt864-forward-one-bank-schedule.gt864_forward_one_bank_slothy_start.split:[544-557]: ***************.. (15)
INFO:gt864-forward-one-bank-schedule.gt864_forward_one_bank_slothy_start.split:[557-569]: ***************.. (15)
INFO:gt864-forward-one-bank-schedule.gt864_forward_one_bank_slothy_start.split:[569-582]: ***************.. (15)
INFO:gt864-forward-one-bank-schedule.gt864_forward_one_bank_slothy_start.split:[582-595]: ***************.. (15)
INFO:gt864-forward-one-bank-schedule.gt864_forward_one_bank_slothy_start.split:[595-607]: ***************.. (15)
INFO:gt864-forward-one-bank-schedule.gt864_forward_one_bank_slothy_start.split:[607-620]: ***************.. (15)
INFO:gt864-forward-one-bank-schedule.gt864_forward_one_bank_slothy_start.split:[620-633]: *************.... (13)
INFO:gt864-forward-one-bank-schedule.gt864_forward_one_bank_slothy_start.split.0_20:Perform internal binary search for minimal number of stalls...
INFO:gt864-forward-one-bank-schedule.gt864_forward_one_bank_slothy_start.split.0_20:Attempt optimization with max 256 stalls...
INFO:gt864-forward-one-bank-schedule.gt864_forward_one_bank_slothy_start.split.0_20:Setting timeout of 14400 seconds...
INFO:gt864-forward-one-bank-schedule.gt864_forward_one_bank_slothy_start.split.0_20:Objective: minimize cycles
INFO:gt864-forward-one-bank-schedule.gt864_forward_one_bank_slothy_start.split.0_20:Invoking external constraint solver (OR-Tools CP-SAT v9.15.6755) ...
INFO:gt864-forward-one-bank-schedule.gt864_forward_one_bank_slothy_start.split.0_20:[0.0224s]: Found 1 solutions so far... objective (minimize cycles): currently  (Cycles ~ 116.0, IPC ~ 0.17), bound  (Cycles ~ 108.0, IPC ~ 0.19)
INFO:gt864-forward-one-bank-schedule.gt864_forward_one_bank_slothy_start.split.0_20:[0.0228s]: Found 2 solutions so far... objective (minimize cycles): currently  (Cycles ~ 108.0, IPC ~ 0.19), bound  (Cycles ~ 108.0, IPC ~ 0.19)
INFO:gt864-forward-one-bank-schedule.gt864_forward_one_bank_slothy_start.split.0_20:Closer than 0 stalls to theoretical optimum... stop
INFO:gt864-forward-one-bank-schedule.gt864_forward_one_bank_slothy_start.split.0_20:OPTIMAL, wall time: 0.030674 s
INFO:gt864-forward-one-bank-schedule.gt864_forward_one_bank_slothy_start.split.0_20:Booleans in result: 41
INFO:gt864-forward-one-bank-schedule.gt864_forward_one_bank_slothy_start.split.0_20.selfcheck:OK!
INFO:gt864-forward-one-bank-schedule.gt864_forward_one_bank_slothy_start.split.0_20:Minimum number of stalls: 103
INFO:gt864-forward-one-bank-schedule.gt864_forward_one_bank_slothy_start.split:[  0- 12]: *************..... (13)
INFO:gt864-forward-one-bank-schedule.gt864_forward_one_bank_slothy_start.split:[ 12- 25]: ****************.. (16)
INFO:gt864-forward-one-bank-schedule.gt864_forward_one_bank_slothy_start.split:[ 25- 37]: **************.... (14)
INFO:gt864-forward-one-bank-schedule.gt864_forward_one_bank_slothy_start.split:[ 37- 50]: ************...... (12)
INFO:gt864-forward-one-bank-schedule.gt864_forward_one_bank_slothy_start.split:[ 50- 63]: ************...... (12)
INFO:gt864-forward-one-bank-schedule.gt864_forward_one_bank_slothy_start.split:[ 63- 75]: **************.... (14)
INFO:gt864-forward-one-bank-schedule.gt864_forward_one_bank_slothy_start.split:[ 75- 88]: ***************... (15)
INFO:gt864-forward-one-bank-schedule.gt864_forward_one_bank_slothy_start.split:[ 88-101]: **************.... (14)
INFO:gt864-forward-one-bank-schedule.gt864_forward_one_bank_slothy_start.split:[101-113]: **************.... (14)
INFO:gt864-forward-one-bank-schedule.gt864_forward_one_bank_slothy_start.split:[113-126]: **************.... (14)
INFO:gt864-forward-one-bank-schedule.gt864_forward_one_bank_slothy_start.split:[126-139]: **************.... (14)
INFO:gt864-forward-one-bank-schedule.gt864_forward_one_bank_slothy_start.split:[139-151]: ***************... (15)
INFO:gt864-forward-one-bank-schedule.gt864_forward_one_bank_slothy_start.split:[151-164]: ***************... (15)
INFO:gt864-forward-one-bank-schedule.gt864_forward_one_bank_slothy_start.split:[164-177]: ***************... (15)
INFO:gt864-forward-one-bank-schedule.gt864_forward_one_bank_slothy_start.split:[177-189]: ***************... (15)
INFO:gt864-forward-one-bank-schedule.gt864_forward_one_bank_slothy_start.split:[189-202]: ***************... (15)
INFO:gt864-forward-one-bank-schedule.gt864_forward_one_bank_slothy_start.split:[202-215]: ***************... (15)
INFO:gt864-forward-one-bank-schedule.gt864_forward_one_bank_slothy_start.split:[215-227]: ***************... (15)
INFO:gt864-forward-one-bank-schedule.gt864_forward_one_bank_slothy_start.split:[227-240]: ***************... (15)
INFO:gt864-forward-one-bank-schedule.gt864_forward_one_bank_slothy_start.split:[240-253]: ***************... (15)
INFO:gt864-forward-one-bank-schedule.gt864_forward_one_bank_slothy_start.split:[253-265]: ***************... (15)
INFO:gt864-forward-one-bank-schedule.gt864_forward_one_bank_slothy_start.split:[265-278]: ***************... (15)
INFO:gt864-forward-one-bank-schedule.gt864_forward_one_bank_slothy_start.split:[278-291]: ***************... (15)
INFO:gt864-forward-one-bank-schedule.gt864_forward_one_bank_slothy_start.split:[291-303]: ************...... (12)
INFO:gt864-forward-one-bank-schedule.gt864_forward_one_bank_slothy_start.split:[303-316]: **********........ (10)
INFO:gt864-forward-one-bank-schedule.gt864_forward_one_bank_slothy_start.split:[316-329]: *********......... (9)
INFO:gt864-forward-one-bank-schedule.gt864_forward_one_bank_slothy_start.split:[329-341]: *********......... (9)
INFO:gt864-forward-one-bank-schedule.gt864_forward_one_bank_slothy_start.split:[341-354]: ***********....... (11)
INFO:gt864-forward-one-bank-schedule.gt864_forward_one_bank_slothy_start.split:[354-367]: **************.... (14)
INFO:gt864-forward-one-bank-schedule.gt864_forward_one_bank_slothy_start.split:[367-379]: ***************... (15)
INFO:gt864-forward-one-bank-schedule.gt864_forward_one_bank_slothy_start.split:[379-392]: ***************... (15)
INFO:gt864-forward-one-bank-schedule.gt864_forward_one_bank_slothy_start.split:[392-405]: ***************... (15)
INFO:gt864-forward-one-bank-schedule.gt864_forward_one_bank_slothy_start.split:[405-417]: ***************... (15)
INFO:gt864-forward-one-bank-schedule.gt864_forward_one_bank_slothy_start.split:[417-430]: ***************... (15)
INFO:gt864-forward-one-bank-schedule.gt864_forward_one_bank_slothy_start.split:[430-443]: ***************... (15)
INFO:gt864-forward-one-bank-schedule.gt864_forward_one_bank_slothy_start.split:[443-455]: ***************... (15)
INFO:gt864-forward-one-bank-schedule.gt864_forward_one_bank_slothy_start.split:[455-468]: ***************... (15)
INFO:gt864-forward-one-bank-schedule.gt864_forward_one_bank_slothy_start.split:[468-481]: ***************... (15)
INFO:gt864-forward-one-bank-schedule.gt864_forward_one_bank_slothy_start.split:[481-493]: **************.... (14)
INFO:gt864-forward-one-bank-schedule.gt864_forward_one_bank_slothy_start.split:[493-506]: **************.... (14)
INFO:gt864-forward-one-bank-schedule.gt864_forward_one_bank_slothy_start.split:[506-519]: ***************... (15)
INFO:gt864-forward-one-bank-schedule.gt864_forward_one_bank_slothy_start.split:[519-531]: ***************... (15)
INFO:gt864-forward-one-bank-schedule.gt864_forward_one_bank_slothy_start.split:[531-544]: ****************.. (16)
INFO:gt864-forward-one-bank-schedule.gt864_forward_one_bank_slothy_start.split:[544-557]: ***************... (15)
INFO:gt864-forward-one-bank-schedule.gt864_forward_one_bank_slothy_start.split:[557-569]: ***************... (15)
INFO:gt864-forward-one-bank-schedule.gt864_forward_one_bank_slothy_start.split:[569-582]: ***************... (15)
INFO:gt864-forward-one-bank-schedule.gt864_forward_one_bank_slothy_start.split:[582-595]: ***************... (15)
INFO:gt864-forward-one-bank-schedule.gt864_forward_one_bank_slothy_start.split:[595-607]: ***************... (15)
INFO:gt864-forward-one-bank-schedule.gt864_forward_one_bank_slothy_start.split:[607-620]: ***************... (15)
INFO:gt864-forward-one-bank-schedule.gt864_forward_one_bank_slothy_start.split:[620-633]: *************..... (13)
INFO:gt864-forward-one-bank-schedule.gt864_forward_one_bank_slothy_start.split.32_51:Perform internal binary search for minimal number of stalls...
INFO:gt864-forward-one-bank-schedule.gt864_forward_one_bank_slothy_start.split.32_51:Attempt optimization with max 256 stalls...
INFO:gt864-forward-one-bank-schedule.gt864_forward_one_bank_slothy_start.split.32_51:Setting timeout of 14400 seconds...
INFO:gt864-forward-one-bank-schedule.gt864_forward_one_bank_slothy_start.split.32_51:Objective: minimize cycles
INFO:gt864-forward-one-bank-schedule.gt864_forward_one_bank_slothy_start.split.32_51:Invoking external constraint solver (OR-Tools CP-SAT v9.15.6755) ...
INFO:gt864-forward-one-bank-schedule.gt864_forward_one_bank_slothy_start.split.32_51:[0.0739s]: Found 1 solutions so far... objective (minimize cycles): currently  (Cycles ~ 33.0, IPC ~ 0.58), bound  (Cycles ~ 30.0, IPC ~ 0.63)
INFO:gt864-forward-one-bank-schedule.gt864_forward_one_bank_slothy_start.split.32_51:[0.0845s]: Found 2 solutions so far... objective (minimize cycles): currently  (Cycles ~ 32.0, IPC ~ 0.59), bound  (Cycles ~ 30.0, IPC ~ 0.63)
INFO:gt864-forward-one-bank-schedule.gt864_forward_one_bank_slothy_start.split.32_51:[0.0871s]: Found 3 solutions so far... objective (minimize cycles): currently  (Cycles ~ 31.0, IPC ~ 0.61), bound  (Cycles ~ 30.0, IPC ~ 0.63)
INFO:gt864-forward-one-bank-schedule.gt864_forward_one_bank_slothy_start.split.32_51:OPTIMAL, wall time: 0.100264 s
INFO:gt864-forward-one-bank-schedule.gt864_forward_one_bank_slothy_start.split.32_51:Booleans in result: 211
INFO:gt864-forward-one-bank-schedule.gt864_forward_one_bank_slothy_start.split.32_51.selfcheck:OK!
INFO:gt864-forward-one-bank-schedule.gt864_forward_one_bank_slothy_start.split.32_51:Minimum number of stalls: 26
INFO:gt864-forward-one-bank-schedule.gt864_forward_one_bank_slothy_start.split:[  0- 12]: *************..... (13)
INFO:gt864-forward-one-bank-schedule.gt864_forward_one_bank_slothy_start.split:[ 12- 25]: ****************.. (16)
INFO:gt864-forward-one-bank-schedule.gt864_forward_one_bank_slothy_start.split:[ 25- 37]: *************..... (13)
INFO:gt864-forward-one-bank-schedule.gt864_forward_one_bank_slothy_start.split:[ 37- 50]: *************..... (13)
INFO:gt864-forward-one-bank-schedule.gt864_forward_one_bank_slothy_start.split:[ 50- 63]: *************..... (13)
INFO:gt864-forward-one-bank-schedule.gt864_forward_one_bank_slothy_start.split:[ 63- 75]: **************.... (14)
INFO:gt864-forward-one-bank-schedule.gt864_forward_one_bank_slothy_start.split:[ 75- 88]: ***************... (15)
INFO:gt864-forward-one-bank-schedule.gt864_forward_one_bank_slothy_start.split:[ 88-101]: **************.... (14)
INFO:gt864-forward-one-bank-schedule.gt864_forward_one_bank_slothy_start.split:[101-113]: **************.... (14)
INFO:gt864-forward-one-bank-schedule.gt864_forward_one_bank_slothy_start.split:[113-126]: **************.... (14)
INFO:gt864-forward-one-bank-schedule.gt864_forward_one_bank_slothy_start.split:[126-139]: **************.... (14)
INFO:gt864-forward-one-bank-schedule.gt864_forward_one_bank_slothy_start.split:[139-151]: ***************... (15)
INFO:gt864-forward-one-bank-schedule.gt864_forward_one_bank_slothy_start.split:[151-164]: ***************... (15)
INFO:gt864-forward-one-bank-schedule.gt864_forward_one_bank_slothy_start.split:[164-177]: ***************... (15)
INFO:gt864-forward-one-bank-schedule.gt864_forward_one_bank_slothy_start.split:[177-189]: ***************... (15)
INFO:gt864-forward-one-bank-schedule.gt864_forward_one_bank_slothy_start.split:[189-202]: ***************... (15)
INFO:gt864-forward-one-bank-schedule.gt864_forward_one_bank_slothy_start.split:[202-215]: ***************... (15)
INFO:gt864-forward-one-bank-schedule.gt864_forward_one_bank_slothy_start.split:[215-227]: ***************... (15)
INFO:gt864-forward-one-bank-schedule.gt864_forward_one_bank_slothy_start.split:[227-240]: ***************... (15)
INFO:gt864-forward-one-bank-schedule.gt864_forward_one_bank_slothy_start.split:[240-253]: ***************... (15)
INFO:gt864-forward-one-bank-schedule.gt864_forward_one_bank_slothy_start.split:[253-265]: ***************... (15)
INFO:gt864-forward-one-bank-schedule.gt864_forward_one_bank_slothy_start.split:[265-278]: ***************... (15)
INFO:gt864-forward-one-bank-schedule.gt864_forward_one_bank_slothy_start.split:[278-291]: ***************... (15)
INFO:gt864-forward-one-bank-schedule.gt864_forward_one_bank_slothy_start.split:[291-303]: ************...... (12)
INFO:gt864-forward-one-bank-schedule.gt864_forward_one_bank_slothy_start.split:[303-316]: **********........ (10)
INFO:gt864-forward-one-bank-schedule.gt864_forward_one_bank_slothy_start.split:[316-329]: *********......... (9)
INFO:gt864-forward-one-bank-schedule.gt864_forward_one_bank_slothy_start.split:[329-341]: *********......... (9)
INFO:gt864-forward-one-bank-schedule.gt864_forward_one_bank_slothy_start.split:[341-354]: ***********....... (11)
INFO:gt864-forward-one-bank-schedule.gt864_forward_one_bank_slothy_start.split:[354-367]: **************.... (14)
INFO:gt864-forward-one-bank-schedule.gt864_forward_one_bank_slothy_start.split:[367-379]: ***************... (15)
INFO:gt864-forward-one-bank-schedule.gt864_forward_one_bank_slothy_start.split:[379-392]: ***************... (15)
INFO:gt864-forward-one-bank-schedule.gt864_forward_one_bank_slothy_start.split:[392-405]: ***************... (15)
INFO:gt864-forward-one-bank-schedule.gt864_forward_one_bank_slothy_start.split:[405-417]: ***************... (15)
INFO:gt864-forward-one-bank-schedule.gt864_forward_one_bank_slothy_start.split:[417-430]: ***************... (15)
INFO:gt864-forward-one-bank-schedule.gt864_forward_one_bank_slothy_start.split:[430-443]: ***************... (15)
INFO:gt864-forward-one-bank-schedule.gt864_forward_one_bank_slothy_start.split:[443-455]: ***************... (15)
INFO:gt864-forward-one-bank-schedule.gt864_forward_one_bank_slothy_start.split:[455-468]: ***************... (15)
INFO:gt864-forward-one-bank-schedule.gt864_forward_one_bank_slothy_start.split:[468-481]: ***************... (15)
INFO:gt864-forward-one-bank-schedule.gt864_forward_one_bank_slothy_start.split:[481-493]: **************.... (14)
INFO:gt864-forward-one-bank-schedule.gt864_forward_one_bank_slothy_start.split:[493-506]: **************.... (14)
INFO:gt864-forward-one-bank-schedule.gt864_forward_one_bank_slothy_start.split:[506-519]: ***************... (15)
INFO:gt864-forward-one-bank-schedule.gt864_forward_one_bank_slothy_start.split:[519-531]: ***************... (15)
INFO:gt864-forward-one-bank-schedule.gt864_forward_one_bank_slothy_start.split:[531-544]: ****************.. (16)
INFO:gt864-forward-one-bank-schedule.gt864_forward_one_bank_slothy_start.split:[544-557]: ***************... (15)
INFO:gt864-forward-one-bank-schedule.gt864_forward_one_bank_slothy_start.split:[557-569]: ***************... (15)
INFO:gt864-forward-one-bank-schedule.gt864_forward_one_bank_slothy_start.split:[569-582]: ***************... (15)
INFO:gt864-forward-one-bank-schedule.gt864_forward_one_bank_slothy_start.split:[582-595]: ***************... (15)
INFO:gt864-forward-one-bank-schedule.gt864_forward_one_bank_slothy_start.split:[595-607]: ***************... (15)
INFO:gt864-forward-one-bank-schedule.gt864_forward_one_bank_slothy_start.split:[607-620]: ***************... (15)
INFO:gt864-forward-one-bank-schedule.gt864_forward_one_bank_slothy_start.split:[620-633]: *************..... (13)
INFO:gt864-forward-one-bank-schedule.gt864_forward_one_bank_slothy_start.split.63_83:Perform internal binary search for minimal number of stalls...
INFO:gt864-forward-one-bank-schedule.gt864_forward_one_bank_slothy_start.split.63_83:Attempt optimization with max 256 stalls...
INFO:gt864-forward-one-bank-schedule.gt864_forward_one_bank_slothy_start.split.63_83:Setting timeout of 14400 seconds...
INFO:gt864-forward-one-bank-schedule.gt864_forward_one_bank_slothy_start.split.63_83:Objective: minimize cycles
INFO:gt864-forward-one-bank-schedule.gt864_forward_one_bank_slothy_start.split.63_83:Invoking external constraint solver (OR-Tools CP-SAT v9.15.6755) ...
INFO:gt864-forward-one-bank-schedule.gt864_forward_one_bank_slothy_start.split.63_83:[0.0613s]: Found 1 solutions so far... objective (minimize cycles): currently  (Cycles ~ 28.0, IPC ~ 0.71), bound  (Cycles ~ 18.0, IPC ~ 1.11)
INFO:gt864-forward-one-bank-schedule.gt864_forward_one_bank_slothy_start.split.63_83:OPTIMAL, wall time: 0.073650 s
INFO:gt864-forward-one-bank-schedule.gt864_forward_one_bank_slothy_start.split.63_83:Booleans in result: 170
INFO:gt864-forward-one-bank-schedule.gt864_forward_one_bank_slothy_start.split.63_83.selfcheck:OK!
INFO:gt864-forward-one-bank-schedule.gt864_forward_one_bank_slothy_start.split.63_83:Minimum number of stalls: 23
INFO:gt864-forward-one-bank-schedule.gt864_forward_one_bank_slothy_start.split:[  0- 12]: *************..... (13)
INFO:gt864-forward-one-bank-schedule.gt864_forward_one_bank_slothy_start.split:[ 12- 25]: ****************.. (16)
INFO:gt864-forward-one-bank-schedule.gt864_forward_one_bank_slothy_start.split:[ 25- 37]: *************..... (13)
INFO:gt864-forward-one-bank-schedule.gt864_forward_one_bank_slothy_start.split:[ 37- 50]: *************..... (13)
INFO:gt864-forward-one-bank-schedule.gt864_forward_one_bank_slothy_start.split:[ 50- 63]: ************...... (12)
INFO:gt864-forward-one-bank-schedule.gt864_forward_one_bank_slothy_start.split:[ 63- 75]: **************.... (14)
INFO:gt864-forward-one-bank-schedule.gt864_forward_one_bank_slothy_start.split:[ 75- 88]: *****************. (17)
INFO:gt864-forward-one-bank-schedule.gt864_forward_one_bank_slothy_start.split:[ 88-101]: **************.... (14)
INFO:gt864-forward-one-bank-schedule.gt864_forward_one_bank_slothy_start.split:[101-113]: **************.... (14)
INFO:gt864-forward-one-bank-schedule.gt864_forward_one_bank_slothy_start.split:[113-126]: **************.... (14)
INFO:gt864-forward-one-bank-schedule.gt864_forward_one_bank_slothy_start.split:[126-139]: **************.... (14)
INFO:gt864-forward-one-bank-schedule.gt864_forward_one_bank_slothy_start.split:[139-151]: ***************... (15)
INFO:gt864-forward-one-bank-schedule.gt864_forward_one_bank_slothy_start.split:[151-164]: ***************... (15)
INFO:gt864-forward-one-bank-schedule.gt864_forward_one_bank_slothy_start.split:[164-177]: ***************... (15)
INFO:gt864-forward-one-bank-schedule.gt864_forward_one_bank_slothy_start.split:[177-189]: ***************... (15)
INFO:gt864-forward-one-bank-schedule.gt864_forward_one_bank_slothy_start.split:[189-202]: ***************... (15)
INFO:gt864-forward-one-bank-schedule.gt864_forward_one_bank_slothy_start.split:[202-215]: ***************... (15)
INFO:gt864-forward-one-bank-schedule.gt864_forward_one_bank_slothy_start.split:[215-227]: ***************... (15)
INFO:gt864-forward-one-bank-schedule.gt864_forward_one_bank_slothy_start.split:[227-240]: ***************... (15)
INFO:gt864-forward-one-bank-schedule.gt864_forward_one_bank_slothy_start.split:[240-253]: ***************... (15)
INFO:gt864-forward-one-bank-schedule.gt864_forward_one_bank_slothy_start.split:[253-265]: ***************... (15)
INFO:gt864-forward-one-bank-schedule.gt864_forward_one_bank_slothy_start.split:[265-278]: ***************... (15)
INFO:gt864-forward-one-bank-schedule.gt864_forward_one_bank_slothy_start.split:[278-291]: ***************... (15)
INFO:gt864-forward-one-bank-schedule.gt864_forward_one_bank_slothy_start.split:[291-303]: ************...... (12)
INFO:gt864-forward-one-bank-schedule.gt864_forward_one_bank_slothy_start.split:[303-316]: **********........ (10)
INFO:gt864-forward-one-bank-schedule.gt864_forward_one_bank_slothy_start.split:[316-329]: *********......... (9)
INFO:gt864-forward-one-bank-schedule.gt864_forward_one_bank_slothy_start.split:[329-341]: *********......... (9)
INFO:gt864-forward-one-bank-schedule.gt864_forward_one_bank_slothy_start.split:[341-354]: ***********....... (11)
INFO:gt864-forward-one-bank-schedule.gt864_forward_one_bank_slothy_start.split:[354-367]: **************.... (14)
INFO:gt864-forward-one-bank-schedule.gt864_forward_one_bank_slothy_start.split:[367-379]: ***************... (15)
INFO:gt864-forward-one-bank-schedule.gt864_forward_one_bank_slothy_start.split:[379-392]: ***************... (15)
INFO:gt864-forward-one-bank-schedule.gt864_forward_one_bank_slothy_start.split:[392-405]: ***************... (15)
INFO:gt864-forward-one-bank-schedule.gt864_forward_one_bank_slothy_start.split:[405-417]: ***************... (15)
INFO:gt864-forward-one-bank-schedule.gt864_forward_one_bank_slothy_start.split:[417-430]: ***************... (15)
INFO:gt864-forward-one-bank-schedule.gt864_forward_one_bank_slothy_start.split:[430-443]: ***************... (15)
INFO:gt864-forward-one-bank-schedule.gt864_forward_one_bank_slothy_start.split:[443-455]: ***************... (15)
INFO:gt864-forward-one-bank-schedule.gt864_forward_one_bank_slothy_start.split:[455-468]: ***************... (15)
INFO:gt864-forward-one-bank-schedule.gt864_forward_one_bank_slothy_start.split:[468-481]: ***************... (15)
INFO:gt864-forward-one-bank-schedule.gt864_forward_one_bank_slothy_start.split:[481-493]: **************.... (14)
INFO:gt864-forward-one-bank-schedule.gt864_forward_one_bank_slothy_start.split:[493-506]: **************.... (14)
INFO:gt864-forward-one-bank-schedule.gt864_forward_one_bank_slothy_start.split:[506-519]: ***************... (15)
INFO:gt864-forward-one-bank-schedule.gt864_forward_one_bank_slothy_start.split:[519-531]: ***************... (15)
INFO:gt864-forward-one-bank-schedule.gt864_forward_one_bank_slothy_start.split:[531-544]: ****************.. (16)
INFO:gt864-forward-one-bank-schedule.gt864_forward_one_bank_slothy_start.split:[544-557]: ***************... (15)
INFO:gt864-forward-one-bank-schedule.gt864_forward_one_bank_slothy_start.split:[557-569]: ***************... (15)
INFO:gt864-forward-one-bank-schedule.gt864_forward_one_bank_slothy_start.split:[569-582]: ***************... (15)
INFO:gt864-forward-one-bank-schedule.gt864_forward_one_bank_slothy_start.split:[582-595]: ***************... (15)
INFO:gt864-forward-one-bank-schedule.gt864_forward_one_bank_slothy_start.split:[595-607]: ***************... (15)
INFO:gt864-forward-one-bank-schedule.gt864_forward_one_bank_slothy_start.split:[607-620]: ***************... (15)
INFO:gt864-forward-one-bank-schedule.gt864_forward_one_bank_slothy_start.split:[620-633]: *************..... (13)
INFO:gt864-forward-one-bank-schedule.gt864_forward_one_bank_slothy_start.split.95_115:Perform internal binary search for minimal number of stalls...
INFO:gt864-forward-one-bank-schedule.gt864_forward_one_bank_slothy_start.split.95_115:Attempt optimization with max 256 stalls...
INFO:gt864-forward-one-bank-schedule.gt864_forward_one_bank_slothy_start.split.95_115:Setting timeout of 14400 seconds...
INFO:gt864-forward-one-bank-schedule.gt864_forward_one_bank_slothy_start.split.95_115:Objective: minimize cycles
INFO:gt864-forward-one-bank-schedule.gt864_forward_one_bank_slothy_start.split.95_115:Invoking external constraint solver (OR-Tools CP-SAT v9.15.6755) ...
INFO:gt864-forward-one-bank-schedule.gt864_forward_one_bank_slothy_start.split.95_115:[0.1140s]: Found 1 solutions so far... objective (minimize cycles): currently  (Cycles ~ 29.0, IPC ~ 0.69), bound  (Cycles ~ 21.0, IPC ~ 0.95)
INFO:gt864-forward-one-bank-schedule.gt864_forward_one_bank_slothy_start.split.95_115:OPTIMAL, wall time: 0.125195 s
INFO:gt864-forward-one-bank-schedule.gt864_forward_one_bank_slothy_start.split.95_115:Booleans in result: 111
INFO:gt864-forward-one-bank-schedule.gt864_forward_one_bank_slothy_start.split.95_115.selfcheck:OK!
INFO:gt864-forward-one-bank-schedule.gt864_forward_one_bank_slothy_start.split.95_115:Minimum number of stalls: 24
INFO:gt864-forward-one-bank-schedule.gt864_forward_one_bank_slothy_start.split:[  0- 12]: *************..... (13)
INFO:gt864-forward-one-bank-schedule.gt864_forward_one_bank_slothy_start.split:[ 12- 25]: ****************.. (16)
INFO:gt864-forward-one-bank-schedule.gt864_forward_one_bank_slothy_start.split:[ 25- 37]: *************..... (13)
INFO:gt864-forward-one-bank-schedule.gt864_forward_one_bank_slothy_start.split:[ 37- 50]: *************..... (13)
INFO:gt864-forward-one-bank-schedule.gt864_forward_one_bank_slothy_start.split:[ 50- 63]: ************...... (12)
INFO:gt864-forward-one-bank-schedule.gt864_forward_one_bank_slothy_start.split:[ 63- 75]: **************.... (14)
INFO:gt864-forward-one-bank-schedule.gt864_forward_one_bank_slothy_start.split:[ 75- 88]: *****************. (17)
INFO:gt864-forward-one-bank-schedule.gt864_forward_one_bank_slothy_start.split:[ 88-101]: *************..... (13)
INFO:gt864-forward-one-bank-schedule.gt864_forward_one_bank_slothy_start.split:[101-113]: ****************.. (16)
INFO:gt864-forward-one-bank-schedule.gt864_forward_one_bank_slothy_start.split:[113-126]: ***************... (15)
INFO:gt864-forward-one-bank-schedule.gt864_forward_one_bank_slothy_start.split:[126-139]: **************.... (14)
INFO:gt864-forward-one-bank-schedule.gt864_forward_one_bank_slothy_start.split:[139-151]: ***************... (15)
INFO:gt864-forward-one-bank-schedule.gt864_forward_one_bank_slothy_start.split:[151-164]: ***************... (15)
INFO:gt864-forward-one-bank-schedule.gt864_forward_one_bank_slothy_start.split:[164-177]: ***************... (15)
INFO:gt864-forward-one-bank-schedule.gt864_forward_one_bank_slothy_start.split:[177-189]: ***************... (15)
INFO:gt864-forward-one-bank-schedule.gt864_forward_one_bank_slothy_start.split:[189-202]: ***************... (15)
INFO:gt864-forward-one-bank-schedule.gt864_forward_one_bank_slothy_start.split:[202-215]: ***************... (15)
INFO:gt864-forward-one-bank-schedule.gt864_forward_one_bank_slothy_start.split:[215-227]: ***************... (15)
INFO:gt864-forward-one-bank-schedule.gt864_forward_one_bank_slothy_start.split:[227-240]: ***************... (15)
INFO:gt864-forward-one-bank-schedule.gt864_forward_one_bank_slothy_start.split:[240-253]: ***************... (15)
INFO:gt864-forward-one-bank-schedule.gt864_forward_one_bank_slothy_start.split:[253-265]: ***************... (15)
INFO:gt864-forward-one-bank-schedule.gt864_forward_one_bank_slothy_start.split:[265-278]: ***************... (15)
INFO:gt864-forward-one-bank-schedule.gt864_forward_one_bank_slothy_start.split:[278-291]: ***************... (15)
INFO:gt864-forward-one-bank-schedule.gt864_forward_one_bank_slothy_start.split:[291-303]: ************...... (12)
INFO:gt864-forward-one-bank-schedule.gt864_forward_one_bank_slothy_start.split:[303-316]: **********........ (10)
INFO:gt864-forward-one-bank-schedule.gt864_forward_one_bank_slothy_start.split:[316-329]: *********......... (9)
INFO:gt864-forward-one-bank-schedule.gt864_forward_one_bank_slothy_start.split:[329-341]: *********......... (9)
INFO:gt864-forward-one-bank-schedule.gt864_forward_one_bank_slothy_start.split:[341-354]: ***********....... (11)
INFO:gt864-forward-one-bank-schedule.gt864_forward_one_bank_slothy_start.split:[354-367]: **************.... (14)
INFO:gt864-forward-one-bank-schedule.gt864_forward_one_bank_slothy_start.split:[367-379]: ***************... (15)
INFO:gt864-forward-one-bank-schedule.gt864_forward_one_bank_slothy_start.split:[379-392]: ***************... (15)
INFO:gt864-forward-one-bank-schedule.gt864_forward_one_bank_slothy_start.split:[392-405]: ***************... (15)
INFO:gt864-forward-one-bank-schedule.gt864_forward_one_bank_slothy_start.split:[405-417]: ***************... (15)
INFO:gt864-forward-one-bank-schedule.gt864_forward_one_bank_slothy_start.split:[417-430]: ***************... (15)
INFO:gt864-forward-one-bank-schedule.gt864_forward_one_bank_slothy_start.split:[430-443]: ***************... (15)
INFO:gt864-forward-one-bank-schedule.gt864_forward_one_bank_slothy_start.split:[443-455]: ***************... (15)
INFO:gt864-forward-one-bank-schedule.gt864_forward_one_bank_slothy_start.split:[455-468]: ***************... (15)
INFO:gt864-forward-one-bank-schedule.gt864_forward_one_bank_slothy_start.split:[468-481]: ***************... (15)
INFO:gt864-forward-one-bank-schedule.gt864_forward_one_bank_slothy_start.split:[481-493]: **************.... (14)
INFO:gt864-forward-one-bank-schedule.gt864_forward_one_bank_slothy_start.split:[493-506]: **************.... (14)
INFO:gt864-forward-one-bank-schedule.gt864_forward_one_bank_slothy_start.split:[506-519]: ***************... (15)
INFO:gt864-forward-one-bank-schedule.gt864_forward_one_bank_slothy_start.split:[519-531]: ***************... (15)
INFO:gt864-forward-one-bank-schedule.gt864_forward_one_bank_slothy_start.split:[531-544]: ****************.. (16)
INFO:gt864-forward-one-bank-schedule.gt864_forward_one_bank_slothy_start.split:[544-557]: ***************... (15)
INFO:gt864-forward-one-bank-schedule.gt864_forward_one_bank_slothy_start.split:[557-569]: ***************... (15)
INFO:gt864-forward-one-bank-schedule.gt864_forward_one_bank_slothy_start.split:[569-582]: ***************... (15)
INFO:gt864-forward-one-bank-schedule.gt864_forward_one_bank_slothy_start.split:[582-595]: ***************... (15)
INFO:gt864-forward-one-bank-schedule.gt864_forward_one_bank_slothy_start.split:[595-607]: ***************... (15)
INFO:gt864-forward-one-bank-schedule.gt864_forward_one_bank_slothy_start.split:[607-620]: ***************... (15)
INFO:gt864-forward-one-bank-schedule.gt864_forward_one_bank_slothy_start.split:[620-633]: *************..... (13)
INFO:gt864-forward-one-bank-schedule.gt864_forward_one_bank_slothy_start.split.127_146:Perform internal binary search for minimal number of stalls...
INFO:gt864-forward-one-bank-schedule.gt864_forward_one_bank_slothy_start.split.127_146:Attempt optimization with max 256 stalls...
INFO:gt864-forward-one-bank-schedule.gt864_forward_one_bank_slothy_start.split.127_146:Setting timeout of 14400 seconds...
INFO:gt864-forward-one-bank-schedule.gt864_forward_one_bank_slothy_start.split.127_146:Objective: minimize cycles
INFO:gt864-forward-one-bank-schedule.gt864_forward_one_bank_slothy_start.split.127_146:Invoking external constraint solver (OR-Tools CP-SAT v9.15.6755) ...
INFO:gt864-forward-one-bank-schedule.gt864_forward_one_bank_slothy_start.split.127_146:[0.0972s]: Found 1 solutions so far... objective (minimize cycles): currently  (Cycles ~ 28.0, IPC ~ 0.68), bound  (Cycles ~ 21.0, IPC ~ 0.90)
INFO:gt864-forward-one-bank-schedule.gt864_forward_one_bank_slothy_start.split.127_146:[0.0994s]: Found 2 solutions so far... objective (minimize cycles): currently  (Cycles ~ 27.0, IPC ~ 0.70), bound  (Cycles ~ 21.0, IPC ~ 0.90)
INFO:gt864-forward-one-bank-schedule.gt864_forward_one_bank_slothy_start.split.127_146:OPTIMAL, wall time: 0.110224 s
INFO:gt864-forward-one-bank-schedule.gt864_forward_one_bank_slothy_start.split.127_146:Booleans in result: 65
INFO:gt864-forward-one-bank-schedule.gt864_forward_one_bank_slothy_start.split.127_146.selfcheck:OK!
INFO:gt864-forward-one-bank-schedule.gt864_forward_one_bank_slothy_start.split.127_146:Minimum number of stalls: 22
INFO:gt864-forward-one-bank-schedule.gt864_forward_one_bank_slothy_start.split:[  0- 12]: *************..... (13)
INFO:gt864-forward-one-bank-schedule.gt864_forward_one_bank_slothy_start.split:[ 12- 25]: ****************.. (16)
INFO:gt864-forward-one-bank-schedule.gt864_forward_one_bank_slothy_start.split:[ 25- 37]: *************..... (13)
INFO:gt864-forward-one-bank-schedule.gt864_forward_one_bank_slothy_start.split:[ 37- 50]: *************..... (13)
INFO:gt864-forward-one-bank-schedule.gt864_forward_one_bank_slothy_start.split:[ 50- 63]: ************...... (12)
INFO:gt864-forward-one-bank-schedule.gt864_forward_one_bank_slothy_start.split:[ 63- 75]: **************.... (14)
INFO:gt864-forward-one-bank-schedule.gt864_forward_one_bank_slothy_start.split:[ 75- 88]: *****************. (17)
INFO:gt864-forward-one-bank-schedule.gt864_forward_one_bank_slothy_start.split:[ 88-101]: *************..... (13)
INFO:gt864-forward-one-bank-schedule.gt864_forward_one_bank_slothy_start.split:[101-113]: ****************.. (16)
INFO:gt864-forward-one-bank-schedule.gt864_forward_one_bank_slothy_start.split:[113-126]: ***************... (15)
INFO:gt864-forward-one-bank-schedule.gt864_forward_one_bank_slothy_start.split:[126-139]: ***************... (15)
INFO:gt864-forward-one-bank-schedule.gt864_forward_one_bank_slothy_start.split:[139-151]: ****************.. (16)
INFO:gt864-forward-one-bank-schedule.gt864_forward_one_bank_slothy_start.split:[151-164]: ***************... (15)
INFO:gt864-forward-one-bank-schedule.gt864_forward_one_bank_slothy_start.split:[164-177]: ***************... (15)
INFO:gt864-forward-one-bank-schedule.gt864_forward_one_bank_slothy_start.split:[177-189]: ***************... (15)
INFO:gt864-forward-one-bank-schedule.gt864_forward_one_bank_slothy_start.split:[189-202]: ***************... (15)
INFO:gt864-forward-one-bank-schedule.gt864_forward_one_bank_slothy_start.split:[202-215]: ***************... (15)
INFO:gt864-forward-one-bank-schedule.gt864_forward_one_bank_slothy_start.split:[215-227]: ***************... (15)
INFO:gt864-forward-one-bank-schedule.gt864_forward_one_bank_slothy_start.split:[227-240]: ***************... (15)
INFO:gt864-forward-one-bank-schedule.gt864_forward_one_bank_slothy_start.split:[240-253]: ***************... (15)
INFO:gt864-forward-one-bank-schedule.gt864_forward_one_bank_slothy_start.split:[253-265]: ***************... (15)
INFO:gt864-forward-one-bank-schedule.gt864_forward_one_bank_slothy_start.split:[265-278]: ***************... (15)
INFO:gt864-forward-one-bank-schedule.gt864_forward_one_bank_slothy_start.split:[278-291]: ***************... (15)
INFO:gt864-forward-one-bank-schedule.gt864_forward_one_bank_slothy_start.split:[291-303]: ************...... (12)
INFO:gt864-forward-one-bank-schedule.gt864_forward_one_bank_slothy_start.split:[303-316]: **********........ (10)
INFO:gt864-forward-one-bank-schedule.gt864_forward_one_bank_slothy_start.split:[316-329]: *********......... (9)
INFO:gt864-forward-one-bank-schedule.gt864_forward_one_bank_slothy_start.split:[329-341]: *********......... (9)
INFO:gt864-forward-one-bank-schedule.gt864_forward_one_bank_slothy_start.split:[341-354]: ***********....... (11)
INFO:gt864-forward-one-bank-schedule.gt864_forward_one_bank_slothy_start.split:[354-367]: **************.... (14)
INFO:gt864-forward-one-bank-schedule.gt864_forward_one_bank_slothy_start.split:[367-379]: ***************... (15)
INFO:gt864-forward-one-bank-schedule.gt864_forward_one_bank_slothy_start.split:[379-392]: ***************... (15)
INFO:gt864-forward-one-bank-schedule.gt864_forward_one_bank_slothy_start.split:[392-405]: ***************... (15)
INFO:gt864-forward-one-bank-schedule.gt864_forward_one_bank_slothy_start.split:[405-417]: ***************... (15)
INFO:gt864-forward-one-bank-schedule.gt864_forward_one_bank_slothy_start.split:[417-430]: ***************... (15)
INFO:gt864-forward-one-bank-schedule.gt864_forward_one_bank_slothy_start.split:[430-443]: ***************... (15)
INFO:gt864-forward-one-bank-schedule.gt864_forward_one_bank_slothy_start.split:[443-455]: ***************... (15)
INFO:gt864-forward-one-bank-schedule.gt864_forward_one_bank_slothy_start.split:[455-468]: ***************... (15)
INFO:gt864-forward-one-bank-schedule.gt864_forward_one_bank_slothy_start.split:[468-481]: ***************... (15)
INFO:gt864-forward-one-bank-schedule.gt864_forward_one_bank_slothy_start.split:[481-493]: **************.... (14)
INFO:gt864-forward-one-bank-schedule.gt864_forward_one_bank_slothy_start.split:[493-506]: **************.... (14)
INFO:gt864-forward-one-bank-schedule.gt864_forward_one_bank_slothy_start.split:[506-519]: ***************... (15)
INFO:gt864-forward-one-bank-schedule.gt864_forward_one_bank_slothy_start.split:[519-531]: ***************... (15)
INFO:gt864-forward-one-bank-schedule.gt864_forward_one_bank_slothy_start.split:[531-544]: ****************.. (16)
INFO:gt864-forward-one-bank-schedule.gt864_forward_one_bank_slothy_start.split:[544-557]: ***************... (15)
INFO:gt864-forward-one-bank-schedule.gt864_forward_one_bank_slothy_start.split:[557-569]: ***************... (15)
INFO:gt864-forward-one-bank-schedule.gt864_forward_one_bank_slothy_start.split:[569-582]: ***************... (15)
INFO:gt864-forward-one-bank-schedule.gt864_forward_one_bank_slothy_start.split:[582-595]: ***************... (15)
INFO:gt864-forward-one-bank-schedule.gt864_forward_one_bank_slothy_start.split:[595-607]: ***************... (15)
INFO:gt864-forward-one-bank-schedule.gt864_forward_one_bank_slothy_start.split:[607-620]: ***************... (15)
INFO:gt864-forward-one-bank-schedule.gt864_forward_one_bank_slothy_start.split:[620-633]: *************..... (13)
INFO:gt864-forward-one-bank-schedule.gt864_forward_one_bank_slothy_start.split.158_178:Perform internal binary search for minimal number of stalls...
INFO:gt864-forward-one-bank-schedule.gt864_forward_one_bank_slothy_start.split.158_178:Attempt optimization with max 256 stalls...
INFO:gt864-forward-one-bank-schedule.gt864_forward_one_bank_slothy_start.split.158_178:Setting timeout of 14400 seconds...
INFO:gt864-forward-one-bank-schedule.gt864_forward_one_bank_slothy_start.split.158_178:Objective: minimize cycles
INFO:gt864-forward-one-bank-schedule.gt864_forward_one_bank_slothy_start.split.158_178:Invoking external constraint solver (OR-Tools CP-SAT v9.15.6755) ...
INFO:gt864-forward-one-bank-schedule.gt864_forward_one_bank_slothy_start.split.158_178:[0.1012s]: Found 1 solutions so far... objective (minimize cycles): currently  (Cycles ~ 31.0, IPC ~ 0.65), bound  (Cycles ~ 19.0, IPC ~ 1.05)
INFO:gt864-forward-one-bank-schedule.gt864_forward_one_bank_slothy_start.split.158_178:[0.1224s]: Found 2 solutions so far... objective (minimize cycles): currently  (Cycles ~ 30.0, IPC ~ 0.67), bound  (Cycles ~ 19.0, IPC ~ 1.05)
INFO:gt864-forward-one-bank-schedule.gt864_forward_one_bank_slothy_start.split.158_178:[0.1618s]: Found 3 solutions so far... objective (minimize cycles): currently  (Cycles ~ 29.0, IPC ~ 0.69), bound  (Cycles ~ 23.0, IPC ~ 0.87)
INFO:gt864-forward-one-bank-schedule.gt864_forward_one_bank_slothy_start.split.158_178:OPTIMAL, wall time: 0.233289 s
INFO:gt864-forward-one-bank-schedule.gt864_forward_one_bank_slothy_start.split.158_178:Booleans in result: 92
INFO:gt864-forward-one-bank-schedule.gt864_forward_one_bank_slothy_start.split.158_178.selfcheck:OK!
INFO:gt864-forward-one-bank-schedule.gt864_forward_one_bank_slothy_start.split.158_178:Minimum number of stalls: 24
INFO:gt864-forward-one-bank-schedule.gt864_forward_one_bank_slothy_start.split:[  0- 12]: *************..... (13)
INFO:gt864-forward-one-bank-schedule.gt864_forward_one_bank_slothy_start.split:[ 12- 25]: ****************.. (16)
INFO:gt864-forward-one-bank-schedule.gt864_forward_one_bank_slothy_start.split:[ 25- 37]: *************..... (13)
INFO:gt864-forward-one-bank-schedule.gt864_forward_one_bank_slothy_start.split:[ 37- 50]: *************..... (13)
INFO:gt864-forward-one-bank-schedule.gt864_forward_one_bank_slothy_start.split:[ 50- 63]: ************...... (12)
INFO:gt864-forward-one-bank-schedule.gt864_forward_one_bank_slothy_start.split:[ 63- 75]: **************.... (14)
INFO:gt864-forward-one-bank-schedule.gt864_forward_one_bank_slothy_start.split:[ 75- 88]: *****************. (17)
INFO:gt864-forward-one-bank-schedule.gt864_forward_one_bank_slothy_start.split:[ 88-101]: *************..... (13)
INFO:gt864-forward-one-bank-schedule.gt864_forward_one_bank_slothy_start.split:[101-113]: ****************.. (16)
INFO:gt864-forward-one-bank-schedule.gt864_forward_one_bank_slothy_start.split:[113-126]: ***************... (15)
INFO:gt864-forward-one-bank-schedule.gt864_forward_one_bank_slothy_start.split:[126-139]: ***************... (15)
INFO:gt864-forward-one-bank-schedule.gt864_forward_one_bank_slothy_start.split:[139-151]: ****************.. (16)
INFO:gt864-forward-one-bank-schedule.gt864_forward_one_bank_slothy_start.split:[151-164]: ****************.. (16)
INFO:gt864-forward-one-bank-schedule.gt864_forward_one_bank_slothy_start.split:[164-177]: ****************.. (16)
INFO:gt864-forward-one-bank-schedule.gt864_forward_one_bank_slothy_start.split:[177-189]: ***************... (15)
INFO:gt864-forward-one-bank-schedule.gt864_forward_one_bank_slothy_start.split:[189-202]: ***************... (15)
INFO:gt864-forward-one-bank-schedule.gt864_forward_one_bank_slothy_start.split:[202-215]: ***************... (15)
INFO:gt864-forward-one-bank-schedule.gt864_forward_one_bank_slothy_start.split:[215-227]: ***************... (15)
INFO:gt864-forward-one-bank-schedule.gt864_forward_one_bank_slothy_start.split:[227-240]: ***************... (15)
INFO:gt864-forward-one-bank-schedule.gt864_forward_one_bank_slothy_start.split:[240-253]: ***************... (15)
INFO:gt864-forward-one-bank-schedule.gt864_forward_one_bank_slothy_start.split:[253-265]: ***************... (15)
INFO:gt864-forward-one-bank-schedule.gt864_forward_one_bank_slothy_start.split:[265-278]: ***************... (15)
INFO:gt864-forward-one-bank-schedule.gt864_forward_one_bank_slothy_start.split:[278-291]: ***************... (15)
INFO:gt864-forward-one-bank-schedule.gt864_forward_one_bank_slothy_start.split:[291-303]: ************...... (12)
INFO:gt864-forward-one-bank-schedule.gt864_forward_one_bank_slothy_start.split:[303-316]: **********........ (10)
INFO:gt864-forward-one-bank-schedule.gt864_forward_one_bank_slothy_start.split:[316-329]: *********......... (9)
INFO:gt864-forward-one-bank-schedule.gt864_forward_one_bank_slothy_start.split:[329-341]: *********......... (9)
INFO:gt864-forward-one-bank-schedule.gt864_forward_one_bank_slothy_start.split:[341-354]: ***********....... (11)
INFO:gt864-forward-one-bank-schedule.gt864_forward_one_bank_slothy_start.split:[354-367]: **************.... (14)
INFO:gt864-forward-one-bank-schedule.gt864_forward_one_bank_slothy_start.split:[367-379]: ***************... (15)
INFO:gt864-forward-one-bank-schedule.gt864_forward_one_bank_slothy_start.split:[379-392]: ***************... (15)
INFO:gt864-forward-one-bank-schedule.gt864_forward_one_bank_slothy_start.split:[392-405]: ***************... (15)
INFO:gt864-forward-one-bank-schedule.gt864_forward_one_bank_slothy_start.split:[405-417]: ***************... (15)
INFO:gt864-forward-one-bank-schedule.gt864_forward_one_bank_slothy_start.split:[417-430]: ***************... (15)
INFO:gt864-forward-one-bank-schedule.gt864_forward_one_bank_slothy_start.split:[430-443]: ***************... (15)
INFO:gt864-forward-one-bank-schedule.gt864_forward_one_bank_slothy_start.split:[443-455]: ***************... (15)
INFO:gt864-forward-one-bank-schedule.gt864_forward_one_bank_slothy_start.split:[455-468]: ***************... (15)
INFO:gt864-forward-one-bank-schedule.gt864_forward_one_bank_slothy_start.split:[468-481]: ***************... (15)
INFO:gt864-forward-one-bank-schedule.gt864_forward_one_bank_slothy_start.split:[481-493]: **************.... (14)
INFO:gt864-forward-one-bank-schedule.gt864_forward_one_bank_slothy_start.split:[493-506]: **************.... (14)
INFO:gt864-forward-one-bank-schedule.gt864_forward_one_bank_slothy_start.split:[506-519]: ***************... (15)
INFO:gt864-forward-one-bank-schedule.gt864_forward_one_bank_slothy_start.split:[519-531]: ***************... (15)
INFO:gt864-forward-one-bank-schedule.gt864_forward_one_bank_slothy_start.split:[531-544]: ****************.. (16)
INFO:gt864-forward-one-bank-schedule.gt864_forward_one_bank_slothy_start.split:[544-557]: ***************... (15)
INFO:gt864-forward-one-bank-schedule.gt864_forward_one_bank_slothy_start.split:[557-569]: ***************... (15)
INFO:gt864-forward-one-bank-schedule.gt864_forward_one_bank_slothy_start.split:[569-582]: ***************... (15)
INFO:gt864-forward-one-bank-schedule.gt864_forward_one_bank_slothy_start.split:[582-595]: ***************... (15)
INFO:gt864-forward-one-bank-schedule.gt864_forward_one_bank_slothy_start.split:[595-607]: ***************... (15)
INFO:gt864-forward-one-bank-schedule.gt864_forward_one_bank_slothy_start.split:[607-620]: ***************... (15)
INFO:gt864-forward-one-bank-schedule.gt864_forward_one_bank_slothy_start.split:[620-633]: *************..... (13)
INFO:gt864-forward-one-bank-schedule.gt864_forward_one_bank_slothy_start.split.190_210:Perform internal binary search for minimal number of stalls...
INFO:gt864-forward-one-bank-schedule.gt864_forward_one_bank_slothy_start.split.190_210:Attempt optimization with max 256 stalls...
INFO:gt864-forward-one-bank-schedule.gt864_forward_one_bank_slothy_start.split.190_210:Setting timeout of 14400 seconds...
INFO:gt864-forward-one-bank-schedule.gt864_forward_one_bank_slothy_start.split.190_210:Objective: minimize cycles
INFO:gt864-forward-one-bank-schedule.gt864_forward_one_bank_slothy_start.split.190_210:Invoking external constraint solver (OR-Tools CP-SAT v9.15.6755) ...
INFO:gt864-forward-one-bank-schedule.gt864_forward_one_bank_slothy_start.split.190_210:[0.1057s]: Found 1 solutions so far... objective (minimize cycles): currently  (Cycles ~ 28.0, IPC ~ 0.71), bound  (Cycles ~ 21.0, IPC ~ 0.95)
INFO:gt864-forward-one-bank-schedule.gt864_forward_one_bank_slothy_start.split.190_210:OPTIMAL, wall time: 0.118181 s
INFO:gt864-forward-one-bank-schedule.gt864_forward_one_bank_slothy_start.split.190_210:Booleans in result: 97
INFO:gt864-forward-one-bank-schedule.gt864_forward_one_bank_slothy_start.split.190_210.selfcheck:OK!
INFO:gt864-forward-one-bank-schedule.gt864_forward_one_bank_slothy_start.split.190_210:Minimum number of stalls: 23
INFO:gt864-forward-one-bank-schedule.gt864_forward_one_bank_slothy_start.split:[  0- 12]: *************..... (13)
INFO:gt864-forward-one-bank-schedule.gt864_forward_one_bank_slothy_start.split:[ 12- 25]: ****************.. (16)
INFO:gt864-forward-one-bank-schedule.gt864_forward_one_bank_slothy_start.split:[ 25- 37]: *************..... (13)
INFO:gt864-forward-one-bank-schedule.gt864_forward_one_bank_slothy_start.split:[ 37- 50]: *************..... (13)
INFO:gt864-forward-one-bank-schedule.gt864_forward_one_bank_slothy_start.split:[ 50- 63]: ************...... (12)
INFO:gt864-forward-one-bank-schedule.gt864_forward_one_bank_slothy_start.split:[ 63- 75]: **************.... (14)
INFO:gt864-forward-one-bank-schedule.gt864_forward_one_bank_slothy_start.split:[ 75- 88]: *****************. (17)
INFO:gt864-forward-one-bank-schedule.gt864_forward_one_bank_slothy_start.split:[ 88-101]: *************..... (13)
INFO:gt864-forward-one-bank-schedule.gt864_forward_one_bank_slothy_start.split:[101-113]: ****************.. (16)
INFO:gt864-forward-one-bank-schedule.gt864_forward_one_bank_slothy_start.split:[113-126]: ***************... (15)
INFO:gt864-forward-one-bank-schedule.gt864_forward_one_bank_slothy_start.split:[126-139]: ***************... (15)
INFO:gt864-forward-one-bank-schedule.gt864_forward_one_bank_slothy_start.split:[139-151]: ****************.. (16)
INFO:gt864-forward-one-bank-schedule.gt864_forward_one_bank_slothy_start.split:[151-164]: ****************.. (16)
INFO:gt864-forward-one-bank-schedule.gt864_forward_one_bank_slothy_start.split:[164-177]: ****************.. (16)
INFO:gt864-forward-one-bank-schedule.gt864_forward_one_bank_slothy_start.split:[177-189]: ***************... (15)
INFO:gt864-forward-one-bank-schedule.gt864_forward_one_bank_slothy_start.split:[189-202]: ***************... (15)
INFO:gt864-forward-one-bank-schedule.gt864_forward_one_bank_slothy_start.split:[202-215]: ****************.. (16)
INFO:gt864-forward-one-bank-schedule.gt864_forward_one_bank_slothy_start.split:[215-227]: ***************... (15)
INFO:gt864-forward-one-bank-schedule.gt864_forward_one_bank_slothy_start.split:[227-240]: ***************... (15)
INFO:gt864-forward-one-bank-schedule.gt864_forward_one_bank_slothy_start.split:[240-253]: ***************... (15)
INFO:gt864-forward-one-bank-schedule.gt864_forward_one_bank_slothy_start.split:[253-265]: ***************... (15)
INFO:gt864-forward-one-bank-schedule.gt864_forward_one_bank_slothy_start.split:[265-278]: ***************... (15)
INFO:gt864-forward-one-bank-schedule.gt864_forward_one_bank_slothy_start.split:[278-291]: ***************... (15)
INFO:gt864-forward-one-bank-schedule.gt864_forward_one_bank_slothy_start.split:[291-303]: ************...... (12)
INFO:gt864-forward-one-bank-schedule.gt864_forward_one_bank_slothy_start.split:[303-316]: **********........ (10)
INFO:gt864-forward-one-bank-schedule.gt864_forward_one_bank_slothy_start.split:[316-329]: *********......... (9)
INFO:gt864-forward-one-bank-schedule.gt864_forward_one_bank_slothy_start.split:[329-341]: *********......... (9)
INFO:gt864-forward-one-bank-schedule.gt864_forward_one_bank_slothy_start.split:[341-354]: ***********....... (11)
INFO:gt864-forward-one-bank-schedule.gt864_forward_one_bank_slothy_start.split:[354-367]: **************.... (14)
INFO:gt864-forward-one-bank-schedule.gt864_forward_one_bank_slothy_start.split:[367-379]: ***************... (15)
INFO:gt864-forward-one-bank-schedule.gt864_forward_one_bank_slothy_start.split:[379-392]: ***************... (15)
INFO:gt864-forward-one-bank-schedule.gt864_forward_one_bank_slothy_start.split:[392-405]: ***************... (15)
INFO:gt864-forward-one-bank-schedule.gt864_forward_one_bank_slothy_start.split:[405-417]: ***************... (15)
INFO:gt864-forward-one-bank-schedule.gt864_forward_one_bank_slothy_start.split:[417-430]: ***************... (15)
INFO:gt864-forward-one-bank-schedule.gt864_forward_one_bank_slothy_start.split:[430-443]: ***************... (15)
INFO:gt864-forward-one-bank-schedule.gt864_forward_one_bank_slothy_start.split:[443-455]: ***************... (15)
INFO:gt864-forward-one-bank-schedule.gt864_forward_one_bank_slothy_start.split:[455-468]: ***************... (15)
INFO:gt864-forward-one-bank-schedule.gt864_forward_one_bank_slothy_start.split:[468-481]: ***************... (15)
INFO:gt864-forward-one-bank-schedule.gt864_forward_one_bank_slothy_start.split:[481-493]: **************.... (14)
INFO:gt864-forward-one-bank-schedule.gt864_forward_one_bank_slothy_start.split:[493-506]: **************.... (14)
INFO:gt864-forward-one-bank-schedule.gt864_forward_one_bank_slothy_start.split:[506-519]: ***************... (15)
INFO:gt864-forward-one-bank-schedule.gt864_forward_one_bank_slothy_start.split:[519-531]: ***************... (15)
INFO:gt864-forward-one-bank-schedule.gt864_forward_one_bank_slothy_start.split:[531-544]: ****************.. (16)
INFO:gt864-forward-one-bank-schedule.gt864_forward_one_bank_slothy_start.split:[544-557]: ***************... (15)
INFO:gt864-forward-one-bank-schedule.gt864_forward_one_bank_slothy_start.split:[557-569]: ***************... (15)
INFO:gt864-forward-one-bank-schedule.gt864_forward_one_bank_slothy_start.split:[569-582]: ***************... (15)
INFO:gt864-forward-one-bank-schedule.gt864_forward_one_bank_slothy_start.split:[582-595]: ***************... (15)
INFO:gt864-forward-one-bank-schedule.gt864_forward_one_bank_slothy_start.split:[595-607]: ***************... (15)
INFO:gt864-forward-one-bank-schedule.gt864_forward_one_bank_slothy_start.split:[607-620]: ***************... (15)
INFO:gt864-forward-one-bank-schedule.gt864_forward_one_bank_slothy_start.split:[620-633]: *************..... (13)
INFO:gt864-forward-one-bank-schedule.gt864_forward_one_bank_slothy_start.split.222_241:Perform internal binary search for minimal number of stalls...
INFO:gt864-forward-one-bank-schedule.gt864_forward_one_bank_slothy_start.split.222_241:Attempt optimization with max 256 stalls...
INFO:gt864-forward-one-bank-schedule.gt864_forward_one_bank_slothy_start.split.222_241:Setting timeout of 14400 seconds...
INFO:gt864-forward-one-bank-schedule.gt864_forward_one_bank_slothy_start.split.222_241:Objective: minimize cycles
INFO:gt864-forward-one-bank-schedule.gt864_forward_one_bank_slothy_start.split.222_241:Invoking external constraint solver (OR-Tools CP-SAT v9.15.6755) ...
INFO:gt864-forward-one-bank-schedule.gt864_forward_one_bank_slothy_start.split.222_241:[0.0914s]: Found 1 solutions so far... objective (minimize cycles): currently  (Cycles ~ 28.0, IPC ~ 0.68), bound  (Cycles ~ 19.0, IPC ~ 1.00)
INFO:gt864-forward-one-bank-schedule.gt864_forward_one_bank_slothy_start.split.222_241:OPTIMAL, wall time: 0.103909 s
INFO:gt864-forward-one-bank-schedule.gt864_forward_one_bank_slothy_start.split.222_241:Booleans in result: 111
INFO:gt864-forward-one-bank-schedule.gt864_forward_one_bank_slothy_start.split.222_241.selfcheck:OK!
INFO:gt864-forward-one-bank-schedule.gt864_forward_one_bank_slothy_start.split.222_241:Minimum number of stalls: 23
INFO:gt864-forward-one-bank-schedule.gt864_forward_one_bank_slothy_start.split:[  0- 12]: *************..... (13)
INFO:gt864-forward-one-bank-schedule.gt864_forward_one_bank_slothy_start.split:[ 12- 25]: ****************.. (16)
INFO:gt864-forward-one-bank-schedule.gt864_forward_one_bank_slothy_start.split:[ 25- 37]: *************..... (13)
INFO:gt864-forward-one-bank-schedule.gt864_forward_one_bank_slothy_start.split:[ 37- 50]: *************..... (13)
INFO:gt864-forward-one-bank-schedule.gt864_forward_one_bank_slothy_start.split:[ 50- 63]: ************...... (12)
INFO:gt864-forward-one-bank-schedule.gt864_forward_one_bank_slothy_start.split:[ 63- 75]: **************.... (14)
INFO:gt864-forward-one-bank-schedule.gt864_forward_one_bank_slothy_start.split:[ 75- 88]: *****************. (17)
INFO:gt864-forward-one-bank-schedule.gt864_forward_one_bank_slothy_start.split:[ 88-101]: *************..... (13)
INFO:gt864-forward-one-bank-schedule.gt864_forward_one_bank_slothy_start.split:[101-113]: ****************.. (16)
INFO:gt864-forward-one-bank-schedule.gt864_forward_one_bank_slothy_start.split:[113-126]: ***************... (15)
INFO:gt864-forward-one-bank-schedule.gt864_forward_one_bank_slothy_start.split:[126-139]: ***************... (15)
INFO:gt864-forward-one-bank-schedule.gt864_forward_one_bank_slothy_start.split:[139-151]: ****************.. (16)
INFO:gt864-forward-one-bank-schedule.gt864_forward_one_bank_slothy_start.split:[151-164]: ****************.. (16)
INFO:gt864-forward-one-bank-schedule.gt864_forward_one_bank_slothy_start.split:[164-177]: ****************.. (16)
INFO:gt864-forward-one-bank-schedule.gt864_forward_one_bank_slothy_start.split:[177-189]: ***************... (15)
INFO:gt864-forward-one-bank-schedule.gt864_forward_one_bank_slothy_start.split:[189-202]: ***************... (15)
INFO:gt864-forward-one-bank-schedule.gt864_forward_one_bank_slothy_start.split:[202-215]: ****************.. (16)
INFO:gt864-forward-one-bank-schedule.gt864_forward_one_bank_slothy_start.split:[215-227]: ****************.. (16)
INFO:gt864-forward-one-bank-schedule.gt864_forward_one_bank_slothy_start.split:[227-240]: ****************.. (16)
INFO:gt864-forward-one-bank-schedule.gt864_forward_one_bank_slothy_start.split:[240-253]: ****************.. (16)
INFO:gt864-forward-one-bank-schedule.gt864_forward_one_bank_slothy_start.split:[253-265]: ***************... (15)
INFO:gt864-forward-one-bank-schedule.gt864_forward_one_bank_slothy_start.split:[265-278]: ***************... (15)
INFO:gt864-forward-one-bank-schedule.gt864_forward_one_bank_slothy_start.split:[278-291]: ***************... (15)
INFO:gt864-forward-one-bank-schedule.gt864_forward_one_bank_slothy_start.split:[291-303]: ************...... (12)
INFO:gt864-forward-one-bank-schedule.gt864_forward_one_bank_slothy_start.split:[303-316]: **********........ (10)
INFO:gt864-forward-one-bank-schedule.gt864_forward_one_bank_slothy_start.split:[316-329]: *********......... (9)
INFO:gt864-forward-one-bank-schedule.gt864_forward_one_bank_slothy_start.split:[329-341]: *********......... (9)
INFO:gt864-forward-one-bank-schedule.gt864_forward_one_bank_slothy_start.split:[341-354]: ***********....... (11)
INFO:gt864-forward-one-bank-schedule.gt864_forward_one_bank_slothy_start.split:[354-367]: **************.... (14)
INFO:gt864-forward-one-bank-schedule.gt864_forward_one_bank_slothy_start.split:[367-379]: ***************... (15)
INFO:gt864-forward-one-bank-schedule.gt864_forward_one_bank_slothy_start.split:[379-392]: ***************... (15)
INFO:gt864-forward-one-bank-schedule.gt864_forward_one_bank_slothy_start.split:[392-405]: ***************... (15)
INFO:gt864-forward-one-bank-schedule.gt864_forward_one_bank_slothy_start.split:[405-417]: ***************... (15)
INFO:gt864-forward-one-bank-schedule.gt864_forward_one_bank_slothy_start.split:[417-430]: ***************... (15)
INFO:gt864-forward-one-bank-schedule.gt864_forward_one_bank_slothy_start.split:[430-443]: ***************... (15)
INFO:gt864-forward-one-bank-schedule.gt864_forward_one_bank_slothy_start.split:[443-455]: ***************... (15)
INFO:gt864-forward-one-bank-schedule.gt864_forward_one_bank_slothy_start.split:[455-468]: ***************... (15)
INFO:gt864-forward-one-bank-schedule.gt864_forward_one_bank_slothy_start.split:[468-481]: ***************... (15)
INFO:gt864-forward-one-bank-schedule.gt864_forward_one_bank_slothy_start.split:[481-493]: **************.... (14)
INFO:gt864-forward-one-bank-schedule.gt864_forward_one_bank_slothy_start.split:[493-506]: **************.... (14)
INFO:gt864-forward-one-bank-schedule.gt864_forward_one_bank_slothy_start.split:[506-519]: ***************... (15)
INFO:gt864-forward-one-bank-schedule.gt864_forward_one_bank_slothy_start.split:[519-531]: ***************... (15)
INFO:gt864-forward-one-bank-schedule.gt864_forward_one_bank_slothy_start.split:[531-544]: ****************.. (16)
INFO:gt864-forward-one-bank-schedule.gt864_forward_one_bank_slothy_start.split:[544-557]: ***************... (15)
INFO:gt864-forward-one-bank-schedule.gt864_forward_one_bank_slothy_start.split:[557-569]: ***************... (15)
INFO:gt864-forward-one-bank-schedule.gt864_forward_one_bank_slothy_start.split:[569-582]: ***************... (15)
INFO:gt864-forward-one-bank-schedule.gt864_forward_one_bank_slothy_start.split:[582-595]: ***************... (15)
INFO:gt864-forward-one-bank-schedule.gt864_forward_one_bank_slothy_start.split:[595-607]: ***************... (15)
INFO:gt864-forward-one-bank-schedule.gt864_forward_one_bank_slothy_start.split:[607-620]: ***************... (15)
INFO:gt864-forward-one-bank-schedule.gt864_forward_one_bank_slothy_start.split:[620-633]: *************..... (13)
INFO:gt864-forward-one-bank-schedule.gt864_forward_one_bank_slothy_start.split.253_273:Perform internal binary search for minimal number of stalls...
INFO:gt864-forward-one-bank-schedule.gt864_forward_one_bank_slothy_start.split.253_273:Attempt optimization with max 256 stalls...
INFO:gt864-forward-one-bank-schedule.gt864_forward_one_bank_slothy_start.split.253_273:Setting timeout of 14400 seconds...
INFO:gt864-forward-one-bank-schedule.gt864_forward_one_bank_slothy_start.split.253_273:Objective: minimize cycles
INFO:gt864-forward-one-bank-schedule.gt864_forward_one_bank_slothy_start.split.253_273:Invoking external constraint solver (OR-Tools CP-SAT v9.15.6755) ...
INFO:gt864-forward-one-bank-schedule.gt864_forward_one_bank_slothy_start.split.253_273:[0.0907s]: Found 1 solutions so far... objective (minimize cycles): currently  (Cycles ~ 27.0, IPC ~ 0.74), bound  (Cycles ~ 20.0, IPC ~ 1.00)
INFO:gt864-forward-one-bank-schedule.gt864_forward_one_bank_slothy_start.split.253_273:[0.0972s]: Found 2 solutions so far... objective (minimize cycles): currently  (Cycles ~ 26.0, IPC ~ 0.77), bound  (Cycles ~ 21.0, IPC ~ 0.95)
INFO:gt864-forward-one-bank-schedule.gt864_forward_one_bank_slothy_start.split.253_273:OPTIMAL, wall time: 0.109107 s
INFO:gt864-forward-one-bank-schedule.gt864_forward_one_bank_slothy_start.split.253_273:Booleans in result: 90
INFO:gt864-forward-one-bank-schedule.gt864_forward_one_bank_slothy_start.split.253_273.selfcheck:OK!
INFO:gt864-forward-one-bank-schedule.gt864_forward_one_bank_slothy_start.split.253_273:Minimum number of stalls: 21
INFO:gt864-forward-one-bank-schedule.gt864_forward_one_bank_slothy_start.split:[  0- 12]: *************..... (13)
INFO:gt864-forward-one-bank-schedule.gt864_forward_one_bank_slothy_start.split:[ 12- 25]: ****************.. (16)
INFO:gt864-forward-one-bank-schedule.gt864_forward_one_bank_slothy_start.split:[ 25- 37]: *************..... (13)
INFO:gt864-forward-one-bank-schedule.gt864_forward_one_bank_slothy_start.split:[ 37- 50]: *************..... (13)
INFO:gt864-forward-one-bank-schedule.gt864_forward_one_bank_slothy_start.split:[ 50- 63]: ************...... (12)
INFO:gt864-forward-one-bank-schedule.gt864_forward_one_bank_slothy_start.split:[ 63- 75]: **************.... (14)
INFO:gt864-forward-one-bank-schedule.gt864_forward_one_bank_slothy_start.split:[ 75- 88]: *****************. (17)
INFO:gt864-forward-one-bank-schedule.gt864_forward_one_bank_slothy_start.split:[ 88-101]: *************..... (13)
INFO:gt864-forward-one-bank-schedule.gt864_forward_one_bank_slothy_start.split:[101-113]: ****************.. (16)
INFO:gt864-forward-one-bank-schedule.gt864_forward_one_bank_slothy_start.split:[113-126]: ***************... (15)
INFO:gt864-forward-one-bank-schedule.gt864_forward_one_bank_slothy_start.split:[126-139]: ***************... (15)
INFO:gt864-forward-one-bank-schedule.gt864_forward_one_bank_slothy_start.split:[139-151]: ****************.. (16)
INFO:gt864-forward-one-bank-schedule.gt864_forward_one_bank_slothy_start.split:[151-164]: ****************.. (16)
INFO:gt864-forward-one-bank-schedule.gt864_forward_one_bank_slothy_start.split:[164-177]: ****************.. (16)
INFO:gt864-forward-one-bank-schedule.gt864_forward_one_bank_slothy_start.split:[177-189]: ***************... (15)
INFO:gt864-forward-one-bank-schedule.gt864_forward_one_bank_slothy_start.split:[189-202]: ***************... (15)
INFO:gt864-forward-one-bank-schedule.gt864_forward_one_bank_slothy_start.split:[202-215]: ****************.. (16)
INFO:gt864-forward-one-bank-schedule.gt864_forward_one_bank_slothy_start.split:[215-227]: ****************.. (16)
INFO:gt864-forward-one-bank-schedule.gt864_forward_one_bank_slothy_start.split:[227-240]: ****************.. (16)
INFO:gt864-forward-one-bank-schedule.gt864_forward_one_bank_slothy_start.split:[240-253]: ***************... (15)
INFO:gt864-forward-one-bank-schedule.gt864_forward_one_bank_slothy_start.split:[253-265]: ***************... (15)
INFO:gt864-forward-one-bank-schedule.gt864_forward_one_bank_slothy_start.split:[265-278]: ***************... (15)
INFO:gt864-forward-one-bank-schedule.gt864_forward_one_bank_slothy_start.split:[278-291]: ***************... (15)
INFO:gt864-forward-one-bank-schedule.gt864_forward_one_bank_slothy_start.split:[291-303]: ************...... (12)
INFO:gt864-forward-one-bank-schedule.gt864_forward_one_bank_slothy_start.split:[303-316]: **********........ (10)
INFO:gt864-forward-one-bank-schedule.gt864_forward_one_bank_slothy_start.split:[316-329]: *********......... (9)
INFO:gt864-forward-one-bank-schedule.gt864_forward_one_bank_slothy_start.split:[329-341]: *********......... (9)
INFO:gt864-forward-one-bank-schedule.gt864_forward_one_bank_slothy_start.split:[341-354]: ***********....... (11)
INFO:gt864-forward-one-bank-schedule.gt864_forward_one_bank_slothy_start.split:[354-367]: **************.... (14)
INFO:gt864-forward-one-bank-schedule.gt864_forward_one_bank_slothy_start.split:[367-379]: ***************... (15)
INFO:gt864-forward-one-bank-schedule.gt864_forward_one_bank_slothy_start.split:[379-392]: ***************... (15)
INFO:gt864-forward-one-bank-schedule.gt864_forward_one_bank_slothy_start.split:[392-405]: ***************... (15)
INFO:gt864-forward-one-bank-schedule.gt864_forward_one_bank_slothy_start.split:[405-417]: ***************... (15)
INFO:gt864-forward-one-bank-schedule.gt864_forward_one_bank_slothy_start.split:[417-430]: ***************... (15)
INFO:gt864-forward-one-bank-schedule.gt864_forward_one_bank_slothy_start.split:[430-443]: ***************... (15)
INFO:gt864-forward-one-bank-schedule.gt864_forward_one_bank_slothy_start.split:[443-455]: ***************... (15)
INFO:gt864-forward-one-bank-schedule.gt864_forward_one_bank_slothy_start.split:[455-468]: ***************... (15)
INFO:gt864-forward-one-bank-schedule.gt864_forward_one_bank_slothy_start.split:[468-481]: ***************... (15)
INFO:gt864-forward-one-bank-schedule.gt864_forward_one_bank_slothy_start.split:[481-493]: **************.... (14)
INFO:gt864-forward-one-bank-schedule.gt864_forward_one_bank_slothy_start.split:[493-506]: **************.... (14)
INFO:gt864-forward-one-bank-schedule.gt864_forward_one_bank_slothy_start.split:[506-519]: ***************... (15)
INFO:gt864-forward-one-bank-schedule.gt864_forward_one_bank_slothy_start.split:[519-531]: ***************... (15)
INFO:gt864-forward-one-bank-schedule.gt864_forward_one_bank_slothy_start.split:[531-544]: ****************.. (16)
INFO:gt864-forward-one-bank-schedule.gt864_forward_one_bank_slothy_start.split:[544-557]: ***************... (15)
INFO:gt864-forward-one-bank-schedule.gt864_forward_one_bank_slothy_start.split:[557-569]: ***************... (15)
INFO:gt864-forward-one-bank-schedule.gt864_forward_one_bank_slothy_start.split:[569-582]: ***************... (15)
INFO:gt864-forward-one-bank-schedule.gt864_forward_one_bank_slothy_start.split:[582-595]: ***************... (15)
INFO:gt864-forward-one-bank-schedule.gt864_forward_one_bank_slothy_start.split:[595-607]: ***************... (15)
INFO:gt864-forward-one-bank-schedule.gt864_forward_one_bank_slothy_start.split:[607-620]: ***************... (15)
INFO:gt864-forward-one-bank-schedule.gt864_forward_one_bank_slothy_start.split:[620-633]: *************..... (13)
INFO:gt864-forward-one-bank-schedule.gt864_forward_one_bank_slothy_start.split.285_305:Perform internal binary search for minimal number of stalls...
INFO:gt864-forward-one-bank-schedule.gt864_forward_one_bank_slothy_start.split.285_305:Attempt optimization with max 256 stalls...
INFO:gt864-forward-one-bank-schedule.gt864_forward_one_bank_slothy_start.split.285_305:Setting timeout of 14400 seconds...
INFO:gt864-forward-one-bank-schedule.gt864_forward_one_bank_slothy_start.split.285_305:Objective: minimize cycles
INFO:gt864-forward-one-bank-schedule.gt864_forward_one_bank_slothy_start.split.285_305:Invoking external constraint solver (OR-Tools CP-SAT v9.15.6755) ...
INFO:gt864-forward-one-bank-schedule.gt864_forward_one_bank_slothy_start.split.285_305:[0.0814s]: Found 1 solutions so far... objective (minimize cycles): currently  (Cycles ~ 20.0, IPC ~ 1.00), bound  (Cycles ~ 11.0, IPC ~ 1.82)
INFO:gt864-forward-one-bank-schedule.gt864_forward_one_bank_slothy_start.split.285_305:OPTIMAL, wall time: 0.090602 s
INFO:gt864-forward-one-bank-schedule.gt864_forward_one_bank_slothy_start.split.285_305:Booleans in result: 132
INFO:gt864-forward-one-bank-schedule.gt864_forward_one_bank_slothy_start.split.285_305.selfcheck:OK!
INFO:gt864-forward-one-bank-schedule.gt864_forward_one_bank_slothy_start.split.285_305:Minimum number of stalls: 15
INFO:gt864-forward-one-bank-schedule.gt864_forward_one_bank_slothy_start.split:[  0- 12]: *************..... (13)
INFO:gt864-forward-one-bank-schedule.gt864_forward_one_bank_slothy_start.split:[ 12- 25]: ****************.. (16)
INFO:gt864-forward-one-bank-schedule.gt864_forward_one_bank_slothy_start.split:[ 25- 37]: *************..... (13)
INFO:gt864-forward-one-bank-schedule.gt864_forward_one_bank_slothy_start.split:[ 37- 50]: *************..... (13)
INFO:gt864-forward-one-bank-schedule.gt864_forward_one_bank_slothy_start.split:[ 50- 63]: ************...... (12)
INFO:gt864-forward-one-bank-schedule.gt864_forward_one_bank_slothy_start.split:[ 63- 75]: **************.... (14)
INFO:gt864-forward-one-bank-schedule.gt864_forward_one_bank_slothy_start.split:[ 75- 88]: *****************. (17)
INFO:gt864-forward-one-bank-schedule.gt864_forward_one_bank_slothy_start.split:[ 88-101]: *************..... (13)
INFO:gt864-forward-one-bank-schedule.gt864_forward_one_bank_slothy_start.split:[101-113]: ****************.. (16)
INFO:gt864-forward-one-bank-schedule.gt864_forward_one_bank_slothy_start.split:[113-126]: ***************... (15)
INFO:gt864-forward-one-bank-schedule.gt864_forward_one_bank_slothy_start.split:[126-139]: ***************... (15)
INFO:gt864-forward-one-bank-schedule.gt864_forward_one_bank_slothy_start.split:[139-151]: ****************.. (16)
INFO:gt864-forward-one-bank-schedule.gt864_forward_one_bank_slothy_start.split:[151-164]: ****************.. (16)
INFO:gt864-forward-one-bank-schedule.gt864_forward_one_bank_slothy_start.split:[164-177]: ****************.. (16)
INFO:gt864-forward-one-bank-schedule.gt864_forward_one_bank_slothy_start.split:[177-189]: ***************... (15)
INFO:gt864-forward-one-bank-schedule.gt864_forward_one_bank_slothy_start.split:[189-202]: ***************... (15)
INFO:gt864-forward-one-bank-schedule.gt864_forward_one_bank_slothy_start.split:[202-215]: ****************.. (16)
INFO:gt864-forward-one-bank-schedule.gt864_forward_one_bank_slothy_start.split:[215-227]: ****************.. (16)
INFO:gt864-forward-one-bank-schedule.gt864_forward_one_bank_slothy_start.split:[227-240]: ****************.. (16)
INFO:gt864-forward-one-bank-schedule.gt864_forward_one_bank_slothy_start.split:[240-253]: ***************... (15)
INFO:gt864-forward-one-bank-schedule.gt864_forward_one_bank_slothy_start.split:[253-265]: ***************... (15)
INFO:gt864-forward-one-bank-schedule.gt864_forward_one_bank_slothy_start.split:[265-278]: ***************... (15)
INFO:gt864-forward-one-bank-schedule.gt864_forward_one_bank_slothy_start.split:[278-291]: **************.... (14)
INFO:gt864-forward-one-bank-schedule.gt864_forward_one_bank_slothy_start.split:[291-303]: *************..... (13)
INFO:gt864-forward-one-bank-schedule.gt864_forward_one_bank_slothy_start.split:[303-316]: ***********....... (11)
INFO:gt864-forward-one-bank-schedule.gt864_forward_one_bank_slothy_start.split:[316-329]: *********......... (9)
INFO:gt864-forward-one-bank-schedule.gt864_forward_one_bank_slothy_start.split:[329-341]: *********......... (9)
INFO:gt864-forward-one-bank-schedule.gt864_forward_one_bank_slothy_start.split:[341-354]: ***********....... (11)
INFO:gt864-forward-one-bank-schedule.gt864_forward_one_bank_slothy_start.split:[354-367]: **************.... (14)
INFO:gt864-forward-one-bank-schedule.gt864_forward_one_bank_slothy_start.split:[367-379]: ***************... (15)
INFO:gt864-forward-one-bank-schedule.gt864_forward_one_bank_slothy_start.split:[379-392]: ***************... (15)
INFO:gt864-forward-one-bank-schedule.gt864_forward_one_bank_slothy_start.split:[392-405]: ***************... (15)
INFO:gt864-forward-one-bank-schedule.gt864_forward_one_bank_slothy_start.split:[405-417]: ***************... (15)
INFO:gt864-forward-one-bank-schedule.gt864_forward_one_bank_slothy_start.split:[417-430]: ***************... (15)
INFO:gt864-forward-one-bank-schedule.gt864_forward_one_bank_slothy_start.split:[430-443]: ***************... (15)
INFO:gt864-forward-one-bank-schedule.gt864_forward_one_bank_slothy_start.split:[443-455]: ***************... (15)
INFO:gt864-forward-one-bank-schedule.gt864_forward_one_bank_slothy_start.split:[455-468]: ***************... (15)
INFO:gt864-forward-one-bank-schedule.gt864_forward_one_bank_slothy_start.split:[468-481]: ***************... (15)
INFO:gt864-forward-one-bank-schedule.gt864_forward_one_bank_slothy_start.split:[481-493]: **************.... (14)
INFO:gt864-forward-one-bank-schedule.gt864_forward_one_bank_slothy_start.split:[493-506]: **************.... (14)
INFO:gt864-forward-one-bank-schedule.gt864_forward_one_bank_slothy_start.split:[506-519]: ***************... (15)
INFO:gt864-forward-one-bank-schedule.gt864_forward_one_bank_slothy_start.split:[519-531]: ***************... (15)
INFO:gt864-forward-one-bank-schedule.gt864_forward_one_bank_slothy_start.split:[531-544]: ****************.. (16)
INFO:gt864-forward-one-bank-schedule.gt864_forward_one_bank_slothy_start.split:[544-557]: ***************... (15)
INFO:gt864-forward-one-bank-schedule.gt864_forward_one_bank_slothy_start.split:[557-569]: ***************... (15)
INFO:gt864-forward-one-bank-schedule.gt864_forward_one_bank_slothy_start.split:[569-582]: ***************... (15)
INFO:gt864-forward-one-bank-schedule.gt864_forward_one_bank_slothy_start.split:[582-595]: ***************... (15)
INFO:gt864-forward-one-bank-schedule.gt864_forward_one_bank_slothy_start.split:[595-607]: ***************... (15)
INFO:gt864-forward-one-bank-schedule.gt864_forward_one_bank_slothy_start.split:[607-620]: ***************... (15)
INFO:gt864-forward-one-bank-schedule.gt864_forward_one_bank_slothy_start.split:[620-633]: *************..... (13)
INFO:gt864-forward-one-bank-schedule.gt864_forward_one_bank_slothy_start.split.316_336:Perform internal binary search for minimal number of stalls...
INFO:gt864-forward-one-bank-schedule.gt864_forward_one_bank_slothy_start.split.316_336:Attempt optimization with max 256 stalls...
INFO:gt864-forward-one-bank-schedule.gt864_forward_one_bank_slothy_start.split.316_336:Setting timeout of 14400 seconds...
INFO:gt864-forward-one-bank-schedule.gt864_forward_one_bank_slothy_start.split.316_336:Objective: minimize cycles
INFO:gt864-forward-one-bank-schedule.gt864_forward_one_bank_slothy_start.split.316_336:Invoking external constraint solver (OR-Tools CP-SAT v9.15.6755) ...
INFO:gt864-forward-one-bank-schedule.gt864_forward_one_bank_slothy_start.split.316_336:[0.1092s]: Found 1 solutions so far... objective (minimize cycles): currently  (Cycles ~ 10.0, IPC ~ 2.00), bound  (Cycles ~ 5.0, IPC ~ 4.00)
INFO:gt864-forward-one-bank-schedule.gt864_forward_one_bank_slothy_start.split.316_336:OPTIMAL, wall time: 0.129946 s
INFO:gt864-forward-one-bank-schedule.gt864_forward_one_bank_slothy_start.split.316_336:Booleans in result: 99
INFO:gt864-forward-one-bank-schedule.gt864_forward_one_bank_slothy_start.split.316_336.selfcheck:OK!
INFO:gt864-forward-one-bank-schedule.gt864_forward_one_bank_slothy_start.split.316_336:Minimum number of stalls: 5
INFO:gt864-forward-one-bank-schedule.gt864_forward_one_bank_slothy_start.split:[  0- 12]: *************..... (13)
INFO:gt864-forward-one-bank-schedule.gt864_forward_one_bank_slothy_start.split:[ 12- 25]: ****************.. (16)
INFO:gt864-forward-one-bank-schedule.gt864_forward_one_bank_slothy_start.split:[ 25- 37]: *************..... (13)
INFO:gt864-forward-one-bank-schedule.gt864_forward_one_bank_slothy_start.split:[ 37- 50]: *************..... (13)
INFO:gt864-forward-one-bank-schedule.gt864_forward_one_bank_slothy_start.split:[ 50- 63]: ************...... (12)
INFO:gt864-forward-one-bank-schedule.gt864_forward_one_bank_slothy_start.split:[ 63- 75]: **************.... (14)
INFO:gt864-forward-one-bank-schedule.gt864_forward_one_bank_slothy_start.split:[ 75- 88]: *****************. (17)
INFO:gt864-forward-one-bank-schedule.gt864_forward_one_bank_slothy_start.split:[ 88-101]: *************..... (13)
INFO:gt864-forward-one-bank-schedule.gt864_forward_one_bank_slothy_start.split:[101-113]: ****************.. (16)
INFO:gt864-forward-one-bank-schedule.gt864_forward_one_bank_slothy_start.split:[113-126]: ***************... (15)
INFO:gt864-forward-one-bank-schedule.gt864_forward_one_bank_slothy_start.split:[126-139]: ***************... (15)
INFO:gt864-forward-one-bank-schedule.gt864_forward_one_bank_slothy_start.split:[139-151]: ****************.. (16)
INFO:gt864-forward-one-bank-schedule.gt864_forward_one_bank_slothy_start.split:[151-164]: ****************.. (16)
INFO:gt864-forward-one-bank-schedule.gt864_forward_one_bank_slothy_start.split:[164-177]: ****************.. (16)
INFO:gt864-forward-one-bank-schedule.gt864_forward_one_bank_slothy_start.split:[177-189]: ***************... (15)
INFO:gt864-forward-one-bank-schedule.gt864_forward_one_bank_slothy_start.split:[189-202]: ***************... (15)
INFO:gt864-forward-one-bank-schedule.gt864_forward_one_bank_slothy_start.split:[202-215]: ****************.. (16)
INFO:gt864-forward-one-bank-schedule.gt864_forward_one_bank_slothy_start.split:[215-227]: ****************.. (16)
INFO:gt864-forward-one-bank-schedule.gt864_forward_one_bank_slothy_start.split:[227-240]: ****************.. (16)
INFO:gt864-forward-one-bank-schedule.gt864_forward_one_bank_slothy_start.split:[240-253]: ***************... (15)
INFO:gt864-forward-one-bank-schedule.gt864_forward_one_bank_slothy_start.split:[253-265]: ***************... (15)
INFO:gt864-forward-one-bank-schedule.gt864_forward_one_bank_slothy_start.split:[265-278]: ***************... (15)
INFO:gt864-forward-one-bank-schedule.gt864_forward_one_bank_slothy_start.split:[278-291]: **************.... (14)
INFO:gt864-forward-one-bank-schedule.gt864_forward_one_bank_slothy_start.split:[291-303]: *************..... (13)
INFO:gt864-forward-one-bank-schedule.gt864_forward_one_bank_slothy_start.split:[303-316]: ***********....... (11)
INFO:gt864-forward-one-bank-schedule.gt864_forward_one_bank_slothy_start.split:[316-329]: *********......... (9)
INFO:gt864-forward-one-bank-schedule.gt864_forward_one_bank_slothy_start.split:[329-341]: *********......... (9)
INFO:gt864-forward-one-bank-schedule.gt864_forward_one_bank_slothy_start.split:[341-354]: ***********....... (11)
INFO:gt864-forward-one-bank-schedule.gt864_forward_one_bank_slothy_start.split:[354-367]: **************.... (14)
INFO:gt864-forward-one-bank-schedule.gt864_forward_one_bank_slothy_start.split:[367-379]: ***************... (15)
INFO:gt864-forward-one-bank-schedule.gt864_forward_one_bank_slothy_start.split:[379-392]: ***************... (15)
INFO:gt864-forward-one-bank-schedule.gt864_forward_one_bank_slothy_start.split:[392-405]: ***************... (15)
INFO:gt864-forward-one-bank-schedule.gt864_forward_one_bank_slothy_start.split:[405-417]: ***************... (15)
INFO:gt864-forward-one-bank-schedule.gt864_forward_one_bank_slothy_start.split:[417-430]: ***************... (15)
INFO:gt864-forward-one-bank-schedule.gt864_forward_one_bank_slothy_start.split:[430-443]: ***************... (15)
INFO:gt864-forward-one-bank-schedule.gt864_forward_one_bank_slothy_start.split:[443-455]: ***************... (15)
INFO:gt864-forward-one-bank-schedule.gt864_forward_one_bank_slothy_start.split:[455-468]: ***************... (15)
INFO:gt864-forward-one-bank-schedule.gt864_forward_one_bank_slothy_start.split:[468-481]: ***************... (15)
INFO:gt864-forward-one-bank-schedule.gt864_forward_one_bank_slothy_start.split:[481-493]: **************.... (14)
INFO:gt864-forward-one-bank-schedule.gt864_forward_one_bank_slothy_start.split:[493-506]: **************.... (14)
INFO:gt864-forward-one-bank-schedule.gt864_forward_one_bank_slothy_start.split:[506-519]: ***************... (15)
INFO:gt864-forward-one-bank-schedule.gt864_forward_one_bank_slothy_start.split:[519-531]: ***************... (15)
INFO:gt864-forward-one-bank-schedule.gt864_forward_one_bank_slothy_start.split:[531-544]: ****************.. (16)
INFO:gt864-forward-one-bank-schedule.gt864_forward_one_bank_slothy_start.split:[544-557]: ***************... (15)
INFO:gt864-forward-one-bank-schedule.gt864_forward_one_bank_slothy_start.split:[557-569]: ***************... (15)
INFO:gt864-forward-one-bank-schedule.gt864_forward_one_bank_slothy_start.split:[569-582]: ***************... (15)
INFO:gt864-forward-one-bank-schedule.gt864_forward_one_bank_slothy_start.split:[582-595]: ***************... (15)
INFO:gt864-forward-one-bank-schedule.gt864_forward_one_bank_slothy_start.split:[595-607]: ***************... (15)
INFO:gt864-forward-one-bank-schedule.gt864_forward_one_bank_slothy_start.split:[607-620]: ***************... (15)
INFO:gt864-forward-one-bank-schedule.gt864_forward_one_bank_slothy_start.split:[620-633]: *************..... (13)
INFO:gt864-forward-one-bank-schedule.gt864_forward_one_bank_slothy_start.split.348_368:Perform internal binary search for minimal number of stalls...
INFO:gt864-forward-one-bank-schedule.gt864_forward_one_bank_slothy_start.split.348_368:Attempt optimization with max 256 stalls...
INFO:gt864-forward-one-bank-schedule.gt864_forward_one_bank_slothy_start.split.348_368:Setting timeout of 14400 seconds...
INFO:gt864-forward-one-bank-schedule.gt864_forward_one_bank_slothy_start.split.348_368:Objective: minimize cycles
INFO:gt864-forward-one-bank-schedule.gt864_forward_one_bank_slothy_start.split.348_368:Invoking external constraint solver (OR-Tools CP-SAT v9.15.6755) ...
INFO:gt864-forward-one-bank-schedule.gt864_forward_one_bank_slothy_start.split.348_368:[0.2476s]: Found 1 solutions so far... objective (minimize cycles): currently  (Cycles ~ 78.0, IPC ~ 0.26), bound  (Cycles ~ 26.0, IPC ~ 0.77)
INFO:gt864-forward-one-bank-schedule.gt864_forward_one_bank_slothy_start.split.348_368:[0.2588s]: Found 2 solutions so far... objective (minimize cycles): currently  (Cycles ~ 76.0, IPC ~ 0.26), bound  (Cycles ~ 26.0, IPC ~ 0.77)
INFO:gt864-forward-one-bank-schedule.gt864_forward_one_bank_slothy_start.split.348_368:[0.2616s]: Found 3 solutions so far... objective (minimize cycles): currently  (Cycles ~ 74.0, IPC ~ 0.27), bound  (Cycles ~ 26.0, IPC ~ 0.77)
INFO:gt864-forward-one-bank-schedule.gt864_forward_one_bank_slothy_start.split.348_368:[0.2671s]: Found 4 solutions so far... objective (minimize cycles): currently  (Cycles ~ 73.0, IPC ~ 0.27), bound  (Cycles ~ 26.0, IPC ~ 0.77)
INFO:gt864-forward-one-bank-schedule.gt864_forward_one_bank_slothy_start.split.348_368:[0.3271s]: Found 5 solutions so far... objective (minimize cycles): currently  (Cycles ~ 28.0, IPC ~ 0.71), bound  (Cycles ~ 26.0, IPC ~ 0.77)
INFO:gt864-forward-one-bank-schedule.gt864_forward_one_bank_slothy_start.split.348_368:[0.3570s]: Found 6 solutions so far... objective (minimize cycles): currently  (Cycles ~ 27.0, IPC ~ 0.74), bound  (Cycles ~ 27.0, IPC ~ 0.74)
INFO:gt864-forward-one-bank-schedule.gt864_forward_one_bank_slothy_start.split.348_368:Closer than 0 stalls to theoretical optimum... stop
INFO:gt864-forward-one-bank-schedule.gt864_forward_one_bank_slothy_start.split.348_368:OPTIMAL, wall time: 0.368863 s
INFO:gt864-forward-one-bank-schedule.gt864_forward_one_bank_slothy_start.split.348_368:Booleans in result: 137
INFO:gt864-forward-one-bank-schedule.gt864_forward_one_bank_slothy_start.split.348_368.selfcheck:OK!
INFO:gt864-forward-one-bank-schedule.gt864_forward_one_bank_slothy_start.split.348_368:Minimum number of stalls: 22
INFO:gt864-forward-one-bank-schedule.gt864_forward_one_bank_slothy_start.split:[  0- 12]: *************..... (13)
INFO:gt864-forward-one-bank-schedule.gt864_forward_one_bank_slothy_start.split:[ 12- 25]: ****************.. (16)
INFO:gt864-forward-one-bank-schedule.gt864_forward_one_bank_slothy_start.split:[ 25- 37]: *************..... (13)
INFO:gt864-forward-one-bank-schedule.gt864_forward_one_bank_slothy_start.split:[ 37- 50]: *************..... (13)
INFO:gt864-forward-one-bank-schedule.gt864_forward_one_bank_slothy_start.split:[ 50- 63]: ************...... (12)
INFO:gt864-forward-one-bank-schedule.gt864_forward_one_bank_slothy_start.split:[ 63- 75]: **************.... (14)
INFO:gt864-forward-one-bank-schedule.gt864_forward_one_bank_slothy_start.split:[ 75- 88]: *****************. (17)
INFO:gt864-forward-one-bank-schedule.gt864_forward_one_bank_slothy_start.split:[ 88-101]: *************..... (13)
INFO:gt864-forward-one-bank-schedule.gt864_forward_one_bank_slothy_start.split:[101-113]: ****************.. (16)
INFO:gt864-forward-one-bank-schedule.gt864_forward_one_bank_slothy_start.split:[113-126]: ***************... (15)
INFO:gt864-forward-one-bank-schedule.gt864_forward_one_bank_slothy_start.split:[126-139]: ***************... (15)
INFO:gt864-forward-one-bank-schedule.gt864_forward_one_bank_slothy_start.split:[139-151]: ****************.. (16)
INFO:gt864-forward-one-bank-schedule.gt864_forward_one_bank_slothy_start.split:[151-164]: ****************.. (16)
INFO:gt864-forward-one-bank-schedule.gt864_forward_one_bank_slothy_start.split:[164-177]: ****************.. (16)
INFO:gt864-forward-one-bank-schedule.gt864_forward_one_bank_slothy_start.split:[177-189]: ***************... (15)
INFO:gt864-forward-one-bank-schedule.gt864_forward_one_bank_slothy_start.split:[189-202]: ***************... (15)
INFO:gt864-forward-one-bank-schedule.gt864_forward_one_bank_slothy_start.split:[202-215]: ****************.. (16)
INFO:gt864-forward-one-bank-schedule.gt864_forward_one_bank_slothy_start.split:[215-227]: ****************.. (16)
INFO:gt864-forward-one-bank-schedule.gt864_forward_one_bank_slothy_start.split:[227-240]: ****************.. (16)
INFO:gt864-forward-one-bank-schedule.gt864_forward_one_bank_slothy_start.split:[240-253]: ***************... (15)
INFO:gt864-forward-one-bank-schedule.gt864_forward_one_bank_slothy_start.split:[253-265]: ***************... (15)
INFO:gt864-forward-one-bank-schedule.gt864_forward_one_bank_slothy_start.split:[265-278]: ***************... (15)
INFO:gt864-forward-one-bank-schedule.gt864_forward_one_bank_slothy_start.split:[278-291]: **************.... (14)
INFO:gt864-forward-one-bank-schedule.gt864_forward_one_bank_slothy_start.split:[291-303]: *************..... (13)
INFO:gt864-forward-one-bank-schedule.gt864_forward_one_bank_slothy_start.split:[303-316]: ***********....... (11)
INFO:gt864-forward-one-bank-schedule.gt864_forward_one_bank_slothy_start.split:[316-329]: *********......... (9)
INFO:gt864-forward-one-bank-schedule.gt864_forward_one_bank_slothy_start.split:[329-341]: *********......... (9)
INFO:gt864-forward-one-bank-schedule.gt864_forward_one_bank_slothy_start.split:[341-354]: **********........ (10)
INFO:gt864-forward-one-bank-schedule.gt864_forward_one_bank_slothy_start.split:[354-367]: *************..... (13)
INFO:gt864-forward-one-bank-schedule.gt864_forward_one_bank_slothy_start.split:[367-379]: ****************.. (16)
INFO:gt864-forward-one-bank-schedule.gt864_forward_one_bank_slothy_start.split:[379-392]: ***************... (15)
INFO:gt864-forward-one-bank-schedule.gt864_forward_one_bank_slothy_start.split:[392-405]: ***************... (15)
INFO:gt864-forward-one-bank-schedule.gt864_forward_one_bank_slothy_start.split:[405-417]: ***************... (15)
INFO:gt864-forward-one-bank-schedule.gt864_forward_one_bank_slothy_start.split:[417-430]: ***************... (15)
INFO:gt864-forward-one-bank-schedule.gt864_forward_one_bank_slothy_start.split:[430-443]: ***************... (15)
INFO:gt864-forward-one-bank-schedule.gt864_forward_one_bank_slothy_start.split:[443-455]: ***************... (15)
INFO:gt864-forward-one-bank-schedule.gt864_forward_one_bank_slothy_start.split:[455-468]: ***************... (15)
INFO:gt864-forward-one-bank-schedule.gt864_forward_one_bank_slothy_start.split:[468-481]: ***************... (15)
INFO:gt864-forward-one-bank-schedule.gt864_forward_one_bank_slothy_start.split:[481-493]: **************.... (14)
INFO:gt864-forward-one-bank-schedule.gt864_forward_one_bank_slothy_start.split:[493-506]: **************.... (14)
INFO:gt864-forward-one-bank-schedule.gt864_forward_one_bank_slothy_start.split:[506-519]: ***************... (15)
INFO:gt864-forward-one-bank-schedule.gt864_forward_one_bank_slothy_start.split:[519-531]: ***************... (15)
INFO:gt864-forward-one-bank-schedule.gt864_forward_one_bank_slothy_start.split:[531-544]: ****************.. (16)
INFO:gt864-forward-one-bank-schedule.gt864_forward_one_bank_slothy_start.split:[544-557]: ***************... (15)
INFO:gt864-forward-one-bank-schedule.gt864_forward_one_bank_slothy_start.split:[557-569]: ***************... (15)
INFO:gt864-forward-one-bank-schedule.gt864_forward_one_bank_slothy_start.split:[569-582]: ***************... (15)
INFO:gt864-forward-one-bank-schedule.gt864_forward_one_bank_slothy_start.split:[582-595]: ***************... (15)
INFO:gt864-forward-one-bank-schedule.gt864_forward_one_bank_slothy_start.split:[595-607]: ***************... (15)
INFO:gt864-forward-one-bank-schedule.gt864_forward_one_bank_slothy_start.split:[607-620]: ***************... (15)
INFO:gt864-forward-one-bank-schedule.gt864_forward_one_bank_slothy_start.split:[620-633]: *************..... (13)
INFO:gt864-forward-one-bank-schedule.gt864_forward_one_bank_slothy_start.split.380_400:Perform internal binary search for minimal number of stalls...
INFO:gt864-forward-one-bank-schedule.gt864_forward_one_bank_slothy_start.split.380_400:Attempt optimization with max 256 stalls...
INFO:gt864-forward-one-bank-schedule.gt864_forward_one_bank_slothy_start.split.380_400:Setting timeout of 14400 seconds...
INFO:gt864-forward-one-bank-schedule.gt864_forward_one_bank_slothy_start.split.380_400:Objective: minimize cycles
INFO:gt864-forward-one-bank-schedule.gt864_forward_one_bank_slothy_start.split.380_400:Invoking external constraint solver (OR-Tools CP-SAT v9.15.6755) ...
INFO:gt864-forward-one-bank-schedule.gt864_forward_one_bank_slothy_start.split.380_400:[0.1603s]: Found 1 solutions so far... objective (minimize cycles): currently  (Cycles ~ 35.0, IPC ~ 0.57), bound  (Cycles ~ 18.0, IPC ~ 1.11)
INFO:gt864-forward-one-bank-schedule.gt864_forward_one_bank_slothy_start.split.380_400:[0.2030s]: Found 2 solutions so far... objective (minimize cycles): currently  (Cycles ~ 34.0, IPC ~ 0.59), bound  (Cycles ~ 21.0, IPC ~ 0.95)
INFO:gt864-forward-one-bank-schedule.gt864_forward_one_bank_slothy_start.split.380_400:[0.2056s]: Found 3 solutions so far... objective (minimize cycles): currently  (Cycles ~ 33.0, IPC ~ 0.61), bound  (Cycles ~ 23.0, IPC ~ 0.87)
INFO:gt864-forward-one-bank-schedule.gt864_forward_one_bank_slothy_start.split.380_400:[0.2128s]: Found 4 solutions so far... objective (minimize cycles): currently  (Cycles ~ 31.0, IPC ~ 0.65), bound  (Cycles ~ 23.0, IPC ~ 0.87)
INFO:gt864-forward-one-bank-schedule.gt864_forward_one_bank_slothy_start.split.380_400:[0.2594s]: Found 5 solutions so far... objective (minimize cycles): currently  (Cycles ~ 30.0, IPC ~ 0.67), bound  (Cycles ~ 23.0, IPC ~ 0.87)
INFO:gt864-forward-one-bank-schedule.gt864_forward_one_bank_slothy_start.split.380_400:[0.2703s]: Found 6 solutions so far... objective (minimize cycles): currently  (Cycles ~ 27.0, IPC ~ 0.74), bound  (Cycles ~ 23.0, IPC ~ 0.87)
INFO:gt864-forward-one-bank-schedule.gt864_forward_one_bank_slothy_start.split.380_400:[0.2814s]: Found 7 solutions so far... objective (minimize cycles): currently  (Cycles ~ 26.0, IPC ~ 0.77), bound  (Cycles ~ 23.0, IPC ~ 0.87)
INFO:gt864-forward-one-bank-schedule.gt864_forward_one_bank_slothy_start.split.380_400:[0.2843s]: Found 8 solutions so far... objective (minimize cycles): currently  (Cycles ~ 25.0, IPC ~ 0.80), bound  (Cycles ~ 23.0, IPC ~ 0.87)
INFO:gt864-forward-one-bank-schedule.gt864_forward_one_bank_slothy_start.split.380_400:[0.2915s]: Found 9 solutions so far... objective (minimize cycles): currently  (Cycles ~ 24.0, IPC ~ 0.83), bound  (Cycles ~ 23.0, IPC ~ 0.87)
INFO:gt864-forward-one-bank-schedule.gt864_forward_one_bank_slothy_start.split.380_400:OPTIMAL, wall time: 1.060292 s
INFO:gt864-forward-one-bank-schedule.gt864_forward_one_bank_slothy_start.split.380_400:Booleans in result: 143
INFO:gt864-forward-one-bank-schedule.gt864_forward_one_bank_slothy_start.split.380_400.selfcheck:OK!
INFO:gt864-forward-one-bank-schedule.gt864_forward_one_bank_slothy_start.split.380_400:Minimum number of stalls: 19
INFO:gt864-forward-one-bank-schedule.gt864_forward_one_bank_slothy_start.split:[  0- 12]: *************..... (13)
INFO:gt864-forward-one-bank-schedule.gt864_forward_one_bank_slothy_start.split:[ 12- 25]: ****************.. (16)
INFO:gt864-forward-one-bank-schedule.gt864_forward_one_bank_slothy_start.split:[ 25- 37]: *************..... (13)
INFO:gt864-forward-one-bank-schedule.gt864_forward_one_bank_slothy_start.split:[ 37- 50]: *************..... (13)
INFO:gt864-forward-one-bank-schedule.gt864_forward_one_bank_slothy_start.split:[ 50- 63]: ************...... (12)
INFO:gt864-forward-one-bank-schedule.gt864_forward_one_bank_slothy_start.split:[ 63- 75]: **************.... (14)
INFO:gt864-forward-one-bank-schedule.gt864_forward_one_bank_slothy_start.split:[ 75- 88]: *****************. (17)
INFO:gt864-forward-one-bank-schedule.gt864_forward_one_bank_slothy_start.split:[ 88-101]: *************..... (13)
INFO:gt864-forward-one-bank-schedule.gt864_forward_one_bank_slothy_start.split:[101-113]: ****************.. (16)
INFO:gt864-forward-one-bank-schedule.gt864_forward_one_bank_slothy_start.split:[113-126]: ***************... (15)
INFO:gt864-forward-one-bank-schedule.gt864_forward_one_bank_slothy_start.split:[126-139]: ***************... (15)
INFO:gt864-forward-one-bank-schedule.gt864_forward_one_bank_slothy_start.split:[139-151]: ****************.. (16)
INFO:gt864-forward-one-bank-schedule.gt864_forward_one_bank_slothy_start.split:[151-164]: ****************.. (16)
INFO:gt864-forward-one-bank-schedule.gt864_forward_one_bank_slothy_start.split:[164-177]: ****************.. (16)
INFO:gt864-forward-one-bank-schedule.gt864_forward_one_bank_slothy_start.split:[177-189]: ***************... (15)
INFO:gt864-forward-one-bank-schedule.gt864_forward_one_bank_slothy_start.split:[189-202]: ***************... (15)
INFO:gt864-forward-one-bank-schedule.gt864_forward_one_bank_slothy_start.split:[202-215]: ****************.. (16)
INFO:gt864-forward-one-bank-schedule.gt864_forward_one_bank_slothy_start.split:[215-227]: ****************.. (16)
INFO:gt864-forward-one-bank-schedule.gt864_forward_one_bank_slothy_start.split:[227-240]: ****************.. (16)
INFO:gt864-forward-one-bank-schedule.gt864_forward_one_bank_slothy_start.split:[240-253]: ***************... (15)
INFO:gt864-forward-one-bank-schedule.gt864_forward_one_bank_slothy_start.split:[253-265]: ***************... (15)
INFO:gt864-forward-one-bank-schedule.gt864_forward_one_bank_slothy_start.split:[265-278]: ***************... (15)
INFO:gt864-forward-one-bank-schedule.gt864_forward_one_bank_slothy_start.split:[278-291]: **************.... (14)
INFO:gt864-forward-one-bank-schedule.gt864_forward_one_bank_slothy_start.split:[291-303]: *************..... (13)
INFO:gt864-forward-one-bank-schedule.gt864_forward_one_bank_slothy_start.split:[303-316]: ***********....... (11)
INFO:gt864-forward-one-bank-schedule.gt864_forward_one_bank_slothy_start.split:[316-329]: *********......... (9)
INFO:gt864-forward-one-bank-schedule.gt864_forward_one_bank_slothy_start.split:[329-341]: *********......... (9)
INFO:gt864-forward-one-bank-schedule.gt864_forward_one_bank_slothy_start.split:[341-354]: **********........ (10)
INFO:gt864-forward-one-bank-schedule.gt864_forward_one_bank_slothy_start.split:[354-367]: *************..... (13)
INFO:gt864-forward-one-bank-schedule.gt864_forward_one_bank_slothy_start.split:[367-379]: ***************... (15)
INFO:gt864-forward-one-bank-schedule.gt864_forward_one_bank_slothy_start.split:[379-392]: *************..... (13)
INFO:gt864-forward-one-bank-schedule.gt864_forward_one_bank_slothy_start.split:[392-405]: **************.... (14)
INFO:gt864-forward-one-bank-schedule.gt864_forward_one_bank_slothy_start.split:[405-417]: ***************... (15)
INFO:gt864-forward-one-bank-schedule.gt864_forward_one_bank_slothy_start.split:[417-430]: ***************... (15)
INFO:gt864-forward-one-bank-schedule.gt864_forward_one_bank_slothy_start.split:[430-443]: ***************... (15)
INFO:gt864-forward-one-bank-schedule.gt864_forward_one_bank_slothy_start.split:[443-455]: ***************... (15)
INFO:gt864-forward-one-bank-schedule.gt864_forward_one_bank_slothy_start.split:[455-468]: ***************... (15)
INFO:gt864-forward-one-bank-schedule.gt864_forward_one_bank_slothy_start.split:[468-481]: ***************... (15)
INFO:gt864-forward-one-bank-schedule.gt864_forward_one_bank_slothy_start.split:[481-493]: **************.... (14)
INFO:gt864-forward-one-bank-schedule.gt864_forward_one_bank_slothy_start.split:[493-506]: **************.... (14)
INFO:gt864-forward-one-bank-schedule.gt864_forward_one_bank_slothy_start.split:[506-519]: ***************... (15)
INFO:gt864-forward-one-bank-schedule.gt864_forward_one_bank_slothy_start.split:[519-531]: ***************... (15)
INFO:gt864-forward-one-bank-schedule.gt864_forward_one_bank_slothy_start.split:[531-544]: ****************.. (16)
INFO:gt864-forward-one-bank-schedule.gt864_forward_one_bank_slothy_start.split:[544-557]: ***************... (15)
INFO:gt864-forward-one-bank-schedule.gt864_forward_one_bank_slothy_start.split:[557-569]: ***************... (15)
INFO:gt864-forward-one-bank-schedule.gt864_forward_one_bank_slothy_start.split:[569-582]: ***************... (15)
INFO:gt864-forward-one-bank-schedule.gt864_forward_one_bank_slothy_start.split:[582-595]: ***************... (15)
INFO:gt864-forward-one-bank-schedule.gt864_forward_one_bank_slothy_start.split:[595-607]: ***************... (15)
INFO:gt864-forward-one-bank-schedule.gt864_forward_one_bank_slothy_start.split:[607-620]: ***************... (15)
INFO:gt864-forward-one-bank-schedule.gt864_forward_one_bank_slothy_start.split:[620-633]: *************..... (13)
INFO:gt864-forward-one-bank-schedule.gt864_forward_one_bank_slothy_start.split.411_431:Perform internal binary search for minimal number of stalls...
INFO:gt864-forward-one-bank-schedule.gt864_forward_one_bank_slothy_start.split.411_431:Attempt optimization with max 256 stalls...
INFO:gt864-forward-one-bank-schedule.gt864_forward_one_bank_slothy_start.split.411_431:Setting timeout of 14400 seconds...
INFO:gt864-forward-one-bank-schedule.gt864_forward_one_bank_slothy_start.split.411_431:Objective: minimize cycles
INFO:gt864-forward-one-bank-schedule.gt864_forward_one_bank_slothy_start.split.411_431:Invoking external constraint solver (OR-Tools CP-SAT v9.15.6755) ...
INFO:gt864-forward-one-bank-schedule.gt864_forward_one_bank_slothy_start.split.411_431:[0.1822s]: Found 1 solutions so far... objective (minimize cycles): currently  (Cycles ~ 31.0, IPC ~ 0.65), bound  (Cycles ~ 18.0, IPC ~ 1.11)
INFO:gt864-forward-one-bank-schedule.gt864_forward_one_bank_slothy_start.split.411_431:[0.1876s]: Found 2 solutions so far... objective (minimize cycles): currently  (Cycles ~ 30.0, IPC ~ 0.67), bound  (Cycles ~ 20.0, IPC ~ 1.00)
INFO:gt864-forward-one-bank-schedule.gt864_forward_one_bank_slothy_start.split.411_431:[0.1934s]: Found 3 solutions so far... objective (minimize cycles): currently  (Cycles ~ 28.0, IPC ~ 0.71), bound  (Cycles ~ 20.0, IPC ~ 1.00)
INFO:gt864-forward-one-bank-schedule.gt864_forward_one_bank_slothy_start.split.411_431:[0.2120s]: Found 4 solutions so far... objective (minimize cycles): currently  (Cycles ~ 27.0, IPC ~ 0.74), bound  (Cycles ~ 21.0, IPC ~ 0.95)
INFO:gt864-forward-one-bank-schedule.gt864_forward_one_bank_slothy_start.split.411_431:[0.2188s]: Found 5 solutions so far... objective (minimize cycles): currently  (Cycles ~ 26.0, IPC ~ 0.77), bound  (Cycles ~ 22.0, IPC ~ 0.91)
INFO:gt864-forward-one-bank-schedule.gt864_forward_one_bank_slothy_start.split.411_431:[0.2327s]: Found 6 solutions so far... objective (minimize cycles): currently  (Cycles ~ 25.0, IPC ~ 0.80), bound  (Cycles ~ 22.0, IPC ~ 0.91)
INFO:gt864-forward-one-bank-schedule.gt864_forward_one_bank_slothy_start.split.411_431:[0.2361s]: Found 7 solutions so far... objective (minimize cycles): currently  (Cycles ~ 24.0, IPC ~ 0.83), bound  (Cycles ~ 22.0, IPC ~ 0.91)
INFO:gt864-forward-one-bank-schedule.gt864_forward_one_bank_slothy_start.split.411_431:[0.2427s]: Found 8 solutions so far... objective (minimize cycles): currently  (Cycles ~ 23.0, IPC ~ 0.87), bound  (Cycles ~ 22.0, IPC ~ 0.91)
INFO:gt864-forward-one-bank-schedule.gt864_forward_one_bank_slothy_start.split.411_431:[0.2486s]: Found 9 solutions so far... objective (minimize cycles): currently  (Cycles ~ 22.0, IPC ~ 0.91), bound  (Cycles ~ 22.0, IPC ~ 0.91)
INFO:gt864-forward-one-bank-schedule.gt864_forward_one_bank_slothy_start.split.411_431:Closer than 0 stalls to theoretical optimum... stop
INFO:gt864-forward-one-bank-schedule.gt864_forward_one_bank_slothy_start.split.411_431:OPTIMAL, wall time: 0.258998 s
INFO:gt864-forward-one-bank-schedule.gt864_forward_one_bank_slothy_start.split.411_431:Booleans in result: 129
INFO:gt864-forward-one-bank-schedule.gt864_forward_one_bank_slothy_start.split.411_431.selfcheck:OK!
INFO:gt864-forward-one-bank-schedule.gt864_forward_one_bank_slothy_start.split.411_431:Minimum number of stalls: 17
INFO:gt864-forward-one-bank-schedule.gt864_forward_one_bank_slothy_start.split:[  0- 12]: *************..... (13)
INFO:gt864-forward-one-bank-schedule.gt864_forward_one_bank_slothy_start.split:[ 12- 25]: ****************.. (16)
INFO:gt864-forward-one-bank-schedule.gt864_forward_one_bank_slothy_start.split:[ 25- 37]: *************..... (13)
INFO:gt864-forward-one-bank-schedule.gt864_forward_one_bank_slothy_start.split:[ 37- 50]: *************..... (13)
INFO:gt864-forward-one-bank-schedule.gt864_forward_one_bank_slothy_start.split:[ 50- 63]: ************...... (12)
INFO:gt864-forward-one-bank-schedule.gt864_forward_one_bank_slothy_start.split:[ 63- 75]: **************.... (14)
INFO:gt864-forward-one-bank-schedule.gt864_forward_one_bank_slothy_start.split:[ 75- 88]: *****************. (17)
INFO:gt864-forward-one-bank-schedule.gt864_forward_one_bank_slothy_start.split:[ 88-101]: *************..... (13)
INFO:gt864-forward-one-bank-schedule.gt864_forward_one_bank_slothy_start.split:[101-113]: ****************.. (16)
INFO:gt864-forward-one-bank-schedule.gt864_forward_one_bank_slothy_start.split:[113-126]: ***************... (15)
INFO:gt864-forward-one-bank-schedule.gt864_forward_one_bank_slothy_start.split:[126-139]: ***************... (15)
INFO:gt864-forward-one-bank-schedule.gt864_forward_one_bank_slothy_start.split:[139-151]: ****************.. (16)
INFO:gt864-forward-one-bank-schedule.gt864_forward_one_bank_slothy_start.split:[151-164]: ****************.. (16)
INFO:gt864-forward-one-bank-schedule.gt864_forward_one_bank_slothy_start.split:[164-177]: ****************.. (16)
INFO:gt864-forward-one-bank-schedule.gt864_forward_one_bank_slothy_start.split:[177-189]: ***************... (15)
INFO:gt864-forward-one-bank-schedule.gt864_forward_one_bank_slothy_start.split:[189-202]: ***************... (15)
INFO:gt864-forward-one-bank-schedule.gt864_forward_one_bank_slothy_start.split:[202-215]: ****************.. (16)
INFO:gt864-forward-one-bank-schedule.gt864_forward_one_bank_slothy_start.split:[215-227]: ****************.. (16)
INFO:gt864-forward-one-bank-schedule.gt864_forward_one_bank_slothy_start.split:[227-240]: ****************.. (16)
INFO:gt864-forward-one-bank-schedule.gt864_forward_one_bank_slothy_start.split:[240-253]: ***************... (15)
INFO:gt864-forward-one-bank-schedule.gt864_forward_one_bank_slothy_start.split:[253-265]: ***************... (15)
INFO:gt864-forward-one-bank-schedule.gt864_forward_one_bank_slothy_start.split:[265-278]: ***************... (15)
INFO:gt864-forward-one-bank-schedule.gt864_forward_one_bank_slothy_start.split:[278-291]: **************.... (14)
INFO:gt864-forward-one-bank-schedule.gt864_forward_one_bank_slothy_start.split:[291-303]: *************..... (13)
INFO:gt864-forward-one-bank-schedule.gt864_forward_one_bank_slothy_start.split:[303-316]: ***********....... (11)
INFO:gt864-forward-one-bank-schedule.gt864_forward_one_bank_slothy_start.split:[316-329]: *********......... (9)
INFO:gt864-forward-one-bank-schedule.gt864_forward_one_bank_slothy_start.split:[329-341]: *********......... (9)
INFO:gt864-forward-one-bank-schedule.gt864_forward_one_bank_slothy_start.split:[341-354]: **********........ (10)
INFO:gt864-forward-one-bank-schedule.gt864_forward_one_bank_slothy_start.split:[354-367]: *************..... (13)
INFO:gt864-forward-one-bank-schedule.gt864_forward_one_bank_slothy_start.split:[367-379]: ***************... (15)
INFO:gt864-forward-one-bank-schedule.gt864_forward_one_bank_slothy_start.split:[379-392]: *************..... (13)
INFO:gt864-forward-one-bank-schedule.gt864_forward_one_bank_slothy_start.split:[392-405]: **************.... (14)
INFO:gt864-forward-one-bank-schedule.gt864_forward_one_bank_slothy_start.split:[405-417]: **************.... (14)
INFO:gt864-forward-one-bank-schedule.gt864_forward_one_bank_slothy_start.split:[417-430]: **************.... (14)
INFO:gt864-forward-one-bank-schedule.gt864_forward_one_bank_slothy_start.split:[430-443]: ***************... (15)
INFO:gt864-forward-one-bank-schedule.gt864_forward_one_bank_slothy_start.split:[443-455]: ***************... (15)
INFO:gt864-forward-one-bank-schedule.gt864_forward_one_bank_slothy_start.split:[455-468]: ***************... (15)
INFO:gt864-forward-one-bank-schedule.gt864_forward_one_bank_slothy_start.split:[468-481]: ***************... (15)
INFO:gt864-forward-one-bank-schedule.gt864_forward_one_bank_slothy_start.split:[481-493]: **************.... (14)
INFO:gt864-forward-one-bank-schedule.gt864_forward_one_bank_slothy_start.split:[493-506]: **************.... (14)
INFO:gt864-forward-one-bank-schedule.gt864_forward_one_bank_slothy_start.split:[506-519]: ***************... (15)
INFO:gt864-forward-one-bank-schedule.gt864_forward_one_bank_slothy_start.split:[519-531]: ***************... (15)
INFO:gt864-forward-one-bank-schedule.gt864_forward_one_bank_slothy_start.split:[531-544]: ****************.. (16)
INFO:gt864-forward-one-bank-schedule.gt864_forward_one_bank_slothy_start.split:[544-557]: ***************... (15)
INFO:gt864-forward-one-bank-schedule.gt864_forward_one_bank_slothy_start.split:[557-569]: ***************... (15)
INFO:gt864-forward-one-bank-schedule.gt864_forward_one_bank_slothy_start.split:[569-582]: ***************... (15)
INFO:gt864-forward-one-bank-schedule.gt864_forward_one_bank_slothy_start.split:[582-595]: ***************... (15)
INFO:gt864-forward-one-bank-schedule.gt864_forward_one_bank_slothy_start.split:[595-607]: ***************... (15)
INFO:gt864-forward-one-bank-schedule.gt864_forward_one_bank_slothy_start.split:[607-620]: ***************... (15)
INFO:gt864-forward-one-bank-schedule.gt864_forward_one_bank_slothy_start.split:[620-633]: *************..... (13)
INFO:gt864-forward-one-bank-schedule.gt864_forward_one_bank_slothy_start.split.443_463:Perform internal binary search for minimal number of stalls...
INFO:gt864-forward-one-bank-schedule.gt864_forward_one_bank_slothy_start.split.443_463:Attempt optimization with max 256 stalls...
INFO:gt864-forward-one-bank-schedule.gt864_forward_one_bank_slothy_start.split.443_463:Setting timeout of 14400 seconds...
INFO:gt864-forward-one-bank-schedule.gt864_forward_one_bank_slothy_start.split.443_463:Objective: minimize cycles
INFO:gt864-forward-one-bank-schedule.gt864_forward_one_bank_slothy_start.split.443_463:Invoking external constraint solver (OR-Tools CP-SAT v9.15.6755) ...
INFO:gt864-forward-one-bank-schedule.gt864_forward_one_bank_slothy_start.split.443_463:[0.2546s]: Found 1 solutions so far... objective (minimize cycles): currently  (Cycles ~ 27.0, IPC ~ 0.74), bound  (Cycles ~ 20.0, IPC ~ 1.00)
INFO:gt864-forward-one-bank-schedule.gt864_forward_one_bank_slothy_start.split.443_463:[0.2675s]: Found 2 solutions so far... objective (minimize cycles): currently  (Cycles ~ 26.0, IPC ~ 0.77), bound  (Cycles ~ 22.0, IPC ~ 0.91)
INFO:gt864-forward-one-bank-schedule.gt864_forward_one_bank_slothy_start.split.443_463:[0.2710s]: Found 3 solutions so far... objective (minimize cycles): currently  (Cycles ~ 24.0, IPC ~ 0.83), bound  (Cycles ~ 22.0, IPC ~ 0.91)
INFO:gt864-forward-one-bank-schedule.gt864_forward_one_bank_slothy_start.split.443_463:[0.2762s]: Found 4 solutions so far... objective (minimize cycles): currently  (Cycles ~ 23.0, IPC ~ 0.87), bound  (Cycles ~ 23.0, IPC ~ 0.87)
INFO:gt864-forward-one-bank-schedule.gt864_forward_one_bank_slothy_start.split.443_463:Closer than 0 stalls to theoretical optimum... stop
INFO:gt864-forward-one-bank-schedule.gt864_forward_one_bank_slothy_start.split.443_463:OPTIMAL, wall time: 0.286899 s
INFO:gt864-forward-one-bank-schedule.gt864_forward_one_bank_slothy_start.split.443_463:Booleans in result: 242
INFO:gt864-forward-one-bank-schedule.gt864_forward_one_bank_slothy_start.split.443_463.selfcheck:OK!
INFO:gt864-forward-one-bank-schedule.gt864_forward_one_bank_slothy_start.split.443_463:Minimum number of stalls: 18
INFO:gt864-forward-one-bank-schedule.gt864_forward_one_bank_slothy_start.split:[  0- 12]: *************..... (13)
INFO:gt864-forward-one-bank-schedule.gt864_forward_one_bank_slothy_start.split:[ 12- 25]: ****************.. (16)
INFO:gt864-forward-one-bank-schedule.gt864_forward_one_bank_slothy_start.split:[ 25- 37]: *************..... (13)
INFO:gt864-forward-one-bank-schedule.gt864_forward_one_bank_slothy_start.split:[ 37- 50]: *************..... (13)
INFO:gt864-forward-one-bank-schedule.gt864_forward_one_bank_slothy_start.split:[ 50- 63]: ************...... (12)
INFO:gt864-forward-one-bank-schedule.gt864_forward_one_bank_slothy_start.split:[ 63- 75]: **************.... (14)
INFO:gt864-forward-one-bank-schedule.gt864_forward_one_bank_slothy_start.split:[ 75- 88]: *****************. (17)
INFO:gt864-forward-one-bank-schedule.gt864_forward_one_bank_slothy_start.split:[ 88-101]: *************..... (13)
INFO:gt864-forward-one-bank-schedule.gt864_forward_one_bank_slothy_start.split:[101-113]: ****************.. (16)
INFO:gt864-forward-one-bank-schedule.gt864_forward_one_bank_slothy_start.split:[113-126]: ***************... (15)
INFO:gt864-forward-one-bank-schedule.gt864_forward_one_bank_slothy_start.split:[126-139]: ***************... (15)
INFO:gt864-forward-one-bank-schedule.gt864_forward_one_bank_slothy_start.split:[139-151]: ****************.. (16)
INFO:gt864-forward-one-bank-schedule.gt864_forward_one_bank_slothy_start.split:[151-164]: ****************.. (16)
INFO:gt864-forward-one-bank-schedule.gt864_forward_one_bank_slothy_start.split:[164-177]: ****************.. (16)
INFO:gt864-forward-one-bank-schedule.gt864_forward_one_bank_slothy_start.split:[177-189]: ***************... (15)
INFO:gt864-forward-one-bank-schedule.gt864_forward_one_bank_slothy_start.split:[189-202]: ***************... (15)
INFO:gt864-forward-one-bank-schedule.gt864_forward_one_bank_slothy_start.split:[202-215]: ****************.. (16)
INFO:gt864-forward-one-bank-schedule.gt864_forward_one_bank_slothy_start.split:[215-227]: ****************.. (16)
INFO:gt864-forward-one-bank-schedule.gt864_forward_one_bank_slothy_start.split:[227-240]: ****************.. (16)
INFO:gt864-forward-one-bank-schedule.gt864_forward_one_bank_slothy_start.split:[240-253]: ***************... (15)
INFO:gt864-forward-one-bank-schedule.gt864_forward_one_bank_slothy_start.split:[253-265]: ***************... (15)
INFO:gt864-forward-one-bank-schedule.gt864_forward_one_bank_slothy_start.split:[265-278]: ***************... (15)
INFO:gt864-forward-one-bank-schedule.gt864_forward_one_bank_slothy_start.split:[278-291]: **************.... (14)
INFO:gt864-forward-one-bank-schedule.gt864_forward_one_bank_slothy_start.split:[291-303]: *************..... (13)
INFO:gt864-forward-one-bank-schedule.gt864_forward_one_bank_slothy_start.split:[303-316]: ***********....... (11)
INFO:gt864-forward-one-bank-schedule.gt864_forward_one_bank_slothy_start.split:[316-329]: *********......... (9)
INFO:gt864-forward-one-bank-schedule.gt864_forward_one_bank_slothy_start.split:[329-341]: *********......... (9)
INFO:gt864-forward-one-bank-schedule.gt864_forward_one_bank_slothy_start.split:[341-354]: **********........ (10)
INFO:gt864-forward-one-bank-schedule.gt864_forward_one_bank_slothy_start.split:[354-367]: *************..... (13)
INFO:gt864-forward-one-bank-schedule.gt864_forward_one_bank_slothy_start.split:[367-379]: ***************... (15)
INFO:gt864-forward-one-bank-schedule.gt864_forward_one_bank_slothy_start.split:[379-392]: *************..... (13)
INFO:gt864-forward-one-bank-schedule.gt864_forward_one_bank_slothy_start.split:[392-405]: **************.... (14)
INFO:gt864-forward-one-bank-schedule.gt864_forward_one_bank_slothy_start.split:[405-417]: **************.... (14)
INFO:gt864-forward-one-bank-schedule.gt864_forward_one_bank_slothy_start.split:[417-430]: **************.... (14)
INFO:gt864-forward-one-bank-schedule.gt864_forward_one_bank_slothy_start.split:[430-443]: **************.... (14)
INFO:gt864-forward-one-bank-schedule.gt864_forward_one_bank_slothy_start.split:[443-455]: **************.... (14)
INFO:gt864-forward-one-bank-schedule.gt864_forward_one_bank_slothy_start.split:[455-468]: ***************... (15)
INFO:gt864-forward-one-bank-schedule.gt864_forward_one_bank_slothy_start.split:[468-481]: ***************... (15)
INFO:gt864-forward-one-bank-schedule.gt864_forward_one_bank_slothy_start.split:[481-493]: **************.... (14)
INFO:gt864-forward-one-bank-schedule.gt864_forward_one_bank_slothy_start.split:[493-506]: **************.... (14)
INFO:gt864-forward-one-bank-schedule.gt864_forward_one_bank_slothy_start.split:[506-519]: ***************... (15)
INFO:gt864-forward-one-bank-schedule.gt864_forward_one_bank_slothy_start.split:[519-531]: ***************... (15)
INFO:gt864-forward-one-bank-schedule.gt864_forward_one_bank_slothy_start.split:[531-544]: ****************.. (16)
INFO:gt864-forward-one-bank-schedule.gt864_forward_one_bank_slothy_start.split:[544-557]: ***************... (15)
INFO:gt864-forward-one-bank-schedule.gt864_forward_one_bank_slothy_start.split:[557-569]: ***************... (15)
INFO:gt864-forward-one-bank-schedule.gt864_forward_one_bank_slothy_start.split:[569-582]: ***************... (15)
INFO:gt864-forward-one-bank-schedule.gt864_forward_one_bank_slothy_start.split:[582-595]: ***************... (15)
INFO:gt864-forward-one-bank-schedule.gt864_forward_one_bank_slothy_start.split:[595-607]: ***************... (15)
INFO:gt864-forward-one-bank-schedule.gt864_forward_one_bank_slothy_start.split:[607-620]: ***************... (15)
INFO:gt864-forward-one-bank-schedule.gt864_forward_one_bank_slothy_start.split:[620-633]: *************..... (13)
INFO:gt864-forward-one-bank-schedule.gt864_forward_one_bank_slothy_start.split.475_495:Perform internal binary search for minimal number of stalls...
INFO:gt864-forward-one-bank-schedule.gt864_forward_one_bank_slothy_start.split.475_495:Attempt optimization with max 256 stalls...
INFO:gt864-forward-one-bank-schedule.gt864_forward_one_bank_slothy_start.split.475_495:Setting timeout of 14400 seconds...
INFO:gt864-forward-one-bank-schedule.gt864_forward_one_bank_slothy_start.split.475_495:Objective: minimize cycles
INFO:gt864-forward-one-bank-schedule.gt864_forward_one_bank_slothy_start.split.475_495:Invoking external constraint solver (OR-Tools CP-SAT v9.15.6755) ...
INFO:gt864-forward-one-bank-schedule.gt864_forward_one_bank_slothy_start.split.475_495:[0.2361s]: Found 1 solutions so far... objective (minimize cycles): currently  (Cycles ~ 24.0, IPC ~ 0.83), bound  (Cycles ~ 21.0, IPC ~ 0.95)
INFO:gt864-forward-one-bank-schedule.gt864_forward_one_bank_slothy_start.split.475_495:OPTIMAL, wall time: 0.255260 s
INFO:gt864-forward-one-bank-schedule.gt864_forward_one_bank_slothy_start.split.475_495:Booleans in result: 119
INFO:gt864-forward-one-bank-schedule.gt864_forward_one_bank_slothy_start.split.475_495.selfcheck:OK!
INFO:gt864-forward-one-bank-schedule.gt864_forward_one_bank_slothy_start.split.475_495:Minimum number of stalls: 19
INFO:gt864-forward-one-bank-schedule.gt864_forward_one_bank_slothy_start.split:[  0- 12]: *************..... (13)
INFO:gt864-forward-one-bank-schedule.gt864_forward_one_bank_slothy_start.split:[ 12- 25]: ****************.. (16)
INFO:gt864-forward-one-bank-schedule.gt864_forward_one_bank_slothy_start.split:[ 25- 37]: *************..... (13)
INFO:gt864-forward-one-bank-schedule.gt864_forward_one_bank_slothy_start.split:[ 37- 50]: *************..... (13)
INFO:gt864-forward-one-bank-schedule.gt864_forward_one_bank_slothy_start.split:[ 50- 63]: ************...... (12)
INFO:gt864-forward-one-bank-schedule.gt864_forward_one_bank_slothy_start.split:[ 63- 75]: **************.... (14)
INFO:gt864-forward-one-bank-schedule.gt864_forward_one_bank_slothy_start.split:[ 75- 88]: *****************. (17)
INFO:gt864-forward-one-bank-schedule.gt864_forward_one_bank_slothy_start.split:[ 88-101]: *************..... (13)
INFO:gt864-forward-one-bank-schedule.gt864_forward_one_bank_slothy_start.split:[101-113]: ****************.. (16)
INFO:gt864-forward-one-bank-schedule.gt864_forward_one_bank_slothy_start.split:[113-126]: ***************... (15)
INFO:gt864-forward-one-bank-schedule.gt864_forward_one_bank_slothy_start.split:[126-139]: ***************... (15)
INFO:gt864-forward-one-bank-schedule.gt864_forward_one_bank_slothy_start.split:[139-151]: ****************.. (16)
INFO:gt864-forward-one-bank-schedule.gt864_forward_one_bank_slothy_start.split:[151-164]: ****************.. (16)
INFO:gt864-forward-one-bank-schedule.gt864_forward_one_bank_slothy_start.split:[164-177]: ****************.. (16)
INFO:gt864-forward-one-bank-schedule.gt864_forward_one_bank_slothy_start.split:[177-189]: ***************... (15)
INFO:gt864-forward-one-bank-schedule.gt864_forward_one_bank_slothy_start.split:[189-202]: ***************... (15)
INFO:gt864-forward-one-bank-schedule.gt864_forward_one_bank_slothy_start.split:[202-215]: ****************.. (16)
INFO:gt864-forward-one-bank-schedule.gt864_forward_one_bank_slothy_start.split:[215-227]: ****************.. (16)
INFO:gt864-forward-one-bank-schedule.gt864_forward_one_bank_slothy_start.split:[227-240]: ****************.. (16)
INFO:gt864-forward-one-bank-schedule.gt864_forward_one_bank_slothy_start.split:[240-253]: ***************... (15)
INFO:gt864-forward-one-bank-schedule.gt864_forward_one_bank_slothy_start.split:[253-265]: ***************... (15)
INFO:gt864-forward-one-bank-schedule.gt864_forward_one_bank_slothy_start.split:[265-278]: ***************... (15)
INFO:gt864-forward-one-bank-schedule.gt864_forward_one_bank_slothy_start.split:[278-291]: **************.... (14)
INFO:gt864-forward-one-bank-schedule.gt864_forward_one_bank_slothy_start.split:[291-303]: *************..... (13)
INFO:gt864-forward-one-bank-schedule.gt864_forward_one_bank_slothy_start.split:[303-316]: ***********....... (11)
INFO:gt864-forward-one-bank-schedule.gt864_forward_one_bank_slothy_start.split:[316-329]: *********......... (9)
INFO:gt864-forward-one-bank-schedule.gt864_forward_one_bank_slothy_start.split:[329-341]: *********......... (9)
INFO:gt864-forward-one-bank-schedule.gt864_forward_one_bank_slothy_start.split:[341-354]: **********........ (10)
INFO:gt864-forward-one-bank-schedule.gt864_forward_one_bank_slothy_start.split:[354-367]: *************..... (13)
INFO:gt864-forward-one-bank-schedule.gt864_forward_one_bank_slothy_start.split:[367-379]: ***************... (15)
INFO:gt864-forward-one-bank-schedule.gt864_forward_one_bank_slothy_start.split:[379-392]: *************..... (13)
INFO:gt864-forward-one-bank-schedule.gt864_forward_one_bank_slothy_start.split:[392-405]: **************.... (14)
INFO:gt864-forward-one-bank-schedule.gt864_forward_one_bank_slothy_start.split:[405-417]: **************.... (14)
INFO:gt864-forward-one-bank-schedule.gt864_forward_one_bank_slothy_start.split:[417-430]: **************.... (14)
INFO:gt864-forward-one-bank-schedule.gt864_forward_one_bank_slothy_start.split:[430-443]: **************.... (14)
INFO:gt864-forward-one-bank-schedule.gt864_forward_one_bank_slothy_start.split:[443-455]: **************.... (14)
INFO:gt864-forward-one-bank-schedule.gt864_forward_one_bank_slothy_start.split:[455-468]: ***************... (15)
INFO:gt864-forward-one-bank-schedule.gt864_forward_one_bank_slothy_start.split:[468-481]: **************.... (14)
INFO:gt864-forward-one-bank-schedule.gt864_forward_one_bank_slothy_start.split:[481-493]: **************.... (14)
INFO:gt864-forward-one-bank-schedule.gt864_forward_one_bank_slothy_start.split:[493-506]: ***************... (15)
INFO:gt864-forward-one-bank-schedule.gt864_forward_one_bank_slothy_start.split:[506-519]: ***************... (15)
INFO:gt864-forward-one-bank-schedule.gt864_forward_one_bank_slothy_start.split:[519-531]: ***************... (15)
INFO:gt864-forward-one-bank-schedule.gt864_forward_one_bank_slothy_start.split:[531-544]: ****************.. (16)
INFO:gt864-forward-one-bank-schedule.gt864_forward_one_bank_slothy_start.split:[544-557]: ***************... (15)
INFO:gt864-forward-one-bank-schedule.gt864_forward_one_bank_slothy_start.split:[557-569]: ***************... (15)
INFO:gt864-forward-one-bank-schedule.gt864_forward_one_bank_slothy_start.split:[569-582]: ***************... (15)
INFO:gt864-forward-one-bank-schedule.gt864_forward_one_bank_slothy_start.split:[582-595]: ***************... (15)
INFO:gt864-forward-one-bank-schedule.gt864_forward_one_bank_slothy_start.split:[595-607]: ***************... (15)
INFO:gt864-forward-one-bank-schedule.gt864_forward_one_bank_slothy_start.split:[607-620]: ***************... (15)
INFO:gt864-forward-one-bank-schedule.gt864_forward_one_bank_slothy_start.split:[620-633]: *************..... (13)
INFO:gt864-forward-one-bank-schedule.gt864_forward_one_bank_slothy_start.split.506_526:Perform internal binary search for minimal number of stalls...
INFO:gt864-forward-one-bank-schedule.gt864_forward_one_bank_slothy_start.split.506_526:Attempt optimization with max 256 stalls...
INFO:gt864-forward-one-bank-schedule.gt864_forward_one_bank_slothy_start.split.506_526:Setting timeout of 14400 seconds...
INFO:gt864-forward-one-bank-schedule.gt864_forward_one_bank_slothy_start.split.506_526:Objective: minimize cycles
INFO:gt864-forward-one-bank-schedule.gt864_forward_one_bank_slothy_start.split.506_526:Invoking external constraint solver (OR-Tools CP-SAT v9.15.6755) ...
INFO:gt864-forward-one-bank-schedule.gt864_forward_one_bank_slothy_start.split.506_526:[0.3760s]: Found 1 solutions so far... objective (minimize cycles): currently  (Cycles ~ 49.0, IPC ~ 0.41), bound  (Cycles ~ 29.0, IPC ~ 0.69)
INFO:gt864-forward-one-bank-schedule.gt864_forward_one_bank_slothy_start.split.506_526:[0.4012s]: Found 2 solutions so far... objective (minimize cycles): currently  (Cycles ~ 48.0, IPC ~ 0.42), bound  (Cycles ~ 29.0, IPC ~ 0.69)
INFO:gt864-forward-one-bank-schedule.gt864_forward_one_bank_slothy_start.split.506_526:[0.4064s]: Found 3 solutions so far... objective (minimize cycles): currently  (Cycles ~ 47.0, IPC ~ 0.43), bound  (Cycles ~ 29.0, IPC ~ 0.69)
INFO:gt864-forward-one-bank-schedule.gt864_forward_one_bank_slothy_start.split.506_526:[0.4153s]: Found 4 solutions so far... objective (minimize cycles): currently  (Cycles ~ 45.0, IPC ~ 0.44), bound  (Cycles ~ 29.0, IPC ~ 0.69)
INFO:gt864-forward-one-bank-schedule.gt864_forward_one_bank_slothy_start.split.506_526:[0.4175s]: Found 5 solutions so far... objective (minimize cycles): currently  (Cycles ~ 43.0, IPC ~ 0.47), bound  (Cycles ~ 29.0, IPC ~ 0.69)
INFO:gt864-forward-one-bank-schedule.gt864_forward_one_bank_slothy_start.split.506_526:[0.4291s]: Found 6 solutions so far... objective (minimize cycles): currently  (Cycles ~ 42.0, IPC ~ 0.48), bound  (Cycles ~ 29.0, IPC ~ 0.69)
INFO:gt864-forward-one-bank-schedule.gt864_forward_one_bank_slothy_start.split.506_526:[0.4347s]: Found 7 solutions so far... objective (minimize cycles): currently  (Cycles ~ 40.0, IPC ~ 0.50), bound  (Cycles ~ 29.0, IPC ~ 0.69)
INFO:gt864-forward-one-bank-schedule.gt864_forward_one_bank_slothy_start.split.506_526:[0.4406s]: Found 8 solutions so far... objective (minimize cycles): currently  (Cycles ~ 39.0, IPC ~ 0.51), bound  (Cycles ~ 29.0, IPC ~ 0.69)
INFO:gt864-forward-one-bank-schedule.gt864_forward_one_bank_slothy_start.split.506_526:[0.4494s]: Found 9 solutions so far... objective (minimize cycles): currently  (Cycles ~ 37.0, IPC ~ 0.54), bound  (Cycles ~ 29.0, IPC ~ 0.69)
INFO:gt864-forward-one-bank-schedule.gt864_forward_one_bank_slothy_start.split.506_526:OPTIMAL, wall time: 0.585300 s
INFO:gt864-forward-one-bank-schedule.gt864_forward_one_bank_slothy_start.split.506_526:Booleans in result: 601
INFO:gt864-forward-one-bank-schedule.gt864_forward_one_bank_slothy_start.split.506_526.selfcheck:OK!
INFO:gt864-forward-one-bank-schedule.gt864_forward_one_bank_slothy_start.split.506_526:Minimum number of stalls: 32
INFO:gt864-forward-one-bank-schedule.gt864_forward_one_bank_slothy_start.split:[  0- 12]: *************..... (13)
INFO:gt864-forward-one-bank-schedule.gt864_forward_one_bank_slothy_start.split:[ 12- 25]: ****************.. (16)
INFO:gt864-forward-one-bank-schedule.gt864_forward_one_bank_slothy_start.split:[ 25- 37]: *************..... (13)
INFO:gt864-forward-one-bank-schedule.gt864_forward_one_bank_slothy_start.split:[ 37- 50]: *************..... (13)
INFO:gt864-forward-one-bank-schedule.gt864_forward_one_bank_slothy_start.split:[ 50- 63]: ************...... (12)
INFO:gt864-forward-one-bank-schedule.gt864_forward_one_bank_slothy_start.split:[ 63- 75]: **************.... (14)
INFO:gt864-forward-one-bank-schedule.gt864_forward_one_bank_slothy_start.split:[ 75- 88]: *****************. (17)
INFO:gt864-forward-one-bank-schedule.gt864_forward_one_bank_slothy_start.split:[ 88-101]: *************..... (13)
INFO:gt864-forward-one-bank-schedule.gt864_forward_one_bank_slothy_start.split:[101-113]: ****************.. (16)
INFO:gt864-forward-one-bank-schedule.gt864_forward_one_bank_slothy_start.split:[113-126]: ***************... (15)
INFO:gt864-forward-one-bank-schedule.gt864_forward_one_bank_slothy_start.split:[126-139]: ***************... (15)
INFO:gt864-forward-one-bank-schedule.gt864_forward_one_bank_slothy_start.split:[139-151]: ****************.. (16)
INFO:gt864-forward-one-bank-schedule.gt864_forward_one_bank_slothy_start.split:[151-164]: ****************.. (16)
INFO:gt864-forward-one-bank-schedule.gt864_forward_one_bank_slothy_start.split:[164-177]: ****************.. (16)
INFO:gt864-forward-one-bank-schedule.gt864_forward_one_bank_slothy_start.split:[177-189]: ***************... (15)
INFO:gt864-forward-one-bank-schedule.gt864_forward_one_bank_slothy_start.split:[189-202]: ***************... (15)
INFO:gt864-forward-one-bank-schedule.gt864_forward_one_bank_slothy_start.split:[202-215]: ****************.. (16)
INFO:gt864-forward-one-bank-schedule.gt864_forward_one_bank_slothy_start.split:[215-227]: ****************.. (16)
INFO:gt864-forward-one-bank-schedule.gt864_forward_one_bank_slothy_start.split:[227-240]: ****************.. (16)
INFO:gt864-forward-one-bank-schedule.gt864_forward_one_bank_slothy_start.split:[240-253]: ***************... (15)
INFO:gt864-forward-one-bank-schedule.gt864_forward_one_bank_slothy_start.split:[253-265]: ***************... (15)
INFO:gt864-forward-one-bank-schedule.gt864_forward_one_bank_slothy_start.split:[265-278]: ***************... (15)
INFO:gt864-forward-one-bank-schedule.gt864_forward_one_bank_slothy_start.split:[278-291]: **************.... (14)
INFO:gt864-forward-one-bank-schedule.gt864_forward_one_bank_slothy_start.split:[291-303]: *************..... (13)
INFO:gt864-forward-one-bank-schedule.gt864_forward_one_bank_slothy_start.split:[303-316]: ***********....... (11)
INFO:gt864-forward-one-bank-schedule.gt864_forward_one_bank_slothy_start.split:[316-329]: *********......... (9)
INFO:gt864-forward-one-bank-schedule.gt864_forward_one_bank_slothy_start.split:[329-341]: *********......... (9)
INFO:gt864-forward-one-bank-schedule.gt864_forward_one_bank_slothy_start.split:[341-354]: **********........ (10)
INFO:gt864-forward-one-bank-schedule.gt864_forward_one_bank_slothy_start.split:[354-367]: *************..... (13)
INFO:gt864-forward-one-bank-schedule.gt864_forward_one_bank_slothy_start.split:[367-379]: ***************... (15)
INFO:gt864-forward-one-bank-schedule.gt864_forward_one_bank_slothy_start.split:[379-392]: *************..... (13)
INFO:gt864-forward-one-bank-schedule.gt864_forward_one_bank_slothy_start.split:[392-405]: **************.... (14)
INFO:gt864-forward-one-bank-schedule.gt864_forward_one_bank_slothy_start.split:[405-417]: **************.... (14)
INFO:gt864-forward-one-bank-schedule.gt864_forward_one_bank_slothy_start.split:[417-430]: **************.... (14)
INFO:gt864-forward-one-bank-schedule.gt864_forward_one_bank_slothy_start.split:[430-443]: **************.... (14)
INFO:gt864-forward-one-bank-schedule.gt864_forward_one_bank_slothy_start.split:[443-455]: **************.... (14)
INFO:gt864-forward-one-bank-schedule.gt864_forward_one_bank_slothy_start.split:[455-468]: ***************... (15)
INFO:gt864-forward-one-bank-schedule.gt864_forward_one_bank_slothy_start.split:[468-481]: **************.... (14)
INFO:gt864-forward-one-bank-schedule.gt864_forward_one_bank_slothy_start.split:[481-493]: **************.... (14)
INFO:gt864-forward-one-bank-schedule.gt864_forward_one_bank_slothy_start.split:[493-506]: *************..... (13)
INFO:gt864-forward-one-bank-schedule.gt864_forward_one_bank_slothy_start.split:[506-519]: ************...... (12)
INFO:gt864-forward-one-bank-schedule.gt864_forward_one_bank_slothy_start.split:[519-531]: ***************... (15)
INFO:gt864-forward-one-bank-schedule.gt864_forward_one_bank_slothy_start.split:[531-544]: ****************.. (16)
INFO:gt864-forward-one-bank-schedule.gt864_forward_one_bank_slothy_start.split:[544-557]: ***************... (15)
INFO:gt864-forward-one-bank-schedule.gt864_forward_one_bank_slothy_start.split:[557-569]: ***************... (15)
INFO:gt864-forward-one-bank-schedule.gt864_forward_one_bank_slothy_start.split:[569-582]: ***************... (15)
INFO:gt864-forward-one-bank-schedule.gt864_forward_one_bank_slothy_start.split:[582-595]: ***************... (15)
INFO:gt864-forward-one-bank-schedule.gt864_forward_one_bank_slothy_start.split:[595-607]: ***************... (15)
INFO:gt864-forward-one-bank-schedule.gt864_forward_one_bank_slothy_start.split:[607-620]: ***************... (15)
INFO:gt864-forward-one-bank-schedule.gt864_forward_one_bank_slothy_start.split:[620-633]: *************..... (13)
INFO:gt864-forward-one-bank-schedule.gt864_forward_one_bank_slothy_start.split.538_558:Perform internal binary search for minimal number of stalls...
INFO:gt864-forward-one-bank-schedule.gt864_forward_one_bank_slothy_start.split.538_558:Attempt optimization with max 256 stalls...
INFO:gt864-forward-one-bank-schedule.gt864_forward_one_bank_slothy_start.split.538_558:Setting timeout of 14400 seconds...
INFO:gt864-forward-one-bank-schedule.gt864_forward_one_bank_slothy_start.split.538_558:Objective: minimize cycles
INFO:gt864-forward-one-bank-schedule.gt864_forward_one_bank_slothy_start.split.538_558:Invoking external constraint solver (OR-Tools CP-SAT v9.15.6755) ...
INFO:gt864-forward-one-bank-schedule.gt864_forward_one_bank_slothy_start.split.538_558:[0.7300s]: Found 1 solutions so far... objective (minimize cycles): currently  (Cycles ~ 261.0, IPC ~ 0.08), bound  (Cycles ~ 27.0, IPC ~ 0.74)
INFO:gt864-forward-one-bank-schedule.gt864_forward_one_bank_slothy_start.split.538_558:[0.7592s]: Found 2 solutions so far... objective (minimize cycles): currently  (Cycles ~ 36.0, IPC ~ 0.56), bound  (Cycles ~ 27.0, IPC ~ 0.74)
INFO:gt864-forward-one-bank-schedule.gt864_forward_one_bank_slothy_start.split.538_558:[0.7754s]: Found 3 solutions so far... objective (minimize cycles): currently  (Cycles ~ 35.0, IPC ~ 0.57), bound  (Cycles ~ 27.0, IPC ~ 0.74)
INFO:gt864-forward-one-bank-schedule.gt864_forward_one_bank_slothy_start.split.538_558:[0.7890s]: Found 4 solutions so far... objective (minimize cycles): currently  (Cycles ~ 33.0, IPC ~ 0.61), bound  (Cycles ~ 27.0, IPC ~ 0.74)
INFO:gt864-forward-one-bank-schedule.gt864_forward_one_bank_slothy_start.split.538_558:OPTIMAL, wall time: 1.280661 s
INFO:gt864-forward-one-bank-schedule.gt864_forward_one_bank_slothy_start.split.538_558:Booleans in result: 2047
INFO:gt864-forward-one-bank-schedule.gt864_forward_one_bank_slothy_start.split.538_558.selfcheck:OK!
INFO:gt864-forward-one-bank-schedule.gt864_forward_one_bank_slothy_start.split.538_558:Minimum number of stalls: 28
INFO:gt864-forward-one-bank-schedule.gt864_forward_one_bank_slothy_start.split:[  0- 12]: *************..... (13)
INFO:gt864-forward-one-bank-schedule.gt864_forward_one_bank_slothy_start.split:[ 12- 25]: ****************.. (16)
INFO:gt864-forward-one-bank-schedule.gt864_forward_one_bank_slothy_start.split:[ 25- 37]: *************..... (13)
INFO:gt864-forward-one-bank-schedule.gt864_forward_one_bank_slothy_start.split:[ 37- 50]: *************..... (13)
INFO:gt864-forward-one-bank-schedule.gt864_forward_one_bank_slothy_start.split:[ 50- 63]: ************...... (12)
INFO:gt864-forward-one-bank-schedule.gt864_forward_one_bank_slothy_start.split:[ 63- 75]: **************.... (14)
INFO:gt864-forward-one-bank-schedule.gt864_forward_one_bank_slothy_start.split:[ 75- 88]: *****************. (17)
INFO:gt864-forward-one-bank-schedule.gt864_forward_one_bank_slothy_start.split:[ 88-101]: *************..... (13)
INFO:gt864-forward-one-bank-schedule.gt864_forward_one_bank_slothy_start.split:[101-113]: ****************.. (16)
INFO:gt864-forward-one-bank-schedule.gt864_forward_one_bank_slothy_start.split:[113-126]: ***************... (15)
INFO:gt864-forward-one-bank-schedule.gt864_forward_one_bank_slothy_start.split:[126-139]: ***************... (15)
INFO:gt864-forward-one-bank-schedule.gt864_forward_one_bank_slothy_start.split:[139-151]: ****************.. (16)
INFO:gt864-forward-one-bank-schedule.gt864_forward_one_bank_slothy_start.split:[151-164]: ****************.. (16)
INFO:gt864-forward-one-bank-schedule.gt864_forward_one_bank_slothy_start.split:[164-177]: ****************.. (16)
INFO:gt864-forward-one-bank-schedule.gt864_forward_one_bank_slothy_start.split:[177-189]: ***************... (15)
INFO:gt864-forward-one-bank-schedule.gt864_forward_one_bank_slothy_start.split:[189-202]: ***************... (15)
INFO:gt864-forward-one-bank-schedule.gt864_forward_one_bank_slothy_start.split:[202-215]: ****************.. (16)
INFO:gt864-forward-one-bank-schedule.gt864_forward_one_bank_slothy_start.split:[215-227]: ****************.. (16)
INFO:gt864-forward-one-bank-schedule.gt864_forward_one_bank_slothy_start.split:[227-240]: ****************.. (16)
INFO:gt864-forward-one-bank-schedule.gt864_forward_one_bank_slothy_start.split:[240-253]: ***************... (15)
INFO:gt864-forward-one-bank-schedule.gt864_forward_one_bank_slothy_start.split:[253-265]: ***************... (15)
INFO:gt864-forward-one-bank-schedule.gt864_forward_one_bank_slothy_start.split:[265-278]: ***************... (15)
INFO:gt864-forward-one-bank-schedule.gt864_forward_one_bank_slothy_start.split:[278-291]: **************.... (14)
INFO:gt864-forward-one-bank-schedule.gt864_forward_one_bank_slothy_start.split:[291-303]: *************..... (13)
INFO:gt864-forward-one-bank-schedule.gt864_forward_one_bank_slothy_start.split:[303-316]: ***********....... (11)
INFO:gt864-forward-one-bank-schedule.gt864_forward_one_bank_slothy_start.split:[316-329]: *********......... (9)
INFO:gt864-forward-one-bank-schedule.gt864_forward_one_bank_slothy_start.split:[329-341]: *********......... (9)
INFO:gt864-forward-one-bank-schedule.gt864_forward_one_bank_slothy_start.split:[341-354]: **********........ (10)
INFO:gt864-forward-one-bank-schedule.gt864_forward_one_bank_slothy_start.split:[354-367]: *************..... (13)
INFO:gt864-forward-one-bank-schedule.gt864_forward_one_bank_slothy_start.split:[367-379]: ***************... (15)
INFO:gt864-forward-one-bank-schedule.gt864_forward_one_bank_slothy_start.split:[379-392]: *************..... (13)
INFO:gt864-forward-one-bank-schedule.gt864_forward_one_bank_slothy_start.split:[392-405]: **************.... (14)
INFO:gt864-forward-one-bank-schedule.gt864_forward_one_bank_slothy_start.split:[405-417]: **************.... (14)
INFO:gt864-forward-one-bank-schedule.gt864_forward_one_bank_slothy_start.split:[417-430]: **************.... (14)
INFO:gt864-forward-one-bank-schedule.gt864_forward_one_bank_slothy_start.split:[430-443]: **************.... (14)
INFO:gt864-forward-one-bank-schedule.gt864_forward_one_bank_slothy_start.split:[443-455]: **************.... (14)
INFO:gt864-forward-one-bank-schedule.gt864_forward_one_bank_slothy_start.split:[455-468]: ***************... (15)
INFO:gt864-forward-one-bank-schedule.gt864_forward_one_bank_slothy_start.split:[468-481]: **************.... (14)
INFO:gt864-forward-one-bank-schedule.gt864_forward_one_bank_slothy_start.split:[481-493]: **************.... (14)
INFO:gt864-forward-one-bank-schedule.gt864_forward_one_bank_slothy_start.split:[493-506]: *************..... (13)
INFO:gt864-forward-one-bank-schedule.gt864_forward_one_bank_slothy_start.split:[506-519]: ************...... (12)
INFO:gt864-forward-one-bank-schedule.gt864_forward_one_bank_slothy_start.split:[519-531]: ***************... (15)
INFO:gt864-forward-one-bank-schedule.gt864_forward_one_bank_slothy_start.split:[531-544]: ****************.. (16)
INFO:gt864-forward-one-bank-schedule.gt864_forward_one_bank_slothy_start.split:[544-557]: *************..... (13)
INFO:gt864-forward-one-bank-schedule.gt864_forward_one_bank_slothy_start.split:[557-569]: ***************... (15)
INFO:gt864-forward-one-bank-schedule.gt864_forward_one_bank_slothy_start.split:[569-582]: ***************... (15)
INFO:gt864-forward-one-bank-schedule.gt864_forward_one_bank_slothy_start.split:[582-595]: ***************... (15)
INFO:gt864-forward-one-bank-schedule.gt864_forward_one_bank_slothy_start.split:[595-607]: ***************... (15)
INFO:gt864-forward-one-bank-schedule.gt864_forward_one_bank_slothy_start.split:[607-620]: ***************... (15)
INFO:gt864-forward-one-bank-schedule.gt864_forward_one_bank_slothy_start.split:[620-633]: *************..... (13)
INFO:gt864-forward-one-bank-schedule.gt864_forward_one_bank_slothy_start.split.570_589:Perform internal binary search for minimal number of stalls...
INFO:gt864-forward-one-bank-schedule.gt864_forward_one_bank_slothy_start.split.570_589:Attempt optimization with max 256 stalls...
INFO:gt864-forward-one-bank-schedule.gt864_forward_one_bank_slothy_start.split.570_589:Setting timeout of 14400 seconds...
INFO:gt864-forward-one-bank-schedule.gt864_forward_one_bank_slothy_start.split.570_589:Objective: minimize cycles
INFO:gt864-forward-one-bank-schedule.gt864_forward_one_bank_slothy_start.split.570_589:Invoking external constraint solver (OR-Tools CP-SAT v9.15.6755) ...
INFO:gt864-forward-one-bank-schedule.gt864_forward_one_bank_slothy_start.split.570_589:[2.5628s]: Found 1 solutions so far... objective (minimize cycles): currently  (Cycles ~ 33.0, IPC ~ 0.58), bound  (Cycles ~ 23.0, IPC ~ 0.83)
INFO:gt864-forward-one-bank-schedule.gt864_forward_one_bank_slothy_start.split.570_589:[2.6026s]: Found 2 solutions so far... objective (minimize cycles): currently  (Cycles ~ 30.0, IPC ~ 0.63), bound  (Cycles ~ 23.0, IPC ~ 0.83)
INFO:gt864-forward-one-bank-schedule.gt864_forward_one_bank_slothy_start.split.570_589:[2.7269s]: Found 3 solutions so far... objective (minimize cycles): currently  (Cycles ~ 29.0, IPC ~ 0.66), bound  (Cycles ~ 24.0, IPC ~ 0.79)
INFO:gt864-forward-one-bank-schedule.gt864_forward_one_bank_slothy_start.split.570_589:[2.7786s]: Found 4 solutions so far... objective (minimize cycles): currently  (Cycles ~ 28.0, IPC ~ 0.68), bound  (Cycles ~ 24.0, IPC ~ 0.79)
INFO:gt864-forward-one-bank-schedule.gt864_forward_one_bank_slothy_start.split.570_589:OPTIMAL, wall time: 3.447527 s
INFO:gt864-forward-one-bank-schedule.gt864_forward_one_bank_slothy_start.split.570_589:Booleans in result: 2077
INFO:gt864-forward-one-bank-schedule.gt864_forward_one_bank_slothy_start.split.570_589.selfcheck:OK!
INFO:gt864-forward-one-bank-schedule.gt864_forward_one_bank_slothy_start.split.570_589:Minimum number of stalls: 23
INFO:gt864-forward-one-bank-schedule.gt864_forward_one_bank_slothy_start.split:[  0- 12]: *************..... (13)
INFO:gt864-forward-one-bank-schedule.gt864_forward_one_bank_slothy_start.split:[ 12- 25]: ****************.. (16)
INFO:gt864-forward-one-bank-schedule.gt864_forward_one_bank_slothy_start.split:[ 25- 37]: *************..... (13)
INFO:gt864-forward-one-bank-schedule.gt864_forward_one_bank_slothy_start.split:[ 37- 50]: *************..... (13)
INFO:gt864-forward-one-bank-schedule.gt864_forward_one_bank_slothy_start.split:[ 50- 63]: ************...... (12)
INFO:gt864-forward-one-bank-schedule.gt864_forward_one_bank_slothy_start.split:[ 63- 75]: **************.... (14)
INFO:gt864-forward-one-bank-schedule.gt864_forward_one_bank_slothy_start.split:[ 75- 88]: *****************. (17)
INFO:gt864-forward-one-bank-schedule.gt864_forward_one_bank_slothy_start.split:[ 88-101]: *************..... (13)
INFO:gt864-forward-one-bank-schedule.gt864_forward_one_bank_slothy_start.split:[101-113]: ****************.. (16)
INFO:gt864-forward-one-bank-schedule.gt864_forward_one_bank_slothy_start.split:[113-126]: ***************... (15)
INFO:gt864-forward-one-bank-schedule.gt864_forward_one_bank_slothy_start.split:[126-139]: ***************... (15)
INFO:gt864-forward-one-bank-schedule.gt864_forward_one_bank_slothy_start.split:[139-151]: ****************.. (16)
INFO:gt864-forward-one-bank-schedule.gt864_forward_one_bank_slothy_start.split:[151-164]: ****************.. (16)
INFO:gt864-forward-one-bank-schedule.gt864_forward_one_bank_slothy_start.split:[164-177]: ****************.. (16)
INFO:gt864-forward-one-bank-schedule.gt864_forward_one_bank_slothy_start.split:[177-189]: ***************... (15)
INFO:gt864-forward-one-bank-schedule.gt864_forward_one_bank_slothy_start.split:[189-202]: ***************... (15)
INFO:gt864-forward-one-bank-schedule.gt864_forward_one_bank_slothy_start.split:[202-215]: ****************.. (16)
INFO:gt864-forward-one-bank-schedule.gt864_forward_one_bank_slothy_start.split:[215-227]: ****************.. (16)
INFO:gt864-forward-one-bank-schedule.gt864_forward_one_bank_slothy_start.split:[227-240]: ****************.. (16)
INFO:gt864-forward-one-bank-schedule.gt864_forward_one_bank_slothy_start.split:[240-253]: ***************... (15)
INFO:gt864-forward-one-bank-schedule.gt864_forward_one_bank_slothy_start.split:[253-265]: ***************... (15)
INFO:gt864-forward-one-bank-schedule.gt864_forward_one_bank_slothy_start.split:[265-278]: ***************... (15)
INFO:gt864-forward-one-bank-schedule.gt864_forward_one_bank_slothy_start.split:[278-291]: **************.... (14)
INFO:gt864-forward-one-bank-schedule.gt864_forward_one_bank_slothy_start.split:[291-303]: *************..... (13)
INFO:gt864-forward-one-bank-schedule.gt864_forward_one_bank_slothy_start.split:[303-316]: ***********....... (11)
INFO:gt864-forward-one-bank-schedule.gt864_forward_one_bank_slothy_start.split:[316-329]: *********......... (9)
INFO:gt864-forward-one-bank-schedule.gt864_forward_one_bank_slothy_start.split:[329-341]: *********......... (9)
INFO:gt864-forward-one-bank-schedule.gt864_forward_one_bank_slothy_start.split:[341-354]: **********........ (10)
INFO:gt864-forward-one-bank-schedule.gt864_forward_one_bank_slothy_start.split:[354-367]: *************..... (13)
INFO:gt864-forward-one-bank-schedule.gt864_forward_one_bank_slothy_start.split:[367-379]: ***************... (15)
INFO:gt864-forward-one-bank-schedule.gt864_forward_one_bank_slothy_start.split:[379-392]: *************..... (13)
INFO:gt864-forward-one-bank-schedule.gt864_forward_one_bank_slothy_start.split:[392-405]: **************.... (14)
INFO:gt864-forward-one-bank-schedule.gt864_forward_one_bank_slothy_start.split:[405-417]: **************.... (14)
INFO:gt864-forward-one-bank-schedule.gt864_forward_one_bank_slothy_start.split:[417-430]: **************.... (14)
INFO:gt864-forward-one-bank-schedule.gt864_forward_one_bank_slothy_start.split:[430-443]: **************.... (14)
INFO:gt864-forward-one-bank-schedule.gt864_forward_one_bank_slothy_start.split:[443-455]: **************.... (14)
INFO:gt864-forward-one-bank-schedule.gt864_forward_one_bank_slothy_start.split:[455-468]: ***************... (15)
INFO:gt864-forward-one-bank-schedule.gt864_forward_one_bank_slothy_start.split:[468-481]: **************.... (14)
INFO:gt864-forward-one-bank-schedule.gt864_forward_one_bank_slothy_start.split:[481-493]: **************.... (14)
INFO:gt864-forward-one-bank-schedule.gt864_forward_one_bank_slothy_start.split:[493-506]: *************..... (13)
INFO:gt864-forward-one-bank-schedule.gt864_forward_one_bank_slothy_start.split:[506-519]: ************...... (12)
INFO:gt864-forward-one-bank-schedule.gt864_forward_one_bank_slothy_start.split:[519-531]: ***************... (15)
INFO:gt864-forward-one-bank-schedule.gt864_forward_one_bank_slothy_start.split:[531-544]: ****************.. (16)
INFO:gt864-forward-one-bank-schedule.gt864_forward_one_bank_slothy_start.split:[544-557]: *************..... (13)
INFO:gt864-forward-one-bank-schedule.gt864_forward_one_bank_slothy_start.split:[557-569]: **************.... (14)
INFO:gt864-forward-one-bank-schedule.gt864_forward_one_bank_slothy_start.split:[569-582]: *************..... (13)
INFO:gt864-forward-one-bank-schedule.gt864_forward_one_bank_slothy_start.split:[582-595]: *************..... (13)
INFO:gt864-forward-one-bank-schedule.gt864_forward_one_bank_slothy_start.split:[595-607]: ***************... (15)
INFO:gt864-forward-one-bank-schedule.gt864_forward_one_bank_slothy_start.split:[607-620]: ***************... (15)
INFO:gt864-forward-one-bank-schedule.gt864_forward_one_bank_slothy_start.split:[620-633]: *************..... (13)
INFO:gt864-forward-one-bank-schedule.gt864_forward_one_bank_slothy_start.split.601_621:Perform internal binary search for minimal number of stalls...
INFO:gt864-forward-one-bank-schedule.gt864_forward_one_bank_slothy_start.split.601_621:Attempt optimization with max 256 stalls...
INFO:gt864-forward-one-bank-schedule.gt864_forward_one_bank_slothy_start.split.601_621:Setting timeout of 14400 seconds...
INFO:gt864-forward-one-bank-schedule.gt864_forward_one_bank_slothy_start.split.601_621:Objective: minimize cycles
INFO:gt864-forward-one-bank-schedule.gt864_forward_one_bank_slothy_start.split.601_621:Invoking external constraint solver (OR-Tools CP-SAT v9.15.6755) ...
INFO:gt864-forward-one-bank-schedule.gt864_forward_one_bank_slothy_start.split.601_621:[0.2293s]: Found 1 solutions so far... objective (minimize cycles): currently  (Cycles ~ 28.0, IPC ~ 0.71), bound  (Cycles ~ 27.0, IPC ~ 0.74)
INFO:gt864-forward-one-bank-schedule.gt864_forward_one_bank_slothy_start.split.601_621:OPTIMAL, wall time: 0.251232 s
INFO:gt864-forward-one-bank-schedule.gt864_forward_one_bank_slothy_start.split.601_621:Booleans in result: 101
INFO:gt864-forward-one-bank-schedule.gt864_forward_one_bank_slothy_start.split.601_621.selfcheck:OK!
INFO:gt864-forward-one-bank-schedule.gt864_forward_one_bank_slothy_start.split.601_621:Minimum number of stalls: 23
INFO:gt864-forward-one-bank-schedule.gt864_forward_one_bank_slothy_start.split:[  0- 12]: *************..... (13)
INFO:gt864-forward-one-bank-schedule.gt864_forward_one_bank_slothy_start.split:[ 12- 25]: ****************.. (16)
INFO:gt864-forward-one-bank-schedule.gt864_forward_one_bank_slothy_start.split:[ 25- 37]: *************..... (13)
INFO:gt864-forward-one-bank-schedule.gt864_forward_one_bank_slothy_start.split:[ 37- 50]: *************..... (13)
INFO:gt864-forward-one-bank-schedule.gt864_forward_one_bank_slothy_start.split:[ 50- 63]: ************...... (12)
INFO:gt864-forward-one-bank-schedule.gt864_forward_one_bank_slothy_start.split:[ 63- 75]: **************.... (14)
INFO:gt864-forward-one-bank-schedule.gt864_forward_one_bank_slothy_start.split:[ 75- 88]: *****************. (17)
INFO:gt864-forward-one-bank-schedule.gt864_forward_one_bank_slothy_start.split:[ 88-101]: *************..... (13)
INFO:gt864-forward-one-bank-schedule.gt864_forward_one_bank_slothy_start.split:[101-113]: ****************.. (16)
INFO:gt864-forward-one-bank-schedule.gt864_forward_one_bank_slothy_start.split:[113-126]: ***************... (15)
INFO:gt864-forward-one-bank-schedule.gt864_forward_one_bank_slothy_start.split:[126-139]: ***************... (15)
INFO:gt864-forward-one-bank-schedule.gt864_forward_one_bank_slothy_start.split:[139-151]: ****************.. (16)
INFO:gt864-forward-one-bank-schedule.gt864_forward_one_bank_slothy_start.split:[151-164]: ****************.. (16)
INFO:gt864-forward-one-bank-schedule.gt864_forward_one_bank_slothy_start.split:[164-177]: ****************.. (16)
INFO:gt864-forward-one-bank-schedule.gt864_forward_one_bank_slothy_start.split:[177-189]: ***************... (15)
INFO:gt864-forward-one-bank-schedule.gt864_forward_one_bank_slothy_start.split:[189-202]: ***************... (15)
INFO:gt864-forward-one-bank-schedule.gt864_forward_one_bank_slothy_start.split:[202-215]: ****************.. (16)
INFO:gt864-forward-one-bank-schedule.gt864_forward_one_bank_slothy_start.split:[215-227]: ****************.. (16)
INFO:gt864-forward-one-bank-schedule.gt864_forward_one_bank_slothy_start.split:[227-240]: ****************.. (16)
INFO:gt864-forward-one-bank-schedule.gt864_forward_one_bank_slothy_start.split:[240-253]: ***************... (15)
INFO:gt864-forward-one-bank-schedule.gt864_forward_one_bank_slothy_start.split:[253-265]: ***************... (15)
INFO:gt864-forward-one-bank-schedule.gt864_forward_one_bank_slothy_start.split:[265-278]: ***************... (15)
INFO:gt864-forward-one-bank-schedule.gt864_forward_one_bank_slothy_start.split:[278-291]: **************.... (14)
INFO:gt864-forward-one-bank-schedule.gt864_forward_one_bank_slothy_start.split:[291-303]: *************..... (13)
INFO:gt864-forward-one-bank-schedule.gt864_forward_one_bank_slothy_start.split:[303-316]: ***********....... (11)
INFO:gt864-forward-one-bank-schedule.gt864_forward_one_bank_slothy_start.split:[316-329]: *********......... (9)
INFO:gt864-forward-one-bank-schedule.gt864_forward_one_bank_slothy_start.split:[329-341]: *********......... (9)
INFO:gt864-forward-one-bank-schedule.gt864_forward_one_bank_slothy_start.split:[341-354]: **********........ (10)
INFO:gt864-forward-one-bank-schedule.gt864_forward_one_bank_slothy_start.split:[354-367]: *************..... (13)
INFO:gt864-forward-one-bank-schedule.gt864_forward_one_bank_slothy_start.split:[367-379]: ***************... (15)
INFO:gt864-forward-one-bank-schedule.gt864_forward_one_bank_slothy_start.split:[379-392]: *************..... (13)
INFO:gt864-forward-one-bank-schedule.gt864_forward_one_bank_slothy_start.split:[392-405]: **************.... (14)
INFO:gt864-forward-one-bank-schedule.gt864_forward_one_bank_slothy_start.split:[405-417]: **************.... (14)
INFO:gt864-forward-one-bank-schedule.gt864_forward_one_bank_slothy_start.split:[417-430]: **************.... (14)
INFO:gt864-forward-one-bank-schedule.gt864_forward_one_bank_slothy_start.split:[430-443]: **************.... (14)
INFO:gt864-forward-one-bank-schedule.gt864_forward_one_bank_slothy_start.split:[443-455]: **************.... (14)
INFO:gt864-forward-one-bank-schedule.gt864_forward_one_bank_slothy_start.split:[455-468]: ***************... (15)
INFO:gt864-forward-one-bank-schedule.gt864_forward_one_bank_slothy_start.split:[468-481]: **************.... (14)
INFO:gt864-forward-one-bank-schedule.gt864_forward_one_bank_slothy_start.split:[481-493]: **************.... (14)
INFO:gt864-forward-one-bank-schedule.gt864_forward_one_bank_slothy_start.split:[493-506]: *************..... (13)
INFO:gt864-forward-one-bank-schedule.gt864_forward_one_bank_slothy_start.split:[506-519]: ************...... (12)
INFO:gt864-forward-one-bank-schedule.gt864_forward_one_bank_slothy_start.split:[519-531]: ***************... (15)
INFO:gt864-forward-one-bank-schedule.gt864_forward_one_bank_slothy_start.split:[531-544]: ****************.. (16)
INFO:gt864-forward-one-bank-schedule.gt864_forward_one_bank_slothy_start.split:[544-557]: *************..... (13)
INFO:gt864-forward-one-bank-schedule.gt864_forward_one_bank_slothy_start.split:[557-569]: **************.... (14)
INFO:gt864-forward-one-bank-schedule.gt864_forward_one_bank_slothy_start.split:[569-582]: *************..... (13)
INFO:gt864-forward-one-bank-schedule.gt864_forward_one_bank_slothy_start.split:[582-595]: *************..... (13)
INFO:gt864-forward-one-bank-schedule.gt864_forward_one_bank_slothy_start.split:[595-607]: ****************.. (16)
INFO:gt864-forward-one-bank-schedule.gt864_forward_one_bank_slothy_start.split:[607-620]: **************.... (14)
INFO:gt864-forward-one-bank-schedule.gt864_forward_one_bank_slothy_start.split:[620-633]: *************..... (13)
INFO:gt864-forward-one-bank-schedule.gt864_forward_one_bank_slothy_start.split.split_heuristic_full:OK!
allocated_liveouts=out0:v26,out1:v30,out2:v7,out3:v25,out4:v19,out5:v21,out6:v3,out7:v24,out8:v22,out9:v23,out10:v2,out11:v0,out12:v31,out13:v28,out14:v18,out15:v5,out16:v29,out17:v20
