INFO:gt864-forward-full-register-schedule.gt864_forward_one_bank_one_mul_b3_slothy_start:SLOTHY version: 0.2.2
INFO:gt864-forward-full-register-schedule:Instructions in body: 593
INFO:gt864-forward-full-register-schedule.gt864_forward_one_bank_one_mul_b3_slothy_start.split.0_19:Perform internal binary search for minimal number of stalls...
INFO:gt864-forward-full-register-schedule.gt864_forward_one_bank_one_mul_b3_slothy_start.split.0_19:Attempt optimization with max 256 stalls...
INFO:gt864-forward-full-register-schedule.gt864_forward_one_bank_one_mul_b3_slothy_start.split.0_19:Setting timeout of 14400 seconds...
INFO:gt864-forward-full-register-schedule.gt864_forward_one_bank_one_mul_b3_slothy_start.split.0_19:Objective: minimize cycles
INFO:gt864-forward-full-register-schedule.gt864_forward_one_bank_one_mul_b3_slothy_start.split.0_19:Invoking external constraint solver (OR-Tools CP-SAT v9.15.6755) ...
INFO:gt864-forward-full-register-schedule.gt864_forward_one_bank_one_mul_b3_slothy_start.split.0_19:[0.0251s]: Found 1 solutions so far... objective (minimize cycles): currently  (Cycles ~ 115.0, IPC ~ 0.17), bound  (Cycles ~ 108.0, IPC ~ 0.18)
INFO:gt864-forward-full-register-schedule.gt864_forward_one_bank_one_mul_b3_slothy_start.split.0_19:[0.0260s]: Found 2 solutions so far... objective (minimize cycles): currently  (Cycles ~ 108.0, IPC ~ 0.18), bound  (Cycles ~ 108.0, IPC ~ 0.18)
INFO:gt864-forward-full-register-schedule.gt864_forward_one_bank_one_mul_b3_slothy_start.split.0_19:Closer than 0 stalls to theoretical optimum... stop
INFO:gt864-forward-full-register-schedule.gt864_forward_one_bank_one_mul_b3_slothy_start.split.0_19:OPTIMAL, wall time: 0.034362 s
INFO:gt864-forward-full-register-schedule.gt864_forward_one_bank_one_mul_b3_slothy_start.split.0_19:Booleans in result: 38
INFO:gt864-forward-full-register-schedule.gt864_forward_one_bank_one_mul_b3_slothy_start.split.0_19.selfcheck:OK!
INFO:gt864-forward-full-register-schedule.gt864_forward_one_bank_one_mul_b3_slothy_start.split.0_19:Minimum number of stalls: 103
INFO:gt864-forward-full-register-schedule.gt864_forward_one_bank_one_mul_b3_slothy_start.split.19_37:Perform internal binary search for minimal number of stalls...
INFO:gt864-forward-full-register-schedule.gt864_forward_one_bank_one_mul_b3_slothy_start.split.19_37:Attempt optimization with max 256 stalls...
INFO:gt864-forward-full-register-schedule.gt864_forward_one_bank_one_mul_b3_slothy_start.split.19_37:Setting timeout of 14400 seconds...
INFO:gt864-forward-full-register-schedule.gt864_forward_one_bank_one_mul_b3_slothy_start.split.19_37:Objective: minimize cycles
INFO:gt864-forward-full-register-schedule.gt864_forward_one_bank_one_mul_b3_slothy_start.split.19_37:Invoking external constraint solver (OR-Tools CP-SAT v9.15.6755) ...
INFO:gt864-forward-full-register-schedule.gt864_forward_one_bank_one_mul_b3_slothy_start.split.19_37:[0.0149s]: Found 1 solutions so far... objective (minimize cycles): currently  (Cycles ~ 38.0, IPC ~ 0.47), bound  (Cycles ~ 33.0, IPC ~ 0.55)
INFO:gt864-forward-full-register-schedule.gt864_forward_one_bank_one_mul_b3_slothy_start.split.19_37:OPTIMAL, wall time: 0.026425 s
INFO:gt864-forward-full-register-schedule.gt864_forward_one_bank_one_mul_b3_slothy_start.split.19_37:Booleans in result: 42
INFO:gt864-forward-full-register-schedule.gt864_forward_one_bank_one_mul_b3_slothy_start.split.19_37.selfcheck:OK!
INFO:gt864-forward-full-register-schedule.gt864_forward_one_bank_one_mul_b3_slothy_start.split.19_37:Minimum number of stalls: 33
INFO:gt864-forward-full-register-schedule.gt864_forward_one_bank_one_mul_b3_slothy_start.split.37_56:Perform internal binary search for minimal number of stalls...
INFO:gt864-forward-full-register-schedule.gt864_forward_one_bank_one_mul_b3_slothy_start.split.37_56:Attempt optimization with max 256 stalls...
INFO:gt864-forward-full-register-schedule.gt864_forward_one_bank_one_mul_b3_slothy_start.split.37_56:Setting timeout of 14400 seconds...
INFO:gt864-forward-full-register-schedule.gt864_forward_one_bank_one_mul_b3_slothy_start.split.37_56:Objective: minimize cycles
INFO:gt864-forward-full-register-schedule.gt864_forward_one_bank_one_mul_b3_slothy_start.split.37_56:Invoking external constraint solver (OR-Tools CP-SAT v9.15.6755) ...
INFO:gt864-forward-full-register-schedule.gt864_forward_one_bank_one_mul_b3_slothy_start.split.37_56:[0.0159s]: Found 1 solutions so far... objective (minimize cycles): currently  (Cycles ~ 39.0, IPC ~ 0.49), bound  (Cycles ~ 35.0, IPC ~ 0.54)
INFO:gt864-forward-full-register-schedule.gt864_forward_one_bank_one_mul_b3_slothy_start.split.37_56:OPTIMAL, wall time: 0.027875 s
INFO:gt864-forward-full-register-schedule.gt864_forward_one_bank_one_mul_b3_slothy_start.split.37_56:Booleans in result: 47
INFO:gt864-forward-full-register-schedule.gt864_forward_one_bank_one_mul_b3_slothy_start.split.37_56.selfcheck:OK!
INFO:gt864-forward-full-register-schedule.gt864_forward_one_bank_one_mul_b3_slothy_start.split.37_56:Minimum number of stalls: 34
INFO:gt864-forward-full-register-schedule.gt864_forward_one_bank_one_mul_b3_slothy_start.split.56_74:Perform internal binary search for minimal number of stalls...
INFO:gt864-forward-full-register-schedule.gt864_forward_one_bank_one_mul_b3_slothy_start.split.56_74:Attempt optimization with max 256 stalls...
INFO:gt864-forward-full-register-schedule.gt864_forward_one_bank_one_mul_b3_slothy_start.split.56_74:Setting timeout of 14400 seconds...
INFO:gt864-forward-full-register-schedule.gt864_forward_one_bank_one_mul_b3_slothy_start.split.56_74:Objective: minimize cycles
INFO:gt864-forward-full-register-schedule.gt864_forward_one_bank_one_mul_b3_slothy_start.split.56_74:Invoking external constraint solver (OR-Tools CP-SAT v9.15.6755) ...
INFO:gt864-forward-full-register-schedule.gt864_forward_one_bank_one_mul_b3_slothy_start.split.56_74:[0.0136s]: Found 1 solutions so far... objective (minimize cycles): currently  (Cycles ~ 37.0, IPC ~ 0.49), bound  (Cycles ~ 36.0, IPC ~ 0.50)
INFO:gt864-forward-full-register-schedule.gt864_forward_one_bank_one_mul_b3_slothy_start.split.56_74:[0.0147s]: Found 2 solutions so far... objective (minimize cycles): currently  (Cycles ~ 36.0, IPC ~ 0.50), bound  (Cycles ~ 36.0, IPC ~ 0.50)
INFO:gt864-forward-full-register-schedule.gt864_forward_one_bank_one_mul_b3_slothy_start.split.56_74:Closer than 0 stalls to theoretical optimum... stop
INFO:gt864-forward-full-register-schedule.gt864_forward_one_bank_one_mul_b3_slothy_start.split.56_74:OPTIMAL, wall time: 0.021448 s
INFO:gt864-forward-full-register-schedule.gt864_forward_one_bank_one_mul_b3_slothy_start.split.56_74:Booleans in result: 46
INFO:gt864-forward-full-register-schedule.gt864_forward_one_bank_one_mul_b3_slothy_start.split.56_74.selfcheck:OK!
INFO:gt864-forward-full-register-schedule.gt864_forward_one_bank_one_mul_b3_slothy_start.split.56_74:Minimum number of stalls: 31
INFO:gt864-forward-full-register-schedule.gt864_forward_one_bank_one_mul_b3_slothy_start.split.74_93:Perform internal binary search for minimal number of stalls...
INFO:gt864-forward-full-register-schedule.gt864_forward_one_bank_one_mul_b3_slothy_start.split.74_93:Attempt optimization with max 256 stalls...
INFO:gt864-forward-full-register-schedule.gt864_forward_one_bank_one_mul_b3_slothy_start.split.74_93:Setting timeout of 14400 seconds...
INFO:gt864-forward-full-register-schedule.gt864_forward_one_bank_one_mul_b3_slothy_start.split.74_93:Objective: minimize cycles
INFO:gt864-forward-full-register-schedule.gt864_forward_one_bank_one_mul_b3_slothy_start.split.74_93:Invoking external constraint solver (OR-Tools CP-SAT v9.15.6755) ...
INFO:gt864-forward-full-register-schedule.gt864_forward_one_bank_one_mul_b3_slothy_start.split.74_93:[0.0174s]: Found 1 solutions so far... objective (minimize cycles): currently  (Cycles ~ 40.0, IPC ~ 0.47), bound  (Cycles ~ 38.0, IPC ~ 0.50)
INFO:gt864-forward-full-register-schedule.gt864_forward_one_bank_one_mul_b3_slothy_start.split.74_93:OPTIMAL, wall time: 0.025225 s
INFO:gt864-forward-full-register-schedule.gt864_forward_one_bank_one_mul_b3_slothy_start.split.74_93:Booleans in result: 40
INFO:gt864-forward-full-register-schedule.gt864_forward_one_bank_one_mul_b3_slothy_start.split.74_93.selfcheck:OK!
INFO:gt864-forward-full-register-schedule.gt864_forward_one_bank_one_mul_b3_slothy_start.split.74_93:Minimum number of stalls: 35
INFO:gt864-forward-full-register-schedule.gt864_forward_one_bank_one_mul_b3_slothy_start.split.93_111:Perform internal binary search for minimal number of stalls...
INFO:gt864-forward-full-register-schedule.gt864_forward_one_bank_one_mul_b3_slothy_start.split.93_111:Attempt optimization with max 256 stalls...
INFO:gt864-forward-full-register-schedule.gt864_forward_one_bank_one_mul_b3_slothy_start.split.93_111:Setting timeout of 14400 seconds...
INFO:gt864-forward-full-register-schedule.gt864_forward_one_bank_one_mul_b3_slothy_start.split.93_111:Objective: minimize cycles
INFO:gt864-forward-full-register-schedule.gt864_forward_one_bank_one_mul_b3_slothy_start.split.93_111:Invoking external constraint solver (OR-Tools CP-SAT v9.15.6755) ...
INFO:gt864-forward-full-register-schedule.gt864_forward_one_bank_one_mul_b3_slothy_start.split.93_111:[0.0159s]: Found 1 solutions so far... objective (minimize cycles): currently  (Cycles ~ 42.0, IPC ~ 0.43), bound  (Cycles ~ 38.0, IPC ~ 0.47)
INFO:gt864-forward-full-register-schedule.gt864_forward_one_bank_one_mul_b3_slothy_start.split.93_111:[0.0163s]: Found 2 solutions so far... objective (minimize cycles): currently  (Cycles ~ 38.0, IPC ~ 0.47), bound  (Cycles ~ 38.0, IPC ~ 0.47)
INFO:gt864-forward-full-register-schedule.gt864_forward_one_bank_one_mul_b3_slothy_start.split.93_111:Closer than 0 stalls to theoretical optimum... stop
INFO:gt864-forward-full-register-schedule.gt864_forward_one_bank_one_mul_b3_slothy_start.split.93_111:OPTIMAL, wall time: 0.019637 s
INFO:gt864-forward-full-register-schedule.gt864_forward_one_bank_one_mul_b3_slothy_start.split.93_111:Booleans in result: 40
INFO:gt864-forward-full-register-schedule.gt864_forward_one_bank_one_mul_b3_slothy_start.split.93_111.selfcheck:OK!
INFO:gt864-forward-full-register-schedule.gt864_forward_one_bank_one_mul_b3_slothy_start.split.93_111:Minimum number of stalls: 33
INFO:gt864-forward-full-register-schedule.gt864_forward_one_bank_one_mul_b3_slothy_start.split.111_130:Perform internal binary search for minimal number of stalls...
INFO:gt864-forward-full-register-schedule.gt864_forward_one_bank_one_mul_b3_slothy_start.split.111_130:Attempt optimization with max 256 stalls...
INFO:gt864-forward-full-register-schedule.gt864_forward_one_bank_one_mul_b3_slothy_start.split.111_130:Setting timeout of 14400 seconds...
INFO:gt864-forward-full-register-schedule.gt864_forward_one_bank_one_mul_b3_slothy_start.split.111_130:Objective: minimize cycles
INFO:gt864-forward-full-register-schedule.gt864_forward_one_bank_one_mul_b3_slothy_start.split.111_130:Invoking external constraint solver (OR-Tools CP-SAT v9.15.6755) ...
INFO:gt864-forward-full-register-schedule.gt864_forward_one_bank_one_mul_b3_slothy_start.split.111_130:[0.0179s]: Found 1 solutions so far... objective (minimize cycles): currently  (Cycles ~ 46.0, IPC ~ 0.41), bound  (Cycles ~ 42.0, IPC ~ 0.45)
INFO:gt864-forward-full-register-schedule.gt864_forward_one_bank_one_mul_b3_slothy_start.split.111_130:[0.0194s]: Found 2 solutions so far... objective (minimize cycles): currently  (Cycles ~ 42.0, IPC ~ 0.45), bound  (Cycles ~ 42.0, IPC ~ 0.45)
INFO:gt864-forward-full-register-schedule.gt864_forward_one_bank_one_mul_b3_slothy_start.split.111_130:Closer than 0 stalls to theoretical optimum... stop
INFO:gt864-forward-full-register-schedule.gt864_forward_one_bank_one_mul_b3_slothy_start.split.111_130:OPTIMAL, wall time: 0.024234 s
INFO:gt864-forward-full-register-schedule.gt864_forward_one_bank_one_mul_b3_slothy_start.split.111_130:Booleans in result: 62
INFO:gt864-forward-full-register-schedule.gt864_forward_one_bank_one_mul_b3_slothy_start.split.111_130.selfcheck:OK!
INFO:gt864-forward-full-register-schedule.gt864_forward_one_bank_one_mul_b3_slothy_start.split.111_130:Minimum number of stalls: 37
INFO:gt864-forward-full-register-schedule.gt864_forward_one_bank_one_mul_b3_slothy_start.split.130_148:Perform internal binary search for minimal number of stalls...
INFO:gt864-forward-full-register-schedule.gt864_forward_one_bank_one_mul_b3_slothy_start.split.130_148:Attempt optimization with max 256 stalls...
INFO:gt864-forward-full-register-schedule.gt864_forward_one_bank_one_mul_b3_slothy_start.split.130_148:Setting timeout of 14400 seconds...
INFO:gt864-forward-full-register-schedule.gt864_forward_one_bank_one_mul_b3_slothy_start.split.130_148:Objective: minimize cycles
INFO:gt864-forward-full-register-schedule.gt864_forward_one_bank_one_mul_b3_slothy_start.split.130_148:Invoking external constraint solver (OR-Tools CP-SAT v9.15.6755) ...
INFO:gt864-forward-full-register-schedule.gt864_forward_one_bank_one_mul_b3_slothy_start.split.130_148:[0.0157s]: Found 1 solutions so far... objective (minimize cycles): currently  (Cycles ~ 40.0, IPC ~ 0.45), bound  (Cycles ~ 39.0, IPC ~ 0.46)
INFO:gt864-forward-full-register-schedule.gt864_forward_one_bank_one_mul_b3_slothy_start.split.130_148:[0.0161s]: Found 2 solutions so far... objective (minimize cycles): currently  (Cycles ~ 39.0, IPC ~ 0.46), bound  (Cycles ~ 39.0, IPC ~ 0.46)
INFO:gt864-forward-full-register-schedule.gt864_forward_one_bank_one_mul_b3_slothy_start.split.130_148:Closer than 0 stalls to theoretical optimum... stop
INFO:gt864-forward-full-register-schedule.gt864_forward_one_bank_one_mul_b3_slothy_start.split.130_148:OPTIMAL, wall time: 0.026904 s
INFO:gt864-forward-full-register-schedule.gt864_forward_one_bank_one_mul_b3_slothy_start.split.130_148:Booleans in result: 41
INFO:gt864-forward-full-register-schedule.gt864_forward_one_bank_one_mul_b3_slothy_start.split.130_148.selfcheck:OK!
INFO:gt864-forward-full-register-schedule.gt864_forward_one_bank_one_mul_b3_slothy_start.split.130_148:Minimum number of stalls: 34
INFO:gt864-forward-full-register-schedule.gt864_forward_one_bank_one_mul_b3_slothy_start.split.148_167:Perform internal binary search for minimal number of stalls...
INFO:gt864-forward-full-register-schedule.gt864_forward_one_bank_one_mul_b3_slothy_start.split.148_167:Attempt optimization with max 256 stalls...
INFO:gt864-forward-full-register-schedule.gt864_forward_one_bank_one_mul_b3_slothy_start.split.148_167:Setting timeout of 14400 seconds...
INFO:gt864-forward-full-register-schedule.gt864_forward_one_bank_one_mul_b3_slothy_start.split.148_167:Objective: minimize cycles
INFO:gt864-forward-full-register-schedule.gt864_forward_one_bank_one_mul_b3_slothy_start.split.148_167:Invoking external constraint solver (OR-Tools CP-SAT v9.15.6755) ...
INFO:gt864-forward-full-register-schedule.gt864_forward_one_bank_one_mul_b3_slothy_start.split.148_167:[0.0174s]: Found 1 solutions so far... objective (minimize cycles): currently  (Cycles ~ 49.0, IPC ~ 0.39), bound  (Cycles ~ 44.0, IPC ~ 0.43)
INFO:gt864-forward-full-register-schedule.gt864_forward_one_bank_one_mul_b3_slothy_start.split.148_167:[0.0179s]: Found 2 solutions so far... objective (minimize cycles): currently  (Cycles ~ 44.0, IPC ~ 0.43), bound  (Cycles ~ 44.0, IPC ~ 0.43)
INFO:gt864-forward-full-register-schedule.gt864_forward_one_bank_one_mul_b3_slothy_start.split.148_167:Closer than 0 stalls to theoretical optimum... stop
INFO:gt864-forward-full-register-schedule.gt864_forward_one_bank_one_mul_b3_slothy_start.split.148_167:OPTIMAL, wall time: 0.026261 s
INFO:gt864-forward-full-register-schedule.gt864_forward_one_bank_one_mul_b3_slothy_start.split.148_167:Booleans in result: 38
INFO:gt864-forward-full-register-schedule.gt864_forward_one_bank_one_mul_b3_slothy_start.split.148_167.selfcheck:OK!
INFO:gt864-forward-full-register-schedule.gt864_forward_one_bank_one_mul_b3_slothy_start.split.148_167:Minimum number of stalls: 39
INFO:gt864-forward-full-register-schedule.gt864_forward_one_bank_one_mul_b3_slothy_start.split.167_185:Perform internal binary search for minimal number of stalls...
INFO:gt864-forward-full-register-schedule.gt864_forward_one_bank_one_mul_b3_slothy_start.split.167_185:Attempt optimization with max 256 stalls...
INFO:gt864-forward-full-register-schedule.gt864_forward_one_bank_one_mul_b3_slothy_start.split.167_185:Setting timeout of 14400 seconds...
INFO:gt864-forward-full-register-schedule.gt864_forward_one_bank_one_mul_b3_slothy_start.split.167_185:Objective: minimize cycles
INFO:gt864-forward-full-register-schedule.gt864_forward_one_bank_one_mul_b3_slothy_start.split.167_185:Invoking external constraint solver (OR-Tools CP-SAT v9.15.6755) ...
INFO:gt864-forward-full-register-schedule.gt864_forward_one_bank_one_mul_b3_slothy_start.split.167_185:[0.0156s]: Found 1 solutions so far... objective (minimize cycles): currently  (Cycles ~ 38.0, IPC ~ 0.47), bound  (Cycles ~ 38.0, IPC ~ 0.47)
INFO:gt864-forward-full-register-schedule.gt864_forward_one_bank_one_mul_b3_slothy_start.split.167_185:Closer than 0 stalls to theoretical optimum... stop
INFO:gt864-forward-full-register-schedule.gt864_forward_one_bank_one_mul_b3_slothy_start.split.167_185:OPTIMAL, wall time: 0.022382 s
INFO:gt864-forward-full-register-schedule.gt864_forward_one_bank_one_mul_b3_slothy_start.split.167_185:Booleans in result: 37
INFO:gt864-forward-full-register-schedule.gt864_forward_one_bank_one_mul_b3_slothy_start.split.167_185.selfcheck:OK!
INFO:gt864-forward-full-register-schedule.gt864_forward_one_bank_one_mul_b3_slothy_start.split.167_185:Minimum number of stalls: 33
INFO:gt864-forward-full-register-schedule.gt864_forward_one_bank_one_mul_b3_slothy_start.split.185_204:Perform internal binary search for minimal number of stalls...
INFO:gt864-forward-full-register-schedule.gt864_forward_one_bank_one_mul_b3_slothy_start.split.185_204:Attempt optimization with max 256 stalls...
INFO:gt864-forward-full-register-schedule.gt864_forward_one_bank_one_mul_b3_slothy_start.split.185_204:Setting timeout of 14400 seconds...
INFO:gt864-forward-full-register-schedule.gt864_forward_one_bank_one_mul_b3_slothy_start.split.185_204:Objective: minimize cycles
INFO:gt864-forward-full-register-schedule.gt864_forward_one_bank_one_mul_b3_slothy_start.split.185_204:Invoking external constraint solver (OR-Tools CP-SAT v9.15.6755) ...
INFO:gt864-forward-full-register-schedule.gt864_forward_one_bank_one_mul_b3_slothy_start.split.185_204:[0.0159s]: Found 1 solutions so far... objective (minimize cycles): currently  (Cycles ~ 42.0, IPC ~ 0.45), bound  (Cycles ~ 41.0, IPC ~ 0.46)
INFO:gt864-forward-full-register-schedule.gt864_forward_one_bank_one_mul_b3_slothy_start.split.185_204:[0.0168s]: Found 2 solutions so far... objective (minimize cycles): currently  (Cycles ~ 41.0, IPC ~ 0.46), bound  (Cycles ~ 41.0, IPC ~ 0.46)
INFO:gt864-forward-full-register-schedule.gt864_forward_one_bank_one_mul_b3_slothy_start.split.185_204:Closer than 0 stalls to theoretical optimum... stop
INFO:gt864-forward-full-register-schedule.gt864_forward_one_bank_one_mul_b3_slothy_start.split.185_204:OPTIMAL, wall time: 0.025622 s
INFO:gt864-forward-full-register-schedule.gt864_forward_one_bank_one_mul_b3_slothy_start.split.185_204:Booleans in result: 42
INFO:gt864-forward-full-register-schedule.gt864_forward_one_bank_one_mul_b3_slothy_start.split.185_204.selfcheck:OK!
INFO:gt864-forward-full-register-schedule.gt864_forward_one_bank_one_mul_b3_slothy_start.split.185_204:Minimum number of stalls: 36
INFO:gt864-forward-full-register-schedule.gt864_forward_one_bank_one_mul_b3_slothy_start.split.204_222:Perform internal binary search for minimal number of stalls...
INFO:gt864-forward-full-register-schedule.gt864_forward_one_bank_one_mul_b3_slothy_start.split.204_222:Attempt optimization with max 256 stalls...
INFO:gt864-forward-full-register-schedule.gt864_forward_one_bank_one_mul_b3_slothy_start.split.204_222:Setting timeout of 14400 seconds...
INFO:gt864-forward-full-register-schedule.gt864_forward_one_bank_one_mul_b3_slothy_start.split.204_222:Objective: minimize cycles
INFO:gt864-forward-full-register-schedule.gt864_forward_one_bank_one_mul_b3_slothy_start.split.204_222:Invoking external constraint solver (OR-Tools CP-SAT v9.15.6755) ...
INFO:gt864-forward-full-register-schedule.gt864_forward_one_bank_one_mul_b3_slothy_start.split.204_222:[0.0156s]: Found 1 solutions so far... objective (minimize cycles): currently  (Cycles ~ 40.0, IPC ~ 0.45), bound  (Cycles ~ 38.0, IPC ~ 0.47)
INFO:gt864-forward-full-register-schedule.gt864_forward_one_bank_one_mul_b3_slothy_start.split.204_222:OPTIMAL, wall time: 0.023456 s
INFO:gt864-forward-full-register-schedule.gt864_forward_one_bank_one_mul_b3_slothy_start.split.204_222:Booleans in result: 34
INFO:gt864-forward-full-register-schedule.gt864_forward_one_bank_one_mul_b3_slothy_start.split.204_222.selfcheck:OK!
INFO:gt864-forward-full-register-schedule.gt864_forward_one_bank_one_mul_b3_slothy_start.split.204_222:Minimum number of stalls: 35
INFO:gt864-forward-full-register-schedule.gt864_forward_one_bank_one_mul_b3_slothy_start.split.222_241:Perform internal binary search for minimal number of stalls...
INFO:gt864-forward-full-register-schedule.gt864_forward_one_bank_one_mul_b3_slothy_start.split.222_241:Attempt optimization with max 256 stalls...
INFO:gt864-forward-full-register-schedule.gt864_forward_one_bank_one_mul_b3_slothy_start.split.222_241:Setting timeout of 14400 seconds...
INFO:gt864-forward-full-register-schedule.gt864_forward_one_bank_one_mul_b3_slothy_start.split.222_241:Objective: minimize cycles
INFO:gt864-forward-full-register-schedule.gt864_forward_one_bank_one_mul_b3_slothy_start.split.222_241:Invoking external constraint solver (OR-Tools CP-SAT v9.15.6755) ...
INFO:gt864-forward-full-register-schedule.gt864_forward_one_bank_one_mul_b3_slothy_start.split.222_241:[0.0173s]: Found 1 solutions so far... objective (minimize cycles): currently  (Cycles ~ 45.0, IPC ~ 0.42), bound  (Cycles ~ 40.0, IPC ~ 0.47)
INFO:gt864-forward-full-register-schedule.gt864_forward_one_bank_one_mul_b3_slothy_start.split.222_241:[0.0178s]: Found 2 solutions so far... objective (minimize cycles): currently  (Cycles ~ 40.0, IPC ~ 0.47), bound  (Cycles ~ 40.0, IPC ~ 0.47)
INFO:gt864-forward-full-register-schedule.gt864_forward_one_bank_one_mul_b3_slothy_start.split.222_241:Closer than 0 stalls to theoretical optimum... stop
INFO:gt864-forward-full-register-schedule.gt864_forward_one_bank_one_mul_b3_slothy_start.split.222_241:OPTIMAL, wall time: 0.024706 s
INFO:gt864-forward-full-register-schedule.gt864_forward_one_bank_one_mul_b3_slothy_start.split.222_241:Booleans in result: 41
INFO:gt864-forward-full-register-schedule.gt864_forward_one_bank_one_mul_b3_slothy_start.split.222_241.selfcheck:OK!
INFO:gt864-forward-full-register-schedule.gt864_forward_one_bank_one_mul_b3_slothy_start.split.222_241:Minimum number of stalls: 35
INFO:gt864-forward-full-register-schedule.gt864_forward_one_bank_one_mul_b3_slothy_start.split.241_259:Perform internal binary search for minimal number of stalls...
INFO:gt864-forward-full-register-schedule.gt864_forward_one_bank_one_mul_b3_slothy_start.split.241_259:Attempt optimization with max 256 stalls...
INFO:gt864-forward-full-register-schedule.gt864_forward_one_bank_one_mul_b3_slothy_start.split.241_259:Setting timeout of 14400 seconds...
INFO:gt864-forward-full-register-schedule.gt864_forward_one_bank_one_mul_b3_slothy_start.split.241_259:Objective: minimize cycles
INFO:gt864-forward-full-register-schedule.gt864_forward_one_bank_one_mul_b3_slothy_start.split.241_259:Invoking external constraint solver (OR-Tools CP-SAT v9.15.6755) ...
INFO:gt864-forward-full-register-schedule.gt864_forward_one_bank_one_mul_b3_slothy_start.split.241_259:[0.0148s]: Found 1 solutions so far... objective (minimize cycles): currently  (Cycles ~ 41.0, IPC ~ 0.44), bound  (Cycles ~ 40.0, IPC ~ 0.45)
INFO:gt864-forward-full-register-schedule.gt864_forward_one_bank_one_mul_b3_slothy_start.split.241_259:[0.0153s]: Found 2 solutions so far... objective (minimize cycles): currently  (Cycles ~ 40.0, IPC ~ 0.45), bound  (Cycles ~ 40.0, IPC ~ 0.45)
INFO:gt864-forward-full-register-schedule.gt864_forward_one_bank_one_mul_b3_slothy_start.split.241_259:Closer than 0 stalls to theoretical optimum... stop
INFO:gt864-forward-full-register-schedule.gt864_forward_one_bank_one_mul_b3_slothy_start.split.241_259:OPTIMAL, wall time: 0.024821 s
INFO:gt864-forward-full-register-schedule.gt864_forward_one_bank_one_mul_b3_slothy_start.split.241_259:Booleans in result: 34
INFO:gt864-forward-full-register-schedule.gt864_forward_one_bank_one_mul_b3_slothy_start.split.241_259.selfcheck:OK!
INFO:gt864-forward-full-register-schedule.gt864_forward_one_bank_one_mul_b3_slothy_start.split.241_259:Minimum number of stalls: 35
INFO:gt864-forward-full-register-schedule.gt864_forward_one_bank_one_mul_b3_slothy_start.split.259_278:Perform internal binary search for minimal number of stalls...
INFO:gt864-forward-full-register-schedule.gt864_forward_one_bank_one_mul_b3_slothy_start.split.259_278:Attempt optimization with max 256 stalls...
INFO:gt864-forward-full-register-schedule.gt864_forward_one_bank_one_mul_b3_slothy_start.split.259_278:Setting timeout of 14400 seconds...
INFO:gt864-forward-full-register-schedule.gt864_forward_one_bank_one_mul_b3_slothy_start.split.259_278:Objective: minimize cycles
INFO:gt864-forward-full-register-schedule.gt864_forward_one_bank_one_mul_b3_slothy_start.split.259_278:Invoking external constraint solver (OR-Tools CP-SAT v9.15.6755) ...
INFO:gt864-forward-full-register-schedule.gt864_forward_one_bank_one_mul_b3_slothy_start.split.259_278:[0.0180s]: Found 1 solutions so far... objective (minimize cycles): currently  (Cycles ~ 40.0, IPC ~ 0.47), bound  (Cycles ~ 39.0, IPC ~ 0.49)
INFO:gt864-forward-full-register-schedule.gt864_forward_one_bank_one_mul_b3_slothy_start.split.259_278:[0.0185s]: Found 2 solutions so far... objective (minimize cycles): currently  (Cycles ~ 39.0, IPC ~ 0.49), bound  (Cycles ~ 39.0, IPC ~ 0.49)
INFO:gt864-forward-full-register-schedule.gt864_forward_one_bank_one_mul_b3_slothy_start.split.259_278:Closer than 0 stalls to theoretical optimum... stop
INFO:gt864-forward-full-register-schedule.gt864_forward_one_bank_one_mul_b3_slothy_start.split.259_278:OPTIMAL, wall time: 0.024847 s
INFO:gt864-forward-full-register-schedule.gt864_forward_one_bank_one_mul_b3_slothy_start.split.259_278:Booleans in result: 39
INFO:gt864-forward-full-register-schedule.gt864_forward_one_bank_one_mul_b3_slothy_start.split.259_278.selfcheck:OK!
INFO:gt864-forward-full-register-schedule.gt864_forward_one_bank_one_mul_b3_slothy_start.split.259_278:Minimum number of stalls: 34
INFO:gt864-forward-full-register-schedule.gt864_forward_one_bank_one_mul_b3_slothy_start.split.278_296:Perform internal binary search for minimal number of stalls...
INFO:gt864-forward-full-register-schedule.gt864_forward_one_bank_one_mul_b3_slothy_start.split.278_296:Attempt optimization with max 256 stalls...
INFO:gt864-forward-full-register-schedule.gt864_forward_one_bank_one_mul_b3_slothy_start.split.278_296:Setting timeout of 14400 seconds...
INFO:gt864-forward-full-register-schedule.gt864_forward_one_bank_one_mul_b3_slothy_start.split.278_296:Objective: minimize cycles
INFO:gt864-forward-full-register-schedule.gt864_forward_one_bank_one_mul_b3_slothy_start.split.278_296:Invoking external constraint solver (OR-Tools CP-SAT v9.15.6755) ...
INFO:gt864-forward-full-register-schedule.gt864_forward_one_bank_one_mul_b3_slothy_start.split.278_296:[0.0156s]: Found 1 solutions so far... objective (minimize cycles): currently  (Cycles ~ 41.0, IPC ~ 0.44), bound  (Cycles ~ 41.0, IPC ~ 0.44)
INFO:gt864-forward-full-register-schedule.gt864_forward_one_bank_one_mul_b3_slothy_start.split.278_296:Closer than 0 stalls to theoretical optimum... stop
INFO:gt864-forward-full-register-schedule.gt864_forward_one_bank_one_mul_b3_slothy_start.split.278_296:OPTIMAL, wall time: 0.023240 s
INFO:gt864-forward-full-register-schedule.gt864_forward_one_bank_one_mul_b3_slothy_start.split.278_296:Booleans in result: 39
INFO:gt864-forward-full-register-schedule.gt864_forward_one_bank_one_mul_b3_slothy_start.split.278_296.selfcheck:OK!
INFO:gt864-forward-full-register-schedule.gt864_forward_one_bank_one_mul_b3_slothy_start.split.278_296:Minimum number of stalls: 36
INFO:gt864-forward-full-register-schedule.gt864_forward_one_bank_one_mul_b3_slothy_start.split.296_315:Perform internal binary search for minimal number of stalls...
INFO:gt864-forward-full-register-schedule.gt864_forward_one_bank_one_mul_b3_slothy_start.split.296_315:Attempt optimization with max 256 stalls...
INFO:gt864-forward-full-register-schedule.gt864_forward_one_bank_one_mul_b3_slothy_start.split.296_315:Setting timeout of 14400 seconds...
INFO:gt864-forward-full-register-schedule.gt864_forward_one_bank_one_mul_b3_slothy_start.split.296_315:Objective: minimize cycles
INFO:gt864-forward-full-register-schedule.gt864_forward_one_bank_one_mul_b3_slothy_start.split.296_315:Invoking external constraint solver (OR-Tools CP-SAT v9.15.6755) ...
INFO:gt864-forward-full-register-schedule.gt864_forward_one_bank_one_mul_b3_slothy_start.split.296_315:[0.0188s]: Found 1 solutions so far... objective (minimize cycles): currently  (Cycles ~ 10.0, IPC ~ 1.90), bound  (Cycles ~ 10.0, IPC ~ 1.90)
INFO:gt864-forward-full-register-schedule.gt864_forward_one_bank_one_mul_b3_slothy_start.split.296_315:Closer than 0 stalls to theoretical optimum... stop
INFO:gt864-forward-full-register-schedule.gt864_forward_one_bank_one_mul_b3_slothy_start.split.296_315:OPTIMAL, wall time: 0.030267 s
INFO:gt864-forward-full-register-schedule.gt864_forward_one_bank_one_mul_b3_slothy_start.split.296_315:Booleans in result: 46
INFO:gt864-forward-full-register-schedule.gt864_forward_one_bank_one_mul_b3_slothy_start.split.296_315.selfcheck:OK!
INFO:gt864-forward-full-register-schedule.gt864_forward_one_bank_one_mul_b3_slothy_start.split.296_315:Minimum number of stalls: 5
INFO:gt864-forward-full-register-schedule.gt864_forward_one_bank_one_mul_b3_slothy_start.split.315_334:Perform internal binary search for minimal number of stalls...
INFO:gt864-forward-full-register-schedule.gt864_forward_one_bank_one_mul_b3_slothy_start.split.315_334:Attempt optimization with max 256 stalls...
INFO:gt864-forward-full-register-schedule.gt864_forward_one_bank_one_mul_b3_slothy_start.split.315_334:Setting timeout of 14400 seconds...
INFO:gt864-forward-full-register-schedule.gt864_forward_one_bank_one_mul_b3_slothy_start.split.315_334:Objective: minimize cycles
INFO:gt864-forward-full-register-schedule.gt864_forward_one_bank_one_mul_b3_slothy_start.split.315_334:Invoking external constraint solver (OR-Tools CP-SAT v9.15.6755) ...
INFO:gt864-forward-full-register-schedule.gt864_forward_one_bank_one_mul_b3_slothy_start.split.315_334:[0.0209s]: Found 1 solutions so far... objective (minimize cycles): currently  (Cycles ~ 10.0, IPC ~ 1.90), bound  (Cycles ~ 10.0, IPC ~ 1.90)
INFO:gt864-forward-full-register-schedule.gt864_forward_one_bank_one_mul_b3_slothy_start.split.315_334:Closer than 0 stalls to theoretical optimum... stop
INFO:gt864-forward-full-register-schedule.gt864_forward_one_bank_one_mul_b3_slothy_start.split.315_334:OPTIMAL, wall time: 0.028271 s
INFO:gt864-forward-full-register-schedule.gt864_forward_one_bank_one_mul_b3_slothy_start.split.315_334:Booleans in result: 30
INFO:gt864-forward-full-register-schedule.gt864_forward_one_bank_one_mul_b3_slothy_start.split.315_334.selfcheck:OK!
INFO:gt864-forward-full-register-schedule.gt864_forward_one_bank_one_mul_b3_slothy_start.split.315_334:Minimum number of stalls: 5
INFO:gt864-forward-full-register-schedule.gt864_forward_one_bank_one_mul_b3_slothy_start.split.334_352:Perform internal binary search for minimal number of stalls...
INFO:gt864-forward-full-register-schedule.gt864_forward_one_bank_one_mul_b3_slothy_start.split.334_352:Attempt optimization with max 256 stalls...
INFO:gt864-forward-full-register-schedule.gt864_forward_one_bank_one_mul_b3_slothy_start.split.334_352:Setting timeout of 14400 seconds...
INFO:gt864-forward-full-register-schedule.gt864_forward_one_bank_one_mul_b3_slothy_start.split.334_352:Objective: minimize cycles
INFO:gt864-forward-full-register-schedule.gt864_forward_one_bank_one_mul_b3_slothy_start.split.334_352:Invoking external constraint solver (OR-Tools CP-SAT v9.15.6755) ...
INFO:gt864-forward-full-register-schedule.gt864_forward_one_bank_one_mul_b3_slothy_start.split.334_352:[0.0181s]: Found 1 solutions so far... objective (minimize cycles): currently  (Cycles ~ 17.0, IPC ~ 1.06), bound  (Cycles ~ 17.0, IPC ~ 1.06)
INFO:gt864-forward-full-register-schedule.gt864_forward_one_bank_one_mul_b3_slothy_start.split.334_352:Closer than 0 stalls to theoretical optimum... stop
INFO:gt864-forward-full-register-schedule.gt864_forward_one_bank_one_mul_b3_slothy_start.split.334_352:OPTIMAL, wall time: 0.030632 s
INFO:gt864-forward-full-register-schedule.gt864_forward_one_bank_one_mul_b3_slothy_start.split.334_352:Booleans in result: 47
INFO:gt864-forward-full-register-schedule.gt864_forward_one_bank_one_mul_b3_slothy_start.split.334_352.selfcheck:OK!
INFO:gt864-forward-full-register-schedule.gt864_forward_one_bank_one_mul_b3_slothy_start.split.334_352:Minimum number of stalls: 12
INFO:gt864-forward-full-register-schedule.gt864_forward_one_bank_one_mul_b3_slothy_start.split.352_371:Perform internal binary search for minimal number of stalls...
INFO:gt864-forward-full-register-schedule.gt864_forward_one_bank_one_mul_b3_slothy_start.split.352_371:Attempt optimization with max 256 stalls...
INFO:gt864-forward-full-register-schedule.gt864_forward_one_bank_one_mul_b3_slothy_start.split.352_371:Setting timeout of 14400 seconds...
INFO:gt864-forward-full-register-schedule.gt864_forward_one_bank_one_mul_b3_slothy_start.split.352_371:Objective: minimize cycles
INFO:gt864-forward-full-register-schedule.gt864_forward_one_bank_one_mul_b3_slothy_start.split.352_371:Invoking external constraint solver (OR-Tools CP-SAT v9.15.6755) ...
INFO:gt864-forward-full-register-schedule.gt864_forward_one_bank_one_mul_b3_slothy_start.split.352_371:[0.0170s]: Found 1 solutions so far... objective (minimize cycles): currently  (Cycles ~ 36.0, IPC ~ 0.53), bound  (Cycles ~ 36.0, IPC ~ 0.53)
INFO:gt864-forward-full-register-schedule.gt864_forward_one_bank_one_mul_b3_slothy_start.split.352_371:Closer than 0 stalls to theoretical optimum... stop
INFO:gt864-forward-full-register-schedule.gt864_forward_one_bank_one_mul_b3_slothy_start.split.352_371:OPTIMAL, wall time: 0.027524 s
INFO:gt864-forward-full-register-schedule.gt864_forward_one_bank_one_mul_b3_slothy_start.split.352_371:Booleans in result: 44
INFO:gt864-forward-full-register-schedule.gt864_forward_one_bank_one_mul_b3_slothy_start.split.352_371.selfcheck:OK!
INFO:gt864-forward-full-register-schedule.gt864_forward_one_bank_one_mul_b3_slothy_start.split.352_371:Minimum number of stalls: 31
INFO:gt864-forward-full-register-schedule.gt864_forward_one_bank_one_mul_b3_slothy_start.split.371_389:Perform internal binary search for minimal number of stalls...
INFO:gt864-forward-full-register-schedule.gt864_forward_one_bank_one_mul_b3_slothy_start.split.371_389:Attempt optimization with max 256 stalls...
INFO:gt864-forward-full-register-schedule.gt864_forward_one_bank_one_mul_b3_slothy_start.split.371_389:Setting timeout of 14400 seconds...
INFO:gt864-forward-full-register-schedule.gt864_forward_one_bank_one_mul_b3_slothy_start.split.371_389:Objective: minimize cycles
INFO:gt864-forward-full-register-schedule.gt864_forward_one_bank_one_mul_b3_slothy_start.split.371_389:Invoking external constraint solver (OR-Tools CP-SAT v9.15.6755) ...
INFO:gt864-forward-full-register-schedule.gt864_forward_one_bank_one_mul_b3_slothy_start.split.371_389:[0.0167s]: Found 1 solutions so far... objective (minimize cycles): currently  (Cycles ~ 38.0, IPC ~ 0.47), bound  (Cycles ~ 34.0, IPC ~ 0.53)
INFO:gt864-forward-full-register-schedule.gt864_forward_one_bank_one_mul_b3_slothy_start.split.371_389:[0.0170s]: Found 2 solutions so far... objective (minimize cycles): currently  (Cycles ~ 34.0, IPC ~ 0.53), bound  (Cycles ~ 34.0, IPC ~ 0.53)
INFO:gt864-forward-full-register-schedule.gt864_forward_one_bank_one_mul_b3_slothy_start.split.371_389:Closer than 0 stalls to theoretical optimum... stop
INFO:gt864-forward-full-register-schedule.gt864_forward_one_bank_one_mul_b3_slothy_start.split.371_389:OPTIMAL, wall time: 0.022745 s
INFO:gt864-forward-full-register-schedule.gt864_forward_one_bank_one_mul_b3_slothy_start.split.371_389:Booleans in result: 41
INFO:gt864-forward-full-register-schedule.gt864_forward_one_bank_one_mul_b3_slothy_start.split.371_389.selfcheck:OK!
INFO:gt864-forward-full-register-schedule.gt864_forward_one_bank_one_mul_b3_slothy_start.split.371_389:Minimum number of stalls: 29
INFO:gt864-forward-full-register-schedule.gt864_forward_one_bank_one_mul_b3_slothy_start.split.389_408:Perform internal binary search for minimal number of stalls...
INFO:gt864-forward-full-register-schedule.gt864_forward_one_bank_one_mul_b3_slothy_start.split.389_408:Attempt optimization with max 256 stalls...
INFO:gt864-forward-full-register-schedule.gt864_forward_one_bank_one_mul_b3_slothy_start.split.389_408:Setting timeout of 14400 seconds...
INFO:gt864-forward-full-register-schedule.gt864_forward_one_bank_one_mul_b3_slothy_start.split.389_408:Objective: minimize cycles
INFO:gt864-forward-full-register-schedule.gt864_forward_one_bank_one_mul_b3_slothy_start.split.389_408:Invoking external constraint solver (OR-Tools CP-SAT v9.15.6755) ...
INFO:gt864-forward-full-register-schedule.gt864_forward_one_bank_one_mul_b3_slothy_start.split.389_408:[0.0184s]: Found 1 solutions so far... objective (minimize cycles): currently  (Cycles ~ 34.0, IPC ~ 0.56), bound  (Cycles ~ 28.0, IPC ~ 0.68)
INFO:gt864-forward-full-register-schedule.gt864_forward_one_bank_one_mul_b3_slothy_start.split.389_408:[0.0190s]: Found 2 solutions so far... objective (minimize cycles): currently  (Cycles ~ 28.0, IPC ~ 0.68), bound  (Cycles ~ 28.0, IPC ~ 0.68)
INFO:gt864-forward-full-register-schedule.gt864_forward_one_bank_one_mul_b3_slothy_start.split.389_408:Closer than 0 stalls to theoretical optimum... stop
INFO:gt864-forward-full-register-schedule.gt864_forward_one_bank_one_mul_b3_slothy_start.split.389_408:OPTIMAL, wall time: 0.031120 s
INFO:gt864-forward-full-register-schedule.gt864_forward_one_bank_one_mul_b3_slothy_start.split.389_408:Booleans in result: 51
INFO:gt864-forward-full-register-schedule.gt864_forward_one_bank_one_mul_b3_slothy_start.split.389_408.selfcheck:OK!
INFO:gt864-forward-full-register-schedule.gt864_forward_one_bank_one_mul_b3_slothy_start.split.389_408:Minimum number of stalls: 23
INFO:gt864-forward-full-register-schedule.gt864_forward_one_bank_one_mul_b3_slothy_start.split.408_426:Perform internal binary search for minimal number of stalls...
INFO:gt864-forward-full-register-schedule.gt864_forward_one_bank_one_mul_b3_slothy_start.split.408_426:Attempt optimization with max 256 stalls...
INFO:gt864-forward-full-register-schedule.gt864_forward_one_bank_one_mul_b3_slothy_start.split.408_426:Setting timeout of 14400 seconds...
INFO:gt864-forward-full-register-schedule.gt864_forward_one_bank_one_mul_b3_slothy_start.split.408_426:Objective: minimize cycles
INFO:gt864-forward-full-register-schedule.gt864_forward_one_bank_one_mul_b3_slothy_start.split.408_426:Invoking external constraint solver (OR-Tools CP-SAT v9.15.6755) ...
INFO:gt864-forward-full-register-schedule.gt864_forward_one_bank_one_mul_b3_slothy_start.split.408_426:[0.0174s]: Found 1 solutions so far... objective (minimize cycles): currently  (Cycles ~ 38.0, IPC ~ 0.47), bound  (Cycles ~ 32.0, IPC ~ 0.56)
INFO:gt864-forward-full-register-schedule.gt864_forward_one_bank_one_mul_b3_slothy_start.split.408_426:[0.0178s]: Found 2 solutions so far... objective (minimize cycles): currently  (Cycles ~ 34.0, IPC ~ 0.53), bound  (Cycles ~ 32.0, IPC ~ 0.56)
INFO:gt864-forward-full-register-schedule.gt864_forward_one_bank_one_mul_b3_slothy_start.split.408_426:OPTIMAL, wall time: 0.026005 s
INFO:gt864-forward-full-register-schedule.gt864_forward_one_bank_one_mul_b3_slothy_start.split.408_426:Booleans in result: 40
INFO:gt864-forward-full-register-schedule.gt864_forward_one_bank_one_mul_b3_slothy_start.split.408_426.selfcheck:OK!
INFO:gt864-forward-full-register-schedule.gt864_forward_one_bank_one_mul_b3_slothy_start.split.408_426:Minimum number of stalls: 29
INFO:gt864-forward-full-register-schedule.gt864_forward_one_bank_one_mul_b3_slothy_start.split.426_445:Perform internal binary search for minimal number of stalls...
INFO:gt864-forward-full-register-schedule.gt864_forward_one_bank_one_mul_b3_slothy_start.split.426_445:Attempt optimization with max 256 stalls...
INFO:gt864-forward-full-register-schedule.gt864_forward_one_bank_one_mul_b3_slothy_start.split.426_445:Setting timeout of 14400 seconds...
INFO:gt864-forward-full-register-schedule.gt864_forward_one_bank_one_mul_b3_slothy_start.split.426_445:Objective: minimize cycles
INFO:gt864-forward-full-register-schedule.gt864_forward_one_bank_one_mul_b3_slothy_start.split.426_445:Invoking external constraint solver (OR-Tools CP-SAT v9.15.6755) ...
INFO:gt864-forward-full-register-schedule.gt864_forward_one_bank_one_mul_b3_slothy_start.split.426_445:[0.0188s]: Found 1 solutions so far... objective (minimize cycles): currently  (Cycles ~ 41.0, IPC ~ 0.46), bound  (Cycles ~ 37.0, IPC ~ 0.51)
INFO:gt864-forward-full-register-schedule.gt864_forward_one_bank_one_mul_b3_slothy_start.split.426_445:OPTIMAL, wall time: 0.027593 s
INFO:gt864-forward-full-register-schedule.gt864_forward_one_bank_one_mul_b3_slothy_start.split.426_445:Booleans in result: 43
INFO:gt864-forward-full-register-schedule.gt864_forward_one_bank_one_mul_b3_slothy_start.split.426_445.selfcheck:OK!
INFO:gt864-forward-full-register-schedule.gt864_forward_one_bank_one_mul_b3_slothy_start.split.426_445:Minimum number of stalls: 36
INFO:gt864-forward-full-register-schedule.gt864_forward_one_bank_one_mul_b3_slothy_start.split.445_463:Perform internal binary search for minimal number of stalls...
INFO:gt864-forward-full-register-schedule.gt864_forward_one_bank_one_mul_b3_slothy_start.split.445_463:Attempt optimization with max 256 stalls...
INFO:gt864-forward-full-register-schedule.gt864_forward_one_bank_one_mul_b3_slothy_start.split.445_463:Setting timeout of 14400 seconds...
INFO:gt864-forward-full-register-schedule.gt864_forward_one_bank_one_mul_b3_slothy_start.split.445_463:Objective: minimize cycles
INFO:gt864-forward-full-register-schedule.gt864_forward_one_bank_one_mul_b3_slothy_start.split.445_463:Invoking external constraint solver (OR-Tools CP-SAT v9.15.6755) ...
INFO:gt864-forward-full-register-schedule.gt864_forward_one_bank_one_mul_b3_slothy_start.split.445_463:[0.0166s]: Found 1 solutions so far... objective (minimize cycles): currently  (Cycles ~ 35.0, IPC ~ 0.51), bound  (Cycles ~ 30.0, IPC ~ 0.60)
INFO:gt864-forward-full-register-schedule.gt864_forward_one_bank_one_mul_b3_slothy_start.split.445_463:[0.0170s]: Found 2 solutions so far... objective (minimize cycles): currently  (Cycles ~ 34.0, IPC ~ 0.53), bound  (Cycles ~ 30.0, IPC ~ 0.60)
INFO:gt864-forward-full-register-schedule.gt864_forward_one_bank_one_mul_b3_slothy_start.split.445_463:OPTIMAL, wall time: 0.030131 s
INFO:gt864-forward-full-register-schedule.gt864_forward_one_bank_one_mul_b3_slothy_start.split.445_463:Booleans in result: 38
INFO:gt864-forward-full-register-schedule.gt864_forward_one_bank_one_mul_b3_slothy_start.split.445_463.selfcheck:OK!
INFO:gt864-forward-full-register-schedule.gt864_forward_one_bank_one_mul_b3_slothy_start.split.445_463:Minimum number of stalls: 29
INFO:gt864-forward-full-register-schedule.gt864_forward_one_bank_one_mul_b3_slothy_start.split.463_482:Perform internal binary search for minimal number of stalls...
INFO:gt864-forward-full-register-schedule.gt864_forward_one_bank_one_mul_b3_slothy_start.split.463_482:Attempt optimization with max 256 stalls...
INFO:gt864-forward-full-register-schedule.gt864_forward_one_bank_one_mul_b3_slothy_start.split.463_482:Setting timeout of 14400 seconds...
INFO:gt864-forward-full-register-schedule.gt864_forward_one_bank_one_mul_b3_slothy_start.split.463_482:Objective: minimize cycles
INFO:gt864-forward-full-register-schedule.gt864_forward_one_bank_one_mul_b3_slothy_start.split.463_482:Invoking external constraint solver (OR-Tools CP-SAT v9.15.6755) ...
INFO:gt864-forward-full-register-schedule.gt864_forward_one_bank_one_mul_b3_slothy_start.split.463_482:[0.0168s]: Found 1 solutions so far... objective (minimize cycles): currently  (Cycles ~ 35.0, IPC ~ 0.54), bound  (Cycles ~ 34.0, IPC ~ 0.56)
INFO:gt864-forward-full-register-schedule.gt864_forward_one_bank_one_mul_b3_slothy_start.split.463_482:[0.0173s]: Found 2 solutions so far... objective (minimize cycles): currently  (Cycles ~ 34.0, IPC ~ 0.56), bound  (Cycles ~ 34.0, IPC ~ 0.56)
INFO:gt864-forward-full-register-schedule.gt864_forward_one_bank_one_mul_b3_slothy_start.split.463_482:Closer than 0 stalls to theoretical optimum... stop
INFO:gt864-forward-full-register-schedule.gt864_forward_one_bank_one_mul_b3_slothy_start.split.463_482:OPTIMAL, wall time: 0.024744 s
INFO:gt864-forward-full-register-schedule.gt864_forward_one_bank_one_mul_b3_slothy_start.split.463_482:Booleans in result: 49
INFO:gt864-forward-full-register-schedule.gt864_forward_one_bank_one_mul_b3_slothy_start.split.463_482.selfcheck:OK!
INFO:gt864-forward-full-register-schedule.gt864_forward_one_bank_one_mul_b3_slothy_start.split.463_482:Minimum number of stalls: 29
INFO:gt864-forward-full-register-schedule.gt864_forward_one_bank_one_mul_b3_slothy_start.split.482_500:Perform internal binary search for minimal number of stalls...
INFO:gt864-forward-full-register-schedule.gt864_forward_one_bank_one_mul_b3_slothy_start.split.482_500:Attempt optimization with max 256 stalls...
INFO:gt864-forward-full-register-schedule.gt864_forward_one_bank_one_mul_b3_slothy_start.split.482_500:Setting timeout of 14400 seconds...
INFO:gt864-forward-full-register-schedule.gt864_forward_one_bank_one_mul_b3_slothy_start.split.482_500:Objective: minimize cycles
INFO:gt864-forward-full-register-schedule.gt864_forward_one_bank_one_mul_b3_slothy_start.split.482_500:Invoking external constraint solver (OR-Tools CP-SAT v9.15.6755) ...
INFO:gt864-forward-full-register-schedule.gt864_forward_one_bank_one_mul_b3_slothy_start.split.482_500:[0.0153s]: Found 1 solutions so far... objective (minimize cycles): currently  (Cycles ~ 41.0, IPC ~ 0.44), bound  (Cycles ~ 33.0, IPC ~ 0.55)
INFO:gt864-forward-full-register-schedule.gt864_forward_one_bank_one_mul_b3_slothy_start.split.482_500:[0.0157s]: Found 2 solutions so far... objective (minimize cycles): currently  (Cycles ~ 33.0, IPC ~ 0.55), bound  (Cycles ~ 33.0, IPC ~ 0.55)
INFO:gt864-forward-full-register-schedule.gt864_forward_one_bank_one_mul_b3_slothy_start.split.482_500:Closer than 0 stalls to theoretical optimum... stop
INFO:gt864-forward-full-register-schedule.gt864_forward_one_bank_one_mul_b3_slothy_start.split.482_500:OPTIMAL, wall time: 0.021433 s
INFO:gt864-forward-full-register-schedule.gt864_forward_one_bank_one_mul_b3_slothy_start.split.482_500:Booleans in result: 39
INFO:gt864-forward-full-register-schedule.gt864_forward_one_bank_one_mul_b3_slothy_start.split.482_500.selfcheck:OK!
INFO:gt864-forward-full-register-schedule.gt864_forward_one_bank_one_mul_b3_slothy_start.split.482_500:Minimum number of stalls: 28
INFO:gt864-forward-full-register-schedule.gt864_forward_one_bank_one_mul_b3_slothy_start.split.500_519:Perform internal binary search for minimal number of stalls...
INFO:gt864-forward-full-register-schedule.gt864_forward_one_bank_one_mul_b3_slothy_start.split.500_519:Attempt optimization with max 256 stalls...
INFO:gt864-forward-full-register-schedule.gt864_forward_one_bank_one_mul_b3_slothy_start.split.500_519:Setting timeout of 14400 seconds...
INFO:gt864-forward-full-register-schedule.gt864_forward_one_bank_one_mul_b3_slothy_start.split.500_519:Objective: minimize cycles
INFO:gt864-forward-full-register-schedule.gt864_forward_one_bank_one_mul_b3_slothy_start.split.500_519:Invoking external constraint solver (OR-Tools CP-SAT v9.15.6755) ...
INFO:gt864-forward-full-register-schedule.gt864_forward_one_bank_one_mul_b3_slothy_start.split.500_519:[0.0179s]: Found 1 solutions so far... objective (minimize cycles): currently  (Cycles ~ 36.0, IPC ~ 0.53), bound  (Cycles ~ 36.0, IPC ~ 0.53)
INFO:gt864-forward-full-register-schedule.gt864_forward_one_bank_one_mul_b3_slothy_start.split.500_519:Closer than 0 stalls to theoretical optimum... stop
INFO:gt864-forward-full-register-schedule.gt864_forward_one_bank_one_mul_b3_slothy_start.split.500_519:OPTIMAL, wall time: 0.051984 s
INFO:gt864-forward-full-register-schedule.gt864_forward_one_bank_one_mul_b3_slothy_start.split.500_519:Booleans in result: 47
INFO:gt864-forward-full-register-schedule.gt864_forward_one_bank_one_mul_b3_slothy_start.split.500_519.selfcheck:OK!
INFO:gt864-forward-full-register-schedule.gt864_forward_one_bank_one_mul_b3_slothy_start.split.500_519:Minimum number of stalls: 31
INFO:gt864-forward-full-register-schedule.gt864_forward_one_bank_one_mul_b3_slothy_start.split.519_537:Perform internal binary search for minimal number of stalls...
INFO:gt864-forward-full-register-schedule.gt864_forward_one_bank_one_mul_b3_slothy_start.split.519_537:Attempt optimization with max 256 stalls...
INFO:gt864-forward-full-register-schedule.gt864_forward_one_bank_one_mul_b3_slothy_start.split.519_537:Setting timeout of 14400 seconds...
INFO:gt864-forward-full-register-schedule.gt864_forward_one_bank_one_mul_b3_slothy_start.split.519_537:Objective: minimize cycles
INFO:gt864-forward-full-register-schedule.gt864_forward_one_bank_one_mul_b3_slothy_start.split.519_537:Invoking external constraint solver (OR-Tools CP-SAT v9.15.6755) ...
INFO:gt864-forward-full-register-schedule.gt864_forward_one_bank_one_mul_b3_slothy_start.split.519_537:[0.0160s]: Found 1 solutions so far... objective (minimize cycles): currently  (Cycles ~ 35.0, IPC ~ 0.51), bound  (Cycles ~ 31.0, IPC ~ 0.58)
INFO:gt864-forward-full-register-schedule.gt864_forward_one_bank_one_mul_b3_slothy_start.split.519_537:[0.0165s]: Found 2 solutions so far... objective (minimize cycles): currently  (Cycles ~ 31.0, IPC ~ 0.58), bound  (Cycles ~ 31.0, IPC ~ 0.58)
INFO:gt864-forward-full-register-schedule.gt864_forward_one_bank_one_mul_b3_slothy_start.split.519_537:Closer than 0 stalls to theoretical optimum... stop
INFO:gt864-forward-full-register-schedule.gt864_forward_one_bank_one_mul_b3_slothy_start.split.519_537:OPTIMAL, wall time: 0.023658 s
INFO:gt864-forward-full-register-schedule.gt864_forward_one_bank_one_mul_b3_slothy_start.split.519_537:Booleans in result: 43
INFO:gt864-forward-full-register-schedule.gt864_forward_one_bank_one_mul_b3_slothy_start.split.519_537.selfcheck:OK!
INFO:gt864-forward-full-register-schedule.gt864_forward_one_bank_one_mul_b3_slothy_start.split.519_537:Minimum number of stalls: 26
INFO:gt864-forward-full-register-schedule.gt864_forward_one_bank_one_mul_b3_slothy_start.split.537_556:Perform internal binary search for minimal number of stalls...
INFO:gt864-forward-full-register-schedule.gt864_forward_one_bank_one_mul_b3_slothy_start.split.537_556:Attempt optimization with max 256 stalls...
INFO:gt864-forward-full-register-schedule.gt864_forward_one_bank_one_mul_b3_slothy_start.split.537_556:Setting timeout of 14400 seconds...
INFO:gt864-forward-full-register-schedule.gt864_forward_one_bank_one_mul_b3_slothy_start.split.537_556:Objective: minimize cycles
INFO:gt864-forward-full-register-schedule.gt864_forward_one_bank_one_mul_b3_slothy_start.split.537_556:Invoking external constraint solver (OR-Tools CP-SAT v9.15.6755) ...
INFO:gt864-forward-full-register-schedule.gt864_forward_one_bank_one_mul_b3_slothy_start.split.537_556:[0.0189s]: Found 1 solutions so far... objective (minimize cycles): currently  (Cycles ~ 36.0, IPC ~ 0.53), bound  (Cycles ~ 33.0, IPC ~ 0.58)
INFO:gt864-forward-full-register-schedule.gt864_forward_one_bank_one_mul_b3_slothy_start.split.537_556:[0.0195s]: Found 2 solutions so far... objective (minimize cycles): currently  (Cycles ~ 35.0, IPC ~ 0.54), bound  (Cycles ~ 33.0, IPC ~ 0.58)
INFO:gt864-forward-full-register-schedule.gt864_forward_one_bank_one_mul_b3_slothy_start.split.537_556:OPTIMAL, wall time: 0.033226 s
INFO:gt864-forward-full-register-schedule.gt864_forward_one_bank_one_mul_b3_slothy_start.split.537_556:Booleans in result: 47
INFO:gt864-forward-full-register-schedule.gt864_forward_one_bank_one_mul_b3_slothy_start.split.537_556.selfcheck:OK!
INFO:gt864-forward-full-register-schedule.gt864_forward_one_bank_one_mul_b3_slothy_start.split.537_556:Minimum number of stalls: 30
INFO:gt864-forward-full-register-schedule.gt864_forward_one_bank_one_mul_b3_slothy_start.split.556_574:Perform internal binary search for minimal number of stalls...
INFO:gt864-forward-full-register-schedule.gt864_forward_one_bank_one_mul_b3_slothy_start.split.556_574:Attempt optimization with max 256 stalls...
INFO:gt864-forward-full-register-schedule.gt864_forward_one_bank_one_mul_b3_slothy_start.split.556_574:Setting timeout of 14400 seconds...
INFO:gt864-forward-full-register-schedule.gt864_forward_one_bank_one_mul_b3_slothy_start.split.556_574:Objective: minimize cycles
INFO:gt864-forward-full-register-schedule.gt864_forward_one_bank_one_mul_b3_slothy_start.split.556_574:Invoking external constraint solver (OR-Tools CP-SAT v9.15.6755) ...
INFO:gt864-forward-full-register-schedule.gt864_forward_one_bank_one_mul_b3_slothy_start.split.556_574:[0.0164s]: Found 1 solutions so far... objective (minimize cycles): currently  (Cycles ~ 37.0, IPC ~ 0.49), bound  (Cycles ~ 34.0, IPC ~ 0.53)
INFO:gt864-forward-full-register-schedule.gt864_forward_one_bank_one_mul_b3_slothy_start.split.556_574:[0.0168s]: Found 2 solutions so far... objective (minimize cycles): currently  (Cycles ~ 36.0, IPC ~ 0.50), bound  (Cycles ~ 34.0, IPC ~ 0.53)
INFO:gt864-forward-full-register-schedule.gt864_forward_one_bank_one_mul_b3_slothy_start.split.556_574:OPTIMAL, wall time: 0.025561 s
INFO:gt864-forward-full-register-schedule.gt864_forward_one_bank_one_mul_b3_slothy_start.split.556_574:Booleans in result: 38
INFO:gt864-forward-full-register-schedule.gt864_forward_one_bank_one_mul_b3_slothy_start.split.556_574.selfcheck:OK!
INFO:gt864-forward-full-register-schedule.gt864_forward_one_bank_one_mul_b3_slothy_start.split.556_574:Minimum number of stalls: 31
INFO:gt864-forward-full-register-schedule.gt864_forward_one_bank_one_mul_b3_slothy_start.split.574_593:Perform internal binary search for minimal number of stalls...
INFO:gt864-forward-full-register-schedule.gt864_forward_one_bank_one_mul_b3_slothy_start.split.574_593:Attempt optimization with max 256 stalls...
INFO:gt864-forward-full-register-schedule.gt864_forward_one_bank_one_mul_b3_slothy_start.split.574_593:Setting timeout of 14400 seconds...
INFO:gt864-forward-full-register-schedule.gt864_forward_one_bank_one_mul_b3_slothy_start.split.574_593:Objective: minimize cycles
INFO:gt864-forward-full-register-schedule.gt864_forward_one_bank_one_mul_b3_slothy_start.split.574_593:Invoking external constraint solver (OR-Tools CP-SAT v9.15.6755) ...
INFO:gt864-forward-full-register-schedule.gt864_forward_one_bank_one_mul_b3_slothy_start.split.574_593:[0.0176s]: Found 1 solutions so far... objective (minimize cycles): currently  (Cycles ~ 41.0, IPC ~ 0.46), bound  (Cycles ~ 36.0, IPC ~ 0.53)
INFO:gt864-forward-full-register-schedule.gt864_forward_one_bank_one_mul_b3_slothy_start.split.574_593:[0.0197s]: Found 2 solutions so far... objective (minimize cycles): currently  (Cycles ~ 40.0, IPC ~ 0.47), bound  (Cycles ~ 38.0, IPC ~ 0.50)
INFO:gt864-forward-full-register-schedule.gt864_forward_one_bank_one_mul_b3_slothy_start.split.574_593:OPTIMAL, wall time: 0.027279 s
INFO:gt864-forward-full-register-schedule.gt864_forward_one_bank_one_mul_b3_slothy_start.split.574_593:Booleans in result: 41
INFO:gt864-forward-full-register-schedule.gt864_forward_one_bank_one_mul_b3_slothy_start.split.574_593.selfcheck:OK!
INFO:gt864-forward-full-register-schedule.gt864_forward_one_bank_one_mul_b3_slothy_start.split.574_593:Minimum number of stalls: 35
INFO:gt864-forward-full-register-schedule.gt864_forward_one_bank_one_mul_b3_slothy_start.split:Initial stalls
INFO:gt864-forward-full-register-schedule.gt864_forward_one_bank_one_mul_b3_slothy_start.split:[  0- 11]: ************.... (12)
INFO:gt864-forward-full-register-schedule.gt864_forward_one_bank_one_mul_b3_slothy_start.split:[ 11- 23]: **************.. (14)
INFO:gt864-forward-full-register-schedule.gt864_forward_one_bank_one_mul_b3_slothy_start.split:[ 23- 35]: *************... (13)
INFO:gt864-forward-full-register-schedule.gt864_forward_one_bank_one_mul_b3_slothy_start.split:[ 35- 47]: ************.... (12)
INFO:gt864-forward-full-register-schedule.gt864_forward_one_bank_one_mul_b3_slothy_start.split:[ 47- 59]: ************.... (12)
INFO:gt864-forward-full-register-schedule.gt864_forward_one_bank_one_mul_b3_slothy_start.split:[ 59- 71]: ************.... (12)
INFO:gt864-forward-full-register-schedule.gt864_forward_one_bank_one_mul_b3_slothy_start.split:[ 71- 83]: *************... (13)
INFO:gt864-forward-full-register-schedule.gt864_forward_one_bank_one_mul_b3_slothy_start.split:[ 83- 94]: *************... (13)
INFO:gt864-forward-full-register-schedule.gt864_forward_one_bank_one_mul_b3_slothy_start.split:[ 94-106]: **************.. (14)
INFO:gt864-forward-full-register-schedule.gt864_forward_one_bank_one_mul_b3_slothy_start.split:[106-118]: **************.. (14)
INFO:gt864-forward-full-register-schedule.gt864_forward_one_bank_one_mul_b3_slothy_start.split:[118-130]: *************... (13)
INFO:gt864-forward-full-register-schedule.gt864_forward_one_bank_one_mul_b3_slothy_start.split:[130-142]: **************.. (14)
INFO:gt864-forward-full-register-schedule.gt864_forward_one_bank_one_mul_b3_slothy_start.split:[142-154]: **************.. (14)
INFO:gt864-forward-full-register-schedule.gt864_forward_one_bank_one_mul_b3_slothy_start.split:[154-166]: **************.. (14)
INFO:gt864-forward-full-register-schedule.gt864_forward_one_bank_one_mul_b3_slothy_start.split:[166-177]: **************.. (14)
INFO:gt864-forward-full-register-schedule.gt864_forward_one_bank_one_mul_b3_slothy_start.split:[177-189]: **************.. (14)
INFO:gt864-forward-full-register-schedule.gt864_forward_one_bank_one_mul_b3_slothy_start.split:[189-201]: **************.. (14)
INFO:gt864-forward-full-register-schedule.gt864_forward_one_bank_one_mul_b3_slothy_start.split:[201-213]: **************.. (14)
INFO:gt864-forward-full-register-schedule.gt864_forward_one_bank_one_mul_b3_slothy_start.split:[213-225]: **************.. (14)
INFO:gt864-forward-full-register-schedule.gt864_forward_one_bank_one_mul_b3_slothy_start.split:[225-237]: **************.. (14)
INFO:gt864-forward-full-register-schedule.gt864_forward_one_bank_one_mul_b3_slothy_start.split:[237-249]: **************.. (14)
INFO:gt864-forward-full-register-schedule.gt864_forward_one_bank_one_mul_b3_slothy_start.split:[249-260]: **************.. (14)
INFO:gt864-forward-full-register-schedule.gt864_forward_one_bank_one_mul_b3_slothy_start.split:[260-272]: **************.. (14)
INFO:gt864-forward-full-register-schedule.gt864_forward_one_bank_one_mul_b3_slothy_start.split:[272-284]: **************.. (14)
INFO:gt864-forward-full-register-schedule.gt864_forward_one_bank_one_mul_b3_slothy_start.split:[284-296]: *************... (13)
INFO:gt864-forward-full-register-schedule.gt864_forward_one_bank_one_mul_b3_slothy_start.split:[296-308]: **********...... (10)
INFO:gt864-forward-full-register-schedule.gt864_forward_one_bank_one_mul_b3_slothy_start.split:[308-320]: *********....... (9)
INFO:gt864-forward-full-register-schedule.gt864_forward_one_bank_one_mul_b3_slothy_start.split:[320-332]: *********....... (9)
INFO:gt864-forward-full-register-schedule.gt864_forward_one_bank_one_mul_b3_slothy_start.split:[332-343]: **********...... (10)
INFO:gt864-forward-full-register-schedule.gt864_forward_one_bank_one_mul_b3_slothy_start.split:[343-355]: ************.... (12)
INFO:gt864-forward-full-register-schedule.gt864_forward_one_bank_one_mul_b3_slothy_start.split:[355-367]: **************.. (14)
INFO:gt864-forward-full-register-schedule.gt864_forward_one_bank_one_mul_b3_slothy_start.split:[367-379]: **************.. (14)
INFO:gt864-forward-full-register-schedule.gt864_forward_one_bank_one_mul_b3_slothy_start.split:[379-391]: ************.... (12)
INFO:gt864-forward-full-register-schedule.gt864_forward_one_bank_one_mul_b3_slothy_start.split:[391-403]: **********...... (10)
INFO:gt864-forward-full-register-schedule.gt864_forward_one_bank_one_mul_b3_slothy_start.split:[403-415]: ***********..... (11)
INFO:gt864-forward-full-register-schedule.gt864_forward_one_bank_one_mul_b3_slothy_start.split:[415-426]: *************... (13)
INFO:gt864-forward-full-register-schedule.gt864_forward_one_bank_one_mul_b3_slothy_start.split:[426-438]: **************.. (14)
INFO:gt864-forward-full-register-schedule.gt864_forward_one_bank_one_mul_b3_slothy_start.split:[438-450]: **************.. (14)
INFO:gt864-forward-full-register-schedule.gt864_forward_one_bank_one_mul_b3_slothy_start.split:[450-462]: **************.. (14)
INFO:gt864-forward-full-register-schedule.gt864_forward_one_bank_one_mul_b3_slothy_start.split:[462-474]: **************.. (14)
INFO:gt864-forward-full-register-schedule.gt864_forward_one_bank_one_mul_b3_slothy_start.split:[474-486]: **************.. (14)
INFO:gt864-forward-full-register-schedule.gt864_forward_one_bank_one_mul_b3_slothy_start.split:[486-498]: **************.. (14)
INFO:gt864-forward-full-register-schedule.gt864_forward_one_bank_one_mul_b3_slothy_start.split:[498-509]: *************... (13)
INFO:gt864-forward-full-register-schedule.gt864_forward_one_bank_one_mul_b3_slothy_start.split:[509-521]: ************.... (12)
INFO:gt864-forward-full-register-schedule.gt864_forward_one_bank_one_mul_b3_slothy_start.split:[521-533]: ***********..... (11)
INFO:gt864-forward-full-register-schedule.gt864_forward_one_bank_one_mul_b3_slothy_start.split:[533-545]: *************... (13)
INFO:gt864-forward-full-register-schedule.gt864_forward_one_bank_one_mul_b3_slothy_start.split:[545-557]: **************.. (14)
INFO:gt864-forward-full-register-schedule.gt864_forward_one_bank_one_mul_b3_slothy_start.split:[557-569]: **************.. (14)
INFO:gt864-forward-full-register-schedule.gt864_forward_one_bank_one_mul_b3_slothy_start.split:[569-581]: **************.. (14)
INFO:gt864-forward-full-register-schedule.gt864_forward_one_bank_one_mul_b3_slothy_start.split:[581-593]: ************.... (12)
INFO:gt864-forward-full-register-schedule.gt864_forward_one_bank_one_mul_b3_slothy_start.split.0_19:Perform internal binary search for minimal number of stalls...
INFO:gt864-forward-full-register-schedule.gt864_forward_one_bank_one_mul_b3_slothy_start.split.0_19:Attempt optimization with max 256 stalls...
INFO:gt864-forward-full-register-schedule.gt864_forward_one_bank_one_mul_b3_slothy_start.split.0_19:Setting timeout of 14400 seconds...
INFO:gt864-forward-full-register-schedule.gt864_forward_one_bank_one_mul_b3_slothy_start.split.0_19:Objective: minimize cycles
INFO:gt864-forward-full-register-schedule.gt864_forward_one_bank_one_mul_b3_slothy_start.split.0_19:Invoking external constraint solver (OR-Tools CP-SAT v9.15.6755) ...
INFO:gt864-forward-full-register-schedule.gt864_forward_one_bank_one_mul_b3_slothy_start.split.0_19:[0.0233s]: Found 1 solutions so far... objective (minimize cycles): currently  (Cycles ~ 109.0, IPC ~ 0.17), bound  (Cycles ~ 108.0, IPC ~ 0.18)
INFO:gt864-forward-full-register-schedule.gt864_forward_one_bank_one_mul_b3_slothy_start.split.0_19:[0.0237s]: Found 2 solutions so far... objective (minimize cycles): currently  (Cycles ~ 108.0, IPC ~ 0.18), bound  (Cycles ~ 108.0, IPC ~ 0.18)
INFO:gt864-forward-full-register-schedule.gt864_forward_one_bank_one_mul_b3_slothy_start.split.0_19:Closer than 0 stalls to theoretical optimum... stop
INFO:gt864-forward-full-register-schedule.gt864_forward_one_bank_one_mul_b3_slothy_start.split.0_19:OPTIMAL, wall time: 0.032713 s
INFO:gt864-forward-full-register-schedule.gt864_forward_one_bank_one_mul_b3_slothy_start.split.0_19:Booleans in result: 41
INFO:gt864-forward-full-register-schedule.gt864_forward_one_bank_one_mul_b3_slothy_start.split.0_19.selfcheck:OK!
INFO:gt864-forward-full-register-schedule.gt864_forward_one_bank_one_mul_b3_slothy_start.split.0_19:Minimum number of stalls: 103
INFO:gt864-forward-full-register-schedule.gt864_forward_one_bank_one_mul_b3_slothy_start.split:[  0- 11]: *************..... (13)
INFO:gt864-forward-full-register-schedule.gt864_forward_one_bank_one_mul_b3_slothy_start.split:[ 11- 23]: ***************... (15)
INFO:gt864-forward-full-register-schedule.gt864_forward_one_bank_one_mul_b3_slothy_start.split:[ 23- 35]: *************..... (13)
INFO:gt864-forward-full-register-schedule.gt864_forward_one_bank_one_mul_b3_slothy_start.split:[ 35- 47]: ************...... (12)
INFO:gt864-forward-full-register-schedule.gt864_forward_one_bank_one_mul_b3_slothy_start.split:[ 47- 59]: ************...... (12)
INFO:gt864-forward-full-register-schedule.gt864_forward_one_bank_one_mul_b3_slothy_start.split:[ 59- 71]: ************...... (12)
INFO:gt864-forward-full-register-schedule.gt864_forward_one_bank_one_mul_b3_slothy_start.split:[ 71- 83]: *************..... (13)
INFO:gt864-forward-full-register-schedule.gt864_forward_one_bank_one_mul_b3_slothy_start.split:[ 83- 94]: *************..... (13)
INFO:gt864-forward-full-register-schedule.gt864_forward_one_bank_one_mul_b3_slothy_start.split:[ 94-106]: **************.... (14)
INFO:gt864-forward-full-register-schedule.gt864_forward_one_bank_one_mul_b3_slothy_start.split:[106-118]: **************.... (14)
INFO:gt864-forward-full-register-schedule.gt864_forward_one_bank_one_mul_b3_slothy_start.split:[118-130]: *************..... (13)
INFO:gt864-forward-full-register-schedule.gt864_forward_one_bank_one_mul_b3_slothy_start.split:[130-142]: **************.... (14)
INFO:gt864-forward-full-register-schedule.gt864_forward_one_bank_one_mul_b3_slothy_start.split:[142-154]: **************.... (14)
INFO:gt864-forward-full-register-schedule.gt864_forward_one_bank_one_mul_b3_slothy_start.split:[154-166]: **************.... (14)
INFO:gt864-forward-full-register-schedule.gt864_forward_one_bank_one_mul_b3_slothy_start.split:[166-177]: **************.... (14)
INFO:gt864-forward-full-register-schedule.gt864_forward_one_bank_one_mul_b3_slothy_start.split:[177-189]: **************.... (14)
INFO:gt864-forward-full-register-schedule.gt864_forward_one_bank_one_mul_b3_slothy_start.split:[189-201]: **************.... (14)
INFO:gt864-forward-full-register-schedule.gt864_forward_one_bank_one_mul_b3_slothy_start.split:[201-213]: **************.... (14)
INFO:gt864-forward-full-register-schedule.gt864_forward_one_bank_one_mul_b3_slothy_start.split:[213-225]: **************.... (14)
INFO:gt864-forward-full-register-schedule.gt864_forward_one_bank_one_mul_b3_slothy_start.split:[225-237]: **************.... (14)
INFO:gt864-forward-full-register-schedule.gt864_forward_one_bank_one_mul_b3_slothy_start.split:[237-249]: **************.... (14)
INFO:gt864-forward-full-register-schedule.gt864_forward_one_bank_one_mul_b3_slothy_start.split:[249-260]: **************.... (14)
INFO:gt864-forward-full-register-schedule.gt864_forward_one_bank_one_mul_b3_slothy_start.split:[260-272]: **************.... (14)
INFO:gt864-forward-full-register-schedule.gt864_forward_one_bank_one_mul_b3_slothy_start.split:[272-284]: **************.... (14)
INFO:gt864-forward-full-register-schedule.gt864_forward_one_bank_one_mul_b3_slothy_start.split:[284-296]: *************..... (13)
INFO:gt864-forward-full-register-schedule.gt864_forward_one_bank_one_mul_b3_slothy_start.split:[296-308]: **********........ (10)
INFO:gt864-forward-full-register-schedule.gt864_forward_one_bank_one_mul_b3_slothy_start.split:[308-320]: *********......... (9)
INFO:gt864-forward-full-register-schedule.gt864_forward_one_bank_one_mul_b3_slothy_start.split:[320-332]: *********......... (9)
INFO:gt864-forward-full-register-schedule.gt864_forward_one_bank_one_mul_b3_slothy_start.split:[332-343]: **********........ (10)
INFO:gt864-forward-full-register-schedule.gt864_forward_one_bank_one_mul_b3_slothy_start.split:[343-355]: ************...... (12)
INFO:gt864-forward-full-register-schedule.gt864_forward_one_bank_one_mul_b3_slothy_start.split:[355-367]: **************.... (14)
INFO:gt864-forward-full-register-schedule.gt864_forward_one_bank_one_mul_b3_slothy_start.split:[367-379]: **************.... (14)
INFO:gt864-forward-full-register-schedule.gt864_forward_one_bank_one_mul_b3_slothy_start.split:[379-391]: ************...... (12)
INFO:gt864-forward-full-register-schedule.gt864_forward_one_bank_one_mul_b3_slothy_start.split:[391-403]: **********........ (10)
INFO:gt864-forward-full-register-schedule.gt864_forward_one_bank_one_mul_b3_slothy_start.split:[403-415]: ***********....... (11)
INFO:gt864-forward-full-register-schedule.gt864_forward_one_bank_one_mul_b3_slothy_start.split:[415-426]: *************..... (13)
INFO:gt864-forward-full-register-schedule.gt864_forward_one_bank_one_mul_b3_slothy_start.split:[426-438]: **************.... (14)
INFO:gt864-forward-full-register-schedule.gt864_forward_one_bank_one_mul_b3_slothy_start.split:[438-450]: **************.... (14)
INFO:gt864-forward-full-register-schedule.gt864_forward_one_bank_one_mul_b3_slothy_start.split:[450-462]: **************.... (14)
INFO:gt864-forward-full-register-schedule.gt864_forward_one_bank_one_mul_b3_slothy_start.split:[462-474]: **************.... (14)
INFO:gt864-forward-full-register-schedule.gt864_forward_one_bank_one_mul_b3_slothy_start.split:[474-486]: **************.... (14)
INFO:gt864-forward-full-register-schedule.gt864_forward_one_bank_one_mul_b3_slothy_start.split:[486-498]: **************.... (14)
INFO:gt864-forward-full-register-schedule.gt864_forward_one_bank_one_mul_b3_slothy_start.split:[498-509]: *************..... (13)
INFO:gt864-forward-full-register-schedule.gt864_forward_one_bank_one_mul_b3_slothy_start.split:[509-521]: ************...... (12)
INFO:gt864-forward-full-register-schedule.gt864_forward_one_bank_one_mul_b3_slothy_start.split:[521-533]: ***********....... (11)
INFO:gt864-forward-full-register-schedule.gt864_forward_one_bank_one_mul_b3_slothy_start.split:[533-545]: *************..... (13)
INFO:gt864-forward-full-register-schedule.gt864_forward_one_bank_one_mul_b3_slothy_start.split:[545-557]: **************.... (14)
INFO:gt864-forward-full-register-schedule.gt864_forward_one_bank_one_mul_b3_slothy_start.split:[557-569]: **************.... (14)
INFO:gt864-forward-full-register-schedule.gt864_forward_one_bank_one_mul_b3_slothy_start.split:[569-581]: **************.... (14)
INFO:gt864-forward-full-register-schedule.gt864_forward_one_bank_one_mul_b3_slothy_start.split:[581-593]: ************...... (12)
INFO:gt864-forward-full-register-schedule.gt864_forward_one_bank_one_mul_b3_slothy_start.split.30_48:Perform internal binary search for minimal number of stalls...
INFO:gt864-forward-full-register-schedule.gt864_forward_one_bank_one_mul_b3_slothy_start.split.30_48:Attempt optimization with max 256 stalls...
INFO:gt864-forward-full-register-schedule.gt864_forward_one_bank_one_mul_b3_slothy_start.split.30_48:Setting timeout of 14400 seconds...
INFO:gt864-forward-full-register-schedule.gt864_forward_one_bank_one_mul_b3_slothy_start.split.30_48:Objective: minimize cycles
INFO:gt864-forward-full-register-schedule.gt864_forward_one_bank_one_mul_b3_slothy_start.split.30_48:Invoking external constraint solver (OR-Tools CP-SAT v9.15.6755) ...
INFO:gt864-forward-full-register-schedule.gt864_forward_one_bank_one_mul_b3_slothy_start.split.30_48:[0.0515s]: Found 1 solutions so far... objective (minimize cycles): currently  (Cycles ~ 31.0, IPC ~ 0.58), bound  (Cycles ~ 27.0, IPC ~ 0.67)
INFO:gt864-forward-full-register-schedule.gt864_forward_one_bank_one_mul_b3_slothy_start.split.30_48:[0.0565s]: Found 2 solutions so far... objective (minimize cycles): currently  (Cycles ~ 29.0, IPC ~ 0.62), bound  (Cycles ~ 27.0, IPC ~ 0.67)
INFO:gt864-forward-full-register-schedule.gt864_forward_one_bank_one_mul_b3_slothy_start.split.30_48:[0.0631s]: Found 3 solutions so far... objective (minimize cycles): currently  (Cycles ~ 28.0, IPC ~ 0.64), bound  (Cycles ~ 27.0, IPC ~ 0.67)
INFO:gt864-forward-full-register-schedule.gt864_forward_one_bank_one_mul_b3_slothy_start.split.30_48:[0.0690s]: Found 4 solutions so far... objective (minimize cycles): currently  (Cycles ~ 27.0, IPC ~ 0.67), bound  (Cycles ~ 27.0, IPC ~ 0.67)
INFO:gt864-forward-full-register-schedule.gt864_forward_one_bank_one_mul_b3_slothy_start.split.30_48:Closer than 0 stalls to theoretical optimum... stop
INFO:gt864-forward-full-register-schedule.gt864_forward_one_bank_one_mul_b3_slothy_start.split.30_48:OPTIMAL, wall time: 0.079683 s
INFO:gt864-forward-full-register-schedule.gt864_forward_one_bank_one_mul_b3_slothy_start.split.30_48:Booleans in result: 171
INFO:gt864-forward-full-register-schedule.gt864_forward_one_bank_one_mul_b3_slothy_start.split.30_48.selfcheck:OK!
INFO:gt864-forward-full-register-schedule.gt864_forward_one_bank_one_mul_b3_slothy_start.split.30_48:Minimum number of stalls: 22
INFO:gt864-forward-full-register-schedule.gt864_forward_one_bank_one_mul_b3_slothy_start.split:[  0- 11]: *************..... (13)
INFO:gt864-forward-full-register-schedule.gt864_forward_one_bank_one_mul_b3_slothy_start.split:[ 11- 23]: ***************... (15)
INFO:gt864-forward-full-register-schedule.gt864_forward_one_bank_one_mul_b3_slothy_start.split:[ 23- 35]: **************.... (14)
INFO:gt864-forward-full-register-schedule.gt864_forward_one_bank_one_mul_b3_slothy_start.split:[ 35- 47]: **************.... (14)
INFO:gt864-forward-full-register-schedule.gt864_forward_one_bank_one_mul_b3_slothy_start.split:[ 47- 59]: ************...... (12)
INFO:gt864-forward-full-register-schedule.gt864_forward_one_bank_one_mul_b3_slothy_start.split:[ 59- 71]: ************...... (12)
INFO:gt864-forward-full-register-schedule.gt864_forward_one_bank_one_mul_b3_slothy_start.split:[ 71- 83]: *************..... (13)
INFO:gt864-forward-full-register-schedule.gt864_forward_one_bank_one_mul_b3_slothy_start.split:[ 83- 94]: *************..... (13)
INFO:gt864-forward-full-register-schedule.gt864_forward_one_bank_one_mul_b3_slothy_start.split:[ 94-106]: **************.... (14)
INFO:gt864-forward-full-register-schedule.gt864_forward_one_bank_one_mul_b3_slothy_start.split:[106-118]: **************.... (14)
INFO:gt864-forward-full-register-schedule.gt864_forward_one_bank_one_mul_b3_slothy_start.split:[118-130]: *************..... (13)
INFO:gt864-forward-full-register-schedule.gt864_forward_one_bank_one_mul_b3_slothy_start.split:[130-142]: **************.... (14)
INFO:gt864-forward-full-register-schedule.gt864_forward_one_bank_one_mul_b3_slothy_start.split:[142-154]: **************.... (14)
INFO:gt864-forward-full-register-schedule.gt864_forward_one_bank_one_mul_b3_slothy_start.split:[154-166]: **************.... (14)
INFO:gt864-forward-full-register-schedule.gt864_forward_one_bank_one_mul_b3_slothy_start.split:[166-177]: **************.... (14)
INFO:gt864-forward-full-register-schedule.gt864_forward_one_bank_one_mul_b3_slothy_start.split:[177-189]: **************.... (14)
INFO:gt864-forward-full-register-schedule.gt864_forward_one_bank_one_mul_b3_slothy_start.split:[189-201]: **************.... (14)
INFO:gt864-forward-full-register-schedule.gt864_forward_one_bank_one_mul_b3_slothy_start.split:[201-213]: **************.... (14)
INFO:gt864-forward-full-register-schedule.gt864_forward_one_bank_one_mul_b3_slothy_start.split:[213-225]: **************.... (14)
INFO:gt864-forward-full-register-schedule.gt864_forward_one_bank_one_mul_b3_slothy_start.split:[225-237]: **************.... (14)
INFO:gt864-forward-full-register-schedule.gt864_forward_one_bank_one_mul_b3_slothy_start.split:[237-249]: **************.... (14)
INFO:gt864-forward-full-register-schedule.gt864_forward_one_bank_one_mul_b3_slothy_start.split:[249-260]: **************.... (14)
INFO:gt864-forward-full-register-schedule.gt864_forward_one_bank_one_mul_b3_slothy_start.split:[260-272]: **************.... (14)
INFO:gt864-forward-full-register-schedule.gt864_forward_one_bank_one_mul_b3_slothy_start.split:[272-284]: **************.... (14)
INFO:gt864-forward-full-register-schedule.gt864_forward_one_bank_one_mul_b3_slothy_start.split:[284-296]: *************..... (13)
INFO:gt864-forward-full-register-schedule.gt864_forward_one_bank_one_mul_b3_slothy_start.split:[296-308]: **********........ (10)
INFO:gt864-forward-full-register-schedule.gt864_forward_one_bank_one_mul_b3_slothy_start.split:[308-320]: *********......... (9)
INFO:gt864-forward-full-register-schedule.gt864_forward_one_bank_one_mul_b3_slothy_start.split:[320-332]: *********......... (9)
INFO:gt864-forward-full-register-schedule.gt864_forward_one_bank_one_mul_b3_slothy_start.split:[332-343]: **********........ (10)
INFO:gt864-forward-full-register-schedule.gt864_forward_one_bank_one_mul_b3_slothy_start.split:[343-355]: ************...... (12)
INFO:gt864-forward-full-register-schedule.gt864_forward_one_bank_one_mul_b3_slothy_start.split:[355-367]: **************.... (14)
INFO:gt864-forward-full-register-schedule.gt864_forward_one_bank_one_mul_b3_slothy_start.split:[367-379]: **************.... (14)
INFO:gt864-forward-full-register-schedule.gt864_forward_one_bank_one_mul_b3_slothy_start.split:[379-391]: ************...... (12)
INFO:gt864-forward-full-register-schedule.gt864_forward_one_bank_one_mul_b3_slothy_start.split:[391-403]: **********........ (10)
INFO:gt864-forward-full-register-schedule.gt864_forward_one_bank_one_mul_b3_slothy_start.split:[403-415]: ***********....... (11)
INFO:gt864-forward-full-register-schedule.gt864_forward_one_bank_one_mul_b3_slothy_start.split:[415-426]: *************..... (13)
INFO:gt864-forward-full-register-schedule.gt864_forward_one_bank_one_mul_b3_slothy_start.split:[426-438]: **************.... (14)
INFO:gt864-forward-full-register-schedule.gt864_forward_one_bank_one_mul_b3_slothy_start.split:[438-450]: **************.... (14)
INFO:gt864-forward-full-register-schedule.gt864_forward_one_bank_one_mul_b3_slothy_start.split:[450-462]: **************.... (14)
INFO:gt864-forward-full-register-schedule.gt864_forward_one_bank_one_mul_b3_slothy_start.split:[462-474]: **************.... (14)
INFO:gt864-forward-full-register-schedule.gt864_forward_one_bank_one_mul_b3_slothy_start.split:[474-486]: **************.... (14)
INFO:gt864-forward-full-register-schedule.gt864_forward_one_bank_one_mul_b3_slothy_start.split:[486-498]: **************.... (14)
INFO:gt864-forward-full-register-schedule.gt864_forward_one_bank_one_mul_b3_slothy_start.split:[498-509]: *************..... (13)
INFO:gt864-forward-full-register-schedule.gt864_forward_one_bank_one_mul_b3_slothy_start.split:[509-521]: ************...... (12)
INFO:gt864-forward-full-register-schedule.gt864_forward_one_bank_one_mul_b3_slothy_start.split:[521-533]: ***********....... (11)
INFO:gt864-forward-full-register-schedule.gt864_forward_one_bank_one_mul_b3_slothy_start.split:[533-545]: *************..... (13)
INFO:gt864-forward-full-register-schedule.gt864_forward_one_bank_one_mul_b3_slothy_start.split:[545-557]: **************.... (14)
INFO:gt864-forward-full-register-schedule.gt864_forward_one_bank_one_mul_b3_slothy_start.split:[557-569]: **************.... (14)
INFO:gt864-forward-full-register-schedule.gt864_forward_one_bank_one_mul_b3_slothy_start.split:[569-581]: **************.... (14)
INFO:gt864-forward-full-register-schedule.gt864_forward_one_bank_one_mul_b3_slothy_start.split:[581-593]: ************...... (12)
INFO:gt864-forward-full-register-schedule.gt864_forward_one_bank_one_mul_b3_slothy_start.split.59_78:Perform internal binary search for minimal number of stalls...
INFO:gt864-forward-full-register-schedule.gt864_forward_one_bank_one_mul_b3_slothy_start.split.59_78:Attempt optimization with max 256 stalls...
INFO:gt864-forward-full-register-schedule.gt864_forward_one_bank_one_mul_b3_slothy_start.split.59_78:Setting timeout of 14400 seconds...
INFO:gt864-forward-full-register-schedule.gt864_forward_one_bank_one_mul_b3_slothy_start.split.59_78:Objective: minimize cycles
INFO:gt864-forward-full-register-schedule.gt864_forward_one_bank_one_mul_b3_slothy_start.split.59_78:Invoking external constraint solver (OR-Tools CP-SAT v9.15.6755) ...
INFO:gt864-forward-full-register-schedule.gt864_forward_one_bank_one_mul_b3_slothy_start.split.59_78:[0.0306s]: Found 1 solutions so far... objective (minimize cycles): currently  (Cycles ~ 41.0, IPC ~ 0.46), bound  (Cycles ~ 11.0, IPC ~ 1.73)
INFO:gt864-forward-full-register-schedule.gt864_forward_one_bank_one_mul_b3_slothy_start.split.59_78:[0.0332s]: Found 2 solutions so far... objective (minimize cycles): currently  (Cycles ~ 39.0, IPC ~ 0.49), bound  (Cycles ~ 11.0, IPC ~ 1.73)
INFO:gt864-forward-full-register-schedule.gt864_forward_one_bank_one_mul_b3_slothy_start.split.59_78:[0.0398s]: Found 3 solutions so far... objective (minimize cycles): currently  (Cycles ~ 37.0, IPC ~ 0.51), bound  (Cycles ~ 15.0, IPC ~ 1.27)
INFO:gt864-forward-full-register-schedule.gt864_forward_one_bank_one_mul_b3_slothy_start.split.59_78:[0.0402s]: Found 4 solutions so far... objective (minimize cycles): currently  (Cycles ~ 24.0, IPC ~ 0.79), bound  (Cycles ~ 15.0, IPC ~ 1.27)
INFO:gt864-forward-full-register-schedule.gt864_forward_one_bank_one_mul_b3_slothy_start.split.59_78:[0.0452s]: Found 5 solutions so far... objective (minimize cycles): currently  (Cycles ~ 23.0, IPC ~ 0.83), bound  (Cycles ~ 15.0, IPC ~ 1.27)
INFO:gt864-forward-full-register-schedule.gt864_forward_one_bank_one_mul_b3_slothy_start.split.59_78:[0.0487s]: Found 6 solutions so far... objective (minimize cycles): currently  (Cycles ~ 22.0, IPC ~ 0.86), bound  (Cycles ~ 15.0, IPC ~ 1.27)
INFO:gt864-forward-full-register-schedule.gt864_forward_one_bank_one_mul_b3_slothy_start.split.59_78:[0.0518s]: Found 7 solutions so far... objective (minimize cycles): currently  (Cycles ~ 21.0, IPC ~ 0.90), bound  (Cycles ~ 15.0, IPC ~ 1.27)
INFO:gt864-forward-full-register-schedule.gt864_forward_one_bank_one_mul_b3_slothy_start.split.59_78:OPTIMAL, wall time: 0.061053 s
INFO:gt864-forward-full-register-schedule.gt864_forward_one_bank_one_mul_b3_slothy_start.split.59_78:Booleans in result: 109
INFO:gt864-forward-full-register-schedule.gt864_forward_one_bank_one_mul_b3_slothy_start.split.59_78.selfcheck:OK!
INFO:gt864-forward-full-register-schedule.gt864_forward_one_bank_one_mul_b3_slothy_start.split.59_78:Minimum number of stalls: 16
INFO:gt864-forward-full-register-schedule.gt864_forward_one_bank_one_mul_b3_slothy_start.split:[  0- 11]: *************..... (13)
INFO:gt864-forward-full-register-schedule.gt864_forward_one_bank_one_mul_b3_slothy_start.split:[ 11- 23]: ***************... (15)
INFO:gt864-forward-full-register-schedule.gt864_forward_one_bank_one_mul_b3_slothy_start.split:[ 23- 35]: **************.... (14)
INFO:gt864-forward-full-register-schedule.gt864_forward_one_bank_one_mul_b3_slothy_start.split:[ 35- 47]: **************.... (14)
INFO:gt864-forward-full-register-schedule.gt864_forward_one_bank_one_mul_b3_slothy_start.split:[ 47- 59]: ************...... (12)
INFO:gt864-forward-full-register-schedule.gt864_forward_one_bank_one_mul_b3_slothy_start.split:[ 59- 71]: ************...... (12)
INFO:gt864-forward-full-register-schedule.gt864_forward_one_bank_one_mul_b3_slothy_start.split:[ 71- 83]: ***************... (15)
INFO:gt864-forward-full-register-schedule.gt864_forward_one_bank_one_mul_b3_slothy_start.split:[ 83- 94]: **************.... (14)
INFO:gt864-forward-full-register-schedule.gt864_forward_one_bank_one_mul_b3_slothy_start.split:[ 94-106]: **************.... (14)
INFO:gt864-forward-full-register-schedule.gt864_forward_one_bank_one_mul_b3_slothy_start.split:[106-118]: **************.... (14)
INFO:gt864-forward-full-register-schedule.gt864_forward_one_bank_one_mul_b3_slothy_start.split:[118-130]: *************..... (13)
INFO:gt864-forward-full-register-schedule.gt864_forward_one_bank_one_mul_b3_slothy_start.split:[130-142]: **************.... (14)
INFO:gt864-forward-full-register-schedule.gt864_forward_one_bank_one_mul_b3_slothy_start.split:[142-154]: **************.... (14)
INFO:gt864-forward-full-register-schedule.gt864_forward_one_bank_one_mul_b3_slothy_start.split:[154-166]: **************.... (14)
INFO:gt864-forward-full-register-schedule.gt864_forward_one_bank_one_mul_b3_slothy_start.split:[166-177]: **************.... (14)
INFO:gt864-forward-full-register-schedule.gt864_forward_one_bank_one_mul_b3_slothy_start.split:[177-189]: **************.... (14)
INFO:gt864-forward-full-register-schedule.gt864_forward_one_bank_one_mul_b3_slothy_start.split:[189-201]: **************.... (14)
INFO:gt864-forward-full-register-schedule.gt864_forward_one_bank_one_mul_b3_slothy_start.split:[201-213]: **************.... (14)
INFO:gt864-forward-full-register-schedule.gt864_forward_one_bank_one_mul_b3_slothy_start.split:[213-225]: **************.... (14)
INFO:gt864-forward-full-register-schedule.gt864_forward_one_bank_one_mul_b3_slothy_start.split:[225-237]: **************.... (14)
INFO:gt864-forward-full-register-schedule.gt864_forward_one_bank_one_mul_b3_slothy_start.split:[237-249]: **************.... (14)
INFO:gt864-forward-full-register-schedule.gt864_forward_one_bank_one_mul_b3_slothy_start.split:[249-260]: **************.... (14)
INFO:gt864-forward-full-register-schedule.gt864_forward_one_bank_one_mul_b3_slothy_start.split:[260-272]: **************.... (14)
INFO:gt864-forward-full-register-schedule.gt864_forward_one_bank_one_mul_b3_slothy_start.split:[272-284]: **************.... (14)
INFO:gt864-forward-full-register-schedule.gt864_forward_one_bank_one_mul_b3_slothy_start.split:[284-296]: *************..... (13)
INFO:gt864-forward-full-register-schedule.gt864_forward_one_bank_one_mul_b3_slothy_start.split:[296-308]: **********........ (10)
INFO:gt864-forward-full-register-schedule.gt864_forward_one_bank_one_mul_b3_slothy_start.split:[308-320]: *********......... (9)
INFO:gt864-forward-full-register-schedule.gt864_forward_one_bank_one_mul_b3_slothy_start.split:[320-332]: *********......... (9)
INFO:gt864-forward-full-register-schedule.gt864_forward_one_bank_one_mul_b3_slothy_start.split:[332-343]: **********........ (10)
INFO:gt864-forward-full-register-schedule.gt864_forward_one_bank_one_mul_b3_slothy_start.split:[343-355]: ************...... (12)
INFO:gt864-forward-full-register-schedule.gt864_forward_one_bank_one_mul_b3_slothy_start.split:[355-367]: **************.... (14)
INFO:gt864-forward-full-register-schedule.gt864_forward_one_bank_one_mul_b3_slothy_start.split:[367-379]: **************.... (14)
INFO:gt864-forward-full-register-schedule.gt864_forward_one_bank_one_mul_b3_slothy_start.split:[379-391]: ************...... (12)
INFO:gt864-forward-full-register-schedule.gt864_forward_one_bank_one_mul_b3_slothy_start.split:[391-403]: **********........ (10)
INFO:gt864-forward-full-register-schedule.gt864_forward_one_bank_one_mul_b3_slothy_start.split:[403-415]: ***********....... (11)
INFO:gt864-forward-full-register-schedule.gt864_forward_one_bank_one_mul_b3_slothy_start.split:[415-426]: *************..... (13)
INFO:gt864-forward-full-register-schedule.gt864_forward_one_bank_one_mul_b3_slothy_start.split:[426-438]: **************.... (14)
INFO:gt864-forward-full-register-schedule.gt864_forward_one_bank_one_mul_b3_slothy_start.split:[438-450]: **************.... (14)
INFO:gt864-forward-full-register-schedule.gt864_forward_one_bank_one_mul_b3_slothy_start.split:[450-462]: **************.... (14)
INFO:gt864-forward-full-register-schedule.gt864_forward_one_bank_one_mul_b3_slothy_start.split:[462-474]: **************.... (14)
INFO:gt864-forward-full-register-schedule.gt864_forward_one_bank_one_mul_b3_slothy_start.split:[474-486]: **************.... (14)
INFO:gt864-forward-full-register-schedule.gt864_forward_one_bank_one_mul_b3_slothy_start.split:[486-498]: **************.... (14)
INFO:gt864-forward-full-register-schedule.gt864_forward_one_bank_one_mul_b3_slothy_start.split:[498-509]: *************..... (13)
INFO:gt864-forward-full-register-schedule.gt864_forward_one_bank_one_mul_b3_slothy_start.split:[509-521]: ************...... (12)
INFO:gt864-forward-full-register-schedule.gt864_forward_one_bank_one_mul_b3_slothy_start.split:[521-533]: ***********....... (11)
INFO:gt864-forward-full-register-schedule.gt864_forward_one_bank_one_mul_b3_slothy_start.split:[533-545]: *************..... (13)
INFO:gt864-forward-full-register-schedule.gt864_forward_one_bank_one_mul_b3_slothy_start.split:[545-557]: **************.... (14)
INFO:gt864-forward-full-register-schedule.gt864_forward_one_bank_one_mul_b3_slothy_start.split:[557-569]: **************.... (14)
INFO:gt864-forward-full-register-schedule.gt864_forward_one_bank_one_mul_b3_slothy_start.split:[569-581]: **************.... (14)
INFO:gt864-forward-full-register-schedule.gt864_forward_one_bank_one_mul_b3_slothy_start.split:[581-593]: ************...... (12)
INFO:gt864-forward-full-register-schedule.gt864_forward_one_bank_one_mul_b3_slothy_start.split.89_107:Perform internal binary search for minimal number of stalls...
INFO:gt864-forward-full-register-schedule.gt864_forward_one_bank_one_mul_b3_slothy_start.split.89_107:Attempt optimization with max 256 stalls...
INFO:gt864-forward-full-register-schedule.gt864_forward_one_bank_one_mul_b3_slothy_start.split.89_107:Setting timeout of 14400 seconds...
INFO:gt864-forward-full-register-schedule.gt864_forward_one_bank_one_mul_b3_slothy_start.split.89_107:Objective: minimize cycles
INFO:gt864-forward-full-register-schedule.gt864_forward_one_bank_one_mul_b3_slothy_start.split.89_107:Invoking external constraint solver (OR-Tools CP-SAT v9.15.6755) ...
INFO:gt864-forward-full-register-schedule.gt864_forward_one_bank_one_mul_b3_slothy_start.split.89_107:[0.0824s]: Found 1 solutions so far... objective (minimize cycles): currently  (Cycles ~ 27.0, IPC ~ 0.67), bound  (Cycles ~ 18.0, IPC ~ 1.00)
INFO:gt864-forward-full-register-schedule.gt864_forward_one_bank_one_mul_b3_slothy_start.split.89_107:OPTIMAL, wall time: 0.096873 s
INFO:gt864-forward-full-register-schedule.gt864_forward_one_bank_one_mul_b3_slothy_start.split.89_107:Booleans in result: 129
INFO:gt864-forward-full-register-schedule.gt864_forward_one_bank_one_mul_b3_slothy_start.split.89_107.selfcheck:OK!
INFO:gt864-forward-full-register-schedule.gt864_forward_one_bank_one_mul_b3_slothy_start.split.89_107:Minimum number of stalls: 22
INFO:gt864-forward-full-register-schedule.gt864_forward_one_bank_one_mul_b3_slothy_start.split:[  0- 11]: *************..... (13)
INFO:gt864-forward-full-register-schedule.gt864_forward_one_bank_one_mul_b3_slothy_start.split:[ 11- 23]: ***************... (15)
INFO:gt864-forward-full-register-schedule.gt864_forward_one_bank_one_mul_b3_slothy_start.split:[ 23- 35]: **************.... (14)
INFO:gt864-forward-full-register-schedule.gt864_forward_one_bank_one_mul_b3_slothy_start.split:[ 35- 47]: **************.... (14)
INFO:gt864-forward-full-register-schedule.gt864_forward_one_bank_one_mul_b3_slothy_start.split:[ 47- 59]: ************...... (12)
INFO:gt864-forward-full-register-schedule.gt864_forward_one_bank_one_mul_b3_slothy_start.split:[ 59- 71]: ************...... (12)
INFO:gt864-forward-full-register-schedule.gt864_forward_one_bank_one_mul_b3_slothy_start.split:[ 71- 83]: ***************... (15)
INFO:gt864-forward-full-register-schedule.gt864_forward_one_bank_one_mul_b3_slothy_start.split:[ 83- 94]: *************..... (13)
INFO:gt864-forward-full-register-schedule.gt864_forward_one_bank_one_mul_b3_slothy_start.split:[ 94-106]: ****************.. (16)
INFO:gt864-forward-full-register-schedule.gt864_forward_one_bank_one_mul_b3_slothy_start.split:[106-118]: ****************.. (16)
INFO:gt864-forward-full-register-schedule.gt864_forward_one_bank_one_mul_b3_slothy_start.split:[118-130]: *************..... (13)
INFO:gt864-forward-full-register-schedule.gt864_forward_one_bank_one_mul_b3_slothy_start.split:[130-142]: **************.... (14)
INFO:gt864-forward-full-register-schedule.gt864_forward_one_bank_one_mul_b3_slothy_start.split:[142-154]: **************.... (14)
INFO:gt864-forward-full-register-schedule.gt864_forward_one_bank_one_mul_b3_slothy_start.split:[154-166]: **************.... (14)
INFO:gt864-forward-full-register-schedule.gt864_forward_one_bank_one_mul_b3_slothy_start.split:[166-177]: **************.... (14)
INFO:gt864-forward-full-register-schedule.gt864_forward_one_bank_one_mul_b3_slothy_start.split:[177-189]: **************.... (14)
INFO:gt864-forward-full-register-schedule.gt864_forward_one_bank_one_mul_b3_slothy_start.split:[189-201]: **************.... (14)
INFO:gt864-forward-full-register-schedule.gt864_forward_one_bank_one_mul_b3_slothy_start.split:[201-213]: **************.... (14)
INFO:gt864-forward-full-register-schedule.gt864_forward_one_bank_one_mul_b3_slothy_start.split:[213-225]: **************.... (14)
INFO:gt864-forward-full-register-schedule.gt864_forward_one_bank_one_mul_b3_slothy_start.split:[225-237]: **************.... (14)
INFO:gt864-forward-full-register-schedule.gt864_forward_one_bank_one_mul_b3_slothy_start.split:[237-249]: **************.... (14)
INFO:gt864-forward-full-register-schedule.gt864_forward_one_bank_one_mul_b3_slothy_start.split:[249-260]: **************.... (14)
INFO:gt864-forward-full-register-schedule.gt864_forward_one_bank_one_mul_b3_slothy_start.split:[260-272]: **************.... (14)
INFO:gt864-forward-full-register-schedule.gt864_forward_one_bank_one_mul_b3_slothy_start.split:[272-284]: **************.... (14)
INFO:gt864-forward-full-register-schedule.gt864_forward_one_bank_one_mul_b3_slothy_start.split:[284-296]: *************..... (13)
INFO:gt864-forward-full-register-schedule.gt864_forward_one_bank_one_mul_b3_slothy_start.split:[296-308]: **********........ (10)
INFO:gt864-forward-full-register-schedule.gt864_forward_one_bank_one_mul_b3_slothy_start.split:[308-320]: *********......... (9)
INFO:gt864-forward-full-register-schedule.gt864_forward_one_bank_one_mul_b3_slothy_start.split:[320-332]: *********......... (9)
INFO:gt864-forward-full-register-schedule.gt864_forward_one_bank_one_mul_b3_slothy_start.split:[332-343]: **********........ (10)
INFO:gt864-forward-full-register-schedule.gt864_forward_one_bank_one_mul_b3_slothy_start.split:[343-355]: ************...... (12)
INFO:gt864-forward-full-register-schedule.gt864_forward_one_bank_one_mul_b3_slothy_start.split:[355-367]: **************.... (14)
INFO:gt864-forward-full-register-schedule.gt864_forward_one_bank_one_mul_b3_slothy_start.split:[367-379]: **************.... (14)
INFO:gt864-forward-full-register-schedule.gt864_forward_one_bank_one_mul_b3_slothy_start.split:[379-391]: ************...... (12)
INFO:gt864-forward-full-register-schedule.gt864_forward_one_bank_one_mul_b3_slothy_start.split:[391-403]: **********........ (10)
INFO:gt864-forward-full-register-schedule.gt864_forward_one_bank_one_mul_b3_slothy_start.split:[403-415]: ***********....... (11)
INFO:gt864-forward-full-register-schedule.gt864_forward_one_bank_one_mul_b3_slothy_start.split:[415-426]: *************..... (13)
INFO:gt864-forward-full-register-schedule.gt864_forward_one_bank_one_mul_b3_slothy_start.split:[426-438]: **************.... (14)
INFO:gt864-forward-full-register-schedule.gt864_forward_one_bank_one_mul_b3_slothy_start.split:[438-450]: **************.... (14)
INFO:gt864-forward-full-register-schedule.gt864_forward_one_bank_one_mul_b3_slothy_start.split:[450-462]: **************.... (14)
INFO:gt864-forward-full-register-schedule.gt864_forward_one_bank_one_mul_b3_slothy_start.split:[462-474]: **************.... (14)
INFO:gt864-forward-full-register-schedule.gt864_forward_one_bank_one_mul_b3_slothy_start.split:[474-486]: **************.... (14)
INFO:gt864-forward-full-register-schedule.gt864_forward_one_bank_one_mul_b3_slothy_start.split:[486-498]: **************.... (14)
INFO:gt864-forward-full-register-schedule.gt864_forward_one_bank_one_mul_b3_slothy_start.split:[498-509]: *************..... (13)
INFO:gt864-forward-full-register-schedule.gt864_forward_one_bank_one_mul_b3_slothy_start.split:[509-521]: ************...... (12)
INFO:gt864-forward-full-register-schedule.gt864_forward_one_bank_one_mul_b3_slothy_start.split:[521-533]: ***********....... (11)
INFO:gt864-forward-full-register-schedule.gt864_forward_one_bank_one_mul_b3_slothy_start.split:[533-545]: *************..... (13)
INFO:gt864-forward-full-register-schedule.gt864_forward_one_bank_one_mul_b3_slothy_start.split:[545-557]: **************.... (14)
INFO:gt864-forward-full-register-schedule.gt864_forward_one_bank_one_mul_b3_slothy_start.split:[557-569]: **************.... (14)
INFO:gt864-forward-full-register-schedule.gt864_forward_one_bank_one_mul_b3_slothy_start.split:[569-581]: **************.... (14)
INFO:gt864-forward-full-register-schedule.gt864_forward_one_bank_one_mul_b3_slothy_start.split:[581-593]: ************...... (12)
INFO:gt864-forward-full-register-schedule.gt864_forward_one_bank_one_mul_b3_slothy_start.split.119_137:Perform internal binary search for minimal number of stalls...
INFO:gt864-forward-full-register-schedule.gt864_forward_one_bank_one_mul_b3_slothy_start.split.119_137:Attempt optimization with max 256 stalls...
INFO:gt864-forward-full-register-schedule.gt864_forward_one_bank_one_mul_b3_slothy_start.split.119_137:Setting timeout of 14400 seconds...
INFO:gt864-forward-full-register-schedule.gt864_forward_one_bank_one_mul_b3_slothy_start.split.119_137:Objective: minimize cycles
INFO:gt864-forward-full-register-schedule.gt864_forward_one_bank_one_mul_b3_slothy_start.split.119_137:Invoking external constraint solver (OR-Tools CP-SAT v9.15.6755) ...
INFO:gt864-forward-full-register-schedule.gt864_forward_one_bank_one_mul_b3_slothy_start.split.119_137:[0.0859s]: Found 1 solutions so far... objective (minimize cycles): currently  (Cycles ~ 32.0, IPC ~ 0.56), bound  (Cycles ~ 23.0, IPC ~ 0.78)
INFO:gt864-forward-full-register-schedule.gt864_forward_one_bank_one_mul_b3_slothy_start.split.119_137:[0.0929s]: Found 2 solutions so far... objective (minimize cycles): currently  (Cycles ~ 31.0, IPC ~ 0.58), bound  (Cycles ~ 25.0, IPC ~ 0.72)
INFO:gt864-forward-full-register-schedule.gt864_forward_one_bank_one_mul_b3_slothy_start.split.119_137:[0.0950s]: Found 3 solutions so far... objective (minimize cycles): currently  (Cycles ~ 30.0, IPC ~ 0.60), bound  (Cycles ~ 27.0, IPC ~ 0.67)
INFO:gt864-forward-full-register-schedule.gt864_forward_one_bank_one_mul_b3_slothy_start.split.119_137:[0.1007s]: Found 4 solutions so far... objective (minimize cycles): currently  (Cycles ~ 29.0, IPC ~ 0.62), bound  (Cycles ~ 27.0, IPC ~ 0.67)
INFO:gt864-forward-full-register-schedule.gt864_forward_one_bank_one_mul_b3_slothy_start.split.119_137:[0.1016s]: Found 5 solutions so far... objective (minimize cycles): currently  (Cycles ~ 28.0, IPC ~ 0.64), bound  (Cycles ~ 27.0, IPC ~ 0.67)
INFO:gt864-forward-full-register-schedule.gt864_forward_one_bank_one_mul_b3_slothy_start.split.119_137:[0.1113s]: Found 6 solutions so far... objective (minimize cycles): currently  (Cycles ~ 27.0, IPC ~ 0.67), bound  (Cycles ~ 27.0, IPC ~ 0.67)
INFO:gt864-forward-full-register-schedule.gt864_forward_one_bank_one_mul_b3_slothy_start.split.119_137:Closer than 0 stalls to theoretical optimum... stop
INFO:gt864-forward-full-register-schedule.gt864_forward_one_bank_one_mul_b3_slothy_start.split.119_137:OPTIMAL, wall time: 0.122496 s
INFO:gt864-forward-full-register-schedule.gt864_forward_one_bank_one_mul_b3_slothy_start.split.119_137:Booleans in result: 98
INFO:gt864-forward-full-register-schedule.gt864_forward_one_bank_one_mul_b3_slothy_start.split.119_137.selfcheck:OK!
INFO:gt864-forward-full-register-schedule.gt864_forward_one_bank_one_mul_b3_slothy_start.split.119_137:Minimum number of stalls: 22
INFO:gt864-forward-full-register-schedule.gt864_forward_one_bank_one_mul_b3_slothy_start.split:[  0- 11]: *************..... (13)
INFO:gt864-forward-full-register-schedule.gt864_forward_one_bank_one_mul_b3_slothy_start.split:[ 11- 23]: ***************... (15)
INFO:gt864-forward-full-register-schedule.gt864_forward_one_bank_one_mul_b3_slothy_start.split:[ 23- 35]: **************.... (14)
INFO:gt864-forward-full-register-schedule.gt864_forward_one_bank_one_mul_b3_slothy_start.split:[ 35- 47]: **************.... (14)
INFO:gt864-forward-full-register-schedule.gt864_forward_one_bank_one_mul_b3_slothy_start.split:[ 47- 59]: ************...... (12)
INFO:gt864-forward-full-register-schedule.gt864_forward_one_bank_one_mul_b3_slothy_start.split:[ 59- 71]: ************...... (12)
INFO:gt864-forward-full-register-schedule.gt864_forward_one_bank_one_mul_b3_slothy_start.split:[ 71- 83]: ***************... (15)
INFO:gt864-forward-full-register-schedule.gt864_forward_one_bank_one_mul_b3_slothy_start.split:[ 83- 94]: *************..... (13)
INFO:gt864-forward-full-register-schedule.gt864_forward_one_bank_one_mul_b3_slothy_start.split:[ 94-106]: ****************.. (16)
INFO:gt864-forward-full-register-schedule.gt864_forward_one_bank_one_mul_b3_slothy_start.split:[106-118]: ****************.. (16)
INFO:gt864-forward-full-register-schedule.gt864_forward_one_bank_one_mul_b3_slothy_start.split:[118-130]: ***************... (15)
INFO:gt864-forward-full-register-schedule.gt864_forward_one_bank_one_mul_b3_slothy_start.split:[130-142]: ****************.. (16)
INFO:gt864-forward-full-register-schedule.gt864_forward_one_bank_one_mul_b3_slothy_start.split:[142-154]: **************.... (14)
INFO:gt864-forward-full-register-schedule.gt864_forward_one_bank_one_mul_b3_slothy_start.split:[154-166]: **************.... (14)
INFO:gt864-forward-full-register-schedule.gt864_forward_one_bank_one_mul_b3_slothy_start.split:[166-177]: **************.... (14)
INFO:gt864-forward-full-register-schedule.gt864_forward_one_bank_one_mul_b3_slothy_start.split:[177-189]: **************.... (14)
INFO:gt864-forward-full-register-schedule.gt864_forward_one_bank_one_mul_b3_slothy_start.split:[189-201]: **************.... (14)
INFO:gt864-forward-full-register-schedule.gt864_forward_one_bank_one_mul_b3_slothy_start.split:[201-213]: **************.... (14)
INFO:gt864-forward-full-register-schedule.gt864_forward_one_bank_one_mul_b3_slothy_start.split:[213-225]: **************.... (14)
INFO:gt864-forward-full-register-schedule.gt864_forward_one_bank_one_mul_b3_slothy_start.split:[225-237]: **************.... (14)
INFO:gt864-forward-full-register-schedule.gt864_forward_one_bank_one_mul_b3_slothy_start.split:[237-249]: **************.... (14)
INFO:gt864-forward-full-register-schedule.gt864_forward_one_bank_one_mul_b3_slothy_start.split:[249-260]: **************.... (14)
INFO:gt864-forward-full-register-schedule.gt864_forward_one_bank_one_mul_b3_slothy_start.split:[260-272]: **************.... (14)
INFO:gt864-forward-full-register-schedule.gt864_forward_one_bank_one_mul_b3_slothy_start.split:[272-284]: **************.... (14)
INFO:gt864-forward-full-register-schedule.gt864_forward_one_bank_one_mul_b3_slothy_start.split:[284-296]: *************..... (13)
INFO:gt864-forward-full-register-schedule.gt864_forward_one_bank_one_mul_b3_slothy_start.split:[296-308]: **********........ (10)
INFO:gt864-forward-full-register-schedule.gt864_forward_one_bank_one_mul_b3_slothy_start.split:[308-320]: *********......... (9)
INFO:gt864-forward-full-register-schedule.gt864_forward_one_bank_one_mul_b3_slothy_start.split:[320-332]: *********......... (9)
INFO:gt864-forward-full-register-schedule.gt864_forward_one_bank_one_mul_b3_slothy_start.split:[332-343]: **********........ (10)
INFO:gt864-forward-full-register-schedule.gt864_forward_one_bank_one_mul_b3_slothy_start.split:[343-355]: ************...... (12)
INFO:gt864-forward-full-register-schedule.gt864_forward_one_bank_one_mul_b3_slothy_start.split:[355-367]: **************.... (14)
INFO:gt864-forward-full-register-schedule.gt864_forward_one_bank_one_mul_b3_slothy_start.split:[367-379]: **************.... (14)
INFO:gt864-forward-full-register-schedule.gt864_forward_one_bank_one_mul_b3_slothy_start.split:[379-391]: ************...... (12)
INFO:gt864-forward-full-register-schedule.gt864_forward_one_bank_one_mul_b3_slothy_start.split:[391-403]: **********........ (10)
INFO:gt864-forward-full-register-schedule.gt864_forward_one_bank_one_mul_b3_slothy_start.split:[403-415]: ***********....... (11)
INFO:gt864-forward-full-register-schedule.gt864_forward_one_bank_one_mul_b3_slothy_start.split:[415-426]: *************..... (13)
INFO:gt864-forward-full-register-schedule.gt864_forward_one_bank_one_mul_b3_slothy_start.split:[426-438]: **************.... (14)
INFO:gt864-forward-full-register-schedule.gt864_forward_one_bank_one_mul_b3_slothy_start.split:[438-450]: **************.... (14)
INFO:gt864-forward-full-register-schedule.gt864_forward_one_bank_one_mul_b3_slothy_start.split:[450-462]: **************.... (14)
INFO:gt864-forward-full-register-schedule.gt864_forward_one_bank_one_mul_b3_slothy_start.split:[462-474]: **************.... (14)
INFO:gt864-forward-full-register-schedule.gt864_forward_one_bank_one_mul_b3_slothy_start.split:[474-486]: **************.... (14)
INFO:gt864-forward-full-register-schedule.gt864_forward_one_bank_one_mul_b3_slothy_start.split:[486-498]: **************.... (14)
INFO:gt864-forward-full-register-schedule.gt864_forward_one_bank_one_mul_b3_slothy_start.split:[498-509]: *************..... (13)
INFO:gt864-forward-full-register-schedule.gt864_forward_one_bank_one_mul_b3_slothy_start.split:[509-521]: ************...... (12)
INFO:gt864-forward-full-register-schedule.gt864_forward_one_bank_one_mul_b3_slothy_start.split:[521-533]: ***********....... (11)
INFO:gt864-forward-full-register-schedule.gt864_forward_one_bank_one_mul_b3_slothy_start.split:[533-545]: *************..... (13)
INFO:gt864-forward-full-register-schedule.gt864_forward_one_bank_one_mul_b3_slothy_start.split:[545-557]: **************.... (14)
INFO:gt864-forward-full-register-schedule.gt864_forward_one_bank_one_mul_b3_slothy_start.split:[557-569]: **************.... (14)
INFO:gt864-forward-full-register-schedule.gt864_forward_one_bank_one_mul_b3_slothy_start.split:[569-581]: **************.... (14)
INFO:gt864-forward-full-register-schedule.gt864_forward_one_bank_one_mul_b3_slothy_start.split:[581-593]: ************...... (12)
INFO:gt864-forward-full-register-schedule.gt864_forward_one_bank_one_mul_b3_slothy_start.split.148_167:Perform internal binary search for minimal number of stalls...
INFO:gt864-forward-full-register-schedule.gt864_forward_one_bank_one_mul_b3_slothy_start.split.148_167:Attempt optimization with max 256 stalls...
INFO:gt864-forward-full-register-schedule.gt864_forward_one_bank_one_mul_b3_slothy_start.split.148_167:Setting timeout of 14400 seconds...
INFO:gt864-forward-full-register-schedule.gt864_forward_one_bank_one_mul_b3_slothy_start.split.148_167:Objective: minimize cycles
INFO:gt864-forward-full-register-schedule.gt864_forward_one_bank_one_mul_b3_slothy_start.split.148_167:Invoking external constraint solver (OR-Tools CP-SAT v9.15.6755) ...
INFO:gt864-forward-full-register-schedule.gt864_forward_one_bank_one_mul_b3_slothy_start.split.148_167:[0.1021s]: Found 1 solutions so far... objective (minimize cycles): currently  (Cycles ~ 28.0, IPC ~ 0.68), bound  (Cycles ~ 19.0, IPC ~ 1.00)
INFO:gt864-forward-full-register-schedule.gt864_forward_one_bank_one_mul_b3_slothy_start.split.148_167:OPTIMAL, wall time: 0.113382 s
INFO:gt864-forward-full-register-schedule.gt864_forward_one_bank_one_mul_b3_slothy_start.split.148_167:Booleans in result: 146
INFO:gt864-forward-full-register-schedule.gt864_forward_one_bank_one_mul_b3_slothy_start.split.148_167.selfcheck:OK!
INFO:gt864-forward-full-register-schedule.gt864_forward_one_bank_one_mul_b3_slothy_start.split.148_167:Minimum number of stalls: 23
INFO:gt864-forward-full-register-schedule.gt864_forward_one_bank_one_mul_b3_slothy_start.split:[  0- 11]: *************..... (13)
INFO:gt864-forward-full-register-schedule.gt864_forward_one_bank_one_mul_b3_slothy_start.split:[ 11- 23]: ***************... (15)
INFO:gt864-forward-full-register-schedule.gt864_forward_one_bank_one_mul_b3_slothy_start.split:[ 23- 35]: **************.... (14)
INFO:gt864-forward-full-register-schedule.gt864_forward_one_bank_one_mul_b3_slothy_start.split:[ 35- 47]: **************.... (14)
INFO:gt864-forward-full-register-schedule.gt864_forward_one_bank_one_mul_b3_slothy_start.split:[ 47- 59]: ************...... (12)
INFO:gt864-forward-full-register-schedule.gt864_forward_one_bank_one_mul_b3_slothy_start.split:[ 59- 71]: ************...... (12)
INFO:gt864-forward-full-register-schedule.gt864_forward_one_bank_one_mul_b3_slothy_start.split:[ 71- 83]: ***************... (15)
INFO:gt864-forward-full-register-schedule.gt864_forward_one_bank_one_mul_b3_slothy_start.split:[ 83- 94]: *************..... (13)
INFO:gt864-forward-full-register-schedule.gt864_forward_one_bank_one_mul_b3_slothy_start.split:[ 94-106]: ****************.. (16)
INFO:gt864-forward-full-register-schedule.gt864_forward_one_bank_one_mul_b3_slothy_start.split:[106-118]: ****************.. (16)
INFO:gt864-forward-full-register-schedule.gt864_forward_one_bank_one_mul_b3_slothy_start.split:[118-130]: ***************... (15)
INFO:gt864-forward-full-register-schedule.gt864_forward_one_bank_one_mul_b3_slothy_start.split:[130-142]: ****************.. (16)
INFO:gt864-forward-full-register-schedule.gt864_forward_one_bank_one_mul_b3_slothy_start.split:[142-154]: ***************... (15)
INFO:gt864-forward-full-register-schedule.gt864_forward_one_bank_one_mul_b3_slothy_start.split:[154-166]: ***************... (15)
INFO:gt864-forward-full-register-schedule.gt864_forward_one_bank_one_mul_b3_slothy_start.split:[166-177]: **************.... (14)
INFO:gt864-forward-full-register-schedule.gt864_forward_one_bank_one_mul_b3_slothy_start.split:[177-189]: **************.... (14)
INFO:gt864-forward-full-register-schedule.gt864_forward_one_bank_one_mul_b3_slothy_start.split:[189-201]: **************.... (14)
INFO:gt864-forward-full-register-schedule.gt864_forward_one_bank_one_mul_b3_slothy_start.split:[201-213]: **************.... (14)
INFO:gt864-forward-full-register-schedule.gt864_forward_one_bank_one_mul_b3_slothy_start.split:[213-225]: **************.... (14)
INFO:gt864-forward-full-register-schedule.gt864_forward_one_bank_one_mul_b3_slothy_start.split:[225-237]: **************.... (14)
INFO:gt864-forward-full-register-schedule.gt864_forward_one_bank_one_mul_b3_slothy_start.split:[237-249]: **************.... (14)
INFO:gt864-forward-full-register-schedule.gt864_forward_one_bank_one_mul_b3_slothy_start.split:[249-260]: **************.... (14)
INFO:gt864-forward-full-register-schedule.gt864_forward_one_bank_one_mul_b3_slothy_start.split:[260-272]: **************.... (14)
INFO:gt864-forward-full-register-schedule.gt864_forward_one_bank_one_mul_b3_slothy_start.split:[272-284]: **************.... (14)
INFO:gt864-forward-full-register-schedule.gt864_forward_one_bank_one_mul_b3_slothy_start.split:[284-296]: *************..... (13)
INFO:gt864-forward-full-register-schedule.gt864_forward_one_bank_one_mul_b3_slothy_start.split:[296-308]: **********........ (10)
INFO:gt864-forward-full-register-schedule.gt864_forward_one_bank_one_mul_b3_slothy_start.split:[308-320]: *********......... (9)
INFO:gt864-forward-full-register-schedule.gt864_forward_one_bank_one_mul_b3_slothy_start.split:[320-332]: *********......... (9)
INFO:gt864-forward-full-register-schedule.gt864_forward_one_bank_one_mul_b3_slothy_start.split:[332-343]: **********........ (10)
INFO:gt864-forward-full-register-schedule.gt864_forward_one_bank_one_mul_b3_slothy_start.split:[343-355]: ************...... (12)
INFO:gt864-forward-full-register-schedule.gt864_forward_one_bank_one_mul_b3_slothy_start.split:[355-367]: **************.... (14)
INFO:gt864-forward-full-register-schedule.gt864_forward_one_bank_one_mul_b3_slothy_start.split:[367-379]: **************.... (14)
INFO:gt864-forward-full-register-schedule.gt864_forward_one_bank_one_mul_b3_slothy_start.split:[379-391]: ************...... (12)
INFO:gt864-forward-full-register-schedule.gt864_forward_one_bank_one_mul_b3_slothy_start.split:[391-403]: **********........ (10)
INFO:gt864-forward-full-register-schedule.gt864_forward_one_bank_one_mul_b3_slothy_start.split:[403-415]: ***********....... (11)
INFO:gt864-forward-full-register-schedule.gt864_forward_one_bank_one_mul_b3_slothy_start.split:[415-426]: *************..... (13)
INFO:gt864-forward-full-register-schedule.gt864_forward_one_bank_one_mul_b3_slothy_start.split:[426-438]: **************.... (14)
INFO:gt864-forward-full-register-schedule.gt864_forward_one_bank_one_mul_b3_slothy_start.split:[438-450]: **************.... (14)
INFO:gt864-forward-full-register-schedule.gt864_forward_one_bank_one_mul_b3_slothy_start.split:[450-462]: **************.... (14)
INFO:gt864-forward-full-register-schedule.gt864_forward_one_bank_one_mul_b3_slothy_start.split:[462-474]: **************.... (14)
INFO:gt864-forward-full-register-schedule.gt864_forward_one_bank_one_mul_b3_slothy_start.split:[474-486]: **************.... (14)
INFO:gt864-forward-full-register-schedule.gt864_forward_one_bank_one_mul_b3_slothy_start.split:[486-498]: **************.... (14)
INFO:gt864-forward-full-register-schedule.gt864_forward_one_bank_one_mul_b3_slothy_start.split:[498-509]: *************..... (13)
INFO:gt864-forward-full-register-schedule.gt864_forward_one_bank_one_mul_b3_slothy_start.split:[509-521]: ************...... (12)
INFO:gt864-forward-full-register-schedule.gt864_forward_one_bank_one_mul_b3_slothy_start.split:[521-533]: ***********....... (11)
INFO:gt864-forward-full-register-schedule.gt864_forward_one_bank_one_mul_b3_slothy_start.split:[533-545]: *************..... (13)
INFO:gt864-forward-full-register-schedule.gt864_forward_one_bank_one_mul_b3_slothy_start.split:[545-557]: **************.... (14)
INFO:gt864-forward-full-register-schedule.gt864_forward_one_bank_one_mul_b3_slothy_start.split:[557-569]: **************.... (14)
INFO:gt864-forward-full-register-schedule.gt864_forward_one_bank_one_mul_b3_slothy_start.split:[569-581]: **************.... (14)
INFO:gt864-forward-full-register-schedule.gt864_forward_one_bank_one_mul_b3_slothy_start.split:[581-593]: ************...... (12)
INFO:gt864-forward-full-register-schedule.gt864_forward_one_bank_one_mul_b3_slothy_start.split.178_196:Perform internal binary search for minimal number of stalls...
INFO:gt864-forward-full-register-schedule.gt864_forward_one_bank_one_mul_b3_slothy_start.split.178_196:Attempt optimization with max 256 stalls...
INFO:gt864-forward-full-register-schedule.gt864_forward_one_bank_one_mul_b3_slothy_start.split.178_196:Setting timeout of 14400 seconds...
INFO:gt864-forward-full-register-schedule.gt864_forward_one_bank_one_mul_b3_slothy_start.split.178_196:Objective: minimize cycles
INFO:gt864-forward-full-register-schedule.gt864_forward_one_bank_one_mul_b3_slothy_start.split.178_196:Invoking external constraint solver (OR-Tools CP-SAT v9.15.6755) ...
INFO:gt864-forward-full-register-schedule.gt864_forward_one_bank_one_mul_b3_slothy_start.split.178_196:[0.0742s]: Found 1 solutions so far... objective (minimize cycles): currently  (Cycles ~ 24.0, IPC ~ 0.75), bound  (Cycles ~ 11.0, IPC ~ 1.64)
INFO:gt864-forward-full-register-schedule.gt864_forward_one_bank_one_mul_b3_slothy_start.split.178_196:[0.0814s]: Found 2 solutions so far... objective (minimize cycles): currently  (Cycles ~ 23.0, IPC ~ 0.78), bound  (Cycles ~ 19.0, IPC ~ 0.95)
INFO:gt864-forward-full-register-schedule.gt864_forward_one_bank_one_mul_b3_slothy_start.split.178_196:OPTIMAL, wall time: 0.093747 s
INFO:gt864-forward-full-register-schedule.gt864_forward_one_bank_one_mul_b3_slothy_start.split.178_196:Booleans in result: 97
INFO:gt864-forward-full-register-schedule.gt864_forward_one_bank_one_mul_b3_slothy_start.split.178_196.selfcheck:OK!
INFO:gt864-forward-full-register-schedule.gt864_forward_one_bank_one_mul_b3_slothy_start.split.178_196:Minimum number of stalls: 18
INFO:gt864-forward-full-register-schedule.gt864_forward_one_bank_one_mul_b3_slothy_start.split:[  0- 11]: *************..... (13)
INFO:gt864-forward-full-register-schedule.gt864_forward_one_bank_one_mul_b3_slothy_start.split:[ 11- 23]: ***************... (15)
INFO:gt864-forward-full-register-schedule.gt864_forward_one_bank_one_mul_b3_slothy_start.split:[ 23- 35]: **************.... (14)
INFO:gt864-forward-full-register-schedule.gt864_forward_one_bank_one_mul_b3_slothy_start.split:[ 35- 47]: **************.... (14)
INFO:gt864-forward-full-register-schedule.gt864_forward_one_bank_one_mul_b3_slothy_start.split:[ 47- 59]: ************...... (12)
INFO:gt864-forward-full-register-schedule.gt864_forward_one_bank_one_mul_b3_slothy_start.split:[ 59- 71]: ************...... (12)
INFO:gt864-forward-full-register-schedule.gt864_forward_one_bank_one_mul_b3_slothy_start.split:[ 71- 83]: ***************... (15)
INFO:gt864-forward-full-register-schedule.gt864_forward_one_bank_one_mul_b3_slothy_start.split:[ 83- 94]: *************..... (13)
INFO:gt864-forward-full-register-schedule.gt864_forward_one_bank_one_mul_b3_slothy_start.split:[ 94-106]: ****************.. (16)
INFO:gt864-forward-full-register-schedule.gt864_forward_one_bank_one_mul_b3_slothy_start.split:[106-118]: ****************.. (16)
INFO:gt864-forward-full-register-schedule.gt864_forward_one_bank_one_mul_b3_slothy_start.split:[118-130]: ***************... (15)
INFO:gt864-forward-full-register-schedule.gt864_forward_one_bank_one_mul_b3_slothy_start.split:[130-142]: ****************.. (16)
INFO:gt864-forward-full-register-schedule.gt864_forward_one_bank_one_mul_b3_slothy_start.split:[142-154]: ***************... (15)
INFO:gt864-forward-full-register-schedule.gt864_forward_one_bank_one_mul_b3_slothy_start.split:[154-166]: ***************... (15)
INFO:gt864-forward-full-register-schedule.gt864_forward_one_bank_one_mul_b3_slothy_start.split:[166-177]: ***************... (15)
INFO:gt864-forward-full-register-schedule.gt864_forward_one_bank_one_mul_b3_slothy_start.split:[177-189]: ***************... (15)
INFO:gt864-forward-full-register-schedule.gt864_forward_one_bank_one_mul_b3_slothy_start.split:[189-201]: **************.... (14)
INFO:gt864-forward-full-register-schedule.gt864_forward_one_bank_one_mul_b3_slothy_start.split:[201-213]: **************.... (14)
INFO:gt864-forward-full-register-schedule.gt864_forward_one_bank_one_mul_b3_slothy_start.split:[213-225]: **************.... (14)
INFO:gt864-forward-full-register-schedule.gt864_forward_one_bank_one_mul_b3_slothy_start.split:[225-237]: **************.... (14)
INFO:gt864-forward-full-register-schedule.gt864_forward_one_bank_one_mul_b3_slothy_start.split:[237-249]: **************.... (14)
INFO:gt864-forward-full-register-schedule.gt864_forward_one_bank_one_mul_b3_slothy_start.split:[249-260]: **************.... (14)
INFO:gt864-forward-full-register-schedule.gt864_forward_one_bank_one_mul_b3_slothy_start.split:[260-272]: **************.... (14)
INFO:gt864-forward-full-register-schedule.gt864_forward_one_bank_one_mul_b3_slothy_start.split:[272-284]: **************.... (14)
INFO:gt864-forward-full-register-schedule.gt864_forward_one_bank_one_mul_b3_slothy_start.split:[284-296]: *************..... (13)
INFO:gt864-forward-full-register-schedule.gt864_forward_one_bank_one_mul_b3_slothy_start.split:[296-308]: **********........ (10)
INFO:gt864-forward-full-register-schedule.gt864_forward_one_bank_one_mul_b3_slothy_start.split:[308-320]: *********......... (9)
INFO:gt864-forward-full-register-schedule.gt864_forward_one_bank_one_mul_b3_slothy_start.split:[320-332]: *********......... (9)
INFO:gt864-forward-full-register-schedule.gt864_forward_one_bank_one_mul_b3_slothy_start.split:[332-343]: **********........ (10)
INFO:gt864-forward-full-register-schedule.gt864_forward_one_bank_one_mul_b3_slothy_start.split:[343-355]: ************...... (12)
INFO:gt864-forward-full-register-schedule.gt864_forward_one_bank_one_mul_b3_slothy_start.split:[355-367]: **************.... (14)
INFO:gt864-forward-full-register-schedule.gt864_forward_one_bank_one_mul_b3_slothy_start.split:[367-379]: **************.... (14)
INFO:gt864-forward-full-register-schedule.gt864_forward_one_bank_one_mul_b3_slothy_start.split:[379-391]: ************...... (12)
INFO:gt864-forward-full-register-schedule.gt864_forward_one_bank_one_mul_b3_slothy_start.split:[391-403]: **********........ (10)
INFO:gt864-forward-full-register-schedule.gt864_forward_one_bank_one_mul_b3_slothy_start.split:[403-415]: ***********....... (11)
INFO:gt864-forward-full-register-schedule.gt864_forward_one_bank_one_mul_b3_slothy_start.split:[415-426]: *************..... (13)
INFO:gt864-forward-full-register-schedule.gt864_forward_one_bank_one_mul_b3_slothy_start.split:[426-438]: **************.... (14)
INFO:gt864-forward-full-register-schedule.gt864_forward_one_bank_one_mul_b3_slothy_start.split:[438-450]: **************.... (14)
INFO:gt864-forward-full-register-schedule.gt864_forward_one_bank_one_mul_b3_slothy_start.split:[450-462]: **************.... (14)
INFO:gt864-forward-full-register-schedule.gt864_forward_one_bank_one_mul_b3_slothy_start.split:[462-474]: **************.... (14)
INFO:gt864-forward-full-register-schedule.gt864_forward_one_bank_one_mul_b3_slothy_start.split:[474-486]: **************.... (14)
INFO:gt864-forward-full-register-schedule.gt864_forward_one_bank_one_mul_b3_slothy_start.split:[486-498]: **************.... (14)
INFO:gt864-forward-full-register-schedule.gt864_forward_one_bank_one_mul_b3_slothy_start.split:[498-509]: *************..... (13)
INFO:gt864-forward-full-register-schedule.gt864_forward_one_bank_one_mul_b3_slothy_start.split:[509-521]: ************...... (12)
INFO:gt864-forward-full-register-schedule.gt864_forward_one_bank_one_mul_b3_slothy_start.split:[521-533]: ***********....... (11)
INFO:gt864-forward-full-register-schedule.gt864_forward_one_bank_one_mul_b3_slothy_start.split:[533-545]: *************..... (13)
INFO:gt864-forward-full-register-schedule.gt864_forward_one_bank_one_mul_b3_slothy_start.split:[545-557]: **************.... (14)
INFO:gt864-forward-full-register-schedule.gt864_forward_one_bank_one_mul_b3_slothy_start.split:[557-569]: **************.... (14)
INFO:gt864-forward-full-register-schedule.gt864_forward_one_bank_one_mul_b3_slothy_start.split:[569-581]: **************.... (14)
INFO:gt864-forward-full-register-schedule.gt864_forward_one_bank_one_mul_b3_slothy_start.split:[581-593]: ************...... (12)
INFO:gt864-forward-full-register-schedule.gt864_forward_one_bank_one_mul_b3_slothy_start.split.208_226:Perform internal binary search for minimal number of stalls...
INFO:gt864-forward-full-register-schedule.gt864_forward_one_bank_one_mul_b3_slothy_start.split.208_226:Attempt optimization with max 256 stalls...
INFO:gt864-forward-full-register-schedule.gt864_forward_one_bank_one_mul_b3_slothy_start.split.208_226:Setting timeout of 14400 seconds...
INFO:gt864-forward-full-register-schedule.gt864_forward_one_bank_one_mul_b3_slothy_start.split.208_226:Objective: minimize cycles
INFO:gt864-forward-full-register-schedule.gt864_forward_one_bank_one_mul_b3_slothy_start.split.208_226:Invoking external constraint solver (OR-Tools CP-SAT v9.15.6755) ...
INFO:gt864-forward-full-register-schedule.gt864_forward_one_bank_one_mul_b3_slothy_start.split.208_226:[0.0894s]: Found 1 solutions so far... objective (minimize cycles): currently  (Cycles ~ 23.0, IPC ~ 0.78), bound  (Cycles ~ 15.0, IPC ~ 1.20)
INFO:gt864-forward-full-register-schedule.gt864_forward_one_bank_one_mul_b3_slothy_start.split.208_226:OPTIMAL, wall time: 0.097594 s
INFO:gt864-forward-full-register-schedule.gt864_forward_one_bank_one_mul_b3_slothy_start.split.208_226:Booleans in result: 132
INFO:gt864-forward-full-register-schedule.gt864_forward_one_bank_one_mul_b3_slothy_start.split.208_226.selfcheck:OK!
INFO:gt864-forward-full-register-schedule.gt864_forward_one_bank_one_mul_b3_slothy_start.split.208_226:Minimum number of stalls: 18
INFO:gt864-forward-full-register-schedule.gt864_forward_one_bank_one_mul_b3_slothy_start.split:[  0- 11]: *************..... (13)
INFO:gt864-forward-full-register-schedule.gt864_forward_one_bank_one_mul_b3_slothy_start.split:[ 11- 23]: ***************... (15)
INFO:gt864-forward-full-register-schedule.gt864_forward_one_bank_one_mul_b3_slothy_start.split:[ 23- 35]: **************.... (14)
INFO:gt864-forward-full-register-schedule.gt864_forward_one_bank_one_mul_b3_slothy_start.split:[ 35- 47]: **************.... (14)
INFO:gt864-forward-full-register-schedule.gt864_forward_one_bank_one_mul_b3_slothy_start.split:[ 47- 59]: ************...... (12)
INFO:gt864-forward-full-register-schedule.gt864_forward_one_bank_one_mul_b3_slothy_start.split:[ 59- 71]: ************...... (12)
INFO:gt864-forward-full-register-schedule.gt864_forward_one_bank_one_mul_b3_slothy_start.split:[ 71- 83]: ***************... (15)
INFO:gt864-forward-full-register-schedule.gt864_forward_one_bank_one_mul_b3_slothy_start.split:[ 83- 94]: *************..... (13)
INFO:gt864-forward-full-register-schedule.gt864_forward_one_bank_one_mul_b3_slothy_start.split:[ 94-106]: ****************.. (16)
INFO:gt864-forward-full-register-schedule.gt864_forward_one_bank_one_mul_b3_slothy_start.split:[106-118]: ****************.. (16)
INFO:gt864-forward-full-register-schedule.gt864_forward_one_bank_one_mul_b3_slothy_start.split:[118-130]: ***************... (15)
INFO:gt864-forward-full-register-schedule.gt864_forward_one_bank_one_mul_b3_slothy_start.split:[130-142]: ****************.. (16)
INFO:gt864-forward-full-register-schedule.gt864_forward_one_bank_one_mul_b3_slothy_start.split:[142-154]: ***************... (15)
INFO:gt864-forward-full-register-schedule.gt864_forward_one_bank_one_mul_b3_slothy_start.split:[154-166]: ***************... (15)
INFO:gt864-forward-full-register-schedule.gt864_forward_one_bank_one_mul_b3_slothy_start.split:[166-177]: ***************... (15)
INFO:gt864-forward-full-register-schedule.gt864_forward_one_bank_one_mul_b3_slothy_start.split:[177-189]: ***************... (15)
INFO:gt864-forward-full-register-schedule.gt864_forward_one_bank_one_mul_b3_slothy_start.split:[189-201]: **************.... (14)
INFO:gt864-forward-full-register-schedule.gt864_forward_one_bank_one_mul_b3_slothy_start.split:[201-213]: *************..... (13)
INFO:gt864-forward-full-register-schedule.gt864_forward_one_bank_one_mul_b3_slothy_start.split:[213-225]: *************..... (13)
INFO:gt864-forward-full-register-schedule.gt864_forward_one_bank_one_mul_b3_slothy_start.split:[225-237]: *************..... (13)
INFO:gt864-forward-full-register-schedule.gt864_forward_one_bank_one_mul_b3_slothy_start.split:[237-249]: **************.... (14)
INFO:gt864-forward-full-register-schedule.gt864_forward_one_bank_one_mul_b3_slothy_start.split:[249-260]: **************.... (14)
INFO:gt864-forward-full-register-schedule.gt864_forward_one_bank_one_mul_b3_slothy_start.split:[260-272]: **************.... (14)
INFO:gt864-forward-full-register-schedule.gt864_forward_one_bank_one_mul_b3_slothy_start.split:[272-284]: **************.... (14)
INFO:gt864-forward-full-register-schedule.gt864_forward_one_bank_one_mul_b3_slothy_start.split:[284-296]: *************..... (13)
INFO:gt864-forward-full-register-schedule.gt864_forward_one_bank_one_mul_b3_slothy_start.split:[296-308]: **********........ (10)
INFO:gt864-forward-full-register-schedule.gt864_forward_one_bank_one_mul_b3_slothy_start.split:[308-320]: *********......... (9)
INFO:gt864-forward-full-register-schedule.gt864_forward_one_bank_one_mul_b3_slothy_start.split:[320-332]: *********......... (9)
INFO:gt864-forward-full-register-schedule.gt864_forward_one_bank_one_mul_b3_slothy_start.split:[332-343]: **********........ (10)
INFO:gt864-forward-full-register-schedule.gt864_forward_one_bank_one_mul_b3_slothy_start.split:[343-355]: ************...... (12)
INFO:gt864-forward-full-register-schedule.gt864_forward_one_bank_one_mul_b3_slothy_start.split:[355-367]: **************.... (14)
INFO:gt864-forward-full-register-schedule.gt864_forward_one_bank_one_mul_b3_slothy_start.split:[367-379]: **************.... (14)
INFO:gt864-forward-full-register-schedule.gt864_forward_one_bank_one_mul_b3_slothy_start.split:[379-391]: ************...... (12)
INFO:gt864-forward-full-register-schedule.gt864_forward_one_bank_one_mul_b3_slothy_start.split:[391-403]: **********........ (10)
INFO:gt864-forward-full-register-schedule.gt864_forward_one_bank_one_mul_b3_slothy_start.split:[403-415]: ***********....... (11)
INFO:gt864-forward-full-register-schedule.gt864_forward_one_bank_one_mul_b3_slothy_start.split:[415-426]: *************..... (13)
INFO:gt864-forward-full-register-schedule.gt864_forward_one_bank_one_mul_b3_slothy_start.split:[426-438]: **************.... (14)
INFO:gt864-forward-full-register-schedule.gt864_forward_one_bank_one_mul_b3_slothy_start.split:[438-450]: **************.... (14)
INFO:gt864-forward-full-register-schedule.gt864_forward_one_bank_one_mul_b3_slothy_start.split:[450-462]: **************.... (14)
INFO:gt864-forward-full-register-schedule.gt864_forward_one_bank_one_mul_b3_slothy_start.split:[462-474]: **************.... (14)
INFO:gt864-forward-full-register-schedule.gt864_forward_one_bank_one_mul_b3_slothy_start.split:[474-486]: **************.... (14)
INFO:gt864-forward-full-register-schedule.gt864_forward_one_bank_one_mul_b3_slothy_start.split:[486-498]: **************.... (14)
INFO:gt864-forward-full-register-schedule.gt864_forward_one_bank_one_mul_b3_slothy_start.split:[498-509]: *************..... (13)
INFO:gt864-forward-full-register-schedule.gt864_forward_one_bank_one_mul_b3_slothy_start.split:[509-521]: ************...... (12)
INFO:gt864-forward-full-register-schedule.gt864_forward_one_bank_one_mul_b3_slothy_start.split:[521-533]: ***********....... (11)
INFO:gt864-forward-full-register-schedule.gt864_forward_one_bank_one_mul_b3_slothy_start.split:[533-545]: *************..... (13)
INFO:gt864-forward-full-register-schedule.gt864_forward_one_bank_one_mul_b3_slothy_start.split:[545-557]: **************.... (14)
INFO:gt864-forward-full-register-schedule.gt864_forward_one_bank_one_mul_b3_slothy_start.split:[557-569]: **************.... (14)
INFO:gt864-forward-full-register-schedule.gt864_forward_one_bank_one_mul_b3_slothy_start.split:[569-581]: **************.... (14)
INFO:gt864-forward-full-register-schedule.gt864_forward_one_bank_one_mul_b3_slothy_start.split:[581-593]: ************...... (12)
INFO:gt864-forward-full-register-schedule.gt864_forward_one_bank_one_mul_b3_slothy_start.split.237_256:Perform internal binary search for minimal number of stalls...
INFO:gt864-forward-full-register-schedule.gt864_forward_one_bank_one_mul_b3_slothy_start.split.237_256:Attempt optimization with max 256 stalls...
INFO:gt864-forward-full-register-schedule.gt864_forward_one_bank_one_mul_b3_slothy_start.split.237_256:Setting timeout of 14400 seconds...
INFO:gt864-forward-full-register-schedule.gt864_forward_one_bank_one_mul_b3_slothy_start.split.237_256:Objective: minimize cycles
INFO:gt864-forward-full-register-schedule.gt864_forward_one_bank_one_mul_b3_slothy_start.split.237_256:Invoking external constraint solver (OR-Tools CP-SAT v9.15.6755) ...
INFO:gt864-forward-full-register-schedule.gt864_forward_one_bank_one_mul_b3_slothy_start.split.237_256:[0.0657s]: Found 1 solutions so far... objective (minimize cycles): currently  (Cycles ~ 25.0, IPC ~ 0.76), bound  (Cycles ~ 11.0, IPC ~ 1.73)
INFO:gt864-forward-full-register-schedule.gt864_forward_one_bank_one_mul_b3_slothy_start.split.237_256:[0.0707s]: Found 2 solutions so far... objective (minimize cycles): currently  (Cycles ~ 24.0, IPC ~ 0.79), bound  (Cycles ~ 17.0, IPC ~ 1.12)
INFO:gt864-forward-full-register-schedule.gt864_forward_one_bank_one_mul_b3_slothy_start.split.237_256:OPTIMAL, wall time: 0.081496 s
INFO:gt864-forward-full-register-schedule.gt864_forward_one_bank_one_mul_b3_slothy_start.split.237_256:Booleans in result: 109
INFO:gt864-forward-full-register-schedule.gt864_forward_one_bank_one_mul_b3_slothy_start.split.237_256.selfcheck:OK!
INFO:gt864-forward-full-register-schedule.gt864_forward_one_bank_one_mul_b3_slothy_start.split.237_256:Minimum number of stalls: 19
INFO:gt864-forward-full-register-schedule.gt864_forward_one_bank_one_mul_b3_slothy_start.split:[  0- 11]: *************..... (13)
INFO:gt864-forward-full-register-schedule.gt864_forward_one_bank_one_mul_b3_slothy_start.split:[ 11- 23]: ***************... (15)
INFO:gt864-forward-full-register-schedule.gt864_forward_one_bank_one_mul_b3_slothy_start.split:[ 23- 35]: **************.... (14)
INFO:gt864-forward-full-register-schedule.gt864_forward_one_bank_one_mul_b3_slothy_start.split:[ 35- 47]: **************.... (14)
INFO:gt864-forward-full-register-schedule.gt864_forward_one_bank_one_mul_b3_slothy_start.split:[ 47- 59]: ************...... (12)
INFO:gt864-forward-full-register-schedule.gt864_forward_one_bank_one_mul_b3_slothy_start.split:[ 59- 71]: ************...... (12)
INFO:gt864-forward-full-register-schedule.gt864_forward_one_bank_one_mul_b3_slothy_start.split:[ 71- 83]: ***************... (15)
INFO:gt864-forward-full-register-schedule.gt864_forward_one_bank_one_mul_b3_slothy_start.split:[ 83- 94]: *************..... (13)
INFO:gt864-forward-full-register-schedule.gt864_forward_one_bank_one_mul_b3_slothy_start.split:[ 94-106]: ****************.. (16)
INFO:gt864-forward-full-register-schedule.gt864_forward_one_bank_one_mul_b3_slothy_start.split:[106-118]: ****************.. (16)
INFO:gt864-forward-full-register-schedule.gt864_forward_one_bank_one_mul_b3_slothy_start.split:[118-130]: ***************... (15)
INFO:gt864-forward-full-register-schedule.gt864_forward_one_bank_one_mul_b3_slothy_start.split:[130-142]: ****************.. (16)
INFO:gt864-forward-full-register-schedule.gt864_forward_one_bank_one_mul_b3_slothy_start.split:[142-154]: ***************... (15)
INFO:gt864-forward-full-register-schedule.gt864_forward_one_bank_one_mul_b3_slothy_start.split:[154-166]: ***************... (15)
INFO:gt864-forward-full-register-schedule.gt864_forward_one_bank_one_mul_b3_slothy_start.split:[166-177]: ***************... (15)
INFO:gt864-forward-full-register-schedule.gt864_forward_one_bank_one_mul_b3_slothy_start.split:[177-189]: ***************... (15)
INFO:gt864-forward-full-register-schedule.gt864_forward_one_bank_one_mul_b3_slothy_start.split:[189-201]: **************.... (14)
INFO:gt864-forward-full-register-schedule.gt864_forward_one_bank_one_mul_b3_slothy_start.split:[201-213]: *************..... (13)
INFO:gt864-forward-full-register-schedule.gt864_forward_one_bank_one_mul_b3_slothy_start.split:[213-225]: *************..... (13)
INFO:gt864-forward-full-register-schedule.gt864_forward_one_bank_one_mul_b3_slothy_start.split:[225-237]: *************..... (13)
INFO:gt864-forward-full-register-schedule.gt864_forward_one_bank_one_mul_b3_slothy_start.split:[237-249]: **************.... (14)
INFO:gt864-forward-full-register-schedule.gt864_forward_one_bank_one_mul_b3_slothy_start.split:[249-260]: **************.... (14)
INFO:gt864-forward-full-register-schedule.gt864_forward_one_bank_one_mul_b3_slothy_start.split:[260-272]: **************.... (14)
INFO:gt864-forward-full-register-schedule.gt864_forward_one_bank_one_mul_b3_slothy_start.split:[272-284]: **************.... (14)
INFO:gt864-forward-full-register-schedule.gt864_forward_one_bank_one_mul_b3_slothy_start.split:[284-296]: *************..... (13)
INFO:gt864-forward-full-register-schedule.gt864_forward_one_bank_one_mul_b3_slothy_start.split:[296-308]: **********........ (10)
INFO:gt864-forward-full-register-schedule.gt864_forward_one_bank_one_mul_b3_slothy_start.split:[308-320]: *********......... (9)
INFO:gt864-forward-full-register-schedule.gt864_forward_one_bank_one_mul_b3_slothy_start.split:[320-332]: *********......... (9)
INFO:gt864-forward-full-register-schedule.gt864_forward_one_bank_one_mul_b3_slothy_start.split:[332-343]: **********........ (10)
INFO:gt864-forward-full-register-schedule.gt864_forward_one_bank_one_mul_b3_slothy_start.split:[343-355]: ************...... (12)
INFO:gt864-forward-full-register-schedule.gt864_forward_one_bank_one_mul_b3_slothy_start.split:[355-367]: **************.... (14)
INFO:gt864-forward-full-register-schedule.gt864_forward_one_bank_one_mul_b3_slothy_start.split:[367-379]: **************.... (14)
INFO:gt864-forward-full-register-schedule.gt864_forward_one_bank_one_mul_b3_slothy_start.split:[379-391]: ************...... (12)
INFO:gt864-forward-full-register-schedule.gt864_forward_one_bank_one_mul_b3_slothy_start.split:[391-403]: **********........ (10)
INFO:gt864-forward-full-register-schedule.gt864_forward_one_bank_one_mul_b3_slothy_start.split:[403-415]: ***********....... (11)
INFO:gt864-forward-full-register-schedule.gt864_forward_one_bank_one_mul_b3_slothy_start.split:[415-426]: *************..... (13)
INFO:gt864-forward-full-register-schedule.gt864_forward_one_bank_one_mul_b3_slothy_start.split:[426-438]: **************.... (14)
INFO:gt864-forward-full-register-schedule.gt864_forward_one_bank_one_mul_b3_slothy_start.split:[438-450]: **************.... (14)
INFO:gt864-forward-full-register-schedule.gt864_forward_one_bank_one_mul_b3_slothy_start.split:[450-462]: **************.... (14)
INFO:gt864-forward-full-register-schedule.gt864_forward_one_bank_one_mul_b3_slothy_start.split:[462-474]: **************.... (14)
INFO:gt864-forward-full-register-schedule.gt864_forward_one_bank_one_mul_b3_slothy_start.split:[474-486]: **************.... (14)
INFO:gt864-forward-full-register-schedule.gt864_forward_one_bank_one_mul_b3_slothy_start.split:[486-498]: **************.... (14)
INFO:gt864-forward-full-register-schedule.gt864_forward_one_bank_one_mul_b3_slothy_start.split:[498-509]: *************..... (13)
INFO:gt864-forward-full-register-schedule.gt864_forward_one_bank_one_mul_b3_slothy_start.split:[509-521]: ************...... (12)
INFO:gt864-forward-full-register-schedule.gt864_forward_one_bank_one_mul_b3_slothy_start.split:[521-533]: ***********....... (11)
INFO:gt864-forward-full-register-schedule.gt864_forward_one_bank_one_mul_b3_slothy_start.split:[533-545]: *************..... (13)
INFO:gt864-forward-full-register-schedule.gt864_forward_one_bank_one_mul_b3_slothy_start.split:[545-557]: **************.... (14)
INFO:gt864-forward-full-register-schedule.gt864_forward_one_bank_one_mul_b3_slothy_start.split:[557-569]: **************.... (14)
INFO:gt864-forward-full-register-schedule.gt864_forward_one_bank_one_mul_b3_slothy_start.split:[569-581]: **************.... (14)
INFO:gt864-forward-full-register-schedule.gt864_forward_one_bank_one_mul_b3_slothy_start.split:[581-593]: ************...... (12)
INFO:gt864-forward-full-register-schedule.gt864_forward_one_bank_one_mul_b3_slothy_start.split.267_285:Perform internal binary search for minimal number of stalls...
INFO:gt864-forward-full-register-schedule.gt864_forward_one_bank_one_mul_b3_slothy_start.split.267_285:Attempt optimization with max 256 stalls...
INFO:gt864-forward-full-register-schedule.gt864_forward_one_bank_one_mul_b3_slothy_start.split.267_285:Setting timeout of 14400 seconds...
INFO:gt864-forward-full-register-schedule.gt864_forward_one_bank_one_mul_b3_slothy_start.split.267_285:Objective: minimize cycles
INFO:gt864-forward-full-register-schedule.gt864_forward_one_bank_one_mul_b3_slothy_start.split.267_285:Invoking external constraint solver (OR-Tools CP-SAT v9.15.6755) ...
INFO:gt864-forward-full-register-schedule.gt864_forward_one_bank_one_mul_b3_slothy_start.split.267_285:[0.0758s]: Found 1 solutions so far... objective (minimize cycles): currently  (Cycles ~ 29.0, IPC ~ 0.62), bound  (Cycles ~ 15.0, IPC ~ 1.20)
INFO:gt864-forward-full-register-schedule.gt864_forward_one_bank_one_mul_b3_slothy_start.split.267_285:[0.0765s]: Found 2 solutions so far... objective (minimize cycles): currently  (Cycles ~ 27.0, IPC ~ 0.67), bound  (Cycles ~ 15.0, IPC ~ 1.20)
INFO:gt864-forward-full-register-schedule.gt864_forward_one_bank_one_mul_b3_slothy_start.split.267_285:[0.0833s]: Found 3 solutions so far... objective (minimize cycles): currently  (Cycles ~ 22.0, IPC ~ 0.82), bound  (Cycles ~ 16.0, IPC ~ 1.12)
INFO:gt864-forward-full-register-schedule.gt864_forward_one_bank_one_mul_b3_slothy_start.split.267_285:OPTIMAL, wall time: 0.094014 s
INFO:gt864-forward-full-register-schedule.gt864_forward_one_bank_one_mul_b3_slothy_start.split.267_285:Booleans in result: 98
INFO:gt864-forward-full-register-schedule.gt864_forward_one_bank_one_mul_b3_slothy_start.split.267_285.selfcheck:OK!
INFO:gt864-forward-full-register-schedule.gt864_forward_one_bank_one_mul_b3_slothy_start.split.267_285:Minimum number of stalls: 17
INFO:gt864-forward-full-register-schedule.gt864_forward_one_bank_one_mul_b3_slothy_start.split:[  0- 11]: *************..... (13)
INFO:gt864-forward-full-register-schedule.gt864_forward_one_bank_one_mul_b3_slothy_start.split:[ 11- 23]: ***************... (15)
INFO:gt864-forward-full-register-schedule.gt864_forward_one_bank_one_mul_b3_slothy_start.split:[ 23- 35]: **************.... (14)
INFO:gt864-forward-full-register-schedule.gt864_forward_one_bank_one_mul_b3_slothy_start.split:[ 35- 47]: **************.... (14)
INFO:gt864-forward-full-register-schedule.gt864_forward_one_bank_one_mul_b3_slothy_start.split:[ 47- 59]: ************...... (12)
INFO:gt864-forward-full-register-schedule.gt864_forward_one_bank_one_mul_b3_slothy_start.split:[ 59- 71]: ************...... (12)
INFO:gt864-forward-full-register-schedule.gt864_forward_one_bank_one_mul_b3_slothy_start.split:[ 71- 83]: ***************... (15)
INFO:gt864-forward-full-register-schedule.gt864_forward_one_bank_one_mul_b3_slothy_start.split:[ 83- 94]: *************..... (13)
INFO:gt864-forward-full-register-schedule.gt864_forward_one_bank_one_mul_b3_slothy_start.split:[ 94-106]: ****************.. (16)
INFO:gt864-forward-full-register-schedule.gt864_forward_one_bank_one_mul_b3_slothy_start.split:[106-118]: ****************.. (16)
INFO:gt864-forward-full-register-schedule.gt864_forward_one_bank_one_mul_b3_slothy_start.split:[118-130]: ***************... (15)
INFO:gt864-forward-full-register-schedule.gt864_forward_one_bank_one_mul_b3_slothy_start.split:[130-142]: ****************.. (16)
INFO:gt864-forward-full-register-schedule.gt864_forward_one_bank_one_mul_b3_slothy_start.split:[142-154]: ***************... (15)
INFO:gt864-forward-full-register-schedule.gt864_forward_one_bank_one_mul_b3_slothy_start.split:[154-166]: ***************... (15)
INFO:gt864-forward-full-register-schedule.gt864_forward_one_bank_one_mul_b3_slothy_start.split:[166-177]: ***************... (15)
INFO:gt864-forward-full-register-schedule.gt864_forward_one_bank_one_mul_b3_slothy_start.split:[177-189]: ***************... (15)
INFO:gt864-forward-full-register-schedule.gt864_forward_one_bank_one_mul_b3_slothy_start.split:[189-201]: **************.... (14)
INFO:gt864-forward-full-register-schedule.gt864_forward_one_bank_one_mul_b3_slothy_start.split:[201-213]: *************..... (13)
INFO:gt864-forward-full-register-schedule.gt864_forward_one_bank_one_mul_b3_slothy_start.split:[213-225]: *************..... (13)
INFO:gt864-forward-full-register-schedule.gt864_forward_one_bank_one_mul_b3_slothy_start.split:[225-237]: *************..... (13)
INFO:gt864-forward-full-register-schedule.gt864_forward_one_bank_one_mul_b3_slothy_start.split:[237-249]: **************.... (14)
INFO:gt864-forward-full-register-schedule.gt864_forward_one_bank_one_mul_b3_slothy_start.split:[249-260]: **************.... (14)
INFO:gt864-forward-full-register-schedule.gt864_forward_one_bank_one_mul_b3_slothy_start.split:[260-272]: **************.... (14)
INFO:gt864-forward-full-register-schedule.gt864_forward_one_bank_one_mul_b3_slothy_start.split:[272-284]: **************.... (14)
INFO:gt864-forward-full-register-schedule.gt864_forward_one_bank_one_mul_b3_slothy_start.split:[284-296]: **************.... (14)
INFO:gt864-forward-full-register-schedule.gt864_forward_one_bank_one_mul_b3_slothy_start.split:[296-308]: **********........ (10)
INFO:gt864-forward-full-register-schedule.gt864_forward_one_bank_one_mul_b3_slothy_start.split:[308-320]: *********......... (9)
INFO:gt864-forward-full-register-schedule.gt864_forward_one_bank_one_mul_b3_slothy_start.split:[320-332]: *********......... (9)
INFO:gt864-forward-full-register-schedule.gt864_forward_one_bank_one_mul_b3_slothy_start.split:[332-343]: **********........ (10)
INFO:gt864-forward-full-register-schedule.gt864_forward_one_bank_one_mul_b3_slothy_start.split:[343-355]: ************...... (12)
INFO:gt864-forward-full-register-schedule.gt864_forward_one_bank_one_mul_b3_slothy_start.split:[355-367]: **************.... (14)
INFO:gt864-forward-full-register-schedule.gt864_forward_one_bank_one_mul_b3_slothy_start.split:[367-379]: **************.... (14)
INFO:gt864-forward-full-register-schedule.gt864_forward_one_bank_one_mul_b3_slothy_start.split:[379-391]: ************...... (12)
INFO:gt864-forward-full-register-schedule.gt864_forward_one_bank_one_mul_b3_slothy_start.split:[391-403]: **********........ (10)
INFO:gt864-forward-full-register-schedule.gt864_forward_one_bank_one_mul_b3_slothy_start.split:[403-415]: ***********....... (11)
INFO:gt864-forward-full-register-schedule.gt864_forward_one_bank_one_mul_b3_slothy_start.split:[415-426]: *************..... (13)
INFO:gt864-forward-full-register-schedule.gt864_forward_one_bank_one_mul_b3_slothy_start.split:[426-438]: **************.... (14)
INFO:gt864-forward-full-register-schedule.gt864_forward_one_bank_one_mul_b3_slothy_start.split:[438-450]: **************.... (14)
INFO:gt864-forward-full-register-schedule.gt864_forward_one_bank_one_mul_b3_slothy_start.split:[450-462]: **************.... (14)
INFO:gt864-forward-full-register-schedule.gt864_forward_one_bank_one_mul_b3_slothy_start.split:[462-474]: **************.... (14)
INFO:gt864-forward-full-register-schedule.gt864_forward_one_bank_one_mul_b3_slothy_start.split:[474-486]: **************.... (14)
INFO:gt864-forward-full-register-schedule.gt864_forward_one_bank_one_mul_b3_slothy_start.split:[486-498]: **************.... (14)
INFO:gt864-forward-full-register-schedule.gt864_forward_one_bank_one_mul_b3_slothy_start.split:[498-509]: *************..... (13)
INFO:gt864-forward-full-register-schedule.gt864_forward_one_bank_one_mul_b3_slothy_start.split:[509-521]: ************...... (12)
INFO:gt864-forward-full-register-schedule.gt864_forward_one_bank_one_mul_b3_slothy_start.split:[521-533]: ***********....... (11)
INFO:gt864-forward-full-register-schedule.gt864_forward_one_bank_one_mul_b3_slothy_start.split:[533-545]: *************..... (13)
INFO:gt864-forward-full-register-schedule.gt864_forward_one_bank_one_mul_b3_slothy_start.split:[545-557]: **************.... (14)
INFO:gt864-forward-full-register-schedule.gt864_forward_one_bank_one_mul_b3_slothy_start.split:[557-569]: **************.... (14)
INFO:gt864-forward-full-register-schedule.gt864_forward_one_bank_one_mul_b3_slothy_start.split:[569-581]: **************.... (14)
INFO:gt864-forward-full-register-schedule.gt864_forward_one_bank_one_mul_b3_slothy_start.split:[581-593]: ************...... (12)
INFO:gt864-forward-full-register-schedule.gt864_forward_one_bank_one_mul_b3_slothy_start.split.296_315:Perform internal binary search for minimal number of stalls...
INFO:gt864-forward-full-register-schedule.gt864_forward_one_bank_one_mul_b3_slothy_start.split.296_315:Attempt optimization with max 256 stalls...
INFO:gt864-forward-full-register-schedule.gt864_forward_one_bank_one_mul_b3_slothy_start.split.296_315:Setting timeout of 14400 seconds...
INFO:gt864-forward-full-register-schedule.gt864_forward_one_bank_one_mul_b3_slothy_start.split.296_315:Objective: minimize cycles
INFO:gt864-forward-full-register-schedule.gt864_forward_one_bank_one_mul_b3_slothy_start.split.296_315:Invoking external constraint solver (OR-Tools CP-SAT v9.15.6755) ...
INFO:gt864-forward-full-register-schedule.gt864_forward_one_bank_one_mul_b3_slothy_start.split.296_315:[0.1727s]: Found 1 solutions so far... objective (minimize cycles): currently  (Cycles ~ 10.0, IPC ~ 1.90), bound  (Cycles ~ 5.0, IPC ~ 3.80)
INFO:gt864-forward-full-register-schedule.gt864_forward_one_bank_one_mul_b3_slothy_start.split.296_315:OPTIMAL, wall time: 0.198166 s
INFO:gt864-forward-full-register-schedule.gt864_forward_one_bank_one_mul_b3_slothy_start.split.296_315:Booleans in result: 209
INFO:gt864-forward-full-register-schedule.gt864_forward_one_bank_one_mul_b3_slothy_start.split.296_315.selfcheck:OK!
INFO:gt864-forward-full-register-schedule.gt864_forward_one_bank_one_mul_b3_slothy_start.split.296_315:Minimum number of stalls: 5
INFO:gt864-forward-full-register-schedule.gt864_forward_one_bank_one_mul_b3_slothy_start.split:[  0- 11]: *************..... (13)
INFO:gt864-forward-full-register-schedule.gt864_forward_one_bank_one_mul_b3_slothy_start.split:[ 11- 23]: ***************... (15)
INFO:gt864-forward-full-register-schedule.gt864_forward_one_bank_one_mul_b3_slothy_start.split:[ 23- 35]: **************.... (14)
INFO:gt864-forward-full-register-schedule.gt864_forward_one_bank_one_mul_b3_slothy_start.split:[ 35- 47]: **************.... (14)
INFO:gt864-forward-full-register-schedule.gt864_forward_one_bank_one_mul_b3_slothy_start.split:[ 47- 59]: ************...... (12)
INFO:gt864-forward-full-register-schedule.gt864_forward_one_bank_one_mul_b3_slothy_start.split:[ 59- 71]: ************...... (12)
INFO:gt864-forward-full-register-schedule.gt864_forward_one_bank_one_mul_b3_slothy_start.split:[ 71- 83]: ***************... (15)
INFO:gt864-forward-full-register-schedule.gt864_forward_one_bank_one_mul_b3_slothy_start.split:[ 83- 94]: *************..... (13)
INFO:gt864-forward-full-register-schedule.gt864_forward_one_bank_one_mul_b3_slothy_start.split:[ 94-106]: ****************.. (16)
INFO:gt864-forward-full-register-schedule.gt864_forward_one_bank_one_mul_b3_slothy_start.split:[106-118]: ****************.. (16)
INFO:gt864-forward-full-register-schedule.gt864_forward_one_bank_one_mul_b3_slothy_start.split:[118-130]: ***************... (15)
INFO:gt864-forward-full-register-schedule.gt864_forward_one_bank_one_mul_b3_slothy_start.split:[130-142]: ****************.. (16)
INFO:gt864-forward-full-register-schedule.gt864_forward_one_bank_one_mul_b3_slothy_start.split:[142-154]: ***************... (15)
INFO:gt864-forward-full-register-schedule.gt864_forward_one_bank_one_mul_b3_slothy_start.split:[154-166]: ***************... (15)
INFO:gt864-forward-full-register-schedule.gt864_forward_one_bank_one_mul_b3_slothy_start.split:[166-177]: ***************... (15)
INFO:gt864-forward-full-register-schedule.gt864_forward_one_bank_one_mul_b3_slothy_start.split:[177-189]: ***************... (15)
INFO:gt864-forward-full-register-schedule.gt864_forward_one_bank_one_mul_b3_slothy_start.split:[189-201]: **************.... (14)
INFO:gt864-forward-full-register-schedule.gt864_forward_one_bank_one_mul_b3_slothy_start.split:[201-213]: *************..... (13)
INFO:gt864-forward-full-register-schedule.gt864_forward_one_bank_one_mul_b3_slothy_start.split:[213-225]: *************..... (13)
INFO:gt864-forward-full-register-schedule.gt864_forward_one_bank_one_mul_b3_slothy_start.split:[225-237]: *************..... (13)
INFO:gt864-forward-full-register-schedule.gt864_forward_one_bank_one_mul_b3_slothy_start.split:[237-249]: **************.... (14)
INFO:gt864-forward-full-register-schedule.gt864_forward_one_bank_one_mul_b3_slothy_start.split:[249-260]: **************.... (14)
INFO:gt864-forward-full-register-schedule.gt864_forward_one_bank_one_mul_b3_slothy_start.split:[260-272]: **************.... (14)
INFO:gt864-forward-full-register-schedule.gt864_forward_one_bank_one_mul_b3_slothy_start.split:[272-284]: **************.... (14)
INFO:gt864-forward-full-register-schedule.gt864_forward_one_bank_one_mul_b3_slothy_start.split:[284-296]: **************.... (14)
INFO:gt864-forward-full-register-schedule.gt864_forward_one_bank_one_mul_b3_slothy_start.split:[296-308]: **********........ (10)
INFO:gt864-forward-full-register-schedule.gt864_forward_one_bank_one_mul_b3_slothy_start.split:[308-320]: *********......... (9)
INFO:gt864-forward-full-register-schedule.gt864_forward_one_bank_one_mul_b3_slothy_start.split:[320-332]: *********......... (9)
INFO:gt864-forward-full-register-schedule.gt864_forward_one_bank_one_mul_b3_slothy_start.split:[332-343]: **********........ (10)
INFO:gt864-forward-full-register-schedule.gt864_forward_one_bank_one_mul_b3_slothy_start.split:[343-355]: ************...... (12)
INFO:gt864-forward-full-register-schedule.gt864_forward_one_bank_one_mul_b3_slothy_start.split:[355-367]: **************.... (14)
INFO:gt864-forward-full-register-schedule.gt864_forward_one_bank_one_mul_b3_slothy_start.split:[367-379]: **************.... (14)
INFO:gt864-forward-full-register-schedule.gt864_forward_one_bank_one_mul_b3_slothy_start.split:[379-391]: ************...... (12)
INFO:gt864-forward-full-register-schedule.gt864_forward_one_bank_one_mul_b3_slothy_start.split:[391-403]: **********........ (10)
INFO:gt864-forward-full-register-schedule.gt864_forward_one_bank_one_mul_b3_slothy_start.split:[403-415]: ***********....... (11)
INFO:gt864-forward-full-register-schedule.gt864_forward_one_bank_one_mul_b3_slothy_start.split:[415-426]: *************..... (13)
INFO:gt864-forward-full-register-schedule.gt864_forward_one_bank_one_mul_b3_slothy_start.split:[426-438]: **************.... (14)
INFO:gt864-forward-full-register-schedule.gt864_forward_one_bank_one_mul_b3_slothy_start.split:[438-450]: **************.... (14)
INFO:gt864-forward-full-register-schedule.gt864_forward_one_bank_one_mul_b3_slothy_start.split:[450-462]: **************.... (14)
INFO:gt864-forward-full-register-schedule.gt864_forward_one_bank_one_mul_b3_slothy_start.split:[462-474]: **************.... (14)
INFO:gt864-forward-full-register-schedule.gt864_forward_one_bank_one_mul_b3_slothy_start.split:[474-486]: **************.... (14)
INFO:gt864-forward-full-register-schedule.gt864_forward_one_bank_one_mul_b3_slothy_start.split:[486-498]: **************.... (14)
INFO:gt864-forward-full-register-schedule.gt864_forward_one_bank_one_mul_b3_slothy_start.split:[498-509]: *************..... (13)
INFO:gt864-forward-full-register-schedule.gt864_forward_one_bank_one_mul_b3_slothy_start.split:[509-521]: ************...... (12)
INFO:gt864-forward-full-register-schedule.gt864_forward_one_bank_one_mul_b3_slothy_start.split:[521-533]: ***********....... (11)
INFO:gt864-forward-full-register-schedule.gt864_forward_one_bank_one_mul_b3_slothy_start.split:[533-545]: *************..... (13)
INFO:gt864-forward-full-register-schedule.gt864_forward_one_bank_one_mul_b3_slothy_start.split:[545-557]: **************.... (14)
INFO:gt864-forward-full-register-schedule.gt864_forward_one_bank_one_mul_b3_slothy_start.split:[557-569]: **************.... (14)
INFO:gt864-forward-full-register-schedule.gt864_forward_one_bank_one_mul_b3_slothy_start.split:[569-581]: **************.... (14)
INFO:gt864-forward-full-register-schedule.gt864_forward_one_bank_one_mul_b3_slothy_start.split:[581-593]: ************...... (12)
INFO:gt864-forward-full-register-schedule.gt864_forward_one_bank_one_mul_b3_slothy_start.split.326_345:Perform internal binary search for minimal number of stalls...
INFO:gt864-forward-full-register-schedule.gt864_forward_one_bank_one_mul_b3_slothy_start.split.326_345:Attempt optimization with max 256 stalls...
INFO:gt864-forward-full-register-schedule.gt864_forward_one_bank_one_mul_b3_slothy_start.split.326_345:Setting timeout of 14400 seconds...
INFO:gt864-forward-full-register-schedule.gt864_forward_one_bank_one_mul_b3_slothy_start.split.326_345:Objective: minimize cycles
INFO:gt864-forward-full-register-schedule.gt864_forward_one_bank_one_mul_b3_slothy_start.split.326_345:Invoking external constraint solver (OR-Tools CP-SAT v9.15.6755) ...
INFO:gt864-forward-full-register-schedule.gt864_forward_one_bank_one_mul_b3_slothy_start.split.326_345:[0.2082s]: Found 1 solutions so far... objective (minimize cycles): currently  (Cycles ~ 10.0, IPC ~ 1.90), bound  (Cycles ~ 5.0, IPC ~ 3.80)
INFO:gt864-forward-full-register-schedule.gt864_forward_one_bank_one_mul_b3_slothy_start.split.326_345:OPTIMAL, wall time: 0.234311 s
INFO:gt864-forward-full-register-schedule.gt864_forward_one_bank_one_mul_b3_slothy_start.split.326_345:Booleans in result: 211
INFO:gt864-forward-full-register-schedule.gt864_forward_one_bank_one_mul_b3_slothy_start.split.326_345.selfcheck:OK!
INFO:gt864-forward-full-register-schedule.gt864_forward_one_bank_one_mul_b3_slothy_start.split.326_345:Minimum number of stalls: 5
INFO:gt864-forward-full-register-schedule.gt864_forward_one_bank_one_mul_b3_slothy_start.split:[  0- 11]: *************..... (13)
INFO:gt864-forward-full-register-schedule.gt864_forward_one_bank_one_mul_b3_slothy_start.split:[ 11- 23]: ***************... (15)
INFO:gt864-forward-full-register-schedule.gt864_forward_one_bank_one_mul_b3_slothy_start.split:[ 23- 35]: **************.... (14)
INFO:gt864-forward-full-register-schedule.gt864_forward_one_bank_one_mul_b3_slothy_start.split:[ 35- 47]: **************.... (14)
INFO:gt864-forward-full-register-schedule.gt864_forward_one_bank_one_mul_b3_slothy_start.split:[ 47- 59]: ************...... (12)
INFO:gt864-forward-full-register-schedule.gt864_forward_one_bank_one_mul_b3_slothy_start.split:[ 59- 71]: ************...... (12)
INFO:gt864-forward-full-register-schedule.gt864_forward_one_bank_one_mul_b3_slothy_start.split:[ 71- 83]: ***************... (15)
INFO:gt864-forward-full-register-schedule.gt864_forward_one_bank_one_mul_b3_slothy_start.split:[ 83- 94]: *************..... (13)
INFO:gt864-forward-full-register-schedule.gt864_forward_one_bank_one_mul_b3_slothy_start.split:[ 94-106]: ****************.. (16)
INFO:gt864-forward-full-register-schedule.gt864_forward_one_bank_one_mul_b3_slothy_start.split:[106-118]: ****************.. (16)
INFO:gt864-forward-full-register-schedule.gt864_forward_one_bank_one_mul_b3_slothy_start.split:[118-130]: ***************... (15)
INFO:gt864-forward-full-register-schedule.gt864_forward_one_bank_one_mul_b3_slothy_start.split:[130-142]: ****************.. (16)
INFO:gt864-forward-full-register-schedule.gt864_forward_one_bank_one_mul_b3_slothy_start.split:[142-154]: ***************... (15)
INFO:gt864-forward-full-register-schedule.gt864_forward_one_bank_one_mul_b3_slothy_start.split:[154-166]: ***************... (15)
INFO:gt864-forward-full-register-schedule.gt864_forward_one_bank_one_mul_b3_slothy_start.split:[166-177]: ***************... (15)
INFO:gt864-forward-full-register-schedule.gt864_forward_one_bank_one_mul_b3_slothy_start.split:[177-189]: ***************... (15)
INFO:gt864-forward-full-register-schedule.gt864_forward_one_bank_one_mul_b3_slothy_start.split:[189-201]: **************.... (14)
INFO:gt864-forward-full-register-schedule.gt864_forward_one_bank_one_mul_b3_slothy_start.split:[201-213]: *************..... (13)
INFO:gt864-forward-full-register-schedule.gt864_forward_one_bank_one_mul_b3_slothy_start.split:[213-225]: *************..... (13)
INFO:gt864-forward-full-register-schedule.gt864_forward_one_bank_one_mul_b3_slothy_start.split:[225-237]: *************..... (13)
INFO:gt864-forward-full-register-schedule.gt864_forward_one_bank_one_mul_b3_slothy_start.split:[237-249]: **************.... (14)
INFO:gt864-forward-full-register-schedule.gt864_forward_one_bank_one_mul_b3_slothy_start.split:[249-260]: **************.... (14)
INFO:gt864-forward-full-register-schedule.gt864_forward_one_bank_one_mul_b3_slothy_start.split:[260-272]: **************.... (14)
INFO:gt864-forward-full-register-schedule.gt864_forward_one_bank_one_mul_b3_slothy_start.split:[272-284]: **************.... (14)
INFO:gt864-forward-full-register-schedule.gt864_forward_one_bank_one_mul_b3_slothy_start.split:[284-296]: **************.... (14)
INFO:gt864-forward-full-register-schedule.gt864_forward_one_bank_one_mul_b3_slothy_start.split:[296-308]: **********........ (10)
INFO:gt864-forward-full-register-schedule.gt864_forward_one_bank_one_mul_b3_slothy_start.split:[308-320]: *********......... (9)
INFO:gt864-forward-full-register-schedule.gt864_forward_one_bank_one_mul_b3_slothy_start.split:[320-332]: ********.......... (8)
INFO:gt864-forward-full-register-schedule.gt864_forward_one_bank_one_mul_b3_slothy_start.split:[332-343]: **********........ (10)
INFO:gt864-forward-full-register-schedule.gt864_forward_one_bank_one_mul_b3_slothy_start.split:[343-355]: *************..... (13)
INFO:gt864-forward-full-register-schedule.gt864_forward_one_bank_one_mul_b3_slothy_start.split:[355-367]: **************.... (14)
INFO:gt864-forward-full-register-schedule.gt864_forward_one_bank_one_mul_b3_slothy_start.split:[367-379]: **************.... (14)
INFO:gt864-forward-full-register-schedule.gt864_forward_one_bank_one_mul_b3_slothy_start.split:[379-391]: ************...... (12)
INFO:gt864-forward-full-register-schedule.gt864_forward_one_bank_one_mul_b3_slothy_start.split:[391-403]: **********........ (10)
INFO:gt864-forward-full-register-schedule.gt864_forward_one_bank_one_mul_b3_slothy_start.split:[403-415]: ***********....... (11)
INFO:gt864-forward-full-register-schedule.gt864_forward_one_bank_one_mul_b3_slothy_start.split:[415-426]: *************..... (13)
INFO:gt864-forward-full-register-schedule.gt864_forward_one_bank_one_mul_b3_slothy_start.split:[426-438]: **************.... (14)
INFO:gt864-forward-full-register-schedule.gt864_forward_one_bank_one_mul_b3_slothy_start.split:[438-450]: **************.... (14)
INFO:gt864-forward-full-register-schedule.gt864_forward_one_bank_one_mul_b3_slothy_start.split:[450-462]: **************.... (14)
INFO:gt864-forward-full-register-schedule.gt864_forward_one_bank_one_mul_b3_slothy_start.split:[462-474]: **************.... (14)
INFO:gt864-forward-full-register-schedule.gt864_forward_one_bank_one_mul_b3_slothy_start.split:[474-486]: **************.... (14)
INFO:gt864-forward-full-register-schedule.gt864_forward_one_bank_one_mul_b3_slothy_start.split:[486-498]: **************.... (14)
INFO:gt864-forward-full-register-schedule.gt864_forward_one_bank_one_mul_b3_slothy_start.split:[498-509]: *************..... (13)
INFO:gt864-forward-full-register-schedule.gt864_forward_one_bank_one_mul_b3_slothy_start.split:[509-521]: ************...... (12)
INFO:gt864-forward-full-register-schedule.gt864_forward_one_bank_one_mul_b3_slothy_start.split:[521-533]: ***********....... (11)
INFO:gt864-forward-full-register-schedule.gt864_forward_one_bank_one_mul_b3_slothy_start.split:[533-545]: *************..... (13)
INFO:gt864-forward-full-register-schedule.gt864_forward_one_bank_one_mul_b3_slothy_start.split:[545-557]: **************.... (14)
INFO:gt864-forward-full-register-schedule.gt864_forward_one_bank_one_mul_b3_slothy_start.split:[557-569]: **************.... (14)
INFO:gt864-forward-full-register-schedule.gt864_forward_one_bank_one_mul_b3_slothy_start.split:[569-581]: **************.... (14)
INFO:gt864-forward-full-register-schedule.gt864_forward_one_bank_one_mul_b3_slothy_start.split:[581-593]: ************...... (12)
INFO:gt864-forward-full-register-schedule.gt864_forward_one_bank_one_mul_b3_slothy_start.split.356_374:Perform internal binary search for minimal number of stalls...
INFO:gt864-forward-full-register-schedule.gt864_forward_one_bank_one_mul_b3_slothy_start.split.356_374:Attempt optimization with max 256 stalls...
INFO:gt864-forward-full-register-schedule.gt864_forward_one_bank_one_mul_b3_slothy_start.split.356_374:Setting timeout of 14400 seconds...
INFO:gt864-forward-full-register-schedule.gt864_forward_one_bank_one_mul_b3_slothy_start.split.356_374:Objective: minimize cycles
INFO:gt864-forward-full-register-schedule.gt864_forward_one_bank_one_mul_b3_slothy_start.split.356_374:Invoking external constraint solver (OR-Tools CP-SAT v9.15.6755) ...
INFO:gt864-forward-full-register-schedule.gt864_forward_one_bank_one_mul_b3_slothy_start.split.356_374:[0.1476s]: Found 1 solutions so far... objective (minimize cycles): currently  (Cycles ~ 45.0, IPC ~ 0.40), bound  (Cycles ~ 12.0, IPC ~ 1.50)
INFO:gt864-forward-full-register-schedule.gt864_forward_one_bank_one_mul_b3_slothy_start.split.356_374:[0.1492s]: Found 2 solutions so far... objective (minimize cycles): currently  (Cycles ~ 38.0, IPC ~ 0.47), bound  (Cycles ~ 12.0, IPC ~ 1.50)
INFO:gt864-forward-full-register-schedule.gt864_forward_one_bank_one_mul_b3_slothy_start.split.356_374:[0.1602s]: Found 3 solutions so far... objective (minimize cycles): currently  (Cycles ~ 23.0, IPC ~ 0.78), bound  (Cycles ~ 20.0, IPC ~ 0.90)
INFO:gt864-forward-full-register-schedule.gt864_forward_one_bank_one_mul_b3_slothy_start.split.356_374:OPTIMAL, wall time: 0.173433 s
INFO:gt864-forward-full-register-schedule.gt864_forward_one_bank_one_mul_b3_slothy_start.split.356_374:Booleans in result: 126
INFO:gt864-forward-full-register-schedule.gt864_forward_one_bank_one_mul_b3_slothy_start.split.356_374.selfcheck:OK!
INFO:gt864-forward-full-register-schedule.gt864_forward_one_bank_one_mul_b3_slothy_start.split.356_374:Minimum number of stalls: 18
INFO:gt864-forward-full-register-schedule.gt864_forward_one_bank_one_mul_b3_slothy_start.split:[  0- 11]: *************..... (13)
INFO:gt864-forward-full-register-schedule.gt864_forward_one_bank_one_mul_b3_slothy_start.split:[ 11- 23]: ***************... (15)
INFO:gt864-forward-full-register-schedule.gt864_forward_one_bank_one_mul_b3_slothy_start.split:[ 23- 35]: **************.... (14)
INFO:gt864-forward-full-register-schedule.gt864_forward_one_bank_one_mul_b3_slothy_start.split:[ 35- 47]: **************.... (14)
INFO:gt864-forward-full-register-schedule.gt864_forward_one_bank_one_mul_b3_slothy_start.split:[ 47- 59]: ************...... (12)
INFO:gt864-forward-full-register-schedule.gt864_forward_one_bank_one_mul_b3_slothy_start.split:[ 59- 71]: ************...... (12)
INFO:gt864-forward-full-register-schedule.gt864_forward_one_bank_one_mul_b3_slothy_start.split:[ 71- 83]: ***************... (15)
INFO:gt864-forward-full-register-schedule.gt864_forward_one_bank_one_mul_b3_slothy_start.split:[ 83- 94]: *************..... (13)
INFO:gt864-forward-full-register-schedule.gt864_forward_one_bank_one_mul_b3_slothy_start.split:[ 94-106]: ****************.. (16)
INFO:gt864-forward-full-register-schedule.gt864_forward_one_bank_one_mul_b3_slothy_start.split:[106-118]: ****************.. (16)
INFO:gt864-forward-full-register-schedule.gt864_forward_one_bank_one_mul_b3_slothy_start.split:[118-130]: ***************... (15)
INFO:gt864-forward-full-register-schedule.gt864_forward_one_bank_one_mul_b3_slothy_start.split:[130-142]: ****************.. (16)
INFO:gt864-forward-full-register-schedule.gt864_forward_one_bank_one_mul_b3_slothy_start.split:[142-154]: ***************... (15)
INFO:gt864-forward-full-register-schedule.gt864_forward_one_bank_one_mul_b3_slothy_start.split:[154-166]: ***************... (15)
INFO:gt864-forward-full-register-schedule.gt864_forward_one_bank_one_mul_b3_slothy_start.split:[166-177]: ***************... (15)
INFO:gt864-forward-full-register-schedule.gt864_forward_one_bank_one_mul_b3_slothy_start.split:[177-189]: ***************... (15)
INFO:gt864-forward-full-register-schedule.gt864_forward_one_bank_one_mul_b3_slothy_start.split:[189-201]: **************.... (14)
INFO:gt864-forward-full-register-schedule.gt864_forward_one_bank_one_mul_b3_slothy_start.split:[201-213]: *************..... (13)
INFO:gt864-forward-full-register-schedule.gt864_forward_one_bank_one_mul_b3_slothy_start.split:[213-225]: *************..... (13)
INFO:gt864-forward-full-register-schedule.gt864_forward_one_bank_one_mul_b3_slothy_start.split:[225-237]: *************..... (13)
INFO:gt864-forward-full-register-schedule.gt864_forward_one_bank_one_mul_b3_slothy_start.split:[237-249]: **************.... (14)
INFO:gt864-forward-full-register-schedule.gt864_forward_one_bank_one_mul_b3_slothy_start.split:[249-260]: **************.... (14)
INFO:gt864-forward-full-register-schedule.gt864_forward_one_bank_one_mul_b3_slothy_start.split:[260-272]: **************.... (14)
INFO:gt864-forward-full-register-schedule.gt864_forward_one_bank_one_mul_b3_slothy_start.split:[272-284]: **************.... (14)
INFO:gt864-forward-full-register-schedule.gt864_forward_one_bank_one_mul_b3_slothy_start.split:[284-296]: **************.... (14)
INFO:gt864-forward-full-register-schedule.gt864_forward_one_bank_one_mul_b3_slothy_start.split:[296-308]: **********........ (10)
INFO:gt864-forward-full-register-schedule.gt864_forward_one_bank_one_mul_b3_slothy_start.split:[308-320]: *********......... (9)
INFO:gt864-forward-full-register-schedule.gt864_forward_one_bank_one_mul_b3_slothy_start.split:[320-332]: ********.......... (8)
INFO:gt864-forward-full-register-schedule.gt864_forward_one_bank_one_mul_b3_slothy_start.split:[332-343]: **********........ (10)
INFO:gt864-forward-full-register-schedule.gt864_forward_one_bank_one_mul_b3_slothy_start.split:[343-355]: ************...... (12)
INFO:gt864-forward-full-register-schedule.gt864_forward_one_bank_one_mul_b3_slothy_start.split:[355-367]: ************...... (12)
INFO:gt864-forward-full-register-schedule.gt864_forward_one_bank_one_mul_b3_slothy_start.split:[367-379]: ***************... (15)
INFO:gt864-forward-full-register-schedule.gt864_forward_one_bank_one_mul_b3_slothy_start.split:[379-391]: ************...... (12)
INFO:gt864-forward-full-register-schedule.gt864_forward_one_bank_one_mul_b3_slothy_start.split:[391-403]: **********........ (10)
INFO:gt864-forward-full-register-schedule.gt864_forward_one_bank_one_mul_b3_slothy_start.split:[403-415]: ***********....... (11)
INFO:gt864-forward-full-register-schedule.gt864_forward_one_bank_one_mul_b3_slothy_start.split:[415-426]: *************..... (13)
INFO:gt864-forward-full-register-schedule.gt864_forward_one_bank_one_mul_b3_slothy_start.split:[426-438]: **************.... (14)
INFO:gt864-forward-full-register-schedule.gt864_forward_one_bank_one_mul_b3_slothy_start.split:[438-450]: **************.... (14)
INFO:gt864-forward-full-register-schedule.gt864_forward_one_bank_one_mul_b3_slothy_start.split:[450-462]: **************.... (14)
INFO:gt864-forward-full-register-schedule.gt864_forward_one_bank_one_mul_b3_slothy_start.split:[462-474]: **************.... (14)
INFO:gt864-forward-full-register-schedule.gt864_forward_one_bank_one_mul_b3_slothy_start.split:[474-486]: **************.... (14)
INFO:gt864-forward-full-register-schedule.gt864_forward_one_bank_one_mul_b3_slothy_start.split:[486-498]: **************.... (14)
INFO:gt864-forward-full-register-schedule.gt864_forward_one_bank_one_mul_b3_slothy_start.split:[498-509]: *************..... (13)
INFO:gt864-forward-full-register-schedule.gt864_forward_one_bank_one_mul_b3_slothy_start.split:[509-521]: ************...... (12)
INFO:gt864-forward-full-register-schedule.gt864_forward_one_bank_one_mul_b3_slothy_start.split:[521-533]: ***********....... (11)
INFO:gt864-forward-full-register-schedule.gt864_forward_one_bank_one_mul_b3_slothy_start.split:[533-545]: *************..... (13)
INFO:gt864-forward-full-register-schedule.gt864_forward_one_bank_one_mul_b3_slothy_start.split:[545-557]: **************.... (14)
INFO:gt864-forward-full-register-schedule.gt864_forward_one_bank_one_mul_b3_slothy_start.split:[557-569]: **************.... (14)
INFO:gt864-forward-full-register-schedule.gt864_forward_one_bank_one_mul_b3_slothy_start.split:[569-581]: **************.... (14)
INFO:gt864-forward-full-register-schedule.gt864_forward_one_bank_one_mul_b3_slothy_start.split:[581-593]: ************...... (12)
INFO:gt864-forward-full-register-schedule.gt864_forward_one_bank_one_mul_b3_slothy_start.split.385_404:Perform internal binary search for minimal number of stalls...
INFO:gt864-forward-full-register-schedule.gt864_forward_one_bank_one_mul_b3_slothy_start.split.385_404:Attempt optimization with max 256 stalls...
INFO:gt864-forward-full-register-schedule.gt864_forward_one_bank_one_mul_b3_slothy_start.split.385_404:Setting timeout of 14400 seconds...
INFO:gt864-forward-full-register-schedule.gt864_forward_one_bank_one_mul_b3_slothy_start.split.385_404:Objective: minimize cycles
INFO:gt864-forward-full-register-schedule.gt864_forward_one_bank_one_mul_b3_slothy_start.split.385_404:Invoking external constraint solver (OR-Tools CP-SAT v9.15.6755) ...
INFO:gt864-forward-full-register-schedule.gt864_forward_one_bank_one_mul_b3_slothy_start.split.385_404:[0.1500s]: Found 1 solutions so far... objective (minimize cycles): currently  (Cycles ~ 18.0, IPC ~ 1.06), bound  (Cycles ~ 13.0, IPC ~ 1.46)
INFO:gt864-forward-full-register-schedule.gt864_forward_one_bank_one_mul_b3_slothy_start.split.385_404:OPTIMAL, wall time: 0.161777 s
INFO:gt864-forward-full-register-schedule.gt864_forward_one_bank_one_mul_b3_slothy_start.split.385_404:Booleans in result: 205
INFO:gt864-forward-full-register-schedule.gt864_forward_one_bank_one_mul_b3_slothy_start.split.385_404.selfcheck:OK!
INFO:gt864-forward-full-register-schedule.gt864_forward_one_bank_one_mul_b3_slothy_start.split.385_404:Minimum number of stalls: 13
INFO:gt864-forward-full-register-schedule.gt864_forward_one_bank_one_mul_b3_slothy_start.split:[  0- 11]: *************..... (13)
INFO:gt864-forward-full-register-schedule.gt864_forward_one_bank_one_mul_b3_slothy_start.split:[ 11- 23]: ***************... (15)
INFO:gt864-forward-full-register-schedule.gt864_forward_one_bank_one_mul_b3_slothy_start.split:[ 23- 35]: **************.... (14)
INFO:gt864-forward-full-register-schedule.gt864_forward_one_bank_one_mul_b3_slothy_start.split:[ 35- 47]: **************.... (14)
INFO:gt864-forward-full-register-schedule.gt864_forward_one_bank_one_mul_b3_slothy_start.split:[ 47- 59]: ************...... (12)
INFO:gt864-forward-full-register-schedule.gt864_forward_one_bank_one_mul_b3_slothy_start.split:[ 59- 71]: ************...... (12)
INFO:gt864-forward-full-register-schedule.gt864_forward_one_bank_one_mul_b3_slothy_start.split:[ 71- 83]: ***************... (15)
INFO:gt864-forward-full-register-schedule.gt864_forward_one_bank_one_mul_b3_slothy_start.split:[ 83- 94]: *************..... (13)
INFO:gt864-forward-full-register-schedule.gt864_forward_one_bank_one_mul_b3_slothy_start.split:[ 94-106]: ****************.. (16)
INFO:gt864-forward-full-register-schedule.gt864_forward_one_bank_one_mul_b3_slothy_start.split:[106-118]: ****************.. (16)
INFO:gt864-forward-full-register-schedule.gt864_forward_one_bank_one_mul_b3_slothy_start.split:[118-130]: ***************... (15)
INFO:gt864-forward-full-register-schedule.gt864_forward_one_bank_one_mul_b3_slothy_start.split:[130-142]: ****************.. (16)
INFO:gt864-forward-full-register-schedule.gt864_forward_one_bank_one_mul_b3_slothy_start.split:[142-154]: ***************... (15)
INFO:gt864-forward-full-register-schedule.gt864_forward_one_bank_one_mul_b3_slothy_start.split:[154-166]: ***************... (15)
INFO:gt864-forward-full-register-schedule.gt864_forward_one_bank_one_mul_b3_slothy_start.split:[166-177]: ***************... (15)
INFO:gt864-forward-full-register-schedule.gt864_forward_one_bank_one_mul_b3_slothy_start.split:[177-189]: ***************... (15)
INFO:gt864-forward-full-register-schedule.gt864_forward_one_bank_one_mul_b3_slothy_start.split:[189-201]: **************.... (14)
INFO:gt864-forward-full-register-schedule.gt864_forward_one_bank_one_mul_b3_slothy_start.split:[201-213]: *************..... (13)
INFO:gt864-forward-full-register-schedule.gt864_forward_one_bank_one_mul_b3_slothy_start.split:[213-225]: *************..... (13)
INFO:gt864-forward-full-register-schedule.gt864_forward_one_bank_one_mul_b3_slothy_start.split:[225-237]: *************..... (13)
INFO:gt864-forward-full-register-schedule.gt864_forward_one_bank_one_mul_b3_slothy_start.split:[237-249]: **************.... (14)
INFO:gt864-forward-full-register-schedule.gt864_forward_one_bank_one_mul_b3_slothy_start.split:[249-260]: **************.... (14)
INFO:gt864-forward-full-register-schedule.gt864_forward_one_bank_one_mul_b3_slothy_start.split:[260-272]: **************.... (14)
INFO:gt864-forward-full-register-schedule.gt864_forward_one_bank_one_mul_b3_slothy_start.split:[272-284]: **************.... (14)
INFO:gt864-forward-full-register-schedule.gt864_forward_one_bank_one_mul_b3_slothy_start.split:[284-296]: **************.... (14)
INFO:gt864-forward-full-register-schedule.gt864_forward_one_bank_one_mul_b3_slothy_start.split:[296-308]: **********........ (10)
INFO:gt864-forward-full-register-schedule.gt864_forward_one_bank_one_mul_b3_slothy_start.split:[308-320]: *********......... (9)
INFO:gt864-forward-full-register-schedule.gt864_forward_one_bank_one_mul_b3_slothy_start.split:[320-332]: ********.......... (8)
INFO:gt864-forward-full-register-schedule.gt864_forward_one_bank_one_mul_b3_slothy_start.split:[332-343]: **********........ (10)
INFO:gt864-forward-full-register-schedule.gt864_forward_one_bank_one_mul_b3_slothy_start.split:[343-355]: ************...... (12)
INFO:gt864-forward-full-register-schedule.gt864_forward_one_bank_one_mul_b3_slothy_start.split:[355-367]: ************...... (12)
INFO:gt864-forward-full-register-schedule.gt864_forward_one_bank_one_mul_b3_slothy_start.split:[367-379]: ***************... (15)
INFO:gt864-forward-full-register-schedule.gt864_forward_one_bank_one_mul_b3_slothy_start.split:[379-391]: ************...... (12)
INFO:gt864-forward-full-register-schedule.gt864_forward_one_bank_one_mul_b3_slothy_start.split:[391-403]: *************..... (13)
INFO:gt864-forward-full-register-schedule.gt864_forward_one_bank_one_mul_b3_slothy_start.split:[403-415]: ************...... (12)
INFO:gt864-forward-full-register-schedule.gt864_forward_one_bank_one_mul_b3_slothy_start.split:[415-426]: *************..... (13)
INFO:gt864-forward-full-register-schedule.gt864_forward_one_bank_one_mul_b3_slothy_start.split:[426-438]: **************.... (14)
INFO:gt864-forward-full-register-schedule.gt864_forward_one_bank_one_mul_b3_slothy_start.split:[438-450]: **************.... (14)
INFO:gt864-forward-full-register-schedule.gt864_forward_one_bank_one_mul_b3_slothy_start.split:[450-462]: **************.... (14)
INFO:gt864-forward-full-register-schedule.gt864_forward_one_bank_one_mul_b3_slothy_start.split:[462-474]: **************.... (14)
INFO:gt864-forward-full-register-schedule.gt864_forward_one_bank_one_mul_b3_slothy_start.split:[474-486]: **************.... (14)
INFO:gt864-forward-full-register-schedule.gt864_forward_one_bank_one_mul_b3_slothy_start.split:[486-498]: **************.... (14)
INFO:gt864-forward-full-register-schedule.gt864_forward_one_bank_one_mul_b3_slothy_start.split:[498-509]: *************..... (13)
INFO:gt864-forward-full-register-schedule.gt864_forward_one_bank_one_mul_b3_slothy_start.split:[509-521]: ************...... (12)
INFO:gt864-forward-full-register-schedule.gt864_forward_one_bank_one_mul_b3_slothy_start.split:[521-533]: ***********....... (11)
INFO:gt864-forward-full-register-schedule.gt864_forward_one_bank_one_mul_b3_slothy_start.split:[533-545]: *************..... (13)
INFO:gt864-forward-full-register-schedule.gt864_forward_one_bank_one_mul_b3_slothy_start.split:[545-557]: **************.... (14)
INFO:gt864-forward-full-register-schedule.gt864_forward_one_bank_one_mul_b3_slothy_start.split:[557-569]: **************.... (14)
INFO:gt864-forward-full-register-schedule.gt864_forward_one_bank_one_mul_b3_slothy_start.split:[569-581]: **************.... (14)
INFO:gt864-forward-full-register-schedule.gt864_forward_one_bank_one_mul_b3_slothy_start.split:[581-593]: ************...... (12)
INFO:gt864-forward-full-register-schedule.gt864_forward_one_bank_one_mul_b3_slothy_start.split.415_434:Perform internal binary search for minimal number of stalls...
INFO:gt864-forward-full-register-schedule.gt864_forward_one_bank_one_mul_b3_slothy_start.split.415_434:Attempt optimization with max 256 stalls...
INFO:gt864-forward-full-register-schedule.gt864_forward_one_bank_one_mul_b3_slothy_start.split.415_434:Setting timeout of 14400 seconds...
INFO:gt864-forward-full-register-schedule.gt864_forward_one_bank_one_mul_b3_slothy_start.split.415_434:Objective: minimize cycles
INFO:gt864-forward-full-register-schedule.gt864_forward_one_bank_one_mul_b3_slothy_start.split.415_434:Invoking external constraint solver (OR-Tools CP-SAT v9.15.6755) ...
INFO:gt864-forward-full-register-schedule.gt864_forward_one_bank_one_mul_b3_slothy_start.split.415_434:[0.1610s]: Found 1 solutions so far... objective (minimize cycles): currently  (Cycles ~ 26.0, IPC ~ 0.73), bound  (Cycles ~ 26.0, IPC ~ 0.73)
INFO:gt864-forward-full-register-schedule.gt864_forward_one_bank_one_mul_b3_slothy_start.split.415_434:Closer than 0 stalls to theoretical optimum... stop
INFO:gt864-forward-full-register-schedule.gt864_forward_one_bank_one_mul_b3_slothy_start.split.415_434:OPTIMAL, wall time: 0.174982 s
INFO:gt864-forward-full-register-schedule.gt864_forward_one_bank_one_mul_b3_slothy_start.split.415_434:Booleans in result: 190
INFO:gt864-forward-full-register-schedule.gt864_forward_one_bank_one_mul_b3_slothy_start.split.415_434.selfcheck:OK!
INFO:gt864-forward-full-register-schedule.gt864_forward_one_bank_one_mul_b3_slothy_start.split.415_434:Minimum number of stalls: 21
INFO:gt864-forward-full-register-schedule.gt864_forward_one_bank_one_mul_b3_slothy_start.split:[  0- 11]: *************..... (13)
INFO:gt864-forward-full-register-schedule.gt864_forward_one_bank_one_mul_b3_slothy_start.split:[ 11- 23]: ***************... (15)
INFO:gt864-forward-full-register-schedule.gt864_forward_one_bank_one_mul_b3_slothy_start.split:[ 23- 35]: **************.... (14)
INFO:gt864-forward-full-register-schedule.gt864_forward_one_bank_one_mul_b3_slothy_start.split:[ 35- 47]: **************.... (14)
INFO:gt864-forward-full-register-schedule.gt864_forward_one_bank_one_mul_b3_slothy_start.split:[ 47- 59]: ************...... (12)
INFO:gt864-forward-full-register-schedule.gt864_forward_one_bank_one_mul_b3_slothy_start.split:[ 59- 71]: ************...... (12)
INFO:gt864-forward-full-register-schedule.gt864_forward_one_bank_one_mul_b3_slothy_start.split:[ 71- 83]: ***************... (15)
INFO:gt864-forward-full-register-schedule.gt864_forward_one_bank_one_mul_b3_slothy_start.split:[ 83- 94]: *************..... (13)
INFO:gt864-forward-full-register-schedule.gt864_forward_one_bank_one_mul_b3_slothy_start.split:[ 94-106]: ****************.. (16)
INFO:gt864-forward-full-register-schedule.gt864_forward_one_bank_one_mul_b3_slothy_start.split:[106-118]: ****************.. (16)
INFO:gt864-forward-full-register-schedule.gt864_forward_one_bank_one_mul_b3_slothy_start.split:[118-130]: ***************... (15)
INFO:gt864-forward-full-register-schedule.gt864_forward_one_bank_one_mul_b3_slothy_start.split:[130-142]: ****************.. (16)
INFO:gt864-forward-full-register-schedule.gt864_forward_one_bank_one_mul_b3_slothy_start.split:[142-154]: ***************... (15)
INFO:gt864-forward-full-register-schedule.gt864_forward_one_bank_one_mul_b3_slothy_start.split:[154-166]: ***************... (15)
INFO:gt864-forward-full-register-schedule.gt864_forward_one_bank_one_mul_b3_slothy_start.split:[166-177]: ***************... (15)
INFO:gt864-forward-full-register-schedule.gt864_forward_one_bank_one_mul_b3_slothy_start.split:[177-189]: ***************... (15)
INFO:gt864-forward-full-register-schedule.gt864_forward_one_bank_one_mul_b3_slothy_start.split:[189-201]: **************.... (14)
INFO:gt864-forward-full-register-schedule.gt864_forward_one_bank_one_mul_b3_slothy_start.split:[201-213]: *************..... (13)
INFO:gt864-forward-full-register-schedule.gt864_forward_one_bank_one_mul_b3_slothy_start.split:[213-225]: *************..... (13)
INFO:gt864-forward-full-register-schedule.gt864_forward_one_bank_one_mul_b3_slothy_start.split:[225-237]: *************..... (13)
INFO:gt864-forward-full-register-schedule.gt864_forward_one_bank_one_mul_b3_slothy_start.split:[237-249]: **************.... (14)
INFO:gt864-forward-full-register-schedule.gt864_forward_one_bank_one_mul_b3_slothy_start.split:[249-260]: **************.... (14)
INFO:gt864-forward-full-register-schedule.gt864_forward_one_bank_one_mul_b3_slothy_start.split:[260-272]: **************.... (14)
INFO:gt864-forward-full-register-schedule.gt864_forward_one_bank_one_mul_b3_slothy_start.split:[272-284]: **************.... (14)
INFO:gt864-forward-full-register-schedule.gt864_forward_one_bank_one_mul_b3_slothy_start.split:[284-296]: **************.... (14)
INFO:gt864-forward-full-register-schedule.gt864_forward_one_bank_one_mul_b3_slothy_start.split:[296-308]: **********........ (10)
INFO:gt864-forward-full-register-schedule.gt864_forward_one_bank_one_mul_b3_slothy_start.split:[308-320]: *********......... (9)
INFO:gt864-forward-full-register-schedule.gt864_forward_one_bank_one_mul_b3_slothy_start.split:[320-332]: ********.......... (8)
INFO:gt864-forward-full-register-schedule.gt864_forward_one_bank_one_mul_b3_slothy_start.split:[332-343]: **********........ (10)
INFO:gt864-forward-full-register-schedule.gt864_forward_one_bank_one_mul_b3_slothy_start.split:[343-355]: ************...... (12)
INFO:gt864-forward-full-register-schedule.gt864_forward_one_bank_one_mul_b3_slothy_start.split:[355-367]: ************...... (12)
INFO:gt864-forward-full-register-schedule.gt864_forward_one_bank_one_mul_b3_slothy_start.split:[367-379]: ***************... (15)
INFO:gt864-forward-full-register-schedule.gt864_forward_one_bank_one_mul_b3_slothy_start.split:[379-391]: ************...... (12)
INFO:gt864-forward-full-register-schedule.gt864_forward_one_bank_one_mul_b3_slothy_start.split:[391-403]: *************..... (13)
INFO:gt864-forward-full-register-schedule.gt864_forward_one_bank_one_mul_b3_slothy_start.split:[403-415]: ***********....... (11)
INFO:gt864-forward-full-register-schedule.gt864_forward_one_bank_one_mul_b3_slothy_start.split:[415-426]: ************...... (12)
INFO:gt864-forward-full-register-schedule.gt864_forward_one_bank_one_mul_b3_slothy_start.split:[426-438]: **************.... (14)
INFO:gt864-forward-full-register-schedule.gt864_forward_one_bank_one_mul_b3_slothy_start.split:[438-450]: **************.... (14)
INFO:gt864-forward-full-register-schedule.gt864_forward_one_bank_one_mul_b3_slothy_start.split:[450-462]: **************.... (14)
INFO:gt864-forward-full-register-schedule.gt864_forward_one_bank_one_mul_b3_slothy_start.split:[462-474]: **************.... (14)
INFO:gt864-forward-full-register-schedule.gt864_forward_one_bank_one_mul_b3_slothy_start.split:[474-486]: **************.... (14)
INFO:gt864-forward-full-register-schedule.gt864_forward_one_bank_one_mul_b3_slothy_start.split:[486-498]: **************.... (14)
INFO:gt864-forward-full-register-schedule.gt864_forward_one_bank_one_mul_b3_slothy_start.split:[498-509]: *************..... (13)
INFO:gt864-forward-full-register-schedule.gt864_forward_one_bank_one_mul_b3_slothy_start.split:[509-521]: ************...... (12)
INFO:gt864-forward-full-register-schedule.gt864_forward_one_bank_one_mul_b3_slothy_start.split:[521-533]: ***********....... (11)
INFO:gt864-forward-full-register-schedule.gt864_forward_one_bank_one_mul_b3_slothy_start.split:[533-545]: *************..... (13)
INFO:gt864-forward-full-register-schedule.gt864_forward_one_bank_one_mul_b3_slothy_start.split:[545-557]: **************.... (14)
INFO:gt864-forward-full-register-schedule.gt864_forward_one_bank_one_mul_b3_slothy_start.split:[557-569]: **************.... (14)
INFO:gt864-forward-full-register-schedule.gt864_forward_one_bank_one_mul_b3_slothy_start.split:[569-581]: **************.... (14)
INFO:gt864-forward-full-register-schedule.gt864_forward_one_bank_one_mul_b3_slothy_start.split:[581-593]: ************...... (12)
INFO:gt864-forward-full-register-schedule.gt864_forward_one_bank_one_mul_b3_slothy_start.split.445_463:Perform internal binary search for minimal number of stalls...
INFO:gt864-forward-full-register-schedule.gt864_forward_one_bank_one_mul_b3_slothy_start.split.445_463:Attempt optimization with max 256 stalls...
INFO:gt864-forward-full-register-schedule.gt864_forward_one_bank_one_mul_b3_slothy_start.split.445_463:Setting timeout of 14400 seconds...
INFO:gt864-forward-full-register-schedule.gt864_forward_one_bank_one_mul_b3_slothy_start.split.445_463:Objective: minimize cycles
INFO:gt864-forward-full-register-schedule.gt864_forward_one_bank_one_mul_b3_slothy_start.split.445_463:Invoking external constraint solver (OR-Tools CP-SAT v9.15.6755) ...
INFO:gt864-forward-full-register-schedule.gt864_forward_one_bank_one_mul_b3_slothy_start.split.445_463:[0.1823s]: Found 1 solutions so far... objective (minimize cycles): currently  (Cycles ~ 24.0, IPC ~ 0.75), bound  (Cycles ~ 19.0, IPC ~ 0.95)
INFO:gt864-forward-full-register-schedule.gt864_forward_one_bank_one_mul_b3_slothy_start.split.445_463:[0.1893s]: Found 2 solutions so far... objective (minimize cycles): currently  (Cycles ~ 23.0, IPC ~ 0.78), bound  (Cycles ~ 22.0, IPC ~ 0.82)
INFO:gt864-forward-full-register-schedule.gt864_forward_one_bank_one_mul_b3_slothy_start.split.445_463:OPTIMAL, wall time: 0.203224 s
INFO:gt864-forward-full-register-schedule.gt864_forward_one_bank_one_mul_b3_slothy_start.split.445_463:Booleans in result: 105
INFO:gt864-forward-full-register-schedule.gt864_forward_one_bank_one_mul_b3_slothy_start.split.445_463.selfcheck:OK!
INFO:gt864-forward-full-register-schedule.gt864_forward_one_bank_one_mul_b3_slothy_start.split.445_463:Minimum number of stalls: 18
INFO:gt864-forward-full-register-schedule.gt864_forward_one_bank_one_mul_b3_slothy_start.split:[  0- 11]: *************..... (13)
INFO:gt864-forward-full-register-schedule.gt864_forward_one_bank_one_mul_b3_slothy_start.split:[ 11- 23]: ***************... (15)
INFO:gt864-forward-full-register-schedule.gt864_forward_one_bank_one_mul_b3_slothy_start.split:[ 23- 35]: **************.... (14)
INFO:gt864-forward-full-register-schedule.gt864_forward_one_bank_one_mul_b3_slothy_start.split:[ 35- 47]: **************.... (14)
INFO:gt864-forward-full-register-schedule.gt864_forward_one_bank_one_mul_b3_slothy_start.split:[ 47- 59]: ************...... (12)
INFO:gt864-forward-full-register-schedule.gt864_forward_one_bank_one_mul_b3_slothy_start.split:[ 59- 71]: ************...... (12)
INFO:gt864-forward-full-register-schedule.gt864_forward_one_bank_one_mul_b3_slothy_start.split:[ 71- 83]: ***************... (15)
INFO:gt864-forward-full-register-schedule.gt864_forward_one_bank_one_mul_b3_slothy_start.split:[ 83- 94]: *************..... (13)
INFO:gt864-forward-full-register-schedule.gt864_forward_one_bank_one_mul_b3_slothy_start.split:[ 94-106]: ****************.. (16)
INFO:gt864-forward-full-register-schedule.gt864_forward_one_bank_one_mul_b3_slothy_start.split:[106-118]: ****************.. (16)
INFO:gt864-forward-full-register-schedule.gt864_forward_one_bank_one_mul_b3_slothy_start.split:[118-130]: ***************... (15)
INFO:gt864-forward-full-register-schedule.gt864_forward_one_bank_one_mul_b3_slothy_start.split:[130-142]: ****************.. (16)
INFO:gt864-forward-full-register-schedule.gt864_forward_one_bank_one_mul_b3_slothy_start.split:[142-154]: ***************... (15)
INFO:gt864-forward-full-register-schedule.gt864_forward_one_bank_one_mul_b3_slothy_start.split:[154-166]: ***************... (15)
INFO:gt864-forward-full-register-schedule.gt864_forward_one_bank_one_mul_b3_slothy_start.split:[166-177]: ***************... (15)
INFO:gt864-forward-full-register-schedule.gt864_forward_one_bank_one_mul_b3_slothy_start.split:[177-189]: ***************... (15)
INFO:gt864-forward-full-register-schedule.gt864_forward_one_bank_one_mul_b3_slothy_start.split:[189-201]: **************.... (14)
INFO:gt864-forward-full-register-schedule.gt864_forward_one_bank_one_mul_b3_slothy_start.split:[201-213]: *************..... (13)
INFO:gt864-forward-full-register-schedule.gt864_forward_one_bank_one_mul_b3_slothy_start.split:[213-225]: *************..... (13)
INFO:gt864-forward-full-register-schedule.gt864_forward_one_bank_one_mul_b3_slothy_start.split:[225-237]: *************..... (13)
INFO:gt864-forward-full-register-schedule.gt864_forward_one_bank_one_mul_b3_slothy_start.split:[237-249]: **************.... (14)
INFO:gt864-forward-full-register-schedule.gt864_forward_one_bank_one_mul_b3_slothy_start.split:[249-260]: **************.... (14)
INFO:gt864-forward-full-register-schedule.gt864_forward_one_bank_one_mul_b3_slothy_start.split:[260-272]: **************.... (14)
INFO:gt864-forward-full-register-schedule.gt864_forward_one_bank_one_mul_b3_slothy_start.split:[272-284]: **************.... (14)
INFO:gt864-forward-full-register-schedule.gt864_forward_one_bank_one_mul_b3_slothy_start.split:[284-296]: **************.... (14)
INFO:gt864-forward-full-register-schedule.gt864_forward_one_bank_one_mul_b3_slothy_start.split:[296-308]: **********........ (10)
INFO:gt864-forward-full-register-schedule.gt864_forward_one_bank_one_mul_b3_slothy_start.split:[308-320]: *********......... (9)
INFO:gt864-forward-full-register-schedule.gt864_forward_one_bank_one_mul_b3_slothy_start.split:[320-332]: ********.......... (8)
INFO:gt864-forward-full-register-schedule.gt864_forward_one_bank_one_mul_b3_slothy_start.split:[332-343]: **********........ (10)
INFO:gt864-forward-full-register-schedule.gt864_forward_one_bank_one_mul_b3_slothy_start.split:[343-355]: ************...... (12)
INFO:gt864-forward-full-register-schedule.gt864_forward_one_bank_one_mul_b3_slothy_start.split:[355-367]: ************...... (12)
INFO:gt864-forward-full-register-schedule.gt864_forward_one_bank_one_mul_b3_slothy_start.split:[367-379]: ***************... (15)
INFO:gt864-forward-full-register-schedule.gt864_forward_one_bank_one_mul_b3_slothy_start.split:[379-391]: ************...... (12)
INFO:gt864-forward-full-register-schedule.gt864_forward_one_bank_one_mul_b3_slothy_start.split:[391-403]: *************..... (13)
INFO:gt864-forward-full-register-schedule.gt864_forward_one_bank_one_mul_b3_slothy_start.split:[403-415]: ***********....... (11)
INFO:gt864-forward-full-register-schedule.gt864_forward_one_bank_one_mul_b3_slothy_start.split:[415-426]: ************...... (12)
INFO:gt864-forward-full-register-schedule.gt864_forward_one_bank_one_mul_b3_slothy_start.split:[426-438]: **************.... (14)
INFO:gt864-forward-full-register-schedule.gt864_forward_one_bank_one_mul_b3_slothy_start.split:[438-450]: ***************... (15)
INFO:gt864-forward-full-register-schedule.gt864_forward_one_bank_one_mul_b3_slothy_start.split:[450-462]: ****************.. (16)
INFO:gt864-forward-full-register-schedule.gt864_forward_one_bank_one_mul_b3_slothy_start.split:[462-474]: **************.... (14)
INFO:gt864-forward-full-register-schedule.gt864_forward_one_bank_one_mul_b3_slothy_start.split:[474-486]: **************.... (14)
INFO:gt864-forward-full-register-schedule.gt864_forward_one_bank_one_mul_b3_slothy_start.split:[486-498]: **************.... (14)
INFO:gt864-forward-full-register-schedule.gt864_forward_one_bank_one_mul_b3_slothy_start.split:[498-509]: *************..... (13)
INFO:gt864-forward-full-register-schedule.gt864_forward_one_bank_one_mul_b3_slothy_start.split:[509-521]: ************...... (12)
INFO:gt864-forward-full-register-schedule.gt864_forward_one_bank_one_mul_b3_slothy_start.split:[521-533]: ***********....... (11)
INFO:gt864-forward-full-register-schedule.gt864_forward_one_bank_one_mul_b3_slothy_start.split:[533-545]: *************..... (13)
INFO:gt864-forward-full-register-schedule.gt864_forward_one_bank_one_mul_b3_slothy_start.split:[545-557]: **************.... (14)
INFO:gt864-forward-full-register-schedule.gt864_forward_one_bank_one_mul_b3_slothy_start.split:[557-569]: **************.... (14)
INFO:gt864-forward-full-register-schedule.gt864_forward_one_bank_one_mul_b3_slothy_start.split:[569-581]: **************.... (14)
INFO:gt864-forward-full-register-schedule.gt864_forward_one_bank_one_mul_b3_slothy_start.split:[581-593]: ************...... (12)
INFO:gt864-forward-full-register-schedule.gt864_forward_one_bank_one_mul_b3_slothy_start.split.474_493:Perform internal binary search for minimal number of stalls...
INFO:gt864-forward-full-register-schedule.gt864_forward_one_bank_one_mul_b3_slothy_start.split.474_493:Attempt optimization with max 256 stalls...
INFO:gt864-forward-full-register-schedule.gt864_forward_one_bank_one_mul_b3_slothy_start.split.474_493:Setting timeout of 14400 seconds...
INFO:gt864-forward-full-register-schedule.gt864_forward_one_bank_one_mul_b3_slothy_start.split.474_493:Objective: minimize cycles
INFO:gt864-forward-full-register-schedule.gt864_forward_one_bank_one_mul_b3_slothy_start.split.474_493:Invoking external constraint solver (OR-Tools CP-SAT v9.15.6755) ...
INFO:gt864-forward-full-register-schedule.gt864_forward_one_bank_one_mul_b3_slothy_start.split.474_493:[0.2013s]: Found 1 solutions so far... objective (minimize cycles): currently  (Cycles ~ 25.0, IPC ~ 0.76), bound  (Cycles ~ 12.0, IPC ~ 1.58)
INFO:gt864-forward-full-register-schedule.gt864_forward_one_bank_one_mul_b3_slothy_start.split.474_493:OPTIMAL, wall time: 0.209817 s
INFO:gt864-forward-full-register-schedule.gt864_forward_one_bank_one_mul_b3_slothy_start.split.474_493:Booleans in result: 161
INFO:gt864-forward-full-register-schedule.gt864_forward_one_bank_one_mul_b3_slothy_start.split.474_493.selfcheck:OK!
INFO:gt864-forward-full-register-schedule.gt864_forward_one_bank_one_mul_b3_slothy_start.split.474_493:Minimum number of stalls: 20
INFO:gt864-forward-full-register-schedule.gt864_forward_one_bank_one_mul_b3_slothy_start.split:[  0- 11]: *************..... (13)
INFO:gt864-forward-full-register-schedule.gt864_forward_one_bank_one_mul_b3_slothy_start.split:[ 11- 23]: ***************... (15)
INFO:gt864-forward-full-register-schedule.gt864_forward_one_bank_one_mul_b3_slothy_start.split:[ 23- 35]: **************.... (14)
INFO:gt864-forward-full-register-schedule.gt864_forward_one_bank_one_mul_b3_slothy_start.split:[ 35- 47]: **************.... (14)
INFO:gt864-forward-full-register-schedule.gt864_forward_one_bank_one_mul_b3_slothy_start.split:[ 47- 59]: ************...... (12)
INFO:gt864-forward-full-register-schedule.gt864_forward_one_bank_one_mul_b3_slothy_start.split:[ 59- 71]: ************...... (12)
INFO:gt864-forward-full-register-schedule.gt864_forward_one_bank_one_mul_b3_slothy_start.split:[ 71- 83]: ***************... (15)
INFO:gt864-forward-full-register-schedule.gt864_forward_one_bank_one_mul_b3_slothy_start.split:[ 83- 94]: *************..... (13)
INFO:gt864-forward-full-register-schedule.gt864_forward_one_bank_one_mul_b3_slothy_start.split:[ 94-106]: ****************.. (16)
INFO:gt864-forward-full-register-schedule.gt864_forward_one_bank_one_mul_b3_slothy_start.split:[106-118]: ****************.. (16)
INFO:gt864-forward-full-register-schedule.gt864_forward_one_bank_one_mul_b3_slothy_start.split:[118-130]: ***************... (15)
INFO:gt864-forward-full-register-schedule.gt864_forward_one_bank_one_mul_b3_slothy_start.split:[130-142]: ****************.. (16)
INFO:gt864-forward-full-register-schedule.gt864_forward_one_bank_one_mul_b3_slothy_start.split:[142-154]: ***************... (15)
INFO:gt864-forward-full-register-schedule.gt864_forward_one_bank_one_mul_b3_slothy_start.split:[154-166]: ***************... (15)
INFO:gt864-forward-full-register-schedule.gt864_forward_one_bank_one_mul_b3_slothy_start.split:[166-177]: ***************... (15)
INFO:gt864-forward-full-register-schedule.gt864_forward_one_bank_one_mul_b3_slothy_start.split:[177-189]: ***************... (15)
INFO:gt864-forward-full-register-schedule.gt864_forward_one_bank_one_mul_b3_slothy_start.split:[189-201]: **************.... (14)
INFO:gt864-forward-full-register-schedule.gt864_forward_one_bank_one_mul_b3_slothy_start.split:[201-213]: *************..... (13)
INFO:gt864-forward-full-register-schedule.gt864_forward_one_bank_one_mul_b3_slothy_start.split:[213-225]: *************..... (13)
INFO:gt864-forward-full-register-schedule.gt864_forward_one_bank_one_mul_b3_slothy_start.split:[225-237]: *************..... (13)
INFO:gt864-forward-full-register-schedule.gt864_forward_one_bank_one_mul_b3_slothy_start.split:[237-249]: **************.... (14)
INFO:gt864-forward-full-register-schedule.gt864_forward_one_bank_one_mul_b3_slothy_start.split:[249-260]: **************.... (14)
INFO:gt864-forward-full-register-schedule.gt864_forward_one_bank_one_mul_b3_slothy_start.split:[260-272]: **************.... (14)
INFO:gt864-forward-full-register-schedule.gt864_forward_one_bank_one_mul_b3_slothy_start.split:[272-284]: **************.... (14)
INFO:gt864-forward-full-register-schedule.gt864_forward_one_bank_one_mul_b3_slothy_start.split:[284-296]: **************.... (14)
INFO:gt864-forward-full-register-schedule.gt864_forward_one_bank_one_mul_b3_slothy_start.split:[296-308]: **********........ (10)
INFO:gt864-forward-full-register-schedule.gt864_forward_one_bank_one_mul_b3_slothy_start.split:[308-320]: *********......... (9)
INFO:gt864-forward-full-register-schedule.gt864_forward_one_bank_one_mul_b3_slothy_start.split:[320-332]: ********.......... (8)
INFO:gt864-forward-full-register-schedule.gt864_forward_one_bank_one_mul_b3_slothy_start.split:[332-343]: **********........ (10)
INFO:gt864-forward-full-register-schedule.gt864_forward_one_bank_one_mul_b3_slothy_start.split:[343-355]: ************...... (12)
INFO:gt864-forward-full-register-schedule.gt864_forward_one_bank_one_mul_b3_slothy_start.split:[355-367]: ************...... (12)
INFO:gt864-forward-full-register-schedule.gt864_forward_one_bank_one_mul_b3_slothy_start.split:[367-379]: ***************... (15)
INFO:gt864-forward-full-register-schedule.gt864_forward_one_bank_one_mul_b3_slothy_start.split:[379-391]: ************...... (12)
INFO:gt864-forward-full-register-schedule.gt864_forward_one_bank_one_mul_b3_slothy_start.split:[391-403]: *************..... (13)
INFO:gt864-forward-full-register-schedule.gt864_forward_one_bank_one_mul_b3_slothy_start.split:[403-415]: ***********....... (11)
INFO:gt864-forward-full-register-schedule.gt864_forward_one_bank_one_mul_b3_slothy_start.split:[415-426]: ************...... (12)
INFO:gt864-forward-full-register-schedule.gt864_forward_one_bank_one_mul_b3_slothy_start.split:[426-438]: **************.... (14)
INFO:gt864-forward-full-register-schedule.gt864_forward_one_bank_one_mul_b3_slothy_start.split:[438-450]: ***************... (15)
INFO:gt864-forward-full-register-schedule.gt864_forward_one_bank_one_mul_b3_slothy_start.split:[450-462]: ****************.. (16)
INFO:gt864-forward-full-register-schedule.gt864_forward_one_bank_one_mul_b3_slothy_start.split:[462-474]: *************..... (13)
INFO:gt864-forward-full-register-schedule.gt864_forward_one_bank_one_mul_b3_slothy_start.split:[474-486]: *************..... (13)
INFO:gt864-forward-full-register-schedule.gt864_forward_one_bank_one_mul_b3_slothy_start.split:[486-498]: ***************... (15)
INFO:gt864-forward-full-register-schedule.gt864_forward_one_bank_one_mul_b3_slothy_start.split:[498-509]: *************..... (13)
INFO:gt864-forward-full-register-schedule.gt864_forward_one_bank_one_mul_b3_slothy_start.split:[509-521]: ************...... (12)
INFO:gt864-forward-full-register-schedule.gt864_forward_one_bank_one_mul_b3_slothy_start.split:[521-533]: ***********....... (11)
INFO:gt864-forward-full-register-schedule.gt864_forward_one_bank_one_mul_b3_slothy_start.split:[533-545]: *************..... (13)
INFO:gt864-forward-full-register-schedule.gt864_forward_one_bank_one_mul_b3_slothy_start.split:[545-557]: **************.... (14)
INFO:gt864-forward-full-register-schedule.gt864_forward_one_bank_one_mul_b3_slothy_start.split:[557-569]: **************.... (14)
INFO:gt864-forward-full-register-schedule.gt864_forward_one_bank_one_mul_b3_slothy_start.split:[569-581]: **************.... (14)
INFO:gt864-forward-full-register-schedule.gt864_forward_one_bank_one_mul_b3_slothy_start.split:[581-593]: ************...... (12)
INFO:gt864-forward-full-register-schedule.gt864_forward_one_bank_one_mul_b3_slothy_start.split.504_523:Perform internal binary search for minimal number of stalls...
INFO:gt864-forward-full-register-schedule.gt864_forward_one_bank_one_mul_b3_slothy_start.split.504_523:Attempt optimization with max 256 stalls...
INFO:gt864-forward-full-register-schedule.gt864_forward_one_bank_one_mul_b3_slothy_start.split.504_523:Setting timeout of 14400 seconds...
INFO:gt864-forward-full-register-schedule.gt864_forward_one_bank_one_mul_b3_slothy_start.split.504_523:Objective: minimize cycles
INFO:gt864-forward-full-register-schedule.gt864_forward_one_bank_one_mul_b3_slothy_start.split.504_523:Invoking external constraint solver (OR-Tools CP-SAT v9.15.6755) ...
INFO:gt864-forward-full-register-schedule.gt864_forward_one_bank_one_mul_b3_slothy_start.split.504_523:[0.2032s]: Found 1 solutions so far... objective (minimize cycles): currently  (Cycles ~ 19.0, IPC ~ 1.00), bound  (Cycles ~ 13.0, IPC ~ 1.46)
INFO:gt864-forward-full-register-schedule.gt864_forward_one_bank_one_mul_b3_slothy_start.split.504_523:[0.2102s]: Found 2 solutions so far... objective (minimize cycles): currently  (Cycles ~ 18.0, IPC ~ 1.06), bound  (Cycles ~ 13.0, IPC ~ 1.46)
INFO:gt864-forward-full-register-schedule.gt864_forward_one_bank_one_mul_b3_slothy_start.split.504_523:[0.2147s]: Found 3 solutions so far... objective (minimize cycles): currently  (Cycles ~ 16.0, IPC ~ 1.19), bound  (Cycles ~ 15.0, IPC ~ 1.27)
INFO:gt864-forward-full-register-schedule.gt864_forward_one_bank_one_mul_b3_slothy_start.split.504_523:[0.2202s]: Found 4 solutions so far... objective (minimize cycles): currently  (Cycles ~ 15.0, IPC ~ 1.27), bound  (Cycles ~ 15.0, IPC ~ 1.27)
INFO:gt864-forward-full-register-schedule.gt864_forward_one_bank_one_mul_b3_slothy_start.split.504_523:Closer than 0 stalls to theoretical optimum... stop
INFO:gt864-forward-full-register-schedule.gt864_forward_one_bank_one_mul_b3_slothy_start.split.504_523:OPTIMAL, wall time: 0.234384 s
INFO:gt864-forward-full-register-schedule.gt864_forward_one_bank_one_mul_b3_slothy_start.split.504_523:Booleans in result: 131
INFO:gt864-forward-full-register-schedule.gt864_forward_one_bank_one_mul_b3_slothy_start.split.504_523.selfcheck:OK!
INFO:gt864-forward-full-register-schedule.gt864_forward_one_bank_one_mul_b3_slothy_start.split.504_523:Minimum number of stalls: 10
INFO:gt864-forward-full-register-schedule.gt864_forward_one_bank_one_mul_b3_slothy_start.split:[  0- 11]: *************..... (13)
INFO:gt864-forward-full-register-schedule.gt864_forward_one_bank_one_mul_b3_slothy_start.split:[ 11- 23]: ***************... (15)
INFO:gt864-forward-full-register-schedule.gt864_forward_one_bank_one_mul_b3_slothy_start.split:[ 23- 35]: **************.... (14)
INFO:gt864-forward-full-register-schedule.gt864_forward_one_bank_one_mul_b3_slothy_start.split:[ 35- 47]: **************.... (14)
INFO:gt864-forward-full-register-schedule.gt864_forward_one_bank_one_mul_b3_slothy_start.split:[ 47- 59]: ************...... (12)
INFO:gt864-forward-full-register-schedule.gt864_forward_one_bank_one_mul_b3_slothy_start.split:[ 59- 71]: ************...... (12)
INFO:gt864-forward-full-register-schedule.gt864_forward_one_bank_one_mul_b3_slothy_start.split:[ 71- 83]: ***************... (15)
INFO:gt864-forward-full-register-schedule.gt864_forward_one_bank_one_mul_b3_slothy_start.split:[ 83- 94]: *************..... (13)
INFO:gt864-forward-full-register-schedule.gt864_forward_one_bank_one_mul_b3_slothy_start.split:[ 94-106]: ****************.. (16)
INFO:gt864-forward-full-register-schedule.gt864_forward_one_bank_one_mul_b3_slothy_start.split:[106-118]: ****************.. (16)
INFO:gt864-forward-full-register-schedule.gt864_forward_one_bank_one_mul_b3_slothy_start.split:[118-130]: ***************... (15)
INFO:gt864-forward-full-register-schedule.gt864_forward_one_bank_one_mul_b3_slothy_start.split:[130-142]: ****************.. (16)
INFO:gt864-forward-full-register-schedule.gt864_forward_one_bank_one_mul_b3_slothy_start.split:[142-154]: ***************... (15)
INFO:gt864-forward-full-register-schedule.gt864_forward_one_bank_one_mul_b3_slothy_start.split:[154-166]: ***************... (15)
INFO:gt864-forward-full-register-schedule.gt864_forward_one_bank_one_mul_b3_slothy_start.split:[166-177]: ***************... (15)
INFO:gt864-forward-full-register-schedule.gt864_forward_one_bank_one_mul_b3_slothy_start.split:[177-189]: ***************... (15)
INFO:gt864-forward-full-register-schedule.gt864_forward_one_bank_one_mul_b3_slothy_start.split:[189-201]: **************.... (14)
INFO:gt864-forward-full-register-schedule.gt864_forward_one_bank_one_mul_b3_slothy_start.split:[201-213]: *************..... (13)
INFO:gt864-forward-full-register-schedule.gt864_forward_one_bank_one_mul_b3_slothy_start.split:[213-225]: *************..... (13)
INFO:gt864-forward-full-register-schedule.gt864_forward_one_bank_one_mul_b3_slothy_start.split:[225-237]: *************..... (13)
INFO:gt864-forward-full-register-schedule.gt864_forward_one_bank_one_mul_b3_slothy_start.split:[237-249]: **************.... (14)
INFO:gt864-forward-full-register-schedule.gt864_forward_one_bank_one_mul_b3_slothy_start.split:[249-260]: **************.... (14)
INFO:gt864-forward-full-register-schedule.gt864_forward_one_bank_one_mul_b3_slothy_start.split:[260-272]: **************.... (14)
INFO:gt864-forward-full-register-schedule.gt864_forward_one_bank_one_mul_b3_slothy_start.split:[272-284]: **************.... (14)
INFO:gt864-forward-full-register-schedule.gt864_forward_one_bank_one_mul_b3_slothy_start.split:[284-296]: **************.... (14)
INFO:gt864-forward-full-register-schedule.gt864_forward_one_bank_one_mul_b3_slothy_start.split:[296-308]: **********........ (10)
INFO:gt864-forward-full-register-schedule.gt864_forward_one_bank_one_mul_b3_slothy_start.split:[308-320]: *********......... (9)
INFO:gt864-forward-full-register-schedule.gt864_forward_one_bank_one_mul_b3_slothy_start.split:[320-332]: ********.......... (8)
INFO:gt864-forward-full-register-schedule.gt864_forward_one_bank_one_mul_b3_slothy_start.split:[332-343]: **********........ (10)
INFO:gt864-forward-full-register-schedule.gt864_forward_one_bank_one_mul_b3_slothy_start.split:[343-355]: ************...... (12)
INFO:gt864-forward-full-register-schedule.gt864_forward_one_bank_one_mul_b3_slothy_start.split:[355-367]: ************...... (12)
INFO:gt864-forward-full-register-schedule.gt864_forward_one_bank_one_mul_b3_slothy_start.split:[367-379]: ***************... (15)
INFO:gt864-forward-full-register-schedule.gt864_forward_one_bank_one_mul_b3_slothy_start.split:[379-391]: ************...... (12)
INFO:gt864-forward-full-register-schedule.gt864_forward_one_bank_one_mul_b3_slothy_start.split:[391-403]: *************..... (13)
INFO:gt864-forward-full-register-schedule.gt864_forward_one_bank_one_mul_b3_slothy_start.split:[403-415]: ***********....... (11)
INFO:gt864-forward-full-register-schedule.gt864_forward_one_bank_one_mul_b3_slothy_start.split:[415-426]: ************...... (12)
INFO:gt864-forward-full-register-schedule.gt864_forward_one_bank_one_mul_b3_slothy_start.split:[426-438]: **************.... (14)
INFO:gt864-forward-full-register-schedule.gt864_forward_one_bank_one_mul_b3_slothy_start.split:[438-450]: ***************... (15)
INFO:gt864-forward-full-register-schedule.gt864_forward_one_bank_one_mul_b3_slothy_start.split:[450-462]: ****************.. (16)
INFO:gt864-forward-full-register-schedule.gt864_forward_one_bank_one_mul_b3_slothy_start.split:[462-474]: *************..... (13)
INFO:gt864-forward-full-register-schedule.gt864_forward_one_bank_one_mul_b3_slothy_start.split:[474-486]: *************..... (13)
INFO:gt864-forward-full-register-schedule.gt864_forward_one_bank_one_mul_b3_slothy_start.split:[486-498]: ***************... (15)
INFO:gt864-forward-full-register-schedule.gt864_forward_one_bank_one_mul_b3_slothy_start.split:[498-509]: ************...... (12)
INFO:gt864-forward-full-register-schedule.gt864_forward_one_bank_one_mul_b3_slothy_start.split:[509-521]: ************...... (12)
INFO:gt864-forward-full-register-schedule.gt864_forward_one_bank_one_mul_b3_slothy_start.split:[521-533]: ************...... (12)
INFO:gt864-forward-full-register-schedule.gt864_forward_one_bank_one_mul_b3_slothy_start.split:[533-545]: *************..... (13)
INFO:gt864-forward-full-register-schedule.gt864_forward_one_bank_one_mul_b3_slothy_start.split:[545-557]: **************.... (14)
INFO:gt864-forward-full-register-schedule.gt864_forward_one_bank_one_mul_b3_slothy_start.split:[557-569]: **************.... (14)
INFO:gt864-forward-full-register-schedule.gt864_forward_one_bank_one_mul_b3_slothy_start.split:[569-581]: **************.... (14)
INFO:gt864-forward-full-register-schedule.gt864_forward_one_bank_one_mul_b3_slothy_start.split:[581-593]: ************...... (12)
INFO:gt864-forward-full-register-schedule.gt864_forward_one_bank_one_mul_b3_slothy_start.split.534_552:Perform internal binary search for minimal number of stalls...
INFO:gt864-forward-full-register-schedule.gt864_forward_one_bank_one_mul_b3_slothy_start.split.534_552:Attempt optimization with max 256 stalls...
INFO:gt864-forward-full-register-schedule.gt864_forward_one_bank_one_mul_b3_slothy_start.split.534_552:Setting timeout of 14400 seconds...
INFO:gt864-forward-full-register-schedule.gt864_forward_one_bank_one_mul_b3_slothy_start.split.534_552:Objective: minimize cycles
INFO:gt864-forward-full-register-schedule.gt864_forward_one_bank_one_mul_b3_slothy_start.split.534_552:Invoking external constraint solver (OR-Tools CP-SAT v9.15.6755) ...
INFO:gt864-forward-full-register-schedule.gt864_forward_one_bank_one_mul_b3_slothy_start.split.534_552:[0.1682s]: Found 1 solutions so far... objective (minimize cycles): currently  (Cycles ~ 24.0, IPC ~ 0.75), bound  (Cycles ~ 19.0, IPC ~ 0.95)
INFO:gt864-forward-full-register-schedule.gt864_forward_one_bank_one_mul_b3_slothy_start.split.534_552:[0.1708s]: Found 2 solutions so far... objective (minimize cycles): currently  (Cycles ~ 23.0, IPC ~ 0.78), bound  (Cycles ~ 22.0, IPC ~ 0.82)
INFO:gt864-forward-full-register-schedule.gt864_forward_one_bank_one_mul_b3_slothy_start.split.534_552:[0.1805s]: Found 3 solutions so far... objective (minimize cycles): currently  (Cycles ~ 22.0, IPC ~ 0.82), bound  (Cycles ~ 22.0, IPC ~ 0.82)
INFO:gt864-forward-full-register-schedule.gt864_forward_one_bank_one_mul_b3_slothy_start.split.534_552:Closer than 0 stalls to theoretical optimum... stop
INFO:gt864-forward-full-register-schedule.gt864_forward_one_bank_one_mul_b3_slothy_start.split.534_552:OPTIMAL, wall time: 0.189880 s
INFO:gt864-forward-full-register-schedule.gt864_forward_one_bank_one_mul_b3_slothy_start.split.534_552:Booleans in result: 137
INFO:gt864-forward-full-register-schedule.gt864_forward_one_bank_one_mul_b3_slothy_start.split.534_552.selfcheck:OK!
INFO:gt864-forward-full-register-schedule.gt864_forward_one_bank_one_mul_b3_slothy_start.split.534_552:Minimum number of stalls: 17
INFO:gt864-forward-full-register-schedule.gt864_forward_one_bank_one_mul_b3_slothy_start.split:[  0- 11]: *************..... (13)
INFO:gt864-forward-full-register-schedule.gt864_forward_one_bank_one_mul_b3_slothy_start.split:[ 11- 23]: ***************... (15)
INFO:gt864-forward-full-register-schedule.gt864_forward_one_bank_one_mul_b3_slothy_start.split:[ 23- 35]: **************.... (14)
INFO:gt864-forward-full-register-schedule.gt864_forward_one_bank_one_mul_b3_slothy_start.split:[ 35- 47]: **************.... (14)
INFO:gt864-forward-full-register-schedule.gt864_forward_one_bank_one_mul_b3_slothy_start.split:[ 47- 59]: ************...... (12)
INFO:gt864-forward-full-register-schedule.gt864_forward_one_bank_one_mul_b3_slothy_start.split:[ 59- 71]: ************...... (12)
INFO:gt864-forward-full-register-schedule.gt864_forward_one_bank_one_mul_b3_slothy_start.split:[ 71- 83]: ***************... (15)
INFO:gt864-forward-full-register-schedule.gt864_forward_one_bank_one_mul_b3_slothy_start.split:[ 83- 94]: *************..... (13)
INFO:gt864-forward-full-register-schedule.gt864_forward_one_bank_one_mul_b3_slothy_start.split:[ 94-106]: ****************.. (16)
INFO:gt864-forward-full-register-schedule.gt864_forward_one_bank_one_mul_b3_slothy_start.split:[106-118]: ****************.. (16)
INFO:gt864-forward-full-register-schedule.gt864_forward_one_bank_one_mul_b3_slothy_start.split:[118-130]: ***************... (15)
INFO:gt864-forward-full-register-schedule.gt864_forward_one_bank_one_mul_b3_slothy_start.split:[130-142]: ****************.. (16)
INFO:gt864-forward-full-register-schedule.gt864_forward_one_bank_one_mul_b3_slothy_start.split:[142-154]: ***************... (15)
INFO:gt864-forward-full-register-schedule.gt864_forward_one_bank_one_mul_b3_slothy_start.split:[154-166]: ***************... (15)
INFO:gt864-forward-full-register-schedule.gt864_forward_one_bank_one_mul_b3_slothy_start.split:[166-177]: ***************... (15)
INFO:gt864-forward-full-register-schedule.gt864_forward_one_bank_one_mul_b3_slothy_start.split:[177-189]: ***************... (15)
INFO:gt864-forward-full-register-schedule.gt864_forward_one_bank_one_mul_b3_slothy_start.split:[189-201]: **************.... (14)
INFO:gt864-forward-full-register-schedule.gt864_forward_one_bank_one_mul_b3_slothy_start.split:[201-213]: *************..... (13)
INFO:gt864-forward-full-register-schedule.gt864_forward_one_bank_one_mul_b3_slothy_start.split:[213-225]: *************..... (13)
INFO:gt864-forward-full-register-schedule.gt864_forward_one_bank_one_mul_b3_slothy_start.split:[225-237]: *************..... (13)
INFO:gt864-forward-full-register-schedule.gt864_forward_one_bank_one_mul_b3_slothy_start.split:[237-249]: **************.... (14)
INFO:gt864-forward-full-register-schedule.gt864_forward_one_bank_one_mul_b3_slothy_start.split:[249-260]: **************.... (14)
INFO:gt864-forward-full-register-schedule.gt864_forward_one_bank_one_mul_b3_slothy_start.split:[260-272]: **************.... (14)
INFO:gt864-forward-full-register-schedule.gt864_forward_one_bank_one_mul_b3_slothy_start.split:[272-284]: **************.... (14)
INFO:gt864-forward-full-register-schedule.gt864_forward_one_bank_one_mul_b3_slothy_start.split:[284-296]: **************.... (14)
INFO:gt864-forward-full-register-schedule.gt864_forward_one_bank_one_mul_b3_slothy_start.split:[296-308]: **********........ (10)
INFO:gt864-forward-full-register-schedule.gt864_forward_one_bank_one_mul_b3_slothy_start.split:[308-320]: *********......... (9)
INFO:gt864-forward-full-register-schedule.gt864_forward_one_bank_one_mul_b3_slothy_start.split:[320-332]: ********.......... (8)
INFO:gt864-forward-full-register-schedule.gt864_forward_one_bank_one_mul_b3_slothy_start.split:[332-343]: **********........ (10)
INFO:gt864-forward-full-register-schedule.gt864_forward_one_bank_one_mul_b3_slothy_start.split:[343-355]: ************...... (12)
INFO:gt864-forward-full-register-schedule.gt864_forward_one_bank_one_mul_b3_slothy_start.split:[355-367]: ************...... (12)
INFO:gt864-forward-full-register-schedule.gt864_forward_one_bank_one_mul_b3_slothy_start.split:[367-379]: ***************... (15)
INFO:gt864-forward-full-register-schedule.gt864_forward_one_bank_one_mul_b3_slothy_start.split:[379-391]: ************...... (12)
INFO:gt864-forward-full-register-schedule.gt864_forward_one_bank_one_mul_b3_slothy_start.split:[391-403]: *************..... (13)
INFO:gt864-forward-full-register-schedule.gt864_forward_one_bank_one_mul_b3_slothy_start.split:[403-415]: ***********....... (11)
INFO:gt864-forward-full-register-schedule.gt864_forward_one_bank_one_mul_b3_slothy_start.split:[415-426]: ************...... (12)
INFO:gt864-forward-full-register-schedule.gt864_forward_one_bank_one_mul_b3_slothy_start.split:[426-438]: **************.... (14)
INFO:gt864-forward-full-register-schedule.gt864_forward_one_bank_one_mul_b3_slothy_start.split:[438-450]: ***************... (15)
INFO:gt864-forward-full-register-schedule.gt864_forward_one_bank_one_mul_b3_slothy_start.split:[450-462]: ****************.. (16)
INFO:gt864-forward-full-register-schedule.gt864_forward_one_bank_one_mul_b3_slothy_start.split:[462-474]: *************..... (13)
INFO:gt864-forward-full-register-schedule.gt864_forward_one_bank_one_mul_b3_slothy_start.split:[474-486]: *************..... (13)
INFO:gt864-forward-full-register-schedule.gt864_forward_one_bank_one_mul_b3_slothy_start.split:[486-498]: ***************... (15)
INFO:gt864-forward-full-register-schedule.gt864_forward_one_bank_one_mul_b3_slothy_start.split:[498-509]: ************...... (12)
INFO:gt864-forward-full-register-schedule.gt864_forward_one_bank_one_mul_b3_slothy_start.split:[509-521]: ************...... (12)
INFO:gt864-forward-full-register-schedule.gt864_forward_one_bank_one_mul_b3_slothy_start.split:[521-533]: ***********....... (11)
INFO:gt864-forward-full-register-schedule.gt864_forward_one_bank_one_mul_b3_slothy_start.split:[533-545]: ************...... (12)
INFO:gt864-forward-full-register-schedule.gt864_forward_one_bank_one_mul_b3_slothy_start.split:[545-557]: **************.... (14)
INFO:gt864-forward-full-register-schedule.gt864_forward_one_bank_one_mul_b3_slothy_start.split:[557-569]: **************.... (14)
INFO:gt864-forward-full-register-schedule.gt864_forward_one_bank_one_mul_b3_slothy_start.split:[569-581]: **************.... (14)
INFO:gt864-forward-full-register-schedule.gt864_forward_one_bank_one_mul_b3_slothy_start.split:[581-593]: ************...... (12)
INFO:gt864-forward-full-register-schedule.gt864_forward_one_bank_one_mul_b3_slothy_start.split.563_582:Perform internal binary search for minimal number of stalls...
INFO:gt864-forward-full-register-schedule.gt864_forward_one_bank_one_mul_b3_slothy_start.split.563_582:Attempt optimization with max 256 stalls...
INFO:gt864-forward-full-register-schedule.gt864_forward_one_bank_one_mul_b3_slothy_start.split.563_582:Setting timeout of 14400 seconds...
INFO:gt864-forward-full-register-schedule.gt864_forward_one_bank_one_mul_b3_slothy_start.split.563_582:Objective: minimize cycles
INFO:gt864-forward-full-register-schedule.gt864_forward_one_bank_one_mul_b3_slothy_start.split.563_582:Invoking external constraint solver (OR-Tools CP-SAT v9.15.6755) ...
INFO:gt864-forward-full-register-schedule.gt864_forward_one_bank_one_mul_b3_slothy_start.split.563_582:[0.1524s]: Found 1 solutions so far... objective (minimize cycles): currently  (Cycles ~ 26.0, IPC ~ 0.73), bound  (Cycles ~ 21.0, IPC ~ 0.90)
INFO:gt864-forward-full-register-schedule.gt864_forward_one_bank_one_mul_b3_slothy_start.split.563_582:[0.1585s]: Found 2 solutions so far... objective (minimize cycles): currently  (Cycles ~ 25.0, IPC ~ 0.76), bound  (Cycles ~ 24.0, IPC ~ 0.79)
INFO:gt864-forward-full-register-schedule.gt864_forward_one_bank_one_mul_b3_slothy_start.split.563_582:[0.1638s]: Found 3 solutions so far... objective (minimize cycles): currently  (Cycles ~ 24.0, IPC ~ 0.79), bound  (Cycles ~ 24.0, IPC ~ 0.79)
INFO:gt864-forward-full-register-schedule.gt864_forward_one_bank_one_mul_b3_slothy_start.split.563_582:Closer than 0 stalls to theoretical optimum... stop
INFO:gt864-forward-full-register-schedule.gt864_forward_one_bank_one_mul_b3_slothy_start.split.563_582:OPTIMAL, wall time: 0.175835 s
INFO:gt864-forward-full-register-schedule.gt864_forward_one_bank_one_mul_b3_slothy_start.split.563_582:Booleans in result: 116
INFO:gt864-forward-full-register-schedule.gt864_forward_one_bank_one_mul_b3_slothy_start.split.563_582.selfcheck:OK!
INFO:gt864-forward-full-register-schedule.gt864_forward_one_bank_one_mul_b3_slothy_start.split.563_582:Minimum number of stalls: 19
INFO:gt864-forward-full-register-schedule.gt864_forward_one_bank_one_mul_b3_slothy_start.split:[  0- 11]: *************..... (13)
INFO:gt864-forward-full-register-schedule.gt864_forward_one_bank_one_mul_b3_slothy_start.split:[ 11- 23]: ***************... (15)
INFO:gt864-forward-full-register-schedule.gt864_forward_one_bank_one_mul_b3_slothy_start.split:[ 23- 35]: **************.... (14)
INFO:gt864-forward-full-register-schedule.gt864_forward_one_bank_one_mul_b3_slothy_start.split:[ 35- 47]: **************.... (14)
INFO:gt864-forward-full-register-schedule.gt864_forward_one_bank_one_mul_b3_slothy_start.split:[ 47- 59]: ************...... (12)
INFO:gt864-forward-full-register-schedule.gt864_forward_one_bank_one_mul_b3_slothy_start.split:[ 59- 71]: ************...... (12)
INFO:gt864-forward-full-register-schedule.gt864_forward_one_bank_one_mul_b3_slothy_start.split:[ 71- 83]: ***************... (15)
INFO:gt864-forward-full-register-schedule.gt864_forward_one_bank_one_mul_b3_slothy_start.split:[ 83- 94]: *************..... (13)
INFO:gt864-forward-full-register-schedule.gt864_forward_one_bank_one_mul_b3_slothy_start.split:[ 94-106]: ****************.. (16)
INFO:gt864-forward-full-register-schedule.gt864_forward_one_bank_one_mul_b3_slothy_start.split:[106-118]: ****************.. (16)
INFO:gt864-forward-full-register-schedule.gt864_forward_one_bank_one_mul_b3_slothy_start.split:[118-130]: ***************... (15)
INFO:gt864-forward-full-register-schedule.gt864_forward_one_bank_one_mul_b3_slothy_start.split:[130-142]: ****************.. (16)
INFO:gt864-forward-full-register-schedule.gt864_forward_one_bank_one_mul_b3_slothy_start.split:[142-154]: ***************... (15)
INFO:gt864-forward-full-register-schedule.gt864_forward_one_bank_one_mul_b3_slothy_start.split:[154-166]: ***************... (15)
INFO:gt864-forward-full-register-schedule.gt864_forward_one_bank_one_mul_b3_slothy_start.split:[166-177]: ***************... (15)
INFO:gt864-forward-full-register-schedule.gt864_forward_one_bank_one_mul_b3_slothy_start.split:[177-189]: ***************... (15)
INFO:gt864-forward-full-register-schedule.gt864_forward_one_bank_one_mul_b3_slothy_start.split:[189-201]: **************.... (14)
INFO:gt864-forward-full-register-schedule.gt864_forward_one_bank_one_mul_b3_slothy_start.split:[201-213]: *************..... (13)
INFO:gt864-forward-full-register-schedule.gt864_forward_one_bank_one_mul_b3_slothy_start.split:[213-225]: *************..... (13)
INFO:gt864-forward-full-register-schedule.gt864_forward_one_bank_one_mul_b3_slothy_start.split:[225-237]: *************..... (13)
INFO:gt864-forward-full-register-schedule.gt864_forward_one_bank_one_mul_b3_slothy_start.split:[237-249]: **************.... (14)
INFO:gt864-forward-full-register-schedule.gt864_forward_one_bank_one_mul_b3_slothy_start.split:[249-260]: **************.... (14)
INFO:gt864-forward-full-register-schedule.gt864_forward_one_bank_one_mul_b3_slothy_start.split:[260-272]: **************.... (14)
INFO:gt864-forward-full-register-schedule.gt864_forward_one_bank_one_mul_b3_slothy_start.split:[272-284]: **************.... (14)
INFO:gt864-forward-full-register-schedule.gt864_forward_one_bank_one_mul_b3_slothy_start.split:[284-296]: **************.... (14)
INFO:gt864-forward-full-register-schedule.gt864_forward_one_bank_one_mul_b3_slothy_start.split:[296-308]: **********........ (10)
INFO:gt864-forward-full-register-schedule.gt864_forward_one_bank_one_mul_b3_slothy_start.split:[308-320]: *********......... (9)
INFO:gt864-forward-full-register-schedule.gt864_forward_one_bank_one_mul_b3_slothy_start.split:[320-332]: ********.......... (8)
INFO:gt864-forward-full-register-schedule.gt864_forward_one_bank_one_mul_b3_slothy_start.split:[332-343]: **********........ (10)
INFO:gt864-forward-full-register-schedule.gt864_forward_one_bank_one_mul_b3_slothy_start.split:[343-355]: ************...... (12)
INFO:gt864-forward-full-register-schedule.gt864_forward_one_bank_one_mul_b3_slothy_start.split:[355-367]: ************...... (12)
INFO:gt864-forward-full-register-schedule.gt864_forward_one_bank_one_mul_b3_slothy_start.split:[367-379]: ***************... (15)
INFO:gt864-forward-full-register-schedule.gt864_forward_one_bank_one_mul_b3_slothy_start.split:[379-391]: ************...... (12)
INFO:gt864-forward-full-register-schedule.gt864_forward_one_bank_one_mul_b3_slothy_start.split:[391-403]: *************..... (13)
INFO:gt864-forward-full-register-schedule.gt864_forward_one_bank_one_mul_b3_slothy_start.split:[403-415]: ***********....... (11)
INFO:gt864-forward-full-register-schedule.gt864_forward_one_bank_one_mul_b3_slothy_start.split:[415-426]: ************...... (12)
INFO:gt864-forward-full-register-schedule.gt864_forward_one_bank_one_mul_b3_slothy_start.split:[426-438]: **************.... (14)
INFO:gt864-forward-full-register-schedule.gt864_forward_one_bank_one_mul_b3_slothy_start.split:[438-450]: ***************... (15)
INFO:gt864-forward-full-register-schedule.gt864_forward_one_bank_one_mul_b3_slothy_start.split:[450-462]: ****************.. (16)
INFO:gt864-forward-full-register-schedule.gt864_forward_one_bank_one_mul_b3_slothy_start.split:[462-474]: *************..... (13)
INFO:gt864-forward-full-register-schedule.gt864_forward_one_bank_one_mul_b3_slothy_start.split:[474-486]: *************..... (13)
INFO:gt864-forward-full-register-schedule.gt864_forward_one_bank_one_mul_b3_slothy_start.split:[486-498]: ***************... (15)
INFO:gt864-forward-full-register-schedule.gt864_forward_one_bank_one_mul_b3_slothy_start.split:[498-509]: ************...... (12)
INFO:gt864-forward-full-register-schedule.gt864_forward_one_bank_one_mul_b3_slothy_start.split:[509-521]: ************...... (12)
INFO:gt864-forward-full-register-schedule.gt864_forward_one_bank_one_mul_b3_slothy_start.split:[521-533]: ***********....... (11)
INFO:gt864-forward-full-register-schedule.gt864_forward_one_bank_one_mul_b3_slothy_start.split:[533-545]: ************...... (12)
INFO:gt864-forward-full-register-schedule.gt864_forward_one_bank_one_mul_b3_slothy_start.split:[545-557]: **************.... (14)
INFO:gt864-forward-full-register-schedule.gt864_forward_one_bank_one_mul_b3_slothy_start.split:[557-569]: ***************... (15)
INFO:gt864-forward-full-register-schedule.gt864_forward_one_bank_one_mul_b3_slothy_start.split:[569-581]: *****************. (17)
INFO:gt864-forward-full-register-schedule.gt864_forward_one_bank_one_mul_b3_slothy_start.split:[581-593]: *************..... (13)
INFO:gt864-forward-full-register-schedule.gt864_forward_one_bank_one_mul_b3_slothy_start.split.split_heuristic_full:OK!
allocated_liveouts=out0:v4,out1:v28,out2:v6,out3:v22,out4:v29,out5:v11,out6:v2,out7:v20,out8:v8,out9:v18,out10:v3,out11:v26,out12:v24,out13:v9,out14:v0,out15:v27,out16:v1,out17:v5
