INFO:gt864-forward-full-register-schedule.gt864_forward_one_bank_all_one_mul_b3_slothy_start:SLOTHY version: 0.2.2
INFO:gt864-forward-full-register-schedule:Instructions in body: 569
INFO:gt864-forward-full-register-schedule.gt864_forward_one_bank_all_one_mul_b3_slothy_start.split.0_18:Perform internal binary search for minimal number of stalls...
INFO:gt864-forward-full-register-schedule.gt864_forward_one_bank_all_one_mul_b3_slothy_start.split.0_18:Attempt optimization with max 256 stalls...
INFO:gt864-forward-full-register-schedule.gt864_forward_one_bank_all_one_mul_b3_slothy_start.split.0_18:Setting timeout of 14400 seconds...
INFO:gt864-forward-full-register-schedule.gt864_forward_one_bank_all_one_mul_b3_slothy_start.split.0_18:Objective: minimize cycles
INFO:gt864-forward-full-register-schedule.gt864_forward_one_bank_all_one_mul_b3_slothy_start.split.0_18:Invoking external constraint solver (OR-Tools CP-SAT v9.15.6755) ...
INFO:gt864-forward-full-register-schedule.gt864_forward_one_bank_all_one_mul_b3_slothy_start.split.0_18:[0.0242s]: Found 1 solutions so far... objective (minimize cycles): currently  (Cycles ~ 108.0, IPC ~ 0.17), bound  (Cycles ~ 108.0, IPC ~ 0.17)
INFO:gt864-forward-full-register-schedule.gt864_forward_one_bank_all_one_mul_b3_slothy_start.split.0_18:Closer than 0 stalls to theoretical optimum... stop
INFO:gt864-forward-full-register-schedule.gt864_forward_one_bank_all_one_mul_b3_slothy_start.split.0_18:OPTIMAL, wall time: 0.032138 s
INFO:gt864-forward-full-register-schedule.gt864_forward_one_bank_all_one_mul_b3_slothy_start.split.0_18:Booleans in result: 37
INFO:gt864-forward-full-register-schedule.gt864_forward_one_bank_all_one_mul_b3_slothy_start.split.0_18.selfcheck:OK!
INFO:gt864-forward-full-register-schedule.gt864_forward_one_bank_all_one_mul_b3_slothy_start.split.0_18:Minimum number of stalls: 103
INFO:gt864-forward-full-register-schedule.gt864_forward_one_bank_all_one_mul_b3_slothy_start.split.18_36:Perform internal binary search for minimal number of stalls...
INFO:gt864-forward-full-register-schedule.gt864_forward_one_bank_all_one_mul_b3_slothy_start.split.18_36:Attempt optimization with max 256 stalls...
INFO:gt864-forward-full-register-schedule.gt864_forward_one_bank_all_one_mul_b3_slothy_start.split.18_36:Setting timeout of 14400 seconds...
INFO:gt864-forward-full-register-schedule.gt864_forward_one_bank_all_one_mul_b3_slothy_start.split.18_36:Objective: minimize cycles
INFO:gt864-forward-full-register-schedule.gt864_forward_one_bank_all_one_mul_b3_slothy_start.split.18_36:Invoking external constraint solver (OR-Tools CP-SAT v9.15.6755) ...
INFO:gt864-forward-full-register-schedule.gt864_forward_one_bank_all_one_mul_b3_slothy_start.split.18_36:[0.0145s]: Found 1 solutions so far... objective (minimize cycles): currently  (Cycles ~ 42.0, IPC ~ 0.43), bound  (Cycles ~ 33.0, IPC ~ 0.55)
INFO:gt864-forward-full-register-schedule.gt864_forward_one_bank_all_one_mul_b3_slothy_start.split.18_36:[0.0149s]: Found 2 solutions so far... objective (minimize cycles): currently  (Cycles ~ 40.0, IPC ~ 0.45), bound  (Cycles ~ 33.0, IPC ~ 0.55)
INFO:gt864-forward-full-register-schedule.gt864_forward_one_bank_all_one_mul_b3_slothy_start.split.18_36:OPTIMAL, wall time: 0.026925 s
INFO:gt864-forward-full-register-schedule.gt864_forward_one_bank_all_one_mul_b3_slothy_start.split.18_36:Booleans in result: 45
INFO:gt864-forward-full-register-schedule.gt864_forward_one_bank_all_one_mul_b3_slothy_start.split.18_36.selfcheck:OK!
INFO:gt864-forward-full-register-schedule.gt864_forward_one_bank_all_one_mul_b3_slothy_start.split.18_36:Minimum number of stalls: 35
INFO:gt864-forward-full-register-schedule.gt864_forward_one_bank_all_one_mul_b3_slothy_start.split.36_53:Perform internal binary search for minimal number of stalls...
INFO:gt864-forward-full-register-schedule.gt864_forward_one_bank_all_one_mul_b3_slothy_start.split.36_53:Attempt optimization with max 256 stalls...
INFO:gt864-forward-full-register-schedule.gt864_forward_one_bank_all_one_mul_b3_slothy_start.split.36_53:Setting timeout of 14400 seconds...
INFO:gt864-forward-full-register-schedule.gt864_forward_one_bank_all_one_mul_b3_slothy_start.split.36_53:Objective: minimize cycles
INFO:gt864-forward-full-register-schedule.gt864_forward_one_bank_all_one_mul_b3_slothy_start.split.36_53:Invoking external constraint solver (OR-Tools CP-SAT v9.15.6755) ...
INFO:gt864-forward-full-register-schedule.gt864_forward_one_bank_all_one_mul_b3_slothy_start.split.36_53:[0.0136s]: Found 1 solutions so far... objective (minimize cycles): currently  (Cycles ~ 39.0, IPC ~ 0.44), bound  (Cycles ~ 33.0, IPC ~ 0.52)
INFO:gt864-forward-full-register-schedule.gt864_forward_one_bank_all_one_mul_b3_slothy_start.split.36_53:[0.0140s]: Found 2 solutions so far... objective (minimize cycles): currently  (Cycles ~ 36.0, IPC ~ 0.47), bound  (Cycles ~ 33.0, IPC ~ 0.52)
INFO:gt864-forward-full-register-schedule.gt864_forward_one_bank_all_one_mul_b3_slothy_start.split.36_53:OPTIMAL, wall time: 0.022587 s
INFO:gt864-forward-full-register-schedule.gt864_forward_one_bank_all_one_mul_b3_slothy_start.split.36_53:Booleans in result: 42
INFO:gt864-forward-full-register-schedule.gt864_forward_one_bank_all_one_mul_b3_slothy_start.split.36_53.selfcheck:OK!
INFO:gt864-forward-full-register-schedule.gt864_forward_one_bank_all_one_mul_b3_slothy_start.split.36_53:Minimum number of stalls: 31
INFO:gt864-forward-full-register-schedule.gt864_forward_one_bank_all_one_mul_b3_slothy_start.split.53_71:Perform internal binary search for minimal number of stalls...
INFO:gt864-forward-full-register-schedule.gt864_forward_one_bank_all_one_mul_b3_slothy_start.split.53_71:Attempt optimization with max 256 stalls...
INFO:gt864-forward-full-register-schedule.gt864_forward_one_bank_all_one_mul_b3_slothy_start.split.53_71:Setting timeout of 14400 seconds...
INFO:gt864-forward-full-register-schedule.gt864_forward_one_bank_all_one_mul_b3_slothy_start.split.53_71:Objective: minimize cycles
INFO:gt864-forward-full-register-schedule.gt864_forward_one_bank_all_one_mul_b3_slothy_start.split.53_71:Invoking external constraint solver (OR-Tools CP-SAT v9.15.6755) ...
INFO:gt864-forward-full-register-schedule.gt864_forward_one_bank_all_one_mul_b3_slothy_start.split.53_71:[0.0144s]: Found 1 solutions so far... objective (minimize cycles): currently  (Cycles ~ 35.0, IPC ~ 0.51), bound  (Cycles ~ 32.0, IPC ~ 0.56)
INFO:gt864-forward-full-register-schedule.gt864_forward_one_bank_all_one_mul_b3_slothy_start.split.53_71:[0.0148s]: Found 2 solutions so far... objective (minimize cycles): currently  (Cycles ~ 34.0, IPC ~ 0.53), bound  (Cycles ~ 32.0, IPC ~ 0.56)
INFO:gt864-forward-full-register-schedule.gt864_forward_one_bank_all_one_mul_b3_slothy_start.split.53_71:OPTIMAL, wall time: 0.021715 s
INFO:gt864-forward-full-register-schedule.gt864_forward_one_bank_all_one_mul_b3_slothy_start.split.53_71:Booleans in result: 41
INFO:gt864-forward-full-register-schedule.gt864_forward_one_bank_all_one_mul_b3_slothy_start.split.53_71.selfcheck:OK!
INFO:gt864-forward-full-register-schedule.gt864_forward_one_bank_all_one_mul_b3_slothy_start.split.53_71:Minimum number of stalls: 29
INFO:gt864-forward-full-register-schedule.gt864_forward_one_bank_all_one_mul_b3_slothy_start.split.71_89:Perform internal binary search for minimal number of stalls...
INFO:gt864-forward-full-register-schedule.gt864_forward_one_bank_all_one_mul_b3_slothy_start.split.71_89:Attempt optimization with max 256 stalls...
INFO:gt864-forward-full-register-schedule.gt864_forward_one_bank_all_one_mul_b3_slothy_start.split.71_89:Setting timeout of 14400 seconds...
INFO:gt864-forward-full-register-schedule.gt864_forward_one_bank_all_one_mul_b3_slothy_start.split.71_89:Objective: minimize cycles
INFO:gt864-forward-full-register-schedule.gt864_forward_one_bank_all_one_mul_b3_slothy_start.split.71_89:Invoking external constraint solver (OR-Tools CP-SAT v9.15.6755) ...
INFO:gt864-forward-full-register-schedule.gt864_forward_one_bank_all_one_mul_b3_slothy_start.split.71_89:[0.0164s]: Found 1 solutions so far... objective (minimize cycles): currently  (Cycles ~ 38.0, IPC ~ 0.47), bound  (Cycles ~ 35.0, IPC ~ 0.51)
INFO:gt864-forward-full-register-schedule.gt864_forward_one_bank_all_one_mul_b3_slothy_start.split.71_89:[0.0171s]: Found 2 solutions so far... objective (minimize cycles): currently  (Cycles ~ 37.0, IPC ~ 0.49), bound  (Cycles ~ 35.0, IPC ~ 0.51)
INFO:gt864-forward-full-register-schedule.gt864_forward_one_bank_all_one_mul_b3_slothy_start.split.71_89:OPTIMAL, wall time: 0.028206 s
INFO:gt864-forward-full-register-schedule.gt864_forward_one_bank_all_one_mul_b3_slothy_start.split.71_89:Booleans in result: 57
INFO:gt864-forward-full-register-schedule.gt864_forward_one_bank_all_one_mul_b3_slothy_start.split.71_89.selfcheck:OK!
INFO:gt864-forward-full-register-schedule.gt864_forward_one_bank_all_one_mul_b3_slothy_start.split.71_89:Minimum number of stalls: 32
INFO:gt864-forward-full-register-schedule.gt864_forward_one_bank_all_one_mul_b3_slothy_start.split.89_107:Perform internal binary search for minimal number of stalls...
INFO:gt864-forward-full-register-schedule.gt864_forward_one_bank_all_one_mul_b3_slothy_start.split.89_107:Attempt optimization with max 256 stalls...
INFO:gt864-forward-full-register-schedule.gt864_forward_one_bank_all_one_mul_b3_slothy_start.split.89_107:Setting timeout of 14400 seconds...
INFO:gt864-forward-full-register-schedule.gt864_forward_one_bank_all_one_mul_b3_slothy_start.split.89_107:Objective: minimize cycles
INFO:gt864-forward-full-register-schedule.gt864_forward_one_bank_all_one_mul_b3_slothy_start.split.89_107:Invoking external constraint solver (OR-Tools CP-SAT v9.15.6755) ...
INFO:gt864-forward-full-register-schedule.gt864_forward_one_bank_all_one_mul_b3_slothy_start.split.89_107:[0.0154s]: Found 1 solutions so far... objective (minimize cycles): currently  (Cycles ~ 42.0, IPC ~ 0.43), bound  (Cycles ~ 38.0, IPC ~ 0.47)
INFO:gt864-forward-full-register-schedule.gt864_forward_one_bank_all_one_mul_b3_slothy_start.split.89_107:[0.0166s]: Found 2 solutions so far... objective (minimize cycles): currently  (Cycles ~ 38.0, IPC ~ 0.47), bound  (Cycles ~ 38.0, IPC ~ 0.47)
INFO:gt864-forward-full-register-schedule.gt864_forward_one_bank_all_one_mul_b3_slothy_start.split.89_107:Closer than 0 stalls to theoretical optimum... stop
INFO:gt864-forward-full-register-schedule.gt864_forward_one_bank_all_one_mul_b3_slothy_start.split.89_107:OPTIMAL, wall time: 0.023823 s
INFO:gt864-forward-full-register-schedule.gt864_forward_one_bank_all_one_mul_b3_slothy_start.split.89_107:Booleans in result: 33
INFO:gt864-forward-full-register-schedule.gt864_forward_one_bank_all_one_mul_b3_slothy_start.split.89_107.selfcheck:OK!
INFO:gt864-forward-full-register-schedule.gt864_forward_one_bank_all_one_mul_b3_slothy_start.split.89_107:Minimum number of stalls: 33
INFO:gt864-forward-full-register-schedule.gt864_forward_one_bank_all_one_mul_b3_slothy_start.split.107_124:Perform internal binary search for minimal number of stalls...
INFO:gt864-forward-full-register-schedule.gt864_forward_one_bank_all_one_mul_b3_slothy_start.split.107_124:Attempt optimization with max 256 stalls...
INFO:gt864-forward-full-register-schedule.gt864_forward_one_bank_all_one_mul_b3_slothy_start.split.107_124:Setting timeout of 14400 seconds...
INFO:gt864-forward-full-register-schedule.gt864_forward_one_bank_all_one_mul_b3_slothy_start.split.107_124:Objective: minimize cycles
INFO:gt864-forward-full-register-schedule.gt864_forward_one_bank_all_one_mul_b3_slothy_start.split.107_124:Invoking external constraint solver (OR-Tools CP-SAT v9.15.6755) ...
INFO:gt864-forward-full-register-schedule.gt864_forward_one_bank_all_one_mul_b3_slothy_start.split.107_124:[0.0148s]: Found 1 solutions so far... objective (minimize cycles): currently  (Cycles ~ 42.0, IPC ~ 0.40), bound  (Cycles ~ 38.0, IPC ~ 0.45)
INFO:gt864-forward-full-register-schedule.gt864_forward_one_bank_all_one_mul_b3_slothy_start.split.107_124:[0.0155s]: Found 2 solutions so far... objective (minimize cycles): currently  (Cycles ~ 38.0, IPC ~ 0.45), bound  (Cycles ~ 38.0, IPC ~ 0.45)
INFO:gt864-forward-full-register-schedule.gt864_forward_one_bank_all_one_mul_b3_slothy_start.split.107_124:Closer than 0 stalls to theoretical optimum... stop
INFO:gt864-forward-full-register-schedule.gt864_forward_one_bank_all_one_mul_b3_slothy_start.split.107_124:OPTIMAL, wall time: 0.021204 s
INFO:gt864-forward-full-register-schedule.gt864_forward_one_bank_all_one_mul_b3_slothy_start.split.107_124:Booleans in result: 34
INFO:gt864-forward-full-register-schedule.gt864_forward_one_bank_all_one_mul_b3_slothy_start.split.107_124.selfcheck:OK!
INFO:gt864-forward-full-register-schedule.gt864_forward_one_bank_all_one_mul_b3_slothy_start.split.107_124:Minimum number of stalls: 33
INFO:gt864-forward-full-register-schedule.gt864_forward_one_bank_all_one_mul_b3_slothy_start.split.124_142:Perform internal binary search for minimal number of stalls...
INFO:gt864-forward-full-register-schedule.gt864_forward_one_bank_all_one_mul_b3_slothy_start.split.124_142:Attempt optimization with max 256 stalls...
INFO:gt864-forward-full-register-schedule.gt864_forward_one_bank_all_one_mul_b3_slothy_start.split.124_142:Setting timeout of 14400 seconds...
INFO:gt864-forward-full-register-schedule.gt864_forward_one_bank_all_one_mul_b3_slothy_start.split.124_142:Objective: minimize cycles
INFO:gt864-forward-full-register-schedule.gt864_forward_one_bank_all_one_mul_b3_slothy_start.split.124_142:Invoking external constraint solver (OR-Tools CP-SAT v9.15.6755) ...
INFO:gt864-forward-full-register-schedule.gt864_forward_one_bank_all_one_mul_b3_slothy_start.split.124_142:[0.0154s]: Found 1 solutions so far... objective (minimize cycles): currently  (Cycles ~ 48.0, IPC ~ 0.38), bound  (Cycles ~ 44.0, IPC ~ 0.41)
INFO:gt864-forward-full-register-schedule.gt864_forward_one_bank_all_one_mul_b3_slothy_start.split.124_142:[0.0165s]: Found 2 solutions so far... objective (minimize cycles): currently  (Cycles ~ 44.0, IPC ~ 0.41), bound  (Cycles ~ 44.0, IPC ~ 0.41)
INFO:gt864-forward-full-register-schedule.gt864_forward_one_bank_all_one_mul_b3_slothy_start.split.124_142:Closer than 0 stalls to theoretical optimum... stop
INFO:gt864-forward-full-register-schedule.gt864_forward_one_bank_all_one_mul_b3_slothy_start.split.124_142:OPTIMAL, wall time: 0.027598 s
INFO:gt864-forward-full-register-schedule.gt864_forward_one_bank_all_one_mul_b3_slothy_start.split.124_142:Booleans in result: 43
INFO:gt864-forward-full-register-schedule.gt864_forward_one_bank_all_one_mul_b3_slothy_start.split.124_142.selfcheck:OK!
INFO:gt864-forward-full-register-schedule.gt864_forward_one_bank_all_one_mul_b3_slothy_start.split.124_142:Minimum number of stalls: 39
INFO:gt864-forward-full-register-schedule.gt864_forward_one_bank_all_one_mul_b3_slothy_start.split.142_160:Perform internal binary search for minimal number of stalls...
INFO:gt864-forward-full-register-schedule.gt864_forward_one_bank_all_one_mul_b3_slothy_start.split.142_160:Attempt optimization with max 256 stalls...
INFO:gt864-forward-full-register-schedule.gt864_forward_one_bank_all_one_mul_b3_slothy_start.split.142_160:Setting timeout of 14400 seconds...
INFO:gt864-forward-full-register-schedule.gt864_forward_one_bank_all_one_mul_b3_slothy_start.split.142_160:Objective: minimize cycles
INFO:gt864-forward-full-register-schedule.gt864_forward_one_bank_all_one_mul_b3_slothy_start.split.142_160:Invoking external constraint solver (OR-Tools CP-SAT v9.15.6755) ...
INFO:gt864-forward-full-register-schedule.gt864_forward_one_bank_all_one_mul_b3_slothy_start.split.142_160:[0.0154s]: Found 1 solutions so far... objective (minimize cycles): currently  (Cycles ~ 36.0, IPC ~ 0.50), bound  (Cycles ~ 34.0, IPC ~ 0.53)
INFO:gt864-forward-full-register-schedule.gt864_forward_one_bank_all_one_mul_b3_slothy_start.split.142_160:OPTIMAL, wall time: 0.024942 s
INFO:gt864-forward-full-register-schedule.gt864_forward_one_bank_all_one_mul_b3_slothy_start.split.142_160:Booleans in result: 37
INFO:gt864-forward-full-register-schedule.gt864_forward_one_bank_all_one_mul_b3_slothy_start.split.142_160.selfcheck:OK!
INFO:gt864-forward-full-register-schedule.gt864_forward_one_bank_all_one_mul_b3_slothy_start.split.142_160:Minimum number of stalls: 31
INFO:gt864-forward-full-register-schedule.gt864_forward_one_bank_all_one_mul_b3_slothy_start.split.160_178:Perform internal binary search for minimal number of stalls...
INFO:gt864-forward-full-register-schedule.gt864_forward_one_bank_all_one_mul_b3_slothy_start.split.160_178:Attempt optimization with max 256 stalls...
INFO:gt864-forward-full-register-schedule.gt864_forward_one_bank_all_one_mul_b3_slothy_start.split.160_178:Setting timeout of 14400 seconds...
INFO:gt864-forward-full-register-schedule.gt864_forward_one_bank_all_one_mul_b3_slothy_start.split.160_178:Objective: minimize cycles
INFO:gt864-forward-full-register-schedule.gt864_forward_one_bank_all_one_mul_b3_slothy_start.split.160_178:Invoking external constraint solver (OR-Tools CP-SAT v9.15.6755) ...
INFO:gt864-forward-full-register-schedule.gt864_forward_one_bank_all_one_mul_b3_slothy_start.split.160_178:[0.0160s]: Found 1 solutions so far... objective (minimize cycles): currently  (Cycles ~ 52.0, IPC ~ 0.35), bound  (Cycles ~ 43.0, IPC ~ 0.42)
INFO:gt864-forward-full-register-schedule.gt864_forward_one_bank_all_one_mul_b3_slothy_start.split.160_178:[0.0165s]: Found 2 solutions so far... objective (minimize cycles): currently  (Cycles ~ 43.0, IPC ~ 0.42), bound  (Cycles ~ 43.0, IPC ~ 0.42)
INFO:gt864-forward-full-register-schedule.gt864_forward_one_bank_all_one_mul_b3_slothy_start.split.160_178:Closer than 0 stalls to theoretical optimum... stop
INFO:gt864-forward-full-register-schedule.gt864_forward_one_bank_all_one_mul_b3_slothy_start.split.160_178:OPTIMAL, wall time: 0.021170 s
INFO:gt864-forward-full-register-schedule.gt864_forward_one_bank_all_one_mul_b3_slothy_start.split.160_178:Booleans in result: 37
INFO:gt864-forward-full-register-schedule.gt864_forward_one_bank_all_one_mul_b3_slothy_start.split.160_178.selfcheck:OK!
INFO:gt864-forward-full-register-schedule.gt864_forward_one_bank_all_one_mul_b3_slothy_start.split.160_178:Minimum number of stalls: 38
INFO:gt864-forward-full-register-schedule.gt864_forward_one_bank_all_one_mul_b3_slothy_start.split.178_196:Perform internal binary search for minimal number of stalls...
INFO:gt864-forward-full-register-schedule.gt864_forward_one_bank_all_one_mul_b3_slothy_start.split.178_196:Attempt optimization with max 256 stalls...
INFO:gt864-forward-full-register-schedule.gt864_forward_one_bank_all_one_mul_b3_slothy_start.split.178_196:Setting timeout of 14400 seconds...
INFO:gt864-forward-full-register-schedule.gt864_forward_one_bank_all_one_mul_b3_slothy_start.split.178_196:Objective: minimize cycles
INFO:gt864-forward-full-register-schedule.gt864_forward_one_bank_all_one_mul_b3_slothy_start.split.178_196:Invoking external constraint solver (OR-Tools CP-SAT v9.15.6755) ...
INFO:gt864-forward-full-register-schedule.gt864_forward_one_bank_all_one_mul_b3_slothy_start.split.178_196:[0.0151s]: Found 1 solutions so far... objective (minimize cycles): currently  (Cycles ~ 36.0, IPC ~ 0.50), bound  (Cycles ~ 34.0, IPC ~ 0.53)
INFO:gt864-forward-full-register-schedule.gt864_forward_one_bank_all_one_mul_b3_slothy_start.split.178_196:OPTIMAL, wall time: 0.022763 s
INFO:gt864-forward-full-register-schedule.gt864_forward_one_bank_all_one_mul_b3_slothy_start.split.178_196:Booleans in result: 38
INFO:gt864-forward-full-register-schedule.gt864_forward_one_bank_all_one_mul_b3_slothy_start.split.178_196.selfcheck:OK!
INFO:gt864-forward-full-register-schedule.gt864_forward_one_bank_all_one_mul_b3_slothy_start.split.178_196:Minimum number of stalls: 31
INFO:gt864-forward-full-register-schedule.gt864_forward_one_bank_all_one_mul_b3_slothy_start.split.196_213:Perform internal binary search for minimal number of stalls...
INFO:gt864-forward-full-register-schedule.gt864_forward_one_bank_all_one_mul_b3_slothy_start.split.196_213:Attempt optimization with max 256 stalls...
INFO:gt864-forward-full-register-schedule.gt864_forward_one_bank_all_one_mul_b3_slothy_start.split.196_213:Setting timeout of 14400 seconds...
INFO:gt864-forward-full-register-schedule.gt864_forward_one_bank_all_one_mul_b3_slothy_start.split.196_213:Objective: minimize cycles
INFO:gt864-forward-full-register-schedule.gt864_forward_one_bank_all_one_mul_b3_slothy_start.split.196_213:Invoking external constraint solver (OR-Tools CP-SAT v9.15.6755) ...
INFO:gt864-forward-full-register-schedule.gt864_forward_one_bank_all_one_mul_b3_slothy_start.split.196_213:[0.0140s]: Found 1 solutions so far... objective (minimize cycles): currently  (Cycles ~ 39.0, IPC ~ 0.44), bound  (Cycles ~ 39.0, IPC ~ 0.44)
INFO:gt864-forward-full-register-schedule.gt864_forward_one_bank_all_one_mul_b3_slothy_start.split.196_213:Closer than 0 stalls to theoretical optimum... stop
INFO:gt864-forward-full-register-schedule.gt864_forward_one_bank_all_one_mul_b3_slothy_start.split.196_213:OPTIMAL, wall time: 0.020625 s
INFO:gt864-forward-full-register-schedule.gt864_forward_one_bank_all_one_mul_b3_slothy_start.split.196_213:Booleans in result: 36
INFO:gt864-forward-full-register-schedule.gt864_forward_one_bank_all_one_mul_b3_slothy_start.split.196_213.selfcheck:OK!
INFO:gt864-forward-full-register-schedule.gt864_forward_one_bank_all_one_mul_b3_slothy_start.split.196_213:Minimum number of stalls: 34
INFO:gt864-forward-full-register-schedule.gt864_forward_one_bank_all_one_mul_b3_slothy_start.split.213_231:Perform internal binary search for minimal number of stalls...
INFO:gt864-forward-full-register-schedule.gt864_forward_one_bank_all_one_mul_b3_slothy_start.split.213_231:Attempt optimization with max 256 stalls...
INFO:gt864-forward-full-register-schedule.gt864_forward_one_bank_all_one_mul_b3_slothy_start.split.213_231:Setting timeout of 14400 seconds...
INFO:gt864-forward-full-register-schedule.gt864_forward_one_bank_all_one_mul_b3_slothy_start.split.213_231:Objective: minimize cycles
INFO:gt864-forward-full-register-schedule.gt864_forward_one_bank_all_one_mul_b3_slothy_start.split.213_231:Invoking external constraint solver (OR-Tools CP-SAT v9.15.6755) ...
INFO:gt864-forward-full-register-schedule.gt864_forward_one_bank_all_one_mul_b3_slothy_start.split.213_231:[0.0159s]: Found 1 solutions so far... objective (minimize cycles): currently  (Cycles ~ 38.0, IPC ~ 0.47), bound  (Cycles ~ 38.0, IPC ~ 0.47)
INFO:gt864-forward-full-register-schedule.gt864_forward_one_bank_all_one_mul_b3_slothy_start.split.213_231:Closer than 0 stalls to theoretical optimum... stop
INFO:gt864-forward-full-register-schedule.gt864_forward_one_bank_all_one_mul_b3_slothy_start.split.213_231:OPTIMAL, wall time: 0.024725 s
INFO:gt864-forward-full-register-schedule.gt864_forward_one_bank_all_one_mul_b3_slothy_start.split.213_231:Booleans in result: 37
INFO:gt864-forward-full-register-schedule.gt864_forward_one_bank_all_one_mul_b3_slothy_start.split.213_231.selfcheck:OK!
INFO:gt864-forward-full-register-schedule.gt864_forward_one_bank_all_one_mul_b3_slothy_start.split.213_231:Minimum number of stalls: 33
INFO:gt864-forward-full-register-schedule.gt864_forward_one_bank_all_one_mul_b3_slothy_start.split.231_249:Perform internal binary search for minimal number of stalls...
INFO:gt864-forward-full-register-schedule.gt864_forward_one_bank_all_one_mul_b3_slothy_start.split.231_249:Attempt optimization with max 256 stalls...
INFO:gt864-forward-full-register-schedule.gt864_forward_one_bank_all_one_mul_b3_slothy_start.split.231_249:Setting timeout of 14400 seconds...
INFO:gt864-forward-full-register-schedule.gt864_forward_one_bank_all_one_mul_b3_slothy_start.split.231_249:Objective: minimize cycles
INFO:gt864-forward-full-register-schedule.gt864_forward_one_bank_all_one_mul_b3_slothy_start.split.231_249:Invoking external constraint solver (OR-Tools CP-SAT v9.15.6755) ...
INFO:gt864-forward-full-register-schedule.gt864_forward_one_bank_all_one_mul_b3_slothy_start.split.231_249:[0.0156s]: Found 1 solutions so far... objective (minimize cycles): currently  (Cycles ~ 41.0, IPC ~ 0.44), bound  (Cycles ~ 41.0, IPC ~ 0.44)
INFO:gt864-forward-full-register-schedule.gt864_forward_one_bank_all_one_mul_b3_slothy_start.split.231_249:Closer than 0 stalls to theoretical optimum... stop
INFO:gt864-forward-full-register-schedule.gt864_forward_one_bank_all_one_mul_b3_slothy_start.split.231_249:OPTIMAL, wall time: 0.021111 s
INFO:gt864-forward-full-register-schedule.gt864_forward_one_bank_all_one_mul_b3_slothy_start.split.231_249:Booleans in result: 7
INFO:gt864-forward-full-register-schedule.gt864_forward_one_bank_all_one_mul_b3_slothy_start.split.231_249.selfcheck:OK!
INFO:gt864-forward-full-register-schedule.gt864_forward_one_bank_all_one_mul_b3_slothy_start.split.231_249:Minimum number of stalls: 36
INFO:gt864-forward-full-register-schedule.gt864_forward_one_bank_all_one_mul_b3_slothy_start.split.249_267:Perform internal binary search for minimal number of stalls...
INFO:gt864-forward-full-register-schedule.gt864_forward_one_bank_all_one_mul_b3_slothy_start.split.249_267:Attempt optimization with max 256 stalls...
INFO:gt864-forward-full-register-schedule.gt864_forward_one_bank_all_one_mul_b3_slothy_start.split.249_267:Setting timeout of 14400 seconds...
INFO:gt864-forward-full-register-schedule.gt864_forward_one_bank_all_one_mul_b3_slothy_start.split.249_267:Objective: minimize cycles
INFO:gt864-forward-full-register-schedule.gt864_forward_one_bank_all_one_mul_b3_slothy_start.split.249_267:Invoking external constraint solver (OR-Tools CP-SAT v9.15.6755) ...
INFO:gt864-forward-full-register-schedule.gt864_forward_one_bank_all_one_mul_b3_slothy_start.split.249_267:[0.0152s]: Found 1 solutions so far... objective (minimize cycles): currently  (Cycles ~ 38.0, IPC ~ 0.47), bound  (Cycles ~ 38.0, IPC ~ 0.47)
INFO:gt864-forward-full-register-schedule.gt864_forward_one_bank_all_one_mul_b3_slothy_start.split.249_267:Closer than 0 stalls to theoretical optimum... stop
INFO:gt864-forward-full-register-schedule.gt864_forward_one_bank_all_one_mul_b3_slothy_start.split.249_267:OPTIMAL, wall time: 0.023764 s
INFO:gt864-forward-full-register-schedule.gt864_forward_one_bank_all_one_mul_b3_slothy_start.split.249_267:Booleans in result: 36
INFO:gt864-forward-full-register-schedule.gt864_forward_one_bank_all_one_mul_b3_slothy_start.split.249_267.selfcheck:OK!
INFO:gt864-forward-full-register-schedule.gt864_forward_one_bank_all_one_mul_b3_slothy_start.split.249_267:Minimum number of stalls: 33
INFO:gt864-forward-full-register-schedule.gt864_forward_one_bank_all_one_mul_b3_slothy_start.split.267_284:Perform internal binary search for minimal number of stalls...
INFO:gt864-forward-full-register-schedule.gt864_forward_one_bank_all_one_mul_b3_slothy_start.split.267_284:Attempt optimization with max 256 stalls...
INFO:gt864-forward-full-register-schedule.gt864_forward_one_bank_all_one_mul_b3_slothy_start.split.267_284:Setting timeout of 14400 seconds...
INFO:gt864-forward-full-register-schedule.gt864_forward_one_bank_all_one_mul_b3_slothy_start.split.267_284:Objective: minimize cycles
INFO:gt864-forward-full-register-schedule.gt864_forward_one_bank_all_one_mul_b3_slothy_start.split.267_284:Invoking external constraint solver (OR-Tools CP-SAT v9.15.6755) ...
INFO:gt864-forward-full-register-schedule.gt864_forward_one_bank_all_one_mul_b3_slothy_start.split.267_284:[0.0143s]: Found 1 solutions so far... objective (minimize cycles): currently  (Cycles ~ 37.0, IPC ~ 0.46), bound  (Cycles ~ 35.0, IPC ~ 0.49)
INFO:gt864-forward-full-register-schedule.gt864_forward_one_bank_all_one_mul_b3_slothy_start.split.267_284:OPTIMAL, wall time: 0.021788 s
INFO:gt864-forward-full-register-schedule.gt864_forward_one_bank_all_one_mul_b3_slothy_start.split.267_284:Booleans in result: 35
INFO:gt864-forward-full-register-schedule.gt864_forward_one_bank_all_one_mul_b3_slothy_start.split.267_284.selfcheck:OK!
INFO:gt864-forward-full-register-schedule.gt864_forward_one_bank_all_one_mul_b3_slothy_start.split.267_284:Minimum number of stalls: 32
INFO:gt864-forward-full-register-schedule.gt864_forward_one_bank_all_one_mul_b3_slothy_start.split.284_302:Perform internal binary search for minimal number of stalls...
INFO:gt864-forward-full-register-schedule.gt864_forward_one_bank_all_one_mul_b3_slothy_start.split.284_302:Attempt optimization with max 256 stalls...
INFO:gt864-forward-full-register-schedule.gt864_forward_one_bank_all_one_mul_b3_slothy_start.split.284_302:Setting timeout of 14400 seconds...
INFO:gt864-forward-full-register-schedule.gt864_forward_one_bank_all_one_mul_b3_slothy_start.split.284_302:Objective: minimize cycles
INFO:gt864-forward-full-register-schedule.gt864_forward_one_bank_all_one_mul_b3_slothy_start.split.284_302:Invoking external constraint solver (OR-Tools CP-SAT v9.15.6755) ...
INFO:gt864-forward-full-register-schedule.gt864_forward_one_bank_all_one_mul_b3_slothy_start.split.284_302:[0.0159s]: Found 1 solutions so far... objective (minimize cycles): currently  (Cycles ~ 31.0, IPC ~ 0.58), bound  (Cycles ~ 31.0, IPC ~ 0.58)
INFO:gt864-forward-full-register-schedule.gt864_forward_one_bank_all_one_mul_b3_slothy_start.split.284_302:Closer than 0 stalls to theoretical optimum... stop
INFO:gt864-forward-full-register-schedule.gt864_forward_one_bank_all_one_mul_b3_slothy_start.split.284_302:OPTIMAL, wall time: 0.018804 s
INFO:gt864-forward-full-register-schedule.gt864_forward_one_bank_all_one_mul_b3_slothy_start.split.284_302:Booleans in result: 42
INFO:gt864-forward-full-register-schedule.gt864_forward_one_bank_all_one_mul_b3_slothy_start.split.284_302.selfcheck:OK!
INFO:gt864-forward-full-register-schedule.gt864_forward_one_bank_all_one_mul_b3_slothy_start.split.284_302:Minimum number of stalls: 26
INFO:gt864-forward-full-register-schedule.gt864_forward_one_bank_all_one_mul_b3_slothy_start.split.302_320:Perform internal binary search for minimal number of stalls...
INFO:gt864-forward-full-register-schedule.gt864_forward_one_bank_all_one_mul_b3_slothy_start.split.302_320:Attempt optimization with max 256 stalls...
INFO:gt864-forward-full-register-schedule.gt864_forward_one_bank_all_one_mul_b3_slothy_start.split.302_320:Setting timeout of 14400 seconds...
INFO:gt864-forward-full-register-schedule.gt864_forward_one_bank_all_one_mul_b3_slothy_start.split.302_320:Objective: minimize cycles
INFO:gt864-forward-full-register-schedule.gt864_forward_one_bank_all_one_mul_b3_slothy_start.split.302_320:Invoking external constraint solver (OR-Tools CP-SAT v9.15.6755) ...
INFO:gt864-forward-full-register-schedule.gt864_forward_one_bank_all_one_mul_b3_slothy_start.split.302_320:[0.0170s]: Found 1 solutions so far... objective (minimize cycles): currently  (Cycles ~ 9.0, IPC ~ 2.00), bound  (Cycles ~ 9.0, IPC ~ 2.00)
INFO:gt864-forward-full-register-schedule.gt864_forward_one_bank_all_one_mul_b3_slothy_start.split.302_320:Closer than 0 stalls to theoretical optimum... stop
INFO:gt864-forward-full-register-schedule.gt864_forward_one_bank_all_one_mul_b3_slothy_start.split.302_320:OPTIMAL, wall time: 0.025602 s
INFO:gt864-forward-full-register-schedule.gt864_forward_one_bank_all_one_mul_b3_slothy_start.split.302_320:Booleans in result: 53
INFO:gt864-forward-full-register-schedule.gt864_forward_one_bank_all_one_mul_b3_slothy_start.split.302_320.selfcheck:OK!
INFO:gt864-forward-full-register-schedule.gt864_forward_one_bank_all_one_mul_b3_slothy_start.split.302_320:Minimum number of stalls: 4
INFO:gt864-forward-full-register-schedule.gt864_forward_one_bank_all_one_mul_b3_slothy_start.split.320_338:Perform internal binary search for minimal number of stalls...
INFO:gt864-forward-full-register-schedule.gt864_forward_one_bank_all_one_mul_b3_slothy_start.split.320_338:Attempt optimization with max 256 stalls...
INFO:gt864-forward-full-register-schedule.gt864_forward_one_bank_all_one_mul_b3_slothy_start.split.320_338:Setting timeout of 14400 seconds...
INFO:gt864-forward-full-register-schedule.gt864_forward_one_bank_all_one_mul_b3_slothy_start.split.320_338:Objective: minimize cycles
INFO:gt864-forward-full-register-schedule.gt864_forward_one_bank_all_one_mul_b3_slothy_start.split.320_338:Invoking external constraint solver (OR-Tools CP-SAT v9.15.6755) ...
INFO:gt864-forward-full-register-schedule.gt864_forward_one_bank_all_one_mul_b3_slothy_start.split.320_338:[0.0175s]: Found 1 solutions so far... objective (minimize cycles): currently  (Cycles ~ 18.0, IPC ~ 1.00), bound  (Cycles ~ 9.0, IPC ~ 2.00)
INFO:gt864-forward-full-register-schedule.gt864_forward_one_bank_all_one_mul_b3_slothy_start.split.320_338:[0.0179s]: Found 2 solutions so far... objective (minimize cycles): currently  (Cycles ~ 9.0, IPC ~ 2.00), bound  (Cycles ~ 9.0, IPC ~ 2.00)
INFO:gt864-forward-full-register-schedule.gt864_forward_one_bank_all_one_mul_b3_slothy_start.split.320_338:Closer than 0 stalls to theoretical optimum... stop
INFO:gt864-forward-full-register-schedule.gt864_forward_one_bank_all_one_mul_b3_slothy_start.split.320_338:OPTIMAL, wall time: 0.026803 s
INFO:gt864-forward-full-register-schedule.gt864_forward_one_bank_all_one_mul_b3_slothy_start.split.320_338:Booleans in result: 53
INFO:gt864-forward-full-register-schedule.gt864_forward_one_bank_all_one_mul_b3_slothy_start.split.320_338.selfcheck:OK!
INFO:gt864-forward-full-register-schedule.gt864_forward_one_bank_all_one_mul_b3_slothy_start.split.320_338:Minimum number of stalls: 4
INFO:gt864-forward-full-register-schedule.gt864_forward_one_bank_all_one_mul_b3_slothy_start.split.338_356:Perform internal binary search for minimal number of stalls...
INFO:gt864-forward-full-register-schedule.gt864_forward_one_bank_all_one_mul_b3_slothy_start.split.338_356:Attempt optimization with max 256 stalls...
INFO:gt864-forward-full-register-schedule.gt864_forward_one_bank_all_one_mul_b3_slothy_start.split.338_356:Setting timeout of 14400 seconds...
INFO:gt864-forward-full-register-schedule.gt864_forward_one_bank_all_one_mul_b3_slothy_start.split.338_356:Objective: minimize cycles
INFO:gt864-forward-full-register-schedule.gt864_forward_one_bank_all_one_mul_b3_slothy_start.split.338_356:Invoking external constraint solver (OR-Tools CP-SAT v9.15.6755) ...
INFO:gt864-forward-full-register-schedule.gt864_forward_one_bank_all_one_mul_b3_slothy_start.split.338_356:[0.0162s]: Found 1 solutions so far... objective (minimize cycles): currently  (Cycles ~ 27.0, IPC ~ 0.67), bound  (Cycles ~ 24.0, IPC ~ 0.75)
INFO:gt864-forward-full-register-schedule.gt864_forward_one_bank_all_one_mul_b3_slothy_start.split.338_356:[0.0174s]: Found 2 solutions so far... objective (minimize cycles): currently  (Cycles ~ 24.0, IPC ~ 0.75), bound  (Cycles ~ 24.0, IPC ~ 0.75)
INFO:gt864-forward-full-register-schedule.gt864_forward_one_bank_all_one_mul_b3_slothy_start.split.338_356:Closer than 0 stalls to theoretical optimum... stop
INFO:gt864-forward-full-register-schedule.gt864_forward_one_bank_all_one_mul_b3_slothy_start.split.338_356:OPTIMAL, wall time: 0.024567 s
INFO:gt864-forward-full-register-schedule.gt864_forward_one_bank_all_one_mul_b3_slothy_start.split.338_356:Booleans in result: 64
INFO:gt864-forward-full-register-schedule.gt864_forward_one_bank_all_one_mul_b3_slothy_start.split.338_356.selfcheck:OK!
INFO:gt864-forward-full-register-schedule.gt864_forward_one_bank_all_one_mul_b3_slothy_start.split.338_356:Minimum number of stalls: 19
INFO:gt864-forward-full-register-schedule.gt864_forward_one_bank_all_one_mul_b3_slothy_start.split.356_373:Perform internal binary search for minimal number of stalls...
INFO:gt864-forward-full-register-schedule.gt864_forward_one_bank_all_one_mul_b3_slothy_start.split.356_373:Attempt optimization with max 256 stalls...
INFO:gt864-forward-full-register-schedule.gt864_forward_one_bank_all_one_mul_b3_slothy_start.split.356_373:Setting timeout of 14400 seconds...
INFO:gt864-forward-full-register-schedule.gt864_forward_one_bank_all_one_mul_b3_slothy_start.split.356_373:Objective: minimize cycles
INFO:gt864-forward-full-register-schedule.gt864_forward_one_bank_all_one_mul_b3_slothy_start.split.356_373:Invoking external constraint solver (OR-Tools CP-SAT v9.15.6755) ...
INFO:gt864-forward-full-register-schedule.gt864_forward_one_bank_all_one_mul_b3_slothy_start.split.356_373:[0.0144s]: Found 1 solutions so far... objective (minimize cycles): currently  (Cycles ~ 35.0, IPC ~ 0.49), bound  (Cycles ~ 35.0, IPC ~ 0.49)
INFO:gt864-forward-full-register-schedule.gt864_forward_one_bank_all_one_mul_b3_slothy_start.split.356_373:Closer than 0 stalls to theoretical optimum... stop
INFO:gt864-forward-full-register-schedule.gt864_forward_one_bank_all_one_mul_b3_slothy_start.split.356_373:OPTIMAL, wall time: 0.021851 s
INFO:gt864-forward-full-register-schedule.gt864_forward_one_bank_all_one_mul_b3_slothy_start.split.356_373:Booleans in result: 37
INFO:gt864-forward-full-register-schedule.gt864_forward_one_bank_all_one_mul_b3_slothy_start.split.356_373.selfcheck:OK!
INFO:gt864-forward-full-register-schedule.gt864_forward_one_bank_all_one_mul_b3_slothy_start.split.356_373:Minimum number of stalls: 30
INFO:gt864-forward-full-register-schedule.gt864_forward_one_bank_all_one_mul_b3_slothy_start.split.373_391:Perform internal binary search for minimal number of stalls...
INFO:gt864-forward-full-register-schedule.gt864_forward_one_bank_all_one_mul_b3_slothy_start.split.373_391:Attempt optimization with max 256 stalls...
INFO:gt864-forward-full-register-schedule.gt864_forward_one_bank_all_one_mul_b3_slothy_start.split.373_391:Setting timeout of 14400 seconds...
INFO:gt864-forward-full-register-schedule.gt864_forward_one_bank_all_one_mul_b3_slothy_start.split.373_391:Objective: minimize cycles
INFO:gt864-forward-full-register-schedule.gt864_forward_one_bank_all_one_mul_b3_slothy_start.split.373_391:Invoking external constraint solver (OR-Tools CP-SAT v9.15.6755) ...
INFO:gt864-forward-full-register-schedule.gt864_forward_one_bank_all_one_mul_b3_slothy_start.split.373_391:[0.0168s]: Found 1 solutions so far... objective (minimize cycles): currently  (Cycles ~ 35.0, IPC ~ 0.51), bound  (Cycles ~ 32.0, IPC ~ 0.56)
INFO:gt864-forward-full-register-schedule.gt864_forward_one_bank_all_one_mul_b3_slothy_start.split.373_391:[0.0174s]: Found 2 solutions so far... objective (minimize cycles): currently  (Cycles ~ 32.0, IPC ~ 0.56), bound  (Cycles ~ 32.0, IPC ~ 0.56)
INFO:gt864-forward-full-register-schedule.gt864_forward_one_bank_all_one_mul_b3_slothy_start.split.373_391:Closer than 0 stalls to theoretical optimum... stop
INFO:gt864-forward-full-register-schedule.gt864_forward_one_bank_all_one_mul_b3_slothy_start.split.373_391:OPTIMAL, wall time: 0.027534 s
INFO:gt864-forward-full-register-schedule.gt864_forward_one_bank_all_one_mul_b3_slothy_start.split.373_391:Booleans in result: 40
INFO:gt864-forward-full-register-schedule.gt864_forward_one_bank_all_one_mul_b3_slothy_start.split.373_391.selfcheck:OK!
INFO:gt864-forward-full-register-schedule.gt864_forward_one_bank_all_one_mul_b3_slothy_start.split.373_391:Minimum number of stalls: 27
INFO:gt864-forward-full-register-schedule.gt864_forward_one_bank_all_one_mul_b3_slothy_start.split.391_409:Perform internal binary search for minimal number of stalls...
INFO:gt864-forward-full-register-schedule.gt864_forward_one_bank_all_one_mul_b3_slothy_start.split.391_409:Attempt optimization with max 256 stalls...
INFO:gt864-forward-full-register-schedule.gt864_forward_one_bank_all_one_mul_b3_slothy_start.split.391_409:Setting timeout of 14400 seconds...
INFO:gt864-forward-full-register-schedule.gt864_forward_one_bank_all_one_mul_b3_slothy_start.split.391_409:Objective: minimize cycles
INFO:gt864-forward-full-register-schedule.gt864_forward_one_bank_all_one_mul_b3_slothy_start.split.391_409:Invoking external constraint solver (OR-Tools CP-SAT v9.15.6755) ...
INFO:gt864-forward-full-register-schedule.gt864_forward_one_bank_all_one_mul_b3_slothy_start.split.391_409:[0.0175s]: Found 1 solutions so far... objective (minimize cycles): currently  (Cycles ~ 32.0, IPC ~ 0.56), bound  (Cycles ~ 25.0, IPC ~ 0.72)
INFO:gt864-forward-full-register-schedule.gt864_forward_one_bank_all_one_mul_b3_slothy_start.split.391_409:[0.0179s]: Found 2 solutions so far... objective (minimize cycles): currently  (Cycles ~ 25.0, IPC ~ 0.72), bound  (Cycles ~ 25.0, IPC ~ 0.72)
INFO:gt864-forward-full-register-schedule.gt864_forward_one_bank_all_one_mul_b3_slothy_start.split.391_409:Closer than 0 stalls to theoretical optimum... stop
INFO:gt864-forward-full-register-schedule.gt864_forward_one_bank_all_one_mul_b3_slothy_start.split.391_409:OPTIMAL, wall time: 0.027418 s
INFO:gt864-forward-full-register-schedule.gt864_forward_one_bank_all_one_mul_b3_slothy_start.split.391_409:Booleans in result: 48
INFO:gt864-forward-full-register-schedule.gt864_forward_one_bank_all_one_mul_b3_slothy_start.split.391_409.selfcheck:OK!
INFO:gt864-forward-full-register-schedule.gt864_forward_one_bank_all_one_mul_b3_slothy_start.split.391_409:Minimum number of stalls: 20
INFO:gt864-forward-full-register-schedule.gt864_forward_one_bank_all_one_mul_b3_slothy_start.split.409_427:Perform internal binary search for minimal number of stalls...
INFO:gt864-forward-full-register-schedule.gt864_forward_one_bank_all_one_mul_b3_slothy_start.split.409_427:Attempt optimization with max 256 stalls...
INFO:gt864-forward-full-register-schedule.gt864_forward_one_bank_all_one_mul_b3_slothy_start.split.409_427:Setting timeout of 14400 seconds...
INFO:gt864-forward-full-register-schedule.gt864_forward_one_bank_all_one_mul_b3_slothy_start.split.409_427:Objective: minimize cycles
INFO:gt864-forward-full-register-schedule.gt864_forward_one_bank_all_one_mul_b3_slothy_start.split.409_427:Invoking external constraint solver (OR-Tools CP-SAT v9.15.6755) ...
INFO:gt864-forward-full-register-schedule.gt864_forward_one_bank_all_one_mul_b3_slothy_start.split.409_427:[0.0165s]: Found 1 solutions so far... objective (minimize cycles): currently  (Cycles ~ 28.0, IPC ~ 0.64), bound  (Cycles ~ 27.0, IPC ~ 0.67)
INFO:gt864-forward-full-register-schedule.gt864_forward_one_bank_all_one_mul_b3_slothy_start.split.409_427:OPTIMAL, wall time: 0.029018 s
INFO:gt864-forward-full-register-schedule.gt864_forward_one_bank_all_one_mul_b3_slothy_start.split.409_427:Booleans in result: 41
INFO:gt864-forward-full-register-schedule.gt864_forward_one_bank_all_one_mul_b3_slothy_start.split.409_427.selfcheck:OK!
INFO:gt864-forward-full-register-schedule.gt864_forward_one_bank_all_one_mul_b3_slothy_start.split.409_427:Minimum number of stalls: 23
INFO:gt864-forward-full-register-schedule.gt864_forward_one_bank_all_one_mul_b3_slothy_start.split.427_445:Perform internal binary search for minimal number of stalls...
INFO:gt864-forward-full-register-schedule.gt864_forward_one_bank_all_one_mul_b3_slothy_start.split.427_445:Attempt optimization with max 256 stalls...
INFO:gt864-forward-full-register-schedule.gt864_forward_one_bank_all_one_mul_b3_slothy_start.split.427_445:Setting timeout of 14400 seconds...
INFO:gt864-forward-full-register-schedule.gt864_forward_one_bank_all_one_mul_b3_slothy_start.split.427_445:Objective: minimize cycles
INFO:gt864-forward-full-register-schedule.gt864_forward_one_bank_all_one_mul_b3_slothy_start.split.427_445:Invoking external constraint solver (OR-Tools CP-SAT v9.15.6755) ...
INFO:gt864-forward-full-register-schedule.gt864_forward_one_bank_all_one_mul_b3_slothy_start.split.427_445:[0.0153s]: Found 1 solutions so far... objective (minimize cycles): currently  (Cycles ~ 36.0, IPC ~ 0.50), bound  (Cycles ~ 30.0, IPC ~ 0.60)
INFO:gt864-forward-full-register-schedule.gt864_forward_one_bank_all_one_mul_b3_slothy_start.split.427_445:[0.0159s]: Found 2 solutions so far... objective (minimize cycles): currently  (Cycles ~ 34.0, IPC ~ 0.53), bound  (Cycles ~ 30.0, IPC ~ 0.60)
INFO:gt864-forward-full-register-schedule.gt864_forward_one_bank_all_one_mul_b3_slothy_start.split.427_445:OPTIMAL, wall time: 0.023753 s
INFO:gt864-forward-full-register-schedule.gt864_forward_one_bank_all_one_mul_b3_slothy_start.split.427_445:Booleans in result: 37
INFO:gt864-forward-full-register-schedule.gt864_forward_one_bank_all_one_mul_b3_slothy_start.split.427_445.selfcheck:OK!
INFO:gt864-forward-full-register-schedule.gt864_forward_one_bank_all_one_mul_b3_slothy_start.split.427_445:Minimum number of stalls: 29
INFO:gt864-forward-full-register-schedule.gt864_forward_one_bank_all_one_mul_b3_slothy_start.split.445_462:Perform internal binary search for minimal number of stalls...
INFO:gt864-forward-full-register-schedule.gt864_forward_one_bank_all_one_mul_b3_slothy_start.split.445_462:Attempt optimization with max 256 stalls...
INFO:gt864-forward-full-register-schedule.gt864_forward_one_bank_all_one_mul_b3_slothy_start.split.445_462:Setting timeout of 14400 seconds...
INFO:gt864-forward-full-register-schedule.gt864_forward_one_bank_all_one_mul_b3_slothy_start.split.445_462:Objective: minimize cycles
INFO:gt864-forward-full-register-schedule.gt864_forward_one_bank_all_one_mul_b3_slothy_start.split.445_462:Invoking external constraint solver (OR-Tools CP-SAT v9.15.6755) ...
INFO:gt864-forward-full-register-schedule.gt864_forward_one_bank_all_one_mul_b3_slothy_start.split.445_462:[0.0144s]: Found 1 solutions so far... objective (minimize cycles): currently  (Cycles ~ 36.0, IPC ~ 0.47), bound  (Cycles ~ 32.0, IPC ~ 0.53)
INFO:gt864-forward-full-register-schedule.gt864_forward_one_bank_all_one_mul_b3_slothy_start.split.445_462:[0.0149s]: Found 2 solutions so far... objective (minimize cycles): currently  (Cycles ~ 32.0, IPC ~ 0.53), bound  (Cycles ~ 32.0, IPC ~ 0.53)
INFO:gt864-forward-full-register-schedule.gt864_forward_one_bank_all_one_mul_b3_slothy_start.split.445_462:Closer than 0 stalls to theoretical optimum... stop
INFO:gt864-forward-full-register-schedule.gt864_forward_one_bank_all_one_mul_b3_slothy_start.split.445_462:OPTIMAL, wall time: 0.023949 s
INFO:gt864-forward-full-register-schedule.gt864_forward_one_bank_all_one_mul_b3_slothy_start.split.445_462:Booleans in result: 41
INFO:gt864-forward-full-register-schedule.gt864_forward_one_bank_all_one_mul_b3_slothy_start.split.445_462.selfcheck:OK!
INFO:gt864-forward-full-register-schedule.gt864_forward_one_bank_all_one_mul_b3_slothy_start.split.445_462:Minimum number of stalls: 27
INFO:gt864-forward-full-register-schedule.gt864_forward_one_bank_all_one_mul_b3_slothy_start.split.462_480:Perform internal binary search for minimal number of stalls...
INFO:gt864-forward-full-register-schedule.gt864_forward_one_bank_all_one_mul_b3_slothy_start.split.462_480:Attempt optimization with max 256 stalls...
INFO:gt864-forward-full-register-schedule.gt864_forward_one_bank_all_one_mul_b3_slothy_start.split.462_480:Setting timeout of 14400 seconds...
INFO:gt864-forward-full-register-schedule.gt864_forward_one_bank_all_one_mul_b3_slothy_start.split.462_480:Objective: minimize cycles
INFO:gt864-forward-full-register-schedule.gt864_forward_one_bank_all_one_mul_b3_slothy_start.split.462_480:Invoking external constraint solver (OR-Tools CP-SAT v9.15.6755) ...
INFO:gt864-forward-full-register-schedule.gt864_forward_one_bank_all_one_mul_b3_slothy_start.split.462_480:[0.0158s]: Found 1 solutions so far... objective (minimize cycles): currently  (Cycles ~ 37.0, IPC ~ 0.49), bound  (Cycles ~ 35.0, IPC ~ 0.51)
INFO:gt864-forward-full-register-schedule.gt864_forward_one_bank_all_one_mul_b3_slothy_start.split.462_480:[0.0162s]: Found 2 solutions so far... objective (minimize cycles): currently  (Cycles ~ 35.0, IPC ~ 0.51), bound  (Cycles ~ 35.0, IPC ~ 0.51)
INFO:gt864-forward-full-register-schedule.gt864_forward_one_bank_all_one_mul_b3_slothy_start.split.462_480:Closer than 0 stalls to theoretical optimum... stop
INFO:gt864-forward-full-register-schedule.gt864_forward_one_bank_all_one_mul_b3_slothy_start.split.462_480:OPTIMAL, wall time: 0.026695 s
INFO:gt864-forward-full-register-schedule.gt864_forward_one_bank_all_one_mul_b3_slothy_start.split.462_480:Booleans in result: 42
INFO:gt864-forward-full-register-schedule.gt864_forward_one_bank_all_one_mul_b3_slothy_start.split.462_480.selfcheck:OK!
INFO:gt864-forward-full-register-schedule.gt864_forward_one_bank_all_one_mul_b3_slothy_start.split.462_480:Minimum number of stalls: 30
INFO:gt864-forward-full-register-schedule.gt864_forward_one_bank_all_one_mul_b3_slothy_start.split.480_498:Perform internal binary search for minimal number of stalls...
INFO:gt864-forward-full-register-schedule.gt864_forward_one_bank_all_one_mul_b3_slothy_start.split.480_498:Attempt optimization with max 256 stalls...
INFO:gt864-forward-full-register-schedule.gt864_forward_one_bank_all_one_mul_b3_slothy_start.split.480_498:Setting timeout of 14400 seconds...
INFO:gt864-forward-full-register-schedule.gt864_forward_one_bank_all_one_mul_b3_slothy_start.split.480_498:Objective: minimize cycles
INFO:gt864-forward-full-register-schedule.gt864_forward_one_bank_all_one_mul_b3_slothy_start.split.480_498:Invoking external constraint solver (OR-Tools CP-SAT v9.15.6755) ...
INFO:gt864-forward-full-register-schedule.gt864_forward_one_bank_all_one_mul_b3_slothy_start.split.480_498:[0.0162s]: Found 1 solutions so far... objective (minimize cycles): currently  (Cycles ~ 41.0, IPC ~ 0.44), bound  (Cycles ~ 33.0, IPC ~ 0.55)
INFO:gt864-forward-full-register-schedule.gt864_forward_one_bank_all_one_mul_b3_slothy_start.split.480_498:[0.0166s]: Found 2 solutions so far... objective (minimize cycles): currently  (Cycles ~ 33.0, IPC ~ 0.55), bound  (Cycles ~ 33.0, IPC ~ 0.55)
INFO:gt864-forward-full-register-schedule.gt864_forward_one_bank_all_one_mul_b3_slothy_start.split.480_498:Closer than 0 stalls to theoretical optimum... stop
INFO:gt864-forward-full-register-schedule.gt864_forward_one_bank_all_one_mul_b3_slothy_start.split.480_498:OPTIMAL, wall time: 0.023626 s
INFO:gt864-forward-full-register-schedule.gt864_forward_one_bank_all_one_mul_b3_slothy_start.split.480_498:Booleans in result: 39
INFO:gt864-forward-full-register-schedule.gt864_forward_one_bank_all_one_mul_b3_slothy_start.split.480_498.selfcheck:OK!
INFO:gt864-forward-full-register-schedule.gt864_forward_one_bank_all_one_mul_b3_slothy_start.split.480_498:Minimum number of stalls: 28
INFO:gt864-forward-full-register-schedule.gt864_forward_one_bank_all_one_mul_b3_slothy_start.split.498_516:Perform internal binary search for minimal number of stalls...
INFO:gt864-forward-full-register-schedule.gt864_forward_one_bank_all_one_mul_b3_slothy_start.split.498_516:Attempt optimization with max 256 stalls...
INFO:gt864-forward-full-register-schedule.gt864_forward_one_bank_all_one_mul_b3_slothy_start.split.498_516:Setting timeout of 14400 seconds...
INFO:gt864-forward-full-register-schedule.gt864_forward_one_bank_all_one_mul_b3_slothy_start.split.498_516:Objective: minimize cycles
INFO:gt864-forward-full-register-schedule.gt864_forward_one_bank_all_one_mul_b3_slothy_start.split.498_516:Invoking external constraint solver (OR-Tools CP-SAT v9.15.6755) ...
INFO:gt864-forward-full-register-schedule.gt864_forward_one_bank_all_one_mul_b3_slothy_start.split.498_516:[0.0156s]: Found 1 solutions so far... objective (minimize cycles): currently  (Cycles ~ 29.0, IPC ~ 0.62), bound  (Cycles ~ 29.0, IPC ~ 0.62)
INFO:gt864-forward-full-register-schedule.gt864_forward_one_bank_all_one_mul_b3_slothy_start.split.498_516:Closer than 0 stalls to theoretical optimum... stop
INFO:gt864-forward-full-register-schedule.gt864_forward_one_bank_all_one_mul_b3_slothy_start.split.498_516:OPTIMAL, wall time: 0.024229 s
INFO:gt864-forward-full-register-schedule.gt864_forward_one_bank_all_one_mul_b3_slothy_start.split.498_516:Booleans in result: 46
INFO:gt864-forward-full-register-schedule.gt864_forward_one_bank_all_one_mul_b3_slothy_start.split.498_516.selfcheck:OK!
INFO:gt864-forward-full-register-schedule.gt864_forward_one_bank_all_one_mul_b3_slothy_start.split.498_516:Minimum number of stalls: 24
INFO:gt864-forward-full-register-schedule.gt864_forward_one_bank_all_one_mul_b3_slothy_start.split.516_533:Perform internal binary search for minimal number of stalls...
INFO:gt864-forward-full-register-schedule.gt864_forward_one_bank_all_one_mul_b3_slothy_start.split.516_533:Attempt optimization with max 256 stalls...
INFO:gt864-forward-full-register-schedule.gt864_forward_one_bank_all_one_mul_b3_slothy_start.split.516_533:Setting timeout of 14400 seconds...
INFO:gt864-forward-full-register-schedule.gt864_forward_one_bank_all_one_mul_b3_slothy_start.split.516_533:Objective: minimize cycles
INFO:gt864-forward-full-register-schedule.gt864_forward_one_bank_all_one_mul_b3_slothy_start.split.516_533:Invoking external constraint solver (OR-Tools CP-SAT v9.15.6755) ...
INFO:gt864-forward-full-register-schedule.gt864_forward_one_bank_all_one_mul_b3_slothy_start.split.516_533:[0.0141s]: Found 1 solutions so far... objective (minimize cycles): currently  (Cycles ~ 32.0, IPC ~ 0.53), bound  (Cycles ~ 26.0, IPC ~ 0.65)
INFO:gt864-forward-full-register-schedule.gt864_forward_one_bank_all_one_mul_b3_slothy_start.split.516_533:[0.0145s]: Found 2 solutions so far... objective (minimize cycles): currently  (Cycles ~ 26.0, IPC ~ 0.65), bound  (Cycles ~ 26.0, IPC ~ 0.65)
INFO:gt864-forward-full-register-schedule.gt864_forward_one_bank_all_one_mul_b3_slothy_start.split.516_533:Closer than 0 stalls to theoretical optimum... stop
INFO:gt864-forward-full-register-schedule.gt864_forward_one_bank_all_one_mul_b3_slothy_start.split.516_533:OPTIMAL, wall time: 0.024785 s
INFO:gt864-forward-full-register-schedule.gt864_forward_one_bank_all_one_mul_b3_slothy_start.split.516_533:Booleans in result: 41
INFO:gt864-forward-full-register-schedule.gt864_forward_one_bank_all_one_mul_b3_slothy_start.split.516_533.selfcheck:OK!
INFO:gt864-forward-full-register-schedule.gt864_forward_one_bank_all_one_mul_b3_slothy_start.split.516_533:Minimum number of stalls: 21
INFO:gt864-forward-full-register-schedule.gt864_forward_one_bank_all_one_mul_b3_slothy_start.split.533_551:Perform internal binary search for minimal number of stalls...
INFO:gt864-forward-full-register-schedule.gt864_forward_one_bank_all_one_mul_b3_slothy_start.split.533_551:Attempt optimization with max 256 stalls...
INFO:gt864-forward-full-register-schedule.gt864_forward_one_bank_all_one_mul_b3_slothy_start.split.533_551:Setting timeout of 14400 seconds...
INFO:gt864-forward-full-register-schedule.gt864_forward_one_bank_all_one_mul_b3_slothy_start.split.533_551:Objective: minimize cycles
INFO:gt864-forward-full-register-schedule.gt864_forward_one_bank_all_one_mul_b3_slothy_start.split.533_551:Invoking external constraint solver (OR-Tools CP-SAT v9.15.6755) ...
INFO:gt864-forward-full-register-schedule.gt864_forward_one_bank_all_one_mul_b3_slothy_start.split.533_551:[0.0155s]: Found 1 solutions so far... objective (minimize cycles): currently  (Cycles ~ 36.0, IPC ~ 0.50), bound  (Cycles ~ 32.0, IPC ~ 0.56)
INFO:gt864-forward-full-register-schedule.gt864_forward_one_bank_all_one_mul_b3_slothy_start.split.533_551:[0.0160s]: Found 2 solutions so far... objective (minimize cycles): currently  (Cycles ~ 34.0, IPC ~ 0.53), bound  (Cycles ~ 32.0, IPC ~ 0.56)
INFO:gt864-forward-full-register-schedule.gt864_forward_one_bank_all_one_mul_b3_slothy_start.split.533_551:OPTIMAL, wall time: 0.023409 s
INFO:gt864-forward-full-register-schedule.gt864_forward_one_bank_all_one_mul_b3_slothy_start.split.533_551:Booleans in result: 42
INFO:gt864-forward-full-register-schedule.gt864_forward_one_bank_all_one_mul_b3_slothy_start.split.533_551.selfcheck:OK!
INFO:gt864-forward-full-register-schedule.gt864_forward_one_bank_all_one_mul_b3_slothy_start.split.533_551:Minimum number of stalls: 29
INFO:gt864-forward-full-register-schedule.gt864_forward_one_bank_all_one_mul_b3_slothy_start.split.551_569:Perform internal binary search for minimal number of stalls...
INFO:gt864-forward-full-register-schedule.gt864_forward_one_bank_all_one_mul_b3_slothy_start.split.551_569:Attempt optimization with max 256 stalls...
INFO:gt864-forward-full-register-schedule.gt864_forward_one_bank_all_one_mul_b3_slothy_start.split.551_569:Setting timeout of 14400 seconds...
INFO:gt864-forward-full-register-schedule.gt864_forward_one_bank_all_one_mul_b3_slothy_start.split.551_569:Objective: minimize cycles
INFO:gt864-forward-full-register-schedule.gt864_forward_one_bank_all_one_mul_b3_slothy_start.split.551_569:Invoking external constraint solver (OR-Tools CP-SAT v9.15.6755) ...
INFO:gt864-forward-full-register-schedule.gt864_forward_one_bank_all_one_mul_b3_slothy_start.split.551_569:[0.0161s]: Found 1 solutions so far... objective (minimize cycles): currently  (Cycles ~ 36.0, IPC ~ 0.50), bound  (Cycles ~ 32.0, IPC ~ 0.56)
INFO:gt864-forward-full-register-schedule.gt864_forward_one_bank_all_one_mul_b3_slothy_start.split.551_569:[0.0166s]: Found 2 solutions so far... objective (minimize cycles): currently  (Cycles ~ 34.0, IPC ~ 0.53), bound  (Cycles ~ 32.0, IPC ~ 0.56)
INFO:gt864-forward-full-register-schedule.gt864_forward_one_bank_all_one_mul_b3_slothy_start.split.551_569:OPTIMAL, wall time: 0.027871 s
INFO:gt864-forward-full-register-schedule.gt864_forward_one_bank_all_one_mul_b3_slothy_start.split.551_569:Booleans in result: 44
INFO:gt864-forward-full-register-schedule.gt864_forward_one_bank_all_one_mul_b3_slothy_start.split.551_569.selfcheck:OK!
INFO:gt864-forward-full-register-schedule.gt864_forward_one_bank_all_one_mul_b3_slothy_start.split.551_569:Minimum number of stalls: 29
INFO:gt864-forward-full-register-schedule.gt864_forward_one_bank_all_one_mul_b3_slothy_start.split:Initial stalls
INFO:gt864-forward-full-register-schedule.gt864_forward_one_bank_all_one_mul_b3_slothy_start.split:[  0- 11]: ************.... (12)
INFO:gt864-forward-full-register-schedule.gt864_forward_one_bank_all_one_mul_b3_slothy_start.split:[ 11- 22]: **************.. (14)
INFO:gt864-forward-full-register-schedule.gt864_forward_one_bank_all_one_mul_b3_slothy_start.split:[ 22- 34]: *************... (13)
INFO:gt864-forward-full-register-schedule.gt864_forward_one_bank_all_one_mul_b3_slothy_start.split:[ 34- 45]: ************.... (12)
INFO:gt864-forward-full-register-schedule.gt864_forward_one_bank_all_one_mul_b3_slothy_start.split:[ 45- 56]: ***********..... (11)
INFO:gt864-forward-full-register-schedule.gt864_forward_one_bank_all_one_mul_b3_slothy_start.split:[ 56- 68]: ***********..... (11)
INFO:gt864-forward-full-register-schedule.gt864_forward_one_bank_all_one_mul_b3_slothy_start.split:[ 68- 79]: ************.... (12)
INFO:gt864-forward-full-register-schedule.gt864_forward_one_bank_all_one_mul_b3_slothy_start.split:[ 79- 91]: *************... (13)
INFO:gt864-forward-full-register-schedule.gt864_forward_one_bank_all_one_mul_b3_slothy_start.split:[ 91-102]: *************... (13)
INFO:gt864-forward-full-register-schedule.gt864_forward_one_bank_all_one_mul_b3_slothy_start.split:[102-113]: **************.. (14)
INFO:gt864-forward-full-register-schedule.gt864_forward_one_bank_all_one_mul_b3_slothy_start.split:[113-125]: **************.. (14)
INFO:gt864-forward-full-register-schedule.gt864_forward_one_bank_all_one_mul_b3_slothy_start.split:[125-136]: *************... (13)
INFO:gt864-forward-full-register-schedule.gt864_forward_one_bank_all_one_mul_b3_slothy_start.split:[136-147]: *************... (13)
INFO:gt864-forward-full-register-schedule.gt864_forward_one_bank_all_one_mul_b3_slothy_start.split:[147-159]: *************... (13)
INFO:gt864-forward-full-register-schedule.gt864_forward_one_bank_all_one_mul_b3_slothy_start.split:[159-170]: *************... (13)
INFO:gt864-forward-full-register-schedule.gt864_forward_one_bank_all_one_mul_b3_slothy_start.split:[170-182]: *************... (13)
INFO:gt864-forward-full-register-schedule.gt864_forward_one_bank_all_one_mul_b3_slothy_start.split:[182-193]: *************... (13)
INFO:gt864-forward-full-register-schedule.gt864_forward_one_bank_all_one_mul_b3_slothy_start.split:[193-204]: *************... (13)
INFO:gt864-forward-full-register-schedule.gt864_forward_one_bank_all_one_mul_b3_slothy_start.split:[204-216]: *************... (13)
INFO:gt864-forward-full-register-schedule.gt864_forward_one_bank_all_one_mul_b3_slothy_start.split:[216-227]: *************... (13)
INFO:gt864-forward-full-register-schedule.gt864_forward_one_bank_all_one_mul_b3_slothy_start.split:[227-238]: *************... (13)
INFO:gt864-forward-full-register-schedule.gt864_forward_one_bank_all_one_mul_b3_slothy_start.split:[238-250]: *************... (13)
INFO:gt864-forward-full-register-schedule.gt864_forward_one_bank_all_one_mul_b3_slothy_start.split:[250-261]: *************... (13)
INFO:gt864-forward-full-register-schedule.gt864_forward_one_bank_all_one_mul_b3_slothy_start.split:[261-273]: *************... (13)
INFO:gt864-forward-full-register-schedule.gt864_forward_one_bank_all_one_mul_b3_slothy_start.split:[273-284]: *************... (13)
INFO:gt864-forward-full-register-schedule.gt864_forward_one_bank_all_one_mul_b3_slothy_start.split:[284-295]: ************.... (12)
INFO:gt864-forward-full-register-schedule.gt864_forward_one_bank_all_one_mul_b3_slothy_start.split:[295-307]: **********...... (10)
INFO:gt864-forward-full-register-schedule.gt864_forward_one_bank_all_one_mul_b3_slothy_start.split:[307-318]: ********........ (8)
INFO:gt864-forward-full-register-schedule.gt864_forward_one_bank_all_one_mul_b3_slothy_start.split:[318-330]: ********........ (8)
INFO:gt864-forward-full-register-schedule.gt864_forward_one_bank_all_one_mul_b3_slothy_start.split:[330-341]: ********........ (8)
INFO:gt864-forward-full-register-schedule.gt864_forward_one_bank_all_one_mul_b3_slothy_start.split:[341-352]: ***********..... (11)
INFO:gt864-forward-full-register-schedule.gt864_forward_one_bank_all_one_mul_b3_slothy_start.split:[352-364]: *************... (13)
INFO:gt864-forward-full-register-schedule.gt864_forward_one_bank_all_one_mul_b3_slothy_start.split:[364-375]: *************... (13)
INFO:gt864-forward-full-register-schedule.gt864_forward_one_bank_all_one_mul_b3_slothy_start.split:[375-386]: *************... (13)
INFO:gt864-forward-full-register-schedule.gt864_forward_one_bank_all_one_mul_b3_slothy_start.split:[386-398]: ***********..... (11)
INFO:gt864-forward-full-register-schedule.gt864_forward_one_bank_all_one_mul_b3_slothy_start.split:[398-409]: **********...... (10)
INFO:gt864-forward-full-register-schedule.gt864_forward_one_bank_all_one_mul_b3_slothy_start.split:[409-421]: **********...... (10)
INFO:gt864-forward-full-register-schedule.gt864_forward_one_bank_all_one_mul_b3_slothy_start.split:[421-432]: ***********..... (11)
INFO:gt864-forward-full-register-schedule.gt864_forward_one_bank_all_one_mul_b3_slothy_start.split:[432-443]: ***********..... (11)
INFO:gt864-forward-full-register-schedule.gt864_forward_one_bank_all_one_mul_b3_slothy_start.split:[443-455]: ***********..... (11)
INFO:gt864-forward-full-register-schedule.gt864_forward_one_bank_all_one_mul_b3_slothy_start.split:[455-466]: ************.... (12)
INFO:gt864-forward-full-register-schedule.gt864_forward_one_bank_all_one_mul_b3_slothy_start.split:[466-477]: *************... (13)
INFO:gt864-forward-full-register-schedule.gt864_forward_one_bank_all_one_mul_b3_slothy_start.split:[477-489]: *************... (13)
INFO:gt864-forward-full-register-schedule.gt864_forward_one_bank_all_one_mul_b3_slothy_start.split:[489-500]: ************.... (12)
INFO:gt864-forward-full-register-schedule.gt864_forward_one_bank_all_one_mul_b3_slothy_start.split:[500-512]: **********...... (10)
INFO:gt864-forward-full-register-schedule.gt864_forward_one_bank_all_one_mul_b3_slothy_start.split:[512-523]: **********...... (10)
INFO:gt864-forward-full-register-schedule.gt864_forward_one_bank_all_one_mul_b3_slothy_start.split:[523-534]: ***********..... (11)
INFO:gt864-forward-full-register-schedule.gt864_forward_one_bank_all_one_mul_b3_slothy_start.split:[534-546]: ************.... (12)
INFO:gt864-forward-full-register-schedule.gt864_forward_one_bank_all_one_mul_b3_slothy_start.split:[546-557]: ************.... (12)
INFO:gt864-forward-full-register-schedule.gt864_forward_one_bank_all_one_mul_b3_slothy_start.split:[557-569]: *********....... (9)
INFO:gt864-forward-full-register-schedule.gt864_forward_one_bank_all_one_mul_b3_slothy_start.split.0_18:Perform internal binary search for minimal number of stalls...
INFO:gt864-forward-full-register-schedule.gt864_forward_one_bank_all_one_mul_b3_slothy_start.split.0_18:Attempt optimization with max 256 stalls...
INFO:gt864-forward-full-register-schedule.gt864_forward_one_bank_all_one_mul_b3_slothy_start.split.0_18:Setting timeout of 14400 seconds...
INFO:gt864-forward-full-register-schedule.gt864_forward_one_bank_all_one_mul_b3_slothy_start.split.0_18:Objective: minimize cycles
INFO:gt864-forward-full-register-schedule.gt864_forward_one_bank_all_one_mul_b3_slothy_start.split.0_18:Invoking external constraint solver (OR-Tools CP-SAT v9.15.6755) ...
INFO:gt864-forward-full-register-schedule.gt864_forward_one_bank_all_one_mul_b3_slothy_start.split.0_18:[0.0227s]: Found 1 solutions so far... objective (minimize cycles): currently  (Cycles ~ 115.0, IPC ~ 0.16), bound  (Cycles ~ 108.0, IPC ~ 0.17)
INFO:gt864-forward-full-register-schedule.gt864_forward_one_bank_all_one_mul_b3_slothy_start.split.0_18:[0.0231s]: Found 2 solutions so far... objective (minimize cycles): currently  (Cycles ~ 108.0, IPC ~ 0.17), bound  (Cycles ~ 108.0, IPC ~ 0.17)
INFO:gt864-forward-full-register-schedule.gt864_forward_one_bank_all_one_mul_b3_slothy_start.split.0_18:Closer than 0 stalls to theoretical optimum... stop
INFO:gt864-forward-full-register-schedule.gt864_forward_one_bank_all_one_mul_b3_slothy_start.split.0_18:OPTIMAL, wall time: 0.034334 s
INFO:gt864-forward-full-register-schedule.gt864_forward_one_bank_all_one_mul_b3_slothy_start.split.0_18:Booleans in result: 37
INFO:gt864-forward-full-register-schedule.gt864_forward_one_bank_all_one_mul_b3_slothy_start.split.0_18.selfcheck:OK!
INFO:gt864-forward-full-register-schedule.gt864_forward_one_bank_all_one_mul_b3_slothy_start.split.0_18:Minimum number of stalls: 103
INFO:gt864-forward-full-register-schedule.gt864_forward_one_bank_all_one_mul_b3_slothy_start.split:[  0- 11]: ************..... (12)
INFO:gt864-forward-full-register-schedule.gt864_forward_one_bank_all_one_mul_b3_slothy_start.split:[ 11- 22]: **************... (14)
INFO:gt864-forward-full-register-schedule.gt864_forward_one_bank_all_one_mul_b3_slothy_start.split:[ 22- 34]: *************.... (13)
INFO:gt864-forward-full-register-schedule.gt864_forward_one_bank_all_one_mul_b3_slothy_start.split:[ 34- 45]: ************..... (12)
INFO:gt864-forward-full-register-schedule.gt864_forward_one_bank_all_one_mul_b3_slothy_start.split:[ 45- 56]: ***********...... (11)
INFO:gt864-forward-full-register-schedule.gt864_forward_one_bank_all_one_mul_b3_slothy_start.split:[ 56- 68]: ***********...... (11)
INFO:gt864-forward-full-register-schedule.gt864_forward_one_bank_all_one_mul_b3_slothy_start.split:[ 68- 79]: ************..... (12)
INFO:gt864-forward-full-register-schedule.gt864_forward_one_bank_all_one_mul_b3_slothy_start.split:[ 79- 91]: *************.... (13)
INFO:gt864-forward-full-register-schedule.gt864_forward_one_bank_all_one_mul_b3_slothy_start.split:[ 91-102]: *************.... (13)
INFO:gt864-forward-full-register-schedule.gt864_forward_one_bank_all_one_mul_b3_slothy_start.split:[102-113]: **************... (14)
INFO:gt864-forward-full-register-schedule.gt864_forward_one_bank_all_one_mul_b3_slothy_start.split:[113-125]: **************... (14)
INFO:gt864-forward-full-register-schedule.gt864_forward_one_bank_all_one_mul_b3_slothy_start.split:[125-136]: *************.... (13)
INFO:gt864-forward-full-register-schedule.gt864_forward_one_bank_all_one_mul_b3_slothy_start.split:[136-147]: *************.... (13)
INFO:gt864-forward-full-register-schedule.gt864_forward_one_bank_all_one_mul_b3_slothy_start.split:[147-159]: *************.... (13)
INFO:gt864-forward-full-register-schedule.gt864_forward_one_bank_all_one_mul_b3_slothy_start.split:[159-170]: *************.... (13)
INFO:gt864-forward-full-register-schedule.gt864_forward_one_bank_all_one_mul_b3_slothy_start.split:[170-182]: *************.... (13)
INFO:gt864-forward-full-register-schedule.gt864_forward_one_bank_all_one_mul_b3_slothy_start.split:[182-193]: *************.... (13)
INFO:gt864-forward-full-register-schedule.gt864_forward_one_bank_all_one_mul_b3_slothy_start.split:[193-204]: *************.... (13)
INFO:gt864-forward-full-register-schedule.gt864_forward_one_bank_all_one_mul_b3_slothy_start.split:[204-216]: *************.... (13)
INFO:gt864-forward-full-register-schedule.gt864_forward_one_bank_all_one_mul_b3_slothy_start.split:[216-227]: *************.... (13)
INFO:gt864-forward-full-register-schedule.gt864_forward_one_bank_all_one_mul_b3_slothy_start.split:[227-238]: *************.... (13)
INFO:gt864-forward-full-register-schedule.gt864_forward_one_bank_all_one_mul_b3_slothy_start.split:[238-250]: *************.... (13)
INFO:gt864-forward-full-register-schedule.gt864_forward_one_bank_all_one_mul_b3_slothy_start.split:[250-261]: *************.... (13)
INFO:gt864-forward-full-register-schedule.gt864_forward_one_bank_all_one_mul_b3_slothy_start.split:[261-273]: *************.... (13)
INFO:gt864-forward-full-register-schedule.gt864_forward_one_bank_all_one_mul_b3_slothy_start.split:[273-284]: *************.... (13)
INFO:gt864-forward-full-register-schedule.gt864_forward_one_bank_all_one_mul_b3_slothy_start.split:[284-295]: ************..... (12)
INFO:gt864-forward-full-register-schedule.gt864_forward_one_bank_all_one_mul_b3_slothy_start.split:[295-307]: **********....... (10)
INFO:gt864-forward-full-register-schedule.gt864_forward_one_bank_all_one_mul_b3_slothy_start.split:[307-318]: ********......... (8)
INFO:gt864-forward-full-register-schedule.gt864_forward_one_bank_all_one_mul_b3_slothy_start.split:[318-330]: ********......... (8)
INFO:gt864-forward-full-register-schedule.gt864_forward_one_bank_all_one_mul_b3_slothy_start.split:[330-341]: ********......... (8)
INFO:gt864-forward-full-register-schedule.gt864_forward_one_bank_all_one_mul_b3_slothy_start.split:[341-352]: ***********...... (11)
INFO:gt864-forward-full-register-schedule.gt864_forward_one_bank_all_one_mul_b3_slothy_start.split:[352-364]: *************.... (13)
INFO:gt864-forward-full-register-schedule.gt864_forward_one_bank_all_one_mul_b3_slothy_start.split:[364-375]: *************.... (13)
INFO:gt864-forward-full-register-schedule.gt864_forward_one_bank_all_one_mul_b3_slothy_start.split:[375-386]: *************.... (13)
INFO:gt864-forward-full-register-schedule.gt864_forward_one_bank_all_one_mul_b3_slothy_start.split:[386-398]: ***********...... (11)
INFO:gt864-forward-full-register-schedule.gt864_forward_one_bank_all_one_mul_b3_slothy_start.split:[398-409]: **********....... (10)
INFO:gt864-forward-full-register-schedule.gt864_forward_one_bank_all_one_mul_b3_slothy_start.split:[409-421]: **********....... (10)
INFO:gt864-forward-full-register-schedule.gt864_forward_one_bank_all_one_mul_b3_slothy_start.split:[421-432]: ***********...... (11)
INFO:gt864-forward-full-register-schedule.gt864_forward_one_bank_all_one_mul_b3_slothy_start.split:[432-443]: ***********...... (11)
INFO:gt864-forward-full-register-schedule.gt864_forward_one_bank_all_one_mul_b3_slothy_start.split:[443-455]: ***********...... (11)
INFO:gt864-forward-full-register-schedule.gt864_forward_one_bank_all_one_mul_b3_slothy_start.split:[455-466]: ************..... (12)
INFO:gt864-forward-full-register-schedule.gt864_forward_one_bank_all_one_mul_b3_slothy_start.split:[466-477]: *************.... (13)
INFO:gt864-forward-full-register-schedule.gt864_forward_one_bank_all_one_mul_b3_slothy_start.split:[477-489]: *************.... (13)
INFO:gt864-forward-full-register-schedule.gt864_forward_one_bank_all_one_mul_b3_slothy_start.split:[489-500]: ************..... (12)
INFO:gt864-forward-full-register-schedule.gt864_forward_one_bank_all_one_mul_b3_slothy_start.split:[500-512]: **********....... (10)
INFO:gt864-forward-full-register-schedule.gt864_forward_one_bank_all_one_mul_b3_slothy_start.split:[512-523]: **********....... (10)
INFO:gt864-forward-full-register-schedule.gt864_forward_one_bank_all_one_mul_b3_slothy_start.split:[523-534]: ***********...... (11)
INFO:gt864-forward-full-register-schedule.gt864_forward_one_bank_all_one_mul_b3_slothy_start.split:[534-546]: ************..... (12)
INFO:gt864-forward-full-register-schedule.gt864_forward_one_bank_all_one_mul_b3_slothy_start.split:[546-557]: ************..... (12)
INFO:gt864-forward-full-register-schedule.gt864_forward_one_bank_all_one_mul_b3_slothy_start.split:[557-569]: *********........ (9)
INFO:gt864-forward-full-register-schedule.gt864_forward_one_bank_all_one_mul_b3_slothy_start.split.28_46:Perform internal binary search for minimal number of stalls...
INFO:gt864-forward-full-register-schedule.gt864_forward_one_bank_all_one_mul_b3_slothy_start.split.28_46:Attempt optimization with max 256 stalls...
INFO:gt864-forward-full-register-schedule.gt864_forward_one_bank_all_one_mul_b3_slothy_start.split.28_46:Setting timeout of 14400 seconds...
INFO:gt864-forward-full-register-schedule.gt864_forward_one_bank_all_one_mul_b3_slothy_start.split.28_46:Objective: minimize cycles
INFO:gt864-forward-full-register-schedule.gt864_forward_one_bank_all_one_mul_b3_slothy_start.split.28_46:Invoking external constraint solver (OR-Tools CP-SAT v9.15.6755) ...
INFO:gt864-forward-full-register-schedule.gt864_forward_one_bank_all_one_mul_b3_slothy_start.split.28_46:[0.0537s]: Found 1 solutions so far... objective (minimize cycles): currently  (Cycles ~ 35.0, IPC ~ 0.51), bound  (Cycles ~ 31.0, IPC ~ 0.58)
INFO:gt864-forward-full-register-schedule.gt864_forward_one_bank_all_one_mul_b3_slothy_start.split.28_46:[0.0561s]: Found 2 solutions so far... objective (minimize cycles): currently  (Cycles ~ 33.0, IPC ~ 0.55), bound  (Cycles ~ 31.0, IPC ~ 0.58)
INFO:gt864-forward-full-register-schedule.gt864_forward_one_bank_all_one_mul_b3_slothy_start.split.28_46:[0.0607s]: Found 3 solutions so far... objective (minimize cycles): currently  (Cycles ~ 31.0, IPC ~ 0.58), bound  (Cycles ~ 31.0, IPC ~ 0.58)
INFO:gt864-forward-full-register-schedule.gt864_forward_one_bank_all_one_mul_b3_slothy_start.split.28_46:Closer than 0 stalls to theoretical optimum... stop
INFO:gt864-forward-full-register-schedule.gt864_forward_one_bank_all_one_mul_b3_slothy_start.split.28_46:OPTIMAL, wall time: 0.070838 s
INFO:gt864-forward-full-register-schedule.gt864_forward_one_bank_all_one_mul_b3_slothy_start.split.28_46:Booleans in result: 152
INFO:gt864-forward-full-register-schedule.gt864_forward_one_bank_all_one_mul_b3_slothy_start.split.28_46.selfcheck:OK!
INFO:gt864-forward-full-register-schedule.gt864_forward_one_bank_all_one_mul_b3_slothy_start.split.28_46:Minimum number of stalls: 26
INFO:gt864-forward-full-register-schedule.gt864_forward_one_bank_all_one_mul_b3_slothy_start.split:[  0- 11]: ************..... (12)
INFO:gt864-forward-full-register-schedule.gt864_forward_one_bank_all_one_mul_b3_slothy_start.split:[ 11- 22]: **************... (14)
INFO:gt864-forward-full-register-schedule.gt864_forward_one_bank_all_one_mul_b3_slothy_start.split:[ 22- 34]: ************..... (12)
INFO:gt864-forward-full-register-schedule.gt864_forward_one_bank_all_one_mul_b3_slothy_start.split:[ 34- 45]: ***********...... (11)
INFO:gt864-forward-full-register-schedule.gt864_forward_one_bank_all_one_mul_b3_slothy_start.split:[ 45- 56]: ***********...... (11)
INFO:gt864-forward-full-register-schedule.gt864_forward_one_bank_all_one_mul_b3_slothy_start.split:[ 56- 68]: ***********...... (11)
INFO:gt864-forward-full-register-schedule.gt864_forward_one_bank_all_one_mul_b3_slothy_start.split:[ 68- 79]: ************..... (12)
INFO:gt864-forward-full-register-schedule.gt864_forward_one_bank_all_one_mul_b3_slothy_start.split:[ 79- 91]: *************.... (13)
INFO:gt864-forward-full-register-schedule.gt864_forward_one_bank_all_one_mul_b3_slothy_start.split:[ 91-102]: *************.... (13)
INFO:gt864-forward-full-register-schedule.gt864_forward_one_bank_all_one_mul_b3_slothy_start.split:[102-113]: **************... (14)
INFO:gt864-forward-full-register-schedule.gt864_forward_one_bank_all_one_mul_b3_slothy_start.split:[113-125]: **************... (14)
INFO:gt864-forward-full-register-schedule.gt864_forward_one_bank_all_one_mul_b3_slothy_start.split:[125-136]: *************.... (13)
INFO:gt864-forward-full-register-schedule.gt864_forward_one_bank_all_one_mul_b3_slothy_start.split:[136-147]: *************.... (13)
INFO:gt864-forward-full-register-schedule.gt864_forward_one_bank_all_one_mul_b3_slothy_start.split:[147-159]: *************.... (13)
INFO:gt864-forward-full-register-schedule.gt864_forward_one_bank_all_one_mul_b3_slothy_start.split:[159-170]: *************.... (13)
INFO:gt864-forward-full-register-schedule.gt864_forward_one_bank_all_one_mul_b3_slothy_start.split:[170-182]: *************.... (13)
INFO:gt864-forward-full-register-schedule.gt864_forward_one_bank_all_one_mul_b3_slothy_start.split:[182-193]: *************.... (13)
INFO:gt864-forward-full-register-schedule.gt864_forward_one_bank_all_one_mul_b3_slothy_start.split:[193-204]: *************.... (13)
INFO:gt864-forward-full-register-schedule.gt864_forward_one_bank_all_one_mul_b3_slothy_start.split:[204-216]: *************.... (13)
INFO:gt864-forward-full-register-schedule.gt864_forward_one_bank_all_one_mul_b3_slothy_start.split:[216-227]: *************.... (13)
INFO:gt864-forward-full-register-schedule.gt864_forward_one_bank_all_one_mul_b3_slothy_start.split:[227-238]: *************.... (13)
INFO:gt864-forward-full-register-schedule.gt864_forward_one_bank_all_one_mul_b3_slothy_start.split:[238-250]: *************.... (13)
INFO:gt864-forward-full-register-schedule.gt864_forward_one_bank_all_one_mul_b3_slothy_start.split:[250-261]: *************.... (13)
INFO:gt864-forward-full-register-schedule.gt864_forward_one_bank_all_one_mul_b3_slothy_start.split:[261-273]: *************.... (13)
INFO:gt864-forward-full-register-schedule.gt864_forward_one_bank_all_one_mul_b3_slothy_start.split:[273-284]: *************.... (13)
INFO:gt864-forward-full-register-schedule.gt864_forward_one_bank_all_one_mul_b3_slothy_start.split:[284-295]: ************..... (12)
INFO:gt864-forward-full-register-schedule.gt864_forward_one_bank_all_one_mul_b3_slothy_start.split:[295-307]: **********....... (10)
INFO:gt864-forward-full-register-schedule.gt864_forward_one_bank_all_one_mul_b3_slothy_start.split:[307-318]: ********......... (8)
INFO:gt864-forward-full-register-schedule.gt864_forward_one_bank_all_one_mul_b3_slothy_start.split:[318-330]: ********......... (8)
INFO:gt864-forward-full-register-schedule.gt864_forward_one_bank_all_one_mul_b3_slothy_start.split:[330-341]: ********......... (8)
INFO:gt864-forward-full-register-schedule.gt864_forward_one_bank_all_one_mul_b3_slothy_start.split:[341-352]: ***********...... (11)
INFO:gt864-forward-full-register-schedule.gt864_forward_one_bank_all_one_mul_b3_slothy_start.split:[352-364]: *************.... (13)
INFO:gt864-forward-full-register-schedule.gt864_forward_one_bank_all_one_mul_b3_slothy_start.split:[364-375]: *************.... (13)
INFO:gt864-forward-full-register-schedule.gt864_forward_one_bank_all_one_mul_b3_slothy_start.split:[375-386]: *************.... (13)
INFO:gt864-forward-full-register-schedule.gt864_forward_one_bank_all_one_mul_b3_slothy_start.split:[386-398]: ***********...... (11)
INFO:gt864-forward-full-register-schedule.gt864_forward_one_bank_all_one_mul_b3_slothy_start.split:[398-409]: **********....... (10)
INFO:gt864-forward-full-register-schedule.gt864_forward_one_bank_all_one_mul_b3_slothy_start.split:[409-421]: **********....... (10)
INFO:gt864-forward-full-register-schedule.gt864_forward_one_bank_all_one_mul_b3_slothy_start.split:[421-432]: ***********...... (11)
INFO:gt864-forward-full-register-schedule.gt864_forward_one_bank_all_one_mul_b3_slothy_start.split:[432-443]: ***********...... (11)
INFO:gt864-forward-full-register-schedule.gt864_forward_one_bank_all_one_mul_b3_slothy_start.split:[443-455]: ***********...... (11)
INFO:gt864-forward-full-register-schedule.gt864_forward_one_bank_all_one_mul_b3_slothy_start.split:[455-466]: ************..... (12)
INFO:gt864-forward-full-register-schedule.gt864_forward_one_bank_all_one_mul_b3_slothy_start.split:[466-477]: *************.... (13)
INFO:gt864-forward-full-register-schedule.gt864_forward_one_bank_all_one_mul_b3_slothy_start.split:[477-489]: *************.... (13)
INFO:gt864-forward-full-register-schedule.gt864_forward_one_bank_all_one_mul_b3_slothy_start.split:[489-500]: ************..... (12)
INFO:gt864-forward-full-register-schedule.gt864_forward_one_bank_all_one_mul_b3_slothy_start.split:[500-512]: **********....... (10)
INFO:gt864-forward-full-register-schedule.gt864_forward_one_bank_all_one_mul_b3_slothy_start.split:[512-523]: **********....... (10)
INFO:gt864-forward-full-register-schedule.gt864_forward_one_bank_all_one_mul_b3_slothy_start.split:[523-534]: ***********...... (11)
INFO:gt864-forward-full-register-schedule.gt864_forward_one_bank_all_one_mul_b3_slothy_start.split:[534-546]: ************..... (12)
INFO:gt864-forward-full-register-schedule.gt864_forward_one_bank_all_one_mul_b3_slothy_start.split:[546-557]: ************..... (12)
INFO:gt864-forward-full-register-schedule.gt864_forward_one_bank_all_one_mul_b3_slothy_start.split:[557-569]: *********........ (9)
INFO:gt864-forward-full-register-schedule.gt864_forward_one_bank_all_one_mul_b3_slothy_start.split.57_75:Perform internal binary search for minimal number of stalls...
INFO:gt864-forward-full-register-schedule.gt864_forward_one_bank_all_one_mul_b3_slothy_start.split.57_75:Attempt optimization with max 256 stalls...
INFO:gt864-forward-full-register-schedule.gt864_forward_one_bank_all_one_mul_b3_slothy_start.split.57_75:Setting timeout of 14400 seconds...
INFO:gt864-forward-full-register-schedule.gt864_forward_one_bank_all_one_mul_b3_slothy_start.split.57_75:Objective: minimize cycles
INFO:gt864-forward-full-register-schedule.gt864_forward_one_bank_all_one_mul_b3_slothy_start.split.57_75:Invoking external constraint solver (OR-Tools CP-SAT v9.15.6755) ...
INFO:gt864-forward-full-register-schedule.gt864_forward_one_bank_all_one_mul_b3_slothy_start.split.57_75:[0.0327s]: Found 1 solutions so far... objective (minimize cycles): currently  (Cycles ~ 20.0, IPC ~ 0.90), bound  (Cycles ~ 13.0, IPC ~ 1.38)
INFO:gt864-forward-full-register-schedule.gt864_forward_one_bank_all_one_mul_b3_slothy_start.split.57_75:OPTIMAL, wall time: 0.043169 s
INFO:gt864-forward-full-register-schedule.gt864_forward_one_bank_all_one_mul_b3_slothy_start.split.57_75:Booleans in result: 106
INFO:gt864-forward-full-register-schedule.gt864_forward_one_bank_all_one_mul_b3_slothy_start.split.57_75.selfcheck:OK!
INFO:gt864-forward-full-register-schedule.gt864_forward_one_bank_all_one_mul_b3_slothy_start.split.57_75:Minimum number of stalls: 15
INFO:gt864-forward-full-register-schedule.gt864_forward_one_bank_all_one_mul_b3_slothy_start.split:[  0- 11]: ************..... (12)
INFO:gt864-forward-full-register-schedule.gt864_forward_one_bank_all_one_mul_b3_slothy_start.split:[ 11- 22]: **************... (14)
INFO:gt864-forward-full-register-schedule.gt864_forward_one_bank_all_one_mul_b3_slothy_start.split:[ 22- 34]: ************..... (12)
INFO:gt864-forward-full-register-schedule.gt864_forward_one_bank_all_one_mul_b3_slothy_start.split:[ 34- 45]: ***********...... (11)
INFO:gt864-forward-full-register-schedule.gt864_forward_one_bank_all_one_mul_b3_slothy_start.split:[ 45- 56]: **********....... (10)
INFO:gt864-forward-full-register-schedule.gt864_forward_one_bank_all_one_mul_b3_slothy_start.split:[ 56- 68]: ***********...... (11)
INFO:gt864-forward-full-register-schedule.gt864_forward_one_bank_all_one_mul_b3_slothy_start.split:[ 68- 79]: *************.... (13)
INFO:gt864-forward-full-register-schedule.gt864_forward_one_bank_all_one_mul_b3_slothy_start.split:[ 79- 91]: *************.... (13)
INFO:gt864-forward-full-register-schedule.gt864_forward_one_bank_all_one_mul_b3_slothy_start.split:[ 91-102]: *************.... (13)
INFO:gt864-forward-full-register-schedule.gt864_forward_one_bank_all_one_mul_b3_slothy_start.split:[102-113]: **************... (14)
INFO:gt864-forward-full-register-schedule.gt864_forward_one_bank_all_one_mul_b3_slothy_start.split:[113-125]: **************... (14)
INFO:gt864-forward-full-register-schedule.gt864_forward_one_bank_all_one_mul_b3_slothy_start.split:[125-136]: *************.... (13)
INFO:gt864-forward-full-register-schedule.gt864_forward_one_bank_all_one_mul_b3_slothy_start.split:[136-147]: *************.... (13)
INFO:gt864-forward-full-register-schedule.gt864_forward_one_bank_all_one_mul_b3_slothy_start.split:[147-159]: *************.... (13)
INFO:gt864-forward-full-register-schedule.gt864_forward_one_bank_all_one_mul_b3_slothy_start.split:[159-170]: *************.... (13)
INFO:gt864-forward-full-register-schedule.gt864_forward_one_bank_all_one_mul_b3_slothy_start.split:[170-182]: *************.... (13)
INFO:gt864-forward-full-register-schedule.gt864_forward_one_bank_all_one_mul_b3_slothy_start.split:[182-193]: *************.... (13)
INFO:gt864-forward-full-register-schedule.gt864_forward_one_bank_all_one_mul_b3_slothy_start.split:[193-204]: *************.... (13)
INFO:gt864-forward-full-register-schedule.gt864_forward_one_bank_all_one_mul_b3_slothy_start.split:[204-216]: *************.... (13)
INFO:gt864-forward-full-register-schedule.gt864_forward_one_bank_all_one_mul_b3_slothy_start.split:[216-227]: *************.... (13)
INFO:gt864-forward-full-register-schedule.gt864_forward_one_bank_all_one_mul_b3_slothy_start.split:[227-238]: *************.... (13)
INFO:gt864-forward-full-register-schedule.gt864_forward_one_bank_all_one_mul_b3_slothy_start.split:[238-250]: *************.... (13)
INFO:gt864-forward-full-register-schedule.gt864_forward_one_bank_all_one_mul_b3_slothy_start.split:[250-261]: *************.... (13)
INFO:gt864-forward-full-register-schedule.gt864_forward_one_bank_all_one_mul_b3_slothy_start.split:[261-273]: *************.... (13)
INFO:gt864-forward-full-register-schedule.gt864_forward_one_bank_all_one_mul_b3_slothy_start.split:[273-284]: *************.... (13)
INFO:gt864-forward-full-register-schedule.gt864_forward_one_bank_all_one_mul_b3_slothy_start.split:[284-295]: ************..... (12)
INFO:gt864-forward-full-register-schedule.gt864_forward_one_bank_all_one_mul_b3_slothy_start.split:[295-307]: **********....... (10)
INFO:gt864-forward-full-register-schedule.gt864_forward_one_bank_all_one_mul_b3_slothy_start.split:[307-318]: ********......... (8)
INFO:gt864-forward-full-register-schedule.gt864_forward_one_bank_all_one_mul_b3_slothy_start.split:[318-330]: ********......... (8)
INFO:gt864-forward-full-register-schedule.gt864_forward_one_bank_all_one_mul_b3_slothy_start.split:[330-341]: ********......... (8)
INFO:gt864-forward-full-register-schedule.gt864_forward_one_bank_all_one_mul_b3_slothy_start.split:[341-352]: ***********...... (11)
INFO:gt864-forward-full-register-schedule.gt864_forward_one_bank_all_one_mul_b3_slothy_start.split:[352-364]: *************.... (13)
INFO:gt864-forward-full-register-schedule.gt864_forward_one_bank_all_one_mul_b3_slothy_start.split:[364-375]: *************.... (13)
INFO:gt864-forward-full-register-schedule.gt864_forward_one_bank_all_one_mul_b3_slothy_start.split:[375-386]: *************.... (13)
INFO:gt864-forward-full-register-schedule.gt864_forward_one_bank_all_one_mul_b3_slothy_start.split:[386-398]: ***********...... (11)
INFO:gt864-forward-full-register-schedule.gt864_forward_one_bank_all_one_mul_b3_slothy_start.split:[398-409]: **********....... (10)
INFO:gt864-forward-full-register-schedule.gt864_forward_one_bank_all_one_mul_b3_slothy_start.split:[409-421]: **********....... (10)
INFO:gt864-forward-full-register-schedule.gt864_forward_one_bank_all_one_mul_b3_slothy_start.split:[421-432]: ***********...... (11)
INFO:gt864-forward-full-register-schedule.gt864_forward_one_bank_all_one_mul_b3_slothy_start.split:[432-443]: ***********...... (11)
INFO:gt864-forward-full-register-schedule.gt864_forward_one_bank_all_one_mul_b3_slothy_start.split:[443-455]: ***********...... (11)
INFO:gt864-forward-full-register-schedule.gt864_forward_one_bank_all_one_mul_b3_slothy_start.split:[455-466]: ************..... (12)
INFO:gt864-forward-full-register-schedule.gt864_forward_one_bank_all_one_mul_b3_slothy_start.split:[466-477]: *************.... (13)
INFO:gt864-forward-full-register-schedule.gt864_forward_one_bank_all_one_mul_b3_slothy_start.split:[477-489]: *************.... (13)
INFO:gt864-forward-full-register-schedule.gt864_forward_one_bank_all_one_mul_b3_slothy_start.split:[489-500]: ************..... (12)
INFO:gt864-forward-full-register-schedule.gt864_forward_one_bank_all_one_mul_b3_slothy_start.split:[500-512]: **********....... (10)
INFO:gt864-forward-full-register-schedule.gt864_forward_one_bank_all_one_mul_b3_slothy_start.split:[512-523]: **********....... (10)
INFO:gt864-forward-full-register-schedule.gt864_forward_one_bank_all_one_mul_b3_slothy_start.split:[523-534]: ***********...... (11)
INFO:gt864-forward-full-register-schedule.gt864_forward_one_bank_all_one_mul_b3_slothy_start.split:[534-546]: ************..... (12)
INFO:gt864-forward-full-register-schedule.gt864_forward_one_bank_all_one_mul_b3_slothy_start.split:[546-557]: ************..... (12)
INFO:gt864-forward-full-register-schedule.gt864_forward_one_bank_all_one_mul_b3_slothy_start.split:[557-569]: *********........ (9)
INFO:gt864-forward-full-register-schedule.gt864_forward_one_bank_all_one_mul_b3_slothy_start.split.85_103:Perform internal binary search for minimal number of stalls...
INFO:gt864-forward-full-register-schedule.gt864_forward_one_bank_all_one_mul_b3_slothy_start.split.85_103:Attempt optimization with max 256 stalls...
INFO:gt864-forward-full-register-schedule.gt864_forward_one_bank_all_one_mul_b3_slothy_start.split.85_103:Setting timeout of 14400 seconds...
INFO:gt864-forward-full-register-schedule.gt864_forward_one_bank_all_one_mul_b3_slothy_start.split.85_103:Objective: minimize cycles
INFO:gt864-forward-full-register-schedule.gt864_forward_one_bank_all_one_mul_b3_slothy_start.split.85_103:Invoking external constraint solver (OR-Tools CP-SAT v9.15.6755) ...
INFO:gt864-forward-full-register-schedule.gt864_forward_one_bank_all_one_mul_b3_slothy_start.split.85_103:[0.0791s]: Found 1 solutions so far... objective (minimize cycles): currently  (Cycles ~ 27.0, IPC ~ 0.67), bound  (Cycles ~ 18.0, IPC ~ 1.00)
INFO:gt864-forward-full-register-schedule.gt864_forward_one_bank_all_one_mul_b3_slothy_start.split.85_103:OPTIMAL, wall time: 0.087885 s
INFO:gt864-forward-full-register-schedule.gt864_forward_one_bank_all_one_mul_b3_slothy_start.split.85_103:Booleans in result: 105
INFO:gt864-forward-full-register-schedule.gt864_forward_one_bank_all_one_mul_b3_slothy_start.split.85_103.selfcheck:OK!
INFO:gt864-forward-full-register-schedule.gt864_forward_one_bank_all_one_mul_b3_slothy_start.split.85_103:Minimum number of stalls: 22
INFO:gt864-forward-full-register-schedule.gt864_forward_one_bank_all_one_mul_b3_slothy_start.split:[  0- 11]: ************..... (12)
INFO:gt864-forward-full-register-schedule.gt864_forward_one_bank_all_one_mul_b3_slothy_start.split:[ 11- 22]: **************... (14)
INFO:gt864-forward-full-register-schedule.gt864_forward_one_bank_all_one_mul_b3_slothy_start.split:[ 22- 34]: ************..... (12)
INFO:gt864-forward-full-register-schedule.gt864_forward_one_bank_all_one_mul_b3_slothy_start.split:[ 34- 45]: ***********...... (11)
INFO:gt864-forward-full-register-schedule.gt864_forward_one_bank_all_one_mul_b3_slothy_start.split:[ 45- 56]: **********....... (10)
INFO:gt864-forward-full-register-schedule.gt864_forward_one_bank_all_one_mul_b3_slothy_start.split:[ 56- 68]: ***********...... (11)
INFO:gt864-forward-full-register-schedule.gt864_forward_one_bank_all_one_mul_b3_slothy_start.split:[ 68- 79]: *************.... (13)
INFO:gt864-forward-full-register-schedule.gt864_forward_one_bank_all_one_mul_b3_slothy_start.split:[ 79- 91]: ************..... (12)
INFO:gt864-forward-full-register-schedule.gt864_forward_one_bank_all_one_mul_b3_slothy_start.split:[ 91-102]: ***************.. (15)
INFO:gt864-forward-full-register-schedule.gt864_forward_one_bank_all_one_mul_b3_slothy_start.split:[102-113]: ***************.. (15)
INFO:gt864-forward-full-register-schedule.gt864_forward_one_bank_all_one_mul_b3_slothy_start.split:[113-125]: **************... (14)
INFO:gt864-forward-full-register-schedule.gt864_forward_one_bank_all_one_mul_b3_slothy_start.split:[125-136]: *************.... (13)
INFO:gt864-forward-full-register-schedule.gt864_forward_one_bank_all_one_mul_b3_slothy_start.split:[136-147]: *************.... (13)
INFO:gt864-forward-full-register-schedule.gt864_forward_one_bank_all_one_mul_b3_slothy_start.split:[147-159]: *************.... (13)
INFO:gt864-forward-full-register-schedule.gt864_forward_one_bank_all_one_mul_b3_slothy_start.split:[159-170]: *************.... (13)
INFO:gt864-forward-full-register-schedule.gt864_forward_one_bank_all_one_mul_b3_slothy_start.split:[170-182]: *************.... (13)
INFO:gt864-forward-full-register-schedule.gt864_forward_one_bank_all_one_mul_b3_slothy_start.split:[182-193]: *************.... (13)
INFO:gt864-forward-full-register-schedule.gt864_forward_one_bank_all_one_mul_b3_slothy_start.split:[193-204]: *************.... (13)
INFO:gt864-forward-full-register-schedule.gt864_forward_one_bank_all_one_mul_b3_slothy_start.split:[204-216]: *************.... (13)
INFO:gt864-forward-full-register-schedule.gt864_forward_one_bank_all_one_mul_b3_slothy_start.split:[216-227]: *************.... (13)
INFO:gt864-forward-full-register-schedule.gt864_forward_one_bank_all_one_mul_b3_slothy_start.split:[227-238]: *************.... (13)
INFO:gt864-forward-full-register-schedule.gt864_forward_one_bank_all_one_mul_b3_slothy_start.split:[238-250]: *************.... (13)
INFO:gt864-forward-full-register-schedule.gt864_forward_one_bank_all_one_mul_b3_slothy_start.split:[250-261]: *************.... (13)
INFO:gt864-forward-full-register-schedule.gt864_forward_one_bank_all_one_mul_b3_slothy_start.split:[261-273]: *************.... (13)
INFO:gt864-forward-full-register-schedule.gt864_forward_one_bank_all_one_mul_b3_slothy_start.split:[273-284]: *************.... (13)
INFO:gt864-forward-full-register-schedule.gt864_forward_one_bank_all_one_mul_b3_slothy_start.split:[284-295]: ************..... (12)
INFO:gt864-forward-full-register-schedule.gt864_forward_one_bank_all_one_mul_b3_slothy_start.split:[295-307]: **********....... (10)
INFO:gt864-forward-full-register-schedule.gt864_forward_one_bank_all_one_mul_b3_slothy_start.split:[307-318]: ********......... (8)
INFO:gt864-forward-full-register-schedule.gt864_forward_one_bank_all_one_mul_b3_slothy_start.split:[318-330]: ********......... (8)
INFO:gt864-forward-full-register-schedule.gt864_forward_one_bank_all_one_mul_b3_slothy_start.split:[330-341]: ********......... (8)
INFO:gt864-forward-full-register-schedule.gt864_forward_one_bank_all_one_mul_b3_slothy_start.split:[341-352]: ***********...... (11)
INFO:gt864-forward-full-register-schedule.gt864_forward_one_bank_all_one_mul_b3_slothy_start.split:[352-364]: *************.... (13)
INFO:gt864-forward-full-register-schedule.gt864_forward_one_bank_all_one_mul_b3_slothy_start.split:[364-375]: *************.... (13)
INFO:gt864-forward-full-register-schedule.gt864_forward_one_bank_all_one_mul_b3_slothy_start.split:[375-386]: *************.... (13)
INFO:gt864-forward-full-register-schedule.gt864_forward_one_bank_all_one_mul_b3_slothy_start.split:[386-398]: ***********...... (11)
INFO:gt864-forward-full-register-schedule.gt864_forward_one_bank_all_one_mul_b3_slothy_start.split:[398-409]: **********....... (10)
INFO:gt864-forward-full-register-schedule.gt864_forward_one_bank_all_one_mul_b3_slothy_start.split:[409-421]: **********....... (10)
INFO:gt864-forward-full-register-schedule.gt864_forward_one_bank_all_one_mul_b3_slothy_start.split:[421-432]: ***********...... (11)
INFO:gt864-forward-full-register-schedule.gt864_forward_one_bank_all_one_mul_b3_slothy_start.split:[432-443]: ***********...... (11)
INFO:gt864-forward-full-register-schedule.gt864_forward_one_bank_all_one_mul_b3_slothy_start.split:[443-455]: ***********...... (11)
INFO:gt864-forward-full-register-schedule.gt864_forward_one_bank_all_one_mul_b3_slothy_start.split:[455-466]: ************..... (12)
INFO:gt864-forward-full-register-schedule.gt864_forward_one_bank_all_one_mul_b3_slothy_start.split:[466-477]: *************.... (13)
INFO:gt864-forward-full-register-schedule.gt864_forward_one_bank_all_one_mul_b3_slothy_start.split:[477-489]: *************.... (13)
INFO:gt864-forward-full-register-schedule.gt864_forward_one_bank_all_one_mul_b3_slothy_start.split:[489-500]: ************..... (12)
INFO:gt864-forward-full-register-schedule.gt864_forward_one_bank_all_one_mul_b3_slothy_start.split:[500-512]: **********....... (10)
INFO:gt864-forward-full-register-schedule.gt864_forward_one_bank_all_one_mul_b3_slothy_start.split:[512-523]: **********....... (10)
INFO:gt864-forward-full-register-schedule.gt864_forward_one_bank_all_one_mul_b3_slothy_start.split:[523-534]: ***********...... (11)
INFO:gt864-forward-full-register-schedule.gt864_forward_one_bank_all_one_mul_b3_slothy_start.split:[534-546]: ************..... (12)
INFO:gt864-forward-full-register-schedule.gt864_forward_one_bank_all_one_mul_b3_slothy_start.split:[546-557]: ************..... (12)
INFO:gt864-forward-full-register-schedule.gt864_forward_one_bank_all_one_mul_b3_slothy_start.split:[557-569]: *********........ (9)
INFO:gt864-forward-full-register-schedule.gt864_forward_one_bank_all_one_mul_b3_slothy_start.split.114_132:Perform internal binary search for minimal number of stalls...
INFO:gt864-forward-full-register-schedule.gt864_forward_one_bank_all_one_mul_b3_slothy_start.split.114_132:Attempt optimization with max 256 stalls...
INFO:gt864-forward-full-register-schedule.gt864_forward_one_bank_all_one_mul_b3_slothy_start.split.114_132:Setting timeout of 14400 seconds...
INFO:gt864-forward-full-register-schedule.gt864_forward_one_bank_all_one_mul_b3_slothy_start.split.114_132:Objective: minimize cycles
INFO:gt864-forward-full-register-schedule.gt864_forward_one_bank_all_one_mul_b3_slothy_start.split.114_132:Invoking external constraint solver (OR-Tools CP-SAT v9.15.6755) ...
INFO:gt864-forward-full-register-schedule.gt864_forward_one_bank_all_one_mul_b3_slothy_start.split.114_132:[0.1488s]: Found 1 solutions so far... objective (minimize cycles): currently  (Cycles ~ 28.0, IPC ~ 0.64), bound  (Cycles ~ 18.0, IPC ~ 1.00)
INFO:gt864-forward-full-register-schedule.gt864_forward_one_bank_all_one_mul_b3_slothy_start.split.114_132:[0.1519s]: Found 2 solutions so far... objective (minimize cycles): currently  (Cycles ~ 27.0, IPC ~ 0.67), bound  (Cycles ~ 25.0, IPC ~ 0.72)
INFO:gt864-forward-full-register-schedule.gt864_forward_one_bank_all_one_mul_b3_slothy_start.split.114_132:OPTIMAL, wall time: 0.161213 s
INFO:gt864-forward-full-register-schedule.gt864_forward_one_bank_all_one_mul_b3_slothy_start.split.114_132:Booleans in result: 118
INFO:gt864-forward-full-register-schedule.gt864_forward_one_bank_all_one_mul_b3_slothy_start.split.114_132.selfcheck:OK!
INFO:gt864-forward-full-register-schedule.gt864_forward_one_bank_all_one_mul_b3_slothy_start.split.114_132:Minimum number of stalls: 22
INFO:gt864-forward-full-register-schedule.gt864_forward_one_bank_all_one_mul_b3_slothy_start.split:[  0- 11]: ************..... (12)
INFO:gt864-forward-full-register-schedule.gt864_forward_one_bank_all_one_mul_b3_slothy_start.split:[ 11- 22]: **************... (14)
INFO:gt864-forward-full-register-schedule.gt864_forward_one_bank_all_one_mul_b3_slothy_start.split:[ 22- 34]: ************..... (12)
INFO:gt864-forward-full-register-schedule.gt864_forward_one_bank_all_one_mul_b3_slothy_start.split:[ 34- 45]: ***********...... (11)
INFO:gt864-forward-full-register-schedule.gt864_forward_one_bank_all_one_mul_b3_slothy_start.split:[ 45- 56]: **********....... (10)
INFO:gt864-forward-full-register-schedule.gt864_forward_one_bank_all_one_mul_b3_slothy_start.split:[ 56- 68]: ***********...... (11)
INFO:gt864-forward-full-register-schedule.gt864_forward_one_bank_all_one_mul_b3_slothy_start.split:[ 68- 79]: *************.... (13)
INFO:gt864-forward-full-register-schedule.gt864_forward_one_bank_all_one_mul_b3_slothy_start.split:[ 79- 91]: ************..... (12)
INFO:gt864-forward-full-register-schedule.gt864_forward_one_bank_all_one_mul_b3_slothy_start.split:[ 91-102]: ***************.. (15)
INFO:gt864-forward-full-register-schedule.gt864_forward_one_bank_all_one_mul_b3_slothy_start.split:[102-113]: **************... (14)
INFO:gt864-forward-full-register-schedule.gt864_forward_one_bank_all_one_mul_b3_slothy_start.split:[113-125]: *************.... (13)
INFO:gt864-forward-full-register-schedule.gt864_forward_one_bank_all_one_mul_b3_slothy_start.split:[125-136]: ***************.. (15)
INFO:gt864-forward-full-register-schedule.gt864_forward_one_bank_all_one_mul_b3_slothy_start.split:[136-147]: **************... (14)
INFO:gt864-forward-full-register-schedule.gt864_forward_one_bank_all_one_mul_b3_slothy_start.split:[147-159]: *************.... (13)
INFO:gt864-forward-full-register-schedule.gt864_forward_one_bank_all_one_mul_b3_slothy_start.split:[159-170]: *************.... (13)
INFO:gt864-forward-full-register-schedule.gt864_forward_one_bank_all_one_mul_b3_slothy_start.split:[170-182]: *************.... (13)
INFO:gt864-forward-full-register-schedule.gt864_forward_one_bank_all_one_mul_b3_slothy_start.split:[182-193]: *************.... (13)
INFO:gt864-forward-full-register-schedule.gt864_forward_one_bank_all_one_mul_b3_slothy_start.split:[193-204]: *************.... (13)
INFO:gt864-forward-full-register-schedule.gt864_forward_one_bank_all_one_mul_b3_slothy_start.split:[204-216]: *************.... (13)
INFO:gt864-forward-full-register-schedule.gt864_forward_one_bank_all_one_mul_b3_slothy_start.split:[216-227]: *************.... (13)
INFO:gt864-forward-full-register-schedule.gt864_forward_one_bank_all_one_mul_b3_slothy_start.split:[227-238]: *************.... (13)
INFO:gt864-forward-full-register-schedule.gt864_forward_one_bank_all_one_mul_b3_slothy_start.split:[238-250]: *************.... (13)
INFO:gt864-forward-full-register-schedule.gt864_forward_one_bank_all_one_mul_b3_slothy_start.split:[250-261]: *************.... (13)
INFO:gt864-forward-full-register-schedule.gt864_forward_one_bank_all_one_mul_b3_slothy_start.split:[261-273]: *************.... (13)
INFO:gt864-forward-full-register-schedule.gt864_forward_one_bank_all_one_mul_b3_slothy_start.split:[273-284]: *************.... (13)
INFO:gt864-forward-full-register-schedule.gt864_forward_one_bank_all_one_mul_b3_slothy_start.split:[284-295]: ************..... (12)
INFO:gt864-forward-full-register-schedule.gt864_forward_one_bank_all_one_mul_b3_slothy_start.split:[295-307]: **********....... (10)
INFO:gt864-forward-full-register-schedule.gt864_forward_one_bank_all_one_mul_b3_slothy_start.split:[307-318]: ********......... (8)
INFO:gt864-forward-full-register-schedule.gt864_forward_one_bank_all_one_mul_b3_slothy_start.split:[318-330]: ********......... (8)
INFO:gt864-forward-full-register-schedule.gt864_forward_one_bank_all_one_mul_b3_slothy_start.split:[330-341]: ********......... (8)
INFO:gt864-forward-full-register-schedule.gt864_forward_one_bank_all_one_mul_b3_slothy_start.split:[341-352]: ***********...... (11)
INFO:gt864-forward-full-register-schedule.gt864_forward_one_bank_all_one_mul_b3_slothy_start.split:[352-364]: *************.... (13)
INFO:gt864-forward-full-register-schedule.gt864_forward_one_bank_all_one_mul_b3_slothy_start.split:[364-375]: *************.... (13)
INFO:gt864-forward-full-register-schedule.gt864_forward_one_bank_all_one_mul_b3_slothy_start.split:[375-386]: *************.... (13)
INFO:gt864-forward-full-register-schedule.gt864_forward_one_bank_all_one_mul_b3_slothy_start.split:[386-398]: ***********...... (11)
INFO:gt864-forward-full-register-schedule.gt864_forward_one_bank_all_one_mul_b3_slothy_start.split:[398-409]: **********....... (10)
INFO:gt864-forward-full-register-schedule.gt864_forward_one_bank_all_one_mul_b3_slothy_start.split:[409-421]: **********....... (10)
INFO:gt864-forward-full-register-schedule.gt864_forward_one_bank_all_one_mul_b3_slothy_start.split:[421-432]: ***********...... (11)
INFO:gt864-forward-full-register-schedule.gt864_forward_one_bank_all_one_mul_b3_slothy_start.split:[432-443]: ***********...... (11)
INFO:gt864-forward-full-register-schedule.gt864_forward_one_bank_all_one_mul_b3_slothy_start.split:[443-455]: ***********...... (11)
INFO:gt864-forward-full-register-schedule.gt864_forward_one_bank_all_one_mul_b3_slothy_start.split:[455-466]: ************..... (12)
INFO:gt864-forward-full-register-schedule.gt864_forward_one_bank_all_one_mul_b3_slothy_start.split:[466-477]: *************.... (13)
INFO:gt864-forward-full-register-schedule.gt864_forward_one_bank_all_one_mul_b3_slothy_start.split:[477-489]: *************.... (13)
INFO:gt864-forward-full-register-schedule.gt864_forward_one_bank_all_one_mul_b3_slothy_start.split:[489-500]: ************..... (12)
INFO:gt864-forward-full-register-schedule.gt864_forward_one_bank_all_one_mul_b3_slothy_start.split:[500-512]: **********....... (10)
INFO:gt864-forward-full-register-schedule.gt864_forward_one_bank_all_one_mul_b3_slothy_start.split:[512-523]: **********....... (10)
INFO:gt864-forward-full-register-schedule.gt864_forward_one_bank_all_one_mul_b3_slothy_start.split:[523-534]: ***********...... (11)
INFO:gt864-forward-full-register-schedule.gt864_forward_one_bank_all_one_mul_b3_slothy_start.split:[534-546]: ************..... (12)
INFO:gt864-forward-full-register-schedule.gt864_forward_one_bank_all_one_mul_b3_slothy_start.split:[546-557]: ************..... (12)
INFO:gt864-forward-full-register-schedule.gt864_forward_one_bank_all_one_mul_b3_slothy_start.split:[557-569]: *********........ (9)
INFO:gt864-forward-full-register-schedule.gt864_forward_one_bank_all_one_mul_b3_slothy_start.split.142_160:Perform internal binary search for minimal number of stalls...
INFO:gt864-forward-full-register-schedule.gt864_forward_one_bank_all_one_mul_b3_slothy_start.split.142_160:Attempt optimization with max 256 stalls...
INFO:gt864-forward-full-register-schedule.gt864_forward_one_bank_all_one_mul_b3_slothy_start.split.142_160:Setting timeout of 14400 seconds...
INFO:gt864-forward-full-register-schedule.gt864_forward_one_bank_all_one_mul_b3_slothy_start.split.142_160:Objective: minimize cycles
INFO:gt864-forward-full-register-schedule.gt864_forward_one_bank_all_one_mul_b3_slothy_start.split.142_160:Invoking external constraint solver (OR-Tools CP-SAT v9.15.6755) ...
INFO:gt864-forward-full-register-schedule.gt864_forward_one_bank_all_one_mul_b3_slothy_start.split.142_160:[0.0730s]: Found 1 solutions so far... objective (minimize cycles): currently  (Cycles ~ 24.0, IPC ~ 0.75), bound  (Cycles ~ 11.0, IPC ~ 1.64)
INFO:gt864-forward-full-register-schedule.gt864_forward_one_bank_all_one_mul_b3_slothy_start.split.142_160:[0.0919s]: Found 2 solutions so far... objective (minimize cycles): currently  (Cycles ~ 23.0, IPC ~ 0.78), bound  (Cycles ~ 22.0, IPC ~ 0.82)
INFO:gt864-forward-full-register-schedule.gt864_forward_one_bank_all_one_mul_b3_slothy_start.split.142_160:OPTIMAL, wall time: 0.107471 s
INFO:gt864-forward-full-register-schedule.gt864_forward_one_bank_all_one_mul_b3_slothy_start.split.142_160:Booleans in result: 100
INFO:gt864-forward-full-register-schedule.gt864_forward_one_bank_all_one_mul_b3_slothy_start.split.142_160.selfcheck:OK!
INFO:gt864-forward-full-register-schedule.gt864_forward_one_bank_all_one_mul_b3_slothy_start.split.142_160:Minimum number of stalls: 18
INFO:gt864-forward-full-register-schedule.gt864_forward_one_bank_all_one_mul_b3_slothy_start.split:[  0- 11]: ************..... (12)
INFO:gt864-forward-full-register-schedule.gt864_forward_one_bank_all_one_mul_b3_slothy_start.split:[ 11- 22]: **************... (14)
INFO:gt864-forward-full-register-schedule.gt864_forward_one_bank_all_one_mul_b3_slothy_start.split:[ 22- 34]: ************..... (12)
INFO:gt864-forward-full-register-schedule.gt864_forward_one_bank_all_one_mul_b3_slothy_start.split:[ 34- 45]: ***********...... (11)
INFO:gt864-forward-full-register-schedule.gt864_forward_one_bank_all_one_mul_b3_slothy_start.split:[ 45- 56]: **********....... (10)
INFO:gt864-forward-full-register-schedule.gt864_forward_one_bank_all_one_mul_b3_slothy_start.split:[ 56- 68]: ***********...... (11)
INFO:gt864-forward-full-register-schedule.gt864_forward_one_bank_all_one_mul_b3_slothy_start.split:[ 68- 79]: *************.... (13)
INFO:gt864-forward-full-register-schedule.gt864_forward_one_bank_all_one_mul_b3_slothy_start.split:[ 79- 91]: ************..... (12)
INFO:gt864-forward-full-register-schedule.gt864_forward_one_bank_all_one_mul_b3_slothy_start.split:[ 91-102]: ***************.. (15)
INFO:gt864-forward-full-register-schedule.gt864_forward_one_bank_all_one_mul_b3_slothy_start.split:[102-113]: **************... (14)
INFO:gt864-forward-full-register-schedule.gt864_forward_one_bank_all_one_mul_b3_slothy_start.split:[113-125]: *************.... (13)
INFO:gt864-forward-full-register-schedule.gt864_forward_one_bank_all_one_mul_b3_slothy_start.split:[125-136]: ***************.. (15)
INFO:gt864-forward-full-register-schedule.gt864_forward_one_bank_all_one_mul_b3_slothy_start.split:[136-147]: **************... (14)
INFO:gt864-forward-full-register-schedule.gt864_forward_one_bank_all_one_mul_b3_slothy_start.split:[147-159]: **************... (14)
INFO:gt864-forward-full-register-schedule.gt864_forward_one_bank_all_one_mul_b3_slothy_start.split:[159-170]: *************.... (13)
INFO:gt864-forward-full-register-schedule.gt864_forward_one_bank_all_one_mul_b3_slothy_start.split:[170-182]: *************.... (13)
INFO:gt864-forward-full-register-schedule.gt864_forward_one_bank_all_one_mul_b3_slothy_start.split:[182-193]: *************.... (13)
INFO:gt864-forward-full-register-schedule.gt864_forward_one_bank_all_one_mul_b3_slothy_start.split:[193-204]: *************.... (13)
INFO:gt864-forward-full-register-schedule.gt864_forward_one_bank_all_one_mul_b3_slothy_start.split:[204-216]: *************.... (13)
INFO:gt864-forward-full-register-schedule.gt864_forward_one_bank_all_one_mul_b3_slothy_start.split:[216-227]: *************.... (13)
INFO:gt864-forward-full-register-schedule.gt864_forward_one_bank_all_one_mul_b3_slothy_start.split:[227-238]: *************.... (13)
INFO:gt864-forward-full-register-schedule.gt864_forward_one_bank_all_one_mul_b3_slothy_start.split:[238-250]: *************.... (13)
INFO:gt864-forward-full-register-schedule.gt864_forward_one_bank_all_one_mul_b3_slothy_start.split:[250-261]: *************.... (13)
INFO:gt864-forward-full-register-schedule.gt864_forward_one_bank_all_one_mul_b3_slothy_start.split:[261-273]: *************.... (13)
INFO:gt864-forward-full-register-schedule.gt864_forward_one_bank_all_one_mul_b3_slothy_start.split:[273-284]: *************.... (13)
INFO:gt864-forward-full-register-schedule.gt864_forward_one_bank_all_one_mul_b3_slothy_start.split:[284-295]: ************..... (12)
INFO:gt864-forward-full-register-schedule.gt864_forward_one_bank_all_one_mul_b3_slothy_start.split:[295-307]: **********....... (10)
INFO:gt864-forward-full-register-schedule.gt864_forward_one_bank_all_one_mul_b3_slothy_start.split:[307-318]: ********......... (8)
INFO:gt864-forward-full-register-schedule.gt864_forward_one_bank_all_one_mul_b3_slothy_start.split:[318-330]: ********......... (8)
INFO:gt864-forward-full-register-schedule.gt864_forward_one_bank_all_one_mul_b3_slothy_start.split:[330-341]: ********......... (8)
INFO:gt864-forward-full-register-schedule.gt864_forward_one_bank_all_one_mul_b3_slothy_start.split:[341-352]: ***********...... (11)
INFO:gt864-forward-full-register-schedule.gt864_forward_one_bank_all_one_mul_b3_slothy_start.split:[352-364]: *************.... (13)
INFO:gt864-forward-full-register-schedule.gt864_forward_one_bank_all_one_mul_b3_slothy_start.split:[364-375]: *************.... (13)
INFO:gt864-forward-full-register-schedule.gt864_forward_one_bank_all_one_mul_b3_slothy_start.split:[375-386]: *************.... (13)
INFO:gt864-forward-full-register-schedule.gt864_forward_one_bank_all_one_mul_b3_slothy_start.split:[386-398]: ***********...... (11)
INFO:gt864-forward-full-register-schedule.gt864_forward_one_bank_all_one_mul_b3_slothy_start.split:[398-409]: **********....... (10)
INFO:gt864-forward-full-register-schedule.gt864_forward_one_bank_all_one_mul_b3_slothy_start.split:[409-421]: **********....... (10)
INFO:gt864-forward-full-register-schedule.gt864_forward_one_bank_all_one_mul_b3_slothy_start.split:[421-432]: ***********...... (11)
INFO:gt864-forward-full-register-schedule.gt864_forward_one_bank_all_one_mul_b3_slothy_start.split:[432-443]: ***********...... (11)
INFO:gt864-forward-full-register-schedule.gt864_forward_one_bank_all_one_mul_b3_slothy_start.split:[443-455]: ***********...... (11)
INFO:gt864-forward-full-register-schedule.gt864_forward_one_bank_all_one_mul_b3_slothy_start.split:[455-466]: ************..... (12)
INFO:gt864-forward-full-register-schedule.gt864_forward_one_bank_all_one_mul_b3_slothy_start.split:[466-477]: *************.... (13)
INFO:gt864-forward-full-register-schedule.gt864_forward_one_bank_all_one_mul_b3_slothy_start.split:[477-489]: *************.... (13)
INFO:gt864-forward-full-register-schedule.gt864_forward_one_bank_all_one_mul_b3_slothy_start.split:[489-500]: ************..... (12)
INFO:gt864-forward-full-register-schedule.gt864_forward_one_bank_all_one_mul_b3_slothy_start.split:[500-512]: **********....... (10)
INFO:gt864-forward-full-register-schedule.gt864_forward_one_bank_all_one_mul_b3_slothy_start.split:[512-523]: **********....... (10)
INFO:gt864-forward-full-register-schedule.gt864_forward_one_bank_all_one_mul_b3_slothy_start.split:[523-534]: ***********...... (11)
INFO:gt864-forward-full-register-schedule.gt864_forward_one_bank_all_one_mul_b3_slothy_start.split:[534-546]: ************..... (12)
INFO:gt864-forward-full-register-schedule.gt864_forward_one_bank_all_one_mul_b3_slothy_start.split:[546-557]: ************..... (12)
INFO:gt864-forward-full-register-schedule.gt864_forward_one_bank_all_one_mul_b3_slothy_start.split:[557-569]: *********........ (9)
INFO:gt864-forward-full-register-schedule.gt864_forward_one_bank_all_one_mul_b3_slothy_start.split.171_188:Perform internal binary search for minimal number of stalls...
INFO:gt864-forward-full-register-schedule.gt864_forward_one_bank_all_one_mul_b3_slothy_start.split.171_188:Attempt optimization with max 256 stalls...
INFO:gt864-forward-full-register-schedule.gt864_forward_one_bank_all_one_mul_b3_slothy_start.split.171_188:Setting timeout of 14400 seconds...
INFO:gt864-forward-full-register-schedule.gt864_forward_one_bank_all_one_mul_b3_slothy_start.split.171_188:Objective: minimize cycles
INFO:gt864-forward-full-register-schedule.gt864_forward_one_bank_all_one_mul_b3_slothy_start.split.171_188:Invoking external constraint solver (OR-Tools CP-SAT v9.15.6755) ...
INFO:gt864-forward-full-register-schedule.gt864_forward_one_bank_all_one_mul_b3_slothy_start.split.171_188:[0.0555s]: Found 1 solutions so far... objective (minimize cycles): currently  (Cycles ~ 38.0, IPC ~ 0.45), bound  (Cycles ~ 20.0, IPC ~ 0.85)
INFO:gt864-forward-full-register-schedule.gt864_forward_one_bank_all_one_mul_b3_slothy_start.split.171_188:[0.0560s]: Found 2 solutions so far... objective (minimize cycles): currently  (Cycles ~ 34.0, IPC ~ 0.50), bound  (Cycles ~ 20.0, IPC ~ 0.85)
INFO:gt864-forward-full-register-schedule.gt864_forward_one_bank_all_one_mul_b3_slothy_start.split.171_188:[0.0596s]: Found 3 solutions so far... objective (minimize cycles): currently  (Cycles ~ 27.0, IPC ~ 0.63), bound  (Cycles ~ 22.0, IPC ~ 0.77)
INFO:gt864-forward-full-register-schedule.gt864_forward_one_bank_all_one_mul_b3_slothy_start.split.171_188:[0.0623s]: Found 4 solutions so far... objective (minimize cycles): currently  (Cycles ~ 26.0, IPC ~ 0.65), bound  (Cycles ~ 22.0, IPC ~ 0.77)
INFO:gt864-forward-full-register-schedule.gt864_forward_one_bank_all_one_mul_b3_slothy_start.split.171_188:OPTIMAL, wall time: 0.078708 s
INFO:gt864-forward-full-register-schedule.gt864_forward_one_bank_all_one_mul_b3_slothy_start.split.171_188:Booleans in result: 87
INFO:gt864-forward-full-register-schedule.gt864_forward_one_bank_all_one_mul_b3_slothy_start.split.171_188.selfcheck:OK!
INFO:gt864-forward-full-register-schedule.gt864_forward_one_bank_all_one_mul_b3_slothy_start.split.171_188:Minimum number of stalls: 21
INFO:gt864-forward-full-register-schedule.gt864_forward_one_bank_all_one_mul_b3_slothy_start.split:[  0- 11]: ************..... (12)
INFO:gt864-forward-full-register-schedule.gt864_forward_one_bank_all_one_mul_b3_slothy_start.split:[ 11- 22]: **************... (14)
INFO:gt864-forward-full-register-schedule.gt864_forward_one_bank_all_one_mul_b3_slothy_start.split:[ 22- 34]: ************..... (12)
INFO:gt864-forward-full-register-schedule.gt864_forward_one_bank_all_one_mul_b3_slothy_start.split:[ 34- 45]: ***********...... (11)
INFO:gt864-forward-full-register-schedule.gt864_forward_one_bank_all_one_mul_b3_slothy_start.split:[ 45- 56]: **********....... (10)
INFO:gt864-forward-full-register-schedule.gt864_forward_one_bank_all_one_mul_b3_slothy_start.split:[ 56- 68]: ***********...... (11)
INFO:gt864-forward-full-register-schedule.gt864_forward_one_bank_all_one_mul_b3_slothy_start.split:[ 68- 79]: *************.... (13)
INFO:gt864-forward-full-register-schedule.gt864_forward_one_bank_all_one_mul_b3_slothy_start.split:[ 79- 91]: ************..... (12)
INFO:gt864-forward-full-register-schedule.gt864_forward_one_bank_all_one_mul_b3_slothy_start.split:[ 91-102]: ***************.. (15)
INFO:gt864-forward-full-register-schedule.gt864_forward_one_bank_all_one_mul_b3_slothy_start.split:[102-113]: **************... (14)
INFO:gt864-forward-full-register-schedule.gt864_forward_one_bank_all_one_mul_b3_slothy_start.split:[113-125]: *************.... (13)
INFO:gt864-forward-full-register-schedule.gt864_forward_one_bank_all_one_mul_b3_slothy_start.split:[125-136]: ***************.. (15)
INFO:gt864-forward-full-register-schedule.gt864_forward_one_bank_all_one_mul_b3_slothy_start.split:[136-147]: **************... (14)
INFO:gt864-forward-full-register-schedule.gt864_forward_one_bank_all_one_mul_b3_slothy_start.split:[147-159]: **************... (14)
INFO:gt864-forward-full-register-schedule.gt864_forward_one_bank_all_one_mul_b3_slothy_start.split:[159-170]: *************.... (13)
INFO:gt864-forward-full-register-schedule.gt864_forward_one_bank_all_one_mul_b3_slothy_start.split:[170-182]: ***************.. (15)
INFO:gt864-forward-full-register-schedule.gt864_forward_one_bank_all_one_mul_b3_slothy_start.split:[182-193]: ***************.. (15)
INFO:gt864-forward-full-register-schedule.gt864_forward_one_bank_all_one_mul_b3_slothy_start.split:[193-204]: *************.... (13)
INFO:gt864-forward-full-register-schedule.gt864_forward_one_bank_all_one_mul_b3_slothy_start.split:[204-216]: *************.... (13)
INFO:gt864-forward-full-register-schedule.gt864_forward_one_bank_all_one_mul_b3_slothy_start.split:[216-227]: *************.... (13)
INFO:gt864-forward-full-register-schedule.gt864_forward_one_bank_all_one_mul_b3_slothy_start.split:[227-238]: *************.... (13)
INFO:gt864-forward-full-register-schedule.gt864_forward_one_bank_all_one_mul_b3_slothy_start.split:[238-250]: *************.... (13)
INFO:gt864-forward-full-register-schedule.gt864_forward_one_bank_all_one_mul_b3_slothy_start.split:[250-261]: *************.... (13)
INFO:gt864-forward-full-register-schedule.gt864_forward_one_bank_all_one_mul_b3_slothy_start.split:[261-273]: *************.... (13)
INFO:gt864-forward-full-register-schedule.gt864_forward_one_bank_all_one_mul_b3_slothy_start.split:[273-284]: *************.... (13)
INFO:gt864-forward-full-register-schedule.gt864_forward_one_bank_all_one_mul_b3_slothy_start.split:[284-295]: ************..... (12)
INFO:gt864-forward-full-register-schedule.gt864_forward_one_bank_all_one_mul_b3_slothy_start.split:[295-307]: **********....... (10)
INFO:gt864-forward-full-register-schedule.gt864_forward_one_bank_all_one_mul_b3_slothy_start.split:[307-318]: ********......... (8)
INFO:gt864-forward-full-register-schedule.gt864_forward_one_bank_all_one_mul_b3_slothy_start.split:[318-330]: ********......... (8)
INFO:gt864-forward-full-register-schedule.gt864_forward_one_bank_all_one_mul_b3_slothy_start.split:[330-341]: ********......... (8)
INFO:gt864-forward-full-register-schedule.gt864_forward_one_bank_all_one_mul_b3_slothy_start.split:[341-352]: ***********...... (11)
INFO:gt864-forward-full-register-schedule.gt864_forward_one_bank_all_one_mul_b3_slothy_start.split:[352-364]: *************.... (13)
INFO:gt864-forward-full-register-schedule.gt864_forward_one_bank_all_one_mul_b3_slothy_start.split:[364-375]: *************.... (13)
INFO:gt864-forward-full-register-schedule.gt864_forward_one_bank_all_one_mul_b3_slothy_start.split:[375-386]: *************.... (13)
INFO:gt864-forward-full-register-schedule.gt864_forward_one_bank_all_one_mul_b3_slothy_start.split:[386-398]: ***********...... (11)
INFO:gt864-forward-full-register-schedule.gt864_forward_one_bank_all_one_mul_b3_slothy_start.split:[398-409]: **********....... (10)
INFO:gt864-forward-full-register-schedule.gt864_forward_one_bank_all_one_mul_b3_slothy_start.split:[409-421]: **********....... (10)
INFO:gt864-forward-full-register-schedule.gt864_forward_one_bank_all_one_mul_b3_slothy_start.split:[421-432]: ***********...... (11)
INFO:gt864-forward-full-register-schedule.gt864_forward_one_bank_all_one_mul_b3_slothy_start.split:[432-443]: ***********...... (11)
INFO:gt864-forward-full-register-schedule.gt864_forward_one_bank_all_one_mul_b3_slothy_start.split:[443-455]: ***********...... (11)
INFO:gt864-forward-full-register-schedule.gt864_forward_one_bank_all_one_mul_b3_slothy_start.split:[455-466]: ************..... (12)
INFO:gt864-forward-full-register-schedule.gt864_forward_one_bank_all_one_mul_b3_slothy_start.split:[466-477]: *************.... (13)
INFO:gt864-forward-full-register-schedule.gt864_forward_one_bank_all_one_mul_b3_slothy_start.split:[477-489]: *************.... (13)
INFO:gt864-forward-full-register-schedule.gt864_forward_one_bank_all_one_mul_b3_slothy_start.split:[489-500]: ************..... (12)
INFO:gt864-forward-full-register-schedule.gt864_forward_one_bank_all_one_mul_b3_slothy_start.split:[500-512]: **********....... (10)
INFO:gt864-forward-full-register-schedule.gt864_forward_one_bank_all_one_mul_b3_slothy_start.split:[512-523]: **********....... (10)
INFO:gt864-forward-full-register-schedule.gt864_forward_one_bank_all_one_mul_b3_slothy_start.split:[523-534]: ***********...... (11)
INFO:gt864-forward-full-register-schedule.gt864_forward_one_bank_all_one_mul_b3_slothy_start.split:[534-546]: ************..... (12)
INFO:gt864-forward-full-register-schedule.gt864_forward_one_bank_all_one_mul_b3_slothy_start.split:[546-557]: ************..... (12)
INFO:gt864-forward-full-register-schedule.gt864_forward_one_bank_all_one_mul_b3_slothy_start.split:[557-569]: *********........ (9)
INFO:gt864-forward-full-register-schedule.gt864_forward_one_bank_all_one_mul_b3_slothy_start.split.199_217:Perform internal binary search for minimal number of stalls...
INFO:gt864-forward-full-register-schedule.gt864_forward_one_bank_all_one_mul_b3_slothy_start.split.199_217:Attempt optimization with max 256 stalls...
INFO:gt864-forward-full-register-schedule.gt864_forward_one_bank_all_one_mul_b3_slothy_start.split.199_217:Setting timeout of 14400 seconds...
INFO:gt864-forward-full-register-schedule.gt864_forward_one_bank_all_one_mul_b3_slothy_start.split.199_217:Objective: minimize cycles
INFO:gt864-forward-full-register-schedule.gt864_forward_one_bank_all_one_mul_b3_slothy_start.split.199_217:Invoking external constraint solver (OR-Tools CP-SAT v9.15.6755) ...
INFO:gt864-forward-full-register-schedule.gt864_forward_one_bank_all_one_mul_b3_slothy_start.split.199_217:[0.0950s]: Found 1 solutions so far... objective (minimize cycles): currently  (Cycles ~ 30.0, IPC ~ 0.60), bound  (Cycles ~ 19.0, IPC ~ 0.95)
INFO:gt864-forward-full-register-schedule.gt864_forward_one_bank_all_one_mul_b3_slothy_start.split.199_217:[0.1169s]: Found 2 solutions so far... objective (minimize cycles): currently  (Cycles ~ 29.0, IPC ~ 0.62), bound  (Cycles ~ 23.0, IPC ~ 0.78)
INFO:gt864-forward-full-register-schedule.gt864_forward_one_bank_all_one_mul_b3_slothy_start.split.199_217:OPTIMAL, wall time: 0.151598 s
INFO:gt864-forward-full-register-schedule.gt864_forward_one_bank_all_one_mul_b3_slothy_start.split.199_217:Booleans in result: 102
INFO:gt864-forward-full-register-schedule.gt864_forward_one_bank_all_one_mul_b3_slothy_start.split.199_217.selfcheck:OK!
INFO:gt864-forward-full-register-schedule.gt864_forward_one_bank_all_one_mul_b3_slothy_start.split.199_217:Minimum number of stalls: 24
INFO:gt864-forward-full-register-schedule.gt864_forward_one_bank_all_one_mul_b3_slothy_start.split:[  0- 11]: ************..... (12)
INFO:gt864-forward-full-register-schedule.gt864_forward_one_bank_all_one_mul_b3_slothy_start.split:[ 11- 22]: **************... (14)
INFO:gt864-forward-full-register-schedule.gt864_forward_one_bank_all_one_mul_b3_slothy_start.split:[ 22- 34]: ************..... (12)
INFO:gt864-forward-full-register-schedule.gt864_forward_one_bank_all_one_mul_b3_slothy_start.split:[ 34- 45]: ***********...... (11)
INFO:gt864-forward-full-register-schedule.gt864_forward_one_bank_all_one_mul_b3_slothy_start.split:[ 45- 56]: **********....... (10)
INFO:gt864-forward-full-register-schedule.gt864_forward_one_bank_all_one_mul_b3_slothy_start.split:[ 56- 68]: ***********...... (11)
INFO:gt864-forward-full-register-schedule.gt864_forward_one_bank_all_one_mul_b3_slothy_start.split:[ 68- 79]: *************.... (13)
INFO:gt864-forward-full-register-schedule.gt864_forward_one_bank_all_one_mul_b3_slothy_start.split:[ 79- 91]: ************..... (12)
INFO:gt864-forward-full-register-schedule.gt864_forward_one_bank_all_one_mul_b3_slothy_start.split:[ 91-102]: ***************.. (15)
INFO:gt864-forward-full-register-schedule.gt864_forward_one_bank_all_one_mul_b3_slothy_start.split:[102-113]: **************... (14)
INFO:gt864-forward-full-register-schedule.gt864_forward_one_bank_all_one_mul_b3_slothy_start.split:[113-125]: *************.... (13)
INFO:gt864-forward-full-register-schedule.gt864_forward_one_bank_all_one_mul_b3_slothy_start.split:[125-136]: ***************.. (15)
INFO:gt864-forward-full-register-schedule.gt864_forward_one_bank_all_one_mul_b3_slothy_start.split:[136-147]: **************... (14)
INFO:gt864-forward-full-register-schedule.gt864_forward_one_bank_all_one_mul_b3_slothy_start.split:[147-159]: **************... (14)
INFO:gt864-forward-full-register-schedule.gt864_forward_one_bank_all_one_mul_b3_slothy_start.split:[159-170]: *************.... (13)
INFO:gt864-forward-full-register-schedule.gt864_forward_one_bank_all_one_mul_b3_slothy_start.split:[170-182]: ***************.. (15)
INFO:gt864-forward-full-register-schedule.gt864_forward_one_bank_all_one_mul_b3_slothy_start.split:[182-193]: ***************.. (15)
INFO:gt864-forward-full-register-schedule.gt864_forward_one_bank_all_one_mul_b3_slothy_start.split:[193-204]: **************... (14)
INFO:gt864-forward-full-register-schedule.gt864_forward_one_bank_all_one_mul_b3_slothy_start.split:[204-216]: **************... (14)
INFO:gt864-forward-full-register-schedule.gt864_forward_one_bank_all_one_mul_b3_slothy_start.split:[216-227]: *************.... (13)
INFO:gt864-forward-full-register-schedule.gt864_forward_one_bank_all_one_mul_b3_slothy_start.split:[227-238]: *************.... (13)
INFO:gt864-forward-full-register-schedule.gt864_forward_one_bank_all_one_mul_b3_slothy_start.split:[238-250]: *************.... (13)
INFO:gt864-forward-full-register-schedule.gt864_forward_one_bank_all_one_mul_b3_slothy_start.split:[250-261]: *************.... (13)
INFO:gt864-forward-full-register-schedule.gt864_forward_one_bank_all_one_mul_b3_slothy_start.split:[261-273]: *************.... (13)
INFO:gt864-forward-full-register-schedule.gt864_forward_one_bank_all_one_mul_b3_slothy_start.split:[273-284]: *************.... (13)
INFO:gt864-forward-full-register-schedule.gt864_forward_one_bank_all_one_mul_b3_slothy_start.split:[284-295]: ************..... (12)
INFO:gt864-forward-full-register-schedule.gt864_forward_one_bank_all_one_mul_b3_slothy_start.split:[295-307]: **********....... (10)
INFO:gt864-forward-full-register-schedule.gt864_forward_one_bank_all_one_mul_b3_slothy_start.split:[307-318]: ********......... (8)
INFO:gt864-forward-full-register-schedule.gt864_forward_one_bank_all_one_mul_b3_slothy_start.split:[318-330]: ********......... (8)
INFO:gt864-forward-full-register-schedule.gt864_forward_one_bank_all_one_mul_b3_slothy_start.split:[330-341]: ********......... (8)
INFO:gt864-forward-full-register-schedule.gt864_forward_one_bank_all_one_mul_b3_slothy_start.split:[341-352]: ***********...... (11)
INFO:gt864-forward-full-register-schedule.gt864_forward_one_bank_all_one_mul_b3_slothy_start.split:[352-364]: *************.... (13)
INFO:gt864-forward-full-register-schedule.gt864_forward_one_bank_all_one_mul_b3_slothy_start.split:[364-375]: *************.... (13)
INFO:gt864-forward-full-register-schedule.gt864_forward_one_bank_all_one_mul_b3_slothy_start.split:[375-386]: *************.... (13)
INFO:gt864-forward-full-register-schedule.gt864_forward_one_bank_all_one_mul_b3_slothy_start.split:[386-398]: ***********...... (11)
INFO:gt864-forward-full-register-schedule.gt864_forward_one_bank_all_one_mul_b3_slothy_start.split:[398-409]: **********....... (10)
INFO:gt864-forward-full-register-schedule.gt864_forward_one_bank_all_one_mul_b3_slothy_start.split:[409-421]: **********....... (10)
INFO:gt864-forward-full-register-schedule.gt864_forward_one_bank_all_one_mul_b3_slothy_start.split:[421-432]: ***********...... (11)
INFO:gt864-forward-full-register-schedule.gt864_forward_one_bank_all_one_mul_b3_slothy_start.split:[432-443]: ***********...... (11)
INFO:gt864-forward-full-register-schedule.gt864_forward_one_bank_all_one_mul_b3_slothy_start.split:[443-455]: ***********...... (11)
INFO:gt864-forward-full-register-schedule.gt864_forward_one_bank_all_one_mul_b3_slothy_start.split:[455-466]: ************..... (12)
INFO:gt864-forward-full-register-schedule.gt864_forward_one_bank_all_one_mul_b3_slothy_start.split:[466-477]: *************.... (13)
INFO:gt864-forward-full-register-schedule.gt864_forward_one_bank_all_one_mul_b3_slothy_start.split:[477-489]: *************.... (13)
INFO:gt864-forward-full-register-schedule.gt864_forward_one_bank_all_one_mul_b3_slothy_start.split:[489-500]: ************..... (12)
INFO:gt864-forward-full-register-schedule.gt864_forward_one_bank_all_one_mul_b3_slothy_start.split:[500-512]: **********....... (10)
INFO:gt864-forward-full-register-schedule.gt864_forward_one_bank_all_one_mul_b3_slothy_start.split:[512-523]: **********....... (10)
INFO:gt864-forward-full-register-schedule.gt864_forward_one_bank_all_one_mul_b3_slothy_start.split:[523-534]: ***********...... (11)
INFO:gt864-forward-full-register-schedule.gt864_forward_one_bank_all_one_mul_b3_slothy_start.split:[534-546]: ************..... (12)
INFO:gt864-forward-full-register-schedule.gt864_forward_one_bank_all_one_mul_b3_slothy_start.split:[546-557]: ************..... (12)
INFO:gt864-forward-full-register-schedule.gt864_forward_one_bank_all_one_mul_b3_slothy_start.split:[557-569]: *********........ (9)
INFO:gt864-forward-full-register-schedule.gt864_forward_one_bank_all_one_mul_b3_slothy_start.split.228_245:Perform internal binary search for minimal number of stalls...
INFO:gt864-forward-full-register-schedule.gt864_forward_one_bank_all_one_mul_b3_slothy_start.split.228_245:Attempt optimization with max 256 stalls...
INFO:gt864-forward-full-register-schedule.gt864_forward_one_bank_all_one_mul_b3_slothy_start.split.228_245:Setting timeout of 14400 seconds...
INFO:gt864-forward-full-register-schedule.gt864_forward_one_bank_all_one_mul_b3_slothy_start.split.228_245:Objective: minimize cycles
INFO:gt864-forward-full-register-schedule.gt864_forward_one_bank_all_one_mul_b3_slothy_start.split.228_245:Invoking external constraint solver (OR-Tools CP-SAT v9.15.6755) ...
INFO:gt864-forward-full-register-schedule.gt864_forward_one_bank_all_one_mul_b3_slothy_start.split.228_245:[0.0654s]: Found 1 solutions so far... objective (minimize cycles): currently  (Cycles ~ 24.0, IPC ~ 0.71), bound  (Cycles ~ 11.0, IPC ~ 1.55)
INFO:gt864-forward-full-register-schedule.gt864_forward_one_bank_all_one_mul_b3_slothy_start.split.228_245:[0.0687s]: Found 2 solutions so far... objective (minimize cycles): currently  (Cycles ~ 23.0, IPC ~ 0.74), bound  (Cycles ~ 16.0, IPC ~ 1.06)
INFO:gt864-forward-full-register-schedule.gt864_forward_one_bank_all_one_mul_b3_slothy_start.split.228_245:[0.0939s]: Found 3 solutions so far... objective (minimize cycles): currently  (Cycles ~ 22.0, IPC ~ 0.77), bound  (Cycles ~ 22.0, IPC ~ 0.77)
INFO:gt864-forward-full-register-schedule.gt864_forward_one_bank_all_one_mul_b3_slothy_start.split.228_245:Closer than 0 stalls to theoretical optimum... stop
INFO:gt864-forward-full-register-schedule.gt864_forward_one_bank_all_one_mul_b3_slothy_start.split.228_245:OPTIMAL, wall time: 0.111323 s
INFO:gt864-forward-full-register-schedule.gt864_forward_one_bank_all_one_mul_b3_slothy_start.split.228_245:Booleans in result: 102
INFO:gt864-forward-full-register-schedule.gt864_forward_one_bank_all_one_mul_b3_slothy_start.split.228_245.selfcheck:OK!
INFO:gt864-forward-full-register-schedule.gt864_forward_one_bank_all_one_mul_b3_slothy_start.split.228_245:Minimum number of stalls: 17
INFO:gt864-forward-full-register-schedule.gt864_forward_one_bank_all_one_mul_b3_slothy_start.split:[  0- 11]: ************..... (12)
INFO:gt864-forward-full-register-schedule.gt864_forward_one_bank_all_one_mul_b3_slothy_start.split:[ 11- 22]: **************... (14)
INFO:gt864-forward-full-register-schedule.gt864_forward_one_bank_all_one_mul_b3_slothy_start.split:[ 22- 34]: ************..... (12)
INFO:gt864-forward-full-register-schedule.gt864_forward_one_bank_all_one_mul_b3_slothy_start.split:[ 34- 45]: ***********...... (11)
INFO:gt864-forward-full-register-schedule.gt864_forward_one_bank_all_one_mul_b3_slothy_start.split:[ 45- 56]: **********....... (10)
INFO:gt864-forward-full-register-schedule.gt864_forward_one_bank_all_one_mul_b3_slothy_start.split:[ 56- 68]: ***********...... (11)
INFO:gt864-forward-full-register-schedule.gt864_forward_one_bank_all_one_mul_b3_slothy_start.split:[ 68- 79]: *************.... (13)
INFO:gt864-forward-full-register-schedule.gt864_forward_one_bank_all_one_mul_b3_slothy_start.split:[ 79- 91]: ************..... (12)
INFO:gt864-forward-full-register-schedule.gt864_forward_one_bank_all_one_mul_b3_slothy_start.split:[ 91-102]: ***************.. (15)
INFO:gt864-forward-full-register-schedule.gt864_forward_one_bank_all_one_mul_b3_slothy_start.split:[102-113]: **************... (14)
INFO:gt864-forward-full-register-schedule.gt864_forward_one_bank_all_one_mul_b3_slothy_start.split:[113-125]: *************.... (13)
INFO:gt864-forward-full-register-schedule.gt864_forward_one_bank_all_one_mul_b3_slothy_start.split:[125-136]: ***************.. (15)
INFO:gt864-forward-full-register-schedule.gt864_forward_one_bank_all_one_mul_b3_slothy_start.split:[136-147]: **************... (14)
INFO:gt864-forward-full-register-schedule.gt864_forward_one_bank_all_one_mul_b3_slothy_start.split:[147-159]: **************... (14)
INFO:gt864-forward-full-register-schedule.gt864_forward_one_bank_all_one_mul_b3_slothy_start.split:[159-170]: *************.... (13)
INFO:gt864-forward-full-register-schedule.gt864_forward_one_bank_all_one_mul_b3_slothy_start.split:[170-182]: ***************.. (15)
INFO:gt864-forward-full-register-schedule.gt864_forward_one_bank_all_one_mul_b3_slothy_start.split:[182-193]: ***************.. (15)
INFO:gt864-forward-full-register-schedule.gt864_forward_one_bank_all_one_mul_b3_slothy_start.split:[193-204]: **************... (14)
INFO:gt864-forward-full-register-schedule.gt864_forward_one_bank_all_one_mul_b3_slothy_start.split:[204-216]: **************... (14)
INFO:gt864-forward-full-register-schedule.gt864_forward_one_bank_all_one_mul_b3_slothy_start.split:[216-227]: *************.... (13)
INFO:gt864-forward-full-register-schedule.gt864_forward_one_bank_all_one_mul_b3_slothy_start.split:[227-238]: **************... (14)
INFO:gt864-forward-full-register-schedule.gt864_forward_one_bank_all_one_mul_b3_slothy_start.split:[238-250]: **************... (14)
INFO:gt864-forward-full-register-schedule.gt864_forward_one_bank_all_one_mul_b3_slothy_start.split:[250-261]: *************.... (13)
INFO:gt864-forward-full-register-schedule.gt864_forward_one_bank_all_one_mul_b3_slothy_start.split:[261-273]: *************.... (13)
INFO:gt864-forward-full-register-schedule.gt864_forward_one_bank_all_one_mul_b3_slothy_start.split:[273-284]: *************.... (13)
INFO:gt864-forward-full-register-schedule.gt864_forward_one_bank_all_one_mul_b3_slothy_start.split:[284-295]: ************..... (12)
INFO:gt864-forward-full-register-schedule.gt864_forward_one_bank_all_one_mul_b3_slothy_start.split:[295-307]: **********....... (10)
INFO:gt864-forward-full-register-schedule.gt864_forward_one_bank_all_one_mul_b3_slothy_start.split:[307-318]: ********......... (8)
INFO:gt864-forward-full-register-schedule.gt864_forward_one_bank_all_one_mul_b3_slothy_start.split:[318-330]: ********......... (8)
INFO:gt864-forward-full-register-schedule.gt864_forward_one_bank_all_one_mul_b3_slothy_start.split:[330-341]: ********......... (8)
INFO:gt864-forward-full-register-schedule.gt864_forward_one_bank_all_one_mul_b3_slothy_start.split:[341-352]: ***********...... (11)
INFO:gt864-forward-full-register-schedule.gt864_forward_one_bank_all_one_mul_b3_slothy_start.split:[352-364]: *************.... (13)
INFO:gt864-forward-full-register-schedule.gt864_forward_one_bank_all_one_mul_b3_slothy_start.split:[364-375]: *************.... (13)
INFO:gt864-forward-full-register-schedule.gt864_forward_one_bank_all_one_mul_b3_slothy_start.split:[375-386]: *************.... (13)
INFO:gt864-forward-full-register-schedule.gt864_forward_one_bank_all_one_mul_b3_slothy_start.split:[386-398]: ***********...... (11)
INFO:gt864-forward-full-register-schedule.gt864_forward_one_bank_all_one_mul_b3_slothy_start.split:[398-409]: **********....... (10)
INFO:gt864-forward-full-register-schedule.gt864_forward_one_bank_all_one_mul_b3_slothy_start.split:[409-421]: **********....... (10)
INFO:gt864-forward-full-register-schedule.gt864_forward_one_bank_all_one_mul_b3_slothy_start.split:[421-432]: ***********...... (11)
INFO:gt864-forward-full-register-schedule.gt864_forward_one_bank_all_one_mul_b3_slothy_start.split:[432-443]: ***********...... (11)
INFO:gt864-forward-full-register-schedule.gt864_forward_one_bank_all_one_mul_b3_slothy_start.split:[443-455]: ***********...... (11)
INFO:gt864-forward-full-register-schedule.gt864_forward_one_bank_all_one_mul_b3_slothy_start.split:[455-466]: ************..... (12)
INFO:gt864-forward-full-register-schedule.gt864_forward_one_bank_all_one_mul_b3_slothy_start.split:[466-477]: *************.... (13)
INFO:gt864-forward-full-register-schedule.gt864_forward_one_bank_all_one_mul_b3_slothy_start.split:[477-489]: *************.... (13)
INFO:gt864-forward-full-register-schedule.gt864_forward_one_bank_all_one_mul_b3_slothy_start.split:[489-500]: ************..... (12)
INFO:gt864-forward-full-register-schedule.gt864_forward_one_bank_all_one_mul_b3_slothy_start.split:[500-512]: **********....... (10)
INFO:gt864-forward-full-register-schedule.gt864_forward_one_bank_all_one_mul_b3_slothy_start.split:[512-523]: **********....... (10)
INFO:gt864-forward-full-register-schedule.gt864_forward_one_bank_all_one_mul_b3_slothy_start.split:[523-534]: ***********...... (11)
INFO:gt864-forward-full-register-schedule.gt864_forward_one_bank_all_one_mul_b3_slothy_start.split:[534-546]: ************..... (12)
INFO:gt864-forward-full-register-schedule.gt864_forward_one_bank_all_one_mul_b3_slothy_start.split:[546-557]: ************..... (12)
INFO:gt864-forward-full-register-schedule.gt864_forward_one_bank_all_one_mul_b3_slothy_start.split:[557-569]: *********........ (9)
INFO:gt864-forward-full-register-schedule.gt864_forward_one_bank_all_one_mul_b3_slothy_start.split.256_274:Perform internal binary search for minimal number of stalls...
INFO:gt864-forward-full-register-schedule.gt864_forward_one_bank_all_one_mul_b3_slothy_start.split.256_274:Attempt optimization with max 256 stalls...
INFO:gt864-forward-full-register-schedule.gt864_forward_one_bank_all_one_mul_b3_slothy_start.split.256_274:Setting timeout of 14400 seconds...
INFO:gt864-forward-full-register-schedule.gt864_forward_one_bank_all_one_mul_b3_slothy_start.split.256_274:Objective: minimize cycles
INFO:gt864-forward-full-register-schedule.gt864_forward_one_bank_all_one_mul_b3_slothy_start.split.256_274:Invoking external constraint solver (OR-Tools CP-SAT v9.15.6755) ...
INFO:gt864-forward-full-register-schedule.gt864_forward_one_bank_all_one_mul_b3_slothy_start.split.256_274:[0.0849s]: Found 1 solutions so far... objective (minimize cycles): currently  (Cycles ~ 46.0, IPC ~ 0.39), bound  (Cycles ~ 18.0, IPC ~ 1.00)
INFO:gt864-forward-full-register-schedule.gt864_forward_one_bank_all_one_mul_b3_slothy_start.split.256_274:[0.0892s]: Found 2 solutions so far... objective (minimize cycles): currently  (Cycles ~ 25.0, IPC ~ 0.72), bound  (Cycles ~ 21.0, IPC ~ 0.86)
INFO:gt864-forward-full-register-schedule.gt864_forward_one_bank_all_one_mul_b3_slothy_start.split.256_274:[0.0951s]: Found 3 solutions so far... objective (minimize cycles): currently  (Cycles ~ 24.0, IPC ~ 0.75), bound  (Cycles ~ 24.0, IPC ~ 0.75)
INFO:gt864-forward-full-register-schedule.gt864_forward_one_bank_all_one_mul_b3_slothy_start.split.256_274:Closer than 0 stalls to theoretical optimum... stop
INFO:gt864-forward-full-register-schedule.gt864_forward_one_bank_all_one_mul_b3_slothy_start.split.256_274:OPTIMAL, wall time: 0.105083 s
INFO:gt864-forward-full-register-schedule.gt864_forward_one_bank_all_one_mul_b3_slothy_start.split.256_274:Booleans in result: 124
INFO:gt864-forward-full-register-schedule.gt864_forward_one_bank_all_one_mul_b3_slothy_start.split.256_274.selfcheck:OK!
INFO:gt864-forward-full-register-schedule.gt864_forward_one_bank_all_one_mul_b3_slothy_start.split.256_274:Minimum number of stalls: 19
INFO:gt864-forward-full-register-schedule.gt864_forward_one_bank_all_one_mul_b3_slothy_start.split:[  0- 11]: ************..... (12)
INFO:gt864-forward-full-register-schedule.gt864_forward_one_bank_all_one_mul_b3_slothy_start.split:[ 11- 22]: **************... (14)
INFO:gt864-forward-full-register-schedule.gt864_forward_one_bank_all_one_mul_b3_slothy_start.split:[ 22- 34]: ************..... (12)
INFO:gt864-forward-full-register-schedule.gt864_forward_one_bank_all_one_mul_b3_slothy_start.split:[ 34- 45]: ***********...... (11)
INFO:gt864-forward-full-register-schedule.gt864_forward_one_bank_all_one_mul_b3_slothy_start.split:[ 45- 56]: **********....... (10)
INFO:gt864-forward-full-register-schedule.gt864_forward_one_bank_all_one_mul_b3_slothy_start.split:[ 56- 68]: ***********...... (11)
INFO:gt864-forward-full-register-schedule.gt864_forward_one_bank_all_one_mul_b3_slothy_start.split:[ 68- 79]: *************.... (13)
INFO:gt864-forward-full-register-schedule.gt864_forward_one_bank_all_one_mul_b3_slothy_start.split:[ 79- 91]: ************..... (12)
INFO:gt864-forward-full-register-schedule.gt864_forward_one_bank_all_one_mul_b3_slothy_start.split:[ 91-102]: ***************.. (15)
INFO:gt864-forward-full-register-schedule.gt864_forward_one_bank_all_one_mul_b3_slothy_start.split:[102-113]: **************... (14)
INFO:gt864-forward-full-register-schedule.gt864_forward_one_bank_all_one_mul_b3_slothy_start.split:[113-125]: *************.... (13)
INFO:gt864-forward-full-register-schedule.gt864_forward_one_bank_all_one_mul_b3_slothy_start.split:[125-136]: ***************.. (15)
INFO:gt864-forward-full-register-schedule.gt864_forward_one_bank_all_one_mul_b3_slothy_start.split:[136-147]: **************... (14)
INFO:gt864-forward-full-register-schedule.gt864_forward_one_bank_all_one_mul_b3_slothy_start.split:[147-159]: **************... (14)
INFO:gt864-forward-full-register-schedule.gt864_forward_one_bank_all_one_mul_b3_slothy_start.split:[159-170]: *************.... (13)
INFO:gt864-forward-full-register-schedule.gt864_forward_one_bank_all_one_mul_b3_slothy_start.split:[170-182]: ***************.. (15)
INFO:gt864-forward-full-register-schedule.gt864_forward_one_bank_all_one_mul_b3_slothy_start.split:[182-193]: ***************.. (15)
INFO:gt864-forward-full-register-schedule.gt864_forward_one_bank_all_one_mul_b3_slothy_start.split:[193-204]: **************... (14)
INFO:gt864-forward-full-register-schedule.gt864_forward_one_bank_all_one_mul_b3_slothy_start.split:[204-216]: **************... (14)
INFO:gt864-forward-full-register-schedule.gt864_forward_one_bank_all_one_mul_b3_slothy_start.split:[216-227]: *************.... (13)
INFO:gt864-forward-full-register-schedule.gt864_forward_one_bank_all_one_mul_b3_slothy_start.split:[227-238]: **************... (14)
INFO:gt864-forward-full-register-schedule.gt864_forward_one_bank_all_one_mul_b3_slothy_start.split:[238-250]: **************... (14)
INFO:gt864-forward-full-register-schedule.gt864_forward_one_bank_all_one_mul_b3_slothy_start.split:[250-261]: **************... (14)
INFO:gt864-forward-full-register-schedule.gt864_forward_one_bank_all_one_mul_b3_slothy_start.split:[261-273]: **************... (14)
INFO:gt864-forward-full-register-schedule.gt864_forward_one_bank_all_one_mul_b3_slothy_start.split:[273-284]: *************.... (13)
INFO:gt864-forward-full-register-schedule.gt864_forward_one_bank_all_one_mul_b3_slothy_start.split:[284-295]: ************..... (12)
INFO:gt864-forward-full-register-schedule.gt864_forward_one_bank_all_one_mul_b3_slothy_start.split:[295-307]: **********....... (10)
INFO:gt864-forward-full-register-schedule.gt864_forward_one_bank_all_one_mul_b3_slothy_start.split:[307-318]: ********......... (8)
INFO:gt864-forward-full-register-schedule.gt864_forward_one_bank_all_one_mul_b3_slothy_start.split:[318-330]: ********......... (8)
INFO:gt864-forward-full-register-schedule.gt864_forward_one_bank_all_one_mul_b3_slothy_start.split:[330-341]: ********......... (8)
INFO:gt864-forward-full-register-schedule.gt864_forward_one_bank_all_one_mul_b3_slothy_start.split:[341-352]: ***********...... (11)
INFO:gt864-forward-full-register-schedule.gt864_forward_one_bank_all_one_mul_b3_slothy_start.split:[352-364]: *************.... (13)
INFO:gt864-forward-full-register-schedule.gt864_forward_one_bank_all_one_mul_b3_slothy_start.split:[364-375]: *************.... (13)
INFO:gt864-forward-full-register-schedule.gt864_forward_one_bank_all_one_mul_b3_slothy_start.split:[375-386]: *************.... (13)
INFO:gt864-forward-full-register-schedule.gt864_forward_one_bank_all_one_mul_b3_slothy_start.split:[386-398]: ***********...... (11)
INFO:gt864-forward-full-register-schedule.gt864_forward_one_bank_all_one_mul_b3_slothy_start.split:[398-409]: **********....... (10)
INFO:gt864-forward-full-register-schedule.gt864_forward_one_bank_all_one_mul_b3_slothy_start.split:[409-421]: **********....... (10)
INFO:gt864-forward-full-register-schedule.gt864_forward_one_bank_all_one_mul_b3_slothy_start.split:[421-432]: ***********...... (11)
INFO:gt864-forward-full-register-schedule.gt864_forward_one_bank_all_one_mul_b3_slothy_start.split:[432-443]: ***********...... (11)
INFO:gt864-forward-full-register-schedule.gt864_forward_one_bank_all_one_mul_b3_slothy_start.split:[443-455]: ***********...... (11)
INFO:gt864-forward-full-register-schedule.gt864_forward_one_bank_all_one_mul_b3_slothy_start.split:[455-466]: ************..... (12)
INFO:gt864-forward-full-register-schedule.gt864_forward_one_bank_all_one_mul_b3_slothy_start.split:[466-477]: *************.... (13)
INFO:gt864-forward-full-register-schedule.gt864_forward_one_bank_all_one_mul_b3_slothy_start.split:[477-489]: *************.... (13)
INFO:gt864-forward-full-register-schedule.gt864_forward_one_bank_all_one_mul_b3_slothy_start.split:[489-500]: ************..... (12)
INFO:gt864-forward-full-register-schedule.gt864_forward_one_bank_all_one_mul_b3_slothy_start.split:[500-512]: **********....... (10)
INFO:gt864-forward-full-register-schedule.gt864_forward_one_bank_all_one_mul_b3_slothy_start.split:[512-523]: **********....... (10)
INFO:gt864-forward-full-register-schedule.gt864_forward_one_bank_all_one_mul_b3_slothy_start.split:[523-534]: ***********...... (11)
INFO:gt864-forward-full-register-schedule.gt864_forward_one_bank_all_one_mul_b3_slothy_start.split:[534-546]: ************..... (12)
INFO:gt864-forward-full-register-schedule.gt864_forward_one_bank_all_one_mul_b3_slothy_start.split:[546-557]: ************..... (12)
INFO:gt864-forward-full-register-schedule.gt864_forward_one_bank_all_one_mul_b3_slothy_start.split:[557-569]: *********........ (9)
INFO:gt864-forward-full-register-schedule.gt864_forward_one_bank_all_one_mul_b3_slothy_start.split.284_302:Perform internal binary search for minimal number of stalls...
INFO:gt864-forward-full-register-schedule.gt864_forward_one_bank_all_one_mul_b3_slothy_start.split.284_302:Attempt optimization with max 256 stalls...
INFO:gt864-forward-full-register-schedule.gt864_forward_one_bank_all_one_mul_b3_slothy_start.split.284_302:Setting timeout of 14400 seconds...
INFO:gt864-forward-full-register-schedule.gt864_forward_one_bank_all_one_mul_b3_slothy_start.split.284_302:Objective: minimize cycles
INFO:gt864-forward-full-register-schedule.gt864_forward_one_bank_all_one_mul_b3_slothy_start.split.284_302:Invoking external constraint solver (OR-Tools CP-SAT v9.15.6755) ...
INFO:gt864-forward-full-register-schedule.gt864_forward_one_bank_all_one_mul_b3_slothy_start.split.284_302:[0.0561s]: Found 1 solutions so far... objective (minimize cycles): currently  (Cycles ~ 19.0, IPC ~ 0.95), bound  (Cycles ~ 11.0, IPC ~ 1.64)
INFO:gt864-forward-full-register-schedule.gt864_forward_one_bank_all_one_mul_b3_slothy_start.split.284_302:[0.0718s]: Found 2 solutions so far... objective (minimize cycles): currently  (Cycles ~ 18.0, IPC ~ 1.00), bound  (Cycles ~ 17.0, IPC ~ 1.06)
INFO:gt864-forward-full-register-schedule.gt864_forward_one_bank_all_one_mul_b3_slothy_start.split.284_302:OPTIMAL, wall time: 0.084255 s
INFO:gt864-forward-full-register-schedule.gt864_forward_one_bank_all_one_mul_b3_slothy_start.split.284_302:Booleans in result: 83
INFO:gt864-forward-full-register-schedule.gt864_forward_one_bank_all_one_mul_b3_slothy_start.split.284_302.selfcheck:OK!
INFO:gt864-forward-full-register-schedule.gt864_forward_one_bank_all_one_mul_b3_slothy_start.split.284_302:Minimum number of stalls: 13
INFO:gt864-forward-full-register-schedule.gt864_forward_one_bank_all_one_mul_b3_slothy_start.split:[  0- 11]: ************..... (12)
INFO:gt864-forward-full-register-schedule.gt864_forward_one_bank_all_one_mul_b3_slothy_start.split:[ 11- 22]: **************... (14)
INFO:gt864-forward-full-register-schedule.gt864_forward_one_bank_all_one_mul_b3_slothy_start.split:[ 22- 34]: ************..... (12)
INFO:gt864-forward-full-register-schedule.gt864_forward_one_bank_all_one_mul_b3_slothy_start.split:[ 34- 45]: ***********...... (11)
INFO:gt864-forward-full-register-schedule.gt864_forward_one_bank_all_one_mul_b3_slothy_start.split:[ 45- 56]: **********....... (10)
INFO:gt864-forward-full-register-schedule.gt864_forward_one_bank_all_one_mul_b3_slothy_start.split:[ 56- 68]: ***********...... (11)
INFO:gt864-forward-full-register-schedule.gt864_forward_one_bank_all_one_mul_b3_slothy_start.split:[ 68- 79]: *************.... (13)
INFO:gt864-forward-full-register-schedule.gt864_forward_one_bank_all_one_mul_b3_slothy_start.split:[ 79- 91]: ************..... (12)
INFO:gt864-forward-full-register-schedule.gt864_forward_one_bank_all_one_mul_b3_slothy_start.split:[ 91-102]: ***************.. (15)
INFO:gt864-forward-full-register-schedule.gt864_forward_one_bank_all_one_mul_b3_slothy_start.split:[102-113]: **************... (14)
INFO:gt864-forward-full-register-schedule.gt864_forward_one_bank_all_one_mul_b3_slothy_start.split:[113-125]: *************.... (13)
INFO:gt864-forward-full-register-schedule.gt864_forward_one_bank_all_one_mul_b3_slothy_start.split:[125-136]: ***************.. (15)
INFO:gt864-forward-full-register-schedule.gt864_forward_one_bank_all_one_mul_b3_slothy_start.split:[136-147]: **************... (14)
INFO:gt864-forward-full-register-schedule.gt864_forward_one_bank_all_one_mul_b3_slothy_start.split:[147-159]: **************... (14)
INFO:gt864-forward-full-register-schedule.gt864_forward_one_bank_all_one_mul_b3_slothy_start.split:[159-170]: *************.... (13)
INFO:gt864-forward-full-register-schedule.gt864_forward_one_bank_all_one_mul_b3_slothy_start.split:[170-182]: ***************.. (15)
INFO:gt864-forward-full-register-schedule.gt864_forward_one_bank_all_one_mul_b3_slothy_start.split:[182-193]: ***************.. (15)
INFO:gt864-forward-full-register-schedule.gt864_forward_one_bank_all_one_mul_b3_slothy_start.split:[193-204]: **************... (14)
INFO:gt864-forward-full-register-schedule.gt864_forward_one_bank_all_one_mul_b3_slothy_start.split:[204-216]: **************... (14)
INFO:gt864-forward-full-register-schedule.gt864_forward_one_bank_all_one_mul_b3_slothy_start.split:[216-227]: *************.... (13)
INFO:gt864-forward-full-register-schedule.gt864_forward_one_bank_all_one_mul_b3_slothy_start.split:[227-238]: **************... (14)
INFO:gt864-forward-full-register-schedule.gt864_forward_one_bank_all_one_mul_b3_slothy_start.split:[238-250]: **************... (14)
INFO:gt864-forward-full-register-schedule.gt864_forward_one_bank_all_one_mul_b3_slothy_start.split:[250-261]: **************... (14)
INFO:gt864-forward-full-register-schedule.gt864_forward_one_bank_all_one_mul_b3_slothy_start.split:[261-273]: **************... (14)
INFO:gt864-forward-full-register-schedule.gt864_forward_one_bank_all_one_mul_b3_slothy_start.split:[273-284]: **************... (14)
INFO:gt864-forward-full-register-schedule.gt864_forward_one_bank_all_one_mul_b3_slothy_start.split:[284-295]: **************... (14)
INFO:gt864-forward-full-register-schedule.gt864_forward_one_bank_all_one_mul_b3_slothy_start.split:[295-307]: ***********...... (11)
INFO:gt864-forward-full-register-schedule.gt864_forward_one_bank_all_one_mul_b3_slothy_start.split:[307-318]: ********......... (8)
INFO:gt864-forward-full-register-schedule.gt864_forward_one_bank_all_one_mul_b3_slothy_start.split:[318-330]: ********......... (8)
INFO:gt864-forward-full-register-schedule.gt864_forward_one_bank_all_one_mul_b3_slothy_start.split:[330-341]: ********......... (8)
INFO:gt864-forward-full-register-schedule.gt864_forward_one_bank_all_one_mul_b3_slothy_start.split:[341-352]: ***********...... (11)
INFO:gt864-forward-full-register-schedule.gt864_forward_one_bank_all_one_mul_b3_slothy_start.split:[352-364]: *************.... (13)
INFO:gt864-forward-full-register-schedule.gt864_forward_one_bank_all_one_mul_b3_slothy_start.split:[364-375]: *************.... (13)
INFO:gt864-forward-full-register-schedule.gt864_forward_one_bank_all_one_mul_b3_slothy_start.split:[375-386]: *************.... (13)
INFO:gt864-forward-full-register-schedule.gt864_forward_one_bank_all_one_mul_b3_slothy_start.split:[386-398]: ***********...... (11)
INFO:gt864-forward-full-register-schedule.gt864_forward_one_bank_all_one_mul_b3_slothy_start.split:[398-409]: **********....... (10)
INFO:gt864-forward-full-register-schedule.gt864_forward_one_bank_all_one_mul_b3_slothy_start.split:[409-421]: **********....... (10)
INFO:gt864-forward-full-register-schedule.gt864_forward_one_bank_all_one_mul_b3_slothy_start.split:[421-432]: ***********...... (11)
INFO:gt864-forward-full-register-schedule.gt864_forward_one_bank_all_one_mul_b3_slothy_start.split:[432-443]: ***********...... (11)
INFO:gt864-forward-full-register-schedule.gt864_forward_one_bank_all_one_mul_b3_slothy_start.split:[443-455]: ***********...... (11)
INFO:gt864-forward-full-register-schedule.gt864_forward_one_bank_all_one_mul_b3_slothy_start.split:[455-466]: ************..... (12)
INFO:gt864-forward-full-register-schedule.gt864_forward_one_bank_all_one_mul_b3_slothy_start.split:[466-477]: *************.... (13)
INFO:gt864-forward-full-register-schedule.gt864_forward_one_bank_all_one_mul_b3_slothy_start.split:[477-489]: *************.... (13)
INFO:gt864-forward-full-register-schedule.gt864_forward_one_bank_all_one_mul_b3_slothy_start.split:[489-500]: ************..... (12)
INFO:gt864-forward-full-register-schedule.gt864_forward_one_bank_all_one_mul_b3_slothy_start.split:[500-512]: **********....... (10)
INFO:gt864-forward-full-register-schedule.gt864_forward_one_bank_all_one_mul_b3_slothy_start.split:[512-523]: **********....... (10)
INFO:gt864-forward-full-register-schedule.gt864_forward_one_bank_all_one_mul_b3_slothy_start.split:[523-534]: ***********...... (11)
INFO:gt864-forward-full-register-schedule.gt864_forward_one_bank_all_one_mul_b3_slothy_start.split:[534-546]: ************..... (12)
INFO:gt864-forward-full-register-schedule.gt864_forward_one_bank_all_one_mul_b3_slothy_start.split:[546-557]: ************..... (12)
INFO:gt864-forward-full-register-schedule.gt864_forward_one_bank_all_one_mul_b3_slothy_start.split:[557-569]: *********........ (9)
INFO:gt864-forward-full-register-schedule.gt864_forward_one_bank_all_one_mul_b3_slothy_start.split.313_331:Perform internal binary search for minimal number of stalls...
INFO:gt864-forward-full-register-schedule.gt864_forward_one_bank_all_one_mul_b3_slothy_start.split.313_331:Attempt optimization with max 256 stalls...
INFO:gt864-forward-full-register-schedule.gt864_forward_one_bank_all_one_mul_b3_slothy_start.split.313_331:Setting timeout of 14400 seconds...
INFO:gt864-forward-full-register-schedule.gt864_forward_one_bank_all_one_mul_b3_slothy_start.split.313_331:Objective: minimize cycles
INFO:gt864-forward-full-register-schedule.gt864_forward_one_bank_all_one_mul_b3_slothy_start.split.313_331:Invoking external constraint solver (OR-Tools CP-SAT v9.15.6755) ...
INFO:gt864-forward-full-register-schedule.gt864_forward_one_bank_all_one_mul_b3_slothy_start.split.313_331:[0.0242s]: Found 1 solutions so far... objective (minimize cycles): currently  (Cycles ~ 9.0, IPC ~ 2.00), bound  (Cycles ~ 5.0, IPC ~ 3.60)
INFO:gt864-forward-full-register-schedule.gt864_forward_one_bank_all_one_mul_b3_slothy_start.split.313_331:OPTIMAL, wall time: 0.059364 s
INFO:gt864-forward-full-register-schedule.gt864_forward_one_bank_all_one_mul_b3_slothy_start.split.313_331:Booleans in result: 65
INFO:gt864-forward-full-register-schedule.gt864_forward_one_bank_all_one_mul_b3_slothy_start.split.313_331.selfcheck:OK!
INFO:gt864-forward-full-register-schedule.gt864_forward_one_bank_all_one_mul_b3_slothy_start.split.313_331:Minimum number of stalls: 4
INFO:gt864-forward-full-register-schedule.gt864_forward_one_bank_all_one_mul_b3_slothy_start.split:[  0- 11]: ************..... (12)
INFO:gt864-forward-full-register-schedule.gt864_forward_one_bank_all_one_mul_b3_slothy_start.split:[ 11- 22]: **************... (14)
INFO:gt864-forward-full-register-schedule.gt864_forward_one_bank_all_one_mul_b3_slothy_start.split:[ 22- 34]: ************..... (12)
INFO:gt864-forward-full-register-schedule.gt864_forward_one_bank_all_one_mul_b3_slothy_start.split:[ 34- 45]: ***********...... (11)
INFO:gt864-forward-full-register-schedule.gt864_forward_one_bank_all_one_mul_b3_slothy_start.split:[ 45- 56]: **********....... (10)
INFO:gt864-forward-full-register-schedule.gt864_forward_one_bank_all_one_mul_b3_slothy_start.split:[ 56- 68]: ***********...... (11)
INFO:gt864-forward-full-register-schedule.gt864_forward_one_bank_all_one_mul_b3_slothy_start.split:[ 68- 79]: *************.... (13)
INFO:gt864-forward-full-register-schedule.gt864_forward_one_bank_all_one_mul_b3_slothy_start.split:[ 79- 91]: ************..... (12)
INFO:gt864-forward-full-register-schedule.gt864_forward_one_bank_all_one_mul_b3_slothy_start.split:[ 91-102]: ***************.. (15)
INFO:gt864-forward-full-register-schedule.gt864_forward_one_bank_all_one_mul_b3_slothy_start.split:[102-113]: **************... (14)
INFO:gt864-forward-full-register-schedule.gt864_forward_one_bank_all_one_mul_b3_slothy_start.split:[113-125]: *************.... (13)
INFO:gt864-forward-full-register-schedule.gt864_forward_one_bank_all_one_mul_b3_slothy_start.split:[125-136]: ***************.. (15)
INFO:gt864-forward-full-register-schedule.gt864_forward_one_bank_all_one_mul_b3_slothy_start.split:[136-147]: **************... (14)
INFO:gt864-forward-full-register-schedule.gt864_forward_one_bank_all_one_mul_b3_slothy_start.split:[147-159]: **************... (14)
INFO:gt864-forward-full-register-schedule.gt864_forward_one_bank_all_one_mul_b3_slothy_start.split:[159-170]: *************.... (13)
INFO:gt864-forward-full-register-schedule.gt864_forward_one_bank_all_one_mul_b3_slothy_start.split:[170-182]: ***************.. (15)
INFO:gt864-forward-full-register-schedule.gt864_forward_one_bank_all_one_mul_b3_slothy_start.split:[182-193]: ***************.. (15)
INFO:gt864-forward-full-register-schedule.gt864_forward_one_bank_all_one_mul_b3_slothy_start.split:[193-204]: **************... (14)
INFO:gt864-forward-full-register-schedule.gt864_forward_one_bank_all_one_mul_b3_slothy_start.split:[204-216]: **************... (14)
INFO:gt864-forward-full-register-schedule.gt864_forward_one_bank_all_one_mul_b3_slothy_start.split:[216-227]: *************.... (13)
INFO:gt864-forward-full-register-schedule.gt864_forward_one_bank_all_one_mul_b3_slothy_start.split:[227-238]: **************... (14)
INFO:gt864-forward-full-register-schedule.gt864_forward_one_bank_all_one_mul_b3_slothy_start.split:[238-250]: **************... (14)
INFO:gt864-forward-full-register-schedule.gt864_forward_one_bank_all_one_mul_b3_slothy_start.split:[250-261]: **************... (14)
INFO:gt864-forward-full-register-schedule.gt864_forward_one_bank_all_one_mul_b3_slothy_start.split:[261-273]: **************... (14)
INFO:gt864-forward-full-register-schedule.gt864_forward_one_bank_all_one_mul_b3_slothy_start.split:[273-284]: **************... (14)
INFO:gt864-forward-full-register-schedule.gt864_forward_one_bank_all_one_mul_b3_slothy_start.split:[284-295]: **************... (14)
INFO:gt864-forward-full-register-schedule.gt864_forward_one_bank_all_one_mul_b3_slothy_start.split:[295-307]: ***********...... (11)
INFO:gt864-forward-full-register-schedule.gt864_forward_one_bank_all_one_mul_b3_slothy_start.split:[307-318]: ********......... (8)
INFO:gt864-forward-full-register-schedule.gt864_forward_one_bank_all_one_mul_b3_slothy_start.split:[318-330]: ********......... (8)
INFO:gt864-forward-full-register-schedule.gt864_forward_one_bank_all_one_mul_b3_slothy_start.split:[330-341]: *********........ (9)
INFO:gt864-forward-full-register-schedule.gt864_forward_one_bank_all_one_mul_b3_slothy_start.split:[341-352]: ***********...... (11)
INFO:gt864-forward-full-register-schedule.gt864_forward_one_bank_all_one_mul_b3_slothy_start.split:[352-364]: *************.... (13)
INFO:gt864-forward-full-register-schedule.gt864_forward_one_bank_all_one_mul_b3_slothy_start.split:[364-375]: *************.... (13)
INFO:gt864-forward-full-register-schedule.gt864_forward_one_bank_all_one_mul_b3_slothy_start.split:[375-386]: *************.... (13)
INFO:gt864-forward-full-register-schedule.gt864_forward_one_bank_all_one_mul_b3_slothy_start.split:[386-398]: ***********...... (11)
INFO:gt864-forward-full-register-schedule.gt864_forward_one_bank_all_one_mul_b3_slothy_start.split:[398-409]: **********....... (10)
INFO:gt864-forward-full-register-schedule.gt864_forward_one_bank_all_one_mul_b3_slothy_start.split:[409-421]: **********....... (10)
INFO:gt864-forward-full-register-schedule.gt864_forward_one_bank_all_one_mul_b3_slothy_start.split:[421-432]: ***********...... (11)
INFO:gt864-forward-full-register-schedule.gt864_forward_one_bank_all_one_mul_b3_slothy_start.split:[432-443]: ***********...... (11)
INFO:gt864-forward-full-register-schedule.gt864_forward_one_bank_all_one_mul_b3_slothy_start.split:[443-455]: ***********...... (11)
INFO:gt864-forward-full-register-schedule.gt864_forward_one_bank_all_one_mul_b3_slothy_start.split:[455-466]: ************..... (12)
INFO:gt864-forward-full-register-schedule.gt864_forward_one_bank_all_one_mul_b3_slothy_start.split:[466-477]: *************.... (13)
INFO:gt864-forward-full-register-schedule.gt864_forward_one_bank_all_one_mul_b3_slothy_start.split:[477-489]: *************.... (13)
INFO:gt864-forward-full-register-schedule.gt864_forward_one_bank_all_one_mul_b3_slothy_start.split:[489-500]: ************..... (12)
INFO:gt864-forward-full-register-schedule.gt864_forward_one_bank_all_one_mul_b3_slothy_start.split:[500-512]: **********....... (10)
INFO:gt864-forward-full-register-schedule.gt864_forward_one_bank_all_one_mul_b3_slothy_start.split:[512-523]: **********....... (10)
INFO:gt864-forward-full-register-schedule.gt864_forward_one_bank_all_one_mul_b3_slothy_start.split:[523-534]: ***********...... (11)
INFO:gt864-forward-full-register-schedule.gt864_forward_one_bank_all_one_mul_b3_slothy_start.split:[534-546]: ************..... (12)
INFO:gt864-forward-full-register-schedule.gt864_forward_one_bank_all_one_mul_b3_slothy_start.split:[546-557]: ************..... (12)
INFO:gt864-forward-full-register-schedule.gt864_forward_one_bank_all_one_mul_b3_slothy_start.split:[557-569]: *********........ (9)
INFO:gt864-forward-full-register-schedule.gt864_forward_one_bank_all_one_mul_b3_slothy_start.split.341_359:Perform internal binary search for minimal number of stalls...
INFO:gt864-forward-full-register-schedule.gt864_forward_one_bank_all_one_mul_b3_slothy_start.split.341_359:Attempt optimization with max 256 stalls...
INFO:gt864-forward-full-register-schedule.gt864_forward_one_bank_all_one_mul_b3_slothy_start.split.341_359:Setting timeout of 14400 seconds...
INFO:gt864-forward-full-register-schedule.gt864_forward_one_bank_all_one_mul_b3_slothy_start.split.341_359:Objective: minimize cycles
INFO:gt864-forward-full-register-schedule.gt864_forward_one_bank_all_one_mul_b3_slothy_start.split.341_359:Invoking external constraint solver (OR-Tools CP-SAT v9.15.6755) ...
INFO:gt864-forward-full-register-schedule.gt864_forward_one_bank_all_one_mul_b3_slothy_start.split.341_359:[0.1285s]: Found 1 solutions so far... objective (minimize cycles): currently  (Cycles ~ 21.0, IPC ~ 0.86), bound  (Cycles ~ 14.0, IPC ~ 1.29)
INFO:gt864-forward-full-register-schedule.gt864_forward_one_bank_all_one_mul_b3_slothy_start.split.341_359:[0.1309s]: Found 2 solutions so far... objective (minimize cycles): currently  (Cycles ~ 20.0, IPC ~ 0.90), bound  (Cycles ~ 14.0, IPC ~ 1.29)
INFO:gt864-forward-full-register-schedule.gt864_forward_one_bank_all_one_mul_b3_slothy_start.split.341_359:[0.1366s]: Found 3 solutions so far... objective (minimize cycles): currently  (Cycles ~ 19.0, IPC ~ 0.95), bound  (Cycles ~ 15.0, IPC ~ 1.20)
INFO:gt864-forward-full-register-schedule.gt864_forward_one_bank_all_one_mul_b3_slothy_start.split.341_359:OPTIMAL, wall time: 0.153415 s
INFO:gt864-forward-full-register-schedule.gt864_forward_one_bank_all_one_mul_b3_slothy_start.split.341_359:Booleans in result: 124
INFO:gt864-forward-full-register-schedule.gt864_forward_one_bank_all_one_mul_b3_slothy_start.split.341_359.selfcheck:OK!
INFO:gt864-forward-full-register-schedule.gt864_forward_one_bank_all_one_mul_b3_slothy_start.split.341_359:Minimum number of stalls: 14
INFO:gt864-forward-full-register-schedule.gt864_forward_one_bank_all_one_mul_b3_slothy_start.split:[  0- 11]: ************..... (12)
INFO:gt864-forward-full-register-schedule.gt864_forward_one_bank_all_one_mul_b3_slothy_start.split:[ 11- 22]: **************... (14)
INFO:gt864-forward-full-register-schedule.gt864_forward_one_bank_all_one_mul_b3_slothy_start.split:[ 22- 34]: ************..... (12)
INFO:gt864-forward-full-register-schedule.gt864_forward_one_bank_all_one_mul_b3_slothy_start.split:[ 34- 45]: ***********...... (11)
INFO:gt864-forward-full-register-schedule.gt864_forward_one_bank_all_one_mul_b3_slothy_start.split:[ 45- 56]: **********....... (10)
INFO:gt864-forward-full-register-schedule.gt864_forward_one_bank_all_one_mul_b3_slothy_start.split:[ 56- 68]: ***********...... (11)
INFO:gt864-forward-full-register-schedule.gt864_forward_one_bank_all_one_mul_b3_slothy_start.split:[ 68- 79]: *************.... (13)
INFO:gt864-forward-full-register-schedule.gt864_forward_one_bank_all_one_mul_b3_slothy_start.split:[ 79- 91]: ************..... (12)
INFO:gt864-forward-full-register-schedule.gt864_forward_one_bank_all_one_mul_b3_slothy_start.split:[ 91-102]: ***************.. (15)
INFO:gt864-forward-full-register-schedule.gt864_forward_one_bank_all_one_mul_b3_slothy_start.split:[102-113]: **************... (14)
INFO:gt864-forward-full-register-schedule.gt864_forward_one_bank_all_one_mul_b3_slothy_start.split:[113-125]: *************.... (13)
INFO:gt864-forward-full-register-schedule.gt864_forward_one_bank_all_one_mul_b3_slothy_start.split:[125-136]: ***************.. (15)
INFO:gt864-forward-full-register-schedule.gt864_forward_one_bank_all_one_mul_b3_slothy_start.split:[136-147]: **************... (14)
INFO:gt864-forward-full-register-schedule.gt864_forward_one_bank_all_one_mul_b3_slothy_start.split:[147-159]: **************... (14)
INFO:gt864-forward-full-register-schedule.gt864_forward_one_bank_all_one_mul_b3_slothy_start.split:[159-170]: *************.... (13)
INFO:gt864-forward-full-register-schedule.gt864_forward_one_bank_all_one_mul_b3_slothy_start.split:[170-182]: ***************.. (15)
INFO:gt864-forward-full-register-schedule.gt864_forward_one_bank_all_one_mul_b3_slothy_start.split:[182-193]: ***************.. (15)
INFO:gt864-forward-full-register-schedule.gt864_forward_one_bank_all_one_mul_b3_slothy_start.split:[193-204]: **************... (14)
INFO:gt864-forward-full-register-schedule.gt864_forward_one_bank_all_one_mul_b3_slothy_start.split:[204-216]: **************... (14)
INFO:gt864-forward-full-register-schedule.gt864_forward_one_bank_all_one_mul_b3_slothy_start.split:[216-227]: *************.... (13)
INFO:gt864-forward-full-register-schedule.gt864_forward_one_bank_all_one_mul_b3_slothy_start.split:[227-238]: **************... (14)
INFO:gt864-forward-full-register-schedule.gt864_forward_one_bank_all_one_mul_b3_slothy_start.split:[238-250]: **************... (14)
INFO:gt864-forward-full-register-schedule.gt864_forward_one_bank_all_one_mul_b3_slothy_start.split:[250-261]: **************... (14)
INFO:gt864-forward-full-register-schedule.gt864_forward_one_bank_all_one_mul_b3_slothy_start.split:[261-273]: **************... (14)
INFO:gt864-forward-full-register-schedule.gt864_forward_one_bank_all_one_mul_b3_slothy_start.split:[273-284]: **************... (14)
INFO:gt864-forward-full-register-schedule.gt864_forward_one_bank_all_one_mul_b3_slothy_start.split:[284-295]: **************... (14)
INFO:gt864-forward-full-register-schedule.gt864_forward_one_bank_all_one_mul_b3_slothy_start.split:[295-307]: ***********...... (11)
INFO:gt864-forward-full-register-schedule.gt864_forward_one_bank_all_one_mul_b3_slothy_start.split:[307-318]: ********......... (8)
INFO:gt864-forward-full-register-schedule.gt864_forward_one_bank_all_one_mul_b3_slothy_start.split:[318-330]: ********......... (8)
INFO:gt864-forward-full-register-schedule.gt864_forward_one_bank_all_one_mul_b3_slothy_start.split:[330-341]: ********......... (8)
INFO:gt864-forward-full-register-schedule.gt864_forward_one_bank_all_one_mul_b3_slothy_start.split:[341-352]: **********....... (10)
INFO:gt864-forward-full-register-schedule.gt864_forward_one_bank_all_one_mul_b3_slothy_start.split:[352-364]: **************... (14)
INFO:gt864-forward-full-register-schedule.gt864_forward_one_bank_all_one_mul_b3_slothy_start.split:[364-375]: *************.... (13)
INFO:gt864-forward-full-register-schedule.gt864_forward_one_bank_all_one_mul_b3_slothy_start.split:[375-386]: *************.... (13)
INFO:gt864-forward-full-register-schedule.gt864_forward_one_bank_all_one_mul_b3_slothy_start.split:[386-398]: ***********...... (11)
INFO:gt864-forward-full-register-schedule.gt864_forward_one_bank_all_one_mul_b3_slothy_start.split:[398-409]: **********....... (10)
INFO:gt864-forward-full-register-schedule.gt864_forward_one_bank_all_one_mul_b3_slothy_start.split:[409-421]: **********....... (10)
INFO:gt864-forward-full-register-schedule.gt864_forward_one_bank_all_one_mul_b3_slothy_start.split:[421-432]: ***********...... (11)
INFO:gt864-forward-full-register-schedule.gt864_forward_one_bank_all_one_mul_b3_slothy_start.split:[432-443]: ***********...... (11)
INFO:gt864-forward-full-register-schedule.gt864_forward_one_bank_all_one_mul_b3_slothy_start.split:[443-455]: ***********...... (11)
INFO:gt864-forward-full-register-schedule.gt864_forward_one_bank_all_one_mul_b3_slothy_start.split:[455-466]: ************..... (12)
INFO:gt864-forward-full-register-schedule.gt864_forward_one_bank_all_one_mul_b3_slothy_start.split:[466-477]: *************.... (13)
INFO:gt864-forward-full-register-schedule.gt864_forward_one_bank_all_one_mul_b3_slothy_start.split:[477-489]: *************.... (13)
INFO:gt864-forward-full-register-schedule.gt864_forward_one_bank_all_one_mul_b3_slothy_start.split:[489-500]: ************..... (12)
INFO:gt864-forward-full-register-schedule.gt864_forward_one_bank_all_one_mul_b3_slothy_start.split:[500-512]: **********....... (10)
INFO:gt864-forward-full-register-schedule.gt864_forward_one_bank_all_one_mul_b3_slothy_start.split:[512-523]: **********....... (10)
INFO:gt864-forward-full-register-schedule.gt864_forward_one_bank_all_one_mul_b3_slothy_start.split:[523-534]: ***********...... (11)
INFO:gt864-forward-full-register-schedule.gt864_forward_one_bank_all_one_mul_b3_slothy_start.split:[534-546]: ************..... (12)
INFO:gt864-forward-full-register-schedule.gt864_forward_one_bank_all_one_mul_b3_slothy_start.split:[546-557]: ************..... (12)
INFO:gt864-forward-full-register-schedule.gt864_forward_one_bank_all_one_mul_b3_slothy_start.split:[557-569]: *********........ (9)
INFO:gt864-forward-full-register-schedule.gt864_forward_one_bank_all_one_mul_b3_slothy_start.split.370_388:Perform internal binary search for minimal number of stalls...
INFO:gt864-forward-full-register-schedule.gt864_forward_one_bank_all_one_mul_b3_slothy_start.split.370_388:Attempt optimization with max 256 stalls...
INFO:gt864-forward-full-register-schedule.gt864_forward_one_bank_all_one_mul_b3_slothy_start.split.370_388:Setting timeout of 14400 seconds...
INFO:gt864-forward-full-register-schedule.gt864_forward_one_bank_all_one_mul_b3_slothy_start.split.370_388:Objective: minimize cycles
INFO:gt864-forward-full-register-schedule.gt864_forward_one_bank_all_one_mul_b3_slothy_start.split.370_388:Invoking external constraint solver (OR-Tools CP-SAT v9.15.6755) ...
INFO:gt864-forward-full-register-schedule.gt864_forward_one_bank_all_one_mul_b3_slothy_start.split.370_388:[0.1615s]: Found 1 solutions so far... objective (minimize cycles): currently  (Cycles ~ 40.0, IPC ~ 0.45), bound  (Cycles ~ 15.0, IPC ~ 1.20)
INFO:gt864-forward-full-register-schedule.gt864_forward_one_bank_all_one_mul_b3_slothy_start.split.370_388:[0.1653s]: Found 2 solutions so far... objective (minimize cycles): currently  (Cycles ~ 22.0, IPC ~ 0.82), bound  (Cycles ~ 17.0, IPC ~ 1.06)
INFO:gt864-forward-full-register-schedule.gt864_forward_one_bank_all_one_mul_b3_slothy_start.split.370_388:[0.1704s]: Found 3 solutions so far... objective (minimize cycles): currently  (Cycles ~ 21.0, IPC ~ 0.86), bound  (Cycles ~ 21.0, IPC ~ 0.86)
INFO:gt864-forward-full-register-schedule.gt864_forward_one_bank_all_one_mul_b3_slothy_start.split.370_388:Closer than 0 stalls to theoretical optimum... stop
INFO:gt864-forward-full-register-schedule.gt864_forward_one_bank_all_one_mul_b3_slothy_start.split.370_388:OPTIMAL, wall time: 0.179119 s
INFO:gt864-forward-full-register-schedule.gt864_forward_one_bank_all_one_mul_b3_slothy_start.split.370_388:Booleans in result: 112
INFO:gt864-forward-full-register-schedule.gt864_forward_one_bank_all_one_mul_b3_slothy_start.split.370_388.selfcheck:OK!
INFO:gt864-forward-full-register-schedule.gt864_forward_one_bank_all_one_mul_b3_slothy_start.split.370_388:Minimum number of stalls: 16
INFO:gt864-forward-full-register-schedule.gt864_forward_one_bank_all_one_mul_b3_slothy_start.split:[  0- 11]: ************..... (12)
INFO:gt864-forward-full-register-schedule.gt864_forward_one_bank_all_one_mul_b3_slothy_start.split:[ 11- 22]: **************... (14)
INFO:gt864-forward-full-register-schedule.gt864_forward_one_bank_all_one_mul_b3_slothy_start.split:[ 22- 34]: ************..... (12)
INFO:gt864-forward-full-register-schedule.gt864_forward_one_bank_all_one_mul_b3_slothy_start.split:[ 34- 45]: ***********...... (11)
INFO:gt864-forward-full-register-schedule.gt864_forward_one_bank_all_one_mul_b3_slothy_start.split:[ 45- 56]: **********....... (10)
INFO:gt864-forward-full-register-schedule.gt864_forward_one_bank_all_one_mul_b3_slothy_start.split:[ 56- 68]: ***********...... (11)
INFO:gt864-forward-full-register-schedule.gt864_forward_one_bank_all_one_mul_b3_slothy_start.split:[ 68- 79]: *************.... (13)
INFO:gt864-forward-full-register-schedule.gt864_forward_one_bank_all_one_mul_b3_slothy_start.split:[ 79- 91]: ************..... (12)
INFO:gt864-forward-full-register-schedule.gt864_forward_one_bank_all_one_mul_b3_slothy_start.split:[ 91-102]: ***************.. (15)
INFO:gt864-forward-full-register-schedule.gt864_forward_one_bank_all_one_mul_b3_slothy_start.split:[102-113]: **************... (14)
INFO:gt864-forward-full-register-schedule.gt864_forward_one_bank_all_one_mul_b3_slothy_start.split:[113-125]: *************.... (13)
INFO:gt864-forward-full-register-schedule.gt864_forward_one_bank_all_one_mul_b3_slothy_start.split:[125-136]: ***************.. (15)
INFO:gt864-forward-full-register-schedule.gt864_forward_one_bank_all_one_mul_b3_slothy_start.split:[136-147]: **************... (14)
INFO:gt864-forward-full-register-schedule.gt864_forward_one_bank_all_one_mul_b3_slothy_start.split:[147-159]: **************... (14)
INFO:gt864-forward-full-register-schedule.gt864_forward_one_bank_all_one_mul_b3_slothy_start.split:[159-170]: *************.... (13)
INFO:gt864-forward-full-register-schedule.gt864_forward_one_bank_all_one_mul_b3_slothy_start.split:[170-182]: ***************.. (15)
INFO:gt864-forward-full-register-schedule.gt864_forward_one_bank_all_one_mul_b3_slothy_start.split:[182-193]: ***************.. (15)
INFO:gt864-forward-full-register-schedule.gt864_forward_one_bank_all_one_mul_b3_slothy_start.split:[193-204]: **************... (14)
INFO:gt864-forward-full-register-schedule.gt864_forward_one_bank_all_one_mul_b3_slothy_start.split:[204-216]: **************... (14)
INFO:gt864-forward-full-register-schedule.gt864_forward_one_bank_all_one_mul_b3_slothy_start.split:[216-227]: *************.... (13)
INFO:gt864-forward-full-register-schedule.gt864_forward_one_bank_all_one_mul_b3_slothy_start.split:[227-238]: **************... (14)
INFO:gt864-forward-full-register-schedule.gt864_forward_one_bank_all_one_mul_b3_slothy_start.split:[238-250]: **************... (14)
INFO:gt864-forward-full-register-schedule.gt864_forward_one_bank_all_one_mul_b3_slothy_start.split:[250-261]: **************... (14)
INFO:gt864-forward-full-register-schedule.gt864_forward_one_bank_all_one_mul_b3_slothy_start.split:[261-273]: **************... (14)
INFO:gt864-forward-full-register-schedule.gt864_forward_one_bank_all_one_mul_b3_slothy_start.split:[273-284]: **************... (14)
INFO:gt864-forward-full-register-schedule.gt864_forward_one_bank_all_one_mul_b3_slothy_start.split:[284-295]: **************... (14)
INFO:gt864-forward-full-register-schedule.gt864_forward_one_bank_all_one_mul_b3_slothy_start.split:[295-307]: ***********...... (11)
INFO:gt864-forward-full-register-schedule.gt864_forward_one_bank_all_one_mul_b3_slothy_start.split:[307-318]: ********......... (8)
INFO:gt864-forward-full-register-schedule.gt864_forward_one_bank_all_one_mul_b3_slothy_start.split:[318-330]: ********......... (8)
INFO:gt864-forward-full-register-schedule.gt864_forward_one_bank_all_one_mul_b3_slothy_start.split:[330-341]: ********......... (8)
INFO:gt864-forward-full-register-schedule.gt864_forward_one_bank_all_one_mul_b3_slothy_start.split:[341-352]: **********....... (10)
INFO:gt864-forward-full-register-schedule.gt864_forward_one_bank_all_one_mul_b3_slothy_start.split:[352-364]: *************.... (13)
INFO:gt864-forward-full-register-schedule.gt864_forward_one_bank_all_one_mul_b3_slothy_start.split:[364-375]: ************..... (12)
INFO:gt864-forward-full-register-schedule.gt864_forward_one_bank_all_one_mul_b3_slothy_start.split:[375-386]: **************... (14)
INFO:gt864-forward-full-register-schedule.gt864_forward_one_bank_all_one_mul_b3_slothy_start.split:[386-398]: ************..... (12)
INFO:gt864-forward-full-register-schedule.gt864_forward_one_bank_all_one_mul_b3_slothy_start.split:[398-409]: **********....... (10)
INFO:gt864-forward-full-register-schedule.gt864_forward_one_bank_all_one_mul_b3_slothy_start.split:[409-421]: **********....... (10)
INFO:gt864-forward-full-register-schedule.gt864_forward_one_bank_all_one_mul_b3_slothy_start.split:[421-432]: ***********...... (11)
INFO:gt864-forward-full-register-schedule.gt864_forward_one_bank_all_one_mul_b3_slothy_start.split:[432-443]: ***********...... (11)
INFO:gt864-forward-full-register-schedule.gt864_forward_one_bank_all_one_mul_b3_slothy_start.split:[443-455]: ***********...... (11)
INFO:gt864-forward-full-register-schedule.gt864_forward_one_bank_all_one_mul_b3_slothy_start.split:[455-466]: ************..... (12)
INFO:gt864-forward-full-register-schedule.gt864_forward_one_bank_all_one_mul_b3_slothy_start.split:[466-477]: *************.... (13)
INFO:gt864-forward-full-register-schedule.gt864_forward_one_bank_all_one_mul_b3_slothy_start.split:[477-489]: *************.... (13)
INFO:gt864-forward-full-register-schedule.gt864_forward_one_bank_all_one_mul_b3_slothy_start.split:[489-500]: ************..... (12)
INFO:gt864-forward-full-register-schedule.gt864_forward_one_bank_all_one_mul_b3_slothy_start.split:[500-512]: **********....... (10)
INFO:gt864-forward-full-register-schedule.gt864_forward_one_bank_all_one_mul_b3_slothy_start.split:[512-523]: **********....... (10)
INFO:gt864-forward-full-register-schedule.gt864_forward_one_bank_all_one_mul_b3_slothy_start.split:[523-534]: ***********...... (11)
INFO:gt864-forward-full-register-schedule.gt864_forward_one_bank_all_one_mul_b3_slothy_start.split:[534-546]: ************..... (12)
INFO:gt864-forward-full-register-schedule.gt864_forward_one_bank_all_one_mul_b3_slothy_start.split:[546-557]: ************..... (12)
INFO:gt864-forward-full-register-schedule.gt864_forward_one_bank_all_one_mul_b3_slothy_start.split:[557-569]: *********........ (9)
INFO:gt864-forward-full-register-schedule.gt864_forward_one_bank_all_one_mul_b3_slothy_start.split.398_416:Perform internal binary search for minimal number of stalls...
INFO:gt864-forward-full-register-schedule.gt864_forward_one_bank_all_one_mul_b3_slothy_start.split.398_416:Attempt optimization with max 256 stalls...
INFO:gt864-forward-full-register-schedule.gt864_forward_one_bank_all_one_mul_b3_slothy_start.split.398_416:Setting timeout of 14400 seconds...
INFO:gt864-forward-full-register-schedule.gt864_forward_one_bank_all_one_mul_b3_slothy_start.split.398_416:Objective: minimize cycles
INFO:gt864-forward-full-register-schedule.gt864_forward_one_bank_all_one_mul_b3_slothy_start.split.398_416:Invoking external constraint solver (OR-Tools CP-SAT v9.15.6755) ...
INFO:gt864-forward-full-register-schedule.gt864_forward_one_bank_all_one_mul_b3_slothy_start.split.398_416:[0.1991s]: Found 1 solutions so far... objective (minimize cycles): currently  (Cycles ~ 18.0, IPC ~ 1.00), bound  (Cycles ~ 13.0, IPC ~ 1.38)
INFO:gt864-forward-full-register-schedule.gt864_forward_one_bank_all_one_mul_b3_slothy_start.split.398_416:[0.2085s]: Found 2 solutions so far... objective (minimize cycles): currently  (Cycles ~ 17.0, IPC ~ 1.06), bound  (Cycles ~ 13.0, IPC ~ 1.38)
INFO:gt864-forward-full-register-schedule.gt864_forward_one_bank_all_one_mul_b3_slothy_start.split.398_416:[0.2153s]: Found 3 solutions so far... objective (minimize cycles): currently  (Cycles ~ 16.0, IPC ~ 1.12), bound  (Cycles ~ 14.0, IPC ~ 1.29)
INFO:gt864-forward-full-register-schedule.gt864_forward_one_bank_all_one_mul_b3_slothy_start.split.398_416:OPTIMAL, wall time: 0.225831 s
INFO:gt864-forward-full-register-schedule.gt864_forward_one_bank_all_one_mul_b3_slothy_start.split.398_416:Booleans in result: 158
INFO:gt864-forward-full-register-schedule.gt864_forward_one_bank_all_one_mul_b3_slothy_start.split.398_416.selfcheck:OK!
INFO:gt864-forward-full-register-schedule.gt864_forward_one_bank_all_one_mul_b3_slothy_start.split.398_416:Minimum number of stalls: 11
INFO:gt864-forward-full-register-schedule.gt864_forward_one_bank_all_one_mul_b3_slothy_start.split:[  0- 11]: ************..... (12)
INFO:gt864-forward-full-register-schedule.gt864_forward_one_bank_all_one_mul_b3_slothy_start.split:[ 11- 22]: **************... (14)
INFO:gt864-forward-full-register-schedule.gt864_forward_one_bank_all_one_mul_b3_slothy_start.split:[ 22- 34]: ************..... (12)
INFO:gt864-forward-full-register-schedule.gt864_forward_one_bank_all_one_mul_b3_slothy_start.split:[ 34- 45]: ***********...... (11)
INFO:gt864-forward-full-register-schedule.gt864_forward_one_bank_all_one_mul_b3_slothy_start.split:[ 45- 56]: **********....... (10)
INFO:gt864-forward-full-register-schedule.gt864_forward_one_bank_all_one_mul_b3_slothy_start.split:[ 56- 68]: ***********...... (11)
INFO:gt864-forward-full-register-schedule.gt864_forward_one_bank_all_one_mul_b3_slothy_start.split:[ 68- 79]: *************.... (13)
INFO:gt864-forward-full-register-schedule.gt864_forward_one_bank_all_one_mul_b3_slothy_start.split:[ 79- 91]: ************..... (12)
INFO:gt864-forward-full-register-schedule.gt864_forward_one_bank_all_one_mul_b3_slothy_start.split:[ 91-102]: ***************.. (15)
INFO:gt864-forward-full-register-schedule.gt864_forward_one_bank_all_one_mul_b3_slothy_start.split:[102-113]: **************... (14)
INFO:gt864-forward-full-register-schedule.gt864_forward_one_bank_all_one_mul_b3_slothy_start.split:[113-125]: *************.... (13)
INFO:gt864-forward-full-register-schedule.gt864_forward_one_bank_all_one_mul_b3_slothy_start.split:[125-136]: ***************.. (15)
INFO:gt864-forward-full-register-schedule.gt864_forward_one_bank_all_one_mul_b3_slothy_start.split:[136-147]: **************... (14)
INFO:gt864-forward-full-register-schedule.gt864_forward_one_bank_all_one_mul_b3_slothy_start.split:[147-159]: **************... (14)
INFO:gt864-forward-full-register-schedule.gt864_forward_one_bank_all_one_mul_b3_slothy_start.split:[159-170]: *************.... (13)
INFO:gt864-forward-full-register-schedule.gt864_forward_one_bank_all_one_mul_b3_slothy_start.split:[170-182]: ***************.. (15)
INFO:gt864-forward-full-register-schedule.gt864_forward_one_bank_all_one_mul_b3_slothy_start.split:[182-193]: ***************.. (15)
INFO:gt864-forward-full-register-schedule.gt864_forward_one_bank_all_one_mul_b3_slothy_start.split:[193-204]: **************... (14)
INFO:gt864-forward-full-register-schedule.gt864_forward_one_bank_all_one_mul_b3_slothy_start.split:[204-216]: **************... (14)
INFO:gt864-forward-full-register-schedule.gt864_forward_one_bank_all_one_mul_b3_slothy_start.split:[216-227]: *************.... (13)
INFO:gt864-forward-full-register-schedule.gt864_forward_one_bank_all_one_mul_b3_slothy_start.split:[227-238]: **************... (14)
INFO:gt864-forward-full-register-schedule.gt864_forward_one_bank_all_one_mul_b3_slothy_start.split:[238-250]: **************... (14)
INFO:gt864-forward-full-register-schedule.gt864_forward_one_bank_all_one_mul_b3_slothy_start.split:[250-261]: **************... (14)
INFO:gt864-forward-full-register-schedule.gt864_forward_one_bank_all_one_mul_b3_slothy_start.split:[261-273]: **************... (14)
INFO:gt864-forward-full-register-schedule.gt864_forward_one_bank_all_one_mul_b3_slothy_start.split:[273-284]: **************... (14)
INFO:gt864-forward-full-register-schedule.gt864_forward_one_bank_all_one_mul_b3_slothy_start.split:[284-295]: **************... (14)
INFO:gt864-forward-full-register-schedule.gt864_forward_one_bank_all_one_mul_b3_slothy_start.split:[295-307]: ***********...... (11)
INFO:gt864-forward-full-register-schedule.gt864_forward_one_bank_all_one_mul_b3_slothy_start.split:[307-318]: ********......... (8)
INFO:gt864-forward-full-register-schedule.gt864_forward_one_bank_all_one_mul_b3_slothy_start.split:[318-330]: ********......... (8)
INFO:gt864-forward-full-register-schedule.gt864_forward_one_bank_all_one_mul_b3_slothy_start.split:[330-341]: ********......... (8)
INFO:gt864-forward-full-register-schedule.gt864_forward_one_bank_all_one_mul_b3_slothy_start.split:[341-352]: **********....... (10)
INFO:gt864-forward-full-register-schedule.gt864_forward_one_bank_all_one_mul_b3_slothy_start.split:[352-364]: *************.... (13)
INFO:gt864-forward-full-register-schedule.gt864_forward_one_bank_all_one_mul_b3_slothy_start.split:[364-375]: ************..... (12)
INFO:gt864-forward-full-register-schedule.gt864_forward_one_bank_all_one_mul_b3_slothy_start.split:[375-386]: **************... (14)
INFO:gt864-forward-full-register-schedule.gt864_forward_one_bank_all_one_mul_b3_slothy_start.split:[386-398]: ************..... (12)
INFO:gt864-forward-full-register-schedule.gt864_forward_one_bank_all_one_mul_b3_slothy_start.split:[398-409]: ***********...... (11)
INFO:gt864-forward-full-register-schedule.gt864_forward_one_bank_all_one_mul_b3_slothy_start.split:[409-421]: ************..... (12)
INFO:gt864-forward-full-register-schedule.gt864_forward_one_bank_all_one_mul_b3_slothy_start.split:[421-432]: ***********...... (11)
INFO:gt864-forward-full-register-schedule.gt864_forward_one_bank_all_one_mul_b3_slothy_start.split:[432-443]: ***********...... (11)
INFO:gt864-forward-full-register-schedule.gt864_forward_one_bank_all_one_mul_b3_slothy_start.split:[443-455]: ***********...... (11)
INFO:gt864-forward-full-register-schedule.gt864_forward_one_bank_all_one_mul_b3_slothy_start.split:[455-466]: ************..... (12)
INFO:gt864-forward-full-register-schedule.gt864_forward_one_bank_all_one_mul_b3_slothy_start.split:[466-477]: *************.... (13)
INFO:gt864-forward-full-register-schedule.gt864_forward_one_bank_all_one_mul_b3_slothy_start.split:[477-489]: *************.... (13)
INFO:gt864-forward-full-register-schedule.gt864_forward_one_bank_all_one_mul_b3_slothy_start.split:[489-500]: ************..... (12)
INFO:gt864-forward-full-register-schedule.gt864_forward_one_bank_all_one_mul_b3_slothy_start.split:[500-512]: **********....... (10)
INFO:gt864-forward-full-register-schedule.gt864_forward_one_bank_all_one_mul_b3_slothy_start.split:[512-523]: **********....... (10)
INFO:gt864-forward-full-register-schedule.gt864_forward_one_bank_all_one_mul_b3_slothy_start.split:[523-534]: ***********...... (11)
INFO:gt864-forward-full-register-schedule.gt864_forward_one_bank_all_one_mul_b3_slothy_start.split:[534-546]: ************..... (12)
INFO:gt864-forward-full-register-schedule.gt864_forward_one_bank_all_one_mul_b3_slothy_start.split:[546-557]: ************..... (12)
INFO:gt864-forward-full-register-schedule.gt864_forward_one_bank_all_one_mul_b3_slothy_start.split:[557-569]: *********........ (9)
INFO:gt864-forward-full-register-schedule.gt864_forward_one_bank_all_one_mul_b3_slothy_start.split.427_445:Perform internal binary search for minimal number of stalls...
INFO:gt864-forward-full-register-schedule.gt864_forward_one_bank_all_one_mul_b3_slothy_start.split.427_445:Attempt optimization with max 256 stalls...
INFO:gt864-forward-full-register-schedule.gt864_forward_one_bank_all_one_mul_b3_slothy_start.split.427_445:Setting timeout of 14400 seconds...
INFO:gt864-forward-full-register-schedule.gt864_forward_one_bank_all_one_mul_b3_slothy_start.split.427_445:Objective: minimize cycles
INFO:gt864-forward-full-register-schedule.gt864_forward_one_bank_all_one_mul_b3_slothy_start.split.427_445:Invoking external constraint solver (OR-Tools CP-SAT v9.15.6755) ...
INFO:gt864-forward-full-register-schedule.gt864_forward_one_bank_all_one_mul_b3_slothy_start.split.427_445:[0.1286s]: Found 1 solutions so far... objective (minimize cycles): currently  (Cycles ~ 28.0, IPC ~ 0.64), bound  (Cycles ~ 23.0, IPC ~ 0.78)
INFO:gt864-forward-full-register-schedule.gt864_forward_one_bank_all_one_mul_b3_slothy_start.split.427_445:[0.1403s]: Found 2 solutions so far... objective (minimize cycles): currently  (Cycles ~ 27.0, IPC ~ 0.67), bound  (Cycles ~ 24.0, IPC ~ 0.75)
INFO:gt864-forward-full-register-schedule.gt864_forward_one_bank_all_one_mul_b3_slothy_start.split.427_445:[0.1421s]: Found 3 solutions so far... objective (minimize cycles): currently  (Cycles ~ 25.0, IPC ~ 0.72), bound  (Cycles ~ 24.0, IPC ~ 0.75)
INFO:gt864-forward-full-register-schedule.gt864_forward_one_bank_all_one_mul_b3_slothy_start.split.427_445:OPTIMAL, wall time: 0.156634 s
INFO:gt864-forward-full-register-schedule.gt864_forward_one_bank_all_one_mul_b3_slothy_start.split.427_445:Booleans in result: 121
INFO:gt864-forward-full-register-schedule.gt864_forward_one_bank_all_one_mul_b3_slothy_start.split.427_445.selfcheck:OK!
INFO:gt864-forward-full-register-schedule.gt864_forward_one_bank_all_one_mul_b3_slothy_start.split.427_445:Minimum number of stalls: 20
INFO:gt864-forward-full-register-schedule.gt864_forward_one_bank_all_one_mul_b3_slothy_start.split:[  0- 11]: ************..... (12)
INFO:gt864-forward-full-register-schedule.gt864_forward_one_bank_all_one_mul_b3_slothy_start.split:[ 11- 22]: **************... (14)
INFO:gt864-forward-full-register-schedule.gt864_forward_one_bank_all_one_mul_b3_slothy_start.split:[ 22- 34]: ************..... (12)
INFO:gt864-forward-full-register-schedule.gt864_forward_one_bank_all_one_mul_b3_slothy_start.split:[ 34- 45]: ***********...... (11)
INFO:gt864-forward-full-register-schedule.gt864_forward_one_bank_all_one_mul_b3_slothy_start.split:[ 45- 56]: **********....... (10)
INFO:gt864-forward-full-register-schedule.gt864_forward_one_bank_all_one_mul_b3_slothy_start.split:[ 56- 68]: ***********...... (11)
INFO:gt864-forward-full-register-schedule.gt864_forward_one_bank_all_one_mul_b3_slothy_start.split:[ 68- 79]: *************.... (13)
INFO:gt864-forward-full-register-schedule.gt864_forward_one_bank_all_one_mul_b3_slothy_start.split:[ 79- 91]: ************..... (12)
INFO:gt864-forward-full-register-schedule.gt864_forward_one_bank_all_one_mul_b3_slothy_start.split:[ 91-102]: ***************.. (15)
INFO:gt864-forward-full-register-schedule.gt864_forward_one_bank_all_one_mul_b3_slothy_start.split:[102-113]: **************... (14)
INFO:gt864-forward-full-register-schedule.gt864_forward_one_bank_all_one_mul_b3_slothy_start.split:[113-125]: *************.... (13)
INFO:gt864-forward-full-register-schedule.gt864_forward_one_bank_all_one_mul_b3_slothy_start.split:[125-136]: ***************.. (15)
INFO:gt864-forward-full-register-schedule.gt864_forward_one_bank_all_one_mul_b3_slothy_start.split:[136-147]: **************... (14)
INFO:gt864-forward-full-register-schedule.gt864_forward_one_bank_all_one_mul_b3_slothy_start.split:[147-159]: **************... (14)
INFO:gt864-forward-full-register-schedule.gt864_forward_one_bank_all_one_mul_b3_slothy_start.split:[159-170]: *************.... (13)
INFO:gt864-forward-full-register-schedule.gt864_forward_one_bank_all_one_mul_b3_slothy_start.split:[170-182]: ***************.. (15)
INFO:gt864-forward-full-register-schedule.gt864_forward_one_bank_all_one_mul_b3_slothy_start.split:[182-193]: ***************.. (15)
INFO:gt864-forward-full-register-schedule.gt864_forward_one_bank_all_one_mul_b3_slothy_start.split:[193-204]: **************... (14)
INFO:gt864-forward-full-register-schedule.gt864_forward_one_bank_all_one_mul_b3_slothy_start.split:[204-216]: **************... (14)
INFO:gt864-forward-full-register-schedule.gt864_forward_one_bank_all_one_mul_b3_slothy_start.split:[216-227]: *************.... (13)
INFO:gt864-forward-full-register-schedule.gt864_forward_one_bank_all_one_mul_b3_slothy_start.split:[227-238]: **************... (14)
INFO:gt864-forward-full-register-schedule.gt864_forward_one_bank_all_one_mul_b3_slothy_start.split:[238-250]: **************... (14)
INFO:gt864-forward-full-register-schedule.gt864_forward_one_bank_all_one_mul_b3_slothy_start.split:[250-261]: **************... (14)
INFO:gt864-forward-full-register-schedule.gt864_forward_one_bank_all_one_mul_b3_slothy_start.split:[261-273]: **************... (14)
INFO:gt864-forward-full-register-schedule.gt864_forward_one_bank_all_one_mul_b3_slothy_start.split:[273-284]: **************... (14)
INFO:gt864-forward-full-register-schedule.gt864_forward_one_bank_all_one_mul_b3_slothy_start.split:[284-295]: **************... (14)
INFO:gt864-forward-full-register-schedule.gt864_forward_one_bank_all_one_mul_b3_slothy_start.split:[295-307]: ***********...... (11)
INFO:gt864-forward-full-register-schedule.gt864_forward_one_bank_all_one_mul_b3_slothy_start.split:[307-318]: ********......... (8)
INFO:gt864-forward-full-register-schedule.gt864_forward_one_bank_all_one_mul_b3_slothy_start.split:[318-330]: ********......... (8)
INFO:gt864-forward-full-register-schedule.gt864_forward_one_bank_all_one_mul_b3_slothy_start.split:[330-341]: ********......... (8)
INFO:gt864-forward-full-register-schedule.gt864_forward_one_bank_all_one_mul_b3_slothy_start.split:[341-352]: **********....... (10)
INFO:gt864-forward-full-register-schedule.gt864_forward_one_bank_all_one_mul_b3_slothy_start.split:[352-364]: *************.... (13)
INFO:gt864-forward-full-register-schedule.gt864_forward_one_bank_all_one_mul_b3_slothy_start.split:[364-375]: ************..... (12)
INFO:gt864-forward-full-register-schedule.gt864_forward_one_bank_all_one_mul_b3_slothy_start.split:[375-386]: **************... (14)
INFO:gt864-forward-full-register-schedule.gt864_forward_one_bank_all_one_mul_b3_slothy_start.split:[386-398]: ************..... (12)
INFO:gt864-forward-full-register-schedule.gt864_forward_one_bank_all_one_mul_b3_slothy_start.split:[398-409]: ***********...... (11)
INFO:gt864-forward-full-register-schedule.gt864_forward_one_bank_all_one_mul_b3_slothy_start.split:[409-421]: ************..... (12)
INFO:gt864-forward-full-register-schedule.gt864_forward_one_bank_all_one_mul_b3_slothy_start.split:[421-432]: *************.... (13)
INFO:gt864-forward-full-register-schedule.gt864_forward_one_bank_all_one_mul_b3_slothy_start.split:[432-443]: **************... (14)
INFO:gt864-forward-full-register-schedule.gt864_forward_one_bank_all_one_mul_b3_slothy_start.split:[443-455]: ***********...... (11)
INFO:gt864-forward-full-register-schedule.gt864_forward_one_bank_all_one_mul_b3_slothy_start.split:[455-466]: ************..... (12)
INFO:gt864-forward-full-register-schedule.gt864_forward_one_bank_all_one_mul_b3_slothy_start.split:[466-477]: *************.... (13)
INFO:gt864-forward-full-register-schedule.gt864_forward_one_bank_all_one_mul_b3_slothy_start.split:[477-489]: *************.... (13)
INFO:gt864-forward-full-register-schedule.gt864_forward_one_bank_all_one_mul_b3_slothy_start.split:[489-500]: ************..... (12)
INFO:gt864-forward-full-register-schedule.gt864_forward_one_bank_all_one_mul_b3_slothy_start.split:[500-512]: **********....... (10)
INFO:gt864-forward-full-register-schedule.gt864_forward_one_bank_all_one_mul_b3_slothy_start.split:[512-523]: **********....... (10)
INFO:gt864-forward-full-register-schedule.gt864_forward_one_bank_all_one_mul_b3_slothy_start.split:[523-534]: ***********...... (11)
INFO:gt864-forward-full-register-schedule.gt864_forward_one_bank_all_one_mul_b3_slothy_start.split:[534-546]: ************..... (12)
INFO:gt864-forward-full-register-schedule.gt864_forward_one_bank_all_one_mul_b3_slothy_start.split:[546-557]: ************..... (12)
INFO:gt864-forward-full-register-schedule.gt864_forward_one_bank_all_one_mul_b3_slothy_start.split:[557-569]: *********........ (9)
INFO:gt864-forward-full-register-schedule.gt864_forward_one_bank_all_one_mul_b3_slothy_start.split.455_473:Perform internal binary search for minimal number of stalls...
INFO:gt864-forward-full-register-schedule.gt864_forward_one_bank_all_one_mul_b3_slothy_start.split.455_473:Attempt optimization with max 256 stalls...
INFO:gt864-forward-full-register-schedule.gt864_forward_one_bank_all_one_mul_b3_slothy_start.split.455_473:Setting timeout of 14400 seconds...
INFO:gt864-forward-full-register-schedule.gt864_forward_one_bank_all_one_mul_b3_slothy_start.split.455_473:Objective: minimize cycles
INFO:gt864-forward-full-register-schedule.gt864_forward_one_bank_all_one_mul_b3_slothy_start.split.455_473:Invoking external constraint solver (OR-Tools CP-SAT v9.15.6755) ...
INFO:gt864-forward-full-register-schedule.gt864_forward_one_bank_all_one_mul_b3_slothy_start.split.455_473:[0.1583s]: Found 1 solutions so far... objective (minimize cycles): currently  (Cycles ~ 50.0, IPC ~ 0.36), bound  (Cycles ~ 12.0, IPC ~ 1.50)
INFO:gt864-forward-full-register-schedule.gt864_forward_one_bank_all_one_mul_b3_slothy_start.split.455_473:[0.1588s]: Found 2 solutions so far... objective (minimize cycles): currently  (Cycles ~ 42.0, IPC ~ 0.43), bound  (Cycles ~ 12.0, IPC ~ 1.50)
INFO:gt864-forward-full-register-schedule.gt864_forward_one_bank_all_one_mul_b3_slothy_start.split.455_473:[0.1632s]: Found 3 solutions so far... objective (minimize cycles): currently  (Cycles ~ 21.0, IPC ~ 0.86), bound  (Cycles ~ 15.0, IPC ~ 1.20)
INFO:gt864-forward-full-register-schedule.gt864_forward_one_bank_all_one_mul_b3_slothy_start.split.455_473:OPTIMAL, wall time: 0.174506 s
INFO:gt864-forward-full-register-schedule.gt864_forward_one_bank_all_one_mul_b3_slothy_start.split.455_473:Booleans in result: 120
INFO:gt864-forward-full-register-schedule.gt864_forward_one_bank_all_one_mul_b3_slothy_start.split.455_473.selfcheck:OK!
INFO:gt864-forward-full-register-schedule.gt864_forward_one_bank_all_one_mul_b3_slothy_start.split.455_473:Minimum number of stalls: 16
INFO:gt864-forward-full-register-schedule.gt864_forward_one_bank_all_one_mul_b3_slothy_start.split:[  0- 11]: ************..... (12)
INFO:gt864-forward-full-register-schedule.gt864_forward_one_bank_all_one_mul_b3_slothy_start.split:[ 11- 22]: **************... (14)
INFO:gt864-forward-full-register-schedule.gt864_forward_one_bank_all_one_mul_b3_slothy_start.split:[ 22- 34]: ************..... (12)
INFO:gt864-forward-full-register-schedule.gt864_forward_one_bank_all_one_mul_b3_slothy_start.split:[ 34- 45]: ***********...... (11)
INFO:gt864-forward-full-register-schedule.gt864_forward_one_bank_all_one_mul_b3_slothy_start.split:[ 45- 56]: **********....... (10)
INFO:gt864-forward-full-register-schedule.gt864_forward_one_bank_all_one_mul_b3_slothy_start.split:[ 56- 68]: ***********...... (11)
INFO:gt864-forward-full-register-schedule.gt864_forward_one_bank_all_one_mul_b3_slothy_start.split:[ 68- 79]: *************.... (13)
INFO:gt864-forward-full-register-schedule.gt864_forward_one_bank_all_one_mul_b3_slothy_start.split:[ 79- 91]: ************..... (12)
INFO:gt864-forward-full-register-schedule.gt864_forward_one_bank_all_one_mul_b3_slothy_start.split:[ 91-102]: ***************.. (15)
INFO:gt864-forward-full-register-schedule.gt864_forward_one_bank_all_one_mul_b3_slothy_start.split:[102-113]: **************... (14)
INFO:gt864-forward-full-register-schedule.gt864_forward_one_bank_all_one_mul_b3_slothy_start.split:[113-125]: *************.... (13)
INFO:gt864-forward-full-register-schedule.gt864_forward_one_bank_all_one_mul_b3_slothy_start.split:[125-136]: ***************.. (15)
INFO:gt864-forward-full-register-schedule.gt864_forward_one_bank_all_one_mul_b3_slothy_start.split:[136-147]: **************... (14)
INFO:gt864-forward-full-register-schedule.gt864_forward_one_bank_all_one_mul_b3_slothy_start.split:[147-159]: **************... (14)
INFO:gt864-forward-full-register-schedule.gt864_forward_one_bank_all_one_mul_b3_slothy_start.split:[159-170]: *************.... (13)
INFO:gt864-forward-full-register-schedule.gt864_forward_one_bank_all_one_mul_b3_slothy_start.split:[170-182]: ***************.. (15)
INFO:gt864-forward-full-register-schedule.gt864_forward_one_bank_all_one_mul_b3_slothy_start.split:[182-193]: ***************.. (15)
INFO:gt864-forward-full-register-schedule.gt864_forward_one_bank_all_one_mul_b3_slothy_start.split:[193-204]: **************... (14)
INFO:gt864-forward-full-register-schedule.gt864_forward_one_bank_all_one_mul_b3_slothy_start.split:[204-216]: **************... (14)
INFO:gt864-forward-full-register-schedule.gt864_forward_one_bank_all_one_mul_b3_slothy_start.split:[216-227]: *************.... (13)
INFO:gt864-forward-full-register-schedule.gt864_forward_one_bank_all_one_mul_b3_slothy_start.split:[227-238]: **************... (14)
INFO:gt864-forward-full-register-schedule.gt864_forward_one_bank_all_one_mul_b3_slothy_start.split:[238-250]: **************... (14)
INFO:gt864-forward-full-register-schedule.gt864_forward_one_bank_all_one_mul_b3_slothy_start.split:[250-261]: **************... (14)
INFO:gt864-forward-full-register-schedule.gt864_forward_one_bank_all_one_mul_b3_slothy_start.split:[261-273]: **************... (14)
INFO:gt864-forward-full-register-schedule.gt864_forward_one_bank_all_one_mul_b3_slothy_start.split:[273-284]: **************... (14)
INFO:gt864-forward-full-register-schedule.gt864_forward_one_bank_all_one_mul_b3_slothy_start.split:[284-295]: **************... (14)
INFO:gt864-forward-full-register-schedule.gt864_forward_one_bank_all_one_mul_b3_slothy_start.split:[295-307]: ***********...... (11)
INFO:gt864-forward-full-register-schedule.gt864_forward_one_bank_all_one_mul_b3_slothy_start.split:[307-318]: ********......... (8)
INFO:gt864-forward-full-register-schedule.gt864_forward_one_bank_all_one_mul_b3_slothy_start.split:[318-330]: ********......... (8)
INFO:gt864-forward-full-register-schedule.gt864_forward_one_bank_all_one_mul_b3_slothy_start.split:[330-341]: ********......... (8)
INFO:gt864-forward-full-register-schedule.gt864_forward_one_bank_all_one_mul_b3_slothy_start.split:[341-352]: **********....... (10)
INFO:gt864-forward-full-register-schedule.gt864_forward_one_bank_all_one_mul_b3_slothy_start.split:[352-364]: *************.... (13)
INFO:gt864-forward-full-register-schedule.gt864_forward_one_bank_all_one_mul_b3_slothy_start.split:[364-375]: ************..... (12)
INFO:gt864-forward-full-register-schedule.gt864_forward_one_bank_all_one_mul_b3_slothy_start.split:[375-386]: **************... (14)
INFO:gt864-forward-full-register-schedule.gt864_forward_one_bank_all_one_mul_b3_slothy_start.split:[386-398]: ************..... (12)
INFO:gt864-forward-full-register-schedule.gt864_forward_one_bank_all_one_mul_b3_slothy_start.split:[398-409]: ***********...... (11)
INFO:gt864-forward-full-register-schedule.gt864_forward_one_bank_all_one_mul_b3_slothy_start.split:[409-421]: ************..... (12)
INFO:gt864-forward-full-register-schedule.gt864_forward_one_bank_all_one_mul_b3_slothy_start.split:[421-432]: *************.... (13)
INFO:gt864-forward-full-register-schedule.gt864_forward_one_bank_all_one_mul_b3_slothy_start.split:[432-443]: **************... (14)
INFO:gt864-forward-full-register-schedule.gt864_forward_one_bank_all_one_mul_b3_slothy_start.split:[443-455]: **********....... (10)
INFO:gt864-forward-full-register-schedule.gt864_forward_one_bank_all_one_mul_b3_slothy_start.split:[455-466]: **********....... (10)
INFO:gt864-forward-full-register-schedule.gt864_forward_one_bank_all_one_mul_b3_slothy_start.split:[466-477]: **************... (14)
INFO:gt864-forward-full-register-schedule.gt864_forward_one_bank_all_one_mul_b3_slothy_start.split:[477-489]: *************.... (13)
INFO:gt864-forward-full-register-schedule.gt864_forward_one_bank_all_one_mul_b3_slothy_start.split:[489-500]: ************..... (12)
INFO:gt864-forward-full-register-schedule.gt864_forward_one_bank_all_one_mul_b3_slothy_start.split:[500-512]: **********....... (10)
INFO:gt864-forward-full-register-schedule.gt864_forward_one_bank_all_one_mul_b3_slothy_start.split:[512-523]: **********....... (10)
INFO:gt864-forward-full-register-schedule.gt864_forward_one_bank_all_one_mul_b3_slothy_start.split:[523-534]: ***********...... (11)
INFO:gt864-forward-full-register-schedule.gt864_forward_one_bank_all_one_mul_b3_slothy_start.split:[534-546]: ************..... (12)
INFO:gt864-forward-full-register-schedule.gt864_forward_one_bank_all_one_mul_b3_slothy_start.split:[546-557]: ************..... (12)
INFO:gt864-forward-full-register-schedule.gt864_forward_one_bank_all_one_mul_b3_slothy_start.split:[557-569]: *********........ (9)
INFO:gt864-forward-full-register-schedule.gt864_forward_one_bank_all_one_mul_b3_slothy_start.split.484_501:Perform internal binary search for minimal number of stalls...
INFO:gt864-forward-full-register-schedule.gt864_forward_one_bank_all_one_mul_b3_slothy_start.split.484_501:Attempt optimization with max 256 stalls...
INFO:gt864-forward-full-register-schedule.gt864_forward_one_bank_all_one_mul_b3_slothy_start.split.484_501:Setting timeout of 14400 seconds...
INFO:gt864-forward-full-register-schedule.gt864_forward_one_bank_all_one_mul_b3_slothy_start.split.484_501:Objective: minimize cycles
INFO:gt864-forward-full-register-schedule.gt864_forward_one_bank_all_one_mul_b3_slothy_start.split.484_501:Invoking external constraint solver (OR-Tools CP-SAT v9.15.6755) ...
INFO:gt864-forward-full-register-schedule.gt864_forward_one_bank_all_one_mul_b3_slothy_start.split.484_501:[0.1010s]: Found 1 solutions so far... objective (minimize cycles): currently  (Cycles ~ 39.0, IPC ~ 0.44), bound  (Cycles ~ 13.0, IPC ~ 1.31)
INFO:gt864-forward-full-register-schedule.gt864_forward_one_bank_all_one_mul_b3_slothy_start.split.484_501:[0.1031s]: Found 2 solutions so far... objective (minimize cycles): currently  (Cycles ~ 38.0, IPC ~ 0.45), bound  (Cycles ~ 13.0, IPC ~ 1.31)
INFO:gt864-forward-full-register-schedule.gt864_forward_one_bank_all_one_mul_b3_slothy_start.split.484_501:[0.1054s]: Found 3 solutions so far... objective (minimize cycles): currently  (Cycles ~ 36.0, IPC ~ 0.47), bound  (Cycles ~ 13.0, IPC ~ 1.31)
INFO:gt864-forward-full-register-schedule.gt864_forward_one_bank_all_one_mul_b3_slothy_start.split.484_501:[0.1065s]: Found 4 solutions so far... objective (minimize cycles): currently  (Cycles ~ 19.0, IPC ~ 0.89), bound  (Cycles ~ 14.0, IPC ~ 1.21)
INFO:gt864-forward-full-register-schedule.gt864_forward_one_bank_all_one_mul_b3_slothy_start.split.484_501:OPTIMAL, wall time: 0.114394 s
INFO:gt864-forward-full-register-schedule.gt864_forward_one_bank_all_one_mul_b3_slothy_start.split.484_501:Booleans in result: 129
INFO:gt864-forward-full-register-schedule.gt864_forward_one_bank_all_one_mul_b3_slothy_start.split.484_501.selfcheck:OK!
INFO:gt864-forward-full-register-schedule.gt864_forward_one_bank_all_one_mul_b3_slothy_start.split.484_501:Minimum number of stalls: 14
INFO:gt864-forward-full-register-schedule.gt864_forward_one_bank_all_one_mul_b3_slothy_start.split:[  0- 11]: ************..... (12)
INFO:gt864-forward-full-register-schedule.gt864_forward_one_bank_all_one_mul_b3_slothy_start.split:[ 11- 22]: **************... (14)
INFO:gt864-forward-full-register-schedule.gt864_forward_one_bank_all_one_mul_b3_slothy_start.split:[ 22- 34]: ************..... (12)
INFO:gt864-forward-full-register-schedule.gt864_forward_one_bank_all_one_mul_b3_slothy_start.split:[ 34- 45]: ***********...... (11)
INFO:gt864-forward-full-register-schedule.gt864_forward_one_bank_all_one_mul_b3_slothy_start.split:[ 45- 56]: **********....... (10)
INFO:gt864-forward-full-register-schedule.gt864_forward_one_bank_all_one_mul_b3_slothy_start.split:[ 56- 68]: ***********...... (11)
INFO:gt864-forward-full-register-schedule.gt864_forward_one_bank_all_one_mul_b3_slothy_start.split:[ 68- 79]: *************.... (13)
INFO:gt864-forward-full-register-schedule.gt864_forward_one_bank_all_one_mul_b3_slothy_start.split:[ 79- 91]: ************..... (12)
INFO:gt864-forward-full-register-schedule.gt864_forward_one_bank_all_one_mul_b3_slothy_start.split:[ 91-102]: ***************.. (15)
INFO:gt864-forward-full-register-schedule.gt864_forward_one_bank_all_one_mul_b3_slothy_start.split:[102-113]: **************... (14)
INFO:gt864-forward-full-register-schedule.gt864_forward_one_bank_all_one_mul_b3_slothy_start.split:[113-125]: *************.... (13)
INFO:gt864-forward-full-register-schedule.gt864_forward_one_bank_all_one_mul_b3_slothy_start.split:[125-136]: ***************.. (15)
INFO:gt864-forward-full-register-schedule.gt864_forward_one_bank_all_one_mul_b3_slothy_start.split:[136-147]: **************... (14)
INFO:gt864-forward-full-register-schedule.gt864_forward_one_bank_all_one_mul_b3_slothy_start.split:[147-159]: **************... (14)
INFO:gt864-forward-full-register-schedule.gt864_forward_one_bank_all_one_mul_b3_slothy_start.split:[159-170]: *************.... (13)
INFO:gt864-forward-full-register-schedule.gt864_forward_one_bank_all_one_mul_b3_slothy_start.split:[170-182]: ***************.. (15)
INFO:gt864-forward-full-register-schedule.gt864_forward_one_bank_all_one_mul_b3_slothy_start.split:[182-193]: ***************.. (15)
INFO:gt864-forward-full-register-schedule.gt864_forward_one_bank_all_one_mul_b3_slothy_start.split:[193-204]: **************... (14)
INFO:gt864-forward-full-register-schedule.gt864_forward_one_bank_all_one_mul_b3_slothy_start.split:[204-216]: **************... (14)
INFO:gt864-forward-full-register-schedule.gt864_forward_one_bank_all_one_mul_b3_slothy_start.split:[216-227]: *************.... (13)
INFO:gt864-forward-full-register-schedule.gt864_forward_one_bank_all_one_mul_b3_slothy_start.split:[227-238]: **************... (14)
INFO:gt864-forward-full-register-schedule.gt864_forward_one_bank_all_one_mul_b3_slothy_start.split:[238-250]: **************... (14)
INFO:gt864-forward-full-register-schedule.gt864_forward_one_bank_all_one_mul_b3_slothy_start.split:[250-261]: **************... (14)
INFO:gt864-forward-full-register-schedule.gt864_forward_one_bank_all_one_mul_b3_slothy_start.split:[261-273]: **************... (14)
INFO:gt864-forward-full-register-schedule.gt864_forward_one_bank_all_one_mul_b3_slothy_start.split:[273-284]: **************... (14)
INFO:gt864-forward-full-register-schedule.gt864_forward_one_bank_all_one_mul_b3_slothy_start.split:[284-295]: **************... (14)
INFO:gt864-forward-full-register-schedule.gt864_forward_one_bank_all_one_mul_b3_slothy_start.split:[295-307]: ***********...... (11)
INFO:gt864-forward-full-register-schedule.gt864_forward_one_bank_all_one_mul_b3_slothy_start.split:[307-318]: ********......... (8)
INFO:gt864-forward-full-register-schedule.gt864_forward_one_bank_all_one_mul_b3_slothy_start.split:[318-330]: ********......... (8)
INFO:gt864-forward-full-register-schedule.gt864_forward_one_bank_all_one_mul_b3_slothy_start.split:[330-341]: ********......... (8)
INFO:gt864-forward-full-register-schedule.gt864_forward_one_bank_all_one_mul_b3_slothy_start.split:[341-352]: **********....... (10)
INFO:gt864-forward-full-register-schedule.gt864_forward_one_bank_all_one_mul_b3_slothy_start.split:[352-364]: *************.... (13)
INFO:gt864-forward-full-register-schedule.gt864_forward_one_bank_all_one_mul_b3_slothy_start.split:[364-375]: ************..... (12)
INFO:gt864-forward-full-register-schedule.gt864_forward_one_bank_all_one_mul_b3_slothy_start.split:[375-386]: **************... (14)
INFO:gt864-forward-full-register-schedule.gt864_forward_one_bank_all_one_mul_b3_slothy_start.split:[386-398]: ************..... (12)
INFO:gt864-forward-full-register-schedule.gt864_forward_one_bank_all_one_mul_b3_slothy_start.split:[398-409]: ***********...... (11)
INFO:gt864-forward-full-register-schedule.gt864_forward_one_bank_all_one_mul_b3_slothy_start.split:[409-421]: ************..... (12)
INFO:gt864-forward-full-register-schedule.gt864_forward_one_bank_all_one_mul_b3_slothy_start.split:[421-432]: *************.... (13)
INFO:gt864-forward-full-register-schedule.gt864_forward_one_bank_all_one_mul_b3_slothy_start.split:[432-443]: **************... (14)
INFO:gt864-forward-full-register-schedule.gt864_forward_one_bank_all_one_mul_b3_slothy_start.split:[443-455]: **********....... (10)
INFO:gt864-forward-full-register-schedule.gt864_forward_one_bank_all_one_mul_b3_slothy_start.split:[455-466]: **********....... (10)
INFO:gt864-forward-full-register-schedule.gt864_forward_one_bank_all_one_mul_b3_slothy_start.split:[466-477]: **************... (14)
INFO:gt864-forward-full-register-schedule.gt864_forward_one_bank_all_one_mul_b3_slothy_start.split:[477-489]: ************..... (12)
INFO:gt864-forward-full-register-schedule.gt864_forward_one_bank_all_one_mul_b3_slothy_start.split:[489-500]: *************.... (13)
INFO:gt864-forward-full-register-schedule.gt864_forward_one_bank_all_one_mul_b3_slothy_start.split:[500-512]: ***********...... (11)
INFO:gt864-forward-full-register-schedule.gt864_forward_one_bank_all_one_mul_b3_slothy_start.split:[512-523]: **********....... (10)
INFO:gt864-forward-full-register-schedule.gt864_forward_one_bank_all_one_mul_b3_slothy_start.split:[523-534]: ***********...... (11)
INFO:gt864-forward-full-register-schedule.gt864_forward_one_bank_all_one_mul_b3_slothy_start.split:[534-546]: ************..... (12)
INFO:gt864-forward-full-register-schedule.gt864_forward_one_bank_all_one_mul_b3_slothy_start.split:[546-557]: ************..... (12)
INFO:gt864-forward-full-register-schedule.gt864_forward_one_bank_all_one_mul_b3_slothy_start.split:[557-569]: *********........ (9)
INFO:gt864-forward-full-register-schedule.gt864_forward_one_bank_all_one_mul_b3_slothy_start.split.512_530:Perform internal binary search for minimal number of stalls...
INFO:gt864-forward-full-register-schedule.gt864_forward_one_bank_all_one_mul_b3_slothy_start.split.512_530:Attempt optimization with max 256 stalls...
INFO:gt864-forward-full-register-schedule.gt864_forward_one_bank_all_one_mul_b3_slothy_start.split.512_530:Setting timeout of 14400 seconds...
INFO:gt864-forward-full-register-schedule.gt864_forward_one_bank_all_one_mul_b3_slothy_start.split.512_530:Objective: minimize cycles
INFO:gt864-forward-full-register-schedule.gt864_forward_one_bank_all_one_mul_b3_slothy_start.split.512_530:Invoking external constraint solver (OR-Tools CP-SAT v9.15.6755) ...
INFO:gt864-forward-full-register-schedule.gt864_forward_one_bank_all_one_mul_b3_slothy_start.split.512_530:[0.1713s]: Found 1 solutions so far... objective (minimize cycles): currently  (Cycles ~ 15.0, IPC ~ 1.20), bound  (Cycles ~ 13.0, IPC ~ 1.38)
INFO:gt864-forward-full-register-schedule.gt864_forward_one_bank_all_one_mul_b3_slothy_start.split.512_530:[0.1776s]: Found 2 solutions so far... objective (minimize cycles): currently  (Cycles ~ 14.0, IPC ~ 1.29), bound  (Cycles ~ 13.0, IPC ~ 1.38)
INFO:gt864-forward-full-register-schedule.gt864_forward_one_bank_all_one_mul_b3_slothy_start.split.512_530:[0.1833s]: Found 3 solutions so far... objective (minimize cycles): currently  (Cycles ~ 13.0, IPC ~ 1.38), bound  (Cycles ~ 13.0, IPC ~ 1.38)
INFO:gt864-forward-full-register-schedule.gt864_forward_one_bank_all_one_mul_b3_slothy_start.split.512_530:Closer than 0 stalls to theoretical optimum... stop
INFO:gt864-forward-full-register-schedule.gt864_forward_one_bank_all_one_mul_b3_slothy_start.split.512_530:OPTIMAL, wall time: 0.192402 s
INFO:gt864-forward-full-register-schedule.gt864_forward_one_bank_all_one_mul_b3_slothy_start.split.512_530:Booleans in result: 136
INFO:gt864-forward-full-register-schedule.gt864_forward_one_bank_all_one_mul_b3_slothy_start.split.512_530.selfcheck:OK!
INFO:gt864-forward-full-register-schedule.gt864_forward_one_bank_all_one_mul_b3_slothy_start.split.512_530:Minimum number of stalls: 8
INFO:gt864-forward-full-register-schedule.gt864_forward_one_bank_all_one_mul_b3_slothy_start.split:[  0- 11]: ************..... (12)
INFO:gt864-forward-full-register-schedule.gt864_forward_one_bank_all_one_mul_b3_slothy_start.split:[ 11- 22]: **************... (14)
INFO:gt864-forward-full-register-schedule.gt864_forward_one_bank_all_one_mul_b3_slothy_start.split:[ 22- 34]: ************..... (12)
INFO:gt864-forward-full-register-schedule.gt864_forward_one_bank_all_one_mul_b3_slothy_start.split:[ 34- 45]: ***********...... (11)
INFO:gt864-forward-full-register-schedule.gt864_forward_one_bank_all_one_mul_b3_slothy_start.split:[ 45- 56]: **********....... (10)
INFO:gt864-forward-full-register-schedule.gt864_forward_one_bank_all_one_mul_b3_slothy_start.split:[ 56- 68]: ***********...... (11)
INFO:gt864-forward-full-register-schedule.gt864_forward_one_bank_all_one_mul_b3_slothy_start.split:[ 68- 79]: *************.... (13)
INFO:gt864-forward-full-register-schedule.gt864_forward_one_bank_all_one_mul_b3_slothy_start.split:[ 79- 91]: ************..... (12)
INFO:gt864-forward-full-register-schedule.gt864_forward_one_bank_all_one_mul_b3_slothy_start.split:[ 91-102]: ***************.. (15)
INFO:gt864-forward-full-register-schedule.gt864_forward_one_bank_all_one_mul_b3_slothy_start.split:[102-113]: **************... (14)
INFO:gt864-forward-full-register-schedule.gt864_forward_one_bank_all_one_mul_b3_slothy_start.split:[113-125]: *************.... (13)
INFO:gt864-forward-full-register-schedule.gt864_forward_one_bank_all_one_mul_b3_slothy_start.split:[125-136]: ***************.. (15)
INFO:gt864-forward-full-register-schedule.gt864_forward_one_bank_all_one_mul_b3_slothy_start.split:[136-147]: **************... (14)
INFO:gt864-forward-full-register-schedule.gt864_forward_one_bank_all_one_mul_b3_slothy_start.split:[147-159]: **************... (14)
INFO:gt864-forward-full-register-schedule.gt864_forward_one_bank_all_one_mul_b3_slothy_start.split:[159-170]: *************.... (13)
INFO:gt864-forward-full-register-schedule.gt864_forward_one_bank_all_one_mul_b3_slothy_start.split:[170-182]: ***************.. (15)
INFO:gt864-forward-full-register-schedule.gt864_forward_one_bank_all_one_mul_b3_slothy_start.split:[182-193]: ***************.. (15)
INFO:gt864-forward-full-register-schedule.gt864_forward_one_bank_all_one_mul_b3_slothy_start.split:[193-204]: **************... (14)
INFO:gt864-forward-full-register-schedule.gt864_forward_one_bank_all_one_mul_b3_slothy_start.split:[204-216]: **************... (14)
INFO:gt864-forward-full-register-schedule.gt864_forward_one_bank_all_one_mul_b3_slothy_start.split:[216-227]: *************.... (13)
INFO:gt864-forward-full-register-schedule.gt864_forward_one_bank_all_one_mul_b3_slothy_start.split:[227-238]: **************... (14)
INFO:gt864-forward-full-register-schedule.gt864_forward_one_bank_all_one_mul_b3_slothy_start.split:[238-250]: **************... (14)
INFO:gt864-forward-full-register-schedule.gt864_forward_one_bank_all_one_mul_b3_slothy_start.split:[250-261]: **************... (14)
INFO:gt864-forward-full-register-schedule.gt864_forward_one_bank_all_one_mul_b3_slothy_start.split:[261-273]: **************... (14)
INFO:gt864-forward-full-register-schedule.gt864_forward_one_bank_all_one_mul_b3_slothy_start.split:[273-284]: **************... (14)
INFO:gt864-forward-full-register-schedule.gt864_forward_one_bank_all_one_mul_b3_slothy_start.split:[284-295]: **************... (14)
INFO:gt864-forward-full-register-schedule.gt864_forward_one_bank_all_one_mul_b3_slothy_start.split:[295-307]: ***********...... (11)
INFO:gt864-forward-full-register-schedule.gt864_forward_one_bank_all_one_mul_b3_slothy_start.split:[307-318]: ********......... (8)
INFO:gt864-forward-full-register-schedule.gt864_forward_one_bank_all_one_mul_b3_slothy_start.split:[318-330]: ********......... (8)
INFO:gt864-forward-full-register-schedule.gt864_forward_one_bank_all_one_mul_b3_slothy_start.split:[330-341]: ********......... (8)
INFO:gt864-forward-full-register-schedule.gt864_forward_one_bank_all_one_mul_b3_slothy_start.split:[341-352]: **********....... (10)
INFO:gt864-forward-full-register-schedule.gt864_forward_one_bank_all_one_mul_b3_slothy_start.split:[352-364]: *************.... (13)
INFO:gt864-forward-full-register-schedule.gt864_forward_one_bank_all_one_mul_b3_slothy_start.split:[364-375]: ************..... (12)
INFO:gt864-forward-full-register-schedule.gt864_forward_one_bank_all_one_mul_b3_slothy_start.split:[375-386]: **************... (14)
INFO:gt864-forward-full-register-schedule.gt864_forward_one_bank_all_one_mul_b3_slothy_start.split:[386-398]: ************..... (12)
INFO:gt864-forward-full-register-schedule.gt864_forward_one_bank_all_one_mul_b3_slothy_start.split:[398-409]: ***********...... (11)
INFO:gt864-forward-full-register-schedule.gt864_forward_one_bank_all_one_mul_b3_slothy_start.split:[409-421]: ************..... (12)
INFO:gt864-forward-full-register-schedule.gt864_forward_one_bank_all_one_mul_b3_slothy_start.split:[421-432]: *************.... (13)
INFO:gt864-forward-full-register-schedule.gt864_forward_one_bank_all_one_mul_b3_slothy_start.split:[432-443]: **************... (14)
INFO:gt864-forward-full-register-schedule.gt864_forward_one_bank_all_one_mul_b3_slothy_start.split:[443-455]: **********....... (10)
INFO:gt864-forward-full-register-schedule.gt864_forward_one_bank_all_one_mul_b3_slothy_start.split:[455-466]: **********....... (10)
INFO:gt864-forward-full-register-schedule.gt864_forward_one_bank_all_one_mul_b3_slothy_start.split:[466-477]: **************... (14)
INFO:gt864-forward-full-register-schedule.gt864_forward_one_bank_all_one_mul_b3_slothy_start.split:[477-489]: ************..... (12)
INFO:gt864-forward-full-register-schedule.gt864_forward_one_bank_all_one_mul_b3_slothy_start.split:[489-500]: *************.... (13)
INFO:gt864-forward-full-register-schedule.gt864_forward_one_bank_all_one_mul_b3_slothy_start.split:[500-512]: ***********...... (11)
INFO:gt864-forward-full-register-schedule.gt864_forward_one_bank_all_one_mul_b3_slothy_start.split:[512-523]: ***********...... (11)
INFO:gt864-forward-full-register-schedule.gt864_forward_one_bank_all_one_mul_b3_slothy_start.split:[523-534]: ***********...... (11)
INFO:gt864-forward-full-register-schedule.gt864_forward_one_bank_all_one_mul_b3_slothy_start.split:[534-546]: ************..... (12)
INFO:gt864-forward-full-register-schedule.gt864_forward_one_bank_all_one_mul_b3_slothy_start.split:[546-557]: ************..... (12)
INFO:gt864-forward-full-register-schedule.gt864_forward_one_bank_all_one_mul_b3_slothy_start.split:[557-569]: *********........ (9)
INFO:gt864-forward-full-register-schedule.gt864_forward_one_bank_all_one_mul_b3_slothy_start.split.541_558:Perform internal binary search for minimal number of stalls...
INFO:gt864-forward-full-register-schedule.gt864_forward_one_bank_all_one_mul_b3_slothy_start.split.541_558:Attempt optimization with max 256 stalls...
INFO:gt864-forward-full-register-schedule.gt864_forward_one_bank_all_one_mul_b3_slothy_start.split.541_558:Setting timeout of 14400 seconds...
INFO:gt864-forward-full-register-schedule.gt864_forward_one_bank_all_one_mul_b3_slothy_start.split.541_558:Objective: minimize cycles
INFO:gt864-forward-full-register-schedule.gt864_forward_one_bank_all_one_mul_b3_slothy_start.split.541_558:Invoking external constraint solver (OR-Tools CP-SAT v9.15.6755) ...
INFO:gt864-forward-full-register-schedule.gt864_forward_one_bank_all_one_mul_b3_slothy_start.split.541_558:[0.1142s]: Found 1 solutions so far... objective (minimize cycles): currently  (Cycles ~ 23.0, IPC ~ 0.74), bound  (Cycles ~ 20.0, IPC ~ 0.85)
INFO:gt864-forward-full-register-schedule.gt864_forward_one_bank_all_one_mul_b3_slothy_start.split.541_558:[0.1187s]: Found 2 solutions so far... objective (minimize cycles): currently  (Cycles ~ 22.0, IPC ~ 0.77), bound  (Cycles ~ 20.0, IPC ~ 0.85)
INFO:gt864-forward-full-register-schedule.gt864_forward_one_bank_all_one_mul_b3_slothy_start.split.541_558:[0.1259s]: Found 3 solutions so far... objective (minimize cycles): currently  (Cycles ~ 21.0, IPC ~ 0.81), bound  (Cycles ~ 20.0, IPC ~ 0.85)
INFO:gt864-forward-full-register-schedule.gt864_forward_one_bank_all_one_mul_b3_slothy_start.split.541_558:OPTIMAL, wall time: 0.137809 s
INFO:gt864-forward-full-register-schedule.gt864_forward_one_bank_all_one_mul_b3_slothy_start.split.541_558:Booleans in result: 109
INFO:gt864-forward-full-register-schedule.gt864_forward_one_bank_all_one_mul_b3_slothy_start.split.541_558.selfcheck:OK!
INFO:gt864-forward-full-register-schedule.gt864_forward_one_bank_all_one_mul_b3_slothy_start.split.541_558:Minimum number of stalls: 16
INFO:gt864-forward-full-register-schedule.gt864_forward_one_bank_all_one_mul_b3_slothy_start.split:[  0- 11]: ************..... (12)
INFO:gt864-forward-full-register-schedule.gt864_forward_one_bank_all_one_mul_b3_slothy_start.split:[ 11- 22]: **************... (14)
INFO:gt864-forward-full-register-schedule.gt864_forward_one_bank_all_one_mul_b3_slothy_start.split:[ 22- 34]: ************..... (12)
INFO:gt864-forward-full-register-schedule.gt864_forward_one_bank_all_one_mul_b3_slothy_start.split:[ 34- 45]: ***********...... (11)
INFO:gt864-forward-full-register-schedule.gt864_forward_one_bank_all_one_mul_b3_slothy_start.split:[ 45- 56]: **********....... (10)
INFO:gt864-forward-full-register-schedule.gt864_forward_one_bank_all_one_mul_b3_slothy_start.split:[ 56- 68]: ***********...... (11)
INFO:gt864-forward-full-register-schedule.gt864_forward_one_bank_all_one_mul_b3_slothy_start.split:[ 68- 79]: *************.... (13)
INFO:gt864-forward-full-register-schedule.gt864_forward_one_bank_all_one_mul_b3_slothy_start.split:[ 79- 91]: ************..... (12)
INFO:gt864-forward-full-register-schedule.gt864_forward_one_bank_all_one_mul_b3_slothy_start.split:[ 91-102]: ***************.. (15)
INFO:gt864-forward-full-register-schedule.gt864_forward_one_bank_all_one_mul_b3_slothy_start.split:[102-113]: **************... (14)
INFO:gt864-forward-full-register-schedule.gt864_forward_one_bank_all_one_mul_b3_slothy_start.split:[113-125]: *************.... (13)
INFO:gt864-forward-full-register-schedule.gt864_forward_one_bank_all_one_mul_b3_slothy_start.split:[125-136]: ***************.. (15)
INFO:gt864-forward-full-register-schedule.gt864_forward_one_bank_all_one_mul_b3_slothy_start.split:[136-147]: **************... (14)
INFO:gt864-forward-full-register-schedule.gt864_forward_one_bank_all_one_mul_b3_slothy_start.split:[147-159]: **************... (14)
INFO:gt864-forward-full-register-schedule.gt864_forward_one_bank_all_one_mul_b3_slothy_start.split:[159-170]: *************.... (13)
INFO:gt864-forward-full-register-schedule.gt864_forward_one_bank_all_one_mul_b3_slothy_start.split:[170-182]: ***************.. (15)
INFO:gt864-forward-full-register-schedule.gt864_forward_one_bank_all_one_mul_b3_slothy_start.split:[182-193]: ***************.. (15)
INFO:gt864-forward-full-register-schedule.gt864_forward_one_bank_all_one_mul_b3_slothy_start.split:[193-204]: **************... (14)
INFO:gt864-forward-full-register-schedule.gt864_forward_one_bank_all_one_mul_b3_slothy_start.split:[204-216]: **************... (14)
INFO:gt864-forward-full-register-schedule.gt864_forward_one_bank_all_one_mul_b3_slothy_start.split:[216-227]: *************.... (13)
INFO:gt864-forward-full-register-schedule.gt864_forward_one_bank_all_one_mul_b3_slothy_start.split:[227-238]: **************... (14)
INFO:gt864-forward-full-register-schedule.gt864_forward_one_bank_all_one_mul_b3_slothy_start.split:[238-250]: **************... (14)
INFO:gt864-forward-full-register-schedule.gt864_forward_one_bank_all_one_mul_b3_slothy_start.split:[250-261]: **************... (14)
INFO:gt864-forward-full-register-schedule.gt864_forward_one_bank_all_one_mul_b3_slothy_start.split:[261-273]: **************... (14)
INFO:gt864-forward-full-register-schedule.gt864_forward_one_bank_all_one_mul_b3_slothy_start.split:[273-284]: **************... (14)
INFO:gt864-forward-full-register-schedule.gt864_forward_one_bank_all_one_mul_b3_slothy_start.split:[284-295]: **************... (14)
INFO:gt864-forward-full-register-schedule.gt864_forward_one_bank_all_one_mul_b3_slothy_start.split:[295-307]: ***********...... (11)
INFO:gt864-forward-full-register-schedule.gt864_forward_one_bank_all_one_mul_b3_slothy_start.split:[307-318]: ********......... (8)
INFO:gt864-forward-full-register-schedule.gt864_forward_one_bank_all_one_mul_b3_slothy_start.split:[318-330]: ********......... (8)
INFO:gt864-forward-full-register-schedule.gt864_forward_one_bank_all_one_mul_b3_slothy_start.split:[330-341]: ********......... (8)
INFO:gt864-forward-full-register-schedule.gt864_forward_one_bank_all_one_mul_b3_slothy_start.split:[341-352]: **********....... (10)
INFO:gt864-forward-full-register-schedule.gt864_forward_one_bank_all_one_mul_b3_slothy_start.split:[352-364]: *************.... (13)
INFO:gt864-forward-full-register-schedule.gt864_forward_one_bank_all_one_mul_b3_slothy_start.split:[364-375]: ************..... (12)
INFO:gt864-forward-full-register-schedule.gt864_forward_one_bank_all_one_mul_b3_slothy_start.split:[375-386]: **************... (14)
INFO:gt864-forward-full-register-schedule.gt864_forward_one_bank_all_one_mul_b3_slothy_start.split:[386-398]: ************..... (12)
INFO:gt864-forward-full-register-schedule.gt864_forward_one_bank_all_one_mul_b3_slothy_start.split:[398-409]: ***********...... (11)
INFO:gt864-forward-full-register-schedule.gt864_forward_one_bank_all_one_mul_b3_slothy_start.split:[409-421]: ************..... (12)
INFO:gt864-forward-full-register-schedule.gt864_forward_one_bank_all_one_mul_b3_slothy_start.split:[421-432]: *************.... (13)
INFO:gt864-forward-full-register-schedule.gt864_forward_one_bank_all_one_mul_b3_slothy_start.split:[432-443]: **************... (14)
INFO:gt864-forward-full-register-schedule.gt864_forward_one_bank_all_one_mul_b3_slothy_start.split:[443-455]: **********....... (10)
INFO:gt864-forward-full-register-schedule.gt864_forward_one_bank_all_one_mul_b3_slothy_start.split:[455-466]: **********....... (10)
INFO:gt864-forward-full-register-schedule.gt864_forward_one_bank_all_one_mul_b3_slothy_start.split:[466-477]: **************... (14)
INFO:gt864-forward-full-register-schedule.gt864_forward_one_bank_all_one_mul_b3_slothy_start.split:[477-489]: ************..... (12)
INFO:gt864-forward-full-register-schedule.gt864_forward_one_bank_all_one_mul_b3_slothy_start.split:[489-500]: *************.... (13)
INFO:gt864-forward-full-register-schedule.gt864_forward_one_bank_all_one_mul_b3_slothy_start.split:[500-512]: ***********...... (11)
INFO:gt864-forward-full-register-schedule.gt864_forward_one_bank_all_one_mul_b3_slothy_start.split:[512-523]: ***********...... (11)
INFO:gt864-forward-full-register-schedule.gt864_forward_one_bank_all_one_mul_b3_slothy_start.split:[523-534]: ***********...... (11)
INFO:gt864-forward-full-register-schedule.gt864_forward_one_bank_all_one_mul_b3_slothy_start.split:[534-546]: *************.... (13)
INFO:gt864-forward-full-register-schedule.gt864_forward_one_bank_all_one_mul_b3_slothy_start.split:[546-557]: *************.... (13)
INFO:gt864-forward-full-register-schedule.gt864_forward_one_bank_all_one_mul_b3_slothy_start.split:[557-569]: *********........ (9)
INFO:gt864-forward-full-register-schedule.gt864_forward_one_bank_all_one_mul_b3_slothy_start.split.split_heuristic_full:OK!
allocated_liveouts=out0:v31,out1:v1,out2:v9,out3:v26,out4:v20,out5:v24,out6:v30,out7:v29,out8:v22,out9:v19,out10:v21,out11:v23,out12:v8,out13:v10,out14:v12,out15:v6,out16:v27,out17:v0
