INFO:gt864-forward-full-register-schedule.gt864_friso2_scaled_t1c1_slothy_start:SLOTHY version: 0.2.2
INFO:gt864-forward-full-register-schedule:Instructions in body: 138
INFO:gt864-forward-full-register-schedule.gt864_friso2_scaled_t1c1_slothy_start.split.0_4:Perform internal binary search for minimal number of stalls...
INFO:gt864-forward-full-register-schedule.gt864_friso2_scaled_t1c1_slothy_start.split.0_4:Attempt optimization with max 256 stalls...
INFO:gt864-forward-full-register-schedule.gt864_friso2_scaled_t1c1_slothy_start.split.0_4:Setting timeout of 1800 seconds...
INFO:gt864-forward-full-register-schedule.gt864_friso2_scaled_t1c1_slothy_start.split.0_4:Objective: minimize cycles
INFO:gt864-forward-full-register-schedule.gt864_friso2_scaled_t1c1_slothy_start.split.0_4:Invoking external constraint solver (OR-Tools CP-SAT v9.15.6755) ...
INFO:gt864-forward-full-register-schedule.gt864_friso2_scaled_t1c1_slothy_start.split.0_4:[0.0057s]: Found 1 solutions so far... objective (minimize cycles): currently  (Cycles ~ 7.0, IPC ~ 0.57), bound  (Cycles ~ 5.0, IPC ~ 0.80)
INFO:gt864-forward-full-register-schedule.gt864_friso2_scaled_t1c1_slothy_start.split.0_4:OPTIMAL, wall time: 0.015800 s
INFO:gt864-forward-full-register-schedule.gt864_friso2_scaled_t1c1_slothy_start.split.0_4:Booleans in result: 2
INFO:gt864-forward-full-register-schedule.gt864_friso2_scaled_t1c1_slothy_start.split.0_4.selfcheck:OK!
INFO:gt864-forward-full-register-schedule.gt864_friso2_scaled_t1c1_slothy_start.split.0_4:Minimum number of stalls: 6
INFO:gt864-forward-full-register-schedule.gt864_friso2_scaled_t1c1_slothy_start.split.4_9:Perform internal binary search for minimal number of stalls...
INFO:gt864-forward-full-register-schedule.gt864_friso2_scaled_t1c1_slothy_start.split.4_9:Attempt optimization with max 256 stalls...
INFO:gt864-forward-full-register-schedule.gt864_friso2_scaled_t1c1_slothy_start.split.4_9:Setting timeout of 1800 seconds...
INFO:gt864-forward-full-register-schedule.gt864_friso2_scaled_t1c1_slothy_start.split.4_9:Objective: minimize cycles
INFO:gt864-forward-full-register-schedule.gt864_friso2_scaled_t1c1_slothy_start.split.4_9:Invoking external constraint solver (OR-Tools CP-SAT v9.15.6755) ...
INFO:gt864-forward-full-register-schedule.gt864_friso2_scaled_t1c1_slothy_start.split.4_9:[0.0045s]: Found 1 solutions so far... objective (minimize cycles): currently  (Cycles ~ 7.0, IPC ~ 0.71), bound  (Cycles ~ 6.0, IPC ~ 0.83)
INFO:gt864-forward-full-register-schedule.gt864_friso2_scaled_t1c1_slothy_start.split.4_9:OPTIMAL, wall time: 0.016259 s
INFO:gt864-forward-full-register-schedule.gt864_friso2_scaled_t1c1_slothy_start.split.4_9:Booleans in result: 12
INFO:gt864-forward-full-register-schedule.gt864_friso2_scaled_t1c1_slothy_start.split.4_9.selfcheck:OK!
INFO:gt864-forward-full-register-schedule.gt864_friso2_scaled_t1c1_slothy_start.split.4_9:Minimum number of stalls: 5
INFO:gt864-forward-full-register-schedule.gt864_friso2_scaled_t1c1_slothy_start.split.9_13:Perform internal binary search for minimal number of stalls...
INFO:gt864-forward-full-register-schedule.gt864_friso2_scaled_t1c1_slothy_start.split.9_13:Attempt optimization with max 256 stalls...
INFO:gt864-forward-full-register-schedule.gt864_friso2_scaled_t1c1_slothy_start.split.9_13:Setting timeout of 1800 seconds...
INFO:gt864-forward-full-register-schedule.gt864_friso2_scaled_t1c1_slothy_start.split.9_13:Objective: minimize cycles
INFO:gt864-forward-full-register-schedule.gt864_friso2_scaled_t1c1_slothy_start.split.9_13:Invoking external constraint solver (OR-Tools CP-SAT v9.15.6755) ...
INFO:gt864-forward-full-register-schedule.gt864_friso2_scaled_t1c1_slothy_start.split.9_13:[0.0037s]: Found 1 solutions so far... objective (minimize cycles): currently  (Cycles ~ 5.0, IPC ~ 0.80), bound  (Cycles ~ 5.0, IPC ~ 0.80)
INFO:gt864-forward-full-register-schedule.gt864_friso2_scaled_t1c1_slothy_start.split.9_13:Closer than 0 stalls to theoretical optimum... stop
INFO:gt864-forward-full-register-schedule.gt864_friso2_scaled_t1c1_slothy_start.split.9_13:OPTIMAL, wall time: 0.008618 s
INFO:gt864-forward-full-register-schedule.gt864_friso2_scaled_t1c1_slothy_start.split.9_13:Booleans in result: 2
INFO:gt864-forward-full-register-schedule.gt864_friso2_scaled_t1c1_slothy_start.split.9_13.selfcheck:OK!
INFO:gt864-forward-full-register-schedule.gt864_friso2_scaled_t1c1_slothy_start.split.9_13:Minimum number of stalls: 4
INFO:gt864-forward-full-register-schedule.gt864_friso2_scaled_t1c1_slothy_start.split.13_17:Perform internal binary search for minimal number of stalls...
INFO:gt864-forward-full-register-schedule.gt864_friso2_scaled_t1c1_slothy_start.split.13_17:Attempt optimization with max 256 stalls...
INFO:gt864-forward-full-register-schedule.gt864_friso2_scaled_t1c1_slothy_start.split.13_17:Setting timeout of 1800 seconds...
INFO:gt864-forward-full-register-schedule.gt864_friso2_scaled_t1c1_slothy_start.split.13_17:Objective: minimize cycles
INFO:gt864-forward-full-register-schedule.gt864_friso2_scaled_t1c1_slothy_start.split.13_17:Invoking external constraint solver (OR-Tools CP-SAT v9.15.6755) ...
INFO:gt864-forward-full-register-schedule.gt864_friso2_scaled_t1c1_slothy_start.split.13_17:[0.0039s]: Found 1 solutions so far... objective (minimize cycles): currently  (Cycles ~ 7.0, IPC ~ 0.57), bound  (Cycles ~ 7.0, IPC ~ 0.57)
INFO:gt864-forward-full-register-schedule.gt864_friso2_scaled_t1c1_slothy_start.split.13_17:Closer than 0 stalls to theoretical optimum... stop
INFO:gt864-forward-full-register-schedule.gt864_friso2_scaled_t1c1_slothy_start.split.13_17:OPTIMAL, wall time: 0.009173 s
INFO:gt864-forward-full-register-schedule.gt864_friso2_scaled_t1c1_slothy_start.split.13_17:Booleans in result: 11
INFO:gt864-forward-full-register-schedule.gt864_friso2_scaled_t1c1_slothy_start.split.13_17.selfcheck:OK!
INFO:gt864-forward-full-register-schedule.gt864_friso2_scaled_t1c1_slothy_start.split.13_17:Minimum number of stalls: 6
INFO:gt864-forward-full-register-schedule.gt864_friso2_scaled_t1c1_slothy_start.split.17_22:Perform internal binary search for minimal number of stalls...
INFO:gt864-forward-full-register-schedule.gt864_friso2_scaled_t1c1_slothy_start.split.17_22:Attempt optimization with max 256 stalls...
INFO:gt864-forward-full-register-schedule.gt864_friso2_scaled_t1c1_slothy_start.split.17_22:Setting timeout of 1800 seconds...
INFO:gt864-forward-full-register-schedule.gt864_friso2_scaled_t1c1_slothy_start.split.17_22:Objective: minimize cycles
INFO:gt864-forward-full-register-schedule.gt864_friso2_scaled_t1c1_slothy_start.split.17_22:Invoking external constraint solver (OR-Tools CP-SAT v9.15.6755) ...
INFO:gt864-forward-full-register-schedule.gt864_friso2_scaled_t1c1_slothy_start.split.17_22:[0.0044s]: Found 1 solutions so far... objective (minimize cycles): currently  (Cycles ~ 9.0, IPC ~ 0.56), bound  (Cycles ~ 7.0, IPC ~ 0.71)
INFO:gt864-forward-full-register-schedule.gt864_friso2_scaled_t1c1_slothy_start.split.17_22:OPTIMAL, wall time: 0.010524 s
INFO:gt864-forward-full-register-schedule.gt864_friso2_scaled_t1c1_slothy_start.split.17_22:Booleans in result: 11
INFO:gt864-forward-full-register-schedule.gt864_friso2_scaled_t1c1_slothy_start.split.17_22.selfcheck:OK!
INFO:gt864-forward-full-register-schedule.gt864_friso2_scaled_t1c1_slothy_start.split.17_22:Minimum number of stalls: 7
INFO:gt864-forward-full-register-schedule.gt864_friso2_scaled_t1c1_slothy_start.split.22_26:Perform internal binary search for minimal number of stalls...
INFO:gt864-forward-full-register-schedule.gt864_friso2_scaled_t1c1_slothy_start.split.22_26:Attempt optimization with max 256 stalls...
INFO:gt864-forward-full-register-schedule.gt864_friso2_scaled_t1c1_slothy_start.split.22_26:Setting timeout of 1800 seconds...
INFO:gt864-forward-full-register-schedule.gt864_friso2_scaled_t1c1_slothy_start.split.22_26:Objective: minimize cycles
INFO:gt864-forward-full-register-schedule.gt864_friso2_scaled_t1c1_slothy_start.split.22_26:Invoking external constraint solver (OR-Tools CP-SAT v9.15.6755) ...
INFO:gt864-forward-full-register-schedule.gt864_friso2_scaled_t1c1_slothy_start.split.22_26:[0.0039s]: Found 1 solutions so far... objective (minimize cycles): currently  (Cycles ~ 8.0, IPC ~ 0.50), bound  (Cycles ~ 6.0, IPC ~ 0.67)
INFO:gt864-forward-full-register-schedule.gt864_friso2_scaled_t1c1_slothy_start.split.22_26:OPTIMAL, wall time: 0.015222 s
INFO:gt864-forward-full-register-schedule.gt864_friso2_scaled_t1c1_slothy_start.split.22_26:Booleans in result: 9
INFO:gt864-forward-full-register-schedule.gt864_friso2_scaled_t1c1_slothy_start.split.22_26.selfcheck:OK!
INFO:gt864-forward-full-register-schedule.gt864_friso2_scaled_t1c1_slothy_start.split.22_26:Minimum number of stalls: 7
INFO:gt864-forward-full-register-schedule.gt864_friso2_scaled_t1c1_slothy_start.split.26_30:Perform internal binary search for minimal number of stalls...
INFO:gt864-forward-full-register-schedule.gt864_friso2_scaled_t1c1_slothy_start.split.26_30:Attempt optimization with max 256 stalls...
INFO:gt864-forward-full-register-schedule.gt864_friso2_scaled_t1c1_slothy_start.split.26_30:Setting timeout of 1800 seconds...
INFO:gt864-forward-full-register-schedule.gt864_friso2_scaled_t1c1_slothy_start.split.26_30:Objective: minimize cycles
INFO:gt864-forward-full-register-schedule.gt864_friso2_scaled_t1c1_slothy_start.split.26_30:Invoking external constraint solver (OR-Tools CP-SAT v9.15.6755) ...
INFO:gt864-forward-full-register-schedule.gt864_friso2_scaled_t1c1_slothy_start.split.26_30:[0.0037s]: Found 1 solutions so far... objective (minimize cycles): currently  (Cycles ~ 10.0, IPC ~ 0.40), bound  (Cycles ~ 10.0, IPC ~ 0.40)
INFO:gt864-forward-full-register-schedule.gt864_friso2_scaled_t1c1_slothy_start.split.26_30:Closer than 0 stalls to theoretical optimum... stop
INFO:gt864-forward-full-register-schedule.gt864_friso2_scaled_t1c1_slothy_start.split.26_30:OPTIMAL, wall time: 0.010566 s
INFO:gt864-forward-full-register-schedule.gt864_friso2_scaled_t1c1_slothy_start.split.26_30:Booleans in result: 10
INFO:gt864-forward-full-register-schedule.gt864_friso2_scaled_t1c1_slothy_start.split.26_30.selfcheck:OK!
INFO:gt864-forward-full-register-schedule.gt864_friso2_scaled_t1c1_slothy_start.split.26_30:Minimum number of stalls: 9
INFO:gt864-forward-full-register-schedule.gt864_friso2_scaled_t1c1_slothy_start.split.30_34:Perform internal binary search for minimal number of stalls...
INFO:gt864-forward-full-register-schedule.gt864_friso2_scaled_t1c1_slothy_start.split.30_34:Attempt optimization with max 256 stalls...
INFO:gt864-forward-full-register-schedule.gt864_friso2_scaled_t1c1_slothy_start.split.30_34:Setting timeout of 1800 seconds...
INFO:gt864-forward-full-register-schedule.gt864_friso2_scaled_t1c1_slothy_start.split.30_34:Objective: minimize cycles
INFO:gt864-forward-full-register-schedule.gt864_friso2_scaled_t1c1_slothy_start.split.30_34:Invoking external constraint solver (OR-Tools CP-SAT v9.15.6755) ...
INFO:gt864-forward-full-register-schedule.gt864_friso2_scaled_t1c1_slothy_start.split.30_34:[0.0036s]: Found 1 solutions so far... objective (minimize cycles): currently  (Cycles ~ 7.0, IPC ~ 0.57), bound  (Cycles ~ 5.0, IPC ~ 0.80)
INFO:gt864-forward-full-register-schedule.gt864_friso2_scaled_t1c1_slothy_start.split.30_34:OPTIMAL, wall time: 0.011182 s
INFO:gt864-forward-full-register-schedule.gt864_friso2_scaled_t1c1_slothy_start.split.30_34:Booleans in result: 11
INFO:gt864-forward-full-register-schedule.gt864_friso2_scaled_t1c1_slothy_start.split.30_34.selfcheck:OK!
INFO:gt864-forward-full-register-schedule.gt864_friso2_scaled_t1c1_slothy_start.split.30_34:Minimum number of stalls: 6
INFO:gt864-forward-full-register-schedule.gt864_friso2_scaled_t1c1_slothy_start.split.34_39:Perform internal binary search for minimal number of stalls...
INFO:gt864-forward-full-register-schedule.gt864_friso2_scaled_t1c1_slothy_start.split.34_39:Attempt optimization with max 256 stalls...
INFO:gt864-forward-full-register-schedule.gt864_friso2_scaled_t1c1_slothy_start.split.34_39:Setting timeout of 1800 seconds...
INFO:gt864-forward-full-register-schedule.gt864_friso2_scaled_t1c1_slothy_start.split.34_39:Objective: minimize cycles
INFO:gt864-forward-full-register-schedule.gt864_friso2_scaled_t1c1_slothy_start.split.34_39:Invoking external constraint solver (OR-Tools CP-SAT v9.15.6755) ...
INFO:gt864-forward-full-register-schedule.gt864_friso2_scaled_t1c1_slothy_start.split.34_39:[0.0041s]: Found 1 solutions so far... objective (minimize cycles): currently  (Cycles ~ 7.0, IPC ~ 0.71), bound  (Cycles ~ 6.0, IPC ~ 0.83)
INFO:gt864-forward-full-register-schedule.gt864_friso2_scaled_t1c1_slothy_start.split.34_39:OPTIMAL, wall time: 0.012348 s
INFO:gt864-forward-full-register-schedule.gt864_friso2_scaled_t1c1_slothy_start.split.34_39:Booleans in result: 14
INFO:gt864-forward-full-register-schedule.gt864_friso2_scaled_t1c1_slothy_start.split.34_39.selfcheck:OK!
INFO:gt864-forward-full-register-schedule.gt864_friso2_scaled_t1c1_slothy_start.split.34_39:Minimum number of stalls: 5
INFO:gt864-forward-full-register-schedule.gt864_friso2_scaled_t1c1_slothy_start.split.39_43:Perform internal binary search for minimal number of stalls...
INFO:gt864-forward-full-register-schedule.gt864_friso2_scaled_t1c1_slothy_start.split.39_43:Attempt optimization with max 256 stalls...
INFO:gt864-forward-full-register-schedule.gt864_friso2_scaled_t1c1_slothy_start.split.39_43:Setting timeout of 1800 seconds...
INFO:gt864-forward-full-register-schedule.gt864_friso2_scaled_t1c1_slothy_start.split.39_43:Objective: minimize cycles
INFO:gt864-forward-full-register-schedule.gt864_friso2_scaled_t1c1_slothy_start.split.39_43:Invoking external constraint solver (OR-Tools CP-SAT v9.15.6755) ...
INFO:gt864-forward-full-register-schedule.gt864_friso2_scaled_t1c1_slothy_start.split.39_43:[0.0034s]: Found 1 solutions so far... objective (minimize cycles): currently  (Cycles ~ 5.0, IPC ~ 0.80), bound  (Cycles ~ 5.0, IPC ~ 0.80)
INFO:gt864-forward-full-register-schedule.gt864_friso2_scaled_t1c1_slothy_start.split.39_43:Closer than 0 stalls to theoretical optimum... stop
INFO:gt864-forward-full-register-schedule.gt864_friso2_scaled_t1c1_slothy_start.split.39_43:OPTIMAL, wall time: 0.008895 s
INFO:gt864-forward-full-register-schedule.gt864_friso2_scaled_t1c1_slothy_start.split.39_43:Booleans in result: 12
INFO:gt864-forward-full-register-schedule.gt864_friso2_scaled_t1c1_slothy_start.split.39_43.selfcheck:OK!
INFO:gt864-forward-full-register-schedule.gt864_friso2_scaled_t1c1_slothy_start.split.39_43:Minimum number of stalls: 4
INFO:gt864-forward-full-register-schedule.gt864_friso2_scaled_t1c1_slothy_start.split.43_47:Perform internal binary search for minimal number of stalls...
INFO:gt864-forward-full-register-schedule.gt864_friso2_scaled_t1c1_slothy_start.split.43_47:Attempt optimization with max 256 stalls...
INFO:gt864-forward-full-register-schedule.gt864_friso2_scaled_t1c1_slothy_start.split.43_47:Setting timeout of 1800 seconds...
INFO:gt864-forward-full-register-schedule.gt864_friso2_scaled_t1c1_slothy_start.split.43_47:Objective: minimize cycles
INFO:gt864-forward-full-register-schedule.gt864_friso2_scaled_t1c1_slothy_start.split.43_47:Invoking external constraint solver (OR-Tools CP-SAT v9.15.6755) ...
INFO:gt864-forward-full-register-schedule.gt864_friso2_scaled_t1c1_slothy_start.split.43_47:[0.0040s]: Found 1 solutions so far... objective (minimize cycles): currently  (Cycles ~ 8.0, IPC ~ 0.50), bound  (Cycles ~ 8.0, IPC ~ 0.50)
INFO:gt864-forward-full-register-schedule.gt864_friso2_scaled_t1c1_slothy_start.split.43_47:Closer than 0 stalls to theoretical optimum... stop
INFO:gt864-forward-full-register-schedule.gt864_friso2_scaled_t1c1_slothy_start.split.43_47:OPTIMAL, wall time: 0.011203 s
INFO:gt864-forward-full-register-schedule.gt864_friso2_scaled_t1c1_slothy_start.split.43_47:Booleans in result: 10
INFO:gt864-forward-full-register-schedule.gt864_friso2_scaled_t1c1_slothy_start.split.43_47.selfcheck:OK!
INFO:gt864-forward-full-register-schedule.gt864_friso2_scaled_t1c1_slothy_start.split.43_47:Minimum number of stalls: 7
INFO:gt864-forward-full-register-schedule.gt864_friso2_scaled_t1c1_slothy_start.split.47_52:Perform internal binary search for minimal number of stalls...
INFO:gt864-forward-full-register-schedule.gt864_friso2_scaled_t1c1_slothy_start.split.47_52:Attempt optimization with max 256 stalls...
INFO:gt864-forward-full-register-schedule.gt864_friso2_scaled_t1c1_slothy_start.split.47_52:Setting timeout of 1800 seconds...
INFO:gt864-forward-full-register-schedule.gt864_friso2_scaled_t1c1_slothy_start.split.47_52:Objective: minimize cycles
INFO:gt864-forward-full-register-schedule.gt864_friso2_scaled_t1c1_slothy_start.split.47_52:Invoking external constraint solver (OR-Tools CP-SAT v9.15.6755) ...
INFO:gt864-forward-full-register-schedule.gt864_friso2_scaled_t1c1_slothy_start.split.47_52:[0.0041s]: Found 1 solutions so far... objective (minimize cycles): currently  (Cycles ~ 10.0, IPC ~ 0.50), bound  (Cycles ~ 8.0, IPC ~ 0.62)
INFO:gt864-forward-full-register-schedule.gt864_friso2_scaled_t1c1_slothy_start.split.47_52:OPTIMAL, wall time: 0.012700 s
INFO:gt864-forward-full-register-schedule.gt864_friso2_scaled_t1c1_slothy_start.split.47_52:Booleans in result: 8
INFO:gt864-forward-full-register-schedule.gt864_friso2_scaled_t1c1_slothy_start.split.47_52.selfcheck:OK!
INFO:gt864-forward-full-register-schedule.gt864_friso2_scaled_t1c1_slothy_start.split.47_52:Minimum number of stalls: 8
INFO:gt864-forward-full-register-schedule.gt864_friso2_scaled_t1c1_slothy_start.split.52_56:Perform internal binary search for minimal number of stalls...
INFO:gt864-forward-full-register-schedule.gt864_friso2_scaled_t1c1_slothy_start.split.52_56:Attempt optimization with max 256 stalls...
INFO:gt864-forward-full-register-schedule.gt864_friso2_scaled_t1c1_slothy_start.split.52_56:Setting timeout of 1800 seconds...
INFO:gt864-forward-full-register-schedule.gt864_friso2_scaled_t1c1_slothy_start.split.52_56:Objective: minimize cycles
INFO:gt864-forward-full-register-schedule.gt864_friso2_scaled_t1c1_slothy_start.split.52_56:Invoking external constraint solver (OR-Tools CP-SAT v9.15.6755) ...
INFO:gt864-forward-full-register-schedule.gt864_friso2_scaled_t1c1_slothy_start.split.52_56:[0.0040s]: Found 1 solutions so far... objective (minimize cycles): currently  (Cycles ~ 11.0, IPC ~ 0.36), bound  (Cycles ~ 11.0, IPC ~ 0.36)
INFO:gt864-forward-full-register-schedule.gt864_friso2_scaled_t1c1_slothy_start.split.52_56:Closer than 0 stalls to theoretical optimum... stop
INFO:gt864-forward-full-register-schedule.gt864_friso2_scaled_t1c1_slothy_start.split.52_56:OPTIMAL, wall time: 0.010296 s
INFO:gt864-forward-full-register-schedule.gt864_friso2_scaled_t1c1_slothy_start.split.52_56:Booleans in result: 11
INFO:gt864-forward-full-register-schedule.gt864_friso2_scaled_t1c1_slothy_start.split.52_56.selfcheck:OK!
INFO:gt864-forward-full-register-schedule.gt864_friso2_scaled_t1c1_slothy_start.split.52_56:Minimum number of stalls: 10
INFO:gt864-forward-full-register-schedule.gt864_friso2_scaled_t1c1_slothy_start.split.56_60:Perform internal binary search for minimal number of stalls...
INFO:gt864-forward-full-register-schedule.gt864_friso2_scaled_t1c1_slothy_start.split.56_60:Attempt optimization with max 256 stalls...
INFO:gt864-forward-full-register-schedule.gt864_friso2_scaled_t1c1_slothy_start.split.56_60:Setting timeout of 1800 seconds...
INFO:gt864-forward-full-register-schedule.gt864_friso2_scaled_t1c1_slothy_start.split.56_60:Objective: minimize cycles
INFO:gt864-forward-full-register-schedule.gt864_friso2_scaled_t1c1_slothy_start.split.56_60:Invoking external constraint solver (OR-Tools CP-SAT v9.15.6755) ...
INFO:gt864-forward-full-register-schedule.gt864_friso2_scaled_t1c1_slothy_start.split.56_60:[0.0042s]: Found 1 solutions so far... objective (minimize cycles): currently  (Cycles ~ 6.0, IPC ~ 0.67), bound  (Cycles ~ 5.0, IPC ~ 0.80)
INFO:gt864-forward-full-register-schedule.gt864_friso2_scaled_t1c1_slothy_start.split.56_60:[0.0047s]: Found 2 solutions so far... objective (minimize cycles): currently  (Cycles ~ 5.0, IPC ~ 0.80), bound  (Cycles ~ 5.0, IPC ~ 0.80)
INFO:gt864-forward-full-register-schedule.gt864_friso2_scaled_t1c1_slothy_start.split.56_60:Closer than 0 stalls to theoretical optimum... stop
INFO:gt864-forward-full-register-schedule.gt864_friso2_scaled_t1c1_slothy_start.split.56_60:OPTIMAL, wall time: 0.008440 s
INFO:gt864-forward-full-register-schedule.gt864_friso2_scaled_t1c1_slothy_start.split.56_60:Booleans in result: 13
INFO:gt864-forward-full-register-schedule.gt864_friso2_scaled_t1c1_slothy_start.split.56_60.selfcheck:OK!
INFO:gt864-forward-full-register-schedule.gt864_friso2_scaled_t1c1_slothy_start.split.56_60:Minimum number of stalls: 4
INFO:gt864-forward-full-register-schedule.gt864_friso2_scaled_t1c1_slothy_start.split.60_65:Perform internal binary search for minimal number of stalls...
INFO:gt864-forward-full-register-schedule.gt864_friso2_scaled_t1c1_slothy_start.split.60_65:Attempt optimization with max 256 stalls...
INFO:gt864-forward-full-register-schedule.gt864_friso2_scaled_t1c1_slothy_start.split.60_65:Setting timeout of 1800 seconds...
INFO:gt864-forward-full-register-schedule.gt864_friso2_scaled_t1c1_slothy_start.split.60_65:Objective: minimize cycles
INFO:gt864-forward-full-register-schedule.gt864_friso2_scaled_t1c1_slothy_start.split.60_65:Invoking external constraint solver (OR-Tools CP-SAT v9.15.6755) ...
INFO:gt864-forward-full-register-schedule.gt864_friso2_scaled_t1c1_slothy_start.split.60_65:[0.0043s]: Found 1 solutions so far... objective (minimize cycles): currently  (Cycles ~ 12.0, IPC ~ 0.42), bound  (Cycles ~ 8.0, IPC ~ 0.62)
INFO:gt864-forward-full-register-schedule.gt864_friso2_scaled_t1c1_slothy_start.split.60_65:[0.0050s]: Found 2 solutions so far... objective (minimize cycles): currently  (Cycles ~ 10.0, IPC ~ 0.50), bound  (Cycles ~ 8.0, IPC ~ 0.62)
INFO:gt864-forward-full-register-schedule.gt864_friso2_scaled_t1c1_slothy_start.split.60_65:OPTIMAL, wall time: 0.012391 s
INFO:gt864-forward-full-register-schedule.gt864_friso2_scaled_t1c1_slothy_start.split.60_65:Booleans in result: 20
INFO:gt864-forward-full-register-schedule.gt864_friso2_scaled_t1c1_slothy_start.split.60_65.selfcheck:OK!
INFO:gt864-forward-full-register-schedule.gt864_friso2_scaled_t1c1_slothy_start.split.60_65:Minimum number of stalls: 8
INFO:gt864-forward-full-register-schedule.gt864_friso2_scaled_t1c1_slothy_start.split.65_69:Perform internal binary search for minimal number of stalls...
INFO:gt864-forward-full-register-schedule.gt864_friso2_scaled_t1c1_slothy_start.split.65_69:Attempt optimization with max 256 stalls...
INFO:gt864-forward-full-register-schedule.gt864_friso2_scaled_t1c1_slothy_start.split.65_69:Setting timeout of 1800 seconds...
INFO:gt864-forward-full-register-schedule.gt864_friso2_scaled_t1c1_slothy_start.split.65_69:Objective: minimize cycles
INFO:gt864-forward-full-register-schedule.gt864_friso2_scaled_t1c1_slothy_start.split.65_69:Invoking external constraint solver (OR-Tools CP-SAT v9.15.6755) ...
INFO:gt864-forward-full-register-schedule.gt864_friso2_scaled_t1c1_slothy_start.split.65_69:[0.0038s]: Found 1 solutions so far... objective (minimize cycles): currently  (Cycles ~ 5.0, IPC ~ 0.80), bound  (Cycles ~ 3.0, IPC ~ 1.33)
INFO:gt864-forward-full-register-schedule.gt864_friso2_scaled_t1c1_slothy_start.split.65_69:[0.0046s]: Found 2 solutions so far... objective (minimize cycles): currently  (Cycles ~ 4.0, IPC ~ 1.00), bound  (Cycles ~ 3.0, IPC ~ 1.33)
INFO:gt864-forward-full-register-schedule.gt864_friso2_scaled_t1c1_slothy_start.split.65_69:[0.0049s]: Found 3 solutions so far... objective (minimize cycles): currently  (Cycles ~ 3.0, IPC ~ 1.33), bound  (Cycles ~ 3.0, IPC ~ 1.33)
INFO:gt864-forward-full-register-schedule.gt864_friso2_scaled_t1c1_slothy_start.split.65_69:Closer than 0 stalls to theoretical optimum... stop
INFO:gt864-forward-full-register-schedule.gt864_friso2_scaled_t1c1_slothy_start.split.65_69:OPTIMAL, wall time: 0.009713 s
INFO:gt864-forward-full-register-schedule.gt864_friso2_scaled_t1c1_slothy_start.split.65_69:Booleans in result: 13
INFO:gt864-forward-full-register-schedule.gt864_friso2_scaled_t1c1_slothy_start.split.65_69.selfcheck:OK!
INFO:gt864-forward-full-register-schedule.gt864_friso2_scaled_t1c1_slothy_start.split.65_69:Minimum number of stalls: 2
INFO:gt864-forward-full-register-schedule.gt864_friso2_scaled_t1c1_slothy_start.split.69_73:Perform internal binary search for minimal number of stalls...
INFO:gt864-forward-full-register-schedule.gt864_friso2_scaled_t1c1_slothy_start.split.69_73:Attempt optimization with max 256 stalls...
INFO:gt864-forward-full-register-schedule.gt864_friso2_scaled_t1c1_slothy_start.split.69_73:Setting timeout of 1800 seconds...
INFO:gt864-forward-full-register-schedule.gt864_friso2_scaled_t1c1_slothy_start.split.69_73:Objective: minimize cycles
INFO:gt864-forward-full-register-schedule.gt864_friso2_scaled_t1c1_slothy_start.split.69_73:Invoking external constraint solver (OR-Tools CP-SAT v9.15.6755) ...
INFO:gt864-forward-full-register-schedule.gt864_friso2_scaled_t1c1_slothy_start.split.69_73:[0.0039s]: Found 1 solutions so far... objective (minimize cycles): currently  (Cycles ~ 6.0, IPC ~ 0.67), bound  (Cycles ~ 3.0, IPC ~ 1.33)
INFO:gt864-forward-full-register-schedule.gt864_friso2_scaled_t1c1_slothy_start.split.69_73:[0.0044s]: Found 2 solutions so far... objective (minimize cycles): currently  (Cycles ~ 5.0, IPC ~ 0.80), bound  (Cycles ~ 3.0, IPC ~ 1.33)
INFO:gt864-forward-full-register-schedule.gt864_friso2_scaled_t1c1_slothy_start.split.69_73:OPTIMAL, wall time: 0.013137 s
INFO:gt864-forward-full-register-schedule.gt864_friso2_scaled_t1c1_slothy_start.split.69_73:Booleans in result: 10
INFO:gt864-forward-full-register-schedule.gt864_friso2_scaled_t1c1_slothy_start.split.69_73.selfcheck:OK!
INFO:gt864-forward-full-register-schedule.gt864_friso2_scaled_t1c1_slothy_start.split.69_73:Minimum number of stalls: 4
INFO:gt864-forward-full-register-schedule.gt864_friso2_scaled_t1c1_slothy_start.split.73_78:Perform internal binary search for minimal number of stalls...
INFO:gt864-forward-full-register-schedule.gt864_friso2_scaled_t1c1_slothy_start.split.73_78:Attempt optimization with max 256 stalls...
INFO:gt864-forward-full-register-schedule.gt864_friso2_scaled_t1c1_slothy_start.split.73_78:Setting timeout of 1800 seconds...
INFO:gt864-forward-full-register-schedule.gt864_friso2_scaled_t1c1_slothy_start.split.73_78:Objective: minimize cycles
INFO:gt864-forward-full-register-schedule.gt864_friso2_scaled_t1c1_slothy_start.split.73_78:Invoking external constraint solver (OR-Tools CP-SAT v9.15.6755) ...
INFO:gt864-forward-full-register-schedule.gt864_friso2_scaled_t1c1_slothy_start.split.73_78:[0.0045s]: Found 1 solutions so far... objective (minimize cycles): currently  (Cycles ~ 10.0, IPC ~ 0.50), bound  (Cycles ~ 8.0, IPC ~ 0.62)
INFO:gt864-forward-full-register-schedule.gt864_friso2_scaled_t1c1_slothy_start.split.73_78:[0.0053s]: Found 2 solutions so far... objective (minimize cycles): currently  (Cycles ~ 9.0, IPC ~ 0.56), bound  (Cycles ~ 8.0, IPC ~ 0.62)
INFO:gt864-forward-full-register-schedule.gt864_friso2_scaled_t1c1_slothy_start.split.73_78:[0.0055s]: Found 3 solutions so far... objective (minimize cycles): currently  (Cycles ~ 8.0, IPC ~ 0.62), bound  (Cycles ~ 8.0, IPC ~ 0.62)
INFO:gt864-forward-full-register-schedule.gt864_friso2_scaled_t1c1_slothy_start.split.73_78:Closer than 0 stalls to theoretical optimum... stop
INFO:gt864-forward-full-register-schedule.gt864_friso2_scaled_t1c1_slothy_start.split.73_78:OPTIMAL, wall time: 0.020974 s
INFO:gt864-forward-full-register-schedule.gt864_friso2_scaled_t1c1_slothy_start.split.73_78:Booleans in result: 19
INFO:gt864-forward-full-register-schedule.gt864_friso2_scaled_t1c1_slothy_start.split.73_78.selfcheck:OK!
INFO:gt864-forward-full-register-schedule.gt864_friso2_scaled_t1c1_slothy_start.split.73_78:Minimum number of stalls: 6
INFO:gt864-forward-full-register-schedule.gt864_friso2_scaled_t1c1_slothy_start.split.78_82:Perform internal binary search for minimal number of stalls...
INFO:gt864-forward-full-register-schedule.gt864_friso2_scaled_t1c1_slothy_start.split.78_82:Attempt optimization with max 256 stalls...
INFO:gt864-forward-full-register-schedule.gt864_friso2_scaled_t1c1_slothy_start.split.78_82:Setting timeout of 1800 seconds...
INFO:gt864-forward-full-register-schedule.gt864_friso2_scaled_t1c1_slothy_start.split.78_82:Objective: minimize cycles
INFO:gt864-forward-full-register-schedule.gt864_friso2_scaled_t1c1_slothy_start.split.78_82:Invoking external constraint solver (OR-Tools CP-SAT v9.15.6755) ...
INFO:gt864-forward-full-register-schedule.gt864_friso2_scaled_t1c1_slothy_start.split.78_82:[0.0036s]: Found 1 solutions so far... objective (minimize cycles): currently  (Cycles ~ 10.0, IPC ~ 0.40), bound  (Cycles ~ 6.0, IPC ~ 0.67)
INFO:gt864-forward-full-register-schedule.gt864_friso2_scaled_t1c1_slothy_start.split.78_82:OPTIMAL, wall time: 0.013840 s
INFO:gt864-forward-full-register-schedule.gt864_friso2_scaled_t1c1_slothy_start.split.78_82:Booleans in result: 8
INFO:gt864-forward-full-register-schedule.gt864_friso2_scaled_t1c1_slothy_start.split.78_82.selfcheck:OK!
INFO:gt864-forward-full-register-schedule.gt864_friso2_scaled_t1c1_slothy_start.split.78_82:Minimum number of stalls: 9
INFO:gt864-forward-full-register-schedule.gt864_friso2_scaled_t1c1_slothy_start.split.82_86:Perform internal binary search for minimal number of stalls...
INFO:gt864-forward-full-register-schedule.gt864_friso2_scaled_t1c1_slothy_start.split.82_86:Attempt optimization with max 256 stalls...
INFO:gt864-forward-full-register-schedule.gt864_friso2_scaled_t1c1_slothy_start.split.82_86:Setting timeout of 1800 seconds...
INFO:gt864-forward-full-register-schedule.gt864_friso2_scaled_t1c1_slothy_start.split.82_86:Objective: minimize cycles
INFO:gt864-forward-full-register-schedule.gt864_friso2_scaled_t1c1_slothy_start.split.82_86:Invoking external constraint solver (OR-Tools CP-SAT v9.15.6755) ...
INFO:gt864-forward-full-register-schedule.gt864_friso2_scaled_t1c1_slothy_start.split.82_86:[0.0045s]: Found 1 solutions so far... objective (minimize cycles): currently  (Cycles ~ 8.0, IPC ~ 0.50), bound  (Cycles ~ 8.0, IPC ~ 0.50)
INFO:gt864-forward-full-register-schedule.gt864_friso2_scaled_t1c1_slothy_start.split.82_86:Closer than 0 stalls to theoretical optimum... stop
INFO:gt864-forward-full-register-schedule.gt864_friso2_scaled_t1c1_slothy_start.split.82_86:OPTIMAL, wall time: 0.013467 s
INFO:gt864-forward-full-register-schedule.gt864_friso2_scaled_t1c1_slothy_start.split.82_86:Booleans in result: 10
INFO:gt864-forward-full-register-schedule.gt864_friso2_scaled_t1c1_slothy_start.split.82_86.selfcheck:OK!
INFO:gt864-forward-full-register-schedule.gt864_friso2_scaled_t1c1_slothy_start.split.82_86:Minimum number of stalls: 7
INFO:gt864-forward-full-register-schedule.gt864_friso2_scaled_t1c1_slothy_start.split.86_91:Perform internal binary search for minimal number of stalls...
INFO:gt864-forward-full-register-schedule.gt864_friso2_scaled_t1c1_slothy_start.split.86_91:Attempt optimization with max 256 stalls...
INFO:gt864-forward-full-register-schedule.gt864_friso2_scaled_t1c1_slothy_start.split.86_91:Setting timeout of 1800 seconds...
INFO:gt864-forward-full-register-schedule.gt864_friso2_scaled_t1c1_slothy_start.split.86_91:Objective: minimize cycles
INFO:gt864-forward-full-register-schedule.gt864_friso2_scaled_t1c1_slothy_start.split.86_91:Invoking external constraint solver (OR-Tools CP-SAT v9.15.6755) ...
INFO:gt864-forward-full-register-schedule.gt864_friso2_scaled_t1c1_slothy_start.split.86_91:[0.0040s]: Found 1 solutions so far... objective (minimize cycles): currently  (Cycles ~ 10.0, IPC ~ 0.50), bound  (Cycles ~ 8.0, IPC ~ 0.62)
INFO:gt864-forward-full-register-schedule.gt864_friso2_scaled_t1c1_slothy_start.split.86_91:OPTIMAL, wall time: 0.015892 s
INFO:gt864-forward-full-register-schedule.gt864_friso2_scaled_t1c1_slothy_start.split.86_91:Booleans in result: 8
INFO:gt864-forward-full-register-schedule.gt864_friso2_scaled_t1c1_slothy_start.split.86_91.selfcheck:OK!
INFO:gt864-forward-full-register-schedule.gt864_friso2_scaled_t1c1_slothy_start.split.86_91:Minimum number of stalls: 8
INFO:gt864-forward-full-register-schedule.gt864_friso2_scaled_t1c1_slothy_start.split.91_95:Perform internal binary search for minimal number of stalls...
INFO:gt864-forward-full-register-schedule.gt864_friso2_scaled_t1c1_slothy_start.split.91_95:Attempt optimization with max 256 stalls...
INFO:gt864-forward-full-register-schedule.gt864_friso2_scaled_t1c1_slothy_start.split.91_95:Setting timeout of 1800 seconds...
INFO:gt864-forward-full-register-schedule.gt864_friso2_scaled_t1c1_slothy_start.split.91_95:Objective: minimize cycles
INFO:gt864-forward-full-register-schedule.gt864_friso2_scaled_t1c1_slothy_start.split.91_95:Invoking external constraint solver (OR-Tools CP-SAT v9.15.6755) ...
INFO:gt864-forward-full-register-schedule.gt864_friso2_scaled_t1c1_slothy_start.split.91_95:[0.0042s]: Found 1 solutions so far... objective (minimize cycles): currently  (Cycles ~ 11.0, IPC ~ 0.36), bound  (Cycles ~ 11.0, IPC ~ 0.36)
INFO:gt864-forward-full-register-schedule.gt864_friso2_scaled_t1c1_slothy_start.split.91_95:Closer than 0 stalls to theoretical optimum... stop
INFO:gt864-forward-full-register-schedule.gt864_friso2_scaled_t1c1_slothy_start.split.91_95:OPTIMAL, wall time: 0.012536 s
INFO:gt864-forward-full-register-schedule.gt864_friso2_scaled_t1c1_slothy_start.split.91_95:Booleans in result: 10
INFO:gt864-forward-full-register-schedule.gt864_friso2_scaled_t1c1_slothy_start.split.91_95.selfcheck:OK!
INFO:gt864-forward-full-register-schedule.gt864_friso2_scaled_t1c1_slothy_start.split.91_95:Minimum number of stalls: 10
INFO:gt864-forward-full-register-schedule.gt864_friso2_scaled_t1c1_slothy_start.split.95_99:Perform internal binary search for minimal number of stalls...
INFO:gt864-forward-full-register-schedule.gt864_friso2_scaled_t1c1_slothy_start.split.95_99:Attempt optimization with max 256 stalls...
INFO:gt864-forward-full-register-schedule.gt864_friso2_scaled_t1c1_slothy_start.split.95_99:Setting timeout of 1800 seconds...
INFO:gt864-forward-full-register-schedule.gt864_friso2_scaled_t1c1_slothy_start.split.95_99:Objective: minimize cycles
INFO:gt864-forward-full-register-schedule.gt864_friso2_scaled_t1c1_slothy_start.split.95_99:Invoking external constraint solver (OR-Tools CP-SAT v9.15.6755) ...
INFO:gt864-forward-full-register-schedule.gt864_friso2_scaled_t1c1_slothy_start.split.95_99:[0.0039s]: Found 1 solutions so far... objective (minimize cycles): currently  (Cycles ~ 8.0, IPC ~ 0.50), bound  (Cycles ~ 6.0, IPC ~ 0.67)
INFO:gt864-forward-full-register-schedule.gt864_friso2_scaled_t1c1_slothy_start.split.95_99:OPTIMAL, wall time: 0.019561 s
INFO:gt864-forward-full-register-schedule.gt864_friso2_scaled_t1c1_slothy_start.split.95_99:Booleans in result: 7
INFO:gt864-forward-full-register-schedule.gt864_friso2_scaled_t1c1_slothy_start.split.95_99.selfcheck:OK!
INFO:gt864-forward-full-register-schedule.gt864_friso2_scaled_t1c1_slothy_start.split.95_99:Minimum number of stalls: 7
INFO:gt864-forward-full-register-schedule.gt864_friso2_scaled_t1c1_slothy_start.split.99_104:Perform internal binary search for minimal number of stalls...
INFO:gt864-forward-full-register-schedule.gt864_friso2_scaled_t1c1_slothy_start.split.99_104:Attempt optimization with max 256 stalls...
INFO:gt864-forward-full-register-schedule.gt864_friso2_scaled_t1c1_slothy_start.split.99_104:Setting timeout of 1800 seconds...
INFO:gt864-forward-full-register-schedule.gt864_friso2_scaled_t1c1_slothy_start.split.99_104:Objective: minimize cycles
INFO:gt864-forward-full-register-schedule.gt864_friso2_scaled_t1c1_slothy_start.split.99_104:Invoking external constraint solver (OR-Tools CP-SAT v9.15.6755) ...
INFO:gt864-forward-full-register-schedule.gt864_friso2_scaled_t1c1_slothy_start.split.99_104:[0.0046s]: Found 1 solutions so far... objective (minimize cycles): currently  (Cycles ~ 12.0, IPC ~ 0.42), bound  (Cycles ~ 8.0, IPC ~ 0.62)
INFO:gt864-forward-full-register-schedule.gt864_friso2_scaled_t1c1_slothy_start.split.99_104:[0.0053s]: Found 2 solutions so far... objective (minimize cycles): currently  (Cycles ~ 10.0, IPC ~ 0.50), bound  (Cycles ~ 8.0, IPC ~ 0.62)
INFO:gt864-forward-full-register-schedule.gt864_friso2_scaled_t1c1_slothy_start.split.99_104:OPTIMAL, wall time: 0.014961 s
INFO:gt864-forward-full-register-schedule.gt864_friso2_scaled_t1c1_slothy_start.split.99_104:Booleans in result: 20
INFO:gt864-forward-full-register-schedule.gt864_friso2_scaled_t1c1_slothy_start.split.99_104.selfcheck:OK!
INFO:gt864-forward-full-register-schedule.gt864_friso2_scaled_t1c1_slothy_start.split.99_104:Minimum number of stalls: 8
INFO:gt864-forward-full-register-schedule.gt864_friso2_scaled_t1c1_slothy_start.split.104_108:Perform internal binary search for minimal number of stalls...
INFO:gt864-forward-full-register-schedule.gt864_friso2_scaled_t1c1_slothy_start.split.104_108:Attempt optimization with max 256 stalls...
INFO:gt864-forward-full-register-schedule.gt864_friso2_scaled_t1c1_slothy_start.split.104_108:Setting timeout of 1800 seconds...
INFO:gt864-forward-full-register-schedule.gt864_friso2_scaled_t1c1_slothy_start.split.104_108:Objective: minimize cycles
INFO:gt864-forward-full-register-schedule.gt864_friso2_scaled_t1c1_slothy_start.split.104_108:Invoking external constraint solver (OR-Tools CP-SAT v9.15.6755) ...
INFO:gt864-forward-full-register-schedule.gt864_friso2_scaled_t1c1_slothy_start.split.104_108:[0.0041s]: Found 1 solutions so far... objective (minimize cycles): currently  (Cycles ~ 12.0, IPC ~ 0.33), bound  (Cycles ~ 8.0, IPC ~ 0.50)
INFO:gt864-forward-full-register-schedule.gt864_friso2_scaled_t1c1_slothy_start.split.104_108:[0.0047s]: Found 2 solutions so far... objective (minimize cycles): currently  (Cycles ~ 10.0, IPC ~ 0.40), bound  (Cycles ~ 8.0, IPC ~ 0.50)
INFO:gt864-forward-full-register-schedule.gt864_friso2_scaled_t1c1_slothy_start.split.104_108:OPTIMAL, wall time: 0.006997 s
INFO:gt864-forward-full-register-schedule.gt864_friso2_scaled_t1c1_slothy_start.split.104_108:Booleans in result: 15
INFO:gt864-forward-full-register-schedule.gt864_friso2_scaled_t1c1_slothy_start.split.104_108.selfcheck:OK!
INFO:gt864-forward-full-register-schedule.gt864_friso2_scaled_t1c1_slothy_start.split.104_108:Minimum number of stalls: 9
INFO:gt864-forward-full-register-schedule.gt864_friso2_scaled_t1c1_slothy_start.split.108_112:Perform internal binary search for minimal number of stalls...
INFO:gt864-forward-full-register-schedule.gt864_friso2_scaled_t1c1_slothy_start.split.108_112:Attempt optimization with max 256 stalls...
INFO:gt864-forward-full-register-schedule.gt864_friso2_scaled_t1c1_slothy_start.split.108_112:Setting timeout of 1800 seconds...
INFO:gt864-forward-full-register-schedule.gt864_friso2_scaled_t1c1_slothy_start.split.108_112:Objective: minimize cycles
INFO:gt864-forward-full-register-schedule.gt864_friso2_scaled_t1c1_slothy_start.split.108_112:Invoking external constraint solver (OR-Tools CP-SAT v9.15.6755) ...
INFO:gt864-forward-full-register-schedule.gt864_friso2_scaled_t1c1_slothy_start.split.108_112:[0.0040s]: Found 1 solutions so far... objective (minimize cycles): currently  (Cycles ~ 12.0, IPC ~ 0.33), bound  (Cycles ~ 8.0, IPC ~ 0.50)
INFO:gt864-forward-full-register-schedule.gt864_friso2_scaled_t1c1_slothy_start.split.108_112:[0.0046s]: Found 2 solutions so far... objective (minimize cycles): currently  (Cycles ~ 10.0, IPC ~ 0.40), bound  (Cycles ~ 8.0, IPC ~ 0.50)
INFO:gt864-forward-full-register-schedule.gt864_friso2_scaled_t1c1_slothy_start.split.108_112:OPTIMAL, wall time: 0.010967 s
INFO:gt864-forward-full-register-schedule.gt864_friso2_scaled_t1c1_slothy_start.split.108_112:Booleans in result: 21
INFO:gt864-forward-full-register-schedule.gt864_friso2_scaled_t1c1_slothy_start.split.108_112.selfcheck:OK!
INFO:gt864-forward-full-register-schedule.gt864_friso2_scaled_t1c1_slothy_start.split.108_112:Minimum number of stalls: 9
INFO:gt864-forward-full-register-schedule.gt864_friso2_scaled_t1c1_slothy_start.split.112_116:Perform internal binary search for minimal number of stalls...
INFO:gt864-forward-full-register-schedule.gt864_friso2_scaled_t1c1_slothy_start.split.112_116:Attempt optimization with max 256 stalls...
INFO:gt864-forward-full-register-schedule.gt864_friso2_scaled_t1c1_slothy_start.split.112_116:Setting timeout of 1800 seconds...
INFO:gt864-forward-full-register-schedule.gt864_friso2_scaled_t1c1_slothy_start.split.112_116:Objective: minimize cycles
INFO:gt864-forward-full-register-schedule.gt864_friso2_scaled_t1c1_slothy_start.split.112_116:Invoking external constraint solver (OR-Tools CP-SAT v9.15.6755) ...
INFO:gt864-forward-full-register-schedule.gt864_friso2_scaled_t1c1_slothy_start.split.112_116:[0.0038s]: Found 1 solutions so far... objective (minimize cycles): currently  (Cycles ~ 7.0, IPC ~ 0.57), bound  (Cycles ~ 5.0, IPC ~ 0.80)
INFO:gt864-forward-full-register-schedule.gt864_friso2_scaled_t1c1_slothy_start.split.112_116:OPTIMAL, wall time: 0.013309 s
INFO:gt864-forward-full-register-schedule.gt864_friso2_scaled_t1c1_slothy_start.split.112_116:Booleans in result: 7
INFO:gt864-forward-full-register-schedule.gt864_friso2_scaled_t1c1_slothy_start.split.112_116.selfcheck:OK!
INFO:gt864-forward-full-register-schedule.gt864_friso2_scaled_t1c1_slothy_start.split.112_116:Minimum number of stalls: 6
INFO:gt864-forward-full-register-schedule.gt864_friso2_scaled_t1c1_slothy_start.split.116_121:Perform internal binary search for minimal number of stalls...
INFO:gt864-forward-full-register-schedule.gt864_friso2_scaled_t1c1_slothy_start.split.116_121:Attempt optimization with max 256 stalls...
INFO:gt864-forward-full-register-schedule.gt864_friso2_scaled_t1c1_slothy_start.split.116_121:Setting timeout of 1800 seconds...
INFO:gt864-forward-full-register-schedule.gt864_friso2_scaled_t1c1_slothy_start.split.116_121:Objective: minimize cycles
INFO:gt864-forward-full-register-schedule.gt864_friso2_scaled_t1c1_slothy_start.split.116_121:Invoking external constraint solver (OR-Tools CP-SAT v9.15.6755) ...
INFO:gt864-forward-full-register-schedule.gt864_friso2_scaled_t1c1_slothy_start.split.116_121:[0.0048s]: Found 1 solutions so far... objective (minimize cycles): currently  (Cycles ~ 7.0, IPC ~ 0.71), bound  (Cycles ~ 5.0, IPC ~ 1.00)
INFO:gt864-forward-full-register-schedule.gt864_friso2_scaled_t1c1_slothy_start.split.116_121:[0.0056s]: Found 2 solutions so far... objective (minimize cycles): currently  (Cycles ~ 6.0, IPC ~ 0.83), bound  (Cycles ~ 5.0, IPC ~ 1.00)
INFO:gt864-forward-full-register-schedule.gt864_friso2_scaled_t1c1_slothy_start.split.116_121:[0.0059s]: Found 3 solutions so far... objective (minimize cycles): currently  (Cycles ~ 5.0, IPC ~ 1.00), bound  (Cycles ~ 5.0, IPC ~ 1.00)
INFO:gt864-forward-full-register-schedule.gt864_friso2_scaled_t1c1_slothy_start.split.116_121:Closer than 0 stalls to theoretical optimum... stop
INFO:gt864-forward-full-register-schedule.gt864_friso2_scaled_t1c1_slothy_start.split.116_121:OPTIMAL, wall time: 0.021246 s
INFO:gt864-forward-full-register-schedule.gt864_friso2_scaled_t1c1_slothy_start.split.116_121:Booleans in result: 17
INFO:gt864-forward-full-register-schedule.gt864_friso2_scaled_t1c1_slothy_start.split.116_121.selfcheck:OK!
INFO:gt864-forward-full-register-schedule.gt864_friso2_scaled_t1c1_slothy_start.split.116_121:Minimum number of stalls: 3
INFO:gt864-forward-full-register-schedule.gt864_friso2_scaled_t1c1_slothy_start.split.121_125:Perform internal binary search for minimal number of stalls...
INFO:gt864-forward-full-register-schedule.gt864_friso2_scaled_t1c1_slothy_start.split.121_125:Attempt optimization with max 256 stalls...
INFO:gt864-forward-full-register-schedule.gt864_friso2_scaled_t1c1_slothy_start.split.121_125:Setting timeout of 1800 seconds...
INFO:gt864-forward-full-register-schedule.gt864_friso2_scaled_t1c1_slothy_start.split.121_125:Objective: minimize cycles
INFO:gt864-forward-full-register-schedule.gt864_friso2_scaled_t1c1_slothy_start.split.121_125:Invoking external constraint solver (OR-Tools CP-SAT v9.15.6755) ...
INFO:gt864-forward-full-register-schedule.gt864_friso2_scaled_t1c1_slothy_start.split.121_125:[0.0038s]: Found 1 solutions so far... objective (minimize cycles): currently  (Cycles ~ 8.0, IPC ~ 0.50), bound  (Cycles ~ 6.0, IPC ~ 0.67)
INFO:gt864-forward-full-register-schedule.gt864_friso2_scaled_t1c1_slothy_start.split.121_125:OPTIMAL, wall time: 0.011533 s
INFO:gt864-forward-full-register-schedule.gt864_friso2_scaled_t1c1_slothy_start.split.121_125:Booleans in result: 7
INFO:gt864-forward-full-register-schedule.gt864_friso2_scaled_t1c1_slothy_start.split.121_125.selfcheck:OK!
INFO:gt864-forward-full-register-schedule.gt864_friso2_scaled_t1c1_slothy_start.split.121_125:Minimum number of stalls: 7
INFO:gt864-forward-full-register-schedule.gt864_friso2_scaled_t1c1_slothy_start.split.125_129:Perform internal binary search for minimal number of stalls...
INFO:gt864-forward-full-register-schedule.gt864_friso2_scaled_t1c1_slothy_start.split.125_129:Attempt optimization with max 256 stalls...
INFO:gt864-forward-full-register-schedule.gt864_friso2_scaled_t1c1_slothy_start.split.125_129:Setting timeout of 1800 seconds...
INFO:gt864-forward-full-register-schedule.gt864_friso2_scaled_t1c1_slothy_start.split.125_129:Objective: minimize cycles
INFO:gt864-forward-full-register-schedule.gt864_friso2_scaled_t1c1_slothy_start.split.125_129:Invoking external constraint solver (OR-Tools CP-SAT v9.15.6755) ...
INFO:gt864-forward-full-register-schedule.gt864_friso2_scaled_t1c1_slothy_start.split.125_129:[0.0037s]: Found 1 solutions so far... objective (minimize cycles): currently  (Cycles ~ 8.0, IPC ~ 0.50), bound  (Cycles ~ 6.0, IPC ~ 0.67)
INFO:gt864-forward-full-register-schedule.gt864_friso2_scaled_t1c1_slothy_start.split.125_129:OPTIMAL, wall time: 0.011307 s
INFO:gt864-forward-full-register-schedule.gt864_friso2_scaled_t1c1_slothy_start.split.125_129:Booleans in result: 7
INFO:gt864-forward-full-register-schedule.gt864_friso2_scaled_t1c1_slothy_start.split.125_129.selfcheck:OK!
INFO:gt864-forward-full-register-schedule.gt864_friso2_scaled_t1c1_slothy_start.split.125_129:Minimum number of stalls: 7
INFO:gt864-forward-full-register-schedule.gt864_friso2_scaled_t1c1_slothy_start.split.129_134:Perform internal binary search for minimal number of stalls...
INFO:gt864-forward-full-register-schedule.gt864_friso2_scaled_t1c1_slothy_start.split.129_134:Attempt optimization with max 256 stalls...
INFO:gt864-forward-full-register-schedule.gt864_friso2_scaled_t1c1_slothy_start.split.129_134:Setting timeout of 1800 seconds...
INFO:gt864-forward-full-register-schedule.gt864_friso2_scaled_t1c1_slothy_start.split.129_134:Objective: minimize cycles
INFO:gt864-forward-full-register-schedule.gt864_friso2_scaled_t1c1_slothy_start.split.129_134:Invoking external constraint solver (OR-Tools CP-SAT v9.15.6755) ...
INFO:gt864-forward-full-register-schedule.gt864_friso2_scaled_t1c1_slothy_start.split.129_134:[0.0053s]: Found 1 solutions so far... objective (minimize cycles): currently  (Cycles ~ 12.0, IPC ~ 0.42), bound  (Cycles ~ 8.0, IPC ~ 0.62)
INFO:gt864-forward-full-register-schedule.gt864_friso2_scaled_t1c1_slothy_start.split.129_134:[0.0059s]: Found 2 solutions so far... objective (minimize cycles): currently  (Cycles ~ 10.0, IPC ~ 0.50), bound  (Cycles ~ 8.0, IPC ~ 0.62)
INFO:gt864-forward-full-register-schedule.gt864_friso2_scaled_t1c1_slothy_start.split.129_134:OPTIMAL, wall time: 0.018682 s
INFO:gt864-forward-full-register-schedule.gt864_friso2_scaled_t1c1_slothy_start.split.129_134:Booleans in result: 20
INFO:gt864-forward-full-register-schedule.gt864_friso2_scaled_t1c1_slothy_start.split.129_134.selfcheck:OK!
INFO:gt864-forward-full-register-schedule.gt864_friso2_scaled_t1c1_slothy_start.split.129_134:Minimum number of stalls: 8
INFO:gt864-forward-full-register-schedule.gt864_friso2_scaled_t1c1_slothy_start.split.134_138:Perform internal binary search for minimal number of stalls...
INFO:gt864-forward-full-register-schedule.gt864_friso2_scaled_t1c1_slothy_start.split.134_138:Attempt optimization with max 256 stalls...
INFO:gt864-forward-full-register-schedule.gt864_friso2_scaled_t1c1_slothy_start.split.134_138:Setting timeout of 1800 seconds...
INFO:gt864-forward-full-register-schedule.gt864_friso2_scaled_t1c1_slothy_start.split.134_138:Objective: minimize cycles
INFO:gt864-forward-full-register-schedule.gt864_friso2_scaled_t1c1_slothy_start.split.134_138:Invoking external constraint solver (OR-Tools CP-SAT v9.15.6755) ...
INFO:gt864-forward-full-register-schedule.gt864_friso2_scaled_t1c1_slothy_start.split.134_138:[0.0039s]: Found 1 solutions so far... objective (minimize cycles): currently  (Cycles ~ 12.0, IPC ~ 0.33), bound  (Cycles ~ 8.0, IPC ~ 0.50)
INFO:gt864-forward-full-register-schedule.gt864_friso2_scaled_t1c1_slothy_start.split.134_138:[0.0045s]: Found 2 solutions so far... objective (minimize cycles): currently  (Cycles ~ 10.0, IPC ~ 0.40), bound  (Cycles ~ 8.0, IPC ~ 0.50)
INFO:gt864-forward-full-register-schedule.gt864_friso2_scaled_t1c1_slothy_start.split.134_138:OPTIMAL, wall time: 0.015445 s
INFO:gt864-forward-full-register-schedule.gt864_friso2_scaled_t1c1_slothy_start.split.134_138:Booleans in result: 0
INFO:gt864-forward-full-register-schedule.gt864_friso2_scaled_t1c1_slothy_start.split.134_138.selfcheck:OK!
INFO:gt864-forward-full-register-schedule.gt864_friso2_scaled_t1c1_slothy_start.split.134_138:Minimum number of stalls: 9
INFO:gt864-forward-full-register-schedule.gt864_friso2_scaled_t1c1_slothy_start.split:Initial stalls
INFO:gt864-forward-full-register-schedule.gt864_friso2_scaled_t1c1_slothy_start.split:[  0-  2]: **........ (2)
INFO:gt864-forward-full-register-schedule.gt864_friso2_scaled_t1c1_slothy_start.split:[  2-  5]: ***....... (3)
INFO:gt864-forward-full-register-schedule.gt864_friso2_scaled_t1c1_slothy_start.split:[  5-  8]: ***....... (3)
INFO:gt864-forward-full-register-schedule.gt864_friso2_scaled_t1c1_slothy_start.split:[  8- 11]: ***....... (3)
INFO:gt864-forward-full-register-schedule.gt864_friso2_scaled_t1c1_slothy_start.split:[ 11- 13]: ***....... (3)
INFO:gt864-forward-full-register-schedule.gt864_friso2_scaled_t1c1_slothy_start.split:[ 13- 16]: ***....... (3)
INFO:gt864-forward-full-register-schedule.gt864_friso2_scaled_t1c1_slothy_start.split:[ 16- 19]: ***....... (3)
INFO:gt864-forward-full-register-schedule.gt864_friso2_scaled_t1c1_slothy_start.split:[ 19- 22]: ***....... (3)
INFO:gt864-forward-full-register-schedule.gt864_friso2_scaled_t1c1_slothy_start.split:[ 22- 24]: ***....... (3)
INFO:gt864-forward-full-register-schedule.gt864_friso2_scaled_t1c1_slothy_start.split:[ 24- 27]: **........ (2)
INFO:gt864-forward-full-register-schedule.gt864_friso2_scaled_t1c1_slothy_start.split:[ 27- 30]: ***....... (3)
INFO:gt864-forward-full-register-schedule.gt864_friso2_scaled_t1c1_slothy_start.split:[ 30- 33]: ***....... (3)
INFO:gt864-forward-full-register-schedule.gt864_friso2_scaled_t1c1_slothy_start.split:[ 33- 35]: ***....... (3)
INFO:gt864-forward-full-register-schedule.gt864_friso2_scaled_t1c1_slothy_start.split:[ 35- 38]: ***....... (3)
INFO:gt864-forward-full-register-schedule.gt864_friso2_scaled_t1c1_slothy_start.split:[ 38- 41]: ***....... (3)
INFO:gt864-forward-full-register-schedule.gt864_friso2_scaled_t1c1_slothy_start.split:[ 41- 44]: ***....... (3)
INFO:gt864-forward-full-register-schedule.gt864_friso2_scaled_t1c1_slothy_start.split:[ 44- 46]: ***....... (3)
INFO:gt864-forward-full-register-schedule.gt864_friso2_scaled_t1c1_slothy_start.split:[ 46- 49]: ***....... (3)
INFO:gt864-forward-full-register-schedule.gt864_friso2_scaled_t1c1_slothy_start.split:[ 49- 52]: ***....... (3)
INFO:gt864-forward-full-register-schedule.gt864_friso2_scaled_t1c1_slothy_start.split:[ 52- 55]: ***....... (3)
INFO:gt864-forward-full-register-schedule.gt864_friso2_scaled_t1c1_slothy_start.split:[ 55- 57]: ***....... (3)
INFO:gt864-forward-full-register-schedule.gt864_friso2_scaled_t1c1_slothy_start.split:[ 57- 60]: ***....... (3)
INFO:gt864-forward-full-register-schedule.gt864_friso2_scaled_t1c1_slothy_start.split:[ 60- 63]: ***....... (3)
INFO:gt864-forward-full-register-schedule.gt864_friso2_scaled_t1c1_slothy_start.split:[ 63- 66]: **........ (2)
INFO:gt864-forward-full-register-schedule.gt864_friso2_scaled_t1c1_slothy_start.split:[ 66- 69]: **........ (2)
INFO:gt864-forward-full-register-schedule.gt864_friso2_scaled_t1c1_slothy_start.split:[ 69- 71]: **........ (2)
INFO:gt864-forward-full-register-schedule.gt864_friso2_scaled_t1c1_slothy_start.split:[ 71- 74]: ***....... (3)
INFO:gt864-forward-full-register-schedule.gt864_friso2_scaled_t1c1_slothy_start.split:[ 74- 77]: **........ (2)
INFO:gt864-forward-full-register-schedule.gt864_friso2_scaled_t1c1_slothy_start.split:[ 77- 80]: ***....... (3)
INFO:gt864-forward-full-register-schedule.gt864_friso2_scaled_t1c1_slothy_start.split:[ 80- 82]: ****...... (4)
INFO:gt864-forward-full-register-schedule.gt864_friso2_scaled_t1c1_slothy_start.split:[ 82- 85]: ***....... (3)
INFO:gt864-forward-full-register-schedule.gt864_friso2_scaled_t1c1_slothy_start.split:[ 85- 88]: ***....... (3)
INFO:gt864-forward-full-register-schedule.gt864_friso2_scaled_t1c1_slothy_start.split:[ 88- 91]: ***....... (3)
INFO:gt864-forward-full-register-schedule.gt864_friso2_scaled_t1c1_slothy_start.split:[ 91- 93]: ***....... (3)
INFO:gt864-forward-full-register-schedule.gt864_friso2_scaled_t1c1_slothy_start.split:[ 93- 96]: ***....... (3)
INFO:gt864-forward-full-register-schedule.gt864_friso2_scaled_t1c1_slothy_start.split:[ 96- 99]: ***....... (3)
INFO:gt864-forward-full-register-schedule.gt864_friso2_scaled_t1c1_slothy_start.split:[ 99-102]: ***....... (3)
INFO:gt864-forward-full-register-schedule.gt864_friso2_scaled_t1c1_slothy_start.split:[102-104]: ***....... (3)
INFO:gt864-forward-full-register-schedule.gt864_friso2_scaled_t1c1_slothy_start.split:[104-107]: ***....... (3)
INFO:gt864-forward-full-register-schedule.gt864_friso2_scaled_t1c1_slothy_start.split:[107-110]: ****...... (4)
INFO:gt864-forward-full-register-schedule.gt864_friso2_scaled_t1c1_slothy_start.split:[110-113]: ****...... (4)
INFO:gt864-forward-full-register-schedule.gt864_friso2_scaled_t1c1_slothy_start.split:[113-115]: ****...... (4)
INFO:gt864-forward-full-register-schedule.gt864_friso2_scaled_t1c1_slothy_start.split:[115-118]: **........ (2)
INFO:gt864-forward-full-register-schedule.gt864_friso2_scaled_t1c1_slothy_start.split:[118-121]: **........ (2)
INFO:gt864-forward-full-register-schedule.gt864_friso2_scaled_t1c1_slothy_start.split:[121-124]: ***....... (3)
INFO:gt864-forward-full-register-schedule.gt864_friso2_scaled_t1c1_slothy_start.split:[124-126]: ***....... (3)
INFO:gt864-forward-full-register-schedule.gt864_friso2_scaled_t1c1_slothy_start.split:[126-129]: ***....... (3)
INFO:gt864-forward-full-register-schedule.gt864_friso2_scaled_t1c1_slothy_start.split:[129-132]: ***....... (3)
INFO:gt864-forward-full-register-schedule.gt864_friso2_scaled_t1c1_slothy_start.split:[132-135]: ***....... (3)
INFO:gt864-forward-full-register-schedule.gt864_friso2_scaled_t1c1_slothy_start.split:[135-138]: ***....... (3)
INFO:gt864-forward-full-register-schedule.gt864_friso2_scaled_t1c1_slothy_start.split.0_4:Perform internal binary search for minimal number of stalls...
INFO:gt864-forward-full-register-schedule.gt864_friso2_scaled_t1c1_slothy_start.split.0_4:Attempt optimization with max 256 stalls...
INFO:gt864-forward-full-register-schedule.gt864_friso2_scaled_t1c1_slothy_start.split.0_4:Setting timeout of 1800 seconds...
INFO:gt864-forward-full-register-schedule.gt864_friso2_scaled_t1c1_slothy_start.split.0_4:Objective: minimize cycles
INFO:gt864-forward-full-register-schedule.gt864_friso2_scaled_t1c1_slothy_start.split.0_4:Invoking external constraint solver (OR-Tools CP-SAT v9.15.6755) ...
INFO:gt864-forward-full-register-schedule.gt864_friso2_scaled_t1c1_slothy_start.split.0_4:[0.0102s]: Found 1 solutions so far... objective (minimize cycles): currently  (Cycles ~ 7.0, IPC ~ 0.57), bound  (Cycles ~ 5.0, IPC ~ 0.80)
INFO:gt864-forward-full-register-schedule.gt864_friso2_scaled_t1c1_slothy_start.split.0_4:OPTIMAL, wall time: 0.021135 s
INFO:gt864-forward-full-register-schedule.gt864_friso2_scaled_t1c1_slothy_start.split.0_4:Booleans in result: 14
INFO:gt864-forward-full-register-schedule.gt864_friso2_scaled_t1c1_slothy_start.split.0_4.selfcheck:OK!
INFO:gt864-forward-full-register-schedule.gt864_friso2_scaled_t1c1_slothy_start.split.0_4:Minimum number of stalls: 6
INFO:gt864-forward-full-register-schedule.gt864_friso2_scaled_t1c1_slothy_start.split:[  0-  2]: *......... (1)
INFO:gt864-forward-full-register-schedule.gt864_friso2_scaled_t1c1_slothy_start.split:[  2-  5]: ***....... (3)
INFO:gt864-forward-full-register-schedule.gt864_friso2_scaled_t1c1_slothy_start.split:[  5-  8]: ***....... (3)
INFO:gt864-forward-full-register-schedule.gt864_friso2_scaled_t1c1_slothy_start.split:[  8- 11]: ***....... (3)
INFO:gt864-forward-full-register-schedule.gt864_friso2_scaled_t1c1_slothy_start.split:[ 11- 13]: ***....... (3)
INFO:gt864-forward-full-register-schedule.gt864_friso2_scaled_t1c1_slothy_start.split:[ 13- 16]: ***....... (3)
INFO:gt864-forward-full-register-schedule.gt864_friso2_scaled_t1c1_slothy_start.split:[ 16- 19]: ***....... (3)
INFO:gt864-forward-full-register-schedule.gt864_friso2_scaled_t1c1_slothy_start.split:[ 19- 22]: ***....... (3)
INFO:gt864-forward-full-register-schedule.gt864_friso2_scaled_t1c1_slothy_start.split:[ 22- 24]: ***....... (3)
INFO:gt864-forward-full-register-schedule.gt864_friso2_scaled_t1c1_slothy_start.split:[ 24- 27]: **........ (2)
INFO:gt864-forward-full-register-schedule.gt864_friso2_scaled_t1c1_slothy_start.split:[ 27- 30]: ***....... (3)
INFO:gt864-forward-full-register-schedule.gt864_friso2_scaled_t1c1_slothy_start.split:[ 30- 33]: ***....... (3)
INFO:gt864-forward-full-register-schedule.gt864_friso2_scaled_t1c1_slothy_start.split:[ 33- 35]: ***....... (3)
INFO:gt864-forward-full-register-schedule.gt864_friso2_scaled_t1c1_slothy_start.split:[ 35- 38]: ***....... (3)
INFO:gt864-forward-full-register-schedule.gt864_friso2_scaled_t1c1_slothy_start.split:[ 38- 41]: ***....... (3)
INFO:gt864-forward-full-register-schedule.gt864_friso2_scaled_t1c1_slothy_start.split:[ 41- 44]: ***....... (3)
INFO:gt864-forward-full-register-schedule.gt864_friso2_scaled_t1c1_slothy_start.split:[ 44- 46]: ***....... (3)
INFO:gt864-forward-full-register-schedule.gt864_friso2_scaled_t1c1_slothy_start.split:[ 46- 49]: ***....... (3)
INFO:gt864-forward-full-register-schedule.gt864_friso2_scaled_t1c1_slothy_start.split:[ 49- 52]: ***....... (3)
INFO:gt864-forward-full-register-schedule.gt864_friso2_scaled_t1c1_slothy_start.split:[ 52- 55]: ***....... (3)
INFO:gt864-forward-full-register-schedule.gt864_friso2_scaled_t1c1_slothy_start.split:[ 55- 57]: ***....... (3)
INFO:gt864-forward-full-register-schedule.gt864_friso2_scaled_t1c1_slothy_start.split:[ 57- 60]: ***....... (3)
INFO:gt864-forward-full-register-schedule.gt864_friso2_scaled_t1c1_slothy_start.split:[ 60- 63]: ***....... (3)
INFO:gt864-forward-full-register-schedule.gt864_friso2_scaled_t1c1_slothy_start.split:[ 63- 66]: **........ (2)
INFO:gt864-forward-full-register-schedule.gt864_friso2_scaled_t1c1_slothy_start.split:[ 66- 69]: **........ (2)
INFO:gt864-forward-full-register-schedule.gt864_friso2_scaled_t1c1_slothy_start.split:[ 69- 71]: **........ (2)
INFO:gt864-forward-full-register-schedule.gt864_friso2_scaled_t1c1_slothy_start.split:[ 71- 74]: ***....... (3)
INFO:gt864-forward-full-register-schedule.gt864_friso2_scaled_t1c1_slothy_start.split:[ 74- 77]: **........ (2)
INFO:gt864-forward-full-register-schedule.gt864_friso2_scaled_t1c1_slothy_start.split:[ 77- 80]: ***....... (3)
INFO:gt864-forward-full-register-schedule.gt864_friso2_scaled_t1c1_slothy_start.split:[ 80- 82]: ****...... (4)
INFO:gt864-forward-full-register-schedule.gt864_friso2_scaled_t1c1_slothy_start.split:[ 82- 85]: ***....... (3)
INFO:gt864-forward-full-register-schedule.gt864_friso2_scaled_t1c1_slothy_start.split:[ 85- 88]: ***....... (3)
INFO:gt864-forward-full-register-schedule.gt864_friso2_scaled_t1c1_slothy_start.split:[ 88- 91]: ***....... (3)
INFO:gt864-forward-full-register-schedule.gt864_friso2_scaled_t1c1_slothy_start.split:[ 91- 93]: ***....... (3)
INFO:gt864-forward-full-register-schedule.gt864_friso2_scaled_t1c1_slothy_start.split:[ 93- 96]: ***....... (3)
INFO:gt864-forward-full-register-schedule.gt864_friso2_scaled_t1c1_slothy_start.split:[ 96- 99]: ***....... (3)
INFO:gt864-forward-full-register-schedule.gt864_friso2_scaled_t1c1_slothy_start.split:[ 99-102]: ***....... (3)
INFO:gt864-forward-full-register-schedule.gt864_friso2_scaled_t1c1_slothy_start.split:[102-104]: ***....... (3)
INFO:gt864-forward-full-register-schedule.gt864_friso2_scaled_t1c1_slothy_start.split:[104-107]: ***....... (3)
INFO:gt864-forward-full-register-schedule.gt864_friso2_scaled_t1c1_slothy_start.split:[107-110]: ****...... (4)
INFO:gt864-forward-full-register-schedule.gt864_friso2_scaled_t1c1_slothy_start.split:[110-113]: ****...... (4)
INFO:gt864-forward-full-register-schedule.gt864_friso2_scaled_t1c1_slothy_start.split:[113-115]: ****...... (4)
INFO:gt864-forward-full-register-schedule.gt864_friso2_scaled_t1c1_slothy_start.split:[115-118]: **........ (2)
INFO:gt864-forward-full-register-schedule.gt864_friso2_scaled_t1c1_slothy_start.split:[118-121]: **........ (2)
INFO:gt864-forward-full-register-schedule.gt864_friso2_scaled_t1c1_slothy_start.split:[121-124]: ***....... (3)
INFO:gt864-forward-full-register-schedule.gt864_friso2_scaled_t1c1_slothy_start.split:[124-126]: ***....... (3)
INFO:gt864-forward-full-register-schedule.gt864_friso2_scaled_t1c1_slothy_start.split:[126-129]: ***....... (3)
INFO:gt864-forward-full-register-schedule.gt864_friso2_scaled_t1c1_slothy_start.split:[129-132]: ***....... (3)
INFO:gt864-forward-full-register-schedule.gt864_friso2_scaled_t1c1_slothy_start.split:[132-135]: ***....... (3)
INFO:gt864-forward-full-register-schedule.gt864_friso2_scaled_t1c1_slothy_start.split:[135-138]: ***....... (3)
INFO:gt864-forward-full-register-schedule.gt864_friso2_scaled_t1c1_slothy_start.split.7_11:Perform internal binary search for minimal number of stalls...
INFO:gt864-forward-full-register-schedule.gt864_friso2_scaled_t1c1_slothy_start.split.7_11:Attempt optimization with max 256 stalls...
INFO:gt864-forward-full-register-schedule.gt864_friso2_scaled_t1c1_slothy_start.split.7_11:Setting timeout of 1800 seconds...
INFO:gt864-forward-full-register-schedule.gt864_friso2_scaled_t1c1_slothy_start.split.7_11:Objective: minimize cycles
INFO:gt864-forward-full-register-schedule.gt864_friso2_scaled_t1c1_slothy_start.split.7_11:Invoking external constraint solver (OR-Tools CP-SAT v9.15.6755) ...
INFO:gt864-forward-full-register-schedule.gt864_friso2_scaled_t1c1_slothy_start.split.7_11:[0.0070s]: Found 1 solutions so far... objective (minimize cycles): currently  (Cycles ~ 8.0, IPC ~ 0.50), bound  (Cycles ~ 6.0, IPC ~ 0.67)
INFO:gt864-forward-full-register-schedule.gt864_friso2_scaled_t1c1_slothy_start.split.7_11:[0.0074s]: Found 2 solutions so far... objective (minimize cycles): currently  (Cycles ~ 6.0, IPC ~ 0.67), bound  (Cycles ~ 6.0, IPC ~ 0.67)
INFO:gt864-forward-full-register-schedule.gt864_friso2_scaled_t1c1_slothy_start.split.7_11:Closer than 0 stalls to theoretical optimum... stop
INFO:gt864-forward-full-register-schedule.gt864_friso2_scaled_t1c1_slothy_start.split.7_11:OPTIMAL, wall time: 0.014701 s
INFO:gt864-forward-full-register-schedule.gt864_friso2_scaled_t1c1_slothy_start.split.7_11:Booleans in result: 20
INFO:gt864-forward-full-register-schedule.gt864_friso2_scaled_t1c1_slothy_start.split.7_11.selfcheck:OK!
INFO:gt864-forward-full-register-schedule.gt864_friso2_scaled_t1c1_slothy_start.split.7_11:Minimum number of stalls: 5
INFO:gt864-forward-full-register-schedule.gt864_friso2_scaled_t1c1_slothy_start.split:[  0-  2]: *......... (1)
INFO:gt864-forward-full-register-schedule.gt864_friso2_scaled_t1c1_slothy_start.split:[  2-  5]: ***....... (3)
INFO:gt864-forward-full-register-schedule.gt864_friso2_scaled_t1c1_slothy_start.split:[  5-  8]: **........ (2)
INFO:gt864-forward-full-register-schedule.gt864_friso2_scaled_t1c1_slothy_start.split:[  8- 11]: ***....... (3)
INFO:gt864-forward-full-register-schedule.gt864_friso2_scaled_t1c1_slothy_start.split:[ 11- 13]: ****...... (4)
INFO:gt864-forward-full-register-schedule.gt864_friso2_scaled_t1c1_slothy_start.split:[ 13- 16]: ***....... (3)
INFO:gt864-forward-full-register-schedule.gt864_friso2_scaled_t1c1_slothy_start.split:[ 16- 19]: ***....... (3)
INFO:gt864-forward-full-register-schedule.gt864_friso2_scaled_t1c1_slothy_start.split:[ 19- 22]: ***....... (3)
INFO:gt864-forward-full-register-schedule.gt864_friso2_scaled_t1c1_slothy_start.split:[ 22- 24]: ***....... (3)
INFO:gt864-forward-full-register-schedule.gt864_friso2_scaled_t1c1_slothy_start.split:[ 24- 27]: **........ (2)
INFO:gt864-forward-full-register-schedule.gt864_friso2_scaled_t1c1_slothy_start.split:[ 27- 30]: ***....... (3)
INFO:gt864-forward-full-register-schedule.gt864_friso2_scaled_t1c1_slothy_start.split:[ 30- 33]: ***....... (3)
INFO:gt864-forward-full-register-schedule.gt864_friso2_scaled_t1c1_slothy_start.split:[ 33- 35]: ***....... (3)
INFO:gt864-forward-full-register-schedule.gt864_friso2_scaled_t1c1_slothy_start.split:[ 35- 38]: ***....... (3)
INFO:gt864-forward-full-register-schedule.gt864_friso2_scaled_t1c1_slothy_start.split:[ 38- 41]: ***....... (3)
INFO:gt864-forward-full-register-schedule.gt864_friso2_scaled_t1c1_slothy_start.split:[ 41- 44]: ***....... (3)
INFO:gt864-forward-full-register-schedule.gt864_friso2_scaled_t1c1_slothy_start.split:[ 44- 46]: ***....... (3)
INFO:gt864-forward-full-register-schedule.gt864_friso2_scaled_t1c1_slothy_start.split:[ 46- 49]: ***....... (3)
INFO:gt864-forward-full-register-schedule.gt864_friso2_scaled_t1c1_slothy_start.split:[ 49- 52]: ***....... (3)
INFO:gt864-forward-full-register-schedule.gt864_friso2_scaled_t1c1_slothy_start.split:[ 52- 55]: ***....... (3)
INFO:gt864-forward-full-register-schedule.gt864_friso2_scaled_t1c1_slothy_start.split:[ 55- 57]: ***....... (3)
INFO:gt864-forward-full-register-schedule.gt864_friso2_scaled_t1c1_slothy_start.split:[ 57- 60]: ***....... (3)
INFO:gt864-forward-full-register-schedule.gt864_friso2_scaled_t1c1_slothy_start.split:[ 60- 63]: ***....... (3)
INFO:gt864-forward-full-register-schedule.gt864_friso2_scaled_t1c1_slothy_start.split:[ 63- 66]: **........ (2)
INFO:gt864-forward-full-register-schedule.gt864_friso2_scaled_t1c1_slothy_start.split:[ 66- 69]: **........ (2)
INFO:gt864-forward-full-register-schedule.gt864_friso2_scaled_t1c1_slothy_start.split:[ 69- 71]: **........ (2)
INFO:gt864-forward-full-register-schedule.gt864_friso2_scaled_t1c1_slothy_start.split:[ 71- 74]: ***....... (3)
INFO:gt864-forward-full-register-schedule.gt864_friso2_scaled_t1c1_slothy_start.split:[ 74- 77]: **........ (2)
INFO:gt864-forward-full-register-schedule.gt864_friso2_scaled_t1c1_slothy_start.split:[ 77- 80]: ***....... (3)
INFO:gt864-forward-full-register-schedule.gt864_friso2_scaled_t1c1_slothy_start.split:[ 80- 82]: ****...... (4)
INFO:gt864-forward-full-register-schedule.gt864_friso2_scaled_t1c1_slothy_start.split:[ 82- 85]: ***....... (3)
INFO:gt864-forward-full-register-schedule.gt864_friso2_scaled_t1c1_slothy_start.split:[ 85- 88]: ***....... (3)
INFO:gt864-forward-full-register-schedule.gt864_friso2_scaled_t1c1_slothy_start.split:[ 88- 91]: ***....... (3)
INFO:gt864-forward-full-register-schedule.gt864_friso2_scaled_t1c1_slothy_start.split:[ 91- 93]: ***....... (3)
INFO:gt864-forward-full-register-schedule.gt864_friso2_scaled_t1c1_slothy_start.split:[ 93- 96]: ***....... (3)
INFO:gt864-forward-full-register-schedule.gt864_friso2_scaled_t1c1_slothy_start.split:[ 96- 99]: ***....... (3)
INFO:gt864-forward-full-register-schedule.gt864_friso2_scaled_t1c1_slothy_start.split:[ 99-102]: ***....... (3)
INFO:gt864-forward-full-register-schedule.gt864_friso2_scaled_t1c1_slothy_start.split:[102-104]: ***....... (3)
INFO:gt864-forward-full-register-schedule.gt864_friso2_scaled_t1c1_slothy_start.split:[104-107]: ***....... (3)
INFO:gt864-forward-full-register-schedule.gt864_friso2_scaled_t1c1_slothy_start.split:[107-110]: ****...... (4)
INFO:gt864-forward-full-register-schedule.gt864_friso2_scaled_t1c1_slothy_start.split:[110-113]: ****...... (4)
INFO:gt864-forward-full-register-schedule.gt864_friso2_scaled_t1c1_slothy_start.split:[113-115]: ****...... (4)
INFO:gt864-forward-full-register-schedule.gt864_friso2_scaled_t1c1_slothy_start.split:[115-118]: **........ (2)
INFO:gt864-forward-full-register-schedule.gt864_friso2_scaled_t1c1_slothy_start.split:[118-121]: **........ (2)
INFO:gt864-forward-full-register-schedule.gt864_friso2_scaled_t1c1_slothy_start.split:[121-124]: ***....... (3)
INFO:gt864-forward-full-register-schedule.gt864_friso2_scaled_t1c1_slothy_start.split:[124-126]: ***....... (3)
INFO:gt864-forward-full-register-schedule.gt864_friso2_scaled_t1c1_slothy_start.split:[126-129]: ***....... (3)
INFO:gt864-forward-full-register-schedule.gt864_friso2_scaled_t1c1_slothy_start.split:[129-132]: ***....... (3)
INFO:gt864-forward-full-register-schedule.gt864_friso2_scaled_t1c1_slothy_start.split:[132-135]: ***....... (3)
INFO:gt864-forward-full-register-schedule.gt864_friso2_scaled_t1c1_slothy_start.split:[135-138]: ***....... (3)
INFO:gt864-forward-full-register-schedule.gt864_friso2_scaled_t1c1_slothy_start.split.14_18:Perform internal binary search for minimal number of stalls...
INFO:gt864-forward-full-register-schedule.gt864_friso2_scaled_t1c1_slothy_start.split.14_18:Attempt optimization with max 256 stalls...
INFO:gt864-forward-full-register-schedule.gt864_friso2_scaled_t1c1_slothy_start.split.14_18:Setting timeout of 1800 seconds...
INFO:gt864-forward-full-register-schedule.gt864_friso2_scaled_t1c1_slothy_start.split.14_18:Objective: minimize cycles
INFO:gt864-forward-full-register-schedule.gt864_friso2_scaled_t1c1_slothy_start.split.14_18:Invoking external constraint solver (OR-Tools CP-SAT v9.15.6755) ...
INFO:gt864-forward-full-register-schedule.gt864_friso2_scaled_t1c1_slothy_start.split.14_18:[0.0076s]: Found 1 solutions so far... objective (minimize cycles): currently  (Cycles ~ 5.0, IPC ~ 0.80), bound  (Cycles ~ 5.0, IPC ~ 0.80)
INFO:gt864-forward-full-register-schedule.gt864_friso2_scaled_t1c1_slothy_start.split.14_18:Closer than 0 stalls to theoretical optimum... stop
INFO:gt864-forward-full-register-schedule.gt864_friso2_scaled_t1c1_slothy_start.split.14_18:OPTIMAL, wall time: 0.010444 s
INFO:gt864-forward-full-register-schedule.gt864_friso2_scaled_t1c1_slothy_start.split.14_18:Booleans in result: 12
INFO:gt864-forward-full-register-schedule.gt864_friso2_scaled_t1c1_slothy_start.split.14_18.selfcheck:OK!
INFO:gt864-forward-full-register-schedule.gt864_friso2_scaled_t1c1_slothy_start.split.14_18:Minimum number of stalls: 4
INFO:gt864-forward-full-register-schedule.gt864_friso2_scaled_t1c1_slothy_start.split:[  0-  2]: *......... (1)
INFO:gt864-forward-full-register-schedule.gt864_friso2_scaled_t1c1_slothy_start.split:[  2-  5]: ***....... (3)
INFO:gt864-forward-full-register-schedule.gt864_friso2_scaled_t1c1_slothy_start.split:[  5-  8]: **........ (2)
INFO:gt864-forward-full-register-schedule.gt864_friso2_scaled_t1c1_slothy_start.split:[  8- 11]: ***....... (3)
INFO:gt864-forward-full-register-schedule.gt864_friso2_scaled_t1c1_slothy_start.split:[ 11- 13]: ****...... (4)
INFO:gt864-forward-full-register-schedule.gt864_friso2_scaled_t1c1_slothy_start.split:[ 13- 16]: ***....... (3)
INFO:gt864-forward-full-register-schedule.gt864_friso2_scaled_t1c1_slothy_start.split:[ 16- 19]: ***....... (3)
INFO:gt864-forward-full-register-schedule.gt864_friso2_scaled_t1c1_slothy_start.split:[ 19- 22]: ***....... (3)
INFO:gt864-forward-full-register-schedule.gt864_friso2_scaled_t1c1_slothy_start.split:[ 22- 24]: ***....... (3)
INFO:gt864-forward-full-register-schedule.gt864_friso2_scaled_t1c1_slothy_start.split:[ 24- 27]: **........ (2)
INFO:gt864-forward-full-register-schedule.gt864_friso2_scaled_t1c1_slothy_start.split:[ 27- 30]: ***....... (3)
INFO:gt864-forward-full-register-schedule.gt864_friso2_scaled_t1c1_slothy_start.split:[ 30- 33]: ***....... (3)
INFO:gt864-forward-full-register-schedule.gt864_friso2_scaled_t1c1_slothy_start.split:[ 33- 35]: ***....... (3)
INFO:gt864-forward-full-register-schedule.gt864_friso2_scaled_t1c1_slothy_start.split:[ 35- 38]: ***....... (3)
INFO:gt864-forward-full-register-schedule.gt864_friso2_scaled_t1c1_slothy_start.split:[ 38- 41]: ***....... (3)
INFO:gt864-forward-full-register-schedule.gt864_friso2_scaled_t1c1_slothy_start.split:[ 41- 44]: ***....... (3)
INFO:gt864-forward-full-register-schedule.gt864_friso2_scaled_t1c1_slothy_start.split:[ 44- 46]: ***....... (3)
INFO:gt864-forward-full-register-schedule.gt864_friso2_scaled_t1c1_slothy_start.split:[ 46- 49]: ***....... (3)
INFO:gt864-forward-full-register-schedule.gt864_friso2_scaled_t1c1_slothy_start.split:[ 49- 52]: ***....... (3)
INFO:gt864-forward-full-register-schedule.gt864_friso2_scaled_t1c1_slothy_start.split:[ 52- 55]: ***....... (3)
INFO:gt864-forward-full-register-schedule.gt864_friso2_scaled_t1c1_slothy_start.split:[ 55- 57]: ***....... (3)
INFO:gt864-forward-full-register-schedule.gt864_friso2_scaled_t1c1_slothy_start.split:[ 57- 60]: ***....... (3)
INFO:gt864-forward-full-register-schedule.gt864_friso2_scaled_t1c1_slothy_start.split:[ 60- 63]: ***....... (3)
INFO:gt864-forward-full-register-schedule.gt864_friso2_scaled_t1c1_slothy_start.split:[ 63- 66]: **........ (2)
INFO:gt864-forward-full-register-schedule.gt864_friso2_scaled_t1c1_slothy_start.split:[ 66- 69]: **........ (2)
INFO:gt864-forward-full-register-schedule.gt864_friso2_scaled_t1c1_slothy_start.split:[ 69- 71]: **........ (2)
INFO:gt864-forward-full-register-schedule.gt864_friso2_scaled_t1c1_slothy_start.split:[ 71- 74]: ***....... (3)
INFO:gt864-forward-full-register-schedule.gt864_friso2_scaled_t1c1_slothy_start.split:[ 74- 77]: **........ (2)
INFO:gt864-forward-full-register-schedule.gt864_friso2_scaled_t1c1_slothy_start.split:[ 77- 80]: ***....... (3)
INFO:gt864-forward-full-register-schedule.gt864_friso2_scaled_t1c1_slothy_start.split:[ 80- 82]: ****...... (4)
INFO:gt864-forward-full-register-schedule.gt864_friso2_scaled_t1c1_slothy_start.split:[ 82- 85]: ***....... (3)
INFO:gt864-forward-full-register-schedule.gt864_friso2_scaled_t1c1_slothy_start.split:[ 85- 88]: ***....... (3)
INFO:gt864-forward-full-register-schedule.gt864_friso2_scaled_t1c1_slothy_start.split:[ 88- 91]: ***....... (3)
INFO:gt864-forward-full-register-schedule.gt864_friso2_scaled_t1c1_slothy_start.split:[ 91- 93]: ***....... (3)
INFO:gt864-forward-full-register-schedule.gt864_friso2_scaled_t1c1_slothy_start.split:[ 93- 96]: ***....... (3)
INFO:gt864-forward-full-register-schedule.gt864_friso2_scaled_t1c1_slothy_start.split:[ 96- 99]: ***....... (3)
INFO:gt864-forward-full-register-schedule.gt864_friso2_scaled_t1c1_slothy_start.split:[ 99-102]: ***....... (3)
INFO:gt864-forward-full-register-schedule.gt864_friso2_scaled_t1c1_slothy_start.split:[102-104]: ***....... (3)
INFO:gt864-forward-full-register-schedule.gt864_friso2_scaled_t1c1_slothy_start.split:[104-107]: ***....... (3)
INFO:gt864-forward-full-register-schedule.gt864_friso2_scaled_t1c1_slothy_start.split:[107-110]: ****...... (4)
INFO:gt864-forward-full-register-schedule.gt864_friso2_scaled_t1c1_slothy_start.split:[110-113]: ****...... (4)
INFO:gt864-forward-full-register-schedule.gt864_friso2_scaled_t1c1_slothy_start.split:[113-115]: ****...... (4)
INFO:gt864-forward-full-register-schedule.gt864_friso2_scaled_t1c1_slothy_start.split:[115-118]: **........ (2)
INFO:gt864-forward-full-register-schedule.gt864_friso2_scaled_t1c1_slothy_start.split:[118-121]: **........ (2)
INFO:gt864-forward-full-register-schedule.gt864_friso2_scaled_t1c1_slothy_start.split:[121-124]: ***....... (3)
INFO:gt864-forward-full-register-schedule.gt864_friso2_scaled_t1c1_slothy_start.split:[124-126]: ***....... (3)
INFO:gt864-forward-full-register-schedule.gt864_friso2_scaled_t1c1_slothy_start.split:[126-129]: ***....... (3)
INFO:gt864-forward-full-register-schedule.gt864_friso2_scaled_t1c1_slothy_start.split:[129-132]: ***....... (3)
INFO:gt864-forward-full-register-schedule.gt864_friso2_scaled_t1c1_slothy_start.split:[132-135]: ***....... (3)
INFO:gt864-forward-full-register-schedule.gt864_friso2_scaled_t1c1_slothy_start.split:[135-138]: ***....... (3)
INFO:gt864-forward-full-register-schedule.gt864_friso2_scaled_t1c1_slothy_start.split.21_25:Perform internal binary search for minimal number of stalls...
INFO:gt864-forward-full-register-schedule.gt864_friso2_scaled_t1c1_slothy_start.split.21_25:Attempt optimization with max 256 stalls...
INFO:gt864-forward-full-register-schedule.gt864_friso2_scaled_t1c1_slothy_start.split.21_25:Setting timeout of 1800 seconds...
INFO:gt864-forward-full-register-schedule.gt864_friso2_scaled_t1c1_slothy_start.split.21_25:Objective: minimize cycles
INFO:gt864-forward-full-register-schedule.gt864_friso2_scaled_t1c1_slothy_start.split.21_25:Invoking external constraint solver (OR-Tools CP-SAT v9.15.6755) ...
INFO:gt864-forward-full-register-schedule.gt864_friso2_scaled_t1c1_slothy_start.split.21_25:[0.0092s]: Found 1 solutions so far... objective (minimize cycles): currently  (Cycles ~ 10.0, IPC ~ 0.40), bound  (Cycles ~ 10.0, IPC ~ 0.40)
INFO:gt864-forward-full-register-schedule.gt864_friso2_scaled_t1c1_slothy_start.split.21_25:Closer than 0 stalls to theoretical optimum... stop
INFO:gt864-forward-full-register-schedule.gt864_friso2_scaled_t1c1_slothy_start.split.21_25:OPTIMAL, wall time: 0.017146 s
INFO:gt864-forward-full-register-schedule.gt864_friso2_scaled_t1c1_slothy_start.split.21_25:Booleans in result: 17
INFO:gt864-forward-full-register-schedule.gt864_friso2_scaled_t1c1_slothy_start.split.21_25.selfcheck:OK!
INFO:gt864-forward-full-register-schedule.gt864_friso2_scaled_t1c1_slothy_start.split.21_25:Minimum number of stalls: 9
INFO:gt864-forward-full-register-schedule.gt864_friso2_scaled_t1c1_slothy_start.split:[  0-  2]: *......... (1)
INFO:gt864-forward-full-register-schedule.gt864_friso2_scaled_t1c1_slothy_start.split:[  2-  5]: ***....... (3)
INFO:gt864-forward-full-register-schedule.gt864_friso2_scaled_t1c1_slothy_start.split:[  5-  8]: **........ (2)
INFO:gt864-forward-full-register-schedule.gt864_friso2_scaled_t1c1_slothy_start.split:[  8- 11]: ***....... (3)
INFO:gt864-forward-full-register-schedule.gt864_friso2_scaled_t1c1_slothy_start.split:[ 11- 13]: ****...... (4)
INFO:gt864-forward-full-register-schedule.gt864_friso2_scaled_t1c1_slothy_start.split:[ 13- 16]: ***....... (3)
INFO:gt864-forward-full-register-schedule.gt864_friso2_scaled_t1c1_slothy_start.split:[ 16- 19]: ***....... (3)
INFO:gt864-forward-full-register-schedule.gt864_friso2_scaled_t1c1_slothy_start.split:[ 19- 22]: **........ (2)
INFO:gt864-forward-full-register-schedule.gt864_friso2_scaled_t1c1_slothy_start.split:[ 22- 24]: ***....... (3)
INFO:gt864-forward-full-register-schedule.gt864_friso2_scaled_t1c1_slothy_start.split:[ 24- 27]: ***....... (3)
INFO:gt864-forward-full-register-schedule.gt864_friso2_scaled_t1c1_slothy_start.split:[ 27- 30]: ***....... (3)
INFO:gt864-forward-full-register-schedule.gt864_friso2_scaled_t1c1_slothy_start.split:[ 30- 33]: ***....... (3)
INFO:gt864-forward-full-register-schedule.gt864_friso2_scaled_t1c1_slothy_start.split:[ 33- 35]: ***....... (3)
INFO:gt864-forward-full-register-schedule.gt864_friso2_scaled_t1c1_slothy_start.split:[ 35- 38]: ***....... (3)
INFO:gt864-forward-full-register-schedule.gt864_friso2_scaled_t1c1_slothy_start.split:[ 38- 41]: ***....... (3)
INFO:gt864-forward-full-register-schedule.gt864_friso2_scaled_t1c1_slothy_start.split:[ 41- 44]: ***....... (3)
INFO:gt864-forward-full-register-schedule.gt864_friso2_scaled_t1c1_slothy_start.split:[ 44- 46]: ***....... (3)
INFO:gt864-forward-full-register-schedule.gt864_friso2_scaled_t1c1_slothy_start.split:[ 46- 49]: ***....... (3)
INFO:gt864-forward-full-register-schedule.gt864_friso2_scaled_t1c1_slothy_start.split:[ 49- 52]: ***....... (3)
INFO:gt864-forward-full-register-schedule.gt864_friso2_scaled_t1c1_slothy_start.split:[ 52- 55]: ***....... (3)
INFO:gt864-forward-full-register-schedule.gt864_friso2_scaled_t1c1_slothy_start.split:[ 55- 57]: ***....... (3)
INFO:gt864-forward-full-register-schedule.gt864_friso2_scaled_t1c1_slothy_start.split:[ 57- 60]: ***....... (3)
INFO:gt864-forward-full-register-schedule.gt864_friso2_scaled_t1c1_slothy_start.split:[ 60- 63]: ***....... (3)
INFO:gt864-forward-full-register-schedule.gt864_friso2_scaled_t1c1_slothy_start.split:[ 63- 66]: **........ (2)
INFO:gt864-forward-full-register-schedule.gt864_friso2_scaled_t1c1_slothy_start.split:[ 66- 69]: **........ (2)
INFO:gt864-forward-full-register-schedule.gt864_friso2_scaled_t1c1_slothy_start.split:[ 69- 71]: **........ (2)
INFO:gt864-forward-full-register-schedule.gt864_friso2_scaled_t1c1_slothy_start.split:[ 71- 74]: ***....... (3)
INFO:gt864-forward-full-register-schedule.gt864_friso2_scaled_t1c1_slothy_start.split:[ 74- 77]: **........ (2)
INFO:gt864-forward-full-register-schedule.gt864_friso2_scaled_t1c1_slothy_start.split:[ 77- 80]: ***....... (3)
INFO:gt864-forward-full-register-schedule.gt864_friso2_scaled_t1c1_slothy_start.split:[ 80- 82]: ****...... (4)
INFO:gt864-forward-full-register-schedule.gt864_friso2_scaled_t1c1_slothy_start.split:[ 82- 85]: ***....... (3)
INFO:gt864-forward-full-register-schedule.gt864_friso2_scaled_t1c1_slothy_start.split:[ 85- 88]: ***....... (3)
INFO:gt864-forward-full-register-schedule.gt864_friso2_scaled_t1c1_slothy_start.split:[ 88- 91]: ***....... (3)
INFO:gt864-forward-full-register-schedule.gt864_friso2_scaled_t1c1_slothy_start.split:[ 91- 93]: ***....... (3)
INFO:gt864-forward-full-register-schedule.gt864_friso2_scaled_t1c1_slothy_start.split:[ 93- 96]: ***....... (3)
INFO:gt864-forward-full-register-schedule.gt864_friso2_scaled_t1c1_slothy_start.split:[ 96- 99]: ***....... (3)
INFO:gt864-forward-full-register-schedule.gt864_friso2_scaled_t1c1_slothy_start.split:[ 99-102]: ***....... (3)
INFO:gt864-forward-full-register-schedule.gt864_friso2_scaled_t1c1_slothy_start.split:[102-104]: ***....... (3)
INFO:gt864-forward-full-register-schedule.gt864_friso2_scaled_t1c1_slothy_start.split:[104-107]: ***....... (3)
INFO:gt864-forward-full-register-schedule.gt864_friso2_scaled_t1c1_slothy_start.split:[107-110]: ****...... (4)
INFO:gt864-forward-full-register-schedule.gt864_friso2_scaled_t1c1_slothy_start.split:[110-113]: ****...... (4)
INFO:gt864-forward-full-register-schedule.gt864_friso2_scaled_t1c1_slothy_start.split:[113-115]: ****...... (4)
INFO:gt864-forward-full-register-schedule.gt864_friso2_scaled_t1c1_slothy_start.split:[115-118]: **........ (2)
INFO:gt864-forward-full-register-schedule.gt864_friso2_scaled_t1c1_slothy_start.split:[118-121]: **........ (2)
INFO:gt864-forward-full-register-schedule.gt864_friso2_scaled_t1c1_slothy_start.split:[121-124]: ***....... (3)
INFO:gt864-forward-full-register-schedule.gt864_friso2_scaled_t1c1_slothy_start.split:[124-126]: ***....... (3)
INFO:gt864-forward-full-register-schedule.gt864_friso2_scaled_t1c1_slothy_start.split:[126-129]: ***....... (3)
INFO:gt864-forward-full-register-schedule.gt864_friso2_scaled_t1c1_slothy_start.split:[129-132]: ***....... (3)
INFO:gt864-forward-full-register-schedule.gt864_friso2_scaled_t1c1_slothy_start.split:[132-135]: ***....... (3)
INFO:gt864-forward-full-register-schedule.gt864_friso2_scaled_t1c1_slothy_start.split:[135-138]: ***....... (3)
INFO:gt864-forward-full-register-schedule.gt864_friso2_scaled_t1c1_slothy_start.split.28_32:Perform internal binary search for minimal number of stalls...
INFO:gt864-forward-full-register-schedule.gt864_friso2_scaled_t1c1_slothy_start.split.28_32:Attempt optimization with max 256 stalls...
INFO:gt864-forward-full-register-schedule.gt864_friso2_scaled_t1c1_slothy_start.split.28_32:Setting timeout of 1800 seconds...
INFO:gt864-forward-full-register-schedule.gt864_friso2_scaled_t1c1_slothy_start.split.28_32:Objective: minimize cycles
INFO:gt864-forward-full-register-schedule.gt864_friso2_scaled_t1c1_slothy_start.split.28_32:Invoking external constraint solver (OR-Tools CP-SAT v9.15.6755) ...
INFO:gt864-forward-full-register-schedule.gt864_friso2_scaled_t1c1_slothy_start.split.28_32:[0.0072s]: Found 1 solutions so far... objective (minimize cycles): currently  (Cycles ~ 6.0, IPC ~ 0.67), bound  (Cycles ~ 6.0, IPC ~ 0.67)
INFO:gt864-forward-full-register-schedule.gt864_friso2_scaled_t1c1_slothy_start.split.28_32:Closer than 0 stalls to theoretical optimum... stop
INFO:gt864-forward-full-register-schedule.gt864_friso2_scaled_t1c1_slothy_start.split.28_32:OPTIMAL, wall time: 0.014278 s
INFO:gt864-forward-full-register-schedule.gt864_friso2_scaled_t1c1_slothy_start.split.28_32:Booleans in result: 13
INFO:gt864-forward-full-register-schedule.gt864_friso2_scaled_t1c1_slothy_start.split.28_32.selfcheck:OK!
INFO:gt864-forward-full-register-schedule.gt864_friso2_scaled_t1c1_slothy_start.split.28_32:Minimum number of stalls: 5
INFO:gt864-forward-full-register-schedule.gt864_friso2_scaled_t1c1_slothy_start.split:[  0-  2]: *......... (1)
INFO:gt864-forward-full-register-schedule.gt864_friso2_scaled_t1c1_slothy_start.split:[  2-  5]: ***....... (3)
INFO:gt864-forward-full-register-schedule.gt864_friso2_scaled_t1c1_slothy_start.split:[  5-  8]: **........ (2)
INFO:gt864-forward-full-register-schedule.gt864_friso2_scaled_t1c1_slothy_start.split:[  8- 11]: ***....... (3)
INFO:gt864-forward-full-register-schedule.gt864_friso2_scaled_t1c1_slothy_start.split:[ 11- 13]: ****...... (4)
INFO:gt864-forward-full-register-schedule.gt864_friso2_scaled_t1c1_slothy_start.split:[ 13- 16]: ***....... (3)
INFO:gt864-forward-full-register-schedule.gt864_friso2_scaled_t1c1_slothy_start.split:[ 16- 19]: ***....... (3)
INFO:gt864-forward-full-register-schedule.gt864_friso2_scaled_t1c1_slothy_start.split:[ 19- 22]: **........ (2)
INFO:gt864-forward-full-register-schedule.gt864_friso2_scaled_t1c1_slothy_start.split:[ 22- 24]: ***....... (3)
INFO:gt864-forward-full-register-schedule.gt864_friso2_scaled_t1c1_slothy_start.split:[ 24- 27]: ***....... (3)
INFO:gt864-forward-full-register-schedule.gt864_friso2_scaled_t1c1_slothy_start.split:[ 27- 30]: **........ (2)
INFO:gt864-forward-full-register-schedule.gt864_friso2_scaled_t1c1_slothy_start.split:[ 30- 33]: **........ (2)
INFO:gt864-forward-full-register-schedule.gt864_friso2_scaled_t1c1_slothy_start.split:[ 33- 35]: ***....... (3)
INFO:gt864-forward-full-register-schedule.gt864_friso2_scaled_t1c1_slothy_start.split:[ 35- 38]: ***....... (3)
INFO:gt864-forward-full-register-schedule.gt864_friso2_scaled_t1c1_slothy_start.split:[ 38- 41]: ***....... (3)
INFO:gt864-forward-full-register-schedule.gt864_friso2_scaled_t1c1_slothy_start.split:[ 41- 44]: ***....... (3)
INFO:gt864-forward-full-register-schedule.gt864_friso2_scaled_t1c1_slothy_start.split:[ 44- 46]: ***....... (3)
INFO:gt864-forward-full-register-schedule.gt864_friso2_scaled_t1c1_slothy_start.split:[ 46- 49]: ***....... (3)
INFO:gt864-forward-full-register-schedule.gt864_friso2_scaled_t1c1_slothy_start.split:[ 49- 52]: ***....... (3)
INFO:gt864-forward-full-register-schedule.gt864_friso2_scaled_t1c1_slothy_start.split:[ 52- 55]: ***....... (3)
INFO:gt864-forward-full-register-schedule.gt864_friso2_scaled_t1c1_slothy_start.split:[ 55- 57]: ***....... (3)
INFO:gt864-forward-full-register-schedule.gt864_friso2_scaled_t1c1_slothy_start.split:[ 57- 60]: ***....... (3)
INFO:gt864-forward-full-register-schedule.gt864_friso2_scaled_t1c1_slothy_start.split:[ 60- 63]: ***....... (3)
INFO:gt864-forward-full-register-schedule.gt864_friso2_scaled_t1c1_slothy_start.split:[ 63- 66]: **........ (2)
INFO:gt864-forward-full-register-schedule.gt864_friso2_scaled_t1c1_slothy_start.split:[ 66- 69]: **........ (2)
INFO:gt864-forward-full-register-schedule.gt864_friso2_scaled_t1c1_slothy_start.split:[ 69- 71]: **........ (2)
INFO:gt864-forward-full-register-schedule.gt864_friso2_scaled_t1c1_slothy_start.split:[ 71- 74]: ***....... (3)
INFO:gt864-forward-full-register-schedule.gt864_friso2_scaled_t1c1_slothy_start.split:[ 74- 77]: **........ (2)
INFO:gt864-forward-full-register-schedule.gt864_friso2_scaled_t1c1_slothy_start.split:[ 77- 80]: ***....... (3)
INFO:gt864-forward-full-register-schedule.gt864_friso2_scaled_t1c1_slothy_start.split:[ 80- 82]: ****...... (4)
INFO:gt864-forward-full-register-schedule.gt864_friso2_scaled_t1c1_slothy_start.split:[ 82- 85]: ***....... (3)
INFO:gt864-forward-full-register-schedule.gt864_friso2_scaled_t1c1_slothy_start.split:[ 85- 88]: ***....... (3)
INFO:gt864-forward-full-register-schedule.gt864_friso2_scaled_t1c1_slothy_start.split:[ 88- 91]: ***....... (3)
INFO:gt864-forward-full-register-schedule.gt864_friso2_scaled_t1c1_slothy_start.split:[ 91- 93]: ***....... (3)
INFO:gt864-forward-full-register-schedule.gt864_friso2_scaled_t1c1_slothy_start.split:[ 93- 96]: ***....... (3)
INFO:gt864-forward-full-register-schedule.gt864_friso2_scaled_t1c1_slothy_start.split:[ 96- 99]: ***....... (3)
INFO:gt864-forward-full-register-schedule.gt864_friso2_scaled_t1c1_slothy_start.split:[ 99-102]: ***....... (3)
INFO:gt864-forward-full-register-schedule.gt864_friso2_scaled_t1c1_slothy_start.split:[102-104]: ***....... (3)
INFO:gt864-forward-full-register-schedule.gt864_friso2_scaled_t1c1_slothy_start.split:[104-107]: ***....... (3)
INFO:gt864-forward-full-register-schedule.gt864_friso2_scaled_t1c1_slothy_start.split:[107-110]: ****...... (4)
INFO:gt864-forward-full-register-schedule.gt864_friso2_scaled_t1c1_slothy_start.split:[110-113]: ****...... (4)
INFO:gt864-forward-full-register-schedule.gt864_friso2_scaled_t1c1_slothy_start.split:[113-115]: ****...... (4)
INFO:gt864-forward-full-register-schedule.gt864_friso2_scaled_t1c1_slothy_start.split:[115-118]: **........ (2)
INFO:gt864-forward-full-register-schedule.gt864_friso2_scaled_t1c1_slothy_start.split:[118-121]: **........ (2)
INFO:gt864-forward-full-register-schedule.gt864_friso2_scaled_t1c1_slothy_start.split:[121-124]: ***....... (3)
INFO:gt864-forward-full-register-schedule.gt864_friso2_scaled_t1c1_slothy_start.split:[124-126]: ***....... (3)
INFO:gt864-forward-full-register-schedule.gt864_friso2_scaled_t1c1_slothy_start.split:[126-129]: ***....... (3)
INFO:gt864-forward-full-register-schedule.gt864_friso2_scaled_t1c1_slothy_start.split:[129-132]: ***....... (3)
INFO:gt864-forward-full-register-schedule.gt864_friso2_scaled_t1c1_slothy_start.split:[132-135]: ***....... (3)
INFO:gt864-forward-full-register-schedule.gt864_friso2_scaled_t1c1_slothy_start.split:[135-138]: ***....... (3)
INFO:gt864-forward-full-register-schedule.gt864_friso2_scaled_t1c1_slothy_start.split.34_39:Perform internal binary search for minimal number of stalls...
INFO:gt864-forward-full-register-schedule.gt864_friso2_scaled_t1c1_slothy_start.split.34_39:Attempt optimization with max 256 stalls...
INFO:gt864-forward-full-register-schedule.gt864_friso2_scaled_t1c1_slothy_start.split.34_39:Setting timeout of 1800 seconds...
INFO:gt864-forward-full-register-schedule.gt864_friso2_scaled_t1c1_slothy_start.split.34_39:Objective: minimize cycles
INFO:gt864-forward-full-register-schedule.gt864_friso2_scaled_t1c1_slothy_start.split.34_39:Invoking external constraint solver (OR-Tools CP-SAT v9.15.6755) ...
INFO:gt864-forward-full-register-schedule.gt864_friso2_scaled_t1c1_slothy_start.split.34_39:[0.0127s]: Found 1 solutions so far... objective (minimize cycles): currently  (Cycles ~ 7.0, IPC ~ 0.71), bound  (Cycles ~ 6.0, IPC ~ 0.83)
INFO:gt864-forward-full-register-schedule.gt864_friso2_scaled_t1c1_slothy_start.split.34_39:OPTIMAL, wall time: 0.020594 s
INFO:gt864-forward-full-register-schedule.gt864_friso2_scaled_t1c1_slothy_start.split.34_39:Booleans in result: 21
INFO:gt864-forward-full-register-schedule.gt864_friso2_scaled_t1c1_slothy_start.split.34_39.selfcheck:OK!
INFO:gt864-forward-full-register-schedule.gt864_friso2_scaled_t1c1_slothy_start.split.34_39:Minimum number of stalls: 5
INFO:gt864-forward-full-register-schedule.gt864_friso2_scaled_t1c1_slothy_start.split:[  0-  2]: *......... (1)
INFO:gt864-forward-full-register-schedule.gt864_friso2_scaled_t1c1_slothy_start.split:[  2-  5]: ***....... (3)
INFO:gt864-forward-full-register-schedule.gt864_friso2_scaled_t1c1_slothy_start.split:[  5-  8]: **........ (2)
INFO:gt864-forward-full-register-schedule.gt864_friso2_scaled_t1c1_slothy_start.split:[  8- 11]: ***....... (3)
INFO:gt864-forward-full-register-schedule.gt864_friso2_scaled_t1c1_slothy_start.split:[ 11- 13]: ****...... (4)
INFO:gt864-forward-full-register-schedule.gt864_friso2_scaled_t1c1_slothy_start.split:[ 13- 16]: ***....... (3)
INFO:gt864-forward-full-register-schedule.gt864_friso2_scaled_t1c1_slothy_start.split:[ 16- 19]: ***....... (3)
INFO:gt864-forward-full-register-schedule.gt864_friso2_scaled_t1c1_slothy_start.split:[ 19- 22]: **........ (2)
INFO:gt864-forward-full-register-schedule.gt864_friso2_scaled_t1c1_slothy_start.split:[ 22- 24]: ***....... (3)
INFO:gt864-forward-full-register-schedule.gt864_friso2_scaled_t1c1_slothy_start.split:[ 24- 27]: ***....... (3)
INFO:gt864-forward-full-register-schedule.gt864_friso2_scaled_t1c1_slothy_start.split:[ 27- 30]: **........ (2)
INFO:gt864-forward-full-register-schedule.gt864_friso2_scaled_t1c1_slothy_start.split:[ 30- 33]: **........ (2)
INFO:gt864-forward-full-register-schedule.gt864_friso2_scaled_t1c1_slothy_start.split:[ 33- 35]: ***....... (3)
INFO:gt864-forward-full-register-schedule.gt864_friso2_scaled_t1c1_slothy_start.split:[ 35- 38]: ***....... (3)
INFO:gt864-forward-full-register-schedule.gt864_friso2_scaled_t1c1_slothy_start.split:[ 38- 41]: ***....... (3)
INFO:gt864-forward-full-register-schedule.gt864_friso2_scaled_t1c1_slothy_start.split:[ 41- 44]: ***....... (3)
INFO:gt864-forward-full-register-schedule.gt864_friso2_scaled_t1c1_slothy_start.split:[ 44- 46]: ***....... (3)
INFO:gt864-forward-full-register-schedule.gt864_friso2_scaled_t1c1_slothy_start.split:[ 46- 49]: ***....... (3)
INFO:gt864-forward-full-register-schedule.gt864_friso2_scaled_t1c1_slothy_start.split:[ 49- 52]: ***....... (3)
INFO:gt864-forward-full-register-schedule.gt864_friso2_scaled_t1c1_slothy_start.split:[ 52- 55]: ***....... (3)
INFO:gt864-forward-full-register-schedule.gt864_friso2_scaled_t1c1_slothy_start.split:[ 55- 57]: ***....... (3)
INFO:gt864-forward-full-register-schedule.gt864_friso2_scaled_t1c1_slothy_start.split:[ 57- 60]: ***....... (3)
INFO:gt864-forward-full-register-schedule.gt864_friso2_scaled_t1c1_slothy_start.split:[ 60- 63]: ***....... (3)
INFO:gt864-forward-full-register-schedule.gt864_friso2_scaled_t1c1_slothy_start.split:[ 63- 66]: **........ (2)
INFO:gt864-forward-full-register-schedule.gt864_friso2_scaled_t1c1_slothy_start.split:[ 66- 69]: **........ (2)
INFO:gt864-forward-full-register-schedule.gt864_friso2_scaled_t1c1_slothy_start.split:[ 69- 71]: **........ (2)
INFO:gt864-forward-full-register-schedule.gt864_friso2_scaled_t1c1_slothy_start.split:[ 71- 74]: ***....... (3)
INFO:gt864-forward-full-register-schedule.gt864_friso2_scaled_t1c1_slothy_start.split:[ 74- 77]: **........ (2)
INFO:gt864-forward-full-register-schedule.gt864_friso2_scaled_t1c1_slothy_start.split:[ 77- 80]: ***....... (3)
INFO:gt864-forward-full-register-schedule.gt864_friso2_scaled_t1c1_slothy_start.split:[ 80- 82]: ****...... (4)
INFO:gt864-forward-full-register-schedule.gt864_friso2_scaled_t1c1_slothy_start.split:[ 82- 85]: ***....... (3)
INFO:gt864-forward-full-register-schedule.gt864_friso2_scaled_t1c1_slothy_start.split:[ 85- 88]: ***....... (3)
INFO:gt864-forward-full-register-schedule.gt864_friso2_scaled_t1c1_slothy_start.split:[ 88- 91]: ***....... (3)
INFO:gt864-forward-full-register-schedule.gt864_friso2_scaled_t1c1_slothy_start.split:[ 91- 93]: ***....... (3)
INFO:gt864-forward-full-register-schedule.gt864_friso2_scaled_t1c1_slothy_start.split:[ 93- 96]: ***....... (3)
INFO:gt864-forward-full-register-schedule.gt864_friso2_scaled_t1c1_slothy_start.split:[ 96- 99]: ***....... (3)
INFO:gt864-forward-full-register-schedule.gt864_friso2_scaled_t1c1_slothy_start.split:[ 99-102]: ***....... (3)
INFO:gt864-forward-full-register-schedule.gt864_friso2_scaled_t1c1_slothy_start.split:[102-104]: ***....... (3)
INFO:gt864-forward-full-register-schedule.gt864_friso2_scaled_t1c1_slothy_start.split:[104-107]: ***....... (3)
INFO:gt864-forward-full-register-schedule.gt864_friso2_scaled_t1c1_slothy_start.split:[107-110]: ****...... (4)
INFO:gt864-forward-full-register-schedule.gt864_friso2_scaled_t1c1_slothy_start.split:[110-113]: ****...... (4)
INFO:gt864-forward-full-register-schedule.gt864_friso2_scaled_t1c1_slothy_start.split:[113-115]: ****...... (4)
INFO:gt864-forward-full-register-schedule.gt864_friso2_scaled_t1c1_slothy_start.split:[115-118]: **........ (2)
INFO:gt864-forward-full-register-schedule.gt864_friso2_scaled_t1c1_slothy_start.split:[118-121]: **........ (2)
INFO:gt864-forward-full-register-schedule.gt864_friso2_scaled_t1c1_slothy_start.split:[121-124]: ***....... (3)
INFO:gt864-forward-full-register-schedule.gt864_friso2_scaled_t1c1_slothy_start.split:[124-126]: ***....... (3)
INFO:gt864-forward-full-register-schedule.gt864_friso2_scaled_t1c1_slothy_start.split:[126-129]: ***....... (3)
INFO:gt864-forward-full-register-schedule.gt864_friso2_scaled_t1c1_slothy_start.split:[129-132]: ***....... (3)
INFO:gt864-forward-full-register-schedule.gt864_friso2_scaled_t1c1_slothy_start.split:[132-135]: ***....... (3)
INFO:gt864-forward-full-register-schedule.gt864_friso2_scaled_t1c1_slothy_start.split:[135-138]: ***....... (3)
INFO:gt864-forward-full-register-schedule.gt864_friso2_scaled_t1c1_slothy_start.split.41_46:Perform internal binary search for minimal number of stalls...
INFO:gt864-forward-full-register-schedule.gt864_friso2_scaled_t1c1_slothy_start.split.41_46:Attempt optimization with max 256 stalls...
INFO:gt864-forward-full-register-schedule.gt864_friso2_scaled_t1c1_slothy_start.split.41_46:Setting timeout of 1800 seconds...
INFO:gt864-forward-full-register-schedule.gt864_friso2_scaled_t1c1_slothy_start.split.41_46:Objective: minimize cycles
INFO:gt864-forward-full-register-schedule.gt864_friso2_scaled_t1c1_slothy_start.split.41_46:Invoking external constraint solver (OR-Tools CP-SAT v9.15.6755) ...
INFO:gt864-forward-full-register-schedule.gt864_friso2_scaled_t1c1_slothy_start.split.41_46:[0.0116s]: Found 1 solutions so far... objective (minimize cycles): currently  (Cycles ~ 10.0, IPC ~ 0.50), bound  (Cycles ~ 10.0, IPC ~ 0.50)
INFO:gt864-forward-full-register-schedule.gt864_friso2_scaled_t1c1_slothy_start.split.41_46:Closer than 0 stalls to theoretical optimum... stop
INFO:gt864-forward-full-register-schedule.gt864_friso2_scaled_t1c1_slothy_start.split.41_46:OPTIMAL, wall time: 0.020414 s
INFO:gt864-forward-full-register-schedule.gt864_friso2_scaled_t1c1_slothy_start.split.41_46:Booleans in result: 18
INFO:gt864-forward-full-register-schedule.gt864_friso2_scaled_t1c1_slothy_start.split.41_46.selfcheck:OK!
INFO:gt864-forward-full-register-schedule.gt864_friso2_scaled_t1c1_slothy_start.split.41_46:Minimum number of stalls: 8
INFO:gt864-forward-full-register-schedule.gt864_friso2_scaled_t1c1_slothy_start.split:[  0-  2]: *......... (1)
INFO:gt864-forward-full-register-schedule.gt864_friso2_scaled_t1c1_slothy_start.split:[  2-  5]: ***....... (3)
INFO:gt864-forward-full-register-schedule.gt864_friso2_scaled_t1c1_slothy_start.split:[  5-  8]: **........ (2)
INFO:gt864-forward-full-register-schedule.gt864_friso2_scaled_t1c1_slothy_start.split:[  8- 11]: ***....... (3)
INFO:gt864-forward-full-register-schedule.gt864_friso2_scaled_t1c1_slothy_start.split:[ 11- 13]: ****...... (4)
INFO:gt864-forward-full-register-schedule.gt864_friso2_scaled_t1c1_slothy_start.split:[ 13- 16]: ***....... (3)
INFO:gt864-forward-full-register-schedule.gt864_friso2_scaled_t1c1_slothy_start.split:[ 16- 19]: ***....... (3)
INFO:gt864-forward-full-register-schedule.gt864_friso2_scaled_t1c1_slothy_start.split:[ 19- 22]: **........ (2)
INFO:gt864-forward-full-register-schedule.gt864_friso2_scaled_t1c1_slothy_start.split:[ 22- 24]: ***....... (3)
INFO:gt864-forward-full-register-schedule.gt864_friso2_scaled_t1c1_slothy_start.split:[ 24- 27]: ***....... (3)
INFO:gt864-forward-full-register-schedule.gt864_friso2_scaled_t1c1_slothy_start.split:[ 27- 30]: **........ (2)
INFO:gt864-forward-full-register-schedule.gt864_friso2_scaled_t1c1_slothy_start.split:[ 30- 33]: **........ (2)
INFO:gt864-forward-full-register-schedule.gt864_friso2_scaled_t1c1_slothy_start.split:[ 33- 35]: ***....... (3)
INFO:gt864-forward-full-register-schedule.gt864_friso2_scaled_t1c1_slothy_start.split:[ 35- 38]: ***....... (3)
INFO:gt864-forward-full-register-schedule.gt864_friso2_scaled_t1c1_slothy_start.split:[ 38- 41]: **........ (2)
INFO:gt864-forward-full-register-schedule.gt864_friso2_scaled_t1c1_slothy_start.split:[ 41- 44]: **........ (2)
INFO:gt864-forward-full-register-schedule.gt864_friso2_scaled_t1c1_slothy_start.split:[ 44- 46]: ***....... (3)
INFO:gt864-forward-full-register-schedule.gt864_friso2_scaled_t1c1_slothy_start.split:[ 46- 49]: ***....... (3)
INFO:gt864-forward-full-register-schedule.gt864_friso2_scaled_t1c1_slothy_start.split:[ 49- 52]: ***....... (3)
INFO:gt864-forward-full-register-schedule.gt864_friso2_scaled_t1c1_slothy_start.split:[ 52- 55]: ***....... (3)
INFO:gt864-forward-full-register-schedule.gt864_friso2_scaled_t1c1_slothy_start.split:[ 55- 57]: ***....... (3)
INFO:gt864-forward-full-register-schedule.gt864_friso2_scaled_t1c1_slothy_start.split:[ 57- 60]: ***....... (3)
INFO:gt864-forward-full-register-schedule.gt864_friso2_scaled_t1c1_slothy_start.split:[ 60- 63]: ***....... (3)
INFO:gt864-forward-full-register-schedule.gt864_friso2_scaled_t1c1_slothy_start.split:[ 63- 66]: **........ (2)
INFO:gt864-forward-full-register-schedule.gt864_friso2_scaled_t1c1_slothy_start.split:[ 66- 69]: **........ (2)
INFO:gt864-forward-full-register-schedule.gt864_friso2_scaled_t1c1_slothy_start.split:[ 69- 71]: **........ (2)
INFO:gt864-forward-full-register-schedule.gt864_friso2_scaled_t1c1_slothy_start.split:[ 71- 74]: ***....... (3)
INFO:gt864-forward-full-register-schedule.gt864_friso2_scaled_t1c1_slothy_start.split:[ 74- 77]: **........ (2)
INFO:gt864-forward-full-register-schedule.gt864_friso2_scaled_t1c1_slothy_start.split:[ 77- 80]: ***....... (3)
INFO:gt864-forward-full-register-schedule.gt864_friso2_scaled_t1c1_slothy_start.split:[ 80- 82]: ****...... (4)
INFO:gt864-forward-full-register-schedule.gt864_friso2_scaled_t1c1_slothy_start.split:[ 82- 85]: ***....... (3)
INFO:gt864-forward-full-register-schedule.gt864_friso2_scaled_t1c1_slothy_start.split:[ 85- 88]: ***....... (3)
INFO:gt864-forward-full-register-schedule.gt864_friso2_scaled_t1c1_slothy_start.split:[ 88- 91]: ***....... (3)
INFO:gt864-forward-full-register-schedule.gt864_friso2_scaled_t1c1_slothy_start.split:[ 91- 93]: ***....... (3)
INFO:gt864-forward-full-register-schedule.gt864_friso2_scaled_t1c1_slothy_start.split:[ 93- 96]: ***....... (3)
INFO:gt864-forward-full-register-schedule.gt864_friso2_scaled_t1c1_slothy_start.split:[ 96- 99]: ***....... (3)
INFO:gt864-forward-full-register-schedule.gt864_friso2_scaled_t1c1_slothy_start.split:[ 99-102]: ***....... (3)
INFO:gt864-forward-full-register-schedule.gt864_friso2_scaled_t1c1_slothy_start.split:[102-104]: ***....... (3)
INFO:gt864-forward-full-register-schedule.gt864_friso2_scaled_t1c1_slothy_start.split:[104-107]: ***....... (3)
INFO:gt864-forward-full-register-schedule.gt864_friso2_scaled_t1c1_slothy_start.split:[107-110]: ****...... (4)
INFO:gt864-forward-full-register-schedule.gt864_friso2_scaled_t1c1_slothy_start.split:[110-113]: ****...... (4)
INFO:gt864-forward-full-register-schedule.gt864_friso2_scaled_t1c1_slothy_start.split:[113-115]: ****...... (4)
INFO:gt864-forward-full-register-schedule.gt864_friso2_scaled_t1c1_slothy_start.split:[115-118]: **........ (2)
INFO:gt864-forward-full-register-schedule.gt864_friso2_scaled_t1c1_slothy_start.split:[118-121]: **........ (2)
INFO:gt864-forward-full-register-schedule.gt864_friso2_scaled_t1c1_slothy_start.split:[121-124]: ***....... (3)
INFO:gt864-forward-full-register-schedule.gt864_friso2_scaled_t1c1_slothy_start.split:[124-126]: ***....... (3)
INFO:gt864-forward-full-register-schedule.gt864_friso2_scaled_t1c1_slothy_start.split:[126-129]: ***....... (3)
INFO:gt864-forward-full-register-schedule.gt864_friso2_scaled_t1c1_slothy_start.split:[129-132]: ***....... (3)
INFO:gt864-forward-full-register-schedule.gt864_friso2_scaled_t1c1_slothy_start.split:[132-135]: ***....... (3)
INFO:gt864-forward-full-register-schedule.gt864_friso2_scaled_t1c1_slothy_start.split:[135-138]: ***....... (3)
INFO:gt864-forward-full-register-schedule.gt864_friso2_scaled_t1c1_slothy_start.split.48_53:Perform internal binary search for minimal number of stalls...
INFO:gt864-forward-full-register-schedule.gt864_friso2_scaled_t1c1_slothy_start.split.48_53:Attempt optimization with max 256 stalls...
INFO:gt864-forward-full-register-schedule.gt864_friso2_scaled_t1c1_slothy_start.split.48_53:Setting timeout of 1800 seconds...
INFO:gt864-forward-full-register-schedule.gt864_friso2_scaled_t1c1_slothy_start.split.48_53:Objective: minimize cycles
INFO:gt864-forward-full-register-schedule.gt864_friso2_scaled_t1c1_slothy_start.split.48_53:Invoking external constraint solver (OR-Tools CP-SAT v9.15.6755) ...
INFO:gt864-forward-full-register-schedule.gt864_friso2_scaled_t1c1_slothy_start.split.48_53:[0.0151s]: Found 1 solutions so far... objective (minimize cycles): currently  (Cycles ~ 10.0, IPC ~ 0.50), bound  (Cycles ~ 6.0, IPC ~ 0.83)
INFO:gt864-forward-full-register-schedule.gt864_friso2_scaled_t1c1_slothy_start.split.48_53:[0.0158s]: Found 2 solutions so far... objective (minimize cycles): currently  (Cycles ~ 7.0, IPC ~ 0.71), bound  (Cycles ~ 6.0, IPC ~ 0.83)
INFO:gt864-forward-full-register-schedule.gt864_friso2_scaled_t1c1_slothy_start.split.48_53:OPTIMAL, wall time: 0.024658 s
INFO:gt864-forward-full-register-schedule.gt864_friso2_scaled_t1c1_slothy_start.split.48_53:Booleans in result: 19
INFO:gt864-forward-full-register-schedule.gt864_friso2_scaled_t1c1_slothy_start.split.48_53.selfcheck:OK!
INFO:gt864-forward-full-register-schedule.gt864_friso2_scaled_t1c1_slothy_start.split.48_53:Minimum number of stalls: 5
INFO:gt864-forward-full-register-schedule.gt864_friso2_scaled_t1c1_slothy_start.split:[  0-  2]: *......... (1)
INFO:gt864-forward-full-register-schedule.gt864_friso2_scaled_t1c1_slothy_start.split:[  2-  5]: ***....... (3)
INFO:gt864-forward-full-register-schedule.gt864_friso2_scaled_t1c1_slothy_start.split:[  5-  8]: **........ (2)
INFO:gt864-forward-full-register-schedule.gt864_friso2_scaled_t1c1_slothy_start.split:[  8- 11]: ***....... (3)
INFO:gt864-forward-full-register-schedule.gt864_friso2_scaled_t1c1_slothy_start.split:[ 11- 13]: ****...... (4)
INFO:gt864-forward-full-register-schedule.gt864_friso2_scaled_t1c1_slothy_start.split:[ 13- 16]: ***....... (3)
INFO:gt864-forward-full-register-schedule.gt864_friso2_scaled_t1c1_slothy_start.split:[ 16- 19]: ***....... (3)
INFO:gt864-forward-full-register-schedule.gt864_friso2_scaled_t1c1_slothy_start.split:[ 19- 22]: **........ (2)
INFO:gt864-forward-full-register-schedule.gt864_friso2_scaled_t1c1_slothy_start.split:[ 22- 24]: ***....... (3)
INFO:gt864-forward-full-register-schedule.gt864_friso2_scaled_t1c1_slothy_start.split:[ 24- 27]: ***....... (3)
INFO:gt864-forward-full-register-schedule.gt864_friso2_scaled_t1c1_slothy_start.split:[ 27- 30]: **........ (2)
INFO:gt864-forward-full-register-schedule.gt864_friso2_scaled_t1c1_slothy_start.split:[ 30- 33]: **........ (2)
INFO:gt864-forward-full-register-schedule.gt864_friso2_scaled_t1c1_slothy_start.split:[ 33- 35]: ***....... (3)
INFO:gt864-forward-full-register-schedule.gt864_friso2_scaled_t1c1_slothy_start.split:[ 35- 38]: ***....... (3)
INFO:gt864-forward-full-register-schedule.gt864_friso2_scaled_t1c1_slothy_start.split:[ 38- 41]: **........ (2)
INFO:gt864-forward-full-register-schedule.gt864_friso2_scaled_t1c1_slothy_start.split:[ 41- 44]: **........ (2)
INFO:gt864-forward-full-register-schedule.gt864_friso2_scaled_t1c1_slothy_start.split:[ 44- 46]: ***....... (3)
INFO:gt864-forward-full-register-schedule.gt864_friso2_scaled_t1c1_slothy_start.split:[ 46- 49]: ***....... (3)
INFO:gt864-forward-full-register-schedule.gt864_friso2_scaled_t1c1_slothy_start.split:[ 49- 52]: ***....... (3)
INFO:gt864-forward-full-register-schedule.gt864_friso2_scaled_t1c1_slothy_start.split:[ 52- 55]: ***....... (3)
INFO:gt864-forward-full-register-schedule.gt864_friso2_scaled_t1c1_slothy_start.split:[ 55- 57]: ***....... (3)
INFO:gt864-forward-full-register-schedule.gt864_friso2_scaled_t1c1_slothy_start.split:[ 57- 60]: ***....... (3)
INFO:gt864-forward-full-register-schedule.gt864_friso2_scaled_t1c1_slothy_start.split:[ 60- 63]: ***....... (3)
INFO:gt864-forward-full-register-schedule.gt864_friso2_scaled_t1c1_slothy_start.split:[ 63- 66]: **........ (2)
INFO:gt864-forward-full-register-schedule.gt864_friso2_scaled_t1c1_slothy_start.split:[ 66- 69]: **........ (2)
INFO:gt864-forward-full-register-schedule.gt864_friso2_scaled_t1c1_slothy_start.split:[ 69- 71]: **........ (2)
INFO:gt864-forward-full-register-schedule.gt864_friso2_scaled_t1c1_slothy_start.split:[ 71- 74]: ***....... (3)
INFO:gt864-forward-full-register-schedule.gt864_friso2_scaled_t1c1_slothy_start.split:[ 74- 77]: **........ (2)
INFO:gt864-forward-full-register-schedule.gt864_friso2_scaled_t1c1_slothy_start.split:[ 77- 80]: ***....... (3)
INFO:gt864-forward-full-register-schedule.gt864_friso2_scaled_t1c1_slothy_start.split:[ 80- 82]: ****...... (4)
INFO:gt864-forward-full-register-schedule.gt864_friso2_scaled_t1c1_slothy_start.split:[ 82- 85]: ***....... (3)
INFO:gt864-forward-full-register-schedule.gt864_friso2_scaled_t1c1_slothy_start.split:[ 85- 88]: ***....... (3)
INFO:gt864-forward-full-register-schedule.gt864_friso2_scaled_t1c1_slothy_start.split:[ 88- 91]: ***....... (3)
INFO:gt864-forward-full-register-schedule.gt864_friso2_scaled_t1c1_slothy_start.split:[ 91- 93]: ***....... (3)
INFO:gt864-forward-full-register-schedule.gt864_friso2_scaled_t1c1_slothy_start.split:[ 93- 96]: ***....... (3)
INFO:gt864-forward-full-register-schedule.gt864_friso2_scaled_t1c1_slothy_start.split:[ 96- 99]: ***....... (3)
INFO:gt864-forward-full-register-schedule.gt864_friso2_scaled_t1c1_slothy_start.split:[ 99-102]: ***....... (3)
INFO:gt864-forward-full-register-schedule.gt864_friso2_scaled_t1c1_slothy_start.split:[102-104]: ***....... (3)
INFO:gt864-forward-full-register-schedule.gt864_friso2_scaled_t1c1_slothy_start.split:[104-107]: ***....... (3)
INFO:gt864-forward-full-register-schedule.gt864_friso2_scaled_t1c1_slothy_start.split:[107-110]: ****...... (4)
INFO:gt864-forward-full-register-schedule.gt864_friso2_scaled_t1c1_slothy_start.split:[110-113]: ****...... (4)
INFO:gt864-forward-full-register-schedule.gt864_friso2_scaled_t1c1_slothy_start.split:[113-115]: ****...... (4)
INFO:gt864-forward-full-register-schedule.gt864_friso2_scaled_t1c1_slothy_start.split:[115-118]: **........ (2)
INFO:gt864-forward-full-register-schedule.gt864_friso2_scaled_t1c1_slothy_start.split:[118-121]: **........ (2)
INFO:gt864-forward-full-register-schedule.gt864_friso2_scaled_t1c1_slothy_start.split:[121-124]: ***....... (3)
INFO:gt864-forward-full-register-schedule.gt864_friso2_scaled_t1c1_slothy_start.split:[124-126]: ***....... (3)
INFO:gt864-forward-full-register-schedule.gt864_friso2_scaled_t1c1_slothy_start.split:[126-129]: ***....... (3)
INFO:gt864-forward-full-register-schedule.gt864_friso2_scaled_t1c1_slothy_start.split:[129-132]: ***....... (3)
INFO:gt864-forward-full-register-schedule.gt864_friso2_scaled_t1c1_slothy_start.split:[132-135]: ***....... (3)
INFO:gt864-forward-full-register-schedule.gt864_friso2_scaled_t1c1_slothy_start.split:[135-138]: ***....... (3)
INFO:gt864-forward-full-register-schedule.gt864_friso2_scaled_t1c1_slothy_start.split.55_60:Perform internal binary search for minimal number of stalls...
INFO:gt864-forward-full-register-schedule.gt864_friso2_scaled_t1c1_slothy_start.split.55_60:Attempt optimization with max 256 stalls...
INFO:gt864-forward-full-register-schedule.gt864_friso2_scaled_t1c1_slothy_start.split.55_60:Setting timeout of 1800 seconds...
INFO:gt864-forward-full-register-schedule.gt864_friso2_scaled_t1c1_slothy_start.split.55_60:Objective: minimize cycles
INFO:gt864-forward-full-register-schedule.gt864_friso2_scaled_t1c1_slothy_start.split.55_60:Invoking external constraint solver (OR-Tools CP-SAT v9.15.6755) ...
INFO:gt864-forward-full-register-schedule.gt864_friso2_scaled_t1c1_slothy_start.split.55_60:[0.0169s]: Found 1 solutions so far... objective (minimize cycles): currently  (Cycles ~ 7.0, IPC ~ 0.71), bound  (Cycles ~ 3.0, IPC ~ 1.67)
INFO:gt864-forward-full-register-schedule.gt864_friso2_scaled_t1c1_slothy_start.split.55_60:[0.0177s]: Found 2 solutions so far... objective (minimize cycles): currently  (Cycles ~ 4.0, IPC ~ 1.25), bound  (Cycles ~ 3.0, IPC ~ 1.67)
INFO:gt864-forward-full-register-schedule.gt864_friso2_scaled_t1c1_slothy_start.split.55_60:[0.0183s]: Found 3 solutions so far... objective (minimize cycles): currently  (Cycles ~ 3.0, IPC ~ 1.67), bound  (Cycles ~ 3.0, IPC ~ 1.67)
INFO:gt864-forward-full-register-schedule.gt864_friso2_scaled_t1c1_slothy_start.split.55_60:Closer than 0 stalls to theoretical optimum... stop
INFO:gt864-forward-full-register-schedule.gt864_friso2_scaled_t1c1_slothy_start.split.55_60:OPTIMAL, wall time: 0.026371 s
INFO:gt864-forward-full-register-schedule.gt864_friso2_scaled_t1c1_slothy_start.split.55_60:Booleans in result: 44
INFO:gt864-forward-full-register-schedule.gt864_friso2_scaled_t1c1_slothy_start.split.55_60.selfcheck:OK!
INFO:gt864-forward-full-register-schedule.gt864_friso2_scaled_t1c1_slothy_start.split.55_60:Minimum number of stalls: 1
INFO:gt864-forward-full-register-schedule.gt864_friso2_scaled_t1c1_slothy_start.split:[  0-  2]: *......... (1)
INFO:gt864-forward-full-register-schedule.gt864_friso2_scaled_t1c1_slothy_start.split:[  2-  5]: ***....... (3)
INFO:gt864-forward-full-register-schedule.gt864_friso2_scaled_t1c1_slothy_start.split:[  5-  8]: **........ (2)
INFO:gt864-forward-full-register-schedule.gt864_friso2_scaled_t1c1_slothy_start.split:[  8- 11]: ***....... (3)
INFO:gt864-forward-full-register-schedule.gt864_friso2_scaled_t1c1_slothy_start.split:[ 11- 13]: ****...... (4)
INFO:gt864-forward-full-register-schedule.gt864_friso2_scaled_t1c1_slothy_start.split:[ 13- 16]: ***....... (3)
INFO:gt864-forward-full-register-schedule.gt864_friso2_scaled_t1c1_slothy_start.split:[ 16- 19]: ***....... (3)
INFO:gt864-forward-full-register-schedule.gt864_friso2_scaled_t1c1_slothy_start.split:[ 19- 22]: **........ (2)
INFO:gt864-forward-full-register-schedule.gt864_friso2_scaled_t1c1_slothy_start.split:[ 22- 24]: ***....... (3)
INFO:gt864-forward-full-register-schedule.gt864_friso2_scaled_t1c1_slothy_start.split:[ 24- 27]: ***....... (3)
INFO:gt864-forward-full-register-schedule.gt864_friso2_scaled_t1c1_slothy_start.split:[ 27- 30]: **........ (2)
INFO:gt864-forward-full-register-schedule.gt864_friso2_scaled_t1c1_slothy_start.split:[ 30- 33]: **........ (2)
INFO:gt864-forward-full-register-schedule.gt864_friso2_scaled_t1c1_slothy_start.split:[ 33- 35]: ***....... (3)
INFO:gt864-forward-full-register-schedule.gt864_friso2_scaled_t1c1_slothy_start.split:[ 35- 38]: ***....... (3)
INFO:gt864-forward-full-register-schedule.gt864_friso2_scaled_t1c1_slothy_start.split:[ 38- 41]: **........ (2)
INFO:gt864-forward-full-register-schedule.gt864_friso2_scaled_t1c1_slothy_start.split:[ 41- 44]: **........ (2)
INFO:gt864-forward-full-register-schedule.gt864_friso2_scaled_t1c1_slothy_start.split:[ 44- 46]: ***....... (3)
INFO:gt864-forward-full-register-schedule.gt864_friso2_scaled_t1c1_slothy_start.split:[ 46- 49]: ***....... (3)
INFO:gt864-forward-full-register-schedule.gt864_friso2_scaled_t1c1_slothy_start.split:[ 49- 52]: ***....... (3)
INFO:gt864-forward-full-register-schedule.gt864_friso2_scaled_t1c1_slothy_start.split:[ 52- 55]: **........ (2)
INFO:gt864-forward-full-register-schedule.gt864_friso2_scaled_t1c1_slothy_start.split:[ 55- 57]: **........ (2)
INFO:gt864-forward-full-register-schedule.gt864_friso2_scaled_t1c1_slothy_start.split:[ 57- 60]: **........ (2)
INFO:gt864-forward-full-register-schedule.gt864_friso2_scaled_t1c1_slothy_start.split:[ 60- 63]: ***....... (3)
INFO:gt864-forward-full-register-schedule.gt864_friso2_scaled_t1c1_slothy_start.split:[ 63- 66]: **........ (2)
INFO:gt864-forward-full-register-schedule.gt864_friso2_scaled_t1c1_slothy_start.split:[ 66- 69]: **........ (2)
INFO:gt864-forward-full-register-schedule.gt864_friso2_scaled_t1c1_slothy_start.split:[ 69- 71]: **........ (2)
INFO:gt864-forward-full-register-schedule.gt864_friso2_scaled_t1c1_slothy_start.split:[ 71- 74]: ***....... (3)
INFO:gt864-forward-full-register-schedule.gt864_friso2_scaled_t1c1_slothy_start.split:[ 74- 77]: **........ (2)
INFO:gt864-forward-full-register-schedule.gt864_friso2_scaled_t1c1_slothy_start.split:[ 77- 80]: ***....... (3)
INFO:gt864-forward-full-register-schedule.gt864_friso2_scaled_t1c1_slothy_start.split:[ 80- 82]: ****...... (4)
INFO:gt864-forward-full-register-schedule.gt864_friso2_scaled_t1c1_slothy_start.split:[ 82- 85]: ***....... (3)
INFO:gt864-forward-full-register-schedule.gt864_friso2_scaled_t1c1_slothy_start.split:[ 85- 88]: ***....... (3)
INFO:gt864-forward-full-register-schedule.gt864_friso2_scaled_t1c1_slothy_start.split:[ 88- 91]: ***....... (3)
INFO:gt864-forward-full-register-schedule.gt864_friso2_scaled_t1c1_slothy_start.split:[ 91- 93]: ***....... (3)
INFO:gt864-forward-full-register-schedule.gt864_friso2_scaled_t1c1_slothy_start.split:[ 93- 96]: ***....... (3)
INFO:gt864-forward-full-register-schedule.gt864_friso2_scaled_t1c1_slothy_start.split:[ 96- 99]: ***....... (3)
INFO:gt864-forward-full-register-schedule.gt864_friso2_scaled_t1c1_slothy_start.split:[ 99-102]: ***....... (3)
INFO:gt864-forward-full-register-schedule.gt864_friso2_scaled_t1c1_slothy_start.split:[102-104]: ***....... (3)
INFO:gt864-forward-full-register-schedule.gt864_friso2_scaled_t1c1_slothy_start.split:[104-107]: ***....... (3)
INFO:gt864-forward-full-register-schedule.gt864_friso2_scaled_t1c1_slothy_start.split:[107-110]: ****...... (4)
INFO:gt864-forward-full-register-schedule.gt864_friso2_scaled_t1c1_slothy_start.split:[110-113]: ****...... (4)
INFO:gt864-forward-full-register-schedule.gt864_friso2_scaled_t1c1_slothy_start.split:[113-115]: ****...... (4)
INFO:gt864-forward-full-register-schedule.gt864_friso2_scaled_t1c1_slothy_start.split:[115-118]: **........ (2)
INFO:gt864-forward-full-register-schedule.gt864_friso2_scaled_t1c1_slothy_start.split:[118-121]: **........ (2)
INFO:gt864-forward-full-register-schedule.gt864_friso2_scaled_t1c1_slothy_start.split:[121-124]: ***....... (3)
INFO:gt864-forward-full-register-schedule.gt864_friso2_scaled_t1c1_slothy_start.split:[124-126]: ***....... (3)
INFO:gt864-forward-full-register-schedule.gt864_friso2_scaled_t1c1_slothy_start.split:[126-129]: ***....... (3)
INFO:gt864-forward-full-register-schedule.gt864_friso2_scaled_t1c1_slothy_start.split:[129-132]: ***....... (3)
INFO:gt864-forward-full-register-schedule.gt864_friso2_scaled_t1c1_slothy_start.split:[132-135]: ***....... (3)
INFO:gt864-forward-full-register-schedule.gt864_friso2_scaled_t1c1_slothy_start.split:[135-138]: ***....... (3)
INFO:gt864-forward-full-register-schedule.gt864_friso2_scaled_t1c1_slothy_start.split.62_66:Perform internal binary search for minimal number of stalls...
INFO:gt864-forward-full-register-schedule.gt864_friso2_scaled_t1c1_slothy_start.split.62_66:Attempt optimization with max 256 stalls...
INFO:gt864-forward-full-register-schedule.gt864_friso2_scaled_t1c1_slothy_start.split.62_66:Setting timeout of 1800 seconds...
INFO:gt864-forward-full-register-schedule.gt864_friso2_scaled_t1c1_slothy_start.split.62_66:Objective: minimize cycles
INFO:gt864-forward-full-register-schedule.gt864_friso2_scaled_t1c1_slothy_start.split.62_66:Invoking external constraint solver (OR-Tools CP-SAT v9.15.6755) ...
INFO:gt864-forward-full-register-schedule.gt864_friso2_scaled_t1c1_slothy_start.split.62_66:[0.0113s]: Found 1 solutions so far... objective (minimize cycles): currently  (Cycles ~ 11.0, IPC ~ 0.36), bound  (Cycles ~ 11.0, IPC ~ 0.36)
INFO:gt864-forward-full-register-schedule.gt864_friso2_scaled_t1c1_slothy_start.split.62_66:Closer than 0 stalls to theoretical optimum... stop
INFO:gt864-forward-full-register-schedule.gt864_friso2_scaled_t1c1_slothy_start.split.62_66:OPTIMAL, wall time: 0.016745 s
INFO:gt864-forward-full-register-schedule.gt864_friso2_scaled_t1c1_slothy_start.split.62_66:Booleans in result: 62
INFO:gt864-forward-full-register-schedule.gt864_friso2_scaled_t1c1_slothy_start.split.62_66.selfcheck:OK!
INFO:gt864-forward-full-register-schedule.gt864_friso2_scaled_t1c1_slothy_start.split.62_66:Minimum number of stalls: 10
INFO:gt864-forward-full-register-schedule.gt864_friso2_scaled_t1c1_slothy_start.split:[  0-  2]: *......... (1)
INFO:gt864-forward-full-register-schedule.gt864_friso2_scaled_t1c1_slothy_start.split:[  2-  5]: ***....... (3)
INFO:gt864-forward-full-register-schedule.gt864_friso2_scaled_t1c1_slothy_start.split:[  5-  8]: **........ (2)
INFO:gt864-forward-full-register-schedule.gt864_friso2_scaled_t1c1_slothy_start.split:[  8- 11]: ***....... (3)
INFO:gt864-forward-full-register-schedule.gt864_friso2_scaled_t1c1_slothy_start.split:[ 11- 13]: ****...... (4)
INFO:gt864-forward-full-register-schedule.gt864_friso2_scaled_t1c1_slothy_start.split:[ 13- 16]: ***....... (3)
INFO:gt864-forward-full-register-schedule.gt864_friso2_scaled_t1c1_slothy_start.split:[ 16- 19]: ***....... (3)
INFO:gt864-forward-full-register-schedule.gt864_friso2_scaled_t1c1_slothy_start.split:[ 19- 22]: **........ (2)
INFO:gt864-forward-full-register-schedule.gt864_friso2_scaled_t1c1_slothy_start.split:[ 22- 24]: ***....... (3)
INFO:gt864-forward-full-register-schedule.gt864_friso2_scaled_t1c1_slothy_start.split:[ 24- 27]: ***....... (3)
INFO:gt864-forward-full-register-schedule.gt864_friso2_scaled_t1c1_slothy_start.split:[ 27- 30]: **........ (2)
INFO:gt864-forward-full-register-schedule.gt864_friso2_scaled_t1c1_slothy_start.split:[ 30- 33]: **........ (2)
INFO:gt864-forward-full-register-schedule.gt864_friso2_scaled_t1c1_slothy_start.split:[ 33- 35]: ***....... (3)
INFO:gt864-forward-full-register-schedule.gt864_friso2_scaled_t1c1_slothy_start.split:[ 35- 38]: ***....... (3)
INFO:gt864-forward-full-register-schedule.gt864_friso2_scaled_t1c1_slothy_start.split:[ 38- 41]: **........ (2)
INFO:gt864-forward-full-register-schedule.gt864_friso2_scaled_t1c1_slothy_start.split:[ 41- 44]: **........ (2)
INFO:gt864-forward-full-register-schedule.gt864_friso2_scaled_t1c1_slothy_start.split:[ 44- 46]: ***....... (3)
INFO:gt864-forward-full-register-schedule.gt864_friso2_scaled_t1c1_slothy_start.split:[ 46- 49]: ***....... (3)
INFO:gt864-forward-full-register-schedule.gt864_friso2_scaled_t1c1_slothy_start.split:[ 49- 52]: ***....... (3)
INFO:gt864-forward-full-register-schedule.gt864_friso2_scaled_t1c1_slothy_start.split:[ 52- 55]: **........ (2)
INFO:gt864-forward-full-register-schedule.gt864_friso2_scaled_t1c1_slothy_start.split:[ 55- 57]: **........ (2)
INFO:gt864-forward-full-register-schedule.gt864_friso2_scaled_t1c1_slothy_start.split:[ 57- 60]: **........ (2)
INFO:gt864-forward-full-register-schedule.gt864_friso2_scaled_t1c1_slothy_start.split:[ 60- 63]: ***....... (3)
INFO:gt864-forward-full-register-schedule.gt864_friso2_scaled_t1c1_slothy_start.split:[ 63- 66]: ***....... (3)
INFO:gt864-forward-full-register-schedule.gt864_friso2_scaled_t1c1_slothy_start.split:[ 66- 69]: **........ (2)
INFO:gt864-forward-full-register-schedule.gt864_friso2_scaled_t1c1_slothy_start.split:[ 69- 71]: **........ (2)
INFO:gt864-forward-full-register-schedule.gt864_friso2_scaled_t1c1_slothy_start.split:[ 71- 74]: ***....... (3)
INFO:gt864-forward-full-register-schedule.gt864_friso2_scaled_t1c1_slothy_start.split:[ 74- 77]: **........ (2)
INFO:gt864-forward-full-register-schedule.gt864_friso2_scaled_t1c1_slothy_start.split:[ 77- 80]: ***....... (3)
INFO:gt864-forward-full-register-schedule.gt864_friso2_scaled_t1c1_slothy_start.split:[ 80- 82]: ****...... (4)
INFO:gt864-forward-full-register-schedule.gt864_friso2_scaled_t1c1_slothy_start.split:[ 82- 85]: ***....... (3)
INFO:gt864-forward-full-register-schedule.gt864_friso2_scaled_t1c1_slothy_start.split:[ 85- 88]: ***....... (3)
INFO:gt864-forward-full-register-schedule.gt864_friso2_scaled_t1c1_slothy_start.split:[ 88- 91]: ***....... (3)
INFO:gt864-forward-full-register-schedule.gt864_friso2_scaled_t1c1_slothy_start.split:[ 91- 93]: ***....... (3)
INFO:gt864-forward-full-register-schedule.gt864_friso2_scaled_t1c1_slothy_start.split:[ 93- 96]: ***....... (3)
INFO:gt864-forward-full-register-schedule.gt864_friso2_scaled_t1c1_slothy_start.split:[ 96- 99]: ***....... (3)
INFO:gt864-forward-full-register-schedule.gt864_friso2_scaled_t1c1_slothy_start.split:[ 99-102]: ***....... (3)
INFO:gt864-forward-full-register-schedule.gt864_friso2_scaled_t1c1_slothy_start.split:[102-104]: ***....... (3)
INFO:gt864-forward-full-register-schedule.gt864_friso2_scaled_t1c1_slothy_start.split:[104-107]: ***....... (3)
INFO:gt864-forward-full-register-schedule.gt864_friso2_scaled_t1c1_slothy_start.split:[107-110]: ****...... (4)
INFO:gt864-forward-full-register-schedule.gt864_friso2_scaled_t1c1_slothy_start.split:[110-113]: ****...... (4)
INFO:gt864-forward-full-register-schedule.gt864_friso2_scaled_t1c1_slothy_start.split:[113-115]: ****...... (4)
INFO:gt864-forward-full-register-schedule.gt864_friso2_scaled_t1c1_slothy_start.split:[115-118]: **........ (2)
INFO:gt864-forward-full-register-schedule.gt864_friso2_scaled_t1c1_slothy_start.split:[118-121]: **........ (2)
INFO:gt864-forward-full-register-schedule.gt864_friso2_scaled_t1c1_slothy_start.split:[121-124]: ***....... (3)
INFO:gt864-forward-full-register-schedule.gt864_friso2_scaled_t1c1_slothy_start.split:[124-126]: ***....... (3)
INFO:gt864-forward-full-register-schedule.gt864_friso2_scaled_t1c1_slothy_start.split:[126-129]: ***....... (3)
INFO:gt864-forward-full-register-schedule.gt864_friso2_scaled_t1c1_slothy_start.split:[129-132]: ***....... (3)
INFO:gt864-forward-full-register-schedule.gt864_friso2_scaled_t1c1_slothy_start.split:[132-135]: ***....... (3)
INFO:gt864-forward-full-register-schedule.gt864_friso2_scaled_t1c1_slothy_start.split:[135-138]: ***....... (3)
INFO:gt864-forward-full-register-schedule.gt864_friso2_scaled_t1c1_slothy_start.split.69_73:Perform internal binary search for minimal number of stalls...
INFO:gt864-forward-full-register-schedule.gt864_friso2_scaled_t1c1_slothy_start.split.69_73:Attempt optimization with max 256 stalls...
INFO:gt864-forward-full-register-schedule.gt864_friso2_scaled_t1c1_slothy_start.split.69_73:Setting timeout of 1800 seconds...
INFO:gt864-forward-full-register-schedule.gt864_friso2_scaled_t1c1_slothy_start.split.69_73:Objective: minimize cycles
INFO:gt864-forward-full-register-schedule.gt864_friso2_scaled_t1c1_slothy_start.split.69_73:Invoking external constraint solver (OR-Tools CP-SAT v9.15.6755) ...
INFO:gt864-forward-full-register-schedule.gt864_friso2_scaled_t1c1_slothy_start.split.69_73:[0.0093s]: Found 1 solutions so far... objective (minimize cycles): currently  (Cycles ~ 6.0, IPC ~ 0.67), bound  (Cycles ~ 3.0, IPC ~ 1.33)
INFO:gt864-forward-full-register-schedule.gt864_friso2_scaled_t1c1_slothy_start.split.69_73:[0.0102s]: Found 2 solutions so far... objective (minimize cycles): currently  (Cycles ~ 5.0, IPC ~ 0.80), bound  (Cycles ~ 3.0, IPC ~ 1.33)
INFO:gt864-forward-full-register-schedule.gt864_friso2_scaled_t1c1_slothy_start.split.69_73:OPTIMAL, wall time: 0.015690 s
INFO:gt864-forward-full-register-schedule.gt864_friso2_scaled_t1c1_slothy_start.split.69_73:Booleans in result: 20
INFO:gt864-forward-full-register-schedule.gt864_friso2_scaled_t1c1_slothy_start.split.69_73.selfcheck:OK!
INFO:gt864-forward-full-register-schedule.gt864_friso2_scaled_t1c1_slothy_start.split.69_73:Minimum number of stalls: 4
INFO:gt864-forward-full-register-schedule.gt864_friso2_scaled_t1c1_slothy_start.split:[  0-  2]: *......... (1)
INFO:gt864-forward-full-register-schedule.gt864_friso2_scaled_t1c1_slothy_start.split:[  2-  5]: ***....... (3)
INFO:gt864-forward-full-register-schedule.gt864_friso2_scaled_t1c1_slothy_start.split:[  5-  8]: **........ (2)
INFO:gt864-forward-full-register-schedule.gt864_friso2_scaled_t1c1_slothy_start.split:[  8- 11]: ***....... (3)
INFO:gt864-forward-full-register-schedule.gt864_friso2_scaled_t1c1_slothy_start.split:[ 11- 13]: ****...... (4)
INFO:gt864-forward-full-register-schedule.gt864_friso2_scaled_t1c1_slothy_start.split:[ 13- 16]: ***....... (3)
INFO:gt864-forward-full-register-schedule.gt864_friso2_scaled_t1c1_slothy_start.split:[ 16- 19]: ***....... (3)
INFO:gt864-forward-full-register-schedule.gt864_friso2_scaled_t1c1_slothy_start.split:[ 19- 22]: **........ (2)
INFO:gt864-forward-full-register-schedule.gt864_friso2_scaled_t1c1_slothy_start.split:[ 22- 24]: ***....... (3)
INFO:gt864-forward-full-register-schedule.gt864_friso2_scaled_t1c1_slothy_start.split:[ 24- 27]: ***....... (3)
INFO:gt864-forward-full-register-schedule.gt864_friso2_scaled_t1c1_slothy_start.split:[ 27- 30]: **........ (2)
INFO:gt864-forward-full-register-schedule.gt864_friso2_scaled_t1c1_slothy_start.split:[ 30- 33]: **........ (2)
INFO:gt864-forward-full-register-schedule.gt864_friso2_scaled_t1c1_slothy_start.split:[ 33- 35]: ***....... (3)
INFO:gt864-forward-full-register-schedule.gt864_friso2_scaled_t1c1_slothy_start.split:[ 35- 38]: ***....... (3)
INFO:gt864-forward-full-register-schedule.gt864_friso2_scaled_t1c1_slothy_start.split:[ 38- 41]: **........ (2)
INFO:gt864-forward-full-register-schedule.gt864_friso2_scaled_t1c1_slothy_start.split:[ 41- 44]: **........ (2)
INFO:gt864-forward-full-register-schedule.gt864_friso2_scaled_t1c1_slothy_start.split:[ 44- 46]: ***....... (3)
INFO:gt864-forward-full-register-schedule.gt864_friso2_scaled_t1c1_slothy_start.split:[ 46- 49]: ***....... (3)
INFO:gt864-forward-full-register-schedule.gt864_friso2_scaled_t1c1_slothy_start.split:[ 49- 52]: ***....... (3)
INFO:gt864-forward-full-register-schedule.gt864_friso2_scaled_t1c1_slothy_start.split:[ 52- 55]: **........ (2)
INFO:gt864-forward-full-register-schedule.gt864_friso2_scaled_t1c1_slothy_start.split:[ 55- 57]: **........ (2)
INFO:gt864-forward-full-register-schedule.gt864_friso2_scaled_t1c1_slothy_start.split:[ 57- 60]: **........ (2)
INFO:gt864-forward-full-register-schedule.gt864_friso2_scaled_t1c1_slothy_start.split:[ 60- 63]: ***....... (3)
INFO:gt864-forward-full-register-schedule.gt864_friso2_scaled_t1c1_slothy_start.split:[ 63- 66]: ***....... (3)
INFO:gt864-forward-full-register-schedule.gt864_friso2_scaled_t1c1_slothy_start.split:[ 66- 69]: **........ (2)
INFO:gt864-forward-full-register-schedule.gt864_friso2_scaled_t1c1_slothy_start.split:[ 69- 71]: **........ (2)
INFO:gt864-forward-full-register-schedule.gt864_friso2_scaled_t1c1_slothy_start.split:[ 71- 74]: ***....... (3)
INFO:gt864-forward-full-register-schedule.gt864_friso2_scaled_t1c1_slothy_start.split:[ 74- 77]: **........ (2)
INFO:gt864-forward-full-register-schedule.gt864_friso2_scaled_t1c1_slothy_start.split:[ 77- 80]: ***....... (3)
INFO:gt864-forward-full-register-schedule.gt864_friso2_scaled_t1c1_slothy_start.split:[ 80- 82]: ****...... (4)
INFO:gt864-forward-full-register-schedule.gt864_friso2_scaled_t1c1_slothy_start.split:[ 82- 85]: ***....... (3)
INFO:gt864-forward-full-register-schedule.gt864_friso2_scaled_t1c1_slothy_start.split:[ 85- 88]: ***....... (3)
INFO:gt864-forward-full-register-schedule.gt864_friso2_scaled_t1c1_slothy_start.split:[ 88- 91]: ***....... (3)
INFO:gt864-forward-full-register-schedule.gt864_friso2_scaled_t1c1_slothy_start.split:[ 91- 93]: ***....... (3)
INFO:gt864-forward-full-register-schedule.gt864_friso2_scaled_t1c1_slothy_start.split:[ 93- 96]: ***....... (3)
INFO:gt864-forward-full-register-schedule.gt864_friso2_scaled_t1c1_slothy_start.split:[ 96- 99]: ***....... (3)
INFO:gt864-forward-full-register-schedule.gt864_friso2_scaled_t1c1_slothy_start.split:[ 99-102]: ***....... (3)
INFO:gt864-forward-full-register-schedule.gt864_friso2_scaled_t1c1_slothy_start.split:[102-104]: ***....... (3)
INFO:gt864-forward-full-register-schedule.gt864_friso2_scaled_t1c1_slothy_start.split:[104-107]: ***....... (3)
INFO:gt864-forward-full-register-schedule.gt864_friso2_scaled_t1c1_slothy_start.split:[107-110]: ****...... (4)
INFO:gt864-forward-full-register-schedule.gt864_friso2_scaled_t1c1_slothy_start.split:[110-113]: ****...... (4)
INFO:gt864-forward-full-register-schedule.gt864_friso2_scaled_t1c1_slothy_start.split:[113-115]: ****...... (4)
INFO:gt864-forward-full-register-schedule.gt864_friso2_scaled_t1c1_slothy_start.split:[115-118]: **........ (2)
INFO:gt864-forward-full-register-schedule.gt864_friso2_scaled_t1c1_slothy_start.split:[118-121]: **........ (2)
INFO:gt864-forward-full-register-schedule.gt864_friso2_scaled_t1c1_slothy_start.split:[121-124]: ***....... (3)
INFO:gt864-forward-full-register-schedule.gt864_friso2_scaled_t1c1_slothy_start.split:[124-126]: ***....... (3)
INFO:gt864-forward-full-register-schedule.gt864_friso2_scaled_t1c1_slothy_start.split:[126-129]: ***....... (3)
INFO:gt864-forward-full-register-schedule.gt864_friso2_scaled_t1c1_slothy_start.split:[129-132]: ***....... (3)
INFO:gt864-forward-full-register-schedule.gt864_friso2_scaled_t1c1_slothy_start.split:[132-135]: ***....... (3)
INFO:gt864-forward-full-register-schedule.gt864_friso2_scaled_t1c1_slothy_start.split:[135-138]: ***....... (3)
INFO:gt864-forward-full-register-schedule.gt864_friso2_scaled_t1c1_slothy_start.split.76_80:Perform internal binary search for minimal number of stalls...
INFO:gt864-forward-full-register-schedule.gt864_friso2_scaled_t1c1_slothy_start.split.76_80:Attempt optimization with max 256 stalls...
INFO:gt864-forward-full-register-schedule.gt864_friso2_scaled_t1c1_slothy_start.split.76_80:Setting timeout of 1800 seconds...
INFO:gt864-forward-full-register-schedule.gt864_friso2_scaled_t1c1_slothy_start.split.76_80:Objective: minimize cycles
INFO:gt864-forward-full-register-schedule.gt864_friso2_scaled_t1c1_slothy_start.split.76_80:Invoking external constraint solver (OR-Tools CP-SAT v9.15.6755) ...
INFO:gt864-forward-full-register-schedule.gt864_friso2_scaled_t1c1_slothy_start.split.76_80:[0.0085s]: Found 1 solutions so far... objective (minimize cycles): currently  (Cycles ~ 3.0, IPC ~ 1.33), bound  (Cycles ~ 3.0, IPC ~ 1.33)
INFO:gt864-forward-full-register-schedule.gt864_friso2_scaled_t1c1_slothy_start.split.76_80:Closer than 0 stalls to theoretical optimum... stop
INFO:gt864-forward-full-register-schedule.gt864_friso2_scaled_t1c1_slothy_start.split.76_80:OPTIMAL, wall time: 0.015936 s
INFO:gt864-forward-full-register-schedule.gt864_friso2_scaled_t1c1_slothy_start.split.76_80:Booleans in result: 15
INFO:gt864-forward-full-register-schedule.gt864_friso2_scaled_t1c1_slothy_start.split.76_80.selfcheck:OK!
INFO:gt864-forward-full-register-schedule.gt864_friso2_scaled_t1c1_slothy_start.split.76_80:Minimum number of stalls: 2
INFO:gt864-forward-full-register-schedule.gt864_friso2_scaled_t1c1_slothy_start.split:[  0-  2]: *......... (1)
INFO:gt864-forward-full-register-schedule.gt864_friso2_scaled_t1c1_slothy_start.split:[  2-  5]: ***....... (3)
INFO:gt864-forward-full-register-schedule.gt864_friso2_scaled_t1c1_slothy_start.split:[  5-  8]: **........ (2)
INFO:gt864-forward-full-register-schedule.gt864_friso2_scaled_t1c1_slothy_start.split:[  8- 11]: ***....... (3)
INFO:gt864-forward-full-register-schedule.gt864_friso2_scaled_t1c1_slothy_start.split:[ 11- 13]: ****...... (4)
INFO:gt864-forward-full-register-schedule.gt864_friso2_scaled_t1c1_slothy_start.split:[ 13- 16]: ***....... (3)
INFO:gt864-forward-full-register-schedule.gt864_friso2_scaled_t1c1_slothy_start.split:[ 16- 19]: ***....... (3)
INFO:gt864-forward-full-register-schedule.gt864_friso2_scaled_t1c1_slothy_start.split:[ 19- 22]: **........ (2)
INFO:gt864-forward-full-register-schedule.gt864_friso2_scaled_t1c1_slothy_start.split:[ 22- 24]: ***....... (3)
INFO:gt864-forward-full-register-schedule.gt864_friso2_scaled_t1c1_slothy_start.split:[ 24- 27]: ***....... (3)
INFO:gt864-forward-full-register-schedule.gt864_friso2_scaled_t1c1_slothy_start.split:[ 27- 30]: **........ (2)
INFO:gt864-forward-full-register-schedule.gt864_friso2_scaled_t1c1_slothy_start.split:[ 30- 33]: **........ (2)
INFO:gt864-forward-full-register-schedule.gt864_friso2_scaled_t1c1_slothy_start.split:[ 33- 35]: ***....... (3)
INFO:gt864-forward-full-register-schedule.gt864_friso2_scaled_t1c1_slothy_start.split:[ 35- 38]: ***....... (3)
INFO:gt864-forward-full-register-schedule.gt864_friso2_scaled_t1c1_slothy_start.split:[ 38- 41]: **........ (2)
INFO:gt864-forward-full-register-schedule.gt864_friso2_scaled_t1c1_slothy_start.split:[ 41- 44]: **........ (2)
INFO:gt864-forward-full-register-schedule.gt864_friso2_scaled_t1c1_slothy_start.split:[ 44- 46]: ***....... (3)
INFO:gt864-forward-full-register-schedule.gt864_friso2_scaled_t1c1_slothy_start.split:[ 46- 49]: ***....... (3)
INFO:gt864-forward-full-register-schedule.gt864_friso2_scaled_t1c1_slothy_start.split:[ 49- 52]: ***....... (3)
INFO:gt864-forward-full-register-schedule.gt864_friso2_scaled_t1c1_slothy_start.split:[ 52- 55]: **........ (2)
INFO:gt864-forward-full-register-schedule.gt864_friso2_scaled_t1c1_slothy_start.split:[ 55- 57]: **........ (2)
INFO:gt864-forward-full-register-schedule.gt864_friso2_scaled_t1c1_slothy_start.split:[ 57- 60]: **........ (2)
INFO:gt864-forward-full-register-schedule.gt864_friso2_scaled_t1c1_slothy_start.split:[ 60- 63]: ***....... (3)
INFO:gt864-forward-full-register-schedule.gt864_friso2_scaled_t1c1_slothy_start.split:[ 63- 66]: ***....... (3)
INFO:gt864-forward-full-register-schedule.gt864_friso2_scaled_t1c1_slothy_start.split:[ 66- 69]: **........ (2)
INFO:gt864-forward-full-register-schedule.gt864_friso2_scaled_t1c1_slothy_start.split:[ 69- 71]: **........ (2)
INFO:gt864-forward-full-register-schedule.gt864_friso2_scaled_t1c1_slothy_start.split:[ 71- 74]: ***....... (3)
INFO:gt864-forward-full-register-schedule.gt864_friso2_scaled_t1c1_slothy_start.split:[ 74- 77]: *......... (1)
INFO:gt864-forward-full-register-schedule.gt864_friso2_scaled_t1c1_slothy_start.split:[ 77- 80]: **........ (2)
INFO:gt864-forward-full-register-schedule.gt864_friso2_scaled_t1c1_slothy_start.split:[ 80- 82]: ***....... (3)
INFO:gt864-forward-full-register-schedule.gt864_friso2_scaled_t1c1_slothy_start.split:[ 82- 85]: ***....... (3)
INFO:gt864-forward-full-register-schedule.gt864_friso2_scaled_t1c1_slothy_start.split:[ 85- 88]: ***....... (3)
INFO:gt864-forward-full-register-schedule.gt864_friso2_scaled_t1c1_slothy_start.split:[ 88- 91]: ***....... (3)
INFO:gt864-forward-full-register-schedule.gt864_friso2_scaled_t1c1_slothy_start.split:[ 91- 93]: ***....... (3)
INFO:gt864-forward-full-register-schedule.gt864_friso2_scaled_t1c1_slothy_start.split:[ 93- 96]: ***....... (3)
INFO:gt864-forward-full-register-schedule.gt864_friso2_scaled_t1c1_slothy_start.split:[ 96- 99]: ***....... (3)
INFO:gt864-forward-full-register-schedule.gt864_friso2_scaled_t1c1_slothy_start.split:[ 99-102]: ***....... (3)
INFO:gt864-forward-full-register-schedule.gt864_friso2_scaled_t1c1_slothy_start.split:[102-104]: ***....... (3)
INFO:gt864-forward-full-register-schedule.gt864_friso2_scaled_t1c1_slothy_start.split:[104-107]: ***....... (3)
INFO:gt864-forward-full-register-schedule.gt864_friso2_scaled_t1c1_slothy_start.split:[107-110]: ****...... (4)
INFO:gt864-forward-full-register-schedule.gt864_friso2_scaled_t1c1_slothy_start.split:[110-113]: ****...... (4)
INFO:gt864-forward-full-register-schedule.gt864_friso2_scaled_t1c1_slothy_start.split:[113-115]: ****...... (4)
INFO:gt864-forward-full-register-schedule.gt864_friso2_scaled_t1c1_slothy_start.split:[115-118]: **........ (2)
INFO:gt864-forward-full-register-schedule.gt864_friso2_scaled_t1c1_slothy_start.split:[118-121]: **........ (2)
INFO:gt864-forward-full-register-schedule.gt864_friso2_scaled_t1c1_slothy_start.split:[121-124]: ***....... (3)
INFO:gt864-forward-full-register-schedule.gt864_friso2_scaled_t1c1_slothy_start.split:[124-126]: ***....... (3)
INFO:gt864-forward-full-register-schedule.gt864_friso2_scaled_t1c1_slothy_start.split:[126-129]: ***....... (3)
INFO:gt864-forward-full-register-schedule.gt864_friso2_scaled_t1c1_slothy_start.split:[129-132]: ***....... (3)
INFO:gt864-forward-full-register-schedule.gt864_friso2_scaled_t1c1_slothy_start.split:[132-135]: ***....... (3)
INFO:gt864-forward-full-register-schedule.gt864_friso2_scaled_t1c1_slothy_start.split:[135-138]: ***....... (3)
INFO:gt864-forward-full-register-schedule.gt864_friso2_scaled_t1c1_slothy_start.split.83_87:Perform internal binary search for minimal number of stalls...
INFO:gt864-forward-full-register-schedule.gt864_friso2_scaled_t1c1_slothy_start.split.83_87:Attempt optimization with max 256 stalls...
INFO:gt864-forward-full-register-schedule.gt864_friso2_scaled_t1c1_slothy_start.split.83_87:Setting timeout of 1800 seconds...
INFO:gt864-forward-full-register-schedule.gt864_friso2_scaled_t1c1_slothy_start.split.83_87:Objective: minimize cycles
INFO:gt864-forward-full-register-schedule.gt864_friso2_scaled_t1c1_slothy_start.split.83_87:Invoking external constraint solver (OR-Tools CP-SAT v9.15.6755) ...
INFO:gt864-forward-full-register-schedule.gt864_friso2_scaled_t1c1_slothy_start.split.83_87:[0.0082s]: Found 1 solutions so far... objective (minimize cycles): currently  (Cycles ~ 5.0, IPC ~ 0.80), bound  (Cycles ~ 5.0, IPC ~ 0.80)
INFO:gt864-forward-full-register-schedule.gt864_friso2_scaled_t1c1_slothy_start.split.83_87:Closer than 0 stalls to theoretical optimum... stop
INFO:gt864-forward-full-register-schedule.gt864_friso2_scaled_t1c1_slothy_start.split.83_87:OPTIMAL, wall time: 0.015558 s
INFO:gt864-forward-full-register-schedule.gt864_friso2_scaled_t1c1_slothy_start.split.83_87:Booleans in result: 14
INFO:gt864-forward-full-register-schedule.gt864_friso2_scaled_t1c1_slothy_start.split.83_87.selfcheck:OK!
INFO:gt864-forward-full-register-schedule.gt864_friso2_scaled_t1c1_slothy_start.split.83_87:Minimum number of stalls: 4
INFO:gt864-forward-full-register-schedule.gt864_friso2_scaled_t1c1_slothy_start.split:[  0-  2]: *......... (1)
INFO:gt864-forward-full-register-schedule.gt864_friso2_scaled_t1c1_slothy_start.split:[  2-  5]: ***....... (3)
INFO:gt864-forward-full-register-schedule.gt864_friso2_scaled_t1c1_slothy_start.split:[  5-  8]: **........ (2)
INFO:gt864-forward-full-register-schedule.gt864_friso2_scaled_t1c1_slothy_start.split:[  8- 11]: ***....... (3)
INFO:gt864-forward-full-register-schedule.gt864_friso2_scaled_t1c1_slothy_start.split:[ 11- 13]: ****...... (4)
INFO:gt864-forward-full-register-schedule.gt864_friso2_scaled_t1c1_slothy_start.split:[ 13- 16]: ***....... (3)
INFO:gt864-forward-full-register-schedule.gt864_friso2_scaled_t1c1_slothy_start.split:[ 16- 19]: ***....... (3)
INFO:gt864-forward-full-register-schedule.gt864_friso2_scaled_t1c1_slothy_start.split:[ 19- 22]: **........ (2)
INFO:gt864-forward-full-register-schedule.gt864_friso2_scaled_t1c1_slothy_start.split:[ 22- 24]: ***....... (3)
INFO:gt864-forward-full-register-schedule.gt864_friso2_scaled_t1c1_slothy_start.split:[ 24- 27]: ***....... (3)
INFO:gt864-forward-full-register-schedule.gt864_friso2_scaled_t1c1_slothy_start.split:[ 27- 30]: **........ (2)
INFO:gt864-forward-full-register-schedule.gt864_friso2_scaled_t1c1_slothy_start.split:[ 30- 33]: **........ (2)
INFO:gt864-forward-full-register-schedule.gt864_friso2_scaled_t1c1_slothy_start.split:[ 33- 35]: ***....... (3)
INFO:gt864-forward-full-register-schedule.gt864_friso2_scaled_t1c1_slothy_start.split:[ 35- 38]: ***....... (3)
INFO:gt864-forward-full-register-schedule.gt864_friso2_scaled_t1c1_slothy_start.split:[ 38- 41]: **........ (2)
INFO:gt864-forward-full-register-schedule.gt864_friso2_scaled_t1c1_slothy_start.split:[ 41- 44]: **........ (2)
INFO:gt864-forward-full-register-schedule.gt864_friso2_scaled_t1c1_slothy_start.split:[ 44- 46]: ***....... (3)
INFO:gt864-forward-full-register-schedule.gt864_friso2_scaled_t1c1_slothy_start.split:[ 46- 49]: ***....... (3)
INFO:gt864-forward-full-register-schedule.gt864_friso2_scaled_t1c1_slothy_start.split:[ 49- 52]: ***....... (3)
INFO:gt864-forward-full-register-schedule.gt864_friso2_scaled_t1c1_slothy_start.split:[ 52- 55]: **........ (2)
INFO:gt864-forward-full-register-schedule.gt864_friso2_scaled_t1c1_slothy_start.split:[ 55- 57]: **........ (2)
INFO:gt864-forward-full-register-schedule.gt864_friso2_scaled_t1c1_slothy_start.split:[ 57- 60]: **........ (2)
INFO:gt864-forward-full-register-schedule.gt864_friso2_scaled_t1c1_slothy_start.split:[ 60- 63]: ***....... (3)
INFO:gt864-forward-full-register-schedule.gt864_friso2_scaled_t1c1_slothy_start.split:[ 63- 66]: ***....... (3)
INFO:gt864-forward-full-register-schedule.gt864_friso2_scaled_t1c1_slothy_start.split:[ 66- 69]: **........ (2)
INFO:gt864-forward-full-register-schedule.gt864_friso2_scaled_t1c1_slothy_start.split:[ 69- 71]: **........ (2)
INFO:gt864-forward-full-register-schedule.gt864_friso2_scaled_t1c1_slothy_start.split:[ 71- 74]: ***....... (3)
INFO:gt864-forward-full-register-schedule.gt864_friso2_scaled_t1c1_slothy_start.split:[ 74- 77]: *......... (1)
INFO:gt864-forward-full-register-schedule.gt864_friso2_scaled_t1c1_slothy_start.split:[ 77- 80]: **........ (2)
INFO:gt864-forward-full-register-schedule.gt864_friso2_scaled_t1c1_slothy_start.split:[ 80- 82]: ***....... (3)
INFO:gt864-forward-full-register-schedule.gt864_friso2_scaled_t1c1_slothy_start.split:[ 82- 85]: ***....... (3)
INFO:gt864-forward-full-register-schedule.gt864_friso2_scaled_t1c1_slothy_start.split:[ 85- 88]: ***....... (3)
INFO:gt864-forward-full-register-schedule.gt864_friso2_scaled_t1c1_slothy_start.split:[ 88- 91]: ***....... (3)
INFO:gt864-forward-full-register-schedule.gt864_friso2_scaled_t1c1_slothy_start.split:[ 91- 93]: ***....... (3)
INFO:gt864-forward-full-register-schedule.gt864_friso2_scaled_t1c1_slothy_start.split:[ 93- 96]: ***....... (3)
INFO:gt864-forward-full-register-schedule.gt864_friso2_scaled_t1c1_slothy_start.split:[ 96- 99]: ***....... (3)
INFO:gt864-forward-full-register-schedule.gt864_friso2_scaled_t1c1_slothy_start.split:[ 99-102]: ***....... (3)
INFO:gt864-forward-full-register-schedule.gt864_friso2_scaled_t1c1_slothy_start.split:[102-104]: ***....... (3)
INFO:gt864-forward-full-register-schedule.gt864_friso2_scaled_t1c1_slothy_start.split:[104-107]: ***....... (3)
INFO:gt864-forward-full-register-schedule.gt864_friso2_scaled_t1c1_slothy_start.split:[107-110]: ****...... (4)
INFO:gt864-forward-full-register-schedule.gt864_friso2_scaled_t1c1_slothy_start.split:[110-113]: ****...... (4)
INFO:gt864-forward-full-register-schedule.gt864_friso2_scaled_t1c1_slothy_start.split:[113-115]: ****...... (4)
INFO:gt864-forward-full-register-schedule.gt864_friso2_scaled_t1c1_slothy_start.split:[115-118]: **........ (2)
INFO:gt864-forward-full-register-schedule.gt864_friso2_scaled_t1c1_slothy_start.split:[118-121]: **........ (2)
INFO:gt864-forward-full-register-schedule.gt864_friso2_scaled_t1c1_slothy_start.split:[121-124]: ***....... (3)
INFO:gt864-forward-full-register-schedule.gt864_friso2_scaled_t1c1_slothy_start.split:[124-126]: ***....... (3)
INFO:gt864-forward-full-register-schedule.gt864_friso2_scaled_t1c1_slothy_start.split:[126-129]: ***....... (3)
INFO:gt864-forward-full-register-schedule.gt864_friso2_scaled_t1c1_slothy_start.split:[129-132]: ***....... (3)
INFO:gt864-forward-full-register-schedule.gt864_friso2_scaled_t1c1_slothy_start.split:[132-135]: ***....... (3)
INFO:gt864-forward-full-register-schedule.gt864_friso2_scaled_t1c1_slothy_start.split:[135-138]: ***....... (3)
INFO:gt864-forward-full-register-schedule.gt864_friso2_scaled_t1c1_slothy_start.split.90_94:Perform internal binary search for minimal number of stalls...
INFO:gt864-forward-full-register-schedule.gt864_friso2_scaled_t1c1_slothy_start.split.90_94:Attempt optimization with max 256 stalls...
INFO:gt864-forward-full-register-schedule.gt864_friso2_scaled_t1c1_slothy_start.split.90_94:Setting timeout of 1800 seconds...
INFO:gt864-forward-full-register-schedule.gt864_friso2_scaled_t1c1_slothy_start.split.90_94:Objective: minimize cycles
INFO:gt864-forward-full-register-schedule.gt864_friso2_scaled_t1c1_slothy_start.split.90_94:Invoking external constraint solver (OR-Tools CP-SAT v9.15.6755) ...
INFO:gt864-forward-full-register-schedule.gt864_friso2_scaled_t1c1_slothy_start.split.90_94:[0.0071s]: Found 1 solutions so far... objective (minimize cycles): currently  (Cycles ~ 8.0, IPC ~ 0.50), bound  (Cycles ~ 6.0, IPC ~ 0.67)
INFO:gt864-forward-full-register-schedule.gt864_friso2_scaled_t1c1_slothy_start.split.90_94:[0.0076s]: Found 2 solutions so far... objective (minimize cycles): currently  (Cycles ~ 6.0, IPC ~ 0.67), bound  (Cycles ~ 6.0, IPC ~ 0.67)
INFO:gt864-forward-full-register-schedule.gt864_friso2_scaled_t1c1_slothy_start.split.90_94:Closer than 0 stalls to theoretical optimum... stop
INFO:gt864-forward-full-register-schedule.gt864_friso2_scaled_t1c1_slothy_start.split.90_94:OPTIMAL, wall time: 0.016242 s
INFO:gt864-forward-full-register-schedule.gt864_friso2_scaled_t1c1_slothy_start.split.90_94:Booleans in result: 19
INFO:gt864-forward-full-register-schedule.gt864_friso2_scaled_t1c1_slothy_start.split.90_94.selfcheck:OK!
INFO:gt864-forward-full-register-schedule.gt864_friso2_scaled_t1c1_slothy_start.split.90_94:Minimum number of stalls: 5
INFO:gt864-forward-full-register-schedule.gt864_friso2_scaled_t1c1_slothy_start.split:[  0-  2]: *......... (1)
INFO:gt864-forward-full-register-schedule.gt864_friso2_scaled_t1c1_slothy_start.split:[  2-  5]: ***....... (3)
INFO:gt864-forward-full-register-schedule.gt864_friso2_scaled_t1c1_slothy_start.split:[  5-  8]: **........ (2)
INFO:gt864-forward-full-register-schedule.gt864_friso2_scaled_t1c1_slothy_start.split:[  8- 11]: ***....... (3)
INFO:gt864-forward-full-register-schedule.gt864_friso2_scaled_t1c1_slothy_start.split:[ 11- 13]: ****...... (4)
INFO:gt864-forward-full-register-schedule.gt864_friso2_scaled_t1c1_slothy_start.split:[ 13- 16]: ***....... (3)
INFO:gt864-forward-full-register-schedule.gt864_friso2_scaled_t1c1_slothy_start.split:[ 16- 19]: ***....... (3)
INFO:gt864-forward-full-register-schedule.gt864_friso2_scaled_t1c1_slothy_start.split:[ 19- 22]: **........ (2)
INFO:gt864-forward-full-register-schedule.gt864_friso2_scaled_t1c1_slothy_start.split:[ 22- 24]: ***....... (3)
INFO:gt864-forward-full-register-schedule.gt864_friso2_scaled_t1c1_slothy_start.split:[ 24- 27]: ***....... (3)
INFO:gt864-forward-full-register-schedule.gt864_friso2_scaled_t1c1_slothy_start.split:[ 27- 30]: **........ (2)
INFO:gt864-forward-full-register-schedule.gt864_friso2_scaled_t1c1_slothy_start.split:[ 30- 33]: **........ (2)
INFO:gt864-forward-full-register-schedule.gt864_friso2_scaled_t1c1_slothy_start.split:[ 33- 35]: ***....... (3)
INFO:gt864-forward-full-register-schedule.gt864_friso2_scaled_t1c1_slothy_start.split:[ 35- 38]: ***....... (3)
INFO:gt864-forward-full-register-schedule.gt864_friso2_scaled_t1c1_slothy_start.split:[ 38- 41]: **........ (2)
INFO:gt864-forward-full-register-schedule.gt864_friso2_scaled_t1c1_slothy_start.split:[ 41- 44]: **........ (2)
INFO:gt864-forward-full-register-schedule.gt864_friso2_scaled_t1c1_slothy_start.split:[ 44- 46]: ***....... (3)
INFO:gt864-forward-full-register-schedule.gt864_friso2_scaled_t1c1_slothy_start.split:[ 46- 49]: ***....... (3)
INFO:gt864-forward-full-register-schedule.gt864_friso2_scaled_t1c1_slothy_start.split:[ 49- 52]: ***....... (3)
INFO:gt864-forward-full-register-schedule.gt864_friso2_scaled_t1c1_slothy_start.split:[ 52- 55]: **........ (2)
INFO:gt864-forward-full-register-schedule.gt864_friso2_scaled_t1c1_slothy_start.split:[ 55- 57]: **........ (2)
INFO:gt864-forward-full-register-schedule.gt864_friso2_scaled_t1c1_slothy_start.split:[ 57- 60]: **........ (2)
INFO:gt864-forward-full-register-schedule.gt864_friso2_scaled_t1c1_slothy_start.split:[ 60- 63]: ***....... (3)
INFO:gt864-forward-full-register-schedule.gt864_friso2_scaled_t1c1_slothy_start.split:[ 63- 66]: ***....... (3)
INFO:gt864-forward-full-register-schedule.gt864_friso2_scaled_t1c1_slothy_start.split:[ 66- 69]: **........ (2)
INFO:gt864-forward-full-register-schedule.gt864_friso2_scaled_t1c1_slothy_start.split:[ 69- 71]: **........ (2)
INFO:gt864-forward-full-register-schedule.gt864_friso2_scaled_t1c1_slothy_start.split:[ 71- 74]: ***....... (3)
INFO:gt864-forward-full-register-schedule.gt864_friso2_scaled_t1c1_slothy_start.split:[ 74- 77]: *......... (1)
INFO:gt864-forward-full-register-schedule.gt864_friso2_scaled_t1c1_slothy_start.split:[ 77- 80]: **........ (2)
INFO:gt864-forward-full-register-schedule.gt864_friso2_scaled_t1c1_slothy_start.split:[ 80- 82]: ***....... (3)
INFO:gt864-forward-full-register-schedule.gt864_friso2_scaled_t1c1_slothy_start.split:[ 82- 85]: ***....... (3)
INFO:gt864-forward-full-register-schedule.gt864_friso2_scaled_t1c1_slothy_start.split:[ 85- 88]: ***....... (3)
INFO:gt864-forward-full-register-schedule.gt864_friso2_scaled_t1c1_slothy_start.split:[ 88- 91]: **........ (2)
INFO:gt864-forward-full-register-schedule.gt864_friso2_scaled_t1c1_slothy_start.split:[ 91- 93]: ***....... (3)
INFO:gt864-forward-full-register-schedule.gt864_friso2_scaled_t1c1_slothy_start.split:[ 93- 96]: ***....... (3)
INFO:gt864-forward-full-register-schedule.gt864_friso2_scaled_t1c1_slothy_start.split:[ 96- 99]: ***....... (3)
INFO:gt864-forward-full-register-schedule.gt864_friso2_scaled_t1c1_slothy_start.split:[ 99-102]: ***....... (3)
INFO:gt864-forward-full-register-schedule.gt864_friso2_scaled_t1c1_slothy_start.split:[102-104]: ***....... (3)
INFO:gt864-forward-full-register-schedule.gt864_friso2_scaled_t1c1_slothy_start.split:[104-107]: ***....... (3)
INFO:gt864-forward-full-register-schedule.gt864_friso2_scaled_t1c1_slothy_start.split:[107-110]: ****...... (4)
INFO:gt864-forward-full-register-schedule.gt864_friso2_scaled_t1c1_slothy_start.split:[110-113]: ****...... (4)
INFO:gt864-forward-full-register-schedule.gt864_friso2_scaled_t1c1_slothy_start.split:[113-115]: ****...... (4)
INFO:gt864-forward-full-register-schedule.gt864_friso2_scaled_t1c1_slothy_start.split:[115-118]: **........ (2)
INFO:gt864-forward-full-register-schedule.gt864_friso2_scaled_t1c1_slothy_start.split:[118-121]: **........ (2)
INFO:gt864-forward-full-register-schedule.gt864_friso2_scaled_t1c1_slothy_start.split:[121-124]: ***....... (3)
INFO:gt864-forward-full-register-schedule.gt864_friso2_scaled_t1c1_slothy_start.split:[124-126]: ***....... (3)
INFO:gt864-forward-full-register-schedule.gt864_friso2_scaled_t1c1_slothy_start.split:[126-129]: ***....... (3)
INFO:gt864-forward-full-register-schedule.gt864_friso2_scaled_t1c1_slothy_start.split:[129-132]: ***....... (3)
INFO:gt864-forward-full-register-schedule.gt864_friso2_scaled_t1c1_slothy_start.split:[132-135]: ***....... (3)
INFO:gt864-forward-full-register-schedule.gt864_friso2_scaled_t1c1_slothy_start.split:[135-138]: ***....... (3)
INFO:gt864-forward-full-register-schedule.gt864_friso2_scaled_t1c1_slothy_start.split.97_101:Perform internal binary search for minimal number of stalls...
INFO:gt864-forward-full-register-schedule.gt864_friso2_scaled_t1c1_slothy_start.split.97_101:Attempt optimization with max 256 stalls...
INFO:gt864-forward-full-register-schedule.gt864_friso2_scaled_t1c1_slothy_start.split.97_101:Setting timeout of 1800 seconds...
INFO:gt864-forward-full-register-schedule.gt864_friso2_scaled_t1c1_slothy_start.split.97_101:Objective: minimize cycles
INFO:gt864-forward-full-register-schedule.gt864_friso2_scaled_t1c1_slothy_start.split.97_101:Invoking external constraint solver (OR-Tools CP-SAT v9.15.6755) ...
INFO:gt864-forward-full-register-schedule.gt864_friso2_scaled_t1c1_slothy_start.split.97_101:[0.0089s]: Found 1 solutions so far... objective (minimize cycles): currently  (Cycles ~ 5.0, IPC ~ 0.80), bound  (Cycles ~ 5.0, IPC ~ 0.80)
INFO:gt864-forward-full-register-schedule.gt864_friso2_scaled_t1c1_slothy_start.split.97_101:Closer than 0 stalls to theoretical optimum... stop
INFO:gt864-forward-full-register-schedule.gt864_friso2_scaled_t1c1_slothy_start.split.97_101:OPTIMAL, wall time: 0.014349 s
INFO:gt864-forward-full-register-schedule.gt864_friso2_scaled_t1c1_slothy_start.split.97_101:Booleans in result: 45
INFO:gt864-forward-full-register-schedule.gt864_friso2_scaled_t1c1_slothy_start.split.97_101.selfcheck:OK!
INFO:gt864-forward-full-register-schedule.gt864_friso2_scaled_t1c1_slothy_start.split.97_101:Minimum number of stalls: 4
INFO:gt864-forward-full-register-schedule.gt864_friso2_scaled_t1c1_slothy_start.split:[  0-  2]: *......... (1)
INFO:gt864-forward-full-register-schedule.gt864_friso2_scaled_t1c1_slothy_start.split:[  2-  5]: ***....... (3)
INFO:gt864-forward-full-register-schedule.gt864_friso2_scaled_t1c1_slothy_start.split:[  5-  8]: **........ (2)
INFO:gt864-forward-full-register-schedule.gt864_friso2_scaled_t1c1_slothy_start.split:[  8- 11]: ***....... (3)
INFO:gt864-forward-full-register-schedule.gt864_friso2_scaled_t1c1_slothy_start.split:[ 11- 13]: ****...... (4)
INFO:gt864-forward-full-register-schedule.gt864_friso2_scaled_t1c1_slothy_start.split:[ 13- 16]: ***....... (3)
INFO:gt864-forward-full-register-schedule.gt864_friso2_scaled_t1c1_slothy_start.split:[ 16- 19]: ***....... (3)
INFO:gt864-forward-full-register-schedule.gt864_friso2_scaled_t1c1_slothy_start.split:[ 19- 22]: **........ (2)
INFO:gt864-forward-full-register-schedule.gt864_friso2_scaled_t1c1_slothy_start.split:[ 22- 24]: ***....... (3)
INFO:gt864-forward-full-register-schedule.gt864_friso2_scaled_t1c1_slothy_start.split:[ 24- 27]: ***....... (3)
INFO:gt864-forward-full-register-schedule.gt864_friso2_scaled_t1c1_slothy_start.split:[ 27- 30]: **........ (2)
INFO:gt864-forward-full-register-schedule.gt864_friso2_scaled_t1c1_slothy_start.split:[ 30- 33]: **........ (2)
INFO:gt864-forward-full-register-schedule.gt864_friso2_scaled_t1c1_slothy_start.split:[ 33- 35]: ***....... (3)
INFO:gt864-forward-full-register-schedule.gt864_friso2_scaled_t1c1_slothy_start.split:[ 35- 38]: ***....... (3)
INFO:gt864-forward-full-register-schedule.gt864_friso2_scaled_t1c1_slothy_start.split:[ 38- 41]: **........ (2)
INFO:gt864-forward-full-register-schedule.gt864_friso2_scaled_t1c1_slothy_start.split:[ 41- 44]: **........ (2)
INFO:gt864-forward-full-register-schedule.gt864_friso2_scaled_t1c1_slothy_start.split:[ 44- 46]: ***....... (3)
INFO:gt864-forward-full-register-schedule.gt864_friso2_scaled_t1c1_slothy_start.split:[ 46- 49]: ***....... (3)
INFO:gt864-forward-full-register-schedule.gt864_friso2_scaled_t1c1_slothy_start.split:[ 49- 52]: ***....... (3)
INFO:gt864-forward-full-register-schedule.gt864_friso2_scaled_t1c1_slothy_start.split:[ 52- 55]: **........ (2)
INFO:gt864-forward-full-register-schedule.gt864_friso2_scaled_t1c1_slothy_start.split:[ 55- 57]: **........ (2)
INFO:gt864-forward-full-register-schedule.gt864_friso2_scaled_t1c1_slothy_start.split:[ 57- 60]: **........ (2)
INFO:gt864-forward-full-register-schedule.gt864_friso2_scaled_t1c1_slothy_start.split:[ 60- 63]: ***....... (3)
INFO:gt864-forward-full-register-schedule.gt864_friso2_scaled_t1c1_slothy_start.split:[ 63- 66]: ***....... (3)
INFO:gt864-forward-full-register-schedule.gt864_friso2_scaled_t1c1_slothy_start.split:[ 66- 69]: **........ (2)
INFO:gt864-forward-full-register-schedule.gt864_friso2_scaled_t1c1_slothy_start.split:[ 69- 71]: **........ (2)
INFO:gt864-forward-full-register-schedule.gt864_friso2_scaled_t1c1_slothy_start.split:[ 71- 74]: ***....... (3)
INFO:gt864-forward-full-register-schedule.gt864_friso2_scaled_t1c1_slothy_start.split:[ 74- 77]: *......... (1)
INFO:gt864-forward-full-register-schedule.gt864_friso2_scaled_t1c1_slothy_start.split:[ 77- 80]: **........ (2)
INFO:gt864-forward-full-register-schedule.gt864_friso2_scaled_t1c1_slothy_start.split:[ 80- 82]: ***....... (3)
INFO:gt864-forward-full-register-schedule.gt864_friso2_scaled_t1c1_slothy_start.split:[ 82- 85]: ***....... (3)
INFO:gt864-forward-full-register-schedule.gt864_friso2_scaled_t1c1_slothy_start.split:[ 85- 88]: ***....... (3)
INFO:gt864-forward-full-register-schedule.gt864_friso2_scaled_t1c1_slothy_start.split:[ 88- 91]: **........ (2)
INFO:gt864-forward-full-register-schedule.gt864_friso2_scaled_t1c1_slothy_start.split:[ 91- 93]: ***....... (3)
INFO:gt864-forward-full-register-schedule.gt864_friso2_scaled_t1c1_slothy_start.split:[ 93- 96]: ***....... (3)
INFO:gt864-forward-full-register-schedule.gt864_friso2_scaled_t1c1_slothy_start.split:[ 96- 99]: ***....... (3)
INFO:gt864-forward-full-register-schedule.gt864_friso2_scaled_t1c1_slothy_start.split:[ 99-102]: ***....... (3)
INFO:gt864-forward-full-register-schedule.gt864_friso2_scaled_t1c1_slothy_start.split:[102-104]: ***....... (3)
INFO:gt864-forward-full-register-schedule.gt864_friso2_scaled_t1c1_slothy_start.split:[104-107]: ***....... (3)
INFO:gt864-forward-full-register-schedule.gt864_friso2_scaled_t1c1_slothy_start.split:[107-110]: ****...... (4)
INFO:gt864-forward-full-register-schedule.gt864_friso2_scaled_t1c1_slothy_start.split:[110-113]: ****...... (4)
INFO:gt864-forward-full-register-schedule.gt864_friso2_scaled_t1c1_slothy_start.split:[113-115]: ****...... (4)
INFO:gt864-forward-full-register-schedule.gt864_friso2_scaled_t1c1_slothy_start.split:[115-118]: **........ (2)
INFO:gt864-forward-full-register-schedule.gt864_friso2_scaled_t1c1_slothy_start.split:[118-121]: **........ (2)
INFO:gt864-forward-full-register-schedule.gt864_friso2_scaled_t1c1_slothy_start.split:[121-124]: ***....... (3)
INFO:gt864-forward-full-register-schedule.gt864_friso2_scaled_t1c1_slothy_start.split:[124-126]: ***....... (3)
INFO:gt864-forward-full-register-schedule.gt864_friso2_scaled_t1c1_slothy_start.split:[126-129]: ***....... (3)
INFO:gt864-forward-full-register-schedule.gt864_friso2_scaled_t1c1_slothy_start.split:[129-132]: ***....... (3)
INFO:gt864-forward-full-register-schedule.gt864_friso2_scaled_t1c1_slothy_start.split:[132-135]: ***....... (3)
INFO:gt864-forward-full-register-schedule.gt864_friso2_scaled_t1c1_slothy_start.split:[135-138]: ***....... (3)
INFO:gt864-forward-full-register-schedule.gt864_friso2_scaled_t1c1_slothy_start.split.104_108:Perform internal binary search for minimal number of stalls...
INFO:gt864-forward-full-register-schedule.gt864_friso2_scaled_t1c1_slothy_start.split.104_108:Attempt optimization with max 256 stalls...
INFO:gt864-forward-full-register-schedule.gt864_friso2_scaled_t1c1_slothy_start.split.104_108:Setting timeout of 1800 seconds...
INFO:gt864-forward-full-register-schedule.gt864_friso2_scaled_t1c1_slothy_start.split.104_108:Objective: minimize cycles
INFO:gt864-forward-full-register-schedule.gt864_friso2_scaled_t1c1_slothy_start.split.104_108:Invoking external constraint solver (OR-Tools CP-SAT v9.15.6755) ...
INFO:gt864-forward-full-register-schedule.gt864_friso2_scaled_t1c1_slothy_start.split.104_108:[0.0101s]: Found 1 solutions so far... objective (minimize cycles): currently  (Cycles ~ 10.0, IPC ~ 0.40), bound  (Cycles ~ 8.0, IPC ~ 0.50)
INFO:gt864-forward-full-register-schedule.gt864_friso2_scaled_t1c1_slothy_start.split.104_108:[0.0109s]: Found 2 solutions so far... objective (minimize cycles): currently  (Cycles ~ 8.0, IPC ~ 0.50), bound  (Cycles ~ 8.0, IPC ~ 0.50)
INFO:gt864-forward-full-register-schedule.gt864_friso2_scaled_t1c1_slothy_start.split.104_108:Closer than 0 stalls to theoretical optimum... stop
INFO:gt864-forward-full-register-schedule.gt864_friso2_scaled_t1c1_slothy_start.split.104_108:OPTIMAL, wall time: 0.021516 s
INFO:gt864-forward-full-register-schedule.gt864_friso2_scaled_t1c1_slothy_start.split.104_108:Booleans in result: 13
INFO:gt864-forward-full-register-schedule.gt864_friso2_scaled_t1c1_slothy_start.split.104_108.selfcheck:OK!
INFO:gt864-forward-full-register-schedule.gt864_friso2_scaled_t1c1_slothy_start.split.104_108:Minimum number of stalls: 7
INFO:gt864-forward-full-register-schedule.gt864_friso2_scaled_t1c1_slothy_start.split:[  0-  2]: *......... (1)
INFO:gt864-forward-full-register-schedule.gt864_friso2_scaled_t1c1_slothy_start.split:[  2-  5]: ***....... (3)
INFO:gt864-forward-full-register-schedule.gt864_friso2_scaled_t1c1_slothy_start.split:[  5-  8]: **........ (2)
INFO:gt864-forward-full-register-schedule.gt864_friso2_scaled_t1c1_slothy_start.split:[  8- 11]: ***....... (3)
INFO:gt864-forward-full-register-schedule.gt864_friso2_scaled_t1c1_slothy_start.split:[ 11- 13]: ****...... (4)
INFO:gt864-forward-full-register-schedule.gt864_friso2_scaled_t1c1_slothy_start.split:[ 13- 16]: ***....... (3)
INFO:gt864-forward-full-register-schedule.gt864_friso2_scaled_t1c1_slothy_start.split:[ 16- 19]: ***....... (3)
INFO:gt864-forward-full-register-schedule.gt864_friso2_scaled_t1c1_slothy_start.split:[ 19- 22]: **........ (2)
INFO:gt864-forward-full-register-schedule.gt864_friso2_scaled_t1c1_slothy_start.split:[ 22- 24]: ***....... (3)
INFO:gt864-forward-full-register-schedule.gt864_friso2_scaled_t1c1_slothy_start.split:[ 24- 27]: ***....... (3)
INFO:gt864-forward-full-register-schedule.gt864_friso2_scaled_t1c1_slothy_start.split:[ 27- 30]: **........ (2)
INFO:gt864-forward-full-register-schedule.gt864_friso2_scaled_t1c1_slothy_start.split:[ 30- 33]: **........ (2)
INFO:gt864-forward-full-register-schedule.gt864_friso2_scaled_t1c1_slothy_start.split:[ 33- 35]: ***....... (3)
INFO:gt864-forward-full-register-schedule.gt864_friso2_scaled_t1c1_slothy_start.split:[ 35- 38]: ***....... (3)
INFO:gt864-forward-full-register-schedule.gt864_friso2_scaled_t1c1_slothy_start.split:[ 38- 41]: **........ (2)
INFO:gt864-forward-full-register-schedule.gt864_friso2_scaled_t1c1_slothy_start.split:[ 41- 44]: **........ (2)
INFO:gt864-forward-full-register-schedule.gt864_friso2_scaled_t1c1_slothy_start.split:[ 44- 46]: ***....... (3)
INFO:gt864-forward-full-register-schedule.gt864_friso2_scaled_t1c1_slothy_start.split:[ 46- 49]: ***....... (3)
INFO:gt864-forward-full-register-schedule.gt864_friso2_scaled_t1c1_slothy_start.split:[ 49- 52]: ***....... (3)
INFO:gt864-forward-full-register-schedule.gt864_friso2_scaled_t1c1_slothy_start.split:[ 52- 55]: **........ (2)
INFO:gt864-forward-full-register-schedule.gt864_friso2_scaled_t1c1_slothy_start.split:[ 55- 57]: **........ (2)
INFO:gt864-forward-full-register-schedule.gt864_friso2_scaled_t1c1_slothy_start.split:[ 57- 60]: **........ (2)
INFO:gt864-forward-full-register-schedule.gt864_friso2_scaled_t1c1_slothy_start.split:[ 60- 63]: ***....... (3)
INFO:gt864-forward-full-register-schedule.gt864_friso2_scaled_t1c1_slothy_start.split:[ 63- 66]: ***....... (3)
INFO:gt864-forward-full-register-schedule.gt864_friso2_scaled_t1c1_slothy_start.split:[ 66- 69]: **........ (2)
INFO:gt864-forward-full-register-schedule.gt864_friso2_scaled_t1c1_slothy_start.split:[ 69- 71]: **........ (2)
INFO:gt864-forward-full-register-schedule.gt864_friso2_scaled_t1c1_slothy_start.split:[ 71- 74]: ***....... (3)
INFO:gt864-forward-full-register-schedule.gt864_friso2_scaled_t1c1_slothy_start.split:[ 74- 77]: *......... (1)
INFO:gt864-forward-full-register-schedule.gt864_friso2_scaled_t1c1_slothy_start.split:[ 77- 80]: **........ (2)
INFO:gt864-forward-full-register-schedule.gt864_friso2_scaled_t1c1_slothy_start.split:[ 80- 82]: ***....... (3)
INFO:gt864-forward-full-register-schedule.gt864_friso2_scaled_t1c1_slothy_start.split:[ 82- 85]: ***....... (3)
INFO:gt864-forward-full-register-schedule.gt864_friso2_scaled_t1c1_slothy_start.split:[ 85- 88]: ***....... (3)
INFO:gt864-forward-full-register-schedule.gt864_friso2_scaled_t1c1_slothy_start.split:[ 88- 91]: **........ (2)
INFO:gt864-forward-full-register-schedule.gt864_friso2_scaled_t1c1_slothy_start.split:[ 91- 93]: ***....... (3)
INFO:gt864-forward-full-register-schedule.gt864_friso2_scaled_t1c1_slothy_start.split:[ 93- 96]: ***....... (3)
INFO:gt864-forward-full-register-schedule.gt864_friso2_scaled_t1c1_slothy_start.split:[ 96- 99]: ***....... (3)
INFO:gt864-forward-full-register-schedule.gt864_friso2_scaled_t1c1_slothy_start.split:[ 99-102]: ***....... (3)
INFO:gt864-forward-full-register-schedule.gt864_friso2_scaled_t1c1_slothy_start.split:[102-104]: ***....... (3)
INFO:gt864-forward-full-register-schedule.gt864_friso2_scaled_t1c1_slothy_start.split:[104-107]: ***....... (3)
INFO:gt864-forward-full-register-schedule.gt864_friso2_scaled_t1c1_slothy_start.split:[107-110]: ****...... (4)
INFO:gt864-forward-full-register-schedule.gt864_friso2_scaled_t1c1_slothy_start.split:[110-113]: ****...... (4)
INFO:gt864-forward-full-register-schedule.gt864_friso2_scaled_t1c1_slothy_start.split:[113-115]: ****...... (4)
INFO:gt864-forward-full-register-schedule.gt864_friso2_scaled_t1c1_slothy_start.split:[115-118]: **........ (2)
INFO:gt864-forward-full-register-schedule.gt864_friso2_scaled_t1c1_slothy_start.split:[118-121]: **........ (2)
INFO:gt864-forward-full-register-schedule.gt864_friso2_scaled_t1c1_slothy_start.split:[121-124]: ***....... (3)
INFO:gt864-forward-full-register-schedule.gt864_friso2_scaled_t1c1_slothy_start.split:[124-126]: ***....... (3)
INFO:gt864-forward-full-register-schedule.gt864_friso2_scaled_t1c1_slothy_start.split:[126-129]: ***....... (3)
INFO:gt864-forward-full-register-schedule.gt864_friso2_scaled_t1c1_slothy_start.split:[129-132]: ***....... (3)
INFO:gt864-forward-full-register-schedule.gt864_friso2_scaled_t1c1_slothy_start.split:[132-135]: ***....... (3)
INFO:gt864-forward-full-register-schedule.gt864_friso2_scaled_t1c1_slothy_start.split:[135-138]: ***....... (3)
INFO:gt864-forward-full-register-schedule.gt864_friso2_scaled_t1c1_slothy_start.split.110_115:Perform internal binary search for minimal number of stalls...
INFO:gt864-forward-full-register-schedule.gt864_friso2_scaled_t1c1_slothy_start.split.110_115:Attempt optimization with max 256 stalls...
INFO:gt864-forward-full-register-schedule.gt864_friso2_scaled_t1c1_slothy_start.split.110_115:Setting timeout of 1800 seconds...
INFO:gt864-forward-full-register-schedule.gt864_friso2_scaled_t1c1_slothy_start.split.110_115:Objective: minimize cycles
INFO:gt864-forward-full-register-schedule.gt864_friso2_scaled_t1c1_slothy_start.split.110_115:Invoking external constraint solver (OR-Tools CP-SAT v9.15.6755) ...
INFO:gt864-forward-full-register-schedule.gt864_friso2_scaled_t1c1_slothy_start.split.110_115:[0.0133s]: Found 1 solutions so far... objective (minimize cycles): currently  (Cycles ~ 13.0, IPC ~ 0.38), bound  (Cycles ~ 13.0, IPC ~ 0.38)
INFO:gt864-forward-full-register-schedule.gt864_friso2_scaled_t1c1_slothy_start.split.110_115:Closer than 0 stalls to theoretical optimum... stop
INFO:gt864-forward-full-register-schedule.gt864_friso2_scaled_t1c1_slothy_start.split.110_115:OPTIMAL, wall time: 0.020584 s
INFO:gt864-forward-full-register-schedule.gt864_friso2_scaled_t1c1_slothy_start.split.110_115:Booleans in result: 12
INFO:gt864-forward-full-register-schedule.gt864_friso2_scaled_t1c1_slothy_start.split.110_115.selfcheck:OK!
INFO:gt864-forward-full-register-schedule.gt864_friso2_scaled_t1c1_slothy_start.split.110_115:Minimum number of stalls: 11
INFO:gt864-forward-full-register-schedule.gt864_friso2_scaled_t1c1_slothy_start.split:[  0-  2]: *......... (1)
INFO:gt864-forward-full-register-schedule.gt864_friso2_scaled_t1c1_slothy_start.split:[  2-  5]: ***....... (3)
INFO:gt864-forward-full-register-schedule.gt864_friso2_scaled_t1c1_slothy_start.split:[  5-  8]: **........ (2)
INFO:gt864-forward-full-register-schedule.gt864_friso2_scaled_t1c1_slothy_start.split:[  8- 11]: ***....... (3)
INFO:gt864-forward-full-register-schedule.gt864_friso2_scaled_t1c1_slothy_start.split:[ 11- 13]: ****...... (4)
INFO:gt864-forward-full-register-schedule.gt864_friso2_scaled_t1c1_slothy_start.split:[ 13- 16]: ***....... (3)
INFO:gt864-forward-full-register-schedule.gt864_friso2_scaled_t1c1_slothy_start.split:[ 16- 19]: ***....... (3)
INFO:gt864-forward-full-register-schedule.gt864_friso2_scaled_t1c1_slothy_start.split:[ 19- 22]: **........ (2)
INFO:gt864-forward-full-register-schedule.gt864_friso2_scaled_t1c1_slothy_start.split:[ 22- 24]: ***....... (3)
INFO:gt864-forward-full-register-schedule.gt864_friso2_scaled_t1c1_slothy_start.split:[ 24- 27]: ***....... (3)
INFO:gt864-forward-full-register-schedule.gt864_friso2_scaled_t1c1_slothy_start.split:[ 27- 30]: **........ (2)
INFO:gt864-forward-full-register-schedule.gt864_friso2_scaled_t1c1_slothy_start.split:[ 30- 33]: **........ (2)
INFO:gt864-forward-full-register-schedule.gt864_friso2_scaled_t1c1_slothy_start.split:[ 33- 35]: ***....... (3)
INFO:gt864-forward-full-register-schedule.gt864_friso2_scaled_t1c1_slothy_start.split:[ 35- 38]: ***....... (3)
INFO:gt864-forward-full-register-schedule.gt864_friso2_scaled_t1c1_slothy_start.split:[ 38- 41]: **........ (2)
INFO:gt864-forward-full-register-schedule.gt864_friso2_scaled_t1c1_slothy_start.split:[ 41- 44]: **........ (2)
INFO:gt864-forward-full-register-schedule.gt864_friso2_scaled_t1c1_slothy_start.split:[ 44- 46]: ***....... (3)
INFO:gt864-forward-full-register-schedule.gt864_friso2_scaled_t1c1_slothy_start.split:[ 46- 49]: ***....... (3)
INFO:gt864-forward-full-register-schedule.gt864_friso2_scaled_t1c1_slothy_start.split:[ 49- 52]: ***....... (3)
INFO:gt864-forward-full-register-schedule.gt864_friso2_scaled_t1c1_slothy_start.split:[ 52- 55]: **........ (2)
INFO:gt864-forward-full-register-schedule.gt864_friso2_scaled_t1c1_slothy_start.split:[ 55- 57]: **........ (2)
INFO:gt864-forward-full-register-schedule.gt864_friso2_scaled_t1c1_slothy_start.split:[ 57- 60]: **........ (2)
INFO:gt864-forward-full-register-schedule.gt864_friso2_scaled_t1c1_slothy_start.split:[ 60- 63]: ***....... (3)
INFO:gt864-forward-full-register-schedule.gt864_friso2_scaled_t1c1_slothy_start.split:[ 63- 66]: ***....... (3)
INFO:gt864-forward-full-register-schedule.gt864_friso2_scaled_t1c1_slothy_start.split:[ 66- 69]: **........ (2)
INFO:gt864-forward-full-register-schedule.gt864_friso2_scaled_t1c1_slothy_start.split:[ 69- 71]: **........ (2)
INFO:gt864-forward-full-register-schedule.gt864_friso2_scaled_t1c1_slothy_start.split:[ 71- 74]: ***....... (3)
INFO:gt864-forward-full-register-schedule.gt864_friso2_scaled_t1c1_slothy_start.split:[ 74- 77]: *......... (1)
INFO:gt864-forward-full-register-schedule.gt864_friso2_scaled_t1c1_slothy_start.split:[ 77- 80]: **........ (2)
INFO:gt864-forward-full-register-schedule.gt864_friso2_scaled_t1c1_slothy_start.split:[ 80- 82]: ***....... (3)
INFO:gt864-forward-full-register-schedule.gt864_friso2_scaled_t1c1_slothy_start.split:[ 82- 85]: ***....... (3)
INFO:gt864-forward-full-register-schedule.gt864_friso2_scaled_t1c1_slothy_start.split:[ 85- 88]: ***....... (3)
INFO:gt864-forward-full-register-schedule.gt864_friso2_scaled_t1c1_slothy_start.split:[ 88- 91]: **........ (2)
INFO:gt864-forward-full-register-schedule.gt864_friso2_scaled_t1c1_slothy_start.split:[ 91- 93]: ***....... (3)
INFO:gt864-forward-full-register-schedule.gt864_friso2_scaled_t1c1_slothy_start.split:[ 93- 96]: ***....... (3)
INFO:gt864-forward-full-register-schedule.gt864_friso2_scaled_t1c1_slothy_start.split:[ 96- 99]: ***....... (3)
INFO:gt864-forward-full-register-schedule.gt864_friso2_scaled_t1c1_slothy_start.split:[ 99-102]: ***....... (3)
INFO:gt864-forward-full-register-schedule.gt864_friso2_scaled_t1c1_slothy_start.split:[102-104]: ***....... (3)
INFO:gt864-forward-full-register-schedule.gt864_friso2_scaled_t1c1_slothy_start.split:[104-107]: ***....... (3)
INFO:gt864-forward-full-register-schedule.gt864_friso2_scaled_t1c1_slothy_start.split:[107-110]: ***....... (3)
INFO:gt864-forward-full-register-schedule.gt864_friso2_scaled_t1c1_slothy_start.split:[110-113]: ***....... (3)
INFO:gt864-forward-full-register-schedule.gt864_friso2_scaled_t1c1_slothy_start.split:[113-115]: ****...... (4)
INFO:gt864-forward-full-register-schedule.gt864_friso2_scaled_t1c1_slothy_start.split:[115-118]: **........ (2)
INFO:gt864-forward-full-register-schedule.gt864_friso2_scaled_t1c1_slothy_start.split:[118-121]: **........ (2)
INFO:gt864-forward-full-register-schedule.gt864_friso2_scaled_t1c1_slothy_start.split:[121-124]: ***....... (3)
INFO:gt864-forward-full-register-schedule.gt864_friso2_scaled_t1c1_slothy_start.split:[124-126]: ***....... (3)
INFO:gt864-forward-full-register-schedule.gt864_friso2_scaled_t1c1_slothy_start.split:[126-129]: ***....... (3)
INFO:gt864-forward-full-register-schedule.gt864_friso2_scaled_t1c1_slothy_start.split:[129-132]: ***....... (3)
INFO:gt864-forward-full-register-schedule.gt864_friso2_scaled_t1c1_slothy_start.split:[132-135]: ***....... (3)
INFO:gt864-forward-full-register-schedule.gt864_friso2_scaled_t1c1_slothy_start.split:[135-138]: ***....... (3)
INFO:gt864-forward-full-register-schedule.gt864_friso2_scaled_t1c1_slothy_start.split.117_122:Perform internal binary search for minimal number of stalls...
INFO:gt864-forward-full-register-schedule.gt864_friso2_scaled_t1c1_slothy_start.split.117_122:Attempt optimization with max 256 stalls...
INFO:gt864-forward-full-register-schedule.gt864_friso2_scaled_t1c1_slothy_start.split.117_122:Setting timeout of 1800 seconds...
INFO:gt864-forward-full-register-schedule.gt864_friso2_scaled_t1c1_slothy_start.split.117_122:Objective: minimize cycles
INFO:gt864-forward-full-register-schedule.gt864_friso2_scaled_t1c1_slothy_start.split.117_122:Invoking external constraint solver (OR-Tools CP-SAT v9.15.6755) ...
INFO:gt864-forward-full-register-schedule.gt864_friso2_scaled_t1c1_slothy_start.split.117_122:[0.0174s]: Found 1 solutions so far... objective (minimize cycles): currently  (Cycles ~ 8.0, IPC ~ 0.62), bound  (Cycles ~ 5.0, IPC ~ 1.00)
INFO:gt864-forward-full-register-schedule.gt864_friso2_scaled_t1c1_slothy_start.split.117_122:[0.0182s]: Found 2 solutions so far... objective (minimize cycles): currently  (Cycles ~ 7.0, IPC ~ 0.71), bound  (Cycles ~ 5.0, IPC ~ 1.00)
INFO:gt864-forward-full-register-schedule.gt864_friso2_scaled_t1c1_slothy_start.split.117_122:[0.0185s]: Found 3 solutions so far... objective (minimize cycles): currently  (Cycles ~ 5.0, IPC ~ 1.00), bound  (Cycles ~ 5.0, IPC ~ 1.00)
INFO:gt864-forward-full-register-schedule.gt864_friso2_scaled_t1c1_slothy_start.split.117_122:Closer than 0 stalls to theoretical optimum... stop
INFO:gt864-forward-full-register-schedule.gt864_friso2_scaled_t1c1_slothy_start.split.117_122:OPTIMAL, wall time: 0.027768 s
INFO:gt864-forward-full-register-schedule.gt864_friso2_scaled_t1c1_slothy_start.split.117_122:Booleans in result: 33
INFO:gt864-forward-full-register-schedule.gt864_friso2_scaled_t1c1_slothy_start.split.117_122.selfcheck:OK!
INFO:gt864-forward-full-register-schedule.gt864_friso2_scaled_t1c1_slothy_start.split.117_122:Minimum number of stalls: 3
INFO:gt864-forward-full-register-schedule.gt864_friso2_scaled_t1c1_slothy_start.split:[  0-  2]: *......... (1)
INFO:gt864-forward-full-register-schedule.gt864_friso2_scaled_t1c1_slothy_start.split:[  2-  5]: ***....... (3)
INFO:gt864-forward-full-register-schedule.gt864_friso2_scaled_t1c1_slothy_start.split:[  5-  8]: **........ (2)
INFO:gt864-forward-full-register-schedule.gt864_friso2_scaled_t1c1_slothy_start.split:[  8- 11]: ***....... (3)
INFO:gt864-forward-full-register-schedule.gt864_friso2_scaled_t1c1_slothy_start.split:[ 11- 13]: ****...... (4)
INFO:gt864-forward-full-register-schedule.gt864_friso2_scaled_t1c1_slothy_start.split:[ 13- 16]: ***....... (3)
INFO:gt864-forward-full-register-schedule.gt864_friso2_scaled_t1c1_slothy_start.split:[ 16- 19]: ***....... (3)
INFO:gt864-forward-full-register-schedule.gt864_friso2_scaled_t1c1_slothy_start.split:[ 19- 22]: **........ (2)
INFO:gt864-forward-full-register-schedule.gt864_friso2_scaled_t1c1_slothy_start.split:[ 22- 24]: ***....... (3)
INFO:gt864-forward-full-register-schedule.gt864_friso2_scaled_t1c1_slothy_start.split:[ 24- 27]: ***....... (3)
INFO:gt864-forward-full-register-schedule.gt864_friso2_scaled_t1c1_slothy_start.split:[ 27- 30]: **........ (2)
INFO:gt864-forward-full-register-schedule.gt864_friso2_scaled_t1c1_slothy_start.split:[ 30- 33]: **........ (2)
INFO:gt864-forward-full-register-schedule.gt864_friso2_scaled_t1c1_slothy_start.split:[ 33- 35]: ***....... (3)
INFO:gt864-forward-full-register-schedule.gt864_friso2_scaled_t1c1_slothy_start.split:[ 35- 38]: ***....... (3)
INFO:gt864-forward-full-register-schedule.gt864_friso2_scaled_t1c1_slothy_start.split:[ 38- 41]: **........ (2)
INFO:gt864-forward-full-register-schedule.gt864_friso2_scaled_t1c1_slothy_start.split:[ 41- 44]: **........ (2)
INFO:gt864-forward-full-register-schedule.gt864_friso2_scaled_t1c1_slothy_start.split:[ 44- 46]: ***....... (3)
INFO:gt864-forward-full-register-schedule.gt864_friso2_scaled_t1c1_slothy_start.split:[ 46- 49]: ***....... (3)
INFO:gt864-forward-full-register-schedule.gt864_friso2_scaled_t1c1_slothy_start.split:[ 49- 52]: ***....... (3)
INFO:gt864-forward-full-register-schedule.gt864_friso2_scaled_t1c1_slothy_start.split:[ 52- 55]: **........ (2)
INFO:gt864-forward-full-register-schedule.gt864_friso2_scaled_t1c1_slothy_start.split:[ 55- 57]: **........ (2)
INFO:gt864-forward-full-register-schedule.gt864_friso2_scaled_t1c1_slothy_start.split:[ 57- 60]: **........ (2)
INFO:gt864-forward-full-register-schedule.gt864_friso2_scaled_t1c1_slothy_start.split:[ 60- 63]: ***....... (3)
INFO:gt864-forward-full-register-schedule.gt864_friso2_scaled_t1c1_slothy_start.split:[ 63- 66]: ***....... (3)
INFO:gt864-forward-full-register-schedule.gt864_friso2_scaled_t1c1_slothy_start.split:[ 66- 69]: **........ (2)
INFO:gt864-forward-full-register-schedule.gt864_friso2_scaled_t1c1_slothy_start.split:[ 69- 71]: **........ (2)
INFO:gt864-forward-full-register-schedule.gt864_friso2_scaled_t1c1_slothy_start.split:[ 71- 74]: ***....... (3)
INFO:gt864-forward-full-register-schedule.gt864_friso2_scaled_t1c1_slothy_start.split:[ 74- 77]: *......... (1)
INFO:gt864-forward-full-register-schedule.gt864_friso2_scaled_t1c1_slothy_start.split:[ 77- 80]: **........ (2)
INFO:gt864-forward-full-register-schedule.gt864_friso2_scaled_t1c1_slothy_start.split:[ 80- 82]: ***....... (3)
INFO:gt864-forward-full-register-schedule.gt864_friso2_scaled_t1c1_slothy_start.split:[ 82- 85]: ***....... (3)
INFO:gt864-forward-full-register-schedule.gt864_friso2_scaled_t1c1_slothy_start.split:[ 85- 88]: ***....... (3)
INFO:gt864-forward-full-register-schedule.gt864_friso2_scaled_t1c1_slothy_start.split:[ 88- 91]: **........ (2)
INFO:gt864-forward-full-register-schedule.gt864_friso2_scaled_t1c1_slothy_start.split:[ 91- 93]: ***....... (3)
INFO:gt864-forward-full-register-schedule.gt864_friso2_scaled_t1c1_slothy_start.split:[ 93- 96]: ***....... (3)
INFO:gt864-forward-full-register-schedule.gt864_friso2_scaled_t1c1_slothy_start.split:[ 96- 99]: ***....... (3)
INFO:gt864-forward-full-register-schedule.gt864_friso2_scaled_t1c1_slothy_start.split:[ 99-102]: ***....... (3)
INFO:gt864-forward-full-register-schedule.gt864_friso2_scaled_t1c1_slothy_start.split:[102-104]: ***....... (3)
INFO:gt864-forward-full-register-schedule.gt864_friso2_scaled_t1c1_slothy_start.split:[104-107]: ***....... (3)
INFO:gt864-forward-full-register-schedule.gt864_friso2_scaled_t1c1_slothy_start.split:[107-110]: ***....... (3)
INFO:gt864-forward-full-register-schedule.gt864_friso2_scaled_t1c1_slothy_start.split:[110-113]: ***....... (3)
INFO:gt864-forward-full-register-schedule.gt864_friso2_scaled_t1c1_slothy_start.split:[113-115]: ****...... (4)
INFO:gt864-forward-full-register-schedule.gt864_friso2_scaled_t1c1_slothy_start.split:[115-118]: **........ (2)
INFO:gt864-forward-full-register-schedule.gt864_friso2_scaled_t1c1_slothy_start.split:[118-121]: **........ (2)
INFO:gt864-forward-full-register-schedule.gt864_friso2_scaled_t1c1_slothy_start.split:[121-124]: ***....... (3)
INFO:gt864-forward-full-register-schedule.gt864_friso2_scaled_t1c1_slothy_start.split:[124-126]: ***....... (3)
INFO:gt864-forward-full-register-schedule.gt864_friso2_scaled_t1c1_slothy_start.split:[126-129]: ***....... (3)
INFO:gt864-forward-full-register-schedule.gt864_friso2_scaled_t1c1_slothy_start.split:[129-132]: ***....... (3)
INFO:gt864-forward-full-register-schedule.gt864_friso2_scaled_t1c1_slothy_start.split:[132-135]: ***....... (3)
INFO:gt864-forward-full-register-schedule.gt864_friso2_scaled_t1c1_slothy_start.split:[135-138]: ***....... (3)
INFO:gt864-forward-full-register-schedule.gt864_friso2_scaled_t1c1_slothy_start.split.124_129:Perform internal binary search for minimal number of stalls...
INFO:gt864-forward-full-register-schedule.gt864_friso2_scaled_t1c1_slothy_start.split.124_129:Attempt optimization with max 256 stalls...
INFO:gt864-forward-full-register-schedule.gt864_friso2_scaled_t1c1_slothy_start.split.124_129:Setting timeout of 1800 seconds...
INFO:gt864-forward-full-register-schedule.gt864_friso2_scaled_t1c1_slothy_start.split.124_129:Objective: minimize cycles
INFO:gt864-forward-full-register-schedule.gt864_friso2_scaled_t1c1_slothy_start.split.124_129:Invoking external constraint solver (OR-Tools CP-SAT v9.15.6755) ...
INFO:gt864-forward-full-register-schedule.gt864_friso2_scaled_t1c1_slothy_start.split.124_129:[0.0121s]: Found 1 solutions so far... objective (minimize cycles): currently  (Cycles ~ 11.0, IPC ~ 0.45), bound  (Cycles ~ 8.0, IPC ~ 0.62)
INFO:gt864-forward-full-register-schedule.gt864_friso2_scaled_t1c1_slothy_start.split.124_129:[0.0129s]: Found 2 solutions so far... objective (minimize cycles): currently  (Cycles ~ 10.0, IPC ~ 0.50), bound  (Cycles ~ 8.0, IPC ~ 0.62)
INFO:gt864-forward-full-register-schedule.gt864_friso2_scaled_t1c1_slothy_start.split.124_129:[0.0132s]: Found 3 solutions so far... objective (minimize cycles): currently  (Cycles ~ 8.0, IPC ~ 0.62), bound  (Cycles ~ 8.0, IPC ~ 0.62)
INFO:gt864-forward-full-register-schedule.gt864_friso2_scaled_t1c1_slothy_start.split.124_129:Closer than 0 stalls to theoretical optimum... stop
INFO:gt864-forward-full-register-schedule.gt864_friso2_scaled_t1c1_slothy_start.split.124_129:OPTIMAL, wall time: 0.026661 s
INFO:gt864-forward-full-register-schedule.gt864_friso2_scaled_t1c1_slothy_start.split.124_129:Booleans in result: 30
INFO:gt864-forward-full-register-schedule.gt864_friso2_scaled_t1c1_slothy_start.split.124_129.selfcheck:OK!
INFO:gt864-forward-full-register-schedule.gt864_friso2_scaled_t1c1_slothy_start.split.124_129:Minimum number of stalls: 6
INFO:gt864-forward-full-register-schedule.gt864_friso2_scaled_t1c1_slothy_start.split:[  0-  2]: *......... (1)
INFO:gt864-forward-full-register-schedule.gt864_friso2_scaled_t1c1_slothy_start.split:[  2-  5]: ***....... (3)
INFO:gt864-forward-full-register-schedule.gt864_friso2_scaled_t1c1_slothy_start.split:[  5-  8]: **........ (2)
INFO:gt864-forward-full-register-schedule.gt864_friso2_scaled_t1c1_slothy_start.split:[  8- 11]: ***....... (3)
INFO:gt864-forward-full-register-schedule.gt864_friso2_scaled_t1c1_slothy_start.split:[ 11- 13]: ****...... (4)
INFO:gt864-forward-full-register-schedule.gt864_friso2_scaled_t1c1_slothy_start.split:[ 13- 16]: ***....... (3)
INFO:gt864-forward-full-register-schedule.gt864_friso2_scaled_t1c1_slothy_start.split:[ 16- 19]: ***....... (3)
INFO:gt864-forward-full-register-schedule.gt864_friso2_scaled_t1c1_slothy_start.split:[ 19- 22]: **........ (2)
INFO:gt864-forward-full-register-schedule.gt864_friso2_scaled_t1c1_slothy_start.split:[ 22- 24]: ***....... (3)
INFO:gt864-forward-full-register-schedule.gt864_friso2_scaled_t1c1_slothy_start.split:[ 24- 27]: ***....... (3)
INFO:gt864-forward-full-register-schedule.gt864_friso2_scaled_t1c1_slothy_start.split:[ 27- 30]: **........ (2)
INFO:gt864-forward-full-register-schedule.gt864_friso2_scaled_t1c1_slothy_start.split:[ 30- 33]: **........ (2)
INFO:gt864-forward-full-register-schedule.gt864_friso2_scaled_t1c1_slothy_start.split:[ 33- 35]: ***....... (3)
INFO:gt864-forward-full-register-schedule.gt864_friso2_scaled_t1c1_slothy_start.split:[ 35- 38]: ***....... (3)
INFO:gt864-forward-full-register-schedule.gt864_friso2_scaled_t1c1_slothy_start.split:[ 38- 41]: **........ (2)
INFO:gt864-forward-full-register-schedule.gt864_friso2_scaled_t1c1_slothy_start.split:[ 41- 44]: **........ (2)
INFO:gt864-forward-full-register-schedule.gt864_friso2_scaled_t1c1_slothy_start.split:[ 44- 46]: ***....... (3)
INFO:gt864-forward-full-register-schedule.gt864_friso2_scaled_t1c1_slothy_start.split:[ 46- 49]: ***....... (3)
INFO:gt864-forward-full-register-schedule.gt864_friso2_scaled_t1c1_slothy_start.split:[ 49- 52]: ***....... (3)
INFO:gt864-forward-full-register-schedule.gt864_friso2_scaled_t1c1_slothy_start.split:[ 52- 55]: **........ (2)
INFO:gt864-forward-full-register-schedule.gt864_friso2_scaled_t1c1_slothy_start.split:[ 55- 57]: **........ (2)
INFO:gt864-forward-full-register-schedule.gt864_friso2_scaled_t1c1_slothy_start.split:[ 57- 60]: **........ (2)
INFO:gt864-forward-full-register-schedule.gt864_friso2_scaled_t1c1_slothy_start.split:[ 60- 63]: ***....... (3)
INFO:gt864-forward-full-register-schedule.gt864_friso2_scaled_t1c1_slothy_start.split:[ 63- 66]: ***....... (3)
INFO:gt864-forward-full-register-schedule.gt864_friso2_scaled_t1c1_slothy_start.split:[ 66- 69]: **........ (2)
INFO:gt864-forward-full-register-schedule.gt864_friso2_scaled_t1c1_slothy_start.split:[ 69- 71]: **........ (2)
INFO:gt864-forward-full-register-schedule.gt864_friso2_scaled_t1c1_slothy_start.split:[ 71- 74]: ***....... (3)
INFO:gt864-forward-full-register-schedule.gt864_friso2_scaled_t1c1_slothy_start.split:[ 74- 77]: *......... (1)
INFO:gt864-forward-full-register-schedule.gt864_friso2_scaled_t1c1_slothy_start.split:[ 77- 80]: **........ (2)
INFO:gt864-forward-full-register-schedule.gt864_friso2_scaled_t1c1_slothy_start.split:[ 80- 82]: ***....... (3)
INFO:gt864-forward-full-register-schedule.gt864_friso2_scaled_t1c1_slothy_start.split:[ 82- 85]: ***....... (3)
INFO:gt864-forward-full-register-schedule.gt864_friso2_scaled_t1c1_slothy_start.split:[ 85- 88]: ***....... (3)
INFO:gt864-forward-full-register-schedule.gt864_friso2_scaled_t1c1_slothy_start.split:[ 88- 91]: **........ (2)
INFO:gt864-forward-full-register-schedule.gt864_friso2_scaled_t1c1_slothy_start.split:[ 91- 93]: ***....... (3)
INFO:gt864-forward-full-register-schedule.gt864_friso2_scaled_t1c1_slothy_start.split:[ 93- 96]: ***....... (3)
INFO:gt864-forward-full-register-schedule.gt864_friso2_scaled_t1c1_slothy_start.split:[ 96- 99]: ***....... (3)
INFO:gt864-forward-full-register-schedule.gt864_friso2_scaled_t1c1_slothy_start.split:[ 99-102]: ***....... (3)
INFO:gt864-forward-full-register-schedule.gt864_friso2_scaled_t1c1_slothy_start.split:[102-104]: ***....... (3)
INFO:gt864-forward-full-register-schedule.gt864_friso2_scaled_t1c1_slothy_start.split:[104-107]: ***....... (3)
INFO:gt864-forward-full-register-schedule.gt864_friso2_scaled_t1c1_slothy_start.split:[107-110]: ***....... (3)
INFO:gt864-forward-full-register-schedule.gt864_friso2_scaled_t1c1_slothy_start.split:[110-113]: ***....... (3)
INFO:gt864-forward-full-register-schedule.gt864_friso2_scaled_t1c1_slothy_start.split:[113-115]: ****...... (4)
INFO:gt864-forward-full-register-schedule.gt864_friso2_scaled_t1c1_slothy_start.split:[115-118]: **........ (2)
INFO:gt864-forward-full-register-schedule.gt864_friso2_scaled_t1c1_slothy_start.split:[118-121]: **........ (2)
INFO:gt864-forward-full-register-schedule.gt864_friso2_scaled_t1c1_slothy_start.split:[121-124]: **........ (2)
INFO:gt864-forward-full-register-schedule.gt864_friso2_scaled_t1c1_slothy_start.split:[124-126]: **........ (2)
INFO:gt864-forward-full-register-schedule.gt864_friso2_scaled_t1c1_slothy_start.split:[126-129]: ***....... (3)
INFO:gt864-forward-full-register-schedule.gt864_friso2_scaled_t1c1_slothy_start.split:[129-132]: ***....... (3)
INFO:gt864-forward-full-register-schedule.gt864_friso2_scaled_t1c1_slothy_start.split:[132-135]: ***....... (3)
INFO:gt864-forward-full-register-schedule.gt864_friso2_scaled_t1c1_slothy_start.split:[135-138]: ***....... (3)
INFO:gt864-forward-full-register-schedule.gt864_friso2_scaled_t1c1_slothy_start.split.131_135:Perform internal binary search for minimal number of stalls...
INFO:gt864-forward-full-register-schedule.gt864_friso2_scaled_t1c1_slothy_start.split.131_135:Attempt optimization with max 256 stalls...
INFO:gt864-forward-full-register-schedule.gt864_friso2_scaled_t1c1_slothy_start.split.131_135:Setting timeout of 1800 seconds...
INFO:gt864-forward-full-register-schedule.gt864_friso2_scaled_t1c1_slothy_start.split.131_135:Objective: minimize cycles
INFO:gt864-forward-full-register-schedule.gt864_friso2_scaled_t1c1_slothy_start.split.131_135:Invoking external constraint solver (OR-Tools CP-SAT v9.15.6755) ...
INFO:gt864-forward-full-register-schedule.gt864_friso2_scaled_t1c1_slothy_start.split.131_135:[0.0126s]: Found 1 solutions so far... objective (minimize cycles): currently  (Cycles ~ 6.0, IPC ~ 0.67), bound  (Cycles ~ 6.0, IPC ~ 0.67)
INFO:gt864-forward-full-register-schedule.gt864_friso2_scaled_t1c1_slothy_start.split.131_135:Closer than 0 stalls to theoretical optimum... stop
INFO:gt864-forward-full-register-schedule.gt864_friso2_scaled_t1c1_slothy_start.split.131_135:OPTIMAL, wall time: 0.016481 s
INFO:gt864-forward-full-register-schedule.gt864_friso2_scaled_t1c1_slothy_start.split.131_135:Booleans in result: 65
INFO:gt864-forward-full-register-schedule.gt864_friso2_scaled_t1c1_slothy_start.split.131_135.selfcheck:OK!
INFO:gt864-forward-full-register-schedule.gt864_friso2_scaled_t1c1_slothy_start.split.131_135:Minimum number of stalls: 5
INFO:gt864-forward-full-register-schedule.gt864_friso2_scaled_t1c1_slothy_start.split:[  0-  2]: *......... (1)
INFO:gt864-forward-full-register-schedule.gt864_friso2_scaled_t1c1_slothy_start.split:[  2-  5]: ***....... (3)
INFO:gt864-forward-full-register-schedule.gt864_friso2_scaled_t1c1_slothy_start.split:[  5-  8]: **........ (2)
INFO:gt864-forward-full-register-schedule.gt864_friso2_scaled_t1c1_slothy_start.split:[  8- 11]: ***....... (3)
INFO:gt864-forward-full-register-schedule.gt864_friso2_scaled_t1c1_slothy_start.split:[ 11- 13]: ****...... (4)
INFO:gt864-forward-full-register-schedule.gt864_friso2_scaled_t1c1_slothy_start.split:[ 13- 16]: ***....... (3)
INFO:gt864-forward-full-register-schedule.gt864_friso2_scaled_t1c1_slothy_start.split:[ 16- 19]: ***....... (3)
INFO:gt864-forward-full-register-schedule.gt864_friso2_scaled_t1c1_slothy_start.split:[ 19- 22]: **........ (2)
INFO:gt864-forward-full-register-schedule.gt864_friso2_scaled_t1c1_slothy_start.split:[ 22- 24]: ***....... (3)
INFO:gt864-forward-full-register-schedule.gt864_friso2_scaled_t1c1_slothy_start.split:[ 24- 27]: ***....... (3)
INFO:gt864-forward-full-register-schedule.gt864_friso2_scaled_t1c1_slothy_start.split:[ 27- 30]: **........ (2)
INFO:gt864-forward-full-register-schedule.gt864_friso2_scaled_t1c1_slothy_start.split:[ 30- 33]: **........ (2)
INFO:gt864-forward-full-register-schedule.gt864_friso2_scaled_t1c1_slothy_start.split:[ 33- 35]: ***....... (3)
INFO:gt864-forward-full-register-schedule.gt864_friso2_scaled_t1c1_slothy_start.split:[ 35- 38]: ***....... (3)
INFO:gt864-forward-full-register-schedule.gt864_friso2_scaled_t1c1_slothy_start.split:[ 38- 41]: **........ (2)
INFO:gt864-forward-full-register-schedule.gt864_friso2_scaled_t1c1_slothy_start.split:[ 41- 44]: **........ (2)
INFO:gt864-forward-full-register-schedule.gt864_friso2_scaled_t1c1_slothy_start.split:[ 44- 46]: ***....... (3)
INFO:gt864-forward-full-register-schedule.gt864_friso2_scaled_t1c1_slothy_start.split:[ 46- 49]: ***....... (3)
INFO:gt864-forward-full-register-schedule.gt864_friso2_scaled_t1c1_slothy_start.split:[ 49- 52]: ***....... (3)
INFO:gt864-forward-full-register-schedule.gt864_friso2_scaled_t1c1_slothy_start.split:[ 52- 55]: **........ (2)
INFO:gt864-forward-full-register-schedule.gt864_friso2_scaled_t1c1_slothy_start.split:[ 55- 57]: **........ (2)
INFO:gt864-forward-full-register-schedule.gt864_friso2_scaled_t1c1_slothy_start.split:[ 57- 60]: **........ (2)
INFO:gt864-forward-full-register-schedule.gt864_friso2_scaled_t1c1_slothy_start.split:[ 60- 63]: ***....... (3)
INFO:gt864-forward-full-register-schedule.gt864_friso2_scaled_t1c1_slothy_start.split:[ 63- 66]: ***....... (3)
INFO:gt864-forward-full-register-schedule.gt864_friso2_scaled_t1c1_slothy_start.split:[ 66- 69]: **........ (2)
INFO:gt864-forward-full-register-schedule.gt864_friso2_scaled_t1c1_slothy_start.split:[ 69- 71]: **........ (2)
INFO:gt864-forward-full-register-schedule.gt864_friso2_scaled_t1c1_slothy_start.split:[ 71- 74]: ***....... (3)
INFO:gt864-forward-full-register-schedule.gt864_friso2_scaled_t1c1_slothy_start.split:[ 74- 77]: *......... (1)
INFO:gt864-forward-full-register-schedule.gt864_friso2_scaled_t1c1_slothy_start.split:[ 77- 80]: **........ (2)
INFO:gt864-forward-full-register-schedule.gt864_friso2_scaled_t1c1_slothy_start.split:[ 80- 82]: ***....... (3)
INFO:gt864-forward-full-register-schedule.gt864_friso2_scaled_t1c1_slothy_start.split:[ 82- 85]: ***....... (3)
INFO:gt864-forward-full-register-schedule.gt864_friso2_scaled_t1c1_slothy_start.split:[ 85- 88]: ***....... (3)
INFO:gt864-forward-full-register-schedule.gt864_friso2_scaled_t1c1_slothy_start.split:[ 88- 91]: **........ (2)
INFO:gt864-forward-full-register-schedule.gt864_friso2_scaled_t1c1_slothy_start.split:[ 91- 93]: ***....... (3)
INFO:gt864-forward-full-register-schedule.gt864_friso2_scaled_t1c1_slothy_start.split:[ 93- 96]: ***....... (3)
INFO:gt864-forward-full-register-schedule.gt864_friso2_scaled_t1c1_slothy_start.split:[ 96- 99]: ***....... (3)
INFO:gt864-forward-full-register-schedule.gt864_friso2_scaled_t1c1_slothy_start.split:[ 99-102]: ***....... (3)
INFO:gt864-forward-full-register-schedule.gt864_friso2_scaled_t1c1_slothy_start.split:[102-104]: ***....... (3)
INFO:gt864-forward-full-register-schedule.gt864_friso2_scaled_t1c1_slothy_start.split:[104-107]: ***....... (3)
INFO:gt864-forward-full-register-schedule.gt864_friso2_scaled_t1c1_slothy_start.split:[107-110]: ***....... (3)
INFO:gt864-forward-full-register-schedule.gt864_friso2_scaled_t1c1_slothy_start.split:[110-113]: ***....... (3)
INFO:gt864-forward-full-register-schedule.gt864_friso2_scaled_t1c1_slothy_start.split:[113-115]: ****...... (4)
INFO:gt864-forward-full-register-schedule.gt864_friso2_scaled_t1c1_slothy_start.split:[115-118]: **........ (2)
INFO:gt864-forward-full-register-schedule.gt864_friso2_scaled_t1c1_slothy_start.split:[118-121]: **........ (2)
INFO:gt864-forward-full-register-schedule.gt864_friso2_scaled_t1c1_slothy_start.split:[121-124]: **........ (2)
INFO:gt864-forward-full-register-schedule.gt864_friso2_scaled_t1c1_slothy_start.split:[124-126]: **........ (2)
INFO:gt864-forward-full-register-schedule.gt864_friso2_scaled_t1c1_slothy_start.split:[126-129]: ***....... (3)
INFO:gt864-forward-full-register-schedule.gt864_friso2_scaled_t1c1_slothy_start.split:[129-132]: ***....... (3)
INFO:gt864-forward-full-register-schedule.gt864_friso2_scaled_t1c1_slothy_start.split:[132-135]: ***....... (3)
INFO:gt864-forward-full-register-schedule.gt864_friso2_scaled_t1c1_slothy_start.split:[135-138]: ***....... (3)
INFO:gt864-forward-full-register-schedule.gt864_friso2_scaled_t1c1_slothy_start.split.split_heuristic_full:OK!
allocated_liveouts=out0:v10,out1:v11,out2:v30,out3:v14,out4:v27,out5:v3,out6:v5,out7:v6,out8:v0
real 11.02
user 10.86
sys 0.26
