INFO:p22.p22_i16_slothy_start:SLOTHY version: 0.2.0
INFO:p22:Instructions in body: 635
INFO:p22.p22_i16_slothy_start.split.0_40:Perform external binary search for minimal number of stalls...
INFO:p22.p22_i16_slothy_start.split.0_40:Attempt optimization with max 0 stalls...
INFO:p22.p22_i16_slothy_start.split.0_40:Setting timeout of 30 seconds...
INFO:p22.p22_i16_slothy_start.split.0_40:Objective: None (any satisfying solution is fine)
INFO:p22.p22_i16_slothy_start.split.0_40:Invoking external constraint solver (OR-Tools CP-SAT v9.15.6755) ...
INFO:p22.p22_i16_slothy_start.split.0_40:INFEASIBLE, wall time: 0.002270 s
INFO:p22.p22_i16_slothy_start.split.0_40:Attempt optimization with max 1 stalls...
INFO:p22.p22_i16_slothy_start.split.0_40:Setting timeout of 30 seconds...
INFO:p22.p22_i16_slothy_start.split.0_40:Objective: None (any satisfying solution is fine)
INFO:p22.p22_i16_slothy_start.split.0_40:Invoking external constraint solver (OR-Tools CP-SAT v9.15.6755) ...
INFO:p22.p22_i16_slothy_start.split.0_40:INFEASIBLE, wall time: 0.001163 s
INFO:p22.p22_i16_slothy_start.split.0_40:Attempt optimization with max 2 stalls...
INFO:p22.p22_i16_slothy_start.split.0_40:Setting timeout of 30 seconds...
INFO:p22.p22_i16_slothy_start.split.0_40:Objective: None (any satisfying solution is fine)
INFO:p22.p22_i16_slothy_start.split.0_40:Invoking external constraint solver (OR-Tools CP-SAT v9.15.6755) ...
INFO:p22.p22_i16_slothy_start.split.0_40:INFEASIBLE, wall time: 0.000960 s
INFO:p22.p22_i16_slothy_start.split.0_40:Attempt optimization with max 4 stalls...
INFO:p22.p22_i16_slothy_start.split.0_40:Setting timeout of 30 seconds...
INFO:p22.p22_i16_slothy_start.split.0_40:Objective: None (any satisfying solution is fine)
INFO:p22.p22_i16_slothy_start.split.0_40:Invoking external constraint solver (OR-Tools CP-SAT v9.15.6755) ...
INFO:p22.p22_i16_slothy_start.split.0_40:INFEASIBLE, wall time: 0.002849 s
INFO:p22.p22_i16_slothy_start.split.0_40:Attempt optimization with max 8 stalls...
INFO:p22.p22_i16_slothy_start.split.0_40:Setting timeout of 30 seconds...
INFO:p22.p22_i16_slothy_start.split.0_40:Objective: None (any satisfying solution is fine)
INFO:p22.p22_i16_slothy_start.split.0_40:Invoking external constraint solver (OR-Tools CP-SAT v9.15.6755) ...
INFO:p22.p22_i16_slothy_start.split.0_40:INFEASIBLE, wall time: 0.002723 s
INFO:p22.p22_i16_slothy_start.split.0_40:Attempt optimization with max 16 stalls...
INFO:p22.p22_i16_slothy_start.split.0_40:Setting timeout of 30 seconds...
INFO:p22.p22_i16_slothy_start.split.0_40:Objective: None (any satisfying solution is fine)
INFO:p22.p22_i16_slothy_start.split.0_40:Invoking external constraint solver (OR-Tools CP-SAT v9.15.6755) ...
INFO:p22.p22_i16_slothy_start.split.0_40:INFEASIBLE, wall time: 0.015432 s
INFO:p22.p22_i16_slothy_start.split.0_40:Attempt optimization with max 32 stalls...
INFO:p22.p22_i16_slothy_start.split.0_40:Setting timeout of 30 seconds...
INFO:p22.p22_i16_slothy_start.split.0_40:Objective: None (any satisfying solution is fine)
INFO:p22.p22_i16_slothy_start.split.0_40:Invoking external constraint solver (OR-Tools CP-SAT v9.15.6755) ...
INFO:p22.p22_i16_slothy_start.split.0_40:[0.0433s]: Found 1 solutions so far... objective (no objective): currently 0.0, bound 0.0
INFO:p22.p22_i16_slothy_start.split.0_40:OPTIMAL, wall time: 0.046018 s
INFO:p22.p22_i16_slothy_start.split.0_40:Booleans in result: 114
INFO:p22.p22_i16_slothy_start.split.0_40.selfcheck:OK!
WARNING:p22:LLVM (llvm-mc, llvm-nm, llvm-readobj) not found, disabling selftest. Consider installing LLVM.
INFO:p22.p22_i16_slothy_start.split.0_40:Attempt optimization with max 24 stalls...
INFO:p22.p22_i16_slothy_start.split.0_40:Setting timeout of 30 seconds...
INFO:p22.p22_i16_slothy_start.split.0_40:Objective: None (any satisfying solution is fine)
INFO:p22.p22_i16_slothy_start.split.0_40:Invoking external constraint solver (OR-Tools CP-SAT v9.15.6755) ...
INFO:p22.p22_i16_slothy_start.split.0_40:[0.0325s]: Found 1 solutions so far... objective (no objective): currently 0.0, bound 0.0
INFO:p22.p22_i16_slothy_start.split.0_40:OPTIMAL, wall time: 0.036387 s
INFO:p22.p22_i16_slothy_start.split.0_40:Booleans in result: 126
INFO:p22.p22_i16_slothy_start.split.0_40.selfcheck:OK!
WARNING:p22:LLVM (llvm-mc, llvm-nm, llvm-readobj) not found, disabling selftest. Consider installing LLVM.
INFO:p22.p22_i16_slothy_start.split.0_40:Attempt optimization with max 20 stalls...
INFO:p22.p22_i16_slothy_start.split.0_40:Setting timeout of 30 seconds...
INFO:p22.p22_i16_slothy_start.split.0_40:Objective: None (any satisfying solution is fine)
INFO:p22.p22_i16_slothy_start.split.0_40:Invoking external constraint solver (OR-Tools CP-SAT v9.15.6755) ...
INFO:p22.p22_i16_slothy_start.split.0_40:INFEASIBLE, wall time: 0.036850 s
INFO:p22.p22_i16_slothy_start.split.0_40:Attempt optimization with max 22 stalls...
INFO:p22.p22_i16_slothy_start.split.0_40:Setting timeout of 30 seconds...
INFO:p22.p22_i16_slothy_start.split.0_40:Objective: None (any satisfying solution is fine)
INFO:p22.p22_i16_slothy_start.split.0_40:Invoking external constraint solver (OR-Tools CP-SAT v9.15.6755) ...
INFO:p22.p22_i16_slothy_start.split.0_40:[0.0365s]: Found 1 solutions so far... objective (no objective): currently 0.0, bound 0.0
INFO:p22.p22_i16_slothy_start.split.0_40:OPTIMAL, wall time: 0.040509 s
INFO:p22.p22_i16_slothy_start.split.0_40:Booleans in result: 293
INFO:p22.p22_i16_slothy_start.split.0_40.selfcheck:OK!
WARNING:p22:LLVM (llvm-mc, llvm-nm, llvm-readobj) not found, disabling selftest. Consider installing LLVM.
INFO:p22.p22_i16_slothy_start.split.0_40:Attempt optimization with max 21 stalls...
INFO:p22.p22_i16_slothy_start.split.0_40:Setting timeout of 30 seconds...
INFO:p22.p22_i16_slothy_start.split.0_40:Objective: None (any satisfying solution is fine)
INFO:p22.p22_i16_slothy_start.split.0_40:Invoking external constraint solver (OR-Tools CP-SAT v9.15.6755) ...
INFO:p22.p22_i16_slothy_start.split.0_40:INFEASIBLE, wall time: 0.035075 s
INFO:p22.p22_i16_slothy_start.split.40_79:Perform external binary search for minimal number of stalls...
INFO:p22.p22_i16_slothy_start.split.40_79:Attempt optimization with max 0 stalls...
INFO:p22.p22_i16_slothy_start.split.40_79:Setting timeout of 30 seconds...
INFO:p22.p22_i16_slothy_start.split.40_79:Objective: None (any satisfying solution is fine)
INFO:p22.p22_i16_slothy_start.split.40_79:Invoking external constraint solver (OR-Tools CP-SAT v9.15.6755) ...
INFO:p22.p22_i16_slothy_start.split.40_79:INFEASIBLE, wall time: 0.001047 s
INFO:p22.p22_i16_slothy_start.split.40_79:Attempt optimization with max 1 stalls...
INFO:p22.p22_i16_slothy_start.split.40_79:Setting timeout of 30 seconds...
INFO:p22.p22_i16_slothy_start.split.40_79:Objective: None (any satisfying solution is fine)
INFO:p22.p22_i16_slothy_start.split.40_79:Invoking external constraint solver (OR-Tools CP-SAT v9.15.6755) ...
INFO:p22.p22_i16_slothy_start.split.40_79:INFEASIBLE, wall time: 0.001051 s
INFO:p22.p22_i16_slothy_start.split.40_79:Attempt optimization with max 2 stalls...
INFO:p22.p22_i16_slothy_start.split.40_79:Setting timeout of 30 seconds...
INFO:p22.p22_i16_slothy_start.split.40_79:Objective: None (any satisfying solution is fine)
INFO:p22.p22_i16_slothy_start.split.40_79:Invoking external constraint solver (OR-Tools CP-SAT v9.15.6755) ...
INFO:p22.p22_i16_slothy_start.split.40_79:INFEASIBLE, wall time: 0.001188 s
INFO:p22.p22_i16_slothy_start.split.40_79:Attempt optimization with max 4 stalls...
INFO:p22.p22_i16_slothy_start.split.40_79:Setting timeout of 30 seconds...
INFO:p22.p22_i16_slothy_start.split.40_79:Objective: None (any satisfying solution is fine)
INFO:p22.p22_i16_slothy_start.split.40_79:Invoking external constraint solver (OR-Tools CP-SAT v9.15.6755) ...
INFO:p22.p22_i16_slothy_start.split.40_79:INFEASIBLE, wall time: 0.001258 s
INFO:p22.p22_i16_slothy_start.split.40_79:Attempt optimization with max 8 stalls...
INFO:p22.p22_i16_slothy_start.split.40_79:Setting timeout of 30 seconds...
INFO:p22.p22_i16_slothy_start.split.40_79:Objective: None (any satisfying solution is fine)
INFO:p22.p22_i16_slothy_start.split.40_79:Invoking external constraint solver (OR-Tools CP-SAT v9.15.6755) ...
INFO:p22.p22_i16_slothy_start.split.40_79:INFEASIBLE, wall time: 0.002655 s
INFO:p22.p22_i16_slothy_start.split.40_79:Attempt optimization with max 16 stalls...
INFO:p22.p22_i16_slothy_start.split.40_79:Setting timeout of 30 seconds...
INFO:p22.p22_i16_slothy_start.split.40_79:Objective: None (any satisfying solution is fine)
INFO:p22.p22_i16_slothy_start.split.40_79:Invoking external constraint solver (OR-Tools CP-SAT v9.15.6755) ...
INFO:p22.p22_i16_slothy_start.split.40_79:INFEASIBLE, wall time: 0.002775 s
INFO:p22.p22_i16_slothy_start.split.40_79:Attempt optimization with max 32 stalls...
INFO:p22.p22_i16_slothy_start.split.40_79:Setting timeout of 30 seconds...
INFO:p22.p22_i16_slothy_start.split.40_79:Objective: None (any satisfying solution is fine)
INFO:p22.p22_i16_slothy_start.split.40_79:Invoking external constraint solver (OR-Tools CP-SAT v9.15.6755) ...
INFO:p22.p22_i16_slothy_start.split.40_79:INFEASIBLE, wall time: 0.008468 s
INFO:p22.p22_i16_slothy_start.split.40_79:Attempt optimization with max 64 stalls...
INFO:p22.p22_i16_slothy_start.split.40_79:Setting timeout of 30 seconds...
INFO:p22.p22_i16_slothy_start.split.40_79:Objective: None (any satisfying solution is fine)
INFO:p22.p22_i16_slothy_start.split.40_79:Invoking external constraint solver (OR-Tools CP-SAT v9.15.6755) ...
INFO:p22.p22_i16_slothy_start.split.40_79:[0.0291s]: Found 1 solutions so far... objective (no objective): currently 0.0, bound 0.0
INFO:p22.p22_i16_slothy_start.split.40_79:OPTIMAL, wall time: 0.033655 s
INFO:p22.p22_i16_slothy_start.split.40_79:Booleans in result: 23
INFO:p22.p22_i16_slothy_start.split.40_79.selfcheck:OK!
WARNING:p22:LLVM (llvm-mc, llvm-nm, llvm-readobj) not found, disabling selftest. Consider installing LLVM.
INFO:p22.p22_i16_slothy_start.split.40_79:Attempt optimization with max 48 stalls...
INFO:p22.p22_i16_slothy_start.split.40_79:Setting timeout of 30 seconds...
INFO:p22.p22_i16_slothy_start.split.40_79:Objective: None (any satisfying solution is fine)
INFO:p22.p22_i16_slothy_start.split.40_79:Invoking external constraint solver (OR-Tools CP-SAT v9.15.6755) ...
INFO:p22.p22_i16_slothy_start.split.40_79:[0.0282s]: Found 1 solutions so far... objective (no objective): currently 0.0, bound 0.0
INFO:p22.p22_i16_slothy_start.split.40_79:OPTIMAL, wall time: 0.030982 s
INFO:p22.p22_i16_slothy_start.split.40_79:Booleans in result: 90
INFO:p22.p22_i16_slothy_start.split.40_79.selfcheck:OK!
WARNING:p22:LLVM (llvm-mc, llvm-nm, llvm-readobj) not found, disabling selftest. Consider installing LLVM.
INFO:p22.p22_i16_slothy_start.split.40_79:Attempt optimization with max 40 stalls...
INFO:p22.p22_i16_slothy_start.split.40_79:Setting timeout of 30 seconds...
INFO:p22.p22_i16_slothy_start.split.40_79:Objective: None (any satisfying solution is fine)
INFO:p22.p22_i16_slothy_start.split.40_79:Invoking external constraint solver (OR-Tools CP-SAT v9.15.6755) ...
INFO:p22.p22_i16_slothy_start.split.40_79:[0.0329s]: Found 1 solutions so far... objective (no objective): currently 0.0, bound 0.0
INFO:p22.p22_i16_slothy_start.split.40_79:OPTIMAL, wall time: 0.036292 s
INFO:p22.p22_i16_slothy_start.split.40_79:Booleans in result: 22
INFO:p22.p22_i16_slothy_start.split.40_79.selfcheck:OK!
WARNING:p22:LLVM (llvm-mc, llvm-nm, llvm-readobj) not found, disabling selftest. Consider installing LLVM.
INFO:p22.p22_i16_slothy_start.split.40_79:Attempt optimization with max 36 stalls...
INFO:p22.p22_i16_slothy_start.split.40_79:Setting timeout of 30 seconds...
INFO:p22.p22_i16_slothy_start.split.40_79:Objective: None (any satisfying solution is fine)
INFO:p22.p22_i16_slothy_start.split.40_79:Invoking external constraint solver (OR-Tools CP-SAT v9.15.6755) ...
INFO:p22.p22_i16_slothy_start.split.40_79:INFEASIBLE, wall time: 0.009255 s
INFO:p22.p22_i16_slothy_start.split.40_79:Attempt optimization with max 38 stalls...
INFO:p22.p22_i16_slothy_start.split.40_79:Setting timeout of 30 seconds...
INFO:p22.p22_i16_slothy_start.split.40_79:Objective: None (any satisfying solution is fine)
INFO:p22.p22_i16_slothy_start.split.40_79:Invoking external constraint solver (OR-Tools CP-SAT v9.15.6755) ...
INFO:p22.p22_i16_slothy_start.split.40_79:INFEASIBLE, wall time: 0.021613 s
INFO:p22.p22_i16_slothy_start.split.40_79:Attempt optimization with max 39 stalls...
INFO:p22.p22_i16_slothy_start.split.40_79:Setting timeout of 30 seconds...
INFO:p22.p22_i16_slothy_start.split.40_79:Objective: None (any satisfying solution is fine)
INFO:p22.p22_i16_slothy_start.split.40_79:Invoking external constraint solver (OR-Tools CP-SAT v9.15.6755) ...
INFO:p22.p22_i16_slothy_start.split.40_79:INFEASIBLE, wall time: 0.021358 s
INFO:p22.p22_i16_slothy_start.split.79_119:Perform external binary search for minimal number of stalls...
INFO:p22.p22_i16_slothy_start.split.79_119:Attempt optimization with max 0 stalls...
INFO:p22.p22_i16_slothy_start.split.79_119:Setting timeout of 30 seconds...
INFO:p22.p22_i16_slothy_start.split.79_119:Objective: None (any satisfying solution is fine)
INFO:p22.p22_i16_slothy_start.split.79_119:Invoking external constraint solver (OR-Tools CP-SAT v9.15.6755) ...
INFO:p22.p22_i16_slothy_start.split.79_119:INFEASIBLE, wall time: 0.001129 s
INFO:p22.p22_i16_slothy_start.split.79_119:Attempt optimization with max 1 stalls...
INFO:p22.p22_i16_slothy_start.split.79_119:Setting timeout of 30 seconds...
INFO:p22.p22_i16_slothy_start.split.79_119:Objective: None (any satisfying solution is fine)
INFO:p22.p22_i16_slothy_start.split.79_119:Invoking external constraint solver (OR-Tools CP-SAT v9.15.6755) ...
INFO:p22.p22_i16_slothy_start.split.79_119:INFEASIBLE, wall time: 0.001200 s
INFO:p22.p22_i16_slothy_start.split.79_119:Attempt optimization with max 2 stalls...
INFO:p22.p22_i16_slothy_start.split.79_119:Setting timeout of 30 seconds...
INFO:p22.p22_i16_slothy_start.split.79_119:Objective: None (any satisfying solution is fine)
INFO:p22.p22_i16_slothy_start.split.79_119:Invoking external constraint solver (OR-Tools CP-SAT v9.15.6755) ...
INFO:p22.p22_i16_slothy_start.split.79_119:INFEASIBLE, wall time: 0.001136 s
INFO:p22.p22_i16_slothy_start.split.79_119:Attempt optimization with max 4 stalls...
INFO:p22.p22_i16_slothy_start.split.79_119:Setting timeout of 30 seconds...
INFO:p22.p22_i16_slothy_start.split.79_119:Objective: None (any satisfying solution is fine)
INFO:p22.p22_i16_slothy_start.split.79_119:Invoking external constraint solver (OR-Tools CP-SAT v9.15.6755) ...
INFO:p22.p22_i16_slothy_start.split.79_119:INFEASIBLE, wall time: 0.001059 s
INFO:p22.p22_i16_slothy_start.split.79_119:Attempt optimization with max 8 stalls...
INFO:p22.p22_i16_slothy_start.split.79_119:Setting timeout of 30 seconds...
INFO:p22.p22_i16_slothy_start.split.79_119:Objective: None (any satisfying solution is fine)
INFO:p22.p22_i16_slothy_start.split.79_119:Invoking external constraint solver (OR-Tools CP-SAT v9.15.6755) ...
INFO:p22.p22_i16_slothy_start.split.79_119:INFEASIBLE, wall time: 0.001131 s
INFO:p22.p22_i16_slothy_start.split.79_119:Attempt optimization with max 16 stalls...
INFO:p22.p22_i16_slothy_start.split.79_119:Setting timeout of 30 seconds...
INFO:p22.p22_i16_slothy_start.split.79_119:Objective: None (any satisfying solution is fine)
INFO:p22.p22_i16_slothy_start.split.79_119:Invoking external constraint solver (OR-Tools CP-SAT v9.15.6755) ...
INFO:p22.p22_i16_slothy_start.split.79_119:INFEASIBLE, wall time: 0.001100 s
INFO:p22.p22_i16_slothy_start.split.79_119:Attempt optimization with max 32 stalls...
INFO:p22.p22_i16_slothy_start.split.79_119:Setting timeout of 30 seconds...
INFO:p22.p22_i16_slothy_start.split.79_119:Objective: None (any satisfying solution is fine)
INFO:p22.p22_i16_slothy_start.split.79_119:Invoking external constraint solver (OR-Tools CP-SAT v9.15.6755) ...
INFO:p22.p22_i16_slothy_start.split.79_119:INFEASIBLE, wall time: 0.009411 s
INFO:p22.p22_i16_slothy_start.split.79_119:Attempt optimization with max 64 stalls...
INFO:p22.p22_i16_slothy_start.split.79_119:Setting timeout of 30 seconds...
INFO:p22.p22_i16_slothy_start.split.79_119:Objective: None (any satisfying solution is fine)
INFO:p22.p22_i16_slothy_start.split.79_119:Invoking external constraint solver (OR-Tools CP-SAT v9.15.6755) ...
INFO:p22.p22_i16_slothy_start.split.79_119:[0.0343s]: Found 1 solutions so far... objective (no objective): currently 0.0, bound 0.0
INFO:p22.p22_i16_slothy_start.split.79_119:[0.0351s]: Found 2 solutions so far... objective (no objective): currently 0.0, bound 0.0
INFO:p22.p22_i16_slothy_start.split.79_119:[0.0363s]: Found 3 solutions so far... objective (no objective): currently 0.0, bound 0.0
INFO:p22.p22_i16_slothy_start.split.79_119:[0.0386s]: Found 4 solutions so far... objective (no objective): currently 0.0, bound 0.0
INFO:p22.p22_i16_slothy_start.split.79_119:OPTIMAL, wall time: 0.041317 s
INFO:p22.p22_i16_slothy_start.split.79_119:Booleans in result: 158
INFO:p22.p22_i16_slothy_start.split.79_119.selfcheck:OK!
WARNING:p22:LLVM (llvm-mc, llvm-nm, llvm-readobj) not found, disabling selftest. Consider installing LLVM.
INFO:p22.p22_i16_slothy_start.split.79_119:Attempt optimization with max 48 stalls...
INFO:p22.p22_i16_slothy_start.split.79_119:Setting timeout of 30 seconds...
INFO:p22.p22_i16_slothy_start.split.79_119:Objective: None (any satisfying solution is fine)
INFO:p22.p22_i16_slothy_start.split.79_119:Invoking external constraint solver (OR-Tools CP-SAT v9.15.6755) ...
INFO:p22.p22_i16_slothy_start.split.79_119:[0.0386s]: Found 1 solutions so far... objective (no objective): currently 0.0, bound 0.0
INFO:p22.p22_i16_slothy_start.split.79_119:[0.0388s]: Found 2 solutions so far... objective (no objective): currently 0.0, bound 0.0
INFO:p22.p22_i16_slothy_start.split.79_119:OPTIMAL, wall time: 0.041564 s
INFO:p22.p22_i16_slothy_start.split.79_119:Booleans in result: 90
INFO:p22.p22_i16_slothy_start.split.79_119.selfcheck:OK!
WARNING:p22:LLVM (llvm-mc, llvm-nm, llvm-readobj) not found, disabling selftest. Consider installing LLVM.
INFO:p22.p22_i16_slothy_start.split.79_119:Attempt optimization with max 40 stalls...
INFO:p22.p22_i16_slothy_start.split.79_119:Setting timeout of 30 seconds...
INFO:p22.p22_i16_slothy_start.split.79_119:Objective: None (any satisfying solution is fine)
INFO:p22.p22_i16_slothy_start.split.79_119:Invoking external constraint solver (OR-Tools CP-SAT v9.15.6755) ...
INFO:p22.p22_i16_slothy_start.split.79_119:INFEASIBLE, wall time: 0.010697 s
INFO:p22.p22_i16_slothy_start.split.79_119:Attempt optimization with max 44 stalls...
INFO:p22.p22_i16_slothy_start.split.79_119:Setting timeout of 30 seconds...
INFO:p22.p22_i16_slothy_start.split.79_119:Objective: None (any satisfying solution is fine)
INFO:p22.p22_i16_slothy_start.split.79_119:Invoking external constraint solver (OR-Tools CP-SAT v9.15.6755) ...
INFO:p22.p22_i16_slothy_start.split.79_119:INFEASIBLE, wall time: 0.025697 s
INFO:p22.p22_i16_slothy_start.split.79_119:Attempt optimization with max 46 stalls...
INFO:p22.p22_i16_slothy_start.split.79_119:Setting timeout of 30 seconds...
INFO:p22.p22_i16_slothy_start.split.79_119:Objective: None (any satisfying solution is fine)
INFO:p22.p22_i16_slothy_start.split.79_119:Invoking external constraint solver (OR-Tools CP-SAT v9.15.6755) ...
INFO:p22.p22_i16_slothy_start.split.79_119:INFEASIBLE, wall time: 0.028098 s
INFO:p22.p22_i16_slothy_start.split.79_119:Attempt optimization with max 47 stalls...
INFO:p22.p22_i16_slothy_start.split.79_119:Setting timeout of 30 seconds...
INFO:p22.p22_i16_slothy_start.split.79_119:Objective: None (any satisfying solution is fine)
INFO:p22.p22_i16_slothy_start.split.79_119:Invoking external constraint solver (OR-Tools CP-SAT v9.15.6755) ...
INFO:p22.p22_i16_slothy_start.split.79_119:INFEASIBLE, wall time: 0.030708 s
INFO:p22.p22_i16_slothy_start.split.119_159:Perform external binary search for minimal number of stalls...
INFO:p22.p22_i16_slothy_start.split.119_159:Attempt optimization with max 0 stalls...
INFO:p22.p22_i16_slothy_start.split.119_159:Setting timeout of 30 seconds...
INFO:p22.p22_i16_slothy_start.split.119_159:Objective: None (any satisfying solution is fine)
INFO:p22.p22_i16_slothy_start.split.119_159:Invoking external constraint solver (OR-Tools CP-SAT v9.15.6755) ...
INFO:p22.p22_i16_slothy_start.split.119_159:INFEASIBLE, wall time: 0.001185 s
INFO:p22.p22_i16_slothy_start.split.119_159:Attempt optimization with max 1 stalls...
INFO:p22.p22_i16_slothy_start.split.119_159:Setting timeout of 30 seconds...
INFO:p22.p22_i16_slothy_start.split.119_159:Objective: None (any satisfying solution is fine)
INFO:p22.p22_i16_slothy_start.split.119_159:Invoking external constraint solver (OR-Tools CP-SAT v9.15.6755) ...
INFO:p22.p22_i16_slothy_start.split.119_159:INFEASIBLE, wall time: 0.001084 s
INFO:p22.p22_i16_slothy_start.split.119_159:Attempt optimization with max 2 stalls...
INFO:p22.p22_i16_slothy_start.split.119_159:Setting timeout of 30 seconds...
INFO:p22.p22_i16_slothy_start.split.119_159:Objective: None (any satisfying solution is fine)
INFO:p22.p22_i16_slothy_start.split.119_159:Invoking external constraint solver (OR-Tools CP-SAT v9.15.6755) ...
INFO:p22.p22_i16_slothy_start.split.119_159:INFEASIBLE, wall time: 0.001026 s
INFO:p22.p22_i16_slothy_start.split.119_159:Attempt optimization with max 4 stalls...
INFO:p22.p22_i16_slothy_start.split.119_159:Setting timeout of 30 seconds...
INFO:p22.p22_i16_slothy_start.split.119_159:Objective: None (any satisfying solution is fine)
INFO:p22.p22_i16_slothy_start.split.119_159:Invoking external constraint solver (OR-Tools CP-SAT v9.15.6755) ...
INFO:p22.p22_i16_slothy_start.split.119_159:INFEASIBLE, wall time: 0.001048 s
INFO:p22.p22_i16_slothy_start.split.119_159:Attempt optimization with max 8 stalls...
INFO:p22.p22_i16_slothy_start.split.119_159:Setting timeout of 30 seconds...
INFO:p22.p22_i16_slothy_start.split.119_159:Objective: None (any satisfying solution is fine)
INFO:p22.p22_i16_slothy_start.split.119_159:Invoking external constraint solver (OR-Tools CP-SAT v9.15.6755) ...
INFO:p22.p22_i16_slothy_start.split.119_159:INFEASIBLE, wall time: 0.001077 s
INFO:p22.p22_i16_slothy_start.split.119_159:Attempt optimization with max 16 stalls...
INFO:p22.p22_i16_slothy_start.split.119_159:Setting timeout of 30 seconds...
INFO:p22.p22_i16_slothy_start.split.119_159:Objective: None (any satisfying solution is fine)
INFO:p22.p22_i16_slothy_start.split.119_159:Invoking external constraint solver (OR-Tools CP-SAT v9.15.6755) ...
INFO:p22.p22_i16_slothy_start.split.119_159:INFEASIBLE, wall time: 0.002679 s
INFO:p22.p22_i16_slothy_start.split.119_159:Attempt optimization with max 32 stalls...
INFO:p22.p22_i16_slothy_start.split.119_159:Setting timeout of 30 seconds...
INFO:p22.p22_i16_slothy_start.split.119_159:Objective: None (any satisfying solution is fine)
INFO:p22.p22_i16_slothy_start.split.119_159:Invoking external constraint solver (OR-Tools CP-SAT v9.15.6755) ...
INFO:p22.p22_i16_slothy_start.split.119_159:INFEASIBLE, wall time: 0.003811 s
INFO:p22.p22_i16_slothy_start.split.119_159:Attempt optimization with max 64 stalls...
INFO:p22.p22_i16_slothy_start.split.119_159:Setting timeout of 30 seconds...
INFO:p22.p22_i16_slothy_start.split.119_159:Objective: None (any satisfying solution is fine)
INFO:p22.p22_i16_slothy_start.split.119_159:Invoking external constraint solver (OR-Tools CP-SAT v9.15.6755) ...
INFO:p22.p22_i16_slothy_start.split.119_159:[0.0280s]: Found 1 solutions so far... objective (no objective): currently 0.0, bound 0.0
INFO:p22.p22_i16_slothy_start.split.119_159:OPTIMAL, wall time: 0.032981 s
INFO:p22.p22_i16_slothy_start.split.119_159:Booleans in result: 18
INFO:p22.p22_i16_slothy_start.split.119_159.selfcheck:OK!
WARNING:p22:LLVM (llvm-mc, llvm-nm, llvm-readobj) not found, disabling selftest. Consider installing LLVM.
INFO:p22.p22_i16_slothy_start.split.119_159:Attempt optimization with max 48 stalls...
INFO:p22.p22_i16_slothy_start.split.119_159:Setting timeout of 30 seconds...
INFO:p22.p22_i16_slothy_start.split.119_159:Objective: None (any satisfying solution is fine)
INFO:p22.p22_i16_slothy_start.split.119_159:Invoking external constraint solver (OR-Tools CP-SAT v9.15.6755) ...
INFO:p22.p22_i16_slothy_start.split.119_159:INFEASIBLE, wall time: 0.012273 s
INFO:p22.p22_i16_slothy_start.split.119_159:Attempt optimization with max 56 stalls...
INFO:p22.p22_i16_slothy_start.split.119_159:Setting timeout of 30 seconds...
INFO:p22.p22_i16_slothy_start.split.119_159:Objective: None (any satisfying solution is fine)
INFO:p22.p22_i16_slothy_start.split.119_159:Invoking external constraint solver (OR-Tools CP-SAT v9.15.6755) ...
INFO:p22.p22_i16_slothy_start.split.119_159:[0.0263s]: Found 1 solutions so far... objective (no objective): currently 0.0, bound 0.0
INFO:p22.p22_i16_slothy_start.split.119_159:OPTIMAL, wall time: 0.033224 s
INFO:p22.p22_i16_slothy_start.split.119_159:Booleans in result: 16
INFO:p22.p22_i16_slothy_start.split.119_159.selfcheck:OK!
WARNING:p22:LLVM (llvm-mc, llvm-nm, llvm-readobj) not found, disabling selftest. Consider installing LLVM.
INFO:p22.p22_i16_slothy_start.split.119_159:Attempt optimization with max 52 stalls...
INFO:p22.p22_i16_slothy_start.split.119_159:Setting timeout of 30 seconds...
INFO:p22.p22_i16_slothy_start.split.119_159:Objective: None (any satisfying solution is fine)
INFO:p22.p22_i16_slothy_start.split.119_159:Invoking external constraint solver (OR-Tools CP-SAT v9.15.6755) ...
INFO:p22.p22_i16_slothy_start.split.119_159:[0.0287s]: Found 1 solutions so far... objective (no objective): currently 0.0, bound 0.0
INFO:p22.p22_i16_slothy_start.split.119_159:OPTIMAL, wall time: 0.031395 s
INFO:p22.p22_i16_slothy_start.split.119_159:Booleans in result: 101
INFO:p22.p22_i16_slothy_start.split.119_159.selfcheck:OK!
WARNING:p22:LLVM (llvm-mc, llvm-nm, llvm-readobj) not found, disabling selftest. Consider installing LLVM.
INFO:p22.p22_i16_slothy_start.split.119_159:Attempt optimization with max 50 stalls...
INFO:p22.p22_i16_slothy_start.split.119_159:Setting timeout of 30 seconds...
INFO:p22.p22_i16_slothy_start.split.119_159:Objective: None (any satisfying solution is fine)
INFO:p22.p22_i16_slothy_start.split.119_159:Invoking external constraint solver (OR-Tools CP-SAT v9.15.6755) ...
INFO:p22.p22_i16_slothy_start.split.119_159:INFEASIBLE, wall time: 0.031358 s
INFO:p22.p22_i16_slothy_start.split.119_159:Attempt optimization with max 51 stalls...
INFO:p22.p22_i16_slothy_start.split.119_159:Setting timeout of 30 seconds...
INFO:p22.p22_i16_slothy_start.split.119_159:Objective: None (any satisfying solution is fine)
INFO:p22.p22_i16_slothy_start.split.119_159:Invoking external constraint solver (OR-Tools CP-SAT v9.15.6755) ...
INFO:p22.p22_i16_slothy_start.split.119_159:[0.0283s]: Found 1 solutions so far... objective (no objective): currently 0.0, bound 0.0
INFO:p22.p22_i16_slothy_start.split.119_159:OPTIMAL, wall time: 0.032265 s
INFO:p22.p22_i16_slothy_start.split.119_159:Booleans in result: 81
INFO:p22.p22_i16_slothy_start.split.119_159.selfcheck:OK!
WARNING:p22:LLVM (llvm-mc, llvm-nm, llvm-readobj) not found, disabling selftest. Consider installing LLVM.
INFO:p22.p22_i16_slothy_start.split.159_198:Perform external binary search for minimal number of stalls...
INFO:p22.p22_i16_slothy_start.split.159_198:Attempt optimization with max 0 stalls...
INFO:p22.p22_i16_slothy_start.split.159_198:Setting timeout of 30 seconds...
INFO:p22.p22_i16_slothy_start.split.159_198:Objective: None (any satisfying solution is fine)
INFO:p22.p22_i16_slothy_start.split.159_198:Invoking external constraint solver (OR-Tools CP-SAT v9.15.6755) ...
INFO:p22.p22_i16_slothy_start.split.159_198:INFEASIBLE, wall time: 0.001007 s
INFO:p22.p22_i16_slothy_start.split.159_198:Attempt optimization with max 1 stalls...
INFO:p22.p22_i16_slothy_start.split.159_198:Setting timeout of 30 seconds...
INFO:p22.p22_i16_slothy_start.split.159_198:Objective: None (any satisfying solution is fine)
INFO:p22.p22_i16_slothy_start.split.159_198:Invoking external constraint solver (OR-Tools CP-SAT v9.15.6755) ...
INFO:p22.p22_i16_slothy_start.split.159_198:INFEASIBLE, wall time: 0.000992 s
INFO:p22.p22_i16_slothy_start.split.159_198:Attempt optimization with max 2 stalls...
INFO:p22.p22_i16_slothy_start.split.159_198:Setting timeout of 30 seconds...
INFO:p22.p22_i16_slothy_start.split.159_198:Objective: None (any satisfying solution is fine)
INFO:p22.p22_i16_slothy_start.split.159_198:Invoking external constraint solver (OR-Tools CP-SAT v9.15.6755) ...
INFO:p22.p22_i16_slothy_start.split.159_198:INFEASIBLE, wall time: 0.001092 s
INFO:p22.p22_i16_slothy_start.split.159_198:Attempt optimization with max 4 stalls...
INFO:p22.p22_i16_slothy_start.split.159_198:Setting timeout of 30 seconds...
INFO:p22.p22_i16_slothy_start.split.159_198:Objective: None (any satisfying solution is fine)
INFO:p22.p22_i16_slothy_start.split.159_198:Invoking external constraint solver (OR-Tools CP-SAT v9.15.6755) ...
INFO:p22.p22_i16_slothy_start.split.159_198:INFEASIBLE, wall time: 0.001195 s
INFO:p22.p22_i16_slothy_start.split.159_198:Attempt optimization with max 8 stalls...
INFO:p22.p22_i16_slothy_start.split.159_198:Setting timeout of 30 seconds...
INFO:p22.p22_i16_slothy_start.split.159_198:Objective: None (any satisfying solution is fine)
INFO:p22.p22_i16_slothy_start.split.159_198:Invoking external constraint solver (OR-Tools CP-SAT v9.15.6755) ...
INFO:p22.p22_i16_slothy_start.split.159_198:INFEASIBLE, wall time: 0.001031 s
INFO:p22.p22_i16_slothy_start.split.159_198:Attempt optimization with max 16 stalls...
INFO:p22.p22_i16_slothy_start.split.159_198:Setting timeout of 30 seconds...
INFO:p22.p22_i16_slothy_start.split.159_198:Objective: None (any satisfying solution is fine)
INFO:p22.p22_i16_slothy_start.split.159_198:Invoking external constraint solver (OR-Tools CP-SAT v9.15.6755) ...
INFO:p22.p22_i16_slothy_start.split.159_198:INFEASIBLE, wall time: 0.002610 s
INFO:p22.p22_i16_slothy_start.split.159_198:Attempt optimization with max 32 stalls...
INFO:p22.p22_i16_slothy_start.split.159_198:Setting timeout of 30 seconds...
INFO:p22.p22_i16_slothy_start.split.159_198:Objective: None (any satisfying solution is fine)
INFO:p22.p22_i16_slothy_start.split.159_198:Invoking external constraint solver (OR-Tools CP-SAT v9.15.6755) ...
INFO:p22.p22_i16_slothy_start.split.159_198:INFEASIBLE, wall time: 0.004119 s
INFO:p22.p22_i16_slothy_start.split.159_198:Attempt optimization with max 64 stalls...
INFO:p22.p22_i16_slothy_start.split.159_198:Setting timeout of 30 seconds...
INFO:p22.p22_i16_slothy_start.split.159_198:Objective: None (any satisfying solution is fine)
INFO:p22.p22_i16_slothy_start.split.159_198:Invoking external constraint solver (OR-Tools CP-SAT v9.15.6755) ...
INFO:p22.p22_i16_slothy_start.split.159_198:[0.0262s]: Found 1 solutions so far... objective (no objective): currently 0.0, bound 0.0
INFO:p22.p22_i16_slothy_start.split.159_198:[0.0272s]: Found 2 solutions so far... objective (no objective): currently 0.0, bound 0.0
INFO:p22.p22_i16_slothy_start.split.159_198:[0.0274s]: Found 3 solutions so far... objective (no objective): currently 0.0, bound 0.0
INFO:p22.p22_i16_slothy_start.split.159_198:OPTIMAL, wall time: 0.030310 s
INFO:p22.p22_i16_slothy_start.split.159_198:Booleans in result: 69
INFO:p22.p22_i16_slothy_start.split.159_198.selfcheck:OK!
WARNING:p22:LLVM (llvm-mc, llvm-nm, llvm-readobj) not found, disabling selftest. Consider installing LLVM.
INFO:p22.p22_i16_slothy_start.split.159_198:Attempt optimization with max 48 stalls...
INFO:p22.p22_i16_slothy_start.split.159_198:Setting timeout of 30 seconds...
INFO:p22.p22_i16_slothy_start.split.159_198:Objective: None (any satisfying solution is fine)
INFO:p22.p22_i16_slothy_start.split.159_198:Invoking external constraint solver (OR-Tools CP-SAT v9.15.6755) ...
INFO:p22.p22_i16_slothy_start.split.159_198:[0.0208s]: Found 1 solutions so far... objective (no objective): currently 0.0, bound 0.0
INFO:p22.p22_i16_slothy_start.split.159_198:OPTIMAL, wall time: 0.023055 s
INFO:p22.p22_i16_slothy_start.split.159_198:Booleans in result: 19
INFO:p22.p22_i16_slothy_start.split.159_198.selfcheck:OK!
WARNING:p22:LLVM (llvm-mc, llvm-nm, llvm-readobj) not found, disabling selftest. Consider installing LLVM.
INFO:p22.p22_i16_slothy_start.split.159_198:Attempt optimization with max 40 stalls...
INFO:p22.p22_i16_slothy_start.split.159_198:Setting timeout of 30 seconds...
INFO:p22.p22_i16_slothy_start.split.159_198:Objective: None (any satisfying solution is fine)
INFO:p22.p22_i16_slothy_start.split.159_198:Invoking external constraint solver (OR-Tools CP-SAT v9.15.6755) ...
INFO:p22.p22_i16_slothy_start.split.159_198:INFEASIBLE, wall time: 0.007312 s
INFO:p22.p22_i16_slothy_start.split.159_198:Attempt optimization with max 44 stalls...
INFO:p22.p22_i16_slothy_start.split.159_198:Setting timeout of 30 seconds...
INFO:p22.p22_i16_slothy_start.split.159_198:Objective: None (any satisfying solution is fine)
INFO:p22.p22_i16_slothy_start.split.159_198:Invoking external constraint solver (OR-Tools CP-SAT v9.15.6755) ...
INFO:p22.p22_i16_slothy_start.split.159_198:INFEASIBLE, wall time: 0.012443 s
INFO:p22.p22_i16_slothy_start.split.159_198:Attempt optimization with max 46 stalls...
INFO:p22.p22_i16_slothy_start.split.159_198:Setting timeout of 30 seconds...
INFO:p22.p22_i16_slothy_start.split.159_198:Objective: None (any satisfying solution is fine)
INFO:p22.p22_i16_slothy_start.split.159_198:Invoking external constraint solver (OR-Tools CP-SAT v9.15.6755) ...
INFO:p22.p22_i16_slothy_start.split.159_198:INFEASIBLE, wall time: 0.014116 s
INFO:p22.p22_i16_slothy_start.split.159_198:Attempt optimization with max 47 stalls...
INFO:p22.p22_i16_slothy_start.split.159_198:Setting timeout of 30 seconds...
INFO:p22.p22_i16_slothy_start.split.159_198:Objective: None (any satisfying solution is fine)
INFO:p22.p22_i16_slothy_start.split.159_198:Invoking external constraint solver (OR-Tools CP-SAT v9.15.6755) ...
INFO:p22.p22_i16_slothy_start.split.159_198:INFEASIBLE, wall time: 0.013953 s
INFO:p22.p22_i16_slothy_start.split.198_238:Perform external binary search for minimal number of stalls...
INFO:p22.p22_i16_slothy_start.split.198_238:Attempt optimization with max 0 stalls...
INFO:p22.p22_i16_slothy_start.split.198_238:Setting timeout of 30 seconds...
INFO:p22.p22_i16_slothy_start.split.198_238:Objective: None (any satisfying solution is fine)
INFO:p22.p22_i16_slothy_start.split.198_238:Invoking external constraint solver (OR-Tools CP-SAT v9.15.6755) ...
INFO:p22.p22_i16_slothy_start.split.198_238:INFEASIBLE, wall time: 0.001072 s
INFO:p22.p22_i16_slothy_start.split.198_238:Attempt optimization with max 1 stalls...
INFO:p22.p22_i16_slothy_start.split.198_238:Setting timeout of 30 seconds...
INFO:p22.p22_i16_slothy_start.split.198_238:Objective: None (any satisfying solution is fine)
INFO:p22.p22_i16_slothy_start.split.198_238:Invoking external constraint solver (OR-Tools CP-SAT v9.15.6755) ...
INFO:p22.p22_i16_slothy_start.split.198_238:INFEASIBLE, wall time: 0.001012 s
INFO:p22.p22_i16_slothy_start.split.198_238:Attempt optimization with max 2 stalls...
INFO:p22.p22_i16_slothy_start.split.198_238:Setting timeout of 30 seconds...
INFO:p22.p22_i16_slothy_start.split.198_238:Objective: None (any satisfying solution is fine)
INFO:p22.p22_i16_slothy_start.split.198_238:Invoking external constraint solver (OR-Tools CP-SAT v9.15.6755) ...
INFO:p22.p22_i16_slothy_start.split.198_238:INFEASIBLE, wall time: 0.001027 s
INFO:p22.p22_i16_slothy_start.split.198_238:Attempt optimization with max 4 stalls...
INFO:p22.p22_i16_slothy_start.split.198_238:Setting timeout of 30 seconds...
INFO:p22.p22_i16_slothy_start.split.198_238:Objective: None (any satisfying solution is fine)
INFO:p22.p22_i16_slothy_start.split.198_238:Invoking external constraint solver (OR-Tools CP-SAT v9.15.6755) ...
INFO:p22.p22_i16_slothy_start.split.198_238:INFEASIBLE, wall time: 0.001024 s
INFO:p22.p22_i16_slothy_start.split.198_238:Attempt optimization with max 8 stalls...
INFO:p22.p22_i16_slothy_start.split.198_238:Setting timeout of 30 seconds...
INFO:p22.p22_i16_slothy_start.split.198_238:Objective: None (any satisfying solution is fine)
INFO:p22.p22_i16_slothy_start.split.198_238:Invoking external constraint solver (OR-Tools CP-SAT v9.15.6755) ...
INFO:p22.p22_i16_slothy_start.split.198_238:INFEASIBLE, wall time: 0.001025 s
INFO:p22.p22_i16_slothy_start.split.198_238:Attempt optimization with max 16 stalls...
INFO:p22.p22_i16_slothy_start.split.198_238:Setting timeout of 30 seconds...
INFO:p22.p22_i16_slothy_start.split.198_238:Objective: None (any satisfying solution is fine)
INFO:p22.p22_i16_slothy_start.split.198_238:Invoking external constraint solver (OR-Tools CP-SAT v9.15.6755) ...
INFO:p22.p22_i16_slothy_start.split.198_238:INFEASIBLE, wall time: 0.001031 s
INFO:p22.p22_i16_slothy_start.split.198_238:Attempt optimization with max 32 stalls...
INFO:p22.p22_i16_slothy_start.split.198_238:Setting timeout of 30 seconds...
INFO:p22.p22_i16_slothy_start.split.198_238:Objective: None (any satisfying solution is fine)
INFO:p22.p22_i16_slothy_start.split.198_238:Invoking external constraint solver (OR-Tools CP-SAT v9.15.6755) ...
INFO:p22.p22_i16_slothy_start.split.198_238:INFEASIBLE, wall time: 0.003849 s
INFO:p22.p22_i16_slothy_start.split.198_238:Attempt optimization with max 64 stalls...
INFO:p22.p22_i16_slothy_start.split.198_238:Setting timeout of 30 seconds...
INFO:p22.p22_i16_slothy_start.split.198_238:Objective: None (any satisfying solution is fine)
INFO:p22.p22_i16_slothy_start.split.198_238:Invoking external constraint solver (OR-Tools CP-SAT v9.15.6755) ...
INFO:p22.p22_i16_slothy_start.split.198_238:[0.0259s]: Found 1 solutions so far... objective (no objective): currently 0.0, bound 0.0
INFO:p22.p22_i16_slothy_start.split.198_238:OPTIMAL, wall time: 0.030584 s
INFO:p22.p22_i16_slothy_start.split.198_238:Booleans in result: 20
INFO:p22.p22_i16_slothy_start.split.198_238.selfcheck:OK!
WARNING:p22:LLVM (llvm-mc, llvm-nm, llvm-readobj) not found, disabling selftest. Consider installing LLVM.
INFO:p22.p22_i16_slothy_start.split.198_238:Attempt optimization with max 48 stalls...
INFO:p22.p22_i16_slothy_start.split.198_238:Setting timeout of 30 seconds...
INFO:p22.p22_i16_slothy_start.split.198_238:Objective: None (any satisfying solution is fine)
INFO:p22.p22_i16_slothy_start.split.198_238:Invoking external constraint solver (OR-Tools CP-SAT v9.15.6755) ...
INFO:p22.p22_i16_slothy_start.split.198_238:[0.0197s]: Found 1 solutions so far... objective (no objective): currently 0.0, bound 0.0
INFO:p22.p22_i16_slothy_start.split.198_238:[0.0200s]: Found 2 solutions so far... objective (no objective): currently 0.0, bound 0.0
INFO:p22.p22_i16_slothy_start.split.198_238:OPTIMAL, wall time: 0.022478 s
INFO:p22.p22_i16_slothy_start.split.198_238:Booleans in result: 81
INFO:p22.p22_i16_slothy_start.split.198_238.selfcheck:OK!
WARNING:p22:LLVM (llvm-mc, llvm-nm, llvm-readobj) not found, disabling selftest. Consider installing LLVM.
INFO:p22.p22_i16_slothy_start.split.198_238:Attempt optimization with max 40 stalls...
INFO:p22.p22_i16_slothy_start.split.198_238:Setting timeout of 30 seconds...
INFO:p22.p22_i16_slothy_start.split.198_238:Objective: None (any satisfying solution is fine)
INFO:p22.p22_i16_slothy_start.split.198_238:Invoking external constraint solver (OR-Tools CP-SAT v9.15.6755) ...
INFO:p22.p22_i16_slothy_start.split.198_238:INFEASIBLE, wall time: 0.006042 s
INFO:p22.p22_i16_slothy_start.split.198_238:Attempt optimization with max 44 stalls...
INFO:p22.p22_i16_slothy_start.split.198_238:Setting timeout of 30 seconds...
INFO:p22.p22_i16_slothy_start.split.198_238:Objective: None (any satisfying solution is fine)
INFO:p22.p22_i16_slothy_start.split.198_238:Invoking external constraint solver (OR-Tools CP-SAT v9.15.6755) ...
INFO:p22.p22_i16_slothy_start.split.198_238:INFEASIBLE, wall time: 0.012607 s
INFO:p22.p22_i16_slothy_start.split.198_238:Attempt optimization with max 46 stalls...
INFO:p22.p22_i16_slothy_start.split.198_238:Setting timeout of 30 seconds...
INFO:p22.p22_i16_slothy_start.split.198_238:Objective: None (any satisfying solution is fine)
INFO:p22.p22_i16_slothy_start.split.198_238:Invoking external constraint solver (OR-Tools CP-SAT v9.15.6755) ...
INFO:p22.p22_i16_slothy_start.split.198_238:INFEASIBLE, wall time: 0.013180 s
INFO:p22.p22_i16_slothy_start.split.198_238:Attempt optimization with max 47 stalls...
INFO:p22.p22_i16_slothy_start.split.198_238:Setting timeout of 30 seconds...
INFO:p22.p22_i16_slothy_start.split.198_238:Objective: None (any satisfying solution is fine)
INFO:p22.p22_i16_slothy_start.split.198_238:Invoking external constraint solver (OR-Tools CP-SAT v9.15.6755) ...
INFO:p22.p22_i16_slothy_start.split.198_238:INFEASIBLE, wall time: 0.012942 s
INFO:p22.p22_i16_slothy_start.split.238_278:Perform external binary search for minimal number of stalls...
INFO:p22.p22_i16_slothy_start.split.238_278:Attempt optimization with max 0 stalls...
INFO:p22.p22_i16_slothy_start.split.238_278:Setting timeout of 30 seconds...
INFO:p22.p22_i16_slothy_start.split.238_278:Objective: None (any satisfying solution is fine)
INFO:p22.p22_i16_slothy_start.split.238_278:Invoking external constraint solver (OR-Tools CP-SAT v9.15.6755) ...
INFO:p22.p22_i16_slothy_start.split.238_278:INFEASIBLE, wall time: 0.000957 s
INFO:p22.p22_i16_slothy_start.split.238_278:Attempt optimization with max 1 stalls...
INFO:p22.p22_i16_slothy_start.split.238_278:Setting timeout of 30 seconds...
INFO:p22.p22_i16_slothy_start.split.238_278:Objective: None (any satisfying solution is fine)
INFO:p22.p22_i16_slothy_start.split.238_278:Invoking external constraint solver (OR-Tools CP-SAT v9.15.6755) ...
INFO:p22.p22_i16_slothy_start.split.238_278:INFEASIBLE, wall time: 0.000934 s
INFO:p22.p22_i16_slothy_start.split.238_278:Attempt optimization with max 2 stalls...
INFO:p22.p22_i16_slothy_start.split.238_278:Setting timeout of 30 seconds...
INFO:p22.p22_i16_slothy_start.split.238_278:Objective: None (any satisfying solution is fine)
INFO:p22.p22_i16_slothy_start.split.238_278:Invoking external constraint solver (OR-Tools CP-SAT v9.15.6755) ...
INFO:p22.p22_i16_slothy_start.split.238_278:INFEASIBLE, wall time: 0.001188 s
INFO:p22.p22_i16_slothy_start.split.238_278:Attempt optimization with max 4 stalls...
INFO:p22.p22_i16_slothy_start.split.238_278:Setting timeout of 30 seconds...
INFO:p22.p22_i16_slothy_start.split.238_278:Objective: None (any satisfying solution is fine)
INFO:p22.p22_i16_slothy_start.split.238_278:Invoking external constraint solver (OR-Tools CP-SAT v9.15.6755) ...
INFO:p22.p22_i16_slothy_start.split.238_278:INFEASIBLE, wall time: 0.000974 s
INFO:p22.p22_i16_slothy_start.split.238_278:Attempt optimization with max 8 stalls...
INFO:p22.p22_i16_slothy_start.split.238_278:Setting timeout of 30 seconds...
INFO:p22.p22_i16_slothy_start.split.238_278:Objective: None (any satisfying solution is fine)
INFO:p22.p22_i16_slothy_start.split.238_278:Invoking external constraint solver (OR-Tools CP-SAT v9.15.6755) ...
INFO:p22.p22_i16_slothy_start.split.238_278:INFEASIBLE, wall time: 0.000969 s
INFO:p22.p22_i16_slothy_start.split.238_278:Attempt optimization with max 16 stalls...
INFO:p22.p22_i16_slothy_start.split.238_278:Setting timeout of 30 seconds...
INFO:p22.p22_i16_slothy_start.split.238_278:Objective: None (any satisfying solution is fine)
INFO:p22.p22_i16_slothy_start.split.238_278:Invoking external constraint solver (OR-Tools CP-SAT v9.15.6755) ...
INFO:p22.p22_i16_slothy_start.split.238_278:INFEASIBLE, wall time: 0.002193 s
INFO:p22.p22_i16_slothy_start.split.238_278:Attempt optimization with max 32 stalls...
INFO:p22.p22_i16_slothy_start.split.238_278:Setting timeout of 30 seconds...
INFO:p22.p22_i16_slothy_start.split.238_278:Objective: None (any satisfying solution is fine)
INFO:p22.p22_i16_slothy_start.split.238_278:Invoking external constraint solver (OR-Tools CP-SAT v9.15.6755) ...
INFO:p22.p22_i16_slothy_start.split.238_278:INFEASIBLE, wall time: 0.005904 s
INFO:p22.p22_i16_slothy_start.split.238_278:Attempt optimization with max 64 stalls...
INFO:p22.p22_i16_slothy_start.split.238_278:Setting timeout of 30 seconds...
INFO:p22.p22_i16_slothy_start.split.238_278:Objective: None (any satisfying solution is fine)
INFO:p22.p22_i16_slothy_start.split.238_278:Invoking external constraint solver (OR-Tools CP-SAT v9.15.6755) ...
INFO:p22.p22_i16_slothy_start.split.238_278:[0.0288s]: Found 1 solutions so far... objective (no objective): currently 0.0, bound 0.0
INFO:p22.p22_i16_slothy_start.split.238_278:OPTIMAL, wall time: 0.031505 s
INFO:p22.p22_i16_slothy_start.split.238_278:Booleans in result: 82
INFO:p22.p22_i16_slothy_start.split.238_278.selfcheck:OK!
WARNING:p22:LLVM (llvm-mc, llvm-nm, llvm-readobj) not found, disabling selftest. Consider installing LLVM.
INFO:p22.p22_i16_slothy_start.split.238_278:Attempt optimization with max 48 stalls...
INFO:p22.p22_i16_slothy_start.split.238_278:Setting timeout of 30 seconds...
INFO:p22.p22_i16_slothy_start.split.238_278:Objective: None (any satisfying solution is fine)
INFO:p22.p22_i16_slothy_start.split.238_278:Invoking external constraint solver (OR-Tools CP-SAT v9.15.6755) ...
INFO:p22.p22_i16_slothy_start.split.238_278:[0.0240s]: Found 1 solutions so far... objective (no objective): currently 0.0, bound 0.0
INFO:p22.p22_i16_slothy_start.split.238_278:[0.0241s]: Found 2 solutions so far... objective (no objective): currently 0.0, bound 0.0
INFO:p22.p22_i16_slothy_start.split.238_278:OPTIMAL, wall time: 0.027262 s
INFO:p22.p22_i16_slothy_start.split.238_278:Booleans in result: 82
INFO:p22.p22_i16_slothy_start.split.238_278.selfcheck:OK!
WARNING:p22:LLVM (llvm-mc, llvm-nm, llvm-readobj) not found, disabling selftest. Consider installing LLVM.
INFO:p22.p22_i16_slothy_start.split.238_278:Attempt optimization with max 40 stalls...
INFO:p22.p22_i16_slothy_start.split.238_278:Setting timeout of 30 seconds...
INFO:p22.p22_i16_slothy_start.split.238_278:Objective: None (any satisfying solution is fine)
INFO:p22.p22_i16_slothy_start.split.238_278:Invoking external constraint solver (OR-Tools CP-SAT v9.15.6755) ...
INFO:p22.p22_i16_slothy_start.split.238_278:INFEASIBLE, wall time: 0.011902 s
INFO:p22.p22_i16_slothy_start.split.238_278:Attempt optimization with max 44 stalls...
INFO:p22.p22_i16_slothy_start.split.238_278:Setting timeout of 30 seconds...
INFO:p22.p22_i16_slothy_start.split.238_278:Objective: None (any satisfying solution is fine)
INFO:p22.p22_i16_slothy_start.split.238_278:Invoking external constraint solver (OR-Tools CP-SAT v9.15.6755) ...
INFO:p22.p22_i16_slothy_start.split.238_278:INFEASIBLE, wall time: 0.026522 s
INFO:p22.p22_i16_slothy_start.split.238_278:Attempt optimization with max 46 stalls...
INFO:p22.p22_i16_slothy_start.split.238_278:Setting timeout of 30 seconds...
INFO:p22.p22_i16_slothy_start.split.238_278:Objective: None (any satisfying solution is fine)
INFO:p22.p22_i16_slothy_start.split.238_278:Invoking external constraint solver (OR-Tools CP-SAT v9.15.6755) ...
INFO:p22.p22_i16_slothy_start.split.238_278:[0.0230s]: Found 1 solutions so far... objective (no objective): currently 0.0, bound 0.0
INFO:p22.p22_i16_slothy_start.split.238_278:OPTIMAL, wall time: 0.026939 s
INFO:p22.p22_i16_slothy_start.split.238_278:Booleans in result: 90
INFO:p22.p22_i16_slothy_start.split.238_278.selfcheck:OK!
WARNING:p22:LLVM (llvm-mc, llvm-nm, llvm-readobj) not found, disabling selftest. Consider installing LLVM.
INFO:p22.p22_i16_slothy_start.split.238_278:Attempt optimization with max 45 stalls...
INFO:p22.p22_i16_slothy_start.split.238_278:Setting timeout of 30 seconds...
INFO:p22.p22_i16_slothy_start.split.238_278:Objective: None (any satisfying solution is fine)
INFO:p22.p22_i16_slothy_start.split.238_278:Invoking external constraint solver (OR-Tools CP-SAT v9.15.6755) ...
INFO:p22.p22_i16_slothy_start.split.238_278:INFEASIBLE, wall time: 0.027203 s
INFO:p22.p22_i16_slothy_start.split.278_318:Perform external binary search for minimal number of stalls...
INFO:p22.p22_i16_slothy_start.split.278_318:Attempt optimization with max 0 stalls...
INFO:p22.p22_i16_slothy_start.split.278_318:Setting timeout of 30 seconds...
INFO:p22.p22_i16_slothy_start.split.278_318:Objective: None (any satisfying solution is fine)
INFO:p22.p22_i16_slothy_start.split.278_318:Invoking external constraint solver (OR-Tools CP-SAT v9.15.6755) ...
INFO:p22.p22_i16_slothy_start.split.278_318:INFEASIBLE, wall time: 0.001112 s
INFO:p22.p22_i16_slothy_start.split.278_318:Attempt optimization with max 1 stalls...
INFO:p22.p22_i16_slothy_start.split.278_318:Setting timeout of 30 seconds...
INFO:p22.p22_i16_slothy_start.split.278_318:Objective: None (any satisfying solution is fine)
INFO:p22.p22_i16_slothy_start.split.278_318:Invoking external constraint solver (OR-Tools CP-SAT v9.15.6755) ...
INFO:p22.p22_i16_slothy_start.split.278_318:INFEASIBLE, wall time: 0.001000 s
INFO:p22.p22_i16_slothy_start.split.278_318:Attempt optimization with max 2 stalls...
INFO:p22.p22_i16_slothy_start.split.278_318:Setting timeout of 30 seconds...
INFO:p22.p22_i16_slothy_start.split.278_318:Objective: None (any satisfying solution is fine)
INFO:p22.p22_i16_slothy_start.split.278_318:Invoking external constraint solver (OR-Tools CP-SAT v9.15.6755) ...
INFO:p22.p22_i16_slothy_start.split.278_318:INFEASIBLE, wall time: 0.001128 s
INFO:p22.p22_i16_slothy_start.split.278_318:Attempt optimization with max 4 stalls...
INFO:p22.p22_i16_slothy_start.split.278_318:Setting timeout of 30 seconds...
INFO:p22.p22_i16_slothy_start.split.278_318:Objective: None (any satisfying solution is fine)
INFO:p22.p22_i16_slothy_start.split.278_318:Invoking external constraint solver (OR-Tools CP-SAT v9.15.6755) ...
INFO:p22.p22_i16_slothy_start.split.278_318:INFEASIBLE, wall time: 0.001027 s
INFO:p22.p22_i16_slothy_start.split.278_318:Attempt optimization with max 8 stalls...
INFO:p22.p22_i16_slothy_start.split.278_318:Setting timeout of 30 seconds...
INFO:p22.p22_i16_slothy_start.split.278_318:Objective: None (any satisfying solution is fine)
INFO:p22.p22_i16_slothy_start.split.278_318:Invoking external constraint solver (OR-Tools CP-SAT v9.15.6755) ...
INFO:p22.p22_i16_slothy_start.split.278_318:INFEASIBLE, wall time: 0.001032 s
INFO:p22.p22_i16_slothy_start.split.278_318:Attempt optimization with max 16 stalls...
INFO:p22.p22_i16_slothy_start.split.278_318:Setting timeout of 30 seconds...
INFO:p22.p22_i16_slothy_start.split.278_318:Objective: None (any satisfying solution is fine)
INFO:p22.p22_i16_slothy_start.split.278_318:Invoking external constraint solver (OR-Tools CP-SAT v9.15.6755) ...
INFO:p22.p22_i16_slothy_start.split.278_318:INFEASIBLE, wall time: 0.002603 s
INFO:p22.p22_i16_slothy_start.split.278_318:Attempt optimization with max 32 stalls...
INFO:p22.p22_i16_slothy_start.split.278_318:Setting timeout of 30 seconds...
INFO:p22.p22_i16_slothy_start.split.278_318:Objective: None (any satisfying solution is fine)
INFO:p22.p22_i16_slothy_start.split.278_318:Invoking external constraint solver (OR-Tools CP-SAT v9.15.6755) ...
INFO:p22.p22_i16_slothy_start.split.278_318:INFEASIBLE, wall time: 0.004543 s
INFO:p22.p22_i16_slothy_start.split.278_318:Attempt optimization with max 64 stalls...
INFO:p22.p22_i16_slothy_start.split.278_318:Setting timeout of 30 seconds...
INFO:p22.p22_i16_slothy_start.split.278_318:Objective: None (any satisfying solution is fine)
INFO:p22.p22_i16_slothy_start.split.278_318:Invoking external constraint solver (OR-Tools CP-SAT v9.15.6755) ...
INFO:p22.p22_i16_slothy_start.split.278_318:[0.0299s]: Found 1 solutions so far... objective (no objective): currently 0.0, bound 0.0
INFO:p22.p22_i16_slothy_start.split.278_318:OPTIMAL, wall time: 0.032634 s
INFO:p22.p22_i16_slothy_start.split.278_318:Booleans in result: 81
INFO:p22.p22_i16_slothy_start.split.278_318.selfcheck:OK!
WARNING:p22:LLVM (llvm-mc, llvm-nm, llvm-readobj) not found, disabling selftest. Consider installing LLVM.
INFO:p22.p22_i16_slothy_start.split.278_318:Attempt optimization with max 48 stalls...
INFO:p22.p22_i16_slothy_start.split.278_318:Setting timeout of 30 seconds...
INFO:p22.p22_i16_slothy_start.split.278_318:Objective: None (any satisfying solution is fine)
INFO:p22.p22_i16_slothy_start.split.278_318:Invoking external constraint solver (OR-Tools CP-SAT v9.15.6755) ...
INFO:p22.p22_i16_slothy_start.split.278_318:[0.0229s]: Found 1 solutions so far... objective (no objective): currently 0.0, bound 0.0
INFO:p22.p22_i16_slothy_start.split.278_318:[0.0232s]: Found 2 solutions so far... objective (no objective): currently 0.0, bound 0.0
INFO:p22.p22_i16_slothy_start.split.278_318:[0.0241s]: Found 3 solutions so far... objective (no objective): currently 0.0, bound 0.0
INFO:p22.p22_i16_slothy_start.split.278_318:OPTIMAL, wall time: 0.026613 s
INFO:p22.p22_i16_slothy_start.split.278_318:Booleans in result: 81
INFO:p22.p22_i16_slothy_start.split.278_318.selfcheck:OK!
WARNING:p22:LLVM (llvm-mc, llvm-nm, llvm-readobj) not found, disabling selftest. Consider installing LLVM.
INFO:p22.p22_i16_slothy_start.split.278_318:Attempt optimization with max 40 stalls...
INFO:p22.p22_i16_slothy_start.split.278_318:Setting timeout of 30 seconds...
INFO:p22.p22_i16_slothy_start.split.278_318:Objective: None (any satisfying solution is fine)
INFO:p22.p22_i16_slothy_start.split.278_318:Invoking external constraint solver (OR-Tools CP-SAT v9.15.6755) ...
INFO:p22.p22_i16_slothy_start.split.278_318:INFEASIBLE, wall time: 0.012875 s
INFO:p22.p22_i16_slothy_start.split.278_318:Attempt optimization with max 44 stalls...
INFO:p22.p22_i16_slothy_start.split.278_318:Setting timeout of 30 seconds...
INFO:p22.p22_i16_slothy_start.split.278_318:Objective: None (any satisfying solution is fine)
INFO:p22.p22_i16_slothy_start.split.278_318:Invoking external constraint solver (OR-Tools CP-SAT v9.15.6755) ...
INFO:p22.p22_i16_slothy_start.split.278_318:INFEASIBLE, wall time: 0.013835 s
INFO:p22.p22_i16_slothy_start.split.278_318:Attempt optimization with max 46 stalls...
INFO:p22.p22_i16_slothy_start.split.278_318:Setting timeout of 30 seconds...
INFO:p22.p22_i16_slothy_start.split.278_318:Objective: None (any satisfying solution is fine)
INFO:p22.p22_i16_slothy_start.split.278_318:Invoking external constraint solver (OR-Tools CP-SAT v9.15.6755) ...
INFO:p22.p22_i16_slothy_start.split.278_318:[0.0230s]: Found 1 solutions so far... objective (no objective): currently 0.0, bound 0.0
INFO:p22.p22_i16_slothy_start.split.278_318:[0.0231s]: Found 2 solutions so far... objective (no objective): currently 0.0, bound 0.0
INFO:p22.p22_i16_slothy_start.split.278_318:OPTIMAL, wall time: 0.025818 s
INFO:p22.p22_i16_slothy_start.split.278_318:Booleans in result: 81
INFO:p22.p22_i16_slothy_start.split.278_318.selfcheck:OK!
WARNING:p22:LLVM (llvm-mc, llvm-nm, llvm-readobj) not found, disabling selftest. Consider installing LLVM.
INFO:p22.p22_i16_slothy_start.split.278_318:Attempt optimization with max 45 stalls...
INFO:p22.p22_i16_slothy_start.split.278_318:Setting timeout of 30 seconds...
INFO:p22.p22_i16_slothy_start.split.278_318:Objective: None (any satisfying solution is fine)
INFO:p22.p22_i16_slothy_start.split.278_318:Invoking external constraint solver (OR-Tools CP-SAT v9.15.6755) ...
INFO:p22.p22_i16_slothy_start.split.278_318:[0.0221s]: Found 1 solutions so far... objective (no objective): currently 0.0, bound 0.0
INFO:p22.p22_i16_slothy_start.split.278_318:[0.0224s]: Found 2 solutions so far... objective (no objective): currently 0.0, bound 0.0
INFO:p22.p22_i16_slothy_start.split.278_318:OPTIMAL, wall time: 0.025479 s
INFO:p22.p22_i16_slothy_start.split.278_318:Booleans in result: 83
INFO:p22.p22_i16_slothy_start.split.278_318.selfcheck:OK!
WARNING:p22:LLVM (llvm-mc, llvm-nm, llvm-readobj) not found, disabling selftest. Consider installing LLVM.
INFO:p22.p22_i16_slothy_start.split.318_357:Perform external binary search for minimal number of stalls...
INFO:p22.p22_i16_slothy_start.split.318_357:Attempt optimization with max 0 stalls...
INFO:p22.p22_i16_slothy_start.split.318_357:Setting timeout of 30 seconds...
INFO:p22.p22_i16_slothy_start.split.318_357:Objective: None (any satisfying solution is fine)
INFO:p22.p22_i16_slothy_start.split.318_357:Invoking external constraint solver (OR-Tools CP-SAT v9.15.6755) ...
INFO:p22.p22_i16_slothy_start.split.318_357:INFEASIBLE, wall time: 0.001006 s
INFO:p22.p22_i16_slothy_start.split.318_357:Attempt optimization with max 1 stalls...
INFO:p22.p22_i16_slothy_start.split.318_357:Setting timeout of 30 seconds...
INFO:p22.p22_i16_slothy_start.split.318_357:Objective: None (any satisfying solution is fine)
INFO:p22.p22_i16_slothy_start.split.318_357:Invoking external constraint solver (OR-Tools CP-SAT v9.15.6755) ...
INFO:p22.p22_i16_slothy_start.split.318_357:INFEASIBLE, wall time: 0.000952 s
INFO:p22.p22_i16_slothy_start.split.318_357:Attempt optimization with max 2 stalls...
INFO:p22.p22_i16_slothy_start.split.318_357:Setting timeout of 30 seconds...
INFO:p22.p22_i16_slothy_start.split.318_357:Objective: None (any satisfying solution is fine)
INFO:p22.p22_i16_slothy_start.split.318_357:Invoking external constraint solver (OR-Tools CP-SAT v9.15.6755) ...
INFO:p22.p22_i16_slothy_start.split.318_357:INFEASIBLE, wall time: 0.001141 s
INFO:p22.p22_i16_slothy_start.split.318_357:Attempt optimization with max 4 stalls...
INFO:p22.p22_i16_slothy_start.split.318_357:Setting timeout of 30 seconds...
INFO:p22.p22_i16_slothy_start.split.318_357:Objective: None (any satisfying solution is fine)
INFO:p22.p22_i16_slothy_start.split.318_357:Invoking external constraint solver (OR-Tools CP-SAT v9.15.6755) ...
INFO:p22.p22_i16_slothy_start.split.318_357:INFEASIBLE, wall time: 0.000965 s
INFO:p22.p22_i16_slothy_start.split.318_357:Attempt optimization with max 8 stalls...
INFO:p22.p22_i16_slothy_start.split.318_357:Setting timeout of 30 seconds...
INFO:p22.p22_i16_slothy_start.split.318_357:Objective: None (any satisfying solution is fine)
INFO:p22.p22_i16_slothy_start.split.318_357:Invoking external constraint solver (OR-Tools CP-SAT v9.15.6755) ...
INFO:p22.p22_i16_slothy_start.split.318_357:INFEASIBLE, wall time: 0.001012 s
INFO:p22.p22_i16_slothy_start.split.318_357:Attempt optimization with max 16 stalls...
INFO:p22.p22_i16_slothy_start.split.318_357:Setting timeout of 30 seconds...
INFO:p22.p22_i16_slothy_start.split.318_357:Objective: None (any satisfying solution is fine)
INFO:p22.p22_i16_slothy_start.split.318_357:Invoking external constraint solver (OR-Tools CP-SAT v9.15.6755) ...
INFO:p22.p22_i16_slothy_start.split.318_357:INFEASIBLE, wall time: 0.002451 s
INFO:p22.p22_i16_slothy_start.split.318_357:Attempt optimization with max 32 stalls...
INFO:p22.p22_i16_slothy_start.split.318_357:Setting timeout of 30 seconds...
INFO:p22.p22_i16_slothy_start.split.318_357:Objective: None (any satisfying solution is fine)
INFO:p22.p22_i16_slothy_start.split.318_357:Invoking external constraint solver (OR-Tools CP-SAT v9.15.6755) ...
INFO:p22.p22_i16_slothy_start.split.318_357:INFEASIBLE, wall time: 0.006226 s
INFO:p22.p22_i16_slothy_start.split.318_357:Attempt optimization with max 64 stalls...
INFO:p22.p22_i16_slothy_start.split.318_357:Setting timeout of 30 seconds...
INFO:p22.p22_i16_slothy_start.split.318_357:Objective: None (any satisfying solution is fine)
INFO:p22.p22_i16_slothy_start.split.318_357:Invoking external constraint solver (OR-Tools CP-SAT v9.15.6755) ...
INFO:p22.p22_i16_slothy_start.split.318_357:[0.0296s]: Found 1 solutions so far... objective (no objective): currently 0.0, bound 0.0
INFO:p22.p22_i16_slothy_start.split.318_357:[0.0307s]: Found 2 solutions so far... objective (no objective): currently 0.0, bound 0.0
INFO:p22.p22_i16_slothy_start.split.318_357:[0.0308s]: Found 3 solutions so far... objective (no objective): currently 0.0, bound 0.0
INFO:p22.p22_i16_slothy_start.split.318_357:[0.0310s]: Found 4 solutions so far... objective (no objective): currently 0.0, bound 0.0
INFO:p22.p22_i16_slothy_start.split.318_357:OPTIMAL, wall time: 0.034791 s
INFO:p22.p22_i16_slothy_start.split.318_357:Booleans in result: 85
INFO:p22.p22_i16_slothy_start.split.318_357.selfcheck:OK!
WARNING:p22:LLVM (llvm-mc, llvm-nm, llvm-readobj) not found, disabling selftest. Consider installing LLVM.
INFO:p22.p22_i16_slothy_start.split.318_357:Attempt optimization with max 48 stalls...
INFO:p22.p22_i16_slothy_start.split.318_357:Setting timeout of 30 seconds...
INFO:p22.p22_i16_slothy_start.split.318_357:Objective: None (any satisfying solution is fine)
INFO:p22.p22_i16_slothy_start.split.318_357:Invoking external constraint solver (OR-Tools CP-SAT v9.15.6755) ...
INFO:p22.p22_i16_slothy_start.split.318_357:[0.0240s]: Found 1 solutions so far... objective (no objective): currently 0.0, bound 0.0
INFO:p22.p22_i16_slothy_start.split.318_357:[0.0248s]: Found 2 solutions so far... objective (no objective): currently 0.0, bound 0.0
INFO:p22.p22_i16_slothy_start.split.318_357:[0.0257s]: Found 3 solutions so far... objective (no objective): currently 0.0, bound 0.0
INFO:p22.p22_i16_slothy_start.split.318_357:[0.0258s]: Found 4 solutions so far... objective (no objective): currently 0.0, bound 0.0
INFO:p22.p22_i16_slothy_start.split.318_357:OPTIMAL, wall time: 0.028198 s
INFO:p22.p22_i16_slothy_start.split.318_357:Booleans in result: 21
INFO:p22.p22_i16_slothy_start.split.318_357.selfcheck:OK!
WARNING:p22:LLVM (llvm-mc, llvm-nm, llvm-readobj) not found, disabling selftest. Consider installing LLVM.
INFO:p22.p22_i16_slothy_start.split.318_357:Attempt optimization with max 40 stalls...
INFO:p22.p22_i16_slothy_start.split.318_357:Setting timeout of 30 seconds...
INFO:p22.p22_i16_slothy_start.split.318_357:Objective: None (any satisfying solution is fine)
INFO:p22.p22_i16_slothy_start.split.318_357:Invoking external constraint solver (OR-Tools CP-SAT v9.15.6755) ...
INFO:p22.p22_i16_slothy_start.split.318_357:[0.0213s]: Found 1 solutions so far... objective (no objective): currently 0.0, bound 0.0
INFO:p22.p22_i16_slothy_start.split.318_357:OPTIMAL, wall time: 0.024056 s
INFO:p22.p22_i16_slothy_start.split.318_357:Booleans in result: 82
INFO:p22.p22_i16_slothy_start.split.318_357.selfcheck:OK!
WARNING:p22:LLVM (llvm-mc, llvm-nm, llvm-readobj) not found, disabling selftest. Consider installing LLVM.
INFO:p22.p22_i16_slothy_start.split.318_357:Attempt optimization with max 36 stalls...
INFO:p22.p22_i16_slothy_start.split.318_357:Setting timeout of 30 seconds...
INFO:p22.p22_i16_slothy_start.split.318_357:Objective: None (any satisfying solution is fine)
INFO:p22.p22_i16_slothy_start.split.318_357:Invoking external constraint solver (OR-Tools CP-SAT v9.15.6755) ...
INFO:p22.p22_i16_slothy_start.split.318_357:INFEASIBLE, wall time: 0.012448 s
INFO:p22.p22_i16_slothy_start.split.318_357:Attempt optimization with max 38 stalls...
INFO:p22.p22_i16_slothy_start.split.318_357:Setting timeout of 30 seconds...
INFO:p22.p22_i16_slothy_start.split.318_357:Objective: None (any satisfying solution is fine)
INFO:p22.p22_i16_slothy_start.split.318_357:Invoking external constraint solver (OR-Tools CP-SAT v9.15.6755) ...
INFO:p22.p22_i16_slothy_start.split.318_357:INFEASIBLE, wall time: 0.013028 s
INFO:p22.p22_i16_slothy_start.split.318_357:Attempt optimization with max 39 stalls...
INFO:p22.p22_i16_slothy_start.split.318_357:Setting timeout of 30 seconds...
INFO:p22.p22_i16_slothy_start.split.318_357:Objective: None (any satisfying solution is fine)
INFO:p22.p22_i16_slothy_start.split.318_357:Invoking external constraint solver (OR-Tools CP-SAT v9.15.6755) ...
INFO:p22.p22_i16_slothy_start.split.318_357:INFEASIBLE, wall time: 0.013078 s
INFO:p22.p22_i16_slothy_start.split.357_397:Perform external binary search for minimal number of stalls...
INFO:p22.p22_i16_slothy_start.split.357_397:Attempt optimization with max 0 stalls...
INFO:p22.p22_i16_slothy_start.split.357_397:Setting timeout of 30 seconds...
INFO:p22.p22_i16_slothy_start.split.357_397:Objective: None (any satisfying solution is fine)
INFO:p22.p22_i16_slothy_start.split.357_397:Invoking external constraint solver (OR-Tools CP-SAT v9.15.6755) ...
INFO:p22.p22_i16_slothy_start.split.357_397:INFEASIBLE, wall time: 0.001054 s
INFO:p22.p22_i16_slothy_start.split.357_397:Attempt optimization with max 1 stalls...
INFO:p22.p22_i16_slothy_start.split.357_397:Setting timeout of 30 seconds...
INFO:p22.p22_i16_slothy_start.split.357_397:Objective: None (any satisfying solution is fine)
INFO:p22.p22_i16_slothy_start.split.357_397:Invoking external constraint solver (OR-Tools CP-SAT v9.15.6755) ...
INFO:p22.p22_i16_slothy_start.split.357_397:INFEASIBLE, wall time: 0.000996 s
INFO:p22.p22_i16_slothy_start.split.357_397:Attempt optimization with max 2 stalls...
INFO:p22.p22_i16_slothy_start.split.357_397:Setting timeout of 30 seconds...
INFO:p22.p22_i16_slothy_start.split.357_397:Objective: None (any satisfying solution is fine)
INFO:p22.p22_i16_slothy_start.split.357_397:Invoking external constraint solver (OR-Tools CP-SAT v9.15.6755) ...
INFO:p22.p22_i16_slothy_start.split.357_397:INFEASIBLE, wall time: 0.001014 s
INFO:p22.p22_i16_slothy_start.split.357_397:Attempt optimization with max 4 stalls...
INFO:p22.p22_i16_slothy_start.split.357_397:Setting timeout of 30 seconds...
INFO:p22.p22_i16_slothy_start.split.357_397:Objective: None (any satisfying solution is fine)
INFO:p22.p22_i16_slothy_start.split.357_397:Invoking external constraint solver (OR-Tools CP-SAT v9.15.6755) ...
INFO:p22.p22_i16_slothy_start.split.357_397:INFEASIBLE, wall time: 0.001255 s
INFO:p22.p22_i16_slothy_start.split.357_397:Attempt optimization with max 8 stalls...
INFO:p22.p22_i16_slothy_start.split.357_397:Setting timeout of 30 seconds...
INFO:p22.p22_i16_slothy_start.split.357_397:Objective: None (any satisfying solution is fine)
INFO:p22.p22_i16_slothy_start.split.357_397:Invoking external constraint solver (OR-Tools CP-SAT v9.15.6755) ...
INFO:p22.p22_i16_slothy_start.split.357_397:INFEASIBLE, wall time: 0.000957 s
INFO:p22.p22_i16_slothy_start.split.357_397:Attempt optimization with max 16 stalls...
INFO:p22.p22_i16_slothy_start.split.357_397:Setting timeout of 30 seconds...
INFO:p22.p22_i16_slothy_start.split.357_397:Objective: None (any satisfying solution is fine)
INFO:p22.p22_i16_slothy_start.split.357_397:Invoking external constraint solver (OR-Tools CP-SAT v9.15.6755) ...
INFO:p22.p22_i16_slothy_start.split.357_397:INFEASIBLE, wall time: 0.002206 s
INFO:p22.p22_i16_slothy_start.split.357_397:Attempt optimization with max 32 stalls...
INFO:p22.p22_i16_slothy_start.split.357_397:Setting timeout of 30 seconds...
INFO:p22.p22_i16_slothy_start.split.357_397:Objective: None (any satisfying solution is fine)
INFO:p22.p22_i16_slothy_start.split.357_397:Invoking external constraint solver (OR-Tools CP-SAT v9.15.6755) ...
INFO:p22.p22_i16_slothy_start.split.357_397:INFEASIBLE, wall time: 0.006694 s
INFO:p22.p22_i16_slothy_start.split.357_397:Attempt optimization with max 64 stalls...
INFO:p22.p22_i16_slothy_start.split.357_397:Setting timeout of 30 seconds...
INFO:p22.p22_i16_slothy_start.split.357_397:Objective: None (any satisfying solution is fine)
INFO:p22.p22_i16_slothy_start.split.357_397:Invoking external constraint solver (OR-Tools CP-SAT v9.15.6755) ...
INFO:p22.p22_i16_slothy_start.split.357_397:[0.0333s]: Found 1 solutions so far... objective (no objective): currently 0.0, bound 0.0
INFO:p22.p22_i16_slothy_start.split.357_397:OPTIMAL, wall time: 0.037375 s
INFO:p22.p22_i16_slothy_start.split.357_397:Booleans in result: 77
INFO:p22.p22_i16_slothy_start.split.357_397.selfcheck:OK!
WARNING:p22:LLVM (llvm-mc, llvm-nm, llvm-readobj) not found, disabling selftest. Consider installing LLVM.
INFO:p22.p22_i16_slothy_start.split.357_397:Attempt optimization with max 48 stalls...
INFO:p22.p22_i16_slothy_start.split.357_397:Setting timeout of 30 seconds...
INFO:p22.p22_i16_slothy_start.split.357_397:Objective: None (any satisfying solution is fine)
INFO:p22.p22_i16_slothy_start.split.357_397:Invoking external constraint solver (OR-Tools CP-SAT v9.15.6755) ...
INFO:p22.p22_i16_slothy_start.split.357_397:[0.0268s]: Found 1 solutions so far... objective (no objective): currently 0.0, bound 0.0
INFO:p22.p22_i16_slothy_start.split.357_397:[0.0271s]: Found 2 solutions so far... objective (no objective): currently 0.0, bound 0.0
INFO:p22.p22_i16_slothy_start.split.357_397:OPTIMAL, wall time: 0.029666 s
INFO:p22.p22_i16_slothy_start.split.357_397:Booleans in result: 77
INFO:p22.p22_i16_slothy_start.split.357_397.selfcheck:OK!
WARNING:p22:LLVM (llvm-mc, llvm-nm, llvm-readobj) not found, disabling selftest. Consider installing LLVM.
INFO:p22.p22_i16_slothy_start.split.357_397:Attempt optimization with max 40 stalls...
INFO:p22.p22_i16_slothy_start.split.357_397:Setting timeout of 30 seconds...
INFO:p22.p22_i16_slothy_start.split.357_397:Objective: None (any satisfying solution is fine)
INFO:p22.p22_i16_slothy_start.split.357_397:Invoking external constraint solver (OR-Tools CP-SAT v9.15.6755) ...
INFO:p22.p22_i16_slothy_start.split.357_397:INFEASIBLE, wall time: 0.014046 s
INFO:p22.p22_i16_slothy_start.split.357_397:Attempt optimization with max 44 stalls...
INFO:p22.p22_i16_slothy_start.split.357_397:Setting timeout of 30 seconds...
INFO:p22.p22_i16_slothy_start.split.357_397:Objective: None (any satisfying solution is fine)
INFO:p22.p22_i16_slothy_start.split.357_397:Invoking external constraint solver (OR-Tools CP-SAT v9.15.6755) ...
INFO:p22.p22_i16_slothy_start.split.357_397:INFEASIBLE, wall time: 0.031284 s
INFO:p22.p22_i16_slothy_start.split.357_397:Attempt optimization with max 46 stalls...
INFO:p22.p22_i16_slothy_start.split.357_397:Setting timeout of 30 seconds...
INFO:p22.p22_i16_slothy_start.split.357_397:Objective: None (any satisfying solution is fine)
INFO:p22.p22_i16_slothy_start.split.357_397:Invoking external constraint solver (OR-Tools CP-SAT v9.15.6755) ...
INFO:p22.p22_i16_slothy_start.split.357_397:[0.0272s]: Found 1 solutions so far... objective (no objective): currently 0.0, bound 0.0
INFO:p22.p22_i16_slothy_start.split.357_397:OPTIMAL, wall time: 0.030062 s
INFO:p22.p22_i16_slothy_start.split.357_397:Booleans in result: 93
INFO:p22.p22_i16_slothy_start.split.357_397.selfcheck:OK!
WARNING:p22:LLVM (llvm-mc, llvm-nm, llvm-readobj) not found, disabling selftest. Consider installing LLVM.
INFO:p22.p22_i16_slothy_start.split.357_397:Attempt optimization with max 45 stalls...
INFO:p22.p22_i16_slothy_start.split.357_397:Setting timeout of 30 seconds...
INFO:p22.p22_i16_slothy_start.split.357_397:Objective: None (any satisfying solution is fine)
INFO:p22.p22_i16_slothy_start.split.357_397:Invoking external constraint solver (OR-Tools CP-SAT v9.15.6755) ...
INFO:p22.p22_i16_slothy_start.split.357_397:INFEASIBLE, wall time: 0.032573 s
INFO:p22.p22_i16_slothy_start.split.397_437:Perform external binary search for minimal number of stalls...
INFO:p22.p22_i16_slothy_start.split.397_437:Attempt optimization with max 0 stalls...
INFO:p22.p22_i16_slothy_start.split.397_437:Setting timeout of 30 seconds...
INFO:p22.p22_i16_slothy_start.split.397_437:Objective: None (any satisfying solution is fine)
INFO:p22.p22_i16_slothy_start.split.397_437:Invoking external constraint solver (OR-Tools CP-SAT v9.15.6755) ...
INFO:p22.p22_i16_slothy_start.split.397_437:INFEASIBLE, wall time: 0.001130 s
INFO:p22.p22_i16_slothy_start.split.397_437:Attempt optimization with max 1 stalls...
INFO:p22.p22_i16_slothy_start.split.397_437:Setting timeout of 30 seconds...
INFO:p22.p22_i16_slothy_start.split.397_437:Objective: None (any satisfying solution is fine)
INFO:p22.p22_i16_slothy_start.split.397_437:Invoking external constraint solver (OR-Tools CP-SAT v9.15.6755) ...
INFO:p22.p22_i16_slothy_start.split.397_437:INFEASIBLE, wall time: 0.001097 s
INFO:p22.p22_i16_slothy_start.split.397_437:Attempt optimization with max 2 stalls...
INFO:p22.p22_i16_slothy_start.split.397_437:Setting timeout of 30 seconds...
INFO:p22.p22_i16_slothy_start.split.397_437:Objective: None (any satisfying solution is fine)
INFO:p22.p22_i16_slothy_start.split.397_437:Invoking external constraint solver (OR-Tools CP-SAT v9.15.6755) ...
INFO:p22.p22_i16_slothy_start.split.397_437:INFEASIBLE, wall time: 0.001050 s
INFO:p22.p22_i16_slothy_start.split.397_437:Attempt optimization with max 4 stalls...
INFO:p22.p22_i16_slothy_start.split.397_437:Setting timeout of 30 seconds...
INFO:p22.p22_i16_slothy_start.split.397_437:Objective: None (any satisfying solution is fine)
INFO:p22.p22_i16_slothy_start.split.397_437:Invoking external constraint solver (OR-Tools CP-SAT v9.15.6755) ...
INFO:p22.p22_i16_slothy_start.split.397_437:INFEASIBLE, wall time: 0.001037 s
INFO:p22.p22_i16_slothy_start.split.397_437:Attempt optimization with max 8 stalls...
INFO:p22.p22_i16_slothy_start.split.397_437:Setting timeout of 30 seconds...
INFO:p22.p22_i16_slothy_start.split.397_437:Objective: None (any satisfying solution is fine)
INFO:p22.p22_i16_slothy_start.split.397_437:Invoking external constraint solver (OR-Tools CP-SAT v9.15.6755) ...
INFO:p22.p22_i16_slothy_start.split.397_437:INFEASIBLE, wall time: 0.001097 s
INFO:p22.p22_i16_slothy_start.split.397_437:Attempt optimization with max 16 stalls...
INFO:p22.p22_i16_slothy_start.split.397_437:Setting timeout of 30 seconds...
INFO:p22.p22_i16_slothy_start.split.397_437:Objective: None (any satisfying solution is fine)
INFO:p22.p22_i16_slothy_start.split.397_437:Invoking external constraint solver (OR-Tools CP-SAT v9.15.6755) ...
INFO:p22.p22_i16_slothy_start.split.397_437:INFEASIBLE, wall time: 0.002231 s
INFO:p22.p22_i16_slothy_start.split.397_437:Attempt optimization with max 32 stalls...
INFO:p22.p22_i16_slothy_start.split.397_437:Setting timeout of 30 seconds...
INFO:p22.p22_i16_slothy_start.split.397_437:Objective: None (any satisfying solution is fine)
INFO:p22.p22_i16_slothy_start.split.397_437:Invoking external constraint solver (OR-Tools CP-SAT v9.15.6755) ...
INFO:p22.p22_i16_slothy_start.split.397_437:INFEASIBLE, wall time: 0.002586 s
INFO:p22.p22_i16_slothy_start.split.397_437:Attempt optimization with max 64 stalls...
INFO:p22.p22_i16_slothy_start.split.397_437:Setting timeout of 30 seconds...
INFO:p22.p22_i16_slothy_start.split.397_437:Objective: None (any satisfying solution is fine)
INFO:p22.p22_i16_slothy_start.split.397_437:Invoking external constraint solver (OR-Tools CP-SAT v9.15.6755) ...
INFO:p22.p22_i16_slothy_start.split.397_437:[0.0278s]: Found 1 solutions so far... objective (no objective): currently 0.0, bound 0.0
INFO:p22.p22_i16_slothy_start.split.397_437:[0.0280s]: Found 2 solutions so far... objective (no objective): currently 0.0, bound 0.0
INFO:p22.p22_i16_slothy_start.split.397_437:[0.0281s]: Found 3 solutions so far... objective (no objective): currently 0.0, bound 0.0
INFO:p22.p22_i16_slothy_start.split.397_437:OPTIMAL, wall time: 0.030765 s
INFO:p22.p22_i16_slothy_start.split.397_437:Booleans in result: 81
INFO:p22.p22_i16_slothy_start.split.397_437.selfcheck:OK!
WARNING:p22:LLVM (llvm-mc, llvm-nm, llvm-readobj) not found, disabling selftest. Consider installing LLVM.
INFO:p22.p22_i16_slothy_start.split.397_437:Attempt optimization with max 48 stalls...
INFO:p22.p22_i16_slothy_start.split.397_437:Setting timeout of 30 seconds...
INFO:p22.p22_i16_slothy_start.split.397_437:Objective: None (any satisfying solution is fine)
INFO:p22.p22_i16_slothy_start.split.397_437:Invoking external constraint solver (OR-Tools CP-SAT v9.15.6755) ...
INFO:p22.p22_i16_slothy_start.split.397_437:INFEASIBLE, wall time: 0.012846 s
INFO:p22.p22_i16_slothy_start.split.397_437:Attempt optimization with max 56 stalls...
INFO:p22.p22_i16_slothy_start.split.397_437:Setting timeout of 30 seconds...
INFO:p22.p22_i16_slothy_start.split.397_437:Objective: None (any satisfying solution is fine)
INFO:p22.p22_i16_slothy_start.split.397_437:Invoking external constraint solver (OR-Tools CP-SAT v9.15.6755) ...
INFO:p22.p22_i16_slothy_start.split.397_437:[0.0225s]: Found 1 solutions so far... objective (no objective): currently 0.0, bound 0.0
INFO:p22.p22_i16_slothy_start.split.397_437:OPTIMAL, wall time: 0.025729 s
INFO:p22.p22_i16_slothy_start.split.397_437:Booleans in result: 20
INFO:p22.p22_i16_slothy_start.split.397_437.selfcheck:OK!
WARNING:p22:LLVM (llvm-mc, llvm-nm, llvm-readobj) not found, disabling selftest. Consider installing LLVM.
INFO:p22.p22_i16_slothy_start.split.397_437:Attempt optimization with max 52 stalls...
INFO:p22.p22_i16_slothy_start.split.397_437:Setting timeout of 30 seconds...
INFO:p22.p22_i16_slothy_start.split.397_437:Objective: None (any satisfying solution is fine)
INFO:p22.p22_i16_slothy_start.split.397_437:Invoking external constraint solver (OR-Tools CP-SAT v9.15.6755) ...
INFO:p22.p22_i16_slothy_start.split.397_437:INFEASIBLE, wall time: 0.014024 s
INFO:p22.p22_i16_slothy_start.split.397_437:Attempt optimization with max 54 stalls...
INFO:p22.p22_i16_slothy_start.split.397_437:Setting timeout of 30 seconds...
INFO:p22.p22_i16_slothy_start.split.397_437:Objective: None (any satisfying solution is fine)
INFO:p22.p22_i16_slothy_start.split.397_437:Invoking external constraint solver (OR-Tools CP-SAT v9.15.6755) ...
INFO:p22.p22_i16_slothy_start.split.397_437:INFEASIBLE, wall time: 0.025371 s
INFO:p22.p22_i16_slothy_start.split.397_437:Attempt optimization with max 55 stalls...
INFO:p22.p22_i16_slothy_start.split.397_437:Setting timeout of 30 seconds...
INFO:p22.p22_i16_slothy_start.split.397_437:Objective: None (any satisfying solution is fine)
INFO:p22.p22_i16_slothy_start.split.397_437:Invoking external constraint solver (OR-Tools CP-SAT v9.15.6755) ...
INFO:p22.p22_i16_slothy_start.split.397_437:[0.0224s]: Found 1 solutions so far... objective (no objective): currently 0.0, bound 0.0
INFO:p22.p22_i16_slothy_start.split.397_437:[0.0233s]: Found 2 solutions so far... objective (no objective): currently 0.0, bound 0.0
INFO:p22.p22_i16_slothy_start.split.397_437:OPTIMAL, wall time: 0.025905 s
INFO:p22.p22_i16_slothy_start.split.397_437:Booleans in result: 81
INFO:p22.p22_i16_slothy_start.split.397_437.selfcheck:OK!
WARNING:p22:LLVM (llvm-mc, llvm-nm, llvm-readobj) not found, disabling selftest. Consider installing LLVM.
INFO:p22.p22_i16_slothy_start.split.437_476:Perform external binary search for minimal number of stalls...
INFO:p22.p22_i16_slothy_start.split.437_476:Attempt optimization with max 0 stalls...
INFO:p22.p22_i16_slothy_start.split.437_476:Setting timeout of 30 seconds...
INFO:p22.p22_i16_slothy_start.split.437_476:Objective: None (any satisfying solution is fine)
INFO:p22.p22_i16_slothy_start.split.437_476:Invoking external constraint solver (OR-Tools CP-SAT v9.15.6755) ...
INFO:p22.p22_i16_slothy_start.split.437_476:INFEASIBLE, wall time: 0.000970 s
INFO:p22.p22_i16_slothy_start.split.437_476:Attempt optimization with max 1 stalls...
INFO:p22.p22_i16_slothy_start.split.437_476:Setting timeout of 30 seconds...
INFO:p22.p22_i16_slothy_start.split.437_476:Objective: None (any satisfying solution is fine)
INFO:p22.p22_i16_slothy_start.split.437_476:Invoking external constraint solver (OR-Tools CP-SAT v9.15.6755) ...
INFO:p22.p22_i16_slothy_start.split.437_476:INFEASIBLE, wall time: 0.000999 s
INFO:p22.p22_i16_slothy_start.split.437_476:Attempt optimization with max 2 stalls...
INFO:p22.p22_i16_slothy_start.split.437_476:Setting timeout of 30 seconds...
INFO:p22.p22_i16_slothy_start.split.437_476:Objective: None (any satisfying solution is fine)
INFO:p22.p22_i16_slothy_start.split.437_476:Invoking external constraint solver (OR-Tools CP-SAT v9.15.6755) ...
INFO:p22.p22_i16_slothy_start.split.437_476:INFEASIBLE, wall time: 0.000975 s
INFO:p22.p22_i16_slothy_start.split.437_476:Attempt optimization with max 4 stalls...
INFO:p22.p22_i16_slothy_start.split.437_476:Setting timeout of 30 seconds...
INFO:p22.p22_i16_slothy_start.split.437_476:Objective: None (any satisfying solution is fine)
INFO:p22.p22_i16_slothy_start.split.437_476:Invoking external constraint solver (OR-Tools CP-SAT v9.15.6755) ...
INFO:p22.p22_i16_slothy_start.split.437_476:INFEASIBLE, wall time: 0.001035 s
INFO:p22.p22_i16_slothy_start.split.437_476:Attempt optimization with max 8 stalls...
INFO:p22.p22_i16_slothy_start.split.437_476:Setting timeout of 30 seconds...
INFO:p22.p22_i16_slothy_start.split.437_476:Objective: None (any satisfying solution is fine)
INFO:p22.p22_i16_slothy_start.split.437_476:Invoking external constraint solver (OR-Tools CP-SAT v9.15.6755) ...
INFO:p22.p22_i16_slothy_start.split.437_476:INFEASIBLE, wall time: 0.000935 s
INFO:p22.p22_i16_slothy_start.split.437_476:Attempt optimization with max 16 stalls...
INFO:p22.p22_i16_slothy_start.split.437_476:Setting timeout of 30 seconds...
INFO:p22.p22_i16_slothy_start.split.437_476:Objective: None (any satisfying solution is fine)
INFO:p22.p22_i16_slothy_start.split.437_476:Invoking external constraint solver (OR-Tools CP-SAT v9.15.6755) ...
INFO:p22.p22_i16_slothy_start.split.437_476:INFEASIBLE, wall time: 0.001073 s
INFO:p22.p22_i16_slothy_start.split.437_476:Attempt optimization with max 32 stalls...
INFO:p22.p22_i16_slothy_start.split.437_476:Setting timeout of 30 seconds...
INFO:p22.p22_i16_slothy_start.split.437_476:Objective: None (any satisfying solution is fine)
INFO:p22.p22_i16_slothy_start.split.437_476:Invoking external constraint solver (OR-Tools CP-SAT v9.15.6755) ...
INFO:p22.p22_i16_slothy_start.split.437_476:INFEASIBLE, wall time: 0.004023 s
INFO:p22.p22_i16_slothy_start.split.437_476:Attempt optimization with max 64 stalls...
INFO:p22.p22_i16_slothy_start.split.437_476:Setting timeout of 30 seconds...
INFO:p22.p22_i16_slothy_start.split.437_476:Objective: None (any satisfying solution is fine)
INFO:p22.p22_i16_slothy_start.split.437_476:Invoking external constraint solver (OR-Tools CP-SAT v9.15.6755) ...
INFO:p22.p22_i16_slothy_start.split.437_476:[0.0285s]: Found 1 solutions so far... objective (no objective): currently 0.0, bound 0.0
INFO:p22.p22_i16_slothy_start.split.437_476:[0.0287s]: Found 2 solutions so far... objective (no objective): currently 0.0, bound 0.0
INFO:p22.p22_i16_slothy_start.split.437_476:[0.0288s]: Found 3 solutions so far... objective (no objective): currently 0.0, bound 0.0
INFO:p22.p22_i16_slothy_start.split.437_476:OPTIMAL, wall time: 0.032591 s
INFO:p22.p22_i16_slothy_start.split.437_476:Booleans in result: 91
INFO:p22.p22_i16_slothy_start.split.437_476.selfcheck:OK!
WARNING:p22:LLVM (llvm-mc, llvm-nm, llvm-readobj) not found, disabling selftest. Consider installing LLVM.
INFO:p22.p22_i16_slothy_start.split.437_476:Attempt optimization with max 48 stalls...
INFO:p22.p22_i16_slothy_start.split.437_476:Setting timeout of 30 seconds...
INFO:p22.p22_i16_slothy_start.split.437_476:Objective: None (any satisfying solution is fine)
INFO:p22.p22_i16_slothy_start.split.437_476:Invoking external constraint solver (OR-Tools CP-SAT v9.15.6755) ...
INFO:p22.p22_i16_slothy_start.split.437_476:[0.0194s]: Found 1 solutions so far... objective (no objective): currently 0.0, bound 0.0
INFO:p22.p22_i16_slothy_start.split.437_476:OPTIMAL, wall time: 0.021830 s
INFO:p22.p22_i16_slothy_start.split.437_476:Booleans in result: 78
INFO:p22.p22_i16_slothy_start.split.437_476.selfcheck:OK!
WARNING:p22:LLVM (llvm-mc, llvm-nm, llvm-readobj) not found, disabling selftest. Consider installing LLVM.
INFO:p22.p22_i16_slothy_start.split.437_476:Attempt optimization with max 40 stalls...
INFO:p22.p22_i16_slothy_start.split.437_476:Setting timeout of 30 seconds...
INFO:p22.p22_i16_slothy_start.split.437_476:Objective: None (any satisfying solution is fine)
INFO:p22.p22_i16_slothy_start.split.437_476:Invoking external constraint solver (OR-Tools CP-SAT v9.15.6755) ...
INFO:p22.p22_i16_slothy_start.split.437_476:INFEASIBLE, wall time: 0.005967 s
INFO:p22.p22_i16_slothy_start.split.437_476:Attempt optimization with max 44 stalls...
INFO:p22.p22_i16_slothy_start.split.437_476:Setting timeout of 30 seconds...
INFO:p22.p22_i16_slothy_start.split.437_476:Objective: None (any satisfying solution is fine)
INFO:p22.p22_i16_slothy_start.split.437_476:Invoking external constraint solver (OR-Tools CP-SAT v9.15.6755) ...
INFO:p22.p22_i16_slothy_start.split.437_476:INFEASIBLE, wall time: 0.012930 s
INFO:p22.p22_i16_slothy_start.split.437_476:Attempt optimization with max 46 stalls...
INFO:p22.p22_i16_slothy_start.split.437_476:Setting timeout of 30 seconds...
INFO:p22.p22_i16_slothy_start.split.437_476:Objective: None (any satisfying solution is fine)
INFO:p22.p22_i16_slothy_start.split.437_476:Invoking external constraint solver (OR-Tools CP-SAT v9.15.6755) ...
INFO:p22.p22_i16_slothy_start.split.437_476:INFEASIBLE, wall time: 0.013067 s
INFO:p22.p22_i16_slothy_start.split.437_476:Attempt optimization with max 47 stalls...
INFO:p22.p22_i16_slothy_start.split.437_476:Setting timeout of 30 seconds...
INFO:p22.p22_i16_slothy_start.split.437_476:Objective: None (any satisfying solution is fine)
INFO:p22.p22_i16_slothy_start.split.437_476:Invoking external constraint solver (OR-Tools CP-SAT v9.15.6755) ...
INFO:p22.p22_i16_slothy_start.split.437_476:INFEASIBLE, wall time: 0.012670 s
INFO:p22.p22_i16_slothy_start.split.476_516:Perform external binary search for minimal number of stalls...
INFO:p22.p22_i16_slothy_start.split.476_516:Attempt optimization with max 0 stalls...
INFO:p22.p22_i16_slothy_start.split.476_516:Setting timeout of 30 seconds...
INFO:p22.p22_i16_slothy_start.split.476_516:Objective: None (any satisfying solution is fine)
INFO:p22.p22_i16_slothy_start.split.476_516:Invoking external constraint solver (OR-Tools CP-SAT v9.15.6755) ...
INFO:p22.p22_i16_slothy_start.split.476_516:INFEASIBLE, wall time: 0.000977 s
INFO:p22.p22_i16_slothy_start.split.476_516:Attempt optimization with max 1 stalls...
INFO:p22.p22_i16_slothy_start.split.476_516:Setting timeout of 30 seconds...
INFO:p22.p22_i16_slothy_start.split.476_516:Objective: None (any satisfying solution is fine)
INFO:p22.p22_i16_slothy_start.split.476_516:Invoking external constraint solver (OR-Tools CP-SAT v9.15.6755) ...
INFO:p22.p22_i16_slothy_start.split.476_516:INFEASIBLE, wall time: 0.001184 s
INFO:p22.p22_i16_slothy_start.split.476_516:Attempt optimization with max 2 stalls...
INFO:p22.p22_i16_slothy_start.split.476_516:Setting timeout of 30 seconds...
INFO:p22.p22_i16_slothy_start.split.476_516:Objective: None (any satisfying solution is fine)
INFO:p22.p22_i16_slothy_start.split.476_516:Invoking external constraint solver (OR-Tools CP-SAT v9.15.6755) ...
INFO:p22.p22_i16_slothy_start.split.476_516:INFEASIBLE, wall time: 0.000987 s
INFO:p22.p22_i16_slothy_start.split.476_516:Attempt optimization with max 4 stalls...
INFO:p22.p22_i16_slothy_start.split.476_516:Setting timeout of 30 seconds...
INFO:p22.p22_i16_slothy_start.split.476_516:Objective: None (any satisfying solution is fine)
INFO:p22.p22_i16_slothy_start.split.476_516:Invoking external constraint solver (OR-Tools CP-SAT v9.15.6755) ...
INFO:p22.p22_i16_slothy_start.split.476_516:INFEASIBLE, wall time: 0.001076 s
INFO:p22.p22_i16_slothy_start.split.476_516:Attempt optimization with max 8 stalls...
INFO:p22.p22_i16_slothy_start.split.476_516:Setting timeout of 30 seconds...
INFO:p22.p22_i16_slothy_start.split.476_516:Objective: None (any satisfying solution is fine)
INFO:p22.p22_i16_slothy_start.split.476_516:Invoking external constraint solver (OR-Tools CP-SAT v9.15.6755) ...
INFO:p22.p22_i16_slothy_start.split.476_516:INFEASIBLE, wall time: 0.001077 s
INFO:p22.p22_i16_slothy_start.split.476_516:Attempt optimization with max 16 stalls...
INFO:p22.p22_i16_slothy_start.split.476_516:Setting timeout of 30 seconds...
INFO:p22.p22_i16_slothy_start.split.476_516:Objective: None (any satisfying solution is fine)
INFO:p22.p22_i16_slothy_start.split.476_516:Invoking external constraint solver (OR-Tools CP-SAT v9.15.6755) ...
INFO:p22.p22_i16_slothy_start.split.476_516:INFEASIBLE, wall time: 0.002402 s
INFO:p22.p22_i16_slothy_start.split.476_516:Attempt optimization with max 32 stalls...
INFO:p22.p22_i16_slothy_start.split.476_516:Setting timeout of 30 seconds...
INFO:p22.p22_i16_slothy_start.split.476_516:Objective: None (any satisfying solution is fine)
INFO:p22.p22_i16_slothy_start.split.476_516:Invoking external constraint solver (OR-Tools CP-SAT v9.15.6755) ...
INFO:p22.p22_i16_slothy_start.split.476_516:INFEASIBLE, wall time: 0.007008 s
INFO:p22.p22_i16_slothy_start.split.476_516:Attempt optimization with max 64 stalls...
INFO:p22.p22_i16_slothy_start.split.476_516:Setting timeout of 30 seconds...
INFO:p22.p22_i16_slothy_start.split.476_516:Objective: None (any satisfying solution is fine)
INFO:p22.p22_i16_slothy_start.split.476_516:Invoking external constraint solver (OR-Tools CP-SAT v9.15.6755) ...
INFO:p22.p22_i16_slothy_start.split.476_516:[0.0300s]: Found 1 solutions so far... objective (no objective): currently 0.0, bound 0.0
INFO:p22.p22_i16_slothy_start.split.476_516:[0.0302s]: Found 2 solutions so far... objective (no objective): currently 0.0, bound 0.0
INFO:p22.p22_i16_slothy_start.split.476_516:OPTIMAL, wall time: 0.035322 s
INFO:p22.p22_i16_slothy_start.split.476_516:Booleans in result: 23
INFO:p22.p22_i16_slothy_start.split.476_516.selfcheck:OK!
WARNING:p22:LLVM (llvm-mc, llvm-nm, llvm-readobj) not found, disabling selftest. Consider installing LLVM.
INFO:p22.p22_i16_slothy_start.split.476_516:Attempt optimization with max 48 stalls...
INFO:p22.p22_i16_slothy_start.split.476_516:Setting timeout of 30 seconds...
INFO:p22.p22_i16_slothy_start.split.476_516:Objective: None (any satisfying solution is fine)
INFO:p22.p22_i16_slothy_start.split.476_516:Invoking external constraint solver (OR-Tools CP-SAT v9.15.6755) ...
INFO:p22.p22_i16_slothy_start.split.476_516:[0.0247s]: Found 1 solutions so far... objective (no objective): currently 0.0, bound 0.0
INFO:p22.p22_i16_slothy_start.split.476_516:OPTIMAL, wall time: 0.028065 s
INFO:p22.p22_i16_slothy_start.split.476_516:Booleans in result: 23
INFO:p22.p22_i16_slothy_start.split.476_516.selfcheck:OK!
WARNING:p22:LLVM (llvm-mc, llvm-nm, llvm-readobj) not found, disabling selftest. Consider installing LLVM.
INFO:p22.p22_i16_slothy_start.split.476_516:Attempt optimization with max 40 stalls...
INFO:p22.p22_i16_slothy_start.split.476_516:Setting timeout of 30 seconds...
INFO:p22.p22_i16_slothy_start.split.476_516:Objective: None (any satisfying solution is fine)
INFO:p22.p22_i16_slothy_start.split.476_516:Invoking external constraint solver (OR-Tools CP-SAT v9.15.6755) ...
INFO:p22.p22_i16_slothy_start.split.476_516:[0.0234s]: Found 1 solutions so far... objective (no objective): currently 0.0, bound 0.0
INFO:p22.p22_i16_slothy_start.split.476_516:[0.0236s]: Found 2 solutions so far... objective (no objective): currently 0.0, bound 0.0
INFO:p22.p22_i16_slothy_start.split.476_516:OPTIMAL, wall time: 0.026286 s
INFO:p22.p22_i16_slothy_start.split.476_516:Booleans in result: 122
INFO:p22.p22_i16_slothy_start.split.476_516.selfcheck:OK!
WARNING:p22:LLVM (llvm-mc, llvm-nm, llvm-readobj) not found, disabling selftest. Consider installing LLVM.
INFO:p22.p22_i16_slothy_start.split.476_516:Attempt optimization with max 36 stalls...
INFO:p22.p22_i16_slothy_start.split.476_516:Setting timeout of 30 seconds...
INFO:p22.p22_i16_slothy_start.split.476_516:Objective: None (any satisfying solution is fine)
INFO:p22.p22_i16_slothy_start.split.476_516:Invoking external constraint solver (OR-Tools CP-SAT v9.15.6755) ...
INFO:p22.p22_i16_slothy_start.split.476_516:INFEASIBLE, wall time: 0.012902 s
INFO:p22.p22_i16_slothy_start.split.476_516:Attempt optimization with max 38 stalls...
INFO:p22.p22_i16_slothy_start.split.476_516:Setting timeout of 30 seconds...
INFO:p22.p22_i16_slothy_start.split.476_516:Objective: None (any satisfying solution is fine)
INFO:p22.p22_i16_slothy_start.split.476_516:Invoking external constraint solver (OR-Tools CP-SAT v9.15.6755) ...
INFO:p22.p22_i16_slothy_start.split.476_516:INFEASIBLE, wall time: 0.029102 s
INFO:p22.p22_i16_slothy_start.split.476_516:Attempt optimization with max 39 stalls...
INFO:p22.p22_i16_slothy_start.split.476_516:Setting timeout of 30 seconds...
INFO:p22.p22_i16_slothy_start.split.476_516:Objective: None (any satisfying solution is fine)
INFO:p22.p22_i16_slothy_start.split.476_516:Invoking external constraint solver (OR-Tools CP-SAT v9.15.6755) ...
INFO:p22.p22_i16_slothy_start.split.476_516:[0.0222s]: Found 1 solutions so far... objective (no objective): currently 0.0, bound 0.0
INFO:p22.p22_i16_slothy_start.split.476_516:OPTIMAL, wall time: 0.024946 s
INFO:p22.p22_i16_slothy_start.split.476_516:Booleans in result: 121
INFO:p22.p22_i16_slothy_start.split.476_516.selfcheck:OK!
WARNING:p22:LLVM (llvm-mc, llvm-nm, llvm-readobj) not found, disabling selftest. Consider installing LLVM.
INFO:p22.p22_i16_slothy_start.split.516_556:Perform external binary search for minimal number of stalls...
INFO:p22.p22_i16_slothy_start.split.516_556:Attempt optimization with max 0 stalls...
INFO:p22.p22_i16_slothy_start.split.516_556:Setting timeout of 30 seconds...
INFO:p22.p22_i16_slothy_start.split.516_556:Objective: None (any satisfying solution is fine)
INFO:p22.p22_i16_slothy_start.split.516_556:Invoking external constraint solver (OR-Tools CP-SAT v9.15.6755) ...
INFO:p22.p22_i16_slothy_start.split.516_556:INFEASIBLE, wall time: 0.000953 s
INFO:p22.p22_i16_slothy_start.split.516_556:Attempt optimization with max 1 stalls...
INFO:p22.p22_i16_slothy_start.split.516_556:Setting timeout of 30 seconds...
INFO:p22.p22_i16_slothy_start.split.516_556:Objective: None (any satisfying solution is fine)
INFO:p22.p22_i16_slothy_start.split.516_556:Invoking external constraint solver (OR-Tools CP-SAT v9.15.6755) ...
INFO:p22.p22_i16_slothy_start.split.516_556:INFEASIBLE, wall time: 0.001015 s
INFO:p22.p22_i16_slothy_start.split.516_556:Attempt optimization with max 2 stalls...
INFO:p22.p22_i16_slothy_start.split.516_556:Setting timeout of 30 seconds...
INFO:p22.p22_i16_slothy_start.split.516_556:Objective: None (any satisfying solution is fine)
INFO:p22.p22_i16_slothy_start.split.516_556:Invoking external constraint solver (OR-Tools CP-SAT v9.15.6755) ...
INFO:p22.p22_i16_slothy_start.split.516_556:INFEASIBLE, wall time: 0.001155 s
INFO:p22.p22_i16_slothy_start.split.516_556:Attempt optimization with max 4 stalls...
INFO:p22.p22_i16_slothy_start.split.516_556:Setting timeout of 30 seconds...
INFO:p22.p22_i16_slothy_start.split.516_556:Objective: None (any satisfying solution is fine)
INFO:p22.p22_i16_slothy_start.split.516_556:Invoking external constraint solver (OR-Tools CP-SAT v9.15.6755) ...
INFO:p22.p22_i16_slothy_start.split.516_556:INFEASIBLE, wall time: 0.001049 s
INFO:p22.p22_i16_slothy_start.split.516_556:Attempt optimization with max 8 stalls...
INFO:p22.p22_i16_slothy_start.split.516_556:Setting timeout of 30 seconds...
INFO:p22.p22_i16_slothy_start.split.516_556:Objective: None (any satisfying solution is fine)
INFO:p22.p22_i16_slothy_start.split.516_556:Invoking external constraint solver (OR-Tools CP-SAT v9.15.6755) ...
INFO:p22.p22_i16_slothy_start.split.516_556:INFEASIBLE, wall time: 0.000987 s
INFO:p22.p22_i16_slothy_start.split.516_556:Attempt optimization with max 16 stalls...
INFO:p22.p22_i16_slothy_start.split.516_556:Setting timeout of 30 seconds...
INFO:p22.p22_i16_slothy_start.split.516_556:Objective: None (any satisfying solution is fine)
INFO:p22.p22_i16_slothy_start.split.516_556:Invoking external constraint solver (OR-Tools CP-SAT v9.15.6755) ...
INFO:p22.p22_i16_slothy_start.split.516_556:INFEASIBLE, wall time: 0.001100 s
INFO:p22.p22_i16_slothy_start.split.516_556:Attempt optimization with max 32 stalls...
INFO:p22.p22_i16_slothy_start.split.516_556:Setting timeout of 30 seconds...
INFO:p22.p22_i16_slothy_start.split.516_556:Objective: None (any satisfying solution is fine)
INFO:p22.p22_i16_slothy_start.split.516_556:Invoking external constraint solver (OR-Tools CP-SAT v9.15.6755) ...
INFO:p22.p22_i16_slothy_start.split.516_556:INFEASIBLE, wall time: 0.002873 s
INFO:p22.p22_i16_slothy_start.split.516_556:Attempt optimization with max 64 stalls...
INFO:p22.p22_i16_slothy_start.split.516_556:Setting timeout of 30 seconds...
INFO:p22.p22_i16_slothy_start.split.516_556:Objective: None (any satisfying solution is fine)
INFO:p22.p22_i16_slothy_start.split.516_556:Invoking external constraint solver (OR-Tools CP-SAT v9.15.6755) ...
INFO:p22.p22_i16_slothy_start.split.516_556:[0.0275s]: Found 1 solutions so far... objective (no objective): currently 0.0, bound 0.0
INFO:p22.p22_i16_slothy_start.split.516_556:OPTIMAL, wall time: 0.031516 s
INFO:p22.p22_i16_slothy_start.split.516_556:Booleans in result: 75
INFO:p22.p22_i16_slothy_start.split.516_556.selfcheck:OK!
WARNING:p22:LLVM (llvm-mc, llvm-nm, llvm-readobj) not found, disabling selftest. Consider installing LLVM.
INFO:p22.p22_i16_slothy_start.split.516_556:Attempt optimization with max 48 stalls...
INFO:p22.p22_i16_slothy_start.split.516_556:Setting timeout of 30 seconds...
INFO:p22.p22_i16_slothy_start.split.516_556:Objective: None (any satisfying solution is fine)
INFO:p22.p22_i16_slothy_start.split.516_556:Invoking external constraint solver (OR-Tools CP-SAT v9.15.6755) ...
INFO:p22.p22_i16_slothy_start.split.516_556:INFEASIBLE, wall time: 0.013126 s
INFO:p22.p22_i16_slothy_start.split.516_556:Attempt optimization with max 56 stalls...
INFO:p22.p22_i16_slothy_start.split.516_556:Setting timeout of 30 seconds...
INFO:p22.p22_i16_slothy_start.split.516_556:Objective: None (any satisfying solution is fine)
INFO:p22.p22_i16_slothy_start.split.516_556:Invoking external constraint solver (OR-Tools CP-SAT v9.15.6755) ...
INFO:p22.p22_i16_slothy_start.split.516_556:[0.0253s]: Found 1 solutions so far... objective (no objective): currently 0.0, bound 0.0
INFO:p22.p22_i16_slothy_start.split.516_556:[0.0263s]: Found 2 solutions so far... objective (no objective): currently 0.0, bound 0.0
INFO:p22.p22_i16_slothy_start.split.516_556:[0.0264s]: Found 3 solutions so far... objective (no objective): currently 0.0, bound 0.0
INFO:p22.p22_i16_slothy_start.split.516_556:OPTIMAL, wall time: 0.028648 s
INFO:p22.p22_i16_slothy_start.split.516_556:Booleans in result: 16
INFO:p22.p22_i16_slothy_start.split.516_556.selfcheck:OK!
WARNING:p22:LLVM (llvm-mc, llvm-nm, llvm-readobj) not found, disabling selftest. Consider installing LLVM.
INFO:p22.p22_i16_slothy_start.split.516_556:Attempt optimization with max 52 stalls...
INFO:p22.p22_i16_slothy_start.split.516_556:Setting timeout of 30 seconds...
INFO:p22.p22_i16_slothy_start.split.516_556:Objective: None (any satisfying solution is fine)
INFO:p22.p22_i16_slothy_start.split.516_556:Invoking external constraint solver (OR-Tools CP-SAT v9.15.6755) ...
INFO:p22.p22_i16_slothy_start.split.516_556:[0.0240s]: Found 1 solutions so far... objective (no objective): currently 0.0, bound 0.0
INFO:p22.p22_i16_slothy_start.split.516_556:[0.0242s]: Found 2 solutions so far... objective (no objective): currently 0.0, bound 0.0
INFO:p22.p22_i16_slothy_start.split.516_556:[0.0246s]: Found 3 solutions so far... objective (no objective): currently 0.0, bound 0.0
INFO:p22.p22_i16_slothy_start.split.516_556:[0.0247s]: Found 4 solutions so far... objective (no objective): currently 0.0, bound 0.0
INFO:p22.p22_i16_slothy_start.split.516_556:[0.0247s]: Found 5 solutions so far... objective (no objective): currently 0.0, bound 0.0
INFO:p22.p22_i16_slothy_start.split.516_556:OPTIMAL, wall time: 0.027852 s
INFO:p22.p22_i16_slothy_start.split.516_556:Booleans in result: 83
INFO:p22.p22_i16_slothy_start.split.516_556.selfcheck:OK!
WARNING:p22:LLVM (llvm-mc, llvm-nm, llvm-readobj) not found, disabling selftest. Consider installing LLVM.
INFO:p22.p22_i16_slothy_start.split.516_556:Attempt optimization with max 50 stalls...
INFO:p22.p22_i16_slothy_start.split.516_556:Setting timeout of 30 seconds...
INFO:p22.p22_i16_slothy_start.split.516_556:Objective: None (any satisfying solution is fine)
INFO:p22.p22_i16_slothy_start.split.516_556:Invoking external constraint solver (OR-Tools CP-SAT v9.15.6755) ...
INFO:p22.p22_i16_slothy_start.split.516_556:INFEASIBLE, wall time: 0.026546 s
INFO:p22.p22_i16_slothy_start.split.516_556:Attempt optimization with max 51 stalls...
INFO:p22.p22_i16_slothy_start.split.516_556:Setting timeout of 30 seconds...
INFO:p22.p22_i16_slothy_start.split.516_556:Objective: None (any satisfying solution is fine)
INFO:p22.p22_i16_slothy_start.split.516_556:Invoking external constraint solver (OR-Tools CP-SAT v9.15.6755) ...
INFO:p22.p22_i16_slothy_start.split.516_556:[0.0233s]: Found 1 solutions so far... objective (no objective): currently 0.0, bound 0.0
INFO:p22.p22_i16_slothy_start.split.516_556:OPTIMAL, wall time: 0.025780 s
INFO:p22.p22_i16_slothy_start.split.516_556:Booleans in result: 78
INFO:p22.p22_i16_slothy_start.split.516_556.selfcheck:OK!
WARNING:p22:LLVM (llvm-mc, llvm-nm, llvm-readobj) not found, disabling selftest. Consider installing LLVM.
INFO:p22.p22_i16_slothy_start.split.556_595:Perform external binary search for minimal number of stalls...
INFO:p22.p22_i16_slothy_start.split.556_595:Attempt optimization with max 0 stalls...
INFO:p22.p22_i16_slothy_start.split.556_595:Setting timeout of 30 seconds...
INFO:p22.p22_i16_slothy_start.split.556_595:Objective: None (any satisfying solution is fine)
INFO:p22.p22_i16_slothy_start.split.556_595:Invoking external constraint solver (OR-Tools CP-SAT v9.15.6755) ...
INFO:p22.p22_i16_slothy_start.split.556_595:INFEASIBLE, wall time: 0.000998 s
INFO:p22.p22_i16_slothy_start.split.556_595:Attempt optimization with max 1 stalls...
INFO:p22.p22_i16_slothy_start.split.556_595:Setting timeout of 30 seconds...
INFO:p22.p22_i16_slothy_start.split.556_595:Objective: None (any satisfying solution is fine)
INFO:p22.p22_i16_slothy_start.split.556_595:Invoking external constraint solver (OR-Tools CP-SAT v9.15.6755) ...
INFO:p22.p22_i16_slothy_start.split.556_595:INFEASIBLE, wall time: 0.001089 s
INFO:p22.p22_i16_slothy_start.split.556_595:Attempt optimization with max 2 stalls...
INFO:p22.p22_i16_slothy_start.split.556_595:Setting timeout of 30 seconds...
INFO:p22.p22_i16_slothy_start.split.556_595:Objective: None (any satisfying solution is fine)
INFO:p22.p22_i16_slothy_start.split.556_595:Invoking external constraint solver (OR-Tools CP-SAT v9.15.6755) ...
INFO:p22.p22_i16_slothy_start.split.556_595:INFEASIBLE, wall time: 0.000974 s
INFO:p22.p22_i16_slothy_start.split.556_595:Attempt optimization with max 4 stalls...
INFO:p22.p22_i16_slothy_start.split.556_595:Setting timeout of 30 seconds...
INFO:p22.p22_i16_slothy_start.split.556_595:Objective: None (any satisfying solution is fine)
INFO:p22.p22_i16_slothy_start.split.556_595:Invoking external constraint solver (OR-Tools CP-SAT v9.15.6755) ...
INFO:p22.p22_i16_slothy_start.split.556_595:INFEASIBLE, wall time: 0.001009 s
INFO:p22.p22_i16_slothy_start.split.556_595:Attempt optimization with max 8 stalls...
INFO:p22.p22_i16_slothy_start.split.556_595:Setting timeout of 30 seconds...
INFO:p22.p22_i16_slothy_start.split.556_595:Objective: None (any satisfying solution is fine)
INFO:p22.p22_i16_slothy_start.split.556_595:Invoking external constraint solver (OR-Tools CP-SAT v9.15.6755) ...
INFO:p22.p22_i16_slothy_start.split.556_595:INFEASIBLE, wall time: 0.001067 s
INFO:p22.p22_i16_slothy_start.split.556_595:Attempt optimization with max 16 stalls...
INFO:p22.p22_i16_slothy_start.split.556_595:Setting timeout of 30 seconds...
INFO:p22.p22_i16_slothy_start.split.556_595:Objective: None (any satisfying solution is fine)
INFO:p22.p22_i16_slothy_start.split.556_595:Invoking external constraint solver (OR-Tools CP-SAT v9.15.6755) ...
INFO:p22.p22_i16_slothy_start.split.556_595:INFEASIBLE, wall time: 0.002440 s
INFO:p22.p22_i16_slothy_start.split.556_595:Attempt optimization with max 32 stalls...
INFO:p22.p22_i16_slothy_start.split.556_595:Setting timeout of 30 seconds...
INFO:p22.p22_i16_slothy_start.split.556_595:Objective: None (any satisfying solution is fine)
INFO:p22.p22_i16_slothy_start.split.556_595:Invoking external constraint solver (OR-Tools CP-SAT v9.15.6755) ...
INFO:p22.p22_i16_slothy_start.split.556_595:INFEASIBLE, wall time: 0.005905 s
INFO:p22.p22_i16_slothy_start.split.556_595:Attempt optimization with max 64 stalls...
INFO:p22.p22_i16_slothy_start.split.556_595:Setting timeout of 30 seconds...
INFO:p22.p22_i16_slothy_start.split.556_595:Objective: None (any satisfying solution is fine)
INFO:p22.p22_i16_slothy_start.split.556_595:Invoking external constraint solver (OR-Tools CP-SAT v9.15.6755) ...
INFO:p22.p22_i16_slothy_start.split.556_595:[0.0302s]: Found 1 solutions so far... objective (no objective): currently 0.0, bound 0.0
INFO:p22.p22_i16_slothy_start.split.556_595:[0.0305s]: Found 2 solutions so far... objective (no objective): currently 0.0, bound 0.0
INFO:p22.p22_i16_slothy_start.split.556_595:OPTIMAL, wall time: 0.033166 s
INFO:p22.p22_i16_slothy_start.split.556_595:Booleans in result: 80
INFO:p22.p22_i16_slothy_start.split.556_595.selfcheck:OK!
WARNING:p22:LLVM (llvm-mc, llvm-nm, llvm-readobj) not found, disabling selftest. Consider installing LLVM.
INFO:p22.p22_i16_slothy_start.split.556_595:Attempt optimization with max 48 stalls...
INFO:p22.p22_i16_slothy_start.split.556_595:Setting timeout of 30 seconds...
INFO:p22.p22_i16_slothy_start.split.556_595:Objective: None (any satisfying solution is fine)
INFO:p22.p22_i16_slothy_start.split.556_595:Invoking external constraint solver (OR-Tools CP-SAT v9.15.6755) ...
INFO:p22.p22_i16_slothy_start.split.556_595:[0.0244s]: Found 1 solutions so far... objective (no objective): currently 0.0, bound 0.0
INFO:p22.p22_i16_slothy_start.split.556_595:OPTIMAL, wall time: 0.027814 s
INFO:p22.p22_i16_slothy_start.split.556_595:Booleans in result: 22
INFO:p22.p22_i16_slothy_start.split.556_595.selfcheck:OK!
WARNING:p22:LLVM (llvm-mc, llvm-nm, llvm-readobj) not found, disabling selftest. Consider installing LLVM.
INFO:p22.p22_i16_slothy_start.split.556_595:Attempt optimization with max 40 stalls...
INFO:p22.p22_i16_slothy_start.split.556_595:Setting timeout of 30 seconds...
INFO:p22.p22_i16_slothy_start.split.556_595:Objective: None (any satisfying solution is fine)
INFO:p22.p22_i16_slothy_start.split.556_595:Invoking external constraint solver (OR-Tools CP-SAT v9.15.6755) ...
INFO:p22.p22_i16_slothy_start.split.556_595:INFEASIBLE, wall time: 0.013351 s
INFO:p22.p22_i16_slothy_start.split.556_595:Attempt optimization with max 44 stalls...
INFO:p22.p22_i16_slothy_start.split.556_595:Setting timeout of 30 seconds...
INFO:p22.p22_i16_slothy_start.split.556_595:Objective: None (any satisfying solution is fine)
INFO:p22.p22_i16_slothy_start.split.556_595:Invoking external constraint solver (OR-Tools CP-SAT v9.15.6755) ...
INFO:p22.p22_i16_slothy_start.split.556_595:[0.0224s]: Found 1 solutions so far... objective (no objective): currently 0.0, bound 0.0
INFO:p22.p22_i16_slothy_start.split.556_595:OPTIMAL, wall time: 0.025857 s
INFO:p22.p22_i16_slothy_start.split.556_595:Booleans in result: 80
INFO:p22.p22_i16_slothy_start.split.556_595.selfcheck:OK!
WARNING:p22:LLVM (llvm-mc, llvm-nm, llvm-readobj) not found, disabling selftest. Consider installing LLVM.
INFO:p22.p22_i16_slothy_start.split.556_595:Attempt optimization with max 42 stalls...
INFO:p22.p22_i16_slothy_start.split.556_595:Setting timeout of 30 seconds...
INFO:p22.p22_i16_slothy_start.split.556_595:Objective: None (any satisfying solution is fine)
INFO:p22.p22_i16_slothy_start.split.556_595:Invoking external constraint solver (OR-Tools CP-SAT v9.15.6755) ...
INFO:p22.p22_i16_slothy_start.split.556_595:[0.0217s]: Found 1 solutions so far... objective (no objective): currently 0.0, bound 0.0
INFO:p22.p22_i16_slothy_start.split.556_595:[0.0219s]: Found 2 solutions so far... objective (no objective): currently 0.0, bound 0.0
INFO:p22.p22_i16_slothy_start.split.556_595:OPTIMAL, wall time: 0.024679 s
INFO:p22.p22_i16_slothy_start.split.556_595:Booleans in result: 22
INFO:p22.p22_i16_slothy_start.split.556_595.selfcheck:OK!
WARNING:p22:LLVM (llvm-mc, llvm-nm, llvm-readobj) not found, disabling selftest. Consider installing LLVM.
INFO:p22.p22_i16_slothy_start.split.556_595:Attempt optimization with max 41 stalls...
INFO:p22.p22_i16_slothy_start.split.556_595:Setting timeout of 30 seconds...
INFO:p22.p22_i16_slothy_start.split.556_595:Objective: None (any satisfying solution is fine)
INFO:p22.p22_i16_slothy_start.split.556_595:Invoking external constraint solver (OR-Tools CP-SAT v9.15.6755) ...
INFO:p22.p22_i16_slothy_start.split.556_595:INFEASIBLE, wall time: 0.013977 s
INFO:p22.p22_i16_slothy_start.split.595_635:Perform external binary search for minimal number of stalls...
INFO:p22.p22_i16_slothy_start.split.595_635:Attempt optimization with max 0 stalls...
INFO:p22.p22_i16_slothy_start.split.595_635:Setting timeout of 30 seconds...
INFO:p22.p22_i16_slothy_start.split.595_635:Objective: None (any satisfying solution is fine)
INFO:p22.p22_i16_slothy_start.split.595_635:Invoking external constraint solver (OR-Tools CP-SAT v9.15.6755) ...
INFO:p22.p22_i16_slothy_start.split.595_635:INFEASIBLE, wall time: 0.000910 s
INFO:p22.p22_i16_slothy_start.split.595_635:Attempt optimization with max 1 stalls...
INFO:p22.p22_i16_slothy_start.split.595_635:Setting timeout of 30 seconds...
INFO:p22.p22_i16_slothy_start.split.595_635:Objective: None (any satisfying solution is fine)
INFO:p22.p22_i16_slothy_start.split.595_635:Invoking external constraint solver (OR-Tools CP-SAT v9.15.6755) ...
INFO:p22.p22_i16_slothy_start.split.595_635:INFEASIBLE, wall time: 0.001007 s
INFO:p22.p22_i16_slothy_start.split.595_635:Attempt optimization with max 2 stalls...
INFO:p22.p22_i16_slothy_start.split.595_635:Setting timeout of 30 seconds...
INFO:p22.p22_i16_slothy_start.split.595_635:Objective: None (any satisfying solution is fine)
INFO:p22.p22_i16_slothy_start.split.595_635:Invoking external constraint solver (OR-Tools CP-SAT v9.15.6755) ...
INFO:p22.p22_i16_slothy_start.split.595_635:INFEASIBLE, wall time: 0.000910 s
INFO:p22.p22_i16_slothy_start.split.595_635:Attempt optimization with max 4 stalls...
INFO:p22.p22_i16_slothy_start.split.595_635:Setting timeout of 30 seconds...
INFO:p22.p22_i16_slothy_start.split.595_635:Objective: None (any satisfying solution is fine)
INFO:p22.p22_i16_slothy_start.split.595_635:Invoking external constraint solver (OR-Tools CP-SAT v9.15.6755) ...
INFO:p22.p22_i16_slothy_start.split.595_635:INFEASIBLE, wall time: 0.000997 s
INFO:p22.p22_i16_slothy_start.split.595_635:Attempt optimization with max 8 stalls...
INFO:p22.p22_i16_slothy_start.split.595_635:Setting timeout of 30 seconds...
INFO:p22.p22_i16_slothy_start.split.595_635:Objective: None (any satisfying solution is fine)
INFO:p22.p22_i16_slothy_start.split.595_635:Invoking external constraint solver (OR-Tools CP-SAT v9.15.6755) ...
INFO:p22.p22_i16_slothy_start.split.595_635:INFEASIBLE, wall time: 0.001146 s
INFO:p22.p22_i16_slothy_start.split.595_635:Attempt optimization with max 16 stalls...
INFO:p22.p22_i16_slothy_start.split.595_635:Setting timeout of 30 seconds...
INFO:p22.p22_i16_slothy_start.split.595_635:Objective: None (any satisfying solution is fine)
INFO:p22.p22_i16_slothy_start.split.595_635:Invoking external constraint solver (OR-Tools CP-SAT v9.15.6755) ...
INFO:p22.p22_i16_slothy_start.split.595_635:INFEASIBLE, wall time: 0.002491 s
INFO:p22.p22_i16_slothy_start.split.595_635:Attempt optimization with max 32 stalls...
INFO:p22.p22_i16_slothy_start.split.595_635:Setting timeout of 30 seconds...
INFO:p22.p22_i16_slothy_start.split.595_635:Objective: None (any satisfying solution is fine)
INFO:p22.p22_i16_slothy_start.split.595_635:Invoking external constraint solver (OR-Tools CP-SAT v9.15.6755) ...
INFO:p22.p22_i16_slothy_start.split.595_635:INFEASIBLE, wall time: 0.006881 s
INFO:p22.p22_i16_slothy_start.split.595_635:Attempt optimization with max 64 stalls...
INFO:p22.p22_i16_slothy_start.split.595_635:Setting timeout of 30 seconds...
INFO:p22.p22_i16_slothy_start.split.595_635:Objective: None (any satisfying solution is fine)
INFO:p22.p22_i16_slothy_start.split.595_635:Invoking external constraint solver (OR-Tools CP-SAT v9.15.6755) ...
INFO:p22.p22_i16_slothy_start.split.595_635:[0.0300s]: Found 1 solutions so far... objective (no objective): currently 0.0, bound 0.0
INFO:p22.p22_i16_slothy_start.split.595_635:OPTIMAL, wall time: 0.034431 s
INFO:p22.p22_i16_slothy_start.split.595_635:Booleans in result: 82
INFO:p22.p22_i16_slothy_start.split.595_635.selfcheck:OK!
WARNING:p22:LLVM (llvm-mc, llvm-nm, llvm-readobj) not found, disabling selftest. Consider installing LLVM.
INFO:p22.p22_i16_slothy_start.split.595_635:Attempt optimization with max 48 stalls...
INFO:p22.p22_i16_slothy_start.split.595_635:Setting timeout of 30 seconds...
INFO:p22.p22_i16_slothy_start.split.595_635:Objective: None (any satisfying solution is fine)
INFO:p22.p22_i16_slothy_start.split.595_635:Invoking external constraint solver (OR-Tools CP-SAT v9.15.6755) ...
INFO:p22.p22_i16_slothy_start.split.595_635:[0.0253s]: Found 1 solutions so far... objective (no objective): currently 0.0, bound 0.0
INFO:p22.p22_i16_slothy_start.split.595_635:OPTIMAL, wall time: 0.027919 s
INFO:p22.p22_i16_slothy_start.split.595_635:Booleans in result: 82
INFO:p22.p22_i16_slothy_start.split.595_635.selfcheck:OK!
WARNING:p22:LLVM (llvm-mc, llvm-nm, llvm-readobj) not found, disabling selftest. Consider installing LLVM.
INFO:p22.p22_i16_slothy_start.split.595_635:Attempt optimization with max 40 stalls...
INFO:p22.p22_i16_slothy_start.split.595_635:Setting timeout of 30 seconds...
INFO:p22.p22_i16_slothy_start.split.595_635:Objective: None (any satisfying solution is fine)
INFO:p22.p22_i16_slothy_start.split.595_635:Invoking external constraint solver (OR-Tools CP-SAT v9.15.6755) ...
INFO:p22.p22_i16_slothy_start.split.595_635:INFEASIBLE, wall time: 0.013747 s
INFO:p22.p22_i16_slothy_start.split.595_635:Attempt optimization with max 44 stalls...
INFO:p22.p22_i16_slothy_start.split.595_635:Setting timeout of 30 seconds...
INFO:p22.p22_i16_slothy_start.split.595_635:Objective: None (any satisfying solution is fine)
INFO:p22.p22_i16_slothy_start.split.595_635:Invoking external constraint solver (OR-Tools CP-SAT v9.15.6755) ...
INFO:p22.p22_i16_slothy_start.split.595_635:[0.0225s]: Found 1 solutions so far... objective (no objective): currently 0.0, bound 0.0
INFO:p22.p22_i16_slothy_start.split.595_635:OPTIMAL, wall time: 0.025106 s
INFO:p22.p22_i16_slothy_start.split.595_635:Booleans in result: 82
INFO:p22.p22_i16_slothy_start.split.595_635.selfcheck:OK!
WARNING:p22:LLVM (llvm-mc, llvm-nm, llvm-readobj) not found, disabling selftest. Consider installing LLVM.
INFO:p22.p22_i16_slothy_start.split.595_635:Attempt optimization with max 42 stalls...
INFO:p22.p22_i16_slothy_start.split.595_635:Setting timeout of 30 seconds...
INFO:p22.p22_i16_slothy_start.split.595_635:Objective: None (any satisfying solution is fine)
INFO:p22.p22_i16_slothy_start.split.595_635:Invoking external constraint solver (OR-Tools CP-SAT v9.15.6755) ...
INFO:p22.p22_i16_slothy_start.split.595_635:[0.0222s]: Found 1 solutions so far... objective (no objective): currently 0.0, bound 0.0
INFO:p22.p22_i16_slothy_start.split.595_635:OPTIMAL, wall time: 0.025607 s
INFO:p22.p22_i16_slothy_start.split.595_635:Booleans in result: 84
INFO:p22.p22_i16_slothy_start.split.595_635.selfcheck:OK!
WARNING:p22:LLVM (llvm-mc, llvm-nm, llvm-readobj) not found, disabling selftest. Consider installing LLVM.
INFO:p22.p22_i16_slothy_start.split.595_635:Attempt optimization with max 41 stalls...
INFO:p22.p22_i16_slothy_start.split.595_635:Setting timeout of 30 seconds...
INFO:p22.p22_i16_slothy_start.split.595_635:Objective: None (any satisfying solution is fine)
INFO:p22.p22_i16_slothy_start.split.595_635:Invoking external constraint solver (OR-Tools CP-SAT v9.15.6755) ...
INFO:p22.p22_i16_slothy_start.split.595_635:INFEASIBLE, wall time: 0.014203 s
INFO:p22.p22_i16_slothy_start.split:Initial stalls
INFO:p22.p22_i16_slothy_start.split:[  0- 12]: ************...................... (12)
INFO:p22.p22_i16_slothy_start.split:[ 12- 25]: *******************............... (19)
INFO:p22.p22_i16_slothy_start.split:[ 25- 38]: **********************............ (22)
INFO:p22.p22_i16_slothy_start.split:[ 38- 50]: **************************........ (26)
INFO:p22.p22_i16_slothy_start.split:[ 50- 63]: ******************************.... (30)
INFO:p22.p22_i16_slothy_start.split:[ 63- 76]: *********************************. (33)
INFO:p22.p22_i16_slothy_start.split:[ 76- 88]: ********************************.. (32)
INFO:p22.p22_i16_slothy_start.split:[ 88-101]: ********************************.. (32)
INFO:p22.p22_i16_slothy_start.split:[101-114]: ********************************.. (32)
INFO:p22.p22_i16_slothy_start.split:[114-127]: *******************************... (31)
INFO:p22.p22_i16_slothy_start.split:[127-139]: ******************************.... (30)
INFO:p22.p22_i16_slothy_start.split:[139-152]: *****************************..... (29)
INFO:p22.p22_i16_slothy_start.split:[152-165]: **************************........ (26)
INFO:p22.p22_i16_slothy_start.split:[165-177]: ***************************....... (27)
INFO:p22.p22_i16_slothy_start.split:[177-190]: *************************......... (25)
INFO:p22.p22_i16_slothy_start.split:[190-203]: ****************************...... (28)
INFO:p22.p22_i16_slothy_start.split:[203-215]: ***************************....... (27)
INFO:p22.p22_i16_slothy_start.split:[215-228]: ***************************....... (27)
INFO:p22.p22_i16_slothy_start.split:[228-241]: ****************************...... (28)
INFO:p22.p22_i16_slothy_start.split:[241-254]: ************************.......... (24)
INFO:p22.p22_i16_slothy_start.split:[254-266]: ****************************...... (28)
INFO:p22.p22_i16_slothy_start.split:[266-279]: **************************........ (26)
INFO:p22.p22_i16_slothy_start.split:[279-292]: ****************************...... (28)
INFO:p22.p22_i16_slothy_start.split:[292-304]: ****************************...... (28)
INFO:p22.p22_i16_slothy_start.split:[304-317]: ***************************....... (27)
INFO:p22.p22_i16_slothy_start.split:[317-330]: ******************************.... (30)
INFO:p22.p22_i16_slothy_start.split:[330-342]: ***************************....... (27)
INFO:p22.p22_i16_slothy_start.split:[342-355]: *******************************... (31)
INFO:p22.p22_i16_slothy_start.split:[355-368]: ****************************...... (28)
INFO:p22.p22_i16_slothy_start.split:[368-381]: *****************************..... (29)
INFO:p22.p22_i16_slothy_start.split:[381-393]: ******************************.... (30)
INFO:p22.p22_i16_slothy_start.split:[393-406]: ***************************....... (27)
INFO:p22.p22_i16_slothy_start.split:[406-419]: ******************************.... (30)
INFO:p22.p22_i16_slothy_start.split:[419-431]: ***************************....... (27)
INFO:p22.p22_i16_slothy_start.split:[431-444]: ****************************...... (28)
INFO:p22.p22_i16_slothy_start.split:[444-457]: ***************************....... (27)
INFO:p22.p22_i16_slothy_start.split:[457-469]: *************************......... (25)
INFO:p22.p22_i16_slothy_start.split:[469-482]: ***************************....... (27)
INFO:p22.p22_i16_slothy_start.split:[482-495]: *************************......... (25)
INFO:p22.p22_i16_slothy_start.split:[495-508]: *************************......... (25)
INFO:p22.p22_i16_slothy_start.split:[508-520]: ***********************........... (23)
INFO:p22.p22_i16_slothy_start.split:[520-533]: ***********************........... (23)
INFO:p22.p22_i16_slothy_start.split:[533-546]: ***************************....... (27)
INFO:p22.p22_i16_slothy_start.split:[546-558]: **************************........ (26)
INFO:p22.p22_i16_slothy_start.split:[558-571]: ******************************.... (30)
INFO:p22.p22_i16_slothy_start.split:[571-584]: ****************************...... (28)
INFO:p22.p22_i16_slothy_start.split:[584-596]: *****************************..... (29)
INFO:p22.p22_i16_slothy_start.split:[596-609]: ******************************.... (30)
INFO:p22.p22_i16_slothy_start.split:[609-622]: **************************........ (26)
INFO:p22.p22_i16_slothy_start.split:[622-635]: ******************................ (18)
INFO:p22.p22_i16_slothy_start.split.0_40:Perform external binary search for minimal number of stalls...
INFO:p22.p22_i16_slothy_start.split.0_40:Attempt optimization with max 0 stalls...
INFO:p22.p22_i16_slothy_start.split.0_40:Setting timeout of 30 seconds...
INFO:p22.p22_i16_slothy_start.split.0_40:Objective: None (any satisfying solution is fine)
INFO:p22.p22_i16_slothy_start.split.0_40:Invoking external constraint solver (OR-Tools CP-SAT v9.15.6755) ...
INFO:p22.p22_i16_slothy_start.split.0_40:INFEASIBLE, wall time: 0.000874 s
INFO:p22.p22_i16_slothy_start.split.0_40:Attempt optimization with max 1 stalls...
INFO:p22.p22_i16_slothy_start.split.0_40:Setting timeout of 30 seconds...
INFO:p22.p22_i16_slothy_start.split.0_40:Objective: None (any satisfying solution is fine)
INFO:p22.p22_i16_slothy_start.split.0_40:Invoking external constraint solver (OR-Tools CP-SAT v9.15.6755) ...
INFO:p22.p22_i16_slothy_start.split.0_40:INFEASIBLE, wall time: 0.000766 s
INFO:p22.p22_i16_slothy_start.split.0_40:Attempt optimization with max 2 stalls...
INFO:p22.p22_i16_slothy_start.split.0_40:Setting timeout of 30 seconds...
INFO:p22.p22_i16_slothy_start.split.0_40:Objective: None (any satisfying solution is fine)
INFO:p22.p22_i16_slothy_start.split.0_40:Invoking external constraint solver (OR-Tools CP-SAT v9.15.6755) ...
INFO:p22.p22_i16_slothy_start.split.0_40:INFEASIBLE, wall time: 0.000978 s
INFO:p22.p22_i16_slothy_start.split.0_40:Attempt optimization with max 4 stalls...
INFO:p22.p22_i16_slothy_start.split.0_40:Setting timeout of 30 seconds...
INFO:p22.p22_i16_slothy_start.split.0_40:Objective: None (any satisfying solution is fine)
INFO:p22.p22_i16_slothy_start.split.0_40:Invoking external constraint solver (OR-Tools CP-SAT v9.15.6755) ...
INFO:p22.p22_i16_slothy_start.split.0_40:INFEASIBLE, wall time: 0.006355 s
INFO:p22.p22_i16_slothy_start.split.0_40:Attempt optimization with max 8 stalls...
INFO:p22.p22_i16_slothy_start.split.0_40:Setting timeout of 30 seconds...
INFO:p22.p22_i16_slothy_start.split.0_40:Objective: None (any satisfying solution is fine)
INFO:p22.p22_i16_slothy_start.split.0_40:Invoking external constraint solver (OR-Tools CP-SAT v9.15.6755) ...
INFO:p22.p22_i16_slothy_start.split.0_40:INFEASIBLE, wall time: 0.009001 s
INFO:p22.p22_i16_slothy_start.split.0_40:Attempt optimization with max 16 stalls...
INFO:p22.p22_i16_slothy_start.split.0_40:Setting timeout of 30 seconds...
INFO:p22.p22_i16_slothy_start.split.0_40:Objective: None (any satisfying solution is fine)
INFO:p22.p22_i16_slothy_start.split.0_40:Invoking external constraint solver (OR-Tools CP-SAT v9.15.6755) ...
INFO:p22.p22_i16_slothy_start.split.0_40:[0.0538s]: Found 1 solutions so far... objective (no objective): currently 0.0, bound 0.0
INFO:p22.p22_i16_slothy_start.split.0_40:OPTIMAL, wall time: 0.056567 s
INFO:p22.p22_i16_slothy_start.split.0_40:Booleans in result: 219
INFO:p22.p22_i16_slothy_start.split.0_40.selfcheck:OK!
WARNING:p22:LLVM (llvm-mc, llvm-nm, llvm-readobj) not found, disabling selftest. Consider installing LLVM.
INFO:p22.p22_i16_slothy_start.split.0_40:Attempt optimization with max 12 stalls...
INFO:p22.p22_i16_slothy_start.split.0_40:Setting timeout of 30 seconds...
INFO:p22.p22_i16_slothy_start.split.0_40:Objective: None (any satisfying solution is fine)
INFO:p22.p22_i16_slothy_start.split.0_40:Invoking external constraint solver (OR-Tools CP-SAT v9.15.6755) ...
INFO:p22.p22_i16_slothy_start.split.0_40:[0.1123s]: Found 1 solutions so far... objective (no objective): currently 0.0, bound 0.0
INFO:p22.p22_i16_slothy_start.split.0_40:OPTIMAL, wall time: 0.115447 s
INFO:p22.p22_i16_slothy_start.split.0_40:Booleans in result: 284
INFO:p22.p22_i16_slothy_start.split.0_40.selfcheck:OK!
WARNING:p22:LLVM (llvm-mc, llvm-nm, llvm-readobj) not found, disabling selftest. Consider installing LLVM.
INFO:p22.p22_i16_slothy_start.split.0_40:Attempt optimization with max 10 stalls...
INFO:p22.p22_i16_slothy_start.split.0_40:Setting timeout of 30 seconds...
INFO:p22.p22_i16_slothy_start.split.0_40:Objective: None (any satisfying solution is fine)
INFO:p22.p22_i16_slothy_start.split.0_40:Invoking external constraint solver (OR-Tools CP-SAT v9.15.6755) ...
INFO:p22.p22_i16_slothy_start.split.0_40:INFEASIBLE, wall time: 0.739711 s
INFO:p22.p22_i16_slothy_start.split.0_40:Attempt optimization with max 11 stalls...
INFO:p22.p22_i16_slothy_start.split.0_40:Setting timeout of 30 seconds...
INFO:p22.p22_i16_slothy_start.split.0_40:Objective: None (any satisfying solution is fine)
INFO:p22.p22_i16_slothy_start.split.0_40:Invoking external constraint solver (OR-Tools CP-SAT v9.15.6755) ...
INFO:p22.p22_i16_slothy_start.split.0_40:[0.0587s]: Found 1 solutions so far... objective (no objective): currently 0.0, bound 0.0
INFO:p22.p22_i16_slothy_start.split.0_40:OPTIMAL, wall time: 0.061652 s
INFO:p22.p22_i16_slothy_start.split.0_40:Booleans in result: 239
INFO:p22.p22_i16_slothy_start.split.0_40.selfcheck:OK!
WARNING:p22:LLVM (llvm-mc, llvm-nm, llvm-readobj) not found, disabling selftest. Consider installing LLVM.
INFO:p22.p22_i16_slothy_start.split:[  0- 12]: **********........................ (10)
INFO:p22.p22_i16_slothy_start.split:[ 12- 25]: ******************................ (18)
INFO:p22.p22_i16_slothy_start.split:[ 25- 38]: **********************............ (22)
INFO:p22.p22_i16_slothy_start.split:[ 38- 50]: **************************........ (26)
INFO:p22.p22_i16_slothy_start.split:[ 50- 63]: *****************************..... (29)
INFO:p22.p22_i16_slothy_start.split:[ 63- 76]: *********************************. (33)
INFO:p22.p22_i16_slothy_start.split:[ 76- 88]: ********************************.. (32)
INFO:p22.p22_i16_slothy_start.split:[ 88-101]: ********************************.. (32)
INFO:p22.p22_i16_slothy_start.split:[101-114]: ********************************.. (32)
INFO:p22.p22_i16_slothy_start.split:[114-127]: *******************************... (31)
INFO:p22.p22_i16_slothy_start.split:[127-139]: ******************************.... (30)
INFO:p22.p22_i16_slothy_start.split:[139-152]: *****************************..... (29)
INFO:p22.p22_i16_slothy_start.split:[152-165]: **************************........ (26)
INFO:p22.p22_i16_slothy_start.split:[165-177]: ***************************....... (27)
INFO:p22.p22_i16_slothy_start.split:[177-190]: *************************......... (25)
INFO:p22.p22_i16_slothy_start.split:[190-203]: ****************************...... (28)
INFO:p22.p22_i16_slothy_start.split:[203-215]: ***************************....... (27)
INFO:p22.p22_i16_slothy_start.split:[215-228]: ***************************....... (27)
INFO:p22.p22_i16_slothy_start.split:[228-241]: ****************************...... (28)
INFO:p22.p22_i16_slothy_start.split:[241-254]: ************************.......... (24)
INFO:p22.p22_i16_slothy_start.split:[254-266]: ****************************...... (28)
INFO:p22.p22_i16_slothy_start.split:[266-279]: **************************........ (26)
INFO:p22.p22_i16_slothy_start.split:[279-292]: ****************************...... (28)
INFO:p22.p22_i16_slothy_start.split:[292-304]: ****************************...... (28)
INFO:p22.p22_i16_slothy_start.split:[304-317]: ***************************....... (27)
INFO:p22.p22_i16_slothy_start.split:[317-330]: ******************************.... (30)
INFO:p22.p22_i16_slothy_start.split:[330-342]: ***************************....... (27)
INFO:p22.p22_i16_slothy_start.split:[342-355]: *******************************... (31)
INFO:p22.p22_i16_slothy_start.split:[355-368]: ****************************...... (28)
INFO:p22.p22_i16_slothy_start.split:[368-381]: *****************************..... (29)
INFO:p22.p22_i16_slothy_start.split:[381-393]: ******************************.... (30)
INFO:p22.p22_i16_slothy_start.split:[393-406]: ***************************....... (27)
INFO:p22.p22_i16_slothy_start.split:[406-419]: ******************************.... (30)
INFO:p22.p22_i16_slothy_start.split:[419-431]: ***************************....... (27)
INFO:p22.p22_i16_slothy_start.split:[431-444]: ****************************...... (28)
INFO:p22.p22_i16_slothy_start.split:[444-457]: ***************************....... (27)
INFO:p22.p22_i16_slothy_start.split:[457-469]: *************************......... (25)
INFO:p22.p22_i16_slothy_start.split:[469-482]: ***************************....... (27)
INFO:p22.p22_i16_slothy_start.split:[482-495]: *************************......... (25)
INFO:p22.p22_i16_slothy_start.split:[495-508]: *************************......... (25)
INFO:p22.p22_i16_slothy_start.split:[508-520]: ***********************........... (23)
INFO:p22.p22_i16_slothy_start.split:[520-533]: ***********************........... (23)
INFO:p22.p22_i16_slothy_start.split:[533-546]: ***************************....... (27)
INFO:p22.p22_i16_slothy_start.split:[546-558]: **************************........ (26)
INFO:p22.p22_i16_slothy_start.split:[558-571]: ******************************.... (30)
INFO:p22.p22_i16_slothy_start.split:[571-584]: ****************************...... (28)
INFO:p22.p22_i16_slothy_start.split:[584-596]: *****************************..... (29)
INFO:p22.p22_i16_slothy_start.split:[596-609]: ******************************.... (30)
INFO:p22.p22_i16_slothy_start.split:[609-622]: **************************........ (26)
INFO:p22.p22_i16_slothy_start.split:[622-635]: ******************................ (18)
INFO:p22.p22_i16_slothy_start.split.25_65:Perform external binary search for minimal number of stalls...
INFO:p22.p22_i16_slothy_start.split.25_65:Attempt optimization with max 0 stalls...
INFO:p22.p22_i16_slothy_start.split.25_65:Setting timeout of 30 seconds...
INFO:p22.p22_i16_slothy_start.split.25_65:Objective: None (any satisfying solution is fine)
INFO:p22.p22_i16_slothy_start.split.25_65:Invoking external constraint solver (OR-Tools CP-SAT v9.15.6755) ...
INFO:p22.p22_i16_slothy_start.split.25_65:INFEASIBLE, wall time: 0.000867 s
INFO:p22.p22_i16_slothy_start.split.25_65:Attempt optimization with max 1 stalls...
INFO:p22.p22_i16_slothy_start.split.25_65:Setting timeout of 30 seconds...
INFO:p22.p22_i16_slothy_start.split.25_65:Objective: None (any satisfying solution is fine)
INFO:p22.p22_i16_slothy_start.split.25_65:Invoking external constraint solver (OR-Tools CP-SAT v9.15.6755) ...
INFO:p22.p22_i16_slothy_start.split.25_65:INFEASIBLE, wall time: 0.000981 s
INFO:p22.p22_i16_slothy_start.split.25_65:Attempt optimization with max 2 stalls...
INFO:p22.p22_i16_slothy_start.split.25_65:Setting timeout of 30 seconds...
INFO:p22.p22_i16_slothy_start.split.25_65:Objective: None (any satisfying solution is fine)
INFO:p22.p22_i16_slothy_start.split.25_65:Invoking external constraint solver (OR-Tools CP-SAT v9.15.6755) ...
INFO:p22.p22_i16_slothy_start.split.25_65:INFEASIBLE, wall time: 0.001070 s
INFO:p22.p22_i16_slothy_start.split.25_65:Attempt optimization with max 4 stalls...
INFO:p22.p22_i16_slothy_start.split.25_65:Setting timeout of 30 seconds...
INFO:p22.p22_i16_slothy_start.split.25_65:Objective: None (any satisfying solution is fine)
INFO:p22.p22_i16_slothy_start.split.25_65:Invoking external constraint solver (OR-Tools CP-SAT v9.15.6755) ...
INFO:p22.p22_i16_slothy_start.split.25_65:INFEASIBLE, wall time: 0.000885 s
INFO:p22.p22_i16_slothy_start.split.25_65:Attempt optimization with max 8 stalls...
INFO:p22.p22_i16_slothy_start.split.25_65:Setting timeout of 30 seconds...
INFO:p22.p22_i16_slothy_start.split.25_65:Objective: None (any satisfying solution is fine)
INFO:p22.p22_i16_slothy_start.split.25_65:Invoking external constraint solver (OR-Tools CP-SAT v9.15.6755) ...
INFO:p22.p22_i16_slothy_start.split.25_65:INFEASIBLE, wall time: 0.008083 s
INFO:p22.p22_i16_slothy_start.split.25_65:Attempt optimization with max 16 stalls...
INFO:p22.p22_i16_slothy_start.split.25_65:Setting timeout of 30 seconds...
INFO:p22.p22_i16_slothy_start.split.25_65:Objective: None (any satisfying solution is fine)
INFO:p22.p22_i16_slothy_start.split.25_65:Invoking external constraint solver (OR-Tools CP-SAT v9.15.6755) ...
INFO:p22.p22_i16_slothy_start.split.25_65:INFEASIBLE, wall time: 0.003259 s
INFO:p22.p22_i16_slothy_start.split.25_65:Attempt optimization with max 32 stalls...
INFO:p22.p22_i16_slothy_start.split.25_65:Setting timeout of 30 seconds...
INFO:p22.p22_i16_slothy_start.split.25_65:Objective: None (any satisfying solution is fine)
INFO:p22.p22_i16_slothy_start.split.25_65:Invoking external constraint solver (OR-Tools CP-SAT v9.15.6755) ...
INFO:p22.p22_i16_slothy_start.split.25_65:[0.0132s]: Found 1 solutions so far... objective (no objective): currently 0.0, bound 0.0
INFO:p22.p22_i16_slothy_start.split.25_65:OPTIMAL, wall time: 0.015741 s
INFO:p22.p22_i16_slothy_start.split.25_65:Booleans in result: 99
INFO:p22.p22_i16_slothy_start.split.25_65.selfcheck:OK!
WARNING:p22:LLVM (llvm-mc, llvm-nm, llvm-readobj) not found, disabling selftest. Consider installing LLVM.
INFO:p22.p22_i16_slothy_start.split.25_65:Attempt optimization with max 24 stalls...
INFO:p22.p22_i16_slothy_start.split.25_65:Setting timeout of 30 seconds...
INFO:p22.p22_i16_slothy_start.split.25_65:Objective: None (any satisfying solution is fine)
INFO:p22.p22_i16_slothy_start.split.25_65:Invoking external constraint solver (OR-Tools CP-SAT v9.15.6755) ...
INFO:p22.p22_i16_slothy_start.split.25_65:[0.0125s]: Found 1 solutions so far... objective (no objective): currently 0.0, bound 0.0
INFO:p22.p22_i16_slothy_start.split.25_65:OPTIMAL, wall time: 0.015283 s
INFO:p22.p22_i16_slothy_start.split.25_65:Booleans in result: 99
INFO:p22.p22_i16_slothy_start.split.25_65.selfcheck:OK!
WARNING:p22:LLVM (llvm-mc, llvm-nm, llvm-readobj) not found, disabling selftest. Consider installing LLVM.
INFO:p22.p22_i16_slothy_start.split.25_65:Attempt optimization with max 20 stalls...
INFO:p22.p22_i16_slothy_start.split.25_65:Setting timeout of 30 seconds...
INFO:p22.p22_i16_slothy_start.split.25_65:Objective: None (any satisfying solution is fine)
INFO:p22.p22_i16_slothy_start.split.25_65:Invoking external constraint solver (OR-Tools CP-SAT v9.15.6755) ...
INFO:p22.p22_i16_slothy_start.split.25_65:[0.0274s]: Found 1 solutions so far... objective (no objective): currently 0.0, bound 0.0
INFO:p22.p22_i16_slothy_start.split.25_65:OPTIMAL, wall time: 0.030480 s
INFO:p22.p22_i16_slothy_start.split.25_65:Booleans in result: 248
INFO:p22.p22_i16_slothy_start.split.25_65.selfcheck:OK!
WARNING:p22:LLVM (llvm-mc, llvm-nm, llvm-readobj) not found, disabling selftest. Consider installing LLVM.
INFO:p22.p22_i16_slothy_start.split.25_65:Attempt optimization with max 18 stalls...
INFO:p22.p22_i16_slothy_start.split.25_65:Setting timeout of 30 seconds...
INFO:p22.p22_i16_slothy_start.split.25_65:Objective: None (any satisfying solution is fine)
INFO:p22.p22_i16_slothy_start.split.25_65:Invoking external constraint solver (OR-Tools CP-SAT v9.15.6755) ...
INFO:p22.p22_i16_slothy_start.split.25_65:INFEASIBLE, wall time: 0.020545 s
INFO:p22.p22_i16_slothy_start.split.25_65:Attempt optimization with max 19 stalls...
INFO:p22.p22_i16_slothy_start.split.25_65:Setting timeout of 30 seconds...
INFO:p22.p22_i16_slothy_start.split.25_65:Objective: None (any satisfying solution is fine)
INFO:p22.p22_i16_slothy_start.split.25_65:Invoking external constraint solver (OR-Tools CP-SAT v9.15.6755) ...
INFO:p22.p22_i16_slothy_start.split.25_65:[0.0255s]: Found 1 solutions so far... objective (no objective): currently 0.0, bound 0.0
INFO:p22.p22_i16_slothy_start.split.25_65:OPTIMAL, wall time: 0.028158 s
INFO:p22.p22_i16_slothy_start.split.25_65:Booleans in result: 242
INFO:p22.p22_i16_slothy_start.split.25_65.selfcheck:OK!
WARNING:p22:LLVM (llvm-mc, llvm-nm, llvm-readobj) not found, disabling selftest. Consider installing LLVM.
INFO:p22.p22_i16_slothy_start.split:[  0- 12]: *********......................... (9)
INFO:p22.p22_i16_slothy_start.split:[ 12- 25]: ****************.................. (16)
INFO:p22.p22_i16_slothy_start.split:[ 25- 38]: ********************.............. (20)
INFO:p22.p22_i16_slothy_start.split:[ 38- 50]: ************************.......... (24)
INFO:p22.p22_i16_slothy_start.split:[ 50- 63]: ****************************...... (28)
INFO:p22.p22_i16_slothy_start.split:[ 63- 76]: *******************************... (31)
INFO:p22.p22_i16_slothy_start.split:[ 76- 88]: ********************************.. (32)
INFO:p22.p22_i16_slothy_start.split:[ 88-101]: ********************************.. (32)
INFO:p22.p22_i16_slothy_start.split:[101-114]: ********************************.. (32)
INFO:p22.p22_i16_slothy_start.split:[114-127]: *******************************... (31)
INFO:p22.p22_i16_slothy_start.split:[127-139]: ******************************.... (30)
INFO:p22.p22_i16_slothy_start.split:[139-152]: *****************************..... (29)
INFO:p22.p22_i16_slothy_start.split:[152-165]: **************************........ (26)
INFO:p22.p22_i16_slothy_start.split:[165-177]: ***************************....... (27)
INFO:p22.p22_i16_slothy_start.split:[177-190]: *************************......... (25)
INFO:p22.p22_i16_slothy_start.split:[190-203]: ****************************...... (28)
INFO:p22.p22_i16_slothy_start.split:[203-215]: ***************************....... (27)
INFO:p22.p22_i16_slothy_start.split:[215-228]: ***************************....... (27)
INFO:p22.p22_i16_slothy_start.split:[228-241]: ****************************...... (28)
INFO:p22.p22_i16_slothy_start.split:[241-254]: ************************.......... (24)
INFO:p22.p22_i16_slothy_start.split:[254-266]: ****************************...... (28)
INFO:p22.p22_i16_slothy_start.split:[266-279]: **************************........ (26)
INFO:p22.p22_i16_slothy_start.split:[279-292]: ****************************...... (28)
INFO:p22.p22_i16_slothy_start.split:[292-304]: ****************************...... (28)
INFO:p22.p22_i16_slothy_start.split:[304-317]: ***************************....... (27)
INFO:p22.p22_i16_slothy_start.split:[317-330]: ******************************.... (30)
INFO:p22.p22_i16_slothy_start.split:[330-342]: ***************************....... (27)
INFO:p22.p22_i16_slothy_start.split:[342-355]: *******************************... (31)
INFO:p22.p22_i16_slothy_start.split:[355-368]: ****************************...... (28)
INFO:p22.p22_i16_slothy_start.split:[368-381]: *****************************..... (29)
INFO:p22.p22_i16_slothy_start.split:[381-393]: ******************************.... (30)
INFO:p22.p22_i16_slothy_start.split:[393-406]: ***************************....... (27)
INFO:p22.p22_i16_slothy_start.split:[406-419]: ******************************.... (30)
INFO:p22.p22_i16_slothy_start.split:[419-431]: ***************************....... (27)
INFO:p22.p22_i16_slothy_start.split:[431-444]: ****************************...... (28)
INFO:p22.p22_i16_slothy_start.split:[444-457]: ***************************....... (27)
INFO:p22.p22_i16_slothy_start.split:[457-469]: *************************......... (25)
INFO:p22.p22_i16_slothy_start.split:[469-482]: ***************************....... (27)
INFO:p22.p22_i16_slothy_start.split:[482-495]: *************************......... (25)
INFO:p22.p22_i16_slothy_start.split:[495-508]: *************************......... (25)
INFO:p22.p22_i16_slothy_start.split:[508-520]: ***********************........... (23)
INFO:p22.p22_i16_slothy_start.split:[520-533]: ***********************........... (23)
INFO:p22.p22_i16_slothy_start.split:[533-546]: ***************************....... (27)
INFO:p22.p22_i16_slothy_start.split:[546-558]: **************************........ (26)
INFO:p22.p22_i16_slothy_start.split:[558-571]: ******************************.... (30)
INFO:p22.p22_i16_slothy_start.split:[571-584]: ****************************...... (28)
INFO:p22.p22_i16_slothy_start.split:[584-596]: *****************************..... (29)
INFO:p22.p22_i16_slothy_start.split:[596-609]: ******************************.... (30)
INFO:p22.p22_i16_slothy_start.split:[609-622]: **************************........ (26)
INFO:p22.p22_i16_slothy_start.split:[622-635]: ******************................ (18)
INFO:p22.p22_i16_slothy_start.split.51_90:Perform external binary search for minimal number of stalls...
INFO:p22.p22_i16_slothy_start.split.51_90:Attempt optimization with max 0 stalls...
INFO:p22.p22_i16_slothy_start.split.51_90:Setting timeout of 30 seconds...
INFO:p22.p22_i16_slothy_start.split.51_90:Objective: None (any satisfying solution is fine)
INFO:p22.p22_i16_slothy_start.split.51_90:Invoking external constraint solver (OR-Tools CP-SAT v9.15.6755) ...
INFO:p22.p22_i16_slothy_start.split.51_90:INFEASIBLE, wall time: 0.000941 s
INFO:p22.p22_i16_slothy_start.split.51_90:Attempt optimization with max 1 stalls...
INFO:p22.p22_i16_slothy_start.split.51_90:Setting timeout of 30 seconds...
INFO:p22.p22_i16_slothy_start.split.51_90:Objective: None (any satisfying solution is fine)
INFO:p22.p22_i16_slothy_start.split.51_90:Invoking external constraint solver (OR-Tools CP-SAT v9.15.6755) ...
INFO:p22.p22_i16_slothy_start.split.51_90:INFEASIBLE, wall time: 0.001006 s
INFO:p22.p22_i16_slothy_start.split.51_90:Attempt optimization with max 2 stalls...
INFO:p22.p22_i16_slothy_start.split.51_90:Setting timeout of 30 seconds...
INFO:p22.p22_i16_slothy_start.split.51_90:Objective: None (any satisfying solution is fine)
INFO:p22.p22_i16_slothy_start.split.51_90:Invoking external constraint solver (OR-Tools CP-SAT v9.15.6755) ...
INFO:p22.p22_i16_slothy_start.split.51_90:INFEASIBLE, wall time: 0.000925 s
INFO:p22.p22_i16_slothy_start.split.51_90:Attempt optimization with max 4 stalls...
INFO:p22.p22_i16_slothy_start.split.51_90:Setting timeout of 30 seconds...
INFO:p22.p22_i16_slothy_start.split.51_90:Objective: None (any satisfying solution is fine)
INFO:p22.p22_i16_slothy_start.split.51_90:Invoking external constraint solver (OR-Tools CP-SAT v9.15.6755) ...
INFO:p22.p22_i16_slothy_start.split.51_90:INFEASIBLE, wall time: 0.000903 s
INFO:p22.p22_i16_slothy_start.split.51_90:Attempt optimization with max 8 stalls...
INFO:p22.p22_i16_slothy_start.split.51_90:Setting timeout of 30 seconds...
INFO:p22.p22_i16_slothy_start.split.51_90:Objective: None (any satisfying solution is fine)
INFO:p22.p22_i16_slothy_start.split.51_90:Invoking external constraint solver (OR-Tools CP-SAT v9.15.6755) ...
INFO:p22.p22_i16_slothy_start.split.51_90:INFEASIBLE, wall time: 0.005624 s
INFO:p22.p22_i16_slothy_start.split.51_90:Attempt optimization with max 16 stalls...
INFO:p22.p22_i16_slothy_start.split.51_90:Setting timeout of 30 seconds...
INFO:p22.p22_i16_slothy_start.split.51_90:Objective: None (any satisfying solution is fine)
INFO:p22.p22_i16_slothy_start.split.51_90:Invoking external constraint solver (OR-Tools CP-SAT v9.15.6755) ...
INFO:p22.p22_i16_slothy_start.split.51_90:INFEASIBLE, wall time: 0.003015 s
INFO:p22.p22_i16_slothy_start.split.51_90:Attempt optimization with max 32 stalls...
INFO:p22.p22_i16_slothy_start.split.51_90:Setting timeout of 30 seconds...
INFO:p22.p22_i16_slothy_start.split.51_90:Objective: None (any satisfying solution is fine)
INFO:p22.p22_i16_slothy_start.split.51_90:Invoking external constraint solver (OR-Tools CP-SAT v9.15.6755) ...
INFO:p22.p22_i16_slothy_start.split.51_90:INFEASIBLE, wall time: 0.018079 s
INFO:p22.p22_i16_slothy_start.split.51_90:Attempt optimization with max 64 stalls...
INFO:p22.p22_i16_slothy_start.split.51_90:Setting timeout of 30 seconds...
INFO:p22.p22_i16_slothy_start.split.51_90:Objective: None (any satisfying solution is fine)
INFO:p22.p22_i16_slothy_start.split.51_90:Invoking external constraint solver (OR-Tools CP-SAT v9.15.6755) ...
INFO:p22.p22_i16_slothy_start.split.51_90:[0.0136s]: Found 1 solutions so far... objective (no objective): currently 0.0, bound 0.0
INFO:p22.p22_i16_slothy_start.split.51_90:OPTIMAL, wall time: 0.016666 s
INFO:p22.p22_i16_slothy_start.split.51_90:Booleans in result: 103
INFO:p22.p22_i16_slothy_start.split.51_90.selfcheck:OK!
WARNING:p22:LLVM (llvm-mc, llvm-nm, llvm-readobj) not found, disabling selftest. Consider installing LLVM.
INFO:p22.p22_i16_slothy_start.split.51_90:Attempt optimization with max 48 stalls...
INFO:p22.p22_i16_slothy_start.split.51_90:Setting timeout of 30 seconds...
INFO:p22.p22_i16_slothy_start.split.51_90:Objective: None (any satisfying solution is fine)
INFO:p22.p22_i16_slothy_start.split.51_90:Invoking external constraint solver (OR-Tools CP-SAT v9.15.6755) ...
INFO:p22.p22_i16_slothy_start.split.51_90:[0.0120s]: Found 1 solutions so far... objective (no objective): currently 0.0, bound 0.0
INFO:p22.p22_i16_slothy_start.split.51_90:OPTIMAL, wall time: 0.014709 s
INFO:p22.p22_i16_slothy_start.split.51_90:Booleans in result: 89
INFO:p22.p22_i16_slothy_start.split.51_90.selfcheck:OK!
WARNING:p22:LLVM (llvm-mc, llvm-nm, llvm-readobj) not found, disabling selftest. Consider installing LLVM.
INFO:p22.p22_i16_slothy_start.split.51_90:Attempt optimization with max 40 stalls...
INFO:p22.p22_i16_slothy_start.split.51_90:Setting timeout of 30 seconds...
INFO:p22.p22_i16_slothy_start.split.51_90:Objective: None (any satisfying solution is fine)
INFO:p22.p22_i16_slothy_start.split.51_90:Invoking external constraint solver (OR-Tools CP-SAT v9.15.6755) ...
INFO:p22.p22_i16_slothy_start.split.51_90:[0.0126s]: Found 1 solutions so far... objective (no objective): currently 0.0, bound 0.0
INFO:p22.p22_i16_slothy_start.split.51_90:OPTIMAL, wall time: 0.015266 s
INFO:p22.p22_i16_slothy_start.split.51_90:Booleans in result: 89
INFO:p22.p22_i16_slothy_start.split.51_90.selfcheck:OK!
WARNING:p22:LLVM (llvm-mc, llvm-nm, llvm-readobj) not found, disabling selftest. Consider installing LLVM.
INFO:p22.p22_i16_slothy_start.split.51_90:Attempt optimization with max 36 stalls...
INFO:p22.p22_i16_slothy_start.split.51_90:Setting timeout of 30 seconds...
INFO:p22.p22_i16_slothy_start.split.51_90:Objective: None (any satisfying solution is fine)
INFO:p22.p22_i16_slothy_start.split.51_90:Invoking external constraint solver (OR-Tools CP-SAT v9.15.6755) ...
INFO:p22.p22_i16_slothy_start.split.51_90:[0.0125s]: Found 1 solutions so far... objective (no objective): currently 0.0, bound 0.0
INFO:p22.p22_i16_slothy_start.split.51_90:[0.0129s]: Found 2 solutions so far... objective (no objective): currently 0.0, bound 0.0
INFO:p22.p22_i16_slothy_start.split.51_90:OPTIMAL, wall time: 0.015630 s
INFO:p22.p22_i16_slothy_start.split.51_90:Booleans in result: 89
INFO:p22.p22_i16_slothy_start.split.51_90.selfcheck:OK!
WARNING:p22:LLVM (llvm-mc, llvm-nm, llvm-readobj) not found, disabling selftest. Consider installing LLVM.
INFO:p22.p22_i16_slothy_start.split.51_90:Attempt optimization with max 34 stalls...
INFO:p22.p22_i16_slothy_start.split.51_90:Setting timeout of 30 seconds...
INFO:p22.p22_i16_slothy_start.split.51_90:Objective: None (any satisfying solution is fine)
INFO:p22.p22_i16_slothy_start.split.51_90:Invoking external constraint solver (OR-Tools CP-SAT v9.15.6755) ...
INFO:p22.p22_i16_slothy_start.split.51_90:[0.0125s]: Found 1 solutions so far... objective (no objective): currently 0.0, bound 0.0
INFO:p22.p22_i16_slothy_start.split.51_90:OPTIMAL, wall time: 0.015100 s
INFO:p22.p22_i16_slothy_start.split.51_90:Booleans in result: 89
INFO:p22.p22_i16_slothy_start.split.51_90.selfcheck:OK!
WARNING:p22:LLVM (llvm-mc, llvm-nm, llvm-readobj) not found, disabling selftest. Consider installing LLVM.
INFO:p22.p22_i16_slothy_start.split.51_90:Attempt optimization with max 33 stalls...
INFO:p22.p22_i16_slothy_start.split.51_90:Setting timeout of 30 seconds...
INFO:p22.p22_i16_slothy_start.split.51_90:Objective: None (any satisfying solution is fine)
INFO:p22.p22_i16_slothy_start.split.51_90:Invoking external constraint solver (OR-Tools CP-SAT v9.15.6755) ...
INFO:p22.p22_i16_slothy_start.split.51_90:[0.0258s]: Found 1 solutions so far... objective (no objective): currently 0.0, bound 0.0
INFO:p22.p22_i16_slothy_start.split.51_90:OPTIMAL, wall time: 0.028667 s
INFO:p22.p22_i16_slothy_start.split.51_90:Booleans in result: 132
INFO:p22.p22_i16_slothy_start.split.51_90.selfcheck:OK!
WARNING:p22:LLVM (llvm-mc, llvm-nm, llvm-readobj) not found, disabling selftest. Consider installing LLVM.
INFO:p22.p22_i16_slothy_start.split:[  0- 12]: *********......................... (9)
INFO:p22.p22_i16_slothy_start.split:[ 12- 25]: ****************.................. (16)
INFO:p22.p22_i16_slothy_start.split:[ 25- 38]: ********************.............. (20)
INFO:p22.p22_i16_slothy_start.split:[ 38- 50]: ***********************........... (23)
INFO:p22.p22_i16_slothy_start.split:[ 50- 63]: ***************************....... (27)
INFO:p22.p22_i16_slothy_start.split:[ 63- 76]: ****************************...... (28)
INFO:p22.p22_i16_slothy_start.split:[ 76- 88]: ******************************.... (30)
INFO:p22.p22_i16_slothy_start.split:[ 88-101]: ******************************.... (30)
INFO:p22.p22_i16_slothy_start.split:[101-114]: *******************************... (31)
INFO:p22.p22_i16_slothy_start.split:[114-127]: *******************************... (31)
INFO:p22.p22_i16_slothy_start.split:[127-139]: ******************************.... (30)
INFO:p22.p22_i16_slothy_start.split:[139-152]: *****************************..... (29)
INFO:p22.p22_i16_slothy_start.split:[152-165]: **************************........ (26)
INFO:p22.p22_i16_slothy_start.split:[165-177]: ***************************....... (27)
INFO:p22.p22_i16_slothy_start.split:[177-190]: *************************......... (25)
INFO:p22.p22_i16_slothy_start.split:[190-203]: ****************************...... (28)
INFO:p22.p22_i16_slothy_start.split:[203-215]: ***************************....... (27)
INFO:p22.p22_i16_slothy_start.split:[215-228]: ***************************....... (27)
INFO:p22.p22_i16_slothy_start.split:[228-241]: ****************************...... (28)
INFO:p22.p22_i16_slothy_start.split:[241-254]: ************************.......... (24)
INFO:p22.p22_i16_slothy_start.split:[254-266]: ****************************...... (28)
INFO:p22.p22_i16_slothy_start.split:[266-279]: **************************........ (26)
INFO:p22.p22_i16_slothy_start.split:[279-292]: ****************************...... (28)
INFO:p22.p22_i16_slothy_start.split:[292-304]: ****************************...... (28)
INFO:p22.p22_i16_slothy_start.split:[304-317]: ***************************....... (27)
INFO:p22.p22_i16_slothy_start.split:[317-330]: ******************************.... (30)
INFO:p22.p22_i16_slothy_start.split:[330-342]: ***************************....... (27)
INFO:p22.p22_i16_slothy_start.split:[342-355]: *******************************... (31)
INFO:p22.p22_i16_slothy_start.split:[355-368]: ****************************...... (28)
INFO:p22.p22_i16_slothy_start.split:[368-381]: *****************************..... (29)
INFO:p22.p22_i16_slothy_start.split:[381-393]: ******************************.... (30)
INFO:p22.p22_i16_slothy_start.split:[393-406]: ***************************....... (27)
INFO:p22.p22_i16_slothy_start.split:[406-419]: ******************************.... (30)
INFO:p22.p22_i16_slothy_start.split:[419-431]: ***************************....... (27)
INFO:p22.p22_i16_slothy_start.split:[431-444]: ****************************...... (28)
INFO:p22.p22_i16_slothy_start.split:[444-457]: ***************************....... (27)
INFO:p22.p22_i16_slothy_start.split:[457-469]: *************************......... (25)
INFO:p22.p22_i16_slothy_start.split:[469-482]: ***************************....... (27)
INFO:p22.p22_i16_slothy_start.split:[482-495]: *************************......... (25)
INFO:p22.p22_i16_slothy_start.split:[495-508]: *************************......... (25)
INFO:p22.p22_i16_slothy_start.split:[508-520]: ***********************........... (23)
INFO:p22.p22_i16_slothy_start.split:[520-533]: ***********************........... (23)
INFO:p22.p22_i16_slothy_start.split:[533-546]: ***************************....... (27)
INFO:p22.p22_i16_slothy_start.split:[546-558]: **************************........ (26)
INFO:p22.p22_i16_slothy_start.split:[558-571]: ******************************.... (30)
INFO:p22.p22_i16_slothy_start.split:[571-584]: ****************************...... (28)
INFO:p22.p22_i16_slothy_start.split:[584-596]: *****************************..... (29)
INFO:p22.p22_i16_slothy_start.split:[596-609]: ******************************.... (30)
INFO:p22.p22_i16_slothy_start.split:[609-622]: **************************........ (26)
INFO:p22.p22_i16_slothy_start.split:[622-635]: ******************................ (18)
INFO:p22.p22_i16_slothy_start.split.76_116:Perform external binary search for minimal number of stalls...
INFO:p22.p22_i16_slothy_start.split.76_116:Attempt optimization with max 0 stalls...
INFO:p22.p22_i16_slothy_start.split.76_116:Setting timeout of 30 seconds...
INFO:p22.p22_i16_slothy_start.split.76_116:Objective: None (any satisfying solution is fine)
INFO:p22.p22_i16_slothy_start.split.76_116:Invoking external constraint solver (OR-Tools CP-SAT v9.15.6755) ...
INFO:p22.p22_i16_slothy_start.split.76_116:INFEASIBLE, wall time: 0.000837 s
INFO:p22.p22_i16_slothy_start.split.76_116:Attempt optimization with max 1 stalls...
INFO:p22.p22_i16_slothy_start.split.76_116:Setting timeout of 30 seconds...
INFO:p22.p22_i16_slothy_start.split.76_116:Objective: None (any satisfying solution is fine)
INFO:p22.p22_i16_slothy_start.split.76_116:Invoking external constraint solver (OR-Tools CP-SAT v9.15.6755) ...
INFO:p22.p22_i16_slothy_start.split.76_116:INFEASIBLE, wall time: 0.000912 s
INFO:p22.p22_i16_slothy_start.split.76_116:Attempt optimization with max 2 stalls...
INFO:p22.p22_i16_slothy_start.split.76_116:Setting timeout of 30 seconds...
INFO:p22.p22_i16_slothy_start.split.76_116:Objective: None (any satisfying solution is fine)
INFO:p22.p22_i16_slothy_start.split.76_116:Invoking external constraint solver (OR-Tools CP-SAT v9.15.6755) ...
INFO:p22.p22_i16_slothy_start.split.76_116:INFEASIBLE, wall time: 0.000940 s
INFO:p22.p22_i16_slothy_start.split.76_116:Attempt optimization with max 4 stalls...
INFO:p22.p22_i16_slothy_start.split.76_116:Setting timeout of 30 seconds...
INFO:p22.p22_i16_slothy_start.split.76_116:Objective: None (any satisfying solution is fine)
INFO:p22.p22_i16_slothy_start.split.76_116:Invoking external constraint solver (OR-Tools CP-SAT v9.15.6755) ...
INFO:p22.p22_i16_slothy_start.split.76_116:INFEASIBLE, wall time: 0.001047 s
INFO:p22.p22_i16_slothy_start.split.76_116:Attempt optimization with max 8 stalls...
INFO:p22.p22_i16_slothy_start.split.76_116:Setting timeout of 30 seconds...
INFO:p22.p22_i16_slothy_start.split.76_116:Objective: None (any satisfying solution is fine)
INFO:p22.p22_i16_slothy_start.split.76_116:Invoking external constraint solver (OR-Tools CP-SAT v9.15.6755) ...
INFO:p22.p22_i16_slothy_start.split.76_116:INFEASIBLE, wall time: 0.000836 s
INFO:p22.p22_i16_slothy_start.split.76_116:Attempt optimization with max 16 stalls...
INFO:p22.p22_i16_slothy_start.split.76_116:Setting timeout of 30 seconds...
INFO:p22.p22_i16_slothy_start.split.76_116:Objective: None (any satisfying solution is fine)
INFO:p22.p22_i16_slothy_start.split.76_116:Invoking external constraint solver (OR-Tools CP-SAT v9.15.6755) ...
INFO:p22.p22_i16_slothy_start.split.76_116:INFEASIBLE, wall time: 0.003337 s
INFO:p22.p22_i16_slothy_start.split.76_116:Attempt optimization with max 32 stalls...
INFO:p22.p22_i16_slothy_start.split.76_116:Setting timeout of 30 seconds...
INFO:p22.p22_i16_slothy_start.split.76_116:Objective: None (any satisfying solution is fine)
INFO:p22.p22_i16_slothy_start.split.76_116:Invoking external constraint solver (OR-Tools CP-SAT v9.15.6755) ...
INFO:p22.p22_i16_slothy_start.split.76_116:[0.0187s]: Found 1 solutions so far... objective (no objective): currently 0.0, bound 0.0
INFO:p22.p22_i16_slothy_start.split.76_116:OPTIMAL, wall time: 0.021598 s
INFO:p22.p22_i16_slothy_start.split.76_116:Booleans in result: 107
INFO:p22.p22_i16_slothy_start.split.76_116.selfcheck:OK!
WARNING:p22:LLVM (llvm-mc, llvm-nm, llvm-readobj) not found, disabling selftest. Consider installing LLVM.
INFO:p22.p22_i16_slothy_start.split.76_116:Attempt optimization with max 24 stalls...
INFO:p22.p22_i16_slothy_start.split.76_116:Setting timeout of 30 seconds...
INFO:p22.p22_i16_slothy_start.split.76_116:Objective: None (any satisfying solution is fine)
INFO:p22.p22_i16_slothy_start.split.76_116:Invoking external constraint solver (OR-Tools CP-SAT v9.15.6755) ...
INFO:p22.p22_i16_slothy_start.split.76_116:INFEASIBLE, wall time: 0.003264 s
INFO:p22.p22_i16_slothy_start.split.76_116:Attempt optimization with max 28 stalls...
INFO:p22.p22_i16_slothy_start.split.76_116:Setting timeout of 30 seconds...
INFO:p22.p22_i16_slothy_start.split.76_116:Objective: None (any satisfying solution is fine)
INFO:p22.p22_i16_slothy_start.split.76_116:Invoking external constraint solver (OR-Tools CP-SAT v9.15.6755) ...
INFO:p22.p22_i16_slothy_start.split.76_116:INFEASIBLE, wall time: 0.003190 s
INFO:p22.p22_i16_slothy_start.split.76_116:Attempt optimization with max 30 stalls...
INFO:p22.p22_i16_slothy_start.split.76_116:Setting timeout of 30 seconds...
INFO:p22.p22_i16_slothy_start.split.76_116:Objective: None (any satisfying solution is fine)
INFO:p22.p22_i16_slothy_start.split.76_116:Invoking external constraint solver (OR-Tools CP-SAT v9.15.6755) ...
INFO:p22.p22_i16_slothy_start.split.76_116:INFEASIBLE, wall time: 0.003483 s
INFO:p22.p22_i16_slothy_start.split.76_116:Attempt optimization with max 31 stalls...
INFO:p22.p22_i16_slothy_start.split.76_116:Setting timeout of 30 seconds...
INFO:p22.p22_i16_slothy_start.split.76_116:Objective: None (any satisfying solution is fine)
INFO:p22.p22_i16_slothy_start.split.76_116:Invoking external constraint solver (OR-Tools CP-SAT v9.15.6755) ...
INFO:p22.p22_i16_slothy_start.split.76_116:[0.0132s]: Found 1 solutions so far... objective (no objective): currently 0.0, bound 0.0
INFO:p22.p22_i16_slothy_start.split.76_116:[0.0141s]: Found 2 solutions so far... objective (no objective): currently 0.0, bound 0.0
INFO:p22.p22_i16_slothy_start.split.76_116:OPTIMAL, wall time: 0.016924 s
INFO:p22.p22_i16_slothy_start.split.76_116:Booleans in result: 89
INFO:p22.p22_i16_slothy_start.split.76_116.selfcheck:OK!
WARNING:p22:LLVM (llvm-mc, llvm-nm, llvm-readobj) not found, disabling selftest. Consider installing LLVM.
INFO:p22.p22_i16_slothy_start.split:[  0- 12]: *********........................ (9)
INFO:p22.p22_i16_slothy_start.split:[ 12- 25]: ****************................. (16)
INFO:p22.p22_i16_slothy_start.split:[ 25- 38]: ********************............. (20)
INFO:p22.p22_i16_slothy_start.split:[ 38- 50]: ***********************.......... (23)
INFO:p22.p22_i16_slothy_start.split:[ 50- 63]: **************************....... (26)
INFO:p22.p22_i16_slothy_start.split:[ 63- 76]: ***************************...... (27)
INFO:p22.p22_i16_slothy_start.split:[ 76- 88]: *****************************.... (29)
INFO:p22.p22_i16_slothy_start.split:[ 88-101]: ******************************... (30)
INFO:p22.p22_i16_slothy_start.split:[101-114]: ********************************. (32)
INFO:p22.p22_i16_slothy_start.split:[114-127]: *******************************.. (31)
INFO:p22.p22_i16_slothy_start.split:[127-139]: ******************************... (30)
INFO:p22.p22_i16_slothy_start.split:[139-152]: *****************************.... (29)
INFO:p22.p22_i16_slothy_start.split:[152-165]: **************************....... (26)
INFO:p22.p22_i16_slothy_start.split:[165-177]: ***************************...... (27)
INFO:p22.p22_i16_slothy_start.split:[177-190]: *************************........ (25)
INFO:p22.p22_i16_slothy_start.split:[190-203]: ****************************..... (28)
INFO:p22.p22_i16_slothy_start.split:[203-215]: ***************************...... (27)
INFO:p22.p22_i16_slothy_start.split:[215-228]: ***************************...... (27)
INFO:p22.p22_i16_slothy_start.split:[228-241]: ****************************..... (28)
INFO:p22.p22_i16_slothy_start.split:[241-254]: ************************......... (24)
INFO:p22.p22_i16_slothy_start.split:[254-266]: ****************************..... (28)
INFO:p22.p22_i16_slothy_start.split:[266-279]: **************************....... (26)
INFO:p22.p22_i16_slothy_start.split:[279-292]: ****************************..... (28)
INFO:p22.p22_i16_slothy_start.split:[292-304]: ****************************..... (28)
INFO:p22.p22_i16_slothy_start.split:[304-317]: ***************************...... (27)
INFO:p22.p22_i16_slothy_start.split:[317-330]: ******************************... (30)
INFO:p22.p22_i16_slothy_start.split:[330-342]: ***************************...... (27)
INFO:p22.p22_i16_slothy_start.split:[342-355]: *******************************.. (31)
INFO:p22.p22_i16_slothy_start.split:[355-368]: ****************************..... (28)
INFO:p22.p22_i16_slothy_start.split:[368-381]: *****************************.... (29)
INFO:p22.p22_i16_slothy_start.split:[381-393]: ******************************... (30)
INFO:p22.p22_i16_slothy_start.split:[393-406]: ***************************...... (27)
INFO:p22.p22_i16_slothy_start.split:[406-419]: ******************************... (30)
INFO:p22.p22_i16_slothy_start.split:[419-431]: ***************************...... (27)
INFO:p22.p22_i16_slothy_start.split:[431-444]: ****************************..... (28)
INFO:p22.p22_i16_slothy_start.split:[444-457]: ***************************...... (27)
INFO:p22.p22_i16_slothy_start.split:[457-469]: *************************........ (25)
INFO:p22.p22_i16_slothy_start.split:[469-482]: ***************************...... (27)
INFO:p22.p22_i16_slothy_start.split:[482-495]: *************************........ (25)
INFO:p22.p22_i16_slothy_start.split:[495-508]: *************************........ (25)
INFO:p22.p22_i16_slothy_start.split:[508-520]: ***********************.......... (23)
INFO:p22.p22_i16_slothy_start.split:[520-533]: ***********************.......... (23)
INFO:p22.p22_i16_slothy_start.split:[533-546]: ***************************...... (27)
INFO:p22.p22_i16_slothy_start.split:[546-558]: **************************....... (26)
INFO:p22.p22_i16_slothy_start.split:[558-571]: ******************************... (30)
INFO:p22.p22_i16_slothy_start.split:[571-584]: ****************************..... (28)
INFO:p22.p22_i16_slothy_start.split:[584-596]: *****************************.... (29)
INFO:p22.p22_i16_slothy_start.split:[596-609]: ******************************... (30)
INFO:p22.p22_i16_slothy_start.split:[609-622]: **************************....... (26)
INFO:p22.p22_i16_slothy_start.split:[622-635]: ******************............... (18)
INFO:p22.p22_i16_slothy_start.split.102_141:Perform external binary search for minimal number of stalls...
INFO:p22.p22_i16_slothy_start.split.102_141:Attempt optimization with max 0 stalls...
INFO:p22.p22_i16_slothy_start.split.102_141:Setting timeout of 30 seconds...
INFO:p22.p22_i16_slothy_start.split.102_141:Objective: None (any satisfying solution is fine)
INFO:p22.p22_i16_slothy_start.split.102_141:Invoking external constraint solver (OR-Tools CP-SAT v9.15.6755) ...
INFO:p22.p22_i16_slothy_start.split.102_141:INFEASIBLE, wall time: 0.000846 s
INFO:p22.p22_i16_slothy_start.split.102_141:Attempt optimization with max 1 stalls...
INFO:p22.p22_i16_slothy_start.split.102_141:Setting timeout of 30 seconds...
INFO:p22.p22_i16_slothy_start.split.102_141:Objective: None (any satisfying solution is fine)
INFO:p22.p22_i16_slothy_start.split.102_141:Invoking external constraint solver (OR-Tools CP-SAT v9.15.6755) ...
INFO:p22.p22_i16_slothy_start.split.102_141:INFEASIBLE, wall time: 0.000828 s
INFO:p22.p22_i16_slothy_start.split.102_141:Attempt optimization with max 2 stalls...
INFO:p22.p22_i16_slothy_start.split.102_141:Setting timeout of 30 seconds...
INFO:p22.p22_i16_slothy_start.split.102_141:Objective: None (any satisfying solution is fine)
INFO:p22.p22_i16_slothy_start.split.102_141:Invoking external constraint solver (OR-Tools CP-SAT v9.15.6755) ...
INFO:p22.p22_i16_slothy_start.split.102_141:INFEASIBLE, wall time: 0.001255 s
INFO:p22.p22_i16_slothy_start.split.102_141:Attempt optimization with max 4 stalls...
INFO:p22.p22_i16_slothy_start.split.102_141:Setting timeout of 30 seconds...
INFO:p22.p22_i16_slothy_start.split.102_141:Objective: None (any satisfying solution is fine)
INFO:p22.p22_i16_slothy_start.split.102_141:Invoking external constraint solver (OR-Tools CP-SAT v9.15.6755) ...
INFO:p22.p22_i16_slothy_start.split.102_141:INFEASIBLE, wall time: 0.000831 s
INFO:p22.p22_i16_slothy_start.split.102_141:Attempt optimization with max 8 stalls...
INFO:p22.p22_i16_slothy_start.split.102_141:Setting timeout of 30 seconds...
INFO:p22.p22_i16_slothy_start.split.102_141:Objective: None (any satisfying solution is fine)
INFO:p22.p22_i16_slothy_start.split.102_141:Invoking external constraint solver (OR-Tools CP-SAT v9.15.6755) ...
INFO:p22.p22_i16_slothy_start.split.102_141:INFEASIBLE, wall time: 0.006365 s
INFO:p22.p22_i16_slothy_start.split.102_141:Attempt optimization with max 16 stalls...
INFO:p22.p22_i16_slothy_start.split.102_141:Setting timeout of 30 seconds...
INFO:p22.p22_i16_slothy_start.split.102_141:Objective: None (any satisfying solution is fine)
INFO:p22.p22_i16_slothy_start.split.102_141:Invoking external constraint solver (OR-Tools CP-SAT v9.15.6755) ...
INFO:p22.p22_i16_slothy_start.split.102_141:INFEASIBLE, wall time: 0.003429 s
INFO:p22.p22_i16_slothy_start.split.102_141:Attempt optimization with max 32 stalls...
INFO:p22.p22_i16_slothy_start.split.102_141:Setting timeout of 30 seconds...
INFO:p22.p22_i16_slothy_start.split.102_141:Objective: None (any satisfying solution is fine)
INFO:p22.p22_i16_slothy_start.split.102_141:Invoking external constraint solver (OR-Tools CP-SAT v9.15.6755) ...
INFO:p22.p22_i16_slothy_start.split.102_141:INFEASIBLE, wall time: 0.003171 s
INFO:p22.p22_i16_slothy_start.split.102_141:Attempt optimization with max 64 stalls...
INFO:p22.p22_i16_slothy_start.split.102_141:Setting timeout of 30 seconds...
INFO:p22.p22_i16_slothy_start.split.102_141:Objective: None (any satisfying solution is fine)
INFO:p22.p22_i16_slothy_start.split.102_141:Invoking external constraint solver (OR-Tools CP-SAT v9.15.6755) ...
INFO:p22.p22_i16_slothy_start.split.102_141:[0.0127s]: Found 1 solutions so far... objective (no objective): currently 0.0, bound 0.0
INFO:p22.p22_i16_slothy_start.split.102_141:OPTIMAL, wall time: 0.015463 s
INFO:p22.p22_i16_slothy_start.split.102_141:Booleans in result: 140
INFO:p22.p22_i16_slothy_start.split.102_141.selfcheck:OK!
WARNING:p22:LLVM (llvm-mc, llvm-nm, llvm-readobj) not found, disabling selftest. Consider installing LLVM.
INFO:p22.p22_i16_slothy_start.split.102_141:Attempt optimization with max 48 stalls...
INFO:p22.p22_i16_slothy_start.split.102_141:Setting timeout of 30 seconds...
INFO:p22.p22_i16_slothy_start.split.102_141:Objective: None (any satisfying solution is fine)
INFO:p22.p22_i16_slothy_start.split.102_141:Invoking external constraint solver (OR-Tools CP-SAT v9.15.6755) ...
INFO:p22.p22_i16_slothy_start.split.102_141:[0.0119s]: Found 1 solutions so far... objective (no objective): currently 0.0, bound 0.0
INFO:p22.p22_i16_slothy_start.split.102_141:OPTIMAL, wall time: 0.014506 s
INFO:p22.p22_i16_slothy_start.split.102_141:Booleans in result: 82
INFO:p22.p22_i16_slothy_start.split.102_141.selfcheck:OK!
WARNING:p22:LLVM (llvm-mc, llvm-nm, llvm-readobj) not found, disabling selftest. Consider installing LLVM.
INFO:p22.p22_i16_slothy_start.split.102_141:Attempt optimization with max 40 stalls...
INFO:p22.p22_i16_slothy_start.split.102_141:Setting timeout of 30 seconds...
INFO:p22.p22_i16_slothy_start.split.102_141:Objective: None (any satisfying solution is fine)
INFO:p22.p22_i16_slothy_start.split.102_141:Invoking external constraint solver (OR-Tools CP-SAT v9.15.6755) ...
INFO:p22.p22_i16_slothy_start.split.102_141:[0.0116s]: Found 1 solutions so far... objective (no objective): currently 0.0, bound 0.0
INFO:p22.p22_i16_slothy_start.split.102_141:OPTIMAL, wall time: 0.014281 s
INFO:p22.p22_i16_slothy_start.split.102_141:Booleans in result: 82
INFO:p22.p22_i16_slothy_start.split.102_141.selfcheck:OK!
WARNING:p22:LLVM (llvm-mc, llvm-nm, llvm-readobj) not found, disabling selftest. Consider installing LLVM.
INFO:p22.p22_i16_slothy_start.split.102_141:Attempt optimization with max 36 stalls...
INFO:p22.p22_i16_slothy_start.split.102_141:Setting timeout of 30 seconds...
INFO:p22.p22_i16_slothy_start.split.102_141:Objective: None (any satisfying solution is fine)
INFO:p22.p22_i16_slothy_start.split.102_141:Invoking external constraint solver (OR-Tools CP-SAT v9.15.6755) ...
INFO:p22.p22_i16_slothy_start.split.102_141:[0.0158s]: Found 1 solutions so far... objective (no objective): currently 0.0, bound 0.0
INFO:p22.p22_i16_slothy_start.split.102_141:OPTIMAL, wall time: 0.018267 s
INFO:p22.p22_i16_slothy_start.split.102_141:Booleans in result: 73
INFO:p22.p22_i16_slothy_start.split.102_141.selfcheck:OK!
WARNING:p22:LLVM (llvm-mc, llvm-nm, llvm-readobj) not found, disabling selftest. Consider installing LLVM.
INFO:p22.p22_i16_slothy_start.split.102_141:Attempt optimization with max 34 stalls...
INFO:p22.p22_i16_slothy_start.split.102_141:Setting timeout of 30 seconds...
INFO:p22.p22_i16_slothy_start.split.102_141:Objective: None (any satisfying solution is fine)
INFO:p22.p22_i16_slothy_start.split.102_141:Invoking external constraint solver (OR-Tools CP-SAT v9.15.6755) ...
INFO:p22.p22_i16_slothy_start.split.102_141:INFEASIBLE, wall time: 0.003220 s
INFO:p22.p22_i16_slothy_start.split.102_141:Attempt optimization with max 35 stalls...
INFO:p22.p22_i16_slothy_start.split.102_141:Setting timeout of 30 seconds...
INFO:p22.p22_i16_slothy_start.split.102_141:Objective: None (any satisfying solution is fine)
INFO:p22.p22_i16_slothy_start.split.102_141:Invoking external constraint solver (OR-Tools CP-SAT v9.15.6755) ...
INFO:p22.p22_i16_slothy_start.split.102_141:INFEASIBLE, wall time: 0.003058 s
INFO:p22.p22_i16_slothy_start.split:[  0- 12]: *********........................ (9)
INFO:p22.p22_i16_slothy_start.split:[ 12- 25]: ****************................. (16)
INFO:p22.p22_i16_slothy_start.split:[ 25- 38]: ********************............. (20)
INFO:p22.p22_i16_slothy_start.split:[ 38- 50]: ***********************.......... (23)
INFO:p22.p22_i16_slothy_start.split:[ 50- 63]: **************************....... (26)
INFO:p22.p22_i16_slothy_start.split:[ 63- 76]: ***************************...... (27)
INFO:p22.p22_i16_slothy_start.split:[ 76- 88]: *****************************.... (29)
INFO:p22.p22_i16_slothy_start.split:[ 88-101]: *****************************.... (29)
INFO:p22.p22_i16_slothy_start.split:[101-114]: ******************************... (30)
INFO:p22.p22_i16_slothy_start.split:[114-127]: ******************************... (30)
INFO:p22.p22_i16_slothy_start.split:[127-139]: *******************************.. (31)
INFO:p22.p22_i16_slothy_start.split:[139-152]: ******************************... (30)
INFO:p22.p22_i16_slothy_start.split:[152-165]: **************************....... (26)
INFO:p22.p22_i16_slothy_start.split:[165-177]: ***************************...... (27)
INFO:p22.p22_i16_slothy_start.split:[177-190]: *************************........ (25)
INFO:p22.p22_i16_slothy_start.split:[190-203]: ****************************..... (28)
INFO:p22.p22_i16_slothy_start.split:[203-215]: ***************************...... (27)
INFO:p22.p22_i16_slothy_start.split:[215-228]: ***************************...... (27)
INFO:p22.p22_i16_slothy_start.split:[228-241]: ****************************..... (28)
INFO:p22.p22_i16_slothy_start.split:[241-254]: ************************......... (24)
INFO:p22.p22_i16_slothy_start.split:[254-266]: ****************************..... (28)
INFO:p22.p22_i16_slothy_start.split:[266-279]: **************************....... (26)
INFO:p22.p22_i16_slothy_start.split:[279-292]: ****************************..... (28)
INFO:p22.p22_i16_slothy_start.split:[292-304]: ****************************..... (28)
INFO:p22.p22_i16_slothy_start.split:[304-317]: ***************************...... (27)
INFO:p22.p22_i16_slothy_start.split:[317-330]: ******************************... (30)
INFO:p22.p22_i16_slothy_start.split:[330-342]: ***************************...... (27)
INFO:p22.p22_i16_slothy_start.split:[342-355]: *******************************.. (31)
INFO:p22.p22_i16_slothy_start.split:[355-368]: ****************************..... (28)
INFO:p22.p22_i16_slothy_start.split:[368-381]: *****************************.... (29)
INFO:p22.p22_i16_slothy_start.split:[381-393]: ******************************... (30)
INFO:p22.p22_i16_slothy_start.split:[393-406]: ***************************...... (27)
INFO:p22.p22_i16_slothy_start.split:[406-419]: ******************************... (30)
INFO:p22.p22_i16_slothy_start.split:[419-431]: ***************************...... (27)
INFO:p22.p22_i16_slothy_start.split:[431-444]: ****************************..... (28)
INFO:p22.p22_i16_slothy_start.split:[444-457]: ***************************...... (27)
INFO:p22.p22_i16_slothy_start.split:[457-469]: *************************........ (25)
INFO:p22.p22_i16_slothy_start.split:[469-482]: ***************************...... (27)
INFO:p22.p22_i16_slothy_start.split:[482-495]: *************************........ (25)
INFO:p22.p22_i16_slothy_start.split:[495-508]: *************************........ (25)
INFO:p22.p22_i16_slothy_start.split:[508-520]: ***********************.......... (23)
INFO:p22.p22_i16_slothy_start.split:[520-533]: ***********************.......... (23)
INFO:p22.p22_i16_slothy_start.split:[533-546]: ***************************...... (27)
INFO:p22.p22_i16_slothy_start.split:[546-558]: **************************....... (26)
INFO:p22.p22_i16_slothy_start.split:[558-571]: ******************************... (30)
INFO:p22.p22_i16_slothy_start.split:[571-584]: ****************************..... (28)
INFO:p22.p22_i16_slothy_start.split:[584-596]: *****************************.... (29)
INFO:p22.p22_i16_slothy_start.split:[596-609]: ******************************... (30)
INFO:p22.p22_i16_slothy_start.split:[609-622]: **************************....... (26)
INFO:p22.p22_i16_slothy_start.split:[622-635]: ******************............... (18)
INFO:p22.p22_i16_slothy_start.split.127_167:Perform external binary search for minimal number of stalls...
INFO:p22.p22_i16_slothy_start.split.127_167:Attempt optimization with max 0 stalls...
INFO:p22.p22_i16_slothy_start.split.127_167:Setting timeout of 30 seconds...
INFO:p22.p22_i16_slothy_start.split.127_167:Objective: None (any satisfying solution is fine)
INFO:p22.p22_i16_slothy_start.split.127_167:Invoking external constraint solver (OR-Tools CP-SAT v9.15.6755) ...
INFO:p22.p22_i16_slothy_start.split.127_167:INFEASIBLE, wall time: 0.000885 s
INFO:p22.p22_i16_slothy_start.split.127_167:Attempt optimization with max 1 stalls...
INFO:p22.p22_i16_slothy_start.split.127_167:Setting timeout of 30 seconds...
INFO:p22.p22_i16_slothy_start.split.127_167:Objective: None (any satisfying solution is fine)
INFO:p22.p22_i16_slothy_start.split.127_167:Invoking external constraint solver (OR-Tools CP-SAT v9.15.6755) ...
INFO:p22.p22_i16_slothy_start.split.127_167:INFEASIBLE, wall time: 0.000825 s
INFO:p22.p22_i16_slothy_start.split.127_167:Attempt optimization with max 2 stalls...
INFO:p22.p22_i16_slothy_start.split.127_167:Setting timeout of 30 seconds...
INFO:p22.p22_i16_slothy_start.split.127_167:Objective: None (any satisfying solution is fine)
INFO:p22.p22_i16_slothy_start.split.127_167:Invoking external constraint solver (OR-Tools CP-SAT v9.15.6755) ...
INFO:p22.p22_i16_slothy_start.split.127_167:INFEASIBLE, wall time: 0.000845 s
INFO:p22.p22_i16_slothy_start.split.127_167:Attempt optimization with max 4 stalls...
INFO:p22.p22_i16_slothy_start.split.127_167:Setting timeout of 30 seconds...
INFO:p22.p22_i16_slothy_start.split.127_167:Objective: None (any satisfying solution is fine)
INFO:p22.p22_i16_slothy_start.split.127_167:Invoking external constraint solver (OR-Tools CP-SAT v9.15.6755) ...
INFO:p22.p22_i16_slothy_start.split.127_167:INFEASIBLE, wall time: 0.000875 s
INFO:p22.p22_i16_slothy_start.split.127_167:Attempt optimization with max 8 stalls...
INFO:p22.p22_i16_slothy_start.split.127_167:Setting timeout of 30 seconds...
INFO:p22.p22_i16_slothy_start.split.127_167:Objective: None (any satisfying solution is fine)
INFO:p22.p22_i16_slothy_start.split.127_167:Invoking external constraint solver (OR-Tools CP-SAT v9.15.6755) ...
INFO:p22.p22_i16_slothy_start.split.127_167:INFEASIBLE, wall time: 0.000943 s
INFO:p22.p22_i16_slothy_start.split.127_167:Attempt optimization with max 16 stalls...
INFO:p22.p22_i16_slothy_start.split.127_167:Setting timeout of 30 seconds...
INFO:p22.p22_i16_slothy_start.split.127_167:Objective: None (any satisfying solution is fine)
INFO:p22.p22_i16_slothy_start.split.127_167:Invoking external constraint solver (OR-Tools CP-SAT v9.15.6755) ...
INFO:p22.p22_i16_slothy_start.split.127_167:INFEASIBLE, wall time: 0.000881 s
INFO:p22.p22_i16_slothy_start.split.127_167:Attempt optimization with max 32 stalls...
INFO:p22.p22_i16_slothy_start.split.127_167:Setting timeout of 30 seconds...
INFO:p22.p22_i16_slothy_start.split.127_167:Objective: None (any satisfying solution is fine)
INFO:p22.p22_i16_slothy_start.split.127_167:Invoking external constraint solver (OR-Tools CP-SAT v9.15.6755) ...
INFO:p22.p22_i16_slothy_start.split.127_167:INFEASIBLE, wall time: 0.018515 s
INFO:p22.p22_i16_slothy_start.split.127_167:Attempt optimization with max 64 stalls...
INFO:p22.p22_i16_slothy_start.split.127_167:Setting timeout of 30 seconds...
INFO:p22.p22_i16_slothy_start.split.127_167:Objective: None (any satisfying solution is fine)
INFO:p22.p22_i16_slothy_start.split.127_167:Invoking external constraint solver (OR-Tools CP-SAT v9.15.6755) ...
INFO:p22.p22_i16_slothy_start.split.127_167:[0.0235s]: Found 1 solutions so far... objective (no objective): currently 0.0, bound 0.0
INFO:p22.p22_i16_slothy_start.split.127_167:OPTIMAL, wall time: 0.026332 s
INFO:p22.p22_i16_slothy_start.split.127_167:Booleans in result: 116
INFO:p22.p22_i16_slothy_start.split.127_167.selfcheck:OK!
WARNING:p22:LLVM (llvm-mc, llvm-nm, llvm-readobj) not found, disabling selftest. Consider installing LLVM.
INFO:p22.p22_i16_slothy_start.split.127_167:Attempt optimization with max 48 stalls...
INFO:p22.p22_i16_slothy_start.split.127_167:Setting timeout of 30 seconds...
INFO:p22.p22_i16_slothy_start.split.127_167:Objective: None (any satisfying solution is fine)
INFO:p22.p22_i16_slothy_start.split.127_167:Invoking external constraint solver (OR-Tools CP-SAT v9.15.6755) ...
INFO:p22.p22_i16_slothy_start.split.127_167:[0.0420s]: Found 1 solutions so far... objective (no objective): currently 0.0, bound 0.0
INFO:p22.p22_i16_slothy_start.split.127_167:OPTIMAL, wall time: 0.045042 s
INFO:p22.p22_i16_slothy_start.split.127_167:Booleans in result: 162
INFO:p22.p22_i16_slothy_start.split.127_167.selfcheck:OK!
WARNING:p22:LLVM (llvm-mc, llvm-nm, llvm-readobj) not found, disabling selftest. Consider installing LLVM.
INFO:p22.p22_i16_slothy_start.split.127_167:Attempt optimization with max 40 stalls...
INFO:p22.p22_i16_slothy_start.split.127_167:Setting timeout of 30 seconds...
INFO:p22.p22_i16_slothy_start.split.127_167:Objective: None (any satisfying solution is fine)
INFO:p22.p22_i16_slothy_start.split.127_167:Invoking external constraint solver (OR-Tools CP-SAT v9.15.6755) ...
INFO:p22.p22_i16_slothy_start.split.127_167:[0.0568s]: Found 1 solutions so far... objective (no objective): currently 0.0, bound 0.0
INFO:p22.p22_i16_slothy_start.split.127_167:OPTIMAL, wall time: 0.059560 s
INFO:p22.p22_i16_slothy_start.split.127_167:Booleans in result: 199
INFO:p22.p22_i16_slothy_start.split.127_167.selfcheck:OK!
WARNING:p22:LLVM (llvm-mc, llvm-nm, llvm-readobj) not found, disabling selftest. Consider installing LLVM.
INFO:p22.p22_i16_slothy_start.split.127_167:Attempt optimization with max 36 stalls...
INFO:p22.p22_i16_slothy_start.split.127_167:Setting timeout of 30 seconds...
INFO:p22.p22_i16_slothy_start.split.127_167:Objective: None (any satisfying solution is fine)
INFO:p22.p22_i16_slothy_start.split.127_167:Invoking external constraint solver (OR-Tools CP-SAT v9.15.6755) ...
INFO:p22.p22_i16_slothy_start.split.127_167:INFEASIBLE, wall time: 0.026602 s
INFO:p22.p22_i16_slothy_start.split.127_167:Attempt optimization with max 38 stalls...
INFO:p22.p22_i16_slothy_start.split.127_167:Setting timeout of 30 seconds...
INFO:p22.p22_i16_slothy_start.split.127_167:Objective: None (any satisfying solution is fine)
INFO:p22.p22_i16_slothy_start.split.127_167:Invoking external constraint solver (OR-Tools CP-SAT v9.15.6755) ...
INFO:p22.p22_i16_slothy_start.split.127_167:INFEASIBLE, wall time: 0.131021 s
INFO:p22.p22_i16_slothy_start.split.127_167:Attempt optimization with max 39 stalls...
INFO:p22.p22_i16_slothy_start.split.127_167:Setting timeout of 30 seconds...
INFO:p22.p22_i16_slothy_start.split.127_167:Objective: None (any satisfying solution is fine)
INFO:p22.p22_i16_slothy_start.split.127_167:Invoking external constraint solver (OR-Tools CP-SAT v9.15.6755) ...
INFO:p22.p22_i16_slothy_start.split.127_167:[0.0686s]: Found 1 solutions so far... objective (no objective): currently 0.0, bound 0.0
INFO:p22.p22_i16_slothy_start.split.127_167:OPTIMAL, wall time: 0.072899 s
INFO:p22.p22_i16_slothy_start.split.127_167:Booleans in result: 218
INFO:p22.p22_i16_slothy_start.split.127_167.selfcheck:OK!
WARNING:p22:LLVM (llvm-mc, llvm-nm, llvm-readobj) not found, disabling selftest. Consider installing LLVM.
INFO:p22.p22_i16_slothy_start.split:[  0- 12]: *********....................... (9)
INFO:p22.p22_i16_slothy_start.split:[ 12- 25]: ****************................ (16)
INFO:p22.p22_i16_slothy_start.split:[ 25- 38]: ********************............ (20)
INFO:p22.p22_i16_slothy_start.split:[ 38- 50]: ***********************......... (23)
INFO:p22.p22_i16_slothy_start.split:[ 50- 63]: **************************...... (26)
INFO:p22.p22_i16_slothy_start.split:[ 63- 76]: ***************************..... (27)
INFO:p22.p22_i16_slothy_start.split:[ 76- 88]: *****************************... (29)
INFO:p22.p22_i16_slothy_start.split:[ 88-101]: *****************************... (29)
INFO:p22.p22_i16_slothy_start.split:[101-114]: ******************************.. (30)
INFO:p22.p22_i16_slothy_start.split:[114-127]: *****************************... (29)
INFO:p22.p22_i16_slothy_start.split:[127-139]: ***************************..... (27)
INFO:p22.p22_i16_slothy_start.split:[139-152]: ****************************.... (28)
INFO:p22.p22_i16_slothy_start.split:[152-165]: **************************...... (26)
INFO:p22.p22_i16_slothy_start.split:[165-177]: *****************************... (29)
INFO:p22.p22_i16_slothy_start.split:[177-190]: **************************...... (26)
INFO:p22.p22_i16_slothy_start.split:[190-203]: ****************************.... (28)
INFO:p22.p22_i16_slothy_start.split:[203-215]: ***************************..... (27)
INFO:p22.p22_i16_slothy_start.split:[215-228]: ***************************..... (27)
INFO:p22.p22_i16_slothy_start.split:[228-241]: ****************************.... (28)
INFO:p22.p22_i16_slothy_start.split:[241-254]: ************************........ (24)
INFO:p22.p22_i16_slothy_start.split:[254-266]: ****************************.... (28)
INFO:p22.p22_i16_slothy_start.split:[266-279]: **************************...... (26)
INFO:p22.p22_i16_slothy_start.split:[279-292]: ****************************.... (28)
INFO:p22.p22_i16_slothy_start.split:[292-304]: ****************************.... (28)
INFO:p22.p22_i16_slothy_start.split:[304-317]: ***************************..... (27)
INFO:p22.p22_i16_slothy_start.split:[317-330]: ******************************.. (30)
INFO:p22.p22_i16_slothy_start.split:[330-342]: ***************************..... (27)
INFO:p22.p22_i16_slothy_start.split:[342-355]: *******************************. (31)
INFO:p22.p22_i16_slothy_start.split:[355-368]: ****************************.... (28)
INFO:p22.p22_i16_slothy_start.split:[368-381]: *****************************... (29)
INFO:p22.p22_i16_slothy_start.split:[381-393]: ******************************.. (30)
INFO:p22.p22_i16_slothy_start.split:[393-406]: ***************************..... (27)
INFO:p22.p22_i16_slothy_start.split:[406-419]: ******************************.. (30)
INFO:p22.p22_i16_slothy_start.split:[419-431]: ***************************..... (27)
INFO:p22.p22_i16_slothy_start.split:[431-444]: ****************************.... (28)
INFO:p22.p22_i16_slothy_start.split:[444-457]: ***************************..... (27)
INFO:p22.p22_i16_slothy_start.split:[457-469]: *************************....... (25)
INFO:p22.p22_i16_slothy_start.split:[469-482]: ***************************..... (27)
INFO:p22.p22_i16_slothy_start.split:[482-495]: *************************....... (25)
INFO:p22.p22_i16_slothy_start.split:[495-508]: *************************....... (25)
INFO:p22.p22_i16_slothy_start.split:[508-520]: ***********************......... (23)
INFO:p22.p22_i16_slothy_start.split:[520-533]: ***********************......... (23)
INFO:p22.p22_i16_slothy_start.split:[533-546]: ***************************..... (27)
INFO:p22.p22_i16_slothy_start.split:[546-558]: **************************...... (26)
INFO:p22.p22_i16_slothy_start.split:[558-571]: ******************************.. (30)
INFO:p22.p22_i16_slothy_start.split:[571-584]: ****************************.... (28)
INFO:p22.p22_i16_slothy_start.split:[584-596]: *****************************... (29)
INFO:p22.p22_i16_slothy_start.split:[596-609]: ******************************.. (30)
INFO:p22.p22_i16_slothy_start.split:[609-622]: **************************...... (26)
INFO:p22.p22_i16_slothy_start.split:[622-635]: ******************.............. (18)
INFO:p22.p22_i16_slothy_start.split.152_192:Perform external binary search for minimal number of stalls...
INFO:p22.p22_i16_slothy_start.split.152_192:Attempt optimization with max 0 stalls...
INFO:p22.p22_i16_slothy_start.split.152_192:Setting timeout of 30 seconds...
INFO:p22.p22_i16_slothy_start.split.152_192:Objective: None (any satisfying solution is fine)
INFO:p22.p22_i16_slothy_start.split.152_192:Invoking external constraint solver (OR-Tools CP-SAT v9.15.6755) ...
INFO:p22.p22_i16_slothy_start.split.152_192:INFEASIBLE, wall time: 0.000838 s
INFO:p22.p22_i16_slothy_start.split.152_192:Attempt optimization with max 1 stalls...
INFO:p22.p22_i16_slothy_start.split.152_192:Setting timeout of 30 seconds...
INFO:p22.p22_i16_slothy_start.split.152_192:Objective: None (any satisfying solution is fine)
INFO:p22.p22_i16_slothy_start.split.152_192:Invoking external constraint solver (OR-Tools CP-SAT v9.15.6755) ...
INFO:p22.p22_i16_slothy_start.split.152_192:INFEASIBLE, wall time: 0.000810 s
INFO:p22.p22_i16_slothy_start.split.152_192:Attempt optimization with max 2 stalls...
INFO:p22.p22_i16_slothy_start.split.152_192:Setting timeout of 30 seconds...
INFO:p22.p22_i16_slothy_start.split.152_192:Objective: None (any satisfying solution is fine)
INFO:p22.p22_i16_slothy_start.split.152_192:Invoking external constraint solver (OR-Tools CP-SAT v9.15.6755) ...
INFO:p22.p22_i16_slothy_start.split.152_192:INFEASIBLE, wall time: 0.000762 s
INFO:p22.p22_i16_slothy_start.split.152_192:Attempt optimization with max 4 stalls...
INFO:p22.p22_i16_slothy_start.split.152_192:Setting timeout of 30 seconds...
INFO:p22.p22_i16_slothy_start.split.152_192:Objective: None (any satisfying solution is fine)
INFO:p22.p22_i16_slothy_start.split.152_192:Invoking external constraint solver (OR-Tools CP-SAT v9.15.6755) ...
INFO:p22.p22_i16_slothy_start.split.152_192:INFEASIBLE, wall time: 0.000762 s
INFO:p22.p22_i16_slothy_start.split.152_192:Attempt optimization with max 8 stalls...
INFO:p22.p22_i16_slothy_start.split.152_192:Setting timeout of 30 seconds...
INFO:p22.p22_i16_slothy_start.split.152_192:Objective: None (any satisfying solution is fine)
INFO:p22.p22_i16_slothy_start.split.152_192:Invoking external constraint solver (OR-Tools CP-SAT v9.15.6755) ...
INFO:p22.p22_i16_slothy_start.split.152_192:INFEASIBLE, wall time: 0.000861 s
INFO:p22.p22_i16_slothy_start.split.152_192:Attempt optimization with max 16 stalls...
INFO:p22.p22_i16_slothy_start.split.152_192:Setting timeout of 30 seconds...
INFO:p22.p22_i16_slothy_start.split.152_192:Objective: None (any satisfying solution is fine)
INFO:p22.p22_i16_slothy_start.split.152_192:Invoking external constraint solver (OR-Tools CP-SAT v9.15.6755) ...
INFO:p22.p22_i16_slothy_start.split.152_192:INFEASIBLE, wall time: 0.003022 s
INFO:p22.p22_i16_slothy_start.split.152_192:Attempt optimization with max 32 stalls...
INFO:p22.p22_i16_slothy_start.split.152_192:Setting timeout of 30 seconds...
INFO:p22.p22_i16_slothy_start.split.152_192:Objective: None (any satisfying solution is fine)
INFO:p22.p22_i16_slothy_start.split.152_192:Invoking external constraint solver (OR-Tools CP-SAT v9.15.6755) ...
INFO:p22.p22_i16_slothy_start.split.152_192:INFEASIBLE, wall time: 0.014565 s
INFO:p22.p22_i16_slothy_start.split.152_192:Attempt optimization with max 64 stalls...
INFO:p22.p22_i16_slothy_start.split.152_192:Setting timeout of 30 seconds...
INFO:p22.p22_i16_slothy_start.split.152_192:Objective: None (any satisfying solution is fine)
INFO:p22.p22_i16_slothy_start.split.152_192:Invoking external constraint solver (OR-Tools CP-SAT v9.15.6755) ...
INFO:p22.p22_i16_slothy_start.split.152_192:[0.0412s]: Found 1 solutions so far... objective (no objective): currently 0.0, bound 0.0
INFO:p22.p22_i16_slothy_start.split.152_192:OPTIMAL, wall time: 0.043838 s
INFO:p22.p22_i16_slothy_start.split.152_192:Booleans in result: 261
INFO:p22.p22_i16_slothy_start.split.152_192.selfcheck:OK!
WARNING:p22:LLVM (llvm-mc, llvm-nm, llvm-readobj) not found, disabling selftest. Consider installing LLVM.
INFO:p22.p22_i16_slothy_start.split.152_192:Attempt optimization with max 48 stalls...
INFO:p22.p22_i16_slothy_start.split.152_192:Setting timeout of 30 seconds...
INFO:p22.p22_i16_slothy_start.split.152_192:Objective: None (any satisfying solution is fine)
INFO:p22.p22_i16_slothy_start.split.152_192:Invoking external constraint solver (OR-Tools CP-SAT v9.15.6755) ...
INFO:p22.p22_i16_slothy_start.split.152_192:[0.0459s]: Found 1 solutions so far... objective (no objective): currently 0.0, bound 0.0
INFO:p22.p22_i16_slothy_start.split.152_192:OPTIMAL, wall time: 0.050235 s
INFO:p22.p22_i16_slothy_start.split.152_192:Booleans in result: 194
INFO:p22.p22_i16_slothy_start.split.152_192.selfcheck:OK!
WARNING:p22:LLVM (llvm-mc, llvm-nm, llvm-readobj) not found, disabling selftest. Consider installing LLVM.
INFO:p22.p22_i16_slothy_start.split.152_192:Attempt optimization with max 40 stalls...
INFO:p22.p22_i16_slothy_start.split.152_192:Setting timeout of 30 seconds...
INFO:p22.p22_i16_slothy_start.split.152_192:Objective: None (any satisfying solution is fine)
INFO:p22.p22_i16_slothy_start.split.152_192:Invoking external constraint solver (OR-Tools CP-SAT v9.15.6755) ...
INFO:p22.p22_i16_slothy_start.split.152_192:[0.0169s]: Found 1 solutions so far... objective (no objective): currently 0.0, bound 0.0
INFO:p22.p22_i16_slothy_start.split.152_192:OPTIMAL, wall time: 0.019501 s
INFO:p22.p22_i16_slothy_start.split.152_192:Booleans in result: 107
INFO:p22.p22_i16_slothy_start.split.152_192.selfcheck:OK!
WARNING:p22:LLVM (llvm-mc, llvm-nm, llvm-readobj) not found, disabling selftest. Consider installing LLVM.
INFO:p22.p22_i16_slothy_start.split.152_192:Attempt optimization with max 36 stalls...
INFO:p22.p22_i16_slothy_start.split.152_192:Setting timeout of 30 seconds...
INFO:p22.p22_i16_slothy_start.split.152_192:Objective: None (any satisfying solution is fine)
INFO:p22.p22_i16_slothy_start.split.152_192:Invoking external constraint solver (OR-Tools CP-SAT v9.15.6755) ...
INFO:p22.p22_i16_slothy_start.split.152_192:[0.0319s]: Found 1 solutions so far... objective (no objective): currently 0.0, bound 0.0
INFO:p22.p22_i16_slothy_start.split.152_192:OPTIMAL, wall time: 0.034436 s
INFO:p22.p22_i16_slothy_start.split.152_192:Booleans in result: 243
INFO:p22.p22_i16_slothy_start.split.152_192.selfcheck:OK!
WARNING:p22:LLVM (llvm-mc, llvm-nm, llvm-readobj) not found, disabling selftest. Consider installing LLVM.
INFO:p22.p22_i16_slothy_start.split.152_192:Attempt optimization with max 34 stalls...
INFO:p22.p22_i16_slothy_start.split.152_192:Setting timeout of 30 seconds...
INFO:p22.p22_i16_slothy_start.split.152_192:Objective: None (any satisfying solution is fine)
INFO:p22.p22_i16_slothy_start.split.152_192:Invoking external constraint solver (OR-Tools CP-SAT v9.15.6755) ...
INFO:p22.p22_i16_slothy_start.split.152_192:INFEASIBLE, wall time: 0.021939 s
INFO:p22.p22_i16_slothy_start.split.152_192:Attempt optimization with max 35 stalls...
INFO:p22.p22_i16_slothy_start.split.152_192:Setting timeout of 30 seconds...
INFO:p22.p22_i16_slothy_start.split.152_192:Objective: None (any satisfying solution is fine)
INFO:p22.p22_i16_slothy_start.split.152_192:Invoking external constraint solver (OR-Tools CP-SAT v9.15.6755) ...
INFO:p22.p22_i16_slothy_start.split.152_192:INFEASIBLE, wall time: 0.017853 s
INFO:p22.p22_i16_slothy_start.split:[  0- 12]: *********....................... (9)
INFO:p22.p22_i16_slothy_start.split:[ 12- 25]: ****************................ (16)
INFO:p22.p22_i16_slothy_start.split:[ 25- 38]: ********************............ (20)
INFO:p22.p22_i16_slothy_start.split:[ 38- 50]: ***********************......... (23)
INFO:p22.p22_i16_slothy_start.split:[ 50- 63]: **************************...... (26)
INFO:p22.p22_i16_slothy_start.split:[ 63- 76]: ***************************..... (27)
INFO:p22.p22_i16_slothy_start.split:[ 76- 88]: *****************************... (29)
INFO:p22.p22_i16_slothy_start.split:[ 88-101]: *****************************... (29)
INFO:p22.p22_i16_slothy_start.split:[101-114]: ******************************.. (30)
INFO:p22.p22_i16_slothy_start.split:[114-127]: *****************************... (29)
INFO:p22.p22_i16_slothy_start.split:[127-139]: ***************************..... (27)
INFO:p22.p22_i16_slothy_start.split:[139-152]: *************************....... (25)
INFO:p22.p22_i16_slothy_start.split:[152-165]: **********************.......... (22)
INFO:p22.p22_i16_slothy_start.split:[165-177]: ************************........ (24)
INFO:p22.p22_i16_slothy_start.split:[177-190]: **********************.......... (22)
INFO:p22.p22_i16_slothy_start.split:[190-203]: **************************...... (26)
INFO:p22.p22_i16_slothy_start.split:[203-215]: ***************************..... (27)
INFO:p22.p22_i16_slothy_start.split:[215-228]: ***************************..... (27)
INFO:p22.p22_i16_slothy_start.split:[228-241]: ****************************.... (28)
INFO:p22.p22_i16_slothy_start.split:[241-254]: ************************........ (24)
INFO:p22.p22_i16_slothy_start.split:[254-266]: ****************************.... (28)
INFO:p22.p22_i16_slothy_start.split:[266-279]: **************************...... (26)
INFO:p22.p22_i16_slothy_start.split:[279-292]: ****************************.... (28)
INFO:p22.p22_i16_slothy_start.split:[292-304]: ****************************.... (28)
INFO:p22.p22_i16_slothy_start.split:[304-317]: ***************************..... (27)
INFO:p22.p22_i16_slothy_start.split:[317-330]: ******************************.. (30)
INFO:p22.p22_i16_slothy_start.split:[330-342]: ***************************..... (27)
INFO:p22.p22_i16_slothy_start.split:[342-355]: *******************************. (31)
INFO:p22.p22_i16_slothy_start.split:[355-368]: ****************************.... (28)
INFO:p22.p22_i16_slothy_start.split:[368-381]: *****************************... (29)
INFO:p22.p22_i16_slothy_start.split:[381-393]: ******************************.. (30)
INFO:p22.p22_i16_slothy_start.split:[393-406]: ***************************..... (27)
INFO:p22.p22_i16_slothy_start.split:[406-419]: ******************************.. (30)
INFO:p22.p22_i16_slothy_start.split:[419-431]: ***************************..... (27)
INFO:p22.p22_i16_slothy_start.split:[431-444]: ****************************.... (28)
INFO:p22.p22_i16_slothy_start.split:[444-457]: ***************************..... (27)
INFO:p22.p22_i16_slothy_start.split:[457-469]: *************************....... (25)
INFO:p22.p22_i16_slothy_start.split:[469-482]: ***************************..... (27)
INFO:p22.p22_i16_slothy_start.split:[482-495]: *************************....... (25)
INFO:p22.p22_i16_slothy_start.split:[495-508]: *************************....... (25)
INFO:p22.p22_i16_slothy_start.split:[508-520]: ***********************......... (23)
INFO:p22.p22_i16_slothy_start.split:[520-533]: ***********************......... (23)
INFO:p22.p22_i16_slothy_start.split:[533-546]: ***************************..... (27)
INFO:p22.p22_i16_slothy_start.split:[546-558]: **************************...... (26)
INFO:p22.p22_i16_slothy_start.split:[558-571]: ******************************.. (30)
INFO:p22.p22_i16_slothy_start.split:[571-584]: ****************************.... (28)
INFO:p22.p22_i16_slothy_start.split:[584-596]: *****************************... (29)
INFO:p22.p22_i16_slothy_start.split:[596-609]: ******************************.. (30)
INFO:p22.p22_i16_slothy_start.split:[609-622]: **************************...... (26)
INFO:p22.p22_i16_slothy_start.split:[622-635]: ******************.............. (18)
INFO:p22.p22_i16_slothy_start.split.178_217:Perform external binary search for minimal number of stalls...
INFO:p22.p22_i16_slothy_start.split.178_217:Attempt optimization with max 0 stalls...
INFO:p22.p22_i16_slothy_start.split.178_217:Setting timeout of 30 seconds...
INFO:p22.p22_i16_slothy_start.split.178_217:Objective: None (any satisfying solution is fine)
INFO:p22.p22_i16_slothy_start.split.178_217:Invoking external constraint solver (OR-Tools CP-SAT v9.15.6755) ...
INFO:p22.p22_i16_slothy_start.split.178_217:INFEASIBLE, wall time: 0.000826 s
INFO:p22.p22_i16_slothy_start.split.178_217:Attempt optimization with max 1 stalls...
INFO:p22.p22_i16_slothy_start.split.178_217:Setting timeout of 30 seconds...
INFO:p22.p22_i16_slothy_start.split.178_217:Objective: None (any satisfying solution is fine)
INFO:p22.p22_i16_slothy_start.split.178_217:Invoking external constraint solver (OR-Tools CP-SAT v9.15.6755) ...
INFO:p22.p22_i16_slothy_start.split.178_217:INFEASIBLE, wall time: 0.001105 s
INFO:p22.p22_i16_slothy_start.split.178_217:Attempt optimization with max 2 stalls...
INFO:p22.p22_i16_slothy_start.split.178_217:Setting timeout of 30 seconds...
INFO:p22.p22_i16_slothy_start.split.178_217:Objective: None (any satisfying solution is fine)
INFO:p22.p22_i16_slothy_start.split.178_217:Invoking external constraint solver (OR-Tools CP-SAT v9.15.6755) ...
INFO:p22.p22_i16_slothy_start.split.178_217:INFEASIBLE, wall time: 0.000822 s
INFO:p22.p22_i16_slothy_start.split.178_217:Attempt optimization with max 4 stalls...
INFO:p22.p22_i16_slothy_start.split.178_217:Setting timeout of 30 seconds...
INFO:p22.p22_i16_slothy_start.split.178_217:Objective: None (any satisfying solution is fine)
INFO:p22.p22_i16_slothy_start.split.178_217:Invoking external constraint solver (OR-Tools CP-SAT v9.15.6755) ...
INFO:p22.p22_i16_slothy_start.split.178_217:INFEASIBLE, wall time: 0.000781 s
INFO:p22.p22_i16_slothy_start.split.178_217:Attempt optimization with max 8 stalls...
INFO:p22.p22_i16_slothy_start.split.178_217:Setting timeout of 30 seconds...
INFO:p22.p22_i16_slothy_start.split.178_217:Objective: None (any satisfying solution is fine)
INFO:p22.p22_i16_slothy_start.split.178_217:Invoking external constraint solver (OR-Tools CP-SAT v9.15.6755) ...
INFO:p22.p22_i16_slothy_start.split.178_217:INFEASIBLE, wall time: 0.000803 s
INFO:p22.p22_i16_slothy_start.split.178_217:Attempt optimization with max 16 stalls...
INFO:p22.p22_i16_slothy_start.split.178_217:Setting timeout of 30 seconds...
INFO:p22.p22_i16_slothy_start.split.178_217:Objective: None (any satisfying solution is fine)
INFO:p22.p22_i16_slothy_start.split.178_217:Invoking external constraint solver (OR-Tools CP-SAT v9.15.6755) ...
INFO:p22.p22_i16_slothy_start.split.178_217:INFEASIBLE, wall time: 0.003118 s
INFO:p22.p22_i16_slothy_start.split.178_217:Attempt optimization with max 32 stalls...
INFO:p22.p22_i16_slothy_start.split.178_217:Setting timeout of 30 seconds...
INFO:p22.p22_i16_slothy_start.split.178_217:Objective: None (any satisfying solution is fine)
INFO:p22.p22_i16_slothy_start.split.178_217:Invoking external constraint solver (OR-Tools CP-SAT v9.15.6755) ...
INFO:p22.p22_i16_slothy_start.split.178_217:[0.0119s]: Found 1 solutions so far... objective (no objective): currently 0.0, bound 0.0
INFO:p22.p22_i16_slothy_start.split.178_217:OPTIMAL, wall time: 0.014541 s
INFO:p22.p22_i16_slothy_start.split.178_217:Booleans in result: 110
INFO:p22.p22_i16_slothy_start.split.178_217.selfcheck:OK!
WARNING:p22:LLVM (llvm-mc, llvm-nm, llvm-readobj) not found, disabling selftest. Consider installing LLVM.
INFO:p22.p22_i16_slothy_start.split.178_217:Attempt optimization with max 24 stalls...
INFO:p22.p22_i16_slothy_start.split.178_217:Setting timeout of 30 seconds...
INFO:p22.p22_i16_slothy_start.split.178_217:Objective: None (any satisfying solution is fine)
INFO:p22.p22_i16_slothy_start.split.178_217:Invoking external constraint solver (OR-Tools CP-SAT v9.15.6755) ...
INFO:p22.p22_i16_slothy_start.split.178_217:[0.0128s]: Found 1 solutions so far... objective (no objective): currently 0.0, bound 0.0
INFO:p22.p22_i16_slothy_start.split.178_217:OPTIMAL, wall time: 0.015093 s
INFO:p22.p22_i16_slothy_start.split.178_217:Booleans in result: 144
INFO:p22.p22_i16_slothy_start.split.178_217.selfcheck:OK!
WARNING:p22:LLVM (llvm-mc, llvm-nm, llvm-readobj) not found, disabling selftest. Consider installing LLVM.
INFO:p22.p22_i16_slothy_start.split.178_217:Attempt optimization with max 20 stalls...
INFO:p22.p22_i16_slothy_start.split.178_217:Setting timeout of 30 seconds...
INFO:p22.p22_i16_slothy_start.split.178_217:Objective: None (any satisfying solution is fine)
INFO:p22.p22_i16_slothy_start.split.178_217:Invoking external constraint solver (OR-Tools CP-SAT v9.15.6755) ...
INFO:p22.p22_i16_slothy_start.split.178_217:[0.0126s]: Found 1 solutions so far... objective (no objective): currently 0.0, bound 0.0
INFO:p22.p22_i16_slothy_start.split.178_217:OPTIMAL, wall time: 0.014959 s
INFO:p22.p22_i16_slothy_start.split.178_217:Booleans in result: 95
INFO:p22.p22_i16_slothy_start.split.178_217.selfcheck:OK!
WARNING:p22:LLVM (llvm-mc, llvm-nm, llvm-readobj) not found, disabling selftest. Consider installing LLVM.
INFO:p22.p22_i16_slothy_start.split.178_217:Attempt optimization with max 18 stalls...
INFO:p22.p22_i16_slothy_start.split.178_217:Setting timeout of 30 seconds...
INFO:p22.p22_i16_slothy_start.split.178_217:Objective: None (any satisfying solution is fine)
INFO:p22.p22_i16_slothy_start.split.178_217:Invoking external constraint solver (OR-Tools CP-SAT v9.15.6755) ...
INFO:p22.p22_i16_slothy_start.split.178_217:[0.0107s]: Found 1 solutions so far... objective (no objective): currently 0.0, bound 0.0
INFO:p22.p22_i16_slothy_start.split.178_217:OPTIMAL, wall time: 0.013535 s
INFO:p22.p22_i16_slothy_start.split.178_217:Booleans in result: 92
INFO:p22.p22_i16_slothy_start.split.178_217.selfcheck:OK!
WARNING:p22:LLVM (llvm-mc, llvm-nm, llvm-readobj) not found, disabling selftest. Consider installing LLVM.
INFO:p22.p22_i16_slothy_start.split.178_217:Attempt optimization with max 17 stalls...
INFO:p22.p22_i16_slothy_start.split.178_217:Setting timeout of 30 seconds...
INFO:p22.p22_i16_slothy_start.split.178_217:Objective: None (any satisfying solution is fine)
INFO:p22.p22_i16_slothy_start.split.178_217:Invoking external constraint solver (OR-Tools CP-SAT v9.15.6755) ...
INFO:p22.p22_i16_slothy_start.split.178_217:[0.0106s]: Found 1 solutions so far... objective (no objective): currently 0.0, bound 0.0
INFO:p22.p22_i16_slothy_start.split.178_217:OPTIMAL, wall time: 0.012948 s
INFO:p22.p22_i16_slothy_start.split.178_217:Booleans in result: 85
INFO:p22.p22_i16_slothy_start.split.178_217.selfcheck:OK!
WARNING:p22:LLVM (llvm-mc, llvm-nm, llvm-readobj) not found, disabling selftest. Consider installing LLVM.
INFO:p22.p22_i16_slothy_start.split:[  0- 12]: *********....................... (9)
INFO:p22.p22_i16_slothy_start.split:[ 12- 25]: ****************................ (16)
INFO:p22.p22_i16_slothy_start.split:[ 25- 38]: ********************............ (20)
INFO:p22.p22_i16_slothy_start.split:[ 38- 50]: ***********************......... (23)
INFO:p22.p22_i16_slothy_start.split:[ 50- 63]: **************************...... (26)
INFO:p22.p22_i16_slothy_start.split:[ 63- 76]: ***************************..... (27)
INFO:p22.p22_i16_slothy_start.split:[ 76- 88]: *****************************... (29)
INFO:p22.p22_i16_slothy_start.split:[ 88-101]: *****************************... (29)
INFO:p22.p22_i16_slothy_start.split:[101-114]: ******************************.. (30)
INFO:p22.p22_i16_slothy_start.split:[114-127]: *****************************... (29)
INFO:p22.p22_i16_slothy_start.split:[127-139]: ***************************..... (27)
INFO:p22.p22_i16_slothy_start.split:[139-152]: *************************....... (25)
INFO:p22.p22_i16_slothy_start.split:[152-165]: **********************.......... (22)
INFO:p22.p22_i16_slothy_start.split:[165-177]: ********************............ (20)
INFO:p22.p22_i16_slothy_start.split:[177-190]: ******************.............. (18)
INFO:p22.p22_i16_slothy_start.split:[190-203]: ********************............ (20)
INFO:p22.p22_i16_slothy_start.split:[203-215]: ************************........ (24)
INFO:p22.p22_i16_slothy_start.split:[215-228]: ************************........ (24)
INFO:p22.p22_i16_slothy_start.split:[228-241]: ***************************..... (27)
INFO:p22.p22_i16_slothy_start.split:[241-254]: ************************........ (24)
INFO:p22.p22_i16_slothy_start.split:[254-266]: ****************************.... (28)
INFO:p22.p22_i16_slothy_start.split:[266-279]: **************************...... (26)
INFO:p22.p22_i16_slothy_start.split:[279-292]: ****************************.... (28)
INFO:p22.p22_i16_slothy_start.split:[292-304]: ****************************.... (28)
INFO:p22.p22_i16_slothy_start.split:[304-317]: ***************************..... (27)
INFO:p22.p22_i16_slothy_start.split:[317-330]: ******************************.. (30)
INFO:p22.p22_i16_slothy_start.split:[330-342]: ***************************..... (27)
INFO:p22.p22_i16_slothy_start.split:[342-355]: *******************************. (31)
INFO:p22.p22_i16_slothy_start.split:[355-368]: ****************************.... (28)
INFO:p22.p22_i16_slothy_start.split:[368-381]: *****************************... (29)
INFO:p22.p22_i16_slothy_start.split:[381-393]: ******************************.. (30)
INFO:p22.p22_i16_slothy_start.split:[393-406]: ***************************..... (27)
INFO:p22.p22_i16_slothy_start.split:[406-419]: ******************************.. (30)
INFO:p22.p22_i16_slothy_start.split:[419-431]: ***************************..... (27)
INFO:p22.p22_i16_slothy_start.split:[431-444]: ****************************.... (28)
INFO:p22.p22_i16_slothy_start.split:[444-457]: ***************************..... (27)
INFO:p22.p22_i16_slothy_start.split:[457-469]: *************************....... (25)
INFO:p22.p22_i16_slothy_start.split:[469-482]: ***************************..... (27)
INFO:p22.p22_i16_slothy_start.split:[482-495]: *************************....... (25)
INFO:p22.p22_i16_slothy_start.split:[495-508]: *************************....... (25)
INFO:p22.p22_i16_slothy_start.split:[508-520]: ***********************......... (23)
INFO:p22.p22_i16_slothy_start.split:[520-533]: ***********************......... (23)
INFO:p22.p22_i16_slothy_start.split:[533-546]: ***************************..... (27)
INFO:p22.p22_i16_slothy_start.split:[546-558]: **************************...... (26)
INFO:p22.p22_i16_slothy_start.split:[558-571]: ******************************.. (30)
INFO:p22.p22_i16_slothy_start.split:[571-584]: ****************************.... (28)
INFO:p22.p22_i16_slothy_start.split:[584-596]: *****************************... (29)
INFO:p22.p22_i16_slothy_start.split:[596-609]: ******************************.. (30)
INFO:p22.p22_i16_slothy_start.split:[609-622]: **************************...... (26)
INFO:p22.p22_i16_slothy_start.split:[622-635]: ******************.............. (18)
INFO:p22.p22_i16_slothy_start.split.203_243:Perform external binary search for minimal number of stalls...
INFO:p22.p22_i16_slothy_start.split.203_243:Attempt optimization with max 0 stalls...
INFO:p22.p22_i16_slothy_start.split.203_243:Setting timeout of 30 seconds...
INFO:p22.p22_i16_slothy_start.split.203_243:Objective: None (any satisfying solution is fine)
INFO:p22.p22_i16_slothy_start.split.203_243:Invoking external constraint solver (OR-Tools CP-SAT v9.15.6755) ...
INFO:p22.p22_i16_slothy_start.split.203_243:INFEASIBLE, wall time: 0.000756 s
INFO:p22.p22_i16_slothy_start.split.203_243:Attempt optimization with max 1 stalls...
INFO:p22.p22_i16_slothy_start.split.203_243:Setting timeout of 30 seconds...
INFO:p22.p22_i16_slothy_start.split.203_243:Objective: None (any satisfying solution is fine)
INFO:p22.p22_i16_slothy_start.split.203_243:Invoking external constraint solver (OR-Tools CP-SAT v9.15.6755) ...
INFO:p22.p22_i16_slothy_start.split.203_243:INFEASIBLE, wall time: 0.000797 s
INFO:p22.p22_i16_slothy_start.split.203_243:Attempt optimization with max 2 stalls...
INFO:p22.p22_i16_slothy_start.split.203_243:Setting timeout of 30 seconds...
INFO:p22.p22_i16_slothy_start.split.203_243:Objective: None (any satisfying solution is fine)
INFO:p22.p22_i16_slothy_start.split.203_243:Invoking external constraint solver (OR-Tools CP-SAT v9.15.6755) ...
INFO:p22.p22_i16_slothy_start.split.203_243:INFEASIBLE, wall time: 0.000728 s
INFO:p22.p22_i16_slothy_start.split.203_243:Attempt optimization with max 4 stalls...
INFO:p22.p22_i16_slothy_start.split.203_243:Setting timeout of 30 seconds...
INFO:p22.p22_i16_slothy_start.split.203_243:Objective: None (any satisfying solution is fine)
INFO:p22.p22_i16_slothy_start.split.203_243:Invoking external constraint solver (OR-Tools CP-SAT v9.15.6755) ...
INFO:p22.p22_i16_slothy_start.split.203_243:INFEASIBLE, wall time: 0.000780 s
INFO:p22.p22_i16_slothy_start.split.203_243:Attempt optimization with max 8 stalls...
INFO:p22.p22_i16_slothy_start.split.203_243:Setting timeout of 30 seconds...
INFO:p22.p22_i16_slothy_start.split.203_243:Objective: None (any satisfying solution is fine)
INFO:p22.p22_i16_slothy_start.split.203_243:Invoking external constraint solver (OR-Tools CP-SAT v9.15.6755) ...
INFO:p22.p22_i16_slothy_start.split.203_243:INFEASIBLE, wall time: 0.000798 s
INFO:p22.p22_i16_slothy_start.split.203_243:Attempt optimization with max 16 stalls...
INFO:p22.p22_i16_slothy_start.split.203_243:Setting timeout of 30 seconds...
INFO:p22.p22_i16_slothy_start.split.203_243:Objective: None (any satisfying solution is fine)
INFO:p22.p22_i16_slothy_start.split.203_243:Invoking external constraint solver (OR-Tools CP-SAT v9.15.6755) ...
INFO:p22.p22_i16_slothy_start.split.203_243:INFEASIBLE, wall time: 0.003338 s
INFO:p22.p22_i16_slothy_start.split.203_243:Attempt optimization with max 32 stalls...
INFO:p22.p22_i16_slothy_start.split.203_243:Setting timeout of 30 seconds...
INFO:p22.p22_i16_slothy_start.split.203_243:Objective: None (any satisfying solution is fine)
INFO:p22.p22_i16_slothy_start.split.203_243:Invoking external constraint solver (OR-Tools CP-SAT v9.15.6755) ...
INFO:p22.p22_i16_slothy_start.split.203_243:[0.0108s]: Found 1 solutions so far... objective (no objective): currently 0.0, bound 0.0
INFO:p22.p22_i16_slothy_start.split.203_243:OPTIMAL, wall time: 0.013222 s
INFO:p22.p22_i16_slothy_start.split.203_243:Booleans in result: 99
INFO:p22.p22_i16_slothy_start.split.203_243.selfcheck:OK!
WARNING:p22:LLVM (llvm-mc, llvm-nm, llvm-readobj) not found, disabling selftest. Consider installing LLVM.
INFO:p22.p22_i16_slothy_start.split.203_243:Attempt optimization with max 24 stalls...
INFO:p22.p22_i16_slothy_start.split.203_243:Setting timeout of 30 seconds...
INFO:p22.p22_i16_slothy_start.split.203_243:Objective: None (any satisfying solution is fine)
INFO:p22.p22_i16_slothy_start.split.203_243:Invoking external constraint solver (OR-Tools CP-SAT v9.15.6755) ...
INFO:p22.p22_i16_slothy_start.split.203_243:INFEASIBLE, wall time: 0.015438 s
INFO:p22.p22_i16_slothy_start.split.203_243:Attempt optimization with max 28 stalls...
INFO:p22.p22_i16_slothy_start.split.203_243:Setting timeout of 30 seconds...
INFO:p22.p22_i16_slothy_start.split.203_243:Objective: None (any satisfying solution is fine)
INFO:p22.p22_i16_slothy_start.split.203_243:Invoking external constraint solver (OR-Tools CP-SAT v9.15.6755) ...
INFO:p22.p22_i16_slothy_start.split.203_243:[0.0836s]: Found 1 solutions so far... objective (no objective): currently 0.0, bound 0.0
INFO:p22.p22_i16_slothy_start.split.203_243:OPTIMAL, wall time: 0.087759 s
INFO:p22.p22_i16_slothy_start.split.203_243:Booleans in result: 339
INFO:p22.p22_i16_slothy_start.split.203_243.selfcheck:OK!
WARNING:p22:LLVM (llvm-mc, llvm-nm, llvm-readobj) not found, disabling selftest. Consider installing LLVM.
INFO:p22.p22_i16_slothy_start.split.203_243:Attempt optimization with max 26 stalls...
INFO:p22.p22_i16_slothy_start.split.203_243:Setting timeout of 30 seconds...
INFO:p22.p22_i16_slothy_start.split.203_243:Objective: None (any satisfying solution is fine)
INFO:p22.p22_i16_slothy_start.split.203_243:Invoking external constraint solver (OR-Tools CP-SAT v9.15.6755) ...
INFO:p22.p22_i16_slothy_start.split.203_243:INFEASIBLE, wall time: 0.052325 s
INFO:p22.p22_i16_slothy_start.split.203_243:Attempt optimization with max 27 stalls...
INFO:p22.p22_i16_slothy_start.split.203_243:Setting timeout of 30 seconds...
INFO:p22.p22_i16_slothy_start.split.203_243:Objective: None (any satisfying solution is fine)
INFO:p22.p22_i16_slothy_start.split.203_243:Invoking external constraint solver (OR-Tools CP-SAT v9.15.6755) ...
INFO:p22.p22_i16_slothy_start.split.203_243:[0.0500s]: Found 1 solutions so far... objective (no objective): currently 0.0, bound 0.0
INFO:p22.p22_i16_slothy_start.split.203_243:OPTIMAL, wall time: 0.054141 s
INFO:p22.p22_i16_slothy_start.split.203_243:Booleans in result: 299
INFO:p22.p22_i16_slothy_start.split.203_243.selfcheck:OK!
WARNING:p22:LLVM (llvm-mc, llvm-nm, llvm-readobj) not found, disabling selftest. Consider installing LLVM.
INFO:p22.p22_i16_slothy_start.split:[  0- 12]: *********....................... (9)
INFO:p22.p22_i16_slothy_start.split:[ 12- 25]: ****************................ (16)
INFO:p22.p22_i16_slothy_start.split:[ 25- 38]: ********************............ (20)
INFO:p22.p22_i16_slothy_start.split:[ 38- 50]: ***********************......... (23)
INFO:p22.p22_i16_slothy_start.split:[ 50- 63]: **************************...... (26)
INFO:p22.p22_i16_slothy_start.split:[ 63- 76]: ***************************..... (27)
INFO:p22.p22_i16_slothy_start.split:[ 76- 88]: *****************************... (29)
INFO:p22.p22_i16_slothy_start.split:[ 88-101]: *****************************... (29)
INFO:p22.p22_i16_slothy_start.split:[101-114]: ******************************.. (30)
INFO:p22.p22_i16_slothy_start.split:[114-127]: *****************************... (29)
INFO:p22.p22_i16_slothy_start.split:[127-139]: ***************************..... (27)
INFO:p22.p22_i16_slothy_start.split:[139-152]: *************************....... (25)
INFO:p22.p22_i16_slothy_start.split:[152-165]: **********************.......... (22)
INFO:p22.p22_i16_slothy_start.split:[165-177]: ********************............ (20)
INFO:p22.p22_i16_slothy_start.split:[177-190]: ******************.............. (18)
INFO:p22.p22_i16_slothy_start.split:[190-203]: ******************.............. (18)
INFO:p22.p22_i16_slothy_start.split:[203-215]: *******************............. (19)
INFO:p22.p22_i16_slothy_start.split:[215-228]: *********************........... (21)
INFO:p22.p22_i16_slothy_start.split:[228-241]: *************************....... (25)
INFO:p22.p22_i16_slothy_start.split:[241-254]: **************************...... (26)
INFO:p22.p22_i16_slothy_start.split:[254-266]: ****************************.... (28)
INFO:p22.p22_i16_slothy_start.split:[266-279]: **************************...... (26)
INFO:p22.p22_i16_slothy_start.split:[279-292]: ****************************.... (28)
INFO:p22.p22_i16_slothy_start.split:[292-304]: ****************************.... (28)
INFO:p22.p22_i16_slothy_start.split:[304-317]: ***************************..... (27)
INFO:p22.p22_i16_slothy_start.split:[317-330]: ******************************.. (30)
INFO:p22.p22_i16_slothy_start.split:[330-342]: ***************************..... (27)
INFO:p22.p22_i16_slothy_start.split:[342-355]: *******************************. (31)
INFO:p22.p22_i16_slothy_start.split:[355-368]: ****************************.... (28)
INFO:p22.p22_i16_slothy_start.split:[368-381]: *****************************... (29)
INFO:p22.p22_i16_slothy_start.split:[381-393]: ******************************.. (30)
INFO:p22.p22_i16_slothy_start.split:[393-406]: ***************************..... (27)
INFO:p22.p22_i16_slothy_start.split:[406-419]: ******************************.. (30)
INFO:p22.p22_i16_slothy_start.split:[419-431]: ***************************..... (27)
INFO:p22.p22_i16_slothy_start.split:[431-444]: ****************************.... (28)
INFO:p22.p22_i16_slothy_start.split:[444-457]: ***************************..... (27)
INFO:p22.p22_i16_slothy_start.split:[457-469]: *************************....... (25)
INFO:p22.p22_i16_slothy_start.split:[469-482]: ***************************..... (27)
INFO:p22.p22_i16_slothy_start.split:[482-495]: *************************....... (25)
INFO:p22.p22_i16_slothy_start.split:[495-508]: *************************....... (25)
INFO:p22.p22_i16_slothy_start.split:[508-520]: ***********************......... (23)
INFO:p22.p22_i16_slothy_start.split:[520-533]: ***********************......... (23)
INFO:p22.p22_i16_slothy_start.split:[533-546]: ***************************..... (27)
INFO:p22.p22_i16_slothy_start.split:[546-558]: **************************...... (26)
INFO:p22.p22_i16_slothy_start.split:[558-571]: ******************************.. (30)
INFO:p22.p22_i16_slothy_start.split:[571-584]: ****************************.... (28)
INFO:p22.p22_i16_slothy_start.split:[584-596]: *****************************... (29)
INFO:p22.p22_i16_slothy_start.split:[596-609]: ******************************.. (30)
INFO:p22.p22_i16_slothy_start.split:[609-622]: **************************...... (26)
INFO:p22.p22_i16_slothy_start.split:[622-635]: ******************.............. (18)
INFO:p22.p22_i16_slothy_start.split.229_268:Perform external binary search for minimal number of stalls...
INFO:p22.p22_i16_slothy_start.split.229_268:Attempt optimization with max 0 stalls...
INFO:p22.p22_i16_slothy_start.split.229_268:Setting timeout of 30 seconds...
INFO:p22.p22_i16_slothy_start.split.229_268:Objective: None (any satisfying solution is fine)
INFO:p22.p22_i16_slothy_start.split.229_268:Invoking external constraint solver (OR-Tools CP-SAT v9.15.6755) ...
INFO:p22.p22_i16_slothy_start.split.229_268:INFEASIBLE, wall time: 0.000805 s
INFO:p22.p22_i16_slothy_start.split.229_268:Attempt optimization with max 1 stalls...
INFO:p22.p22_i16_slothy_start.split.229_268:Setting timeout of 30 seconds...
INFO:p22.p22_i16_slothy_start.split.229_268:Objective: None (any satisfying solution is fine)
INFO:p22.p22_i16_slothy_start.split.229_268:Invoking external constraint solver (OR-Tools CP-SAT v9.15.6755) ...
INFO:p22.p22_i16_slothy_start.split.229_268:INFEASIBLE, wall time: 0.000722 s
INFO:p22.p22_i16_slothy_start.split.229_268:Attempt optimization with max 2 stalls...
INFO:p22.p22_i16_slothy_start.split.229_268:Setting timeout of 30 seconds...
INFO:p22.p22_i16_slothy_start.split.229_268:Objective: None (any satisfying solution is fine)
INFO:p22.p22_i16_slothy_start.split.229_268:Invoking external constraint solver (OR-Tools CP-SAT v9.15.6755) ...
INFO:p22.p22_i16_slothy_start.split.229_268:INFEASIBLE, wall time: 0.000749 s
INFO:p22.p22_i16_slothy_start.split.229_268:Attempt optimization with max 4 stalls...
INFO:p22.p22_i16_slothy_start.split.229_268:Setting timeout of 30 seconds...
INFO:p22.p22_i16_slothy_start.split.229_268:Objective: None (any satisfying solution is fine)
INFO:p22.p22_i16_slothy_start.split.229_268:Invoking external constraint solver (OR-Tools CP-SAT v9.15.6755) ...
INFO:p22.p22_i16_slothy_start.split.229_268:INFEASIBLE, wall time: 0.000758 s
INFO:p22.p22_i16_slothy_start.split.229_268:Attempt optimization with max 8 stalls...
INFO:p22.p22_i16_slothy_start.split.229_268:Setting timeout of 30 seconds...
INFO:p22.p22_i16_slothy_start.split.229_268:Objective: None (any satisfying solution is fine)
INFO:p22.p22_i16_slothy_start.split.229_268:Invoking external constraint solver (OR-Tools CP-SAT v9.15.6755) ...
INFO:p22.p22_i16_slothy_start.split.229_268:INFEASIBLE, wall time: 0.000755 s
INFO:p22.p22_i16_slothy_start.split.229_268:Attempt optimization with max 16 stalls...
INFO:p22.p22_i16_slothy_start.split.229_268:Setting timeout of 30 seconds...
INFO:p22.p22_i16_slothy_start.split.229_268:Objective: None (any satisfying solution is fine)
INFO:p22.p22_i16_slothy_start.split.229_268:Invoking external constraint solver (OR-Tools CP-SAT v9.15.6755) ...
INFO:p22.p22_i16_slothy_start.split.229_268:INFEASIBLE, wall time: 0.002782 s
INFO:p22.p22_i16_slothy_start.split.229_268:Attempt optimization with max 32 stalls...
INFO:p22.p22_i16_slothy_start.split.229_268:Setting timeout of 30 seconds...
INFO:p22.p22_i16_slothy_start.split.229_268:Objective: None (any satisfying solution is fine)
INFO:p22.p22_i16_slothy_start.split.229_268:Invoking external constraint solver (OR-Tools CP-SAT v9.15.6755) ...
INFO:p22.p22_i16_slothy_start.split.229_268:[0.0095s]: Found 1 solutions so far... objective (no objective): currently 0.0, bound 0.0
INFO:p22.p22_i16_slothy_start.split.229_268:OPTIMAL, wall time: 0.011860 s
INFO:p22.p22_i16_slothy_start.split.229_268:Booleans in result: 80
INFO:p22.p22_i16_slothy_start.split.229_268.selfcheck:OK!
WARNING:p22:LLVM (llvm-mc, llvm-nm, llvm-readobj) not found, disabling selftest. Consider installing LLVM.
INFO:p22.p22_i16_slothy_start.split.229_268:Attempt optimization with max 24 stalls...
INFO:p22.p22_i16_slothy_start.split.229_268:Setting timeout of 30 seconds...
INFO:p22.p22_i16_slothy_start.split.229_268:Objective: None (any satisfying solution is fine)
INFO:p22.p22_i16_slothy_start.split.229_268:Invoking external constraint solver (OR-Tools CP-SAT v9.15.6755) ...
INFO:p22.p22_i16_slothy_start.split.229_268:[0.0137s]: Found 1 solutions so far... objective (no objective): currently 0.0, bound 0.0
INFO:p22.p22_i16_slothy_start.split.229_268:OPTIMAL, wall time: 0.016113 s
INFO:p22.p22_i16_slothy_start.split.229_268:Booleans in result: 82
INFO:p22.p22_i16_slothy_start.split.229_268.selfcheck:OK!
WARNING:p22:LLVM (llvm-mc, llvm-nm, llvm-readobj) not found, disabling selftest. Consider installing LLVM.
INFO:p22.p22_i16_slothy_start.split.229_268:Attempt optimization with max 20 stalls...
INFO:p22.p22_i16_slothy_start.split.229_268:Setting timeout of 30 seconds...
INFO:p22.p22_i16_slothy_start.split.229_268:Objective: None (any satisfying solution is fine)
INFO:p22.p22_i16_slothy_start.split.229_268:Invoking external constraint solver (OR-Tools CP-SAT v9.15.6755) ...
INFO:p22.p22_i16_slothy_start.split.229_268:INFEASIBLE, wall time: 0.031099 s
INFO:p22.p22_i16_slothy_start.split.229_268:Attempt optimization with max 22 stalls...
INFO:p22.p22_i16_slothy_start.split.229_268:Setting timeout of 30 seconds...
INFO:p22.p22_i16_slothy_start.split.229_268:Objective: None (any satisfying solution is fine)
INFO:p22.p22_i16_slothy_start.split.229_268:Invoking external constraint solver (OR-Tools CP-SAT v9.15.6755) ...
INFO:p22.p22_i16_slothy_start.split.229_268:INFEASIBLE, wall time: 0.032393 s
INFO:p22.p22_i16_slothy_start.split.229_268:Attempt optimization with max 23 stalls...
INFO:p22.p22_i16_slothy_start.split.229_268:Setting timeout of 30 seconds...
INFO:p22.p22_i16_slothy_start.split.229_268:Objective: None (any satisfying solution is fine)
INFO:p22.p22_i16_slothy_start.split.229_268:Invoking external constraint solver (OR-Tools CP-SAT v9.15.6755) ...
INFO:p22.p22_i16_slothy_start.split.229_268:INFEASIBLE, wall time: 0.074782 s
INFO:p22.p22_i16_slothy_start.split:[  0- 12]: *********....................... (9)
INFO:p22.p22_i16_slothy_start.split:[ 12- 25]: ****************................ (16)
INFO:p22.p22_i16_slothy_start.split:[ 25- 38]: ********************............ (20)
INFO:p22.p22_i16_slothy_start.split:[ 38- 50]: ***********************......... (23)
INFO:p22.p22_i16_slothy_start.split:[ 50- 63]: **************************...... (26)
INFO:p22.p22_i16_slothy_start.split:[ 63- 76]: ***************************..... (27)
INFO:p22.p22_i16_slothy_start.split:[ 76- 88]: *****************************... (29)
INFO:p22.p22_i16_slothy_start.split:[ 88-101]: *****************************... (29)
INFO:p22.p22_i16_slothy_start.split:[101-114]: ******************************.. (30)
INFO:p22.p22_i16_slothy_start.split:[114-127]: *****************************... (29)
INFO:p22.p22_i16_slothy_start.split:[127-139]: ***************************..... (27)
INFO:p22.p22_i16_slothy_start.split:[139-152]: *************************....... (25)
INFO:p22.p22_i16_slothy_start.split:[152-165]: **********************.......... (22)
INFO:p22.p22_i16_slothy_start.split:[165-177]: ********************............ (20)
INFO:p22.p22_i16_slothy_start.split:[177-190]: ******************.............. (18)
INFO:p22.p22_i16_slothy_start.split:[190-203]: ******************.............. (18)
INFO:p22.p22_i16_slothy_start.split:[203-215]: ******************.............. (18)
INFO:p22.p22_i16_slothy_start.split:[215-228]: *****************............... (17)
INFO:p22.p22_i16_slothy_start.split:[228-241]: *******************............. (19)
INFO:p22.p22_i16_slothy_start.split:[241-254]: ********************............ (20)
INFO:p22.p22_i16_slothy_start.split:[254-266]: *************************....... (25)
INFO:p22.p22_i16_slothy_start.split:[266-279]: *************************....... (25)
INFO:p22.p22_i16_slothy_start.split:[279-292]: ****************************.... (28)
INFO:p22.p22_i16_slothy_start.split:[292-304]: ****************************.... (28)
INFO:p22.p22_i16_slothy_start.split:[304-317]: ***************************..... (27)
INFO:p22.p22_i16_slothy_start.split:[317-330]: ******************************.. (30)
INFO:p22.p22_i16_slothy_start.split:[330-342]: ***************************..... (27)
INFO:p22.p22_i16_slothy_start.split:[342-355]: *******************************. (31)
INFO:p22.p22_i16_slothy_start.split:[355-368]: ****************************.... (28)
INFO:p22.p22_i16_slothy_start.split:[368-381]: *****************************... (29)
INFO:p22.p22_i16_slothy_start.split:[381-393]: ******************************.. (30)
INFO:p22.p22_i16_slothy_start.split:[393-406]: ***************************..... (27)
INFO:p22.p22_i16_slothy_start.split:[406-419]: ******************************.. (30)
INFO:p22.p22_i16_slothy_start.split:[419-431]: ***************************..... (27)
INFO:p22.p22_i16_slothy_start.split:[431-444]: ****************************.... (28)
INFO:p22.p22_i16_slothy_start.split:[444-457]: ***************************..... (27)
INFO:p22.p22_i16_slothy_start.split:[457-469]: *************************....... (25)
INFO:p22.p22_i16_slothy_start.split:[469-482]: ***************************..... (27)
INFO:p22.p22_i16_slothy_start.split:[482-495]: *************************....... (25)
INFO:p22.p22_i16_slothy_start.split:[495-508]: *************************....... (25)
INFO:p22.p22_i16_slothy_start.split:[508-520]: ***********************......... (23)
INFO:p22.p22_i16_slothy_start.split:[520-533]: ***********************......... (23)
INFO:p22.p22_i16_slothy_start.split:[533-546]: ***************************..... (27)
INFO:p22.p22_i16_slothy_start.split:[546-558]: **************************...... (26)
INFO:p22.p22_i16_slothy_start.split:[558-571]: ******************************.. (30)
INFO:p22.p22_i16_slothy_start.split:[571-584]: ****************************.... (28)
INFO:p22.p22_i16_slothy_start.split:[584-596]: *****************************... (29)
INFO:p22.p22_i16_slothy_start.split:[596-609]: ******************************.. (30)
INFO:p22.p22_i16_slothy_start.split:[609-622]: **************************...... (26)
INFO:p22.p22_i16_slothy_start.split:[622-635]: ******************.............. (18)
INFO:p22.p22_i16_slothy_start.split.254_294:Perform external binary search for minimal number of stalls...
INFO:p22.p22_i16_slothy_start.split.254_294:Attempt optimization with max 0 stalls...
INFO:p22.p22_i16_slothy_start.split.254_294:Setting timeout of 30 seconds...
INFO:p22.p22_i16_slothy_start.split.254_294:Objective: None (any satisfying solution is fine)
INFO:p22.p22_i16_slothy_start.split.254_294:Invoking external constraint solver (OR-Tools CP-SAT v9.15.6755) ...
INFO:p22.p22_i16_slothy_start.split.254_294:INFEASIBLE, wall time: 0.000734 s
INFO:p22.p22_i16_slothy_start.split.254_294:Attempt optimization with max 1 stalls...
INFO:p22.p22_i16_slothy_start.split.254_294:Setting timeout of 30 seconds...
INFO:p22.p22_i16_slothy_start.split.254_294:Objective: None (any satisfying solution is fine)
INFO:p22.p22_i16_slothy_start.split.254_294:Invoking external constraint solver (OR-Tools CP-SAT v9.15.6755) ...
INFO:p22.p22_i16_slothy_start.split.254_294:INFEASIBLE, wall time: 0.000732 s
INFO:p22.p22_i16_slothy_start.split.254_294:Attempt optimization with max 2 stalls...
INFO:p22.p22_i16_slothy_start.split.254_294:Setting timeout of 30 seconds...
INFO:p22.p22_i16_slothy_start.split.254_294:Objective: None (any satisfying solution is fine)
INFO:p22.p22_i16_slothy_start.split.254_294:Invoking external constraint solver (OR-Tools CP-SAT v9.15.6755) ...
INFO:p22.p22_i16_slothy_start.split.254_294:INFEASIBLE, wall time: 0.000959 s
INFO:p22.p22_i16_slothy_start.split.254_294:Attempt optimization with max 4 stalls...
INFO:p22.p22_i16_slothy_start.split.254_294:Setting timeout of 30 seconds...
INFO:p22.p22_i16_slothy_start.split.254_294:Objective: None (any satisfying solution is fine)
INFO:p22.p22_i16_slothy_start.split.254_294:Invoking external constraint solver (OR-Tools CP-SAT v9.15.6755) ...
INFO:p22.p22_i16_slothy_start.split.254_294:INFEASIBLE, wall time: 0.000767 s
INFO:p22.p22_i16_slothy_start.split.254_294:Attempt optimization with max 8 stalls...
INFO:p22.p22_i16_slothy_start.split.254_294:Setting timeout of 30 seconds...
INFO:p22.p22_i16_slothy_start.split.254_294:Objective: None (any satisfying solution is fine)
INFO:p22.p22_i16_slothy_start.split.254_294:Invoking external constraint solver (OR-Tools CP-SAT v9.15.6755) ...
INFO:p22.p22_i16_slothy_start.split.254_294:INFEASIBLE, wall time: 0.000765 s
INFO:p22.p22_i16_slothy_start.split.254_294:Attempt optimization with max 16 stalls...
INFO:p22.p22_i16_slothy_start.split.254_294:Setting timeout of 30 seconds...
INFO:p22.p22_i16_slothy_start.split.254_294:Objective: None (any satisfying solution is fine)
INFO:p22.p22_i16_slothy_start.split.254_294:Invoking external constraint solver (OR-Tools CP-SAT v9.15.6755) ...
INFO:p22.p22_i16_slothy_start.split.254_294:INFEASIBLE, wall time: 0.002938 s
INFO:p22.p22_i16_slothy_start.split.254_294:Attempt optimization with max 32 stalls...
INFO:p22.p22_i16_slothy_start.split.254_294:Setting timeout of 30 seconds...
INFO:p22.p22_i16_slothy_start.split.254_294:Objective: None (any satisfying solution is fine)
INFO:p22.p22_i16_slothy_start.split.254_294:Invoking external constraint solver (OR-Tools CP-SAT v9.15.6755) ...
INFO:p22.p22_i16_slothy_start.split.254_294:[0.0103s]: Found 1 solutions so far... objective (no objective): currently 0.0, bound 0.0
INFO:p22.p22_i16_slothy_start.split.254_294:OPTIMAL, wall time: 0.013008 s
INFO:p22.p22_i16_slothy_start.split.254_294:Booleans in result: 82
INFO:p22.p22_i16_slothy_start.split.254_294.selfcheck:OK!
WARNING:p22:LLVM (llvm-mc, llvm-nm, llvm-readobj) not found, disabling selftest. Consider installing LLVM.
INFO:p22.p22_i16_slothy_start.split.254_294:Attempt optimization with max 24 stalls...
INFO:p22.p22_i16_slothy_start.split.254_294:Setting timeout of 30 seconds...
INFO:p22.p22_i16_slothy_start.split.254_294:Objective: None (any satisfying solution is fine)
INFO:p22.p22_i16_slothy_start.split.254_294:Invoking external constraint solver (OR-Tools CP-SAT v9.15.6755) ...
INFO:p22.p22_i16_slothy_start.split.254_294:[0.0108s]: Found 1 solutions so far... objective (no objective): currently 0.0, bound 0.0
INFO:p22.p22_i16_slothy_start.split.254_294:OPTIMAL, wall time: 0.013150 s
INFO:p22.p22_i16_slothy_start.split.254_294:Booleans in result: 82
INFO:p22.p22_i16_slothy_start.split.254_294.selfcheck:OK!
WARNING:p22:LLVM (llvm-mc, llvm-nm, llvm-readobj) not found, disabling selftest. Consider installing LLVM.
INFO:p22.p22_i16_slothy_start.split.254_294:Attempt optimization with max 20 stalls...
INFO:p22.p22_i16_slothy_start.split.254_294:Setting timeout of 30 seconds...
INFO:p22.p22_i16_slothy_start.split.254_294:Objective: None (any satisfying solution is fine)
INFO:p22.p22_i16_slothy_start.split.254_294:Invoking external constraint solver (OR-Tools CP-SAT v9.15.6755) ...
INFO:p22.p22_i16_slothy_start.split.254_294:INFEASIBLE, wall time: 0.017628 s
INFO:p22.p22_i16_slothy_start.split.254_294:Attempt optimization with max 22 stalls...
INFO:p22.p22_i16_slothy_start.split.254_294:Setting timeout of 30 seconds...
INFO:p22.p22_i16_slothy_start.split.254_294:Objective: None (any satisfying solution is fine)
INFO:p22.p22_i16_slothy_start.split.254_294:Invoking external constraint solver (OR-Tools CP-SAT v9.15.6755) ...
INFO:p22.p22_i16_slothy_start.split.254_294:[0.0145s]: Found 1 solutions so far... objective (no objective): currently 0.0, bound 0.0
INFO:p22.p22_i16_slothy_start.split.254_294:OPTIMAL, wall time: 0.017189 s
INFO:p22.p22_i16_slothy_start.split.254_294:Booleans in result: 107
INFO:p22.p22_i16_slothy_start.split.254_294.selfcheck:OK!
WARNING:p22:LLVM (llvm-mc, llvm-nm, llvm-readobj) not found, disabling selftest. Consider installing LLVM.
INFO:p22.p22_i16_slothy_start.split.254_294:Attempt optimization with max 21 stalls...
INFO:p22.p22_i16_slothy_start.split.254_294:Setting timeout of 30 seconds...
INFO:p22.p22_i16_slothy_start.split.254_294:Objective: None (any satisfying solution is fine)
INFO:p22.p22_i16_slothy_start.split.254_294:Invoking external constraint solver (OR-Tools CP-SAT v9.15.6755) ...
INFO:p22.p22_i16_slothy_start.split.254_294:INFEASIBLE, wall time: 0.027922 s
INFO:p22.p22_i16_slothy_start.split:[  0- 12]: *********....................... (9)
INFO:p22.p22_i16_slothy_start.split:[ 12- 25]: ****************................ (16)
INFO:p22.p22_i16_slothy_start.split:[ 25- 38]: ********************............ (20)
INFO:p22.p22_i16_slothy_start.split:[ 38- 50]: ***********************......... (23)
INFO:p22.p22_i16_slothy_start.split:[ 50- 63]: **************************...... (26)
INFO:p22.p22_i16_slothy_start.split:[ 63- 76]: ***************************..... (27)
INFO:p22.p22_i16_slothy_start.split:[ 76- 88]: *****************************... (29)
INFO:p22.p22_i16_slothy_start.split:[ 88-101]: *****************************... (29)
INFO:p22.p22_i16_slothy_start.split:[101-114]: ******************************.. (30)
INFO:p22.p22_i16_slothy_start.split:[114-127]: *****************************... (29)
INFO:p22.p22_i16_slothy_start.split:[127-139]: ***************************..... (27)
INFO:p22.p22_i16_slothy_start.split:[139-152]: *************************....... (25)
INFO:p22.p22_i16_slothy_start.split:[152-165]: **********************.......... (22)
INFO:p22.p22_i16_slothy_start.split:[165-177]: ********************............ (20)
INFO:p22.p22_i16_slothy_start.split:[177-190]: ******************.............. (18)
INFO:p22.p22_i16_slothy_start.split:[190-203]: ******************.............. (18)
INFO:p22.p22_i16_slothy_start.split:[203-215]: ******************.............. (18)
INFO:p22.p22_i16_slothy_start.split:[215-228]: *****************............... (17)
INFO:p22.p22_i16_slothy_start.split:[228-241]: *******************............. (19)
INFO:p22.p22_i16_slothy_start.split:[241-254]: *******************............. (19)
INFO:p22.p22_i16_slothy_start.split:[254-266]: ***********************......... (23)
INFO:p22.p22_i16_slothy_start.split:[266-279]: **********************.......... (22)
INFO:p22.p22_i16_slothy_start.split:[279-292]: **************************...... (26)
INFO:p22.p22_i16_slothy_start.split:[292-304]: ***************************..... (27)
INFO:p22.p22_i16_slothy_start.split:[304-317]: ***************************..... (27)
INFO:p22.p22_i16_slothy_start.split:[317-330]: ******************************.. (30)
INFO:p22.p22_i16_slothy_start.split:[330-342]: ***************************..... (27)
INFO:p22.p22_i16_slothy_start.split:[342-355]: *******************************. (31)
INFO:p22.p22_i16_slothy_start.split:[355-368]: ****************************.... (28)
INFO:p22.p22_i16_slothy_start.split:[368-381]: *****************************... (29)
INFO:p22.p22_i16_slothy_start.split:[381-393]: ******************************.. (30)
INFO:p22.p22_i16_slothy_start.split:[393-406]: ***************************..... (27)
INFO:p22.p22_i16_slothy_start.split:[406-419]: ******************************.. (30)
INFO:p22.p22_i16_slothy_start.split:[419-431]: ***************************..... (27)
INFO:p22.p22_i16_slothy_start.split:[431-444]: ****************************.... (28)
INFO:p22.p22_i16_slothy_start.split:[444-457]: ***************************..... (27)
INFO:p22.p22_i16_slothy_start.split:[457-469]: *************************....... (25)
INFO:p22.p22_i16_slothy_start.split:[469-482]: ***************************..... (27)
INFO:p22.p22_i16_slothy_start.split:[482-495]: *************************....... (25)
INFO:p22.p22_i16_slothy_start.split:[495-508]: *************************....... (25)
INFO:p22.p22_i16_slothy_start.split:[508-520]: ***********************......... (23)
INFO:p22.p22_i16_slothy_start.split:[520-533]: ***********************......... (23)
INFO:p22.p22_i16_slothy_start.split:[533-546]: ***************************..... (27)
INFO:p22.p22_i16_slothy_start.split:[546-558]: **************************...... (26)
INFO:p22.p22_i16_slothy_start.split:[558-571]: ******************************.. (30)
INFO:p22.p22_i16_slothy_start.split:[571-584]: ****************************.... (28)
INFO:p22.p22_i16_slothy_start.split:[584-596]: *****************************... (29)
INFO:p22.p22_i16_slothy_start.split:[596-609]: ******************************.. (30)
INFO:p22.p22_i16_slothy_start.split:[609-622]: **************************...... (26)
INFO:p22.p22_i16_slothy_start.split:[622-635]: ******************.............. (18)
INFO:p22.p22_i16_slothy_start.split.279_319:Perform external binary search for minimal number of stalls...
INFO:p22.p22_i16_slothy_start.split.279_319:Attempt optimization with max 0 stalls...
INFO:p22.p22_i16_slothy_start.split.279_319:Setting timeout of 30 seconds...
INFO:p22.p22_i16_slothy_start.split.279_319:Objective: None (any satisfying solution is fine)
INFO:p22.p22_i16_slothy_start.split.279_319:Invoking external constraint solver (OR-Tools CP-SAT v9.15.6755) ...
INFO:p22.p22_i16_slothy_start.split.279_319:INFEASIBLE, wall time: 0.000873 s
INFO:p22.p22_i16_slothy_start.split.279_319:Attempt optimization with max 1 stalls...
INFO:p22.p22_i16_slothy_start.split.279_319:Setting timeout of 30 seconds...
INFO:p22.p22_i16_slothy_start.split.279_319:Objective: None (any satisfying solution is fine)
INFO:p22.p22_i16_slothy_start.split.279_319:Invoking external constraint solver (OR-Tools CP-SAT v9.15.6755) ...
INFO:p22.p22_i16_slothy_start.split.279_319:INFEASIBLE, wall time: 0.000841 s
INFO:p22.p22_i16_slothy_start.split.279_319:Attempt optimization with max 2 stalls...
INFO:p22.p22_i16_slothy_start.split.279_319:Setting timeout of 30 seconds...
INFO:p22.p22_i16_slothy_start.split.279_319:Objective: None (any satisfying solution is fine)
INFO:p22.p22_i16_slothy_start.split.279_319:Invoking external constraint solver (OR-Tools CP-SAT v9.15.6755) ...
INFO:p22.p22_i16_slothy_start.split.279_319:INFEASIBLE, wall time: 0.000831 s
INFO:p22.p22_i16_slothy_start.split.279_319:Attempt optimization with max 4 stalls...
INFO:p22.p22_i16_slothy_start.split.279_319:Setting timeout of 30 seconds...
INFO:p22.p22_i16_slothy_start.split.279_319:Objective: None (any satisfying solution is fine)
INFO:p22.p22_i16_slothy_start.split.279_319:Invoking external constraint solver (OR-Tools CP-SAT v9.15.6755) ...
INFO:p22.p22_i16_slothy_start.split.279_319:INFEASIBLE, wall time: 0.000786 s
INFO:p22.p22_i16_slothy_start.split.279_319:Attempt optimization with max 8 stalls...
INFO:p22.p22_i16_slothy_start.split.279_319:Setting timeout of 30 seconds...
INFO:p22.p22_i16_slothy_start.split.279_319:Objective: None (any satisfying solution is fine)
INFO:p22.p22_i16_slothy_start.split.279_319:Invoking external constraint solver (OR-Tools CP-SAT v9.15.6755) ...
INFO:p22.p22_i16_slothy_start.split.279_319:INFEASIBLE, wall time: 0.000825 s
INFO:p22.p22_i16_slothy_start.split.279_319:Attempt optimization with max 16 stalls...
INFO:p22.p22_i16_slothy_start.split.279_319:Setting timeout of 30 seconds...
INFO:p22.p22_i16_slothy_start.split.279_319:Objective: None (any satisfying solution is fine)
INFO:p22.p22_i16_slothy_start.split.279_319:Invoking external constraint solver (OR-Tools CP-SAT v9.15.6755) ...
INFO:p22.p22_i16_slothy_start.split.279_319:INFEASIBLE, wall time: 0.003290 s
INFO:p22.p22_i16_slothy_start.split.279_319:Attempt optimization with max 32 stalls...
INFO:p22.p22_i16_slothy_start.split.279_319:Setting timeout of 30 seconds...
INFO:p22.p22_i16_slothy_start.split.279_319:Objective: None (any satisfying solution is fine)
INFO:p22.p22_i16_slothy_start.split.279_319:Invoking external constraint solver (OR-Tools CP-SAT v9.15.6755) ...
INFO:p22.p22_i16_slothy_start.split.279_319:[0.0132s]: Found 1 solutions so far... objective (no objective): currently 0.0, bound 0.0
INFO:p22.p22_i16_slothy_start.split.279_319:[0.0136s]: Found 2 solutions so far... objective (no objective): currently 0.0, bound 0.0
INFO:p22.p22_i16_slothy_start.split.279_319:OPTIMAL, wall time: 0.016128 s
INFO:p22.p22_i16_slothy_start.split.279_319:Booleans in result: 99
INFO:p22.p22_i16_slothy_start.split.279_319.selfcheck:OK!
WARNING:p22:LLVM (llvm-mc, llvm-nm, llvm-readobj) not found, disabling selftest. Consider installing LLVM.
INFO:p22.p22_i16_slothy_start.split.279_319:Attempt optimization with max 24 stalls...
INFO:p22.p22_i16_slothy_start.split.279_319:Setting timeout of 30 seconds...
INFO:p22.p22_i16_slothy_start.split.279_319:Objective: None (any satisfying solution is fine)
INFO:p22.p22_i16_slothy_start.split.279_319:Invoking external constraint solver (OR-Tools CP-SAT v9.15.6755) ...
INFO:p22.p22_i16_slothy_start.split.279_319:[0.0282s]: Found 1 solutions so far... objective (no objective): currently 0.0, bound 0.0
INFO:p22.p22_i16_slothy_start.split.279_319:OPTIMAL, wall time: 0.031138 s
INFO:p22.p22_i16_slothy_start.split.279_319:Booleans in result: 163
INFO:p22.p22_i16_slothy_start.split.279_319.selfcheck:OK!
WARNING:p22:LLVM (llvm-mc, llvm-nm, llvm-readobj) not found, disabling selftest. Consider installing LLVM.
INFO:p22.p22_i16_slothy_start.split.279_319:Attempt optimization with max 20 stalls...
INFO:p22.p22_i16_slothy_start.split.279_319:Setting timeout of 30 seconds...
INFO:p22.p22_i16_slothy_start.split.279_319:Objective: None (any satisfying solution is fine)
INFO:p22.p22_i16_slothy_start.split.279_319:Invoking external constraint solver (OR-Tools CP-SAT v9.15.6755) ...
INFO:p22.p22_i16_slothy_start.split.279_319:INFEASIBLE, wall time: 0.016867 s
INFO:p22.p22_i16_slothy_start.split.279_319:Attempt optimization with max 22 stalls...
INFO:p22.p22_i16_slothy_start.split.279_319:Setting timeout of 30 seconds...
INFO:p22.p22_i16_slothy_start.split.279_319:Objective: None (any satisfying solution is fine)
INFO:p22.p22_i16_slothy_start.split.279_319:Invoking external constraint solver (OR-Tools CP-SAT v9.15.6755) ...
INFO:p22.p22_i16_slothy_start.split.279_319:INFEASIBLE, wall time: 0.027990 s
INFO:p22.p22_i16_slothy_start.split.279_319:Attempt optimization with max 23 stalls...
INFO:p22.p22_i16_slothy_start.split.279_319:Setting timeout of 30 seconds...
INFO:p22.p22_i16_slothy_start.split.279_319:Objective: None (any satisfying solution is fine)
INFO:p22.p22_i16_slothy_start.split.279_319:Invoking external constraint solver (OR-Tools CP-SAT v9.15.6755) ...
INFO:p22.p22_i16_slothy_start.split.279_319:INFEASIBLE, wall time: 0.054551 s
INFO:p22.p22_i16_slothy_start.split:[  0- 12]: *********....................... (9)
INFO:p22.p22_i16_slothy_start.split:[ 12- 25]: ****************................ (16)
INFO:p22.p22_i16_slothy_start.split:[ 25- 38]: ********************............ (20)
INFO:p22.p22_i16_slothy_start.split:[ 38- 50]: ***********************......... (23)
INFO:p22.p22_i16_slothy_start.split:[ 50- 63]: **************************...... (26)
INFO:p22.p22_i16_slothy_start.split:[ 63- 76]: ***************************..... (27)
INFO:p22.p22_i16_slothy_start.split:[ 76- 88]: *****************************... (29)
INFO:p22.p22_i16_slothy_start.split:[ 88-101]: *****************************... (29)
INFO:p22.p22_i16_slothy_start.split:[101-114]: ******************************.. (30)
INFO:p22.p22_i16_slothy_start.split:[114-127]: *****************************... (29)
INFO:p22.p22_i16_slothy_start.split:[127-139]: ***************************..... (27)
INFO:p22.p22_i16_slothy_start.split:[139-152]: *************************....... (25)
INFO:p22.p22_i16_slothy_start.split:[152-165]: **********************.......... (22)
INFO:p22.p22_i16_slothy_start.split:[165-177]: ********************............ (20)
INFO:p22.p22_i16_slothy_start.split:[177-190]: ******************.............. (18)
INFO:p22.p22_i16_slothy_start.split:[190-203]: ******************.............. (18)
INFO:p22.p22_i16_slothy_start.split:[203-215]: ******************.............. (18)
INFO:p22.p22_i16_slothy_start.split:[215-228]: *****************............... (17)
INFO:p22.p22_i16_slothy_start.split:[228-241]: *******************............. (19)
INFO:p22.p22_i16_slothy_start.split:[241-254]: *******************............. (19)
INFO:p22.p22_i16_slothy_start.split:[254-266]: ***********************......... (23)
INFO:p22.p22_i16_slothy_start.split:[266-279]: **********************.......... (22)
INFO:p22.p22_i16_slothy_start.split:[279-292]: ************************........ (24)
INFO:p22.p22_i16_slothy_start.split:[292-304]: ************************........ (24)
INFO:p22.p22_i16_slothy_start.split:[304-317]: ************************........ (24)
INFO:p22.p22_i16_slothy_start.split:[317-330]: ****************************.... (28)
INFO:p22.p22_i16_slothy_start.split:[330-342]: ***************************..... (27)
INFO:p22.p22_i16_slothy_start.split:[342-355]: *******************************. (31)
INFO:p22.p22_i16_slothy_start.split:[355-368]: ****************************.... (28)
INFO:p22.p22_i16_slothy_start.split:[368-381]: *****************************... (29)
INFO:p22.p22_i16_slothy_start.split:[381-393]: ******************************.. (30)
INFO:p22.p22_i16_slothy_start.split:[393-406]: ***************************..... (27)
INFO:p22.p22_i16_slothy_start.split:[406-419]: ******************************.. (30)
INFO:p22.p22_i16_slothy_start.split:[419-431]: ***************************..... (27)
INFO:p22.p22_i16_slothy_start.split:[431-444]: ****************************.... (28)
INFO:p22.p22_i16_slothy_start.split:[444-457]: ***************************..... (27)
INFO:p22.p22_i16_slothy_start.split:[457-469]: *************************....... (25)
INFO:p22.p22_i16_slothy_start.split:[469-482]: ***************************..... (27)
INFO:p22.p22_i16_slothy_start.split:[482-495]: *************************....... (25)
INFO:p22.p22_i16_slothy_start.split:[495-508]: *************************....... (25)
INFO:p22.p22_i16_slothy_start.split:[508-520]: ***********************......... (23)
INFO:p22.p22_i16_slothy_start.split:[520-533]: ***********************......... (23)
INFO:p22.p22_i16_slothy_start.split:[533-546]: ***************************..... (27)
INFO:p22.p22_i16_slothy_start.split:[546-558]: **************************...... (26)
INFO:p22.p22_i16_slothy_start.split:[558-571]: ******************************.. (30)
INFO:p22.p22_i16_slothy_start.split:[571-584]: ****************************.... (28)
INFO:p22.p22_i16_slothy_start.split:[584-596]: *****************************... (29)
INFO:p22.p22_i16_slothy_start.split:[596-609]: ******************************.. (30)
INFO:p22.p22_i16_slothy_start.split:[609-622]: **************************...... (26)
INFO:p22.p22_i16_slothy_start.split:[622-635]: ******************.............. (18)
INFO:p22.p22_i16_slothy_start.split.305_344:Perform external binary search for minimal number of stalls...
INFO:p22.p22_i16_slothy_start.split.305_344:Attempt optimization with max 0 stalls...
INFO:p22.p22_i16_slothy_start.split.305_344:Setting timeout of 30 seconds...
INFO:p22.p22_i16_slothy_start.split.305_344:Objective: None (any satisfying solution is fine)
INFO:p22.p22_i16_slothy_start.split.305_344:Invoking external constraint solver (OR-Tools CP-SAT v9.15.6755) ...
INFO:p22.p22_i16_slothy_start.split.305_344:INFEASIBLE, wall time: 0.000809 s
INFO:p22.p22_i16_slothy_start.split.305_344:Attempt optimization with max 1 stalls...
INFO:p22.p22_i16_slothy_start.split.305_344:Setting timeout of 30 seconds...
INFO:p22.p22_i16_slothy_start.split.305_344:Objective: None (any satisfying solution is fine)
INFO:p22.p22_i16_slothy_start.split.305_344:Invoking external constraint solver (OR-Tools CP-SAT v9.15.6755) ...
INFO:p22.p22_i16_slothy_start.split.305_344:INFEASIBLE, wall time: 0.000749 s
INFO:p22.p22_i16_slothy_start.split.305_344:Attempt optimization with max 2 stalls...
INFO:p22.p22_i16_slothy_start.split.305_344:Setting timeout of 30 seconds...
INFO:p22.p22_i16_slothy_start.split.305_344:Objective: None (any satisfying solution is fine)
INFO:p22.p22_i16_slothy_start.split.305_344:Invoking external constraint solver (OR-Tools CP-SAT v9.15.6755) ...
INFO:p22.p22_i16_slothy_start.split.305_344:INFEASIBLE, wall time: 0.000777 s
INFO:p22.p22_i16_slothy_start.split.305_344:Attempt optimization with max 4 stalls...
INFO:p22.p22_i16_slothy_start.split.305_344:Setting timeout of 30 seconds...
INFO:p22.p22_i16_slothy_start.split.305_344:Objective: None (any satisfying solution is fine)
INFO:p22.p22_i16_slothy_start.split.305_344:Invoking external constraint solver (OR-Tools CP-SAT v9.15.6755) ...
INFO:p22.p22_i16_slothy_start.split.305_344:INFEASIBLE, wall time: 0.000883 s
INFO:p22.p22_i16_slothy_start.split.305_344:Attempt optimization with max 8 stalls...
INFO:p22.p22_i16_slothy_start.split.305_344:Setting timeout of 30 seconds...
INFO:p22.p22_i16_slothy_start.split.305_344:Objective: None (any satisfying solution is fine)
INFO:p22.p22_i16_slothy_start.split.305_344:Invoking external constraint solver (OR-Tools CP-SAT v9.15.6755) ...
INFO:p22.p22_i16_slothy_start.split.305_344:INFEASIBLE, wall time: 0.000818 s
INFO:p22.p22_i16_slothy_start.split.305_344:Attempt optimization with max 16 stalls...
INFO:p22.p22_i16_slothy_start.split.305_344:Setting timeout of 30 seconds...
INFO:p22.p22_i16_slothy_start.split.305_344:Objective: None (any satisfying solution is fine)
INFO:p22.p22_i16_slothy_start.split.305_344:Invoking external constraint solver (OR-Tools CP-SAT v9.15.6755) ...
INFO:p22.p22_i16_slothy_start.split.305_344:INFEASIBLE, wall time: 0.002916 s
INFO:p22.p22_i16_slothy_start.split.305_344:Attempt optimization with max 32 stalls...
INFO:p22.p22_i16_slothy_start.split.305_344:Setting timeout of 30 seconds...
INFO:p22.p22_i16_slothy_start.split.305_344:Objective: None (any satisfying solution is fine)
INFO:p22.p22_i16_slothy_start.split.305_344:Invoking external constraint solver (OR-Tools CP-SAT v9.15.6755) ...
INFO:p22.p22_i16_slothy_start.split.305_344:[0.0181s]: Found 1 solutions so far... objective (no objective): currently 0.0, bound 0.0
INFO:p22.p22_i16_slothy_start.split.305_344:OPTIMAL, wall time: 0.020916 s
INFO:p22.p22_i16_slothy_start.split.305_344:Booleans in result: 139
INFO:p22.p22_i16_slothy_start.split.305_344.selfcheck:OK!
WARNING:p22:LLVM (llvm-mc, llvm-nm, llvm-readobj) not found, disabling selftest. Consider installing LLVM.
INFO:p22.p22_i16_slothy_start.split.305_344:Attempt optimization with max 24 stalls...
INFO:p22.p22_i16_slothy_start.split.305_344:Setting timeout of 30 seconds...
INFO:p22.p22_i16_slothy_start.split.305_344:Objective: None (any satisfying solution is fine)
INFO:p22.p22_i16_slothy_start.split.305_344:Invoking external constraint solver (OR-Tools CP-SAT v9.15.6755) ...
INFO:p22.p22_i16_slothy_start.split.305_344:INFEASIBLE, wall time: 0.019233 s
INFO:p22.p22_i16_slothy_start.split.305_344:Attempt optimization with max 28 stalls...
INFO:p22.p22_i16_slothy_start.split.305_344:Setting timeout of 30 seconds...
INFO:p22.p22_i16_slothy_start.split.305_344:Objective: None (any satisfying solution is fine)
INFO:p22.p22_i16_slothy_start.split.305_344:Invoking external constraint solver (OR-Tools CP-SAT v9.15.6755) ...
INFO:p22.p22_i16_slothy_start.split.305_344:INFEASIBLE, wall time: 0.065692 s
INFO:p22.p22_i16_slothy_start.split.305_344:Attempt optimization with max 30 stalls...
INFO:p22.p22_i16_slothy_start.split.305_344:Setting timeout of 30 seconds...
INFO:p22.p22_i16_slothy_start.split.305_344:Objective: None (any satisfying solution is fine)
INFO:p22.p22_i16_slothy_start.split.305_344:Invoking external constraint solver (OR-Tools CP-SAT v9.15.6755) ...
INFO:p22.p22_i16_slothy_start.split.305_344:INFEASIBLE, wall time: 0.162308 s
INFO:p22.p22_i16_slothy_start.split.305_344:Attempt optimization with max 31 stalls...
INFO:p22.p22_i16_slothy_start.split.305_344:Setting timeout of 30 seconds...
INFO:p22.p22_i16_slothy_start.split.305_344:Objective: None (any satisfying solution is fine)
INFO:p22.p22_i16_slothy_start.split.305_344:Invoking external constraint solver (OR-Tools CP-SAT v9.15.6755) ...
INFO:p22.p22_i16_slothy_start.split.305_344:[0.0418s]: Found 1 solutions so far... objective (no objective): currently 0.0, bound 0.0
INFO:p22.p22_i16_slothy_start.split.305_344:OPTIMAL, wall time: 0.044483 s
INFO:p22.p22_i16_slothy_start.split.305_344:Booleans in result: 223
INFO:p22.p22_i16_slothy_start.split.305_344.selfcheck:OK!
WARNING:p22:LLVM (llvm-mc, llvm-nm, llvm-readobj) not found, disabling selftest. Consider installing LLVM.
INFO:p22.p22_i16_slothy_start.split:[  0- 12]: *********....................... (9)
INFO:p22.p22_i16_slothy_start.split:[ 12- 25]: ****************................ (16)
INFO:p22.p22_i16_slothy_start.split:[ 25- 38]: ********************............ (20)
INFO:p22.p22_i16_slothy_start.split:[ 38- 50]: ***********************......... (23)
INFO:p22.p22_i16_slothy_start.split:[ 50- 63]: **************************...... (26)
INFO:p22.p22_i16_slothy_start.split:[ 63- 76]: ***************************..... (27)
INFO:p22.p22_i16_slothy_start.split:[ 76- 88]: *****************************... (29)
INFO:p22.p22_i16_slothy_start.split:[ 88-101]: *****************************... (29)
INFO:p22.p22_i16_slothy_start.split:[101-114]: ******************************.. (30)
INFO:p22.p22_i16_slothy_start.split:[114-127]: *****************************... (29)
INFO:p22.p22_i16_slothy_start.split:[127-139]: ***************************..... (27)
INFO:p22.p22_i16_slothy_start.split:[139-152]: *************************....... (25)
INFO:p22.p22_i16_slothy_start.split:[152-165]: **********************.......... (22)
INFO:p22.p22_i16_slothy_start.split:[165-177]: ********************............ (20)
INFO:p22.p22_i16_slothy_start.split:[177-190]: ******************.............. (18)
INFO:p22.p22_i16_slothy_start.split:[190-203]: ******************.............. (18)
INFO:p22.p22_i16_slothy_start.split:[203-215]: ******************.............. (18)
INFO:p22.p22_i16_slothy_start.split:[215-228]: *****************............... (17)
INFO:p22.p22_i16_slothy_start.split:[228-241]: *******************............. (19)
INFO:p22.p22_i16_slothy_start.split:[241-254]: *******************............. (19)
INFO:p22.p22_i16_slothy_start.split:[254-266]: ***********************......... (23)
INFO:p22.p22_i16_slothy_start.split:[266-279]: **********************.......... (22)
INFO:p22.p22_i16_slothy_start.split:[279-292]: ************************........ (24)
INFO:p22.p22_i16_slothy_start.split:[292-304]: **********************.......... (22)
INFO:p22.p22_i16_slothy_start.split:[304-317]: ********************............ (20)
INFO:p22.p22_i16_slothy_start.split:[317-330]: ********************............ (20)
INFO:p22.p22_i16_slothy_start.split:[330-342]: *********************........... (21)
INFO:p22.p22_i16_slothy_start.split:[342-355]: ***************************..... (27)
INFO:p22.p22_i16_slothy_start.split:[355-368]: ****************************.... (28)
INFO:p22.p22_i16_slothy_start.split:[368-381]: *****************************... (29)
INFO:p22.p22_i16_slothy_start.split:[381-393]: ******************************.. (30)
INFO:p22.p22_i16_slothy_start.split:[393-406]: ***************************..... (27)
INFO:p22.p22_i16_slothy_start.split:[406-419]: ******************************.. (30)
INFO:p22.p22_i16_slothy_start.split:[419-431]: ***************************..... (27)
INFO:p22.p22_i16_slothy_start.split:[431-444]: ****************************.... (28)
INFO:p22.p22_i16_slothy_start.split:[444-457]: ***************************..... (27)
INFO:p22.p22_i16_slothy_start.split:[457-469]: *************************....... (25)
INFO:p22.p22_i16_slothy_start.split:[469-482]: ***************************..... (27)
INFO:p22.p22_i16_slothy_start.split:[482-495]: *************************....... (25)
INFO:p22.p22_i16_slothy_start.split:[495-508]: *************************....... (25)
INFO:p22.p22_i16_slothy_start.split:[508-520]: ***********************......... (23)
INFO:p22.p22_i16_slothy_start.split:[520-533]: ***********************......... (23)
INFO:p22.p22_i16_slothy_start.split:[533-546]: ***************************..... (27)
INFO:p22.p22_i16_slothy_start.split:[546-558]: **************************...... (26)
INFO:p22.p22_i16_slothy_start.split:[558-571]: ******************************.. (30)
INFO:p22.p22_i16_slothy_start.split:[571-584]: ****************************.... (28)
INFO:p22.p22_i16_slothy_start.split:[584-596]: *****************************... (29)
INFO:p22.p22_i16_slothy_start.split:[596-609]: ******************************.. (30)
INFO:p22.p22_i16_slothy_start.split:[609-622]: **************************...... (26)
INFO:p22.p22_i16_slothy_start.split:[622-635]: ******************.............. (18)
INFO:p22.p22_i16_slothy_start.split.330_370:Perform external binary search for minimal number of stalls...
INFO:p22.p22_i16_slothy_start.split.330_370:Attempt optimization with max 0 stalls...
INFO:p22.p22_i16_slothy_start.split.330_370:Setting timeout of 30 seconds...
INFO:p22.p22_i16_slothy_start.split.330_370:Objective: None (any satisfying solution is fine)
INFO:p22.p22_i16_slothy_start.split.330_370:Invoking external constraint solver (OR-Tools CP-SAT v9.15.6755) ...
INFO:p22.p22_i16_slothy_start.split.330_370:INFEASIBLE, wall time: 0.001054 s
INFO:p22.p22_i16_slothy_start.split.330_370:Attempt optimization with max 1 stalls...
INFO:p22.p22_i16_slothy_start.split.330_370:Setting timeout of 30 seconds...
INFO:p22.p22_i16_slothy_start.split.330_370:Objective: None (any satisfying solution is fine)
INFO:p22.p22_i16_slothy_start.split.330_370:Invoking external constraint solver (OR-Tools CP-SAT v9.15.6755) ...
INFO:p22.p22_i16_slothy_start.split.330_370:INFEASIBLE, wall time: 0.000754 s
INFO:p22.p22_i16_slothy_start.split.330_370:Attempt optimization with max 2 stalls...
INFO:p22.p22_i16_slothy_start.split.330_370:Setting timeout of 30 seconds...
INFO:p22.p22_i16_slothy_start.split.330_370:Objective: None (any satisfying solution is fine)
INFO:p22.p22_i16_slothy_start.split.330_370:Invoking external constraint solver (OR-Tools CP-SAT v9.15.6755) ...
INFO:p22.p22_i16_slothy_start.split.330_370:INFEASIBLE, wall time: 0.000817 s
INFO:p22.p22_i16_slothy_start.split.330_370:Attempt optimization with max 4 stalls...
INFO:p22.p22_i16_slothy_start.split.330_370:Setting timeout of 30 seconds...
INFO:p22.p22_i16_slothy_start.split.330_370:Objective: None (any satisfying solution is fine)
INFO:p22.p22_i16_slothy_start.split.330_370:Invoking external constraint solver (OR-Tools CP-SAT v9.15.6755) ...
INFO:p22.p22_i16_slothy_start.split.330_370:INFEASIBLE, wall time: 0.000823 s
INFO:p22.p22_i16_slothy_start.split.330_370:Attempt optimization with max 8 stalls...
INFO:p22.p22_i16_slothy_start.split.330_370:Setting timeout of 30 seconds...
INFO:p22.p22_i16_slothy_start.split.330_370:Objective: None (any satisfying solution is fine)
INFO:p22.p22_i16_slothy_start.split.330_370:Invoking external constraint solver (OR-Tools CP-SAT v9.15.6755) ...
INFO:p22.p22_i16_slothy_start.split.330_370:INFEASIBLE, wall time: 0.000789 s
INFO:p22.p22_i16_slothy_start.split.330_370:Attempt optimization with max 16 stalls...
INFO:p22.p22_i16_slothy_start.split.330_370:Setting timeout of 30 seconds...
INFO:p22.p22_i16_slothy_start.split.330_370:Objective: None (any satisfying solution is fine)
INFO:p22.p22_i16_slothy_start.split.330_370:Invoking external constraint solver (OR-Tools CP-SAT v9.15.6755) ...
INFO:p22.p22_i16_slothy_start.split.330_370:INFEASIBLE, wall time: 0.002870 s
INFO:p22.p22_i16_slothy_start.split.330_370:Attempt optimization with max 32 stalls...
INFO:p22.p22_i16_slothy_start.split.330_370:Setting timeout of 30 seconds...
INFO:p22.p22_i16_slothy_start.split.330_370:Objective: None (any satisfying solution is fine)
INFO:p22.p22_i16_slothy_start.split.330_370:Invoking external constraint solver (OR-Tools CP-SAT v9.15.6755) ...
INFO:p22.p22_i16_slothy_start.split.330_370:INFEASIBLE, wall time: 0.030419 s
INFO:p22.p22_i16_slothy_start.split.330_370:Attempt optimization with max 64 stalls...
INFO:p22.p22_i16_slothy_start.split.330_370:Setting timeout of 30 seconds...
INFO:p22.p22_i16_slothy_start.split.330_370:Objective: None (any satisfying solution is fine)
INFO:p22.p22_i16_slothy_start.split.330_370:Invoking external constraint solver (OR-Tools CP-SAT v9.15.6755) ...
INFO:p22.p22_i16_slothy_start.split.330_370:[0.0274s]: Found 1 solutions so far... objective (no objective): currently 0.0, bound 0.0
INFO:p22.p22_i16_slothy_start.split.330_370:OPTIMAL, wall time: 0.029984 s
INFO:p22.p22_i16_slothy_start.split.330_370:Booleans in result: 215
INFO:p22.p22_i16_slothy_start.split.330_370.selfcheck:OK!
WARNING:p22:LLVM (llvm-mc, llvm-nm, llvm-readobj) not found, disabling selftest. Consider installing LLVM.
INFO:p22.p22_i16_slothy_start.split.330_370:Attempt optimization with max 48 stalls...
INFO:p22.p22_i16_slothy_start.split.330_370:Setting timeout of 30 seconds...
INFO:p22.p22_i16_slothy_start.split.330_370:Objective: None (any satisfying solution is fine)
INFO:p22.p22_i16_slothy_start.split.330_370:Invoking external constraint solver (OR-Tools CP-SAT v9.15.6755) ...
INFO:p22.p22_i16_slothy_start.split.330_370:[0.0225s]: Found 1 solutions so far... objective (no objective): currently 0.0, bound 0.0
INFO:p22.p22_i16_slothy_start.split.330_370:OPTIMAL, wall time: 0.025302 s
INFO:p22.p22_i16_slothy_start.split.330_370:Booleans in result: 158
INFO:p22.p22_i16_slothy_start.split.330_370.selfcheck:OK!
WARNING:p22:LLVM (llvm-mc, llvm-nm, llvm-readobj) not found, disabling selftest. Consider installing LLVM.
INFO:p22.p22_i16_slothy_start.split.330_370:Attempt optimization with max 40 stalls...
INFO:p22.p22_i16_slothy_start.split.330_370:Setting timeout of 30 seconds...
INFO:p22.p22_i16_slothy_start.split.330_370:Objective: None (any satisfying solution is fine)
INFO:p22.p22_i16_slothy_start.split.330_370:Invoking external constraint solver (OR-Tools CP-SAT v9.15.6755) ...
INFO:p22.p22_i16_slothy_start.split.330_370:[0.0212s]: Found 1 solutions so far... objective (no objective): currently 0.0, bound 0.0
INFO:p22.p22_i16_slothy_start.split.330_370:OPTIMAL, wall time: 0.024046 s
INFO:p22.p22_i16_slothy_start.split.330_370:Booleans in result: 138
INFO:p22.p22_i16_slothy_start.split.330_370.selfcheck:OK!
WARNING:p22:LLVM (llvm-mc, llvm-nm, llvm-readobj) not found, disabling selftest. Consider installing LLVM.
INFO:p22.p22_i16_slothy_start.split.330_370:Attempt optimization with max 36 stalls...
INFO:p22.p22_i16_slothy_start.split.330_370:Setting timeout of 30 seconds...
INFO:p22.p22_i16_slothy_start.split.330_370:Objective: None (any satisfying solution is fine)
INFO:p22.p22_i16_slothy_start.split.330_370:Invoking external constraint solver (OR-Tools CP-SAT v9.15.6755) ...
INFO:p22.p22_i16_slothy_start.split.330_370:[0.0184s]: Found 1 solutions so far... objective (no objective): currently 0.0, bound 0.0
INFO:p22.p22_i16_slothy_start.split.330_370:OPTIMAL, wall time: 0.021142 s
INFO:p22.p22_i16_slothy_start.split.330_370:Booleans in result: 141
INFO:p22.p22_i16_slothy_start.split.330_370.selfcheck:OK!
WARNING:p22:LLVM (llvm-mc, llvm-nm, llvm-readobj) not found, disabling selftest. Consider installing LLVM.
INFO:p22.p22_i16_slothy_start.split.330_370:Attempt optimization with max 34 stalls...
INFO:p22.p22_i16_slothy_start.split.330_370:Setting timeout of 30 seconds...
INFO:p22.p22_i16_slothy_start.split.330_370:Objective: None (any satisfying solution is fine)
INFO:p22.p22_i16_slothy_start.split.330_370:Invoking external constraint solver (OR-Tools CP-SAT v9.15.6755) ...
INFO:p22.p22_i16_slothy_start.split.330_370:[0.0321s]: Found 1 solutions so far... objective (no objective): currently 0.0, bound 0.0
INFO:p22.p22_i16_slothy_start.split.330_370:OPTIMAL, wall time: 0.034806 s
INFO:p22.p22_i16_slothy_start.split.330_370:Booleans in result: 218
INFO:p22.p22_i16_slothy_start.split.330_370.selfcheck:OK!
WARNING:p22:LLVM (llvm-mc, llvm-nm, llvm-readobj) not found, disabling selftest. Consider installing LLVM.
INFO:p22.p22_i16_slothy_start.split.330_370:Attempt optimization with max 33 stalls...
INFO:p22.p22_i16_slothy_start.split.330_370:Setting timeout of 30 seconds...
INFO:p22.p22_i16_slothy_start.split.330_370:Objective: None (any satisfying solution is fine)
INFO:p22.p22_i16_slothy_start.split.330_370:Invoking external constraint solver (OR-Tools CP-SAT v9.15.6755) ...
INFO:p22.p22_i16_slothy_start.split.330_370:[0.0276s]: Found 1 solutions so far... objective (no objective): currently 0.0, bound 0.0
INFO:p22.p22_i16_slothy_start.split.330_370:OPTIMAL, wall time: 0.030302 s
INFO:p22.p22_i16_slothy_start.split.330_370:Booleans in result: 226
INFO:p22.p22_i16_slothy_start.split.330_370.selfcheck:OK!
WARNING:p22:LLVM (llvm-mc, llvm-nm, llvm-readobj) not found, disabling selftest. Consider installing LLVM.
INFO:p22.p22_i16_slothy_start.split:[  0- 12]: *********....................... (9)
INFO:p22.p22_i16_slothy_start.split:[ 12- 25]: ****************................ (16)
INFO:p22.p22_i16_slothy_start.split:[ 25- 38]: ********************............ (20)
INFO:p22.p22_i16_slothy_start.split:[ 38- 50]: ***********************......... (23)
INFO:p22.p22_i16_slothy_start.split:[ 50- 63]: **************************...... (26)
INFO:p22.p22_i16_slothy_start.split:[ 63- 76]: ***************************..... (27)
INFO:p22.p22_i16_slothy_start.split:[ 76- 88]: *****************************... (29)
INFO:p22.p22_i16_slothy_start.split:[ 88-101]: *****************************... (29)
INFO:p22.p22_i16_slothy_start.split:[101-114]: ******************************.. (30)
INFO:p22.p22_i16_slothy_start.split:[114-127]: *****************************... (29)
INFO:p22.p22_i16_slothy_start.split:[127-139]: ***************************..... (27)
INFO:p22.p22_i16_slothy_start.split:[139-152]: *************************....... (25)
INFO:p22.p22_i16_slothy_start.split:[152-165]: **********************.......... (22)
INFO:p22.p22_i16_slothy_start.split:[165-177]: ********************............ (20)
INFO:p22.p22_i16_slothy_start.split:[177-190]: ******************.............. (18)
INFO:p22.p22_i16_slothy_start.split:[190-203]: ******************.............. (18)
INFO:p22.p22_i16_slothy_start.split:[203-215]: ******************.............. (18)
INFO:p22.p22_i16_slothy_start.split:[215-228]: *****************............... (17)
INFO:p22.p22_i16_slothy_start.split:[228-241]: *******************............. (19)
INFO:p22.p22_i16_slothy_start.split:[241-254]: *******************............. (19)
INFO:p22.p22_i16_slothy_start.split:[254-266]: ***********************......... (23)
INFO:p22.p22_i16_slothy_start.split:[266-279]: **********************.......... (22)
INFO:p22.p22_i16_slothy_start.split:[279-292]: ************************........ (24)
INFO:p22.p22_i16_slothy_start.split:[292-304]: **********************.......... (22)
INFO:p22.p22_i16_slothy_start.split:[304-317]: ********************............ (20)
INFO:p22.p22_i16_slothy_start.split:[317-330]: *********************........... (21)
INFO:p22.p22_i16_slothy_start.split:[330-342]: *********************........... (21)
INFO:p22.p22_i16_slothy_start.split:[342-355]: *************************....... (25)
INFO:p22.p22_i16_slothy_start.split:[355-368]: **************************...... (26)
INFO:p22.p22_i16_slothy_start.split:[368-381]: ***************************..... (27)
INFO:p22.p22_i16_slothy_start.split:[381-393]: ******************************.. (30)
INFO:p22.p22_i16_slothy_start.split:[393-406]: ***************************..... (27)
INFO:p22.p22_i16_slothy_start.split:[406-419]: ******************************.. (30)
INFO:p22.p22_i16_slothy_start.split:[419-431]: ***************************..... (27)
INFO:p22.p22_i16_slothy_start.split:[431-444]: ****************************.... (28)
INFO:p22.p22_i16_slothy_start.split:[444-457]: ***************************..... (27)
INFO:p22.p22_i16_slothy_start.split:[457-469]: *************************....... (25)
INFO:p22.p22_i16_slothy_start.split:[469-482]: ***************************..... (27)
INFO:p22.p22_i16_slothy_start.split:[482-495]: *************************....... (25)
INFO:p22.p22_i16_slothy_start.split:[495-508]: *************************....... (25)
INFO:p22.p22_i16_slothy_start.split:[508-520]: ***********************......... (23)
INFO:p22.p22_i16_slothy_start.split:[520-533]: ***********************......... (23)
INFO:p22.p22_i16_slothy_start.split:[533-546]: ***************************..... (27)
INFO:p22.p22_i16_slothy_start.split:[546-558]: **************************...... (26)
INFO:p22.p22_i16_slothy_start.split:[558-571]: ******************************.. (30)
INFO:p22.p22_i16_slothy_start.split:[571-584]: ****************************.... (28)
INFO:p22.p22_i16_slothy_start.split:[584-596]: *****************************... (29)
INFO:p22.p22_i16_slothy_start.split:[596-609]: ******************************.. (30)
INFO:p22.p22_i16_slothy_start.split:[609-622]: **************************...... (26)
INFO:p22.p22_i16_slothy_start.split:[622-635]: ******************.............. (18)
INFO:p22.p22_i16_slothy_start.split.356_395:Perform external binary search for minimal number of stalls...
INFO:p22.p22_i16_slothy_start.split.356_395:Attempt optimization with max 0 stalls...
INFO:p22.p22_i16_slothy_start.split.356_395:Setting timeout of 30 seconds...
INFO:p22.p22_i16_slothy_start.split.356_395:Objective: None (any satisfying solution is fine)
INFO:p22.p22_i16_slothy_start.split.356_395:Invoking external constraint solver (OR-Tools CP-SAT v9.15.6755) ...
INFO:p22.p22_i16_slothy_start.split.356_395:INFEASIBLE, wall time: 0.000805 s
INFO:p22.p22_i16_slothy_start.split.356_395:Attempt optimization with max 1 stalls...
INFO:p22.p22_i16_slothy_start.split.356_395:Setting timeout of 30 seconds...
INFO:p22.p22_i16_slothy_start.split.356_395:Objective: None (any satisfying solution is fine)
INFO:p22.p22_i16_slothy_start.split.356_395:Invoking external constraint solver (OR-Tools CP-SAT v9.15.6755) ...
INFO:p22.p22_i16_slothy_start.split.356_395:INFEASIBLE, wall time: 0.000914 s
INFO:p22.p22_i16_slothy_start.split.356_395:Attempt optimization with max 2 stalls...
INFO:p22.p22_i16_slothy_start.split.356_395:Setting timeout of 30 seconds...
INFO:p22.p22_i16_slothy_start.split.356_395:Objective: None (any satisfying solution is fine)
INFO:p22.p22_i16_slothy_start.split.356_395:Invoking external constraint solver (OR-Tools CP-SAT v9.15.6755) ...
INFO:p22.p22_i16_slothy_start.split.356_395:INFEASIBLE, wall time: 0.000825 s
INFO:p22.p22_i16_slothy_start.split.356_395:Attempt optimization with max 4 stalls...
INFO:p22.p22_i16_slothy_start.split.356_395:Setting timeout of 30 seconds...
INFO:p22.p22_i16_slothy_start.split.356_395:Objective: None (any satisfying solution is fine)
INFO:p22.p22_i16_slothy_start.split.356_395:Invoking external constraint solver (OR-Tools CP-SAT v9.15.6755) ...
INFO:p22.p22_i16_slothy_start.split.356_395:INFEASIBLE, wall time: 0.000772 s
INFO:p22.p22_i16_slothy_start.split.356_395:Attempt optimization with max 8 stalls...
INFO:p22.p22_i16_slothy_start.split.356_395:Setting timeout of 30 seconds...
INFO:p22.p22_i16_slothy_start.split.356_395:Objective: None (any satisfying solution is fine)
INFO:p22.p22_i16_slothy_start.split.356_395:Invoking external constraint solver (OR-Tools CP-SAT v9.15.6755) ...
INFO:p22.p22_i16_slothy_start.split.356_395:INFEASIBLE, wall time: 0.000790 s
INFO:p22.p22_i16_slothy_start.split.356_395:Attempt optimization with max 16 stalls...
INFO:p22.p22_i16_slothy_start.split.356_395:Setting timeout of 30 seconds...
INFO:p22.p22_i16_slothy_start.split.356_395:Objective: None (any satisfying solution is fine)
INFO:p22.p22_i16_slothy_start.split.356_395:Invoking external constraint solver (OR-Tools CP-SAT v9.15.6755) ...
INFO:p22.p22_i16_slothy_start.split.356_395:INFEASIBLE, wall time: 0.002944 s
INFO:p22.p22_i16_slothy_start.split.356_395:Attempt optimization with max 32 stalls...
INFO:p22.p22_i16_slothy_start.split.356_395:Setting timeout of 30 seconds...
INFO:p22.p22_i16_slothy_start.split.356_395:Objective: None (any satisfying solution is fine)
INFO:p22.p22_i16_slothy_start.split.356_395:Invoking external constraint solver (OR-Tools CP-SAT v9.15.6755) ...
INFO:p22.p22_i16_slothy_start.split.356_395:[0.0222s]: Found 1 solutions so far... objective (no objective): currently 0.0, bound 0.0
INFO:p22.p22_i16_slothy_start.split.356_395:OPTIMAL, wall time: 0.024716 s
INFO:p22.p22_i16_slothy_start.split.356_395:Booleans in result: 121
INFO:p22.p22_i16_slothy_start.split.356_395.selfcheck:OK!
WARNING:p22:LLVM (llvm-mc, llvm-nm, llvm-readobj) not found, disabling selftest. Consider installing LLVM.
INFO:p22.p22_i16_slothy_start.split.356_395:Attempt optimization with max 24 stalls...
INFO:p22.p22_i16_slothy_start.split.356_395:Setting timeout of 30 seconds...
INFO:p22.p22_i16_slothy_start.split.356_395:Objective: None (any satisfying solution is fine)
INFO:p22.p22_i16_slothy_start.split.356_395:Invoking external constraint solver (OR-Tools CP-SAT v9.15.6755) ...
INFO:p22.p22_i16_slothy_start.split.356_395:INFEASIBLE, wall time: 0.041232 s
INFO:p22.p22_i16_slothy_start.split.356_395:Attempt optimization with max 28 stalls...
INFO:p22.p22_i16_slothy_start.split.356_395:Setting timeout of 30 seconds...
INFO:p22.p22_i16_slothy_start.split.356_395:Objective: None (any satisfying solution is fine)
INFO:p22.p22_i16_slothy_start.split.356_395:Invoking external constraint solver (OR-Tools CP-SAT v9.15.6755) ...
INFO:p22.p22_i16_slothy_start.split.356_395:INFEASIBLE, wall time: 0.669538 s
INFO:p22.p22_i16_slothy_start.split.356_395:Attempt optimization with max 30 stalls...
INFO:p22.p22_i16_slothy_start.split.356_395:Setting timeout of 30 seconds...
INFO:p22.p22_i16_slothy_start.split.356_395:Objective: None (any satisfying solution is fine)
INFO:p22.p22_i16_slothy_start.split.356_395:Invoking external constraint solver (OR-Tools CP-SAT v9.15.6755) ...
INFO:p22.p22_i16_slothy_start.split.356_395:[0.0263s]: Found 1 solutions so far... objective (no objective): currently 0.0, bound 0.0
INFO:p22.p22_i16_slothy_start.split.356_395:OPTIMAL, wall time: 0.028868 s
INFO:p22.p22_i16_slothy_start.split.356_395:Booleans in result: 261
INFO:p22.p22_i16_slothy_start.split.356_395.selfcheck:OK!
WARNING:p22:LLVM (llvm-mc, llvm-nm, llvm-readobj) not found, disabling selftest. Consider installing LLVM.
INFO:p22.p22_i16_slothy_start.split.356_395:Attempt optimization with max 29 stalls...
INFO:p22.p22_i16_slothy_start.split.356_395:Setting timeout of 30 seconds...
INFO:p22.p22_i16_slothy_start.split.356_395:Objective: None (any satisfying solution is fine)
INFO:p22.p22_i16_slothy_start.split.356_395:Invoking external constraint solver (OR-Tools CP-SAT v9.15.6755) ...
INFO:p22.p22_i16_slothy_start.split.356_395:[0.0476s]: Found 1 solutions so far... objective (no objective): currently 0.0, bound 0.0
INFO:p22.p22_i16_slothy_start.split.356_395:OPTIMAL, wall time: 0.051581 s
INFO:p22.p22_i16_slothy_start.split.356_395:Booleans in result: 277
INFO:p22.p22_i16_slothy_start.split.356_395.selfcheck:OK!
WARNING:p22:LLVM (llvm-mc, llvm-nm, llvm-readobj) not found, disabling selftest. Consider installing LLVM.
INFO:p22.p22_i16_slothy_start.split:[  0- 12]: *********....................... (9)
INFO:p22.p22_i16_slothy_start.split:[ 12- 25]: ****************................ (16)
INFO:p22.p22_i16_slothy_start.split:[ 25- 38]: ********************............ (20)
INFO:p22.p22_i16_slothy_start.split:[ 38- 50]: ***********************......... (23)
INFO:p22.p22_i16_slothy_start.split:[ 50- 63]: **************************...... (26)
INFO:p22.p22_i16_slothy_start.split:[ 63- 76]: ***************************..... (27)
INFO:p22.p22_i16_slothy_start.split:[ 76- 88]: *****************************... (29)
INFO:p22.p22_i16_slothy_start.split:[ 88-101]: *****************************... (29)
INFO:p22.p22_i16_slothy_start.split:[101-114]: ******************************.. (30)
INFO:p22.p22_i16_slothy_start.split:[114-127]: *****************************... (29)
INFO:p22.p22_i16_slothy_start.split:[127-139]: ***************************..... (27)
INFO:p22.p22_i16_slothy_start.split:[139-152]: *************************....... (25)
INFO:p22.p22_i16_slothy_start.split:[152-165]: **********************.......... (22)
INFO:p22.p22_i16_slothy_start.split:[165-177]: ********************............ (20)
INFO:p22.p22_i16_slothy_start.split:[177-190]: ******************.............. (18)
INFO:p22.p22_i16_slothy_start.split:[190-203]: ******************.............. (18)
INFO:p22.p22_i16_slothy_start.split:[203-215]: ******************.............. (18)
INFO:p22.p22_i16_slothy_start.split:[215-228]: *****************............... (17)
INFO:p22.p22_i16_slothy_start.split:[228-241]: *******************............. (19)
INFO:p22.p22_i16_slothy_start.split:[241-254]: *******************............. (19)
INFO:p22.p22_i16_slothy_start.split:[254-266]: ***********************......... (23)
INFO:p22.p22_i16_slothy_start.split:[266-279]: **********************.......... (22)
INFO:p22.p22_i16_slothy_start.split:[279-292]: ************************........ (24)
INFO:p22.p22_i16_slothy_start.split:[292-304]: **********************.......... (22)
INFO:p22.p22_i16_slothy_start.split:[304-317]: ********************............ (20)
INFO:p22.p22_i16_slothy_start.split:[317-330]: *********************........... (21)
INFO:p22.p22_i16_slothy_start.split:[330-342]: *********************........... (21)
INFO:p22.p22_i16_slothy_start.split:[342-355]: ***********************......... (23)
INFO:p22.p22_i16_slothy_start.split:[355-368]: **********************.......... (22)
INFO:p22.p22_i16_slothy_start.split:[368-381]: ***********************......... (23)
INFO:p22.p22_i16_slothy_start.split:[381-393]: **************************...... (26)
INFO:p22.p22_i16_slothy_start.split:[393-406]: **************************...... (26)
INFO:p22.p22_i16_slothy_start.split:[406-419]: *****************************... (29)
INFO:p22.p22_i16_slothy_start.split:[419-431]: ***************************..... (27)
INFO:p22.p22_i16_slothy_start.split:[431-444]: ****************************.... (28)
INFO:p22.p22_i16_slothy_start.split:[444-457]: ***************************..... (27)
INFO:p22.p22_i16_slothy_start.split:[457-469]: *************************....... (25)
INFO:p22.p22_i16_slothy_start.split:[469-482]: ***************************..... (27)
INFO:p22.p22_i16_slothy_start.split:[482-495]: *************************....... (25)
INFO:p22.p22_i16_slothy_start.split:[495-508]: *************************....... (25)
INFO:p22.p22_i16_slothy_start.split:[508-520]: ***********************......... (23)
INFO:p22.p22_i16_slothy_start.split:[520-533]: ***********************......... (23)
INFO:p22.p22_i16_slothy_start.split:[533-546]: ***************************..... (27)
INFO:p22.p22_i16_slothy_start.split:[546-558]: **************************...... (26)
INFO:p22.p22_i16_slothy_start.split:[558-571]: ******************************.. (30)
INFO:p22.p22_i16_slothy_start.split:[571-584]: ****************************.... (28)
INFO:p22.p22_i16_slothy_start.split:[584-596]: *****************************... (29)
INFO:p22.p22_i16_slothy_start.split:[596-609]: ******************************.. (30)
INFO:p22.p22_i16_slothy_start.split:[609-622]: **************************...... (26)
INFO:p22.p22_i16_slothy_start.split:[622-635]: ******************.............. (18)
INFO:p22.p22_i16_slothy_start.split.381_421:Perform external binary search for minimal number of stalls...
INFO:p22.p22_i16_slothy_start.split.381_421:Attempt optimization with max 0 stalls...
INFO:p22.p22_i16_slothy_start.split.381_421:Setting timeout of 30 seconds...
INFO:p22.p22_i16_slothy_start.split.381_421:Objective: None (any satisfying solution is fine)
INFO:p22.p22_i16_slothy_start.split.381_421:Invoking external constraint solver (OR-Tools CP-SAT v9.15.6755) ...
INFO:p22.p22_i16_slothy_start.split.381_421:INFEASIBLE, wall time: 0.000723 s
INFO:p22.p22_i16_slothy_start.split.381_421:Attempt optimization with max 1 stalls...
INFO:p22.p22_i16_slothy_start.split.381_421:Setting timeout of 30 seconds...
INFO:p22.p22_i16_slothy_start.split.381_421:Objective: None (any satisfying solution is fine)
INFO:p22.p22_i16_slothy_start.split.381_421:Invoking external constraint solver (OR-Tools CP-SAT v9.15.6755) ...
INFO:p22.p22_i16_slothy_start.split.381_421:INFEASIBLE, wall time: 0.000726 s
INFO:p22.p22_i16_slothy_start.split.381_421:Attempt optimization with max 2 stalls...
INFO:p22.p22_i16_slothy_start.split.381_421:Setting timeout of 30 seconds...
INFO:p22.p22_i16_slothy_start.split.381_421:Objective: None (any satisfying solution is fine)
INFO:p22.p22_i16_slothy_start.split.381_421:Invoking external constraint solver (OR-Tools CP-SAT v9.15.6755) ...
INFO:p22.p22_i16_slothy_start.split.381_421:INFEASIBLE, wall time: 0.000812 s
INFO:p22.p22_i16_slothy_start.split.381_421:Attempt optimization with max 4 stalls...
INFO:p22.p22_i16_slothy_start.split.381_421:Setting timeout of 30 seconds...
INFO:p22.p22_i16_slothy_start.split.381_421:Objective: None (any satisfying solution is fine)
INFO:p22.p22_i16_slothy_start.split.381_421:Invoking external constraint solver (OR-Tools CP-SAT v9.15.6755) ...
INFO:p22.p22_i16_slothy_start.split.381_421:INFEASIBLE, wall time: 0.000807 s
INFO:p22.p22_i16_slothy_start.split.381_421:Attempt optimization with max 8 stalls...
INFO:p22.p22_i16_slothy_start.split.381_421:Setting timeout of 30 seconds...
INFO:p22.p22_i16_slothy_start.split.381_421:Objective: None (any satisfying solution is fine)
INFO:p22.p22_i16_slothy_start.split.381_421:Invoking external constraint solver (OR-Tools CP-SAT v9.15.6755) ...
INFO:p22.p22_i16_slothy_start.split.381_421:INFEASIBLE, wall time: 0.000720 s
INFO:p22.p22_i16_slothy_start.split.381_421:Attempt optimization with max 16 stalls...
INFO:p22.p22_i16_slothy_start.split.381_421:Setting timeout of 30 seconds...
INFO:p22.p22_i16_slothy_start.split.381_421:Objective: None (any satisfying solution is fine)
INFO:p22.p22_i16_slothy_start.split.381_421:Invoking external constraint solver (OR-Tools CP-SAT v9.15.6755) ...
INFO:p22.p22_i16_slothy_start.split.381_421:INFEASIBLE, wall time: 0.000862 s
INFO:p22.p22_i16_slothy_start.split.381_421:Attempt optimization with max 32 stalls...
INFO:p22.p22_i16_slothy_start.split.381_421:Setting timeout of 30 seconds...
INFO:p22.p22_i16_slothy_start.split.381_421:Objective: None (any satisfying solution is fine)
INFO:p22.p22_i16_slothy_start.split.381_421:Invoking external constraint solver (OR-Tools CP-SAT v9.15.6755) ...
INFO:p22.p22_i16_slothy_start.split.381_421:INFEASIBLE, wall time: 0.050941 s
INFO:p22.p22_i16_slothy_start.split.381_421:Attempt optimization with max 64 stalls...
INFO:p22.p22_i16_slothy_start.split.381_421:Setting timeout of 30 seconds...
INFO:p22.p22_i16_slothy_start.split.381_421:Objective: None (any satisfying solution is fine)
INFO:p22.p22_i16_slothy_start.split.381_421:Invoking external constraint solver (OR-Tools CP-SAT v9.15.6755) ...
INFO:p22.p22_i16_slothy_start.split.381_421:[0.0102s]: Found 1 solutions so far... objective (no objective): currently 0.0, bound 0.0
INFO:p22.p22_i16_slothy_start.split.381_421:OPTIMAL, wall time: 0.012676 s
INFO:p22.p22_i16_slothy_start.split.381_421:Booleans in result: 90
INFO:p22.p22_i16_slothy_start.split.381_421.selfcheck:OK!
WARNING:p22:LLVM (llvm-mc, llvm-nm, llvm-readobj) not found, disabling selftest. Consider installing LLVM.
INFO:p22.p22_i16_slothy_start.split.381_421:Attempt optimization with max 48 stalls...
INFO:p22.p22_i16_slothy_start.split.381_421:Setting timeout of 30 seconds...
INFO:p22.p22_i16_slothy_start.split.381_421:Objective: None (any satisfying solution is fine)
INFO:p22.p22_i16_slothy_start.split.381_421:Invoking external constraint solver (OR-Tools CP-SAT v9.15.6755) ...
INFO:p22.p22_i16_slothy_start.split.381_421:[0.0095s]: Found 1 solutions so far... objective (no objective): currently 0.0, bound 0.0
INFO:p22.p22_i16_slothy_start.split.381_421:[0.0096s]: Found 2 solutions so far... objective (no objective): currently 0.0, bound 0.0
INFO:p22.p22_i16_slothy_start.split.381_421:OPTIMAL, wall time: 0.011876 s
INFO:p22.p22_i16_slothy_start.split.381_421:Booleans in result: 90
INFO:p22.p22_i16_slothy_start.split.381_421.selfcheck:OK!
WARNING:p22:LLVM (llvm-mc, llvm-nm, llvm-readobj) not found, disabling selftest. Consider installing LLVM.
INFO:p22.p22_i16_slothy_start.split.381_421:Attempt optimization with max 40 stalls...
INFO:p22.p22_i16_slothy_start.split.381_421:Setting timeout of 30 seconds...
INFO:p22.p22_i16_slothy_start.split.381_421:Objective: None (any satisfying solution is fine)
INFO:p22.p22_i16_slothy_start.split.381_421:Invoking external constraint solver (OR-Tools CP-SAT v9.15.6755) ...
INFO:p22.p22_i16_slothy_start.split.381_421:[0.0138s]: Found 1 solutions so far... objective (no objective): currently 0.0, bound 0.0
INFO:p22.p22_i16_slothy_start.split.381_421:OPTIMAL, wall time: 0.016702 s
INFO:p22.p22_i16_slothy_start.split.381_421:Booleans in result: 90
INFO:p22.p22_i16_slothy_start.split.381_421.selfcheck:OK!
WARNING:p22:LLVM (llvm-mc, llvm-nm, llvm-readobj) not found, disabling selftest. Consider installing LLVM.
INFO:p22.p22_i16_slothy_start.split.381_421:Attempt optimization with max 36 stalls...
INFO:p22.p22_i16_slothy_start.split.381_421:Setting timeout of 30 seconds...
INFO:p22.p22_i16_slothy_start.split.381_421:Objective: None (any satisfying solution is fine)
INFO:p22.p22_i16_slothy_start.split.381_421:Invoking external constraint solver (OR-Tools CP-SAT v9.15.6755) ...
INFO:p22.p22_i16_slothy_start.split.381_421:[0.0399s]: Found 1 solutions so far... objective (no objective): currently 0.0, bound 0.0
INFO:p22.p22_i16_slothy_start.split.381_421:OPTIMAL, wall time: 0.045122 s
INFO:p22.p22_i16_slothy_start.split.381_421:Booleans in result: 229
INFO:p22.p22_i16_slothy_start.split.381_421.selfcheck:OK!
WARNING:p22:LLVM (llvm-mc, llvm-nm, llvm-readobj) not found, disabling selftest. Consider installing LLVM.
INFO:p22.p22_i16_slothy_start.split.381_421:Attempt optimization with max 34 stalls...
INFO:p22.p22_i16_slothy_start.split.381_421:Setting timeout of 30 seconds...
INFO:p22.p22_i16_slothy_start.split.381_421:Objective: None (any satisfying solution is fine)
INFO:p22.p22_i16_slothy_start.split.381_421:Invoking external constraint solver (OR-Tools CP-SAT v9.15.6755) ...
INFO:p22.p22_i16_slothy_start.split.381_421:INFEASIBLE, wall time: 0.088234 s
INFO:p22.p22_i16_slothy_start.split.381_421:Attempt optimization with max 35 stalls...
INFO:p22.p22_i16_slothy_start.split.381_421:Setting timeout of 30 seconds...
INFO:p22.p22_i16_slothy_start.split.381_421:Objective: None (any satisfying solution is fine)
INFO:p22.p22_i16_slothy_start.split.381_421:Invoking external constraint solver (OR-Tools CP-SAT v9.15.6755) ...
INFO:p22.p22_i16_slothy_start.split.381_421:INFEASIBLE, wall time: 0.137331 s
INFO:p22.p22_i16_slothy_start.split:[  0- 12]: *********........................ (9)
INFO:p22.p22_i16_slothy_start.split:[ 12- 25]: ****************................. (16)
INFO:p22.p22_i16_slothy_start.split:[ 25- 38]: ********************............. (20)
INFO:p22.p22_i16_slothy_start.split:[ 38- 50]: ***********************.......... (23)
INFO:p22.p22_i16_slothy_start.split:[ 50- 63]: **************************....... (26)
INFO:p22.p22_i16_slothy_start.split:[ 63- 76]: ***************************...... (27)
INFO:p22.p22_i16_slothy_start.split:[ 76- 88]: *****************************.... (29)
INFO:p22.p22_i16_slothy_start.split:[ 88-101]: *****************************.... (29)
INFO:p22.p22_i16_slothy_start.split:[101-114]: ******************************... (30)
INFO:p22.p22_i16_slothy_start.split:[114-127]: *****************************.... (29)
INFO:p22.p22_i16_slothy_start.split:[127-139]: ***************************...... (27)
INFO:p22.p22_i16_slothy_start.split:[139-152]: *************************........ (25)
INFO:p22.p22_i16_slothy_start.split:[152-165]: **********************........... (22)
INFO:p22.p22_i16_slothy_start.split:[165-177]: ********************............. (20)
INFO:p22.p22_i16_slothy_start.split:[177-190]: ******************............... (18)
INFO:p22.p22_i16_slothy_start.split:[190-203]: ******************............... (18)
INFO:p22.p22_i16_slothy_start.split:[203-215]: ******************............... (18)
INFO:p22.p22_i16_slothy_start.split:[215-228]: *****************................ (17)
INFO:p22.p22_i16_slothy_start.split:[228-241]: *******************.............. (19)
INFO:p22.p22_i16_slothy_start.split:[241-254]: *******************.............. (19)
INFO:p22.p22_i16_slothy_start.split:[254-266]: ***********************.......... (23)
INFO:p22.p22_i16_slothy_start.split:[266-279]: **********************........... (22)
INFO:p22.p22_i16_slothy_start.split:[279-292]: ************************......... (24)
INFO:p22.p22_i16_slothy_start.split:[292-304]: **********************........... (22)
INFO:p22.p22_i16_slothy_start.split:[304-317]: ********************............. (20)
INFO:p22.p22_i16_slothy_start.split:[317-330]: *********************............ (21)
INFO:p22.p22_i16_slothy_start.split:[330-342]: *********************............ (21)
INFO:p22.p22_i16_slothy_start.split:[342-355]: ***********************.......... (23)
INFO:p22.p22_i16_slothy_start.split:[355-368]: **********************........... (22)
INFO:p22.p22_i16_slothy_start.split:[368-381]: *********************............ (21)
INFO:p22.p22_i16_slothy_start.split:[381-393]: **********************........... (22)
INFO:p22.p22_i16_slothy_start.split:[393-406]: *************************........ (25)
INFO:p22.p22_i16_slothy_start.split:[406-419]: *******************************.. (31)
INFO:p22.p22_i16_slothy_start.split:[419-431]: ******************************... (30)
INFO:p22.p22_i16_slothy_start.split:[431-444]: *****************************.... (29)
INFO:p22.p22_i16_slothy_start.split:[444-457]: ***************************...... (27)
INFO:p22.p22_i16_slothy_start.split:[457-469]: *************************........ (25)
INFO:p22.p22_i16_slothy_start.split:[469-482]: ***************************...... (27)
INFO:p22.p22_i16_slothy_start.split:[482-495]: *************************........ (25)
INFO:p22.p22_i16_slothy_start.split:[495-508]: *************************........ (25)
INFO:p22.p22_i16_slothy_start.split:[508-520]: ***********************.......... (23)
INFO:p22.p22_i16_slothy_start.split:[520-533]: ***********************.......... (23)
INFO:p22.p22_i16_slothy_start.split:[533-546]: ***************************...... (27)
INFO:p22.p22_i16_slothy_start.split:[546-558]: **************************....... (26)
INFO:p22.p22_i16_slothy_start.split:[558-571]: ******************************... (30)
INFO:p22.p22_i16_slothy_start.split:[571-584]: ****************************..... (28)
INFO:p22.p22_i16_slothy_start.split:[584-596]: *****************************.... (29)
INFO:p22.p22_i16_slothy_start.split:[596-609]: ******************************... (30)
INFO:p22.p22_i16_slothy_start.split:[609-622]: **************************....... (26)
INFO:p22.p22_i16_slothy_start.split:[622-635]: ******************............... (18)
INFO:p22.p22_i16_slothy_start.split.406_446:Perform external binary search for minimal number of stalls...
INFO:p22.p22_i16_slothy_start.split.406_446:Attempt optimization with max 0 stalls...
INFO:p22.p22_i16_slothy_start.split.406_446:Setting timeout of 30 seconds...
INFO:p22.p22_i16_slothy_start.split.406_446:Objective: None (any satisfying solution is fine)
INFO:p22.p22_i16_slothy_start.split.406_446:Invoking external constraint solver (OR-Tools CP-SAT v9.15.6755) ...
INFO:p22.p22_i16_slothy_start.split.406_446:INFEASIBLE, wall time: 0.000776 s
INFO:p22.p22_i16_slothy_start.split.406_446:Attempt optimization with max 1 stalls...
INFO:p22.p22_i16_slothy_start.split.406_446:Setting timeout of 30 seconds...
INFO:p22.p22_i16_slothy_start.split.406_446:Objective: None (any satisfying solution is fine)
INFO:p22.p22_i16_slothy_start.split.406_446:Invoking external constraint solver (OR-Tools CP-SAT v9.15.6755) ...
INFO:p22.p22_i16_slothy_start.split.406_446:INFEASIBLE, wall time: 0.000709 s
INFO:p22.p22_i16_slothy_start.split.406_446:Attempt optimization with max 2 stalls...
INFO:p22.p22_i16_slothy_start.split.406_446:Setting timeout of 30 seconds...
INFO:p22.p22_i16_slothy_start.split.406_446:Objective: None (any satisfying solution is fine)
INFO:p22.p22_i16_slothy_start.split.406_446:Invoking external constraint solver (OR-Tools CP-SAT v9.15.6755) ...
INFO:p22.p22_i16_slothy_start.split.406_446:INFEASIBLE, wall time: 0.000740 s
INFO:p22.p22_i16_slothy_start.split.406_446:Attempt optimization with max 4 stalls...
INFO:p22.p22_i16_slothy_start.split.406_446:Setting timeout of 30 seconds...
INFO:p22.p22_i16_slothy_start.split.406_446:Objective: None (any satisfying solution is fine)
INFO:p22.p22_i16_slothy_start.split.406_446:Invoking external constraint solver (OR-Tools CP-SAT v9.15.6755) ...
INFO:p22.p22_i16_slothy_start.split.406_446:INFEASIBLE, wall time: 0.000924 s
INFO:p22.p22_i16_slothy_start.split.406_446:Attempt optimization with max 8 stalls...
INFO:p22.p22_i16_slothy_start.split.406_446:Setting timeout of 30 seconds...
INFO:p22.p22_i16_slothy_start.split.406_446:Objective: None (any satisfying solution is fine)
INFO:p22.p22_i16_slothy_start.split.406_446:Invoking external constraint solver (OR-Tools CP-SAT v9.15.6755) ...
INFO:p22.p22_i16_slothy_start.split.406_446:INFEASIBLE, wall time: 0.000762 s
INFO:p22.p22_i16_slothy_start.split.406_446:Attempt optimization with max 16 stalls...
INFO:p22.p22_i16_slothy_start.split.406_446:Setting timeout of 30 seconds...
INFO:p22.p22_i16_slothy_start.split.406_446:Objective: None (any satisfying solution is fine)
INFO:p22.p22_i16_slothy_start.split.406_446:Invoking external constraint solver (OR-Tools CP-SAT v9.15.6755) ...
INFO:p22.p22_i16_slothy_start.split.406_446:INFEASIBLE, wall time: 0.002977 s
INFO:p22.p22_i16_slothy_start.split.406_446:Attempt optimization with max 32 stalls...
INFO:p22.p22_i16_slothy_start.split.406_446:Setting timeout of 30 seconds...
INFO:p22.p22_i16_slothy_start.split.406_446:Objective: None (any satisfying solution is fine)
INFO:p22.p22_i16_slothy_start.split.406_446:Invoking external constraint solver (OR-Tools CP-SAT v9.15.6755) ...
INFO:p22.p22_i16_slothy_start.split.406_446:[0.0107s]: Found 1 solutions so far... objective (no objective): currently 0.0, bound 0.0
INFO:p22.p22_i16_slothy_start.split.406_446:[0.0108s]: Found 2 solutions so far... objective (no objective): currently 0.0, bound 0.0
INFO:p22.p22_i16_slothy_start.split.406_446:OPTIMAL, wall time: 0.013071 s
INFO:p22.p22_i16_slothy_start.split.406_446:Booleans in result: 80
INFO:p22.p22_i16_slothy_start.split.406_446.selfcheck:OK!
WARNING:p22:LLVM (llvm-mc, llvm-nm, llvm-readobj) not found, disabling selftest. Consider installing LLVM.
INFO:p22.p22_i16_slothy_start.split.406_446:Attempt optimization with max 24 stalls...
INFO:p22.p22_i16_slothy_start.split.406_446:Setting timeout of 30 seconds...
INFO:p22.p22_i16_slothy_start.split.406_446:Objective: None (any satisfying solution is fine)
INFO:p22.p22_i16_slothy_start.split.406_446:Invoking external constraint solver (OR-Tools CP-SAT v9.15.6755) ...
INFO:p22.p22_i16_slothy_start.split.406_446:[0.0121s]: Found 1 solutions so far... objective (no objective): currently 0.0, bound 0.0
INFO:p22.p22_i16_slothy_start.split.406_446:OPTIMAL, wall time: 0.014638 s
INFO:p22.p22_i16_slothy_start.split.406_446:Booleans in result: 80
INFO:p22.p22_i16_slothy_start.split.406_446.selfcheck:OK!
WARNING:p22:LLVM (llvm-mc, llvm-nm, llvm-readobj) not found, disabling selftest. Consider installing LLVM.
INFO:p22.p22_i16_slothy_start.split.406_446:Attempt optimization with max 20 stalls...
INFO:p22.p22_i16_slothy_start.split.406_446:Setting timeout of 30 seconds...
INFO:p22.p22_i16_slothy_start.split.406_446:Objective: None (any satisfying solution is fine)
INFO:p22.p22_i16_slothy_start.split.406_446:Invoking external constraint solver (OR-Tools CP-SAT v9.15.6755) ...
INFO:p22.p22_i16_slothy_start.split.406_446:INFEASIBLE, wall time: 0.014905 s
INFO:p22.p22_i16_slothy_start.split.406_446:Attempt optimization with max 22 stalls...
INFO:p22.p22_i16_slothy_start.split.406_446:Setting timeout of 30 seconds...
INFO:p22.p22_i16_slothy_start.split.406_446:Objective: None (any satisfying solution is fine)
INFO:p22.p22_i16_slothy_start.split.406_446:Invoking external constraint solver (OR-Tools CP-SAT v9.15.6755) ...
INFO:p22.p22_i16_slothy_start.split.406_446:INFEASIBLE, wall time: 0.020438 s
INFO:p22.p22_i16_slothy_start.split.406_446:Attempt optimization with max 23 stalls...
INFO:p22.p22_i16_slothy_start.split.406_446:Setting timeout of 30 seconds...
INFO:p22.p22_i16_slothy_start.split.406_446:Objective: None (any satisfying solution is fine)
INFO:p22.p22_i16_slothy_start.split.406_446:Invoking external constraint solver (OR-Tools CP-SAT v9.15.6755) ...
INFO:p22.p22_i16_slothy_start.split.406_446:INFEASIBLE, wall time: 0.028322 s
INFO:p22.p22_i16_slothy_start.split:[  0- 12]: *********....................... (9)
INFO:p22.p22_i16_slothy_start.split:[ 12- 25]: ****************................ (16)
INFO:p22.p22_i16_slothy_start.split:[ 25- 38]: ********************............ (20)
INFO:p22.p22_i16_slothy_start.split:[ 38- 50]: ***********************......... (23)
INFO:p22.p22_i16_slothy_start.split:[ 50- 63]: **************************...... (26)
INFO:p22.p22_i16_slothy_start.split:[ 63- 76]: ***************************..... (27)
INFO:p22.p22_i16_slothy_start.split:[ 76- 88]: *****************************... (29)
INFO:p22.p22_i16_slothy_start.split:[ 88-101]: *****************************... (29)
INFO:p22.p22_i16_slothy_start.split:[101-114]: ******************************.. (30)
INFO:p22.p22_i16_slothy_start.split:[114-127]: *****************************... (29)
INFO:p22.p22_i16_slothy_start.split:[127-139]: ***************************..... (27)
INFO:p22.p22_i16_slothy_start.split:[139-152]: *************************....... (25)
INFO:p22.p22_i16_slothy_start.split:[152-165]: **********************.......... (22)
INFO:p22.p22_i16_slothy_start.split:[165-177]: ********************............ (20)
INFO:p22.p22_i16_slothy_start.split:[177-190]: ******************.............. (18)
INFO:p22.p22_i16_slothy_start.split:[190-203]: ******************.............. (18)
INFO:p22.p22_i16_slothy_start.split:[203-215]: ******************.............. (18)
INFO:p22.p22_i16_slothy_start.split:[215-228]: *****************............... (17)
INFO:p22.p22_i16_slothy_start.split:[228-241]: *******************............. (19)
INFO:p22.p22_i16_slothy_start.split:[241-254]: *******************............. (19)
INFO:p22.p22_i16_slothy_start.split:[254-266]: ***********************......... (23)
INFO:p22.p22_i16_slothy_start.split:[266-279]: **********************.......... (22)
INFO:p22.p22_i16_slothy_start.split:[279-292]: ************************........ (24)
INFO:p22.p22_i16_slothy_start.split:[292-304]: **********************.......... (22)
INFO:p22.p22_i16_slothy_start.split:[304-317]: ********************............ (20)
INFO:p22.p22_i16_slothy_start.split:[317-330]: *********************........... (21)
INFO:p22.p22_i16_slothy_start.split:[330-342]: *********************........... (21)
INFO:p22.p22_i16_slothy_start.split:[342-355]: ***********************......... (23)
INFO:p22.p22_i16_slothy_start.split:[355-368]: **********************.......... (22)
INFO:p22.p22_i16_slothy_start.split:[368-381]: *********************........... (21)
INFO:p22.p22_i16_slothy_start.split:[381-393]: **********************.......... (22)
INFO:p22.p22_i16_slothy_start.split:[393-406]: ********************............ (20)
INFO:p22.p22_i16_slothy_start.split:[406-419]: ***********************......... (23)
INFO:p22.p22_i16_slothy_start.split:[419-431]: **********************.......... (22)
INFO:p22.p22_i16_slothy_start.split:[431-444]: **************************...... (26)
INFO:p22.p22_i16_slothy_start.split:[444-457]: ***************************..... (27)
INFO:p22.p22_i16_slothy_start.split:[457-469]: **************************...... (26)
INFO:p22.p22_i16_slothy_start.split:[469-482]: ***************************..... (27)
INFO:p22.p22_i16_slothy_start.split:[482-495]: *************************....... (25)
INFO:p22.p22_i16_slothy_start.split:[495-508]: *************************....... (25)
INFO:p22.p22_i16_slothy_start.split:[508-520]: ***********************......... (23)
INFO:p22.p22_i16_slothy_start.split:[520-533]: ***********************......... (23)
INFO:p22.p22_i16_slothy_start.split:[533-546]: ***************************..... (27)
INFO:p22.p22_i16_slothy_start.split:[546-558]: **************************...... (26)
INFO:p22.p22_i16_slothy_start.split:[558-571]: ******************************.. (30)
INFO:p22.p22_i16_slothy_start.split:[571-584]: ****************************.... (28)
INFO:p22.p22_i16_slothy_start.split:[584-596]: *****************************... (29)
INFO:p22.p22_i16_slothy_start.split:[596-609]: ******************************.. (30)
INFO:p22.p22_i16_slothy_start.split:[609-622]: **************************...... (26)
INFO:p22.p22_i16_slothy_start.split:[622-635]: ******************.............. (18)
INFO:p22.p22_i16_slothy_start.split.432_471:Perform external binary search for minimal number of stalls...
INFO:p22.p22_i16_slothy_start.split.432_471:Attempt optimization with max 0 stalls...
INFO:p22.p22_i16_slothy_start.split.432_471:Setting timeout of 30 seconds...
INFO:p22.p22_i16_slothy_start.split.432_471:Objective: None (any satisfying solution is fine)
INFO:p22.p22_i16_slothy_start.split.432_471:Invoking external constraint solver (OR-Tools CP-SAT v9.15.6755) ...
INFO:p22.p22_i16_slothy_start.split.432_471:INFEASIBLE, wall time: 0.000721 s
INFO:p22.p22_i16_slothy_start.split.432_471:Attempt optimization with max 1 stalls...
INFO:p22.p22_i16_slothy_start.split.432_471:Setting timeout of 30 seconds...
INFO:p22.p22_i16_slothy_start.split.432_471:Objective: None (any satisfying solution is fine)
INFO:p22.p22_i16_slothy_start.split.432_471:Invoking external constraint solver (OR-Tools CP-SAT v9.15.6755) ...
INFO:p22.p22_i16_slothy_start.split.432_471:INFEASIBLE, wall time: 0.000701 s
INFO:p22.p22_i16_slothy_start.split.432_471:Attempt optimization with max 2 stalls...
INFO:p22.p22_i16_slothy_start.split.432_471:Setting timeout of 30 seconds...
INFO:p22.p22_i16_slothy_start.split.432_471:Objective: None (any satisfying solution is fine)
INFO:p22.p22_i16_slothy_start.split.432_471:Invoking external constraint solver (OR-Tools CP-SAT v9.15.6755) ...
INFO:p22.p22_i16_slothy_start.split.432_471:INFEASIBLE, wall time: 0.000777 s
INFO:p22.p22_i16_slothy_start.split.432_471:Attempt optimization with max 4 stalls...
INFO:p22.p22_i16_slothy_start.split.432_471:Setting timeout of 30 seconds...
INFO:p22.p22_i16_slothy_start.split.432_471:Objective: None (any satisfying solution is fine)
INFO:p22.p22_i16_slothy_start.split.432_471:Invoking external constraint solver (OR-Tools CP-SAT v9.15.6755) ...
INFO:p22.p22_i16_slothy_start.split.432_471:INFEASIBLE, wall time: 0.000783 s
INFO:p22.p22_i16_slothy_start.split.432_471:Attempt optimization with max 8 stalls...
INFO:p22.p22_i16_slothy_start.split.432_471:Setting timeout of 30 seconds...
INFO:p22.p22_i16_slothy_start.split.432_471:Objective: None (any satisfying solution is fine)
INFO:p22.p22_i16_slothy_start.split.432_471:Invoking external constraint solver (OR-Tools CP-SAT v9.15.6755) ...
INFO:p22.p22_i16_slothy_start.split.432_471:INFEASIBLE, wall time: 0.000819 s
INFO:p22.p22_i16_slothy_start.split.432_471:Attempt optimization with max 16 stalls...
INFO:p22.p22_i16_slothy_start.split.432_471:Setting timeout of 30 seconds...
INFO:p22.p22_i16_slothy_start.split.432_471:Objective: None (any satisfying solution is fine)
INFO:p22.p22_i16_slothy_start.split.432_471:Invoking external constraint solver (OR-Tools CP-SAT v9.15.6755) ...
INFO:p22.p22_i16_slothy_start.split.432_471:INFEASIBLE, wall time: 0.000825 s
INFO:p22.p22_i16_slothy_start.split.432_471:Attempt optimization with max 32 stalls...
INFO:p22.p22_i16_slothy_start.split.432_471:Setting timeout of 30 seconds...
INFO:p22.p22_i16_slothy_start.split.432_471:Objective: None (any satisfying solution is fine)
INFO:p22.p22_i16_slothy_start.split.432_471:Invoking external constraint solver (OR-Tools CP-SAT v9.15.6755) ...
INFO:p22.p22_i16_slothy_start.split.432_471:INFEASIBLE, wall time: 0.016048 s
INFO:p22.p22_i16_slothy_start.split.432_471:Attempt optimization with max 64 stalls...
INFO:p22.p22_i16_slothy_start.split.432_471:Setting timeout of 30 seconds...
INFO:p22.p22_i16_slothy_start.split.432_471:Objective: None (any satisfying solution is fine)
INFO:p22.p22_i16_slothy_start.split.432_471:Invoking external constraint solver (OR-Tools CP-SAT v9.15.6755) ...
INFO:p22.p22_i16_slothy_start.split.432_471:[0.0098s]: Found 1 solutions so far... objective (no objective): currently 0.0, bound 0.0
INFO:p22.p22_i16_slothy_start.split.432_471:OPTIMAL, wall time: 0.012382 s
INFO:p22.p22_i16_slothy_start.split.432_471:Booleans in result: 83
INFO:p22.p22_i16_slothy_start.split.432_471.selfcheck:OK!
WARNING:p22:LLVM (llvm-mc, llvm-nm, llvm-readobj) not found, disabling selftest. Consider installing LLVM.
INFO:p22.p22_i16_slothy_start.split.432_471:Attempt optimization with max 48 stalls...
INFO:p22.p22_i16_slothy_start.split.432_471:Setting timeout of 30 seconds...
INFO:p22.p22_i16_slothy_start.split.432_471:Objective: None (any satisfying solution is fine)
INFO:p22.p22_i16_slothy_start.split.432_471:Invoking external constraint solver (OR-Tools CP-SAT v9.15.6755) ...
INFO:p22.p22_i16_slothy_start.split.432_471:[0.0099s]: Found 1 solutions so far... objective (no objective): currently 0.0, bound 0.0
INFO:p22.p22_i16_slothy_start.split.432_471:OPTIMAL, wall time: 0.012518 s
INFO:p22.p22_i16_slothy_start.split.432_471:Booleans in result: 20
INFO:p22.p22_i16_slothy_start.split.432_471.selfcheck:OK!
WARNING:p22:LLVM (llvm-mc, llvm-nm, llvm-readobj) not found, disabling selftest. Consider installing LLVM.
INFO:p22.p22_i16_slothy_start.split.432_471:Attempt optimization with max 40 stalls...
INFO:p22.p22_i16_slothy_start.split.432_471:Setting timeout of 30 seconds...
INFO:p22.p22_i16_slothy_start.split.432_471:Objective: None (any satisfying solution is fine)
INFO:p22.p22_i16_slothy_start.split.432_471:Invoking external constraint solver (OR-Tools CP-SAT v9.15.6755) ...
INFO:p22.p22_i16_slothy_start.split.432_471:[0.0105s]: Found 1 solutions so far... objective (no objective): currently 0.0, bound 0.0
INFO:p22.p22_i16_slothy_start.split.432_471:[0.0107s]: Found 2 solutions so far... objective (no objective): currently 0.0, bound 0.0
INFO:p22.p22_i16_slothy_start.split.432_471:[0.0111s]: Found 3 solutions so far... objective (no objective): currently 0.0, bound 0.0
INFO:p22.p22_i16_slothy_start.split.432_471:[0.0113s]: Found 4 solutions so far... objective (no objective): currently 0.0, bound 0.0
INFO:p22.p22_i16_slothy_start.split.432_471:OPTIMAL, wall time: 0.013605 s
INFO:p22.p22_i16_slothy_start.split.432_471:Booleans in result: 87
INFO:p22.p22_i16_slothy_start.split.432_471.selfcheck:OK!
WARNING:p22:LLVM (llvm-mc, llvm-nm, llvm-readobj) not found, disabling selftest. Consider installing LLVM.
INFO:p22.p22_i16_slothy_start.split.432_471:Attempt optimization with max 36 stalls...
INFO:p22.p22_i16_slothy_start.split.432_471:Setting timeout of 30 seconds...
INFO:p22.p22_i16_slothy_start.split.432_471:Objective: None (any satisfying solution is fine)
INFO:p22.p22_i16_slothy_start.split.432_471:Invoking external constraint solver (OR-Tools CP-SAT v9.15.6755) ...
INFO:p22.p22_i16_slothy_start.split.432_471:[0.0097s]: Found 1 solutions so far... objective (no objective): currently 0.0, bound 0.0
INFO:p22.p22_i16_slothy_start.split.432_471:OPTIMAL, wall time: 0.012200 s
INFO:p22.p22_i16_slothy_start.split.432_471:Booleans in result: 20
INFO:p22.p22_i16_slothy_start.split.432_471.selfcheck:OK!
WARNING:p22:LLVM (llvm-mc, llvm-nm, llvm-readobj) not found, disabling selftest. Consider installing LLVM.
INFO:p22.p22_i16_slothy_start.split.432_471:Attempt optimization with max 34 stalls...
INFO:p22.p22_i16_slothy_start.split.432_471:Setting timeout of 30 seconds...
INFO:p22.p22_i16_slothy_start.split.432_471:Objective: None (any satisfying solution is fine)
INFO:p22.p22_i16_slothy_start.split.432_471:Invoking external constraint solver (OR-Tools CP-SAT v9.15.6755) ...
INFO:p22.p22_i16_slothy_start.split.432_471:[0.0111s]: Found 1 solutions so far... objective (no objective): currently 0.0, bound 0.0
INFO:p22.p22_i16_slothy_start.split.432_471:OPTIMAL, wall time: 0.013639 s
INFO:p22.p22_i16_slothy_start.split.432_471:Booleans in result: 91
INFO:p22.p22_i16_slothy_start.split.432_471.selfcheck:OK!
WARNING:p22:LLVM (llvm-mc, llvm-nm, llvm-readobj) not found, disabling selftest. Consider installing LLVM.
INFO:p22.p22_i16_slothy_start.split.432_471:Attempt optimization with max 33 stalls...
INFO:p22.p22_i16_slothy_start.split.432_471:Setting timeout of 30 seconds...
INFO:p22.p22_i16_slothy_start.split.432_471:Objective: None (any satisfying solution is fine)
INFO:p22.p22_i16_slothy_start.split.432_471:Invoking external constraint solver (OR-Tools CP-SAT v9.15.6755) ...
INFO:p22.p22_i16_slothy_start.split.432_471:[0.0111s]: Found 1 solutions so far... objective (no objective): currently 0.0, bound 0.0
INFO:p22.p22_i16_slothy_start.split.432_471:OPTIMAL, wall time: 0.014818 s
INFO:p22.p22_i16_slothy_start.split.432_471:Booleans in result: 83
INFO:p22.p22_i16_slothy_start.split.432_471.selfcheck:OK!
WARNING:p22:LLVM (llvm-mc, llvm-nm, llvm-readobj) not found, disabling selftest. Consider installing LLVM.
INFO:p22.p22_i16_slothy_start.split:[  0- 12]: *********....................... (9)
INFO:p22.p22_i16_slothy_start.split:[ 12- 25]: ****************................ (16)
INFO:p22.p22_i16_slothy_start.split:[ 25- 38]: ********************............ (20)
INFO:p22.p22_i16_slothy_start.split:[ 38- 50]: ***********************......... (23)
INFO:p22.p22_i16_slothy_start.split:[ 50- 63]: **************************...... (26)
INFO:p22.p22_i16_slothy_start.split:[ 63- 76]: ***************************..... (27)
INFO:p22.p22_i16_slothy_start.split:[ 76- 88]: *****************************... (29)
INFO:p22.p22_i16_slothy_start.split:[ 88-101]: *****************************... (29)
INFO:p22.p22_i16_slothy_start.split:[101-114]: ******************************.. (30)
INFO:p22.p22_i16_slothy_start.split:[114-127]: *****************************... (29)
INFO:p22.p22_i16_slothy_start.split:[127-139]: ***************************..... (27)
INFO:p22.p22_i16_slothy_start.split:[139-152]: *************************....... (25)
INFO:p22.p22_i16_slothy_start.split:[152-165]: **********************.......... (22)
INFO:p22.p22_i16_slothy_start.split:[165-177]: ********************............ (20)
INFO:p22.p22_i16_slothy_start.split:[177-190]: ******************.............. (18)
INFO:p22.p22_i16_slothy_start.split:[190-203]: ******************.............. (18)
INFO:p22.p22_i16_slothy_start.split:[203-215]: ******************.............. (18)
INFO:p22.p22_i16_slothy_start.split:[215-228]: *****************............... (17)
INFO:p22.p22_i16_slothy_start.split:[228-241]: *******************............. (19)
INFO:p22.p22_i16_slothy_start.split:[241-254]: *******************............. (19)
INFO:p22.p22_i16_slothy_start.split:[254-266]: ***********************......... (23)
INFO:p22.p22_i16_slothy_start.split:[266-279]: **********************.......... (22)
INFO:p22.p22_i16_slothy_start.split:[279-292]: ************************........ (24)
INFO:p22.p22_i16_slothy_start.split:[292-304]: **********************.......... (22)
INFO:p22.p22_i16_slothy_start.split:[304-317]: ********************............ (20)
INFO:p22.p22_i16_slothy_start.split:[317-330]: *********************........... (21)
INFO:p22.p22_i16_slothy_start.split:[330-342]: *********************........... (21)
INFO:p22.p22_i16_slothy_start.split:[342-355]: ***********************......... (23)
INFO:p22.p22_i16_slothy_start.split:[355-368]: **********************.......... (22)
INFO:p22.p22_i16_slothy_start.split:[368-381]: *********************........... (21)
INFO:p22.p22_i16_slothy_start.split:[381-393]: **********************.......... (22)
INFO:p22.p22_i16_slothy_start.split:[393-406]: ********************............ (20)
INFO:p22.p22_i16_slothy_start.split:[406-419]: **********************.......... (22)
INFO:p22.p22_i16_slothy_start.split:[419-431]: ********************............ (20)
INFO:p22.p22_i16_slothy_start.split:[431-444]: ***********************......... (23)
INFO:p22.p22_i16_slothy_start.split:[444-457]: *************************....... (25)
INFO:p22.p22_i16_slothy_start.split:[457-469]: **************************...... (26)
INFO:p22.p22_i16_slothy_start.split:[469-482]: ****************************.... (28)
INFO:p22.p22_i16_slothy_start.split:[482-495]: *************************....... (25)
INFO:p22.p22_i16_slothy_start.split:[495-508]: *************************....... (25)
INFO:p22.p22_i16_slothy_start.split:[508-520]: ***********************......... (23)
INFO:p22.p22_i16_slothy_start.split:[520-533]: ***********************......... (23)
INFO:p22.p22_i16_slothy_start.split:[533-546]: ***************************..... (27)
INFO:p22.p22_i16_slothy_start.split:[546-558]: **************************...... (26)
INFO:p22.p22_i16_slothy_start.split:[558-571]: ******************************.. (30)
INFO:p22.p22_i16_slothy_start.split:[571-584]: ****************************.... (28)
INFO:p22.p22_i16_slothy_start.split:[584-596]: *****************************... (29)
INFO:p22.p22_i16_slothy_start.split:[596-609]: ******************************.. (30)
INFO:p22.p22_i16_slothy_start.split:[609-622]: **************************...... (26)
INFO:p22.p22_i16_slothy_start.split:[622-635]: ******************.............. (18)
INFO:p22.p22_i16_slothy_start.split.457_497:Perform external binary search for minimal number of stalls...
INFO:p22.p22_i16_slothy_start.split.457_497:Attempt optimization with max 0 stalls...
INFO:p22.p22_i16_slothy_start.split.457_497:Setting timeout of 30 seconds...
INFO:p22.p22_i16_slothy_start.split.457_497:Objective: None (any satisfying solution is fine)
INFO:p22.p22_i16_slothy_start.split.457_497:Invoking external constraint solver (OR-Tools CP-SAT v9.15.6755) ...
INFO:p22.p22_i16_slothy_start.split.457_497:INFEASIBLE, wall time: 0.000788 s
INFO:p22.p22_i16_slothy_start.split.457_497:Attempt optimization with max 1 stalls...
INFO:p22.p22_i16_slothy_start.split.457_497:Setting timeout of 30 seconds...
INFO:p22.p22_i16_slothy_start.split.457_497:Objective: None (any satisfying solution is fine)
INFO:p22.p22_i16_slothy_start.split.457_497:Invoking external constraint solver (OR-Tools CP-SAT v9.15.6755) ...
INFO:p22.p22_i16_slothy_start.split.457_497:INFEASIBLE, wall time: 0.000734 s
INFO:p22.p22_i16_slothy_start.split.457_497:Attempt optimization with max 2 stalls...
INFO:p22.p22_i16_slothy_start.split.457_497:Setting timeout of 30 seconds...
INFO:p22.p22_i16_slothy_start.split.457_497:Objective: None (any satisfying solution is fine)
INFO:p22.p22_i16_slothy_start.split.457_497:Invoking external constraint solver (OR-Tools CP-SAT v9.15.6755) ...
INFO:p22.p22_i16_slothy_start.split.457_497:INFEASIBLE, wall time: 0.000769 s
INFO:p22.p22_i16_slothy_start.split.457_497:Attempt optimization with max 4 stalls...
INFO:p22.p22_i16_slothy_start.split.457_497:Setting timeout of 30 seconds...
INFO:p22.p22_i16_slothy_start.split.457_497:Objective: None (any satisfying solution is fine)
INFO:p22.p22_i16_slothy_start.split.457_497:Invoking external constraint solver (OR-Tools CP-SAT v9.15.6755) ...
INFO:p22.p22_i16_slothy_start.split.457_497:INFEASIBLE, wall time: 0.000727 s
INFO:p22.p22_i16_slothy_start.split.457_497:Attempt optimization with max 8 stalls...
INFO:p22.p22_i16_slothy_start.split.457_497:Setting timeout of 30 seconds...
INFO:p22.p22_i16_slothy_start.split.457_497:Objective: None (any satisfying solution is fine)
INFO:p22.p22_i16_slothy_start.split.457_497:Invoking external constraint solver (OR-Tools CP-SAT v9.15.6755) ...
INFO:p22.p22_i16_slothy_start.split.457_497:INFEASIBLE, wall time: 0.000822 s
INFO:p22.p22_i16_slothy_start.split.457_497:Attempt optimization with max 16 stalls...
INFO:p22.p22_i16_slothy_start.split.457_497:Setting timeout of 30 seconds...
INFO:p22.p22_i16_slothy_start.split.457_497:Objective: None (any satisfying solution is fine)
INFO:p22.p22_i16_slothy_start.split.457_497:Invoking external constraint solver (OR-Tools CP-SAT v9.15.6755) ...
INFO:p22.p22_i16_slothy_start.split.457_497:INFEASIBLE, wall time: 0.002770 s
INFO:p22.p22_i16_slothy_start.split.457_497:Attempt optimization with max 32 stalls...
INFO:p22.p22_i16_slothy_start.split.457_497:Setting timeout of 30 seconds...
INFO:p22.p22_i16_slothy_start.split.457_497:Objective: None (any satisfying solution is fine)
INFO:p22.p22_i16_slothy_start.split.457_497:Invoking external constraint solver (OR-Tools CP-SAT v9.15.6755) ...
INFO:p22.p22_i16_slothy_start.split.457_497:INFEASIBLE, wall time: 0.035705 s
INFO:p22.p22_i16_slothy_start.split.457_497:Attempt optimization with max 64 stalls...
INFO:p22.p22_i16_slothy_start.split.457_497:Setting timeout of 30 seconds...
INFO:p22.p22_i16_slothy_start.split.457_497:Objective: None (any satisfying solution is fine)
INFO:p22.p22_i16_slothy_start.split.457_497:Invoking external constraint solver (OR-Tools CP-SAT v9.15.6755) ...
INFO:p22.p22_i16_slothy_start.split.457_497:[0.0141s]: Found 1 solutions so far... objective (no objective): currently 0.0, bound 0.0
INFO:p22.p22_i16_slothy_start.split.457_497:OPTIMAL, wall time: 0.016733 s
INFO:p22.p22_i16_slothy_start.split.457_497:Booleans in result: 115
INFO:p22.p22_i16_slothy_start.split.457_497.selfcheck:OK!
WARNING:p22:LLVM (llvm-mc, llvm-nm, llvm-readobj) not found, disabling selftest. Consider installing LLVM.
INFO:p22.p22_i16_slothy_start.split.457_497:Attempt optimization with max 48 stalls...
INFO:p22.p22_i16_slothy_start.split.457_497:Setting timeout of 30 seconds...
INFO:p22.p22_i16_slothy_start.split.457_497:Objective: None (any satisfying solution is fine)
INFO:p22.p22_i16_slothy_start.split.457_497:Invoking external constraint solver (OR-Tools CP-SAT v9.15.6755) ...
INFO:p22.p22_i16_slothy_start.split.457_497:[0.0122s]: Found 1 solutions so far... objective (no objective): currently 0.0, bound 0.0
INFO:p22.p22_i16_slothy_start.split.457_497:OPTIMAL, wall time: 0.014524 s
INFO:p22.p22_i16_slothy_start.split.457_497:Booleans in result: 89
INFO:p22.p22_i16_slothy_start.split.457_497.selfcheck:OK!
WARNING:p22:LLVM (llvm-mc, llvm-nm, llvm-readobj) not found, disabling selftest. Consider installing LLVM.
INFO:p22.p22_i16_slothy_start.split.457_497:Attempt optimization with max 40 stalls...
INFO:p22.p22_i16_slothy_start.split.457_497:Setting timeout of 30 seconds...
INFO:p22.p22_i16_slothy_start.split.457_497:Objective: None (any satisfying solution is fine)
INFO:p22.p22_i16_slothy_start.split.457_497:Invoking external constraint solver (OR-Tools CP-SAT v9.15.6755) ...
INFO:p22.p22_i16_slothy_start.split.457_497:[0.0130s]: Found 1 solutions so far... objective (no objective): currently 0.0, bound 0.0
INFO:p22.p22_i16_slothy_start.split.457_497:OPTIMAL, wall time: 0.016605 s
INFO:p22.p22_i16_slothy_start.split.457_497:Booleans in result: 89
INFO:p22.p22_i16_slothy_start.split.457_497.selfcheck:OK!
WARNING:p22:LLVM (llvm-mc, llvm-nm, llvm-readobj) not found, disabling selftest. Consider installing LLVM.
INFO:p22.p22_i16_slothy_start.split.457_497:Attempt optimization with max 36 stalls...
INFO:p22.p22_i16_slothy_start.split.457_497:Setting timeout of 30 seconds...
INFO:p22.p22_i16_slothy_start.split.457_497:Objective: None (any satisfying solution is fine)
INFO:p22.p22_i16_slothy_start.split.457_497:Invoking external constraint solver (OR-Tools CP-SAT v9.15.6755) ...
INFO:p22.p22_i16_slothy_start.split.457_497:[0.0128s]: Found 1 solutions so far... objective (no objective): currently 0.0, bound 0.0
INFO:p22.p22_i16_slothy_start.split.457_497:OPTIMAL, wall time: 0.015241 s
INFO:p22.p22_i16_slothy_start.split.457_497:Booleans in result: 89
INFO:p22.p22_i16_slothy_start.split.457_497.selfcheck:OK!
WARNING:p22:LLVM (llvm-mc, llvm-nm, llvm-readobj) not found, disabling selftest. Consider installing LLVM.
INFO:p22.p22_i16_slothy_start.split.457_497:Attempt optimization with max 34 stalls...
INFO:p22.p22_i16_slothy_start.split.457_497:Setting timeout of 30 seconds...
INFO:p22.p22_i16_slothy_start.split.457_497:Objective: None (any satisfying solution is fine)
INFO:p22.p22_i16_slothy_start.split.457_497:Invoking external constraint solver (OR-Tools CP-SAT v9.15.6755) ...
INFO:p22.p22_i16_slothy_start.split.457_497:[0.0219s]: Found 1 solutions so far... objective (no objective): currently 0.0, bound 0.0
INFO:p22.p22_i16_slothy_start.split.457_497:OPTIMAL, wall time: 0.024585 s
INFO:p22.p22_i16_slothy_start.split.457_497:Booleans in result: 80
INFO:p22.p22_i16_slothy_start.split.457_497.selfcheck:OK!
WARNING:p22:LLVM (llvm-mc, llvm-nm, llvm-readobj) not found, disabling selftest. Consider installing LLVM.
INFO:p22.p22_i16_slothy_start.split.457_497:Attempt optimization with max 33 stalls...
INFO:p22.p22_i16_slothy_start.split.457_497:Setting timeout of 30 seconds...
INFO:p22.p22_i16_slothy_start.split.457_497:Objective: None (any satisfying solution is fine)
INFO:p22.p22_i16_slothy_start.split.457_497:Invoking external constraint solver (OR-Tools CP-SAT v9.15.6755) ...
INFO:p22.p22_i16_slothy_start.split.457_497:[0.0268s]: Found 1 solutions so far... objective (no objective): currently 0.0, bound 0.0
INFO:p22.p22_i16_slothy_start.split.457_497:OPTIMAL, wall time: 0.029631 s
INFO:p22.p22_i16_slothy_start.split.457_497:Booleans in result: 177
INFO:p22.p22_i16_slothy_start.split.457_497.selfcheck:OK!
WARNING:p22:LLVM (llvm-mc, llvm-nm, llvm-readobj) not found, disabling selftest. Consider installing LLVM.
INFO:p22.p22_i16_slothy_start.split:[  0- 12]: *********....................... (9)
INFO:p22.p22_i16_slothy_start.split:[ 12- 25]: ****************................ (16)
INFO:p22.p22_i16_slothy_start.split:[ 25- 38]: ********************............ (20)
INFO:p22.p22_i16_slothy_start.split:[ 38- 50]: ***********************......... (23)
INFO:p22.p22_i16_slothy_start.split:[ 50- 63]: **************************...... (26)
INFO:p22.p22_i16_slothy_start.split:[ 63- 76]: ***************************..... (27)
INFO:p22.p22_i16_slothy_start.split:[ 76- 88]: *****************************... (29)
INFO:p22.p22_i16_slothy_start.split:[ 88-101]: *****************************... (29)
INFO:p22.p22_i16_slothy_start.split:[101-114]: ******************************.. (30)
INFO:p22.p22_i16_slothy_start.split:[114-127]: *****************************... (29)
INFO:p22.p22_i16_slothy_start.split:[127-139]: ***************************..... (27)
INFO:p22.p22_i16_slothy_start.split:[139-152]: *************************....... (25)
INFO:p22.p22_i16_slothy_start.split:[152-165]: **********************.......... (22)
INFO:p22.p22_i16_slothy_start.split:[165-177]: ********************............ (20)
INFO:p22.p22_i16_slothy_start.split:[177-190]: ******************.............. (18)
INFO:p22.p22_i16_slothy_start.split:[190-203]: ******************.............. (18)
INFO:p22.p22_i16_slothy_start.split:[203-215]: ******************.............. (18)
INFO:p22.p22_i16_slothy_start.split:[215-228]: *****************............... (17)
INFO:p22.p22_i16_slothy_start.split:[228-241]: *******************............. (19)
INFO:p22.p22_i16_slothy_start.split:[241-254]: *******************............. (19)
INFO:p22.p22_i16_slothy_start.split:[254-266]: ***********************......... (23)
INFO:p22.p22_i16_slothy_start.split:[266-279]: **********************.......... (22)
INFO:p22.p22_i16_slothy_start.split:[279-292]: ************************........ (24)
INFO:p22.p22_i16_slothy_start.split:[292-304]: **********************.......... (22)
INFO:p22.p22_i16_slothy_start.split:[304-317]: ********************............ (20)
INFO:p22.p22_i16_slothy_start.split:[317-330]: *********************........... (21)
INFO:p22.p22_i16_slothy_start.split:[330-342]: *********************........... (21)
INFO:p22.p22_i16_slothy_start.split:[342-355]: ***********************......... (23)
INFO:p22.p22_i16_slothy_start.split:[355-368]: **********************.......... (22)
INFO:p22.p22_i16_slothy_start.split:[368-381]: *********************........... (21)
INFO:p22.p22_i16_slothy_start.split:[381-393]: **********************.......... (22)
INFO:p22.p22_i16_slothy_start.split:[393-406]: ********************............ (20)
INFO:p22.p22_i16_slothy_start.split:[406-419]: **********************.......... (22)
INFO:p22.p22_i16_slothy_start.split:[419-431]: ********************............ (20)
INFO:p22.p22_i16_slothy_start.split:[431-444]: **********************.......... (22)
INFO:p22.p22_i16_slothy_start.split:[444-457]: ***********************......... (23)
INFO:p22.p22_i16_slothy_start.split:[457-469]: ************************........ (24)
INFO:p22.p22_i16_slothy_start.split:[469-482]: *************************....... (25)
INFO:p22.p22_i16_slothy_start.split:[482-495]: ************************........ (24)
INFO:p22.p22_i16_slothy_start.split:[495-508]: ************************........ (24)
INFO:p22.p22_i16_slothy_start.split:[508-520]: ************************........ (24)
INFO:p22.p22_i16_slothy_start.split:[520-533]: ***********************......... (23)
INFO:p22.p22_i16_slothy_start.split:[533-546]: ***************************..... (27)
INFO:p22.p22_i16_slothy_start.split:[546-558]: **************************...... (26)
INFO:p22.p22_i16_slothy_start.split:[558-571]: ******************************.. (30)
INFO:p22.p22_i16_slothy_start.split:[571-584]: ****************************.... (28)
INFO:p22.p22_i16_slothy_start.split:[584-596]: *****************************... (29)
INFO:p22.p22_i16_slothy_start.split:[596-609]: ******************************.. (30)
INFO:p22.p22_i16_slothy_start.split:[609-622]: **************************...... (26)
INFO:p22.p22_i16_slothy_start.split:[622-635]: ******************.............. (18)
INFO:p22.p22_i16_slothy_start.split.483_522:Perform external binary search for minimal number of stalls...
INFO:p22.p22_i16_slothy_start.split.483_522:Attempt optimization with max 0 stalls...
INFO:p22.p22_i16_slothy_start.split.483_522:Setting timeout of 30 seconds...
INFO:p22.p22_i16_slothy_start.split.483_522:Objective: None (any satisfying solution is fine)
INFO:p22.p22_i16_slothy_start.split.483_522:Invoking external constraint solver (OR-Tools CP-SAT v9.15.6755) ...
INFO:p22.p22_i16_slothy_start.split.483_522:INFEASIBLE, wall time: 0.000733 s
INFO:p22.p22_i16_slothy_start.split.483_522:Attempt optimization with max 1 stalls...
INFO:p22.p22_i16_slothy_start.split.483_522:Setting timeout of 30 seconds...
INFO:p22.p22_i16_slothy_start.split.483_522:Objective: None (any satisfying solution is fine)
INFO:p22.p22_i16_slothy_start.split.483_522:Invoking external constraint solver (OR-Tools CP-SAT v9.15.6755) ...
INFO:p22.p22_i16_slothy_start.split.483_522:INFEASIBLE, wall time: 0.000757 s
INFO:p22.p22_i16_slothy_start.split.483_522:Attempt optimization with max 2 stalls...
INFO:p22.p22_i16_slothy_start.split.483_522:Setting timeout of 30 seconds...
INFO:p22.p22_i16_slothy_start.split.483_522:Objective: None (any satisfying solution is fine)
INFO:p22.p22_i16_slothy_start.split.483_522:Invoking external constraint solver (OR-Tools CP-SAT v9.15.6755) ...
INFO:p22.p22_i16_slothy_start.split.483_522:INFEASIBLE, wall time: 0.000746 s
INFO:p22.p22_i16_slothy_start.split.483_522:Attempt optimization with max 4 stalls...
INFO:p22.p22_i16_slothy_start.split.483_522:Setting timeout of 30 seconds...
INFO:p22.p22_i16_slothy_start.split.483_522:Objective: None (any satisfying solution is fine)
INFO:p22.p22_i16_slothy_start.split.483_522:Invoking external constraint solver (OR-Tools CP-SAT v9.15.6755) ...
INFO:p22.p22_i16_slothy_start.split.483_522:INFEASIBLE, wall time: 0.000737 s
INFO:p22.p22_i16_slothy_start.split.483_522:Attempt optimization with max 8 stalls...
INFO:p22.p22_i16_slothy_start.split.483_522:Setting timeout of 30 seconds...
INFO:p22.p22_i16_slothy_start.split.483_522:Objective: None (any satisfying solution is fine)
INFO:p22.p22_i16_slothy_start.split.483_522:Invoking external constraint solver (OR-Tools CP-SAT v9.15.6755) ...
INFO:p22.p22_i16_slothy_start.split.483_522:INFEASIBLE, wall time: 0.000734 s
INFO:p22.p22_i16_slothy_start.split.483_522:Attempt optimization with max 16 stalls...
INFO:p22.p22_i16_slothy_start.split.483_522:Setting timeout of 30 seconds...
INFO:p22.p22_i16_slothy_start.split.483_522:Objective: None (any satisfying solution is fine)
INFO:p22.p22_i16_slothy_start.split.483_522:Invoking external constraint solver (OR-Tools CP-SAT v9.15.6755) ...
INFO:p22.p22_i16_slothy_start.split.483_522:INFEASIBLE, wall time: 0.002544 s
INFO:p22.p22_i16_slothy_start.split.483_522:Attempt optimization with max 32 stalls...
INFO:p22.p22_i16_slothy_start.split.483_522:Setting timeout of 30 seconds...
INFO:p22.p22_i16_slothy_start.split.483_522:Objective: None (any satisfying solution is fine)
INFO:p22.p22_i16_slothy_start.split.483_522:Invoking external constraint solver (OR-Tools CP-SAT v9.15.6755) ...
INFO:p22.p22_i16_slothy_start.split.483_522:[0.0113s]: Found 1 solutions so far... objective (no objective): currently 0.0, bound 0.0
INFO:p22.p22_i16_slothy_start.split.483_522:OPTIMAL, wall time: 0.013792 s
INFO:p22.p22_i16_slothy_start.split.483_522:Booleans in result: 96
INFO:p22.p22_i16_slothy_start.split.483_522.selfcheck:OK!
WARNING:p22:LLVM (llvm-mc, llvm-nm, llvm-readobj) not found, disabling selftest. Consider installing LLVM.
INFO:p22.p22_i16_slothy_start.split.483_522:Attempt optimization with max 24 stalls...
INFO:p22.p22_i16_slothy_start.split.483_522:Setting timeout of 30 seconds...
INFO:p22.p22_i16_slothy_start.split.483_522:Objective: None (any satisfying solution is fine)
INFO:p22.p22_i16_slothy_start.split.483_522:Invoking external constraint solver (OR-Tools CP-SAT v9.15.6755) ...
INFO:p22.p22_i16_slothy_start.split.483_522:INFEASIBLE, wall time: 0.018533 s
INFO:p22.p22_i16_slothy_start.split.483_522:Attempt optimization with max 28 stalls...
INFO:p22.p22_i16_slothy_start.split.483_522:Setting timeout of 30 seconds...
INFO:p22.p22_i16_slothy_start.split.483_522:Objective: None (any satisfying solution is fine)
INFO:p22.p22_i16_slothy_start.split.483_522:Invoking external constraint solver (OR-Tools CP-SAT v9.15.6755) ...
INFO:p22.p22_i16_slothy_start.split.483_522:[0.0111s]: Found 1 solutions so far... objective (no objective): currently 0.0, bound 0.0
INFO:p22.p22_i16_slothy_start.split.483_522:OPTIMAL, wall time: 0.013647 s
INFO:p22.p22_i16_slothy_start.split.483_522:Booleans in result: 82
INFO:p22.p22_i16_slothy_start.split.483_522.selfcheck:OK!
WARNING:p22:LLVM (llvm-mc, llvm-nm, llvm-readobj) not found, disabling selftest. Consider installing LLVM.
INFO:p22.p22_i16_slothy_start.split.483_522:Attempt optimization with max 26 stalls...
INFO:p22.p22_i16_slothy_start.split.483_522:Setting timeout of 30 seconds...
INFO:p22.p22_i16_slothy_start.split.483_522:Objective: None (any satisfying solution is fine)
INFO:p22.p22_i16_slothy_start.split.483_522:Invoking external constraint solver (OR-Tools CP-SAT v9.15.6755) ...
INFO:p22.p22_i16_slothy_start.split.483_522:INFEASIBLE, wall time: 0.034184 s
INFO:p22.p22_i16_slothy_start.split.483_522:Attempt optimization with max 27 stalls...
INFO:p22.p22_i16_slothy_start.split.483_522:Setting timeout of 30 seconds...
INFO:p22.p22_i16_slothy_start.split.483_522:Objective: None (any satisfying solution is fine)
INFO:p22.p22_i16_slothy_start.split.483_522:Invoking external constraint solver (OR-Tools CP-SAT v9.15.6755) ...
INFO:p22.p22_i16_slothy_start.split.483_522:[0.0127s]: Found 1 solutions so far... objective (no objective): currently 0.0, bound 0.0
INFO:p22.p22_i16_slothy_start.split.483_522:OPTIMAL, wall time: 0.015352 s
INFO:p22.p22_i16_slothy_start.split.483_522:Booleans in result: 84
INFO:p22.p22_i16_slothy_start.split.483_522.selfcheck:OK!
WARNING:p22:LLVM (llvm-mc, llvm-nm, llvm-readobj) not found, disabling selftest. Consider installing LLVM.
INFO:p22.p22_i16_slothy_start.split:[  0- 12]: *********....................... (9)
INFO:p22.p22_i16_slothy_start.split:[ 12- 25]: ****************................ (16)
INFO:p22.p22_i16_slothy_start.split:[ 25- 38]: ********************............ (20)
INFO:p22.p22_i16_slothy_start.split:[ 38- 50]: ***********************......... (23)
INFO:p22.p22_i16_slothy_start.split:[ 50- 63]: **************************...... (26)
INFO:p22.p22_i16_slothy_start.split:[ 63- 76]: ***************************..... (27)
INFO:p22.p22_i16_slothy_start.split:[ 76- 88]: *****************************... (29)
INFO:p22.p22_i16_slothy_start.split:[ 88-101]: *****************************... (29)
INFO:p22.p22_i16_slothy_start.split:[101-114]: ******************************.. (30)
INFO:p22.p22_i16_slothy_start.split:[114-127]: *****************************... (29)
INFO:p22.p22_i16_slothy_start.split:[127-139]: ***************************..... (27)
INFO:p22.p22_i16_slothy_start.split:[139-152]: *************************....... (25)
INFO:p22.p22_i16_slothy_start.split:[152-165]: **********************.......... (22)
INFO:p22.p22_i16_slothy_start.split:[165-177]: ********************............ (20)
INFO:p22.p22_i16_slothy_start.split:[177-190]: ******************.............. (18)
INFO:p22.p22_i16_slothy_start.split:[190-203]: ******************.............. (18)
INFO:p22.p22_i16_slothy_start.split:[203-215]: ******************.............. (18)
INFO:p22.p22_i16_slothy_start.split:[215-228]: *****************............... (17)
INFO:p22.p22_i16_slothy_start.split:[228-241]: *******************............. (19)
INFO:p22.p22_i16_slothy_start.split:[241-254]: *******************............. (19)
INFO:p22.p22_i16_slothy_start.split:[254-266]: ***********************......... (23)
INFO:p22.p22_i16_slothy_start.split:[266-279]: **********************.......... (22)
INFO:p22.p22_i16_slothy_start.split:[279-292]: ************************........ (24)
INFO:p22.p22_i16_slothy_start.split:[292-304]: **********************.......... (22)
INFO:p22.p22_i16_slothy_start.split:[304-317]: ********************............ (20)
INFO:p22.p22_i16_slothy_start.split:[317-330]: *********************........... (21)
INFO:p22.p22_i16_slothy_start.split:[330-342]: *********************........... (21)
INFO:p22.p22_i16_slothy_start.split:[342-355]: ***********************......... (23)
INFO:p22.p22_i16_slothy_start.split:[355-368]: **********************.......... (22)
INFO:p22.p22_i16_slothy_start.split:[368-381]: *********************........... (21)
INFO:p22.p22_i16_slothy_start.split:[381-393]: **********************.......... (22)
INFO:p22.p22_i16_slothy_start.split:[393-406]: ********************............ (20)
INFO:p22.p22_i16_slothy_start.split:[406-419]: **********************.......... (22)
INFO:p22.p22_i16_slothy_start.split:[419-431]: ********************............ (20)
INFO:p22.p22_i16_slothy_start.split:[431-444]: **********************.......... (22)
INFO:p22.p22_i16_slothy_start.split:[444-457]: ***********************......... (23)
INFO:p22.p22_i16_slothy_start.split:[457-469]: ************************........ (24)
INFO:p22.p22_i16_slothy_start.split:[469-482]: ************************........ (24)
INFO:p22.p22_i16_slothy_start.split:[482-495]: **********************.......... (22)
INFO:p22.p22_i16_slothy_start.split:[495-508]: ***********************......... (23)
INFO:p22.p22_i16_slothy_start.split:[508-520]: ***********************......... (23)
INFO:p22.p22_i16_slothy_start.split:[520-533]: ***********************......... (23)
INFO:p22.p22_i16_slothy_start.split:[533-546]: **************************...... (26)
INFO:p22.p22_i16_slothy_start.split:[546-558]: **************************...... (26)
INFO:p22.p22_i16_slothy_start.split:[558-571]: ******************************.. (30)
INFO:p22.p22_i16_slothy_start.split:[571-584]: ****************************.... (28)
INFO:p22.p22_i16_slothy_start.split:[584-596]: *****************************... (29)
INFO:p22.p22_i16_slothy_start.split:[596-609]: ******************************.. (30)
INFO:p22.p22_i16_slothy_start.split:[609-622]: **************************...... (26)
INFO:p22.p22_i16_slothy_start.split:[622-635]: ******************.............. (18)
INFO:p22.p22_i16_slothy_start.split.508_548:Perform external binary search for minimal number of stalls...
INFO:p22.p22_i16_slothy_start.split.508_548:Attempt optimization with max 0 stalls...
INFO:p22.p22_i16_slothy_start.split.508_548:Setting timeout of 30 seconds...
INFO:p22.p22_i16_slothy_start.split.508_548:Objective: None (any satisfying solution is fine)
INFO:p22.p22_i16_slothy_start.split.508_548:Invoking external constraint solver (OR-Tools CP-SAT v9.15.6755) ...
INFO:p22.p22_i16_slothy_start.split.508_548:INFEASIBLE, wall time: 0.000733 s
INFO:p22.p22_i16_slothy_start.split.508_548:Attempt optimization with max 1 stalls...
INFO:p22.p22_i16_slothy_start.split.508_548:Setting timeout of 30 seconds...
INFO:p22.p22_i16_slothy_start.split.508_548:Objective: None (any satisfying solution is fine)
INFO:p22.p22_i16_slothy_start.split.508_548:Invoking external constraint solver (OR-Tools CP-SAT v9.15.6755) ...
INFO:p22.p22_i16_slothy_start.split.508_548:INFEASIBLE, wall time: 0.000713 s
INFO:p22.p22_i16_slothy_start.split.508_548:Attempt optimization with max 2 stalls...
INFO:p22.p22_i16_slothy_start.split.508_548:Setting timeout of 30 seconds...
INFO:p22.p22_i16_slothy_start.split.508_548:Objective: None (any satisfying solution is fine)
INFO:p22.p22_i16_slothy_start.split.508_548:Invoking external constraint solver (OR-Tools CP-SAT v9.15.6755) ...
INFO:p22.p22_i16_slothy_start.split.508_548:INFEASIBLE, wall time: 0.000750 s
INFO:p22.p22_i16_slothy_start.split.508_548:Attempt optimization with max 4 stalls...
INFO:p22.p22_i16_slothy_start.split.508_548:Setting timeout of 30 seconds...
INFO:p22.p22_i16_slothy_start.split.508_548:Objective: None (any satisfying solution is fine)
INFO:p22.p22_i16_slothy_start.split.508_548:Invoking external constraint solver (OR-Tools CP-SAT v9.15.6755) ...
INFO:p22.p22_i16_slothy_start.split.508_548:INFEASIBLE, wall time: 0.000866 s
INFO:p22.p22_i16_slothy_start.split.508_548:Attempt optimization with max 8 stalls...
INFO:p22.p22_i16_slothy_start.split.508_548:Setting timeout of 30 seconds...
INFO:p22.p22_i16_slothy_start.split.508_548:Objective: None (any satisfying solution is fine)
INFO:p22.p22_i16_slothy_start.split.508_548:Invoking external constraint solver (OR-Tools CP-SAT v9.15.6755) ...
INFO:p22.p22_i16_slothy_start.split.508_548:INFEASIBLE, wall time: 0.000892 s
INFO:p22.p22_i16_slothy_start.split.508_548:Attempt optimization with max 16 stalls...
INFO:p22.p22_i16_slothy_start.split.508_548:Setting timeout of 30 seconds...
INFO:p22.p22_i16_slothy_start.split.508_548:Objective: None (any satisfying solution is fine)
INFO:p22.p22_i16_slothy_start.split.508_548:Invoking external constraint solver (OR-Tools CP-SAT v9.15.6755) ...
INFO:p22.p22_i16_slothy_start.split.508_548:INFEASIBLE, wall time: 0.002856 s
INFO:p22.p22_i16_slothy_start.split.508_548:Attempt optimization with max 32 stalls...
INFO:p22.p22_i16_slothy_start.split.508_548:Setting timeout of 30 seconds...
INFO:p22.p22_i16_slothy_start.split.508_548:Objective: None (any satisfying solution is fine)
INFO:p22.p22_i16_slothy_start.split.508_548:Invoking external constraint solver (OR-Tools CP-SAT v9.15.6755) ...
INFO:p22.p22_i16_slothy_start.split.508_548:[0.0100s]: Found 1 solutions so far... objective (no objective): currently 0.0, bound 0.0
INFO:p22.p22_i16_slothy_start.split.508_548:OPTIMAL, wall time: 0.012732 s
INFO:p22.p22_i16_slothy_start.split.508_548:Booleans in result: 84
INFO:p22.p22_i16_slothy_start.split.508_548.selfcheck:OK!
WARNING:p22:LLVM (llvm-mc, llvm-nm, llvm-readobj) not found, disabling selftest. Consider installing LLVM.
INFO:p22.p22_i16_slothy_start.split.508_548:Attempt optimization with max 24 stalls...
INFO:p22.p22_i16_slothy_start.split.508_548:Setting timeout of 30 seconds...
INFO:p22.p22_i16_slothy_start.split.508_548:Objective: None (any satisfying solution is fine)
INFO:p22.p22_i16_slothy_start.split.508_548:Invoking external constraint solver (OR-Tools CP-SAT v9.15.6755) ...
INFO:p22.p22_i16_slothy_start.split.508_548:INFEASIBLE, wall time: 0.091785 s
INFO:p22.p22_i16_slothy_start.split.508_548:Attempt optimization with max 28 stalls...
INFO:p22.p22_i16_slothy_start.split.508_548:Setting timeout of 30 seconds...
INFO:p22.p22_i16_slothy_start.split.508_548:Objective: None (any satisfying solution is fine)
INFO:p22.p22_i16_slothy_start.split.508_548:Invoking external constraint solver (OR-Tools CP-SAT v9.15.6755) ...
INFO:p22.p22_i16_slothy_start.split.508_548:[0.0102s]: Found 1 solutions so far... objective (no objective): currently 0.0, bound 0.0
INFO:p22.p22_i16_slothy_start.split.508_548:OPTIMAL, wall time: 0.012692 s
INFO:p22.p22_i16_slothy_start.split.508_548:Booleans in result: 84
INFO:p22.p22_i16_slothy_start.split.508_548.selfcheck:OK!
WARNING:p22:LLVM (llvm-mc, llvm-nm, llvm-readobj) not found, disabling selftest. Consider installing LLVM.
INFO:p22.p22_i16_slothy_start.split.508_548:Attempt optimization with max 26 stalls...
INFO:p22.p22_i16_slothy_start.split.508_548:Setting timeout of 30 seconds...
INFO:p22.p22_i16_slothy_start.split.508_548:Objective: None (any satisfying solution is fine)
INFO:p22.p22_i16_slothy_start.split.508_548:Invoking external constraint solver (OR-Tools CP-SAT v9.15.6755) ...
INFO:p22.p22_i16_slothy_start.split.508_548:[0.0318s]: Found 1 solutions so far... objective (no objective): currently 0.0, bound 0.0
INFO:p22.p22_i16_slothy_start.split.508_548:OPTIMAL, wall time: 0.034577 s
INFO:p22.p22_i16_slothy_start.split.508_548:Booleans in result: 259
INFO:p22.p22_i16_slothy_start.split.508_548.selfcheck:OK!
WARNING:p22:LLVM (llvm-mc, llvm-nm, llvm-readobj) not found, disabling selftest. Consider installing LLVM.
INFO:p22.p22_i16_slothy_start.split.508_548:Attempt optimization with max 25 stalls...
INFO:p22.p22_i16_slothy_start.split.508_548:Setting timeout of 30 seconds...
INFO:p22.p22_i16_slothy_start.split.508_548:Objective: None (any satisfying solution is fine)
INFO:p22.p22_i16_slothy_start.split.508_548:Invoking external constraint solver (OR-Tools CP-SAT v9.15.6755) ...
INFO:p22.p22_i16_slothy_start.split.508_548:[0.0472s]: Found 1 solutions so far... objective (no objective): currently 0.0, bound 0.0
INFO:p22.p22_i16_slothy_start.split.508_548:OPTIMAL, wall time: 0.049973 s
INFO:p22.p22_i16_slothy_start.split.508_548:Booleans in result: 231
INFO:p22.p22_i16_slothy_start.split.508_548.selfcheck:OK!
WARNING:p22:LLVM (llvm-mc, llvm-nm, llvm-readobj) not found, disabling selftest. Consider installing LLVM.
INFO:p22.p22_i16_slothy_start.split:[  0- 12]: *********....................... (9)
INFO:p22.p22_i16_slothy_start.split:[ 12- 25]: ****************................ (16)
INFO:p22.p22_i16_slothy_start.split:[ 25- 38]: ********************............ (20)
INFO:p22.p22_i16_slothy_start.split:[ 38- 50]: ***********************......... (23)
INFO:p22.p22_i16_slothy_start.split:[ 50- 63]: **************************...... (26)
INFO:p22.p22_i16_slothy_start.split:[ 63- 76]: ***************************..... (27)
INFO:p22.p22_i16_slothy_start.split:[ 76- 88]: *****************************... (29)
INFO:p22.p22_i16_slothy_start.split:[ 88-101]: *****************************... (29)
INFO:p22.p22_i16_slothy_start.split:[101-114]: ******************************.. (30)
INFO:p22.p22_i16_slothy_start.split:[114-127]: *****************************... (29)
INFO:p22.p22_i16_slothy_start.split:[127-139]: ***************************..... (27)
INFO:p22.p22_i16_slothy_start.split:[139-152]: *************************....... (25)
INFO:p22.p22_i16_slothy_start.split:[152-165]: **********************.......... (22)
INFO:p22.p22_i16_slothy_start.split:[165-177]: ********************............ (20)
INFO:p22.p22_i16_slothy_start.split:[177-190]: ******************.............. (18)
INFO:p22.p22_i16_slothy_start.split:[190-203]: ******************.............. (18)
INFO:p22.p22_i16_slothy_start.split:[203-215]: ******************.............. (18)
INFO:p22.p22_i16_slothy_start.split:[215-228]: *****************............... (17)
INFO:p22.p22_i16_slothy_start.split:[228-241]: *******************............. (19)
INFO:p22.p22_i16_slothy_start.split:[241-254]: *******************............. (19)
INFO:p22.p22_i16_slothy_start.split:[254-266]: ***********************......... (23)
INFO:p22.p22_i16_slothy_start.split:[266-279]: **********************.......... (22)
INFO:p22.p22_i16_slothy_start.split:[279-292]: ************************........ (24)
INFO:p22.p22_i16_slothy_start.split:[292-304]: **********************.......... (22)
INFO:p22.p22_i16_slothy_start.split:[304-317]: ********************............ (20)
INFO:p22.p22_i16_slothy_start.split:[317-330]: *********************........... (21)
INFO:p22.p22_i16_slothy_start.split:[330-342]: *********************........... (21)
INFO:p22.p22_i16_slothy_start.split:[342-355]: ***********************......... (23)
INFO:p22.p22_i16_slothy_start.split:[355-368]: **********************.......... (22)
INFO:p22.p22_i16_slothy_start.split:[368-381]: *********************........... (21)
INFO:p22.p22_i16_slothy_start.split:[381-393]: **********************.......... (22)
INFO:p22.p22_i16_slothy_start.split:[393-406]: ********************............ (20)
INFO:p22.p22_i16_slothy_start.split:[406-419]: **********************.......... (22)
INFO:p22.p22_i16_slothy_start.split:[419-431]: ********************............ (20)
INFO:p22.p22_i16_slothy_start.split:[431-444]: **********************.......... (22)
INFO:p22.p22_i16_slothy_start.split:[444-457]: ***********************......... (23)
INFO:p22.p22_i16_slothy_start.split:[457-469]: ************************........ (24)
INFO:p22.p22_i16_slothy_start.split:[469-482]: ************************........ (24)
INFO:p22.p22_i16_slothy_start.split:[482-495]: **********************.......... (22)
INFO:p22.p22_i16_slothy_start.split:[495-508]: **********************.......... (22)
INFO:p22.p22_i16_slothy_start.split:[508-520]: ***********************......... (23)
INFO:p22.p22_i16_slothy_start.split:[520-533]: **************************...... (26)
INFO:p22.p22_i16_slothy_start.split:[533-546]: ******************************.. (30)
INFO:p22.p22_i16_slothy_start.split:[546-558]: *****************************... (29)
INFO:p22.p22_i16_slothy_start.split:[558-571]: ******************************.. (30)
INFO:p22.p22_i16_slothy_start.split:[571-584]: ****************************.... (28)
INFO:p22.p22_i16_slothy_start.split:[584-596]: *****************************... (29)
INFO:p22.p22_i16_slothy_start.split:[596-609]: ******************************.. (30)
INFO:p22.p22_i16_slothy_start.split:[609-622]: **************************...... (26)
INFO:p22.p22_i16_slothy_start.split:[622-635]: ******************.............. (18)
INFO:p22.p22_i16_slothy_start.split.533_573:Perform external binary search for minimal number of stalls...
INFO:p22.p22_i16_slothy_start.split.533_573:Attempt optimization with max 0 stalls...
INFO:p22.p22_i16_slothy_start.split.533_573:Setting timeout of 30 seconds...
INFO:p22.p22_i16_slothy_start.split.533_573:Objective: None (any satisfying solution is fine)
INFO:p22.p22_i16_slothy_start.split.533_573:Invoking external constraint solver (OR-Tools CP-SAT v9.15.6755) ...
INFO:p22.p22_i16_slothy_start.split.533_573:INFEASIBLE, wall time: 0.000741 s
INFO:p22.p22_i16_slothy_start.split.533_573:Attempt optimization with max 1 stalls...
INFO:p22.p22_i16_slothy_start.split.533_573:Setting timeout of 30 seconds...
INFO:p22.p22_i16_slothy_start.split.533_573:Objective: None (any satisfying solution is fine)
INFO:p22.p22_i16_slothy_start.split.533_573:Invoking external constraint solver (OR-Tools CP-SAT v9.15.6755) ...
INFO:p22.p22_i16_slothy_start.split.533_573:INFEASIBLE, wall time: 0.000728 s
INFO:p22.p22_i16_slothy_start.split.533_573:Attempt optimization with max 2 stalls...
INFO:p22.p22_i16_slothy_start.split.533_573:Setting timeout of 30 seconds...
INFO:p22.p22_i16_slothy_start.split.533_573:Objective: None (any satisfying solution is fine)
INFO:p22.p22_i16_slothy_start.split.533_573:Invoking external constraint solver (OR-Tools CP-SAT v9.15.6755) ...
INFO:p22.p22_i16_slothy_start.split.533_573:INFEASIBLE, wall time: 0.000794 s
INFO:p22.p22_i16_slothy_start.split.533_573:Attempt optimization with max 4 stalls...
INFO:p22.p22_i16_slothy_start.split.533_573:Setting timeout of 30 seconds...
INFO:p22.p22_i16_slothy_start.split.533_573:Objective: None (any satisfying solution is fine)
INFO:p22.p22_i16_slothy_start.split.533_573:Invoking external constraint solver (OR-Tools CP-SAT v9.15.6755) ...
INFO:p22.p22_i16_slothy_start.split.533_573:INFEASIBLE, wall time: 0.000719 s
INFO:p22.p22_i16_slothy_start.split.533_573:Attempt optimization with max 8 stalls...
INFO:p22.p22_i16_slothy_start.split.533_573:Setting timeout of 30 seconds...
INFO:p22.p22_i16_slothy_start.split.533_573:Objective: None (any satisfying solution is fine)
INFO:p22.p22_i16_slothy_start.split.533_573:Invoking external constraint solver (OR-Tools CP-SAT v9.15.6755) ...
INFO:p22.p22_i16_slothy_start.split.533_573:INFEASIBLE, wall time: 0.000730 s
INFO:p22.p22_i16_slothy_start.split.533_573:Attempt optimization with max 16 stalls...
INFO:p22.p22_i16_slothy_start.split.533_573:Setting timeout of 30 seconds...
INFO:p22.p22_i16_slothy_start.split.533_573:Objective: None (any satisfying solution is fine)
INFO:p22.p22_i16_slothy_start.split.533_573:Invoking external constraint solver (OR-Tools CP-SAT v9.15.6755) ...
INFO:p22.p22_i16_slothy_start.split.533_573:INFEASIBLE, wall time: 0.002768 s
INFO:p22.p22_i16_slothy_start.split.533_573:Attempt optimization with max 32 stalls...
INFO:p22.p22_i16_slothy_start.split.533_573:Setting timeout of 30 seconds...
INFO:p22.p22_i16_slothy_start.split.533_573:Objective: None (any satisfying solution is fine)
INFO:p22.p22_i16_slothy_start.split.533_573:Invoking external constraint solver (OR-Tools CP-SAT v9.15.6755) ...
INFO:p22.p22_i16_slothy_start.split.533_573:[0.0093s]: Found 1 solutions so far... objective (no objective): currently 0.0, bound 0.0
INFO:p22.p22_i16_slothy_start.split.533_573:OPTIMAL, wall time: 0.011562 s
INFO:p22.p22_i16_slothy_start.split.533_573:Booleans in result: 86
INFO:p22.p22_i16_slothy_start.split.533_573.selfcheck:OK!
WARNING:p22:LLVM (llvm-mc, llvm-nm, llvm-readobj) not found, disabling selftest. Consider installing LLVM.
INFO:p22.p22_i16_slothy_start.split.533_573:Attempt optimization with max 24 stalls...
INFO:p22.p22_i16_slothy_start.split.533_573:Setting timeout of 30 seconds...
INFO:p22.p22_i16_slothy_start.split.533_573:Objective: None (any satisfying solution is fine)
INFO:p22.p22_i16_slothy_start.split.533_573:Invoking external constraint solver (OR-Tools CP-SAT v9.15.6755) ...
INFO:p22.p22_i16_slothy_start.split.533_573:INFEASIBLE, wall time: 0.275560 s
INFO:p22.p22_i16_slothy_start.split.533_573:Attempt optimization with max 28 stalls...
INFO:p22.p22_i16_slothy_start.split.533_573:Setting timeout of 30 seconds...
INFO:p22.p22_i16_slothy_start.split.533_573:Objective: None (any satisfying solution is fine)
INFO:p22.p22_i16_slothy_start.split.533_573:Invoking external constraint solver (OR-Tools CP-SAT v9.15.6755) ...
INFO:p22.p22_i16_slothy_start.split.533_573:[0.0097s]: Found 1 solutions so far... objective (no objective): currently 0.0, bound 0.0
INFO:p22.p22_i16_slothy_start.split.533_573:[0.0099s]: Found 2 solutions so far... objective (no objective): currently 0.0, bound 0.0
INFO:p22.p22_i16_slothy_start.split.533_573:OPTIMAL, wall time: 0.012350 s
INFO:p22.p22_i16_slothy_start.split.533_573:Booleans in result: 86
INFO:p22.p22_i16_slothy_start.split.533_573.selfcheck:OK!
WARNING:p22:LLVM (llvm-mc, llvm-nm, llvm-readobj) not found, disabling selftest. Consider installing LLVM.
INFO:p22.p22_i16_slothy_start.split.533_573:Attempt optimization with max 26 stalls...
INFO:p22.p22_i16_slothy_start.split.533_573:Setting timeout of 30 seconds...
INFO:p22.p22_i16_slothy_start.split.533_573:Objective: None (any satisfying solution is fine)
INFO:p22.p22_i16_slothy_start.split.533_573:Invoking external constraint solver (OR-Tools CP-SAT v9.15.6755) ...
INFO:p22.p22_i16_slothy_start.split.533_573:[0.0103s]: Found 1 solutions so far... objective (no objective): currently 0.0, bound 0.0
INFO:p22.p22_i16_slothy_start.split.533_573:[0.0109s]: Found 2 solutions so far... objective (no objective): currently 0.0, bound 0.0
INFO:p22.p22_i16_slothy_start.split.533_573:OPTIMAL, wall time: 0.013149 s
INFO:p22.p22_i16_slothy_start.split.533_573:Booleans in result: 21
INFO:p22.p22_i16_slothy_start.split.533_573.selfcheck:OK!
WARNING:p22:LLVM (llvm-mc, llvm-nm, llvm-readobj) not found, disabling selftest. Consider installing LLVM.
INFO:p22.p22_i16_slothy_start.split.533_573:Attempt optimization with max 25 stalls...
INFO:p22.p22_i16_slothy_start.split.533_573:Setting timeout of 30 seconds...
INFO:p22.p22_i16_slothy_start.split.533_573:Objective: None (any satisfying solution is fine)
INFO:p22.p22_i16_slothy_start.split.533_573:Invoking external constraint solver (OR-Tools CP-SAT v9.15.6755) ...
INFO:p22.p22_i16_slothy_start.split.533_573:INFEASIBLE, wall time: 0.252775 s
INFO:p22.p22_i16_slothy_start.split:[  0- 12]: *********....................... (9)
INFO:p22.p22_i16_slothy_start.split:[ 12- 25]: ****************................ (16)
INFO:p22.p22_i16_slothy_start.split:[ 25- 38]: ********************............ (20)
INFO:p22.p22_i16_slothy_start.split:[ 38- 50]: ***********************......... (23)
INFO:p22.p22_i16_slothy_start.split:[ 50- 63]: **************************...... (26)
INFO:p22.p22_i16_slothy_start.split:[ 63- 76]: ***************************..... (27)
INFO:p22.p22_i16_slothy_start.split:[ 76- 88]: *****************************... (29)
INFO:p22.p22_i16_slothy_start.split:[ 88-101]: *****************************... (29)
INFO:p22.p22_i16_slothy_start.split:[101-114]: ******************************.. (30)
INFO:p22.p22_i16_slothy_start.split:[114-127]: *****************************... (29)
INFO:p22.p22_i16_slothy_start.split:[127-139]: ***************************..... (27)
INFO:p22.p22_i16_slothy_start.split:[139-152]: *************************....... (25)
INFO:p22.p22_i16_slothy_start.split:[152-165]: **********************.......... (22)
INFO:p22.p22_i16_slothy_start.split:[165-177]: ********************............ (20)
INFO:p22.p22_i16_slothy_start.split:[177-190]: ******************.............. (18)
INFO:p22.p22_i16_slothy_start.split:[190-203]: ******************.............. (18)
INFO:p22.p22_i16_slothy_start.split:[203-215]: ******************.............. (18)
INFO:p22.p22_i16_slothy_start.split:[215-228]: *****************............... (17)
INFO:p22.p22_i16_slothy_start.split:[228-241]: *******************............. (19)
INFO:p22.p22_i16_slothy_start.split:[241-254]: *******************............. (19)
INFO:p22.p22_i16_slothy_start.split:[254-266]: ***********************......... (23)
INFO:p22.p22_i16_slothy_start.split:[266-279]: **********************.......... (22)
INFO:p22.p22_i16_slothy_start.split:[279-292]: ************************........ (24)
INFO:p22.p22_i16_slothy_start.split:[292-304]: **********************.......... (22)
INFO:p22.p22_i16_slothy_start.split:[304-317]: ********************............ (20)
INFO:p22.p22_i16_slothy_start.split:[317-330]: *********************........... (21)
INFO:p22.p22_i16_slothy_start.split:[330-342]: *********************........... (21)
INFO:p22.p22_i16_slothy_start.split:[342-355]: ***********************......... (23)
INFO:p22.p22_i16_slothy_start.split:[355-368]: **********************.......... (22)
INFO:p22.p22_i16_slothy_start.split:[368-381]: *********************........... (21)
INFO:p22.p22_i16_slothy_start.split:[381-393]: **********************.......... (22)
INFO:p22.p22_i16_slothy_start.split:[393-406]: ********************............ (20)
INFO:p22.p22_i16_slothy_start.split:[406-419]: **********************.......... (22)
INFO:p22.p22_i16_slothy_start.split:[419-431]: ********************............ (20)
INFO:p22.p22_i16_slothy_start.split:[431-444]: **********************.......... (22)
INFO:p22.p22_i16_slothy_start.split:[444-457]: ***********************......... (23)
INFO:p22.p22_i16_slothy_start.split:[457-469]: ************************........ (24)
INFO:p22.p22_i16_slothy_start.split:[469-482]: ************************........ (24)
INFO:p22.p22_i16_slothy_start.split:[482-495]: **********************.......... (22)
INFO:p22.p22_i16_slothy_start.split:[495-508]: **********************.......... (22)
INFO:p22.p22_i16_slothy_start.split:[508-520]: ***********************......... (23)
INFO:p22.p22_i16_slothy_start.split:[520-533]: **********************.......... (22)
INFO:p22.p22_i16_slothy_start.split:[533-546]: **********************.......... (22)
INFO:p22.p22_i16_slothy_start.split:[546-558]: **********************.......... (22)
INFO:p22.p22_i16_slothy_start.split:[558-571]: ***************************..... (27)
INFO:p22.p22_i16_slothy_start.split:[571-584]: *****************************... (29)
INFO:p22.p22_i16_slothy_start.split:[584-596]: ******************************.. (30)
INFO:p22.p22_i16_slothy_start.split:[596-609]: ******************************.. (30)
INFO:p22.p22_i16_slothy_start.split:[609-622]: **************************...... (26)
INFO:p22.p22_i16_slothy_start.split:[622-635]: ******************.............. (18)
INFO:p22.p22_i16_slothy_start.split.559_598:Perform external binary search for minimal number of stalls...
INFO:p22.p22_i16_slothy_start.split.559_598:Attempt optimization with max 0 stalls...
INFO:p22.p22_i16_slothy_start.split.559_598:Setting timeout of 30 seconds...
INFO:p22.p22_i16_slothy_start.split.559_598:Objective: None (any satisfying solution is fine)
INFO:p22.p22_i16_slothy_start.split.559_598:Invoking external constraint solver (OR-Tools CP-SAT v9.15.6755) ...
INFO:p22.p22_i16_slothy_start.split.559_598:INFEASIBLE, wall time: 0.000711 s
INFO:p22.p22_i16_slothy_start.split.559_598:Attempt optimization with max 1 stalls...
INFO:p22.p22_i16_slothy_start.split.559_598:Setting timeout of 30 seconds...
INFO:p22.p22_i16_slothy_start.split.559_598:Objective: None (any satisfying solution is fine)
INFO:p22.p22_i16_slothy_start.split.559_598:Invoking external constraint solver (OR-Tools CP-SAT v9.15.6755) ...
INFO:p22.p22_i16_slothy_start.split.559_598:INFEASIBLE, wall time: 0.000726 s
INFO:p22.p22_i16_slothy_start.split.559_598:Attempt optimization with max 2 stalls...
INFO:p22.p22_i16_slothy_start.split.559_598:Setting timeout of 30 seconds...
INFO:p22.p22_i16_slothy_start.split.559_598:Objective: None (any satisfying solution is fine)
INFO:p22.p22_i16_slothy_start.split.559_598:Invoking external constraint solver (OR-Tools CP-SAT v9.15.6755) ...
INFO:p22.p22_i16_slothy_start.split.559_598:INFEASIBLE, wall time: 0.000667 s
INFO:p22.p22_i16_slothy_start.split.559_598:Attempt optimization with max 4 stalls...
INFO:p22.p22_i16_slothy_start.split.559_598:Setting timeout of 30 seconds...
INFO:p22.p22_i16_slothy_start.split.559_598:Objective: None (any satisfying solution is fine)
INFO:p22.p22_i16_slothy_start.split.559_598:Invoking external constraint solver (OR-Tools CP-SAT v9.15.6755) ...
INFO:p22.p22_i16_slothy_start.split.559_598:INFEASIBLE, wall time: 0.000712 s
INFO:p22.p22_i16_slothy_start.split.559_598:Attempt optimization with max 8 stalls...
INFO:p22.p22_i16_slothy_start.split.559_598:Setting timeout of 30 seconds...
INFO:p22.p22_i16_slothy_start.split.559_598:Objective: None (any satisfying solution is fine)
INFO:p22.p22_i16_slothy_start.split.559_598:Invoking external constraint solver (OR-Tools CP-SAT v9.15.6755) ...
INFO:p22.p22_i16_slothy_start.split.559_598:INFEASIBLE, wall time: 0.000746 s
INFO:p22.p22_i16_slothy_start.split.559_598:Attempt optimization with max 16 stalls...
INFO:p22.p22_i16_slothy_start.split.559_598:Setting timeout of 30 seconds...
INFO:p22.p22_i16_slothy_start.split.559_598:Objective: None (any satisfying solution is fine)
INFO:p22.p22_i16_slothy_start.split.559_598:Invoking external constraint solver (OR-Tools CP-SAT v9.15.6755) ...
INFO:p22.p22_i16_slothy_start.split.559_598:INFEASIBLE, wall time: 0.002823 s
INFO:p22.p22_i16_slothy_start.split.559_598:Attempt optimization with max 32 stalls...
INFO:p22.p22_i16_slothy_start.split.559_598:Setting timeout of 30 seconds...
INFO:p22.p22_i16_slothy_start.split.559_598:Objective: None (any satisfying solution is fine)
INFO:p22.p22_i16_slothy_start.split.559_598:Invoking external constraint solver (OR-Tools CP-SAT v9.15.6755) ...
INFO:p22.p22_i16_slothy_start.split.559_598:[0.0097s]: Found 1 solutions so far... objective (no objective): currently 0.0, bound 0.0
INFO:p22.p22_i16_slothy_start.split.559_598:OPTIMAL, wall time: 0.012172 s
INFO:p22.p22_i16_slothy_start.split.559_598:Booleans in result: 21
INFO:p22.p22_i16_slothy_start.split.559_598.selfcheck:OK!
WARNING:p22:LLVM (llvm-mc, llvm-nm, llvm-readobj) not found, disabling selftest. Consider installing LLVM.
INFO:p22.p22_i16_slothy_start.split.559_598:Attempt optimization with max 24 stalls...
INFO:p22.p22_i16_slothy_start.split.559_598:Setting timeout of 30 seconds...
INFO:p22.p22_i16_slothy_start.split.559_598:Objective: None (any satisfying solution is fine)
INFO:p22.p22_i16_slothy_start.split.559_598:Invoking external constraint solver (OR-Tools CP-SAT v9.15.6755) ...
INFO:p22.p22_i16_slothy_start.split.559_598:INFEASIBLE, wall time: 0.093180 s
INFO:p22.p22_i16_slothy_start.split.559_598:Attempt optimization with max 28 stalls...
INFO:p22.p22_i16_slothy_start.split.559_598:Setting timeout of 30 seconds...
INFO:p22.p22_i16_slothy_start.split.559_598:Objective: None (any satisfying solution is fine)
INFO:p22.p22_i16_slothy_start.split.559_598:Invoking external constraint solver (OR-Tools CP-SAT v9.15.6755) ...
INFO:p22.p22_i16_slothy_start.split.559_598:[0.0099s]: Found 1 solutions so far... objective (no objective): currently 0.0, bound 0.0
INFO:p22.p22_i16_slothy_start.split.559_598:OPTIMAL, wall time: 0.012057 s
INFO:p22.p22_i16_slothy_start.split.559_598:Booleans in result: 21
INFO:p22.p22_i16_slothy_start.split.559_598.selfcheck:OK!
WARNING:p22:LLVM (llvm-mc, llvm-nm, llvm-readobj) not found, disabling selftest. Consider installing LLVM.
INFO:p22.p22_i16_slothy_start.split.559_598:Attempt optimization with max 26 stalls...
INFO:p22.p22_i16_slothy_start.split.559_598:Setting timeout of 30 seconds...
INFO:p22.p22_i16_slothy_start.split.559_598:Objective: None (any satisfying solution is fine)
INFO:p22.p22_i16_slothy_start.split.559_598:Invoking external constraint solver (OR-Tools CP-SAT v9.15.6755) ...
INFO:p22.p22_i16_slothy_start.split.559_598:[0.0350s]: Found 1 solutions so far... objective (no objective): currently 0.0, bound 0.0
INFO:p22.p22_i16_slothy_start.split.559_598:OPTIMAL, wall time: 0.037870 s
INFO:p22.p22_i16_slothy_start.split.559_598:Booleans in result: 156
INFO:p22.p22_i16_slothy_start.split.559_598.selfcheck:OK!
WARNING:p22:LLVM (llvm-mc, llvm-nm, llvm-readobj) not found, disabling selftest. Consider installing LLVM.
INFO:p22.p22_i16_slothy_start.split.559_598:Attempt optimization with max 25 stalls...
INFO:p22.p22_i16_slothy_start.split.559_598:Setting timeout of 30 seconds...
INFO:p22.p22_i16_slothy_start.split.559_598:Objective: None (any satisfying solution is fine)
INFO:p22.p22_i16_slothy_start.split.559_598:Invoking external constraint solver (OR-Tools CP-SAT v9.15.6755) ...
INFO:p22.p22_i16_slothy_start.split.559_598:INFEASIBLE, wall time: 0.107227 s
INFO:p22.p22_i16_slothy_start.split:[  0- 12]: *********...................... (9)
INFO:p22.p22_i16_slothy_start.split:[ 12- 25]: ****************............... (16)
INFO:p22.p22_i16_slothy_start.split:[ 25- 38]: ********************........... (20)
INFO:p22.p22_i16_slothy_start.split:[ 38- 50]: ***********************........ (23)
INFO:p22.p22_i16_slothy_start.split:[ 50- 63]: **************************..... (26)
INFO:p22.p22_i16_slothy_start.split:[ 63- 76]: ***************************.... (27)
INFO:p22.p22_i16_slothy_start.split:[ 76- 88]: *****************************.. (29)
INFO:p22.p22_i16_slothy_start.split:[ 88-101]: *****************************.. (29)
INFO:p22.p22_i16_slothy_start.split:[101-114]: ******************************. (30)
INFO:p22.p22_i16_slothy_start.split:[114-127]: *****************************.. (29)
INFO:p22.p22_i16_slothy_start.split:[127-139]: ***************************.... (27)
INFO:p22.p22_i16_slothy_start.split:[139-152]: *************************...... (25)
INFO:p22.p22_i16_slothy_start.split:[152-165]: **********************......... (22)
INFO:p22.p22_i16_slothy_start.split:[165-177]: ********************........... (20)
INFO:p22.p22_i16_slothy_start.split:[177-190]: ******************............. (18)
INFO:p22.p22_i16_slothy_start.split:[190-203]: ******************............. (18)
INFO:p22.p22_i16_slothy_start.split:[203-215]: ******************............. (18)
INFO:p22.p22_i16_slothy_start.split:[215-228]: *****************.............. (17)
INFO:p22.p22_i16_slothy_start.split:[228-241]: *******************............ (19)
INFO:p22.p22_i16_slothy_start.split:[241-254]: *******************............ (19)
INFO:p22.p22_i16_slothy_start.split:[254-266]: ***********************........ (23)
INFO:p22.p22_i16_slothy_start.split:[266-279]: **********************......... (22)
INFO:p22.p22_i16_slothy_start.split:[279-292]: ************************....... (24)
INFO:p22.p22_i16_slothy_start.split:[292-304]: **********************......... (22)
INFO:p22.p22_i16_slothy_start.split:[304-317]: ********************........... (20)
INFO:p22.p22_i16_slothy_start.split:[317-330]: *********************.......... (21)
INFO:p22.p22_i16_slothy_start.split:[330-342]: *********************.......... (21)
INFO:p22.p22_i16_slothy_start.split:[342-355]: ***********************........ (23)
INFO:p22.p22_i16_slothy_start.split:[355-368]: **********************......... (22)
INFO:p22.p22_i16_slothy_start.split:[368-381]: *********************.......... (21)
INFO:p22.p22_i16_slothy_start.split:[381-393]: **********************......... (22)
INFO:p22.p22_i16_slothy_start.split:[393-406]: ********************........... (20)
INFO:p22.p22_i16_slothy_start.split:[406-419]: **********************......... (22)
INFO:p22.p22_i16_slothy_start.split:[419-431]: ********************........... (20)
INFO:p22.p22_i16_slothy_start.split:[431-444]: **********************......... (22)
INFO:p22.p22_i16_slothy_start.split:[444-457]: ***********************........ (23)
INFO:p22.p22_i16_slothy_start.split:[457-469]: ************************....... (24)
INFO:p22.p22_i16_slothy_start.split:[469-482]: ************************....... (24)
INFO:p22.p22_i16_slothy_start.split:[482-495]: **********************......... (22)
INFO:p22.p22_i16_slothy_start.split:[495-508]: **********************......... (22)
INFO:p22.p22_i16_slothy_start.split:[508-520]: ***********************........ (23)
INFO:p22.p22_i16_slothy_start.split:[520-533]: **********************......... (22)
INFO:p22.p22_i16_slothy_start.split:[533-546]: *********************.......... (21)
INFO:p22.p22_i16_slothy_start.split:[546-558]: ********************........... (20)
INFO:p22.p22_i16_slothy_start.split:[558-571]: *********************.......... (21)
INFO:p22.p22_i16_slothy_start.split:[571-584]: **********************......... (22)
INFO:p22.p22_i16_slothy_start.split:[584-596]: ************************....... (24)
INFO:p22.p22_i16_slothy_start.split:[596-609]: ****************************... (28)
INFO:p22.p22_i16_slothy_start.split:[609-622]: **************************..... (26)
INFO:p22.p22_i16_slothy_start.split:[622-635]: ******************............. (18)
INFO:p22.p22_i16_slothy_start.split.584_624:Perform external binary search for minimal number of stalls...
INFO:p22.p22_i16_slothy_start.split.584_624:Attempt optimization with max 0 stalls...
INFO:p22.p22_i16_slothy_start.split.584_624:Setting timeout of 30 seconds...
INFO:p22.p22_i16_slothy_start.split.584_624:Objective: None (any satisfying solution is fine)
INFO:p22.p22_i16_slothy_start.split.584_624:Invoking external constraint solver (OR-Tools CP-SAT v9.15.6755) ...
INFO:p22.p22_i16_slothy_start.split.584_624:INFEASIBLE, wall time: 0.000717 s
INFO:p22.p22_i16_slothy_start.split.584_624:Attempt optimization with max 1 stalls...
INFO:p22.p22_i16_slothy_start.split.584_624:Setting timeout of 30 seconds...
INFO:p22.p22_i16_slothy_start.split.584_624:Objective: None (any satisfying solution is fine)
INFO:p22.p22_i16_slothy_start.split.584_624:Invoking external constraint solver (OR-Tools CP-SAT v9.15.6755) ...
INFO:p22.p22_i16_slothy_start.split.584_624:INFEASIBLE, wall time: 0.000694 s
INFO:p22.p22_i16_slothy_start.split.584_624:Attempt optimization with max 2 stalls...
INFO:p22.p22_i16_slothy_start.split.584_624:Setting timeout of 30 seconds...
INFO:p22.p22_i16_slothy_start.split.584_624:Objective: None (any satisfying solution is fine)
INFO:p22.p22_i16_slothy_start.split.584_624:Invoking external constraint solver (OR-Tools CP-SAT v9.15.6755) ...
INFO:p22.p22_i16_slothy_start.split.584_624:INFEASIBLE, wall time: 0.000748 s
INFO:p22.p22_i16_slothy_start.split.584_624:Attempt optimization with max 4 stalls...
INFO:p22.p22_i16_slothy_start.split.584_624:Setting timeout of 30 seconds...
INFO:p22.p22_i16_slothy_start.split.584_624:Objective: None (any satisfying solution is fine)
INFO:p22.p22_i16_slothy_start.split.584_624:Invoking external constraint solver (OR-Tools CP-SAT v9.15.6755) ...
INFO:p22.p22_i16_slothy_start.split.584_624:INFEASIBLE, wall time: 0.000728 s
INFO:p22.p22_i16_slothy_start.split.584_624:Attempt optimization with max 8 stalls...
INFO:p22.p22_i16_slothy_start.split.584_624:Setting timeout of 30 seconds...
INFO:p22.p22_i16_slothy_start.split.584_624:Objective: None (any satisfying solution is fine)
INFO:p22.p22_i16_slothy_start.split.584_624:Invoking external constraint solver (OR-Tools CP-SAT v9.15.6755) ...
INFO:p22.p22_i16_slothy_start.split.584_624:INFEASIBLE, wall time: 0.000684 s
INFO:p22.p22_i16_slothy_start.split.584_624:Attempt optimization with max 16 stalls...
INFO:p22.p22_i16_slothy_start.split.584_624:Setting timeout of 30 seconds...
INFO:p22.p22_i16_slothy_start.split.584_624:Objective: None (any satisfying solution is fine)
INFO:p22.p22_i16_slothy_start.split.584_624:Invoking external constraint solver (OR-Tools CP-SAT v9.15.6755) ...
INFO:p22.p22_i16_slothy_start.split.584_624:INFEASIBLE, wall time: 0.003052 s
INFO:p22.p22_i16_slothy_start.split.584_624:Attempt optimization with max 32 stalls...
INFO:p22.p22_i16_slothy_start.split.584_624:Setting timeout of 30 seconds...
INFO:p22.p22_i16_slothy_start.split.584_624:Objective: None (any satisfying solution is fine)
INFO:p22.p22_i16_slothy_start.split.584_624:Invoking external constraint solver (OR-Tools CP-SAT v9.15.6755) ...
INFO:p22.p22_i16_slothy_start.split.584_624:[0.0120s]: Found 1 solutions so far... objective (no objective): currently 0.0, bound 0.0
INFO:p22.p22_i16_slothy_start.split.584_624:OPTIMAL, wall time: 0.014309 s
INFO:p22.p22_i16_slothy_start.split.584_624:Booleans in result: 92
INFO:p22.p22_i16_slothy_start.split.584_624.selfcheck:OK!
WARNING:p22:LLVM (llvm-mc, llvm-nm, llvm-readobj) not found, disabling selftest. Consider installing LLVM.
INFO:p22.p22_i16_slothy_start.split.584_624:Attempt optimization with max 24 stalls...
INFO:p22.p22_i16_slothy_start.split.584_624:Setting timeout of 30 seconds...
INFO:p22.p22_i16_slothy_start.split.584_624:Objective: None (any satisfying solution is fine)
INFO:p22.p22_i16_slothy_start.split.584_624:Invoking external constraint solver (OR-Tools CP-SAT v9.15.6755) ...
INFO:p22.p22_i16_slothy_start.split.584_624:INFEASIBLE, wall time: 0.036015 s
INFO:p22.p22_i16_slothy_start.split.584_624:Attempt optimization with max 28 stalls...
INFO:p22.p22_i16_slothy_start.split.584_624:Setting timeout of 30 seconds...
INFO:p22.p22_i16_slothy_start.split.584_624:Objective: None (any satisfying solution is fine)
INFO:p22.p22_i16_slothy_start.split.584_624:Invoking external constraint solver (OR-Tools CP-SAT v9.15.6755) ...
INFO:p22.p22_i16_slothy_start.split.584_624:[0.0138s]: Found 1 solutions so far... objective (no objective): currently 0.0, bound 0.0
INFO:p22.p22_i16_slothy_start.split.584_624:OPTIMAL, wall time: 0.016213 s
INFO:p22.p22_i16_slothy_start.split.584_624:Booleans in result: 119
INFO:p22.p22_i16_slothy_start.split.584_624.selfcheck:OK!
WARNING:p22:LLVM (llvm-mc, llvm-nm, llvm-readobj) not found, disabling selftest. Consider installing LLVM.
INFO:p22.p22_i16_slothy_start.split.584_624:Attempt optimization with max 26 stalls...
INFO:p22.p22_i16_slothy_start.split.584_624:Setting timeout of 30 seconds...
INFO:p22.p22_i16_slothy_start.split.584_624:Objective: None (any satisfying solution is fine)
INFO:p22.p22_i16_slothy_start.split.584_624:Invoking external constraint solver (OR-Tools CP-SAT v9.15.6755) ...
INFO:p22.p22_i16_slothy_start.split.584_624:[0.0292s]: Found 1 solutions so far... objective (no objective): currently 0.0, bound 0.0
INFO:p22.p22_i16_slothy_start.split.584_624:OPTIMAL, wall time: 0.031984 s
INFO:p22.p22_i16_slothy_start.split.584_624:Booleans in result: 183
INFO:p22.p22_i16_slothy_start.split.584_624.selfcheck:OK!
WARNING:p22:LLVM (llvm-mc, llvm-nm, llvm-readobj) not found, disabling selftest. Consider installing LLVM.
INFO:p22.p22_i16_slothy_start.split.584_624:Attempt optimization with max 25 stalls...
INFO:p22.p22_i16_slothy_start.split.584_624:Setting timeout of 30 seconds...
INFO:p22.p22_i16_slothy_start.split.584_624:Objective: None (any satisfying solution is fine)
INFO:p22.p22_i16_slothy_start.split.584_624:Invoking external constraint solver (OR-Tools CP-SAT v9.15.6755) ...
INFO:p22.p22_i16_slothy_start.split.584_624:INFEASIBLE, wall time: 0.061120 s
INFO:p22.p22_i16_slothy_start.split:[  0- 12]: *********...................... (9)
INFO:p22.p22_i16_slothy_start.split:[ 12- 25]: ****************............... (16)
INFO:p22.p22_i16_slothy_start.split:[ 25- 38]: ********************........... (20)
INFO:p22.p22_i16_slothy_start.split:[ 38- 50]: ***********************........ (23)
INFO:p22.p22_i16_slothy_start.split:[ 50- 63]: **************************..... (26)
INFO:p22.p22_i16_slothy_start.split:[ 63- 76]: ***************************.... (27)
INFO:p22.p22_i16_slothy_start.split:[ 76- 88]: *****************************.. (29)
INFO:p22.p22_i16_slothy_start.split:[ 88-101]: *****************************.. (29)
INFO:p22.p22_i16_slothy_start.split:[101-114]: ******************************. (30)
INFO:p22.p22_i16_slothy_start.split:[114-127]: *****************************.. (29)
INFO:p22.p22_i16_slothy_start.split:[127-139]: ***************************.... (27)
INFO:p22.p22_i16_slothy_start.split:[139-152]: *************************...... (25)
INFO:p22.p22_i16_slothy_start.split:[152-165]: **********************......... (22)
INFO:p22.p22_i16_slothy_start.split:[165-177]: ********************........... (20)
INFO:p22.p22_i16_slothy_start.split:[177-190]: ******************............. (18)
INFO:p22.p22_i16_slothy_start.split:[190-203]: ******************............. (18)
INFO:p22.p22_i16_slothy_start.split:[203-215]: ******************............. (18)
INFO:p22.p22_i16_slothy_start.split:[215-228]: *****************.............. (17)
INFO:p22.p22_i16_slothy_start.split:[228-241]: *******************............ (19)
INFO:p22.p22_i16_slothy_start.split:[241-254]: *******************............ (19)
INFO:p22.p22_i16_slothy_start.split:[254-266]: ***********************........ (23)
INFO:p22.p22_i16_slothy_start.split:[266-279]: **********************......... (22)
INFO:p22.p22_i16_slothy_start.split:[279-292]: ************************....... (24)
INFO:p22.p22_i16_slothy_start.split:[292-304]: **********************......... (22)
INFO:p22.p22_i16_slothy_start.split:[304-317]: ********************........... (20)
INFO:p22.p22_i16_slothy_start.split:[317-330]: *********************.......... (21)
INFO:p22.p22_i16_slothy_start.split:[330-342]: *********************.......... (21)
INFO:p22.p22_i16_slothy_start.split:[342-355]: ***********************........ (23)
INFO:p22.p22_i16_slothy_start.split:[355-368]: **********************......... (22)
INFO:p22.p22_i16_slothy_start.split:[368-381]: *********************.......... (21)
INFO:p22.p22_i16_slothy_start.split:[381-393]: **********************......... (22)
INFO:p22.p22_i16_slothy_start.split:[393-406]: ********************........... (20)
INFO:p22.p22_i16_slothy_start.split:[406-419]: **********************......... (22)
INFO:p22.p22_i16_slothy_start.split:[419-431]: ********************........... (20)
INFO:p22.p22_i16_slothy_start.split:[431-444]: **********************......... (22)
INFO:p22.p22_i16_slothy_start.split:[444-457]: ***********************........ (23)
INFO:p22.p22_i16_slothy_start.split:[457-469]: ************************....... (24)
INFO:p22.p22_i16_slothy_start.split:[469-482]: ************************....... (24)
INFO:p22.p22_i16_slothy_start.split:[482-495]: **********************......... (22)
INFO:p22.p22_i16_slothy_start.split:[495-508]: **********************......... (22)
INFO:p22.p22_i16_slothy_start.split:[508-520]: ***********************........ (23)
INFO:p22.p22_i16_slothy_start.split:[520-533]: **********************......... (22)
INFO:p22.p22_i16_slothy_start.split:[533-546]: *********************.......... (21)
INFO:p22.p22_i16_slothy_start.split:[546-558]: ********************........... (20)
INFO:p22.p22_i16_slothy_start.split:[558-571]: *********************.......... (21)
INFO:p22.p22_i16_slothy_start.split:[571-584]: *********************.......... (21)
INFO:p22.p22_i16_slothy_start.split:[584-596]: **********************......... (22)
INFO:p22.p22_i16_slothy_start.split:[596-609]: **************************..... (26)
INFO:p22.p22_i16_slothy_start.split:[609-622]: *************************...... (25)
INFO:p22.p22_i16_slothy_start.split:[622-635]: ******************............. (18)
INFO:p22.p22_i16_slothy_start.split.610_635:Perform external binary search for minimal number of stalls...
INFO:p22.p22_i16_slothy_start.split.610_635:Attempt optimization with max 0 stalls...
INFO:p22.p22_i16_slothy_start.split.610_635:Setting timeout of 30 seconds...
INFO:p22.p22_i16_slothy_start.split.610_635:Objective: None (any satisfying solution is fine)
INFO:p22.p22_i16_slothy_start.split.610_635:Invoking external constraint solver (OR-Tools CP-SAT v9.15.6755) ...
INFO:p22.p22_i16_slothy_start.split.610_635:INFEASIBLE, wall time: 0.000581 s
INFO:p22.p22_i16_slothy_start.split.610_635:Attempt optimization with max 1 stalls...
INFO:p22.p22_i16_slothy_start.split.610_635:Setting timeout of 30 seconds...
INFO:p22.p22_i16_slothy_start.split.610_635:Objective: None (any satisfying solution is fine)
INFO:p22.p22_i16_slothy_start.split.610_635:Invoking external constraint solver (OR-Tools CP-SAT v9.15.6755) ...
INFO:p22.p22_i16_slothy_start.split.610_635:INFEASIBLE, wall time: 0.000554 s
INFO:p22.p22_i16_slothy_start.split.610_635:Attempt optimization with max 2 stalls...
INFO:p22.p22_i16_slothy_start.split.610_635:Setting timeout of 30 seconds...
INFO:p22.p22_i16_slothy_start.split.610_635:Objective: None (any satisfying solution is fine)
INFO:p22.p22_i16_slothy_start.split.610_635:Invoking external constraint solver (OR-Tools CP-SAT v9.15.6755) ...
INFO:p22.p22_i16_slothy_start.split.610_635:INFEASIBLE, wall time: 0.000569 s
INFO:p22.p22_i16_slothy_start.split.610_635:Attempt optimization with max 4 stalls...
INFO:p22.p22_i16_slothy_start.split.610_635:Setting timeout of 30 seconds...
INFO:p22.p22_i16_slothy_start.split.610_635:Objective: None (any satisfying solution is fine)
INFO:p22.p22_i16_slothy_start.split.610_635:Invoking external constraint solver (OR-Tools CP-SAT v9.15.6755) ...
INFO:p22.p22_i16_slothy_start.split.610_635:INFEASIBLE, wall time: 0.000517 s
INFO:p22.p22_i16_slothy_start.split.610_635:Attempt optimization with max 8 stalls...
INFO:p22.p22_i16_slothy_start.split.610_635:Setting timeout of 30 seconds...
INFO:p22.p22_i16_slothy_start.split.610_635:Objective: None (any satisfying solution is fine)
INFO:p22.p22_i16_slothy_start.split.610_635:Invoking external constraint solver (OR-Tools CP-SAT v9.15.6755) ...
INFO:p22.p22_i16_slothy_start.split.610_635:INFEASIBLE, wall time: 0.000502 s
INFO:p22.p22_i16_slothy_start.split.610_635:Attempt optimization with max 16 stalls...
INFO:p22.p22_i16_slothy_start.split.610_635:Setting timeout of 30 seconds...
INFO:p22.p22_i16_slothy_start.split.610_635:Objective: None (any satisfying solution is fine)
INFO:p22.p22_i16_slothy_start.split.610_635:Invoking external constraint solver (OR-Tools CP-SAT v9.15.6755) ...
INFO:p22.p22_i16_slothy_start.split.610_635:INFEASIBLE, wall time: 0.001959 s
INFO:p22.p22_i16_slothy_start.split.610_635:Attempt optimization with max 32 stalls...
INFO:p22.p22_i16_slothy_start.split.610_635:Setting timeout of 30 seconds...
INFO:p22.p22_i16_slothy_start.split.610_635:Objective: None (any satisfying solution is fine)
INFO:p22.p22_i16_slothy_start.split.610_635:Invoking external constraint solver (OR-Tools CP-SAT v9.15.6755) ...
INFO:p22.p22_i16_slothy_start.split.610_635:[0.0062s]: Found 1 solutions so far... objective (no objective): currently 0.0, bound 0.0
INFO:p22.p22_i16_slothy_start.split.610_635:[0.0063s]: Found 2 solutions so far... objective (no objective): currently 0.0, bound 0.0
INFO:p22.p22_i16_slothy_start.split.610_635:[0.0067s]: Found 3 solutions so far... objective (no objective): currently 0.0, bound 0.0
INFO:p22.p22_i16_slothy_start.split.610_635:[0.0068s]: Found 4 solutions so far... objective (no objective): currently 0.0, bound 0.0
INFO:p22.p22_i16_slothy_start.split.610_635:[0.0068s]: Found 5 solutions so far... objective (no objective): currently 0.0, bound 0.0
INFO:p22.p22_i16_slothy_start.split.610_635:OPTIMAL, wall time: 0.009147 s
INFO:p22.p22_i16_slothy_start.split.610_635:Booleans in result: 56
INFO:p22.p22_i16_slothy_start.split.610_635.selfcheck:OK!
WARNING:p22:LLVM (llvm-mc, llvm-nm, llvm-readobj) not found, disabling selftest. Consider installing LLVM.
INFO:p22.p22_i16_slothy_start.split.610_635:Attempt optimization with max 24 stalls...
INFO:p22.p22_i16_slothy_start.split.610_635:Setting timeout of 30 seconds...
INFO:p22.p22_i16_slothy_start.split.610_635:Objective: None (any satisfying solution is fine)
INFO:p22.p22_i16_slothy_start.split.610_635:Invoking external constraint solver (OR-Tools CP-SAT v9.15.6755) ...
INFO:p22.p22_i16_slothy_start.split.610_635:[0.0062s]: Found 1 solutions so far... objective (no objective): currently 0.0, bound 0.0
INFO:p22.p22_i16_slothy_start.split.610_635:[0.0064s]: Found 2 solutions so far... objective (no objective): currently 0.0, bound 0.0
INFO:p22.p22_i16_slothy_start.split.610_635:[0.0066s]: Found 3 solutions so far... objective (no objective): currently 0.0, bound 0.0
INFO:p22.p22_i16_slothy_start.split.610_635:[0.0067s]: Found 4 solutions so far... objective (no objective): currently 0.0, bound 0.0
INFO:p22.p22_i16_slothy_start.split.610_635:[0.0068s]: Found 5 solutions so far... objective (no objective): currently 0.0, bound 0.0
INFO:p22.p22_i16_slothy_start.split.610_635:OPTIMAL, wall time: 0.008913 s
INFO:p22.p22_i16_slothy_start.split.610_635:Booleans in result: 56
INFO:p22.p22_i16_slothy_start.split.610_635.selfcheck:OK!
WARNING:p22:LLVM (llvm-mc, llvm-nm, llvm-readobj) not found, disabling selftest. Consider installing LLVM.
INFO:p22.p22_i16_slothy_start.split.610_635:Attempt optimization with max 20 stalls...
INFO:p22.p22_i16_slothy_start.split.610_635:Setting timeout of 30 seconds...
INFO:p22.p22_i16_slothy_start.split.610_635:Objective: None (any satisfying solution is fine)
INFO:p22.p22_i16_slothy_start.split.610_635:Invoking external constraint solver (OR-Tools CP-SAT v9.15.6755) ...
INFO:p22.p22_i16_slothy_start.split.610_635:INFEASIBLE, wall time: 0.009996 s
INFO:p22.p22_i16_slothy_start.split.610_635:Attempt optimization with max 22 stalls...
INFO:p22.p22_i16_slothy_start.split.610_635:Setting timeout of 30 seconds...
INFO:p22.p22_i16_slothy_start.split.610_635:Objective: None (any satisfying solution is fine)
INFO:p22.p22_i16_slothy_start.split.610_635:Invoking external constraint solver (OR-Tools CP-SAT v9.15.6755) ...
INFO:p22.p22_i16_slothy_start.split.610_635:[0.0062s]: Found 1 solutions so far... objective (no objective): currently 0.0, bound 0.0
INFO:p22.p22_i16_slothy_start.split.610_635:[0.0063s]: Found 2 solutions so far... objective (no objective): currently 0.0, bound 0.0
INFO:p22.p22_i16_slothy_start.split.610_635:[0.0066s]: Found 3 solutions so far... objective (no objective): currently 0.0, bound 0.0
INFO:p22.p22_i16_slothy_start.split.610_635:[0.0068s]: Found 4 solutions so far... objective (no objective): currently 0.0, bound 0.0
INFO:p22.p22_i16_slothy_start.split.610_635:OPTIMAL, wall time: 0.008966 s
INFO:p22.p22_i16_slothy_start.split.610_635:Booleans in result: 56
INFO:p22.p22_i16_slothy_start.split.610_635.selfcheck:OK!
WARNING:p22:LLVM (llvm-mc, llvm-nm, llvm-readobj) not found, disabling selftest. Consider installing LLVM.
INFO:p22.p22_i16_slothy_start.split.610_635:Attempt optimization with max 21 stalls...
INFO:p22.p22_i16_slothy_start.split.610_635:Setting timeout of 30 seconds...
INFO:p22.p22_i16_slothy_start.split.610_635:Objective: None (any satisfying solution is fine)
INFO:p22.p22_i16_slothy_start.split.610_635:Invoking external constraint solver (OR-Tools CP-SAT v9.15.6755) ...
INFO:p22.p22_i16_slothy_start.split.610_635:[0.0089s]: Found 1 solutions so far... objective (no objective): currently 0.0, bound 0.0
INFO:p22.p22_i16_slothy_start.split.610_635:[0.0091s]: Found 2 solutions so far... objective (no objective): currently 0.0, bound 0.0
INFO:p22.p22_i16_slothy_start.split.610_635:[0.0092s]: Found 3 solutions so far... objective (no objective): currently 0.0, bound 0.0
INFO:p22.p22_i16_slothy_start.split.610_635:OPTIMAL, wall time: 0.011558 s
INFO:p22.p22_i16_slothy_start.split.610_635:Booleans in result: 58
INFO:p22.p22_i16_slothy_start.split.610_635.selfcheck:OK!
WARNING:p22:LLVM (llvm-mc, llvm-nm, llvm-readobj) not found, disabling selftest. Consider installing LLVM.
INFO:p22.p22_i16_slothy_start.split:[  0- 12]: *********...................... (9)
INFO:p22.p22_i16_slothy_start.split:[ 12- 25]: ****************............... (16)
INFO:p22.p22_i16_slothy_start.split:[ 25- 38]: ********************........... (20)
INFO:p22.p22_i16_slothy_start.split:[ 38- 50]: ***********************........ (23)
INFO:p22.p22_i16_slothy_start.split:[ 50- 63]: **************************..... (26)
INFO:p22.p22_i16_slothy_start.split:[ 63- 76]: ***************************.... (27)
INFO:p22.p22_i16_slothy_start.split:[ 76- 88]: *****************************.. (29)
INFO:p22.p22_i16_slothy_start.split:[ 88-101]: *****************************.. (29)
INFO:p22.p22_i16_slothy_start.split:[101-114]: ******************************. (30)
INFO:p22.p22_i16_slothy_start.split:[114-127]: *****************************.. (29)
INFO:p22.p22_i16_slothy_start.split:[127-139]: ***************************.... (27)
INFO:p22.p22_i16_slothy_start.split:[139-152]: *************************...... (25)
INFO:p22.p22_i16_slothy_start.split:[152-165]: **********************......... (22)
INFO:p22.p22_i16_slothy_start.split:[165-177]: ********************........... (20)
INFO:p22.p22_i16_slothy_start.split:[177-190]: ******************............. (18)
INFO:p22.p22_i16_slothy_start.split:[190-203]: ******************............. (18)
INFO:p22.p22_i16_slothy_start.split:[203-215]: ******************............. (18)
INFO:p22.p22_i16_slothy_start.split:[215-228]: *****************.............. (17)
INFO:p22.p22_i16_slothy_start.split:[228-241]: *******************............ (19)
INFO:p22.p22_i16_slothy_start.split:[241-254]: *******************............ (19)
INFO:p22.p22_i16_slothy_start.split:[254-266]: ***********************........ (23)
INFO:p22.p22_i16_slothy_start.split:[266-279]: **********************......... (22)
INFO:p22.p22_i16_slothy_start.split:[279-292]: ************************....... (24)
INFO:p22.p22_i16_slothy_start.split:[292-304]: **********************......... (22)
INFO:p22.p22_i16_slothy_start.split:[304-317]: ********************........... (20)
INFO:p22.p22_i16_slothy_start.split:[317-330]: *********************.......... (21)
INFO:p22.p22_i16_slothy_start.split:[330-342]: *********************.......... (21)
INFO:p22.p22_i16_slothy_start.split:[342-355]: ***********************........ (23)
INFO:p22.p22_i16_slothy_start.split:[355-368]: **********************......... (22)
INFO:p22.p22_i16_slothy_start.split:[368-381]: *********************.......... (21)
INFO:p22.p22_i16_slothy_start.split:[381-393]: **********************......... (22)
INFO:p22.p22_i16_slothy_start.split:[393-406]: ********************........... (20)
INFO:p22.p22_i16_slothy_start.split:[406-419]: **********************......... (22)
INFO:p22.p22_i16_slothy_start.split:[419-431]: ********************........... (20)
INFO:p22.p22_i16_slothy_start.split:[431-444]: **********************......... (22)
INFO:p22.p22_i16_slothy_start.split:[444-457]: ***********************........ (23)
INFO:p22.p22_i16_slothy_start.split:[457-469]: ************************....... (24)
INFO:p22.p22_i16_slothy_start.split:[469-482]: ************************....... (24)
INFO:p22.p22_i16_slothy_start.split:[482-495]: **********************......... (22)
INFO:p22.p22_i16_slothy_start.split:[495-508]: **********************......... (22)
INFO:p22.p22_i16_slothy_start.split:[508-520]: ***********************........ (23)
INFO:p22.p22_i16_slothy_start.split:[520-533]: **********************......... (22)
INFO:p22.p22_i16_slothy_start.split:[533-546]: *********************.......... (21)
INFO:p22.p22_i16_slothy_start.split:[546-558]: ********************........... (20)
INFO:p22.p22_i16_slothy_start.split:[558-571]: *********************.......... (21)
INFO:p22.p22_i16_slothy_start.split:[571-584]: *********************.......... (21)
INFO:p22.p22_i16_slothy_start.split:[584-596]: **********************......... (22)
INFO:p22.p22_i16_slothy_start.split:[596-609]: **********************......... (22)
INFO:p22.p22_i16_slothy_start.split:[609-622]: *********************.......... (21)
INFO:p22.p22_i16_slothy_start.split:[622-635]: ***************................ (15)
INFO:p22.p22_i16_slothy_start.split.split_heuristic_full:OK!
