INFO:gt864-friso2-two-block-schedule.gt864_friso2_pair_t0c2_slothy_start:SLOTHY version: 0.2.2
INFO:gt864-friso2-two-block-schedule:Instructions in body: 308
INFO:gt864-friso2-two-block-schedule.gt864_friso2_pair_t0c2_slothy_start.split.0_19:Perform internal binary search for minimal number of stalls...
INFO:gt864-friso2-two-block-schedule.gt864_friso2_pair_t0c2_slothy_start.split.0_19:Attempt optimization with max 256 stalls...
INFO:gt864-friso2-two-block-schedule.gt864_friso2_pair_t0c2_slothy_start.split.0_19:Setting timeout of 1800 seconds...
INFO:gt864-friso2-two-block-schedule.gt864_friso2_pair_t0c2_slothy_start.split.0_19:Objective: minimize cycles
INFO:gt864-friso2-two-block-schedule.gt864_friso2_pair_t0c2_slothy_start.split.0_19:Invoking external constraint solver (OR-Tools CP-SAT v9.15.6755) ...
INFO:gt864-friso2-two-block-schedule.gt864_friso2_pair_t0c2_slothy_start.split.0_19:[0.0172s]: Found 1 solutions so far... objective (minimize cycles): currently  (Cycles ~ 40.0, IPC ~ 0.47), bound  (Cycles ~ 35.0, IPC ~ 0.54)
INFO:gt864-friso2-two-block-schedule.gt864_friso2_pair_t0c2_slothy_start.split.0_19:OPTIMAL, wall time: 0.034306 s
INFO:gt864-friso2-two-block-schedule.gt864_friso2_pair_t0c2_slothy_start.split.0_19:Booleans in result: 11
INFO:gt864-friso2-two-block-schedule.gt864_friso2_pair_t0c2_slothy_start.split.0_19.selfcheck:OK!
INFO:gt864-friso2-two-block-schedule.gt864_friso2_pair_t0c2_slothy_start.split.0_19:Minimum number of stalls: 35
INFO:gt864-friso2-two-block-schedule.gt864_friso2_pair_t0c2_slothy_start.split.19_38:Perform internal binary search for minimal number of stalls...
INFO:gt864-friso2-two-block-schedule.gt864_friso2_pair_t0c2_slothy_start.split.19_38:Attempt optimization with max 256 stalls...
INFO:gt864-friso2-two-block-schedule.gt864_friso2_pair_t0c2_slothy_start.split.19_38:Setting timeout of 1800 seconds...
INFO:gt864-friso2-two-block-schedule.gt864_friso2_pair_t0c2_slothy_start.split.19_38:Objective: minimize cycles
INFO:gt864-friso2-two-block-schedule.gt864_friso2_pair_t0c2_slothy_start.split.19_38:Invoking external constraint solver (OR-Tools CP-SAT v9.15.6755) ...
INFO:gt864-friso2-two-block-schedule.gt864_friso2_pair_t0c2_slothy_start.split.19_38:[0.0171s]: Found 1 solutions so far... objective (minimize cycles): currently  (Cycles ~ 39.0, IPC ~ 0.49), bound  (Cycles ~ 35.0, IPC ~ 0.54)
INFO:gt864-friso2-two-block-schedule.gt864_friso2_pair_t0c2_slothy_start.split.19_38:[0.0183s]: Found 2 solutions so far... objective (minimize cycles): currently  (Cycles ~ 38.0, IPC ~ 0.50), bound  (Cycles ~ 35.0, IPC ~ 0.54)
INFO:gt864-friso2-two-block-schedule.gt864_friso2_pair_t0c2_slothy_start.split.19_38:OPTIMAL, wall time: 0.027428 s
INFO:gt864-friso2-two-block-schedule.gt864_friso2_pair_t0c2_slothy_start.split.19_38:Booleans in result: 44
INFO:gt864-friso2-two-block-schedule.gt864_friso2_pair_t0c2_slothy_start.split.19_38.selfcheck:OK!
INFO:gt864-friso2-two-block-schedule.gt864_friso2_pair_t0c2_slothy_start.split.19_38:Minimum number of stalls: 33
INFO:gt864-friso2-two-block-schedule.gt864_friso2_pair_t0c2_slothy_start.split.38_58:Perform internal binary search for minimal number of stalls...
INFO:gt864-friso2-two-block-schedule.gt864_friso2_pair_t0c2_slothy_start.split.38_58:Attempt optimization with max 256 stalls...
INFO:gt864-friso2-two-block-schedule.gt864_friso2_pair_t0c2_slothy_start.split.38_58:Setting timeout of 1800 seconds...
INFO:gt864-friso2-two-block-schedule.gt864_friso2_pair_t0c2_slothy_start.split.38_58:Objective: minimize cycles
INFO:gt864-friso2-two-block-schedule.gt864_friso2_pair_t0c2_slothy_start.split.38_58:Invoking external constraint solver (OR-Tools CP-SAT v9.15.6755) ...
INFO:gt864-friso2-two-block-schedule.gt864_friso2_pair_t0c2_slothy_start.split.38_58:[0.0179s]: Found 1 solutions so far... objective (minimize cycles): currently  (Cycles ~ 43.0, IPC ~ 0.47), bound  (Cycles ~ 33.0, IPC ~ 0.61)
INFO:gt864-friso2-two-block-schedule.gt864_friso2_pair_t0c2_slothy_start.split.38_58:[0.0185s]: Found 2 solutions so far... objective (minimize cycles): currently  (Cycles ~ 39.0, IPC ~ 0.51), bound  (Cycles ~ 33.0, IPC ~ 0.61)
INFO:gt864-friso2-two-block-schedule.gt864_friso2_pair_t0c2_slothy_start.split.38_58:OPTIMAL, wall time: 0.028832 s
INFO:gt864-friso2-two-block-schedule.gt864_friso2_pair_t0c2_slothy_start.split.38_58:Booleans in result: 41
INFO:gt864-friso2-two-block-schedule.gt864_friso2_pair_t0c2_slothy_start.split.38_58.selfcheck:OK!
INFO:gt864-friso2-two-block-schedule.gt864_friso2_pair_t0c2_slothy_start.split.38_58:Minimum number of stalls: 34
INFO:gt864-friso2-two-block-schedule.gt864_friso2_pair_t0c2_slothy_start.split.58_77:Perform internal binary search for minimal number of stalls...
INFO:gt864-friso2-two-block-schedule.gt864_friso2_pair_t0c2_slothy_start.split.58_77:Attempt optimization with max 256 stalls...
INFO:gt864-friso2-two-block-schedule.gt864_friso2_pair_t0c2_slothy_start.split.58_77:Setting timeout of 1800 seconds...
INFO:gt864-friso2-two-block-schedule.gt864_friso2_pair_t0c2_slothy_start.split.58_77:Objective: minimize cycles
INFO:gt864-friso2-two-block-schedule.gt864_friso2_pair_t0c2_slothy_start.split.58_77:Invoking external constraint solver (OR-Tools CP-SAT v9.15.6755) ...
INFO:gt864-friso2-two-block-schedule.gt864_friso2_pair_t0c2_slothy_start.split.58_77:[0.0188s]: Found 1 solutions so far... objective (minimize cycles): currently  (Cycles ~ 44.0, IPC ~ 0.43), bound  (Cycles ~ 31.0, IPC ~ 0.61)
INFO:gt864-friso2-two-block-schedule.gt864_friso2_pair_t0c2_slothy_start.split.58_77:[0.0191s]: Found 2 solutions so far... objective (minimize cycles): currently  (Cycles ~ 35.0, IPC ~ 0.54), bound  (Cycles ~ 31.0, IPC ~ 0.61)
INFO:gt864-friso2-two-block-schedule.gt864_friso2_pair_t0c2_slothy_start.split.58_77:OPTIMAL, wall time: 0.027269 s
INFO:gt864-friso2-two-block-schedule.gt864_friso2_pair_t0c2_slothy_start.split.58_77:Booleans in result: 43
INFO:gt864-friso2-two-block-schedule.gt864_friso2_pair_t0c2_slothy_start.split.58_77.selfcheck:OK!
INFO:gt864-friso2-two-block-schedule.gt864_friso2_pair_t0c2_slothy_start.split.58_77:Minimum number of stalls: 30
INFO:gt864-friso2-two-block-schedule.gt864_friso2_pair_t0c2_slothy_start.split.77_96:Perform internal binary search for minimal number of stalls...
INFO:gt864-friso2-two-block-schedule.gt864_friso2_pair_t0c2_slothy_start.split.77_96:Attempt optimization with max 256 stalls...
INFO:gt864-friso2-two-block-schedule.gt864_friso2_pair_t0c2_slothy_start.split.77_96:Setting timeout of 1800 seconds...
INFO:gt864-friso2-two-block-schedule.gt864_friso2_pair_t0c2_slothy_start.split.77_96:Objective: minimize cycles
INFO:gt864-friso2-two-block-schedule.gt864_friso2_pair_t0c2_slothy_start.split.77_96:Invoking external constraint solver (OR-Tools CP-SAT v9.15.6755) ...
INFO:gt864-friso2-two-block-schedule.gt864_friso2_pair_t0c2_slothy_start.split.77_96:[0.0164s]: Found 1 solutions so far... objective (minimize cycles): currently  (Cycles ~ 40.0, IPC ~ 0.47), bound  (Cycles ~ 35.0, IPC ~ 0.54)
INFO:gt864-friso2-two-block-schedule.gt864_friso2_pair_t0c2_slothy_start.split.77_96:[0.0174s]: Found 2 solutions so far... objective (minimize cycles): currently  (Cycles ~ 39.0, IPC ~ 0.49), bound  (Cycles ~ 35.0, IPC ~ 0.54)
INFO:gt864-friso2-two-block-schedule.gt864_friso2_pair_t0c2_slothy_start.split.77_96:OPTIMAL, wall time: 0.033209 s
INFO:gt864-friso2-two-block-schedule.gt864_friso2_pair_t0c2_slothy_start.split.77_96:Booleans in result: 47
INFO:gt864-friso2-two-block-schedule.gt864_friso2_pair_t0c2_slothy_start.split.77_96.selfcheck:OK!
INFO:gt864-friso2-two-block-schedule.gt864_friso2_pair_t0c2_slothy_start.split.77_96:Minimum number of stalls: 34
INFO:gt864-friso2-two-block-schedule.gt864_friso2_pair_t0c2_slothy_start.split.96_116:Perform internal binary search for minimal number of stalls...
INFO:gt864-friso2-two-block-schedule.gt864_friso2_pair_t0c2_slothy_start.split.96_116:Attempt optimization with max 256 stalls...
INFO:gt864-friso2-two-block-schedule.gt864_friso2_pair_t0c2_slothy_start.split.96_116:Setting timeout of 1800 seconds...
INFO:gt864-friso2-two-block-schedule.gt864_friso2_pair_t0c2_slothy_start.split.96_116:Objective: minimize cycles
INFO:gt864-friso2-two-block-schedule.gt864_friso2_pair_t0c2_slothy_start.split.96_116:Invoking external constraint solver (OR-Tools CP-SAT v9.15.6755) ...
INFO:gt864-friso2-two-block-schedule.gt864_friso2_pair_t0c2_slothy_start.split.96_116:[0.0183s]: Found 1 solutions so far... objective (minimize cycles): currently  (Cycles ~ 39.0, IPC ~ 0.51), bound  (Cycles ~ 32.0, IPC ~ 0.62)
INFO:gt864-friso2-two-block-schedule.gt864_friso2_pair_t0c2_slothy_start.split.96_116:[0.0187s]: Found 2 solutions so far... objective (minimize cycles): currently  (Cycles ~ 36.0, IPC ~ 0.56), bound  (Cycles ~ 32.0, IPC ~ 0.62)
INFO:gt864-friso2-two-block-schedule.gt864_friso2_pair_t0c2_slothy_start.split.96_116:OPTIMAL, wall time: 0.027899 s
INFO:gt864-friso2-two-block-schedule.gt864_friso2_pair_t0c2_slothy_start.split.96_116:Booleans in result: 45
INFO:gt864-friso2-two-block-schedule.gt864_friso2_pair_t0c2_slothy_start.split.96_116.selfcheck:OK!
INFO:gt864-friso2-two-block-schedule.gt864_friso2_pair_t0c2_slothy_start.split.96_116:Minimum number of stalls: 31
INFO:gt864-friso2-two-block-schedule.gt864_friso2_pair_t0c2_slothy_start.split.116_135:Perform internal binary search for minimal number of stalls...
INFO:gt864-friso2-two-block-schedule.gt864_friso2_pair_t0c2_slothy_start.split.116_135:Attempt optimization with max 256 stalls...
INFO:gt864-friso2-two-block-schedule.gt864_friso2_pair_t0c2_slothy_start.split.116_135:Setting timeout of 1800 seconds...
INFO:gt864-friso2-two-block-schedule.gt864_friso2_pair_t0c2_slothy_start.split.116_135:Objective: minimize cycles
INFO:gt864-friso2-two-block-schedule.gt864_friso2_pair_t0c2_slothy_start.split.116_135:Invoking external constraint solver (OR-Tools CP-SAT v9.15.6755) ...
INFO:gt864-friso2-two-block-schedule.gt864_friso2_pair_t0c2_slothy_start.split.116_135:[0.0190s]: Found 1 solutions so far... objective (minimize cycles): currently  (Cycles ~ 37.0, IPC ~ 0.51), bound  (Cycles ~ 30.0, IPC ~ 0.63)
INFO:gt864-friso2-two-block-schedule.gt864_friso2_pair_t0c2_slothy_start.split.116_135:[0.0202s]: Found 2 solutions so far... objective (minimize cycles): currently  (Cycles ~ 33.0, IPC ~ 0.58), bound  (Cycles ~ 30.0, IPC ~ 0.63)
INFO:gt864-friso2-two-block-schedule.gt864_friso2_pair_t0c2_slothy_start.split.116_135:OPTIMAL, wall time: 0.026081 s
INFO:gt864-friso2-two-block-schedule.gt864_friso2_pair_t0c2_slothy_start.split.116_135:Booleans in result: 44
INFO:gt864-friso2-two-block-schedule.gt864_friso2_pair_t0c2_slothy_start.split.116_135.selfcheck:OK!
INFO:gt864-friso2-two-block-schedule.gt864_friso2_pair_t0c2_slothy_start.split.116_135:Minimum number of stalls: 28
INFO:gt864-friso2-two-block-schedule.gt864_friso2_pair_t0c2_slothy_start.split.135_154:Perform internal binary search for minimal number of stalls...
INFO:gt864-friso2-two-block-schedule.gt864_friso2_pair_t0c2_slothy_start.split.135_154:Attempt optimization with max 256 stalls...
INFO:gt864-friso2-two-block-schedule.gt864_friso2_pair_t0c2_slothy_start.split.135_154:Setting timeout of 1800 seconds...
INFO:gt864-friso2-two-block-schedule.gt864_friso2_pair_t0c2_slothy_start.split.135_154:Objective: minimize cycles
INFO:gt864-friso2-two-block-schedule.gt864_friso2_pair_t0c2_slothy_start.split.135_154:Invoking external constraint solver (OR-Tools CP-SAT v9.15.6755) ...
INFO:gt864-friso2-two-block-schedule.gt864_friso2_pair_t0c2_slothy_start.split.135_154:[0.0165s]: Found 1 solutions so far... objective (minimize cycles): currently  (Cycles ~ 39.0, IPC ~ 0.49), bound  (Cycles ~ 35.0, IPC ~ 0.54)
INFO:gt864-friso2-two-block-schedule.gt864_friso2_pair_t0c2_slothy_start.split.135_154:OPTIMAL, wall time: 0.024875 s
INFO:gt864-friso2-two-block-schedule.gt864_friso2_pair_t0c2_slothy_start.split.135_154:Booleans in result: 47
INFO:gt864-friso2-two-block-schedule.gt864_friso2_pair_t0c2_slothy_start.split.135_154.selfcheck:OK!
INFO:gt864-friso2-two-block-schedule.gt864_friso2_pair_t0c2_slothy_start.split.135_154:Minimum number of stalls: 34
INFO:gt864-friso2-two-block-schedule.gt864_friso2_pair_t0c2_slothy_start.split.154_173:Perform internal binary search for minimal number of stalls...
INFO:gt864-friso2-two-block-schedule.gt864_friso2_pair_t0c2_slothy_start.split.154_173:Attempt optimization with max 256 stalls...
INFO:gt864-friso2-two-block-schedule.gt864_friso2_pair_t0c2_slothy_start.split.154_173:Setting timeout of 1800 seconds...
INFO:gt864-friso2-two-block-schedule.gt864_friso2_pair_t0c2_slothy_start.split.154_173:Objective: minimize cycles
INFO:gt864-friso2-two-block-schedule.gt864_friso2_pair_t0c2_slothy_start.split.154_173:Invoking external constraint solver (OR-Tools CP-SAT v9.15.6755) ...
INFO:gt864-friso2-two-block-schedule.gt864_friso2_pair_t0c2_slothy_start.split.154_173:[0.0167s]: Found 1 solutions so far... objective (minimize cycles): currently  (Cycles ~ 40.0, IPC ~ 0.47), bound  (Cycles ~ 35.0, IPC ~ 0.54)
INFO:gt864-friso2-two-block-schedule.gt864_friso2_pair_t0c2_slothy_start.split.154_173:OPTIMAL, wall time: 0.030079 s
INFO:gt864-friso2-two-block-schedule.gt864_friso2_pair_t0c2_slothy_start.split.154_173:Booleans in result: 43
INFO:gt864-friso2-two-block-schedule.gt864_friso2_pair_t0c2_slothy_start.split.154_173.selfcheck:OK!
INFO:gt864-friso2-two-block-schedule.gt864_friso2_pair_t0c2_slothy_start.split.154_173:Minimum number of stalls: 35
INFO:gt864-friso2-two-block-schedule.gt864_friso2_pair_t0c2_slothy_start.split.173_192:Perform internal binary search for minimal number of stalls...
INFO:gt864-friso2-two-block-schedule.gt864_friso2_pair_t0c2_slothy_start.split.173_192:Attempt optimization with max 256 stalls...
INFO:gt864-friso2-two-block-schedule.gt864_friso2_pair_t0c2_slothy_start.split.173_192:Setting timeout of 1800 seconds...
INFO:gt864-friso2-two-block-schedule.gt864_friso2_pair_t0c2_slothy_start.split.173_192:Objective: minimize cycles
INFO:gt864-friso2-two-block-schedule.gt864_friso2_pair_t0c2_slothy_start.split.173_192:Invoking external constraint solver (OR-Tools CP-SAT v9.15.6755) ...
INFO:gt864-friso2-two-block-schedule.gt864_friso2_pair_t0c2_slothy_start.split.173_192:[0.0183s]: Found 1 solutions so far... objective (minimize cycles): currently  (Cycles ~ 39.0, IPC ~ 0.49), bound  (Cycles ~ 35.0, IPC ~ 0.54)
INFO:gt864-friso2-two-block-schedule.gt864_friso2_pair_t0c2_slothy_start.split.173_192:[0.0189s]: Found 2 solutions so far... objective (minimize cycles): currently  (Cycles ~ 38.0, IPC ~ 0.50), bound  (Cycles ~ 35.0, IPC ~ 0.54)
INFO:gt864-friso2-two-block-schedule.gt864_friso2_pair_t0c2_slothy_start.split.173_192:OPTIMAL, wall time: 0.027162 s
INFO:gt864-friso2-two-block-schedule.gt864_friso2_pair_t0c2_slothy_start.split.173_192:Booleans in result: 43
INFO:gt864-friso2-two-block-schedule.gt864_friso2_pair_t0c2_slothy_start.split.173_192.selfcheck:OK!
INFO:gt864-friso2-two-block-schedule.gt864_friso2_pair_t0c2_slothy_start.split.173_192:Minimum number of stalls: 33
INFO:gt864-friso2-two-block-schedule.gt864_friso2_pair_t0c2_slothy_start.split.192_212:Perform internal binary search for minimal number of stalls...
INFO:gt864-friso2-two-block-schedule.gt864_friso2_pair_t0c2_slothy_start.split.192_212:Attempt optimization with max 256 stalls...
INFO:gt864-friso2-two-block-schedule.gt864_friso2_pair_t0c2_slothy_start.split.192_212:Setting timeout of 1800 seconds...
INFO:gt864-friso2-two-block-schedule.gt864_friso2_pair_t0c2_slothy_start.split.192_212:Objective: minimize cycles
INFO:gt864-friso2-two-block-schedule.gt864_friso2_pair_t0c2_slothy_start.split.192_212:Invoking external constraint solver (OR-Tools CP-SAT v9.15.6755) ...
INFO:gt864-friso2-two-block-schedule.gt864_friso2_pair_t0c2_slothy_start.split.192_212:[0.0200s]: Found 1 solutions so far... objective (minimize cycles): currently  (Cycles ~ 43.0, IPC ~ 0.47), bound  (Cycles ~ 33.0, IPC ~ 0.61)
INFO:gt864-friso2-two-block-schedule.gt864_friso2_pair_t0c2_slothy_start.split.192_212:[0.0203s]: Found 2 solutions so far... objective (minimize cycles): currently  (Cycles ~ 39.0, IPC ~ 0.51), bound  (Cycles ~ 33.0, IPC ~ 0.61)
INFO:gt864-friso2-two-block-schedule.gt864_friso2_pair_t0c2_slothy_start.split.192_212:OPTIMAL, wall time: 0.028681 s
INFO:gt864-friso2-two-block-schedule.gt864_friso2_pair_t0c2_slothy_start.split.192_212:Booleans in result: 44
INFO:gt864-friso2-two-block-schedule.gt864_friso2_pair_t0c2_slothy_start.split.192_212.selfcheck:OK!
INFO:gt864-friso2-two-block-schedule.gt864_friso2_pair_t0c2_slothy_start.split.192_212:Minimum number of stalls: 34
INFO:gt864-friso2-two-block-schedule.gt864_friso2_pair_t0c2_slothy_start.split.212_231:Perform internal binary search for minimal number of stalls...
INFO:gt864-friso2-two-block-schedule.gt864_friso2_pair_t0c2_slothy_start.split.212_231:Attempt optimization with max 256 stalls...
INFO:gt864-friso2-two-block-schedule.gt864_friso2_pair_t0c2_slothy_start.split.212_231:Setting timeout of 1800 seconds...
INFO:gt864-friso2-two-block-schedule.gt864_friso2_pair_t0c2_slothy_start.split.212_231:Objective: minimize cycles
INFO:gt864-friso2-two-block-schedule.gt864_friso2_pair_t0c2_slothy_start.split.212_231:Invoking external constraint solver (OR-Tools CP-SAT v9.15.6755) ...
INFO:gt864-friso2-two-block-schedule.gt864_friso2_pair_t0c2_slothy_start.split.212_231:[0.0179s]: Found 1 solutions so far... objective (minimize cycles): currently  (Cycles ~ 39.0, IPC ~ 0.49), bound  (Cycles ~ 31.0, IPC ~ 0.61)
INFO:gt864-friso2-two-block-schedule.gt864_friso2_pair_t0c2_slothy_start.split.212_231:[0.0186s]: Found 2 solutions so far... objective (minimize cycles): currently  (Cycles ~ 35.0, IPC ~ 0.54), bound  (Cycles ~ 31.0, IPC ~ 0.61)
INFO:gt864-friso2-two-block-schedule.gt864_friso2_pair_t0c2_slothy_start.split.212_231:OPTIMAL, wall time: 0.026854 s
INFO:gt864-friso2-two-block-schedule.gt864_friso2_pair_t0c2_slothy_start.split.212_231:Booleans in result: 44
INFO:gt864-friso2-two-block-schedule.gt864_friso2_pair_t0c2_slothy_start.split.212_231.selfcheck:OK!
INFO:gt864-friso2-two-block-schedule.gt864_friso2_pair_t0c2_slothy_start.split.212_231:Minimum number of stalls: 30
INFO:gt864-friso2-two-block-schedule.gt864_friso2_pair_t0c2_slothy_start.split.231_250:Perform internal binary search for minimal number of stalls...
INFO:gt864-friso2-two-block-schedule.gt864_friso2_pair_t0c2_slothy_start.split.231_250:Attempt optimization with max 256 stalls...
INFO:gt864-friso2-two-block-schedule.gt864_friso2_pair_t0c2_slothy_start.split.231_250:Setting timeout of 1800 seconds...
INFO:gt864-friso2-two-block-schedule.gt864_friso2_pair_t0c2_slothy_start.split.231_250:Objective: minimize cycles
INFO:gt864-friso2-two-block-schedule.gt864_friso2_pair_t0c2_slothy_start.split.231_250:Invoking external constraint solver (OR-Tools CP-SAT v9.15.6755) ...
INFO:gt864-friso2-two-block-schedule.gt864_friso2_pair_t0c2_slothy_start.split.231_250:[0.0161s]: Found 1 solutions so far... objective (minimize cycles): currently  (Cycles ~ 40.0, IPC ~ 0.47), bound  (Cycles ~ 35.0, IPC ~ 0.54)
INFO:gt864-friso2-two-block-schedule.gt864_friso2_pair_t0c2_slothy_start.split.231_250:[0.0169s]: Found 2 solutions so far... objective (minimize cycles): currently  (Cycles ~ 39.0, IPC ~ 0.49), bound  (Cycles ~ 35.0, IPC ~ 0.54)
INFO:gt864-friso2-two-block-schedule.gt864_friso2_pair_t0c2_slothy_start.split.231_250:OPTIMAL, wall time: 0.028022 s
INFO:gt864-friso2-two-block-schedule.gt864_friso2_pair_t0c2_slothy_start.split.231_250:Booleans in result: 46
INFO:gt864-friso2-two-block-schedule.gt864_friso2_pair_t0c2_slothy_start.split.231_250.selfcheck:OK!
INFO:gt864-friso2-two-block-schedule.gt864_friso2_pair_t0c2_slothy_start.split.231_250:Minimum number of stalls: 34
INFO:gt864-friso2-two-block-schedule.gt864_friso2_pair_t0c2_slothy_start.split.250_270:Perform internal binary search for minimal number of stalls...
INFO:gt864-friso2-two-block-schedule.gt864_friso2_pair_t0c2_slothy_start.split.250_270:Attempt optimization with max 256 stalls...
INFO:gt864-friso2-two-block-schedule.gt864_friso2_pair_t0c2_slothy_start.split.250_270:Setting timeout of 1800 seconds...
INFO:gt864-friso2-two-block-schedule.gt864_friso2_pair_t0c2_slothy_start.split.250_270:Objective: minimize cycles
INFO:gt864-friso2-two-block-schedule.gt864_friso2_pair_t0c2_slothy_start.split.250_270:Invoking external constraint solver (OR-Tools CP-SAT v9.15.6755) ...
INFO:gt864-friso2-two-block-schedule.gt864_friso2_pair_t0c2_slothy_start.split.250_270:[0.0194s]: Found 1 solutions so far... objective (minimize cycles): currently  (Cycles ~ 39.0, IPC ~ 0.51), bound  (Cycles ~ 32.0, IPC ~ 0.62)
INFO:gt864-friso2-two-block-schedule.gt864_friso2_pair_t0c2_slothy_start.split.250_270:[0.0198s]: Found 2 solutions so far... objective (minimize cycles): currently  (Cycles ~ 36.0, IPC ~ 0.56), bound  (Cycles ~ 32.0, IPC ~ 0.62)
INFO:gt864-friso2-two-block-schedule.gt864_friso2_pair_t0c2_slothy_start.split.250_270:OPTIMAL, wall time: 0.025957 s
INFO:gt864-friso2-two-block-schedule.gt864_friso2_pair_t0c2_slothy_start.split.250_270:Booleans in result: 45
INFO:gt864-friso2-two-block-schedule.gt864_friso2_pair_t0c2_slothy_start.split.250_270.selfcheck:OK!
INFO:gt864-friso2-two-block-schedule.gt864_friso2_pair_t0c2_slothy_start.split.250_270:Minimum number of stalls: 31
INFO:gt864-friso2-two-block-schedule.gt864_friso2_pair_t0c2_slothy_start.split.270_289:Perform internal binary search for minimal number of stalls...
INFO:gt864-friso2-two-block-schedule.gt864_friso2_pair_t0c2_slothy_start.split.270_289:Attempt optimization with max 256 stalls...
INFO:gt864-friso2-two-block-schedule.gt864_friso2_pair_t0c2_slothy_start.split.270_289:Setting timeout of 1800 seconds...
INFO:gt864-friso2-two-block-schedule.gt864_friso2_pair_t0c2_slothy_start.split.270_289:Objective: minimize cycles
INFO:gt864-friso2-two-block-schedule.gt864_friso2_pair_t0c2_slothy_start.split.270_289:Invoking external constraint solver (OR-Tools CP-SAT v9.15.6755) ...
INFO:gt864-friso2-two-block-schedule.gt864_friso2_pair_t0c2_slothy_start.split.270_289:[0.0187s]: Found 1 solutions so far... objective (minimize cycles): currently  (Cycles ~ 37.0, IPC ~ 0.51), bound  (Cycles ~ 30.0, IPC ~ 0.63)
INFO:gt864-friso2-two-block-schedule.gt864_friso2_pair_t0c2_slothy_start.split.270_289:[0.0191s]: Found 2 solutions so far... objective (minimize cycles): currently  (Cycles ~ 33.0, IPC ~ 0.58), bound  (Cycles ~ 30.0, IPC ~ 0.63)
INFO:gt864-friso2-two-block-schedule.gt864_friso2_pair_t0c2_slothy_start.split.270_289:OPTIMAL, wall time: 0.030660 s
INFO:gt864-friso2-two-block-schedule.gt864_friso2_pair_t0c2_slothy_start.split.270_289:Booleans in result: 44
INFO:gt864-friso2-two-block-schedule.gt864_friso2_pair_t0c2_slothy_start.split.270_289.selfcheck:OK!
INFO:gt864-friso2-two-block-schedule.gt864_friso2_pair_t0c2_slothy_start.split.270_289:Minimum number of stalls: 28
INFO:gt864-friso2-two-block-schedule.gt864_friso2_pair_t0c2_slothy_start.split.289_308:Perform internal binary search for minimal number of stalls...
INFO:gt864-friso2-two-block-schedule.gt864_friso2_pair_t0c2_slothy_start.split.289_308:Attempt optimization with max 256 stalls...
INFO:gt864-friso2-two-block-schedule.gt864_friso2_pair_t0c2_slothy_start.split.289_308:Setting timeout of 1800 seconds...
INFO:gt864-friso2-two-block-schedule.gt864_friso2_pair_t0c2_slothy_start.split.289_308:Objective: minimize cycles
INFO:gt864-friso2-two-block-schedule.gt864_friso2_pair_t0c2_slothy_start.split.289_308:Invoking external constraint solver (OR-Tools CP-SAT v9.15.6755) ...
INFO:gt864-friso2-two-block-schedule.gt864_friso2_pair_t0c2_slothy_start.split.289_308:[0.0164s]: Found 1 solutions so far... objective (minimize cycles): currently  (Cycles ~ 39.0, IPC ~ 0.49), bound  (Cycles ~ 35.0, IPC ~ 0.54)
INFO:gt864-friso2-two-block-schedule.gt864_friso2_pair_t0c2_slothy_start.split.289_308:OPTIMAL, wall time: 0.026236 s
INFO:gt864-friso2-two-block-schedule.gt864_friso2_pair_t0c2_slothy_start.split.289_308:Booleans in result: 45
INFO:gt864-friso2-two-block-schedule.gt864_friso2_pair_t0c2_slothy_start.split.289_308.selfcheck:OK!
INFO:gt864-friso2-two-block-schedule.gt864_friso2_pair_t0c2_slothy_start.split.289_308:Minimum number of stalls: 34
INFO:gt864-friso2-two-block-schedule.gt864_friso2_pair_t0c2_slothy_start.split:Initial stalls
INFO:gt864-friso2-two-block-schedule.gt864_friso2_pair_t0c2_slothy_start.split:[  0-  6]: **********...... (10)
INFO:gt864-friso2-two-block-schedule.gt864_friso2_pair_t0c2_slothy_start.split:[  6- 12]: **************.. (14)
INFO:gt864-friso2-two-block-schedule.gt864_friso2_pair_t0c2_slothy_start.split:[ 12- 18]: ***************. (15)
INFO:gt864-friso2-two-block-schedule.gt864_friso2_pair_t0c2_slothy_start.split:[ 18- 24]: ***************. (15)
INFO:gt864-friso2-two-block-schedule.gt864_friso2_pair_t0c2_slothy_start.split:[ 24- 30]: ***************. (15)
INFO:gt864-friso2-two-block-schedule.gt864_friso2_pair_t0c2_slothy_start.split:[ 30- 36]: ***************. (15)
INFO:gt864-friso2-two-block-schedule.gt864_friso2_pair_t0c2_slothy_start.split:[ 36- 43]: **************.. (14)
INFO:gt864-friso2-two-block-schedule.gt864_friso2_pair_t0c2_slothy_start.split:[ 43- 49]: *************... (13)
INFO:gt864-friso2-two-block-schedule.gt864_friso2_pair_t0c2_slothy_start.split:[ 49- 55]: ************.... (12)
INFO:gt864-friso2-two-block-schedule.gt864_friso2_pair_t0c2_slothy_start.split:[ 55- 61]: ***********..... (11)
INFO:gt864-friso2-two-block-schedule.gt864_friso2_pair_t0c2_slothy_start.split:[ 61- 67]: ************.... (12)
INFO:gt864-friso2-two-block-schedule.gt864_friso2_pair_t0c2_slothy_start.split:[ 67- 73]: ************.... (12)
INFO:gt864-friso2-two-block-schedule.gt864_friso2_pair_t0c2_slothy_start.split:[ 73- 80]: *************... (13)
INFO:gt864-friso2-two-block-schedule.gt864_friso2_pair_t0c2_slothy_start.split:[ 80- 86]: *************... (13)
INFO:gt864-friso2-two-block-schedule.gt864_friso2_pair_t0c2_slothy_start.split:[ 86- 92]: *************... (13)
INFO:gt864-friso2-two-block-schedule.gt864_friso2_pair_t0c2_slothy_start.split:[ 92- 98]: *************... (13)
INFO:gt864-friso2-two-block-schedule.gt864_friso2_pair_t0c2_slothy_start.split:[ 98-104]: *************... (13)
INFO:gt864-friso2-two-block-schedule.gt864_friso2_pair_t0c2_slothy_start.split:[104-110]: *************... (13)
INFO:gt864-friso2-two-block-schedule.gt864_friso2_pair_t0c2_slothy_start.split:[110-117]: *************... (13)
INFO:gt864-friso2-two-block-schedule.gt864_friso2_pair_t0c2_slothy_start.split:[117-123]: *************... (13)
INFO:gt864-friso2-two-block-schedule.gt864_friso2_pair_t0c2_slothy_start.split:[123-129]: *************... (13)
INFO:gt864-friso2-two-block-schedule.gt864_friso2_pair_t0c2_slothy_start.split:[129-135]: *************... (13)
INFO:gt864-friso2-two-block-schedule.gt864_friso2_pair_t0c2_slothy_start.split:[135-141]: *************... (13)
INFO:gt864-friso2-two-block-schedule.gt864_friso2_pair_t0c2_slothy_start.split:[141-147]: **************.. (14)
INFO:gt864-friso2-two-block-schedule.gt864_friso2_pair_t0c2_slothy_start.split:[147-154]: **************.. (14)
INFO:gt864-friso2-two-block-schedule.gt864_friso2_pair_t0c2_slothy_start.split:[154-160]: **************.. (14)
INFO:gt864-friso2-two-block-schedule.gt864_friso2_pair_t0c2_slothy_start.split:[160-166]: ***************. (15)
INFO:gt864-friso2-two-block-schedule.gt864_friso2_pair_t0c2_slothy_start.split:[166-172]: ***************. (15)
INFO:gt864-friso2-two-block-schedule.gt864_friso2_pair_t0c2_slothy_start.split:[172-178]: ***************. (15)
INFO:gt864-friso2-two-block-schedule.gt864_friso2_pair_t0c2_slothy_start.split:[178-184]: ***************. (15)
INFO:gt864-friso2-two-block-schedule.gt864_friso2_pair_t0c2_slothy_start.split:[184-190]: ***************. (15)
INFO:gt864-friso2-two-block-schedule.gt864_friso2_pair_t0c2_slothy_start.split:[190-197]: **************.. (14)
INFO:gt864-friso2-two-block-schedule.gt864_friso2_pair_t0c2_slothy_start.split:[197-203]: *************... (13)
INFO:gt864-friso2-two-block-schedule.gt864_friso2_pair_t0c2_slothy_start.split:[203-209]: ************.... (12)
INFO:gt864-friso2-two-block-schedule.gt864_friso2_pair_t0c2_slothy_start.split:[209-215]: ***********..... (11)
INFO:gt864-friso2-two-block-schedule.gt864_friso2_pair_t0c2_slothy_start.split:[215-221]: ************.... (12)
INFO:gt864-friso2-two-block-schedule.gt864_friso2_pair_t0c2_slothy_start.split:[221-227]: ************.... (12)
INFO:gt864-friso2-two-block-schedule.gt864_friso2_pair_t0c2_slothy_start.split:[227-234]: *************... (13)
INFO:gt864-friso2-two-block-schedule.gt864_friso2_pair_t0c2_slothy_start.split:[234-240]: *************... (13)
INFO:gt864-friso2-two-block-schedule.gt864_friso2_pair_t0c2_slothy_start.split:[240-246]: *************... (13)
INFO:gt864-friso2-two-block-schedule.gt864_friso2_pair_t0c2_slothy_start.split:[246-252]: *************... (13)
INFO:gt864-friso2-two-block-schedule.gt864_friso2_pair_t0c2_slothy_start.split:[252-258]: *************... (13)
INFO:gt864-friso2-two-block-schedule.gt864_friso2_pair_t0c2_slothy_start.split:[258-264]: *************... (13)
INFO:gt864-friso2-two-block-schedule.gt864_friso2_pair_t0c2_slothy_start.split:[264-271]: *************... (13)
INFO:gt864-friso2-two-block-schedule.gt864_friso2_pair_t0c2_slothy_start.split:[271-277]: *************... (13)
INFO:gt864-friso2-two-block-schedule.gt864_friso2_pair_t0c2_slothy_start.split:[277-283]: *************... (13)
INFO:gt864-friso2-two-block-schedule.gt864_friso2_pair_t0c2_slothy_start.split:[283-289]: *************... (13)
INFO:gt864-friso2-two-block-schedule.gt864_friso2_pair_t0c2_slothy_start.split:[289-295]: *************... (13)
INFO:gt864-friso2-two-block-schedule.gt864_friso2_pair_t0c2_slothy_start.split:[295-301]: *************... (13)
INFO:gt864-friso2-two-block-schedule.gt864_friso2_pair_t0c2_slothy_start.split:[301-308]: **********...... (10)
INFO:gt864-friso2-two-block-schedule.gt864_friso2_pair_t0c2_slothy_start.split.0_19:Perform internal binary search for minimal number of stalls...
INFO:gt864-friso2-two-block-schedule.gt864_friso2_pair_t0c2_slothy_start.split.0_19:Attempt optimization with max 256 stalls...
INFO:gt864-friso2-two-block-schedule.gt864_friso2_pair_t0c2_slothy_start.split.0_19:Setting timeout of 1800 seconds...
INFO:gt864-friso2-two-block-schedule.gt864_friso2_pair_t0c2_slothy_start.split.0_19:Objective: minimize cycles
INFO:gt864-friso2-two-block-schedule.gt864_friso2_pair_t0c2_slothy_start.split.0_19:Invoking external constraint solver (OR-Tools CP-SAT v9.15.6755) ...
INFO:gt864-friso2-two-block-schedule.gt864_friso2_pair_t0c2_slothy_start.split.0_19:[0.2108s]: Found 1 solutions so far... objective (minimize cycles): currently  (Cycles ~ 28.0, IPC ~ 0.68), bound  (Cycles ~ 17.0, IPC ~ 1.12)
INFO:gt864-friso2-two-block-schedule.gt864_friso2_pair_t0c2_slothy_start.split.0_19:[0.2280s]: Found 2 solutions so far... objective (minimize cycles): currently  (Cycles ~ 25.0, IPC ~ 0.76), bound  (Cycles ~ 19.0, IPC ~ 1.00)
INFO:gt864-friso2-two-block-schedule.gt864_friso2_pair_t0c2_slothy_start.split.0_19:OPTIMAL, wall time: 0.238399 s
INFO:gt864-friso2-two-block-schedule.gt864_friso2_pair_t0c2_slothy_start.split.0_19:Booleans in result: 136
INFO:gt864-friso2-two-block-schedule.gt864_friso2_pair_t0c2_slothy_start.split.0_19.selfcheck:OK!
INFO:gt864-friso2-two-block-schedule.gt864_friso2_pair_t0c2_slothy_start.split.0_19:Minimum number of stalls: 20
INFO:gt864-friso2-two-block-schedule.gt864_friso2_pair_t0c2_slothy_start.split:[  0-  6]: ********......... (8)
INFO:gt864-friso2-two-block-schedule.gt864_friso2_pair_t0c2_slothy_start.split:[  6- 12]: **************... (14)
INFO:gt864-friso2-two-block-schedule.gt864_friso2_pair_t0c2_slothy_start.split:[ 12- 18]: ****************. (16)
INFO:gt864-friso2-two-block-schedule.gt864_friso2_pair_t0c2_slothy_start.split:[ 18- 24]: ****************. (16)
INFO:gt864-friso2-two-block-schedule.gt864_friso2_pair_t0c2_slothy_start.split:[ 24- 30]: ***************.. (15)
INFO:gt864-friso2-two-block-schedule.gt864_friso2_pair_t0c2_slothy_start.split:[ 30- 36]: ***************.. (15)
INFO:gt864-friso2-two-block-schedule.gt864_friso2_pair_t0c2_slothy_start.split:[ 36- 43]: **************... (14)
INFO:gt864-friso2-two-block-schedule.gt864_friso2_pair_t0c2_slothy_start.split:[ 43- 49]: *************.... (13)
INFO:gt864-friso2-two-block-schedule.gt864_friso2_pair_t0c2_slothy_start.split:[ 49- 55]: ************..... (12)
INFO:gt864-friso2-two-block-schedule.gt864_friso2_pair_t0c2_slothy_start.split:[ 55- 61]: ***********...... (11)
INFO:gt864-friso2-two-block-schedule.gt864_friso2_pair_t0c2_slothy_start.split:[ 61- 67]: ************..... (12)
INFO:gt864-friso2-two-block-schedule.gt864_friso2_pair_t0c2_slothy_start.split:[ 67- 73]: ************..... (12)
INFO:gt864-friso2-two-block-schedule.gt864_friso2_pair_t0c2_slothy_start.split:[ 73- 80]: *************.... (13)
INFO:gt864-friso2-two-block-schedule.gt864_friso2_pair_t0c2_slothy_start.split:[ 80- 86]: *************.... (13)
INFO:gt864-friso2-two-block-schedule.gt864_friso2_pair_t0c2_slothy_start.split:[ 86- 92]: *************.... (13)
INFO:gt864-friso2-two-block-schedule.gt864_friso2_pair_t0c2_slothy_start.split:[ 92- 98]: *************.... (13)
INFO:gt864-friso2-two-block-schedule.gt864_friso2_pair_t0c2_slothy_start.split:[ 98-104]: *************.... (13)
INFO:gt864-friso2-two-block-schedule.gt864_friso2_pair_t0c2_slothy_start.split:[104-110]: *************.... (13)
INFO:gt864-friso2-two-block-schedule.gt864_friso2_pair_t0c2_slothy_start.split:[110-117]: *************.... (13)
INFO:gt864-friso2-two-block-schedule.gt864_friso2_pair_t0c2_slothy_start.split:[117-123]: *************.... (13)
INFO:gt864-friso2-two-block-schedule.gt864_friso2_pair_t0c2_slothy_start.split:[123-129]: *************.... (13)
INFO:gt864-friso2-two-block-schedule.gt864_friso2_pair_t0c2_slothy_start.split:[129-135]: *************.... (13)
INFO:gt864-friso2-two-block-schedule.gt864_friso2_pair_t0c2_slothy_start.split:[135-141]: *************.... (13)
INFO:gt864-friso2-two-block-schedule.gt864_friso2_pair_t0c2_slothy_start.split:[141-147]: **************... (14)
INFO:gt864-friso2-two-block-schedule.gt864_friso2_pair_t0c2_slothy_start.split:[147-154]: **************... (14)
INFO:gt864-friso2-two-block-schedule.gt864_friso2_pair_t0c2_slothy_start.split:[154-160]: **************... (14)
INFO:gt864-friso2-two-block-schedule.gt864_friso2_pair_t0c2_slothy_start.split:[160-166]: ***************.. (15)
INFO:gt864-friso2-two-block-schedule.gt864_friso2_pair_t0c2_slothy_start.split:[166-172]: ***************.. (15)
INFO:gt864-friso2-two-block-schedule.gt864_friso2_pair_t0c2_slothy_start.split:[172-178]: ***************.. (15)
INFO:gt864-friso2-two-block-schedule.gt864_friso2_pair_t0c2_slothy_start.split:[178-184]: ***************.. (15)
INFO:gt864-friso2-two-block-schedule.gt864_friso2_pair_t0c2_slothy_start.split:[184-190]: ***************.. (15)
INFO:gt864-friso2-two-block-schedule.gt864_friso2_pair_t0c2_slothy_start.split:[190-197]: **************... (14)
INFO:gt864-friso2-two-block-schedule.gt864_friso2_pair_t0c2_slothy_start.split:[197-203]: *************.... (13)
INFO:gt864-friso2-two-block-schedule.gt864_friso2_pair_t0c2_slothy_start.split:[203-209]: ************..... (12)
INFO:gt864-friso2-two-block-schedule.gt864_friso2_pair_t0c2_slothy_start.split:[209-215]: ***********...... (11)
INFO:gt864-friso2-two-block-schedule.gt864_friso2_pair_t0c2_slothy_start.split:[215-221]: ************..... (12)
INFO:gt864-friso2-two-block-schedule.gt864_friso2_pair_t0c2_slothy_start.split:[221-227]: ************..... (12)
INFO:gt864-friso2-two-block-schedule.gt864_friso2_pair_t0c2_slothy_start.split:[227-234]: *************.... (13)
INFO:gt864-friso2-two-block-schedule.gt864_friso2_pair_t0c2_slothy_start.split:[234-240]: *************.... (13)
INFO:gt864-friso2-two-block-schedule.gt864_friso2_pair_t0c2_slothy_start.split:[240-246]: *************.... (13)
INFO:gt864-friso2-two-block-schedule.gt864_friso2_pair_t0c2_slothy_start.split:[246-252]: *************.... (13)
INFO:gt864-friso2-two-block-schedule.gt864_friso2_pair_t0c2_slothy_start.split:[252-258]: *************.... (13)
INFO:gt864-friso2-two-block-schedule.gt864_friso2_pair_t0c2_slothy_start.split:[258-264]: *************.... (13)
INFO:gt864-friso2-two-block-schedule.gt864_friso2_pair_t0c2_slothy_start.split:[264-271]: *************.... (13)
INFO:gt864-friso2-two-block-schedule.gt864_friso2_pair_t0c2_slothy_start.split:[271-277]: *************.... (13)
INFO:gt864-friso2-two-block-schedule.gt864_friso2_pair_t0c2_slothy_start.split:[277-283]: *************.... (13)
INFO:gt864-friso2-two-block-schedule.gt864_friso2_pair_t0c2_slothy_start.split:[283-289]: *************.... (13)
INFO:gt864-friso2-two-block-schedule.gt864_friso2_pair_t0c2_slothy_start.split:[289-295]: *************.... (13)
INFO:gt864-friso2-two-block-schedule.gt864_friso2_pair_t0c2_slothy_start.split:[295-301]: *************.... (13)
INFO:gt864-friso2-two-block-schedule.gt864_friso2_pair_t0c2_slothy_start.split:[301-308]: **********....... (10)
INFO:gt864-friso2-two-block-schedule.gt864_friso2_pair_t0c2_slothy_start.split.15_35:Perform internal binary search for minimal number of stalls...
INFO:gt864-friso2-two-block-schedule.gt864_friso2_pair_t0c2_slothy_start.split.15_35:Attempt optimization with max 256 stalls...
INFO:gt864-friso2-two-block-schedule.gt864_friso2_pair_t0c2_slothy_start.split.15_35:Setting timeout of 1800 seconds...
INFO:gt864-friso2-two-block-schedule.gt864_friso2_pair_t0c2_slothy_start.split.15_35:Objective: minimize cycles
INFO:gt864-friso2-two-block-schedule.gt864_friso2_pair_t0c2_slothy_start.split.15_35:Invoking external constraint solver (OR-Tools CP-SAT v9.15.6755) ...
INFO:gt864-friso2-two-block-schedule.gt864_friso2_pair_t0c2_slothy_start.split.15_35:[0.1880s]: Found 1 solutions so far... objective (minimize cycles): currently  (Cycles ~ 30.0, IPC ~ 0.67), bound  (Cycles ~ 17.0, IPC ~ 1.18)
INFO:gt864-friso2-two-block-schedule.gt864_friso2_pair_t0c2_slothy_start.split.15_35:[0.1971s]: Found 2 solutions so far... objective (minimize cycles): currently  (Cycles ~ 28.0, IPC ~ 0.71), bound  (Cycles ~ 17.0, IPC ~ 1.18)
INFO:gt864-friso2-two-block-schedule.gt864_friso2_pair_t0c2_slothy_start.split.15_35:[0.2037s]: Found 3 solutions so far... objective (minimize cycles): currently  (Cycles ~ 27.0, IPC ~ 0.74), bound  (Cycles ~ 17.0, IPC ~ 1.18)
INFO:gt864-friso2-two-block-schedule.gt864_friso2_pair_t0c2_slothy_start.split.15_35:OPTIMAL, wall time: 0.217855 s
INFO:gt864-friso2-two-block-schedule.gt864_friso2_pair_t0c2_slothy_start.split.15_35:Booleans in result: 170
INFO:gt864-friso2-two-block-schedule.gt864_friso2_pair_t0c2_slothy_start.split.15_35.selfcheck:OK!
INFO:gt864-friso2-two-block-schedule.gt864_friso2_pair_t0c2_slothy_start.split.15_35:Minimum number of stalls: 22
INFO:gt864-friso2-two-block-schedule.gt864_friso2_pair_t0c2_slothy_start.split:[  0-  6]: ********.......... (8)
INFO:gt864-friso2-two-block-schedule.gt864_friso2_pair_t0c2_slothy_start.split:[  6- 12]: ************...... (12)
INFO:gt864-friso2-two-block-schedule.gt864_friso2_pair_t0c2_slothy_start.split:[ 12- 18]: **************.... (14)
INFO:gt864-friso2-two-block-schedule.gt864_friso2_pair_t0c2_slothy_start.split:[ 18- 24]: ***************... (15)
INFO:gt864-friso2-two-block-schedule.gt864_friso2_pair_t0c2_slothy_start.split:[ 24- 30]: ****************.. (16)
INFO:gt864-friso2-two-block-schedule.gt864_friso2_pair_t0c2_slothy_start.split:[ 30- 36]: *****************. (17)
INFO:gt864-friso2-two-block-schedule.gt864_friso2_pair_t0c2_slothy_start.split:[ 36- 43]: ****************.. (16)
INFO:gt864-friso2-two-block-schedule.gt864_friso2_pair_t0c2_slothy_start.split:[ 43- 49]: *************..... (13)
INFO:gt864-friso2-two-block-schedule.gt864_friso2_pair_t0c2_slothy_start.split:[ 49- 55]: ************...... (12)
INFO:gt864-friso2-two-block-schedule.gt864_friso2_pair_t0c2_slothy_start.split:[ 55- 61]: ***********....... (11)
INFO:gt864-friso2-two-block-schedule.gt864_friso2_pair_t0c2_slothy_start.split:[ 61- 67]: ************...... (12)
INFO:gt864-friso2-two-block-schedule.gt864_friso2_pair_t0c2_slothy_start.split:[ 67- 73]: ************...... (12)
INFO:gt864-friso2-two-block-schedule.gt864_friso2_pair_t0c2_slothy_start.split:[ 73- 80]: *************..... (13)
INFO:gt864-friso2-two-block-schedule.gt864_friso2_pair_t0c2_slothy_start.split:[ 80- 86]: *************..... (13)
INFO:gt864-friso2-two-block-schedule.gt864_friso2_pair_t0c2_slothy_start.split:[ 86- 92]: *************..... (13)
INFO:gt864-friso2-two-block-schedule.gt864_friso2_pair_t0c2_slothy_start.split:[ 92- 98]: *************..... (13)
INFO:gt864-friso2-two-block-schedule.gt864_friso2_pair_t0c2_slothy_start.split:[ 98-104]: *************..... (13)
INFO:gt864-friso2-two-block-schedule.gt864_friso2_pair_t0c2_slothy_start.split:[104-110]: *************..... (13)
INFO:gt864-friso2-two-block-schedule.gt864_friso2_pair_t0c2_slothy_start.split:[110-117]: *************..... (13)
INFO:gt864-friso2-two-block-schedule.gt864_friso2_pair_t0c2_slothy_start.split:[117-123]: *************..... (13)
INFO:gt864-friso2-two-block-schedule.gt864_friso2_pair_t0c2_slothy_start.split:[123-129]: *************..... (13)
INFO:gt864-friso2-two-block-schedule.gt864_friso2_pair_t0c2_slothy_start.split:[129-135]: *************..... (13)
INFO:gt864-friso2-two-block-schedule.gt864_friso2_pair_t0c2_slothy_start.split:[135-141]: *************..... (13)
INFO:gt864-friso2-two-block-schedule.gt864_friso2_pair_t0c2_slothy_start.split:[141-147]: **************.... (14)
INFO:gt864-friso2-two-block-schedule.gt864_friso2_pair_t0c2_slothy_start.split:[147-154]: **************.... (14)
INFO:gt864-friso2-two-block-schedule.gt864_friso2_pair_t0c2_slothy_start.split:[154-160]: **************.... (14)
INFO:gt864-friso2-two-block-schedule.gt864_friso2_pair_t0c2_slothy_start.split:[160-166]: ***************... (15)
INFO:gt864-friso2-two-block-schedule.gt864_friso2_pair_t0c2_slothy_start.split:[166-172]: ***************... (15)
INFO:gt864-friso2-two-block-schedule.gt864_friso2_pair_t0c2_slothy_start.split:[172-178]: ***************... (15)
INFO:gt864-friso2-two-block-schedule.gt864_friso2_pair_t0c2_slothy_start.split:[178-184]: ***************... (15)
INFO:gt864-friso2-two-block-schedule.gt864_friso2_pair_t0c2_slothy_start.split:[184-190]: ***************... (15)
INFO:gt864-friso2-two-block-schedule.gt864_friso2_pair_t0c2_slothy_start.split:[190-197]: **************.... (14)
INFO:gt864-friso2-two-block-schedule.gt864_friso2_pair_t0c2_slothy_start.split:[197-203]: *************..... (13)
INFO:gt864-friso2-two-block-schedule.gt864_friso2_pair_t0c2_slothy_start.split:[203-209]: ************...... (12)
INFO:gt864-friso2-two-block-schedule.gt864_friso2_pair_t0c2_slothy_start.split:[209-215]: ***********....... (11)
INFO:gt864-friso2-two-block-schedule.gt864_friso2_pair_t0c2_slothy_start.split:[215-221]: ************...... (12)
INFO:gt864-friso2-two-block-schedule.gt864_friso2_pair_t0c2_slothy_start.split:[221-227]: ************...... (12)
INFO:gt864-friso2-two-block-schedule.gt864_friso2_pair_t0c2_slothy_start.split:[227-234]: *************..... (13)
INFO:gt864-friso2-two-block-schedule.gt864_friso2_pair_t0c2_slothy_start.split:[234-240]: *************..... (13)
INFO:gt864-friso2-two-block-schedule.gt864_friso2_pair_t0c2_slothy_start.split:[240-246]: *************..... (13)
INFO:gt864-friso2-two-block-schedule.gt864_friso2_pair_t0c2_slothy_start.split:[246-252]: *************..... (13)
INFO:gt864-friso2-two-block-schedule.gt864_friso2_pair_t0c2_slothy_start.split:[252-258]: *************..... (13)
INFO:gt864-friso2-two-block-schedule.gt864_friso2_pair_t0c2_slothy_start.split:[258-264]: *************..... (13)
INFO:gt864-friso2-two-block-schedule.gt864_friso2_pair_t0c2_slothy_start.split:[264-271]: *************..... (13)
INFO:gt864-friso2-two-block-schedule.gt864_friso2_pair_t0c2_slothy_start.split:[271-277]: *************..... (13)
INFO:gt864-friso2-two-block-schedule.gt864_friso2_pair_t0c2_slothy_start.split:[277-283]: *************..... (13)
INFO:gt864-friso2-two-block-schedule.gt864_friso2_pair_t0c2_slothy_start.split:[283-289]: *************..... (13)
INFO:gt864-friso2-two-block-schedule.gt864_friso2_pair_t0c2_slothy_start.split:[289-295]: *************..... (13)
INFO:gt864-friso2-two-block-schedule.gt864_friso2_pair_t0c2_slothy_start.split:[295-301]: *************..... (13)
INFO:gt864-friso2-two-block-schedule.gt864_friso2_pair_t0c2_slothy_start.split:[301-308]: **********........ (10)
INFO:gt864-friso2-two-block-schedule.gt864_friso2_pair_t0c2_slothy_start.split.31_50:Perform internal binary search for minimal number of stalls...
INFO:gt864-friso2-two-block-schedule.gt864_friso2_pair_t0c2_slothy_start.split.31_50:Attempt optimization with max 256 stalls...
INFO:gt864-friso2-two-block-schedule.gt864_friso2_pair_t0c2_slothy_start.split.31_50:Setting timeout of 1800 seconds...
INFO:gt864-friso2-two-block-schedule.gt864_friso2_pair_t0c2_slothy_start.split.31_50:Objective: minimize cycles
INFO:gt864-friso2-two-block-schedule.gt864_friso2_pair_t0c2_slothy_start.split.31_50:Invoking external constraint solver (OR-Tools CP-SAT v9.15.6755) ...
INFO:gt864-friso2-two-block-schedule.gt864_friso2_pair_t0c2_slothy_start.split.31_50:[0.1405s]: Found 1 solutions so far... objective (minimize cycles): currently  (Cycles ~ 40.0, IPC ~ 0.47), bound  (Cycles ~ 16.0, IPC ~ 1.19)
INFO:gt864-friso2-two-block-schedule.gt864_friso2_pair_t0c2_slothy_start.split.31_50:[0.1474s]: Found 2 solutions so far... objective (minimize cycles): currently  (Cycles ~ 28.0, IPC ~ 0.68), bound  (Cycles ~ 23.0, IPC ~ 0.83)
INFO:gt864-friso2-two-block-schedule.gt864_friso2_pair_t0c2_slothy_start.split.31_50:[0.1519s]: Found 3 solutions so far... objective (minimize cycles): currently  (Cycles ~ 26.0, IPC ~ 0.73), bound  (Cycles ~ 23.0, IPC ~ 0.83)
INFO:gt864-friso2-two-block-schedule.gt864_friso2_pair_t0c2_slothy_start.split.31_50:[0.1561s]: Found 4 solutions so far... objective (minimize cycles): currently  (Cycles ~ 25.0, IPC ~ 0.76), bound  (Cycles ~ 23.0, IPC ~ 0.83)
INFO:gt864-friso2-two-block-schedule.gt864_friso2_pair_t0c2_slothy_start.split.31_50:OPTIMAL, wall time: 0.166118 s
INFO:gt864-friso2-two-block-schedule.gt864_friso2_pair_t0c2_slothy_start.split.31_50:Booleans in result: 118
INFO:gt864-friso2-two-block-schedule.gt864_friso2_pair_t0c2_slothy_start.split.31_50.selfcheck:OK!
INFO:gt864-friso2-two-block-schedule.gt864_friso2_pair_t0c2_slothy_start.split.31_50:Minimum number of stalls: 20
INFO:gt864-friso2-two-block-schedule.gt864_friso2_pair_t0c2_slothy_start.split:[  0-  6]: ********........ (8)
INFO:gt864-friso2-two-block-schedule.gt864_friso2_pair_t0c2_slothy_start.split:[  6- 12]: ************.... (12)
INFO:gt864-friso2-two-block-schedule.gt864_friso2_pair_t0c2_slothy_start.split:[ 12- 18]: **************.. (14)
INFO:gt864-friso2-two-block-schedule.gt864_friso2_pair_t0c2_slothy_start.split:[ 18- 24]: **************.. (14)
INFO:gt864-friso2-two-block-schedule.gt864_friso2_pair_t0c2_slothy_start.split:[ 24- 30]: **************.. (14)
INFO:gt864-friso2-two-block-schedule.gt864_friso2_pair_t0c2_slothy_start.split:[ 30- 36]: ***************. (15)
INFO:gt864-friso2-two-block-schedule.gt864_friso2_pair_t0c2_slothy_start.split:[ 36- 43]: ***************. (15)
INFO:gt864-friso2-two-block-schedule.gt864_friso2_pair_t0c2_slothy_start.split:[ 43- 49]: **************.. (14)
INFO:gt864-friso2-two-block-schedule.gt864_friso2_pair_t0c2_slothy_start.split:[ 49- 55]: *************... (13)
INFO:gt864-friso2-two-block-schedule.gt864_friso2_pair_t0c2_slothy_start.split:[ 55- 61]: ***********..... (11)
INFO:gt864-friso2-two-block-schedule.gt864_friso2_pair_t0c2_slothy_start.split:[ 61- 67]: ************.... (12)
INFO:gt864-friso2-two-block-schedule.gt864_friso2_pair_t0c2_slothy_start.split:[ 67- 73]: ************.... (12)
INFO:gt864-friso2-two-block-schedule.gt864_friso2_pair_t0c2_slothy_start.split:[ 73- 80]: *************... (13)
INFO:gt864-friso2-two-block-schedule.gt864_friso2_pair_t0c2_slothy_start.split:[ 80- 86]: *************... (13)
INFO:gt864-friso2-two-block-schedule.gt864_friso2_pair_t0c2_slothy_start.split:[ 86- 92]: *************... (13)
INFO:gt864-friso2-two-block-schedule.gt864_friso2_pair_t0c2_slothy_start.split:[ 92- 98]: *************... (13)
INFO:gt864-friso2-two-block-schedule.gt864_friso2_pair_t0c2_slothy_start.split:[ 98-104]: *************... (13)
INFO:gt864-friso2-two-block-schedule.gt864_friso2_pair_t0c2_slothy_start.split:[104-110]: *************... (13)
INFO:gt864-friso2-two-block-schedule.gt864_friso2_pair_t0c2_slothy_start.split:[110-117]: *************... (13)
INFO:gt864-friso2-two-block-schedule.gt864_friso2_pair_t0c2_slothy_start.split:[117-123]: *************... (13)
INFO:gt864-friso2-two-block-schedule.gt864_friso2_pair_t0c2_slothy_start.split:[123-129]: *************... (13)
INFO:gt864-friso2-two-block-schedule.gt864_friso2_pair_t0c2_slothy_start.split:[129-135]: *************... (13)
INFO:gt864-friso2-two-block-schedule.gt864_friso2_pair_t0c2_slothy_start.split:[135-141]: *************... (13)
INFO:gt864-friso2-two-block-schedule.gt864_friso2_pair_t0c2_slothy_start.split:[141-147]: **************.. (14)
INFO:gt864-friso2-two-block-schedule.gt864_friso2_pair_t0c2_slothy_start.split:[147-154]: **************.. (14)
INFO:gt864-friso2-two-block-schedule.gt864_friso2_pair_t0c2_slothy_start.split:[154-160]: **************.. (14)
INFO:gt864-friso2-two-block-schedule.gt864_friso2_pair_t0c2_slothy_start.split:[160-166]: ***************. (15)
INFO:gt864-friso2-two-block-schedule.gt864_friso2_pair_t0c2_slothy_start.split:[166-172]: ***************. (15)
INFO:gt864-friso2-two-block-schedule.gt864_friso2_pair_t0c2_slothy_start.split:[172-178]: ***************. (15)
INFO:gt864-friso2-two-block-schedule.gt864_friso2_pair_t0c2_slothy_start.split:[178-184]: ***************. (15)
INFO:gt864-friso2-two-block-schedule.gt864_friso2_pair_t0c2_slothy_start.split:[184-190]: ***************. (15)
INFO:gt864-friso2-two-block-schedule.gt864_friso2_pair_t0c2_slothy_start.split:[190-197]: **************.. (14)
INFO:gt864-friso2-two-block-schedule.gt864_friso2_pair_t0c2_slothy_start.split:[197-203]: *************... (13)
INFO:gt864-friso2-two-block-schedule.gt864_friso2_pair_t0c2_slothy_start.split:[203-209]: ************.... (12)
INFO:gt864-friso2-two-block-schedule.gt864_friso2_pair_t0c2_slothy_start.split:[209-215]: ***********..... (11)
INFO:gt864-friso2-two-block-schedule.gt864_friso2_pair_t0c2_slothy_start.split:[215-221]: ************.... (12)
INFO:gt864-friso2-two-block-schedule.gt864_friso2_pair_t0c2_slothy_start.split:[221-227]: ************.... (12)
INFO:gt864-friso2-two-block-schedule.gt864_friso2_pair_t0c2_slothy_start.split:[227-234]: *************... (13)
INFO:gt864-friso2-two-block-schedule.gt864_friso2_pair_t0c2_slothy_start.split:[234-240]: *************... (13)
INFO:gt864-friso2-two-block-schedule.gt864_friso2_pair_t0c2_slothy_start.split:[240-246]: *************... (13)
INFO:gt864-friso2-two-block-schedule.gt864_friso2_pair_t0c2_slothy_start.split:[246-252]: *************... (13)
INFO:gt864-friso2-two-block-schedule.gt864_friso2_pair_t0c2_slothy_start.split:[252-258]: *************... (13)
INFO:gt864-friso2-two-block-schedule.gt864_friso2_pair_t0c2_slothy_start.split:[258-264]: *************... (13)
INFO:gt864-friso2-two-block-schedule.gt864_friso2_pair_t0c2_slothy_start.split:[264-271]: *************... (13)
INFO:gt864-friso2-two-block-schedule.gt864_friso2_pair_t0c2_slothy_start.split:[271-277]: *************... (13)
INFO:gt864-friso2-two-block-schedule.gt864_friso2_pair_t0c2_slothy_start.split:[277-283]: *************... (13)
INFO:gt864-friso2-two-block-schedule.gt864_friso2_pair_t0c2_slothy_start.split:[283-289]: *************... (13)
INFO:gt864-friso2-two-block-schedule.gt864_friso2_pair_t0c2_slothy_start.split:[289-295]: *************... (13)
INFO:gt864-friso2-two-block-schedule.gt864_friso2_pair_t0c2_slothy_start.split:[295-301]: *************... (13)
INFO:gt864-friso2-two-block-schedule.gt864_friso2_pair_t0c2_slothy_start.split:[301-308]: **********...... (10)
INFO:gt864-friso2-two-block-schedule.gt864_friso2_pair_t0c2_slothy_start.split.46_65:Perform internal binary search for minimal number of stalls...
INFO:gt864-friso2-two-block-schedule.gt864_friso2_pair_t0c2_slothy_start.split.46_65:Attempt optimization with max 256 stalls...
INFO:gt864-friso2-two-block-schedule.gt864_friso2_pair_t0c2_slothy_start.split.46_65:Setting timeout of 1800 seconds...
INFO:gt864-friso2-two-block-schedule.gt864_friso2_pair_t0c2_slothy_start.split.46_65:Objective: minimize cycles
INFO:gt864-friso2-two-block-schedule.gt864_friso2_pair_t0c2_slothy_start.split.46_65:Invoking external constraint solver (OR-Tools CP-SAT v9.15.6755) ...
INFO:gt864-friso2-two-block-schedule.gt864_friso2_pair_t0c2_slothy_start.split.46_65:[0.2628s]: Found 1 solutions so far... objective (minimize cycles): currently  (Cycles ~ 21.0, IPC ~ 0.90), bound  (Cycles ~ 13.0, IPC ~ 1.46)
INFO:gt864-friso2-two-block-schedule.gt864_friso2_pair_t0c2_slothy_start.split.46_65:[0.2694s]: Found 2 solutions so far... objective (minimize cycles): currently  (Cycles ~ 19.0, IPC ~ 1.00), bound  (Cycles ~ 14.0, IPC ~ 1.36)
INFO:gt864-friso2-two-block-schedule.gt864_friso2_pair_t0c2_slothy_start.split.46_65:[0.2858s]: Found 3 solutions so far... objective (minimize cycles): currently  (Cycles ~ 18.0, IPC ~ 1.06), bound  (Cycles ~ 15.0, IPC ~ 1.27)
INFO:gt864-friso2-two-block-schedule.gt864_friso2_pair_t0c2_slothy_start.split.46_65:[0.2889s]: Found 4 solutions so far... objective (minimize cycles): currently  (Cycles ~ 17.0, IPC ~ 1.12), bound  (Cycles ~ 15.0, IPC ~ 1.27)
INFO:gt864-friso2-two-block-schedule.gt864_friso2_pair_t0c2_slothy_start.split.46_65:[0.2922s]: Found 5 solutions so far... objective (minimize cycles): currently  (Cycles ~ 16.0, IPC ~ 1.19), bound  (Cycles ~ 15.0, IPC ~ 1.27)
INFO:gt864-friso2-two-block-schedule.gt864_friso2_pair_t0c2_slothy_start.split.46_65:OPTIMAL, wall time: 0.302809 s
INFO:gt864-friso2-two-block-schedule.gt864_friso2_pair_t0c2_slothy_start.split.46_65:Booleans in result: 178
INFO:gt864-friso2-two-block-schedule.gt864_friso2_pair_t0c2_slothy_start.split.46_65.selfcheck:OK!
INFO:gt864-friso2-two-block-schedule.gt864_friso2_pair_t0c2_slothy_start.split.46_65:Minimum number of stalls: 11
INFO:gt864-friso2-two-block-schedule.gt864_friso2_pair_t0c2_slothy_start.split:[  0-  6]: ********........ (8)
INFO:gt864-friso2-two-block-schedule.gt864_friso2_pair_t0c2_slothy_start.split:[  6- 12]: ************.... (12)
INFO:gt864-friso2-two-block-schedule.gt864_friso2_pair_t0c2_slothy_start.split:[ 12- 18]: **************.. (14)
INFO:gt864-friso2-two-block-schedule.gt864_friso2_pair_t0c2_slothy_start.split:[ 18- 24]: **************.. (14)
INFO:gt864-friso2-two-block-schedule.gt864_friso2_pair_t0c2_slothy_start.split:[ 24- 30]: **************.. (14)
INFO:gt864-friso2-two-block-schedule.gt864_friso2_pair_t0c2_slothy_start.split:[ 30- 36]: ***************. (15)
INFO:gt864-friso2-two-block-schedule.gt864_friso2_pair_t0c2_slothy_start.split:[ 36- 43]: **************.. (14)
INFO:gt864-friso2-two-block-schedule.gt864_friso2_pair_t0c2_slothy_start.split:[ 43- 49]: **************.. (14)
INFO:gt864-friso2-two-block-schedule.gt864_friso2_pair_t0c2_slothy_start.split:[ 49- 55]: **************.. (14)
INFO:gt864-friso2-two-block-schedule.gt864_friso2_pair_t0c2_slothy_start.split:[ 55- 61]: *************... (13)
INFO:gt864-friso2-two-block-schedule.gt864_friso2_pair_t0c2_slothy_start.split:[ 61- 67]: **************.. (14)
INFO:gt864-friso2-two-block-schedule.gt864_friso2_pair_t0c2_slothy_start.split:[ 67- 73]: *************... (13)
INFO:gt864-friso2-two-block-schedule.gt864_friso2_pair_t0c2_slothy_start.split:[ 73- 80]: *************... (13)
INFO:gt864-friso2-two-block-schedule.gt864_friso2_pair_t0c2_slothy_start.split:[ 80- 86]: *************... (13)
INFO:gt864-friso2-two-block-schedule.gt864_friso2_pair_t0c2_slothy_start.split:[ 86- 92]: *************... (13)
INFO:gt864-friso2-two-block-schedule.gt864_friso2_pair_t0c2_slothy_start.split:[ 92- 98]: *************... (13)
INFO:gt864-friso2-two-block-schedule.gt864_friso2_pair_t0c2_slothy_start.split:[ 98-104]: *************... (13)
INFO:gt864-friso2-two-block-schedule.gt864_friso2_pair_t0c2_slothy_start.split:[104-110]: *************... (13)
INFO:gt864-friso2-two-block-schedule.gt864_friso2_pair_t0c2_slothy_start.split:[110-117]: *************... (13)
INFO:gt864-friso2-two-block-schedule.gt864_friso2_pair_t0c2_slothy_start.split:[117-123]: *************... (13)
INFO:gt864-friso2-two-block-schedule.gt864_friso2_pair_t0c2_slothy_start.split:[123-129]: *************... (13)
INFO:gt864-friso2-two-block-schedule.gt864_friso2_pair_t0c2_slothy_start.split:[129-135]: *************... (13)
INFO:gt864-friso2-two-block-schedule.gt864_friso2_pair_t0c2_slothy_start.split:[135-141]: *************... (13)
INFO:gt864-friso2-two-block-schedule.gt864_friso2_pair_t0c2_slothy_start.split:[141-147]: **************.. (14)
INFO:gt864-friso2-two-block-schedule.gt864_friso2_pair_t0c2_slothy_start.split:[147-154]: **************.. (14)
INFO:gt864-friso2-two-block-schedule.gt864_friso2_pair_t0c2_slothy_start.split:[154-160]: **************.. (14)
INFO:gt864-friso2-two-block-schedule.gt864_friso2_pair_t0c2_slothy_start.split:[160-166]: ***************. (15)
INFO:gt864-friso2-two-block-schedule.gt864_friso2_pair_t0c2_slothy_start.split:[166-172]: ***************. (15)
INFO:gt864-friso2-two-block-schedule.gt864_friso2_pair_t0c2_slothy_start.split:[172-178]: ***************. (15)
INFO:gt864-friso2-two-block-schedule.gt864_friso2_pair_t0c2_slothy_start.split:[178-184]: ***************. (15)
INFO:gt864-friso2-two-block-schedule.gt864_friso2_pair_t0c2_slothy_start.split:[184-190]: ***************. (15)
INFO:gt864-friso2-two-block-schedule.gt864_friso2_pair_t0c2_slothy_start.split:[190-197]: **************.. (14)
INFO:gt864-friso2-two-block-schedule.gt864_friso2_pair_t0c2_slothy_start.split:[197-203]: *************... (13)
INFO:gt864-friso2-two-block-schedule.gt864_friso2_pair_t0c2_slothy_start.split:[203-209]: ************.... (12)
INFO:gt864-friso2-two-block-schedule.gt864_friso2_pair_t0c2_slothy_start.split:[209-215]: ***********..... (11)
INFO:gt864-friso2-two-block-schedule.gt864_friso2_pair_t0c2_slothy_start.split:[215-221]: ************.... (12)
INFO:gt864-friso2-two-block-schedule.gt864_friso2_pair_t0c2_slothy_start.split:[221-227]: ************.... (12)
INFO:gt864-friso2-two-block-schedule.gt864_friso2_pair_t0c2_slothy_start.split:[227-234]: *************... (13)
INFO:gt864-friso2-two-block-schedule.gt864_friso2_pair_t0c2_slothy_start.split:[234-240]: *************... (13)
INFO:gt864-friso2-two-block-schedule.gt864_friso2_pair_t0c2_slothy_start.split:[240-246]: *************... (13)
INFO:gt864-friso2-two-block-schedule.gt864_friso2_pair_t0c2_slothy_start.split:[246-252]: *************... (13)
INFO:gt864-friso2-two-block-schedule.gt864_friso2_pair_t0c2_slothy_start.split:[252-258]: *************... (13)
INFO:gt864-friso2-two-block-schedule.gt864_friso2_pair_t0c2_slothy_start.split:[258-264]: *************... (13)
INFO:gt864-friso2-two-block-schedule.gt864_friso2_pair_t0c2_slothy_start.split:[264-271]: *************... (13)
INFO:gt864-friso2-two-block-schedule.gt864_friso2_pair_t0c2_slothy_start.split:[271-277]: *************... (13)
INFO:gt864-friso2-two-block-schedule.gt864_friso2_pair_t0c2_slothy_start.split:[277-283]: *************... (13)
INFO:gt864-friso2-two-block-schedule.gt864_friso2_pair_t0c2_slothy_start.split:[283-289]: *************... (13)
INFO:gt864-friso2-two-block-schedule.gt864_friso2_pair_t0c2_slothy_start.split:[289-295]: *************... (13)
INFO:gt864-friso2-two-block-schedule.gt864_friso2_pair_t0c2_slothy_start.split:[295-301]: *************... (13)
INFO:gt864-friso2-two-block-schedule.gt864_friso2_pair_t0c2_slothy_start.split:[301-308]: **********...... (10)
INFO:gt864-friso2-two-block-schedule.gt864_friso2_pair_t0c2_slothy_start.split.62_81:Perform internal binary search for minimal number of stalls...
INFO:gt864-friso2-two-block-schedule.gt864_friso2_pair_t0c2_slothy_start.split.62_81:Attempt optimization with max 256 stalls...
INFO:gt864-friso2-two-block-schedule.gt864_friso2_pair_t0c2_slothy_start.split.62_81:Setting timeout of 1800 seconds...
INFO:gt864-friso2-two-block-schedule.gt864_friso2_pair_t0c2_slothy_start.split.62_81:Objective: minimize cycles
INFO:gt864-friso2-two-block-schedule.gt864_friso2_pair_t0c2_slothy_start.split.62_81:Invoking external constraint solver (OR-Tools CP-SAT v9.15.6755) ...
INFO:gt864-friso2-two-block-schedule.gt864_friso2_pair_t0c2_slothy_start.split.62_81:[0.1885s]: Found 1 solutions so far... objective (minimize cycles): currently  (Cycles ~ 26.0, IPC ~ 0.73), bound  (Cycles ~ 20.0, IPC ~ 0.95)
INFO:gt864-friso2-two-block-schedule.gt864_friso2_pair_t0c2_slothy_start.split.62_81:[0.1937s]: Found 2 solutions so far... objective (minimize cycles): currently  (Cycles ~ 24.0, IPC ~ 0.79), bound  (Cycles ~ 20.0, IPC ~ 0.95)
INFO:gt864-friso2-two-block-schedule.gt864_friso2_pair_t0c2_slothy_start.split.62_81:[0.1992s]: Found 3 solutions so far... objective (minimize cycles): currently  (Cycles ~ 23.0, IPC ~ 0.83), bound  (Cycles ~ 20.0, IPC ~ 0.95)
INFO:gt864-friso2-two-block-schedule.gt864_friso2_pair_t0c2_slothy_start.split.62_81:[0.2047s]: Found 4 solutions so far... objective (minimize cycles): currently  (Cycles ~ 22.0, IPC ~ 0.86), bound  (Cycles ~ 20.0, IPC ~ 0.95)
INFO:gt864-friso2-two-block-schedule.gt864_friso2_pair_t0c2_slothy_start.split.62_81:[0.2109s]: Found 5 solutions so far... objective (minimize cycles): currently  (Cycles ~ 21.0, IPC ~ 0.90), bound  (Cycles ~ 20.0, IPC ~ 0.95)
INFO:gt864-friso2-two-block-schedule.gt864_friso2_pair_t0c2_slothy_start.split.62_81:OPTIMAL, wall time: 0.223280 s
INFO:gt864-friso2-two-block-schedule.gt864_friso2_pair_t0c2_slothy_start.split.62_81:Booleans in result: 159
INFO:gt864-friso2-two-block-schedule.gt864_friso2_pair_t0c2_slothy_start.split.62_81.selfcheck:OK!
INFO:gt864-friso2-two-block-schedule.gt864_friso2_pair_t0c2_slothy_start.split.62_81:Minimum number of stalls: 16
INFO:gt864-friso2-two-block-schedule.gt864_friso2_pair_t0c2_slothy_start.split:[  0-  6]: ********......... (8)
INFO:gt864-friso2-two-block-schedule.gt864_friso2_pair_t0c2_slothy_start.split:[  6- 12]: ************..... (12)
INFO:gt864-friso2-two-block-schedule.gt864_friso2_pair_t0c2_slothy_start.split:[ 12- 18]: **************... (14)
INFO:gt864-friso2-two-block-schedule.gt864_friso2_pair_t0c2_slothy_start.split:[ 18- 24]: **************... (14)
INFO:gt864-friso2-two-block-schedule.gt864_friso2_pair_t0c2_slothy_start.split:[ 24- 30]: **************... (14)
INFO:gt864-friso2-two-block-schedule.gt864_friso2_pair_t0c2_slothy_start.split:[ 30- 36]: ***************.. (15)
INFO:gt864-friso2-two-block-schedule.gt864_friso2_pair_t0c2_slothy_start.split:[ 36- 43]: **************... (14)
INFO:gt864-friso2-two-block-schedule.gt864_friso2_pair_t0c2_slothy_start.split:[ 43- 49]: **************... (14)
INFO:gt864-friso2-two-block-schedule.gt864_friso2_pair_t0c2_slothy_start.split:[ 49- 55]: **************... (14)
INFO:gt864-friso2-two-block-schedule.gt864_friso2_pair_t0c2_slothy_start.split:[ 55- 61]: ************..... (12)
INFO:gt864-friso2-two-block-schedule.gt864_friso2_pair_t0c2_slothy_start.split:[ 61- 67]: ************..... (12)
INFO:gt864-friso2-two-block-schedule.gt864_friso2_pair_t0c2_slothy_start.split:[ 67- 73]: *************.... (13)
INFO:gt864-friso2-two-block-schedule.gt864_friso2_pair_t0c2_slothy_start.split:[ 73- 80]: ****************. (16)
INFO:gt864-friso2-two-block-schedule.gt864_friso2_pair_t0c2_slothy_start.split:[ 80- 86]: ****************. (16)
INFO:gt864-friso2-two-block-schedule.gt864_friso2_pair_t0c2_slothy_start.split:[ 86- 92]: **************... (14)
INFO:gt864-friso2-two-block-schedule.gt864_friso2_pair_t0c2_slothy_start.split:[ 92- 98]: *************.... (13)
INFO:gt864-friso2-two-block-schedule.gt864_friso2_pair_t0c2_slothy_start.split:[ 98-104]: *************.... (13)
INFO:gt864-friso2-two-block-schedule.gt864_friso2_pair_t0c2_slothy_start.split:[104-110]: *************.... (13)
INFO:gt864-friso2-two-block-schedule.gt864_friso2_pair_t0c2_slothy_start.split:[110-117]: *************.... (13)
INFO:gt864-friso2-two-block-schedule.gt864_friso2_pair_t0c2_slothy_start.split:[117-123]: *************.... (13)
INFO:gt864-friso2-two-block-schedule.gt864_friso2_pair_t0c2_slothy_start.split:[123-129]: *************.... (13)
INFO:gt864-friso2-two-block-schedule.gt864_friso2_pair_t0c2_slothy_start.split:[129-135]: *************.... (13)
INFO:gt864-friso2-two-block-schedule.gt864_friso2_pair_t0c2_slothy_start.split:[135-141]: *************.... (13)
INFO:gt864-friso2-two-block-schedule.gt864_friso2_pair_t0c2_slothy_start.split:[141-147]: **************... (14)
INFO:gt864-friso2-two-block-schedule.gt864_friso2_pair_t0c2_slothy_start.split:[147-154]: **************... (14)
INFO:gt864-friso2-two-block-schedule.gt864_friso2_pair_t0c2_slothy_start.split:[154-160]: **************... (14)
INFO:gt864-friso2-two-block-schedule.gt864_friso2_pair_t0c2_slothy_start.split:[160-166]: ***************.. (15)
INFO:gt864-friso2-two-block-schedule.gt864_friso2_pair_t0c2_slothy_start.split:[166-172]: ***************.. (15)
INFO:gt864-friso2-two-block-schedule.gt864_friso2_pair_t0c2_slothy_start.split:[172-178]: ***************.. (15)
INFO:gt864-friso2-two-block-schedule.gt864_friso2_pair_t0c2_slothy_start.split:[178-184]: ***************.. (15)
INFO:gt864-friso2-two-block-schedule.gt864_friso2_pair_t0c2_slothy_start.split:[184-190]: ***************.. (15)
INFO:gt864-friso2-two-block-schedule.gt864_friso2_pair_t0c2_slothy_start.split:[190-197]: **************... (14)
INFO:gt864-friso2-two-block-schedule.gt864_friso2_pair_t0c2_slothy_start.split:[197-203]: *************.... (13)
INFO:gt864-friso2-two-block-schedule.gt864_friso2_pair_t0c2_slothy_start.split:[203-209]: ************..... (12)
INFO:gt864-friso2-two-block-schedule.gt864_friso2_pair_t0c2_slothy_start.split:[209-215]: ***********...... (11)
INFO:gt864-friso2-two-block-schedule.gt864_friso2_pair_t0c2_slothy_start.split:[215-221]: ************..... (12)
INFO:gt864-friso2-two-block-schedule.gt864_friso2_pair_t0c2_slothy_start.split:[221-227]: ************..... (12)
INFO:gt864-friso2-two-block-schedule.gt864_friso2_pair_t0c2_slothy_start.split:[227-234]: *************.... (13)
INFO:gt864-friso2-two-block-schedule.gt864_friso2_pair_t0c2_slothy_start.split:[234-240]: *************.... (13)
INFO:gt864-friso2-two-block-schedule.gt864_friso2_pair_t0c2_slothy_start.split:[240-246]: *************.... (13)
INFO:gt864-friso2-two-block-schedule.gt864_friso2_pair_t0c2_slothy_start.split:[246-252]: *************.... (13)
INFO:gt864-friso2-two-block-schedule.gt864_friso2_pair_t0c2_slothy_start.split:[252-258]: *************.... (13)
INFO:gt864-friso2-two-block-schedule.gt864_friso2_pair_t0c2_slothy_start.split:[258-264]: *************.... (13)
INFO:gt864-friso2-two-block-schedule.gt864_friso2_pair_t0c2_slothy_start.split:[264-271]: *************.... (13)
INFO:gt864-friso2-two-block-schedule.gt864_friso2_pair_t0c2_slothy_start.split:[271-277]: *************.... (13)
INFO:gt864-friso2-two-block-schedule.gt864_friso2_pair_t0c2_slothy_start.split:[277-283]: *************.... (13)
INFO:gt864-friso2-two-block-schedule.gt864_friso2_pair_t0c2_slothy_start.split:[283-289]: *************.... (13)
INFO:gt864-friso2-two-block-schedule.gt864_friso2_pair_t0c2_slothy_start.split:[289-295]: *************.... (13)
INFO:gt864-friso2-two-block-schedule.gt864_friso2_pair_t0c2_slothy_start.split:[295-301]: *************.... (13)
INFO:gt864-friso2-two-block-schedule.gt864_friso2_pair_t0c2_slothy_start.split:[301-308]: **********....... (10)
INFO:gt864-friso2-two-block-schedule.gt864_friso2_pair_t0c2_slothy_start.split.77_96:Perform internal binary search for minimal number of stalls...
INFO:gt864-friso2-two-block-schedule.gt864_friso2_pair_t0c2_slothy_start.split.77_96:Attempt optimization with max 256 stalls...
INFO:gt864-friso2-two-block-schedule.gt864_friso2_pair_t0c2_slothy_start.split.77_96:Setting timeout of 1800 seconds...
INFO:gt864-friso2-two-block-schedule.gt864_friso2_pair_t0c2_slothy_start.split.77_96:Objective: minimize cycles
INFO:gt864-friso2-two-block-schedule.gt864_friso2_pair_t0c2_slothy_start.split.77_96:Invoking external constraint solver (OR-Tools CP-SAT v9.15.6755) ...
INFO:gt864-friso2-two-block-schedule.gt864_friso2_pair_t0c2_slothy_start.split.77_96:[0.1993s]: Found 1 solutions so far... objective (minimize cycles): currently  (Cycles ~ 27.0, IPC ~ 0.70), bound  (Cycles ~ 16.0, IPC ~ 1.19)
INFO:gt864-friso2-two-block-schedule.gt864_friso2_pair_t0c2_slothy_start.split.77_96:[0.2047s]: Found 2 solutions so far... objective (minimize cycles): currently  (Cycles ~ 25.0, IPC ~ 0.76), bound  (Cycles ~ 16.0, IPC ~ 1.19)
INFO:gt864-friso2-two-block-schedule.gt864_friso2_pair_t0c2_slothy_start.split.77_96:[0.2100s]: Found 3 solutions so far... objective (minimize cycles): currently  (Cycles ~ 24.0, IPC ~ 0.79), bound  (Cycles ~ 16.0, IPC ~ 1.19)
INFO:gt864-friso2-two-block-schedule.gt864_friso2_pair_t0c2_slothy_start.split.77_96:[0.2151s]: Found 4 solutions so far... objective (minimize cycles): currently  (Cycles ~ 23.0, IPC ~ 0.83), bound  (Cycles ~ 16.0, IPC ~ 1.19)
INFO:gt864-friso2-two-block-schedule.gt864_friso2_pair_t0c2_slothy_start.split.77_96:[0.2211s]: Found 5 solutions so far... objective (minimize cycles): currently  (Cycles ~ 22.0, IPC ~ 0.86), bound  (Cycles ~ 16.0, IPC ~ 1.19)
INFO:gt864-friso2-two-block-schedule.gt864_friso2_pair_t0c2_slothy_start.split.77_96:[0.2259s]: Found 6 solutions so far... objective (minimize cycles): currently  (Cycles ~ 21.0, IPC ~ 0.90), bound  (Cycles ~ 16.0, IPC ~ 1.19)
INFO:gt864-friso2-two-block-schedule.gt864_friso2_pair_t0c2_slothy_start.split.77_96:OPTIMAL, wall time: 0.238382 s
INFO:gt864-friso2-two-block-schedule.gt864_friso2_pair_t0c2_slothy_start.split.77_96:Booleans in result: 145
INFO:gt864-friso2-two-block-schedule.gt864_friso2_pair_t0c2_slothy_start.split.77_96.selfcheck:OK!
INFO:gt864-friso2-two-block-schedule.gt864_friso2_pair_t0c2_slothy_start.split.77_96:Minimum number of stalls: 16
INFO:gt864-friso2-two-block-schedule.gt864_friso2_pair_t0c2_slothy_start.split:[  0-  6]: ********........ (8)
INFO:gt864-friso2-two-block-schedule.gt864_friso2_pair_t0c2_slothy_start.split:[  6- 12]: ************.... (12)
INFO:gt864-friso2-two-block-schedule.gt864_friso2_pair_t0c2_slothy_start.split:[ 12- 18]: **************.. (14)
INFO:gt864-friso2-two-block-schedule.gt864_friso2_pair_t0c2_slothy_start.split:[ 18- 24]: **************.. (14)
INFO:gt864-friso2-two-block-schedule.gt864_friso2_pair_t0c2_slothy_start.split:[ 24- 30]: **************.. (14)
INFO:gt864-friso2-two-block-schedule.gt864_friso2_pair_t0c2_slothy_start.split:[ 30- 36]: ***************. (15)
INFO:gt864-friso2-two-block-schedule.gt864_friso2_pair_t0c2_slothy_start.split:[ 36- 43]: **************.. (14)
INFO:gt864-friso2-two-block-schedule.gt864_friso2_pair_t0c2_slothy_start.split:[ 43- 49]: **************.. (14)
INFO:gt864-friso2-two-block-schedule.gt864_friso2_pair_t0c2_slothy_start.split:[ 49- 55]: **************.. (14)
INFO:gt864-friso2-two-block-schedule.gt864_friso2_pair_t0c2_slothy_start.split:[ 55- 61]: ************.... (12)
INFO:gt864-friso2-two-block-schedule.gt864_friso2_pair_t0c2_slothy_start.split:[ 61- 67]: ************.... (12)
INFO:gt864-friso2-two-block-schedule.gt864_friso2_pair_t0c2_slothy_start.split:[ 67- 73]: ***********..... (11)
INFO:gt864-friso2-two-block-schedule.gt864_friso2_pair_t0c2_slothy_start.split:[ 73- 80]: *************... (13)
INFO:gt864-friso2-two-block-schedule.gt864_friso2_pair_t0c2_slothy_start.split:[ 80- 86]: *************... (13)
INFO:gt864-friso2-two-block-schedule.gt864_friso2_pair_t0c2_slothy_start.split:[ 86- 92]: *************... (13)
INFO:gt864-friso2-two-block-schedule.gt864_friso2_pair_t0c2_slothy_start.split:[ 92- 98]: *************... (13)
INFO:gt864-friso2-two-block-schedule.gt864_friso2_pair_t0c2_slothy_start.split:[ 98-104]: *************... (13)
INFO:gt864-friso2-two-block-schedule.gt864_friso2_pair_t0c2_slothy_start.split:[104-110]: *************... (13)
INFO:gt864-friso2-two-block-schedule.gt864_friso2_pair_t0c2_slothy_start.split:[110-117]: *************... (13)
INFO:gt864-friso2-two-block-schedule.gt864_friso2_pair_t0c2_slothy_start.split:[117-123]: *************... (13)
INFO:gt864-friso2-two-block-schedule.gt864_friso2_pair_t0c2_slothy_start.split:[123-129]: *************... (13)
INFO:gt864-friso2-two-block-schedule.gt864_friso2_pair_t0c2_slothy_start.split:[129-135]: *************... (13)
INFO:gt864-friso2-two-block-schedule.gt864_friso2_pair_t0c2_slothy_start.split:[135-141]: *************... (13)
INFO:gt864-friso2-two-block-schedule.gt864_friso2_pair_t0c2_slothy_start.split:[141-147]: **************.. (14)
INFO:gt864-friso2-two-block-schedule.gt864_friso2_pair_t0c2_slothy_start.split:[147-154]: **************.. (14)
INFO:gt864-friso2-two-block-schedule.gt864_friso2_pair_t0c2_slothy_start.split:[154-160]: **************.. (14)
INFO:gt864-friso2-two-block-schedule.gt864_friso2_pair_t0c2_slothy_start.split:[160-166]: ***************. (15)
INFO:gt864-friso2-two-block-schedule.gt864_friso2_pair_t0c2_slothy_start.split:[166-172]: ***************. (15)
INFO:gt864-friso2-two-block-schedule.gt864_friso2_pair_t0c2_slothy_start.split:[172-178]: ***************. (15)
INFO:gt864-friso2-two-block-schedule.gt864_friso2_pair_t0c2_slothy_start.split:[178-184]: ***************. (15)
INFO:gt864-friso2-two-block-schedule.gt864_friso2_pair_t0c2_slothy_start.split:[184-190]: ***************. (15)
INFO:gt864-friso2-two-block-schedule.gt864_friso2_pair_t0c2_slothy_start.split:[190-197]: **************.. (14)
INFO:gt864-friso2-two-block-schedule.gt864_friso2_pair_t0c2_slothy_start.split:[197-203]: *************... (13)
INFO:gt864-friso2-two-block-schedule.gt864_friso2_pair_t0c2_slothy_start.split:[203-209]: ************.... (12)
INFO:gt864-friso2-two-block-schedule.gt864_friso2_pair_t0c2_slothy_start.split:[209-215]: ***********..... (11)
INFO:gt864-friso2-two-block-schedule.gt864_friso2_pair_t0c2_slothy_start.split:[215-221]: ************.... (12)
INFO:gt864-friso2-two-block-schedule.gt864_friso2_pair_t0c2_slothy_start.split:[221-227]: ************.... (12)
INFO:gt864-friso2-two-block-schedule.gt864_friso2_pair_t0c2_slothy_start.split:[227-234]: *************... (13)
INFO:gt864-friso2-two-block-schedule.gt864_friso2_pair_t0c2_slothy_start.split:[234-240]: *************... (13)
INFO:gt864-friso2-two-block-schedule.gt864_friso2_pair_t0c2_slothy_start.split:[240-246]: *************... (13)
INFO:gt864-friso2-two-block-schedule.gt864_friso2_pair_t0c2_slothy_start.split:[246-252]: *************... (13)
INFO:gt864-friso2-two-block-schedule.gt864_friso2_pair_t0c2_slothy_start.split:[252-258]: *************... (13)
INFO:gt864-friso2-two-block-schedule.gt864_friso2_pair_t0c2_slothy_start.split:[258-264]: *************... (13)
INFO:gt864-friso2-two-block-schedule.gt864_friso2_pair_t0c2_slothy_start.split:[264-271]: *************... (13)
INFO:gt864-friso2-two-block-schedule.gt864_friso2_pair_t0c2_slothy_start.split:[271-277]: *************... (13)
INFO:gt864-friso2-two-block-schedule.gt864_friso2_pair_t0c2_slothy_start.split:[277-283]: *************... (13)
INFO:gt864-friso2-two-block-schedule.gt864_friso2_pair_t0c2_slothy_start.split:[283-289]: *************... (13)
INFO:gt864-friso2-two-block-schedule.gt864_friso2_pair_t0c2_slothy_start.split:[289-295]: *************... (13)
INFO:gt864-friso2-two-block-schedule.gt864_friso2_pair_t0c2_slothy_start.split:[295-301]: *************... (13)
INFO:gt864-friso2-two-block-schedule.gt864_friso2_pair_t0c2_slothy_start.split:[301-308]: **********...... (10)
INFO:gt864-friso2-two-block-schedule.gt864_friso2_pair_t0c2_slothy_start.split.92_112:Perform internal binary search for minimal number of stalls...
INFO:gt864-friso2-two-block-schedule.gt864_friso2_pair_t0c2_slothy_start.split.92_112:Attempt optimization with max 256 stalls...
INFO:gt864-friso2-two-block-schedule.gt864_friso2_pair_t0c2_slothy_start.split.92_112:Setting timeout of 1800 seconds...
INFO:gt864-friso2-two-block-schedule.gt864_friso2_pair_t0c2_slothy_start.split.92_112:Objective: minimize cycles
INFO:gt864-friso2-two-block-schedule.gt864_friso2_pair_t0c2_slothy_start.split.92_112:Invoking external constraint solver (OR-Tools CP-SAT v9.15.6755) ...
INFO:gt864-friso2-two-block-schedule.gt864_friso2_pair_t0c2_slothy_start.split.92_112:[0.2323s]: Found 1 solutions so far... objective (minimize cycles): currently  (Cycles ~ 25.0, IPC ~ 0.80), bound  (Cycles ~ 13.0, IPC ~ 1.54)
INFO:gt864-friso2-two-block-schedule.gt864_friso2_pair_t0c2_slothy_start.split.92_112:[0.2357s]: Found 2 solutions so far... objective (minimize cycles): currently  (Cycles ~ 22.0, IPC ~ 0.91), bound  (Cycles ~ 15.0, IPC ~ 1.33)
INFO:gt864-friso2-two-block-schedule.gt864_friso2_pair_t0c2_slothy_start.split.92_112:[0.2419s]: Found 3 solutions so far... objective (minimize cycles): currently  (Cycles ~ 20.0, IPC ~ 1.00), bound  (Cycles ~ 15.0, IPC ~ 1.33)
INFO:gt864-friso2-two-block-schedule.gt864_friso2_pair_t0c2_slothy_start.split.92_112:[0.2482s]: Found 4 solutions so far... objective (minimize cycles): currently  (Cycles ~ 19.0, IPC ~ 1.05), bound  (Cycles ~ 15.0, IPC ~ 1.33)
INFO:gt864-friso2-two-block-schedule.gt864_friso2_pair_t0c2_slothy_start.split.92_112:OPTIMAL, wall time: 0.266958 s
INFO:gt864-friso2-two-block-schedule.gt864_friso2_pair_t0c2_slothy_start.split.92_112:Booleans in result: 182
INFO:gt864-friso2-two-block-schedule.gt864_friso2_pair_t0c2_slothy_start.split.92_112.selfcheck:OK!
INFO:gt864-friso2-two-block-schedule.gt864_friso2_pair_t0c2_slothy_start.split.92_112:Minimum number of stalls: 14
INFO:gt864-friso2-two-block-schedule.gt864_friso2_pair_t0c2_slothy_start.split:[  0-  6]: ********........ (8)
INFO:gt864-friso2-two-block-schedule.gt864_friso2_pair_t0c2_slothy_start.split:[  6- 12]: ************.... (12)
INFO:gt864-friso2-two-block-schedule.gt864_friso2_pair_t0c2_slothy_start.split:[ 12- 18]: **************.. (14)
INFO:gt864-friso2-two-block-schedule.gt864_friso2_pair_t0c2_slothy_start.split:[ 18- 24]: **************.. (14)
INFO:gt864-friso2-two-block-schedule.gt864_friso2_pair_t0c2_slothy_start.split:[ 24- 30]: **************.. (14)
INFO:gt864-friso2-two-block-schedule.gt864_friso2_pair_t0c2_slothy_start.split:[ 30- 36]: ***************. (15)
INFO:gt864-friso2-two-block-schedule.gt864_friso2_pair_t0c2_slothy_start.split:[ 36- 43]: **************.. (14)
INFO:gt864-friso2-two-block-schedule.gt864_friso2_pair_t0c2_slothy_start.split:[ 43- 49]: **************.. (14)
INFO:gt864-friso2-two-block-schedule.gt864_friso2_pair_t0c2_slothy_start.split:[ 49- 55]: **************.. (14)
INFO:gt864-friso2-two-block-schedule.gt864_friso2_pair_t0c2_slothy_start.split:[ 55- 61]: ************.... (12)
INFO:gt864-friso2-two-block-schedule.gt864_friso2_pair_t0c2_slothy_start.split:[ 61- 67]: ************.... (12)
INFO:gt864-friso2-two-block-schedule.gt864_friso2_pair_t0c2_slothy_start.split:[ 67- 73]: ***********..... (11)
INFO:gt864-friso2-two-block-schedule.gt864_friso2_pair_t0c2_slothy_start.split:[ 73- 80]: *************... (13)
INFO:gt864-friso2-two-block-schedule.gt864_friso2_pair_t0c2_slothy_start.split:[ 80- 86]: *************... (13)
INFO:gt864-friso2-two-block-schedule.gt864_friso2_pair_t0c2_slothy_start.split:[ 86- 92]: ***********..... (11)
INFO:gt864-friso2-two-block-schedule.gt864_friso2_pair_t0c2_slothy_start.split:[ 92- 98]: **********...... (10)
INFO:gt864-friso2-two-block-schedule.gt864_friso2_pair_t0c2_slothy_start.split:[ 98-104]: ************.... (12)
INFO:gt864-friso2-two-block-schedule.gt864_friso2_pair_t0c2_slothy_start.split:[104-110]: *************... (13)
INFO:gt864-friso2-two-block-schedule.gt864_friso2_pair_t0c2_slothy_start.split:[110-117]: ***************. (15)
INFO:gt864-friso2-two-block-schedule.gt864_friso2_pair_t0c2_slothy_start.split:[117-123]: **************.. (14)
INFO:gt864-friso2-two-block-schedule.gt864_friso2_pair_t0c2_slothy_start.split:[123-129]: *************... (13)
INFO:gt864-friso2-two-block-schedule.gt864_friso2_pair_t0c2_slothy_start.split:[129-135]: *************... (13)
INFO:gt864-friso2-two-block-schedule.gt864_friso2_pair_t0c2_slothy_start.split:[135-141]: *************... (13)
INFO:gt864-friso2-two-block-schedule.gt864_friso2_pair_t0c2_slothy_start.split:[141-147]: **************.. (14)
INFO:gt864-friso2-two-block-schedule.gt864_friso2_pair_t0c2_slothy_start.split:[147-154]: **************.. (14)
INFO:gt864-friso2-two-block-schedule.gt864_friso2_pair_t0c2_slothy_start.split:[154-160]: **************.. (14)
INFO:gt864-friso2-two-block-schedule.gt864_friso2_pair_t0c2_slothy_start.split:[160-166]: ***************. (15)
INFO:gt864-friso2-two-block-schedule.gt864_friso2_pair_t0c2_slothy_start.split:[166-172]: ***************. (15)
INFO:gt864-friso2-two-block-schedule.gt864_friso2_pair_t0c2_slothy_start.split:[172-178]: ***************. (15)
INFO:gt864-friso2-two-block-schedule.gt864_friso2_pair_t0c2_slothy_start.split:[178-184]: ***************. (15)
INFO:gt864-friso2-two-block-schedule.gt864_friso2_pair_t0c2_slothy_start.split:[184-190]: ***************. (15)
INFO:gt864-friso2-two-block-schedule.gt864_friso2_pair_t0c2_slothy_start.split:[190-197]: **************.. (14)
INFO:gt864-friso2-two-block-schedule.gt864_friso2_pair_t0c2_slothy_start.split:[197-203]: *************... (13)
INFO:gt864-friso2-two-block-schedule.gt864_friso2_pair_t0c2_slothy_start.split:[203-209]: ************.... (12)
INFO:gt864-friso2-two-block-schedule.gt864_friso2_pair_t0c2_slothy_start.split:[209-215]: ***********..... (11)
INFO:gt864-friso2-two-block-schedule.gt864_friso2_pair_t0c2_slothy_start.split:[215-221]: ************.... (12)
INFO:gt864-friso2-two-block-schedule.gt864_friso2_pair_t0c2_slothy_start.split:[221-227]: ************.... (12)
INFO:gt864-friso2-two-block-schedule.gt864_friso2_pair_t0c2_slothy_start.split:[227-234]: *************... (13)
INFO:gt864-friso2-two-block-schedule.gt864_friso2_pair_t0c2_slothy_start.split:[234-240]: *************... (13)
INFO:gt864-friso2-two-block-schedule.gt864_friso2_pair_t0c2_slothy_start.split:[240-246]: *************... (13)
INFO:gt864-friso2-two-block-schedule.gt864_friso2_pair_t0c2_slothy_start.split:[246-252]: *************... (13)
INFO:gt864-friso2-two-block-schedule.gt864_friso2_pair_t0c2_slothy_start.split:[252-258]: *************... (13)
INFO:gt864-friso2-two-block-schedule.gt864_friso2_pair_t0c2_slothy_start.split:[258-264]: *************... (13)
INFO:gt864-friso2-two-block-schedule.gt864_friso2_pair_t0c2_slothy_start.split:[264-271]: *************... (13)
INFO:gt864-friso2-two-block-schedule.gt864_friso2_pair_t0c2_slothy_start.split:[271-277]: *************... (13)
INFO:gt864-friso2-two-block-schedule.gt864_friso2_pair_t0c2_slothy_start.split:[277-283]: *************... (13)
INFO:gt864-friso2-two-block-schedule.gt864_friso2_pair_t0c2_slothy_start.split:[283-289]: *************... (13)
INFO:gt864-friso2-two-block-schedule.gt864_friso2_pair_t0c2_slothy_start.split:[289-295]: *************... (13)
INFO:gt864-friso2-two-block-schedule.gt864_friso2_pair_t0c2_slothy_start.split:[295-301]: *************... (13)
INFO:gt864-friso2-two-block-schedule.gt864_friso2_pair_t0c2_slothy_start.split:[301-308]: **********...... (10)
INFO:gt864-friso2-two-block-schedule.gt864_friso2_pair_t0c2_slothy_start.split.108_127:Perform internal binary search for minimal number of stalls...
INFO:gt864-friso2-two-block-schedule.gt864_friso2_pair_t0c2_slothy_start.split.108_127:Attempt optimization with max 256 stalls...
INFO:gt864-friso2-two-block-schedule.gt864_friso2_pair_t0c2_slothy_start.split.108_127:Setting timeout of 1800 seconds...
INFO:gt864-friso2-two-block-schedule.gt864_friso2_pair_t0c2_slothy_start.split.108_127:Objective: minimize cycles
INFO:gt864-friso2-two-block-schedule.gt864_friso2_pair_t0c2_slothy_start.split.108_127:Invoking external constraint solver (OR-Tools CP-SAT v9.15.6755) ...
INFO:gt864-friso2-two-block-schedule.gt864_friso2_pair_t0c2_slothy_start.split.108_127:[0.1469s]: Found 1 solutions so far... objective (minimize cycles): currently  (Cycles ~ 41.0, IPC ~ 0.46), bound  (Cycles ~ 18.0, IPC ~ 1.06)
INFO:gt864-friso2-two-block-schedule.gt864_friso2_pair_t0c2_slothy_start.split.108_127:[0.1560s]: Found 2 solutions so far... objective (minimize cycles): currently  (Cycles ~ 30.0, IPC ~ 0.63), bound  (Cycles ~ 20.0, IPC ~ 0.95)
INFO:gt864-friso2-two-block-schedule.gt864_friso2_pair_t0c2_slothy_start.split.108_127:[0.1615s]: Found 3 solutions so far... objective (minimize cycles): currently  (Cycles ~ 29.0, IPC ~ 0.66), bound  (Cycles ~ 20.0, IPC ~ 0.95)
INFO:gt864-friso2-two-block-schedule.gt864_friso2_pair_t0c2_slothy_start.split.108_127:[0.1670s]: Found 4 solutions so far... objective (minimize cycles): currently  (Cycles ~ 28.0, IPC ~ 0.68), bound  (Cycles ~ 20.0, IPC ~ 0.95)
INFO:gt864-friso2-two-block-schedule.gt864_friso2_pair_t0c2_slothy_start.split.108_127:[0.1724s]: Found 5 solutions so far... objective (minimize cycles): currently  (Cycles ~ 27.0, IPC ~ 0.70), bound  (Cycles ~ 20.0, IPC ~ 0.95)
INFO:gt864-friso2-two-block-schedule.gt864_friso2_pair_t0c2_slothy_start.split.108_127:[0.1733s]: Found 6 solutions so far... objective (minimize cycles): currently  (Cycles ~ 26.0, IPC ~ 0.73), bound  (Cycles ~ 20.0, IPC ~ 0.95)
INFO:gt864-friso2-two-block-schedule.gt864_friso2_pair_t0c2_slothy_start.split.108_127:[0.1765s]: Found 7 solutions so far... objective (minimize cycles): currently  (Cycles ~ 25.0, IPC ~ 0.76), bound  (Cycles ~ 20.0, IPC ~ 0.95)
INFO:gt864-friso2-two-block-schedule.gt864_friso2_pair_t0c2_slothy_start.split.108_127:[0.1798s]: Found 8 solutions so far... objective (minimize cycles): currently  (Cycles ~ 24.0, IPC ~ 0.79), bound  (Cycles ~ 20.0, IPC ~ 0.95)
INFO:gt864-friso2-two-block-schedule.gt864_friso2_pair_t0c2_slothy_start.split.108_127:[0.1825s]: Found 9 solutions so far... objective (minimize cycles): currently  (Cycles ~ 23.0, IPC ~ 0.83), bound  (Cycles ~ 20.0, IPC ~ 0.95)
INFO:gt864-friso2-two-block-schedule.gt864_friso2_pair_t0c2_slothy_start.split.108_127:[0.1854s]: Found 10 solutions so far... objective (minimize cycles): currently  (Cycles ~ 22.0, IPC ~ 0.86), bound  (Cycles ~ 20.0, IPC ~ 0.95)
INFO:gt864-friso2-two-block-schedule.gt864_friso2_pair_t0c2_slothy_start.split.108_127:[0.1865s]: Found 11 solutions so far... objective (minimize cycles): currently  (Cycles ~ 21.0, IPC ~ 0.90), bound  (Cycles ~ 20.0, IPC ~ 0.95)
INFO:gt864-friso2-two-block-schedule.gt864_friso2_pair_t0c2_slothy_start.split.108_127:OPTIMAL, wall time: 0.200215 s
INFO:gt864-friso2-two-block-schedule.gt864_friso2_pair_t0c2_slothy_start.split.108_127:Booleans in result: 162
INFO:gt864-friso2-two-block-schedule.gt864_friso2_pair_t0c2_slothy_start.split.108_127.selfcheck:OK!
INFO:gt864-friso2-two-block-schedule.gt864_friso2_pair_t0c2_slothy_start.split.108_127:Minimum number of stalls: 16
INFO:gt864-friso2-two-block-schedule.gt864_friso2_pair_t0c2_slothy_start.split:[  0-  6]: ********........ (8)
INFO:gt864-friso2-two-block-schedule.gt864_friso2_pair_t0c2_slothy_start.split:[  6- 12]: ************.... (12)
INFO:gt864-friso2-two-block-schedule.gt864_friso2_pair_t0c2_slothy_start.split:[ 12- 18]: **************.. (14)
INFO:gt864-friso2-two-block-schedule.gt864_friso2_pair_t0c2_slothy_start.split:[ 18- 24]: **************.. (14)
INFO:gt864-friso2-two-block-schedule.gt864_friso2_pair_t0c2_slothy_start.split:[ 24- 30]: **************.. (14)
INFO:gt864-friso2-two-block-schedule.gt864_friso2_pair_t0c2_slothy_start.split:[ 30- 36]: ***************. (15)
INFO:gt864-friso2-two-block-schedule.gt864_friso2_pair_t0c2_slothy_start.split:[ 36- 43]: **************.. (14)
INFO:gt864-friso2-two-block-schedule.gt864_friso2_pair_t0c2_slothy_start.split:[ 43- 49]: **************.. (14)
INFO:gt864-friso2-two-block-schedule.gt864_friso2_pair_t0c2_slothy_start.split:[ 49- 55]: **************.. (14)
INFO:gt864-friso2-two-block-schedule.gt864_friso2_pair_t0c2_slothy_start.split:[ 55- 61]: ************.... (12)
INFO:gt864-friso2-two-block-schedule.gt864_friso2_pair_t0c2_slothy_start.split:[ 61- 67]: ************.... (12)
INFO:gt864-friso2-two-block-schedule.gt864_friso2_pair_t0c2_slothy_start.split:[ 67- 73]: ***********..... (11)
INFO:gt864-friso2-two-block-schedule.gt864_friso2_pair_t0c2_slothy_start.split:[ 73- 80]: *************... (13)
INFO:gt864-friso2-two-block-schedule.gt864_friso2_pair_t0c2_slothy_start.split:[ 80- 86]: *************... (13)
INFO:gt864-friso2-two-block-schedule.gt864_friso2_pair_t0c2_slothy_start.split:[ 86- 92]: ***********..... (11)
INFO:gt864-friso2-two-block-schedule.gt864_friso2_pair_t0c2_slothy_start.split:[ 92- 98]: **********...... (10)
INFO:gt864-friso2-two-block-schedule.gt864_friso2_pair_t0c2_slothy_start.split:[ 98-104]: ***********..... (11)
INFO:gt864-friso2-two-block-schedule.gt864_friso2_pair_t0c2_slothy_start.split:[104-110]: ************.... (12)
INFO:gt864-friso2-two-block-schedule.gt864_friso2_pair_t0c2_slothy_start.split:[110-117]: *************... (13)
INFO:gt864-friso2-two-block-schedule.gt864_friso2_pair_t0c2_slothy_start.split:[117-123]: *************... (13)
INFO:gt864-friso2-two-block-schedule.gt864_friso2_pair_t0c2_slothy_start.split:[123-129]: **************.. (14)
INFO:gt864-friso2-two-block-schedule.gt864_friso2_pair_t0c2_slothy_start.split:[129-135]: **************.. (14)
INFO:gt864-friso2-two-block-schedule.gt864_friso2_pair_t0c2_slothy_start.split:[135-141]: *************... (13)
INFO:gt864-friso2-two-block-schedule.gt864_friso2_pair_t0c2_slothy_start.split:[141-147]: **************.. (14)
INFO:gt864-friso2-two-block-schedule.gt864_friso2_pair_t0c2_slothy_start.split:[147-154]: **************.. (14)
INFO:gt864-friso2-two-block-schedule.gt864_friso2_pair_t0c2_slothy_start.split:[154-160]: **************.. (14)
INFO:gt864-friso2-two-block-schedule.gt864_friso2_pair_t0c2_slothy_start.split:[160-166]: ***************. (15)
INFO:gt864-friso2-two-block-schedule.gt864_friso2_pair_t0c2_slothy_start.split:[166-172]: ***************. (15)
INFO:gt864-friso2-two-block-schedule.gt864_friso2_pair_t0c2_slothy_start.split:[172-178]: ***************. (15)
INFO:gt864-friso2-two-block-schedule.gt864_friso2_pair_t0c2_slothy_start.split:[178-184]: ***************. (15)
INFO:gt864-friso2-two-block-schedule.gt864_friso2_pair_t0c2_slothy_start.split:[184-190]: ***************. (15)
INFO:gt864-friso2-two-block-schedule.gt864_friso2_pair_t0c2_slothy_start.split:[190-197]: **************.. (14)
INFO:gt864-friso2-two-block-schedule.gt864_friso2_pair_t0c2_slothy_start.split:[197-203]: *************... (13)
INFO:gt864-friso2-two-block-schedule.gt864_friso2_pair_t0c2_slothy_start.split:[203-209]: ************.... (12)
INFO:gt864-friso2-two-block-schedule.gt864_friso2_pair_t0c2_slothy_start.split:[209-215]: ***********..... (11)
INFO:gt864-friso2-two-block-schedule.gt864_friso2_pair_t0c2_slothy_start.split:[215-221]: ************.... (12)
INFO:gt864-friso2-two-block-schedule.gt864_friso2_pair_t0c2_slothy_start.split:[221-227]: ************.... (12)
INFO:gt864-friso2-two-block-schedule.gt864_friso2_pair_t0c2_slothy_start.split:[227-234]: *************... (13)
INFO:gt864-friso2-two-block-schedule.gt864_friso2_pair_t0c2_slothy_start.split:[234-240]: *************... (13)
INFO:gt864-friso2-two-block-schedule.gt864_friso2_pair_t0c2_slothy_start.split:[240-246]: *************... (13)
INFO:gt864-friso2-two-block-schedule.gt864_friso2_pair_t0c2_slothy_start.split:[246-252]: *************... (13)
INFO:gt864-friso2-two-block-schedule.gt864_friso2_pair_t0c2_slothy_start.split:[252-258]: *************... (13)
INFO:gt864-friso2-two-block-schedule.gt864_friso2_pair_t0c2_slothy_start.split:[258-264]: *************... (13)
INFO:gt864-friso2-two-block-schedule.gt864_friso2_pair_t0c2_slothy_start.split:[264-271]: *************... (13)
INFO:gt864-friso2-two-block-schedule.gt864_friso2_pair_t0c2_slothy_start.split:[271-277]: *************... (13)
INFO:gt864-friso2-two-block-schedule.gt864_friso2_pair_t0c2_slothy_start.split:[277-283]: *************... (13)
INFO:gt864-friso2-two-block-schedule.gt864_friso2_pair_t0c2_slothy_start.split:[283-289]: *************... (13)
INFO:gt864-friso2-two-block-schedule.gt864_friso2_pair_t0c2_slothy_start.split:[289-295]: *************... (13)
INFO:gt864-friso2-two-block-schedule.gt864_friso2_pair_t0c2_slothy_start.split:[295-301]: *************... (13)
INFO:gt864-friso2-two-block-schedule.gt864_friso2_pair_t0c2_slothy_start.split:[301-308]: **********...... (10)
INFO:gt864-friso2-two-block-schedule.gt864_friso2_pair_t0c2_slothy_start.split.123_142:Perform internal binary search for minimal number of stalls...
INFO:gt864-friso2-two-block-schedule.gt864_friso2_pair_t0c2_slothy_start.split.123_142:Attempt optimization with max 256 stalls...
INFO:gt864-friso2-two-block-schedule.gt864_friso2_pair_t0c2_slothy_start.split.123_142:Setting timeout of 1800 seconds...
INFO:gt864-friso2-two-block-schedule.gt864_friso2_pair_t0c2_slothy_start.split.123_142:Objective: minimize cycles
INFO:gt864-friso2-two-block-schedule.gt864_friso2_pair_t0c2_slothy_start.split.123_142:Invoking external constraint solver (OR-Tools CP-SAT v9.15.6755) ...
INFO:gt864-friso2-two-block-schedule.gt864_friso2_pair_t0c2_slothy_start.split.123_142:[0.1691s]: Found 1 solutions so far... objective (minimize cycles): currently  (Cycles ~ 44.0, IPC ~ 0.43), bound  (Cycles ~ 15.0, IPC ~ 1.27)
INFO:gt864-friso2-two-block-schedule.gt864_friso2_pair_t0c2_slothy_start.split.123_142:[0.1774s]: Found 2 solutions so far... objective (minimize cycles): currently  (Cycles ~ 31.0, IPC ~ 0.61), bound  (Cycles ~ 15.0, IPC ~ 1.27)
INFO:gt864-friso2-two-block-schedule.gt864_friso2_pair_t0c2_slothy_start.split.123_142:[0.1827s]: Found 3 solutions so far... objective (minimize cycles): currently  (Cycles ~ 29.0, IPC ~ 0.66), bound  (Cycles ~ 15.0, IPC ~ 1.27)
INFO:gt864-friso2-two-block-schedule.gt864_friso2_pair_t0c2_slothy_start.split.123_142:[0.1853s]: Found 4 solutions so far... objective (minimize cycles): currently  (Cycles ~ 28.0, IPC ~ 0.68), bound  (Cycles ~ 15.0, IPC ~ 1.27)
INFO:gt864-friso2-two-block-schedule.gt864_friso2_pair_t0c2_slothy_start.split.123_142:[0.1899s]: Found 5 solutions so far... objective (minimize cycles): currently  (Cycles ~ 27.0, IPC ~ 0.70), bound  (Cycles ~ 15.0, IPC ~ 1.27)
INFO:gt864-friso2-two-block-schedule.gt864_friso2_pair_t0c2_slothy_start.split.123_142:[0.1951s]: Found 6 solutions so far... objective (minimize cycles): currently  (Cycles ~ 26.0, IPC ~ 0.73), bound  (Cycles ~ 15.0, IPC ~ 1.27)
INFO:gt864-friso2-two-block-schedule.gt864_friso2_pair_t0c2_slothy_start.split.123_142:[0.2003s]: Found 7 solutions so far... objective (minimize cycles): currently  (Cycles ~ 25.0, IPC ~ 0.76), bound  (Cycles ~ 15.0, IPC ~ 1.27)
INFO:gt864-friso2-two-block-schedule.gt864_friso2_pair_t0c2_slothy_start.split.123_142:[0.2114s]: Found 8 solutions so far... objective (minimize cycles): currently  (Cycles ~ 24.0, IPC ~ 0.79), bound  (Cycles ~ 16.0, IPC ~ 1.19)
INFO:gt864-friso2-two-block-schedule.gt864_friso2_pair_t0c2_slothy_start.split.123_142:[0.2173s]: Found 9 solutions so far... objective (minimize cycles): currently  (Cycles ~ 23.0, IPC ~ 0.83), bound  (Cycles ~ 16.0, IPC ~ 1.19)
INFO:gt864-friso2-two-block-schedule.gt864_friso2_pair_t0c2_slothy_start.split.123_142:OPTIMAL, wall time: 0.226857 s
INFO:gt864-friso2-two-block-schedule.gt864_friso2_pair_t0c2_slothy_start.split.123_142:Booleans in result: 141
INFO:gt864-friso2-two-block-schedule.gt864_friso2_pair_t0c2_slothy_start.split.123_142.selfcheck:OK!
INFO:gt864-friso2-two-block-schedule.gt864_friso2_pair_t0c2_slothy_start.split.123_142:Minimum number of stalls: 18
INFO:gt864-friso2-two-block-schedule.gt864_friso2_pair_t0c2_slothy_start.split:[  0-  6]: ********......... (8)
INFO:gt864-friso2-two-block-schedule.gt864_friso2_pair_t0c2_slothy_start.split:[  6- 12]: ************..... (12)
INFO:gt864-friso2-two-block-schedule.gt864_friso2_pair_t0c2_slothy_start.split:[ 12- 18]: **************... (14)
INFO:gt864-friso2-two-block-schedule.gt864_friso2_pair_t0c2_slothy_start.split:[ 18- 24]: **************... (14)
INFO:gt864-friso2-two-block-schedule.gt864_friso2_pair_t0c2_slothy_start.split:[ 24- 30]: **************... (14)
INFO:gt864-friso2-two-block-schedule.gt864_friso2_pair_t0c2_slothy_start.split:[ 30- 36]: ***************.. (15)
INFO:gt864-friso2-two-block-schedule.gt864_friso2_pair_t0c2_slothy_start.split:[ 36- 43]: **************... (14)
INFO:gt864-friso2-two-block-schedule.gt864_friso2_pair_t0c2_slothy_start.split:[ 43- 49]: **************... (14)
INFO:gt864-friso2-two-block-schedule.gt864_friso2_pair_t0c2_slothy_start.split:[ 49- 55]: **************... (14)
INFO:gt864-friso2-two-block-schedule.gt864_friso2_pair_t0c2_slothy_start.split:[ 55- 61]: ************..... (12)
INFO:gt864-friso2-two-block-schedule.gt864_friso2_pair_t0c2_slothy_start.split:[ 61- 67]: ************..... (12)
INFO:gt864-friso2-two-block-schedule.gt864_friso2_pair_t0c2_slothy_start.split:[ 67- 73]: ***********...... (11)
INFO:gt864-friso2-two-block-schedule.gt864_friso2_pair_t0c2_slothy_start.split:[ 73- 80]: *************.... (13)
INFO:gt864-friso2-two-block-schedule.gt864_friso2_pair_t0c2_slothy_start.split:[ 80- 86]: *************.... (13)
INFO:gt864-friso2-two-block-schedule.gt864_friso2_pair_t0c2_slothy_start.split:[ 86- 92]: ***********...... (11)
INFO:gt864-friso2-two-block-schedule.gt864_friso2_pair_t0c2_slothy_start.split:[ 92- 98]: **********....... (10)
INFO:gt864-friso2-two-block-schedule.gt864_friso2_pair_t0c2_slothy_start.split:[ 98-104]: ***********...... (11)
INFO:gt864-friso2-two-block-schedule.gt864_friso2_pair_t0c2_slothy_start.split:[104-110]: ************..... (12)
INFO:gt864-friso2-two-block-schedule.gt864_friso2_pair_t0c2_slothy_start.split:[110-117]: ************..... (12)
INFO:gt864-friso2-two-block-schedule.gt864_friso2_pair_t0c2_slothy_start.split:[117-123]: ************..... (12)
INFO:gt864-friso2-two-block-schedule.gt864_friso2_pair_t0c2_slothy_start.split:[123-129]: ************..... (12)
INFO:gt864-friso2-two-block-schedule.gt864_friso2_pair_t0c2_slothy_start.split:[129-135]: ***************.. (15)
INFO:gt864-friso2-two-block-schedule.gt864_friso2_pair_t0c2_slothy_start.split:[135-141]: ****************. (16)
INFO:gt864-friso2-two-block-schedule.gt864_friso2_pair_t0c2_slothy_start.split:[141-147]: ****************. (16)
INFO:gt864-friso2-two-block-schedule.gt864_friso2_pair_t0c2_slothy_start.split:[147-154]: ***************.. (15)
INFO:gt864-friso2-two-block-schedule.gt864_friso2_pair_t0c2_slothy_start.split:[154-160]: **************... (14)
INFO:gt864-friso2-two-block-schedule.gt864_friso2_pair_t0c2_slothy_start.split:[160-166]: ***************.. (15)
INFO:gt864-friso2-two-block-schedule.gt864_friso2_pair_t0c2_slothy_start.split:[166-172]: ***************.. (15)
INFO:gt864-friso2-two-block-schedule.gt864_friso2_pair_t0c2_slothy_start.split:[172-178]: ***************.. (15)
INFO:gt864-friso2-two-block-schedule.gt864_friso2_pair_t0c2_slothy_start.split:[178-184]: ***************.. (15)
INFO:gt864-friso2-two-block-schedule.gt864_friso2_pair_t0c2_slothy_start.split:[184-190]: ***************.. (15)
INFO:gt864-friso2-two-block-schedule.gt864_friso2_pair_t0c2_slothy_start.split:[190-197]: **************... (14)
INFO:gt864-friso2-two-block-schedule.gt864_friso2_pair_t0c2_slothy_start.split:[197-203]: *************.... (13)
INFO:gt864-friso2-two-block-schedule.gt864_friso2_pair_t0c2_slothy_start.split:[203-209]: ************..... (12)
INFO:gt864-friso2-two-block-schedule.gt864_friso2_pair_t0c2_slothy_start.split:[209-215]: ***********...... (11)
INFO:gt864-friso2-two-block-schedule.gt864_friso2_pair_t0c2_slothy_start.split:[215-221]: ************..... (12)
INFO:gt864-friso2-two-block-schedule.gt864_friso2_pair_t0c2_slothy_start.split:[221-227]: ************..... (12)
INFO:gt864-friso2-two-block-schedule.gt864_friso2_pair_t0c2_slothy_start.split:[227-234]: *************.... (13)
INFO:gt864-friso2-two-block-schedule.gt864_friso2_pair_t0c2_slothy_start.split:[234-240]: *************.... (13)
INFO:gt864-friso2-two-block-schedule.gt864_friso2_pair_t0c2_slothy_start.split:[240-246]: *************.... (13)
INFO:gt864-friso2-two-block-schedule.gt864_friso2_pair_t0c2_slothy_start.split:[246-252]: *************.... (13)
INFO:gt864-friso2-two-block-schedule.gt864_friso2_pair_t0c2_slothy_start.split:[252-258]: *************.... (13)
INFO:gt864-friso2-two-block-schedule.gt864_friso2_pair_t0c2_slothy_start.split:[258-264]: *************.... (13)
INFO:gt864-friso2-two-block-schedule.gt864_friso2_pair_t0c2_slothy_start.split:[264-271]: *************.... (13)
INFO:gt864-friso2-two-block-schedule.gt864_friso2_pair_t0c2_slothy_start.split:[271-277]: *************.... (13)
INFO:gt864-friso2-two-block-schedule.gt864_friso2_pair_t0c2_slothy_start.split:[277-283]: *************.... (13)
INFO:gt864-friso2-two-block-schedule.gt864_friso2_pair_t0c2_slothy_start.split:[283-289]: *************.... (13)
INFO:gt864-friso2-two-block-schedule.gt864_friso2_pair_t0c2_slothy_start.split:[289-295]: *************.... (13)
INFO:gt864-friso2-two-block-schedule.gt864_friso2_pair_t0c2_slothy_start.split:[295-301]: *************.... (13)
INFO:gt864-friso2-two-block-schedule.gt864_friso2_pair_t0c2_slothy_start.split:[301-308]: **********....... (10)
INFO:gt864-friso2-two-block-schedule.gt864_friso2_pair_t0c2_slothy_start.split.139_158:Perform internal binary search for minimal number of stalls...
INFO:gt864-friso2-two-block-schedule.gt864_friso2_pair_t0c2_slothy_start.split.139_158:Attempt optimization with max 256 stalls...
INFO:gt864-friso2-two-block-schedule.gt864_friso2_pair_t0c2_slothy_start.split.139_158:Setting timeout of 1800 seconds...
INFO:gt864-friso2-two-block-schedule.gt864_friso2_pair_t0c2_slothy_start.split.139_158:Objective: minimize cycles
INFO:gt864-friso2-two-block-schedule.gt864_friso2_pair_t0c2_slothy_start.split.139_158:Invoking external constraint solver (OR-Tools CP-SAT v9.15.6755) ...
INFO:gt864-friso2-two-block-schedule.gt864_friso2_pair_t0c2_slothy_start.split.139_158:[0.2555s]: Found 1 solutions so far... objective (minimize cycles): currently  (Cycles ~ 20.0, IPC ~ 0.95), bound  (Cycles ~ 11.0, IPC ~ 1.73)
INFO:gt864-friso2-two-block-schedule.gt864_friso2_pair_t0c2_slothy_start.split.139_158:[0.2760s]: Found 2 solutions so far... objective (minimize cycles): currently  (Cycles ~ 19.0, IPC ~ 1.00), bound  (Cycles ~ 19.0, IPC ~ 1.00)
INFO:gt864-friso2-two-block-schedule.gt864_friso2_pair_t0c2_slothy_start.split.139_158:Closer than 0 stalls to theoretical optimum... stop
INFO:gt864-friso2-two-block-schedule.gt864_friso2_pair_t0c2_slothy_start.split.139_158:OPTIMAL, wall time: 0.289122 s
INFO:gt864-friso2-two-block-schedule.gt864_friso2_pair_t0c2_slothy_start.split.139_158:Booleans in result: 164
INFO:gt864-friso2-two-block-schedule.gt864_friso2_pair_t0c2_slothy_start.split.139_158.selfcheck:OK!
INFO:gt864-friso2-two-block-schedule.gt864_friso2_pair_t0c2_slothy_start.split.139_158:Minimum number of stalls: 14
INFO:gt864-friso2-two-block-schedule.gt864_friso2_pair_t0c2_slothy_start.split:[  0-  6]: ********........ (8)
INFO:gt864-friso2-two-block-schedule.gt864_friso2_pair_t0c2_slothy_start.split:[  6- 12]: ************.... (12)
INFO:gt864-friso2-two-block-schedule.gt864_friso2_pair_t0c2_slothy_start.split:[ 12- 18]: **************.. (14)
INFO:gt864-friso2-two-block-schedule.gt864_friso2_pair_t0c2_slothy_start.split:[ 18- 24]: **************.. (14)
INFO:gt864-friso2-two-block-schedule.gt864_friso2_pair_t0c2_slothy_start.split:[ 24- 30]: **************.. (14)
INFO:gt864-friso2-two-block-schedule.gt864_friso2_pair_t0c2_slothy_start.split:[ 30- 36]: ***************. (15)
INFO:gt864-friso2-two-block-schedule.gt864_friso2_pair_t0c2_slothy_start.split:[ 36- 43]: **************.. (14)
INFO:gt864-friso2-two-block-schedule.gt864_friso2_pair_t0c2_slothy_start.split:[ 43- 49]: **************.. (14)
INFO:gt864-friso2-two-block-schedule.gt864_friso2_pair_t0c2_slothy_start.split:[ 49- 55]: **************.. (14)
INFO:gt864-friso2-two-block-schedule.gt864_friso2_pair_t0c2_slothy_start.split:[ 55- 61]: ************.... (12)
INFO:gt864-friso2-two-block-schedule.gt864_friso2_pair_t0c2_slothy_start.split:[ 61- 67]: ************.... (12)
INFO:gt864-friso2-two-block-schedule.gt864_friso2_pair_t0c2_slothy_start.split:[ 67- 73]: ***********..... (11)
INFO:gt864-friso2-two-block-schedule.gt864_friso2_pair_t0c2_slothy_start.split:[ 73- 80]: *************... (13)
INFO:gt864-friso2-two-block-schedule.gt864_friso2_pair_t0c2_slothy_start.split:[ 80- 86]: *************... (13)
INFO:gt864-friso2-two-block-schedule.gt864_friso2_pair_t0c2_slothy_start.split:[ 86- 92]: ***********..... (11)
INFO:gt864-friso2-two-block-schedule.gt864_friso2_pair_t0c2_slothy_start.split:[ 92- 98]: **********...... (10)
INFO:gt864-friso2-two-block-schedule.gt864_friso2_pair_t0c2_slothy_start.split:[ 98-104]: ***********..... (11)
INFO:gt864-friso2-two-block-schedule.gt864_friso2_pair_t0c2_slothy_start.split:[104-110]: ************.... (12)
INFO:gt864-friso2-two-block-schedule.gt864_friso2_pair_t0c2_slothy_start.split:[110-117]: ************.... (12)
INFO:gt864-friso2-two-block-schedule.gt864_friso2_pair_t0c2_slothy_start.split:[117-123]: ************.... (12)
INFO:gt864-friso2-two-block-schedule.gt864_friso2_pair_t0c2_slothy_start.split:[123-129]: ************.... (12)
INFO:gt864-friso2-two-block-schedule.gt864_friso2_pair_t0c2_slothy_start.split:[129-135]: *************... (13)
INFO:gt864-friso2-two-block-schedule.gt864_friso2_pair_t0c2_slothy_start.split:[135-141]: *************... (13)
INFO:gt864-friso2-two-block-schedule.gt864_friso2_pair_t0c2_slothy_start.split:[141-147]: *************... (13)
INFO:gt864-friso2-two-block-schedule.gt864_friso2_pair_t0c2_slothy_start.split:[147-154]: *************... (13)
INFO:gt864-friso2-two-block-schedule.gt864_friso2_pair_t0c2_slothy_start.split:[154-160]: ***************. (15)
INFO:gt864-friso2-two-block-schedule.gt864_friso2_pair_t0c2_slothy_start.split:[160-166]: ***************. (15)
INFO:gt864-friso2-two-block-schedule.gt864_friso2_pair_t0c2_slothy_start.split:[166-172]: ***************. (15)
INFO:gt864-friso2-two-block-schedule.gt864_friso2_pair_t0c2_slothy_start.split:[172-178]: ***************. (15)
INFO:gt864-friso2-two-block-schedule.gt864_friso2_pair_t0c2_slothy_start.split:[178-184]: ***************. (15)
INFO:gt864-friso2-two-block-schedule.gt864_friso2_pair_t0c2_slothy_start.split:[184-190]: ***************. (15)
INFO:gt864-friso2-two-block-schedule.gt864_friso2_pair_t0c2_slothy_start.split:[190-197]: **************.. (14)
INFO:gt864-friso2-two-block-schedule.gt864_friso2_pair_t0c2_slothy_start.split:[197-203]: *************... (13)
INFO:gt864-friso2-two-block-schedule.gt864_friso2_pair_t0c2_slothy_start.split:[203-209]: ************.... (12)
INFO:gt864-friso2-two-block-schedule.gt864_friso2_pair_t0c2_slothy_start.split:[209-215]: ***********..... (11)
INFO:gt864-friso2-two-block-schedule.gt864_friso2_pair_t0c2_slothy_start.split:[215-221]: ************.... (12)
INFO:gt864-friso2-two-block-schedule.gt864_friso2_pair_t0c2_slothy_start.split:[221-227]: ************.... (12)
INFO:gt864-friso2-two-block-schedule.gt864_friso2_pair_t0c2_slothy_start.split:[227-234]: *************... (13)
INFO:gt864-friso2-two-block-schedule.gt864_friso2_pair_t0c2_slothy_start.split:[234-240]: *************... (13)
INFO:gt864-friso2-two-block-schedule.gt864_friso2_pair_t0c2_slothy_start.split:[240-246]: *************... (13)
INFO:gt864-friso2-two-block-schedule.gt864_friso2_pair_t0c2_slothy_start.split:[246-252]: *************... (13)
INFO:gt864-friso2-two-block-schedule.gt864_friso2_pair_t0c2_slothy_start.split:[252-258]: *************... (13)
INFO:gt864-friso2-two-block-schedule.gt864_friso2_pair_t0c2_slothy_start.split:[258-264]: *************... (13)
INFO:gt864-friso2-two-block-schedule.gt864_friso2_pair_t0c2_slothy_start.split:[264-271]: *************... (13)
INFO:gt864-friso2-two-block-schedule.gt864_friso2_pair_t0c2_slothy_start.split:[271-277]: *************... (13)
INFO:gt864-friso2-two-block-schedule.gt864_friso2_pair_t0c2_slothy_start.split:[277-283]: *************... (13)
INFO:gt864-friso2-two-block-schedule.gt864_friso2_pair_t0c2_slothy_start.split:[283-289]: *************... (13)
INFO:gt864-friso2-two-block-schedule.gt864_friso2_pair_t0c2_slothy_start.split:[289-295]: *************... (13)
INFO:gt864-friso2-two-block-schedule.gt864_friso2_pair_t0c2_slothy_start.split:[295-301]: *************... (13)
INFO:gt864-friso2-two-block-schedule.gt864_friso2_pair_t0c2_slothy_start.split:[301-308]: **********...... (10)
INFO:gt864-friso2-two-block-schedule.gt864_friso2_pair_t0c2_slothy_start.split.154_173:Perform internal binary search for minimal number of stalls...
INFO:gt864-friso2-two-block-schedule.gt864_friso2_pair_t0c2_slothy_start.split.154_173:Attempt optimization with max 256 stalls...
INFO:gt864-friso2-two-block-schedule.gt864_friso2_pair_t0c2_slothy_start.split.154_173:Setting timeout of 1800 seconds...
INFO:gt864-friso2-two-block-schedule.gt864_friso2_pair_t0c2_slothy_start.split.154_173:Objective: minimize cycles
INFO:gt864-friso2-two-block-schedule.gt864_friso2_pair_t0c2_slothy_start.split.154_173:Invoking external constraint solver (OR-Tools CP-SAT v9.15.6755) ...
INFO:gt864-friso2-two-block-schedule.gt864_friso2_pair_t0c2_slothy_start.split.154_173:[0.1525s]: Found 1 solutions so far... objective (minimize cycles): currently  (Cycles ~ 25.0, IPC ~ 0.76), bound  (Cycles ~ 14.0, IPC ~ 1.36)
INFO:gt864-friso2-two-block-schedule.gt864_friso2_pair_t0c2_slothy_start.split.154_173:OPTIMAL, wall time: 0.172268 s
INFO:gt864-friso2-two-block-schedule.gt864_friso2_pair_t0c2_slothy_start.split.154_173:Booleans in result: 134
INFO:gt864-friso2-two-block-schedule.gt864_friso2_pair_t0c2_slothy_start.split.154_173.selfcheck:OK!
INFO:gt864-friso2-two-block-schedule.gt864_friso2_pair_t0c2_slothy_start.split.154_173:Minimum number of stalls: 20
INFO:gt864-friso2-two-block-schedule.gt864_friso2_pair_t0c2_slothy_start.split:[  0-  6]: ********......... (8)
INFO:gt864-friso2-two-block-schedule.gt864_friso2_pair_t0c2_slothy_start.split:[  6- 12]: ************..... (12)
INFO:gt864-friso2-two-block-schedule.gt864_friso2_pair_t0c2_slothy_start.split:[ 12- 18]: **************... (14)
INFO:gt864-friso2-two-block-schedule.gt864_friso2_pair_t0c2_slothy_start.split:[ 18- 24]: **************... (14)
INFO:gt864-friso2-two-block-schedule.gt864_friso2_pair_t0c2_slothy_start.split:[ 24- 30]: **************... (14)
INFO:gt864-friso2-two-block-schedule.gt864_friso2_pair_t0c2_slothy_start.split:[ 30- 36]: ***************.. (15)
INFO:gt864-friso2-two-block-schedule.gt864_friso2_pair_t0c2_slothy_start.split:[ 36- 43]: **************... (14)
INFO:gt864-friso2-two-block-schedule.gt864_friso2_pair_t0c2_slothy_start.split:[ 43- 49]: **************... (14)
INFO:gt864-friso2-two-block-schedule.gt864_friso2_pair_t0c2_slothy_start.split:[ 49- 55]: **************... (14)
INFO:gt864-friso2-two-block-schedule.gt864_friso2_pair_t0c2_slothy_start.split:[ 55- 61]: ************..... (12)
INFO:gt864-friso2-two-block-schedule.gt864_friso2_pair_t0c2_slothy_start.split:[ 61- 67]: ************..... (12)
INFO:gt864-friso2-two-block-schedule.gt864_friso2_pair_t0c2_slothy_start.split:[ 67- 73]: ***********...... (11)
INFO:gt864-friso2-two-block-schedule.gt864_friso2_pair_t0c2_slothy_start.split:[ 73- 80]: *************.... (13)
INFO:gt864-friso2-two-block-schedule.gt864_friso2_pair_t0c2_slothy_start.split:[ 80- 86]: *************.... (13)
INFO:gt864-friso2-two-block-schedule.gt864_friso2_pair_t0c2_slothy_start.split:[ 86- 92]: ***********...... (11)
INFO:gt864-friso2-two-block-schedule.gt864_friso2_pair_t0c2_slothy_start.split:[ 92- 98]: **********....... (10)
INFO:gt864-friso2-two-block-schedule.gt864_friso2_pair_t0c2_slothy_start.split:[ 98-104]: ***********...... (11)
INFO:gt864-friso2-two-block-schedule.gt864_friso2_pair_t0c2_slothy_start.split:[104-110]: ************..... (12)
INFO:gt864-friso2-two-block-schedule.gt864_friso2_pair_t0c2_slothy_start.split:[110-117]: ************..... (12)
INFO:gt864-friso2-two-block-schedule.gt864_friso2_pair_t0c2_slothy_start.split:[117-123]: ************..... (12)
INFO:gt864-friso2-two-block-schedule.gt864_friso2_pair_t0c2_slothy_start.split:[123-129]: ************..... (12)
INFO:gt864-friso2-two-block-schedule.gt864_friso2_pair_t0c2_slothy_start.split:[129-135]: *************.... (13)
INFO:gt864-friso2-two-block-schedule.gt864_friso2_pair_t0c2_slothy_start.split:[135-141]: *************.... (13)
INFO:gt864-friso2-two-block-schedule.gt864_friso2_pair_t0c2_slothy_start.split:[141-147]: ************..... (12)
INFO:gt864-friso2-two-block-schedule.gt864_friso2_pair_t0c2_slothy_start.split:[147-154]: ***********...... (11)
INFO:gt864-friso2-two-block-schedule.gt864_friso2_pair_t0c2_slothy_start.split:[154-160]: *************.... (13)
INFO:gt864-friso2-two-block-schedule.gt864_friso2_pair_t0c2_slothy_start.split:[160-166]: ***************.. (15)
INFO:gt864-friso2-two-block-schedule.gt864_friso2_pair_t0c2_slothy_start.split:[166-172]: ****************. (16)
INFO:gt864-friso2-two-block-schedule.gt864_friso2_pair_t0c2_slothy_start.split:[172-178]: ****************. (16)
INFO:gt864-friso2-two-block-schedule.gt864_friso2_pair_t0c2_slothy_start.split:[178-184]: ***************.. (15)
INFO:gt864-friso2-two-block-schedule.gt864_friso2_pair_t0c2_slothy_start.split:[184-190]: ***************.. (15)
INFO:gt864-friso2-two-block-schedule.gt864_friso2_pair_t0c2_slothy_start.split:[190-197]: **************... (14)
INFO:gt864-friso2-two-block-schedule.gt864_friso2_pair_t0c2_slothy_start.split:[197-203]: *************.... (13)
INFO:gt864-friso2-two-block-schedule.gt864_friso2_pair_t0c2_slothy_start.split:[203-209]: ************..... (12)
INFO:gt864-friso2-two-block-schedule.gt864_friso2_pair_t0c2_slothy_start.split:[209-215]: ***********...... (11)
INFO:gt864-friso2-two-block-schedule.gt864_friso2_pair_t0c2_slothy_start.split:[215-221]: ************..... (12)
INFO:gt864-friso2-two-block-schedule.gt864_friso2_pair_t0c2_slothy_start.split:[221-227]: ************..... (12)
INFO:gt864-friso2-two-block-schedule.gt864_friso2_pair_t0c2_slothy_start.split:[227-234]: *************.... (13)
INFO:gt864-friso2-two-block-schedule.gt864_friso2_pair_t0c2_slothy_start.split:[234-240]: *************.... (13)
INFO:gt864-friso2-two-block-schedule.gt864_friso2_pair_t0c2_slothy_start.split:[240-246]: *************.... (13)
INFO:gt864-friso2-two-block-schedule.gt864_friso2_pair_t0c2_slothy_start.split:[246-252]: *************.... (13)
INFO:gt864-friso2-two-block-schedule.gt864_friso2_pair_t0c2_slothy_start.split:[252-258]: *************.... (13)
INFO:gt864-friso2-two-block-schedule.gt864_friso2_pair_t0c2_slothy_start.split:[258-264]: *************.... (13)
INFO:gt864-friso2-two-block-schedule.gt864_friso2_pair_t0c2_slothy_start.split:[264-271]: *************.... (13)
INFO:gt864-friso2-two-block-schedule.gt864_friso2_pair_t0c2_slothy_start.split:[271-277]: *************.... (13)
INFO:gt864-friso2-two-block-schedule.gt864_friso2_pair_t0c2_slothy_start.split:[277-283]: *************.... (13)
INFO:gt864-friso2-two-block-schedule.gt864_friso2_pair_t0c2_slothy_start.split:[283-289]: *************.... (13)
INFO:gt864-friso2-two-block-schedule.gt864_friso2_pair_t0c2_slothy_start.split:[289-295]: *************.... (13)
INFO:gt864-friso2-two-block-schedule.gt864_friso2_pair_t0c2_slothy_start.split:[295-301]: *************.... (13)
INFO:gt864-friso2-two-block-schedule.gt864_friso2_pair_t0c2_slothy_start.split:[301-308]: **********....... (10)
INFO:gt864-friso2-two-block-schedule.gt864_friso2_pair_t0c2_slothy_start.split.169_189:Perform internal binary search for minimal number of stalls...
INFO:gt864-friso2-two-block-schedule.gt864_friso2_pair_t0c2_slothy_start.split.169_189:Attempt optimization with max 256 stalls...
INFO:gt864-friso2-two-block-schedule.gt864_friso2_pair_t0c2_slothy_start.split.169_189:Setting timeout of 1800 seconds...
INFO:gt864-friso2-two-block-schedule.gt864_friso2_pair_t0c2_slothy_start.split.169_189:Objective: minimize cycles
INFO:gt864-friso2-two-block-schedule.gt864_friso2_pair_t0c2_slothy_start.split.169_189:Invoking external constraint solver (OR-Tools CP-SAT v9.15.6755) ...
INFO:gt864-friso2-two-block-schedule.gt864_friso2_pair_t0c2_slothy_start.split.169_189:[0.1802s]: Found 1 solutions so far... objective (minimize cycles): currently  (Cycles ~ 52.0, IPC ~ 0.38), bound  (Cycles ~ 12.0, IPC ~ 1.67)
INFO:gt864-friso2-two-block-schedule.gt864_friso2_pair_t0c2_slothy_start.split.169_189:[0.1976s]: Found 2 solutions so far... objective (minimize cycles): currently  (Cycles ~ 43.0, IPC ~ 0.47), bound  (Cycles ~ 23.0, IPC ~ 0.87)
INFO:gt864-friso2-two-block-schedule.gt864_friso2_pair_t0c2_slothy_start.split.169_189:[0.2000s]: Found 3 solutions so far... objective (minimize cycles): currently  (Cycles ~ 30.0, IPC ~ 0.67), bound  (Cycles ~ 23.0, IPC ~ 0.87)
INFO:gt864-friso2-two-block-schedule.gt864_friso2_pair_t0c2_slothy_start.split.169_189:[0.2058s]: Found 4 solutions so far... objective (minimize cycles): currently  (Cycles ~ 29.0, IPC ~ 0.69), bound  (Cycles ~ 27.0, IPC ~ 0.74)
INFO:gt864-friso2-two-block-schedule.gt864_friso2_pair_t0c2_slothy_start.split.169_189:[0.2086s]: Found 5 solutions so far... objective (minimize cycles): currently  (Cycles ~ 28.0, IPC ~ 0.71), bound  (Cycles ~ 27.0, IPC ~ 0.74)
INFO:gt864-friso2-two-block-schedule.gt864_friso2_pair_t0c2_slothy_start.split.169_189:[0.2163s]: Found 6 solutions so far... objective (minimize cycles): currently  (Cycles ~ 27.0, IPC ~ 0.74), bound  (Cycles ~ 27.0, IPC ~ 0.74)
INFO:gt864-friso2-two-block-schedule.gt864_friso2_pair_t0c2_slothy_start.split.169_189:Closer than 0 stalls to theoretical optimum... stop
INFO:gt864-friso2-two-block-schedule.gt864_friso2_pair_t0c2_slothy_start.split.169_189:OPTIMAL, wall time: 0.230253 s
INFO:gt864-friso2-two-block-schedule.gt864_friso2_pair_t0c2_slothy_start.split.169_189:Booleans in result: 164
INFO:gt864-friso2-two-block-schedule.gt864_friso2_pair_t0c2_slothy_start.split.169_189.selfcheck:OK!
INFO:gt864-friso2-two-block-schedule.gt864_friso2_pair_t0c2_slothy_start.split.169_189:Minimum number of stalls: 22
INFO:gt864-friso2-two-block-schedule.gt864_friso2_pair_t0c2_slothy_start.split:[  0-  6]: ********.......... (8)
INFO:gt864-friso2-two-block-schedule.gt864_friso2_pair_t0c2_slothy_start.split:[  6- 12]: ************...... (12)
INFO:gt864-friso2-two-block-schedule.gt864_friso2_pair_t0c2_slothy_start.split:[ 12- 18]: **************.... (14)
INFO:gt864-friso2-two-block-schedule.gt864_friso2_pair_t0c2_slothy_start.split:[ 18- 24]: **************.... (14)
INFO:gt864-friso2-two-block-schedule.gt864_friso2_pair_t0c2_slothy_start.split:[ 24- 30]: **************.... (14)
INFO:gt864-friso2-two-block-schedule.gt864_friso2_pair_t0c2_slothy_start.split:[ 30- 36]: ***************... (15)
INFO:gt864-friso2-two-block-schedule.gt864_friso2_pair_t0c2_slothy_start.split:[ 36- 43]: **************.... (14)
INFO:gt864-friso2-two-block-schedule.gt864_friso2_pair_t0c2_slothy_start.split:[ 43- 49]: **************.... (14)
INFO:gt864-friso2-two-block-schedule.gt864_friso2_pair_t0c2_slothy_start.split:[ 49- 55]: **************.... (14)
INFO:gt864-friso2-two-block-schedule.gt864_friso2_pair_t0c2_slothy_start.split:[ 55- 61]: ************...... (12)
INFO:gt864-friso2-two-block-schedule.gt864_friso2_pair_t0c2_slothy_start.split:[ 61- 67]: ************...... (12)
INFO:gt864-friso2-two-block-schedule.gt864_friso2_pair_t0c2_slothy_start.split:[ 67- 73]: ***********....... (11)
INFO:gt864-friso2-two-block-schedule.gt864_friso2_pair_t0c2_slothy_start.split:[ 73- 80]: *************..... (13)
INFO:gt864-friso2-two-block-schedule.gt864_friso2_pair_t0c2_slothy_start.split:[ 80- 86]: *************..... (13)
INFO:gt864-friso2-two-block-schedule.gt864_friso2_pair_t0c2_slothy_start.split:[ 86- 92]: ***********....... (11)
INFO:gt864-friso2-two-block-schedule.gt864_friso2_pair_t0c2_slothy_start.split:[ 92- 98]: **********........ (10)
INFO:gt864-friso2-two-block-schedule.gt864_friso2_pair_t0c2_slothy_start.split:[ 98-104]: ***********....... (11)
INFO:gt864-friso2-two-block-schedule.gt864_friso2_pair_t0c2_slothy_start.split:[104-110]: ************...... (12)
INFO:gt864-friso2-two-block-schedule.gt864_friso2_pair_t0c2_slothy_start.split:[110-117]: ************...... (12)
INFO:gt864-friso2-two-block-schedule.gt864_friso2_pair_t0c2_slothy_start.split:[117-123]: ************...... (12)
INFO:gt864-friso2-two-block-schedule.gt864_friso2_pair_t0c2_slothy_start.split:[123-129]: ************...... (12)
INFO:gt864-friso2-two-block-schedule.gt864_friso2_pair_t0c2_slothy_start.split:[129-135]: *************..... (13)
INFO:gt864-friso2-two-block-schedule.gt864_friso2_pair_t0c2_slothy_start.split:[135-141]: *************..... (13)
INFO:gt864-friso2-two-block-schedule.gt864_friso2_pair_t0c2_slothy_start.split:[141-147]: ************...... (12)
INFO:gt864-friso2-two-block-schedule.gt864_friso2_pair_t0c2_slothy_start.split:[147-154]: ***********....... (11)
INFO:gt864-friso2-two-block-schedule.gt864_friso2_pair_t0c2_slothy_start.split:[154-160]: *************..... (13)
INFO:gt864-friso2-two-block-schedule.gt864_friso2_pair_t0c2_slothy_start.split:[160-166]: *************..... (13)
INFO:gt864-friso2-two-block-schedule.gt864_friso2_pair_t0c2_slothy_start.split:[166-172]: **************.... (14)
INFO:gt864-friso2-two-block-schedule.gt864_friso2_pair_t0c2_slothy_start.split:[172-178]: ***************... (15)
INFO:gt864-friso2-two-block-schedule.gt864_friso2_pair_t0c2_slothy_start.split:[178-184]: ****************.. (16)
INFO:gt864-friso2-two-block-schedule.gt864_friso2_pair_t0c2_slothy_start.split:[184-190]: *****************. (17)
INFO:gt864-friso2-two-block-schedule.gt864_friso2_pair_t0c2_slothy_start.split:[190-197]: ****************.. (16)
INFO:gt864-friso2-two-block-schedule.gt864_friso2_pair_t0c2_slothy_start.split:[197-203]: *************..... (13)
INFO:gt864-friso2-two-block-schedule.gt864_friso2_pair_t0c2_slothy_start.split:[203-209]: ************...... (12)
INFO:gt864-friso2-two-block-schedule.gt864_friso2_pair_t0c2_slothy_start.split:[209-215]: ***********....... (11)
INFO:gt864-friso2-two-block-schedule.gt864_friso2_pair_t0c2_slothy_start.split:[215-221]: ************...... (12)
INFO:gt864-friso2-two-block-schedule.gt864_friso2_pair_t0c2_slothy_start.split:[221-227]: ************...... (12)
INFO:gt864-friso2-two-block-schedule.gt864_friso2_pair_t0c2_slothy_start.split:[227-234]: *************..... (13)
INFO:gt864-friso2-two-block-schedule.gt864_friso2_pair_t0c2_slothy_start.split:[234-240]: *************..... (13)
INFO:gt864-friso2-two-block-schedule.gt864_friso2_pair_t0c2_slothy_start.split:[240-246]: *************..... (13)
INFO:gt864-friso2-two-block-schedule.gt864_friso2_pair_t0c2_slothy_start.split:[246-252]: *************..... (13)
INFO:gt864-friso2-two-block-schedule.gt864_friso2_pair_t0c2_slothy_start.split:[252-258]: *************..... (13)
INFO:gt864-friso2-two-block-schedule.gt864_friso2_pair_t0c2_slothy_start.split:[258-264]: *************..... (13)
INFO:gt864-friso2-two-block-schedule.gt864_friso2_pair_t0c2_slothy_start.split:[264-271]: *************..... (13)
INFO:gt864-friso2-two-block-schedule.gt864_friso2_pair_t0c2_slothy_start.split:[271-277]: *************..... (13)
INFO:gt864-friso2-two-block-schedule.gt864_friso2_pair_t0c2_slothy_start.split:[277-283]: *************..... (13)
INFO:gt864-friso2-two-block-schedule.gt864_friso2_pair_t0c2_slothy_start.split:[283-289]: *************..... (13)
INFO:gt864-friso2-two-block-schedule.gt864_friso2_pair_t0c2_slothy_start.split:[289-295]: *************..... (13)
INFO:gt864-friso2-two-block-schedule.gt864_friso2_pair_t0c2_slothy_start.split:[295-301]: *************..... (13)
INFO:gt864-friso2-two-block-schedule.gt864_friso2_pair_t0c2_slothy_start.split:[301-308]: **********........ (10)
INFO:gt864-friso2-two-block-schedule.gt864_friso2_pair_t0c2_slothy_start.split.185_204:Perform internal binary search for minimal number of stalls...
INFO:gt864-friso2-two-block-schedule.gt864_friso2_pair_t0c2_slothy_start.split.185_204:Attempt optimization with max 256 stalls...
INFO:gt864-friso2-two-block-schedule.gt864_friso2_pair_t0c2_slothy_start.split.185_204:Setting timeout of 1800 seconds...
INFO:gt864-friso2-two-block-schedule.gt864_friso2_pair_t0c2_slothy_start.split.185_204:Objective: minimize cycles
INFO:gt864-friso2-two-block-schedule.gt864_friso2_pair_t0c2_slothy_start.split.185_204:Invoking external constraint solver (OR-Tools CP-SAT v9.15.6755) ...
INFO:gt864-friso2-two-block-schedule.gt864_friso2_pair_t0c2_slothy_start.split.185_204:[0.1383s]: Found 1 solutions so far... objective (minimize cycles): currently  (Cycles ~ 42.0, IPC ~ 0.45), bound  (Cycles ~ 13.0, IPC ~ 1.46)
INFO:gt864-friso2-two-block-schedule.gt864_friso2_pair_t0c2_slothy_start.split.185_204:[0.1516s]: Found 2 solutions so far... objective (minimize cycles): currently  (Cycles ~ 28.0, IPC ~ 0.68), bound  (Cycles ~ 23.0, IPC ~ 0.83)
INFO:gt864-friso2-two-block-schedule.gt864_friso2_pair_t0c2_slothy_start.split.185_204:[0.1580s]: Found 3 solutions so far... objective (minimize cycles): currently  (Cycles ~ 26.0, IPC ~ 0.73), bound  (Cycles ~ 24.0, IPC ~ 0.79)
INFO:gt864-friso2-two-block-schedule.gt864_friso2_pair_t0c2_slothy_start.split.185_204:[0.1634s]: Found 4 solutions so far... objective (minimize cycles): currently  (Cycles ~ 25.0, IPC ~ 0.76), bound  (Cycles ~ 24.0, IPC ~ 0.79)
INFO:gt864-friso2-two-block-schedule.gt864_friso2_pair_t0c2_slothy_start.split.185_204:OPTIMAL, wall time: 0.180965 s
INFO:gt864-friso2-two-block-schedule.gt864_friso2_pair_t0c2_slothy_start.split.185_204:Booleans in result: 124
INFO:gt864-friso2-two-block-schedule.gt864_friso2_pair_t0c2_slothy_start.split.185_204.selfcheck:OK!
INFO:gt864-friso2-two-block-schedule.gt864_friso2_pair_t0c2_slothy_start.split.185_204:Minimum number of stalls: 20
INFO:gt864-friso2-two-block-schedule.gt864_friso2_pair_t0c2_slothy_start.split:[  0-  6]: ********........ (8)
INFO:gt864-friso2-two-block-schedule.gt864_friso2_pair_t0c2_slothy_start.split:[  6- 12]: ************.... (12)
INFO:gt864-friso2-two-block-schedule.gt864_friso2_pair_t0c2_slothy_start.split:[ 12- 18]: **************.. (14)
INFO:gt864-friso2-two-block-schedule.gt864_friso2_pair_t0c2_slothy_start.split:[ 18- 24]: **************.. (14)
INFO:gt864-friso2-two-block-schedule.gt864_friso2_pair_t0c2_slothy_start.split:[ 24- 30]: **************.. (14)
INFO:gt864-friso2-two-block-schedule.gt864_friso2_pair_t0c2_slothy_start.split:[ 30- 36]: ***************. (15)
INFO:gt864-friso2-two-block-schedule.gt864_friso2_pair_t0c2_slothy_start.split:[ 36- 43]: **************.. (14)
INFO:gt864-friso2-two-block-schedule.gt864_friso2_pair_t0c2_slothy_start.split:[ 43- 49]: **************.. (14)
INFO:gt864-friso2-two-block-schedule.gt864_friso2_pair_t0c2_slothy_start.split:[ 49- 55]: **************.. (14)
INFO:gt864-friso2-two-block-schedule.gt864_friso2_pair_t0c2_slothy_start.split:[ 55- 61]: ************.... (12)
INFO:gt864-friso2-two-block-schedule.gt864_friso2_pair_t0c2_slothy_start.split:[ 61- 67]: ************.... (12)
INFO:gt864-friso2-two-block-schedule.gt864_friso2_pair_t0c2_slothy_start.split:[ 67- 73]: ***********..... (11)
INFO:gt864-friso2-two-block-schedule.gt864_friso2_pair_t0c2_slothy_start.split:[ 73- 80]: *************... (13)
INFO:gt864-friso2-two-block-schedule.gt864_friso2_pair_t0c2_slothy_start.split:[ 80- 86]: *************... (13)
INFO:gt864-friso2-two-block-schedule.gt864_friso2_pair_t0c2_slothy_start.split:[ 86- 92]: ***********..... (11)
INFO:gt864-friso2-two-block-schedule.gt864_friso2_pair_t0c2_slothy_start.split:[ 92- 98]: **********...... (10)
INFO:gt864-friso2-two-block-schedule.gt864_friso2_pair_t0c2_slothy_start.split:[ 98-104]: ***********..... (11)
INFO:gt864-friso2-two-block-schedule.gt864_friso2_pair_t0c2_slothy_start.split:[104-110]: ************.... (12)
INFO:gt864-friso2-two-block-schedule.gt864_friso2_pair_t0c2_slothy_start.split:[110-117]: ************.... (12)
INFO:gt864-friso2-two-block-schedule.gt864_friso2_pair_t0c2_slothy_start.split:[117-123]: ************.... (12)
INFO:gt864-friso2-two-block-schedule.gt864_friso2_pair_t0c2_slothy_start.split:[123-129]: ************.... (12)
INFO:gt864-friso2-two-block-schedule.gt864_friso2_pair_t0c2_slothy_start.split:[129-135]: *************... (13)
INFO:gt864-friso2-two-block-schedule.gt864_friso2_pair_t0c2_slothy_start.split:[135-141]: *************... (13)
INFO:gt864-friso2-two-block-schedule.gt864_friso2_pair_t0c2_slothy_start.split:[141-147]: ************.... (12)
INFO:gt864-friso2-two-block-schedule.gt864_friso2_pair_t0c2_slothy_start.split:[147-154]: ***********..... (11)
INFO:gt864-friso2-two-block-schedule.gt864_friso2_pair_t0c2_slothy_start.split:[154-160]: *************... (13)
INFO:gt864-friso2-two-block-schedule.gt864_friso2_pair_t0c2_slothy_start.split:[160-166]: *************... (13)
INFO:gt864-friso2-two-block-schedule.gt864_friso2_pair_t0c2_slothy_start.split:[166-172]: **************.. (14)
INFO:gt864-friso2-two-block-schedule.gt864_friso2_pair_t0c2_slothy_start.split:[172-178]: **************.. (14)
INFO:gt864-friso2-two-block-schedule.gt864_friso2_pair_t0c2_slothy_start.split:[178-184]: **************.. (14)
INFO:gt864-friso2-two-block-schedule.gt864_friso2_pair_t0c2_slothy_start.split:[184-190]: ***************. (15)
INFO:gt864-friso2-two-block-schedule.gt864_friso2_pair_t0c2_slothy_start.split:[190-197]: ***************. (15)
INFO:gt864-friso2-two-block-schedule.gt864_friso2_pair_t0c2_slothy_start.split:[197-203]: **************.. (14)
INFO:gt864-friso2-two-block-schedule.gt864_friso2_pair_t0c2_slothy_start.split:[203-209]: *************... (13)
INFO:gt864-friso2-two-block-schedule.gt864_friso2_pair_t0c2_slothy_start.split:[209-215]: ***********..... (11)
INFO:gt864-friso2-two-block-schedule.gt864_friso2_pair_t0c2_slothy_start.split:[215-221]: ************.... (12)
INFO:gt864-friso2-two-block-schedule.gt864_friso2_pair_t0c2_slothy_start.split:[221-227]: ************.... (12)
INFO:gt864-friso2-two-block-schedule.gt864_friso2_pair_t0c2_slothy_start.split:[227-234]: *************... (13)
INFO:gt864-friso2-two-block-schedule.gt864_friso2_pair_t0c2_slothy_start.split:[234-240]: *************... (13)
INFO:gt864-friso2-two-block-schedule.gt864_friso2_pair_t0c2_slothy_start.split:[240-246]: *************... (13)
INFO:gt864-friso2-two-block-schedule.gt864_friso2_pair_t0c2_slothy_start.split:[246-252]: *************... (13)
INFO:gt864-friso2-two-block-schedule.gt864_friso2_pair_t0c2_slothy_start.split:[252-258]: *************... (13)
INFO:gt864-friso2-two-block-schedule.gt864_friso2_pair_t0c2_slothy_start.split:[258-264]: *************... (13)
INFO:gt864-friso2-two-block-schedule.gt864_friso2_pair_t0c2_slothy_start.split:[264-271]: *************... (13)
INFO:gt864-friso2-two-block-schedule.gt864_friso2_pair_t0c2_slothy_start.split:[271-277]: *************... (13)
INFO:gt864-friso2-two-block-schedule.gt864_friso2_pair_t0c2_slothy_start.split:[277-283]: *************... (13)
INFO:gt864-friso2-two-block-schedule.gt864_friso2_pair_t0c2_slothy_start.split:[283-289]: *************... (13)
INFO:gt864-friso2-two-block-schedule.gt864_friso2_pair_t0c2_slothy_start.split:[289-295]: *************... (13)
INFO:gt864-friso2-two-block-schedule.gt864_friso2_pair_t0c2_slothy_start.split:[295-301]: *************... (13)
INFO:gt864-friso2-two-block-schedule.gt864_friso2_pair_t0c2_slothy_start.split:[301-308]: **********...... (10)
INFO:gt864-friso2-two-block-schedule.gt864_friso2_pair_t0c2_slothy_start.split.200_219:Perform internal binary search for minimal number of stalls...
INFO:gt864-friso2-two-block-schedule.gt864_friso2_pair_t0c2_slothy_start.split.200_219:Attempt optimization with max 256 stalls...
INFO:gt864-friso2-two-block-schedule.gt864_friso2_pair_t0c2_slothy_start.split.200_219:Setting timeout of 1800 seconds...
INFO:gt864-friso2-two-block-schedule.gt864_friso2_pair_t0c2_slothy_start.split.200_219:Objective: minimize cycles
INFO:gt864-friso2-two-block-schedule.gt864_friso2_pair_t0c2_slothy_start.split.200_219:Invoking external constraint solver (OR-Tools CP-SAT v9.15.6755) ...
INFO:gt864-friso2-two-block-schedule.gt864_friso2_pair_t0c2_slothy_start.split.200_219:[0.2601s]: Found 1 solutions so far... objective (minimize cycles): currently  (Cycles ~ 21.0, IPC ~ 0.90), bound  (Cycles ~ 13.0, IPC ~ 1.46)
INFO:gt864-friso2-two-block-schedule.gt864_friso2_pair_t0c2_slothy_start.split.200_219:[0.2661s]: Found 2 solutions so far... objective (minimize cycles): currently  (Cycles ~ 19.0, IPC ~ 1.00), bound  (Cycles ~ 14.0, IPC ~ 1.36)
INFO:gt864-friso2-two-block-schedule.gt864_friso2_pair_t0c2_slothy_start.split.200_219:[0.2795s]: Found 3 solutions so far... objective (minimize cycles): currently  (Cycles ~ 18.0, IPC ~ 1.06), bound  (Cycles ~ 14.0, IPC ~ 1.36)
INFO:gt864-friso2-two-block-schedule.gt864_friso2_pair_t0c2_slothy_start.split.200_219:[0.2826s]: Found 4 solutions so far... objective (minimize cycles): currently  (Cycles ~ 16.0, IPC ~ 1.19), bound  (Cycles ~ 14.0, IPC ~ 1.36)
INFO:gt864-friso2-two-block-schedule.gt864_friso2_pair_t0c2_slothy_start.split.200_219:OPTIMAL, wall time: 0.298311 s
INFO:gt864-friso2-two-block-schedule.gt864_friso2_pair_t0c2_slothy_start.split.200_219:Booleans in result: 174
INFO:gt864-friso2-two-block-schedule.gt864_friso2_pair_t0c2_slothy_start.split.200_219.selfcheck:OK!
INFO:gt864-friso2-two-block-schedule.gt864_friso2_pair_t0c2_slothy_start.split.200_219:Minimum number of stalls: 11
INFO:gt864-friso2-two-block-schedule.gt864_friso2_pair_t0c2_slothy_start.split:[  0-  6]: ********........ (8)
INFO:gt864-friso2-two-block-schedule.gt864_friso2_pair_t0c2_slothy_start.split:[  6- 12]: ************.... (12)
INFO:gt864-friso2-two-block-schedule.gt864_friso2_pair_t0c2_slothy_start.split:[ 12- 18]: **************.. (14)
INFO:gt864-friso2-two-block-schedule.gt864_friso2_pair_t0c2_slothy_start.split:[ 18- 24]: **************.. (14)
INFO:gt864-friso2-two-block-schedule.gt864_friso2_pair_t0c2_slothy_start.split:[ 24- 30]: **************.. (14)
INFO:gt864-friso2-two-block-schedule.gt864_friso2_pair_t0c2_slothy_start.split:[ 30- 36]: ***************. (15)
INFO:gt864-friso2-two-block-schedule.gt864_friso2_pair_t0c2_slothy_start.split:[ 36- 43]: **************.. (14)
INFO:gt864-friso2-two-block-schedule.gt864_friso2_pair_t0c2_slothy_start.split:[ 43- 49]: **************.. (14)
INFO:gt864-friso2-two-block-schedule.gt864_friso2_pair_t0c2_slothy_start.split:[ 49- 55]: **************.. (14)
INFO:gt864-friso2-two-block-schedule.gt864_friso2_pair_t0c2_slothy_start.split:[ 55- 61]: ************.... (12)
INFO:gt864-friso2-two-block-schedule.gt864_friso2_pair_t0c2_slothy_start.split:[ 61- 67]: ************.... (12)
INFO:gt864-friso2-two-block-schedule.gt864_friso2_pair_t0c2_slothy_start.split:[ 67- 73]: ***********..... (11)
INFO:gt864-friso2-two-block-schedule.gt864_friso2_pair_t0c2_slothy_start.split:[ 73- 80]: *************... (13)
INFO:gt864-friso2-two-block-schedule.gt864_friso2_pair_t0c2_slothy_start.split:[ 80- 86]: *************... (13)
INFO:gt864-friso2-two-block-schedule.gt864_friso2_pair_t0c2_slothy_start.split:[ 86- 92]: ***********..... (11)
INFO:gt864-friso2-two-block-schedule.gt864_friso2_pair_t0c2_slothy_start.split:[ 92- 98]: **********...... (10)
INFO:gt864-friso2-two-block-schedule.gt864_friso2_pair_t0c2_slothy_start.split:[ 98-104]: ***********..... (11)
INFO:gt864-friso2-two-block-schedule.gt864_friso2_pair_t0c2_slothy_start.split:[104-110]: ************.... (12)
INFO:gt864-friso2-two-block-schedule.gt864_friso2_pair_t0c2_slothy_start.split:[110-117]: ************.... (12)
INFO:gt864-friso2-two-block-schedule.gt864_friso2_pair_t0c2_slothy_start.split:[117-123]: ************.... (12)
INFO:gt864-friso2-two-block-schedule.gt864_friso2_pair_t0c2_slothy_start.split:[123-129]: ************.... (12)
INFO:gt864-friso2-two-block-schedule.gt864_friso2_pair_t0c2_slothy_start.split:[129-135]: *************... (13)
INFO:gt864-friso2-two-block-schedule.gt864_friso2_pair_t0c2_slothy_start.split:[135-141]: *************... (13)
INFO:gt864-friso2-two-block-schedule.gt864_friso2_pair_t0c2_slothy_start.split:[141-147]: ************.... (12)
INFO:gt864-friso2-two-block-schedule.gt864_friso2_pair_t0c2_slothy_start.split:[147-154]: ***********..... (11)
INFO:gt864-friso2-two-block-schedule.gt864_friso2_pair_t0c2_slothy_start.split:[154-160]: *************... (13)
INFO:gt864-friso2-two-block-schedule.gt864_friso2_pair_t0c2_slothy_start.split:[160-166]: *************... (13)
INFO:gt864-friso2-two-block-schedule.gt864_friso2_pair_t0c2_slothy_start.split:[166-172]: **************.. (14)
INFO:gt864-friso2-two-block-schedule.gt864_friso2_pair_t0c2_slothy_start.split:[172-178]: **************.. (14)
INFO:gt864-friso2-two-block-schedule.gt864_friso2_pair_t0c2_slothy_start.split:[178-184]: **************.. (14)
INFO:gt864-friso2-two-block-schedule.gt864_friso2_pair_t0c2_slothy_start.split:[184-190]: ***************. (15)
INFO:gt864-friso2-two-block-schedule.gt864_friso2_pair_t0c2_slothy_start.split:[190-197]: **************.. (14)
INFO:gt864-friso2-two-block-schedule.gt864_friso2_pair_t0c2_slothy_start.split:[197-203]: *************... (13)
INFO:gt864-friso2-two-block-schedule.gt864_friso2_pair_t0c2_slothy_start.split:[203-209]: *************... (13)
INFO:gt864-friso2-two-block-schedule.gt864_friso2_pair_t0c2_slothy_start.split:[209-215]: *************... (13)
INFO:gt864-friso2-two-block-schedule.gt864_friso2_pair_t0c2_slothy_start.split:[215-221]: **************.. (14)
INFO:gt864-friso2-two-block-schedule.gt864_friso2_pair_t0c2_slothy_start.split:[221-227]: *************... (13)
INFO:gt864-friso2-two-block-schedule.gt864_friso2_pair_t0c2_slothy_start.split:[227-234]: *************... (13)
INFO:gt864-friso2-two-block-schedule.gt864_friso2_pair_t0c2_slothy_start.split:[234-240]: *************... (13)
INFO:gt864-friso2-two-block-schedule.gt864_friso2_pair_t0c2_slothy_start.split:[240-246]: *************... (13)
INFO:gt864-friso2-two-block-schedule.gt864_friso2_pair_t0c2_slothy_start.split:[246-252]: *************... (13)
INFO:gt864-friso2-two-block-schedule.gt864_friso2_pair_t0c2_slothy_start.split:[252-258]: *************... (13)
INFO:gt864-friso2-two-block-schedule.gt864_friso2_pair_t0c2_slothy_start.split:[258-264]: *************... (13)
INFO:gt864-friso2-two-block-schedule.gt864_friso2_pair_t0c2_slothy_start.split:[264-271]: *************... (13)
INFO:gt864-friso2-two-block-schedule.gt864_friso2_pair_t0c2_slothy_start.split:[271-277]: *************... (13)
INFO:gt864-friso2-two-block-schedule.gt864_friso2_pair_t0c2_slothy_start.split:[277-283]: *************... (13)
INFO:gt864-friso2-two-block-schedule.gt864_friso2_pair_t0c2_slothy_start.split:[283-289]: *************... (13)
INFO:gt864-friso2-two-block-schedule.gt864_friso2_pair_t0c2_slothy_start.split:[289-295]: *************... (13)
INFO:gt864-friso2-two-block-schedule.gt864_friso2_pair_t0c2_slothy_start.split:[295-301]: *************... (13)
INFO:gt864-friso2-two-block-schedule.gt864_friso2_pair_t0c2_slothy_start.split:[301-308]: **********...... (10)
INFO:gt864-friso2-two-block-schedule.gt864_friso2_pair_t0c2_slothy_start.split.216_235:Perform internal binary search for minimal number of stalls...
INFO:gt864-friso2-two-block-schedule.gt864_friso2_pair_t0c2_slothy_start.split.216_235:Attempt optimization with max 256 stalls...
INFO:gt864-friso2-two-block-schedule.gt864_friso2_pair_t0c2_slothy_start.split.216_235:Setting timeout of 1800 seconds...
INFO:gt864-friso2-two-block-schedule.gt864_friso2_pair_t0c2_slothy_start.split.216_235:Objective: minimize cycles
INFO:gt864-friso2-two-block-schedule.gt864_friso2_pair_t0c2_slothy_start.split.216_235:Invoking external constraint solver (OR-Tools CP-SAT v9.15.6755) ...
INFO:gt864-friso2-two-block-schedule.gt864_friso2_pair_t0c2_slothy_start.split.216_235:[0.2163s]: Found 1 solutions so far... objective (minimize cycles): currently  (Cycles ~ 26.0, IPC ~ 0.73), bound  (Cycles ~ 20.0, IPC ~ 0.95)
INFO:gt864-friso2-two-block-schedule.gt864_friso2_pair_t0c2_slothy_start.split.216_235:[0.2204s]: Found 2 solutions so far... objective (minimize cycles): currently  (Cycles ~ 24.0, IPC ~ 0.79), bound  (Cycles ~ 20.0, IPC ~ 0.95)
INFO:gt864-friso2-two-block-schedule.gt864_friso2_pair_t0c2_slothy_start.split.216_235:[0.2262s]: Found 3 solutions so far... objective (minimize cycles): currently  (Cycles ~ 23.0, IPC ~ 0.83), bound  (Cycles ~ 20.0, IPC ~ 0.95)
INFO:gt864-friso2-two-block-schedule.gt864_friso2_pair_t0c2_slothy_start.split.216_235:[0.2320s]: Found 4 solutions so far... objective (minimize cycles): currently  (Cycles ~ 22.0, IPC ~ 0.86), bound  (Cycles ~ 20.0, IPC ~ 0.95)
INFO:gt864-friso2-two-block-schedule.gt864_friso2_pair_t0c2_slothy_start.split.216_235:[0.2365s]: Found 5 solutions so far... objective (minimize cycles): currently  (Cycles ~ 21.0, IPC ~ 0.90), bound  (Cycles ~ 20.0, IPC ~ 0.95)
INFO:gt864-friso2-two-block-schedule.gt864_friso2_pair_t0c2_slothy_start.split.216_235:OPTIMAL, wall time: 0.248446 s
INFO:gt864-friso2-two-block-schedule.gt864_friso2_pair_t0c2_slothy_start.split.216_235:Booleans in result: 189
INFO:gt864-friso2-two-block-schedule.gt864_friso2_pair_t0c2_slothy_start.split.216_235.selfcheck:OK!
INFO:gt864-friso2-two-block-schedule.gt864_friso2_pair_t0c2_slothy_start.split.216_235:Minimum number of stalls: 16
INFO:gt864-friso2-two-block-schedule.gt864_friso2_pair_t0c2_slothy_start.split:[  0-  6]: ********......... (8)
INFO:gt864-friso2-two-block-schedule.gt864_friso2_pair_t0c2_slothy_start.split:[  6- 12]: ************..... (12)
INFO:gt864-friso2-two-block-schedule.gt864_friso2_pair_t0c2_slothy_start.split:[ 12- 18]: **************... (14)
INFO:gt864-friso2-two-block-schedule.gt864_friso2_pair_t0c2_slothy_start.split:[ 18- 24]: **************... (14)
INFO:gt864-friso2-two-block-schedule.gt864_friso2_pair_t0c2_slothy_start.split:[ 24- 30]: **************... (14)
INFO:gt864-friso2-two-block-schedule.gt864_friso2_pair_t0c2_slothy_start.split:[ 30- 36]: ***************.. (15)
INFO:gt864-friso2-two-block-schedule.gt864_friso2_pair_t0c2_slothy_start.split:[ 36- 43]: **************... (14)
INFO:gt864-friso2-two-block-schedule.gt864_friso2_pair_t0c2_slothy_start.split:[ 43- 49]: **************... (14)
INFO:gt864-friso2-two-block-schedule.gt864_friso2_pair_t0c2_slothy_start.split:[ 49- 55]: **************... (14)
INFO:gt864-friso2-two-block-schedule.gt864_friso2_pair_t0c2_slothy_start.split:[ 55- 61]: ************..... (12)
INFO:gt864-friso2-two-block-schedule.gt864_friso2_pair_t0c2_slothy_start.split:[ 61- 67]: ************..... (12)
INFO:gt864-friso2-two-block-schedule.gt864_friso2_pair_t0c2_slothy_start.split:[ 67- 73]: ***********...... (11)
INFO:gt864-friso2-two-block-schedule.gt864_friso2_pair_t0c2_slothy_start.split:[ 73- 80]: *************.... (13)
INFO:gt864-friso2-two-block-schedule.gt864_friso2_pair_t0c2_slothy_start.split:[ 80- 86]: *************.... (13)
INFO:gt864-friso2-two-block-schedule.gt864_friso2_pair_t0c2_slothy_start.split:[ 86- 92]: ***********...... (11)
INFO:gt864-friso2-two-block-schedule.gt864_friso2_pair_t0c2_slothy_start.split:[ 92- 98]: **********....... (10)
INFO:gt864-friso2-two-block-schedule.gt864_friso2_pair_t0c2_slothy_start.split:[ 98-104]: ***********...... (11)
INFO:gt864-friso2-two-block-schedule.gt864_friso2_pair_t0c2_slothy_start.split:[104-110]: ************..... (12)
INFO:gt864-friso2-two-block-schedule.gt864_friso2_pair_t0c2_slothy_start.split:[110-117]: ************..... (12)
INFO:gt864-friso2-two-block-schedule.gt864_friso2_pair_t0c2_slothy_start.split:[117-123]: ************..... (12)
INFO:gt864-friso2-two-block-schedule.gt864_friso2_pair_t0c2_slothy_start.split:[123-129]: ************..... (12)
INFO:gt864-friso2-two-block-schedule.gt864_friso2_pair_t0c2_slothy_start.split:[129-135]: *************.... (13)
INFO:gt864-friso2-two-block-schedule.gt864_friso2_pair_t0c2_slothy_start.split:[135-141]: *************.... (13)
INFO:gt864-friso2-two-block-schedule.gt864_friso2_pair_t0c2_slothy_start.split:[141-147]: ************..... (12)
INFO:gt864-friso2-two-block-schedule.gt864_friso2_pair_t0c2_slothy_start.split:[147-154]: ***********...... (11)
INFO:gt864-friso2-two-block-schedule.gt864_friso2_pair_t0c2_slothy_start.split:[154-160]: *************.... (13)
INFO:gt864-friso2-two-block-schedule.gt864_friso2_pair_t0c2_slothy_start.split:[160-166]: *************.... (13)
INFO:gt864-friso2-two-block-schedule.gt864_friso2_pair_t0c2_slothy_start.split:[166-172]: **************... (14)
INFO:gt864-friso2-two-block-schedule.gt864_friso2_pair_t0c2_slothy_start.split:[172-178]: **************... (14)
INFO:gt864-friso2-two-block-schedule.gt864_friso2_pair_t0c2_slothy_start.split:[178-184]: **************... (14)
INFO:gt864-friso2-two-block-schedule.gt864_friso2_pair_t0c2_slothy_start.split:[184-190]: ***************.. (15)
INFO:gt864-friso2-two-block-schedule.gt864_friso2_pair_t0c2_slothy_start.split:[190-197]: **************... (14)
INFO:gt864-friso2-two-block-schedule.gt864_friso2_pair_t0c2_slothy_start.split:[197-203]: *************.... (13)
INFO:gt864-friso2-two-block-schedule.gt864_friso2_pair_t0c2_slothy_start.split:[203-209]: *************.... (13)
INFO:gt864-friso2-two-block-schedule.gt864_friso2_pair_t0c2_slothy_start.split:[209-215]: *************.... (13)
INFO:gt864-friso2-two-block-schedule.gt864_friso2_pair_t0c2_slothy_start.split:[215-221]: *************.... (13)
INFO:gt864-friso2-two-block-schedule.gt864_friso2_pair_t0c2_slothy_start.split:[221-227]: ***************.. (15)
INFO:gt864-friso2-two-block-schedule.gt864_friso2_pair_t0c2_slothy_start.split:[227-234]: ****************. (16)
INFO:gt864-friso2-two-block-schedule.gt864_friso2_pair_t0c2_slothy_start.split:[234-240]: ****************. (16)
INFO:gt864-friso2-two-block-schedule.gt864_friso2_pair_t0c2_slothy_start.split:[240-246]: **************... (14)
INFO:gt864-friso2-two-block-schedule.gt864_friso2_pair_t0c2_slothy_start.split:[246-252]: *************.... (13)
INFO:gt864-friso2-two-block-schedule.gt864_friso2_pair_t0c2_slothy_start.split:[252-258]: *************.... (13)
INFO:gt864-friso2-two-block-schedule.gt864_friso2_pair_t0c2_slothy_start.split:[258-264]: *************.... (13)
INFO:gt864-friso2-two-block-schedule.gt864_friso2_pair_t0c2_slothy_start.split:[264-271]: *************.... (13)
INFO:gt864-friso2-two-block-schedule.gt864_friso2_pair_t0c2_slothy_start.split:[271-277]: *************.... (13)
INFO:gt864-friso2-two-block-schedule.gt864_friso2_pair_t0c2_slothy_start.split:[277-283]: *************.... (13)
INFO:gt864-friso2-two-block-schedule.gt864_friso2_pair_t0c2_slothy_start.split:[283-289]: *************.... (13)
INFO:gt864-friso2-two-block-schedule.gt864_friso2_pair_t0c2_slothy_start.split:[289-295]: *************.... (13)
INFO:gt864-friso2-two-block-schedule.gt864_friso2_pair_t0c2_slothy_start.split:[295-301]: *************.... (13)
INFO:gt864-friso2-two-block-schedule.gt864_friso2_pair_t0c2_slothy_start.split:[301-308]: **********....... (10)
INFO:gt864-friso2-two-block-schedule.gt864_friso2_pair_t0c2_slothy_start.split.231_250:Perform internal binary search for minimal number of stalls...
INFO:gt864-friso2-two-block-schedule.gt864_friso2_pair_t0c2_slothy_start.split.231_250:Attempt optimization with max 256 stalls...
INFO:gt864-friso2-two-block-schedule.gt864_friso2_pair_t0c2_slothy_start.split.231_250:Setting timeout of 1800 seconds...
INFO:gt864-friso2-two-block-schedule.gt864_friso2_pair_t0c2_slothy_start.split.231_250:Objective: minimize cycles
INFO:gt864-friso2-two-block-schedule.gt864_friso2_pair_t0c2_slothy_start.split.231_250:Invoking external constraint solver (OR-Tools CP-SAT v9.15.6755) ...
INFO:gt864-friso2-two-block-schedule.gt864_friso2_pair_t0c2_slothy_start.split.231_250:[0.1954s]: Found 1 solutions so far... objective (minimize cycles): currently  (Cycles ~ 29.0, IPC ~ 0.66), bound  (Cycles ~ 15.0, IPC ~ 1.27)
INFO:gt864-friso2-two-block-schedule.gt864_friso2_pair_t0c2_slothy_start.split.231_250:[0.2067s]: Found 2 solutions so far... objective (minimize cycles): currently  (Cycles ~ 28.0, IPC ~ 0.68), bound  (Cycles ~ 15.0, IPC ~ 1.27)
INFO:gt864-friso2-two-block-schedule.gt864_friso2_pair_t0c2_slothy_start.split.231_250:[0.2120s]: Found 3 solutions so far... objective (minimize cycles): currently  (Cycles ~ 27.0, IPC ~ 0.70), bound  (Cycles ~ 15.0, IPC ~ 1.27)
INFO:gt864-friso2-two-block-schedule.gt864_friso2_pair_t0c2_slothy_start.split.231_250:[0.2145s]: Found 4 solutions so far... objective (minimize cycles): currently  (Cycles ~ 26.0, IPC ~ 0.73), bound  (Cycles ~ 15.0, IPC ~ 1.27)
INFO:gt864-friso2-two-block-schedule.gt864_friso2_pair_t0c2_slothy_start.split.231_250:[0.2199s]: Found 5 solutions so far... objective (minimize cycles): currently  (Cycles ~ 25.0, IPC ~ 0.76), bound  (Cycles ~ 15.0, IPC ~ 1.27)
INFO:gt864-friso2-two-block-schedule.gt864_friso2_pair_t0c2_slothy_start.split.231_250:[0.2249s]: Found 6 solutions so far... objective (minimize cycles): currently  (Cycles ~ 24.0, IPC ~ 0.79), bound  (Cycles ~ 15.0, IPC ~ 1.27)
INFO:gt864-friso2-two-block-schedule.gt864_friso2_pair_t0c2_slothy_start.split.231_250:[0.2323s]: Found 7 solutions so far... objective (minimize cycles): currently  (Cycles ~ 23.0, IPC ~ 0.83), bound  (Cycles ~ 15.0, IPC ~ 1.27)
INFO:gt864-friso2-two-block-schedule.gt864_friso2_pair_t0c2_slothy_start.split.231_250:OPTIMAL, wall time: 0.245486 s
INFO:gt864-friso2-two-block-schedule.gt864_friso2_pair_t0c2_slothy_start.split.231_250:Booleans in result: 176
INFO:gt864-friso2-two-block-schedule.gt864_friso2_pair_t0c2_slothy_start.split.231_250.selfcheck:OK!
INFO:gt864-friso2-two-block-schedule.gt864_friso2_pair_t0c2_slothy_start.split.231_250:Minimum number of stalls: 18
INFO:gt864-friso2-two-block-schedule.gt864_friso2_pair_t0c2_slothy_start.split:[  0-  6]: ********......... (8)
INFO:gt864-friso2-two-block-schedule.gt864_friso2_pair_t0c2_slothy_start.split:[  6- 12]: ************..... (12)
INFO:gt864-friso2-two-block-schedule.gt864_friso2_pair_t0c2_slothy_start.split:[ 12- 18]: **************... (14)
INFO:gt864-friso2-two-block-schedule.gt864_friso2_pair_t0c2_slothy_start.split:[ 18- 24]: **************... (14)
INFO:gt864-friso2-two-block-schedule.gt864_friso2_pair_t0c2_slothy_start.split:[ 24- 30]: **************... (14)
INFO:gt864-friso2-two-block-schedule.gt864_friso2_pair_t0c2_slothy_start.split:[ 30- 36]: ***************.. (15)
INFO:gt864-friso2-two-block-schedule.gt864_friso2_pair_t0c2_slothy_start.split:[ 36- 43]: **************... (14)
INFO:gt864-friso2-two-block-schedule.gt864_friso2_pair_t0c2_slothy_start.split:[ 43- 49]: **************... (14)
INFO:gt864-friso2-two-block-schedule.gt864_friso2_pair_t0c2_slothy_start.split:[ 49- 55]: **************... (14)
INFO:gt864-friso2-two-block-schedule.gt864_friso2_pair_t0c2_slothy_start.split:[ 55- 61]: ************..... (12)
INFO:gt864-friso2-two-block-schedule.gt864_friso2_pair_t0c2_slothy_start.split:[ 61- 67]: ************..... (12)
INFO:gt864-friso2-two-block-schedule.gt864_friso2_pair_t0c2_slothy_start.split:[ 67- 73]: ***********...... (11)
INFO:gt864-friso2-two-block-schedule.gt864_friso2_pair_t0c2_slothy_start.split:[ 73- 80]: *************.... (13)
INFO:gt864-friso2-two-block-schedule.gt864_friso2_pair_t0c2_slothy_start.split:[ 80- 86]: *************.... (13)
INFO:gt864-friso2-two-block-schedule.gt864_friso2_pair_t0c2_slothy_start.split:[ 86- 92]: ***********...... (11)
INFO:gt864-friso2-two-block-schedule.gt864_friso2_pair_t0c2_slothy_start.split:[ 92- 98]: **********....... (10)
INFO:gt864-friso2-two-block-schedule.gt864_friso2_pair_t0c2_slothy_start.split:[ 98-104]: ***********...... (11)
INFO:gt864-friso2-two-block-schedule.gt864_friso2_pair_t0c2_slothy_start.split:[104-110]: ************..... (12)
INFO:gt864-friso2-two-block-schedule.gt864_friso2_pair_t0c2_slothy_start.split:[110-117]: ************..... (12)
INFO:gt864-friso2-two-block-schedule.gt864_friso2_pair_t0c2_slothy_start.split:[117-123]: ************..... (12)
INFO:gt864-friso2-two-block-schedule.gt864_friso2_pair_t0c2_slothy_start.split:[123-129]: ************..... (12)
INFO:gt864-friso2-two-block-schedule.gt864_friso2_pair_t0c2_slothy_start.split:[129-135]: *************.... (13)
INFO:gt864-friso2-two-block-schedule.gt864_friso2_pair_t0c2_slothy_start.split:[135-141]: *************.... (13)
INFO:gt864-friso2-two-block-schedule.gt864_friso2_pair_t0c2_slothy_start.split:[141-147]: ************..... (12)
INFO:gt864-friso2-two-block-schedule.gt864_friso2_pair_t0c2_slothy_start.split:[147-154]: ***********...... (11)
INFO:gt864-friso2-two-block-schedule.gt864_friso2_pair_t0c2_slothy_start.split:[154-160]: *************.... (13)
INFO:gt864-friso2-two-block-schedule.gt864_friso2_pair_t0c2_slothy_start.split:[160-166]: *************.... (13)
INFO:gt864-friso2-two-block-schedule.gt864_friso2_pair_t0c2_slothy_start.split:[166-172]: **************... (14)
INFO:gt864-friso2-two-block-schedule.gt864_friso2_pair_t0c2_slothy_start.split:[172-178]: **************... (14)
INFO:gt864-friso2-two-block-schedule.gt864_friso2_pair_t0c2_slothy_start.split:[178-184]: **************... (14)
INFO:gt864-friso2-two-block-schedule.gt864_friso2_pair_t0c2_slothy_start.split:[184-190]: ***************.. (15)
INFO:gt864-friso2-two-block-schedule.gt864_friso2_pair_t0c2_slothy_start.split:[190-197]: **************... (14)
INFO:gt864-friso2-two-block-schedule.gt864_friso2_pair_t0c2_slothy_start.split:[197-203]: *************.... (13)
INFO:gt864-friso2-two-block-schedule.gt864_friso2_pair_t0c2_slothy_start.split:[203-209]: *************.... (13)
INFO:gt864-friso2-two-block-schedule.gt864_friso2_pair_t0c2_slothy_start.split:[209-215]: *************.... (13)
INFO:gt864-friso2-two-block-schedule.gt864_friso2_pair_t0c2_slothy_start.split:[215-221]: *************.... (13)
INFO:gt864-friso2-two-block-schedule.gt864_friso2_pair_t0c2_slothy_start.split:[221-227]: *************.... (13)
INFO:gt864-friso2-two-block-schedule.gt864_friso2_pair_t0c2_slothy_start.split:[227-234]: *************.... (13)
INFO:gt864-friso2-two-block-schedule.gt864_friso2_pair_t0c2_slothy_start.split:[234-240]: **************... (14)
INFO:gt864-friso2-two-block-schedule.gt864_friso2_pair_t0c2_slothy_start.split:[240-246]: ***************.. (15)
INFO:gt864-friso2-two-block-schedule.gt864_friso2_pair_t0c2_slothy_start.split:[246-252]: ***************.. (15)
INFO:gt864-friso2-two-block-schedule.gt864_friso2_pair_t0c2_slothy_start.split:[252-258]: **************... (14)
INFO:gt864-friso2-two-block-schedule.gt864_friso2_pair_t0c2_slothy_start.split:[258-264]: *************.... (13)
INFO:gt864-friso2-two-block-schedule.gt864_friso2_pair_t0c2_slothy_start.split:[264-271]: *************.... (13)
INFO:gt864-friso2-two-block-schedule.gt864_friso2_pair_t0c2_slothy_start.split:[271-277]: *************.... (13)
INFO:gt864-friso2-two-block-schedule.gt864_friso2_pair_t0c2_slothy_start.split:[277-283]: *************.... (13)
INFO:gt864-friso2-two-block-schedule.gt864_friso2_pair_t0c2_slothy_start.split:[283-289]: *************.... (13)
INFO:gt864-friso2-two-block-schedule.gt864_friso2_pair_t0c2_slothy_start.split:[289-295]: *************.... (13)
INFO:gt864-friso2-two-block-schedule.gt864_friso2_pair_t0c2_slothy_start.split:[295-301]: *************.... (13)
INFO:gt864-friso2-two-block-schedule.gt864_friso2_pair_t0c2_slothy_start.split:[301-308]: **********....... (10)
INFO:gt864-friso2-two-block-schedule.gt864_friso2_pair_t0c2_slothy_start.split.246_266:Perform internal binary search for minimal number of stalls...
INFO:gt864-friso2-two-block-schedule.gt864_friso2_pair_t0c2_slothy_start.split.246_266:Attempt optimization with max 256 stalls...
INFO:gt864-friso2-two-block-schedule.gt864_friso2_pair_t0c2_slothy_start.split.246_266:Setting timeout of 1800 seconds...
INFO:gt864-friso2-two-block-schedule.gt864_friso2_pair_t0c2_slothy_start.split.246_266:Objective: minimize cycles
INFO:gt864-friso2-two-block-schedule.gt864_friso2_pair_t0c2_slothy_start.split.246_266:Invoking external constraint solver (OR-Tools CP-SAT v9.15.6755) ...
INFO:gt864-friso2-two-block-schedule.gt864_friso2_pair_t0c2_slothy_start.split.246_266:[0.2338s]: Found 1 solutions so far... objective (minimize cycles): currently  (Cycles ~ 40.0, IPC ~ 0.50), bound  (Cycles ~ 11.0, IPC ~ 1.82)
INFO:gt864-friso2-two-block-schedule.gt864_friso2_pair_t0c2_slothy_start.split.246_266:[0.2443s]: Found 2 solutions so far... objective (minimize cycles): currently  (Cycles ~ 36.0, IPC ~ 0.56), bound  (Cycles ~ 12.0, IPC ~ 1.67)
INFO:gt864-friso2-two-block-schedule.gt864_friso2_pair_t0c2_slothy_start.split.246_266:[0.2485s]: Found 3 solutions so far... objective (minimize cycles): currently  (Cycles ~ 34.0, IPC ~ 0.59), bound  (Cycles ~ 13.0, IPC ~ 1.54)
INFO:gt864-friso2-two-block-schedule.gt864_friso2_pair_t0c2_slothy_start.split.246_266:[0.2510s]: Found 4 solutions so far... objective (minimize cycles): currently  (Cycles ~ 32.0, IPC ~ 0.62), bound  (Cycles ~ 13.0, IPC ~ 1.54)
INFO:gt864-friso2-two-block-schedule.gt864_friso2_pair_t0c2_slothy_start.split.246_266:[0.2519s]: Found 5 solutions so far... objective (minimize cycles): currently  (Cycles ~ 22.0, IPC ~ 0.91), bound  (Cycles ~ 13.0, IPC ~ 1.54)
INFO:gt864-friso2-two-block-schedule.gt864_friso2_pair_t0c2_slothy_start.split.246_266:[0.2578s]: Found 6 solutions so far... objective (minimize cycles): currently  (Cycles ~ 19.0, IPC ~ 1.05), bound  (Cycles ~ 13.0, IPC ~ 1.54)
INFO:gt864-friso2-two-block-schedule.gt864_friso2_pair_t0c2_slothy_start.split.246_266:OPTIMAL, wall time: 0.271672 s
INFO:gt864-friso2-two-block-schedule.gt864_friso2_pair_t0c2_slothy_start.split.246_266:Booleans in result: 177
INFO:gt864-friso2-two-block-schedule.gt864_friso2_pair_t0c2_slothy_start.split.246_266.selfcheck:OK!
INFO:gt864-friso2-two-block-schedule.gt864_friso2_pair_t0c2_slothy_start.split.246_266:Minimum number of stalls: 14
INFO:gt864-friso2-two-block-schedule.gt864_friso2_pair_t0c2_slothy_start.split:[  0-  6]: ********........ (8)
INFO:gt864-friso2-two-block-schedule.gt864_friso2_pair_t0c2_slothy_start.split:[  6- 12]: ************.... (12)
INFO:gt864-friso2-two-block-schedule.gt864_friso2_pair_t0c2_slothy_start.split:[ 12- 18]: **************.. (14)
INFO:gt864-friso2-two-block-schedule.gt864_friso2_pair_t0c2_slothy_start.split:[ 18- 24]: **************.. (14)
INFO:gt864-friso2-two-block-schedule.gt864_friso2_pair_t0c2_slothy_start.split:[ 24- 30]: **************.. (14)
INFO:gt864-friso2-two-block-schedule.gt864_friso2_pair_t0c2_slothy_start.split:[ 30- 36]: ***************. (15)
INFO:gt864-friso2-two-block-schedule.gt864_friso2_pair_t0c2_slothy_start.split:[ 36- 43]: **************.. (14)
INFO:gt864-friso2-two-block-schedule.gt864_friso2_pair_t0c2_slothy_start.split:[ 43- 49]: **************.. (14)
INFO:gt864-friso2-two-block-schedule.gt864_friso2_pair_t0c2_slothy_start.split:[ 49- 55]: **************.. (14)
INFO:gt864-friso2-two-block-schedule.gt864_friso2_pair_t0c2_slothy_start.split:[ 55- 61]: ************.... (12)
INFO:gt864-friso2-two-block-schedule.gt864_friso2_pair_t0c2_slothy_start.split:[ 61- 67]: ************.... (12)
INFO:gt864-friso2-two-block-schedule.gt864_friso2_pair_t0c2_slothy_start.split:[ 67- 73]: ***********..... (11)
INFO:gt864-friso2-two-block-schedule.gt864_friso2_pair_t0c2_slothy_start.split:[ 73- 80]: *************... (13)
INFO:gt864-friso2-two-block-schedule.gt864_friso2_pair_t0c2_slothy_start.split:[ 80- 86]: *************... (13)
INFO:gt864-friso2-two-block-schedule.gt864_friso2_pair_t0c2_slothy_start.split:[ 86- 92]: ***********..... (11)
INFO:gt864-friso2-two-block-schedule.gt864_friso2_pair_t0c2_slothy_start.split:[ 92- 98]: **********...... (10)
INFO:gt864-friso2-two-block-schedule.gt864_friso2_pair_t0c2_slothy_start.split:[ 98-104]: ***********..... (11)
INFO:gt864-friso2-two-block-schedule.gt864_friso2_pair_t0c2_slothy_start.split:[104-110]: ************.... (12)
INFO:gt864-friso2-two-block-schedule.gt864_friso2_pair_t0c2_slothy_start.split:[110-117]: ************.... (12)
INFO:gt864-friso2-two-block-schedule.gt864_friso2_pair_t0c2_slothy_start.split:[117-123]: ************.... (12)
INFO:gt864-friso2-two-block-schedule.gt864_friso2_pair_t0c2_slothy_start.split:[123-129]: ************.... (12)
INFO:gt864-friso2-two-block-schedule.gt864_friso2_pair_t0c2_slothy_start.split:[129-135]: *************... (13)
INFO:gt864-friso2-two-block-schedule.gt864_friso2_pair_t0c2_slothy_start.split:[135-141]: *************... (13)
INFO:gt864-friso2-two-block-schedule.gt864_friso2_pair_t0c2_slothy_start.split:[141-147]: ************.... (12)
INFO:gt864-friso2-two-block-schedule.gt864_friso2_pair_t0c2_slothy_start.split:[147-154]: ***********..... (11)
INFO:gt864-friso2-two-block-schedule.gt864_friso2_pair_t0c2_slothy_start.split:[154-160]: *************... (13)
INFO:gt864-friso2-two-block-schedule.gt864_friso2_pair_t0c2_slothy_start.split:[160-166]: *************... (13)
INFO:gt864-friso2-two-block-schedule.gt864_friso2_pair_t0c2_slothy_start.split:[166-172]: **************.. (14)
INFO:gt864-friso2-two-block-schedule.gt864_friso2_pair_t0c2_slothy_start.split:[172-178]: **************.. (14)
INFO:gt864-friso2-two-block-schedule.gt864_friso2_pair_t0c2_slothy_start.split:[178-184]: **************.. (14)
INFO:gt864-friso2-two-block-schedule.gt864_friso2_pair_t0c2_slothy_start.split:[184-190]: ***************. (15)
INFO:gt864-friso2-two-block-schedule.gt864_friso2_pair_t0c2_slothy_start.split:[190-197]: **************.. (14)
INFO:gt864-friso2-two-block-schedule.gt864_friso2_pair_t0c2_slothy_start.split:[197-203]: *************... (13)
INFO:gt864-friso2-two-block-schedule.gt864_friso2_pair_t0c2_slothy_start.split:[203-209]: *************... (13)
INFO:gt864-friso2-two-block-schedule.gt864_friso2_pair_t0c2_slothy_start.split:[209-215]: *************... (13)
INFO:gt864-friso2-two-block-schedule.gt864_friso2_pair_t0c2_slothy_start.split:[215-221]: *************... (13)
INFO:gt864-friso2-two-block-schedule.gt864_friso2_pair_t0c2_slothy_start.split:[221-227]: *************... (13)
INFO:gt864-friso2-two-block-schedule.gt864_friso2_pair_t0c2_slothy_start.split:[227-234]: *************... (13)
INFO:gt864-friso2-two-block-schedule.gt864_friso2_pair_t0c2_slothy_start.split:[234-240]: **************.. (14)
INFO:gt864-friso2-two-block-schedule.gt864_friso2_pair_t0c2_slothy_start.split:[240-246]: *************... (13)
INFO:gt864-friso2-two-block-schedule.gt864_friso2_pair_t0c2_slothy_start.split:[246-252]: *************... (13)
INFO:gt864-friso2-two-block-schedule.gt864_friso2_pair_t0c2_slothy_start.split:[252-258]: *************... (13)
INFO:gt864-friso2-two-block-schedule.gt864_friso2_pair_t0c2_slothy_start.split:[258-264]: **************.. (14)
INFO:gt864-friso2-two-block-schedule.gt864_friso2_pair_t0c2_slothy_start.split:[264-271]: ***************. (15)
INFO:gt864-friso2-two-block-schedule.gt864_friso2_pair_t0c2_slothy_start.split:[271-277]: **************.. (14)
INFO:gt864-friso2-two-block-schedule.gt864_friso2_pair_t0c2_slothy_start.split:[277-283]: *************... (13)
INFO:gt864-friso2-two-block-schedule.gt864_friso2_pair_t0c2_slothy_start.split:[283-289]: *************... (13)
INFO:gt864-friso2-two-block-schedule.gt864_friso2_pair_t0c2_slothy_start.split:[289-295]: *************... (13)
INFO:gt864-friso2-two-block-schedule.gt864_friso2_pair_t0c2_slothy_start.split:[295-301]: *************... (13)
INFO:gt864-friso2-two-block-schedule.gt864_friso2_pair_t0c2_slothy_start.split:[301-308]: **********...... (10)
INFO:gt864-friso2-two-block-schedule.gt864_friso2_pair_t0c2_slothy_start.split.262_281:Perform internal binary search for minimal number of stalls...
INFO:gt864-friso2-two-block-schedule.gt864_friso2_pair_t0c2_slothy_start.split.262_281:Attempt optimization with max 256 stalls...
INFO:gt864-friso2-two-block-schedule.gt864_friso2_pair_t0c2_slothy_start.split.262_281:Setting timeout of 1800 seconds...
INFO:gt864-friso2-two-block-schedule.gt864_friso2_pair_t0c2_slothy_start.split.262_281:Objective: minimize cycles
INFO:gt864-friso2-two-block-schedule.gt864_friso2_pair_t0c2_slothy_start.split.262_281:Invoking external constraint solver (OR-Tools CP-SAT v9.15.6755) ...
INFO:gt864-friso2-two-block-schedule.gt864_friso2_pair_t0c2_slothy_start.split.262_281:[0.1458s]: Found 1 solutions so far... objective (minimize cycles): currently  (Cycles ~ 37.0, IPC ~ 0.51), bound  (Cycles ~ 18.0, IPC ~ 1.06)
INFO:gt864-friso2-two-block-schedule.gt864_friso2_pair_t0c2_slothy_start.split.262_281:[0.1636s]: Found 2 solutions so far... objective (minimize cycles): currently  (Cycles ~ 30.0, IPC ~ 0.63), bound  (Cycles ~ 20.0, IPC ~ 0.95)
INFO:gt864-friso2-two-block-schedule.gt864_friso2_pair_t0c2_slothy_start.split.262_281:[0.1677s]: Found 3 solutions so far... objective (minimize cycles): currently  (Cycles ~ 29.0, IPC ~ 0.66), bound  (Cycles ~ 21.0, IPC ~ 0.90)
INFO:gt864-friso2-two-block-schedule.gt864_friso2_pair_t0c2_slothy_start.split.262_281:[0.1735s]: Found 4 solutions so far... objective (minimize cycles): currently  (Cycles ~ 28.0, IPC ~ 0.68), bound  (Cycles ~ 21.0, IPC ~ 0.90)
INFO:gt864-friso2-two-block-schedule.gt864_friso2_pair_t0c2_slothy_start.split.262_281:[0.1777s]: Found 5 solutions so far... objective (minimize cycles): currently  (Cycles ~ 27.0, IPC ~ 0.70), bound  (Cycles ~ 21.0, IPC ~ 0.90)
INFO:gt864-friso2-two-block-schedule.gt864_friso2_pair_t0c2_slothy_start.split.262_281:[0.1833s]: Found 6 solutions so far... objective (minimize cycles): currently  (Cycles ~ 26.0, IPC ~ 0.73), bound  (Cycles ~ 21.0, IPC ~ 0.90)
INFO:gt864-friso2-two-block-schedule.gt864_friso2_pair_t0c2_slothy_start.split.262_281:[0.1859s]: Found 7 solutions so far... objective (minimize cycles): currently  (Cycles ~ 25.0, IPC ~ 0.76), bound  (Cycles ~ 21.0, IPC ~ 0.90)
INFO:gt864-friso2-two-block-schedule.gt864_friso2_pair_t0c2_slothy_start.split.262_281:[0.1884s]: Found 8 solutions so far... objective (minimize cycles): currently  (Cycles ~ 24.0, IPC ~ 0.79), bound  (Cycles ~ 21.0, IPC ~ 0.90)
INFO:gt864-friso2-two-block-schedule.gt864_friso2_pair_t0c2_slothy_start.split.262_281:[0.1911s]: Found 9 solutions so far... objective (minimize cycles): currently  (Cycles ~ 23.0, IPC ~ 0.83), bound  (Cycles ~ 21.0, IPC ~ 0.90)
INFO:gt864-friso2-two-block-schedule.gt864_friso2_pair_t0c2_slothy_start.split.262_281:[0.1936s]: Found 10 solutions so far... objective (minimize cycles): currently  (Cycles ~ 22.0, IPC ~ 0.86), bound  (Cycles ~ 21.0, IPC ~ 0.90)
INFO:gt864-friso2-two-block-schedule.gt864_friso2_pair_t0c2_slothy_start.split.262_281:[0.2012s]: Found 11 solutions so far... objective (minimize cycles): currently  (Cycles ~ 21.0, IPC ~ 0.90), bound  (Cycles ~ 21.0, IPC ~ 0.90)
INFO:gt864-friso2-two-block-schedule.gt864_friso2_pair_t0c2_slothy_start.split.262_281:Closer than 0 stalls to theoretical optimum... stop
INFO:gt864-friso2-two-block-schedule.gt864_friso2_pair_t0c2_slothy_start.split.262_281:OPTIMAL, wall time: 0.218134 s
INFO:gt864-friso2-two-block-schedule.gt864_friso2_pair_t0c2_slothy_start.split.262_281:Booleans in result: 162
INFO:gt864-friso2-two-block-schedule.gt864_friso2_pair_t0c2_slothy_start.split.262_281.selfcheck:OK!
INFO:gt864-friso2-two-block-schedule.gt864_friso2_pair_t0c2_slothy_start.split.262_281:Minimum number of stalls: 16
INFO:gt864-friso2-two-block-schedule.gt864_friso2_pair_t0c2_slothy_start.split:[  0-  6]: ********........ (8)
INFO:gt864-friso2-two-block-schedule.gt864_friso2_pair_t0c2_slothy_start.split:[  6- 12]: ************.... (12)
INFO:gt864-friso2-two-block-schedule.gt864_friso2_pair_t0c2_slothy_start.split:[ 12- 18]: **************.. (14)
INFO:gt864-friso2-two-block-schedule.gt864_friso2_pair_t0c2_slothy_start.split:[ 18- 24]: **************.. (14)
INFO:gt864-friso2-two-block-schedule.gt864_friso2_pair_t0c2_slothy_start.split:[ 24- 30]: **************.. (14)
INFO:gt864-friso2-two-block-schedule.gt864_friso2_pair_t0c2_slothy_start.split:[ 30- 36]: ***************. (15)
INFO:gt864-friso2-two-block-schedule.gt864_friso2_pair_t0c2_slothy_start.split:[ 36- 43]: **************.. (14)
INFO:gt864-friso2-two-block-schedule.gt864_friso2_pair_t0c2_slothy_start.split:[ 43- 49]: **************.. (14)
INFO:gt864-friso2-two-block-schedule.gt864_friso2_pair_t0c2_slothy_start.split:[ 49- 55]: **************.. (14)
INFO:gt864-friso2-two-block-schedule.gt864_friso2_pair_t0c2_slothy_start.split:[ 55- 61]: ************.... (12)
INFO:gt864-friso2-two-block-schedule.gt864_friso2_pair_t0c2_slothy_start.split:[ 61- 67]: ************.... (12)
INFO:gt864-friso2-two-block-schedule.gt864_friso2_pair_t0c2_slothy_start.split:[ 67- 73]: ***********..... (11)
INFO:gt864-friso2-two-block-schedule.gt864_friso2_pair_t0c2_slothy_start.split:[ 73- 80]: *************... (13)
INFO:gt864-friso2-two-block-schedule.gt864_friso2_pair_t0c2_slothy_start.split:[ 80- 86]: *************... (13)
INFO:gt864-friso2-two-block-schedule.gt864_friso2_pair_t0c2_slothy_start.split:[ 86- 92]: ***********..... (11)
INFO:gt864-friso2-two-block-schedule.gt864_friso2_pair_t0c2_slothy_start.split:[ 92- 98]: **********...... (10)
INFO:gt864-friso2-two-block-schedule.gt864_friso2_pair_t0c2_slothy_start.split:[ 98-104]: ***********..... (11)
INFO:gt864-friso2-two-block-schedule.gt864_friso2_pair_t0c2_slothy_start.split:[104-110]: ************.... (12)
INFO:gt864-friso2-two-block-schedule.gt864_friso2_pair_t0c2_slothy_start.split:[110-117]: ************.... (12)
INFO:gt864-friso2-two-block-schedule.gt864_friso2_pair_t0c2_slothy_start.split:[117-123]: ************.... (12)
INFO:gt864-friso2-two-block-schedule.gt864_friso2_pair_t0c2_slothy_start.split:[123-129]: ************.... (12)
INFO:gt864-friso2-two-block-schedule.gt864_friso2_pair_t0c2_slothy_start.split:[129-135]: *************... (13)
INFO:gt864-friso2-two-block-schedule.gt864_friso2_pair_t0c2_slothy_start.split:[135-141]: *************... (13)
INFO:gt864-friso2-two-block-schedule.gt864_friso2_pair_t0c2_slothy_start.split:[141-147]: ************.... (12)
INFO:gt864-friso2-two-block-schedule.gt864_friso2_pair_t0c2_slothy_start.split:[147-154]: ***********..... (11)
INFO:gt864-friso2-two-block-schedule.gt864_friso2_pair_t0c2_slothy_start.split:[154-160]: *************... (13)
INFO:gt864-friso2-two-block-schedule.gt864_friso2_pair_t0c2_slothy_start.split:[160-166]: *************... (13)
INFO:gt864-friso2-two-block-schedule.gt864_friso2_pair_t0c2_slothy_start.split:[166-172]: **************.. (14)
INFO:gt864-friso2-two-block-schedule.gt864_friso2_pair_t0c2_slothy_start.split:[172-178]: **************.. (14)
INFO:gt864-friso2-two-block-schedule.gt864_friso2_pair_t0c2_slothy_start.split:[178-184]: **************.. (14)
INFO:gt864-friso2-two-block-schedule.gt864_friso2_pair_t0c2_slothy_start.split:[184-190]: ***************. (15)
INFO:gt864-friso2-two-block-schedule.gt864_friso2_pair_t0c2_slothy_start.split:[190-197]: **************.. (14)
INFO:gt864-friso2-two-block-schedule.gt864_friso2_pair_t0c2_slothy_start.split:[197-203]: *************... (13)
INFO:gt864-friso2-two-block-schedule.gt864_friso2_pair_t0c2_slothy_start.split:[203-209]: *************... (13)
INFO:gt864-friso2-two-block-schedule.gt864_friso2_pair_t0c2_slothy_start.split:[209-215]: *************... (13)
INFO:gt864-friso2-two-block-schedule.gt864_friso2_pair_t0c2_slothy_start.split:[215-221]: *************... (13)
INFO:gt864-friso2-two-block-schedule.gt864_friso2_pair_t0c2_slothy_start.split:[221-227]: *************... (13)
INFO:gt864-friso2-two-block-schedule.gt864_friso2_pair_t0c2_slothy_start.split:[227-234]: *************... (13)
INFO:gt864-friso2-two-block-schedule.gt864_friso2_pair_t0c2_slothy_start.split:[234-240]: **************.. (14)
INFO:gt864-friso2-two-block-schedule.gt864_friso2_pair_t0c2_slothy_start.split:[240-246]: *************... (13)
INFO:gt864-friso2-two-block-schedule.gt864_friso2_pair_t0c2_slothy_start.split:[246-252]: *************... (13)
INFO:gt864-friso2-two-block-schedule.gt864_friso2_pair_t0c2_slothy_start.split:[252-258]: ***********..... (11)
INFO:gt864-friso2-two-block-schedule.gt864_friso2_pair_t0c2_slothy_start.split:[258-264]: ************.... (12)
INFO:gt864-friso2-two-block-schedule.gt864_friso2_pair_t0c2_slothy_start.split:[264-271]: **************.. (14)
INFO:gt864-friso2-two-block-schedule.gt864_friso2_pair_t0c2_slothy_start.split:[271-277]: **************.. (14)
INFO:gt864-friso2-two-block-schedule.gt864_friso2_pair_t0c2_slothy_start.split:[277-283]: ***************. (15)
INFO:gt864-friso2-two-block-schedule.gt864_friso2_pair_t0c2_slothy_start.split:[283-289]: **************.. (14)
INFO:gt864-friso2-two-block-schedule.gt864_friso2_pair_t0c2_slothy_start.split:[289-295]: *************... (13)
INFO:gt864-friso2-two-block-schedule.gt864_friso2_pair_t0c2_slothy_start.split:[295-301]: *************... (13)
INFO:gt864-friso2-two-block-schedule.gt864_friso2_pair_t0c2_slothy_start.split:[301-308]: **********...... (10)
INFO:gt864-friso2-two-block-schedule.gt864_friso2_pair_t0c2_slothy_start.split.277_296:Perform internal binary search for minimal number of stalls...
INFO:gt864-friso2-two-block-schedule.gt864_friso2_pair_t0c2_slothy_start.split.277_296:Attempt optimization with max 256 stalls...
INFO:gt864-friso2-two-block-schedule.gt864_friso2_pair_t0c2_slothy_start.split.277_296:Setting timeout of 1800 seconds...
INFO:gt864-friso2-two-block-schedule.gt864_friso2_pair_t0c2_slothy_start.split.277_296:Objective: minimize cycles
INFO:gt864-friso2-two-block-schedule.gt864_friso2_pair_t0c2_slothy_start.split.277_296:Invoking external constraint solver (OR-Tools CP-SAT v9.15.6755) ...
INFO:gt864-friso2-two-block-schedule.gt864_friso2_pair_t0c2_slothy_start.split.277_296:[0.1686s]: Found 1 solutions so far... objective (minimize cycles): currently  (Cycles ~ 29.0, IPC ~ 0.66), bound  (Cycles ~ 15.0, IPC ~ 1.27)
INFO:gt864-friso2-two-block-schedule.gt864_friso2_pair_t0c2_slothy_start.split.277_296:[0.1717s]: Found 2 solutions so far... objective (minimize cycles): currently  (Cycles ~ 27.0, IPC ~ 0.70), bound  (Cycles ~ 15.0, IPC ~ 1.27)
INFO:gt864-friso2-two-block-schedule.gt864_friso2_pair_t0c2_slothy_start.split.277_296:[0.1769s]: Found 3 solutions so far... objective (minimize cycles): currently  (Cycles ~ 26.0, IPC ~ 0.73), bound  (Cycles ~ 20.0, IPC ~ 0.95)
INFO:gt864-friso2-two-block-schedule.gt864_friso2_pair_t0c2_slothy_start.split.277_296:[0.1824s]: Found 4 solutions so far... objective (minimize cycles): currently  (Cycles ~ 25.0, IPC ~ 0.76), bound  (Cycles ~ 20.0, IPC ~ 0.95)
INFO:gt864-friso2-two-block-schedule.gt864_friso2_pair_t0c2_slothy_start.split.277_296:[0.1896s]: Found 5 solutions so far... objective (minimize cycles): currently  (Cycles ~ 24.0, IPC ~ 0.79), bound  (Cycles ~ 20.0, IPC ~ 0.95)
INFO:gt864-friso2-two-block-schedule.gt864_friso2_pair_t0c2_slothy_start.split.277_296:[0.1921s]: Found 6 solutions so far... objective (minimize cycles): currently  (Cycles ~ 22.0, IPC ~ 0.86), bound  (Cycles ~ 20.0, IPC ~ 0.95)
INFO:gt864-friso2-two-block-schedule.gt864_friso2_pair_t0c2_slothy_start.split.277_296:[0.1952s]: Found 7 solutions so far... objective (minimize cycles): currently  (Cycles ~ 21.0, IPC ~ 0.90), bound  (Cycles ~ 20.0, IPC ~ 0.95)
INFO:gt864-friso2-two-block-schedule.gt864_friso2_pair_t0c2_slothy_start.split.277_296:OPTIMAL, wall time: 0.207527 s
INFO:gt864-friso2-two-block-schedule.gt864_friso2_pair_t0c2_slothy_start.split.277_296:Booleans in result: 154
INFO:gt864-friso2-two-block-schedule.gt864_friso2_pair_t0c2_slothy_start.split.277_296.selfcheck:OK!
INFO:gt864-friso2-two-block-schedule.gt864_friso2_pair_t0c2_slothy_start.split.277_296:Minimum number of stalls: 16
INFO:gt864-friso2-two-block-schedule.gt864_friso2_pair_t0c2_slothy_start.split:[  0-  6]: ********........ (8)
INFO:gt864-friso2-two-block-schedule.gt864_friso2_pair_t0c2_slothy_start.split:[  6- 12]: ************.... (12)
INFO:gt864-friso2-two-block-schedule.gt864_friso2_pair_t0c2_slothy_start.split:[ 12- 18]: **************.. (14)
INFO:gt864-friso2-two-block-schedule.gt864_friso2_pair_t0c2_slothy_start.split:[ 18- 24]: **************.. (14)
INFO:gt864-friso2-two-block-schedule.gt864_friso2_pair_t0c2_slothy_start.split:[ 24- 30]: **************.. (14)
INFO:gt864-friso2-two-block-schedule.gt864_friso2_pair_t0c2_slothy_start.split:[ 30- 36]: ***************. (15)
INFO:gt864-friso2-two-block-schedule.gt864_friso2_pair_t0c2_slothy_start.split:[ 36- 43]: **************.. (14)
INFO:gt864-friso2-two-block-schedule.gt864_friso2_pair_t0c2_slothy_start.split:[ 43- 49]: **************.. (14)
INFO:gt864-friso2-two-block-schedule.gt864_friso2_pair_t0c2_slothy_start.split:[ 49- 55]: **************.. (14)
INFO:gt864-friso2-two-block-schedule.gt864_friso2_pair_t0c2_slothy_start.split:[ 55- 61]: ************.... (12)
INFO:gt864-friso2-two-block-schedule.gt864_friso2_pair_t0c2_slothy_start.split:[ 61- 67]: ************.... (12)
INFO:gt864-friso2-two-block-schedule.gt864_friso2_pair_t0c2_slothy_start.split:[ 67- 73]: ***********..... (11)
INFO:gt864-friso2-two-block-schedule.gt864_friso2_pair_t0c2_slothy_start.split:[ 73- 80]: *************... (13)
INFO:gt864-friso2-two-block-schedule.gt864_friso2_pair_t0c2_slothy_start.split:[ 80- 86]: *************... (13)
INFO:gt864-friso2-two-block-schedule.gt864_friso2_pair_t0c2_slothy_start.split:[ 86- 92]: ***********..... (11)
INFO:gt864-friso2-two-block-schedule.gt864_friso2_pair_t0c2_slothy_start.split:[ 92- 98]: **********...... (10)
INFO:gt864-friso2-two-block-schedule.gt864_friso2_pair_t0c2_slothy_start.split:[ 98-104]: ***********..... (11)
INFO:gt864-friso2-two-block-schedule.gt864_friso2_pair_t0c2_slothy_start.split:[104-110]: ************.... (12)
INFO:gt864-friso2-two-block-schedule.gt864_friso2_pair_t0c2_slothy_start.split:[110-117]: ************.... (12)
INFO:gt864-friso2-two-block-schedule.gt864_friso2_pair_t0c2_slothy_start.split:[117-123]: ************.... (12)
INFO:gt864-friso2-two-block-schedule.gt864_friso2_pair_t0c2_slothy_start.split:[123-129]: ************.... (12)
INFO:gt864-friso2-two-block-schedule.gt864_friso2_pair_t0c2_slothy_start.split:[129-135]: *************... (13)
INFO:gt864-friso2-two-block-schedule.gt864_friso2_pair_t0c2_slothy_start.split:[135-141]: *************... (13)
INFO:gt864-friso2-two-block-schedule.gt864_friso2_pair_t0c2_slothy_start.split:[141-147]: ************.... (12)
INFO:gt864-friso2-two-block-schedule.gt864_friso2_pair_t0c2_slothy_start.split:[147-154]: ***********..... (11)
INFO:gt864-friso2-two-block-schedule.gt864_friso2_pair_t0c2_slothy_start.split:[154-160]: *************... (13)
INFO:gt864-friso2-two-block-schedule.gt864_friso2_pair_t0c2_slothy_start.split:[160-166]: *************... (13)
INFO:gt864-friso2-two-block-schedule.gt864_friso2_pair_t0c2_slothy_start.split:[166-172]: **************.. (14)
INFO:gt864-friso2-two-block-schedule.gt864_friso2_pair_t0c2_slothy_start.split:[172-178]: **************.. (14)
INFO:gt864-friso2-two-block-schedule.gt864_friso2_pair_t0c2_slothy_start.split:[178-184]: **************.. (14)
INFO:gt864-friso2-two-block-schedule.gt864_friso2_pair_t0c2_slothy_start.split:[184-190]: ***************. (15)
INFO:gt864-friso2-two-block-schedule.gt864_friso2_pair_t0c2_slothy_start.split:[190-197]: **************.. (14)
INFO:gt864-friso2-two-block-schedule.gt864_friso2_pair_t0c2_slothy_start.split:[197-203]: *************... (13)
INFO:gt864-friso2-two-block-schedule.gt864_friso2_pair_t0c2_slothy_start.split:[203-209]: *************... (13)
INFO:gt864-friso2-two-block-schedule.gt864_friso2_pair_t0c2_slothy_start.split:[209-215]: *************... (13)
INFO:gt864-friso2-two-block-schedule.gt864_friso2_pair_t0c2_slothy_start.split:[215-221]: *************... (13)
INFO:gt864-friso2-two-block-schedule.gt864_friso2_pair_t0c2_slothy_start.split:[221-227]: *************... (13)
INFO:gt864-friso2-two-block-schedule.gt864_friso2_pair_t0c2_slothy_start.split:[227-234]: *************... (13)
INFO:gt864-friso2-two-block-schedule.gt864_friso2_pair_t0c2_slothy_start.split:[234-240]: **************.. (14)
INFO:gt864-friso2-two-block-schedule.gt864_friso2_pair_t0c2_slothy_start.split:[240-246]: *************... (13)
INFO:gt864-friso2-two-block-schedule.gt864_friso2_pair_t0c2_slothy_start.split:[246-252]: *************... (13)
INFO:gt864-friso2-two-block-schedule.gt864_friso2_pair_t0c2_slothy_start.split:[252-258]: ***********..... (11)
INFO:gt864-friso2-two-block-schedule.gt864_friso2_pair_t0c2_slothy_start.split:[258-264]: ************.... (12)
INFO:gt864-friso2-two-block-schedule.gt864_friso2_pair_t0c2_slothy_start.split:[264-271]: *************... (13)
INFO:gt864-friso2-two-block-schedule.gt864_friso2_pair_t0c2_slothy_start.split:[271-277]: ************.... (12)
INFO:gt864-friso2-two-block-schedule.gt864_friso2_pair_t0c2_slothy_start.split:[277-283]: *************... (13)
INFO:gt864-friso2-two-block-schedule.gt864_friso2_pair_t0c2_slothy_start.split:[283-289]: *************... (13)
INFO:gt864-friso2-two-block-schedule.gt864_friso2_pair_t0c2_slothy_start.split:[289-295]: ***************. (15)
INFO:gt864-friso2-two-block-schedule.gt864_friso2_pair_t0c2_slothy_start.split:[295-301]: **************.. (14)
INFO:gt864-friso2-two-block-schedule.gt864_friso2_pair_t0c2_slothy_start.split:[301-308]: **********...... (10)
INFO:gt864-friso2-two-block-schedule.gt864_friso2_pair_t0c2_slothy_start.split.293_308:Perform internal binary search for minimal number of stalls...
INFO:gt864-friso2-two-block-schedule.gt864_friso2_pair_t0c2_slothy_start.split.293_308:Attempt optimization with max 256 stalls...
INFO:gt864-friso2-two-block-schedule.gt864_friso2_pair_t0c2_slothy_start.split.293_308:Setting timeout of 1800 seconds...
INFO:gt864-friso2-two-block-schedule.gt864_friso2_pair_t0c2_slothy_start.split.293_308:Objective: minimize cycles
INFO:gt864-friso2-two-block-schedule.gt864_friso2_pair_t0c2_slothy_start.split.293_308:Invoking external constraint solver (OR-Tools CP-SAT v9.15.6755) ...
INFO:gt864-friso2-two-block-schedule.gt864_friso2_pair_t0c2_slothy_start.split.293_308:[0.1226s]: Found 1 solutions so far... objective (minimize cycles): currently  (Cycles ~ 17.0, IPC ~ 0.88), bound  (Cycles ~ 15.0, IPC ~ 1.00)
INFO:gt864-friso2-two-block-schedule.gt864_friso2_pair_t0c2_slothy_start.split.293_308:[0.1247s]: Found 2 solutions so far... objective (minimize cycles): currently  (Cycles ~ 16.0, IPC ~ 0.94), bound  (Cycles ~ 15.0, IPC ~ 1.00)
INFO:gt864-friso2-two-block-schedule.gt864_friso2_pair_t0c2_slothy_start.split.293_308:[0.1277s]: Found 3 solutions so far... objective (minimize cycles): currently  (Cycles ~ 15.0, IPC ~ 1.00), bound  (Cycles ~ 15.0, IPC ~ 1.00)
INFO:gt864-friso2-two-block-schedule.gt864_friso2_pair_t0c2_slothy_start.split.293_308:Closer than 0 stalls to theoretical optimum... stop
INFO:gt864-friso2-two-block-schedule.gt864_friso2_pair_t0c2_slothy_start.split.293_308:OPTIMAL, wall time: 0.141987 s
INFO:gt864-friso2-two-block-schedule.gt864_friso2_pair_t0c2_slothy_start.split.293_308:Booleans in result: 143
INFO:gt864-friso2-two-block-schedule.gt864_friso2_pair_t0c2_slothy_start.split.293_308.selfcheck:OK!
INFO:gt864-friso2-two-block-schedule.gt864_friso2_pair_t0c2_slothy_start.split.293_308:Minimum number of stalls: 11
INFO:gt864-friso2-two-block-schedule.gt864_friso2_pair_t0c2_slothy_start.split:[  0-  6]: ********........ (8)
INFO:gt864-friso2-two-block-schedule.gt864_friso2_pair_t0c2_slothy_start.split:[  6- 12]: ************.... (12)
INFO:gt864-friso2-two-block-schedule.gt864_friso2_pair_t0c2_slothy_start.split:[ 12- 18]: **************.. (14)
INFO:gt864-friso2-two-block-schedule.gt864_friso2_pair_t0c2_slothy_start.split:[ 18- 24]: **************.. (14)
INFO:gt864-friso2-two-block-schedule.gt864_friso2_pair_t0c2_slothy_start.split:[ 24- 30]: **************.. (14)
INFO:gt864-friso2-two-block-schedule.gt864_friso2_pair_t0c2_slothy_start.split:[ 30- 36]: ***************. (15)
INFO:gt864-friso2-two-block-schedule.gt864_friso2_pair_t0c2_slothy_start.split:[ 36- 43]: **************.. (14)
INFO:gt864-friso2-two-block-schedule.gt864_friso2_pair_t0c2_slothy_start.split:[ 43- 49]: **************.. (14)
INFO:gt864-friso2-two-block-schedule.gt864_friso2_pair_t0c2_slothy_start.split:[ 49- 55]: **************.. (14)
INFO:gt864-friso2-two-block-schedule.gt864_friso2_pair_t0c2_slothy_start.split:[ 55- 61]: ************.... (12)
INFO:gt864-friso2-two-block-schedule.gt864_friso2_pair_t0c2_slothy_start.split:[ 61- 67]: ************.... (12)
INFO:gt864-friso2-two-block-schedule.gt864_friso2_pair_t0c2_slothy_start.split:[ 67- 73]: ***********..... (11)
INFO:gt864-friso2-two-block-schedule.gt864_friso2_pair_t0c2_slothy_start.split:[ 73- 80]: *************... (13)
INFO:gt864-friso2-two-block-schedule.gt864_friso2_pair_t0c2_slothy_start.split:[ 80- 86]: *************... (13)
INFO:gt864-friso2-two-block-schedule.gt864_friso2_pair_t0c2_slothy_start.split:[ 86- 92]: ***********..... (11)
INFO:gt864-friso2-two-block-schedule.gt864_friso2_pair_t0c2_slothy_start.split:[ 92- 98]: **********...... (10)
INFO:gt864-friso2-two-block-schedule.gt864_friso2_pair_t0c2_slothy_start.split:[ 98-104]: ***********..... (11)
INFO:gt864-friso2-two-block-schedule.gt864_friso2_pair_t0c2_slothy_start.split:[104-110]: ************.... (12)
INFO:gt864-friso2-two-block-schedule.gt864_friso2_pair_t0c2_slothy_start.split:[110-117]: ************.... (12)
INFO:gt864-friso2-two-block-schedule.gt864_friso2_pair_t0c2_slothy_start.split:[117-123]: ************.... (12)
INFO:gt864-friso2-two-block-schedule.gt864_friso2_pair_t0c2_slothy_start.split:[123-129]: ************.... (12)
INFO:gt864-friso2-two-block-schedule.gt864_friso2_pair_t0c2_slothy_start.split:[129-135]: *************... (13)
INFO:gt864-friso2-two-block-schedule.gt864_friso2_pair_t0c2_slothy_start.split:[135-141]: *************... (13)
INFO:gt864-friso2-two-block-schedule.gt864_friso2_pair_t0c2_slothy_start.split:[141-147]: ************.... (12)
INFO:gt864-friso2-two-block-schedule.gt864_friso2_pair_t0c2_slothy_start.split:[147-154]: ***********..... (11)
INFO:gt864-friso2-two-block-schedule.gt864_friso2_pair_t0c2_slothy_start.split:[154-160]: *************... (13)
INFO:gt864-friso2-two-block-schedule.gt864_friso2_pair_t0c2_slothy_start.split:[160-166]: *************... (13)
INFO:gt864-friso2-two-block-schedule.gt864_friso2_pair_t0c2_slothy_start.split:[166-172]: **************.. (14)
INFO:gt864-friso2-two-block-schedule.gt864_friso2_pair_t0c2_slothy_start.split:[172-178]: **************.. (14)
INFO:gt864-friso2-two-block-schedule.gt864_friso2_pair_t0c2_slothy_start.split:[178-184]: **************.. (14)
INFO:gt864-friso2-two-block-schedule.gt864_friso2_pair_t0c2_slothy_start.split:[184-190]: ***************. (15)
INFO:gt864-friso2-two-block-schedule.gt864_friso2_pair_t0c2_slothy_start.split:[190-197]: **************.. (14)
INFO:gt864-friso2-two-block-schedule.gt864_friso2_pair_t0c2_slothy_start.split:[197-203]: *************... (13)
INFO:gt864-friso2-two-block-schedule.gt864_friso2_pair_t0c2_slothy_start.split:[203-209]: *************... (13)
INFO:gt864-friso2-two-block-schedule.gt864_friso2_pair_t0c2_slothy_start.split:[209-215]: *************... (13)
INFO:gt864-friso2-two-block-schedule.gt864_friso2_pair_t0c2_slothy_start.split:[215-221]: *************... (13)
INFO:gt864-friso2-two-block-schedule.gt864_friso2_pair_t0c2_slothy_start.split:[221-227]: *************... (13)
INFO:gt864-friso2-two-block-schedule.gt864_friso2_pair_t0c2_slothy_start.split:[227-234]: *************... (13)
INFO:gt864-friso2-two-block-schedule.gt864_friso2_pair_t0c2_slothy_start.split:[234-240]: **************.. (14)
INFO:gt864-friso2-two-block-schedule.gt864_friso2_pair_t0c2_slothy_start.split:[240-246]: *************... (13)
INFO:gt864-friso2-two-block-schedule.gt864_friso2_pair_t0c2_slothy_start.split:[246-252]: *************... (13)
INFO:gt864-friso2-two-block-schedule.gt864_friso2_pair_t0c2_slothy_start.split:[252-258]: ***********..... (11)
INFO:gt864-friso2-two-block-schedule.gt864_friso2_pair_t0c2_slothy_start.split:[258-264]: ************.... (12)
INFO:gt864-friso2-two-block-schedule.gt864_friso2_pair_t0c2_slothy_start.split:[264-271]: *************... (13)
INFO:gt864-friso2-two-block-schedule.gt864_friso2_pair_t0c2_slothy_start.split:[271-277]: ************.... (12)
INFO:gt864-friso2-two-block-schedule.gt864_friso2_pair_t0c2_slothy_start.split:[277-283]: *************... (13)
INFO:gt864-friso2-two-block-schedule.gt864_friso2_pair_t0c2_slothy_start.split:[283-289]: ************.... (12)
INFO:gt864-friso2-two-block-schedule.gt864_friso2_pair_t0c2_slothy_start.split:[289-295]: *************... (13)
INFO:gt864-friso2-two-block-schedule.gt864_friso2_pair_t0c2_slothy_start.split:[295-301]: *************... (13)
INFO:gt864-friso2-two-block-schedule.gt864_friso2_pair_t0c2_slothy_start.split:[301-308]: **********...... (10)
INFO:gt864-friso2-two-block-schedule.gt864_friso2_pair_t0c2_slothy_start.split.split_heuristic_full:OK!
allocated_liveouts=out0:v20,out1:v5,out2:v27,out3:v3,out4:v18,out5:v2,out6:v16,out7:v19,out8:v30,out9:v9,out10:v17,out11:v8,out12:v4,out13:v24,out14:v11,out15:v28,out16:v10,out17:v12
