INFO:gt864-friso2-two-block-schedule.gt864_friso2_pair_t1c2_slothy_start:SLOTHY version: 0.2.2
INFO:gt864-friso2-two-block-schedule:Instructions in body: 276
INFO:gt864-friso2-two-block-schedule.gt864_friso2_pair_t1c2_slothy_start.split.0_17:Perform internal binary search for minimal number of stalls...
INFO:gt864-friso2-two-block-schedule.gt864_friso2_pair_t1c2_slothy_start.split.0_17:Attempt optimization with max 256 stalls...
INFO:gt864-friso2-two-block-schedule.gt864_friso2_pair_t1c2_slothy_start.split.0_17:Setting timeout of 1800 seconds...
INFO:gt864-friso2-two-block-schedule.gt864_friso2_pair_t1c2_slothy_start.split.0_17:Objective: minimize cycles
INFO:gt864-friso2-two-block-schedule.gt864_friso2_pair_t1c2_slothy_start.split.0_17:Invoking external constraint solver (OR-Tools CP-SAT v9.15.6755) ...
INFO:gt864-friso2-two-block-schedule.gt864_friso2_pair_t1c2_slothy_start.split.0_17:[0.0165s]: Found 1 solutions so far... objective (minimize cycles): currently  (Cycles ~ 35.0, IPC ~ 0.49), bound  (Cycles ~ 31.0, IPC ~ 0.55)
INFO:gt864-friso2-two-block-schedule.gt864_friso2_pair_t1c2_slothy_start.split.0_17:OPTIMAL, wall time: 0.030538 s
INFO:gt864-friso2-two-block-schedule.gt864_friso2_pair_t1c2_slothy_start.split.0_17:Booleans in result: 11
INFO:gt864-friso2-two-block-schedule.gt864_friso2_pair_t1c2_slothy_start.split.0_17.selfcheck:OK!
INFO:gt864-friso2-two-block-schedule.gt864_friso2_pair_t1c2_slothy_start.split.0_17:Minimum number of stalls: 30
INFO:gt864-friso2-two-block-schedule.gt864_friso2_pair_t1c2_slothy_start.split.17_34:Perform internal binary search for minimal number of stalls...
INFO:gt864-friso2-two-block-schedule.gt864_friso2_pair_t1c2_slothy_start.split.17_34:Attempt optimization with max 256 stalls...
INFO:gt864-friso2-two-block-schedule.gt864_friso2_pair_t1c2_slothy_start.split.17_34:Setting timeout of 1800 seconds...
INFO:gt864-friso2-two-block-schedule.gt864_friso2_pair_t1c2_slothy_start.split.17_34:Objective: minimize cycles
INFO:gt864-friso2-two-block-schedule.gt864_friso2_pair_t1c2_slothy_start.split.17_34:Invoking external constraint solver (OR-Tools CP-SAT v9.15.6755) ...
INFO:gt864-friso2-two-block-schedule.gt864_friso2_pair_t1c2_slothy_start.split.17_34:[0.0151s]: Found 1 solutions so far... objective (minimize cycles): currently  (Cycles ~ 36.0, IPC ~ 0.47), bound  (Cycles ~ 31.0, IPC ~ 0.55)
INFO:gt864-friso2-two-block-schedule.gt864_friso2_pair_t1c2_slothy_start.split.17_34:OPTIMAL, wall time: 0.028300 s
INFO:gt864-friso2-two-block-schedule.gt864_friso2_pair_t1c2_slothy_start.split.17_34:Booleans in result: 36
INFO:gt864-friso2-two-block-schedule.gt864_friso2_pair_t1c2_slothy_start.split.17_34.selfcheck:OK!
INFO:gt864-friso2-two-block-schedule.gt864_friso2_pair_t1c2_slothy_start.split.17_34:Minimum number of stalls: 31
INFO:gt864-friso2-two-block-schedule.gt864_friso2_pair_t1c2_slothy_start.split.34_52:Perform internal binary search for minimal number of stalls...
INFO:gt864-friso2-two-block-schedule.gt864_friso2_pair_t1c2_slothy_start.split.34_52:Attempt optimization with max 256 stalls...
INFO:gt864-friso2-two-block-schedule.gt864_friso2_pair_t1c2_slothy_start.split.34_52:Setting timeout of 1800 seconds...
INFO:gt864-friso2-two-block-schedule.gt864_friso2_pair_t1c2_slothy_start.split.34_52:Objective: minimize cycles
INFO:gt864-friso2-two-block-schedule.gt864_friso2_pair_t1c2_slothy_start.split.34_52:Invoking external constraint solver (OR-Tools CP-SAT v9.15.6755) ...
INFO:gt864-friso2-two-block-schedule.gt864_friso2_pair_t1c2_slothy_start.split.34_52:[0.0182s]: Found 1 solutions so far... objective (minimize cycles): currently  (Cycles ~ 37.0, IPC ~ 0.49), bound  (Cycles ~ 32.0, IPC ~ 0.56)
INFO:gt864-friso2-two-block-schedule.gt864_friso2_pair_t1c2_slothy_start.split.34_52:[0.0188s]: Found 2 solutions so far... objective (minimize cycles): currently  (Cycles ~ 36.0, IPC ~ 0.50), bound  (Cycles ~ 32.0, IPC ~ 0.56)
INFO:gt864-friso2-two-block-schedule.gt864_friso2_pair_t1c2_slothy_start.split.34_52:OPTIMAL, wall time: 0.032956 s
INFO:gt864-friso2-two-block-schedule.gt864_friso2_pair_t1c2_slothy_start.split.34_52:Booleans in result: 41
INFO:gt864-friso2-two-block-schedule.gt864_friso2_pair_t1c2_slothy_start.split.34_52.selfcheck:OK!
INFO:gt864-friso2-two-block-schedule.gt864_friso2_pair_t1c2_slothy_start.split.34_52:Minimum number of stalls: 31
INFO:gt864-friso2-two-block-schedule.gt864_friso2_pair_t1c2_slothy_start.split.52_69:Perform internal binary search for minimal number of stalls...
INFO:gt864-friso2-two-block-schedule.gt864_friso2_pair_t1c2_slothy_start.split.52_69:Attempt optimization with max 256 stalls...
INFO:gt864-friso2-two-block-schedule.gt864_friso2_pair_t1c2_slothy_start.split.52_69:Setting timeout of 1800 seconds...
INFO:gt864-friso2-two-block-schedule.gt864_friso2_pair_t1c2_slothy_start.split.52_69:Objective: minimize cycles
INFO:gt864-friso2-two-block-schedule.gt864_friso2_pair_t1c2_slothy_start.split.52_69:Invoking external constraint solver (OR-Tools CP-SAT v9.15.6755) ...
INFO:gt864-friso2-two-block-schedule.gt864_friso2_pair_t1c2_slothy_start.split.52_69:[0.0157s]: Found 1 solutions so far... objective (minimize cycles): currently  (Cycles ~ 37.0, IPC ~ 0.46), bound  (Cycles ~ 29.0, IPC ~ 0.59)
INFO:gt864-friso2-two-block-schedule.gt864_friso2_pair_t1c2_slothy_start.split.52_69:[0.0161s]: Found 2 solutions so far... objective (minimize cycles): currently  (Cycles ~ 31.0, IPC ~ 0.55), bound  (Cycles ~ 29.0, IPC ~ 0.59)
INFO:gt864-friso2-two-block-schedule.gt864_friso2_pair_t1c2_slothy_start.split.52_69:OPTIMAL, wall time: 0.024209 s
INFO:gt864-friso2-two-block-schedule.gt864_friso2_pair_t1c2_slothy_start.split.52_69:Booleans in result: 43
INFO:gt864-friso2-two-block-schedule.gt864_friso2_pair_t1c2_slothy_start.split.52_69.selfcheck:OK!
INFO:gt864-friso2-two-block-schedule.gt864_friso2_pair_t1c2_slothy_start.split.52_69:Minimum number of stalls: 26
INFO:gt864-friso2-two-block-schedule.gt864_friso2_pair_t1c2_slothy_start.split.69_86:Perform internal binary search for minimal number of stalls...
INFO:gt864-friso2-two-block-schedule.gt864_friso2_pair_t1c2_slothy_start.split.69_86:Attempt optimization with max 256 stalls...
INFO:gt864-friso2-two-block-schedule.gt864_friso2_pair_t1c2_slothy_start.split.69_86:Setting timeout of 1800 seconds...
INFO:gt864-friso2-two-block-schedule.gt864_friso2_pair_t1c2_slothy_start.split.69_86:Objective: minimize cycles
INFO:gt864-friso2-two-block-schedule.gt864_friso2_pair_t1c2_slothy_start.split.69_86:Invoking external constraint solver (OR-Tools CP-SAT v9.15.6755) ...
INFO:gt864-friso2-two-block-schedule.gt864_friso2_pair_t1c2_slothy_start.split.69_86:[0.0152s]: Found 1 solutions so far... objective (minimize cycles): currently  (Cycles ~ 37.0, IPC ~ 0.46), bound  (Cycles ~ 29.0, IPC ~ 0.59)
INFO:gt864-friso2-two-block-schedule.gt864_friso2_pair_t1c2_slothy_start.split.69_86:[0.0163s]: Found 2 solutions so far... objective (minimize cycles): currently  (Cycles ~ 35.0, IPC ~ 0.49), bound  (Cycles ~ 30.0, IPC ~ 0.57)
INFO:gt864-friso2-two-block-schedule.gt864_friso2_pair_t1c2_slothy_start.split.69_86:OPTIMAL, wall time: 0.025790 s
INFO:gt864-friso2-two-block-schedule.gt864_friso2_pair_t1c2_slothy_start.split.69_86:Booleans in result: 42
INFO:gt864-friso2-two-block-schedule.gt864_friso2_pair_t1c2_slothy_start.split.69_86.selfcheck:OK!
INFO:gt864-friso2-two-block-schedule.gt864_friso2_pair_t1c2_slothy_start.split.69_86:Minimum number of stalls: 30
INFO:gt864-friso2-two-block-schedule.gt864_friso2_pair_t1c2_slothy_start.split.86_104:Perform internal binary search for minimal number of stalls...
INFO:gt864-friso2-two-block-schedule.gt864_friso2_pair_t1c2_slothy_start.split.86_104:Attempt optimization with max 256 stalls...
INFO:gt864-friso2-two-block-schedule.gt864_friso2_pair_t1c2_slothy_start.split.86_104:Setting timeout of 1800 seconds...
INFO:gt864-friso2-two-block-schedule.gt864_friso2_pair_t1c2_slothy_start.split.86_104:Objective: minimize cycles
INFO:gt864-friso2-two-block-schedule.gt864_friso2_pair_t1c2_slothy_start.split.86_104:Invoking external constraint solver (OR-Tools CP-SAT v9.15.6755) ...
INFO:gt864-friso2-two-block-schedule.gt864_friso2_pair_t1c2_slothy_start.split.86_104:[0.0158s]: Found 1 solutions so far... objective (minimize cycles): currently  (Cycles ~ 42.0, IPC ~ 0.43), bound  (Cycles ~ 34.0, IPC ~ 0.53)
INFO:gt864-friso2-two-block-schedule.gt864_friso2_pair_t1c2_slothy_start.split.86_104:OPTIMAL, wall time: 0.027443 s
INFO:gt864-friso2-two-block-schedule.gt864_friso2_pair_t1c2_slothy_start.split.86_104:Booleans in result: 42
INFO:gt864-friso2-two-block-schedule.gt864_friso2_pair_t1c2_slothy_start.split.86_104.selfcheck:OK!
INFO:gt864-friso2-two-block-schedule.gt864_friso2_pair_t1c2_slothy_start.split.86_104:Minimum number of stalls: 37
INFO:gt864-friso2-two-block-schedule.gt864_friso2_pair_t1c2_slothy_start.split.104_121:Perform internal binary search for minimal number of stalls...
INFO:gt864-friso2-two-block-schedule.gt864_friso2_pair_t1c2_slothy_start.split.104_121:Attempt optimization with max 256 stalls...
INFO:gt864-friso2-two-block-schedule.gt864_friso2_pair_t1c2_slothy_start.split.104_121:Setting timeout of 1800 seconds...
INFO:gt864-friso2-two-block-schedule.gt864_friso2_pair_t1c2_slothy_start.split.104_121:Objective: minimize cycles
INFO:gt864-friso2-two-block-schedule.gt864_friso2_pair_t1c2_slothy_start.split.104_121:Invoking external constraint solver (OR-Tools CP-SAT v9.15.6755) ...
INFO:gt864-friso2-two-block-schedule.gt864_friso2_pair_t1c2_slothy_start.split.104_121:[0.0144s]: Found 1 solutions so far... objective (minimize cycles): currently  (Cycles ~ 38.0, IPC ~ 0.45), bound  (Cycles ~ 31.0, IPC ~ 0.55)
INFO:gt864-friso2-two-block-schedule.gt864_friso2_pair_t1c2_slothy_start.split.104_121:[0.0157s]: Found 2 solutions so far... objective (minimize cycles): currently  (Cycles ~ 37.0, IPC ~ 0.46), bound  (Cycles ~ 33.0, IPC ~ 0.52)
INFO:gt864-friso2-two-block-schedule.gt864_friso2_pair_t1c2_slothy_start.split.104_121:OPTIMAL, wall time: 0.026684 s
INFO:gt864-friso2-two-block-schedule.gt864_friso2_pair_t1c2_slothy_start.split.104_121:Booleans in result: 40
INFO:gt864-friso2-two-block-schedule.gt864_friso2_pair_t1c2_slothy_start.split.104_121.selfcheck:OK!
INFO:gt864-friso2-two-block-schedule.gt864_friso2_pair_t1c2_slothy_start.split.104_121:Minimum number of stalls: 32
INFO:gt864-friso2-two-block-schedule.gt864_friso2_pair_t1c2_slothy_start.split.121_138:Perform internal binary search for minimal number of stalls...
INFO:gt864-friso2-two-block-schedule.gt864_friso2_pair_t1c2_slothy_start.split.121_138:Attempt optimization with max 256 stalls...
INFO:gt864-friso2-two-block-schedule.gt864_friso2_pair_t1c2_slothy_start.split.121_138:Setting timeout of 1800 seconds...
INFO:gt864-friso2-two-block-schedule.gt864_friso2_pair_t1c2_slothy_start.split.121_138:Objective: minimize cycles
INFO:gt864-friso2-two-block-schedule.gt864_friso2_pair_t1c2_slothy_start.split.121_138:Invoking external constraint solver (OR-Tools CP-SAT v9.15.6755) ...
INFO:gt864-friso2-two-block-schedule.gt864_friso2_pair_t1c2_slothy_start.split.121_138:[0.0143s]: Found 1 solutions so far... objective (minimize cycles): currently  (Cycles ~ 50.0, IPC ~ 0.34), bound  (Cycles ~ 34.0, IPC ~ 0.50)
INFO:gt864-friso2-two-block-schedule.gt864_friso2_pair_t1c2_slothy_start.split.121_138:[0.0149s]: Found 2 solutions so far... objective (minimize cycles): currently  (Cycles ~ 42.0, IPC ~ 0.40), bound  (Cycles ~ 34.0, IPC ~ 0.50)
INFO:gt864-friso2-two-block-schedule.gt864_friso2_pair_t1c2_slothy_start.split.121_138:OPTIMAL, wall time: 0.022919 s
INFO:gt864-friso2-two-block-schedule.gt864_friso2_pair_t1c2_slothy_start.split.121_138:Booleans in result: 35
INFO:gt864-friso2-two-block-schedule.gt864_friso2_pair_t1c2_slothy_start.split.121_138.selfcheck:OK!
INFO:gt864-friso2-two-block-schedule.gt864_friso2_pair_t1c2_slothy_start.split.121_138:Minimum number of stalls: 37
INFO:gt864-friso2-two-block-schedule.gt864_friso2_pair_t1c2_slothy_start.split.138_155:Perform internal binary search for minimal number of stalls...
INFO:gt864-friso2-two-block-schedule.gt864_friso2_pair_t1c2_slothy_start.split.138_155:Attempt optimization with max 256 stalls...
INFO:gt864-friso2-two-block-schedule.gt864_friso2_pair_t1c2_slothy_start.split.138_155:Setting timeout of 1800 seconds...
INFO:gt864-friso2-two-block-schedule.gt864_friso2_pair_t1c2_slothy_start.split.138_155:Objective: minimize cycles
INFO:gt864-friso2-two-block-schedule.gt864_friso2_pair_t1c2_slothy_start.split.138_155:Invoking external constraint solver (OR-Tools CP-SAT v9.15.6755) ...
INFO:gt864-friso2-two-block-schedule.gt864_friso2_pair_t1c2_slothy_start.split.138_155:[0.0139s]: Found 1 solutions so far... objective (minimize cycles): currently  (Cycles ~ 35.0, IPC ~ 0.49), bound  (Cycles ~ 31.0, IPC ~ 0.55)
INFO:gt864-friso2-two-block-schedule.gt864_friso2_pair_t1c2_slothy_start.split.138_155:OPTIMAL, wall time: 0.019145 s
INFO:gt864-friso2-two-block-schedule.gt864_friso2_pair_t1c2_slothy_start.split.138_155:Booleans in result: 38
INFO:gt864-friso2-two-block-schedule.gt864_friso2_pair_t1c2_slothy_start.split.138_155.selfcheck:OK!
INFO:gt864-friso2-two-block-schedule.gt864_friso2_pair_t1c2_slothy_start.split.138_155:Minimum number of stalls: 30
INFO:gt864-friso2-two-block-schedule.gt864_friso2_pair_t1c2_slothy_start.split.155_172:Perform internal binary search for minimal number of stalls...
INFO:gt864-friso2-two-block-schedule.gt864_friso2_pair_t1c2_slothy_start.split.155_172:Attempt optimization with max 256 stalls...
INFO:gt864-friso2-two-block-schedule.gt864_friso2_pair_t1c2_slothy_start.split.155_172:Setting timeout of 1800 seconds...
INFO:gt864-friso2-two-block-schedule.gt864_friso2_pair_t1c2_slothy_start.split.155_172:Objective: minimize cycles
INFO:gt864-friso2-two-block-schedule.gt864_friso2_pair_t1c2_slothy_start.split.155_172:Invoking external constraint solver (OR-Tools CP-SAT v9.15.6755) ...
INFO:gt864-friso2-two-block-schedule.gt864_friso2_pair_t1c2_slothy_start.split.155_172:[0.0149s]: Found 1 solutions so far... objective (minimize cycles): currently  (Cycles ~ 36.0, IPC ~ 0.47), bound  (Cycles ~ 31.0, IPC ~ 0.55)
INFO:gt864-friso2-two-block-schedule.gt864_friso2_pair_t1c2_slothy_start.split.155_172:OPTIMAL, wall time: 0.025841 s
INFO:gt864-friso2-two-block-schedule.gt864_friso2_pair_t1c2_slothy_start.split.155_172:Booleans in result: 40
INFO:gt864-friso2-two-block-schedule.gt864_friso2_pair_t1c2_slothy_start.split.155_172.selfcheck:OK!
INFO:gt864-friso2-two-block-schedule.gt864_friso2_pair_t1c2_slothy_start.split.155_172:Minimum number of stalls: 31
INFO:gt864-friso2-two-block-schedule.gt864_friso2_pair_t1c2_slothy_start.split.172_190:Perform internal binary search for minimal number of stalls...
INFO:gt864-friso2-two-block-schedule.gt864_friso2_pair_t1c2_slothy_start.split.172_190:Attempt optimization with max 256 stalls...
INFO:gt864-friso2-two-block-schedule.gt864_friso2_pair_t1c2_slothy_start.split.172_190:Setting timeout of 1800 seconds...
INFO:gt864-friso2-two-block-schedule.gt864_friso2_pair_t1c2_slothy_start.split.172_190:Objective: minimize cycles
INFO:gt864-friso2-two-block-schedule.gt864_friso2_pair_t1c2_slothy_start.split.172_190:Invoking external constraint solver (OR-Tools CP-SAT v9.15.6755) ...
INFO:gt864-friso2-two-block-schedule.gt864_friso2_pair_t1c2_slothy_start.split.172_190:[0.0175s]: Found 1 solutions so far... objective (minimize cycles): currently  (Cycles ~ 37.0, IPC ~ 0.49), bound  (Cycles ~ 32.0, IPC ~ 0.56)
INFO:gt864-friso2-two-block-schedule.gt864_friso2_pair_t1c2_slothy_start.split.172_190:[0.0190s]: Found 2 solutions so far... objective (minimize cycles): currently  (Cycles ~ 36.0, IPC ~ 0.50), bound  (Cycles ~ 36.0, IPC ~ 0.50)
INFO:gt864-friso2-two-block-schedule.gt864_friso2_pair_t1c2_slothy_start.split.172_190:Closer than 0 stalls to theoretical optimum... stop
INFO:gt864-friso2-two-block-schedule.gt864_friso2_pair_t1c2_slothy_start.split.172_190:OPTIMAL, wall time: 0.024243 s
INFO:gt864-friso2-two-block-schedule.gt864_friso2_pair_t1c2_slothy_start.split.172_190:Booleans in result: 49
INFO:gt864-friso2-two-block-schedule.gt864_friso2_pair_t1c2_slothy_start.split.172_190.selfcheck:OK!
INFO:gt864-friso2-two-block-schedule.gt864_friso2_pair_t1c2_slothy_start.split.172_190:Minimum number of stalls: 31
INFO:gt864-friso2-two-block-schedule.gt864_friso2_pair_t1c2_slothy_start.split.190_207:Perform internal binary search for minimal number of stalls...
INFO:gt864-friso2-two-block-schedule.gt864_friso2_pair_t1c2_slothy_start.split.190_207:Attempt optimization with max 256 stalls...
INFO:gt864-friso2-two-block-schedule.gt864_friso2_pair_t1c2_slothy_start.split.190_207:Setting timeout of 1800 seconds...
INFO:gt864-friso2-two-block-schedule.gt864_friso2_pair_t1c2_slothy_start.split.190_207:Objective: minimize cycles
INFO:gt864-friso2-two-block-schedule.gt864_friso2_pair_t1c2_slothy_start.split.190_207:Invoking external constraint solver (OR-Tools CP-SAT v9.15.6755) ...
INFO:gt864-friso2-two-block-schedule.gt864_friso2_pair_t1c2_slothy_start.split.190_207:[0.0151s]: Found 1 solutions so far... objective (minimize cycles): currently  (Cycles ~ 37.0, IPC ~ 0.46), bound  (Cycles ~ 29.0, IPC ~ 0.59)
INFO:gt864-friso2-two-block-schedule.gt864_friso2_pair_t1c2_slothy_start.split.190_207:[0.0165s]: Found 2 solutions so far... objective (minimize cycles): currently  (Cycles ~ 31.0, IPC ~ 0.55), bound  (Cycles ~ 29.0, IPC ~ 0.59)
INFO:gt864-friso2-two-block-schedule.gt864_friso2_pair_t1c2_slothy_start.split.190_207:OPTIMAL, wall time: 0.025246 s
INFO:gt864-friso2-two-block-schedule.gt864_friso2_pair_t1c2_slothy_start.split.190_207:Booleans in result: 43
INFO:gt864-friso2-two-block-schedule.gt864_friso2_pair_t1c2_slothy_start.split.190_207.selfcheck:OK!
INFO:gt864-friso2-two-block-schedule.gt864_friso2_pair_t1c2_slothy_start.split.190_207:Minimum number of stalls: 26
INFO:gt864-friso2-two-block-schedule.gt864_friso2_pair_t1c2_slothy_start.split.207_224:Perform internal binary search for minimal number of stalls...
INFO:gt864-friso2-two-block-schedule.gt864_friso2_pair_t1c2_slothy_start.split.207_224:Attempt optimization with max 256 stalls...
INFO:gt864-friso2-two-block-schedule.gt864_friso2_pair_t1c2_slothy_start.split.207_224:Setting timeout of 1800 seconds...
INFO:gt864-friso2-two-block-schedule.gt864_friso2_pair_t1c2_slothy_start.split.207_224:Objective: minimize cycles
INFO:gt864-friso2-two-block-schedule.gt864_friso2_pair_t1c2_slothy_start.split.207_224:Invoking external constraint solver (OR-Tools CP-SAT v9.15.6755) ...
INFO:gt864-friso2-two-block-schedule.gt864_friso2_pair_t1c2_slothy_start.split.207_224:[0.0158s]: Found 1 solutions so far... objective (minimize cycles): currently  (Cycles ~ 35.0, IPC ~ 0.49), bound  (Cycles ~ 29.0, IPC ~ 0.59)
INFO:gt864-friso2-two-block-schedule.gt864_friso2_pair_t1c2_slothy_start.split.207_224:OPTIMAL, wall time: 0.025850 s
INFO:gt864-friso2-two-block-schedule.gt864_friso2_pair_t1c2_slothy_start.split.207_224:Booleans in result: 38
INFO:gt864-friso2-two-block-schedule.gt864_friso2_pair_t1c2_slothy_start.split.207_224.selfcheck:OK!
INFO:gt864-friso2-two-block-schedule.gt864_friso2_pair_t1c2_slothy_start.split.207_224:Minimum number of stalls: 30
INFO:gt864-friso2-two-block-schedule.gt864_friso2_pair_t1c2_slothy_start.split.224_242:Perform internal binary search for minimal number of stalls...
INFO:gt864-friso2-two-block-schedule.gt864_friso2_pair_t1c2_slothy_start.split.224_242:Attempt optimization with max 256 stalls...
INFO:gt864-friso2-two-block-schedule.gt864_friso2_pair_t1c2_slothy_start.split.224_242:Setting timeout of 1800 seconds...
INFO:gt864-friso2-two-block-schedule.gt864_friso2_pair_t1c2_slothy_start.split.224_242:Objective: minimize cycles
INFO:gt864-friso2-two-block-schedule.gt864_friso2_pair_t1c2_slothy_start.split.224_242:Invoking external constraint solver (OR-Tools CP-SAT v9.15.6755) ...
INFO:gt864-friso2-two-block-schedule.gt864_friso2_pair_t1c2_slothy_start.split.224_242:[0.0155s]: Found 1 solutions so far... objective (minimize cycles): currently  (Cycles ~ 50.0, IPC ~ 0.36), bound  (Cycles ~ 34.0, IPC ~ 0.53)
INFO:gt864-friso2-two-block-schedule.gt864_friso2_pair_t1c2_slothy_start.split.224_242:[0.0160s]: Found 2 solutions so far... objective (minimize cycles): currently  (Cycles ~ 42.0, IPC ~ 0.43), bound  (Cycles ~ 34.0, IPC ~ 0.53)
INFO:gt864-friso2-two-block-schedule.gt864_friso2_pair_t1c2_slothy_start.split.224_242:OPTIMAL, wall time: 0.023406 s
INFO:gt864-friso2-two-block-schedule.gt864_friso2_pair_t1c2_slothy_start.split.224_242:Booleans in result: 40
INFO:gt864-friso2-two-block-schedule.gt864_friso2_pair_t1c2_slothy_start.split.224_242.selfcheck:OK!
INFO:gt864-friso2-two-block-schedule.gt864_friso2_pair_t1c2_slothy_start.split.224_242:Minimum number of stalls: 37
INFO:gt864-friso2-two-block-schedule.gt864_friso2_pair_t1c2_slothy_start.split.242_259:Perform internal binary search for minimal number of stalls...
INFO:gt864-friso2-two-block-schedule.gt864_friso2_pair_t1c2_slothy_start.split.242_259:Attempt optimization with max 256 stalls...
INFO:gt864-friso2-two-block-schedule.gt864_friso2_pair_t1c2_slothy_start.split.242_259:Setting timeout of 1800 seconds...
INFO:gt864-friso2-two-block-schedule.gt864_friso2_pair_t1c2_slothy_start.split.242_259:Objective: minimize cycles
INFO:gt864-friso2-two-block-schedule.gt864_friso2_pair_t1c2_slothy_start.split.242_259:Invoking external constraint solver (OR-Tools CP-SAT v9.15.6755) ...
INFO:gt864-friso2-two-block-schedule.gt864_friso2_pair_t1c2_slothy_start.split.242_259:[0.0143s]: Found 1 solutions so far... objective (minimize cycles): currently  (Cycles ~ 38.0, IPC ~ 0.45), bound  (Cycles ~ 31.0, IPC ~ 0.55)
INFO:gt864-friso2-two-block-schedule.gt864_friso2_pair_t1c2_slothy_start.split.242_259:[0.0147s]: Found 2 solutions so far... objective (minimize cycles): currently  (Cycles ~ 37.0, IPC ~ 0.46), bound  (Cycles ~ 31.0, IPC ~ 0.55)
INFO:gt864-friso2-two-block-schedule.gt864_friso2_pair_t1c2_slothy_start.split.242_259:OPTIMAL, wall time: 0.023004 s
INFO:gt864-friso2-two-block-schedule.gt864_friso2_pair_t1c2_slothy_start.split.242_259:Booleans in result: 38
INFO:gt864-friso2-two-block-schedule.gt864_friso2_pair_t1c2_slothy_start.split.242_259.selfcheck:OK!
INFO:gt864-friso2-two-block-schedule.gt864_friso2_pair_t1c2_slothy_start.split.242_259:Minimum number of stalls: 32
INFO:gt864-friso2-two-block-schedule.gt864_friso2_pair_t1c2_slothy_start.split.259_276:Perform internal binary search for minimal number of stalls...
INFO:gt864-friso2-two-block-schedule.gt864_friso2_pair_t1c2_slothy_start.split.259_276:Attempt optimization with max 256 stalls...
INFO:gt864-friso2-two-block-schedule.gt864_friso2_pair_t1c2_slothy_start.split.259_276:Setting timeout of 1800 seconds...
INFO:gt864-friso2-two-block-schedule.gt864_friso2_pair_t1c2_slothy_start.split.259_276:Objective: minimize cycles
INFO:gt864-friso2-two-block-schedule.gt864_friso2_pair_t1c2_slothy_start.split.259_276:Invoking external constraint solver (OR-Tools CP-SAT v9.15.6755) ...
INFO:gt864-friso2-two-block-schedule.gt864_friso2_pair_t1c2_slothy_start.split.259_276:[0.0140s]: Found 1 solutions so far... objective (minimize cycles): currently  (Cycles ~ 42.0, IPC ~ 0.40), bound  (Cycles ~ 34.0, IPC ~ 0.50)
INFO:gt864-friso2-two-block-schedule.gt864_friso2_pair_t1c2_slothy_start.split.259_276:OPTIMAL, wall time: 0.025264 s
INFO:gt864-friso2-two-block-schedule.gt864_friso2_pair_t1c2_slothy_start.split.259_276:Booleans in result: 40
INFO:gt864-friso2-two-block-schedule.gt864_friso2_pair_t1c2_slothy_start.split.259_276.selfcheck:OK!
INFO:gt864-friso2-two-block-schedule.gt864_friso2_pair_t1c2_slothy_start.split.259_276:Minimum number of stalls: 37
INFO:gt864-friso2-two-block-schedule.gt864_friso2_pair_t1c2_slothy_start.split:Initial stalls
INFO:gt864-friso2-two-block-schedule.gt864_friso2_pair_t1c2_slothy_start.split:[  0-  5]: *********...... (9)
INFO:gt864-friso2-two-block-schedule.gt864_friso2_pair_t1c2_slothy_start.split:[  5- 11]: *************.. (13)
INFO:gt864-friso2-two-block-schedule.gt864_friso2_pair_t1c2_slothy_start.split:[ 11- 16]: *************.. (13)
INFO:gt864-friso2-two-block-schedule.gt864_friso2_pair_t1c2_slothy_start.split:[ 16- 22]: *************.. (13)
INFO:gt864-friso2-two-block-schedule.gt864_friso2_pair_t1c2_slothy_start.split:[ 22- 27]: *************.. (13)
INFO:gt864-friso2-two-block-schedule.gt864_friso2_pair_t1c2_slothy_start.split:[ 27- 33]: *************.. (13)
INFO:gt864-friso2-two-block-schedule.gt864_friso2_pair_t1c2_slothy_start.split:[ 33- 38]: *************.. (13)
INFO:gt864-friso2-two-block-schedule.gt864_friso2_pair_t1c2_slothy_start.split:[ 38- 44]: *************.. (13)
INFO:gt864-friso2-two-block-schedule.gt864_friso2_pair_t1c2_slothy_start.split:[ 44- 49]: *************.. (13)
INFO:gt864-friso2-two-block-schedule.gt864_friso2_pair_t1c2_slothy_start.split:[ 49- 55]: ***********.... (11)
INFO:gt864-friso2-two-block-schedule.gt864_friso2_pair_t1c2_slothy_start.split:[ 55- 60]: **********..... (10)
INFO:gt864-friso2-two-block-schedule.gt864_friso2_pair_t1c2_slothy_start.split:[ 60- 66]: **********..... (10)
INFO:gt864-friso2-two-block-schedule.gt864_friso2_pair_t1c2_slothy_start.split:[ 66- 71]: **********..... (10)
INFO:gt864-friso2-two-block-schedule.gt864_friso2_pair_t1c2_slothy_start.split:[ 71- 77]: ***********.... (11)
INFO:gt864-friso2-two-block-schedule.gt864_friso2_pair_t1c2_slothy_start.split:[ 77- 82]: ************... (12)
INFO:gt864-friso2-two-block-schedule.gt864_friso2_pair_t1c2_slothy_start.split:[ 82- 88]: *************.. (13)
INFO:gt864-friso2-two-block-schedule.gt864_friso2_pair_t1c2_slothy_start.split:[ 88- 93]: *************.. (13)
INFO:gt864-friso2-two-block-schedule.gt864_friso2_pair_t1c2_slothy_start.split:[ 93- 99]: *************.. (13)
INFO:gt864-friso2-two-block-schedule.gt864_friso2_pair_t1c2_slothy_start.split:[ 99-104]: ************... (12)
INFO:gt864-friso2-two-block-schedule.gt864_friso2_pair_t1c2_slothy_start.split:[104-110]: ************... (12)
INFO:gt864-friso2-two-block-schedule.gt864_friso2_pair_t1c2_slothy_start.split:[110-115]: *************.. (13)
INFO:gt864-friso2-two-block-schedule.gt864_friso2_pair_t1c2_slothy_start.split:[115-121]: *************.. (13)
INFO:gt864-friso2-two-block-schedule.gt864_friso2_pair_t1c2_slothy_start.split:[121-126]: *************.. (13)
INFO:gt864-friso2-two-block-schedule.gt864_friso2_pair_t1c2_slothy_start.split:[126-132]: *************.. (13)
INFO:gt864-friso2-two-block-schedule.gt864_friso2_pair_t1c2_slothy_start.split:[132-138]: *************.. (13)
INFO:gt864-friso2-two-block-schedule.gt864_friso2_pair_t1c2_slothy_start.split:[138-143]: *************.. (13)
INFO:gt864-friso2-two-block-schedule.gt864_friso2_pair_t1c2_slothy_start.split:[143-149]: *************.. (13)
INFO:gt864-friso2-two-block-schedule.gt864_friso2_pair_t1c2_slothy_start.split:[149-154]: *************.. (13)
INFO:gt864-friso2-two-block-schedule.gt864_friso2_pair_t1c2_slothy_start.split:[154-160]: *************.. (13)
INFO:gt864-friso2-two-block-schedule.gt864_friso2_pair_t1c2_slothy_start.split:[160-165]: *************.. (13)
INFO:gt864-friso2-two-block-schedule.gt864_friso2_pair_t1c2_slothy_start.split:[165-171]: *************.. (13)
INFO:gt864-friso2-two-block-schedule.gt864_friso2_pair_t1c2_slothy_start.split:[171-176]: *************.. (13)
INFO:gt864-friso2-two-block-schedule.gt864_friso2_pair_t1c2_slothy_start.split:[176-182]: *************.. (13)
INFO:gt864-friso2-two-block-schedule.gt864_friso2_pair_t1c2_slothy_start.split:[182-187]: *************.. (13)
INFO:gt864-friso2-two-block-schedule.gt864_friso2_pair_t1c2_slothy_start.split:[187-193]: ***********.... (11)
INFO:gt864-friso2-two-block-schedule.gt864_friso2_pair_t1c2_slothy_start.split:[193-198]: **********..... (10)
INFO:gt864-friso2-two-block-schedule.gt864_friso2_pair_t1c2_slothy_start.split:[198-204]: **********..... (10)
INFO:gt864-friso2-two-block-schedule.gt864_friso2_pair_t1c2_slothy_start.split:[204-209]: **********..... (10)
INFO:gt864-friso2-two-block-schedule.gt864_friso2_pair_t1c2_slothy_start.split:[209-215]: ***********.... (11)
INFO:gt864-friso2-two-block-schedule.gt864_friso2_pair_t1c2_slothy_start.split:[215-220]: ************... (12)
INFO:gt864-friso2-two-block-schedule.gt864_friso2_pair_t1c2_slothy_start.split:[220-226]: *************.. (13)
INFO:gt864-friso2-two-block-schedule.gt864_friso2_pair_t1c2_slothy_start.split:[226-231]: *************.. (13)
INFO:gt864-friso2-two-block-schedule.gt864_friso2_pair_t1c2_slothy_start.split:[231-237]: *************.. (13)
INFO:gt864-friso2-two-block-schedule.gt864_friso2_pair_t1c2_slothy_start.split:[237-242]: ************... (12)
INFO:gt864-friso2-two-block-schedule.gt864_friso2_pair_t1c2_slothy_start.split:[242-248]: ************... (12)
INFO:gt864-friso2-two-block-schedule.gt864_friso2_pair_t1c2_slothy_start.split:[248-253]: *************.. (13)
INFO:gt864-friso2-two-block-schedule.gt864_friso2_pair_t1c2_slothy_start.split:[253-259]: *************.. (13)
INFO:gt864-friso2-two-block-schedule.gt864_friso2_pair_t1c2_slothy_start.split:[259-264]: **************. (14)
INFO:gt864-friso2-two-block-schedule.gt864_friso2_pair_t1c2_slothy_start.split:[264-270]: **************. (14)
INFO:gt864-friso2-two-block-schedule.gt864_friso2_pair_t1c2_slothy_start.split:[270-276]: **********..... (10)
INFO:gt864-friso2-two-block-schedule.gt864_friso2_pair_t1c2_slothy_start.split.0_17:Perform internal binary search for minimal number of stalls...
INFO:gt864-friso2-two-block-schedule.gt864_friso2_pair_t1c2_slothy_start.split.0_17:Attempt optimization with max 256 stalls...
INFO:gt864-friso2-two-block-schedule.gt864_friso2_pair_t1c2_slothy_start.split.0_17:Setting timeout of 1800 seconds...
INFO:gt864-friso2-two-block-schedule.gt864_friso2_pair_t1c2_slothy_start.split.0_17:Objective: minimize cycles
INFO:gt864-friso2-two-block-schedule.gt864_friso2_pair_t1c2_slothy_start.split.0_17:Invoking external constraint solver (OR-Tools CP-SAT v9.15.6755) ...
INFO:gt864-friso2-two-block-schedule.gt864_friso2_pair_t1c2_slothy_start.split.0_17:[0.1167s]: Found 1 solutions so far... objective (minimize cycles): currently  (Cycles ~ 40.0, IPC ~ 0.42), bound  (Cycles ~ 12.0, IPC ~ 1.42)
INFO:gt864-friso2-two-block-schedule.gt864_friso2_pair_t1c2_slothy_start.split.0_17:[0.1207s]: Found 2 solutions so far... objective (minimize cycles): currently  (Cycles ~ 24.0, IPC ~ 0.71), bound  (Cycles ~ 15.0, IPC ~ 1.13)
INFO:gt864-friso2-two-block-schedule.gt864_friso2_pair_t1c2_slothy_start.split.0_17:[0.1232s]: Found 3 solutions so far... objective (minimize cycles): currently  (Cycles ~ 22.0, IPC ~ 0.77), bound  (Cycles ~ 15.0, IPC ~ 1.13)
INFO:gt864-friso2-two-block-schedule.gt864_friso2_pair_t1c2_slothy_start.split.0_17:[0.1262s]: Found 4 solutions so far... objective (minimize cycles): currently  (Cycles ~ 21.0, IPC ~ 0.81), bound  (Cycles ~ 16.0, IPC ~ 1.06)
INFO:gt864-friso2-two-block-schedule.gt864_friso2_pair_t1c2_slothy_start.split.0_17:OPTIMAL, wall time: 0.135236 s
INFO:gt864-friso2-two-block-schedule.gt864_friso2_pair_t1c2_slothy_start.split.0_17:Booleans in result: 103
INFO:gt864-friso2-two-block-schedule.gt864_friso2_pair_t1c2_slothy_start.split.0_17.selfcheck:OK!
INFO:gt864-friso2-two-block-schedule.gt864_friso2_pair_t1c2_slothy_start.split.0_17:Minimum number of stalls: 16
INFO:gt864-friso2-two-block-schedule.gt864_friso2_pair_t1c2_slothy_start.split:[  0-  5]: *******......... (7)
INFO:gt864-friso2-two-block-schedule.gt864_friso2_pair_t1c2_slothy_start.split:[  5- 11]: ************.... (12)
INFO:gt864-friso2-two-block-schedule.gt864_friso2_pair_t1c2_slothy_start.split:[ 11- 16]: **************.. (14)
INFO:gt864-friso2-two-block-schedule.gt864_friso2_pair_t1c2_slothy_start.split:[ 16- 22]: **************.. (14)
INFO:gt864-friso2-two-block-schedule.gt864_friso2_pair_t1c2_slothy_start.split:[ 22- 27]: *************... (13)
INFO:gt864-friso2-two-block-schedule.gt864_friso2_pair_t1c2_slothy_start.split:[ 27- 33]: *************... (13)
INFO:gt864-friso2-two-block-schedule.gt864_friso2_pair_t1c2_slothy_start.split:[ 33- 38]: *************... (13)
INFO:gt864-friso2-two-block-schedule.gt864_friso2_pair_t1c2_slothy_start.split:[ 38- 44]: *************... (13)
INFO:gt864-friso2-two-block-schedule.gt864_friso2_pair_t1c2_slothy_start.split:[ 44- 49]: *************... (13)
INFO:gt864-friso2-two-block-schedule.gt864_friso2_pair_t1c2_slothy_start.split:[ 49- 55]: ***********..... (11)
INFO:gt864-friso2-two-block-schedule.gt864_friso2_pair_t1c2_slothy_start.split:[ 55- 60]: **********...... (10)
INFO:gt864-friso2-two-block-schedule.gt864_friso2_pair_t1c2_slothy_start.split:[ 60- 66]: **********...... (10)
INFO:gt864-friso2-two-block-schedule.gt864_friso2_pair_t1c2_slothy_start.split:[ 66- 71]: **********...... (10)
INFO:gt864-friso2-two-block-schedule.gt864_friso2_pair_t1c2_slothy_start.split:[ 71- 77]: ***********..... (11)
INFO:gt864-friso2-two-block-schedule.gt864_friso2_pair_t1c2_slothy_start.split:[ 77- 82]: ************.... (12)
INFO:gt864-friso2-two-block-schedule.gt864_friso2_pair_t1c2_slothy_start.split:[ 82- 88]: *************... (13)
INFO:gt864-friso2-two-block-schedule.gt864_friso2_pair_t1c2_slothy_start.split:[ 88- 93]: *************... (13)
INFO:gt864-friso2-two-block-schedule.gt864_friso2_pair_t1c2_slothy_start.split:[ 93- 99]: *************... (13)
INFO:gt864-friso2-two-block-schedule.gt864_friso2_pair_t1c2_slothy_start.split:[ 99-104]: ************.... (12)
INFO:gt864-friso2-two-block-schedule.gt864_friso2_pair_t1c2_slothy_start.split:[104-110]: ************.... (12)
INFO:gt864-friso2-two-block-schedule.gt864_friso2_pair_t1c2_slothy_start.split:[110-115]: *************... (13)
INFO:gt864-friso2-two-block-schedule.gt864_friso2_pair_t1c2_slothy_start.split:[115-121]: *************... (13)
INFO:gt864-friso2-two-block-schedule.gt864_friso2_pair_t1c2_slothy_start.split:[121-126]: *************... (13)
INFO:gt864-friso2-two-block-schedule.gt864_friso2_pair_t1c2_slothy_start.split:[126-132]: *************... (13)
INFO:gt864-friso2-two-block-schedule.gt864_friso2_pair_t1c2_slothy_start.split:[132-138]: *************... (13)
INFO:gt864-friso2-two-block-schedule.gt864_friso2_pair_t1c2_slothy_start.split:[138-143]: *************... (13)
INFO:gt864-friso2-two-block-schedule.gt864_friso2_pair_t1c2_slothy_start.split:[143-149]: *************... (13)
INFO:gt864-friso2-two-block-schedule.gt864_friso2_pair_t1c2_slothy_start.split:[149-154]: *************... (13)
INFO:gt864-friso2-two-block-schedule.gt864_friso2_pair_t1c2_slothy_start.split:[154-160]: *************... (13)
INFO:gt864-friso2-two-block-schedule.gt864_friso2_pair_t1c2_slothy_start.split:[160-165]: *************... (13)
INFO:gt864-friso2-two-block-schedule.gt864_friso2_pair_t1c2_slothy_start.split:[165-171]: *************... (13)
INFO:gt864-friso2-two-block-schedule.gt864_friso2_pair_t1c2_slothy_start.split:[171-176]: *************... (13)
INFO:gt864-friso2-two-block-schedule.gt864_friso2_pair_t1c2_slothy_start.split:[176-182]: *************... (13)
INFO:gt864-friso2-two-block-schedule.gt864_friso2_pair_t1c2_slothy_start.split:[182-187]: *************... (13)
INFO:gt864-friso2-two-block-schedule.gt864_friso2_pair_t1c2_slothy_start.split:[187-193]: ***********..... (11)
INFO:gt864-friso2-two-block-schedule.gt864_friso2_pair_t1c2_slothy_start.split:[193-198]: **********...... (10)
INFO:gt864-friso2-two-block-schedule.gt864_friso2_pair_t1c2_slothy_start.split:[198-204]: **********...... (10)
INFO:gt864-friso2-two-block-schedule.gt864_friso2_pair_t1c2_slothy_start.split:[204-209]: **********...... (10)
INFO:gt864-friso2-two-block-schedule.gt864_friso2_pair_t1c2_slothy_start.split:[209-215]: ***********..... (11)
INFO:gt864-friso2-two-block-schedule.gt864_friso2_pair_t1c2_slothy_start.split:[215-220]: ************.... (12)
INFO:gt864-friso2-two-block-schedule.gt864_friso2_pair_t1c2_slothy_start.split:[220-226]: *************... (13)
INFO:gt864-friso2-two-block-schedule.gt864_friso2_pair_t1c2_slothy_start.split:[226-231]: *************... (13)
INFO:gt864-friso2-two-block-schedule.gt864_friso2_pair_t1c2_slothy_start.split:[231-237]: *************... (13)
INFO:gt864-friso2-two-block-schedule.gt864_friso2_pair_t1c2_slothy_start.split:[237-242]: ************.... (12)
INFO:gt864-friso2-two-block-schedule.gt864_friso2_pair_t1c2_slothy_start.split:[242-248]: ************.... (12)
INFO:gt864-friso2-two-block-schedule.gt864_friso2_pair_t1c2_slothy_start.split:[248-253]: *************... (13)
INFO:gt864-friso2-two-block-schedule.gt864_friso2_pair_t1c2_slothy_start.split:[253-259]: *************... (13)
INFO:gt864-friso2-two-block-schedule.gt864_friso2_pair_t1c2_slothy_start.split:[259-264]: **************.. (14)
INFO:gt864-friso2-two-block-schedule.gt864_friso2_pair_t1c2_slothy_start.split:[264-270]: **************.. (14)
INFO:gt864-friso2-two-block-schedule.gt864_friso2_pair_t1c2_slothy_start.split:[270-276]: **********...... (10)
INFO:gt864-friso2-two-block-schedule.gt864_friso2_pair_t1c2_slothy_start.split.14_31:Perform internal binary search for minimal number of stalls...
INFO:gt864-friso2-two-block-schedule.gt864_friso2_pair_t1c2_slothy_start.split.14_31:Attempt optimization with max 256 stalls...
INFO:gt864-friso2-two-block-schedule.gt864_friso2_pair_t1c2_slothy_start.split.14_31:Setting timeout of 1800 seconds...
INFO:gt864-friso2-two-block-schedule.gt864_friso2_pair_t1c2_slothy_start.split.14_31:Objective: minimize cycles
INFO:gt864-friso2-two-block-schedule.gt864_friso2_pair_t1c2_slothy_start.split.14_31:Invoking external constraint solver (OR-Tools CP-SAT v9.15.6755) ...
INFO:gt864-friso2-two-block-schedule.gt864_friso2_pair_t1c2_slothy_start.split.14_31:[0.0823s]: Found 1 solutions so far... objective (minimize cycles): currently  (Cycles ~ 26.0, IPC ~ 0.65), bound  (Cycles ~ 14.0, IPC ~ 1.21)
INFO:gt864-friso2-two-block-schedule.gt864_friso2_pair_t1c2_slothy_start.split.14_31:[0.0871s]: Found 2 solutions so far... objective (minimize cycles): currently  (Cycles ~ 24.0, IPC ~ 0.71), bound  (Cycles ~ 22.0, IPC ~ 0.77)
INFO:gt864-friso2-two-block-schedule.gt864_friso2_pair_t1c2_slothy_start.split.14_31:[0.0889s]: Found 3 solutions so far... objective (minimize cycles): currently  (Cycles ~ 23.0, IPC ~ 0.74), bound  (Cycles ~ 22.0, IPC ~ 0.77)
INFO:gt864-friso2-two-block-schedule.gt864_friso2_pair_t1c2_slothy_start.split.14_31:OPTIMAL, wall time: 0.098851 s
INFO:gt864-friso2-two-block-schedule.gt864_friso2_pair_t1c2_slothy_start.split.14_31:Booleans in result: 102
INFO:gt864-friso2-two-block-schedule.gt864_friso2_pair_t1c2_slothy_start.split.14_31.selfcheck:OK!
INFO:gt864-friso2-two-block-schedule.gt864_friso2_pair_t1c2_slothy_start.split.14_31:Minimum number of stalls: 18
INFO:gt864-friso2-two-block-schedule.gt864_friso2_pair_t1c2_slothy_start.split:[  0-  5]: *******......... (7)
INFO:gt864-friso2-two-block-schedule.gt864_friso2_pair_t1c2_slothy_start.split:[  5- 11]: **********...... (10)
INFO:gt864-friso2-two-block-schedule.gt864_friso2_pair_t1c2_slothy_start.split:[ 11- 16]: ************.... (12)
INFO:gt864-friso2-two-block-schedule.gt864_friso2_pair_t1c2_slothy_start.split:[ 16- 22]: *************... (13)
INFO:gt864-friso2-two-block-schedule.gt864_friso2_pair_t1c2_slothy_start.split:[ 22- 27]: **************.. (14)
INFO:gt864-friso2-two-block-schedule.gt864_friso2_pair_t1c2_slothy_start.split:[ 27- 33]: ***************. (15)
INFO:gt864-friso2-two-block-schedule.gt864_friso2_pair_t1c2_slothy_start.split:[ 33- 38]: **************.. (14)
INFO:gt864-friso2-two-block-schedule.gt864_friso2_pair_t1c2_slothy_start.split:[ 38- 44]: *************... (13)
INFO:gt864-friso2-two-block-schedule.gt864_friso2_pair_t1c2_slothy_start.split:[ 44- 49]: *************... (13)
INFO:gt864-friso2-two-block-schedule.gt864_friso2_pair_t1c2_slothy_start.split:[ 49- 55]: ***********..... (11)
INFO:gt864-friso2-two-block-schedule.gt864_friso2_pair_t1c2_slothy_start.split:[ 55- 60]: **********...... (10)
INFO:gt864-friso2-two-block-schedule.gt864_friso2_pair_t1c2_slothy_start.split:[ 60- 66]: **********...... (10)
INFO:gt864-friso2-two-block-schedule.gt864_friso2_pair_t1c2_slothy_start.split:[ 66- 71]: **********...... (10)
INFO:gt864-friso2-two-block-schedule.gt864_friso2_pair_t1c2_slothy_start.split:[ 71- 77]: ***********..... (11)
INFO:gt864-friso2-two-block-schedule.gt864_friso2_pair_t1c2_slothy_start.split:[ 77- 82]: ************.... (12)
INFO:gt864-friso2-two-block-schedule.gt864_friso2_pair_t1c2_slothy_start.split:[ 82- 88]: *************... (13)
INFO:gt864-friso2-two-block-schedule.gt864_friso2_pair_t1c2_slothy_start.split:[ 88- 93]: *************... (13)
INFO:gt864-friso2-two-block-schedule.gt864_friso2_pair_t1c2_slothy_start.split:[ 93- 99]: *************... (13)
INFO:gt864-friso2-two-block-schedule.gt864_friso2_pair_t1c2_slothy_start.split:[ 99-104]: ************.... (12)
INFO:gt864-friso2-two-block-schedule.gt864_friso2_pair_t1c2_slothy_start.split:[104-110]: ************.... (12)
INFO:gt864-friso2-two-block-schedule.gt864_friso2_pair_t1c2_slothy_start.split:[110-115]: *************... (13)
INFO:gt864-friso2-two-block-schedule.gt864_friso2_pair_t1c2_slothy_start.split:[115-121]: *************... (13)
INFO:gt864-friso2-two-block-schedule.gt864_friso2_pair_t1c2_slothy_start.split:[121-126]: *************... (13)
INFO:gt864-friso2-two-block-schedule.gt864_friso2_pair_t1c2_slothy_start.split:[126-132]: *************... (13)
INFO:gt864-friso2-two-block-schedule.gt864_friso2_pair_t1c2_slothy_start.split:[132-138]: *************... (13)
INFO:gt864-friso2-two-block-schedule.gt864_friso2_pair_t1c2_slothy_start.split:[138-143]: *************... (13)
INFO:gt864-friso2-two-block-schedule.gt864_friso2_pair_t1c2_slothy_start.split:[143-149]: *************... (13)
INFO:gt864-friso2-two-block-schedule.gt864_friso2_pair_t1c2_slothy_start.split:[149-154]: *************... (13)
INFO:gt864-friso2-two-block-schedule.gt864_friso2_pair_t1c2_slothy_start.split:[154-160]: *************... (13)
INFO:gt864-friso2-two-block-schedule.gt864_friso2_pair_t1c2_slothy_start.split:[160-165]: *************... (13)
INFO:gt864-friso2-two-block-schedule.gt864_friso2_pair_t1c2_slothy_start.split:[165-171]: *************... (13)
INFO:gt864-friso2-two-block-schedule.gt864_friso2_pair_t1c2_slothy_start.split:[171-176]: *************... (13)
INFO:gt864-friso2-two-block-schedule.gt864_friso2_pair_t1c2_slothy_start.split:[176-182]: *************... (13)
INFO:gt864-friso2-two-block-schedule.gt864_friso2_pair_t1c2_slothy_start.split:[182-187]: *************... (13)
INFO:gt864-friso2-two-block-schedule.gt864_friso2_pair_t1c2_slothy_start.split:[187-193]: ***********..... (11)
INFO:gt864-friso2-two-block-schedule.gt864_friso2_pair_t1c2_slothy_start.split:[193-198]: **********...... (10)
INFO:gt864-friso2-two-block-schedule.gt864_friso2_pair_t1c2_slothy_start.split:[198-204]: **********...... (10)
INFO:gt864-friso2-two-block-schedule.gt864_friso2_pair_t1c2_slothy_start.split:[204-209]: **********...... (10)
INFO:gt864-friso2-two-block-schedule.gt864_friso2_pair_t1c2_slothy_start.split:[209-215]: ***********..... (11)
INFO:gt864-friso2-two-block-schedule.gt864_friso2_pair_t1c2_slothy_start.split:[215-220]: ************.... (12)
INFO:gt864-friso2-two-block-schedule.gt864_friso2_pair_t1c2_slothy_start.split:[220-226]: *************... (13)
INFO:gt864-friso2-two-block-schedule.gt864_friso2_pair_t1c2_slothy_start.split:[226-231]: *************... (13)
INFO:gt864-friso2-two-block-schedule.gt864_friso2_pair_t1c2_slothy_start.split:[231-237]: *************... (13)
INFO:gt864-friso2-two-block-schedule.gt864_friso2_pair_t1c2_slothy_start.split:[237-242]: ************.... (12)
INFO:gt864-friso2-two-block-schedule.gt864_friso2_pair_t1c2_slothy_start.split:[242-248]: ************.... (12)
INFO:gt864-friso2-two-block-schedule.gt864_friso2_pair_t1c2_slothy_start.split:[248-253]: *************... (13)
INFO:gt864-friso2-two-block-schedule.gt864_friso2_pair_t1c2_slothy_start.split:[253-259]: *************... (13)
INFO:gt864-friso2-two-block-schedule.gt864_friso2_pair_t1c2_slothy_start.split:[259-264]: **************.. (14)
INFO:gt864-friso2-two-block-schedule.gt864_friso2_pair_t1c2_slothy_start.split:[264-270]: **************.. (14)
INFO:gt864-friso2-two-block-schedule.gt864_friso2_pair_t1c2_slothy_start.split:[270-276]: **********...... (10)
INFO:gt864-friso2-two-block-schedule.gt864_friso2_pair_t1c2_slothy_start.split.28_45:Perform internal binary search for minimal number of stalls...
INFO:gt864-friso2-two-block-schedule.gt864_friso2_pair_t1c2_slothy_start.split.28_45:Attempt optimization with max 256 stalls...
INFO:gt864-friso2-two-block-schedule.gt864_friso2_pair_t1c2_slothy_start.split.28_45:Setting timeout of 1800 seconds...
INFO:gt864-friso2-two-block-schedule.gt864_friso2_pair_t1c2_slothy_start.split.28_45:Objective: minimize cycles
INFO:gt864-friso2-two-block-schedule.gt864_friso2_pair_t1c2_slothy_start.split.28_45:Invoking external constraint solver (OR-Tools CP-SAT v9.15.6755) ...
INFO:gt864-friso2-two-block-schedule.gt864_friso2_pair_t1c2_slothy_start.split.28_45:[0.0942s]: Found 1 solutions so far... objective (minimize cycles): currently  (Cycles ~ 40.0, IPC ~ 0.42), bound  (Cycles ~ 12.0, IPC ~ 1.42)
INFO:gt864-friso2-two-block-schedule.gt864_friso2_pair_t1c2_slothy_start.split.28_45:[0.1047s]: Found 2 solutions so far... objective (minimize cycles): currently  (Cycles ~ 26.0, IPC ~ 0.65), bound  (Cycles ~ 14.0, IPC ~ 1.21)
INFO:gt864-friso2-two-block-schedule.gt864_friso2_pair_t1c2_slothy_start.split.28_45:[0.1072s]: Found 3 solutions so far... objective (minimize cycles): currently  (Cycles ~ 25.0, IPC ~ 0.68), bound  (Cycles ~ 14.0, IPC ~ 1.21)
INFO:gt864-friso2-two-block-schedule.gt864_friso2_pair_t1c2_slothy_start.split.28_45:[0.1086s]: Found 4 solutions so far... objective (minimize cycles): currently  (Cycles ~ 24.0, IPC ~ 0.71), bound  (Cycles ~ 14.0, IPC ~ 1.21)
INFO:gt864-friso2-two-block-schedule.gt864_friso2_pair_t1c2_slothy_start.split.28_45:[0.1134s]: Found 5 solutions so far... objective (minimize cycles): currently  (Cycles ~ 23.0, IPC ~ 0.74), bound  (Cycles ~ 16.0, IPC ~ 1.06)
INFO:gt864-friso2-two-block-schedule.gt864_friso2_pair_t1c2_slothy_start.split.28_45:OPTIMAL, wall time: 0.126961 s
INFO:gt864-friso2-two-block-schedule.gt864_friso2_pair_t1c2_slothy_start.split.28_45:Booleans in result: 113
INFO:gt864-friso2-two-block-schedule.gt864_friso2_pair_t1c2_slothy_start.split.28_45.selfcheck:OK!
INFO:gt864-friso2-two-block-schedule.gt864_friso2_pair_t1c2_slothy_start.split.28_45:Minimum number of stalls: 18
INFO:gt864-friso2-two-block-schedule.gt864_friso2_pair_t1c2_slothy_start.split:[  0-  5]: *******......... (7)
INFO:gt864-friso2-two-block-schedule.gt864_friso2_pair_t1c2_slothy_start.split:[  5- 11]: **********...... (10)
INFO:gt864-friso2-two-block-schedule.gt864_friso2_pair_t1c2_slothy_start.split:[ 11- 16]: ************.... (12)
INFO:gt864-friso2-two-block-schedule.gt864_friso2_pair_t1c2_slothy_start.split:[ 16- 22]: ************.... (12)
INFO:gt864-friso2-two-block-schedule.gt864_friso2_pair_t1c2_slothy_start.split:[ 22- 27]: ***********..... (11)
INFO:gt864-friso2-two-block-schedule.gt864_friso2_pair_t1c2_slothy_start.split:[ 27- 33]: *************... (13)
INFO:gt864-friso2-two-block-schedule.gt864_friso2_pair_t1c2_slothy_start.split:[ 33- 38]: **************.. (14)
INFO:gt864-friso2-two-block-schedule.gt864_friso2_pair_t1c2_slothy_start.split:[ 38- 44]: ***************. (15)
INFO:gt864-friso2-two-block-schedule.gt864_friso2_pair_t1c2_slothy_start.split:[ 44- 49]: **************.. (14)
INFO:gt864-friso2-two-block-schedule.gt864_friso2_pair_t1c2_slothy_start.split:[ 49- 55]: ************.... (12)
INFO:gt864-friso2-two-block-schedule.gt864_friso2_pair_t1c2_slothy_start.split:[ 55- 60]: **********...... (10)
INFO:gt864-friso2-two-block-schedule.gt864_friso2_pair_t1c2_slothy_start.split:[ 60- 66]: **********...... (10)
INFO:gt864-friso2-two-block-schedule.gt864_friso2_pair_t1c2_slothy_start.split:[ 66- 71]: **********...... (10)
INFO:gt864-friso2-two-block-schedule.gt864_friso2_pair_t1c2_slothy_start.split:[ 71- 77]: ***********..... (11)
INFO:gt864-friso2-two-block-schedule.gt864_friso2_pair_t1c2_slothy_start.split:[ 77- 82]: ************.... (12)
INFO:gt864-friso2-two-block-schedule.gt864_friso2_pair_t1c2_slothy_start.split:[ 82- 88]: *************... (13)
INFO:gt864-friso2-two-block-schedule.gt864_friso2_pair_t1c2_slothy_start.split:[ 88- 93]: *************... (13)
INFO:gt864-friso2-two-block-schedule.gt864_friso2_pair_t1c2_slothy_start.split:[ 93- 99]: *************... (13)
INFO:gt864-friso2-two-block-schedule.gt864_friso2_pair_t1c2_slothy_start.split:[ 99-104]: ************.... (12)
INFO:gt864-friso2-two-block-schedule.gt864_friso2_pair_t1c2_slothy_start.split:[104-110]: ************.... (12)
INFO:gt864-friso2-two-block-schedule.gt864_friso2_pair_t1c2_slothy_start.split:[110-115]: *************... (13)
INFO:gt864-friso2-two-block-schedule.gt864_friso2_pair_t1c2_slothy_start.split:[115-121]: *************... (13)
INFO:gt864-friso2-two-block-schedule.gt864_friso2_pair_t1c2_slothy_start.split:[121-126]: *************... (13)
INFO:gt864-friso2-two-block-schedule.gt864_friso2_pair_t1c2_slothy_start.split:[126-132]: *************... (13)
INFO:gt864-friso2-two-block-schedule.gt864_friso2_pair_t1c2_slothy_start.split:[132-138]: *************... (13)
INFO:gt864-friso2-two-block-schedule.gt864_friso2_pair_t1c2_slothy_start.split:[138-143]: *************... (13)
INFO:gt864-friso2-two-block-schedule.gt864_friso2_pair_t1c2_slothy_start.split:[143-149]: *************... (13)
INFO:gt864-friso2-two-block-schedule.gt864_friso2_pair_t1c2_slothy_start.split:[149-154]: *************... (13)
INFO:gt864-friso2-two-block-schedule.gt864_friso2_pair_t1c2_slothy_start.split:[154-160]: *************... (13)
INFO:gt864-friso2-two-block-schedule.gt864_friso2_pair_t1c2_slothy_start.split:[160-165]: *************... (13)
INFO:gt864-friso2-two-block-schedule.gt864_friso2_pair_t1c2_slothy_start.split:[165-171]: *************... (13)
INFO:gt864-friso2-two-block-schedule.gt864_friso2_pair_t1c2_slothy_start.split:[171-176]: *************... (13)
INFO:gt864-friso2-two-block-schedule.gt864_friso2_pair_t1c2_slothy_start.split:[176-182]: *************... (13)
INFO:gt864-friso2-two-block-schedule.gt864_friso2_pair_t1c2_slothy_start.split:[182-187]: *************... (13)
INFO:gt864-friso2-two-block-schedule.gt864_friso2_pair_t1c2_slothy_start.split:[187-193]: ***********..... (11)
INFO:gt864-friso2-two-block-schedule.gt864_friso2_pair_t1c2_slothy_start.split:[193-198]: **********...... (10)
INFO:gt864-friso2-two-block-schedule.gt864_friso2_pair_t1c2_slothy_start.split:[198-204]: **********...... (10)
INFO:gt864-friso2-two-block-schedule.gt864_friso2_pair_t1c2_slothy_start.split:[204-209]: **********...... (10)
INFO:gt864-friso2-two-block-schedule.gt864_friso2_pair_t1c2_slothy_start.split:[209-215]: ***********..... (11)
INFO:gt864-friso2-two-block-schedule.gt864_friso2_pair_t1c2_slothy_start.split:[215-220]: ************.... (12)
INFO:gt864-friso2-two-block-schedule.gt864_friso2_pair_t1c2_slothy_start.split:[220-226]: *************... (13)
INFO:gt864-friso2-two-block-schedule.gt864_friso2_pair_t1c2_slothy_start.split:[226-231]: *************... (13)
INFO:gt864-friso2-two-block-schedule.gt864_friso2_pair_t1c2_slothy_start.split:[231-237]: *************... (13)
INFO:gt864-friso2-two-block-schedule.gt864_friso2_pair_t1c2_slothy_start.split:[237-242]: ************.... (12)
INFO:gt864-friso2-two-block-schedule.gt864_friso2_pair_t1c2_slothy_start.split:[242-248]: ************.... (12)
INFO:gt864-friso2-two-block-schedule.gt864_friso2_pair_t1c2_slothy_start.split:[248-253]: *************... (13)
INFO:gt864-friso2-two-block-schedule.gt864_friso2_pair_t1c2_slothy_start.split:[253-259]: *************... (13)
INFO:gt864-friso2-two-block-schedule.gt864_friso2_pair_t1c2_slothy_start.split:[259-264]: **************.. (14)
INFO:gt864-friso2-two-block-schedule.gt864_friso2_pair_t1c2_slothy_start.split:[264-270]: **************.. (14)
INFO:gt864-friso2-two-block-schedule.gt864_friso2_pair_t1c2_slothy_start.split:[270-276]: **********...... (10)
INFO:gt864-friso2-two-block-schedule.gt864_friso2_pair_t1c2_slothy_start.split.41_59:Perform internal binary search for minimal number of stalls...
INFO:gt864-friso2-two-block-schedule.gt864_friso2_pair_t1c2_slothy_start.split.41_59:Attempt optimization with max 256 stalls...
INFO:gt864-friso2-two-block-schedule.gt864_friso2_pair_t1c2_slothy_start.split.41_59:Setting timeout of 1800 seconds...
INFO:gt864-friso2-two-block-schedule.gt864_friso2_pair_t1c2_slothy_start.split.41_59:Objective: minimize cycles
INFO:gt864-friso2-two-block-schedule.gt864_friso2_pair_t1c2_slothy_start.split.41_59:Invoking external constraint solver (OR-Tools CP-SAT v9.15.6755) ...
INFO:gt864-friso2-two-block-schedule.gt864_friso2_pair_t1c2_slothy_start.split.41_59:[0.1795s]: Found 1 solutions so far... objective (minimize cycles): currently  (Cycles ~ 25.0, IPC ~ 0.72), bound  (Cycles ~ 13.0, IPC ~ 1.38)
INFO:gt864-friso2-two-block-schedule.gt864_friso2_pair_t1c2_slothy_start.split.41_59:[0.1885s]: Found 2 solutions so far... objective (minimize cycles): currently  (Cycles ~ 24.0, IPC ~ 0.75), bound  (Cycles ~ 17.0, IPC ~ 1.06)
INFO:gt864-friso2-two-block-schedule.gt864_friso2_pair_t1c2_slothy_start.split.41_59:[0.1944s]: Found 3 solutions so far... objective (minimize cycles): currently  (Cycles ~ 23.0, IPC ~ 0.78), bound  (Cycles ~ 17.0, IPC ~ 1.06)
INFO:gt864-friso2-two-block-schedule.gt864_friso2_pair_t1c2_slothy_start.split.41_59:[0.1964s]: Found 4 solutions so far... objective (minimize cycles): currently  (Cycles ~ 22.0, IPC ~ 0.82), bound  (Cycles ~ 17.0, IPC ~ 1.06)
INFO:gt864-friso2-two-block-schedule.gt864_friso2_pair_t1c2_slothy_start.split.41_59:[0.1987s]: Found 5 solutions so far... objective (minimize cycles): currently  (Cycles ~ 21.0, IPC ~ 0.86), bound  (Cycles ~ 17.0, IPC ~ 1.06)
INFO:gt864-friso2-two-block-schedule.gt864_friso2_pair_t1c2_slothy_start.split.41_59:[0.2086s]: Found 6 solutions so far... objective (minimize cycles): currently  (Cycles ~ 20.0, IPC ~ 0.90), bound  (Cycles ~ 17.0, IPC ~ 1.06)
INFO:gt864-friso2-two-block-schedule.gt864_friso2_pair_t1c2_slothy_start.split.41_59:[0.2158s]: Found 7 solutions so far... objective (minimize cycles): currently  (Cycles ~ 19.0, IPC ~ 0.95), bound  (Cycles ~ 17.0, IPC ~ 1.06)
INFO:gt864-friso2-two-block-schedule.gt864_friso2_pair_t1c2_slothy_start.split.41_59:OPTIMAL, wall time: 0.229102 s
INFO:gt864-friso2-two-block-schedule.gt864_friso2_pair_t1c2_slothy_start.split.41_59:Booleans in result: 132
INFO:gt864-friso2-two-block-schedule.gt864_friso2_pair_t1c2_slothy_start.split.41_59.selfcheck:OK!
INFO:gt864-friso2-two-block-schedule.gt864_friso2_pair_t1c2_slothy_start.split.41_59:Minimum number of stalls: 14
INFO:gt864-friso2-two-block-schedule.gt864_friso2_pair_t1c2_slothy_start.split:[  0-  5]: *******........ (7)
INFO:gt864-friso2-two-block-schedule.gt864_friso2_pair_t1c2_slothy_start.split:[  5- 11]: **********..... (10)
INFO:gt864-friso2-two-block-schedule.gt864_friso2_pair_t1c2_slothy_start.split:[ 11- 16]: ************... (12)
INFO:gt864-friso2-two-block-schedule.gt864_friso2_pair_t1c2_slothy_start.split:[ 16- 22]: ************... (12)
INFO:gt864-friso2-two-block-schedule.gt864_friso2_pair_t1c2_slothy_start.split:[ 22- 27]: ***********.... (11)
INFO:gt864-friso2-two-block-schedule.gt864_friso2_pair_t1c2_slothy_start.split:[ 27- 33]: *************.. (13)
INFO:gt864-friso2-two-block-schedule.gt864_friso2_pair_t1c2_slothy_start.split:[ 33- 38]: ************... (12)
INFO:gt864-friso2-two-block-schedule.gt864_friso2_pair_t1c2_slothy_start.split:[ 38- 44]: *************.. (13)
INFO:gt864-friso2-two-block-schedule.gt864_friso2_pair_t1c2_slothy_start.split:[ 44- 49]: **************. (14)
INFO:gt864-friso2-two-block-schedule.gt864_friso2_pair_t1c2_slothy_start.split:[ 49- 55]: *************.. (13)
INFO:gt864-friso2-two-block-schedule.gt864_friso2_pair_t1c2_slothy_start.split:[ 55- 60]: *************.. (13)
INFO:gt864-friso2-two-block-schedule.gt864_friso2_pair_t1c2_slothy_start.split:[ 60- 66]: ***********.... (11)
INFO:gt864-friso2-two-block-schedule.gt864_friso2_pair_t1c2_slothy_start.split:[ 66- 71]: **********..... (10)
INFO:gt864-friso2-two-block-schedule.gt864_friso2_pair_t1c2_slothy_start.split:[ 71- 77]: ***********.... (11)
INFO:gt864-friso2-two-block-schedule.gt864_friso2_pair_t1c2_slothy_start.split:[ 77- 82]: ************... (12)
INFO:gt864-friso2-two-block-schedule.gt864_friso2_pair_t1c2_slothy_start.split:[ 82- 88]: *************.. (13)
INFO:gt864-friso2-two-block-schedule.gt864_friso2_pair_t1c2_slothy_start.split:[ 88- 93]: *************.. (13)
INFO:gt864-friso2-two-block-schedule.gt864_friso2_pair_t1c2_slothy_start.split:[ 93- 99]: *************.. (13)
INFO:gt864-friso2-two-block-schedule.gt864_friso2_pair_t1c2_slothy_start.split:[ 99-104]: ************... (12)
INFO:gt864-friso2-two-block-schedule.gt864_friso2_pair_t1c2_slothy_start.split:[104-110]: ************... (12)
INFO:gt864-friso2-two-block-schedule.gt864_friso2_pair_t1c2_slothy_start.split:[110-115]: *************.. (13)
INFO:gt864-friso2-two-block-schedule.gt864_friso2_pair_t1c2_slothy_start.split:[115-121]: *************.. (13)
INFO:gt864-friso2-two-block-schedule.gt864_friso2_pair_t1c2_slothy_start.split:[121-126]: *************.. (13)
INFO:gt864-friso2-two-block-schedule.gt864_friso2_pair_t1c2_slothy_start.split:[126-132]: *************.. (13)
INFO:gt864-friso2-two-block-schedule.gt864_friso2_pair_t1c2_slothy_start.split:[132-138]: *************.. (13)
INFO:gt864-friso2-two-block-schedule.gt864_friso2_pair_t1c2_slothy_start.split:[138-143]: *************.. (13)
INFO:gt864-friso2-two-block-schedule.gt864_friso2_pair_t1c2_slothy_start.split:[143-149]: *************.. (13)
INFO:gt864-friso2-two-block-schedule.gt864_friso2_pair_t1c2_slothy_start.split:[149-154]: *************.. (13)
INFO:gt864-friso2-two-block-schedule.gt864_friso2_pair_t1c2_slothy_start.split:[154-160]: *************.. (13)
INFO:gt864-friso2-two-block-schedule.gt864_friso2_pair_t1c2_slothy_start.split:[160-165]: *************.. (13)
INFO:gt864-friso2-two-block-schedule.gt864_friso2_pair_t1c2_slothy_start.split:[165-171]: *************.. (13)
INFO:gt864-friso2-two-block-schedule.gt864_friso2_pair_t1c2_slothy_start.split:[171-176]: *************.. (13)
INFO:gt864-friso2-two-block-schedule.gt864_friso2_pair_t1c2_slothy_start.split:[176-182]: *************.. (13)
INFO:gt864-friso2-two-block-schedule.gt864_friso2_pair_t1c2_slothy_start.split:[182-187]: *************.. (13)
INFO:gt864-friso2-two-block-schedule.gt864_friso2_pair_t1c2_slothy_start.split:[187-193]: ***********.... (11)
INFO:gt864-friso2-two-block-schedule.gt864_friso2_pair_t1c2_slothy_start.split:[193-198]: **********..... (10)
INFO:gt864-friso2-two-block-schedule.gt864_friso2_pair_t1c2_slothy_start.split:[198-204]: **********..... (10)
INFO:gt864-friso2-two-block-schedule.gt864_friso2_pair_t1c2_slothy_start.split:[204-209]: **********..... (10)
INFO:gt864-friso2-two-block-schedule.gt864_friso2_pair_t1c2_slothy_start.split:[209-215]: ***********.... (11)
INFO:gt864-friso2-two-block-schedule.gt864_friso2_pair_t1c2_slothy_start.split:[215-220]: ************... (12)
INFO:gt864-friso2-two-block-schedule.gt864_friso2_pair_t1c2_slothy_start.split:[220-226]: *************.. (13)
INFO:gt864-friso2-two-block-schedule.gt864_friso2_pair_t1c2_slothy_start.split:[226-231]: *************.. (13)
INFO:gt864-friso2-two-block-schedule.gt864_friso2_pair_t1c2_slothy_start.split:[231-237]: *************.. (13)
INFO:gt864-friso2-two-block-schedule.gt864_friso2_pair_t1c2_slothy_start.split:[237-242]: ************... (12)
INFO:gt864-friso2-two-block-schedule.gt864_friso2_pair_t1c2_slothy_start.split:[242-248]: ************... (12)
INFO:gt864-friso2-two-block-schedule.gt864_friso2_pair_t1c2_slothy_start.split:[248-253]: *************.. (13)
INFO:gt864-friso2-two-block-schedule.gt864_friso2_pair_t1c2_slothy_start.split:[253-259]: *************.. (13)
INFO:gt864-friso2-two-block-schedule.gt864_friso2_pair_t1c2_slothy_start.split:[259-264]: **************. (14)
INFO:gt864-friso2-two-block-schedule.gt864_friso2_pair_t1c2_slothy_start.split:[264-270]: **************. (14)
INFO:gt864-friso2-two-block-schedule.gt864_friso2_pair_t1c2_slothy_start.split:[270-276]: **********..... (10)
INFO:gt864-friso2-two-block-schedule.gt864_friso2_pair_t1c2_slothy_start.split.55_72:Perform internal binary search for minimal number of stalls...
INFO:gt864-friso2-two-block-schedule.gt864_friso2_pair_t1c2_slothy_start.split.55_72:Attempt optimization with max 256 stalls...
INFO:gt864-friso2-two-block-schedule.gt864_friso2_pair_t1c2_slothy_start.split.55_72:Setting timeout of 1800 seconds...
INFO:gt864-friso2-two-block-schedule.gt864_friso2_pair_t1c2_slothy_start.split.55_72:Objective: minimize cycles
INFO:gt864-friso2-two-block-schedule.gt864_friso2_pair_t1c2_slothy_start.split.55_72:Invoking external constraint solver (OR-Tools CP-SAT v9.15.6755) ...
INFO:gt864-friso2-two-block-schedule.gt864_friso2_pair_t1c2_slothy_start.split.55_72:[0.1210s]: Found 1 solutions so far... objective (minimize cycles): currently  (Cycles ~ 18.0, IPC ~ 0.94), bound  (Cycles ~ 13.0, IPC ~ 1.31)
INFO:gt864-friso2-two-block-schedule.gt864_friso2_pair_t1c2_slothy_start.split.55_72:[0.1255s]: Found 2 solutions so far... objective (minimize cycles): currently  (Cycles ~ 17.0, IPC ~ 1.00), bound  (Cycles ~ 13.0, IPC ~ 1.31)
INFO:gt864-friso2-two-block-schedule.gt864_friso2_pair_t1c2_slothy_start.split.55_72:[0.1330s]: Found 3 solutions so far... objective (minimize cycles): currently  (Cycles ~ 16.0, IPC ~ 1.06), bound  (Cycles ~ 14.0, IPC ~ 1.21)
INFO:gt864-friso2-two-block-schedule.gt864_friso2_pair_t1c2_slothy_start.split.55_72:[0.1354s]: Found 4 solutions so far... objective (minimize cycles): currently  (Cycles ~ 15.0, IPC ~ 1.13), bound  (Cycles ~ 14.0, IPC ~ 1.21)
INFO:gt864-friso2-two-block-schedule.gt864_friso2_pair_t1c2_slothy_start.split.55_72:[0.1394s]: Found 5 solutions so far... objective (minimize cycles): currently  (Cycles ~ 14.0, IPC ~ 1.21), bound  (Cycles ~ 14.0, IPC ~ 1.21)
INFO:gt864-friso2-two-block-schedule.gt864_friso2_pair_t1c2_slothy_start.split.55_72:Closer than 0 stalls to theoretical optimum... stop
INFO:gt864-friso2-two-block-schedule.gt864_friso2_pair_t1c2_slothy_start.split.55_72:OPTIMAL, wall time: 0.148110 s
INFO:gt864-friso2-two-block-schedule.gt864_friso2_pair_t1c2_slothy_start.split.55_72:Booleans in result: 104
INFO:gt864-friso2-two-block-schedule.gt864_friso2_pair_t1c2_slothy_start.split.55_72.selfcheck:OK!
INFO:gt864-friso2-two-block-schedule.gt864_friso2_pair_t1c2_slothy_start.split.55_72:Minimum number of stalls: 9
INFO:gt864-friso2-two-block-schedule.gt864_friso2_pair_t1c2_slothy_start.split:[  0-  5]: *******........ (7)
INFO:gt864-friso2-two-block-schedule.gt864_friso2_pair_t1c2_slothy_start.split:[  5- 11]: **********..... (10)
INFO:gt864-friso2-two-block-schedule.gt864_friso2_pair_t1c2_slothy_start.split:[ 11- 16]: ************... (12)
INFO:gt864-friso2-two-block-schedule.gt864_friso2_pair_t1c2_slothy_start.split:[ 16- 22]: ************... (12)
INFO:gt864-friso2-two-block-schedule.gt864_friso2_pair_t1c2_slothy_start.split:[ 22- 27]: ***********.... (11)
INFO:gt864-friso2-two-block-schedule.gt864_friso2_pair_t1c2_slothy_start.split:[ 27- 33]: *************.. (13)
INFO:gt864-friso2-two-block-schedule.gt864_friso2_pair_t1c2_slothy_start.split:[ 33- 38]: ************... (12)
INFO:gt864-friso2-two-block-schedule.gt864_friso2_pair_t1c2_slothy_start.split:[ 38- 44]: *************.. (13)
INFO:gt864-friso2-two-block-schedule.gt864_friso2_pair_t1c2_slothy_start.split:[ 44- 49]: *************.. (13)
INFO:gt864-friso2-two-block-schedule.gt864_friso2_pair_t1c2_slothy_start.split:[ 49- 55]: *************.. (13)
INFO:gt864-friso2-two-block-schedule.gt864_friso2_pair_t1c2_slothy_start.split:[ 55- 60]: ************... (12)
INFO:gt864-friso2-two-block-schedule.gt864_friso2_pair_t1c2_slothy_start.split:[ 60- 66]: ************... (12)
INFO:gt864-friso2-two-block-schedule.gt864_friso2_pair_t1c2_slothy_start.split:[ 66- 71]: ***********.... (11)
INFO:gt864-friso2-two-block-schedule.gt864_friso2_pair_t1c2_slothy_start.split:[ 71- 77]: ************... (12)
INFO:gt864-friso2-two-block-schedule.gt864_friso2_pair_t1c2_slothy_start.split:[ 77- 82]: ************... (12)
INFO:gt864-friso2-two-block-schedule.gt864_friso2_pair_t1c2_slothy_start.split:[ 82- 88]: *************.. (13)
INFO:gt864-friso2-two-block-schedule.gt864_friso2_pair_t1c2_slothy_start.split:[ 88- 93]: *************.. (13)
INFO:gt864-friso2-two-block-schedule.gt864_friso2_pair_t1c2_slothy_start.split:[ 93- 99]: *************.. (13)
INFO:gt864-friso2-two-block-schedule.gt864_friso2_pair_t1c2_slothy_start.split:[ 99-104]: ************... (12)
INFO:gt864-friso2-two-block-schedule.gt864_friso2_pair_t1c2_slothy_start.split:[104-110]: ************... (12)
INFO:gt864-friso2-two-block-schedule.gt864_friso2_pair_t1c2_slothy_start.split:[110-115]: *************.. (13)
INFO:gt864-friso2-two-block-schedule.gt864_friso2_pair_t1c2_slothy_start.split:[115-121]: *************.. (13)
INFO:gt864-friso2-two-block-schedule.gt864_friso2_pair_t1c2_slothy_start.split:[121-126]: *************.. (13)
INFO:gt864-friso2-two-block-schedule.gt864_friso2_pair_t1c2_slothy_start.split:[126-132]: *************.. (13)
INFO:gt864-friso2-two-block-schedule.gt864_friso2_pair_t1c2_slothy_start.split:[132-138]: *************.. (13)
INFO:gt864-friso2-two-block-schedule.gt864_friso2_pair_t1c2_slothy_start.split:[138-143]: *************.. (13)
INFO:gt864-friso2-two-block-schedule.gt864_friso2_pair_t1c2_slothy_start.split:[143-149]: *************.. (13)
INFO:gt864-friso2-two-block-schedule.gt864_friso2_pair_t1c2_slothy_start.split:[149-154]: *************.. (13)
INFO:gt864-friso2-two-block-schedule.gt864_friso2_pair_t1c2_slothy_start.split:[154-160]: *************.. (13)
INFO:gt864-friso2-two-block-schedule.gt864_friso2_pair_t1c2_slothy_start.split:[160-165]: *************.. (13)
INFO:gt864-friso2-two-block-schedule.gt864_friso2_pair_t1c2_slothy_start.split:[165-171]: *************.. (13)
INFO:gt864-friso2-two-block-schedule.gt864_friso2_pair_t1c2_slothy_start.split:[171-176]: *************.. (13)
INFO:gt864-friso2-two-block-schedule.gt864_friso2_pair_t1c2_slothy_start.split:[176-182]: *************.. (13)
INFO:gt864-friso2-two-block-schedule.gt864_friso2_pair_t1c2_slothy_start.split:[182-187]: *************.. (13)
INFO:gt864-friso2-two-block-schedule.gt864_friso2_pair_t1c2_slothy_start.split:[187-193]: ***********.... (11)
INFO:gt864-friso2-two-block-schedule.gt864_friso2_pair_t1c2_slothy_start.split:[193-198]: **********..... (10)
INFO:gt864-friso2-two-block-schedule.gt864_friso2_pair_t1c2_slothy_start.split:[198-204]: **********..... (10)
INFO:gt864-friso2-two-block-schedule.gt864_friso2_pair_t1c2_slothy_start.split:[204-209]: **********..... (10)
INFO:gt864-friso2-two-block-schedule.gt864_friso2_pair_t1c2_slothy_start.split:[209-215]: ***********.... (11)
INFO:gt864-friso2-two-block-schedule.gt864_friso2_pair_t1c2_slothy_start.split:[215-220]: ************... (12)
INFO:gt864-friso2-two-block-schedule.gt864_friso2_pair_t1c2_slothy_start.split:[220-226]: *************.. (13)
INFO:gt864-friso2-two-block-schedule.gt864_friso2_pair_t1c2_slothy_start.split:[226-231]: *************.. (13)
INFO:gt864-friso2-two-block-schedule.gt864_friso2_pair_t1c2_slothy_start.split:[231-237]: *************.. (13)
INFO:gt864-friso2-two-block-schedule.gt864_friso2_pair_t1c2_slothy_start.split:[237-242]: ************... (12)
INFO:gt864-friso2-two-block-schedule.gt864_friso2_pair_t1c2_slothy_start.split:[242-248]: ************... (12)
INFO:gt864-friso2-two-block-schedule.gt864_friso2_pair_t1c2_slothy_start.split:[248-253]: *************.. (13)
INFO:gt864-friso2-two-block-schedule.gt864_friso2_pair_t1c2_slothy_start.split:[253-259]: *************.. (13)
INFO:gt864-friso2-two-block-schedule.gt864_friso2_pair_t1c2_slothy_start.split:[259-264]: **************. (14)
INFO:gt864-friso2-two-block-schedule.gt864_friso2_pair_t1c2_slothy_start.split:[264-270]: **************. (14)
INFO:gt864-friso2-two-block-schedule.gt864_friso2_pair_t1c2_slothy_start.split:[270-276]: **********..... (10)
INFO:gt864-friso2-two-block-schedule.gt864_friso2_pair_t1c2_slothy_start.split.69_86:Perform internal binary search for minimal number of stalls...
INFO:gt864-friso2-two-block-schedule.gt864_friso2_pair_t1c2_slothy_start.split.69_86:Attempt optimization with max 256 stalls...
INFO:gt864-friso2-two-block-schedule.gt864_friso2_pair_t1c2_slothy_start.split.69_86:Setting timeout of 1800 seconds...
INFO:gt864-friso2-two-block-schedule.gt864_friso2_pair_t1c2_slothy_start.split.69_86:Objective: minimize cycles
INFO:gt864-friso2-two-block-schedule.gt864_friso2_pair_t1c2_slothy_start.split.69_86:Invoking external constraint solver (OR-Tools CP-SAT v9.15.6755) ...
INFO:gt864-friso2-two-block-schedule.gt864_friso2_pair_t1c2_slothy_start.split.69_86:[0.1707s]: Found 1 solutions so far... objective (minimize cycles): currently  (Cycles ~ 23.0, IPC ~ 0.74), bound  (Cycles ~ 19.0, IPC ~ 0.89)
INFO:gt864-friso2-two-block-schedule.gt864_friso2_pair_t1c2_slothy_start.split.69_86:[0.1711s]: Found 2 solutions so far... objective (minimize cycles): currently  (Cycles ~ 19.0, IPC ~ 0.89), bound  (Cycles ~ 19.0, IPC ~ 0.89)
INFO:gt864-friso2-two-block-schedule.gt864_friso2_pair_t1c2_slothy_start.split.69_86:Closer than 0 stalls to theoretical optimum... stop
INFO:gt864-friso2-two-block-schedule.gt864_friso2_pair_t1c2_slothy_start.split.69_86:OPTIMAL, wall time: 0.184994 s
INFO:gt864-friso2-two-block-schedule.gt864_friso2_pair_t1c2_slothy_start.split.69_86:Booleans in result: 186
INFO:gt864-friso2-two-block-schedule.gt864_friso2_pair_t1c2_slothy_start.split.69_86.selfcheck:OK!
INFO:gt864-friso2-two-block-schedule.gt864_friso2_pair_t1c2_slothy_start.split.69_86:Minimum number of stalls: 14
INFO:gt864-friso2-two-block-schedule.gt864_friso2_pair_t1c2_slothy_start.split:[  0-  5]: *******........ (7)
INFO:gt864-friso2-two-block-schedule.gt864_friso2_pair_t1c2_slothy_start.split:[  5- 11]: **********..... (10)
INFO:gt864-friso2-two-block-schedule.gt864_friso2_pair_t1c2_slothy_start.split:[ 11- 16]: ************... (12)
INFO:gt864-friso2-two-block-schedule.gt864_friso2_pair_t1c2_slothy_start.split:[ 16- 22]: ************... (12)
INFO:gt864-friso2-two-block-schedule.gt864_friso2_pair_t1c2_slothy_start.split:[ 22- 27]: ***********.... (11)
INFO:gt864-friso2-two-block-schedule.gt864_friso2_pair_t1c2_slothy_start.split:[ 27- 33]: *************.. (13)
INFO:gt864-friso2-two-block-schedule.gt864_friso2_pair_t1c2_slothy_start.split:[ 33- 38]: ************... (12)
INFO:gt864-friso2-two-block-schedule.gt864_friso2_pair_t1c2_slothy_start.split:[ 38- 44]: *************.. (13)
INFO:gt864-friso2-two-block-schedule.gt864_friso2_pair_t1c2_slothy_start.split:[ 44- 49]: *************.. (13)
INFO:gt864-friso2-two-block-schedule.gt864_friso2_pair_t1c2_slothy_start.split:[ 49- 55]: *************.. (13)
INFO:gt864-friso2-two-block-schedule.gt864_friso2_pair_t1c2_slothy_start.split:[ 55- 60]: ************... (12)
INFO:gt864-friso2-two-block-schedule.gt864_friso2_pair_t1c2_slothy_start.split:[ 60- 66]: ***********.... (11)
INFO:gt864-friso2-two-block-schedule.gt864_friso2_pair_t1c2_slothy_start.split:[ 66- 71]: ***********.... (11)
INFO:gt864-friso2-two-block-schedule.gt864_friso2_pair_t1c2_slothy_start.split:[ 71- 77]: ***********.... (11)
INFO:gt864-friso2-two-block-schedule.gt864_friso2_pair_t1c2_slothy_start.split:[ 77- 82]: ************... (12)
INFO:gt864-friso2-two-block-schedule.gt864_friso2_pair_t1c2_slothy_start.split:[ 82- 88]: *************.. (13)
INFO:gt864-friso2-two-block-schedule.gt864_friso2_pair_t1c2_slothy_start.split:[ 88- 93]: *************.. (13)
INFO:gt864-friso2-two-block-schedule.gt864_friso2_pair_t1c2_slothy_start.split:[ 93- 99]: *************.. (13)
INFO:gt864-friso2-two-block-schedule.gt864_friso2_pair_t1c2_slothy_start.split:[ 99-104]: ************... (12)
INFO:gt864-friso2-two-block-schedule.gt864_friso2_pair_t1c2_slothy_start.split:[104-110]: ************... (12)
INFO:gt864-friso2-two-block-schedule.gt864_friso2_pair_t1c2_slothy_start.split:[110-115]: *************.. (13)
INFO:gt864-friso2-two-block-schedule.gt864_friso2_pair_t1c2_slothy_start.split:[115-121]: *************.. (13)
INFO:gt864-friso2-two-block-schedule.gt864_friso2_pair_t1c2_slothy_start.split:[121-126]: *************.. (13)
INFO:gt864-friso2-two-block-schedule.gt864_friso2_pair_t1c2_slothy_start.split:[126-132]: *************.. (13)
INFO:gt864-friso2-two-block-schedule.gt864_friso2_pair_t1c2_slothy_start.split:[132-138]: *************.. (13)
INFO:gt864-friso2-two-block-schedule.gt864_friso2_pair_t1c2_slothy_start.split:[138-143]: *************.. (13)
INFO:gt864-friso2-two-block-schedule.gt864_friso2_pair_t1c2_slothy_start.split:[143-149]: *************.. (13)
INFO:gt864-friso2-two-block-schedule.gt864_friso2_pair_t1c2_slothy_start.split:[149-154]: *************.. (13)
INFO:gt864-friso2-two-block-schedule.gt864_friso2_pair_t1c2_slothy_start.split:[154-160]: *************.. (13)
INFO:gt864-friso2-two-block-schedule.gt864_friso2_pair_t1c2_slothy_start.split:[160-165]: *************.. (13)
INFO:gt864-friso2-two-block-schedule.gt864_friso2_pair_t1c2_slothy_start.split:[165-171]: *************.. (13)
INFO:gt864-friso2-two-block-schedule.gt864_friso2_pair_t1c2_slothy_start.split:[171-176]: *************.. (13)
INFO:gt864-friso2-two-block-schedule.gt864_friso2_pair_t1c2_slothy_start.split:[176-182]: *************.. (13)
INFO:gt864-friso2-two-block-schedule.gt864_friso2_pair_t1c2_slothy_start.split:[182-187]: *************.. (13)
INFO:gt864-friso2-two-block-schedule.gt864_friso2_pair_t1c2_slothy_start.split:[187-193]: ***********.... (11)
INFO:gt864-friso2-two-block-schedule.gt864_friso2_pair_t1c2_slothy_start.split:[193-198]: **********..... (10)
INFO:gt864-friso2-two-block-schedule.gt864_friso2_pair_t1c2_slothy_start.split:[198-204]: **********..... (10)
INFO:gt864-friso2-two-block-schedule.gt864_friso2_pair_t1c2_slothy_start.split:[204-209]: **********..... (10)
INFO:gt864-friso2-two-block-schedule.gt864_friso2_pair_t1c2_slothy_start.split:[209-215]: ***********.... (11)
INFO:gt864-friso2-two-block-schedule.gt864_friso2_pair_t1c2_slothy_start.split:[215-220]: ************... (12)
INFO:gt864-friso2-two-block-schedule.gt864_friso2_pair_t1c2_slothy_start.split:[220-226]: *************.. (13)
INFO:gt864-friso2-two-block-schedule.gt864_friso2_pair_t1c2_slothy_start.split:[226-231]: *************.. (13)
INFO:gt864-friso2-two-block-schedule.gt864_friso2_pair_t1c2_slothy_start.split:[231-237]: *************.. (13)
INFO:gt864-friso2-two-block-schedule.gt864_friso2_pair_t1c2_slothy_start.split:[237-242]: ************... (12)
INFO:gt864-friso2-two-block-schedule.gt864_friso2_pair_t1c2_slothy_start.split:[242-248]: ************... (12)
INFO:gt864-friso2-two-block-schedule.gt864_friso2_pair_t1c2_slothy_start.split:[248-253]: *************.. (13)
INFO:gt864-friso2-two-block-schedule.gt864_friso2_pair_t1c2_slothy_start.split:[253-259]: *************.. (13)
INFO:gt864-friso2-two-block-schedule.gt864_friso2_pair_t1c2_slothy_start.split:[259-264]: **************. (14)
INFO:gt864-friso2-two-block-schedule.gt864_friso2_pair_t1c2_slothy_start.split:[264-270]: **************. (14)
INFO:gt864-friso2-two-block-schedule.gt864_friso2_pair_t1c2_slothy_start.split:[270-276]: **********..... (10)
INFO:gt864-friso2-two-block-schedule.gt864_friso2_pair_t1c2_slothy_start.split.83_100:Perform internal binary search for minimal number of stalls...
INFO:gt864-friso2-two-block-schedule.gt864_friso2_pair_t1c2_slothy_start.split.83_100:Attempt optimization with max 256 stalls...
INFO:gt864-friso2-two-block-schedule.gt864_friso2_pair_t1c2_slothy_start.split.83_100:Setting timeout of 1800 seconds...
INFO:gt864-friso2-two-block-schedule.gt864_friso2_pair_t1c2_slothy_start.split.83_100:Objective: minimize cycles
INFO:gt864-friso2-two-block-schedule.gt864_friso2_pair_t1c2_slothy_start.split.83_100:Invoking external constraint solver (OR-Tools CP-SAT v9.15.6755) ...
INFO:gt864-friso2-two-block-schedule.gt864_friso2_pair_t1c2_slothy_start.split.83_100:[0.1338s]: Found 1 solutions so far... objective (minimize cycles): currently  (Cycles ~ 32.0, IPC ~ 0.53), bound  (Cycles ~ 20.0, IPC ~ 0.85)
INFO:gt864-friso2-two-block-schedule.gt864_friso2_pair_t1c2_slothy_start.split.83_100:[0.1391s]: Found 2 solutions so far... objective (minimize cycles): currently  (Cycles ~ 30.0, IPC ~ 0.57), bound  (Cycles ~ 20.0, IPC ~ 0.85)
INFO:gt864-friso2-two-block-schedule.gt864_friso2_pair_t1c2_slothy_start.split.83_100:[0.1444s]: Found 3 solutions so far... objective (minimize cycles): currently  (Cycles ~ 29.0, IPC ~ 0.59), bound  (Cycles ~ 20.0, IPC ~ 0.85)
INFO:gt864-friso2-two-block-schedule.gt864_friso2_pair_t1c2_slothy_start.split.83_100:[0.1464s]: Found 4 solutions so far... objective (minimize cycles): currently  (Cycles ~ 28.0, IPC ~ 0.61), bound  (Cycles ~ 20.0, IPC ~ 0.85)
INFO:gt864-friso2-two-block-schedule.gt864_friso2_pair_t1c2_slothy_start.split.83_100:[0.1513s]: Found 5 solutions so far... objective (minimize cycles): currently  (Cycles ~ 27.0, IPC ~ 0.63), bound  (Cycles ~ 20.0, IPC ~ 0.85)
INFO:gt864-friso2-two-block-schedule.gt864_friso2_pair_t1c2_slothy_start.split.83_100:[0.1563s]: Found 6 solutions so far... objective (minimize cycles): currently  (Cycles ~ 26.0, IPC ~ 0.65), bound  (Cycles ~ 20.0, IPC ~ 0.85)
INFO:gt864-friso2-two-block-schedule.gt864_friso2_pair_t1c2_slothy_start.split.83_100:[0.1613s]: Found 7 solutions so far... objective (minimize cycles): currently  (Cycles ~ 25.0, IPC ~ 0.68), bound  (Cycles ~ 20.0, IPC ~ 0.85)
INFO:gt864-friso2-two-block-schedule.gt864_friso2_pair_t1c2_slothy_start.split.83_100:[0.1673s]: Found 8 solutions so far... objective (minimize cycles): currently  (Cycles ~ 24.0, IPC ~ 0.71), bound  (Cycles ~ 20.0, IPC ~ 0.85)
INFO:gt864-friso2-two-block-schedule.gt864_friso2_pair_t1c2_slothy_start.split.83_100:[0.1758s]: Found 9 solutions so far... objective (minimize cycles): currently  (Cycles ~ 23.0, IPC ~ 0.74), bound  (Cycles ~ 20.0, IPC ~ 0.85)
INFO:gt864-friso2-two-block-schedule.gt864_friso2_pair_t1c2_slothy_start.split.83_100:OPTIMAL, wall time: 0.191039 s
INFO:gt864-friso2-two-block-schedule.gt864_friso2_pair_t1c2_slothy_start.split.83_100:Booleans in result: 121
INFO:gt864-friso2-two-block-schedule.gt864_friso2_pair_t1c2_slothy_start.split.83_100.selfcheck:OK!
INFO:gt864-friso2-two-block-schedule.gt864_friso2_pair_t1c2_slothy_start.split.83_100:Minimum number of stalls: 18
INFO:gt864-friso2-two-block-schedule.gt864_friso2_pair_t1c2_slothy_start.split:[  0-  5]: *******......... (7)
INFO:gt864-friso2-two-block-schedule.gt864_friso2_pair_t1c2_slothy_start.split:[  5- 11]: **********...... (10)
INFO:gt864-friso2-two-block-schedule.gt864_friso2_pair_t1c2_slothy_start.split:[ 11- 16]: ************.... (12)
INFO:gt864-friso2-two-block-schedule.gt864_friso2_pair_t1c2_slothy_start.split:[ 16- 22]: ************.... (12)
INFO:gt864-friso2-two-block-schedule.gt864_friso2_pair_t1c2_slothy_start.split:[ 22- 27]: ***********..... (11)
INFO:gt864-friso2-two-block-schedule.gt864_friso2_pair_t1c2_slothy_start.split:[ 27- 33]: *************... (13)
INFO:gt864-friso2-two-block-schedule.gt864_friso2_pair_t1c2_slothy_start.split:[ 33- 38]: ************.... (12)
INFO:gt864-friso2-two-block-schedule.gt864_friso2_pair_t1c2_slothy_start.split:[ 38- 44]: *************... (13)
INFO:gt864-friso2-two-block-schedule.gt864_friso2_pair_t1c2_slothy_start.split:[ 44- 49]: *************... (13)
INFO:gt864-friso2-two-block-schedule.gt864_friso2_pair_t1c2_slothy_start.split:[ 49- 55]: *************... (13)
INFO:gt864-friso2-two-block-schedule.gt864_friso2_pair_t1c2_slothy_start.split:[ 55- 60]: ************.... (12)
INFO:gt864-friso2-two-block-schedule.gt864_friso2_pair_t1c2_slothy_start.split:[ 60- 66]: ***********..... (11)
INFO:gt864-friso2-two-block-schedule.gt864_friso2_pair_t1c2_slothy_start.split:[ 66- 71]: ***********..... (11)
INFO:gt864-friso2-two-block-schedule.gt864_friso2_pair_t1c2_slothy_start.split:[ 71- 77]: ***********..... (11)
INFO:gt864-friso2-two-block-schedule.gt864_friso2_pair_t1c2_slothy_start.split:[ 77- 82]: ***********..... (11)
INFO:gt864-friso2-two-block-schedule.gt864_friso2_pair_t1c2_slothy_start.split:[ 82- 88]: *************... (13)
INFO:gt864-friso2-two-block-schedule.gt864_friso2_pair_t1c2_slothy_start.split:[ 88- 93]: ***************. (15)
INFO:gt864-friso2-two-block-schedule.gt864_friso2_pair_t1c2_slothy_start.split:[ 93- 99]: **************.. (14)
INFO:gt864-friso2-two-block-schedule.gt864_friso2_pair_t1c2_slothy_start.split:[ 99-104]: *************... (13)
INFO:gt864-friso2-two-block-schedule.gt864_friso2_pair_t1c2_slothy_start.split:[104-110]: ************.... (12)
INFO:gt864-friso2-two-block-schedule.gt864_friso2_pair_t1c2_slothy_start.split:[110-115]: *************... (13)
INFO:gt864-friso2-two-block-schedule.gt864_friso2_pair_t1c2_slothy_start.split:[115-121]: *************... (13)
INFO:gt864-friso2-two-block-schedule.gt864_friso2_pair_t1c2_slothy_start.split:[121-126]: *************... (13)
INFO:gt864-friso2-two-block-schedule.gt864_friso2_pair_t1c2_slothy_start.split:[126-132]: *************... (13)
INFO:gt864-friso2-two-block-schedule.gt864_friso2_pair_t1c2_slothy_start.split:[132-138]: *************... (13)
INFO:gt864-friso2-two-block-schedule.gt864_friso2_pair_t1c2_slothy_start.split:[138-143]: *************... (13)
INFO:gt864-friso2-two-block-schedule.gt864_friso2_pair_t1c2_slothy_start.split:[143-149]: *************... (13)
INFO:gt864-friso2-two-block-schedule.gt864_friso2_pair_t1c2_slothy_start.split:[149-154]: *************... (13)
INFO:gt864-friso2-two-block-schedule.gt864_friso2_pair_t1c2_slothy_start.split:[154-160]: *************... (13)
INFO:gt864-friso2-two-block-schedule.gt864_friso2_pair_t1c2_slothy_start.split:[160-165]: *************... (13)
INFO:gt864-friso2-two-block-schedule.gt864_friso2_pair_t1c2_slothy_start.split:[165-171]: *************... (13)
INFO:gt864-friso2-two-block-schedule.gt864_friso2_pair_t1c2_slothy_start.split:[171-176]: *************... (13)
INFO:gt864-friso2-two-block-schedule.gt864_friso2_pair_t1c2_slothy_start.split:[176-182]: *************... (13)
INFO:gt864-friso2-two-block-schedule.gt864_friso2_pair_t1c2_slothy_start.split:[182-187]: *************... (13)
INFO:gt864-friso2-two-block-schedule.gt864_friso2_pair_t1c2_slothy_start.split:[187-193]: ***********..... (11)
INFO:gt864-friso2-two-block-schedule.gt864_friso2_pair_t1c2_slothy_start.split:[193-198]: **********...... (10)
INFO:gt864-friso2-two-block-schedule.gt864_friso2_pair_t1c2_slothy_start.split:[198-204]: **********...... (10)
INFO:gt864-friso2-two-block-schedule.gt864_friso2_pair_t1c2_slothy_start.split:[204-209]: **********...... (10)
INFO:gt864-friso2-two-block-schedule.gt864_friso2_pair_t1c2_slothy_start.split:[209-215]: ***********..... (11)
INFO:gt864-friso2-two-block-schedule.gt864_friso2_pair_t1c2_slothy_start.split:[215-220]: ************.... (12)
INFO:gt864-friso2-two-block-schedule.gt864_friso2_pair_t1c2_slothy_start.split:[220-226]: *************... (13)
INFO:gt864-friso2-two-block-schedule.gt864_friso2_pair_t1c2_slothy_start.split:[226-231]: *************... (13)
INFO:gt864-friso2-two-block-schedule.gt864_friso2_pair_t1c2_slothy_start.split:[231-237]: *************... (13)
INFO:gt864-friso2-two-block-schedule.gt864_friso2_pair_t1c2_slothy_start.split:[237-242]: ************.... (12)
INFO:gt864-friso2-two-block-schedule.gt864_friso2_pair_t1c2_slothy_start.split:[242-248]: ************.... (12)
INFO:gt864-friso2-two-block-schedule.gt864_friso2_pair_t1c2_slothy_start.split:[248-253]: *************... (13)
INFO:gt864-friso2-two-block-schedule.gt864_friso2_pair_t1c2_slothy_start.split:[253-259]: *************... (13)
INFO:gt864-friso2-two-block-schedule.gt864_friso2_pair_t1c2_slothy_start.split:[259-264]: **************.. (14)
INFO:gt864-friso2-two-block-schedule.gt864_friso2_pair_t1c2_slothy_start.split:[264-270]: **************.. (14)
INFO:gt864-friso2-two-block-schedule.gt864_friso2_pair_t1c2_slothy_start.split:[270-276]: **********...... (10)
INFO:gt864-friso2-two-block-schedule.gt864_friso2_pair_t1c2_slothy_start.split.97_114:Perform internal binary search for minimal number of stalls...
INFO:gt864-friso2-two-block-schedule.gt864_friso2_pair_t1c2_slothy_start.split.97_114:Attempt optimization with max 256 stalls...
INFO:gt864-friso2-two-block-schedule.gt864_friso2_pair_t1c2_slothy_start.split.97_114:Setting timeout of 1800 seconds...
INFO:gt864-friso2-two-block-schedule.gt864_friso2_pair_t1c2_slothy_start.split.97_114:Objective: minimize cycles
INFO:gt864-friso2-two-block-schedule.gt864_friso2_pair_t1c2_slothy_start.split.97_114:Invoking external constraint solver (OR-Tools CP-SAT v9.15.6755) ...
INFO:gt864-friso2-two-block-schedule.gt864_friso2_pair_t1c2_slothy_start.split.97_114:[0.1151s]: Found 1 solutions so far... objective (minimize cycles): currently  (Cycles ~ 38.0, IPC ~ 0.45), bound  (Cycles ~ 20.0, IPC ~ 0.85)
INFO:gt864-friso2-two-block-schedule.gt864_friso2_pair_t1c2_slothy_start.split.97_114:[0.1172s]: Found 2 solutions so far... objective (minimize cycles): currently  (Cycles ~ 35.0, IPC ~ 0.49), bound  (Cycles ~ 20.0, IPC ~ 0.85)
INFO:gt864-friso2-two-block-schedule.gt864_friso2_pair_t1c2_slothy_start.split.97_114:[0.1229s]: Found 3 solutions so far... objective (minimize cycles): currently  (Cycles ~ 29.0, IPC ~ 0.59), bound  (Cycles ~ 20.0, IPC ~ 0.85)
INFO:gt864-friso2-two-block-schedule.gt864_friso2_pair_t1c2_slothy_start.split.97_114:[0.1252s]: Found 4 solutions so far... objective (minimize cycles): currently  (Cycles ~ 24.0, IPC ~ 0.71), bound  (Cycles ~ 20.0, IPC ~ 0.85)
INFO:gt864-friso2-two-block-schedule.gt864_friso2_pair_t1c2_slothy_start.split.97_114:[0.1268s]: Found 5 solutions so far... objective (minimize cycles): currently  (Cycles ~ 23.0, IPC ~ 0.74), bound  (Cycles ~ 20.0, IPC ~ 0.85)
INFO:gt864-friso2-two-block-schedule.gt864_friso2_pair_t1c2_slothy_start.split.97_114:[0.1292s]: Found 6 solutions so far... objective (minimize cycles): currently  (Cycles ~ 22.0, IPC ~ 0.77), bound  (Cycles ~ 20.0, IPC ~ 0.85)
INFO:gt864-friso2-two-block-schedule.gt864_friso2_pair_t1c2_slothy_start.split.97_114:OPTIMAL, wall time: 0.143150 s
INFO:gt864-friso2-two-block-schedule.gt864_friso2_pair_t1c2_slothy_start.split.97_114:Booleans in result: 106
INFO:gt864-friso2-two-block-schedule.gt864_friso2_pair_t1c2_slothy_start.split.97_114.selfcheck:OK!
INFO:gt864-friso2-two-block-schedule.gt864_friso2_pair_t1c2_slothy_start.split.97_114:Minimum number of stalls: 17
INFO:gt864-friso2-two-block-schedule.gt864_friso2_pair_t1c2_slothy_start.split:[  0-  5]: *******........ (7)
INFO:gt864-friso2-two-block-schedule.gt864_friso2_pair_t1c2_slothy_start.split:[  5- 11]: **********..... (10)
INFO:gt864-friso2-two-block-schedule.gt864_friso2_pair_t1c2_slothy_start.split:[ 11- 16]: ************... (12)
INFO:gt864-friso2-two-block-schedule.gt864_friso2_pair_t1c2_slothy_start.split:[ 16- 22]: ************... (12)
INFO:gt864-friso2-two-block-schedule.gt864_friso2_pair_t1c2_slothy_start.split:[ 22- 27]: ***********.... (11)
INFO:gt864-friso2-two-block-schedule.gt864_friso2_pair_t1c2_slothy_start.split:[ 27- 33]: *************.. (13)
INFO:gt864-friso2-two-block-schedule.gt864_friso2_pair_t1c2_slothy_start.split:[ 33- 38]: ************... (12)
INFO:gt864-friso2-two-block-schedule.gt864_friso2_pair_t1c2_slothy_start.split:[ 38- 44]: *************.. (13)
INFO:gt864-friso2-two-block-schedule.gt864_friso2_pair_t1c2_slothy_start.split:[ 44- 49]: *************.. (13)
INFO:gt864-friso2-two-block-schedule.gt864_friso2_pair_t1c2_slothy_start.split:[ 49- 55]: *************.. (13)
INFO:gt864-friso2-two-block-schedule.gt864_friso2_pair_t1c2_slothy_start.split:[ 55- 60]: ************... (12)
INFO:gt864-friso2-two-block-schedule.gt864_friso2_pair_t1c2_slothy_start.split:[ 60- 66]: ***********.... (11)
INFO:gt864-friso2-two-block-schedule.gt864_friso2_pair_t1c2_slothy_start.split:[ 66- 71]: ***********.... (11)
INFO:gt864-friso2-two-block-schedule.gt864_friso2_pair_t1c2_slothy_start.split:[ 71- 77]: ***********.... (11)
INFO:gt864-friso2-two-block-schedule.gt864_friso2_pair_t1c2_slothy_start.split:[ 77- 82]: ***********.... (11)
INFO:gt864-friso2-two-block-schedule.gt864_friso2_pair_t1c2_slothy_start.split:[ 82- 88]: *************.. (13)
INFO:gt864-friso2-two-block-schedule.gt864_friso2_pair_t1c2_slothy_start.split:[ 88- 93]: **************. (14)
INFO:gt864-friso2-two-block-schedule.gt864_friso2_pair_t1c2_slothy_start.split:[ 93- 99]: *************** (15)
INFO:gt864-friso2-two-block-schedule.gt864_friso2_pair_t1c2_slothy_start.split:[ 99-104]: *************.. (13)
INFO:gt864-friso2-two-block-schedule.gt864_friso2_pair_t1c2_slothy_start.split:[104-110]: *************.. (13)
INFO:gt864-friso2-two-block-schedule.gt864_friso2_pair_t1c2_slothy_start.split:[110-115]: **************. (14)
INFO:gt864-friso2-two-block-schedule.gt864_friso2_pair_t1c2_slothy_start.split:[115-121]: *************.. (13)
INFO:gt864-friso2-two-block-schedule.gt864_friso2_pair_t1c2_slothy_start.split:[121-126]: *************.. (13)
INFO:gt864-friso2-two-block-schedule.gt864_friso2_pair_t1c2_slothy_start.split:[126-132]: *************.. (13)
INFO:gt864-friso2-two-block-schedule.gt864_friso2_pair_t1c2_slothy_start.split:[132-138]: *************.. (13)
INFO:gt864-friso2-two-block-schedule.gt864_friso2_pair_t1c2_slothy_start.split:[138-143]: *************.. (13)
INFO:gt864-friso2-two-block-schedule.gt864_friso2_pair_t1c2_slothy_start.split:[143-149]: *************.. (13)
INFO:gt864-friso2-two-block-schedule.gt864_friso2_pair_t1c2_slothy_start.split:[149-154]: *************.. (13)
INFO:gt864-friso2-two-block-schedule.gt864_friso2_pair_t1c2_slothy_start.split:[154-160]: *************.. (13)
INFO:gt864-friso2-two-block-schedule.gt864_friso2_pair_t1c2_slothy_start.split:[160-165]: *************.. (13)
INFO:gt864-friso2-two-block-schedule.gt864_friso2_pair_t1c2_slothy_start.split:[165-171]: *************.. (13)
INFO:gt864-friso2-two-block-schedule.gt864_friso2_pair_t1c2_slothy_start.split:[171-176]: *************.. (13)
INFO:gt864-friso2-two-block-schedule.gt864_friso2_pair_t1c2_slothy_start.split:[176-182]: *************.. (13)
INFO:gt864-friso2-two-block-schedule.gt864_friso2_pair_t1c2_slothy_start.split:[182-187]: *************.. (13)
INFO:gt864-friso2-two-block-schedule.gt864_friso2_pair_t1c2_slothy_start.split:[187-193]: ***********.... (11)
INFO:gt864-friso2-two-block-schedule.gt864_friso2_pair_t1c2_slothy_start.split:[193-198]: **********..... (10)
INFO:gt864-friso2-two-block-schedule.gt864_friso2_pair_t1c2_slothy_start.split:[198-204]: **********..... (10)
INFO:gt864-friso2-two-block-schedule.gt864_friso2_pair_t1c2_slothy_start.split:[204-209]: **********..... (10)
INFO:gt864-friso2-two-block-schedule.gt864_friso2_pair_t1c2_slothy_start.split:[209-215]: ***********.... (11)
INFO:gt864-friso2-two-block-schedule.gt864_friso2_pair_t1c2_slothy_start.split:[215-220]: ************... (12)
INFO:gt864-friso2-two-block-schedule.gt864_friso2_pair_t1c2_slothy_start.split:[220-226]: *************.. (13)
INFO:gt864-friso2-two-block-schedule.gt864_friso2_pair_t1c2_slothy_start.split:[226-231]: *************.. (13)
INFO:gt864-friso2-two-block-schedule.gt864_friso2_pair_t1c2_slothy_start.split:[231-237]: *************.. (13)
INFO:gt864-friso2-two-block-schedule.gt864_friso2_pair_t1c2_slothy_start.split:[237-242]: ************... (12)
INFO:gt864-friso2-two-block-schedule.gt864_friso2_pair_t1c2_slothy_start.split:[242-248]: ************... (12)
INFO:gt864-friso2-two-block-schedule.gt864_friso2_pair_t1c2_slothy_start.split:[248-253]: *************.. (13)
INFO:gt864-friso2-two-block-schedule.gt864_friso2_pair_t1c2_slothy_start.split:[253-259]: *************.. (13)
INFO:gt864-friso2-two-block-schedule.gt864_friso2_pair_t1c2_slothy_start.split:[259-264]: **************. (14)
INFO:gt864-friso2-two-block-schedule.gt864_friso2_pair_t1c2_slothy_start.split:[264-270]: **************. (14)
INFO:gt864-friso2-two-block-schedule.gt864_friso2_pair_t1c2_slothy_start.split:[270-276]: **********..... (10)
INFO:gt864-friso2-two-block-schedule.gt864_friso2_pair_t1c2_slothy_start.split.110_128:Perform internal binary search for minimal number of stalls...
INFO:gt864-friso2-two-block-schedule.gt864_friso2_pair_t1c2_slothy_start.split.110_128:Attempt optimization with max 256 stalls...
INFO:gt864-friso2-two-block-schedule.gt864_friso2_pair_t1c2_slothy_start.split.110_128:Setting timeout of 1800 seconds...
INFO:gt864-friso2-two-block-schedule.gt864_friso2_pair_t1c2_slothy_start.split.110_128:Objective: minimize cycles
INFO:gt864-friso2-two-block-schedule.gt864_friso2_pair_t1c2_slothy_start.split.110_128:Invoking external constraint solver (OR-Tools CP-SAT v9.15.6755) ...
INFO:gt864-friso2-two-block-schedule.gt864_friso2_pair_t1c2_slothy_start.split.110_128:[0.1876s]: Found 1 solutions so far... objective (minimize cycles): currently  (Cycles ~ 35.0, IPC ~ 0.51), bound  (Cycles ~ 10.0, IPC ~ 1.80)
INFO:gt864-friso2-two-block-schedule.gt864_friso2_pair_t1c2_slothy_start.split.110_128:[0.1953s]: Found 2 solutions so far... objective (minimize cycles): currently  (Cycles ~ 33.0, IPC ~ 0.55), bound  (Cycles ~ 14.0, IPC ~ 1.29)
INFO:gt864-friso2-two-block-schedule.gt864_friso2_pair_t1c2_slothy_start.split.110_128:[0.1963s]: Found 3 solutions so far... objective (minimize cycles): currently  (Cycles ~ 32.0, IPC ~ 0.56), bound  (Cycles ~ 14.0, IPC ~ 1.29)
INFO:gt864-friso2-two-block-schedule.gt864_friso2_pair_t1c2_slothy_start.split.110_128:[0.1986s]: Found 4 solutions so far... objective (minimize cycles): currently  (Cycles ~ 28.0, IPC ~ 0.64), bound  (Cycles ~ 14.0, IPC ~ 1.29)
INFO:gt864-friso2-two-block-schedule.gt864_friso2_pair_t1c2_slothy_start.split.110_128:[0.2013s]: Found 5 solutions so far... objective (minimize cycles): currently  (Cycles ~ 27.0, IPC ~ 0.67), bound  (Cycles ~ 19.0, IPC ~ 0.95)
INFO:gt864-friso2-two-block-schedule.gt864_friso2_pair_t1c2_slothy_start.split.110_128:[0.2051s]: Found 6 solutions so far... objective (minimize cycles): currently  (Cycles ~ 25.0, IPC ~ 0.72), bound  (Cycles ~ 19.0, IPC ~ 0.95)
INFO:gt864-friso2-two-block-schedule.gt864_friso2_pair_t1c2_slothy_start.split.110_128:[0.2113s]: Found 7 solutions so far... objective (minimize cycles): currently  (Cycles ~ 22.0, IPC ~ 0.82), bound  (Cycles ~ 20.0, IPC ~ 0.90)
INFO:gt864-friso2-two-block-schedule.gt864_friso2_pair_t1c2_slothy_start.split.110_128:[0.2185s]: Found 8 solutions so far... objective (minimize cycles): currently  (Cycles ~ 21.0, IPC ~ 0.86), bound  (Cycles ~ 21.0, IPC ~ 0.86)
INFO:gt864-friso2-two-block-schedule.gt864_friso2_pair_t1c2_slothy_start.split.110_128:Closer than 0 stalls to theoretical optimum... stop
INFO:gt864-friso2-two-block-schedule.gt864_friso2_pair_t1c2_slothy_start.split.110_128:OPTIMAL, wall time: 0.230529 s
INFO:gt864-friso2-two-block-schedule.gt864_friso2_pair_t1c2_slothy_start.split.110_128:Booleans in result: 118
INFO:gt864-friso2-two-block-schedule.gt864_friso2_pair_t1c2_slothy_start.split.110_128.selfcheck:OK!
INFO:gt864-friso2-two-block-schedule.gt864_friso2_pair_t1c2_slothy_start.split.110_128:Minimum number of stalls: 16
INFO:gt864-friso2-two-block-schedule.gt864_friso2_pair_t1c2_slothy_start.split:[  0-  5]: *******......... (7)
INFO:gt864-friso2-two-block-schedule.gt864_friso2_pair_t1c2_slothy_start.split:[  5- 11]: **********...... (10)
INFO:gt864-friso2-two-block-schedule.gt864_friso2_pair_t1c2_slothy_start.split:[ 11- 16]: ************.... (12)
INFO:gt864-friso2-two-block-schedule.gt864_friso2_pair_t1c2_slothy_start.split:[ 16- 22]: ************.... (12)
INFO:gt864-friso2-two-block-schedule.gt864_friso2_pair_t1c2_slothy_start.split:[ 22- 27]: ***********..... (11)
INFO:gt864-friso2-two-block-schedule.gt864_friso2_pair_t1c2_slothy_start.split:[ 27- 33]: *************... (13)
INFO:gt864-friso2-two-block-schedule.gt864_friso2_pair_t1c2_slothy_start.split:[ 33- 38]: ************.... (12)
INFO:gt864-friso2-two-block-schedule.gt864_friso2_pair_t1c2_slothy_start.split:[ 38- 44]: *************... (13)
INFO:gt864-friso2-two-block-schedule.gt864_friso2_pair_t1c2_slothy_start.split:[ 44- 49]: *************... (13)
INFO:gt864-friso2-two-block-schedule.gt864_friso2_pair_t1c2_slothy_start.split:[ 49- 55]: *************... (13)
INFO:gt864-friso2-two-block-schedule.gt864_friso2_pair_t1c2_slothy_start.split:[ 55- 60]: ************.... (12)
INFO:gt864-friso2-two-block-schedule.gt864_friso2_pair_t1c2_slothy_start.split:[ 60- 66]: ***********..... (11)
INFO:gt864-friso2-two-block-schedule.gt864_friso2_pair_t1c2_slothy_start.split:[ 66- 71]: ***********..... (11)
INFO:gt864-friso2-two-block-schedule.gt864_friso2_pair_t1c2_slothy_start.split:[ 71- 77]: ***********..... (11)
INFO:gt864-friso2-two-block-schedule.gt864_friso2_pair_t1c2_slothy_start.split:[ 77- 82]: ***********..... (11)
INFO:gt864-friso2-two-block-schedule.gt864_friso2_pair_t1c2_slothy_start.split:[ 82- 88]: *************... (13)
INFO:gt864-friso2-two-block-schedule.gt864_friso2_pair_t1c2_slothy_start.split:[ 88- 93]: **************.. (14)
INFO:gt864-friso2-two-block-schedule.gt864_friso2_pair_t1c2_slothy_start.split:[ 93- 99]: ***************. (15)
INFO:gt864-friso2-two-block-schedule.gt864_friso2_pair_t1c2_slothy_start.split:[ 99-104]: *************... (13)
INFO:gt864-friso2-two-block-schedule.gt864_friso2_pair_t1c2_slothy_start.split:[104-110]: ************.... (12)
INFO:gt864-friso2-two-block-schedule.gt864_friso2_pair_t1c2_slothy_start.split:[110-115]: ************.... (12)
INFO:gt864-friso2-two-block-schedule.gt864_friso2_pair_t1c2_slothy_start.split:[115-121]: *************... (13)
INFO:gt864-friso2-two-block-schedule.gt864_friso2_pair_t1c2_slothy_start.split:[121-126]: **************.. (14)
INFO:gt864-friso2-two-block-schedule.gt864_friso2_pair_t1c2_slothy_start.split:[126-132]: ***************. (15)
INFO:gt864-friso2-two-block-schedule.gt864_friso2_pair_t1c2_slothy_start.split:[132-138]: **************.. (14)
INFO:gt864-friso2-two-block-schedule.gt864_friso2_pair_t1c2_slothy_start.split:[138-143]: *************... (13)
INFO:gt864-friso2-two-block-schedule.gt864_friso2_pair_t1c2_slothy_start.split:[143-149]: *************... (13)
INFO:gt864-friso2-two-block-schedule.gt864_friso2_pair_t1c2_slothy_start.split:[149-154]: *************... (13)
INFO:gt864-friso2-two-block-schedule.gt864_friso2_pair_t1c2_slothy_start.split:[154-160]: *************... (13)
INFO:gt864-friso2-two-block-schedule.gt864_friso2_pair_t1c2_slothy_start.split:[160-165]: *************... (13)
INFO:gt864-friso2-two-block-schedule.gt864_friso2_pair_t1c2_slothy_start.split:[165-171]: *************... (13)
INFO:gt864-friso2-two-block-schedule.gt864_friso2_pair_t1c2_slothy_start.split:[171-176]: *************... (13)
INFO:gt864-friso2-two-block-schedule.gt864_friso2_pair_t1c2_slothy_start.split:[176-182]: *************... (13)
INFO:gt864-friso2-two-block-schedule.gt864_friso2_pair_t1c2_slothy_start.split:[182-187]: *************... (13)
INFO:gt864-friso2-two-block-schedule.gt864_friso2_pair_t1c2_slothy_start.split:[187-193]: ***********..... (11)
INFO:gt864-friso2-two-block-schedule.gt864_friso2_pair_t1c2_slothy_start.split:[193-198]: **********...... (10)
INFO:gt864-friso2-two-block-schedule.gt864_friso2_pair_t1c2_slothy_start.split:[198-204]: **********...... (10)
INFO:gt864-friso2-two-block-schedule.gt864_friso2_pair_t1c2_slothy_start.split:[204-209]: **********...... (10)
INFO:gt864-friso2-two-block-schedule.gt864_friso2_pair_t1c2_slothy_start.split:[209-215]: ***********..... (11)
INFO:gt864-friso2-two-block-schedule.gt864_friso2_pair_t1c2_slothy_start.split:[215-220]: ************.... (12)
INFO:gt864-friso2-two-block-schedule.gt864_friso2_pair_t1c2_slothy_start.split:[220-226]: *************... (13)
INFO:gt864-friso2-two-block-schedule.gt864_friso2_pair_t1c2_slothy_start.split:[226-231]: *************... (13)
INFO:gt864-friso2-two-block-schedule.gt864_friso2_pair_t1c2_slothy_start.split:[231-237]: *************... (13)
INFO:gt864-friso2-two-block-schedule.gt864_friso2_pair_t1c2_slothy_start.split:[237-242]: ************.... (12)
INFO:gt864-friso2-two-block-schedule.gt864_friso2_pair_t1c2_slothy_start.split:[242-248]: ************.... (12)
INFO:gt864-friso2-two-block-schedule.gt864_friso2_pair_t1c2_slothy_start.split:[248-253]: *************... (13)
INFO:gt864-friso2-two-block-schedule.gt864_friso2_pair_t1c2_slothy_start.split:[253-259]: *************... (13)
INFO:gt864-friso2-two-block-schedule.gt864_friso2_pair_t1c2_slothy_start.split:[259-264]: **************.. (14)
INFO:gt864-friso2-two-block-schedule.gt864_friso2_pair_t1c2_slothy_start.split:[264-270]: **************.. (14)
INFO:gt864-friso2-two-block-schedule.gt864_friso2_pair_t1c2_slothy_start.split:[270-276]: **********...... (10)
INFO:gt864-friso2-two-block-schedule.gt864_friso2_pair_t1c2_slothy_start.split.124_141:Perform internal binary search for minimal number of stalls...
INFO:gt864-friso2-two-block-schedule.gt864_friso2_pair_t1c2_slothy_start.split.124_141:Attempt optimization with max 256 stalls...
INFO:gt864-friso2-two-block-schedule.gt864_friso2_pair_t1c2_slothy_start.split.124_141:Setting timeout of 1800 seconds...
INFO:gt864-friso2-two-block-schedule.gt864_friso2_pair_t1c2_slothy_start.split.124_141:Objective: minimize cycles
INFO:gt864-friso2-two-block-schedule.gt864_friso2_pair_t1c2_slothy_start.split.124_141:Invoking external constraint solver (OR-Tools CP-SAT v9.15.6755) ...
INFO:gt864-friso2-two-block-schedule.gt864_friso2_pair_t1c2_slothy_start.split.124_141:[0.1155s]: Found 1 solutions so far... objective (minimize cycles): currently  (Cycles ~ 34.0, IPC ~ 0.50), bound  (Cycles ~ 15.0, IPC ~ 1.13)
INFO:gt864-friso2-two-block-schedule.gt864_friso2_pair_t1c2_slothy_start.split.124_141:[0.1212s]: Found 2 solutions so far... objective (minimize cycles): currently  (Cycles ~ 22.0, IPC ~ 0.77), bound  (Cycles ~ 17.0, IPC ~ 1.00)
INFO:gt864-friso2-two-block-schedule.gt864_friso2_pair_t1c2_slothy_start.split.124_141:[0.1237s]: Found 3 solutions so far... objective (minimize cycles): currently  (Cycles ~ 21.0, IPC ~ 0.81), bound  (Cycles ~ 20.0, IPC ~ 0.85)
INFO:gt864-friso2-two-block-schedule.gt864_friso2_pair_t1c2_slothy_start.split.124_141:OPTIMAL, wall time: 0.132434 s
INFO:gt864-friso2-two-block-schedule.gt864_friso2_pair_t1c2_slothy_start.split.124_141:Booleans in result: 111
INFO:gt864-friso2-two-block-schedule.gt864_friso2_pair_t1c2_slothy_start.split.124_141.selfcheck:OK!
INFO:gt864-friso2-two-block-schedule.gt864_friso2_pair_t1c2_slothy_start.split.124_141:Minimum number of stalls: 16
INFO:gt864-friso2-two-block-schedule.gt864_friso2_pair_t1c2_slothy_start.split:[  0-  5]: *******........ (7)
INFO:gt864-friso2-two-block-schedule.gt864_friso2_pair_t1c2_slothy_start.split:[  5- 11]: **********..... (10)
INFO:gt864-friso2-two-block-schedule.gt864_friso2_pair_t1c2_slothy_start.split:[ 11- 16]: ************... (12)
INFO:gt864-friso2-two-block-schedule.gt864_friso2_pair_t1c2_slothy_start.split:[ 16- 22]: ************... (12)
INFO:gt864-friso2-two-block-schedule.gt864_friso2_pair_t1c2_slothy_start.split:[ 22- 27]: ***********.... (11)
INFO:gt864-friso2-two-block-schedule.gt864_friso2_pair_t1c2_slothy_start.split:[ 27- 33]: *************.. (13)
INFO:gt864-friso2-two-block-schedule.gt864_friso2_pair_t1c2_slothy_start.split:[ 33- 38]: ************... (12)
INFO:gt864-friso2-two-block-schedule.gt864_friso2_pair_t1c2_slothy_start.split:[ 38- 44]: *************.. (13)
INFO:gt864-friso2-two-block-schedule.gt864_friso2_pair_t1c2_slothy_start.split:[ 44- 49]: *************.. (13)
INFO:gt864-friso2-two-block-schedule.gt864_friso2_pair_t1c2_slothy_start.split:[ 49- 55]: *************.. (13)
INFO:gt864-friso2-two-block-schedule.gt864_friso2_pair_t1c2_slothy_start.split:[ 55- 60]: ************... (12)
INFO:gt864-friso2-two-block-schedule.gt864_friso2_pair_t1c2_slothy_start.split:[ 60- 66]: ***********.... (11)
INFO:gt864-friso2-two-block-schedule.gt864_friso2_pair_t1c2_slothy_start.split:[ 66- 71]: ***********.... (11)
INFO:gt864-friso2-two-block-schedule.gt864_friso2_pair_t1c2_slothy_start.split:[ 71- 77]: ***********.... (11)
INFO:gt864-friso2-two-block-schedule.gt864_friso2_pair_t1c2_slothy_start.split:[ 77- 82]: ***********.... (11)
INFO:gt864-friso2-two-block-schedule.gt864_friso2_pair_t1c2_slothy_start.split:[ 82- 88]: *************.. (13)
INFO:gt864-friso2-two-block-schedule.gt864_friso2_pair_t1c2_slothy_start.split:[ 88- 93]: **************. (14)
INFO:gt864-friso2-two-block-schedule.gt864_friso2_pair_t1c2_slothy_start.split:[ 93- 99]: *************** (15)
INFO:gt864-friso2-two-block-schedule.gt864_friso2_pair_t1c2_slothy_start.split:[ 99-104]: *************.. (13)
INFO:gt864-friso2-two-block-schedule.gt864_friso2_pair_t1c2_slothy_start.split:[104-110]: ************... (12)
INFO:gt864-friso2-two-block-schedule.gt864_friso2_pair_t1c2_slothy_start.split:[110-115]: ************... (12)
INFO:gt864-friso2-two-block-schedule.gt864_friso2_pair_t1c2_slothy_start.split:[115-121]: ***********.... (11)
INFO:gt864-friso2-two-block-schedule.gt864_friso2_pair_t1c2_slothy_start.split:[121-126]: ***********.... (11)
INFO:gt864-friso2-two-block-schedule.gt864_friso2_pair_t1c2_slothy_start.split:[126-132]: ************... (12)
INFO:gt864-friso2-two-block-schedule.gt864_friso2_pair_t1c2_slothy_start.split:[132-138]: *************.. (13)
INFO:gt864-friso2-two-block-schedule.gt864_friso2_pair_t1c2_slothy_start.split:[138-143]: **************. (14)
INFO:gt864-friso2-two-block-schedule.gt864_friso2_pair_t1c2_slothy_start.split:[143-149]: **************. (14)
INFO:gt864-friso2-two-block-schedule.gt864_friso2_pair_t1c2_slothy_start.split:[149-154]: *************.. (13)
INFO:gt864-friso2-two-block-schedule.gt864_friso2_pair_t1c2_slothy_start.split:[154-160]: *************.. (13)
INFO:gt864-friso2-two-block-schedule.gt864_friso2_pair_t1c2_slothy_start.split:[160-165]: *************.. (13)
INFO:gt864-friso2-two-block-schedule.gt864_friso2_pair_t1c2_slothy_start.split:[165-171]: *************.. (13)
INFO:gt864-friso2-two-block-schedule.gt864_friso2_pair_t1c2_slothy_start.split:[171-176]: *************.. (13)
INFO:gt864-friso2-two-block-schedule.gt864_friso2_pair_t1c2_slothy_start.split:[176-182]: *************.. (13)
INFO:gt864-friso2-two-block-schedule.gt864_friso2_pair_t1c2_slothy_start.split:[182-187]: *************.. (13)
INFO:gt864-friso2-two-block-schedule.gt864_friso2_pair_t1c2_slothy_start.split:[187-193]: ***********.... (11)
INFO:gt864-friso2-two-block-schedule.gt864_friso2_pair_t1c2_slothy_start.split:[193-198]: **********..... (10)
INFO:gt864-friso2-two-block-schedule.gt864_friso2_pair_t1c2_slothy_start.split:[198-204]: **********..... (10)
INFO:gt864-friso2-two-block-schedule.gt864_friso2_pair_t1c2_slothy_start.split:[204-209]: **********..... (10)
INFO:gt864-friso2-two-block-schedule.gt864_friso2_pair_t1c2_slothy_start.split:[209-215]: ***********.... (11)
INFO:gt864-friso2-two-block-schedule.gt864_friso2_pair_t1c2_slothy_start.split:[215-220]: ************... (12)
INFO:gt864-friso2-two-block-schedule.gt864_friso2_pair_t1c2_slothy_start.split:[220-226]: *************.. (13)
INFO:gt864-friso2-two-block-schedule.gt864_friso2_pair_t1c2_slothy_start.split:[226-231]: *************.. (13)
INFO:gt864-friso2-two-block-schedule.gt864_friso2_pair_t1c2_slothy_start.split:[231-237]: *************.. (13)
INFO:gt864-friso2-two-block-schedule.gt864_friso2_pair_t1c2_slothy_start.split:[237-242]: ************... (12)
INFO:gt864-friso2-two-block-schedule.gt864_friso2_pair_t1c2_slothy_start.split:[242-248]: ************... (12)
INFO:gt864-friso2-two-block-schedule.gt864_friso2_pair_t1c2_slothy_start.split:[248-253]: *************.. (13)
INFO:gt864-friso2-two-block-schedule.gt864_friso2_pair_t1c2_slothy_start.split:[253-259]: *************.. (13)
INFO:gt864-friso2-two-block-schedule.gt864_friso2_pair_t1c2_slothy_start.split:[259-264]: **************. (14)
INFO:gt864-friso2-two-block-schedule.gt864_friso2_pair_t1c2_slothy_start.split:[264-270]: **************. (14)
INFO:gt864-friso2-two-block-schedule.gt864_friso2_pair_t1c2_slothy_start.split:[270-276]: **********..... (10)
INFO:gt864-friso2-two-block-schedule.gt864_friso2_pair_t1c2_slothy_start.split.138_155:Perform internal binary search for minimal number of stalls...
INFO:gt864-friso2-two-block-schedule.gt864_friso2_pair_t1c2_slothy_start.split.138_155:Attempt optimization with max 256 stalls...
INFO:gt864-friso2-two-block-schedule.gt864_friso2_pair_t1c2_slothy_start.split.138_155:Setting timeout of 1800 seconds...
INFO:gt864-friso2-two-block-schedule.gt864_friso2_pair_t1c2_slothy_start.split.138_155:Objective: minimize cycles
INFO:gt864-friso2-two-block-schedule.gt864_friso2_pair_t1c2_slothy_start.split.138_155:Invoking external constraint solver (OR-Tools CP-SAT v9.15.6755) ...
INFO:gt864-friso2-two-block-schedule.gt864_friso2_pair_t1c2_slothy_start.split.138_155:[0.0959s]: Found 1 solutions so far... objective (minimize cycles): currently  (Cycles ~ 24.0, IPC ~ 0.71), bound  (Cycles ~ 13.0, IPC ~ 1.31)
INFO:gt864-friso2-two-block-schedule.gt864_friso2_pair_t1c2_slothy_start.split.138_155:[0.1015s]: Found 2 solutions so far... objective (minimize cycles): currently  (Cycles ~ 22.0, IPC ~ 0.77), bound  (Cycles ~ 14.0, IPC ~ 1.21)
INFO:gt864-friso2-two-block-schedule.gt864_friso2_pair_t1c2_slothy_start.split.138_155:[0.1064s]: Found 3 solutions so far... objective (minimize cycles): currently  (Cycles ~ 21.0, IPC ~ 0.81), bound  (Cycles ~ 16.0, IPC ~ 1.06)
INFO:gt864-friso2-two-block-schedule.gt864_friso2_pair_t1c2_slothy_start.split.138_155:OPTIMAL, wall time: 0.117460 s
INFO:gt864-friso2-two-block-schedule.gt864_friso2_pair_t1c2_slothy_start.split.138_155:Booleans in result: 98
INFO:gt864-friso2-two-block-schedule.gt864_friso2_pair_t1c2_slothy_start.split.138_155.selfcheck:OK!
INFO:gt864-friso2-two-block-schedule.gt864_friso2_pair_t1c2_slothy_start.split.138_155:Minimum number of stalls: 16
INFO:gt864-friso2-two-block-schedule.gt864_friso2_pair_t1c2_slothy_start.split:[  0-  5]: *******........ (7)
INFO:gt864-friso2-two-block-schedule.gt864_friso2_pair_t1c2_slothy_start.split:[  5- 11]: **********..... (10)
INFO:gt864-friso2-two-block-schedule.gt864_friso2_pair_t1c2_slothy_start.split:[ 11- 16]: ************... (12)
INFO:gt864-friso2-two-block-schedule.gt864_friso2_pair_t1c2_slothy_start.split:[ 16- 22]: ************... (12)
INFO:gt864-friso2-two-block-schedule.gt864_friso2_pair_t1c2_slothy_start.split:[ 22- 27]: ***********.... (11)
INFO:gt864-friso2-two-block-schedule.gt864_friso2_pair_t1c2_slothy_start.split:[ 27- 33]: *************.. (13)
INFO:gt864-friso2-two-block-schedule.gt864_friso2_pair_t1c2_slothy_start.split:[ 33- 38]: ************... (12)
INFO:gt864-friso2-two-block-schedule.gt864_friso2_pair_t1c2_slothy_start.split:[ 38- 44]: *************.. (13)
INFO:gt864-friso2-two-block-schedule.gt864_friso2_pair_t1c2_slothy_start.split:[ 44- 49]: *************.. (13)
INFO:gt864-friso2-two-block-schedule.gt864_friso2_pair_t1c2_slothy_start.split:[ 49- 55]: *************.. (13)
INFO:gt864-friso2-two-block-schedule.gt864_friso2_pair_t1c2_slothy_start.split:[ 55- 60]: ************... (12)
INFO:gt864-friso2-two-block-schedule.gt864_friso2_pair_t1c2_slothy_start.split:[ 60- 66]: ***********.... (11)
INFO:gt864-friso2-two-block-schedule.gt864_friso2_pair_t1c2_slothy_start.split:[ 66- 71]: ***********.... (11)
INFO:gt864-friso2-two-block-schedule.gt864_friso2_pair_t1c2_slothy_start.split:[ 71- 77]: ***********.... (11)
INFO:gt864-friso2-two-block-schedule.gt864_friso2_pair_t1c2_slothy_start.split:[ 77- 82]: ***********.... (11)
INFO:gt864-friso2-two-block-schedule.gt864_friso2_pair_t1c2_slothy_start.split:[ 82- 88]: *************.. (13)
INFO:gt864-friso2-two-block-schedule.gt864_friso2_pair_t1c2_slothy_start.split:[ 88- 93]: **************. (14)
INFO:gt864-friso2-two-block-schedule.gt864_friso2_pair_t1c2_slothy_start.split:[ 93- 99]: *************** (15)
INFO:gt864-friso2-two-block-schedule.gt864_friso2_pair_t1c2_slothy_start.split:[ 99-104]: *************.. (13)
INFO:gt864-friso2-two-block-schedule.gt864_friso2_pair_t1c2_slothy_start.split:[104-110]: ************... (12)
INFO:gt864-friso2-two-block-schedule.gt864_friso2_pair_t1c2_slothy_start.split:[110-115]: ************... (12)
INFO:gt864-friso2-two-block-schedule.gt864_friso2_pair_t1c2_slothy_start.split:[115-121]: ***********.... (11)
INFO:gt864-friso2-two-block-schedule.gt864_friso2_pair_t1c2_slothy_start.split:[121-126]: ***********.... (11)
INFO:gt864-friso2-two-block-schedule.gt864_friso2_pair_t1c2_slothy_start.split:[126-132]: ************... (12)
INFO:gt864-friso2-two-block-schedule.gt864_friso2_pair_t1c2_slothy_start.split:[132-138]: ***********.... (11)
INFO:gt864-friso2-two-block-schedule.gt864_friso2_pair_t1c2_slothy_start.split:[138-143]: ************... (12)
INFO:gt864-friso2-two-block-schedule.gt864_friso2_pair_t1c2_slothy_start.split:[143-149]: *************.. (13)
INFO:gt864-friso2-two-block-schedule.gt864_friso2_pair_t1c2_slothy_start.split:[149-154]: **************. (14)
INFO:gt864-friso2-two-block-schedule.gt864_friso2_pair_t1c2_slothy_start.split:[154-160]: **************. (14)
INFO:gt864-friso2-two-block-schedule.gt864_friso2_pair_t1c2_slothy_start.split:[160-165]: *************.. (13)
INFO:gt864-friso2-two-block-schedule.gt864_friso2_pair_t1c2_slothy_start.split:[165-171]: *************.. (13)
INFO:gt864-friso2-two-block-schedule.gt864_friso2_pair_t1c2_slothy_start.split:[171-176]: *************.. (13)
INFO:gt864-friso2-two-block-schedule.gt864_friso2_pair_t1c2_slothy_start.split:[176-182]: *************.. (13)
INFO:gt864-friso2-two-block-schedule.gt864_friso2_pair_t1c2_slothy_start.split:[182-187]: *************.. (13)
INFO:gt864-friso2-two-block-schedule.gt864_friso2_pair_t1c2_slothy_start.split:[187-193]: ***********.... (11)
INFO:gt864-friso2-two-block-schedule.gt864_friso2_pair_t1c2_slothy_start.split:[193-198]: **********..... (10)
INFO:gt864-friso2-two-block-schedule.gt864_friso2_pair_t1c2_slothy_start.split:[198-204]: **********..... (10)
INFO:gt864-friso2-two-block-schedule.gt864_friso2_pair_t1c2_slothy_start.split:[204-209]: **********..... (10)
INFO:gt864-friso2-two-block-schedule.gt864_friso2_pair_t1c2_slothy_start.split:[209-215]: ***********.... (11)
INFO:gt864-friso2-two-block-schedule.gt864_friso2_pair_t1c2_slothy_start.split:[215-220]: ************... (12)
INFO:gt864-friso2-two-block-schedule.gt864_friso2_pair_t1c2_slothy_start.split:[220-226]: *************.. (13)
INFO:gt864-friso2-two-block-schedule.gt864_friso2_pair_t1c2_slothy_start.split:[226-231]: *************.. (13)
INFO:gt864-friso2-two-block-schedule.gt864_friso2_pair_t1c2_slothy_start.split:[231-237]: *************.. (13)
INFO:gt864-friso2-two-block-schedule.gt864_friso2_pair_t1c2_slothy_start.split:[237-242]: ************... (12)
INFO:gt864-friso2-two-block-schedule.gt864_friso2_pair_t1c2_slothy_start.split:[242-248]: ************... (12)
INFO:gt864-friso2-two-block-schedule.gt864_friso2_pair_t1c2_slothy_start.split:[248-253]: *************.. (13)
INFO:gt864-friso2-two-block-schedule.gt864_friso2_pair_t1c2_slothy_start.split:[253-259]: *************.. (13)
INFO:gt864-friso2-two-block-schedule.gt864_friso2_pair_t1c2_slothy_start.split:[259-264]: **************. (14)
INFO:gt864-friso2-two-block-schedule.gt864_friso2_pair_t1c2_slothy_start.split:[264-270]: **************. (14)
INFO:gt864-friso2-two-block-schedule.gt864_friso2_pair_t1c2_slothy_start.split:[270-276]: **********..... (10)
INFO:gt864-friso2-two-block-schedule.gt864_friso2_pair_t1c2_slothy_start.split.152_169:Perform internal binary search for minimal number of stalls...
INFO:gt864-friso2-two-block-schedule.gt864_friso2_pair_t1c2_slothy_start.split.152_169:Attempt optimization with max 256 stalls...
INFO:gt864-friso2-two-block-schedule.gt864_friso2_pair_t1c2_slothy_start.split.152_169:Setting timeout of 1800 seconds...
INFO:gt864-friso2-two-block-schedule.gt864_friso2_pair_t1c2_slothy_start.split.152_169:Objective: minimize cycles
INFO:gt864-friso2-two-block-schedule.gt864_friso2_pair_t1c2_slothy_start.split.152_169:Invoking external constraint solver (OR-Tools CP-SAT v9.15.6755) ...
INFO:gt864-friso2-two-block-schedule.gt864_friso2_pair_t1c2_slothy_start.split.152_169:[0.0831s]: Found 1 solutions so far... objective (minimize cycles): currently  (Cycles ~ 26.0, IPC ~ 0.65), bound  (Cycles ~ 14.0, IPC ~ 1.21)
INFO:gt864-friso2-two-block-schedule.gt864_friso2_pair_t1c2_slothy_start.split.152_169:[0.0869s]: Found 2 solutions so far... objective (minimize cycles): currently  (Cycles ~ 24.0, IPC ~ 0.71), bound  (Cycles ~ 14.0, IPC ~ 1.21)
INFO:gt864-friso2-two-block-schedule.gt864_friso2_pair_t1c2_slothy_start.split.152_169:[0.0951s]: Found 3 solutions so far... objective (minimize cycles): currently  (Cycles ~ 23.0, IPC ~ 0.74), bound  (Cycles ~ 20.0, IPC ~ 0.85)
INFO:gt864-friso2-two-block-schedule.gt864_friso2_pair_t1c2_slothy_start.split.152_169:OPTIMAL, wall time: 0.108428 s
INFO:gt864-friso2-two-block-schedule.gt864_friso2_pair_t1c2_slothy_start.split.152_169:Booleans in result: 150
INFO:gt864-friso2-two-block-schedule.gt864_friso2_pair_t1c2_slothy_start.split.152_169.selfcheck:OK!
INFO:gt864-friso2-two-block-schedule.gt864_friso2_pair_t1c2_slothy_start.split.152_169:Minimum number of stalls: 18
INFO:gt864-friso2-two-block-schedule.gt864_friso2_pair_t1c2_slothy_start.split:[  0-  5]: *******........ (7)
INFO:gt864-friso2-two-block-schedule.gt864_friso2_pair_t1c2_slothy_start.split:[  5- 11]: **********..... (10)
INFO:gt864-friso2-two-block-schedule.gt864_friso2_pair_t1c2_slothy_start.split:[ 11- 16]: ************... (12)
INFO:gt864-friso2-two-block-schedule.gt864_friso2_pair_t1c2_slothy_start.split:[ 16- 22]: ************... (12)
INFO:gt864-friso2-two-block-schedule.gt864_friso2_pair_t1c2_slothy_start.split:[ 22- 27]: ***********.... (11)
INFO:gt864-friso2-two-block-schedule.gt864_friso2_pair_t1c2_slothy_start.split:[ 27- 33]: *************.. (13)
INFO:gt864-friso2-two-block-schedule.gt864_friso2_pair_t1c2_slothy_start.split:[ 33- 38]: ************... (12)
INFO:gt864-friso2-two-block-schedule.gt864_friso2_pair_t1c2_slothy_start.split:[ 38- 44]: *************.. (13)
INFO:gt864-friso2-two-block-schedule.gt864_friso2_pair_t1c2_slothy_start.split:[ 44- 49]: *************.. (13)
INFO:gt864-friso2-two-block-schedule.gt864_friso2_pair_t1c2_slothy_start.split:[ 49- 55]: *************.. (13)
INFO:gt864-friso2-two-block-schedule.gt864_friso2_pair_t1c2_slothy_start.split:[ 55- 60]: ************... (12)
INFO:gt864-friso2-two-block-schedule.gt864_friso2_pair_t1c2_slothy_start.split:[ 60- 66]: ***********.... (11)
INFO:gt864-friso2-two-block-schedule.gt864_friso2_pair_t1c2_slothy_start.split:[ 66- 71]: ***********.... (11)
INFO:gt864-friso2-two-block-schedule.gt864_friso2_pair_t1c2_slothy_start.split:[ 71- 77]: ***********.... (11)
INFO:gt864-friso2-two-block-schedule.gt864_friso2_pair_t1c2_slothy_start.split:[ 77- 82]: ***********.... (11)
INFO:gt864-friso2-two-block-schedule.gt864_friso2_pair_t1c2_slothy_start.split:[ 82- 88]: *************.. (13)
INFO:gt864-friso2-two-block-schedule.gt864_friso2_pair_t1c2_slothy_start.split:[ 88- 93]: **************. (14)
INFO:gt864-friso2-two-block-schedule.gt864_friso2_pair_t1c2_slothy_start.split:[ 93- 99]: *************** (15)
INFO:gt864-friso2-two-block-schedule.gt864_friso2_pair_t1c2_slothy_start.split:[ 99-104]: *************.. (13)
INFO:gt864-friso2-two-block-schedule.gt864_friso2_pair_t1c2_slothy_start.split:[104-110]: ************... (12)
INFO:gt864-friso2-two-block-schedule.gt864_friso2_pair_t1c2_slothy_start.split:[110-115]: ************... (12)
INFO:gt864-friso2-two-block-schedule.gt864_friso2_pair_t1c2_slothy_start.split:[115-121]: ***********.... (11)
INFO:gt864-friso2-two-block-schedule.gt864_friso2_pair_t1c2_slothy_start.split:[121-126]: ***********.... (11)
INFO:gt864-friso2-two-block-schedule.gt864_friso2_pair_t1c2_slothy_start.split:[126-132]: ************... (12)
INFO:gt864-friso2-two-block-schedule.gt864_friso2_pair_t1c2_slothy_start.split:[132-138]: ***********.... (11)
INFO:gt864-friso2-two-block-schedule.gt864_friso2_pair_t1c2_slothy_start.split:[138-143]: ************... (12)
INFO:gt864-friso2-two-block-schedule.gt864_friso2_pair_t1c2_slothy_start.split:[143-149]: ***********.... (11)
INFO:gt864-friso2-two-block-schedule.gt864_friso2_pair_t1c2_slothy_start.split:[149-154]: ************... (12)
INFO:gt864-friso2-two-block-schedule.gt864_friso2_pair_t1c2_slothy_start.split:[154-160]: *************.. (13)
INFO:gt864-friso2-two-block-schedule.gt864_friso2_pair_t1c2_slothy_start.split:[160-165]: **************. (14)
INFO:gt864-friso2-two-block-schedule.gt864_friso2_pair_t1c2_slothy_start.split:[165-171]: *************** (15)
INFO:gt864-friso2-two-block-schedule.gt864_friso2_pair_t1c2_slothy_start.split:[171-176]: **************. (14)
INFO:gt864-friso2-two-block-schedule.gt864_friso2_pair_t1c2_slothy_start.split:[176-182]: *************.. (13)
INFO:gt864-friso2-two-block-schedule.gt864_friso2_pair_t1c2_slothy_start.split:[182-187]: *************.. (13)
INFO:gt864-friso2-two-block-schedule.gt864_friso2_pair_t1c2_slothy_start.split:[187-193]: ***********.... (11)
INFO:gt864-friso2-two-block-schedule.gt864_friso2_pair_t1c2_slothy_start.split:[193-198]: **********..... (10)
INFO:gt864-friso2-two-block-schedule.gt864_friso2_pair_t1c2_slothy_start.split:[198-204]: **********..... (10)
INFO:gt864-friso2-two-block-schedule.gt864_friso2_pair_t1c2_slothy_start.split:[204-209]: **********..... (10)
INFO:gt864-friso2-two-block-schedule.gt864_friso2_pair_t1c2_slothy_start.split:[209-215]: ***********.... (11)
INFO:gt864-friso2-two-block-schedule.gt864_friso2_pair_t1c2_slothy_start.split:[215-220]: ************... (12)
INFO:gt864-friso2-two-block-schedule.gt864_friso2_pair_t1c2_slothy_start.split:[220-226]: *************.. (13)
INFO:gt864-friso2-two-block-schedule.gt864_friso2_pair_t1c2_slothy_start.split:[226-231]: *************.. (13)
INFO:gt864-friso2-two-block-schedule.gt864_friso2_pair_t1c2_slothy_start.split:[231-237]: *************.. (13)
INFO:gt864-friso2-two-block-schedule.gt864_friso2_pair_t1c2_slothy_start.split:[237-242]: ************... (12)
INFO:gt864-friso2-two-block-schedule.gt864_friso2_pair_t1c2_slothy_start.split:[242-248]: ************... (12)
INFO:gt864-friso2-two-block-schedule.gt864_friso2_pair_t1c2_slothy_start.split:[248-253]: *************.. (13)
INFO:gt864-friso2-two-block-schedule.gt864_friso2_pair_t1c2_slothy_start.split:[253-259]: *************.. (13)
INFO:gt864-friso2-two-block-schedule.gt864_friso2_pair_t1c2_slothy_start.split:[259-264]: **************. (14)
INFO:gt864-friso2-two-block-schedule.gt864_friso2_pair_t1c2_slothy_start.split:[264-270]: **************. (14)
INFO:gt864-friso2-two-block-schedule.gt864_friso2_pair_t1c2_slothy_start.split:[270-276]: **********..... (10)
INFO:gt864-friso2-two-block-schedule.gt864_friso2_pair_t1c2_slothy_start.split.166_183:Perform internal binary search for minimal number of stalls...
INFO:gt864-friso2-two-block-schedule.gt864_friso2_pair_t1c2_slothy_start.split.166_183:Attempt optimization with max 256 stalls...
INFO:gt864-friso2-two-block-schedule.gt864_friso2_pair_t1c2_slothy_start.split.166_183:Setting timeout of 1800 seconds...
INFO:gt864-friso2-two-block-schedule.gt864_friso2_pair_t1c2_slothy_start.split.166_183:Objective: minimize cycles
INFO:gt864-friso2-two-block-schedule.gt864_friso2_pair_t1c2_slothy_start.split.166_183:Invoking external constraint solver (OR-Tools CP-SAT v9.15.6755) ...
INFO:gt864-friso2-two-block-schedule.gt864_friso2_pair_t1c2_slothy_start.split.166_183:[0.0996s]: Found 1 solutions so far... objective (minimize cycles): currently  (Cycles ~ 26.0, IPC ~ 0.65), bound  (Cycles ~ 14.0, IPC ~ 1.21)
INFO:gt864-friso2-two-block-schedule.gt864_friso2_pair_t1c2_slothy_start.split.166_183:[0.1035s]: Found 2 solutions so far... objective (minimize cycles): currently  (Cycles ~ 24.0, IPC ~ 0.71), bound  (Cycles ~ 14.0, IPC ~ 1.21)
INFO:gt864-friso2-two-block-schedule.gt864_friso2_pair_t1c2_slothy_start.split.166_183:[0.1116s]: Found 3 solutions so far... objective (minimize cycles): currently  (Cycles ~ 23.0, IPC ~ 0.74), bound  (Cycles ~ 14.0, IPC ~ 1.21)
INFO:gt864-friso2-two-block-schedule.gt864_friso2_pair_t1c2_slothy_start.split.166_183:OPTIMAL, wall time: 0.120915 s
INFO:gt864-friso2-two-block-schedule.gt864_friso2_pair_t1c2_slothy_start.split.166_183:Booleans in result: 121
INFO:gt864-friso2-two-block-schedule.gt864_friso2_pair_t1c2_slothy_start.split.166_183.selfcheck:OK!
INFO:gt864-friso2-two-block-schedule.gt864_friso2_pair_t1c2_slothy_start.split.166_183:Minimum number of stalls: 18
INFO:gt864-friso2-two-block-schedule.gt864_friso2_pair_t1c2_slothy_start.split:[  0-  5]: *******......... (7)
INFO:gt864-friso2-two-block-schedule.gt864_friso2_pair_t1c2_slothy_start.split:[  5- 11]: **********...... (10)
INFO:gt864-friso2-two-block-schedule.gt864_friso2_pair_t1c2_slothy_start.split:[ 11- 16]: ************.... (12)
INFO:gt864-friso2-two-block-schedule.gt864_friso2_pair_t1c2_slothy_start.split:[ 16- 22]: ************.... (12)
INFO:gt864-friso2-two-block-schedule.gt864_friso2_pair_t1c2_slothy_start.split:[ 22- 27]: ***********..... (11)
INFO:gt864-friso2-two-block-schedule.gt864_friso2_pair_t1c2_slothy_start.split:[ 27- 33]: *************... (13)
INFO:gt864-friso2-two-block-schedule.gt864_friso2_pair_t1c2_slothy_start.split:[ 33- 38]: ************.... (12)
INFO:gt864-friso2-two-block-schedule.gt864_friso2_pair_t1c2_slothy_start.split:[ 38- 44]: *************... (13)
INFO:gt864-friso2-two-block-schedule.gt864_friso2_pair_t1c2_slothy_start.split:[ 44- 49]: *************... (13)
INFO:gt864-friso2-two-block-schedule.gt864_friso2_pair_t1c2_slothy_start.split:[ 49- 55]: *************... (13)
INFO:gt864-friso2-two-block-schedule.gt864_friso2_pair_t1c2_slothy_start.split:[ 55- 60]: ************.... (12)
INFO:gt864-friso2-two-block-schedule.gt864_friso2_pair_t1c2_slothy_start.split:[ 60- 66]: ***********..... (11)
INFO:gt864-friso2-two-block-schedule.gt864_friso2_pair_t1c2_slothy_start.split:[ 66- 71]: ***********..... (11)
INFO:gt864-friso2-two-block-schedule.gt864_friso2_pair_t1c2_slothy_start.split:[ 71- 77]: ***********..... (11)
INFO:gt864-friso2-two-block-schedule.gt864_friso2_pair_t1c2_slothy_start.split:[ 77- 82]: ***********..... (11)
INFO:gt864-friso2-two-block-schedule.gt864_friso2_pair_t1c2_slothy_start.split:[ 82- 88]: *************... (13)
INFO:gt864-friso2-two-block-schedule.gt864_friso2_pair_t1c2_slothy_start.split:[ 88- 93]: **************.. (14)
INFO:gt864-friso2-two-block-schedule.gt864_friso2_pair_t1c2_slothy_start.split:[ 93- 99]: ***************. (15)
INFO:gt864-friso2-two-block-schedule.gt864_friso2_pair_t1c2_slothy_start.split:[ 99-104]: *************... (13)
INFO:gt864-friso2-two-block-schedule.gt864_friso2_pair_t1c2_slothy_start.split:[104-110]: ************.... (12)
INFO:gt864-friso2-two-block-schedule.gt864_friso2_pair_t1c2_slothy_start.split:[110-115]: ************.... (12)
INFO:gt864-friso2-two-block-schedule.gt864_friso2_pair_t1c2_slothy_start.split:[115-121]: ***********..... (11)
INFO:gt864-friso2-two-block-schedule.gt864_friso2_pair_t1c2_slothy_start.split:[121-126]: ***********..... (11)
INFO:gt864-friso2-two-block-schedule.gt864_friso2_pair_t1c2_slothy_start.split:[126-132]: ************.... (12)
INFO:gt864-friso2-two-block-schedule.gt864_friso2_pair_t1c2_slothy_start.split:[132-138]: ***********..... (11)
INFO:gt864-friso2-two-block-schedule.gt864_friso2_pair_t1c2_slothy_start.split:[138-143]: ************.... (12)
INFO:gt864-friso2-two-block-schedule.gt864_friso2_pair_t1c2_slothy_start.split:[143-149]: ***********..... (11)
INFO:gt864-friso2-two-block-schedule.gt864_friso2_pair_t1c2_slothy_start.split:[149-154]: ************.... (12)
INFO:gt864-friso2-two-block-schedule.gt864_friso2_pair_t1c2_slothy_start.split:[154-160]: ************.... (12)
INFO:gt864-friso2-two-block-schedule.gt864_friso2_pair_t1c2_slothy_start.split:[160-165]: ***********..... (11)
INFO:gt864-friso2-two-block-schedule.gt864_friso2_pair_t1c2_slothy_start.split:[165-171]: *************... (13)
INFO:gt864-friso2-two-block-schedule.gt864_friso2_pair_t1c2_slothy_start.split:[171-176]: **************.. (14)
INFO:gt864-friso2-two-block-schedule.gt864_friso2_pair_t1c2_slothy_start.split:[176-182]: ***************. (15)
INFO:gt864-friso2-two-block-schedule.gt864_friso2_pair_t1c2_slothy_start.split:[182-187]: **************.. (14)
INFO:gt864-friso2-two-block-schedule.gt864_friso2_pair_t1c2_slothy_start.split:[187-193]: ************.... (12)
INFO:gt864-friso2-two-block-schedule.gt864_friso2_pair_t1c2_slothy_start.split:[193-198]: **********...... (10)
INFO:gt864-friso2-two-block-schedule.gt864_friso2_pair_t1c2_slothy_start.split:[198-204]: **********...... (10)
INFO:gt864-friso2-two-block-schedule.gt864_friso2_pair_t1c2_slothy_start.split:[204-209]: **********...... (10)
INFO:gt864-friso2-two-block-schedule.gt864_friso2_pair_t1c2_slothy_start.split:[209-215]: ***********..... (11)
INFO:gt864-friso2-two-block-schedule.gt864_friso2_pair_t1c2_slothy_start.split:[215-220]: ************.... (12)
INFO:gt864-friso2-two-block-schedule.gt864_friso2_pair_t1c2_slothy_start.split:[220-226]: *************... (13)
INFO:gt864-friso2-two-block-schedule.gt864_friso2_pair_t1c2_slothy_start.split:[226-231]: *************... (13)
INFO:gt864-friso2-two-block-schedule.gt864_friso2_pair_t1c2_slothy_start.split:[231-237]: *************... (13)
INFO:gt864-friso2-two-block-schedule.gt864_friso2_pair_t1c2_slothy_start.split:[237-242]: ************.... (12)
INFO:gt864-friso2-two-block-schedule.gt864_friso2_pair_t1c2_slothy_start.split:[242-248]: ************.... (12)
INFO:gt864-friso2-two-block-schedule.gt864_friso2_pair_t1c2_slothy_start.split:[248-253]: *************... (13)
INFO:gt864-friso2-two-block-schedule.gt864_friso2_pair_t1c2_slothy_start.split:[253-259]: *************... (13)
INFO:gt864-friso2-two-block-schedule.gt864_friso2_pair_t1c2_slothy_start.split:[259-264]: **************.. (14)
INFO:gt864-friso2-two-block-schedule.gt864_friso2_pair_t1c2_slothy_start.split:[264-270]: **************.. (14)
INFO:gt864-friso2-two-block-schedule.gt864_friso2_pair_t1c2_slothy_start.split:[270-276]: **********...... (10)
INFO:gt864-friso2-two-block-schedule.gt864_friso2_pair_t1c2_slothy_start.split.179_197:Perform internal binary search for minimal number of stalls...
INFO:gt864-friso2-two-block-schedule.gt864_friso2_pair_t1c2_slothy_start.split.179_197:Attempt optimization with max 256 stalls...
INFO:gt864-friso2-two-block-schedule.gt864_friso2_pair_t1c2_slothy_start.split.179_197:Setting timeout of 1800 seconds...
INFO:gt864-friso2-two-block-schedule.gt864_friso2_pair_t1c2_slothy_start.split.179_197:Objective: minimize cycles
INFO:gt864-friso2-two-block-schedule.gt864_friso2_pair_t1c2_slothy_start.split.179_197:Invoking external constraint solver (OR-Tools CP-SAT v9.15.6755) ...
INFO:gt864-friso2-two-block-schedule.gt864_friso2_pair_t1c2_slothy_start.split.179_197:[0.1802s]: Found 1 solutions so far... objective (minimize cycles): currently  (Cycles ~ 25.0, IPC ~ 0.72), bound  (Cycles ~ 13.0, IPC ~ 1.38)
INFO:gt864-friso2-two-block-schedule.gt864_friso2_pair_t1c2_slothy_start.split.179_197:[0.1850s]: Found 2 solutions so far... objective (minimize cycles): currently  (Cycles ~ 24.0, IPC ~ 0.75), bound  (Cycles ~ 13.0, IPC ~ 1.38)
INFO:gt864-friso2-two-block-schedule.gt864_friso2_pair_t1c2_slothy_start.split.179_197:[0.1960s]: Found 3 solutions so far... objective (minimize cycles): currently  (Cycles ~ 23.0, IPC ~ 0.78), bound  (Cycles ~ 19.0, IPC ~ 0.95)
INFO:gt864-friso2-two-block-schedule.gt864_friso2_pair_t1c2_slothy_start.split.179_197:[0.2013s]: Found 4 solutions so far... objective (minimize cycles): currently  (Cycles ~ 22.0, IPC ~ 0.82), bound  (Cycles ~ 19.0, IPC ~ 0.95)
INFO:gt864-friso2-two-block-schedule.gt864_friso2_pair_t1c2_slothy_start.split.179_197:[0.2088s]: Found 5 solutions so far... objective (minimize cycles): currently  (Cycles ~ 21.0, IPC ~ 0.86), bound  (Cycles ~ 19.0, IPC ~ 0.95)
INFO:gt864-friso2-two-block-schedule.gt864_friso2_pair_t1c2_slothy_start.split.179_197:[0.2110s]: Found 6 solutions so far... objective (minimize cycles): currently  (Cycles ~ 20.0, IPC ~ 0.90), bound  (Cycles ~ 19.0, IPC ~ 0.95)
INFO:gt864-friso2-two-block-schedule.gt864_friso2_pair_t1c2_slothy_start.split.179_197:[0.2132s]: Found 7 solutions so far... objective (minimize cycles): currently  (Cycles ~ 19.0, IPC ~ 0.95), bound  (Cycles ~ 19.0, IPC ~ 0.95)
INFO:gt864-friso2-two-block-schedule.gt864_friso2_pair_t1c2_slothy_start.split.179_197:Closer than 0 stalls to theoretical optimum... stop
INFO:gt864-friso2-two-block-schedule.gt864_friso2_pair_t1c2_slothy_start.split.179_197:OPTIMAL, wall time: 0.226541 s
INFO:gt864-friso2-two-block-schedule.gt864_friso2_pair_t1c2_slothy_start.split.179_197:Booleans in result: 132
INFO:gt864-friso2-two-block-schedule.gt864_friso2_pair_t1c2_slothy_start.split.179_197.selfcheck:OK!
INFO:gt864-friso2-two-block-schedule.gt864_friso2_pair_t1c2_slothy_start.split.179_197:Minimum number of stalls: 14
INFO:gt864-friso2-two-block-schedule.gt864_friso2_pair_t1c2_slothy_start.split:[  0-  5]: *******........ (7)
INFO:gt864-friso2-two-block-schedule.gt864_friso2_pair_t1c2_slothy_start.split:[  5- 11]: **********..... (10)
INFO:gt864-friso2-two-block-schedule.gt864_friso2_pair_t1c2_slothy_start.split:[ 11- 16]: ************... (12)
INFO:gt864-friso2-two-block-schedule.gt864_friso2_pair_t1c2_slothy_start.split:[ 16- 22]: ************... (12)
INFO:gt864-friso2-two-block-schedule.gt864_friso2_pair_t1c2_slothy_start.split:[ 22- 27]: ***********.... (11)
INFO:gt864-friso2-two-block-schedule.gt864_friso2_pair_t1c2_slothy_start.split:[ 27- 33]: *************.. (13)
INFO:gt864-friso2-two-block-schedule.gt864_friso2_pair_t1c2_slothy_start.split:[ 33- 38]: ************... (12)
INFO:gt864-friso2-two-block-schedule.gt864_friso2_pair_t1c2_slothy_start.split:[ 38- 44]: *************.. (13)
INFO:gt864-friso2-two-block-schedule.gt864_friso2_pair_t1c2_slothy_start.split:[ 44- 49]: *************.. (13)
INFO:gt864-friso2-two-block-schedule.gt864_friso2_pair_t1c2_slothy_start.split:[ 49- 55]: *************.. (13)
INFO:gt864-friso2-two-block-schedule.gt864_friso2_pair_t1c2_slothy_start.split:[ 55- 60]: ************... (12)
INFO:gt864-friso2-two-block-schedule.gt864_friso2_pair_t1c2_slothy_start.split:[ 60- 66]: ***********.... (11)
INFO:gt864-friso2-two-block-schedule.gt864_friso2_pair_t1c2_slothy_start.split:[ 66- 71]: ***********.... (11)
INFO:gt864-friso2-two-block-schedule.gt864_friso2_pair_t1c2_slothy_start.split:[ 71- 77]: ***********.... (11)
INFO:gt864-friso2-two-block-schedule.gt864_friso2_pair_t1c2_slothy_start.split:[ 77- 82]: ***********.... (11)
INFO:gt864-friso2-two-block-schedule.gt864_friso2_pair_t1c2_slothy_start.split:[ 82- 88]: *************.. (13)
INFO:gt864-friso2-two-block-schedule.gt864_friso2_pair_t1c2_slothy_start.split:[ 88- 93]: **************. (14)
INFO:gt864-friso2-two-block-schedule.gt864_friso2_pair_t1c2_slothy_start.split:[ 93- 99]: *************** (15)
INFO:gt864-friso2-two-block-schedule.gt864_friso2_pair_t1c2_slothy_start.split:[ 99-104]: *************.. (13)
INFO:gt864-friso2-two-block-schedule.gt864_friso2_pair_t1c2_slothy_start.split:[104-110]: ************... (12)
INFO:gt864-friso2-two-block-schedule.gt864_friso2_pair_t1c2_slothy_start.split:[110-115]: ************... (12)
INFO:gt864-friso2-two-block-schedule.gt864_friso2_pair_t1c2_slothy_start.split:[115-121]: ***********.... (11)
INFO:gt864-friso2-two-block-schedule.gt864_friso2_pair_t1c2_slothy_start.split:[121-126]: ***********.... (11)
INFO:gt864-friso2-two-block-schedule.gt864_friso2_pair_t1c2_slothy_start.split:[126-132]: ************... (12)
INFO:gt864-friso2-two-block-schedule.gt864_friso2_pair_t1c2_slothy_start.split:[132-138]: ***********.... (11)
INFO:gt864-friso2-two-block-schedule.gt864_friso2_pair_t1c2_slothy_start.split:[138-143]: ************... (12)
INFO:gt864-friso2-two-block-schedule.gt864_friso2_pair_t1c2_slothy_start.split:[143-149]: ***********.... (11)
INFO:gt864-friso2-two-block-schedule.gt864_friso2_pair_t1c2_slothy_start.split:[149-154]: ************... (12)
INFO:gt864-friso2-two-block-schedule.gt864_friso2_pair_t1c2_slothy_start.split:[154-160]: ************... (12)
INFO:gt864-friso2-two-block-schedule.gt864_friso2_pair_t1c2_slothy_start.split:[160-165]: ***********.... (11)
INFO:gt864-friso2-two-block-schedule.gt864_friso2_pair_t1c2_slothy_start.split:[165-171]: *************.. (13)
INFO:gt864-friso2-two-block-schedule.gt864_friso2_pair_t1c2_slothy_start.split:[171-176]: ************... (12)
INFO:gt864-friso2-two-block-schedule.gt864_friso2_pair_t1c2_slothy_start.split:[176-182]: *************.. (13)
INFO:gt864-friso2-two-block-schedule.gt864_friso2_pair_t1c2_slothy_start.split:[182-187]: **************. (14)
INFO:gt864-friso2-two-block-schedule.gt864_friso2_pair_t1c2_slothy_start.split:[187-193]: *************.. (13)
INFO:gt864-friso2-two-block-schedule.gt864_friso2_pair_t1c2_slothy_start.split:[193-198]: *************.. (13)
INFO:gt864-friso2-two-block-schedule.gt864_friso2_pair_t1c2_slothy_start.split:[198-204]: ***********.... (11)
INFO:gt864-friso2-two-block-schedule.gt864_friso2_pair_t1c2_slothy_start.split:[204-209]: **********..... (10)
INFO:gt864-friso2-two-block-schedule.gt864_friso2_pair_t1c2_slothy_start.split:[209-215]: ***********.... (11)
INFO:gt864-friso2-two-block-schedule.gt864_friso2_pair_t1c2_slothy_start.split:[215-220]: ************... (12)
INFO:gt864-friso2-two-block-schedule.gt864_friso2_pair_t1c2_slothy_start.split:[220-226]: *************.. (13)
INFO:gt864-friso2-two-block-schedule.gt864_friso2_pair_t1c2_slothy_start.split:[226-231]: *************.. (13)
INFO:gt864-friso2-two-block-schedule.gt864_friso2_pair_t1c2_slothy_start.split:[231-237]: *************.. (13)
INFO:gt864-friso2-two-block-schedule.gt864_friso2_pair_t1c2_slothy_start.split:[237-242]: ************... (12)
INFO:gt864-friso2-two-block-schedule.gt864_friso2_pair_t1c2_slothy_start.split:[242-248]: ************... (12)
INFO:gt864-friso2-two-block-schedule.gt864_friso2_pair_t1c2_slothy_start.split:[248-253]: *************.. (13)
INFO:gt864-friso2-two-block-schedule.gt864_friso2_pair_t1c2_slothy_start.split:[253-259]: *************.. (13)
INFO:gt864-friso2-two-block-schedule.gt864_friso2_pair_t1c2_slothy_start.split:[259-264]: **************. (14)
INFO:gt864-friso2-two-block-schedule.gt864_friso2_pair_t1c2_slothy_start.split:[264-270]: **************. (14)
INFO:gt864-friso2-two-block-schedule.gt864_friso2_pair_t1c2_slothy_start.split:[270-276]: **********..... (10)
INFO:gt864-friso2-two-block-schedule.gt864_friso2_pair_t1c2_slothy_start.split.193_210:Perform internal binary search for minimal number of stalls...
INFO:gt864-friso2-two-block-schedule.gt864_friso2_pair_t1c2_slothy_start.split.193_210:Attempt optimization with max 256 stalls...
INFO:gt864-friso2-two-block-schedule.gt864_friso2_pair_t1c2_slothy_start.split.193_210:Setting timeout of 1800 seconds...
INFO:gt864-friso2-two-block-schedule.gt864_friso2_pair_t1c2_slothy_start.split.193_210:Objective: minimize cycles
INFO:gt864-friso2-two-block-schedule.gt864_friso2_pair_t1c2_slothy_start.split.193_210:Invoking external constraint solver (OR-Tools CP-SAT v9.15.6755) ...
INFO:gt864-friso2-two-block-schedule.gt864_friso2_pair_t1c2_slothy_start.split.193_210:[0.1176s]: Found 1 solutions so far... objective (minimize cycles): currently  (Cycles ~ 23.0, IPC ~ 0.74), bound  (Cycles ~ 18.0, IPC ~ 0.94)
INFO:gt864-friso2-two-block-schedule.gt864_friso2_pair_t1c2_slothy_start.split.193_210:[0.1273s]: Found 2 solutions so far... objective (minimize cycles): currently  (Cycles ~ 22.0, IPC ~ 0.77), bound  (Cycles ~ 18.0, IPC ~ 0.94)
INFO:gt864-friso2-two-block-schedule.gt864_friso2_pair_t1c2_slothy_start.split.193_210:[0.1281s]: Found 3 solutions so far... objective (minimize cycles): currently  (Cycles ~ 18.0, IPC ~ 0.94), bound  (Cycles ~ 18.0, IPC ~ 0.94)
INFO:gt864-friso2-two-block-schedule.gt864_friso2_pair_t1c2_slothy_start.split.193_210:Closer than 0 stalls to theoretical optimum... stop
INFO:gt864-friso2-two-block-schedule.gt864_friso2_pair_t1c2_slothy_start.split.193_210:OPTIMAL, wall time: 0.137327 s
INFO:gt864-friso2-two-block-schedule.gt864_friso2_pair_t1c2_slothy_start.split.193_210:Booleans in result: 105
INFO:gt864-friso2-two-block-schedule.gt864_friso2_pair_t1c2_slothy_start.split.193_210.selfcheck:OK!
INFO:gt864-friso2-two-block-schedule.gt864_friso2_pair_t1c2_slothy_start.split.193_210:Minimum number of stalls: 13
INFO:gt864-friso2-two-block-schedule.gt864_friso2_pair_t1c2_slothy_start.split:[  0-  5]: *******........ (7)
INFO:gt864-friso2-two-block-schedule.gt864_friso2_pair_t1c2_slothy_start.split:[  5- 11]: **********..... (10)
INFO:gt864-friso2-two-block-schedule.gt864_friso2_pair_t1c2_slothy_start.split:[ 11- 16]: ************... (12)
INFO:gt864-friso2-two-block-schedule.gt864_friso2_pair_t1c2_slothy_start.split:[ 16- 22]: ************... (12)
INFO:gt864-friso2-two-block-schedule.gt864_friso2_pair_t1c2_slothy_start.split:[ 22- 27]: ***********.... (11)
INFO:gt864-friso2-two-block-schedule.gt864_friso2_pair_t1c2_slothy_start.split:[ 27- 33]: *************.. (13)
INFO:gt864-friso2-two-block-schedule.gt864_friso2_pair_t1c2_slothy_start.split:[ 33- 38]: ************... (12)
INFO:gt864-friso2-two-block-schedule.gt864_friso2_pair_t1c2_slothy_start.split:[ 38- 44]: *************.. (13)
INFO:gt864-friso2-two-block-schedule.gt864_friso2_pair_t1c2_slothy_start.split:[ 44- 49]: *************.. (13)
INFO:gt864-friso2-two-block-schedule.gt864_friso2_pair_t1c2_slothy_start.split:[ 49- 55]: *************.. (13)
INFO:gt864-friso2-two-block-schedule.gt864_friso2_pair_t1c2_slothy_start.split:[ 55- 60]: ************... (12)
INFO:gt864-friso2-two-block-schedule.gt864_friso2_pair_t1c2_slothy_start.split:[ 60- 66]: ***********.... (11)
INFO:gt864-friso2-two-block-schedule.gt864_friso2_pair_t1c2_slothy_start.split:[ 66- 71]: ***********.... (11)
INFO:gt864-friso2-two-block-schedule.gt864_friso2_pair_t1c2_slothy_start.split:[ 71- 77]: ***********.... (11)
INFO:gt864-friso2-two-block-schedule.gt864_friso2_pair_t1c2_slothy_start.split:[ 77- 82]: ***********.... (11)
INFO:gt864-friso2-two-block-schedule.gt864_friso2_pair_t1c2_slothy_start.split:[ 82- 88]: *************.. (13)
INFO:gt864-friso2-two-block-schedule.gt864_friso2_pair_t1c2_slothy_start.split:[ 88- 93]: **************. (14)
INFO:gt864-friso2-two-block-schedule.gt864_friso2_pair_t1c2_slothy_start.split:[ 93- 99]: *************** (15)
INFO:gt864-friso2-two-block-schedule.gt864_friso2_pair_t1c2_slothy_start.split:[ 99-104]: *************.. (13)
INFO:gt864-friso2-two-block-schedule.gt864_friso2_pair_t1c2_slothy_start.split:[104-110]: ************... (12)
INFO:gt864-friso2-two-block-schedule.gt864_friso2_pair_t1c2_slothy_start.split:[110-115]: ************... (12)
INFO:gt864-friso2-two-block-schedule.gt864_friso2_pair_t1c2_slothy_start.split:[115-121]: ***********.... (11)
INFO:gt864-friso2-two-block-schedule.gt864_friso2_pair_t1c2_slothy_start.split:[121-126]: ***********.... (11)
INFO:gt864-friso2-two-block-schedule.gt864_friso2_pair_t1c2_slothy_start.split:[126-132]: ************... (12)
INFO:gt864-friso2-two-block-schedule.gt864_friso2_pair_t1c2_slothy_start.split:[132-138]: ***********.... (11)
INFO:gt864-friso2-two-block-schedule.gt864_friso2_pair_t1c2_slothy_start.split:[138-143]: ************... (12)
INFO:gt864-friso2-two-block-schedule.gt864_friso2_pair_t1c2_slothy_start.split:[143-149]: ***********.... (11)
INFO:gt864-friso2-two-block-schedule.gt864_friso2_pair_t1c2_slothy_start.split:[149-154]: ************... (12)
INFO:gt864-friso2-two-block-schedule.gt864_friso2_pair_t1c2_slothy_start.split:[154-160]: ************... (12)
INFO:gt864-friso2-two-block-schedule.gt864_friso2_pair_t1c2_slothy_start.split:[160-165]: ***********.... (11)
INFO:gt864-friso2-two-block-schedule.gt864_friso2_pair_t1c2_slothy_start.split:[165-171]: *************.. (13)
INFO:gt864-friso2-two-block-schedule.gt864_friso2_pair_t1c2_slothy_start.split:[171-176]: ************... (12)
INFO:gt864-friso2-two-block-schedule.gt864_friso2_pair_t1c2_slothy_start.split:[176-182]: *************.. (13)
INFO:gt864-friso2-two-block-schedule.gt864_friso2_pair_t1c2_slothy_start.split:[182-187]: *************.. (13)
INFO:gt864-friso2-two-block-schedule.gt864_friso2_pair_t1c2_slothy_start.split:[187-193]: *************.. (13)
INFO:gt864-friso2-two-block-schedule.gt864_friso2_pair_t1c2_slothy_start.split:[193-198]: *************.. (13)
INFO:gt864-friso2-two-block-schedule.gt864_friso2_pair_t1c2_slothy_start.split:[198-204]: ************... (12)
INFO:gt864-friso2-two-block-schedule.gt864_friso2_pair_t1c2_slothy_start.split:[204-209]: ***********.... (11)
INFO:gt864-friso2-two-block-schedule.gt864_friso2_pair_t1c2_slothy_start.split:[209-215]: ************... (12)
INFO:gt864-friso2-two-block-schedule.gt864_friso2_pair_t1c2_slothy_start.split:[215-220]: ************... (12)
INFO:gt864-friso2-two-block-schedule.gt864_friso2_pair_t1c2_slothy_start.split:[220-226]: *************.. (13)
INFO:gt864-friso2-two-block-schedule.gt864_friso2_pair_t1c2_slothy_start.split:[226-231]: *************.. (13)
INFO:gt864-friso2-two-block-schedule.gt864_friso2_pair_t1c2_slothy_start.split:[231-237]: *************.. (13)
INFO:gt864-friso2-two-block-schedule.gt864_friso2_pair_t1c2_slothy_start.split:[237-242]: ************... (12)
INFO:gt864-friso2-two-block-schedule.gt864_friso2_pair_t1c2_slothy_start.split:[242-248]: ************... (12)
INFO:gt864-friso2-two-block-schedule.gt864_friso2_pair_t1c2_slothy_start.split:[248-253]: *************.. (13)
INFO:gt864-friso2-two-block-schedule.gt864_friso2_pair_t1c2_slothy_start.split:[253-259]: *************.. (13)
INFO:gt864-friso2-two-block-schedule.gt864_friso2_pair_t1c2_slothy_start.split:[259-264]: **************. (14)
INFO:gt864-friso2-two-block-schedule.gt864_friso2_pair_t1c2_slothy_start.split:[264-270]: **************. (14)
INFO:gt864-friso2-two-block-schedule.gt864_friso2_pair_t1c2_slothy_start.split:[270-276]: **********..... (10)
INFO:gt864-friso2-two-block-schedule.gt864_friso2_pair_t1c2_slothy_start.split.207_224:Perform internal binary search for minimal number of stalls...
INFO:gt864-friso2-two-block-schedule.gt864_friso2_pair_t1c2_slothy_start.split.207_224:Attempt optimization with max 256 stalls...
INFO:gt864-friso2-two-block-schedule.gt864_friso2_pair_t1c2_slothy_start.split.207_224:Setting timeout of 1800 seconds...
INFO:gt864-friso2-two-block-schedule.gt864_friso2_pair_t1c2_slothy_start.split.207_224:Objective: minimize cycles
INFO:gt864-friso2-two-block-schedule.gt864_friso2_pair_t1c2_slothy_start.split.207_224:Invoking external constraint solver (OR-Tools CP-SAT v9.15.6755) ...
INFO:gt864-friso2-two-block-schedule.gt864_friso2_pair_t1c2_slothy_start.split.207_224:[0.1654s]: Found 1 solutions so far... objective (minimize cycles): currently  (Cycles ~ 23.0, IPC ~ 0.74), bound  (Cycles ~ 18.0, IPC ~ 0.94)
INFO:gt864-friso2-two-block-schedule.gt864_friso2_pair_t1c2_slothy_start.split.207_224:[0.1717s]: Found 2 solutions so far... objective (minimize cycles): currently  (Cycles ~ 19.0, IPC ~ 0.89), bound  (Cycles ~ 18.0, IPC ~ 0.94)
INFO:gt864-friso2-two-block-schedule.gt864_friso2_pair_t1c2_slothy_start.split.207_224:OPTIMAL, wall time: 0.181306 s
INFO:gt864-friso2-two-block-schedule.gt864_friso2_pair_t1c2_slothy_start.split.207_224:Booleans in result: 119
INFO:gt864-friso2-two-block-schedule.gt864_friso2_pair_t1c2_slothy_start.split.207_224.selfcheck:OK!
INFO:gt864-friso2-two-block-schedule.gt864_friso2_pair_t1c2_slothy_start.split.207_224:Minimum number of stalls: 14
INFO:gt864-friso2-two-block-schedule.gt864_friso2_pair_t1c2_slothy_start.split:[  0-  5]: *******........ (7)
INFO:gt864-friso2-two-block-schedule.gt864_friso2_pair_t1c2_slothy_start.split:[  5- 11]: **********..... (10)
INFO:gt864-friso2-two-block-schedule.gt864_friso2_pair_t1c2_slothy_start.split:[ 11- 16]: ************... (12)
INFO:gt864-friso2-two-block-schedule.gt864_friso2_pair_t1c2_slothy_start.split:[ 16- 22]: ************... (12)
INFO:gt864-friso2-two-block-schedule.gt864_friso2_pair_t1c2_slothy_start.split:[ 22- 27]: ***********.... (11)
INFO:gt864-friso2-two-block-schedule.gt864_friso2_pair_t1c2_slothy_start.split:[ 27- 33]: *************.. (13)
INFO:gt864-friso2-two-block-schedule.gt864_friso2_pair_t1c2_slothy_start.split:[ 33- 38]: ************... (12)
INFO:gt864-friso2-two-block-schedule.gt864_friso2_pair_t1c2_slothy_start.split:[ 38- 44]: *************.. (13)
INFO:gt864-friso2-two-block-schedule.gt864_friso2_pair_t1c2_slothy_start.split:[ 44- 49]: *************.. (13)
INFO:gt864-friso2-two-block-schedule.gt864_friso2_pair_t1c2_slothy_start.split:[ 49- 55]: *************.. (13)
INFO:gt864-friso2-two-block-schedule.gt864_friso2_pair_t1c2_slothy_start.split:[ 55- 60]: ************... (12)
INFO:gt864-friso2-two-block-schedule.gt864_friso2_pair_t1c2_slothy_start.split:[ 60- 66]: ***********.... (11)
INFO:gt864-friso2-two-block-schedule.gt864_friso2_pair_t1c2_slothy_start.split:[ 66- 71]: ***********.... (11)
INFO:gt864-friso2-two-block-schedule.gt864_friso2_pair_t1c2_slothy_start.split:[ 71- 77]: ***********.... (11)
INFO:gt864-friso2-two-block-schedule.gt864_friso2_pair_t1c2_slothy_start.split:[ 77- 82]: ***********.... (11)
INFO:gt864-friso2-two-block-schedule.gt864_friso2_pair_t1c2_slothy_start.split:[ 82- 88]: *************.. (13)
INFO:gt864-friso2-two-block-schedule.gt864_friso2_pair_t1c2_slothy_start.split:[ 88- 93]: **************. (14)
INFO:gt864-friso2-two-block-schedule.gt864_friso2_pair_t1c2_slothy_start.split:[ 93- 99]: *************** (15)
INFO:gt864-friso2-two-block-schedule.gt864_friso2_pair_t1c2_slothy_start.split:[ 99-104]: *************.. (13)
INFO:gt864-friso2-two-block-schedule.gt864_friso2_pair_t1c2_slothy_start.split:[104-110]: ************... (12)
INFO:gt864-friso2-two-block-schedule.gt864_friso2_pair_t1c2_slothy_start.split:[110-115]: ************... (12)
INFO:gt864-friso2-two-block-schedule.gt864_friso2_pair_t1c2_slothy_start.split:[115-121]: ***********.... (11)
INFO:gt864-friso2-two-block-schedule.gt864_friso2_pair_t1c2_slothy_start.split:[121-126]: ***********.... (11)
INFO:gt864-friso2-two-block-schedule.gt864_friso2_pair_t1c2_slothy_start.split:[126-132]: ************... (12)
INFO:gt864-friso2-two-block-schedule.gt864_friso2_pair_t1c2_slothy_start.split:[132-138]: ***********.... (11)
INFO:gt864-friso2-two-block-schedule.gt864_friso2_pair_t1c2_slothy_start.split:[138-143]: ************... (12)
INFO:gt864-friso2-two-block-schedule.gt864_friso2_pair_t1c2_slothy_start.split:[143-149]: ***********.... (11)
INFO:gt864-friso2-two-block-schedule.gt864_friso2_pair_t1c2_slothy_start.split:[149-154]: ************... (12)
INFO:gt864-friso2-two-block-schedule.gt864_friso2_pair_t1c2_slothy_start.split:[154-160]: ************... (12)
INFO:gt864-friso2-two-block-schedule.gt864_friso2_pair_t1c2_slothy_start.split:[160-165]: ***********.... (11)
INFO:gt864-friso2-two-block-schedule.gt864_friso2_pair_t1c2_slothy_start.split:[165-171]: *************.. (13)
INFO:gt864-friso2-two-block-schedule.gt864_friso2_pair_t1c2_slothy_start.split:[171-176]: ************... (12)
INFO:gt864-friso2-two-block-schedule.gt864_friso2_pair_t1c2_slothy_start.split:[176-182]: *************.. (13)
INFO:gt864-friso2-two-block-schedule.gt864_friso2_pair_t1c2_slothy_start.split:[182-187]: *************.. (13)
INFO:gt864-friso2-two-block-schedule.gt864_friso2_pair_t1c2_slothy_start.split:[187-193]: *************.. (13)
INFO:gt864-friso2-two-block-schedule.gt864_friso2_pair_t1c2_slothy_start.split:[193-198]: *************.. (13)
INFO:gt864-friso2-two-block-schedule.gt864_friso2_pair_t1c2_slothy_start.split:[198-204]: ************... (12)
INFO:gt864-friso2-two-block-schedule.gt864_friso2_pair_t1c2_slothy_start.split:[204-209]: ***********.... (11)
INFO:gt864-friso2-two-block-schedule.gt864_friso2_pair_t1c2_slothy_start.split:[209-215]: ************... (12)
INFO:gt864-friso2-two-block-schedule.gt864_friso2_pair_t1c2_slothy_start.split:[215-220]: *************.. (13)
INFO:gt864-friso2-two-block-schedule.gt864_friso2_pair_t1c2_slothy_start.split:[220-226]: **************. (14)
INFO:gt864-friso2-two-block-schedule.gt864_friso2_pair_t1c2_slothy_start.split:[226-231]: **************. (14)
INFO:gt864-friso2-two-block-schedule.gt864_friso2_pair_t1c2_slothy_start.split:[231-237]: *************.. (13)
INFO:gt864-friso2-two-block-schedule.gt864_friso2_pair_t1c2_slothy_start.split:[237-242]: ************... (12)
INFO:gt864-friso2-two-block-schedule.gt864_friso2_pair_t1c2_slothy_start.split:[242-248]: ************... (12)
INFO:gt864-friso2-two-block-schedule.gt864_friso2_pair_t1c2_slothy_start.split:[248-253]: *************.. (13)
INFO:gt864-friso2-two-block-schedule.gt864_friso2_pair_t1c2_slothy_start.split:[253-259]: *************.. (13)
INFO:gt864-friso2-two-block-schedule.gt864_friso2_pair_t1c2_slothy_start.split:[259-264]: **************. (14)
INFO:gt864-friso2-two-block-schedule.gt864_friso2_pair_t1c2_slothy_start.split:[264-270]: **************. (14)
INFO:gt864-friso2-two-block-schedule.gt864_friso2_pair_t1c2_slothy_start.split:[270-276]: **********..... (10)
INFO:gt864-friso2-two-block-schedule.gt864_friso2_pair_t1c2_slothy_start.split.221_238:Perform internal binary search for minimal number of stalls...
INFO:gt864-friso2-two-block-schedule.gt864_friso2_pair_t1c2_slothy_start.split.221_238:Attempt optimization with max 256 stalls...
INFO:gt864-friso2-two-block-schedule.gt864_friso2_pair_t1c2_slothy_start.split.221_238:Setting timeout of 1800 seconds...
INFO:gt864-friso2-two-block-schedule.gt864_friso2_pair_t1c2_slothy_start.split.221_238:Objective: minimize cycles
INFO:gt864-friso2-two-block-schedule.gt864_friso2_pair_t1c2_slothy_start.split.221_238:Invoking external constraint solver (OR-Tools CP-SAT v9.15.6755) ...
INFO:gt864-friso2-two-block-schedule.gt864_friso2_pair_t1c2_slothy_start.split.221_238:[0.1365s]: Found 1 solutions so far... objective (minimize cycles): currently  (Cycles ~ 32.0, IPC ~ 0.53), bound  (Cycles ~ 20.0, IPC ~ 0.85)
INFO:gt864-friso2-two-block-schedule.gt864_friso2_pair_t1c2_slothy_start.split.221_238:[0.1414s]: Found 2 solutions so far... objective (minimize cycles): currently  (Cycles ~ 30.0, IPC ~ 0.57), bound  (Cycles ~ 20.0, IPC ~ 0.85)
INFO:gt864-friso2-two-block-schedule.gt864_friso2_pair_t1c2_slothy_start.split.221_238:[0.1439s]: Found 3 solutions so far... objective (minimize cycles): currently  (Cycles ~ 29.0, IPC ~ 0.59), bound  (Cycles ~ 20.0, IPC ~ 0.85)
INFO:gt864-friso2-two-block-schedule.gt864_friso2_pair_t1c2_slothy_start.split.221_238:[0.1477s]: Found 4 solutions so far... objective (minimize cycles): currently  (Cycles ~ 28.0, IPC ~ 0.61), bound  (Cycles ~ 20.0, IPC ~ 0.85)
INFO:gt864-friso2-two-block-schedule.gt864_friso2_pair_t1c2_slothy_start.split.221_238:[0.1526s]: Found 5 solutions so far... objective (minimize cycles): currently  (Cycles ~ 27.0, IPC ~ 0.63), bound  (Cycles ~ 20.0, IPC ~ 0.85)
INFO:gt864-friso2-two-block-schedule.gt864_friso2_pair_t1c2_slothy_start.split.221_238:[0.1557s]: Found 6 solutions so far... objective (minimize cycles): currently  (Cycles ~ 26.0, IPC ~ 0.65), bound  (Cycles ~ 20.0, IPC ~ 0.85)
INFO:gt864-friso2-two-block-schedule.gt864_friso2_pair_t1c2_slothy_start.split.221_238:[0.1613s]: Found 7 solutions so far... objective (minimize cycles): currently  (Cycles ~ 24.0, IPC ~ 0.71), bound  (Cycles ~ 20.0, IPC ~ 0.85)
INFO:gt864-friso2-two-block-schedule.gt864_friso2_pair_t1c2_slothy_start.split.221_238:[0.1688s]: Found 8 solutions so far... objective (minimize cycles): currently  (Cycles ~ 23.0, IPC ~ 0.74), bound  (Cycles ~ 20.0, IPC ~ 0.85)
INFO:gt864-friso2-two-block-schedule.gt864_friso2_pair_t1c2_slothy_start.split.221_238:OPTIMAL, wall time: 0.182463 s
INFO:gt864-friso2-two-block-schedule.gt864_friso2_pair_t1c2_slothy_start.split.221_238:Booleans in result: 152
INFO:gt864-friso2-two-block-schedule.gt864_friso2_pair_t1c2_slothy_start.split.221_238.selfcheck:OK!
INFO:gt864-friso2-two-block-schedule.gt864_friso2_pair_t1c2_slothy_start.split.221_238:Minimum number of stalls: 18
INFO:gt864-friso2-two-block-schedule.gt864_friso2_pair_t1c2_slothy_start.split:[  0-  5]: *******......... (7)
INFO:gt864-friso2-two-block-schedule.gt864_friso2_pair_t1c2_slothy_start.split:[  5- 11]: **********...... (10)
INFO:gt864-friso2-two-block-schedule.gt864_friso2_pair_t1c2_slothy_start.split:[ 11- 16]: ************.... (12)
INFO:gt864-friso2-two-block-schedule.gt864_friso2_pair_t1c2_slothy_start.split:[ 16- 22]: ************.... (12)
INFO:gt864-friso2-two-block-schedule.gt864_friso2_pair_t1c2_slothy_start.split:[ 22- 27]: ***********..... (11)
INFO:gt864-friso2-two-block-schedule.gt864_friso2_pair_t1c2_slothy_start.split:[ 27- 33]: *************... (13)
INFO:gt864-friso2-two-block-schedule.gt864_friso2_pair_t1c2_slothy_start.split:[ 33- 38]: ************.... (12)
INFO:gt864-friso2-two-block-schedule.gt864_friso2_pair_t1c2_slothy_start.split:[ 38- 44]: *************... (13)
INFO:gt864-friso2-two-block-schedule.gt864_friso2_pair_t1c2_slothy_start.split:[ 44- 49]: *************... (13)
INFO:gt864-friso2-two-block-schedule.gt864_friso2_pair_t1c2_slothy_start.split:[ 49- 55]: *************... (13)
INFO:gt864-friso2-two-block-schedule.gt864_friso2_pair_t1c2_slothy_start.split:[ 55- 60]: ************.... (12)
INFO:gt864-friso2-two-block-schedule.gt864_friso2_pair_t1c2_slothy_start.split:[ 60- 66]: ***********..... (11)
INFO:gt864-friso2-two-block-schedule.gt864_friso2_pair_t1c2_slothy_start.split:[ 66- 71]: ***********..... (11)
INFO:gt864-friso2-two-block-schedule.gt864_friso2_pair_t1c2_slothy_start.split:[ 71- 77]: ***********..... (11)
INFO:gt864-friso2-two-block-schedule.gt864_friso2_pair_t1c2_slothy_start.split:[ 77- 82]: ***********..... (11)
INFO:gt864-friso2-two-block-schedule.gt864_friso2_pair_t1c2_slothy_start.split:[ 82- 88]: *************... (13)
INFO:gt864-friso2-two-block-schedule.gt864_friso2_pair_t1c2_slothy_start.split:[ 88- 93]: **************.. (14)
INFO:gt864-friso2-two-block-schedule.gt864_friso2_pair_t1c2_slothy_start.split:[ 93- 99]: ***************. (15)
INFO:gt864-friso2-two-block-schedule.gt864_friso2_pair_t1c2_slothy_start.split:[ 99-104]: *************... (13)
INFO:gt864-friso2-two-block-schedule.gt864_friso2_pair_t1c2_slothy_start.split:[104-110]: ************.... (12)
INFO:gt864-friso2-two-block-schedule.gt864_friso2_pair_t1c2_slothy_start.split:[110-115]: ************.... (12)
INFO:gt864-friso2-two-block-schedule.gt864_friso2_pair_t1c2_slothy_start.split:[115-121]: ***********..... (11)
INFO:gt864-friso2-two-block-schedule.gt864_friso2_pair_t1c2_slothy_start.split:[121-126]: ***********..... (11)
INFO:gt864-friso2-two-block-schedule.gt864_friso2_pair_t1c2_slothy_start.split:[126-132]: ************.... (12)
INFO:gt864-friso2-two-block-schedule.gt864_friso2_pair_t1c2_slothy_start.split:[132-138]: ***********..... (11)
INFO:gt864-friso2-two-block-schedule.gt864_friso2_pair_t1c2_slothy_start.split:[138-143]: ************.... (12)
INFO:gt864-friso2-two-block-schedule.gt864_friso2_pair_t1c2_slothy_start.split:[143-149]: ***********..... (11)
INFO:gt864-friso2-two-block-schedule.gt864_friso2_pair_t1c2_slothy_start.split:[149-154]: ************.... (12)
INFO:gt864-friso2-two-block-schedule.gt864_friso2_pair_t1c2_slothy_start.split:[154-160]: ************.... (12)
INFO:gt864-friso2-two-block-schedule.gt864_friso2_pair_t1c2_slothy_start.split:[160-165]: ***********..... (11)
INFO:gt864-friso2-two-block-schedule.gt864_friso2_pair_t1c2_slothy_start.split:[165-171]: *************... (13)
INFO:gt864-friso2-two-block-schedule.gt864_friso2_pair_t1c2_slothy_start.split:[171-176]: ************.... (12)
INFO:gt864-friso2-two-block-schedule.gt864_friso2_pair_t1c2_slothy_start.split:[176-182]: *************... (13)
INFO:gt864-friso2-two-block-schedule.gt864_friso2_pair_t1c2_slothy_start.split:[182-187]: *************... (13)
INFO:gt864-friso2-two-block-schedule.gt864_friso2_pair_t1c2_slothy_start.split:[187-193]: *************... (13)
INFO:gt864-friso2-two-block-schedule.gt864_friso2_pair_t1c2_slothy_start.split:[193-198]: *************... (13)
INFO:gt864-friso2-two-block-schedule.gt864_friso2_pair_t1c2_slothy_start.split:[198-204]: ************.... (12)
INFO:gt864-friso2-two-block-schedule.gt864_friso2_pair_t1c2_slothy_start.split:[204-209]: ***********..... (11)
INFO:gt864-friso2-two-block-schedule.gt864_friso2_pair_t1c2_slothy_start.split:[209-215]: ************.... (12)
INFO:gt864-friso2-two-block-schedule.gt864_friso2_pair_t1c2_slothy_start.split:[215-220]: ************.... (12)
INFO:gt864-friso2-two-block-schedule.gt864_friso2_pair_t1c2_slothy_start.split:[220-226]: **************.. (14)
INFO:gt864-friso2-two-block-schedule.gt864_friso2_pair_t1c2_slothy_start.split:[226-231]: ***************. (15)
INFO:gt864-friso2-two-block-schedule.gt864_friso2_pair_t1c2_slothy_start.split:[231-237]: ***************. (15)
INFO:gt864-friso2-two-block-schedule.gt864_friso2_pair_t1c2_slothy_start.split:[237-242]: **************.. (14)
INFO:gt864-friso2-two-block-schedule.gt864_friso2_pair_t1c2_slothy_start.split:[242-248]: *************... (13)
INFO:gt864-friso2-two-block-schedule.gt864_friso2_pair_t1c2_slothy_start.split:[248-253]: *************... (13)
INFO:gt864-friso2-two-block-schedule.gt864_friso2_pair_t1c2_slothy_start.split:[253-259]: *************... (13)
INFO:gt864-friso2-two-block-schedule.gt864_friso2_pair_t1c2_slothy_start.split:[259-264]: **************.. (14)
INFO:gt864-friso2-two-block-schedule.gt864_friso2_pair_t1c2_slothy_start.split:[264-270]: **************.. (14)
INFO:gt864-friso2-two-block-schedule.gt864_friso2_pair_t1c2_slothy_start.split:[270-276]: **********...... (10)
INFO:gt864-friso2-two-block-schedule.gt864_friso2_pair_t1c2_slothy_start.split.235_252:Perform internal binary search for minimal number of stalls...
INFO:gt864-friso2-two-block-schedule.gt864_friso2_pair_t1c2_slothy_start.split.235_252:Attempt optimization with max 256 stalls...
INFO:gt864-friso2-two-block-schedule.gt864_friso2_pair_t1c2_slothy_start.split.235_252:Setting timeout of 1800 seconds...
INFO:gt864-friso2-two-block-schedule.gt864_friso2_pair_t1c2_slothy_start.split.235_252:Objective: minimize cycles
INFO:gt864-friso2-two-block-schedule.gt864_friso2_pair_t1c2_slothy_start.split.235_252:Invoking external constraint solver (OR-Tools CP-SAT v9.15.6755) ...
INFO:gt864-friso2-two-block-schedule.gt864_friso2_pair_t1c2_slothy_start.split.235_252:[0.1182s]: Found 1 solutions so far... objective (minimize cycles): currently  (Cycles ~ 38.0, IPC ~ 0.45), bound  (Cycles ~ 20.0, IPC ~ 0.85)
INFO:gt864-friso2-two-block-schedule.gt864_friso2_pair_t1c2_slothy_start.split.235_252:[0.1216s]: Found 2 solutions so far... objective (minimize cycles): currently  (Cycles ~ 35.0, IPC ~ 0.49), bound  (Cycles ~ 20.0, IPC ~ 0.85)
INFO:gt864-friso2-two-block-schedule.gt864_friso2_pair_t1c2_slothy_start.split.235_252:[0.1242s]: Found 3 solutions so far... objective (minimize cycles): currently  (Cycles ~ 31.0, IPC ~ 0.55), bound  (Cycles ~ 20.0, IPC ~ 0.85)
INFO:gt864-friso2-two-block-schedule.gt864_friso2_pair_t1c2_slothy_start.split.235_252:[0.1267s]: Found 4 solutions so far... objective (minimize cycles): currently  (Cycles ~ 30.0, IPC ~ 0.57), bound  (Cycles ~ 21.0, IPC ~ 0.81)
INFO:gt864-friso2-two-block-schedule.gt864_friso2_pair_t1c2_slothy_start.split.235_252:[0.1320s]: Found 5 solutions so far... objective (minimize cycles): currently  (Cycles ~ 29.0, IPC ~ 0.59), bound  (Cycles ~ 21.0, IPC ~ 0.81)
INFO:gt864-friso2-two-block-schedule.gt864_friso2_pair_t1c2_slothy_start.split.235_252:[0.1337s]: Found 6 solutions so far... objective (minimize cycles): currently  (Cycles ~ 26.0, IPC ~ 0.65), bound  (Cycles ~ 21.0, IPC ~ 0.81)
INFO:gt864-friso2-two-block-schedule.gt864_friso2_pair_t1c2_slothy_start.split.235_252:[0.1355s]: Found 7 solutions so far... objective (minimize cycles): currently  (Cycles ~ 25.0, IPC ~ 0.68), bound  (Cycles ~ 21.0, IPC ~ 0.81)
INFO:gt864-friso2-two-block-schedule.gt864_friso2_pair_t1c2_slothy_start.split.235_252:[0.1396s]: Found 8 solutions so far... objective (minimize cycles): currently  (Cycles ~ 24.0, IPC ~ 0.71), bound  (Cycles ~ 21.0, IPC ~ 0.81)
INFO:gt864-friso2-two-block-schedule.gt864_friso2_pair_t1c2_slothy_start.split.235_252:[0.1449s]: Found 9 solutions so far... objective (minimize cycles): currently  (Cycles ~ 23.0, IPC ~ 0.74), bound  (Cycles ~ 22.0, IPC ~ 0.77)
INFO:gt864-friso2-two-block-schedule.gt864_friso2_pair_t1c2_slothy_start.split.235_252:[0.1453s]: Found 10 solutions so far... objective (minimize cycles): currently  (Cycles ~ 22.0, IPC ~ 0.77), bound  (Cycles ~ 22.0, IPC ~ 0.77)
INFO:gt864-friso2-two-block-schedule.gt864_friso2_pair_t1c2_slothy_start.split.235_252:Closer than 0 stalls to theoretical optimum... stop
INFO:gt864-friso2-two-block-schedule.gt864_friso2_pair_t1c2_slothy_start.split.235_252:OPTIMAL, wall time: 0.155305 s
INFO:gt864-friso2-two-block-schedule.gt864_friso2_pair_t1c2_slothy_start.split.235_252:Booleans in result: 109
INFO:gt864-friso2-two-block-schedule.gt864_friso2_pair_t1c2_slothy_start.split.235_252.selfcheck:OK!
INFO:gt864-friso2-two-block-schedule.gt864_friso2_pair_t1c2_slothy_start.split.235_252:Minimum number of stalls: 17
INFO:gt864-friso2-two-block-schedule.gt864_friso2_pair_t1c2_slothy_start.split:[  0-  5]: *******........ (7)
INFO:gt864-friso2-two-block-schedule.gt864_friso2_pair_t1c2_slothy_start.split:[  5- 11]: **********..... (10)
INFO:gt864-friso2-two-block-schedule.gt864_friso2_pair_t1c2_slothy_start.split:[ 11- 16]: ************... (12)
INFO:gt864-friso2-two-block-schedule.gt864_friso2_pair_t1c2_slothy_start.split:[ 16- 22]: ************... (12)
INFO:gt864-friso2-two-block-schedule.gt864_friso2_pair_t1c2_slothy_start.split:[ 22- 27]: ***********.... (11)
INFO:gt864-friso2-two-block-schedule.gt864_friso2_pair_t1c2_slothy_start.split:[ 27- 33]: *************.. (13)
INFO:gt864-friso2-two-block-schedule.gt864_friso2_pair_t1c2_slothy_start.split:[ 33- 38]: ************... (12)
INFO:gt864-friso2-two-block-schedule.gt864_friso2_pair_t1c2_slothy_start.split:[ 38- 44]: *************.. (13)
INFO:gt864-friso2-two-block-schedule.gt864_friso2_pair_t1c2_slothy_start.split:[ 44- 49]: *************.. (13)
INFO:gt864-friso2-two-block-schedule.gt864_friso2_pair_t1c2_slothy_start.split:[ 49- 55]: *************.. (13)
INFO:gt864-friso2-two-block-schedule.gt864_friso2_pair_t1c2_slothy_start.split:[ 55- 60]: ************... (12)
INFO:gt864-friso2-two-block-schedule.gt864_friso2_pair_t1c2_slothy_start.split:[ 60- 66]: ***********.... (11)
INFO:gt864-friso2-two-block-schedule.gt864_friso2_pair_t1c2_slothy_start.split:[ 66- 71]: ***********.... (11)
INFO:gt864-friso2-two-block-schedule.gt864_friso2_pair_t1c2_slothy_start.split:[ 71- 77]: ***********.... (11)
INFO:gt864-friso2-two-block-schedule.gt864_friso2_pair_t1c2_slothy_start.split:[ 77- 82]: ***********.... (11)
INFO:gt864-friso2-two-block-schedule.gt864_friso2_pair_t1c2_slothy_start.split:[ 82- 88]: *************.. (13)
INFO:gt864-friso2-two-block-schedule.gt864_friso2_pair_t1c2_slothy_start.split:[ 88- 93]: **************. (14)
INFO:gt864-friso2-two-block-schedule.gt864_friso2_pair_t1c2_slothy_start.split:[ 93- 99]: *************** (15)
INFO:gt864-friso2-two-block-schedule.gt864_friso2_pair_t1c2_slothy_start.split:[ 99-104]: *************.. (13)
INFO:gt864-friso2-two-block-schedule.gt864_friso2_pair_t1c2_slothy_start.split:[104-110]: ************... (12)
INFO:gt864-friso2-two-block-schedule.gt864_friso2_pair_t1c2_slothy_start.split:[110-115]: ************... (12)
INFO:gt864-friso2-two-block-schedule.gt864_friso2_pair_t1c2_slothy_start.split:[115-121]: ***********.... (11)
INFO:gt864-friso2-two-block-schedule.gt864_friso2_pair_t1c2_slothy_start.split:[121-126]: ***********.... (11)
INFO:gt864-friso2-two-block-schedule.gt864_friso2_pair_t1c2_slothy_start.split:[126-132]: ************... (12)
INFO:gt864-friso2-two-block-schedule.gt864_friso2_pair_t1c2_slothy_start.split:[132-138]: ***********.... (11)
INFO:gt864-friso2-two-block-schedule.gt864_friso2_pair_t1c2_slothy_start.split:[138-143]: ************... (12)
INFO:gt864-friso2-two-block-schedule.gt864_friso2_pair_t1c2_slothy_start.split:[143-149]: ***********.... (11)
INFO:gt864-friso2-two-block-schedule.gt864_friso2_pair_t1c2_slothy_start.split:[149-154]: ************... (12)
INFO:gt864-friso2-two-block-schedule.gt864_friso2_pair_t1c2_slothy_start.split:[154-160]: ************... (12)
INFO:gt864-friso2-two-block-schedule.gt864_friso2_pair_t1c2_slothy_start.split:[160-165]: ***********.... (11)
INFO:gt864-friso2-two-block-schedule.gt864_friso2_pair_t1c2_slothy_start.split:[165-171]: *************.. (13)
INFO:gt864-friso2-two-block-schedule.gt864_friso2_pair_t1c2_slothy_start.split:[171-176]: ************... (12)
INFO:gt864-friso2-two-block-schedule.gt864_friso2_pair_t1c2_slothy_start.split:[176-182]: *************.. (13)
INFO:gt864-friso2-two-block-schedule.gt864_friso2_pair_t1c2_slothy_start.split:[182-187]: *************.. (13)
INFO:gt864-friso2-two-block-schedule.gt864_friso2_pair_t1c2_slothy_start.split:[187-193]: *************.. (13)
INFO:gt864-friso2-two-block-schedule.gt864_friso2_pair_t1c2_slothy_start.split:[193-198]: *************.. (13)
INFO:gt864-friso2-two-block-schedule.gt864_friso2_pair_t1c2_slothy_start.split:[198-204]: ************... (12)
INFO:gt864-friso2-two-block-schedule.gt864_friso2_pair_t1c2_slothy_start.split:[204-209]: ***********.... (11)
INFO:gt864-friso2-two-block-schedule.gt864_friso2_pair_t1c2_slothy_start.split:[209-215]: ************... (12)
INFO:gt864-friso2-two-block-schedule.gt864_friso2_pair_t1c2_slothy_start.split:[215-220]: ************... (12)
INFO:gt864-friso2-two-block-schedule.gt864_friso2_pair_t1c2_slothy_start.split:[220-226]: **************. (14)
INFO:gt864-friso2-two-block-schedule.gt864_friso2_pair_t1c2_slothy_start.split:[226-231]: **************. (14)
INFO:gt864-friso2-two-block-schedule.gt864_friso2_pair_t1c2_slothy_start.split:[231-237]: *************** (15)
INFO:gt864-friso2-two-block-schedule.gt864_friso2_pair_t1c2_slothy_start.split:[237-242]: **************. (14)
INFO:gt864-friso2-two-block-schedule.gt864_friso2_pair_t1c2_slothy_start.split:[242-248]: *************.. (13)
INFO:gt864-friso2-two-block-schedule.gt864_friso2_pair_t1c2_slothy_start.split:[248-253]: *************.. (13)
INFO:gt864-friso2-two-block-schedule.gt864_friso2_pair_t1c2_slothy_start.split:[253-259]: *************.. (13)
INFO:gt864-friso2-two-block-schedule.gt864_friso2_pair_t1c2_slothy_start.split:[259-264]: **************. (14)
INFO:gt864-friso2-two-block-schedule.gt864_friso2_pair_t1c2_slothy_start.split:[264-270]: **************. (14)
INFO:gt864-friso2-two-block-schedule.gt864_friso2_pair_t1c2_slothy_start.split:[270-276]: **********..... (10)
INFO:gt864-friso2-two-block-schedule.gt864_friso2_pair_t1c2_slothy_start.split.248_266:Perform internal binary search for minimal number of stalls...
INFO:gt864-friso2-two-block-schedule.gt864_friso2_pair_t1c2_slothy_start.split.248_266:Attempt optimization with max 256 stalls...
INFO:gt864-friso2-two-block-schedule.gt864_friso2_pair_t1c2_slothy_start.split.248_266:Setting timeout of 1800 seconds...
INFO:gt864-friso2-two-block-schedule.gt864_friso2_pair_t1c2_slothy_start.split.248_266:Objective: minimize cycles
INFO:gt864-friso2-two-block-schedule.gt864_friso2_pair_t1c2_slothy_start.split.248_266:Invoking external constraint solver (OR-Tools CP-SAT v9.15.6755) ...
INFO:gt864-friso2-two-block-schedule.gt864_friso2_pair_t1c2_slothy_start.split.248_266:[0.1824s]: Found 1 solutions so far... objective (minimize cycles): currently  (Cycles ~ 37.0, IPC ~ 0.49), bound  (Cycles ~ 10.0, IPC ~ 1.80)
INFO:gt864-friso2-two-block-schedule.gt864_friso2_pair_t1c2_slothy_start.split.248_266:[0.1923s]: Found 2 solutions so far... objective (minimize cycles): currently  (Cycles ~ 28.0, IPC ~ 0.64), bound  (Cycles ~ 14.0, IPC ~ 1.29)
INFO:gt864-friso2-two-block-schedule.gt864_friso2_pair_t1c2_slothy_start.split.248_266:[0.1994s]: Found 3 solutions so far... objective (minimize cycles): currently  (Cycles ~ 25.0, IPC ~ 0.72), bound  (Cycles ~ 19.0, IPC ~ 0.95)
INFO:gt864-friso2-two-block-schedule.gt864_friso2_pair_t1c2_slothy_start.split.248_266:[0.2016s]: Found 4 solutions so far... objective (minimize cycles): currently  (Cycles ~ 23.0, IPC ~ 0.78), bound  (Cycles ~ 19.0, IPC ~ 0.95)
INFO:gt864-friso2-two-block-schedule.gt864_friso2_pair_t1c2_slothy_start.split.248_266:[0.2047s]: Found 5 solutions so far... objective (minimize cycles): currently  (Cycles ~ 22.0, IPC ~ 0.82), bound  (Cycles ~ 19.0, IPC ~ 0.95)
INFO:gt864-friso2-two-block-schedule.gt864_friso2_pair_t1c2_slothy_start.split.248_266:[0.2108s]: Found 6 solutions so far... objective (minimize cycles): currently  (Cycles ~ 21.0, IPC ~ 0.86), bound  (Cycles ~ 19.0, IPC ~ 0.95)
INFO:gt864-friso2-two-block-schedule.gt864_friso2_pair_t1c2_slothy_start.split.248_266:OPTIMAL, wall time: 0.223953 s
INFO:gt864-friso2-two-block-schedule.gt864_friso2_pair_t1c2_slothy_start.split.248_266:Booleans in result: 123
INFO:gt864-friso2-two-block-schedule.gt864_friso2_pair_t1c2_slothy_start.split.248_266.selfcheck:OK!
INFO:gt864-friso2-two-block-schedule.gt864_friso2_pair_t1c2_slothy_start.split.248_266:Minimum number of stalls: 16
INFO:gt864-friso2-two-block-schedule.gt864_friso2_pair_t1c2_slothy_start.split:[  0-  5]: *******......... (7)
INFO:gt864-friso2-two-block-schedule.gt864_friso2_pair_t1c2_slothy_start.split:[  5- 11]: **********...... (10)
INFO:gt864-friso2-two-block-schedule.gt864_friso2_pair_t1c2_slothy_start.split:[ 11- 16]: ************.... (12)
INFO:gt864-friso2-two-block-schedule.gt864_friso2_pair_t1c2_slothy_start.split:[ 16- 22]: ************.... (12)
INFO:gt864-friso2-two-block-schedule.gt864_friso2_pair_t1c2_slothy_start.split:[ 22- 27]: ***********..... (11)
INFO:gt864-friso2-two-block-schedule.gt864_friso2_pair_t1c2_slothy_start.split:[ 27- 33]: *************... (13)
INFO:gt864-friso2-two-block-schedule.gt864_friso2_pair_t1c2_slothy_start.split:[ 33- 38]: ************.... (12)
INFO:gt864-friso2-two-block-schedule.gt864_friso2_pair_t1c2_slothy_start.split:[ 38- 44]: *************... (13)
INFO:gt864-friso2-two-block-schedule.gt864_friso2_pair_t1c2_slothy_start.split:[ 44- 49]: *************... (13)
INFO:gt864-friso2-two-block-schedule.gt864_friso2_pair_t1c2_slothy_start.split:[ 49- 55]: *************... (13)
INFO:gt864-friso2-two-block-schedule.gt864_friso2_pair_t1c2_slothy_start.split:[ 55- 60]: ************.... (12)
INFO:gt864-friso2-two-block-schedule.gt864_friso2_pair_t1c2_slothy_start.split:[ 60- 66]: ***********..... (11)
INFO:gt864-friso2-two-block-schedule.gt864_friso2_pair_t1c2_slothy_start.split:[ 66- 71]: ***********..... (11)
INFO:gt864-friso2-two-block-schedule.gt864_friso2_pair_t1c2_slothy_start.split:[ 71- 77]: ***********..... (11)
INFO:gt864-friso2-two-block-schedule.gt864_friso2_pair_t1c2_slothy_start.split:[ 77- 82]: ***********..... (11)
INFO:gt864-friso2-two-block-schedule.gt864_friso2_pair_t1c2_slothy_start.split:[ 82- 88]: *************... (13)
INFO:gt864-friso2-two-block-schedule.gt864_friso2_pair_t1c2_slothy_start.split:[ 88- 93]: **************.. (14)
INFO:gt864-friso2-two-block-schedule.gt864_friso2_pair_t1c2_slothy_start.split:[ 93- 99]: ***************. (15)
INFO:gt864-friso2-two-block-schedule.gt864_friso2_pair_t1c2_slothy_start.split:[ 99-104]: *************... (13)
INFO:gt864-friso2-two-block-schedule.gt864_friso2_pair_t1c2_slothy_start.split:[104-110]: ************.... (12)
INFO:gt864-friso2-two-block-schedule.gt864_friso2_pair_t1c2_slothy_start.split:[110-115]: ************.... (12)
INFO:gt864-friso2-two-block-schedule.gt864_friso2_pair_t1c2_slothy_start.split:[115-121]: ***********..... (11)
INFO:gt864-friso2-two-block-schedule.gt864_friso2_pair_t1c2_slothy_start.split:[121-126]: ***********..... (11)
INFO:gt864-friso2-two-block-schedule.gt864_friso2_pair_t1c2_slothy_start.split:[126-132]: ************.... (12)
INFO:gt864-friso2-two-block-schedule.gt864_friso2_pair_t1c2_slothy_start.split:[132-138]: ***********..... (11)
INFO:gt864-friso2-two-block-schedule.gt864_friso2_pair_t1c2_slothy_start.split:[138-143]: ************.... (12)
INFO:gt864-friso2-two-block-schedule.gt864_friso2_pair_t1c2_slothy_start.split:[143-149]: ***********..... (11)
INFO:gt864-friso2-two-block-schedule.gt864_friso2_pair_t1c2_slothy_start.split:[149-154]: ************.... (12)
INFO:gt864-friso2-two-block-schedule.gt864_friso2_pair_t1c2_slothy_start.split:[154-160]: ************.... (12)
INFO:gt864-friso2-two-block-schedule.gt864_friso2_pair_t1c2_slothy_start.split:[160-165]: ***********..... (11)
INFO:gt864-friso2-two-block-schedule.gt864_friso2_pair_t1c2_slothy_start.split:[165-171]: *************... (13)
INFO:gt864-friso2-two-block-schedule.gt864_friso2_pair_t1c2_slothy_start.split:[171-176]: ************.... (12)
INFO:gt864-friso2-two-block-schedule.gt864_friso2_pair_t1c2_slothy_start.split:[176-182]: *************... (13)
INFO:gt864-friso2-two-block-schedule.gt864_friso2_pair_t1c2_slothy_start.split:[182-187]: *************... (13)
INFO:gt864-friso2-two-block-schedule.gt864_friso2_pair_t1c2_slothy_start.split:[187-193]: *************... (13)
INFO:gt864-friso2-two-block-schedule.gt864_friso2_pair_t1c2_slothy_start.split:[193-198]: *************... (13)
INFO:gt864-friso2-two-block-schedule.gt864_friso2_pair_t1c2_slothy_start.split:[198-204]: ************.... (12)
INFO:gt864-friso2-two-block-schedule.gt864_friso2_pair_t1c2_slothy_start.split:[204-209]: ***********..... (11)
INFO:gt864-friso2-two-block-schedule.gt864_friso2_pair_t1c2_slothy_start.split:[209-215]: ************.... (12)
INFO:gt864-friso2-two-block-schedule.gt864_friso2_pair_t1c2_slothy_start.split:[215-220]: ************.... (12)
INFO:gt864-friso2-two-block-schedule.gt864_friso2_pair_t1c2_slothy_start.split:[220-226]: **************.. (14)
INFO:gt864-friso2-two-block-schedule.gt864_friso2_pair_t1c2_slothy_start.split:[226-231]: **************.. (14)
INFO:gt864-friso2-two-block-schedule.gt864_friso2_pair_t1c2_slothy_start.split:[231-237]: ***************. (15)
INFO:gt864-friso2-two-block-schedule.gt864_friso2_pair_t1c2_slothy_start.split:[237-242]: **************.. (14)
INFO:gt864-friso2-two-block-schedule.gt864_friso2_pair_t1c2_slothy_start.split:[242-248]: *************... (13)
INFO:gt864-friso2-two-block-schedule.gt864_friso2_pair_t1c2_slothy_start.split:[248-253]: *************... (13)
INFO:gt864-friso2-two-block-schedule.gt864_friso2_pair_t1c2_slothy_start.split:[253-259]: **************.. (14)
INFO:gt864-friso2-two-block-schedule.gt864_friso2_pair_t1c2_slothy_start.split:[259-264]: ***************. (15)
INFO:gt864-friso2-two-block-schedule.gt864_friso2_pair_t1c2_slothy_start.split:[264-270]: ***************. (15)
INFO:gt864-friso2-two-block-schedule.gt864_friso2_pair_t1c2_slothy_start.split:[270-276]: **********...... (10)
INFO:gt864-friso2-two-block-schedule.gt864_friso2_pair_t1c2_slothy_start.split.262_276:Perform internal binary search for minimal number of stalls...
INFO:gt864-friso2-two-block-schedule.gt864_friso2_pair_t1c2_slothy_start.split.262_276:Attempt optimization with max 256 stalls...
INFO:gt864-friso2-two-block-schedule.gt864_friso2_pair_t1c2_slothy_start.split.262_276:Setting timeout of 1800 seconds...
INFO:gt864-friso2-two-block-schedule.gt864_friso2_pair_t1c2_slothy_start.split.262_276:Objective: minimize cycles
INFO:gt864-friso2-two-block-schedule.gt864_friso2_pair_t1c2_slothy_start.split.262_276:Invoking external constraint solver (OR-Tools CP-SAT v9.15.6755) ...
INFO:gt864-friso2-two-block-schedule.gt864_friso2_pair_t1c2_slothy_start.split.262_276:[0.0807s]: Found 1 solutions so far... objective (minimize cycles): currently  (Cycles ~ 25.0, IPC ~ 0.56), bound  (Cycles ~ 20.0, IPC ~ 0.70)
INFO:gt864-friso2-two-block-schedule.gt864_friso2_pair_t1c2_slothy_start.split.262_276:[0.0843s]: Found 2 solutions so far... objective (minimize cycles): currently  (Cycles ~ 24.0, IPC ~ 0.58), bound  (Cycles ~ 20.0, IPC ~ 0.70)
INFO:gt864-friso2-two-block-schedule.gt864_friso2_pair_t1c2_slothy_start.split.262_276:[0.0861s]: Found 3 solutions so far... objective (minimize cycles): currently  (Cycles ~ 23.0, IPC ~ 0.61), bound  (Cycles ~ 20.0, IPC ~ 0.70)
INFO:gt864-friso2-two-block-schedule.gt864_friso2_pair_t1c2_slothy_start.split.262_276:OPTIMAL, wall time: 0.097222 s
INFO:gt864-friso2-two-block-schedule.gt864_friso2_pair_t1c2_slothy_start.split.262_276:Booleans in result: 108
INFO:gt864-friso2-two-block-schedule.gt864_friso2_pair_t1c2_slothy_start.split.262_276.selfcheck:OK!
INFO:gt864-friso2-two-block-schedule.gt864_friso2_pair_t1c2_slothy_start.split.262_276:Minimum number of stalls: 19
INFO:gt864-friso2-two-block-schedule.gt864_friso2_pair_t1c2_slothy_start.split:[  0-  5]: *******........ (7)
INFO:gt864-friso2-two-block-schedule.gt864_friso2_pair_t1c2_slothy_start.split:[  5- 11]: **********..... (10)
INFO:gt864-friso2-two-block-schedule.gt864_friso2_pair_t1c2_slothy_start.split:[ 11- 16]: ************... (12)
INFO:gt864-friso2-two-block-schedule.gt864_friso2_pair_t1c2_slothy_start.split:[ 16- 22]: ************... (12)
INFO:gt864-friso2-two-block-schedule.gt864_friso2_pair_t1c2_slothy_start.split:[ 22- 27]: ***********.... (11)
INFO:gt864-friso2-two-block-schedule.gt864_friso2_pair_t1c2_slothy_start.split:[ 27- 33]: *************.. (13)
INFO:gt864-friso2-two-block-schedule.gt864_friso2_pair_t1c2_slothy_start.split:[ 33- 38]: ************... (12)
INFO:gt864-friso2-two-block-schedule.gt864_friso2_pair_t1c2_slothy_start.split:[ 38- 44]: *************.. (13)
INFO:gt864-friso2-two-block-schedule.gt864_friso2_pair_t1c2_slothy_start.split:[ 44- 49]: *************.. (13)
INFO:gt864-friso2-two-block-schedule.gt864_friso2_pair_t1c2_slothy_start.split:[ 49- 55]: *************.. (13)
INFO:gt864-friso2-two-block-schedule.gt864_friso2_pair_t1c2_slothy_start.split:[ 55- 60]: ************... (12)
INFO:gt864-friso2-two-block-schedule.gt864_friso2_pair_t1c2_slothy_start.split:[ 60- 66]: ***********.... (11)
INFO:gt864-friso2-two-block-schedule.gt864_friso2_pair_t1c2_slothy_start.split:[ 66- 71]: ***********.... (11)
INFO:gt864-friso2-two-block-schedule.gt864_friso2_pair_t1c2_slothy_start.split:[ 71- 77]: ***********.... (11)
INFO:gt864-friso2-two-block-schedule.gt864_friso2_pair_t1c2_slothy_start.split:[ 77- 82]: ***********.... (11)
INFO:gt864-friso2-two-block-schedule.gt864_friso2_pair_t1c2_slothy_start.split:[ 82- 88]: *************.. (13)
INFO:gt864-friso2-two-block-schedule.gt864_friso2_pair_t1c2_slothy_start.split:[ 88- 93]: **************. (14)
INFO:gt864-friso2-two-block-schedule.gt864_friso2_pair_t1c2_slothy_start.split:[ 93- 99]: *************** (15)
INFO:gt864-friso2-two-block-schedule.gt864_friso2_pair_t1c2_slothy_start.split:[ 99-104]: *************.. (13)
INFO:gt864-friso2-two-block-schedule.gt864_friso2_pair_t1c2_slothy_start.split:[104-110]: ************... (12)
INFO:gt864-friso2-two-block-schedule.gt864_friso2_pair_t1c2_slothy_start.split:[110-115]: ************... (12)
INFO:gt864-friso2-two-block-schedule.gt864_friso2_pair_t1c2_slothy_start.split:[115-121]: ***********.... (11)
INFO:gt864-friso2-two-block-schedule.gt864_friso2_pair_t1c2_slothy_start.split:[121-126]: ***********.... (11)
INFO:gt864-friso2-two-block-schedule.gt864_friso2_pair_t1c2_slothy_start.split:[126-132]: ************... (12)
INFO:gt864-friso2-two-block-schedule.gt864_friso2_pair_t1c2_slothy_start.split:[132-138]: ***********.... (11)
INFO:gt864-friso2-two-block-schedule.gt864_friso2_pair_t1c2_slothy_start.split:[138-143]: ************... (12)
INFO:gt864-friso2-two-block-schedule.gt864_friso2_pair_t1c2_slothy_start.split:[143-149]: ***********.... (11)
INFO:gt864-friso2-two-block-schedule.gt864_friso2_pair_t1c2_slothy_start.split:[149-154]: ************... (12)
INFO:gt864-friso2-two-block-schedule.gt864_friso2_pair_t1c2_slothy_start.split:[154-160]: ************... (12)
INFO:gt864-friso2-two-block-schedule.gt864_friso2_pair_t1c2_slothy_start.split:[160-165]: ***********.... (11)
INFO:gt864-friso2-two-block-schedule.gt864_friso2_pair_t1c2_slothy_start.split:[165-171]: *************.. (13)
INFO:gt864-friso2-two-block-schedule.gt864_friso2_pair_t1c2_slothy_start.split:[171-176]: ************... (12)
INFO:gt864-friso2-two-block-schedule.gt864_friso2_pair_t1c2_slothy_start.split:[176-182]: *************.. (13)
INFO:gt864-friso2-two-block-schedule.gt864_friso2_pair_t1c2_slothy_start.split:[182-187]: *************.. (13)
INFO:gt864-friso2-two-block-schedule.gt864_friso2_pair_t1c2_slothy_start.split:[187-193]: *************.. (13)
INFO:gt864-friso2-two-block-schedule.gt864_friso2_pair_t1c2_slothy_start.split:[193-198]: *************.. (13)
INFO:gt864-friso2-two-block-schedule.gt864_friso2_pair_t1c2_slothy_start.split:[198-204]: ************... (12)
INFO:gt864-friso2-two-block-schedule.gt864_friso2_pair_t1c2_slothy_start.split:[204-209]: ***********.... (11)
INFO:gt864-friso2-two-block-schedule.gt864_friso2_pair_t1c2_slothy_start.split:[209-215]: ************... (12)
INFO:gt864-friso2-two-block-schedule.gt864_friso2_pair_t1c2_slothy_start.split:[215-220]: ************... (12)
INFO:gt864-friso2-two-block-schedule.gt864_friso2_pair_t1c2_slothy_start.split:[220-226]: **************. (14)
INFO:gt864-friso2-two-block-schedule.gt864_friso2_pair_t1c2_slothy_start.split:[226-231]: **************. (14)
INFO:gt864-friso2-two-block-schedule.gt864_friso2_pair_t1c2_slothy_start.split:[231-237]: *************** (15)
INFO:gt864-friso2-two-block-schedule.gt864_friso2_pair_t1c2_slothy_start.split:[237-242]: **************. (14)
INFO:gt864-friso2-two-block-schedule.gt864_friso2_pair_t1c2_slothy_start.split:[242-248]: *************.. (13)
INFO:gt864-friso2-two-block-schedule.gt864_friso2_pair_t1c2_slothy_start.split:[248-253]: *************.. (13)
INFO:gt864-friso2-two-block-schedule.gt864_friso2_pair_t1c2_slothy_start.split:[253-259]: *************.. (13)
INFO:gt864-friso2-two-block-schedule.gt864_friso2_pair_t1c2_slothy_start.split:[259-264]: **************. (14)
INFO:gt864-friso2-two-block-schedule.gt864_friso2_pair_t1c2_slothy_start.split:[264-270]: **************. (14)
INFO:gt864-friso2-two-block-schedule.gt864_friso2_pair_t1c2_slothy_start.split:[270-276]: **********..... (10)
INFO:gt864-friso2-two-block-schedule.gt864_friso2_pair_t1c2_slothy_start.split.split_heuristic_full:OK!
allocated_liveouts=out0:v22,out1:v5,out2:v10,out3:v30,out4:v11,out5:v12,out6:v3,out7:v18,out8:v7,out9:v20,out10:v23,out11:v13,out12:v25,out13:v26,out14:v21,out15:v14,out16:v29,out17:v0
