INFO:p13b.p13b_i16_slothy_start:SLOTHY version: 0.2.0
INFO:p13b:Instructions in body: 667
INFO:p13b.p13b_i16_slothy_start.split.0_42:Perform external binary search for minimal number of stalls...
INFO:p13b.p13b_i16_slothy_start.split.0_42:Attempt optimization with max 0 stalls...
INFO:p13b.p13b_i16_slothy_start.split.0_42:Setting timeout of 30 seconds...
INFO:p13b.p13b_i16_slothy_start.split.0_42:Objective: None (any satisfying solution is fine)
INFO:p13b.p13b_i16_slothy_start.split.0_42:Invoking external constraint solver (OR-Tools CP-SAT v9.15.6755) ...
INFO:p13b.p13b_i16_slothy_start.split.0_42:INFEASIBLE, wall time: 0.003140 s
INFO:p13b.p13b_i16_slothy_start.split.0_42:Attempt optimization with max 1 stalls...
INFO:p13b.p13b_i16_slothy_start.split.0_42:Setting timeout of 30 seconds...
INFO:p13b.p13b_i16_slothy_start.split.0_42:Objective: None (any satisfying solution is fine)
INFO:p13b.p13b_i16_slothy_start.split.0_42:Invoking external constraint solver (OR-Tools CP-SAT v9.15.6755) ...
INFO:p13b.p13b_i16_slothy_start.split.0_42:INFEASIBLE, wall time: 0.002637 s
INFO:p13b.p13b_i16_slothy_start.split.0_42:Attempt optimization with max 2 stalls...
INFO:p13b.p13b_i16_slothy_start.split.0_42:Setting timeout of 30 seconds...
INFO:p13b.p13b_i16_slothy_start.split.0_42:Objective: None (any satisfying solution is fine)
INFO:p13b.p13b_i16_slothy_start.split.0_42:Invoking external constraint solver (OR-Tools CP-SAT v9.15.6755) ...
INFO:p13b.p13b_i16_slothy_start.split.0_42:INFEASIBLE, wall time: 0.003828 s
INFO:p13b.p13b_i16_slothy_start.split.0_42:Attempt optimization with max 4 stalls...
INFO:p13b.p13b_i16_slothy_start.split.0_42:Setting timeout of 30 seconds...
INFO:p13b.p13b_i16_slothy_start.split.0_42:Objective: None (any satisfying solution is fine)
INFO:p13b.p13b_i16_slothy_start.split.0_42:Invoking external constraint solver (OR-Tools CP-SAT v9.15.6755) ...
INFO:p13b.p13b_i16_slothy_start.split.0_42:INFEASIBLE, wall time: 0.003815 s
INFO:p13b.p13b_i16_slothy_start.split.0_42:Attempt optimization with max 8 stalls...
INFO:p13b.p13b_i16_slothy_start.split.0_42:Setting timeout of 30 seconds...
INFO:p13b.p13b_i16_slothy_start.split.0_42:Objective: None (any satisfying solution is fine)
INFO:p13b.p13b_i16_slothy_start.split.0_42:Invoking external constraint solver (OR-Tools CP-SAT v9.15.6755) ...
INFO:p13b.p13b_i16_slothy_start.split.0_42:INFEASIBLE, wall time: 0.005364 s
INFO:p13b.p13b_i16_slothy_start.split.0_42:Attempt optimization with max 16 stalls...
INFO:p13b.p13b_i16_slothy_start.split.0_42:Setting timeout of 30 seconds...
INFO:p13b.p13b_i16_slothy_start.split.0_42:Objective: None (any satisfying solution is fine)
INFO:p13b.p13b_i16_slothy_start.split.0_42:Invoking external constraint solver (OR-Tools CP-SAT v9.15.6755) ...
INFO:p13b.p13b_i16_slothy_start.split.0_42:[0.0356s]: Found 1 solutions so far... objective (no objective): currently 0.0, bound 0.0
INFO:p13b.p13b_i16_slothy_start.split.0_42:OPTIMAL, wall time: 0.040182 s
INFO:p13b.p13b_i16_slothy_start.split.0_42:Booleans in result: 110
INFO:p13b.p13b_i16_slothy_start.split.0_42.selfcheck:OK!
WARNING:p13b:LLVM (llvm-mc, llvm-nm, llvm-readobj) not found, disabling selftest. Consider installing LLVM.
INFO:p13b.p13b_i16_slothy_start.split.0_42:Attempt optimization with max 12 stalls...
INFO:p13b.p13b_i16_slothy_start.split.0_42:Setting timeout of 30 seconds...
INFO:p13b.p13b_i16_slothy_start.split.0_42:Objective: None (any satisfying solution is fine)
INFO:p13b.p13b_i16_slothy_start.split.0_42:Invoking external constraint solver (OR-Tools CP-SAT v9.15.6755) ...
INFO:p13b.p13b_i16_slothy_start.split.0_42:INFEASIBLE, wall time: 0.014222 s
INFO:p13b.p13b_i16_slothy_start.split.0_42:Attempt optimization with max 14 stalls...
INFO:p13b.p13b_i16_slothy_start.split.0_42:Setting timeout of 30 seconds...
INFO:p13b.p13b_i16_slothy_start.split.0_42:Objective: None (any satisfying solution is fine)
INFO:p13b.p13b_i16_slothy_start.split.0_42:Invoking external constraint solver (OR-Tools CP-SAT v9.15.6755) ...
INFO:p13b.p13b_i16_slothy_start.split.0_42:INFEASIBLE, wall time: 0.036208 s
INFO:p13b.p13b_i16_slothy_start.split.0_42:Attempt optimization with max 15 stalls...
INFO:p13b.p13b_i16_slothy_start.split.0_42:Setting timeout of 30 seconds...
INFO:p13b.p13b_i16_slothy_start.split.0_42:Objective: None (any satisfying solution is fine)
INFO:p13b.p13b_i16_slothy_start.split.0_42:Invoking external constraint solver (OR-Tools CP-SAT v9.15.6755) ...
INFO:p13b.p13b_i16_slothy_start.split.0_42:[0.0339s]: Found 1 solutions so far... objective (no objective): currently 0.0, bound 0.0
INFO:p13b.p13b_i16_slothy_start.split.0_42:OPTIMAL, wall time: 0.037075 s
INFO:p13b.p13b_i16_slothy_start.split.0_42:Booleans in result: 114
INFO:p13b.p13b_i16_slothy_start.split.0_42.selfcheck:OK!
WARNING:p13b:LLVM (llvm-mc, llvm-nm, llvm-readobj) not found, disabling selftest. Consider installing LLVM.
INFO:p13b.p13b_i16_slothy_start.split.42_83:Perform external binary search for minimal number of stalls...
INFO:p13b.p13b_i16_slothy_start.split.42_83:Attempt optimization with max 0 stalls...
INFO:p13b.p13b_i16_slothy_start.split.42_83:Setting timeout of 30 seconds...
INFO:p13b.p13b_i16_slothy_start.split.42_83:Objective: None (any satisfying solution is fine)
INFO:p13b.p13b_i16_slothy_start.split.42_83:Invoking external constraint solver (OR-Tools CP-SAT v9.15.6755) ...
INFO:p13b.p13b_i16_slothy_start.split.42_83:INFEASIBLE, wall time: 0.001194 s
INFO:p13b.p13b_i16_slothy_start.split.42_83:Attempt optimization with max 1 stalls...
INFO:p13b.p13b_i16_slothy_start.split.42_83:Setting timeout of 30 seconds...
INFO:p13b.p13b_i16_slothy_start.split.42_83:Objective: None (any satisfying solution is fine)
INFO:p13b.p13b_i16_slothy_start.split.42_83:Invoking external constraint solver (OR-Tools CP-SAT v9.15.6755) ...
INFO:p13b.p13b_i16_slothy_start.split.42_83:INFEASIBLE, wall time: 0.001130 s
INFO:p13b.p13b_i16_slothy_start.split.42_83:Attempt optimization with max 2 stalls...
INFO:p13b.p13b_i16_slothy_start.split.42_83:Setting timeout of 30 seconds...
INFO:p13b.p13b_i16_slothy_start.split.42_83:Objective: None (any satisfying solution is fine)
INFO:p13b.p13b_i16_slothy_start.split.42_83:Invoking external constraint solver (OR-Tools CP-SAT v9.15.6755) ...
INFO:p13b.p13b_i16_slothy_start.split.42_83:INFEASIBLE, wall time: 0.001103 s
INFO:p13b.p13b_i16_slothy_start.split.42_83:Attempt optimization with max 4 stalls...
INFO:p13b.p13b_i16_slothy_start.split.42_83:Setting timeout of 30 seconds...
INFO:p13b.p13b_i16_slothy_start.split.42_83:Objective: None (any satisfying solution is fine)
INFO:p13b.p13b_i16_slothy_start.split.42_83:Invoking external constraint solver (OR-Tools CP-SAT v9.15.6755) ...
INFO:p13b.p13b_i16_slothy_start.split.42_83:INFEASIBLE, wall time: 0.001122 s
INFO:p13b.p13b_i16_slothy_start.split.42_83:Attempt optimization with max 8 stalls...
INFO:p13b.p13b_i16_slothy_start.split.42_83:Setting timeout of 30 seconds...
INFO:p13b.p13b_i16_slothy_start.split.42_83:Objective: None (any satisfying solution is fine)
INFO:p13b.p13b_i16_slothy_start.split.42_83:Invoking external constraint solver (OR-Tools CP-SAT v9.15.6755) ...
INFO:p13b.p13b_i16_slothy_start.split.42_83:INFEASIBLE, wall time: 0.002343 s
INFO:p13b.p13b_i16_slothy_start.split.42_83:Attempt optimization with max 16 stalls...
INFO:p13b.p13b_i16_slothy_start.split.42_83:Setting timeout of 30 seconds...
INFO:p13b.p13b_i16_slothy_start.split.42_83:Objective: None (any satisfying solution is fine)
INFO:p13b.p13b_i16_slothy_start.split.42_83:Invoking external constraint solver (OR-Tools CP-SAT v9.15.6755) ...
INFO:p13b.p13b_i16_slothy_start.split.42_83:INFEASIBLE, wall time: 0.003025 s
INFO:p13b.p13b_i16_slothy_start.split.42_83:Attempt optimization with max 32 stalls...
INFO:p13b.p13b_i16_slothy_start.split.42_83:Setting timeout of 30 seconds...
INFO:p13b.p13b_i16_slothy_start.split.42_83:Objective: None (any satisfying solution is fine)
INFO:p13b.p13b_i16_slothy_start.split.42_83:Invoking external constraint solver (OR-Tools CP-SAT v9.15.6755) ...
INFO:p13b.p13b_i16_slothy_start.split.42_83:INFEASIBLE, wall time: 0.006263 s
INFO:p13b.p13b_i16_slothy_start.split.42_83:Attempt optimization with max 64 stalls...
INFO:p13b.p13b_i16_slothy_start.split.42_83:Setting timeout of 30 seconds...
INFO:p13b.p13b_i16_slothy_start.split.42_83:Objective: None (any satisfying solution is fine)
INFO:p13b.p13b_i16_slothy_start.split.42_83:Invoking external constraint solver (OR-Tools CP-SAT v9.15.6755) ...
INFO:p13b.p13b_i16_slothy_start.split.42_83:[0.0400s]: Found 1 solutions so far... objective (no objective): currently 0.0, bound 0.0
INFO:p13b.p13b_i16_slothy_start.split.42_83:[0.0405s]: Found 2 solutions so far... objective (no objective): currently 0.0, bound 0.0
INFO:p13b.p13b_i16_slothy_start.split.42_83:OPTIMAL, wall time: 0.045369 s
INFO:p13b.p13b_i16_slothy_start.split.42_83:Booleans in result: 101
INFO:p13b.p13b_i16_slothy_start.split.42_83.selfcheck:OK!
WARNING:p13b:LLVM (llvm-mc, llvm-nm, llvm-readobj) not found, disabling selftest. Consider installing LLVM.
INFO:p13b.p13b_i16_slothy_start.split.42_83:Attempt optimization with max 48 stalls...
INFO:p13b.p13b_i16_slothy_start.split.42_83:Setting timeout of 30 seconds...
INFO:p13b.p13b_i16_slothy_start.split.42_83:Objective: None (any satisfying solution is fine)
INFO:p13b.p13b_i16_slothy_start.split.42_83:Invoking external constraint solver (OR-Tools CP-SAT v9.15.6755) ...
INFO:p13b.p13b_i16_slothy_start.split.42_83:[0.0315s]: Found 1 solutions so far... objective (no objective): currently 0.0, bound 0.0
INFO:p13b.p13b_i16_slothy_start.split.42_83:[0.0318s]: Found 2 solutions so far... objective (no objective): currently 0.0, bound 0.0
INFO:p13b.p13b_i16_slothy_start.split.42_83:OPTIMAL, wall time: 0.035040 s
INFO:p13b.p13b_i16_slothy_start.split.42_83:Booleans in result: 114
INFO:p13b.p13b_i16_slothy_start.split.42_83.selfcheck:OK!
WARNING:p13b:LLVM (llvm-mc, llvm-nm, llvm-readobj) not found, disabling selftest. Consider installing LLVM.
INFO:p13b.p13b_i16_slothy_start.split.42_83:Attempt optimization with max 40 stalls...
INFO:p13b.p13b_i16_slothy_start.split.42_83:Setting timeout of 30 seconds...
INFO:p13b.p13b_i16_slothy_start.split.42_83:Objective: None (any satisfying solution is fine)
INFO:p13b.p13b_i16_slothy_start.split.42_83:Invoking external constraint solver (OR-Tools CP-SAT v9.15.6755) ...
INFO:p13b.p13b_i16_slothy_start.split.42_83:INFEASIBLE, wall time: 0.012467 s
INFO:p13b.p13b_i16_slothy_start.split.42_83:Attempt optimization with max 44 stalls...
INFO:p13b.p13b_i16_slothy_start.split.42_83:Setting timeout of 30 seconds...
INFO:p13b.p13b_i16_slothy_start.split.42_83:Objective: None (any satisfying solution is fine)
INFO:p13b.p13b_i16_slothy_start.split.42_83:Invoking external constraint solver (OR-Tools CP-SAT v9.15.6755) ...
INFO:p13b.p13b_i16_slothy_start.split.42_83:[0.0306s]: Found 1 solutions so far... objective (no objective): currently 0.0, bound 0.0
INFO:p13b.p13b_i16_slothy_start.split.42_83:OPTIMAL, wall time: 0.033870 s
INFO:p13b.p13b_i16_slothy_start.split.42_83:Booleans in result: 100
INFO:p13b.p13b_i16_slothy_start.split.42_83.selfcheck:OK!
WARNING:p13b:LLVM (llvm-mc, llvm-nm, llvm-readobj) not found, disabling selftest. Consider installing LLVM.
INFO:p13b.p13b_i16_slothy_start.split.42_83:Attempt optimization with max 42 stalls...
INFO:p13b.p13b_i16_slothy_start.split.42_83:Setting timeout of 30 seconds...
INFO:p13b.p13b_i16_slothy_start.split.42_83:Objective: None (any satisfying solution is fine)
INFO:p13b.p13b_i16_slothy_start.split.42_83:Invoking external constraint solver (OR-Tools CP-SAT v9.15.6755) ...
INFO:p13b.p13b_i16_slothy_start.split.42_83:INFEASIBLE, wall time: 0.024774 s
INFO:p13b.p13b_i16_slothy_start.split.42_83:Attempt optimization with max 43 stalls...
INFO:p13b.p13b_i16_slothy_start.split.42_83:Setting timeout of 30 seconds...
INFO:p13b.p13b_i16_slothy_start.split.42_83:Objective: None (any satisfying solution is fine)
INFO:p13b.p13b_i16_slothy_start.split.42_83:Invoking external constraint solver (OR-Tools CP-SAT v9.15.6755) ...
INFO:p13b.p13b_i16_slothy_start.split.42_83:[0.0326s]: Found 1 solutions so far... objective (no objective): currently 0.0, bound 0.0
INFO:p13b.p13b_i16_slothy_start.split.42_83:[0.0331s]: Found 2 solutions so far... objective (no objective): currently 0.0, bound 0.0
INFO:p13b.p13b_i16_slothy_start.split.42_83:OPTIMAL, wall time: 0.036141 s
INFO:p13b.p13b_i16_slothy_start.split.42_83:Booleans in result: 141
INFO:p13b.p13b_i16_slothy_start.split.42_83.selfcheck:OK!
WARNING:p13b:LLVM (llvm-mc, llvm-nm, llvm-readobj) not found, disabling selftest. Consider installing LLVM.
INFO:p13b.p13b_i16_slothy_start.split.83_125:Perform external binary search for minimal number of stalls...
INFO:p13b.p13b_i16_slothy_start.split.83_125:Attempt optimization with max 0 stalls...
INFO:p13b.p13b_i16_slothy_start.split.83_125:Setting timeout of 30 seconds...
INFO:p13b.p13b_i16_slothy_start.split.83_125:Objective: None (any satisfying solution is fine)
INFO:p13b.p13b_i16_slothy_start.split.83_125:Invoking external constraint solver (OR-Tools CP-SAT v9.15.6755) ...
INFO:p13b.p13b_i16_slothy_start.split.83_125:INFEASIBLE, wall time: 0.001154 s
INFO:p13b.p13b_i16_slothy_start.split.83_125:Attempt optimization with max 1 stalls...
INFO:p13b.p13b_i16_slothy_start.split.83_125:Setting timeout of 30 seconds...
INFO:p13b.p13b_i16_slothy_start.split.83_125:Objective: None (any satisfying solution is fine)
INFO:p13b.p13b_i16_slothy_start.split.83_125:Invoking external constraint solver (OR-Tools CP-SAT v9.15.6755) ...
INFO:p13b.p13b_i16_slothy_start.split.83_125:INFEASIBLE, wall time: 0.001152 s
INFO:p13b.p13b_i16_slothy_start.split.83_125:Attempt optimization with max 2 stalls...
INFO:p13b.p13b_i16_slothy_start.split.83_125:Setting timeout of 30 seconds...
INFO:p13b.p13b_i16_slothy_start.split.83_125:Objective: None (any satisfying solution is fine)
INFO:p13b.p13b_i16_slothy_start.split.83_125:Invoking external constraint solver (OR-Tools CP-SAT v9.15.6755) ...
INFO:p13b.p13b_i16_slothy_start.split.83_125:INFEASIBLE, wall time: 0.001143 s
INFO:p13b.p13b_i16_slothy_start.split.83_125:Attempt optimization with max 4 stalls...
INFO:p13b.p13b_i16_slothy_start.split.83_125:Setting timeout of 30 seconds...
INFO:p13b.p13b_i16_slothy_start.split.83_125:Objective: None (any satisfying solution is fine)
INFO:p13b.p13b_i16_slothy_start.split.83_125:Invoking external constraint solver (OR-Tools CP-SAT v9.15.6755) ...
INFO:p13b.p13b_i16_slothy_start.split.83_125:INFEASIBLE, wall time: 0.001144 s
INFO:p13b.p13b_i16_slothy_start.split.83_125:Attempt optimization with max 8 stalls...
INFO:p13b.p13b_i16_slothy_start.split.83_125:Setting timeout of 30 seconds...
INFO:p13b.p13b_i16_slothy_start.split.83_125:Objective: None (any satisfying solution is fine)
INFO:p13b.p13b_i16_slothy_start.split.83_125:Invoking external constraint solver (OR-Tools CP-SAT v9.15.6755) ...
INFO:p13b.p13b_i16_slothy_start.split.83_125:INFEASIBLE, wall time: 0.002900 s
INFO:p13b.p13b_i16_slothy_start.split.83_125:Attempt optimization with max 16 stalls...
INFO:p13b.p13b_i16_slothy_start.split.83_125:Setting timeout of 30 seconds...
INFO:p13b.p13b_i16_slothy_start.split.83_125:Objective: None (any satisfying solution is fine)
INFO:p13b.p13b_i16_slothy_start.split.83_125:Invoking external constraint solver (OR-Tools CP-SAT v9.15.6755) ...
INFO:p13b.p13b_i16_slothy_start.split.83_125:INFEASIBLE, wall time: 0.003981 s
INFO:p13b.p13b_i16_slothy_start.split.83_125:Attempt optimization with max 32 stalls...
INFO:p13b.p13b_i16_slothy_start.split.83_125:Setting timeout of 30 seconds...
INFO:p13b.p13b_i16_slothy_start.split.83_125:Objective: None (any satisfying solution is fine)
INFO:p13b.p13b_i16_slothy_start.split.83_125:Invoking external constraint solver (OR-Tools CP-SAT v9.15.6755) ...
INFO:p13b.p13b_i16_slothy_start.split.83_125:INFEASIBLE, wall time: 0.012970 s
INFO:p13b.p13b_i16_slothy_start.split.83_125:Attempt optimization with max 64 stalls...
INFO:p13b.p13b_i16_slothy_start.split.83_125:Setting timeout of 30 seconds...
INFO:p13b.p13b_i16_slothy_start.split.83_125:Objective: None (any satisfying solution is fine)
INFO:p13b.p13b_i16_slothy_start.split.83_125:Invoking external constraint solver (OR-Tools CP-SAT v9.15.6755) ...
INFO:p13b.p13b_i16_slothy_start.split.83_125:[0.0344s]: Found 1 solutions so far... objective (no objective): currently 0.0, bound 0.0
INFO:p13b.p13b_i16_slothy_start.split.83_125:OPTIMAL, wall time: 0.040835 s
INFO:p13b.p13b_i16_slothy_start.split.83_125:Booleans in result: 105
INFO:p13b.p13b_i16_slothy_start.split.83_125.selfcheck:OK!
WARNING:p13b:LLVM (llvm-mc, llvm-nm, llvm-readobj) not found, disabling selftest. Consider installing LLVM.
INFO:p13b.p13b_i16_slothy_start.split.83_125:Attempt optimization with max 48 stalls...
INFO:p13b.p13b_i16_slothy_start.split.83_125:Setting timeout of 30 seconds...
INFO:p13b.p13b_i16_slothy_start.split.83_125:Objective: None (any satisfying solution is fine)
INFO:p13b.p13b_i16_slothy_start.split.83_125:Invoking external constraint solver (OR-Tools CP-SAT v9.15.6755) ...
INFO:p13b.p13b_i16_slothy_start.split.83_125:[0.0353s]: Found 1 solutions so far... objective (no objective): currently 0.0, bound 0.0
INFO:p13b.p13b_i16_slothy_start.split.83_125:[0.0370s]: Found 2 solutions so far... objective (no objective): currently 0.0, bound 0.0
INFO:p13b.p13b_i16_slothy_start.split.83_125:OPTIMAL, wall time: 0.040528 s
INFO:p13b.p13b_i16_slothy_start.split.83_125:Booleans in result: 108
INFO:p13b.p13b_i16_slothy_start.split.83_125.selfcheck:OK!
WARNING:p13b:LLVM (llvm-mc, llvm-nm, llvm-readobj) not found, disabling selftest. Consider installing LLVM.
INFO:p13b.p13b_i16_slothy_start.split.83_125:Attempt optimization with max 40 stalls...
INFO:p13b.p13b_i16_slothy_start.split.83_125:Setting timeout of 30 seconds...
INFO:p13b.p13b_i16_slothy_start.split.83_125:Objective: None (any satisfying solution is fine)
INFO:p13b.p13b_i16_slothy_start.split.83_125:Invoking external constraint solver (OR-Tools CP-SAT v9.15.6755) ...
INFO:p13b.p13b_i16_slothy_start.split.83_125:[0.0406s]: Found 1 solutions so far... objective (no objective): currently 0.0, bound 0.0
INFO:p13b.p13b_i16_slothy_start.split.83_125:OPTIMAL, wall time: 0.044577 s
INFO:p13b.p13b_i16_slothy_start.split.83_125:Booleans in result: 126
INFO:p13b.p13b_i16_slothy_start.split.83_125.selfcheck:OK!
WARNING:p13b:LLVM (llvm-mc, llvm-nm, llvm-readobj) not found, disabling selftest. Consider installing LLVM.
INFO:p13b.p13b_i16_slothy_start.split.83_125:Attempt optimization with max 36 stalls...
INFO:p13b.p13b_i16_slothy_start.split.83_125:Setting timeout of 30 seconds...
INFO:p13b.p13b_i16_slothy_start.split.83_125:Objective: None (any satisfying solution is fine)
INFO:p13b.p13b_i16_slothy_start.split.83_125:Invoking external constraint solver (OR-Tools CP-SAT v9.15.6755) ...
INFO:p13b.p13b_i16_slothy_start.split.83_125:INFEASIBLE, wall time: 0.028948 s
INFO:p13b.p13b_i16_slothy_start.split.83_125:Attempt optimization with max 38 stalls...
INFO:p13b.p13b_i16_slothy_start.split.83_125:Setting timeout of 30 seconds...
INFO:p13b.p13b_i16_slothy_start.split.83_125:Objective: None (any satisfying solution is fine)
INFO:p13b.p13b_i16_slothy_start.split.83_125:Invoking external constraint solver (OR-Tools CP-SAT v9.15.6755) ...
INFO:p13b.p13b_i16_slothy_start.split.83_125:INFEASIBLE, wall time: 0.027953 s
INFO:p13b.p13b_i16_slothy_start.split.83_125:Attempt optimization with max 39 stalls...
INFO:p13b.p13b_i16_slothy_start.split.83_125:Setting timeout of 30 seconds...
INFO:p13b.p13b_i16_slothy_start.split.83_125:Objective: None (any satisfying solution is fine)
INFO:p13b.p13b_i16_slothy_start.split.83_125:Invoking external constraint solver (OR-Tools CP-SAT v9.15.6755) ...
INFO:p13b.p13b_i16_slothy_start.split.83_125:[0.0497s]: Found 1 solutions so far... objective (no objective): currently 0.0, bound 0.0
INFO:p13b.p13b_i16_slothy_start.split.83_125:OPTIMAL, wall time: 0.053615 s
INFO:p13b.p13b_i16_slothy_start.split.83_125:Booleans in result: 127
INFO:p13b.p13b_i16_slothy_start.split.83_125.selfcheck:OK!
WARNING:p13b:LLVM (llvm-mc, llvm-nm, llvm-readobj) not found, disabling selftest. Consider installing LLVM.
INFO:p13b.p13b_i16_slothy_start.split.125_167:Perform external binary search for minimal number of stalls...
INFO:p13b.p13b_i16_slothy_start.split.125_167:Attempt optimization with max 0 stalls...
INFO:p13b.p13b_i16_slothy_start.split.125_167:Setting timeout of 30 seconds...
INFO:p13b.p13b_i16_slothy_start.split.125_167:Objective: None (any satisfying solution is fine)
INFO:p13b.p13b_i16_slothy_start.split.125_167:Invoking external constraint solver (OR-Tools CP-SAT v9.15.6755) ...
INFO:p13b.p13b_i16_slothy_start.split.125_167:INFEASIBLE, wall time: 0.001108 s
INFO:p13b.p13b_i16_slothy_start.split.125_167:Attempt optimization with max 1 stalls...
INFO:p13b.p13b_i16_slothy_start.split.125_167:Setting timeout of 30 seconds...
INFO:p13b.p13b_i16_slothy_start.split.125_167:Objective: None (any satisfying solution is fine)
INFO:p13b.p13b_i16_slothy_start.split.125_167:Invoking external constraint solver (OR-Tools CP-SAT v9.15.6755) ...
INFO:p13b.p13b_i16_slothy_start.split.125_167:INFEASIBLE, wall time: 0.001169 s
INFO:p13b.p13b_i16_slothy_start.split.125_167:Attempt optimization with max 2 stalls...
INFO:p13b.p13b_i16_slothy_start.split.125_167:Setting timeout of 30 seconds...
INFO:p13b.p13b_i16_slothy_start.split.125_167:Objective: None (any satisfying solution is fine)
INFO:p13b.p13b_i16_slothy_start.split.125_167:Invoking external constraint solver (OR-Tools CP-SAT v9.15.6755) ...
INFO:p13b.p13b_i16_slothy_start.split.125_167:INFEASIBLE, wall time: 0.001100 s
INFO:p13b.p13b_i16_slothy_start.split.125_167:Attempt optimization with max 4 stalls...
INFO:p13b.p13b_i16_slothy_start.split.125_167:Setting timeout of 30 seconds...
INFO:p13b.p13b_i16_slothy_start.split.125_167:Objective: None (any satisfying solution is fine)
INFO:p13b.p13b_i16_slothy_start.split.125_167:Invoking external constraint solver (OR-Tools CP-SAT v9.15.6755) ...
INFO:p13b.p13b_i16_slothy_start.split.125_167:INFEASIBLE, wall time: 0.001155 s
INFO:p13b.p13b_i16_slothy_start.split.125_167:Attempt optimization with max 8 stalls...
INFO:p13b.p13b_i16_slothy_start.split.125_167:Setting timeout of 30 seconds...
INFO:p13b.p13b_i16_slothy_start.split.125_167:Objective: None (any satisfying solution is fine)
INFO:p13b.p13b_i16_slothy_start.split.125_167:Invoking external constraint solver (OR-Tools CP-SAT v9.15.6755) ...
INFO:p13b.p13b_i16_slothy_start.split.125_167:INFEASIBLE, wall time: 0.002700 s
INFO:p13b.p13b_i16_slothy_start.split.125_167:Attempt optimization with max 16 stalls...
INFO:p13b.p13b_i16_slothy_start.split.125_167:Setting timeout of 30 seconds...
INFO:p13b.p13b_i16_slothy_start.split.125_167:Objective: None (any satisfying solution is fine)
INFO:p13b.p13b_i16_slothy_start.split.125_167:Invoking external constraint solver (OR-Tools CP-SAT v9.15.6755) ...
INFO:p13b.p13b_i16_slothy_start.split.125_167:INFEASIBLE, wall time: 0.003294 s
INFO:p13b.p13b_i16_slothy_start.split.125_167:Attempt optimization with max 32 stalls...
INFO:p13b.p13b_i16_slothy_start.split.125_167:Setting timeout of 30 seconds...
INFO:p13b.p13b_i16_slothy_start.split.125_167:Objective: None (any satisfying solution is fine)
INFO:p13b.p13b_i16_slothy_start.split.125_167:Invoking external constraint solver (OR-Tools CP-SAT v9.15.6755) ...
INFO:p13b.p13b_i16_slothy_start.split.125_167:INFEASIBLE, wall time: 0.013517 s
INFO:p13b.p13b_i16_slothy_start.split.125_167:Attempt optimization with max 64 stalls...
INFO:p13b.p13b_i16_slothy_start.split.125_167:Setting timeout of 30 seconds...
INFO:p13b.p13b_i16_slothy_start.split.125_167:Objective: None (any satisfying solution is fine)
INFO:p13b.p13b_i16_slothy_start.split.125_167:Invoking external constraint solver (OR-Tools CP-SAT v9.15.6755) ...
INFO:p13b.p13b_i16_slothy_start.split.125_167:[0.0376s]: Found 1 solutions so far... objective (no objective): currently 0.0, bound 0.0
INFO:p13b.p13b_i16_slothy_start.split.125_167:OPTIMAL, wall time: 0.041020 s
INFO:p13b.p13b_i16_slothy_start.split.125_167:Booleans in result: 88
INFO:p13b.p13b_i16_slothy_start.split.125_167.selfcheck:OK!
WARNING:p13b:LLVM (llvm-mc, llvm-nm, llvm-readobj) not found, disabling selftest. Consider installing LLVM.
INFO:p13b.p13b_i16_slothy_start.split.125_167:Attempt optimization with max 48 stalls...
INFO:p13b.p13b_i16_slothy_start.split.125_167:Setting timeout of 30 seconds...
INFO:p13b.p13b_i16_slothy_start.split.125_167:Objective: None (any satisfying solution is fine)
INFO:p13b.p13b_i16_slothy_start.split.125_167:Invoking external constraint solver (OR-Tools CP-SAT v9.15.6755) ...
INFO:p13b.p13b_i16_slothy_start.split.125_167:INFEASIBLE, wall time: 0.032900 s
INFO:p13b.p13b_i16_slothy_start.split.125_167:Attempt optimization with max 56 stalls...
INFO:p13b.p13b_i16_slothy_start.split.125_167:Setting timeout of 30 seconds...
INFO:p13b.p13b_i16_slothy_start.split.125_167:Objective: None (any satisfying solution is fine)
INFO:p13b.p13b_i16_slothy_start.split.125_167:Invoking external constraint solver (OR-Tools CP-SAT v9.15.6755) ...
INFO:p13b.p13b_i16_slothy_start.split.125_167:[0.0343s]: Found 1 solutions so far... objective (no objective): currently 0.0, bound 0.0
INFO:p13b.p13b_i16_slothy_start.split.125_167:OPTIMAL, wall time: 0.038940 s
INFO:p13b.p13b_i16_slothy_start.split.125_167:Booleans in result: 18
INFO:p13b.p13b_i16_slothy_start.split.125_167.selfcheck:OK!
WARNING:p13b:LLVM (llvm-mc, llvm-nm, llvm-readobj) not found, disabling selftest. Consider installing LLVM.
INFO:p13b.p13b_i16_slothy_start.split.125_167:Attempt optimization with max 52 stalls...
INFO:p13b.p13b_i16_slothy_start.split.125_167:Setting timeout of 30 seconds...
INFO:p13b.p13b_i16_slothy_start.split.125_167:Objective: None (any satisfying solution is fine)
INFO:p13b.p13b_i16_slothy_start.split.125_167:Invoking external constraint solver (OR-Tools CP-SAT v9.15.6755) ...
INFO:p13b.p13b_i16_slothy_start.split.125_167:[0.0404s]: Found 1 solutions so far... objective (no objective): currently 0.0, bound 0.0
INFO:p13b.p13b_i16_slothy_start.split.125_167:OPTIMAL, wall time: 0.045170 s
INFO:p13b.p13b_i16_slothy_start.split.125_167:Booleans in result: 105
INFO:p13b.p13b_i16_slothy_start.split.125_167.selfcheck:OK!
WARNING:p13b:LLVM (llvm-mc, llvm-nm, llvm-readobj) not found, disabling selftest. Consider installing LLVM.
INFO:p13b.p13b_i16_slothy_start.split.125_167:Attempt optimization with max 50 stalls...
INFO:p13b.p13b_i16_slothy_start.split.125_167:Setting timeout of 30 seconds...
INFO:p13b.p13b_i16_slothy_start.split.125_167:Objective: None (any satisfying solution is fine)
INFO:p13b.p13b_i16_slothy_start.split.125_167:Invoking external constraint solver (OR-Tools CP-SAT v9.15.6755) ...
INFO:p13b.p13b_i16_slothy_start.split.125_167:[0.0539s]: Found 1 solutions so far... objective (no objective): currently 0.0, bound 0.0
INFO:p13b.p13b_i16_slothy_start.split.125_167:OPTIMAL, wall time: 0.057332 s
INFO:p13b.p13b_i16_slothy_start.split.125_167:Booleans in result: 103
INFO:p13b.p13b_i16_slothy_start.split.125_167.selfcheck:OK!
WARNING:p13b:LLVM (llvm-mc, llvm-nm, llvm-readobj) not found, disabling selftest. Consider installing LLVM.
INFO:p13b.p13b_i16_slothy_start.split.125_167:Attempt optimization with max 49 stalls...
INFO:p13b.p13b_i16_slothy_start.split.125_167:Setting timeout of 30 seconds...
INFO:p13b.p13b_i16_slothy_start.split.125_167:Objective: None (any satisfying solution is fine)
INFO:p13b.p13b_i16_slothy_start.split.125_167:Invoking external constraint solver (OR-Tools CP-SAT v9.15.6755) ...
INFO:p13b.p13b_i16_slothy_start.split.125_167:[0.0445s]: Found 1 solutions so far... objective (no objective): currently 0.0, bound 0.0
INFO:p13b.p13b_i16_slothy_start.split.125_167:OPTIMAL, wall time: 0.047770 s
INFO:p13b.p13b_i16_slothy_start.split.125_167:Booleans in result: 88
INFO:p13b.p13b_i16_slothy_start.split.125_167.selfcheck:OK!
WARNING:p13b:LLVM (llvm-mc, llvm-nm, llvm-readobj) not found, disabling selftest. Consider installing LLVM.
INFO:p13b.p13b_i16_slothy_start.split.167_208:Perform external binary search for minimal number of stalls...
INFO:p13b.p13b_i16_slothy_start.split.167_208:Attempt optimization with max 0 stalls...
INFO:p13b.p13b_i16_slothy_start.split.167_208:Setting timeout of 30 seconds...
INFO:p13b.p13b_i16_slothy_start.split.167_208:Objective: None (any satisfying solution is fine)
INFO:p13b.p13b_i16_slothy_start.split.167_208:Invoking external constraint solver (OR-Tools CP-SAT v9.15.6755) ...
INFO:p13b.p13b_i16_slothy_start.split.167_208:INFEASIBLE, wall time: 0.001071 s
INFO:p13b.p13b_i16_slothy_start.split.167_208:Attempt optimization with max 1 stalls...
INFO:p13b.p13b_i16_slothy_start.split.167_208:Setting timeout of 30 seconds...
INFO:p13b.p13b_i16_slothy_start.split.167_208:Objective: None (any satisfying solution is fine)
INFO:p13b.p13b_i16_slothy_start.split.167_208:Invoking external constraint solver (OR-Tools CP-SAT v9.15.6755) ...
INFO:p13b.p13b_i16_slothy_start.split.167_208:INFEASIBLE, wall time: 0.001044 s
INFO:p13b.p13b_i16_slothy_start.split.167_208:Attempt optimization with max 2 stalls...
INFO:p13b.p13b_i16_slothy_start.split.167_208:Setting timeout of 30 seconds...
INFO:p13b.p13b_i16_slothy_start.split.167_208:Objective: None (any satisfying solution is fine)
INFO:p13b.p13b_i16_slothy_start.split.167_208:Invoking external constraint solver (OR-Tools CP-SAT v9.15.6755) ...
INFO:p13b.p13b_i16_slothy_start.split.167_208:INFEASIBLE, wall time: 0.001027 s
INFO:p13b.p13b_i16_slothy_start.split.167_208:Attempt optimization with max 4 stalls...
INFO:p13b.p13b_i16_slothy_start.split.167_208:Setting timeout of 30 seconds...
INFO:p13b.p13b_i16_slothy_start.split.167_208:Objective: None (any satisfying solution is fine)
INFO:p13b.p13b_i16_slothy_start.split.167_208:Invoking external constraint solver (OR-Tools CP-SAT v9.15.6755) ...
INFO:p13b.p13b_i16_slothy_start.split.167_208:INFEASIBLE, wall time: 0.001064 s
INFO:p13b.p13b_i16_slothy_start.split.167_208:Attempt optimization with max 8 stalls...
INFO:p13b.p13b_i16_slothy_start.split.167_208:Setting timeout of 30 seconds...
INFO:p13b.p13b_i16_slothy_start.split.167_208:Objective: None (any satisfying solution is fine)
INFO:p13b.p13b_i16_slothy_start.split.167_208:Invoking external constraint solver (OR-Tools CP-SAT v9.15.6755) ...
INFO:p13b.p13b_i16_slothy_start.split.167_208:INFEASIBLE, wall time: 0.001050 s
INFO:p13b.p13b_i16_slothy_start.split.167_208:Attempt optimization with max 16 stalls...
INFO:p13b.p13b_i16_slothy_start.split.167_208:Setting timeout of 30 seconds...
INFO:p13b.p13b_i16_slothy_start.split.167_208:Objective: None (any satisfying solution is fine)
INFO:p13b.p13b_i16_slothy_start.split.167_208:Invoking external constraint solver (OR-Tools CP-SAT v9.15.6755) ...
INFO:p13b.p13b_i16_slothy_start.split.167_208:INFEASIBLE, wall time: 0.001222 s
INFO:p13b.p13b_i16_slothy_start.split.167_208:Attempt optimization with max 32 stalls...
INFO:p13b.p13b_i16_slothy_start.split.167_208:Setting timeout of 30 seconds...
INFO:p13b.p13b_i16_slothy_start.split.167_208:Objective: None (any satisfying solution is fine)
INFO:p13b.p13b_i16_slothy_start.split.167_208:Invoking external constraint solver (OR-Tools CP-SAT v9.15.6755) ...
INFO:p13b.p13b_i16_slothy_start.split.167_208:INFEASIBLE, wall time: 0.004963 s
INFO:p13b.p13b_i16_slothy_start.split.167_208:Attempt optimization with max 64 stalls...
INFO:p13b.p13b_i16_slothy_start.split.167_208:Setting timeout of 30 seconds...
INFO:p13b.p13b_i16_slothy_start.split.167_208:Objective: None (any satisfying solution is fine)
INFO:p13b.p13b_i16_slothy_start.split.167_208:Invoking external constraint solver (OR-Tools CP-SAT v9.15.6755) ...
INFO:p13b.p13b_i16_slothy_start.split.167_208:[0.0269s]: Found 1 solutions so far... objective (no objective): currently 0.0, bound 0.0
INFO:p13b.p13b_i16_slothy_start.split.167_208:OPTIMAL, wall time: 0.029845 s
INFO:p13b.p13b_i16_slothy_start.split.167_208:Booleans in result: 75
INFO:p13b.p13b_i16_slothy_start.split.167_208.selfcheck:OK!
WARNING:p13b:LLVM (llvm-mc, llvm-nm, llvm-readobj) not found, disabling selftest. Consider installing LLVM.
INFO:p13b.p13b_i16_slothy_start.split.167_208:Attempt optimization with max 48 stalls...
INFO:p13b.p13b_i16_slothy_start.split.167_208:Setting timeout of 30 seconds...
INFO:p13b.p13b_i16_slothy_start.split.167_208:Objective: None (any satisfying solution is fine)
INFO:p13b.p13b_i16_slothy_start.split.167_208:Invoking external constraint solver (OR-Tools CP-SAT v9.15.6755) ...
INFO:p13b.p13b_i16_slothy_start.split.167_208:[0.0225s]: Found 1 solutions so far... objective (no objective): currently 0.0, bound 0.0
INFO:p13b.p13b_i16_slothy_start.split.167_208:OPTIMAL, wall time: 0.025491 s
INFO:p13b.p13b_i16_slothy_start.split.167_208:Booleans in result: 21
INFO:p13b.p13b_i16_slothy_start.split.167_208.selfcheck:OK!
WARNING:p13b:LLVM (llvm-mc, llvm-nm, llvm-readobj) not found, disabling selftest. Consider installing LLVM.
INFO:p13b.p13b_i16_slothy_start.split.167_208:Attempt optimization with max 40 stalls...
INFO:p13b.p13b_i16_slothy_start.split.167_208:Setting timeout of 30 seconds...
INFO:p13b.p13b_i16_slothy_start.split.167_208:Objective: None (any satisfying solution is fine)
INFO:p13b.p13b_i16_slothy_start.split.167_208:Invoking external constraint solver (OR-Tools CP-SAT v9.15.6755) ...
INFO:p13b.p13b_i16_slothy_start.split.167_208:INFEASIBLE, wall time: 0.006102 s
INFO:p13b.p13b_i16_slothy_start.split.167_208:Attempt optimization with max 44 stalls...
INFO:p13b.p13b_i16_slothy_start.split.167_208:Setting timeout of 30 seconds...
INFO:p13b.p13b_i16_slothy_start.split.167_208:Objective: None (any satisfying solution is fine)
INFO:p13b.p13b_i16_slothy_start.split.167_208:Invoking external constraint solver (OR-Tools CP-SAT v9.15.6755) ...
INFO:p13b.p13b_i16_slothy_start.split.167_208:INFEASIBLE, wall time: 0.014108 s
INFO:p13b.p13b_i16_slothy_start.split.167_208:Attempt optimization with max 46 stalls...
INFO:p13b.p13b_i16_slothy_start.split.167_208:Setting timeout of 30 seconds...
INFO:p13b.p13b_i16_slothy_start.split.167_208:Objective: None (any satisfying solution is fine)
INFO:p13b.p13b_i16_slothy_start.split.167_208:Invoking external constraint solver (OR-Tools CP-SAT v9.15.6755) ...
INFO:p13b.p13b_i16_slothy_start.split.167_208:INFEASIBLE, wall time: 0.013607 s
INFO:p13b.p13b_i16_slothy_start.split.167_208:Attempt optimization with max 47 stalls...
INFO:p13b.p13b_i16_slothy_start.split.167_208:Setting timeout of 30 seconds...
INFO:p13b.p13b_i16_slothy_start.split.167_208:Objective: None (any satisfying solution is fine)
INFO:p13b.p13b_i16_slothy_start.split.167_208:Invoking external constraint solver (OR-Tools CP-SAT v9.15.6755) ...
INFO:p13b.p13b_i16_slothy_start.split.167_208:INFEASIBLE, wall time: 0.013683 s
INFO:p13b.p13b_i16_slothy_start.split.208_250:Perform external binary search for minimal number of stalls...
INFO:p13b.p13b_i16_slothy_start.split.208_250:Attempt optimization with max 0 stalls...
INFO:p13b.p13b_i16_slothy_start.split.208_250:Setting timeout of 30 seconds...
INFO:p13b.p13b_i16_slothy_start.split.208_250:Objective: None (any satisfying solution is fine)
INFO:p13b.p13b_i16_slothy_start.split.208_250:Invoking external constraint solver (OR-Tools CP-SAT v9.15.6755) ...
INFO:p13b.p13b_i16_slothy_start.split.208_250:INFEASIBLE, wall time: 0.001027 s
INFO:p13b.p13b_i16_slothy_start.split.208_250:Attempt optimization with max 1 stalls...
INFO:p13b.p13b_i16_slothy_start.split.208_250:Setting timeout of 30 seconds...
INFO:p13b.p13b_i16_slothy_start.split.208_250:Objective: None (any satisfying solution is fine)
INFO:p13b.p13b_i16_slothy_start.split.208_250:Invoking external constraint solver (OR-Tools CP-SAT v9.15.6755) ...
INFO:p13b.p13b_i16_slothy_start.split.208_250:INFEASIBLE, wall time: 0.001072 s
INFO:p13b.p13b_i16_slothy_start.split.208_250:Attempt optimization with max 2 stalls...
INFO:p13b.p13b_i16_slothy_start.split.208_250:Setting timeout of 30 seconds...
INFO:p13b.p13b_i16_slothy_start.split.208_250:Objective: None (any satisfying solution is fine)
INFO:p13b.p13b_i16_slothy_start.split.208_250:Invoking external constraint solver (OR-Tools CP-SAT v9.15.6755) ...
INFO:p13b.p13b_i16_slothy_start.split.208_250:INFEASIBLE, wall time: 0.001216 s
INFO:p13b.p13b_i16_slothy_start.split.208_250:Attempt optimization with max 4 stalls...
INFO:p13b.p13b_i16_slothy_start.split.208_250:Setting timeout of 30 seconds...
INFO:p13b.p13b_i16_slothy_start.split.208_250:Objective: None (any satisfying solution is fine)
INFO:p13b.p13b_i16_slothy_start.split.208_250:Invoking external constraint solver (OR-Tools CP-SAT v9.15.6755) ...
INFO:p13b.p13b_i16_slothy_start.split.208_250:INFEASIBLE, wall time: 0.001070 s
INFO:p13b.p13b_i16_slothy_start.split.208_250:Attempt optimization with max 8 stalls...
INFO:p13b.p13b_i16_slothy_start.split.208_250:Setting timeout of 30 seconds...
INFO:p13b.p13b_i16_slothy_start.split.208_250:Objective: None (any satisfying solution is fine)
INFO:p13b.p13b_i16_slothy_start.split.208_250:Invoking external constraint solver (OR-Tools CP-SAT v9.15.6755) ...
INFO:p13b.p13b_i16_slothy_start.split.208_250:INFEASIBLE, wall time: 0.001064 s
INFO:p13b.p13b_i16_slothy_start.split.208_250:Attempt optimization with max 16 stalls...
INFO:p13b.p13b_i16_slothy_start.split.208_250:Setting timeout of 30 seconds...
INFO:p13b.p13b_i16_slothy_start.split.208_250:Objective: None (any satisfying solution is fine)
INFO:p13b.p13b_i16_slothy_start.split.208_250:Invoking external constraint solver (OR-Tools CP-SAT v9.15.6755) ...
INFO:p13b.p13b_i16_slothy_start.split.208_250:INFEASIBLE, wall time: 0.002781 s
INFO:p13b.p13b_i16_slothy_start.split.208_250:Attempt optimization with max 32 stalls...
INFO:p13b.p13b_i16_slothy_start.split.208_250:Setting timeout of 30 seconds...
INFO:p13b.p13b_i16_slothy_start.split.208_250:Objective: None (any satisfying solution is fine)
INFO:p13b.p13b_i16_slothy_start.split.208_250:Invoking external constraint solver (OR-Tools CP-SAT v9.15.6755) ...
INFO:p13b.p13b_i16_slothy_start.split.208_250:INFEASIBLE, wall time: 0.005256 s
INFO:p13b.p13b_i16_slothy_start.split.208_250:Attempt optimization with max 64 stalls...
INFO:p13b.p13b_i16_slothy_start.split.208_250:Setting timeout of 30 seconds...
INFO:p13b.p13b_i16_slothy_start.split.208_250:Objective: None (any satisfying solution is fine)
INFO:p13b.p13b_i16_slothy_start.split.208_250:Invoking external constraint solver (OR-Tools CP-SAT v9.15.6755) ...
INFO:p13b.p13b_i16_slothy_start.split.208_250:[0.0320s]: Found 1 solutions so far... objective (no objective): currently 0.0, bound 0.0
INFO:p13b.p13b_i16_slothy_start.split.208_250:OPTIMAL, wall time: 0.036355 s
INFO:p13b.p13b_i16_slothy_start.split.208_250:Booleans in result: 77
INFO:p13b.p13b_i16_slothy_start.split.208_250.selfcheck:OK!
WARNING:p13b:LLVM (llvm-mc, llvm-nm, llvm-readobj) not found, disabling selftest. Consider installing LLVM.
INFO:p13b.p13b_i16_slothy_start.split.208_250:Attempt optimization with max 48 stalls...
INFO:p13b.p13b_i16_slothy_start.split.208_250:Setting timeout of 30 seconds...
INFO:p13b.p13b_i16_slothy_start.split.208_250:Objective: None (any satisfying solution is fine)
INFO:p13b.p13b_i16_slothy_start.split.208_250:Invoking external constraint solver (OR-Tools CP-SAT v9.15.6755) ...
INFO:p13b.p13b_i16_slothy_start.split.208_250:INFEASIBLE, wall time: 0.031438 s
INFO:p13b.p13b_i16_slothy_start.split.208_250:Attempt optimization with max 56 stalls...
INFO:p13b.p13b_i16_slothy_start.split.208_250:Setting timeout of 30 seconds...
INFO:p13b.p13b_i16_slothy_start.split.208_250:Objective: None (any satisfying solution is fine)
INFO:p13b.p13b_i16_slothy_start.split.208_250:Invoking external constraint solver (OR-Tools CP-SAT v9.15.6755) ...
INFO:p13b.p13b_i16_slothy_start.split.208_250:[0.0291s]: Found 1 solutions so far... objective (no objective): currently 0.0, bound 0.0
INFO:p13b.p13b_i16_slothy_start.split.208_250:OPTIMAL, wall time: 0.033723 s
INFO:p13b.p13b_i16_slothy_start.split.208_250:Booleans in result: 76
INFO:p13b.p13b_i16_slothy_start.split.208_250.selfcheck:OK!
WARNING:p13b:LLVM (llvm-mc, llvm-nm, llvm-readobj) not found, disabling selftest. Consider installing LLVM.
INFO:p13b.p13b_i16_slothy_start.split.208_250:Attempt optimization with max 52 stalls...
INFO:p13b.p13b_i16_slothy_start.split.208_250:Setting timeout of 30 seconds...
INFO:p13b.p13b_i16_slothy_start.split.208_250:Objective: None (any satisfying solution is fine)
INFO:p13b.p13b_i16_slothy_start.split.208_250:Invoking external constraint solver (OR-Tools CP-SAT v9.15.6755) ...
INFO:p13b.p13b_i16_slothy_start.split.208_250:[0.0275s]: Found 1 solutions so far... objective (no objective): currently 0.0, bound 0.0
INFO:p13b.p13b_i16_slothy_start.split.208_250:OPTIMAL, wall time: 0.030582 s
INFO:p13b.p13b_i16_slothy_start.split.208_250:Booleans in result: 76
INFO:p13b.p13b_i16_slothy_start.split.208_250.selfcheck:OK!
WARNING:p13b:LLVM (llvm-mc, llvm-nm, llvm-readobj) not found, disabling selftest. Consider installing LLVM.
INFO:p13b.p13b_i16_slothy_start.split.208_250:Attempt optimization with max 50 stalls...
INFO:p13b.p13b_i16_slothy_start.split.208_250:Setting timeout of 30 seconds...
INFO:p13b.p13b_i16_slothy_start.split.208_250:Objective: None (any satisfying solution is fine)
INFO:p13b.p13b_i16_slothy_start.split.208_250:Invoking external constraint solver (OR-Tools CP-SAT v9.15.6755) ...
INFO:p13b.p13b_i16_slothy_start.split.208_250:[0.0299s]: Found 1 solutions so far... objective (no objective): currently 0.0, bound 0.0
INFO:p13b.p13b_i16_slothy_start.split.208_250:OPTIMAL, wall time: 0.032802 s
INFO:p13b.p13b_i16_slothy_start.split.208_250:Booleans in result: 137
INFO:p13b.p13b_i16_slothy_start.split.208_250.selfcheck:OK!
WARNING:p13b:LLVM (llvm-mc, llvm-nm, llvm-readobj) not found, disabling selftest. Consider installing LLVM.
INFO:p13b.p13b_i16_slothy_start.split.208_250:Attempt optimization with max 49 stalls...
INFO:p13b.p13b_i16_slothy_start.split.208_250:Setting timeout of 30 seconds...
INFO:p13b.p13b_i16_slothy_start.split.208_250:Objective: None (any satisfying solution is fine)
INFO:p13b.p13b_i16_slothy_start.split.208_250:Invoking external constraint solver (OR-Tools CP-SAT v9.15.6755) ...
INFO:p13b.p13b_i16_slothy_start.split.208_250:INFEASIBLE, wall time: 0.033199 s
INFO:p13b.p13b_i16_slothy_start.split.250_292:Perform external binary search for minimal number of stalls...
INFO:p13b.p13b_i16_slothy_start.split.250_292:Attempt optimization with max 0 stalls...
INFO:p13b.p13b_i16_slothy_start.split.250_292:Setting timeout of 30 seconds...
INFO:p13b.p13b_i16_slothy_start.split.250_292:Objective: None (any satisfying solution is fine)
INFO:p13b.p13b_i16_slothy_start.split.250_292:Invoking external constraint solver (OR-Tools CP-SAT v9.15.6755) ...
INFO:p13b.p13b_i16_slothy_start.split.250_292:INFEASIBLE, wall time: 0.001236 s
INFO:p13b.p13b_i16_slothy_start.split.250_292:Attempt optimization with max 1 stalls...
INFO:p13b.p13b_i16_slothy_start.split.250_292:Setting timeout of 30 seconds...
INFO:p13b.p13b_i16_slothy_start.split.250_292:Objective: None (any satisfying solution is fine)
INFO:p13b.p13b_i16_slothy_start.split.250_292:Invoking external constraint solver (OR-Tools CP-SAT v9.15.6755) ...
INFO:p13b.p13b_i16_slothy_start.split.250_292:INFEASIBLE, wall time: 0.001010 s
INFO:p13b.p13b_i16_slothy_start.split.250_292:Attempt optimization with max 2 stalls...
INFO:p13b.p13b_i16_slothy_start.split.250_292:Setting timeout of 30 seconds...
INFO:p13b.p13b_i16_slothy_start.split.250_292:Objective: None (any satisfying solution is fine)
INFO:p13b.p13b_i16_slothy_start.split.250_292:Invoking external constraint solver (OR-Tools CP-SAT v9.15.6755) ...
INFO:p13b.p13b_i16_slothy_start.split.250_292:INFEASIBLE, wall time: 0.000998 s
INFO:p13b.p13b_i16_slothy_start.split.250_292:Attempt optimization with max 4 stalls...
INFO:p13b.p13b_i16_slothy_start.split.250_292:Setting timeout of 30 seconds...
INFO:p13b.p13b_i16_slothy_start.split.250_292:Objective: None (any satisfying solution is fine)
INFO:p13b.p13b_i16_slothy_start.split.250_292:Invoking external constraint solver (OR-Tools CP-SAT v9.15.6755) ...
INFO:p13b.p13b_i16_slothy_start.split.250_292:INFEASIBLE, wall time: 0.001225 s
INFO:p13b.p13b_i16_slothy_start.split.250_292:Attempt optimization with max 8 stalls...
INFO:p13b.p13b_i16_slothy_start.split.250_292:Setting timeout of 30 seconds...
INFO:p13b.p13b_i16_slothy_start.split.250_292:Objective: None (any satisfying solution is fine)
INFO:p13b.p13b_i16_slothy_start.split.250_292:Invoking external constraint solver (OR-Tools CP-SAT v9.15.6755) ...
INFO:p13b.p13b_i16_slothy_start.split.250_292:INFEASIBLE, wall time: 0.001094 s
INFO:p13b.p13b_i16_slothy_start.split.250_292:Attempt optimization with max 16 stalls...
INFO:p13b.p13b_i16_slothy_start.split.250_292:Setting timeout of 30 seconds...
INFO:p13b.p13b_i16_slothy_start.split.250_292:Objective: None (any satisfying solution is fine)
INFO:p13b.p13b_i16_slothy_start.split.250_292:Invoking external constraint solver (OR-Tools CP-SAT v9.15.6755) ...
INFO:p13b.p13b_i16_slothy_start.split.250_292:INFEASIBLE, wall time: 0.002584 s
INFO:p13b.p13b_i16_slothy_start.split.250_292:Attempt optimization with max 32 stalls...
INFO:p13b.p13b_i16_slothy_start.split.250_292:Setting timeout of 30 seconds...
INFO:p13b.p13b_i16_slothy_start.split.250_292:Objective: None (any satisfying solution is fine)
INFO:p13b.p13b_i16_slothy_start.split.250_292:Invoking external constraint solver (OR-Tools CP-SAT v9.15.6755) ...
INFO:p13b.p13b_i16_slothy_start.split.250_292:INFEASIBLE, wall time: 0.003615 s
INFO:p13b.p13b_i16_slothy_start.split.250_292:Attempt optimization with max 64 stalls...
INFO:p13b.p13b_i16_slothy_start.split.250_292:Setting timeout of 30 seconds...
INFO:p13b.p13b_i16_slothy_start.split.250_292:Objective: None (any satisfying solution is fine)
INFO:p13b.p13b_i16_slothy_start.split.250_292:Invoking external constraint solver (OR-Tools CP-SAT v9.15.6755) ...
INFO:p13b.p13b_i16_slothy_start.split.250_292:[0.0289s]: Found 1 solutions so far... objective (no objective): currently 0.0, bound 0.0
INFO:p13b.p13b_i16_slothy_start.split.250_292:[0.0293s]: Found 2 solutions so far... objective (no objective): currently 0.0, bound 0.0
INFO:p13b.p13b_i16_slothy_start.split.250_292:OPTIMAL, wall time: 0.032717 s
INFO:p13b.p13b_i16_slothy_start.split.250_292:Booleans in result: 86
INFO:p13b.p13b_i16_slothy_start.split.250_292.selfcheck:OK!
WARNING:p13b:LLVM (llvm-mc, llvm-nm, llvm-readobj) not found, disabling selftest. Consider installing LLVM.
INFO:p13b.p13b_i16_slothy_start.split.250_292:Attempt optimization with max 48 stalls...
INFO:p13b.p13b_i16_slothy_start.split.250_292:Setting timeout of 30 seconds...
INFO:p13b.p13b_i16_slothy_start.split.250_292:Objective: None (any satisfying solution is fine)
INFO:p13b.p13b_i16_slothy_start.split.250_292:Invoking external constraint solver (OR-Tools CP-SAT v9.15.6755) ...
INFO:p13b.p13b_i16_slothy_start.split.250_292:INFEASIBLE, wall time: 0.014397 s
INFO:p13b.p13b_i16_slothy_start.split.250_292:Attempt optimization with max 56 stalls...
INFO:p13b.p13b_i16_slothy_start.split.250_292:Setting timeout of 30 seconds...
INFO:p13b.p13b_i16_slothy_start.split.250_292:Objective: None (any satisfying solution is fine)
INFO:p13b.p13b_i16_slothy_start.split.250_292:Invoking external constraint solver (OR-Tools CP-SAT v9.15.6755) ...
INFO:p13b.p13b_i16_slothy_start.split.250_292:[0.0245s]: Found 1 solutions so far... objective (no objective): currently 0.0, bound 0.0
INFO:p13b.p13b_i16_slothy_start.split.250_292:OPTIMAL, wall time: 0.028014 s
INFO:p13b.p13b_i16_slothy_start.split.250_292:Booleans in result: 86
INFO:p13b.p13b_i16_slothy_start.split.250_292.selfcheck:OK!
WARNING:p13b:LLVM (llvm-mc, llvm-nm, llvm-readobj) not found, disabling selftest. Consider installing LLVM.
INFO:p13b.p13b_i16_slothy_start.split.250_292:Attempt optimization with max 52 stalls...
INFO:p13b.p13b_i16_slothy_start.split.250_292:Setting timeout of 30 seconds...
INFO:p13b.p13b_i16_slothy_start.split.250_292:Objective: None (any satisfying solution is fine)
INFO:p13b.p13b_i16_slothy_start.split.250_292:Invoking external constraint solver (OR-Tools CP-SAT v9.15.6755) ...
INFO:p13b.p13b_i16_slothy_start.split.250_292:[0.0234s]: Found 1 solutions so far... objective (no objective): currently 0.0, bound 0.0
INFO:p13b.p13b_i16_slothy_start.split.250_292:[0.0237s]: Found 2 solutions so far... objective (no objective): currently 0.0, bound 0.0
INFO:p13b.p13b_i16_slothy_start.split.250_292:OPTIMAL, wall time: 0.026829 s
INFO:p13b.p13b_i16_slothy_start.split.250_292:Booleans in result: 86
INFO:p13b.p13b_i16_slothy_start.split.250_292.selfcheck:OK!
WARNING:p13b:LLVM (llvm-mc, llvm-nm, llvm-readobj) not found, disabling selftest. Consider installing LLVM.
INFO:p13b.p13b_i16_slothy_start.split.250_292:Attempt optimization with max 50 stalls...
INFO:p13b.p13b_i16_slothy_start.split.250_292:Setting timeout of 30 seconds...
INFO:p13b.p13b_i16_slothy_start.split.250_292:Objective: None (any satisfying solution is fine)
INFO:p13b.p13b_i16_slothy_start.split.250_292:Invoking external constraint solver (OR-Tools CP-SAT v9.15.6755) ...
INFO:p13b.p13b_i16_slothy_start.split.250_292:INFEASIBLE, wall time: 0.014824 s
INFO:p13b.p13b_i16_slothy_start.split.250_292:Attempt optimization with max 51 stalls...
INFO:p13b.p13b_i16_slothy_start.split.250_292:Setting timeout of 30 seconds...
INFO:p13b.p13b_i16_slothy_start.split.250_292:Objective: None (any satisfying solution is fine)
INFO:p13b.p13b_i16_slothy_start.split.250_292:Invoking external constraint solver (OR-Tools CP-SAT v9.15.6755) ...
INFO:p13b.p13b_i16_slothy_start.split.250_292:[0.0224s]: Found 1 solutions so far... objective (no objective): currently 0.0, bound 0.0
INFO:p13b.p13b_i16_slothy_start.split.250_292:OPTIMAL, wall time: 0.025652 s
INFO:p13b.p13b_i16_slothy_start.split.250_292:Booleans in result: 88
INFO:p13b.p13b_i16_slothy_start.split.250_292.selfcheck:OK!
WARNING:p13b:LLVM (llvm-mc, llvm-nm, llvm-readobj) not found, disabling selftest. Consider installing LLVM.
INFO:p13b.p13b_i16_slothy_start.split.292_334:Perform external binary search for minimal number of stalls...
INFO:p13b.p13b_i16_slothy_start.split.292_334:Attempt optimization with max 0 stalls...
INFO:p13b.p13b_i16_slothy_start.split.292_334:Setting timeout of 30 seconds...
INFO:p13b.p13b_i16_slothy_start.split.292_334:Objective: None (any satisfying solution is fine)
INFO:p13b.p13b_i16_slothy_start.split.292_334:Invoking external constraint solver (OR-Tools CP-SAT v9.15.6755) ...
INFO:p13b.p13b_i16_slothy_start.split.292_334:INFEASIBLE, wall time: 0.001216 s
INFO:p13b.p13b_i16_slothy_start.split.292_334:Attempt optimization with max 1 stalls...
INFO:p13b.p13b_i16_slothy_start.split.292_334:Setting timeout of 30 seconds...
INFO:p13b.p13b_i16_slothy_start.split.292_334:Objective: None (any satisfying solution is fine)
INFO:p13b.p13b_i16_slothy_start.split.292_334:Invoking external constraint solver (OR-Tools CP-SAT v9.15.6755) ...
INFO:p13b.p13b_i16_slothy_start.split.292_334:INFEASIBLE, wall time: 0.001018 s
INFO:p13b.p13b_i16_slothy_start.split.292_334:Attempt optimization with max 2 stalls...
INFO:p13b.p13b_i16_slothy_start.split.292_334:Setting timeout of 30 seconds...
INFO:p13b.p13b_i16_slothy_start.split.292_334:Objective: None (any satisfying solution is fine)
INFO:p13b.p13b_i16_slothy_start.split.292_334:Invoking external constraint solver (OR-Tools CP-SAT v9.15.6755) ...
INFO:p13b.p13b_i16_slothy_start.split.292_334:INFEASIBLE, wall time: 0.000954 s
INFO:p13b.p13b_i16_slothy_start.split.292_334:Attempt optimization with max 4 stalls...
INFO:p13b.p13b_i16_slothy_start.split.292_334:Setting timeout of 30 seconds...
INFO:p13b.p13b_i16_slothy_start.split.292_334:Objective: None (any satisfying solution is fine)
INFO:p13b.p13b_i16_slothy_start.split.292_334:Invoking external constraint solver (OR-Tools CP-SAT v9.15.6755) ...
INFO:p13b.p13b_i16_slothy_start.split.292_334:INFEASIBLE, wall time: 0.000959 s
INFO:p13b.p13b_i16_slothy_start.split.292_334:Attempt optimization with max 8 stalls...
INFO:p13b.p13b_i16_slothy_start.split.292_334:Setting timeout of 30 seconds...
INFO:p13b.p13b_i16_slothy_start.split.292_334:Objective: None (any satisfying solution is fine)
INFO:p13b.p13b_i16_slothy_start.split.292_334:Invoking external constraint solver (OR-Tools CP-SAT v9.15.6755) ...
INFO:p13b.p13b_i16_slothy_start.split.292_334:INFEASIBLE, wall time: 0.001047 s
INFO:p13b.p13b_i16_slothy_start.split.292_334:Attempt optimization with max 16 stalls...
INFO:p13b.p13b_i16_slothy_start.split.292_334:Setting timeout of 30 seconds...
INFO:p13b.p13b_i16_slothy_start.split.292_334:Objective: None (any satisfying solution is fine)
INFO:p13b.p13b_i16_slothy_start.split.292_334:Invoking external constraint solver (OR-Tools CP-SAT v9.15.6755) ...
INFO:p13b.p13b_i16_slothy_start.split.292_334:INFEASIBLE, wall time: 0.003188 s
INFO:p13b.p13b_i16_slothy_start.split.292_334:Attempt optimization with max 32 stalls...
INFO:p13b.p13b_i16_slothy_start.split.292_334:Setting timeout of 30 seconds...
INFO:p13b.p13b_i16_slothy_start.split.292_334:Objective: None (any satisfying solution is fine)
INFO:p13b.p13b_i16_slothy_start.split.292_334:Invoking external constraint solver (OR-Tools CP-SAT v9.15.6755) ...
INFO:p13b.p13b_i16_slothy_start.split.292_334:INFEASIBLE, wall time: 0.007372 s
INFO:p13b.p13b_i16_slothy_start.split.292_334:Attempt optimization with max 64 stalls...
INFO:p13b.p13b_i16_slothy_start.split.292_334:Setting timeout of 30 seconds...
INFO:p13b.p13b_i16_slothy_start.split.292_334:Objective: None (any satisfying solution is fine)
INFO:p13b.p13b_i16_slothy_start.split.292_334:Invoking external constraint solver (OR-Tools CP-SAT v9.15.6755) ...
INFO:p13b.p13b_i16_slothy_start.split.292_334:[0.0328s]: Found 1 solutions so far... objective (no objective): currently 0.0, bound 0.0
INFO:p13b.p13b_i16_slothy_start.split.292_334:OPTIMAL, wall time: 0.036533 s
INFO:p13b.p13b_i16_slothy_start.split.292_334:Booleans in result: 86
INFO:p13b.p13b_i16_slothy_start.split.292_334.selfcheck:OK!
WARNING:p13b:LLVM (llvm-mc, llvm-nm, llvm-readobj) not found, disabling selftest. Consider installing LLVM.
INFO:p13b.p13b_i16_slothy_start.split.292_334:Attempt optimization with max 48 stalls...
INFO:p13b.p13b_i16_slothy_start.split.292_334:Setting timeout of 30 seconds...
INFO:p13b.p13b_i16_slothy_start.split.292_334:Objective: None (any satisfying solution is fine)
INFO:p13b.p13b_i16_slothy_start.split.292_334:Invoking external constraint solver (OR-Tools CP-SAT v9.15.6755) ...
INFO:p13b.p13b_i16_slothy_start.split.292_334:[0.0261s]: Found 1 solutions so far... objective (no objective): currently 0.0, bound 0.0
INFO:p13b.p13b_i16_slothy_start.split.292_334:OPTIMAL, wall time: 0.029395 s
INFO:p13b.p13b_i16_slothy_start.split.292_334:Booleans in result: 24
INFO:p13b.p13b_i16_slothy_start.split.292_334.selfcheck:OK!
WARNING:p13b:LLVM (llvm-mc, llvm-nm, llvm-readobj) not found, disabling selftest. Consider installing LLVM.
INFO:p13b.p13b_i16_slothy_start.split.292_334:Attempt optimization with max 40 stalls...
INFO:p13b.p13b_i16_slothy_start.split.292_334:Setting timeout of 30 seconds...
INFO:p13b.p13b_i16_slothy_start.split.292_334:Objective: None (any satisfying solution is fine)
INFO:p13b.p13b_i16_slothy_start.split.292_334:Invoking external constraint solver (OR-Tools CP-SAT v9.15.6755) ...
INFO:p13b.p13b_i16_slothy_start.split.292_334:[0.0271s]: Found 1 solutions so far... objective (no objective): currently 0.0, bound 0.0
INFO:p13b.p13b_i16_slothy_start.split.292_334:OPTIMAL, wall time: 0.030238 s
INFO:p13b.p13b_i16_slothy_start.split.292_334:Booleans in result: 116
INFO:p13b.p13b_i16_slothy_start.split.292_334.selfcheck:OK!
WARNING:p13b:LLVM (llvm-mc, llvm-nm, llvm-readobj) not found, disabling selftest. Consider installing LLVM.
INFO:p13b.p13b_i16_slothy_start.split.292_334:Attempt optimization with max 36 stalls...
INFO:p13b.p13b_i16_slothy_start.split.292_334:Setting timeout of 30 seconds...
INFO:p13b.p13b_i16_slothy_start.split.292_334:Objective: None (any satisfying solution is fine)
INFO:p13b.p13b_i16_slothy_start.split.292_334:Invoking external constraint solver (OR-Tools CP-SAT v9.15.6755) ...
INFO:p13b.p13b_i16_slothy_start.split.292_334:INFEASIBLE, wall time: 0.013432 s
INFO:p13b.p13b_i16_slothy_start.split.292_334:Attempt optimization with max 38 stalls...
INFO:p13b.p13b_i16_slothy_start.split.292_334:Setting timeout of 30 seconds...
INFO:p13b.p13b_i16_slothy_start.split.292_334:Objective: None (any satisfying solution is fine)
INFO:p13b.p13b_i16_slothy_start.split.292_334:Invoking external constraint solver (OR-Tools CP-SAT v9.15.6755) ...
INFO:p13b.p13b_i16_slothy_start.split.292_334:INFEASIBLE, wall time: 0.014719 s
INFO:p13b.p13b_i16_slothy_start.split.292_334:Attempt optimization with max 39 stalls...
INFO:p13b.p13b_i16_slothy_start.split.292_334:Setting timeout of 30 seconds...
INFO:p13b.p13b_i16_slothy_start.split.292_334:Objective: None (any satisfying solution is fine)
INFO:p13b.p13b_i16_slothy_start.split.292_334:Invoking external constraint solver (OR-Tools CP-SAT v9.15.6755) ...
INFO:p13b.p13b_i16_slothy_start.split.292_334:INFEASIBLE, wall time: 0.029146 s
INFO:p13b.p13b_i16_slothy_start.split.334_375:Perform external binary search for minimal number of stalls...
INFO:p13b.p13b_i16_slothy_start.split.334_375:Attempt optimization with max 0 stalls...
INFO:p13b.p13b_i16_slothy_start.split.334_375:Setting timeout of 30 seconds...
INFO:p13b.p13b_i16_slothy_start.split.334_375:Objective: None (any satisfying solution is fine)
INFO:p13b.p13b_i16_slothy_start.split.334_375:Invoking external constraint solver (OR-Tools CP-SAT v9.15.6755) ...
INFO:p13b.p13b_i16_slothy_start.split.334_375:INFEASIBLE, wall time: 0.001219 s
INFO:p13b.p13b_i16_slothy_start.split.334_375:Attempt optimization with max 1 stalls...
INFO:p13b.p13b_i16_slothy_start.split.334_375:Setting timeout of 30 seconds...
INFO:p13b.p13b_i16_slothy_start.split.334_375:Objective: None (any satisfying solution is fine)
INFO:p13b.p13b_i16_slothy_start.split.334_375:Invoking external constraint solver (OR-Tools CP-SAT v9.15.6755) ...
INFO:p13b.p13b_i16_slothy_start.split.334_375:INFEASIBLE, wall time: 0.000995 s
INFO:p13b.p13b_i16_slothy_start.split.334_375:Attempt optimization with max 2 stalls...
INFO:p13b.p13b_i16_slothy_start.split.334_375:Setting timeout of 30 seconds...
INFO:p13b.p13b_i16_slothy_start.split.334_375:Objective: None (any satisfying solution is fine)
INFO:p13b.p13b_i16_slothy_start.split.334_375:Invoking external constraint solver (OR-Tools CP-SAT v9.15.6755) ...
INFO:p13b.p13b_i16_slothy_start.split.334_375:INFEASIBLE, wall time: 0.001129 s
INFO:p13b.p13b_i16_slothy_start.split.334_375:Attempt optimization with max 4 stalls...
INFO:p13b.p13b_i16_slothy_start.split.334_375:Setting timeout of 30 seconds...
INFO:p13b.p13b_i16_slothy_start.split.334_375:Objective: None (any satisfying solution is fine)
INFO:p13b.p13b_i16_slothy_start.split.334_375:Invoking external constraint solver (OR-Tools CP-SAT v9.15.6755) ...
INFO:p13b.p13b_i16_slothy_start.split.334_375:INFEASIBLE, wall time: 0.001138 s
INFO:p13b.p13b_i16_slothy_start.split.334_375:Attempt optimization with max 8 stalls...
INFO:p13b.p13b_i16_slothy_start.split.334_375:Setting timeout of 30 seconds...
INFO:p13b.p13b_i16_slothy_start.split.334_375:Objective: None (any satisfying solution is fine)
INFO:p13b.p13b_i16_slothy_start.split.334_375:Invoking external constraint solver (OR-Tools CP-SAT v9.15.6755) ...
INFO:p13b.p13b_i16_slothy_start.split.334_375:INFEASIBLE, wall time: 0.001053 s
INFO:p13b.p13b_i16_slothy_start.split.334_375:Attempt optimization with max 16 stalls...
INFO:p13b.p13b_i16_slothy_start.split.334_375:Setting timeout of 30 seconds...
INFO:p13b.p13b_i16_slothy_start.split.334_375:Objective: None (any satisfying solution is fine)
INFO:p13b.p13b_i16_slothy_start.split.334_375:Invoking external constraint solver (OR-Tools CP-SAT v9.15.6755) ...
INFO:p13b.p13b_i16_slothy_start.split.334_375:INFEASIBLE, wall time: 0.002384 s
INFO:p13b.p13b_i16_slothy_start.split.334_375:Attempt optimization with max 32 stalls...
INFO:p13b.p13b_i16_slothy_start.split.334_375:Setting timeout of 30 seconds...
INFO:p13b.p13b_i16_slothy_start.split.334_375:Objective: None (any satisfying solution is fine)
INFO:p13b.p13b_i16_slothy_start.split.334_375:Invoking external constraint solver (OR-Tools CP-SAT v9.15.6755) ...
INFO:p13b.p13b_i16_slothy_start.split.334_375:INFEASIBLE, wall time: 0.004505 s
INFO:p13b.p13b_i16_slothy_start.split.334_375:Attempt optimization with max 64 stalls...
INFO:p13b.p13b_i16_slothy_start.split.334_375:Setting timeout of 30 seconds...
INFO:p13b.p13b_i16_slothy_start.split.334_375:Objective: None (any satisfying solution is fine)
INFO:p13b.p13b_i16_slothy_start.split.334_375:Invoking external constraint solver (OR-Tools CP-SAT v9.15.6755) ...
INFO:p13b.p13b_i16_slothy_start.split.334_375:[0.0319s]: Found 1 solutions so far... objective (no objective): currently 0.0, bound 0.0
INFO:p13b.p13b_i16_slothy_start.split.334_375:[0.0325s]: Found 2 solutions so far... objective (no objective): currently 0.0, bound 0.0
INFO:p13b.p13b_i16_slothy_start.split.334_375:[0.0327s]: Found 3 solutions so far... objective (no objective): currently 0.0, bound 0.0
INFO:p13b.p13b_i16_slothy_start.split.334_375:OPTIMAL, wall time: 0.035178 s
INFO:p13b.p13b_i16_slothy_start.split.334_375:Booleans in result: 93
INFO:p13b.p13b_i16_slothy_start.split.334_375.selfcheck:OK!
WARNING:p13b:LLVM (llvm-mc, llvm-nm, llvm-readobj) not found, disabling selftest. Consider installing LLVM.
INFO:p13b.p13b_i16_slothy_start.split.334_375:Attempt optimization with max 48 stalls...
INFO:p13b.p13b_i16_slothy_start.split.334_375:Setting timeout of 30 seconds...
INFO:p13b.p13b_i16_slothy_start.split.334_375:Objective: None (any satisfying solution is fine)
INFO:p13b.p13b_i16_slothy_start.split.334_375:Invoking external constraint solver (OR-Tools CP-SAT v9.15.6755) ...
INFO:p13b.p13b_i16_slothy_start.split.334_375:INFEASIBLE, wall time: 0.027662 s
INFO:p13b.p13b_i16_slothy_start.split.334_375:Attempt optimization with max 56 stalls...
INFO:p13b.p13b_i16_slothy_start.split.334_375:Setting timeout of 30 seconds...
INFO:p13b.p13b_i16_slothy_start.split.334_375:Objective: None (any satisfying solution is fine)
INFO:p13b.p13b_i16_slothy_start.split.334_375:Invoking external constraint solver (OR-Tools CP-SAT v9.15.6755) ...
INFO:p13b.p13b_i16_slothy_start.split.334_375:[0.0271s]: Found 1 solutions so far... objective (no objective): currently 0.0, bound 0.0
INFO:p13b.p13b_i16_slothy_start.split.334_375:OPTIMAL, wall time: 0.031318 s
INFO:p13b.p13b_i16_slothy_start.split.334_375:Booleans in result: 20
INFO:p13b.p13b_i16_slothy_start.split.334_375.selfcheck:OK!
WARNING:p13b:LLVM (llvm-mc, llvm-nm, llvm-readobj) not found, disabling selftest. Consider installing LLVM.
INFO:p13b.p13b_i16_slothy_start.split.334_375:Attempt optimization with max 52 stalls...
INFO:p13b.p13b_i16_slothy_start.split.334_375:Setting timeout of 30 seconds...
INFO:p13b.p13b_i16_slothy_start.split.334_375:Objective: None (any satisfying solution is fine)
INFO:p13b.p13b_i16_slothy_start.split.334_375:Invoking external constraint solver (OR-Tools CP-SAT v9.15.6755) ...
INFO:p13b.p13b_i16_slothy_start.split.334_375:[0.0248s]: Found 1 solutions so far... objective (no objective): currently 0.0, bound 0.0
INFO:p13b.p13b_i16_slothy_start.split.334_375:[0.0259s]: Found 2 solutions so far... objective (no objective): currently 0.0, bound 0.0
INFO:p13b.p13b_i16_slothy_start.split.334_375:[0.0260s]: Found 3 solutions so far... objective (no objective): currently 0.0, bound 0.0
INFO:p13b.p13b_i16_slothy_start.split.334_375:OPTIMAL, wall time: 0.029356 s
INFO:p13b.p13b_i16_slothy_start.split.334_375:Booleans in result: 96
INFO:p13b.p13b_i16_slothy_start.split.334_375.selfcheck:OK!
WARNING:p13b:LLVM (llvm-mc, llvm-nm, llvm-readobj) not found, disabling selftest. Consider installing LLVM.
INFO:p13b.p13b_i16_slothy_start.split.334_375:Attempt optimization with max 50 stalls...
INFO:p13b.p13b_i16_slothy_start.split.334_375:Setting timeout of 30 seconds...
INFO:p13b.p13b_i16_slothy_start.split.334_375:Objective: None (any satisfying solution is fine)
INFO:p13b.p13b_i16_slothy_start.split.334_375:Invoking external constraint solver (OR-Tools CP-SAT v9.15.6755) ...
INFO:p13b.p13b_i16_slothy_start.split.334_375:INFEASIBLE, wall time: 0.028944 s
INFO:p13b.p13b_i16_slothy_start.split.334_375:Attempt optimization with max 51 stalls...
INFO:p13b.p13b_i16_slothy_start.split.334_375:Setting timeout of 30 seconds...
INFO:p13b.p13b_i16_slothy_start.split.334_375:Objective: None (any satisfying solution is fine)
INFO:p13b.p13b_i16_slothy_start.split.334_375:Invoking external constraint solver (OR-Tools CP-SAT v9.15.6755) ...
INFO:p13b.p13b_i16_slothy_start.split.334_375:[0.0243s]: Found 1 solutions so far... objective (no objective): currently 0.0, bound 0.0
INFO:p13b.p13b_i16_slothy_start.split.334_375:[0.0259s]: Found 2 solutions so far... objective (no objective): currently 0.0, bound 0.0
INFO:p13b.p13b_i16_slothy_start.split.334_375:OPTIMAL, wall time: 0.028685 s
INFO:p13b.p13b_i16_slothy_start.split.334_375:Booleans in result: 20
INFO:p13b.p13b_i16_slothy_start.split.334_375.selfcheck:OK!
WARNING:p13b:LLVM (llvm-mc, llvm-nm, llvm-readobj) not found, disabling selftest. Consider installing LLVM.
INFO:p13b.p13b_i16_slothy_start.split.375_417:Perform external binary search for minimal number of stalls...
INFO:p13b.p13b_i16_slothy_start.split.375_417:Attempt optimization with max 0 stalls...
INFO:p13b.p13b_i16_slothy_start.split.375_417:Setting timeout of 30 seconds...
INFO:p13b.p13b_i16_slothy_start.split.375_417:Objective: None (any satisfying solution is fine)
INFO:p13b.p13b_i16_slothy_start.split.375_417:Invoking external constraint solver (OR-Tools CP-SAT v9.15.6755) ...
INFO:p13b.p13b_i16_slothy_start.split.375_417:INFEASIBLE, wall time: 0.001026 s
INFO:p13b.p13b_i16_slothy_start.split.375_417:Attempt optimization with max 1 stalls...
INFO:p13b.p13b_i16_slothy_start.split.375_417:Setting timeout of 30 seconds...
INFO:p13b.p13b_i16_slothy_start.split.375_417:Objective: None (any satisfying solution is fine)
INFO:p13b.p13b_i16_slothy_start.split.375_417:Invoking external constraint solver (OR-Tools CP-SAT v9.15.6755) ...
INFO:p13b.p13b_i16_slothy_start.split.375_417:INFEASIBLE, wall time: 0.001116 s
INFO:p13b.p13b_i16_slothy_start.split.375_417:Attempt optimization with max 2 stalls...
INFO:p13b.p13b_i16_slothy_start.split.375_417:Setting timeout of 30 seconds...
INFO:p13b.p13b_i16_slothy_start.split.375_417:Objective: None (any satisfying solution is fine)
INFO:p13b.p13b_i16_slothy_start.split.375_417:Invoking external constraint solver (OR-Tools CP-SAT v9.15.6755) ...
INFO:p13b.p13b_i16_slothy_start.split.375_417:INFEASIBLE, wall time: 0.001096 s
INFO:p13b.p13b_i16_slothy_start.split.375_417:Attempt optimization with max 4 stalls...
INFO:p13b.p13b_i16_slothy_start.split.375_417:Setting timeout of 30 seconds...
INFO:p13b.p13b_i16_slothy_start.split.375_417:Objective: None (any satisfying solution is fine)
INFO:p13b.p13b_i16_slothy_start.split.375_417:Invoking external constraint solver (OR-Tools CP-SAT v9.15.6755) ...
INFO:p13b.p13b_i16_slothy_start.split.375_417:INFEASIBLE, wall time: 0.001014 s
INFO:p13b.p13b_i16_slothy_start.split.375_417:Attempt optimization with max 8 stalls...
INFO:p13b.p13b_i16_slothy_start.split.375_417:Setting timeout of 30 seconds...
INFO:p13b.p13b_i16_slothy_start.split.375_417:Objective: None (any satisfying solution is fine)
INFO:p13b.p13b_i16_slothy_start.split.375_417:Invoking external constraint solver (OR-Tools CP-SAT v9.15.6755) ...
INFO:p13b.p13b_i16_slothy_start.split.375_417:INFEASIBLE, wall time: 0.001195 s
INFO:p13b.p13b_i16_slothy_start.split.375_417:Attempt optimization with max 16 stalls...
INFO:p13b.p13b_i16_slothy_start.split.375_417:Setting timeout of 30 seconds...
INFO:p13b.p13b_i16_slothy_start.split.375_417:Objective: None (any satisfying solution is fine)
INFO:p13b.p13b_i16_slothy_start.split.375_417:Invoking external constraint solver (OR-Tools CP-SAT v9.15.6755) ...
INFO:p13b.p13b_i16_slothy_start.split.375_417:INFEASIBLE, wall time: 0.002612 s
INFO:p13b.p13b_i16_slothy_start.split.375_417:Attempt optimization with max 32 stalls...
INFO:p13b.p13b_i16_slothy_start.split.375_417:Setting timeout of 30 seconds...
INFO:p13b.p13b_i16_slothy_start.split.375_417:Objective: None (any satisfying solution is fine)
INFO:p13b.p13b_i16_slothy_start.split.375_417:Invoking external constraint solver (OR-Tools CP-SAT v9.15.6755) ...
INFO:p13b.p13b_i16_slothy_start.split.375_417:INFEASIBLE, wall time: 0.006317 s
INFO:p13b.p13b_i16_slothy_start.split.375_417:Attempt optimization with max 64 stalls...
INFO:p13b.p13b_i16_slothy_start.split.375_417:Setting timeout of 30 seconds...
INFO:p13b.p13b_i16_slothy_start.split.375_417:Objective: None (any satisfying solution is fine)
INFO:p13b.p13b_i16_slothy_start.split.375_417:Invoking external constraint solver (OR-Tools CP-SAT v9.15.6755) ...
INFO:p13b.p13b_i16_slothy_start.split.375_417:[0.0331s]: Found 1 solutions so far... objective (no objective): currently 0.0, bound 0.0
INFO:p13b.p13b_i16_slothy_start.split.375_417:OPTIMAL, wall time: 0.037564 s
INFO:p13b.p13b_i16_slothy_start.split.375_417:Booleans in result: 85
INFO:p13b.p13b_i16_slothy_start.split.375_417.selfcheck:OK!
WARNING:p13b:LLVM (llvm-mc, llvm-nm, llvm-readobj) not found, disabling selftest. Consider installing LLVM.
INFO:p13b.p13b_i16_slothy_start.split.375_417:Attempt optimization with max 48 stalls...
INFO:p13b.p13b_i16_slothy_start.split.375_417:Setting timeout of 30 seconds...
INFO:p13b.p13b_i16_slothy_start.split.375_417:Objective: None (any satisfying solution is fine)
INFO:p13b.p13b_i16_slothy_start.split.375_417:Invoking external constraint solver (OR-Tools CP-SAT v9.15.6755) ...
INFO:p13b.p13b_i16_slothy_start.split.375_417:[0.0266s]: Found 1 solutions so far... objective (no objective): currently 0.0, bound 0.0
INFO:p13b.p13b_i16_slothy_start.split.375_417:[0.0268s]: Found 2 solutions so far... objective (no objective): currently 0.0, bound 0.0
INFO:p13b.p13b_i16_slothy_start.split.375_417:OPTIMAL, wall time: 0.031317 s
INFO:p13b.p13b_i16_slothy_start.split.375_417:Booleans in result: 85
INFO:p13b.p13b_i16_slothy_start.split.375_417.selfcheck:OK!
WARNING:p13b:LLVM (llvm-mc, llvm-nm, llvm-readobj) not found, disabling selftest. Consider installing LLVM.
INFO:p13b.p13b_i16_slothy_start.split.375_417:Attempt optimization with max 40 stalls...
INFO:p13b.p13b_i16_slothy_start.split.375_417:Setting timeout of 30 seconds...
INFO:p13b.p13b_i16_slothy_start.split.375_417:Objective: None (any satisfying solution is fine)
INFO:p13b.p13b_i16_slothy_start.split.375_417:Invoking external constraint solver (OR-Tools CP-SAT v9.15.6755) ...
INFO:p13b.p13b_i16_slothy_start.split.375_417:INFEASIBLE, wall time: 0.014711 s
INFO:p13b.p13b_i16_slothy_start.split.375_417:Attempt optimization with max 44 stalls...
INFO:p13b.p13b_i16_slothy_start.split.375_417:Setting timeout of 30 seconds...
INFO:p13b.p13b_i16_slothy_start.split.375_417:Objective: None (any satisfying solution is fine)
INFO:p13b.p13b_i16_slothy_start.split.375_417:Invoking external constraint solver (OR-Tools CP-SAT v9.15.6755) ...
INFO:p13b.p13b_i16_slothy_start.split.375_417:[0.0243s]: Found 1 solutions so far... objective (no objective): currently 0.0, bound 0.0
INFO:p13b.p13b_i16_slothy_start.split.375_417:OPTIMAL, wall time: 0.028629 s
INFO:p13b.p13b_i16_slothy_start.split.375_417:Booleans in result: 85
INFO:p13b.p13b_i16_slothy_start.split.375_417.selfcheck:OK!
WARNING:p13b:LLVM (llvm-mc, llvm-nm, llvm-readobj) not found, disabling selftest. Consider installing LLVM.
INFO:p13b.p13b_i16_slothy_start.split.375_417:Attempt optimization with max 42 stalls...
INFO:p13b.p13b_i16_slothy_start.split.375_417:Setting timeout of 30 seconds...
INFO:p13b.p13b_i16_slothy_start.split.375_417:Objective: None (any satisfying solution is fine)
INFO:p13b.p13b_i16_slothy_start.split.375_417:Invoking external constraint solver (OR-Tools CP-SAT v9.15.6755) ...
INFO:p13b.p13b_i16_slothy_start.split.375_417:INFEASIBLE, wall time: 0.016177 s
INFO:p13b.p13b_i16_slothy_start.split.375_417:Attempt optimization with max 43 stalls...
INFO:p13b.p13b_i16_slothy_start.split.375_417:Setting timeout of 30 seconds...
INFO:p13b.p13b_i16_slothy_start.split.375_417:Objective: None (any satisfying solution is fine)
INFO:p13b.p13b_i16_slothy_start.split.375_417:Invoking external constraint solver (OR-Tools CP-SAT v9.15.6755) ...
INFO:p13b.p13b_i16_slothy_start.split.375_417:[0.0229s]: Found 1 solutions so far... objective (no objective): currently 0.0, bound 0.0
INFO:p13b.p13b_i16_slothy_start.split.375_417:OPTIMAL, wall time: 0.026524 s
INFO:p13b.p13b_i16_slothy_start.split.375_417:Booleans in result: 22
INFO:p13b.p13b_i16_slothy_start.split.375_417.selfcheck:OK!
WARNING:p13b:LLVM (llvm-mc, llvm-nm, llvm-readobj) not found, disabling selftest. Consider installing LLVM.
INFO:p13b.p13b_i16_slothy_start.split.417_459:Perform external binary search for minimal number of stalls...
INFO:p13b.p13b_i16_slothy_start.split.417_459:Attempt optimization with max 0 stalls...
INFO:p13b.p13b_i16_slothy_start.split.417_459:Setting timeout of 30 seconds...
INFO:p13b.p13b_i16_slothy_start.split.417_459:Objective: None (any satisfying solution is fine)
INFO:p13b.p13b_i16_slothy_start.split.417_459:Invoking external constraint solver (OR-Tools CP-SAT v9.15.6755) ...
INFO:p13b.p13b_i16_slothy_start.split.417_459:INFEASIBLE, wall time: 0.001017 s
INFO:p13b.p13b_i16_slothy_start.split.417_459:Attempt optimization with max 1 stalls...
INFO:p13b.p13b_i16_slothy_start.split.417_459:Setting timeout of 30 seconds...
INFO:p13b.p13b_i16_slothy_start.split.417_459:Objective: None (any satisfying solution is fine)
INFO:p13b.p13b_i16_slothy_start.split.417_459:Invoking external constraint solver (OR-Tools CP-SAT v9.15.6755) ...
INFO:p13b.p13b_i16_slothy_start.split.417_459:INFEASIBLE, wall time: 0.001184 s
INFO:p13b.p13b_i16_slothy_start.split.417_459:Attempt optimization with max 2 stalls...
INFO:p13b.p13b_i16_slothy_start.split.417_459:Setting timeout of 30 seconds...
INFO:p13b.p13b_i16_slothy_start.split.417_459:Objective: None (any satisfying solution is fine)
INFO:p13b.p13b_i16_slothy_start.split.417_459:Invoking external constraint solver (OR-Tools CP-SAT v9.15.6755) ...
INFO:p13b.p13b_i16_slothy_start.split.417_459:INFEASIBLE, wall time: 0.001036 s
INFO:p13b.p13b_i16_slothy_start.split.417_459:Attempt optimization with max 4 stalls...
INFO:p13b.p13b_i16_slothy_start.split.417_459:Setting timeout of 30 seconds...
INFO:p13b.p13b_i16_slothy_start.split.417_459:Objective: None (any satisfying solution is fine)
INFO:p13b.p13b_i16_slothy_start.split.417_459:Invoking external constraint solver (OR-Tools CP-SAT v9.15.6755) ...
INFO:p13b.p13b_i16_slothy_start.split.417_459:INFEASIBLE, wall time: 0.000942 s
INFO:p13b.p13b_i16_slothy_start.split.417_459:Attempt optimization with max 8 stalls...
INFO:p13b.p13b_i16_slothy_start.split.417_459:Setting timeout of 30 seconds...
INFO:p13b.p13b_i16_slothy_start.split.417_459:Objective: None (any satisfying solution is fine)
INFO:p13b.p13b_i16_slothy_start.split.417_459:Invoking external constraint solver (OR-Tools CP-SAT v9.15.6755) ...
INFO:p13b.p13b_i16_slothy_start.split.417_459:INFEASIBLE, wall time: 0.001121 s
INFO:p13b.p13b_i16_slothy_start.split.417_459:Attempt optimization with max 16 stalls...
INFO:p13b.p13b_i16_slothy_start.split.417_459:Setting timeout of 30 seconds...
INFO:p13b.p13b_i16_slothy_start.split.417_459:Objective: None (any satisfying solution is fine)
INFO:p13b.p13b_i16_slothy_start.split.417_459:Invoking external constraint solver (OR-Tools CP-SAT v9.15.6755) ...
INFO:p13b.p13b_i16_slothy_start.split.417_459:INFEASIBLE, wall time: 0.001057 s
INFO:p13b.p13b_i16_slothy_start.split.417_459:Attempt optimization with max 32 stalls...
INFO:p13b.p13b_i16_slothy_start.split.417_459:Setting timeout of 30 seconds...
INFO:p13b.p13b_i16_slothy_start.split.417_459:Objective: None (any satisfying solution is fine)
INFO:p13b.p13b_i16_slothy_start.split.417_459:Invoking external constraint solver (OR-Tools CP-SAT v9.15.6755) ...
INFO:p13b.p13b_i16_slothy_start.split.417_459:INFEASIBLE, wall time: 0.003588 s
INFO:p13b.p13b_i16_slothy_start.split.417_459:Attempt optimization with max 64 stalls...
INFO:p13b.p13b_i16_slothy_start.split.417_459:Setting timeout of 30 seconds...
INFO:p13b.p13b_i16_slothy_start.split.417_459:Objective: None (any satisfying solution is fine)
INFO:p13b.p13b_i16_slothy_start.split.417_459:Invoking external constraint solver (OR-Tools CP-SAT v9.15.6755) ...
INFO:p13b.p13b_i16_slothy_start.split.417_459:[0.0286s]: Found 1 solutions so far... objective (no objective): currently 0.0, bound 0.0
INFO:p13b.p13b_i16_slothy_start.split.417_459:OPTIMAL, wall time: 0.031894 s
INFO:p13b.p13b_i16_slothy_start.split.417_459:Booleans in result: 83
INFO:p13b.p13b_i16_slothy_start.split.417_459.selfcheck:OK!
WARNING:p13b:LLVM (llvm-mc, llvm-nm, llvm-readobj) not found, disabling selftest. Consider installing LLVM.
INFO:p13b.p13b_i16_slothy_start.split.417_459:Attempt optimization with max 48 stalls...
INFO:p13b.p13b_i16_slothy_start.split.417_459:Setting timeout of 30 seconds...
INFO:p13b.p13b_i16_slothy_start.split.417_459:Objective: None (any satisfying solution is fine)
INFO:p13b.p13b_i16_slothy_start.split.417_459:Invoking external constraint solver (OR-Tools CP-SAT v9.15.6755) ...
INFO:p13b.p13b_i16_slothy_start.split.417_459:INFEASIBLE, wall time: 0.013370 s
INFO:p13b.p13b_i16_slothy_start.split.417_459:Attempt optimization with max 56 stalls...
INFO:p13b.p13b_i16_slothy_start.split.417_459:Setting timeout of 30 seconds...
INFO:p13b.p13b_i16_slothy_start.split.417_459:Objective: None (any satisfying solution is fine)
INFO:p13b.p13b_i16_slothy_start.split.417_459:Invoking external constraint solver (OR-Tools CP-SAT v9.15.6755) ...
INFO:p13b.p13b_i16_slothy_start.split.417_459:[0.0243s]: Found 1 solutions so far... objective (no objective): currently 0.0, bound 0.0
INFO:p13b.p13b_i16_slothy_start.split.417_459:OPTIMAL, wall time: 0.027580 s
INFO:p13b.p13b_i16_slothy_start.split.417_459:Booleans in result: 83
INFO:p13b.p13b_i16_slothy_start.split.417_459.selfcheck:OK!
WARNING:p13b:LLVM (llvm-mc, llvm-nm, llvm-readobj) not found, disabling selftest. Consider installing LLVM.
INFO:p13b.p13b_i16_slothy_start.split.417_459:Attempt optimization with max 52 stalls...
INFO:p13b.p13b_i16_slothy_start.split.417_459:Setting timeout of 30 seconds...
INFO:p13b.p13b_i16_slothy_start.split.417_459:Objective: None (any satisfying solution is fine)
INFO:p13b.p13b_i16_slothy_start.split.417_459:Invoking external constraint solver (OR-Tools CP-SAT v9.15.6755) ...
INFO:p13b.p13b_i16_slothy_start.split.417_459:INFEASIBLE, wall time: 0.029603 s
INFO:p13b.p13b_i16_slothy_start.split.417_459:Attempt optimization with max 54 stalls...
INFO:p13b.p13b_i16_slothy_start.split.417_459:Setting timeout of 30 seconds...
INFO:p13b.p13b_i16_slothy_start.split.417_459:Objective: None (any satisfying solution is fine)
INFO:p13b.p13b_i16_slothy_start.split.417_459:Invoking external constraint solver (OR-Tools CP-SAT v9.15.6755) ...
INFO:p13b.p13b_i16_slothy_start.split.417_459:[0.0237s]: Found 1 solutions so far... objective (no objective): currently 0.0, bound 0.0
INFO:p13b.p13b_i16_slothy_start.split.417_459:OPTIMAL, wall time: 0.027364 s
INFO:p13b.p13b_i16_slothy_start.split.417_459:Booleans in result: 22
INFO:p13b.p13b_i16_slothy_start.split.417_459.selfcheck:OK!
WARNING:p13b:LLVM (llvm-mc, llvm-nm, llvm-readobj) not found, disabling selftest. Consider installing LLVM.
INFO:p13b.p13b_i16_slothy_start.split.417_459:Attempt optimization with max 53 stalls...
INFO:p13b.p13b_i16_slothy_start.split.417_459:Setting timeout of 30 seconds...
INFO:p13b.p13b_i16_slothy_start.split.417_459:Objective: None (any satisfying solution is fine)
INFO:p13b.p13b_i16_slothy_start.split.417_459:Invoking external constraint solver (OR-Tools CP-SAT v9.15.6755) ...
INFO:p13b.p13b_i16_slothy_start.split.417_459:[0.0228s]: Found 1 solutions so far... objective (no objective): currently 0.0, bound 0.0
INFO:p13b.p13b_i16_slothy_start.split.417_459:OPTIMAL, wall time: 0.026104 s
INFO:p13b.p13b_i16_slothy_start.split.417_459:Booleans in result: 83
INFO:p13b.p13b_i16_slothy_start.split.417_459.selfcheck:OK!
WARNING:p13b:LLVM (llvm-mc, llvm-nm, llvm-readobj) not found, disabling selftest. Consider installing LLVM.
INFO:p13b.p13b_i16_slothy_start.split.459_500:Perform external binary search for minimal number of stalls...
INFO:p13b.p13b_i16_slothy_start.split.459_500:Attempt optimization with max 0 stalls...
INFO:p13b.p13b_i16_slothy_start.split.459_500:Setting timeout of 30 seconds...
INFO:p13b.p13b_i16_slothy_start.split.459_500:Objective: None (any satisfying solution is fine)
INFO:p13b.p13b_i16_slothy_start.split.459_500:Invoking external constraint solver (OR-Tools CP-SAT v9.15.6755) ...
INFO:p13b.p13b_i16_slothy_start.split.459_500:INFEASIBLE, wall time: 0.001068 s
INFO:p13b.p13b_i16_slothy_start.split.459_500:Attempt optimization with max 1 stalls...
INFO:p13b.p13b_i16_slothy_start.split.459_500:Setting timeout of 30 seconds...
INFO:p13b.p13b_i16_slothy_start.split.459_500:Objective: None (any satisfying solution is fine)
INFO:p13b.p13b_i16_slothy_start.split.459_500:Invoking external constraint solver (OR-Tools CP-SAT v9.15.6755) ...
INFO:p13b.p13b_i16_slothy_start.split.459_500:INFEASIBLE, wall time: 0.001026 s
INFO:p13b.p13b_i16_slothy_start.split.459_500:Attempt optimization with max 2 stalls...
INFO:p13b.p13b_i16_slothy_start.split.459_500:Setting timeout of 30 seconds...
INFO:p13b.p13b_i16_slothy_start.split.459_500:Objective: None (any satisfying solution is fine)
INFO:p13b.p13b_i16_slothy_start.split.459_500:Invoking external constraint solver (OR-Tools CP-SAT v9.15.6755) ...
INFO:p13b.p13b_i16_slothy_start.split.459_500:INFEASIBLE, wall time: 0.001148 s
INFO:p13b.p13b_i16_slothy_start.split.459_500:Attempt optimization with max 4 stalls...
INFO:p13b.p13b_i16_slothy_start.split.459_500:Setting timeout of 30 seconds...
INFO:p13b.p13b_i16_slothy_start.split.459_500:Objective: None (any satisfying solution is fine)
INFO:p13b.p13b_i16_slothy_start.split.459_500:Invoking external constraint solver (OR-Tools CP-SAT v9.15.6755) ...
INFO:p13b.p13b_i16_slothy_start.split.459_500:INFEASIBLE, wall time: 0.001148 s
INFO:p13b.p13b_i16_slothy_start.split.459_500:Attempt optimization with max 8 stalls...
INFO:p13b.p13b_i16_slothy_start.split.459_500:Setting timeout of 30 seconds...
INFO:p13b.p13b_i16_slothy_start.split.459_500:Objective: None (any satisfying solution is fine)
INFO:p13b.p13b_i16_slothy_start.split.459_500:Invoking external constraint solver (OR-Tools CP-SAT v9.15.6755) ...
INFO:p13b.p13b_i16_slothy_start.split.459_500:INFEASIBLE, wall time: 0.001039 s
INFO:p13b.p13b_i16_slothy_start.split.459_500:Attempt optimization with max 16 stalls...
INFO:p13b.p13b_i16_slothy_start.split.459_500:Setting timeout of 30 seconds...
INFO:p13b.p13b_i16_slothy_start.split.459_500:Objective: None (any satisfying solution is fine)
INFO:p13b.p13b_i16_slothy_start.split.459_500:Invoking external constraint solver (OR-Tools CP-SAT v9.15.6755) ...
INFO:p13b.p13b_i16_slothy_start.split.459_500:INFEASIBLE, wall time: 0.001134 s
INFO:p13b.p13b_i16_slothy_start.split.459_500:Attempt optimization with max 32 stalls...
INFO:p13b.p13b_i16_slothy_start.split.459_500:Setting timeout of 30 seconds...
INFO:p13b.p13b_i16_slothy_start.split.459_500:Objective: None (any satisfying solution is fine)
INFO:p13b.p13b_i16_slothy_start.split.459_500:Invoking external constraint solver (OR-Tools CP-SAT v9.15.6755) ...
INFO:p13b.p13b_i16_slothy_start.split.459_500:INFEASIBLE, wall time: 0.002990 s
INFO:p13b.p13b_i16_slothy_start.split.459_500:Attempt optimization with max 64 stalls...
INFO:p13b.p13b_i16_slothy_start.split.459_500:Setting timeout of 30 seconds...
INFO:p13b.p13b_i16_slothy_start.split.459_500:Objective: None (any satisfying solution is fine)
INFO:p13b.p13b_i16_slothy_start.split.459_500:Invoking external constraint solver (OR-Tools CP-SAT v9.15.6755) ...
INFO:p13b.p13b_i16_slothy_start.split.459_500:[0.0302s]: Found 1 solutions so far... objective (no objective): currently 0.0, bound 0.0
INFO:p13b.p13b_i16_slothy_start.split.459_500:OPTIMAL, wall time: 0.033200 s
INFO:p13b.p13b_i16_slothy_start.split.459_500:Booleans in result: 81
INFO:p13b.p13b_i16_slothy_start.split.459_500.selfcheck:OK!
WARNING:p13b:LLVM (llvm-mc, llvm-nm, llvm-readobj) not found, disabling selftest. Consider installing LLVM.
INFO:p13b.p13b_i16_slothy_start.split.459_500:Attempt optimization with max 48 stalls...
INFO:p13b.p13b_i16_slothy_start.split.459_500:Setting timeout of 30 seconds...
INFO:p13b.p13b_i16_slothy_start.split.459_500:Objective: None (any satisfying solution is fine)
INFO:p13b.p13b_i16_slothy_start.split.459_500:Invoking external constraint solver (OR-Tools CP-SAT v9.15.6755) ...
INFO:p13b.p13b_i16_slothy_start.split.459_500:INFEASIBLE, wall time: 0.015235 s
INFO:p13b.p13b_i16_slothy_start.split.459_500:Attempt optimization with max 56 stalls...
INFO:p13b.p13b_i16_slothy_start.split.459_500:Setting timeout of 30 seconds...
INFO:p13b.p13b_i16_slothy_start.split.459_500:Objective: None (any satisfying solution is fine)
INFO:p13b.p13b_i16_slothy_start.split.459_500:Invoking external constraint solver (OR-Tools CP-SAT v9.15.6755) ...
INFO:p13b.p13b_i16_slothy_start.split.459_500:[0.0252s]: Found 1 solutions so far... objective (no objective): currently 0.0, bound 0.0
INFO:p13b.p13b_i16_slothy_start.split.459_500:OPTIMAL, wall time: 0.028594 s
INFO:p13b.p13b_i16_slothy_start.split.459_500:Booleans in result: 81
INFO:p13b.p13b_i16_slothy_start.split.459_500.selfcheck:OK!
WARNING:p13b:LLVM (llvm-mc, llvm-nm, llvm-readobj) not found, disabling selftest. Consider installing LLVM.
INFO:p13b.p13b_i16_slothy_start.split.459_500:Attempt optimization with max 52 stalls...
INFO:p13b.p13b_i16_slothy_start.split.459_500:Setting timeout of 30 seconds...
INFO:p13b.p13b_i16_slothy_start.split.459_500:Objective: None (any satisfying solution is fine)
INFO:p13b.p13b_i16_slothy_start.split.459_500:Invoking external constraint solver (OR-Tools CP-SAT v9.15.6755) ...
INFO:p13b.p13b_i16_slothy_start.split.459_500:INFEASIBLE, wall time: 0.028685 s
INFO:p13b.p13b_i16_slothy_start.split.459_500:Attempt optimization with max 54 stalls...
INFO:p13b.p13b_i16_slothy_start.split.459_500:Setting timeout of 30 seconds...
INFO:p13b.p13b_i16_slothy_start.split.459_500:Objective: None (any satisfying solution is fine)
INFO:p13b.p13b_i16_slothy_start.split.459_500:Invoking external constraint solver (OR-Tools CP-SAT v9.15.6755) ...
INFO:p13b.p13b_i16_slothy_start.split.459_500:INFEASIBLE, wall time: 0.026843 s
INFO:p13b.p13b_i16_slothy_start.split.459_500:Attempt optimization with max 55 stalls...
INFO:p13b.p13b_i16_slothy_start.split.459_500:Setting timeout of 30 seconds...
INFO:p13b.p13b_i16_slothy_start.split.459_500:Objective: None (any satisfying solution is fine)
INFO:p13b.p13b_i16_slothy_start.split.459_500:Invoking external constraint solver (OR-Tools CP-SAT v9.15.6755) ...
INFO:p13b.p13b_i16_slothy_start.split.459_500:INFEASIBLE, wall time: 0.031333 s
INFO:p13b.p13b_i16_slothy_start.split.500_542:Perform external binary search for minimal number of stalls...
INFO:p13b.p13b_i16_slothy_start.split.500_542:Attempt optimization with max 0 stalls...
INFO:p13b.p13b_i16_slothy_start.split.500_542:Setting timeout of 30 seconds...
INFO:p13b.p13b_i16_slothy_start.split.500_542:Objective: None (any satisfying solution is fine)
INFO:p13b.p13b_i16_slothy_start.split.500_542:Invoking external constraint solver (OR-Tools CP-SAT v9.15.6755) ...
INFO:p13b.p13b_i16_slothy_start.split.500_542:INFEASIBLE, wall time: 0.001005 s
INFO:p13b.p13b_i16_slothy_start.split.500_542:Attempt optimization with max 1 stalls...
INFO:p13b.p13b_i16_slothy_start.split.500_542:Setting timeout of 30 seconds...
INFO:p13b.p13b_i16_slothy_start.split.500_542:Objective: None (any satisfying solution is fine)
INFO:p13b.p13b_i16_slothy_start.split.500_542:Invoking external constraint solver (OR-Tools CP-SAT v9.15.6755) ...
INFO:p13b.p13b_i16_slothy_start.split.500_542:INFEASIBLE, wall time: 0.000938 s
INFO:p13b.p13b_i16_slothy_start.split.500_542:Attempt optimization with max 2 stalls...
INFO:p13b.p13b_i16_slothy_start.split.500_542:Setting timeout of 30 seconds...
INFO:p13b.p13b_i16_slothy_start.split.500_542:Objective: None (any satisfying solution is fine)
INFO:p13b.p13b_i16_slothy_start.split.500_542:Invoking external constraint solver (OR-Tools CP-SAT v9.15.6755) ...
INFO:p13b.p13b_i16_slothy_start.split.500_542:INFEASIBLE, wall time: 0.000973 s
INFO:p13b.p13b_i16_slothy_start.split.500_542:Attempt optimization with max 4 stalls...
INFO:p13b.p13b_i16_slothy_start.split.500_542:Setting timeout of 30 seconds...
INFO:p13b.p13b_i16_slothy_start.split.500_542:Objective: None (any satisfying solution is fine)
INFO:p13b.p13b_i16_slothy_start.split.500_542:Invoking external constraint solver (OR-Tools CP-SAT v9.15.6755) ...
INFO:p13b.p13b_i16_slothy_start.split.500_542:INFEASIBLE, wall time: 0.001108 s
INFO:p13b.p13b_i16_slothy_start.split.500_542:Attempt optimization with max 8 stalls...
INFO:p13b.p13b_i16_slothy_start.split.500_542:Setting timeout of 30 seconds...
INFO:p13b.p13b_i16_slothy_start.split.500_542:Objective: None (any satisfying solution is fine)
INFO:p13b.p13b_i16_slothy_start.split.500_542:Invoking external constraint solver (OR-Tools CP-SAT v9.15.6755) ...
INFO:p13b.p13b_i16_slothy_start.split.500_542:INFEASIBLE, wall time: 0.000948 s
INFO:p13b.p13b_i16_slothy_start.split.500_542:Attempt optimization with max 16 stalls...
INFO:p13b.p13b_i16_slothy_start.split.500_542:Setting timeout of 30 seconds...
INFO:p13b.p13b_i16_slothy_start.split.500_542:Objective: None (any satisfying solution is fine)
INFO:p13b.p13b_i16_slothy_start.split.500_542:Invoking external constraint solver (OR-Tools CP-SAT v9.15.6755) ...
INFO:p13b.p13b_i16_slothy_start.split.500_542:INFEASIBLE, wall time: 0.003019 s
INFO:p13b.p13b_i16_slothy_start.split.500_542:Attempt optimization with max 32 stalls...
INFO:p13b.p13b_i16_slothy_start.split.500_542:Setting timeout of 30 seconds...
INFO:p13b.p13b_i16_slothy_start.split.500_542:Objective: None (any satisfying solution is fine)
INFO:p13b.p13b_i16_slothy_start.split.500_542:Invoking external constraint solver (OR-Tools CP-SAT v9.15.6755) ...
INFO:p13b.p13b_i16_slothy_start.split.500_542:INFEASIBLE, wall time: 0.007338 s
INFO:p13b.p13b_i16_slothy_start.split.500_542:Attempt optimization with max 64 stalls...
INFO:p13b.p13b_i16_slothy_start.split.500_542:Setting timeout of 30 seconds...
INFO:p13b.p13b_i16_slothy_start.split.500_542:Objective: None (any satisfying solution is fine)
INFO:p13b.p13b_i16_slothy_start.split.500_542:Invoking external constraint solver (OR-Tools CP-SAT v9.15.6755) ...
INFO:p13b.p13b_i16_slothy_start.split.500_542:[0.0324s]: Found 1 solutions so far... objective (no objective): currently 0.0, bound 0.0
INFO:p13b.p13b_i16_slothy_start.split.500_542:OPTIMAL, wall time: 0.037045 s
INFO:p13b.p13b_i16_slothy_start.split.500_542:Booleans in result: 85
INFO:p13b.p13b_i16_slothy_start.split.500_542.selfcheck:OK!
WARNING:p13b:LLVM (llvm-mc, llvm-nm, llvm-readobj) not found, disabling selftest. Consider installing LLVM.
INFO:p13b.p13b_i16_slothy_start.split.500_542:Attempt optimization with max 48 stalls...
INFO:p13b.p13b_i16_slothy_start.split.500_542:Setting timeout of 30 seconds...
INFO:p13b.p13b_i16_slothy_start.split.500_542:Objective: None (any satisfying solution is fine)
INFO:p13b.p13b_i16_slothy_start.split.500_542:Invoking external constraint solver (OR-Tools CP-SAT v9.15.6755) ...
INFO:p13b.p13b_i16_slothy_start.split.500_542:[0.0283s]: Found 1 solutions so far... objective (no objective): currently 0.0, bound 0.0
INFO:p13b.p13b_i16_slothy_start.split.500_542:[0.0286s]: Found 2 solutions so far... objective (no objective): currently 0.0, bound 0.0
INFO:p13b.p13b_i16_slothy_start.split.500_542:OPTIMAL, wall time: 0.032374 s
INFO:p13b.p13b_i16_slothy_start.split.500_542:Booleans in result: 22
INFO:p13b.p13b_i16_slothy_start.split.500_542.selfcheck:OK!
WARNING:p13b:LLVM (llvm-mc, llvm-nm, llvm-readobj) not found, disabling selftest. Consider installing LLVM.
INFO:p13b.p13b_i16_slothy_start.split.500_542:Attempt optimization with max 40 stalls...
INFO:p13b.p13b_i16_slothy_start.split.500_542:Setting timeout of 30 seconds...
INFO:p13b.p13b_i16_slothy_start.split.500_542:Objective: None (any satisfying solution is fine)
INFO:p13b.p13b_i16_slothy_start.split.500_542:Invoking external constraint solver (OR-Tools CP-SAT v9.15.6755) ...
INFO:p13b.p13b_i16_slothy_start.split.500_542:INFEASIBLE, wall time: 0.015523 s
INFO:p13b.p13b_i16_slothy_start.split.500_542:Attempt optimization with max 44 stalls...
INFO:p13b.p13b_i16_slothy_start.split.500_542:Setting timeout of 30 seconds...
INFO:p13b.p13b_i16_slothy_start.split.500_542:Objective: None (any satisfying solution is fine)
INFO:p13b.p13b_i16_slothy_start.split.500_542:Invoking external constraint solver (OR-Tools CP-SAT v9.15.6755) ...
INFO:p13b.p13b_i16_slothy_start.split.500_542:[0.0255s]: Found 1 solutions so far... objective (no objective): currently 0.0, bound 0.0
INFO:p13b.p13b_i16_slothy_start.split.500_542:[0.0257s]: Found 2 solutions so far... objective (no objective): currently 0.0, bound 0.0
INFO:p13b.p13b_i16_slothy_start.split.500_542:OPTIMAL, wall time: 0.028854 s
INFO:p13b.p13b_i16_slothy_start.split.500_542:Booleans in result: 22
INFO:p13b.p13b_i16_slothy_start.split.500_542.selfcheck:OK!
WARNING:p13b:LLVM (llvm-mc, llvm-nm, llvm-readobj) not found, disabling selftest. Consider installing LLVM.
INFO:p13b.p13b_i16_slothy_start.split.500_542:Attempt optimization with max 42 stalls...
INFO:p13b.p13b_i16_slothy_start.split.500_542:Setting timeout of 30 seconds...
INFO:p13b.p13b_i16_slothy_start.split.500_542:Objective: None (any satisfying solution is fine)
INFO:p13b.p13b_i16_slothy_start.split.500_542:Invoking external constraint solver (OR-Tools CP-SAT v9.15.6755) ...
INFO:p13b.p13b_i16_slothy_start.split.500_542:[0.0234s]: Found 1 solutions so far... objective (no objective): currently 0.0, bound 0.0
INFO:p13b.p13b_i16_slothy_start.split.500_542:OPTIMAL, wall time: 0.026147 s
INFO:p13b.p13b_i16_slothy_start.split.500_542:Booleans in result: 85
INFO:p13b.p13b_i16_slothy_start.split.500_542.selfcheck:OK!
WARNING:p13b:LLVM (llvm-mc, llvm-nm, llvm-readobj) not found, disabling selftest. Consider installing LLVM.
INFO:p13b.p13b_i16_slothy_start.split.500_542:Attempt optimization with max 41 stalls...
INFO:p13b.p13b_i16_slothy_start.split.500_542:Setting timeout of 30 seconds...
INFO:p13b.p13b_i16_slothy_start.split.500_542:Objective: None (any satisfying solution is fine)
INFO:p13b.p13b_i16_slothy_start.split.500_542:Invoking external constraint solver (OR-Tools CP-SAT v9.15.6755) ...
INFO:p13b.p13b_i16_slothy_start.split.500_542:[0.0231s]: Found 1 solutions so far... objective (no objective): currently 0.0, bound 0.0
INFO:p13b.p13b_i16_slothy_start.split.500_542:[0.0234s]: Found 2 solutions so far... objective (no objective): currently 0.0, bound 0.0
INFO:p13b.p13b_i16_slothy_start.split.500_542:OPTIMAL, wall time: 0.026703 s
INFO:p13b.p13b_i16_slothy_start.split.500_542:Booleans in result: 22
INFO:p13b.p13b_i16_slothy_start.split.500_542.selfcheck:OK!
WARNING:p13b:LLVM (llvm-mc, llvm-nm, llvm-readobj) not found, disabling selftest. Consider installing LLVM.
INFO:p13b.p13b_i16_slothy_start.split.542_584:Perform external binary search for minimal number of stalls...
INFO:p13b.p13b_i16_slothy_start.split.542_584:Attempt optimization with max 0 stalls...
INFO:p13b.p13b_i16_slothy_start.split.542_584:Setting timeout of 30 seconds...
INFO:p13b.p13b_i16_slothy_start.split.542_584:Objective: None (any satisfying solution is fine)
INFO:p13b.p13b_i16_slothy_start.split.542_584:Invoking external constraint solver (OR-Tools CP-SAT v9.15.6755) ...
INFO:p13b.p13b_i16_slothy_start.split.542_584:INFEASIBLE, wall time: 0.000964 s
INFO:p13b.p13b_i16_slothy_start.split.542_584:Attempt optimization with max 1 stalls...
INFO:p13b.p13b_i16_slothy_start.split.542_584:Setting timeout of 30 seconds...
INFO:p13b.p13b_i16_slothy_start.split.542_584:Objective: None (any satisfying solution is fine)
INFO:p13b.p13b_i16_slothy_start.split.542_584:Invoking external constraint solver (OR-Tools CP-SAT v9.15.6755) ...
INFO:p13b.p13b_i16_slothy_start.split.542_584:INFEASIBLE, wall time: 0.001146 s
INFO:p13b.p13b_i16_slothy_start.split.542_584:Attempt optimization with max 2 stalls...
INFO:p13b.p13b_i16_slothy_start.split.542_584:Setting timeout of 30 seconds...
INFO:p13b.p13b_i16_slothy_start.split.542_584:Objective: None (any satisfying solution is fine)
INFO:p13b.p13b_i16_slothy_start.split.542_584:Invoking external constraint solver (OR-Tools CP-SAT v9.15.6755) ...
INFO:p13b.p13b_i16_slothy_start.split.542_584:INFEASIBLE, wall time: 0.001178 s
INFO:p13b.p13b_i16_slothy_start.split.542_584:Attempt optimization with max 4 stalls...
INFO:p13b.p13b_i16_slothy_start.split.542_584:Setting timeout of 30 seconds...
INFO:p13b.p13b_i16_slothy_start.split.542_584:Objective: None (any satisfying solution is fine)
INFO:p13b.p13b_i16_slothy_start.split.542_584:Invoking external constraint solver (OR-Tools CP-SAT v9.15.6755) ...
INFO:p13b.p13b_i16_slothy_start.split.542_584:INFEASIBLE, wall time: 0.001144 s
INFO:p13b.p13b_i16_slothy_start.split.542_584:Attempt optimization with max 8 stalls...
INFO:p13b.p13b_i16_slothy_start.split.542_584:Setting timeout of 30 seconds...
INFO:p13b.p13b_i16_slothy_start.split.542_584:Objective: None (any satisfying solution is fine)
INFO:p13b.p13b_i16_slothy_start.split.542_584:Invoking external constraint solver (OR-Tools CP-SAT v9.15.6755) ...
INFO:p13b.p13b_i16_slothy_start.split.542_584:INFEASIBLE, wall time: 0.001021 s
INFO:p13b.p13b_i16_slothy_start.split.542_584:Attempt optimization with max 16 stalls...
INFO:p13b.p13b_i16_slothy_start.split.542_584:Setting timeout of 30 seconds...
INFO:p13b.p13b_i16_slothy_start.split.542_584:Objective: None (any satisfying solution is fine)
INFO:p13b.p13b_i16_slothy_start.split.542_584:Invoking external constraint solver (OR-Tools CP-SAT v9.15.6755) ...
INFO:p13b.p13b_i16_slothy_start.split.542_584:INFEASIBLE, wall time: 0.001015 s
INFO:p13b.p13b_i16_slothy_start.split.542_584:Attempt optimization with max 32 stalls...
INFO:p13b.p13b_i16_slothy_start.split.542_584:Setting timeout of 30 seconds...
INFO:p13b.p13b_i16_slothy_start.split.542_584:Objective: None (any satisfying solution is fine)
INFO:p13b.p13b_i16_slothy_start.split.542_584:Invoking external constraint solver (OR-Tools CP-SAT v9.15.6755) ...
INFO:p13b.p13b_i16_slothy_start.split.542_584:INFEASIBLE, wall time: 0.004602 s
INFO:p13b.p13b_i16_slothy_start.split.542_584:Attempt optimization with max 64 stalls...
INFO:p13b.p13b_i16_slothy_start.split.542_584:Setting timeout of 30 seconds...
INFO:p13b.p13b_i16_slothy_start.split.542_584:Objective: None (any satisfying solution is fine)
INFO:p13b.p13b_i16_slothy_start.split.542_584:Invoking external constraint solver (OR-Tools CP-SAT v9.15.6755) ...
INFO:p13b.p13b_i16_slothy_start.split.542_584:[0.0321s]: Found 1 solutions so far... objective (no objective): currently 0.0, bound 0.0
INFO:p13b.p13b_i16_slothy_start.split.542_584:[0.0323s]: Found 2 solutions so far... objective (no objective): currently 0.0, bound 0.0
INFO:p13b.p13b_i16_slothy_start.split.542_584:OPTIMAL, wall time: 0.035117 s
INFO:p13b.p13b_i16_slothy_start.split.542_584:Booleans in result: 83
INFO:p13b.p13b_i16_slothy_start.split.542_584.selfcheck:OK!
WARNING:p13b:LLVM (llvm-mc, llvm-nm, llvm-readobj) not found, disabling selftest. Consider installing LLVM.
INFO:p13b.p13b_i16_slothy_start.split.542_584:Attempt optimization with max 48 stalls...
INFO:p13b.p13b_i16_slothy_start.split.542_584:Setting timeout of 30 seconds...
INFO:p13b.p13b_i16_slothy_start.split.542_584:Objective: None (any satisfying solution is fine)
INFO:p13b.p13b_i16_slothy_start.split.542_584:Invoking external constraint solver (OR-Tools CP-SAT v9.15.6755) ...
INFO:p13b.p13b_i16_slothy_start.split.542_584:[0.0251s]: Found 1 solutions so far... objective (no objective): currently 0.0, bound 0.0
INFO:p13b.p13b_i16_slothy_start.split.542_584:OPTIMAL, wall time: 0.028076 s
INFO:p13b.p13b_i16_slothy_start.split.542_584:Booleans in result: 83
INFO:p13b.p13b_i16_slothy_start.split.542_584.selfcheck:OK!
WARNING:p13b:LLVM (llvm-mc, llvm-nm, llvm-readobj) not found, disabling selftest. Consider installing LLVM.
INFO:p13b.p13b_i16_slothy_start.split.542_584:Attempt optimization with max 40 stalls...
INFO:p13b.p13b_i16_slothy_start.split.542_584:Setting timeout of 30 seconds...
INFO:p13b.p13b_i16_slothy_start.split.542_584:Objective: None (any satisfying solution is fine)
INFO:p13b.p13b_i16_slothy_start.split.542_584:Invoking external constraint solver (OR-Tools CP-SAT v9.15.6755) ...
INFO:p13b.p13b_i16_slothy_start.split.542_584:INFEASIBLE, wall time: 0.013011 s
INFO:p13b.p13b_i16_slothy_start.split.542_584:Attempt optimization with max 44 stalls...
INFO:p13b.p13b_i16_slothy_start.split.542_584:Setting timeout of 30 seconds...
INFO:p13b.p13b_i16_slothy_start.split.542_584:Objective: None (any satisfying solution is fine)
INFO:p13b.p13b_i16_slothy_start.split.542_584:Invoking external constraint solver (OR-Tools CP-SAT v9.15.6755) ...
INFO:p13b.p13b_i16_slothy_start.split.542_584:INFEASIBLE, wall time: 0.026437 s
INFO:p13b.p13b_i16_slothy_start.split.542_584:Attempt optimization with max 46 stalls...
INFO:p13b.p13b_i16_slothy_start.split.542_584:Setting timeout of 30 seconds...
INFO:p13b.p13b_i16_slothy_start.split.542_584:Objective: None (any satisfying solution is fine)
INFO:p13b.p13b_i16_slothy_start.split.542_584:Invoking external constraint solver (OR-Tools CP-SAT v9.15.6755) ...
INFO:p13b.p13b_i16_slothy_start.split.542_584:[0.0253s]: Found 1 solutions so far... objective (no objective): currently 0.0, bound 0.0
INFO:p13b.p13b_i16_slothy_start.split.542_584:[0.0263s]: Found 2 solutions so far... objective (no objective): currently 0.0, bound 0.0
INFO:p13b.p13b_i16_slothy_start.split.542_584:OPTIMAL, wall time: 0.029874 s
INFO:p13b.p13b_i16_slothy_start.split.542_584:Booleans in result: 133
INFO:p13b.p13b_i16_slothy_start.split.542_584.selfcheck:OK!
WARNING:p13b:LLVM (llvm-mc, llvm-nm, llvm-readobj) not found, disabling selftest. Consider installing LLVM.
INFO:p13b.p13b_i16_slothy_start.split.542_584:Attempt optimization with max 45 stalls...
INFO:p13b.p13b_i16_slothy_start.split.542_584:Setting timeout of 30 seconds...
INFO:p13b.p13b_i16_slothy_start.split.542_584:Objective: None (any satisfying solution is fine)
INFO:p13b.p13b_i16_slothy_start.split.542_584:Invoking external constraint solver (OR-Tools CP-SAT v9.15.6755) ...
INFO:p13b.p13b_i16_slothy_start.split.542_584:INFEASIBLE, wall time: 0.027593 s
INFO:p13b.p13b_i16_slothy_start.split.584_625:Perform external binary search for minimal number of stalls...
INFO:p13b.p13b_i16_slothy_start.split.584_625:Attempt optimization with max 0 stalls...
INFO:p13b.p13b_i16_slothy_start.split.584_625:Setting timeout of 30 seconds...
INFO:p13b.p13b_i16_slothy_start.split.584_625:Objective: None (any satisfying solution is fine)
INFO:p13b.p13b_i16_slothy_start.split.584_625:Invoking external constraint solver (OR-Tools CP-SAT v9.15.6755) ...
INFO:p13b.p13b_i16_slothy_start.split.584_625:INFEASIBLE, wall time: 0.001018 s
INFO:p13b.p13b_i16_slothy_start.split.584_625:Attempt optimization with max 1 stalls...
INFO:p13b.p13b_i16_slothy_start.split.584_625:Setting timeout of 30 seconds...
INFO:p13b.p13b_i16_slothy_start.split.584_625:Objective: None (any satisfying solution is fine)
INFO:p13b.p13b_i16_slothy_start.split.584_625:Invoking external constraint solver (OR-Tools CP-SAT v9.15.6755) ...
INFO:p13b.p13b_i16_slothy_start.split.584_625:INFEASIBLE, wall time: 0.000970 s
INFO:p13b.p13b_i16_slothy_start.split.584_625:Attempt optimization with max 2 stalls...
INFO:p13b.p13b_i16_slothy_start.split.584_625:Setting timeout of 30 seconds...
INFO:p13b.p13b_i16_slothy_start.split.584_625:Objective: None (any satisfying solution is fine)
INFO:p13b.p13b_i16_slothy_start.split.584_625:Invoking external constraint solver (OR-Tools CP-SAT v9.15.6755) ...
INFO:p13b.p13b_i16_slothy_start.split.584_625:INFEASIBLE, wall time: 0.001091 s
INFO:p13b.p13b_i16_slothy_start.split.584_625:Attempt optimization with max 4 stalls...
INFO:p13b.p13b_i16_slothy_start.split.584_625:Setting timeout of 30 seconds...
INFO:p13b.p13b_i16_slothy_start.split.584_625:Objective: None (any satisfying solution is fine)
INFO:p13b.p13b_i16_slothy_start.split.584_625:Invoking external constraint solver (OR-Tools CP-SAT v9.15.6755) ...
INFO:p13b.p13b_i16_slothy_start.split.584_625:INFEASIBLE, wall time: 0.001031 s
INFO:p13b.p13b_i16_slothy_start.split.584_625:Attempt optimization with max 8 stalls...
INFO:p13b.p13b_i16_slothy_start.split.584_625:Setting timeout of 30 seconds...
INFO:p13b.p13b_i16_slothy_start.split.584_625:Objective: None (any satisfying solution is fine)
INFO:p13b.p13b_i16_slothy_start.split.584_625:Invoking external constraint solver (OR-Tools CP-SAT v9.15.6755) ...
INFO:p13b.p13b_i16_slothy_start.split.584_625:INFEASIBLE, wall time: 0.001156 s
INFO:p13b.p13b_i16_slothy_start.split.584_625:Attempt optimization with max 16 stalls...
INFO:p13b.p13b_i16_slothy_start.split.584_625:Setting timeout of 30 seconds...
INFO:p13b.p13b_i16_slothy_start.split.584_625:Objective: None (any satisfying solution is fine)
INFO:p13b.p13b_i16_slothy_start.split.584_625:Invoking external constraint solver (OR-Tools CP-SAT v9.15.6755) ...
INFO:p13b.p13b_i16_slothy_start.split.584_625:INFEASIBLE, wall time: 0.002709 s
INFO:p13b.p13b_i16_slothy_start.split.584_625:Attempt optimization with max 32 stalls...
INFO:p13b.p13b_i16_slothy_start.split.584_625:Setting timeout of 30 seconds...
INFO:p13b.p13b_i16_slothy_start.split.584_625:Objective: None (any satisfying solution is fine)
INFO:p13b.p13b_i16_slothy_start.split.584_625:Invoking external constraint solver (OR-Tools CP-SAT v9.15.6755) ...
INFO:p13b.p13b_i16_slothy_start.split.584_625:INFEASIBLE, wall time: 0.005139 s
INFO:p13b.p13b_i16_slothy_start.split.584_625:Attempt optimization with max 64 stalls...
INFO:p13b.p13b_i16_slothy_start.split.584_625:Setting timeout of 30 seconds...
INFO:p13b.p13b_i16_slothy_start.split.584_625:Objective: None (any satisfying solution is fine)
INFO:p13b.p13b_i16_slothy_start.split.584_625:Invoking external constraint solver (OR-Tools CP-SAT v9.15.6755) ...
INFO:p13b.p13b_i16_slothy_start.split.584_625:[0.0324s]: Found 1 solutions so far... objective (no objective): currently 0.0, bound 0.0
INFO:p13b.p13b_i16_slothy_start.split.584_625:[0.0329s]: Found 2 solutions so far... objective (no objective): currently 0.0, bound 0.0
INFO:p13b.p13b_i16_slothy_start.split.584_625:OPTIMAL, wall time: 0.036108 s
INFO:p13b.p13b_i16_slothy_start.split.584_625:Booleans in result: 83
INFO:p13b.p13b_i16_slothy_start.split.584_625.selfcheck:OK!
WARNING:p13b:LLVM (llvm-mc, llvm-nm, llvm-readobj) not found, disabling selftest. Consider installing LLVM.
INFO:p13b.p13b_i16_slothy_start.split.584_625:Attempt optimization with max 48 stalls...
INFO:p13b.p13b_i16_slothy_start.split.584_625:Setting timeout of 30 seconds...
INFO:p13b.p13b_i16_slothy_start.split.584_625:Objective: None (any satisfying solution is fine)
INFO:p13b.p13b_i16_slothy_start.split.584_625:Invoking external constraint solver (OR-Tools CP-SAT v9.15.6755) ...
INFO:p13b.p13b_i16_slothy_start.split.584_625:[0.0262s]: Found 1 solutions so far... objective (no objective): currently 0.0, bound 0.0
INFO:p13b.p13b_i16_slothy_start.split.584_625:OPTIMAL, wall time: 0.029444 s
INFO:p13b.p13b_i16_slothy_start.split.584_625:Booleans in result: 83
INFO:p13b.p13b_i16_slothy_start.split.584_625.selfcheck:OK!
WARNING:p13b:LLVM (llvm-mc, llvm-nm, llvm-readobj) not found, disabling selftest. Consider installing LLVM.
INFO:p13b.p13b_i16_slothy_start.split.584_625:Attempt optimization with max 40 stalls...
INFO:p13b.p13b_i16_slothy_start.split.584_625:Setting timeout of 30 seconds...
INFO:p13b.p13b_i16_slothy_start.split.584_625:Objective: None (any satisfying solution is fine)
INFO:p13b.p13b_i16_slothy_start.split.584_625:Invoking external constraint solver (OR-Tools CP-SAT v9.15.6755) ...
INFO:p13b.p13b_i16_slothy_start.split.584_625:INFEASIBLE, wall time: 0.008189 s
INFO:p13b.p13b_i16_slothy_start.split.584_625:Attempt optimization with max 44 stalls...
INFO:p13b.p13b_i16_slothy_start.split.584_625:Setting timeout of 30 seconds...
INFO:p13b.p13b_i16_slothy_start.split.584_625:Objective: None (any satisfying solution is fine)
INFO:p13b.p13b_i16_slothy_start.split.584_625:Invoking external constraint solver (OR-Tools CP-SAT v9.15.6755) ...
INFO:p13b.p13b_i16_slothy_start.split.584_625:INFEASIBLE, wall time: 0.015044 s
INFO:p13b.p13b_i16_slothy_start.split.584_625:Attempt optimization with max 46 stalls...
INFO:p13b.p13b_i16_slothy_start.split.584_625:Setting timeout of 30 seconds...
INFO:p13b.p13b_i16_slothy_start.split.584_625:Objective: None (any satisfying solution is fine)
INFO:p13b.p13b_i16_slothy_start.split.584_625:Invoking external constraint solver (OR-Tools CP-SAT v9.15.6755) ...
INFO:p13b.p13b_i16_slothy_start.split.584_625:INFEASIBLE, wall time: 0.026715 s
INFO:p13b.p13b_i16_slothy_start.split.584_625:Attempt optimization with max 47 stalls...
INFO:p13b.p13b_i16_slothy_start.split.584_625:Setting timeout of 30 seconds...
INFO:p13b.p13b_i16_slothy_start.split.584_625:Objective: None (any satisfying solution is fine)
INFO:p13b.p13b_i16_slothy_start.split.584_625:Invoking external constraint solver (OR-Tools CP-SAT v9.15.6755) ...
INFO:p13b.p13b_i16_slothy_start.split.584_625:INFEASIBLE, wall time: 0.028372 s
INFO:p13b.p13b_i16_slothy_start.split.625_667:Perform external binary search for minimal number of stalls...
INFO:p13b.p13b_i16_slothy_start.split.625_667:Attempt optimization with max 0 stalls...
INFO:p13b.p13b_i16_slothy_start.split.625_667:Setting timeout of 30 seconds...
INFO:p13b.p13b_i16_slothy_start.split.625_667:Objective: None (any satisfying solution is fine)
INFO:p13b.p13b_i16_slothy_start.split.625_667:Invoking external constraint solver (OR-Tools CP-SAT v9.15.6755) ...
INFO:p13b.p13b_i16_slothy_start.split.625_667:INFEASIBLE, wall time: 0.001053 s
INFO:p13b.p13b_i16_slothy_start.split.625_667:Attempt optimization with max 1 stalls...
INFO:p13b.p13b_i16_slothy_start.split.625_667:Setting timeout of 30 seconds...
INFO:p13b.p13b_i16_slothy_start.split.625_667:Objective: None (any satisfying solution is fine)
INFO:p13b.p13b_i16_slothy_start.split.625_667:Invoking external constraint solver (OR-Tools CP-SAT v9.15.6755) ...
INFO:p13b.p13b_i16_slothy_start.split.625_667:INFEASIBLE, wall time: 0.000960 s
INFO:p13b.p13b_i16_slothy_start.split.625_667:Attempt optimization with max 2 stalls...
INFO:p13b.p13b_i16_slothy_start.split.625_667:Setting timeout of 30 seconds...
INFO:p13b.p13b_i16_slothy_start.split.625_667:Objective: None (any satisfying solution is fine)
INFO:p13b.p13b_i16_slothy_start.split.625_667:Invoking external constraint solver (OR-Tools CP-SAT v9.15.6755) ...
INFO:p13b.p13b_i16_slothy_start.split.625_667:INFEASIBLE, wall time: 0.000917 s
INFO:p13b.p13b_i16_slothy_start.split.625_667:Attempt optimization with max 4 stalls...
INFO:p13b.p13b_i16_slothy_start.split.625_667:Setting timeout of 30 seconds...
INFO:p13b.p13b_i16_slothy_start.split.625_667:Objective: None (any satisfying solution is fine)
INFO:p13b.p13b_i16_slothy_start.split.625_667:Invoking external constraint solver (OR-Tools CP-SAT v9.15.6755) ...
INFO:p13b.p13b_i16_slothy_start.split.625_667:INFEASIBLE, wall time: 0.001103 s
INFO:p13b.p13b_i16_slothy_start.split.625_667:Attempt optimization with max 8 stalls...
INFO:p13b.p13b_i16_slothy_start.split.625_667:Setting timeout of 30 seconds...
INFO:p13b.p13b_i16_slothy_start.split.625_667:Objective: None (any satisfying solution is fine)
INFO:p13b.p13b_i16_slothy_start.split.625_667:Invoking external constraint solver (OR-Tools CP-SAT v9.15.6755) ...
INFO:p13b.p13b_i16_slothy_start.split.625_667:INFEASIBLE, wall time: 0.000930 s
INFO:p13b.p13b_i16_slothy_start.split.625_667:Attempt optimization with max 16 stalls...
INFO:p13b.p13b_i16_slothy_start.split.625_667:Setting timeout of 30 seconds...
INFO:p13b.p13b_i16_slothy_start.split.625_667:Objective: None (any satisfying solution is fine)
INFO:p13b.p13b_i16_slothy_start.split.625_667:Invoking external constraint solver (OR-Tools CP-SAT v9.15.6755) ...
INFO:p13b.p13b_i16_slothy_start.split.625_667:INFEASIBLE, wall time: 0.002607 s
INFO:p13b.p13b_i16_slothy_start.split.625_667:Attempt optimization with max 32 stalls...
INFO:p13b.p13b_i16_slothy_start.split.625_667:Setting timeout of 30 seconds...
INFO:p13b.p13b_i16_slothy_start.split.625_667:Objective: None (any satisfying solution is fine)
INFO:p13b.p13b_i16_slothy_start.split.625_667:Invoking external constraint solver (OR-Tools CP-SAT v9.15.6755) ...
INFO:p13b.p13b_i16_slothy_start.split.625_667:INFEASIBLE, wall time: 0.006376 s
INFO:p13b.p13b_i16_slothy_start.split.625_667:Attempt optimization with max 64 stalls...
INFO:p13b.p13b_i16_slothy_start.split.625_667:Setting timeout of 30 seconds...
INFO:p13b.p13b_i16_slothy_start.split.625_667:Objective: None (any satisfying solution is fine)
INFO:p13b.p13b_i16_slothy_start.split.625_667:Invoking external constraint solver (OR-Tools CP-SAT v9.15.6755) ...
INFO:p13b.p13b_i16_slothy_start.split.625_667:[0.0337s]: Found 1 solutions so far... objective (no objective): currently 0.0, bound 0.0
INFO:p13b.p13b_i16_slothy_start.split.625_667:OPTIMAL, wall time: 0.037493 s
INFO:p13b.p13b_i16_slothy_start.split.625_667:Booleans in result: 86
INFO:p13b.p13b_i16_slothy_start.split.625_667.selfcheck:OK!
WARNING:p13b:LLVM (llvm-mc, llvm-nm, llvm-readobj) not found, disabling selftest. Consider installing LLVM.
INFO:p13b.p13b_i16_slothy_start.split.625_667:Attempt optimization with max 48 stalls...
INFO:p13b.p13b_i16_slothy_start.split.625_667:Setting timeout of 30 seconds...
INFO:p13b.p13b_i16_slothy_start.split.625_667:Objective: None (any satisfying solution is fine)
INFO:p13b.p13b_i16_slothy_start.split.625_667:Invoking external constraint solver (OR-Tools CP-SAT v9.15.6755) ...
INFO:p13b.p13b_i16_slothy_start.split.625_667:[0.0262s]: Found 1 solutions so far... objective (no objective): currently 0.0, bound 0.0
INFO:p13b.p13b_i16_slothy_start.split.625_667:OPTIMAL, wall time: 0.028968 s
INFO:p13b.p13b_i16_slothy_start.split.625_667:Booleans in result: 86
INFO:p13b.p13b_i16_slothy_start.split.625_667.selfcheck:OK!
WARNING:p13b:LLVM (llvm-mc, llvm-nm, llvm-readobj) not found, disabling selftest. Consider installing LLVM.
INFO:p13b.p13b_i16_slothy_start.split.625_667:Attempt optimization with max 40 stalls...
INFO:p13b.p13b_i16_slothy_start.split.625_667:Setting timeout of 30 seconds...
INFO:p13b.p13b_i16_slothy_start.split.625_667:Objective: None (any satisfying solution is fine)
INFO:p13b.p13b_i16_slothy_start.split.625_667:Invoking external constraint solver (OR-Tools CP-SAT v9.15.6755) ...
INFO:p13b.p13b_i16_slothy_start.split.625_667:INFEASIBLE, wall time: 0.015393 s
INFO:p13b.p13b_i16_slothy_start.split.625_667:Attempt optimization with max 44 stalls...
INFO:p13b.p13b_i16_slothy_start.split.625_667:Setting timeout of 30 seconds...
INFO:p13b.p13b_i16_slothy_start.split.625_667:Objective: None (any satisfying solution is fine)
INFO:p13b.p13b_i16_slothy_start.split.625_667:Invoking external constraint solver (OR-Tools CP-SAT v9.15.6755) ...
INFO:p13b.p13b_i16_slothy_start.split.625_667:[0.0244s]: Found 1 solutions so far... objective (no objective): currently 0.0, bound 0.0
INFO:p13b.p13b_i16_slothy_start.split.625_667:OPTIMAL, wall time: 0.027948 s
INFO:p13b.p13b_i16_slothy_start.split.625_667:Booleans in result: 86
INFO:p13b.p13b_i16_slothy_start.split.625_667.selfcheck:OK!
WARNING:p13b:LLVM (llvm-mc, llvm-nm, llvm-readobj) not found, disabling selftest. Consider installing LLVM.
INFO:p13b.p13b_i16_slothy_start.split.625_667:Attempt optimization with max 42 stalls...
INFO:p13b.p13b_i16_slothy_start.split.625_667:Setting timeout of 30 seconds...
INFO:p13b.p13b_i16_slothy_start.split.625_667:Objective: None (any satisfying solution is fine)
INFO:p13b.p13b_i16_slothy_start.split.625_667:Invoking external constraint solver (OR-Tools CP-SAT v9.15.6755) ...
INFO:p13b.p13b_i16_slothy_start.split.625_667:INFEASIBLE, wall time: 0.015483 s
INFO:p13b.p13b_i16_slothy_start.split.625_667:Attempt optimization with max 43 stalls...
INFO:p13b.p13b_i16_slothy_start.split.625_667:Setting timeout of 30 seconds...
INFO:p13b.p13b_i16_slothy_start.split.625_667:Objective: None (any satisfying solution is fine)
INFO:p13b.p13b_i16_slothy_start.split.625_667:Invoking external constraint solver (OR-Tools CP-SAT v9.15.6755) ...
INFO:p13b.p13b_i16_slothy_start.split.625_667:[0.0239s]: Found 1 solutions so far... objective (no objective): currently 0.0, bound 0.0
INFO:p13b.p13b_i16_slothy_start.split.625_667:OPTIMAL, wall time: 0.026639 s
INFO:p13b.p13b_i16_slothy_start.split.625_667:Booleans in result: 86
INFO:p13b.p13b_i16_slothy_start.split.625_667.selfcheck:OK!
WARNING:p13b:LLVM (llvm-mc, llvm-nm, llvm-readobj) not found, disabling selftest. Consider installing LLVM.
INFO:p13b.p13b_i16_slothy_start.split:Initial stalls
INFO:p13b.p13b_i16_slothy_start.split:[  0- 13]: **************.................... (14)
INFO:p13b.p13b_i16_slothy_start.split:[ 13- 26]: ***********************........... (23)
INFO:p13b.p13b_i16_slothy_start.split:[ 26- 40]: ****************************...... (28)
INFO:p13b.p13b_i16_slothy_start.split:[ 40- 53]: ******************************.... (30)
INFO:p13b.p13b_i16_slothy_start.split:[ 53- 66]: *******************************... (31)
INFO:p13b.p13b_i16_slothy_start.split:[ 66- 80]: *******************************... (31)
INFO:p13b.p13b_i16_slothy_start.split:[ 80- 93]: *******************************... (31)
INFO:p13b.p13b_i16_slothy_start.split:[ 93-106]: *******************************... (31)
INFO:p13b.p13b_i16_slothy_start.split:[106-120]: ********************************.. (32)
INFO:p13b.p13b_i16_slothy_start.split:[120-133]: *******************************... (31)
INFO:p13b.p13b_i16_slothy_start.split:[133-146]: *********************************. (33)
INFO:p13b.p13b_i16_slothy_start.split:[146-160]: *******************************... (31)
INFO:p13b.p13b_i16_slothy_start.split:[160-173]: ******************************.... (30)
INFO:p13b.p13b_i16_slothy_start.split:[173-186]: ****************************...... (28)
INFO:p13b.p13b_i16_slothy_start.split:[186-200]: ***************************....... (27)
INFO:p13b.p13b_i16_slothy_start.split:[200-213]: ***************************....... (27)
INFO:p13b.p13b_i16_slothy_start.split:[213-226]: **************************........ (26)
INFO:p13b.p13b_i16_slothy_start.split:[226-240]: *****************************..... (29)
INFO:p13b.p13b_i16_slothy_start.split:[240-253]: ***************************....... (27)
INFO:p13b.p13b_i16_slothy_start.split:[253-266]: *******************************... (31)
INFO:p13b.p13b_i16_slothy_start.split:[266-280]: *****************************..... (29)
INFO:p13b.p13b_i16_slothy_start.split:[280-293]: ******************************.... (30)
INFO:p13b.p13b_i16_slothy_start.split:[293-306]: *******************************... (31)
INFO:p13b.p13b_i16_slothy_start.split:[306-320]: ****************************...... (28)
INFO:p13b.p13b_i16_slothy_start.split:[320-333]: *****************************..... (29)
INFO:p13b.p13b_i16_slothy_start.split:[333-346]: *************************......... (25)
INFO:p13b.p13b_i16_slothy_start.split:[346-360]: ****************************...... (28)
INFO:p13b.p13b_i16_slothy_start.split:[360-373]: *************************......... (25)
INFO:p13b.p13b_i16_slothy_start.split:[373-386]: ****************************...... (28)
INFO:p13b.p13b_i16_slothy_start.split:[386-400]: ****************************...... (28)
INFO:p13b.p13b_i16_slothy_start.split:[400-413]: *****************************..... (29)
INFO:p13b.p13b_i16_slothy_start.split:[413-426]: ******************************.... (30)
INFO:p13b.p13b_i16_slothy_start.split:[426-440]: ****************************...... (28)
INFO:p13b.p13b_i16_slothy_start.split:[440-453]: ******************************.... (30)
INFO:p13b.p13b_i16_slothy_start.split:[453-466]: ****************************...... (28)
INFO:p13b.p13b_i16_slothy_start.split:[466-480]: *******************************... (31)
INFO:p13b.p13b_i16_slothy_start.split:[480-493]: ****************************...... (28)
INFO:p13b.p13b_i16_slothy_start.split:[493-506]: ****************************...... (28)
INFO:p13b.p13b_i16_slothy_start.split:[506-520]: *****************************..... (29)
INFO:p13b.p13b_i16_slothy_start.split:[520-533]: ***************************....... (27)
INFO:p13b.p13b_i16_slothy_start.split:[533-546]: *****************************..... (29)
INFO:p13b.p13b_i16_slothy_start.split:[546-560]: ************************.......... (24)
INFO:p13b.p13b_i16_slothy_start.split:[560-573]: ***************************....... (27)
INFO:p13b.p13b_i16_slothy_start.split:[573-586]: **************************........ (26)
INFO:p13b.p13b_i16_slothy_start.split:[586-600]: *****************************..... (29)
INFO:p13b.p13b_i16_slothy_start.split:[600-613]: *****************************..... (29)
INFO:p13b.p13b_i16_slothy_start.split:[613-626]: ****************************...... (28)
INFO:p13b.p13b_i16_slothy_start.split:[626-640]: ******************************.... (30)
INFO:p13b.p13b_i16_slothy_start.split:[640-653]: **************************........ (26)
INFO:p13b.p13b_i16_slothy_start.split:[653-667]: *******************............... (19)
INFO:p13b.p13b_i16_slothy_start.split.0_42:Perform external binary search for minimal number of stalls...
INFO:p13b.p13b_i16_slothy_start.split.0_42:Attempt optimization with max 0 stalls...
INFO:p13b.p13b_i16_slothy_start.split.0_42:Setting timeout of 30 seconds...
INFO:p13b.p13b_i16_slothy_start.split.0_42:Objective: None (any satisfying solution is fine)
INFO:p13b.p13b_i16_slothy_start.split.0_42:Invoking external constraint solver (OR-Tools CP-SAT v9.15.6755) ...
INFO:p13b.p13b_i16_slothy_start.split.0_42:INFEASIBLE, wall time: 0.006807 s
INFO:p13b.p13b_i16_slothy_start.split.0_42:Attempt optimization with max 1 stalls...
INFO:p13b.p13b_i16_slothy_start.split.0_42:Setting timeout of 30 seconds...
INFO:p13b.p13b_i16_slothy_start.split.0_42:Objective: None (any satisfying solution is fine)
INFO:p13b.p13b_i16_slothy_start.split.0_42:Invoking external constraint solver (OR-Tools CP-SAT v9.15.6755) ...
INFO:p13b.p13b_i16_slothy_start.split.0_42:INFEASIBLE, wall time: 0.009317 s
INFO:p13b.p13b_i16_slothy_start.split.0_42:Attempt optimization with max 2 stalls...
INFO:p13b.p13b_i16_slothy_start.split.0_42:Setting timeout of 30 seconds...
INFO:p13b.p13b_i16_slothy_start.split.0_42:Objective: None (any satisfying solution is fine)
INFO:p13b.p13b_i16_slothy_start.split.0_42:Invoking external constraint solver (OR-Tools CP-SAT v9.15.6755) ...
INFO:p13b.p13b_i16_slothy_start.split.0_42:INFEASIBLE, wall time: 0.010661 s
INFO:p13b.p13b_i16_slothy_start.split.0_42:Attempt optimization with max 4 stalls...
INFO:p13b.p13b_i16_slothy_start.split.0_42:Setting timeout of 30 seconds...
INFO:p13b.p13b_i16_slothy_start.split.0_42:Objective: None (any satisfying solution is fine)
INFO:p13b.p13b_i16_slothy_start.split.0_42:Invoking external constraint solver (OR-Tools CP-SAT v9.15.6755) ...
INFO:p13b.p13b_i16_slothy_start.split.0_42:INFEASIBLE, wall time: 0.025233 s
INFO:p13b.p13b_i16_slothy_start.split.0_42:Attempt optimization with max 8 stalls...
INFO:p13b.p13b_i16_slothy_start.split.0_42:Setting timeout of 30 seconds...
INFO:p13b.p13b_i16_slothy_start.split.0_42:Objective: None (any satisfying solution is fine)
INFO:p13b.p13b_i16_slothy_start.split.0_42:Invoking external constraint solver (OR-Tools CP-SAT v9.15.6755) ...
INFO:p13b.p13b_i16_slothy_start.split.0_42:INFEASIBLE, wall time: 0.070493 s
INFO:p13b.p13b_i16_slothy_start.split.0_42:Attempt optimization with max 16 stalls...
INFO:p13b.p13b_i16_slothy_start.split.0_42:Setting timeout of 30 seconds...
INFO:p13b.p13b_i16_slothy_start.split.0_42:Objective: None (any satisfying solution is fine)
INFO:p13b.p13b_i16_slothy_start.split.0_42:Invoking external constraint solver (OR-Tools CP-SAT v9.15.6755) ...
INFO:p13b.p13b_i16_slothy_start.split.0_42:[0.0520s]: Found 1 solutions so far... objective (no objective): currently 0.0, bound 0.0
INFO:p13b.p13b_i16_slothy_start.split.0_42:OPTIMAL, wall time: 0.055070 s
INFO:p13b.p13b_i16_slothy_start.split.0_42:Booleans in result: 363
INFO:p13b.p13b_i16_slothy_start.split.0_42.selfcheck:OK!
WARNING:p13b:LLVM (llvm-mc, llvm-nm, llvm-readobj) not found, disabling selftest. Consider installing LLVM.
INFO:p13b.p13b_i16_slothy_start.split.0_42:Attempt optimization with max 12 stalls...
INFO:p13b.p13b_i16_slothy_start.split.0_42:Setting timeout of 30 seconds...
INFO:p13b.p13b_i16_slothy_start.split.0_42:Objective: None (any satisfying solution is fine)
INFO:p13b.p13b_i16_slothy_start.split.0_42:Invoking external constraint solver (OR-Tools CP-SAT v9.15.6755) ...
INFO:p13b.p13b_i16_slothy_start.split.0_42:[0.0495s]: Found 1 solutions so far... objective (no objective): currently 0.0, bound 0.0
INFO:p13b.p13b_i16_slothy_start.split.0_42:OPTIMAL, wall time: 0.052749 s
INFO:p13b.p13b_i16_slothy_start.split.0_42:Booleans in result: 200
INFO:p13b.p13b_i16_slothy_start.split.0_42.selfcheck:OK!
WARNING:p13b:LLVM (llvm-mc, llvm-nm, llvm-readobj) not found, disabling selftest. Consider installing LLVM.
INFO:p13b.p13b_i16_slothy_start.split.0_42:Attempt optimization with max 10 stalls...
INFO:p13b.p13b_i16_slothy_start.split.0_42:Setting timeout of 30 seconds...
INFO:p13b.p13b_i16_slothy_start.split.0_42:Objective: None (any satisfying solution is fine)
INFO:p13b.p13b_i16_slothy_start.split.0_42:Invoking external constraint solver (OR-Tools CP-SAT v9.15.6755) ...
INFO:p13b.p13b_i16_slothy_start.split.0_42:INFEASIBLE, wall time: 0.741321 s
INFO:p13b.p13b_i16_slothy_start.split.0_42:Attempt optimization with max 11 stalls...
INFO:p13b.p13b_i16_slothy_start.split.0_42:Setting timeout of 30 seconds...
INFO:p13b.p13b_i16_slothy_start.split.0_42:Objective: None (any satisfying solution is fine)
INFO:p13b.p13b_i16_slothy_start.split.0_42:Invoking external constraint solver (OR-Tools CP-SAT v9.15.6755) ...
INFO:p13b.p13b_i16_slothy_start.split.0_42:[0.2114s]: Found 1 solutions so far... objective (no objective): currently 0.0, bound 0.0
INFO:p13b.p13b_i16_slothy_start.split.0_42:OPTIMAL, wall time: 0.215012 s
INFO:p13b.p13b_i16_slothy_start.split.0_42:Booleans in result: 499
INFO:p13b.p13b_i16_slothy_start.split.0_42.selfcheck:OK!
WARNING:p13b:LLVM (llvm-mc, llvm-nm, llvm-readobj) not found, disabling selftest. Consider installing LLVM.
INFO:p13b.p13b_i16_slothy_start.split:[  0- 13]: **********........................ (10)
INFO:p13b.p13b_i16_slothy_start.split:[ 13- 26]: ****************.................. (16)
INFO:p13b.p13b_i16_slothy_start.split:[ 26- 40]: *********************............. (21)
INFO:p13b.p13b_i16_slothy_start.split:[ 40- 53]: **************************........ (26)
INFO:p13b.p13b_i16_slothy_start.split:[ 53- 66]: *****************************..... (29)
INFO:p13b.p13b_i16_slothy_start.split:[ 66- 80]: *******************************... (31)
INFO:p13b.p13b_i16_slothy_start.split:[ 80- 93]: *******************************... (31)
INFO:p13b.p13b_i16_slothy_start.split:[ 93-106]: *******************************... (31)
INFO:p13b.p13b_i16_slothy_start.split:[106-120]: ********************************.. (32)
INFO:p13b.p13b_i16_slothy_start.split:[120-133]: *******************************... (31)
INFO:p13b.p13b_i16_slothy_start.split:[133-146]: *********************************. (33)
INFO:p13b.p13b_i16_slothy_start.split:[146-160]: *******************************... (31)
INFO:p13b.p13b_i16_slothy_start.split:[160-173]: ******************************.... (30)
INFO:p13b.p13b_i16_slothy_start.split:[173-186]: ****************************...... (28)
INFO:p13b.p13b_i16_slothy_start.split:[186-200]: ***************************....... (27)
INFO:p13b.p13b_i16_slothy_start.split:[200-213]: ***************************....... (27)
INFO:p13b.p13b_i16_slothy_start.split:[213-226]: **************************........ (26)
INFO:p13b.p13b_i16_slothy_start.split:[226-240]: *****************************..... (29)
INFO:p13b.p13b_i16_slothy_start.split:[240-253]: ***************************....... (27)
INFO:p13b.p13b_i16_slothy_start.split:[253-266]: *******************************... (31)
INFO:p13b.p13b_i16_slothy_start.split:[266-280]: *****************************..... (29)
INFO:p13b.p13b_i16_slothy_start.split:[280-293]: ******************************.... (30)
INFO:p13b.p13b_i16_slothy_start.split:[293-306]: *******************************... (31)
INFO:p13b.p13b_i16_slothy_start.split:[306-320]: ****************************...... (28)
INFO:p13b.p13b_i16_slothy_start.split:[320-333]: *****************************..... (29)
INFO:p13b.p13b_i16_slothy_start.split:[333-346]: *************************......... (25)
INFO:p13b.p13b_i16_slothy_start.split:[346-360]: ****************************...... (28)
INFO:p13b.p13b_i16_slothy_start.split:[360-373]: *************************......... (25)
INFO:p13b.p13b_i16_slothy_start.split:[373-386]: ****************************...... (28)
INFO:p13b.p13b_i16_slothy_start.split:[386-400]: ****************************...... (28)
INFO:p13b.p13b_i16_slothy_start.split:[400-413]: *****************************..... (29)
INFO:p13b.p13b_i16_slothy_start.split:[413-426]: ******************************.... (30)
INFO:p13b.p13b_i16_slothy_start.split:[426-440]: ****************************...... (28)
INFO:p13b.p13b_i16_slothy_start.split:[440-453]: ******************************.... (30)
INFO:p13b.p13b_i16_slothy_start.split:[453-466]: ****************************...... (28)
INFO:p13b.p13b_i16_slothy_start.split:[466-480]: *******************************... (31)
INFO:p13b.p13b_i16_slothy_start.split:[480-493]: ****************************...... (28)
INFO:p13b.p13b_i16_slothy_start.split:[493-506]: ****************************...... (28)
INFO:p13b.p13b_i16_slothy_start.split:[506-520]: *****************************..... (29)
INFO:p13b.p13b_i16_slothy_start.split:[520-533]: ***************************....... (27)
INFO:p13b.p13b_i16_slothy_start.split:[533-546]: *****************************..... (29)
INFO:p13b.p13b_i16_slothy_start.split:[546-560]: ************************.......... (24)
INFO:p13b.p13b_i16_slothy_start.split:[560-573]: ***************************....... (27)
INFO:p13b.p13b_i16_slothy_start.split:[573-586]: **************************........ (26)
INFO:p13b.p13b_i16_slothy_start.split:[586-600]: *****************************..... (29)
INFO:p13b.p13b_i16_slothy_start.split:[600-613]: *****************************..... (29)
INFO:p13b.p13b_i16_slothy_start.split:[613-626]: ****************************...... (28)
INFO:p13b.p13b_i16_slothy_start.split:[626-640]: ******************************.... (30)
INFO:p13b.p13b_i16_slothy_start.split:[640-653]: **************************........ (26)
INFO:p13b.p13b_i16_slothy_start.split:[653-667]: *******************............... (19)
INFO:p13b.p13b_i16_slothy_start.split.27_68:Perform external binary search for minimal number of stalls...
INFO:p13b.p13b_i16_slothy_start.split.27_68:Attempt optimization with max 0 stalls...
INFO:p13b.p13b_i16_slothy_start.split.27_68:Setting timeout of 30 seconds...
INFO:p13b.p13b_i16_slothy_start.split.27_68:Objective: None (any satisfying solution is fine)
INFO:p13b.p13b_i16_slothy_start.split.27_68:Invoking external constraint solver (OR-Tools CP-SAT v9.15.6755) ...
INFO:p13b.p13b_i16_slothy_start.split.27_68:INFEASIBLE, wall time: 0.000911 s
INFO:p13b.p13b_i16_slothy_start.split.27_68:Attempt optimization with max 1 stalls...
INFO:p13b.p13b_i16_slothy_start.split.27_68:Setting timeout of 30 seconds...
INFO:p13b.p13b_i16_slothy_start.split.27_68:Objective: None (any satisfying solution is fine)
INFO:p13b.p13b_i16_slothy_start.split.27_68:Invoking external constraint solver (OR-Tools CP-SAT v9.15.6755) ...
INFO:p13b.p13b_i16_slothy_start.split.27_68:INFEASIBLE, wall time: 0.000896 s
INFO:p13b.p13b_i16_slothy_start.split.27_68:Attempt optimization with max 2 stalls...
INFO:p13b.p13b_i16_slothy_start.split.27_68:Setting timeout of 30 seconds...
INFO:p13b.p13b_i16_slothy_start.split.27_68:Objective: None (any satisfying solution is fine)
INFO:p13b.p13b_i16_slothy_start.split.27_68:Invoking external constraint solver (OR-Tools CP-SAT v9.15.6755) ...
INFO:p13b.p13b_i16_slothy_start.split.27_68:INFEASIBLE, wall time: 0.000845 s
INFO:p13b.p13b_i16_slothy_start.split.27_68:Attempt optimization with max 4 stalls...
INFO:p13b.p13b_i16_slothy_start.split.27_68:Setting timeout of 30 seconds...
INFO:p13b.p13b_i16_slothy_start.split.27_68:Objective: None (any satisfying solution is fine)
INFO:p13b.p13b_i16_slothy_start.split.27_68:Invoking external constraint solver (OR-Tools CP-SAT v9.15.6755) ...
INFO:p13b.p13b_i16_slothy_start.split.27_68:INFEASIBLE, wall time: 0.000823 s
INFO:p13b.p13b_i16_slothy_start.split.27_68:Attempt optimization with max 8 stalls...
INFO:p13b.p13b_i16_slothy_start.split.27_68:Setting timeout of 30 seconds...
INFO:p13b.p13b_i16_slothy_start.split.27_68:Objective: None (any satisfying solution is fine)
INFO:p13b.p13b_i16_slothy_start.split.27_68:Invoking external constraint solver (OR-Tools CP-SAT v9.15.6755) ...
INFO:p13b.p13b_i16_slothy_start.split.27_68:INFEASIBLE, wall time: 0.009123 s
INFO:p13b.p13b_i16_slothy_start.split.27_68:Attempt optimization with max 16 stalls...
INFO:p13b.p13b_i16_slothy_start.split.27_68:Setting timeout of 30 seconds...
INFO:p13b.p13b_i16_slothy_start.split.27_68:Objective: None (any satisfying solution is fine)
INFO:p13b.p13b_i16_slothy_start.split.27_68:Invoking external constraint solver (OR-Tools CP-SAT v9.15.6755) ...
INFO:p13b.p13b_i16_slothy_start.split.27_68:INFEASIBLE, wall time: 0.003059 s
INFO:p13b.p13b_i16_slothy_start.split.27_68:Attempt optimization with max 32 stalls...
INFO:p13b.p13b_i16_slothy_start.split.27_68:Setting timeout of 30 seconds...
INFO:p13b.p13b_i16_slothy_start.split.27_68:Objective: None (any satisfying solution is fine)
INFO:p13b.p13b_i16_slothy_start.split.27_68:Invoking external constraint solver (OR-Tools CP-SAT v9.15.6755) ...
INFO:p13b.p13b_i16_slothy_start.split.27_68:[0.0367s]: Found 1 solutions so far... objective (no objective): currently 0.0, bound 0.0
INFO:p13b.p13b_i16_slothy_start.split.27_68:OPTIMAL, wall time: 0.040056 s
INFO:p13b.p13b_i16_slothy_start.split.27_68:Booleans in result: 183
INFO:p13b.p13b_i16_slothy_start.split.27_68.selfcheck:OK!
WARNING:p13b:LLVM (llvm-mc, llvm-nm, llvm-readobj) not found, disabling selftest. Consider installing LLVM.
INFO:p13b.p13b_i16_slothy_start.split.27_68:Attempt optimization with max 24 stalls...
INFO:p13b.p13b_i16_slothy_start.split.27_68:Setting timeout of 30 seconds...
INFO:p13b.p13b_i16_slothy_start.split.27_68:Objective: None (any satisfying solution is fine)
INFO:p13b.p13b_i16_slothy_start.split.27_68:Invoking external constraint solver (OR-Tools CP-SAT v9.15.6755) ...
INFO:p13b.p13b_i16_slothy_start.split.27_68:[0.0359s]: Found 1 solutions so far... objective (no objective): currently 0.0, bound 0.0
INFO:p13b.p13b_i16_slothy_start.split.27_68:OPTIMAL, wall time: 0.039088 s
INFO:p13b.p13b_i16_slothy_start.split.27_68:Booleans in result: 199
INFO:p13b.p13b_i16_slothy_start.split.27_68.selfcheck:OK!
WARNING:p13b:LLVM (llvm-mc, llvm-nm, llvm-readobj) not found, disabling selftest. Consider installing LLVM.
INFO:p13b.p13b_i16_slothy_start.split.27_68:Attempt optimization with max 20 stalls...
INFO:p13b.p13b_i16_slothy_start.split.27_68:Setting timeout of 30 seconds...
INFO:p13b.p13b_i16_slothy_start.split.27_68:Objective: None (any satisfying solution is fine)
INFO:p13b.p13b_i16_slothy_start.split.27_68:Invoking external constraint solver (OR-Tools CP-SAT v9.15.6755) ...
INFO:p13b.p13b_i16_slothy_start.split.27_68:INFEASIBLE, wall time: 0.303559 s
INFO:p13b.p13b_i16_slothy_start.split.27_68:Attempt optimization with max 22 stalls...
INFO:p13b.p13b_i16_slothy_start.split.27_68:Setting timeout of 30 seconds...
INFO:p13b.p13b_i16_slothy_start.split.27_68:Objective: None (any satisfying solution is fine)
INFO:p13b.p13b_i16_slothy_start.split.27_68:Invoking external constraint solver (OR-Tools CP-SAT v9.15.6755) ...
INFO:p13b.p13b_i16_slothy_start.split.27_68:[0.0706s]: Found 1 solutions so far... objective (no objective): currently 0.0, bound 0.0
INFO:p13b.p13b_i16_slothy_start.split.27_68:OPTIMAL, wall time: 0.073759 s
INFO:p13b.p13b_i16_slothy_start.split.27_68:Booleans in result: 274
INFO:p13b.p13b_i16_slothy_start.split.27_68.selfcheck:OK!
WARNING:p13b:LLVM (llvm-mc, llvm-nm, llvm-readobj) not found, disabling selftest. Consider installing LLVM.
INFO:p13b.p13b_i16_slothy_start.split.27_68:Attempt optimization with max 21 stalls...
INFO:p13b.p13b_i16_slothy_start.split.27_68:Setting timeout of 30 seconds...
INFO:p13b.p13b_i16_slothy_start.split.27_68:Objective: None (any satisfying solution is fine)
INFO:p13b.p13b_i16_slothy_start.split.27_68:Invoking external constraint solver (OR-Tools CP-SAT v9.15.6755) ...
INFO:p13b.p13b_i16_slothy_start.split.27_68:[0.1824s]: Found 1 solutions so far... objective (no objective): currently 0.0, bound 0.0
INFO:p13b.p13b_i16_slothy_start.split.27_68:OPTIMAL, wall time: 0.190601 s
INFO:p13b.p13b_i16_slothy_start.split.27_68:Booleans in result: 381
INFO:p13b.p13b_i16_slothy_start.split.27_68.selfcheck:OK!
WARNING:p13b:LLVM (llvm-mc, llvm-nm, llvm-readobj) not found, disabling selftest. Consider installing LLVM.
INFO:p13b.p13b_i16_slothy_start.split:[  0- 13]: **********........................ (10)
INFO:p13b.p13b_i16_slothy_start.split:[ 13- 26]: ****************.................. (16)
INFO:p13b.p13b_i16_slothy_start.split:[ 26- 40]: ********************.............. (20)
INFO:p13b.p13b_i16_slothy_start.split:[ 40- 53]: ************************.......... (24)
INFO:p13b.p13b_i16_slothy_start.split:[ 53- 66]: ***************************....... (27)
INFO:p13b.p13b_i16_slothy_start.split:[ 66- 80]: *****************************..... (29)
INFO:p13b.p13b_i16_slothy_start.split:[ 80- 93]: *******************************... (31)
INFO:p13b.p13b_i16_slothy_start.split:[ 93-106]: *******************************... (31)
INFO:p13b.p13b_i16_slothy_start.split:[106-120]: ********************************.. (32)
INFO:p13b.p13b_i16_slothy_start.split:[120-133]: *******************************... (31)
INFO:p13b.p13b_i16_slothy_start.split:[133-146]: *********************************. (33)
INFO:p13b.p13b_i16_slothy_start.split:[146-160]: *******************************... (31)
INFO:p13b.p13b_i16_slothy_start.split:[160-173]: ******************************.... (30)
INFO:p13b.p13b_i16_slothy_start.split:[173-186]: ****************************...... (28)
INFO:p13b.p13b_i16_slothy_start.split:[186-200]: ***************************....... (27)
INFO:p13b.p13b_i16_slothy_start.split:[200-213]: ***************************....... (27)
INFO:p13b.p13b_i16_slothy_start.split:[213-226]: **************************........ (26)
INFO:p13b.p13b_i16_slothy_start.split:[226-240]: *****************************..... (29)
INFO:p13b.p13b_i16_slothy_start.split:[240-253]: ***************************....... (27)
INFO:p13b.p13b_i16_slothy_start.split:[253-266]: *******************************... (31)
INFO:p13b.p13b_i16_slothy_start.split:[266-280]: *****************************..... (29)
INFO:p13b.p13b_i16_slothy_start.split:[280-293]: ******************************.... (30)
INFO:p13b.p13b_i16_slothy_start.split:[293-306]: *******************************... (31)
INFO:p13b.p13b_i16_slothy_start.split:[306-320]: ****************************...... (28)
INFO:p13b.p13b_i16_slothy_start.split:[320-333]: *****************************..... (29)
INFO:p13b.p13b_i16_slothy_start.split:[333-346]: *************************......... (25)
INFO:p13b.p13b_i16_slothy_start.split:[346-360]: ****************************...... (28)
INFO:p13b.p13b_i16_slothy_start.split:[360-373]: *************************......... (25)
INFO:p13b.p13b_i16_slothy_start.split:[373-386]: ****************************...... (28)
INFO:p13b.p13b_i16_slothy_start.split:[386-400]: ****************************...... (28)
INFO:p13b.p13b_i16_slothy_start.split:[400-413]: *****************************..... (29)
INFO:p13b.p13b_i16_slothy_start.split:[413-426]: ******************************.... (30)
INFO:p13b.p13b_i16_slothy_start.split:[426-440]: ****************************...... (28)
INFO:p13b.p13b_i16_slothy_start.split:[440-453]: ******************************.... (30)
INFO:p13b.p13b_i16_slothy_start.split:[453-466]: ****************************...... (28)
INFO:p13b.p13b_i16_slothy_start.split:[466-480]: *******************************... (31)
INFO:p13b.p13b_i16_slothy_start.split:[480-493]: ****************************...... (28)
INFO:p13b.p13b_i16_slothy_start.split:[493-506]: ****************************...... (28)
INFO:p13b.p13b_i16_slothy_start.split:[506-520]: *****************************..... (29)
INFO:p13b.p13b_i16_slothy_start.split:[520-533]: ***************************....... (27)
INFO:p13b.p13b_i16_slothy_start.split:[533-546]: *****************************..... (29)
INFO:p13b.p13b_i16_slothy_start.split:[546-560]: ************************.......... (24)
INFO:p13b.p13b_i16_slothy_start.split:[560-573]: ***************************....... (27)
INFO:p13b.p13b_i16_slothy_start.split:[573-586]: **************************........ (26)
INFO:p13b.p13b_i16_slothy_start.split:[586-600]: *****************************..... (29)
INFO:p13b.p13b_i16_slothy_start.split:[600-613]: *****************************..... (29)
INFO:p13b.p13b_i16_slothy_start.split:[613-626]: ****************************...... (28)
INFO:p13b.p13b_i16_slothy_start.split:[626-640]: ******************************.... (30)
INFO:p13b.p13b_i16_slothy_start.split:[640-653]: **************************........ (26)
INFO:p13b.p13b_i16_slothy_start.split:[653-667]: *******************............... (19)
INFO:p13b.p13b_i16_slothy_start.split.53_95:Perform external binary search for minimal number of stalls...
INFO:p13b.p13b_i16_slothy_start.split.53_95:Attempt optimization with max 0 stalls...
INFO:p13b.p13b_i16_slothy_start.split.53_95:Setting timeout of 30 seconds...
INFO:p13b.p13b_i16_slothy_start.split.53_95:Objective: None (any satisfying solution is fine)
INFO:p13b.p13b_i16_slothy_start.split.53_95:Invoking external constraint solver (OR-Tools CP-SAT v9.15.6755) ...
INFO:p13b.p13b_i16_slothy_start.split.53_95:INFEASIBLE, wall time: 0.000974 s
INFO:p13b.p13b_i16_slothy_start.split.53_95:Attempt optimization with max 1 stalls...
INFO:p13b.p13b_i16_slothy_start.split.53_95:Setting timeout of 30 seconds...
INFO:p13b.p13b_i16_slothy_start.split.53_95:Objective: None (any satisfying solution is fine)
INFO:p13b.p13b_i16_slothy_start.split.53_95:Invoking external constraint solver (OR-Tools CP-SAT v9.15.6755) ...
INFO:p13b.p13b_i16_slothy_start.split.53_95:INFEASIBLE, wall time: 0.000925 s
INFO:p13b.p13b_i16_slothy_start.split.53_95:Attempt optimization with max 2 stalls...
INFO:p13b.p13b_i16_slothy_start.split.53_95:Setting timeout of 30 seconds...
INFO:p13b.p13b_i16_slothy_start.split.53_95:Objective: None (any satisfying solution is fine)
INFO:p13b.p13b_i16_slothy_start.split.53_95:Invoking external constraint solver (OR-Tools CP-SAT v9.15.6755) ...
INFO:p13b.p13b_i16_slothy_start.split.53_95:INFEASIBLE, wall time: 0.000987 s
INFO:p13b.p13b_i16_slothy_start.split.53_95:Attempt optimization with max 4 stalls...
INFO:p13b.p13b_i16_slothy_start.split.53_95:Setting timeout of 30 seconds...
INFO:p13b.p13b_i16_slothy_start.split.53_95:Objective: None (any satisfying solution is fine)
INFO:p13b.p13b_i16_slothy_start.split.53_95:Invoking external constraint solver (OR-Tools CP-SAT v9.15.6755) ...
INFO:p13b.p13b_i16_slothy_start.split.53_95:INFEASIBLE, wall time: 0.000858 s
INFO:p13b.p13b_i16_slothy_start.split.53_95:Attempt optimization with max 8 stalls...
INFO:p13b.p13b_i16_slothy_start.split.53_95:Setting timeout of 30 seconds...
INFO:p13b.p13b_i16_slothy_start.split.53_95:Objective: None (any satisfying solution is fine)
INFO:p13b.p13b_i16_slothy_start.split.53_95:Invoking external constraint solver (OR-Tools CP-SAT v9.15.6755) ...
INFO:p13b.p13b_i16_slothy_start.split.53_95:INFEASIBLE, wall time: 0.009167 s
INFO:p13b.p13b_i16_slothy_start.split.53_95:Attempt optimization with max 16 stalls...
INFO:p13b.p13b_i16_slothy_start.split.53_95:Setting timeout of 30 seconds...
INFO:p13b.p13b_i16_slothy_start.split.53_95:Objective: None (any satisfying solution is fine)
INFO:p13b.p13b_i16_slothy_start.split.53_95:Invoking external constraint solver (OR-Tools CP-SAT v9.15.6755) ...
INFO:p13b.p13b_i16_slothy_start.split.53_95:INFEASIBLE, wall time: 0.002897 s
INFO:p13b.p13b_i16_slothy_start.split.53_95:Attempt optimization with max 32 stalls...
INFO:p13b.p13b_i16_slothy_start.split.53_95:Setting timeout of 30 seconds...
INFO:p13b.p13b_i16_slothy_start.split.53_95:Objective: None (any satisfying solution is fine)
INFO:p13b.p13b_i16_slothy_start.split.53_95:Invoking external constraint solver (OR-Tools CP-SAT v9.15.6755) ...
INFO:p13b.p13b_i16_slothy_start.split.53_95:[0.0215s]: Found 1 solutions so far... objective (no objective): currently 0.0, bound 0.0
INFO:p13b.p13b_i16_slothy_start.split.53_95:OPTIMAL, wall time: 0.024459 s
INFO:p13b.p13b_i16_slothy_start.split.53_95:Booleans in result: 209
INFO:p13b.p13b_i16_slothy_start.split.53_95.selfcheck:OK!
WARNING:p13b:LLVM (llvm-mc, llvm-nm, llvm-readobj) not found, disabling selftest. Consider installing LLVM.
INFO:p13b.p13b_i16_slothy_start.split.53_95:Attempt optimization with max 24 stalls...
INFO:p13b.p13b_i16_slothy_start.split.53_95:Setting timeout of 30 seconds...
INFO:p13b.p13b_i16_slothy_start.split.53_95:Objective: None (any satisfying solution is fine)
INFO:p13b.p13b_i16_slothy_start.split.53_95:Invoking external constraint solver (OR-Tools CP-SAT v9.15.6755) ...
INFO:p13b.p13b_i16_slothy_start.split.53_95:[0.0297s]: Found 1 solutions so far... objective (no objective): currently 0.0, bound 0.0
INFO:p13b.p13b_i16_slothy_start.split.53_95:OPTIMAL, wall time: 0.032676 s
INFO:p13b.p13b_i16_slothy_start.split.53_95:Booleans in result: 187
INFO:p13b.p13b_i16_slothy_start.split.53_95.selfcheck:OK!
WARNING:p13b:LLVM (llvm-mc, llvm-nm, llvm-readobj) not found, disabling selftest. Consider installing LLVM.
INFO:p13b.p13b_i16_slothy_start.split.53_95:Attempt optimization with max 20 stalls...
INFO:p13b.p13b_i16_slothy_start.split.53_95:Setting timeout of 30 seconds...
INFO:p13b.p13b_i16_slothy_start.split.53_95:Objective: None (any satisfying solution is fine)
INFO:p13b.p13b_i16_slothy_start.split.53_95:Invoking external constraint solver (OR-Tools CP-SAT v9.15.6755) ...
INFO:p13b.p13b_i16_slothy_start.split.53_95:INFEASIBLE, wall time: 12.771164 s
INFO:p13b.p13b_i16_slothy_start.split.53_95:Attempt optimization with max 22 stalls...
INFO:p13b.p13b_i16_slothy_start.split.53_95:Setting timeout of 30 seconds...
INFO:p13b.p13b_i16_slothy_start.split.53_95:Objective: None (any satisfying solution is fine)
INFO:p13b.p13b_i16_slothy_start.split.53_95:Invoking external constraint solver (OR-Tools CP-SAT v9.15.6755) ...
INFO:p13b.p13b_i16_slothy_start.split.53_95:[0.0546s]: Found 1 solutions so far... objective (no objective): currently 0.0, bound 0.0
INFO:p13b.p13b_i16_slothy_start.split.53_95:OPTIMAL, wall time: 0.058079 s
INFO:p13b.p13b_i16_slothy_start.split.53_95:Booleans in result: 313
INFO:p13b.p13b_i16_slothy_start.split.53_95.selfcheck:OK!
WARNING:p13b:LLVM (llvm-mc, llvm-nm, llvm-readobj) not found, disabling selftest. Consider installing LLVM.
INFO:p13b.p13b_i16_slothy_start.split.53_95:Attempt optimization with max 21 stalls...
INFO:p13b.p13b_i16_slothy_start.split.53_95:Setting timeout of 30 seconds...
INFO:p13b.p13b_i16_slothy_start.split.53_95:Objective: None (any satisfying solution is fine)
INFO:p13b.p13b_i16_slothy_start.split.53_95:Invoking external constraint solver (OR-Tools CP-SAT v9.15.6755) ...
INFO:p13b.p13b_i16_slothy_start.split.53_95:[2.1387s]: Found 1 solutions so far... objective (no objective): currently 0.0, bound 0.0
INFO:p13b.p13b_i16_slothy_start.split.53_95:OPTIMAL, wall time: 2.144623 s
INFO:p13b.p13b_i16_slothy_start.split.53_95:Booleans in result: 691
INFO:p13b.p13b_i16_slothy_start.split.53_95.selfcheck:OK!
WARNING:p13b:LLVM (llvm-mc, llvm-nm, llvm-readobj) not found, disabling selftest. Consider installing LLVM.
INFO:p13b.p13b_i16_slothy_start.split:[  0- 13]: **********........................ (10)
INFO:p13b.p13b_i16_slothy_start.split:[ 13- 26]: ****************.................. (16)
INFO:p13b.p13b_i16_slothy_start.split:[ 26- 40]: *******************............... (19)
INFO:p13b.p13b_i16_slothy_start.split:[ 40- 53]: *********************............. (21)
INFO:p13b.p13b_i16_slothy_start.split:[ 53- 66]: **********************............ (22)
INFO:p13b.p13b_i16_slothy_start.split:[ 66- 80]: ***********************........... (23)
INFO:p13b.p13b_i16_slothy_start.split:[ 80- 93]: ***************************....... (27)
INFO:p13b.p13b_i16_slothy_start.split:[ 93-106]: *****************************..... (29)
INFO:p13b.p13b_i16_slothy_start.split:[106-120]: *******************************... (31)
INFO:p13b.p13b_i16_slothy_start.split:[120-133]: *******************************... (31)
INFO:p13b.p13b_i16_slothy_start.split:[133-146]: *********************************. (33)
INFO:p13b.p13b_i16_slothy_start.split:[146-160]: *******************************... (31)
INFO:p13b.p13b_i16_slothy_start.split:[160-173]: ******************************.... (30)
INFO:p13b.p13b_i16_slothy_start.split:[173-186]: ****************************...... (28)
INFO:p13b.p13b_i16_slothy_start.split:[186-200]: ***************************....... (27)
INFO:p13b.p13b_i16_slothy_start.split:[200-213]: ***************************....... (27)
INFO:p13b.p13b_i16_slothy_start.split:[213-226]: **************************........ (26)
INFO:p13b.p13b_i16_slothy_start.split:[226-240]: *****************************..... (29)
INFO:p13b.p13b_i16_slothy_start.split:[240-253]: ***************************....... (27)
INFO:p13b.p13b_i16_slothy_start.split:[253-266]: *******************************... (31)
INFO:p13b.p13b_i16_slothy_start.split:[266-280]: *****************************..... (29)
INFO:p13b.p13b_i16_slothy_start.split:[280-293]: ******************************.... (30)
INFO:p13b.p13b_i16_slothy_start.split:[293-306]: *******************************... (31)
INFO:p13b.p13b_i16_slothy_start.split:[306-320]: ****************************...... (28)
INFO:p13b.p13b_i16_slothy_start.split:[320-333]: *****************************..... (29)
INFO:p13b.p13b_i16_slothy_start.split:[333-346]: *************************......... (25)
INFO:p13b.p13b_i16_slothy_start.split:[346-360]: ****************************...... (28)
INFO:p13b.p13b_i16_slothy_start.split:[360-373]: *************************......... (25)
INFO:p13b.p13b_i16_slothy_start.split:[373-386]: ****************************...... (28)
INFO:p13b.p13b_i16_slothy_start.split:[386-400]: ****************************...... (28)
INFO:p13b.p13b_i16_slothy_start.split:[400-413]: *****************************..... (29)
INFO:p13b.p13b_i16_slothy_start.split:[413-426]: ******************************.... (30)
INFO:p13b.p13b_i16_slothy_start.split:[426-440]: ****************************...... (28)
INFO:p13b.p13b_i16_slothy_start.split:[440-453]: ******************************.... (30)
INFO:p13b.p13b_i16_slothy_start.split:[453-466]: ****************************...... (28)
INFO:p13b.p13b_i16_slothy_start.split:[466-480]: *******************************... (31)
INFO:p13b.p13b_i16_slothy_start.split:[480-493]: ****************************...... (28)
INFO:p13b.p13b_i16_slothy_start.split:[493-506]: ****************************...... (28)
INFO:p13b.p13b_i16_slothy_start.split:[506-520]: *****************************..... (29)
INFO:p13b.p13b_i16_slothy_start.split:[520-533]: ***************************....... (27)
INFO:p13b.p13b_i16_slothy_start.split:[533-546]: *****************************..... (29)
INFO:p13b.p13b_i16_slothy_start.split:[546-560]: ************************.......... (24)
INFO:p13b.p13b_i16_slothy_start.split:[560-573]: ***************************....... (27)
INFO:p13b.p13b_i16_slothy_start.split:[573-586]: **************************........ (26)
INFO:p13b.p13b_i16_slothy_start.split:[586-600]: *****************************..... (29)
INFO:p13b.p13b_i16_slothy_start.split:[600-613]: *****************************..... (29)
INFO:p13b.p13b_i16_slothy_start.split:[613-626]: ****************************...... (28)
INFO:p13b.p13b_i16_slothy_start.split:[626-640]: ******************************.... (30)
INFO:p13b.p13b_i16_slothy_start.split:[640-653]: **************************........ (26)
INFO:p13b.p13b_i16_slothy_start.split:[653-667]: *******************............... (19)
INFO:p13b.p13b_i16_slothy_start.split.80_122:Perform external binary search for minimal number of stalls...
INFO:p13b.p13b_i16_slothy_start.split.80_122:Attempt optimization with max 0 stalls...
INFO:p13b.p13b_i16_slothy_start.split.80_122:Setting timeout of 30 seconds...
INFO:p13b.p13b_i16_slothy_start.split.80_122:Objective: None (any satisfying solution is fine)
INFO:p13b.p13b_i16_slothy_start.split.80_122:Invoking external constraint solver (OR-Tools CP-SAT v9.15.6755) ...
INFO:p13b.p13b_i16_slothy_start.split.80_122:INFEASIBLE, wall time: 0.000898 s
INFO:p13b.p13b_i16_slothy_start.split.80_122:Attempt optimization with max 1 stalls...
INFO:p13b.p13b_i16_slothy_start.split.80_122:Setting timeout of 30 seconds...
INFO:p13b.p13b_i16_slothy_start.split.80_122:Objective: None (any satisfying solution is fine)
INFO:p13b.p13b_i16_slothy_start.split.80_122:Invoking external constraint solver (OR-Tools CP-SAT v9.15.6755) ...
INFO:p13b.p13b_i16_slothy_start.split.80_122:INFEASIBLE, wall time: 0.000905 s
INFO:p13b.p13b_i16_slothy_start.split.80_122:Attempt optimization with max 2 stalls...
INFO:p13b.p13b_i16_slothy_start.split.80_122:Setting timeout of 30 seconds...
INFO:p13b.p13b_i16_slothy_start.split.80_122:Objective: None (any satisfying solution is fine)
INFO:p13b.p13b_i16_slothy_start.split.80_122:Invoking external constraint solver (OR-Tools CP-SAT v9.15.6755) ...
INFO:p13b.p13b_i16_slothy_start.split.80_122:INFEASIBLE, wall time: 0.000889 s
INFO:p13b.p13b_i16_slothy_start.split.80_122:Attempt optimization with max 4 stalls...
INFO:p13b.p13b_i16_slothy_start.split.80_122:Setting timeout of 30 seconds...
INFO:p13b.p13b_i16_slothy_start.split.80_122:Objective: None (any satisfying solution is fine)
INFO:p13b.p13b_i16_slothy_start.split.80_122:Invoking external constraint solver (OR-Tools CP-SAT v9.15.6755) ...
INFO:p13b.p13b_i16_slothy_start.split.80_122:INFEASIBLE, wall time: 0.000936 s
INFO:p13b.p13b_i16_slothy_start.split.80_122:Attempt optimization with max 8 stalls...
INFO:p13b.p13b_i16_slothy_start.split.80_122:Setting timeout of 30 seconds...
INFO:p13b.p13b_i16_slothy_start.split.80_122:Objective: None (any satisfying solution is fine)
INFO:p13b.p13b_i16_slothy_start.split.80_122:Invoking external constraint solver (OR-Tools CP-SAT v9.15.6755) ...
INFO:p13b.p13b_i16_slothy_start.split.80_122:INFEASIBLE, wall time: 0.008037 s
INFO:p13b.p13b_i16_slothy_start.split.80_122:Attempt optimization with max 16 stalls...
INFO:p13b.p13b_i16_slothy_start.split.80_122:Setting timeout of 30 seconds...
INFO:p13b.p13b_i16_slothy_start.split.80_122:Objective: None (any satisfying solution is fine)
INFO:p13b.p13b_i16_slothy_start.split.80_122:Invoking external constraint solver (OR-Tools CP-SAT v9.15.6755) ...
INFO:p13b.p13b_i16_slothy_start.split.80_122:INFEASIBLE, wall time: 0.003532 s
INFO:p13b.p13b_i16_slothy_start.split.80_122:Attempt optimization with max 32 stalls...
INFO:p13b.p13b_i16_slothy_start.split.80_122:Setting timeout of 30 seconds...
INFO:p13b.p13b_i16_slothy_start.split.80_122:Objective: None (any satisfying solution is fine)
INFO:p13b.p13b_i16_slothy_start.split.80_122:Invoking external constraint solver (OR-Tools CP-SAT v9.15.6755) ...
INFO:p13b.p13b_i16_slothy_start.split.80_122:[0.0140s]: Found 1 solutions so far... objective (no objective): currently 0.0, bound 0.0
INFO:p13b.p13b_i16_slothy_start.split.80_122:OPTIMAL, wall time: 0.017221 s
INFO:p13b.p13b_i16_slothy_start.split.80_122:Booleans in result: 121
INFO:p13b.p13b_i16_slothy_start.split.80_122.selfcheck:OK!
WARNING:p13b:LLVM (llvm-mc, llvm-nm, llvm-readobj) not found, disabling selftest. Consider installing LLVM.
INFO:p13b.p13b_i16_slothy_start.split.80_122:Attempt optimization with max 24 stalls...
INFO:p13b.p13b_i16_slothy_start.split.80_122:Setting timeout of 30 seconds...
INFO:p13b.p13b_i16_slothy_start.split.80_122:Objective: None (any satisfying solution is fine)
INFO:p13b.p13b_i16_slothy_start.split.80_122:Invoking external constraint solver (OR-Tools CP-SAT v9.15.6755) ...
INFO:p13b.p13b_i16_slothy_start.split.80_122:[0.0391s]: Found 1 solutions so far... objective (no objective): currently 0.0, bound 0.0
INFO:p13b.p13b_i16_slothy_start.split.80_122:OPTIMAL, wall time: 0.042160 s
INFO:p13b.p13b_i16_slothy_start.split.80_122:Booleans in result: 180
INFO:p13b.p13b_i16_slothy_start.split.80_122.selfcheck:OK!
WARNING:p13b:LLVM (llvm-mc, llvm-nm, llvm-readobj) not found, disabling selftest. Consider installing LLVM.
INFO:p13b.p13b_i16_slothy_start.split.80_122:Attempt optimization with max 20 stalls...
INFO:p13b.p13b_i16_slothy_start.split.80_122:Setting timeout of 30 seconds...
INFO:p13b.p13b_i16_slothy_start.split.80_122:Objective: None (any satisfying solution is fine)
INFO:p13b.p13b_i16_slothy_start.split.80_122:Invoking external constraint solver (OR-Tools CP-SAT v9.15.6755) ...
INFO:p13b.p13b_i16_slothy_start.split.80_122:INFEASIBLE, wall time: 0.031668 s
INFO:p13b.p13b_i16_slothy_start.split.80_122:Attempt optimization with max 22 stalls...
INFO:p13b.p13b_i16_slothy_start.split.80_122:Setting timeout of 30 seconds...
INFO:p13b.p13b_i16_slothy_start.split.80_122:Objective: None (any satisfying solution is fine)
INFO:p13b.p13b_i16_slothy_start.split.80_122:Invoking external constraint solver (OR-Tools CP-SAT v9.15.6755) ...
INFO:p13b.p13b_i16_slothy_start.split.80_122:[0.0303s]: Found 1 solutions so far... objective (no objective): currently 0.0, bound 0.0
INFO:p13b.p13b_i16_slothy_start.split.80_122:OPTIMAL, wall time: 0.033455 s
INFO:p13b.p13b_i16_slothy_start.split.80_122:Booleans in result: 147
INFO:p13b.p13b_i16_slothy_start.split.80_122.selfcheck:OK!
WARNING:p13b:LLVM (llvm-mc, llvm-nm, llvm-readobj) not found, disabling selftest. Consider installing LLVM.
INFO:p13b.p13b_i16_slothy_start.split.80_122:Attempt optimization with max 21 stalls...
INFO:p13b.p13b_i16_slothy_start.split.80_122:Setting timeout of 30 seconds...
INFO:p13b.p13b_i16_slothy_start.split.80_122:Objective: None (any satisfying solution is fine)
INFO:p13b.p13b_i16_slothy_start.split.80_122:Invoking external constraint solver (OR-Tools CP-SAT v9.15.6755) ...
INFO:p13b.p13b_i16_slothy_start.split.80_122:INFEASIBLE, wall time: 0.736852 s
INFO:p13b.p13b_i16_slothy_start.split:[  0- 13]: **********........................ (10)
INFO:p13b.p13b_i16_slothy_start.split:[ 13- 26]: ****************.................. (16)
INFO:p13b.p13b_i16_slothy_start.split:[ 26- 40]: *******************............... (19)
INFO:p13b.p13b_i16_slothy_start.split:[ 40- 53]: *********************............. (21)
INFO:p13b.p13b_i16_slothy_start.split:[ 53- 66]: **********************............ (22)
INFO:p13b.p13b_i16_slothy_start.split:[ 66- 80]: **********************............ (22)
INFO:p13b.p13b_i16_slothy_start.split:[ 80- 93]: *************************......... (25)
INFO:p13b.p13b_i16_slothy_start.split:[ 93-106]: ***************************....... (27)
INFO:p13b.p13b_i16_slothy_start.split:[106-120]: ******************************.... (30)
INFO:p13b.p13b_i16_slothy_start.split:[120-133]: *******************************... (31)
INFO:p13b.p13b_i16_slothy_start.split:[133-146]: *********************************. (33)
INFO:p13b.p13b_i16_slothy_start.split:[146-160]: *******************************... (31)
INFO:p13b.p13b_i16_slothy_start.split:[160-173]: ******************************.... (30)
INFO:p13b.p13b_i16_slothy_start.split:[173-186]: ****************************...... (28)
INFO:p13b.p13b_i16_slothy_start.split:[186-200]: ***************************....... (27)
INFO:p13b.p13b_i16_slothy_start.split:[200-213]: ***************************....... (27)
INFO:p13b.p13b_i16_slothy_start.split:[213-226]: **************************........ (26)
INFO:p13b.p13b_i16_slothy_start.split:[226-240]: *****************************..... (29)
INFO:p13b.p13b_i16_slothy_start.split:[240-253]: ***************************....... (27)
INFO:p13b.p13b_i16_slothy_start.split:[253-266]: *******************************... (31)
INFO:p13b.p13b_i16_slothy_start.split:[266-280]: *****************************..... (29)
INFO:p13b.p13b_i16_slothy_start.split:[280-293]: ******************************.... (30)
INFO:p13b.p13b_i16_slothy_start.split:[293-306]: *******************************... (31)
INFO:p13b.p13b_i16_slothy_start.split:[306-320]: ****************************...... (28)
INFO:p13b.p13b_i16_slothy_start.split:[320-333]: *****************************..... (29)
INFO:p13b.p13b_i16_slothy_start.split:[333-346]: *************************......... (25)
INFO:p13b.p13b_i16_slothy_start.split:[346-360]: ****************************...... (28)
INFO:p13b.p13b_i16_slothy_start.split:[360-373]: *************************......... (25)
INFO:p13b.p13b_i16_slothy_start.split:[373-386]: ****************************...... (28)
INFO:p13b.p13b_i16_slothy_start.split:[386-400]: ****************************...... (28)
INFO:p13b.p13b_i16_slothy_start.split:[400-413]: *****************************..... (29)
INFO:p13b.p13b_i16_slothy_start.split:[413-426]: ******************************.... (30)
INFO:p13b.p13b_i16_slothy_start.split:[426-440]: ****************************...... (28)
INFO:p13b.p13b_i16_slothy_start.split:[440-453]: ******************************.... (30)
INFO:p13b.p13b_i16_slothy_start.split:[453-466]: ****************************...... (28)
INFO:p13b.p13b_i16_slothy_start.split:[466-480]: *******************************... (31)
INFO:p13b.p13b_i16_slothy_start.split:[480-493]: ****************************...... (28)
INFO:p13b.p13b_i16_slothy_start.split:[493-506]: ****************************...... (28)
INFO:p13b.p13b_i16_slothy_start.split:[506-520]: *****************************..... (29)
INFO:p13b.p13b_i16_slothy_start.split:[520-533]: ***************************....... (27)
INFO:p13b.p13b_i16_slothy_start.split:[533-546]: *****************************..... (29)
INFO:p13b.p13b_i16_slothy_start.split:[546-560]: ************************.......... (24)
INFO:p13b.p13b_i16_slothy_start.split:[560-573]: ***************************....... (27)
INFO:p13b.p13b_i16_slothy_start.split:[573-586]: **************************........ (26)
INFO:p13b.p13b_i16_slothy_start.split:[586-600]: *****************************..... (29)
INFO:p13b.p13b_i16_slothy_start.split:[600-613]: *****************************..... (29)
INFO:p13b.p13b_i16_slothy_start.split:[613-626]: ****************************...... (28)
INFO:p13b.p13b_i16_slothy_start.split:[626-640]: ******************************.... (30)
INFO:p13b.p13b_i16_slothy_start.split:[640-653]: **************************........ (26)
INFO:p13b.p13b_i16_slothy_start.split:[653-667]: *******************............... (19)
INFO:p13b.p13b_i16_slothy_start.split.107_148:Perform external binary search for minimal number of stalls...
INFO:p13b.p13b_i16_slothy_start.split.107_148:Attempt optimization with max 0 stalls...
INFO:p13b.p13b_i16_slothy_start.split.107_148:Setting timeout of 30 seconds...
INFO:p13b.p13b_i16_slothy_start.split.107_148:Objective: None (any satisfying solution is fine)
INFO:p13b.p13b_i16_slothy_start.split.107_148:Invoking external constraint solver (OR-Tools CP-SAT v9.15.6755) ...
INFO:p13b.p13b_i16_slothy_start.split.107_148:INFEASIBLE, wall time: 0.000880 s
INFO:p13b.p13b_i16_slothy_start.split.107_148:Attempt optimization with max 1 stalls...
INFO:p13b.p13b_i16_slothy_start.split.107_148:Setting timeout of 30 seconds...
INFO:p13b.p13b_i16_slothy_start.split.107_148:Objective: None (any satisfying solution is fine)
INFO:p13b.p13b_i16_slothy_start.split.107_148:Invoking external constraint solver (OR-Tools CP-SAT v9.15.6755) ...
INFO:p13b.p13b_i16_slothy_start.split.107_148:INFEASIBLE, wall time: 0.000850 s
INFO:p13b.p13b_i16_slothy_start.split.107_148:Attempt optimization with max 2 stalls...
INFO:p13b.p13b_i16_slothy_start.split.107_148:Setting timeout of 30 seconds...
INFO:p13b.p13b_i16_slothy_start.split.107_148:Objective: None (any satisfying solution is fine)
INFO:p13b.p13b_i16_slothy_start.split.107_148:Invoking external constraint solver (OR-Tools CP-SAT v9.15.6755) ...
INFO:p13b.p13b_i16_slothy_start.split.107_148:INFEASIBLE, wall time: 0.000854 s
INFO:p13b.p13b_i16_slothy_start.split.107_148:Attempt optimization with max 4 stalls...
INFO:p13b.p13b_i16_slothy_start.split.107_148:Setting timeout of 30 seconds...
INFO:p13b.p13b_i16_slothy_start.split.107_148:Objective: None (any satisfying solution is fine)
INFO:p13b.p13b_i16_slothy_start.split.107_148:Invoking external constraint solver (OR-Tools CP-SAT v9.15.6755) ...
INFO:p13b.p13b_i16_slothy_start.split.107_148:INFEASIBLE, wall time: 0.000974 s
INFO:p13b.p13b_i16_slothy_start.split.107_148:Attempt optimization with max 8 stalls...
INFO:p13b.p13b_i16_slothy_start.split.107_148:Setting timeout of 30 seconds...
INFO:p13b.p13b_i16_slothy_start.split.107_148:Objective: None (any satisfying solution is fine)
INFO:p13b.p13b_i16_slothy_start.split.107_148:Invoking external constraint solver (OR-Tools CP-SAT v9.15.6755) ...
INFO:p13b.p13b_i16_slothy_start.split.107_148:INFEASIBLE, wall time: 0.000933 s
INFO:p13b.p13b_i16_slothy_start.split.107_148:Attempt optimization with max 16 stalls...
INFO:p13b.p13b_i16_slothy_start.split.107_148:Setting timeout of 30 seconds...
INFO:p13b.p13b_i16_slothy_start.split.107_148:Objective: None (any satisfying solution is fine)
INFO:p13b.p13b_i16_slothy_start.split.107_148:Invoking external constraint solver (OR-Tools CP-SAT v9.15.6755) ...
INFO:p13b.p13b_i16_slothy_start.split.107_148:INFEASIBLE, wall time: 0.003190 s
INFO:p13b.p13b_i16_slothy_start.split.107_148:Attempt optimization with max 32 stalls...
INFO:p13b.p13b_i16_slothy_start.split.107_148:Setting timeout of 30 seconds...
INFO:p13b.p13b_i16_slothy_start.split.107_148:Objective: None (any satisfying solution is fine)
INFO:p13b.p13b_i16_slothy_start.split.107_148:Invoking external constraint solver (OR-Tools CP-SAT v9.15.6755) ...
INFO:p13b.p13b_i16_slothy_start.split.107_148:[0.0159s]: Found 1 solutions so far... objective (no objective): currently 0.0, bound 0.0
INFO:p13b.p13b_i16_slothy_start.split.107_148:[0.0163s]: Found 2 solutions so far... objective (no objective): currently 0.0, bound 0.0
INFO:p13b.p13b_i16_slothy_start.split.107_148:OPTIMAL, wall time: 0.019267 s
INFO:p13b.p13b_i16_slothy_start.split.107_148:Booleans in result: 110
INFO:p13b.p13b_i16_slothy_start.split.107_148.selfcheck:OK!
WARNING:p13b:LLVM (llvm-mc, llvm-nm, llvm-readobj) not found, disabling selftest. Consider installing LLVM.
INFO:p13b.p13b_i16_slothy_start.split.107_148:Attempt optimization with max 24 stalls...
INFO:p13b.p13b_i16_slothy_start.split.107_148:Setting timeout of 30 seconds...
INFO:p13b.p13b_i16_slothy_start.split.107_148:Objective: None (any satisfying solution is fine)
INFO:p13b.p13b_i16_slothy_start.split.107_148:Invoking external constraint solver (OR-Tools CP-SAT v9.15.6755) ...
INFO:p13b.p13b_i16_slothy_start.split.107_148:INFEASIBLE, wall time: 0.003285 s
INFO:p13b.p13b_i16_slothy_start.split.107_148:Attempt optimization with max 28 stalls...
INFO:p13b.p13b_i16_slothy_start.split.107_148:Setting timeout of 30 seconds...
INFO:p13b.p13b_i16_slothy_start.split.107_148:Objective: None (any satisfying solution is fine)
INFO:p13b.p13b_i16_slothy_start.split.107_148:Invoking external constraint solver (OR-Tools CP-SAT v9.15.6755) ...
INFO:p13b.p13b_i16_slothy_start.split.107_148:[0.0383s]: Found 1 solutions so far... objective (no objective): currently 0.0, bound 0.0
INFO:p13b.p13b_i16_slothy_start.split.107_148:OPTIMAL, wall time: 0.041567 s
INFO:p13b.p13b_i16_slothy_start.split.107_148:Booleans in result: 153
INFO:p13b.p13b_i16_slothy_start.split.107_148.selfcheck:OK!
WARNING:p13b:LLVM (llvm-mc, llvm-nm, llvm-readobj) not found, disabling selftest. Consider installing LLVM.
INFO:p13b.p13b_i16_slothy_start.split.107_148:Attempt optimization with max 26 stalls...
INFO:p13b.p13b_i16_slothy_start.split.107_148:Setting timeout of 30 seconds...
INFO:p13b.p13b_i16_slothy_start.split.107_148:Objective: None (any satisfying solution is fine)
INFO:p13b.p13b_i16_slothy_start.split.107_148:Invoking external constraint solver (OR-Tools CP-SAT v9.15.6755) ...
INFO:p13b.p13b_i16_slothy_start.split.107_148:INFEASIBLE, wall time: 0.004216 s
INFO:p13b.p13b_i16_slothy_start.split.107_148:Attempt optimization with max 27 stalls...
INFO:p13b.p13b_i16_slothy_start.split.107_148:Setting timeout of 30 seconds...
INFO:p13b.p13b_i16_slothy_start.split.107_148:Objective: None (any satisfying solution is fine)
INFO:p13b.p13b_i16_slothy_start.split.107_148:Invoking external constraint solver (OR-Tools CP-SAT v9.15.6755) ...
INFO:p13b.p13b_i16_slothy_start.split.107_148:[0.0736s]: Found 1 solutions so far... objective (no objective): currently 0.0, bound 0.0
INFO:p13b.p13b_i16_slothy_start.split.107_148:OPTIMAL, wall time: 0.076951 s
INFO:p13b.p13b_i16_slothy_start.split.107_148:Booleans in result: 149
INFO:p13b.p13b_i16_slothy_start.split.107_148.selfcheck:OK!
WARNING:p13b:LLVM (llvm-mc, llvm-nm, llvm-readobj) not found, disabling selftest. Consider installing LLVM.
INFO:p13b.p13b_i16_slothy_start.split:[  0- 13]: **********......................... (10)
INFO:p13b.p13b_i16_slothy_start.split:[ 13- 26]: ****************................... (16)
INFO:p13b.p13b_i16_slothy_start.split:[ 26- 40]: *******************................ (19)
INFO:p13b.p13b_i16_slothy_start.split:[ 40- 53]: *********************.............. (21)
INFO:p13b.p13b_i16_slothy_start.split:[ 53- 66]: **********************............. (22)
INFO:p13b.p13b_i16_slothy_start.split:[ 66- 80]: **********************............. (22)
INFO:p13b.p13b_i16_slothy_start.split:[ 80- 93]: *************************.......... (25)
INFO:p13b.p13b_i16_slothy_start.split:[ 93-106]: **************************......... (26)
INFO:p13b.p13b_i16_slothy_start.split:[106-120]: *****************************...... (29)
INFO:p13b.p13b_i16_slothy_start.split:[120-133]: ******************************..... (30)
INFO:p13b.p13b_i16_slothy_start.split:[133-146]: *********************************.. (33)
INFO:p13b.p13b_i16_slothy_start.split:[146-160]: *******************************.... (31)
INFO:p13b.p13b_i16_slothy_start.split:[160-173]: *******************************.... (31)
INFO:p13b.p13b_i16_slothy_start.split:[173-186]: ****************************....... (28)
INFO:p13b.p13b_i16_slothy_start.split:[186-200]: ***************************........ (27)
INFO:p13b.p13b_i16_slothy_start.split:[200-213]: ***************************........ (27)
INFO:p13b.p13b_i16_slothy_start.split:[213-226]: **************************......... (26)
INFO:p13b.p13b_i16_slothy_start.split:[226-240]: *****************************...... (29)
INFO:p13b.p13b_i16_slothy_start.split:[240-253]: ***************************........ (27)
INFO:p13b.p13b_i16_slothy_start.split:[253-266]: *******************************.... (31)
INFO:p13b.p13b_i16_slothy_start.split:[266-280]: *****************************...... (29)
INFO:p13b.p13b_i16_slothy_start.split:[280-293]: ******************************..... (30)
INFO:p13b.p13b_i16_slothy_start.split:[293-306]: *******************************.... (31)
INFO:p13b.p13b_i16_slothy_start.split:[306-320]: ****************************....... (28)
INFO:p13b.p13b_i16_slothy_start.split:[320-333]: *****************************...... (29)
INFO:p13b.p13b_i16_slothy_start.split:[333-346]: *************************.......... (25)
INFO:p13b.p13b_i16_slothy_start.split:[346-360]: ****************************....... (28)
INFO:p13b.p13b_i16_slothy_start.split:[360-373]: *************************.......... (25)
INFO:p13b.p13b_i16_slothy_start.split:[373-386]: ****************************....... (28)
INFO:p13b.p13b_i16_slothy_start.split:[386-400]: ****************************....... (28)
INFO:p13b.p13b_i16_slothy_start.split:[400-413]: *****************************...... (29)
INFO:p13b.p13b_i16_slothy_start.split:[413-426]: ******************************..... (30)
INFO:p13b.p13b_i16_slothy_start.split:[426-440]: ****************************....... (28)
INFO:p13b.p13b_i16_slothy_start.split:[440-453]: ******************************..... (30)
INFO:p13b.p13b_i16_slothy_start.split:[453-466]: ****************************....... (28)
INFO:p13b.p13b_i16_slothy_start.split:[466-480]: *******************************.... (31)
INFO:p13b.p13b_i16_slothy_start.split:[480-493]: ****************************....... (28)
INFO:p13b.p13b_i16_slothy_start.split:[493-506]: ****************************....... (28)
INFO:p13b.p13b_i16_slothy_start.split:[506-520]: *****************************...... (29)
INFO:p13b.p13b_i16_slothy_start.split:[520-533]: ***************************........ (27)
INFO:p13b.p13b_i16_slothy_start.split:[533-546]: *****************************...... (29)
INFO:p13b.p13b_i16_slothy_start.split:[546-560]: ************************........... (24)
INFO:p13b.p13b_i16_slothy_start.split:[560-573]: ***************************........ (27)
INFO:p13b.p13b_i16_slothy_start.split:[573-586]: **************************......... (26)
INFO:p13b.p13b_i16_slothy_start.split:[586-600]: *****************************...... (29)
INFO:p13b.p13b_i16_slothy_start.split:[600-613]: *****************************...... (29)
INFO:p13b.p13b_i16_slothy_start.split:[613-626]: ****************************....... (28)
INFO:p13b.p13b_i16_slothy_start.split:[626-640]: ******************************..... (30)
INFO:p13b.p13b_i16_slothy_start.split:[640-653]: **************************......... (26)
INFO:p13b.p13b_i16_slothy_start.split:[653-667]: *******************................ (19)
INFO:p13b.p13b_i16_slothy_start.split.133_175:Perform external binary search for minimal number of stalls...
INFO:p13b.p13b_i16_slothy_start.split.133_175:Attempt optimization with max 0 stalls...
INFO:p13b.p13b_i16_slothy_start.split.133_175:Setting timeout of 30 seconds...
INFO:p13b.p13b_i16_slothy_start.split.133_175:Objective: None (any satisfying solution is fine)
INFO:p13b.p13b_i16_slothy_start.split.133_175:Invoking external constraint solver (OR-Tools CP-SAT v9.15.6755) ...
INFO:p13b.p13b_i16_slothy_start.split.133_175:INFEASIBLE, wall time: 0.000927 s
INFO:p13b.p13b_i16_slothy_start.split.133_175:Attempt optimization with max 1 stalls...
INFO:p13b.p13b_i16_slothy_start.split.133_175:Setting timeout of 30 seconds...
INFO:p13b.p13b_i16_slothy_start.split.133_175:Objective: None (any satisfying solution is fine)
INFO:p13b.p13b_i16_slothy_start.split.133_175:Invoking external constraint solver (OR-Tools CP-SAT v9.15.6755) ...
INFO:p13b.p13b_i16_slothy_start.split.133_175:INFEASIBLE, wall time: 0.000974 s
INFO:p13b.p13b_i16_slothy_start.split.133_175:Attempt optimization with max 2 stalls...
INFO:p13b.p13b_i16_slothy_start.split.133_175:Setting timeout of 30 seconds...
INFO:p13b.p13b_i16_slothy_start.split.133_175:Objective: None (any satisfying solution is fine)
INFO:p13b.p13b_i16_slothy_start.split.133_175:Invoking external constraint solver (OR-Tools CP-SAT v9.15.6755) ...
INFO:p13b.p13b_i16_slothy_start.split.133_175:INFEASIBLE, wall time: 0.000933 s
INFO:p13b.p13b_i16_slothy_start.split.133_175:Attempt optimization with max 4 stalls...
INFO:p13b.p13b_i16_slothy_start.split.133_175:Setting timeout of 30 seconds...
INFO:p13b.p13b_i16_slothy_start.split.133_175:Objective: None (any satisfying solution is fine)
INFO:p13b.p13b_i16_slothy_start.split.133_175:Invoking external constraint solver (OR-Tools CP-SAT v9.15.6755) ...
INFO:p13b.p13b_i16_slothy_start.split.133_175:INFEASIBLE, wall time: 0.000901 s
INFO:p13b.p13b_i16_slothy_start.split.133_175:Attempt optimization with max 8 stalls...
INFO:p13b.p13b_i16_slothy_start.split.133_175:Setting timeout of 30 seconds...
INFO:p13b.p13b_i16_slothy_start.split.133_175:Objective: None (any satisfying solution is fine)
INFO:p13b.p13b_i16_slothy_start.split.133_175:Invoking external constraint solver (OR-Tools CP-SAT v9.15.6755) ...
INFO:p13b.p13b_i16_slothy_start.split.133_175:INFEASIBLE, wall time: 0.007997 s
INFO:p13b.p13b_i16_slothy_start.split.133_175:Attempt optimization with max 16 stalls...
INFO:p13b.p13b_i16_slothy_start.split.133_175:Setting timeout of 30 seconds...
INFO:p13b.p13b_i16_slothy_start.split.133_175:Objective: None (any satisfying solution is fine)
INFO:p13b.p13b_i16_slothy_start.split.133_175:Invoking external constraint solver (OR-Tools CP-SAT v9.15.6755) ...
INFO:p13b.p13b_i16_slothy_start.split.133_175:INFEASIBLE, wall time: 0.003338 s
INFO:p13b.p13b_i16_slothy_start.split.133_175:Attempt optimization with max 32 stalls...
INFO:p13b.p13b_i16_slothy_start.split.133_175:Setting timeout of 30 seconds...
INFO:p13b.p13b_i16_slothy_start.split.133_175:Objective: None (any satisfying solution is fine)
INFO:p13b.p13b_i16_slothy_start.split.133_175:Invoking external constraint solver (OR-Tools CP-SAT v9.15.6755) ...
INFO:p13b.p13b_i16_slothy_start.split.133_175:[0.0142s]: Found 1 solutions so far... objective (no objective): currently 0.0, bound 0.0
INFO:p13b.p13b_i16_slothy_start.split.133_175:OPTIMAL, wall time: 0.017198 s
INFO:p13b.p13b_i16_slothy_start.split.133_175:Booleans in result: 121
INFO:p13b.p13b_i16_slothy_start.split.133_175.selfcheck:OK!
WARNING:p13b:LLVM (llvm-mc, llvm-nm, llvm-readobj) not found, disabling selftest. Consider installing LLVM.
INFO:p13b.p13b_i16_slothy_start.split.133_175:Attempt optimization with max 24 stalls...
INFO:p13b.p13b_i16_slothy_start.split.133_175:Setting timeout of 30 seconds...
INFO:p13b.p13b_i16_slothy_start.split.133_175:Objective: None (any satisfying solution is fine)
INFO:p13b.p13b_i16_slothy_start.split.133_175:Invoking external constraint solver (OR-Tools CP-SAT v9.15.6755) ...
INFO:p13b.p13b_i16_slothy_start.split.133_175:INFEASIBLE, wall time: 0.003047 s
INFO:p13b.p13b_i16_slothy_start.split.133_175:Attempt optimization with max 28 stalls...
INFO:p13b.p13b_i16_slothy_start.split.133_175:Setting timeout of 30 seconds...
INFO:p13b.p13b_i16_slothy_start.split.133_175:Objective: None (any satisfying solution is fine)
INFO:p13b.p13b_i16_slothy_start.split.133_175:Invoking external constraint solver (OR-Tools CP-SAT v9.15.6755) ...
INFO:p13b.p13b_i16_slothy_start.split.133_175:[0.0234s]: Found 1 solutions so far... objective (no objective): currently 0.0, bound 0.0
INFO:p13b.p13b_i16_slothy_start.split.133_175:OPTIMAL, wall time: 0.026526 s
INFO:p13b.p13b_i16_slothy_start.split.133_175:Booleans in result: 145
INFO:p13b.p13b_i16_slothy_start.split.133_175.selfcheck:OK!
WARNING:p13b:LLVM (llvm-mc, llvm-nm, llvm-readobj) not found, disabling selftest. Consider installing LLVM.
INFO:p13b.p13b_i16_slothy_start.split.133_175:Attempt optimization with max 26 stalls...
INFO:p13b.p13b_i16_slothy_start.split.133_175:Setting timeout of 30 seconds...
INFO:p13b.p13b_i16_slothy_start.split.133_175:Objective: None (any satisfying solution is fine)
INFO:p13b.p13b_i16_slothy_start.split.133_175:Invoking external constraint solver (OR-Tools CP-SAT v9.15.6755) ...
INFO:p13b.p13b_i16_slothy_start.split.133_175:INFEASIBLE, wall time: 0.003364 s
INFO:p13b.p13b_i16_slothy_start.split.133_175:Attempt optimization with max 27 stalls...
INFO:p13b.p13b_i16_slothy_start.split.133_175:Setting timeout of 30 seconds...
INFO:p13b.p13b_i16_slothy_start.split.133_175:Objective: None (any satisfying solution is fine)
INFO:p13b.p13b_i16_slothy_start.split.133_175:Invoking external constraint solver (OR-Tools CP-SAT v9.15.6755) ...
INFO:p13b.p13b_i16_slothy_start.split.133_175:[0.0497s]: Found 1 solutions so far... objective (no objective): currently 0.0, bound 0.0
INFO:p13b.p13b_i16_slothy_start.split.133_175:OPTIMAL, wall time: 0.052855 s
INFO:p13b.p13b_i16_slothy_start.split.133_175:Booleans in result: 210
INFO:p13b.p13b_i16_slothy_start.split.133_175.selfcheck:OK!
WARNING:p13b:LLVM (llvm-mc, llvm-nm, llvm-readobj) not found, disabling selftest. Consider installing LLVM.
INFO:p13b.p13b_i16_slothy_start.split:[  0- 13]: **********....................... (10)
INFO:p13b.p13b_i16_slothy_start.split:[ 13- 26]: ****************................. (16)
INFO:p13b.p13b_i16_slothy_start.split:[ 26- 40]: *******************.............. (19)
INFO:p13b.p13b_i16_slothy_start.split:[ 40- 53]: *********************............ (21)
INFO:p13b.p13b_i16_slothy_start.split:[ 53- 66]: **********************........... (22)
INFO:p13b.p13b_i16_slothy_start.split:[ 66- 80]: **********************........... (22)
INFO:p13b.p13b_i16_slothy_start.split:[ 80- 93]: *************************........ (25)
INFO:p13b.p13b_i16_slothy_start.split:[ 93-106]: **************************....... (26)
INFO:p13b.p13b_i16_slothy_start.split:[106-120]: *****************************.... (29)
INFO:p13b.p13b_i16_slothy_start.split:[120-133]: *****************************.... (29)
INFO:p13b.p13b_i16_slothy_start.split:[133-146]: *******************************.. (31)
INFO:p13b.p13b_i16_slothy_start.split:[146-160]: ******************************... (30)
INFO:p13b.p13b_i16_slothy_start.split:[160-173]: *******************************.. (31)
INFO:p13b.p13b_i16_slothy_start.split:[173-186]: *****************************.... (29)
INFO:p13b.p13b_i16_slothy_start.split:[186-200]: ***************************...... (27)
INFO:p13b.p13b_i16_slothy_start.split:[200-213]: ***************************...... (27)
INFO:p13b.p13b_i16_slothy_start.split:[213-226]: **************************....... (26)
INFO:p13b.p13b_i16_slothy_start.split:[226-240]: *****************************.... (29)
INFO:p13b.p13b_i16_slothy_start.split:[240-253]: ***************************...... (27)
INFO:p13b.p13b_i16_slothy_start.split:[253-266]: *******************************.. (31)
INFO:p13b.p13b_i16_slothy_start.split:[266-280]: *****************************.... (29)
INFO:p13b.p13b_i16_slothy_start.split:[280-293]: ******************************... (30)
INFO:p13b.p13b_i16_slothy_start.split:[293-306]: *******************************.. (31)
INFO:p13b.p13b_i16_slothy_start.split:[306-320]: ****************************..... (28)
INFO:p13b.p13b_i16_slothy_start.split:[320-333]: *****************************.... (29)
INFO:p13b.p13b_i16_slothy_start.split:[333-346]: *************************........ (25)
INFO:p13b.p13b_i16_slothy_start.split:[346-360]: ****************************..... (28)
INFO:p13b.p13b_i16_slothy_start.split:[360-373]: *************************........ (25)
INFO:p13b.p13b_i16_slothy_start.split:[373-386]: ****************************..... (28)
INFO:p13b.p13b_i16_slothy_start.split:[386-400]: ****************************..... (28)
INFO:p13b.p13b_i16_slothy_start.split:[400-413]: *****************************.... (29)
INFO:p13b.p13b_i16_slothy_start.split:[413-426]: ******************************... (30)
INFO:p13b.p13b_i16_slothy_start.split:[426-440]: ****************************..... (28)
INFO:p13b.p13b_i16_slothy_start.split:[440-453]: ******************************... (30)
INFO:p13b.p13b_i16_slothy_start.split:[453-466]: ****************************..... (28)
INFO:p13b.p13b_i16_slothy_start.split:[466-480]: *******************************.. (31)
INFO:p13b.p13b_i16_slothy_start.split:[480-493]: ****************************..... (28)
INFO:p13b.p13b_i16_slothy_start.split:[493-506]: ****************************..... (28)
INFO:p13b.p13b_i16_slothy_start.split:[506-520]: *****************************.... (29)
INFO:p13b.p13b_i16_slothy_start.split:[520-533]: ***************************...... (27)
INFO:p13b.p13b_i16_slothy_start.split:[533-546]: *****************************.... (29)
INFO:p13b.p13b_i16_slothy_start.split:[546-560]: ************************......... (24)
INFO:p13b.p13b_i16_slothy_start.split:[560-573]: ***************************...... (27)
INFO:p13b.p13b_i16_slothy_start.split:[573-586]: **************************....... (26)
INFO:p13b.p13b_i16_slothy_start.split:[586-600]: *****************************.... (29)
INFO:p13b.p13b_i16_slothy_start.split:[600-613]: *****************************.... (29)
INFO:p13b.p13b_i16_slothy_start.split:[613-626]: ****************************..... (28)
INFO:p13b.p13b_i16_slothy_start.split:[626-640]: ******************************... (30)
INFO:p13b.p13b_i16_slothy_start.split:[640-653]: **************************....... (26)
INFO:p13b.p13b_i16_slothy_start.split:[653-667]: *******************.............. (19)
INFO:p13b.p13b_i16_slothy_start.split.160_202:Perform external binary search for minimal number of stalls...
INFO:p13b.p13b_i16_slothy_start.split.160_202:Attempt optimization with max 0 stalls...
INFO:p13b.p13b_i16_slothy_start.split.160_202:Setting timeout of 30 seconds...
INFO:p13b.p13b_i16_slothy_start.split.160_202:Objective: None (any satisfying solution is fine)
INFO:p13b.p13b_i16_slothy_start.split.160_202:Invoking external constraint solver (OR-Tools CP-SAT v9.15.6755) ...
INFO:p13b.p13b_i16_slothy_start.split.160_202:INFEASIBLE, wall time: 0.000937 s
INFO:p13b.p13b_i16_slothy_start.split.160_202:Attempt optimization with max 1 stalls...
INFO:p13b.p13b_i16_slothy_start.split.160_202:Setting timeout of 30 seconds...
INFO:p13b.p13b_i16_slothy_start.split.160_202:Objective: None (any satisfying solution is fine)
INFO:p13b.p13b_i16_slothy_start.split.160_202:Invoking external constraint solver (OR-Tools CP-SAT v9.15.6755) ...
INFO:p13b.p13b_i16_slothy_start.split.160_202:INFEASIBLE, wall time: 0.000964 s
INFO:p13b.p13b_i16_slothy_start.split.160_202:Attempt optimization with max 2 stalls...
INFO:p13b.p13b_i16_slothy_start.split.160_202:Setting timeout of 30 seconds...
INFO:p13b.p13b_i16_slothy_start.split.160_202:Objective: None (any satisfying solution is fine)
INFO:p13b.p13b_i16_slothy_start.split.160_202:Invoking external constraint solver (OR-Tools CP-SAT v9.15.6755) ...
INFO:p13b.p13b_i16_slothy_start.split.160_202:INFEASIBLE, wall time: 0.000862 s
INFO:p13b.p13b_i16_slothy_start.split.160_202:Attempt optimization with max 4 stalls...
INFO:p13b.p13b_i16_slothy_start.split.160_202:Setting timeout of 30 seconds...
INFO:p13b.p13b_i16_slothy_start.split.160_202:Objective: None (any satisfying solution is fine)
INFO:p13b.p13b_i16_slothy_start.split.160_202:Invoking external constraint solver (OR-Tools CP-SAT v9.15.6755) ...
INFO:p13b.p13b_i16_slothy_start.split.160_202:INFEASIBLE, wall time: 0.001012 s
INFO:p13b.p13b_i16_slothy_start.split.160_202:Attempt optimization with max 8 stalls...
INFO:p13b.p13b_i16_slothy_start.split.160_202:Setting timeout of 30 seconds...
INFO:p13b.p13b_i16_slothy_start.split.160_202:Objective: None (any satisfying solution is fine)
INFO:p13b.p13b_i16_slothy_start.split.160_202:Invoking external constraint solver (OR-Tools CP-SAT v9.15.6755) ...
INFO:p13b.p13b_i16_slothy_start.split.160_202:INFEASIBLE, wall time: 0.000827 s
INFO:p13b.p13b_i16_slothy_start.split.160_202:Attempt optimization with max 16 stalls...
INFO:p13b.p13b_i16_slothy_start.split.160_202:Setting timeout of 30 seconds...
INFO:p13b.p13b_i16_slothy_start.split.160_202:Objective: None (any satisfying solution is fine)
INFO:p13b.p13b_i16_slothy_start.split.160_202:Invoking external constraint solver (OR-Tools CP-SAT v9.15.6755) ...
INFO:p13b.p13b_i16_slothy_start.split.160_202:INFEASIBLE, wall time: 0.001025 s
INFO:p13b.p13b_i16_slothy_start.split.160_202:Attempt optimization with max 32 stalls...
INFO:p13b.p13b_i16_slothy_start.split.160_202:Setting timeout of 30 seconds...
INFO:p13b.p13b_i16_slothy_start.split.160_202:Objective: None (any satisfying solution is fine)
INFO:p13b.p13b_i16_slothy_start.split.160_202:Invoking external constraint solver (OR-Tools CP-SAT v9.15.6755) ...
INFO:p13b.p13b_i16_slothy_start.split.160_202:INFEASIBLE, wall time: 0.028268 s
INFO:p13b.p13b_i16_slothy_start.split.160_202:Attempt optimization with max 64 stalls...
INFO:p13b.p13b_i16_slothy_start.split.160_202:Setting timeout of 30 seconds...
INFO:p13b.p13b_i16_slothy_start.split.160_202:Objective: None (any satisfying solution is fine)
INFO:p13b.p13b_i16_slothy_start.split.160_202:Invoking external constraint solver (OR-Tools CP-SAT v9.15.6755) ...
INFO:p13b.p13b_i16_slothy_start.split.160_202:[0.0109s]: Found 1 solutions so far... objective (no objective): currently 0.0, bound 0.0
INFO:p13b.p13b_i16_slothy_start.split.160_202:OPTIMAL, wall time: 0.013657 s
INFO:p13b.p13b_i16_slothy_start.split.160_202:Booleans in result: 86
INFO:p13b.p13b_i16_slothy_start.split.160_202.selfcheck:OK!
WARNING:p13b:LLVM (llvm-mc, llvm-nm, llvm-readobj) not found, disabling selftest. Consider installing LLVM.
INFO:p13b.p13b_i16_slothy_start.split.160_202:Attempt optimization with max 48 stalls...
INFO:p13b.p13b_i16_slothy_start.split.160_202:Setting timeout of 30 seconds...
INFO:p13b.p13b_i16_slothy_start.split.160_202:Objective: None (any satisfying solution is fine)
INFO:p13b.p13b_i16_slothy_start.split.160_202:Invoking external constraint solver (OR-Tools CP-SAT v9.15.6755) ...
INFO:p13b.p13b_i16_slothy_start.split.160_202:[0.0111s]: Found 1 solutions so far... objective (no objective): currently 0.0, bound 0.0
INFO:p13b.p13b_i16_slothy_start.split.160_202:OPTIMAL, wall time: 0.014003 s
INFO:p13b.p13b_i16_slothy_start.split.160_202:Booleans in result: 86
INFO:p13b.p13b_i16_slothy_start.split.160_202.selfcheck:OK!
WARNING:p13b:LLVM (llvm-mc, llvm-nm, llvm-readobj) not found, disabling selftest. Consider installing LLVM.
INFO:p13b.p13b_i16_slothy_start.split.160_202:Attempt optimization with max 40 stalls...
INFO:p13b.p13b_i16_slothy_start.split.160_202:Setting timeout of 30 seconds...
INFO:p13b.p13b_i16_slothy_start.split.160_202:Objective: None (any satisfying solution is fine)
INFO:p13b.p13b_i16_slothy_start.split.160_202:Invoking external constraint solver (OR-Tools CP-SAT v9.15.6755) ...
INFO:p13b.p13b_i16_slothy_start.split.160_202:[0.0111s]: Found 1 solutions so far... objective (no objective): currently 0.0, bound 0.0
INFO:p13b.p13b_i16_slothy_start.split.160_202:OPTIMAL, wall time: 0.014088 s
INFO:p13b.p13b_i16_slothy_start.split.160_202:Booleans in result: 86
INFO:p13b.p13b_i16_slothy_start.split.160_202.selfcheck:OK!
WARNING:p13b:LLVM (llvm-mc, llvm-nm, llvm-readobj) not found, disabling selftest. Consider installing LLVM.
INFO:p13b.p13b_i16_slothy_start.split.160_202:Attempt optimization with max 36 stalls...
INFO:p13b.p13b_i16_slothy_start.split.160_202:Setting timeout of 30 seconds...
INFO:p13b.p13b_i16_slothy_start.split.160_202:Objective: None (any satisfying solution is fine)
INFO:p13b.p13b_i16_slothy_start.split.160_202:Invoking external constraint solver (OR-Tools CP-SAT v9.15.6755) ...
INFO:p13b.p13b_i16_slothy_start.split.160_202:[0.0119s]: Found 1 solutions so far... objective (no objective): currently 0.0, bound 0.0
INFO:p13b.p13b_i16_slothy_start.split.160_202:OPTIMAL, wall time: 0.014717 s
INFO:p13b.p13b_i16_slothy_start.split.160_202:Booleans in result: 90
INFO:p13b.p13b_i16_slothy_start.split.160_202.selfcheck:OK!
WARNING:p13b:LLVM (llvm-mc, llvm-nm, llvm-readobj) not found, disabling selftest. Consider installing LLVM.
INFO:p13b.p13b_i16_slothy_start.split.160_202:Attempt optimization with max 34 stalls...
INFO:p13b.p13b_i16_slothy_start.split.160_202:Setting timeout of 30 seconds...
INFO:p13b.p13b_i16_slothy_start.split.160_202:Objective: None (any satisfying solution is fine)
INFO:p13b.p13b_i16_slothy_start.split.160_202:Invoking external constraint solver (OR-Tools CP-SAT v9.15.6755) ...
INFO:p13b.p13b_i16_slothy_start.split.160_202:[0.0150s]: Found 1 solutions so far... objective (no objective): currently 0.0, bound 0.0
INFO:p13b.p13b_i16_slothy_start.split.160_202:[0.0153s]: Found 2 solutions so far... objective (no objective): currently 0.0, bound 0.0
INFO:p13b.p13b_i16_slothy_start.split.160_202:OPTIMAL, wall time: 0.018414 s
INFO:p13b.p13b_i16_slothy_start.split.160_202:Booleans in result: 111
INFO:p13b.p13b_i16_slothy_start.split.160_202.selfcheck:OK!
WARNING:p13b:LLVM (llvm-mc, llvm-nm, llvm-readobj) not found, disabling selftest. Consider installing LLVM.
INFO:p13b.p13b_i16_slothy_start.split.160_202:Attempt optimization with max 33 stalls...
INFO:p13b.p13b_i16_slothy_start.split.160_202:Setting timeout of 30 seconds...
INFO:p13b.p13b_i16_slothy_start.split.160_202:Objective: None (any satisfying solution is fine)
INFO:p13b.p13b_i16_slothy_start.split.160_202:Invoking external constraint solver (OR-Tools CP-SAT v9.15.6755) ...
INFO:p13b.p13b_i16_slothy_start.split.160_202:[0.0184s]: Found 1 solutions so far... objective (no objective): currently 0.0, bound 0.0
INFO:p13b.p13b_i16_slothy_start.split.160_202:OPTIMAL, wall time: 0.021402 s
INFO:p13b.p13b_i16_slothy_start.split.160_202:Booleans in result: 148
INFO:p13b.p13b_i16_slothy_start.split.160_202.selfcheck:OK!
WARNING:p13b:LLVM (llvm-mc, llvm-nm, llvm-readobj) not found, disabling selftest. Consider installing LLVM.
INFO:p13b.p13b_i16_slothy_start.split:[  0- 13]: **********....................... (10)
INFO:p13b.p13b_i16_slothy_start.split:[ 13- 26]: ****************................. (16)
INFO:p13b.p13b_i16_slothy_start.split:[ 26- 40]: *******************.............. (19)
INFO:p13b.p13b_i16_slothy_start.split:[ 40- 53]: *********************............ (21)
INFO:p13b.p13b_i16_slothy_start.split:[ 53- 66]: **********************........... (22)
INFO:p13b.p13b_i16_slothy_start.split:[ 66- 80]: **********************........... (22)
INFO:p13b.p13b_i16_slothy_start.split:[ 80- 93]: *************************........ (25)
INFO:p13b.p13b_i16_slothy_start.split:[ 93-106]: **************************....... (26)
INFO:p13b.p13b_i16_slothy_start.split:[106-120]: *****************************.... (29)
INFO:p13b.p13b_i16_slothy_start.split:[120-133]: *****************************.... (29)
INFO:p13b.p13b_i16_slothy_start.split:[133-146]: ******************************... (30)
INFO:p13b.p13b_i16_slothy_start.split:[146-160]: ***************************...... (27)
INFO:p13b.p13b_i16_slothy_start.split:[160-173]: ****************************..... (28)
INFO:p13b.p13b_i16_slothy_start.split:[173-186]: ***************************...... (27)
INFO:p13b.p13b_i16_slothy_start.split:[186-200]: ****************************..... (28)
INFO:p13b.p13b_i16_slothy_start.split:[200-213]: *****************************.... (29)
INFO:p13b.p13b_i16_slothy_start.split:[213-226]: **************************....... (26)
INFO:p13b.p13b_i16_slothy_start.split:[226-240]: *****************************.... (29)
INFO:p13b.p13b_i16_slothy_start.split:[240-253]: ***************************...... (27)
INFO:p13b.p13b_i16_slothy_start.split:[253-266]: *******************************.. (31)
INFO:p13b.p13b_i16_slothy_start.split:[266-280]: *****************************.... (29)
INFO:p13b.p13b_i16_slothy_start.split:[280-293]: ******************************... (30)
INFO:p13b.p13b_i16_slothy_start.split:[293-306]: *******************************.. (31)
INFO:p13b.p13b_i16_slothy_start.split:[306-320]: ****************************..... (28)
INFO:p13b.p13b_i16_slothy_start.split:[320-333]: *****************************.... (29)
INFO:p13b.p13b_i16_slothy_start.split:[333-346]: *************************........ (25)
INFO:p13b.p13b_i16_slothy_start.split:[346-360]: ****************************..... (28)
INFO:p13b.p13b_i16_slothy_start.split:[360-373]: *************************........ (25)
INFO:p13b.p13b_i16_slothy_start.split:[373-386]: ****************************..... (28)
INFO:p13b.p13b_i16_slothy_start.split:[386-400]: ****************************..... (28)
INFO:p13b.p13b_i16_slothy_start.split:[400-413]: *****************************.... (29)
INFO:p13b.p13b_i16_slothy_start.split:[413-426]: ******************************... (30)
INFO:p13b.p13b_i16_slothy_start.split:[426-440]: ****************************..... (28)
INFO:p13b.p13b_i16_slothy_start.split:[440-453]: ******************************... (30)
INFO:p13b.p13b_i16_slothy_start.split:[453-466]: ****************************..... (28)
INFO:p13b.p13b_i16_slothy_start.split:[466-480]: *******************************.. (31)
INFO:p13b.p13b_i16_slothy_start.split:[480-493]: ****************************..... (28)
INFO:p13b.p13b_i16_slothy_start.split:[493-506]: ****************************..... (28)
INFO:p13b.p13b_i16_slothy_start.split:[506-520]: *****************************.... (29)
INFO:p13b.p13b_i16_slothy_start.split:[520-533]: ***************************...... (27)
INFO:p13b.p13b_i16_slothy_start.split:[533-546]: *****************************.... (29)
INFO:p13b.p13b_i16_slothy_start.split:[546-560]: ************************......... (24)
INFO:p13b.p13b_i16_slothy_start.split:[560-573]: ***************************...... (27)
INFO:p13b.p13b_i16_slothy_start.split:[573-586]: **************************....... (26)
INFO:p13b.p13b_i16_slothy_start.split:[586-600]: *****************************.... (29)
INFO:p13b.p13b_i16_slothy_start.split:[600-613]: *****************************.... (29)
INFO:p13b.p13b_i16_slothy_start.split:[613-626]: ****************************..... (28)
INFO:p13b.p13b_i16_slothy_start.split:[626-640]: ******************************... (30)
INFO:p13b.p13b_i16_slothy_start.split:[640-653]: **************************....... (26)
INFO:p13b.p13b_i16_slothy_start.split:[653-667]: *******************.............. (19)
INFO:p13b.p13b_i16_slothy_start.split.187_228:Perform external binary search for minimal number of stalls...
INFO:p13b.p13b_i16_slothy_start.split.187_228:Attempt optimization with max 0 stalls...
INFO:p13b.p13b_i16_slothy_start.split.187_228:Setting timeout of 30 seconds...
INFO:p13b.p13b_i16_slothy_start.split.187_228:Objective: None (any satisfying solution is fine)
INFO:p13b.p13b_i16_slothy_start.split.187_228:Invoking external constraint solver (OR-Tools CP-SAT v9.15.6755) ...
INFO:p13b.p13b_i16_slothy_start.split.187_228:INFEASIBLE, wall time: 0.001018 s
INFO:p13b.p13b_i16_slothy_start.split.187_228:Attempt optimization with max 1 stalls...
INFO:p13b.p13b_i16_slothy_start.split.187_228:Setting timeout of 30 seconds...
INFO:p13b.p13b_i16_slothy_start.split.187_228:Objective: None (any satisfying solution is fine)
INFO:p13b.p13b_i16_slothy_start.split.187_228:Invoking external constraint solver (OR-Tools CP-SAT v9.15.6755) ...
INFO:p13b.p13b_i16_slothy_start.split.187_228:INFEASIBLE, wall time: 0.000832 s
INFO:p13b.p13b_i16_slothy_start.split.187_228:Attempt optimization with max 2 stalls...
INFO:p13b.p13b_i16_slothy_start.split.187_228:Setting timeout of 30 seconds...
INFO:p13b.p13b_i16_slothy_start.split.187_228:Objective: None (any satisfying solution is fine)
INFO:p13b.p13b_i16_slothy_start.split.187_228:Invoking external constraint solver (OR-Tools CP-SAT v9.15.6755) ...
INFO:p13b.p13b_i16_slothy_start.split.187_228:INFEASIBLE, wall time: 0.000784 s
INFO:p13b.p13b_i16_slothy_start.split.187_228:Attempt optimization with max 4 stalls...
INFO:p13b.p13b_i16_slothy_start.split.187_228:Setting timeout of 30 seconds...
INFO:p13b.p13b_i16_slothy_start.split.187_228:Objective: None (any satisfying solution is fine)
INFO:p13b.p13b_i16_slothy_start.split.187_228:Invoking external constraint solver (OR-Tools CP-SAT v9.15.6755) ...
INFO:p13b.p13b_i16_slothy_start.split.187_228:INFEASIBLE, wall time: 0.000878 s
INFO:p13b.p13b_i16_slothy_start.split.187_228:Attempt optimization with max 8 stalls...
INFO:p13b.p13b_i16_slothy_start.split.187_228:Setting timeout of 30 seconds...
INFO:p13b.p13b_i16_slothy_start.split.187_228:Objective: None (any satisfying solution is fine)
INFO:p13b.p13b_i16_slothy_start.split.187_228:Invoking external constraint solver (OR-Tools CP-SAT v9.15.6755) ...
INFO:p13b.p13b_i16_slothy_start.split.187_228:INFEASIBLE, wall time: 0.000809 s
INFO:p13b.p13b_i16_slothy_start.split.187_228:Attempt optimization with max 16 stalls...
INFO:p13b.p13b_i16_slothy_start.split.187_228:Setting timeout of 30 seconds...
INFO:p13b.p13b_i16_slothy_start.split.187_228:Objective: None (any satisfying solution is fine)
INFO:p13b.p13b_i16_slothy_start.split.187_228:Invoking external constraint solver (OR-Tools CP-SAT v9.15.6755) ...
INFO:p13b.p13b_i16_slothy_start.split.187_228:INFEASIBLE, wall time: 0.003277 s
INFO:p13b.p13b_i16_slothy_start.split.187_228:Attempt optimization with max 32 stalls...
INFO:p13b.p13b_i16_slothy_start.split.187_228:Setting timeout of 30 seconds...
INFO:p13b.p13b_i16_slothy_start.split.187_228:Objective: None (any satisfying solution is fine)
INFO:p13b.p13b_i16_slothy_start.split.187_228:Invoking external constraint solver (OR-Tools CP-SAT v9.15.6755) ...
INFO:p13b.p13b_i16_slothy_start.split.187_228:[0.0139s]: Found 1 solutions so far... objective (no objective): currently 0.0, bound 0.0
INFO:p13b.p13b_i16_slothy_start.split.187_228:OPTIMAL, wall time: 0.016600 s
INFO:p13b.p13b_i16_slothy_start.split.187_228:Booleans in result: 123
INFO:p13b.p13b_i16_slothy_start.split.187_228.selfcheck:OK!
WARNING:p13b:LLVM (llvm-mc, llvm-nm, llvm-readobj) not found, disabling selftest. Consider installing LLVM.
INFO:p13b.p13b_i16_slothy_start.split.187_228:Attempt optimization with max 24 stalls...
INFO:p13b.p13b_i16_slothy_start.split.187_228:Setting timeout of 30 seconds...
INFO:p13b.p13b_i16_slothy_start.split.187_228:Objective: None (any satisfying solution is fine)
INFO:p13b.p13b_i16_slothy_start.split.187_228:Invoking external constraint solver (OR-Tools CP-SAT v9.15.6755) ...
INFO:p13b.p13b_i16_slothy_start.split.187_228:INFEASIBLE, wall time: 0.014045 s
INFO:p13b.p13b_i16_slothy_start.split.187_228:Attempt optimization with max 28 stalls...
INFO:p13b.p13b_i16_slothy_start.split.187_228:Setting timeout of 30 seconds...
INFO:p13b.p13b_i16_slothy_start.split.187_228:Objective: None (any satisfying solution is fine)
INFO:p13b.p13b_i16_slothy_start.split.187_228:Invoking external constraint solver (OR-Tools CP-SAT v9.15.6755) ...
INFO:p13b.p13b_i16_slothy_start.split.187_228:INFEASIBLE, wall time: 0.014987 s
INFO:p13b.p13b_i16_slothy_start.split.187_228:Attempt optimization with max 30 stalls...
INFO:p13b.p13b_i16_slothy_start.split.187_228:Setting timeout of 30 seconds...
INFO:p13b.p13b_i16_slothy_start.split.187_228:Objective: None (any satisfying solution is fine)
INFO:p13b.p13b_i16_slothy_start.split.187_228:Invoking external constraint solver (OR-Tools CP-SAT v9.15.6755) ...
INFO:p13b.p13b_i16_slothy_start.split.187_228:[0.0124s]: Found 1 solutions so far... objective (no objective): currently 0.0, bound 0.0
INFO:p13b.p13b_i16_slothy_start.split.187_228:OPTIMAL, wall time: 0.015158 s
INFO:p13b.p13b_i16_slothy_start.split.187_228:Booleans in result: 116
INFO:p13b.p13b_i16_slothy_start.split.187_228.selfcheck:OK!
WARNING:p13b:LLVM (llvm-mc, llvm-nm, llvm-readobj) not found, disabling selftest. Consider installing LLVM.
INFO:p13b.p13b_i16_slothy_start.split.187_228:Attempt optimization with max 29 stalls...
INFO:p13b.p13b_i16_slothy_start.split.187_228:Setting timeout of 30 seconds...
INFO:p13b.p13b_i16_slothy_start.split.187_228:Objective: None (any satisfying solution is fine)
INFO:p13b.p13b_i16_slothy_start.split.187_228:Invoking external constraint solver (OR-Tools CP-SAT v9.15.6755) ...
INFO:p13b.p13b_i16_slothy_start.split.187_228:[0.0133s]: Found 1 solutions so far... objective (no objective): currently 0.0, bound 0.0
INFO:p13b.p13b_i16_slothy_start.split.187_228:OPTIMAL, wall time: 0.016179 s
INFO:p13b.p13b_i16_slothy_start.split.187_228:Booleans in result: 90
INFO:p13b.p13b_i16_slothy_start.split.187_228.selfcheck:OK!
WARNING:p13b:LLVM (llvm-mc, llvm-nm, llvm-readobj) not found, disabling selftest. Consider installing LLVM.
INFO:p13b.p13b_i16_slothy_start.split:[  0- 13]: **********....................... (10)
INFO:p13b.p13b_i16_slothy_start.split:[ 13- 26]: ****************................. (16)
INFO:p13b.p13b_i16_slothy_start.split:[ 26- 40]: *******************.............. (19)
INFO:p13b.p13b_i16_slothy_start.split:[ 40- 53]: *********************............ (21)
INFO:p13b.p13b_i16_slothy_start.split:[ 53- 66]: **********************........... (22)
INFO:p13b.p13b_i16_slothy_start.split:[ 66- 80]: **********************........... (22)
INFO:p13b.p13b_i16_slothy_start.split:[ 80- 93]: *************************........ (25)
INFO:p13b.p13b_i16_slothy_start.split:[ 93-106]: **************************....... (26)
INFO:p13b.p13b_i16_slothy_start.split:[106-120]: *****************************.... (29)
INFO:p13b.p13b_i16_slothy_start.split:[120-133]: *****************************.... (29)
INFO:p13b.p13b_i16_slothy_start.split:[133-146]: ******************************... (30)
INFO:p13b.p13b_i16_slothy_start.split:[146-160]: ***************************...... (27)
INFO:p13b.p13b_i16_slothy_start.split:[160-173]: ***************************...... (27)
INFO:p13b.p13b_i16_slothy_start.split:[173-186]: ************************......... (24)
INFO:p13b.p13b_i16_slothy_start.split:[186-200]: ************************......... (24)
INFO:p13b.p13b_i16_slothy_start.split:[200-213]: *************************........ (25)
INFO:p13b.p13b_i16_slothy_start.split:[213-226]: *************************........ (25)
INFO:p13b.p13b_i16_slothy_start.split:[226-240]: ******************************... (30)
INFO:p13b.p13b_i16_slothy_start.split:[240-253]: ****************************..... (28)
INFO:p13b.p13b_i16_slothy_start.split:[253-266]: *******************************.. (31)
INFO:p13b.p13b_i16_slothy_start.split:[266-280]: *****************************.... (29)
INFO:p13b.p13b_i16_slothy_start.split:[280-293]: ******************************... (30)
INFO:p13b.p13b_i16_slothy_start.split:[293-306]: *******************************.. (31)
INFO:p13b.p13b_i16_slothy_start.split:[306-320]: ****************************..... (28)
INFO:p13b.p13b_i16_slothy_start.split:[320-333]: *****************************.... (29)
INFO:p13b.p13b_i16_slothy_start.split:[333-346]: *************************........ (25)
INFO:p13b.p13b_i16_slothy_start.split:[346-360]: ****************************..... (28)
INFO:p13b.p13b_i16_slothy_start.split:[360-373]: *************************........ (25)
INFO:p13b.p13b_i16_slothy_start.split:[373-386]: ****************************..... (28)
INFO:p13b.p13b_i16_slothy_start.split:[386-400]: ****************************..... (28)
INFO:p13b.p13b_i16_slothy_start.split:[400-413]: *****************************.... (29)
INFO:p13b.p13b_i16_slothy_start.split:[413-426]: ******************************... (30)
INFO:p13b.p13b_i16_slothy_start.split:[426-440]: ****************************..... (28)
INFO:p13b.p13b_i16_slothy_start.split:[440-453]: ******************************... (30)
INFO:p13b.p13b_i16_slothy_start.split:[453-466]: ****************************..... (28)
INFO:p13b.p13b_i16_slothy_start.split:[466-480]: *******************************.. (31)
INFO:p13b.p13b_i16_slothy_start.split:[480-493]: ****************************..... (28)
INFO:p13b.p13b_i16_slothy_start.split:[493-506]: ****************************..... (28)
INFO:p13b.p13b_i16_slothy_start.split:[506-520]: *****************************.... (29)
INFO:p13b.p13b_i16_slothy_start.split:[520-533]: ***************************...... (27)
INFO:p13b.p13b_i16_slothy_start.split:[533-546]: *****************************.... (29)
INFO:p13b.p13b_i16_slothy_start.split:[546-560]: ************************......... (24)
INFO:p13b.p13b_i16_slothy_start.split:[560-573]: ***************************...... (27)
INFO:p13b.p13b_i16_slothy_start.split:[573-586]: **************************....... (26)
INFO:p13b.p13b_i16_slothy_start.split:[586-600]: *****************************.... (29)
INFO:p13b.p13b_i16_slothy_start.split:[600-613]: *****************************.... (29)
INFO:p13b.p13b_i16_slothy_start.split:[613-626]: ****************************..... (28)
INFO:p13b.p13b_i16_slothy_start.split:[626-640]: ******************************... (30)
INFO:p13b.p13b_i16_slothy_start.split:[640-653]: **************************....... (26)
INFO:p13b.p13b_i16_slothy_start.split:[653-667]: *******************.............. (19)
INFO:p13b.p13b_i16_slothy_start.split.213_255:Perform external binary search for minimal number of stalls...
INFO:p13b.p13b_i16_slothy_start.split.213_255:Attempt optimization with max 0 stalls...
INFO:p13b.p13b_i16_slothy_start.split.213_255:Setting timeout of 30 seconds...
INFO:p13b.p13b_i16_slothy_start.split.213_255:Objective: None (any satisfying solution is fine)
INFO:p13b.p13b_i16_slothy_start.split.213_255:Invoking external constraint solver (OR-Tools CP-SAT v9.15.6755) ...
INFO:p13b.p13b_i16_slothy_start.split.213_255:INFEASIBLE, wall time: 0.000869 s
INFO:p13b.p13b_i16_slothy_start.split.213_255:Attempt optimization with max 1 stalls...
INFO:p13b.p13b_i16_slothy_start.split.213_255:Setting timeout of 30 seconds...
INFO:p13b.p13b_i16_slothy_start.split.213_255:Objective: None (any satisfying solution is fine)
INFO:p13b.p13b_i16_slothy_start.split.213_255:Invoking external constraint solver (OR-Tools CP-SAT v9.15.6755) ...
INFO:p13b.p13b_i16_slothy_start.split.213_255:INFEASIBLE, wall time: 0.000844 s
INFO:p13b.p13b_i16_slothy_start.split.213_255:Attempt optimization with max 2 stalls...
INFO:p13b.p13b_i16_slothy_start.split.213_255:Setting timeout of 30 seconds...
INFO:p13b.p13b_i16_slothy_start.split.213_255:Objective: None (any satisfying solution is fine)
INFO:p13b.p13b_i16_slothy_start.split.213_255:Invoking external constraint solver (OR-Tools CP-SAT v9.15.6755) ...
INFO:p13b.p13b_i16_slothy_start.split.213_255:INFEASIBLE, wall time: 0.000956 s
INFO:p13b.p13b_i16_slothy_start.split.213_255:Attempt optimization with max 4 stalls...
INFO:p13b.p13b_i16_slothy_start.split.213_255:Setting timeout of 30 seconds...
INFO:p13b.p13b_i16_slothy_start.split.213_255:Objective: None (any satisfying solution is fine)
INFO:p13b.p13b_i16_slothy_start.split.213_255:Invoking external constraint solver (OR-Tools CP-SAT v9.15.6755) ...
INFO:p13b.p13b_i16_slothy_start.split.213_255:INFEASIBLE, wall time: 0.000812 s
INFO:p13b.p13b_i16_slothy_start.split.213_255:Attempt optimization with max 8 stalls...
INFO:p13b.p13b_i16_slothy_start.split.213_255:Setting timeout of 30 seconds...
INFO:p13b.p13b_i16_slothy_start.split.213_255:Objective: None (any satisfying solution is fine)
INFO:p13b.p13b_i16_slothy_start.split.213_255:Invoking external constraint solver (OR-Tools CP-SAT v9.15.6755) ...
INFO:p13b.p13b_i16_slothy_start.split.213_255:INFEASIBLE, wall time: 0.000881 s
INFO:p13b.p13b_i16_slothy_start.split.213_255:Attempt optimization with max 16 stalls...
INFO:p13b.p13b_i16_slothy_start.split.213_255:Setting timeout of 30 seconds...
INFO:p13b.p13b_i16_slothy_start.split.213_255:Objective: None (any satisfying solution is fine)
INFO:p13b.p13b_i16_slothy_start.split.213_255:Invoking external constraint solver (OR-Tools CP-SAT v9.15.6755) ...
INFO:p13b.p13b_i16_slothy_start.split.213_255:INFEASIBLE, wall time: 0.003454 s
INFO:p13b.p13b_i16_slothy_start.split.213_255:Attempt optimization with max 32 stalls...
INFO:p13b.p13b_i16_slothy_start.split.213_255:Setting timeout of 30 seconds...
INFO:p13b.p13b_i16_slothy_start.split.213_255:Objective: None (any satisfying solution is fine)
INFO:p13b.p13b_i16_slothy_start.split.213_255:Invoking external constraint solver (OR-Tools CP-SAT v9.15.6755) ...
INFO:p13b.p13b_i16_slothy_start.split.213_255:INFEASIBLE, wall time: 0.014619 s
INFO:p13b.p13b_i16_slothy_start.split.213_255:Attempt optimization with max 64 stalls...
INFO:p13b.p13b_i16_slothy_start.split.213_255:Setting timeout of 30 seconds...
INFO:p13b.p13b_i16_slothy_start.split.213_255:Objective: None (any satisfying solution is fine)
INFO:p13b.p13b_i16_slothy_start.split.213_255:Invoking external constraint solver (OR-Tools CP-SAT v9.15.6755) ...
INFO:p13b.p13b_i16_slothy_start.split.213_255:[0.0113s]: Found 1 solutions so far... objective (no objective): currently 0.0, bound 0.0
INFO:p13b.p13b_i16_slothy_start.split.213_255:OPTIMAL, wall time: 0.013979 s
INFO:p13b.p13b_i16_slothy_start.split.213_255:Booleans in result: 85
INFO:p13b.p13b_i16_slothy_start.split.213_255.selfcheck:OK!
WARNING:p13b:LLVM (llvm-mc, llvm-nm, llvm-readobj) not found, disabling selftest. Consider installing LLVM.
INFO:p13b.p13b_i16_slothy_start.split.213_255:Attempt optimization with max 48 stalls...
INFO:p13b.p13b_i16_slothy_start.split.213_255:Setting timeout of 30 seconds...
INFO:p13b.p13b_i16_slothy_start.split.213_255:Objective: None (any satisfying solution is fine)
INFO:p13b.p13b_i16_slothy_start.split.213_255:Invoking external constraint solver (OR-Tools CP-SAT v9.15.6755) ...
INFO:p13b.p13b_i16_slothy_start.split.213_255:[0.0118s]: Found 1 solutions so far... objective (no objective): currently 0.0, bound 0.0
INFO:p13b.p13b_i16_slothy_start.split.213_255:OPTIMAL, wall time: 0.014747 s
INFO:p13b.p13b_i16_slothy_start.split.213_255:Booleans in result: 85
INFO:p13b.p13b_i16_slothy_start.split.213_255.selfcheck:OK!
WARNING:p13b:LLVM (llvm-mc, llvm-nm, llvm-readobj) not found, disabling selftest. Consider installing LLVM.
INFO:p13b.p13b_i16_slothy_start.split.213_255:Attempt optimization with max 40 stalls...
INFO:p13b.p13b_i16_slothy_start.split.213_255:Setting timeout of 30 seconds...
INFO:p13b.p13b_i16_slothy_start.split.213_255:Objective: None (any satisfying solution is fine)
INFO:p13b.p13b_i16_slothy_start.split.213_255:Invoking external constraint solver (OR-Tools CP-SAT v9.15.6755) ...
INFO:p13b.p13b_i16_slothy_start.split.213_255:[0.0165s]: Found 1 solutions so far... objective (no objective): currently 0.0, bound 0.0
INFO:p13b.p13b_i16_slothy_start.split.213_255:OPTIMAL, wall time: 0.019468 s
INFO:p13b.p13b_i16_slothy_start.split.213_255:Booleans in result: 119
INFO:p13b.p13b_i16_slothy_start.split.213_255.selfcheck:OK!
WARNING:p13b:LLVM (llvm-mc, llvm-nm, llvm-readobj) not found, disabling selftest. Consider installing LLVM.
INFO:p13b.p13b_i16_slothy_start.split.213_255:Attempt optimization with max 36 stalls...
INFO:p13b.p13b_i16_slothy_start.split.213_255:Setting timeout of 30 seconds...
INFO:p13b.p13b_i16_slothy_start.split.213_255:Objective: None (any satisfying solution is fine)
INFO:p13b.p13b_i16_slothy_start.split.213_255:Invoking external constraint solver (OR-Tools CP-SAT v9.15.6755) ...
INFO:p13b.p13b_i16_slothy_start.split.213_255:[0.0152s]: Found 1 solutions so far... objective (no objective): currently 0.0, bound 0.0
INFO:p13b.p13b_i16_slothy_start.split.213_255:OPTIMAL, wall time: 0.018113 s
INFO:p13b.p13b_i16_slothy_start.split.213_255:Booleans in result: 116
INFO:p13b.p13b_i16_slothy_start.split.213_255.selfcheck:OK!
WARNING:p13b:LLVM (llvm-mc, llvm-nm, llvm-readobj) not found, disabling selftest. Consider installing LLVM.
INFO:p13b.p13b_i16_slothy_start.split.213_255:Attempt optimization with max 34 stalls...
INFO:p13b.p13b_i16_slothy_start.split.213_255:Setting timeout of 30 seconds...
INFO:p13b.p13b_i16_slothy_start.split.213_255:Objective: None (any satisfying solution is fine)
INFO:p13b.p13b_i16_slothy_start.split.213_255:Invoking external constraint solver (OR-Tools CP-SAT v9.15.6755) ...
INFO:p13b.p13b_i16_slothy_start.split.213_255:[0.0177s]: Found 1 solutions so far... objective (no objective): currently 0.0, bound 0.0
INFO:p13b.p13b_i16_slothy_start.split.213_255:OPTIMAL, wall time: 0.020504 s
INFO:p13b.p13b_i16_slothy_start.split.213_255:Booleans in result: 126
INFO:p13b.p13b_i16_slothy_start.split.213_255.selfcheck:OK!
WARNING:p13b:LLVM (llvm-mc, llvm-nm, llvm-readobj) not found, disabling selftest. Consider installing LLVM.
INFO:p13b.p13b_i16_slothy_start.split.213_255:Attempt optimization with max 33 stalls...
INFO:p13b.p13b_i16_slothy_start.split.213_255:Setting timeout of 30 seconds...
INFO:p13b.p13b_i16_slothy_start.split.213_255:Objective: None (any satisfying solution is fine)
INFO:p13b.p13b_i16_slothy_start.split.213_255:Invoking external constraint solver (OR-Tools CP-SAT v9.15.6755) ...
INFO:p13b.p13b_i16_slothy_start.split.213_255:[0.0179s]: Found 1 solutions so far... objective (no objective): currently 0.0, bound 0.0
INFO:p13b.p13b_i16_slothy_start.split.213_255:OPTIMAL, wall time: 0.020765 s
INFO:p13b.p13b_i16_slothy_start.split.213_255:Booleans in result: 127
INFO:p13b.p13b_i16_slothy_start.split.213_255.selfcheck:OK!
WARNING:p13b:LLVM (llvm-mc, llvm-nm, llvm-readobj) not found, disabling selftest. Consider installing LLVM.
INFO:p13b.p13b_i16_slothy_start.split:[  0- 13]: **********....................... (10)
INFO:p13b.p13b_i16_slothy_start.split:[ 13- 26]: ****************................. (16)
INFO:p13b.p13b_i16_slothy_start.split:[ 26- 40]: *******************.............. (19)
INFO:p13b.p13b_i16_slothy_start.split:[ 40- 53]: *********************............ (21)
INFO:p13b.p13b_i16_slothy_start.split:[ 53- 66]: **********************........... (22)
INFO:p13b.p13b_i16_slothy_start.split:[ 66- 80]: **********************........... (22)
INFO:p13b.p13b_i16_slothy_start.split:[ 80- 93]: *************************........ (25)
INFO:p13b.p13b_i16_slothy_start.split:[ 93-106]: **************************....... (26)
INFO:p13b.p13b_i16_slothy_start.split:[106-120]: *****************************.... (29)
INFO:p13b.p13b_i16_slothy_start.split:[120-133]: *****************************.... (29)
INFO:p13b.p13b_i16_slothy_start.split:[133-146]: ******************************... (30)
INFO:p13b.p13b_i16_slothy_start.split:[146-160]: ***************************...... (27)
INFO:p13b.p13b_i16_slothy_start.split:[160-173]: ***************************...... (27)
INFO:p13b.p13b_i16_slothy_start.split:[173-186]: ************************......... (24)
INFO:p13b.p13b_i16_slothy_start.split:[186-200]: ***********************.......... (23)
INFO:p13b.p13b_i16_slothy_start.split:[200-213]: ********************............. (20)
INFO:p13b.p13b_i16_slothy_start.split:[213-226]: ********************............. (20)
INFO:p13b.p13b_i16_slothy_start.split:[226-240]: *************************........ (25)
INFO:p13b.p13b_i16_slothy_start.split:[240-253]: ***************************...... (27)
INFO:p13b.p13b_i16_slothy_start.split:[253-266]: *****************************.... (29)
INFO:p13b.p13b_i16_slothy_start.split:[266-280]: *****************************.... (29)
INFO:p13b.p13b_i16_slothy_start.split:[280-293]: ******************************... (30)
INFO:p13b.p13b_i16_slothy_start.split:[293-306]: *******************************.. (31)
INFO:p13b.p13b_i16_slothy_start.split:[306-320]: ****************************..... (28)
INFO:p13b.p13b_i16_slothy_start.split:[320-333]: *****************************.... (29)
INFO:p13b.p13b_i16_slothy_start.split:[333-346]: *************************........ (25)
INFO:p13b.p13b_i16_slothy_start.split:[346-360]: ****************************..... (28)
INFO:p13b.p13b_i16_slothy_start.split:[360-373]: *************************........ (25)
INFO:p13b.p13b_i16_slothy_start.split:[373-386]: ****************************..... (28)
INFO:p13b.p13b_i16_slothy_start.split:[386-400]: ****************************..... (28)
INFO:p13b.p13b_i16_slothy_start.split:[400-413]: *****************************.... (29)
INFO:p13b.p13b_i16_slothy_start.split:[413-426]: ******************************... (30)
INFO:p13b.p13b_i16_slothy_start.split:[426-440]: ****************************..... (28)
INFO:p13b.p13b_i16_slothy_start.split:[440-453]: ******************************... (30)
INFO:p13b.p13b_i16_slothy_start.split:[453-466]: ****************************..... (28)
INFO:p13b.p13b_i16_slothy_start.split:[466-480]: *******************************.. (31)
INFO:p13b.p13b_i16_slothy_start.split:[480-493]: ****************************..... (28)
INFO:p13b.p13b_i16_slothy_start.split:[493-506]: ****************************..... (28)
INFO:p13b.p13b_i16_slothy_start.split:[506-520]: *****************************.... (29)
INFO:p13b.p13b_i16_slothy_start.split:[520-533]: ***************************...... (27)
INFO:p13b.p13b_i16_slothy_start.split:[533-546]: *****************************.... (29)
INFO:p13b.p13b_i16_slothy_start.split:[546-560]: ************************......... (24)
INFO:p13b.p13b_i16_slothy_start.split:[560-573]: ***************************...... (27)
INFO:p13b.p13b_i16_slothy_start.split:[573-586]: **************************....... (26)
INFO:p13b.p13b_i16_slothy_start.split:[586-600]: *****************************.... (29)
INFO:p13b.p13b_i16_slothy_start.split:[600-613]: *****************************.... (29)
INFO:p13b.p13b_i16_slothy_start.split:[613-626]: ****************************..... (28)
INFO:p13b.p13b_i16_slothy_start.split:[626-640]: ******************************... (30)
INFO:p13b.p13b_i16_slothy_start.split:[640-653]: **************************....... (26)
INFO:p13b.p13b_i16_slothy_start.split:[653-667]: *******************.............. (19)
INFO:p13b.p13b_i16_slothy_start.split.240_282:Perform external binary search for minimal number of stalls...
INFO:p13b.p13b_i16_slothy_start.split.240_282:Attempt optimization with max 0 stalls...
INFO:p13b.p13b_i16_slothy_start.split.240_282:Setting timeout of 30 seconds...
INFO:p13b.p13b_i16_slothy_start.split.240_282:Objective: None (any satisfying solution is fine)
INFO:p13b.p13b_i16_slothy_start.split.240_282:Invoking external constraint solver (OR-Tools CP-SAT v9.15.6755) ...
INFO:p13b.p13b_i16_slothy_start.split.240_282:INFEASIBLE, wall time: 0.000847 s
INFO:p13b.p13b_i16_slothy_start.split.240_282:Attempt optimization with max 1 stalls...
INFO:p13b.p13b_i16_slothy_start.split.240_282:Setting timeout of 30 seconds...
INFO:p13b.p13b_i16_slothy_start.split.240_282:Objective: None (any satisfying solution is fine)
INFO:p13b.p13b_i16_slothy_start.split.240_282:Invoking external constraint solver (OR-Tools CP-SAT v9.15.6755) ...
INFO:p13b.p13b_i16_slothy_start.split.240_282:INFEASIBLE, wall time: 0.000832 s
INFO:p13b.p13b_i16_slothy_start.split.240_282:Attempt optimization with max 2 stalls...
INFO:p13b.p13b_i16_slothy_start.split.240_282:Setting timeout of 30 seconds...
INFO:p13b.p13b_i16_slothy_start.split.240_282:Objective: None (any satisfying solution is fine)
INFO:p13b.p13b_i16_slothy_start.split.240_282:Invoking external constraint solver (OR-Tools CP-SAT v9.15.6755) ...
INFO:p13b.p13b_i16_slothy_start.split.240_282:INFEASIBLE, wall time: 0.000792 s
INFO:p13b.p13b_i16_slothy_start.split.240_282:Attempt optimization with max 4 stalls...
INFO:p13b.p13b_i16_slothy_start.split.240_282:Setting timeout of 30 seconds...
INFO:p13b.p13b_i16_slothy_start.split.240_282:Objective: None (any satisfying solution is fine)
INFO:p13b.p13b_i16_slothy_start.split.240_282:Invoking external constraint solver (OR-Tools CP-SAT v9.15.6755) ...
INFO:p13b.p13b_i16_slothy_start.split.240_282:INFEASIBLE, wall time: 0.000800 s
INFO:p13b.p13b_i16_slothy_start.split.240_282:Attempt optimization with max 8 stalls...
INFO:p13b.p13b_i16_slothy_start.split.240_282:Setting timeout of 30 seconds...
INFO:p13b.p13b_i16_slothy_start.split.240_282:Objective: None (any satisfying solution is fine)
INFO:p13b.p13b_i16_slothy_start.split.240_282:Invoking external constraint solver (OR-Tools CP-SAT v9.15.6755) ...
INFO:p13b.p13b_i16_slothy_start.split.240_282:INFEASIBLE, wall time: 0.000863 s
INFO:p13b.p13b_i16_slothy_start.split.240_282:Attempt optimization with max 16 stalls...
INFO:p13b.p13b_i16_slothy_start.split.240_282:Setting timeout of 30 seconds...
INFO:p13b.p13b_i16_slothy_start.split.240_282:Objective: None (any satisfying solution is fine)
INFO:p13b.p13b_i16_slothy_start.split.240_282:Invoking external constraint solver (OR-Tools CP-SAT v9.15.6755) ...
INFO:p13b.p13b_i16_slothy_start.split.240_282:INFEASIBLE, wall time: 0.003219 s
INFO:p13b.p13b_i16_slothy_start.split.240_282:Attempt optimization with max 32 stalls...
INFO:p13b.p13b_i16_slothy_start.split.240_282:Setting timeout of 30 seconds...
INFO:p13b.p13b_i16_slothy_start.split.240_282:Objective: None (any satisfying solution is fine)
INFO:p13b.p13b_i16_slothy_start.split.240_282:Invoking external constraint solver (OR-Tools CP-SAT v9.15.6755) ...
INFO:p13b.p13b_i16_slothy_start.split.240_282:[0.0291s]: Found 1 solutions so far... objective (no objective): currently 0.0, bound 0.0
INFO:p13b.p13b_i16_slothy_start.split.240_282:OPTIMAL, wall time: 0.032123 s
INFO:p13b.p13b_i16_slothy_start.split.240_282:Booleans in result: 126
INFO:p13b.p13b_i16_slothy_start.split.240_282.selfcheck:OK!
WARNING:p13b:LLVM (llvm-mc, llvm-nm, llvm-readobj) not found, disabling selftest. Consider installing LLVM.
INFO:p13b.p13b_i16_slothy_start.split.240_282:Attempt optimization with max 24 stalls...
INFO:p13b.p13b_i16_slothy_start.split.240_282:Setting timeout of 30 seconds...
INFO:p13b.p13b_i16_slothy_start.split.240_282:Objective: None (any satisfying solution is fine)
INFO:p13b.p13b_i16_slothy_start.split.240_282:Invoking external constraint solver (OR-Tools CP-SAT v9.15.6755) ...
INFO:p13b.p13b_i16_slothy_start.split.240_282:INFEASIBLE, wall time: 0.019498 s
INFO:p13b.p13b_i16_slothy_start.split.240_282:Attempt optimization with max 28 stalls...
INFO:p13b.p13b_i16_slothy_start.split.240_282:Setting timeout of 30 seconds...
INFO:p13b.p13b_i16_slothy_start.split.240_282:Objective: None (any satisfying solution is fine)
INFO:p13b.p13b_i16_slothy_start.split.240_282:Invoking external constraint solver (OR-Tools CP-SAT v9.15.6755) ...
INFO:p13b.p13b_i16_slothy_start.split.240_282:INFEASIBLE, wall time: 0.018282 s
INFO:p13b.p13b_i16_slothy_start.split.240_282:Attempt optimization with max 30 stalls...
INFO:p13b.p13b_i16_slothy_start.split.240_282:Setting timeout of 30 seconds...
INFO:p13b.p13b_i16_slothy_start.split.240_282:Objective: None (any satisfying solution is fine)
INFO:p13b.p13b_i16_slothy_start.split.240_282:Invoking external constraint solver (OR-Tools CP-SAT v9.15.6755) ...
INFO:p13b.p13b_i16_slothy_start.split.240_282:INFEASIBLE, wall time: 0.034566 s
INFO:p13b.p13b_i16_slothy_start.split.240_282:Attempt optimization with max 31 stalls...
INFO:p13b.p13b_i16_slothy_start.split.240_282:Setting timeout of 30 seconds...
INFO:p13b.p13b_i16_slothy_start.split.240_282:Objective: None (any satisfying solution is fine)
INFO:p13b.p13b_i16_slothy_start.split.240_282:Invoking external constraint solver (OR-Tools CP-SAT v9.15.6755) ...
INFO:p13b.p13b_i16_slothy_start.split.240_282:INFEASIBLE, wall time: 0.044759 s
INFO:p13b.p13b_i16_slothy_start.split:[  0- 13]: **********....................... (10)
INFO:p13b.p13b_i16_slothy_start.split:[ 13- 26]: ****************................. (16)
INFO:p13b.p13b_i16_slothy_start.split:[ 26- 40]: *******************.............. (19)
INFO:p13b.p13b_i16_slothy_start.split:[ 40- 53]: *********************............ (21)
INFO:p13b.p13b_i16_slothy_start.split:[ 53- 66]: **********************........... (22)
INFO:p13b.p13b_i16_slothy_start.split:[ 66- 80]: **********************........... (22)
INFO:p13b.p13b_i16_slothy_start.split:[ 80- 93]: *************************........ (25)
INFO:p13b.p13b_i16_slothy_start.split:[ 93-106]: **************************....... (26)
INFO:p13b.p13b_i16_slothy_start.split:[106-120]: *****************************.... (29)
INFO:p13b.p13b_i16_slothy_start.split:[120-133]: *****************************.... (29)
INFO:p13b.p13b_i16_slothy_start.split:[133-146]: ******************************... (30)
INFO:p13b.p13b_i16_slothy_start.split:[146-160]: ***************************...... (27)
INFO:p13b.p13b_i16_slothy_start.split:[160-173]: ***************************...... (27)
INFO:p13b.p13b_i16_slothy_start.split:[173-186]: ************************......... (24)
INFO:p13b.p13b_i16_slothy_start.split:[186-200]: ***********************.......... (23)
INFO:p13b.p13b_i16_slothy_start.split:[200-213]: ********************............. (20)
INFO:p13b.p13b_i16_slothy_start.split:[213-226]: ********************............. (20)
INFO:p13b.p13b_i16_slothy_start.split:[226-240]: *********************............ (21)
INFO:p13b.p13b_i16_slothy_start.split:[240-253]: ***********************.......... (23)
INFO:p13b.p13b_i16_slothy_start.split:[253-266]: ************************......... (24)
INFO:p13b.p13b_i16_slothy_start.split:[266-280]: ***************************...... (27)
INFO:p13b.p13b_i16_slothy_start.split:[280-293]: ****************************..... (28)
INFO:p13b.p13b_i16_slothy_start.split:[293-306]: ******************************... (30)
INFO:p13b.p13b_i16_slothy_start.split:[306-320]: ****************************..... (28)
INFO:p13b.p13b_i16_slothy_start.split:[320-333]: *****************************.... (29)
INFO:p13b.p13b_i16_slothy_start.split:[333-346]: *************************........ (25)
INFO:p13b.p13b_i16_slothy_start.split:[346-360]: ****************************..... (28)
INFO:p13b.p13b_i16_slothy_start.split:[360-373]: *************************........ (25)
INFO:p13b.p13b_i16_slothy_start.split:[373-386]: ****************************..... (28)
INFO:p13b.p13b_i16_slothy_start.split:[386-400]: ****************************..... (28)
INFO:p13b.p13b_i16_slothy_start.split:[400-413]: *****************************.... (29)
INFO:p13b.p13b_i16_slothy_start.split:[413-426]: ******************************... (30)
INFO:p13b.p13b_i16_slothy_start.split:[426-440]: ****************************..... (28)
INFO:p13b.p13b_i16_slothy_start.split:[440-453]: ******************************... (30)
INFO:p13b.p13b_i16_slothy_start.split:[453-466]: ****************************..... (28)
INFO:p13b.p13b_i16_slothy_start.split:[466-480]: *******************************.. (31)
INFO:p13b.p13b_i16_slothy_start.split:[480-493]: ****************************..... (28)
INFO:p13b.p13b_i16_slothy_start.split:[493-506]: ****************************..... (28)
INFO:p13b.p13b_i16_slothy_start.split:[506-520]: *****************************.... (29)
INFO:p13b.p13b_i16_slothy_start.split:[520-533]: ***************************...... (27)
INFO:p13b.p13b_i16_slothy_start.split:[533-546]: *****************************.... (29)
INFO:p13b.p13b_i16_slothy_start.split:[546-560]: ************************......... (24)
INFO:p13b.p13b_i16_slothy_start.split:[560-573]: ***************************...... (27)
INFO:p13b.p13b_i16_slothy_start.split:[573-586]: **************************....... (26)
INFO:p13b.p13b_i16_slothy_start.split:[586-600]: *****************************.... (29)
INFO:p13b.p13b_i16_slothy_start.split:[600-613]: *****************************.... (29)
INFO:p13b.p13b_i16_slothy_start.split:[613-626]: ****************************..... (28)
INFO:p13b.p13b_i16_slothy_start.split:[626-640]: ******************************... (30)
INFO:p13b.p13b_i16_slothy_start.split:[640-653]: **************************....... (26)
INFO:p13b.p13b_i16_slothy_start.split:[653-667]: *******************.............. (19)
INFO:p13b.p13b_i16_slothy_start.split.267_308:Perform external binary search for minimal number of stalls...
INFO:p13b.p13b_i16_slothy_start.split.267_308:Attempt optimization with max 0 stalls...
INFO:p13b.p13b_i16_slothy_start.split.267_308:Setting timeout of 30 seconds...
INFO:p13b.p13b_i16_slothy_start.split.267_308:Objective: None (any satisfying solution is fine)
INFO:p13b.p13b_i16_slothy_start.split.267_308:Invoking external constraint solver (OR-Tools CP-SAT v9.15.6755) ...
INFO:p13b.p13b_i16_slothy_start.split.267_308:INFEASIBLE, wall time: 0.000743 s
INFO:p13b.p13b_i16_slothy_start.split.267_308:Attempt optimization with max 1 stalls...
INFO:p13b.p13b_i16_slothy_start.split.267_308:Setting timeout of 30 seconds...
INFO:p13b.p13b_i16_slothy_start.split.267_308:Objective: None (any satisfying solution is fine)
INFO:p13b.p13b_i16_slothy_start.split.267_308:Invoking external constraint solver (OR-Tools CP-SAT v9.15.6755) ...
INFO:p13b.p13b_i16_slothy_start.split.267_308:INFEASIBLE, wall time: 0.000897 s
INFO:p13b.p13b_i16_slothy_start.split.267_308:Attempt optimization with max 2 stalls...
INFO:p13b.p13b_i16_slothy_start.split.267_308:Setting timeout of 30 seconds...
INFO:p13b.p13b_i16_slothy_start.split.267_308:Objective: None (any satisfying solution is fine)
INFO:p13b.p13b_i16_slothy_start.split.267_308:Invoking external constraint solver (OR-Tools CP-SAT v9.15.6755) ...
INFO:p13b.p13b_i16_slothy_start.split.267_308:INFEASIBLE, wall time: 0.000743 s
INFO:p13b.p13b_i16_slothy_start.split.267_308:Attempt optimization with max 4 stalls...
INFO:p13b.p13b_i16_slothy_start.split.267_308:Setting timeout of 30 seconds...
INFO:p13b.p13b_i16_slothy_start.split.267_308:Objective: None (any satisfying solution is fine)
INFO:p13b.p13b_i16_slothy_start.split.267_308:Invoking external constraint solver (OR-Tools CP-SAT v9.15.6755) ...
INFO:p13b.p13b_i16_slothy_start.split.267_308:INFEASIBLE, wall time: 0.000795 s
INFO:p13b.p13b_i16_slothy_start.split.267_308:Attempt optimization with max 8 stalls...
INFO:p13b.p13b_i16_slothy_start.split.267_308:Setting timeout of 30 seconds...
INFO:p13b.p13b_i16_slothy_start.split.267_308:Objective: None (any satisfying solution is fine)
INFO:p13b.p13b_i16_slothy_start.split.267_308:Invoking external constraint solver (OR-Tools CP-SAT v9.15.6755) ...
INFO:p13b.p13b_i16_slothy_start.split.267_308:INFEASIBLE, wall time: 0.000757 s
INFO:p13b.p13b_i16_slothy_start.split.267_308:Attempt optimization with max 16 stalls...
INFO:p13b.p13b_i16_slothy_start.split.267_308:Setting timeout of 30 seconds...
INFO:p13b.p13b_i16_slothy_start.split.267_308:Objective: None (any satisfying solution is fine)
INFO:p13b.p13b_i16_slothy_start.split.267_308:Invoking external constraint solver (OR-Tools CP-SAT v9.15.6755) ...
INFO:p13b.p13b_i16_slothy_start.split.267_308:INFEASIBLE, wall time: 0.003136 s
INFO:p13b.p13b_i16_slothy_start.split.267_308:Attempt optimization with max 32 stalls...
INFO:p13b.p13b_i16_slothy_start.split.267_308:Setting timeout of 30 seconds...
INFO:p13b.p13b_i16_slothy_start.split.267_308:Objective: None (any satisfying solution is fine)
INFO:p13b.p13b_i16_slothy_start.split.267_308:Invoking external constraint solver (OR-Tools CP-SAT v9.15.6755) ...
INFO:p13b.p13b_i16_slothy_start.split.267_308:[0.0137s]: Found 1 solutions so far... objective (no objective): currently 0.0, bound 0.0
INFO:p13b.p13b_i16_slothy_start.split.267_308:OPTIMAL, wall time: 0.016518 s
INFO:p13b.p13b_i16_slothy_start.split.267_308:Booleans in result: 112
INFO:p13b.p13b_i16_slothy_start.split.267_308.selfcheck:OK!
WARNING:p13b:LLVM (llvm-mc, llvm-nm, llvm-readobj) not found, disabling selftest. Consider installing LLVM.
INFO:p13b.p13b_i16_slothy_start.split.267_308:Attempt optimization with max 24 stalls...
INFO:p13b.p13b_i16_slothy_start.split.267_308:Setting timeout of 30 seconds...
INFO:p13b.p13b_i16_slothy_start.split.267_308:Objective: None (any satisfying solution is fine)
INFO:p13b.p13b_i16_slothy_start.split.267_308:Invoking external constraint solver (OR-Tools CP-SAT v9.15.6755) ...
INFO:p13b.p13b_i16_slothy_start.split.267_308:INFEASIBLE, wall time: 0.063864 s
INFO:p13b.p13b_i16_slothy_start.split.267_308:Attempt optimization with max 28 stalls...
INFO:p13b.p13b_i16_slothy_start.split.267_308:Setting timeout of 30 seconds...
INFO:p13b.p13b_i16_slothy_start.split.267_308:Objective: None (any satisfying solution is fine)
INFO:p13b.p13b_i16_slothy_start.split.267_308:Invoking external constraint solver (OR-Tools CP-SAT v9.15.6755) ...
INFO:p13b.p13b_i16_slothy_start.split.267_308:[0.0148s]: Found 1 solutions so far... objective (no objective): currently 0.0, bound 0.0
INFO:p13b.p13b_i16_slothy_start.split.267_308:OPTIMAL, wall time: 0.017536 s
INFO:p13b.p13b_i16_slothy_start.split.267_308:Booleans in result: 111
INFO:p13b.p13b_i16_slothy_start.split.267_308.selfcheck:OK!
WARNING:p13b:LLVM (llvm-mc, llvm-nm, llvm-readobj) not found, disabling selftest. Consider installing LLVM.
INFO:p13b.p13b_i16_slothy_start.split.267_308:Attempt optimization with max 26 stalls...
INFO:p13b.p13b_i16_slothy_start.split.267_308:Setting timeout of 30 seconds...
INFO:p13b.p13b_i16_slothy_start.split.267_308:Objective: None (any satisfying solution is fine)
INFO:p13b.p13b_i16_slothy_start.split.267_308:Invoking external constraint solver (OR-Tools CP-SAT v9.15.6755) ...
INFO:p13b.p13b_i16_slothy_start.split.267_308:[0.0288s]: Found 1 solutions so far... objective (no objective): currently 0.0, bound 0.0
INFO:p13b.p13b_i16_slothy_start.split.267_308:OPTIMAL, wall time: 0.031801 s
INFO:p13b.p13b_i16_slothy_start.split.267_308:Booleans in result: 126
INFO:p13b.p13b_i16_slothy_start.split.267_308.selfcheck:OK!
WARNING:p13b:LLVM (llvm-mc, llvm-nm, llvm-readobj) not found, disabling selftest. Consider installing LLVM.
INFO:p13b.p13b_i16_slothy_start.split.267_308:Attempt optimization with max 25 stalls...
INFO:p13b.p13b_i16_slothy_start.split.267_308:Setting timeout of 30 seconds...
INFO:p13b.p13b_i16_slothy_start.split.267_308:Objective: None (any satisfying solution is fine)
INFO:p13b.p13b_i16_slothy_start.split.267_308:Invoking external constraint solver (OR-Tools CP-SAT v9.15.6755) ...
INFO:p13b.p13b_i16_slothy_start.split.267_308:INFEASIBLE, wall time: 0.049677 s
INFO:p13b.p13b_i16_slothy_start.split:[  0- 13]: **********....................... (10)
INFO:p13b.p13b_i16_slothy_start.split:[ 13- 26]: ****************................. (16)
INFO:p13b.p13b_i16_slothy_start.split:[ 26- 40]: *******************.............. (19)
INFO:p13b.p13b_i16_slothy_start.split:[ 40- 53]: *********************............ (21)
INFO:p13b.p13b_i16_slothy_start.split:[ 53- 66]: **********************........... (22)
INFO:p13b.p13b_i16_slothy_start.split:[ 66- 80]: **********************........... (22)
INFO:p13b.p13b_i16_slothy_start.split:[ 80- 93]: *************************........ (25)
INFO:p13b.p13b_i16_slothy_start.split:[ 93-106]: **************************....... (26)
INFO:p13b.p13b_i16_slothy_start.split:[106-120]: *****************************.... (29)
INFO:p13b.p13b_i16_slothy_start.split:[120-133]: *****************************.... (29)
INFO:p13b.p13b_i16_slothy_start.split:[133-146]: ******************************... (30)
INFO:p13b.p13b_i16_slothy_start.split:[146-160]: ***************************...... (27)
INFO:p13b.p13b_i16_slothy_start.split:[160-173]: ***************************...... (27)
INFO:p13b.p13b_i16_slothy_start.split:[173-186]: ************************......... (24)
INFO:p13b.p13b_i16_slothy_start.split:[186-200]: ***********************.......... (23)
INFO:p13b.p13b_i16_slothy_start.split:[200-213]: ********************............. (20)
INFO:p13b.p13b_i16_slothy_start.split:[213-226]: ********************............. (20)
INFO:p13b.p13b_i16_slothy_start.split:[226-240]: *********************............ (21)
INFO:p13b.p13b_i16_slothy_start.split:[240-253]: **********************........... (22)
INFO:p13b.p13b_i16_slothy_start.split:[253-266]: **********************........... (22)
INFO:p13b.p13b_i16_slothy_start.split:[266-280]: ***********************.......... (23)
INFO:p13b.p13b_i16_slothy_start.split:[280-293]: ***********************.......... (23)
INFO:p13b.p13b_i16_slothy_start.split:[293-306]: **************************....... (26)
INFO:p13b.p13b_i16_slothy_start.split:[306-320]: **************************....... (26)
INFO:p13b.p13b_i16_slothy_start.split:[320-333]: *****************************.... (29)
INFO:p13b.p13b_i16_slothy_start.split:[333-346]: *************************........ (25)
INFO:p13b.p13b_i16_slothy_start.split:[346-360]: ****************************..... (28)
INFO:p13b.p13b_i16_slothy_start.split:[360-373]: *************************........ (25)
INFO:p13b.p13b_i16_slothy_start.split:[373-386]: ****************************..... (28)
INFO:p13b.p13b_i16_slothy_start.split:[386-400]: ****************************..... (28)
INFO:p13b.p13b_i16_slothy_start.split:[400-413]: *****************************.... (29)
INFO:p13b.p13b_i16_slothy_start.split:[413-426]: ******************************... (30)
INFO:p13b.p13b_i16_slothy_start.split:[426-440]: ****************************..... (28)
INFO:p13b.p13b_i16_slothy_start.split:[440-453]: ******************************... (30)
INFO:p13b.p13b_i16_slothy_start.split:[453-466]: ****************************..... (28)
INFO:p13b.p13b_i16_slothy_start.split:[466-480]: *******************************.. (31)
INFO:p13b.p13b_i16_slothy_start.split:[480-493]: ****************************..... (28)
INFO:p13b.p13b_i16_slothy_start.split:[493-506]: ****************************..... (28)
INFO:p13b.p13b_i16_slothy_start.split:[506-520]: *****************************.... (29)
INFO:p13b.p13b_i16_slothy_start.split:[520-533]: ***************************...... (27)
INFO:p13b.p13b_i16_slothy_start.split:[533-546]: *****************************.... (29)
INFO:p13b.p13b_i16_slothy_start.split:[546-560]: ************************......... (24)
INFO:p13b.p13b_i16_slothy_start.split:[560-573]: ***************************...... (27)
INFO:p13b.p13b_i16_slothy_start.split:[573-586]: **************************....... (26)
INFO:p13b.p13b_i16_slothy_start.split:[586-600]: *****************************.... (29)
INFO:p13b.p13b_i16_slothy_start.split:[600-613]: *****************************.... (29)
INFO:p13b.p13b_i16_slothy_start.split:[613-626]: ****************************..... (28)
INFO:p13b.p13b_i16_slothy_start.split:[626-640]: ******************************... (30)
INFO:p13b.p13b_i16_slothy_start.split:[640-653]: **************************....... (26)
INFO:p13b.p13b_i16_slothy_start.split:[653-667]: *******************.............. (19)
INFO:p13b.p13b_i16_slothy_start.split.293_335:Perform external binary search for minimal number of stalls...
INFO:p13b.p13b_i16_slothy_start.split.293_335:Attempt optimization with max 0 stalls...
INFO:p13b.p13b_i16_slothy_start.split.293_335:Setting timeout of 30 seconds...
INFO:p13b.p13b_i16_slothy_start.split.293_335:Objective: None (any satisfying solution is fine)
INFO:p13b.p13b_i16_slothy_start.split.293_335:Invoking external constraint solver (OR-Tools CP-SAT v9.15.6755) ...
INFO:p13b.p13b_i16_slothy_start.split.293_335:INFEASIBLE, wall time: 0.000798 s
INFO:p13b.p13b_i16_slothy_start.split.293_335:Attempt optimization with max 1 stalls...
INFO:p13b.p13b_i16_slothy_start.split.293_335:Setting timeout of 30 seconds...
INFO:p13b.p13b_i16_slothy_start.split.293_335:Objective: None (any satisfying solution is fine)
INFO:p13b.p13b_i16_slothy_start.split.293_335:Invoking external constraint solver (OR-Tools CP-SAT v9.15.6755) ...
INFO:p13b.p13b_i16_slothy_start.split.293_335:INFEASIBLE, wall time: 0.000910 s
INFO:p13b.p13b_i16_slothy_start.split.293_335:Attempt optimization with max 2 stalls...
INFO:p13b.p13b_i16_slothy_start.split.293_335:Setting timeout of 30 seconds...
INFO:p13b.p13b_i16_slothy_start.split.293_335:Objective: None (any satisfying solution is fine)
INFO:p13b.p13b_i16_slothy_start.split.293_335:Invoking external constraint solver (OR-Tools CP-SAT v9.15.6755) ...
INFO:p13b.p13b_i16_slothy_start.split.293_335:INFEASIBLE, wall time: 0.000894 s
INFO:p13b.p13b_i16_slothy_start.split.293_335:Attempt optimization with max 4 stalls...
INFO:p13b.p13b_i16_slothy_start.split.293_335:Setting timeout of 30 seconds...
INFO:p13b.p13b_i16_slothy_start.split.293_335:Objective: None (any satisfying solution is fine)
INFO:p13b.p13b_i16_slothy_start.split.293_335:Invoking external constraint solver (OR-Tools CP-SAT v9.15.6755) ...
INFO:p13b.p13b_i16_slothy_start.split.293_335:INFEASIBLE, wall time: 0.000790 s
INFO:p13b.p13b_i16_slothy_start.split.293_335:Attempt optimization with max 8 stalls...
INFO:p13b.p13b_i16_slothy_start.split.293_335:Setting timeout of 30 seconds...
INFO:p13b.p13b_i16_slothy_start.split.293_335:Objective: None (any satisfying solution is fine)
INFO:p13b.p13b_i16_slothy_start.split.293_335:Invoking external constraint solver (OR-Tools CP-SAT v9.15.6755) ...
INFO:p13b.p13b_i16_slothy_start.split.293_335:INFEASIBLE, wall time: 0.000810 s
INFO:p13b.p13b_i16_slothy_start.split.293_335:Attempt optimization with max 16 stalls...
INFO:p13b.p13b_i16_slothy_start.split.293_335:Setting timeout of 30 seconds...
INFO:p13b.p13b_i16_slothy_start.split.293_335:Objective: None (any satisfying solution is fine)
INFO:p13b.p13b_i16_slothy_start.split.293_335:Invoking external constraint solver (OR-Tools CP-SAT v9.15.6755) ...
INFO:p13b.p13b_i16_slothy_start.split.293_335:INFEASIBLE, wall time: 0.003257 s
INFO:p13b.p13b_i16_slothy_start.split.293_335:Attempt optimization with max 32 stalls...
INFO:p13b.p13b_i16_slothy_start.split.293_335:Setting timeout of 30 seconds...
INFO:p13b.p13b_i16_slothy_start.split.293_335:Objective: None (any satisfying solution is fine)
INFO:p13b.p13b_i16_slothy_start.split.293_335:Invoking external constraint solver (OR-Tools CP-SAT v9.15.6755) ...
INFO:p13b.p13b_i16_slothy_start.split.293_335:[0.0099s]: Found 1 solutions so far... objective (no objective): currently 0.0, bound 0.0
INFO:p13b.p13b_i16_slothy_start.split.293_335:OPTIMAL, wall time: 0.013043 s
INFO:p13b.p13b_i16_slothy_start.split.293_335:Booleans in result: 24
INFO:p13b.p13b_i16_slothy_start.split.293_335.selfcheck:OK!
WARNING:p13b:LLVM (llvm-mc, llvm-nm, llvm-readobj) not found, disabling selftest. Consider installing LLVM.
INFO:p13b.p13b_i16_slothy_start.split.293_335:Attempt optimization with max 24 stalls...
INFO:p13b.p13b_i16_slothy_start.split.293_335:Setting timeout of 30 seconds...
INFO:p13b.p13b_i16_slothy_start.split.293_335:Objective: None (any satisfying solution is fine)
INFO:p13b.p13b_i16_slothy_start.split.293_335:Invoking external constraint solver (OR-Tools CP-SAT v9.15.6755) ...
INFO:p13b.p13b_i16_slothy_start.split.293_335:INFEASIBLE, wall time: 0.052575 s
INFO:p13b.p13b_i16_slothy_start.split.293_335:Attempt optimization with max 28 stalls...
INFO:p13b.p13b_i16_slothy_start.split.293_335:Setting timeout of 30 seconds...
INFO:p13b.p13b_i16_slothy_start.split.293_335:Objective: None (any satisfying solution is fine)
INFO:p13b.p13b_i16_slothy_start.split.293_335:Invoking external constraint solver (OR-Tools CP-SAT v9.15.6755) ...
INFO:p13b.p13b_i16_slothy_start.split.293_335:[0.0097s]: Found 1 solutions so far... objective (no objective): currently 0.0, bound 0.0
INFO:p13b.p13b_i16_slothy_start.split.293_335:[0.0100s]: Found 2 solutions so far... objective (no objective): currently 0.0, bound 0.0
INFO:p13b.p13b_i16_slothy_start.split.293_335:OPTIMAL, wall time: 0.012665 s
INFO:p13b.p13b_i16_slothy_start.split.293_335:Booleans in result: 87
INFO:p13b.p13b_i16_slothy_start.split.293_335.selfcheck:OK!
WARNING:p13b:LLVM (llvm-mc, llvm-nm, llvm-readobj) not found, disabling selftest. Consider installing LLVM.
INFO:p13b.p13b_i16_slothy_start.split.293_335:Attempt optimization with max 26 stalls...
INFO:p13b.p13b_i16_slothy_start.split.293_335:Setting timeout of 30 seconds...
INFO:p13b.p13b_i16_slothy_start.split.293_335:Objective: None (any satisfying solution is fine)
INFO:p13b.p13b_i16_slothy_start.split.293_335:Invoking external constraint solver (OR-Tools CP-SAT v9.15.6755) ...
INFO:p13b.p13b_i16_slothy_start.split.293_335:[0.0099s]: Found 1 solutions so far... objective (no objective): currently 0.0, bound 0.0
INFO:p13b.p13b_i16_slothy_start.split.293_335:[0.0101s]: Found 2 solutions so far... objective (no objective): currently 0.0, bound 0.0
INFO:p13b.p13b_i16_slothy_start.split.293_335:OPTIMAL, wall time: 0.012646 s
INFO:p13b.p13b_i16_slothy_start.split.293_335:Booleans in result: 87
INFO:p13b.p13b_i16_slothy_start.split.293_335.selfcheck:OK!
WARNING:p13b:LLVM (llvm-mc, llvm-nm, llvm-readobj) not found, disabling selftest. Consider installing LLVM.
INFO:p13b.p13b_i16_slothy_start.split.293_335:Attempt optimization with max 25 stalls...
INFO:p13b.p13b_i16_slothy_start.split.293_335:Setting timeout of 30 seconds...
INFO:p13b.p13b_i16_slothy_start.split.293_335:Objective: None (any satisfying solution is fine)
INFO:p13b.p13b_i16_slothy_start.split.293_335:Invoking external constraint solver (OR-Tools CP-SAT v9.15.6755) ...
INFO:p13b.p13b_i16_slothy_start.split.293_335:[0.0100s]: Found 1 solutions so far... objective (no objective): currently 0.0, bound 0.0
INFO:p13b.p13b_i16_slothy_start.split.293_335:OPTIMAL, wall time: 0.012619 s
INFO:p13b.p13b_i16_slothy_start.split.293_335:Booleans in result: 87
INFO:p13b.p13b_i16_slothy_start.split.293_335.selfcheck:OK!
WARNING:p13b:LLVM (llvm-mc, llvm-nm, llvm-readobj) not found, disabling selftest. Consider installing LLVM.
INFO:p13b.p13b_i16_slothy_start.split:[  0- 13]: **********....................... (10)
INFO:p13b.p13b_i16_slothy_start.split:[ 13- 26]: ****************................. (16)
INFO:p13b.p13b_i16_slothy_start.split:[ 26- 40]: *******************.............. (19)
INFO:p13b.p13b_i16_slothy_start.split:[ 40- 53]: *********************............ (21)
INFO:p13b.p13b_i16_slothy_start.split:[ 53- 66]: **********************........... (22)
INFO:p13b.p13b_i16_slothy_start.split:[ 66- 80]: **********************........... (22)
INFO:p13b.p13b_i16_slothy_start.split:[ 80- 93]: *************************........ (25)
INFO:p13b.p13b_i16_slothy_start.split:[ 93-106]: **************************....... (26)
INFO:p13b.p13b_i16_slothy_start.split:[106-120]: *****************************.... (29)
INFO:p13b.p13b_i16_slothy_start.split:[120-133]: *****************************.... (29)
INFO:p13b.p13b_i16_slothy_start.split:[133-146]: ******************************... (30)
INFO:p13b.p13b_i16_slothy_start.split:[146-160]: ***************************...... (27)
INFO:p13b.p13b_i16_slothy_start.split:[160-173]: ***************************...... (27)
INFO:p13b.p13b_i16_slothy_start.split:[173-186]: ************************......... (24)
INFO:p13b.p13b_i16_slothy_start.split:[186-200]: ***********************.......... (23)
INFO:p13b.p13b_i16_slothy_start.split:[200-213]: ********************............. (20)
INFO:p13b.p13b_i16_slothy_start.split:[213-226]: ********************............. (20)
INFO:p13b.p13b_i16_slothy_start.split:[226-240]: *********************............ (21)
INFO:p13b.p13b_i16_slothy_start.split:[240-253]: **********************........... (22)
INFO:p13b.p13b_i16_slothy_start.split:[253-266]: **********************........... (22)
INFO:p13b.p13b_i16_slothy_start.split:[266-280]: ***********************.......... (23)
INFO:p13b.p13b_i16_slothy_start.split:[280-293]: ************************......... (24)
INFO:p13b.p13b_i16_slothy_start.split:[293-306]: *************************........ (25)
INFO:p13b.p13b_i16_slothy_start.split:[306-320]: *************************........ (25)
INFO:p13b.p13b_i16_slothy_start.split:[320-333]: ***************************...... (27)
INFO:p13b.p13b_i16_slothy_start.split:[333-346]: **************************....... (26)
INFO:p13b.p13b_i16_slothy_start.split:[346-360]: ****************************..... (28)
INFO:p13b.p13b_i16_slothy_start.split:[360-373]: *************************........ (25)
INFO:p13b.p13b_i16_slothy_start.split:[373-386]: ****************************..... (28)
INFO:p13b.p13b_i16_slothy_start.split:[386-400]: ****************************..... (28)
INFO:p13b.p13b_i16_slothy_start.split:[400-413]: *****************************.... (29)
INFO:p13b.p13b_i16_slothy_start.split:[413-426]: ******************************... (30)
INFO:p13b.p13b_i16_slothy_start.split:[426-440]: ****************************..... (28)
INFO:p13b.p13b_i16_slothy_start.split:[440-453]: ******************************... (30)
INFO:p13b.p13b_i16_slothy_start.split:[453-466]: ****************************..... (28)
INFO:p13b.p13b_i16_slothy_start.split:[466-480]: *******************************.. (31)
INFO:p13b.p13b_i16_slothy_start.split:[480-493]: ****************************..... (28)
INFO:p13b.p13b_i16_slothy_start.split:[493-506]: ****************************..... (28)
INFO:p13b.p13b_i16_slothy_start.split:[506-520]: *****************************.... (29)
INFO:p13b.p13b_i16_slothy_start.split:[520-533]: ***************************...... (27)
INFO:p13b.p13b_i16_slothy_start.split:[533-546]: *****************************.... (29)
INFO:p13b.p13b_i16_slothy_start.split:[546-560]: ************************......... (24)
INFO:p13b.p13b_i16_slothy_start.split:[560-573]: ***************************...... (27)
INFO:p13b.p13b_i16_slothy_start.split:[573-586]: **************************....... (26)
INFO:p13b.p13b_i16_slothy_start.split:[586-600]: *****************************.... (29)
INFO:p13b.p13b_i16_slothy_start.split:[600-613]: *****************************.... (29)
INFO:p13b.p13b_i16_slothy_start.split:[613-626]: ****************************..... (28)
INFO:p13b.p13b_i16_slothy_start.split:[626-640]: ******************************... (30)
INFO:p13b.p13b_i16_slothy_start.split:[640-653]: **************************....... (26)
INFO:p13b.p13b_i16_slothy_start.split:[653-667]: *******************.............. (19)
INFO:p13b.p13b_i16_slothy_start.split.320_362:Perform external binary search for minimal number of stalls...
INFO:p13b.p13b_i16_slothy_start.split.320_362:Attempt optimization with max 0 stalls...
INFO:p13b.p13b_i16_slothy_start.split.320_362:Setting timeout of 30 seconds...
INFO:p13b.p13b_i16_slothy_start.split.320_362:Objective: None (any satisfying solution is fine)
INFO:p13b.p13b_i16_slothy_start.split.320_362:Invoking external constraint solver (OR-Tools CP-SAT v9.15.6755) ...
INFO:p13b.p13b_i16_slothy_start.split.320_362:INFEASIBLE, wall time: 0.000824 s
INFO:p13b.p13b_i16_slothy_start.split.320_362:Attempt optimization with max 1 stalls...
INFO:p13b.p13b_i16_slothy_start.split.320_362:Setting timeout of 30 seconds...
INFO:p13b.p13b_i16_slothy_start.split.320_362:Objective: None (any satisfying solution is fine)
INFO:p13b.p13b_i16_slothy_start.split.320_362:Invoking external constraint solver (OR-Tools CP-SAT v9.15.6755) ...
INFO:p13b.p13b_i16_slothy_start.split.320_362:INFEASIBLE, wall time: 0.000758 s
INFO:p13b.p13b_i16_slothy_start.split.320_362:Attempt optimization with max 2 stalls...
INFO:p13b.p13b_i16_slothy_start.split.320_362:Setting timeout of 30 seconds...
INFO:p13b.p13b_i16_slothy_start.split.320_362:Objective: None (any satisfying solution is fine)
INFO:p13b.p13b_i16_slothy_start.split.320_362:Invoking external constraint solver (OR-Tools CP-SAT v9.15.6755) ...
INFO:p13b.p13b_i16_slothy_start.split.320_362:INFEASIBLE, wall time: 0.000790 s
INFO:p13b.p13b_i16_slothy_start.split.320_362:Attempt optimization with max 4 stalls...
INFO:p13b.p13b_i16_slothy_start.split.320_362:Setting timeout of 30 seconds...
INFO:p13b.p13b_i16_slothy_start.split.320_362:Objective: None (any satisfying solution is fine)
INFO:p13b.p13b_i16_slothy_start.split.320_362:Invoking external constraint solver (OR-Tools CP-SAT v9.15.6755) ...
INFO:p13b.p13b_i16_slothy_start.split.320_362:INFEASIBLE, wall time: 0.000826 s
INFO:p13b.p13b_i16_slothy_start.split.320_362:Attempt optimization with max 8 stalls...
INFO:p13b.p13b_i16_slothy_start.split.320_362:Setting timeout of 30 seconds...
INFO:p13b.p13b_i16_slothy_start.split.320_362:Objective: None (any satisfying solution is fine)
INFO:p13b.p13b_i16_slothy_start.split.320_362:Invoking external constraint solver (OR-Tools CP-SAT v9.15.6755) ...
INFO:p13b.p13b_i16_slothy_start.split.320_362:INFEASIBLE, wall time: 0.000760 s
INFO:p13b.p13b_i16_slothy_start.split.320_362:Attempt optimization with max 16 stalls...
INFO:p13b.p13b_i16_slothy_start.split.320_362:Setting timeout of 30 seconds...
INFO:p13b.p13b_i16_slothy_start.split.320_362:Objective: None (any satisfying solution is fine)
INFO:p13b.p13b_i16_slothy_start.split.320_362:Invoking external constraint solver (OR-Tools CP-SAT v9.15.6755) ...
INFO:p13b.p13b_i16_slothy_start.split.320_362:INFEASIBLE, wall time: 0.003126 s
INFO:p13b.p13b_i16_slothy_start.split.320_362:Attempt optimization with max 32 stalls...
INFO:p13b.p13b_i16_slothy_start.split.320_362:Setting timeout of 30 seconds...
INFO:p13b.p13b_i16_slothy_start.split.320_362:Objective: None (any satisfying solution is fine)
INFO:p13b.p13b_i16_slothy_start.split.320_362:Invoking external constraint solver (OR-Tools CP-SAT v9.15.6755) ...
INFO:p13b.p13b_i16_slothy_start.split.320_362:[0.0098s]: Found 1 solutions so far... objective (no objective): currently 0.0, bound 0.0
INFO:p13b.p13b_i16_slothy_start.split.320_362:OPTIMAL, wall time: 0.012978 s
INFO:p13b.p13b_i16_slothy_start.split.320_362:Booleans in result: 88
INFO:p13b.p13b_i16_slothy_start.split.320_362.selfcheck:OK!
WARNING:p13b:LLVM (llvm-mc, llvm-nm, llvm-readobj) not found, disabling selftest. Consider installing LLVM.
INFO:p13b.p13b_i16_slothy_start.split.320_362:Attempt optimization with max 24 stalls...
INFO:p13b.p13b_i16_slothy_start.split.320_362:Setting timeout of 30 seconds...
INFO:p13b.p13b_i16_slothy_start.split.320_362:Objective: None (any satisfying solution is fine)
INFO:p13b.p13b_i16_slothy_start.split.320_362:Invoking external constraint solver (OR-Tools CP-SAT v9.15.6755) ...
INFO:p13b.p13b_i16_slothy_start.split.320_362:INFEASIBLE, wall time: 0.085971 s
INFO:p13b.p13b_i16_slothy_start.split.320_362:Attempt optimization with max 28 stalls...
INFO:p13b.p13b_i16_slothy_start.split.320_362:Setting timeout of 30 seconds...
INFO:p13b.p13b_i16_slothy_start.split.320_362:Objective: None (any satisfying solution is fine)
INFO:p13b.p13b_i16_slothy_start.split.320_362:Invoking external constraint solver (OR-Tools CP-SAT v9.15.6755) ...
INFO:p13b.p13b_i16_slothy_start.split.320_362:[0.0109s]: Found 1 solutions so far... objective (no objective): currently 0.0, bound 0.0
INFO:p13b.p13b_i16_slothy_start.split.320_362:OPTIMAL, wall time: 0.013452 s
INFO:p13b.p13b_i16_slothy_start.split.320_362:Booleans in result: 88
INFO:p13b.p13b_i16_slothy_start.split.320_362.selfcheck:OK!
WARNING:p13b:LLVM (llvm-mc, llvm-nm, llvm-readobj) not found, disabling selftest. Consider installing LLVM.
INFO:p13b.p13b_i16_slothy_start.split.320_362:Attempt optimization with max 26 stalls...
INFO:p13b.p13b_i16_slothy_start.split.320_362:Setting timeout of 30 seconds...
INFO:p13b.p13b_i16_slothy_start.split.320_362:Objective: None (any satisfying solution is fine)
INFO:p13b.p13b_i16_slothy_start.split.320_362:Invoking external constraint solver (OR-Tools CP-SAT v9.15.6755) ...
INFO:p13b.p13b_i16_slothy_start.split.320_362:[0.0133s]: Found 1 solutions so far... objective (no objective): currently 0.0, bound 0.0
INFO:p13b.p13b_i16_slothy_start.split.320_362:OPTIMAL, wall time: 0.016631 s
INFO:p13b.p13b_i16_slothy_start.split.320_362:Booleans in result: 88
INFO:p13b.p13b_i16_slothy_start.split.320_362.selfcheck:OK!
WARNING:p13b:LLVM (llvm-mc, llvm-nm, llvm-readobj) not found, disabling selftest. Consider installing LLVM.
INFO:p13b.p13b_i16_slothy_start.split.320_362:Attempt optimization with max 25 stalls...
INFO:p13b.p13b_i16_slothy_start.split.320_362:Setting timeout of 30 seconds...
INFO:p13b.p13b_i16_slothy_start.split.320_362:Objective: None (any satisfying solution is fine)
INFO:p13b.p13b_i16_slothy_start.split.320_362:Invoking external constraint solver (OR-Tools CP-SAT v9.15.6755) ...
INFO:p13b.p13b_i16_slothy_start.split.320_362:[0.0119s]: Found 1 solutions so far... objective (no objective): currently 0.0, bound 0.0
INFO:p13b.p13b_i16_slothy_start.split.320_362:OPTIMAL, wall time: 0.015039 s
INFO:p13b.p13b_i16_slothy_start.split.320_362:Booleans in result: 88
INFO:p13b.p13b_i16_slothy_start.split.320_362.selfcheck:OK!
WARNING:p13b:LLVM (llvm-mc, llvm-nm, llvm-readobj) not found, disabling selftest. Consider installing LLVM.
INFO:p13b.p13b_i16_slothy_start.split:[  0- 13]: **********....................... (10)
INFO:p13b.p13b_i16_slothy_start.split:[ 13- 26]: ****************................. (16)
INFO:p13b.p13b_i16_slothy_start.split:[ 26- 40]: *******************.............. (19)
INFO:p13b.p13b_i16_slothy_start.split:[ 40- 53]: *********************............ (21)
INFO:p13b.p13b_i16_slothy_start.split:[ 53- 66]: **********************........... (22)
INFO:p13b.p13b_i16_slothy_start.split:[ 66- 80]: **********************........... (22)
INFO:p13b.p13b_i16_slothy_start.split:[ 80- 93]: *************************........ (25)
INFO:p13b.p13b_i16_slothy_start.split:[ 93-106]: **************************....... (26)
INFO:p13b.p13b_i16_slothy_start.split:[106-120]: *****************************.... (29)
INFO:p13b.p13b_i16_slothy_start.split:[120-133]: *****************************.... (29)
INFO:p13b.p13b_i16_slothy_start.split:[133-146]: ******************************... (30)
INFO:p13b.p13b_i16_slothy_start.split:[146-160]: ***************************...... (27)
INFO:p13b.p13b_i16_slothy_start.split:[160-173]: ***************************...... (27)
INFO:p13b.p13b_i16_slothy_start.split:[173-186]: ************************......... (24)
INFO:p13b.p13b_i16_slothy_start.split:[186-200]: ***********************.......... (23)
INFO:p13b.p13b_i16_slothy_start.split:[200-213]: ********************............. (20)
INFO:p13b.p13b_i16_slothy_start.split:[213-226]: ********************............. (20)
INFO:p13b.p13b_i16_slothy_start.split:[226-240]: *********************............ (21)
INFO:p13b.p13b_i16_slothy_start.split:[240-253]: **********************........... (22)
INFO:p13b.p13b_i16_slothy_start.split:[253-266]: **********************........... (22)
INFO:p13b.p13b_i16_slothy_start.split:[266-280]: ***********************.......... (23)
INFO:p13b.p13b_i16_slothy_start.split:[280-293]: ************************......... (24)
INFO:p13b.p13b_i16_slothy_start.split:[293-306]: ************************......... (24)
INFO:p13b.p13b_i16_slothy_start.split:[306-320]: **********************........... (22)
INFO:p13b.p13b_i16_slothy_start.split:[320-333]: **********************........... (22)
INFO:p13b.p13b_i16_slothy_start.split:[333-346]: ********************............. (20)
INFO:p13b.p13b_i16_slothy_start.split:[346-360]: **************************....... (26)
INFO:p13b.p13b_i16_slothy_start.split:[360-373]: *************************........ (25)
INFO:p13b.p13b_i16_slothy_start.split:[373-386]: *****************************.... (29)
INFO:p13b.p13b_i16_slothy_start.split:[386-400]: ****************************..... (28)
INFO:p13b.p13b_i16_slothy_start.split:[400-413]: *****************************.... (29)
INFO:p13b.p13b_i16_slothy_start.split:[413-426]: ******************************... (30)
INFO:p13b.p13b_i16_slothy_start.split:[426-440]: ****************************..... (28)
INFO:p13b.p13b_i16_slothy_start.split:[440-453]: ******************************... (30)
INFO:p13b.p13b_i16_slothy_start.split:[453-466]: ****************************..... (28)
INFO:p13b.p13b_i16_slothy_start.split:[466-480]: *******************************.. (31)
INFO:p13b.p13b_i16_slothy_start.split:[480-493]: ****************************..... (28)
INFO:p13b.p13b_i16_slothy_start.split:[493-506]: ****************************..... (28)
INFO:p13b.p13b_i16_slothy_start.split:[506-520]: *****************************.... (29)
INFO:p13b.p13b_i16_slothy_start.split:[520-533]: ***************************...... (27)
INFO:p13b.p13b_i16_slothy_start.split:[533-546]: *****************************.... (29)
INFO:p13b.p13b_i16_slothy_start.split:[546-560]: ************************......... (24)
INFO:p13b.p13b_i16_slothy_start.split:[560-573]: ***************************...... (27)
INFO:p13b.p13b_i16_slothy_start.split:[573-586]: **************************....... (26)
INFO:p13b.p13b_i16_slothy_start.split:[586-600]: *****************************.... (29)
INFO:p13b.p13b_i16_slothy_start.split:[600-613]: *****************************.... (29)
INFO:p13b.p13b_i16_slothy_start.split:[613-626]: ****************************..... (28)
INFO:p13b.p13b_i16_slothy_start.split:[626-640]: ******************************... (30)
INFO:p13b.p13b_i16_slothy_start.split:[640-653]: **************************....... (26)
INFO:p13b.p13b_i16_slothy_start.split:[653-667]: *******************.............. (19)
INFO:p13b.p13b_i16_slothy_start.split.347_389:Perform external binary search for minimal number of stalls...
INFO:p13b.p13b_i16_slothy_start.split.347_389:Attempt optimization with max 0 stalls...
INFO:p13b.p13b_i16_slothy_start.split.347_389:Setting timeout of 30 seconds...
INFO:p13b.p13b_i16_slothy_start.split.347_389:Objective: None (any satisfying solution is fine)
INFO:p13b.p13b_i16_slothy_start.split.347_389:Invoking external constraint solver (OR-Tools CP-SAT v9.15.6755) ...
INFO:p13b.p13b_i16_slothy_start.split.347_389:INFEASIBLE, wall time: 0.000746 s
INFO:p13b.p13b_i16_slothy_start.split.347_389:Attempt optimization with max 1 stalls...
INFO:p13b.p13b_i16_slothy_start.split.347_389:Setting timeout of 30 seconds...
INFO:p13b.p13b_i16_slothy_start.split.347_389:Objective: None (any satisfying solution is fine)
INFO:p13b.p13b_i16_slothy_start.split.347_389:Invoking external constraint solver (OR-Tools CP-SAT v9.15.6755) ...
INFO:p13b.p13b_i16_slothy_start.split.347_389:INFEASIBLE, wall time: 0.000888 s
INFO:p13b.p13b_i16_slothy_start.split.347_389:Attempt optimization with max 2 stalls...
INFO:p13b.p13b_i16_slothy_start.split.347_389:Setting timeout of 30 seconds...
INFO:p13b.p13b_i16_slothy_start.split.347_389:Objective: None (any satisfying solution is fine)
INFO:p13b.p13b_i16_slothy_start.split.347_389:Invoking external constraint solver (OR-Tools CP-SAT v9.15.6755) ...
INFO:p13b.p13b_i16_slothy_start.split.347_389:INFEASIBLE, wall time: 0.000748 s
INFO:p13b.p13b_i16_slothy_start.split.347_389:Attempt optimization with max 4 stalls...
INFO:p13b.p13b_i16_slothy_start.split.347_389:Setting timeout of 30 seconds...
INFO:p13b.p13b_i16_slothy_start.split.347_389:Objective: None (any satisfying solution is fine)
INFO:p13b.p13b_i16_slothy_start.split.347_389:Invoking external constraint solver (OR-Tools CP-SAT v9.15.6755) ...
INFO:p13b.p13b_i16_slothy_start.split.347_389:INFEASIBLE, wall time: 0.000753 s
INFO:p13b.p13b_i16_slothy_start.split.347_389:Attempt optimization with max 8 stalls...
INFO:p13b.p13b_i16_slothy_start.split.347_389:Setting timeout of 30 seconds...
INFO:p13b.p13b_i16_slothy_start.split.347_389:Objective: None (any satisfying solution is fine)
INFO:p13b.p13b_i16_slothy_start.split.347_389:Invoking external constraint solver (OR-Tools CP-SAT v9.15.6755) ...
INFO:p13b.p13b_i16_slothy_start.split.347_389:INFEASIBLE, wall time: 0.000840 s
INFO:p13b.p13b_i16_slothy_start.split.347_389:Attempt optimization with max 16 stalls...
INFO:p13b.p13b_i16_slothy_start.split.347_389:Setting timeout of 30 seconds...
INFO:p13b.p13b_i16_slothy_start.split.347_389:Objective: None (any satisfying solution is fine)
INFO:p13b.p13b_i16_slothy_start.split.347_389:Invoking external constraint solver (OR-Tools CP-SAT v9.15.6755) ...
INFO:p13b.p13b_i16_slothy_start.split.347_389:INFEASIBLE, wall time: 0.003053 s
INFO:p13b.p13b_i16_slothy_start.split.347_389:Attempt optimization with max 32 stalls...
INFO:p13b.p13b_i16_slothy_start.split.347_389:Setting timeout of 30 seconds...
INFO:p13b.p13b_i16_slothy_start.split.347_389:Objective: None (any satisfying solution is fine)
INFO:p13b.p13b_i16_slothy_start.split.347_389:Invoking external constraint solver (OR-Tools CP-SAT v9.15.6755) ...
INFO:p13b.p13b_i16_slothy_start.split.347_389:[0.0105s]: Found 1 solutions so far... objective (no objective): currently 0.0, bound 0.0
INFO:p13b.p13b_i16_slothy_start.split.347_389:[0.0106s]: Found 2 solutions so far... objective (no objective): currently 0.0, bound 0.0
INFO:p13b.p13b_i16_slothy_start.split.347_389:OPTIMAL, wall time: 0.013334 s
INFO:p13b.p13b_i16_slothy_start.split.347_389:Booleans in result: 87
INFO:p13b.p13b_i16_slothy_start.split.347_389.selfcheck:OK!
WARNING:p13b:LLVM (llvm-mc, llvm-nm, llvm-readobj) not found, disabling selftest. Consider installing LLVM.
INFO:p13b.p13b_i16_slothy_start.split.347_389:Attempt optimization with max 24 stalls...
INFO:p13b.p13b_i16_slothy_start.split.347_389:Setting timeout of 30 seconds...
INFO:p13b.p13b_i16_slothy_start.split.347_389:Objective: None (any satisfying solution is fine)
INFO:p13b.p13b_i16_slothy_start.split.347_389:Invoking external constraint solver (OR-Tools CP-SAT v9.15.6755) ...
INFO:p13b.p13b_i16_slothy_start.split.347_389:INFEASIBLE, wall time: 0.172371 s
INFO:p13b.p13b_i16_slothy_start.split.347_389:Attempt optimization with max 28 stalls...
INFO:p13b.p13b_i16_slothy_start.split.347_389:Setting timeout of 30 seconds...
INFO:p13b.p13b_i16_slothy_start.split.347_389:Objective: None (any satisfying solution is fine)
INFO:p13b.p13b_i16_slothy_start.split.347_389:Invoking external constraint solver (OR-Tools CP-SAT v9.15.6755) ...
INFO:p13b.p13b_i16_slothy_start.split.347_389:[0.0113s]: Found 1 solutions so far... objective (no objective): currently 0.0, bound 0.0
INFO:p13b.p13b_i16_slothy_start.split.347_389:OPTIMAL, wall time: 0.014106 s
INFO:p13b.p13b_i16_slothy_start.split.347_389:Booleans in result: 87
INFO:p13b.p13b_i16_slothy_start.split.347_389.selfcheck:OK!
WARNING:p13b:LLVM (llvm-mc, llvm-nm, llvm-readobj) not found, disabling selftest. Consider installing LLVM.
INFO:p13b.p13b_i16_slothy_start.split.347_389:Attempt optimization with max 26 stalls...
INFO:p13b.p13b_i16_slothy_start.split.347_389:Setting timeout of 30 seconds...
INFO:p13b.p13b_i16_slothy_start.split.347_389:Objective: None (any satisfying solution is fine)
INFO:p13b.p13b_i16_slothy_start.split.347_389:Invoking external constraint solver (OR-Tools CP-SAT v9.15.6755) ...
INFO:p13b.p13b_i16_slothy_start.split.347_389:[0.0118s]: Found 1 solutions so far... objective (no objective): currently 0.0, bound 0.0
INFO:p13b.p13b_i16_slothy_start.split.347_389:OPTIMAL, wall time: 0.014558 s
INFO:p13b.p13b_i16_slothy_start.split.347_389:Booleans in result: 87
INFO:p13b.p13b_i16_slothy_start.split.347_389.selfcheck:OK!
WARNING:p13b:LLVM (llvm-mc, llvm-nm, llvm-readobj) not found, disabling selftest. Consider installing LLVM.
INFO:p13b.p13b_i16_slothy_start.split.347_389:Attempt optimization with max 25 stalls...
INFO:p13b.p13b_i16_slothy_start.split.347_389:Setting timeout of 30 seconds...
INFO:p13b.p13b_i16_slothy_start.split.347_389:Objective: None (any satisfying solution is fine)
INFO:p13b.p13b_i16_slothy_start.split.347_389:Invoking external constraint solver (OR-Tools CP-SAT v9.15.6755) ...
INFO:p13b.p13b_i16_slothy_start.split.347_389:[0.0118s]: Found 1 solutions so far... objective (no objective): currently 0.0, bound 0.0
INFO:p13b.p13b_i16_slothy_start.split.347_389:OPTIMAL, wall time: 0.014573 s
INFO:p13b.p13b_i16_slothy_start.split.347_389:Booleans in result: 87
INFO:p13b.p13b_i16_slothy_start.split.347_389.selfcheck:OK!
WARNING:p13b:LLVM (llvm-mc, llvm-nm, llvm-readobj) not found, disabling selftest. Consider installing LLVM.
INFO:p13b.p13b_i16_slothy_start.split:[  0- 13]: **********....................... (10)
INFO:p13b.p13b_i16_slothy_start.split:[ 13- 26]: ****************................. (16)
INFO:p13b.p13b_i16_slothy_start.split:[ 26- 40]: *******************.............. (19)
INFO:p13b.p13b_i16_slothy_start.split:[ 40- 53]: *********************............ (21)
INFO:p13b.p13b_i16_slothy_start.split:[ 53- 66]: **********************........... (22)
INFO:p13b.p13b_i16_slothy_start.split:[ 66- 80]: **********************........... (22)
INFO:p13b.p13b_i16_slothy_start.split:[ 80- 93]: *************************........ (25)
INFO:p13b.p13b_i16_slothy_start.split:[ 93-106]: **************************....... (26)
INFO:p13b.p13b_i16_slothy_start.split:[106-120]: *****************************.... (29)
INFO:p13b.p13b_i16_slothy_start.split:[120-133]: *****************************.... (29)
INFO:p13b.p13b_i16_slothy_start.split:[133-146]: ******************************... (30)
INFO:p13b.p13b_i16_slothy_start.split:[146-160]: ***************************...... (27)
INFO:p13b.p13b_i16_slothy_start.split:[160-173]: ***************************...... (27)
INFO:p13b.p13b_i16_slothy_start.split:[173-186]: ************************......... (24)
INFO:p13b.p13b_i16_slothy_start.split:[186-200]: ***********************.......... (23)
INFO:p13b.p13b_i16_slothy_start.split:[200-213]: ********************............. (20)
INFO:p13b.p13b_i16_slothy_start.split:[213-226]: ********************............. (20)
INFO:p13b.p13b_i16_slothy_start.split:[226-240]: *********************............ (21)
INFO:p13b.p13b_i16_slothy_start.split:[240-253]: **********************........... (22)
INFO:p13b.p13b_i16_slothy_start.split:[253-266]: **********************........... (22)
INFO:p13b.p13b_i16_slothy_start.split:[266-280]: ***********************.......... (23)
INFO:p13b.p13b_i16_slothy_start.split:[280-293]: ************************......... (24)
INFO:p13b.p13b_i16_slothy_start.split:[293-306]: ************************......... (24)
INFO:p13b.p13b_i16_slothy_start.split:[306-320]: **********************........... (22)
INFO:p13b.p13b_i16_slothy_start.split:[320-333]: **********************........... (22)
INFO:p13b.p13b_i16_slothy_start.split:[333-346]: *******************.............. (19)
INFO:p13b.p13b_i16_slothy_start.split:[346-360]: ***********************.......... (23)
INFO:p13b.p13b_i16_slothy_start.split:[360-373]: *********************............ (21)
INFO:p13b.p13b_i16_slothy_start.split:[373-386]: **************************....... (26)
INFO:p13b.p13b_i16_slothy_start.split:[386-400]: ***************************...... (27)
INFO:p13b.p13b_i16_slothy_start.split:[400-413]: ******************************... (30)
INFO:p13b.p13b_i16_slothy_start.split:[413-426]: ******************************... (30)
INFO:p13b.p13b_i16_slothy_start.split:[426-440]: ****************************..... (28)
INFO:p13b.p13b_i16_slothy_start.split:[440-453]: ******************************... (30)
INFO:p13b.p13b_i16_slothy_start.split:[453-466]: ****************************..... (28)
INFO:p13b.p13b_i16_slothy_start.split:[466-480]: *******************************.. (31)
INFO:p13b.p13b_i16_slothy_start.split:[480-493]: ****************************..... (28)
INFO:p13b.p13b_i16_slothy_start.split:[493-506]: ****************************..... (28)
INFO:p13b.p13b_i16_slothy_start.split:[506-520]: *****************************.... (29)
INFO:p13b.p13b_i16_slothy_start.split:[520-533]: ***************************...... (27)
INFO:p13b.p13b_i16_slothy_start.split:[533-546]: *****************************.... (29)
INFO:p13b.p13b_i16_slothy_start.split:[546-560]: ************************......... (24)
INFO:p13b.p13b_i16_slothy_start.split:[560-573]: ***************************...... (27)
INFO:p13b.p13b_i16_slothy_start.split:[573-586]: **************************....... (26)
INFO:p13b.p13b_i16_slothy_start.split:[586-600]: *****************************.... (29)
INFO:p13b.p13b_i16_slothy_start.split:[600-613]: *****************************.... (29)
INFO:p13b.p13b_i16_slothy_start.split:[613-626]: ****************************..... (28)
INFO:p13b.p13b_i16_slothy_start.split:[626-640]: ******************************... (30)
INFO:p13b.p13b_i16_slothy_start.split:[640-653]: **************************....... (26)
INFO:p13b.p13b_i16_slothy_start.split:[653-667]: *******************.............. (19)
INFO:p13b.p13b_i16_slothy_start.split.374_415:Perform external binary search for minimal number of stalls...
INFO:p13b.p13b_i16_slothy_start.split.374_415:Attempt optimization with max 0 stalls...
INFO:p13b.p13b_i16_slothy_start.split.374_415:Setting timeout of 30 seconds...
INFO:p13b.p13b_i16_slothy_start.split.374_415:Objective: None (any satisfying solution is fine)
INFO:p13b.p13b_i16_slothy_start.split.374_415:Invoking external constraint solver (OR-Tools CP-SAT v9.15.6755) ...
INFO:p13b.p13b_i16_slothy_start.split.374_415:INFEASIBLE, wall time: 0.000897 s
INFO:p13b.p13b_i16_slothy_start.split.374_415:Attempt optimization with max 1 stalls...
INFO:p13b.p13b_i16_slothy_start.split.374_415:Setting timeout of 30 seconds...
INFO:p13b.p13b_i16_slothy_start.split.374_415:Objective: None (any satisfying solution is fine)
INFO:p13b.p13b_i16_slothy_start.split.374_415:Invoking external constraint solver (OR-Tools CP-SAT v9.15.6755) ...
INFO:p13b.p13b_i16_slothy_start.split.374_415:INFEASIBLE, wall time: 0.000745 s
INFO:p13b.p13b_i16_slothy_start.split.374_415:Attempt optimization with max 2 stalls...
INFO:p13b.p13b_i16_slothy_start.split.374_415:Setting timeout of 30 seconds...
INFO:p13b.p13b_i16_slothy_start.split.374_415:Objective: None (any satisfying solution is fine)
INFO:p13b.p13b_i16_slothy_start.split.374_415:Invoking external constraint solver (OR-Tools CP-SAT v9.15.6755) ...
INFO:p13b.p13b_i16_slothy_start.split.374_415:INFEASIBLE, wall time: 0.000833 s
INFO:p13b.p13b_i16_slothy_start.split.374_415:Attempt optimization with max 4 stalls...
INFO:p13b.p13b_i16_slothy_start.split.374_415:Setting timeout of 30 seconds...
INFO:p13b.p13b_i16_slothy_start.split.374_415:Objective: None (any satisfying solution is fine)
INFO:p13b.p13b_i16_slothy_start.split.374_415:Invoking external constraint solver (OR-Tools CP-SAT v9.15.6755) ...
INFO:p13b.p13b_i16_slothy_start.split.374_415:INFEASIBLE, wall time: 0.000726 s
INFO:p13b.p13b_i16_slothy_start.split.374_415:Attempt optimization with max 8 stalls...
INFO:p13b.p13b_i16_slothy_start.split.374_415:Setting timeout of 30 seconds...
INFO:p13b.p13b_i16_slothy_start.split.374_415:Objective: None (any satisfying solution is fine)
INFO:p13b.p13b_i16_slothy_start.split.374_415:Invoking external constraint solver (OR-Tools CP-SAT v9.15.6755) ...
INFO:p13b.p13b_i16_slothy_start.split.374_415:INFEASIBLE, wall time: 0.000738 s
INFO:p13b.p13b_i16_slothy_start.split.374_415:Attempt optimization with max 16 stalls...
INFO:p13b.p13b_i16_slothy_start.split.374_415:Setting timeout of 30 seconds...
INFO:p13b.p13b_i16_slothy_start.split.374_415:Objective: None (any satisfying solution is fine)
INFO:p13b.p13b_i16_slothy_start.split.374_415:Invoking external constraint solver (OR-Tools CP-SAT v9.15.6755) ...
INFO:p13b.p13b_i16_slothy_start.split.374_415:INFEASIBLE, wall time: 0.002937 s
INFO:p13b.p13b_i16_slothy_start.split.374_415:Attempt optimization with max 32 stalls...
INFO:p13b.p13b_i16_slothy_start.split.374_415:Setting timeout of 30 seconds...
INFO:p13b.p13b_i16_slothy_start.split.374_415:Objective: None (any satisfying solution is fine)
INFO:p13b.p13b_i16_slothy_start.split.374_415:Invoking external constraint solver (OR-Tools CP-SAT v9.15.6755) ...
INFO:p13b.p13b_i16_slothy_start.split.374_415:[0.0102s]: Found 1 solutions so far... objective (no objective): currently 0.0, bound 0.0
INFO:p13b.p13b_i16_slothy_start.split.374_415:[0.0104s]: Found 2 solutions so far... objective (no objective): currently 0.0, bound 0.0
INFO:p13b.p13b_i16_slothy_start.split.374_415:OPTIMAL, wall time: 0.013093 s
INFO:p13b.p13b_i16_slothy_start.split.374_415:Booleans in result: 85
INFO:p13b.p13b_i16_slothy_start.split.374_415.selfcheck:OK!
WARNING:p13b:LLVM (llvm-mc, llvm-nm, llvm-readobj) not found, disabling selftest. Consider installing LLVM.
INFO:p13b.p13b_i16_slothy_start.split.374_415:Attempt optimization with max 24 stalls...
INFO:p13b.p13b_i16_slothy_start.split.374_415:Setting timeout of 30 seconds...
INFO:p13b.p13b_i16_slothy_start.split.374_415:Objective: None (any satisfying solution is fine)
INFO:p13b.p13b_i16_slothy_start.split.374_415:Invoking external constraint solver (OR-Tools CP-SAT v9.15.6755) ...
INFO:p13b.p13b_i16_slothy_start.split.374_415:[0.0112s]: Found 1 solutions so far... objective (no objective): currently 0.0, bound 0.0
INFO:p13b.p13b_i16_slothy_start.split.374_415:OPTIMAL, wall time: 0.013868 s
INFO:p13b.p13b_i16_slothy_start.split.374_415:Booleans in result: 85
INFO:p13b.p13b_i16_slothy_start.split.374_415.selfcheck:OK!
WARNING:p13b:LLVM (llvm-mc, llvm-nm, llvm-readobj) not found, disabling selftest. Consider installing LLVM.
INFO:p13b.p13b_i16_slothy_start.split.374_415:Attempt optimization with max 20 stalls...
INFO:p13b.p13b_i16_slothy_start.split.374_415:Setting timeout of 30 seconds...
INFO:p13b.p13b_i16_slothy_start.split.374_415:Objective: None (any satisfying solution is fine)
INFO:p13b.p13b_i16_slothy_start.split.374_415:Invoking external constraint solver (OR-Tools CP-SAT v9.15.6755) ...
INFO:p13b.p13b_i16_slothy_start.split.374_415:INFEASIBLE, wall time: 0.030088 s
INFO:p13b.p13b_i16_slothy_start.split.374_415:Attempt optimization with max 22 stalls...
INFO:p13b.p13b_i16_slothy_start.split.374_415:Setting timeout of 30 seconds...
INFO:p13b.p13b_i16_slothy_start.split.374_415:Objective: None (any satisfying solution is fine)
INFO:p13b.p13b_i16_slothy_start.split.374_415:Invoking external constraint solver (OR-Tools CP-SAT v9.15.6755) ...
INFO:p13b.p13b_i16_slothy_start.split.374_415:INFEASIBLE, wall time: 0.068957 s
INFO:p13b.p13b_i16_slothy_start.split.374_415:Attempt optimization with max 23 stalls...
INFO:p13b.p13b_i16_slothy_start.split.374_415:Setting timeout of 30 seconds...
INFO:p13b.p13b_i16_slothy_start.split.374_415:Objective: None (any satisfying solution is fine)
INFO:p13b.p13b_i16_slothy_start.split.374_415:Invoking external constraint solver (OR-Tools CP-SAT v9.15.6755) ...
INFO:p13b.p13b_i16_slothy_start.split.374_415:[0.0106s]: Found 1 solutions so far... objective (no objective): currently 0.0, bound 0.0
INFO:p13b.p13b_i16_slothy_start.split.374_415:OPTIMAL, wall time: 0.013235 s
INFO:p13b.p13b_i16_slothy_start.split.374_415:Booleans in result: 85
INFO:p13b.p13b_i16_slothy_start.split.374_415.selfcheck:OK!
WARNING:p13b:LLVM (llvm-mc, llvm-nm, llvm-readobj) not found, disabling selftest. Consider installing LLVM.
INFO:p13b.p13b_i16_slothy_start.split:[  0- 13]: **********....................... (10)
INFO:p13b.p13b_i16_slothy_start.split:[ 13- 26]: ****************................. (16)
INFO:p13b.p13b_i16_slothy_start.split:[ 26- 40]: *******************.............. (19)
INFO:p13b.p13b_i16_slothy_start.split:[ 40- 53]: *********************............ (21)
INFO:p13b.p13b_i16_slothy_start.split:[ 53- 66]: **********************........... (22)
INFO:p13b.p13b_i16_slothy_start.split:[ 66- 80]: **********************........... (22)
INFO:p13b.p13b_i16_slothy_start.split:[ 80- 93]: *************************........ (25)
INFO:p13b.p13b_i16_slothy_start.split:[ 93-106]: **************************....... (26)
INFO:p13b.p13b_i16_slothy_start.split:[106-120]: *****************************.... (29)
INFO:p13b.p13b_i16_slothy_start.split:[120-133]: *****************************.... (29)
INFO:p13b.p13b_i16_slothy_start.split:[133-146]: ******************************... (30)
INFO:p13b.p13b_i16_slothy_start.split:[146-160]: ***************************...... (27)
INFO:p13b.p13b_i16_slothy_start.split:[160-173]: ***************************...... (27)
INFO:p13b.p13b_i16_slothy_start.split:[173-186]: ************************......... (24)
INFO:p13b.p13b_i16_slothy_start.split:[186-200]: ***********************.......... (23)
INFO:p13b.p13b_i16_slothy_start.split:[200-213]: ********************............. (20)
INFO:p13b.p13b_i16_slothy_start.split:[213-226]: ********************............. (20)
INFO:p13b.p13b_i16_slothy_start.split:[226-240]: *********************............ (21)
INFO:p13b.p13b_i16_slothy_start.split:[240-253]: **********************........... (22)
INFO:p13b.p13b_i16_slothy_start.split:[253-266]: **********************........... (22)
INFO:p13b.p13b_i16_slothy_start.split:[266-280]: ***********************.......... (23)
INFO:p13b.p13b_i16_slothy_start.split:[280-293]: ************************......... (24)
INFO:p13b.p13b_i16_slothy_start.split:[293-306]: ************************......... (24)
INFO:p13b.p13b_i16_slothy_start.split:[306-320]: **********************........... (22)
INFO:p13b.p13b_i16_slothy_start.split:[320-333]: **********************........... (22)
INFO:p13b.p13b_i16_slothy_start.split:[333-346]: *******************.............. (19)
INFO:p13b.p13b_i16_slothy_start.split:[346-360]: **********************........... (22)
INFO:p13b.p13b_i16_slothy_start.split:[360-373]: ********************............. (20)
INFO:p13b.p13b_i16_slothy_start.split:[373-386]: ***********************.......... (23)
INFO:p13b.p13b_i16_slothy_start.split:[386-400]: **********************........... (22)
INFO:p13b.p13b_i16_slothy_start.split:[400-413]: **************************....... (26)
INFO:p13b.p13b_i16_slothy_start.split:[413-426]: ****************************..... (28)
INFO:p13b.p13b_i16_slothy_start.split:[426-440]: ****************************..... (28)
INFO:p13b.p13b_i16_slothy_start.split:[440-453]: ******************************... (30)
INFO:p13b.p13b_i16_slothy_start.split:[453-466]: ****************************..... (28)
INFO:p13b.p13b_i16_slothy_start.split:[466-480]: *******************************.. (31)
INFO:p13b.p13b_i16_slothy_start.split:[480-493]: ****************************..... (28)
INFO:p13b.p13b_i16_slothy_start.split:[493-506]: ****************************..... (28)
INFO:p13b.p13b_i16_slothy_start.split:[506-520]: *****************************.... (29)
INFO:p13b.p13b_i16_slothy_start.split:[520-533]: ***************************...... (27)
INFO:p13b.p13b_i16_slothy_start.split:[533-546]: *****************************.... (29)
INFO:p13b.p13b_i16_slothy_start.split:[546-560]: ************************......... (24)
INFO:p13b.p13b_i16_slothy_start.split:[560-573]: ***************************...... (27)
INFO:p13b.p13b_i16_slothy_start.split:[573-586]: **************************....... (26)
INFO:p13b.p13b_i16_slothy_start.split:[586-600]: *****************************.... (29)
INFO:p13b.p13b_i16_slothy_start.split:[600-613]: *****************************.... (29)
INFO:p13b.p13b_i16_slothy_start.split:[613-626]: ****************************..... (28)
INFO:p13b.p13b_i16_slothy_start.split:[626-640]: ******************************... (30)
INFO:p13b.p13b_i16_slothy_start.split:[640-653]: **************************....... (26)
INFO:p13b.p13b_i16_slothy_start.split:[653-667]: *******************.............. (19)
INFO:p13b.p13b_i16_slothy_start.split.400_442:Perform external binary search for minimal number of stalls...
INFO:p13b.p13b_i16_slothy_start.split.400_442:Attempt optimization with max 0 stalls...
INFO:p13b.p13b_i16_slothy_start.split.400_442:Setting timeout of 30 seconds...
INFO:p13b.p13b_i16_slothy_start.split.400_442:Objective: None (any satisfying solution is fine)
INFO:p13b.p13b_i16_slothy_start.split.400_442:Invoking external constraint solver (OR-Tools CP-SAT v9.15.6755) ...
INFO:p13b.p13b_i16_slothy_start.split.400_442:INFEASIBLE, wall time: 0.000863 s
INFO:p13b.p13b_i16_slothy_start.split.400_442:Attempt optimization with max 1 stalls...
INFO:p13b.p13b_i16_slothy_start.split.400_442:Setting timeout of 30 seconds...
INFO:p13b.p13b_i16_slothy_start.split.400_442:Objective: None (any satisfying solution is fine)
INFO:p13b.p13b_i16_slothy_start.split.400_442:Invoking external constraint solver (OR-Tools CP-SAT v9.15.6755) ...
INFO:p13b.p13b_i16_slothy_start.split.400_442:INFEASIBLE, wall time: 0.000938 s
INFO:p13b.p13b_i16_slothy_start.split.400_442:Attempt optimization with max 2 stalls...
INFO:p13b.p13b_i16_slothy_start.split.400_442:Setting timeout of 30 seconds...
INFO:p13b.p13b_i16_slothy_start.split.400_442:Objective: None (any satisfying solution is fine)
INFO:p13b.p13b_i16_slothy_start.split.400_442:Invoking external constraint solver (OR-Tools CP-SAT v9.15.6755) ...
INFO:p13b.p13b_i16_slothy_start.split.400_442:INFEASIBLE, wall time: 0.000834 s
INFO:p13b.p13b_i16_slothy_start.split.400_442:Attempt optimization with max 4 stalls...
INFO:p13b.p13b_i16_slothy_start.split.400_442:Setting timeout of 30 seconds...
INFO:p13b.p13b_i16_slothy_start.split.400_442:Objective: None (any satisfying solution is fine)
INFO:p13b.p13b_i16_slothy_start.split.400_442:Invoking external constraint solver (OR-Tools CP-SAT v9.15.6755) ...
INFO:p13b.p13b_i16_slothy_start.split.400_442:INFEASIBLE, wall time: 0.000912 s
INFO:p13b.p13b_i16_slothy_start.split.400_442:Attempt optimization with max 8 stalls...
INFO:p13b.p13b_i16_slothy_start.split.400_442:Setting timeout of 30 seconds...
INFO:p13b.p13b_i16_slothy_start.split.400_442:Objective: None (any satisfying solution is fine)
INFO:p13b.p13b_i16_slothy_start.split.400_442:Invoking external constraint solver (OR-Tools CP-SAT v9.15.6755) ...
INFO:p13b.p13b_i16_slothy_start.split.400_442:INFEASIBLE, wall time: 0.000947 s
INFO:p13b.p13b_i16_slothy_start.split.400_442:Attempt optimization with max 16 stalls...
INFO:p13b.p13b_i16_slothy_start.split.400_442:Setting timeout of 30 seconds...
INFO:p13b.p13b_i16_slothy_start.split.400_442:Objective: None (any satisfying solution is fine)
INFO:p13b.p13b_i16_slothy_start.split.400_442:Invoking external constraint solver (OR-Tools CP-SAT v9.15.6755) ...
INFO:p13b.p13b_i16_slothy_start.split.400_442:INFEASIBLE, wall time: 0.000798 s
INFO:p13b.p13b_i16_slothy_start.split.400_442:Attempt optimization with max 32 stalls...
INFO:p13b.p13b_i16_slothy_start.split.400_442:Setting timeout of 30 seconds...
INFO:p13b.p13b_i16_slothy_start.split.400_442:Objective: None (any satisfying solution is fine)
INFO:p13b.p13b_i16_slothy_start.split.400_442:Invoking external constraint solver (OR-Tools CP-SAT v9.15.6755) ...
INFO:p13b.p13b_i16_slothy_start.split.400_442:INFEASIBLE, wall time: 0.033146 s
INFO:p13b.p13b_i16_slothy_start.split.400_442:Attempt optimization with max 64 stalls...
INFO:p13b.p13b_i16_slothy_start.split.400_442:Setting timeout of 30 seconds...
INFO:p13b.p13b_i16_slothy_start.split.400_442:Objective: None (any satisfying solution is fine)
INFO:p13b.p13b_i16_slothy_start.split.400_442:Invoking external constraint solver (OR-Tools CP-SAT v9.15.6755) ...
INFO:p13b.p13b_i16_slothy_start.split.400_442:[0.0115s]: Found 1 solutions so far... objective (no objective): currently 0.0, bound 0.0
INFO:p13b.p13b_i16_slothy_start.split.400_442:OPTIMAL, wall time: 0.014345 s
INFO:p13b.p13b_i16_slothy_start.split.400_442:Booleans in result: 88
INFO:p13b.p13b_i16_slothy_start.split.400_442.selfcheck:OK!
WARNING:p13b:LLVM (llvm-mc, llvm-nm, llvm-readobj) not found, disabling selftest. Consider installing LLVM.
INFO:p13b.p13b_i16_slothy_start.split.400_442:Attempt optimization with max 48 stalls...
INFO:p13b.p13b_i16_slothy_start.split.400_442:Setting timeout of 30 seconds...
INFO:p13b.p13b_i16_slothy_start.split.400_442:Objective: None (any satisfying solution is fine)
INFO:p13b.p13b_i16_slothy_start.split.400_442:Invoking external constraint solver (OR-Tools CP-SAT v9.15.6755) ...
INFO:p13b.p13b_i16_slothy_start.split.400_442:[0.0111s]: Found 1 solutions so far... objective (no objective): currently 0.0, bound 0.0
INFO:p13b.p13b_i16_slothy_start.split.400_442:OPTIMAL, wall time: 0.013833 s
INFO:p13b.p13b_i16_slothy_start.split.400_442:Booleans in result: 22
INFO:p13b.p13b_i16_slothy_start.split.400_442.selfcheck:OK!
WARNING:p13b:LLVM (llvm-mc, llvm-nm, llvm-readobj) not found, disabling selftest. Consider installing LLVM.
INFO:p13b.p13b_i16_slothy_start.split.400_442:Attempt optimization with max 40 stalls...
INFO:p13b.p13b_i16_slothy_start.split.400_442:Setting timeout of 30 seconds...
INFO:p13b.p13b_i16_slothy_start.split.400_442:Objective: None (any satisfying solution is fine)
INFO:p13b.p13b_i16_slothy_start.split.400_442:Invoking external constraint solver (OR-Tools CP-SAT v9.15.6755) ...
INFO:p13b.p13b_i16_slothy_start.split.400_442:[0.0124s]: Found 1 solutions so far... objective (no objective): currently 0.0, bound 0.0
INFO:p13b.p13b_i16_slothy_start.split.400_442:OPTIMAL, wall time: 0.015205 s
INFO:p13b.p13b_i16_slothy_start.split.400_442:Booleans in result: 92
INFO:p13b.p13b_i16_slothy_start.split.400_442.selfcheck:OK!
WARNING:p13b:LLVM (llvm-mc, llvm-nm, llvm-readobj) not found, disabling selftest. Consider installing LLVM.
INFO:p13b.p13b_i16_slothy_start.split.400_442:Attempt optimization with max 36 stalls...
INFO:p13b.p13b_i16_slothy_start.split.400_442:Setting timeout of 30 seconds...
INFO:p13b.p13b_i16_slothy_start.split.400_442:Objective: None (any satisfying solution is fine)
INFO:p13b.p13b_i16_slothy_start.split.400_442:Invoking external constraint solver (OR-Tools CP-SAT v9.15.6755) ...
INFO:p13b.p13b_i16_slothy_start.split.400_442:[0.0109s]: Found 1 solutions so far... objective (no objective): currently 0.0, bound 0.0
INFO:p13b.p13b_i16_slothy_start.split.400_442:OPTIMAL, wall time: 0.013570 s
INFO:p13b.p13b_i16_slothy_start.split.400_442:Booleans in result: 88
INFO:p13b.p13b_i16_slothy_start.split.400_442.selfcheck:OK!
WARNING:p13b:LLVM (llvm-mc, llvm-nm, llvm-readobj) not found, disabling selftest. Consider installing LLVM.
INFO:p13b.p13b_i16_slothy_start.split.400_442:Attempt optimization with max 34 stalls...
INFO:p13b.p13b_i16_slothy_start.split.400_442:Setting timeout of 30 seconds...
INFO:p13b.p13b_i16_slothy_start.split.400_442:Objective: None (any satisfying solution is fine)
INFO:p13b.p13b_i16_slothy_start.split.400_442:Invoking external constraint solver (OR-Tools CP-SAT v9.15.6755) ...
INFO:p13b.p13b_i16_slothy_start.split.400_442:[0.0118s]: Found 1 solutions so far... objective (no objective): currently 0.0, bound 0.0
INFO:p13b.p13b_i16_slothy_start.split.400_442:OPTIMAL, wall time: 0.014659 s
INFO:p13b.p13b_i16_slothy_start.split.400_442:Booleans in result: 92
INFO:p13b.p13b_i16_slothy_start.split.400_442.selfcheck:OK!
WARNING:p13b:LLVM (llvm-mc, llvm-nm, llvm-readobj) not found, disabling selftest. Consider installing LLVM.
INFO:p13b.p13b_i16_slothy_start.split.400_442:Attempt optimization with max 33 stalls...
INFO:p13b.p13b_i16_slothy_start.split.400_442:Setting timeout of 30 seconds...
INFO:p13b.p13b_i16_slothy_start.split.400_442:Objective: None (any satisfying solution is fine)
INFO:p13b.p13b_i16_slothy_start.split.400_442:Invoking external constraint solver (OR-Tools CP-SAT v9.15.6755) ...
INFO:p13b.p13b_i16_slothy_start.split.400_442:[0.0162s]: Found 1 solutions so far... objective (no objective): currently 0.0, bound 0.0
INFO:p13b.p13b_i16_slothy_start.split.400_442:OPTIMAL, wall time: 0.019118 s
INFO:p13b.p13b_i16_slothy_start.split.400_442:Booleans in result: 92
INFO:p13b.p13b_i16_slothy_start.split.400_442.selfcheck:OK!
WARNING:p13b:LLVM (llvm-mc, llvm-nm, llvm-readobj) not found, disabling selftest. Consider installing LLVM.
INFO:p13b.p13b_i16_slothy_start.split:[  0- 13]: **********....................... (10)
INFO:p13b.p13b_i16_slothy_start.split:[ 13- 26]: ****************................. (16)
INFO:p13b.p13b_i16_slothy_start.split:[ 26- 40]: *******************.............. (19)
INFO:p13b.p13b_i16_slothy_start.split:[ 40- 53]: *********************............ (21)
INFO:p13b.p13b_i16_slothy_start.split:[ 53- 66]: **********************........... (22)
INFO:p13b.p13b_i16_slothy_start.split:[ 66- 80]: **********************........... (22)
INFO:p13b.p13b_i16_slothy_start.split:[ 80- 93]: *************************........ (25)
INFO:p13b.p13b_i16_slothy_start.split:[ 93-106]: **************************....... (26)
INFO:p13b.p13b_i16_slothy_start.split:[106-120]: *****************************.... (29)
INFO:p13b.p13b_i16_slothy_start.split:[120-133]: *****************************.... (29)
INFO:p13b.p13b_i16_slothy_start.split:[133-146]: ******************************... (30)
INFO:p13b.p13b_i16_slothy_start.split:[146-160]: ***************************...... (27)
INFO:p13b.p13b_i16_slothy_start.split:[160-173]: ***************************...... (27)
INFO:p13b.p13b_i16_slothy_start.split:[173-186]: ************************......... (24)
INFO:p13b.p13b_i16_slothy_start.split:[186-200]: ***********************.......... (23)
INFO:p13b.p13b_i16_slothy_start.split:[200-213]: ********************............. (20)
INFO:p13b.p13b_i16_slothy_start.split:[213-226]: ********************............. (20)
INFO:p13b.p13b_i16_slothy_start.split:[226-240]: *********************............ (21)
INFO:p13b.p13b_i16_slothy_start.split:[240-253]: **********************........... (22)
INFO:p13b.p13b_i16_slothy_start.split:[253-266]: **********************........... (22)
INFO:p13b.p13b_i16_slothy_start.split:[266-280]: ***********************.......... (23)
INFO:p13b.p13b_i16_slothy_start.split:[280-293]: ************************......... (24)
INFO:p13b.p13b_i16_slothy_start.split:[293-306]: ************************......... (24)
INFO:p13b.p13b_i16_slothy_start.split:[306-320]: **********************........... (22)
INFO:p13b.p13b_i16_slothy_start.split:[320-333]: **********************........... (22)
INFO:p13b.p13b_i16_slothy_start.split:[333-346]: *******************.............. (19)
INFO:p13b.p13b_i16_slothy_start.split:[346-360]: **********************........... (22)
INFO:p13b.p13b_i16_slothy_start.split:[360-373]: ********************............. (20)
INFO:p13b.p13b_i16_slothy_start.split:[373-386]: **********************........... (22)
INFO:p13b.p13b_i16_slothy_start.split:[386-400]: *********************............ (21)
INFO:p13b.p13b_i16_slothy_start.split:[400-413]: **********************........... (22)
INFO:p13b.p13b_i16_slothy_start.split:[413-426]: *************************........ (25)
INFO:p13b.p13b_i16_slothy_start.split:[426-440]: **************************....... (26)
INFO:p13b.p13b_i16_slothy_start.split:[440-453]: ******************************... (30)
INFO:p13b.p13b_i16_slothy_start.split:[453-466]: ****************************..... (28)
INFO:p13b.p13b_i16_slothy_start.split:[466-480]: *******************************.. (31)
INFO:p13b.p13b_i16_slothy_start.split:[480-493]: ****************************..... (28)
INFO:p13b.p13b_i16_slothy_start.split:[493-506]: ****************************..... (28)
INFO:p13b.p13b_i16_slothy_start.split:[506-520]: *****************************.... (29)
INFO:p13b.p13b_i16_slothy_start.split:[520-533]: ***************************...... (27)
INFO:p13b.p13b_i16_slothy_start.split:[533-546]: *****************************.... (29)
INFO:p13b.p13b_i16_slothy_start.split:[546-560]: ************************......... (24)
INFO:p13b.p13b_i16_slothy_start.split:[560-573]: ***************************...... (27)
INFO:p13b.p13b_i16_slothy_start.split:[573-586]: **************************....... (26)
INFO:p13b.p13b_i16_slothy_start.split:[586-600]: *****************************.... (29)
INFO:p13b.p13b_i16_slothy_start.split:[600-613]: *****************************.... (29)
INFO:p13b.p13b_i16_slothy_start.split:[613-626]: ****************************..... (28)
INFO:p13b.p13b_i16_slothy_start.split:[626-640]: ******************************... (30)
INFO:p13b.p13b_i16_slothy_start.split:[640-653]: **************************....... (26)
INFO:p13b.p13b_i16_slothy_start.split:[653-667]: *******************.............. (19)
INFO:p13b.p13b_i16_slothy_start.split.427_469:Perform external binary search for minimal number of stalls...
INFO:p13b.p13b_i16_slothy_start.split.427_469:Attempt optimization with max 0 stalls...
INFO:p13b.p13b_i16_slothy_start.split.427_469:Setting timeout of 30 seconds...
INFO:p13b.p13b_i16_slothy_start.split.427_469:Objective: None (any satisfying solution is fine)
INFO:p13b.p13b_i16_slothy_start.split.427_469:Invoking external constraint solver (OR-Tools CP-SAT v9.15.6755) ...
INFO:p13b.p13b_i16_slothy_start.split.427_469:INFEASIBLE, wall time: 0.000804 s
INFO:p13b.p13b_i16_slothy_start.split.427_469:Attempt optimization with max 1 stalls...
INFO:p13b.p13b_i16_slothy_start.split.427_469:Setting timeout of 30 seconds...
INFO:p13b.p13b_i16_slothy_start.split.427_469:Objective: None (any satisfying solution is fine)
INFO:p13b.p13b_i16_slothy_start.split.427_469:Invoking external constraint solver (OR-Tools CP-SAT v9.15.6755) ...
INFO:p13b.p13b_i16_slothy_start.split.427_469:INFEASIBLE, wall time: 0.000770 s
INFO:p13b.p13b_i16_slothy_start.split.427_469:Attempt optimization with max 2 stalls...
INFO:p13b.p13b_i16_slothy_start.split.427_469:Setting timeout of 30 seconds...
INFO:p13b.p13b_i16_slothy_start.split.427_469:Objective: None (any satisfying solution is fine)
INFO:p13b.p13b_i16_slothy_start.split.427_469:Invoking external constraint solver (OR-Tools CP-SAT v9.15.6755) ...
INFO:p13b.p13b_i16_slothy_start.split.427_469:INFEASIBLE, wall time: 0.000751 s
INFO:p13b.p13b_i16_slothy_start.split.427_469:Attempt optimization with max 4 stalls...
INFO:p13b.p13b_i16_slothy_start.split.427_469:Setting timeout of 30 seconds...
INFO:p13b.p13b_i16_slothy_start.split.427_469:Objective: None (any satisfying solution is fine)
INFO:p13b.p13b_i16_slothy_start.split.427_469:Invoking external constraint solver (OR-Tools CP-SAT v9.15.6755) ...
INFO:p13b.p13b_i16_slothy_start.split.427_469:INFEASIBLE, wall time: 0.000757 s
INFO:p13b.p13b_i16_slothy_start.split.427_469:Attempt optimization with max 8 stalls...
INFO:p13b.p13b_i16_slothy_start.split.427_469:Setting timeout of 30 seconds...
INFO:p13b.p13b_i16_slothy_start.split.427_469:Objective: None (any satisfying solution is fine)
INFO:p13b.p13b_i16_slothy_start.split.427_469:Invoking external constraint solver (OR-Tools CP-SAT v9.15.6755) ...
INFO:p13b.p13b_i16_slothy_start.split.427_469:INFEASIBLE, wall time: 0.000938 s
INFO:p13b.p13b_i16_slothy_start.split.427_469:Attempt optimization with max 16 stalls...
INFO:p13b.p13b_i16_slothy_start.split.427_469:Setting timeout of 30 seconds...
INFO:p13b.p13b_i16_slothy_start.split.427_469:Objective: None (any satisfying solution is fine)
INFO:p13b.p13b_i16_slothy_start.split.427_469:Invoking external constraint solver (OR-Tools CP-SAT v9.15.6755) ...
INFO:p13b.p13b_i16_slothy_start.split.427_469:INFEASIBLE, wall time: 0.003489 s
INFO:p13b.p13b_i16_slothy_start.split.427_469:Attempt optimization with max 32 stalls...
INFO:p13b.p13b_i16_slothy_start.split.427_469:Setting timeout of 30 seconds...
INFO:p13b.p13b_i16_slothy_start.split.427_469:Objective: None (any satisfying solution is fine)
INFO:p13b.p13b_i16_slothy_start.split.427_469:Invoking external constraint solver (OR-Tools CP-SAT v9.15.6755) ...
INFO:p13b.p13b_i16_slothy_start.split.427_469:[0.0676s]: Found 1 solutions so far... objective (no objective): currently 0.0, bound 0.0
INFO:p13b.p13b_i16_slothy_start.split.427_469:OPTIMAL, wall time: 0.070781 s
INFO:p13b.p13b_i16_slothy_start.split.427_469:Booleans in result: 385
INFO:p13b.p13b_i16_slothy_start.split.427_469.selfcheck:OK!
WARNING:p13b:LLVM (llvm-mc, llvm-nm, llvm-readobj) not found, disabling selftest. Consider installing LLVM.
INFO:p13b.p13b_i16_slothy_start.split.427_469:Attempt optimization with max 24 stalls...
INFO:p13b.p13b_i16_slothy_start.split.427_469:Setting timeout of 30 seconds...
INFO:p13b.p13b_i16_slothy_start.split.427_469:Objective: None (any satisfying solution is fine)
INFO:p13b.p13b_i16_slothy_start.split.427_469:Invoking external constraint solver (OR-Tools CP-SAT v9.15.6755) ...
INFO:p13b.p13b_i16_slothy_start.split.427_469:INFEASIBLE, wall time: 0.013646 s
INFO:p13b.p13b_i16_slothy_start.split.427_469:Attempt optimization with max 28 stalls...
INFO:p13b.p13b_i16_slothy_start.split.427_469:Setting timeout of 30 seconds...
INFO:p13b.p13b_i16_slothy_start.split.427_469:Objective: None (any satisfying solution is fine)
INFO:p13b.p13b_i16_slothy_start.split.427_469:Invoking external constraint solver (OR-Tools CP-SAT v9.15.6755) ...
INFO:p13b.p13b_i16_slothy_start.split.427_469:INFEASIBLE, wall time: 0.023464 s
INFO:p13b.p13b_i16_slothy_start.split.427_469:Attempt optimization with max 30 stalls...
INFO:p13b.p13b_i16_slothy_start.split.427_469:Setting timeout of 30 seconds...
INFO:p13b.p13b_i16_slothy_start.split.427_469:Objective: None (any satisfying solution is fine)
INFO:p13b.p13b_i16_slothy_start.split.427_469:Invoking external constraint solver (OR-Tools CP-SAT v9.15.6755) ...
INFO:p13b.p13b_i16_slothy_start.split.427_469:INFEASIBLE, wall time: 0.038961 s
INFO:p13b.p13b_i16_slothy_start.split.427_469:Attempt optimization with max 31 stalls...
INFO:p13b.p13b_i16_slothy_start.split.427_469:Setting timeout of 30 seconds...
INFO:p13b.p13b_i16_slothy_start.split.427_469:Objective: None (any satisfying solution is fine)
INFO:p13b.p13b_i16_slothy_start.split.427_469:Invoking external constraint solver (OR-Tools CP-SAT v9.15.6755) ...
INFO:p13b.p13b_i16_slothy_start.split.427_469:INFEASIBLE, wall time: 0.044212 s
INFO:p13b.p13b_i16_slothy_start.split:[  0- 13]: **********...................... (10)
INFO:p13b.p13b_i16_slothy_start.split:[ 13- 26]: ****************................ (16)
INFO:p13b.p13b_i16_slothy_start.split:[ 26- 40]: *******************............. (19)
INFO:p13b.p13b_i16_slothy_start.split:[ 40- 53]: *********************........... (21)
INFO:p13b.p13b_i16_slothy_start.split:[ 53- 66]: **********************.......... (22)
INFO:p13b.p13b_i16_slothy_start.split:[ 66- 80]: **********************.......... (22)
INFO:p13b.p13b_i16_slothy_start.split:[ 80- 93]: *************************....... (25)
INFO:p13b.p13b_i16_slothy_start.split:[ 93-106]: **************************...... (26)
INFO:p13b.p13b_i16_slothy_start.split:[106-120]: *****************************... (29)
INFO:p13b.p13b_i16_slothy_start.split:[120-133]: *****************************... (29)
INFO:p13b.p13b_i16_slothy_start.split:[133-146]: ******************************.. (30)
INFO:p13b.p13b_i16_slothy_start.split:[146-160]: ***************************..... (27)
INFO:p13b.p13b_i16_slothy_start.split:[160-173]: ***************************..... (27)
INFO:p13b.p13b_i16_slothy_start.split:[173-186]: ************************........ (24)
INFO:p13b.p13b_i16_slothy_start.split:[186-200]: ***********************......... (23)
INFO:p13b.p13b_i16_slothy_start.split:[200-213]: ********************............ (20)
INFO:p13b.p13b_i16_slothy_start.split:[213-226]: ********************............ (20)
INFO:p13b.p13b_i16_slothy_start.split:[226-240]: *********************........... (21)
INFO:p13b.p13b_i16_slothy_start.split:[240-253]: **********************.......... (22)
INFO:p13b.p13b_i16_slothy_start.split:[253-266]: **********************.......... (22)
INFO:p13b.p13b_i16_slothy_start.split:[266-280]: ***********************......... (23)
INFO:p13b.p13b_i16_slothy_start.split:[280-293]: ************************........ (24)
INFO:p13b.p13b_i16_slothy_start.split:[293-306]: ************************........ (24)
INFO:p13b.p13b_i16_slothy_start.split:[306-320]: **********************.......... (22)
INFO:p13b.p13b_i16_slothy_start.split:[320-333]: **********************.......... (22)
INFO:p13b.p13b_i16_slothy_start.split:[333-346]: *******************............. (19)
INFO:p13b.p13b_i16_slothy_start.split:[346-360]: **********************.......... (22)
INFO:p13b.p13b_i16_slothy_start.split:[360-373]: ********************............ (20)
INFO:p13b.p13b_i16_slothy_start.split:[373-386]: **********************.......... (22)
INFO:p13b.p13b_i16_slothy_start.split:[386-400]: *********************........... (21)
INFO:p13b.p13b_i16_slothy_start.split:[400-413]: *********************........... (21)
INFO:p13b.p13b_i16_slothy_start.split:[413-426]: ***********************......... (23)
INFO:p13b.p13b_i16_slothy_start.split:[426-440]: **********************.......... (22)
INFO:p13b.p13b_i16_slothy_start.split:[440-453]: *************************....... (25)
INFO:p13b.p13b_i16_slothy_start.split:[453-466]: ************************........ (24)
INFO:p13b.p13b_i16_slothy_start.split:[466-480]: *****************************... (29)
INFO:p13b.p13b_i16_slothy_start.split:[480-493]: ****************************.... (28)
INFO:p13b.p13b_i16_slothy_start.split:[493-506]: ****************************.... (28)
INFO:p13b.p13b_i16_slothy_start.split:[506-520]: *****************************... (29)
INFO:p13b.p13b_i16_slothy_start.split:[520-533]: ***************************..... (27)
INFO:p13b.p13b_i16_slothy_start.split:[533-546]: *****************************... (29)
INFO:p13b.p13b_i16_slothy_start.split:[546-560]: ************************........ (24)
INFO:p13b.p13b_i16_slothy_start.split:[560-573]: ***************************..... (27)
INFO:p13b.p13b_i16_slothy_start.split:[573-586]: **************************...... (26)
INFO:p13b.p13b_i16_slothy_start.split:[586-600]: *****************************... (29)
INFO:p13b.p13b_i16_slothy_start.split:[600-613]: *****************************... (29)
INFO:p13b.p13b_i16_slothy_start.split:[613-626]: ****************************.... (28)
INFO:p13b.p13b_i16_slothy_start.split:[626-640]: ******************************.. (30)
INFO:p13b.p13b_i16_slothy_start.split:[640-653]: **************************...... (26)
INFO:p13b.p13b_i16_slothy_start.split:[653-667]: *******************............. (19)
INFO:p13b.p13b_i16_slothy_start.split.454_495:Perform external binary search for minimal number of stalls...
INFO:p13b.p13b_i16_slothy_start.split.454_495:Attempt optimization with max 0 stalls...
INFO:p13b.p13b_i16_slothy_start.split.454_495:Setting timeout of 30 seconds...
INFO:p13b.p13b_i16_slothy_start.split.454_495:Objective: None (any satisfying solution is fine)
INFO:p13b.p13b_i16_slothy_start.split.454_495:Invoking external constraint solver (OR-Tools CP-SAT v9.15.6755) ...
INFO:p13b.p13b_i16_slothy_start.split.454_495:INFEASIBLE, wall time: 0.000787 s
INFO:p13b.p13b_i16_slothy_start.split.454_495:Attempt optimization with max 1 stalls...
INFO:p13b.p13b_i16_slothy_start.split.454_495:Setting timeout of 30 seconds...
INFO:p13b.p13b_i16_slothy_start.split.454_495:Objective: None (any satisfying solution is fine)
INFO:p13b.p13b_i16_slothy_start.split.454_495:Invoking external constraint solver (OR-Tools CP-SAT v9.15.6755) ...
INFO:p13b.p13b_i16_slothy_start.split.454_495:INFEASIBLE, wall time: 0.000757 s
INFO:p13b.p13b_i16_slothy_start.split.454_495:Attempt optimization with max 2 stalls...
INFO:p13b.p13b_i16_slothy_start.split.454_495:Setting timeout of 30 seconds...
INFO:p13b.p13b_i16_slothy_start.split.454_495:Objective: None (any satisfying solution is fine)
INFO:p13b.p13b_i16_slothy_start.split.454_495:Invoking external constraint solver (OR-Tools CP-SAT v9.15.6755) ...
INFO:p13b.p13b_i16_slothy_start.split.454_495:INFEASIBLE, wall time: 0.000779 s
INFO:p13b.p13b_i16_slothy_start.split.454_495:Attempt optimization with max 4 stalls...
INFO:p13b.p13b_i16_slothy_start.split.454_495:Setting timeout of 30 seconds...
INFO:p13b.p13b_i16_slothy_start.split.454_495:Objective: None (any satisfying solution is fine)
INFO:p13b.p13b_i16_slothy_start.split.454_495:Invoking external constraint solver (OR-Tools CP-SAT v9.15.6755) ...
INFO:p13b.p13b_i16_slothy_start.split.454_495:INFEASIBLE, wall time: 0.000850 s
INFO:p13b.p13b_i16_slothy_start.split.454_495:Attempt optimization with max 8 stalls...
INFO:p13b.p13b_i16_slothy_start.split.454_495:Setting timeout of 30 seconds...
INFO:p13b.p13b_i16_slothy_start.split.454_495:Objective: None (any satisfying solution is fine)
INFO:p13b.p13b_i16_slothy_start.split.454_495:Invoking external constraint solver (OR-Tools CP-SAT v9.15.6755) ...
INFO:p13b.p13b_i16_slothy_start.split.454_495:INFEASIBLE, wall time: 0.000883 s
INFO:p13b.p13b_i16_slothy_start.split.454_495:Attempt optimization with max 16 stalls...
INFO:p13b.p13b_i16_slothy_start.split.454_495:Setting timeout of 30 seconds...
INFO:p13b.p13b_i16_slothy_start.split.454_495:Objective: None (any satisfying solution is fine)
INFO:p13b.p13b_i16_slothy_start.split.454_495:Invoking external constraint solver (OR-Tools CP-SAT v9.15.6755) ...
INFO:p13b.p13b_i16_slothy_start.split.454_495:INFEASIBLE, wall time: 0.002777 s
INFO:p13b.p13b_i16_slothy_start.split.454_495:Attempt optimization with max 32 stalls...
INFO:p13b.p13b_i16_slothy_start.split.454_495:Setting timeout of 30 seconds...
INFO:p13b.p13b_i16_slothy_start.split.454_495:Objective: None (any satisfying solution is fine)
INFO:p13b.p13b_i16_slothy_start.split.454_495:Invoking external constraint solver (OR-Tools CP-SAT v9.15.6755) ...
INFO:p13b.p13b_i16_slothy_start.split.454_495:[0.0117s]: Found 1 solutions so far... objective (no objective): currently 0.0, bound 0.0
INFO:p13b.p13b_i16_slothy_start.split.454_495:OPTIMAL, wall time: 0.014670 s
INFO:p13b.p13b_i16_slothy_start.split.454_495:Booleans in result: 85
INFO:p13b.p13b_i16_slothy_start.split.454_495.selfcheck:OK!
WARNING:p13b:LLVM (llvm-mc, llvm-nm, llvm-readobj) not found, disabling selftest. Consider installing LLVM.
INFO:p13b.p13b_i16_slothy_start.split.454_495:Attempt optimization with max 24 stalls...
INFO:p13b.p13b_i16_slothy_start.split.454_495:Setting timeout of 30 seconds...
INFO:p13b.p13b_i16_slothy_start.split.454_495:Objective: None (any satisfying solution is fine)
INFO:p13b.p13b_i16_slothy_start.split.454_495:Invoking external constraint solver (OR-Tools CP-SAT v9.15.6755) ...
INFO:p13b.p13b_i16_slothy_start.split.454_495:INFEASIBLE, wall time: 0.013194 s
INFO:p13b.p13b_i16_slothy_start.split.454_495:Attempt optimization with max 28 stalls...
INFO:p13b.p13b_i16_slothy_start.split.454_495:Setting timeout of 30 seconds...
INFO:p13b.p13b_i16_slothy_start.split.454_495:Objective: None (any satisfying solution is fine)
INFO:p13b.p13b_i16_slothy_start.split.454_495:Invoking external constraint solver (OR-Tools CP-SAT v9.15.6755) ...
INFO:p13b.p13b_i16_slothy_start.split.454_495:[0.0160s]: Found 1 solutions so far... objective (no objective): currently 0.0, bound 0.0
INFO:p13b.p13b_i16_slothy_start.split.454_495:OPTIMAL, wall time: 0.018973 s
INFO:p13b.p13b_i16_slothy_start.split.454_495:Booleans in result: 101
INFO:p13b.p13b_i16_slothy_start.split.454_495.selfcheck:OK!
WARNING:p13b:LLVM (llvm-mc, llvm-nm, llvm-readobj) not found, disabling selftest. Consider installing LLVM.
INFO:p13b.p13b_i16_slothy_start.split.454_495:Attempt optimization with max 26 stalls...
INFO:p13b.p13b_i16_slothy_start.split.454_495:Setting timeout of 30 seconds...
INFO:p13b.p13b_i16_slothy_start.split.454_495:Objective: None (any satisfying solution is fine)
INFO:p13b.p13b_i16_slothy_start.split.454_495:Invoking external constraint solver (OR-Tools CP-SAT v9.15.6755) ...
INFO:p13b.p13b_i16_slothy_start.split.454_495:[0.0222s]: Found 1 solutions so far... objective (no objective): currently 0.0, bound 0.0
INFO:p13b.p13b_i16_slothy_start.split.454_495:OPTIMAL, wall time: 0.025210 s
INFO:p13b.p13b_i16_slothy_start.split.454_495:Booleans in result: 158
INFO:p13b.p13b_i16_slothy_start.split.454_495.selfcheck:OK!
WARNING:p13b:LLVM (llvm-mc, llvm-nm, llvm-readobj) not found, disabling selftest. Consider installing LLVM.
INFO:p13b.p13b_i16_slothy_start.split.454_495:Attempt optimization with max 25 stalls...
INFO:p13b.p13b_i16_slothy_start.split.454_495:Setting timeout of 30 seconds...
INFO:p13b.p13b_i16_slothy_start.split.454_495:Objective: None (any satisfying solution is fine)
INFO:p13b.p13b_i16_slothy_start.split.454_495:Invoking external constraint solver (OR-Tools CP-SAT v9.15.6755) ...
INFO:p13b.p13b_i16_slothy_start.split.454_495:INFEASIBLE, wall time: 0.015274 s
INFO:p13b.p13b_i16_slothy_start.split:[  0- 13]: **********...................... (10)
INFO:p13b.p13b_i16_slothy_start.split:[ 13- 26]: ****************................ (16)
INFO:p13b.p13b_i16_slothy_start.split:[ 26- 40]: *******************............. (19)
INFO:p13b.p13b_i16_slothy_start.split:[ 40- 53]: *********************........... (21)
INFO:p13b.p13b_i16_slothy_start.split:[ 53- 66]: **********************.......... (22)
INFO:p13b.p13b_i16_slothy_start.split:[ 66- 80]: **********************.......... (22)
INFO:p13b.p13b_i16_slothy_start.split:[ 80- 93]: *************************....... (25)
INFO:p13b.p13b_i16_slothy_start.split:[ 93-106]: **************************...... (26)
INFO:p13b.p13b_i16_slothy_start.split:[106-120]: *****************************... (29)
INFO:p13b.p13b_i16_slothy_start.split:[120-133]: *****************************... (29)
INFO:p13b.p13b_i16_slothy_start.split:[133-146]: ******************************.. (30)
INFO:p13b.p13b_i16_slothy_start.split:[146-160]: ***************************..... (27)
INFO:p13b.p13b_i16_slothy_start.split:[160-173]: ***************************..... (27)
INFO:p13b.p13b_i16_slothy_start.split:[173-186]: ************************........ (24)
INFO:p13b.p13b_i16_slothy_start.split:[186-200]: ***********************......... (23)
INFO:p13b.p13b_i16_slothy_start.split:[200-213]: ********************............ (20)
INFO:p13b.p13b_i16_slothy_start.split:[213-226]: ********************............ (20)
INFO:p13b.p13b_i16_slothy_start.split:[226-240]: *********************........... (21)
INFO:p13b.p13b_i16_slothy_start.split:[240-253]: **********************.......... (22)
INFO:p13b.p13b_i16_slothy_start.split:[253-266]: **********************.......... (22)
INFO:p13b.p13b_i16_slothy_start.split:[266-280]: ***********************......... (23)
INFO:p13b.p13b_i16_slothy_start.split:[280-293]: ************************........ (24)
INFO:p13b.p13b_i16_slothy_start.split:[293-306]: ************************........ (24)
INFO:p13b.p13b_i16_slothy_start.split:[306-320]: **********************.......... (22)
INFO:p13b.p13b_i16_slothy_start.split:[320-333]: **********************.......... (22)
INFO:p13b.p13b_i16_slothy_start.split:[333-346]: *******************............. (19)
INFO:p13b.p13b_i16_slothy_start.split:[346-360]: **********************.......... (22)
INFO:p13b.p13b_i16_slothy_start.split:[360-373]: ********************............ (20)
INFO:p13b.p13b_i16_slothy_start.split:[373-386]: **********************.......... (22)
INFO:p13b.p13b_i16_slothy_start.split:[386-400]: *********************........... (21)
INFO:p13b.p13b_i16_slothy_start.split:[400-413]: *********************........... (21)
INFO:p13b.p13b_i16_slothy_start.split:[413-426]: ***********************......... (23)
INFO:p13b.p13b_i16_slothy_start.split:[426-440]: *********************........... (21)
INFO:p13b.p13b_i16_slothy_start.split:[440-453]: **********************.......... (22)
INFO:p13b.p13b_i16_slothy_start.split:[453-466]: ********************............ (20)
INFO:p13b.p13b_i16_slothy_start.split:[466-480]: ************************........ (24)
INFO:p13b.p13b_i16_slothy_start.split:[480-493]: **************************...... (26)
INFO:p13b.p13b_i16_slothy_start.split:[493-506]: ***************************..... (27)
INFO:p13b.p13b_i16_slothy_start.split:[506-520]: *****************************... (29)
INFO:p13b.p13b_i16_slothy_start.split:[520-533]: ***************************..... (27)
INFO:p13b.p13b_i16_slothy_start.split:[533-546]: *****************************... (29)
INFO:p13b.p13b_i16_slothy_start.split:[546-560]: ************************........ (24)
INFO:p13b.p13b_i16_slothy_start.split:[560-573]: ***************************..... (27)
INFO:p13b.p13b_i16_slothy_start.split:[573-586]: **************************...... (26)
INFO:p13b.p13b_i16_slothy_start.split:[586-600]: *****************************... (29)
INFO:p13b.p13b_i16_slothy_start.split:[600-613]: *****************************... (29)
INFO:p13b.p13b_i16_slothy_start.split:[613-626]: ****************************.... (28)
INFO:p13b.p13b_i16_slothy_start.split:[626-640]: ******************************.. (30)
INFO:p13b.p13b_i16_slothy_start.split:[640-653]: **************************...... (26)
INFO:p13b.p13b_i16_slothy_start.split:[653-667]: *******************............. (19)
INFO:p13b.p13b_i16_slothy_start.split.480_522:Perform external binary search for minimal number of stalls...
INFO:p13b.p13b_i16_slothy_start.split.480_522:Attempt optimization with max 0 stalls...
INFO:p13b.p13b_i16_slothy_start.split.480_522:Setting timeout of 30 seconds...
INFO:p13b.p13b_i16_slothy_start.split.480_522:Objective: None (any satisfying solution is fine)
INFO:p13b.p13b_i16_slothy_start.split.480_522:Invoking external constraint solver (OR-Tools CP-SAT v9.15.6755) ...
INFO:p13b.p13b_i16_slothy_start.split.480_522:INFEASIBLE, wall time: 0.000737 s
INFO:p13b.p13b_i16_slothy_start.split.480_522:Attempt optimization with max 1 stalls...
INFO:p13b.p13b_i16_slothy_start.split.480_522:Setting timeout of 30 seconds...
INFO:p13b.p13b_i16_slothy_start.split.480_522:Objective: None (any satisfying solution is fine)
INFO:p13b.p13b_i16_slothy_start.split.480_522:Invoking external constraint solver (OR-Tools CP-SAT v9.15.6755) ...
INFO:p13b.p13b_i16_slothy_start.split.480_522:INFEASIBLE, wall time: 0.000756 s
INFO:p13b.p13b_i16_slothy_start.split.480_522:Attempt optimization with max 2 stalls...
INFO:p13b.p13b_i16_slothy_start.split.480_522:Setting timeout of 30 seconds...
INFO:p13b.p13b_i16_slothy_start.split.480_522:Objective: None (any satisfying solution is fine)
INFO:p13b.p13b_i16_slothy_start.split.480_522:Invoking external constraint solver (OR-Tools CP-SAT v9.15.6755) ...
INFO:p13b.p13b_i16_slothy_start.split.480_522:INFEASIBLE, wall time: 0.000785 s
INFO:p13b.p13b_i16_slothy_start.split.480_522:Attempt optimization with max 4 stalls...
INFO:p13b.p13b_i16_slothy_start.split.480_522:Setting timeout of 30 seconds...
INFO:p13b.p13b_i16_slothy_start.split.480_522:Objective: None (any satisfying solution is fine)
INFO:p13b.p13b_i16_slothy_start.split.480_522:Invoking external constraint solver (OR-Tools CP-SAT v9.15.6755) ...
INFO:p13b.p13b_i16_slothy_start.split.480_522:INFEASIBLE, wall time: 0.000862 s
INFO:p13b.p13b_i16_slothy_start.split.480_522:Attempt optimization with max 8 stalls...
INFO:p13b.p13b_i16_slothy_start.split.480_522:Setting timeout of 30 seconds...
INFO:p13b.p13b_i16_slothy_start.split.480_522:Objective: None (any satisfying solution is fine)
INFO:p13b.p13b_i16_slothy_start.split.480_522:Invoking external constraint solver (OR-Tools CP-SAT v9.15.6755) ...
INFO:p13b.p13b_i16_slothy_start.split.480_522:INFEASIBLE, wall time: 0.000779 s
INFO:p13b.p13b_i16_slothy_start.split.480_522:Attempt optimization with max 16 stalls...
INFO:p13b.p13b_i16_slothy_start.split.480_522:Setting timeout of 30 seconds...
INFO:p13b.p13b_i16_slothy_start.split.480_522:Objective: None (any satisfying solution is fine)
INFO:p13b.p13b_i16_slothy_start.split.480_522:Invoking external constraint solver (OR-Tools CP-SAT v9.15.6755) ...
INFO:p13b.p13b_i16_slothy_start.split.480_522:INFEASIBLE, wall time: 0.000737 s
INFO:p13b.p13b_i16_slothy_start.split.480_522:Attempt optimization with max 32 stalls...
INFO:p13b.p13b_i16_slothy_start.split.480_522:Setting timeout of 30 seconds...
INFO:p13b.p13b_i16_slothy_start.split.480_522:Objective: None (any satisfying solution is fine)
INFO:p13b.p13b_i16_slothy_start.split.480_522:Invoking external constraint solver (OR-Tools CP-SAT v9.15.6755) ...
INFO:p13b.p13b_i16_slothy_start.split.480_522:[0.0109s]: Found 1 solutions so far... objective (no objective): currently 0.0, bound 0.0
INFO:p13b.p13b_i16_slothy_start.split.480_522:OPTIMAL, wall time: 0.013645 s
INFO:p13b.p13b_i16_slothy_start.split.480_522:Booleans in result: 91
INFO:p13b.p13b_i16_slothy_start.split.480_522.selfcheck:OK!
WARNING:p13b:LLVM (llvm-mc, llvm-nm, llvm-readobj) not found, disabling selftest. Consider installing LLVM.
INFO:p13b.p13b_i16_slothy_start.split.480_522:Attempt optimization with max 24 stalls...
INFO:p13b.p13b_i16_slothy_start.split.480_522:Setting timeout of 30 seconds...
INFO:p13b.p13b_i16_slothy_start.split.480_522:Objective: None (any satisfying solution is fine)
INFO:p13b.p13b_i16_slothy_start.split.480_522:Invoking external constraint solver (OR-Tools CP-SAT v9.15.6755) ...
INFO:p13b.p13b_i16_slothy_start.split.480_522:INFEASIBLE, wall time: 0.002833 s
INFO:p13b.p13b_i16_slothy_start.split.480_522:Attempt optimization with max 28 stalls...
INFO:p13b.p13b_i16_slothy_start.split.480_522:Setting timeout of 30 seconds...
INFO:p13b.p13b_i16_slothy_start.split.480_522:Objective: None (any satisfying solution is fine)
INFO:p13b.p13b_i16_slothy_start.split.480_522:Invoking external constraint solver (OR-Tools CP-SAT v9.15.6755) ...
INFO:p13b.p13b_i16_slothy_start.split.480_522:INFEASIBLE, wall time: 0.021934 s
INFO:p13b.p13b_i16_slothy_start.split.480_522:Attempt optimization with max 30 stalls...
INFO:p13b.p13b_i16_slothy_start.split.480_522:Setting timeout of 30 seconds...
INFO:p13b.p13b_i16_slothy_start.split.480_522:Objective: None (any satisfying solution is fine)
INFO:p13b.p13b_i16_slothy_start.split.480_522:Invoking external constraint solver (OR-Tools CP-SAT v9.15.6755) ...
INFO:p13b.p13b_i16_slothy_start.split.480_522:[0.0106s]: Found 1 solutions so far... objective (no objective): currently 0.0, bound 0.0
INFO:p13b.p13b_i16_slothy_start.split.480_522:OPTIMAL, wall time: 0.013384 s
INFO:p13b.p13b_i16_slothy_start.split.480_522:Booleans in result: 86
INFO:p13b.p13b_i16_slothy_start.split.480_522.selfcheck:OK!
WARNING:p13b:LLVM (llvm-mc, llvm-nm, llvm-readobj) not found, disabling selftest. Consider installing LLVM.
INFO:p13b.p13b_i16_slothy_start.split.480_522:Attempt optimization with max 29 stalls...
INFO:p13b.p13b_i16_slothy_start.split.480_522:Setting timeout of 30 seconds...
INFO:p13b.p13b_i16_slothy_start.split.480_522:Objective: None (any satisfying solution is fine)
INFO:p13b.p13b_i16_slothy_start.split.480_522:Invoking external constraint solver (OR-Tools CP-SAT v9.15.6755) ...
INFO:p13b.p13b_i16_slothy_start.split.480_522:[0.0136s]: Found 1 solutions so far... objective (no objective): currently 0.0, bound 0.0
INFO:p13b.p13b_i16_slothy_start.split.480_522:OPTIMAL, wall time: 0.016550 s
INFO:p13b.p13b_i16_slothy_start.split.480_522:Booleans in result: 98
INFO:p13b.p13b_i16_slothy_start.split.480_522.selfcheck:OK!
WARNING:p13b:LLVM (llvm-mc, llvm-nm, llvm-readobj) not found, disabling selftest. Consider installing LLVM.
INFO:p13b.p13b_i16_slothy_start.split:[  0- 13]: **********...................... (10)
INFO:p13b.p13b_i16_slothy_start.split:[ 13- 26]: ****************................ (16)
INFO:p13b.p13b_i16_slothy_start.split:[ 26- 40]: *******************............. (19)
INFO:p13b.p13b_i16_slothy_start.split:[ 40- 53]: *********************........... (21)
INFO:p13b.p13b_i16_slothy_start.split:[ 53- 66]: **********************.......... (22)
INFO:p13b.p13b_i16_slothy_start.split:[ 66- 80]: **********************.......... (22)
INFO:p13b.p13b_i16_slothy_start.split:[ 80- 93]: *************************....... (25)
INFO:p13b.p13b_i16_slothy_start.split:[ 93-106]: **************************...... (26)
INFO:p13b.p13b_i16_slothy_start.split:[106-120]: *****************************... (29)
INFO:p13b.p13b_i16_slothy_start.split:[120-133]: *****************************... (29)
INFO:p13b.p13b_i16_slothy_start.split:[133-146]: ******************************.. (30)
INFO:p13b.p13b_i16_slothy_start.split:[146-160]: ***************************..... (27)
INFO:p13b.p13b_i16_slothy_start.split:[160-173]: ***************************..... (27)
INFO:p13b.p13b_i16_slothy_start.split:[173-186]: ************************........ (24)
INFO:p13b.p13b_i16_slothy_start.split:[186-200]: ***********************......... (23)
INFO:p13b.p13b_i16_slothy_start.split:[200-213]: ********************............ (20)
INFO:p13b.p13b_i16_slothy_start.split:[213-226]: ********************............ (20)
INFO:p13b.p13b_i16_slothy_start.split:[226-240]: *********************........... (21)
INFO:p13b.p13b_i16_slothy_start.split:[240-253]: **********************.......... (22)
INFO:p13b.p13b_i16_slothy_start.split:[253-266]: **********************.......... (22)
INFO:p13b.p13b_i16_slothy_start.split:[266-280]: ***********************......... (23)
INFO:p13b.p13b_i16_slothy_start.split:[280-293]: ************************........ (24)
INFO:p13b.p13b_i16_slothy_start.split:[293-306]: ************************........ (24)
INFO:p13b.p13b_i16_slothy_start.split:[306-320]: **********************.......... (22)
INFO:p13b.p13b_i16_slothy_start.split:[320-333]: **********************.......... (22)
INFO:p13b.p13b_i16_slothy_start.split:[333-346]: *******************............. (19)
INFO:p13b.p13b_i16_slothy_start.split:[346-360]: **********************.......... (22)
INFO:p13b.p13b_i16_slothy_start.split:[360-373]: ********************............ (20)
INFO:p13b.p13b_i16_slothy_start.split:[373-386]: **********************.......... (22)
INFO:p13b.p13b_i16_slothy_start.split:[386-400]: *********************........... (21)
INFO:p13b.p13b_i16_slothy_start.split:[400-413]: *********************........... (21)
INFO:p13b.p13b_i16_slothy_start.split:[413-426]: ***********************......... (23)
INFO:p13b.p13b_i16_slothy_start.split:[426-440]: *********************........... (21)
INFO:p13b.p13b_i16_slothy_start.split:[440-453]: **********************.......... (22)
INFO:p13b.p13b_i16_slothy_start.split:[453-466]: ********************............ (20)
INFO:p13b.p13b_i16_slothy_start.split:[466-480]: *************************....... (25)
INFO:p13b.p13b_i16_slothy_start.split:[480-493]: ***************************..... (27)
INFO:p13b.p13b_i16_slothy_start.split:[493-506]: **************************...... (26)
INFO:p13b.p13b_i16_slothy_start.split:[506-520]: **************************...... (26)
INFO:p13b.p13b_i16_slothy_start.split:[520-533]: *************************....... (25)
INFO:p13b.p13b_i16_slothy_start.split:[533-546]: ****************************.... (28)
INFO:p13b.p13b_i16_slothy_start.split:[546-560]: ************************........ (24)
INFO:p13b.p13b_i16_slothy_start.split:[560-573]: ***************************..... (27)
INFO:p13b.p13b_i16_slothy_start.split:[573-586]: **************************...... (26)
INFO:p13b.p13b_i16_slothy_start.split:[586-600]: *****************************... (29)
INFO:p13b.p13b_i16_slothy_start.split:[600-613]: *****************************... (29)
INFO:p13b.p13b_i16_slothy_start.split:[613-626]: ****************************.... (28)
INFO:p13b.p13b_i16_slothy_start.split:[626-640]: ******************************.. (30)
INFO:p13b.p13b_i16_slothy_start.split:[640-653]: **************************...... (26)
INFO:p13b.p13b_i16_slothy_start.split:[653-667]: *******************............. (19)
INFO:p13b.p13b_i16_slothy_start.split.507_549:Perform external binary search for minimal number of stalls...
INFO:p13b.p13b_i16_slothy_start.split.507_549:Attempt optimization with max 0 stalls...
INFO:p13b.p13b_i16_slothy_start.split.507_549:Setting timeout of 30 seconds...
INFO:p13b.p13b_i16_slothy_start.split.507_549:Objective: None (any satisfying solution is fine)
INFO:p13b.p13b_i16_slothy_start.split.507_549:Invoking external constraint solver (OR-Tools CP-SAT v9.15.6755) ...
INFO:p13b.p13b_i16_slothy_start.split.507_549:INFEASIBLE, wall time: 0.000744 s
INFO:p13b.p13b_i16_slothy_start.split.507_549:Attempt optimization with max 1 stalls...
INFO:p13b.p13b_i16_slothy_start.split.507_549:Setting timeout of 30 seconds...
INFO:p13b.p13b_i16_slothy_start.split.507_549:Objective: None (any satisfying solution is fine)
INFO:p13b.p13b_i16_slothy_start.split.507_549:Invoking external constraint solver (OR-Tools CP-SAT v9.15.6755) ...
INFO:p13b.p13b_i16_slothy_start.split.507_549:INFEASIBLE, wall time: 0.000846 s
INFO:p13b.p13b_i16_slothy_start.split.507_549:Attempt optimization with max 2 stalls...
INFO:p13b.p13b_i16_slothy_start.split.507_549:Setting timeout of 30 seconds...
INFO:p13b.p13b_i16_slothy_start.split.507_549:Objective: None (any satisfying solution is fine)
INFO:p13b.p13b_i16_slothy_start.split.507_549:Invoking external constraint solver (OR-Tools CP-SAT v9.15.6755) ...
INFO:p13b.p13b_i16_slothy_start.split.507_549:INFEASIBLE, wall time: 0.000758 s
INFO:p13b.p13b_i16_slothy_start.split.507_549:Attempt optimization with max 4 stalls...
INFO:p13b.p13b_i16_slothy_start.split.507_549:Setting timeout of 30 seconds...
INFO:p13b.p13b_i16_slothy_start.split.507_549:Objective: None (any satisfying solution is fine)
INFO:p13b.p13b_i16_slothy_start.split.507_549:Invoking external constraint solver (OR-Tools CP-SAT v9.15.6755) ...
INFO:p13b.p13b_i16_slothy_start.split.507_549:INFEASIBLE, wall time: 0.000734 s
INFO:p13b.p13b_i16_slothy_start.split.507_549:Attempt optimization with max 8 stalls...
INFO:p13b.p13b_i16_slothy_start.split.507_549:Setting timeout of 30 seconds...
INFO:p13b.p13b_i16_slothy_start.split.507_549:Objective: None (any satisfying solution is fine)
INFO:p13b.p13b_i16_slothy_start.split.507_549:Invoking external constraint solver (OR-Tools CP-SAT v9.15.6755) ...
INFO:p13b.p13b_i16_slothy_start.split.507_549:INFEASIBLE, wall time: 0.000789 s
INFO:p13b.p13b_i16_slothy_start.split.507_549:Attempt optimization with max 16 stalls...
INFO:p13b.p13b_i16_slothy_start.split.507_549:Setting timeout of 30 seconds...
INFO:p13b.p13b_i16_slothy_start.split.507_549:Objective: None (any satisfying solution is fine)
INFO:p13b.p13b_i16_slothy_start.split.507_549:Invoking external constraint solver (OR-Tools CP-SAT v9.15.6755) ...
INFO:p13b.p13b_i16_slothy_start.split.507_549:INFEASIBLE, wall time: 0.002821 s
INFO:p13b.p13b_i16_slothy_start.split.507_549:Attempt optimization with max 32 stalls...
INFO:p13b.p13b_i16_slothy_start.split.507_549:Setting timeout of 30 seconds...
INFO:p13b.p13b_i16_slothy_start.split.507_549:Objective: None (any satisfying solution is fine)
INFO:p13b.p13b_i16_slothy_start.split.507_549:Invoking external constraint solver (OR-Tools CP-SAT v9.15.6755) ...
INFO:p13b.p13b_i16_slothy_start.split.507_549:[0.0104s]: Found 1 solutions so far... objective (no objective): currently 0.0, bound 0.0
INFO:p13b.p13b_i16_slothy_start.split.507_549:OPTIMAL, wall time: 0.013970 s
INFO:p13b.p13b_i16_slothy_start.split.507_549:Booleans in result: 87
INFO:p13b.p13b_i16_slothy_start.split.507_549.selfcheck:OK!
WARNING:p13b:LLVM (llvm-mc, llvm-nm, llvm-readobj) not found, disabling selftest. Consider installing LLVM.
INFO:p13b.p13b_i16_slothy_start.split.507_549:Attempt optimization with max 24 stalls...
INFO:p13b.p13b_i16_slothy_start.split.507_549:Setting timeout of 30 seconds...
INFO:p13b.p13b_i16_slothy_start.split.507_549:Objective: None (any satisfying solution is fine)
INFO:p13b.p13b_i16_slothy_start.split.507_549:Invoking external constraint solver (OR-Tools CP-SAT v9.15.6755) ...
INFO:p13b.p13b_i16_slothy_start.split.507_549:INFEASIBLE, wall time: 0.024327 s
INFO:p13b.p13b_i16_slothy_start.split.507_549:Attempt optimization with max 28 stalls...
INFO:p13b.p13b_i16_slothy_start.split.507_549:Setting timeout of 30 seconds...
INFO:p13b.p13b_i16_slothy_start.split.507_549:Objective: None (any satisfying solution is fine)
INFO:p13b.p13b_i16_slothy_start.split.507_549:Invoking external constraint solver (OR-Tools CP-SAT v9.15.6755) ...
INFO:p13b.p13b_i16_slothy_start.split.507_549:[0.0112s]: Found 1 solutions so far... objective (no objective): currently 0.0, bound 0.0
INFO:p13b.p13b_i16_slothy_start.split.507_549:OPTIMAL, wall time: 0.014106 s
INFO:p13b.p13b_i16_slothy_start.split.507_549:Booleans in result: 87
INFO:p13b.p13b_i16_slothy_start.split.507_549.selfcheck:OK!
WARNING:p13b:LLVM (llvm-mc, llvm-nm, llvm-readobj) not found, disabling selftest. Consider installing LLVM.
INFO:p13b.p13b_i16_slothy_start.split.507_549:Attempt optimization with max 26 stalls...
INFO:p13b.p13b_i16_slothy_start.split.507_549:Setting timeout of 30 seconds...
INFO:p13b.p13b_i16_slothy_start.split.507_549:Objective: None (any satisfying solution is fine)
INFO:p13b.p13b_i16_slothy_start.split.507_549:Invoking external constraint solver (OR-Tools CP-SAT v9.15.6755) ...
INFO:p13b.p13b_i16_slothy_start.split.507_549:INFEASIBLE, wall time: 0.061926 s
INFO:p13b.p13b_i16_slothy_start.split.507_549:Attempt optimization with max 27 stalls...
INFO:p13b.p13b_i16_slothy_start.split.507_549:Setting timeout of 30 seconds...
INFO:p13b.p13b_i16_slothy_start.split.507_549:Objective: None (any satisfying solution is fine)
INFO:p13b.p13b_i16_slothy_start.split.507_549:Invoking external constraint solver (OR-Tools CP-SAT v9.15.6755) ...
INFO:p13b.p13b_i16_slothy_start.split.507_549:INFEASIBLE, wall time: 0.103532 s
INFO:p13b.p13b_i16_slothy_start.split:[  0- 13]: **********...................... (10)
INFO:p13b.p13b_i16_slothy_start.split:[ 13- 26]: ****************................ (16)
INFO:p13b.p13b_i16_slothy_start.split:[ 26- 40]: *******************............. (19)
INFO:p13b.p13b_i16_slothy_start.split:[ 40- 53]: *********************........... (21)
INFO:p13b.p13b_i16_slothy_start.split:[ 53- 66]: **********************.......... (22)
INFO:p13b.p13b_i16_slothy_start.split:[ 66- 80]: **********************.......... (22)
INFO:p13b.p13b_i16_slothy_start.split:[ 80- 93]: *************************....... (25)
INFO:p13b.p13b_i16_slothy_start.split:[ 93-106]: **************************...... (26)
INFO:p13b.p13b_i16_slothy_start.split:[106-120]: *****************************... (29)
INFO:p13b.p13b_i16_slothy_start.split:[120-133]: *****************************... (29)
INFO:p13b.p13b_i16_slothy_start.split:[133-146]: ******************************.. (30)
INFO:p13b.p13b_i16_slothy_start.split:[146-160]: ***************************..... (27)
INFO:p13b.p13b_i16_slothy_start.split:[160-173]: ***************************..... (27)
INFO:p13b.p13b_i16_slothy_start.split:[173-186]: ************************........ (24)
INFO:p13b.p13b_i16_slothy_start.split:[186-200]: ***********************......... (23)
INFO:p13b.p13b_i16_slothy_start.split:[200-213]: ********************............ (20)
INFO:p13b.p13b_i16_slothy_start.split:[213-226]: ********************............ (20)
INFO:p13b.p13b_i16_slothy_start.split:[226-240]: *********************........... (21)
INFO:p13b.p13b_i16_slothy_start.split:[240-253]: **********************.......... (22)
INFO:p13b.p13b_i16_slothy_start.split:[253-266]: **********************.......... (22)
INFO:p13b.p13b_i16_slothy_start.split:[266-280]: ***********************......... (23)
INFO:p13b.p13b_i16_slothy_start.split:[280-293]: ************************........ (24)
INFO:p13b.p13b_i16_slothy_start.split:[293-306]: ************************........ (24)
INFO:p13b.p13b_i16_slothy_start.split:[306-320]: **********************.......... (22)
INFO:p13b.p13b_i16_slothy_start.split:[320-333]: **********************.......... (22)
INFO:p13b.p13b_i16_slothy_start.split:[333-346]: *******************............. (19)
INFO:p13b.p13b_i16_slothy_start.split:[346-360]: **********************.......... (22)
INFO:p13b.p13b_i16_slothy_start.split:[360-373]: ********************............ (20)
INFO:p13b.p13b_i16_slothy_start.split:[373-386]: **********************.......... (22)
INFO:p13b.p13b_i16_slothy_start.split:[386-400]: *********************........... (21)
INFO:p13b.p13b_i16_slothy_start.split:[400-413]: *********************........... (21)
INFO:p13b.p13b_i16_slothy_start.split:[413-426]: ***********************......... (23)
INFO:p13b.p13b_i16_slothy_start.split:[426-440]: *********************........... (21)
INFO:p13b.p13b_i16_slothy_start.split:[440-453]: **********************.......... (22)
INFO:p13b.p13b_i16_slothy_start.split:[453-466]: ********************............ (20)
INFO:p13b.p13b_i16_slothy_start.split:[466-480]: *************************....... (25)
INFO:p13b.p13b_i16_slothy_start.split:[480-493]: ***************************..... (27)
INFO:p13b.p13b_i16_slothy_start.split:[493-506]: ***************************..... (27)
INFO:p13b.p13b_i16_slothy_start.split:[506-520]: ************************........ (24)
INFO:p13b.p13b_i16_slothy_start.split:[520-533]: ***********************......... (23)
INFO:p13b.p13b_i16_slothy_start.split:[533-546]: **************************...... (26)
INFO:p13b.p13b_i16_slothy_start.split:[546-560]: ************************........ (24)
INFO:p13b.p13b_i16_slothy_start.split:[560-573]: ***************************..... (27)
INFO:p13b.p13b_i16_slothy_start.split:[573-586]: **************************...... (26)
INFO:p13b.p13b_i16_slothy_start.split:[586-600]: *****************************... (29)
INFO:p13b.p13b_i16_slothy_start.split:[600-613]: *****************************... (29)
INFO:p13b.p13b_i16_slothy_start.split:[613-626]: ****************************.... (28)
INFO:p13b.p13b_i16_slothy_start.split:[626-640]: ******************************.. (30)
INFO:p13b.p13b_i16_slothy_start.split:[640-653]: **************************...... (26)
INFO:p13b.p13b_i16_slothy_start.split:[653-667]: *******************............. (19)
INFO:p13b.p13b_i16_slothy_start.split.534_575:Perform external binary search for minimal number of stalls...
INFO:p13b.p13b_i16_slothy_start.split.534_575:Attempt optimization with max 0 stalls...
INFO:p13b.p13b_i16_slothy_start.split.534_575:Setting timeout of 30 seconds...
INFO:p13b.p13b_i16_slothy_start.split.534_575:Objective: None (any satisfying solution is fine)
INFO:p13b.p13b_i16_slothy_start.split.534_575:Invoking external constraint solver (OR-Tools CP-SAT v9.15.6755) ...
INFO:p13b.p13b_i16_slothy_start.split.534_575:INFEASIBLE, wall time: 0.000765 s
INFO:p13b.p13b_i16_slothy_start.split.534_575:Attempt optimization with max 1 stalls...
INFO:p13b.p13b_i16_slothy_start.split.534_575:Setting timeout of 30 seconds...
INFO:p13b.p13b_i16_slothy_start.split.534_575:Objective: None (any satisfying solution is fine)
INFO:p13b.p13b_i16_slothy_start.split.534_575:Invoking external constraint solver (OR-Tools CP-SAT v9.15.6755) ...
INFO:p13b.p13b_i16_slothy_start.split.534_575:INFEASIBLE, wall time: 0.000754 s
INFO:p13b.p13b_i16_slothy_start.split.534_575:Attempt optimization with max 2 stalls...
INFO:p13b.p13b_i16_slothy_start.split.534_575:Setting timeout of 30 seconds...
INFO:p13b.p13b_i16_slothy_start.split.534_575:Objective: None (any satisfying solution is fine)
INFO:p13b.p13b_i16_slothy_start.split.534_575:Invoking external constraint solver (OR-Tools CP-SAT v9.15.6755) ...
INFO:p13b.p13b_i16_slothy_start.split.534_575:INFEASIBLE, wall time: 0.000728 s
INFO:p13b.p13b_i16_slothy_start.split.534_575:Attempt optimization with max 4 stalls...
INFO:p13b.p13b_i16_slothy_start.split.534_575:Setting timeout of 30 seconds...
INFO:p13b.p13b_i16_slothy_start.split.534_575:Objective: None (any satisfying solution is fine)
INFO:p13b.p13b_i16_slothy_start.split.534_575:Invoking external constraint solver (OR-Tools CP-SAT v9.15.6755) ...
INFO:p13b.p13b_i16_slothy_start.split.534_575:INFEASIBLE, wall time: 0.000818 s
INFO:p13b.p13b_i16_slothy_start.split.534_575:Attempt optimization with max 8 stalls...
INFO:p13b.p13b_i16_slothy_start.split.534_575:Setting timeout of 30 seconds...
INFO:p13b.p13b_i16_slothy_start.split.534_575:Objective: None (any satisfying solution is fine)
INFO:p13b.p13b_i16_slothy_start.split.534_575:Invoking external constraint solver (OR-Tools CP-SAT v9.15.6755) ...
INFO:p13b.p13b_i16_slothy_start.split.534_575:INFEASIBLE, wall time: 0.000800 s
INFO:p13b.p13b_i16_slothy_start.split.534_575:Attempt optimization with max 16 stalls...
INFO:p13b.p13b_i16_slothy_start.split.534_575:Setting timeout of 30 seconds...
INFO:p13b.p13b_i16_slothy_start.split.534_575:Objective: None (any satisfying solution is fine)
INFO:p13b.p13b_i16_slothy_start.split.534_575:Invoking external constraint solver (OR-Tools CP-SAT v9.15.6755) ...
INFO:p13b.p13b_i16_slothy_start.split.534_575:INFEASIBLE, wall time: 0.000756 s
INFO:p13b.p13b_i16_slothy_start.split.534_575:Attempt optimization with max 32 stalls...
INFO:p13b.p13b_i16_slothy_start.split.534_575:Setting timeout of 30 seconds...
INFO:p13b.p13b_i16_slothy_start.split.534_575:Objective: None (any satisfying solution is fine)
INFO:p13b.p13b_i16_slothy_start.split.534_575:Invoking external constraint solver (OR-Tools CP-SAT v9.15.6755) ...
INFO:p13b.p13b_i16_slothy_start.split.534_575:INFEASIBLE, wall time: 0.032379 s
INFO:p13b.p13b_i16_slothy_start.split.534_575:Attempt optimization with max 64 stalls...
INFO:p13b.p13b_i16_slothy_start.split.534_575:Setting timeout of 30 seconds...
INFO:p13b.p13b_i16_slothy_start.split.534_575:Objective: None (any satisfying solution is fine)
INFO:p13b.p13b_i16_slothy_start.split.534_575:Invoking external constraint solver (OR-Tools CP-SAT v9.15.6755) ...
INFO:p13b.p13b_i16_slothy_start.split.534_575:[0.0107s]: Found 1 solutions so far... objective (no objective): currently 0.0, bound 0.0
INFO:p13b.p13b_i16_slothy_start.split.534_575:OPTIMAL, wall time: 0.013477 s
INFO:p13b.p13b_i16_slothy_start.split.534_575:Booleans in result: 89
INFO:p13b.p13b_i16_slothy_start.split.534_575.selfcheck:OK!
WARNING:p13b:LLVM (llvm-mc, llvm-nm, llvm-readobj) not found, disabling selftest. Consider installing LLVM.
INFO:p13b.p13b_i16_slothy_start.split.534_575:Attempt optimization with max 48 stalls...
INFO:p13b.p13b_i16_slothy_start.split.534_575:Setting timeout of 30 seconds...
INFO:p13b.p13b_i16_slothy_start.split.534_575:Objective: None (any satisfying solution is fine)
INFO:p13b.p13b_i16_slothy_start.split.534_575:Invoking external constraint solver (OR-Tools CP-SAT v9.15.6755) ...
INFO:p13b.p13b_i16_slothy_start.split.534_575:[0.0099s]: Found 1 solutions so far... objective (no objective): currently 0.0, bound 0.0
INFO:p13b.p13b_i16_slothy_start.split.534_575:[0.0100s]: Found 2 solutions so far... objective (no objective): currently 0.0, bound 0.0
INFO:p13b.p13b_i16_slothy_start.split.534_575:OPTIMAL, wall time: 0.012684 s
INFO:p13b.p13b_i16_slothy_start.split.534_575:Booleans in result: 89
INFO:p13b.p13b_i16_slothy_start.split.534_575.selfcheck:OK!
WARNING:p13b:LLVM (llvm-mc, llvm-nm, llvm-readobj) not found, disabling selftest. Consider installing LLVM.
INFO:p13b.p13b_i16_slothy_start.split.534_575:Attempt optimization with max 40 stalls...
INFO:p13b.p13b_i16_slothy_start.split.534_575:Setting timeout of 30 seconds...
INFO:p13b.p13b_i16_slothy_start.split.534_575:Objective: None (any satisfying solution is fine)
INFO:p13b.p13b_i16_slothy_start.split.534_575:Invoking external constraint solver (OR-Tools CP-SAT v9.15.6755) ...
INFO:p13b.p13b_i16_slothy_start.split.534_575:[0.0107s]: Found 1 solutions so far... objective (no objective): currently 0.0, bound 0.0
INFO:p13b.p13b_i16_slothy_start.split.534_575:[0.0109s]: Found 2 solutions so far... objective (no objective): currently 0.0, bound 0.0
INFO:p13b.p13b_i16_slothy_start.split.534_575:OPTIMAL, wall time: 0.013583 s
INFO:p13b.p13b_i16_slothy_start.split.534_575:Booleans in result: 89
INFO:p13b.p13b_i16_slothy_start.split.534_575.selfcheck:OK!
WARNING:p13b:LLVM (llvm-mc, llvm-nm, llvm-readobj) not found, disabling selftest. Consider installing LLVM.
INFO:p13b.p13b_i16_slothy_start.split.534_575:Attempt optimization with max 36 stalls...
INFO:p13b.p13b_i16_slothy_start.split.534_575:Setting timeout of 30 seconds...
INFO:p13b.p13b_i16_slothy_start.split.534_575:Objective: None (any satisfying solution is fine)
INFO:p13b.p13b_i16_slothy_start.split.534_575:Invoking external constraint solver (OR-Tools CP-SAT v9.15.6755) ...
INFO:p13b.p13b_i16_slothy_start.split.534_575:[0.0262s]: Found 1 solutions so far... objective (no objective): currently 0.0, bound 0.0
INFO:p13b.p13b_i16_slothy_start.split.534_575:[0.0266s]: Found 2 solutions so far... objective (no objective): currently 0.0, bound 0.0
INFO:p13b.p13b_i16_slothy_start.split.534_575:OPTIMAL, wall time: 0.029756 s
INFO:p13b.p13b_i16_slothy_start.split.534_575:Booleans in result: 149
INFO:p13b.p13b_i16_slothy_start.split.534_575.selfcheck:OK!
WARNING:p13b:LLVM (llvm-mc, llvm-nm, llvm-readobj) not found, disabling selftest. Consider installing LLVM.
INFO:p13b.p13b_i16_slothy_start.split.534_575:Attempt optimization with max 34 stalls...
INFO:p13b.p13b_i16_slothy_start.split.534_575:Setting timeout of 30 seconds...
INFO:p13b.p13b_i16_slothy_start.split.534_575:Objective: None (any satisfying solution is fine)
INFO:p13b.p13b_i16_slothy_start.split.534_575:Invoking external constraint solver (OR-Tools CP-SAT v9.15.6755) ...
INFO:p13b.p13b_i16_slothy_start.split.534_575:[0.0325s]: Found 1 solutions so far... objective (no objective): currently 0.0, bound 0.0
INFO:p13b.p13b_i16_slothy_start.split.534_575:OPTIMAL, wall time: 0.035374 s
INFO:p13b.p13b_i16_slothy_start.split.534_575:Booleans in result: 200
INFO:p13b.p13b_i16_slothy_start.split.534_575.selfcheck:OK!
WARNING:p13b:LLVM (llvm-mc, llvm-nm, llvm-readobj) not found, disabling selftest. Consider installing LLVM.
INFO:p13b.p13b_i16_slothy_start.split.534_575:Attempt optimization with max 33 stalls...
INFO:p13b.p13b_i16_slothy_start.split.534_575:Setting timeout of 30 seconds...
INFO:p13b.p13b_i16_slothy_start.split.534_575:Objective: None (any satisfying solution is fine)
INFO:p13b.p13b_i16_slothy_start.split.534_575:Invoking external constraint solver (OR-Tools CP-SAT v9.15.6755) ...
INFO:p13b.p13b_i16_slothy_start.split.534_575:[0.0318s]: Found 1 solutions so far... objective (no objective): currently 0.0, bound 0.0
INFO:p13b.p13b_i16_slothy_start.split.534_575:OPTIMAL, wall time: 0.035227 s
INFO:p13b.p13b_i16_slothy_start.split.534_575:Booleans in result: 416
INFO:p13b.p13b_i16_slothy_start.split.534_575.selfcheck:OK!
WARNING:p13b:LLVM (llvm-mc, llvm-nm, llvm-readobj) not found, disabling selftest. Consider installing LLVM.
INFO:p13b.p13b_i16_slothy_start.split:[  0- 13]: **********...................... (10)
INFO:p13b.p13b_i16_slothy_start.split:[ 13- 26]: ****************................ (16)
INFO:p13b.p13b_i16_slothy_start.split:[ 26- 40]: *******************............. (19)
INFO:p13b.p13b_i16_slothy_start.split:[ 40- 53]: *********************........... (21)
INFO:p13b.p13b_i16_slothy_start.split:[ 53- 66]: **********************.......... (22)
INFO:p13b.p13b_i16_slothy_start.split:[ 66- 80]: **********************.......... (22)
INFO:p13b.p13b_i16_slothy_start.split:[ 80- 93]: *************************....... (25)
INFO:p13b.p13b_i16_slothy_start.split:[ 93-106]: **************************...... (26)
INFO:p13b.p13b_i16_slothy_start.split:[106-120]: *****************************... (29)
INFO:p13b.p13b_i16_slothy_start.split:[120-133]: *****************************... (29)
INFO:p13b.p13b_i16_slothy_start.split:[133-146]: ******************************.. (30)
INFO:p13b.p13b_i16_slothy_start.split:[146-160]: ***************************..... (27)
INFO:p13b.p13b_i16_slothy_start.split:[160-173]: ***************************..... (27)
INFO:p13b.p13b_i16_slothy_start.split:[173-186]: ************************........ (24)
INFO:p13b.p13b_i16_slothy_start.split:[186-200]: ***********************......... (23)
INFO:p13b.p13b_i16_slothy_start.split:[200-213]: ********************............ (20)
INFO:p13b.p13b_i16_slothy_start.split:[213-226]: ********************............ (20)
INFO:p13b.p13b_i16_slothy_start.split:[226-240]: *********************........... (21)
INFO:p13b.p13b_i16_slothy_start.split:[240-253]: **********************.......... (22)
INFO:p13b.p13b_i16_slothy_start.split:[253-266]: **********************.......... (22)
INFO:p13b.p13b_i16_slothy_start.split:[266-280]: ***********************......... (23)
INFO:p13b.p13b_i16_slothy_start.split:[280-293]: ************************........ (24)
INFO:p13b.p13b_i16_slothy_start.split:[293-306]: ************************........ (24)
INFO:p13b.p13b_i16_slothy_start.split:[306-320]: **********************.......... (22)
INFO:p13b.p13b_i16_slothy_start.split:[320-333]: **********************.......... (22)
INFO:p13b.p13b_i16_slothy_start.split:[333-346]: *******************............. (19)
INFO:p13b.p13b_i16_slothy_start.split:[346-360]: **********************.......... (22)
INFO:p13b.p13b_i16_slothy_start.split:[360-373]: ********************............ (20)
INFO:p13b.p13b_i16_slothy_start.split:[373-386]: **********************.......... (22)
INFO:p13b.p13b_i16_slothy_start.split:[386-400]: *********************........... (21)
INFO:p13b.p13b_i16_slothy_start.split:[400-413]: *********************........... (21)
INFO:p13b.p13b_i16_slothy_start.split:[413-426]: ***********************......... (23)
INFO:p13b.p13b_i16_slothy_start.split:[426-440]: *********************........... (21)
INFO:p13b.p13b_i16_slothy_start.split:[440-453]: **********************.......... (22)
INFO:p13b.p13b_i16_slothy_start.split:[453-466]: ********************............ (20)
INFO:p13b.p13b_i16_slothy_start.split:[466-480]: *************************....... (25)
INFO:p13b.p13b_i16_slothy_start.split:[480-493]: ***************************..... (27)
INFO:p13b.p13b_i16_slothy_start.split:[493-506]: ***************************..... (27)
INFO:p13b.p13b_i16_slothy_start.split:[506-520]: ************************........ (24)
INFO:p13b.p13b_i16_slothy_start.split:[520-533]: *********************........... (21)
INFO:p13b.p13b_i16_slothy_start.split:[533-546]: ***********************......... (23)
INFO:p13b.p13b_i16_slothy_start.split:[546-560]: ************************........ (24)
INFO:p13b.p13b_i16_slothy_start.split:[560-573]: *****************************... (29)
INFO:p13b.p13b_i16_slothy_start.split:[573-586]: *****************************... (29)
INFO:p13b.p13b_i16_slothy_start.split:[586-600]: ******************************.. (30)
INFO:p13b.p13b_i16_slothy_start.split:[600-613]: *****************************... (29)
INFO:p13b.p13b_i16_slothy_start.split:[613-626]: ****************************.... (28)
INFO:p13b.p13b_i16_slothy_start.split:[626-640]: ******************************.. (30)
INFO:p13b.p13b_i16_slothy_start.split:[640-653]: **************************...... (26)
INFO:p13b.p13b_i16_slothy_start.split:[653-667]: *******************............. (19)
INFO:p13b.p13b_i16_slothy_start.split.560_602:Perform external binary search for minimal number of stalls...
INFO:p13b.p13b_i16_slothy_start.split.560_602:Attempt optimization with max 0 stalls...
INFO:p13b.p13b_i16_slothy_start.split.560_602:Setting timeout of 30 seconds...
INFO:p13b.p13b_i16_slothy_start.split.560_602:Objective: None (any satisfying solution is fine)
INFO:p13b.p13b_i16_slothy_start.split.560_602:Invoking external constraint solver (OR-Tools CP-SAT v9.15.6755) ...
INFO:p13b.p13b_i16_slothy_start.split.560_602:INFEASIBLE, wall time: 0.000766 s
INFO:p13b.p13b_i16_slothy_start.split.560_602:Attempt optimization with max 1 stalls...
INFO:p13b.p13b_i16_slothy_start.split.560_602:Setting timeout of 30 seconds...
INFO:p13b.p13b_i16_slothy_start.split.560_602:Objective: None (any satisfying solution is fine)
INFO:p13b.p13b_i16_slothy_start.split.560_602:Invoking external constraint solver (OR-Tools CP-SAT v9.15.6755) ...
INFO:p13b.p13b_i16_slothy_start.split.560_602:INFEASIBLE, wall time: 0.000832 s
INFO:p13b.p13b_i16_slothy_start.split.560_602:Attempt optimization with max 2 stalls...
INFO:p13b.p13b_i16_slothy_start.split.560_602:Setting timeout of 30 seconds...
INFO:p13b.p13b_i16_slothy_start.split.560_602:Objective: None (any satisfying solution is fine)
INFO:p13b.p13b_i16_slothy_start.split.560_602:Invoking external constraint solver (OR-Tools CP-SAT v9.15.6755) ...
INFO:p13b.p13b_i16_slothy_start.split.560_602:INFEASIBLE, wall time: 0.000759 s
INFO:p13b.p13b_i16_slothy_start.split.560_602:Attempt optimization with max 4 stalls...
INFO:p13b.p13b_i16_slothy_start.split.560_602:Setting timeout of 30 seconds...
INFO:p13b.p13b_i16_slothy_start.split.560_602:Objective: None (any satisfying solution is fine)
INFO:p13b.p13b_i16_slothy_start.split.560_602:Invoking external constraint solver (OR-Tools CP-SAT v9.15.6755) ...
INFO:p13b.p13b_i16_slothy_start.split.560_602:INFEASIBLE, wall time: 0.000768 s
INFO:p13b.p13b_i16_slothy_start.split.560_602:Attempt optimization with max 8 stalls...
INFO:p13b.p13b_i16_slothy_start.split.560_602:Setting timeout of 30 seconds...
INFO:p13b.p13b_i16_slothy_start.split.560_602:Objective: None (any satisfying solution is fine)
INFO:p13b.p13b_i16_slothy_start.split.560_602:Invoking external constraint solver (OR-Tools CP-SAT v9.15.6755) ...
INFO:p13b.p13b_i16_slothy_start.split.560_602:INFEASIBLE, wall time: 0.000699 s
INFO:p13b.p13b_i16_slothy_start.split.560_602:Attempt optimization with max 16 stalls...
INFO:p13b.p13b_i16_slothy_start.split.560_602:Setting timeout of 30 seconds...
INFO:p13b.p13b_i16_slothy_start.split.560_602:Objective: None (any satisfying solution is fine)
INFO:p13b.p13b_i16_slothy_start.split.560_602:Invoking external constraint solver (OR-Tools CP-SAT v9.15.6755) ...
INFO:p13b.p13b_i16_slothy_start.split.560_602:INFEASIBLE, wall time: 0.002793 s
INFO:p13b.p13b_i16_slothy_start.split.560_602:Attempt optimization with max 32 stalls...
INFO:p13b.p13b_i16_slothy_start.split.560_602:Setting timeout of 30 seconds...
INFO:p13b.p13b_i16_slothy_start.split.560_602:Objective: None (any satisfying solution is fine)
INFO:p13b.p13b_i16_slothy_start.split.560_602:Invoking external constraint solver (OR-Tools CP-SAT v9.15.6755) ...
INFO:p13b.p13b_i16_slothy_start.split.560_602:[0.0098s]: Found 1 solutions so far... objective (no objective): currently 0.0, bound 0.0
INFO:p13b.p13b_i16_slothy_start.split.560_602:OPTIMAL, wall time: 0.012445 s
INFO:p13b.p13b_i16_slothy_start.split.560_602:Booleans in result: 84
INFO:p13b.p13b_i16_slothy_start.split.560_602.selfcheck:OK!
WARNING:p13b:LLVM (llvm-mc, llvm-nm, llvm-readobj) not found, disabling selftest. Consider installing LLVM.
INFO:p13b.p13b_i16_slothy_start.split.560_602:Attempt optimization with max 24 stalls...
INFO:p13b.p13b_i16_slothy_start.split.560_602:Setting timeout of 30 seconds...
INFO:p13b.p13b_i16_slothy_start.split.560_602:Objective: None (any satisfying solution is fine)
INFO:p13b.p13b_i16_slothy_start.split.560_602:Invoking external constraint solver (OR-Tools CP-SAT v9.15.6755) ...
INFO:p13b.p13b_i16_slothy_start.split.560_602:INFEASIBLE, wall time: 0.102157 s
INFO:p13b.p13b_i16_slothy_start.split.560_602:Attempt optimization with max 28 stalls...
INFO:p13b.p13b_i16_slothy_start.split.560_602:Setting timeout of 30 seconds...
INFO:p13b.p13b_i16_slothy_start.split.560_602:Objective: None (any satisfying solution is fine)
INFO:p13b.p13b_i16_slothy_start.split.560_602:Invoking external constraint solver (OR-Tools CP-SAT v9.15.6755) ...
INFO:p13b.p13b_i16_slothy_start.split.560_602:[0.0099s]: Found 1 solutions so far... objective (no objective): currently 0.0, bound 0.0
INFO:p13b.p13b_i16_slothy_start.split.560_602:OPTIMAL, wall time: 0.012641 s
INFO:p13b.p13b_i16_slothy_start.split.560_602:Booleans in result: 84
INFO:p13b.p13b_i16_slothy_start.split.560_602.selfcheck:OK!
WARNING:p13b:LLVM (llvm-mc, llvm-nm, llvm-readobj) not found, disabling selftest. Consider installing LLVM.
INFO:p13b.p13b_i16_slothy_start.split.560_602:Attempt optimization with max 26 stalls...
INFO:p13b.p13b_i16_slothy_start.split.560_602:Setting timeout of 30 seconds...
INFO:p13b.p13b_i16_slothy_start.split.560_602:Objective: None (any satisfying solution is fine)
INFO:p13b.p13b_i16_slothy_start.split.560_602:Invoking external constraint solver (OR-Tools CP-SAT v9.15.6755) ...
INFO:p13b.p13b_i16_slothy_start.split.560_602:INFEASIBLE, wall time: 0.221620 s
INFO:p13b.p13b_i16_slothy_start.split.560_602:Attempt optimization with max 27 stalls...
INFO:p13b.p13b_i16_slothy_start.split.560_602:Setting timeout of 30 seconds...
INFO:p13b.p13b_i16_slothy_start.split.560_602:Objective: None (any satisfying solution is fine)
INFO:p13b.p13b_i16_slothy_start.split.560_602:Invoking external constraint solver (OR-Tools CP-SAT v9.15.6755) ...
INFO:p13b.p13b_i16_slothy_start.split.560_602:[0.0284s]: Found 1 solutions so far... objective (no objective): currently 0.0, bound 0.0
INFO:p13b.p13b_i16_slothy_start.split.560_602:OPTIMAL, wall time: 0.031422 s
INFO:p13b.p13b_i16_slothy_start.split.560_602:Booleans in result: 185
INFO:p13b.p13b_i16_slothy_start.split.560_602.selfcheck:OK!
WARNING:p13b:LLVM (llvm-mc, llvm-nm, llvm-readobj) not found, disabling selftest. Consider installing LLVM.
INFO:p13b.p13b_i16_slothy_start.split:[  0- 13]: **********...................... (10)
INFO:p13b.p13b_i16_slothy_start.split:[ 13- 26]: ****************................ (16)
INFO:p13b.p13b_i16_slothy_start.split:[ 26- 40]: *******************............. (19)
INFO:p13b.p13b_i16_slothy_start.split:[ 40- 53]: *********************........... (21)
INFO:p13b.p13b_i16_slothy_start.split:[ 53- 66]: **********************.......... (22)
INFO:p13b.p13b_i16_slothy_start.split:[ 66- 80]: **********************.......... (22)
INFO:p13b.p13b_i16_slothy_start.split:[ 80- 93]: *************************....... (25)
INFO:p13b.p13b_i16_slothy_start.split:[ 93-106]: **************************...... (26)
INFO:p13b.p13b_i16_slothy_start.split:[106-120]: *****************************... (29)
INFO:p13b.p13b_i16_slothy_start.split:[120-133]: *****************************... (29)
INFO:p13b.p13b_i16_slothy_start.split:[133-146]: ******************************.. (30)
INFO:p13b.p13b_i16_slothy_start.split:[146-160]: ***************************..... (27)
INFO:p13b.p13b_i16_slothy_start.split:[160-173]: ***************************..... (27)
INFO:p13b.p13b_i16_slothy_start.split:[173-186]: ************************........ (24)
INFO:p13b.p13b_i16_slothy_start.split:[186-200]: ***********************......... (23)
INFO:p13b.p13b_i16_slothy_start.split:[200-213]: ********************............ (20)
INFO:p13b.p13b_i16_slothy_start.split:[213-226]: ********************............ (20)
INFO:p13b.p13b_i16_slothy_start.split:[226-240]: *********************........... (21)
INFO:p13b.p13b_i16_slothy_start.split:[240-253]: **********************.......... (22)
INFO:p13b.p13b_i16_slothy_start.split:[253-266]: **********************.......... (22)
INFO:p13b.p13b_i16_slothy_start.split:[266-280]: ***********************......... (23)
INFO:p13b.p13b_i16_slothy_start.split:[280-293]: ************************........ (24)
INFO:p13b.p13b_i16_slothy_start.split:[293-306]: ************************........ (24)
INFO:p13b.p13b_i16_slothy_start.split:[306-320]: **********************.......... (22)
INFO:p13b.p13b_i16_slothy_start.split:[320-333]: **********************.......... (22)
INFO:p13b.p13b_i16_slothy_start.split:[333-346]: *******************............. (19)
INFO:p13b.p13b_i16_slothy_start.split:[346-360]: **********************.......... (22)
INFO:p13b.p13b_i16_slothy_start.split:[360-373]: ********************............ (20)
INFO:p13b.p13b_i16_slothy_start.split:[373-386]: **********************.......... (22)
INFO:p13b.p13b_i16_slothy_start.split:[386-400]: *********************........... (21)
INFO:p13b.p13b_i16_slothy_start.split:[400-413]: *********************........... (21)
INFO:p13b.p13b_i16_slothy_start.split:[413-426]: ***********************......... (23)
INFO:p13b.p13b_i16_slothy_start.split:[426-440]: *********************........... (21)
INFO:p13b.p13b_i16_slothy_start.split:[440-453]: **********************.......... (22)
INFO:p13b.p13b_i16_slothy_start.split:[453-466]: ********************............ (20)
INFO:p13b.p13b_i16_slothy_start.split:[466-480]: *************************....... (25)
INFO:p13b.p13b_i16_slothy_start.split:[480-493]: ***************************..... (27)
INFO:p13b.p13b_i16_slothy_start.split:[493-506]: ***************************..... (27)
INFO:p13b.p13b_i16_slothy_start.split:[506-520]: ************************........ (24)
INFO:p13b.p13b_i16_slothy_start.split:[520-533]: *********************........... (21)
INFO:p13b.p13b_i16_slothy_start.split:[533-546]: **********************.......... (22)
INFO:p13b.p13b_i16_slothy_start.split:[546-560]: **********************.......... (22)
INFO:p13b.p13b_i16_slothy_start.split:[560-573]: ***********************......... (23)
INFO:p13b.p13b_i16_slothy_start.split:[573-586]: *********************........... (21)
INFO:p13b.p13b_i16_slothy_start.split:[586-600]: ************************........ (24)
INFO:p13b.p13b_i16_slothy_start.split:[600-613]: ****************************.... (28)
INFO:p13b.p13b_i16_slothy_start.split:[613-626]: ****************************.... (28)
INFO:p13b.p13b_i16_slothy_start.split:[626-640]: ******************************.. (30)
INFO:p13b.p13b_i16_slothy_start.split:[640-653]: **************************...... (26)
INFO:p13b.p13b_i16_slothy_start.split:[653-667]: *******************............. (19)
INFO:p13b.p13b_i16_slothy_start.split.587_629:Perform external binary search for minimal number of stalls...
INFO:p13b.p13b_i16_slothy_start.split.587_629:Attempt optimization with max 0 stalls...
INFO:p13b.p13b_i16_slothy_start.split.587_629:Setting timeout of 30 seconds...
INFO:p13b.p13b_i16_slothy_start.split.587_629:Objective: None (any satisfying solution is fine)
INFO:p13b.p13b_i16_slothy_start.split.587_629:Invoking external constraint solver (OR-Tools CP-SAT v9.15.6755) ...
INFO:p13b.p13b_i16_slothy_start.split.587_629:INFEASIBLE, wall time: 0.000807 s
INFO:p13b.p13b_i16_slothy_start.split.587_629:Attempt optimization with max 1 stalls...
INFO:p13b.p13b_i16_slothy_start.split.587_629:Setting timeout of 30 seconds...
INFO:p13b.p13b_i16_slothy_start.split.587_629:Objective: None (any satisfying solution is fine)
INFO:p13b.p13b_i16_slothy_start.split.587_629:Invoking external constraint solver (OR-Tools CP-SAT v9.15.6755) ...
INFO:p13b.p13b_i16_slothy_start.split.587_629:INFEASIBLE, wall time: 0.000771 s
INFO:p13b.p13b_i16_slothy_start.split.587_629:Attempt optimization with max 2 stalls...
INFO:p13b.p13b_i16_slothy_start.split.587_629:Setting timeout of 30 seconds...
INFO:p13b.p13b_i16_slothy_start.split.587_629:Objective: None (any satisfying solution is fine)
INFO:p13b.p13b_i16_slothy_start.split.587_629:Invoking external constraint solver (OR-Tools CP-SAT v9.15.6755) ...
INFO:p13b.p13b_i16_slothy_start.split.587_629:INFEASIBLE, wall time: 0.000870 s
INFO:p13b.p13b_i16_slothy_start.split.587_629:Attempt optimization with max 4 stalls...
INFO:p13b.p13b_i16_slothy_start.split.587_629:Setting timeout of 30 seconds...
INFO:p13b.p13b_i16_slothy_start.split.587_629:Objective: None (any satisfying solution is fine)
INFO:p13b.p13b_i16_slothy_start.split.587_629:Invoking external constraint solver (OR-Tools CP-SAT v9.15.6755) ...
INFO:p13b.p13b_i16_slothy_start.split.587_629:INFEASIBLE, wall time: 0.000887 s
INFO:p13b.p13b_i16_slothy_start.split.587_629:Attempt optimization with max 8 stalls...
INFO:p13b.p13b_i16_slothy_start.split.587_629:Setting timeout of 30 seconds...
INFO:p13b.p13b_i16_slothy_start.split.587_629:Objective: None (any satisfying solution is fine)
INFO:p13b.p13b_i16_slothy_start.split.587_629:Invoking external constraint solver (OR-Tools CP-SAT v9.15.6755) ...
INFO:p13b.p13b_i16_slothy_start.split.587_629:INFEASIBLE, wall time: 0.000780 s
INFO:p13b.p13b_i16_slothy_start.split.587_629:Attempt optimization with max 16 stalls...
INFO:p13b.p13b_i16_slothy_start.split.587_629:Setting timeout of 30 seconds...
INFO:p13b.p13b_i16_slothy_start.split.587_629:Objective: None (any satisfying solution is fine)
INFO:p13b.p13b_i16_slothy_start.split.587_629:Invoking external constraint solver (OR-Tools CP-SAT v9.15.6755) ...
INFO:p13b.p13b_i16_slothy_start.split.587_629:INFEASIBLE, wall time: 0.003237 s
INFO:p13b.p13b_i16_slothy_start.split.587_629:Attempt optimization with max 32 stalls...
INFO:p13b.p13b_i16_slothy_start.split.587_629:Setting timeout of 30 seconds...
INFO:p13b.p13b_i16_slothy_start.split.587_629:Objective: None (any satisfying solution is fine)
INFO:p13b.p13b_i16_slothy_start.split.587_629:Invoking external constraint solver (OR-Tools CP-SAT v9.15.6755) ...
INFO:p13b.p13b_i16_slothy_start.split.587_629:[0.0150s]: Found 1 solutions so far... objective (no objective): currently 0.0, bound 0.0
INFO:p13b.p13b_i16_slothy_start.split.587_629:OPTIMAL, wall time: 0.017876 s
INFO:p13b.p13b_i16_slothy_start.split.587_629:Booleans in result: 125
INFO:p13b.p13b_i16_slothy_start.split.587_629.selfcheck:OK!
WARNING:p13b:LLVM (llvm-mc, llvm-nm, llvm-readobj) not found, disabling selftest. Consider installing LLVM.
INFO:p13b.p13b_i16_slothy_start.split.587_629:Attempt optimization with max 24 stalls...
INFO:p13b.p13b_i16_slothy_start.split.587_629:Setting timeout of 30 seconds...
INFO:p13b.p13b_i16_slothy_start.split.587_629:Objective: None (any satisfying solution is fine)
INFO:p13b.p13b_i16_slothy_start.split.587_629:Invoking external constraint solver (OR-Tools CP-SAT v9.15.6755) ...
INFO:p13b.p13b_i16_slothy_start.split.587_629:INFEASIBLE, wall time: 0.069912 s
INFO:p13b.p13b_i16_slothy_start.split.587_629:Attempt optimization with max 28 stalls...
INFO:p13b.p13b_i16_slothy_start.split.587_629:Setting timeout of 30 seconds...
INFO:p13b.p13b_i16_slothy_start.split.587_629:Objective: None (any satisfying solution is fine)
INFO:p13b.p13b_i16_slothy_start.split.587_629:Invoking external constraint solver (OR-Tools CP-SAT v9.15.6755) ...
INFO:p13b.p13b_i16_slothy_start.split.587_629:[0.0133s]: Found 1 solutions so far... objective (no objective): currently 0.0, bound 0.0
INFO:p13b.p13b_i16_slothy_start.split.587_629:OPTIMAL, wall time: 0.016247 s
INFO:p13b.p13b_i16_slothy_start.split.587_629:Booleans in result: 88
INFO:p13b.p13b_i16_slothy_start.split.587_629.selfcheck:OK!
WARNING:p13b:LLVM (llvm-mc, llvm-nm, llvm-readobj) not found, disabling selftest. Consider installing LLVM.
INFO:p13b.p13b_i16_slothy_start.split.587_629:Attempt optimization with max 26 stalls...
INFO:p13b.p13b_i16_slothy_start.split.587_629:Setting timeout of 30 seconds...
INFO:p13b.p13b_i16_slothy_start.split.587_629:Objective: None (any satisfying solution is fine)
INFO:p13b.p13b_i16_slothy_start.split.587_629:Invoking external constraint solver (OR-Tools CP-SAT v9.15.6755) ...
INFO:p13b.p13b_i16_slothy_start.split.587_629:[0.0306s]: Found 1 solutions so far... objective (no objective): currently 0.0, bound 0.0
INFO:p13b.p13b_i16_slothy_start.split.587_629:OPTIMAL, wall time: 0.033609 s
INFO:p13b.p13b_i16_slothy_start.split.587_629:Booleans in result: 142
INFO:p13b.p13b_i16_slothy_start.split.587_629.selfcheck:OK!
WARNING:p13b:LLVM (llvm-mc, llvm-nm, llvm-readobj) not found, disabling selftest. Consider installing LLVM.
INFO:p13b.p13b_i16_slothy_start.split.587_629:Attempt optimization with max 25 stalls...
INFO:p13b.p13b_i16_slothy_start.split.587_629:Setting timeout of 30 seconds...
INFO:p13b.p13b_i16_slothy_start.split.587_629:Objective: None (any satisfying solution is fine)
INFO:p13b.p13b_i16_slothy_start.split.587_629:Invoking external constraint solver (OR-Tools CP-SAT v9.15.6755) ...
INFO:p13b.p13b_i16_slothy_start.split.587_629:[0.0408s]: Found 1 solutions so far... objective (no objective): currently 0.0, bound 0.0
INFO:p13b.p13b_i16_slothy_start.split.587_629:OPTIMAL, wall time: 0.045049 s
INFO:p13b.p13b_i16_slothy_start.split.587_629:Booleans in result: 166
INFO:p13b.p13b_i16_slothy_start.split.587_629.selfcheck:OK!
WARNING:p13b:LLVM (llvm-mc, llvm-nm, llvm-readobj) not found, disabling selftest. Consider installing LLVM.
INFO:p13b.p13b_i16_slothy_start.split:[  0- 13]: **********...................... (10)
INFO:p13b.p13b_i16_slothy_start.split:[ 13- 26]: ****************................ (16)
INFO:p13b.p13b_i16_slothy_start.split:[ 26- 40]: *******************............. (19)
INFO:p13b.p13b_i16_slothy_start.split:[ 40- 53]: *********************........... (21)
INFO:p13b.p13b_i16_slothy_start.split:[ 53- 66]: **********************.......... (22)
INFO:p13b.p13b_i16_slothy_start.split:[ 66- 80]: **********************.......... (22)
INFO:p13b.p13b_i16_slothy_start.split:[ 80- 93]: *************************....... (25)
INFO:p13b.p13b_i16_slothy_start.split:[ 93-106]: **************************...... (26)
INFO:p13b.p13b_i16_slothy_start.split:[106-120]: *****************************... (29)
INFO:p13b.p13b_i16_slothy_start.split:[120-133]: *****************************... (29)
INFO:p13b.p13b_i16_slothy_start.split:[133-146]: ******************************.. (30)
INFO:p13b.p13b_i16_slothy_start.split:[146-160]: ***************************..... (27)
INFO:p13b.p13b_i16_slothy_start.split:[160-173]: ***************************..... (27)
INFO:p13b.p13b_i16_slothy_start.split:[173-186]: ************************........ (24)
INFO:p13b.p13b_i16_slothy_start.split:[186-200]: ***********************......... (23)
INFO:p13b.p13b_i16_slothy_start.split:[200-213]: ********************............ (20)
INFO:p13b.p13b_i16_slothy_start.split:[213-226]: ********************............ (20)
INFO:p13b.p13b_i16_slothy_start.split:[226-240]: *********************........... (21)
INFO:p13b.p13b_i16_slothy_start.split:[240-253]: **********************.......... (22)
INFO:p13b.p13b_i16_slothy_start.split:[253-266]: **********************.......... (22)
INFO:p13b.p13b_i16_slothy_start.split:[266-280]: ***********************......... (23)
INFO:p13b.p13b_i16_slothy_start.split:[280-293]: ************************........ (24)
INFO:p13b.p13b_i16_slothy_start.split:[293-306]: ************************........ (24)
INFO:p13b.p13b_i16_slothy_start.split:[306-320]: **********************.......... (22)
INFO:p13b.p13b_i16_slothy_start.split:[320-333]: **********************.......... (22)
INFO:p13b.p13b_i16_slothy_start.split:[333-346]: *******************............. (19)
INFO:p13b.p13b_i16_slothy_start.split:[346-360]: **********************.......... (22)
INFO:p13b.p13b_i16_slothy_start.split:[360-373]: ********************............ (20)
INFO:p13b.p13b_i16_slothy_start.split:[373-386]: **********************.......... (22)
INFO:p13b.p13b_i16_slothy_start.split:[386-400]: *********************........... (21)
INFO:p13b.p13b_i16_slothy_start.split:[400-413]: *********************........... (21)
INFO:p13b.p13b_i16_slothy_start.split:[413-426]: ***********************......... (23)
INFO:p13b.p13b_i16_slothy_start.split:[426-440]: *********************........... (21)
INFO:p13b.p13b_i16_slothy_start.split:[440-453]: **********************.......... (22)
INFO:p13b.p13b_i16_slothy_start.split:[453-466]: ********************............ (20)
INFO:p13b.p13b_i16_slothy_start.split:[466-480]: *************************....... (25)
INFO:p13b.p13b_i16_slothy_start.split:[480-493]: ***************************..... (27)
INFO:p13b.p13b_i16_slothy_start.split:[493-506]: ***************************..... (27)
INFO:p13b.p13b_i16_slothy_start.split:[506-520]: ************************........ (24)
INFO:p13b.p13b_i16_slothy_start.split:[520-533]: *********************........... (21)
INFO:p13b.p13b_i16_slothy_start.split:[533-546]: **********************.......... (22)
INFO:p13b.p13b_i16_slothy_start.split:[546-560]: **********************.......... (22)
INFO:p13b.p13b_i16_slothy_start.split:[560-573]: **********************.......... (22)
INFO:p13b.p13b_i16_slothy_start.split:[573-586]: **********************.......... (22)
INFO:p13b.p13b_i16_slothy_start.split:[586-600]: ***********************......... (23)
INFO:p13b.p13b_i16_slothy_start.split:[600-613]: *************************....... (25)
INFO:p13b.p13b_i16_slothy_start.split:[613-626]: **************************...... (26)
INFO:p13b.p13b_i16_slothy_start.split:[626-640]: *****************************... (29)
INFO:p13b.p13b_i16_slothy_start.split:[640-653]: ***************************..... (27)
INFO:p13b.p13b_i16_slothy_start.split:[653-667]: *******************............. (19)
INFO:p13b.p13b_i16_slothy_start.split.614_655:Perform external binary search for minimal number of stalls...
INFO:p13b.p13b_i16_slothy_start.split.614_655:Attempt optimization with max 0 stalls...
INFO:p13b.p13b_i16_slothy_start.split.614_655:Setting timeout of 30 seconds...
INFO:p13b.p13b_i16_slothy_start.split.614_655:Objective: None (any satisfying solution is fine)
INFO:p13b.p13b_i16_slothy_start.split.614_655:Invoking external constraint solver (OR-Tools CP-SAT v9.15.6755) ...
INFO:p13b.p13b_i16_slothy_start.split.614_655:INFEASIBLE, wall time: 0.000738 s
INFO:p13b.p13b_i16_slothy_start.split.614_655:Attempt optimization with max 1 stalls...
INFO:p13b.p13b_i16_slothy_start.split.614_655:Setting timeout of 30 seconds...
INFO:p13b.p13b_i16_slothy_start.split.614_655:Objective: None (any satisfying solution is fine)
INFO:p13b.p13b_i16_slothy_start.split.614_655:Invoking external constraint solver (OR-Tools CP-SAT v9.15.6755) ...
INFO:p13b.p13b_i16_slothy_start.split.614_655:INFEASIBLE, wall time: 0.000733 s
INFO:p13b.p13b_i16_slothy_start.split.614_655:Attempt optimization with max 2 stalls...
INFO:p13b.p13b_i16_slothy_start.split.614_655:Setting timeout of 30 seconds...
INFO:p13b.p13b_i16_slothy_start.split.614_655:Objective: None (any satisfying solution is fine)
INFO:p13b.p13b_i16_slothy_start.split.614_655:Invoking external constraint solver (OR-Tools CP-SAT v9.15.6755) ...
INFO:p13b.p13b_i16_slothy_start.split.614_655:INFEASIBLE, wall time: 0.000742 s
INFO:p13b.p13b_i16_slothy_start.split.614_655:Attempt optimization with max 4 stalls...
INFO:p13b.p13b_i16_slothy_start.split.614_655:Setting timeout of 30 seconds...
INFO:p13b.p13b_i16_slothy_start.split.614_655:Objective: None (any satisfying solution is fine)
INFO:p13b.p13b_i16_slothy_start.split.614_655:Invoking external constraint solver (OR-Tools CP-SAT v9.15.6755) ...
INFO:p13b.p13b_i16_slothy_start.split.614_655:INFEASIBLE, wall time: 0.000745 s
INFO:p13b.p13b_i16_slothy_start.split.614_655:Attempt optimization with max 8 stalls...
INFO:p13b.p13b_i16_slothy_start.split.614_655:Setting timeout of 30 seconds...
INFO:p13b.p13b_i16_slothy_start.split.614_655:Objective: None (any satisfying solution is fine)
INFO:p13b.p13b_i16_slothy_start.split.614_655:Invoking external constraint solver (OR-Tools CP-SAT v9.15.6755) ...
INFO:p13b.p13b_i16_slothy_start.split.614_655:INFEASIBLE, wall time: 0.000760 s
INFO:p13b.p13b_i16_slothy_start.split.614_655:Attempt optimization with max 16 stalls...
INFO:p13b.p13b_i16_slothy_start.split.614_655:Setting timeout of 30 seconds...
INFO:p13b.p13b_i16_slothy_start.split.614_655:Objective: None (any satisfying solution is fine)
INFO:p13b.p13b_i16_slothy_start.split.614_655:Invoking external constraint solver (OR-Tools CP-SAT v9.15.6755) ...
INFO:p13b.p13b_i16_slothy_start.split.614_655:INFEASIBLE, wall time: 0.002959 s
INFO:p13b.p13b_i16_slothy_start.split.614_655:Attempt optimization with max 32 stalls...
INFO:p13b.p13b_i16_slothy_start.split.614_655:Setting timeout of 30 seconds...
INFO:p13b.p13b_i16_slothy_start.split.614_655:Objective: None (any satisfying solution is fine)
INFO:p13b.p13b_i16_slothy_start.split.614_655:Invoking external constraint solver (OR-Tools CP-SAT v9.15.6755) ...
INFO:p13b.p13b_i16_slothy_start.split.614_655:[0.0153s]: Found 1 solutions so far... objective (no objective): currently 0.0, bound 0.0
INFO:p13b.p13b_i16_slothy_start.split.614_655:OPTIMAL, wall time: 0.018169 s
INFO:p13b.p13b_i16_slothy_start.split.614_655:Booleans in result: 105
INFO:p13b.p13b_i16_slothy_start.split.614_655.selfcheck:OK!
WARNING:p13b:LLVM (llvm-mc, llvm-nm, llvm-readobj) not found, disabling selftest. Consider installing LLVM.
INFO:p13b.p13b_i16_slothy_start.split.614_655:Attempt optimization with max 24 stalls...
INFO:p13b.p13b_i16_slothy_start.split.614_655:Setting timeout of 30 seconds...
INFO:p13b.p13b_i16_slothy_start.split.614_655:Objective: None (any satisfying solution is fine)
INFO:p13b.p13b_i16_slothy_start.split.614_655:Invoking external constraint solver (OR-Tools CP-SAT v9.15.6755) ...
INFO:p13b.p13b_i16_slothy_start.split.614_655:INFEASIBLE, wall time: 0.020239 s
INFO:p13b.p13b_i16_slothy_start.split.614_655:Attempt optimization with max 28 stalls...
INFO:p13b.p13b_i16_slothy_start.split.614_655:Setting timeout of 30 seconds...
INFO:p13b.p13b_i16_slothy_start.split.614_655:Objective: None (any satisfying solution is fine)
INFO:p13b.p13b_i16_slothy_start.split.614_655:Invoking external constraint solver (OR-Tools CP-SAT v9.15.6755) ...
INFO:p13b.p13b_i16_slothy_start.split.614_655:[0.0224s]: Found 1 solutions so far... objective (no objective): currently 0.0, bound 0.0
INFO:p13b.p13b_i16_slothy_start.split.614_655:OPTIMAL, wall time: 0.025212 s
INFO:p13b.p13b_i16_slothy_start.split.614_655:Booleans in result: 130
INFO:p13b.p13b_i16_slothy_start.split.614_655.selfcheck:OK!
WARNING:p13b:LLVM (llvm-mc, llvm-nm, llvm-readobj) not found, disabling selftest. Consider installing LLVM.
INFO:p13b.p13b_i16_slothy_start.split.614_655:Attempt optimization with max 26 stalls...
INFO:p13b.p13b_i16_slothy_start.split.614_655:Setting timeout of 30 seconds...
INFO:p13b.p13b_i16_slothy_start.split.614_655:Objective: None (any satisfying solution is fine)
INFO:p13b.p13b_i16_slothy_start.split.614_655:Invoking external constraint solver (OR-Tools CP-SAT v9.15.6755) ...
INFO:p13b.p13b_i16_slothy_start.split.614_655:INFEASIBLE, wall time: 0.024109 s
INFO:p13b.p13b_i16_slothy_start.split.614_655:Attempt optimization with max 27 stalls...
INFO:p13b.p13b_i16_slothy_start.split.614_655:Setting timeout of 30 seconds...
INFO:p13b.p13b_i16_slothy_start.split.614_655:Objective: None (any satisfying solution is fine)
INFO:p13b.p13b_i16_slothy_start.split.614_655:Invoking external constraint solver (OR-Tools CP-SAT v9.15.6755) ...
INFO:p13b.p13b_i16_slothy_start.split.614_655:[0.0180s]: Found 1 solutions so far... objective (no objective): currently 0.0, bound 0.0
INFO:p13b.p13b_i16_slothy_start.split.614_655:OPTIMAL, wall time: 0.020913 s
INFO:p13b.p13b_i16_slothy_start.split.614_655:Booleans in result: 122
INFO:p13b.p13b_i16_slothy_start.split.614_655.selfcheck:OK!
WARNING:p13b:LLVM (llvm-mc, llvm-nm, llvm-readobj) not found, disabling selftest. Consider installing LLVM.
INFO:p13b.p13b_i16_slothy_start.split:[  0- 13]: **********...................... (10)
INFO:p13b.p13b_i16_slothy_start.split:[ 13- 26]: ****************................ (16)
INFO:p13b.p13b_i16_slothy_start.split:[ 26- 40]: *******************............. (19)
INFO:p13b.p13b_i16_slothy_start.split:[ 40- 53]: *********************........... (21)
INFO:p13b.p13b_i16_slothy_start.split:[ 53- 66]: **********************.......... (22)
INFO:p13b.p13b_i16_slothy_start.split:[ 66- 80]: **********************.......... (22)
INFO:p13b.p13b_i16_slothy_start.split:[ 80- 93]: *************************....... (25)
INFO:p13b.p13b_i16_slothy_start.split:[ 93-106]: **************************...... (26)
INFO:p13b.p13b_i16_slothy_start.split:[106-120]: *****************************... (29)
INFO:p13b.p13b_i16_slothy_start.split:[120-133]: *****************************... (29)
INFO:p13b.p13b_i16_slothy_start.split:[133-146]: ******************************.. (30)
INFO:p13b.p13b_i16_slothy_start.split:[146-160]: ***************************..... (27)
INFO:p13b.p13b_i16_slothy_start.split:[160-173]: ***************************..... (27)
INFO:p13b.p13b_i16_slothy_start.split:[173-186]: ************************........ (24)
INFO:p13b.p13b_i16_slothy_start.split:[186-200]: ***********************......... (23)
INFO:p13b.p13b_i16_slothy_start.split:[200-213]: ********************............ (20)
INFO:p13b.p13b_i16_slothy_start.split:[213-226]: ********************............ (20)
INFO:p13b.p13b_i16_slothy_start.split:[226-240]: *********************........... (21)
INFO:p13b.p13b_i16_slothy_start.split:[240-253]: **********************.......... (22)
INFO:p13b.p13b_i16_slothy_start.split:[253-266]: **********************.......... (22)
INFO:p13b.p13b_i16_slothy_start.split:[266-280]: ***********************......... (23)
INFO:p13b.p13b_i16_slothy_start.split:[280-293]: ************************........ (24)
INFO:p13b.p13b_i16_slothy_start.split:[293-306]: ************************........ (24)
INFO:p13b.p13b_i16_slothy_start.split:[306-320]: **********************.......... (22)
INFO:p13b.p13b_i16_slothy_start.split:[320-333]: **********************.......... (22)
INFO:p13b.p13b_i16_slothy_start.split:[333-346]: *******************............. (19)
INFO:p13b.p13b_i16_slothy_start.split:[346-360]: **********************.......... (22)
INFO:p13b.p13b_i16_slothy_start.split:[360-373]: ********************............ (20)
INFO:p13b.p13b_i16_slothy_start.split:[373-386]: **********************.......... (22)
INFO:p13b.p13b_i16_slothy_start.split:[386-400]: *********************........... (21)
INFO:p13b.p13b_i16_slothy_start.split:[400-413]: *********************........... (21)
INFO:p13b.p13b_i16_slothy_start.split:[413-426]: ***********************......... (23)
INFO:p13b.p13b_i16_slothy_start.split:[426-440]: *********************........... (21)
INFO:p13b.p13b_i16_slothy_start.split:[440-453]: **********************.......... (22)
INFO:p13b.p13b_i16_slothy_start.split:[453-466]: ********************............ (20)
INFO:p13b.p13b_i16_slothy_start.split:[466-480]: *************************....... (25)
INFO:p13b.p13b_i16_slothy_start.split:[480-493]: ***************************..... (27)
INFO:p13b.p13b_i16_slothy_start.split:[493-506]: ***************************..... (27)
INFO:p13b.p13b_i16_slothy_start.split:[506-520]: ************************........ (24)
INFO:p13b.p13b_i16_slothy_start.split:[520-533]: *********************........... (21)
INFO:p13b.p13b_i16_slothy_start.split:[533-546]: **********************.......... (22)
INFO:p13b.p13b_i16_slothy_start.split:[546-560]: **********************.......... (22)
INFO:p13b.p13b_i16_slothy_start.split:[560-573]: **********************.......... (22)
INFO:p13b.p13b_i16_slothy_start.split:[573-586]: **********************.......... (22)
INFO:p13b.p13b_i16_slothy_start.split:[586-600]: **********************.......... (22)
INFO:p13b.p13b_i16_slothy_start.split:[600-613]: ***********************......... (23)
INFO:p13b.p13b_i16_slothy_start.split:[613-626]: *********************........... (21)
INFO:p13b.p13b_i16_slothy_start.split:[626-640]: ***********************......... (23)
INFO:p13b.p13b_i16_slothy_start.split:[640-653]: ***********************......... (23)
INFO:p13b.p13b_i16_slothy_start.split:[653-667]: ******************.............. (18)
INFO:p13b.p13b_i16_slothy_start.split.640_667:Perform external binary search for minimal number of stalls...
INFO:p13b.p13b_i16_slothy_start.split.640_667:Attempt optimization with max 0 stalls...
INFO:p13b.p13b_i16_slothy_start.split.640_667:Setting timeout of 30 seconds...
INFO:p13b.p13b_i16_slothy_start.split.640_667:Objective: None (any satisfying solution is fine)
INFO:p13b.p13b_i16_slothy_start.split.640_667:Invoking external constraint solver (OR-Tools CP-SAT v9.15.6755) ...
INFO:p13b.p13b_i16_slothy_start.split.640_667:INFEASIBLE, wall time: 0.000675 s
INFO:p13b.p13b_i16_slothy_start.split.640_667:Attempt optimization with max 1 stalls...
INFO:p13b.p13b_i16_slothy_start.split.640_667:Setting timeout of 30 seconds...
INFO:p13b.p13b_i16_slothy_start.split.640_667:Objective: None (any satisfying solution is fine)
INFO:p13b.p13b_i16_slothy_start.split.640_667:Invoking external constraint solver (OR-Tools CP-SAT v9.15.6755) ...
INFO:p13b.p13b_i16_slothy_start.split.640_667:INFEASIBLE, wall time: 0.000632 s
INFO:p13b.p13b_i16_slothy_start.split.640_667:Attempt optimization with max 2 stalls...
INFO:p13b.p13b_i16_slothy_start.split.640_667:Setting timeout of 30 seconds...
INFO:p13b.p13b_i16_slothy_start.split.640_667:Objective: None (any satisfying solution is fine)
INFO:p13b.p13b_i16_slothy_start.split.640_667:Invoking external constraint solver (OR-Tools CP-SAT v9.15.6755) ...
INFO:p13b.p13b_i16_slothy_start.split.640_667:INFEASIBLE, wall time: 0.000637 s
INFO:p13b.p13b_i16_slothy_start.split.640_667:Attempt optimization with max 4 stalls...
INFO:p13b.p13b_i16_slothy_start.split.640_667:Setting timeout of 30 seconds...
INFO:p13b.p13b_i16_slothy_start.split.640_667:Objective: None (any satisfying solution is fine)
INFO:p13b.p13b_i16_slothy_start.split.640_667:Invoking external constraint solver (OR-Tools CP-SAT v9.15.6755) ...
INFO:p13b.p13b_i16_slothy_start.split.640_667:INFEASIBLE, wall time: 0.000545 s
INFO:p13b.p13b_i16_slothy_start.split.640_667:Attempt optimization with max 8 stalls...
INFO:p13b.p13b_i16_slothy_start.split.640_667:Setting timeout of 30 seconds...
INFO:p13b.p13b_i16_slothy_start.split.640_667:Objective: None (any satisfying solution is fine)
INFO:p13b.p13b_i16_slothy_start.split.640_667:Invoking external constraint solver (OR-Tools CP-SAT v9.15.6755) ...
INFO:p13b.p13b_i16_slothy_start.split.640_667:INFEASIBLE, wall time: 0.000556 s
INFO:p13b.p13b_i16_slothy_start.split.640_667:Attempt optimization with max 16 stalls...
INFO:p13b.p13b_i16_slothy_start.split.640_667:Setting timeout of 30 seconds...
INFO:p13b.p13b_i16_slothy_start.split.640_667:Objective: None (any satisfying solution is fine)
INFO:p13b.p13b_i16_slothy_start.split.640_667:Invoking external constraint solver (OR-Tools CP-SAT v9.15.6755) ...
INFO:p13b.p13b_i16_slothy_start.split.640_667:INFEASIBLE, wall time: 0.002588 s
INFO:p13b.p13b_i16_slothy_start.split.640_667:Attempt optimization with max 32 stalls...
INFO:p13b.p13b_i16_slothy_start.split.640_667:Setting timeout of 30 seconds...
INFO:p13b.p13b_i16_slothy_start.split.640_667:Objective: None (any satisfying solution is fine)
INFO:p13b.p13b_i16_slothy_start.split.640_667:Invoking external constraint solver (OR-Tools CP-SAT v9.15.6755) ...
INFO:p13b.p13b_i16_slothy_start.split.640_667:[0.0062s]: Found 1 solutions so far... objective (no objective): currently 0.0, bound 0.0
INFO:p13b.p13b_i16_slothy_start.split.640_667:OPTIMAL, wall time: 0.008836 s
INFO:p13b.p13b_i16_slothy_start.split.640_667:Booleans in result: 61
INFO:p13b.p13b_i16_slothy_start.split.640_667.selfcheck:OK!
WARNING:p13b:LLVM (llvm-mc, llvm-nm, llvm-readobj) not found, disabling selftest. Consider installing LLVM.
INFO:p13b.p13b_i16_slothy_start.split.640_667:Attempt optimization with max 24 stalls...
INFO:p13b.p13b_i16_slothy_start.split.640_667:Setting timeout of 30 seconds...
INFO:p13b.p13b_i16_slothy_start.split.640_667:Objective: None (any satisfying solution is fine)
INFO:p13b.p13b_i16_slothy_start.split.640_667:Invoking external constraint solver (OR-Tools CP-SAT v9.15.6755) ...
INFO:p13b.p13b_i16_slothy_start.split.640_667:[0.0073s]: Found 1 solutions so far... objective (no objective): currently 0.0, bound 0.0
INFO:p13b.p13b_i16_slothy_start.split.640_667:[0.0076s]: Found 2 solutions so far... objective (no objective): currently 0.0, bound 0.0
INFO:p13b.p13b_i16_slothy_start.split.640_667:OPTIMAL, wall time: 0.009986 s
INFO:p13b.p13b_i16_slothy_start.split.640_667:Booleans in result: 61
INFO:p13b.p13b_i16_slothy_start.split.640_667.selfcheck:OK!
WARNING:p13b:LLVM (llvm-mc, llvm-nm, llvm-readobj) not found, disabling selftest. Consider installing LLVM.
INFO:p13b.p13b_i16_slothy_start.split.640_667:Attempt optimization with max 20 stalls...
INFO:p13b.p13b_i16_slothy_start.split.640_667:Setting timeout of 30 seconds...
INFO:p13b.p13b_i16_slothy_start.split.640_667:Objective: None (any satisfying solution is fine)
INFO:p13b.p13b_i16_slothy_start.split.640_667:Invoking external constraint solver (OR-Tools CP-SAT v9.15.6755) ...
INFO:p13b.p13b_i16_slothy_start.split.640_667:INFEASIBLE, wall time: 0.011640 s
INFO:p13b.p13b_i16_slothy_start.split.640_667:Attempt optimization with max 22 stalls...
INFO:p13b.p13b_i16_slothy_start.split.640_667:Setting timeout of 30 seconds...
INFO:p13b.p13b_i16_slothy_start.split.640_667:Objective: None (any satisfying solution is fine)
INFO:p13b.p13b_i16_slothy_start.split.640_667:Invoking external constraint solver (OR-Tools CP-SAT v9.15.6755) ...
INFO:p13b.p13b_i16_slothy_start.split.640_667:[0.0063s]: Found 1 solutions so far... objective (no objective): currently 0.0, bound 0.0
INFO:p13b.p13b_i16_slothy_start.split.640_667:OPTIMAL, wall time: 0.008827 s
INFO:p13b.p13b_i16_slothy_start.split.640_667:Booleans in result: 61
INFO:p13b.p13b_i16_slothy_start.split.640_667.selfcheck:OK!
WARNING:p13b:LLVM (llvm-mc, llvm-nm, llvm-readobj) not found, disabling selftest. Consider installing LLVM.
INFO:p13b.p13b_i16_slothy_start.split.640_667:Attempt optimization with max 21 stalls...
INFO:p13b.p13b_i16_slothy_start.split.640_667:Setting timeout of 30 seconds...
INFO:p13b.p13b_i16_slothy_start.split.640_667:Objective: None (any satisfying solution is fine)
INFO:p13b.p13b_i16_slothy_start.split.640_667:Invoking external constraint solver (OR-Tools CP-SAT v9.15.6755) ...
INFO:p13b.p13b_i16_slothy_start.split.640_667:[0.0097s]: Found 1 solutions so far... objective (no objective): currently 0.0, bound 0.0
INFO:p13b.p13b_i16_slothy_start.split.640_667:[0.0103s]: Found 2 solutions so far... objective (no objective): currently 0.0, bound 0.0
INFO:p13b.p13b_i16_slothy_start.split.640_667:OPTIMAL, wall time: 0.012744 s
INFO:p13b.p13b_i16_slothy_start.split.640_667:Booleans in result: 63
INFO:p13b.p13b_i16_slothy_start.split.640_667.selfcheck:OK!
WARNING:p13b:LLVM (llvm-mc, llvm-nm, llvm-readobj) not found, disabling selftest. Consider installing LLVM.
INFO:p13b.p13b_i16_slothy_start.split:[  0- 13]: **********...................... (10)
INFO:p13b.p13b_i16_slothy_start.split:[ 13- 26]: ****************................ (16)
INFO:p13b.p13b_i16_slothy_start.split:[ 26- 40]: *******************............. (19)
INFO:p13b.p13b_i16_slothy_start.split:[ 40- 53]: *********************........... (21)
INFO:p13b.p13b_i16_slothy_start.split:[ 53- 66]: **********************.......... (22)
INFO:p13b.p13b_i16_slothy_start.split:[ 66- 80]: **********************.......... (22)
INFO:p13b.p13b_i16_slothy_start.split:[ 80- 93]: *************************....... (25)
INFO:p13b.p13b_i16_slothy_start.split:[ 93-106]: **************************...... (26)
INFO:p13b.p13b_i16_slothy_start.split:[106-120]: *****************************... (29)
INFO:p13b.p13b_i16_slothy_start.split:[120-133]: *****************************... (29)
INFO:p13b.p13b_i16_slothy_start.split:[133-146]: ******************************.. (30)
INFO:p13b.p13b_i16_slothy_start.split:[146-160]: ***************************..... (27)
INFO:p13b.p13b_i16_slothy_start.split:[160-173]: ***************************..... (27)
INFO:p13b.p13b_i16_slothy_start.split:[173-186]: ************************........ (24)
INFO:p13b.p13b_i16_slothy_start.split:[186-200]: ***********************......... (23)
INFO:p13b.p13b_i16_slothy_start.split:[200-213]: ********************............ (20)
INFO:p13b.p13b_i16_slothy_start.split:[213-226]: ********************............ (20)
INFO:p13b.p13b_i16_slothy_start.split:[226-240]: *********************........... (21)
INFO:p13b.p13b_i16_slothy_start.split:[240-253]: **********************.......... (22)
INFO:p13b.p13b_i16_slothy_start.split:[253-266]: **********************.......... (22)
INFO:p13b.p13b_i16_slothy_start.split:[266-280]: ***********************......... (23)
INFO:p13b.p13b_i16_slothy_start.split:[280-293]: ************************........ (24)
INFO:p13b.p13b_i16_slothy_start.split:[293-306]: ************************........ (24)
INFO:p13b.p13b_i16_slothy_start.split:[306-320]: **********************.......... (22)
INFO:p13b.p13b_i16_slothy_start.split:[320-333]: **********************.......... (22)
INFO:p13b.p13b_i16_slothy_start.split:[333-346]: *******************............. (19)
INFO:p13b.p13b_i16_slothy_start.split:[346-360]: **********************.......... (22)
INFO:p13b.p13b_i16_slothy_start.split:[360-373]: ********************............ (20)
INFO:p13b.p13b_i16_slothy_start.split:[373-386]: **********************.......... (22)
INFO:p13b.p13b_i16_slothy_start.split:[386-400]: *********************........... (21)
INFO:p13b.p13b_i16_slothy_start.split:[400-413]: *********************........... (21)
INFO:p13b.p13b_i16_slothy_start.split:[413-426]: ***********************......... (23)
INFO:p13b.p13b_i16_slothy_start.split:[426-440]: *********************........... (21)
INFO:p13b.p13b_i16_slothy_start.split:[440-453]: **********************.......... (22)
INFO:p13b.p13b_i16_slothy_start.split:[453-466]: ********************............ (20)
INFO:p13b.p13b_i16_slothy_start.split:[466-480]: *************************....... (25)
INFO:p13b.p13b_i16_slothy_start.split:[480-493]: ***************************..... (27)
INFO:p13b.p13b_i16_slothy_start.split:[493-506]: ***************************..... (27)
INFO:p13b.p13b_i16_slothy_start.split:[506-520]: ************************........ (24)
INFO:p13b.p13b_i16_slothy_start.split:[520-533]: *********************........... (21)
INFO:p13b.p13b_i16_slothy_start.split:[533-546]: **********************.......... (22)
INFO:p13b.p13b_i16_slothy_start.split:[546-560]: **********************.......... (22)
INFO:p13b.p13b_i16_slothy_start.split:[560-573]: **********************.......... (22)
INFO:p13b.p13b_i16_slothy_start.split:[573-586]: **********************.......... (22)
INFO:p13b.p13b_i16_slothy_start.split:[586-600]: **********************.......... (22)
INFO:p13b.p13b_i16_slothy_start.split:[600-613]: ***********************......... (23)
INFO:p13b.p13b_i16_slothy_start.split:[613-626]: *********************........... (21)
INFO:p13b.p13b_i16_slothy_start.split:[626-640]: **********************.......... (22)
INFO:p13b.p13b_i16_slothy_start.split:[640-653]: *********************........... (21)
INFO:p13b.p13b_i16_slothy_start.split:[653-667]: ****************................ (16)
INFO:p13b.p13b_i16_slothy_start.split.split_heuristic_full:OK!
