INFO:gt864-forward-full-register-schedule.gt864_forward_one_bank_paired_twist_loads_slothy_start:SLOTHY version: 0.2.2
INFO:gt864-forward-full-register-schedule:Instructions in body: 601
INFO:gt864-forward-full-register-schedule.gt864_forward_one_bank_paired_twist_loads_slothy_start.split.0_19:Perform internal binary search for minimal number of stalls...
INFO:gt864-forward-full-register-schedule.gt864_forward_one_bank_paired_twist_loads_slothy_start.split.0_19:Attempt optimization with max 256 stalls...
INFO:gt864-forward-full-register-schedule.gt864_forward_one_bank_paired_twist_loads_slothy_start.split.0_19:Setting timeout of 14400 seconds...
INFO:gt864-forward-full-register-schedule.gt864_forward_one_bank_paired_twist_loads_slothy_start.split.0_19:Objective: minimize cycles
INFO:gt864-forward-full-register-schedule.gt864_forward_one_bank_paired_twist_loads_slothy_start.split.0_19:Invoking external constraint solver (OR-Tools CP-SAT v9.15.6755) ...
INFO:gt864-forward-full-register-schedule.gt864_forward_one_bank_paired_twist_loads_slothy_start.split.0_19:[0.0244s]: Found 1 solutions so far... objective (minimize cycles): currently  (Cycles ~ 108.0, IPC ~ 0.18), bound  (Cycles ~ 108.0, IPC ~ 0.18)
INFO:gt864-forward-full-register-schedule.gt864_forward_one_bank_paired_twist_loads_slothy_start.split.0_19:Closer than 0 stalls to theoretical optimum... stop
INFO:gt864-forward-full-register-schedule.gt864_forward_one_bank_paired_twist_loads_slothy_start.split.0_19:OPTIMAL, wall time: 0.034436 s
INFO:gt864-forward-full-register-schedule.gt864_forward_one_bank_paired_twist_loads_slothy_start.split.0_19:Booleans in result: 40
INFO:gt864-forward-full-register-schedule.gt864_forward_one_bank_paired_twist_loads_slothy_start.split.0_19.selfcheck:OK!
INFO:gt864-forward-full-register-schedule.gt864_forward_one_bank_paired_twist_loads_slothy_start.split.0_19:Minimum number of stalls: 103
INFO:gt864-forward-full-register-schedule.gt864_forward_one_bank_paired_twist_loads_slothy_start.split.19_38:Perform internal binary search for minimal number of stalls...
INFO:gt864-forward-full-register-schedule.gt864_forward_one_bank_paired_twist_loads_slothy_start.split.19_38:Attempt optimization with max 256 stalls...
INFO:gt864-forward-full-register-schedule.gt864_forward_one_bank_paired_twist_loads_slothy_start.split.19_38:Setting timeout of 14400 seconds...
INFO:gt864-forward-full-register-schedule.gt864_forward_one_bank_paired_twist_loads_slothy_start.split.19_38:Objective: minimize cycles
INFO:gt864-forward-full-register-schedule.gt864_forward_one_bank_paired_twist_loads_slothy_start.split.19_38:Invoking external constraint solver (OR-Tools CP-SAT v9.15.6755) ...
INFO:gt864-forward-full-register-schedule.gt864_forward_one_bank_paired_twist_loads_slothy_start.split.19_38:[0.0163s]: Found 1 solutions so far... objective (minimize cycles): currently  (Cycles ~ 40.0, IPC ~ 0.47), bound  (Cycles ~ 34.0, IPC ~ 0.56)
INFO:gt864-forward-full-register-schedule.gt864_forward_one_bank_paired_twist_loads_slothy_start.split.19_38:[0.0170s]: Found 2 solutions so far... objective (minimize cycles): currently  (Cycles ~ 39.0, IPC ~ 0.49), bound  (Cycles ~ 34.0, IPC ~ 0.56)
INFO:gt864-forward-full-register-schedule.gt864_forward_one_bank_paired_twist_loads_slothy_start.split.19_38:OPTIMAL, wall time: 0.028671 s
INFO:gt864-forward-full-register-schedule.gt864_forward_one_bank_paired_twist_loads_slothy_start.split.19_38:Booleans in result: 44
INFO:gt864-forward-full-register-schedule.gt864_forward_one_bank_paired_twist_loads_slothy_start.split.19_38.selfcheck:OK!
INFO:gt864-forward-full-register-schedule.gt864_forward_one_bank_paired_twist_loads_slothy_start.split.19_38:Minimum number of stalls: 34
INFO:gt864-forward-full-register-schedule.gt864_forward_one_bank_paired_twist_loads_slothy_start.split.38_56:Perform internal binary search for minimal number of stalls...
INFO:gt864-forward-full-register-schedule.gt864_forward_one_bank_paired_twist_loads_slothy_start.split.38_56:Attempt optimization with max 256 stalls...
INFO:gt864-forward-full-register-schedule.gt864_forward_one_bank_paired_twist_loads_slothy_start.split.38_56:Setting timeout of 14400 seconds...
INFO:gt864-forward-full-register-schedule.gt864_forward_one_bank_paired_twist_loads_slothy_start.split.38_56:Objective: minimize cycles
INFO:gt864-forward-full-register-schedule.gt864_forward_one_bank_paired_twist_loads_slothy_start.split.38_56:Invoking external constraint solver (OR-Tools CP-SAT v9.15.6755) ...
INFO:gt864-forward-full-register-schedule.gt864_forward_one_bank_paired_twist_loads_slothy_start.split.38_56:[0.0161s]: Found 1 solutions so far... objective (minimize cycles): currently  (Cycles ~ 39.0, IPC ~ 0.46), bound  (Cycles ~ 35.0, IPC ~ 0.51)
INFO:gt864-forward-full-register-schedule.gt864_forward_one_bank_paired_twist_loads_slothy_start.split.38_56:[0.0172s]: Found 2 solutions so far... objective (minimize cycles): currently  (Cycles ~ 38.0, IPC ~ 0.47), bound  (Cycles ~ 35.0, IPC ~ 0.51)
INFO:gt864-forward-full-register-schedule.gt864_forward_one_bank_paired_twist_loads_slothy_start.split.38_56:[0.0179s]: Found 3 solutions so far... objective (minimize cycles): currently  (Cycles ~ 37.0, IPC ~ 0.49), bound  (Cycles ~ 35.0, IPC ~ 0.51)
INFO:gt864-forward-full-register-schedule.gt864_forward_one_bank_paired_twist_loads_slothy_start.split.38_56:OPTIMAL, wall time: 0.030085 s
INFO:gt864-forward-full-register-schedule.gt864_forward_one_bank_paired_twist_loads_slothy_start.split.38_56:Booleans in result: 59
INFO:gt864-forward-full-register-schedule.gt864_forward_one_bank_paired_twist_loads_slothy_start.split.38_56.selfcheck:OK!
INFO:gt864-forward-full-register-schedule.gt864_forward_one_bank_paired_twist_loads_slothy_start.split.38_56:Minimum number of stalls: 32
INFO:gt864-forward-full-register-schedule.gt864_forward_one_bank_paired_twist_loads_slothy_start.split.56_75:Perform internal binary search for minimal number of stalls...
INFO:gt864-forward-full-register-schedule.gt864_forward_one_bank_paired_twist_loads_slothy_start.split.56_75:Attempt optimization with max 256 stalls...
INFO:gt864-forward-full-register-schedule.gt864_forward_one_bank_paired_twist_loads_slothy_start.split.56_75:Setting timeout of 14400 seconds...
INFO:gt864-forward-full-register-schedule.gt864_forward_one_bank_paired_twist_loads_slothy_start.split.56_75:Objective: minimize cycles
INFO:gt864-forward-full-register-schedule.gt864_forward_one_bank_paired_twist_loads_slothy_start.split.56_75:Invoking external constraint solver (OR-Tools CP-SAT v9.15.6755) ...
INFO:gt864-forward-full-register-schedule.gt864_forward_one_bank_paired_twist_loads_slothy_start.split.56_75:[0.0167s]: Found 1 solutions so far... objective (minimize cycles): currently  (Cycles ~ 40.0, IPC ~ 0.47), bound  (Cycles ~ 40.0, IPC ~ 0.47)
INFO:gt864-forward-full-register-schedule.gt864_forward_one_bank_paired_twist_loads_slothy_start.split.56_75:Closer than 0 stalls to theoretical optimum... stop
INFO:gt864-forward-full-register-schedule.gt864_forward_one_bank_paired_twist_loads_slothy_start.split.56_75:OPTIMAL, wall time: 0.023152 s
INFO:gt864-forward-full-register-schedule.gt864_forward_one_bank_paired_twist_loads_slothy_start.split.56_75:Booleans in result: 42
INFO:gt864-forward-full-register-schedule.gt864_forward_one_bank_paired_twist_loads_slothy_start.split.56_75.selfcheck:OK!
INFO:gt864-forward-full-register-schedule.gt864_forward_one_bank_paired_twist_loads_slothy_start.split.56_75:Minimum number of stalls: 35
INFO:gt864-forward-full-register-schedule.gt864_forward_one_bank_paired_twist_loads_slothy_start.split.75_94:Perform internal binary search for minimal number of stalls...
INFO:gt864-forward-full-register-schedule.gt864_forward_one_bank_paired_twist_loads_slothy_start.split.75_94:Attempt optimization with max 256 stalls...
INFO:gt864-forward-full-register-schedule.gt864_forward_one_bank_paired_twist_loads_slothy_start.split.75_94:Setting timeout of 14400 seconds...
INFO:gt864-forward-full-register-schedule.gt864_forward_one_bank_paired_twist_loads_slothy_start.split.75_94:Objective: minimize cycles
INFO:gt864-forward-full-register-schedule.gt864_forward_one_bank_paired_twist_loads_slothy_start.split.75_94:Invoking external constraint solver (OR-Tools CP-SAT v9.15.6755) ...
INFO:gt864-forward-full-register-schedule.gt864_forward_one_bank_paired_twist_loads_slothy_start.split.75_94:[0.0174s]: Found 1 solutions so far... objective (minimize cycles): currently  (Cycles ~ 44.0, IPC ~ 0.43), bound  (Cycles ~ 40.0, IPC ~ 0.47)
INFO:gt864-forward-full-register-schedule.gt864_forward_one_bank_paired_twist_loads_slothy_start.split.75_94:[0.0178s]: Found 2 solutions so far... objective (minimize cycles): currently  (Cycles ~ 40.0, IPC ~ 0.47), bound  (Cycles ~ 40.0, IPC ~ 0.47)
INFO:gt864-forward-full-register-schedule.gt864_forward_one_bank_paired_twist_loads_slothy_start.split.75_94:Closer than 0 stalls to theoretical optimum... stop
INFO:gt864-forward-full-register-schedule.gt864_forward_one_bank_paired_twist_loads_slothy_start.split.75_94:OPTIMAL, wall time: 0.022227 s
INFO:gt864-forward-full-register-schedule.gt864_forward_one_bank_paired_twist_loads_slothy_start.split.75_94:Booleans in result: 38
INFO:gt864-forward-full-register-schedule.gt864_forward_one_bank_paired_twist_loads_slothy_start.split.75_94.selfcheck:OK!
INFO:gt864-forward-full-register-schedule.gt864_forward_one_bank_paired_twist_loads_slothy_start.split.75_94:Minimum number of stalls: 35
INFO:gt864-forward-full-register-schedule.gt864_forward_one_bank_paired_twist_loads_slothy_start.split.94_113:Perform internal binary search for minimal number of stalls...
INFO:gt864-forward-full-register-schedule.gt864_forward_one_bank_paired_twist_loads_slothy_start.split.94_113:Attempt optimization with max 256 stalls...
INFO:gt864-forward-full-register-schedule.gt864_forward_one_bank_paired_twist_loads_slothy_start.split.94_113:Setting timeout of 14400 seconds...
INFO:gt864-forward-full-register-schedule.gt864_forward_one_bank_paired_twist_loads_slothy_start.split.94_113:Objective: minimize cycles
INFO:gt864-forward-full-register-schedule.gt864_forward_one_bank_paired_twist_loads_slothy_start.split.94_113:Invoking external constraint solver (OR-Tools CP-SAT v9.15.6755) ...
INFO:gt864-forward-full-register-schedule.gt864_forward_one_bank_paired_twist_loads_slothy_start.split.94_113:[0.0166s]: Found 1 solutions so far... objective (minimize cycles): currently  (Cycles ~ 46.0, IPC ~ 0.41), bound  (Cycles ~ 42.0, IPC ~ 0.45)
INFO:gt864-forward-full-register-schedule.gt864_forward_one_bank_paired_twist_loads_slothy_start.split.94_113:[0.0175s]: Found 2 solutions so far... objective (minimize cycles): currently  (Cycles ~ 42.0, IPC ~ 0.45), bound  (Cycles ~ 42.0, IPC ~ 0.45)
INFO:gt864-forward-full-register-schedule.gt864_forward_one_bank_paired_twist_loads_slothy_start.split.94_113:Closer than 0 stalls to theoretical optimum... stop
INFO:gt864-forward-full-register-schedule.gt864_forward_one_bank_paired_twist_loads_slothy_start.split.94_113:OPTIMAL, wall time: 0.024247 s
INFO:gt864-forward-full-register-schedule.gt864_forward_one_bank_paired_twist_loads_slothy_start.split.94_113:Booleans in result: 40
INFO:gt864-forward-full-register-schedule.gt864_forward_one_bank_paired_twist_loads_slothy_start.split.94_113.selfcheck:OK!
INFO:gt864-forward-full-register-schedule.gt864_forward_one_bank_paired_twist_loads_slothy_start.split.94_113:Minimum number of stalls: 37
INFO:gt864-forward-full-register-schedule.gt864_forward_one_bank_paired_twist_loads_slothy_start.split.113_131:Perform internal binary search for minimal number of stalls...
INFO:gt864-forward-full-register-schedule.gt864_forward_one_bank_paired_twist_loads_slothy_start.split.113_131:Attempt optimization with max 256 stalls...
INFO:gt864-forward-full-register-schedule.gt864_forward_one_bank_paired_twist_loads_slothy_start.split.113_131:Setting timeout of 14400 seconds...
INFO:gt864-forward-full-register-schedule.gt864_forward_one_bank_paired_twist_loads_slothy_start.split.113_131:Objective: minimize cycles
INFO:gt864-forward-full-register-schedule.gt864_forward_one_bank_paired_twist_loads_slothy_start.split.113_131:Invoking external constraint solver (OR-Tools CP-SAT v9.15.6755) ...
INFO:gt864-forward-full-register-schedule.gt864_forward_one_bank_paired_twist_loads_slothy_start.split.113_131:[0.0167s]: Found 1 solutions so far... objective (minimize cycles): currently  (Cycles ~ 37.0, IPC ~ 0.49), bound  (Cycles ~ 35.0, IPC ~ 0.51)
INFO:gt864-forward-full-register-schedule.gt864_forward_one_bank_paired_twist_loads_slothy_start.split.113_131:OPTIMAL, wall time: 0.030884 s
INFO:gt864-forward-full-register-schedule.gt864_forward_one_bank_paired_twist_loads_slothy_start.split.113_131:Booleans in result: 38
INFO:gt864-forward-full-register-schedule.gt864_forward_one_bank_paired_twist_loads_slothy_start.split.113_131.selfcheck:OK!
INFO:gt864-forward-full-register-schedule.gt864_forward_one_bank_paired_twist_loads_slothy_start.split.113_131:Minimum number of stalls: 32
INFO:gt864-forward-full-register-schedule.gt864_forward_one_bank_paired_twist_loads_slothy_start.split.131_150:Perform internal binary search for minimal number of stalls...
INFO:gt864-forward-full-register-schedule.gt864_forward_one_bank_paired_twist_loads_slothy_start.split.131_150:Attempt optimization with max 256 stalls...
INFO:gt864-forward-full-register-schedule.gt864_forward_one_bank_paired_twist_loads_slothy_start.split.131_150:Setting timeout of 14400 seconds...
INFO:gt864-forward-full-register-schedule.gt864_forward_one_bank_paired_twist_loads_slothy_start.split.131_150:Objective: minimize cycles
INFO:gt864-forward-full-register-schedule.gt864_forward_one_bank_paired_twist_loads_slothy_start.split.131_150:Invoking external constraint solver (OR-Tools CP-SAT v9.15.6755) ...
INFO:gt864-forward-full-register-schedule.gt864_forward_one_bank_paired_twist_loads_slothy_start.split.131_150:[0.0168s]: Found 1 solutions so far... objective (minimize cycles): currently  (Cycles ~ 40.0, IPC ~ 0.47), bound  (Cycles ~ 38.0, IPC ~ 0.50)
INFO:gt864-forward-full-register-schedule.gt864_forward_one_bank_paired_twist_loads_slothy_start.split.131_150:OPTIMAL, wall time: 0.023941 s
INFO:gt864-forward-full-register-schedule.gt864_forward_one_bank_paired_twist_loads_slothy_start.split.131_150:Booleans in result: 35
INFO:gt864-forward-full-register-schedule.gt864_forward_one_bank_paired_twist_loads_slothy_start.split.131_150.selfcheck:OK!
INFO:gt864-forward-full-register-schedule.gt864_forward_one_bank_paired_twist_loads_slothy_start.split.131_150:Minimum number of stalls: 35
INFO:gt864-forward-full-register-schedule.gt864_forward_one_bank_paired_twist_loads_slothy_start.split.150_169:Perform internal binary search for minimal number of stalls...
INFO:gt864-forward-full-register-schedule.gt864_forward_one_bank_paired_twist_loads_slothy_start.split.150_169:Attempt optimization with max 256 stalls...
INFO:gt864-forward-full-register-schedule.gt864_forward_one_bank_paired_twist_loads_slothy_start.split.150_169:Setting timeout of 14400 seconds...
INFO:gt864-forward-full-register-schedule.gt864_forward_one_bank_paired_twist_loads_slothy_start.split.150_169:Objective: minimize cycles
INFO:gt864-forward-full-register-schedule.gt864_forward_one_bank_paired_twist_loads_slothy_start.split.150_169:Invoking external constraint solver (OR-Tools CP-SAT v9.15.6755) ...
INFO:gt864-forward-full-register-schedule.gt864_forward_one_bank_paired_twist_loads_slothy_start.split.150_169:[0.0174s]: Found 1 solutions so far... objective (minimize cycles): currently  (Cycles ~ 40.0, IPC ~ 0.47), bound  (Cycles ~ 40.0, IPC ~ 0.47)
INFO:gt864-forward-full-register-schedule.gt864_forward_one_bank_paired_twist_loads_slothy_start.split.150_169:Closer than 0 stalls to theoretical optimum... stop
INFO:gt864-forward-full-register-schedule.gt864_forward_one_bank_paired_twist_loads_slothy_start.split.150_169:OPTIMAL, wall time: 0.025229 s
INFO:gt864-forward-full-register-schedule.gt864_forward_one_bank_paired_twist_loads_slothy_start.split.150_169:Booleans in result: 41
INFO:gt864-forward-full-register-schedule.gt864_forward_one_bank_paired_twist_loads_slothy_start.split.150_169.selfcheck:OK!
INFO:gt864-forward-full-register-schedule.gt864_forward_one_bank_paired_twist_loads_slothy_start.split.150_169:Minimum number of stalls: 35
INFO:gt864-forward-full-register-schedule.gt864_forward_one_bank_paired_twist_loads_slothy_start.split.169_188:Perform internal binary search for minimal number of stalls...
INFO:gt864-forward-full-register-schedule.gt864_forward_one_bank_paired_twist_loads_slothy_start.split.169_188:Attempt optimization with max 256 stalls...
INFO:gt864-forward-full-register-schedule.gt864_forward_one_bank_paired_twist_loads_slothy_start.split.169_188:Setting timeout of 14400 seconds...
INFO:gt864-forward-full-register-schedule.gt864_forward_one_bank_paired_twist_loads_slothy_start.split.169_188:Objective: minimize cycles
INFO:gt864-forward-full-register-schedule.gt864_forward_one_bank_paired_twist_loads_slothy_start.split.169_188:Invoking external constraint solver (OR-Tools CP-SAT v9.15.6755) ...
INFO:gt864-forward-full-register-schedule.gt864_forward_one_bank_paired_twist_loads_slothy_start.split.169_188:[0.0180s]: Found 1 solutions so far... objective (minimize cycles): currently  (Cycles ~ 46.0, IPC ~ 0.41), bound  (Cycles ~ 45.0, IPC ~ 0.42)
INFO:gt864-forward-full-register-schedule.gt864_forward_one_bank_paired_twist_loads_slothy_start.split.169_188:[0.0186s]: Found 2 solutions so far... objective (minimize cycles): currently  (Cycles ~ 45.0, IPC ~ 0.42), bound  (Cycles ~ 45.0, IPC ~ 0.42)
INFO:gt864-forward-full-register-schedule.gt864_forward_one_bank_paired_twist_loads_slothy_start.split.169_188:Closer than 0 stalls to theoretical optimum... stop
INFO:gt864-forward-full-register-schedule.gt864_forward_one_bank_paired_twist_loads_slothy_start.split.169_188:OPTIMAL, wall time: 0.025914 s
INFO:gt864-forward-full-register-schedule.gt864_forward_one_bank_paired_twist_loads_slothy_start.split.169_188:Booleans in result: 42
INFO:gt864-forward-full-register-schedule.gt864_forward_one_bank_paired_twist_loads_slothy_start.split.169_188.selfcheck:OK!
INFO:gt864-forward-full-register-schedule.gt864_forward_one_bank_paired_twist_loads_slothy_start.split.169_188:Minimum number of stalls: 40
INFO:gt864-forward-full-register-schedule.gt864_forward_one_bank_paired_twist_loads_slothy_start.split.188_207:Perform internal binary search for minimal number of stalls...
INFO:gt864-forward-full-register-schedule.gt864_forward_one_bank_paired_twist_loads_slothy_start.split.188_207:Attempt optimization with max 256 stalls...
INFO:gt864-forward-full-register-schedule.gt864_forward_one_bank_paired_twist_loads_slothy_start.split.188_207:Setting timeout of 14400 seconds...
INFO:gt864-forward-full-register-schedule.gt864_forward_one_bank_paired_twist_loads_slothy_start.split.188_207:Objective: minimize cycles
INFO:gt864-forward-full-register-schedule.gt864_forward_one_bank_paired_twist_loads_slothy_start.split.188_207:Invoking external constraint solver (OR-Tools CP-SAT v9.15.6755) ...
INFO:gt864-forward-full-register-schedule.gt864_forward_one_bank_paired_twist_loads_slothy_start.split.188_207:[0.0173s]: Found 1 solutions so far... objective (minimize cycles): currently  (Cycles ~ 40.0, IPC ~ 0.47), bound  (Cycles ~ 39.0, IPC ~ 0.49)
INFO:gt864-forward-full-register-schedule.gt864_forward_one_bank_paired_twist_loads_slothy_start.split.188_207:[0.0185s]: Found 2 solutions so far... objective (minimize cycles): currently  (Cycles ~ 39.0, IPC ~ 0.49), bound  (Cycles ~ 39.0, IPC ~ 0.49)
INFO:gt864-forward-full-register-schedule.gt864_forward_one_bank_paired_twist_loads_slothy_start.split.188_207:Closer than 0 stalls to theoretical optimum... stop
INFO:gt864-forward-full-register-schedule.gt864_forward_one_bank_paired_twist_loads_slothy_start.split.188_207:OPTIMAL, wall time: 0.026667 s
INFO:gt864-forward-full-register-schedule.gt864_forward_one_bank_paired_twist_loads_slothy_start.split.188_207:Booleans in result: 65
INFO:gt864-forward-full-register-schedule.gt864_forward_one_bank_paired_twist_loads_slothy_start.split.188_207.selfcheck:OK!
INFO:gt864-forward-full-register-schedule.gt864_forward_one_bank_paired_twist_loads_slothy_start.split.188_207:Minimum number of stalls: 34
INFO:gt864-forward-full-register-schedule.gt864_forward_one_bank_paired_twist_loads_slothy_start.split.207_225:Perform internal binary search for minimal number of stalls...
INFO:gt864-forward-full-register-schedule.gt864_forward_one_bank_paired_twist_loads_slothy_start.split.207_225:Attempt optimization with max 256 stalls...
INFO:gt864-forward-full-register-schedule.gt864_forward_one_bank_paired_twist_loads_slothy_start.split.207_225:Setting timeout of 14400 seconds...
INFO:gt864-forward-full-register-schedule.gt864_forward_one_bank_paired_twist_loads_slothy_start.split.207_225:Objective: minimize cycles
INFO:gt864-forward-full-register-schedule.gt864_forward_one_bank_paired_twist_loads_slothy_start.split.207_225:Invoking external constraint solver (OR-Tools CP-SAT v9.15.6755) ...
INFO:gt864-forward-full-register-schedule.gt864_forward_one_bank_paired_twist_loads_slothy_start.split.207_225:[0.0159s]: Found 1 solutions so far... objective (minimize cycles): currently  (Cycles ~ 38.0, IPC ~ 0.47), bound  (Cycles ~ 38.0, IPC ~ 0.47)
INFO:gt864-forward-full-register-schedule.gt864_forward_one_bank_paired_twist_loads_slothy_start.split.207_225:Closer than 0 stalls to theoretical optimum... stop
INFO:gt864-forward-full-register-schedule.gt864_forward_one_bank_paired_twist_loads_slothy_start.split.207_225:OPTIMAL, wall time: 0.024368 s
INFO:gt864-forward-full-register-schedule.gt864_forward_one_bank_paired_twist_loads_slothy_start.split.207_225:Booleans in result: 22
INFO:gt864-forward-full-register-schedule.gt864_forward_one_bank_paired_twist_loads_slothy_start.split.207_225.selfcheck:OK!
INFO:gt864-forward-full-register-schedule.gt864_forward_one_bank_paired_twist_loads_slothy_start.split.207_225:Minimum number of stalls: 33
INFO:gt864-forward-full-register-schedule.gt864_forward_one_bank_paired_twist_loads_slothy_start.split.225_244:Perform internal binary search for minimal number of stalls...
INFO:gt864-forward-full-register-schedule.gt864_forward_one_bank_paired_twist_loads_slothy_start.split.225_244:Attempt optimization with max 256 stalls...
INFO:gt864-forward-full-register-schedule.gt864_forward_one_bank_paired_twist_loads_slothy_start.split.225_244:Setting timeout of 14400 seconds...
INFO:gt864-forward-full-register-schedule.gt864_forward_one_bank_paired_twist_loads_slothy_start.split.225_244:Objective: minimize cycles
INFO:gt864-forward-full-register-schedule.gt864_forward_one_bank_paired_twist_loads_slothy_start.split.225_244:Invoking external constraint solver (OR-Tools CP-SAT v9.15.6755) ...
INFO:gt864-forward-full-register-schedule.gt864_forward_one_bank_paired_twist_loads_slothy_start.split.225_244:[0.0163s]: Found 1 solutions so far... objective (minimize cycles): currently  (Cycles ~ 44.0, IPC ~ 0.43), bound  (Cycles ~ 44.0, IPC ~ 0.43)
INFO:gt864-forward-full-register-schedule.gt864_forward_one_bank_paired_twist_loads_slothy_start.split.225_244:Closer than 0 stalls to theoretical optimum... stop
INFO:gt864-forward-full-register-schedule.gt864_forward_one_bank_paired_twist_loads_slothy_start.split.225_244:OPTIMAL, wall time: 0.026562 s
INFO:gt864-forward-full-register-schedule.gt864_forward_one_bank_paired_twist_loads_slothy_start.split.225_244:Booleans in result: 41
INFO:gt864-forward-full-register-schedule.gt864_forward_one_bank_paired_twist_loads_slothy_start.split.225_244.selfcheck:OK!
INFO:gt864-forward-full-register-schedule.gt864_forward_one_bank_paired_twist_loads_slothy_start.split.225_244:Minimum number of stalls: 39
INFO:gt864-forward-full-register-schedule.gt864_forward_one_bank_paired_twist_loads_slothy_start.split.244_263:Perform internal binary search for minimal number of stalls...
INFO:gt864-forward-full-register-schedule.gt864_forward_one_bank_paired_twist_loads_slothy_start.split.244_263:Attempt optimization with max 256 stalls...
INFO:gt864-forward-full-register-schedule.gt864_forward_one_bank_paired_twist_loads_slothy_start.split.244_263:Setting timeout of 14400 seconds...
INFO:gt864-forward-full-register-schedule.gt864_forward_one_bank_paired_twist_loads_slothy_start.split.244_263:Objective: minimize cycles
INFO:gt864-forward-full-register-schedule.gt864_forward_one_bank_paired_twist_loads_slothy_start.split.244_263:Invoking external constraint solver (OR-Tools CP-SAT v9.15.6755) ...
INFO:gt864-forward-full-register-schedule.gt864_forward_one_bank_paired_twist_loads_slothy_start.split.244_263:[0.0174s]: Found 1 solutions so far... objective (minimize cycles): currently  (Cycles ~ 40.0, IPC ~ 0.47), bound  (Cycles ~ 38.0, IPC ~ 0.50)
INFO:gt864-forward-full-register-schedule.gt864_forward_one_bank_paired_twist_loads_slothy_start.split.244_263:OPTIMAL, wall time: 0.028813 s
INFO:gt864-forward-full-register-schedule.gt864_forward_one_bank_paired_twist_loads_slothy_start.split.244_263:Booleans in result: 40
INFO:gt864-forward-full-register-schedule.gt864_forward_one_bank_paired_twist_loads_slothy_start.split.244_263.selfcheck:OK!
INFO:gt864-forward-full-register-schedule.gt864_forward_one_bank_paired_twist_loads_slothy_start.split.244_263:Minimum number of stalls: 35
INFO:gt864-forward-full-register-schedule.gt864_forward_one_bank_paired_twist_loads_slothy_start.split.263_282:Perform internal binary search for minimal number of stalls...
INFO:gt864-forward-full-register-schedule.gt864_forward_one_bank_paired_twist_loads_slothy_start.split.263_282:Attempt optimization with max 256 stalls...
INFO:gt864-forward-full-register-schedule.gt864_forward_one_bank_paired_twist_loads_slothy_start.split.263_282:Setting timeout of 14400 seconds...
INFO:gt864-forward-full-register-schedule.gt864_forward_one_bank_paired_twist_loads_slothy_start.split.263_282:Objective: minimize cycles
INFO:gt864-forward-full-register-schedule.gt864_forward_one_bank_paired_twist_loads_slothy_start.split.263_282:Invoking external constraint solver (OR-Tools CP-SAT v9.15.6755) ...
INFO:gt864-forward-full-register-schedule.gt864_forward_one_bank_paired_twist_loads_slothy_start.split.263_282:[0.0166s]: Found 1 solutions so far... objective (minimize cycles): currently  (Cycles ~ 44.0, IPC ~ 0.43), bound  (Cycles ~ 43.0, IPC ~ 0.44)
INFO:gt864-forward-full-register-schedule.gt864_forward_one_bank_paired_twist_loads_slothy_start.split.263_282:[0.0170s]: Found 2 solutions so far... objective (minimize cycles): currently  (Cycles ~ 43.0, IPC ~ 0.44), bound  (Cycles ~ 43.0, IPC ~ 0.44)
INFO:gt864-forward-full-register-schedule.gt864_forward_one_bank_paired_twist_loads_slothy_start.split.263_282:Closer than 0 stalls to theoretical optimum... stop
INFO:gt864-forward-full-register-schedule.gt864_forward_one_bank_paired_twist_loads_slothy_start.split.263_282:OPTIMAL, wall time: 0.025386 s
INFO:gt864-forward-full-register-schedule.gt864_forward_one_bank_paired_twist_loads_slothy_start.split.263_282:Booleans in result: 38
INFO:gt864-forward-full-register-schedule.gt864_forward_one_bank_paired_twist_loads_slothy_start.split.263_282.selfcheck:OK!
INFO:gt864-forward-full-register-schedule.gt864_forward_one_bank_paired_twist_loads_slothy_start.split.263_282:Minimum number of stalls: 38
INFO:gt864-forward-full-register-schedule.gt864_forward_one_bank_paired_twist_loads_slothy_start.split.282_300:Perform internal binary search for minimal number of stalls...
INFO:gt864-forward-full-register-schedule.gt864_forward_one_bank_paired_twist_loads_slothy_start.split.282_300:Attempt optimization with max 256 stalls...
INFO:gt864-forward-full-register-schedule.gt864_forward_one_bank_paired_twist_loads_slothy_start.split.282_300:Setting timeout of 14400 seconds...
INFO:gt864-forward-full-register-schedule.gt864_forward_one_bank_paired_twist_loads_slothy_start.split.282_300:Objective: minimize cycles
INFO:gt864-forward-full-register-schedule.gt864_forward_one_bank_paired_twist_loads_slothy_start.split.282_300:Invoking external constraint solver (OR-Tools CP-SAT v9.15.6755) ...
INFO:gt864-forward-full-register-schedule.gt864_forward_one_bank_paired_twist_loads_slothy_start.split.282_300:[0.0158s]: Found 1 solutions so far... objective (minimize cycles): currently  (Cycles ~ 42.0, IPC ~ 0.43), bound  (Cycles ~ 35.0, IPC ~ 0.51)
INFO:gt864-forward-full-register-schedule.gt864_forward_one_bank_paired_twist_loads_slothy_start.split.282_300:[0.0168s]: Found 2 solutions so far... objective (minimize cycles): currently  (Cycles ~ 37.0, IPC ~ 0.49), bound  (Cycles ~ 35.0, IPC ~ 0.51)
INFO:gt864-forward-full-register-schedule.gt864_forward_one_bank_paired_twist_loads_slothy_start.split.282_300:[0.0177s]: Found 3 solutions so far... objective (minimize cycles): currently  (Cycles ~ 36.0, IPC ~ 0.50), bound  (Cycles ~ 35.0, IPC ~ 0.51)
INFO:gt864-forward-full-register-schedule.gt864_forward_one_bank_paired_twist_loads_slothy_start.split.282_300:[0.0197s]: Found 4 solutions so far... objective (minimize cycles): currently  (Cycles ~ 35.0, IPC ~ 0.51), bound  (Cycles ~ 35.0, IPC ~ 0.51)
INFO:gt864-forward-full-register-schedule.gt864_forward_one_bank_paired_twist_loads_slothy_start.split.282_300:Closer than 0 stalls to theoretical optimum... stop
INFO:gt864-forward-full-register-schedule.gt864_forward_one_bank_paired_twist_loads_slothy_start.split.282_300:OPTIMAL, wall time: 0.024409 s
INFO:gt864-forward-full-register-schedule.gt864_forward_one_bank_paired_twist_loads_slothy_start.split.282_300:Booleans in result: 43
INFO:gt864-forward-full-register-schedule.gt864_forward_one_bank_paired_twist_loads_slothy_start.split.282_300.selfcheck:OK!
INFO:gt864-forward-full-register-schedule.gt864_forward_one_bank_paired_twist_loads_slothy_start.split.282_300:Minimum number of stalls: 30
INFO:gt864-forward-full-register-schedule.gt864_forward_one_bank_paired_twist_loads_slothy_start.split.300_319:Perform internal binary search for minimal number of stalls...
INFO:gt864-forward-full-register-schedule.gt864_forward_one_bank_paired_twist_loads_slothy_start.split.300_319:Attempt optimization with max 256 stalls...
INFO:gt864-forward-full-register-schedule.gt864_forward_one_bank_paired_twist_loads_slothy_start.split.300_319:Setting timeout of 14400 seconds...
INFO:gt864-forward-full-register-schedule.gt864_forward_one_bank_paired_twist_loads_slothy_start.split.300_319:Objective: minimize cycles
INFO:gt864-forward-full-register-schedule.gt864_forward_one_bank_paired_twist_loads_slothy_start.split.300_319:Invoking external constraint solver (OR-Tools CP-SAT v9.15.6755) ...
INFO:gt864-forward-full-register-schedule.gt864_forward_one_bank_paired_twist_loads_slothy_start.split.300_319:[0.0221s]: Found 1 solutions so far... objective (minimize cycles): currently  (Cycles ~ 10.0, IPC ~ 1.90), bound  (Cycles ~ 10.0, IPC ~ 1.90)
INFO:gt864-forward-full-register-schedule.gt864_forward_one_bank_paired_twist_loads_slothy_start.split.300_319:Closer than 0 stalls to theoretical optimum... stop
INFO:gt864-forward-full-register-schedule.gt864_forward_one_bank_paired_twist_loads_slothy_start.split.300_319:OPTIMAL, wall time: 0.029369 s
INFO:gt864-forward-full-register-schedule.gt864_forward_one_bank_paired_twist_loads_slothy_start.split.300_319:Booleans in result: 57
INFO:gt864-forward-full-register-schedule.gt864_forward_one_bank_paired_twist_loads_slothy_start.split.300_319.selfcheck:OK!
INFO:gt864-forward-full-register-schedule.gt864_forward_one_bank_paired_twist_loads_slothy_start.split.300_319:Minimum number of stalls: 5
INFO:gt864-forward-full-register-schedule.gt864_forward_one_bank_paired_twist_loads_slothy_start.split.319_338:Perform internal binary search for minimal number of stalls...
INFO:gt864-forward-full-register-schedule.gt864_forward_one_bank_paired_twist_loads_slothy_start.split.319_338:Attempt optimization with max 256 stalls...
INFO:gt864-forward-full-register-schedule.gt864_forward_one_bank_paired_twist_loads_slothy_start.split.319_338:Setting timeout of 14400 seconds...
INFO:gt864-forward-full-register-schedule.gt864_forward_one_bank_paired_twist_loads_slothy_start.split.319_338:Objective: minimize cycles
INFO:gt864-forward-full-register-schedule.gt864_forward_one_bank_paired_twist_loads_slothy_start.split.319_338:Invoking external constraint solver (OR-Tools CP-SAT v9.15.6755) ...
INFO:gt864-forward-full-register-schedule.gt864_forward_one_bank_paired_twist_loads_slothy_start.split.319_338:[0.0205s]: Found 1 solutions so far... objective (minimize cycles): currently  (Cycles ~ 19.0, IPC ~ 1.00), bound  (Cycles ~ 10.0, IPC ~ 1.90)
INFO:gt864-forward-full-register-schedule.gt864_forward_one_bank_paired_twist_loads_slothy_start.split.319_338:[0.0219s]: Found 2 solutions so far... objective (minimize cycles): currently  (Cycles ~ 10.0, IPC ~ 1.90), bound  (Cycles ~ 10.0, IPC ~ 1.90)
INFO:gt864-forward-full-register-schedule.gt864_forward_one_bank_paired_twist_loads_slothy_start.split.319_338:Closer than 0 stalls to theoretical optimum... stop
INFO:gt864-forward-full-register-schedule.gt864_forward_one_bank_paired_twist_loads_slothy_start.split.319_338:OPTIMAL, wall time: 0.033222 s
INFO:gt864-forward-full-register-schedule.gt864_forward_one_bank_paired_twist_loads_slothy_start.split.319_338:Booleans in result: 54
INFO:gt864-forward-full-register-schedule.gt864_forward_one_bank_paired_twist_loads_slothy_start.split.319_338.selfcheck:OK!
INFO:gt864-forward-full-register-schedule.gt864_forward_one_bank_paired_twist_loads_slothy_start.split.319_338:Minimum number of stalls: 5
INFO:gt864-forward-full-register-schedule.gt864_forward_one_bank_paired_twist_loads_slothy_start.split.338_357:Perform internal binary search for minimal number of stalls...
INFO:gt864-forward-full-register-schedule.gt864_forward_one_bank_paired_twist_loads_slothy_start.split.338_357:Attempt optimization with max 256 stalls...
INFO:gt864-forward-full-register-schedule.gt864_forward_one_bank_paired_twist_loads_slothy_start.split.338_357:Setting timeout of 14400 seconds...
INFO:gt864-forward-full-register-schedule.gt864_forward_one_bank_paired_twist_loads_slothy_start.split.338_357:Objective: minimize cycles
INFO:gt864-forward-full-register-schedule.gt864_forward_one_bank_paired_twist_loads_slothy_start.split.338_357:Invoking external constraint solver (OR-Tools CP-SAT v9.15.6755) ...
INFO:gt864-forward-full-register-schedule.gt864_forward_one_bank_paired_twist_loads_slothy_start.split.338_357:[0.0191s]: Found 1 solutions so far... objective (minimize cycles): currently  (Cycles ~ 31.0, IPC ~ 0.61), bound  (Cycles ~ 31.0, IPC ~ 0.61)
INFO:gt864-forward-full-register-schedule.gt864_forward_one_bank_paired_twist_loads_slothy_start.split.338_357:Closer than 0 stalls to theoretical optimum... stop
INFO:gt864-forward-full-register-schedule.gt864_forward_one_bank_paired_twist_loads_slothy_start.split.338_357:OPTIMAL, wall time: 0.024605 s
INFO:gt864-forward-full-register-schedule.gt864_forward_one_bank_paired_twist_loads_slothy_start.split.338_357:Booleans in result: 46
INFO:gt864-forward-full-register-schedule.gt864_forward_one_bank_paired_twist_loads_slothy_start.split.338_357.selfcheck:OK!
INFO:gt864-forward-full-register-schedule.gt864_forward_one_bank_paired_twist_loads_slothy_start.split.338_357:Minimum number of stalls: 26
INFO:gt864-forward-full-register-schedule.gt864_forward_one_bank_paired_twist_loads_slothy_start.split.357_376:Perform internal binary search for minimal number of stalls...
INFO:gt864-forward-full-register-schedule.gt864_forward_one_bank_paired_twist_loads_slothy_start.split.357_376:Attempt optimization with max 256 stalls...
INFO:gt864-forward-full-register-schedule.gt864_forward_one_bank_paired_twist_loads_slothy_start.split.357_376:Setting timeout of 14400 seconds...
INFO:gt864-forward-full-register-schedule.gt864_forward_one_bank_paired_twist_loads_slothy_start.split.357_376:Objective: minimize cycles
INFO:gt864-forward-full-register-schedule.gt864_forward_one_bank_paired_twist_loads_slothy_start.split.357_376:Invoking external constraint solver (OR-Tools CP-SAT v9.15.6755) ...
INFO:gt864-forward-full-register-schedule.gt864_forward_one_bank_paired_twist_loads_slothy_start.split.357_376:[0.0186s]: Found 1 solutions so far... objective (minimize cycles): currently  (Cycles ~ 43.0, IPC ~ 0.44), bound  (Cycles ~ 41.0, IPC ~ 0.46)
INFO:gt864-forward-full-register-schedule.gt864_forward_one_bank_paired_twist_loads_slothy_start.split.357_376:OPTIMAL, wall time: 0.027956 s
INFO:gt864-forward-full-register-schedule.gt864_forward_one_bank_paired_twist_loads_slothy_start.split.357_376:Booleans in result: 41
INFO:gt864-forward-full-register-schedule.gt864_forward_one_bank_paired_twist_loads_slothy_start.split.357_376.selfcheck:OK!
INFO:gt864-forward-full-register-schedule.gt864_forward_one_bank_paired_twist_loads_slothy_start.split.357_376:Minimum number of stalls: 38
INFO:gt864-forward-full-register-schedule.gt864_forward_one_bank_paired_twist_loads_slothy_start.split.376_394:Perform internal binary search for minimal number of stalls...
INFO:gt864-forward-full-register-schedule.gt864_forward_one_bank_paired_twist_loads_slothy_start.split.376_394:Attempt optimization with max 256 stalls...
INFO:gt864-forward-full-register-schedule.gt864_forward_one_bank_paired_twist_loads_slothy_start.split.376_394:Setting timeout of 14400 seconds...
INFO:gt864-forward-full-register-schedule.gt864_forward_one_bank_paired_twist_loads_slothy_start.split.376_394:Objective: minimize cycles
INFO:gt864-forward-full-register-schedule.gt864_forward_one_bank_paired_twist_loads_slothy_start.split.376_394:Invoking external constraint solver (OR-Tools CP-SAT v9.15.6755) ...
INFO:gt864-forward-full-register-schedule.gt864_forward_one_bank_paired_twist_loads_slothy_start.split.376_394:[0.0158s]: Found 1 solutions so far... objective (minimize cycles): currently  (Cycles ~ 33.0, IPC ~ 0.55), bound  (Cycles ~ 28.0, IPC ~ 0.64)
INFO:gt864-forward-full-register-schedule.gt864_forward_one_bank_paired_twist_loads_slothy_start.split.376_394:[0.0170s]: Found 2 solutions so far... objective (minimize cycles): currently  (Cycles ~ 31.0, IPC ~ 0.58), bound  (Cycles ~ 29.0, IPC ~ 0.62)
INFO:gt864-forward-full-register-schedule.gt864_forward_one_bank_paired_twist_loads_slothy_start.split.376_394:[0.0176s]: Found 3 solutions so far... objective (minimize cycles): currently  (Cycles ~ 30.0, IPC ~ 0.60), bound  (Cycles ~ 29.0, IPC ~ 0.62)
INFO:gt864-forward-full-register-schedule.gt864_forward_one_bank_paired_twist_loads_slothy_start.split.376_394:OPTIMAL, wall time: 0.025179 s
INFO:gt864-forward-full-register-schedule.gt864_forward_one_bank_paired_twist_loads_slothy_start.split.376_394:Booleans in result: 42
INFO:gt864-forward-full-register-schedule.gt864_forward_one_bank_paired_twist_loads_slothy_start.split.376_394.selfcheck:OK!
INFO:gt864-forward-full-register-schedule.gt864_forward_one_bank_paired_twist_loads_slothy_start.split.376_394:Minimum number of stalls: 25
INFO:gt864-forward-full-register-schedule.gt864_forward_one_bank_paired_twist_loads_slothy_start.split.394_413:Perform internal binary search for minimal number of stalls...
INFO:gt864-forward-full-register-schedule.gt864_forward_one_bank_paired_twist_loads_slothy_start.split.394_413:Attempt optimization with max 256 stalls...
INFO:gt864-forward-full-register-schedule.gt864_forward_one_bank_paired_twist_loads_slothy_start.split.394_413:Setting timeout of 14400 seconds...
INFO:gt864-forward-full-register-schedule.gt864_forward_one_bank_paired_twist_loads_slothy_start.split.394_413:Objective: minimize cycles
INFO:gt864-forward-full-register-schedule.gt864_forward_one_bank_paired_twist_loads_slothy_start.split.394_413:Invoking external constraint solver (OR-Tools CP-SAT v9.15.6755) ...
INFO:gt864-forward-full-register-schedule.gt864_forward_one_bank_paired_twist_loads_slothy_start.split.394_413:[0.0182s]: Found 1 solutions so far... objective (minimize cycles): currently  (Cycles ~ 38.0, IPC ~ 0.50), bound  (Cycles ~ 33.0, IPC ~ 0.58)
INFO:gt864-forward-full-register-schedule.gt864_forward_one_bank_paired_twist_loads_slothy_start.split.394_413:[0.0188s]: Found 2 solutions so far... objective (minimize cycles): currently  (Cycles ~ 37.0, IPC ~ 0.51), bound  (Cycles ~ 33.0, IPC ~ 0.58)
INFO:gt864-forward-full-register-schedule.gt864_forward_one_bank_paired_twist_loads_slothy_start.split.394_413:OPTIMAL, wall time: 0.027855 s
INFO:gt864-forward-full-register-schedule.gt864_forward_one_bank_paired_twist_loads_slothy_start.split.394_413:Booleans in result: 43
INFO:gt864-forward-full-register-schedule.gt864_forward_one_bank_paired_twist_loads_slothy_start.split.394_413.selfcheck:OK!
INFO:gt864-forward-full-register-schedule.gt864_forward_one_bank_paired_twist_loads_slothy_start.split.394_413:Minimum number of stalls: 32
INFO:gt864-forward-full-register-schedule.gt864_forward_one_bank_paired_twist_loads_slothy_start.split.413_432:Perform internal binary search for minimal number of stalls...
INFO:gt864-forward-full-register-schedule.gt864_forward_one_bank_paired_twist_loads_slothy_start.split.413_432:Attempt optimization with max 256 stalls...
INFO:gt864-forward-full-register-schedule.gt864_forward_one_bank_paired_twist_loads_slothy_start.split.413_432:Setting timeout of 14400 seconds...
INFO:gt864-forward-full-register-schedule.gt864_forward_one_bank_paired_twist_loads_slothy_start.split.413_432:Objective: minimize cycles
INFO:gt864-forward-full-register-schedule.gt864_forward_one_bank_paired_twist_loads_slothy_start.split.413_432:Invoking external constraint solver (OR-Tools CP-SAT v9.15.6755) ...
INFO:gt864-forward-full-register-schedule.gt864_forward_one_bank_paired_twist_loads_slothy_start.split.413_432:[0.0194s]: Found 1 solutions so far... objective (minimize cycles): currently  (Cycles ~ 36.0, IPC ~ 0.53), bound  (Cycles ~ 32.0, IPC ~ 0.59)
INFO:gt864-forward-full-register-schedule.gt864_forward_one_bank_paired_twist_loads_slothy_start.split.413_432:[0.0205s]: Found 2 solutions so far... objective (minimize cycles): currently  (Cycles ~ 35.0, IPC ~ 0.54), bound  (Cycles ~ 33.0, IPC ~ 0.58)
INFO:gt864-forward-full-register-schedule.gt864_forward_one_bank_paired_twist_loads_slothy_start.split.413_432:[0.0218s]: Found 3 solutions so far... objective (minimize cycles): currently  (Cycles ~ 34.0, IPC ~ 0.56), bound  (Cycles ~ 33.0, IPC ~ 0.58)
INFO:gt864-forward-full-register-schedule.gt864_forward_one_bank_paired_twist_loads_slothy_start.split.413_432:OPTIMAL, wall time: 0.033955 s
INFO:gt864-forward-full-register-schedule.gt864_forward_one_bank_paired_twist_loads_slothy_start.split.413_432:Booleans in result: 47
INFO:gt864-forward-full-register-schedule.gt864_forward_one_bank_paired_twist_loads_slothy_start.split.413_432.selfcheck:OK!
INFO:gt864-forward-full-register-schedule.gt864_forward_one_bank_paired_twist_loads_slothy_start.split.413_432:Minimum number of stalls: 29
INFO:gt864-forward-full-register-schedule.gt864_forward_one_bank_paired_twist_loads_slothy_start.split.432_451:Perform internal binary search for minimal number of stalls...
INFO:gt864-forward-full-register-schedule.gt864_forward_one_bank_paired_twist_loads_slothy_start.split.432_451:Attempt optimization with max 256 stalls...
INFO:gt864-forward-full-register-schedule.gt864_forward_one_bank_paired_twist_loads_slothy_start.split.432_451:Setting timeout of 14400 seconds...
INFO:gt864-forward-full-register-schedule.gt864_forward_one_bank_paired_twist_loads_slothy_start.split.432_451:Objective: minimize cycles
INFO:gt864-forward-full-register-schedule.gt864_forward_one_bank_paired_twist_loads_slothy_start.split.432_451:Invoking external constraint solver (OR-Tools CP-SAT v9.15.6755) ...
INFO:gt864-forward-full-register-schedule.gt864_forward_one_bank_paired_twist_loads_slothy_start.split.432_451:[0.0181s]: Found 1 solutions so far... objective (minimize cycles): currently  (Cycles ~ 39.0, IPC ~ 0.49), bound  (Cycles ~ 35.0, IPC ~ 0.54)
INFO:gt864-forward-full-register-schedule.gt864_forward_one_bank_paired_twist_loads_slothy_start.split.432_451:OPTIMAL, wall time: 0.024304 s
INFO:gt864-forward-full-register-schedule.gt864_forward_one_bank_paired_twist_loads_slothy_start.split.432_451:Booleans in result: 11
INFO:gt864-forward-full-register-schedule.gt864_forward_one_bank_paired_twist_loads_slothy_start.split.432_451.selfcheck:OK!
INFO:gt864-forward-full-register-schedule.gt864_forward_one_bank_paired_twist_loads_slothy_start.split.432_451:Minimum number of stalls: 34
INFO:gt864-forward-full-register-schedule.gt864_forward_one_bank_paired_twist_loads_slothy_start.split.451_470:Perform internal binary search for minimal number of stalls...
INFO:gt864-forward-full-register-schedule.gt864_forward_one_bank_paired_twist_loads_slothy_start.split.451_470:Attempt optimization with max 256 stalls...
INFO:gt864-forward-full-register-schedule.gt864_forward_one_bank_paired_twist_loads_slothy_start.split.451_470:Setting timeout of 14400 seconds...
INFO:gt864-forward-full-register-schedule.gt864_forward_one_bank_paired_twist_loads_slothy_start.split.451_470:Objective: minimize cycles
INFO:gt864-forward-full-register-schedule.gt864_forward_one_bank_paired_twist_loads_slothy_start.split.451_470:Invoking external constraint solver (OR-Tools CP-SAT v9.15.6755) ...
INFO:gt864-forward-full-register-schedule.gt864_forward_one_bank_paired_twist_loads_slothy_start.split.451_470:[0.0191s]: Found 1 solutions so far... objective (minimize cycles): currently  (Cycles ~ 44.0, IPC ~ 0.43), bound  (Cycles ~ 35.0, IPC ~ 0.54)
INFO:gt864-forward-full-register-schedule.gt864_forward_one_bank_paired_twist_loads_slothy_start.split.451_470:[0.0195s]: Found 2 solutions so far... objective (minimize cycles): currently  (Cycles ~ 39.0, IPC ~ 0.49), bound  (Cycles ~ 35.0, IPC ~ 0.54)
INFO:gt864-forward-full-register-schedule.gt864_forward_one_bank_paired_twist_loads_slothy_start.split.451_470:OPTIMAL, wall time: 0.029249 s
INFO:gt864-forward-full-register-schedule.gt864_forward_one_bank_paired_twist_loads_slothy_start.split.451_470:Booleans in result: 41
INFO:gt864-forward-full-register-schedule.gt864_forward_one_bank_paired_twist_loads_slothy_start.split.451_470.selfcheck:OK!
INFO:gt864-forward-full-register-schedule.gt864_forward_one_bank_paired_twist_loads_slothy_start.split.451_470:Minimum number of stalls: 34
INFO:gt864-forward-full-register-schedule.gt864_forward_one_bank_paired_twist_loads_slothy_start.split.470_488:Perform internal binary search for minimal number of stalls...
INFO:gt864-forward-full-register-schedule.gt864_forward_one_bank_paired_twist_loads_slothy_start.split.470_488:Attempt optimization with max 256 stalls...
INFO:gt864-forward-full-register-schedule.gt864_forward_one_bank_paired_twist_loads_slothy_start.split.470_488:Setting timeout of 14400 seconds...
INFO:gt864-forward-full-register-schedule.gt864_forward_one_bank_paired_twist_loads_slothy_start.split.470_488:Objective: minimize cycles
INFO:gt864-forward-full-register-schedule.gt864_forward_one_bank_paired_twist_loads_slothy_start.split.470_488:Invoking external constraint solver (OR-Tools CP-SAT v9.15.6755) ...
INFO:gt864-forward-full-register-schedule.gt864_forward_one_bank_paired_twist_loads_slothy_start.split.470_488:[0.0180s]: Found 1 solutions so far... objective (minimize cycles): currently  (Cycles ~ 38.0, IPC ~ 0.47), bound  (Cycles ~ 36.0, IPC ~ 0.50)
INFO:gt864-forward-full-register-schedule.gt864_forward_one_bank_paired_twist_loads_slothy_start.split.470_488:OPTIMAL, wall time: 0.026642 s
INFO:gt864-forward-full-register-schedule.gt864_forward_one_bank_paired_twist_loads_slothy_start.split.470_488:Booleans in result: 42
INFO:gt864-forward-full-register-schedule.gt864_forward_one_bank_paired_twist_loads_slothy_start.split.470_488.selfcheck:OK!
INFO:gt864-forward-full-register-schedule.gt864_forward_one_bank_paired_twist_loads_slothy_start.split.470_488:Minimum number of stalls: 33
INFO:gt864-forward-full-register-schedule.gt864_forward_one_bank_paired_twist_loads_slothy_start.split.488_507:Perform internal binary search for minimal number of stalls...
INFO:gt864-forward-full-register-schedule.gt864_forward_one_bank_paired_twist_loads_slothy_start.split.488_507:Attempt optimization with max 256 stalls...
INFO:gt864-forward-full-register-schedule.gt864_forward_one_bank_paired_twist_loads_slothy_start.split.488_507:Setting timeout of 14400 seconds...
INFO:gt864-forward-full-register-schedule.gt864_forward_one_bank_paired_twist_loads_slothy_start.split.488_507:Objective: minimize cycles
INFO:gt864-forward-full-register-schedule.gt864_forward_one_bank_paired_twist_loads_slothy_start.split.488_507:Invoking external constraint solver (OR-Tools CP-SAT v9.15.6755) ...
INFO:gt864-forward-full-register-schedule.gt864_forward_one_bank_paired_twist_loads_slothy_start.split.488_507:[0.0173s]: Found 1 solutions so far... objective (minimize cycles): currently  (Cycles ~ 39.0, IPC ~ 0.49), bound  (Cycles ~ 39.0, IPC ~ 0.49)
INFO:gt864-forward-full-register-schedule.gt864_forward_one_bank_paired_twist_loads_slothy_start.split.488_507:Closer than 0 stalls to theoretical optimum... stop
INFO:gt864-forward-full-register-schedule.gt864_forward_one_bank_paired_twist_loads_slothy_start.split.488_507:OPTIMAL, wall time: 0.022280 s
INFO:gt864-forward-full-register-schedule.gt864_forward_one_bank_paired_twist_loads_slothy_start.split.488_507:Booleans in result: 45
INFO:gt864-forward-full-register-schedule.gt864_forward_one_bank_paired_twist_loads_slothy_start.split.488_507.selfcheck:OK!
INFO:gt864-forward-full-register-schedule.gt864_forward_one_bank_paired_twist_loads_slothy_start.split.488_507:Minimum number of stalls: 34
INFO:gt864-forward-full-register-schedule.gt864_forward_one_bank_paired_twist_loads_slothy_start.split.507_526:Perform internal binary search for minimal number of stalls...
INFO:gt864-forward-full-register-schedule.gt864_forward_one_bank_paired_twist_loads_slothy_start.split.507_526:Attempt optimization with max 256 stalls...
INFO:gt864-forward-full-register-schedule.gt864_forward_one_bank_paired_twist_loads_slothy_start.split.507_526:Setting timeout of 14400 seconds...
INFO:gt864-forward-full-register-schedule.gt864_forward_one_bank_paired_twist_loads_slothy_start.split.507_526:Objective: minimize cycles
INFO:gt864-forward-full-register-schedule.gt864_forward_one_bank_paired_twist_loads_slothy_start.split.507_526:Invoking external constraint solver (OR-Tools CP-SAT v9.15.6755) ...
INFO:gt864-forward-full-register-schedule.gt864_forward_one_bank_paired_twist_loads_slothy_start.split.507_526:[0.0174s]: Found 1 solutions so far... objective (minimize cycles): currently  (Cycles ~ 38.0, IPC ~ 0.50), bound  (Cycles ~ 32.0, IPC ~ 0.59)
INFO:gt864-forward-full-register-schedule.gt864_forward_one_bank_paired_twist_loads_slothy_start.split.507_526:[0.0178s]: Found 2 solutions so far... objective (minimize cycles): currently  (Cycles ~ 37.0, IPC ~ 0.51), bound  (Cycles ~ 32.0, IPC ~ 0.59)
INFO:gt864-forward-full-register-schedule.gt864_forward_one_bank_paired_twist_loads_slothy_start.split.507_526:OPTIMAL, wall time: 0.028588 s
INFO:gt864-forward-full-register-schedule.gt864_forward_one_bank_paired_twist_loads_slothy_start.split.507_526:Booleans in result: 45
INFO:gt864-forward-full-register-schedule.gt864_forward_one_bank_paired_twist_loads_slothy_start.split.507_526.selfcheck:OK!
INFO:gt864-forward-full-register-schedule.gt864_forward_one_bank_paired_twist_loads_slothy_start.split.507_526:Minimum number of stalls: 32
INFO:gt864-forward-full-register-schedule.gt864_forward_one_bank_paired_twist_loads_slothy_start.split.526_545:Perform internal binary search for minimal number of stalls...
INFO:gt864-forward-full-register-schedule.gt864_forward_one_bank_paired_twist_loads_slothy_start.split.526_545:Attempt optimization with max 256 stalls...
INFO:gt864-forward-full-register-schedule.gt864_forward_one_bank_paired_twist_loads_slothy_start.split.526_545:Setting timeout of 14400 seconds...
INFO:gt864-forward-full-register-schedule.gt864_forward_one_bank_paired_twist_loads_slothy_start.split.526_545:Objective: minimize cycles
INFO:gt864-forward-full-register-schedule.gt864_forward_one_bank_paired_twist_loads_slothy_start.split.526_545:Invoking external constraint solver (OR-Tools CP-SAT v9.15.6755) ...
INFO:gt864-forward-full-register-schedule.gt864_forward_one_bank_paired_twist_loads_slothy_start.split.526_545:[0.0193s]: Found 1 solutions so far... objective (minimize cycles): currently  (Cycles ~ 39.0, IPC ~ 0.49), bound  (Cycles ~ 35.0, IPC ~ 0.54)
INFO:gt864-forward-full-register-schedule.gt864_forward_one_bank_paired_twist_loads_slothy_start.split.526_545:[0.0197s]: Found 2 solutions so far... objective (minimize cycles): currently  (Cycles ~ 37.0, IPC ~ 0.51), bound  (Cycles ~ 35.0, IPC ~ 0.54)
INFO:gt864-forward-full-register-schedule.gt864_forward_one_bank_paired_twist_loads_slothy_start.split.526_545:OPTIMAL, wall time: 0.029817 s
INFO:gt864-forward-full-register-schedule.gt864_forward_one_bank_paired_twist_loads_slothy_start.split.526_545:Booleans in result: 46
INFO:gt864-forward-full-register-schedule.gt864_forward_one_bank_paired_twist_loads_slothy_start.split.526_545.selfcheck:OK!
INFO:gt864-forward-full-register-schedule.gt864_forward_one_bank_paired_twist_loads_slothy_start.split.526_545:Minimum number of stalls: 32
INFO:gt864-forward-full-register-schedule.gt864_forward_one_bank_paired_twist_loads_slothy_start.split.545_563:Perform internal binary search for minimal number of stalls...
INFO:gt864-forward-full-register-schedule.gt864_forward_one_bank_paired_twist_loads_slothy_start.split.545_563:Attempt optimization with max 256 stalls...
INFO:gt864-forward-full-register-schedule.gt864_forward_one_bank_paired_twist_loads_slothy_start.split.545_563:Setting timeout of 14400 seconds...
INFO:gt864-forward-full-register-schedule.gt864_forward_one_bank_paired_twist_loads_slothy_start.split.545_563:Objective: minimize cycles
INFO:gt864-forward-full-register-schedule.gt864_forward_one_bank_paired_twist_loads_slothy_start.split.545_563:Invoking external constraint solver (OR-Tools CP-SAT v9.15.6755) ...
INFO:gt864-forward-full-register-schedule.gt864_forward_one_bank_paired_twist_loads_slothy_start.split.545_563:[0.0179s]: Found 1 solutions so far... objective (minimize cycles): currently  (Cycles ~ 32.0, IPC ~ 0.56), bound  (Cycles ~ 29.0, IPC ~ 0.62)
INFO:gt864-forward-full-register-schedule.gt864_forward_one_bank_paired_twist_loads_slothy_start.split.545_563:OPTIMAL, wall time: 0.029991 s
INFO:gt864-forward-full-register-schedule.gt864_forward_one_bank_paired_twist_loads_slothy_start.split.545_563:Booleans in result: 47
INFO:gt864-forward-full-register-schedule.gt864_forward_one_bank_paired_twist_loads_slothy_start.split.545_563.selfcheck:OK!
INFO:gt864-forward-full-register-schedule.gt864_forward_one_bank_paired_twist_loads_slothy_start.split.545_563:Minimum number of stalls: 27
INFO:gt864-forward-full-register-schedule.gt864_forward_one_bank_paired_twist_loads_slothy_start.split.563_582:Perform internal binary search for minimal number of stalls...
INFO:gt864-forward-full-register-schedule.gt864_forward_one_bank_paired_twist_loads_slothy_start.split.563_582:Attempt optimization with max 256 stalls...
INFO:gt864-forward-full-register-schedule.gt864_forward_one_bank_paired_twist_loads_slothy_start.split.563_582:Setting timeout of 14400 seconds...
INFO:gt864-forward-full-register-schedule.gt864_forward_one_bank_paired_twist_loads_slothy_start.split.563_582:Objective: minimize cycles
INFO:gt864-forward-full-register-schedule.gt864_forward_one_bank_paired_twist_loads_slothy_start.split.563_582:Invoking external constraint solver (OR-Tools CP-SAT v9.15.6755) ...
INFO:gt864-forward-full-register-schedule.gt864_forward_one_bank_paired_twist_loads_slothy_start.split.563_582:[0.0181s]: Found 1 solutions so far... objective (minimize cycles): currently  (Cycles ~ 39.0, IPC ~ 0.49), bound  (Cycles ~ 34.0, IPC ~ 0.56)
INFO:gt864-forward-full-register-schedule.gt864_forward_one_bank_paired_twist_loads_slothy_start.split.563_582:[0.0186s]: Found 2 solutions so far... objective (minimize cycles): currently  (Cycles ~ 38.0, IPC ~ 0.50), bound  (Cycles ~ 34.0, IPC ~ 0.56)
INFO:gt864-forward-full-register-schedule.gt864_forward_one_bank_paired_twist_loads_slothy_start.split.563_582:OPTIMAL, wall time: 0.031746 s
INFO:gt864-forward-full-register-schedule.gt864_forward_one_bank_paired_twist_loads_slothy_start.split.563_582:Booleans in result: 43
INFO:gt864-forward-full-register-schedule.gt864_forward_one_bank_paired_twist_loads_slothy_start.split.563_582.selfcheck:OK!
INFO:gt864-forward-full-register-schedule.gt864_forward_one_bank_paired_twist_loads_slothy_start.split.563_582:Minimum number of stalls: 33
INFO:gt864-forward-full-register-schedule.gt864_forward_one_bank_paired_twist_loads_slothy_start.split.582_601:Perform internal binary search for minimal number of stalls...
INFO:gt864-forward-full-register-schedule.gt864_forward_one_bank_paired_twist_loads_slothy_start.split.582_601:Attempt optimization with max 256 stalls...
INFO:gt864-forward-full-register-schedule.gt864_forward_one_bank_paired_twist_loads_slothy_start.split.582_601:Setting timeout of 14400 seconds...
INFO:gt864-forward-full-register-schedule.gt864_forward_one_bank_paired_twist_loads_slothy_start.split.582_601:Objective: minimize cycles
INFO:gt864-forward-full-register-schedule.gt864_forward_one_bank_paired_twist_loads_slothy_start.split.582_601:Invoking external constraint solver (OR-Tools CP-SAT v9.15.6755) ...
INFO:gt864-forward-full-register-schedule.gt864_forward_one_bank_paired_twist_loads_slothy_start.split.582_601:[0.0189s]: Found 1 solutions so far... objective (minimize cycles): currently  (Cycles ~ 40.0, IPC ~ 0.47), bound  (Cycles ~ 36.0, IPC ~ 0.53)
INFO:gt864-forward-full-register-schedule.gt864_forward_one_bank_paired_twist_loads_slothy_start.split.582_601:OPTIMAL, wall time: 0.030727 s
INFO:gt864-forward-full-register-schedule.gt864_forward_one_bank_paired_twist_loads_slothy_start.split.582_601:Booleans in result: 41
INFO:gt864-forward-full-register-schedule.gt864_forward_one_bank_paired_twist_loads_slothy_start.split.582_601.selfcheck:OK!
INFO:gt864-forward-full-register-schedule.gt864_forward_one_bank_paired_twist_loads_slothy_start.split.582_601:Minimum number of stalls: 35
INFO:gt864-forward-full-register-schedule.gt864_forward_one_bank_paired_twist_loads_slothy_start.split:Initial stalls
INFO:gt864-forward-full-register-schedule.gt864_forward_one_bank_paired_twist_loads_slothy_start.split:[  0- 12]: ************.... (12)
INFO:gt864-forward-full-register-schedule.gt864_forward_one_bank_paired_twist_loads_slothy_start.split:[ 12- 24]: **************.. (14)
INFO:gt864-forward-full-register-schedule.gt864_forward_one_bank_paired_twist_loads_slothy_start.split:[ 24- 36]: *************... (13)
INFO:gt864-forward-full-register-schedule.gt864_forward_one_bank_paired_twist_loads_slothy_start.split:[ 36- 48]: ************.... (12)
INFO:gt864-forward-full-register-schedule.gt864_forward_one_bank_paired_twist_loads_slothy_start.split:[ 48- 60]: ************.... (12)
INFO:gt864-forward-full-register-schedule.gt864_forward_one_bank_paired_twist_loads_slothy_start.split:[ 60- 72]: ************.... (12)
INFO:gt864-forward-full-register-schedule.gt864_forward_one_bank_paired_twist_loads_slothy_start.split:[ 72- 84]: *************... (13)
INFO:gt864-forward-full-register-schedule.gt864_forward_one_bank_paired_twist_loads_slothy_start.split:[ 84- 96]: **************.. (14)
INFO:gt864-forward-full-register-schedule.gt864_forward_one_bank_paired_twist_loads_slothy_start.split:[ 96-108]: **************.. (14)
INFO:gt864-forward-full-register-schedule.gt864_forward_one_bank_paired_twist_loads_slothy_start.split:[108-120]: *************... (13)
INFO:gt864-forward-full-register-schedule.gt864_forward_one_bank_paired_twist_loads_slothy_start.split:[120-132]: *************... (13)
INFO:gt864-forward-full-register-schedule.gt864_forward_one_bank_paired_twist_loads_slothy_start.split:[132-144]: **************.. (14)
INFO:gt864-forward-full-register-schedule.gt864_forward_one_bank_paired_twist_loads_slothy_start.split:[144-156]: **************.. (14)
INFO:gt864-forward-full-register-schedule.gt864_forward_one_bank_paired_twist_loads_slothy_start.split:[156-168]: **************.. (14)
INFO:gt864-forward-full-register-schedule.gt864_forward_one_bank_paired_twist_loads_slothy_start.split:[168-180]: **************.. (14)
INFO:gt864-forward-full-register-schedule.gt864_forward_one_bank_paired_twist_loads_slothy_start.split:[180-192]: **************.. (14)
INFO:gt864-forward-full-register-schedule.gt864_forward_one_bank_paired_twist_loads_slothy_start.split:[192-204]: **************.. (14)
INFO:gt864-forward-full-register-schedule.gt864_forward_one_bank_paired_twist_loads_slothy_start.split:[204-216]: **************.. (14)
INFO:gt864-forward-full-register-schedule.gt864_forward_one_bank_paired_twist_loads_slothy_start.split:[216-228]: **************.. (14)
INFO:gt864-forward-full-register-schedule.gt864_forward_one_bank_paired_twist_loads_slothy_start.split:[228-240]: **************.. (14)
INFO:gt864-forward-full-register-schedule.gt864_forward_one_bank_paired_twist_loads_slothy_start.split:[240-252]: **************.. (14)
INFO:gt864-forward-full-register-schedule.gt864_forward_one_bank_paired_twist_loads_slothy_start.split:[252-264]: **************.. (14)
INFO:gt864-forward-full-register-schedule.gt864_forward_one_bank_paired_twist_loads_slothy_start.split:[264-276]: **************.. (14)
INFO:gt864-forward-full-register-schedule.gt864_forward_one_bank_paired_twist_loads_slothy_start.split:[276-288]: **************.. (14)
INFO:gt864-forward-full-register-schedule.gt864_forward_one_bank_paired_twist_loads_slothy_start.split:[288-300]: ************.... (12)
INFO:gt864-forward-full-register-schedule.gt864_forward_one_bank_paired_twist_loads_slothy_start.split:[300-312]: *********....... (9)
INFO:gt864-forward-full-register-schedule.gt864_forward_one_bank_paired_twist_loads_slothy_start.split:[312-324]: *********....... (9)
INFO:gt864-forward-full-register-schedule.gt864_forward_one_bank_paired_twist_loads_slothy_start.split:[324-336]: *********....... (9)
INFO:gt864-forward-full-register-schedule.gt864_forward_one_bank_paired_twist_loads_slothy_start.split:[336-348]: **********...... (10)
INFO:gt864-forward-full-register-schedule.gt864_forward_one_bank_paired_twist_loads_slothy_start.split:[348-360]: **************.. (14)
INFO:gt864-forward-full-register-schedule.gt864_forward_one_bank_paired_twist_loads_slothy_start.split:[360-372]: *************... (13)
INFO:gt864-forward-full-register-schedule.gt864_forward_one_bank_paired_twist_loads_slothy_start.split:[372-384]: *************... (13)
INFO:gt864-forward-full-register-schedule.gt864_forward_one_bank_paired_twist_loads_slothy_start.split:[384-396]: **************.. (14)
INFO:gt864-forward-full-register-schedule.gt864_forward_one_bank_paired_twist_loads_slothy_start.split:[396-408]: **************.. (14)
INFO:gt864-forward-full-register-schedule.gt864_forward_one_bank_paired_twist_loads_slothy_start.split:[408-420]: **************.. (14)
INFO:gt864-forward-full-register-schedule.gt864_forward_one_bank_paired_twist_loads_slothy_start.split:[420-432]: **************.. (14)
INFO:gt864-forward-full-register-schedule.gt864_forward_one_bank_paired_twist_loads_slothy_start.split:[432-444]: **************.. (14)
INFO:gt864-forward-full-register-schedule.gt864_forward_one_bank_paired_twist_loads_slothy_start.split:[444-456]: **************.. (14)
INFO:gt864-forward-full-register-schedule.gt864_forward_one_bank_paired_twist_loads_slothy_start.split:[456-468]: **************.. (14)
INFO:gt864-forward-full-register-schedule.gt864_forward_one_bank_paired_twist_loads_slothy_start.split:[468-480]: **************.. (14)
INFO:gt864-forward-full-register-schedule.gt864_forward_one_bank_paired_twist_loads_slothy_start.split:[480-492]: *************... (13)
INFO:gt864-forward-full-register-schedule.gt864_forward_one_bank_paired_twist_loads_slothy_start.split:[492-504]: *************... (13)
INFO:gt864-forward-full-register-schedule.gt864_forward_one_bank_paired_twist_loads_slothy_start.split:[504-516]: **************.. (14)
INFO:gt864-forward-full-register-schedule.gt864_forward_one_bank_paired_twist_loads_slothy_start.split:[516-528]: **************.. (14)
INFO:gt864-forward-full-register-schedule.gt864_forward_one_bank_paired_twist_loads_slothy_start.split:[528-540]: **************.. (14)
INFO:gt864-forward-full-register-schedule.gt864_forward_one_bank_paired_twist_loads_slothy_start.split:[540-552]: **************.. (14)
INFO:gt864-forward-full-register-schedule.gt864_forward_one_bank_paired_twist_loads_slothy_start.split:[552-564]: **************.. (14)
INFO:gt864-forward-full-register-schedule.gt864_forward_one_bank_paired_twist_loads_slothy_start.split:[564-576]: **************.. (14)
INFO:gt864-forward-full-register-schedule.gt864_forward_one_bank_paired_twist_loads_slothy_start.split:[576-588]: **************.. (14)
INFO:gt864-forward-full-register-schedule.gt864_forward_one_bank_paired_twist_loads_slothy_start.split:[588-601]: ************.... (12)
INFO:gt864-forward-full-register-schedule.gt864_forward_one_bank_paired_twist_loads_slothy_start.split.0_19:Perform internal binary search for minimal number of stalls...
INFO:gt864-forward-full-register-schedule.gt864_forward_one_bank_paired_twist_loads_slothy_start.split.0_19:Attempt optimization with max 256 stalls...
INFO:gt864-forward-full-register-schedule.gt864_forward_one_bank_paired_twist_loads_slothy_start.split.0_19:Setting timeout of 14400 seconds...
INFO:gt864-forward-full-register-schedule.gt864_forward_one_bank_paired_twist_loads_slothy_start.split.0_19:Objective: minimize cycles
INFO:gt864-forward-full-register-schedule.gt864_forward_one_bank_paired_twist_loads_slothy_start.split.0_19:Invoking external constraint solver (OR-Tools CP-SAT v9.15.6755) ...
INFO:gt864-forward-full-register-schedule.gt864_forward_one_bank_paired_twist_loads_slothy_start.split.0_19:[0.0230s]: Found 1 solutions so far... objective (minimize cycles): currently  (Cycles ~ 109.0, IPC ~ 0.17), bound  (Cycles ~ 108.0, IPC ~ 0.18)
INFO:gt864-forward-full-register-schedule.gt864_forward_one_bank_paired_twist_loads_slothy_start.split.0_19:[0.0241s]: Found 2 solutions so far... objective (minimize cycles): currently  (Cycles ~ 108.0, IPC ~ 0.18), bound  (Cycles ~ 108.0, IPC ~ 0.18)
INFO:gt864-forward-full-register-schedule.gt864_forward_one_bank_paired_twist_loads_slothy_start.split.0_19:Closer than 0 stalls to theoretical optimum... stop
INFO:gt864-forward-full-register-schedule.gt864_forward_one_bank_paired_twist_loads_slothy_start.split.0_19:OPTIMAL, wall time: 0.031982 s
INFO:gt864-forward-full-register-schedule.gt864_forward_one_bank_paired_twist_loads_slothy_start.split.0_19:Booleans in result: 59
INFO:gt864-forward-full-register-schedule.gt864_forward_one_bank_paired_twist_loads_slothy_start.split.0_19.selfcheck:OK!
INFO:gt864-forward-full-register-schedule.gt864_forward_one_bank_paired_twist_loads_slothy_start.split.0_19:Minimum number of stalls: 103
INFO:gt864-forward-full-register-schedule.gt864_forward_one_bank_paired_twist_loads_slothy_start.split:[  0- 12]: *************..... (13)
INFO:gt864-forward-full-register-schedule.gt864_forward_one_bank_paired_twist_loads_slothy_start.split:[ 12- 24]: ***************... (15)
INFO:gt864-forward-full-register-schedule.gt864_forward_one_bank_paired_twist_loads_slothy_start.split:[ 24- 36]: *************..... (13)
INFO:gt864-forward-full-register-schedule.gt864_forward_one_bank_paired_twist_loads_slothy_start.split:[ 36- 48]: ************...... (12)
INFO:gt864-forward-full-register-schedule.gt864_forward_one_bank_paired_twist_loads_slothy_start.split:[ 48- 60]: ************...... (12)
INFO:gt864-forward-full-register-schedule.gt864_forward_one_bank_paired_twist_loads_slothy_start.split:[ 60- 72]: ************...... (12)
INFO:gt864-forward-full-register-schedule.gt864_forward_one_bank_paired_twist_loads_slothy_start.split:[ 72- 84]: *************..... (13)
INFO:gt864-forward-full-register-schedule.gt864_forward_one_bank_paired_twist_loads_slothy_start.split:[ 84- 96]: **************.... (14)
INFO:gt864-forward-full-register-schedule.gt864_forward_one_bank_paired_twist_loads_slothy_start.split:[ 96-108]: **************.... (14)
INFO:gt864-forward-full-register-schedule.gt864_forward_one_bank_paired_twist_loads_slothy_start.split:[108-120]: *************..... (13)
INFO:gt864-forward-full-register-schedule.gt864_forward_one_bank_paired_twist_loads_slothy_start.split:[120-132]: *************..... (13)
INFO:gt864-forward-full-register-schedule.gt864_forward_one_bank_paired_twist_loads_slothy_start.split:[132-144]: **************.... (14)
INFO:gt864-forward-full-register-schedule.gt864_forward_one_bank_paired_twist_loads_slothy_start.split:[144-156]: **************.... (14)
INFO:gt864-forward-full-register-schedule.gt864_forward_one_bank_paired_twist_loads_slothy_start.split:[156-168]: **************.... (14)
INFO:gt864-forward-full-register-schedule.gt864_forward_one_bank_paired_twist_loads_slothy_start.split:[168-180]: **************.... (14)
INFO:gt864-forward-full-register-schedule.gt864_forward_one_bank_paired_twist_loads_slothy_start.split:[180-192]: **************.... (14)
INFO:gt864-forward-full-register-schedule.gt864_forward_one_bank_paired_twist_loads_slothy_start.split:[192-204]: **************.... (14)
INFO:gt864-forward-full-register-schedule.gt864_forward_one_bank_paired_twist_loads_slothy_start.split:[204-216]: **************.... (14)
INFO:gt864-forward-full-register-schedule.gt864_forward_one_bank_paired_twist_loads_slothy_start.split:[216-228]: **************.... (14)
INFO:gt864-forward-full-register-schedule.gt864_forward_one_bank_paired_twist_loads_slothy_start.split:[228-240]: **************.... (14)
INFO:gt864-forward-full-register-schedule.gt864_forward_one_bank_paired_twist_loads_slothy_start.split:[240-252]: **************.... (14)
INFO:gt864-forward-full-register-schedule.gt864_forward_one_bank_paired_twist_loads_slothy_start.split:[252-264]: **************.... (14)
INFO:gt864-forward-full-register-schedule.gt864_forward_one_bank_paired_twist_loads_slothy_start.split:[264-276]: **************.... (14)
INFO:gt864-forward-full-register-schedule.gt864_forward_one_bank_paired_twist_loads_slothy_start.split:[276-288]: **************.... (14)
INFO:gt864-forward-full-register-schedule.gt864_forward_one_bank_paired_twist_loads_slothy_start.split:[288-300]: ************...... (12)
INFO:gt864-forward-full-register-schedule.gt864_forward_one_bank_paired_twist_loads_slothy_start.split:[300-312]: *********......... (9)
INFO:gt864-forward-full-register-schedule.gt864_forward_one_bank_paired_twist_loads_slothy_start.split:[312-324]: *********......... (9)
INFO:gt864-forward-full-register-schedule.gt864_forward_one_bank_paired_twist_loads_slothy_start.split:[324-336]: *********......... (9)
INFO:gt864-forward-full-register-schedule.gt864_forward_one_bank_paired_twist_loads_slothy_start.split:[336-348]: **********........ (10)
INFO:gt864-forward-full-register-schedule.gt864_forward_one_bank_paired_twist_loads_slothy_start.split:[348-360]: **************.... (14)
INFO:gt864-forward-full-register-schedule.gt864_forward_one_bank_paired_twist_loads_slothy_start.split:[360-372]: *************..... (13)
INFO:gt864-forward-full-register-schedule.gt864_forward_one_bank_paired_twist_loads_slothy_start.split:[372-384]: *************..... (13)
INFO:gt864-forward-full-register-schedule.gt864_forward_one_bank_paired_twist_loads_slothy_start.split:[384-396]: **************.... (14)
INFO:gt864-forward-full-register-schedule.gt864_forward_one_bank_paired_twist_loads_slothy_start.split:[396-408]: **************.... (14)
INFO:gt864-forward-full-register-schedule.gt864_forward_one_bank_paired_twist_loads_slothy_start.split:[408-420]: **************.... (14)
INFO:gt864-forward-full-register-schedule.gt864_forward_one_bank_paired_twist_loads_slothy_start.split:[420-432]: **************.... (14)
INFO:gt864-forward-full-register-schedule.gt864_forward_one_bank_paired_twist_loads_slothy_start.split:[432-444]: **************.... (14)
INFO:gt864-forward-full-register-schedule.gt864_forward_one_bank_paired_twist_loads_slothy_start.split:[444-456]: **************.... (14)
INFO:gt864-forward-full-register-schedule.gt864_forward_one_bank_paired_twist_loads_slothy_start.split:[456-468]: **************.... (14)
INFO:gt864-forward-full-register-schedule.gt864_forward_one_bank_paired_twist_loads_slothy_start.split:[468-480]: **************.... (14)
INFO:gt864-forward-full-register-schedule.gt864_forward_one_bank_paired_twist_loads_slothy_start.split:[480-492]: *************..... (13)
INFO:gt864-forward-full-register-schedule.gt864_forward_one_bank_paired_twist_loads_slothy_start.split:[492-504]: *************..... (13)
INFO:gt864-forward-full-register-schedule.gt864_forward_one_bank_paired_twist_loads_slothy_start.split:[504-516]: **************.... (14)
INFO:gt864-forward-full-register-schedule.gt864_forward_one_bank_paired_twist_loads_slothy_start.split:[516-528]: **************.... (14)
INFO:gt864-forward-full-register-schedule.gt864_forward_one_bank_paired_twist_loads_slothy_start.split:[528-540]: **************.... (14)
INFO:gt864-forward-full-register-schedule.gt864_forward_one_bank_paired_twist_loads_slothy_start.split:[540-552]: **************.... (14)
INFO:gt864-forward-full-register-schedule.gt864_forward_one_bank_paired_twist_loads_slothy_start.split:[552-564]: **************.... (14)
INFO:gt864-forward-full-register-schedule.gt864_forward_one_bank_paired_twist_loads_slothy_start.split:[564-576]: **************.... (14)
INFO:gt864-forward-full-register-schedule.gt864_forward_one_bank_paired_twist_loads_slothy_start.split:[576-588]: **************.... (14)
INFO:gt864-forward-full-register-schedule.gt864_forward_one_bank_paired_twist_loads_slothy_start.split:[588-601]: ************...... (12)
INFO:gt864-forward-full-register-schedule.gt864_forward_one_bank_paired_twist_loads_slothy_start.split.30_49:Perform internal binary search for minimal number of stalls...
INFO:gt864-forward-full-register-schedule.gt864_forward_one_bank_paired_twist_loads_slothy_start.split.30_49:Attempt optimization with max 256 stalls...
INFO:gt864-forward-full-register-schedule.gt864_forward_one_bank_paired_twist_loads_slothy_start.split.30_49:Setting timeout of 14400 seconds...
INFO:gt864-forward-full-register-schedule.gt864_forward_one_bank_paired_twist_loads_slothy_start.split.30_49:Objective: minimize cycles
INFO:gt864-forward-full-register-schedule.gt864_forward_one_bank_paired_twist_loads_slothy_start.split.30_49:Invoking external constraint solver (OR-Tools CP-SAT v9.15.6755) ...
INFO:gt864-forward-full-register-schedule.gt864_forward_one_bank_paired_twist_loads_slothy_start.split.30_49:[0.0581s]: Found 1 solutions so far... objective (minimize cycles): currently  (Cycles ~ 33.0, IPC ~ 0.58), bound  (Cycles ~ 29.0, IPC ~ 0.66)
INFO:gt864-forward-full-register-schedule.gt864_forward_one_bank_paired_twist_loads_slothy_start.split.30_49:[0.0691s]: Found 2 solutions so far... objective (minimize cycles): currently  (Cycles ~ 32.0, IPC ~ 0.59), bound  (Cycles ~ 29.0, IPC ~ 0.66)
INFO:gt864-forward-full-register-schedule.gt864_forward_one_bank_paired_twist_loads_slothy_start.split.30_49:[0.0695s]: Found 3 solutions so far... objective (minimize cycles): currently  (Cycles ~ 30.0, IPC ~ 0.63), bound  (Cycles ~ 29.0, IPC ~ 0.66)
INFO:gt864-forward-full-register-schedule.gt864_forward_one_bank_paired_twist_loads_slothy_start.split.30_49:[0.0718s]: Found 4 solutions so far... objective (minimize cycles): currently  (Cycles ~ 29.0, IPC ~ 0.66), bound  (Cycles ~ 29.0, IPC ~ 0.66)
INFO:gt864-forward-full-register-schedule.gt864_forward_one_bank_paired_twist_loads_slothy_start.split.30_49:Closer than 0 stalls to theoretical optimum... stop
INFO:gt864-forward-full-register-schedule.gt864_forward_one_bank_paired_twist_loads_slothy_start.split.30_49:OPTIMAL, wall time: 0.085238 s
INFO:gt864-forward-full-register-schedule.gt864_forward_one_bank_paired_twist_loads_slothy_start.split.30_49:Booleans in result: 204
INFO:gt864-forward-full-register-schedule.gt864_forward_one_bank_paired_twist_loads_slothy_start.split.30_49.selfcheck:OK!
INFO:gt864-forward-full-register-schedule.gt864_forward_one_bank_paired_twist_loads_slothy_start.split.30_49:Minimum number of stalls: 24
INFO:gt864-forward-full-register-schedule.gt864_forward_one_bank_paired_twist_loads_slothy_start.split:[  0- 12]: *************..... (13)
INFO:gt864-forward-full-register-schedule.gt864_forward_one_bank_paired_twist_loads_slothy_start.split:[ 12- 24]: ***************... (15)
INFO:gt864-forward-full-register-schedule.gt864_forward_one_bank_paired_twist_loads_slothy_start.split:[ 24- 36]: ************...... (12)
INFO:gt864-forward-full-register-schedule.gt864_forward_one_bank_paired_twist_loads_slothy_start.split:[ 36- 48]: ************...... (12)
INFO:gt864-forward-full-register-schedule.gt864_forward_one_bank_paired_twist_loads_slothy_start.split:[ 48- 60]: ************...... (12)
INFO:gt864-forward-full-register-schedule.gt864_forward_one_bank_paired_twist_loads_slothy_start.split:[ 60- 72]: ************...... (12)
INFO:gt864-forward-full-register-schedule.gt864_forward_one_bank_paired_twist_loads_slothy_start.split:[ 72- 84]: *************..... (13)
INFO:gt864-forward-full-register-schedule.gt864_forward_one_bank_paired_twist_loads_slothy_start.split:[ 84- 96]: **************.... (14)
INFO:gt864-forward-full-register-schedule.gt864_forward_one_bank_paired_twist_loads_slothy_start.split:[ 96-108]: **************.... (14)
INFO:gt864-forward-full-register-schedule.gt864_forward_one_bank_paired_twist_loads_slothy_start.split:[108-120]: *************..... (13)
INFO:gt864-forward-full-register-schedule.gt864_forward_one_bank_paired_twist_loads_slothy_start.split:[120-132]: *************..... (13)
INFO:gt864-forward-full-register-schedule.gt864_forward_one_bank_paired_twist_loads_slothy_start.split:[132-144]: **************.... (14)
INFO:gt864-forward-full-register-schedule.gt864_forward_one_bank_paired_twist_loads_slothy_start.split:[144-156]: **************.... (14)
INFO:gt864-forward-full-register-schedule.gt864_forward_one_bank_paired_twist_loads_slothy_start.split:[156-168]: **************.... (14)
INFO:gt864-forward-full-register-schedule.gt864_forward_one_bank_paired_twist_loads_slothy_start.split:[168-180]: **************.... (14)
INFO:gt864-forward-full-register-schedule.gt864_forward_one_bank_paired_twist_loads_slothy_start.split:[180-192]: **************.... (14)
INFO:gt864-forward-full-register-schedule.gt864_forward_one_bank_paired_twist_loads_slothy_start.split:[192-204]: **************.... (14)
INFO:gt864-forward-full-register-schedule.gt864_forward_one_bank_paired_twist_loads_slothy_start.split:[204-216]: **************.... (14)
INFO:gt864-forward-full-register-schedule.gt864_forward_one_bank_paired_twist_loads_slothy_start.split:[216-228]: **************.... (14)
INFO:gt864-forward-full-register-schedule.gt864_forward_one_bank_paired_twist_loads_slothy_start.split:[228-240]: **************.... (14)
INFO:gt864-forward-full-register-schedule.gt864_forward_one_bank_paired_twist_loads_slothy_start.split:[240-252]: **************.... (14)
INFO:gt864-forward-full-register-schedule.gt864_forward_one_bank_paired_twist_loads_slothy_start.split:[252-264]: **************.... (14)
INFO:gt864-forward-full-register-schedule.gt864_forward_one_bank_paired_twist_loads_slothy_start.split:[264-276]: **************.... (14)
INFO:gt864-forward-full-register-schedule.gt864_forward_one_bank_paired_twist_loads_slothy_start.split:[276-288]: **************.... (14)
INFO:gt864-forward-full-register-schedule.gt864_forward_one_bank_paired_twist_loads_slothy_start.split:[288-300]: ************...... (12)
INFO:gt864-forward-full-register-schedule.gt864_forward_one_bank_paired_twist_loads_slothy_start.split:[300-312]: *********......... (9)
INFO:gt864-forward-full-register-schedule.gt864_forward_one_bank_paired_twist_loads_slothy_start.split:[312-324]: *********......... (9)
INFO:gt864-forward-full-register-schedule.gt864_forward_one_bank_paired_twist_loads_slothy_start.split:[324-336]: *********......... (9)
INFO:gt864-forward-full-register-schedule.gt864_forward_one_bank_paired_twist_loads_slothy_start.split:[336-348]: **********........ (10)
INFO:gt864-forward-full-register-schedule.gt864_forward_one_bank_paired_twist_loads_slothy_start.split:[348-360]: **************.... (14)
INFO:gt864-forward-full-register-schedule.gt864_forward_one_bank_paired_twist_loads_slothy_start.split:[360-372]: *************..... (13)
INFO:gt864-forward-full-register-schedule.gt864_forward_one_bank_paired_twist_loads_slothy_start.split:[372-384]: *************..... (13)
INFO:gt864-forward-full-register-schedule.gt864_forward_one_bank_paired_twist_loads_slothy_start.split:[384-396]: **************.... (14)
INFO:gt864-forward-full-register-schedule.gt864_forward_one_bank_paired_twist_loads_slothy_start.split:[396-408]: **************.... (14)
INFO:gt864-forward-full-register-schedule.gt864_forward_one_bank_paired_twist_loads_slothy_start.split:[408-420]: **************.... (14)
INFO:gt864-forward-full-register-schedule.gt864_forward_one_bank_paired_twist_loads_slothy_start.split:[420-432]: **************.... (14)
INFO:gt864-forward-full-register-schedule.gt864_forward_one_bank_paired_twist_loads_slothy_start.split:[432-444]: **************.... (14)
INFO:gt864-forward-full-register-schedule.gt864_forward_one_bank_paired_twist_loads_slothy_start.split:[444-456]: **************.... (14)
INFO:gt864-forward-full-register-schedule.gt864_forward_one_bank_paired_twist_loads_slothy_start.split:[456-468]: **************.... (14)
INFO:gt864-forward-full-register-schedule.gt864_forward_one_bank_paired_twist_loads_slothy_start.split:[468-480]: **************.... (14)
INFO:gt864-forward-full-register-schedule.gt864_forward_one_bank_paired_twist_loads_slothy_start.split:[480-492]: *************..... (13)
INFO:gt864-forward-full-register-schedule.gt864_forward_one_bank_paired_twist_loads_slothy_start.split:[492-504]: *************..... (13)
INFO:gt864-forward-full-register-schedule.gt864_forward_one_bank_paired_twist_loads_slothy_start.split:[504-516]: **************.... (14)
INFO:gt864-forward-full-register-schedule.gt864_forward_one_bank_paired_twist_loads_slothy_start.split:[516-528]: **************.... (14)
INFO:gt864-forward-full-register-schedule.gt864_forward_one_bank_paired_twist_loads_slothy_start.split:[528-540]: **************.... (14)
INFO:gt864-forward-full-register-schedule.gt864_forward_one_bank_paired_twist_loads_slothy_start.split:[540-552]: **************.... (14)
INFO:gt864-forward-full-register-schedule.gt864_forward_one_bank_paired_twist_loads_slothy_start.split:[552-564]: **************.... (14)
INFO:gt864-forward-full-register-schedule.gt864_forward_one_bank_paired_twist_loads_slothy_start.split:[564-576]: **************.... (14)
INFO:gt864-forward-full-register-schedule.gt864_forward_one_bank_paired_twist_loads_slothy_start.split:[576-588]: **************.... (14)
INFO:gt864-forward-full-register-schedule.gt864_forward_one_bank_paired_twist_loads_slothy_start.split:[588-601]: ************...... (12)
INFO:gt864-forward-full-register-schedule.gt864_forward_one_bank_paired_twist_loads_slothy_start.split.60_79:Perform internal binary search for minimal number of stalls...
INFO:gt864-forward-full-register-schedule.gt864_forward_one_bank_paired_twist_loads_slothy_start.split.60_79:Attempt optimization with max 256 stalls...
INFO:gt864-forward-full-register-schedule.gt864_forward_one_bank_paired_twist_loads_slothy_start.split.60_79:Setting timeout of 14400 seconds...
INFO:gt864-forward-full-register-schedule.gt864_forward_one_bank_paired_twist_loads_slothy_start.split.60_79:Objective: minimize cycles
INFO:gt864-forward-full-register-schedule.gt864_forward_one_bank_paired_twist_loads_slothy_start.split.60_79:Invoking external constraint solver (OR-Tools CP-SAT v9.15.6755) ...
INFO:gt864-forward-full-register-schedule.gt864_forward_one_bank_paired_twist_loads_slothy_start.split.60_79:[0.0370s]: Found 1 solutions so far... objective (minimize cycles): currently  (Cycles ~ 42.0, IPC ~ 0.45), bound  (Cycles ~ 11.0, IPC ~ 1.73)
INFO:gt864-forward-full-register-schedule.gt864_forward_one_bank_paired_twist_loads_slothy_start.split.60_79:[0.0409s]: Found 2 solutions so far... objective (minimize cycles): currently  (Cycles ~ 24.0, IPC ~ 0.79), bound  (Cycles ~ 16.0, IPC ~ 1.19)
INFO:gt864-forward-full-register-schedule.gt864_forward_one_bank_paired_twist_loads_slothy_start.split.60_79:[0.0468s]: Found 3 solutions so far... objective (minimize cycles): currently  (Cycles ~ 23.0, IPC ~ 0.83), bound  (Cycles ~ 17.0, IPC ~ 1.12)
INFO:gt864-forward-full-register-schedule.gt864_forward_one_bank_paired_twist_loads_slothy_start.split.60_79:OPTIMAL, wall time: 0.059848 s
INFO:gt864-forward-full-register-schedule.gt864_forward_one_bank_paired_twist_loads_slothy_start.split.60_79:Booleans in result: 108
INFO:gt864-forward-full-register-schedule.gt864_forward_one_bank_paired_twist_loads_slothy_start.split.60_79.selfcheck:OK!
INFO:gt864-forward-full-register-schedule.gt864_forward_one_bank_paired_twist_loads_slothy_start.split.60_79:Minimum number of stalls: 18
INFO:gt864-forward-full-register-schedule.gt864_forward_one_bank_paired_twist_loads_slothy_start.split:[  0- 12]: *************..... (13)
INFO:gt864-forward-full-register-schedule.gt864_forward_one_bank_paired_twist_loads_slothy_start.split:[ 12- 24]: ***************... (15)
INFO:gt864-forward-full-register-schedule.gt864_forward_one_bank_paired_twist_loads_slothy_start.split:[ 24- 36]: ************...... (12)
INFO:gt864-forward-full-register-schedule.gt864_forward_one_bank_paired_twist_loads_slothy_start.split:[ 36- 48]: ************...... (12)
INFO:gt864-forward-full-register-schedule.gt864_forward_one_bank_paired_twist_loads_slothy_start.split:[ 48- 60]: ************...... (12)
INFO:gt864-forward-full-register-schedule.gt864_forward_one_bank_paired_twist_loads_slothy_start.split:[ 60- 72]: ************...... (12)
INFO:gt864-forward-full-register-schedule.gt864_forward_one_bank_paired_twist_loads_slothy_start.split:[ 72- 84]: ***************... (15)
INFO:gt864-forward-full-register-schedule.gt864_forward_one_bank_paired_twist_loads_slothy_start.split:[ 84- 96]: **************.... (14)
INFO:gt864-forward-full-register-schedule.gt864_forward_one_bank_paired_twist_loads_slothy_start.split:[ 96-108]: **************.... (14)
INFO:gt864-forward-full-register-schedule.gt864_forward_one_bank_paired_twist_loads_slothy_start.split:[108-120]: *************..... (13)
INFO:gt864-forward-full-register-schedule.gt864_forward_one_bank_paired_twist_loads_slothy_start.split:[120-132]: *************..... (13)
INFO:gt864-forward-full-register-schedule.gt864_forward_one_bank_paired_twist_loads_slothy_start.split:[132-144]: **************.... (14)
INFO:gt864-forward-full-register-schedule.gt864_forward_one_bank_paired_twist_loads_slothy_start.split:[144-156]: **************.... (14)
INFO:gt864-forward-full-register-schedule.gt864_forward_one_bank_paired_twist_loads_slothy_start.split:[156-168]: **************.... (14)
INFO:gt864-forward-full-register-schedule.gt864_forward_one_bank_paired_twist_loads_slothy_start.split:[168-180]: **************.... (14)
INFO:gt864-forward-full-register-schedule.gt864_forward_one_bank_paired_twist_loads_slothy_start.split:[180-192]: **************.... (14)
INFO:gt864-forward-full-register-schedule.gt864_forward_one_bank_paired_twist_loads_slothy_start.split:[192-204]: **************.... (14)
INFO:gt864-forward-full-register-schedule.gt864_forward_one_bank_paired_twist_loads_slothy_start.split:[204-216]: **************.... (14)
INFO:gt864-forward-full-register-schedule.gt864_forward_one_bank_paired_twist_loads_slothy_start.split:[216-228]: **************.... (14)
INFO:gt864-forward-full-register-schedule.gt864_forward_one_bank_paired_twist_loads_slothy_start.split:[228-240]: **************.... (14)
INFO:gt864-forward-full-register-schedule.gt864_forward_one_bank_paired_twist_loads_slothy_start.split:[240-252]: **************.... (14)
INFO:gt864-forward-full-register-schedule.gt864_forward_one_bank_paired_twist_loads_slothy_start.split:[252-264]: **************.... (14)
INFO:gt864-forward-full-register-schedule.gt864_forward_one_bank_paired_twist_loads_slothy_start.split:[264-276]: **************.... (14)
INFO:gt864-forward-full-register-schedule.gt864_forward_one_bank_paired_twist_loads_slothy_start.split:[276-288]: **************.... (14)
INFO:gt864-forward-full-register-schedule.gt864_forward_one_bank_paired_twist_loads_slothy_start.split:[288-300]: ************...... (12)
INFO:gt864-forward-full-register-schedule.gt864_forward_one_bank_paired_twist_loads_slothy_start.split:[300-312]: *********......... (9)
INFO:gt864-forward-full-register-schedule.gt864_forward_one_bank_paired_twist_loads_slothy_start.split:[312-324]: *********......... (9)
INFO:gt864-forward-full-register-schedule.gt864_forward_one_bank_paired_twist_loads_slothy_start.split:[324-336]: *********......... (9)
INFO:gt864-forward-full-register-schedule.gt864_forward_one_bank_paired_twist_loads_slothy_start.split:[336-348]: **********........ (10)
INFO:gt864-forward-full-register-schedule.gt864_forward_one_bank_paired_twist_loads_slothy_start.split:[348-360]: **************.... (14)
INFO:gt864-forward-full-register-schedule.gt864_forward_one_bank_paired_twist_loads_slothy_start.split:[360-372]: *************..... (13)
INFO:gt864-forward-full-register-schedule.gt864_forward_one_bank_paired_twist_loads_slothy_start.split:[372-384]: *************..... (13)
INFO:gt864-forward-full-register-schedule.gt864_forward_one_bank_paired_twist_loads_slothy_start.split:[384-396]: **************.... (14)
INFO:gt864-forward-full-register-schedule.gt864_forward_one_bank_paired_twist_loads_slothy_start.split:[396-408]: **************.... (14)
INFO:gt864-forward-full-register-schedule.gt864_forward_one_bank_paired_twist_loads_slothy_start.split:[408-420]: **************.... (14)
INFO:gt864-forward-full-register-schedule.gt864_forward_one_bank_paired_twist_loads_slothy_start.split:[420-432]: **************.... (14)
INFO:gt864-forward-full-register-schedule.gt864_forward_one_bank_paired_twist_loads_slothy_start.split:[432-444]: **************.... (14)
INFO:gt864-forward-full-register-schedule.gt864_forward_one_bank_paired_twist_loads_slothy_start.split:[444-456]: **************.... (14)
INFO:gt864-forward-full-register-schedule.gt864_forward_one_bank_paired_twist_loads_slothy_start.split:[456-468]: **************.... (14)
INFO:gt864-forward-full-register-schedule.gt864_forward_one_bank_paired_twist_loads_slothy_start.split:[468-480]: **************.... (14)
INFO:gt864-forward-full-register-schedule.gt864_forward_one_bank_paired_twist_loads_slothy_start.split:[480-492]: *************..... (13)
INFO:gt864-forward-full-register-schedule.gt864_forward_one_bank_paired_twist_loads_slothy_start.split:[492-504]: *************..... (13)
INFO:gt864-forward-full-register-schedule.gt864_forward_one_bank_paired_twist_loads_slothy_start.split:[504-516]: **************.... (14)
INFO:gt864-forward-full-register-schedule.gt864_forward_one_bank_paired_twist_loads_slothy_start.split:[516-528]: **************.... (14)
INFO:gt864-forward-full-register-schedule.gt864_forward_one_bank_paired_twist_loads_slothy_start.split:[528-540]: **************.... (14)
INFO:gt864-forward-full-register-schedule.gt864_forward_one_bank_paired_twist_loads_slothy_start.split:[540-552]: **************.... (14)
INFO:gt864-forward-full-register-schedule.gt864_forward_one_bank_paired_twist_loads_slothy_start.split:[552-564]: **************.... (14)
INFO:gt864-forward-full-register-schedule.gt864_forward_one_bank_paired_twist_loads_slothy_start.split:[564-576]: **************.... (14)
INFO:gt864-forward-full-register-schedule.gt864_forward_one_bank_paired_twist_loads_slothy_start.split:[576-588]: **************.... (14)
INFO:gt864-forward-full-register-schedule.gt864_forward_one_bank_paired_twist_loads_slothy_start.split:[588-601]: ************...... (12)
INFO:gt864-forward-full-register-schedule.gt864_forward_one_bank_paired_twist_loads_slothy_start.split.90_109:Perform internal binary search for minimal number of stalls...
INFO:gt864-forward-full-register-schedule.gt864_forward_one_bank_paired_twist_loads_slothy_start.split.90_109:Attempt optimization with max 256 stalls...
INFO:gt864-forward-full-register-schedule.gt864_forward_one_bank_paired_twist_loads_slothy_start.split.90_109:Setting timeout of 14400 seconds...
INFO:gt864-forward-full-register-schedule.gt864_forward_one_bank_paired_twist_loads_slothy_start.split.90_109:Objective: minimize cycles
INFO:gt864-forward-full-register-schedule.gt864_forward_one_bank_paired_twist_loads_slothy_start.split.90_109:Invoking external constraint solver (OR-Tools CP-SAT v9.15.6755) ...
INFO:gt864-forward-full-register-schedule.gt864_forward_one_bank_paired_twist_loads_slothy_start.split.90_109:[0.0984s]: Found 1 solutions so far... objective (minimize cycles): currently  (Cycles ~ 31.0, IPC ~ 0.61), bound  (Cycles ~ 19.0, IPC ~ 1.00)
INFO:gt864-forward-full-register-schedule.gt864_forward_one_bank_paired_twist_loads_slothy_start.split.90_109:[0.1047s]: Found 2 solutions so far... objective (minimize cycles): currently  (Cycles ~ 29.0, IPC ~ 0.66), bound  (Cycles ~ 22.0, IPC ~ 0.86)
INFO:gt864-forward-full-register-schedule.gt864_forward_one_bank_paired_twist_loads_slothy_start.split.90_109:OPTIMAL, wall time: 0.118145 s
INFO:gt864-forward-full-register-schedule.gt864_forward_one_bank_paired_twist_loads_slothy_start.split.90_109:Booleans in result: 96
INFO:gt864-forward-full-register-schedule.gt864_forward_one_bank_paired_twist_loads_slothy_start.split.90_109.selfcheck:OK!
INFO:gt864-forward-full-register-schedule.gt864_forward_one_bank_paired_twist_loads_slothy_start.split.90_109:Minimum number of stalls: 24
INFO:gt864-forward-full-register-schedule.gt864_forward_one_bank_paired_twist_loads_slothy_start.split:[  0- 12]: *************..... (13)
INFO:gt864-forward-full-register-schedule.gt864_forward_one_bank_paired_twist_loads_slothy_start.split:[ 12- 24]: ***************... (15)
INFO:gt864-forward-full-register-schedule.gt864_forward_one_bank_paired_twist_loads_slothy_start.split:[ 24- 36]: ************...... (12)
INFO:gt864-forward-full-register-schedule.gt864_forward_one_bank_paired_twist_loads_slothy_start.split:[ 36- 48]: ************...... (12)
INFO:gt864-forward-full-register-schedule.gt864_forward_one_bank_paired_twist_loads_slothy_start.split:[ 48- 60]: ************...... (12)
INFO:gt864-forward-full-register-schedule.gt864_forward_one_bank_paired_twist_loads_slothy_start.split:[ 60- 72]: ************...... (12)
INFO:gt864-forward-full-register-schedule.gt864_forward_one_bank_paired_twist_loads_slothy_start.split:[ 72- 84]: ***************... (15)
INFO:gt864-forward-full-register-schedule.gt864_forward_one_bank_paired_twist_loads_slothy_start.split:[ 84- 96]: ************...... (12)
INFO:gt864-forward-full-register-schedule.gt864_forward_one_bank_paired_twist_loads_slothy_start.split:[ 96-108]: ***************... (15)
INFO:gt864-forward-full-register-schedule.gt864_forward_one_bank_paired_twist_loads_slothy_start.split:[108-120]: **************.... (14)
INFO:gt864-forward-full-register-schedule.gt864_forward_one_bank_paired_twist_loads_slothy_start.split:[120-132]: *************..... (13)
INFO:gt864-forward-full-register-schedule.gt864_forward_one_bank_paired_twist_loads_slothy_start.split:[132-144]: **************.... (14)
INFO:gt864-forward-full-register-schedule.gt864_forward_one_bank_paired_twist_loads_slothy_start.split:[144-156]: **************.... (14)
INFO:gt864-forward-full-register-schedule.gt864_forward_one_bank_paired_twist_loads_slothy_start.split:[156-168]: **************.... (14)
INFO:gt864-forward-full-register-schedule.gt864_forward_one_bank_paired_twist_loads_slothy_start.split:[168-180]: **************.... (14)
INFO:gt864-forward-full-register-schedule.gt864_forward_one_bank_paired_twist_loads_slothy_start.split:[180-192]: **************.... (14)
INFO:gt864-forward-full-register-schedule.gt864_forward_one_bank_paired_twist_loads_slothy_start.split:[192-204]: **************.... (14)
INFO:gt864-forward-full-register-schedule.gt864_forward_one_bank_paired_twist_loads_slothy_start.split:[204-216]: **************.... (14)
INFO:gt864-forward-full-register-schedule.gt864_forward_one_bank_paired_twist_loads_slothy_start.split:[216-228]: **************.... (14)
INFO:gt864-forward-full-register-schedule.gt864_forward_one_bank_paired_twist_loads_slothy_start.split:[228-240]: **************.... (14)
INFO:gt864-forward-full-register-schedule.gt864_forward_one_bank_paired_twist_loads_slothy_start.split:[240-252]: **************.... (14)
INFO:gt864-forward-full-register-schedule.gt864_forward_one_bank_paired_twist_loads_slothy_start.split:[252-264]: **************.... (14)
INFO:gt864-forward-full-register-schedule.gt864_forward_one_bank_paired_twist_loads_slothy_start.split:[264-276]: **************.... (14)
INFO:gt864-forward-full-register-schedule.gt864_forward_one_bank_paired_twist_loads_slothy_start.split:[276-288]: **************.... (14)
INFO:gt864-forward-full-register-schedule.gt864_forward_one_bank_paired_twist_loads_slothy_start.split:[288-300]: ************...... (12)
INFO:gt864-forward-full-register-schedule.gt864_forward_one_bank_paired_twist_loads_slothy_start.split:[300-312]: *********......... (9)
INFO:gt864-forward-full-register-schedule.gt864_forward_one_bank_paired_twist_loads_slothy_start.split:[312-324]: *********......... (9)
INFO:gt864-forward-full-register-schedule.gt864_forward_one_bank_paired_twist_loads_slothy_start.split:[324-336]: *********......... (9)
INFO:gt864-forward-full-register-schedule.gt864_forward_one_bank_paired_twist_loads_slothy_start.split:[336-348]: **********........ (10)
INFO:gt864-forward-full-register-schedule.gt864_forward_one_bank_paired_twist_loads_slothy_start.split:[348-360]: **************.... (14)
INFO:gt864-forward-full-register-schedule.gt864_forward_one_bank_paired_twist_loads_slothy_start.split:[360-372]: *************..... (13)
INFO:gt864-forward-full-register-schedule.gt864_forward_one_bank_paired_twist_loads_slothy_start.split:[372-384]: *************..... (13)
INFO:gt864-forward-full-register-schedule.gt864_forward_one_bank_paired_twist_loads_slothy_start.split:[384-396]: **************.... (14)
INFO:gt864-forward-full-register-schedule.gt864_forward_one_bank_paired_twist_loads_slothy_start.split:[396-408]: **************.... (14)
INFO:gt864-forward-full-register-schedule.gt864_forward_one_bank_paired_twist_loads_slothy_start.split:[408-420]: **************.... (14)
INFO:gt864-forward-full-register-schedule.gt864_forward_one_bank_paired_twist_loads_slothy_start.split:[420-432]: **************.... (14)
INFO:gt864-forward-full-register-schedule.gt864_forward_one_bank_paired_twist_loads_slothy_start.split:[432-444]: **************.... (14)
INFO:gt864-forward-full-register-schedule.gt864_forward_one_bank_paired_twist_loads_slothy_start.split:[444-456]: **************.... (14)
INFO:gt864-forward-full-register-schedule.gt864_forward_one_bank_paired_twist_loads_slothy_start.split:[456-468]: **************.... (14)
INFO:gt864-forward-full-register-schedule.gt864_forward_one_bank_paired_twist_loads_slothy_start.split:[468-480]: **************.... (14)
INFO:gt864-forward-full-register-schedule.gt864_forward_one_bank_paired_twist_loads_slothy_start.split:[480-492]: *************..... (13)
INFO:gt864-forward-full-register-schedule.gt864_forward_one_bank_paired_twist_loads_slothy_start.split:[492-504]: *************..... (13)
INFO:gt864-forward-full-register-schedule.gt864_forward_one_bank_paired_twist_loads_slothy_start.split:[504-516]: **************.... (14)
INFO:gt864-forward-full-register-schedule.gt864_forward_one_bank_paired_twist_loads_slothy_start.split:[516-528]: **************.... (14)
INFO:gt864-forward-full-register-schedule.gt864_forward_one_bank_paired_twist_loads_slothy_start.split:[528-540]: **************.... (14)
INFO:gt864-forward-full-register-schedule.gt864_forward_one_bank_paired_twist_loads_slothy_start.split:[540-552]: **************.... (14)
INFO:gt864-forward-full-register-schedule.gt864_forward_one_bank_paired_twist_loads_slothy_start.split:[552-564]: **************.... (14)
INFO:gt864-forward-full-register-schedule.gt864_forward_one_bank_paired_twist_loads_slothy_start.split:[564-576]: **************.... (14)
INFO:gt864-forward-full-register-schedule.gt864_forward_one_bank_paired_twist_loads_slothy_start.split:[576-588]: **************.... (14)
INFO:gt864-forward-full-register-schedule.gt864_forward_one_bank_paired_twist_loads_slothy_start.split:[588-601]: ************...... (12)
INFO:gt864-forward-full-register-schedule.gt864_forward_one_bank_paired_twist_loads_slothy_start.split.120_139:Perform internal binary search for minimal number of stalls...
INFO:gt864-forward-full-register-schedule.gt864_forward_one_bank_paired_twist_loads_slothy_start.split.120_139:Attempt optimization with max 256 stalls...
INFO:gt864-forward-full-register-schedule.gt864_forward_one_bank_paired_twist_loads_slothy_start.split.120_139:Setting timeout of 14400 seconds...
INFO:gt864-forward-full-register-schedule.gt864_forward_one_bank_paired_twist_loads_slothy_start.split.120_139:Objective: minimize cycles
INFO:gt864-forward-full-register-schedule.gt864_forward_one_bank_paired_twist_loads_slothy_start.split.120_139:Invoking external constraint solver (OR-Tools CP-SAT v9.15.6755) ...
INFO:gt864-forward-full-register-schedule.gt864_forward_one_bank_paired_twist_loads_slothy_start.split.120_139:[0.1161s]: Found 1 solutions so far... objective (minimize cycles): currently  (Cycles ~ 35.0, IPC ~ 0.54), bound  (Cycles ~ 21.0, IPC ~ 0.90)
INFO:gt864-forward-full-register-schedule.gt864_forward_one_bank_paired_twist_loads_slothy_start.split.120_139:[0.1224s]: Found 2 solutions so far... objective (minimize cycles): currently  (Cycles ~ 34.0, IPC ~ 0.56), bound  (Cycles ~ 25.0, IPC ~ 0.76)
INFO:gt864-forward-full-register-schedule.gt864_forward_one_bank_paired_twist_loads_slothy_start.split.120_139:[0.1323s]: Found 3 solutions so far... objective (minimize cycles): currently  (Cycles ~ 33.0, IPC ~ 0.58), bound  (Cycles ~ 30.0, IPC ~ 0.63)
INFO:gt864-forward-full-register-schedule.gt864_forward_one_bank_paired_twist_loads_slothy_start.split.120_139:[0.1354s]: Found 4 solutions so far... objective (minimize cycles): currently  (Cycles ~ 32.0, IPC ~ 0.59), bound  (Cycles ~ 30.0, IPC ~ 0.63)
INFO:gt864-forward-full-register-schedule.gt864_forward_one_bank_paired_twist_loads_slothy_start.split.120_139:[0.1373s]: Found 5 solutions so far... objective (minimize cycles): currently  (Cycles ~ 31.0, IPC ~ 0.61), bound  (Cycles ~ 30.0, IPC ~ 0.63)
INFO:gt864-forward-full-register-schedule.gt864_forward_one_bank_paired_twist_loads_slothy_start.split.120_139:[0.1513s]: Found 6 solutions so far... objective (minimize cycles): currently  (Cycles ~ 30.0, IPC ~ 0.63), bound  (Cycles ~ 30.0, IPC ~ 0.63)
INFO:gt864-forward-full-register-schedule.gt864_forward_one_bank_paired_twist_loads_slothy_start.split.120_139:Closer than 0 stalls to theoretical optimum... stop
INFO:gt864-forward-full-register-schedule.gt864_forward_one_bank_paired_twist_loads_slothy_start.split.120_139:OPTIMAL, wall time: 0.165426 s
INFO:gt864-forward-full-register-schedule.gt864_forward_one_bank_paired_twist_loads_slothy_start.split.120_139:Booleans in result: 99
INFO:gt864-forward-full-register-schedule.gt864_forward_one_bank_paired_twist_loads_slothy_start.split.120_139.selfcheck:OK!
INFO:gt864-forward-full-register-schedule.gt864_forward_one_bank_paired_twist_loads_slothy_start.split.120_139:Minimum number of stalls: 25
INFO:gt864-forward-full-register-schedule.gt864_forward_one_bank_paired_twist_loads_slothy_start.split:[  0- 12]: *************..... (13)
INFO:gt864-forward-full-register-schedule.gt864_forward_one_bank_paired_twist_loads_slothy_start.split:[ 12- 24]: ***************... (15)
INFO:gt864-forward-full-register-schedule.gt864_forward_one_bank_paired_twist_loads_slothy_start.split:[ 24- 36]: ************...... (12)
INFO:gt864-forward-full-register-schedule.gt864_forward_one_bank_paired_twist_loads_slothy_start.split:[ 36- 48]: ************...... (12)
INFO:gt864-forward-full-register-schedule.gt864_forward_one_bank_paired_twist_loads_slothy_start.split:[ 48- 60]: ************...... (12)
INFO:gt864-forward-full-register-schedule.gt864_forward_one_bank_paired_twist_loads_slothy_start.split:[ 60- 72]: ************...... (12)
INFO:gt864-forward-full-register-schedule.gt864_forward_one_bank_paired_twist_loads_slothy_start.split:[ 72- 84]: ***************... (15)
INFO:gt864-forward-full-register-schedule.gt864_forward_one_bank_paired_twist_loads_slothy_start.split:[ 84- 96]: ************...... (12)
INFO:gt864-forward-full-register-schedule.gt864_forward_one_bank_paired_twist_loads_slothy_start.split:[ 96-108]: ***************... (15)
INFO:gt864-forward-full-register-schedule.gt864_forward_one_bank_paired_twist_loads_slothy_start.split:[108-120]: **************.... (14)
INFO:gt864-forward-full-register-schedule.gt864_forward_one_bank_paired_twist_loads_slothy_start.split:[120-132]: **************.... (14)
INFO:gt864-forward-full-register-schedule.gt864_forward_one_bank_paired_twist_loads_slothy_start.split:[132-144]: ***************... (15)
INFO:gt864-forward-full-register-schedule.gt864_forward_one_bank_paired_twist_loads_slothy_start.split:[144-156]: **************.... (14)
INFO:gt864-forward-full-register-schedule.gt864_forward_one_bank_paired_twist_loads_slothy_start.split:[156-168]: **************.... (14)
INFO:gt864-forward-full-register-schedule.gt864_forward_one_bank_paired_twist_loads_slothy_start.split:[168-180]: **************.... (14)
INFO:gt864-forward-full-register-schedule.gt864_forward_one_bank_paired_twist_loads_slothy_start.split:[180-192]: **************.... (14)
INFO:gt864-forward-full-register-schedule.gt864_forward_one_bank_paired_twist_loads_slothy_start.split:[192-204]: **************.... (14)
INFO:gt864-forward-full-register-schedule.gt864_forward_one_bank_paired_twist_loads_slothy_start.split:[204-216]: **************.... (14)
INFO:gt864-forward-full-register-schedule.gt864_forward_one_bank_paired_twist_loads_slothy_start.split:[216-228]: **************.... (14)
INFO:gt864-forward-full-register-schedule.gt864_forward_one_bank_paired_twist_loads_slothy_start.split:[228-240]: **************.... (14)
INFO:gt864-forward-full-register-schedule.gt864_forward_one_bank_paired_twist_loads_slothy_start.split:[240-252]: **************.... (14)
INFO:gt864-forward-full-register-schedule.gt864_forward_one_bank_paired_twist_loads_slothy_start.split:[252-264]: **************.... (14)
INFO:gt864-forward-full-register-schedule.gt864_forward_one_bank_paired_twist_loads_slothy_start.split:[264-276]: **************.... (14)
INFO:gt864-forward-full-register-schedule.gt864_forward_one_bank_paired_twist_loads_slothy_start.split:[276-288]: **************.... (14)
INFO:gt864-forward-full-register-schedule.gt864_forward_one_bank_paired_twist_loads_slothy_start.split:[288-300]: ************...... (12)
INFO:gt864-forward-full-register-schedule.gt864_forward_one_bank_paired_twist_loads_slothy_start.split:[300-312]: *********......... (9)
INFO:gt864-forward-full-register-schedule.gt864_forward_one_bank_paired_twist_loads_slothy_start.split:[312-324]: *********......... (9)
INFO:gt864-forward-full-register-schedule.gt864_forward_one_bank_paired_twist_loads_slothy_start.split:[324-336]: *********......... (9)
INFO:gt864-forward-full-register-schedule.gt864_forward_one_bank_paired_twist_loads_slothy_start.split:[336-348]: **********........ (10)
INFO:gt864-forward-full-register-schedule.gt864_forward_one_bank_paired_twist_loads_slothy_start.split:[348-360]: **************.... (14)
INFO:gt864-forward-full-register-schedule.gt864_forward_one_bank_paired_twist_loads_slothy_start.split:[360-372]: *************..... (13)
INFO:gt864-forward-full-register-schedule.gt864_forward_one_bank_paired_twist_loads_slothy_start.split:[372-384]: *************..... (13)
INFO:gt864-forward-full-register-schedule.gt864_forward_one_bank_paired_twist_loads_slothy_start.split:[384-396]: **************.... (14)
INFO:gt864-forward-full-register-schedule.gt864_forward_one_bank_paired_twist_loads_slothy_start.split:[396-408]: **************.... (14)
INFO:gt864-forward-full-register-schedule.gt864_forward_one_bank_paired_twist_loads_slothy_start.split:[408-420]: **************.... (14)
INFO:gt864-forward-full-register-schedule.gt864_forward_one_bank_paired_twist_loads_slothy_start.split:[420-432]: **************.... (14)
INFO:gt864-forward-full-register-schedule.gt864_forward_one_bank_paired_twist_loads_slothy_start.split:[432-444]: **************.... (14)
INFO:gt864-forward-full-register-schedule.gt864_forward_one_bank_paired_twist_loads_slothy_start.split:[444-456]: **************.... (14)
INFO:gt864-forward-full-register-schedule.gt864_forward_one_bank_paired_twist_loads_slothy_start.split:[456-468]: **************.... (14)
INFO:gt864-forward-full-register-schedule.gt864_forward_one_bank_paired_twist_loads_slothy_start.split:[468-480]: **************.... (14)
INFO:gt864-forward-full-register-schedule.gt864_forward_one_bank_paired_twist_loads_slothy_start.split:[480-492]: *************..... (13)
INFO:gt864-forward-full-register-schedule.gt864_forward_one_bank_paired_twist_loads_slothy_start.split:[492-504]: *************..... (13)
INFO:gt864-forward-full-register-schedule.gt864_forward_one_bank_paired_twist_loads_slothy_start.split:[504-516]: **************.... (14)
INFO:gt864-forward-full-register-schedule.gt864_forward_one_bank_paired_twist_loads_slothy_start.split:[516-528]: **************.... (14)
INFO:gt864-forward-full-register-schedule.gt864_forward_one_bank_paired_twist_loads_slothy_start.split:[528-540]: **************.... (14)
INFO:gt864-forward-full-register-schedule.gt864_forward_one_bank_paired_twist_loads_slothy_start.split:[540-552]: **************.... (14)
INFO:gt864-forward-full-register-schedule.gt864_forward_one_bank_paired_twist_loads_slothy_start.split:[552-564]: **************.... (14)
INFO:gt864-forward-full-register-schedule.gt864_forward_one_bank_paired_twist_loads_slothy_start.split:[564-576]: **************.... (14)
INFO:gt864-forward-full-register-schedule.gt864_forward_one_bank_paired_twist_loads_slothy_start.split:[576-588]: **************.... (14)
INFO:gt864-forward-full-register-schedule.gt864_forward_one_bank_paired_twist_loads_slothy_start.split:[588-601]: ************...... (12)
INFO:gt864-forward-full-register-schedule.gt864_forward_one_bank_paired_twist_loads_slothy_start.split.150_169:Perform internal binary search for minimal number of stalls...
INFO:gt864-forward-full-register-schedule.gt864_forward_one_bank_paired_twist_loads_slothy_start.split.150_169:Attempt optimization with max 256 stalls...
INFO:gt864-forward-full-register-schedule.gt864_forward_one_bank_paired_twist_loads_slothy_start.split.150_169:Setting timeout of 14400 seconds...
INFO:gt864-forward-full-register-schedule.gt864_forward_one_bank_paired_twist_loads_slothy_start.split.150_169:Objective: minimize cycles
INFO:gt864-forward-full-register-schedule.gt864_forward_one_bank_paired_twist_loads_slothy_start.split.150_169:Invoking external constraint solver (OR-Tools CP-SAT v9.15.6755) ...
INFO:gt864-forward-full-register-schedule.gt864_forward_one_bank_paired_twist_loads_slothy_start.split.150_169:[0.0860s]: Found 1 solutions so far... objective (minimize cycles): currently  (Cycles ~ 26.0, IPC ~ 0.73), bound  (Cycles ~ 17.0, IPC ~ 1.12)
INFO:gt864-forward-full-register-schedule.gt864_forward_one_bank_paired_twist_loads_slothy_start.split.150_169:[0.0912s]: Found 2 solutions so far... objective (minimize cycles): currently  (Cycles ~ 25.0, IPC ~ 0.76), bound  (Cycles ~ 21.0, IPC ~ 0.90)
INFO:gt864-forward-full-register-schedule.gt864_forward_one_bank_paired_twist_loads_slothy_start.split.150_169:[0.0960s]: Found 3 solutions so far... objective (minimize cycles): currently  (Cycles ~ 24.0, IPC ~ 0.79), bound  (Cycles ~ 22.0, IPC ~ 0.86)
INFO:gt864-forward-full-register-schedule.gt864_forward_one_bank_paired_twist_loads_slothy_start.split.150_169:OPTIMAL, wall time: 0.106354 s
INFO:gt864-forward-full-register-schedule.gt864_forward_one_bank_paired_twist_loads_slothy_start.split.150_169:Booleans in result: 103
INFO:gt864-forward-full-register-schedule.gt864_forward_one_bank_paired_twist_loads_slothy_start.split.150_169.selfcheck:OK!
INFO:gt864-forward-full-register-schedule.gt864_forward_one_bank_paired_twist_loads_slothy_start.split.150_169:Minimum number of stalls: 19
INFO:gt864-forward-full-register-schedule.gt864_forward_one_bank_paired_twist_loads_slothy_start.split:[  0- 12]: *************..... (13)
INFO:gt864-forward-full-register-schedule.gt864_forward_one_bank_paired_twist_loads_slothy_start.split:[ 12- 24]: ***************... (15)
INFO:gt864-forward-full-register-schedule.gt864_forward_one_bank_paired_twist_loads_slothy_start.split:[ 24- 36]: ************...... (12)
INFO:gt864-forward-full-register-schedule.gt864_forward_one_bank_paired_twist_loads_slothy_start.split:[ 36- 48]: ************...... (12)
INFO:gt864-forward-full-register-schedule.gt864_forward_one_bank_paired_twist_loads_slothy_start.split:[ 48- 60]: ************...... (12)
INFO:gt864-forward-full-register-schedule.gt864_forward_one_bank_paired_twist_loads_slothy_start.split:[ 60- 72]: ************...... (12)
INFO:gt864-forward-full-register-schedule.gt864_forward_one_bank_paired_twist_loads_slothy_start.split:[ 72- 84]: ***************... (15)
INFO:gt864-forward-full-register-schedule.gt864_forward_one_bank_paired_twist_loads_slothy_start.split:[ 84- 96]: ************...... (12)
INFO:gt864-forward-full-register-schedule.gt864_forward_one_bank_paired_twist_loads_slothy_start.split:[ 96-108]: ***************... (15)
INFO:gt864-forward-full-register-schedule.gt864_forward_one_bank_paired_twist_loads_slothy_start.split:[108-120]: **************.... (14)
INFO:gt864-forward-full-register-schedule.gt864_forward_one_bank_paired_twist_loads_slothy_start.split:[120-132]: **************.... (14)
INFO:gt864-forward-full-register-schedule.gt864_forward_one_bank_paired_twist_loads_slothy_start.split:[132-144]: ***************... (15)
INFO:gt864-forward-full-register-schedule.gt864_forward_one_bank_paired_twist_loads_slothy_start.split:[144-156]: ***************... (15)
INFO:gt864-forward-full-register-schedule.gt864_forward_one_bank_paired_twist_loads_slothy_start.split:[156-168]: ***************... (15)
INFO:gt864-forward-full-register-schedule.gt864_forward_one_bank_paired_twist_loads_slothy_start.split:[168-180]: **************.... (14)
INFO:gt864-forward-full-register-schedule.gt864_forward_one_bank_paired_twist_loads_slothy_start.split:[180-192]: **************.... (14)
INFO:gt864-forward-full-register-schedule.gt864_forward_one_bank_paired_twist_loads_slothy_start.split:[192-204]: **************.... (14)
INFO:gt864-forward-full-register-schedule.gt864_forward_one_bank_paired_twist_loads_slothy_start.split:[204-216]: **************.... (14)
INFO:gt864-forward-full-register-schedule.gt864_forward_one_bank_paired_twist_loads_slothy_start.split:[216-228]: **************.... (14)
INFO:gt864-forward-full-register-schedule.gt864_forward_one_bank_paired_twist_loads_slothy_start.split:[228-240]: **************.... (14)
INFO:gt864-forward-full-register-schedule.gt864_forward_one_bank_paired_twist_loads_slothy_start.split:[240-252]: **************.... (14)
INFO:gt864-forward-full-register-schedule.gt864_forward_one_bank_paired_twist_loads_slothy_start.split:[252-264]: **************.... (14)
INFO:gt864-forward-full-register-schedule.gt864_forward_one_bank_paired_twist_loads_slothy_start.split:[264-276]: **************.... (14)
INFO:gt864-forward-full-register-schedule.gt864_forward_one_bank_paired_twist_loads_slothy_start.split:[276-288]: **************.... (14)
INFO:gt864-forward-full-register-schedule.gt864_forward_one_bank_paired_twist_loads_slothy_start.split:[288-300]: ************...... (12)
INFO:gt864-forward-full-register-schedule.gt864_forward_one_bank_paired_twist_loads_slothy_start.split:[300-312]: *********......... (9)
INFO:gt864-forward-full-register-schedule.gt864_forward_one_bank_paired_twist_loads_slothy_start.split:[312-324]: *********......... (9)
INFO:gt864-forward-full-register-schedule.gt864_forward_one_bank_paired_twist_loads_slothy_start.split:[324-336]: *********......... (9)
INFO:gt864-forward-full-register-schedule.gt864_forward_one_bank_paired_twist_loads_slothy_start.split:[336-348]: **********........ (10)
INFO:gt864-forward-full-register-schedule.gt864_forward_one_bank_paired_twist_loads_slothy_start.split:[348-360]: **************.... (14)
INFO:gt864-forward-full-register-schedule.gt864_forward_one_bank_paired_twist_loads_slothy_start.split:[360-372]: *************..... (13)
INFO:gt864-forward-full-register-schedule.gt864_forward_one_bank_paired_twist_loads_slothy_start.split:[372-384]: *************..... (13)
INFO:gt864-forward-full-register-schedule.gt864_forward_one_bank_paired_twist_loads_slothy_start.split:[384-396]: **************.... (14)
INFO:gt864-forward-full-register-schedule.gt864_forward_one_bank_paired_twist_loads_slothy_start.split:[396-408]: **************.... (14)
INFO:gt864-forward-full-register-schedule.gt864_forward_one_bank_paired_twist_loads_slothy_start.split:[408-420]: **************.... (14)
INFO:gt864-forward-full-register-schedule.gt864_forward_one_bank_paired_twist_loads_slothy_start.split:[420-432]: **************.... (14)
INFO:gt864-forward-full-register-schedule.gt864_forward_one_bank_paired_twist_loads_slothy_start.split:[432-444]: **************.... (14)
INFO:gt864-forward-full-register-schedule.gt864_forward_one_bank_paired_twist_loads_slothy_start.split:[444-456]: **************.... (14)
INFO:gt864-forward-full-register-schedule.gt864_forward_one_bank_paired_twist_loads_slothy_start.split:[456-468]: **************.... (14)
INFO:gt864-forward-full-register-schedule.gt864_forward_one_bank_paired_twist_loads_slothy_start.split:[468-480]: **************.... (14)
INFO:gt864-forward-full-register-schedule.gt864_forward_one_bank_paired_twist_loads_slothy_start.split:[480-492]: *************..... (13)
INFO:gt864-forward-full-register-schedule.gt864_forward_one_bank_paired_twist_loads_slothy_start.split:[492-504]: *************..... (13)
INFO:gt864-forward-full-register-schedule.gt864_forward_one_bank_paired_twist_loads_slothy_start.split:[504-516]: **************.... (14)
INFO:gt864-forward-full-register-schedule.gt864_forward_one_bank_paired_twist_loads_slothy_start.split:[516-528]: **************.... (14)
INFO:gt864-forward-full-register-schedule.gt864_forward_one_bank_paired_twist_loads_slothy_start.split:[528-540]: **************.... (14)
INFO:gt864-forward-full-register-schedule.gt864_forward_one_bank_paired_twist_loads_slothy_start.split:[540-552]: **************.... (14)
INFO:gt864-forward-full-register-schedule.gt864_forward_one_bank_paired_twist_loads_slothy_start.split:[552-564]: **************.... (14)
INFO:gt864-forward-full-register-schedule.gt864_forward_one_bank_paired_twist_loads_slothy_start.split:[564-576]: **************.... (14)
INFO:gt864-forward-full-register-schedule.gt864_forward_one_bank_paired_twist_loads_slothy_start.split:[576-588]: **************.... (14)
INFO:gt864-forward-full-register-schedule.gt864_forward_one_bank_paired_twist_loads_slothy_start.split:[588-601]: ************...... (12)
INFO:gt864-forward-full-register-schedule.gt864_forward_one_bank_paired_twist_loads_slothy_start.split.180_199:Perform internal binary search for minimal number of stalls...
INFO:gt864-forward-full-register-schedule.gt864_forward_one_bank_paired_twist_loads_slothy_start.split.180_199:Attempt optimization with max 256 stalls...
INFO:gt864-forward-full-register-schedule.gt864_forward_one_bank_paired_twist_loads_slothy_start.split.180_199:Setting timeout of 14400 seconds...
INFO:gt864-forward-full-register-schedule.gt864_forward_one_bank_paired_twist_loads_slothy_start.split.180_199:Objective: minimize cycles
INFO:gt864-forward-full-register-schedule.gt864_forward_one_bank_paired_twist_loads_slothy_start.split.180_199:Invoking external constraint solver (OR-Tools CP-SAT v9.15.6755) ...
INFO:gt864-forward-full-register-schedule.gt864_forward_one_bank_paired_twist_loads_slothy_start.split.180_199:[0.0977s]: Found 1 solutions so far... objective (minimize cycles): currently  (Cycles ~ 27.0, IPC ~ 0.70), bound  (Cycles ~ 11.0, IPC ~ 1.73)
INFO:gt864-forward-full-register-schedule.gt864_forward_one_bank_paired_twist_loads_slothy_start.split.180_199:[0.1043s]: Found 2 solutions so far... objective (minimize cycles): currently  (Cycles ~ 26.0, IPC ~ 0.73), bound  (Cycles ~ 18.0, IPC ~ 1.06)
INFO:gt864-forward-full-register-schedule.gt864_forward_one_bank_paired_twist_loads_slothy_start.split.180_199:OPTIMAL, wall time: 0.116245 s
INFO:gt864-forward-full-register-schedule.gt864_forward_one_bank_paired_twist_loads_slothy_start.split.180_199:Booleans in result: 108
INFO:gt864-forward-full-register-schedule.gt864_forward_one_bank_paired_twist_loads_slothy_start.split.180_199.selfcheck:OK!
INFO:gt864-forward-full-register-schedule.gt864_forward_one_bank_paired_twist_loads_slothy_start.split.180_199:Minimum number of stalls: 21
INFO:gt864-forward-full-register-schedule.gt864_forward_one_bank_paired_twist_loads_slothy_start.split:[  0- 12]: *************..... (13)
INFO:gt864-forward-full-register-schedule.gt864_forward_one_bank_paired_twist_loads_slothy_start.split:[ 12- 24]: ***************... (15)
INFO:gt864-forward-full-register-schedule.gt864_forward_one_bank_paired_twist_loads_slothy_start.split:[ 24- 36]: ************...... (12)
INFO:gt864-forward-full-register-schedule.gt864_forward_one_bank_paired_twist_loads_slothy_start.split:[ 36- 48]: ************...... (12)
INFO:gt864-forward-full-register-schedule.gt864_forward_one_bank_paired_twist_loads_slothy_start.split:[ 48- 60]: ************...... (12)
INFO:gt864-forward-full-register-schedule.gt864_forward_one_bank_paired_twist_loads_slothy_start.split:[ 60- 72]: ************...... (12)
INFO:gt864-forward-full-register-schedule.gt864_forward_one_bank_paired_twist_loads_slothy_start.split:[ 72- 84]: ***************... (15)
INFO:gt864-forward-full-register-schedule.gt864_forward_one_bank_paired_twist_loads_slothy_start.split:[ 84- 96]: ************...... (12)
INFO:gt864-forward-full-register-schedule.gt864_forward_one_bank_paired_twist_loads_slothy_start.split:[ 96-108]: ***************... (15)
INFO:gt864-forward-full-register-schedule.gt864_forward_one_bank_paired_twist_loads_slothy_start.split:[108-120]: **************.... (14)
INFO:gt864-forward-full-register-schedule.gt864_forward_one_bank_paired_twist_loads_slothy_start.split:[120-132]: **************.... (14)
INFO:gt864-forward-full-register-schedule.gt864_forward_one_bank_paired_twist_loads_slothy_start.split:[132-144]: ***************... (15)
INFO:gt864-forward-full-register-schedule.gt864_forward_one_bank_paired_twist_loads_slothy_start.split:[144-156]: ***************... (15)
INFO:gt864-forward-full-register-schedule.gt864_forward_one_bank_paired_twist_loads_slothy_start.split:[156-168]: ***************... (15)
INFO:gt864-forward-full-register-schedule.gt864_forward_one_bank_paired_twist_loads_slothy_start.split:[168-180]: **************.... (14)
INFO:gt864-forward-full-register-schedule.gt864_forward_one_bank_paired_twist_loads_slothy_start.split:[180-192]: ***************... (15)
INFO:gt864-forward-full-register-schedule.gt864_forward_one_bank_paired_twist_loads_slothy_start.split:[192-204]: **************.... (14)
INFO:gt864-forward-full-register-schedule.gt864_forward_one_bank_paired_twist_loads_slothy_start.split:[204-216]: **************.... (14)
INFO:gt864-forward-full-register-schedule.gt864_forward_one_bank_paired_twist_loads_slothy_start.split:[216-228]: **************.... (14)
INFO:gt864-forward-full-register-schedule.gt864_forward_one_bank_paired_twist_loads_slothy_start.split:[228-240]: **************.... (14)
INFO:gt864-forward-full-register-schedule.gt864_forward_one_bank_paired_twist_loads_slothy_start.split:[240-252]: **************.... (14)
INFO:gt864-forward-full-register-schedule.gt864_forward_one_bank_paired_twist_loads_slothy_start.split:[252-264]: **************.... (14)
INFO:gt864-forward-full-register-schedule.gt864_forward_one_bank_paired_twist_loads_slothy_start.split:[264-276]: **************.... (14)
INFO:gt864-forward-full-register-schedule.gt864_forward_one_bank_paired_twist_loads_slothy_start.split:[276-288]: **************.... (14)
INFO:gt864-forward-full-register-schedule.gt864_forward_one_bank_paired_twist_loads_slothy_start.split:[288-300]: ************...... (12)
INFO:gt864-forward-full-register-schedule.gt864_forward_one_bank_paired_twist_loads_slothy_start.split:[300-312]: *********......... (9)
INFO:gt864-forward-full-register-schedule.gt864_forward_one_bank_paired_twist_loads_slothy_start.split:[312-324]: *********......... (9)
INFO:gt864-forward-full-register-schedule.gt864_forward_one_bank_paired_twist_loads_slothy_start.split:[324-336]: *********......... (9)
INFO:gt864-forward-full-register-schedule.gt864_forward_one_bank_paired_twist_loads_slothy_start.split:[336-348]: **********........ (10)
INFO:gt864-forward-full-register-schedule.gt864_forward_one_bank_paired_twist_loads_slothy_start.split:[348-360]: **************.... (14)
INFO:gt864-forward-full-register-schedule.gt864_forward_one_bank_paired_twist_loads_slothy_start.split:[360-372]: *************..... (13)
INFO:gt864-forward-full-register-schedule.gt864_forward_one_bank_paired_twist_loads_slothy_start.split:[372-384]: *************..... (13)
INFO:gt864-forward-full-register-schedule.gt864_forward_one_bank_paired_twist_loads_slothy_start.split:[384-396]: **************.... (14)
INFO:gt864-forward-full-register-schedule.gt864_forward_one_bank_paired_twist_loads_slothy_start.split:[396-408]: **************.... (14)
INFO:gt864-forward-full-register-schedule.gt864_forward_one_bank_paired_twist_loads_slothy_start.split:[408-420]: **************.... (14)
INFO:gt864-forward-full-register-schedule.gt864_forward_one_bank_paired_twist_loads_slothy_start.split:[420-432]: **************.... (14)
INFO:gt864-forward-full-register-schedule.gt864_forward_one_bank_paired_twist_loads_slothy_start.split:[432-444]: **************.... (14)
INFO:gt864-forward-full-register-schedule.gt864_forward_one_bank_paired_twist_loads_slothy_start.split:[444-456]: **************.... (14)
INFO:gt864-forward-full-register-schedule.gt864_forward_one_bank_paired_twist_loads_slothy_start.split:[456-468]: **************.... (14)
INFO:gt864-forward-full-register-schedule.gt864_forward_one_bank_paired_twist_loads_slothy_start.split:[468-480]: **************.... (14)
INFO:gt864-forward-full-register-schedule.gt864_forward_one_bank_paired_twist_loads_slothy_start.split:[480-492]: *************..... (13)
INFO:gt864-forward-full-register-schedule.gt864_forward_one_bank_paired_twist_loads_slothy_start.split:[492-504]: *************..... (13)
INFO:gt864-forward-full-register-schedule.gt864_forward_one_bank_paired_twist_loads_slothy_start.split:[504-516]: **************.... (14)
INFO:gt864-forward-full-register-schedule.gt864_forward_one_bank_paired_twist_loads_slothy_start.split:[516-528]: **************.... (14)
INFO:gt864-forward-full-register-schedule.gt864_forward_one_bank_paired_twist_loads_slothy_start.split:[528-540]: **************.... (14)
INFO:gt864-forward-full-register-schedule.gt864_forward_one_bank_paired_twist_loads_slothy_start.split:[540-552]: **************.... (14)
INFO:gt864-forward-full-register-schedule.gt864_forward_one_bank_paired_twist_loads_slothy_start.split:[552-564]: **************.... (14)
INFO:gt864-forward-full-register-schedule.gt864_forward_one_bank_paired_twist_loads_slothy_start.split:[564-576]: **************.... (14)
INFO:gt864-forward-full-register-schedule.gt864_forward_one_bank_paired_twist_loads_slothy_start.split:[576-588]: **************.... (14)
INFO:gt864-forward-full-register-schedule.gt864_forward_one_bank_paired_twist_loads_slothy_start.split:[588-601]: ************...... (12)
INFO:gt864-forward-full-register-schedule.gt864_forward_one_bank_paired_twist_loads_slothy_start.split.210_229:Perform internal binary search for minimal number of stalls...
INFO:gt864-forward-full-register-schedule.gt864_forward_one_bank_paired_twist_loads_slothy_start.split.210_229:Attempt optimization with max 256 stalls...
INFO:gt864-forward-full-register-schedule.gt864_forward_one_bank_paired_twist_loads_slothy_start.split.210_229:Setting timeout of 14400 seconds...
INFO:gt864-forward-full-register-schedule.gt864_forward_one_bank_paired_twist_loads_slothy_start.split.210_229:Objective: minimize cycles
INFO:gt864-forward-full-register-schedule.gt864_forward_one_bank_paired_twist_loads_slothy_start.split.210_229:Invoking external constraint solver (OR-Tools CP-SAT v9.15.6755) ...
INFO:gt864-forward-full-register-schedule.gt864_forward_one_bank_paired_twist_loads_slothy_start.split.210_229:[0.0854s]: Found 1 solutions so far... objective (minimize cycles): currently  (Cycles ~ 35.0, IPC ~ 0.54), bound  (Cycles ~ 27.0, IPC ~ 0.70)
INFO:gt864-forward-full-register-schedule.gt864_forward_one_bank_paired_twist_loads_slothy_start.split.210_229:[0.0911s]: Found 2 solutions so far... objective (minimize cycles): currently  (Cycles ~ 34.0, IPC ~ 0.56), bound  (Cycles ~ 28.0, IPC ~ 0.68)
INFO:gt864-forward-full-register-schedule.gt864_forward_one_bank_paired_twist_loads_slothy_start.split.210_229:OPTIMAL, wall time: 0.102494 s
INFO:gt864-forward-full-register-schedule.gt864_forward_one_bank_paired_twist_loads_slothy_start.split.210_229:Booleans in result: 93
INFO:gt864-forward-full-register-schedule.gt864_forward_one_bank_paired_twist_loads_slothy_start.split.210_229.selfcheck:OK!
INFO:gt864-forward-full-register-schedule.gt864_forward_one_bank_paired_twist_loads_slothy_start.split.210_229:Minimum number of stalls: 29
INFO:gt864-forward-full-register-schedule.gt864_forward_one_bank_paired_twist_loads_slothy_start.split:[  0- 12]: *************..... (13)
INFO:gt864-forward-full-register-schedule.gt864_forward_one_bank_paired_twist_loads_slothy_start.split:[ 12- 24]: ***************... (15)
INFO:gt864-forward-full-register-schedule.gt864_forward_one_bank_paired_twist_loads_slothy_start.split:[ 24- 36]: ************...... (12)
INFO:gt864-forward-full-register-schedule.gt864_forward_one_bank_paired_twist_loads_slothy_start.split:[ 36- 48]: ************...... (12)
INFO:gt864-forward-full-register-schedule.gt864_forward_one_bank_paired_twist_loads_slothy_start.split:[ 48- 60]: ************...... (12)
INFO:gt864-forward-full-register-schedule.gt864_forward_one_bank_paired_twist_loads_slothy_start.split:[ 60- 72]: ************...... (12)
INFO:gt864-forward-full-register-schedule.gt864_forward_one_bank_paired_twist_loads_slothy_start.split:[ 72- 84]: ***************... (15)
INFO:gt864-forward-full-register-schedule.gt864_forward_one_bank_paired_twist_loads_slothy_start.split:[ 84- 96]: ************...... (12)
INFO:gt864-forward-full-register-schedule.gt864_forward_one_bank_paired_twist_loads_slothy_start.split:[ 96-108]: ***************... (15)
INFO:gt864-forward-full-register-schedule.gt864_forward_one_bank_paired_twist_loads_slothy_start.split:[108-120]: **************.... (14)
INFO:gt864-forward-full-register-schedule.gt864_forward_one_bank_paired_twist_loads_slothy_start.split:[120-132]: **************.... (14)
INFO:gt864-forward-full-register-schedule.gt864_forward_one_bank_paired_twist_loads_slothy_start.split:[132-144]: ***************... (15)
INFO:gt864-forward-full-register-schedule.gt864_forward_one_bank_paired_twist_loads_slothy_start.split:[144-156]: ***************... (15)
INFO:gt864-forward-full-register-schedule.gt864_forward_one_bank_paired_twist_loads_slothy_start.split:[156-168]: ***************... (15)
INFO:gt864-forward-full-register-schedule.gt864_forward_one_bank_paired_twist_loads_slothy_start.split:[168-180]: **************.... (14)
INFO:gt864-forward-full-register-schedule.gt864_forward_one_bank_paired_twist_loads_slothy_start.split:[180-192]: ***************... (15)
INFO:gt864-forward-full-register-schedule.gt864_forward_one_bank_paired_twist_loads_slothy_start.split:[192-204]: **************.... (14)
INFO:gt864-forward-full-register-schedule.gt864_forward_one_bank_paired_twist_loads_slothy_start.split:[204-216]: **************.... (14)
INFO:gt864-forward-full-register-schedule.gt864_forward_one_bank_paired_twist_loads_slothy_start.split:[216-228]: ***************... (15)
INFO:gt864-forward-full-register-schedule.gt864_forward_one_bank_paired_twist_loads_slothy_start.split:[228-240]: **************.... (14)
INFO:gt864-forward-full-register-schedule.gt864_forward_one_bank_paired_twist_loads_slothy_start.split:[240-252]: **************.... (14)
INFO:gt864-forward-full-register-schedule.gt864_forward_one_bank_paired_twist_loads_slothy_start.split:[252-264]: **************.... (14)
INFO:gt864-forward-full-register-schedule.gt864_forward_one_bank_paired_twist_loads_slothy_start.split:[264-276]: **************.... (14)
INFO:gt864-forward-full-register-schedule.gt864_forward_one_bank_paired_twist_loads_slothy_start.split:[276-288]: **************.... (14)
INFO:gt864-forward-full-register-schedule.gt864_forward_one_bank_paired_twist_loads_slothy_start.split:[288-300]: ************...... (12)
INFO:gt864-forward-full-register-schedule.gt864_forward_one_bank_paired_twist_loads_slothy_start.split:[300-312]: *********......... (9)
INFO:gt864-forward-full-register-schedule.gt864_forward_one_bank_paired_twist_loads_slothy_start.split:[312-324]: *********......... (9)
INFO:gt864-forward-full-register-schedule.gt864_forward_one_bank_paired_twist_loads_slothy_start.split:[324-336]: *********......... (9)
INFO:gt864-forward-full-register-schedule.gt864_forward_one_bank_paired_twist_loads_slothy_start.split:[336-348]: **********........ (10)
INFO:gt864-forward-full-register-schedule.gt864_forward_one_bank_paired_twist_loads_slothy_start.split:[348-360]: **************.... (14)
INFO:gt864-forward-full-register-schedule.gt864_forward_one_bank_paired_twist_loads_slothy_start.split:[360-372]: *************..... (13)
INFO:gt864-forward-full-register-schedule.gt864_forward_one_bank_paired_twist_loads_slothy_start.split:[372-384]: *************..... (13)
INFO:gt864-forward-full-register-schedule.gt864_forward_one_bank_paired_twist_loads_slothy_start.split:[384-396]: **************.... (14)
INFO:gt864-forward-full-register-schedule.gt864_forward_one_bank_paired_twist_loads_slothy_start.split:[396-408]: **************.... (14)
INFO:gt864-forward-full-register-schedule.gt864_forward_one_bank_paired_twist_loads_slothy_start.split:[408-420]: **************.... (14)
INFO:gt864-forward-full-register-schedule.gt864_forward_one_bank_paired_twist_loads_slothy_start.split:[420-432]: **************.... (14)
INFO:gt864-forward-full-register-schedule.gt864_forward_one_bank_paired_twist_loads_slothy_start.split:[432-444]: **************.... (14)
INFO:gt864-forward-full-register-schedule.gt864_forward_one_bank_paired_twist_loads_slothy_start.split:[444-456]: **************.... (14)
INFO:gt864-forward-full-register-schedule.gt864_forward_one_bank_paired_twist_loads_slothy_start.split:[456-468]: **************.... (14)
INFO:gt864-forward-full-register-schedule.gt864_forward_one_bank_paired_twist_loads_slothy_start.split:[468-480]: **************.... (14)
INFO:gt864-forward-full-register-schedule.gt864_forward_one_bank_paired_twist_loads_slothy_start.split:[480-492]: *************..... (13)
INFO:gt864-forward-full-register-schedule.gt864_forward_one_bank_paired_twist_loads_slothy_start.split:[492-504]: *************..... (13)
INFO:gt864-forward-full-register-schedule.gt864_forward_one_bank_paired_twist_loads_slothy_start.split:[504-516]: **************.... (14)
INFO:gt864-forward-full-register-schedule.gt864_forward_one_bank_paired_twist_loads_slothy_start.split:[516-528]: **************.... (14)
INFO:gt864-forward-full-register-schedule.gt864_forward_one_bank_paired_twist_loads_slothy_start.split:[528-540]: **************.... (14)
INFO:gt864-forward-full-register-schedule.gt864_forward_one_bank_paired_twist_loads_slothy_start.split:[540-552]: **************.... (14)
INFO:gt864-forward-full-register-schedule.gt864_forward_one_bank_paired_twist_loads_slothy_start.split:[552-564]: **************.... (14)
INFO:gt864-forward-full-register-schedule.gt864_forward_one_bank_paired_twist_loads_slothy_start.split:[564-576]: **************.... (14)
INFO:gt864-forward-full-register-schedule.gt864_forward_one_bank_paired_twist_loads_slothy_start.split:[576-588]: **************.... (14)
INFO:gt864-forward-full-register-schedule.gt864_forward_one_bank_paired_twist_loads_slothy_start.split:[588-601]: ************...... (12)
INFO:gt864-forward-full-register-schedule.gt864_forward_one_bank_paired_twist_loads_slothy_start.split.240_259:Perform internal binary search for minimal number of stalls...
INFO:gt864-forward-full-register-schedule.gt864_forward_one_bank_paired_twist_loads_slothy_start.split.240_259:Attempt optimization with max 256 stalls...
INFO:gt864-forward-full-register-schedule.gt864_forward_one_bank_paired_twist_loads_slothy_start.split.240_259:Setting timeout of 14400 seconds...
INFO:gt864-forward-full-register-schedule.gt864_forward_one_bank_paired_twist_loads_slothy_start.split.240_259:Objective: minimize cycles
INFO:gt864-forward-full-register-schedule.gt864_forward_one_bank_paired_twist_loads_slothy_start.split.240_259:Invoking external constraint solver (OR-Tools CP-SAT v9.15.6755) ...
INFO:gt864-forward-full-register-schedule.gt864_forward_one_bank_paired_twist_loads_slothy_start.split.240_259:[0.0910s]: Found 1 solutions so far... objective (minimize cycles): currently  (Cycles ~ 37.0, IPC ~ 0.51), bound  (Cycles ~ 18.0, IPC ~ 1.06)
INFO:gt864-forward-full-register-schedule.gt864_forward_one_bank_paired_twist_loads_slothy_start.split.240_259:[0.0946s]: Found 2 solutions so far... objective (minimize cycles): currently  (Cycles ~ 25.0, IPC ~ 0.76), bound  (Cycles ~ 18.0, IPC ~ 1.06)
INFO:gt864-forward-full-register-schedule.gt864_forward_one_bank_paired_twist_loads_slothy_start.split.240_259:[0.1015s]: Found 3 solutions so far... objective (minimize cycles): currently  (Cycles ~ 24.0, IPC ~ 0.79), bound  (Cycles ~ 23.0, IPC ~ 0.83)
INFO:gt864-forward-full-register-schedule.gt864_forward_one_bank_paired_twist_loads_slothy_start.split.240_259:OPTIMAL, wall time: 0.118225 s
INFO:gt864-forward-full-register-schedule.gt864_forward_one_bank_paired_twist_loads_slothy_start.split.240_259:Booleans in result: 116
INFO:gt864-forward-full-register-schedule.gt864_forward_one_bank_paired_twist_loads_slothy_start.split.240_259.selfcheck:OK!
INFO:gt864-forward-full-register-schedule.gt864_forward_one_bank_paired_twist_loads_slothy_start.split.240_259:Minimum number of stalls: 19
INFO:gt864-forward-full-register-schedule.gt864_forward_one_bank_paired_twist_loads_slothy_start.split:[  0- 12]: *************..... (13)
INFO:gt864-forward-full-register-schedule.gt864_forward_one_bank_paired_twist_loads_slothy_start.split:[ 12- 24]: ***************... (15)
INFO:gt864-forward-full-register-schedule.gt864_forward_one_bank_paired_twist_loads_slothy_start.split:[ 24- 36]: ************...... (12)
INFO:gt864-forward-full-register-schedule.gt864_forward_one_bank_paired_twist_loads_slothy_start.split:[ 36- 48]: ************...... (12)
INFO:gt864-forward-full-register-schedule.gt864_forward_one_bank_paired_twist_loads_slothy_start.split:[ 48- 60]: ************...... (12)
INFO:gt864-forward-full-register-schedule.gt864_forward_one_bank_paired_twist_loads_slothy_start.split:[ 60- 72]: ************...... (12)
INFO:gt864-forward-full-register-schedule.gt864_forward_one_bank_paired_twist_loads_slothy_start.split:[ 72- 84]: ***************... (15)
INFO:gt864-forward-full-register-schedule.gt864_forward_one_bank_paired_twist_loads_slothy_start.split:[ 84- 96]: ************...... (12)
INFO:gt864-forward-full-register-schedule.gt864_forward_one_bank_paired_twist_loads_slothy_start.split:[ 96-108]: ***************... (15)
INFO:gt864-forward-full-register-schedule.gt864_forward_one_bank_paired_twist_loads_slothy_start.split:[108-120]: **************.... (14)
INFO:gt864-forward-full-register-schedule.gt864_forward_one_bank_paired_twist_loads_slothy_start.split:[120-132]: **************.... (14)
INFO:gt864-forward-full-register-schedule.gt864_forward_one_bank_paired_twist_loads_slothy_start.split:[132-144]: ***************... (15)
INFO:gt864-forward-full-register-schedule.gt864_forward_one_bank_paired_twist_loads_slothy_start.split:[144-156]: ***************... (15)
INFO:gt864-forward-full-register-schedule.gt864_forward_one_bank_paired_twist_loads_slothy_start.split:[156-168]: ***************... (15)
INFO:gt864-forward-full-register-schedule.gt864_forward_one_bank_paired_twist_loads_slothy_start.split:[168-180]: **************.... (14)
INFO:gt864-forward-full-register-schedule.gt864_forward_one_bank_paired_twist_loads_slothy_start.split:[180-192]: ***************... (15)
INFO:gt864-forward-full-register-schedule.gt864_forward_one_bank_paired_twist_loads_slothy_start.split:[192-204]: **************.... (14)
INFO:gt864-forward-full-register-schedule.gt864_forward_one_bank_paired_twist_loads_slothy_start.split:[204-216]: **************.... (14)
INFO:gt864-forward-full-register-schedule.gt864_forward_one_bank_paired_twist_loads_slothy_start.split:[216-228]: ***************... (15)
INFO:gt864-forward-full-register-schedule.gt864_forward_one_bank_paired_twist_loads_slothy_start.split:[228-240]: **************.... (14)
INFO:gt864-forward-full-register-schedule.gt864_forward_one_bank_paired_twist_loads_slothy_start.split:[240-252]: **************.... (14)
INFO:gt864-forward-full-register-schedule.gt864_forward_one_bank_paired_twist_loads_slothy_start.split:[252-264]: **************.... (14)
INFO:gt864-forward-full-register-schedule.gt864_forward_one_bank_paired_twist_loads_slothy_start.split:[264-276]: **************.... (14)
INFO:gt864-forward-full-register-schedule.gt864_forward_one_bank_paired_twist_loads_slothy_start.split:[276-288]: **************.... (14)
INFO:gt864-forward-full-register-schedule.gt864_forward_one_bank_paired_twist_loads_slothy_start.split:[288-300]: ************...... (12)
INFO:gt864-forward-full-register-schedule.gt864_forward_one_bank_paired_twist_loads_slothy_start.split:[300-312]: *********......... (9)
INFO:gt864-forward-full-register-schedule.gt864_forward_one_bank_paired_twist_loads_slothy_start.split:[312-324]: *********......... (9)
INFO:gt864-forward-full-register-schedule.gt864_forward_one_bank_paired_twist_loads_slothy_start.split:[324-336]: *********......... (9)
INFO:gt864-forward-full-register-schedule.gt864_forward_one_bank_paired_twist_loads_slothy_start.split:[336-348]: **********........ (10)
INFO:gt864-forward-full-register-schedule.gt864_forward_one_bank_paired_twist_loads_slothy_start.split:[348-360]: **************.... (14)
INFO:gt864-forward-full-register-schedule.gt864_forward_one_bank_paired_twist_loads_slothy_start.split:[360-372]: *************..... (13)
INFO:gt864-forward-full-register-schedule.gt864_forward_one_bank_paired_twist_loads_slothy_start.split:[372-384]: *************..... (13)
INFO:gt864-forward-full-register-schedule.gt864_forward_one_bank_paired_twist_loads_slothy_start.split:[384-396]: **************.... (14)
INFO:gt864-forward-full-register-schedule.gt864_forward_one_bank_paired_twist_loads_slothy_start.split:[396-408]: **************.... (14)
INFO:gt864-forward-full-register-schedule.gt864_forward_one_bank_paired_twist_loads_slothy_start.split:[408-420]: **************.... (14)
INFO:gt864-forward-full-register-schedule.gt864_forward_one_bank_paired_twist_loads_slothy_start.split:[420-432]: **************.... (14)
INFO:gt864-forward-full-register-schedule.gt864_forward_one_bank_paired_twist_loads_slothy_start.split:[432-444]: **************.... (14)
INFO:gt864-forward-full-register-schedule.gt864_forward_one_bank_paired_twist_loads_slothy_start.split:[444-456]: **************.... (14)
INFO:gt864-forward-full-register-schedule.gt864_forward_one_bank_paired_twist_loads_slothy_start.split:[456-468]: **************.... (14)
INFO:gt864-forward-full-register-schedule.gt864_forward_one_bank_paired_twist_loads_slothy_start.split:[468-480]: **************.... (14)
INFO:gt864-forward-full-register-schedule.gt864_forward_one_bank_paired_twist_loads_slothy_start.split:[480-492]: *************..... (13)
INFO:gt864-forward-full-register-schedule.gt864_forward_one_bank_paired_twist_loads_slothy_start.split:[492-504]: *************..... (13)
INFO:gt864-forward-full-register-schedule.gt864_forward_one_bank_paired_twist_loads_slothy_start.split:[504-516]: **************.... (14)
INFO:gt864-forward-full-register-schedule.gt864_forward_one_bank_paired_twist_loads_slothy_start.split:[516-528]: **************.... (14)
INFO:gt864-forward-full-register-schedule.gt864_forward_one_bank_paired_twist_loads_slothy_start.split:[528-540]: **************.... (14)
INFO:gt864-forward-full-register-schedule.gt864_forward_one_bank_paired_twist_loads_slothy_start.split:[540-552]: **************.... (14)
INFO:gt864-forward-full-register-schedule.gt864_forward_one_bank_paired_twist_loads_slothy_start.split:[552-564]: **************.... (14)
INFO:gt864-forward-full-register-schedule.gt864_forward_one_bank_paired_twist_loads_slothy_start.split:[564-576]: **************.... (14)
INFO:gt864-forward-full-register-schedule.gt864_forward_one_bank_paired_twist_loads_slothy_start.split:[576-588]: **************.... (14)
INFO:gt864-forward-full-register-schedule.gt864_forward_one_bank_paired_twist_loads_slothy_start.split:[588-601]: ************...... (12)
INFO:gt864-forward-full-register-schedule.gt864_forward_one_bank_paired_twist_loads_slothy_start.split.270_289:Perform internal binary search for minimal number of stalls...
INFO:gt864-forward-full-register-schedule.gt864_forward_one_bank_paired_twist_loads_slothy_start.split.270_289:Attempt optimization with max 256 stalls...
INFO:gt864-forward-full-register-schedule.gt864_forward_one_bank_paired_twist_loads_slothy_start.split.270_289:Setting timeout of 14400 seconds...
INFO:gt864-forward-full-register-schedule.gt864_forward_one_bank_paired_twist_loads_slothy_start.split.270_289:Objective: minimize cycles
INFO:gt864-forward-full-register-schedule.gt864_forward_one_bank_paired_twist_loads_slothy_start.split.270_289:Invoking external constraint solver (OR-Tools CP-SAT v9.15.6755) ...
INFO:gt864-forward-full-register-schedule.gt864_forward_one_bank_paired_twist_loads_slothy_start.split.270_289:[0.0739s]: Found 1 solutions so far... objective (minimize cycles): currently  (Cycles ~ 24.0, IPC ~ 0.79), bound  (Cycles ~ 18.0, IPC ~ 1.06)
INFO:gt864-forward-full-register-schedule.gt864_forward_one_bank_paired_twist_loads_slothy_start.split.270_289:[0.0964s]: Found 2 solutions so far... objective (minimize cycles): currently  (Cycles ~ 23.0, IPC ~ 0.83), bound  (Cycles ~ 22.0, IPC ~ 0.86)
INFO:gt864-forward-full-register-schedule.gt864_forward_one_bank_paired_twist_loads_slothy_start.split.270_289:OPTIMAL, wall time: 0.112707 s
INFO:gt864-forward-full-register-schedule.gt864_forward_one_bank_paired_twist_loads_slothy_start.split.270_289:Booleans in result: 109
INFO:gt864-forward-full-register-schedule.gt864_forward_one_bank_paired_twist_loads_slothy_start.split.270_289.selfcheck:OK!
INFO:gt864-forward-full-register-schedule.gt864_forward_one_bank_paired_twist_loads_slothy_start.split.270_289:Minimum number of stalls: 18
INFO:gt864-forward-full-register-schedule.gt864_forward_one_bank_paired_twist_loads_slothy_start.split:[  0- 12]: *************..... (13)
INFO:gt864-forward-full-register-schedule.gt864_forward_one_bank_paired_twist_loads_slothy_start.split:[ 12- 24]: ***************... (15)
INFO:gt864-forward-full-register-schedule.gt864_forward_one_bank_paired_twist_loads_slothy_start.split:[ 24- 36]: ************...... (12)
INFO:gt864-forward-full-register-schedule.gt864_forward_one_bank_paired_twist_loads_slothy_start.split:[ 36- 48]: ************...... (12)
INFO:gt864-forward-full-register-schedule.gt864_forward_one_bank_paired_twist_loads_slothy_start.split:[ 48- 60]: ************...... (12)
INFO:gt864-forward-full-register-schedule.gt864_forward_one_bank_paired_twist_loads_slothy_start.split:[ 60- 72]: ************...... (12)
INFO:gt864-forward-full-register-schedule.gt864_forward_one_bank_paired_twist_loads_slothy_start.split:[ 72- 84]: ***************... (15)
INFO:gt864-forward-full-register-schedule.gt864_forward_one_bank_paired_twist_loads_slothy_start.split:[ 84- 96]: ************...... (12)
INFO:gt864-forward-full-register-schedule.gt864_forward_one_bank_paired_twist_loads_slothy_start.split:[ 96-108]: ***************... (15)
INFO:gt864-forward-full-register-schedule.gt864_forward_one_bank_paired_twist_loads_slothy_start.split:[108-120]: **************.... (14)
INFO:gt864-forward-full-register-schedule.gt864_forward_one_bank_paired_twist_loads_slothy_start.split:[120-132]: **************.... (14)
INFO:gt864-forward-full-register-schedule.gt864_forward_one_bank_paired_twist_loads_slothy_start.split:[132-144]: ***************... (15)
INFO:gt864-forward-full-register-schedule.gt864_forward_one_bank_paired_twist_loads_slothy_start.split:[144-156]: ***************... (15)
INFO:gt864-forward-full-register-schedule.gt864_forward_one_bank_paired_twist_loads_slothy_start.split:[156-168]: ***************... (15)
INFO:gt864-forward-full-register-schedule.gt864_forward_one_bank_paired_twist_loads_slothy_start.split:[168-180]: **************.... (14)
INFO:gt864-forward-full-register-schedule.gt864_forward_one_bank_paired_twist_loads_slothy_start.split:[180-192]: ***************... (15)
INFO:gt864-forward-full-register-schedule.gt864_forward_one_bank_paired_twist_loads_slothy_start.split:[192-204]: **************.... (14)
INFO:gt864-forward-full-register-schedule.gt864_forward_one_bank_paired_twist_loads_slothy_start.split:[204-216]: **************.... (14)
INFO:gt864-forward-full-register-schedule.gt864_forward_one_bank_paired_twist_loads_slothy_start.split:[216-228]: ***************... (15)
INFO:gt864-forward-full-register-schedule.gt864_forward_one_bank_paired_twist_loads_slothy_start.split:[228-240]: **************.... (14)
INFO:gt864-forward-full-register-schedule.gt864_forward_one_bank_paired_twist_loads_slothy_start.split:[240-252]: **************.... (14)
INFO:gt864-forward-full-register-schedule.gt864_forward_one_bank_paired_twist_loads_slothy_start.split:[252-264]: **************.... (14)
INFO:gt864-forward-full-register-schedule.gt864_forward_one_bank_paired_twist_loads_slothy_start.split:[264-276]: *************..... (13)
INFO:gt864-forward-full-register-schedule.gt864_forward_one_bank_paired_twist_loads_slothy_start.split:[276-288]: **************.... (14)
INFO:gt864-forward-full-register-schedule.gt864_forward_one_bank_paired_twist_loads_slothy_start.split:[288-300]: ************...... (12)
INFO:gt864-forward-full-register-schedule.gt864_forward_one_bank_paired_twist_loads_slothy_start.split:[300-312]: *********......... (9)
INFO:gt864-forward-full-register-schedule.gt864_forward_one_bank_paired_twist_loads_slothy_start.split:[312-324]: *********......... (9)
INFO:gt864-forward-full-register-schedule.gt864_forward_one_bank_paired_twist_loads_slothy_start.split:[324-336]: *********......... (9)
INFO:gt864-forward-full-register-schedule.gt864_forward_one_bank_paired_twist_loads_slothy_start.split:[336-348]: **********........ (10)
INFO:gt864-forward-full-register-schedule.gt864_forward_one_bank_paired_twist_loads_slothy_start.split:[348-360]: **************.... (14)
INFO:gt864-forward-full-register-schedule.gt864_forward_one_bank_paired_twist_loads_slothy_start.split:[360-372]: *************..... (13)
INFO:gt864-forward-full-register-schedule.gt864_forward_one_bank_paired_twist_loads_slothy_start.split:[372-384]: *************..... (13)
INFO:gt864-forward-full-register-schedule.gt864_forward_one_bank_paired_twist_loads_slothy_start.split:[384-396]: **************.... (14)
INFO:gt864-forward-full-register-schedule.gt864_forward_one_bank_paired_twist_loads_slothy_start.split:[396-408]: **************.... (14)
INFO:gt864-forward-full-register-schedule.gt864_forward_one_bank_paired_twist_loads_slothy_start.split:[408-420]: **************.... (14)
INFO:gt864-forward-full-register-schedule.gt864_forward_one_bank_paired_twist_loads_slothy_start.split:[420-432]: **************.... (14)
INFO:gt864-forward-full-register-schedule.gt864_forward_one_bank_paired_twist_loads_slothy_start.split:[432-444]: **************.... (14)
INFO:gt864-forward-full-register-schedule.gt864_forward_one_bank_paired_twist_loads_slothy_start.split:[444-456]: **************.... (14)
INFO:gt864-forward-full-register-schedule.gt864_forward_one_bank_paired_twist_loads_slothy_start.split:[456-468]: **************.... (14)
INFO:gt864-forward-full-register-schedule.gt864_forward_one_bank_paired_twist_loads_slothy_start.split:[468-480]: **************.... (14)
INFO:gt864-forward-full-register-schedule.gt864_forward_one_bank_paired_twist_loads_slothy_start.split:[480-492]: *************..... (13)
INFO:gt864-forward-full-register-schedule.gt864_forward_one_bank_paired_twist_loads_slothy_start.split:[492-504]: *************..... (13)
INFO:gt864-forward-full-register-schedule.gt864_forward_one_bank_paired_twist_loads_slothy_start.split:[504-516]: **************.... (14)
INFO:gt864-forward-full-register-schedule.gt864_forward_one_bank_paired_twist_loads_slothy_start.split:[516-528]: **************.... (14)
INFO:gt864-forward-full-register-schedule.gt864_forward_one_bank_paired_twist_loads_slothy_start.split:[528-540]: **************.... (14)
INFO:gt864-forward-full-register-schedule.gt864_forward_one_bank_paired_twist_loads_slothy_start.split:[540-552]: **************.... (14)
INFO:gt864-forward-full-register-schedule.gt864_forward_one_bank_paired_twist_loads_slothy_start.split:[552-564]: **************.... (14)
INFO:gt864-forward-full-register-schedule.gt864_forward_one_bank_paired_twist_loads_slothy_start.split:[564-576]: **************.... (14)
INFO:gt864-forward-full-register-schedule.gt864_forward_one_bank_paired_twist_loads_slothy_start.split:[576-588]: **************.... (14)
INFO:gt864-forward-full-register-schedule.gt864_forward_one_bank_paired_twist_loads_slothy_start.split:[588-601]: ************...... (12)
INFO:gt864-forward-full-register-schedule.gt864_forward_one_bank_paired_twist_loads_slothy_start.split.300_319:Perform internal binary search for minimal number of stalls...
INFO:gt864-forward-full-register-schedule.gt864_forward_one_bank_paired_twist_loads_slothy_start.split.300_319:Attempt optimization with max 256 stalls...
INFO:gt864-forward-full-register-schedule.gt864_forward_one_bank_paired_twist_loads_slothy_start.split.300_319:Setting timeout of 14400 seconds...
INFO:gt864-forward-full-register-schedule.gt864_forward_one_bank_paired_twist_loads_slothy_start.split.300_319:Objective: minimize cycles
INFO:gt864-forward-full-register-schedule.gt864_forward_one_bank_paired_twist_loads_slothy_start.split.300_319:Invoking external constraint solver (OR-Tools CP-SAT v9.15.6755) ...
INFO:gt864-forward-full-register-schedule.gt864_forward_one_bank_paired_twist_loads_slothy_start.split.300_319:[0.2076s]: Found 1 solutions so far... objective (minimize cycles): currently  (Cycles ~ 10.0, IPC ~ 1.90), bound  (Cycles ~ 5.0, IPC ~ 3.80)
INFO:gt864-forward-full-register-schedule.gt864_forward_one_bank_paired_twist_loads_slothy_start.split.300_319:OPTIMAL, wall time: 0.241595 s
INFO:gt864-forward-full-register-schedule.gt864_forward_one_bank_paired_twist_loads_slothy_start.split.300_319:Booleans in result: 210
INFO:gt864-forward-full-register-schedule.gt864_forward_one_bank_paired_twist_loads_slothy_start.split.300_319.selfcheck:OK!
INFO:gt864-forward-full-register-schedule.gt864_forward_one_bank_paired_twist_loads_slothy_start.split.300_319:Minimum number of stalls: 5
INFO:gt864-forward-full-register-schedule.gt864_forward_one_bank_paired_twist_loads_slothy_start.split:[  0- 12]: *************..... (13)
INFO:gt864-forward-full-register-schedule.gt864_forward_one_bank_paired_twist_loads_slothy_start.split:[ 12- 24]: ***************... (15)
INFO:gt864-forward-full-register-schedule.gt864_forward_one_bank_paired_twist_loads_slothy_start.split:[ 24- 36]: ************...... (12)
INFO:gt864-forward-full-register-schedule.gt864_forward_one_bank_paired_twist_loads_slothy_start.split:[ 36- 48]: ************...... (12)
INFO:gt864-forward-full-register-schedule.gt864_forward_one_bank_paired_twist_loads_slothy_start.split:[ 48- 60]: ************...... (12)
INFO:gt864-forward-full-register-schedule.gt864_forward_one_bank_paired_twist_loads_slothy_start.split:[ 60- 72]: ************...... (12)
INFO:gt864-forward-full-register-schedule.gt864_forward_one_bank_paired_twist_loads_slothy_start.split:[ 72- 84]: ***************... (15)
INFO:gt864-forward-full-register-schedule.gt864_forward_one_bank_paired_twist_loads_slothy_start.split:[ 84- 96]: ************...... (12)
INFO:gt864-forward-full-register-schedule.gt864_forward_one_bank_paired_twist_loads_slothy_start.split:[ 96-108]: ***************... (15)
INFO:gt864-forward-full-register-schedule.gt864_forward_one_bank_paired_twist_loads_slothy_start.split:[108-120]: **************.... (14)
INFO:gt864-forward-full-register-schedule.gt864_forward_one_bank_paired_twist_loads_slothy_start.split:[120-132]: **************.... (14)
INFO:gt864-forward-full-register-schedule.gt864_forward_one_bank_paired_twist_loads_slothy_start.split:[132-144]: ***************... (15)
INFO:gt864-forward-full-register-schedule.gt864_forward_one_bank_paired_twist_loads_slothy_start.split:[144-156]: ***************... (15)
INFO:gt864-forward-full-register-schedule.gt864_forward_one_bank_paired_twist_loads_slothy_start.split:[156-168]: ***************... (15)
INFO:gt864-forward-full-register-schedule.gt864_forward_one_bank_paired_twist_loads_slothy_start.split:[168-180]: **************.... (14)
INFO:gt864-forward-full-register-schedule.gt864_forward_one_bank_paired_twist_loads_slothy_start.split:[180-192]: ***************... (15)
INFO:gt864-forward-full-register-schedule.gt864_forward_one_bank_paired_twist_loads_slothy_start.split:[192-204]: **************.... (14)
INFO:gt864-forward-full-register-schedule.gt864_forward_one_bank_paired_twist_loads_slothy_start.split:[204-216]: **************.... (14)
INFO:gt864-forward-full-register-schedule.gt864_forward_one_bank_paired_twist_loads_slothy_start.split:[216-228]: ***************... (15)
INFO:gt864-forward-full-register-schedule.gt864_forward_one_bank_paired_twist_loads_slothy_start.split:[228-240]: **************.... (14)
INFO:gt864-forward-full-register-schedule.gt864_forward_one_bank_paired_twist_loads_slothy_start.split:[240-252]: **************.... (14)
INFO:gt864-forward-full-register-schedule.gt864_forward_one_bank_paired_twist_loads_slothy_start.split:[252-264]: **************.... (14)
INFO:gt864-forward-full-register-schedule.gt864_forward_one_bank_paired_twist_loads_slothy_start.split:[264-276]: *************..... (13)
INFO:gt864-forward-full-register-schedule.gt864_forward_one_bank_paired_twist_loads_slothy_start.split:[276-288]: **************.... (14)
INFO:gt864-forward-full-register-schedule.gt864_forward_one_bank_paired_twist_loads_slothy_start.split:[288-300]: ************...... (12)
INFO:gt864-forward-full-register-schedule.gt864_forward_one_bank_paired_twist_loads_slothy_start.split:[300-312]: *********......... (9)
INFO:gt864-forward-full-register-schedule.gt864_forward_one_bank_paired_twist_loads_slothy_start.split:[312-324]: *********......... (9)
INFO:gt864-forward-full-register-schedule.gt864_forward_one_bank_paired_twist_loads_slothy_start.split:[324-336]: *********......... (9)
INFO:gt864-forward-full-register-schedule.gt864_forward_one_bank_paired_twist_loads_slothy_start.split:[336-348]: **********........ (10)
INFO:gt864-forward-full-register-schedule.gt864_forward_one_bank_paired_twist_loads_slothy_start.split:[348-360]: **************.... (14)
INFO:gt864-forward-full-register-schedule.gt864_forward_one_bank_paired_twist_loads_slothy_start.split:[360-372]: *************..... (13)
INFO:gt864-forward-full-register-schedule.gt864_forward_one_bank_paired_twist_loads_slothy_start.split:[372-384]: *************..... (13)
INFO:gt864-forward-full-register-schedule.gt864_forward_one_bank_paired_twist_loads_slothy_start.split:[384-396]: **************.... (14)
INFO:gt864-forward-full-register-schedule.gt864_forward_one_bank_paired_twist_loads_slothy_start.split:[396-408]: **************.... (14)
INFO:gt864-forward-full-register-schedule.gt864_forward_one_bank_paired_twist_loads_slothy_start.split:[408-420]: **************.... (14)
INFO:gt864-forward-full-register-schedule.gt864_forward_one_bank_paired_twist_loads_slothy_start.split:[420-432]: **************.... (14)
INFO:gt864-forward-full-register-schedule.gt864_forward_one_bank_paired_twist_loads_slothy_start.split:[432-444]: **************.... (14)
INFO:gt864-forward-full-register-schedule.gt864_forward_one_bank_paired_twist_loads_slothy_start.split:[444-456]: **************.... (14)
INFO:gt864-forward-full-register-schedule.gt864_forward_one_bank_paired_twist_loads_slothy_start.split:[456-468]: **************.... (14)
INFO:gt864-forward-full-register-schedule.gt864_forward_one_bank_paired_twist_loads_slothy_start.split:[468-480]: **************.... (14)
INFO:gt864-forward-full-register-schedule.gt864_forward_one_bank_paired_twist_loads_slothy_start.split:[480-492]: *************..... (13)
INFO:gt864-forward-full-register-schedule.gt864_forward_one_bank_paired_twist_loads_slothy_start.split:[492-504]: *************..... (13)
INFO:gt864-forward-full-register-schedule.gt864_forward_one_bank_paired_twist_loads_slothy_start.split:[504-516]: **************.... (14)
INFO:gt864-forward-full-register-schedule.gt864_forward_one_bank_paired_twist_loads_slothy_start.split:[516-528]: **************.... (14)
INFO:gt864-forward-full-register-schedule.gt864_forward_one_bank_paired_twist_loads_slothy_start.split:[528-540]: **************.... (14)
INFO:gt864-forward-full-register-schedule.gt864_forward_one_bank_paired_twist_loads_slothy_start.split:[540-552]: **************.... (14)
INFO:gt864-forward-full-register-schedule.gt864_forward_one_bank_paired_twist_loads_slothy_start.split:[552-564]: **************.... (14)
INFO:gt864-forward-full-register-schedule.gt864_forward_one_bank_paired_twist_loads_slothy_start.split:[564-576]: **************.... (14)
INFO:gt864-forward-full-register-schedule.gt864_forward_one_bank_paired_twist_loads_slothy_start.split:[576-588]: **************.... (14)
INFO:gt864-forward-full-register-schedule.gt864_forward_one_bank_paired_twist_loads_slothy_start.split:[588-601]: ************...... (12)
INFO:gt864-forward-full-register-schedule.gt864_forward_one_bank_paired_twist_loads_slothy_start.split.331_349:Perform internal binary search for minimal number of stalls...
INFO:gt864-forward-full-register-schedule.gt864_forward_one_bank_paired_twist_loads_slothy_start.split.331_349:Attempt optimization with max 256 stalls...
INFO:gt864-forward-full-register-schedule.gt864_forward_one_bank_paired_twist_loads_slothy_start.split.331_349:Setting timeout of 14400 seconds...
INFO:gt864-forward-full-register-schedule.gt864_forward_one_bank_paired_twist_loads_slothy_start.split.331_349:Objective: minimize cycles
INFO:gt864-forward-full-register-schedule.gt864_forward_one_bank_paired_twist_loads_slothy_start.split.331_349:Invoking external constraint solver (OR-Tools CP-SAT v9.15.6755) ...
INFO:gt864-forward-full-register-schedule.gt864_forward_one_bank_paired_twist_loads_slothy_start.split.331_349:[0.1581s]: Found 1 solutions so far... objective (minimize cycles): currently  (Cycles ~ 17.0, IPC ~ 1.06), bound  (Cycles ~ 10.0, IPC ~ 1.80)
INFO:gt864-forward-full-register-schedule.gt864_forward_one_bank_paired_twist_loads_slothy_start.split.331_349:[0.1712s]: Found 2 solutions so far... objective (minimize cycles): currently  (Cycles ~ 16.0, IPC ~ 1.12), bound  (Cycles ~ 10.0, IPC ~ 1.80)
INFO:gt864-forward-full-register-schedule.gt864_forward_one_bank_paired_twist_loads_slothy_start.split.331_349:[0.1802s]: Found 3 solutions so far... objective (minimize cycles): currently  (Cycles ~ 15.0, IPC ~ 1.20), bound  (Cycles ~ 10.0, IPC ~ 1.80)
INFO:gt864-forward-full-register-schedule.gt864_forward_one_bank_paired_twist_loads_slothy_start.split.331_349:[0.1873s]: Found 4 solutions so far... objective (minimize cycles): currently  (Cycles ~ 14.0, IPC ~ 1.29), bound  (Cycles ~ 10.0, IPC ~ 1.80)
INFO:gt864-forward-full-register-schedule.gt864_forward_one_bank_paired_twist_loads_slothy_start.split.331_349:[0.1954s]: Found 5 solutions so far... objective (minimize cycles): currently  (Cycles ~ 13.0, IPC ~ 1.38), bound  (Cycles ~ 10.0, IPC ~ 1.80)
INFO:gt864-forward-full-register-schedule.gt864_forward_one_bank_paired_twist_loads_slothy_start.split.331_349:[0.2022s]: Found 6 solutions so far... objective (minimize cycles): currently  (Cycles ~ 11.0, IPC ~ 1.64), bound  (Cycles ~ 10.0, IPC ~ 1.80)
INFO:gt864-forward-full-register-schedule.gt864_forward_one_bank_paired_twist_loads_slothy_start.split.331_349:[0.2119s]: Found 7 solutions so far... objective (minimize cycles): currently  (Cycles ~ 10.0, IPC ~ 1.80), bound  (Cycles ~ 10.0, IPC ~ 1.80)
INFO:gt864-forward-full-register-schedule.gt864_forward_one_bank_paired_twist_loads_slothy_start.split.331_349:Closer than 0 stalls to theoretical optimum... stop
INFO:gt864-forward-full-register-schedule.gt864_forward_one_bank_paired_twist_loads_slothy_start.split.331_349:OPTIMAL, wall time: 0.226191 s
INFO:gt864-forward-full-register-schedule.gt864_forward_one_bank_paired_twist_loads_slothy_start.split.331_349:Booleans in result: 178
INFO:gt864-forward-full-register-schedule.gt864_forward_one_bank_paired_twist_loads_slothy_start.split.331_349.selfcheck:OK!
INFO:gt864-forward-full-register-schedule.gt864_forward_one_bank_paired_twist_loads_slothy_start.split.331_349:Minimum number of stalls: 5
INFO:gt864-forward-full-register-schedule.gt864_forward_one_bank_paired_twist_loads_slothy_start.split:[  0- 12]: *************..... (13)
INFO:gt864-forward-full-register-schedule.gt864_forward_one_bank_paired_twist_loads_slothy_start.split:[ 12- 24]: ***************... (15)
INFO:gt864-forward-full-register-schedule.gt864_forward_one_bank_paired_twist_loads_slothy_start.split:[ 24- 36]: ************...... (12)
INFO:gt864-forward-full-register-schedule.gt864_forward_one_bank_paired_twist_loads_slothy_start.split:[ 36- 48]: ************...... (12)
INFO:gt864-forward-full-register-schedule.gt864_forward_one_bank_paired_twist_loads_slothy_start.split:[ 48- 60]: ************...... (12)
INFO:gt864-forward-full-register-schedule.gt864_forward_one_bank_paired_twist_loads_slothy_start.split:[ 60- 72]: ************...... (12)
INFO:gt864-forward-full-register-schedule.gt864_forward_one_bank_paired_twist_loads_slothy_start.split:[ 72- 84]: ***************... (15)
INFO:gt864-forward-full-register-schedule.gt864_forward_one_bank_paired_twist_loads_slothy_start.split:[ 84- 96]: ************...... (12)
INFO:gt864-forward-full-register-schedule.gt864_forward_one_bank_paired_twist_loads_slothy_start.split:[ 96-108]: ***************... (15)
INFO:gt864-forward-full-register-schedule.gt864_forward_one_bank_paired_twist_loads_slothy_start.split:[108-120]: **************.... (14)
INFO:gt864-forward-full-register-schedule.gt864_forward_one_bank_paired_twist_loads_slothy_start.split:[120-132]: **************.... (14)
INFO:gt864-forward-full-register-schedule.gt864_forward_one_bank_paired_twist_loads_slothy_start.split:[132-144]: ***************... (15)
INFO:gt864-forward-full-register-schedule.gt864_forward_one_bank_paired_twist_loads_slothy_start.split:[144-156]: ***************... (15)
INFO:gt864-forward-full-register-schedule.gt864_forward_one_bank_paired_twist_loads_slothy_start.split:[156-168]: ***************... (15)
INFO:gt864-forward-full-register-schedule.gt864_forward_one_bank_paired_twist_loads_slothy_start.split:[168-180]: **************.... (14)
INFO:gt864-forward-full-register-schedule.gt864_forward_one_bank_paired_twist_loads_slothy_start.split:[180-192]: ***************... (15)
INFO:gt864-forward-full-register-schedule.gt864_forward_one_bank_paired_twist_loads_slothy_start.split:[192-204]: **************.... (14)
INFO:gt864-forward-full-register-schedule.gt864_forward_one_bank_paired_twist_loads_slothy_start.split:[204-216]: **************.... (14)
INFO:gt864-forward-full-register-schedule.gt864_forward_one_bank_paired_twist_loads_slothy_start.split:[216-228]: ***************... (15)
INFO:gt864-forward-full-register-schedule.gt864_forward_one_bank_paired_twist_loads_slothy_start.split:[228-240]: **************.... (14)
INFO:gt864-forward-full-register-schedule.gt864_forward_one_bank_paired_twist_loads_slothy_start.split:[240-252]: **************.... (14)
INFO:gt864-forward-full-register-schedule.gt864_forward_one_bank_paired_twist_loads_slothy_start.split:[252-264]: **************.... (14)
INFO:gt864-forward-full-register-schedule.gt864_forward_one_bank_paired_twist_loads_slothy_start.split:[264-276]: *************..... (13)
INFO:gt864-forward-full-register-schedule.gt864_forward_one_bank_paired_twist_loads_slothy_start.split:[276-288]: **************.... (14)
INFO:gt864-forward-full-register-schedule.gt864_forward_one_bank_paired_twist_loads_slothy_start.split:[288-300]: ************...... (12)
INFO:gt864-forward-full-register-schedule.gt864_forward_one_bank_paired_twist_loads_slothy_start.split:[300-312]: *********......... (9)
INFO:gt864-forward-full-register-schedule.gt864_forward_one_bank_paired_twist_loads_slothy_start.split:[312-324]: *********......... (9)
INFO:gt864-forward-full-register-schedule.gt864_forward_one_bank_paired_twist_loads_slothy_start.split:[324-336]: *********......... (9)
INFO:gt864-forward-full-register-schedule.gt864_forward_one_bank_paired_twist_loads_slothy_start.split:[336-348]: **********........ (10)
INFO:gt864-forward-full-register-schedule.gt864_forward_one_bank_paired_twist_loads_slothy_start.split:[348-360]: **************.... (14)
INFO:gt864-forward-full-register-schedule.gt864_forward_one_bank_paired_twist_loads_slothy_start.split:[360-372]: *************..... (13)
INFO:gt864-forward-full-register-schedule.gt864_forward_one_bank_paired_twist_loads_slothy_start.split:[372-384]: *************..... (13)
INFO:gt864-forward-full-register-schedule.gt864_forward_one_bank_paired_twist_loads_slothy_start.split:[384-396]: **************.... (14)
INFO:gt864-forward-full-register-schedule.gt864_forward_one_bank_paired_twist_loads_slothy_start.split:[396-408]: **************.... (14)
INFO:gt864-forward-full-register-schedule.gt864_forward_one_bank_paired_twist_loads_slothy_start.split:[408-420]: **************.... (14)
INFO:gt864-forward-full-register-schedule.gt864_forward_one_bank_paired_twist_loads_slothy_start.split:[420-432]: **************.... (14)
INFO:gt864-forward-full-register-schedule.gt864_forward_one_bank_paired_twist_loads_slothy_start.split:[432-444]: **************.... (14)
INFO:gt864-forward-full-register-schedule.gt864_forward_one_bank_paired_twist_loads_slothy_start.split:[444-456]: **************.... (14)
INFO:gt864-forward-full-register-schedule.gt864_forward_one_bank_paired_twist_loads_slothy_start.split:[456-468]: **************.... (14)
INFO:gt864-forward-full-register-schedule.gt864_forward_one_bank_paired_twist_loads_slothy_start.split:[468-480]: **************.... (14)
INFO:gt864-forward-full-register-schedule.gt864_forward_one_bank_paired_twist_loads_slothy_start.split:[480-492]: *************..... (13)
INFO:gt864-forward-full-register-schedule.gt864_forward_one_bank_paired_twist_loads_slothy_start.split:[492-504]: *************..... (13)
INFO:gt864-forward-full-register-schedule.gt864_forward_one_bank_paired_twist_loads_slothy_start.split:[504-516]: **************.... (14)
INFO:gt864-forward-full-register-schedule.gt864_forward_one_bank_paired_twist_loads_slothy_start.split:[516-528]: **************.... (14)
INFO:gt864-forward-full-register-schedule.gt864_forward_one_bank_paired_twist_loads_slothy_start.split:[528-540]: **************.... (14)
INFO:gt864-forward-full-register-schedule.gt864_forward_one_bank_paired_twist_loads_slothy_start.split:[540-552]: **************.... (14)
INFO:gt864-forward-full-register-schedule.gt864_forward_one_bank_paired_twist_loads_slothy_start.split:[552-564]: **************.... (14)
INFO:gt864-forward-full-register-schedule.gt864_forward_one_bank_paired_twist_loads_slothy_start.split:[564-576]: **************.... (14)
INFO:gt864-forward-full-register-schedule.gt864_forward_one_bank_paired_twist_loads_slothy_start.split:[576-588]: **************.... (14)
INFO:gt864-forward-full-register-schedule.gt864_forward_one_bank_paired_twist_loads_slothy_start.split:[588-601]: ************...... (12)
INFO:gt864-forward-full-register-schedule.gt864_forward_one_bank_paired_twist_loads_slothy_start.split.361_379:Perform internal binary search for minimal number of stalls...
INFO:gt864-forward-full-register-schedule.gt864_forward_one_bank_paired_twist_loads_slothy_start.split.361_379:Attempt optimization with max 256 stalls...
INFO:gt864-forward-full-register-schedule.gt864_forward_one_bank_paired_twist_loads_slothy_start.split.361_379:Setting timeout of 14400 seconds...
INFO:gt864-forward-full-register-schedule.gt864_forward_one_bank_paired_twist_loads_slothy_start.split.361_379:Objective: minimize cycles
INFO:gt864-forward-full-register-schedule.gt864_forward_one_bank_paired_twist_loads_slothy_start.split.361_379:Invoking external constraint solver (OR-Tools CP-SAT v9.15.6755) ...
INFO:gt864-forward-full-register-schedule.gt864_forward_one_bank_paired_twist_loads_slothy_start.split.361_379:[0.2401s]: Found 1 solutions so far... objective (minimize cycles): currently  (Cycles ~ 27.0, IPC ~ 0.67), bound  (Cycles ~ 19.0, IPC ~ 0.95)
INFO:gt864-forward-full-register-schedule.gt864_forward_one_bank_paired_twist_loads_slothy_start.split.361_379:OPTIMAL, wall time: 0.249834 s
INFO:gt864-forward-full-register-schedule.gt864_forward_one_bank_paired_twist_loads_slothy_start.split.361_379:Booleans in result: 180
INFO:gt864-forward-full-register-schedule.gt864_forward_one_bank_paired_twist_loads_slothy_start.split.361_379.selfcheck:OK!
INFO:gt864-forward-full-register-schedule.gt864_forward_one_bank_paired_twist_loads_slothy_start.split.361_379:Minimum number of stalls: 22
INFO:gt864-forward-full-register-schedule.gt864_forward_one_bank_paired_twist_loads_slothy_start.split:[  0- 12]: *************..... (13)
INFO:gt864-forward-full-register-schedule.gt864_forward_one_bank_paired_twist_loads_slothy_start.split:[ 12- 24]: ***************... (15)
INFO:gt864-forward-full-register-schedule.gt864_forward_one_bank_paired_twist_loads_slothy_start.split:[ 24- 36]: ************...... (12)
INFO:gt864-forward-full-register-schedule.gt864_forward_one_bank_paired_twist_loads_slothy_start.split:[ 36- 48]: ************...... (12)
INFO:gt864-forward-full-register-schedule.gt864_forward_one_bank_paired_twist_loads_slothy_start.split:[ 48- 60]: ************...... (12)
INFO:gt864-forward-full-register-schedule.gt864_forward_one_bank_paired_twist_loads_slothy_start.split:[ 60- 72]: ************...... (12)
INFO:gt864-forward-full-register-schedule.gt864_forward_one_bank_paired_twist_loads_slothy_start.split:[ 72- 84]: ***************... (15)
INFO:gt864-forward-full-register-schedule.gt864_forward_one_bank_paired_twist_loads_slothy_start.split:[ 84- 96]: ************...... (12)
INFO:gt864-forward-full-register-schedule.gt864_forward_one_bank_paired_twist_loads_slothy_start.split:[ 96-108]: ***************... (15)
INFO:gt864-forward-full-register-schedule.gt864_forward_one_bank_paired_twist_loads_slothy_start.split:[108-120]: **************.... (14)
INFO:gt864-forward-full-register-schedule.gt864_forward_one_bank_paired_twist_loads_slothy_start.split:[120-132]: **************.... (14)
INFO:gt864-forward-full-register-schedule.gt864_forward_one_bank_paired_twist_loads_slothy_start.split:[132-144]: ***************... (15)
INFO:gt864-forward-full-register-schedule.gt864_forward_one_bank_paired_twist_loads_slothy_start.split:[144-156]: ***************... (15)
INFO:gt864-forward-full-register-schedule.gt864_forward_one_bank_paired_twist_loads_slothy_start.split:[156-168]: ***************... (15)
INFO:gt864-forward-full-register-schedule.gt864_forward_one_bank_paired_twist_loads_slothy_start.split:[168-180]: **************.... (14)
INFO:gt864-forward-full-register-schedule.gt864_forward_one_bank_paired_twist_loads_slothy_start.split:[180-192]: ***************... (15)
INFO:gt864-forward-full-register-schedule.gt864_forward_one_bank_paired_twist_loads_slothy_start.split:[192-204]: **************.... (14)
INFO:gt864-forward-full-register-schedule.gt864_forward_one_bank_paired_twist_loads_slothy_start.split:[204-216]: **************.... (14)
INFO:gt864-forward-full-register-schedule.gt864_forward_one_bank_paired_twist_loads_slothy_start.split:[216-228]: ***************... (15)
INFO:gt864-forward-full-register-schedule.gt864_forward_one_bank_paired_twist_loads_slothy_start.split:[228-240]: **************.... (14)
INFO:gt864-forward-full-register-schedule.gt864_forward_one_bank_paired_twist_loads_slothy_start.split:[240-252]: **************.... (14)
INFO:gt864-forward-full-register-schedule.gt864_forward_one_bank_paired_twist_loads_slothy_start.split:[252-264]: **************.... (14)
INFO:gt864-forward-full-register-schedule.gt864_forward_one_bank_paired_twist_loads_slothy_start.split:[264-276]: *************..... (13)
INFO:gt864-forward-full-register-schedule.gt864_forward_one_bank_paired_twist_loads_slothy_start.split:[276-288]: **************.... (14)
INFO:gt864-forward-full-register-schedule.gt864_forward_one_bank_paired_twist_loads_slothy_start.split:[288-300]: ************...... (12)
INFO:gt864-forward-full-register-schedule.gt864_forward_one_bank_paired_twist_loads_slothy_start.split:[300-312]: *********......... (9)
INFO:gt864-forward-full-register-schedule.gt864_forward_one_bank_paired_twist_loads_slothy_start.split:[312-324]: *********......... (9)
INFO:gt864-forward-full-register-schedule.gt864_forward_one_bank_paired_twist_loads_slothy_start.split:[324-336]: *********......... (9)
INFO:gt864-forward-full-register-schedule.gt864_forward_one_bank_paired_twist_loads_slothy_start.split:[336-348]: **********........ (10)
INFO:gt864-forward-full-register-schedule.gt864_forward_one_bank_paired_twist_loads_slothy_start.split:[348-360]: *************..... (13)
INFO:gt864-forward-full-register-schedule.gt864_forward_one_bank_paired_twist_loads_slothy_start.split:[360-372]: ***************... (15)
INFO:gt864-forward-full-register-schedule.gt864_forward_one_bank_paired_twist_loads_slothy_start.split:[372-384]: *****************. (17)
INFO:gt864-forward-full-register-schedule.gt864_forward_one_bank_paired_twist_loads_slothy_start.split:[384-396]: **************.... (14)
INFO:gt864-forward-full-register-schedule.gt864_forward_one_bank_paired_twist_loads_slothy_start.split:[396-408]: **************.... (14)
INFO:gt864-forward-full-register-schedule.gt864_forward_one_bank_paired_twist_loads_slothy_start.split:[408-420]: **************.... (14)
INFO:gt864-forward-full-register-schedule.gt864_forward_one_bank_paired_twist_loads_slothy_start.split:[420-432]: **************.... (14)
INFO:gt864-forward-full-register-schedule.gt864_forward_one_bank_paired_twist_loads_slothy_start.split:[432-444]: **************.... (14)
INFO:gt864-forward-full-register-schedule.gt864_forward_one_bank_paired_twist_loads_slothy_start.split:[444-456]: **************.... (14)
INFO:gt864-forward-full-register-schedule.gt864_forward_one_bank_paired_twist_loads_slothy_start.split:[456-468]: **************.... (14)
INFO:gt864-forward-full-register-schedule.gt864_forward_one_bank_paired_twist_loads_slothy_start.split:[468-480]: **************.... (14)
INFO:gt864-forward-full-register-schedule.gt864_forward_one_bank_paired_twist_loads_slothy_start.split:[480-492]: *************..... (13)
INFO:gt864-forward-full-register-schedule.gt864_forward_one_bank_paired_twist_loads_slothy_start.split:[492-504]: *************..... (13)
INFO:gt864-forward-full-register-schedule.gt864_forward_one_bank_paired_twist_loads_slothy_start.split:[504-516]: **************.... (14)
INFO:gt864-forward-full-register-schedule.gt864_forward_one_bank_paired_twist_loads_slothy_start.split:[516-528]: **************.... (14)
INFO:gt864-forward-full-register-schedule.gt864_forward_one_bank_paired_twist_loads_slothy_start.split:[528-540]: **************.... (14)
INFO:gt864-forward-full-register-schedule.gt864_forward_one_bank_paired_twist_loads_slothy_start.split:[540-552]: **************.... (14)
INFO:gt864-forward-full-register-schedule.gt864_forward_one_bank_paired_twist_loads_slothy_start.split:[552-564]: **************.... (14)
INFO:gt864-forward-full-register-schedule.gt864_forward_one_bank_paired_twist_loads_slothy_start.split:[564-576]: **************.... (14)
INFO:gt864-forward-full-register-schedule.gt864_forward_one_bank_paired_twist_loads_slothy_start.split:[576-588]: **************.... (14)
INFO:gt864-forward-full-register-schedule.gt864_forward_one_bank_paired_twist_loads_slothy_start.split:[588-601]: ************...... (12)
INFO:gt864-forward-full-register-schedule.gt864_forward_one_bank_paired_twist_loads_slothy_start.split.391_409:Perform internal binary search for minimal number of stalls...
INFO:gt864-forward-full-register-schedule.gt864_forward_one_bank_paired_twist_loads_slothy_start.split.391_409:Attempt optimization with max 256 stalls...
INFO:gt864-forward-full-register-schedule.gt864_forward_one_bank_paired_twist_loads_slothy_start.split.391_409:Setting timeout of 14400 seconds...
INFO:gt864-forward-full-register-schedule.gt864_forward_one_bank_paired_twist_loads_slothy_start.split.391_409:Objective: minimize cycles
INFO:gt864-forward-full-register-schedule.gt864_forward_one_bank_paired_twist_loads_slothy_start.split.391_409:Invoking external constraint solver (OR-Tools CP-SAT v9.15.6755) ...
INFO:gt864-forward-full-register-schedule.gt864_forward_one_bank_paired_twist_loads_slothy_start.split.391_409:[0.1891s]: Found 1 solutions so far... objective (minimize cycles): currently  (Cycles ~ 24.0, IPC ~ 0.75), bound  (Cycles ~ 23.0, IPC ~ 0.78)
INFO:gt864-forward-full-register-schedule.gt864_forward_one_bank_paired_twist_loads_slothy_start.split.391_409:OPTIMAL, wall time: 0.199492 s
INFO:gt864-forward-full-register-schedule.gt864_forward_one_bank_paired_twist_loads_slothy_start.split.391_409:Booleans in result: 156
INFO:gt864-forward-full-register-schedule.gt864_forward_one_bank_paired_twist_loads_slothy_start.split.391_409.selfcheck:OK!
INFO:gt864-forward-full-register-schedule.gt864_forward_one_bank_paired_twist_loads_slothy_start.split.391_409:Minimum number of stalls: 19
INFO:gt864-forward-full-register-schedule.gt864_forward_one_bank_paired_twist_loads_slothy_start.split:[  0- 12]: *************..... (13)
INFO:gt864-forward-full-register-schedule.gt864_forward_one_bank_paired_twist_loads_slothy_start.split:[ 12- 24]: ***************... (15)
INFO:gt864-forward-full-register-schedule.gt864_forward_one_bank_paired_twist_loads_slothy_start.split:[ 24- 36]: ************...... (12)
INFO:gt864-forward-full-register-schedule.gt864_forward_one_bank_paired_twist_loads_slothy_start.split:[ 36- 48]: ************...... (12)
INFO:gt864-forward-full-register-schedule.gt864_forward_one_bank_paired_twist_loads_slothy_start.split:[ 48- 60]: ************...... (12)
INFO:gt864-forward-full-register-schedule.gt864_forward_one_bank_paired_twist_loads_slothy_start.split:[ 60- 72]: ************...... (12)
INFO:gt864-forward-full-register-schedule.gt864_forward_one_bank_paired_twist_loads_slothy_start.split:[ 72- 84]: ***************... (15)
INFO:gt864-forward-full-register-schedule.gt864_forward_one_bank_paired_twist_loads_slothy_start.split:[ 84- 96]: ************...... (12)
INFO:gt864-forward-full-register-schedule.gt864_forward_one_bank_paired_twist_loads_slothy_start.split:[ 96-108]: ***************... (15)
INFO:gt864-forward-full-register-schedule.gt864_forward_one_bank_paired_twist_loads_slothy_start.split:[108-120]: **************.... (14)
INFO:gt864-forward-full-register-schedule.gt864_forward_one_bank_paired_twist_loads_slothy_start.split:[120-132]: **************.... (14)
INFO:gt864-forward-full-register-schedule.gt864_forward_one_bank_paired_twist_loads_slothy_start.split:[132-144]: ***************... (15)
INFO:gt864-forward-full-register-schedule.gt864_forward_one_bank_paired_twist_loads_slothy_start.split:[144-156]: ***************... (15)
INFO:gt864-forward-full-register-schedule.gt864_forward_one_bank_paired_twist_loads_slothy_start.split:[156-168]: ***************... (15)
INFO:gt864-forward-full-register-schedule.gt864_forward_one_bank_paired_twist_loads_slothy_start.split:[168-180]: **************.... (14)
INFO:gt864-forward-full-register-schedule.gt864_forward_one_bank_paired_twist_loads_slothy_start.split:[180-192]: ***************... (15)
INFO:gt864-forward-full-register-schedule.gt864_forward_one_bank_paired_twist_loads_slothy_start.split:[192-204]: **************.... (14)
INFO:gt864-forward-full-register-schedule.gt864_forward_one_bank_paired_twist_loads_slothy_start.split:[204-216]: **************.... (14)
INFO:gt864-forward-full-register-schedule.gt864_forward_one_bank_paired_twist_loads_slothy_start.split:[216-228]: ***************... (15)
INFO:gt864-forward-full-register-schedule.gt864_forward_one_bank_paired_twist_loads_slothy_start.split:[228-240]: **************.... (14)
INFO:gt864-forward-full-register-schedule.gt864_forward_one_bank_paired_twist_loads_slothy_start.split:[240-252]: **************.... (14)
INFO:gt864-forward-full-register-schedule.gt864_forward_one_bank_paired_twist_loads_slothy_start.split:[252-264]: **************.... (14)
INFO:gt864-forward-full-register-schedule.gt864_forward_one_bank_paired_twist_loads_slothy_start.split:[264-276]: *************..... (13)
INFO:gt864-forward-full-register-schedule.gt864_forward_one_bank_paired_twist_loads_slothy_start.split:[276-288]: **************.... (14)
INFO:gt864-forward-full-register-schedule.gt864_forward_one_bank_paired_twist_loads_slothy_start.split:[288-300]: ************...... (12)
INFO:gt864-forward-full-register-schedule.gt864_forward_one_bank_paired_twist_loads_slothy_start.split:[300-312]: *********......... (9)
INFO:gt864-forward-full-register-schedule.gt864_forward_one_bank_paired_twist_loads_slothy_start.split:[312-324]: *********......... (9)
INFO:gt864-forward-full-register-schedule.gt864_forward_one_bank_paired_twist_loads_slothy_start.split:[324-336]: *********......... (9)
INFO:gt864-forward-full-register-schedule.gt864_forward_one_bank_paired_twist_loads_slothy_start.split:[336-348]: **********........ (10)
INFO:gt864-forward-full-register-schedule.gt864_forward_one_bank_paired_twist_loads_slothy_start.split:[348-360]: *************..... (13)
INFO:gt864-forward-full-register-schedule.gt864_forward_one_bank_paired_twist_loads_slothy_start.split:[360-372]: ***************... (15)
INFO:gt864-forward-full-register-schedule.gt864_forward_one_bank_paired_twist_loads_slothy_start.split:[372-384]: *****************. (17)
INFO:gt864-forward-full-register-schedule.gt864_forward_one_bank_paired_twist_loads_slothy_start.split:[384-396]: *************..... (13)
INFO:gt864-forward-full-register-schedule.gt864_forward_one_bank_paired_twist_loads_slothy_start.split:[396-408]: ***************... (15)
INFO:gt864-forward-full-register-schedule.gt864_forward_one_bank_paired_twist_loads_slothy_start.split:[408-420]: ***************... (15)
INFO:gt864-forward-full-register-schedule.gt864_forward_one_bank_paired_twist_loads_slothy_start.split:[420-432]: **************.... (14)
INFO:gt864-forward-full-register-schedule.gt864_forward_one_bank_paired_twist_loads_slothy_start.split:[432-444]: **************.... (14)
INFO:gt864-forward-full-register-schedule.gt864_forward_one_bank_paired_twist_loads_slothy_start.split:[444-456]: **************.... (14)
INFO:gt864-forward-full-register-schedule.gt864_forward_one_bank_paired_twist_loads_slothy_start.split:[456-468]: **************.... (14)
INFO:gt864-forward-full-register-schedule.gt864_forward_one_bank_paired_twist_loads_slothy_start.split:[468-480]: **************.... (14)
INFO:gt864-forward-full-register-schedule.gt864_forward_one_bank_paired_twist_loads_slothy_start.split:[480-492]: *************..... (13)
INFO:gt864-forward-full-register-schedule.gt864_forward_one_bank_paired_twist_loads_slothy_start.split:[492-504]: *************..... (13)
INFO:gt864-forward-full-register-schedule.gt864_forward_one_bank_paired_twist_loads_slothy_start.split:[504-516]: **************.... (14)
INFO:gt864-forward-full-register-schedule.gt864_forward_one_bank_paired_twist_loads_slothy_start.split:[516-528]: **************.... (14)
INFO:gt864-forward-full-register-schedule.gt864_forward_one_bank_paired_twist_loads_slothy_start.split:[528-540]: **************.... (14)
INFO:gt864-forward-full-register-schedule.gt864_forward_one_bank_paired_twist_loads_slothy_start.split:[540-552]: **************.... (14)
INFO:gt864-forward-full-register-schedule.gt864_forward_one_bank_paired_twist_loads_slothy_start.split:[552-564]: **************.... (14)
INFO:gt864-forward-full-register-schedule.gt864_forward_one_bank_paired_twist_loads_slothy_start.split:[564-576]: **************.... (14)
INFO:gt864-forward-full-register-schedule.gt864_forward_one_bank_paired_twist_loads_slothy_start.split:[576-588]: **************.... (14)
INFO:gt864-forward-full-register-schedule.gt864_forward_one_bank_paired_twist_loads_slothy_start.split:[588-601]: ************...... (12)
INFO:gt864-forward-full-register-schedule.gt864_forward_one_bank_paired_twist_loads_slothy_start.split.421_439:Perform internal binary search for minimal number of stalls...
INFO:gt864-forward-full-register-schedule.gt864_forward_one_bank_paired_twist_loads_slothy_start.split.421_439:Attempt optimization with max 256 stalls...
INFO:gt864-forward-full-register-schedule.gt864_forward_one_bank_paired_twist_loads_slothy_start.split.421_439:Setting timeout of 14400 seconds...
INFO:gt864-forward-full-register-schedule.gt864_forward_one_bank_paired_twist_loads_slothy_start.split.421_439:Objective: minimize cycles
INFO:gt864-forward-full-register-schedule.gt864_forward_one_bank_paired_twist_loads_slothy_start.split.421_439:Invoking external constraint solver (OR-Tools CP-SAT v9.15.6755) ...
INFO:gt864-forward-full-register-schedule.gt864_forward_one_bank_paired_twist_loads_slothy_start.split.421_439:[0.1608s]: Found 1 solutions so far... objective (minimize cycles): currently  (Cycles ~ 24.0, IPC ~ 0.75), bound  (Cycles ~ 23.0, IPC ~ 0.78)
INFO:gt864-forward-full-register-schedule.gt864_forward_one_bank_paired_twist_loads_slothy_start.split.421_439:OPTIMAL, wall time: 0.173007 s
INFO:gt864-forward-full-register-schedule.gt864_forward_one_bank_paired_twist_loads_slothy_start.split.421_439:Booleans in result: 153
INFO:gt864-forward-full-register-schedule.gt864_forward_one_bank_paired_twist_loads_slothy_start.split.421_439.selfcheck:OK!
INFO:gt864-forward-full-register-schedule.gt864_forward_one_bank_paired_twist_loads_slothy_start.split.421_439:Minimum number of stalls: 19
INFO:gt864-forward-full-register-schedule.gt864_forward_one_bank_paired_twist_loads_slothy_start.split:[  0- 12]: *************..... (13)
INFO:gt864-forward-full-register-schedule.gt864_forward_one_bank_paired_twist_loads_slothy_start.split:[ 12- 24]: ***************... (15)
INFO:gt864-forward-full-register-schedule.gt864_forward_one_bank_paired_twist_loads_slothy_start.split:[ 24- 36]: ************...... (12)
INFO:gt864-forward-full-register-schedule.gt864_forward_one_bank_paired_twist_loads_slothy_start.split:[ 36- 48]: ************...... (12)
INFO:gt864-forward-full-register-schedule.gt864_forward_one_bank_paired_twist_loads_slothy_start.split:[ 48- 60]: ************...... (12)
INFO:gt864-forward-full-register-schedule.gt864_forward_one_bank_paired_twist_loads_slothy_start.split:[ 60- 72]: ************...... (12)
INFO:gt864-forward-full-register-schedule.gt864_forward_one_bank_paired_twist_loads_slothy_start.split:[ 72- 84]: ***************... (15)
INFO:gt864-forward-full-register-schedule.gt864_forward_one_bank_paired_twist_loads_slothy_start.split:[ 84- 96]: ************...... (12)
INFO:gt864-forward-full-register-schedule.gt864_forward_one_bank_paired_twist_loads_slothy_start.split:[ 96-108]: ***************... (15)
INFO:gt864-forward-full-register-schedule.gt864_forward_one_bank_paired_twist_loads_slothy_start.split:[108-120]: **************.... (14)
INFO:gt864-forward-full-register-schedule.gt864_forward_one_bank_paired_twist_loads_slothy_start.split:[120-132]: **************.... (14)
INFO:gt864-forward-full-register-schedule.gt864_forward_one_bank_paired_twist_loads_slothy_start.split:[132-144]: ***************... (15)
INFO:gt864-forward-full-register-schedule.gt864_forward_one_bank_paired_twist_loads_slothy_start.split:[144-156]: ***************... (15)
INFO:gt864-forward-full-register-schedule.gt864_forward_one_bank_paired_twist_loads_slothy_start.split:[156-168]: ***************... (15)
INFO:gt864-forward-full-register-schedule.gt864_forward_one_bank_paired_twist_loads_slothy_start.split:[168-180]: **************.... (14)
INFO:gt864-forward-full-register-schedule.gt864_forward_one_bank_paired_twist_loads_slothy_start.split:[180-192]: ***************... (15)
INFO:gt864-forward-full-register-schedule.gt864_forward_one_bank_paired_twist_loads_slothy_start.split:[192-204]: **************.... (14)
INFO:gt864-forward-full-register-schedule.gt864_forward_one_bank_paired_twist_loads_slothy_start.split:[204-216]: **************.... (14)
INFO:gt864-forward-full-register-schedule.gt864_forward_one_bank_paired_twist_loads_slothy_start.split:[216-228]: ***************... (15)
INFO:gt864-forward-full-register-schedule.gt864_forward_one_bank_paired_twist_loads_slothy_start.split:[228-240]: **************.... (14)
INFO:gt864-forward-full-register-schedule.gt864_forward_one_bank_paired_twist_loads_slothy_start.split:[240-252]: **************.... (14)
INFO:gt864-forward-full-register-schedule.gt864_forward_one_bank_paired_twist_loads_slothy_start.split:[252-264]: **************.... (14)
INFO:gt864-forward-full-register-schedule.gt864_forward_one_bank_paired_twist_loads_slothy_start.split:[264-276]: *************..... (13)
INFO:gt864-forward-full-register-schedule.gt864_forward_one_bank_paired_twist_loads_slothy_start.split:[276-288]: **************.... (14)
INFO:gt864-forward-full-register-schedule.gt864_forward_one_bank_paired_twist_loads_slothy_start.split:[288-300]: ************...... (12)
INFO:gt864-forward-full-register-schedule.gt864_forward_one_bank_paired_twist_loads_slothy_start.split:[300-312]: *********......... (9)
INFO:gt864-forward-full-register-schedule.gt864_forward_one_bank_paired_twist_loads_slothy_start.split:[312-324]: *********......... (9)
INFO:gt864-forward-full-register-schedule.gt864_forward_one_bank_paired_twist_loads_slothy_start.split:[324-336]: *********......... (9)
INFO:gt864-forward-full-register-schedule.gt864_forward_one_bank_paired_twist_loads_slothy_start.split:[336-348]: **********........ (10)
INFO:gt864-forward-full-register-schedule.gt864_forward_one_bank_paired_twist_loads_slothy_start.split:[348-360]: *************..... (13)
INFO:gt864-forward-full-register-schedule.gt864_forward_one_bank_paired_twist_loads_slothy_start.split:[360-372]: ***************... (15)
INFO:gt864-forward-full-register-schedule.gt864_forward_one_bank_paired_twist_loads_slothy_start.split:[372-384]: *****************. (17)
INFO:gt864-forward-full-register-schedule.gt864_forward_one_bank_paired_twist_loads_slothy_start.split:[384-396]: *************..... (13)
INFO:gt864-forward-full-register-schedule.gt864_forward_one_bank_paired_twist_loads_slothy_start.split:[396-408]: ***************... (15)
INFO:gt864-forward-full-register-schedule.gt864_forward_one_bank_paired_twist_loads_slothy_start.split:[408-420]: **************.... (14)
INFO:gt864-forward-full-register-schedule.gt864_forward_one_bank_paired_twist_loads_slothy_start.split:[420-432]: ***************... (15)
INFO:gt864-forward-full-register-schedule.gt864_forward_one_bank_paired_twist_loads_slothy_start.split:[432-444]: ****************.. (16)
INFO:gt864-forward-full-register-schedule.gt864_forward_one_bank_paired_twist_loads_slothy_start.split:[444-456]: **************.... (14)
INFO:gt864-forward-full-register-schedule.gt864_forward_one_bank_paired_twist_loads_slothy_start.split:[456-468]: **************.... (14)
INFO:gt864-forward-full-register-schedule.gt864_forward_one_bank_paired_twist_loads_slothy_start.split:[468-480]: **************.... (14)
INFO:gt864-forward-full-register-schedule.gt864_forward_one_bank_paired_twist_loads_slothy_start.split:[480-492]: *************..... (13)
INFO:gt864-forward-full-register-schedule.gt864_forward_one_bank_paired_twist_loads_slothy_start.split:[492-504]: *************..... (13)
INFO:gt864-forward-full-register-schedule.gt864_forward_one_bank_paired_twist_loads_slothy_start.split:[504-516]: **************.... (14)
INFO:gt864-forward-full-register-schedule.gt864_forward_one_bank_paired_twist_loads_slothy_start.split:[516-528]: **************.... (14)
INFO:gt864-forward-full-register-schedule.gt864_forward_one_bank_paired_twist_loads_slothy_start.split:[528-540]: **************.... (14)
INFO:gt864-forward-full-register-schedule.gt864_forward_one_bank_paired_twist_loads_slothy_start.split:[540-552]: **************.... (14)
INFO:gt864-forward-full-register-schedule.gt864_forward_one_bank_paired_twist_loads_slothy_start.split:[552-564]: **************.... (14)
INFO:gt864-forward-full-register-schedule.gt864_forward_one_bank_paired_twist_loads_slothy_start.split:[564-576]: **************.... (14)
INFO:gt864-forward-full-register-schedule.gt864_forward_one_bank_paired_twist_loads_slothy_start.split:[576-588]: **************.... (14)
INFO:gt864-forward-full-register-schedule.gt864_forward_one_bank_paired_twist_loads_slothy_start.split:[588-601]: ************...... (12)
INFO:gt864-forward-full-register-schedule.gt864_forward_one_bank_paired_twist_loads_slothy_start.split.451_470:Perform internal binary search for minimal number of stalls...
INFO:gt864-forward-full-register-schedule.gt864_forward_one_bank_paired_twist_loads_slothy_start.split.451_470:Attempt optimization with max 256 stalls...
INFO:gt864-forward-full-register-schedule.gt864_forward_one_bank_paired_twist_loads_slothy_start.split.451_470:Setting timeout of 14400 seconds...
INFO:gt864-forward-full-register-schedule.gt864_forward_one_bank_paired_twist_loads_slothy_start.split.451_470:Objective: minimize cycles
INFO:gt864-forward-full-register-schedule.gt864_forward_one_bank_paired_twist_loads_slothy_start.split.451_470:Invoking external constraint solver (OR-Tools CP-SAT v9.15.6755) ...
INFO:gt864-forward-full-register-schedule.gt864_forward_one_bank_paired_twist_loads_slothy_start.split.451_470:[0.1548s]: Found 1 solutions so far... objective (minimize cycles): currently  (Cycles ~ 30.0, IPC ~ 0.63), bound  (Cycles ~ 25.0, IPC ~ 0.76)
INFO:gt864-forward-full-register-schedule.gt864_forward_one_bank_paired_twist_loads_slothy_start.split.451_470:OPTIMAL, wall time: 0.170872 s
INFO:gt864-forward-full-register-schedule.gt864_forward_one_bank_paired_twist_loads_slothy_start.split.451_470:Booleans in result: 139
INFO:gt864-forward-full-register-schedule.gt864_forward_one_bank_paired_twist_loads_slothy_start.split.451_470.selfcheck:OK!
INFO:gt864-forward-full-register-schedule.gt864_forward_one_bank_paired_twist_loads_slothy_start.split.451_470:Minimum number of stalls: 25
INFO:gt864-forward-full-register-schedule.gt864_forward_one_bank_paired_twist_loads_slothy_start.split:[  0- 12]: *************..... (13)
INFO:gt864-forward-full-register-schedule.gt864_forward_one_bank_paired_twist_loads_slothy_start.split:[ 12- 24]: ***************... (15)
INFO:gt864-forward-full-register-schedule.gt864_forward_one_bank_paired_twist_loads_slothy_start.split:[ 24- 36]: ************...... (12)
INFO:gt864-forward-full-register-schedule.gt864_forward_one_bank_paired_twist_loads_slothy_start.split:[ 36- 48]: ************...... (12)
INFO:gt864-forward-full-register-schedule.gt864_forward_one_bank_paired_twist_loads_slothy_start.split:[ 48- 60]: ************...... (12)
INFO:gt864-forward-full-register-schedule.gt864_forward_one_bank_paired_twist_loads_slothy_start.split:[ 60- 72]: ************...... (12)
INFO:gt864-forward-full-register-schedule.gt864_forward_one_bank_paired_twist_loads_slothy_start.split:[ 72- 84]: ***************... (15)
INFO:gt864-forward-full-register-schedule.gt864_forward_one_bank_paired_twist_loads_slothy_start.split:[ 84- 96]: ************...... (12)
INFO:gt864-forward-full-register-schedule.gt864_forward_one_bank_paired_twist_loads_slothy_start.split:[ 96-108]: ***************... (15)
INFO:gt864-forward-full-register-schedule.gt864_forward_one_bank_paired_twist_loads_slothy_start.split:[108-120]: **************.... (14)
INFO:gt864-forward-full-register-schedule.gt864_forward_one_bank_paired_twist_loads_slothy_start.split:[120-132]: **************.... (14)
INFO:gt864-forward-full-register-schedule.gt864_forward_one_bank_paired_twist_loads_slothy_start.split:[132-144]: ***************... (15)
INFO:gt864-forward-full-register-schedule.gt864_forward_one_bank_paired_twist_loads_slothy_start.split:[144-156]: ***************... (15)
INFO:gt864-forward-full-register-schedule.gt864_forward_one_bank_paired_twist_loads_slothy_start.split:[156-168]: ***************... (15)
INFO:gt864-forward-full-register-schedule.gt864_forward_one_bank_paired_twist_loads_slothy_start.split:[168-180]: **************.... (14)
INFO:gt864-forward-full-register-schedule.gt864_forward_one_bank_paired_twist_loads_slothy_start.split:[180-192]: ***************... (15)
INFO:gt864-forward-full-register-schedule.gt864_forward_one_bank_paired_twist_loads_slothy_start.split:[192-204]: **************.... (14)
INFO:gt864-forward-full-register-schedule.gt864_forward_one_bank_paired_twist_loads_slothy_start.split:[204-216]: **************.... (14)
INFO:gt864-forward-full-register-schedule.gt864_forward_one_bank_paired_twist_loads_slothy_start.split:[216-228]: ***************... (15)
INFO:gt864-forward-full-register-schedule.gt864_forward_one_bank_paired_twist_loads_slothy_start.split:[228-240]: **************.... (14)
INFO:gt864-forward-full-register-schedule.gt864_forward_one_bank_paired_twist_loads_slothy_start.split:[240-252]: **************.... (14)
INFO:gt864-forward-full-register-schedule.gt864_forward_one_bank_paired_twist_loads_slothy_start.split:[252-264]: **************.... (14)
INFO:gt864-forward-full-register-schedule.gt864_forward_one_bank_paired_twist_loads_slothy_start.split:[264-276]: *************..... (13)
INFO:gt864-forward-full-register-schedule.gt864_forward_one_bank_paired_twist_loads_slothy_start.split:[276-288]: **************.... (14)
INFO:gt864-forward-full-register-schedule.gt864_forward_one_bank_paired_twist_loads_slothy_start.split:[288-300]: ************...... (12)
INFO:gt864-forward-full-register-schedule.gt864_forward_one_bank_paired_twist_loads_slothy_start.split:[300-312]: *********......... (9)
INFO:gt864-forward-full-register-schedule.gt864_forward_one_bank_paired_twist_loads_slothy_start.split:[312-324]: *********......... (9)
INFO:gt864-forward-full-register-schedule.gt864_forward_one_bank_paired_twist_loads_slothy_start.split:[324-336]: *********......... (9)
INFO:gt864-forward-full-register-schedule.gt864_forward_one_bank_paired_twist_loads_slothy_start.split:[336-348]: **********........ (10)
INFO:gt864-forward-full-register-schedule.gt864_forward_one_bank_paired_twist_loads_slothy_start.split:[348-360]: *************..... (13)
INFO:gt864-forward-full-register-schedule.gt864_forward_one_bank_paired_twist_loads_slothy_start.split:[360-372]: ***************... (15)
INFO:gt864-forward-full-register-schedule.gt864_forward_one_bank_paired_twist_loads_slothy_start.split:[372-384]: *****************. (17)
INFO:gt864-forward-full-register-schedule.gt864_forward_one_bank_paired_twist_loads_slothy_start.split:[384-396]: *************..... (13)
INFO:gt864-forward-full-register-schedule.gt864_forward_one_bank_paired_twist_loads_slothy_start.split:[396-408]: ***************... (15)
INFO:gt864-forward-full-register-schedule.gt864_forward_one_bank_paired_twist_loads_slothy_start.split:[408-420]: **************.... (14)
INFO:gt864-forward-full-register-schedule.gt864_forward_one_bank_paired_twist_loads_slothy_start.split:[420-432]: ***************... (15)
INFO:gt864-forward-full-register-schedule.gt864_forward_one_bank_paired_twist_loads_slothy_start.split:[432-444]: ****************.. (16)
INFO:gt864-forward-full-register-schedule.gt864_forward_one_bank_paired_twist_loads_slothy_start.split:[444-456]: **************.... (14)
INFO:gt864-forward-full-register-schedule.gt864_forward_one_bank_paired_twist_loads_slothy_start.split:[456-468]: ****************.. (16)
INFO:gt864-forward-full-register-schedule.gt864_forward_one_bank_paired_twist_loads_slothy_start.split:[468-480]: ***************... (15)
INFO:gt864-forward-full-register-schedule.gt864_forward_one_bank_paired_twist_loads_slothy_start.split:[480-492]: *************..... (13)
INFO:gt864-forward-full-register-schedule.gt864_forward_one_bank_paired_twist_loads_slothy_start.split:[492-504]: *************..... (13)
INFO:gt864-forward-full-register-schedule.gt864_forward_one_bank_paired_twist_loads_slothy_start.split:[504-516]: **************.... (14)
INFO:gt864-forward-full-register-schedule.gt864_forward_one_bank_paired_twist_loads_slothy_start.split:[516-528]: **************.... (14)
INFO:gt864-forward-full-register-schedule.gt864_forward_one_bank_paired_twist_loads_slothy_start.split:[528-540]: **************.... (14)
INFO:gt864-forward-full-register-schedule.gt864_forward_one_bank_paired_twist_loads_slothy_start.split:[540-552]: **************.... (14)
INFO:gt864-forward-full-register-schedule.gt864_forward_one_bank_paired_twist_loads_slothy_start.split:[552-564]: **************.... (14)
INFO:gt864-forward-full-register-schedule.gt864_forward_one_bank_paired_twist_loads_slothy_start.split:[564-576]: **************.... (14)
INFO:gt864-forward-full-register-schedule.gt864_forward_one_bank_paired_twist_loads_slothy_start.split:[576-588]: **************.... (14)
INFO:gt864-forward-full-register-schedule.gt864_forward_one_bank_paired_twist_loads_slothy_start.split:[588-601]: ************...... (12)
INFO:gt864-forward-full-register-schedule.gt864_forward_one_bank_paired_twist_loads_slothy_start.split.481_500:Perform internal binary search for minimal number of stalls...
INFO:gt864-forward-full-register-schedule.gt864_forward_one_bank_paired_twist_loads_slothy_start.split.481_500:Attempt optimization with max 256 stalls...
INFO:gt864-forward-full-register-schedule.gt864_forward_one_bank_paired_twist_loads_slothy_start.split.481_500:Setting timeout of 14400 seconds...
INFO:gt864-forward-full-register-schedule.gt864_forward_one_bank_paired_twist_loads_slothy_start.split.481_500:Objective: minimize cycles
INFO:gt864-forward-full-register-schedule.gt864_forward_one_bank_paired_twist_loads_slothy_start.split.481_500:Invoking external constraint solver (OR-Tools CP-SAT v9.15.6755) ...
INFO:gt864-forward-full-register-schedule.gt864_forward_one_bank_paired_twist_loads_slothy_start.split.481_500:[0.3455s]: Found 1 solutions so far... objective (minimize cycles): currently  (Cycles ~ 31.0, IPC ~ 0.61), bound  (Cycles ~ 29.0, IPC ~ 0.66)
INFO:gt864-forward-full-register-schedule.gt864_forward_one_bank_paired_twist_loads_slothy_start.split.481_500:OPTIMAL, wall time: 0.360408 s
INFO:gt864-forward-full-register-schedule.gt864_forward_one_bank_paired_twist_loads_slothy_start.split.481_500:Booleans in result: 222
INFO:gt864-forward-full-register-schedule.gt864_forward_one_bank_paired_twist_loads_slothy_start.split.481_500.selfcheck:OK!
INFO:gt864-forward-full-register-schedule.gt864_forward_one_bank_paired_twist_loads_slothy_start.split.481_500:Minimum number of stalls: 26
INFO:gt864-forward-full-register-schedule.gt864_forward_one_bank_paired_twist_loads_slothy_start.split:[  0- 12]: *************..... (13)
INFO:gt864-forward-full-register-schedule.gt864_forward_one_bank_paired_twist_loads_slothy_start.split:[ 12- 24]: ***************... (15)
INFO:gt864-forward-full-register-schedule.gt864_forward_one_bank_paired_twist_loads_slothy_start.split:[ 24- 36]: ************...... (12)
INFO:gt864-forward-full-register-schedule.gt864_forward_one_bank_paired_twist_loads_slothy_start.split:[ 36- 48]: ************...... (12)
INFO:gt864-forward-full-register-schedule.gt864_forward_one_bank_paired_twist_loads_slothy_start.split:[ 48- 60]: ************...... (12)
INFO:gt864-forward-full-register-schedule.gt864_forward_one_bank_paired_twist_loads_slothy_start.split:[ 60- 72]: ************...... (12)
INFO:gt864-forward-full-register-schedule.gt864_forward_one_bank_paired_twist_loads_slothy_start.split:[ 72- 84]: ***************... (15)
INFO:gt864-forward-full-register-schedule.gt864_forward_one_bank_paired_twist_loads_slothy_start.split:[ 84- 96]: ************...... (12)
INFO:gt864-forward-full-register-schedule.gt864_forward_one_bank_paired_twist_loads_slothy_start.split:[ 96-108]: ***************... (15)
INFO:gt864-forward-full-register-schedule.gt864_forward_one_bank_paired_twist_loads_slothy_start.split:[108-120]: **************.... (14)
INFO:gt864-forward-full-register-schedule.gt864_forward_one_bank_paired_twist_loads_slothy_start.split:[120-132]: **************.... (14)
INFO:gt864-forward-full-register-schedule.gt864_forward_one_bank_paired_twist_loads_slothy_start.split:[132-144]: ***************... (15)
INFO:gt864-forward-full-register-schedule.gt864_forward_one_bank_paired_twist_loads_slothy_start.split:[144-156]: ***************... (15)
INFO:gt864-forward-full-register-schedule.gt864_forward_one_bank_paired_twist_loads_slothy_start.split:[156-168]: ***************... (15)
INFO:gt864-forward-full-register-schedule.gt864_forward_one_bank_paired_twist_loads_slothy_start.split:[168-180]: **************.... (14)
INFO:gt864-forward-full-register-schedule.gt864_forward_one_bank_paired_twist_loads_slothy_start.split:[180-192]: ***************... (15)
INFO:gt864-forward-full-register-schedule.gt864_forward_one_bank_paired_twist_loads_slothy_start.split:[192-204]: **************.... (14)
INFO:gt864-forward-full-register-schedule.gt864_forward_one_bank_paired_twist_loads_slothy_start.split:[204-216]: **************.... (14)
INFO:gt864-forward-full-register-schedule.gt864_forward_one_bank_paired_twist_loads_slothy_start.split:[216-228]: ***************... (15)
INFO:gt864-forward-full-register-schedule.gt864_forward_one_bank_paired_twist_loads_slothy_start.split:[228-240]: **************.... (14)
INFO:gt864-forward-full-register-schedule.gt864_forward_one_bank_paired_twist_loads_slothy_start.split:[240-252]: **************.... (14)
INFO:gt864-forward-full-register-schedule.gt864_forward_one_bank_paired_twist_loads_slothy_start.split:[252-264]: **************.... (14)
INFO:gt864-forward-full-register-schedule.gt864_forward_one_bank_paired_twist_loads_slothy_start.split:[264-276]: *************..... (13)
INFO:gt864-forward-full-register-schedule.gt864_forward_one_bank_paired_twist_loads_slothy_start.split:[276-288]: **************.... (14)
INFO:gt864-forward-full-register-schedule.gt864_forward_one_bank_paired_twist_loads_slothy_start.split:[288-300]: ************...... (12)
INFO:gt864-forward-full-register-schedule.gt864_forward_one_bank_paired_twist_loads_slothy_start.split:[300-312]: *********......... (9)
INFO:gt864-forward-full-register-schedule.gt864_forward_one_bank_paired_twist_loads_slothy_start.split:[312-324]: *********......... (9)
INFO:gt864-forward-full-register-schedule.gt864_forward_one_bank_paired_twist_loads_slothy_start.split:[324-336]: *********......... (9)
INFO:gt864-forward-full-register-schedule.gt864_forward_one_bank_paired_twist_loads_slothy_start.split:[336-348]: **********........ (10)
INFO:gt864-forward-full-register-schedule.gt864_forward_one_bank_paired_twist_loads_slothy_start.split:[348-360]: *************..... (13)
INFO:gt864-forward-full-register-schedule.gt864_forward_one_bank_paired_twist_loads_slothy_start.split:[360-372]: ***************... (15)
INFO:gt864-forward-full-register-schedule.gt864_forward_one_bank_paired_twist_loads_slothy_start.split:[372-384]: *****************. (17)
INFO:gt864-forward-full-register-schedule.gt864_forward_one_bank_paired_twist_loads_slothy_start.split:[384-396]: *************..... (13)
INFO:gt864-forward-full-register-schedule.gt864_forward_one_bank_paired_twist_loads_slothy_start.split:[396-408]: ***************... (15)
INFO:gt864-forward-full-register-schedule.gt864_forward_one_bank_paired_twist_loads_slothy_start.split:[408-420]: **************.... (14)
INFO:gt864-forward-full-register-schedule.gt864_forward_one_bank_paired_twist_loads_slothy_start.split:[420-432]: ***************... (15)
INFO:gt864-forward-full-register-schedule.gt864_forward_one_bank_paired_twist_loads_slothy_start.split:[432-444]: ****************.. (16)
INFO:gt864-forward-full-register-schedule.gt864_forward_one_bank_paired_twist_loads_slothy_start.split:[444-456]: **************.... (14)
INFO:gt864-forward-full-register-schedule.gt864_forward_one_bank_paired_twist_loads_slothy_start.split:[456-468]: ****************.. (16)
INFO:gt864-forward-full-register-schedule.gt864_forward_one_bank_paired_twist_loads_slothy_start.split:[468-480]: **************.... (14)
INFO:gt864-forward-full-register-schedule.gt864_forward_one_bank_paired_twist_loads_slothy_start.split:[480-492]: **************.... (14)
INFO:gt864-forward-full-register-schedule.gt864_forward_one_bank_paired_twist_loads_slothy_start.split:[492-504]: ****************.. (16)
INFO:gt864-forward-full-register-schedule.gt864_forward_one_bank_paired_twist_loads_slothy_start.split:[504-516]: ***************... (15)
INFO:gt864-forward-full-register-schedule.gt864_forward_one_bank_paired_twist_loads_slothy_start.split:[516-528]: **************.... (14)
INFO:gt864-forward-full-register-schedule.gt864_forward_one_bank_paired_twist_loads_slothy_start.split:[528-540]: **************.... (14)
INFO:gt864-forward-full-register-schedule.gt864_forward_one_bank_paired_twist_loads_slothy_start.split:[540-552]: **************.... (14)
INFO:gt864-forward-full-register-schedule.gt864_forward_one_bank_paired_twist_loads_slothy_start.split:[552-564]: **************.... (14)
INFO:gt864-forward-full-register-schedule.gt864_forward_one_bank_paired_twist_loads_slothy_start.split:[564-576]: **************.... (14)
INFO:gt864-forward-full-register-schedule.gt864_forward_one_bank_paired_twist_loads_slothy_start.split:[576-588]: **************.... (14)
INFO:gt864-forward-full-register-schedule.gt864_forward_one_bank_paired_twist_loads_slothy_start.split:[588-601]: ************...... (12)
INFO:gt864-forward-full-register-schedule.gt864_forward_one_bank_paired_twist_loads_slothy_start.split.511_530:Perform internal binary search for minimal number of stalls...
INFO:gt864-forward-full-register-schedule.gt864_forward_one_bank_paired_twist_loads_slothy_start.split.511_530:Attempt optimization with max 256 stalls...
INFO:gt864-forward-full-register-schedule.gt864_forward_one_bank_paired_twist_loads_slothy_start.split.511_530:Setting timeout of 14400 seconds...
INFO:gt864-forward-full-register-schedule.gt864_forward_one_bank_paired_twist_loads_slothy_start.split.511_530:Objective: minimize cycles
INFO:gt864-forward-full-register-schedule.gt864_forward_one_bank_paired_twist_loads_slothy_start.split.511_530:Invoking external constraint solver (OR-Tools CP-SAT v9.15.6755) ...
INFO:gt864-forward-full-register-schedule.gt864_forward_one_bank_paired_twist_loads_slothy_start.split.511_530:[0.2385s]: Found 1 solutions so far... objective (minimize cycles): currently  (Cycles ~ 22.0, IPC ~ 0.86), bound  (Cycles ~ 18.0, IPC ~ 1.06)
INFO:gt864-forward-full-register-schedule.gt864_forward_one_bank_paired_twist_loads_slothy_start.split.511_530:OPTIMAL, wall time: 0.247864 s
INFO:gt864-forward-full-register-schedule.gt864_forward_one_bank_paired_twist_loads_slothy_start.split.511_530:Booleans in result: 147
INFO:gt864-forward-full-register-schedule.gt864_forward_one_bank_paired_twist_loads_slothy_start.split.511_530.selfcheck:OK!
INFO:gt864-forward-full-register-schedule.gt864_forward_one_bank_paired_twist_loads_slothy_start.split.511_530:Minimum number of stalls: 17
INFO:gt864-forward-full-register-schedule.gt864_forward_one_bank_paired_twist_loads_slothy_start.split:[  0- 12]: *************..... (13)
INFO:gt864-forward-full-register-schedule.gt864_forward_one_bank_paired_twist_loads_slothy_start.split:[ 12- 24]: ***************... (15)
INFO:gt864-forward-full-register-schedule.gt864_forward_one_bank_paired_twist_loads_slothy_start.split:[ 24- 36]: ************...... (12)
INFO:gt864-forward-full-register-schedule.gt864_forward_one_bank_paired_twist_loads_slothy_start.split:[ 36- 48]: ************...... (12)
INFO:gt864-forward-full-register-schedule.gt864_forward_one_bank_paired_twist_loads_slothy_start.split:[ 48- 60]: ************...... (12)
INFO:gt864-forward-full-register-schedule.gt864_forward_one_bank_paired_twist_loads_slothy_start.split:[ 60- 72]: ************...... (12)
INFO:gt864-forward-full-register-schedule.gt864_forward_one_bank_paired_twist_loads_slothy_start.split:[ 72- 84]: ***************... (15)
INFO:gt864-forward-full-register-schedule.gt864_forward_one_bank_paired_twist_loads_slothy_start.split:[ 84- 96]: ************...... (12)
INFO:gt864-forward-full-register-schedule.gt864_forward_one_bank_paired_twist_loads_slothy_start.split:[ 96-108]: ***************... (15)
INFO:gt864-forward-full-register-schedule.gt864_forward_one_bank_paired_twist_loads_slothy_start.split:[108-120]: **************.... (14)
INFO:gt864-forward-full-register-schedule.gt864_forward_one_bank_paired_twist_loads_slothy_start.split:[120-132]: **************.... (14)
INFO:gt864-forward-full-register-schedule.gt864_forward_one_bank_paired_twist_loads_slothy_start.split:[132-144]: ***************... (15)
INFO:gt864-forward-full-register-schedule.gt864_forward_one_bank_paired_twist_loads_slothy_start.split:[144-156]: ***************... (15)
INFO:gt864-forward-full-register-schedule.gt864_forward_one_bank_paired_twist_loads_slothy_start.split:[156-168]: ***************... (15)
INFO:gt864-forward-full-register-schedule.gt864_forward_one_bank_paired_twist_loads_slothy_start.split:[168-180]: **************.... (14)
INFO:gt864-forward-full-register-schedule.gt864_forward_one_bank_paired_twist_loads_slothy_start.split:[180-192]: ***************... (15)
INFO:gt864-forward-full-register-schedule.gt864_forward_one_bank_paired_twist_loads_slothy_start.split:[192-204]: **************.... (14)
INFO:gt864-forward-full-register-schedule.gt864_forward_one_bank_paired_twist_loads_slothy_start.split:[204-216]: **************.... (14)
INFO:gt864-forward-full-register-schedule.gt864_forward_one_bank_paired_twist_loads_slothy_start.split:[216-228]: ***************... (15)
INFO:gt864-forward-full-register-schedule.gt864_forward_one_bank_paired_twist_loads_slothy_start.split:[228-240]: **************.... (14)
INFO:gt864-forward-full-register-schedule.gt864_forward_one_bank_paired_twist_loads_slothy_start.split:[240-252]: **************.... (14)
INFO:gt864-forward-full-register-schedule.gt864_forward_one_bank_paired_twist_loads_slothy_start.split:[252-264]: **************.... (14)
INFO:gt864-forward-full-register-schedule.gt864_forward_one_bank_paired_twist_loads_slothy_start.split:[264-276]: *************..... (13)
INFO:gt864-forward-full-register-schedule.gt864_forward_one_bank_paired_twist_loads_slothy_start.split:[276-288]: **************.... (14)
INFO:gt864-forward-full-register-schedule.gt864_forward_one_bank_paired_twist_loads_slothy_start.split:[288-300]: ************...... (12)
INFO:gt864-forward-full-register-schedule.gt864_forward_one_bank_paired_twist_loads_slothy_start.split:[300-312]: *********......... (9)
INFO:gt864-forward-full-register-schedule.gt864_forward_one_bank_paired_twist_loads_slothy_start.split:[312-324]: *********......... (9)
INFO:gt864-forward-full-register-schedule.gt864_forward_one_bank_paired_twist_loads_slothy_start.split:[324-336]: *********......... (9)
INFO:gt864-forward-full-register-schedule.gt864_forward_one_bank_paired_twist_loads_slothy_start.split:[336-348]: **********........ (10)
INFO:gt864-forward-full-register-schedule.gt864_forward_one_bank_paired_twist_loads_slothy_start.split:[348-360]: *************..... (13)
INFO:gt864-forward-full-register-schedule.gt864_forward_one_bank_paired_twist_loads_slothy_start.split:[360-372]: ***************... (15)
INFO:gt864-forward-full-register-schedule.gt864_forward_one_bank_paired_twist_loads_slothy_start.split:[372-384]: *****************. (17)
INFO:gt864-forward-full-register-schedule.gt864_forward_one_bank_paired_twist_loads_slothy_start.split:[384-396]: *************..... (13)
INFO:gt864-forward-full-register-schedule.gt864_forward_one_bank_paired_twist_loads_slothy_start.split:[396-408]: ***************... (15)
INFO:gt864-forward-full-register-schedule.gt864_forward_one_bank_paired_twist_loads_slothy_start.split:[408-420]: **************.... (14)
INFO:gt864-forward-full-register-schedule.gt864_forward_one_bank_paired_twist_loads_slothy_start.split:[420-432]: ***************... (15)
INFO:gt864-forward-full-register-schedule.gt864_forward_one_bank_paired_twist_loads_slothy_start.split:[432-444]: ****************.. (16)
INFO:gt864-forward-full-register-schedule.gt864_forward_one_bank_paired_twist_loads_slothy_start.split:[444-456]: **************.... (14)
INFO:gt864-forward-full-register-schedule.gt864_forward_one_bank_paired_twist_loads_slothy_start.split:[456-468]: ****************.. (16)
INFO:gt864-forward-full-register-schedule.gt864_forward_one_bank_paired_twist_loads_slothy_start.split:[468-480]: **************.... (14)
INFO:gt864-forward-full-register-schedule.gt864_forward_one_bank_paired_twist_loads_slothy_start.split:[480-492]: **************.... (14)
INFO:gt864-forward-full-register-schedule.gt864_forward_one_bank_paired_twist_loads_slothy_start.split:[492-504]: ****************.. (16)
INFO:gt864-forward-full-register-schedule.gt864_forward_one_bank_paired_twist_loads_slothy_start.split:[504-516]: ***************... (15)
INFO:gt864-forward-full-register-schedule.gt864_forward_one_bank_paired_twist_loads_slothy_start.split:[516-528]: *****************. (17)
INFO:gt864-forward-full-register-schedule.gt864_forward_one_bank_paired_twist_loads_slothy_start.split:[528-540]: ***************... (15)
INFO:gt864-forward-full-register-schedule.gt864_forward_one_bank_paired_twist_loads_slothy_start.split:[540-552]: **************.... (14)
INFO:gt864-forward-full-register-schedule.gt864_forward_one_bank_paired_twist_loads_slothy_start.split:[552-564]: **************.... (14)
INFO:gt864-forward-full-register-schedule.gt864_forward_one_bank_paired_twist_loads_slothy_start.split:[564-576]: **************.... (14)
INFO:gt864-forward-full-register-schedule.gt864_forward_one_bank_paired_twist_loads_slothy_start.split:[576-588]: **************.... (14)
INFO:gt864-forward-full-register-schedule.gt864_forward_one_bank_paired_twist_loads_slothy_start.split:[588-601]: ************...... (12)
INFO:gt864-forward-full-register-schedule.gt864_forward_one_bank_paired_twist_loads_slothy_start.split.541_560:Perform internal binary search for minimal number of stalls...
INFO:gt864-forward-full-register-schedule.gt864_forward_one_bank_paired_twist_loads_slothy_start.split.541_560:Attempt optimization with max 256 stalls...
INFO:gt864-forward-full-register-schedule.gt864_forward_one_bank_paired_twist_loads_slothy_start.split.541_560:Setting timeout of 14400 seconds...
INFO:gt864-forward-full-register-schedule.gt864_forward_one_bank_paired_twist_loads_slothy_start.split.541_560:Objective: minimize cycles
INFO:gt864-forward-full-register-schedule.gt864_forward_one_bank_paired_twist_loads_slothy_start.split.541_560:Invoking external constraint solver (OR-Tools CP-SAT v9.15.6755) ...
INFO:gt864-forward-full-register-schedule.gt864_forward_one_bank_paired_twist_loads_slothy_start.split.541_560:[0.2375s]: Found 1 solutions so far... objective (minimize cycles): currently  (Cycles ~ 23.0, IPC ~ 0.83), bound  (Cycles ~ 22.0, IPC ~ 0.86)
INFO:gt864-forward-full-register-schedule.gt864_forward_one_bank_paired_twist_loads_slothy_start.split.541_560:[0.2473s]: Found 2 solutions so far... objective (minimize cycles): currently  (Cycles ~ 22.0, IPC ~ 0.86), bound  (Cycles ~ 22.0, IPC ~ 0.86)
INFO:gt864-forward-full-register-schedule.gt864_forward_one_bank_paired_twist_loads_slothy_start.split.541_560:Closer than 0 stalls to theoretical optimum... stop
INFO:gt864-forward-full-register-schedule.gt864_forward_one_bank_paired_twist_loads_slothy_start.split.541_560:OPTIMAL, wall time: 0.257029 s
INFO:gt864-forward-full-register-schedule.gt864_forward_one_bank_paired_twist_loads_slothy_start.split.541_560:Booleans in result: 162
INFO:gt864-forward-full-register-schedule.gt864_forward_one_bank_paired_twist_loads_slothy_start.split.541_560.selfcheck:OK!
INFO:gt864-forward-full-register-schedule.gt864_forward_one_bank_paired_twist_loads_slothy_start.split.541_560:Minimum number of stalls: 17
INFO:gt864-forward-full-register-schedule.gt864_forward_one_bank_paired_twist_loads_slothy_start.split:[  0- 12]: *************..... (13)
INFO:gt864-forward-full-register-schedule.gt864_forward_one_bank_paired_twist_loads_slothy_start.split:[ 12- 24]: ***************... (15)
INFO:gt864-forward-full-register-schedule.gt864_forward_one_bank_paired_twist_loads_slothy_start.split:[ 24- 36]: ************...... (12)
INFO:gt864-forward-full-register-schedule.gt864_forward_one_bank_paired_twist_loads_slothy_start.split:[ 36- 48]: ************...... (12)
INFO:gt864-forward-full-register-schedule.gt864_forward_one_bank_paired_twist_loads_slothy_start.split:[ 48- 60]: ************...... (12)
INFO:gt864-forward-full-register-schedule.gt864_forward_one_bank_paired_twist_loads_slothy_start.split:[ 60- 72]: ************...... (12)
INFO:gt864-forward-full-register-schedule.gt864_forward_one_bank_paired_twist_loads_slothy_start.split:[ 72- 84]: ***************... (15)
INFO:gt864-forward-full-register-schedule.gt864_forward_one_bank_paired_twist_loads_slothy_start.split:[ 84- 96]: ************...... (12)
INFO:gt864-forward-full-register-schedule.gt864_forward_one_bank_paired_twist_loads_slothy_start.split:[ 96-108]: ***************... (15)
INFO:gt864-forward-full-register-schedule.gt864_forward_one_bank_paired_twist_loads_slothy_start.split:[108-120]: **************.... (14)
INFO:gt864-forward-full-register-schedule.gt864_forward_one_bank_paired_twist_loads_slothy_start.split:[120-132]: **************.... (14)
INFO:gt864-forward-full-register-schedule.gt864_forward_one_bank_paired_twist_loads_slothy_start.split:[132-144]: ***************... (15)
INFO:gt864-forward-full-register-schedule.gt864_forward_one_bank_paired_twist_loads_slothy_start.split:[144-156]: ***************... (15)
INFO:gt864-forward-full-register-schedule.gt864_forward_one_bank_paired_twist_loads_slothy_start.split:[156-168]: ***************... (15)
INFO:gt864-forward-full-register-schedule.gt864_forward_one_bank_paired_twist_loads_slothy_start.split:[168-180]: **************.... (14)
INFO:gt864-forward-full-register-schedule.gt864_forward_one_bank_paired_twist_loads_slothy_start.split:[180-192]: ***************... (15)
INFO:gt864-forward-full-register-schedule.gt864_forward_one_bank_paired_twist_loads_slothy_start.split:[192-204]: **************.... (14)
INFO:gt864-forward-full-register-schedule.gt864_forward_one_bank_paired_twist_loads_slothy_start.split:[204-216]: **************.... (14)
INFO:gt864-forward-full-register-schedule.gt864_forward_one_bank_paired_twist_loads_slothy_start.split:[216-228]: ***************... (15)
INFO:gt864-forward-full-register-schedule.gt864_forward_one_bank_paired_twist_loads_slothy_start.split:[228-240]: **************.... (14)
INFO:gt864-forward-full-register-schedule.gt864_forward_one_bank_paired_twist_loads_slothy_start.split:[240-252]: **************.... (14)
INFO:gt864-forward-full-register-schedule.gt864_forward_one_bank_paired_twist_loads_slothy_start.split:[252-264]: **************.... (14)
INFO:gt864-forward-full-register-schedule.gt864_forward_one_bank_paired_twist_loads_slothy_start.split:[264-276]: *************..... (13)
INFO:gt864-forward-full-register-schedule.gt864_forward_one_bank_paired_twist_loads_slothy_start.split:[276-288]: **************.... (14)
INFO:gt864-forward-full-register-schedule.gt864_forward_one_bank_paired_twist_loads_slothy_start.split:[288-300]: ************...... (12)
INFO:gt864-forward-full-register-schedule.gt864_forward_one_bank_paired_twist_loads_slothy_start.split:[300-312]: *********......... (9)
INFO:gt864-forward-full-register-schedule.gt864_forward_one_bank_paired_twist_loads_slothy_start.split:[312-324]: *********......... (9)
INFO:gt864-forward-full-register-schedule.gt864_forward_one_bank_paired_twist_loads_slothy_start.split:[324-336]: *********......... (9)
INFO:gt864-forward-full-register-schedule.gt864_forward_one_bank_paired_twist_loads_slothy_start.split:[336-348]: **********........ (10)
INFO:gt864-forward-full-register-schedule.gt864_forward_one_bank_paired_twist_loads_slothy_start.split:[348-360]: *************..... (13)
INFO:gt864-forward-full-register-schedule.gt864_forward_one_bank_paired_twist_loads_slothy_start.split:[360-372]: ***************... (15)
INFO:gt864-forward-full-register-schedule.gt864_forward_one_bank_paired_twist_loads_slothy_start.split:[372-384]: *****************. (17)
INFO:gt864-forward-full-register-schedule.gt864_forward_one_bank_paired_twist_loads_slothy_start.split:[384-396]: *************..... (13)
INFO:gt864-forward-full-register-schedule.gt864_forward_one_bank_paired_twist_loads_slothy_start.split:[396-408]: ***************... (15)
INFO:gt864-forward-full-register-schedule.gt864_forward_one_bank_paired_twist_loads_slothy_start.split:[408-420]: **************.... (14)
INFO:gt864-forward-full-register-schedule.gt864_forward_one_bank_paired_twist_loads_slothy_start.split:[420-432]: ***************... (15)
INFO:gt864-forward-full-register-schedule.gt864_forward_one_bank_paired_twist_loads_slothy_start.split:[432-444]: ****************.. (16)
INFO:gt864-forward-full-register-schedule.gt864_forward_one_bank_paired_twist_loads_slothy_start.split:[444-456]: **************.... (14)
INFO:gt864-forward-full-register-schedule.gt864_forward_one_bank_paired_twist_loads_slothy_start.split:[456-468]: ****************.. (16)
INFO:gt864-forward-full-register-schedule.gt864_forward_one_bank_paired_twist_loads_slothy_start.split:[468-480]: **************.... (14)
INFO:gt864-forward-full-register-schedule.gt864_forward_one_bank_paired_twist_loads_slothy_start.split:[480-492]: **************.... (14)
INFO:gt864-forward-full-register-schedule.gt864_forward_one_bank_paired_twist_loads_slothy_start.split:[492-504]: ****************.. (16)
INFO:gt864-forward-full-register-schedule.gt864_forward_one_bank_paired_twist_loads_slothy_start.split:[504-516]: ***************... (15)
INFO:gt864-forward-full-register-schedule.gt864_forward_one_bank_paired_twist_loads_slothy_start.split:[516-528]: *****************. (17)
INFO:gt864-forward-full-register-schedule.gt864_forward_one_bank_paired_twist_loads_slothy_start.split:[528-540]: ***************... (15)
INFO:gt864-forward-full-register-schedule.gt864_forward_one_bank_paired_twist_loads_slothy_start.split:[540-552]: *************..... (13)
INFO:gt864-forward-full-register-schedule.gt864_forward_one_bank_paired_twist_loads_slothy_start.split:[552-564]: **************.... (14)
INFO:gt864-forward-full-register-schedule.gt864_forward_one_bank_paired_twist_loads_slothy_start.split:[564-576]: **************.... (14)
INFO:gt864-forward-full-register-schedule.gt864_forward_one_bank_paired_twist_loads_slothy_start.split:[576-588]: **************.... (14)
INFO:gt864-forward-full-register-schedule.gt864_forward_one_bank_paired_twist_loads_slothy_start.split:[588-601]: ************...... (12)
INFO:gt864-forward-full-register-schedule.gt864_forward_one_bank_paired_twist_loads_slothy_start.split.571_590:Perform internal binary search for minimal number of stalls...
INFO:gt864-forward-full-register-schedule.gt864_forward_one_bank_paired_twist_loads_slothy_start.split.571_590:Attempt optimization with max 256 stalls...
INFO:gt864-forward-full-register-schedule.gt864_forward_one_bank_paired_twist_loads_slothy_start.split.571_590:Setting timeout of 14400 seconds...
INFO:gt864-forward-full-register-schedule.gt864_forward_one_bank_paired_twist_loads_slothy_start.split.571_590:Objective: minimize cycles
INFO:gt864-forward-full-register-schedule.gt864_forward_one_bank_paired_twist_loads_slothy_start.split.571_590:Invoking external constraint solver (OR-Tools CP-SAT v9.15.6755) ...
INFO:gt864-forward-full-register-schedule.gt864_forward_one_bank_paired_twist_loads_slothy_start.split.571_590:[0.1522s]: Found 1 solutions so far... objective (minimize cycles): currently  (Cycles ~ 26.0, IPC ~ 0.73), bound  (Cycles ~ 21.0, IPC ~ 0.90)
INFO:gt864-forward-full-register-schedule.gt864_forward_one_bank_paired_twist_loads_slothy_start.split.571_590:[0.1568s]: Found 2 solutions so far... objective (minimize cycles): currently  (Cycles ~ 25.0, IPC ~ 0.76), bound  (Cycles ~ 24.0, IPC ~ 0.79)
INFO:gt864-forward-full-register-schedule.gt864_forward_one_bank_paired_twist_loads_slothy_start.split.571_590:[0.1601s]: Found 3 solutions so far... objective (minimize cycles): currently  (Cycles ~ 24.0, IPC ~ 0.79), bound  (Cycles ~ 24.0, IPC ~ 0.79)
INFO:gt864-forward-full-register-schedule.gt864_forward_one_bank_paired_twist_loads_slothy_start.split.571_590:Closer than 0 stalls to theoretical optimum... stop
INFO:gt864-forward-full-register-schedule.gt864_forward_one_bank_paired_twist_loads_slothy_start.split.571_590:OPTIMAL, wall time: 0.170096 s
INFO:gt864-forward-full-register-schedule.gt864_forward_one_bank_paired_twist_loads_slothy_start.split.571_590:Booleans in result: 121
INFO:gt864-forward-full-register-schedule.gt864_forward_one_bank_paired_twist_loads_slothy_start.split.571_590.selfcheck:OK!
INFO:gt864-forward-full-register-schedule.gt864_forward_one_bank_paired_twist_loads_slothy_start.split.571_590:Minimum number of stalls: 19
INFO:gt864-forward-full-register-schedule.gt864_forward_one_bank_paired_twist_loads_slothy_start.split:[  0- 12]: *************..... (13)
INFO:gt864-forward-full-register-schedule.gt864_forward_one_bank_paired_twist_loads_slothy_start.split:[ 12- 24]: ***************... (15)
INFO:gt864-forward-full-register-schedule.gt864_forward_one_bank_paired_twist_loads_slothy_start.split:[ 24- 36]: ************...... (12)
INFO:gt864-forward-full-register-schedule.gt864_forward_one_bank_paired_twist_loads_slothy_start.split:[ 36- 48]: ************...... (12)
INFO:gt864-forward-full-register-schedule.gt864_forward_one_bank_paired_twist_loads_slothy_start.split:[ 48- 60]: ************...... (12)
INFO:gt864-forward-full-register-schedule.gt864_forward_one_bank_paired_twist_loads_slothy_start.split:[ 60- 72]: ************...... (12)
INFO:gt864-forward-full-register-schedule.gt864_forward_one_bank_paired_twist_loads_slothy_start.split:[ 72- 84]: ***************... (15)
INFO:gt864-forward-full-register-schedule.gt864_forward_one_bank_paired_twist_loads_slothy_start.split:[ 84- 96]: ************...... (12)
INFO:gt864-forward-full-register-schedule.gt864_forward_one_bank_paired_twist_loads_slothy_start.split:[ 96-108]: ***************... (15)
INFO:gt864-forward-full-register-schedule.gt864_forward_one_bank_paired_twist_loads_slothy_start.split:[108-120]: **************.... (14)
INFO:gt864-forward-full-register-schedule.gt864_forward_one_bank_paired_twist_loads_slothy_start.split:[120-132]: **************.... (14)
INFO:gt864-forward-full-register-schedule.gt864_forward_one_bank_paired_twist_loads_slothy_start.split:[132-144]: ***************... (15)
INFO:gt864-forward-full-register-schedule.gt864_forward_one_bank_paired_twist_loads_slothy_start.split:[144-156]: ***************... (15)
INFO:gt864-forward-full-register-schedule.gt864_forward_one_bank_paired_twist_loads_slothy_start.split:[156-168]: ***************... (15)
INFO:gt864-forward-full-register-schedule.gt864_forward_one_bank_paired_twist_loads_slothy_start.split:[168-180]: **************.... (14)
INFO:gt864-forward-full-register-schedule.gt864_forward_one_bank_paired_twist_loads_slothy_start.split:[180-192]: ***************... (15)
INFO:gt864-forward-full-register-schedule.gt864_forward_one_bank_paired_twist_loads_slothy_start.split:[192-204]: **************.... (14)
INFO:gt864-forward-full-register-schedule.gt864_forward_one_bank_paired_twist_loads_slothy_start.split:[204-216]: **************.... (14)
INFO:gt864-forward-full-register-schedule.gt864_forward_one_bank_paired_twist_loads_slothy_start.split:[216-228]: ***************... (15)
INFO:gt864-forward-full-register-schedule.gt864_forward_one_bank_paired_twist_loads_slothy_start.split:[228-240]: **************.... (14)
INFO:gt864-forward-full-register-schedule.gt864_forward_one_bank_paired_twist_loads_slothy_start.split:[240-252]: **************.... (14)
INFO:gt864-forward-full-register-schedule.gt864_forward_one_bank_paired_twist_loads_slothy_start.split:[252-264]: **************.... (14)
INFO:gt864-forward-full-register-schedule.gt864_forward_one_bank_paired_twist_loads_slothy_start.split:[264-276]: *************..... (13)
INFO:gt864-forward-full-register-schedule.gt864_forward_one_bank_paired_twist_loads_slothy_start.split:[276-288]: **************.... (14)
INFO:gt864-forward-full-register-schedule.gt864_forward_one_bank_paired_twist_loads_slothy_start.split:[288-300]: ************...... (12)
INFO:gt864-forward-full-register-schedule.gt864_forward_one_bank_paired_twist_loads_slothy_start.split:[300-312]: *********......... (9)
INFO:gt864-forward-full-register-schedule.gt864_forward_one_bank_paired_twist_loads_slothy_start.split:[312-324]: *********......... (9)
INFO:gt864-forward-full-register-schedule.gt864_forward_one_bank_paired_twist_loads_slothy_start.split:[324-336]: *********......... (9)
INFO:gt864-forward-full-register-schedule.gt864_forward_one_bank_paired_twist_loads_slothy_start.split:[336-348]: **********........ (10)
INFO:gt864-forward-full-register-schedule.gt864_forward_one_bank_paired_twist_loads_slothy_start.split:[348-360]: *************..... (13)
INFO:gt864-forward-full-register-schedule.gt864_forward_one_bank_paired_twist_loads_slothy_start.split:[360-372]: ***************... (15)
INFO:gt864-forward-full-register-schedule.gt864_forward_one_bank_paired_twist_loads_slothy_start.split:[372-384]: *****************. (17)
INFO:gt864-forward-full-register-schedule.gt864_forward_one_bank_paired_twist_loads_slothy_start.split:[384-396]: *************..... (13)
INFO:gt864-forward-full-register-schedule.gt864_forward_one_bank_paired_twist_loads_slothy_start.split:[396-408]: ***************... (15)
INFO:gt864-forward-full-register-schedule.gt864_forward_one_bank_paired_twist_loads_slothy_start.split:[408-420]: **************.... (14)
INFO:gt864-forward-full-register-schedule.gt864_forward_one_bank_paired_twist_loads_slothy_start.split:[420-432]: ***************... (15)
INFO:gt864-forward-full-register-schedule.gt864_forward_one_bank_paired_twist_loads_slothy_start.split:[432-444]: ****************.. (16)
INFO:gt864-forward-full-register-schedule.gt864_forward_one_bank_paired_twist_loads_slothy_start.split:[444-456]: **************.... (14)
INFO:gt864-forward-full-register-schedule.gt864_forward_one_bank_paired_twist_loads_slothy_start.split:[456-468]: ****************.. (16)
INFO:gt864-forward-full-register-schedule.gt864_forward_one_bank_paired_twist_loads_slothy_start.split:[468-480]: **************.... (14)
INFO:gt864-forward-full-register-schedule.gt864_forward_one_bank_paired_twist_loads_slothy_start.split:[480-492]: **************.... (14)
INFO:gt864-forward-full-register-schedule.gt864_forward_one_bank_paired_twist_loads_slothy_start.split:[492-504]: ****************.. (16)
INFO:gt864-forward-full-register-schedule.gt864_forward_one_bank_paired_twist_loads_slothy_start.split:[504-516]: ***************... (15)
INFO:gt864-forward-full-register-schedule.gt864_forward_one_bank_paired_twist_loads_slothy_start.split:[516-528]: *****************. (17)
INFO:gt864-forward-full-register-schedule.gt864_forward_one_bank_paired_twist_loads_slothy_start.split:[528-540]: ***************... (15)
INFO:gt864-forward-full-register-schedule.gt864_forward_one_bank_paired_twist_loads_slothy_start.split:[540-552]: *************..... (13)
INFO:gt864-forward-full-register-schedule.gt864_forward_one_bank_paired_twist_loads_slothy_start.split:[552-564]: **************.... (14)
INFO:gt864-forward-full-register-schedule.gt864_forward_one_bank_paired_twist_loads_slothy_start.split:[564-576]: **************.... (14)
INFO:gt864-forward-full-register-schedule.gt864_forward_one_bank_paired_twist_loads_slothy_start.split:[576-588]: **************.... (14)
INFO:gt864-forward-full-register-schedule.gt864_forward_one_bank_paired_twist_loads_slothy_start.split:[588-601]: ************...... (12)
INFO:gt864-forward-full-register-schedule.gt864_forward_one_bank_paired_twist_loads_slothy_start.split.split_heuristic_full:OK!
allocated_liveouts=out0:v26,out1:v12,out2:v19,out3:v9,out4:v7,out5:v27,out6:v18,out7:v1,out8:v25,out9:v10,out10:v31,out11:v2,out12:v30,out13:v8,out14:v23,out15:v11,out16:v22,out17:v20
