INFO:p13c.p13c_itail_slothy_start:SLOTHY version: 0.2.0
INFO:p13c:Instructions in body: 603
INFO:p13c.p13c_itail_slothy_start.split.0_38:Perform external binary search for minimal number of stalls...
INFO:p13c.p13c_itail_slothy_start.split.0_38:Attempt optimization with max 0 stalls...
INFO:p13c.p13c_itail_slothy_start.split.0_38:Setting timeout of 30 seconds...
INFO:p13c.p13c_itail_slothy_start.split.0_38:Objective: None (any satisfying solution is fine)
INFO:p13c.p13c_itail_slothy_start.split.0_38:Invoking external constraint solver (OR-Tools CP-SAT v9.15.6755) ...
INFO:p13c.p13c_itail_slothy_start.split.0_38:INFEASIBLE, wall time: 0.002794 s
INFO:p13c.p13c_itail_slothy_start.split.0_38:Attempt optimization with max 1 stalls...
INFO:p13c.p13c_itail_slothy_start.split.0_38:Setting timeout of 30 seconds...
INFO:p13c.p13c_itail_slothy_start.split.0_38:Objective: None (any satisfying solution is fine)
INFO:p13c.p13c_itail_slothy_start.split.0_38:Invoking external constraint solver (OR-Tools CP-SAT v9.15.6755) ...
INFO:p13c.p13c_itail_slothy_start.split.0_38:INFEASIBLE, wall time: 0.002342 s
INFO:p13c.p13c_itail_slothy_start.split.0_38:Attempt optimization with max 2 stalls...
INFO:p13c.p13c_itail_slothy_start.split.0_38:Setting timeout of 30 seconds...
INFO:p13c.p13c_itail_slothy_start.split.0_38:Objective: None (any satisfying solution is fine)
INFO:p13c.p13c_itail_slothy_start.split.0_38:Invoking external constraint solver (OR-Tools CP-SAT v9.15.6755) ...
INFO:p13c.p13c_itail_slothy_start.split.0_38:INFEASIBLE, wall time: 0.002377 s
INFO:p13c.p13c_itail_slothy_start.split.0_38:Attempt optimization with max 4 stalls...
INFO:p13c.p13c_itail_slothy_start.split.0_38:Setting timeout of 30 seconds...
INFO:p13c.p13c_itail_slothy_start.split.0_38:Objective: None (any satisfying solution is fine)
INFO:p13c.p13c_itail_slothy_start.split.0_38:Invoking external constraint solver (OR-Tools CP-SAT v9.15.6755) ...
INFO:p13c.p13c_itail_slothy_start.split.0_38:INFEASIBLE, wall time: 0.003132 s
INFO:p13c.p13c_itail_slothy_start.split.0_38:Attempt optimization with max 8 stalls...
INFO:p13c.p13c_itail_slothy_start.split.0_38:Setting timeout of 30 seconds...
INFO:p13c.p13c_itail_slothy_start.split.0_38:Objective: None (any satisfying solution is fine)
INFO:p13c.p13c_itail_slothy_start.split.0_38:Invoking external constraint solver (OR-Tools CP-SAT v9.15.6755) ...
INFO:p13c.p13c_itail_slothy_start.split.0_38:INFEASIBLE, wall time: 0.004856 s
INFO:p13c.p13c_itail_slothy_start.split.0_38:Attempt optimization with max 16 stalls...
INFO:p13c.p13c_itail_slothy_start.split.0_38:Setting timeout of 30 seconds...
INFO:p13c.p13c_itail_slothy_start.split.0_38:Objective: None (any satisfying solution is fine)
INFO:p13c.p13c_itail_slothy_start.split.0_38:Invoking external constraint solver (OR-Tools CP-SAT v9.15.6755) ...
INFO:p13c.p13c_itail_slothy_start.split.0_38:[0.0324s]: Found 1 solutions so far... objective (no objective): currently 0.0, bound 0.0
INFO:p13c.p13c_itail_slothy_start.split.0_38:OPTIMAL, wall time: 0.037343 s
INFO:p13c.p13c_itail_slothy_start.split.0_38:Booleans in result: 115
INFO:p13c.p13c_itail_slothy_start.split.0_38.selfcheck:OK!
WARNING:p13c:LLVM (llvm-mc, llvm-nm, llvm-readobj) not found, disabling selftest. Consider installing LLVM.
INFO:p13c.p13c_itail_slothy_start.split.0_38:Attempt optimization with max 12 stalls...
INFO:p13c.p13c_itail_slothy_start.split.0_38:Setting timeout of 30 seconds...
INFO:p13c.p13c_itail_slothy_start.split.0_38:Objective: None (any satisfying solution is fine)
INFO:p13c.p13c_itail_slothy_start.split.0_38:Invoking external constraint solver (OR-Tools CP-SAT v9.15.6755) ...
INFO:p13c.p13c_itail_slothy_start.split.0_38:INFEASIBLE, wall time: 0.040432 s
INFO:p13c.p13c_itail_slothy_start.split.0_38:Attempt optimization with max 14 stalls...
INFO:p13c.p13c_itail_slothy_start.split.0_38:Setting timeout of 30 seconds...
INFO:p13c.p13c_itail_slothy_start.split.0_38:Objective: None (any satisfying solution is fine)
INFO:p13c.p13c_itail_slothy_start.split.0_38:Invoking external constraint solver (OR-Tools CP-SAT v9.15.6755) ...
INFO:p13c.p13c_itail_slothy_start.split.0_38:[0.0286s]: Found 1 solutions so far... objective (no objective): currently 0.0, bound 0.0
INFO:p13c.p13c_itail_slothy_start.split.0_38:OPTIMAL, wall time: 0.035943 s
INFO:p13c.p13c_itail_slothy_start.split.0_38:Booleans in result: 242
INFO:p13c.p13c_itail_slothy_start.split.0_38.selfcheck:OK!
WARNING:p13c:LLVM (llvm-mc, llvm-nm, llvm-readobj) not found, disabling selftest. Consider installing LLVM.
INFO:p13c.p13c_itail_slothy_start.split.0_38:Attempt optimization with max 13 stalls...
INFO:p13c.p13c_itail_slothy_start.split.0_38:Setting timeout of 30 seconds...
INFO:p13c.p13c_itail_slothy_start.split.0_38:Objective: None (any satisfying solution is fine)
INFO:p13c.p13c_itail_slothy_start.split.0_38:Invoking external constraint solver (OR-Tools CP-SAT v9.15.6755) ...
INFO:p13c.p13c_itail_slothy_start.split.0_38:[0.0231s]: Found 1 solutions so far... objective (no objective): currently 0.0, bound 0.0
INFO:p13c.p13c_itail_slothy_start.split.0_38:OPTIMAL, wall time: 0.027222 s
INFO:p13c.p13c_itail_slothy_start.split.0_38:Booleans in result: 36
INFO:p13c.p13c_itail_slothy_start.split.0_38.selfcheck:OK!
WARNING:p13c:LLVM (llvm-mc, llvm-nm, llvm-readobj) not found, disabling selftest. Consider installing LLVM.
INFO:p13c.p13c_itail_slothy_start.split.38_75:Perform external binary search for minimal number of stalls...
INFO:p13c.p13c_itail_slothy_start.split.38_75:Attempt optimization with max 0 stalls...
INFO:p13c.p13c_itail_slothy_start.split.38_75:Setting timeout of 30 seconds...
INFO:p13c.p13c_itail_slothy_start.split.38_75:Objective: None (any satisfying solution is fine)
INFO:p13c.p13c_itail_slothy_start.split.38_75:Invoking external constraint solver (OR-Tools CP-SAT v9.15.6755) ...
INFO:p13c.p13c_itail_slothy_start.split.38_75:INFEASIBLE, wall time: 0.001156 s
INFO:p13c.p13c_itail_slothy_start.split.38_75:Attempt optimization with max 1 stalls...
INFO:p13c.p13c_itail_slothy_start.split.38_75:Setting timeout of 30 seconds...
INFO:p13c.p13c_itail_slothy_start.split.38_75:Objective: None (any satisfying solution is fine)
INFO:p13c.p13c_itail_slothy_start.split.38_75:Invoking external constraint solver (OR-Tools CP-SAT v9.15.6755) ...
INFO:p13c.p13c_itail_slothy_start.split.38_75:INFEASIBLE, wall time: 0.001040 s
INFO:p13c.p13c_itail_slothy_start.split.38_75:Attempt optimization with max 2 stalls...
INFO:p13c.p13c_itail_slothy_start.split.38_75:Setting timeout of 30 seconds...
INFO:p13c.p13c_itail_slothy_start.split.38_75:Objective: None (any satisfying solution is fine)
INFO:p13c.p13c_itail_slothy_start.split.38_75:Invoking external constraint solver (OR-Tools CP-SAT v9.15.6755) ...
INFO:p13c.p13c_itail_slothy_start.split.38_75:INFEASIBLE, wall time: 0.001026 s
INFO:p13c.p13c_itail_slothy_start.split.38_75:Attempt optimization with max 4 stalls...
INFO:p13c.p13c_itail_slothy_start.split.38_75:Setting timeout of 30 seconds...
INFO:p13c.p13c_itail_slothy_start.split.38_75:Objective: None (any satisfying solution is fine)
INFO:p13c.p13c_itail_slothy_start.split.38_75:Invoking external constraint solver (OR-Tools CP-SAT v9.15.6755) ...
INFO:p13c.p13c_itail_slothy_start.split.38_75:INFEASIBLE, wall time: 0.002460 s
INFO:p13c.p13c_itail_slothy_start.split.38_75:Attempt optimization with max 8 stalls...
INFO:p13c.p13c_itail_slothy_start.split.38_75:Setting timeout of 30 seconds...
INFO:p13c.p13c_itail_slothy_start.split.38_75:Objective: None (any satisfying solution is fine)
INFO:p13c.p13c_itail_slothy_start.split.38_75:Invoking external constraint solver (OR-Tools CP-SAT v9.15.6755) ...
INFO:p13c.p13c_itail_slothy_start.split.38_75:INFEASIBLE, wall time: 0.003393 s
INFO:p13c.p13c_itail_slothy_start.split.38_75:Attempt optimization with max 16 stalls...
INFO:p13c.p13c_itail_slothy_start.split.38_75:Setting timeout of 30 seconds...
INFO:p13c.p13c_itail_slothy_start.split.38_75:Objective: None (any satisfying solution is fine)
INFO:p13c.p13c_itail_slothy_start.split.38_75:Invoking external constraint solver (OR-Tools CP-SAT v9.15.6755) ...
INFO:p13c.p13c_itail_slothy_start.split.38_75:INFEASIBLE, wall time: 0.002999 s
INFO:p13c.p13c_itail_slothy_start.split.38_75:Attempt optimization with max 32 stalls...
INFO:p13c.p13c_itail_slothy_start.split.38_75:Setting timeout of 30 seconds...
INFO:p13c.p13c_itail_slothy_start.split.38_75:Objective: None (any satisfying solution is fine)
INFO:p13c.p13c_itail_slothy_start.split.38_75:Invoking external constraint solver (OR-Tools CP-SAT v9.15.6755) ...
INFO:p13c.p13c_itail_slothy_start.split.38_75:INFEASIBLE, wall time: 0.008875 s
INFO:p13c.p13c_itail_slothy_start.split.38_75:Attempt optimization with max 64 stalls...
INFO:p13c.p13c_itail_slothy_start.split.38_75:Setting timeout of 30 seconds...
INFO:p13c.p13c_itail_slothy_start.split.38_75:Objective: None (any satisfying solution is fine)
INFO:p13c.p13c_itail_slothy_start.split.38_75:Invoking external constraint solver (OR-Tools CP-SAT v9.15.6755) ...
INFO:p13c.p13c_itail_slothy_start.split.38_75:[0.0280s]: Found 1 solutions so far... objective (no objective): currently 0.0, bound 0.0
INFO:p13c.p13c_itail_slothy_start.split.38_75:[0.0286s]: Found 2 solutions so far... objective (no objective): currently 0.0, bound 0.0
INFO:p13c.p13c_itail_slothy_start.split.38_75:OPTIMAL, wall time: 0.032459 s
INFO:p13c.p13c_itail_slothy_start.split.38_75:Booleans in result: 98
INFO:p13c.p13c_itail_slothy_start.split.38_75.selfcheck:OK!
WARNING:p13c:LLVM (llvm-mc, llvm-nm, llvm-readobj) not found, disabling selftest. Consider installing LLVM.
INFO:p13c.p13c_itail_slothy_start.split.38_75:Attempt optimization with max 48 stalls...
INFO:p13c.p13c_itail_slothy_start.split.38_75:Setting timeout of 30 seconds...
INFO:p13c.p13c_itail_slothy_start.split.38_75:Objective: None (any satisfying solution is fine)
INFO:p13c.p13c_itail_slothy_start.split.38_75:Invoking external constraint solver (OR-Tools CP-SAT v9.15.6755) ...
INFO:p13c.p13c_itail_slothy_start.split.38_75:[0.0294s]: Found 1 solutions so far... objective (no objective): currently 0.0, bound 0.0
INFO:p13c.p13c_itail_slothy_start.split.38_75:OPTIMAL, wall time: 0.032103 s
INFO:p13c.p13c_itail_slothy_start.split.38_75:Booleans in result: 89
INFO:p13c.p13c_itail_slothy_start.split.38_75.selfcheck:OK!
WARNING:p13c:LLVM (llvm-mc, llvm-nm, llvm-readobj) not found, disabling selftest. Consider installing LLVM.
INFO:p13c.p13c_itail_slothy_start.split.38_75:Attempt optimization with max 40 stalls...
INFO:p13c.p13c_itail_slothy_start.split.38_75:Setting timeout of 30 seconds...
INFO:p13c.p13c_itail_slothy_start.split.38_75:Objective: None (any satisfying solution is fine)
INFO:p13c.p13c_itail_slothy_start.split.38_75:Invoking external constraint solver (OR-Tools CP-SAT v9.15.6755) ...
INFO:p13c.p13c_itail_slothy_start.split.38_75:[0.0245s]: Found 1 solutions so far... objective (no objective): currently 0.0, bound 0.0
INFO:p13c.p13c_itail_slothy_start.split.38_75:OPTIMAL, wall time: 0.029126 s
INFO:p13c.p13c_itail_slothy_start.split.38_75:Booleans in result: 23
INFO:p13c.p13c_itail_slothy_start.split.38_75.selfcheck:OK!
WARNING:p13c:LLVM (llvm-mc, llvm-nm, llvm-readobj) not found, disabling selftest. Consider installing LLVM.
INFO:p13c.p13c_itail_slothy_start.split.38_75:Attempt optimization with max 36 stalls...
INFO:p13c.p13c_itail_slothy_start.split.38_75:Setting timeout of 30 seconds...
INFO:p13c.p13c_itail_slothy_start.split.38_75:Objective: None (any satisfying solution is fine)
INFO:p13c.p13c_itail_slothy_start.split.38_75:Invoking external constraint solver (OR-Tools CP-SAT v9.15.6755) ...
INFO:p13c.p13c_itail_slothy_start.split.38_75:[0.0267s]: Found 1 solutions so far... objective (no objective): currently 0.0, bound 0.0
INFO:p13c.p13c_itail_slothy_start.split.38_75:OPTIMAL, wall time: 0.029543 s
INFO:p13c.p13c_itail_slothy_start.split.38_75:Booleans in result: 92
INFO:p13c.p13c_itail_slothy_start.split.38_75.selfcheck:OK!
WARNING:p13c:LLVM (llvm-mc, llvm-nm, llvm-readobj) not found, disabling selftest. Consider installing LLVM.
INFO:p13c.p13c_itail_slothy_start.split.38_75:Attempt optimization with max 34 stalls...
INFO:p13c.p13c_itail_slothy_start.split.38_75:Setting timeout of 30 seconds...
INFO:p13c.p13c_itail_slothy_start.split.38_75:Objective: None (any satisfying solution is fine)
INFO:p13c.p13c_itail_slothy_start.split.38_75:Invoking external constraint solver (OR-Tools CP-SAT v9.15.6755) ...
INFO:p13c.p13c_itail_slothy_start.split.38_75:INFEASIBLE, wall time: 0.020665 s
INFO:p13c.p13c_itail_slothy_start.split.38_75:Attempt optimization with max 35 stalls...
INFO:p13c.p13c_itail_slothy_start.split.38_75:Setting timeout of 30 seconds...
INFO:p13c.p13c_itail_slothy_start.split.38_75:Objective: None (any satisfying solution is fine)
INFO:p13c.p13c_itail_slothy_start.split.38_75:Invoking external constraint solver (OR-Tools CP-SAT v9.15.6755) ...
INFO:p13c.p13c_itail_slothy_start.split.38_75:[0.0252s]: Found 1 solutions so far... objective (no objective): currently 0.0, bound 0.0
INFO:p13c.p13c_itail_slothy_start.split.38_75:[0.0258s]: Found 2 solutions so far... objective (no objective): currently 0.0, bound 0.0
INFO:p13c.p13c_itail_slothy_start.split.38_75:OPTIMAL, wall time: 0.030930 s
INFO:p13c.p13c_itail_slothy_start.split.38_75:Booleans in result: 77
INFO:p13c.p13c_itail_slothy_start.split.38_75.selfcheck:OK!
WARNING:p13c:LLVM (llvm-mc, llvm-nm, llvm-readobj) not found, disabling selftest. Consider installing LLVM.
INFO:p13c.p13c_itail_slothy_start.split.75_113:Perform external binary search for minimal number of stalls...
INFO:p13c.p13c_itail_slothy_start.split.75_113:Attempt optimization with max 0 stalls...
INFO:p13c.p13c_itail_slothy_start.split.75_113:Setting timeout of 30 seconds...
INFO:p13c.p13c_itail_slothy_start.split.75_113:Objective: None (any satisfying solution is fine)
INFO:p13c.p13c_itail_slothy_start.split.75_113:Invoking external constraint solver (OR-Tools CP-SAT v9.15.6755) ...
INFO:p13c.p13c_itail_slothy_start.split.75_113:INFEASIBLE, wall time: 0.001097 s
INFO:p13c.p13c_itail_slothy_start.split.75_113:Attempt optimization with max 1 stalls...
INFO:p13c.p13c_itail_slothy_start.split.75_113:Setting timeout of 30 seconds...
INFO:p13c.p13c_itail_slothy_start.split.75_113:Objective: None (any satisfying solution is fine)
INFO:p13c.p13c_itail_slothy_start.split.75_113:Invoking external constraint solver (OR-Tools CP-SAT v9.15.6755) ...
INFO:p13c.p13c_itail_slothy_start.split.75_113:INFEASIBLE, wall time: 0.001026 s
INFO:p13c.p13c_itail_slothy_start.split.75_113:Attempt optimization with max 2 stalls...
INFO:p13c.p13c_itail_slothy_start.split.75_113:Setting timeout of 30 seconds...
INFO:p13c.p13c_itail_slothy_start.split.75_113:Objective: None (any satisfying solution is fine)
INFO:p13c.p13c_itail_slothy_start.split.75_113:Invoking external constraint solver (OR-Tools CP-SAT v9.15.6755) ...
INFO:p13c.p13c_itail_slothy_start.split.75_113:INFEASIBLE, wall time: 0.001085 s
INFO:p13c.p13c_itail_slothy_start.split.75_113:Attempt optimization with max 4 stalls...
INFO:p13c.p13c_itail_slothy_start.split.75_113:Setting timeout of 30 seconds...
INFO:p13c.p13c_itail_slothy_start.split.75_113:Objective: None (any satisfying solution is fine)
INFO:p13c.p13c_itail_slothy_start.split.75_113:Invoking external constraint solver (OR-Tools CP-SAT v9.15.6755) ...
INFO:p13c.p13c_itail_slothy_start.split.75_113:INFEASIBLE, wall time: 0.001197 s
INFO:p13c.p13c_itail_slothy_start.split.75_113:Attempt optimization with max 8 stalls...
INFO:p13c.p13c_itail_slothy_start.split.75_113:Setting timeout of 30 seconds...
INFO:p13c.p13c_itail_slothy_start.split.75_113:Objective: None (any satisfying solution is fine)
INFO:p13c.p13c_itail_slothy_start.split.75_113:Invoking external constraint solver (OR-Tools CP-SAT v9.15.6755) ...
INFO:p13c.p13c_itail_slothy_start.split.75_113:INFEASIBLE, wall time: 0.002325 s
INFO:p13c.p13c_itail_slothy_start.split.75_113:Attempt optimization with max 16 stalls...
INFO:p13c.p13c_itail_slothy_start.split.75_113:Setting timeout of 30 seconds...
INFO:p13c.p13c_itail_slothy_start.split.75_113:Objective: None (any satisfying solution is fine)
INFO:p13c.p13c_itail_slothy_start.split.75_113:Invoking external constraint solver (OR-Tools CP-SAT v9.15.6755) ...
INFO:p13c.p13c_itail_slothy_start.split.75_113:INFEASIBLE, wall time: 0.002603 s
INFO:p13c.p13c_itail_slothy_start.split.75_113:Attempt optimization with max 32 stalls...
INFO:p13c.p13c_itail_slothy_start.split.75_113:Setting timeout of 30 seconds...
INFO:p13c.p13c_itail_slothy_start.split.75_113:Objective: None (any satisfying solution is fine)
INFO:p13c.p13c_itail_slothy_start.split.75_113:Invoking external constraint solver (OR-Tools CP-SAT v9.15.6755) ...
INFO:p13c.p13c_itail_slothy_start.split.75_113:INFEASIBLE, wall time: 0.008668 s
INFO:p13c.p13c_itail_slothy_start.split.75_113:Attempt optimization with max 64 stalls...
INFO:p13c.p13c_itail_slothy_start.split.75_113:Setting timeout of 30 seconds...
INFO:p13c.p13c_itail_slothy_start.split.75_113:Objective: None (any satisfying solution is fine)
INFO:p13c.p13c_itail_slothy_start.split.75_113:Invoking external constraint solver (OR-Tools CP-SAT v9.15.6755) ...
INFO:p13c.p13c_itail_slothy_start.split.75_113:[0.0341s]: Found 1 solutions so far... objective (no objective): currently 0.0, bound 0.0
INFO:p13c.p13c_itail_slothy_start.split.75_113:OPTIMAL, wall time: 0.038952 s
INFO:p13c.p13c_itail_slothy_start.split.75_113:Booleans in result: 89
INFO:p13c.p13c_itail_slothy_start.split.75_113.selfcheck:OK!
WARNING:p13c:LLVM (llvm-mc, llvm-nm, llvm-readobj) not found, disabling selftest. Consider installing LLVM.
INFO:p13c.p13c_itail_slothy_start.split.75_113:Attempt optimization with max 48 stalls...
INFO:p13c.p13c_itail_slothy_start.split.75_113:Setting timeout of 30 seconds...
INFO:p13c.p13c_itail_slothy_start.split.75_113:Objective: None (any satisfying solution is fine)
INFO:p13c.p13c_itail_slothy_start.split.75_113:Invoking external constraint solver (OR-Tools CP-SAT v9.15.6755) ...
INFO:p13c.p13c_itail_slothy_start.split.75_113:[0.0273s]: Found 1 solutions so far... objective (no objective): currently 0.0, bound 0.0
INFO:p13c.p13c_itail_slothy_start.split.75_113:OPTIMAL, wall time: 0.031781 s
INFO:p13c.p13c_itail_slothy_start.split.75_113:Booleans in result: 87
INFO:p13c.p13c_itail_slothy_start.split.75_113.selfcheck:OK!
WARNING:p13c:LLVM (llvm-mc, llvm-nm, llvm-readobj) not found, disabling selftest. Consider installing LLVM.
INFO:p13c.p13c_itail_slothy_start.split.75_113:Attempt optimization with max 40 stalls...
INFO:p13c.p13c_itail_slothy_start.split.75_113:Setting timeout of 30 seconds...
INFO:p13c.p13c_itail_slothy_start.split.75_113:Objective: None (any satisfying solution is fine)
INFO:p13c.p13c_itail_slothy_start.split.75_113:Invoking external constraint solver (OR-Tools CP-SAT v9.15.6755) ...
INFO:p13c.p13c_itail_slothy_start.split.75_113:INFEASIBLE, wall time: 0.024229 s
INFO:p13c.p13c_itail_slothy_start.split.75_113:Attempt optimization with max 44 stalls...
INFO:p13c.p13c_itail_slothy_start.split.75_113:Setting timeout of 30 seconds...
INFO:p13c.p13c_itail_slothy_start.split.75_113:Objective: None (any satisfying solution is fine)
INFO:p13c.p13c_itail_slothy_start.split.75_113:Invoking external constraint solver (OR-Tools CP-SAT v9.15.6755) ...
INFO:p13c.p13c_itail_slothy_start.split.75_113:[0.0277s]: Found 1 solutions so far... objective (no objective): currently 0.0, bound 0.0
INFO:p13c.p13c_itail_slothy_start.split.75_113:OPTIMAL, wall time: 0.032088 s
INFO:p13c.p13c_itail_slothy_start.split.75_113:Booleans in result: 89
INFO:p13c.p13c_itail_slothy_start.split.75_113.selfcheck:OK!
WARNING:p13c:LLVM (llvm-mc, llvm-nm, llvm-readobj) not found, disabling selftest. Consider installing LLVM.
INFO:p13c.p13c_itail_slothy_start.split.75_113:Attempt optimization with max 42 stalls...
INFO:p13c.p13c_itail_slothy_start.split.75_113:Setting timeout of 30 seconds...
INFO:p13c.p13c_itail_slothy_start.split.75_113:Objective: None (any satisfying solution is fine)
INFO:p13c.p13c_itail_slothy_start.split.75_113:Invoking external constraint solver (OR-Tools CP-SAT v9.15.6755) ...
INFO:p13c.p13c_itail_slothy_start.split.75_113:INFEASIBLE, wall time: 0.024752 s
INFO:p13c.p13c_itail_slothy_start.split.75_113:Attempt optimization with max 43 stalls...
INFO:p13c.p13c_itail_slothy_start.split.75_113:Setting timeout of 30 seconds...
INFO:p13c.p13c_itail_slothy_start.split.75_113:Objective: None (any satisfying solution is fine)
INFO:p13c.p13c_itail_slothy_start.split.75_113:Invoking external constraint solver (OR-Tools CP-SAT v9.15.6755) ...
INFO:p13c.p13c_itail_slothy_start.split.75_113:INFEASIBLE, wall time: 0.025695 s
INFO:p13c.p13c_itail_slothy_start.split.113_151:Perform external binary search for minimal number of stalls...
INFO:p13c.p13c_itail_slothy_start.split.113_151:Attempt optimization with max 0 stalls...
INFO:p13c.p13c_itail_slothy_start.split.113_151:Setting timeout of 30 seconds...
INFO:p13c.p13c_itail_slothy_start.split.113_151:Objective: None (any satisfying solution is fine)
INFO:p13c.p13c_itail_slothy_start.split.113_151:Invoking external constraint solver (OR-Tools CP-SAT v9.15.6755) ...
INFO:p13c.p13c_itail_slothy_start.split.113_151:INFEASIBLE, wall time: 0.001070 s
INFO:p13c.p13c_itail_slothy_start.split.113_151:Attempt optimization with max 1 stalls...
INFO:p13c.p13c_itail_slothy_start.split.113_151:Setting timeout of 30 seconds...
INFO:p13c.p13c_itail_slothy_start.split.113_151:Objective: None (any satisfying solution is fine)
INFO:p13c.p13c_itail_slothy_start.split.113_151:Invoking external constraint solver (OR-Tools CP-SAT v9.15.6755) ...
INFO:p13c.p13c_itail_slothy_start.split.113_151:INFEASIBLE, wall time: 0.001045 s
INFO:p13c.p13c_itail_slothy_start.split.113_151:Attempt optimization with max 2 stalls...
INFO:p13c.p13c_itail_slothy_start.split.113_151:Setting timeout of 30 seconds...
INFO:p13c.p13c_itail_slothy_start.split.113_151:Objective: None (any satisfying solution is fine)
INFO:p13c.p13c_itail_slothy_start.split.113_151:Invoking external constraint solver (OR-Tools CP-SAT v9.15.6755) ...
INFO:p13c.p13c_itail_slothy_start.split.113_151:INFEASIBLE, wall time: 0.001221 s
INFO:p13c.p13c_itail_slothy_start.split.113_151:Attempt optimization with max 4 stalls...
INFO:p13c.p13c_itail_slothy_start.split.113_151:Setting timeout of 30 seconds...
INFO:p13c.p13c_itail_slothy_start.split.113_151:Objective: None (any satisfying solution is fine)
INFO:p13c.p13c_itail_slothy_start.split.113_151:Invoking external constraint solver (OR-Tools CP-SAT v9.15.6755) ...
INFO:p13c.p13c_itail_slothy_start.split.113_151:INFEASIBLE, wall time: 0.001340 s
INFO:p13c.p13c_itail_slothy_start.split.113_151:Attempt optimization with max 8 stalls...
INFO:p13c.p13c_itail_slothy_start.split.113_151:Setting timeout of 30 seconds...
INFO:p13c.p13c_itail_slothy_start.split.113_151:Objective: None (any satisfying solution is fine)
INFO:p13c.p13c_itail_slothy_start.split.113_151:Invoking external constraint solver (OR-Tools CP-SAT v9.15.6755) ...
INFO:p13c.p13c_itail_slothy_start.split.113_151:INFEASIBLE, wall time: 0.002997 s
INFO:p13c.p13c_itail_slothy_start.split.113_151:Attempt optimization with max 16 stalls...
INFO:p13c.p13c_itail_slothy_start.split.113_151:Setting timeout of 30 seconds...
INFO:p13c.p13c_itail_slothy_start.split.113_151:Objective: None (any satisfying solution is fine)
INFO:p13c.p13c_itail_slothy_start.split.113_151:Invoking external constraint solver (OR-Tools CP-SAT v9.15.6755) ...
INFO:p13c.p13c_itail_slothy_start.split.113_151:INFEASIBLE, wall time: 0.003375 s
INFO:p13c.p13c_itail_slothy_start.split.113_151:Attempt optimization with max 32 stalls...
INFO:p13c.p13c_itail_slothy_start.split.113_151:Setting timeout of 30 seconds...
INFO:p13c.p13c_itail_slothy_start.split.113_151:Objective: None (any satisfying solution is fine)
INFO:p13c.p13c_itail_slothy_start.split.113_151:Invoking external constraint solver (OR-Tools CP-SAT v9.15.6755) ...
INFO:p13c.p13c_itail_slothy_start.split.113_151:INFEASIBLE, wall time: 0.012176 s
INFO:p13c.p13c_itail_slothy_start.split.113_151:Attempt optimization with max 64 stalls...
INFO:p13c.p13c_itail_slothy_start.split.113_151:Setting timeout of 30 seconds...
INFO:p13c.p13c_itail_slothy_start.split.113_151:Objective: None (any satisfying solution is fine)
INFO:p13c.p13c_itail_slothy_start.split.113_151:Invoking external constraint solver (OR-Tools CP-SAT v9.15.6755) ...
INFO:p13c.p13c_itail_slothy_start.split.113_151:[0.0338s]: Found 1 solutions so far... objective (no objective): currently 0.0, bound 0.0
INFO:p13c.p13c_itail_slothy_start.split.113_151:OPTIMAL, wall time: 0.038895 s
INFO:p13c.p13c_itail_slothy_start.split.113_151:Booleans in result: 102
INFO:p13c.p13c_itail_slothy_start.split.113_151.selfcheck:OK!
WARNING:p13c:LLVM (llvm-mc, llvm-nm, llvm-readobj) not found, disabling selftest. Consider installing LLVM.
INFO:p13c.p13c_itail_slothy_start.split.113_151:Attempt optimization with max 48 stalls...
INFO:p13c.p13c_itail_slothy_start.split.113_151:Setting timeout of 30 seconds...
INFO:p13c.p13c_itail_slothy_start.split.113_151:Objective: None (any satisfying solution is fine)
INFO:p13c.p13c_itail_slothy_start.split.113_151:Invoking external constraint solver (OR-Tools CP-SAT v9.15.6755) ...
INFO:p13c.p13c_itail_slothy_start.split.113_151:[0.0296s]: Found 1 solutions so far... objective (no objective): currently 0.0, bound 0.0
INFO:p13c.p13c_itail_slothy_start.split.113_151:[0.0303s]: Found 2 solutions so far... objective (no objective): currently 0.0, bound 0.0
INFO:p13c.p13c_itail_slothy_start.split.113_151:[0.0313s]: Found 3 solutions so far... objective (no objective): currently 0.0, bound 0.0
INFO:p13c.p13c_itail_slothy_start.split.113_151:OPTIMAL, wall time: 0.034619 s
INFO:p13c.p13c_itail_slothy_start.split.113_151:Booleans in result: 93
INFO:p13c.p13c_itail_slothy_start.split.113_151.selfcheck:OK!
WARNING:p13c:LLVM (llvm-mc, llvm-nm, llvm-readobj) not found, disabling selftest. Consider installing LLVM.
INFO:p13c.p13c_itail_slothy_start.split.113_151:Attempt optimization with max 40 stalls...
INFO:p13c.p13c_itail_slothy_start.split.113_151:Setting timeout of 30 seconds...
INFO:p13c.p13c_itail_slothy_start.split.113_151:Objective: None (any satisfying solution is fine)
INFO:p13c.p13c_itail_slothy_start.split.113_151:Invoking external constraint solver (OR-Tools CP-SAT v9.15.6755) ...
INFO:p13c.p13c_itail_slothy_start.split.113_151:[0.0294s]: Found 1 solutions so far... objective (no objective): currently 0.0, bound 0.0
INFO:p13c.p13c_itail_slothy_start.split.113_151:OPTIMAL, wall time: 0.032763 s
INFO:p13c.p13c_itail_slothy_start.split.113_151:Booleans in result: 88
INFO:p13c.p13c_itail_slothy_start.split.113_151.selfcheck:OK!
WARNING:p13c:LLVM (llvm-mc, llvm-nm, llvm-readobj) not found, disabling selftest. Consider installing LLVM.
INFO:p13c.p13c_itail_slothy_start.split.113_151:Attempt optimization with max 36 stalls...
INFO:p13c.p13c_itail_slothy_start.split.113_151:Setting timeout of 30 seconds...
INFO:p13c.p13c_itail_slothy_start.split.113_151:Objective: None (any satisfying solution is fine)
INFO:p13c.p13c_itail_slothy_start.split.113_151:Invoking external constraint solver (OR-Tools CP-SAT v9.15.6755) ...
INFO:p13c.p13c_itail_slothy_start.split.113_151:INFEASIBLE, wall time: 0.012607 s
INFO:p13c.p13c_itail_slothy_start.split.113_151:Attempt optimization with max 38 stalls...
INFO:p13c.p13c_itail_slothy_start.split.113_151:Setting timeout of 30 seconds...
INFO:p13c.p13c_itail_slothy_start.split.113_151:Objective: None (any satisfying solution is fine)
INFO:p13c.p13c_itail_slothy_start.split.113_151:Invoking external constraint solver (OR-Tools CP-SAT v9.15.6755) ...
INFO:p13c.p13c_itail_slothy_start.split.113_151:[0.0271s]: Found 1 solutions so far... objective (no objective): currently 0.0, bound 0.0
INFO:p13c.p13c_itail_slothy_start.split.113_151:OPTIMAL, wall time: 0.031748 s
INFO:p13c.p13c_itail_slothy_start.split.113_151:Booleans in result: 22
INFO:p13c.p13c_itail_slothy_start.split.113_151.selfcheck:OK!
WARNING:p13c:LLVM (llvm-mc, llvm-nm, llvm-readobj) not found, disabling selftest. Consider installing LLVM.
INFO:p13c.p13c_itail_slothy_start.split.113_151:Attempt optimization with max 37 stalls...
INFO:p13c.p13c_itail_slothy_start.split.113_151:Setting timeout of 30 seconds...
INFO:p13c.p13c_itail_slothy_start.split.113_151:Objective: None (any satisfying solution is fine)
INFO:p13c.p13c_itail_slothy_start.split.113_151:Invoking external constraint solver (OR-Tools CP-SAT v9.15.6755) ...
INFO:p13c.p13c_itail_slothy_start.split.113_151:INFEASIBLE, wall time: 0.031848 s
INFO:p13c.p13c_itail_slothy_start.split.151_188:Perform external binary search for minimal number of stalls...
INFO:p13c.p13c_itail_slothy_start.split.151_188:Attempt optimization with max 0 stalls...
INFO:p13c.p13c_itail_slothy_start.split.151_188:Setting timeout of 30 seconds...
INFO:p13c.p13c_itail_slothy_start.split.151_188:Objective: None (any satisfying solution is fine)
INFO:p13c.p13c_itail_slothy_start.split.151_188:Invoking external constraint solver (OR-Tools CP-SAT v9.15.6755) ...
INFO:p13c.p13c_itail_slothy_start.split.151_188:INFEASIBLE, wall time: 0.001046 s
INFO:p13c.p13c_itail_slothy_start.split.151_188:Attempt optimization with max 1 stalls...
INFO:p13c.p13c_itail_slothy_start.split.151_188:Setting timeout of 30 seconds...
INFO:p13c.p13c_itail_slothy_start.split.151_188:Objective: None (any satisfying solution is fine)
INFO:p13c.p13c_itail_slothy_start.split.151_188:Invoking external constraint solver (OR-Tools CP-SAT v9.15.6755) ...
INFO:p13c.p13c_itail_slothy_start.split.151_188:INFEASIBLE, wall time: 0.001087 s
INFO:p13c.p13c_itail_slothy_start.split.151_188:Attempt optimization with max 2 stalls...
INFO:p13c.p13c_itail_slothy_start.split.151_188:Setting timeout of 30 seconds...
INFO:p13c.p13c_itail_slothy_start.split.151_188:Objective: None (any satisfying solution is fine)
INFO:p13c.p13c_itail_slothy_start.split.151_188:Invoking external constraint solver (OR-Tools CP-SAT v9.15.6755) ...
INFO:p13c.p13c_itail_slothy_start.split.151_188:INFEASIBLE, wall time: 0.001053 s
INFO:p13c.p13c_itail_slothy_start.split.151_188:Attempt optimization with max 4 stalls...
INFO:p13c.p13c_itail_slothy_start.split.151_188:Setting timeout of 30 seconds...
INFO:p13c.p13c_itail_slothy_start.split.151_188:Objective: None (any satisfying solution is fine)
INFO:p13c.p13c_itail_slothy_start.split.151_188:Invoking external constraint solver (OR-Tools CP-SAT v9.15.6755) ...
INFO:p13c.p13c_itail_slothy_start.split.151_188:INFEASIBLE, wall time: 0.001085 s
INFO:p13c.p13c_itail_slothy_start.split.151_188:Attempt optimization with max 8 stalls...
INFO:p13c.p13c_itail_slothy_start.split.151_188:Setting timeout of 30 seconds...
INFO:p13c.p13c_itail_slothy_start.split.151_188:Objective: None (any satisfying solution is fine)
INFO:p13c.p13c_itail_slothy_start.split.151_188:Invoking external constraint solver (OR-Tools CP-SAT v9.15.6755) ...
INFO:p13c.p13c_itail_slothy_start.split.151_188:INFEASIBLE, wall time: 0.002338 s
INFO:p13c.p13c_itail_slothy_start.split.151_188:Attempt optimization with max 16 stalls...
INFO:p13c.p13c_itail_slothy_start.split.151_188:Setting timeout of 30 seconds...
INFO:p13c.p13c_itail_slothy_start.split.151_188:Objective: None (any satisfying solution is fine)
INFO:p13c.p13c_itail_slothy_start.split.151_188:Invoking external constraint solver (OR-Tools CP-SAT v9.15.6755) ...
INFO:p13c.p13c_itail_slothy_start.split.151_188:INFEASIBLE, wall time: 0.002449 s
INFO:p13c.p13c_itail_slothy_start.split.151_188:Attempt optimization with max 32 stalls...
INFO:p13c.p13c_itail_slothy_start.split.151_188:Setting timeout of 30 seconds...
INFO:p13c.p13c_itail_slothy_start.split.151_188:Objective: None (any satisfying solution is fine)
INFO:p13c.p13c_itail_slothy_start.split.151_188:Invoking external constraint solver (OR-Tools CP-SAT v9.15.6755) ...
INFO:p13c.p13c_itail_slothy_start.split.151_188:INFEASIBLE, wall time: 0.011553 s
INFO:p13c.p13c_itail_slothy_start.split.151_188:Attempt optimization with max 64 stalls...
INFO:p13c.p13c_itail_slothy_start.split.151_188:Setting timeout of 30 seconds...
INFO:p13c.p13c_itail_slothy_start.split.151_188:Objective: None (any satisfying solution is fine)
INFO:p13c.p13c_itail_slothy_start.split.151_188:Invoking external constraint solver (OR-Tools CP-SAT v9.15.6755) ...
INFO:p13c.p13c_itail_slothy_start.split.151_188:[0.0263s]: Found 1 solutions so far... objective (no objective): currently 0.0, bound 0.0
INFO:p13c.p13c_itail_slothy_start.split.151_188:OPTIMAL, wall time: 0.031830 s
INFO:p13c.p13c_itail_slothy_start.split.151_188:Booleans in result: 75
INFO:p13c.p13c_itail_slothy_start.split.151_188.selfcheck:OK!
WARNING:p13c:LLVM (llvm-mc, llvm-nm, llvm-readobj) not found, disabling selftest. Consider installing LLVM.
INFO:p13c.p13c_itail_slothy_start.split.151_188:Attempt optimization with max 48 stalls...
INFO:p13c.p13c_itail_slothy_start.split.151_188:Setting timeout of 30 seconds...
INFO:p13c.p13c_itail_slothy_start.split.151_188:Objective: None (any satisfying solution is fine)
INFO:p13c.p13c_itail_slothy_start.split.151_188:Invoking external constraint solver (OR-Tools CP-SAT v9.15.6755) ...
INFO:p13c.p13c_itail_slothy_start.split.151_188:[0.0263s]: Found 1 solutions so far... objective (no objective): currently 0.0, bound 0.0
INFO:p13c.p13c_itail_slothy_start.split.151_188:[0.0287s]: Found 2 solutions so far... objective (no objective): currently 0.0, bound 0.0
INFO:p13c.p13c_itail_slothy_start.split.151_188:OPTIMAL, wall time: 0.032645 s
INFO:p13c.p13c_itail_slothy_start.split.151_188:Booleans in result: 19
INFO:p13c.p13c_itail_slothy_start.split.151_188.selfcheck:OK!
WARNING:p13c:LLVM (llvm-mc, llvm-nm, llvm-readobj) not found, disabling selftest. Consider installing LLVM.
INFO:p13c.p13c_itail_slothy_start.split.151_188:Attempt optimization with max 40 stalls...
INFO:p13c.p13c_itail_slothy_start.split.151_188:Setting timeout of 30 seconds...
INFO:p13c.p13c_itail_slothy_start.split.151_188:Objective: None (any satisfying solution is fine)
INFO:p13c.p13c_itail_slothy_start.split.151_188:Invoking external constraint solver (OR-Tools CP-SAT v9.15.6755) ...
INFO:p13c.p13c_itail_slothy_start.split.151_188:[0.0282s]: Found 1 solutions so far... objective (no objective): currently 0.0, bound 0.0
INFO:p13c.p13c_itail_slothy_start.split.151_188:OPTIMAL, wall time: 0.033651 s
INFO:p13c.p13c_itail_slothy_start.split.151_188:Booleans in result: 86
INFO:p13c.p13c_itail_slothy_start.split.151_188.selfcheck:OK!
WARNING:p13c:LLVM (llvm-mc, llvm-nm, llvm-readobj) not found, disabling selftest. Consider installing LLVM.
INFO:p13c.p13c_itail_slothy_start.split.151_188:Attempt optimization with max 36 stalls...
INFO:p13c.p13c_itail_slothy_start.split.151_188:Setting timeout of 30 seconds...
INFO:p13c.p13c_itail_slothy_start.split.151_188:Objective: None (any satisfying solution is fine)
INFO:p13c.p13c_itail_slothy_start.split.151_188:Invoking external constraint solver (OR-Tools CP-SAT v9.15.6755) ...
INFO:p13c.p13c_itail_slothy_start.split.151_188:INFEASIBLE, wall time: 0.038716 s
INFO:p13c.p13c_itail_slothy_start.split.151_188:Attempt optimization with max 38 stalls...
INFO:p13c.p13c_itail_slothy_start.split.151_188:Setting timeout of 30 seconds...
INFO:p13c.p13c_itail_slothy_start.split.151_188:Objective: None (any satisfying solution is fine)
INFO:p13c.p13c_itail_slothy_start.split.151_188:Invoking external constraint solver (OR-Tools CP-SAT v9.15.6755) ...
INFO:p13c.p13c_itail_slothy_start.split.151_188:[0.0278s]: Found 1 solutions so far... objective (no objective): currently 0.0, bound 0.0
INFO:p13c.p13c_itail_slothy_start.split.151_188:OPTIMAL, wall time: 0.032510 s
INFO:p13c.p13c_itail_slothy_start.split.151_188:Booleans in result: 81
INFO:p13c.p13c_itail_slothy_start.split.151_188.selfcheck:OK!
WARNING:p13c:LLVM (llvm-mc, llvm-nm, llvm-readobj) not found, disabling selftest. Consider installing LLVM.
INFO:p13c.p13c_itail_slothy_start.split.151_188:Attempt optimization with max 37 stalls...
INFO:p13c.p13c_itail_slothy_start.split.151_188:Setting timeout of 30 seconds...
INFO:p13c.p13c_itail_slothy_start.split.151_188:Objective: None (any satisfying solution is fine)
INFO:p13c.p13c_itail_slothy_start.split.151_188:Invoking external constraint solver (OR-Tools CP-SAT v9.15.6755) ...
INFO:p13c.p13c_itail_slothy_start.split.151_188:INFEASIBLE, wall time: 0.029394 s
INFO:p13c.p13c_itail_slothy_start.split.188_226:Perform external binary search for minimal number of stalls...
INFO:p13c.p13c_itail_slothy_start.split.188_226:Attempt optimization with max 0 stalls...
INFO:p13c.p13c_itail_slothy_start.split.188_226:Setting timeout of 30 seconds...
INFO:p13c.p13c_itail_slothy_start.split.188_226:Objective: None (any satisfying solution is fine)
INFO:p13c.p13c_itail_slothy_start.split.188_226:Invoking external constraint solver (OR-Tools CP-SAT v9.15.6755) ...
INFO:p13c.p13c_itail_slothy_start.split.188_226:INFEASIBLE, wall time: 0.000988 s
INFO:p13c.p13c_itail_slothy_start.split.188_226:Attempt optimization with max 1 stalls...
INFO:p13c.p13c_itail_slothy_start.split.188_226:Setting timeout of 30 seconds...
INFO:p13c.p13c_itail_slothy_start.split.188_226:Objective: None (any satisfying solution is fine)
INFO:p13c.p13c_itail_slothy_start.split.188_226:Invoking external constraint solver (OR-Tools CP-SAT v9.15.6755) ...
INFO:p13c.p13c_itail_slothy_start.split.188_226:INFEASIBLE, wall time: 0.001016 s
INFO:p13c.p13c_itail_slothy_start.split.188_226:Attempt optimization with max 2 stalls...
INFO:p13c.p13c_itail_slothy_start.split.188_226:Setting timeout of 30 seconds...
INFO:p13c.p13c_itail_slothy_start.split.188_226:Objective: None (any satisfying solution is fine)
INFO:p13c.p13c_itail_slothy_start.split.188_226:Invoking external constraint solver (OR-Tools CP-SAT v9.15.6755) ...
INFO:p13c.p13c_itail_slothy_start.split.188_226:INFEASIBLE, wall time: 0.001045 s
INFO:p13c.p13c_itail_slothy_start.split.188_226:Attempt optimization with max 4 stalls...
INFO:p13c.p13c_itail_slothy_start.split.188_226:Setting timeout of 30 seconds...
INFO:p13c.p13c_itail_slothy_start.split.188_226:Objective: None (any satisfying solution is fine)
INFO:p13c.p13c_itail_slothy_start.split.188_226:Invoking external constraint solver (OR-Tools CP-SAT v9.15.6755) ...
INFO:p13c.p13c_itail_slothy_start.split.188_226:INFEASIBLE, wall time: 0.000991 s
INFO:p13c.p13c_itail_slothy_start.split.188_226:Attempt optimization with max 8 stalls...
INFO:p13c.p13c_itail_slothy_start.split.188_226:Setting timeout of 30 seconds...
INFO:p13c.p13c_itail_slothy_start.split.188_226:Objective: None (any satisfying solution is fine)
INFO:p13c.p13c_itail_slothy_start.split.188_226:Invoking external constraint solver (OR-Tools CP-SAT v9.15.6755) ...
INFO:p13c.p13c_itail_slothy_start.split.188_226:INFEASIBLE, wall time: 0.001029 s
INFO:p13c.p13c_itail_slothy_start.split.188_226:Attempt optimization with max 16 stalls...
INFO:p13c.p13c_itail_slothy_start.split.188_226:Setting timeout of 30 seconds...
INFO:p13c.p13c_itail_slothy_start.split.188_226:Objective: None (any satisfying solution is fine)
INFO:p13c.p13c_itail_slothy_start.split.188_226:Invoking external constraint solver (OR-Tools CP-SAT v9.15.6755) ...
INFO:p13c.p13c_itail_slothy_start.split.188_226:INFEASIBLE, wall time: 0.002373 s
INFO:p13c.p13c_itail_slothy_start.split.188_226:Attempt optimization with max 32 stalls...
INFO:p13c.p13c_itail_slothy_start.split.188_226:Setting timeout of 30 seconds...
INFO:p13c.p13c_itail_slothy_start.split.188_226:Objective: None (any satisfying solution is fine)
INFO:p13c.p13c_itail_slothy_start.split.188_226:Invoking external constraint solver (OR-Tools CP-SAT v9.15.6755) ...
INFO:p13c.p13c_itail_slothy_start.split.188_226:INFEASIBLE, wall time: 0.003649 s
INFO:p13c.p13c_itail_slothy_start.split.188_226:Attempt optimization with max 64 stalls...
INFO:p13c.p13c_itail_slothy_start.split.188_226:Setting timeout of 30 seconds...
INFO:p13c.p13c_itail_slothy_start.split.188_226:Objective: None (any satisfying solution is fine)
INFO:p13c.p13c_itail_slothy_start.split.188_226:Invoking external constraint solver (OR-Tools CP-SAT v9.15.6755) ...
INFO:p13c.p13c_itail_slothy_start.split.188_226:[0.0250s]: Found 1 solutions so far... objective (no objective): currently 0.0, bound 0.0
INFO:p13c.p13c_itail_slothy_start.split.188_226:[0.0260s]: Found 2 solutions so far... objective (no objective): currently 0.0, bound 0.0
INFO:p13c.p13c_itail_slothy_start.split.188_226:[0.0263s]: Found 3 solutions so far... objective (no objective): currently 0.0, bound 0.0
INFO:p13c.p13c_itail_slothy_start.split.188_226:OPTIMAL, wall time: 0.029901 s
INFO:p13c.p13c_itail_slothy_start.split.188_226:Booleans in result: 74
INFO:p13c.p13c_itail_slothy_start.split.188_226.selfcheck:OK!
WARNING:p13c:LLVM (llvm-mc, llvm-nm, llvm-readobj) not found, disabling selftest. Consider installing LLVM.
INFO:p13c.p13c_itail_slothy_start.split.188_226:Attempt optimization with max 48 stalls...
INFO:p13c.p13c_itail_slothy_start.split.188_226:Setting timeout of 30 seconds...
INFO:p13c.p13c_itail_slothy_start.split.188_226:Objective: None (any satisfying solution is fine)
INFO:p13c.p13c_itail_slothy_start.split.188_226:Invoking external constraint solver (OR-Tools CP-SAT v9.15.6755) ...
INFO:p13c.p13c_itail_slothy_start.split.188_226:INFEASIBLE, wall time: 0.012336 s
INFO:p13c.p13c_itail_slothy_start.split.188_226:Attempt optimization with max 56 stalls...
INFO:p13c.p13c_itail_slothy_start.split.188_226:Setting timeout of 30 seconds...
INFO:p13c.p13c_itail_slothy_start.split.188_226:Objective: None (any satisfying solution is fine)
INFO:p13c.p13c_itail_slothy_start.split.188_226:Invoking external constraint solver (OR-Tools CP-SAT v9.15.6755) ...
INFO:p13c.p13c_itail_slothy_start.split.188_226:[0.0226s]: Found 1 solutions so far... objective (no objective): currently 0.0, bound 0.0
INFO:p13c.p13c_itail_slothy_start.split.188_226:[0.0229s]: Found 2 solutions so far... objective (no objective): currently 0.0, bound 0.0
INFO:p13c.p13c_itail_slothy_start.split.188_226:[0.0231s]: Found 3 solutions so far... objective (no objective): currently 0.0, bound 0.0
INFO:p13c.p13c_itail_slothy_start.split.188_226:OPTIMAL, wall time: 0.026063 s
INFO:p13c.p13c_itail_slothy_start.split.188_226:Booleans in result: 66
INFO:p13c.p13c_itail_slothy_start.split.188_226.selfcheck:OK!
WARNING:p13c:LLVM (llvm-mc, llvm-nm, llvm-readobj) not found, disabling selftest. Consider installing LLVM.
INFO:p13c.p13c_itail_slothy_start.split.188_226:Attempt optimization with max 52 stalls...
INFO:p13c.p13c_itail_slothy_start.split.188_226:Setting timeout of 30 seconds...
INFO:p13c.p13c_itail_slothy_start.split.188_226:Objective: None (any satisfying solution is fine)
INFO:p13c.p13c_itail_slothy_start.split.188_226:Invoking external constraint solver (OR-Tools CP-SAT v9.15.6755) ...
INFO:p13c.p13c_itail_slothy_start.split.188_226:[0.0207s]: Found 1 solutions so far... objective (no objective): currently 0.0, bound 0.0
INFO:p13c.p13c_itail_slothy_start.split.188_226:[0.0213s]: Found 2 solutions so far... objective (no objective): currently 0.0, bound 0.0
INFO:p13c.p13c_itail_slothy_start.split.188_226:OPTIMAL, wall time: 0.024299 s
INFO:p13c.p13c_itail_slothy_start.split.188_226:Booleans in result: 66
INFO:p13c.p13c_itail_slothy_start.split.188_226.selfcheck:OK!
WARNING:p13c:LLVM (llvm-mc, llvm-nm, llvm-readobj) not found, disabling selftest. Consider installing LLVM.
INFO:p13c.p13c_itail_slothy_start.split.188_226:Attempt optimization with max 50 stalls...
INFO:p13c.p13c_itail_slothy_start.split.188_226:Setting timeout of 30 seconds...
INFO:p13c.p13c_itail_slothy_start.split.188_226:Objective: None (any satisfying solution is fine)
INFO:p13c.p13c_itail_slothy_start.split.188_226:Invoking external constraint solver (OR-Tools CP-SAT v9.15.6755) ...
INFO:p13c.p13c_itail_slothy_start.split.188_226:INFEASIBLE, wall time: 0.024650 s
INFO:p13c.p13c_itail_slothy_start.split.188_226:Attempt optimization with max 51 stalls...
INFO:p13c.p13c_itail_slothy_start.split.188_226:Setting timeout of 30 seconds...
INFO:p13c.p13c_itail_slothy_start.split.188_226:Objective: None (any satisfying solution is fine)
INFO:p13c.p13c_itail_slothy_start.split.188_226:Invoking external constraint solver (OR-Tools CP-SAT v9.15.6755) ...
INFO:p13c.p13c_itail_slothy_start.split.188_226:[0.0208s]: Found 1 solutions so far... objective (no objective): currently 0.0, bound 0.0
INFO:p13c.p13c_itail_slothy_start.split.188_226:[0.0210s]: Found 2 solutions so far... objective (no objective): currently 0.0, bound 0.0
INFO:p13c.p13c_itail_slothy_start.split.188_226:[0.0212s]: Found 3 solutions so far... objective (no objective): currently 0.0, bound 0.0
INFO:p13c.p13c_itail_slothy_start.split.188_226:OPTIMAL, wall time: 0.024234 s
INFO:p13c.p13c_itail_slothy_start.split.188_226:Booleans in result: 69
INFO:p13c.p13c_itail_slothy_start.split.188_226.selfcheck:OK!
WARNING:p13c:LLVM (llvm-mc, llvm-nm, llvm-readobj) not found, disabling selftest. Consider installing LLVM.
INFO:p13c.p13c_itail_slothy_start.split.226_264:Perform external binary search for minimal number of stalls...
INFO:p13c.p13c_itail_slothy_start.split.226_264:Attempt optimization with max 0 stalls...
INFO:p13c.p13c_itail_slothy_start.split.226_264:Setting timeout of 30 seconds...
INFO:p13c.p13c_itail_slothy_start.split.226_264:Objective: None (any satisfying solution is fine)
INFO:p13c.p13c_itail_slothy_start.split.226_264:Invoking external constraint solver (OR-Tools CP-SAT v9.15.6755) ...
INFO:p13c.p13c_itail_slothy_start.split.226_264:INFEASIBLE, wall time: 0.000933 s
INFO:p13c.p13c_itail_slothy_start.split.226_264:Attempt optimization with max 1 stalls...
INFO:p13c.p13c_itail_slothy_start.split.226_264:Setting timeout of 30 seconds...
INFO:p13c.p13c_itail_slothy_start.split.226_264:Objective: None (any satisfying solution is fine)
INFO:p13c.p13c_itail_slothy_start.split.226_264:Invoking external constraint solver (OR-Tools CP-SAT v9.15.6755) ...
INFO:p13c.p13c_itail_slothy_start.split.226_264:INFEASIBLE, wall time: 0.000979 s
INFO:p13c.p13c_itail_slothy_start.split.226_264:Attempt optimization with max 2 stalls...
INFO:p13c.p13c_itail_slothy_start.split.226_264:Setting timeout of 30 seconds...
INFO:p13c.p13c_itail_slothy_start.split.226_264:Objective: None (any satisfying solution is fine)
INFO:p13c.p13c_itail_slothy_start.split.226_264:Invoking external constraint solver (OR-Tools CP-SAT v9.15.6755) ...
INFO:p13c.p13c_itail_slothy_start.split.226_264:INFEASIBLE, wall time: 0.001027 s
INFO:p13c.p13c_itail_slothy_start.split.226_264:Attempt optimization with max 4 stalls...
INFO:p13c.p13c_itail_slothy_start.split.226_264:Setting timeout of 30 seconds...
INFO:p13c.p13c_itail_slothy_start.split.226_264:Objective: None (any satisfying solution is fine)
INFO:p13c.p13c_itail_slothy_start.split.226_264:Invoking external constraint solver (OR-Tools CP-SAT v9.15.6755) ...
INFO:p13c.p13c_itail_slothy_start.split.226_264:INFEASIBLE, wall time: 0.001073 s
INFO:p13c.p13c_itail_slothy_start.split.226_264:Attempt optimization with max 8 stalls...
INFO:p13c.p13c_itail_slothy_start.split.226_264:Setting timeout of 30 seconds...
INFO:p13c.p13c_itail_slothy_start.split.226_264:Objective: None (any satisfying solution is fine)
INFO:p13c.p13c_itail_slothy_start.split.226_264:Invoking external constraint solver (OR-Tools CP-SAT v9.15.6755) ...
INFO:p13c.p13c_itail_slothy_start.split.226_264:INFEASIBLE, wall time: 0.001043 s
INFO:p13c.p13c_itail_slothy_start.split.226_264:Attempt optimization with max 16 stalls...
INFO:p13c.p13c_itail_slothy_start.split.226_264:Setting timeout of 30 seconds...
INFO:p13c.p13c_itail_slothy_start.split.226_264:Objective: None (any satisfying solution is fine)
INFO:p13c.p13c_itail_slothy_start.split.226_264:Invoking external constraint solver (OR-Tools CP-SAT v9.15.6755) ...
INFO:p13c.p13c_itail_slothy_start.split.226_264:INFEASIBLE, wall time: 0.000964 s
INFO:p13c.p13c_itail_slothy_start.split.226_264:Attempt optimization with max 32 stalls...
INFO:p13c.p13c_itail_slothy_start.split.226_264:Setting timeout of 30 seconds...
INFO:p13c.p13c_itail_slothy_start.split.226_264:Objective: None (any satisfying solution is fine)
INFO:p13c.p13c_itail_slothy_start.split.226_264:Invoking external constraint solver (OR-Tools CP-SAT v9.15.6755) ...
INFO:p13c.p13c_itail_slothy_start.split.226_264:INFEASIBLE, wall time: 0.003531 s
INFO:p13c.p13c_itail_slothy_start.split.226_264:Attempt optimization with max 64 stalls...
INFO:p13c.p13c_itail_slothy_start.split.226_264:Setting timeout of 30 seconds...
INFO:p13c.p13c_itail_slothy_start.split.226_264:Objective: None (any satisfying solution is fine)
INFO:p13c.p13c_itail_slothy_start.split.226_264:Invoking external constraint solver (OR-Tools CP-SAT v9.15.6755) ...
INFO:p13c.p13c_itail_slothy_start.split.226_264:[0.0237s]: Found 1 solutions so far... objective (no objective): currently 0.0, bound 0.0
INFO:p13c.p13c_itail_slothy_start.split.226_264:OPTIMAL, wall time: 0.028371 s
INFO:p13c.p13c_itail_slothy_start.split.226_264:Booleans in result: 21
INFO:p13c.p13c_itail_slothy_start.split.226_264.selfcheck:OK!
WARNING:p13c:LLVM (llvm-mc, llvm-nm, llvm-readobj) not found, disabling selftest. Consider installing LLVM.
INFO:p13c.p13c_itail_slothy_start.split.226_264:Attempt optimization with max 48 stalls...
INFO:p13c.p13c_itail_slothy_start.split.226_264:Setting timeout of 30 seconds...
INFO:p13c.p13c_itail_slothy_start.split.226_264:Objective: None (any satisfying solution is fine)
INFO:p13c.p13c_itail_slothy_start.split.226_264:Invoking external constraint solver (OR-Tools CP-SAT v9.15.6755) ...
INFO:p13c.p13c_itail_slothy_start.split.226_264:[0.0210s]: Found 1 solutions so far... objective (no objective): currently 0.0, bound 0.0
INFO:p13c.p13c_itail_slothy_start.split.226_264:OPTIMAL, wall time: 0.024381 s
INFO:p13c.p13c_itail_slothy_start.split.226_264:Booleans in result: 84
INFO:p13c.p13c_itail_slothy_start.split.226_264.selfcheck:OK!
WARNING:p13c:LLVM (llvm-mc, llvm-nm, llvm-readobj) not found, disabling selftest. Consider installing LLVM.
INFO:p13c.p13c_itail_slothy_start.split.226_264:Attempt optimization with max 40 stalls...
INFO:p13c.p13c_itail_slothy_start.split.226_264:Setting timeout of 30 seconds...
INFO:p13c.p13c_itail_slothy_start.split.226_264:Objective: None (any satisfying solution is fine)
INFO:p13c.p13c_itail_slothy_start.split.226_264:Invoking external constraint solver (OR-Tools CP-SAT v9.15.6755) ...
INFO:p13c.p13c_itail_slothy_start.split.226_264:INFEASIBLE, wall time: 0.005745 s
INFO:p13c.p13c_itail_slothy_start.split.226_264:Attempt optimization with max 44 stalls...
INFO:p13c.p13c_itail_slothy_start.split.226_264:Setting timeout of 30 seconds...
INFO:p13c.p13c_itail_slothy_start.split.226_264:Objective: None (any satisfying solution is fine)
INFO:p13c.p13c_itail_slothy_start.split.226_264:Invoking external constraint solver (OR-Tools CP-SAT v9.15.6755) ...
INFO:p13c.p13c_itail_slothy_start.split.226_264:INFEASIBLE, wall time: 0.010622 s
INFO:p13c.p13c_itail_slothy_start.split.226_264:Attempt optimization with max 46 stalls...
INFO:p13c.p13c_itail_slothy_start.split.226_264:Setting timeout of 30 seconds...
INFO:p13c.p13c_itail_slothy_start.split.226_264:Objective: None (any satisfying solution is fine)
INFO:p13c.p13c_itail_slothy_start.split.226_264:Invoking external constraint solver (OR-Tools CP-SAT v9.15.6755) ...
INFO:p13c.p13c_itail_slothy_start.split.226_264:INFEASIBLE, wall time: 0.010641 s
INFO:p13c.p13c_itail_slothy_start.split.226_264:Attempt optimization with max 47 stalls...
INFO:p13c.p13c_itail_slothy_start.split.226_264:Setting timeout of 30 seconds...
INFO:p13c.p13c_itail_slothy_start.split.226_264:Objective: None (any satisfying solution is fine)
INFO:p13c.p13c_itail_slothy_start.split.226_264:Invoking external constraint solver (OR-Tools CP-SAT v9.15.6755) ...
INFO:p13c.p13c_itail_slothy_start.split.226_264:INFEASIBLE, wall time: 0.028061 s
INFO:p13c.p13c_itail_slothy_start.split.264_302:Perform external binary search for minimal number of stalls...
INFO:p13c.p13c_itail_slothy_start.split.264_302:Attempt optimization with max 0 stalls...
INFO:p13c.p13c_itail_slothy_start.split.264_302:Setting timeout of 30 seconds...
INFO:p13c.p13c_itail_slothy_start.split.264_302:Objective: None (any satisfying solution is fine)
INFO:p13c.p13c_itail_slothy_start.split.264_302:Invoking external constraint solver (OR-Tools CP-SAT v9.15.6755) ...
INFO:p13c.p13c_itail_slothy_start.split.264_302:INFEASIBLE, wall time: 0.001086 s
INFO:p13c.p13c_itail_slothy_start.split.264_302:Attempt optimization with max 1 stalls...
INFO:p13c.p13c_itail_slothy_start.split.264_302:Setting timeout of 30 seconds...
INFO:p13c.p13c_itail_slothy_start.split.264_302:Objective: None (any satisfying solution is fine)
INFO:p13c.p13c_itail_slothy_start.split.264_302:Invoking external constraint solver (OR-Tools CP-SAT v9.15.6755) ...
INFO:p13c.p13c_itail_slothy_start.split.264_302:INFEASIBLE, wall time: 0.000989 s
INFO:p13c.p13c_itail_slothy_start.split.264_302:Attempt optimization with max 2 stalls...
INFO:p13c.p13c_itail_slothy_start.split.264_302:Setting timeout of 30 seconds...
INFO:p13c.p13c_itail_slothy_start.split.264_302:Objective: None (any satisfying solution is fine)
INFO:p13c.p13c_itail_slothy_start.split.264_302:Invoking external constraint solver (OR-Tools CP-SAT v9.15.6755) ...
INFO:p13c.p13c_itail_slothy_start.split.264_302:INFEASIBLE, wall time: 0.001128 s
INFO:p13c.p13c_itail_slothy_start.split.264_302:Attempt optimization with max 4 stalls...
INFO:p13c.p13c_itail_slothy_start.split.264_302:Setting timeout of 30 seconds...
INFO:p13c.p13c_itail_slothy_start.split.264_302:Objective: None (any satisfying solution is fine)
INFO:p13c.p13c_itail_slothy_start.split.264_302:Invoking external constraint solver (OR-Tools CP-SAT v9.15.6755) ...
INFO:p13c.p13c_itail_slothy_start.split.264_302:INFEASIBLE, wall time: 0.001036 s
INFO:p13c.p13c_itail_slothy_start.split.264_302:Attempt optimization with max 8 stalls...
INFO:p13c.p13c_itail_slothy_start.split.264_302:Setting timeout of 30 seconds...
INFO:p13c.p13c_itail_slothy_start.split.264_302:Objective: None (any satisfying solution is fine)
INFO:p13c.p13c_itail_slothy_start.split.264_302:Invoking external constraint solver (OR-Tools CP-SAT v9.15.6755) ...
INFO:p13c.p13c_itail_slothy_start.split.264_302:INFEASIBLE, wall time: 0.001122 s
INFO:p13c.p13c_itail_slothy_start.split.264_302:Attempt optimization with max 16 stalls...
INFO:p13c.p13c_itail_slothy_start.split.264_302:Setting timeout of 30 seconds...
INFO:p13c.p13c_itail_slothy_start.split.264_302:Objective: None (any satisfying solution is fine)
INFO:p13c.p13c_itail_slothy_start.split.264_302:Invoking external constraint solver (OR-Tools CP-SAT v9.15.6755) ...
INFO:p13c.p13c_itail_slothy_start.split.264_302:INFEASIBLE, wall time: 0.002606 s
INFO:p13c.p13c_itail_slothy_start.split.264_302:Attempt optimization with max 32 stalls...
INFO:p13c.p13c_itail_slothy_start.split.264_302:Setting timeout of 30 seconds...
INFO:p13c.p13c_itail_slothy_start.split.264_302:Objective: None (any satisfying solution is fine)
INFO:p13c.p13c_itail_slothy_start.split.264_302:Invoking external constraint solver (OR-Tools CP-SAT v9.15.6755) ...
INFO:p13c.p13c_itail_slothy_start.split.264_302:INFEASIBLE, wall time: 0.004159 s
INFO:p13c.p13c_itail_slothy_start.split.264_302:Attempt optimization with max 64 stalls...
INFO:p13c.p13c_itail_slothy_start.split.264_302:Setting timeout of 30 seconds...
INFO:p13c.p13c_itail_slothy_start.split.264_302:Objective: None (any satisfying solution is fine)
INFO:p13c.p13c_itail_slothy_start.split.264_302:Invoking external constraint solver (OR-Tools CP-SAT v9.15.6755) ...
INFO:p13c.p13c_itail_slothy_start.split.264_302:[0.0263s]: Found 1 solutions so far... objective (no objective): currently 0.0, bound 0.0
INFO:p13c.p13c_itail_slothy_start.split.264_302:[0.0274s]: Found 2 solutions so far... objective (no objective): currently 0.0, bound 0.0
INFO:p13c.p13c_itail_slothy_start.split.264_302:OPTIMAL, wall time: 0.031980 s
INFO:p13c.p13c_itail_slothy_start.split.264_302:Booleans in result: 79
INFO:p13c.p13c_itail_slothy_start.split.264_302.selfcheck:OK!
WARNING:p13c:LLVM (llvm-mc, llvm-nm, llvm-readobj) not found, disabling selftest. Consider installing LLVM.
INFO:p13c.p13c_itail_slothy_start.split.264_302:Attempt optimization with max 48 stalls...
INFO:p13c.p13c_itail_slothy_start.split.264_302:Setting timeout of 30 seconds...
INFO:p13c.p13c_itail_slothy_start.split.264_302:Objective: None (any satisfying solution is fine)
INFO:p13c.p13c_itail_slothy_start.split.264_302:Invoking external constraint solver (OR-Tools CP-SAT v9.15.6755) ...
INFO:p13c.p13c_itail_slothy_start.split.264_302:[0.0217s]: Found 1 solutions so far... objective (no objective): currently 0.0, bound 0.0
INFO:p13c.p13c_itail_slothy_start.split.264_302:OPTIMAL, wall time: 0.025849 s
INFO:p13c.p13c_itail_slothy_start.split.264_302:Booleans in result: 18
INFO:p13c.p13c_itail_slothy_start.split.264_302.selfcheck:OK!
WARNING:p13c:LLVM (llvm-mc, llvm-nm, llvm-readobj) not found, disabling selftest. Consider installing LLVM.
INFO:p13c.p13c_itail_slothy_start.split.264_302:Attempt optimization with max 40 stalls...
INFO:p13c.p13c_itail_slothy_start.split.264_302:Setting timeout of 30 seconds...
INFO:p13c.p13c_itail_slothy_start.split.264_302:Objective: None (any satisfying solution is fine)
INFO:p13c.p13c_itail_slothy_start.split.264_302:Invoking external constraint solver (OR-Tools CP-SAT v9.15.6755) ...
INFO:p13c.p13c_itail_slothy_start.split.264_302:INFEASIBLE, wall time: 0.010886 s
INFO:p13c.p13c_itail_slothy_start.split.264_302:Attempt optimization with max 44 stalls...
INFO:p13c.p13c_itail_slothy_start.split.264_302:Setting timeout of 30 seconds...
INFO:p13c.p13c_itail_slothy_start.split.264_302:Objective: None (any satisfying solution is fine)
INFO:p13c.p13c_itail_slothy_start.split.264_302:Invoking external constraint solver (OR-Tools CP-SAT v9.15.6755) ...
INFO:p13c.p13c_itail_slothy_start.split.264_302:INFEASIBLE, wall time: 0.023623 s
INFO:p13c.p13c_itail_slothy_start.split.264_302:Attempt optimization with max 46 stalls...
INFO:p13c.p13c_itail_slothy_start.split.264_302:Setting timeout of 30 seconds...
INFO:p13c.p13c_itail_slothy_start.split.264_302:Objective: None (any satisfying solution is fine)
INFO:p13c.p13c_itail_slothy_start.split.264_302:Invoking external constraint solver (OR-Tools CP-SAT v9.15.6755) ...
INFO:p13c.p13c_itail_slothy_start.split.264_302:INFEASIBLE, wall time: 0.025318 s
INFO:p13c.p13c_itail_slothy_start.split.264_302:Attempt optimization with max 47 stalls...
INFO:p13c.p13c_itail_slothy_start.split.264_302:Setting timeout of 30 seconds...
INFO:p13c.p13c_itail_slothy_start.split.264_302:Objective: None (any satisfying solution is fine)
INFO:p13c.p13c_itail_slothy_start.split.264_302:Invoking external constraint solver (OR-Tools CP-SAT v9.15.6755) ...
INFO:p13c.p13c_itail_slothy_start.split.264_302:[0.0211s]: Found 1 solutions so far... objective (no objective): currently 0.0, bound 0.0
INFO:p13c.p13c_itail_slothy_start.split.264_302:OPTIMAL, wall time: 0.024497 s
INFO:p13c.p13c_itail_slothy_start.split.264_302:Booleans in result: 18
INFO:p13c.p13c_itail_slothy_start.split.264_302.selfcheck:OK!
WARNING:p13c:LLVM (llvm-mc, llvm-nm, llvm-readobj) not found, disabling selftest. Consider installing LLVM.
INFO:p13c.p13c_itail_slothy_start.split.302_339:Perform external binary search for minimal number of stalls...
INFO:p13c.p13c_itail_slothy_start.split.302_339:Attempt optimization with max 0 stalls...
INFO:p13c.p13c_itail_slothy_start.split.302_339:Setting timeout of 30 seconds...
INFO:p13c.p13c_itail_slothy_start.split.302_339:Objective: None (any satisfying solution is fine)
INFO:p13c.p13c_itail_slothy_start.split.302_339:Invoking external constraint solver (OR-Tools CP-SAT v9.15.6755) ...
INFO:p13c.p13c_itail_slothy_start.split.302_339:INFEASIBLE, wall time: 0.000881 s
INFO:p13c.p13c_itail_slothy_start.split.302_339:Attempt optimization with max 1 stalls...
INFO:p13c.p13c_itail_slothy_start.split.302_339:Setting timeout of 30 seconds...
INFO:p13c.p13c_itail_slothy_start.split.302_339:Objective: None (any satisfying solution is fine)
INFO:p13c.p13c_itail_slothy_start.split.302_339:Invoking external constraint solver (OR-Tools CP-SAT v9.15.6755) ...
INFO:p13c.p13c_itail_slothy_start.split.302_339:INFEASIBLE, wall time: 0.000856 s
INFO:p13c.p13c_itail_slothy_start.split.302_339:Attempt optimization with max 2 stalls...
INFO:p13c.p13c_itail_slothy_start.split.302_339:Setting timeout of 30 seconds...
INFO:p13c.p13c_itail_slothy_start.split.302_339:Objective: None (any satisfying solution is fine)
INFO:p13c.p13c_itail_slothy_start.split.302_339:Invoking external constraint solver (OR-Tools CP-SAT v9.15.6755) ...
INFO:p13c.p13c_itail_slothy_start.split.302_339:INFEASIBLE, wall time: 0.000908 s
INFO:p13c.p13c_itail_slothy_start.split.302_339:Attempt optimization with max 4 stalls...
INFO:p13c.p13c_itail_slothy_start.split.302_339:Setting timeout of 30 seconds...
INFO:p13c.p13c_itail_slothy_start.split.302_339:Objective: None (any satisfying solution is fine)
INFO:p13c.p13c_itail_slothy_start.split.302_339:Invoking external constraint solver (OR-Tools CP-SAT v9.15.6755) ...
INFO:p13c.p13c_itail_slothy_start.split.302_339:INFEASIBLE, wall time: 0.001050 s
INFO:p13c.p13c_itail_slothy_start.split.302_339:Attempt optimization with max 8 stalls...
INFO:p13c.p13c_itail_slothy_start.split.302_339:Setting timeout of 30 seconds...
INFO:p13c.p13c_itail_slothy_start.split.302_339:Objective: None (any satisfying solution is fine)
INFO:p13c.p13c_itail_slothy_start.split.302_339:Invoking external constraint solver (OR-Tools CP-SAT v9.15.6755) ...
INFO:p13c.p13c_itail_slothy_start.split.302_339:INFEASIBLE, wall time: 0.000908 s
INFO:p13c.p13c_itail_slothy_start.split.302_339:Attempt optimization with max 16 stalls...
INFO:p13c.p13c_itail_slothy_start.split.302_339:Setting timeout of 30 seconds...
INFO:p13c.p13c_itail_slothy_start.split.302_339:Objective: None (any satisfying solution is fine)
INFO:p13c.p13c_itail_slothy_start.split.302_339:Invoking external constraint solver (OR-Tools CP-SAT v9.15.6755) ...
INFO:p13c.p13c_itail_slothy_start.split.302_339:INFEASIBLE, wall time: 0.002508 s
INFO:p13c.p13c_itail_slothy_start.split.302_339:Attempt optimization with max 32 stalls...
INFO:p13c.p13c_itail_slothy_start.split.302_339:Setting timeout of 30 seconds...
INFO:p13c.p13c_itail_slothy_start.split.302_339:Objective: None (any satisfying solution is fine)
INFO:p13c.p13c_itail_slothy_start.split.302_339:Invoking external constraint solver (OR-Tools CP-SAT v9.15.6755) ...
INFO:p13c.p13c_itail_slothy_start.split.302_339:INFEASIBLE, wall time: 0.010345 s
INFO:p13c.p13c_itail_slothy_start.split.302_339:Attempt optimization with max 64 stalls...
INFO:p13c.p13c_itail_slothy_start.split.302_339:Setting timeout of 30 seconds...
INFO:p13c.p13c_itail_slothy_start.split.302_339:Objective: None (any satisfying solution is fine)
INFO:p13c.p13c_itail_slothy_start.split.302_339:Invoking external constraint solver (OR-Tools CP-SAT v9.15.6755) ...
INFO:p13c.p13c_itail_slothy_start.split.302_339:[0.0263s]: Found 1 solutions so far... objective (no objective): currently 0.0, bound 0.0
INFO:p13c.p13c_itail_slothy_start.split.302_339:OPTIMAL, wall time: 0.030178 s
INFO:p13c.p13c_itail_slothy_start.split.302_339:Booleans in result: 77
INFO:p13c.p13c_itail_slothy_start.split.302_339.selfcheck:OK!
WARNING:p13c:LLVM (llvm-mc, llvm-nm, llvm-readobj) not found, disabling selftest. Consider installing LLVM.
INFO:p13c.p13c_itail_slothy_start.split.302_339:Attempt optimization with max 48 stalls...
INFO:p13c.p13c_itail_slothy_start.split.302_339:Setting timeout of 30 seconds...
INFO:p13c.p13c_itail_slothy_start.split.302_339:Objective: None (any satisfying solution is fine)
INFO:p13c.p13c_itail_slothy_start.split.302_339:Invoking external constraint solver (OR-Tools CP-SAT v9.15.6755) ...
INFO:p13c.p13c_itail_slothy_start.split.302_339:[0.0220s]: Found 1 solutions so far... objective (no objective): currently 0.0, bound 0.0
INFO:p13c.p13c_itail_slothy_start.split.302_339:OPTIMAL, wall time: 0.026110 s
INFO:p13c.p13c_itail_slothy_start.split.302_339:Booleans in result: 21
INFO:p13c.p13c_itail_slothy_start.split.302_339.selfcheck:OK!
WARNING:p13c:LLVM (llvm-mc, llvm-nm, llvm-readobj) not found, disabling selftest. Consider installing LLVM.
INFO:p13c.p13c_itail_slothy_start.split.302_339:Attempt optimization with max 40 stalls...
INFO:p13c.p13c_itail_slothy_start.split.302_339:Setting timeout of 30 seconds...
INFO:p13c.p13c_itail_slothy_start.split.302_339:Objective: None (any satisfying solution is fine)
INFO:p13c.p13c_itail_slothy_start.split.302_339:Invoking external constraint solver (OR-Tools CP-SAT v9.15.6755) ...
INFO:p13c.p13c_itail_slothy_start.split.302_339:[0.0208s]: Found 1 solutions so far... objective (no objective): currently 0.0, bound 0.0
INFO:p13c.p13c_itail_slothy_start.split.302_339:[0.0210s]: Found 2 solutions so far... objective (no objective): currently 0.0, bound 0.0
INFO:p13c.p13c_itail_slothy_start.split.302_339:OPTIMAL, wall time: 0.025519 s
INFO:p13c.p13c_itail_slothy_start.split.302_339:Booleans in result: 110
INFO:p13c.p13c_itail_slothy_start.split.302_339.selfcheck:OK!
WARNING:p13c:LLVM (llvm-mc, llvm-nm, llvm-readobj) not found, disabling selftest. Consider installing LLVM.
INFO:p13c.p13c_itail_slothy_start.split.302_339:Attempt optimization with max 36 stalls...
INFO:p13c.p13c_itail_slothy_start.split.302_339:Setting timeout of 30 seconds...
INFO:p13c.p13c_itail_slothy_start.split.302_339:Objective: None (any satisfying solution is fine)
INFO:p13c.p13c_itail_slothy_start.split.302_339:Invoking external constraint solver (OR-Tools CP-SAT v9.15.6755) ...
INFO:p13c.p13c_itail_slothy_start.split.302_339:INFEASIBLE, wall time: 0.025542 s
INFO:p13c.p13c_itail_slothy_start.split.302_339:Attempt optimization with max 38 stalls...
INFO:p13c.p13c_itail_slothy_start.split.302_339:Setting timeout of 30 seconds...
INFO:p13c.p13c_itail_slothy_start.split.302_339:Objective: None (any satisfying solution is fine)
INFO:p13c.p13c_itail_slothy_start.split.302_339:Invoking external constraint solver (OR-Tools CP-SAT v9.15.6755) ...
INFO:p13c.p13c_itail_slothy_start.split.302_339:[0.0209s]: Found 1 solutions so far... objective (no objective): currently 0.0, bound 0.0
INFO:p13c.p13c_itail_slothy_start.split.302_339:OPTIMAL, wall time: 0.023886 s
INFO:p13c.p13c_itail_slothy_start.split.302_339:Booleans in result: 87
INFO:p13c.p13c_itail_slothy_start.split.302_339.selfcheck:OK!
WARNING:p13c:LLVM (llvm-mc, llvm-nm, llvm-readobj) not found, disabling selftest. Consider installing LLVM.
INFO:p13c.p13c_itail_slothy_start.split.302_339:Attempt optimization with max 37 stalls...
INFO:p13c.p13c_itail_slothy_start.split.302_339:Setting timeout of 30 seconds...
INFO:p13c.p13c_itail_slothy_start.split.302_339:Objective: None (any satisfying solution is fine)
INFO:p13c.p13c_itail_slothy_start.split.302_339:Invoking external constraint solver (OR-Tools CP-SAT v9.15.6755) ...
INFO:p13c.p13c_itail_slothy_start.split.302_339:[0.0210s]: Found 1 solutions so far... objective (no objective): currently 0.0, bound 0.0
INFO:p13c.p13c_itail_slothy_start.split.302_339:OPTIMAL, wall time: 0.023936 s
INFO:p13c.p13c_itail_slothy_start.split.302_339:Booleans in result: 110
INFO:p13c.p13c_itail_slothy_start.split.302_339.selfcheck:OK!
WARNING:p13c:LLVM (llvm-mc, llvm-nm, llvm-readobj) not found, disabling selftest. Consider installing LLVM.
INFO:p13c.p13c_itail_slothy_start.split.339_377:Perform external binary search for minimal number of stalls...
INFO:p13c.p13c_itail_slothy_start.split.339_377:Attempt optimization with max 0 stalls...
INFO:p13c.p13c_itail_slothy_start.split.339_377:Setting timeout of 30 seconds...
INFO:p13c.p13c_itail_slothy_start.split.339_377:Objective: None (any satisfying solution is fine)
INFO:p13c.p13c_itail_slothy_start.split.339_377:Invoking external constraint solver (OR-Tools CP-SAT v9.15.6755) ...
INFO:p13c.p13c_itail_slothy_start.split.339_377:INFEASIBLE, wall time: 0.001023 s
INFO:p13c.p13c_itail_slothy_start.split.339_377:Attempt optimization with max 1 stalls...
INFO:p13c.p13c_itail_slothy_start.split.339_377:Setting timeout of 30 seconds...
INFO:p13c.p13c_itail_slothy_start.split.339_377:Objective: None (any satisfying solution is fine)
INFO:p13c.p13c_itail_slothy_start.split.339_377:Invoking external constraint solver (OR-Tools CP-SAT v9.15.6755) ...
INFO:p13c.p13c_itail_slothy_start.split.339_377:INFEASIBLE, wall time: 0.000917 s
INFO:p13c.p13c_itail_slothy_start.split.339_377:Attempt optimization with max 2 stalls...
INFO:p13c.p13c_itail_slothy_start.split.339_377:Setting timeout of 30 seconds...
INFO:p13c.p13c_itail_slothy_start.split.339_377:Objective: None (any satisfying solution is fine)
INFO:p13c.p13c_itail_slothy_start.split.339_377:Invoking external constraint solver (OR-Tools CP-SAT v9.15.6755) ...
INFO:p13c.p13c_itail_slothy_start.split.339_377:INFEASIBLE, wall time: 0.000931 s
INFO:p13c.p13c_itail_slothy_start.split.339_377:Attempt optimization with max 4 stalls...
INFO:p13c.p13c_itail_slothy_start.split.339_377:Setting timeout of 30 seconds...
INFO:p13c.p13c_itail_slothy_start.split.339_377:Objective: None (any satisfying solution is fine)
INFO:p13c.p13c_itail_slothy_start.split.339_377:Invoking external constraint solver (OR-Tools CP-SAT v9.15.6755) ...
INFO:p13c.p13c_itail_slothy_start.split.339_377:INFEASIBLE, wall time: 0.001122 s
INFO:p13c.p13c_itail_slothy_start.split.339_377:Attempt optimization with max 8 stalls...
INFO:p13c.p13c_itail_slothy_start.split.339_377:Setting timeout of 30 seconds...
INFO:p13c.p13c_itail_slothy_start.split.339_377:Objective: None (any satisfying solution is fine)
INFO:p13c.p13c_itail_slothy_start.split.339_377:Invoking external constraint solver (OR-Tools CP-SAT v9.15.6755) ...
INFO:p13c.p13c_itail_slothy_start.split.339_377:INFEASIBLE, wall time: 0.001120 s
INFO:p13c.p13c_itail_slothy_start.split.339_377:Attempt optimization with max 16 stalls...
INFO:p13c.p13c_itail_slothy_start.split.339_377:Setting timeout of 30 seconds...
INFO:p13c.p13c_itail_slothy_start.split.339_377:Objective: None (any satisfying solution is fine)
INFO:p13c.p13c_itail_slothy_start.split.339_377:Invoking external constraint solver (OR-Tools CP-SAT v9.15.6755) ...
INFO:p13c.p13c_itail_slothy_start.split.339_377:INFEASIBLE, wall time: 0.002225 s
INFO:p13c.p13c_itail_slothy_start.split.339_377:Attempt optimization with max 32 stalls...
INFO:p13c.p13c_itail_slothy_start.split.339_377:Setting timeout of 30 seconds...
INFO:p13c.p13c_itail_slothy_start.split.339_377:Objective: None (any satisfying solution is fine)
INFO:p13c.p13c_itail_slothy_start.split.339_377:Invoking external constraint solver (OR-Tools CP-SAT v9.15.6755) ...
INFO:p13c.p13c_itail_slothy_start.split.339_377:INFEASIBLE, wall time: 0.003875 s
INFO:p13c.p13c_itail_slothy_start.split.339_377:Attempt optimization with max 64 stalls...
INFO:p13c.p13c_itail_slothy_start.split.339_377:Setting timeout of 30 seconds...
INFO:p13c.p13c_itail_slothy_start.split.339_377:Objective: None (any satisfying solution is fine)
INFO:p13c.p13c_itail_slothy_start.split.339_377:Invoking external constraint solver (OR-Tools CP-SAT v9.15.6755) ...
INFO:p13c.p13c_itail_slothy_start.split.339_377:[0.0263s]: Found 1 solutions so far... objective (no objective): currently 0.0, bound 0.0
INFO:p13c.p13c_itail_slothy_start.split.339_377:[0.0266s]: Found 2 solutions so far... objective (no objective): currently 0.0, bound 0.0
INFO:p13c.p13c_itail_slothy_start.split.339_377:[0.0272s]: Found 3 solutions so far... objective (no objective): currently 0.0, bound 0.0
INFO:p13c.p13c_itail_slothy_start.split.339_377:OPTIMAL, wall time: 0.030978 s
INFO:p13c.p13c_itail_slothy_start.split.339_377:Booleans in result: 20
INFO:p13c.p13c_itail_slothy_start.split.339_377.selfcheck:OK!
WARNING:p13c:LLVM (llvm-mc, llvm-nm, llvm-readobj) not found, disabling selftest. Consider installing LLVM.
INFO:p13c.p13c_itail_slothy_start.split.339_377:Attempt optimization with max 48 stalls...
INFO:p13c.p13c_itail_slothy_start.split.339_377:Setting timeout of 30 seconds...
INFO:p13c.p13c_itail_slothy_start.split.339_377:Objective: None (any satisfying solution is fine)
INFO:p13c.p13c_itail_slothy_start.split.339_377:Invoking external constraint solver (OR-Tools CP-SAT v9.15.6755) ...
INFO:p13c.p13c_itail_slothy_start.split.339_377:[0.0225s]: Found 1 solutions so far... objective (no objective): currently 0.0, bound 0.0
INFO:p13c.p13c_itail_slothy_start.split.339_377:OPTIMAL, wall time: 0.025785 s
INFO:p13c.p13c_itail_slothy_start.split.339_377:Booleans in result: 93
INFO:p13c.p13c_itail_slothy_start.split.339_377.selfcheck:OK!
WARNING:p13c:LLVM (llvm-mc, llvm-nm, llvm-readobj) not found, disabling selftest. Consider installing LLVM.
INFO:p13c.p13c_itail_slothy_start.split.339_377:Attempt optimization with max 40 stalls...
INFO:p13c.p13c_itail_slothy_start.split.339_377:Setting timeout of 30 seconds...
INFO:p13c.p13c_itail_slothy_start.split.339_377:Objective: None (any satisfying solution is fine)
INFO:p13c.p13c_itail_slothy_start.split.339_377:Invoking external constraint solver (OR-Tools CP-SAT v9.15.6755) ...
INFO:p13c.p13c_itail_slothy_start.split.339_377:INFEASIBLE, wall time: 0.010393 s
INFO:p13c.p13c_itail_slothy_start.split.339_377:Attempt optimization with max 44 stalls...
INFO:p13c.p13c_itail_slothy_start.split.339_377:Setting timeout of 30 seconds...
INFO:p13c.p13c_itail_slothy_start.split.339_377:Objective: None (any satisfying solution is fine)
INFO:p13c.p13c_itail_slothy_start.split.339_377:Invoking external constraint solver (OR-Tools CP-SAT v9.15.6755) ...
INFO:p13c.p13c_itail_slothy_start.split.339_377:INFEASIBLE, wall time: 0.011105 s
INFO:p13c.p13c_itail_slothy_start.split.339_377:Attempt optimization with max 46 stalls...
INFO:p13c.p13c_itail_slothy_start.split.339_377:Setting timeout of 30 seconds...
INFO:p13c.p13c_itail_slothy_start.split.339_377:Objective: None (any satisfying solution is fine)
INFO:p13c.p13c_itail_slothy_start.split.339_377:Invoking external constraint solver (OR-Tools CP-SAT v9.15.6755) ...
INFO:p13c.p13c_itail_slothy_start.split.339_377:INFEASIBLE, wall time: 0.025809 s
INFO:p13c.p13c_itail_slothy_start.split.339_377:Attempt optimization with max 47 stalls...
INFO:p13c.p13c_itail_slothy_start.split.339_377:Setting timeout of 30 seconds...
INFO:p13c.p13c_itail_slothy_start.split.339_377:Objective: None (any satisfying solution is fine)
INFO:p13c.p13c_itail_slothy_start.split.339_377:Invoking external constraint solver (OR-Tools CP-SAT v9.15.6755) ...
INFO:p13c.p13c_itail_slothy_start.split.339_377:INFEASIBLE, wall time: 0.023708 s
INFO:p13c.p13c_itail_slothy_start.split.377_415:Perform external binary search for minimal number of stalls...
INFO:p13c.p13c_itail_slothy_start.split.377_415:Attempt optimization with max 0 stalls...
INFO:p13c.p13c_itail_slothy_start.split.377_415:Setting timeout of 30 seconds...
INFO:p13c.p13c_itail_slothy_start.split.377_415:Objective: None (any satisfying solution is fine)
INFO:p13c.p13c_itail_slothy_start.split.377_415:Invoking external constraint solver (OR-Tools CP-SAT v9.15.6755) ...
INFO:p13c.p13c_itail_slothy_start.split.377_415:INFEASIBLE, wall time: 0.000915 s
INFO:p13c.p13c_itail_slothy_start.split.377_415:Attempt optimization with max 1 stalls...
INFO:p13c.p13c_itail_slothy_start.split.377_415:Setting timeout of 30 seconds...
INFO:p13c.p13c_itail_slothy_start.split.377_415:Objective: None (any satisfying solution is fine)
INFO:p13c.p13c_itail_slothy_start.split.377_415:Invoking external constraint solver (OR-Tools CP-SAT v9.15.6755) ...
INFO:p13c.p13c_itail_slothy_start.split.377_415:INFEASIBLE, wall time: 0.000893 s
INFO:p13c.p13c_itail_slothy_start.split.377_415:Attempt optimization with max 2 stalls...
INFO:p13c.p13c_itail_slothy_start.split.377_415:Setting timeout of 30 seconds...
INFO:p13c.p13c_itail_slothy_start.split.377_415:Objective: None (any satisfying solution is fine)
INFO:p13c.p13c_itail_slothy_start.split.377_415:Invoking external constraint solver (OR-Tools CP-SAT v9.15.6755) ...
INFO:p13c.p13c_itail_slothy_start.split.377_415:INFEASIBLE, wall time: 0.000941 s
INFO:p13c.p13c_itail_slothy_start.split.377_415:Attempt optimization with max 4 stalls...
INFO:p13c.p13c_itail_slothy_start.split.377_415:Setting timeout of 30 seconds...
INFO:p13c.p13c_itail_slothy_start.split.377_415:Objective: None (any satisfying solution is fine)
INFO:p13c.p13c_itail_slothy_start.split.377_415:Invoking external constraint solver (OR-Tools CP-SAT v9.15.6755) ...
INFO:p13c.p13c_itail_slothy_start.split.377_415:INFEASIBLE, wall time: 0.001066 s
INFO:p13c.p13c_itail_slothy_start.split.377_415:Attempt optimization with max 8 stalls...
INFO:p13c.p13c_itail_slothy_start.split.377_415:Setting timeout of 30 seconds...
INFO:p13c.p13c_itail_slothy_start.split.377_415:Objective: None (any satisfying solution is fine)
INFO:p13c.p13c_itail_slothy_start.split.377_415:Invoking external constraint solver (OR-Tools CP-SAT v9.15.6755) ...
INFO:p13c.p13c_itail_slothy_start.split.377_415:INFEASIBLE, wall time: 0.000962 s
INFO:p13c.p13c_itail_slothy_start.split.377_415:Attempt optimization with max 16 stalls...
INFO:p13c.p13c_itail_slothy_start.split.377_415:Setting timeout of 30 seconds...
INFO:p13c.p13c_itail_slothy_start.split.377_415:Objective: None (any satisfying solution is fine)
INFO:p13c.p13c_itail_slothy_start.split.377_415:Invoking external constraint solver (OR-Tools CP-SAT v9.15.6755) ...
INFO:p13c.p13c_itail_slothy_start.split.377_415:INFEASIBLE, wall time: 0.001078 s
INFO:p13c.p13c_itail_slothy_start.split.377_415:Attempt optimization with max 32 stalls...
INFO:p13c.p13c_itail_slothy_start.split.377_415:Setting timeout of 30 seconds...
INFO:p13c.p13c_itail_slothy_start.split.377_415:Objective: None (any satisfying solution is fine)
INFO:p13c.p13c_itail_slothy_start.split.377_415:Invoking external constraint solver (OR-Tools CP-SAT v9.15.6755) ...
INFO:p13c.p13c_itail_slothy_start.split.377_415:INFEASIBLE, wall time: 0.003520 s
INFO:p13c.p13c_itail_slothy_start.split.377_415:Attempt optimization with max 64 stalls...
INFO:p13c.p13c_itail_slothy_start.split.377_415:Setting timeout of 30 seconds...
INFO:p13c.p13c_itail_slothy_start.split.377_415:Objective: None (any satisfying solution is fine)
INFO:p13c.p13c_itail_slothy_start.split.377_415:Invoking external constraint solver (OR-Tools CP-SAT v9.15.6755) ...
INFO:p13c.p13c_itail_slothy_start.split.377_415:[0.0241s]: Found 1 solutions so far... objective (no objective): currently 0.0, bound 0.0
INFO:p13c.p13c_itail_slothy_start.split.377_415:[0.0242s]: Found 2 solutions so far... objective (no objective): currently 0.0, bound 0.0
INFO:p13c.p13c_itail_slothy_start.split.377_415:[0.0252s]: Found 3 solutions so far... objective (no objective): currently 0.0, bound 0.0
INFO:p13c.p13c_itail_slothy_start.split.377_415:OPTIMAL, wall time: 0.029818 s
INFO:p13c.p13c_itail_slothy_start.split.377_415:Booleans in result: 19
INFO:p13c.p13c_itail_slothy_start.split.377_415.selfcheck:OK!
WARNING:p13c:LLVM (llvm-mc, llvm-nm, llvm-readobj) not found, disabling selftest. Consider installing LLVM.
INFO:p13c.p13c_itail_slothy_start.split.377_415:Attempt optimization with max 48 stalls...
INFO:p13c.p13c_itail_slothy_start.split.377_415:Setting timeout of 30 seconds...
INFO:p13c.p13c_itail_slothy_start.split.377_415:Objective: None (any satisfying solution is fine)
INFO:p13c.p13c_itail_slothy_start.split.377_415:Invoking external constraint solver (OR-Tools CP-SAT v9.15.6755) ...
INFO:p13c.p13c_itail_slothy_start.split.377_415:[0.0183s]: Found 1 solutions so far... objective (no objective): currently 0.0, bound 0.0
INFO:p13c.p13c_itail_slothy_start.split.377_415:OPTIMAL, wall time: 0.021720 s
INFO:p13c.p13c_itail_slothy_start.split.377_415:Booleans in result: 77
INFO:p13c.p13c_itail_slothy_start.split.377_415.selfcheck:OK!
WARNING:p13c:LLVM (llvm-mc, llvm-nm, llvm-readobj) not found, disabling selftest. Consider installing LLVM.
INFO:p13c.p13c_itail_slothy_start.split.377_415:Attempt optimization with max 40 stalls...
INFO:p13c.p13c_itail_slothy_start.split.377_415:Setting timeout of 30 seconds...
INFO:p13c.p13c_itail_slothy_start.split.377_415:Objective: None (any satisfying solution is fine)
INFO:p13c.p13c_itail_slothy_start.split.377_415:Invoking external constraint solver (OR-Tools CP-SAT v9.15.6755) ...
INFO:p13c.p13c_itail_slothy_start.split.377_415:INFEASIBLE, wall time: 0.005837 s
INFO:p13c.p13c_itail_slothy_start.split.377_415:Attempt optimization with max 44 stalls...
INFO:p13c.p13c_itail_slothy_start.split.377_415:Setting timeout of 30 seconds...
INFO:p13c.p13c_itail_slothy_start.split.377_415:Objective: None (any satisfying solution is fine)
INFO:p13c.p13c_itail_slothy_start.split.377_415:Invoking external constraint solver (OR-Tools CP-SAT v9.15.6755) ...
INFO:p13c.p13c_itail_slothy_start.split.377_415:INFEASIBLE, wall time: 0.011863 s
INFO:p13c.p13c_itail_slothy_start.split.377_415:Attempt optimization with max 46 stalls...
INFO:p13c.p13c_itail_slothy_start.split.377_415:Setting timeout of 30 seconds...
INFO:p13c.p13c_itail_slothy_start.split.377_415:Objective: None (any satisfying solution is fine)
INFO:p13c.p13c_itail_slothy_start.split.377_415:Invoking external constraint solver (OR-Tools CP-SAT v9.15.6755) ...
INFO:p13c.p13c_itail_slothy_start.split.377_415:INFEASIBLE, wall time: 0.012106 s
INFO:p13c.p13c_itail_slothy_start.split.377_415:Attempt optimization with max 47 stalls...
INFO:p13c.p13c_itail_slothy_start.split.377_415:Setting timeout of 30 seconds...
INFO:p13c.p13c_itail_slothy_start.split.377_415:Objective: None (any satisfying solution is fine)
INFO:p13c.p13c_itail_slothy_start.split.377_415:Invoking external constraint solver (OR-Tools CP-SAT v9.15.6755) ...
INFO:p13c.p13c_itail_slothy_start.split.377_415:INFEASIBLE, wall time: 0.012470 s
INFO:p13c.p13c_itail_slothy_start.split.415_452:Perform external binary search for minimal number of stalls...
INFO:p13c.p13c_itail_slothy_start.split.415_452:Attempt optimization with max 0 stalls...
INFO:p13c.p13c_itail_slothy_start.split.415_452:Setting timeout of 30 seconds...
INFO:p13c.p13c_itail_slothy_start.split.415_452:Objective: None (any satisfying solution is fine)
INFO:p13c.p13c_itail_slothy_start.split.415_452:Invoking external constraint solver (OR-Tools CP-SAT v9.15.6755) ...
INFO:p13c.p13c_itail_slothy_start.split.415_452:INFEASIBLE, wall time: 0.000943 s
INFO:p13c.p13c_itail_slothy_start.split.415_452:Attempt optimization with max 1 stalls...
INFO:p13c.p13c_itail_slothy_start.split.415_452:Setting timeout of 30 seconds...
INFO:p13c.p13c_itail_slothy_start.split.415_452:Objective: None (any satisfying solution is fine)
INFO:p13c.p13c_itail_slothy_start.split.415_452:Invoking external constraint solver (OR-Tools CP-SAT v9.15.6755) ...
INFO:p13c.p13c_itail_slothy_start.split.415_452:INFEASIBLE, wall time: 0.001164 s
INFO:p13c.p13c_itail_slothy_start.split.415_452:Attempt optimization with max 2 stalls...
INFO:p13c.p13c_itail_slothy_start.split.415_452:Setting timeout of 30 seconds...
INFO:p13c.p13c_itail_slothy_start.split.415_452:Objective: None (any satisfying solution is fine)
INFO:p13c.p13c_itail_slothy_start.split.415_452:Invoking external constraint solver (OR-Tools CP-SAT v9.15.6755) ...
INFO:p13c.p13c_itail_slothy_start.split.415_452:INFEASIBLE, wall time: 0.000917 s
INFO:p13c.p13c_itail_slothy_start.split.415_452:Attempt optimization with max 4 stalls...
INFO:p13c.p13c_itail_slothy_start.split.415_452:Setting timeout of 30 seconds...
INFO:p13c.p13c_itail_slothy_start.split.415_452:Objective: None (any satisfying solution is fine)
INFO:p13c.p13c_itail_slothy_start.split.415_452:Invoking external constraint solver (OR-Tools CP-SAT v9.15.6755) ...
INFO:p13c.p13c_itail_slothy_start.split.415_452:INFEASIBLE, wall time: 0.001027 s
INFO:p13c.p13c_itail_slothy_start.split.415_452:Attempt optimization with max 8 stalls...
INFO:p13c.p13c_itail_slothy_start.split.415_452:Setting timeout of 30 seconds...
INFO:p13c.p13c_itail_slothy_start.split.415_452:Objective: None (any satisfying solution is fine)
INFO:p13c.p13c_itail_slothy_start.split.415_452:Invoking external constraint solver (OR-Tools CP-SAT v9.15.6755) ...
INFO:p13c.p13c_itail_slothy_start.split.415_452:INFEASIBLE, wall time: 0.000895 s
INFO:p13c.p13c_itail_slothy_start.split.415_452:Attempt optimization with max 16 stalls...
INFO:p13c.p13c_itail_slothy_start.split.415_452:Setting timeout of 30 seconds...
INFO:p13c.p13c_itail_slothy_start.split.415_452:Objective: None (any satisfying solution is fine)
INFO:p13c.p13c_itail_slothy_start.split.415_452:Invoking external constraint solver (OR-Tools CP-SAT v9.15.6755) ...
INFO:p13c.p13c_itail_slothy_start.split.415_452:INFEASIBLE, wall time: 0.002252 s
INFO:p13c.p13c_itail_slothy_start.split.415_452:Attempt optimization with max 32 stalls...
INFO:p13c.p13c_itail_slothy_start.split.415_452:Setting timeout of 30 seconds...
INFO:p13c.p13c_itail_slothy_start.split.415_452:Objective: None (any satisfying solution is fine)
INFO:p13c.p13c_itail_slothy_start.split.415_452:Invoking external constraint solver (OR-Tools CP-SAT v9.15.6755) ...
INFO:p13c.p13c_itail_slothy_start.split.415_452:INFEASIBLE, wall time: 0.004858 s
INFO:p13c.p13c_itail_slothy_start.split.415_452:Attempt optimization with max 64 stalls...
INFO:p13c.p13c_itail_slothy_start.split.415_452:Setting timeout of 30 seconds...
INFO:p13c.p13c_itail_slothy_start.split.415_452:Objective: None (any satisfying solution is fine)
INFO:p13c.p13c_itail_slothy_start.split.415_452:Invoking external constraint solver (OR-Tools CP-SAT v9.15.6755) ...
INFO:p13c.p13c_itail_slothy_start.split.415_452:[0.0231s]: Found 1 solutions so far... objective (no objective): currently 0.0, bound 0.0
INFO:p13c.p13c_itail_slothy_start.split.415_452:OPTIMAL, wall time: 0.026116 s
INFO:p13c.p13c_itail_slothy_start.split.415_452:Booleans in result: 71
INFO:p13c.p13c_itail_slothy_start.split.415_452.selfcheck:OK!
WARNING:p13c:LLVM (llvm-mc, llvm-nm, llvm-readobj) not found, disabling selftest. Consider installing LLVM.
INFO:p13c.p13c_itail_slothy_start.split.415_452:Attempt optimization with max 48 stalls...
INFO:p13c.p13c_itail_slothy_start.split.415_452:Setting timeout of 30 seconds...
INFO:p13c.p13c_itail_slothy_start.split.415_452:Objective: None (any satisfying solution is fine)
INFO:p13c.p13c_itail_slothy_start.split.415_452:Invoking external constraint solver (OR-Tools CP-SAT v9.15.6755) ...
INFO:p13c.p13c_itail_slothy_start.split.415_452:[0.0195s]: Found 1 solutions so far... objective (no objective): currently 0.0, bound 0.0
INFO:p13c.p13c_itail_slothy_start.split.415_452:[0.0197s]: Found 2 solutions so far... objective (no objective): currently 0.0, bound 0.0
INFO:p13c.p13c_itail_slothy_start.split.415_452:[0.0205s]: Found 3 solutions so far... objective (no objective): currently 0.0, bound 0.0
INFO:p13c.p13c_itail_slothy_start.split.415_452:OPTIMAL, wall time: 0.023542 s
INFO:p13c.p13c_itail_slothy_start.split.415_452:Booleans in result: 73
INFO:p13c.p13c_itail_slothy_start.split.415_452.selfcheck:OK!
WARNING:p13c:LLVM (llvm-mc, llvm-nm, llvm-readobj) not found, disabling selftest. Consider installing LLVM.
INFO:p13c.p13c_itail_slothy_start.split.415_452:Attempt optimization with max 40 stalls...
INFO:p13c.p13c_itail_slothy_start.split.415_452:Setting timeout of 30 seconds...
INFO:p13c.p13c_itail_slothy_start.split.415_452:Objective: None (any satisfying solution is fine)
INFO:p13c.p13c_itail_slothy_start.split.415_452:Invoking external constraint solver (OR-Tools CP-SAT v9.15.6755) ...
INFO:p13c.p13c_itail_slothy_start.split.415_452:INFEASIBLE, wall time: 0.019862 s
INFO:p13c.p13c_itail_slothy_start.split.415_452:Attempt optimization with max 44 stalls...
INFO:p13c.p13c_itail_slothy_start.split.415_452:Setting timeout of 30 seconds...
INFO:p13c.p13c_itail_slothy_start.split.415_452:Objective: None (any satisfying solution is fine)
INFO:p13c.p13c_itail_slothy_start.split.415_452:Invoking external constraint solver (OR-Tools CP-SAT v9.15.6755) ...
INFO:p13c.p13c_itail_slothy_start.split.415_452:[0.0217s]: Found 1 solutions so far... objective (no objective): currently 0.0, bound 0.0
INFO:p13c.p13c_itail_slothy_start.split.415_452:[0.0245s]: Found 2 solutions so far... objective (no objective): currently 0.0, bound 0.0
INFO:p13c.p13c_itail_slothy_start.split.415_452:[0.0249s]: Found 3 solutions so far... objective (no objective): currently 0.0, bound 0.0
INFO:p13c.p13c_itail_slothy_start.split.415_452:[0.0259s]: Found 4 solutions so far... objective (no objective): currently 0.0, bound 0.0
INFO:p13c.p13c_itail_slothy_start.split.415_452:OPTIMAL, wall time: 0.028829 s
INFO:p13c.p13c_itail_slothy_start.split.415_452:Booleans in result: 90
INFO:p13c.p13c_itail_slothy_start.split.415_452.selfcheck:OK!
WARNING:p13c:LLVM (llvm-mc, llvm-nm, llvm-readobj) not found, disabling selftest. Consider installing LLVM.
INFO:p13c.p13c_itail_slothy_start.split.415_452:Attempt optimization with max 42 stalls...
INFO:p13c.p13c_itail_slothy_start.split.415_452:Setting timeout of 30 seconds...
INFO:p13c.p13c_itail_slothy_start.split.415_452:Objective: None (any satisfying solution is fine)
INFO:p13c.p13c_itail_slothy_start.split.415_452:Invoking external constraint solver (OR-Tools CP-SAT v9.15.6755) ...
INFO:p13c.p13c_itail_slothy_start.split.415_452:INFEASIBLE, wall time: 0.024460 s
INFO:p13c.p13c_itail_slothy_start.split.415_452:Attempt optimization with max 43 stalls...
INFO:p13c.p13c_itail_slothy_start.split.415_452:Setting timeout of 30 seconds...
INFO:p13c.p13c_itail_slothy_start.split.415_452:Objective: None (any satisfying solution is fine)
INFO:p13c.p13c_itail_slothy_start.split.415_452:Invoking external constraint solver (OR-Tools CP-SAT v9.15.6755) ...
INFO:p13c.p13c_itail_slothy_start.split.415_452:INFEASIBLE, wall time: 0.025476 s
INFO:p13c.p13c_itail_slothy_start.split.452_490:Perform external binary search for minimal number of stalls...
INFO:p13c.p13c_itail_slothy_start.split.452_490:Attempt optimization with max 0 stalls...
INFO:p13c.p13c_itail_slothy_start.split.452_490:Setting timeout of 30 seconds...
INFO:p13c.p13c_itail_slothy_start.split.452_490:Objective: None (any satisfying solution is fine)
INFO:p13c.p13c_itail_slothy_start.split.452_490:Invoking external constraint solver (OR-Tools CP-SAT v9.15.6755) ...
INFO:p13c.p13c_itail_slothy_start.split.452_490:INFEASIBLE, wall time: 0.000929 s
INFO:p13c.p13c_itail_slothy_start.split.452_490:Attempt optimization with max 1 stalls...
INFO:p13c.p13c_itail_slothy_start.split.452_490:Setting timeout of 30 seconds...
INFO:p13c.p13c_itail_slothy_start.split.452_490:Objective: None (any satisfying solution is fine)
INFO:p13c.p13c_itail_slothy_start.split.452_490:Invoking external constraint solver (OR-Tools CP-SAT v9.15.6755) ...
INFO:p13c.p13c_itail_slothy_start.split.452_490:INFEASIBLE, wall time: 0.001089 s
INFO:p13c.p13c_itail_slothy_start.split.452_490:Attempt optimization with max 2 stalls...
INFO:p13c.p13c_itail_slothy_start.split.452_490:Setting timeout of 30 seconds...
INFO:p13c.p13c_itail_slothy_start.split.452_490:Objective: None (any satisfying solution is fine)
INFO:p13c.p13c_itail_slothy_start.split.452_490:Invoking external constraint solver (OR-Tools CP-SAT v9.15.6755) ...
INFO:p13c.p13c_itail_slothy_start.split.452_490:INFEASIBLE, wall time: 0.000935 s
INFO:p13c.p13c_itail_slothy_start.split.452_490:Attempt optimization with max 4 stalls...
INFO:p13c.p13c_itail_slothy_start.split.452_490:Setting timeout of 30 seconds...
INFO:p13c.p13c_itail_slothy_start.split.452_490:Objective: None (any satisfying solution is fine)
INFO:p13c.p13c_itail_slothy_start.split.452_490:Invoking external constraint solver (OR-Tools CP-SAT v9.15.6755) ...
INFO:p13c.p13c_itail_slothy_start.split.452_490:INFEASIBLE, wall time: 0.000997 s
INFO:p13c.p13c_itail_slothy_start.split.452_490:Attempt optimization with max 8 stalls...
INFO:p13c.p13c_itail_slothy_start.split.452_490:Setting timeout of 30 seconds...
INFO:p13c.p13c_itail_slothy_start.split.452_490:Objective: None (any satisfying solution is fine)
INFO:p13c.p13c_itail_slothy_start.split.452_490:Invoking external constraint solver (OR-Tools CP-SAT v9.15.6755) ...
INFO:p13c.p13c_itail_slothy_start.split.452_490:INFEASIBLE, wall time: 0.000960 s
INFO:p13c.p13c_itail_slothy_start.split.452_490:Attempt optimization with max 16 stalls...
INFO:p13c.p13c_itail_slothy_start.split.452_490:Setting timeout of 30 seconds...
INFO:p13c.p13c_itail_slothy_start.split.452_490:Objective: None (any satisfying solution is fine)
INFO:p13c.p13c_itail_slothy_start.split.452_490:Invoking external constraint solver (OR-Tools CP-SAT v9.15.6755) ...
INFO:p13c.p13c_itail_slothy_start.split.452_490:INFEASIBLE, wall time: 0.002204 s
INFO:p13c.p13c_itail_slothy_start.split.452_490:Attempt optimization with max 32 stalls...
INFO:p13c.p13c_itail_slothy_start.split.452_490:Setting timeout of 30 seconds...
INFO:p13c.p13c_itail_slothy_start.split.452_490:Objective: None (any satisfying solution is fine)
INFO:p13c.p13c_itail_slothy_start.split.452_490:Invoking external constraint solver (OR-Tools CP-SAT v9.15.6755) ...
INFO:p13c.p13c_itail_slothy_start.split.452_490:INFEASIBLE, wall time: 0.002375 s
INFO:p13c.p13c_itail_slothy_start.split.452_490:Attempt optimization with max 64 stalls...
INFO:p13c.p13c_itail_slothy_start.split.452_490:Setting timeout of 30 seconds...
INFO:p13c.p13c_itail_slothy_start.split.452_490:Objective: None (any satisfying solution is fine)
INFO:p13c.p13c_itail_slothy_start.split.452_490:Invoking external constraint solver (OR-Tools CP-SAT v9.15.6755) ...
INFO:p13c.p13c_itail_slothy_start.split.452_490:[0.0253s]: Found 1 solutions so far... objective (no objective): currently 0.0, bound 0.0
INFO:p13c.p13c_itail_slothy_start.split.452_490:OPTIMAL, wall time: 0.028227 s
INFO:p13c.p13c_itail_slothy_start.split.452_490:Booleans in result: 87
INFO:p13c.p13c_itail_slothy_start.split.452_490.selfcheck:OK!
WARNING:p13c:LLVM (llvm-mc, llvm-nm, llvm-readobj) not found, disabling selftest. Consider installing LLVM.
INFO:p13c.p13c_itail_slothy_start.split.452_490:Attempt optimization with max 48 stalls...
INFO:p13c.p13c_itail_slothy_start.split.452_490:Setting timeout of 30 seconds...
INFO:p13c.p13c_itail_slothy_start.split.452_490:Objective: None (any satisfying solution is fine)
INFO:p13c.p13c_itail_slothy_start.split.452_490:Invoking external constraint solver (OR-Tools CP-SAT v9.15.6755) ...
INFO:p13c.p13c_itail_slothy_start.split.452_490:INFEASIBLE, wall time: 0.010857 s
INFO:p13c.p13c_itail_slothy_start.split.452_490:Attempt optimization with max 56 stalls...
INFO:p13c.p13c_itail_slothy_start.split.452_490:Setting timeout of 30 seconds...
INFO:p13c.p13c_itail_slothy_start.split.452_490:Objective: None (any satisfying solution is fine)
INFO:p13c.p13c_itail_slothy_start.split.452_490:Invoking external constraint solver (OR-Tools CP-SAT v9.15.6755) ...
INFO:p13c.p13c_itail_slothy_start.split.452_490:[0.0212s]: Found 1 solutions so far... objective (no objective): currently 0.0, bound 0.0
INFO:p13c.p13c_itail_slothy_start.split.452_490:[0.0214s]: Found 2 solutions so far... objective (no objective): currently 0.0, bound 0.0
INFO:p13c.p13c_itail_slothy_start.split.452_490:OPTIMAL, wall time: 0.024744 s
INFO:p13c.p13c_itail_slothy_start.split.452_490:Booleans in result: 78
INFO:p13c.p13c_itail_slothy_start.split.452_490.selfcheck:OK!
WARNING:p13c:LLVM (llvm-mc, llvm-nm, llvm-readobj) not found, disabling selftest. Consider installing LLVM.
INFO:p13c.p13c_itail_slothy_start.split.452_490:Attempt optimization with max 52 stalls...
INFO:p13c.p13c_itail_slothy_start.split.452_490:Setting timeout of 30 seconds...
INFO:p13c.p13c_itail_slothy_start.split.452_490:Objective: None (any satisfying solution is fine)
INFO:p13c.p13c_itail_slothy_start.split.452_490:Invoking external constraint solver (OR-Tools CP-SAT v9.15.6755) ...
INFO:p13c.p13c_itail_slothy_start.split.452_490:[0.0197s]: Found 1 solutions so far... objective (no objective): currently 0.0, bound 0.0
INFO:p13c.p13c_itail_slothy_start.split.452_490:[0.0199s]: Found 2 solutions so far... objective (no objective): currently 0.0, bound 0.0
INFO:p13c.p13c_itail_slothy_start.split.452_490:[0.0200s]: Found 3 solutions so far... objective (no objective): currently 0.0, bound 0.0
INFO:p13c.p13c_itail_slothy_start.split.452_490:[0.0202s]: Found 4 solutions so far... objective (no objective): currently 0.0, bound 0.0
INFO:p13c.p13c_itail_slothy_start.split.452_490:[0.0203s]: Found 5 solutions so far... objective (no objective): currently 0.0, bound 0.0
INFO:p13c.p13c_itail_slothy_start.split.452_490:OPTIMAL, wall time: 0.023278 s
INFO:p13c.p13c_itail_slothy_start.split.452_490:Booleans in result: 100
INFO:p13c.p13c_itail_slothy_start.split.452_490.selfcheck:OK!
WARNING:p13c:LLVM (llvm-mc, llvm-nm, llvm-readobj) not found, disabling selftest. Consider installing LLVM.
INFO:p13c.p13c_itail_slothy_start.split.452_490:Attempt optimization with max 50 stalls...
INFO:p13c.p13c_itail_slothy_start.split.452_490:Setting timeout of 30 seconds...
INFO:p13c.p13c_itail_slothy_start.split.452_490:Objective: None (any satisfying solution is fine)
INFO:p13c.p13c_itail_slothy_start.split.452_490:Invoking external constraint solver (OR-Tools CP-SAT v9.15.6755) ...
INFO:p13c.p13c_itail_slothy_start.split.452_490:INFEASIBLE, wall time: 0.011373 s
INFO:p13c.p13c_itail_slothy_start.split.452_490:Attempt optimization with max 51 stalls...
INFO:p13c.p13c_itail_slothy_start.split.452_490:Setting timeout of 30 seconds...
INFO:p13c.p13c_itail_slothy_start.split.452_490:Objective: None (any satisfying solution is fine)
INFO:p13c.p13c_itail_slothy_start.split.452_490:Invoking external constraint solver (OR-Tools CP-SAT v9.15.6755) ...
INFO:p13c.p13c_itail_slothy_start.split.452_490:[0.0178s]: Found 1 solutions so far... objective (no objective): currently 0.0, bound 0.0
INFO:p13c.p13c_itail_slothy_start.split.452_490:OPTIMAL, wall time: 0.021025 s
INFO:p13c.p13c_itail_slothy_start.split.452_490:Booleans in result: 80
INFO:p13c.p13c_itail_slothy_start.split.452_490.selfcheck:OK!
WARNING:p13c:LLVM (llvm-mc, llvm-nm, llvm-readobj) not found, disabling selftest. Consider installing LLVM.
INFO:p13c.p13c_itail_slothy_start.split.490_528:Perform external binary search for minimal number of stalls...
INFO:p13c.p13c_itail_slothy_start.split.490_528:Attempt optimization with max 0 stalls...
INFO:p13c.p13c_itail_slothy_start.split.490_528:Setting timeout of 30 seconds...
INFO:p13c.p13c_itail_slothy_start.split.490_528:Objective: None (any satisfying solution is fine)
INFO:p13c.p13c_itail_slothy_start.split.490_528:Invoking external constraint solver (OR-Tools CP-SAT v9.15.6755) ...
INFO:p13c.p13c_itail_slothy_start.split.490_528:INFEASIBLE, wall time: 0.000917 s
INFO:p13c.p13c_itail_slothy_start.split.490_528:Attempt optimization with max 1 stalls...
INFO:p13c.p13c_itail_slothy_start.split.490_528:Setting timeout of 30 seconds...
INFO:p13c.p13c_itail_slothy_start.split.490_528:Objective: None (any satisfying solution is fine)
INFO:p13c.p13c_itail_slothy_start.split.490_528:Invoking external constraint solver (OR-Tools CP-SAT v9.15.6755) ...
INFO:p13c.p13c_itail_slothy_start.split.490_528:INFEASIBLE, wall time: 0.000947 s
INFO:p13c.p13c_itail_slothy_start.split.490_528:Attempt optimization with max 2 stalls...
INFO:p13c.p13c_itail_slothy_start.split.490_528:Setting timeout of 30 seconds...
INFO:p13c.p13c_itail_slothy_start.split.490_528:Objective: None (any satisfying solution is fine)
INFO:p13c.p13c_itail_slothy_start.split.490_528:Invoking external constraint solver (OR-Tools CP-SAT v9.15.6755) ...
INFO:p13c.p13c_itail_slothy_start.split.490_528:INFEASIBLE, wall time: 0.000871 s
INFO:p13c.p13c_itail_slothy_start.split.490_528:Attempt optimization with max 4 stalls...
INFO:p13c.p13c_itail_slothy_start.split.490_528:Setting timeout of 30 seconds...
INFO:p13c.p13c_itail_slothy_start.split.490_528:Objective: None (any satisfying solution is fine)
INFO:p13c.p13c_itail_slothy_start.split.490_528:Invoking external constraint solver (OR-Tools CP-SAT v9.15.6755) ...
INFO:p13c.p13c_itail_slothy_start.split.490_528:INFEASIBLE, wall time: 0.000950 s
INFO:p13c.p13c_itail_slothy_start.split.490_528:Attempt optimization with max 8 stalls...
INFO:p13c.p13c_itail_slothy_start.split.490_528:Setting timeout of 30 seconds...
INFO:p13c.p13c_itail_slothy_start.split.490_528:Objective: None (any satisfying solution is fine)
INFO:p13c.p13c_itail_slothy_start.split.490_528:Invoking external constraint solver (OR-Tools CP-SAT v9.15.6755) ...
INFO:p13c.p13c_itail_slothy_start.split.490_528:INFEASIBLE, wall time: 0.000929 s
INFO:p13c.p13c_itail_slothy_start.split.490_528:Attempt optimization with max 16 stalls...
INFO:p13c.p13c_itail_slothy_start.split.490_528:Setting timeout of 30 seconds...
INFO:p13c.p13c_itail_slothy_start.split.490_528:Objective: None (any satisfying solution is fine)
INFO:p13c.p13c_itail_slothy_start.split.490_528:Invoking external constraint solver (OR-Tools CP-SAT v9.15.6755) ...
INFO:p13c.p13c_itail_slothy_start.split.490_528:INFEASIBLE, wall time: 0.001076 s
INFO:p13c.p13c_itail_slothy_start.split.490_528:Attempt optimization with max 32 stalls...
INFO:p13c.p13c_itail_slothy_start.split.490_528:Setting timeout of 30 seconds...
INFO:p13c.p13c_itail_slothy_start.split.490_528:Objective: None (any satisfying solution is fine)
INFO:p13c.p13c_itail_slothy_start.split.490_528:Invoking external constraint solver (OR-Tools CP-SAT v9.15.6755) ...
INFO:p13c.p13c_itail_slothy_start.split.490_528:INFEASIBLE, wall time: 0.005092 s
INFO:p13c.p13c_itail_slothy_start.split.490_528:Attempt optimization with max 64 stalls...
INFO:p13c.p13c_itail_slothy_start.split.490_528:Setting timeout of 30 seconds...
INFO:p13c.p13c_itail_slothy_start.split.490_528:Objective: None (any satisfying solution is fine)
INFO:p13c.p13c_itail_slothy_start.split.490_528:Invoking external constraint solver (OR-Tools CP-SAT v9.15.6755) ...
INFO:p13c.p13c_itail_slothy_start.split.490_528:[0.0234s]: Found 1 solutions so far... objective (no objective): currently 0.0, bound 0.0
INFO:p13c.p13c_itail_slothy_start.split.490_528:OPTIMAL, wall time: 0.027899 s
INFO:p13c.p13c_itail_slothy_start.split.490_528:Booleans in result: 78
INFO:p13c.p13c_itail_slothy_start.split.490_528.selfcheck:OK!
WARNING:p13c:LLVM (llvm-mc, llvm-nm, llvm-readobj) not found, disabling selftest. Consider installing LLVM.
INFO:p13c.p13c_itail_slothy_start.split.490_528:Attempt optimization with max 48 stalls...
INFO:p13c.p13c_itail_slothy_start.split.490_528:Setting timeout of 30 seconds...
INFO:p13c.p13c_itail_slothy_start.split.490_528:Objective: None (any satisfying solution is fine)
INFO:p13c.p13c_itail_slothy_start.split.490_528:Invoking external constraint solver (OR-Tools CP-SAT v9.15.6755) ...
INFO:p13c.p13c_itail_slothy_start.split.490_528:[0.0199s]: Found 1 solutions so far... objective (no objective): currently 0.0, bound 0.0
INFO:p13c.p13c_itail_slothy_start.split.490_528:OPTIMAL, wall time: 0.023328 s
INFO:p13c.p13c_itail_slothy_start.split.490_528:Booleans in result: 78
INFO:p13c.p13c_itail_slothy_start.split.490_528.selfcheck:OK!
WARNING:p13c:LLVM (llvm-mc, llvm-nm, llvm-readobj) not found, disabling selftest. Consider installing LLVM.
INFO:p13c.p13c_itail_slothy_start.split.490_528:Attempt optimization with max 40 stalls...
INFO:p13c.p13c_itail_slothy_start.split.490_528:Setting timeout of 30 seconds...
INFO:p13c.p13c_itail_slothy_start.split.490_528:Objective: None (any satisfying solution is fine)
INFO:p13c.p13c_itail_slothy_start.split.490_528:Invoking external constraint solver (OR-Tools CP-SAT v9.15.6755) ...
INFO:p13c.p13c_itail_slothy_start.split.490_528:[0.0196s]: Found 1 solutions so far... objective (no objective): currently 0.0, bound 0.0
INFO:p13c.p13c_itail_slothy_start.split.490_528:OPTIMAL, wall time: 0.022438 s
INFO:p13c.p13c_itail_slothy_start.split.490_528:Booleans in result: 79
INFO:p13c.p13c_itail_slothy_start.split.490_528.selfcheck:OK!
WARNING:p13c:LLVM (llvm-mc, llvm-nm, llvm-readobj) not found, disabling selftest. Consider installing LLVM.
INFO:p13c.p13c_itail_slothy_start.split.490_528:Attempt optimization with max 36 stalls...
INFO:p13c.p13c_itail_slothy_start.split.490_528:Setting timeout of 30 seconds...
INFO:p13c.p13c_itail_slothy_start.split.490_528:Objective: None (any satisfying solution is fine)
INFO:p13c.p13c_itail_slothy_start.split.490_528:Invoking external constraint solver (OR-Tools CP-SAT v9.15.6755) ...
INFO:p13c.p13c_itail_slothy_start.split.490_528:INFEASIBLE, wall time: 0.009489 s
INFO:p13c.p13c_itail_slothy_start.split.490_528:Attempt optimization with max 38 stalls...
INFO:p13c.p13c_itail_slothy_start.split.490_528:Setting timeout of 30 seconds...
INFO:p13c.p13c_itail_slothy_start.split.490_528:Objective: None (any satisfying solution is fine)
INFO:p13c.p13c_itail_slothy_start.split.490_528:Invoking external constraint solver (OR-Tools CP-SAT v9.15.6755) ...
INFO:p13c.p13c_itail_slothy_start.split.490_528:[0.0184s]: Found 1 solutions so far... objective (no objective): currently 0.0, bound 0.0
INFO:p13c.p13c_itail_slothy_start.split.490_528:OPTIMAL, wall time: 0.021398 s
INFO:p13c.p13c_itail_slothy_start.split.490_528:Booleans in result: 84
INFO:p13c.p13c_itail_slothy_start.split.490_528.selfcheck:OK!
WARNING:p13c:LLVM (llvm-mc, llvm-nm, llvm-readobj) not found, disabling selftest. Consider installing LLVM.
INFO:p13c.p13c_itail_slothy_start.split.490_528:Attempt optimization with max 37 stalls...
INFO:p13c.p13c_itail_slothy_start.split.490_528:Setting timeout of 30 seconds...
INFO:p13c.p13c_itail_slothy_start.split.490_528:Objective: None (any satisfying solution is fine)
INFO:p13c.p13c_itail_slothy_start.split.490_528:Invoking external constraint solver (OR-Tools CP-SAT v9.15.6755) ...
INFO:p13c.p13c_itail_slothy_start.split.490_528:INFEASIBLE, wall time: 0.025985 s
INFO:p13c.p13c_itail_slothy_start.split.528_565:Perform external binary search for minimal number of stalls...
INFO:p13c.p13c_itail_slothy_start.split.528_565:Attempt optimization with max 0 stalls...
INFO:p13c.p13c_itail_slothy_start.split.528_565:Setting timeout of 30 seconds...
INFO:p13c.p13c_itail_slothy_start.split.528_565:Objective: None (any satisfying solution is fine)
INFO:p13c.p13c_itail_slothy_start.split.528_565:Invoking external constraint solver (OR-Tools CP-SAT v9.15.6755) ...
INFO:p13c.p13c_itail_slothy_start.split.528_565:INFEASIBLE, wall time: 0.000870 s
INFO:p13c.p13c_itail_slothy_start.split.528_565:Attempt optimization with max 1 stalls...
INFO:p13c.p13c_itail_slothy_start.split.528_565:Setting timeout of 30 seconds...
INFO:p13c.p13c_itail_slothy_start.split.528_565:Objective: None (any satisfying solution is fine)
INFO:p13c.p13c_itail_slothy_start.split.528_565:Invoking external constraint solver (OR-Tools CP-SAT v9.15.6755) ...
INFO:p13c.p13c_itail_slothy_start.split.528_565:INFEASIBLE, wall time: 0.001052 s
INFO:p13c.p13c_itail_slothy_start.split.528_565:Attempt optimization with max 2 stalls...
INFO:p13c.p13c_itail_slothy_start.split.528_565:Setting timeout of 30 seconds...
INFO:p13c.p13c_itail_slothy_start.split.528_565:Objective: None (any satisfying solution is fine)
INFO:p13c.p13c_itail_slothy_start.split.528_565:Invoking external constraint solver (OR-Tools CP-SAT v9.15.6755) ...
INFO:p13c.p13c_itail_slothy_start.split.528_565:INFEASIBLE, wall time: 0.000920 s
INFO:p13c.p13c_itail_slothy_start.split.528_565:Attempt optimization with max 4 stalls...
INFO:p13c.p13c_itail_slothy_start.split.528_565:Setting timeout of 30 seconds...
INFO:p13c.p13c_itail_slothy_start.split.528_565:Objective: None (any satisfying solution is fine)
INFO:p13c.p13c_itail_slothy_start.split.528_565:Invoking external constraint solver (OR-Tools CP-SAT v9.15.6755) ...
INFO:p13c.p13c_itail_slothy_start.split.528_565:INFEASIBLE, wall time: 0.001015 s
INFO:p13c.p13c_itail_slothy_start.split.528_565:Attempt optimization with max 8 stalls...
INFO:p13c.p13c_itail_slothy_start.split.528_565:Setting timeout of 30 seconds...
INFO:p13c.p13c_itail_slothy_start.split.528_565:Objective: None (any satisfying solution is fine)
INFO:p13c.p13c_itail_slothy_start.split.528_565:Invoking external constraint solver (OR-Tools CP-SAT v9.15.6755) ...
INFO:p13c.p13c_itail_slothy_start.split.528_565:INFEASIBLE, wall time: 0.000972 s
INFO:p13c.p13c_itail_slothy_start.split.528_565:Attempt optimization with max 16 stalls...
INFO:p13c.p13c_itail_slothy_start.split.528_565:Setting timeout of 30 seconds...
INFO:p13c.p13c_itail_slothy_start.split.528_565:Objective: None (any satisfying solution is fine)
INFO:p13c.p13c_itail_slothy_start.split.528_565:Invoking external constraint solver (OR-Tools CP-SAT v9.15.6755) ...
INFO:p13c.p13c_itail_slothy_start.split.528_565:INFEASIBLE, wall time: 0.002414 s
INFO:p13c.p13c_itail_slothy_start.split.528_565:Attempt optimization with max 32 stalls...
INFO:p13c.p13c_itail_slothy_start.split.528_565:Setting timeout of 30 seconds...
INFO:p13c.p13c_itail_slothy_start.split.528_565:Objective: None (any satisfying solution is fine)
INFO:p13c.p13c_itail_slothy_start.split.528_565:Invoking external constraint solver (OR-Tools CP-SAT v9.15.6755) ...
INFO:p13c.p13c_itail_slothy_start.split.528_565:INFEASIBLE, wall time: 0.003394 s
INFO:p13c.p13c_itail_slothy_start.split.528_565:Attempt optimization with max 64 stalls...
INFO:p13c.p13c_itail_slothy_start.split.528_565:Setting timeout of 30 seconds...
INFO:p13c.p13c_itail_slothy_start.split.528_565:Objective: None (any satisfying solution is fine)
INFO:p13c.p13c_itail_slothy_start.split.528_565:Invoking external constraint solver (OR-Tools CP-SAT v9.15.6755) ...
INFO:p13c.p13c_itail_slothy_start.split.528_565:[0.0248s]: Found 1 solutions so far... objective (no objective): currently 0.0, bound 0.0
INFO:p13c.p13c_itail_slothy_start.split.528_565:OPTIMAL, wall time: 0.028999 s
INFO:p13c.p13c_itail_slothy_start.split.528_565:Booleans in result: 19
INFO:p13c.p13c_itail_slothy_start.split.528_565.selfcheck:OK!
WARNING:p13c:LLVM (llvm-mc, llvm-nm, llvm-readobj) not found, disabling selftest. Consider installing LLVM.
INFO:p13c.p13c_itail_slothy_start.split.528_565:Attempt optimization with max 48 stalls...
INFO:p13c.p13c_itail_slothy_start.split.528_565:Setting timeout of 30 seconds...
INFO:p13c.p13c_itail_slothy_start.split.528_565:Objective: None (any satisfying solution is fine)
INFO:p13c.p13c_itail_slothy_start.split.528_565:Invoking external constraint solver (OR-Tools CP-SAT v9.15.6755) ...
INFO:p13c.p13c_itail_slothy_start.split.528_565:[0.0208s]: Found 1 solutions so far... objective (no objective): currently 0.0, bound 0.0
INFO:p13c.p13c_itail_slothy_start.split.528_565:[0.0212s]: Found 2 solutions so far... objective (no objective): currently 0.0, bound 0.0
INFO:p13c.p13c_itail_slothy_start.split.528_565:OPTIMAL, wall time: 0.024634 s
INFO:p13c.p13c_itail_slothy_start.split.528_565:Booleans in result: 87
INFO:p13c.p13c_itail_slothy_start.split.528_565.selfcheck:OK!
WARNING:p13c:LLVM (llvm-mc, llvm-nm, llvm-readobj) not found, disabling selftest. Consider installing LLVM.
INFO:p13c.p13c_itail_slothy_start.split.528_565:Attempt optimization with max 40 stalls...
INFO:p13c.p13c_itail_slothy_start.split.528_565:Setting timeout of 30 seconds...
INFO:p13c.p13c_itail_slothy_start.split.528_565:Objective: None (any satisfying solution is fine)
INFO:p13c.p13c_itail_slothy_start.split.528_565:Invoking external constraint solver (OR-Tools CP-SAT v9.15.6755) ...
INFO:p13c.p13c_itail_slothy_start.split.528_565:INFEASIBLE, wall time: 0.009709 s
INFO:p13c.p13c_itail_slothy_start.split.528_565:Attempt optimization with max 44 stalls...
INFO:p13c.p13c_itail_slothy_start.split.528_565:Setting timeout of 30 seconds...
INFO:p13c.p13c_itail_slothy_start.split.528_565:Objective: None (any satisfying solution is fine)
INFO:p13c.p13c_itail_slothy_start.split.528_565:Invoking external constraint solver (OR-Tools CP-SAT v9.15.6755) ...
INFO:p13c.p13c_itail_slothy_start.split.528_565:INFEASIBLE, wall time: 0.011190 s
INFO:p13c.p13c_itail_slothy_start.split.528_565:Attempt optimization with max 46 stalls...
INFO:p13c.p13c_itail_slothy_start.split.528_565:Setting timeout of 30 seconds...
INFO:p13c.p13c_itail_slothy_start.split.528_565:Objective: None (any satisfying solution is fine)
INFO:p13c.p13c_itail_slothy_start.split.528_565:Invoking external constraint solver (OR-Tools CP-SAT v9.15.6755) ...
INFO:p13c.p13c_itail_slothy_start.split.528_565:INFEASIBLE, wall time: 0.022714 s
INFO:p13c.p13c_itail_slothy_start.split.528_565:Attempt optimization with max 47 stalls...
INFO:p13c.p13c_itail_slothy_start.split.528_565:Setting timeout of 30 seconds...
INFO:p13c.p13c_itail_slothy_start.split.528_565:Objective: None (any satisfying solution is fine)
INFO:p13c.p13c_itail_slothy_start.split.528_565:Invoking external constraint solver (OR-Tools CP-SAT v9.15.6755) ...
INFO:p13c.p13c_itail_slothy_start.split.528_565:INFEASIBLE, wall time: 0.027822 s
INFO:p13c.p13c_itail_slothy_start.split.565_603:Perform external binary search for minimal number of stalls...
INFO:p13c.p13c_itail_slothy_start.split.565_603:Attempt optimization with max 0 stalls...
INFO:p13c.p13c_itail_slothy_start.split.565_603:Setting timeout of 30 seconds...
INFO:p13c.p13c_itail_slothy_start.split.565_603:Objective: None (any satisfying solution is fine)
INFO:p13c.p13c_itail_slothy_start.split.565_603:Invoking external constraint solver (OR-Tools CP-SAT v9.15.6755) ...
INFO:p13c.p13c_itail_slothy_start.split.565_603:INFEASIBLE, wall time: 0.000861 s
INFO:p13c.p13c_itail_slothy_start.split.565_603:Attempt optimization with max 1 stalls...
INFO:p13c.p13c_itail_slothy_start.split.565_603:Setting timeout of 30 seconds...
INFO:p13c.p13c_itail_slothy_start.split.565_603:Objective: None (any satisfying solution is fine)
INFO:p13c.p13c_itail_slothy_start.split.565_603:Invoking external constraint solver (OR-Tools CP-SAT v9.15.6755) ...
INFO:p13c.p13c_itail_slothy_start.split.565_603:INFEASIBLE, wall time: 0.000953 s
INFO:p13c.p13c_itail_slothy_start.split.565_603:Attempt optimization with max 2 stalls...
INFO:p13c.p13c_itail_slothy_start.split.565_603:Setting timeout of 30 seconds...
INFO:p13c.p13c_itail_slothy_start.split.565_603:Objective: None (any satisfying solution is fine)
INFO:p13c.p13c_itail_slothy_start.split.565_603:Invoking external constraint solver (OR-Tools CP-SAT v9.15.6755) ...
INFO:p13c.p13c_itail_slothy_start.split.565_603:INFEASIBLE, wall time: 0.001052 s
INFO:p13c.p13c_itail_slothy_start.split.565_603:Attempt optimization with max 4 stalls...
INFO:p13c.p13c_itail_slothy_start.split.565_603:Setting timeout of 30 seconds...
INFO:p13c.p13c_itail_slothy_start.split.565_603:Objective: None (any satisfying solution is fine)
INFO:p13c.p13c_itail_slothy_start.split.565_603:Invoking external constraint solver (OR-Tools CP-SAT v9.15.6755) ...
INFO:p13c.p13c_itail_slothy_start.split.565_603:INFEASIBLE, wall time: 0.001033 s
INFO:p13c.p13c_itail_slothy_start.split.565_603:Attempt optimization with max 8 stalls...
INFO:p13c.p13c_itail_slothy_start.split.565_603:Setting timeout of 30 seconds...
INFO:p13c.p13c_itail_slothy_start.split.565_603:Objective: None (any satisfying solution is fine)
INFO:p13c.p13c_itail_slothy_start.split.565_603:Invoking external constraint solver (OR-Tools CP-SAT v9.15.6755) ...
INFO:p13c.p13c_itail_slothy_start.split.565_603:INFEASIBLE, wall time: 0.000934 s
INFO:p13c.p13c_itail_slothy_start.split.565_603:Attempt optimization with max 16 stalls...
INFO:p13c.p13c_itail_slothy_start.split.565_603:Setting timeout of 30 seconds...
INFO:p13c.p13c_itail_slothy_start.split.565_603:Objective: None (any satisfying solution is fine)
INFO:p13c.p13c_itail_slothy_start.split.565_603:Invoking external constraint solver (OR-Tools CP-SAT v9.15.6755) ...
INFO:p13c.p13c_itail_slothy_start.split.565_603:INFEASIBLE, wall time: 0.002244 s
INFO:p13c.p13c_itail_slothy_start.split.565_603:Attempt optimization with max 32 stalls...
INFO:p13c.p13c_itail_slothy_start.split.565_603:Setting timeout of 30 seconds...
INFO:p13c.p13c_itail_slothy_start.split.565_603:Objective: None (any satisfying solution is fine)
INFO:p13c.p13c_itail_slothy_start.split.565_603:Invoking external constraint solver (OR-Tools CP-SAT v9.15.6755) ...
INFO:p13c.p13c_itail_slothy_start.split.565_603:INFEASIBLE, wall time: 0.005072 s
INFO:p13c.p13c_itail_slothy_start.split.565_603:Attempt optimization with max 64 stalls...
INFO:p13c.p13c_itail_slothy_start.split.565_603:Setting timeout of 30 seconds...
INFO:p13c.p13c_itail_slothy_start.split.565_603:Objective: None (any satisfying solution is fine)
INFO:p13c.p13c_itail_slothy_start.split.565_603:Invoking external constraint solver (OR-Tools CP-SAT v9.15.6755) ...
INFO:p13c.p13c_itail_slothy_start.split.565_603:[0.0293s]: Found 1 solutions so far... objective (no objective): currently 0.0, bound 0.0
INFO:p13c.p13c_itail_slothy_start.split.565_603:[0.0296s]: Found 2 solutions so far... objective (no objective): currently 0.0, bound 0.0
INFO:p13c.p13c_itail_slothy_start.split.565_603:OPTIMAL, wall time: 0.032234 s
INFO:p13c.p13c_itail_slothy_start.split.565_603:Booleans in result: 78
INFO:p13c.p13c_itail_slothy_start.split.565_603.selfcheck:OK!
WARNING:p13c:LLVM (llvm-mc, llvm-nm, llvm-readobj) not found, disabling selftest. Consider installing LLVM.
INFO:p13c.p13c_itail_slothy_start.split.565_603:Attempt optimization with max 48 stalls...
INFO:p13c.p13c_itail_slothy_start.split.565_603:Setting timeout of 30 seconds...
INFO:p13c.p13c_itail_slothy_start.split.565_603:Objective: None (any satisfying solution is fine)
INFO:p13c.p13c_itail_slothy_start.split.565_603:Invoking external constraint solver (OR-Tools CP-SAT v9.15.6755) ...
INFO:p13c.p13c_itail_slothy_start.split.565_603:[0.0230s]: Found 1 solutions so far... objective (no objective): currently 0.0, bound 0.0
INFO:p13c.p13c_itail_slothy_start.split.565_603:OPTIMAL, wall time: 0.026392 s
INFO:p13c.p13c_itail_slothy_start.split.565_603:Booleans in result: 78
INFO:p13c.p13c_itail_slothy_start.split.565_603.selfcheck:OK!
WARNING:p13c:LLVM (llvm-mc, llvm-nm, llvm-readobj) not found, disabling selftest. Consider installing LLVM.
INFO:p13c.p13c_itail_slothy_start.split.565_603:Attempt optimization with max 40 stalls...
INFO:p13c.p13c_itail_slothy_start.split.565_603:Setting timeout of 30 seconds...
INFO:p13c.p13c_itail_slothy_start.split.565_603:Objective: None (any satisfying solution is fine)
INFO:p13c.p13c_itail_slothy_start.split.565_603:Invoking external constraint solver (OR-Tools CP-SAT v9.15.6755) ...
INFO:p13c.p13c_itail_slothy_start.split.565_603:[0.0205s]: Found 1 solutions so far... objective (no objective): currently 0.0, bound 0.0
INFO:p13c.p13c_itail_slothy_start.split.565_603:OPTIMAL, wall time: 0.024106 s
INFO:p13c.p13c_itail_slothy_start.split.565_603:Booleans in result: 20
INFO:p13c.p13c_itail_slothy_start.split.565_603.selfcheck:OK!
WARNING:p13c:LLVM (llvm-mc, llvm-nm, llvm-readobj) not found, disabling selftest. Consider installing LLVM.
INFO:p13c.p13c_itail_slothy_start.split.565_603:Attempt optimization with max 36 stalls...
INFO:p13c.p13c_itail_slothy_start.split.565_603:Setting timeout of 30 seconds...
INFO:p13c.p13c_itail_slothy_start.split.565_603:Objective: None (any satisfying solution is fine)
INFO:p13c.p13c_itail_slothy_start.split.565_603:Invoking external constraint solver (OR-Tools CP-SAT v9.15.6755) ...
INFO:p13c.p13c_itail_slothy_start.split.565_603:INFEASIBLE, wall time: 0.010771 s
INFO:p13c.p13c_itail_slothy_start.split.565_603:Attempt optimization with max 38 stalls...
INFO:p13c.p13c_itail_slothy_start.split.565_603:Setting timeout of 30 seconds...
INFO:p13c.p13c_itail_slothy_start.split.565_603:Objective: None (any satisfying solution is fine)
INFO:p13c.p13c_itail_slothy_start.split.565_603:Invoking external constraint solver (OR-Tools CP-SAT v9.15.6755) ...
INFO:p13c.p13c_itail_slothy_start.split.565_603:INFEASIBLE, wall time: 0.011972 s
INFO:p13c.p13c_itail_slothy_start.split.565_603:Attempt optimization with max 39 stalls...
INFO:p13c.p13c_itail_slothy_start.split.565_603:Setting timeout of 30 seconds...
INFO:p13c.p13c_itail_slothy_start.split.565_603:Objective: None (any satisfying solution is fine)
INFO:p13c.p13c_itail_slothy_start.split.565_603:Invoking external constraint solver (OR-Tools CP-SAT v9.15.6755) ...
INFO:p13c.p13c_itail_slothy_start.split.565_603:INFEASIBLE, wall time: 0.011690 s
INFO:p13c.p13c_itail_slothy_start.split:Initial stalls
INFO:p13c.p13c_itail_slothy_start.split:[  0- 12]: ************................... (12)
INFO:p13c.p13c_itail_slothy_start.split:[ 12- 24]: *******************............ (19)
INFO:p13c.p13c_itail_slothy_start.split:[ 24- 36]: ***********************........ (23)
INFO:p13c.p13c_itail_slothy_start.split:[ 36- 48]: *************************...... (25)
INFO:p13c.p13c_itail_slothy_start.split:[ 48- 60]: **************************..... (26)
INFO:p13c.p13c_itail_slothy_start.split:[ 60- 72]: ***************************.... (27)
INFO:p13c.p13c_itail_slothy_start.split:[ 72- 84]: ****************************... (28)
INFO:p13c.p13c_itail_slothy_start.split:[ 84- 96]: ****************************... (28)
INFO:p13c.p13c_itail_slothy_start.split:[ 96-108]: ****************************... (28)
INFO:p13c.p13c_itail_slothy_start.split:[108-120]: *****************************.. (29)
INFO:p13c.p13c_itail_slothy_start.split:[120-132]: ****************************... (28)
INFO:p13c.p13c_itail_slothy_start.split:[132-144]: ******************************. (30)
INFO:p13c.p13c_itail_slothy_start.split:[144-156]: *****************************.. (29)
INFO:p13c.p13c_itail_slothy_start.split:[156-168]: ****************************... (28)
INFO:p13c.p13c_itail_slothy_start.split:[168-180]: ***************************.... (27)
INFO:p13c.p13c_itail_slothy_start.split:[180-192]: *************************...... (25)
INFO:p13c.p13c_itail_slothy_start.split:[192-205]: **************************..... (26)
INFO:p13c.p13c_itail_slothy_start.split:[205-217]: *************************...... (25)
INFO:p13c.p13c_itail_slothy_start.split:[217-229]: ***************************.... (27)
INFO:p13c.p13c_itail_slothy_start.split:[229-241]: **************************..... (26)
INFO:p13c.p13c_itail_slothy_start.split:[241-253]: ***************************.... (27)
INFO:p13c.p13c_itail_slothy_start.split:[253-265]: ****************************... (28)
INFO:p13c.p13c_itail_slothy_start.split:[265-277]: **************************..... (26)
INFO:p13c.p13c_itail_slothy_start.split:[277-289]: ***************************.... (27)
INFO:p13c.p13c_itail_slothy_start.split:[289-301]: ************************....... (24)
INFO:p13c.p13c_itail_slothy_start.split:[301-313]: **************************..... (26)
INFO:p13c.p13c_itail_slothy_start.split:[313-325]: ************************....... (24)
INFO:p13c.p13c_itail_slothy_start.split:[325-337]: **************************..... (26)
INFO:p13c.p13c_itail_slothy_start.split:[337-349]: ***********************........ (23)
INFO:p13c.p13c_itail_slothy_start.split:[349-361]: *************************...... (25)
INFO:p13c.p13c_itail_slothy_start.split:[361-373]: ************************....... (24)
INFO:p13c.p13c_itail_slothy_start.split:[373-385]: **************************..... (26)
INFO:p13c.p13c_itail_slothy_start.split:[385-397]: ***************************.... (27)
INFO:p13c.p13c_itail_slothy_start.split:[397-410]: ****************************... (28)
INFO:p13c.p13c_itail_slothy_start.split:[410-422]: ****************************... (28)
INFO:p13c.p13c_itail_slothy_start.split:[422-434]: *************************...... (25)
INFO:p13c.p13c_itail_slothy_start.split:[434-446]: ***************************.... (27)
INFO:p13c.p13c_itail_slothy_start.split:[446-458]: *************************...... (25)
INFO:p13c.p13c_itail_slothy_start.split:[458-470]: *****************************.. (29)
INFO:p13c.p13c_itail_slothy_start.split:[470-482]: **************************..... (26)
INFO:p13c.p13c_itail_slothy_start.split:[482-494]: ****************************... (28)
INFO:p13c.p13c_itail_slothy_start.split:[494-506]: ************************....... (24)
INFO:p13c.p13c_itail_slothy_start.split:[506-518]: ***********************........ (23)
INFO:p13c.p13c_itail_slothy_start.split:[518-530]: ***********************........ (23)
INFO:p13c.p13c_itail_slothy_start.split:[530-542]: ***********************........ (23)
INFO:p13c.p13c_itail_slothy_start.split:[542-554]: **************************..... (26)
INFO:p13c.p13c_itail_slothy_start.split:[554-566]: ************************....... (24)
INFO:p13c.p13c_itail_slothy_start.split:[566-578]: ***************************.... (27)
INFO:p13c.p13c_itail_slothy_start.split:[578-590]: ************************....... (24)
INFO:p13c.p13c_itail_slothy_start.split:[590-603]: ******************............. (18)
INFO:p13c.p13c_itail_slothy_start.split.0_38:Perform external binary search for minimal number of stalls...
INFO:p13c.p13c_itail_slothy_start.split.0_38:Attempt optimization with max 0 stalls...
INFO:p13c.p13c_itail_slothy_start.split.0_38:Setting timeout of 30 seconds...
INFO:p13c.p13c_itail_slothy_start.split.0_38:Objective: None (any satisfying solution is fine)
INFO:p13c.p13c_itail_slothy_start.split.0_38:Invoking external constraint solver (OR-Tools CP-SAT v9.15.6755) ...
INFO:p13c.p13c_itail_slothy_start.split.0_38:INFEASIBLE, wall time: 0.005404 s
INFO:p13c.p13c_itail_slothy_start.split.0_38:Attempt optimization with max 1 stalls...
INFO:p13c.p13c_itail_slothy_start.split.0_38:Setting timeout of 30 seconds...
INFO:p13c.p13c_itail_slothy_start.split.0_38:Objective: None (any satisfying solution is fine)
INFO:p13c.p13c_itail_slothy_start.split.0_38:Invoking external constraint solver (OR-Tools CP-SAT v9.15.6755) ...
INFO:p13c.p13c_itail_slothy_start.split.0_38:INFEASIBLE, wall time: 0.006787 s
INFO:p13c.p13c_itail_slothy_start.split.0_38:Attempt optimization with max 2 stalls...
INFO:p13c.p13c_itail_slothy_start.split.0_38:Setting timeout of 30 seconds...
INFO:p13c.p13c_itail_slothy_start.split.0_38:Objective: None (any satisfying solution is fine)
INFO:p13c.p13c_itail_slothy_start.split.0_38:Invoking external constraint solver (OR-Tools CP-SAT v9.15.6755) ...
INFO:p13c.p13c_itail_slothy_start.split.0_38:INFEASIBLE, wall time: 0.008497 s
INFO:p13c.p13c_itail_slothy_start.split.0_38:Attempt optimization with max 4 stalls...
INFO:p13c.p13c_itail_slothy_start.split.0_38:Setting timeout of 30 seconds...
INFO:p13c.p13c_itail_slothy_start.split.0_38:Objective: None (any satisfying solution is fine)
INFO:p13c.p13c_itail_slothy_start.split.0_38:Invoking external constraint solver (OR-Tools CP-SAT v9.15.6755) ...
INFO:p13c.p13c_itail_slothy_start.split.0_38:INFEASIBLE, wall time: 0.171819 s
INFO:p13c.p13c_itail_slothy_start.split.0_38:Attempt optimization with max 8 stalls...
INFO:p13c.p13c_itail_slothy_start.split.0_38:Setting timeout of 30 seconds...
INFO:p13c.p13c_itail_slothy_start.split.0_38:Objective: None (any satisfying solution is fine)
INFO:p13c.p13c_itail_slothy_start.split.0_38:Invoking external constraint solver (OR-Tools CP-SAT v9.15.6755) ...
INFO:p13c.p13c_itail_slothy_start.split.0_38:[0.6065s]: Found 1 solutions so far... objective (no objective): currently 0.0, bound 0.0
INFO:p13c.p13c_itail_slothy_start.split.0_38:OPTIMAL, wall time: 0.612610 s
INFO:p13c.p13c_itail_slothy_start.split.0_38:Booleans in result: 3378
INFO:p13c.p13c_itail_slothy_start.split.0_38.selfcheck:OK!
WARNING:p13c:LLVM (llvm-mc, llvm-nm, llvm-readobj) not found, disabling selftest. Consider installing LLVM.
INFO:p13c.p13c_itail_slothy_start.split.0_38:Attempt optimization with max 6 stalls...
INFO:p13c.p13c_itail_slothy_start.split.0_38:Setting timeout of 30 seconds...
INFO:p13c.p13c_itail_slothy_start.split.0_38:Objective: None (any satisfying solution is fine)
INFO:p13c.p13c_itail_slothy_start.split.0_38:Invoking external constraint solver (OR-Tools CP-SAT v9.15.6755) ...
INFO:p13c.p13c_itail_slothy_start.split.0_38:INFEASIBLE, wall time: 0.333349 s
INFO:p13c.p13c_itail_slothy_start.split.0_38:Attempt optimization with max 7 stalls...
INFO:p13c.p13c_itail_slothy_start.split.0_38:Setting timeout of 30 seconds...
INFO:p13c.p13c_itail_slothy_start.split.0_38:Objective: None (any satisfying solution is fine)
INFO:p13c.p13c_itail_slothy_start.split.0_38:Invoking external constraint solver (OR-Tools CP-SAT v9.15.6755) ...
INFO:p13c.p13c_itail_slothy_start.split.0_38:INFEASIBLE, wall time: 0.385563 s
INFO:p13c.p13c_itail_slothy_start.split:[  0- 12]: *************.................. (13)
INFO:p13c.p13c_itail_slothy_start.split:[ 12- 24]: *******************............ (19)
INFO:p13c.p13c_itail_slothy_start.split:[ 24- 36]: ***********************........ (23)
INFO:p13c.p13c_itail_slothy_start.split:[ 36- 48]: ************************....... (24)
INFO:p13c.p13c_itail_slothy_start.split:[ 48- 60]: **************************..... (26)
INFO:p13c.p13c_itail_slothy_start.split:[ 60- 72]: ***************************.... (27)
INFO:p13c.p13c_itail_slothy_start.split:[ 72- 84]: ****************************... (28)
INFO:p13c.p13c_itail_slothy_start.split:[ 84- 96]: ****************************... (28)
INFO:p13c.p13c_itail_slothy_start.split:[ 96-108]: ****************************... (28)
INFO:p13c.p13c_itail_slothy_start.split:[108-120]: *****************************.. (29)
INFO:p13c.p13c_itail_slothy_start.split:[120-132]: ****************************... (28)
INFO:p13c.p13c_itail_slothy_start.split:[132-144]: ******************************. (30)
INFO:p13c.p13c_itail_slothy_start.split:[144-156]: *****************************.. (29)
INFO:p13c.p13c_itail_slothy_start.split:[156-168]: ****************************... (28)
INFO:p13c.p13c_itail_slothy_start.split:[168-180]: ***************************.... (27)
INFO:p13c.p13c_itail_slothy_start.split:[180-192]: *************************...... (25)
INFO:p13c.p13c_itail_slothy_start.split:[192-205]: **************************..... (26)
INFO:p13c.p13c_itail_slothy_start.split:[205-217]: *************************...... (25)
INFO:p13c.p13c_itail_slothy_start.split:[217-229]: ***************************.... (27)
INFO:p13c.p13c_itail_slothy_start.split:[229-241]: **************************..... (26)
INFO:p13c.p13c_itail_slothy_start.split:[241-253]: ***************************.... (27)
INFO:p13c.p13c_itail_slothy_start.split:[253-265]: ****************************... (28)
INFO:p13c.p13c_itail_slothy_start.split:[265-277]: **************************..... (26)
INFO:p13c.p13c_itail_slothy_start.split:[277-289]: ***************************.... (27)
INFO:p13c.p13c_itail_slothy_start.split:[289-301]: ************************....... (24)
INFO:p13c.p13c_itail_slothy_start.split:[301-313]: **************************..... (26)
INFO:p13c.p13c_itail_slothy_start.split:[313-325]: ************************....... (24)
INFO:p13c.p13c_itail_slothy_start.split:[325-337]: **************************..... (26)
INFO:p13c.p13c_itail_slothy_start.split:[337-349]: ***********************........ (23)
INFO:p13c.p13c_itail_slothy_start.split:[349-361]: *************************...... (25)
INFO:p13c.p13c_itail_slothy_start.split:[361-373]: ************************....... (24)
INFO:p13c.p13c_itail_slothy_start.split:[373-385]: **************************..... (26)
INFO:p13c.p13c_itail_slothy_start.split:[385-397]: ***************************.... (27)
INFO:p13c.p13c_itail_slothy_start.split:[397-410]: ****************************... (28)
INFO:p13c.p13c_itail_slothy_start.split:[410-422]: ****************************... (28)
INFO:p13c.p13c_itail_slothy_start.split:[422-434]: *************************...... (25)
INFO:p13c.p13c_itail_slothy_start.split:[434-446]: ***************************.... (27)
INFO:p13c.p13c_itail_slothy_start.split:[446-458]: *************************...... (25)
INFO:p13c.p13c_itail_slothy_start.split:[458-470]: *****************************.. (29)
INFO:p13c.p13c_itail_slothy_start.split:[470-482]: **************************..... (26)
INFO:p13c.p13c_itail_slothy_start.split:[482-494]: ****************************... (28)
INFO:p13c.p13c_itail_slothy_start.split:[494-506]: ************************....... (24)
INFO:p13c.p13c_itail_slothy_start.split:[506-518]: ***********************........ (23)
INFO:p13c.p13c_itail_slothy_start.split:[518-530]: ***********************........ (23)
INFO:p13c.p13c_itail_slothy_start.split:[530-542]: ***********************........ (23)
INFO:p13c.p13c_itail_slothy_start.split:[542-554]: **************************..... (26)
INFO:p13c.p13c_itail_slothy_start.split:[554-566]: ************************....... (24)
INFO:p13c.p13c_itail_slothy_start.split:[566-578]: ***************************.... (27)
INFO:p13c.p13c_itail_slothy_start.split:[578-590]: ************************....... (24)
INFO:p13c.p13c_itail_slothy_start.split:[590-603]: ******************............. (18)
INFO:p13c.p13c_itail_slothy_start.split.24_62:Perform external binary search for minimal number of stalls...
INFO:p13c.p13c_itail_slothy_start.split.24_62:Attempt optimization with max 0 stalls...
INFO:p13c.p13c_itail_slothy_start.split.24_62:Setting timeout of 30 seconds...
INFO:p13c.p13c_itail_slothy_start.split.24_62:Objective: None (any satisfying solution is fine)
INFO:p13c.p13c_itail_slothy_start.split.24_62:Invoking external constraint solver (OR-Tools CP-SAT v9.15.6755) ...
INFO:p13c.p13c_itail_slothy_start.split.24_62:INFEASIBLE, wall time: 0.000807 s
INFO:p13c.p13c_itail_slothy_start.split.24_62:Attempt optimization with max 1 stalls...
INFO:p13c.p13c_itail_slothy_start.split.24_62:Setting timeout of 30 seconds...
INFO:p13c.p13c_itail_slothy_start.split.24_62:Objective: None (any satisfying solution is fine)
INFO:p13c.p13c_itail_slothy_start.split.24_62:Invoking external constraint solver (OR-Tools CP-SAT v9.15.6755) ...
INFO:p13c.p13c_itail_slothy_start.split.24_62:INFEASIBLE, wall time: 0.000804 s
INFO:p13c.p13c_itail_slothy_start.split.24_62:Attempt optimization with max 2 stalls...
INFO:p13c.p13c_itail_slothy_start.split.24_62:Setting timeout of 30 seconds...
INFO:p13c.p13c_itail_slothy_start.split.24_62:Objective: None (any satisfying solution is fine)
INFO:p13c.p13c_itail_slothy_start.split.24_62:Invoking external constraint solver (OR-Tools CP-SAT v9.15.6755) ...
INFO:p13c.p13c_itail_slothy_start.split.24_62:INFEASIBLE, wall time: 0.000787 s
INFO:p13c.p13c_itail_slothy_start.split.24_62:Attempt optimization with max 4 stalls...
INFO:p13c.p13c_itail_slothy_start.split.24_62:Setting timeout of 30 seconds...
INFO:p13c.p13c_itail_slothy_start.split.24_62:Objective: None (any satisfying solution is fine)
INFO:p13c.p13c_itail_slothy_start.split.24_62:Invoking external constraint solver (OR-Tools CP-SAT v9.15.6755) ...
INFO:p13c.p13c_itail_slothy_start.split.24_62:INFEASIBLE, wall time: 0.000805 s
INFO:p13c.p13c_itail_slothy_start.split.24_62:Attempt optimization with max 8 stalls...
INFO:p13c.p13c_itail_slothy_start.split.24_62:Setting timeout of 30 seconds...
INFO:p13c.p13c_itail_slothy_start.split.24_62:Objective: None (any satisfying solution is fine)
INFO:p13c.p13c_itail_slothy_start.split.24_62:Invoking external constraint solver (OR-Tools CP-SAT v9.15.6755) ...
INFO:p13c.p13c_itail_slothy_start.split.24_62:INFEASIBLE, wall time: 0.008184 s
INFO:p13c.p13c_itail_slothy_start.split.24_62:Attempt optimization with max 16 stalls...
INFO:p13c.p13c_itail_slothy_start.split.24_62:Setting timeout of 30 seconds...
INFO:p13c.p13c_itail_slothy_start.split.24_62:Objective: None (any satisfying solution is fine)
INFO:p13c.p13c_itail_slothy_start.split.24_62:Invoking external constraint solver (OR-Tools CP-SAT v9.15.6755) ...
INFO:p13c.p13c_itail_slothy_start.split.24_62:[0.0458s]: Found 1 solutions so far... objective (no objective): currently 0.0, bound 0.0
INFO:p13c.p13c_itail_slothy_start.split.24_62:OPTIMAL, wall time: 0.049001 s
INFO:p13c.p13c_itail_slothy_start.split.24_62:Booleans in result: 198
INFO:p13c.p13c_itail_slothy_start.split.24_62.selfcheck:OK!
WARNING:p13c:LLVM (llvm-mc, llvm-nm, llvm-readobj) not found, disabling selftest. Consider installing LLVM.
INFO:p13c.p13c_itail_slothy_start.split.24_62:Attempt optimization with max 12 stalls...
INFO:p13c.p13c_itail_slothy_start.split.24_62:Setting timeout of 30 seconds...
INFO:p13c.p13c_itail_slothy_start.split.24_62:Objective: None (any satisfying solution is fine)
INFO:p13c.p13c_itail_slothy_start.split.24_62:Invoking external constraint solver (OR-Tools CP-SAT v9.15.6755) ...
INFO:p13c.p13c_itail_slothy_start.split.24_62:INFEASIBLE, wall time: 0.054697 s
INFO:p13c.p13c_itail_slothy_start.split.24_62:Attempt optimization with max 14 stalls...
INFO:p13c.p13c_itail_slothy_start.split.24_62:Setting timeout of 30 seconds...
INFO:p13c.p13c_itail_slothy_start.split.24_62:Objective: None (any satisfying solution is fine)
INFO:p13c.p13c_itail_slothy_start.split.24_62:Invoking external constraint solver (OR-Tools CP-SAT v9.15.6755) ...
INFO:p13c.p13c_itail_slothy_start.split.24_62:INFEASIBLE, wall time: 1.475602 s
INFO:p13c.p13c_itail_slothy_start.split.24_62:Attempt optimization with max 15 stalls...
INFO:p13c.p13c_itail_slothy_start.split.24_62:Setting timeout of 30 seconds...
INFO:p13c.p13c_itail_slothy_start.split.24_62:Objective: None (any satisfying solution is fine)
INFO:p13c.p13c_itail_slothy_start.split.24_62:Invoking external constraint solver (OR-Tools CP-SAT v9.15.6755) ...
INFO:p13c.p13c_itail_slothy_start.split.24_62:INFEASIBLE, wall time: 1.883869 s
INFO:p13c.p13c_itail_slothy_start.split:[  0- 12]: ***********.................... (11)
INFO:p13c.p13c_itail_slothy_start.split:[ 12- 24]: **************................. (14)
INFO:p13c.p13c_itail_slothy_start.split:[ 24- 36]: ****************............... (16)
INFO:p13c.p13c_itail_slothy_start.split:[ 36- 48]: *****************.............. (17)
INFO:p13c.p13c_itail_slothy_start.split:[ 48- 60]: ************************....... (24)
INFO:p13c.p13c_itail_slothy_start.split:[ 60- 72]: **************************..... (26)
INFO:p13c.p13c_itail_slothy_start.split:[ 72- 84]: ****************************... (28)
INFO:p13c.p13c_itail_slothy_start.split:[ 84- 96]: ****************************... (28)
INFO:p13c.p13c_itail_slothy_start.split:[ 96-108]: ****************************... (28)
INFO:p13c.p13c_itail_slothy_start.split:[108-120]: *****************************.. (29)
INFO:p13c.p13c_itail_slothy_start.split:[120-132]: ****************************... (28)
INFO:p13c.p13c_itail_slothy_start.split:[132-144]: ******************************. (30)
INFO:p13c.p13c_itail_slothy_start.split:[144-156]: *****************************.. (29)
INFO:p13c.p13c_itail_slothy_start.split:[156-168]: ****************************... (28)
INFO:p13c.p13c_itail_slothy_start.split:[168-180]: ***************************.... (27)
INFO:p13c.p13c_itail_slothy_start.split:[180-192]: *************************...... (25)
INFO:p13c.p13c_itail_slothy_start.split:[192-205]: **************************..... (26)
INFO:p13c.p13c_itail_slothy_start.split:[205-217]: *************************...... (25)
INFO:p13c.p13c_itail_slothy_start.split:[217-229]: ***************************.... (27)
INFO:p13c.p13c_itail_slothy_start.split:[229-241]: **************************..... (26)
INFO:p13c.p13c_itail_slothy_start.split:[241-253]: ***************************.... (27)
INFO:p13c.p13c_itail_slothy_start.split:[253-265]: ****************************... (28)
INFO:p13c.p13c_itail_slothy_start.split:[265-277]: **************************..... (26)
INFO:p13c.p13c_itail_slothy_start.split:[277-289]: ***************************.... (27)
INFO:p13c.p13c_itail_slothy_start.split:[289-301]: ************************....... (24)
INFO:p13c.p13c_itail_slothy_start.split:[301-313]: **************************..... (26)
INFO:p13c.p13c_itail_slothy_start.split:[313-325]: ************************....... (24)
INFO:p13c.p13c_itail_slothy_start.split:[325-337]: **************************..... (26)
INFO:p13c.p13c_itail_slothy_start.split:[337-349]: ***********************........ (23)
INFO:p13c.p13c_itail_slothy_start.split:[349-361]: *************************...... (25)
INFO:p13c.p13c_itail_slothy_start.split:[361-373]: ************************....... (24)
INFO:p13c.p13c_itail_slothy_start.split:[373-385]: **************************..... (26)
INFO:p13c.p13c_itail_slothy_start.split:[385-397]: ***************************.... (27)
INFO:p13c.p13c_itail_slothy_start.split:[397-410]: ****************************... (28)
INFO:p13c.p13c_itail_slothy_start.split:[410-422]: ****************************... (28)
INFO:p13c.p13c_itail_slothy_start.split:[422-434]: *************************...... (25)
INFO:p13c.p13c_itail_slothy_start.split:[434-446]: ***************************.... (27)
INFO:p13c.p13c_itail_slothy_start.split:[446-458]: *************************...... (25)
INFO:p13c.p13c_itail_slothy_start.split:[458-470]: *****************************.. (29)
INFO:p13c.p13c_itail_slothy_start.split:[470-482]: **************************..... (26)
INFO:p13c.p13c_itail_slothy_start.split:[482-494]: ****************************... (28)
INFO:p13c.p13c_itail_slothy_start.split:[494-506]: ************************....... (24)
INFO:p13c.p13c_itail_slothy_start.split:[506-518]: ***********************........ (23)
INFO:p13c.p13c_itail_slothy_start.split:[518-530]: ***********************........ (23)
INFO:p13c.p13c_itail_slothy_start.split:[530-542]: ***********************........ (23)
INFO:p13c.p13c_itail_slothy_start.split:[542-554]: **************************..... (26)
INFO:p13c.p13c_itail_slothy_start.split:[554-566]: ************************....... (24)
INFO:p13c.p13c_itail_slothy_start.split:[566-578]: ***************************.... (27)
INFO:p13c.p13c_itail_slothy_start.split:[578-590]: ************************....... (24)
INFO:p13c.p13c_itail_slothy_start.split:[590-603]: ******************............. (18)
INFO:p13c.p13c_itail_slothy_start.split.48_86:Perform external binary search for minimal number of stalls...
INFO:p13c.p13c_itail_slothy_start.split.48_86:Attempt optimization with max 0 stalls...
INFO:p13c.p13c_itail_slothy_start.split.48_86:Setting timeout of 30 seconds...
INFO:p13c.p13c_itail_slothy_start.split.48_86:Objective: None (any satisfying solution is fine)
INFO:p13c.p13c_itail_slothy_start.split.48_86:Invoking external constraint solver (OR-Tools CP-SAT v9.15.6755) ...
INFO:p13c.p13c_itail_slothy_start.split.48_86:INFEASIBLE, wall time: 0.000856 s
INFO:p13c.p13c_itail_slothy_start.split.48_86:Attempt optimization with max 1 stalls...
INFO:p13c.p13c_itail_slothy_start.split.48_86:Setting timeout of 30 seconds...
INFO:p13c.p13c_itail_slothy_start.split.48_86:Objective: None (any satisfying solution is fine)
INFO:p13c.p13c_itail_slothy_start.split.48_86:Invoking external constraint solver (OR-Tools CP-SAT v9.15.6755) ...
INFO:p13c.p13c_itail_slothy_start.split.48_86:INFEASIBLE, wall time: 0.000871 s
INFO:p13c.p13c_itail_slothy_start.split.48_86:Attempt optimization with max 2 stalls...
INFO:p13c.p13c_itail_slothy_start.split.48_86:Setting timeout of 30 seconds...
INFO:p13c.p13c_itail_slothy_start.split.48_86:Objective: None (any satisfying solution is fine)
INFO:p13c.p13c_itail_slothy_start.split.48_86:Invoking external constraint solver (OR-Tools CP-SAT v9.15.6755) ...
INFO:p13c.p13c_itail_slothy_start.split.48_86:INFEASIBLE, wall time: 0.000780 s
INFO:p13c.p13c_itail_slothy_start.split.48_86:Attempt optimization with max 4 stalls...
INFO:p13c.p13c_itail_slothy_start.split.48_86:Setting timeout of 30 seconds...
INFO:p13c.p13c_itail_slothy_start.split.48_86:Objective: None (any satisfying solution is fine)
INFO:p13c.p13c_itail_slothy_start.split.48_86:Invoking external constraint solver (OR-Tools CP-SAT v9.15.6755) ...
INFO:p13c.p13c_itail_slothy_start.split.48_86:INFEASIBLE, wall time: 0.000779 s
INFO:p13c.p13c_itail_slothy_start.split.48_86:Attempt optimization with max 8 stalls...
INFO:p13c.p13c_itail_slothy_start.split.48_86:Setting timeout of 30 seconds...
INFO:p13c.p13c_itail_slothy_start.split.48_86:Objective: None (any satisfying solution is fine)
INFO:p13c.p13c_itail_slothy_start.split.48_86:Invoking external constraint solver (OR-Tools CP-SAT v9.15.6755) ...
INFO:p13c.p13c_itail_slothy_start.split.48_86:INFEASIBLE, wall time: 0.007885 s
INFO:p13c.p13c_itail_slothy_start.split.48_86:Attempt optimization with max 16 stalls...
INFO:p13c.p13c_itail_slothy_start.split.48_86:Setting timeout of 30 seconds...
INFO:p13c.p13c_itail_slothy_start.split.48_86:Objective: None (any satisfying solution is fine)
INFO:p13c.p13c_itail_slothy_start.split.48_86:Invoking external constraint solver (OR-Tools CP-SAT v9.15.6755) ...
INFO:p13c.p13c_itail_slothy_start.split.48_86:INFEASIBLE, wall time: 0.002866 s
INFO:p13c.p13c_itail_slothy_start.split.48_86:Attempt optimization with max 32 stalls...
INFO:p13c.p13c_itail_slothy_start.split.48_86:Setting timeout of 30 seconds...
INFO:p13c.p13c_itail_slothy_start.split.48_86:Objective: None (any satisfying solution is fine)
INFO:p13c.p13c_itail_slothy_start.split.48_86:Invoking external constraint solver (OR-Tools CP-SAT v9.15.6755) ...
INFO:p13c.p13c_itail_slothy_start.split.48_86:[0.0176s]: Found 1 solutions so far... objective (no objective): currently 0.0, bound 0.0
INFO:p13c.p13c_itail_slothy_start.split.48_86:OPTIMAL, wall time: 0.020937 s
INFO:p13c.p13c_itail_slothy_start.split.48_86:Booleans in result: 143
INFO:p13c.p13c_itail_slothy_start.split.48_86.selfcheck:OK!
WARNING:p13c:LLVM (llvm-mc, llvm-nm, llvm-readobj) not found, disabling selftest. Consider installing LLVM.
INFO:p13c.p13c_itail_slothy_start.split.48_86:Attempt optimization with max 24 stalls...
INFO:p13c.p13c_itail_slothy_start.split.48_86:Setting timeout of 30 seconds...
INFO:p13c.p13c_itail_slothy_start.split.48_86:Objective: None (any satisfying solution is fine)
INFO:p13c.p13c_itail_slothy_start.split.48_86:Invoking external constraint solver (OR-Tools CP-SAT v9.15.6755) ...
INFO:p13c.p13c_itail_slothy_start.split.48_86:[0.0231s]: Found 1 solutions so far... objective (no objective): currently 0.0, bound 0.0
INFO:p13c.p13c_itail_slothy_start.split.48_86:OPTIMAL, wall time: 0.026371 s
INFO:p13c.p13c_itail_slothy_start.split.48_86:Booleans in result: 136
INFO:p13c.p13c_itail_slothy_start.split.48_86.selfcheck:OK!
WARNING:p13c:LLVM (llvm-mc, llvm-nm, llvm-readobj) not found, disabling selftest. Consider installing LLVM.
INFO:p13c.p13c_itail_slothy_start.split.48_86:Attempt optimization with max 20 stalls...
INFO:p13c.p13c_itail_slothy_start.split.48_86:Setting timeout of 30 seconds...
INFO:p13c.p13c_itail_slothy_start.split.48_86:Objective: None (any satisfying solution is fine)
INFO:p13c.p13c_itail_slothy_start.split.48_86:Invoking external constraint solver (OR-Tools CP-SAT v9.15.6755) ...
INFO:p13c.p13c_itail_slothy_start.split.48_86:[0.1955s]: Found 1 solutions so far... objective (no objective): currently 0.0, bound 0.0
INFO:p13c.p13c_itail_slothy_start.split.48_86:OPTIMAL, wall time: 0.200724 s
INFO:p13c.p13c_itail_slothy_start.split.48_86:Booleans in result: 400
INFO:p13c.p13c_itail_slothy_start.split.48_86.selfcheck:OK!
WARNING:p13c:LLVM (llvm-mc, llvm-nm, llvm-readobj) not found, disabling selftest. Consider installing LLVM.
INFO:p13c.p13c_itail_slothy_start.split.48_86:Attempt optimization with max 18 stalls...
INFO:p13c.p13c_itail_slothy_start.split.48_86:Setting timeout of 30 seconds...
INFO:p13c.p13c_itail_slothy_start.split.48_86:Objective: None (any satisfying solution is fine)
INFO:p13c.p13c_itail_slothy_start.split.48_86:Invoking external constraint solver (OR-Tools CP-SAT v9.15.6755) ...
INFO:p13c.p13c_itail_slothy_start.split.48_86:INFEASIBLE, wall time: 0.019853 s
INFO:p13c.p13c_itail_slothy_start.split.48_86:Attempt optimization with max 19 stalls...
INFO:p13c.p13c_itail_slothy_start.split.48_86:Setting timeout of 30 seconds...
INFO:p13c.p13c_itail_slothy_start.split.48_86:Objective: None (any satisfying solution is fine)
INFO:p13c.p13c_itail_slothy_start.split.48_86:Invoking external constraint solver (OR-Tools CP-SAT v9.15.6755) ...
INFO:p13c.p13c_itail_slothy_start.split.48_86:INFEASIBLE, wall time: 0.105023 s
INFO:p13c.p13c_itail_slothy_start.split:[  0- 12]: ***********.................... (11)
INFO:p13c.p13c_itail_slothy_start.split:[ 12- 24]: **************................. (14)
INFO:p13c.p13c_itail_slothy_start.split:[ 24- 36]: ****************............... (16)
INFO:p13c.p13c_itail_slothy_start.split:[ 36- 48]: ****************............... (16)
INFO:p13c.p13c_itail_slothy_start.split:[ 48- 60]: *********************.......... (21)
INFO:p13c.p13c_itail_slothy_start.split:[ 60- 72]: ***********************........ (23)
INFO:p13c.p13c_itail_slothy_start.split:[ 72- 84]: *************************...... (25)
INFO:p13c.p13c_itail_slothy_start.split:[ 84- 96]: ***************************.... (27)
INFO:p13c.p13c_itail_slothy_start.split:[ 96-108]: ***************************.... (27)
INFO:p13c.p13c_itail_slothy_start.split:[108-120]: *****************************.. (29)
INFO:p13c.p13c_itail_slothy_start.split:[120-132]: ****************************... (28)
INFO:p13c.p13c_itail_slothy_start.split:[132-144]: ******************************. (30)
INFO:p13c.p13c_itail_slothy_start.split:[144-156]: *****************************.. (29)
INFO:p13c.p13c_itail_slothy_start.split:[156-168]: ****************************... (28)
INFO:p13c.p13c_itail_slothy_start.split:[168-180]: ***************************.... (27)
INFO:p13c.p13c_itail_slothy_start.split:[180-192]: *************************...... (25)
INFO:p13c.p13c_itail_slothy_start.split:[192-205]: **************************..... (26)
INFO:p13c.p13c_itail_slothy_start.split:[205-217]: *************************...... (25)
INFO:p13c.p13c_itail_slothy_start.split:[217-229]: ***************************.... (27)
INFO:p13c.p13c_itail_slothy_start.split:[229-241]: **************************..... (26)
INFO:p13c.p13c_itail_slothy_start.split:[241-253]: ***************************.... (27)
INFO:p13c.p13c_itail_slothy_start.split:[253-265]: ****************************... (28)
INFO:p13c.p13c_itail_slothy_start.split:[265-277]: **************************..... (26)
INFO:p13c.p13c_itail_slothy_start.split:[277-289]: ***************************.... (27)
INFO:p13c.p13c_itail_slothy_start.split:[289-301]: ************************....... (24)
INFO:p13c.p13c_itail_slothy_start.split:[301-313]: **************************..... (26)
INFO:p13c.p13c_itail_slothy_start.split:[313-325]: ************************....... (24)
INFO:p13c.p13c_itail_slothy_start.split:[325-337]: **************************..... (26)
INFO:p13c.p13c_itail_slothy_start.split:[337-349]: ***********************........ (23)
INFO:p13c.p13c_itail_slothy_start.split:[349-361]: *************************...... (25)
INFO:p13c.p13c_itail_slothy_start.split:[361-373]: ************************....... (24)
INFO:p13c.p13c_itail_slothy_start.split:[373-385]: **************************..... (26)
INFO:p13c.p13c_itail_slothy_start.split:[385-397]: ***************************.... (27)
INFO:p13c.p13c_itail_slothy_start.split:[397-410]: ****************************... (28)
INFO:p13c.p13c_itail_slothy_start.split:[410-422]: ****************************... (28)
INFO:p13c.p13c_itail_slothy_start.split:[422-434]: *************************...... (25)
INFO:p13c.p13c_itail_slothy_start.split:[434-446]: ***************************.... (27)
INFO:p13c.p13c_itail_slothy_start.split:[446-458]: *************************...... (25)
INFO:p13c.p13c_itail_slothy_start.split:[458-470]: *****************************.. (29)
INFO:p13c.p13c_itail_slothy_start.split:[470-482]: **************************..... (26)
INFO:p13c.p13c_itail_slothy_start.split:[482-494]: ****************************... (28)
INFO:p13c.p13c_itail_slothy_start.split:[494-506]: ************************....... (24)
INFO:p13c.p13c_itail_slothy_start.split:[506-518]: ***********************........ (23)
INFO:p13c.p13c_itail_slothy_start.split:[518-530]: ***********************........ (23)
INFO:p13c.p13c_itail_slothy_start.split:[530-542]: ***********************........ (23)
INFO:p13c.p13c_itail_slothy_start.split:[542-554]: **************************..... (26)
INFO:p13c.p13c_itail_slothy_start.split:[554-566]: ************************....... (24)
INFO:p13c.p13c_itail_slothy_start.split:[566-578]: ***************************.... (27)
INFO:p13c.p13c_itail_slothy_start.split:[578-590]: ************************....... (24)
INFO:p13c.p13c_itail_slothy_start.split:[590-603]: ******************............. (18)
INFO:p13c.p13c_itail_slothy_start.split.72_110:Perform external binary search for minimal number of stalls...
INFO:p13c.p13c_itail_slothy_start.split.72_110:Attempt optimization with max 0 stalls...
INFO:p13c.p13c_itail_slothy_start.split.72_110:Setting timeout of 30 seconds...
INFO:p13c.p13c_itail_slothy_start.split.72_110:Objective: None (any satisfying solution is fine)
INFO:p13c.p13c_itail_slothy_start.split.72_110:Invoking external constraint solver (OR-Tools CP-SAT v9.15.6755) ...
INFO:p13c.p13c_itail_slothy_start.split.72_110:INFEASIBLE, wall time: 0.000831 s
INFO:p13c.p13c_itail_slothy_start.split.72_110:Attempt optimization with max 1 stalls...
INFO:p13c.p13c_itail_slothy_start.split.72_110:Setting timeout of 30 seconds...
INFO:p13c.p13c_itail_slothy_start.split.72_110:Objective: None (any satisfying solution is fine)
INFO:p13c.p13c_itail_slothy_start.split.72_110:Invoking external constraint solver (OR-Tools CP-SAT v9.15.6755) ...
INFO:p13c.p13c_itail_slothy_start.split.72_110:INFEASIBLE, wall time: 0.000965 s
INFO:p13c.p13c_itail_slothy_start.split.72_110:Attempt optimization with max 2 stalls...
INFO:p13c.p13c_itail_slothy_start.split.72_110:Setting timeout of 30 seconds...
INFO:p13c.p13c_itail_slothy_start.split.72_110:Objective: None (any satisfying solution is fine)
INFO:p13c.p13c_itail_slothy_start.split.72_110:Invoking external constraint solver (OR-Tools CP-SAT v9.15.6755) ...
INFO:p13c.p13c_itail_slothy_start.split.72_110:INFEASIBLE, wall time: 0.000869 s
INFO:p13c.p13c_itail_slothy_start.split.72_110:Attempt optimization with max 4 stalls...
INFO:p13c.p13c_itail_slothy_start.split.72_110:Setting timeout of 30 seconds...
INFO:p13c.p13c_itail_slothy_start.split.72_110:Objective: None (any satisfying solution is fine)
INFO:p13c.p13c_itail_slothy_start.split.72_110:Invoking external constraint solver (OR-Tools CP-SAT v9.15.6755) ...
INFO:p13c.p13c_itail_slothy_start.split.72_110:INFEASIBLE, wall time: 0.006731 s
INFO:p13c.p13c_itail_slothy_start.split.72_110:Attempt optimization with max 8 stalls...
INFO:p13c.p13c_itail_slothy_start.split.72_110:Setting timeout of 30 seconds...
INFO:p13c.p13c_itail_slothy_start.split.72_110:Objective: None (any satisfying solution is fine)
INFO:p13c.p13c_itail_slothy_start.split.72_110:Invoking external constraint solver (OR-Tools CP-SAT v9.15.6755) ...
INFO:p13c.p13c_itail_slothy_start.split.72_110:INFEASIBLE, wall time: 0.007884 s
INFO:p13c.p13c_itail_slothy_start.split.72_110:Attempt optimization with max 16 stalls...
INFO:p13c.p13c_itail_slothy_start.split.72_110:Setting timeout of 30 seconds...
INFO:p13c.p13c_itail_slothy_start.split.72_110:Objective: None (any satisfying solution is fine)
INFO:p13c.p13c_itail_slothy_start.split.72_110:Invoking external constraint solver (OR-Tools CP-SAT v9.15.6755) ...
INFO:p13c.p13c_itail_slothy_start.split.72_110:INFEASIBLE, wall time: 0.003335 s
INFO:p13c.p13c_itail_slothy_start.split.72_110:Attempt optimization with max 32 stalls...
INFO:p13c.p13c_itail_slothy_start.split.72_110:Setting timeout of 30 seconds...
INFO:p13c.p13c_itail_slothy_start.split.72_110:Objective: None (any satisfying solution is fine)
INFO:p13c.p13c_itail_slothy_start.split.72_110:Invoking external constraint solver (OR-Tools CP-SAT v9.15.6755) ...
INFO:p13c.p13c_itail_slothy_start.split.72_110:[0.0138s]: Found 1 solutions so far... objective (no objective): currently 0.0, bound 0.0
INFO:p13c.p13c_itail_slothy_start.split.72_110:OPTIMAL, wall time: 0.016701 s
INFO:p13c.p13c_itail_slothy_start.split.72_110:Booleans in result: 122
INFO:p13c.p13c_itail_slothy_start.split.72_110.selfcheck:OK!
WARNING:p13c:LLVM (llvm-mc, llvm-nm, llvm-readobj) not found, disabling selftest. Consider installing LLVM.
INFO:p13c.p13c_itail_slothy_start.split.72_110:Attempt optimization with max 24 stalls...
INFO:p13c.p13c_itail_slothy_start.split.72_110:Setting timeout of 30 seconds...
INFO:p13c.p13c_itail_slothy_start.split.72_110:Objective: None (any satisfying solution is fine)
INFO:p13c.p13c_itail_slothy_start.split.72_110:Invoking external constraint solver (OR-Tools CP-SAT v9.15.6755) ...
INFO:p13c.p13c_itail_slothy_start.split.72_110:[0.0112s]: Found 1 solutions so far... objective (no objective): currently 0.0, bound 0.0
INFO:p13c.p13c_itail_slothy_start.split.72_110:OPTIMAL, wall time: 0.014599 s
INFO:p13c.p13c_itail_slothy_start.split.72_110:Booleans in result: 21
INFO:p13c.p13c_itail_slothy_start.split.72_110.selfcheck:OK!
WARNING:p13c:LLVM (llvm-mc, llvm-nm, llvm-readobj) not found, disabling selftest. Consider installing LLVM.
INFO:p13c.p13c_itail_slothy_start.split.72_110:Attempt optimization with max 20 stalls...
INFO:p13c.p13c_itail_slothy_start.split.72_110:Setting timeout of 30 seconds...
INFO:p13c.p13c_itail_slothy_start.split.72_110:Objective: None (any satisfying solution is fine)
INFO:p13c.p13c_itail_slothy_start.split.72_110:Invoking external constraint solver (OR-Tools CP-SAT v9.15.6755) ...
INFO:p13c.p13c_itail_slothy_start.split.72_110:INFEASIBLE, wall time: 0.003747 s
INFO:p13c.p13c_itail_slothy_start.split.72_110:Attempt optimization with max 22 stalls...
INFO:p13c.p13c_itail_slothy_start.split.72_110:Setting timeout of 30 seconds...
INFO:p13c.p13c_itail_slothy_start.split.72_110:Objective: None (any satisfying solution is fine)
INFO:p13c.p13c_itail_slothy_start.split.72_110:Invoking external constraint solver (OR-Tools CP-SAT v9.15.6755) ...
INFO:p13c.p13c_itail_slothy_start.split.72_110:[0.0143s]: Found 1 solutions so far... objective (no objective): currently 0.0, bound 0.0
INFO:p13c.p13c_itail_slothy_start.split.72_110:OPTIMAL, wall time: 0.018590 s
INFO:p13c.p13c_itail_slothy_start.split.72_110:Booleans in result: 136
INFO:p13c.p13c_itail_slothy_start.split.72_110.selfcheck:OK!
WARNING:p13c:LLVM (llvm-mc, llvm-nm, llvm-readobj) not found, disabling selftest. Consider installing LLVM.
INFO:p13c.p13c_itail_slothy_start.split.72_110:Attempt optimization with max 21 stalls...
INFO:p13c.p13c_itail_slothy_start.split.72_110:Setting timeout of 30 seconds...
INFO:p13c.p13c_itail_slothy_start.split.72_110:Objective: None (any satisfying solution is fine)
INFO:p13c.p13c_itail_slothy_start.split.72_110:Invoking external constraint solver (OR-Tools CP-SAT v9.15.6755) ...
INFO:p13c.p13c_itail_slothy_start.split.72_110:[0.0112s]: Found 1 solutions so far... objective (no objective): currently 0.0, bound 0.0
INFO:p13c.p13c_itail_slothy_start.split.72_110:OPTIMAL, wall time: 0.013960 s
INFO:p13c.p13c_itail_slothy_start.split.72_110:Booleans in result: 115
INFO:p13c.p13c_itail_slothy_start.split.72_110.selfcheck:OK!
WARNING:p13c:LLVM (llvm-mc, llvm-nm, llvm-readobj) not found, disabling selftest. Consider installing LLVM.
INFO:p13c.p13c_itail_slothy_start.split:[  0- 12]: ***********.................... (11)
INFO:p13c.p13c_itail_slothy_start.split:[ 12- 24]: **************................. (14)
INFO:p13c.p13c_itail_slothy_start.split:[ 24- 36]: ****************............... (16)
INFO:p13c.p13c_itail_slothy_start.split:[ 36- 48]: ****************............... (16)
INFO:p13c.p13c_itail_slothy_start.split:[ 48- 60]: *********************.......... (21)
INFO:p13c.p13c_itail_slothy_start.split:[ 60- 72]: ***********************........ (23)
INFO:p13c.p13c_itail_slothy_start.split:[ 72- 84]: ************************....... (24)
INFO:p13c.p13c_itail_slothy_start.split:[ 84- 96]: *************************...... (25)
INFO:p13c.p13c_itail_slothy_start.split:[ 96-108]: *************************...... (25)
INFO:p13c.p13c_itail_slothy_start.split:[108-120]: ***************************.... (27)
INFO:p13c.p13c_itail_slothy_start.split:[120-132]: ****************************... (28)
INFO:p13c.p13c_itail_slothy_start.split:[132-144]: ******************************. (30)
INFO:p13c.p13c_itail_slothy_start.split:[144-156]: *****************************.. (29)
INFO:p13c.p13c_itail_slothy_start.split:[156-168]: ****************************... (28)
INFO:p13c.p13c_itail_slothy_start.split:[168-180]: ***************************.... (27)
INFO:p13c.p13c_itail_slothy_start.split:[180-192]: *************************...... (25)
INFO:p13c.p13c_itail_slothy_start.split:[192-205]: **************************..... (26)
INFO:p13c.p13c_itail_slothy_start.split:[205-217]: *************************...... (25)
INFO:p13c.p13c_itail_slothy_start.split:[217-229]: ***************************.... (27)
INFO:p13c.p13c_itail_slothy_start.split:[229-241]: **************************..... (26)
INFO:p13c.p13c_itail_slothy_start.split:[241-253]: ***************************.... (27)
INFO:p13c.p13c_itail_slothy_start.split:[253-265]: ****************************... (28)
INFO:p13c.p13c_itail_slothy_start.split:[265-277]: **************************..... (26)
INFO:p13c.p13c_itail_slothy_start.split:[277-289]: ***************************.... (27)
INFO:p13c.p13c_itail_slothy_start.split:[289-301]: ************************....... (24)
INFO:p13c.p13c_itail_slothy_start.split:[301-313]: **************************..... (26)
INFO:p13c.p13c_itail_slothy_start.split:[313-325]: ************************....... (24)
INFO:p13c.p13c_itail_slothy_start.split:[325-337]: **************************..... (26)
INFO:p13c.p13c_itail_slothy_start.split:[337-349]: ***********************........ (23)
INFO:p13c.p13c_itail_slothy_start.split:[349-361]: *************************...... (25)
INFO:p13c.p13c_itail_slothy_start.split:[361-373]: ************************....... (24)
INFO:p13c.p13c_itail_slothy_start.split:[373-385]: **************************..... (26)
INFO:p13c.p13c_itail_slothy_start.split:[385-397]: ***************************.... (27)
INFO:p13c.p13c_itail_slothy_start.split:[397-410]: ****************************... (28)
INFO:p13c.p13c_itail_slothy_start.split:[410-422]: ****************************... (28)
INFO:p13c.p13c_itail_slothy_start.split:[422-434]: *************************...... (25)
INFO:p13c.p13c_itail_slothy_start.split:[434-446]: ***************************.... (27)
INFO:p13c.p13c_itail_slothy_start.split:[446-458]: *************************...... (25)
INFO:p13c.p13c_itail_slothy_start.split:[458-470]: *****************************.. (29)
INFO:p13c.p13c_itail_slothy_start.split:[470-482]: **************************..... (26)
INFO:p13c.p13c_itail_slothy_start.split:[482-494]: ****************************... (28)
INFO:p13c.p13c_itail_slothy_start.split:[494-506]: ************************....... (24)
INFO:p13c.p13c_itail_slothy_start.split:[506-518]: ***********************........ (23)
INFO:p13c.p13c_itail_slothy_start.split:[518-530]: ***********************........ (23)
INFO:p13c.p13c_itail_slothy_start.split:[530-542]: ***********************........ (23)
INFO:p13c.p13c_itail_slothy_start.split:[542-554]: **************************..... (26)
INFO:p13c.p13c_itail_slothy_start.split:[554-566]: ************************....... (24)
INFO:p13c.p13c_itail_slothy_start.split:[566-578]: ***************************.... (27)
INFO:p13c.p13c_itail_slothy_start.split:[578-590]: ************************....... (24)
INFO:p13c.p13c_itail_slothy_start.split:[590-603]: ******************............. (18)
INFO:p13c.p13c_itail_slothy_start.split.96_134:Perform external binary search for minimal number of stalls...
INFO:p13c.p13c_itail_slothy_start.split.96_134:Attempt optimization with max 0 stalls...
INFO:p13c.p13c_itail_slothy_start.split.96_134:Setting timeout of 30 seconds...
INFO:p13c.p13c_itail_slothy_start.split.96_134:Objective: None (any satisfying solution is fine)
INFO:p13c.p13c_itail_slothy_start.split.96_134:Invoking external constraint solver (OR-Tools CP-SAT v9.15.6755) ...
INFO:p13c.p13c_itail_slothy_start.split.96_134:INFEASIBLE, wall time: 0.000835 s
INFO:p13c.p13c_itail_slothy_start.split.96_134:Attempt optimization with max 1 stalls...
INFO:p13c.p13c_itail_slothy_start.split.96_134:Setting timeout of 30 seconds...
INFO:p13c.p13c_itail_slothy_start.split.96_134:Objective: None (any satisfying solution is fine)
INFO:p13c.p13c_itail_slothy_start.split.96_134:Invoking external constraint solver (OR-Tools CP-SAT v9.15.6755) ...
INFO:p13c.p13c_itail_slothy_start.split.96_134:INFEASIBLE, wall time: 0.000958 s
INFO:p13c.p13c_itail_slothy_start.split.96_134:Attempt optimization with max 2 stalls...
INFO:p13c.p13c_itail_slothy_start.split.96_134:Setting timeout of 30 seconds...
INFO:p13c.p13c_itail_slothy_start.split.96_134:Objective: None (any satisfying solution is fine)
INFO:p13c.p13c_itail_slothy_start.split.96_134:Invoking external constraint solver (OR-Tools CP-SAT v9.15.6755) ...
INFO:p13c.p13c_itail_slothy_start.split.96_134:INFEASIBLE, wall time: 0.001015 s
INFO:p13c.p13c_itail_slothy_start.split.96_134:Attempt optimization with max 4 stalls...
INFO:p13c.p13c_itail_slothy_start.split.96_134:Setting timeout of 30 seconds...
INFO:p13c.p13c_itail_slothy_start.split.96_134:Objective: None (any satisfying solution is fine)
INFO:p13c.p13c_itail_slothy_start.split.96_134:Invoking external constraint solver (OR-Tools CP-SAT v9.15.6755) ...
INFO:p13c.p13c_itail_slothy_start.split.96_134:INFEASIBLE, wall time: 0.000836 s
INFO:p13c.p13c_itail_slothy_start.split.96_134:Attempt optimization with max 8 stalls...
INFO:p13c.p13c_itail_slothy_start.split.96_134:Setting timeout of 30 seconds...
INFO:p13c.p13c_itail_slothy_start.split.96_134:Objective: None (any satisfying solution is fine)
INFO:p13c.p13c_itail_slothy_start.split.96_134:Invoking external constraint solver (OR-Tools CP-SAT v9.15.6755) ...
INFO:p13c.p13c_itail_slothy_start.split.96_134:INFEASIBLE, wall time: 0.007534 s
INFO:p13c.p13c_itail_slothy_start.split.96_134:Attempt optimization with max 16 stalls...
INFO:p13c.p13c_itail_slothy_start.split.96_134:Setting timeout of 30 seconds...
INFO:p13c.p13c_itail_slothy_start.split.96_134:Objective: None (any satisfying solution is fine)
INFO:p13c.p13c_itail_slothy_start.split.96_134:Invoking external constraint solver (OR-Tools CP-SAT v9.15.6755) ...
INFO:p13c.p13c_itail_slothy_start.split.96_134:INFEASIBLE, wall time: 0.002791 s
INFO:p13c.p13c_itail_slothy_start.split.96_134:Attempt optimization with max 32 stalls...
INFO:p13c.p13c_itail_slothy_start.split.96_134:Setting timeout of 30 seconds...
INFO:p13c.p13c_itail_slothy_start.split.96_134:Objective: None (any satisfying solution is fine)
INFO:p13c.p13c_itail_slothy_start.split.96_134:Invoking external constraint solver (OR-Tools CP-SAT v9.15.6755) ...
INFO:p13c.p13c_itail_slothy_start.split.96_134:[0.0111s]: Found 1 solutions so far... objective (no objective): currently 0.0, bound 0.0
INFO:p13c.p13c_itail_slothy_start.split.96_134:OPTIMAL, wall time: 0.014611 s
INFO:p13c.p13c_itail_slothy_start.split.96_134:Booleans in result: 20
INFO:p13c.p13c_itail_slothy_start.split.96_134.selfcheck:OK!
WARNING:p13c:LLVM (llvm-mc, llvm-nm, llvm-readobj) not found, disabling selftest. Consider installing LLVM.
INFO:p13c.p13c_itail_slothy_start.split.96_134:Attempt optimization with max 24 stalls...
INFO:p13c.p13c_itail_slothy_start.split.96_134:Setting timeout of 30 seconds...
INFO:p13c.p13c_itail_slothy_start.split.96_134:Objective: None (any satisfying solution is fine)
INFO:p13c.p13c_itail_slothy_start.split.96_134:Invoking external constraint solver (OR-Tools CP-SAT v9.15.6755) ...
INFO:p13c.p13c_itail_slothy_start.split.96_134:[0.0128s]: Found 1 solutions so far... objective (no objective): currently 0.0, bound 0.0
INFO:p13c.p13c_itail_slothy_start.split.96_134:OPTIMAL, wall time: 0.016590 s
INFO:p13c.p13c_itail_slothy_start.split.96_134:Booleans in result: 84
INFO:p13c.p13c_itail_slothy_start.split.96_134.selfcheck:OK!
WARNING:p13c:LLVM (llvm-mc, llvm-nm, llvm-readobj) not found, disabling selftest. Consider installing LLVM.
INFO:p13c.p13c_itail_slothy_start.split.96_134:Attempt optimization with max 20 stalls...
INFO:p13c.p13c_itail_slothy_start.split.96_134:Setting timeout of 30 seconds...
INFO:p13c.p13c_itail_slothy_start.split.96_134:Objective: None (any satisfying solution is fine)
INFO:p13c.p13c_itail_slothy_start.split.96_134:Invoking external constraint solver (OR-Tools CP-SAT v9.15.6755) ...
INFO:p13c.p13c_itail_slothy_start.split.96_134:INFEASIBLE, wall time: 0.003117 s
INFO:p13c.p13c_itail_slothy_start.split.96_134:Attempt optimization with max 22 stalls...
INFO:p13c.p13c_itail_slothy_start.split.96_134:Setting timeout of 30 seconds...
INFO:p13c.p13c_itail_slothy_start.split.96_134:Objective: None (any satisfying solution is fine)
INFO:p13c.p13c_itail_slothy_start.split.96_134:Invoking external constraint solver (OR-Tools CP-SAT v9.15.6755) ...
INFO:p13c.p13c_itail_slothy_start.split.96_134:INFEASIBLE, wall time: 0.003225 s
INFO:p13c.p13c_itail_slothy_start.split.96_134:Attempt optimization with max 23 stalls...
INFO:p13c.p13c_itail_slothy_start.split.96_134:Setting timeout of 30 seconds...
INFO:p13c.p13c_itail_slothy_start.split.96_134:Objective: None (any satisfying solution is fine)
INFO:p13c.p13c_itail_slothy_start.split.96_134:Invoking external constraint solver (OR-Tools CP-SAT v9.15.6755) ...
INFO:p13c.p13c_itail_slothy_start.split.96_134:[0.0088s]: Found 1 solutions so far... objective (no objective): currently 0.0, bound 0.0
INFO:p13c.p13c_itail_slothy_start.split.96_134:[0.0090s]: Found 2 solutions so far... objective (no objective): currently 0.0, bound 0.0
INFO:p13c.p13c_itail_slothy_start.split.96_134:OPTIMAL, wall time: 0.012091 s
INFO:p13c.p13c_itail_slothy_start.split.96_134:Booleans in result: 64
INFO:p13c.p13c_itail_slothy_start.split.96_134.selfcheck:OK!
WARNING:p13c:LLVM (llvm-mc, llvm-nm, llvm-readobj) not found, disabling selftest. Consider installing LLVM.
INFO:p13c.p13c_itail_slothy_start.split:[  0- 12]: ***********.................... (11)
INFO:p13c.p13c_itail_slothy_start.split:[ 12- 24]: **************................. (14)
INFO:p13c.p13c_itail_slothy_start.split:[ 24- 36]: ****************............... (16)
INFO:p13c.p13c_itail_slothy_start.split:[ 36- 48]: ****************............... (16)
INFO:p13c.p13c_itail_slothy_start.split:[ 48- 60]: *********************.......... (21)
INFO:p13c.p13c_itail_slothy_start.split:[ 60- 72]: ***********************........ (23)
INFO:p13c.p13c_itail_slothy_start.split:[ 72- 84]: ************************....... (24)
INFO:p13c.p13c_itail_slothy_start.split:[ 84- 96]: ************************....... (24)
INFO:p13c.p13c_itail_slothy_start.split:[ 96-108]: ************************....... (24)
INFO:p13c.p13c_itail_slothy_start.split:[108-120]: *************************...... (25)
INFO:p13c.p13c_itail_slothy_start.split:[120-132]: **************************..... (26)
INFO:p13c.p13c_itail_slothy_start.split:[132-144]: *****************************.. (29)
INFO:p13c.p13c_itail_slothy_start.split:[144-156]: *****************************.. (29)
INFO:p13c.p13c_itail_slothy_start.split:[156-168]: ****************************... (28)
INFO:p13c.p13c_itail_slothy_start.split:[168-180]: ***************************.... (27)
INFO:p13c.p13c_itail_slothy_start.split:[180-192]: *************************...... (25)
INFO:p13c.p13c_itail_slothy_start.split:[192-205]: **************************..... (26)
INFO:p13c.p13c_itail_slothy_start.split:[205-217]: *************************...... (25)
INFO:p13c.p13c_itail_slothy_start.split:[217-229]: ***************************.... (27)
INFO:p13c.p13c_itail_slothy_start.split:[229-241]: **************************..... (26)
INFO:p13c.p13c_itail_slothy_start.split:[241-253]: ***************************.... (27)
INFO:p13c.p13c_itail_slothy_start.split:[253-265]: ****************************... (28)
INFO:p13c.p13c_itail_slothy_start.split:[265-277]: **************************..... (26)
INFO:p13c.p13c_itail_slothy_start.split:[277-289]: ***************************.... (27)
INFO:p13c.p13c_itail_slothy_start.split:[289-301]: ************************....... (24)
INFO:p13c.p13c_itail_slothy_start.split:[301-313]: **************************..... (26)
INFO:p13c.p13c_itail_slothy_start.split:[313-325]: ************************....... (24)
INFO:p13c.p13c_itail_slothy_start.split:[325-337]: **************************..... (26)
INFO:p13c.p13c_itail_slothy_start.split:[337-349]: ***********************........ (23)
INFO:p13c.p13c_itail_slothy_start.split:[349-361]: *************************...... (25)
INFO:p13c.p13c_itail_slothy_start.split:[361-373]: ************************....... (24)
INFO:p13c.p13c_itail_slothy_start.split:[373-385]: **************************..... (26)
INFO:p13c.p13c_itail_slothy_start.split:[385-397]: ***************************.... (27)
INFO:p13c.p13c_itail_slothy_start.split:[397-410]: ****************************... (28)
INFO:p13c.p13c_itail_slothy_start.split:[410-422]: ****************************... (28)
INFO:p13c.p13c_itail_slothy_start.split:[422-434]: *************************...... (25)
INFO:p13c.p13c_itail_slothy_start.split:[434-446]: ***************************.... (27)
INFO:p13c.p13c_itail_slothy_start.split:[446-458]: *************************...... (25)
INFO:p13c.p13c_itail_slothy_start.split:[458-470]: *****************************.. (29)
INFO:p13c.p13c_itail_slothy_start.split:[470-482]: **************************..... (26)
INFO:p13c.p13c_itail_slothy_start.split:[482-494]: ****************************... (28)
INFO:p13c.p13c_itail_slothy_start.split:[494-506]: ************************....... (24)
INFO:p13c.p13c_itail_slothy_start.split:[506-518]: ***********************........ (23)
INFO:p13c.p13c_itail_slothy_start.split:[518-530]: ***********************........ (23)
INFO:p13c.p13c_itail_slothy_start.split:[530-542]: ***********************........ (23)
INFO:p13c.p13c_itail_slothy_start.split:[542-554]: **************************..... (26)
INFO:p13c.p13c_itail_slothy_start.split:[554-566]: ************************....... (24)
INFO:p13c.p13c_itail_slothy_start.split:[566-578]: ***************************.... (27)
INFO:p13c.p13c_itail_slothy_start.split:[578-590]: ************************....... (24)
INFO:p13c.p13c_itail_slothy_start.split:[590-603]: ******************............. (18)
INFO:p13c.p13c_itail_slothy_start.split.121_158:Perform external binary search for minimal number of stalls...
INFO:p13c.p13c_itail_slothy_start.split.121_158:Attempt optimization with max 0 stalls...
INFO:p13c.p13c_itail_slothy_start.split.121_158:Setting timeout of 30 seconds...
INFO:p13c.p13c_itail_slothy_start.split.121_158:Objective: None (any satisfying solution is fine)
INFO:p13c.p13c_itail_slothy_start.split.121_158:Invoking external constraint solver (OR-Tools CP-SAT v9.15.6755) ...
INFO:p13c.p13c_itail_slothy_start.split.121_158:INFEASIBLE, wall time: 0.000860 s
INFO:p13c.p13c_itail_slothy_start.split.121_158:Attempt optimization with max 1 stalls...
INFO:p13c.p13c_itail_slothy_start.split.121_158:Setting timeout of 30 seconds...
INFO:p13c.p13c_itail_slothy_start.split.121_158:Objective: None (any satisfying solution is fine)
INFO:p13c.p13c_itail_slothy_start.split.121_158:Invoking external constraint solver (OR-Tools CP-SAT v9.15.6755) ...
INFO:p13c.p13c_itail_slothy_start.split.121_158:INFEASIBLE, wall time: 0.000923 s
INFO:p13c.p13c_itail_slothy_start.split.121_158:Attempt optimization with max 2 stalls...
INFO:p13c.p13c_itail_slothy_start.split.121_158:Setting timeout of 30 seconds...
INFO:p13c.p13c_itail_slothy_start.split.121_158:Objective: None (any satisfying solution is fine)
INFO:p13c.p13c_itail_slothy_start.split.121_158:Invoking external constraint solver (OR-Tools CP-SAT v9.15.6755) ...
INFO:p13c.p13c_itail_slothy_start.split.121_158:INFEASIBLE, wall time: 0.000832 s
INFO:p13c.p13c_itail_slothy_start.split.121_158:Attempt optimization with max 4 stalls...
INFO:p13c.p13c_itail_slothy_start.split.121_158:Setting timeout of 30 seconds...
INFO:p13c.p13c_itail_slothy_start.split.121_158:Objective: None (any satisfying solution is fine)
INFO:p13c.p13c_itail_slothy_start.split.121_158:Invoking external constraint solver (OR-Tools CP-SAT v9.15.6755) ...
INFO:p13c.p13c_itail_slothy_start.split.121_158:INFEASIBLE, wall time: 0.006149 s
INFO:p13c.p13c_itail_slothy_start.split.121_158:Attempt optimization with max 8 stalls...
INFO:p13c.p13c_itail_slothy_start.split.121_158:Setting timeout of 30 seconds...
INFO:p13c.p13c_itail_slothy_start.split.121_158:Objective: None (any satisfying solution is fine)
INFO:p13c.p13c_itail_slothy_start.split.121_158:Invoking external constraint solver (OR-Tools CP-SAT v9.15.6755) ...
INFO:p13c.p13c_itail_slothy_start.split.121_158:INFEASIBLE, wall time: 0.007352 s
INFO:p13c.p13c_itail_slothy_start.split.121_158:Attempt optimization with max 16 stalls...
INFO:p13c.p13c_itail_slothy_start.split.121_158:Setting timeout of 30 seconds...
INFO:p13c.p13c_itail_slothy_start.split.121_158:Objective: None (any satisfying solution is fine)
INFO:p13c.p13c_itail_slothy_start.split.121_158:Invoking external constraint solver (OR-Tools CP-SAT v9.15.6755) ...
INFO:p13c.p13c_itail_slothy_start.split.121_158:INFEASIBLE, wall time: 0.002762 s
INFO:p13c.p13c_itail_slothy_start.split.121_158:Attempt optimization with max 32 stalls...
INFO:p13c.p13c_itail_slothy_start.split.121_158:Setting timeout of 30 seconds...
INFO:p13c.p13c_itail_slothy_start.split.121_158:Objective: None (any satisfying solution is fine)
INFO:p13c.p13c_itail_slothy_start.split.121_158:Invoking external constraint solver (OR-Tools CP-SAT v9.15.6755) ...
INFO:p13c.p13c_itail_slothy_start.split.121_158:[0.0110s]: Found 1 solutions so far... objective (no objective): currently 0.0, bound 0.0
INFO:p13c.p13c_itail_slothy_start.split.121_158:[0.0115s]: Found 2 solutions so far... objective (no objective): currently 0.0, bound 0.0
INFO:p13c.p13c_itail_slothy_start.split.121_158:OPTIMAL, wall time: 0.014412 s
INFO:p13c.p13c_itail_slothy_start.split.121_158:Booleans in result: 82
INFO:p13c.p13c_itail_slothy_start.split.121_158.selfcheck:OK!
WARNING:p13c:LLVM (llvm-mc, llvm-nm, llvm-readobj) not found, disabling selftest. Consider installing LLVM.
INFO:p13c.p13c_itail_slothy_start.split.121_158:Attempt optimization with max 24 stalls...
INFO:p13c.p13c_itail_slothy_start.split.121_158:Setting timeout of 30 seconds...
INFO:p13c.p13c_itail_slothy_start.split.121_158:Objective: None (any satisfying solution is fine)
INFO:p13c.p13c_itail_slothy_start.split.121_158:Invoking external constraint solver (OR-Tools CP-SAT v9.15.6755) ...
INFO:p13c.p13c_itail_slothy_start.split.121_158:INFEASIBLE, wall time: 0.003023 s
INFO:p13c.p13c_itail_slothy_start.split.121_158:Attempt optimization with max 28 stalls...
INFO:p13c.p13c_itail_slothy_start.split.121_158:Setting timeout of 30 seconds...
INFO:p13c.p13c_itail_slothy_start.split.121_158:Objective: None (any satisfying solution is fine)
INFO:p13c.p13c_itail_slothy_start.split.121_158:Invoking external constraint solver (OR-Tools CP-SAT v9.15.6755) ...
INFO:p13c.p13c_itail_slothy_start.split.121_158:[0.0103s]: Found 1 solutions so far... objective (no objective): currently 0.0, bound 0.0
INFO:p13c.p13c_itail_slothy_start.split.121_158:OPTIMAL, wall time: 0.014457 s
INFO:p13c.p13c_itail_slothy_start.split.121_158:Booleans in result: 82
INFO:p13c.p13c_itail_slothy_start.split.121_158.selfcheck:OK!
WARNING:p13c:LLVM (llvm-mc, llvm-nm, llvm-readobj) not found, disabling selftest. Consider installing LLVM.
INFO:p13c.p13c_itail_slothy_start.split.121_158:Attempt optimization with max 26 stalls...
INFO:p13c.p13c_itail_slothy_start.split.121_158:Setting timeout of 30 seconds...
INFO:p13c.p13c_itail_slothy_start.split.121_158:Objective: None (any satisfying solution is fine)
INFO:p13c.p13c_itail_slothy_start.split.121_158:Invoking external constraint solver (OR-Tools CP-SAT v9.15.6755) ...
INFO:p13c.p13c_itail_slothy_start.split.121_158:[0.0140s]: Found 1 solutions so far... objective (no objective): currently 0.0, bound 0.0
INFO:p13c.p13c_itail_slothy_start.split.121_158:OPTIMAL, wall time: 0.017675 s
INFO:p13c.p13c_itail_slothy_start.split.121_158:Booleans in result: 82
INFO:p13c.p13c_itail_slothy_start.split.121_158.selfcheck:OK!
WARNING:p13c:LLVM (llvm-mc, llvm-nm, llvm-readobj) not found, disabling selftest. Consider installing LLVM.
INFO:p13c.p13c_itail_slothy_start.split.121_158:Attempt optimization with max 25 stalls...
INFO:p13c.p13c_itail_slothy_start.split.121_158:Setting timeout of 30 seconds...
INFO:p13c.p13c_itail_slothy_start.split.121_158:Objective: None (any satisfying solution is fine)
INFO:p13c.p13c_itail_slothy_start.split.121_158:Invoking external constraint solver (OR-Tools CP-SAT v9.15.6755) ...
INFO:p13c.p13c_itail_slothy_start.split.121_158:[0.0105s]: Found 1 solutions so far... objective (no objective): currently 0.0, bound 0.0
INFO:p13c.p13c_itail_slothy_start.split.121_158:OPTIMAL, wall time: 0.013677 s
INFO:p13c.p13c_itail_slothy_start.split.121_158:Booleans in result: 0
INFO:p13c.p13c_itail_slothy_start.split.121_158.selfcheck:OK!
WARNING:p13c:LLVM (llvm-mc, llvm-nm, llvm-readobj) not found, disabling selftest. Consider installing LLVM.
INFO:p13c.p13c_itail_slothy_start.split:[  0- 12]: ***********.................... (11)
INFO:p13c.p13c_itail_slothy_start.split:[ 12- 24]: **************................. (14)
INFO:p13c.p13c_itail_slothy_start.split:[ 24- 36]: ****************............... (16)
INFO:p13c.p13c_itail_slothy_start.split:[ 36- 48]: ****************............... (16)
INFO:p13c.p13c_itail_slothy_start.split:[ 48- 60]: *********************.......... (21)
INFO:p13c.p13c_itail_slothy_start.split:[ 60- 72]: ***********************........ (23)
INFO:p13c.p13c_itail_slothy_start.split:[ 72- 84]: ************************....... (24)
INFO:p13c.p13c_itail_slothy_start.split:[ 84- 96]: ************************....... (24)
INFO:p13c.p13c_itail_slothy_start.split:[ 96-108]: ************************....... (24)
INFO:p13c.p13c_itail_slothy_start.split:[108-120]: ************************....... (24)
INFO:p13c.p13c_itail_slothy_start.split:[120-132]: ************************....... (24)
INFO:p13c.p13c_itail_slothy_start.split:[132-144]: *************************...... (25)
INFO:p13c.p13c_itail_slothy_start.split:[144-156]: **************************..... (26)
INFO:p13c.p13c_itail_slothy_start.split:[156-168]: **************************..... (26)
INFO:p13c.p13c_itail_slothy_start.split:[168-180]: ***************************.... (27)
INFO:p13c.p13c_itail_slothy_start.split:[180-192]: *************************...... (25)
INFO:p13c.p13c_itail_slothy_start.split:[192-205]: **************************..... (26)
INFO:p13c.p13c_itail_slothy_start.split:[205-217]: *************************...... (25)
INFO:p13c.p13c_itail_slothy_start.split:[217-229]: ***************************.... (27)
INFO:p13c.p13c_itail_slothy_start.split:[229-241]: **************************..... (26)
INFO:p13c.p13c_itail_slothy_start.split:[241-253]: ***************************.... (27)
INFO:p13c.p13c_itail_slothy_start.split:[253-265]: ****************************... (28)
INFO:p13c.p13c_itail_slothy_start.split:[265-277]: **************************..... (26)
INFO:p13c.p13c_itail_slothy_start.split:[277-289]: ***************************.... (27)
INFO:p13c.p13c_itail_slothy_start.split:[289-301]: ************************....... (24)
INFO:p13c.p13c_itail_slothy_start.split:[301-313]: **************************..... (26)
INFO:p13c.p13c_itail_slothy_start.split:[313-325]: ************************....... (24)
INFO:p13c.p13c_itail_slothy_start.split:[325-337]: **************************..... (26)
INFO:p13c.p13c_itail_slothy_start.split:[337-349]: ***********************........ (23)
INFO:p13c.p13c_itail_slothy_start.split:[349-361]: *************************...... (25)
INFO:p13c.p13c_itail_slothy_start.split:[361-373]: ************************....... (24)
INFO:p13c.p13c_itail_slothy_start.split:[373-385]: **************************..... (26)
INFO:p13c.p13c_itail_slothy_start.split:[385-397]: ***************************.... (27)
INFO:p13c.p13c_itail_slothy_start.split:[397-410]: ****************************... (28)
INFO:p13c.p13c_itail_slothy_start.split:[410-422]: ****************************... (28)
INFO:p13c.p13c_itail_slothy_start.split:[422-434]: *************************...... (25)
INFO:p13c.p13c_itail_slothy_start.split:[434-446]: ***************************.... (27)
INFO:p13c.p13c_itail_slothy_start.split:[446-458]: *************************...... (25)
INFO:p13c.p13c_itail_slothy_start.split:[458-470]: *****************************.. (29)
INFO:p13c.p13c_itail_slothy_start.split:[470-482]: **************************..... (26)
INFO:p13c.p13c_itail_slothy_start.split:[482-494]: ****************************... (28)
INFO:p13c.p13c_itail_slothy_start.split:[494-506]: ************************....... (24)
INFO:p13c.p13c_itail_slothy_start.split:[506-518]: ***********************........ (23)
INFO:p13c.p13c_itail_slothy_start.split:[518-530]: ***********************........ (23)
INFO:p13c.p13c_itail_slothy_start.split:[530-542]: ***********************........ (23)
INFO:p13c.p13c_itail_slothy_start.split:[542-554]: **************************..... (26)
INFO:p13c.p13c_itail_slothy_start.split:[554-566]: ************************....... (24)
INFO:p13c.p13c_itail_slothy_start.split:[566-578]: ***************************.... (27)
INFO:p13c.p13c_itail_slothy_start.split:[578-590]: ************************....... (24)
INFO:p13c.p13c_itail_slothy_start.split:[590-603]: ******************............. (18)
INFO:p13c.p13c_itail_slothy_start.split.145_182:Perform external binary search for minimal number of stalls...
INFO:p13c.p13c_itail_slothy_start.split.145_182:Attempt optimization with max 0 stalls...
INFO:p13c.p13c_itail_slothy_start.split.145_182:Setting timeout of 30 seconds...
INFO:p13c.p13c_itail_slothy_start.split.145_182:Objective: None (any satisfying solution is fine)
INFO:p13c.p13c_itail_slothy_start.split.145_182:Invoking external constraint solver (OR-Tools CP-SAT v9.15.6755) ...
INFO:p13c.p13c_itail_slothy_start.split.145_182:INFEASIBLE, wall time: 0.000913 s
INFO:p13c.p13c_itail_slothy_start.split.145_182:Attempt optimization with max 1 stalls...
INFO:p13c.p13c_itail_slothy_start.split.145_182:Setting timeout of 30 seconds...
INFO:p13c.p13c_itail_slothy_start.split.145_182:Objective: None (any satisfying solution is fine)
INFO:p13c.p13c_itail_slothy_start.split.145_182:Invoking external constraint solver (OR-Tools CP-SAT v9.15.6755) ...
INFO:p13c.p13c_itail_slothy_start.split.145_182:INFEASIBLE, wall time: 0.001517 s
INFO:p13c.p13c_itail_slothy_start.split.145_182:Attempt optimization with max 2 stalls...
INFO:p13c.p13c_itail_slothy_start.split.145_182:Setting timeout of 30 seconds...
INFO:p13c.p13c_itail_slothy_start.split.145_182:Objective: None (any satisfying solution is fine)
INFO:p13c.p13c_itail_slothy_start.split.145_182:Invoking external constraint solver (OR-Tools CP-SAT v9.15.6755) ...
INFO:p13c.p13c_itail_slothy_start.split.145_182:INFEASIBLE, wall time: 0.005873 s
INFO:p13c.p13c_itail_slothy_start.split.145_182:Attempt optimization with max 4 stalls...
INFO:p13c.p13c_itail_slothy_start.split.145_182:Setting timeout of 30 seconds...
INFO:p13c.p13c_itail_slothy_start.split.145_182:Objective: None (any satisfying solution is fine)
INFO:p13c.p13c_itail_slothy_start.split.145_182:Invoking external constraint solver (OR-Tools CP-SAT v9.15.6755) ...
INFO:p13c.p13c_itail_slothy_start.split.145_182:INFEASIBLE, wall time: 0.006725 s
INFO:p13c.p13c_itail_slothy_start.split.145_182:Attempt optimization with max 8 stalls...
INFO:p13c.p13c_itail_slothy_start.split.145_182:Setting timeout of 30 seconds...
INFO:p13c.p13c_itail_slothy_start.split.145_182:Objective: None (any satisfying solution is fine)
INFO:p13c.p13c_itail_slothy_start.split.145_182:Invoking external constraint solver (OR-Tools CP-SAT v9.15.6755) ...
INFO:p13c.p13c_itail_slothy_start.split.145_182:INFEASIBLE, wall time: 0.008092 s
INFO:p13c.p13c_itail_slothy_start.split.145_182:Attempt optimization with max 16 stalls...
INFO:p13c.p13c_itail_slothy_start.split.145_182:Setting timeout of 30 seconds...
INFO:p13c.p13c_itail_slothy_start.split.145_182:Objective: None (any satisfying solution is fine)
INFO:p13c.p13c_itail_slothy_start.split.145_182:Invoking external constraint solver (OR-Tools CP-SAT v9.15.6755) ...
INFO:p13c.p13c_itail_slothy_start.split.145_182:INFEASIBLE, wall time: 0.005472 s
INFO:p13c.p13c_itail_slothy_start.split.145_182:Attempt optimization with max 32 stalls...
INFO:p13c.p13c_itail_slothy_start.split.145_182:Setting timeout of 30 seconds...
INFO:p13c.p13c_itail_slothy_start.split.145_182:Objective: None (any satisfying solution is fine)
INFO:p13c.p13c_itail_slothy_start.split.145_182:Invoking external constraint solver (OR-Tools CP-SAT v9.15.6755) ...
INFO:p13c.p13c_itail_slothy_start.split.145_182:[0.0105s]: Found 1 solutions so far... objective (no objective): currently 0.0, bound 0.0
INFO:p13c.p13c_itail_slothy_start.split.145_182:OPTIMAL, wall time: 0.014143 s
INFO:p13c.p13c_itail_slothy_start.split.145_182:Booleans in result: 87
INFO:p13c.p13c_itail_slothy_start.split.145_182.selfcheck:OK!
WARNING:p13c:LLVM (llvm-mc, llvm-nm, llvm-readobj) not found, disabling selftest. Consider installing LLVM.
INFO:p13c.p13c_itail_slothy_start.split.145_182:Attempt optimization with max 24 stalls...
INFO:p13c.p13c_itail_slothy_start.split.145_182:Setting timeout of 30 seconds...
INFO:p13c.p13c_itail_slothy_start.split.145_182:Objective: None (any satisfying solution is fine)
INFO:p13c.p13c_itail_slothy_start.split.145_182:Invoking external constraint solver (OR-Tools CP-SAT v9.15.6755) ...
INFO:p13c.p13c_itail_slothy_start.split.145_182:[0.0142s]: Found 1 solutions so far... objective (no objective): currently 0.0, bound 0.0
INFO:p13c.p13c_itail_slothy_start.split.145_182:OPTIMAL, wall time: 0.018290 s
INFO:p13c.p13c_itail_slothy_start.split.145_182:Booleans in result: 113
INFO:p13c.p13c_itail_slothy_start.split.145_182.selfcheck:OK!
WARNING:p13c:LLVM (llvm-mc, llvm-nm, llvm-readobj) not found, disabling selftest. Consider installing LLVM.
INFO:p13c.p13c_itail_slothy_start.split.145_182:Attempt optimization with max 20 stalls...
INFO:p13c.p13c_itail_slothy_start.split.145_182:Setting timeout of 30 seconds...
INFO:p13c.p13c_itail_slothy_start.split.145_182:Objective: None (any satisfying solution is fine)
INFO:p13c.p13c_itail_slothy_start.split.145_182:Invoking external constraint solver (OR-Tools CP-SAT v9.15.6755) ...
INFO:p13c.p13c_itail_slothy_start.split.145_182:[0.0236s]: Found 1 solutions so far... objective (no objective): currently 0.0, bound 0.0
INFO:p13c.p13c_itail_slothy_start.split.145_182:OPTIMAL, wall time: 0.026660 s
INFO:p13c.p13c_itail_slothy_start.split.145_182:Booleans in result: 137
INFO:p13c.p13c_itail_slothy_start.split.145_182.selfcheck:OK!
WARNING:p13c:LLVM (llvm-mc, llvm-nm, llvm-readobj) not found, disabling selftest. Consider installing LLVM.
INFO:p13c.p13c_itail_slothy_start.split.145_182:Attempt optimization with max 18 stalls...
INFO:p13c.p13c_itail_slothy_start.split.145_182:Setting timeout of 30 seconds...
INFO:p13c.p13c_itail_slothy_start.split.145_182:Objective: None (any satisfying solution is fine)
INFO:p13c.p13c_itail_slothy_start.split.145_182:Invoking external constraint solver (OR-Tools CP-SAT v9.15.6755) ...
INFO:p13c.p13c_itail_slothy_start.split.145_182:INFEASIBLE, wall time: 0.023531 s
INFO:p13c.p13c_itail_slothy_start.split.145_182:Attempt optimization with max 19 stalls...
INFO:p13c.p13c_itail_slothy_start.split.145_182:Setting timeout of 30 seconds...
INFO:p13c.p13c_itail_slothy_start.split.145_182:Objective: None (any satisfying solution is fine)
INFO:p13c.p13c_itail_slothy_start.split.145_182:Invoking external constraint solver (OR-Tools CP-SAT v9.15.6755) ...
INFO:p13c.p13c_itail_slothy_start.split.145_182:INFEASIBLE, wall time: 0.095669 s
INFO:p13c.p13c_itail_slothy_start.split:[  0- 12]: ***********.................... (11)
INFO:p13c.p13c_itail_slothy_start.split:[ 12- 24]: **************................. (14)
INFO:p13c.p13c_itail_slothy_start.split:[ 24- 36]: ****************............... (16)
INFO:p13c.p13c_itail_slothy_start.split:[ 36- 48]: ****************............... (16)
INFO:p13c.p13c_itail_slothy_start.split:[ 48- 60]: *********************.......... (21)
INFO:p13c.p13c_itail_slothy_start.split:[ 60- 72]: ***********************........ (23)
INFO:p13c.p13c_itail_slothy_start.split:[ 72- 84]: ************************....... (24)
INFO:p13c.p13c_itail_slothy_start.split:[ 84- 96]: ************************....... (24)
INFO:p13c.p13c_itail_slothy_start.split:[ 96-108]: ************************....... (24)
INFO:p13c.p13c_itail_slothy_start.split:[108-120]: ************************....... (24)
INFO:p13c.p13c_itail_slothy_start.split:[120-132]: ***********************........ (23)
INFO:p13c.p13c_itail_slothy_start.split:[132-144]: ************************....... (24)
INFO:p13c.p13c_itail_slothy_start.split:[144-156]: *************************...... (25)
INFO:p13c.p13c_itail_slothy_start.split:[156-168]: ***********************........ (23)
INFO:p13c.p13c_itail_slothy_start.split:[168-180]: ************************....... (24)
INFO:p13c.p13c_itail_slothy_start.split:[180-192]: **********************......... (22)
INFO:p13c.p13c_itail_slothy_start.split:[192-205]: **************************..... (26)
INFO:p13c.p13c_itail_slothy_start.split:[205-217]: *************************...... (25)
INFO:p13c.p13c_itail_slothy_start.split:[217-229]: ***************************.... (27)
INFO:p13c.p13c_itail_slothy_start.split:[229-241]: **************************..... (26)
INFO:p13c.p13c_itail_slothy_start.split:[241-253]: ***************************.... (27)
INFO:p13c.p13c_itail_slothy_start.split:[253-265]: ****************************... (28)
INFO:p13c.p13c_itail_slothy_start.split:[265-277]: **************************..... (26)
INFO:p13c.p13c_itail_slothy_start.split:[277-289]: ***************************.... (27)
INFO:p13c.p13c_itail_slothy_start.split:[289-301]: ************************....... (24)
INFO:p13c.p13c_itail_slothy_start.split:[301-313]: **************************..... (26)
INFO:p13c.p13c_itail_slothy_start.split:[313-325]: ************************....... (24)
INFO:p13c.p13c_itail_slothy_start.split:[325-337]: **************************..... (26)
INFO:p13c.p13c_itail_slothy_start.split:[337-349]: ***********************........ (23)
INFO:p13c.p13c_itail_slothy_start.split:[349-361]: *************************...... (25)
INFO:p13c.p13c_itail_slothy_start.split:[361-373]: ************************....... (24)
INFO:p13c.p13c_itail_slothy_start.split:[373-385]: **************************..... (26)
INFO:p13c.p13c_itail_slothy_start.split:[385-397]: ***************************.... (27)
INFO:p13c.p13c_itail_slothy_start.split:[397-410]: ****************************... (28)
INFO:p13c.p13c_itail_slothy_start.split:[410-422]: ****************************... (28)
INFO:p13c.p13c_itail_slothy_start.split:[422-434]: *************************...... (25)
INFO:p13c.p13c_itail_slothy_start.split:[434-446]: ***************************.... (27)
INFO:p13c.p13c_itail_slothy_start.split:[446-458]: *************************...... (25)
INFO:p13c.p13c_itail_slothy_start.split:[458-470]: *****************************.. (29)
INFO:p13c.p13c_itail_slothy_start.split:[470-482]: **************************..... (26)
INFO:p13c.p13c_itail_slothy_start.split:[482-494]: ****************************... (28)
INFO:p13c.p13c_itail_slothy_start.split:[494-506]: ************************....... (24)
INFO:p13c.p13c_itail_slothy_start.split:[506-518]: ***********************........ (23)
INFO:p13c.p13c_itail_slothy_start.split:[518-530]: ***********************........ (23)
INFO:p13c.p13c_itail_slothy_start.split:[530-542]: ***********************........ (23)
INFO:p13c.p13c_itail_slothy_start.split:[542-554]: **************************..... (26)
INFO:p13c.p13c_itail_slothy_start.split:[554-566]: ************************....... (24)
INFO:p13c.p13c_itail_slothy_start.split:[566-578]: ***************************.... (27)
INFO:p13c.p13c_itail_slothy_start.split:[578-590]: ************************....... (24)
INFO:p13c.p13c_itail_slothy_start.split:[590-603]: ******************............. (18)
INFO:p13c.p13c_itail_slothy_start.split.169_207:Perform external binary search for minimal number of stalls...
INFO:p13c.p13c_itail_slothy_start.split.169_207:Attempt optimization with max 0 stalls...
INFO:p13c.p13c_itail_slothy_start.split.169_207:Setting timeout of 30 seconds...
INFO:p13c.p13c_itail_slothy_start.split.169_207:Objective: None (any satisfying solution is fine)
INFO:p13c.p13c_itail_slothy_start.split.169_207:Invoking external constraint solver (OR-Tools CP-SAT v9.15.6755) ...
INFO:p13c.p13c_itail_slothy_start.split.169_207:INFEASIBLE, wall time: 0.000936 s
INFO:p13c.p13c_itail_slothy_start.split.169_207:Attempt optimization with max 1 stalls...
INFO:p13c.p13c_itail_slothy_start.split.169_207:Setting timeout of 30 seconds...
INFO:p13c.p13c_itail_slothy_start.split.169_207:Objective: None (any satisfying solution is fine)
INFO:p13c.p13c_itail_slothy_start.split.169_207:Invoking external constraint solver (OR-Tools CP-SAT v9.15.6755) ...
INFO:p13c.p13c_itail_slothy_start.split.169_207:INFEASIBLE, wall time: 0.000907 s
INFO:p13c.p13c_itail_slothy_start.split.169_207:Attempt optimization with max 2 stalls...
INFO:p13c.p13c_itail_slothy_start.split.169_207:Setting timeout of 30 seconds...
INFO:p13c.p13c_itail_slothy_start.split.169_207:Objective: None (any satisfying solution is fine)
INFO:p13c.p13c_itail_slothy_start.split.169_207:Invoking external constraint solver (OR-Tools CP-SAT v9.15.6755) ...
INFO:p13c.p13c_itail_slothy_start.split.169_207:INFEASIBLE, wall time: 0.000849 s
INFO:p13c.p13c_itail_slothy_start.split.169_207:Attempt optimization with max 4 stalls...
INFO:p13c.p13c_itail_slothy_start.split.169_207:Setting timeout of 30 seconds...
INFO:p13c.p13c_itail_slothy_start.split.169_207:Objective: None (any satisfying solution is fine)
INFO:p13c.p13c_itail_slothy_start.split.169_207:Invoking external constraint solver (OR-Tools CP-SAT v9.15.6755) ...
INFO:p13c.p13c_itail_slothy_start.split.169_207:INFEASIBLE, wall time: 0.000738 s
INFO:p13c.p13c_itail_slothy_start.split.169_207:Attempt optimization with max 8 stalls...
INFO:p13c.p13c_itail_slothy_start.split.169_207:Setting timeout of 30 seconds...
INFO:p13c.p13c_itail_slothy_start.split.169_207:Objective: None (any satisfying solution is fine)
INFO:p13c.p13c_itail_slothy_start.split.169_207:Invoking external constraint solver (OR-Tools CP-SAT v9.15.6755) ...
INFO:p13c.p13c_itail_slothy_start.split.169_207:INFEASIBLE, wall time: 0.000823 s
INFO:p13c.p13c_itail_slothy_start.split.169_207:Attempt optimization with max 16 stalls...
INFO:p13c.p13c_itail_slothy_start.split.169_207:Setting timeout of 30 seconds...
INFO:p13c.p13c_itail_slothy_start.split.169_207:Objective: None (any satisfying solution is fine)
INFO:p13c.p13c_itail_slothy_start.split.169_207:Invoking external constraint solver (OR-Tools CP-SAT v9.15.6755) ...
INFO:p13c.p13c_itail_slothy_start.split.169_207:INFEASIBLE, wall time: 0.000810 s
INFO:p13c.p13c_itail_slothy_start.split.169_207:Attempt optimization with max 32 stalls...
INFO:p13c.p13c_itail_slothy_start.split.169_207:Setting timeout of 30 seconds...
INFO:p13c.p13c_itail_slothy_start.split.169_207:Objective: None (any satisfying solution is fine)
INFO:p13c.p13c_itail_slothy_start.split.169_207:Invoking external constraint solver (OR-Tools CP-SAT v9.15.6755) ...
INFO:p13c.p13c_itail_slothy_start.split.169_207:[0.0126s]: Found 1 solutions so far... objective (no objective): currently 0.0, bound 0.0
INFO:p13c.p13c_itail_slothy_start.split.169_207:OPTIMAL, wall time: 0.015841 s
INFO:p13c.p13c_itail_slothy_start.split.169_207:Booleans in result: 83
INFO:p13c.p13c_itail_slothy_start.split.169_207.selfcheck:OK!
WARNING:p13c:LLVM (llvm-mc, llvm-nm, llvm-readobj) not found, disabling selftest. Consider installing LLVM.
INFO:p13c.p13c_itail_slothy_start.split.169_207:Attempt optimization with max 24 stalls...
INFO:p13c.p13c_itail_slothy_start.split.169_207:Setting timeout of 30 seconds...
INFO:p13c.p13c_itail_slothy_start.split.169_207:Objective: None (any satisfying solution is fine)
INFO:p13c.p13c_itail_slothy_start.split.169_207:Invoking external constraint solver (OR-Tools CP-SAT v9.15.6755) ...
INFO:p13c.p13c_itail_slothy_start.split.169_207:INFEASIBLE, wall time: 0.002972 s
INFO:p13c.p13c_itail_slothy_start.split.169_207:Attempt optimization with max 28 stalls...
INFO:p13c.p13c_itail_slothy_start.split.169_207:Setting timeout of 30 seconds...
INFO:p13c.p13c_itail_slothy_start.split.169_207:Objective: None (any satisfying solution is fine)
INFO:p13c.p13c_itail_slothy_start.split.169_207:Invoking external constraint solver (OR-Tools CP-SAT v9.15.6755) ...
INFO:p13c.p13c_itail_slothy_start.split.169_207:INFEASIBLE, wall time: 0.003322 s
INFO:p13c.p13c_itail_slothy_start.split.169_207:Attempt optimization with max 30 stalls...
INFO:p13c.p13c_itail_slothy_start.split.169_207:Setting timeout of 30 seconds...
INFO:p13c.p13c_itail_slothy_start.split.169_207:Objective: None (any satisfying solution is fine)
INFO:p13c.p13c_itail_slothy_start.split.169_207:Invoking external constraint solver (OR-Tools CP-SAT v9.15.6755) ...
INFO:p13c.p13c_itail_slothy_start.split.169_207:[0.0124s]: Found 1 solutions so far... objective (no objective): currently 0.0, bound 0.0
INFO:p13c.p13c_itail_slothy_start.split.169_207:OPTIMAL, wall time: 0.015399 s
INFO:p13c.p13c_itail_slothy_start.split.169_207:Booleans in result: 94
INFO:p13c.p13c_itail_slothy_start.split.169_207.selfcheck:OK!
WARNING:p13c:LLVM (llvm-mc, llvm-nm, llvm-readobj) not found, disabling selftest. Consider installing LLVM.
INFO:p13c.p13c_itail_slothy_start.split.169_207:Attempt optimization with max 29 stalls...
INFO:p13c.p13c_itail_slothy_start.split.169_207:Setting timeout of 30 seconds...
INFO:p13c.p13c_itail_slothy_start.split.169_207:Objective: None (any satisfying solution is fine)
INFO:p13c.p13c_itail_slothy_start.split.169_207:Invoking external constraint solver (OR-Tools CP-SAT v9.15.6755) ...
INFO:p13c.p13c_itail_slothy_start.split.169_207:INFEASIBLE, wall time: 0.012723 s
INFO:p13c.p13c_itail_slothy_start.split:[  0- 12]: ***********.................... (11)
INFO:p13c.p13c_itail_slothy_start.split:[ 12- 24]: **************................. (14)
INFO:p13c.p13c_itail_slothy_start.split:[ 24- 36]: ****************............... (16)
INFO:p13c.p13c_itail_slothy_start.split:[ 36- 48]: ****************............... (16)
INFO:p13c.p13c_itail_slothy_start.split:[ 48- 60]: *********************.......... (21)
INFO:p13c.p13c_itail_slothy_start.split:[ 60- 72]: ***********************........ (23)
INFO:p13c.p13c_itail_slothy_start.split:[ 72- 84]: ************************....... (24)
INFO:p13c.p13c_itail_slothy_start.split:[ 84- 96]: ************************....... (24)
INFO:p13c.p13c_itail_slothy_start.split:[ 96-108]: ************************....... (24)
INFO:p13c.p13c_itail_slothy_start.split:[108-120]: ************************....... (24)
INFO:p13c.p13c_itail_slothy_start.split:[120-132]: ***********************........ (23)
INFO:p13c.p13c_itail_slothy_start.split:[132-144]: ************************....... (24)
INFO:p13c.p13c_itail_slothy_start.split:[144-156]: *************************...... (25)
INFO:p13c.p13c_itail_slothy_start.split:[156-168]: ***********************........ (23)
INFO:p13c.p13c_itail_slothy_start.split:[168-180]: ************************....... (24)
INFO:p13c.p13c_itail_slothy_start.split:[180-192]: ***********************........ (23)
INFO:p13c.p13c_itail_slothy_start.split:[192-205]: ****************************... (28)
INFO:p13c.p13c_itail_slothy_start.split:[205-217]: ***************************.... (27)
INFO:p13c.p13c_itail_slothy_start.split:[217-229]: ****************************... (28)
INFO:p13c.p13c_itail_slothy_start.split:[229-241]: **************************..... (26)
INFO:p13c.p13c_itail_slothy_start.split:[241-253]: ***************************.... (27)
INFO:p13c.p13c_itail_slothy_start.split:[253-265]: ****************************... (28)
INFO:p13c.p13c_itail_slothy_start.split:[265-277]: **************************..... (26)
INFO:p13c.p13c_itail_slothy_start.split:[277-289]: ***************************.... (27)
INFO:p13c.p13c_itail_slothy_start.split:[289-301]: ************************....... (24)
INFO:p13c.p13c_itail_slothy_start.split:[301-313]: **************************..... (26)
INFO:p13c.p13c_itail_slothy_start.split:[313-325]: ************************....... (24)
INFO:p13c.p13c_itail_slothy_start.split:[325-337]: **************************..... (26)
INFO:p13c.p13c_itail_slothy_start.split:[337-349]: ***********************........ (23)
INFO:p13c.p13c_itail_slothy_start.split:[349-361]: *************************...... (25)
INFO:p13c.p13c_itail_slothy_start.split:[361-373]: ************************....... (24)
INFO:p13c.p13c_itail_slothy_start.split:[373-385]: **************************..... (26)
INFO:p13c.p13c_itail_slothy_start.split:[385-397]: ***************************.... (27)
INFO:p13c.p13c_itail_slothy_start.split:[397-410]: ****************************... (28)
INFO:p13c.p13c_itail_slothy_start.split:[410-422]: ****************************... (28)
INFO:p13c.p13c_itail_slothy_start.split:[422-434]: *************************...... (25)
INFO:p13c.p13c_itail_slothy_start.split:[434-446]: ***************************.... (27)
INFO:p13c.p13c_itail_slothy_start.split:[446-458]: *************************...... (25)
INFO:p13c.p13c_itail_slothy_start.split:[458-470]: *****************************.. (29)
INFO:p13c.p13c_itail_slothy_start.split:[470-482]: **************************..... (26)
INFO:p13c.p13c_itail_slothy_start.split:[482-494]: ****************************... (28)
INFO:p13c.p13c_itail_slothy_start.split:[494-506]: ************************....... (24)
INFO:p13c.p13c_itail_slothy_start.split:[506-518]: ***********************........ (23)
INFO:p13c.p13c_itail_slothy_start.split:[518-530]: ***********************........ (23)
INFO:p13c.p13c_itail_slothy_start.split:[530-542]: ***********************........ (23)
INFO:p13c.p13c_itail_slothy_start.split:[542-554]: **************************..... (26)
INFO:p13c.p13c_itail_slothy_start.split:[554-566]: ************************....... (24)
INFO:p13c.p13c_itail_slothy_start.split:[566-578]: ***************************.... (27)
INFO:p13c.p13c_itail_slothy_start.split:[578-590]: ************************....... (24)
INFO:p13c.p13c_itail_slothy_start.split:[590-603]: ******************............. (18)
INFO:p13c.p13c_itail_slothy_start.split.193_231:Perform external binary search for minimal number of stalls...
INFO:p13c.p13c_itail_slothy_start.split.193_231:Attempt optimization with max 0 stalls...
INFO:p13c.p13c_itail_slothy_start.split.193_231:Setting timeout of 30 seconds...
INFO:p13c.p13c_itail_slothy_start.split.193_231:Objective: None (any satisfying solution is fine)
INFO:p13c.p13c_itail_slothy_start.split.193_231:Invoking external constraint solver (OR-Tools CP-SAT v9.15.6755) ...
INFO:p13c.p13c_itail_slothy_start.split.193_231:INFEASIBLE, wall time: 0.000724 s
INFO:p13c.p13c_itail_slothy_start.split.193_231:Attempt optimization with max 1 stalls...
INFO:p13c.p13c_itail_slothy_start.split.193_231:Setting timeout of 30 seconds...
INFO:p13c.p13c_itail_slothy_start.split.193_231:Objective: None (any satisfying solution is fine)
INFO:p13c.p13c_itail_slothy_start.split.193_231:Invoking external constraint solver (OR-Tools CP-SAT v9.15.6755) ...
INFO:p13c.p13c_itail_slothy_start.split.193_231:INFEASIBLE, wall time: 0.000739 s
INFO:p13c.p13c_itail_slothy_start.split.193_231:Attempt optimization with max 2 stalls...
INFO:p13c.p13c_itail_slothy_start.split.193_231:Setting timeout of 30 seconds...
INFO:p13c.p13c_itail_slothy_start.split.193_231:Objective: None (any satisfying solution is fine)
INFO:p13c.p13c_itail_slothy_start.split.193_231:Invoking external constraint solver (OR-Tools CP-SAT v9.15.6755) ...
INFO:p13c.p13c_itail_slothy_start.split.193_231:INFEASIBLE, wall time: 0.000726 s
INFO:p13c.p13c_itail_slothy_start.split.193_231:Attempt optimization with max 4 stalls...
INFO:p13c.p13c_itail_slothy_start.split.193_231:Setting timeout of 30 seconds...
INFO:p13c.p13c_itail_slothy_start.split.193_231:Objective: None (any satisfying solution is fine)
INFO:p13c.p13c_itail_slothy_start.split.193_231:Invoking external constraint solver (OR-Tools CP-SAT v9.15.6755) ...
INFO:p13c.p13c_itail_slothy_start.split.193_231:INFEASIBLE, wall time: 0.000720 s
INFO:p13c.p13c_itail_slothy_start.split.193_231:Attempt optimization with max 8 stalls...
INFO:p13c.p13c_itail_slothy_start.split.193_231:Setting timeout of 30 seconds...
INFO:p13c.p13c_itail_slothy_start.split.193_231:Objective: None (any satisfying solution is fine)
INFO:p13c.p13c_itail_slothy_start.split.193_231:Invoking external constraint solver (OR-Tools CP-SAT v9.15.6755) ...
INFO:p13c.p13c_itail_slothy_start.split.193_231:INFEASIBLE, wall time: 0.000844 s
INFO:p13c.p13c_itail_slothy_start.split.193_231:Attempt optimization with max 16 stalls...
INFO:p13c.p13c_itail_slothy_start.split.193_231:Setting timeout of 30 seconds...
INFO:p13c.p13c_itail_slothy_start.split.193_231:Objective: None (any satisfying solution is fine)
INFO:p13c.p13c_itail_slothy_start.split.193_231:Invoking external constraint solver (OR-Tools CP-SAT v9.15.6755) ...
INFO:p13c.p13c_itail_slothy_start.split.193_231:INFEASIBLE, wall time: 0.003002 s
INFO:p13c.p13c_itail_slothy_start.split.193_231:Attempt optimization with max 32 stalls...
INFO:p13c.p13c_itail_slothy_start.split.193_231:Setting timeout of 30 seconds...
INFO:p13c.p13c_itail_slothy_start.split.193_231:Objective: None (any satisfying solution is fine)
INFO:p13c.p13c_itail_slothy_start.split.193_231:Invoking external constraint solver (OR-Tools CP-SAT v9.15.6755) ...
INFO:p13c.p13c_itail_slothy_start.split.193_231:[0.0092s]: Found 1 solutions so far... objective (no objective): currently 0.0, bound 0.0
INFO:p13c.p13c_itail_slothy_start.split.193_231:OPTIMAL, wall time: 0.011780 s
INFO:p13c.p13c_itail_slothy_start.split.193_231:Booleans in result: 66
INFO:p13c.p13c_itail_slothy_start.split.193_231.selfcheck:OK!
WARNING:p13c:LLVM (llvm-mc, llvm-nm, llvm-readobj) not found, disabling selftest. Consider installing LLVM.
INFO:p13c.p13c_itail_slothy_start.split.193_231:Attempt optimization with max 24 stalls...
INFO:p13c.p13c_itail_slothy_start.split.193_231:Setting timeout of 30 seconds...
INFO:p13c.p13c_itail_slothy_start.split.193_231:Objective: None (any satisfying solution is fine)
INFO:p13c.p13c_itail_slothy_start.split.193_231:Invoking external constraint solver (OR-Tools CP-SAT v9.15.6755) ...
INFO:p13c.p13c_itail_slothy_start.split.193_231:[0.0093s]: Found 1 solutions so far... objective (no objective): currently 0.0, bound 0.0
INFO:p13c.p13c_itail_slothy_start.split.193_231:[0.0097s]: Found 2 solutions so far... objective (no objective): currently 0.0, bound 0.0
INFO:p13c.p13c_itail_slothy_start.split.193_231:[0.0099s]: Found 3 solutions so far... objective (no objective): currently 0.0, bound 0.0
INFO:p13c.p13c_itail_slothy_start.split.193_231:OPTIMAL, wall time: 0.012369 s
INFO:p13c.p13c_itail_slothy_start.split.193_231:Booleans in result: 66
INFO:p13c.p13c_itail_slothy_start.split.193_231.selfcheck:OK!
WARNING:p13c:LLVM (llvm-mc, llvm-nm, llvm-readobj) not found, disabling selftest. Consider installing LLVM.
INFO:p13c.p13c_itail_slothy_start.split.193_231:Attempt optimization with max 20 stalls...
INFO:p13c.p13c_itail_slothy_start.split.193_231:Setting timeout of 30 seconds...
INFO:p13c.p13c_itail_slothy_start.split.193_231:Objective: None (any satisfying solution is fine)
INFO:p13c.p13c_itail_slothy_start.split.193_231:Invoking external constraint solver (OR-Tools CP-SAT v9.15.6755) ...
INFO:p13c.p13c_itail_slothy_start.split.193_231:INFEASIBLE, wall time: 0.003305 s
INFO:p13c.p13c_itail_slothy_start.split.193_231:Attempt optimization with max 22 stalls...
INFO:p13c.p13c_itail_slothy_start.split.193_231:Setting timeout of 30 seconds...
INFO:p13c.p13c_itail_slothy_start.split.193_231:Objective: None (any satisfying solution is fine)
INFO:p13c.p13c_itail_slothy_start.split.193_231:Invoking external constraint solver (OR-Tools CP-SAT v9.15.6755) ...
INFO:p13c.p13c_itail_slothy_start.split.193_231:[0.0091s]: Found 1 solutions so far... objective (no objective): currently 0.0, bound 0.0
INFO:p13c.p13c_itail_slothy_start.split.193_231:[0.0094s]: Found 2 solutions so far... objective (no objective): currently 0.0, bound 0.0
INFO:p13c.p13c_itail_slothy_start.split.193_231:[0.0097s]: Found 3 solutions so far... objective (no objective): currently 0.0, bound 0.0
INFO:p13c.p13c_itail_slothy_start.split.193_231:OPTIMAL, wall time: 0.012067 s
INFO:p13c.p13c_itail_slothy_start.split.193_231:Booleans in result: 19
INFO:p13c.p13c_itail_slothy_start.split.193_231.selfcheck:OK!
WARNING:p13c:LLVM (llvm-mc, llvm-nm, llvm-readobj) not found, disabling selftest. Consider installing LLVM.
INFO:p13c.p13c_itail_slothy_start.split.193_231:Attempt optimization with max 21 stalls...
INFO:p13c.p13c_itail_slothy_start.split.193_231:Setting timeout of 30 seconds...
INFO:p13c.p13c_itail_slothy_start.split.193_231:Objective: None (any satisfying solution is fine)
INFO:p13c.p13c_itail_slothy_start.split.193_231:Invoking external constraint solver (OR-Tools CP-SAT v9.15.6755) ...
INFO:p13c.p13c_itail_slothy_start.split.193_231:[0.0091s]: Found 1 solutions so far... objective (no objective): currently 0.0, bound 0.0
INFO:p13c.p13c_itail_slothy_start.split.193_231:[0.0093s]: Found 2 solutions so far... objective (no objective): currently 0.0, bound 0.0
INFO:p13c.p13c_itail_slothy_start.split.193_231:[0.0095s]: Found 3 solutions so far... objective (no objective): currently 0.0, bound 0.0
INFO:p13c.p13c_itail_slothy_start.split.193_231:OPTIMAL, wall time: 0.012130 s
INFO:p13c.p13c_itail_slothy_start.split.193_231:Booleans in result: 66
INFO:p13c.p13c_itail_slothy_start.split.193_231.selfcheck:OK!
WARNING:p13c:LLVM (llvm-mc, llvm-nm, llvm-readobj) not found, disabling selftest. Consider installing LLVM.
INFO:p13c.p13c_itail_slothy_start.split:[  0- 12]: ***********.................... (11)
INFO:p13c.p13c_itail_slothy_start.split:[ 12- 24]: **************................. (14)
INFO:p13c.p13c_itail_slothy_start.split:[ 24- 36]: ****************............... (16)
INFO:p13c.p13c_itail_slothy_start.split:[ 36- 48]: ****************............... (16)
INFO:p13c.p13c_itail_slothy_start.split:[ 48- 60]: *********************.......... (21)
INFO:p13c.p13c_itail_slothy_start.split:[ 60- 72]: ***********************........ (23)
INFO:p13c.p13c_itail_slothy_start.split:[ 72- 84]: ************************....... (24)
INFO:p13c.p13c_itail_slothy_start.split:[ 84- 96]: ************************....... (24)
INFO:p13c.p13c_itail_slothy_start.split:[ 96-108]: ************************....... (24)
INFO:p13c.p13c_itail_slothy_start.split:[108-120]: ************************....... (24)
INFO:p13c.p13c_itail_slothy_start.split:[120-132]: ***********************........ (23)
INFO:p13c.p13c_itail_slothy_start.split:[132-144]: ************************....... (24)
INFO:p13c.p13c_itail_slothy_start.split:[144-156]: *************************...... (25)
INFO:p13c.p13c_itail_slothy_start.split:[156-168]: ***********************........ (23)
INFO:p13c.p13c_itail_slothy_start.split:[168-180]: ***********************........ (23)
INFO:p13c.p13c_itail_slothy_start.split:[180-192]: *******************............ (19)
INFO:p13c.p13c_itail_slothy_start.split:[192-205]: *********************.......... (21)
INFO:p13c.p13c_itail_slothy_start.split:[205-217]: **********************......... (22)
INFO:p13c.p13c_itail_slothy_start.split:[217-229]: **************************..... (26)
INFO:p13c.p13c_itail_slothy_start.split:[229-241]: ***************************.... (27)
INFO:p13c.p13c_itail_slothy_start.split:[241-253]: ***************************.... (27)
INFO:p13c.p13c_itail_slothy_start.split:[253-265]: ****************************... (28)
INFO:p13c.p13c_itail_slothy_start.split:[265-277]: **************************..... (26)
INFO:p13c.p13c_itail_slothy_start.split:[277-289]: ***************************.... (27)
INFO:p13c.p13c_itail_slothy_start.split:[289-301]: ************************....... (24)
INFO:p13c.p13c_itail_slothy_start.split:[301-313]: **************************..... (26)
INFO:p13c.p13c_itail_slothy_start.split:[313-325]: ************************....... (24)
INFO:p13c.p13c_itail_slothy_start.split:[325-337]: **************************..... (26)
INFO:p13c.p13c_itail_slothy_start.split:[337-349]: ***********************........ (23)
INFO:p13c.p13c_itail_slothy_start.split:[349-361]: *************************...... (25)
INFO:p13c.p13c_itail_slothy_start.split:[361-373]: ************************....... (24)
INFO:p13c.p13c_itail_slothy_start.split:[373-385]: **************************..... (26)
INFO:p13c.p13c_itail_slothy_start.split:[385-397]: ***************************.... (27)
INFO:p13c.p13c_itail_slothy_start.split:[397-410]: ****************************... (28)
INFO:p13c.p13c_itail_slothy_start.split:[410-422]: ****************************... (28)
INFO:p13c.p13c_itail_slothy_start.split:[422-434]: *************************...... (25)
INFO:p13c.p13c_itail_slothy_start.split:[434-446]: ***************************.... (27)
INFO:p13c.p13c_itail_slothy_start.split:[446-458]: *************************...... (25)
INFO:p13c.p13c_itail_slothy_start.split:[458-470]: *****************************.. (29)
INFO:p13c.p13c_itail_slothy_start.split:[470-482]: **************************..... (26)
INFO:p13c.p13c_itail_slothy_start.split:[482-494]: ****************************... (28)
INFO:p13c.p13c_itail_slothy_start.split:[494-506]: ************************....... (24)
INFO:p13c.p13c_itail_slothy_start.split:[506-518]: ***********************........ (23)
INFO:p13c.p13c_itail_slothy_start.split:[518-530]: ***********************........ (23)
INFO:p13c.p13c_itail_slothy_start.split:[530-542]: ***********************........ (23)
INFO:p13c.p13c_itail_slothy_start.split:[542-554]: **************************..... (26)
INFO:p13c.p13c_itail_slothy_start.split:[554-566]: ************************....... (24)
INFO:p13c.p13c_itail_slothy_start.split:[566-578]: ***************************.... (27)
INFO:p13c.p13c_itail_slothy_start.split:[578-590]: ************************....... (24)
INFO:p13c.p13c_itail_slothy_start.split:[590-603]: ******************............. (18)
INFO:p13c.p13c_itail_slothy_start.split.217_255:Perform external binary search for minimal number of stalls...
INFO:p13c.p13c_itail_slothy_start.split.217_255:Attempt optimization with max 0 stalls...
INFO:p13c.p13c_itail_slothy_start.split.217_255:Setting timeout of 30 seconds...
INFO:p13c.p13c_itail_slothy_start.split.217_255:Objective: None (any satisfying solution is fine)
INFO:p13c.p13c_itail_slothy_start.split.217_255:Invoking external constraint solver (OR-Tools CP-SAT v9.15.6755) ...
INFO:p13c.p13c_itail_slothy_start.split.217_255:INFEASIBLE, wall time: 0.000873 s
INFO:p13c.p13c_itail_slothy_start.split.217_255:Attempt optimization with max 1 stalls...
INFO:p13c.p13c_itail_slothy_start.split.217_255:Setting timeout of 30 seconds...
INFO:p13c.p13c_itail_slothy_start.split.217_255:Objective: None (any satisfying solution is fine)
INFO:p13c.p13c_itail_slothy_start.split.217_255:Invoking external constraint solver (OR-Tools CP-SAT v9.15.6755) ...
INFO:p13c.p13c_itail_slothy_start.split.217_255:INFEASIBLE, wall time: 0.000759 s
INFO:p13c.p13c_itail_slothy_start.split.217_255:Attempt optimization with max 2 stalls...
INFO:p13c.p13c_itail_slothy_start.split.217_255:Setting timeout of 30 seconds...
INFO:p13c.p13c_itail_slothy_start.split.217_255:Objective: None (any satisfying solution is fine)
INFO:p13c.p13c_itail_slothy_start.split.217_255:Invoking external constraint solver (OR-Tools CP-SAT v9.15.6755) ...
INFO:p13c.p13c_itail_slothy_start.split.217_255:INFEASIBLE, wall time: 0.000785 s
INFO:p13c.p13c_itail_slothy_start.split.217_255:Attempt optimization with max 4 stalls...
INFO:p13c.p13c_itail_slothy_start.split.217_255:Setting timeout of 30 seconds...
INFO:p13c.p13c_itail_slothy_start.split.217_255:Objective: None (any satisfying solution is fine)
INFO:p13c.p13c_itail_slothy_start.split.217_255:Invoking external constraint solver (OR-Tools CP-SAT v9.15.6755) ...
INFO:p13c.p13c_itail_slothy_start.split.217_255:INFEASIBLE, wall time: 0.000712 s
INFO:p13c.p13c_itail_slothy_start.split.217_255:Attempt optimization with max 8 stalls...
INFO:p13c.p13c_itail_slothy_start.split.217_255:Setting timeout of 30 seconds...
INFO:p13c.p13c_itail_slothy_start.split.217_255:Objective: None (any satisfying solution is fine)
INFO:p13c.p13c_itail_slothy_start.split.217_255:Invoking external constraint solver (OR-Tools CP-SAT v9.15.6755) ...
INFO:p13c.p13c_itail_slothy_start.split.217_255:INFEASIBLE, wall time: 0.000763 s
INFO:p13c.p13c_itail_slothy_start.split.217_255:Attempt optimization with max 16 stalls...
INFO:p13c.p13c_itail_slothy_start.split.217_255:Setting timeout of 30 seconds...
INFO:p13c.p13c_itail_slothy_start.split.217_255:Objective: None (any satisfying solution is fine)
INFO:p13c.p13c_itail_slothy_start.split.217_255:Invoking external constraint solver (OR-Tools CP-SAT v9.15.6755) ...
INFO:p13c.p13c_itail_slothy_start.split.217_255:INFEASIBLE, wall time: 0.000748 s
INFO:p13c.p13c_itail_slothy_start.split.217_255:Attempt optimization with max 32 stalls...
INFO:p13c.p13c_itail_slothy_start.split.217_255:Setting timeout of 30 seconds...
INFO:p13c.p13c_itail_slothy_start.split.217_255:Objective: None (any satisfying solution is fine)
INFO:p13c.p13c_itail_slothy_start.split.217_255:Invoking external constraint solver (OR-Tools CP-SAT v9.15.6755) ...
INFO:p13c.p13c_itail_slothy_start.split.217_255:[0.0125s]: Found 1 solutions so far... objective (no objective): currently 0.0, bound 0.0
INFO:p13c.p13c_itail_slothy_start.split.217_255:OPTIMAL, wall time: 0.016354 s
INFO:p13c.p13c_itail_slothy_start.split.217_255:Booleans in result: 73
INFO:p13c.p13c_itail_slothy_start.split.217_255.selfcheck:OK!
WARNING:p13c:LLVM (llvm-mc, llvm-nm, llvm-readobj) not found, disabling selftest. Consider installing LLVM.
INFO:p13c.p13c_itail_slothy_start.split.217_255:Attempt optimization with max 24 stalls...
INFO:p13c.p13c_itail_slothy_start.split.217_255:Setting timeout of 30 seconds...
INFO:p13c.p13c_itail_slothy_start.split.217_255:Objective: None (any satisfying solution is fine)
INFO:p13c.p13c_itail_slothy_start.split.217_255:Invoking external constraint solver (OR-Tools CP-SAT v9.15.6755) ...
INFO:p13c.p13c_itail_slothy_start.split.217_255:INFEASIBLE, wall time: 0.003113 s
INFO:p13c.p13c_itail_slothy_start.split.217_255:Attempt optimization with max 28 stalls...
INFO:p13c.p13c_itail_slothy_start.split.217_255:Setting timeout of 30 seconds...
INFO:p13c.p13c_itail_slothy_start.split.217_255:Objective: None (any satisfying solution is fine)
INFO:p13c.p13c_itail_slothy_start.split.217_255:Invoking external constraint solver (OR-Tools CP-SAT v9.15.6755) ...
INFO:p13c.p13c_itail_slothy_start.split.217_255:INFEASIBLE, wall time: 0.014250 s
INFO:p13c.p13c_itail_slothy_start.split.217_255:Attempt optimization with max 30 stalls...
INFO:p13c.p13c_itail_slothy_start.split.217_255:Setting timeout of 30 seconds...
INFO:p13c.p13c_itail_slothy_start.split.217_255:Objective: None (any satisfying solution is fine)
INFO:p13c.p13c_itail_slothy_start.split.217_255:Invoking external constraint solver (OR-Tools CP-SAT v9.15.6755) ...
INFO:p13c.p13c_itail_slothy_start.split.217_255:INFEASIBLE, wall time: 0.029936 s
INFO:p13c.p13c_itail_slothy_start.split.217_255:Attempt optimization with max 31 stalls...
INFO:p13c.p13c_itail_slothy_start.split.217_255:Setting timeout of 30 seconds...
INFO:p13c.p13c_itail_slothy_start.split.217_255:Objective: None (any satisfying solution is fine)
INFO:p13c.p13c_itail_slothy_start.split.217_255:Invoking external constraint solver (OR-Tools CP-SAT v9.15.6755) ...
INFO:p13c.p13c_itail_slothy_start.split.217_255:INFEASIBLE, wall time: 0.024007 s
INFO:p13c.p13c_itail_slothy_start.split:[  0- 12]: ***********.................... (11)
INFO:p13c.p13c_itail_slothy_start.split:[ 12- 24]: **************................. (14)
INFO:p13c.p13c_itail_slothy_start.split:[ 24- 36]: ****************............... (16)
INFO:p13c.p13c_itail_slothy_start.split:[ 36- 48]: ****************............... (16)
INFO:p13c.p13c_itail_slothy_start.split:[ 48- 60]: *********************.......... (21)
INFO:p13c.p13c_itail_slothy_start.split:[ 60- 72]: ***********************........ (23)
INFO:p13c.p13c_itail_slothy_start.split:[ 72- 84]: ************************....... (24)
INFO:p13c.p13c_itail_slothy_start.split:[ 84- 96]: ************************....... (24)
INFO:p13c.p13c_itail_slothy_start.split:[ 96-108]: ************************....... (24)
INFO:p13c.p13c_itail_slothy_start.split:[108-120]: ************************....... (24)
INFO:p13c.p13c_itail_slothy_start.split:[120-132]: ***********************........ (23)
INFO:p13c.p13c_itail_slothy_start.split:[132-144]: ************************....... (24)
INFO:p13c.p13c_itail_slothy_start.split:[144-156]: *************************...... (25)
INFO:p13c.p13c_itail_slothy_start.split:[156-168]: ***********************........ (23)
INFO:p13c.p13c_itail_slothy_start.split:[168-180]: ***********************........ (23)
INFO:p13c.p13c_itail_slothy_start.split:[180-192]: *******************............ (19)
INFO:p13c.p13c_itail_slothy_start.split:[192-205]: ********************........... (20)
INFO:p13c.p13c_itail_slothy_start.split:[205-217]: ****************............... (16)
INFO:p13c.p13c_itail_slothy_start.split:[217-229]: *******************............ (19)
INFO:p13c.p13c_itail_slothy_start.split:[229-241]: *********************.......... (21)
INFO:p13c.p13c_itail_slothy_start.split:[241-253]: **************************..... (26)
INFO:p13c.p13c_itail_slothy_start.split:[253-265]: *****************************.. (29)
INFO:p13c.p13c_itail_slothy_start.split:[265-277]: ***************************.... (27)
INFO:p13c.p13c_itail_slothy_start.split:[277-289]: ***************************.... (27)
INFO:p13c.p13c_itail_slothy_start.split:[289-301]: ************************....... (24)
INFO:p13c.p13c_itail_slothy_start.split:[301-313]: **************************..... (26)
INFO:p13c.p13c_itail_slothy_start.split:[313-325]: ************************....... (24)
INFO:p13c.p13c_itail_slothy_start.split:[325-337]: **************************..... (26)
INFO:p13c.p13c_itail_slothy_start.split:[337-349]: ***********************........ (23)
INFO:p13c.p13c_itail_slothy_start.split:[349-361]: *************************...... (25)
INFO:p13c.p13c_itail_slothy_start.split:[361-373]: ************************....... (24)
INFO:p13c.p13c_itail_slothy_start.split:[373-385]: **************************..... (26)
INFO:p13c.p13c_itail_slothy_start.split:[385-397]: ***************************.... (27)
INFO:p13c.p13c_itail_slothy_start.split:[397-410]: ****************************... (28)
INFO:p13c.p13c_itail_slothy_start.split:[410-422]: ****************************... (28)
INFO:p13c.p13c_itail_slothy_start.split:[422-434]: *************************...... (25)
INFO:p13c.p13c_itail_slothy_start.split:[434-446]: ***************************.... (27)
INFO:p13c.p13c_itail_slothy_start.split:[446-458]: *************************...... (25)
INFO:p13c.p13c_itail_slothy_start.split:[458-470]: *****************************.. (29)
INFO:p13c.p13c_itail_slothy_start.split:[470-482]: **************************..... (26)
INFO:p13c.p13c_itail_slothy_start.split:[482-494]: ****************************... (28)
INFO:p13c.p13c_itail_slothy_start.split:[494-506]: ************************....... (24)
INFO:p13c.p13c_itail_slothy_start.split:[506-518]: ***********************........ (23)
INFO:p13c.p13c_itail_slothy_start.split:[518-530]: ***********************........ (23)
INFO:p13c.p13c_itail_slothy_start.split:[530-542]: ***********************........ (23)
INFO:p13c.p13c_itail_slothy_start.split:[542-554]: **************************..... (26)
INFO:p13c.p13c_itail_slothy_start.split:[554-566]: ************************....... (24)
INFO:p13c.p13c_itail_slothy_start.split:[566-578]: ***************************.... (27)
INFO:p13c.p13c_itail_slothy_start.split:[578-590]: ************************....... (24)
INFO:p13c.p13c_itail_slothy_start.split:[590-603]: ******************............. (18)
INFO:p13c.p13c_itail_slothy_start.split.241_279:Perform external binary search for minimal number of stalls...
INFO:p13c.p13c_itail_slothy_start.split.241_279:Attempt optimization with max 0 stalls...
INFO:p13c.p13c_itail_slothy_start.split.241_279:Setting timeout of 30 seconds...
INFO:p13c.p13c_itail_slothy_start.split.241_279:Objective: None (any satisfying solution is fine)
INFO:p13c.p13c_itail_slothy_start.split.241_279:Invoking external constraint solver (OR-Tools CP-SAT v9.15.6755) ...
INFO:p13c.p13c_itail_slothy_start.split.241_279:INFEASIBLE, wall time: 0.000831 s
INFO:p13c.p13c_itail_slothy_start.split.241_279:Attempt optimization with max 1 stalls...
INFO:p13c.p13c_itail_slothy_start.split.241_279:Setting timeout of 30 seconds...
INFO:p13c.p13c_itail_slothy_start.split.241_279:Objective: None (any satisfying solution is fine)
INFO:p13c.p13c_itail_slothy_start.split.241_279:Invoking external constraint solver (OR-Tools CP-SAT v9.15.6755) ...
INFO:p13c.p13c_itail_slothy_start.split.241_279:INFEASIBLE, wall time: 0.000940 s
INFO:p13c.p13c_itail_slothy_start.split.241_279:Attempt optimization with max 2 stalls...
INFO:p13c.p13c_itail_slothy_start.split.241_279:Setting timeout of 30 seconds...
INFO:p13c.p13c_itail_slothy_start.split.241_279:Objective: None (any satisfying solution is fine)
INFO:p13c.p13c_itail_slothy_start.split.241_279:Invoking external constraint solver (OR-Tools CP-SAT v9.15.6755) ...
INFO:p13c.p13c_itail_slothy_start.split.241_279:INFEASIBLE, wall time: 0.000759 s
INFO:p13c.p13c_itail_slothy_start.split.241_279:Attempt optimization with max 4 stalls...
INFO:p13c.p13c_itail_slothy_start.split.241_279:Setting timeout of 30 seconds...
INFO:p13c.p13c_itail_slothy_start.split.241_279:Objective: None (any satisfying solution is fine)
INFO:p13c.p13c_itail_slothy_start.split.241_279:Invoking external constraint solver (OR-Tools CP-SAT v9.15.6755) ...
INFO:p13c.p13c_itail_slothy_start.split.241_279:INFEASIBLE, wall time: 0.000765 s
INFO:p13c.p13c_itail_slothy_start.split.241_279:Attempt optimization with max 8 stalls...
INFO:p13c.p13c_itail_slothy_start.split.241_279:Setting timeout of 30 seconds...
INFO:p13c.p13c_itail_slothy_start.split.241_279:Objective: None (any satisfying solution is fine)
INFO:p13c.p13c_itail_slothy_start.split.241_279:Invoking external constraint solver (OR-Tools CP-SAT v9.15.6755) ...
INFO:p13c.p13c_itail_slothy_start.split.241_279:INFEASIBLE, wall time: 0.000766 s
INFO:p13c.p13c_itail_slothy_start.split.241_279:Attempt optimization with max 16 stalls...
INFO:p13c.p13c_itail_slothy_start.split.241_279:Setting timeout of 30 seconds...
INFO:p13c.p13c_itail_slothy_start.split.241_279:Objective: None (any satisfying solution is fine)
INFO:p13c.p13c_itail_slothy_start.split.241_279:Invoking external constraint solver (OR-Tools CP-SAT v9.15.6755) ...
INFO:p13c.p13c_itail_slothy_start.split.241_279:INFEASIBLE, wall time: 0.003072 s
INFO:p13c.p13c_itail_slothy_start.split.241_279:Attempt optimization with max 32 stalls...
INFO:p13c.p13c_itail_slothy_start.split.241_279:Setting timeout of 30 seconds...
INFO:p13c.p13c_itail_slothy_start.split.241_279:Objective: None (any satisfying solution is fine)
INFO:p13c.p13c_itail_slothy_start.split.241_279:Invoking external constraint solver (OR-Tools CP-SAT v9.15.6755) ...
INFO:p13c.p13c_itail_slothy_start.split.241_279:[0.0231s]: Found 1 solutions so far... objective (no objective): currently 0.0, bound 0.0
INFO:p13c.p13c_itail_slothy_start.split.241_279:OPTIMAL, wall time: 0.025607 s
INFO:p13c.p13c_itail_slothy_start.split.241_279:Booleans in result: 148
INFO:p13c.p13c_itail_slothy_start.split.241_279.selfcheck:OK!
WARNING:p13c:LLVM (llvm-mc, llvm-nm, llvm-readobj) not found, disabling selftest. Consider installing LLVM.
INFO:p13c.p13c_itail_slothy_start.split.241_279:Attempt optimization with max 24 stalls...
INFO:p13c.p13c_itail_slothy_start.split.241_279:Setting timeout of 30 seconds...
INFO:p13c.p13c_itail_slothy_start.split.241_279:Objective: None (any satisfying solution is fine)
INFO:p13c.p13c_itail_slothy_start.split.241_279:Invoking external constraint solver (OR-Tools CP-SAT v9.15.6755) ...
INFO:p13c.p13c_itail_slothy_start.split.241_279:INFEASIBLE, wall time: 0.018591 s
INFO:p13c.p13c_itail_slothy_start.split.241_279:Attempt optimization with max 28 stalls...
INFO:p13c.p13c_itail_slothy_start.split.241_279:Setting timeout of 30 seconds...
INFO:p13c.p13c_itail_slothy_start.split.241_279:Objective: None (any satisfying solution is fine)
INFO:p13c.p13c_itail_slothy_start.split.241_279:Invoking external constraint solver (OR-Tools CP-SAT v9.15.6755) ...
INFO:p13c.p13c_itail_slothy_start.split.241_279:[0.0183s]: Found 1 solutions so far... objective (no objective): currently 0.0, bound 0.0
INFO:p13c.p13c_itail_slothy_start.split.241_279:OPTIMAL, wall time: 0.021834 s
INFO:p13c.p13c_itail_slothy_start.split.241_279:Booleans in result: 102
INFO:p13c.p13c_itail_slothy_start.split.241_279.selfcheck:OK!
WARNING:p13c:LLVM (llvm-mc, llvm-nm, llvm-readobj) not found, disabling selftest. Consider installing LLVM.
INFO:p13c.p13c_itail_slothy_start.split.241_279:Attempt optimization with max 26 stalls...
INFO:p13c.p13c_itail_slothy_start.split.241_279:Setting timeout of 30 seconds...
INFO:p13c.p13c_itail_slothy_start.split.241_279:Objective: None (any satisfying solution is fine)
INFO:p13c.p13c_itail_slothy_start.split.241_279:Invoking external constraint solver (OR-Tools CP-SAT v9.15.6755) ...
INFO:p13c.p13c_itail_slothy_start.split.241_279:[0.0100s]: Found 1 solutions so far... objective (no objective): currently 0.0, bound 0.0
INFO:p13c.p13c_itail_slothy_start.split.241_279:OPTIMAL, wall time: 0.013124 s
INFO:p13c.p13c_itail_slothy_start.split.241_279:Booleans in result: 84
INFO:p13c.p13c_itail_slothy_start.split.241_279.selfcheck:OK!
WARNING:p13c:LLVM (llvm-mc, llvm-nm, llvm-readobj) not found, disabling selftest. Consider installing LLVM.
INFO:p13c.p13c_itail_slothy_start.split.241_279:Attempt optimization with max 25 stalls...
INFO:p13c.p13c_itail_slothy_start.split.241_279:Setting timeout of 30 seconds...
INFO:p13c.p13c_itail_slothy_start.split.241_279:Objective: None (any satisfying solution is fine)
INFO:p13c.p13c_itail_slothy_start.split.241_279:Invoking external constraint solver (OR-Tools CP-SAT v9.15.6755) ...
INFO:p13c.p13c_itail_slothy_start.split.241_279:INFEASIBLE, wall time: 0.021139 s
INFO:p13c.p13c_itail_slothy_start.split:[  0- 12]: ***********.................... (11)
INFO:p13c.p13c_itail_slothy_start.split:[ 12- 24]: **************................. (14)
INFO:p13c.p13c_itail_slothy_start.split:[ 24- 36]: ****************............... (16)
INFO:p13c.p13c_itail_slothy_start.split:[ 36- 48]: ****************............... (16)
INFO:p13c.p13c_itail_slothy_start.split:[ 48- 60]: *********************.......... (21)
INFO:p13c.p13c_itail_slothy_start.split:[ 60- 72]: ***********************........ (23)
INFO:p13c.p13c_itail_slothy_start.split:[ 72- 84]: ************************....... (24)
INFO:p13c.p13c_itail_slothy_start.split:[ 84- 96]: ************************....... (24)
INFO:p13c.p13c_itail_slothy_start.split:[ 96-108]: ************************....... (24)
INFO:p13c.p13c_itail_slothy_start.split:[108-120]: ************************....... (24)
INFO:p13c.p13c_itail_slothy_start.split:[120-132]: ***********************........ (23)
INFO:p13c.p13c_itail_slothy_start.split:[132-144]: ************************....... (24)
INFO:p13c.p13c_itail_slothy_start.split:[144-156]: *************************...... (25)
INFO:p13c.p13c_itail_slothy_start.split:[156-168]: ***********************........ (23)
INFO:p13c.p13c_itail_slothy_start.split:[168-180]: ***********************........ (23)
INFO:p13c.p13c_itail_slothy_start.split:[180-192]: *******************............ (19)
INFO:p13c.p13c_itail_slothy_start.split:[192-205]: ********************........... (20)
INFO:p13c.p13c_itail_slothy_start.split:[205-217]: ****************............... (16)
INFO:p13c.p13c_itail_slothy_start.split:[217-229]: *******************............ (19)
INFO:p13c.p13c_itail_slothy_start.split:[229-241]: ******************............. (18)
INFO:p13c.p13c_itail_slothy_start.split:[241-253]: **********************......... (22)
INFO:p13c.p13c_itail_slothy_start.split:[253-265]: **********************......... (22)
INFO:p13c.p13c_itail_slothy_start.split:[265-277]: ***********************........ (23)
INFO:p13c.p13c_itail_slothy_start.split:[277-289]: *************************...... (25)
INFO:p13c.p13c_itail_slothy_start.split:[289-301]: ************************....... (24)
INFO:p13c.p13c_itail_slothy_start.split:[301-313]: **************************..... (26)
INFO:p13c.p13c_itail_slothy_start.split:[313-325]: ************************....... (24)
INFO:p13c.p13c_itail_slothy_start.split:[325-337]: **************************..... (26)
INFO:p13c.p13c_itail_slothy_start.split:[337-349]: ***********************........ (23)
INFO:p13c.p13c_itail_slothy_start.split:[349-361]: *************************...... (25)
INFO:p13c.p13c_itail_slothy_start.split:[361-373]: ************************....... (24)
INFO:p13c.p13c_itail_slothy_start.split:[373-385]: **************************..... (26)
INFO:p13c.p13c_itail_slothy_start.split:[385-397]: ***************************.... (27)
INFO:p13c.p13c_itail_slothy_start.split:[397-410]: ****************************... (28)
INFO:p13c.p13c_itail_slothy_start.split:[410-422]: ****************************... (28)
INFO:p13c.p13c_itail_slothy_start.split:[422-434]: *************************...... (25)
INFO:p13c.p13c_itail_slothy_start.split:[434-446]: ***************************.... (27)
INFO:p13c.p13c_itail_slothy_start.split:[446-458]: *************************...... (25)
INFO:p13c.p13c_itail_slothy_start.split:[458-470]: *****************************.. (29)
INFO:p13c.p13c_itail_slothy_start.split:[470-482]: **************************..... (26)
INFO:p13c.p13c_itail_slothy_start.split:[482-494]: ****************************... (28)
INFO:p13c.p13c_itail_slothy_start.split:[494-506]: ************************....... (24)
INFO:p13c.p13c_itail_slothy_start.split:[506-518]: ***********************........ (23)
INFO:p13c.p13c_itail_slothy_start.split:[518-530]: ***********************........ (23)
INFO:p13c.p13c_itail_slothy_start.split:[530-542]: ***********************........ (23)
INFO:p13c.p13c_itail_slothy_start.split:[542-554]: **************************..... (26)
INFO:p13c.p13c_itail_slothy_start.split:[554-566]: ************************....... (24)
INFO:p13c.p13c_itail_slothy_start.split:[566-578]: ***************************.... (27)
INFO:p13c.p13c_itail_slothy_start.split:[578-590]: ************************....... (24)
INFO:p13c.p13c_itail_slothy_start.split:[590-603]: ******************............. (18)
INFO:p13c.p13c_itail_slothy_start.split.265_303:Perform external binary search for minimal number of stalls...
INFO:p13c.p13c_itail_slothy_start.split.265_303:Attempt optimization with max 0 stalls...
INFO:p13c.p13c_itail_slothy_start.split.265_303:Setting timeout of 30 seconds...
INFO:p13c.p13c_itail_slothy_start.split.265_303:Objective: None (any satisfying solution is fine)
INFO:p13c.p13c_itail_slothy_start.split.265_303:Invoking external constraint solver (OR-Tools CP-SAT v9.15.6755) ...
INFO:p13c.p13c_itail_slothy_start.split.265_303:INFEASIBLE, wall time: 0.000740 s
INFO:p13c.p13c_itail_slothy_start.split.265_303:Attempt optimization with max 1 stalls...
INFO:p13c.p13c_itail_slothy_start.split.265_303:Setting timeout of 30 seconds...
INFO:p13c.p13c_itail_slothy_start.split.265_303:Objective: None (any satisfying solution is fine)
INFO:p13c.p13c_itail_slothy_start.split.265_303:Invoking external constraint solver (OR-Tools CP-SAT v9.15.6755) ...
INFO:p13c.p13c_itail_slothy_start.split.265_303:INFEASIBLE, wall time: 0.000749 s
INFO:p13c.p13c_itail_slothy_start.split.265_303:Attempt optimization with max 2 stalls...
INFO:p13c.p13c_itail_slothy_start.split.265_303:Setting timeout of 30 seconds...
INFO:p13c.p13c_itail_slothy_start.split.265_303:Objective: None (any satisfying solution is fine)
INFO:p13c.p13c_itail_slothy_start.split.265_303:Invoking external constraint solver (OR-Tools CP-SAT v9.15.6755) ...
INFO:p13c.p13c_itail_slothy_start.split.265_303:INFEASIBLE, wall time: 0.000767 s
INFO:p13c.p13c_itail_slothy_start.split.265_303:Attempt optimization with max 4 stalls...
INFO:p13c.p13c_itail_slothy_start.split.265_303:Setting timeout of 30 seconds...
INFO:p13c.p13c_itail_slothy_start.split.265_303:Objective: None (any satisfying solution is fine)
INFO:p13c.p13c_itail_slothy_start.split.265_303:Invoking external constraint solver (OR-Tools CP-SAT v9.15.6755) ...
INFO:p13c.p13c_itail_slothy_start.split.265_303:INFEASIBLE, wall time: 0.000745 s
INFO:p13c.p13c_itail_slothy_start.split.265_303:Attempt optimization with max 8 stalls...
INFO:p13c.p13c_itail_slothy_start.split.265_303:Setting timeout of 30 seconds...
INFO:p13c.p13c_itail_slothy_start.split.265_303:Objective: None (any satisfying solution is fine)
INFO:p13c.p13c_itail_slothy_start.split.265_303:Invoking external constraint solver (OR-Tools CP-SAT v9.15.6755) ...
INFO:p13c.p13c_itail_slothy_start.split.265_303:INFEASIBLE, wall time: 0.000980 s
INFO:p13c.p13c_itail_slothy_start.split.265_303:Attempt optimization with max 16 stalls...
INFO:p13c.p13c_itail_slothy_start.split.265_303:Setting timeout of 30 seconds...
INFO:p13c.p13c_itail_slothy_start.split.265_303:Objective: None (any satisfying solution is fine)
INFO:p13c.p13c_itail_slothy_start.split.265_303:Invoking external constraint solver (OR-Tools CP-SAT v9.15.6755) ...
INFO:p13c.p13c_itail_slothy_start.split.265_303:INFEASIBLE, wall time: 0.002891 s
INFO:p13c.p13c_itail_slothy_start.split.265_303:Attempt optimization with max 32 stalls...
INFO:p13c.p13c_itail_slothy_start.split.265_303:Setting timeout of 30 seconds...
INFO:p13c.p13c_itail_slothy_start.split.265_303:Objective: None (any satisfying solution is fine)
INFO:p13c.p13c_itail_slothy_start.split.265_303:Invoking external constraint solver (OR-Tools CP-SAT v9.15.6755) ...
INFO:p13c.p13c_itail_slothy_start.split.265_303:[0.0148s]: Found 1 solutions so far... objective (no objective): currently 0.0, bound 0.0
INFO:p13c.p13c_itail_slothy_start.split.265_303:OPTIMAL, wall time: 0.018030 s
INFO:p13c.p13c_itail_slothy_start.split.265_303:Booleans in result: 117
INFO:p13c.p13c_itail_slothy_start.split.265_303.selfcheck:OK!
WARNING:p13c:LLVM (llvm-mc, llvm-nm, llvm-readobj) not found, disabling selftest. Consider installing LLVM.
INFO:p13c.p13c_itail_slothy_start.split.265_303:Attempt optimization with max 24 stalls...
INFO:p13c.p13c_itail_slothy_start.split.265_303:Setting timeout of 30 seconds...
INFO:p13c.p13c_itail_slothy_start.split.265_303:Objective: None (any satisfying solution is fine)
INFO:p13c.p13c_itail_slothy_start.split.265_303:Invoking external constraint solver (OR-Tools CP-SAT v9.15.6755) ...
INFO:p13c.p13c_itail_slothy_start.split.265_303:INFEASIBLE, wall time: 0.015666 s
INFO:p13c.p13c_itail_slothy_start.split.265_303:Attempt optimization with max 28 stalls...
INFO:p13c.p13c_itail_slothy_start.split.265_303:Setting timeout of 30 seconds...
INFO:p13c.p13c_itail_slothy_start.split.265_303:Objective: None (any satisfying solution is fine)
INFO:p13c.p13c_itail_slothy_start.split.265_303:Invoking external constraint solver (OR-Tools CP-SAT v9.15.6755) ...
INFO:p13c.p13c_itail_slothy_start.split.265_303:[0.0295s]: Found 1 solutions so far... objective (no objective): currently 0.0, bound 0.0
INFO:p13c.p13c_itail_slothy_start.split.265_303:OPTIMAL, wall time: 0.032961 s
INFO:p13c.p13c_itail_slothy_start.split.265_303:Booleans in result: 184
INFO:p13c.p13c_itail_slothy_start.split.265_303.selfcheck:OK!
WARNING:p13c:LLVM (llvm-mc, llvm-nm, llvm-readobj) not found, disabling selftest. Consider installing LLVM.
INFO:p13c.p13c_itail_slothy_start.split.265_303:Attempt optimization with max 26 stalls...
INFO:p13c.p13c_itail_slothy_start.split.265_303:Setting timeout of 30 seconds...
INFO:p13c.p13c_itail_slothy_start.split.265_303:Objective: None (any satisfying solution is fine)
INFO:p13c.p13c_itail_slothy_start.split.265_303:Invoking external constraint solver (OR-Tools CP-SAT v9.15.6755) ...
INFO:p13c.p13c_itail_slothy_start.split.265_303:INFEASIBLE, wall time: 0.021057 s
INFO:p13c.p13c_itail_slothy_start.split.265_303:Attempt optimization with max 27 stalls...
INFO:p13c.p13c_itail_slothy_start.split.265_303:Setting timeout of 30 seconds...
INFO:p13c.p13c_itail_slothy_start.split.265_303:Objective: None (any satisfying solution is fine)
INFO:p13c.p13c_itail_slothy_start.split.265_303:Invoking external constraint solver (OR-Tools CP-SAT v9.15.6755) ...
INFO:p13c.p13c_itail_slothy_start.split.265_303:INFEASIBLE, wall time: 0.020663 s
INFO:p13c.p13c_itail_slothy_start.split:[  0- 12]: ***********.................... (11)
INFO:p13c.p13c_itail_slothy_start.split:[ 12- 24]: **************................. (14)
INFO:p13c.p13c_itail_slothy_start.split:[ 24- 36]: ****************............... (16)
INFO:p13c.p13c_itail_slothy_start.split:[ 36- 48]: ****************............... (16)
INFO:p13c.p13c_itail_slothy_start.split:[ 48- 60]: *********************.......... (21)
INFO:p13c.p13c_itail_slothy_start.split:[ 60- 72]: ***********************........ (23)
INFO:p13c.p13c_itail_slothy_start.split:[ 72- 84]: ************************....... (24)
INFO:p13c.p13c_itail_slothy_start.split:[ 84- 96]: ************************....... (24)
INFO:p13c.p13c_itail_slothy_start.split:[ 96-108]: ************************....... (24)
INFO:p13c.p13c_itail_slothy_start.split:[108-120]: ************************....... (24)
INFO:p13c.p13c_itail_slothy_start.split:[120-132]: ***********************........ (23)
INFO:p13c.p13c_itail_slothy_start.split:[132-144]: ************************....... (24)
INFO:p13c.p13c_itail_slothy_start.split:[144-156]: *************************...... (25)
INFO:p13c.p13c_itail_slothy_start.split:[156-168]: ***********************........ (23)
INFO:p13c.p13c_itail_slothy_start.split:[168-180]: ***********************........ (23)
INFO:p13c.p13c_itail_slothy_start.split:[180-192]: *******************............ (19)
INFO:p13c.p13c_itail_slothy_start.split:[192-205]: ********************........... (20)
INFO:p13c.p13c_itail_slothy_start.split:[205-217]: ****************............... (16)
INFO:p13c.p13c_itail_slothy_start.split:[217-229]: *******************............ (19)
INFO:p13c.p13c_itail_slothy_start.split:[229-241]: ******************............. (18)
INFO:p13c.p13c_itail_slothy_start.split:[241-253]: *********************.......... (21)
INFO:p13c.p13c_itail_slothy_start.split:[253-265]: *********************.......... (21)
INFO:p13c.p13c_itail_slothy_start.split:[265-277]: ********************........... (20)
INFO:p13c.p13c_itail_slothy_start.split:[277-289]: *********************.......... (21)
INFO:p13c.p13c_itail_slothy_start.split:[289-301]: ***********************........ (23)
INFO:p13c.p13c_itail_slothy_start.split:[301-313]: **************************..... (26)
INFO:p13c.p13c_itail_slothy_start.split:[313-325]: ************************....... (24)
INFO:p13c.p13c_itail_slothy_start.split:[325-337]: **************************..... (26)
INFO:p13c.p13c_itail_slothy_start.split:[337-349]: ***********************........ (23)
INFO:p13c.p13c_itail_slothy_start.split:[349-361]: *************************...... (25)
INFO:p13c.p13c_itail_slothy_start.split:[361-373]: ************************....... (24)
INFO:p13c.p13c_itail_slothy_start.split:[373-385]: **************************..... (26)
INFO:p13c.p13c_itail_slothy_start.split:[385-397]: ***************************.... (27)
INFO:p13c.p13c_itail_slothy_start.split:[397-410]: ****************************... (28)
INFO:p13c.p13c_itail_slothy_start.split:[410-422]: ****************************... (28)
INFO:p13c.p13c_itail_slothy_start.split:[422-434]: *************************...... (25)
INFO:p13c.p13c_itail_slothy_start.split:[434-446]: ***************************.... (27)
INFO:p13c.p13c_itail_slothy_start.split:[446-458]: *************************...... (25)
INFO:p13c.p13c_itail_slothy_start.split:[458-470]: *****************************.. (29)
INFO:p13c.p13c_itail_slothy_start.split:[470-482]: **************************..... (26)
INFO:p13c.p13c_itail_slothy_start.split:[482-494]: ****************************... (28)
INFO:p13c.p13c_itail_slothy_start.split:[494-506]: ************************....... (24)
INFO:p13c.p13c_itail_slothy_start.split:[506-518]: ***********************........ (23)
INFO:p13c.p13c_itail_slothy_start.split:[518-530]: ***********************........ (23)
INFO:p13c.p13c_itail_slothy_start.split:[530-542]: ***********************........ (23)
INFO:p13c.p13c_itail_slothy_start.split:[542-554]: **************************..... (26)
INFO:p13c.p13c_itail_slothy_start.split:[554-566]: ************************....... (24)
INFO:p13c.p13c_itail_slothy_start.split:[566-578]: ***************************.... (27)
INFO:p13c.p13c_itail_slothy_start.split:[578-590]: ************************....... (24)
INFO:p13c.p13c_itail_slothy_start.split:[590-603]: ******************............. (18)
INFO:p13c.p13c_itail_slothy_start.split.289_327:Perform external binary search for minimal number of stalls...
INFO:p13c.p13c_itail_slothy_start.split.289_327:Attempt optimization with max 0 stalls...
INFO:p13c.p13c_itail_slothy_start.split.289_327:Setting timeout of 30 seconds...
INFO:p13c.p13c_itail_slothy_start.split.289_327:Objective: None (any satisfying solution is fine)
INFO:p13c.p13c_itail_slothy_start.split.289_327:Invoking external constraint solver (OR-Tools CP-SAT v9.15.6755) ...
INFO:p13c.p13c_itail_slothy_start.split.289_327:INFEASIBLE, wall time: 0.000879 s
INFO:p13c.p13c_itail_slothy_start.split.289_327:Attempt optimization with max 1 stalls...
INFO:p13c.p13c_itail_slothy_start.split.289_327:Setting timeout of 30 seconds...
INFO:p13c.p13c_itail_slothy_start.split.289_327:Objective: None (any satisfying solution is fine)
INFO:p13c.p13c_itail_slothy_start.split.289_327:Invoking external constraint solver (OR-Tools CP-SAT v9.15.6755) ...
INFO:p13c.p13c_itail_slothy_start.split.289_327:INFEASIBLE, wall time: 0.000789 s
INFO:p13c.p13c_itail_slothy_start.split.289_327:Attempt optimization with max 2 stalls...
INFO:p13c.p13c_itail_slothy_start.split.289_327:Setting timeout of 30 seconds...
INFO:p13c.p13c_itail_slothy_start.split.289_327:Objective: None (any satisfying solution is fine)
INFO:p13c.p13c_itail_slothy_start.split.289_327:Invoking external constraint solver (OR-Tools CP-SAT v9.15.6755) ...
INFO:p13c.p13c_itail_slothy_start.split.289_327:INFEASIBLE, wall time: 0.000790 s
INFO:p13c.p13c_itail_slothy_start.split.289_327:Attempt optimization with max 4 stalls...
INFO:p13c.p13c_itail_slothy_start.split.289_327:Setting timeout of 30 seconds...
INFO:p13c.p13c_itail_slothy_start.split.289_327:Objective: None (any satisfying solution is fine)
INFO:p13c.p13c_itail_slothy_start.split.289_327:Invoking external constraint solver (OR-Tools CP-SAT v9.15.6755) ...
INFO:p13c.p13c_itail_slothy_start.split.289_327:INFEASIBLE, wall time: 0.000875 s
INFO:p13c.p13c_itail_slothy_start.split.289_327:Attempt optimization with max 8 stalls...
INFO:p13c.p13c_itail_slothy_start.split.289_327:Setting timeout of 30 seconds...
INFO:p13c.p13c_itail_slothy_start.split.289_327:Objective: None (any satisfying solution is fine)
INFO:p13c.p13c_itail_slothy_start.split.289_327:Invoking external constraint solver (OR-Tools CP-SAT v9.15.6755) ...
INFO:p13c.p13c_itail_slothy_start.split.289_327:INFEASIBLE, wall time: 0.000731 s
INFO:p13c.p13c_itail_slothy_start.split.289_327:Attempt optimization with max 16 stalls...
INFO:p13c.p13c_itail_slothy_start.split.289_327:Setting timeout of 30 seconds...
INFO:p13c.p13c_itail_slothy_start.split.289_327:Objective: None (any satisfying solution is fine)
INFO:p13c.p13c_itail_slothy_start.split.289_327:Invoking external constraint solver (OR-Tools CP-SAT v9.15.6755) ...
INFO:p13c.p13c_itail_slothy_start.split.289_327:INFEASIBLE, wall time: 0.002853 s
INFO:p13c.p13c_itail_slothy_start.split.289_327:Attempt optimization with max 32 stalls...
INFO:p13c.p13c_itail_slothy_start.split.289_327:Setting timeout of 30 seconds...
INFO:p13c.p13c_itail_slothy_start.split.289_327:Objective: None (any satisfying solution is fine)
INFO:p13c.p13c_itail_slothy_start.split.289_327:Invoking external constraint solver (OR-Tools CP-SAT v9.15.6755) ...
INFO:p13c.p13c_itail_slothy_start.split.289_327:[0.0209s]: Found 1 solutions so far... objective (no objective): currently 0.0, bound 0.0
INFO:p13c.p13c_itail_slothy_start.split.289_327:OPTIMAL, wall time: 0.023867 s
INFO:p13c.p13c_itail_slothy_start.split.289_327:Booleans in result: 116
INFO:p13c.p13c_itail_slothy_start.split.289_327.selfcheck:OK!
WARNING:p13c:LLVM (llvm-mc, llvm-nm, llvm-readobj) not found, disabling selftest. Consider installing LLVM.
INFO:p13c.p13c_itail_slothy_start.split.289_327:Attempt optimization with max 24 stalls...
INFO:p13c.p13c_itail_slothy_start.split.289_327:Setting timeout of 30 seconds...
INFO:p13c.p13c_itail_slothy_start.split.289_327:Objective: None (any satisfying solution is fine)
INFO:p13c.p13c_itail_slothy_start.split.289_327:Invoking external constraint solver (OR-Tools CP-SAT v9.15.6755) ...
INFO:p13c.p13c_itail_slothy_start.split.289_327:INFEASIBLE, wall time: 0.015513 s
INFO:p13c.p13c_itail_slothy_start.split.289_327:Attempt optimization with max 28 stalls...
INFO:p13c.p13c_itail_slothy_start.split.289_327:Setting timeout of 30 seconds...
INFO:p13c.p13c_itail_slothy_start.split.289_327:Objective: None (any satisfying solution is fine)
INFO:p13c.p13c_itail_slothy_start.split.289_327:Invoking external constraint solver (OR-Tools CP-SAT v9.15.6755) ...
INFO:p13c.p13c_itail_slothy_start.split.289_327:INFEASIBLE, wall time: 0.013340 s
INFO:p13c.p13c_itail_slothy_start.split.289_327:Attempt optimization with max 30 stalls...
INFO:p13c.p13c_itail_slothy_start.split.289_327:Setting timeout of 30 seconds...
INFO:p13c.p13c_itail_slothy_start.split.289_327:Objective: None (any satisfying solution is fine)
INFO:p13c.p13c_itail_slothy_start.split.289_327:Invoking external constraint solver (OR-Tools CP-SAT v9.15.6755) ...
INFO:p13c.p13c_itail_slothy_start.split.289_327:INFEASIBLE, wall time: 0.019181 s
INFO:p13c.p13c_itail_slothy_start.split.289_327:Attempt optimization with max 31 stalls...
INFO:p13c.p13c_itail_slothy_start.split.289_327:Setting timeout of 30 seconds...
INFO:p13c.p13c_itail_slothy_start.split.289_327:Objective: None (any satisfying solution is fine)
INFO:p13c.p13c_itail_slothy_start.split.289_327:Invoking external constraint solver (OR-Tools CP-SAT v9.15.6755) ...
INFO:p13c.p13c_itail_slothy_start.split.289_327:[0.0281s]: Found 1 solutions so far... objective (no objective): currently 0.0, bound 0.0
INFO:p13c.p13c_itail_slothy_start.split.289_327:OPTIMAL, wall time: 0.033251 s
INFO:p13c.p13c_itail_slothy_start.split.289_327:Booleans in result: 248
INFO:p13c.p13c_itail_slothy_start.split.289_327.selfcheck:OK!
WARNING:p13c:LLVM (llvm-mc, llvm-nm, llvm-readobj) not found, disabling selftest. Consider installing LLVM.
INFO:p13c.p13c_itail_slothy_start.split:[  0- 12]: ***********.................... (11)
INFO:p13c.p13c_itail_slothy_start.split:[ 12- 24]: **************................. (14)
INFO:p13c.p13c_itail_slothy_start.split:[ 24- 36]: ****************............... (16)
INFO:p13c.p13c_itail_slothy_start.split:[ 36- 48]: ****************............... (16)
INFO:p13c.p13c_itail_slothy_start.split:[ 48- 60]: *********************.......... (21)
INFO:p13c.p13c_itail_slothy_start.split:[ 60- 72]: ***********************........ (23)
INFO:p13c.p13c_itail_slothy_start.split:[ 72- 84]: ************************....... (24)
INFO:p13c.p13c_itail_slothy_start.split:[ 84- 96]: ************************....... (24)
INFO:p13c.p13c_itail_slothy_start.split:[ 96-108]: ************************....... (24)
INFO:p13c.p13c_itail_slothy_start.split:[108-120]: ************************....... (24)
INFO:p13c.p13c_itail_slothy_start.split:[120-132]: ***********************........ (23)
INFO:p13c.p13c_itail_slothy_start.split:[132-144]: ************************....... (24)
INFO:p13c.p13c_itail_slothy_start.split:[144-156]: *************************...... (25)
INFO:p13c.p13c_itail_slothy_start.split:[156-168]: ***********************........ (23)
INFO:p13c.p13c_itail_slothy_start.split:[168-180]: ***********************........ (23)
INFO:p13c.p13c_itail_slothy_start.split:[180-192]: *******************............ (19)
INFO:p13c.p13c_itail_slothy_start.split:[192-205]: ********************........... (20)
INFO:p13c.p13c_itail_slothy_start.split:[205-217]: ****************............... (16)
INFO:p13c.p13c_itail_slothy_start.split:[217-229]: *******************............ (19)
INFO:p13c.p13c_itail_slothy_start.split:[229-241]: ******************............. (18)
INFO:p13c.p13c_itail_slothy_start.split:[241-253]: *********************.......... (21)
INFO:p13c.p13c_itail_slothy_start.split:[253-265]: *********************.......... (21)
INFO:p13c.p13c_itail_slothy_start.split:[265-277]: ********************........... (20)
INFO:p13c.p13c_itail_slothy_start.split:[277-289]: *******************............ (19)
INFO:p13c.p13c_itail_slothy_start.split:[289-301]: *******************............ (19)
INFO:p13c.p13c_itail_slothy_start.split:[301-313]: ***********************........ (23)
INFO:p13c.p13c_itail_slothy_start.split:[313-325]: ************************....... (24)
INFO:p13c.p13c_itail_slothy_start.split:[325-337]: **************************..... (26)
INFO:p13c.p13c_itail_slothy_start.split:[337-349]: ***********************........ (23)
INFO:p13c.p13c_itail_slothy_start.split:[349-361]: *************************...... (25)
INFO:p13c.p13c_itail_slothy_start.split:[361-373]: ************************....... (24)
INFO:p13c.p13c_itail_slothy_start.split:[373-385]: **************************..... (26)
INFO:p13c.p13c_itail_slothy_start.split:[385-397]: ***************************.... (27)
INFO:p13c.p13c_itail_slothy_start.split:[397-410]: ****************************... (28)
INFO:p13c.p13c_itail_slothy_start.split:[410-422]: ****************************... (28)
INFO:p13c.p13c_itail_slothy_start.split:[422-434]: *************************...... (25)
INFO:p13c.p13c_itail_slothy_start.split:[434-446]: ***************************.... (27)
INFO:p13c.p13c_itail_slothy_start.split:[446-458]: *************************...... (25)
INFO:p13c.p13c_itail_slothy_start.split:[458-470]: *****************************.. (29)
INFO:p13c.p13c_itail_slothy_start.split:[470-482]: **************************..... (26)
INFO:p13c.p13c_itail_slothy_start.split:[482-494]: ****************************... (28)
INFO:p13c.p13c_itail_slothy_start.split:[494-506]: ************************....... (24)
INFO:p13c.p13c_itail_slothy_start.split:[506-518]: ***********************........ (23)
INFO:p13c.p13c_itail_slothy_start.split:[518-530]: ***********************........ (23)
INFO:p13c.p13c_itail_slothy_start.split:[530-542]: ***********************........ (23)
INFO:p13c.p13c_itail_slothy_start.split:[542-554]: **************************..... (26)
INFO:p13c.p13c_itail_slothy_start.split:[554-566]: ************************....... (24)
INFO:p13c.p13c_itail_slothy_start.split:[566-578]: ***************************.... (27)
INFO:p13c.p13c_itail_slothy_start.split:[578-590]: ************************....... (24)
INFO:p13c.p13c_itail_slothy_start.split:[590-603]: ******************............. (18)
INFO:p13c.p13c_itail_slothy_start.split.314_351:Perform external binary search for minimal number of stalls...
INFO:p13c.p13c_itail_slothy_start.split.314_351:Attempt optimization with max 0 stalls...
INFO:p13c.p13c_itail_slothy_start.split.314_351:Setting timeout of 30 seconds...
INFO:p13c.p13c_itail_slothy_start.split.314_351:Objective: None (any satisfying solution is fine)
INFO:p13c.p13c_itail_slothy_start.split.314_351:Invoking external constraint solver (OR-Tools CP-SAT v9.15.6755) ...
INFO:p13c.p13c_itail_slothy_start.split.314_351:INFEASIBLE, wall time: 0.000920 s
INFO:p13c.p13c_itail_slothy_start.split.314_351:Attempt optimization with max 1 stalls...
INFO:p13c.p13c_itail_slothy_start.split.314_351:Setting timeout of 30 seconds...
INFO:p13c.p13c_itail_slothy_start.split.314_351:Objective: None (any satisfying solution is fine)
INFO:p13c.p13c_itail_slothy_start.split.314_351:Invoking external constraint solver (OR-Tools CP-SAT v9.15.6755) ...
INFO:p13c.p13c_itail_slothy_start.split.314_351:INFEASIBLE, wall time: 0.000737 s
INFO:p13c.p13c_itail_slothy_start.split.314_351:Attempt optimization with max 2 stalls...
INFO:p13c.p13c_itail_slothy_start.split.314_351:Setting timeout of 30 seconds...
INFO:p13c.p13c_itail_slothy_start.split.314_351:Objective: None (any satisfying solution is fine)
INFO:p13c.p13c_itail_slothy_start.split.314_351:Invoking external constraint solver (OR-Tools CP-SAT v9.15.6755) ...
INFO:p13c.p13c_itail_slothy_start.split.314_351:INFEASIBLE, wall time: 0.000759 s
INFO:p13c.p13c_itail_slothy_start.split.314_351:Attempt optimization with max 4 stalls...
INFO:p13c.p13c_itail_slothy_start.split.314_351:Setting timeout of 30 seconds...
INFO:p13c.p13c_itail_slothy_start.split.314_351:Objective: None (any satisfying solution is fine)
INFO:p13c.p13c_itail_slothy_start.split.314_351:Invoking external constraint solver (OR-Tools CP-SAT v9.15.6755) ...
INFO:p13c.p13c_itail_slothy_start.split.314_351:INFEASIBLE, wall time: 0.000771 s
INFO:p13c.p13c_itail_slothy_start.split.314_351:Attempt optimization with max 8 stalls...
INFO:p13c.p13c_itail_slothy_start.split.314_351:Setting timeout of 30 seconds...
INFO:p13c.p13c_itail_slothy_start.split.314_351:Objective: None (any satisfying solution is fine)
INFO:p13c.p13c_itail_slothy_start.split.314_351:Invoking external constraint solver (OR-Tools CP-SAT v9.15.6755) ...
INFO:p13c.p13c_itail_slothy_start.split.314_351:INFEASIBLE, wall time: 0.000762 s
INFO:p13c.p13c_itail_slothy_start.split.314_351:Attempt optimization with max 16 stalls...
INFO:p13c.p13c_itail_slothy_start.split.314_351:Setting timeout of 30 seconds...
INFO:p13c.p13c_itail_slothy_start.split.314_351:Objective: None (any satisfying solution is fine)
INFO:p13c.p13c_itail_slothy_start.split.314_351:Invoking external constraint solver (OR-Tools CP-SAT v9.15.6755) ...
INFO:p13c.p13c_itail_slothy_start.split.314_351:INFEASIBLE, wall time: 0.002976 s
INFO:p13c.p13c_itail_slothy_start.split.314_351:Attempt optimization with max 32 stalls...
INFO:p13c.p13c_itail_slothy_start.split.314_351:Setting timeout of 30 seconds...
INFO:p13c.p13c_itail_slothy_start.split.314_351:Objective: None (any satisfying solution is fine)
INFO:p13c.p13c_itail_slothy_start.split.314_351:Invoking external constraint solver (OR-Tools CP-SAT v9.15.6755) ...
INFO:p13c.p13c_itail_slothy_start.split.314_351:[0.0207s]: Found 1 solutions so far... objective (no objective): currently 0.0, bound 0.0
INFO:p13c.p13c_itail_slothy_start.split.314_351:OPTIMAL, wall time: 0.025200 s
INFO:p13c.p13c_itail_slothy_start.split.314_351:Booleans in result: 117
INFO:p13c.p13c_itail_slothy_start.split.314_351.selfcheck:OK!
WARNING:p13c:LLVM (llvm-mc, llvm-nm, llvm-readobj) not found, disabling selftest. Consider installing LLVM.
INFO:p13c.p13c_itail_slothy_start.split.314_351:Attempt optimization with max 24 stalls...
INFO:p13c.p13c_itail_slothy_start.split.314_351:Setting timeout of 30 seconds...
INFO:p13c.p13c_itail_slothy_start.split.314_351:Objective: None (any satisfying solution is fine)
INFO:p13c.p13c_itail_slothy_start.split.314_351:Invoking external constraint solver (OR-Tools CP-SAT v9.15.6755) ...
INFO:p13c.p13c_itail_slothy_start.split.314_351:INFEASIBLE, wall time: 0.012612 s
INFO:p13c.p13c_itail_slothy_start.split.314_351:Attempt optimization with max 28 stalls...
INFO:p13c.p13c_itail_slothy_start.split.314_351:Setting timeout of 30 seconds...
INFO:p13c.p13c_itail_slothy_start.split.314_351:Objective: None (any satisfying solution is fine)
INFO:p13c.p13c_itail_slothy_start.split.314_351:Invoking external constraint solver (OR-Tools CP-SAT v9.15.6755) ...
INFO:p13c.p13c_itail_slothy_start.split.314_351:INFEASIBLE, wall time: 0.017680 s
INFO:p13c.p13c_itail_slothy_start.split.314_351:Attempt optimization with max 30 stalls...
INFO:p13c.p13c_itail_slothy_start.split.314_351:Setting timeout of 30 seconds...
INFO:p13c.p13c_itail_slothy_start.split.314_351:Objective: None (any satisfying solution is fine)
INFO:p13c.p13c_itail_slothy_start.split.314_351:Invoking external constraint solver (OR-Tools CP-SAT v9.15.6755) ...
INFO:p13c.p13c_itail_slothy_start.split.314_351:INFEASIBLE, wall time: 0.034805 s
INFO:p13c.p13c_itail_slothy_start.split.314_351:Attempt optimization with max 31 stalls...
INFO:p13c.p13c_itail_slothy_start.split.314_351:Setting timeout of 30 seconds...
INFO:p13c.p13c_itail_slothy_start.split.314_351:Objective: None (any satisfying solution is fine)
INFO:p13c.p13c_itail_slothy_start.split.314_351:Invoking external constraint solver (OR-Tools CP-SAT v9.15.6755) ...
INFO:p13c.p13c_itail_slothy_start.split.314_351:[0.0253s]: Found 1 solutions so far... objective (no objective): currently 0.0, bound 0.0
INFO:p13c.p13c_itail_slothy_start.split.314_351:OPTIMAL, wall time: 0.028366 s
INFO:p13c.p13c_itail_slothy_start.split.314_351:Booleans in result: 84
INFO:p13c.p13c_itail_slothy_start.split.314_351.selfcheck:OK!
WARNING:p13c:LLVM (llvm-mc, llvm-nm, llvm-readobj) not found, disabling selftest. Consider installing LLVM.
INFO:p13c.p13c_itail_slothy_start.split:[  0- 12]: ***********.................... (11)
INFO:p13c.p13c_itail_slothy_start.split:[ 12- 24]: **************................. (14)
INFO:p13c.p13c_itail_slothy_start.split:[ 24- 36]: ****************............... (16)
INFO:p13c.p13c_itail_slothy_start.split:[ 36- 48]: ****************............... (16)
INFO:p13c.p13c_itail_slothy_start.split:[ 48- 60]: *********************.......... (21)
INFO:p13c.p13c_itail_slothy_start.split:[ 60- 72]: ***********************........ (23)
INFO:p13c.p13c_itail_slothy_start.split:[ 72- 84]: ************************....... (24)
INFO:p13c.p13c_itail_slothy_start.split:[ 84- 96]: ************************....... (24)
INFO:p13c.p13c_itail_slothy_start.split:[ 96-108]: ************************....... (24)
INFO:p13c.p13c_itail_slothy_start.split:[108-120]: ************************....... (24)
INFO:p13c.p13c_itail_slothy_start.split:[120-132]: ***********************........ (23)
INFO:p13c.p13c_itail_slothy_start.split:[132-144]: ************************....... (24)
INFO:p13c.p13c_itail_slothy_start.split:[144-156]: *************************...... (25)
INFO:p13c.p13c_itail_slothy_start.split:[156-168]: ***********************........ (23)
INFO:p13c.p13c_itail_slothy_start.split:[168-180]: ***********************........ (23)
INFO:p13c.p13c_itail_slothy_start.split:[180-192]: *******************............ (19)
INFO:p13c.p13c_itail_slothy_start.split:[192-205]: ********************........... (20)
INFO:p13c.p13c_itail_slothy_start.split:[205-217]: ****************............... (16)
INFO:p13c.p13c_itail_slothy_start.split:[217-229]: *******************............ (19)
INFO:p13c.p13c_itail_slothy_start.split:[229-241]: ******************............. (18)
INFO:p13c.p13c_itail_slothy_start.split:[241-253]: *********************.......... (21)
INFO:p13c.p13c_itail_slothy_start.split:[253-265]: *********************.......... (21)
INFO:p13c.p13c_itail_slothy_start.split:[265-277]: ********************........... (20)
INFO:p13c.p13c_itail_slothy_start.split:[277-289]: *******************............ (19)
INFO:p13c.p13c_itail_slothy_start.split:[289-301]: *******************............ (19)
INFO:p13c.p13c_itail_slothy_start.split:[301-313]: ********************........... (20)
INFO:p13c.p13c_itail_slothy_start.split:[313-325]: *********************.......... (21)
INFO:p13c.p13c_itail_slothy_start.split:[325-337]: *********************.......... (21)
INFO:p13c.p13c_itail_slothy_start.split:[337-349]: **********************......... (22)
INFO:p13c.p13c_itail_slothy_start.split:[349-361]: *************************...... (25)
INFO:p13c.p13c_itail_slothy_start.split:[361-373]: *************************...... (25)
INFO:p13c.p13c_itail_slothy_start.split:[373-385]: **************************..... (26)
INFO:p13c.p13c_itail_slothy_start.split:[385-397]: ***************************.... (27)
INFO:p13c.p13c_itail_slothy_start.split:[397-410]: ****************************... (28)
INFO:p13c.p13c_itail_slothy_start.split:[410-422]: ****************************... (28)
INFO:p13c.p13c_itail_slothy_start.split:[422-434]: *************************...... (25)
INFO:p13c.p13c_itail_slothy_start.split:[434-446]: ***************************.... (27)
INFO:p13c.p13c_itail_slothy_start.split:[446-458]: *************************...... (25)
INFO:p13c.p13c_itail_slothy_start.split:[458-470]: *****************************.. (29)
INFO:p13c.p13c_itail_slothy_start.split:[470-482]: **************************..... (26)
INFO:p13c.p13c_itail_slothy_start.split:[482-494]: ****************************... (28)
INFO:p13c.p13c_itail_slothy_start.split:[494-506]: ************************....... (24)
INFO:p13c.p13c_itail_slothy_start.split:[506-518]: ***********************........ (23)
INFO:p13c.p13c_itail_slothy_start.split:[518-530]: ***********************........ (23)
INFO:p13c.p13c_itail_slothy_start.split:[530-542]: ***********************........ (23)
INFO:p13c.p13c_itail_slothy_start.split:[542-554]: **************************..... (26)
INFO:p13c.p13c_itail_slothy_start.split:[554-566]: ************************....... (24)
INFO:p13c.p13c_itail_slothy_start.split:[566-578]: ***************************.... (27)
INFO:p13c.p13c_itail_slothy_start.split:[578-590]: ************************....... (24)
INFO:p13c.p13c_itail_slothy_start.split:[590-603]: ******************............. (18)
INFO:p13c.p13c_itail_slothy_start.split.338_375:Perform external binary search for minimal number of stalls...
INFO:p13c.p13c_itail_slothy_start.split.338_375:Attempt optimization with max 0 stalls...
INFO:p13c.p13c_itail_slothy_start.split.338_375:Setting timeout of 30 seconds...
INFO:p13c.p13c_itail_slothy_start.split.338_375:Objective: None (any satisfying solution is fine)
INFO:p13c.p13c_itail_slothy_start.split.338_375:Invoking external constraint solver (OR-Tools CP-SAT v9.15.6755) ...
INFO:p13c.p13c_itail_slothy_start.split.338_375:INFEASIBLE, wall time: 0.000908 s
INFO:p13c.p13c_itail_slothy_start.split.338_375:Attempt optimization with max 1 stalls...
INFO:p13c.p13c_itail_slothy_start.split.338_375:Setting timeout of 30 seconds...
INFO:p13c.p13c_itail_slothy_start.split.338_375:Objective: None (any satisfying solution is fine)
INFO:p13c.p13c_itail_slothy_start.split.338_375:Invoking external constraint solver (OR-Tools CP-SAT v9.15.6755) ...
INFO:p13c.p13c_itail_slothy_start.split.338_375:INFEASIBLE, wall time: 0.000830 s
INFO:p13c.p13c_itail_slothy_start.split.338_375:Attempt optimization with max 2 stalls...
INFO:p13c.p13c_itail_slothy_start.split.338_375:Setting timeout of 30 seconds...
INFO:p13c.p13c_itail_slothy_start.split.338_375:Objective: None (any satisfying solution is fine)
INFO:p13c.p13c_itail_slothy_start.split.338_375:Invoking external constraint solver (OR-Tools CP-SAT v9.15.6755) ...
INFO:p13c.p13c_itail_slothy_start.split.338_375:INFEASIBLE, wall time: 0.000919 s
INFO:p13c.p13c_itail_slothy_start.split.338_375:Attempt optimization with max 4 stalls...
INFO:p13c.p13c_itail_slothy_start.split.338_375:Setting timeout of 30 seconds...
INFO:p13c.p13c_itail_slothy_start.split.338_375:Objective: None (any satisfying solution is fine)
INFO:p13c.p13c_itail_slothy_start.split.338_375:Invoking external constraint solver (OR-Tools CP-SAT v9.15.6755) ...
INFO:p13c.p13c_itail_slothy_start.split.338_375:INFEASIBLE, wall time: 0.000740 s
INFO:p13c.p13c_itail_slothy_start.split.338_375:Attempt optimization with max 8 stalls...
INFO:p13c.p13c_itail_slothy_start.split.338_375:Setting timeout of 30 seconds...
INFO:p13c.p13c_itail_slothy_start.split.338_375:Objective: None (any satisfying solution is fine)
INFO:p13c.p13c_itail_slothy_start.split.338_375:Invoking external constraint solver (OR-Tools CP-SAT v9.15.6755) ...
INFO:p13c.p13c_itail_slothy_start.split.338_375:INFEASIBLE, wall time: 0.000812 s
INFO:p13c.p13c_itail_slothy_start.split.338_375:Attempt optimization with max 16 stalls...
INFO:p13c.p13c_itail_slothy_start.split.338_375:Setting timeout of 30 seconds...
INFO:p13c.p13c_itail_slothy_start.split.338_375:Objective: None (any satisfying solution is fine)
INFO:p13c.p13c_itail_slothy_start.split.338_375:Invoking external constraint solver (OR-Tools CP-SAT v9.15.6755) ...
INFO:p13c.p13c_itail_slothy_start.split.338_375:INFEASIBLE, wall time: 0.002808 s
INFO:p13c.p13c_itail_slothy_start.split.338_375:Attempt optimization with max 32 stalls...
INFO:p13c.p13c_itail_slothy_start.split.338_375:Setting timeout of 30 seconds...
INFO:p13c.p13c_itail_slothy_start.split.338_375:Objective: None (any satisfying solution is fine)
INFO:p13c.p13c_itail_slothy_start.split.338_375:Invoking external constraint solver (OR-Tools CP-SAT v9.15.6755) ...
INFO:p13c.p13c_itail_slothy_start.split.338_375:[0.0283s]: Found 1 solutions so far... objective (no objective): currently 0.0, bound 0.0
INFO:p13c.p13c_itail_slothy_start.split.338_375:OPTIMAL, wall time: 0.031543 s
INFO:p13c.p13c_itail_slothy_start.split.338_375:Booleans in result: 406
INFO:p13c.p13c_itail_slothy_start.split.338_375.selfcheck:OK!
WARNING:p13c:LLVM (llvm-mc, llvm-nm, llvm-readobj) not found, disabling selftest. Consider installing LLVM.
INFO:p13c.p13c_itail_slothy_start.split.338_375:Attempt optimization with max 24 stalls...
INFO:p13c.p13c_itail_slothy_start.split.338_375:Setting timeout of 30 seconds...
INFO:p13c.p13c_itail_slothy_start.split.338_375:Objective: None (any satisfying solution is fine)
INFO:p13c.p13c_itail_slothy_start.split.338_375:Invoking external constraint solver (OR-Tools CP-SAT v9.15.6755) ...
INFO:p13c.p13c_itail_slothy_start.split.338_375:INFEASIBLE, wall time: 0.014307 s
INFO:p13c.p13c_itail_slothy_start.split.338_375:Attempt optimization with max 28 stalls...
INFO:p13c.p13c_itail_slothy_start.split.338_375:Setting timeout of 30 seconds...
INFO:p13c.p13c_itail_slothy_start.split.338_375:Objective: None (any satisfying solution is fine)
INFO:p13c.p13c_itail_slothy_start.split.338_375:Invoking external constraint solver (OR-Tools CP-SAT v9.15.6755) ...
INFO:p13c.p13c_itail_slothy_start.split.338_375:INFEASIBLE, wall time: 0.015822 s
INFO:p13c.p13c_itail_slothy_start.split.338_375:Attempt optimization with max 30 stalls...
INFO:p13c.p13c_itail_slothy_start.split.338_375:Setting timeout of 30 seconds...
INFO:p13c.p13c_itail_slothy_start.split.338_375:Objective: None (any satisfying solution is fine)
INFO:p13c.p13c_itail_slothy_start.split.338_375:Invoking external constraint solver (OR-Tools CP-SAT v9.15.6755) ...
INFO:p13c.p13c_itail_slothy_start.split.338_375:INFEASIBLE, wall time: 0.018930 s
INFO:p13c.p13c_itail_slothy_start.split.338_375:Attempt optimization with max 31 stalls...
INFO:p13c.p13c_itail_slothy_start.split.338_375:Setting timeout of 30 seconds...
INFO:p13c.p13c_itail_slothy_start.split.338_375:Objective: None (any satisfying solution is fine)
INFO:p13c.p13c_itail_slothy_start.split.338_375:Invoking external constraint solver (OR-Tools CP-SAT v9.15.6755) ...
INFO:p13c.p13c_itail_slothy_start.split.338_375:[0.0277s]: Found 1 solutions so far... objective (no objective): currently 0.0, bound 0.0
INFO:p13c.p13c_itail_slothy_start.split.338_375:OPTIMAL, wall time: 0.030729 s
INFO:p13c.p13c_itail_slothy_start.split.338_375:Booleans in result: 212
INFO:p13c.p13c_itail_slothy_start.split.338_375.selfcheck:OK!
WARNING:p13c:LLVM (llvm-mc, llvm-nm, llvm-readobj) not found, disabling selftest. Consider installing LLVM.
INFO:p13c.p13c_itail_slothy_start.split:[  0- 12]: ***********.................... (11)
INFO:p13c.p13c_itail_slothy_start.split:[ 12- 24]: **************................. (14)
INFO:p13c.p13c_itail_slothy_start.split:[ 24- 36]: ****************............... (16)
INFO:p13c.p13c_itail_slothy_start.split:[ 36- 48]: ****************............... (16)
INFO:p13c.p13c_itail_slothy_start.split:[ 48- 60]: *********************.......... (21)
INFO:p13c.p13c_itail_slothy_start.split:[ 60- 72]: ***********************........ (23)
INFO:p13c.p13c_itail_slothy_start.split:[ 72- 84]: ************************....... (24)
INFO:p13c.p13c_itail_slothy_start.split:[ 84- 96]: ************************....... (24)
INFO:p13c.p13c_itail_slothy_start.split:[ 96-108]: ************************....... (24)
INFO:p13c.p13c_itail_slothy_start.split:[108-120]: ************************....... (24)
INFO:p13c.p13c_itail_slothy_start.split:[120-132]: ***********************........ (23)
INFO:p13c.p13c_itail_slothy_start.split:[132-144]: ************************....... (24)
INFO:p13c.p13c_itail_slothy_start.split:[144-156]: *************************...... (25)
INFO:p13c.p13c_itail_slothy_start.split:[156-168]: ***********************........ (23)
INFO:p13c.p13c_itail_slothy_start.split:[168-180]: ***********************........ (23)
INFO:p13c.p13c_itail_slothy_start.split:[180-192]: *******************............ (19)
INFO:p13c.p13c_itail_slothy_start.split:[192-205]: ********************........... (20)
INFO:p13c.p13c_itail_slothy_start.split:[205-217]: ****************............... (16)
INFO:p13c.p13c_itail_slothy_start.split:[217-229]: *******************............ (19)
INFO:p13c.p13c_itail_slothy_start.split:[229-241]: ******************............. (18)
INFO:p13c.p13c_itail_slothy_start.split:[241-253]: *********************.......... (21)
INFO:p13c.p13c_itail_slothy_start.split:[253-265]: *********************.......... (21)
INFO:p13c.p13c_itail_slothy_start.split:[265-277]: ********************........... (20)
INFO:p13c.p13c_itail_slothy_start.split:[277-289]: *******************............ (19)
INFO:p13c.p13c_itail_slothy_start.split:[289-301]: *******************............ (19)
INFO:p13c.p13c_itail_slothy_start.split:[301-313]: ********************........... (20)
INFO:p13c.p13c_itail_slothy_start.split:[313-325]: *********************.......... (21)
INFO:p13c.p13c_itail_slothy_start.split:[325-337]: ***********************........ (23)
INFO:p13c.p13c_itail_slothy_start.split:[337-349]: ************************....... (24)
INFO:p13c.p13c_itail_slothy_start.split:[349-361]: ***************************.... (27)
INFO:p13c.p13c_itail_slothy_start.split:[361-373]: ***************************.... (27)
INFO:p13c.p13c_itail_slothy_start.split:[373-385]: ***************************.... (27)
INFO:p13c.p13c_itail_slothy_start.split:[385-397]: ****************************... (28)
INFO:p13c.p13c_itail_slothy_start.split:[397-410]: ****************************... (28)
INFO:p13c.p13c_itail_slothy_start.split:[410-422]: ****************************... (28)
INFO:p13c.p13c_itail_slothy_start.split:[422-434]: *************************...... (25)
INFO:p13c.p13c_itail_slothy_start.split:[434-446]: ***************************.... (27)
INFO:p13c.p13c_itail_slothy_start.split:[446-458]: *************************...... (25)
INFO:p13c.p13c_itail_slothy_start.split:[458-470]: *****************************.. (29)
INFO:p13c.p13c_itail_slothy_start.split:[470-482]: **************************..... (26)
INFO:p13c.p13c_itail_slothy_start.split:[482-494]: ****************************... (28)
INFO:p13c.p13c_itail_slothy_start.split:[494-506]: ************************....... (24)
INFO:p13c.p13c_itail_slothy_start.split:[506-518]: ***********************........ (23)
INFO:p13c.p13c_itail_slothy_start.split:[518-530]: ***********************........ (23)
INFO:p13c.p13c_itail_slothy_start.split:[530-542]: ***********************........ (23)
INFO:p13c.p13c_itail_slothy_start.split:[542-554]: **************************..... (26)
INFO:p13c.p13c_itail_slothy_start.split:[554-566]: ************************....... (24)
INFO:p13c.p13c_itail_slothy_start.split:[566-578]: ***************************.... (27)
INFO:p13c.p13c_itail_slothy_start.split:[578-590]: ************************....... (24)
INFO:p13c.p13c_itail_slothy_start.split:[590-603]: ******************............. (18)
INFO:p13c.p13c_itail_slothy_start.split.362_399:Perform external binary search for minimal number of stalls...
INFO:p13c.p13c_itail_slothy_start.split.362_399:Attempt optimization with max 0 stalls...
INFO:p13c.p13c_itail_slothy_start.split.362_399:Setting timeout of 30 seconds...
INFO:p13c.p13c_itail_slothy_start.split.362_399:Objective: None (any satisfying solution is fine)
INFO:p13c.p13c_itail_slothy_start.split.362_399:Invoking external constraint solver (OR-Tools CP-SAT v9.15.6755) ...
INFO:p13c.p13c_itail_slothy_start.split.362_399:INFEASIBLE, wall time: 0.000721 s
INFO:p13c.p13c_itail_slothy_start.split.362_399:Attempt optimization with max 1 stalls...
INFO:p13c.p13c_itail_slothy_start.split.362_399:Setting timeout of 30 seconds...
INFO:p13c.p13c_itail_slothy_start.split.362_399:Objective: None (any satisfying solution is fine)
INFO:p13c.p13c_itail_slothy_start.split.362_399:Invoking external constraint solver (OR-Tools CP-SAT v9.15.6755) ...
INFO:p13c.p13c_itail_slothy_start.split.362_399:INFEASIBLE, wall time: 0.000706 s
INFO:p13c.p13c_itail_slothy_start.split.362_399:Attempt optimization with max 2 stalls...
INFO:p13c.p13c_itail_slothy_start.split.362_399:Setting timeout of 30 seconds...
INFO:p13c.p13c_itail_slothy_start.split.362_399:Objective: None (any satisfying solution is fine)
INFO:p13c.p13c_itail_slothy_start.split.362_399:Invoking external constraint solver (OR-Tools CP-SAT v9.15.6755) ...
INFO:p13c.p13c_itail_slothy_start.split.362_399:INFEASIBLE, wall time: 0.000749 s
INFO:p13c.p13c_itail_slothy_start.split.362_399:Attempt optimization with max 4 stalls...
INFO:p13c.p13c_itail_slothy_start.split.362_399:Setting timeout of 30 seconds...
INFO:p13c.p13c_itail_slothy_start.split.362_399:Objective: None (any satisfying solution is fine)
INFO:p13c.p13c_itail_slothy_start.split.362_399:Invoking external constraint solver (OR-Tools CP-SAT v9.15.6755) ...
INFO:p13c.p13c_itail_slothy_start.split.362_399:INFEASIBLE, wall time: 0.000859 s
INFO:p13c.p13c_itail_slothy_start.split.362_399:Attempt optimization with max 8 stalls...
INFO:p13c.p13c_itail_slothy_start.split.362_399:Setting timeout of 30 seconds...
INFO:p13c.p13c_itail_slothy_start.split.362_399:Objective: None (any satisfying solution is fine)
INFO:p13c.p13c_itail_slothy_start.split.362_399:Invoking external constraint solver (OR-Tools CP-SAT v9.15.6755) ...
INFO:p13c.p13c_itail_slothy_start.split.362_399:INFEASIBLE, wall time: 0.000733 s
INFO:p13c.p13c_itail_slothy_start.split.362_399:Attempt optimization with max 16 stalls...
INFO:p13c.p13c_itail_slothy_start.split.362_399:Setting timeout of 30 seconds...
INFO:p13c.p13c_itail_slothy_start.split.362_399:Objective: None (any satisfying solution is fine)
INFO:p13c.p13c_itail_slothy_start.split.362_399:Invoking external constraint solver (OR-Tools CP-SAT v9.15.6755) ...
INFO:p13c.p13c_itail_slothy_start.split.362_399:INFEASIBLE, wall time: 0.003766 s
INFO:p13c.p13c_itail_slothy_start.split.362_399:Attempt optimization with max 32 stalls...
INFO:p13c.p13c_itail_slothy_start.split.362_399:Setting timeout of 30 seconds...
INFO:p13c.p13c_itail_slothy_start.split.362_399:Objective: None (any satisfying solution is fine)
INFO:p13c.p13c_itail_slothy_start.split.362_399:Invoking external constraint solver (OR-Tools CP-SAT v9.15.6755) ...
INFO:p13c.p13c_itail_slothy_start.split.362_399:[0.0095s]: Found 1 solutions so far... objective (no objective): currently 0.0, bound 0.0
INFO:p13c.p13c_itail_slothy_start.split.362_399:OPTIMAL, wall time: 0.012949 s
INFO:p13c.p13c_itail_slothy_start.split.362_399:Booleans in result: 95
INFO:p13c.p13c_itail_slothy_start.split.362_399.selfcheck:OK!
WARNING:p13c:LLVM (llvm-mc, llvm-nm, llvm-readobj) not found, disabling selftest. Consider installing LLVM.
INFO:p13c.p13c_itail_slothy_start.split.362_399:Attempt optimization with max 24 stalls...
INFO:p13c.p13c_itail_slothy_start.split.362_399:Setting timeout of 30 seconds...
INFO:p13c.p13c_itail_slothy_start.split.362_399:Objective: None (any satisfying solution is fine)
INFO:p13c.p13c_itail_slothy_start.split.362_399:Invoking external constraint solver (OR-Tools CP-SAT v9.15.6755) ...
INFO:p13c.p13c_itail_slothy_start.split.362_399:[0.0264s]: Found 1 solutions so far... objective (no objective): currently 0.0, bound 0.0
INFO:p13c.p13c_itail_slothy_start.split.362_399:[0.0272s]: Found 2 solutions so far... objective (no objective): currently 0.0, bound 0.0
INFO:p13c.p13c_itail_slothy_start.split.362_399:OPTIMAL, wall time: 0.030388 s
INFO:p13c.p13c_itail_slothy_start.split.362_399:Booleans in result: 177
INFO:p13c.p13c_itail_slothy_start.split.362_399.selfcheck:OK!
WARNING:p13c:LLVM (llvm-mc, llvm-nm, llvm-readobj) not found, disabling selftest. Consider installing LLVM.
INFO:p13c.p13c_itail_slothy_start.split.362_399:Attempt optimization with max 20 stalls...
INFO:p13c.p13c_itail_slothy_start.split.362_399:Setting timeout of 30 seconds...
INFO:p13c.p13c_itail_slothy_start.split.362_399:Objective: None (any satisfying solution is fine)
INFO:p13c.p13c_itail_slothy_start.split.362_399:Invoking external constraint solver (OR-Tools CP-SAT v9.15.6755) ...
INFO:p13c.p13c_itail_slothy_start.split.362_399:INFEASIBLE, wall time: 0.012756 s
INFO:p13c.p13c_itail_slothy_start.split.362_399:Attempt optimization with max 22 stalls...
INFO:p13c.p13c_itail_slothy_start.split.362_399:Setting timeout of 30 seconds...
INFO:p13c.p13c_itail_slothy_start.split.362_399:Objective: None (any satisfying solution is fine)
INFO:p13c.p13c_itail_slothy_start.split.362_399:Invoking external constraint solver (OR-Tools CP-SAT v9.15.6755) ...
INFO:p13c.p13c_itail_slothy_start.split.362_399:INFEASIBLE, wall time: 0.014939 s
INFO:p13c.p13c_itail_slothy_start.split.362_399:Attempt optimization with max 23 stalls...
INFO:p13c.p13c_itail_slothy_start.split.362_399:Setting timeout of 30 seconds...
INFO:p13c.p13c_itail_slothy_start.split.362_399:Objective: None (any satisfying solution is fine)
INFO:p13c.p13c_itail_slothy_start.split.362_399:Invoking external constraint solver (OR-Tools CP-SAT v9.15.6755) ...
INFO:p13c.p13c_itail_slothy_start.split.362_399:[0.0210s]: Found 1 solutions so far... objective (no objective): currently 0.0, bound 0.0
INFO:p13c.p13c_itail_slothy_start.split.362_399:OPTIMAL, wall time: 0.024129 s
INFO:p13c.p13c_itail_slothy_start.split.362_399:Booleans in result: 102
INFO:p13c.p13c_itail_slothy_start.split.362_399.selfcheck:OK!
WARNING:p13c:LLVM (llvm-mc, llvm-nm, llvm-readobj) not found, disabling selftest. Consider installing LLVM.
INFO:p13c.p13c_itail_slothy_start.split:[  0- 12]: ***********................... (11)
INFO:p13c.p13c_itail_slothy_start.split:[ 12- 24]: **************................ (14)
INFO:p13c.p13c_itail_slothy_start.split:[ 24- 36]: ****************.............. (16)
INFO:p13c.p13c_itail_slothy_start.split:[ 36- 48]: ****************.............. (16)
INFO:p13c.p13c_itail_slothy_start.split:[ 48- 60]: *********************......... (21)
INFO:p13c.p13c_itail_slothy_start.split:[ 60- 72]: ***********************....... (23)
INFO:p13c.p13c_itail_slothy_start.split:[ 72- 84]: ************************...... (24)
INFO:p13c.p13c_itail_slothy_start.split:[ 84- 96]: ************************...... (24)
INFO:p13c.p13c_itail_slothy_start.split:[ 96-108]: ************************...... (24)
INFO:p13c.p13c_itail_slothy_start.split:[108-120]: ************************...... (24)
INFO:p13c.p13c_itail_slothy_start.split:[120-132]: ***********************....... (23)
INFO:p13c.p13c_itail_slothy_start.split:[132-144]: ************************...... (24)
INFO:p13c.p13c_itail_slothy_start.split:[144-156]: *************************..... (25)
INFO:p13c.p13c_itail_slothy_start.split:[156-168]: ***********************....... (23)
INFO:p13c.p13c_itail_slothy_start.split:[168-180]: ***********************....... (23)
INFO:p13c.p13c_itail_slothy_start.split:[180-192]: *******************........... (19)
INFO:p13c.p13c_itail_slothy_start.split:[192-205]: ********************.......... (20)
INFO:p13c.p13c_itail_slothy_start.split:[205-217]: ****************.............. (16)
INFO:p13c.p13c_itail_slothy_start.split:[217-229]: *******************........... (19)
INFO:p13c.p13c_itail_slothy_start.split:[229-241]: ******************............ (18)
INFO:p13c.p13c_itail_slothy_start.split:[241-253]: *********************......... (21)
INFO:p13c.p13c_itail_slothy_start.split:[253-265]: *********************......... (21)
INFO:p13c.p13c_itail_slothy_start.split:[265-277]: ********************.......... (20)
INFO:p13c.p13c_itail_slothy_start.split:[277-289]: *******************........... (19)
INFO:p13c.p13c_itail_slothy_start.split:[289-301]: *******************........... (19)
INFO:p13c.p13c_itail_slothy_start.split:[301-313]: ********************.......... (20)
INFO:p13c.p13c_itail_slothy_start.split:[313-325]: *********************......... (21)
INFO:p13c.p13c_itail_slothy_start.split:[325-337]: ***********************....... (23)
INFO:p13c.p13c_itail_slothy_start.split:[337-349]: ************************...... (24)
INFO:p13c.p13c_itail_slothy_start.split:[349-361]: *************************..... (25)
INFO:p13c.p13c_itail_slothy_start.split:[361-373]: ***********************....... (23)
INFO:p13c.p13c_itail_slothy_start.split:[373-385]: **********************........ (22)
INFO:p13c.p13c_itail_slothy_start.split:[385-397]: ************************...... (24)
INFO:p13c.p13c_itail_slothy_start.split:[397-410]: **************************.... (26)
INFO:p13c.p13c_itail_slothy_start.split:[410-422]: ***************************... (27)
INFO:p13c.p13c_itail_slothy_start.split:[422-434]: *************************..... (25)
INFO:p13c.p13c_itail_slothy_start.split:[434-446]: ***************************... (27)
INFO:p13c.p13c_itail_slothy_start.split:[446-458]: *************************..... (25)
INFO:p13c.p13c_itail_slothy_start.split:[458-470]: *****************************. (29)
INFO:p13c.p13c_itail_slothy_start.split:[470-482]: **************************.... (26)
INFO:p13c.p13c_itail_slothy_start.split:[482-494]: ****************************.. (28)
INFO:p13c.p13c_itail_slothy_start.split:[494-506]: ************************...... (24)
INFO:p13c.p13c_itail_slothy_start.split:[506-518]: ***********************....... (23)
INFO:p13c.p13c_itail_slothy_start.split:[518-530]: ***********************....... (23)
INFO:p13c.p13c_itail_slothy_start.split:[530-542]: ***********************....... (23)
INFO:p13c.p13c_itail_slothy_start.split:[542-554]: **************************.... (26)
INFO:p13c.p13c_itail_slothy_start.split:[554-566]: ************************...... (24)
INFO:p13c.p13c_itail_slothy_start.split:[566-578]: ***************************... (27)
INFO:p13c.p13c_itail_slothy_start.split:[578-590]: ************************...... (24)
INFO:p13c.p13c_itail_slothy_start.split:[590-603]: ******************............ (18)
INFO:p13c.p13c_itail_slothy_start.split.386_424:Perform external binary search for minimal number of stalls...
INFO:p13c.p13c_itail_slothy_start.split.386_424:Attempt optimization with max 0 stalls...
INFO:p13c.p13c_itail_slothy_start.split.386_424:Setting timeout of 30 seconds...
INFO:p13c.p13c_itail_slothy_start.split.386_424:Objective: None (any satisfying solution is fine)
INFO:p13c.p13c_itail_slothy_start.split.386_424:Invoking external constraint solver (OR-Tools CP-SAT v9.15.6755) ...
INFO:p13c.p13c_itail_slothy_start.split.386_424:INFEASIBLE, wall time: 0.000754 s
INFO:p13c.p13c_itail_slothy_start.split.386_424:Attempt optimization with max 1 stalls...
INFO:p13c.p13c_itail_slothy_start.split.386_424:Setting timeout of 30 seconds...
INFO:p13c.p13c_itail_slothy_start.split.386_424:Objective: None (any satisfying solution is fine)
INFO:p13c.p13c_itail_slothy_start.split.386_424:Invoking external constraint solver (OR-Tools CP-SAT v9.15.6755) ...
INFO:p13c.p13c_itail_slothy_start.split.386_424:INFEASIBLE, wall time: 0.000723 s
INFO:p13c.p13c_itail_slothy_start.split.386_424:Attempt optimization with max 2 stalls...
INFO:p13c.p13c_itail_slothy_start.split.386_424:Setting timeout of 30 seconds...
INFO:p13c.p13c_itail_slothy_start.split.386_424:Objective: None (any satisfying solution is fine)
INFO:p13c.p13c_itail_slothy_start.split.386_424:Invoking external constraint solver (OR-Tools CP-SAT v9.15.6755) ...
INFO:p13c.p13c_itail_slothy_start.split.386_424:INFEASIBLE, wall time: 0.000674 s
INFO:p13c.p13c_itail_slothy_start.split.386_424:Attempt optimization with max 4 stalls...
INFO:p13c.p13c_itail_slothy_start.split.386_424:Setting timeout of 30 seconds...
INFO:p13c.p13c_itail_slothy_start.split.386_424:Objective: None (any satisfying solution is fine)
INFO:p13c.p13c_itail_slothy_start.split.386_424:Invoking external constraint solver (OR-Tools CP-SAT v9.15.6755) ...
INFO:p13c.p13c_itail_slothy_start.split.386_424:INFEASIBLE, wall time: 0.000723 s
INFO:p13c.p13c_itail_slothy_start.split.386_424:Attempt optimization with max 8 stalls...
INFO:p13c.p13c_itail_slothy_start.split.386_424:Setting timeout of 30 seconds...
INFO:p13c.p13c_itail_slothy_start.split.386_424:Objective: None (any satisfying solution is fine)
INFO:p13c.p13c_itail_slothy_start.split.386_424:Invoking external constraint solver (OR-Tools CP-SAT v9.15.6755) ...
INFO:p13c.p13c_itail_slothy_start.split.386_424:INFEASIBLE, wall time: 0.000862 s
INFO:p13c.p13c_itail_slothy_start.split.386_424:Attempt optimization with max 16 stalls...
INFO:p13c.p13c_itail_slothy_start.split.386_424:Setting timeout of 30 seconds...
INFO:p13c.p13c_itail_slothy_start.split.386_424:Objective: None (any satisfying solution is fine)
INFO:p13c.p13c_itail_slothy_start.split.386_424:Invoking external constraint solver (OR-Tools CP-SAT v9.15.6755) ...
INFO:p13c.p13c_itail_slothy_start.split.386_424:INFEASIBLE, wall time: 0.000792 s
INFO:p13c.p13c_itail_slothy_start.split.386_424:Attempt optimization with max 32 stalls...
INFO:p13c.p13c_itail_slothy_start.split.386_424:Setting timeout of 30 seconds...
INFO:p13c.p13c_itail_slothy_start.split.386_424:Objective: None (any satisfying solution is fine)
INFO:p13c.p13c_itail_slothy_start.split.386_424:Invoking external constraint solver (OR-Tools CP-SAT v9.15.6755) ...
INFO:p13c.p13c_itail_slothy_start.split.386_424:[0.0118s]: Found 1 solutions so far... objective (no objective): currently 0.0, bound 0.0
INFO:p13c.p13c_itail_slothy_start.split.386_424:[0.0123s]: Found 2 solutions so far... objective (no objective): currently 0.0, bound 0.0
INFO:p13c.p13c_itail_slothy_start.split.386_424:OPTIMAL, wall time: 0.015245 s
INFO:p13c.p13c_itail_slothy_start.split.386_424:Booleans in result: 81
INFO:p13c.p13c_itail_slothy_start.split.386_424.selfcheck:OK!
WARNING:p13c:LLVM (llvm-mc, llvm-nm, llvm-readobj) not found, disabling selftest. Consider installing LLVM.
INFO:p13c.p13c_itail_slothy_start.split.386_424:Attempt optimization with max 24 stalls...
INFO:p13c.p13c_itail_slothy_start.split.386_424:Setting timeout of 30 seconds...
INFO:p13c.p13c_itail_slothy_start.split.386_424:Objective: None (any satisfying solution is fine)
INFO:p13c.p13c_itail_slothy_start.split.386_424:Invoking external constraint solver (OR-Tools CP-SAT v9.15.6755) ...
INFO:p13c.p13c_itail_slothy_start.split.386_424:INFEASIBLE, wall time: 0.002943 s
INFO:p13c.p13c_itail_slothy_start.split.386_424:Attempt optimization with max 28 stalls...
INFO:p13c.p13c_itail_slothy_start.split.386_424:Setting timeout of 30 seconds...
INFO:p13c.p13c_itail_slothy_start.split.386_424:Objective: None (any satisfying solution is fine)
INFO:p13c.p13c_itail_slothy_start.split.386_424:Invoking external constraint solver (OR-Tools CP-SAT v9.15.6755) ...
INFO:p13c.p13c_itail_slothy_start.split.386_424:[0.0144s]: Found 1 solutions so far... objective (no objective): currently 0.0, bound 0.0
INFO:p13c.p13c_itail_slothy_start.split.386_424:OPTIMAL, wall time: 0.016645 s
INFO:p13c.p13c_itail_slothy_start.split.386_424:Booleans in result: 98
INFO:p13c.p13c_itail_slothy_start.split.386_424.selfcheck:OK!
WARNING:p13c:LLVM (llvm-mc, llvm-nm, llvm-readobj) not found, disabling selftest. Consider installing LLVM.
INFO:p13c.p13c_itail_slothy_start.split.386_424:Attempt optimization with max 26 stalls...
INFO:p13c.p13c_itail_slothy_start.split.386_424:Setting timeout of 30 seconds...
INFO:p13c.p13c_itail_slothy_start.split.386_424:Objective: None (any satisfying solution is fine)
INFO:p13c.p13c_itail_slothy_start.split.386_424:Invoking external constraint solver (OR-Tools CP-SAT v9.15.6755) ...
INFO:p13c.p13c_itail_slothy_start.split.386_424:INFEASIBLE, wall time: 0.012895 s
INFO:p13c.p13c_itail_slothy_start.split.386_424:Attempt optimization with max 27 stalls...
INFO:p13c.p13c_itail_slothy_start.split.386_424:Setting timeout of 30 seconds...
INFO:p13c.p13c_itail_slothy_start.split.386_424:Objective: None (any satisfying solution is fine)
INFO:p13c.p13c_itail_slothy_start.split.386_424:Invoking external constraint solver (OR-Tools CP-SAT v9.15.6755) ...
INFO:p13c.p13c_itail_slothy_start.split.386_424:INFEASIBLE, wall time: 0.018170 s
INFO:p13c.p13c_itail_slothy_start.split:[  0- 12]: ***********................... (11)
INFO:p13c.p13c_itail_slothy_start.split:[ 12- 24]: **************................ (14)
INFO:p13c.p13c_itail_slothy_start.split:[ 24- 36]: ****************.............. (16)
INFO:p13c.p13c_itail_slothy_start.split:[ 36- 48]: ****************.............. (16)
INFO:p13c.p13c_itail_slothy_start.split:[ 48- 60]: *********************......... (21)
INFO:p13c.p13c_itail_slothy_start.split:[ 60- 72]: ***********************....... (23)
INFO:p13c.p13c_itail_slothy_start.split:[ 72- 84]: ************************...... (24)
INFO:p13c.p13c_itail_slothy_start.split:[ 84- 96]: ************************...... (24)
INFO:p13c.p13c_itail_slothy_start.split:[ 96-108]: ************************...... (24)
INFO:p13c.p13c_itail_slothy_start.split:[108-120]: ************************...... (24)
INFO:p13c.p13c_itail_slothy_start.split:[120-132]: ***********************....... (23)
INFO:p13c.p13c_itail_slothy_start.split:[132-144]: ************************...... (24)
INFO:p13c.p13c_itail_slothy_start.split:[144-156]: *************************..... (25)
INFO:p13c.p13c_itail_slothy_start.split:[156-168]: ***********************....... (23)
INFO:p13c.p13c_itail_slothy_start.split:[168-180]: ***********************....... (23)
INFO:p13c.p13c_itail_slothy_start.split:[180-192]: *******************........... (19)
INFO:p13c.p13c_itail_slothy_start.split:[192-205]: ********************.......... (20)
INFO:p13c.p13c_itail_slothy_start.split:[205-217]: ****************.............. (16)
INFO:p13c.p13c_itail_slothy_start.split:[217-229]: *******************........... (19)
INFO:p13c.p13c_itail_slothy_start.split:[229-241]: ******************............ (18)
INFO:p13c.p13c_itail_slothy_start.split:[241-253]: *********************......... (21)
INFO:p13c.p13c_itail_slothy_start.split:[253-265]: *********************......... (21)
INFO:p13c.p13c_itail_slothy_start.split:[265-277]: ********************.......... (20)
INFO:p13c.p13c_itail_slothy_start.split:[277-289]: *******************........... (19)
INFO:p13c.p13c_itail_slothy_start.split:[289-301]: *******************........... (19)
INFO:p13c.p13c_itail_slothy_start.split:[301-313]: ********************.......... (20)
INFO:p13c.p13c_itail_slothy_start.split:[313-325]: *********************......... (21)
INFO:p13c.p13c_itail_slothy_start.split:[325-337]: ***********************....... (23)
INFO:p13c.p13c_itail_slothy_start.split:[337-349]: ************************...... (24)
INFO:p13c.p13c_itail_slothy_start.split:[349-361]: *************************..... (25)
INFO:p13c.p13c_itail_slothy_start.split:[361-373]: ***********************....... (23)
INFO:p13c.p13c_itail_slothy_start.split:[373-385]: **********************........ (22)
INFO:p13c.p13c_itail_slothy_start.split:[385-397]: **********************........ (22)
INFO:p13c.p13c_itail_slothy_start.split:[397-410]: ************************...... (24)
INFO:p13c.p13c_itail_slothy_start.split:[410-422]: *************************..... (25)
INFO:p13c.p13c_itail_slothy_start.split:[422-434]: ************************...... (24)
INFO:p13c.p13c_itail_slothy_start.split:[434-446]: **************************.... (26)
INFO:p13c.p13c_itail_slothy_start.split:[446-458]: *************************..... (25)
INFO:p13c.p13c_itail_slothy_start.split:[458-470]: *****************************. (29)
INFO:p13c.p13c_itail_slothy_start.split:[470-482]: **************************.... (26)
INFO:p13c.p13c_itail_slothy_start.split:[482-494]: ****************************.. (28)
INFO:p13c.p13c_itail_slothy_start.split:[494-506]: ************************...... (24)
INFO:p13c.p13c_itail_slothy_start.split:[506-518]: ***********************....... (23)
INFO:p13c.p13c_itail_slothy_start.split:[518-530]: ***********************....... (23)
INFO:p13c.p13c_itail_slothy_start.split:[530-542]: ***********************....... (23)
INFO:p13c.p13c_itail_slothy_start.split:[542-554]: **************************.... (26)
INFO:p13c.p13c_itail_slothy_start.split:[554-566]: ************************...... (24)
INFO:p13c.p13c_itail_slothy_start.split:[566-578]: ***************************... (27)
INFO:p13c.p13c_itail_slothy_start.split:[578-590]: ************************...... (24)
INFO:p13c.p13c_itail_slothy_start.split:[590-603]: ******************............ (18)
INFO:p13c.p13c_itail_slothy_start.split.410_448:Perform external binary search for minimal number of stalls...
INFO:p13c.p13c_itail_slothy_start.split.410_448:Attempt optimization with max 0 stalls...
INFO:p13c.p13c_itail_slothy_start.split.410_448:Setting timeout of 30 seconds...
INFO:p13c.p13c_itail_slothy_start.split.410_448:Objective: None (any satisfying solution is fine)
INFO:p13c.p13c_itail_slothy_start.split.410_448:Invoking external constraint solver (OR-Tools CP-SAT v9.15.6755) ...
INFO:p13c.p13c_itail_slothy_start.split.410_448:INFEASIBLE, wall time: 0.000873 s
INFO:p13c.p13c_itail_slothy_start.split.410_448:Attempt optimization with max 1 stalls...
INFO:p13c.p13c_itail_slothy_start.split.410_448:Setting timeout of 30 seconds...
INFO:p13c.p13c_itail_slothy_start.split.410_448:Objective: None (any satisfying solution is fine)
INFO:p13c.p13c_itail_slothy_start.split.410_448:Invoking external constraint solver (OR-Tools CP-SAT v9.15.6755) ...
INFO:p13c.p13c_itail_slothy_start.split.410_448:INFEASIBLE, wall time: 0.000701 s
INFO:p13c.p13c_itail_slothy_start.split.410_448:Attempt optimization with max 2 stalls...
INFO:p13c.p13c_itail_slothy_start.split.410_448:Setting timeout of 30 seconds...
INFO:p13c.p13c_itail_slothy_start.split.410_448:Objective: None (any satisfying solution is fine)
INFO:p13c.p13c_itail_slothy_start.split.410_448:Invoking external constraint solver (OR-Tools CP-SAT v9.15.6755) ...
INFO:p13c.p13c_itail_slothy_start.split.410_448:INFEASIBLE, wall time: 0.000711 s
INFO:p13c.p13c_itail_slothy_start.split.410_448:Attempt optimization with max 4 stalls...
INFO:p13c.p13c_itail_slothy_start.split.410_448:Setting timeout of 30 seconds...
INFO:p13c.p13c_itail_slothy_start.split.410_448:Objective: None (any satisfying solution is fine)
INFO:p13c.p13c_itail_slothy_start.split.410_448:Invoking external constraint solver (OR-Tools CP-SAT v9.15.6755) ...
INFO:p13c.p13c_itail_slothy_start.split.410_448:INFEASIBLE, wall time: 0.000867 s
INFO:p13c.p13c_itail_slothy_start.split.410_448:Attempt optimization with max 8 stalls...
INFO:p13c.p13c_itail_slothy_start.split.410_448:Setting timeout of 30 seconds...
INFO:p13c.p13c_itail_slothy_start.split.410_448:Objective: None (any satisfying solution is fine)
INFO:p13c.p13c_itail_slothy_start.split.410_448:Invoking external constraint solver (OR-Tools CP-SAT v9.15.6755) ...
INFO:p13c.p13c_itail_slothy_start.split.410_448:INFEASIBLE, wall time: 0.000723 s
INFO:p13c.p13c_itail_slothy_start.split.410_448:Attempt optimization with max 16 stalls...
INFO:p13c.p13c_itail_slothy_start.split.410_448:Setting timeout of 30 seconds...
INFO:p13c.p13c_itail_slothy_start.split.410_448:Objective: None (any satisfying solution is fine)
INFO:p13c.p13c_itail_slothy_start.split.410_448:Invoking external constraint solver (OR-Tools CP-SAT v9.15.6755) ...
INFO:p13c.p13c_itail_slothy_start.split.410_448:INFEASIBLE, wall time: 0.002860 s
INFO:p13c.p13c_itail_slothy_start.split.410_448:Attempt optimization with max 32 stalls...
INFO:p13c.p13c_itail_slothy_start.split.410_448:Setting timeout of 30 seconds...
INFO:p13c.p13c_itail_slothy_start.split.410_448:Objective: None (any satisfying solution is fine)
INFO:p13c.p13c_itail_slothy_start.split.410_448:Invoking external constraint solver (OR-Tools CP-SAT v9.15.6755) ...
INFO:p13c.p13c_itail_slothy_start.split.410_448:[0.0104s]: Found 1 solutions so far... objective (no objective): currently 0.0, bound 0.0
INFO:p13c.p13c_itail_slothy_start.split.410_448:OPTIMAL, wall time: 0.013251 s
INFO:p13c.p13c_itail_slothy_start.split.410_448:Booleans in result: 85
INFO:p13c.p13c_itail_slothy_start.split.410_448.selfcheck:OK!
WARNING:p13c:LLVM (llvm-mc, llvm-nm, llvm-readobj) not found, disabling selftest. Consider installing LLVM.
INFO:p13c.p13c_itail_slothy_start.split.410_448:Attempt optimization with max 24 stalls...
INFO:p13c.p13c_itail_slothy_start.split.410_448:Setting timeout of 30 seconds...
INFO:p13c.p13c_itail_slothy_start.split.410_448:Objective: None (any satisfying solution is fine)
INFO:p13c.p13c_itail_slothy_start.split.410_448:Invoking external constraint solver (OR-Tools CP-SAT v9.15.6755) ...
INFO:p13c.p13c_itail_slothy_start.split.410_448:INFEASIBLE, wall time: 0.015762 s
INFO:p13c.p13c_itail_slothy_start.split.410_448:Attempt optimization with max 28 stalls...
INFO:p13c.p13c_itail_slothy_start.split.410_448:Setting timeout of 30 seconds...
INFO:p13c.p13c_itail_slothy_start.split.410_448:Objective: None (any satisfying solution is fine)
INFO:p13c.p13c_itail_slothy_start.split.410_448:Invoking external constraint solver (OR-Tools CP-SAT v9.15.6755) ...
INFO:p13c.p13c_itail_slothy_start.split.410_448:[0.0215s]: Found 1 solutions so far... objective (no objective): currently 0.0, bound 0.0
INFO:p13c.p13c_itail_slothy_start.split.410_448:OPTIMAL, wall time: 0.024380 s
INFO:p13c.p13c_itail_slothy_start.split.410_448:Booleans in result: 124
INFO:p13c.p13c_itail_slothy_start.split.410_448.selfcheck:OK!
WARNING:p13c:LLVM (llvm-mc, llvm-nm, llvm-readobj) not found, disabling selftest. Consider installing LLVM.
INFO:p13c.p13c_itail_slothy_start.split.410_448:Attempt optimization with max 26 stalls...
INFO:p13c.p13c_itail_slothy_start.split.410_448:Setting timeout of 30 seconds...
INFO:p13c.p13c_itail_slothy_start.split.410_448:Objective: None (any satisfying solution is fine)
INFO:p13c.p13c_itail_slothy_start.split.410_448:Invoking external constraint solver (OR-Tools CP-SAT v9.15.6755) ...
INFO:p13c.p13c_itail_slothy_start.split.410_448:INFEASIBLE, wall time: 0.029843 s
INFO:p13c.p13c_itail_slothy_start.split.410_448:Attempt optimization with max 27 stalls...
INFO:p13c.p13c_itail_slothy_start.split.410_448:Setting timeout of 30 seconds...
INFO:p13c.p13c_itail_slothy_start.split.410_448:Objective: None (any satisfying solution is fine)
INFO:p13c.p13c_itail_slothy_start.split.410_448:Invoking external constraint solver (OR-Tools CP-SAT v9.15.6755) ...
INFO:p13c.p13c_itail_slothy_start.split.410_448:INFEASIBLE, wall time: 0.020285 s
INFO:p13c.p13c_itail_slothy_start.split:[  0- 12]: ***********................... (11)
INFO:p13c.p13c_itail_slothy_start.split:[ 12- 24]: **************................ (14)
INFO:p13c.p13c_itail_slothy_start.split:[ 24- 36]: ****************.............. (16)
INFO:p13c.p13c_itail_slothy_start.split:[ 36- 48]: ****************.............. (16)
INFO:p13c.p13c_itail_slothy_start.split:[ 48- 60]: *********************......... (21)
INFO:p13c.p13c_itail_slothy_start.split:[ 60- 72]: ***********************....... (23)
INFO:p13c.p13c_itail_slothy_start.split:[ 72- 84]: ************************...... (24)
INFO:p13c.p13c_itail_slothy_start.split:[ 84- 96]: ************************...... (24)
INFO:p13c.p13c_itail_slothy_start.split:[ 96-108]: ************************...... (24)
INFO:p13c.p13c_itail_slothy_start.split:[108-120]: ************************...... (24)
INFO:p13c.p13c_itail_slothy_start.split:[120-132]: ***********************....... (23)
INFO:p13c.p13c_itail_slothy_start.split:[132-144]: ************************...... (24)
INFO:p13c.p13c_itail_slothy_start.split:[144-156]: *************************..... (25)
INFO:p13c.p13c_itail_slothy_start.split:[156-168]: ***********************....... (23)
INFO:p13c.p13c_itail_slothy_start.split:[168-180]: ***********************....... (23)
INFO:p13c.p13c_itail_slothy_start.split:[180-192]: *******************........... (19)
INFO:p13c.p13c_itail_slothy_start.split:[192-205]: ********************.......... (20)
INFO:p13c.p13c_itail_slothy_start.split:[205-217]: ****************.............. (16)
INFO:p13c.p13c_itail_slothy_start.split:[217-229]: *******************........... (19)
INFO:p13c.p13c_itail_slothy_start.split:[229-241]: ******************............ (18)
INFO:p13c.p13c_itail_slothy_start.split:[241-253]: *********************......... (21)
INFO:p13c.p13c_itail_slothy_start.split:[253-265]: *********************......... (21)
INFO:p13c.p13c_itail_slothy_start.split:[265-277]: ********************.......... (20)
INFO:p13c.p13c_itail_slothy_start.split:[277-289]: *******************........... (19)
INFO:p13c.p13c_itail_slothy_start.split:[289-301]: *******************........... (19)
INFO:p13c.p13c_itail_slothy_start.split:[301-313]: ********************.......... (20)
INFO:p13c.p13c_itail_slothy_start.split:[313-325]: *********************......... (21)
INFO:p13c.p13c_itail_slothy_start.split:[325-337]: ***********************....... (23)
INFO:p13c.p13c_itail_slothy_start.split:[337-349]: ************************...... (24)
INFO:p13c.p13c_itail_slothy_start.split:[349-361]: *************************..... (25)
INFO:p13c.p13c_itail_slothy_start.split:[361-373]: ***********************....... (23)
INFO:p13c.p13c_itail_slothy_start.split:[373-385]: **********************........ (22)
INFO:p13c.p13c_itail_slothy_start.split:[385-397]: **********************........ (22)
INFO:p13c.p13c_itail_slothy_start.split:[397-410]: ***********************....... (23)
INFO:p13c.p13c_itail_slothy_start.split:[410-422]: ************************...... (24)
INFO:p13c.p13c_itail_slothy_start.split:[422-434]: *************************..... (25)
INFO:p13c.p13c_itail_slothy_start.split:[434-446]: ****************************.. (28)
INFO:p13c.p13c_itail_slothy_start.split:[446-458]: **************************.... (26)
INFO:p13c.p13c_itail_slothy_start.split:[458-470]: *****************************. (29)
INFO:p13c.p13c_itail_slothy_start.split:[470-482]: **************************.... (26)
INFO:p13c.p13c_itail_slothy_start.split:[482-494]: ****************************.. (28)
INFO:p13c.p13c_itail_slothy_start.split:[494-506]: ************************...... (24)
INFO:p13c.p13c_itail_slothy_start.split:[506-518]: ***********************....... (23)
INFO:p13c.p13c_itail_slothy_start.split:[518-530]: ***********************....... (23)
INFO:p13c.p13c_itail_slothy_start.split:[530-542]: ***********************....... (23)
INFO:p13c.p13c_itail_slothy_start.split:[542-554]: **************************.... (26)
INFO:p13c.p13c_itail_slothy_start.split:[554-566]: ************************...... (24)
INFO:p13c.p13c_itail_slothy_start.split:[566-578]: ***************************... (27)
INFO:p13c.p13c_itail_slothy_start.split:[578-590]: ************************...... (24)
INFO:p13c.p13c_itail_slothy_start.split:[590-603]: ******************............ (18)
INFO:p13c.p13c_itail_slothy_start.split.434_472:Perform external binary search for minimal number of stalls...
INFO:p13c.p13c_itail_slothy_start.split.434_472:Attempt optimization with max 0 stalls...
INFO:p13c.p13c_itail_slothy_start.split.434_472:Setting timeout of 30 seconds...
INFO:p13c.p13c_itail_slothy_start.split.434_472:Objective: None (any satisfying solution is fine)
INFO:p13c.p13c_itail_slothy_start.split.434_472:Invoking external constraint solver (OR-Tools CP-SAT v9.15.6755) ...
INFO:p13c.p13c_itail_slothy_start.split.434_472:INFEASIBLE, wall time: 0.000883 s
INFO:p13c.p13c_itail_slothy_start.split.434_472:Attempt optimization with max 1 stalls...
INFO:p13c.p13c_itail_slothy_start.split.434_472:Setting timeout of 30 seconds...
INFO:p13c.p13c_itail_slothy_start.split.434_472:Objective: None (any satisfying solution is fine)
INFO:p13c.p13c_itail_slothy_start.split.434_472:Invoking external constraint solver (OR-Tools CP-SAT v9.15.6755) ...
INFO:p13c.p13c_itail_slothy_start.split.434_472:INFEASIBLE, wall time: 0.000899 s
INFO:p13c.p13c_itail_slothy_start.split.434_472:Attempt optimization with max 2 stalls...
INFO:p13c.p13c_itail_slothy_start.split.434_472:Setting timeout of 30 seconds...
INFO:p13c.p13c_itail_slothy_start.split.434_472:Objective: None (any satisfying solution is fine)
INFO:p13c.p13c_itail_slothy_start.split.434_472:Invoking external constraint solver (OR-Tools CP-SAT v9.15.6755) ...
INFO:p13c.p13c_itail_slothy_start.split.434_472:INFEASIBLE, wall time: 0.000829 s
INFO:p13c.p13c_itail_slothy_start.split.434_472:Attempt optimization with max 4 stalls...
INFO:p13c.p13c_itail_slothy_start.split.434_472:Setting timeout of 30 seconds...
INFO:p13c.p13c_itail_slothy_start.split.434_472:Objective: None (any satisfying solution is fine)
INFO:p13c.p13c_itail_slothy_start.split.434_472:Invoking external constraint solver (OR-Tools CP-SAT v9.15.6755) ...
INFO:p13c.p13c_itail_slothy_start.split.434_472:INFEASIBLE, wall time: 0.000712 s
INFO:p13c.p13c_itail_slothy_start.split.434_472:Attempt optimization with max 8 stalls...
INFO:p13c.p13c_itail_slothy_start.split.434_472:Setting timeout of 30 seconds...
INFO:p13c.p13c_itail_slothy_start.split.434_472:Objective: None (any satisfying solution is fine)
INFO:p13c.p13c_itail_slothy_start.split.434_472:Invoking external constraint solver (OR-Tools CP-SAT v9.15.6755) ...
INFO:p13c.p13c_itail_slothy_start.split.434_472:INFEASIBLE, wall time: 0.000692 s
INFO:p13c.p13c_itail_slothy_start.split.434_472:Attempt optimization with max 16 stalls...
INFO:p13c.p13c_itail_slothy_start.split.434_472:Setting timeout of 30 seconds...
INFO:p13c.p13c_itail_slothy_start.split.434_472:Objective: None (any satisfying solution is fine)
INFO:p13c.p13c_itail_slothy_start.split.434_472:Invoking external constraint solver (OR-Tools CP-SAT v9.15.6755) ...
INFO:p13c.p13c_itail_slothy_start.split.434_472:INFEASIBLE, wall time: 0.000814 s
INFO:p13c.p13c_itail_slothy_start.split.434_472:Attempt optimization with max 32 stalls...
INFO:p13c.p13c_itail_slothy_start.split.434_472:Setting timeout of 30 seconds...
INFO:p13c.p13c_itail_slothy_start.split.434_472:Objective: None (any satisfying solution is fine)
INFO:p13c.p13c_itail_slothy_start.split.434_472:Invoking external constraint solver (OR-Tools CP-SAT v9.15.6755) ...
INFO:p13c.p13c_itail_slothy_start.split.434_472:[0.0355s]: Found 1 solutions so far... objective (no objective): currently 0.0, bound 0.0
INFO:p13c.p13c_itail_slothy_start.split.434_472:OPTIMAL, wall time: 0.039871 s
INFO:p13c.p13c_itail_slothy_start.split.434_472:Booleans in result: 159
INFO:p13c.p13c_itail_slothy_start.split.434_472.selfcheck:OK!
WARNING:p13c:LLVM (llvm-mc, llvm-nm, llvm-readobj) not found, disabling selftest. Consider installing LLVM.
INFO:p13c.p13c_itail_slothy_start.split.434_472:Attempt optimization with max 24 stalls...
INFO:p13c.p13c_itail_slothy_start.split.434_472:Setting timeout of 30 seconds...
INFO:p13c.p13c_itail_slothy_start.split.434_472:Objective: None (any satisfying solution is fine)
INFO:p13c.p13c_itail_slothy_start.split.434_472:Invoking external constraint solver (OR-Tools CP-SAT v9.15.6755) ...
INFO:p13c.p13c_itail_slothy_start.split.434_472:INFEASIBLE, wall time: 0.002841 s
INFO:p13c.p13c_itail_slothy_start.split.434_472:Attempt optimization with max 28 stalls...
INFO:p13c.p13c_itail_slothy_start.split.434_472:Setting timeout of 30 seconds...
INFO:p13c.p13c_itail_slothy_start.split.434_472:Objective: None (any satisfying solution is fine)
INFO:p13c.p13c_itail_slothy_start.split.434_472:Invoking external constraint solver (OR-Tools CP-SAT v9.15.6755) ...
INFO:p13c.p13c_itail_slothy_start.split.434_472:INFEASIBLE, wall time: 0.017811 s
INFO:p13c.p13c_itail_slothy_start.split.434_472:Attempt optimization with max 30 stalls...
INFO:p13c.p13c_itail_slothy_start.split.434_472:Setting timeout of 30 seconds...
INFO:p13c.p13c_itail_slothy_start.split.434_472:Objective: None (any satisfying solution is fine)
INFO:p13c.p13c_itail_slothy_start.split.434_472:Invoking external constraint solver (OR-Tools CP-SAT v9.15.6755) ...
INFO:p13c.p13c_itail_slothy_start.split.434_472:INFEASIBLE, wall time: 0.024417 s
INFO:p13c.p13c_itail_slothy_start.split.434_472:Attempt optimization with max 31 stalls...
INFO:p13c.p13c_itail_slothy_start.split.434_472:Setting timeout of 30 seconds...
INFO:p13c.p13c_itail_slothy_start.split.434_472:Objective: None (any satisfying solution is fine)
INFO:p13c.p13c_itail_slothy_start.split.434_472:Invoking external constraint solver (OR-Tools CP-SAT v9.15.6755) ...
INFO:p13c.p13c_itail_slothy_start.split.434_472:INFEASIBLE, wall time: 0.026573 s
INFO:p13c.p13c_itail_slothy_start.split:[  0- 12]: ***********................... (11)
INFO:p13c.p13c_itail_slothy_start.split:[ 12- 24]: **************................ (14)
INFO:p13c.p13c_itail_slothy_start.split:[ 24- 36]: ****************.............. (16)
INFO:p13c.p13c_itail_slothy_start.split:[ 36- 48]: ****************.............. (16)
INFO:p13c.p13c_itail_slothy_start.split:[ 48- 60]: *********************......... (21)
INFO:p13c.p13c_itail_slothy_start.split:[ 60- 72]: ***********************....... (23)
INFO:p13c.p13c_itail_slothy_start.split:[ 72- 84]: ************************...... (24)
INFO:p13c.p13c_itail_slothy_start.split:[ 84- 96]: ************************...... (24)
INFO:p13c.p13c_itail_slothy_start.split:[ 96-108]: ************************...... (24)
INFO:p13c.p13c_itail_slothy_start.split:[108-120]: ************************...... (24)
INFO:p13c.p13c_itail_slothy_start.split:[120-132]: ***********************....... (23)
INFO:p13c.p13c_itail_slothy_start.split:[132-144]: ************************...... (24)
INFO:p13c.p13c_itail_slothy_start.split:[144-156]: *************************..... (25)
INFO:p13c.p13c_itail_slothy_start.split:[156-168]: ***********************....... (23)
INFO:p13c.p13c_itail_slothy_start.split:[168-180]: ***********************....... (23)
INFO:p13c.p13c_itail_slothy_start.split:[180-192]: *******************........... (19)
INFO:p13c.p13c_itail_slothy_start.split:[192-205]: ********************.......... (20)
INFO:p13c.p13c_itail_slothy_start.split:[205-217]: ****************.............. (16)
INFO:p13c.p13c_itail_slothy_start.split:[217-229]: *******************........... (19)
INFO:p13c.p13c_itail_slothy_start.split:[229-241]: ******************............ (18)
INFO:p13c.p13c_itail_slothy_start.split:[241-253]: *********************......... (21)
INFO:p13c.p13c_itail_slothy_start.split:[253-265]: *********************......... (21)
INFO:p13c.p13c_itail_slothy_start.split:[265-277]: ********************.......... (20)
INFO:p13c.p13c_itail_slothy_start.split:[277-289]: *******************........... (19)
INFO:p13c.p13c_itail_slothy_start.split:[289-301]: *******************........... (19)
INFO:p13c.p13c_itail_slothy_start.split:[301-313]: ********************.......... (20)
INFO:p13c.p13c_itail_slothy_start.split:[313-325]: *********************......... (21)
INFO:p13c.p13c_itail_slothy_start.split:[325-337]: ***********************....... (23)
INFO:p13c.p13c_itail_slothy_start.split:[337-349]: ************************...... (24)
INFO:p13c.p13c_itail_slothy_start.split:[349-361]: *************************..... (25)
INFO:p13c.p13c_itail_slothy_start.split:[361-373]: ***********************....... (23)
INFO:p13c.p13c_itail_slothy_start.split:[373-385]: **********************........ (22)
INFO:p13c.p13c_itail_slothy_start.split:[385-397]: **********************........ (22)
INFO:p13c.p13c_itail_slothy_start.split:[397-410]: ***********************....... (23)
INFO:p13c.p13c_itail_slothy_start.split:[410-422]: ************************...... (24)
INFO:p13c.p13c_itail_slothy_start.split:[422-434]: ********************.......... (20)
INFO:p13c.p13c_itail_slothy_start.split:[434-446]: ********************.......... (20)
INFO:p13c.p13c_itail_slothy_start.split:[446-458]: ********************.......... (20)
INFO:p13c.p13c_itail_slothy_start.split:[458-470]: ***************************... (27)
INFO:p13c.p13c_itail_slothy_start.split:[470-482]: ***************************... (27)
INFO:p13c.p13c_itail_slothy_start.split:[482-494]: ****************************.. (28)
INFO:p13c.p13c_itail_slothy_start.split:[494-506]: ************************...... (24)
INFO:p13c.p13c_itail_slothy_start.split:[506-518]: ***********************....... (23)
INFO:p13c.p13c_itail_slothy_start.split:[518-530]: ***********************....... (23)
INFO:p13c.p13c_itail_slothy_start.split:[530-542]: ***********************....... (23)
INFO:p13c.p13c_itail_slothy_start.split:[542-554]: **************************.... (26)
INFO:p13c.p13c_itail_slothy_start.split:[554-566]: ************************...... (24)
INFO:p13c.p13c_itail_slothy_start.split:[566-578]: ***************************... (27)
INFO:p13c.p13c_itail_slothy_start.split:[578-590]: ************************...... (24)
INFO:p13c.p13c_itail_slothy_start.split:[590-603]: ******************............ (18)
INFO:p13c.p13c_itail_slothy_start.split.458_496:Perform external binary search for minimal number of stalls...
INFO:p13c.p13c_itail_slothy_start.split.458_496:Attempt optimization with max 0 stalls...
INFO:p13c.p13c_itail_slothy_start.split.458_496:Setting timeout of 30 seconds...
INFO:p13c.p13c_itail_slothy_start.split.458_496:Objective: None (any satisfying solution is fine)
INFO:p13c.p13c_itail_slothy_start.split.458_496:Invoking external constraint solver (OR-Tools CP-SAT v9.15.6755) ...
INFO:p13c.p13c_itail_slothy_start.split.458_496:INFEASIBLE, wall time: 0.000724 s
INFO:p13c.p13c_itail_slothy_start.split.458_496:Attempt optimization with max 1 stalls...
INFO:p13c.p13c_itail_slothy_start.split.458_496:Setting timeout of 30 seconds...
INFO:p13c.p13c_itail_slothy_start.split.458_496:Objective: None (any satisfying solution is fine)
INFO:p13c.p13c_itail_slothy_start.split.458_496:Invoking external constraint solver (OR-Tools CP-SAT v9.15.6755) ...
INFO:p13c.p13c_itail_slothy_start.split.458_496:INFEASIBLE, wall time: 0.000760 s
INFO:p13c.p13c_itail_slothy_start.split.458_496:Attempt optimization with max 2 stalls...
INFO:p13c.p13c_itail_slothy_start.split.458_496:Setting timeout of 30 seconds...
INFO:p13c.p13c_itail_slothy_start.split.458_496:Objective: None (any satisfying solution is fine)
INFO:p13c.p13c_itail_slothy_start.split.458_496:Invoking external constraint solver (OR-Tools CP-SAT v9.15.6755) ...
INFO:p13c.p13c_itail_slothy_start.split.458_496:INFEASIBLE, wall time: 0.000720 s
INFO:p13c.p13c_itail_slothy_start.split.458_496:Attempt optimization with max 4 stalls...
INFO:p13c.p13c_itail_slothy_start.split.458_496:Setting timeout of 30 seconds...
INFO:p13c.p13c_itail_slothy_start.split.458_496:Objective: None (any satisfying solution is fine)
INFO:p13c.p13c_itail_slothy_start.split.458_496:Invoking external constraint solver (OR-Tools CP-SAT v9.15.6755) ...
INFO:p13c.p13c_itail_slothy_start.split.458_496:INFEASIBLE, wall time: 0.000798 s
INFO:p13c.p13c_itail_slothy_start.split.458_496:Attempt optimization with max 8 stalls...
INFO:p13c.p13c_itail_slothy_start.split.458_496:Setting timeout of 30 seconds...
INFO:p13c.p13c_itail_slothy_start.split.458_496:Objective: None (any satisfying solution is fine)
INFO:p13c.p13c_itail_slothy_start.split.458_496:Invoking external constraint solver (OR-Tools CP-SAT v9.15.6755) ...
INFO:p13c.p13c_itail_slothy_start.split.458_496:INFEASIBLE, wall time: 0.000732 s
INFO:p13c.p13c_itail_slothy_start.split.458_496:Attempt optimization with max 16 stalls...
INFO:p13c.p13c_itail_slothy_start.split.458_496:Setting timeout of 30 seconds...
INFO:p13c.p13c_itail_slothy_start.split.458_496:Objective: None (any satisfying solution is fine)
INFO:p13c.p13c_itail_slothy_start.split.458_496:Invoking external constraint solver (OR-Tools CP-SAT v9.15.6755) ...
INFO:p13c.p13c_itail_slothy_start.split.458_496:INFEASIBLE, wall time: 0.002613 s
INFO:p13c.p13c_itail_slothy_start.split.458_496:Attempt optimization with max 32 stalls...
INFO:p13c.p13c_itail_slothy_start.split.458_496:Setting timeout of 30 seconds...
INFO:p13c.p13c_itail_slothy_start.split.458_496:Objective: None (any satisfying solution is fine)
INFO:p13c.p13c_itail_slothy_start.split.458_496:Invoking external constraint solver (OR-Tools CP-SAT v9.15.6755) ...
INFO:p13c.p13c_itail_slothy_start.split.458_496:[0.0097s]: Found 1 solutions so far... objective (no objective): currently 0.0, bound 0.0
INFO:p13c.p13c_itail_slothy_start.split.458_496:[0.0104s]: Found 2 solutions so far... objective (no objective): currently 0.0, bound 0.0
INFO:p13c.p13c_itail_slothy_start.split.458_496:OPTIMAL, wall time: 0.013401 s
INFO:p13c.p13c_itail_slothy_start.split.458_496:Booleans in result: 76
INFO:p13c.p13c_itail_slothy_start.split.458_496.selfcheck:OK!
WARNING:p13c:LLVM (llvm-mc, llvm-nm, llvm-readobj) not found, disabling selftest. Consider installing LLVM.
INFO:p13c.p13c_itail_slothy_start.split.458_496:Attempt optimization with max 24 stalls...
INFO:p13c.p13c_itail_slothy_start.split.458_496:Setting timeout of 30 seconds...
INFO:p13c.p13c_itail_slothy_start.split.458_496:Objective: None (any satisfying solution is fine)
INFO:p13c.p13c_itail_slothy_start.split.458_496:Invoking external constraint solver (OR-Tools CP-SAT v9.15.6755) ...
INFO:p13c.p13c_itail_slothy_start.split.458_496:INFEASIBLE, wall time: 0.002841 s
INFO:p13c.p13c_itail_slothy_start.split.458_496:Attempt optimization with max 28 stalls...
INFO:p13c.p13c_itail_slothy_start.split.458_496:Setting timeout of 30 seconds...
INFO:p13c.p13c_itail_slothy_start.split.458_496:Objective: None (any satisfying solution is fine)
INFO:p13c.p13c_itail_slothy_start.split.458_496:Invoking external constraint solver (OR-Tools CP-SAT v9.15.6755) ...
INFO:p13c.p13c_itail_slothy_start.split.458_496:[0.0095s]: Found 1 solutions so far... objective (no objective): currently 0.0, bound 0.0
INFO:p13c.p13c_itail_slothy_start.split.458_496:[0.0099s]: Found 2 solutions so far... objective (no objective): currently 0.0, bound 0.0
INFO:p13c.p13c_itail_slothy_start.split.458_496:[0.0100s]: Found 3 solutions so far... objective (no objective): currently 0.0, bound 0.0
INFO:p13c.p13c_itail_slothy_start.split.458_496:OPTIMAL, wall time: 0.012614 s
INFO:p13c.p13c_itail_slothy_start.split.458_496:Booleans in result: 78
INFO:p13c.p13c_itail_slothy_start.split.458_496.selfcheck:OK!
WARNING:p13c:LLVM (llvm-mc, llvm-nm, llvm-readobj) not found, disabling selftest. Consider installing LLVM.
INFO:p13c.p13c_itail_slothy_start.split.458_496:Attempt optimization with max 26 stalls...
INFO:p13c.p13c_itail_slothy_start.split.458_496:Setting timeout of 30 seconds...
INFO:p13c.p13c_itail_slothy_start.split.458_496:Objective: None (any satisfying solution is fine)
INFO:p13c.p13c_itail_slothy_start.split.458_496:Invoking external constraint solver (OR-Tools CP-SAT v9.15.6755) ...
INFO:p13c.p13c_itail_slothy_start.split.458_496:INFEASIBLE, wall time: 0.016136 s
INFO:p13c.p13c_itail_slothy_start.split.458_496:Attempt optimization with max 27 stalls...
INFO:p13c.p13c_itail_slothy_start.split.458_496:Setting timeout of 30 seconds...
INFO:p13c.p13c_itail_slothy_start.split.458_496:Objective: None (any satisfying solution is fine)
INFO:p13c.p13c_itail_slothy_start.split.458_496:Invoking external constraint solver (OR-Tools CP-SAT v9.15.6755) ...
INFO:p13c.p13c_itail_slothy_start.split.458_496:INFEASIBLE, wall time: 0.016131 s
INFO:p13c.p13c_itail_slothy_start.split:[  0- 12]: ***********.................. (11)
INFO:p13c.p13c_itail_slothy_start.split:[ 12- 24]: **************............... (14)
INFO:p13c.p13c_itail_slothy_start.split:[ 24- 36]: ****************............. (16)
INFO:p13c.p13c_itail_slothy_start.split:[ 36- 48]: ****************............. (16)
INFO:p13c.p13c_itail_slothy_start.split:[ 48- 60]: *********************........ (21)
INFO:p13c.p13c_itail_slothy_start.split:[ 60- 72]: ***********************...... (23)
INFO:p13c.p13c_itail_slothy_start.split:[ 72- 84]: ************************..... (24)
INFO:p13c.p13c_itail_slothy_start.split:[ 84- 96]: ************************..... (24)
INFO:p13c.p13c_itail_slothy_start.split:[ 96-108]: ************************..... (24)
INFO:p13c.p13c_itail_slothy_start.split:[108-120]: ************************..... (24)
INFO:p13c.p13c_itail_slothy_start.split:[120-132]: ***********************...... (23)
INFO:p13c.p13c_itail_slothy_start.split:[132-144]: ************************..... (24)
INFO:p13c.p13c_itail_slothy_start.split:[144-156]: *************************.... (25)
INFO:p13c.p13c_itail_slothy_start.split:[156-168]: ***********************...... (23)
INFO:p13c.p13c_itail_slothy_start.split:[168-180]: ***********************...... (23)
INFO:p13c.p13c_itail_slothy_start.split:[180-192]: *******************.......... (19)
INFO:p13c.p13c_itail_slothy_start.split:[192-205]: ********************......... (20)
INFO:p13c.p13c_itail_slothy_start.split:[205-217]: ****************............. (16)
INFO:p13c.p13c_itail_slothy_start.split:[217-229]: *******************.......... (19)
INFO:p13c.p13c_itail_slothy_start.split:[229-241]: ******************........... (18)
INFO:p13c.p13c_itail_slothy_start.split:[241-253]: *********************........ (21)
INFO:p13c.p13c_itail_slothy_start.split:[253-265]: *********************........ (21)
INFO:p13c.p13c_itail_slothy_start.split:[265-277]: ********************......... (20)
INFO:p13c.p13c_itail_slothy_start.split:[277-289]: *******************.......... (19)
INFO:p13c.p13c_itail_slothy_start.split:[289-301]: *******************.......... (19)
INFO:p13c.p13c_itail_slothy_start.split:[301-313]: ********************......... (20)
INFO:p13c.p13c_itail_slothy_start.split:[313-325]: *********************........ (21)
INFO:p13c.p13c_itail_slothy_start.split:[325-337]: ***********************...... (23)
INFO:p13c.p13c_itail_slothy_start.split:[337-349]: ************************..... (24)
INFO:p13c.p13c_itail_slothy_start.split:[349-361]: *************************.... (25)
INFO:p13c.p13c_itail_slothy_start.split:[361-373]: ***********************...... (23)
INFO:p13c.p13c_itail_slothy_start.split:[373-385]: **********************....... (22)
INFO:p13c.p13c_itail_slothy_start.split:[385-397]: **********************....... (22)
INFO:p13c.p13c_itail_slothy_start.split:[397-410]: ***********************...... (23)
INFO:p13c.p13c_itail_slothy_start.split:[410-422]: ************************..... (24)
INFO:p13c.p13c_itail_slothy_start.split:[422-434]: ********************......... (20)
INFO:p13c.p13c_itail_slothy_start.split:[434-446]: ********************......... (20)
INFO:p13c.p13c_itail_slothy_start.split:[446-458]: ******************........... (18)
INFO:p13c.p13c_itail_slothy_start.split:[458-470]: *********************........ (21)
INFO:p13c.p13c_itail_slothy_start.split:[470-482]: *********************........ (21)
INFO:p13c.p13c_itail_slothy_start.split:[482-494]: ************************..... (24)
INFO:p13c.p13c_itail_slothy_start.split:[494-506]: ***********************...... (23)
INFO:p13c.p13c_itail_slothy_start.split:[506-518]: ***********************...... (23)
INFO:p13c.p13c_itail_slothy_start.split:[518-530]: ***********************...... (23)
INFO:p13c.p13c_itail_slothy_start.split:[530-542]: ***********************...... (23)
INFO:p13c.p13c_itail_slothy_start.split:[542-554]: **************************... (26)
INFO:p13c.p13c_itail_slothy_start.split:[554-566]: ************************..... (24)
INFO:p13c.p13c_itail_slothy_start.split:[566-578]: ***************************.. (27)
INFO:p13c.p13c_itail_slothy_start.split:[578-590]: ************************..... (24)
INFO:p13c.p13c_itail_slothy_start.split:[590-603]: ******************........... (18)
INFO:p13c.p13c_itail_slothy_start.split.482_520:Perform external binary search for minimal number of stalls...
INFO:p13c.p13c_itail_slothy_start.split.482_520:Attempt optimization with max 0 stalls...
INFO:p13c.p13c_itail_slothy_start.split.482_520:Setting timeout of 30 seconds...
INFO:p13c.p13c_itail_slothy_start.split.482_520:Objective: None (any satisfying solution is fine)
INFO:p13c.p13c_itail_slothy_start.split.482_520:Invoking external constraint solver (OR-Tools CP-SAT v9.15.6755) ...
INFO:p13c.p13c_itail_slothy_start.split.482_520:INFEASIBLE, wall time: 0.000786 s
INFO:p13c.p13c_itail_slothy_start.split.482_520:Attempt optimization with max 1 stalls...
INFO:p13c.p13c_itail_slothy_start.split.482_520:Setting timeout of 30 seconds...
INFO:p13c.p13c_itail_slothy_start.split.482_520:Objective: None (any satisfying solution is fine)
INFO:p13c.p13c_itail_slothy_start.split.482_520:Invoking external constraint solver (OR-Tools CP-SAT v9.15.6755) ...
INFO:p13c.p13c_itail_slothy_start.split.482_520:INFEASIBLE, wall time: 0.000708 s
INFO:p13c.p13c_itail_slothy_start.split.482_520:Attempt optimization with max 2 stalls...
INFO:p13c.p13c_itail_slothy_start.split.482_520:Setting timeout of 30 seconds...
INFO:p13c.p13c_itail_slothy_start.split.482_520:Objective: None (any satisfying solution is fine)
INFO:p13c.p13c_itail_slothy_start.split.482_520:Invoking external constraint solver (OR-Tools CP-SAT v9.15.6755) ...
INFO:p13c.p13c_itail_slothy_start.split.482_520:INFEASIBLE, wall time: 0.000875 s
INFO:p13c.p13c_itail_slothy_start.split.482_520:Attempt optimization with max 4 stalls...
INFO:p13c.p13c_itail_slothy_start.split.482_520:Setting timeout of 30 seconds...
INFO:p13c.p13c_itail_slothy_start.split.482_520:Objective: None (any satisfying solution is fine)
INFO:p13c.p13c_itail_slothy_start.split.482_520:Invoking external constraint solver (OR-Tools CP-SAT v9.15.6755) ...
INFO:p13c.p13c_itail_slothy_start.split.482_520:INFEASIBLE, wall time: 0.000702 s
INFO:p13c.p13c_itail_slothy_start.split.482_520:Attempt optimization with max 8 stalls...
INFO:p13c.p13c_itail_slothy_start.split.482_520:Setting timeout of 30 seconds...
INFO:p13c.p13c_itail_slothy_start.split.482_520:Objective: None (any satisfying solution is fine)
INFO:p13c.p13c_itail_slothy_start.split.482_520:Invoking external constraint solver (OR-Tools CP-SAT v9.15.6755) ...
INFO:p13c.p13c_itail_slothy_start.split.482_520:INFEASIBLE, wall time: 0.000712 s
INFO:p13c.p13c_itail_slothy_start.split.482_520:Attempt optimization with max 16 stalls...
INFO:p13c.p13c_itail_slothy_start.split.482_520:Setting timeout of 30 seconds...
INFO:p13c.p13c_itail_slothy_start.split.482_520:Objective: None (any satisfying solution is fine)
INFO:p13c.p13c_itail_slothy_start.split.482_520:Invoking external constraint solver (OR-Tools CP-SAT v9.15.6755) ...
INFO:p13c.p13c_itail_slothy_start.split.482_520:INFEASIBLE, wall time: 0.000717 s
INFO:p13c.p13c_itail_slothy_start.split.482_520:Attempt optimization with max 32 stalls...
INFO:p13c.p13c_itail_slothy_start.split.482_520:Setting timeout of 30 seconds...
INFO:p13c.p13c_itail_slothy_start.split.482_520:Objective: None (any satisfying solution is fine)
INFO:p13c.p13c_itail_slothy_start.split.482_520:Invoking external constraint solver (OR-Tools CP-SAT v9.15.6755) ...
INFO:p13c.p13c_itail_slothy_start.split.482_520:[0.0103s]: Found 1 solutions so far... objective (no objective): currently 0.0, bound 0.0
INFO:p13c.p13c_itail_slothy_start.split.482_520:[0.0108s]: Found 2 solutions so far... objective (no objective): currently 0.0, bound 0.0
INFO:p13c.p13c_itail_slothy_start.split.482_520:[0.0110s]: Found 3 solutions so far... objective (no objective): currently 0.0, bound 0.0
INFO:p13c.p13c_itail_slothy_start.split.482_520:OPTIMAL, wall time: 0.013729 s
INFO:p13c.p13c_itail_slothy_start.split.482_520:Booleans in result: 80
INFO:p13c.p13c_itail_slothy_start.split.482_520.selfcheck:OK!
WARNING:p13c:LLVM (llvm-mc, llvm-nm, llvm-readobj) not found, disabling selftest. Consider installing LLVM.
INFO:p13c.p13c_itail_slothy_start.split.482_520:Attempt optimization with max 24 stalls...
INFO:p13c.p13c_itail_slothy_start.split.482_520:Setting timeout of 30 seconds...
INFO:p13c.p13c_itail_slothy_start.split.482_520:Objective: None (any satisfying solution is fine)
INFO:p13c.p13c_itail_slothy_start.split.482_520:Invoking external constraint solver (OR-Tools CP-SAT v9.15.6755) ...
INFO:p13c.p13c_itail_slothy_start.split.482_520:INFEASIBLE, wall time: 0.012181 s
INFO:p13c.p13c_itail_slothy_start.split.482_520:Attempt optimization with max 28 stalls...
INFO:p13c.p13c_itail_slothy_start.split.482_520:Setting timeout of 30 seconds...
INFO:p13c.p13c_itail_slothy_start.split.482_520:Objective: None (any satisfying solution is fine)
INFO:p13c.p13c_itail_slothy_start.split.482_520:Invoking external constraint solver (OR-Tools CP-SAT v9.15.6755) ...
INFO:p13c.p13c_itail_slothy_start.split.482_520:[0.0113s]: Found 1 solutions so far... objective (no objective): currently 0.0, bound 0.0
INFO:p13c.p13c_itail_slothy_start.split.482_520:OPTIMAL, wall time: 0.014015 s
INFO:p13c.p13c_itail_slothy_start.split.482_520:Booleans in result: 98
INFO:p13c.p13c_itail_slothy_start.split.482_520.selfcheck:OK!
WARNING:p13c:LLVM (llvm-mc, llvm-nm, llvm-readobj) not found, disabling selftest. Consider installing LLVM.
INFO:p13c.p13c_itail_slothy_start.split.482_520:Attempt optimization with max 26 stalls...
INFO:p13c.p13c_itail_slothy_start.split.482_520:Setting timeout of 30 seconds...
INFO:p13c.p13c_itail_slothy_start.split.482_520:Objective: None (any satisfying solution is fine)
INFO:p13c.p13c_itail_slothy_start.split.482_520:Invoking external constraint solver (OR-Tools CP-SAT v9.15.6755) ...
INFO:p13c.p13c_itail_slothy_start.split.482_520:INFEASIBLE, wall time: 0.016571 s
INFO:p13c.p13c_itail_slothy_start.split.482_520:Attempt optimization with max 27 stalls...
INFO:p13c.p13c_itail_slothy_start.split.482_520:Setting timeout of 30 seconds...
INFO:p13c.p13c_itail_slothy_start.split.482_520:Objective: None (any satisfying solution is fine)
INFO:p13c.p13c_itail_slothy_start.split.482_520:Invoking external constraint solver (OR-Tools CP-SAT v9.15.6755) ...
INFO:p13c.p13c_itail_slothy_start.split.482_520:[0.0246s]: Found 1 solutions so far... objective (no objective): currently 0.0, bound 0.0
INFO:p13c.p13c_itail_slothy_start.split.482_520:OPTIMAL, wall time: 0.029258 s
INFO:p13c.p13c_itail_slothy_start.split.482_520:Booleans in result: 158
INFO:p13c.p13c_itail_slothy_start.split.482_520.selfcheck:OK!
WARNING:p13c:LLVM (llvm-mc, llvm-nm, llvm-readobj) not found, disabling selftest. Consider installing LLVM.
INFO:p13c.p13c_itail_slothy_start.split:[  0- 12]: ***********.................. (11)
INFO:p13c.p13c_itail_slothy_start.split:[ 12- 24]: **************............... (14)
INFO:p13c.p13c_itail_slothy_start.split:[ 24- 36]: ****************............. (16)
INFO:p13c.p13c_itail_slothy_start.split:[ 36- 48]: ****************............. (16)
INFO:p13c.p13c_itail_slothy_start.split:[ 48- 60]: *********************........ (21)
INFO:p13c.p13c_itail_slothy_start.split:[ 60- 72]: ***********************...... (23)
INFO:p13c.p13c_itail_slothy_start.split:[ 72- 84]: ************************..... (24)
INFO:p13c.p13c_itail_slothy_start.split:[ 84- 96]: ************************..... (24)
INFO:p13c.p13c_itail_slothy_start.split:[ 96-108]: ************************..... (24)
INFO:p13c.p13c_itail_slothy_start.split:[108-120]: ************************..... (24)
INFO:p13c.p13c_itail_slothy_start.split:[120-132]: ***********************...... (23)
INFO:p13c.p13c_itail_slothy_start.split:[132-144]: ************************..... (24)
INFO:p13c.p13c_itail_slothy_start.split:[144-156]: *************************.... (25)
INFO:p13c.p13c_itail_slothy_start.split:[156-168]: ***********************...... (23)
INFO:p13c.p13c_itail_slothy_start.split:[168-180]: ***********************...... (23)
INFO:p13c.p13c_itail_slothy_start.split:[180-192]: *******************.......... (19)
INFO:p13c.p13c_itail_slothy_start.split:[192-205]: ********************......... (20)
INFO:p13c.p13c_itail_slothy_start.split:[205-217]: ****************............. (16)
INFO:p13c.p13c_itail_slothy_start.split:[217-229]: *******************.......... (19)
INFO:p13c.p13c_itail_slothy_start.split:[229-241]: ******************........... (18)
INFO:p13c.p13c_itail_slothy_start.split:[241-253]: *********************........ (21)
INFO:p13c.p13c_itail_slothy_start.split:[253-265]: *********************........ (21)
INFO:p13c.p13c_itail_slothy_start.split:[265-277]: ********************......... (20)
INFO:p13c.p13c_itail_slothy_start.split:[277-289]: *******************.......... (19)
INFO:p13c.p13c_itail_slothy_start.split:[289-301]: *******************.......... (19)
INFO:p13c.p13c_itail_slothy_start.split:[301-313]: ********************......... (20)
INFO:p13c.p13c_itail_slothy_start.split:[313-325]: *********************........ (21)
INFO:p13c.p13c_itail_slothy_start.split:[325-337]: ***********************...... (23)
INFO:p13c.p13c_itail_slothy_start.split:[337-349]: ************************..... (24)
INFO:p13c.p13c_itail_slothy_start.split:[349-361]: *************************.... (25)
INFO:p13c.p13c_itail_slothy_start.split:[361-373]: ***********************...... (23)
INFO:p13c.p13c_itail_slothy_start.split:[373-385]: **********************....... (22)
INFO:p13c.p13c_itail_slothy_start.split:[385-397]: **********************....... (22)
INFO:p13c.p13c_itail_slothy_start.split:[397-410]: ***********************...... (23)
INFO:p13c.p13c_itail_slothy_start.split:[410-422]: ************************..... (24)
INFO:p13c.p13c_itail_slothy_start.split:[422-434]: ********************......... (20)
INFO:p13c.p13c_itail_slothy_start.split:[434-446]: ********************......... (20)
INFO:p13c.p13c_itail_slothy_start.split:[446-458]: ******************........... (18)
INFO:p13c.p13c_itail_slothy_start.split:[458-470]: *********************........ (21)
INFO:p13c.p13c_itail_slothy_start.split:[470-482]: *********************........ (21)
INFO:p13c.p13c_itail_slothy_start.split:[482-494]: **********************....... (22)
INFO:p13c.p13c_itail_slothy_start.split:[494-506]: ************************..... (24)
INFO:p13c.p13c_itail_slothy_start.split:[506-518]: ************************..... (24)
INFO:p13c.p13c_itail_slothy_start.split:[518-530]: *************************.... (25)
INFO:p13c.p13c_itail_slothy_start.split:[530-542]: ***********************...... (23)
INFO:p13c.p13c_itail_slothy_start.split:[542-554]: **************************... (26)
INFO:p13c.p13c_itail_slothy_start.split:[554-566]: ************************..... (24)
INFO:p13c.p13c_itail_slothy_start.split:[566-578]: ***************************.. (27)
INFO:p13c.p13c_itail_slothy_start.split:[578-590]: ************************..... (24)
INFO:p13c.p13c_itail_slothy_start.split:[590-603]: ******************........... (18)
INFO:p13c.p13c_itail_slothy_start.split.507_544:Perform external binary search for minimal number of stalls...
INFO:p13c.p13c_itail_slothy_start.split.507_544:Attempt optimization with max 0 stalls...
INFO:p13c.p13c_itail_slothy_start.split.507_544:Setting timeout of 30 seconds...
INFO:p13c.p13c_itail_slothy_start.split.507_544:Objective: None (any satisfying solution is fine)
INFO:p13c.p13c_itail_slothy_start.split.507_544:Invoking external constraint solver (OR-Tools CP-SAT v9.15.6755) ...
INFO:p13c.p13c_itail_slothy_start.split.507_544:INFEASIBLE, wall time: 0.000693 s
INFO:p13c.p13c_itail_slothy_start.split.507_544:Attempt optimization with max 1 stalls...
INFO:p13c.p13c_itail_slothy_start.split.507_544:Setting timeout of 30 seconds...
INFO:p13c.p13c_itail_slothy_start.split.507_544:Objective: None (any satisfying solution is fine)
INFO:p13c.p13c_itail_slothy_start.split.507_544:Invoking external constraint solver (OR-Tools CP-SAT v9.15.6755) ...
INFO:p13c.p13c_itail_slothy_start.split.507_544:INFEASIBLE, wall time: 0.000708 s
INFO:p13c.p13c_itail_slothy_start.split.507_544:Attempt optimization with max 2 stalls...
INFO:p13c.p13c_itail_slothy_start.split.507_544:Setting timeout of 30 seconds...
INFO:p13c.p13c_itail_slothy_start.split.507_544:Objective: None (any satisfying solution is fine)
INFO:p13c.p13c_itail_slothy_start.split.507_544:Invoking external constraint solver (OR-Tools CP-SAT v9.15.6755) ...
INFO:p13c.p13c_itail_slothy_start.split.507_544:INFEASIBLE, wall time: 0.000725 s
INFO:p13c.p13c_itail_slothy_start.split.507_544:Attempt optimization with max 4 stalls...
INFO:p13c.p13c_itail_slothy_start.split.507_544:Setting timeout of 30 seconds...
INFO:p13c.p13c_itail_slothy_start.split.507_544:Objective: None (any satisfying solution is fine)
INFO:p13c.p13c_itail_slothy_start.split.507_544:Invoking external constraint solver (OR-Tools CP-SAT v9.15.6755) ...
INFO:p13c.p13c_itail_slothy_start.split.507_544:INFEASIBLE, wall time: 0.000792 s
INFO:p13c.p13c_itail_slothy_start.split.507_544:Attempt optimization with max 8 stalls...
INFO:p13c.p13c_itail_slothy_start.split.507_544:Setting timeout of 30 seconds...
INFO:p13c.p13c_itail_slothy_start.split.507_544:Objective: None (any satisfying solution is fine)
INFO:p13c.p13c_itail_slothy_start.split.507_544:Invoking external constraint solver (OR-Tools CP-SAT v9.15.6755) ...
INFO:p13c.p13c_itail_slothy_start.split.507_544:INFEASIBLE, wall time: 0.000741 s
INFO:p13c.p13c_itail_slothy_start.split.507_544:Attempt optimization with max 16 stalls...
INFO:p13c.p13c_itail_slothy_start.split.507_544:Setting timeout of 30 seconds...
INFO:p13c.p13c_itail_slothy_start.split.507_544:Objective: None (any satisfying solution is fine)
INFO:p13c.p13c_itail_slothy_start.split.507_544:Invoking external constraint solver (OR-Tools CP-SAT v9.15.6755) ...
INFO:p13c.p13c_itail_slothy_start.split.507_544:INFEASIBLE, wall time: 0.002941 s
INFO:p13c.p13c_itail_slothy_start.split.507_544:Attempt optimization with max 32 stalls...
INFO:p13c.p13c_itail_slothy_start.split.507_544:Setting timeout of 30 seconds...
INFO:p13c.p13c_itail_slothy_start.split.507_544:Objective: None (any satisfying solution is fine)
INFO:p13c.p13c_itail_slothy_start.split.507_544:Invoking external constraint solver (OR-Tools CP-SAT v9.15.6755) ...
INFO:p13c.p13c_itail_slothy_start.split.507_544:[0.0121s]: Found 1 solutions so far... objective (no objective): currently 0.0, bound 0.0
INFO:p13c.p13c_itail_slothy_start.split.507_544:OPTIMAL, wall time: 0.014887 s
INFO:p13c.p13c_itail_slothy_start.split.507_544:Booleans in result: 95
INFO:p13c.p13c_itail_slothy_start.split.507_544.selfcheck:OK!
WARNING:p13c:LLVM (llvm-mc, llvm-nm, llvm-readobj) not found, disabling selftest. Consider installing LLVM.
INFO:p13c.p13c_itail_slothy_start.split.507_544:Attempt optimization with max 24 stalls...
INFO:p13c.p13c_itail_slothy_start.split.507_544:Setting timeout of 30 seconds...
INFO:p13c.p13c_itail_slothy_start.split.507_544:Objective: None (any satisfying solution is fine)
INFO:p13c.p13c_itail_slothy_start.split.507_544:Invoking external constraint solver (OR-Tools CP-SAT v9.15.6755) ...
INFO:p13c.p13c_itail_slothy_start.split.507_544:INFEASIBLE, wall time: 0.018065 s
INFO:p13c.p13c_itail_slothy_start.split.507_544:Attempt optimization with max 28 stalls...
INFO:p13c.p13c_itail_slothy_start.split.507_544:Setting timeout of 30 seconds...
INFO:p13c.p13c_itail_slothy_start.split.507_544:Objective: None (any satisfying solution is fine)
INFO:p13c.p13c_itail_slothy_start.split.507_544:Invoking external constraint solver (OR-Tools CP-SAT v9.15.6755) ...
INFO:p13c.p13c_itail_slothy_start.split.507_544:[0.0120s]: Found 1 solutions so far... objective (no objective): currently 0.0, bound 0.0
INFO:p13c.p13c_itail_slothy_start.split.507_544:OPTIMAL, wall time: 0.014841 s
INFO:p13c.p13c_itail_slothy_start.split.507_544:Booleans in result: 97
INFO:p13c.p13c_itail_slothy_start.split.507_544.selfcheck:OK!
WARNING:p13c:LLVM (llvm-mc, llvm-nm, llvm-readobj) not found, disabling selftest. Consider installing LLVM.
INFO:p13c.p13c_itail_slothy_start.split.507_544:Attempt optimization with max 26 stalls...
INFO:p13c.p13c_itail_slothy_start.split.507_544:Setting timeout of 30 seconds...
INFO:p13c.p13c_itail_slothy_start.split.507_544:Objective: None (any satisfying solution is fine)
INFO:p13c.p13c_itail_slothy_start.split.507_544:Invoking external constraint solver (OR-Tools CP-SAT v9.15.6755) ...
INFO:p13c.p13c_itail_slothy_start.split.507_544:INFEASIBLE, wall time: 0.023076 s
INFO:p13c.p13c_itail_slothy_start.split.507_544:Attempt optimization with max 27 stalls...
INFO:p13c.p13c_itail_slothy_start.split.507_544:Setting timeout of 30 seconds...
INFO:p13c.p13c_itail_slothy_start.split.507_544:Objective: None (any satisfying solution is fine)
INFO:p13c.p13c_itail_slothy_start.split.507_544:Invoking external constraint solver (OR-Tools CP-SAT v9.15.6755) ...
INFO:p13c.p13c_itail_slothy_start.split.507_544:[0.0121s]: Found 1 solutions so far... objective (no objective): currently 0.0, bound 0.0
INFO:p13c.p13c_itail_slothy_start.split.507_544:OPTIMAL, wall time: 0.014856 s
INFO:p13c.p13c_itail_slothy_start.split.507_544:Booleans in result: 89
INFO:p13c.p13c_itail_slothy_start.split.507_544.selfcheck:OK!
WARNING:p13c:LLVM (llvm-mc, llvm-nm, llvm-readobj) not found, disabling selftest. Consider installing LLVM.
INFO:p13c.p13c_itail_slothy_start.split:[  0- 12]: ***********.................. (11)
INFO:p13c.p13c_itail_slothy_start.split:[ 12- 24]: **************............... (14)
INFO:p13c.p13c_itail_slothy_start.split:[ 24- 36]: ****************............. (16)
INFO:p13c.p13c_itail_slothy_start.split:[ 36- 48]: ****************............. (16)
INFO:p13c.p13c_itail_slothy_start.split:[ 48- 60]: *********************........ (21)
INFO:p13c.p13c_itail_slothy_start.split:[ 60- 72]: ***********************...... (23)
INFO:p13c.p13c_itail_slothy_start.split:[ 72- 84]: ************************..... (24)
INFO:p13c.p13c_itail_slothy_start.split:[ 84- 96]: ************************..... (24)
INFO:p13c.p13c_itail_slothy_start.split:[ 96-108]: ************************..... (24)
INFO:p13c.p13c_itail_slothy_start.split:[108-120]: ************************..... (24)
INFO:p13c.p13c_itail_slothy_start.split:[120-132]: ***********************...... (23)
INFO:p13c.p13c_itail_slothy_start.split:[132-144]: ************************..... (24)
INFO:p13c.p13c_itail_slothy_start.split:[144-156]: *************************.... (25)
INFO:p13c.p13c_itail_slothy_start.split:[156-168]: ***********************...... (23)
INFO:p13c.p13c_itail_slothy_start.split:[168-180]: ***********************...... (23)
INFO:p13c.p13c_itail_slothy_start.split:[180-192]: *******************.......... (19)
INFO:p13c.p13c_itail_slothy_start.split:[192-205]: ********************......... (20)
INFO:p13c.p13c_itail_slothy_start.split:[205-217]: ****************............. (16)
INFO:p13c.p13c_itail_slothy_start.split:[217-229]: *******************.......... (19)
INFO:p13c.p13c_itail_slothy_start.split:[229-241]: ******************........... (18)
INFO:p13c.p13c_itail_slothy_start.split:[241-253]: *********************........ (21)
INFO:p13c.p13c_itail_slothy_start.split:[253-265]: *********************........ (21)
INFO:p13c.p13c_itail_slothy_start.split:[265-277]: ********************......... (20)
INFO:p13c.p13c_itail_slothy_start.split:[277-289]: *******************.......... (19)
INFO:p13c.p13c_itail_slothy_start.split:[289-301]: *******************.......... (19)
INFO:p13c.p13c_itail_slothy_start.split:[301-313]: ********************......... (20)
INFO:p13c.p13c_itail_slothy_start.split:[313-325]: *********************........ (21)
INFO:p13c.p13c_itail_slothy_start.split:[325-337]: ***********************...... (23)
INFO:p13c.p13c_itail_slothy_start.split:[337-349]: ************************..... (24)
INFO:p13c.p13c_itail_slothy_start.split:[349-361]: *************************.... (25)
INFO:p13c.p13c_itail_slothy_start.split:[361-373]: ***********************...... (23)
INFO:p13c.p13c_itail_slothy_start.split:[373-385]: **********************....... (22)
INFO:p13c.p13c_itail_slothy_start.split:[385-397]: **********************....... (22)
INFO:p13c.p13c_itail_slothy_start.split:[397-410]: ***********************...... (23)
INFO:p13c.p13c_itail_slothy_start.split:[410-422]: ************************..... (24)
INFO:p13c.p13c_itail_slothy_start.split:[422-434]: ********************......... (20)
INFO:p13c.p13c_itail_slothy_start.split:[434-446]: ********************......... (20)
INFO:p13c.p13c_itail_slothy_start.split:[446-458]: ******************........... (18)
INFO:p13c.p13c_itail_slothy_start.split:[458-470]: *********************........ (21)
INFO:p13c.p13c_itail_slothy_start.split:[470-482]: *********************........ (21)
INFO:p13c.p13c_itail_slothy_start.split:[482-494]: *********************........ (21)
INFO:p13c.p13c_itail_slothy_start.split:[494-506]: ********************......... (20)
INFO:p13c.p13c_itail_slothy_start.split:[506-518]: *******************.......... (19)
INFO:p13c.p13c_itail_slothy_start.split:[518-530]: **********************....... (22)
INFO:p13c.p13c_itail_slothy_start.split:[530-542]: ***********************...... (23)
INFO:p13c.p13c_itail_slothy_start.split:[542-554]: **************************... (26)
INFO:p13c.p13c_itail_slothy_start.split:[554-566]: ************************..... (24)
INFO:p13c.p13c_itail_slothy_start.split:[566-578]: ***************************.. (27)
INFO:p13c.p13c_itail_slothy_start.split:[578-590]: ************************..... (24)
INFO:p13c.p13c_itail_slothy_start.split:[590-603]: ******************........... (18)
INFO:p13c.p13c_itail_slothy_start.split.531_568:Perform external binary search for minimal number of stalls...
INFO:p13c.p13c_itail_slothy_start.split.531_568:Attempt optimization with max 0 stalls...
INFO:p13c.p13c_itail_slothy_start.split.531_568:Setting timeout of 30 seconds...
INFO:p13c.p13c_itail_slothy_start.split.531_568:Objective: None (any satisfying solution is fine)
INFO:p13c.p13c_itail_slothy_start.split.531_568:Invoking external constraint solver (OR-Tools CP-SAT v9.15.6755) ...
INFO:p13c.p13c_itail_slothy_start.split.531_568:INFEASIBLE, wall time: 0.000681 s
INFO:p13c.p13c_itail_slothy_start.split.531_568:Attempt optimization with max 1 stalls...
INFO:p13c.p13c_itail_slothy_start.split.531_568:Setting timeout of 30 seconds...
INFO:p13c.p13c_itail_slothy_start.split.531_568:Objective: None (any satisfying solution is fine)
INFO:p13c.p13c_itail_slothy_start.split.531_568:Invoking external constraint solver (OR-Tools CP-SAT v9.15.6755) ...
INFO:p13c.p13c_itail_slothy_start.split.531_568:INFEASIBLE, wall time: 0.000672 s
INFO:p13c.p13c_itail_slothy_start.split.531_568:Attempt optimization with max 2 stalls...
INFO:p13c.p13c_itail_slothy_start.split.531_568:Setting timeout of 30 seconds...
INFO:p13c.p13c_itail_slothy_start.split.531_568:Objective: None (any satisfying solution is fine)
INFO:p13c.p13c_itail_slothy_start.split.531_568:Invoking external constraint solver (OR-Tools CP-SAT v9.15.6755) ...
INFO:p13c.p13c_itail_slothy_start.split.531_568:INFEASIBLE, wall time: 0.000688 s
INFO:p13c.p13c_itail_slothy_start.split.531_568:Attempt optimization with max 4 stalls...
INFO:p13c.p13c_itail_slothy_start.split.531_568:Setting timeout of 30 seconds...
INFO:p13c.p13c_itail_slothy_start.split.531_568:Objective: None (any satisfying solution is fine)
INFO:p13c.p13c_itail_slothy_start.split.531_568:Invoking external constraint solver (OR-Tools CP-SAT v9.15.6755) ...
INFO:p13c.p13c_itail_slothy_start.split.531_568:INFEASIBLE, wall time: 0.000681 s
INFO:p13c.p13c_itail_slothy_start.split.531_568:Attempt optimization with max 8 stalls...
INFO:p13c.p13c_itail_slothy_start.split.531_568:Setting timeout of 30 seconds...
INFO:p13c.p13c_itail_slothy_start.split.531_568:Objective: None (any satisfying solution is fine)
INFO:p13c.p13c_itail_slothy_start.split.531_568:Invoking external constraint solver (OR-Tools CP-SAT v9.15.6755) ...
INFO:p13c.p13c_itail_slothy_start.split.531_568:INFEASIBLE, wall time: 0.000847 s
INFO:p13c.p13c_itail_slothy_start.split.531_568:Attempt optimization with max 16 stalls...
INFO:p13c.p13c_itail_slothy_start.split.531_568:Setting timeout of 30 seconds...
INFO:p13c.p13c_itail_slothy_start.split.531_568:Objective: None (any satisfying solution is fine)
INFO:p13c.p13c_itail_slothy_start.split.531_568:Invoking external constraint solver (OR-Tools CP-SAT v9.15.6755) ...
INFO:p13c.p13c_itail_slothy_start.split.531_568:INFEASIBLE, wall time: 0.002937 s
INFO:p13c.p13c_itail_slothy_start.split.531_568:Attempt optimization with max 32 stalls...
INFO:p13c.p13c_itail_slothy_start.split.531_568:Setting timeout of 30 seconds...
INFO:p13c.p13c_itail_slothy_start.split.531_568:Objective: None (any satisfying solution is fine)
INFO:p13c.p13c_itail_slothy_start.split.531_568:Invoking external constraint solver (OR-Tools CP-SAT v9.15.6755) ...
INFO:p13c.p13c_itail_slothy_start.split.531_568:[0.0186s]: Found 1 solutions so far... objective (no objective): currently 0.0, bound 0.0
INFO:p13c.p13c_itail_slothy_start.split.531_568:OPTIMAL, wall time: 0.021923 s
INFO:p13c.p13c_itail_slothy_start.split.531_568:Booleans in result: 123
INFO:p13c.p13c_itail_slothy_start.split.531_568.selfcheck:OK!
WARNING:p13c:LLVM (llvm-mc, llvm-nm, llvm-readobj) not found, disabling selftest. Consider installing LLVM.
INFO:p13c.p13c_itail_slothy_start.split.531_568:Attempt optimization with max 24 stalls...
INFO:p13c.p13c_itail_slothy_start.split.531_568:Setting timeout of 30 seconds...
INFO:p13c.p13c_itail_slothy_start.split.531_568:Objective: None (any satisfying solution is fine)
INFO:p13c.p13c_itail_slothy_start.split.531_568:Invoking external constraint solver (OR-Tools CP-SAT v9.15.6755) ...
INFO:p13c.p13c_itail_slothy_start.split.531_568:INFEASIBLE, wall time: 0.016065 s
INFO:p13c.p13c_itail_slothy_start.split.531_568:Attempt optimization with max 28 stalls...
INFO:p13c.p13c_itail_slothy_start.split.531_568:Setting timeout of 30 seconds...
INFO:p13c.p13c_itail_slothy_start.split.531_568:Objective: None (any satisfying solution is fine)
INFO:p13c.p13c_itail_slothy_start.split.531_568:Invoking external constraint solver (OR-Tools CP-SAT v9.15.6755) ...
INFO:p13c.p13c_itail_slothy_start.split.531_568:INFEASIBLE, wall time: 0.048645 s
INFO:p13c.p13c_itail_slothy_start.split.531_568:Attempt optimization with max 30 stalls...
INFO:p13c.p13c_itail_slothy_start.split.531_568:Setting timeout of 30 seconds...
INFO:p13c.p13c_itail_slothy_start.split.531_568:Objective: None (any satisfying solution is fine)
INFO:p13c.p13c_itail_slothy_start.split.531_568:Invoking external constraint solver (OR-Tools CP-SAT v9.15.6755) ...
INFO:p13c.p13c_itail_slothy_start.split.531_568:[0.0176s]: Found 1 solutions so far... objective (no objective): currently 0.0, bound 0.0
INFO:p13c.p13c_itail_slothy_start.split.531_568:OPTIMAL, wall time: 0.020512 s
INFO:p13c.p13c_itail_slothy_start.split.531_568:Booleans in result: 73
INFO:p13c.p13c_itail_slothy_start.split.531_568.selfcheck:OK!
WARNING:p13c:LLVM (llvm-mc, llvm-nm, llvm-readobj) not found, disabling selftest. Consider installing LLVM.
INFO:p13c.p13c_itail_slothy_start.split.531_568:Attempt optimization with max 29 stalls...
INFO:p13c.p13c_itail_slothy_start.split.531_568:Setting timeout of 30 seconds...
INFO:p13c.p13c_itail_slothy_start.split.531_568:Objective: None (any satisfying solution is fine)
INFO:p13c.p13c_itail_slothy_start.split.531_568:Invoking external constraint solver (OR-Tools CP-SAT v9.15.6755) ...
INFO:p13c.p13c_itail_slothy_start.split.531_568:[0.0163s]: Found 1 solutions so far... objective (no objective): currently 0.0, bound 0.0
INFO:p13c.p13c_itail_slothy_start.split.531_568:OPTIMAL, wall time: 0.019331 s
INFO:p13c.p13c_itail_slothy_start.split.531_568:Booleans in result: 107
INFO:p13c.p13c_itail_slothy_start.split.531_568.selfcheck:OK!
WARNING:p13c:LLVM (llvm-mc, llvm-nm, llvm-readobj) not found, disabling selftest. Consider installing LLVM.
INFO:p13c.p13c_itail_slothy_start.split:[  0- 12]: ***********................. (11)
INFO:p13c.p13c_itail_slothy_start.split:[ 12- 24]: **************.............. (14)
INFO:p13c.p13c_itail_slothy_start.split:[ 24- 36]: ****************............ (16)
INFO:p13c.p13c_itail_slothy_start.split:[ 36- 48]: ****************............ (16)
INFO:p13c.p13c_itail_slothy_start.split:[ 48- 60]: *********************....... (21)
INFO:p13c.p13c_itail_slothy_start.split:[ 60- 72]: ***********************..... (23)
INFO:p13c.p13c_itail_slothy_start.split:[ 72- 84]: ************************.... (24)
INFO:p13c.p13c_itail_slothy_start.split:[ 84- 96]: ************************.... (24)
INFO:p13c.p13c_itail_slothy_start.split:[ 96-108]: ************************.... (24)
INFO:p13c.p13c_itail_slothy_start.split:[108-120]: ************************.... (24)
INFO:p13c.p13c_itail_slothy_start.split:[120-132]: ***********************..... (23)
INFO:p13c.p13c_itail_slothy_start.split:[132-144]: ************************.... (24)
INFO:p13c.p13c_itail_slothy_start.split:[144-156]: *************************... (25)
INFO:p13c.p13c_itail_slothy_start.split:[156-168]: ***********************..... (23)
INFO:p13c.p13c_itail_slothy_start.split:[168-180]: ***********************..... (23)
INFO:p13c.p13c_itail_slothy_start.split:[180-192]: *******************......... (19)
INFO:p13c.p13c_itail_slothy_start.split:[192-205]: ********************........ (20)
INFO:p13c.p13c_itail_slothy_start.split:[205-217]: ****************............ (16)
INFO:p13c.p13c_itail_slothy_start.split:[217-229]: *******************......... (19)
INFO:p13c.p13c_itail_slothy_start.split:[229-241]: ******************.......... (18)
INFO:p13c.p13c_itail_slothy_start.split:[241-253]: *********************....... (21)
INFO:p13c.p13c_itail_slothy_start.split:[253-265]: *********************....... (21)
INFO:p13c.p13c_itail_slothy_start.split:[265-277]: ********************........ (20)
INFO:p13c.p13c_itail_slothy_start.split:[277-289]: *******************......... (19)
INFO:p13c.p13c_itail_slothy_start.split:[289-301]: *******************......... (19)
INFO:p13c.p13c_itail_slothy_start.split:[301-313]: ********************........ (20)
INFO:p13c.p13c_itail_slothy_start.split:[313-325]: *********************....... (21)
INFO:p13c.p13c_itail_slothy_start.split:[325-337]: ***********************..... (23)
INFO:p13c.p13c_itail_slothy_start.split:[337-349]: ************************.... (24)
INFO:p13c.p13c_itail_slothy_start.split:[349-361]: *************************... (25)
INFO:p13c.p13c_itail_slothy_start.split:[361-373]: ***********************..... (23)
INFO:p13c.p13c_itail_slothy_start.split:[373-385]: **********************...... (22)
INFO:p13c.p13c_itail_slothy_start.split:[385-397]: **********************...... (22)
INFO:p13c.p13c_itail_slothy_start.split:[397-410]: ***********************..... (23)
INFO:p13c.p13c_itail_slothy_start.split:[410-422]: ************************.... (24)
INFO:p13c.p13c_itail_slothy_start.split:[422-434]: ********************........ (20)
INFO:p13c.p13c_itail_slothy_start.split:[434-446]: ********************........ (20)
INFO:p13c.p13c_itail_slothy_start.split:[446-458]: ******************.......... (18)
INFO:p13c.p13c_itail_slothy_start.split:[458-470]: *********************....... (21)
INFO:p13c.p13c_itail_slothy_start.split:[470-482]: *********************....... (21)
INFO:p13c.p13c_itail_slothy_start.split:[482-494]: *********************....... (21)
INFO:p13c.p13c_itail_slothy_start.split:[494-506]: ********************........ (20)
INFO:p13c.p13c_itail_slothy_start.split:[506-518]: *******************......... (19)
INFO:p13c.p13c_itail_slothy_start.split:[518-530]: ******************.......... (18)
INFO:p13c.p13c_itail_slothy_start.split:[530-542]: ******************.......... (18)
INFO:p13c.p13c_itail_slothy_start.split:[542-554]: ********************........ (20)
INFO:p13c.p13c_itail_slothy_start.split:[554-566]: ********************........ (20)
INFO:p13c.p13c_itail_slothy_start.split:[566-578]: *************************... (25)
INFO:p13c.p13c_itail_slothy_start.split:[578-590]: ************************.... (24)
INFO:p13c.p13c_itail_slothy_start.split:[590-603]: ******************.......... (18)
INFO:p13c.p13c_itail_slothy_start.split.555_592:Perform external binary search for minimal number of stalls...
INFO:p13c.p13c_itail_slothy_start.split.555_592:Attempt optimization with max 0 stalls...
INFO:p13c.p13c_itail_slothy_start.split.555_592:Setting timeout of 30 seconds...
INFO:p13c.p13c_itail_slothy_start.split.555_592:Objective: None (any satisfying solution is fine)
INFO:p13c.p13c_itail_slothy_start.split.555_592:Invoking external constraint solver (OR-Tools CP-SAT v9.15.6755) ...
INFO:p13c.p13c_itail_slothy_start.split.555_592:INFEASIBLE, wall time: 0.000675 s
INFO:p13c.p13c_itail_slothy_start.split.555_592:Attempt optimization with max 1 stalls...
INFO:p13c.p13c_itail_slothy_start.split.555_592:Setting timeout of 30 seconds...
INFO:p13c.p13c_itail_slothy_start.split.555_592:Objective: None (any satisfying solution is fine)
INFO:p13c.p13c_itail_slothy_start.split.555_592:Invoking external constraint solver (OR-Tools CP-SAT v9.15.6755) ...
INFO:p13c.p13c_itail_slothy_start.split.555_592:INFEASIBLE, wall time: 0.000666 s
INFO:p13c.p13c_itail_slothy_start.split.555_592:Attempt optimization with max 2 stalls...
INFO:p13c.p13c_itail_slothy_start.split.555_592:Setting timeout of 30 seconds...
INFO:p13c.p13c_itail_slothy_start.split.555_592:Objective: None (any satisfying solution is fine)
INFO:p13c.p13c_itail_slothy_start.split.555_592:Invoking external constraint solver (OR-Tools CP-SAT v9.15.6755) ...
INFO:p13c.p13c_itail_slothy_start.split.555_592:INFEASIBLE, wall time: 0.000707 s
INFO:p13c.p13c_itail_slothy_start.split.555_592:Attempt optimization with max 4 stalls...
INFO:p13c.p13c_itail_slothy_start.split.555_592:Setting timeout of 30 seconds...
INFO:p13c.p13c_itail_slothy_start.split.555_592:Objective: None (any satisfying solution is fine)
INFO:p13c.p13c_itail_slothy_start.split.555_592:Invoking external constraint solver (OR-Tools CP-SAT v9.15.6755) ...
INFO:p13c.p13c_itail_slothy_start.split.555_592:INFEASIBLE, wall time: 0.000791 s
INFO:p13c.p13c_itail_slothy_start.split.555_592:Attempt optimization with max 8 stalls...
INFO:p13c.p13c_itail_slothy_start.split.555_592:Setting timeout of 30 seconds...
INFO:p13c.p13c_itail_slothy_start.split.555_592:Objective: None (any satisfying solution is fine)
INFO:p13c.p13c_itail_slothy_start.split.555_592:Invoking external constraint solver (OR-Tools CP-SAT v9.15.6755) ...
INFO:p13c.p13c_itail_slothy_start.split.555_592:INFEASIBLE, wall time: 0.000742 s
INFO:p13c.p13c_itail_slothy_start.split.555_592:Attempt optimization with max 16 stalls...
INFO:p13c.p13c_itail_slothy_start.split.555_592:Setting timeout of 30 seconds...
INFO:p13c.p13c_itail_slothy_start.split.555_592:Objective: None (any satisfying solution is fine)
INFO:p13c.p13c_itail_slothy_start.split.555_592:Invoking external constraint solver (OR-Tools CP-SAT v9.15.6755) ...
INFO:p13c.p13c_itail_slothy_start.split.555_592:INFEASIBLE, wall time: 0.002984 s
INFO:p13c.p13c_itail_slothy_start.split.555_592:Attempt optimization with max 32 stalls...
INFO:p13c.p13c_itail_slothy_start.split.555_592:Setting timeout of 30 seconds...
INFO:p13c.p13c_itail_slothy_start.split.555_592:Objective: None (any satisfying solution is fine)
INFO:p13c.p13c_itail_slothy_start.split.555_592:Invoking external constraint solver (OR-Tools CP-SAT v9.15.6755) ...
INFO:p13c.p13c_itail_slothy_start.split.555_592:INFEASIBLE, wall time: 0.046302 s
INFO:p13c.p13c_itail_slothy_start.split.555_592:Attempt optimization with max 64 stalls...
INFO:p13c.p13c_itail_slothy_start.split.555_592:Setting timeout of 30 seconds...
INFO:p13c.p13c_itail_slothy_start.split.555_592:Objective: None (any satisfying solution is fine)
INFO:p13c.p13c_itail_slothy_start.split.555_592:Invoking external constraint solver (OR-Tools CP-SAT v9.15.6755) ...
INFO:p13c.p13c_itail_slothy_start.split.555_592:[0.0527s]: Found 1 solutions so far... objective (no objective): currently 0.0, bound 0.0
INFO:p13c.p13c_itail_slothy_start.split.555_592:OPTIMAL, wall time: 0.055678 s
INFO:p13c.p13c_itail_slothy_start.split.555_592:Booleans in result: 191
INFO:p13c.p13c_itail_slothy_start.split.555_592.selfcheck:OK!
WARNING:p13c:LLVM (llvm-mc, llvm-nm, llvm-readobj) not found, disabling selftest. Consider installing LLVM.
INFO:p13c.p13c_itail_slothy_start.split.555_592:Attempt optimization with max 48 stalls...
INFO:p13c.p13c_itail_slothy_start.split.555_592:Setting timeout of 30 seconds...
INFO:p13c.p13c_itail_slothy_start.split.555_592:Objective: None (any satisfying solution is fine)
INFO:p13c.p13c_itail_slothy_start.split.555_592:Invoking external constraint solver (OR-Tools CP-SAT v9.15.6755) ...
INFO:p13c.p13c_itail_slothy_start.split.555_592:[0.0146s]: Found 1 solutions so far... objective (no objective): currently 0.0, bound 0.0
INFO:p13c.p13c_itail_slothy_start.split.555_592:OPTIMAL, wall time: 0.017579 s
INFO:p13c.p13c_itail_slothy_start.split.555_592:Booleans in result: 121
INFO:p13c.p13c_itail_slothy_start.split.555_592.selfcheck:OK!
WARNING:p13c:LLVM (llvm-mc, llvm-nm, llvm-readobj) not found, disabling selftest. Consider installing LLVM.
INFO:p13c.p13c_itail_slothy_start.split.555_592:Attempt optimization with max 40 stalls...
INFO:p13c.p13c_itail_slothy_start.split.555_592:Setting timeout of 30 seconds...
INFO:p13c.p13c_itail_slothy_start.split.555_592:Objective: None (any satisfying solution is fine)
INFO:p13c.p13c_itail_slothy_start.split.555_592:Invoking external constraint solver (OR-Tools CP-SAT v9.15.6755) ...
INFO:p13c.p13c_itail_slothy_start.split.555_592:[0.0281s]: Found 1 solutions so far... objective (no objective): currently 0.0, bound 0.0
INFO:p13c.p13c_itail_slothy_start.split.555_592:OPTIMAL, wall time: 0.031062 s
INFO:p13c.p13c_itail_slothy_start.split.555_592:Booleans in result: 165
INFO:p13c.p13c_itail_slothy_start.split.555_592.selfcheck:OK!
WARNING:p13c:LLVM (llvm-mc, llvm-nm, llvm-readobj) not found, disabling selftest. Consider installing LLVM.
INFO:p13c.p13c_itail_slothy_start.split.555_592:Attempt optimization with max 36 stalls...
INFO:p13c.p13c_itail_slothy_start.split.555_592:Setting timeout of 30 seconds...
INFO:p13c.p13c_itail_slothy_start.split.555_592:Objective: None (any satisfying solution is fine)
INFO:p13c.p13c_itail_slothy_start.split.555_592:Invoking external constraint solver (OR-Tools CP-SAT v9.15.6755) ...
INFO:p13c.p13c_itail_slothy_start.split.555_592:[0.0129s]: Found 1 solutions so far... objective (no objective): currently 0.0, bound 0.0
INFO:p13c.p13c_itail_slothy_start.split.555_592:OPTIMAL, wall time: 0.016562 s
INFO:p13c.p13c_itail_slothy_start.split.555_592:Booleans in result: 100
INFO:p13c.p13c_itail_slothy_start.split.555_592.selfcheck:OK!
WARNING:p13c:LLVM (llvm-mc, llvm-nm, llvm-readobj) not found, disabling selftest. Consider installing LLVM.
INFO:p13c.p13c_itail_slothy_start.split.555_592:Attempt optimization with max 34 stalls...
INFO:p13c.p13c_itail_slothy_start.split.555_592:Setting timeout of 30 seconds...
INFO:p13c.p13c_itail_slothy_start.split.555_592:Objective: None (any satisfying solution is fine)
INFO:p13c.p13c_itail_slothy_start.split.555_592:Invoking external constraint solver (OR-Tools CP-SAT v9.15.6755) ...
INFO:p13c.p13c_itail_slothy_start.split.555_592:[0.0248s]: Found 1 solutions so far... objective (no objective): currently 0.0, bound 0.0
INFO:p13c.p13c_itail_slothy_start.split.555_592:[0.0250s]: Found 2 solutions so far... objective (no objective): currently 0.0, bound 0.0
INFO:p13c.p13c_itail_slothy_start.split.555_592:OPTIMAL, wall time: 0.028177 s
INFO:p13c.p13c_itail_slothy_start.split.555_592:Booleans in result: 113
INFO:p13c.p13c_itail_slothy_start.split.555_592.selfcheck:OK!
WARNING:p13c:LLVM (llvm-mc, llvm-nm, llvm-readobj) not found, disabling selftest. Consider installing LLVM.
INFO:p13c.p13c_itail_slothy_start.split.555_592:Attempt optimization with max 33 stalls...
INFO:p13c.p13c_itail_slothy_start.split.555_592:Setting timeout of 30 seconds...
INFO:p13c.p13c_itail_slothy_start.split.555_592:Objective: None (any satisfying solution is fine)
INFO:p13c.p13c_itail_slothy_start.split.555_592:Invoking external constraint solver (OR-Tools CP-SAT v9.15.6755) ...
INFO:p13c.p13c_itail_slothy_start.split.555_592:[0.0312s]: Found 1 solutions so far... objective (no objective): currently 0.0, bound 0.0
INFO:p13c.p13c_itail_slothy_start.split.555_592:OPTIMAL, wall time: 0.035936 s
INFO:p13c.p13c_itail_slothy_start.split.555_592:Booleans in result: 167
INFO:p13c.p13c_itail_slothy_start.split.555_592.selfcheck:OK!
WARNING:p13c:LLVM (llvm-mc, llvm-nm, llvm-readobj) not found, disabling selftest. Consider installing LLVM.
INFO:p13c.p13c_itail_slothy_start.split:[  0- 12]: ***********................ (11)
INFO:p13c.p13c_itail_slothy_start.split:[ 12- 24]: **************............. (14)
INFO:p13c.p13c_itail_slothy_start.split:[ 24- 36]: ****************........... (16)
INFO:p13c.p13c_itail_slothy_start.split:[ 36- 48]: ****************........... (16)
INFO:p13c.p13c_itail_slothy_start.split:[ 48- 60]: *********************...... (21)
INFO:p13c.p13c_itail_slothy_start.split:[ 60- 72]: ***********************.... (23)
INFO:p13c.p13c_itail_slothy_start.split:[ 72- 84]: ************************... (24)
INFO:p13c.p13c_itail_slothy_start.split:[ 84- 96]: ************************... (24)
INFO:p13c.p13c_itail_slothy_start.split:[ 96-108]: ************************... (24)
INFO:p13c.p13c_itail_slothy_start.split:[108-120]: ************************... (24)
INFO:p13c.p13c_itail_slothy_start.split:[120-132]: ***********************.... (23)
INFO:p13c.p13c_itail_slothy_start.split:[132-144]: ************************... (24)
INFO:p13c.p13c_itail_slothy_start.split:[144-156]: *************************.. (25)
INFO:p13c.p13c_itail_slothy_start.split:[156-168]: ***********************.... (23)
INFO:p13c.p13c_itail_slothy_start.split:[168-180]: ***********************.... (23)
INFO:p13c.p13c_itail_slothy_start.split:[180-192]: *******************........ (19)
INFO:p13c.p13c_itail_slothy_start.split:[192-205]: ********************....... (20)
INFO:p13c.p13c_itail_slothy_start.split:[205-217]: ****************........... (16)
INFO:p13c.p13c_itail_slothy_start.split:[217-229]: *******************........ (19)
INFO:p13c.p13c_itail_slothy_start.split:[229-241]: ******************......... (18)
INFO:p13c.p13c_itail_slothy_start.split:[241-253]: *********************...... (21)
INFO:p13c.p13c_itail_slothy_start.split:[253-265]: *********************...... (21)
INFO:p13c.p13c_itail_slothy_start.split:[265-277]: ********************....... (20)
INFO:p13c.p13c_itail_slothy_start.split:[277-289]: *******************........ (19)
INFO:p13c.p13c_itail_slothy_start.split:[289-301]: *******************........ (19)
INFO:p13c.p13c_itail_slothy_start.split:[301-313]: ********************....... (20)
INFO:p13c.p13c_itail_slothy_start.split:[313-325]: *********************...... (21)
INFO:p13c.p13c_itail_slothy_start.split:[325-337]: ***********************.... (23)
INFO:p13c.p13c_itail_slothy_start.split:[337-349]: ************************... (24)
INFO:p13c.p13c_itail_slothy_start.split:[349-361]: *************************.. (25)
INFO:p13c.p13c_itail_slothy_start.split:[361-373]: ***********************.... (23)
INFO:p13c.p13c_itail_slothy_start.split:[373-385]: **********************..... (22)
INFO:p13c.p13c_itail_slothy_start.split:[385-397]: **********************..... (22)
INFO:p13c.p13c_itail_slothy_start.split:[397-410]: ***********************.... (23)
INFO:p13c.p13c_itail_slothy_start.split:[410-422]: ************************... (24)
INFO:p13c.p13c_itail_slothy_start.split:[422-434]: ********************....... (20)
INFO:p13c.p13c_itail_slothy_start.split:[434-446]: ********************....... (20)
INFO:p13c.p13c_itail_slothy_start.split:[446-458]: ******************......... (18)
INFO:p13c.p13c_itail_slothy_start.split:[458-470]: *********************...... (21)
INFO:p13c.p13c_itail_slothy_start.split:[470-482]: *********************...... (21)
INFO:p13c.p13c_itail_slothy_start.split:[482-494]: *********************...... (21)
INFO:p13c.p13c_itail_slothy_start.split:[494-506]: ********************....... (20)
INFO:p13c.p13c_itail_slothy_start.split:[506-518]: *******************........ (19)
INFO:p13c.p13c_itail_slothy_start.split:[518-530]: ******************......... (18)
INFO:p13c.p13c_itail_slothy_start.split:[530-542]: *****************.......... (17)
INFO:p13c.p13c_itail_slothy_start.split:[542-554]: *******************........ (19)
INFO:p13c.p13c_itail_slothy_start.split:[554-566]: ******************......... (18)
INFO:p13c.p13c_itail_slothy_start.split:[566-578]: ***********************.... (23)
INFO:p13c.p13c_itail_slothy_start.split:[578-590]: **********************..... (22)
INFO:p13c.p13c_itail_slothy_start.split:[590-603]: *****************.......... (17)
INFO:p13c.p13c_itail_slothy_start.split.579_603:Perform external binary search for minimal number of stalls...
INFO:p13c.p13c_itail_slothy_start.split.579_603:Attempt optimization with max 0 stalls...
INFO:p13c.p13c_itail_slothy_start.split.579_603:Setting timeout of 30 seconds...
INFO:p13c.p13c_itail_slothy_start.split.579_603:Objective: None (any satisfying solution is fine)
INFO:p13c.p13c_itail_slothy_start.split.579_603:Invoking external constraint solver (OR-Tools CP-SAT v9.15.6755) ...
INFO:p13c.p13c_itail_slothy_start.split.579_603:INFEASIBLE, wall time: 0.000543 s
INFO:p13c.p13c_itail_slothy_start.split.579_603:Attempt optimization with max 1 stalls...
INFO:p13c.p13c_itail_slothy_start.split.579_603:Setting timeout of 30 seconds...
INFO:p13c.p13c_itail_slothy_start.split.579_603:Objective: None (any satisfying solution is fine)
INFO:p13c.p13c_itail_slothy_start.split.579_603:Invoking external constraint solver (OR-Tools CP-SAT v9.15.6755) ...
INFO:p13c.p13c_itail_slothy_start.split.579_603:INFEASIBLE, wall time: 0.000577 s
INFO:p13c.p13c_itail_slothy_start.split.579_603:Attempt optimization with max 2 stalls...
INFO:p13c.p13c_itail_slothy_start.split.579_603:Setting timeout of 30 seconds...
INFO:p13c.p13c_itail_slothy_start.split.579_603:Objective: None (any satisfying solution is fine)
INFO:p13c.p13c_itail_slothy_start.split.579_603:Invoking external constraint solver (OR-Tools CP-SAT v9.15.6755) ...
INFO:p13c.p13c_itail_slothy_start.split.579_603:INFEASIBLE, wall time: 0.000602 s
INFO:p13c.p13c_itail_slothy_start.split.579_603:Attempt optimization with max 4 stalls...
INFO:p13c.p13c_itail_slothy_start.split.579_603:Setting timeout of 30 seconds...
INFO:p13c.p13c_itail_slothy_start.split.579_603:Objective: None (any satisfying solution is fine)
INFO:p13c.p13c_itail_slothy_start.split.579_603:Invoking external constraint solver (OR-Tools CP-SAT v9.15.6755) ...
INFO:p13c.p13c_itail_slothy_start.split.579_603:INFEASIBLE, wall time: 0.000726 s
INFO:p13c.p13c_itail_slothy_start.split.579_603:Attempt optimization with max 8 stalls...
INFO:p13c.p13c_itail_slothy_start.split.579_603:Setting timeout of 30 seconds...
INFO:p13c.p13c_itail_slothy_start.split.579_603:Objective: None (any satisfying solution is fine)
INFO:p13c.p13c_itail_slothy_start.split.579_603:Invoking external constraint solver (OR-Tools CP-SAT v9.15.6755) ...
INFO:p13c.p13c_itail_slothy_start.split.579_603:INFEASIBLE, wall time: 0.000574 s
INFO:p13c.p13c_itail_slothy_start.split.579_603:Attempt optimization with max 16 stalls...
INFO:p13c.p13c_itail_slothy_start.split.579_603:Setting timeout of 30 seconds...
INFO:p13c.p13c_itail_slothy_start.split.579_603:Objective: None (any satisfying solution is fine)
INFO:p13c.p13c_itail_slothy_start.split.579_603:Invoking external constraint solver (OR-Tools CP-SAT v9.15.6755) ...
INFO:p13c.p13c_itail_slothy_start.split.579_603:INFEASIBLE, wall time: 0.001185 s
INFO:p13c.p13c_itail_slothy_start.split.579_603:Attempt optimization with max 32 stalls...
INFO:p13c.p13c_itail_slothy_start.split.579_603:Setting timeout of 30 seconds...
INFO:p13c.p13c_itail_slothy_start.split.579_603:Objective: None (any satisfying solution is fine)
INFO:p13c.p13c_itail_slothy_start.split.579_603:Invoking external constraint solver (OR-Tools CP-SAT v9.15.6755) ...
INFO:p13c.p13c_itail_slothy_start.split.579_603:[0.0064s]: Found 1 solutions so far... objective (no objective): currently 0.0, bound 0.0
INFO:p13c.p13c_itail_slothy_start.split.579_603:[0.0066s]: Found 2 solutions so far... objective (no objective): currently 0.0, bound 0.0
INFO:p13c.p13c_itail_slothy_start.split.579_603:OPTIMAL, wall time: 0.009147 s
INFO:p13c.p13c_itail_slothy_start.split.579_603:Booleans in result: 54
INFO:p13c.p13c_itail_slothy_start.split.579_603.selfcheck:OK!
WARNING:p13c:LLVM (llvm-mc, llvm-nm, llvm-readobj) not found, disabling selftest. Consider installing LLVM.
INFO:p13c.p13c_itail_slothy_start.split.579_603:Attempt optimization with max 24 stalls...
INFO:p13c.p13c_itail_slothy_start.split.579_603:Setting timeout of 30 seconds...
INFO:p13c.p13c_itail_slothy_start.split.579_603:Objective: None (any satisfying solution is fine)
INFO:p13c.p13c_itail_slothy_start.split.579_603:Invoking external constraint solver (OR-Tools CP-SAT v9.15.6755) ...
INFO:p13c.p13c_itail_slothy_start.split.579_603:[0.0059s]: Found 1 solutions so far... objective (no objective): currently 0.0, bound 0.0
INFO:p13c.p13c_itail_slothy_start.split.579_603:OPTIMAL, wall time: 0.008518 s
INFO:p13c.p13c_itail_slothy_start.split.579_603:Booleans in result: 54
INFO:p13c.p13c_itail_slothy_start.split.579_603.selfcheck:OK!
WARNING:p13c:LLVM (llvm-mc, llvm-nm, llvm-readobj) not found, disabling selftest. Consider installing LLVM.
INFO:p13c.p13c_itail_slothy_start.split.579_603:Attempt optimization with max 20 stalls...
INFO:p13c.p13c_itail_slothy_start.split.579_603:Setting timeout of 30 seconds...
INFO:p13c.p13c_itail_slothy_start.split.579_603:Objective: None (any satisfying solution is fine)
INFO:p13c.p13c_itail_slothy_start.split.579_603:Invoking external constraint solver (OR-Tools CP-SAT v9.15.6755) ...
INFO:p13c.p13c_itail_slothy_start.split.579_603:INFEASIBLE, wall time: 0.011560 s
INFO:p13c.p13c_itail_slothy_start.split.579_603:Attempt optimization with max 22 stalls...
INFO:p13c.p13c_itail_slothy_start.split.579_603:Setting timeout of 30 seconds...
INFO:p13c.p13c_itail_slothy_start.split.579_603:Objective: None (any satisfying solution is fine)
INFO:p13c.p13c_itail_slothy_start.split.579_603:Invoking external constraint solver (OR-Tools CP-SAT v9.15.6755) ...
INFO:p13c.p13c_itail_slothy_start.split.579_603:[0.0055s]: Found 1 solutions so far... objective (no objective): currently 0.0, bound 0.0
INFO:p13c.p13c_itail_slothy_start.split.579_603:OPTIMAL, wall time: 0.008545 s
INFO:p13c.p13c_itail_slothy_start.split.579_603:Booleans in result: 54
INFO:p13c.p13c_itail_slothy_start.split.579_603.selfcheck:OK!
WARNING:p13c:LLVM (llvm-mc, llvm-nm, llvm-readobj) not found, disabling selftest. Consider installing LLVM.
INFO:p13c.p13c_itail_slothy_start.split.579_603:Attempt optimization with max 21 stalls...
INFO:p13c.p13c_itail_slothy_start.split.579_603:Setting timeout of 30 seconds...
INFO:p13c.p13c_itail_slothy_start.split.579_603:Objective: None (any satisfying solution is fine)
INFO:p13c.p13c_itail_slothy_start.split.579_603:Invoking external constraint solver (OR-Tools CP-SAT v9.15.6755) ...
INFO:p13c.p13c_itail_slothy_start.split.579_603:INFEASIBLE, wall time: 0.019978 s
INFO:p13c.p13c_itail_slothy_start.split:[  0- 12]: ***********................ (11)
INFO:p13c.p13c_itail_slothy_start.split:[ 12- 24]: **************............. (14)
INFO:p13c.p13c_itail_slothy_start.split:[ 24- 36]: ****************........... (16)
INFO:p13c.p13c_itail_slothy_start.split:[ 36- 48]: ****************........... (16)
INFO:p13c.p13c_itail_slothy_start.split:[ 48- 60]: *********************...... (21)
INFO:p13c.p13c_itail_slothy_start.split:[ 60- 72]: ***********************.... (23)
INFO:p13c.p13c_itail_slothy_start.split:[ 72- 84]: ************************... (24)
INFO:p13c.p13c_itail_slothy_start.split:[ 84- 96]: ************************... (24)
INFO:p13c.p13c_itail_slothy_start.split:[ 96-108]: ************************... (24)
INFO:p13c.p13c_itail_slothy_start.split:[108-120]: ************************... (24)
INFO:p13c.p13c_itail_slothy_start.split:[120-132]: ***********************.... (23)
INFO:p13c.p13c_itail_slothy_start.split:[132-144]: ************************... (24)
INFO:p13c.p13c_itail_slothy_start.split:[144-156]: *************************.. (25)
INFO:p13c.p13c_itail_slothy_start.split:[156-168]: ***********************.... (23)
INFO:p13c.p13c_itail_slothy_start.split:[168-180]: ***********************.... (23)
INFO:p13c.p13c_itail_slothy_start.split:[180-192]: *******************........ (19)
INFO:p13c.p13c_itail_slothy_start.split:[192-205]: ********************....... (20)
INFO:p13c.p13c_itail_slothy_start.split:[205-217]: ****************........... (16)
INFO:p13c.p13c_itail_slothy_start.split:[217-229]: *******************........ (19)
INFO:p13c.p13c_itail_slothy_start.split:[229-241]: ******************......... (18)
INFO:p13c.p13c_itail_slothy_start.split:[241-253]: *********************...... (21)
INFO:p13c.p13c_itail_slothy_start.split:[253-265]: *********************...... (21)
INFO:p13c.p13c_itail_slothy_start.split:[265-277]: ********************....... (20)
INFO:p13c.p13c_itail_slothy_start.split:[277-289]: *******************........ (19)
INFO:p13c.p13c_itail_slothy_start.split:[289-301]: *******************........ (19)
INFO:p13c.p13c_itail_slothy_start.split:[301-313]: ********************....... (20)
INFO:p13c.p13c_itail_slothy_start.split:[313-325]: *********************...... (21)
INFO:p13c.p13c_itail_slothy_start.split:[325-337]: ***********************.... (23)
INFO:p13c.p13c_itail_slothy_start.split:[337-349]: ************************... (24)
INFO:p13c.p13c_itail_slothy_start.split:[349-361]: *************************.. (25)
INFO:p13c.p13c_itail_slothy_start.split:[361-373]: ***********************.... (23)
INFO:p13c.p13c_itail_slothy_start.split:[373-385]: **********************..... (22)
INFO:p13c.p13c_itail_slothy_start.split:[385-397]: **********************..... (22)
INFO:p13c.p13c_itail_slothy_start.split:[397-410]: ***********************.... (23)
INFO:p13c.p13c_itail_slothy_start.split:[410-422]: ************************... (24)
INFO:p13c.p13c_itail_slothy_start.split:[422-434]: ********************....... (20)
INFO:p13c.p13c_itail_slothy_start.split:[434-446]: ********************....... (20)
INFO:p13c.p13c_itail_slothy_start.split:[446-458]: ******************......... (18)
INFO:p13c.p13c_itail_slothy_start.split:[458-470]: *********************...... (21)
INFO:p13c.p13c_itail_slothy_start.split:[470-482]: *********************...... (21)
INFO:p13c.p13c_itail_slothy_start.split:[482-494]: *********************...... (21)
INFO:p13c.p13c_itail_slothy_start.split:[494-506]: ********************....... (20)
INFO:p13c.p13c_itail_slothy_start.split:[506-518]: *******************........ (19)
INFO:p13c.p13c_itail_slothy_start.split:[518-530]: ******************......... (18)
INFO:p13c.p13c_itail_slothy_start.split:[530-542]: *****************.......... (17)
INFO:p13c.p13c_itail_slothy_start.split:[542-554]: *******************........ (19)
INFO:p13c.p13c_itail_slothy_start.split:[554-566]: ******************......... (18)
INFO:p13c.p13c_itail_slothy_start.split:[566-578]: **********************..... (22)
INFO:p13c.p13c_itail_slothy_start.split:[578-590]: **********************..... (22)
INFO:p13c.p13c_itail_slothy_start.split:[590-603]: *****************.......... (17)
INFO:p13c.p13c_itail_slothy_start.split.split_heuristic_full:OK!
