branch,quartic_lane,top_split_output_pos,top_split_branch_pos,top_split_pair_index,top_split_low_input_pos,top_split_high_input_pos,top_split_formula,source_block_k,source_n3,source_n32,source_vector_group,source_input_register,source_input_register_lane,twist_table,twist_index,twist_mont,twist_normal,dft3_column,dft3_output_k3,dft3_factor_exp,dft3_factor_mont,dft3_factor_normal,dft3_one_mul_role,source_pos_n3_0,source_pos_n3_1,source_pos_n3_2,source_twist_n3_0,source_twist_n3_1,source_twist_n3_2,ntt32_input_k32,ntt32_input_work_index,ntt32_input_register,ntt32_input_register_lane,ntt32_input_vector_group,ntt32_bitrev_output_index,ntt32_bitrev_output_register,ntt32_bitrev_output_lane,notes
0,0,0,0,0,0,384,low_plus_zeta_high,0,0,0,0,v4,0,twist_branch0,0,-147,1,0,0,0,-147,1,x0_plus_x1_plus_x2,0,256,128,0,64,32,0,0,v4,0,0,0,v4,0,top_split_then_twist_then_dft3_contribution_then_natural_ntt32_input_bitrev_output
0,0,0,0,0,0,384,low_plus_zeta_high,0,0,0,0,v4,0,twist_branch0,0,-147,1,0,1,0,-147,1,x0,0,256,128,0,64,32,0,0,v4,0,0,0,v4,0,top_split_then_twist_then_dft3_contribution_then_natural_ntt32_input_bitrev_output
0,0,0,0,0,0,384,low_plus_zeta_high,0,0,0,0,v4,0,twist_branch0,0,-147,1,0,2,0,-147,1,x0,0,256,128,0,64,32,0,0,v4,0,0,0,v4,0,top_split_then_twist_then_dft3_contribution_then_natural_ntt32_input_bitrev_output
0,0,256,256,256,256,640,low_plus_zeta_high,64,1,0,0,v5,0,twist_branch0,64,-248,3200,0,0,0,-147,1,x0_plus_x1_plus_x2,0,256,128,0,64,32,0,0,v4,0,0,0,v4,0,top_split_then_twist_then_dft3_contribution_then_natural_ntt32_input_bitrev_output
0,0,256,256,256,256,640,low_plus_zeta_high,64,1,0,0,v5,0,twist_branch0,64,-248,3200,0,1,1,-886,2734,plus_omega3_times_d,0,256,128,0,64,32,0,0,v4,0,0,0,v4,0,top_split_then_twist_then_dft3_contribution_then_natural_ntt32_input_bitrev_output
0,0,256,256,256,256,640,low_plus_zeta_high,64,1,0,0,v5,0,twist_branch0,64,-248,3200,0,2,2,1033,722,minus_x1_minus_omega3_times_d,0,256,128,0,64,32,0,0,v4,0,0,0,v4,0,top_split_then_twist_then_dft3_contribution_then_natural_ntt32_input_bitrev_output
0,0,128,128,128,128,512,low_plus_zeta_high,32,2,0,0,v6,0,twist_branch0,32,-682,1886,0,0,0,-147,1,x0_plus_x1_plus_x2,0,256,128,0,64,32,0,0,v4,0,0,0,v4,0,top_split_then_twist_then_dft3_contribution_then_natural_ntt32_input_bitrev_output
0,0,128,128,128,128,512,low_plus_zeta_high,32,2,0,0,v6,0,twist_branch0,32,-682,1886,0,1,2,1033,722,minus_x2_minus_omega3_times_d,0,256,128,0,64,32,0,0,v4,0,0,0,v4,0,top_split_then_twist_then_dft3_contribution_then_natural_ntt32_input_bitrev_output
0,0,128,128,128,128,512,low_plus_zeta_high,32,2,0,0,v6,0,twist_branch0,32,-682,1886,0,2,1,-886,2734,plus_omega3_times_d,0,256,128,0,64,32,0,0,v4,0,0,0,v4,0,top_split_then_twist_then_dft3_contribution_then_natural_ntt32_input_bitrev_output
0,0,132,132,132,132,516,low_plus_zeta_high,33,0,1,0,v4,1,twist_branch0,33,-341,943,1,0,0,-147,1,x0_plus_x1_plus_x2,132,4,260,33,1,65,1,1,v4,1,0,16,v6,0,top_split_then_twist_then_dft3_contribution_then_natural_ntt32_input_bitrev_output
0,0,132,132,132,132,516,low_plus_zeta_high,33,0,1,0,v4,1,twist_branch0,33,-341,943,1,1,0,-147,1,x0,132,4,260,33,1,65,1,1,v4,1,0,16,v6,0,top_split_then_twist_then_dft3_contribution_then_natural_ntt32_input_bitrev_output
0,0,132,132,132,132,516,low_plus_zeta_high,33,0,1,0,v4,1,twist_branch0,33,-341,943,1,2,0,-147,1,x0,132,4,260,33,1,65,1,1,v4,1,0,16,v6,0,top_split_then_twist_then_dft3_contribution_then_natural_ntt32_input_bitrev_output
0,0,4,4,4,4,388,low_plus_zeta_high,1,1,1,0,v5,1,twist_branch0,1,1655,1729,1,0,0,-147,1,x0_plus_x1_plus_x2,132,4,260,33,1,65,1,1,v4,1,0,16,v6,0,top_split_then_twist_then_dft3_contribution_then_natural_ntt32_input_bitrev_output
0,0,4,4,4,4,388,low_plus_zeta_high,1,1,1,0,v5,1,twist_branch0,1,1655,1729,1,1,1,-886,2734,plus_omega3_times_d,132,4,260,33,1,65,1,1,v4,1,0,16,v6,0,top_split_then_twist_then_dft3_contribution_then_natural_ntt32_input_bitrev_output
0,0,4,4,4,4,388,low_plus_zeta_high,1,1,1,0,v5,1,twist_branch0,1,1655,1729,1,2,2,1033,722,minus_x1_minus_omega3_times_d,132,4,260,33,1,65,1,1,v4,1,0,16,v6,0,top_split_then_twist_then_dft3_contribution_then_natural_ntt32_input_bitrev_output
0,0,260,260,260,260,644,low_plus_zeta_high,65,2,1,0,v6,1,twist_branch0,65,-124,1600,1,0,0,-147,1,x0_plus_x1_plus_x2,132,4,260,33,1,65,1,1,v4,1,0,16,v6,0,top_split_then_twist_then_dft3_contribution_then_natural_ntt32_input_bitrev_output
0,0,260,260,260,260,644,low_plus_zeta_high,65,2,1,0,v6,1,twist_branch0,65,-124,1600,1,1,2,1033,722,minus_x2_minus_omega3_times_d,132,4,260,33,1,65,1,1,v4,1,0,16,v6,0,top_split_then_twist_then_dft3_contribution_then_natural_ntt32_input_bitrev_output
0,0,260,260,260,260,644,low_plus_zeta_high,65,2,1,0,v6,1,twist_branch0,65,-124,1600,1,2,1,-886,2734,plus_omega3_times_d,132,4,260,33,1,65,1,1,v4,1,0,16,v6,0,top_split_then_twist_then_dft3_contribution_then_natural_ntt32_input_bitrev_output
0,0,264,264,264,264,648,low_plus_zeta_high,66,0,2,0,v4,2,twist_branch0,66,-62,800,2,0,0,-147,1,x0_plus_x1_plus_x2,264,136,8,66,34,2,2,2,v4,2,0,8,v5,0,top_split_then_twist_then_dft3_contribution_then_natural_ntt32_input_bitrev_output
0,0,264,264,264,264,648,low_plus_zeta_high,66,0,2,0,v4,2,twist_branch0,66,-62,800,2,1,0,-147,1,x0,264,136,8,66,34,2,2,2,v4,2,0,8,v5,0,top_split_then_twist_then_dft3_contribution_then_natural_ntt32_input_bitrev_output
0,0,264,264,264,264,648,low_plus_zeta_high,66,0,2,0,v4,2,twist_branch0,66,-62,800,2,2,0,-147,1,x0,264,136,8,66,34,2,2,2,v4,2,0,8,v5,0,top_split_then_twist_then_dft3_contribution_then_natural_ntt32_input_bitrev_output
0,0,136,136,136,136,520,low_plus_zeta_high,34,1,2,0,v5,2,twist_branch0,34,1558,2200,2,0,0,-147,1,x0_plus_x1_plus_x2,264,136,8,66,34,2,2,2,v4,2,0,8,v5,0,top_split_then_twist_then_dft3_contribution_then_natural_ntt32_input_bitrev_output
0,0,136,136,136,136,520,low_plus_zeta_high,34,1,2,0,v5,2,twist_branch0,34,1558,2200,2,1,1,-886,2734,plus_omega3_times_d,264,136,8,66,34,2,2,2,v4,2,0,8,v5,0,top_split_then_twist_then_dft3_contribution_then_natural_ntt32_input_bitrev_output
0,0,136,136,136,136,520,low_plus_zeta_high,34,1,2,0,v5,2,twist_branch0,34,1558,2200,2,2,2,1033,722,minus_x1_minus_omega3_times_d,264,136,8,66,34,2,2,2,v4,2,0,8,v5,0,top_split_then_twist_then_dft3_contribution_then_natural_ntt32_input_bitrev_output
0,0,8,8,8,8,392,low_plus_zeta_high,2,2,2,0,v6,2,twist_branch0,2,-901,2593,2,0,0,-147,1,x0_plus_x1_plus_x2,264,136,8,66,34,2,2,2,v4,2,0,8,v5,0,top_split_then_twist_then_dft3_contribution_then_natural_ntt32_input_bitrev_output
0,0,8,8,8,8,392,low_plus_zeta_high,2,2,2,0,v6,2,twist_branch0,2,-901,2593,2,1,2,1033,722,minus_x2_minus_omega3_times_d,264,136,8,66,34,2,2,2,v4,2,0,8,v5,0,top_split_then_twist_then_dft3_contribution_then_natural_ntt32_input_bitrev_output
0,0,8,8,8,8,392,low_plus_zeta_high,2,2,2,0,v6,2,twist_branch0,2,-901,2593,2,2,1,-886,2734,plus_omega3_times_d,264,136,8,66,34,2,2,2,v4,2,0,8,v5,0,top_split_then_twist_then_dft3_contribution_then_natural_ntt32_input_bitrev_output
0,0,12,12,12,12,396,low_plus_zeta_high,3,0,3,0,v4,3,twist_branch0,3,1278,3025,3,0,0,-147,1,x0_plus_x1_plus_x2,12,268,140,3,67,35,3,3,v4,3,0,24,v7,0,top_split_then_twist_then_dft3_contribution_then_natural_ntt32_input_bitrev_output
0,0,12,12,12,12,396,low_plus_zeta_high,3,0,3,0,v4,3,twist_branch0,3,1278,3025,3,1,0,-147,1,x0,12,268,140,3,67,35,3,3,v4,3,0,24,v7,0,top_split_then_twist_then_dft3_contribution_then_natural_ntt32_input_bitrev_output
0,0,12,12,12,12,396,low_plus_zeta_high,3,0,3,0,v4,3,twist_branch0,3,1278,3025,3,2,0,-147,1,x0,12,268,140,3,67,35,3,3,v4,3,0,24,v7,0,top_split_then_twist_then_dft3_contribution_then_natural_ntt32_input_bitrev_output
0,0,268,268,268,268,652,low_plus_zeta_high,67,1,3,0,v5,3,twist_branch0,67,-31,400,3,0,0,-147,1,x0_plus_x1_plus_x2,12,268,140,3,67,35,3,3,v4,3,0,24,v7,0,top_split_then_twist_then_dft3_contribution_then_natural_ntt32_input_bitrev_output
0,0,268,268,268,268,652,low_plus_zeta_high,67,1,3,0,v5,3,twist_branch0,67,-31,400,3,1,1,-886,2734,plus_omega3_times_d,12,268,140,3,67,35,3,3,v4,3,0,24,v7,0,top_split_then_twist_then_dft3_contribution_then_natural_ntt32_input_bitrev_output
0,0,268,268,268,268,652,low_plus_zeta_high,67,1,3,0,v5,3,twist_branch0,67,-31,400,3,2,2,1033,722,minus_x1_minus_omega3_times_d,12,268,140,3,67,35,3,3,v4,3,0,24,v7,0,top_split_then_twist_then_dft3_contribution_then_natural_ntt32_input_bitrev_output
0,0,140,140,140,140,524,low_plus_zeta_high,35,2,3,0,v6,3,twist_branch0,35,779,1100,3,0,0,-147,1,x0_plus_x1_plus_x2,12,268,140,3,67,35,3,3,v4,3,0,24,v7,0,top_split_then_twist_then_dft3_contribution_then_natural_ntt32_input_bitrev_output
0,0,140,140,140,140,524,low_plus_zeta_high,35,2,3,0,v6,3,twist_branch0,35,779,1100,3,1,2,1033,722,minus_x2_minus_omega3_times_d,12,268,140,3,67,35,3,3,v4,3,0,24,v7,0,top_split_then_twist_then_dft3_contribution_then_natural_ntt32_input_bitrev_output
0,0,140,140,140,140,524,low_plus_zeta_high,35,2,3,0,v6,3,twist_branch0,35,779,1100,3,2,1,-886,2734,plus_omega3_times_d,12,268,140,3,67,35,3,3,v4,3,0,24,v7,0,top_split_then_twist_then_dft3_contribution_then_natural_ntt32_input_bitrev_output
0,0,144,144,144,144,528,low_plus_zeta_high,36,0,4,0,v4,4,twist_branch0,36,-1339,550,4,0,0,-147,1,x0_plus_x1_plus_x2,144,16,272,36,4,68,4,4,v4,4,0,4,v4,4,top_split_then_twist_then_dft3_contribution_then_natural_ntt32_input_bitrev_output
0,0,144,144,144,144,528,low_plus_zeta_high,36,0,4,0,v4,4,twist_branch0,36,-1339,550,4,1,0,-147,1,x0,144,16,272,36,4,68,4,4,v4,4,0,4,v4,4,top_split_then_twist_then_dft3_contribution_then_natural_ntt32_input_bitrev_output
0,0,144,144,144,144,528,low_plus_zeta_high,36,0,4,0,v4,4,twist_branch0,36,-1339,550,4,2,0,-147,1,x0,144,16,272,36,4,68,4,4,v4,4,0,4,v4,4,top_split_then_twist_then_dft3_contribution_then_natural_ntt32_input_bitrev_output
0,0,16,16,16,16,400,low_plus_zeta_high,4,1,4,0,v5,4,twist_branch0,4,639,3241,4,0,0,-147,1,x0_plus_x1_plus_x2,144,16,272,36,4,68,4,4,v4,4,0,4,v4,4,top_split_then_twist_then_dft3_contribution_then_natural_ntt32_input_bitrev_output
0,0,16,16,16,16,400,low_plus_zeta_high,4,1,4,0,v5,4,twist_branch0,4,639,3241,4,1,1,-886,2734,plus_omega3_times_d,144,16,272,36,4,68,4,4,v4,4,0,4,v4,4,top_split_then_twist_then_dft3_contribution_then_natural_ntt32_input_bitrev_output
0,0,16,16,16,16,400,low_plus_zeta_high,4,1,4,0,v5,4,twist_branch0,4,639,3241,4,2,2,1033,722,minus_x1_minus_omega3_times_d,144,16,272,36,4,68,4,4,v4,4,0,4,v4,4,top_split_then_twist_then_dft3_contribution_then_natural_ntt32_input_bitrev_output
0,0,272,272,272,272,656,low_plus_zeta_high,68,2,4,0,v6,4,twist_branch0,68,1713,200,4,0,0,-147,1,x0_plus_x1_plus_x2,144,16,272,36,4,68,4,4,v4,4,0,4,v4,4,top_split_then_twist_then_dft3_contribution_then_natural_ntt32_input_bitrev_output
0,0,272,272,272,272,656,low_plus_zeta_high,68,2,4,0,v6,4,twist_branch0,68,1713,200,4,1,2,1033,722,minus_x2_minus_omega3_times_d,144,16,272,36,4,68,4,4,v4,4,0,4,v4,4,top_split_then_twist_then_dft3_contribution_then_natural_ntt32_input_bitrev_output
0,0,272,272,272,272,656,low_plus_zeta_high,68,2,4,0,v6,4,twist_branch0,68,1713,200,4,2,1,-886,2734,plus_omega3_times_d,144,16,272,36,4,68,4,4,v4,4,0,4,v4,4,top_split_then_twist_then_dft3_contribution_then_natural_ntt32_input_bitrev_output
0,0,276,276,276,276,660,low_plus_zeta_high,69,0,5,0,v4,5,twist_branch0,69,-872,100,5,0,0,-147,1,x0_plus_x1_plus_x2,276,148,20,69,37,5,5,5,v4,5,0,20,v6,4,top_split_then_twist_then_dft3_contribution_then_natural_ntt32_input_bitrev_output
0,0,276,276,276,276,660,low_plus_zeta_high,69,0,5,0,v4,5,twist_branch0,69,-872,100,5,1,0,-147,1,x0,276,148,20,69,37,5,5,5,v4,5,0,20,v6,4,top_split_then_twist_then_dft3_contribution_then_natural_ntt32_input_bitrev_output
0,0,276,276,276,276,660,low_plus_zeta_high,69,0,5,0,v4,5,twist_branch0,69,-872,100,5,2,0,-147,1,x0,276,148,20,69,37,5,5,5,v4,5,0,20,v6,4,top_split_then_twist_then_dft3_contribution_then_natural_ntt32_input_bitrev_output
0,0,148,148,148,148,532,low_plus_zeta_high,37,1,5,0,v5,5,twist_branch0,37,1059,275,5,0,0,-147,1,x0_plus_x1_plus_x2,276,148,20,69,37,5,5,5,v4,5,0,20,v6,4,top_split_then_twist_then_dft3_contribution_then_natural_ntt32_input_bitrev_output
0,0,148,148,148,148,532,low_plus_zeta_high,37,1,5,0,v5,5,twist_branch0,37,1059,275,5,1,1,-886,2734,plus_omega3_times_d,276,148,20,69,37,5,5,5,v4,5,0,20,v6,4,top_split_then_twist_then_dft3_contribution_then_natural_ntt32_input_bitrev_output
0,0,148,148,148,148,532,low_plus_zeta_high,37,1,5,0,v5,5,twist_branch0,37,1059,275,5,2,2,1033,722,minus_x1_minus_omega3_times_d,276,148,20,69,37,5,5,5,v4,5,0,20,v6,4,top_split_then_twist_then_dft3_contribution_then_natural_ntt32_input_bitrev_output
0,0,20,20,20,20,404,low_plus_zeta_high,5,2,5,0,v6,5,twist_branch0,5,-1409,3349,5,0,0,-147,1,x0_plus_x1_plus_x2,276,148,20,69,37,5,5,5,v4,5,0,20,v6,4,top_split_then_twist_then_dft3_contribution_then_natural_ntt32_input_bitrev_output
0,0,20,20,20,20,404,low_plus_zeta_high,5,2,5,0,v6,5,twist_branch0,5,-1409,3349,5,1,2,1033,722,minus_x2_minus_omega3_times_d,276,148,20,69,37,5,5,5,v4,5,0,20,v6,4,top_split_then_twist_then_dft3_contribution_then_natural_ntt32_input_bitrev_output
0,0,20,20,20,20,404,low_plus_zeta_high,5,2,5,0,v6,5,twist_branch0,5,-1409,3349,5,2,1,-886,2734,plus_omega3_times_d,276,148,20,69,37,5,5,5,v4,5,0,20,v6,4,top_split_then_twist_then_dft3_contribution_then_natural_ntt32_input_bitrev_output
0,0,24,24,24,24,408,low_plus_zeta_high,6,0,6,0,v4,6,twist_branch0,6,1024,3403,6,0,0,-147,1,x0_plus_x1_plus_x2,24,280,152,6,70,38,6,6,v4,6,0,12,v5,4,top_split_then_twist_then_dft3_contribution_then_natural_ntt32_input_bitrev_output
0,0,24,24,24,24,408,low_plus_zeta_high,6,0,6,0,v4,6,twist_branch0,6,1024,3403,6,1,0,-147,1,x0,24,280,152,6,70,38,6,6,v4,6,0,12,v5,4,top_split_then_twist_then_dft3_contribution_then_natural_ntt32_input_bitrev_output
0,0,24,24,24,24,408,low_plus_zeta_high,6,0,6,0,v4,6,twist_branch0,6,1024,3403,6,2,0,-147,1,x0,24,280,152,6,70,38,6,6,v4,6,0,12,v5,4,top_split_then_twist_then_dft3_contribution_then_natural_ntt32_input_bitrev_output
0,0,280,280,280,280,664,low_plus_zeta_high,70,1,6,0,v5,6,twist_branch0,70,-436,50,6,0,0,-147,1,x0_plus_x1_plus_x2,24,280,152,6,70,38,6,6,v4,6,0,12,v5,4,top_split_then_twist_then_dft3_contribution_then_natural_ntt32_input_bitrev_output
0,0,280,280,280,280,664,low_plus_zeta_high,70,1,6,0,v5,6,twist_branch0,70,-436,50,6,1,1,-886,2734,plus_omega3_times_d,24,280,152,6,70,38,6,6,v4,6,0,12,v5,4,top_split_then_twist_then_dft3_contribution_then_natural_ntt32_input_bitrev_output
0,0,280,280,280,280,664,low_plus_zeta_high,70,1,6,0,v5,6,twist_branch0,70,-436,50,6,2,2,1033,722,minus_x1_minus_omega3_times_d,24,280,152,6,70,38,6,6,v4,6,0,12,v5,4,top_split_then_twist_then_dft3_contribution_then_natural_ntt32_input_bitrev_output
0,0,152,152,152,152,536,low_plus_zeta_high,38,2,6,0,v6,6,twist_branch0,38,-1199,1866,6,0,0,-147,1,x0_plus_x1_plus_x2,24,280,152,6,70,38,6,6,v4,6,0,12,v5,4,top_split_then_twist_then_dft3_contribution_then_natural_ntt32_input_bitrev_output
0,0,152,152,152,152,536,low_plus_zeta_high,38,2,6,0,v6,6,twist_branch0,38,-1199,1866,6,1,2,1033,722,minus_x2_minus_omega3_times_d,24,280,152,6,70,38,6,6,v4,6,0,12,v5,4,top_split_then_twist_then_dft3_contribution_then_natural_ntt32_input_bitrev_output
0,0,152,152,152,152,536,low_plus_zeta_high,38,2,6,0,v6,6,twist_branch0,38,-1199,1866,6,2,1,-886,2734,plus_omega3_times_d,24,280,152,6,70,38,6,6,v4,6,0,12,v5,4,top_split_then_twist_then_dft3_contribution_then_natural_ntt32_input_bitrev_output
0,0,156,156,156,156,540,low_plus_zeta_high,39,0,7,0,v4,7,twist_branch0,39,1129,933,7,0,0,-147,1,x0_plus_x1_plus_x2,156,28,284,39,7,71,7,7,v4,7,0,28,v7,4,top_split_then_twist_then_dft3_contribution_then_natural_ntt32_input_bitrev_output
0,0,156,156,156,156,540,low_plus_zeta_high,39,0,7,0,v4,7,twist_branch0,39,1129,933,7,1,0,-147,1,x0,156,28,284,39,7,71,7,7,v4,7,0,28,v7,4,top_split_then_twist_then_dft3_contribution_then_natural_ntt32_input_bitrev_output
0,0,156,156,156,156,540,low_plus_zeta_high,39,0,7,0,v4,7,twist_branch0,39,1129,933,7,2,0,-147,1,x0,156,28,284,39,7,71,7,7,v4,7,0,28,v7,4,top_split_then_twist_then_dft3_contribution_then_natural_ntt32_input_bitrev_output
0,0,28,28,28,28,412,low_plus_zeta_high,7,1,7,0,v5,7,twist_branch0,7,512,3430,7,0,0,-147,1,x0_plus_x1_plus_x2,156,28,284,39,7,71,7,7,v4,7,0,28,v7,4,top_split_then_twist_then_dft3_contribution_then_natural_ntt32_input_bitrev_output
0,0,28,28,28,28,412,low_plus_zeta_high,7,1,7,0,v5,7,twist_branch0,7,512,3430,7,1,1,-886,2734,plus_omega3_times_d,156,28,284,39,7,71,7,7,v4,7,0,28,v7,4,top_split_then_twist_then_dft3_contribution_then_natural_ntt32_input_bitrev_output
0,0,28,28,28,28,412,low_plus_zeta_high,7,1,7,0,v5,7,twist_branch0,7,512,3430,7,2,2,1033,722,minus_x1_minus_omega3_times_d,156,28,284,39,7,71,7,7,v4,7,0,28,v7,4,top_split_then_twist_then_dft3_contribution_then_natural_ntt32_input_bitrev_output
0,0,284,284,284,284,668,low_plus_zeta_high,71,2,7,0,v6,7,twist_branch0,71,-218,25,7,0,0,-147,1,x0_plus_x1_plus_x2,156,28,284,39,7,71,7,7,v4,7,0,28,v7,4,top_split_then_twist_then_dft3_contribution_then_natural_ntt32_input_bitrev_output
0,0,284,284,284,284,668,low_plus_zeta_high,71,2,7,0,v6,7,twist_branch0,71,-218,25,7,1,2,1033,722,minus_x2_minus_omega3_times_d,156,28,284,39,7,71,7,7,v4,7,0,28,v7,4,top_split_then_twist_then_dft3_contribution_then_natural_ntt32_input_bitrev_output
0,0,284,284,284,284,668,low_plus_zeta_high,71,2,7,0,v6,7,twist_branch0,71,-218,25,7,2,1,-886,2734,plus_omega3_times_d,156,28,284,39,7,71,7,7,v4,7,0,28,v7,4,top_split_then_twist_then_dft3_contribution_then_natural_ntt32_input_bitrev_output
0,0,288,288,288,288,672,low_plus_zeta_high,72,0,8,1,v4,0,twist_branch0,72,-109,1741,8,0,0,-147,1,x0_plus_x1_plus_x2,288,160,32,72,40,8,8,8,v5,0,1,2,v4,2,top_split_then_twist_then_dft3_contribution_then_natural_ntt32_input_bitrev_output
0,0,288,288,288,288,672,low_plus_zeta_high,72,0,8,1,v4,0,twist_branch0,72,-109,1741,8,1,0,-147,1,x0,288,160,32,72,40,8,8,8,v5,0,1,2,v4,2,top_split_then_twist_then_dft3_contribution_then_natural_ntt32_input_bitrev_output
0,0,288,288,288,288,672,low_plus_zeta_high,72,0,8,1,v4,0,twist_branch0,72,-109,1741,8,2,0,-147,1,x0,288,160,32,72,40,8,8,8,v5,0,1,2,v4,2,top_split_then_twist_then_dft3_contribution_then_natural_ntt32_input_bitrev_output
0,0,160,160,160,160,544,low_plus_zeta_high,40,1,8,1,v5,0,twist_branch0,40,-1164,2195,8,0,0,-147,1,x0_plus_x1_plus_x2,288,160,32,72,40,8,8,8,v5,0,1,2,v4,2,top_split_then_twist_then_dft3_contribution_then_natural_ntt32_input_bitrev_output
0,0,160,160,160,160,544,low_plus_zeta_high,40,1,8,1,v5,0,twist_branch0,40,-1164,2195,8,1,1,-886,2734,plus_omega3_times_d,288,160,32,72,40,8,8,8,v5,0,1,2,v4,2,top_split_then_twist_then_dft3_contribution_then_natural_ntt32_input_bitrev_output
0,0,160,160,160,160,544,low_plus_zeta_high,40,1,8,1,v5,0,twist_branch0,40,-1164,2195,8,2,2,1033,722,minus_x1_minus_omega3_times_d,288,160,32,72,40,8,8,8,v5,0,1,2,v4,2,top_split_then_twist_then_dft3_contribution_then_natural_ntt32_input_bitrev_output
0,0,32,32,32,32,416,low_plus_zeta_high,8,2,8,1,v6,0,twist_branch0,8,256,1715,8,0,0,-147,1,x0_plus_x1_plus_x2,288,160,32,72,40,8,8,8,v5,0,1,2,v4,2,top_split_then_twist_then_dft3_contribution_then_natural_ntt32_input_bitrev_output
0,0,32,32,32,32,416,low_plus_zeta_high,8,2,8,1,v6,0,twist_branch0,8,256,1715,8,1,2,1033,722,minus_x2_minus_omega3_times_d,288,160,32,72,40,8,8,8,v5,0,1,2,v4,2,top_split_then_twist_then_dft3_contribution_then_natural_ntt32_input_bitrev_output
0,0,32,32,32,32,416,low_plus_zeta_high,8,2,8,1,v6,0,twist_branch0,8,256,1715,8,2,1,-886,2734,plus_omega3_times_d,288,160,32,72,40,8,8,8,v5,0,1,2,v4,2,top_split_then_twist_then_dft3_contribution_then_natural_ntt32_input_bitrev_output
0,0,36,36,36,36,420,low_plus_zeta_high,9,0,9,1,v4,1,twist_branch0,9,128,2586,9,0,0,-147,1,x0_plus_x1_plus_x2,36,292,164,9,73,41,9,9,v5,1,1,18,v6,2,top_split_then_twist_then_dft3_contribution_then_natural_ntt32_input_bitrev_output
0,0,36,36,36,36,420,low_plus_zeta_high,9,0,9,1,v4,1,twist_branch0,9,128,2586,9,1,0,-147,1,x0,36,292,164,9,73,41,9,9,v5,1,1,18,v6,2,top_split_then_twist_then_dft3_contribution_then_natural_ntt32_input_bitrev_output
0,0,36,36,36,36,420,low_plus_zeta_high,9,0,9,1,v4,1,twist_branch0,9,128,2586,9,2,0,-147,1,x0,36,292,164,9,73,41,9,9,v5,1,1,18,v6,2,top_split_then_twist_then_dft3_contribution_then_natural_ntt32_input_bitrev_output
0,0,292,292,292,292,676,low_plus_zeta_high,73,1,9,1,v5,1,twist_branch0,73,1674,2599,9,0,0,-147,1,x0_plus_x1_plus_x2,36,292,164,9,73,41,9,9,v5,1,1,18,v6,2,top_split_then_twist_then_dft3_contribution_then_natural_ntt32_input_bitrev_output
0,0,292,292,292,292,676,low_plus_zeta_high,73,1,9,1,v5,1,twist_branch0,73,1674,2599,9,1,1,-886,2734,plus_omega3_times_d,36,292,164,9,73,41,9,9,v5,1,1,18,v6,2,top_split_then_twist_then_dft3_contribution_then_natural_ntt32_input_bitrev_output
0,0,292,292,292,292,676,low_plus_zeta_high,73,1,9,1,v5,1,twist_branch0,73,1674,2599,9,2,2,1033,722,minus_x1_minus_omega3_times_d,36,292,164,9,73,41,9,9,v5,1,1,18,v6,2,top_split_then_twist_then_dft3_contribution_then_natural_ntt32_input_bitrev_output
0,0,164,164,164,164,548,low_plus_zeta_high,41,2,9,1,v6,1,twist_branch0,41,-582,2826,9,0,0,-147,1,x0_plus_x1_plus_x2,36,292,164,9,73,41,9,9,v5,1,1,18,v6,2,top_split_then_twist_then_dft3_contribution_then_natural_ntt32_input_bitrev_output
0,0,164,164,164,164,548,low_plus_zeta_high,41,2,9,1,v6,1,twist_branch0,41,-582,2826,9,1,2,1033,722,minus_x2_minus_omega3_times_d,36,292,164,9,73,41,9,9,v5,1,1,18,v6,2,top_split_then_twist_then_dft3_contribution_then_natural_ntt32_input_bitrev_output
0,0,164,164,164,164,548,low_plus_zeta_high,41,2,9,1,v6,1,twist_branch0,41,-582,2826,9,2,1,-886,2734,plus_omega3_times_d,36,292,164,9,73,41,9,9,v5,1,1,18,v6,2,top_split_then_twist_then_dft3_contribution_then_natural_ntt32_input_bitrev_output
0,0,168,168,168,168,552,low_plus_zeta_high,42,0,10,1,v4,2,twist_branch0,42,-291,1413,10,0,0,-147,1,x0_plus_x1_plus_x2,168,40,296,42,10,74,10,10,v5,2,1,10,v5,2,top_split_then_twist_then_dft3_contribution_then_natural_ntt32_input_bitrev_output
0,0,168,168,168,168,552,low_plus_zeta_high,42,0,10,1,v4,2,twist_branch0,42,-291,1413,10,1,0,-147,1,x0,168,40,296,42,10,74,10,10,v5,2,1,10,v5,2,top_split_then_twist_then_dft3_contribution_then_natural_ntt32_input_bitrev_output
0,0,168,168,168,168,552,low_plus_zeta_high,42,0,10,1,v4,2,twist_branch0,42,-291,1413,10,2,0,-147,1,x0,168,40,296,42,10,74,10,10,v5,2,1,10,v5,2,top_split_then_twist_then_dft3_contribution_then_natural_ntt32_input_bitrev_output
0,0,40,40,40,40,424,low_plus_zeta_high,10,1,10,1,v5,2,twist_branch0,10,64,1293,10,0,0,-147,1,x0_plus_x1_plus_x2,168,40,296,42,10,74,10,10,v5,2,1,10,v5,2,top_split_then_twist_then_dft3_contribution_then_natural_ntt32_input_bitrev_output
0,0,40,40,40,40,424,low_plus_zeta_high,10,1,10,1,v5,2,twist_branch0,10,64,1293,10,1,1,-886,2734,plus_omega3_times_d,168,40,296,42,10,74,10,10,v5,2,1,10,v5,2,top_split_then_twist_then_dft3_contribution_then_natural_ntt32_input_bitrev_output
0,0,40,40,40,40,424,low_plus_zeta_high,10,1,10,1,v5,2,twist_branch0,10,64,1293,10,2,2,1033,722,minus_x1_minus_omega3_times_d,168,40,296,42,10,74,10,10,v5,2,1,10,v5,2,top_split_then_twist_then_dft3_contribution_then_natural_ntt32_input_bitrev_output
0,0,296,296,296,296,680,low_plus_zeta_high,74,2,10,1,v6,2,twist_branch0,74,837,3028,10,0,0,-147,1,x0_plus_x1_plus_x2,168,40,296,42,10,74,10,10,v5,2,1,10,v5,2,top_split_then_twist_then_dft3_contribution_then_natural_ntt32_input_bitrev_output
0,0,296,296,296,296,680,low_plus_zeta_high,74,2,10,1,v6,2,twist_branch0,74,837,3028,10,1,2,1033,722,minus_x2_minus_omega3_times_d,168,40,296,42,10,74,10,10,v5,2,1,10,v5,2,top_split_then_twist_then_dft3_contribution_then_natural_ntt32_input_bitrev_output
0,0,296,296,296,296,680,low_plus_zeta_high,74,2,10,1,v6,2,twist_branch0,74,837,3028,10,2,1,-886,2734,plus_omega3_times_d,168,40,296,42,10,74,10,10,v5,2,1,10,v5,2,top_split_then_twist_then_dft3_contribution_then_natural_ntt32_input_bitrev_output
0,0,300,300,300,300,684,low_plus_zeta_high,75,0,11,1,v4,3,twist_branch0,75,-1310,1514,11,0,0,-147,1,x0_plus_x1_plus_x2,300,172,44,75,43,11,11,11,v5,3,1,26,v7,2,top_split_then_twist_then_dft3_contribution_then_natural_ntt32_input_bitrev_output
0,0,300,300,300,300,684,low_plus_zeta_high,75,0,11,1,v4,3,twist_branch0,75,-1310,1514,11,1,0,-147,1,x0,300,172,44,75,43,11,11,11,v5,3,1,26,v7,2,top_split_then_twist_then_dft3_contribution_then_natural_ntt32_input_bitrev_output
0,0,300,300,300,300,684,low_plus_zeta_high,75,0,11,1,v4,3,twist_branch0,75,-1310,1514,11,2,0,-147,1,x0,300,172,44,75,43,11,11,11,v5,3,1,26,v7,2,top_split_then_twist_then_dft3_contribution_then_natural_ntt32_input_bitrev_output
0,0,172,172,172,172,556,low_plus_zeta_high,43,1,11,1,v5,3,twist_branch0,43,1583,2435,11,0,0,-147,1,x0_plus_x1_plus_x2,300,172,44,75,43,11,11,11,v5,3,1,26,v7,2,top_split_then_twist_then_dft3_contribution_then_natural_ntt32_input_bitrev_output
0,0,172,172,172,172,556,low_plus_zeta_high,43,1,11,1,v5,3,twist_branch0,43,1583,2435,11,1,1,-886,2734,plus_omega3_times_d,300,172,44,75,43,11,11,11,v5,3,1,26,v7,2,top_split_then_twist_then_dft3_contribution_then_natural_ntt32_input_bitrev_output
0,0,172,172,172,172,556,low_plus_zeta_high,43,1,11,1,v5,3,twist_branch0,43,1583,2435,11,2,2,1033,722,minus_x1_minus_omega3_times_d,300,172,44,75,43,11,11,11,v5,3,1,26,v7,2,top_split_then_twist_then_dft3_contribution_then_natural_ntt32_input_bitrev_output
0,0,44,44,44,44,428,low_plus_zeta_high,11,2,11,1,v6,3,twist_branch0,11,32,2375,11,0,0,-147,1,x0_plus_x1_plus_x2,300,172,44,75,43,11,11,11,v5,3,1,26,v7,2,top_split_then_twist_then_dft3_contribution_then_natural_ntt32_input_bitrev_output
0,0,44,44,44,44,428,low_plus_zeta_high,11,2,11,1,v6,3,twist_branch0,11,32,2375,11,1,2,1033,722,minus_x2_minus_omega3_times_d,300,172,44,75,43,11,11,11,v5,3,1,26,v7,2,top_split_then_twist_then_dft3_contribution_then_natural_ntt32_input_bitrev_output
0,0,44,44,44,44,428,low_plus_zeta_high,11,2,11,1,v6,3,twist_branch0,11,32,2375,11,2,1,-886,2734,plus_omega3_times_d,300,172,44,75,43,11,11,11,v5,3,1,26,v7,2,top_split_then_twist_then_dft3_contribution_then_natural_ntt32_input_bitrev_output
0,0,48,48,48,48,432,low_plus_zeta_high,12,0,12,1,v4,4,twist_branch0,12,16,2916,12,0,0,-147,1,x0_plus_x1_plus_x2,48,304,176,12,76,44,12,12,v5,4,1,6,v4,6,top_split_then_twist_then_dft3_contribution_then_natural_ntt32_input_bitrev_output
0,0,48,48,48,48,432,low_plus_zeta_high,12,0,12,1,v4,4,twist_branch0,12,16,2916,12,1,0,-147,1,x0,48,304,176,12,76,44,12,12,v5,4,1,6,v4,6,top_split_then_twist_then_dft3_contribution_then_natural_ntt32_input_bitrev_output
0,0,48,48,48,48,432,low_plus_zeta_high,12,0,12,1,v4,4,twist_branch0,12,16,2916,12,2,0,-147,1,x0,48,304,176,12,76,44,12,12,v5,4,1,6,v4,6,top_split_then_twist_then_dft3_contribution_then_natural_ntt32_input_bitrev_output
0,0,304,304,304,304,688,low_plus_zeta_high,76,1,12,1,v5,4,twist_branch0,76,-655,757,12,0,0,-147,1,x0_plus_x1_plus_x2,48,304,176,12,76,44,12,12,v5,4,1,6,v4,6,top_split_then_twist_then_dft3_contribution_then_natural_ntt32_input_bitrev_output
0,0,304,304,304,304,688,low_plus_zeta_high,76,1,12,1,v5,4,twist_branch0,76,-655,757,12,1,1,-886,2734,plus_omega3_times_d,48,304,176,12,76,44,12,12,v5,4,1,6,v4,6,top_split_then_twist_then_dft3_contribution_then_natural_ntt32_input_bitrev_output
0,0,304,304,304,304,688,low_plus_zeta_high,76,1,12,1,v5,4,twist_branch0,76,-655,757,12,2,2,1033,722,minus_x1_minus_omega3_times_d,48,304,176,12,76,44,12,12,v5,4,1,6,v4,6,top_split_then_twist_then_dft3_contribution_then_natural_ntt32_input_bitrev_output
0,0,176,176,176,176,560,low_plus_zeta_high,44,2,12,1,v6,4,twist_branch0,44,-937,2946,12,0,0,-147,1,x0_plus_x1_plus_x2,48,304,176,12,76,44,12,12,v5,4,1,6,v4,6,top_split_then_twist_then_dft3_contribution_then_natural_ntt32_input_bitrev_output
0,0,176,176,176,176,560,low_plus_zeta_high,44,2,12,1,v6,4,twist_branch0,44,-937,2946,12,1,2,1033,722,minus_x2_minus_omega3_times_d,48,304,176,12,76,44,12,12,v5,4,1,6,v4,6,top_split_then_twist_then_dft3_contribution_then_natural_ntt32_input_bitrev_output
0,0,176,176,176,176,560,low_plus_zeta_high,44,2,12,1,v6,4,twist_branch0,44,-937,2946,12,2,1,-886,2734,plus_omega3_times_d,48,304,176,12,76,44,12,12,v5,4,1,6,v4,6,top_split_then_twist_then_dft3_contribution_then_natural_ntt32_input_bitrev_output
0,0,180,180,180,180,564,low_plus_zeta_high,45,0,13,1,v4,5,twist_branch0,45,1260,1473,13,0,0,-147,1,x0_plus_x1_plus_x2,180,52,308,45,13,77,13,13,v5,5,1,22,v6,6,top_split_then_twist_then_dft3_contribution_then_natural_ntt32_input_bitrev_output
0,0,180,180,180,180,564,low_plus_zeta_high,45,0,13,1,v4,5,twist_branch0,45,1260,1473,13,1,0,-147,1,x0,180,52,308,45,13,77,13,13,v5,5,1,22,v6,6,top_split_then_twist_then_dft3_contribution_then_natural_ntt32_input_bitrev_output
0,0,180,180,180,180,564,low_plus_zeta_high,45,0,13,1,v4,5,twist_branch0,45,1260,1473,13,2,0,-147,1,x0,180,52,308,45,13,77,13,13,v5,5,1,22,v6,6,top_split_then_twist_then_dft3_contribution_then_natural_ntt32_input_bitrev_output
0,0,52,52,52,52,436,low_plus_zeta_high,13,1,13,1,v5,5,twist_branch0,13,8,1458,13,0,0,-147,1,x0_plus_x1_plus_x2,180,52,308,45,13,77,13,13,v5,5,1,22,v6,6,top_split_then_twist_then_dft3_contribution_then_natural_ntt32_input_bitrev_output
0,0,52,52,52,52,436,low_plus_zeta_high,13,1,13,1,v5,5,twist_branch0,13,8,1458,13,1,1,-886,2734,plus_omega3_times_d,180,52,308,45,13,77,13,13,v5,5,1,22,v6,6,top_split_then_twist_then_dft3_contribution_then_natural_ntt32_input_bitrev_output
0,0,52,52,52,52,436,low_plus_zeta_high,13,1,13,1,v5,5,twist_branch0,13,8,1458,13,2,2,1033,722,minus_x1_minus_omega3_times_d,180,52,308,45,13,77,13,13,v5,5,1,22,v6,6,top_split_then_twist_then_dft3_contribution_then_natural_ntt32_input_bitrev_output
0,0,308,308,308,308,692,low_plus_zeta_high,77,2,13,1,v6,5,twist_branch0,77,1401,2107,13,0,0,-147,1,x0_plus_x1_plus_x2,180,52,308,45,13,77,13,13,v5,5,1,22,v6,6,top_split_then_twist_then_dft3_contribution_then_natural_ntt32_input_bitrev_output
0,0,308,308,308,308,692,low_plus_zeta_high,77,2,13,1,v6,5,twist_branch0,77,1401,2107,13,1,2,1033,722,minus_x2_minus_omega3_times_d,180,52,308,45,13,77,13,13,v5,5,1,22,v6,6,top_split_then_twist_then_dft3_contribution_then_natural_ntt32_input_bitrev_output
0,0,308,308,308,308,692,low_plus_zeta_high,77,2,13,1,v6,5,twist_branch0,77,1401,2107,13,2,1,-886,2734,plus_omega3_times_d,180,52,308,45,13,77,13,13,v5,5,1,22,v6,6,top_split_then_twist_then_dft3_contribution_then_natural_ntt32_input_bitrev_output
0,0,312,312,312,312,696,low_plus_zeta_high,78,0,14,1,v4,6,twist_branch0,78,-1028,2782,14,0,0,-147,1,x0_plus_x1_plus_x2,312,184,56,78,46,14,14,14,v5,6,1,14,v5,6,top_split_then_twist_then_dft3_contribution_then_natural_ntt32_input_bitrev_output
0,0,312,312,312,312,696,low_plus_zeta_high,78,0,14,1,v4,6,twist_branch0,78,-1028,2782,14,1,0,-147,1,x0,312,184,56,78,46,14,14,14,v5,6,1,14,v5,6,top_split_then_twist_then_dft3_contribution_then_natural_ntt32_input_bitrev_output
0,0,312,312,312,312,696,low_plus_zeta_high,78,0,14,1,v4,6,twist_branch0,78,-1028,2782,14,2,0,-147,1,x0,312,184,56,78,46,14,14,14,v5,6,1,14,v5,6,top_split_then_twist_then_dft3_contribution_then_natural_ntt32_input_bitrev_output
0,0,184,184,184,184,568,low_plus_zeta_high,46,1,14,1,v5,6,twist_branch0,46,630,2465,14,0,0,-147,1,x0_plus_x1_plus_x2,312,184,56,78,46,14,14,14,v5,6,1,14,v5,6,top_split_then_twist_then_dft3_contribution_then_natural_ntt32_input_bitrev_output
0,0,184,184,184,184,568,low_plus_zeta_high,46,1,14,1,v5,6,twist_branch0,46,630,2465,14,1,1,-886,2734,plus_omega3_times_d,312,184,56,78,46,14,14,14,v5,6,1,14,v5,6,top_split_then_twist_then_dft3_contribution_then_natural_ntt32_input_bitrev_output
0,0,184,184,184,184,568,low_plus_zeta_high,46,1,14,1,v5,6,twist_branch0,46,630,2465,14,2,2,1033,722,minus_x1_minus_omega3_times_d,312,184,56,78,46,14,14,14,v5,6,1,14,v5,6,top_split_then_twist_then_dft3_contribution_then_natural_ntt32_input_bitrev_output
0,0,56,56,56,56,440,low_plus_zeta_high,14,2,14,1,v6,6,twist_branch0,14,4,729,14,0,0,-147,1,x0_plus_x1_plus_x2,312,184,56,78,46,14,14,14,v5,6,1,14,v5,6,top_split_then_twist_then_dft3_contribution_then_natural_ntt32_input_bitrev_output
0,0,56,56,56,56,440,low_plus_zeta_high,14,2,14,1,v6,6,twist_branch0,14,4,729,14,1,2,1033,722,minus_x2_minus_omega3_times_d,312,184,56,78,46,14,14,14,v5,6,1,14,v5,6,top_split_then_twist_then_dft3_contribution_then_natural_ntt32_input_bitrev_output
0,0,56,56,56,56,440,low_plus_zeta_high,14,2,14,1,v6,6,twist_branch0,14,4,729,14,2,1,-886,2734,plus_omega3_times_d,312,184,56,78,46,14,14,14,v5,6,1,14,v5,6,top_split_then_twist_then_dft3_contribution_then_natural_ntt32_input_bitrev_output
0,0,60,60,60,60,444,low_plus_zeta_high,15,0,15,1,v4,7,twist_branch0,15,2,2093,15,0,0,-147,1,x0_plus_x1_plus_x2,60,316,188,15,79,47,15,15,v5,7,1,30,v7,6,top_split_then_twist_then_dft3_contribution_then_natural_ntt32_input_bitrev_output
0,0,60,60,60,60,444,low_plus_zeta_high,15,0,15,1,v4,7,twist_branch0,15,2,2093,15,1,0,-147,1,x0,60,316,188,15,79,47,15,15,v5,7,1,30,v7,6,top_split_then_twist_then_dft3_contribution_then_natural_ntt32_input_bitrev_output
0,0,60,60,60,60,444,low_plus_zeta_high,15,0,15,1,v4,7,twist_branch0,15,2,2093,15,2,0,-147,1,x0,60,316,188,15,79,47,15,15,v5,7,1,30,v7,6,top_split_then_twist_then_dft3_contribution_then_natural_ntt32_input_bitrev_output
0,0,316,316,316,316,700,low_plus_zeta_high,79,1,15,1,v5,7,twist_branch0,79,-514,1391,15,0,0,-147,1,x0_plus_x1_plus_x2,60,316,188,15,79,47,15,15,v5,7,1,30,v7,6,top_split_then_twist_then_dft3_contribution_then_natural_ntt32_input_bitrev_output
0,0,316,316,316,316,700,low_plus_zeta_high,79,1,15,1,v5,7,twist_branch0,79,-514,1391,15,1,1,-886,2734,plus_omega3_times_d,60,316,188,15,79,47,15,15,v5,7,1,30,v7,6,top_split_then_twist_then_dft3_contribution_then_natural_ntt32_input_bitrev_output
0,0,316,316,316,316,700,low_plus_zeta_high,79,1,15,1,v5,7,twist_branch0,79,-514,1391,15,2,2,1033,722,minus_x1_minus_omega3_times_d,60,316,188,15,79,47,15,15,v5,7,1,30,v7,6,top_split_then_twist_then_dft3_contribution_then_natural_ntt32_input_bitrev_output
0,0,188,188,188,188,572,low_plus_zeta_high,47,2,15,1,v6,7,twist_branch0,47,315,2961,15,0,0,-147,1,x0_plus_x1_plus_x2,60,316,188,15,79,47,15,15,v5,7,1,30,v7,6,top_split_then_twist_then_dft3_contribution_then_natural_ntt32_input_bitrev_output
0,0,188,188,188,188,572,low_plus_zeta_high,47,2,15,1,v6,7,twist_branch0,47,315,2961,15,1,2,1033,722,minus_x2_minus_omega3_times_d,60,316,188,15,79,47,15,15,v5,7,1,30,v7,6,top_split_then_twist_then_dft3_contribution_then_natural_ntt32_input_bitrev_output
0,0,188,188,188,188,572,low_plus_zeta_high,47,2,15,1,v6,7,twist_branch0,47,315,2961,15,2,1,-886,2734,plus_omega3_times_d,60,316,188,15,79,47,15,15,v5,7,1,30,v7,6,top_split_then_twist_then_dft3_contribution_then_natural_ntt32_input_bitrev_output
0,0,192,192,192,192,576,low_plus_zeta_high,48,0,16,2,v4,0,twist_branch0,48,-1571,3209,16,0,0,-147,1,x0_plus_x1_plus_x2,192,64,320,48,16,80,16,16,v6,0,2,1,v4,1,top_split_then_twist_then_dft3_contribution_then_natural_ntt32_input_bitrev_output
0,0,192,192,192,192,576,low_plus_zeta_high,48,0,16,2,v4,0,twist_branch0,48,-1571,3209,16,1,0,-147,1,x0,192,64,320,48,16,80,16,16,v6,0,2,1,v4,1,top_split_then_twist_then_dft3_contribution_then_natural_ntt32_input_bitrev_output
0,0,192,192,192,192,576,low_plus_zeta_high,48,0,16,2,v4,0,twist_branch0,48,-1571,3209,16,2,0,-147,1,x0,192,64,320,48,16,80,16,16,v6,0,2,1,v4,1,top_split_then_twist_then_dft3_contribution_then_natural_ntt32_input_bitrev_output
0,0,64,64,64,64,448,low_plus_zeta_high,16,1,16,2,v5,0,twist_branch0,16,1,2775,16,0,0,-147,1,x0_plus_x1_plus_x2,192,64,320,48,16,80,16,16,v6,0,2,1,v4,1,top_split_then_twist_then_dft3_contribution_then_natural_ntt32_input_bitrev_output
0,0,64,64,64,64,448,low_plus_zeta_high,16,1,16,2,v5,0,twist_branch0,16,1,2775,16,1,1,-886,2734,plus_omega3_times_d,192,64,320,48,16,80,16,16,v6,0,2,1,v4,1,top_split_then_twist_then_dft3_contribution_then_natural_ntt32_input_bitrev_output
0,0,64,64,64,64,448,low_plus_zeta_high,16,1,16,2,v5,0,twist_branch0,16,1,2775,16,2,2,1033,722,minus_x1_minus_omega3_times_d,192,64,320,48,16,80,16,16,v6,0,2,1,v4,1,top_split_then_twist_then_dft3_contribution_then_natural_ntt32_input_bitrev_output
0,0,320,320,320,320,704,low_plus_zeta_high,80,2,16,2,v6,0,twist_branch0,80,-257,2424,16,0,0,-147,1,x0_plus_x1_plus_x2,192,64,320,48,16,80,16,16,v6,0,2,1,v4,1,top_split_then_twist_then_dft3_contribution_then_natural_ntt32_input_bitrev_output
0,0,320,320,320,320,704,low_plus_zeta_high,80,2,16,2,v6,0,twist_branch0,80,-257,2424,16,1,2,1033,722,minus_x2_minus_omega3_times_d,192,64,320,48,16,80,16,16,v6,0,2,1,v4,1,top_split_then_twist_then_dft3_contribution_then_natural_ntt32_input_bitrev_output
0,0,320,320,320,320,704,low_plus_zeta_high,80,2,16,2,v6,0,twist_branch0,80,-257,2424,16,2,1,-886,2734,plus_omega3_times_d,192,64,320,48,16,80,16,16,v6,0,2,1,v4,1,top_split_then_twist_then_dft3_contribution_then_natural_ntt32_input_bitrev_output
0,0,324,324,324,324,708,low_plus_zeta_high,81,0,17,2,v4,1,twist_branch0,81,1600,1212,17,0,0,-147,1,x0_plus_x1_plus_x2,324,196,68,81,49,17,17,17,v6,1,2,17,v6,1,top_split_then_twist_then_dft3_contribution_then_natural_ntt32_input_bitrev_output
0,0,324,324,324,324,708,low_plus_zeta_high,81,0,17,2,v4,1,twist_branch0,81,1600,1212,17,1,0,-147,1,x0,324,196,68,81,49,17,17,17,v6,1,2,17,v6,1,top_split_then_twist_then_dft3_contribution_then_natural_ntt32_input_bitrev_output
0,0,324,324,324,324,708,low_plus_zeta_high,81,0,17,2,v4,1,twist_branch0,81,1600,1212,17,2,0,-147,1,x0,324,196,68,81,49,17,17,17,v6,1,2,17,v6,1,top_split_then_twist_then_dft3_contribution_then_natural_ntt32_input_bitrev_output
0,0,196,196,196,196,580,low_plus_zeta_high,49,1,17,2,v5,1,twist_branch0,49,943,3333,17,0,0,-147,1,x0_plus_x1_plus_x2,324,196,68,81,49,17,17,17,v6,1,2,17,v6,1,top_split_then_twist_then_dft3_contribution_then_natural_ntt32_input_bitrev_output
0,0,196,196,196,196,580,low_plus_zeta_high,49,1,17,2,v5,1,twist_branch0,49,943,3333,17,1,1,-886,2734,plus_omega3_times_d,324,196,68,81,49,17,17,17,v6,1,2,17,v6,1,top_split_then_twist_then_dft3_contribution_then_natural_ntt32_input_bitrev_output
0,0,196,196,196,196,580,low_plus_zeta_high,49,1,17,2,v5,1,twist_branch0,49,943,3333,17,2,2,1033,722,minus_x1_minus_omega3_times_d,324,196,68,81,49,17,17,17,v6,1,2,17,v6,1,top_split_then_twist_then_dft3_contribution_then_natural_ntt32_input_bitrev_output
0,0,68,68,68,68,452,low_plus_zeta_high,17,2,17,2,v6,1,twist_branch0,17,-1728,3116,17,0,0,-147,1,x0_plus_x1_plus_x2,324,196,68,81,49,17,17,17,v6,1,2,17,v6,1,top_split_then_twist_then_dft3_contribution_then_natural_ntt32_input_bitrev_output
0,0,68,68,68,68,452,low_plus_zeta_high,17,2,17,2,v6,1,twist_branch0,17,-1728,3116,17,1,2,1033,722,minus_x2_minus_omega3_times_d,324,196,68,81,49,17,17,17,v6,1,2,17,v6,1,top_split_then_twist_then_dft3_contribution_then_natural_ntt32_input_bitrev_output
0,0,68,68,68,68,452,low_plus_zeta_high,17,2,17,2,v6,1,twist_branch0,17,-1728,3116,17,2,1,-886,2734,plus_omega3_times_d,324,196,68,81,49,17,17,17,v6,1,2,17,v6,1,top_split_then_twist_then_dft3_contribution_then_natural_ntt32_input_bitrev_output
0,0,72,72,72,72,456,low_plus_zeta_high,18,0,18,2,v4,2,twist_branch0,18,-864,1558,18,0,0,-147,1,x0_plus_x1_plus_x2,72,328,200,18,82,50,18,18,v6,2,2,9,v5,1,top_split_then_twist_then_dft3_contribution_then_natural_ntt32_input_bitrev_output
0,0,72,72,72,72,456,low_plus_zeta_high,18,0,18,2,v4,2,twist_branch0,18,-864,1558,18,1,0,-147,1,x0,72,328,200,18,82,50,18,18,v6,2,2,9,v5,1,top_split_then_twist_then_dft3_contribution_then_natural_ntt32_input_bitrev_output
0,0,72,72,72,72,456,low_plus_zeta_high,18,0,18,2,v4,2,twist_branch0,18,-864,1558,18,2,0,-147,1,x0,72,328,200,18,82,50,18,18,v6,2,2,9,v5,1,top_split_then_twist_then_dft3_contribution_then_natural_ntt32_input_bitrev_output
0,0,328,328,328,328,712,low_plus_zeta_high,82,1,18,2,v5,2,twist_branch0,82,800,606,18,0,0,-147,1,x0_plus_x1_plus_x2,72,328,200,18,82,50,18,18,v6,2,2,9,v5,1,top_split_then_twist_then_dft3_contribution_then_natural_ntt32_input_bitrev_output
0,0,328,328,328,328,712,low_plus_zeta_high,82,1,18,2,v5,2,twist_branch0,82,800,606,18,1,1,-886,2734,plus_omega3_times_d,72,328,200,18,82,50,18,18,v6,2,2,9,v5,1,top_split_then_twist_then_dft3_contribution_then_natural_ntt32_input_bitrev_output
0,0,328,328,328,328,712,low_plus_zeta_high,82,1,18,2,v5,2,twist_branch0,82,800,606,18,2,2,1033,722,minus_x1_minus_omega3_times_d,72,328,200,18,82,50,18,18,v6,2,2,9,v5,1,top_split_then_twist_then_dft3_contribution_then_natural_ntt32_input_bitrev_output
0,0,200,200,200,200,584,low_plus_zeta_high,50,2,18,2,v6,2,twist_branch0,50,-1257,3395,18,0,0,-147,1,x0_plus_x1_plus_x2,72,328,200,18,82,50,18,18,v6,2,2,9,v5,1,top_split_then_twist_then_dft3_contribution_then_natural_ntt32_input_bitrev_output
0,0,200,200,200,200,584,low_plus_zeta_high,50,2,18,2,v6,2,twist_branch0,50,-1257,3395,18,1,2,1033,722,minus_x2_minus_omega3_times_d,72,328,200,18,82,50,18,18,v6,2,2,9,v5,1,top_split_then_twist_then_dft3_contribution_then_natural_ntt32_input_bitrev_output
0,0,200,200,200,200,584,low_plus_zeta_high,50,2,18,2,v6,2,twist_branch0,50,-1257,3395,18,2,1,-886,2734,plus_omega3_times_d,72,328,200,18,82,50,18,18,v6,2,2,9,v5,1,top_split_then_twist_then_dft3_contribution_then_natural_ntt32_input_bitrev_output
0,0,204,204,204,204,588,low_plus_zeta_high,51,0,19,2,v4,3,twist_branch0,51,1100,3426,19,0,0,-147,1,x0_plus_x1_plus_x2,204,76,332,51,19,83,19,19,v6,3,2,25,v7,1,top_split_then_twist_then_dft3_contribution_then_natural_ntt32_input_bitrev_output
0,0,204,204,204,204,588,low_plus_zeta_high,51,0,19,2,v4,3,twist_branch0,51,1100,3426,19,1,0,-147,1,x0,204,76,332,51,19,83,19,19,v6,3,2,25,v7,1,top_split_then_twist_then_dft3_contribution_then_natural_ntt32_input_bitrev_output
0,0,204,204,204,204,588,low_plus_zeta_high,51,0,19,2,v4,3,twist_branch0,51,1100,3426,19,2,0,-147,1,x0,204,76,332,51,19,83,19,19,v6,3,2,25,v7,1,top_split_then_twist_then_dft3_contribution_then_natural_ntt32_input_bitrev_output
0,0,76,76,76,76,460,low_plus_zeta_high,19,1,19,2,v5,3,twist_branch0,19,-432,779,19,0,0,-147,1,x0_plus_x1_plus_x2,204,76,332,51,19,83,19,19,v6,3,2,25,v7,1,top_split_then_twist_then_dft3_contribution_then_natural_ntt32_input_bitrev_output
0,0,76,76,76,76,460,low_plus_zeta_high,19,1,19,2,v5,3,twist_branch0,19,-432,779,19,1,1,-886,2734,plus_omega3_times_d,204,76,332,51,19,83,19,19,v6,3,2,25,v7,1,top_split_then_twist_then_dft3_contribution_then_natural_ntt32_input_bitrev_output
0,0,76,76,76,76,460,low_plus_zeta_high,19,1,19,2,v5,3,twist_branch0,19,-432,779,19,2,2,1033,722,minus_x1_minus_omega3_times_d,204,76,332,51,19,83,19,19,v6,3,2,25,v7,1,top_split_then_twist_then_dft3_contribution_then_natural_ntt32_input_bitrev_output
0,0,332,332,332,332,716,low_plus_zeta_high,83,2,19,2,v6,3,twist_branch0,83,400,303,19,0,0,-147,1,x0_plus_x1_plus_x2,204,76,332,51,19,83,19,19,v6,3,2,25,v7,1,top_split_then_twist_then_dft3_contribution_then_natural_ntt32_input_bitrev_output
0,0,332,332,332,332,716,low_plus_zeta_high,83,2,19,2,v6,3,twist_branch0,83,400,303,19,1,2,1033,722,minus_x2_minus_omega3_times_d,204,76,332,51,19,83,19,19,v6,3,2,25,v7,1,top_split_then_twist_then_dft3_contribution_then_natural_ntt32_input_bitrev_output
0,0,332,332,332,332,716,low_plus_zeta_high,83,2,19,2,v6,3,twist_branch0,83,400,303,19,2,1,-886,2734,plus_omega3_times_d,204,76,332,51,19,83,19,19,v6,3,2,25,v7,1,top_split_then_twist_then_dft3_contribution_then_natural_ntt32_input_bitrev_output
0,0,336,336,336,336,720,low_plus_zeta_high,84,0,20,2,v4,4,twist_branch0,84,200,1880,20,0,0,-147,1,x0_plus_x1_plus_x2,336,208,80,84,52,20,20,20,v6,4,2,5,v4,5,top_split_then_twist_then_dft3_contribution_then_natural_ntt32_input_bitrev_output
0,0,336,336,336,336,720,low_plus_zeta_high,84,0,20,2,v4,4,twist_branch0,84,200,1880,20,1,0,-147,1,x0,336,208,80,84,52,20,20,20,v6,4,2,5,v4,5,top_split_then_twist_then_dft3_contribution_then_natural_ntt32_input_bitrev_output
0,0,336,336,336,336,720,low_plus_zeta_high,84,0,20,2,v4,4,twist_branch0,84,200,1880,20,2,0,-147,1,x0,336,208,80,84,52,20,20,20,v6,4,2,5,v4,5,top_split_then_twist_then_dft3_contribution_then_natural_ntt32_input_bitrev_output
0,0,208,208,208,208,592,low_plus_zeta_high,52,1,20,2,v5,4,twist_branch0,52,550,1713,20,0,0,-147,1,x0_plus_x1_plus_x2,336,208,80,84,52,20,20,20,v6,4,2,5,v4,5,top_split_then_twist_then_dft3_contribution_then_natural_ntt32_input_bitrev_output
0,0,208,208,208,208,592,low_plus_zeta_high,52,1,20,2,v5,4,twist_branch0,52,550,1713,20,1,1,-886,2734,plus_omega3_times_d,336,208,80,84,52,20,20,20,v6,4,2,5,v4,5,top_split_then_twist_then_dft3_contribution_then_natural_ntt32_input_bitrev_output
0,0,208,208,208,208,592,low_plus_zeta_high,52,1,20,2,v5,4,twist_branch0,52,550,1713,20,2,2,1033,722,minus_x1_minus_omega3_times_d,336,208,80,84,52,20,20,20,v6,4,2,5,v4,5,top_split_then_twist_then_dft3_contribution_then_natural_ntt32_input_bitrev_output
0,0,80,80,80,80,464,low_plus_zeta_high,20,2,20,2,v6,4,twist_branch0,20,-216,2118,20,0,0,-147,1,x0_plus_x1_plus_x2,336,208,80,84,52,20,20,20,v6,4,2,5,v4,5,top_split_then_twist_then_dft3_contribution_then_natural_ntt32_input_bitrev_output
0,0,80,80,80,80,464,low_plus_zeta_high,20,2,20,2,v6,4,twist_branch0,20,-216,2118,20,1,2,1033,722,minus_x2_minus_omega3_times_d,336,208,80,84,52,20,20,20,v6,4,2,5,v4,5,top_split_then_twist_then_dft3_contribution_then_natural_ntt32_input_bitrev_output
0,0,80,80,80,80,464,low_plus_zeta_high,20,2,20,2,v6,4,twist_branch0,20,-216,2118,20,2,1,-886,2734,plus_omega3_times_d,336,208,80,84,52,20,20,20,v6,4,2,5,v4,5,top_split_then_twist_then_dft3_contribution_then_natural_ntt32_input_bitrev_output
0,0,84,84,84,84,468,low_plus_zeta_high,21,0,21,2,v4,5,twist_branch0,21,-108,1059,21,0,0,-147,1,x0_plus_x1_plus_x2,84,340,212,21,85,53,21,21,v6,5,2,21,v6,5,top_split_then_twist_then_dft3_contribution_then_natural_ntt32_input_bitrev_output
0,0,84,84,84,84,468,low_plus_zeta_high,21,0,21,2,v4,5,twist_branch0,21,-108,1059,21,1,0,-147,1,x0,84,340,212,21,85,53,21,21,v6,5,2,21,v6,5,top_split_then_twist_then_dft3_contribution_then_natural_ntt32_input_bitrev_output
0,0,84,84,84,84,468,low_plus_zeta_high,21,0,21,2,v4,5,twist_branch0,21,-108,1059,21,2,0,-147,1,x0,84,340,212,21,85,53,21,21,v6,5,2,21,v6,5,top_split_then_twist_then_dft3_contribution_then_natural_ntt32_input_bitrev_output
0,0,340,340,340,340,724,low_plus_zeta_high,85,1,21,2,v5,5,twist_branch0,85,100,940,21,0,0,-147,1,x0_plus_x1_plus_x2,84,340,212,21,85,53,21,21,v6,5,2,21,v6,5,top_split_then_twist_then_dft3_contribution_then_natural_ntt32_input_bitrev_output
0,0,340,340,340,340,724,low_plus_zeta_high,85,1,21,2,v5,5,twist_branch0,85,100,940,21,1,1,-886,2734,plus_omega3_times_d,84,340,212,21,85,53,21,21,v6,5,2,21,v6,5,top_split_then_twist_then_dft3_contribution_then_natural_ntt32_input_bitrev_output
0,0,340,340,340,340,724,low_plus_zeta_high,85,1,21,2,v5,5,twist_branch0,85,100,940,21,2,2,1033,722,minus_x1_minus_omega3_times_d,84,340,212,21,85,53,21,21,v6,5,2,21,v6,5,top_split_then_twist_then_dft3_contribution_then_natural_ntt32_input_bitrev_output
0,0,212,212,212,212,596,low_plus_zeta_high,53,2,21,2,v6,5,twist_branch0,53,275,2585,21,0,0,-147,1,x0_plus_x1_plus_x2,84,340,212,21,85,53,21,21,v6,5,2,21,v6,5,top_split_then_twist_then_dft3_contribution_then_natural_ntt32_input_bitrev_output
0,0,212,212,212,212,596,low_plus_zeta_high,53,2,21,2,v6,5,twist_branch0,53,275,2585,21,1,2,1033,722,minus_x2_minus_omega3_times_d,84,340,212,21,85,53,21,21,v6,5,2,21,v6,5,top_split_then_twist_then_dft3_contribution_then_natural_ntt32_input_bitrev_output
0,0,212,212,212,212,596,low_plus_zeta_high,53,2,21,2,v6,5,twist_branch0,53,275,2585,21,2,1,-886,2734,plus_omega3_times_d,84,340,212,21,85,53,21,21,v6,5,2,21,v6,5,top_split_then_twist_then_dft3_contribution_then_natural_ntt32_input_bitrev_output
0,0,216,216,216,216,600,low_plus_zeta_high,54,0,22,2,v4,6,twist_branch0,54,-1591,3021,22,0,0,-147,1,x0_plus_x1_plus_x2,216,88,344,54,22,86,22,22,v6,6,2,13,v5,5,top_split_then_twist_then_dft3_contribution_then_natural_ntt32_input_bitrev_output
0,0,216,216,216,216,600,low_plus_zeta_high,54,0,22,2,v4,6,twist_branch0,54,-1591,3021,22,1,0,-147,1,x0,216,88,344,54,22,86,22,22,v6,6,2,13,v5,5,top_split_then_twist_then_dft3_contribution_then_natural_ntt32_input_bitrev_output
0,0,216,216,216,216,600,low_plus_zeta_high,54,0,22,2,v4,6,twist_branch0,54,-1591,3021,22,2,0,-147,1,x0,216,88,344,54,22,86,22,22,v6,6,2,13,v5,5,top_split_then_twist_then_dft3_contribution_then_natural_ntt32_input_bitrev_output
0,0,88,88,88,88,472,low_plus_zeta_high,22,1,22,2,v5,6,twist_branch0,22,-54,2258,22,0,0,-147,1,x0_plus_x1_plus_x2,216,88,344,54,22,86,22,22,v6,6,2,13,v5,5,top_split_then_twist_then_dft3_contribution_then_natural_ntt32_input_bitrev_output
0,0,88,88,88,88,472,low_plus_zeta_high,22,1,22,2,v5,6,twist_branch0,22,-54,2258,22,1,1,-886,2734,plus_omega3_times_d,216,88,344,54,22,86,22,22,v6,6,2,13,v5,5,top_split_then_twist_then_dft3_contribution_then_natural_ntt32_input_bitrev_output
0,0,88,88,88,88,472,low_plus_zeta_high,22,1,22,2,v5,6,twist_branch0,22,-54,2258,22,2,2,1033,722,minus_x1_minus_omega3_times_d,216,88,344,54,22,86,22,22,v6,6,2,13,v5,5,top_split_then_twist_then_dft3_contribution_then_natural_ntt32_input_bitrev_output
0,0,344,344,344,344,728,low_plus_zeta_high,86,2,22,2,v6,6,twist_branch0,86,50,470,22,0,0,-147,1,x0_plus_x1_plus_x2,216,88,344,54,22,86,22,22,v6,6,2,13,v5,5,top_split_then_twist_then_dft3_contribution_then_natural_ntt32_input_bitrev_output
0,0,344,344,344,344,728,low_plus_zeta_high,86,2,22,2,v6,6,twist_branch0,86,50,470,22,1,2,1033,722,minus_x2_minus_omega3_times_d,216,88,344,54,22,86,22,22,v6,6,2,13,v5,5,top_split_then_twist_then_dft3_contribution_then_natural_ntt32_input_bitrev_output
0,0,344,344,344,344,728,low_plus_zeta_high,86,2,22,2,v6,6,twist_branch0,86,50,470,22,2,1,-886,2734,plus_omega3_times_d,216,88,344,54,22,86,22,22,v6,6,2,13,v5,5,top_split_then_twist_then_dft3_contribution_then_natural_ntt32_input_bitrev_output
0,0,348,348,348,348,732,low_plus_zeta_high,87,0,23,2,v4,7,twist_branch0,87,25,235,23,0,0,-147,1,x0_plus_x1_plus_x2,348,220,92,87,55,23,23,23,v6,7,2,29,v7,5,top_split_then_twist_then_dft3_contribution_then_natural_ntt32_input_bitrev_output
0,0,348,348,348,348,732,low_plus_zeta_high,87,0,23,2,v4,7,twist_branch0,87,25,235,23,1,0,-147,1,x0,348,220,92,87,55,23,23,23,v6,7,2,29,v7,5,top_split_then_twist_then_dft3_contribution_then_natural_ntt32_input_bitrev_output
0,0,348,348,348,348,732,low_plus_zeta_high,87,0,23,2,v4,7,twist_branch0,87,25,235,23,2,0,-147,1,x0,348,220,92,87,55,23,23,23,v6,7,2,29,v7,5,top_split_then_twist_then_dft3_contribution_then_natural_ntt32_input_bitrev_output
0,0,220,220,220,220,604,low_plus_zeta_high,55,1,23,2,v5,7,twist_branch0,55,933,3239,23,0,0,-147,1,x0_plus_x1_plus_x2,348,220,92,87,55,23,23,23,v6,7,2,29,v7,5,top_split_then_twist_then_dft3_contribution_then_natural_ntt32_input_bitrev_output
0,0,220,220,220,220,604,low_plus_zeta_high,55,1,23,2,v5,7,twist_branch0,55,933,3239,23,1,1,-886,2734,plus_omega3_times_d,348,220,92,87,55,23,23,23,v6,7,2,29,v7,5,top_split_then_twist_then_dft3_contribution_then_natural_ntt32_input_bitrev_output
0,0,220,220,220,220,604,low_plus_zeta_high,55,1,23,2,v5,7,twist_branch0,55,933,3239,23,2,2,1033,722,minus_x1_minus_omega3_times_d,348,220,92,87,55,23,23,23,v6,7,2,29,v7,5,top_split_then_twist_then_dft3_contribution_then_natural_ntt32_input_bitrev_output
0,0,92,92,92,92,476,low_plus_zeta_high,23,2,23,2,v6,7,twist_branch0,23,-27,1129,23,0,0,-147,1,x0_plus_x1_plus_x2,348,220,92,87,55,23,23,23,v6,7,2,29,v7,5,top_split_then_twist_then_dft3_contribution_then_natural_ntt32_input_bitrev_output
0,0,92,92,92,92,476,low_plus_zeta_high,23,2,23,2,v6,7,twist_branch0,23,-27,1129,23,1,2,1033,722,minus_x2_minus_omega3_times_d,348,220,92,87,55,23,23,23,v6,7,2,29,v7,5,top_split_then_twist_then_dft3_contribution_then_natural_ntt32_input_bitrev_output
0,0,92,92,92,92,476,low_plus_zeta_high,23,2,23,2,v6,7,twist_branch0,23,-27,1129,23,2,1,-886,2734,plus_omega3_times_d,348,220,92,87,55,23,23,23,v6,7,2,29,v7,5,top_split_then_twist_then_dft3_contribution_then_natural_ntt32_input_bitrev_output
0,0,96,96,96,96,480,low_plus_zeta_high,24,0,24,3,v4,0,twist_branch0,24,1715,2293,24,0,0,-147,1,x0_plus_x1_plus_x2,96,352,224,24,88,56,24,24,v7,0,3,3,v4,3,top_split_then_twist_then_dft3_contribution_then_natural_ntt32_input_bitrev_output
0,0,96,96,96,96,480,low_plus_zeta_high,24,0,24,3,v4,0,twist_branch0,24,1715,2293,24,1,0,-147,1,x0,96,352,224,24,88,56,24,24,v7,0,3,3,v4,3,top_split_then_twist_then_dft3_contribution_then_natural_ntt32_input_bitrev_output
0,0,96,96,96,96,480,low_plus_zeta_high,24,0,24,3,v4,0,twist_branch0,24,1715,2293,24,2,0,-147,1,x0,96,352,224,24,88,56,24,24,v7,0,3,3,v4,3,top_split_then_twist_then_dft3_contribution_then_natural_ntt32_input_bitrev_output
0,0,352,352,352,352,736,low_plus_zeta_high,88,1,24,3,v5,0,twist_branch0,88,-1716,1846,24,0,0,-147,1,x0_plus_x1_plus_x2,96,352,224,24,88,56,24,24,v7,0,3,3,v4,3,top_split_then_twist_then_dft3_contribution_then_natural_ntt32_input_bitrev_output
0,0,352,352,352,352,736,low_plus_zeta_high,88,1,24,3,v5,0,twist_branch0,88,-1716,1846,24,1,1,-886,2734,plus_omega3_times_d,96,352,224,24,88,56,24,24,v7,0,3,3,v4,3,top_split_then_twist_then_dft3_contribution_then_natural_ntt32_input_bitrev_output
0,0,352,352,352,352,736,low_plus_zeta_high,88,1,24,3,v5,0,twist_branch0,88,-1716,1846,24,2,2,1033,722,minus_x1_minus_omega3_times_d,96,352,224,24,88,56,24,24,v7,0,3,3,v4,3,top_split_then_twist_then_dft3_contribution_then_natural_ntt32_input_bitrev_output
0,0,224,224,224,224,608,low_plus_zeta_high,56,2,24,3,v6,0,twist_branch0,56,-1262,3348,24,0,0,-147,1,x0_plus_x1_plus_x2,96,352,224,24,88,56,24,24,v7,0,3,3,v4,3,top_split_then_twist_then_dft3_contribution_then_natural_ntt32_input_bitrev_output
0,0,224,224,224,224,608,low_plus_zeta_high,56,2,24,3,v6,0,twist_branch0,56,-1262,3348,24,1,2,1033,722,minus_x2_minus_omega3_times_d,96,352,224,24,88,56,24,24,v7,0,3,3,v4,3,top_split_then_twist_then_dft3_contribution_then_natural_ntt32_input_bitrev_output
0,0,224,224,224,224,608,low_plus_zeta_high,56,2,24,3,v6,0,twist_branch0,56,-1262,3348,24,2,1,-886,2734,plus_omega3_times_d,96,352,224,24,88,56,24,24,v7,0,3,3,v4,3,top_split_then_twist_then_dft3_contribution_then_natural_ntt32_input_bitrev_output
0,0,228,228,228,228,612,low_plus_zeta_high,57,0,25,3,v4,1,twist_branch0,57,-631,1674,25,0,0,-147,1,x0_plus_x1_plus_x2,228,100,356,57,25,89,25,25,v7,1,3,19,v6,3,top_split_then_twist_then_dft3_contribution_then_natural_ntt32_input_bitrev_output
0,0,228,228,228,228,612,low_plus_zeta_high,57,0,25,3,v4,1,twist_branch0,57,-631,1674,25,1,0,-147,1,x0,228,100,356,57,25,89,25,25,v7,1,3,19,v6,3,top_split_then_twist_then_dft3_contribution_then_natural_ntt32_input_bitrev_output
0,0,228,228,228,228,612,low_plus_zeta_high,57,0,25,3,v4,1,twist_branch0,57,-631,1674,25,2,0,-147,1,x0,228,100,356,57,25,89,25,25,v7,1,3,19,v6,3,top_split_then_twist_then_dft3_contribution_then_natural_ntt32_input_bitrev_output
0,0,100,100,100,100,484,low_plus_zeta_high,25,1,25,3,v5,1,twist_branch0,25,-871,2875,25,0,0,-147,1,x0_plus_x1_plus_x2,228,100,356,57,25,89,25,25,v7,1,3,19,v6,3,top_split_then_twist_then_dft3_contribution_then_natural_ntt32_input_bitrev_output
0,0,100,100,100,100,484,low_plus_zeta_high,25,1,25,3,v5,1,twist_branch0,25,-871,2875,25,1,1,-886,2734,plus_omega3_times_d,228,100,356,57,25,89,25,25,v7,1,3,19,v6,3,top_split_then_twist_then_dft3_contribution_then_natural_ntt32_input_bitrev_output
0,0,100,100,100,100,484,low_plus_zeta_high,25,1,25,3,v5,1,twist_branch0,25,-871,2875,25,2,2,1033,722,minus_x1_minus_omega3_times_d,228,100,356,57,25,89,25,25,v7,1,3,19,v6,3,top_split_then_twist_then_dft3_contribution_then_natural_ntt32_input_bitrev_output
0,0,356,356,356,356,740,low_plus_zeta_high,89,2,25,3,v6,1,twist_branch0,89,-858,923,25,0,0,-147,1,x0_plus_x1_plus_x2,228,100,356,57,25,89,25,25,v7,1,3,19,v6,3,top_split_then_twist_then_dft3_contribution_then_natural_ntt32_input_bitrev_output
0,0,356,356,356,356,740,low_plus_zeta_high,89,2,25,3,v6,1,twist_branch0,89,-858,923,25,1,2,1033,722,minus_x2_minus_omega3_times_d,228,100,356,57,25,89,25,25,v7,1,3,19,v6,3,top_split_then_twist_then_dft3_contribution_then_natural_ntt32_input_bitrev_output
0,0,356,356,356,356,740,low_plus_zeta_high,89,2,25,3,v6,1,twist_branch0,89,-858,923,25,2,1,-886,2734,plus_omega3_times_d,228,100,356,57,25,89,25,25,v7,1,3,19,v6,3,top_split_then_twist_then_dft3_contribution_then_natural_ntt32_input_bitrev_output
0,0,360,360,360,360,744,low_plus_zeta_high,90,0,26,3,v4,2,twist_branch0,90,-429,2190,26,0,0,-147,1,x0_plus_x1_plus_x2,360,232,104,90,58,26,26,26,v7,2,3,11,v5,3,top_split_then_twist_then_dft3_contribution_then_natural_ntt32_input_bitrev_output
0,0,360,360,360,360,744,low_plus_zeta_high,90,0,26,3,v4,2,twist_branch0,90,-429,2190,26,1,0,-147,1,x0,360,232,104,90,58,26,26,26,v7,2,3,11,v5,3,top_split_then_twist_then_dft3_contribution_then_natural_ntt32_input_bitrev_output
0,0,360,360,360,360,744,low_plus_zeta_high,90,0,26,3,v4,2,twist_branch0,90,-429,2190,26,2,0,-147,1,x0,360,232,104,90,58,26,26,26,v7,2,3,11,v5,3,top_split_then_twist_then_dft3_contribution_then_natural_ntt32_input_bitrev_output
0,0,232,232,232,232,616,low_plus_zeta_high,58,1,26,3,v5,2,twist_branch0,58,1413,837,26,0,0,-147,1,x0_plus_x1_plus_x2,360,232,104,90,58,26,26,26,v7,2,3,11,v5,3,top_split_then_twist_then_dft3_contribution_then_natural_ntt32_input_bitrev_output
0,0,232,232,232,232,616,low_plus_zeta_high,58,1,26,3,v5,2,twist_branch0,58,1413,837,26,1,1,-886,2734,plus_omega3_times_d,360,232,104,90,58,26,26,26,v7,2,3,11,v5,3,top_split_then_twist_then_dft3_contribution_then_natural_ntt32_input_bitrev_output
0,0,232,232,232,232,616,low_plus_zeta_high,58,1,26,3,v5,2,twist_branch0,58,1413,837,26,2,2,1033,722,minus_x1_minus_omega3_times_d,360,232,104,90,58,26,26,26,v7,2,3,11,v5,3,top_split_then_twist_then_dft3_contribution_then_natural_ntt32_input_bitrev_output
0,0,104,104,104,104,488,low_plus_zeta_high,26,2,26,3,v6,2,twist_branch0,26,1293,3166,26,0,0,-147,1,x0_plus_x1_plus_x2,360,232,104,90,58,26,26,26,v7,2,3,11,v5,3,top_split_then_twist_then_dft3_contribution_then_natural_ntt32_input_bitrev_output
0,0,104,104,104,104,488,low_plus_zeta_high,26,2,26,3,v6,2,twist_branch0,26,1293,3166,26,1,2,1033,722,minus_x2_minus_omega3_times_d,360,232,104,90,58,26,26,26,v7,2,3,11,v5,3,top_split_then_twist_then_dft3_contribution_then_natural_ntt32_input_bitrev_output
0,0,104,104,104,104,488,low_plus_zeta_high,26,2,26,3,v6,2,twist_branch0,26,1293,3166,26,2,1,-886,2734,plus_omega3_times_d,360,232,104,90,58,26,26,26,v7,2,3,11,v5,3,top_split_then_twist_then_dft3_contribution_then_natural_ntt32_input_bitrev_output
0,0,108,108,108,108,492,low_plus_zeta_high,27,0,27,3,v4,3,twist_branch0,27,-1082,1583,27,0,0,-147,1,x0_plus_x1_plus_x2,108,364,236,27,91,59,27,27,v7,3,3,27,v7,3,top_split_then_twist_then_dft3_contribution_then_natural_ntt32_input_bitrev_output
0,0,108,108,108,108,492,low_plus_zeta_high,27,0,27,3,v4,3,twist_branch0,27,-1082,1583,27,1,0,-147,1,x0,108,364,236,27,91,59,27,27,v7,3,3,27,v7,3,top_split_then_twist_then_dft3_contribution_then_natural_ntt32_input_bitrev_output
0,0,108,108,108,108,492,low_plus_zeta_high,27,0,27,3,v4,3,twist_branch0,27,-1082,1583,27,2,0,-147,1,x0,108,364,236,27,91,59,27,27,v7,3,3,27,v7,3,top_split_then_twist_then_dft3_contribution_then_natural_ntt32_input_bitrev_output
0,0,364,364,364,364,748,low_plus_zeta_high,91,1,27,3,v5,3,twist_branch0,91,1514,1095,27,0,0,-147,1,x0_plus_x1_plus_x2,108,364,236,27,91,59,27,27,v7,3,3,27,v7,3,top_split_then_twist_then_dft3_contribution_then_natural_ntt32_input_bitrev_output
0,0,364,364,364,364,748,low_plus_zeta_high,91,1,27,3,v5,3,twist_branch0,91,1514,1095,27,1,1,-886,2734,plus_omega3_times_d,108,364,236,27,91,59,27,27,v7,3,3,27,v7,3,top_split_then_twist_then_dft3_contribution_then_natural_ntt32_input_bitrev_output
0,0,364,364,364,364,748,low_plus_zeta_high,91,1,27,3,v5,3,twist_branch0,91,1514,1095,27,2,2,1033,722,minus_x1_minus_omega3_times_d,108,364,236,27,91,59,27,27,v7,3,3,27,v7,3,top_split_then_twist_then_dft3_contribution_then_natural_ntt32_input_bitrev_output
0,0,236,236,236,236,620,low_plus_zeta_high,59,2,27,3,v6,3,twist_branch0,59,-1022,2147,27,0,0,-147,1,x0_plus_x1_plus_x2,108,364,236,27,91,59,27,27,v7,3,3,27,v7,3,top_split_then_twist_then_dft3_contribution_then_natural_ntt32_input_bitrev_output
0,0,236,236,236,236,620,low_plus_zeta_high,59,2,27,3,v6,3,twist_branch0,59,-1022,2147,27,1,2,1033,722,minus_x2_minus_omega3_times_d,108,364,236,27,91,59,27,27,v7,3,3,27,v7,3,top_split_then_twist_then_dft3_contribution_then_natural_ntt32_input_bitrev_output
0,0,236,236,236,236,620,low_plus_zeta_high,59,2,27,3,v6,3,twist_branch0,59,-1022,2147,27,2,1,-886,2734,plus_omega3_times_d,108,364,236,27,91,59,27,27,v7,3,3,27,v7,3,top_split_then_twist_then_dft3_contribution_then_natural_ntt32_input_bitrev_output
0,0,240,240,240,240,624,low_plus_zeta_high,60,0,28,3,v4,4,twist_branch0,60,-511,2802,28,0,0,-147,1,x0_plus_x1_plus_x2,240,112,368,60,28,92,28,28,v7,4,3,7,v4,7,top_split_then_twist_then_dft3_contribution_then_natural_ntt32_input_bitrev_output
0,0,240,240,240,240,624,low_plus_zeta_high,60,0,28,3,v4,4,twist_branch0,60,-511,2802,28,1,0,-147,1,x0,240,112,368,60,28,92,28,28,v7,4,3,7,v4,7,top_split_then_twist_then_dft3_contribution_then_natural_ntt32_input_bitrev_output
0,0,240,240,240,240,624,low_plus_zeta_high,60,0,28,3,v4,4,twist_branch0,60,-511,2802,28,2,0,-147,1,x0,240,112,368,60,28,92,28,28,v7,4,3,7,v4,7,top_split_then_twist_then_dft3_contribution_then_natural_ntt32_input_bitrev_output
0,0,112,112,112,112,496,low_plus_zeta_high,28,1,28,3,v5,4,twist_branch0,28,-541,2520,28,0,0,-147,1,x0_plus_x1_plus_x2,240,112,368,60,28,92,28,28,v7,4,3,7,v4,7,top_split_then_twist_then_dft3_contribution_then_natural_ntt32_input_bitrev_output
0,0,112,112,112,112,496,low_plus_zeta_high,28,1,28,3,v5,4,twist_branch0,28,-541,2520,28,1,1,-886,2734,plus_omega3_times_d,240,112,368,60,28,92,28,28,v7,4,3,7,v4,7,top_split_then_twist_then_dft3_contribution_then_natural_ntt32_input_bitrev_output
0,0,112,112,112,112,496,low_plus_zeta_high,28,1,28,3,v5,4,twist_branch0,28,-541,2520,28,2,2,1033,722,minus_x1_minus_omega3_times_d,240,112,368,60,28,92,28,28,v7,4,3,7,v4,7,top_split_then_twist_then_dft3_contribution_then_natural_ntt32_input_bitrev_output
0,0,368,368,368,368,752,low_plus_zeta_high,92,2,28,3,v6,4,twist_branch0,92,757,2276,28,0,0,-147,1,x0_plus_x1_plus_x2,240,112,368,60,28,92,28,28,v7,4,3,7,v4,7,top_split_then_twist_then_dft3_contribution_then_natural_ntt32_input_bitrev_output
0,0,368,368,368,368,752,low_plus_zeta_high,92,2,28,3,v6,4,twist_branch0,92,757,2276,28,1,2,1033,722,minus_x2_minus_omega3_times_d,240,112,368,60,28,92,28,28,v7,4,3,7,v4,7,top_split_then_twist_then_dft3_contribution_then_natural_ntt32_input_bitrev_output
0,0,368,368,368,368,752,low_plus_zeta_high,92,2,28,3,v6,4,twist_branch0,92,757,2276,28,2,1,-886,2734,plus_omega3_times_d,240,112,368,60,28,92,28,28,v7,4,3,7,v4,7,top_split_then_twist_then_dft3_contribution_then_natural_ntt32_input_bitrev_output
0,0,372,372,372,372,756,low_plus_zeta_high,93,0,29,3,v4,5,twist_branch0,93,-1350,1138,29,0,0,-147,1,x0_plus_x1_plus_x2,372,244,116,93,61,29,29,29,v7,5,3,23,v6,7,top_split_then_twist_then_dft3_contribution_then_natural_ntt32_input_bitrev_output
0,0,372,372,372,372,756,low_plus_zeta_high,93,0,29,3,v4,5,twist_branch0,93,-1350,1138,29,1,0,-147,1,x0,372,244,116,93,61,29,29,29,v7,5,3,23,v6,7,top_split_then_twist_then_dft3_contribution_then_natural_ntt32_input_bitrev_output
0,0,372,372,372,372,756,low_plus_zeta_high,93,0,29,3,v4,5,twist_branch0,93,-1350,1138,29,2,0,-147,1,x0,372,244,116,93,61,29,29,29,v7,5,3,23,v6,7,top_split_then_twist_then_dft3_contribution_then_natural_ntt32_input_bitrev_output
0,0,244,244,244,244,628,low_plus_zeta_high,61,1,29,3,v5,5,twist_branch0,61,1473,1401,29,0,0,-147,1,x0_plus_x1_plus_x2,372,244,116,93,61,29,29,29,v7,5,3,23,v6,7,top_split_then_twist_then_dft3_contribution_then_natural_ntt32_input_bitrev_output
0,0,244,244,244,244,628,low_plus_zeta_high,61,1,29,3,v5,5,twist_branch0,61,1473,1401,29,1,1,-886,2734,plus_omega3_times_d,372,244,116,93,61,29,29,29,v7,5,3,23,v6,7,top_split_then_twist_then_dft3_contribution_then_natural_ntt32_input_bitrev_output
0,0,244,244,244,244,628,low_plus_zeta_high,61,1,29,3,v5,5,twist_branch0,61,1473,1401,29,2,2,1033,722,minus_x1_minus_omega3_times_d,372,244,116,93,61,29,29,29,v7,5,3,23,v6,7,top_split_then_twist_then_dft3_contribution_then_natural_ntt32_input_bitrev_output
0,0,116,116,116,116,500,low_plus_zeta_high,29,2,29,3,v6,5,twist_branch0,29,1458,1260,29,0,0,-147,1,x0_plus_x1_plus_x2,372,244,116,93,61,29,29,29,v7,5,3,23,v6,7,top_split_then_twist_then_dft3_contribution_then_natural_ntt32_input_bitrev_output
0,0,116,116,116,116,500,low_plus_zeta_high,29,2,29,3,v6,5,twist_branch0,29,1458,1260,29,1,2,1033,722,minus_x2_minus_omega3_times_d,372,244,116,93,61,29,29,29,v7,5,3,23,v6,7,top_split_then_twist_then_dft3_contribution_then_natural_ntt32_input_bitrev_output
0,0,116,116,116,116,500,low_plus_zeta_high,29,2,29,3,v6,5,twist_branch0,29,1458,1260,29,2,1,-886,2734,plus_omega3_times_d,372,244,116,93,61,29,29,29,v7,5,3,23,v6,7,top_split_then_twist_then_dft3_contribution_then_natural_ntt32_input_bitrev_output
0,0,120,120,120,120,504,low_plus_zeta_high,30,0,30,3,v4,6,twist_branch0,30,729,630,30,0,0,-147,1,x0_plus_x1_plus_x2,120,376,248,30,94,62,30,30,v7,6,3,15,v5,7,top_split_then_twist_then_dft3_contribution_then_natural_ntt32_input_bitrev_output
0,0,120,120,120,120,504,low_plus_zeta_high,30,0,30,3,v4,6,twist_branch0,30,729,630,30,1,0,-147,1,x0,120,376,248,30,94,62,30,30,v7,6,3,15,v5,7,top_split_then_twist_then_dft3_contribution_then_natural_ntt32_input_bitrev_output
0,0,120,120,120,120,504,low_plus_zeta_high,30,0,30,3,v4,6,twist_branch0,30,729,630,30,2,0,-147,1,x0,120,376,248,30,94,62,30,30,v7,6,3,15,v5,7,top_split_then_twist_then_dft3_contribution_then_natural_ntt32_input_bitrev_output
0,0,376,376,376,376,760,low_plus_zeta_high,94,1,30,3,v5,6,twist_branch0,94,-675,569,30,0,0,-147,1,x0_plus_x1_plus_x2,120,376,248,30,94,62,30,30,v7,6,3,15,v5,7,top_split_then_twist_then_dft3_contribution_then_natural_ntt32_input_bitrev_output
0,0,376,376,376,376,760,low_plus_zeta_high,94,1,30,3,v5,6,twist_branch0,94,-675,569,30,1,1,-886,2734,plus_omega3_times_d,120,376,248,30,94,62,30,30,v7,6,3,15,v5,7,top_split_then_twist_then_dft3_contribution_then_natural_ntt32_input_bitrev_output
0,0,376,376,376,376,760,low_plus_zeta_high,94,1,30,3,v5,6,twist_branch0,94,-675,569,30,2,2,1033,722,minus_x1_minus_omega3_times_d,120,376,248,30,94,62,30,30,v7,6,3,15,v5,7,top_split_then_twist_then_dft3_contribution_then_natural_ntt32_input_bitrev_output
0,0,248,248,248,248,632,low_plus_zeta_high,62,2,30,3,v6,6,twist_branch0,62,-992,2429,30,0,0,-147,1,x0_plus_x1_plus_x2,120,376,248,30,94,62,30,30,v7,6,3,15,v5,7,top_split_then_twist_then_dft3_contribution_then_natural_ntt32_input_bitrev_output
0,0,248,248,248,248,632,low_plus_zeta_high,62,2,30,3,v6,6,twist_branch0,62,-992,2429,30,1,2,1033,722,minus_x2_minus_omega3_times_d,120,376,248,30,94,62,30,30,v7,6,3,15,v5,7,top_split_then_twist_then_dft3_contribution_then_natural_ntt32_input_bitrev_output
0,0,248,248,248,248,632,low_plus_zeta_high,62,2,30,3,v6,6,twist_branch0,62,-992,2429,30,2,1,-886,2734,plus_omega3_times_d,120,376,248,30,94,62,30,30,v7,6,3,15,v5,7,top_split_then_twist_then_dft3_contribution_then_natural_ntt32_input_bitrev_output
0,0,252,252,252,252,636,low_plus_zeta_high,63,0,31,3,v4,7,twist_branch0,63,-496,2943,31,0,0,-147,1,x0_plus_x1_plus_x2,252,124,380,63,31,95,31,31,v7,7,3,31,v7,7,top_split_then_twist_then_dft3_contribution_then_natural_ntt32_input_bitrev_output
0,0,252,252,252,252,636,low_plus_zeta_high,63,0,31,3,v4,7,twist_branch0,63,-496,2943,31,1,0,-147,1,x0,252,124,380,63,31,95,31,31,v7,7,3,31,v7,7,top_split_then_twist_then_dft3_contribution_then_natural_ntt32_input_bitrev_output
0,0,252,252,252,252,636,low_plus_zeta_high,63,0,31,3,v4,7,twist_branch0,63,-496,2943,31,2,0,-147,1,x0,252,124,380,63,31,95,31,31,v7,7,3,31,v7,7,top_split_then_twist_then_dft3_contribution_then_natural_ntt32_input_bitrev_output
0,0,124,124,124,124,508,low_plus_zeta_high,31,1,31,3,v5,7,twist_branch0,31,-1364,315,31,0,0,-147,1,x0_plus_x1_plus_x2,252,124,380,63,31,95,31,31,v7,7,3,31,v7,7,top_split_then_twist_then_dft3_contribution_then_natural_ntt32_input_bitrev_output
0,0,124,124,124,124,508,low_plus_zeta_high,31,1,31,3,v5,7,twist_branch0,31,-1364,315,31,1,1,-886,2734,plus_omega3_times_d,252,124,380,63,31,95,31,31,v7,7,3,31,v7,7,top_split_then_twist_then_dft3_contribution_then_natural_ntt32_input_bitrev_output
0,0,124,124,124,124,508,low_plus_zeta_high,31,1,31,3,v5,7,twist_branch0,31,-1364,315,31,2,2,1033,722,minus_x1_minus_omega3_times_d,252,124,380,63,31,95,31,31,v7,7,3,31,v7,7,top_split_then_twist_then_dft3_contribution_then_natural_ntt32_input_bitrev_output
0,0,380,380,380,380,764,low_plus_zeta_high,95,2,31,3,v6,7,twist_branch0,95,1391,2013,31,0,0,-147,1,x0_plus_x1_plus_x2,252,124,380,63,31,95,31,31,v7,7,3,31,v7,7,top_split_then_twist_then_dft3_contribution_then_natural_ntt32_input_bitrev_output
0,0,380,380,380,380,764,low_plus_zeta_high,95,2,31,3,v6,7,twist_branch0,95,1391,2013,31,1,2,1033,722,minus_x2_minus_omega3_times_d,252,124,380,63,31,95,31,31,v7,7,3,31,v7,7,top_split_then_twist_then_dft3_contribution_then_natural_ntt32_input_bitrev_output
0,0,380,380,380,380,764,low_plus_zeta_high,95,2,31,3,v6,7,twist_branch0,95,1391,2013,31,2,1,-886,2734,plus_omega3_times_d,252,124,380,63,31,95,31,31,v7,7,3,31,v7,7,top_split_then_twist_then_dft3_contribution_then_natural_ntt32_input_bitrev_output
0,1,1,1,1,1,385,low_plus_zeta_high,0,0,0,0,v4,0,twist_branch0,0,-147,1,0,0,0,-147,1,x0_plus_x1_plus_x2,1,257,129,0,64,32,0,0,v4,0,0,0,v4,0,top_split_then_twist_then_dft3_contribution_then_natural_ntt32_input_bitrev_output
0,1,1,1,1,1,385,low_plus_zeta_high,0,0,0,0,v4,0,twist_branch0,0,-147,1,0,1,0,-147,1,x0,1,257,129,0,64,32,0,0,v4,0,0,0,v4,0,top_split_then_twist_then_dft3_contribution_then_natural_ntt32_input_bitrev_output
0,1,1,1,1,1,385,low_plus_zeta_high,0,0,0,0,v4,0,twist_branch0,0,-147,1,0,2,0,-147,1,x0,1,257,129,0,64,32,0,0,v4,0,0,0,v4,0,top_split_then_twist_then_dft3_contribution_then_natural_ntt32_input_bitrev_output
0,1,257,257,257,257,641,low_plus_zeta_high,64,1,0,0,v5,0,twist_branch0,64,-248,3200,0,0,0,-147,1,x0_plus_x1_plus_x2,1,257,129,0,64,32,0,0,v4,0,0,0,v4,0,top_split_then_twist_then_dft3_contribution_then_natural_ntt32_input_bitrev_output
0,1,257,257,257,257,641,low_plus_zeta_high,64,1,0,0,v5,0,twist_branch0,64,-248,3200,0,1,1,-886,2734,plus_omega3_times_d,1,257,129,0,64,32,0,0,v4,0,0,0,v4,0,top_split_then_twist_then_dft3_contribution_then_natural_ntt32_input_bitrev_output
0,1,257,257,257,257,641,low_plus_zeta_high,64,1,0,0,v5,0,twist_branch0,64,-248,3200,0,2,2,1033,722,minus_x1_minus_omega3_times_d,1,257,129,0,64,32,0,0,v4,0,0,0,v4,0,top_split_then_twist_then_dft3_contribution_then_natural_ntt32_input_bitrev_output
0,1,129,129,129,129,513,low_plus_zeta_high,32,2,0,0,v6,0,twist_branch0,32,-682,1886,0,0,0,-147,1,x0_plus_x1_plus_x2,1,257,129,0,64,32,0,0,v4,0,0,0,v4,0,top_split_then_twist_then_dft3_contribution_then_natural_ntt32_input_bitrev_output
0,1,129,129,129,129,513,low_plus_zeta_high,32,2,0,0,v6,0,twist_branch0,32,-682,1886,0,1,2,1033,722,minus_x2_minus_omega3_times_d,1,257,129,0,64,32,0,0,v4,0,0,0,v4,0,top_split_then_twist_then_dft3_contribution_then_natural_ntt32_input_bitrev_output
0,1,129,129,129,129,513,low_plus_zeta_high,32,2,0,0,v6,0,twist_branch0,32,-682,1886,0,2,1,-886,2734,plus_omega3_times_d,1,257,129,0,64,32,0,0,v4,0,0,0,v4,0,top_split_then_twist_then_dft3_contribution_then_natural_ntt32_input_bitrev_output
0,1,133,133,133,133,517,low_plus_zeta_high,33,0,1,0,v4,1,twist_branch0,33,-341,943,1,0,0,-147,1,x0_plus_x1_plus_x2,133,5,261,33,1,65,1,1,v4,1,0,16,v6,0,top_split_then_twist_then_dft3_contribution_then_natural_ntt32_input_bitrev_output
0,1,133,133,133,133,517,low_plus_zeta_high,33,0,1,0,v4,1,twist_branch0,33,-341,943,1,1,0,-147,1,x0,133,5,261,33,1,65,1,1,v4,1,0,16,v6,0,top_split_then_twist_then_dft3_contribution_then_natural_ntt32_input_bitrev_output
0,1,133,133,133,133,517,low_plus_zeta_high,33,0,1,0,v4,1,twist_branch0,33,-341,943,1,2,0,-147,1,x0,133,5,261,33,1,65,1,1,v4,1,0,16,v6,0,top_split_then_twist_then_dft3_contribution_then_natural_ntt32_input_bitrev_output
0,1,5,5,5,5,389,low_plus_zeta_high,1,1,1,0,v5,1,twist_branch0,1,1655,1729,1,0,0,-147,1,x0_plus_x1_plus_x2,133,5,261,33,1,65,1,1,v4,1,0,16,v6,0,top_split_then_twist_then_dft3_contribution_then_natural_ntt32_input_bitrev_output
0,1,5,5,5,5,389,low_plus_zeta_high,1,1,1,0,v5,1,twist_branch0,1,1655,1729,1,1,1,-886,2734,plus_omega3_times_d,133,5,261,33,1,65,1,1,v4,1,0,16,v6,0,top_split_then_twist_then_dft3_contribution_then_natural_ntt32_input_bitrev_output
0,1,5,5,5,5,389,low_plus_zeta_high,1,1,1,0,v5,1,twist_branch0,1,1655,1729,1,2,2,1033,722,minus_x1_minus_omega3_times_d,133,5,261,33,1,65,1,1,v4,1,0,16,v6,0,top_split_then_twist_then_dft3_contribution_then_natural_ntt32_input_bitrev_output
0,1,261,261,261,261,645,low_plus_zeta_high,65,2,1,0,v6,1,twist_branch0,65,-124,1600,1,0,0,-147,1,x0_plus_x1_plus_x2,133,5,261,33,1,65,1,1,v4,1,0,16,v6,0,top_split_then_twist_then_dft3_contribution_then_natural_ntt32_input_bitrev_output
0,1,261,261,261,261,645,low_plus_zeta_high,65,2,1,0,v6,1,twist_branch0,65,-124,1600,1,1,2,1033,722,minus_x2_minus_omega3_times_d,133,5,261,33,1,65,1,1,v4,1,0,16,v6,0,top_split_then_twist_then_dft3_contribution_then_natural_ntt32_input_bitrev_output
0,1,261,261,261,261,645,low_plus_zeta_high,65,2,1,0,v6,1,twist_branch0,65,-124,1600,1,2,1,-886,2734,plus_omega3_times_d,133,5,261,33,1,65,1,1,v4,1,0,16,v6,0,top_split_then_twist_then_dft3_contribution_then_natural_ntt32_input_bitrev_output
0,1,265,265,265,265,649,low_plus_zeta_high,66,0,2,0,v4,2,twist_branch0,66,-62,800,2,0,0,-147,1,x0_plus_x1_plus_x2,265,137,9,66,34,2,2,2,v4,2,0,8,v5,0,top_split_then_twist_then_dft3_contribution_then_natural_ntt32_input_bitrev_output
0,1,265,265,265,265,649,low_plus_zeta_high,66,0,2,0,v4,2,twist_branch0,66,-62,800,2,1,0,-147,1,x0,265,137,9,66,34,2,2,2,v4,2,0,8,v5,0,top_split_then_twist_then_dft3_contribution_then_natural_ntt32_input_bitrev_output
0,1,265,265,265,265,649,low_plus_zeta_high,66,0,2,0,v4,2,twist_branch0,66,-62,800,2,2,0,-147,1,x0,265,137,9,66,34,2,2,2,v4,2,0,8,v5,0,top_split_then_twist_then_dft3_contribution_then_natural_ntt32_input_bitrev_output
0,1,137,137,137,137,521,low_plus_zeta_high,34,1,2,0,v5,2,twist_branch0,34,1558,2200,2,0,0,-147,1,x0_plus_x1_plus_x2,265,137,9,66,34,2,2,2,v4,2,0,8,v5,0,top_split_then_twist_then_dft3_contribution_then_natural_ntt32_input_bitrev_output
0,1,137,137,137,137,521,low_plus_zeta_high,34,1,2,0,v5,2,twist_branch0,34,1558,2200,2,1,1,-886,2734,plus_omega3_times_d,265,137,9,66,34,2,2,2,v4,2,0,8,v5,0,top_split_then_twist_then_dft3_contribution_then_natural_ntt32_input_bitrev_output
0,1,137,137,137,137,521,low_plus_zeta_high,34,1,2,0,v5,2,twist_branch0,34,1558,2200,2,2,2,1033,722,minus_x1_minus_omega3_times_d,265,137,9,66,34,2,2,2,v4,2,0,8,v5,0,top_split_then_twist_then_dft3_contribution_then_natural_ntt32_input_bitrev_output
0,1,9,9,9,9,393,low_plus_zeta_high,2,2,2,0,v6,2,twist_branch0,2,-901,2593,2,0,0,-147,1,x0_plus_x1_plus_x2,265,137,9,66,34,2,2,2,v4,2,0,8,v5,0,top_split_then_twist_then_dft3_contribution_then_natural_ntt32_input_bitrev_output
0,1,9,9,9,9,393,low_plus_zeta_high,2,2,2,0,v6,2,twist_branch0,2,-901,2593,2,1,2,1033,722,minus_x2_minus_omega3_times_d,265,137,9,66,34,2,2,2,v4,2,0,8,v5,0,top_split_then_twist_then_dft3_contribution_then_natural_ntt32_input_bitrev_output
0,1,9,9,9,9,393,low_plus_zeta_high,2,2,2,0,v6,2,twist_branch0,2,-901,2593,2,2,1,-886,2734,plus_omega3_times_d,265,137,9,66,34,2,2,2,v4,2,0,8,v5,0,top_split_then_twist_then_dft3_contribution_then_natural_ntt32_input_bitrev_output
0,1,13,13,13,13,397,low_plus_zeta_high,3,0,3,0,v4,3,twist_branch0,3,1278,3025,3,0,0,-147,1,x0_plus_x1_plus_x2,13,269,141,3,67,35,3,3,v4,3,0,24,v7,0,top_split_then_twist_then_dft3_contribution_then_natural_ntt32_input_bitrev_output
0,1,13,13,13,13,397,low_plus_zeta_high,3,0,3,0,v4,3,twist_branch0,3,1278,3025,3,1,0,-147,1,x0,13,269,141,3,67,35,3,3,v4,3,0,24,v7,0,top_split_then_twist_then_dft3_contribution_then_natural_ntt32_input_bitrev_output
0,1,13,13,13,13,397,low_plus_zeta_high,3,0,3,0,v4,3,twist_branch0,3,1278,3025,3,2,0,-147,1,x0,13,269,141,3,67,35,3,3,v4,3,0,24,v7,0,top_split_then_twist_then_dft3_contribution_then_natural_ntt32_input_bitrev_output
0,1,269,269,269,269,653,low_plus_zeta_high,67,1,3,0,v5,3,twist_branch0,67,-31,400,3,0,0,-147,1,x0_plus_x1_plus_x2,13,269,141,3,67,35,3,3,v4,3,0,24,v7,0,top_split_then_twist_then_dft3_contribution_then_natural_ntt32_input_bitrev_output
0,1,269,269,269,269,653,low_plus_zeta_high,67,1,3,0,v5,3,twist_branch0,67,-31,400,3,1,1,-886,2734,plus_omega3_times_d,13,269,141,3,67,35,3,3,v4,3,0,24,v7,0,top_split_then_twist_then_dft3_contribution_then_natural_ntt32_input_bitrev_output
0,1,269,269,269,269,653,low_plus_zeta_high,67,1,3,0,v5,3,twist_branch0,67,-31,400,3,2,2,1033,722,minus_x1_minus_omega3_times_d,13,269,141,3,67,35,3,3,v4,3,0,24,v7,0,top_split_then_twist_then_dft3_contribution_then_natural_ntt32_input_bitrev_output
0,1,141,141,141,141,525,low_plus_zeta_high,35,2,3,0,v6,3,twist_branch0,35,779,1100,3,0,0,-147,1,x0_plus_x1_plus_x2,13,269,141,3,67,35,3,3,v4,3,0,24,v7,0,top_split_then_twist_then_dft3_contribution_then_natural_ntt32_input_bitrev_output
0,1,141,141,141,141,525,low_plus_zeta_high,35,2,3,0,v6,3,twist_branch0,35,779,1100,3,1,2,1033,722,minus_x2_minus_omega3_times_d,13,269,141,3,67,35,3,3,v4,3,0,24,v7,0,top_split_then_twist_then_dft3_contribution_then_natural_ntt32_input_bitrev_output
0,1,141,141,141,141,525,low_plus_zeta_high,35,2,3,0,v6,3,twist_branch0,35,779,1100,3,2,1,-886,2734,plus_omega3_times_d,13,269,141,3,67,35,3,3,v4,3,0,24,v7,0,top_split_then_twist_then_dft3_contribution_then_natural_ntt32_input_bitrev_output
0,1,145,145,145,145,529,low_plus_zeta_high,36,0,4,0,v4,4,twist_branch0,36,-1339,550,4,0,0,-147,1,x0_plus_x1_plus_x2,145,17,273,36,4,68,4,4,v4,4,0,4,v4,4,top_split_then_twist_then_dft3_contribution_then_natural_ntt32_input_bitrev_output
0,1,145,145,145,145,529,low_plus_zeta_high,36,0,4,0,v4,4,twist_branch0,36,-1339,550,4,1,0,-147,1,x0,145,17,273,36,4,68,4,4,v4,4,0,4,v4,4,top_split_then_twist_then_dft3_contribution_then_natural_ntt32_input_bitrev_output
0,1,145,145,145,145,529,low_plus_zeta_high,36,0,4,0,v4,4,twist_branch0,36,-1339,550,4,2,0,-147,1,x0,145,17,273,36,4,68,4,4,v4,4,0,4,v4,4,top_split_then_twist_then_dft3_contribution_then_natural_ntt32_input_bitrev_output
0,1,17,17,17,17,401,low_plus_zeta_high,4,1,4,0,v5,4,twist_branch0,4,639,3241,4,0,0,-147,1,x0_plus_x1_plus_x2,145,17,273,36,4,68,4,4,v4,4,0,4,v4,4,top_split_then_twist_then_dft3_contribution_then_natural_ntt32_input_bitrev_output
0,1,17,17,17,17,401,low_plus_zeta_high,4,1,4,0,v5,4,twist_branch0,4,639,3241,4,1,1,-886,2734,plus_omega3_times_d,145,17,273,36,4,68,4,4,v4,4,0,4,v4,4,top_split_then_twist_then_dft3_contribution_then_natural_ntt32_input_bitrev_output
0,1,17,17,17,17,401,low_plus_zeta_high,4,1,4,0,v5,4,twist_branch0,4,639,3241,4,2,2,1033,722,minus_x1_minus_omega3_times_d,145,17,273,36,4,68,4,4,v4,4,0,4,v4,4,top_split_then_twist_then_dft3_contribution_then_natural_ntt32_input_bitrev_output
0,1,273,273,273,273,657,low_plus_zeta_high,68,2,4,0,v6,4,twist_branch0,68,1713,200,4,0,0,-147,1,x0_plus_x1_plus_x2,145,17,273,36,4,68,4,4,v4,4,0,4,v4,4,top_split_then_twist_then_dft3_contribution_then_natural_ntt32_input_bitrev_output
0,1,273,273,273,273,657,low_plus_zeta_high,68,2,4,0,v6,4,twist_branch0,68,1713,200,4,1,2,1033,722,minus_x2_minus_omega3_times_d,145,17,273,36,4,68,4,4,v4,4,0,4,v4,4,top_split_then_twist_then_dft3_contribution_then_natural_ntt32_input_bitrev_output
0,1,273,273,273,273,657,low_plus_zeta_high,68,2,4,0,v6,4,twist_branch0,68,1713,200,4,2,1,-886,2734,plus_omega3_times_d,145,17,273,36,4,68,4,4,v4,4,0,4,v4,4,top_split_then_twist_then_dft3_contribution_then_natural_ntt32_input_bitrev_output
0,1,277,277,277,277,661,low_plus_zeta_high,69,0,5,0,v4,5,twist_branch0,69,-872,100,5,0,0,-147,1,x0_plus_x1_plus_x2,277,149,21,69,37,5,5,5,v4,5,0,20,v6,4,top_split_then_twist_then_dft3_contribution_then_natural_ntt32_input_bitrev_output
0,1,277,277,277,277,661,low_plus_zeta_high,69,0,5,0,v4,5,twist_branch0,69,-872,100,5,1,0,-147,1,x0,277,149,21,69,37,5,5,5,v4,5,0,20,v6,4,top_split_then_twist_then_dft3_contribution_then_natural_ntt32_input_bitrev_output
0,1,277,277,277,277,661,low_plus_zeta_high,69,0,5,0,v4,5,twist_branch0,69,-872,100,5,2,0,-147,1,x0,277,149,21,69,37,5,5,5,v4,5,0,20,v6,4,top_split_then_twist_then_dft3_contribution_then_natural_ntt32_input_bitrev_output
0,1,149,149,149,149,533,low_plus_zeta_high,37,1,5,0,v5,5,twist_branch0,37,1059,275,5,0,0,-147,1,x0_plus_x1_plus_x2,277,149,21,69,37,5,5,5,v4,5,0,20,v6,4,top_split_then_twist_then_dft3_contribution_then_natural_ntt32_input_bitrev_output
0,1,149,149,149,149,533,low_plus_zeta_high,37,1,5,0,v5,5,twist_branch0,37,1059,275,5,1,1,-886,2734,plus_omega3_times_d,277,149,21,69,37,5,5,5,v4,5,0,20,v6,4,top_split_then_twist_then_dft3_contribution_then_natural_ntt32_input_bitrev_output
0,1,149,149,149,149,533,low_plus_zeta_high,37,1,5,0,v5,5,twist_branch0,37,1059,275,5,2,2,1033,722,minus_x1_minus_omega3_times_d,277,149,21,69,37,5,5,5,v4,5,0,20,v6,4,top_split_then_twist_then_dft3_contribution_then_natural_ntt32_input_bitrev_output
0,1,21,21,21,21,405,low_plus_zeta_high,5,2,5,0,v6,5,twist_branch0,5,-1409,3349,5,0,0,-147,1,x0_plus_x1_plus_x2,277,149,21,69,37,5,5,5,v4,5,0,20,v6,4,top_split_then_twist_then_dft3_contribution_then_natural_ntt32_input_bitrev_output
0,1,21,21,21,21,405,low_plus_zeta_high,5,2,5,0,v6,5,twist_branch0,5,-1409,3349,5,1,2,1033,722,minus_x2_minus_omega3_times_d,277,149,21,69,37,5,5,5,v4,5,0,20,v6,4,top_split_then_twist_then_dft3_contribution_then_natural_ntt32_input_bitrev_output
0,1,21,21,21,21,405,low_plus_zeta_high,5,2,5,0,v6,5,twist_branch0,5,-1409,3349,5,2,1,-886,2734,plus_omega3_times_d,277,149,21,69,37,5,5,5,v4,5,0,20,v6,4,top_split_then_twist_then_dft3_contribution_then_natural_ntt32_input_bitrev_output
0,1,25,25,25,25,409,low_plus_zeta_high,6,0,6,0,v4,6,twist_branch0,6,1024,3403,6,0,0,-147,1,x0_plus_x1_plus_x2,25,281,153,6,70,38,6,6,v4,6,0,12,v5,4,top_split_then_twist_then_dft3_contribution_then_natural_ntt32_input_bitrev_output
0,1,25,25,25,25,409,low_plus_zeta_high,6,0,6,0,v4,6,twist_branch0,6,1024,3403,6,1,0,-147,1,x0,25,281,153,6,70,38,6,6,v4,6,0,12,v5,4,top_split_then_twist_then_dft3_contribution_then_natural_ntt32_input_bitrev_output
0,1,25,25,25,25,409,low_plus_zeta_high,6,0,6,0,v4,6,twist_branch0,6,1024,3403,6,2,0,-147,1,x0,25,281,153,6,70,38,6,6,v4,6,0,12,v5,4,top_split_then_twist_then_dft3_contribution_then_natural_ntt32_input_bitrev_output
0,1,281,281,281,281,665,low_plus_zeta_high,70,1,6,0,v5,6,twist_branch0,70,-436,50,6,0,0,-147,1,x0_plus_x1_plus_x2,25,281,153,6,70,38,6,6,v4,6,0,12,v5,4,top_split_then_twist_then_dft3_contribution_then_natural_ntt32_input_bitrev_output
0,1,281,281,281,281,665,low_plus_zeta_high,70,1,6,0,v5,6,twist_branch0,70,-436,50,6,1,1,-886,2734,plus_omega3_times_d,25,281,153,6,70,38,6,6,v4,6,0,12,v5,4,top_split_then_twist_then_dft3_contribution_then_natural_ntt32_input_bitrev_output
0,1,281,281,281,281,665,low_plus_zeta_high,70,1,6,0,v5,6,twist_branch0,70,-436,50,6,2,2,1033,722,minus_x1_minus_omega3_times_d,25,281,153,6,70,38,6,6,v4,6,0,12,v5,4,top_split_then_twist_then_dft3_contribution_then_natural_ntt32_input_bitrev_output
0,1,153,153,153,153,537,low_plus_zeta_high,38,2,6,0,v6,6,twist_branch0,38,-1199,1866,6,0,0,-147,1,x0_plus_x1_plus_x2,25,281,153,6,70,38,6,6,v4,6,0,12,v5,4,top_split_then_twist_then_dft3_contribution_then_natural_ntt32_input_bitrev_output
0,1,153,153,153,153,537,low_plus_zeta_high,38,2,6,0,v6,6,twist_branch0,38,-1199,1866,6,1,2,1033,722,minus_x2_minus_omega3_times_d,25,281,153,6,70,38,6,6,v4,6,0,12,v5,4,top_split_then_twist_then_dft3_contribution_then_natural_ntt32_input_bitrev_output
0,1,153,153,153,153,537,low_plus_zeta_high,38,2,6,0,v6,6,twist_branch0,38,-1199,1866,6,2,1,-886,2734,plus_omega3_times_d,25,281,153,6,70,38,6,6,v4,6,0,12,v5,4,top_split_then_twist_then_dft3_contribution_then_natural_ntt32_input_bitrev_output
0,1,157,157,157,157,541,low_plus_zeta_high,39,0,7,0,v4,7,twist_branch0,39,1129,933,7,0,0,-147,1,x0_plus_x1_plus_x2,157,29,285,39,7,71,7,7,v4,7,0,28,v7,4,top_split_then_twist_then_dft3_contribution_then_natural_ntt32_input_bitrev_output
0,1,157,157,157,157,541,low_plus_zeta_high,39,0,7,0,v4,7,twist_branch0,39,1129,933,7,1,0,-147,1,x0,157,29,285,39,7,71,7,7,v4,7,0,28,v7,4,top_split_then_twist_then_dft3_contribution_then_natural_ntt32_input_bitrev_output
0,1,157,157,157,157,541,low_plus_zeta_high,39,0,7,0,v4,7,twist_branch0,39,1129,933,7,2,0,-147,1,x0,157,29,285,39,7,71,7,7,v4,7,0,28,v7,4,top_split_then_twist_then_dft3_contribution_then_natural_ntt32_input_bitrev_output
0,1,29,29,29,29,413,low_plus_zeta_high,7,1,7,0,v5,7,twist_branch0,7,512,3430,7,0,0,-147,1,x0_plus_x1_plus_x2,157,29,285,39,7,71,7,7,v4,7,0,28,v7,4,top_split_then_twist_then_dft3_contribution_then_natural_ntt32_input_bitrev_output
0,1,29,29,29,29,413,low_plus_zeta_high,7,1,7,0,v5,7,twist_branch0,7,512,3430,7,1,1,-886,2734,plus_omega3_times_d,157,29,285,39,7,71,7,7,v4,7,0,28,v7,4,top_split_then_twist_then_dft3_contribution_then_natural_ntt32_input_bitrev_output
0,1,29,29,29,29,413,low_plus_zeta_high,7,1,7,0,v5,7,twist_branch0,7,512,3430,7,2,2,1033,722,minus_x1_minus_omega3_times_d,157,29,285,39,7,71,7,7,v4,7,0,28,v7,4,top_split_then_twist_then_dft3_contribution_then_natural_ntt32_input_bitrev_output
0,1,285,285,285,285,669,low_plus_zeta_high,71,2,7,0,v6,7,twist_branch0,71,-218,25,7,0,0,-147,1,x0_plus_x1_plus_x2,157,29,285,39,7,71,7,7,v4,7,0,28,v7,4,top_split_then_twist_then_dft3_contribution_then_natural_ntt32_input_bitrev_output
0,1,285,285,285,285,669,low_plus_zeta_high,71,2,7,0,v6,7,twist_branch0,71,-218,25,7,1,2,1033,722,minus_x2_minus_omega3_times_d,157,29,285,39,7,71,7,7,v4,7,0,28,v7,4,top_split_then_twist_then_dft3_contribution_then_natural_ntt32_input_bitrev_output
0,1,285,285,285,285,669,low_plus_zeta_high,71,2,7,0,v6,7,twist_branch0,71,-218,25,7,2,1,-886,2734,plus_omega3_times_d,157,29,285,39,7,71,7,7,v4,7,0,28,v7,4,top_split_then_twist_then_dft3_contribution_then_natural_ntt32_input_bitrev_output
0,1,289,289,289,289,673,low_plus_zeta_high,72,0,8,1,v4,0,twist_branch0,72,-109,1741,8,0,0,-147,1,x0_plus_x1_plus_x2,289,161,33,72,40,8,8,8,v5,0,1,2,v4,2,top_split_then_twist_then_dft3_contribution_then_natural_ntt32_input_bitrev_output
0,1,289,289,289,289,673,low_plus_zeta_high,72,0,8,1,v4,0,twist_branch0,72,-109,1741,8,1,0,-147,1,x0,289,161,33,72,40,8,8,8,v5,0,1,2,v4,2,top_split_then_twist_then_dft3_contribution_then_natural_ntt32_input_bitrev_output
0,1,289,289,289,289,673,low_plus_zeta_high,72,0,8,1,v4,0,twist_branch0,72,-109,1741,8,2,0,-147,1,x0,289,161,33,72,40,8,8,8,v5,0,1,2,v4,2,top_split_then_twist_then_dft3_contribution_then_natural_ntt32_input_bitrev_output
0,1,161,161,161,161,545,low_plus_zeta_high,40,1,8,1,v5,0,twist_branch0,40,-1164,2195,8,0,0,-147,1,x0_plus_x1_plus_x2,289,161,33,72,40,8,8,8,v5,0,1,2,v4,2,top_split_then_twist_then_dft3_contribution_then_natural_ntt32_input_bitrev_output
0,1,161,161,161,161,545,low_plus_zeta_high,40,1,8,1,v5,0,twist_branch0,40,-1164,2195,8,1,1,-886,2734,plus_omega3_times_d,289,161,33,72,40,8,8,8,v5,0,1,2,v4,2,top_split_then_twist_then_dft3_contribution_then_natural_ntt32_input_bitrev_output
0,1,161,161,161,161,545,low_plus_zeta_high,40,1,8,1,v5,0,twist_branch0,40,-1164,2195,8,2,2,1033,722,minus_x1_minus_omega3_times_d,289,161,33,72,40,8,8,8,v5,0,1,2,v4,2,top_split_then_twist_then_dft3_contribution_then_natural_ntt32_input_bitrev_output
0,1,33,33,33,33,417,low_plus_zeta_high,8,2,8,1,v6,0,twist_branch0,8,256,1715,8,0,0,-147,1,x0_plus_x1_plus_x2,289,161,33,72,40,8,8,8,v5,0,1,2,v4,2,top_split_then_twist_then_dft3_contribution_then_natural_ntt32_input_bitrev_output
0,1,33,33,33,33,417,low_plus_zeta_high,8,2,8,1,v6,0,twist_branch0,8,256,1715,8,1,2,1033,722,minus_x2_minus_omega3_times_d,289,161,33,72,40,8,8,8,v5,0,1,2,v4,2,top_split_then_twist_then_dft3_contribution_then_natural_ntt32_input_bitrev_output
0,1,33,33,33,33,417,low_plus_zeta_high,8,2,8,1,v6,0,twist_branch0,8,256,1715,8,2,1,-886,2734,plus_omega3_times_d,289,161,33,72,40,8,8,8,v5,0,1,2,v4,2,top_split_then_twist_then_dft3_contribution_then_natural_ntt32_input_bitrev_output
0,1,37,37,37,37,421,low_plus_zeta_high,9,0,9,1,v4,1,twist_branch0,9,128,2586,9,0,0,-147,1,x0_plus_x1_plus_x2,37,293,165,9,73,41,9,9,v5,1,1,18,v6,2,top_split_then_twist_then_dft3_contribution_then_natural_ntt32_input_bitrev_output
0,1,37,37,37,37,421,low_plus_zeta_high,9,0,9,1,v4,1,twist_branch0,9,128,2586,9,1,0,-147,1,x0,37,293,165,9,73,41,9,9,v5,1,1,18,v6,2,top_split_then_twist_then_dft3_contribution_then_natural_ntt32_input_bitrev_output
0,1,37,37,37,37,421,low_plus_zeta_high,9,0,9,1,v4,1,twist_branch0,9,128,2586,9,2,0,-147,1,x0,37,293,165,9,73,41,9,9,v5,1,1,18,v6,2,top_split_then_twist_then_dft3_contribution_then_natural_ntt32_input_bitrev_output
0,1,293,293,293,293,677,low_plus_zeta_high,73,1,9,1,v5,1,twist_branch0,73,1674,2599,9,0,0,-147,1,x0_plus_x1_plus_x2,37,293,165,9,73,41,9,9,v5,1,1,18,v6,2,top_split_then_twist_then_dft3_contribution_then_natural_ntt32_input_bitrev_output
0,1,293,293,293,293,677,low_plus_zeta_high,73,1,9,1,v5,1,twist_branch0,73,1674,2599,9,1,1,-886,2734,plus_omega3_times_d,37,293,165,9,73,41,9,9,v5,1,1,18,v6,2,top_split_then_twist_then_dft3_contribution_then_natural_ntt32_input_bitrev_output
0,1,293,293,293,293,677,low_plus_zeta_high,73,1,9,1,v5,1,twist_branch0,73,1674,2599,9,2,2,1033,722,minus_x1_minus_omega3_times_d,37,293,165,9,73,41,9,9,v5,1,1,18,v6,2,top_split_then_twist_then_dft3_contribution_then_natural_ntt32_input_bitrev_output
0,1,165,165,165,165,549,low_plus_zeta_high,41,2,9,1,v6,1,twist_branch0,41,-582,2826,9,0,0,-147,1,x0_plus_x1_plus_x2,37,293,165,9,73,41,9,9,v5,1,1,18,v6,2,top_split_then_twist_then_dft3_contribution_then_natural_ntt32_input_bitrev_output
0,1,165,165,165,165,549,low_plus_zeta_high,41,2,9,1,v6,1,twist_branch0,41,-582,2826,9,1,2,1033,722,minus_x2_minus_omega3_times_d,37,293,165,9,73,41,9,9,v5,1,1,18,v6,2,top_split_then_twist_then_dft3_contribution_then_natural_ntt32_input_bitrev_output
0,1,165,165,165,165,549,low_plus_zeta_high,41,2,9,1,v6,1,twist_branch0,41,-582,2826,9,2,1,-886,2734,plus_omega3_times_d,37,293,165,9,73,41,9,9,v5,1,1,18,v6,2,top_split_then_twist_then_dft3_contribution_then_natural_ntt32_input_bitrev_output
0,1,169,169,169,169,553,low_plus_zeta_high,42,0,10,1,v4,2,twist_branch0,42,-291,1413,10,0,0,-147,1,x0_plus_x1_plus_x2,169,41,297,42,10,74,10,10,v5,2,1,10,v5,2,top_split_then_twist_then_dft3_contribution_then_natural_ntt32_input_bitrev_output
0,1,169,169,169,169,553,low_plus_zeta_high,42,0,10,1,v4,2,twist_branch0,42,-291,1413,10,1,0,-147,1,x0,169,41,297,42,10,74,10,10,v5,2,1,10,v5,2,top_split_then_twist_then_dft3_contribution_then_natural_ntt32_input_bitrev_output
0,1,169,169,169,169,553,low_plus_zeta_high,42,0,10,1,v4,2,twist_branch0,42,-291,1413,10,2,0,-147,1,x0,169,41,297,42,10,74,10,10,v5,2,1,10,v5,2,top_split_then_twist_then_dft3_contribution_then_natural_ntt32_input_bitrev_output
0,1,41,41,41,41,425,low_plus_zeta_high,10,1,10,1,v5,2,twist_branch0,10,64,1293,10,0,0,-147,1,x0_plus_x1_plus_x2,169,41,297,42,10,74,10,10,v5,2,1,10,v5,2,top_split_then_twist_then_dft3_contribution_then_natural_ntt32_input_bitrev_output
0,1,41,41,41,41,425,low_plus_zeta_high,10,1,10,1,v5,2,twist_branch0,10,64,1293,10,1,1,-886,2734,plus_omega3_times_d,169,41,297,42,10,74,10,10,v5,2,1,10,v5,2,top_split_then_twist_then_dft3_contribution_then_natural_ntt32_input_bitrev_output
0,1,41,41,41,41,425,low_plus_zeta_high,10,1,10,1,v5,2,twist_branch0,10,64,1293,10,2,2,1033,722,minus_x1_minus_omega3_times_d,169,41,297,42,10,74,10,10,v5,2,1,10,v5,2,top_split_then_twist_then_dft3_contribution_then_natural_ntt32_input_bitrev_output
0,1,297,297,297,297,681,low_plus_zeta_high,74,2,10,1,v6,2,twist_branch0,74,837,3028,10,0,0,-147,1,x0_plus_x1_plus_x2,169,41,297,42,10,74,10,10,v5,2,1,10,v5,2,top_split_then_twist_then_dft3_contribution_then_natural_ntt32_input_bitrev_output
0,1,297,297,297,297,681,low_plus_zeta_high,74,2,10,1,v6,2,twist_branch0,74,837,3028,10,1,2,1033,722,minus_x2_minus_omega3_times_d,169,41,297,42,10,74,10,10,v5,2,1,10,v5,2,top_split_then_twist_then_dft3_contribution_then_natural_ntt32_input_bitrev_output
0,1,297,297,297,297,681,low_plus_zeta_high,74,2,10,1,v6,2,twist_branch0,74,837,3028,10,2,1,-886,2734,plus_omega3_times_d,169,41,297,42,10,74,10,10,v5,2,1,10,v5,2,top_split_then_twist_then_dft3_contribution_then_natural_ntt32_input_bitrev_output
0,1,301,301,301,301,685,low_plus_zeta_high,75,0,11,1,v4,3,twist_branch0,75,-1310,1514,11,0,0,-147,1,x0_plus_x1_plus_x2,301,173,45,75,43,11,11,11,v5,3,1,26,v7,2,top_split_then_twist_then_dft3_contribution_then_natural_ntt32_input_bitrev_output
0,1,301,301,301,301,685,low_plus_zeta_high,75,0,11,1,v4,3,twist_branch0,75,-1310,1514,11,1,0,-147,1,x0,301,173,45,75,43,11,11,11,v5,3,1,26,v7,2,top_split_then_twist_then_dft3_contribution_then_natural_ntt32_input_bitrev_output
0,1,301,301,301,301,685,low_plus_zeta_high,75,0,11,1,v4,3,twist_branch0,75,-1310,1514,11,2,0,-147,1,x0,301,173,45,75,43,11,11,11,v5,3,1,26,v7,2,top_split_then_twist_then_dft3_contribution_then_natural_ntt32_input_bitrev_output
0,1,173,173,173,173,557,low_plus_zeta_high,43,1,11,1,v5,3,twist_branch0,43,1583,2435,11,0,0,-147,1,x0_plus_x1_plus_x2,301,173,45,75,43,11,11,11,v5,3,1,26,v7,2,top_split_then_twist_then_dft3_contribution_then_natural_ntt32_input_bitrev_output
0,1,173,173,173,173,557,low_plus_zeta_high,43,1,11,1,v5,3,twist_branch0,43,1583,2435,11,1,1,-886,2734,plus_omega3_times_d,301,173,45,75,43,11,11,11,v5,3,1,26,v7,2,top_split_then_twist_then_dft3_contribution_then_natural_ntt32_input_bitrev_output
0,1,173,173,173,173,557,low_plus_zeta_high,43,1,11,1,v5,3,twist_branch0,43,1583,2435,11,2,2,1033,722,minus_x1_minus_omega3_times_d,301,173,45,75,43,11,11,11,v5,3,1,26,v7,2,top_split_then_twist_then_dft3_contribution_then_natural_ntt32_input_bitrev_output
0,1,45,45,45,45,429,low_plus_zeta_high,11,2,11,1,v6,3,twist_branch0,11,32,2375,11,0,0,-147,1,x0_plus_x1_plus_x2,301,173,45,75,43,11,11,11,v5,3,1,26,v7,2,top_split_then_twist_then_dft3_contribution_then_natural_ntt32_input_bitrev_output
0,1,45,45,45,45,429,low_plus_zeta_high,11,2,11,1,v6,3,twist_branch0,11,32,2375,11,1,2,1033,722,minus_x2_minus_omega3_times_d,301,173,45,75,43,11,11,11,v5,3,1,26,v7,2,top_split_then_twist_then_dft3_contribution_then_natural_ntt32_input_bitrev_output
0,1,45,45,45,45,429,low_plus_zeta_high,11,2,11,1,v6,3,twist_branch0,11,32,2375,11,2,1,-886,2734,plus_omega3_times_d,301,173,45,75,43,11,11,11,v5,3,1,26,v7,2,top_split_then_twist_then_dft3_contribution_then_natural_ntt32_input_bitrev_output
0,1,49,49,49,49,433,low_plus_zeta_high,12,0,12,1,v4,4,twist_branch0,12,16,2916,12,0,0,-147,1,x0_plus_x1_plus_x2,49,305,177,12,76,44,12,12,v5,4,1,6,v4,6,top_split_then_twist_then_dft3_contribution_then_natural_ntt32_input_bitrev_output
0,1,49,49,49,49,433,low_plus_zeta_high,12,0,12,1,v4,4,twist_branch0,12,16,2916,12,1,0,-147,1,x0,49,305,177,12,76,44,12,12,v5,4,1,6,v4,6,top_split_then_twist_then_dft3_contribution_then_natural_ntt32_input_bitrev_output
0,1,49,49,49,49,433,low_plus_zeta_high,12,0,12,1,v4,4,twist_branch0,12,16,2916,12,2,0,-147,1,x0,49,305,177,12,76,44,12,12,v5,4,1,6,v4,6,top_split_then_twist_then_dft3_contribution_then_natural_ntt32_input_bitrev_output
0,1,305,305,305,305,689,low_plus_zeta_high,76,1,12,1,v5,4,twist_branch0,76,-655,757,12,0,0,-147,1,x0_plus_x1_plus_x2,49,305,177,12,76,44,12,12,v5,4,1,6,v4,6,top_split_then_twist_then_dft3_contribution_then_natural_ntt32_input_bitrev_output
0,1,305,305,305,305,689,low_plus_zeta_high,76,1,12,1,v5,4,twist_branch0,76,-655,757,12,1,1,-886,2734,plus_omega3_times_d,49,305,177,12,76,44,12,12,v5,4,1,6,v4,6,top_split_then_twist_then_dft3_contribution_then_natural_ntt32_input_bitrev_output
0,1,305,305,305,305,689,low_plus_zeta_high,76,1,12,1,v5,4,twist_branch0,76,-655,757,12,2,2,1033,722,minus_x1_minus_omega3_times_d,49,305,177,12,76,44,12,12,v5,4,1,6,v4,6,top_split_then_twist_then_dft3_contribution_then_natural_ntt32_input_bitrev_output
0,1,177,177,177,177,561,low_plus_zeta_high,44,2,12,1,v6,4,twist_branch0,44,-937,2946,12,0,0,-147,1,x0_plus_x1_plus_x2,49,305,177,12,76,44,12,12,v5,4,1,6,v4,6,top_split_then_twist_then_dft3_contribution_then_natural_ntt32_input_bitrev_output
0,1,177,177,177,177,561,low_plus_zeta_high,44,2,12,1,v6,4,twist_branch0,44,-937,2946,12,1,2,1033,722,minus_x2_minus_omega3_times_d,49,305,177,12,76,44,12,12,v5,4,1,6,v4,6,top_split_then_twist_then_dft3_contribution_then_natural_ntt32_input_bitrev_output
0,1,177,177,177,177,561,low_plus_zeta_high,44,2,12,1,v6,4,twist_branch0,44,-937,2946,12,2,1,-886,2734,plus_omega3_times_d,49,305,177,12,76,44,12,12,v5,4,1,6,v4,6,top_split_then_twist_then_dft3_contribution_then_natural_ntt32_input_bitrev_output
0,1,181,181,181,181,565,low_plus_zeta_high,45,0,13,1,v4,5,twist_branch0,45,1260,1473,13,0,0,-147,1,x0_plus_x1_plus_x2,181,53,309,45,13,77,13,13,v5,5,1,22,v6,6,top_split_then_twist_then_dft3_contribution_then_natural_ntt32_input_bitrev_output
0,1,181,181,181,181,565,low_plus_zeta_high,45,0,13,1,v4,5,twist_branch0,45,1260,1473,13,1,0,-147,1,x0,181,53,309,45,13,77,13,13,v5,5,1,22,v6,6,top_split_then_twist_then_dft3_contribution_then_natural_ntt32_input_bitrev_output
0,1,181,181,181,181,565,low_plus_zeta_high,45,0,13,1,v4,5,twist_branch0,45,1260,1473,13,2,0,-147,1,x0,181,53,309,45,13,77,13,13,v5,5,1,22,v6,6,top_split_then_twist_then_dft3_contribution_then_natural_ntt32_input_bitrev_output
0,1,53,53,53,53,437,low_plus_zeta_high,13,1,13,1,v5,5,twist_branch0,13,8,1458,13,0,0,-147,1,x0_plus_x1_plus_x2,181,53,309,45,13,77,13,13,v5,5,1,22,v6,6,top_split_then_twist_then_dft3_contribution_then_natural_ntt32_input_bitrev_output
0,1,53,53,53,53,437,low_plus_zeta_high,13,1,13,1,v5,5,twist_branch0,13,8,1458,13,1,1,-886,2734,plus_omega3_times_d,181,53,309,45,13,77,13,13,v5,5,1,22,v6,6,top_split_then_twist_then_dft3_contribution_then_natural_ntt32_input_bitrev_output
0,1,53,53,53,53,437,low_plus_zeta_high,13,1,13,1,v5,5,twist_branch0,13,8,1458,13,2,2,1033,722,minus_x1_minus_omega3_times_d,181,53,309,45,13,77,13,13,v5,5,1,22,v6,6,top_split_then_twist_then_dft3_contribution_then_natural_ntt32_input_bitrev_output
0,1,309,309,309,309,693,low_plus_zeta_high,77,2,13,1,v6,5,twist_branch0,77,1401,2107,13,0,0,-147,1,x0_plus_x1_plus_x2,181,53,309,45,13,77,13,13,v5,5,1,22,v6,6,top_split_then_twist_then_dft3_contribution_then_natural_ntt32_input_bitrev_output
0,1,309,309,309,309,693,low_plus_zeta_high,77,2,13,1,v6,5,twist_branch0,77,1401,2107,13,1,2,1033,722,minus_x2_minus_omega3_times_d,181,53,309,45,13,77,13,13,v5,5,1,22,v6,6,top_split_then_twist_then_dft3_contribution_then_natural_ntt32_input_bitrev_output
0,1,309,309,309,309,693,low_plus_zeta_high,77,2,13,1,v6,5,twist_branch0,77,1401,2107,13,2,1,-886,2734,plus_omega3_times_d,181,53,309,45,13,77,13,13,v5,5,1,22,v6,6,top_split_then_twist_then_dft3_contribution_then_natural_ntt32_input_bitrev_output
0,1,313,313,313,313,697,low_plus_zeta_high,78,0,14,1,v4,6,twist_branch0,78,-1028,2782,14,0,0,-147,1,x0_plus_x1_plus_x2,313,185,57,78,46,14,14,14,v5,6,1,14,v5,6,top_split_then_twist_then_dft3_contribution_then_natural_ntt32_input_bitrev_output
0,1,313,313,313,313,697,low_plus_zeta_high,78,0,14,1,v4,6,twist_branch0,78,-1028,2782,14,1,0,-147,1,x0,313,185,57,78,46,14,14,14,v5,6,1,14,v5,6,top_split_then_twist_then_dft3_contribution_then_natural_ntt32_input_bitrev_output
0,1,313,313,313,313,697,low_plus_zeta_high,78,0,14,1,v4,6,twist_branch0,78,-1028,2782,14,2,0,-147,1,x0,313,185,57,78,46,14,14,14,v5,6,1,14,v5,6,top_split_then_twist_then_dft3_contribution_then_natural_ntt32_input_bitrev_output
0,1,185,185,185,185,569,low_plus_zeta_high,46,1,14,1,v5,6,twist_branch0,46,630,2465,14,0,0,-147,1,x0_plus_x1_plus_x2,313,185,57,78,46,14,14,14,v5,6,1,14,v5,6,top_split_then_twist_then_dft3_contribution_then_natural_ntt32_input_bitrev_output
0,1,185,185,185,185,569,low_plus_zeta_high,46,1,14,1,v5,6,twist_branch0,46,630,2465,14,1,1,-886,2734,plus_omega3_times_d,313,185,57,78,46,14,14,14,v5,6,1,14,v5,6,top_split_then_twist_then_dft3_contribution_then_natural_ntt32_input_bitrev_output
0,1,185,185,185,185,569,low_plus_zeta_high,46,1,14,1,v5,6,twist_branch0,46,630,2465,14,2,2,1033,722,minus_x1_minus_omega3_times_d,313,185,57,78,46,14,14,14,v5,6,1,14,v5,6,top_split_then_twist_then_dft3_contribution_then_natural_ntt32_input_bitrev_output
0,1,57,57,57,57,441,low_plus_zeta_high,14,2,14,1,v6,6,twist_branch0,14,4,729,14,0,0,-147,1,x0_plus_x1_plus_x2,313,185,57,78,46,14,14,14,v5,6,1,14,v5,6,top_split_then_twist_then_dft3_contribution_then_natural_ntt32_input_bitrev_output
0,1,57,57,57,57,441,low_plus_zeta_high,14,2,14,1,v6,6,twist_branch0,14,4,729,14,1,2,1033,722,minus_x2_minus_omega3_times_d,313,185,57,78,46,14,14,14,v5,6,1,14,v5,6,top_split_then_twist_then_dft3_contribution_then_natural_ntt32_input_bitrev_output
0,1,57,57,57,57,441,low_plus_zeta_high,14,2,14,1,v6,6,twist_branch0,14,4,729,14,2,1,-886,2734,plus_omega3_times_d,313,185,57,78,46,14,14,14,v5,6,1,14,v5,6,top_split_then_twist_then_dft3_contribution_then_natural_ntt32_input_bitrev_output
0,1,61,61,61,61,445,low_plus_zeta_high,15,0,15,1,v4,7,twist_branch0,15,2,2093,15,0,0,-147,1,x0_plus_x1_plus_x2,61,317,189,15,79,47,15,15,v5,7,1,30,v7,6,top_split_then_twist_then_dft3_contribution_then_natural_ntt32_input_bitrev_output
0,1,61,61,61,61,445,low_plus_zeta_high,15,0,15,1,v4,7,twist_branch0,15,2,2093,15,1,0,-147,1,x0,61,317,189,15,79,47,15,15,v5,7,1,30,v7,6,top_split_then_twist_then_dft3_contribution_then_natural_ntt32_input_bitrev_output
0,1,61,61,61,61,445,low_plus_zeta_high,15,0,15,1,v4,7,twist_branch0,15,2,2093,15,2,0,-147,1,x0,61,317,189,15,79,47,15,15,v5,7,1,30,v7,6,top_split_then_twist_then_dft3_contribution_then_natural_ntt32_input_bitrev_output
0,1,317,317,317,317,701,low_plus_zeta_high,79,1,15,1,v5,7,twist_branch0,79,-514,1391,15,0,0,-147,1,x0_plus_x1_plus_x2,61,317,189,15,79,47,15,15,v5,7,1,30,v7,6,top_split_then_twist_then_dft3_contribution_then_natural_ntt32_input_bitrev_output
0,1,317,317,317,317,701,low_plus_zeta_high,79,1,15,1,v5,7,twist_branch0,79,-514,1391,15,1,1,-886,2734,plus_omega3_times_d,61,317,189,15,79,47,15,15,v5,7,1,30,v7,6,top_split_then_twist_then_dft3_contribution_then_natural_ntt32_input_bitrev_output
0,1,317,317,317,317,701,low_plus_zeta_high,79,1,15,1,v5,7,twist_branch0,79,-514,1391,15,2,2,1033,722,minus_x1_minus_omega3_times_d,61,317,189,15,79,47,15,15,v5,7,1,30,v7,6,top_split_then_twist_then_dft3_contribution_then_natural_ntt32_input_bitrev_output
0,1,189,189,189,189,573,low_plus_zeta_high,47,2,15,1,v6,7,twist_branch0,47,315,2961,15,0,0,-147,1,x0_plus_x1_plus_x2,61,317,189,15,79,47,15,15,v5,7,1,30,v7,6,top_split_then_twist_then_dft3_contribution_then_natural_ntt32_input_bitrev_output
0,1,189,189,189,189,573,low_plus_zeta_high,47,2,15,1,v6,7,twist_branch0,47,315,2961,15,1,2,1033,722,minus_x2_minus_omega3_times_d,61,317,189,15,79,47,15,15,v5,7,1,30,v7,6,top_split_then_twist_then_dft3_contribution_then_natural_ntt32_input_bitrev_output
0,1,189,189,189,189,573,low_plus_zeta_high,47,2,15,1,v6,7,twist_branch0,47,315,2961,15,2,1,-886,2734,plus_omega3_times_d,61,317,189,15,79,47,15,15,v5,7,1,30,v7,6,top_split_then_twist_then_dft3_contribution_then_natural_ntt32_input_bitrev_output
0,1,193,193,193,193,577,low_plus_zeta_high,48,0,16,2,v4,0,twist_branch0,48,-1571,3209,16,0,0,-147,1,x0_plus_x1_plus_x2,193,65,321,48,16,80,16,16,v6,0,2,1,v4,1,top_split_then_twist_then_dft3_contribution_then_natural_ntt32_input_bitrev_output
0,1,193,193,193,193,577,low_plus_zeta_high,48,0,16,2,v4,0,twist_branch0,48,-1571,3209,16,1,0,-147,1,x0,193,65,321,48,16,80,16,16,v6,0,2,1,v4,1,top_split_then_twist_then_dft3_contribution_then_natural_ntt32_input_bitrev_output
0,1,193,193,193,193,577,low_plus_zeta_high,48,0,16,2,v4,0,twist_branch0,48,-1571,3209,16,2,0,-147,1,x0,193,65,321,48,16,80,16,16,v6,0,2,1,v4,1,top_split_then_twist_then_dft3_contribution_then_natural_ntt32_input_bitrev_output
0,1,65,65,65,65,449,low_plus_zeta_high,16,1,16,2,v5,0,twist_branch0,16,1,2775,16,0,0,-147,1,x0_plus_x1_plus_x2,193,65,321,48,16,80,16,16,v6,0,2,1,v4,1,top_split_then_twist_then_dft3_contribution_then_natural_ntt32_input_bitrev_output
0,1,65,65,65,65,449,low_plus_zeta_high,16,1,16,2,v5,0,twist_branch0,16,1,2775,16,1,1,-886,2734,plus_omega3_times_d,193,65,321,48,16,80,16,16,v6,0,2,1,v4,1,top_split_then_twist_then_dft3_contribution_then_natural_ntt32_input_bitrev_output
0,1,65,65,65,65,449,low_plus_zeta_high,16,1,16,2,v5,0,twist_branch0,16,1,2775,16,2,2,1033,722,minus_x1_minus_omega3_times_d,193,65,321,48,16,80,16,16,v6,0,2,1,v4,1,top_split_then_twist_then_dft3_contribution_then_natural_ntt32_input_bitrev_output
0,1,321,321,321,321,705,low_plus_zeta_high,80,2,16,2,v6,0,twist_branch0,80,-257,2424,16,0,0,-147,1,x0_plus_x1_plus_x2,193,65,321,48,16,80,16,16,v6,0,2,1,v4,1,top_split_then_twist_then_dft3_contribution_then_natural_ntt32_input_bitrev_output
0,1,321,321,321,321,705,low_plus_zeta_high,80,2,16,2,v6,0,twist_branch0,80,-257,2424,16,1,2,1033,722,minus_x2_minus_omega3_times_d,193,65,321,48,16,80,16,16,v6,0,2,1,v4,1,top_split_then_twist_then_dft3_contribution_then_natural_ntt32_input_bitrev_output
0,1,321,321,321,321,705,low_plus_zeta_high,80,2,16,2,v6,0,twist_branch0,80,-257,2424,16,2,1,-886,2734,plus_omega3_times_d,193,65,321,48,16,80,16,16,v6,0,2,1,v4,1,top_split_then_twist_then_dft3_contribution_then_natural_ntt32_input_bitrev_output
0,1,325,325,325,325,709,low_plus_zeta_high,81,0,17,2,v4,1,twist_branch0,81,1600,1212,17,0,0,-147,1,x0_plus_x1_plus_x2,325,197,69,81,49,17,17,17,v6,1,2,17,v6,1,top_split_then_twist_then_dft3_contribution_then_natural_ntt32_input_bitrev_output
0,1,325,325,325,325,709,low_plus_zeta_high,81,0,17,2,v4,1,twist_branch0,81,1600,1212,17,1,0,-147,1,x0,325,197,69,81,49,17,17,17,v6,1,2,17,v6,1,top_split_then_twist_then_dft3_contribution_then_natural_ntt32_input_bitrev_output
0,1,325,325,325,325,709,low_plus_zeta_high,81,0,17,2,v4,1,twist_branch0,81,1600,1212,17,2,0,-147,1,x0,325,197,69,81,49,17,17,17,v6,1,2,17,v6,1,top_split_then_twist_then_dft3_contribution_then_natural_ntt32_input_bitrev_output
0,1,197,197,197,197,581,low_plus_zeta_high,49,1,17,2,v5,1,twist_branch0,49,943,3333,17,0,0,-147,1,x0_plus_x1_plus_x2,325,197,69,81,49,17,17,17,v6,1,2,17,v6,1,top_split_then_twist_then_dft3_contribution_then_natural_ntt32_input_bitrev_output
0,1,197,197,197,197,581,low_plus_zeta_high,49,1,17,2,v5,1,twist_branch0,49,943,3333,17,1,1,-886,2734,plus_omega3_times_d,325,197,69,81,49,17,17,17,v6,1,2,17,v6,1,top_split_then_twist_then_dft3_contribution_then_natural_ntt32_input_bitrev_output
0,1,197,197,197,197,581,low_plus_zeta_high,49,1,17,2,v5,1,twist_branch0,49,943,3333,17,2,2,1033,722,minus_x1_minus_omega3_times_d,325,197,69,81,49,17,17,17,v6,1,2,17,v6,1,top_split_then_twist_then_dft3_contribution_then_natural_ntt32_input_bitrev_output
0,1,69,69,69,69,453,low_plus_zeta_high,17,2,17,2,v6,1,twist_branch0,17,-1728,3116,17,0,0,-147,1,x0_plus_x1_plus_x2,325,197,69,81,49,17,17,17,v6,1,2,17,v6,1,top_split_then_twist_then_dft3_contribution_then_natural_ntt32_input_bitrev_output
0,1,69,69,69,69,453,low_plus_zeta_high,17,2,17,2,v6,1,twist_branch0,17,-1728,3116,17,1,2,1033,722,minus_x2_minus_omega3_times_d,325,197,69,81,49,17,17,17,v6,1,2,17,v6,1,top_split_then_twist_then_dft3_contribution_then_natural_ntt32_input_bitrev_output
0,1,69,69,69,69,453,low_plus_zeta_high,17,2,17,2,v6,1,twist_branch0,17,-1728,3116,17,2,1,-886,2734,plus_omega3_times_d,325,197,69,81,49,17,17,17,v6,1,2,17,v6,1,top_split_then_twist_then_dft3_contribution_then_natural_ntt32_input_bitrev_output
0,1,73,73,73,73,457,low_plus_zeta_high,18,0,18,2,v4,2,twist_branch0,18,-864,1558,18,0,0,-147,1,x0_plus_x1_plus_x2,73,329,201,18,82,50,18,18,v6,2,2,9,v5,1,top_split_then_twist_then_dft3_contribution_then_natural_ntt32_input_bitrev_output
0,1,73,73,73,73,457,low_plus_zeta_high,18,0,18,2,v4,2,twist_branch0,18,-864,1558,18,1,0,-147,1,x0,73,329,201,18,82,50,18,18,v6,2,2,9,v5,1,top_split_then_twist_then_dft3_contribution_then_natural_ntt32_input_bitrev_output
0,1,73,73,73,73,457,low_plus_zeta_high,18,0,18,2,v4,2,twist_branch0,18,-864,1558,18,2,0,-147,1,x0,73,329,201,18,82,50,18,18,v6,2,2,9,v5,1,top_split_then_twist_then_dft3_contribution_then_natural_ntt32_input_bitrev_output
0,1,329,329,329,329,713,low_plus_zeta_high,82,1,18,2,v5,2,twist_branch0,82,800,606,18,0,0,-147,1,x0_plus_x1_plus_x2,73,329,201,18,82,50,18,18,v6,2,2,9,v5,1,top_split_then_twist_then_dft3_contribution_then_natural_ntt32_input_bitrev_output
0,1,329,329,329,329,713,low_plus_zeta_high,82,1,18,2,v5,2,twist_branch0,82,800,606,18,1,1,-886,2734,plus_omega3_times_d,73,329,201,18,82,50,18,18,v6,2,2,9,v5,1,top_split_then_twist_then_dft3_contribution_then_natural_ntt32_input_bitrev_output
0,1,329,329,329,329,713,low_plus_zeta_high,82,1,18,2,v5,2,twist_branch0,82,800,606,18,2,2,1033,722,minus_x1_minus_omega3_times_d,73,329,201,18,82,50,18,18,v6,2,2,9,v5,1,top_split_then_twist_then_dft3_contribution_then_natural_ntt32_input_bitrev_output
0,1,201,201,201,201,585,low_plus_zeta_high,50,2,18,2,v6,2,twist_branch0,50,-1257,3395,18,0,0,-147,1,x0_plus_x1_plus_x2,73,329,201,18,82,50,18,18,v6,2,2,9,v5,1,top_split_then_twist_then_dft3_contribution_then_natural_ntt32_input_bitrev_output
0,1,201,201,201,201,585,low_plus_zeta_high,50,2,18,2,v6,2,twist_branch0,50,-1257,3395,18,1,2,1033,722,minus_x2_minus_omega3_times_d,73,329,201,18,82,50,18,18,v6,2,2,9,v5,1,top_split_then_twist_then_dft3_contribution_then_natural_ntt32_input_bitrev_output
0,1,201,201,201,201,585,low_plus_zeta_high,50,2,18,2,v6,2,twist_branch0,50,-1257,3395,18,2,1,-886,2734,plus_omega3_times_d,73,329,201,18,82,50,18,18,v6,2,2,9,v5,1,top_split_then_twist_then_dft3_contribution_then_natural_ntt32_input_bitrev_output
0,1,205,205,205,205,589,low_plus_zeta_high,51,0,19,2,v4,3,twist_branch0,51,1100,3426,19,0,0,-147,1,x0_plus_x1_plus_x2,205,77,333,51,19,83,19,19,v6,3,2,25,v7,1,top_split_then_twist_then_dft3_contribution_then_natural_ntt32_input_bitrev_output
0,1,205,205,205,205,589,low_plus_zeta_high,51,0,19,2,v4,3,twist_branch0,51,1100,3426,19,1,0,-147,1,x0,205,77,333,51,19,83,19,19,v6,3,2,25,v7,1,top_split_then_twist_then_dft3_contribution_then_natural_ntt32_input_bitrev_output
0,1,205,205,205,205,589,low_plus_zeta_high,51,0,19,2,v4,3,twist_branch0,51,1100,3426,19,2,0,-147,1,x0,205,77,333,51,19,83,19,19,v6,3,2,25,v7,1,top_split_then_twist_then_dft3_contribution_then_natural_ntt32_input_bitrev_output
0,1,77,77,77,77,461,low_plus_zeta_high,19,1,19,2,v5,3,twist_branch0,19,-432,779,19,0,0,-147,1,x0_plus_x1_plus_x2,205,77,333,51,19,83,19,19,v6,3,2,25,v7,1,top_split_then_twist_then_dft3_contribution_then_natural_ntt32_input_bitrev_output
0,1,77,77,77,77,461,low_plus_zeta_high,19,1,19,2,v5,3,twist_branch0,19,-432,779,19,1,1,-886,2734,plus_omega3_times_d,205,77,333,51,19,83,19,19,v6,3,2,25,v7,1,top_split_then_twist_then_dft3_contribution_then_natural_ntt32_input_bitrev_output
0,1,77,77,77,77,461,low_plus_zeta_high,19,1,19,2,v5,3,twist_branch0,19,-432,779,19,2,2,1033,722,minus_x1_minus_omega3_times_d,205,77,333,51,19,83,19,19,v6,3,2,25,v7,1,top_split_then_twist_then_dft3_contribution_then_natural_ntt32_input_bitrev_output
0,1,333,333,333,333,717,low_plus_zeta_high,83,2,19,2,v6,3,twist_branch0,83,400,303,19,0,0,-147,1,x0_plus_x1_plus_x2,205,77,333,51,19,83,19,19,v6,3,2,25,v7,1,top_split_then_twist_then_dft3_contribution_then_natural_ntt32_input_bitrev_output
0,1,333,333,333,333,717,low_plus_zeta_high,83,2,19,2,v6,3,twist_branch0,83,400,303,19,1,2,1033,722,minus_x2_minus_omega3_times_d,205,77,333,51,19,83,19,19,v6,3,2,25,v7,1,top_split_then_twist_then_dft3_contribution_then_natural_ntt32_input_bitrev_output
0,1,333,333,333,333,717,low_plus_zeta_high,83,2,19,2,v6,3,twist_branch0,83,400,303,19,2,1,-886,2734,plus_omega3_times_d,205,77,333,51,19,83,19,19,v6,3,2,25,v7,1,top_split_then_twist_then_dft3_contribution_then_natural_ntt32_input_bitrev_output
0,1,337,337,337,337,721,low_plus_zeta_high,84,0,20,2,v4,4,twist_branch0,84,200,1880,20,0,0,-147,1,x0_plus_x1_plus_x2,337,209,81,84,52,20,20,20,v6,4,2,5,v4,5,top_split_then_twist_then_dft3_contribution_then_natural_ntt32_input_bitrev_output
0,1,337,337,337,337,721,low_plus_zeta_high,84,0,20,2,v4,4,twist_branch0,84,200,1880,20,1,0,-147,1,x0,337,209,81,84,52,20,20,20,v6,4,2,5,v4,5,top_split_then_twist_then_dft3_contribution_then_natural_ntt32_input_bitrev_output
0,1,337,337,337,337,721,low_plus_zeta_high,84,0,20,2,v4,4,twist_branch0,84,200,1880,20,2,0,-147,1,x0,337,209,81,84,52,20,20,20,v6,4,2,5,v4,5,top_split_then_twist_then_dft3_contribution_then_natural_ntt32_input_bitrev_output
0,1,209,209,209,209,593,low_plus_zeta_high,52,1,20,2,v5,4,twist_branch0,52,550,1713,20,0,0,-147,1,x0_plus_x1_plus_x2,337,209,81,84,52,20,20,20,v6,4,2,5,v4,5,top_split_then_twist_then_dft3_contribution_then_natural_ntt32_input_bitrev_output
0,1,209,209,209,209,593,low_plus_zeta_high,52,1,20,2,v5,4,twist_branch0,52,550,1713,20,1,1,-886,2734,plus_omega3_times_d,337,209,81,84,52,20,20,20,v6,4,2,5,v4,5,top_split_then_twist_then_dft3_contribution_then_natural_ntt32_input_bitrev_output
0,1,209,209,209,209,593,low_plus_zeta_high,52,1,20,2,v5,4,twist_branch0,52,550,1713,20,2,2,1033,722,minus_x1_minus_omega3_times_d,337,209,81,84,52,20,20,20,v6,4,2,5,v4,5,top_split_then_twist_then_dft3_contribution_then_natural_ntt32_input_bitrev_output
0,1,81,81,81,81,465,low_plus_zeta_high,20,2,20,2,v6,4,twist_branch0,20,-216,2118,20,0,0,-147,1,x0_plus_x1_plus_x2,337,209,81,84,52,20,20,20,v6,4,2,5,v4,5,top_split_then_twist_then_dft3_contribution_then_natural_ntt32_input_bitrev_output
0,1,81,81,81,81,465,low_plus_zeta_high,20,2,20,2,v6,4,twist_branch0,20,-216,2118,20,1,2,1033,722,minus_x2_minus_omega3_times_d,337,209,81,84,52,20,20,20,v6,4,2,5,v4,5,top_split_then_twist_then_dft3_contribution_then_natural_ntt32_input_bitrev_output
0,1,81,81,81,81,465,low_plus_zeta_high,20,2,20,2,v6,4,twist_branch0,20,-216,2118,20,2,1,-886,2734,plus_omega3_times_d,337,209,81,84,52,20,20,20,v6,4,2,5,v4,5,top_split_then_twist_then_dft3_contribution_then_natural_ntt32_input_bitrev_output
0,1,85,85,85,85,469,low_plus_zeta_high,21,0,21,2,v4,5,twist_branch0,21,-108,1059,21,0,0,-147,1,x0_plus_x1_plus_x2,85,341,213,21,85,53,21,21,v6,5,2,21,v6,5,top_split_then_twist_then_dft3_contribution_then_natural_ntt32_input_bitrev_output
0,1,85,85,85,85,469,low_plus_zeta_high,21,0,21,2,v4,5,twist_branch0,21,-108,1059,21,1,0,-147,1,x0,85,341,213,21,85,53,21,21,v6,5,2,21,v6,5,top_split_then_twist_then_dft3_contribution_then_natural_ntt32_input_bitrev_output
0,1,85,85,85,85,469,low_plus_zeta_high,21,0,21,2,v4,5,twist_branch0,21,-108,1059,21,2,0,-147,1,x0,85,341,213,21,85,53,21,21,v6,5,2,21,v6,5,top_split_then_twist_then_dft3_contribution_then_natural_ntt32_input_bitrev_output
0,1,341,341,341,341,725,low_plus_zeta_high,85,1,21,2,v5,5,twist_branch0,85,100,940,21,0,0,-147,1,x0_plus_x1_plus_x2,85,341,213,21,85,53,21,21,v6,5,2,21,v6,5,top_split_then_twist_then_dft3_contribution_then_natural_ntt32_input_bitrev_output
0,1,341,341,341,341,725,low_plus_zeta_high,85,1,21,2,v5,5,twist_branch0,85,100,940,21,1,1,-886,2734,plus_omega3_times_d,85,341,213,21,85,53,21,21,v6,5,2,21,v6,5,top_split_then_twist_then_dft3_contribution_then_natural_ntt32_input_bitrev_output
0,1,341,341,341,341,725,low_plus_zeta_high,85,1,21,2,v5,5,twist_branch0,85,100,940,21,2,2,1033,722,minus_x1_minus_omega3_times_d,85,341,213,21,85,53,21,21,v6,5,2,21,v6,5,top_split_then_twist_then_dft3_contribution_then_natural_ntt32_input_bitrev_output
0,1,213,213,213,213,597,low_plus_zeta_high,53,2,21,2,v6,5,twist_branch0,53,275,2585,21,0,0,-147,1,x0_plus_x1_plus_x2,85,341,213,21,85,53,21,21,v6,5,2,21,v6,5,top_split_then_twist_then_dft3_contribution_then_natural_ntt32_input_bitrev_output
0,1,213,213,213,213,597,low_plus_zeta_high,53,2,21,2,v6,5,twist_branch0,53,275,2585,21,1,2,1033,722,minus_x2_minus_omega3_times_d,85,341,213,21,85,53,21,21,v6,5,2,21,v6,5,top_split_then_twist_then_dft3_contribution_then_natural_ntt32_input_bitrev_output
0,1,213,213,213,213,597,low_plus_zeta_high,53,2,21,2,v6,5,twist_branch0,53,275,2585,21,2,1,-886,2734,plus_omega3_times_d,85,341,213,21,85,53,21,21,v6,5,2,21,v6,5,top_split_then_twist_then_dft3_contribution_then_natural_ntt32_input_bitrev_output
0,1,217,217,217,217,601,low_plus_zeta_high,54,0,22,2,v4,6,twist_branch0,54,-1591,3021,22,0,0,-147,1,x0_plus_x1_plus_x2,217,89,345,54,22,86,22,22,v6,6,2,13,v5,5,top_split_then_twist_then_dft3_contribution_then_natural_ntt32_input_bitrev_output
0,1,217,217,217,217,601,low_plus_zeta_high,54,0,22,2,v4,6,twist_branch0,54,-1591,3021,22,1,0,-147,1,x0,217,89,345,54,22,86,22,22,v6,6,2,13,v5,5,top_split_then_twist_then_dft3_contribution_then_natural_ntt32_input_bitrev_output
0,1,217,217,217,217,601,low_plus_zeta_high,54,0,22,2,v4,6,twist_branch0,54,-1591,3021,22,2,0,-147,1,x0,217,89,345,54,22,86,22,22,v6,6,2,13,v5,5,top_split_then_twist_then_dft3_contribution_then_natural_ntt32_input_bitrev_output
0,1,89,89,89,89,473,low_plus_zeta_high,22,1,22,2,v5,6,twist_branch0,22,-54,2258,22,0,0,-147,1,x0_plus_x1_plus_x2,217,89,345,54,22,86,22,22,v6,6,2,13,v5,5,top_split_then_twist_then_dft3_contribution_then_natural_ntt32_input_bitrev_output
0,1,89,89,89,89,473,low_plus_zeta_high,22,1,22,2,v5,6,twist_branch0,22,-54,2258,22,1,1,-886,2734,plus_omega3_times_d,217,89,345,54,22,86,22,22,v6,6,2,13,v5,5,top_split_then_twist_then_dft3_contribution_then_natural_ntt32_input_bitrev_output
0,1,89,89,89,89,473,low_plus_zeta_high,22,1,22,2,v5,6,twist_branch0,22,-54,2258,22,2,2,1033,722,minus_x1_minus_omega3_times_d,217,89,345,54,22,86,22,22,v6,6,2,13,v5,5,top_split_then_twist_then_dft3_contribution_then_natural_ntt32_input_bitrev_output
0,1,345,345,345,345,729,low_plus_zeta_high,86,2,22,2,v6,6,twist_branch0,86,50,470,22,0,0,-147,1,x0_plus_x1_plus_x2,217,89,345,54,22,86,22,22,v6,6,2,13,v5,5,top_split_then_twist_then_dft3_contribution_then_natural_ntt32_input_bitrev_output
0,1,345,345,345,345,729,low_plus_zeta_high,86,2,22,2,v6,6,twist_branch0,86,50,470,22,1,2,1033,722,minus_x2_minus_omega3_times_d,217,89,345,54,22,86,22,22,v6,6,2,13,v5,5,top_split_then_twist_then_dft3_contribution_then_natural_ntt32_input_bitrev_output
0,1,345,345,345,345,729,low_plus_zeta_high,86,2,22,2,v6,6,twist_branch0,86,50,470,22,2,1,-886,2734,plus_omega3_times_d,217,89,345,54,22,86,22,22,v6,6,2,13,v5,5,top_split_then_twist_then_dft3_contribution_then_natural_ntt32_input_bitrev_output
0,1,349,349,349,349,733,low_plus_zeta_high,87,0,23,2,v4,7,twist_branch0,87,25,235,23,0,0,-147,1,x0_plus_x1_plus_x2,349,221,93,87,55,23,23,23,v6,7,2,29,v7,5,top_split_then_twist_then_dft3_contribution_then_natural_ntt32_input_bitrev_output
0,1,349,349,349,349,733,low_plus_zeta_high,87,0,23,2,v4,7,twist_branch0,87,25,235,23,1,0,-147,1,x0,349,221,93,87,55,23,23,23,v6,7,2,29,v7,5,top_split_then_twist_then_dft3_contribution_then_natural_ntt32_input_bitrev_output
0,1,349,349,349,349,733,low_plus_zeta_high,87,0,23,2,v4,7,twist_branch0,87,25,235,23,2,0,-147,1,x0,349,221,93,87,55,23,23,23,v6,7,2,29,v7,5,top_split_then_twist_then_dft3_contribution_then_natural_ntt32_input_bitrev_output
0,1,221,221,221,221,605,low_plus_zeta_high,55,1,23,2,v5,7,twist_branch0,55,933,3239,23,0,0,-147,1,x0_plus_x1_plus_x2,349,221,93,87,55,23,23,23,v6,7,2,29,v7,5,top_split_then_twist_then_dft3_contribution_then_natural_ntt32_input_bitrev_output
0,1,221,221,221,221,605,low_plus_zeta_high,55,1,23,2,v5,7,twist_branch0,55,933,3239,23,1,1,-886,2734,plus_omega3_times_d,349,221,93,87,55,23,23,23,v6,7,2,29,v7,5,top_split_then_twist_then_dft3_contribution_then_natural_ntt32_input_bitrev_output
0,1,221,221,221,221,605,low_plus_zeta_high,55,1,23,2,v5,7,twist_branch0,55,933,3239,23,2,2,1033,722,minus_x1_minus_omega3_times_d,349,221,93,87,55,23,23,23,v6,7,2,29,v7,5,top_split_then_twist_then_dft3_contribution_then_natural_ntt32_input_bitrev_output
0,1,93,93,93,93,477,low_plus_zeta_high,23,2,23,2,v6,7,twist_branch0,23,-27,1129,23,0,0,-147,1,x0_plus_x1_plus_x2,349,221,93,87,55,23,23,23,v6,7,2,29,v7,5,top_split_then_twist_then_dft3_contribution_then_natural_ntt32_input_bitrev_output
0,1,93,93,93,93,477,low_plus_zeta_high,23,2,23,2,v6,7,twist_branch0,23,-27,1129,23,1,2,1033,722,minus_x2_minus_omega3_times_d,349,221,93,87,55,23,23,23,v6,7,2,29,v7,5,top_split_then_twist_then_dft3_contribution_then_natural_ntt32_input_bitrev_output
0,1,93,93,93,93,477,low_plus_zeta_high,23,2,23,2,v6,7,twist_branch0,23,-27,1129,23,2,1,-886,2734,plus_omega3_times_d,349,221,93,87,55,23,23,23,v6,7,2,29,v7,5,top_split_then_twist_then_dft3_contribution_then_natural_ntt32_input_bitrev_output
0,1,97,97,97,97,481,low_plus_zeta_high,24,0,24,3,v4,0,twist_branch0,24,1715,2293,24,0,0,-147,1,x0_plus_x1_plus_x2,97,353,225,24,88,56,24,24,v7,0,3,3,v4,3,top_split_then_twist_then_dft3_contribution_then_natural_ntt32_input_bitrev_output
0,1,97,97,97,97,481,low_plus_zeta_high,24,0,24,3,v4,0,twist_branch0,24,1715,2293,24,1,0,-147,1,x0,97,353,225,24,88,56,24,24,v7,0,3,3,v4,3,top_split_then_twist_then_dft3_contribution_then_natural_ntt32_input_bitrev_output
0,1,97,97,97,97,481,low_plus_zeta_high,24,0,24,3,v4,0,twist_branch0,24,1715,2293,24,2,0,-147,1,x0,97,353,225,24,88,56,24,24,v7,0,3,3,v4,3,top_split_then_twist_then_dft3_contribution_then_natural_ntt32_input_bitrev_output
0,1,353,353,353,353,737,low_plus_zeta_high,88,1,24,3,v5,0,twist_branch0,88,-1716,1846,24,0,0,-147,1,x0_plus_x1_plus_x2,97,353,225,24,88,56,24,24,v7,0,3,3,v4,3,top_split_then_twist_then_dft3_contribution_then_natural_ntt32_input_bitrev_output
0,1,353,353,353,353,737,low_plus_zeta_high,88,1,24,3,v5,0,twist_branch0,88,-1716,1846,24,1,1,-886,2734,plus_omega3_times_d,97,353,225,24,88,56,24,24,v7,0,3,3,v4,3,top_split_then_twist_then_dft3_contribution_then_natural_ntt32_input_bitrev_output
0,1,353,353,353,353,737,low_plus_zeta_high,88,1,24,3,v5,0,twist_branch0,88,-1716,1846,24,2,2,1033,722,minus_x1_minus_omega3_times_d,97,353,225,24,88,56,24,24,v7,0,3,3,v4,3,top_split_then_twist_then_dft3_contribution_then_natural_ntt32_input_bitrev_output
0,1,225,225,225,225,609,low_plus_zeta_high,56,2,24,3,v6,0,twist_branch0,56,-1262,3348,24,0,0,-147,1,x0_plus_x1_plus_x2,97,353,225,24,88,56,24,24,v7,0,3,3,v4,3,top_split_then_twist_then_dft3_contribution_then_natural_ntt32_input_bitrev_output
0,1,225,225,225,225,609,low_plus_zeta_high,56,2,24,3,v6,0,twist_branch0,56,-1262,3348,24,1,2,1033,722,minus_x2_minus_omega3_times_d,97,353,225,24,88,56,24,24,v7,0,3,3,v4,3,top_split_then_twist_then_dft3_contribution_then_natural_ntt32_input_bitrev_output
0,1,225,225,225,225,609,low_plus_zeta_high,56,2,24,3,v6,0,twist_branch0,56,-1262,3348,24,2,1,-886,2734,plus_omega3_times_d,97,353,225,24,88,56,24,24,v7,0,3,3,v4,3,top_split_then_twist_then_dft3_contribution_then_natural_ntt32_input_bitrev_output
0,1,229,229,229,229,613,low_plus_zeta_high,57,0,25,3,v4,1,twist_branch0,57,-631,1674,25,0,0,-147,1,x0_plus_x1_plus_x2,229,101,357,57,25,89,25,25,v7,1,3,19,v6,3,top_split_then_twist_then_dft3_contribution_then_natural_ntt32_input_bitrev_output
0,1,229,229,229,229,613,low_plus_zeta_high,57,0,25,3,v4,1,twist_branch0,57,-631,1674,25,1,0,-147,1,x0,229,101,357,57,25,89,25,25,v7,1,3,19,v6,3,top_split_then_twist_then_dft3_contribution_then_natural_ntt32_input_bitrev_output
0,1,229,229,229,229,613,low_plus_zeta_high,57,0,25,3,v4,1,twist_branch0,57,-631,1674,25,2,0,-147,1,x0,229,101,357,57,25,89,25,25,v7,1,3,19,v6,3,top_split_then_twist_then_dft3_contribution_then_natural_ntt32_input_bitrev_output
0,1,101,101,101,101,485,low_plus_zeta_high,25,1,25,3,v5,1,twist_branch0,25,-871,2875,25,0,0,-147,1,x0_plus_x1_plus_x2,229,101,357,57,25,89,25,25,v7,1,3,19,v6,3,top_split_then_twist_then_dft3_contribution_then_natural_ntt32_input_bitrev_output
0,1,101,101,101,101,485,low_plus_zeta_high,25,1,25,3,v5,1,twist_branch0,25,-871,2875,25,1,1,-886,2734,plus_omega3_times_d,229,101,357,57,25,89,25,25,v7,1,3,19,v6,3,top_split_then_twist_then_dft3_contribution_then_natural_ntt32_input_bitrev_output
0,1,101,101,101,101,485,low_plus_zeta_high,25,1,25,3,v5,1,twist_branch0,25,-871,2875,25,2,2,1033,722,minus_x1_minus_omega3_times_d,229,101,357,57,25,89,25,25,v7,1,3,19,v6,3,top_split_then_twist_then_dft3_contribution_then_natural_ntt32_input_bitrev_output
0,1,357,357,357,357,741,low_plus_zeta_high,89,2,25,3,v6,1,twist_branch0,89,-858,923,25,0,0,-147,1,x0_plus_x1_plus_x2,229,101,357,57,25,89,25,25,v7,1,3,19,v6,3,top_split_then_twist_then_dft3_contribution_then_natural_ntt32_input_bitrev_output
0,1,357,357,357,357,741,low_plus_zeta_high,89,2,25,3,v6,1,twist_branch0,89,-858,923,25,1,2,1033,722,minus_x2_minus_omega3_times_d,229,101,357,57,25,89,25,25,v7,1,3,19,v6,3,top_split_then_twist_then_dft3_contribution_then_natural_ntt32_input_bitrev_output
0,1,357,357,357,357,741,low_plus_zeta_high,89,2,25,3,v6,1,twist_branch0,89,-858,923,25,2,1,-886,2734,plus_omega3_times_d,229,101,357,57,25,89,25,25,v7,1,3,19,v6,3,top_split_then_twist_then_dft3_contribution_then_natural_ntt32_input_bitrev_output
0,1,361,361,361,361,745,low_plus_zeta_high,90,0,26,3,v4,2,twist_branch0,90,-429,2190,26,0,0,-147,1,x0_plus_x1_plus_x2,361,233,105,90,58,26,26,26,v7,2,3,11,v5,3,top_split_then_twist_then_dft3_contribution_then_natural_ntt32_input_bitrev_output
0,1,361,361,361,361,745,low_plus_zeta_high,90,0,26,3,v4,2,twist_branch0,90,-429,2190,26,1,0,-147,1,x0,361,233,105,90,58,26,26,26,v7,2,3,11,v5,3,top_split_then_twist_then_dft3_contribution_then_natural_ntt32_input_bitrev_output
0,1,361,361,361,361,745,low_plus_zeta_high,90,0,26,3,v4,2,twist_branch0,90,-429,2190,26,2,0,-147,1,x0,361,233,105,90,58,26,26,26,v7,2,3,11,v5,3,top_split_then_twist_then_dft3_contribution_then_natural_ntt32_input_bitrev_output
0,1,233,233,233,233,617,low_plus_zeta_high,58,1,26,3,v5,2,twist_branch0,58,1413,837,26,0,0,-147,1,x0_plus_x1_plus_x2,361,233,105,90,58,26,26,26,v7,2,3,11,v5,3,top_split_then_twist_then_dft3_contribution_then_natural_ntt32_input_bitrev_output
0,1,233,233,233,233,617,low_plus_zeta_high,58,1,26,3,v5,2,twist_branch0,58,1413,837,26,1,1,-886,2734,plus_omega3_times_d,361,233,105,90,58,26,26,26,v7,2,3,11,v5,3,top_split_then_twist_then_dft3_contribution_then_natural_ntt32_input_bitrev_output
0,1,233,233,233,233,617,low_plus_zeta_high,58,1,26,3,v5,2,twist_branch0,58,1413,837,26,2,2,1033,722,minus_x1_minus_omega3_times_d,361,233,105,90,58,26,26,26,v7,2,3,11,v5,3,top_split_then_twist_then_dft3_contribution_then_natural_ntt32_input_bitrev_output
0,1,105,105,105,105,489,low_plus_zeta_high,26,2,26,3,v6,2,twist_branch0,26,1293,3166,26,0,0,-147,1,x0_plus_x1_plus_x2,361,233,105,90,58,26,26,26,v7,2,3,11,v5,3,top_split_then_twist_then_dft3_contribution_then_natural_ntt32_input_bitrev_output
0,1,105,105,105,105,489,low_plus_zeta_high,26,2,26,3,v6,2,twist_branch0,26,1293,3166,26,1,2,1033,722,minus_x2_minus_omega3_times_d,361,233,105,90,58,26,26,26,v7,2,3,11,v5,3,top_split_then_twist_then_dft3_contribution_then_natural_ntt32_input_bitrev_output
0,1,105,105,105,105,489,low_plus_zeta_high,26,2,26,3,v6,2,twist_branch0,26,1293,3166,26,2,1,-886,2734,plus_omega3_times_d,361,233,105,90,58,26,26,26,v7,2,3,11,v5,3,top_split_then_twist_then_dft3_contribution_then_natural_ntt32_input_bitrev_output
0,1,109,109,109,109,493,low_plus_zeta_high,27,0,27,3,v4,3,twist_branch0,27,-1082,1583,27,0,0,-147,1,x0_plus_x1_plus_x2,109,365,237,27,91,59,27,27,v7,3,3,27,v7,3,top_split_then_twist_then_dft3_contribution_then_natural_ntt32_input_bitrev_output
0,1,109,109,109,109,493,low_plus_zeta_high,27,0,27,3,v4,3,twist_branch0,27,-1082,1583,27,1,0,-147,1,x0,109,365,237,27,91,59,27,27,v7,3,3,27,v7,3,top_split_then_twist_then_dft3_contribution_then_natural_ntt32_input_bitrev_output
0,1,109,109,109,109,493,low_plus_zeta_high,27,0,27,3,v4,3,twist_branch0,27,-1082,1583,27,2,0,-147,1,x0,109,365,237,27,91,59,27,27,v7,3,3,27,v7,3,top_split_then_twist_then_dft3_contribution_then_natural_ntt32_input_bitrev_output
0,1,365,365,365,365,749,low_plus_zeta_high,91,1,27,3,v5,3,twist_branch0,91,1514,1095,27,0,0,-147,1,x0_plus_x1_plus_x2,109,365,237,27,91,59,27,27,v7,3,3,27,v7,3,top_split_then_twist_then_dft3_contribution_then_natural_ntt32_input_bitrev_output
0,1,365,365,365,365,749,low_plus_zeta_high,91,1,27,3,v5,3,twist_branch0,91,1514,1095,27,1,1,-886,2734,plus_omega3_times_d,109,365,237,27,91,59,27,27,v7,3,3,27,v7,3,top_split_then_twist_then_dft3_contribution_then_natural_ntt32_input_bitrev_output
0,1,365,365,365,365,749,low_plus_zeta_high,91,1,27,3,v5,3,twist_branch0,91,1514,1095,27,2,2,1033,722,minus_x1_minus_omega3_times_d,109,365,237,27,91,59,27,27,v7,3,3,27,v7,3,top_split_then_twist_then_dft3_contribution_then_natural_ntt32_input_bitrev_output
0,1,237,237,237,237,621,low_plus_zeta_high,59,2,27,3,v6,3,twist_branch0,59,-1022,2147,27,0,0,-147,1,x0_plus_x1_plus_x2,109,365,237,27,91,59,27,27,v7,3,3,27,v7,3,top_split_then_twist_then_dft3_contribution_then_natural_ntt32_input_bitrev_output
0,1,237,237,237,237,621,low_plus_zeta_high,59,2,27,3,v6,3,twist_branch0,59,-1022,2147,27,1,2,1033,722,minus_x2_minus_omega3_times_d,109,365,237,27,91,59,27,27,v7,3,3,27,v7,3,top_split_then_twist_then_dft3_contribution_then_natural_ntt32_input_bitrev_output
0,1,237,237,237,237,621,low_plus_zeta_high,59,2,27,3,v6,3,twist_branch0,59,-1022,2147,27,2,1,-886,2734,plus_omega3_times_d,109,365,237,27,91,59,27,27,v7,3,3,27,v7,3,top_split_then_twist_then_dft3_contribution_then_natural_ntt32_input_bitrev_output
0,1,241,241,241,241,625,low_plus_zeta_high,60,0,28,3,v4,4,twist_branch0,60,-511,2802,28,0,0,-147,1,x0_plus_x1_plus_x2,241,113,369,60,28,92,28,28,v7,4,3,7,v4,7,top_split_then_twist_then_dft3_contribution_then_natural_ntt32_input_bitrev_output
0,1,241,241,241,241,625,low_plus_zeta_high,60,0,28,3,v4,4,twist_branch0,60,-511,2802,28,1,0,-147,1,x0,241,113,369,60,28,92,28,28,v7,4,3,7,v4,7,top_split_then_twist_then_dft3_contribution_then_natural_ntt32_input_bitrev_output
0,1,241,241,241,241,625,low_plus_zeta_high,60,0,28,3,v4,4,twist_branch0,60,-511,2802,28,2,0,-147,1,x0,241,113,369,60,28,92,28,28,v7,4,3,7,v4,7,top_split_then_twist_then_dft3_contribution_then_natural_ntt32_input_bitrev_output
0,1,113,113,113,113,497,low_plus_zeta_high,28,1,28,3,v5,4,twist_branch0,28,-541,2520,28,0,0,-147,1,x0_plus_x1_plus_x2,241,113,369,60,28,92,28,28,v7,4,3,7,v4,7,top_split_then_twist_then_dft3_contribution_then_natural_ntt32_input_bitrev_output
0,1,113,113,113,113,497,low_plus_zeta_high,28,1,28,3,v5,4,twist_branch0,28,-541,2520,28,1,1,-886,2734,plus_omega3_times_d,241,113,369,60,28,92,28,28,v7,4,3,7,v4,7,top_split_then_twist_then_dft3_contribution_then_natural_ntt32_input_bitrev_output
0,1,113,113,113,113,497,low_plus_zeta_high,28,1,28,3,v5,4,twist_branch0,28,-541,2520,28,2,2,1033,722,minus_x1_minus_omega3_times_d,241,113,369,60,28,92,28,28,v7,4,3,7,v4,7,top_split_then_twist_then_dft3_contribution_then_natural_ntt32_input_bitrev_output
0,1,369,369,369,369,753,low_plus_zeta_high,92,2,28,3,v6,4,twist_branch0,92,757,2276,28,0,0,-147,1,x0_plus_x1_plus_x2,241,113,369,60,28,92,28,28,v7,4,3,7,v4,7,top_split_then_twist_then_dft3_contribution_then_natural_ntt32_input_bitrev_output
0,1,369,369,369,369,753,low_plus_zeta_high,92,2,28,3,v6,4,twist_branch0,92,757,2276,28,1,2,1033,722,minus_x2_minus_omega3_times_d,241,113,369,60,28,92,28,28,v7,4,3,7,v4,7,top_split_then_twist_then_dft3_contribution_then_natural_ntt32_input_bitrev_output
0,1,369,369,369,369,753,low_plus_zeta_high,92,2,28,3,v6,4,twist_branch0,92,757,2276,28,2,1,-886,2734,plus_omega3_times_d,241,113,369,60,28,92,28,28,v7,4,3,7,v4,7,top_split_then_twist_then_dft3_contribution_then_natural_ntt32_input_bitrev_output
0,1,373,373,373,373,757,low_plus_zeta_high,93,0,29,3,v4,5,twist_branch0,93,-1350,1138,29,0,0,-147,1,x0_plus_x1_plus_x2,373,245,117,93,61,29,29,29,v7,5,3,23,v6,7,top_split_then_twist_then_dft3_contribution_then_natural_ntt32_input_bitrev_output
0,1,373,373,373,373,757,low_plus_zeta_high,93,0,29,3,v4,5,twist_branch0,93,-1350,1138,29,1,0,-147,1,x0,373,245,117,93,61,29,29,29,v7,5,3,23,v6,7,top_split_then_twist_then_dft3_contribution_then_natural_ntt32_input_bitrev_output
0,1,373,373,373,373,757,low_plus_zeta_high,93,0,29,3,v4,5,twist_branch0,93,-1350,1138,29,2,0,-147,1,x0,373,245,117,93,61,29,29,29,v7,5,3,23,v6,7,top_split_then_twist_then_dft3_contribution_then_natural_ntt32_input_bitrev_output
0,1,245,245,245,245,629,low_plus_zeta_high,61,1,29,3,v5,5,twist_branch0,61,1473,1401,29,0,0,-147,1,x0_plus_x1_plus_x2,373,245,117,93,61,29,29,29,v7,5,3,23,v6,7,top_split_then_twist_then_dft3_contribution_then_natural_ntt32_input_bitrev_output
0,1,245,245,245,245,629,low_plus_zeta_high,61,1,29,3,v5,5,twist_branch0,61,1473,1401,29,1,1,-886,2734,plus_omega3_times_d,373,245,117,93,61,29,29,29,v7,5,3,23,v6,7,top_split_then_twist_then_dft3_contribution_then_natural_ntt32_input_bitrev_output
0,1,245,245,245,245,629,low_plus_zeta_high,61,1,29,3,v5,5,twist_branch0,61,1473,1401,29,2,2,1033,722,minus_x1_minus_omega3_times_d,373,245,117,93,61,29,29,29,v7,5,3,23,v6,7,top_split_then_twist_then_dft3_contribution_then_natural_ntt32_input_bitrev_output
0,1,117,117,117,117,501,low_plus_zeta_high,29,2,29,3,v6,5,twist_branch0,29,1458,1260,29,0,0,-147,1,x0_plus_x1_plus_x2,373,245,117,93,61,29,29,29,v7,5,3,23,v6,7,top_split_then_twist_then_dft3_contribution_then_natural_ntt32_input_bitrev_output
0,1,117,117,117,117,501,low_plus_zeta_high,29,2,29,3,v6,5,twist_branch0,29,1458,1260,29,1,2,1033,722,minus_x2_minus_omega3_times_d,373,245,117,93,61,29,29,29,v7,5,3,23,v6,7,top_split_then_twist_then_dft3_contribution_then_natural_ntt32_input_bitrev_output
0,1,117,117,117,117,501,low_plus_zeta_high,29,2,29,3,v6,5,twist_branch0,29,1458,1260,29,2,1,-886,2734,plus_omega3_times_d,373,245,117,93,61,29,29,29,v7,5,3,23,v6,7,top_split_then_twist_then_dft3_contribution_then_natural_ntt32_input_bitrev_output
0,1,121,121,121,121,505,low_plus_zeta_high,30,0,30,3,v4,6,twist_branch0,30,729,630,30,0,0,-147,1,x0_plus_x1_plus_x2,121,377,249,30,94,62,30,30,v7,6,3,15,v5,7,top_split_then_twist_then_dft3_contribution_then_natural_ntt32_input_bitrev_output
0,1,121,121,121,121,505,low_plus_zeta_high,30,0,30,3,v4,6,twist_branch0,30,729,630,30,1,0,-147,1,x0,121,377,249,30,94,62,30,30,v7,6,3,15,v5,7,top_split_then_twist_then_dft3_contribution_then_natural_ntt32_input_bitrev_output
0,1,121,121,121,121,505,low_plus_zeta_high,30,0,30,3,v4,6,twist_branch0,30,729,630,30,2,0,-147,1,x0,121,377,249,30,94,62,30,30,v7,6,3,15,v5,7,top_split_then_twist_then_dft3_contribution_then_natural_ntt32_input_bitrev_output
0,1,377,377,377,377,761,low_plus_zeta_high,94,1,30,3,v5,6,twist_branch0,94,-675,569,30,0,0,-147,1,x0_plus_x1_plus_x2,121,377,249,30,94,62,30,30,v7,6,3,15,v5,7,top_split_then_twist_then_dft3_contribution_then_natural_ntt32_input_bitrev_output
0,1,377,377,377,377,761,low_plus_zeta_high,94,1,30,3,v5,6,twist_branch0,94,-675,569,30,1,1,-886,2734,plus_omega3_times_d,121,377,249,30,94,62,30,30,v7,6,3,15,v5,7,top_split_then_twist_then_dft3_contribution_then_natural_ntt32_input_bitrev_output
0,1,377,377,377,377,761,low_plus_zeta_high,94,1,30,3,v5,6,twist_branch0,94,-675,569,30,2,2,1033,722,minus_x1_minus_omega3_times_d,121,377,249,30,94,62,30,30,v7,6,3,15,v5,7,top_split_then_twist_then_dft3_contribution_then_natural_ntt32_input_bitrev_output
0,1,249,249,249,249,633,low_plus_zeta_high,62,2,30,3,v6,6,twist_branch0,62,-992,2429,30,0,0,-147,1,x0_plus_x1_plus_x2,121,377,249,30,94,62,30,30,v7,6,3,15,v5,7,top_split_then_twist_then_dft3_contribution_then_natural_ntt32_input_bitrev_output
0,1,249,249,249,249,633,low_plus_zeta_high,62,2,30,3,v6,6,twist_branch0,62,-992,2429,30,1,2,1033,722,minus_x2_minus_omega3_times_d,121,377,249,30,94,62,30,30,v7,6,3,15,v5,7,top_split_then_twist_then_dft3_contribution_then_natural_ntt32_input_bitrev_output
0,1,249,249,249,249,633,low_plus_zeta_high,62,2,30,3,v6,6,twist_branch0,62,-992,2429,30,2,1,-886,2734,plus_omega3_times_d,121,377,249,30,94,62,30,30,v7,6,3,15,v5,7,top_split_then_twist_then_dft3_contribution_then_natural_ntt32_input_bitrev_output
0,1,253,253,253,253,637,low_plus_zeta_high,63,0,31,3,v4,7,twist_branch0,63,-496,2943,31,0,0,-147,1,x0_plus_x1_plus_x2,253,125,381,63,31,95,31,31,v7,7,3,31,v7,7,top_split_then_twist_then_dft3_contribution_then_natural_ntt32_input_bitrev_output
0,1,253,253,253,253,637,low_plus_zeta_high,63,0,31,3,v4,7,twist_branch0,63,-496,2943,31,1,0,-147,1,x0,253,125,381,63,31,95,31,31,v7,7,3,31,v7,7,top_split_then_twist_then_dft3_contribution_then_natural_ntt32_input_bitrev_output
0,1,253,253,253,253,637,low_plus_zeta_high,63,0,31,3,v4,7,twist_branch0,63,-496,2943,31,2,0,-147,1,x0,253,125,381,63,31,95,31,31,v7,7,3,31,v7,7,top_split_then_twist_then_dft3_contribution_then_natural_ntt32_input_bitrev_output
0,1,125,125,125,125,509,low_plus_zeta_high,31,1,31,3,v5,7,twist_branch0,31,-1364,315,31,0,0,-147,1,x0_plus_x1_plus_x2,253,125,381,63,31,95,31,31,v7,7,3,31,v7,7,top_split_then_twist_then_dft3_contribution_then_natural_ntt32_input_bitrev_output
0,1,125,125,125,125,509,low_plus_zeta_high,31,1,31,3,v5,7,twist_branch0,31,-1364,315,31,1,1,-886,2734,plus_omega3_times_d,253,125,381,63,31,95,31,31,v7,7,3,31,v7,7,top_split_then_twist_then_dft3_contribution_then_natural_ntt32_input_bitrev_output
0,1,125,125,125,125,509,low_plus_zeta_high,31,1,31,3,v5,7,twist_branch0,31,-1364,315,31,2,2,1033,722,minus_x1_minus_omega3_times_d,253,125,381,63,31,95,31,31,v7,7,3,31,v7,7,top_split_then_twist_then_dft3_contribution_then_natural_ntt32_input_bitrev_output
0,1,381,381,381,381,765,low_plus_zeta_high,95,2,31,3,v6,7,twist_branch0,95,1391,2013,31,0,0,-147,1,x0_plus_x1_plus_x2,253,125,381,63,31,95,31,31,v7,7,3,31,v7,7,top_split_then_twist_then_dft3_contribution_then_natural_ntt32_input_bitrev_output
0,1,381,381,381,381,765,low_plus_zeta_high,95,2,31,3,v6,7,twist_branch0,95,1391,2013,31,1,2,1033,722,minus_x2_minus_omega3_times_d,253,125,381,63,31,95,31,31,v7,7,3,31,v7,7,top_split_then_twist_then_dft3_contribution_then_natural_ntt32_input_bitrev_output
0,1,381,381,381,381,765,low_plus_zeta_high,95,2,31,3,v6,7,twist_branch0,95,1391,2013,31,2,1,-886,2734,plus_omega3_times_d,253,125,381,63,31,95,31,31,v7,7,3,31,v7,7,top_split_then_twist_then_dft3_contribution_then_natural_ntt32_input_bitrev_output
0,2,2,2,2,2,386,low_plus_zeta_high,0,0,0,0,v4,0,twist_branch0,0,-147,1,0,0,0,-147,1,x0_plus_x1_plus_x2,2,258,130,0,64,32,0,0,v4,0,0,0,v4,0,top_split_then_twist_then_dft3_contribution_then_natural_ntt32_input_bitrev_output
0,2,2,2,2,2,386,low_plus_zeta_high,0,0,0,0,v4,0,twist_branch0,0,-147,1,0,1,0,-147,1,x0,2,258,130,0,64,32,0,0,v4,0,0,0,v4,0,top_split_then_twist_then_dft3_contribution_then_natural_ntt32_input_bitrev_output
0,2,2,2,2,2,386,low_plus_zeta_high,0,0,0,0,v4,0,twist_branch0,0,-147,1,0,2,0,-147,1,x0,2,258,130,0,64,32,0,0,v4,0,0,0,v4,0,top_split_then_twist_then_dft3_contribution_then_natural_ntt32_input_bitrev_output
0,2,258,258,258,258,642,low_plus_zeta_high,64,1,0,0,v5,0,twist_branch0,64,-248,3200,0,0,0,-147,1,x0_plus_x1_plus_x2,2,258,130,0,64,32,0,0,v4,0,0,0,v4,0,top_split_then_twist_then_dft3_contribution_then_natural_ntt32_input_bitrev_output
0,2,258,258,258,258,642,low_plus_zeta_high,64,1,0,0,v5,0,twist_branch0,64,-248,3200,0,1,1,-886,2734,plus_omega3_times_d,2,258,130,0,64,32,0,0,v4,0,0,0,v4,0,top_split_then_twist_then_dft3_contribution_then_natural_ntt32_input_bitrev_output
0,2,258,258,258,258,642,low_plus_zeta_high,64,1,0,0,v5,0,twist_branch0,64,-248,3200,0,2,2,1033,722,minus_x1_minus_omega3_times_d,2,258,130,0,64,32,0,0,v4,0,0,0,v4,0,top_split_then_twist_then_dft3_contribution_then_natural_ntt32_input_bitrev_output
0,2,130,130,130,130,514,low_plus_zeta_high,32,2,0,0,v6,0,twist_branch0,32,-682,1886,0,0,0,-147,1,x0_plus_x1_plus_x2,2,258,130,0,64,32,0,0,v4,0,0,0,v4,0,top_split_then_twist_then_dft3_contribution_then_natural_ntt32_input_bitrev_output
0,2,130,130,130,130,514,low_plus_zeta_high,32,2,0,0,v6,0,twist_branch0,32,-682,1886,0,1,2,1033,722,minus_x2_minus_omega3_times_d,2,258,130,0,64,32,0,0,v4,0,0,0,v4,0,top_split_then_twist_then_dft3_contribution_then_natural_ntt32_input_bitrev_output
0,2,130,130,130,130,514,low_plus_zeta_high,32,2,0,0,v6,0,twist_branch0,32,-682,1886,0,2,1,-886,2734,plus_omega3_times_d,2,258,130,0,64,32,0,0,v4,0,0,0,v4,0,top_split_then_twist_then_dft3_contribution_then_natural_ntt32_input_bitrev_output
0,2,134,134,134,134,518,low_plus_zeta_high,33,0,1,0,v4,1,twist_branch0,33,-341,943,1,0,0,-147,1,x0_plus_x1_plus_x2,134,6,262,33,1,65,1,1,v4,1,0,16,v6,0,top_split_then_twist_then_dft3_contribution_then_natural_ntt32_input_bitrev_output
0,2,134,134,134,134,518,low_plus_zeta_high,33,0,1,0,v4,1,twist_branch0,33,-341,943,1,1,0,-147,1,x0,134,6,262,33,1,65,1,1,v4,1,0,16,v6,0,top_split_then_twist_then_dft3_contribution_then_natural_ntt32_input_bitrev_output
0,2,134,134,134,134,518,low_plus_zeta_high,33,0,1,0,v4,1,twist_branch0,33,-341,943,1,2,0,-147,1,x0,134,6,262,33,1,65,1,1,v4,1,0,16,v6,0,top_split_then_twist_then_dft3_contribution_then_natural_ntt32_input_bitrev_output
0,2,6,6,6,6,390,low_plus_zeta_high,1,1,1,0,v5,1,twist_branch0,1,1655,1729,1,0,0,-147,1,x0_plus_x1_plus_x2,134,6,262,33,1,65,1,1,v4,1,0,16,v6,0,top_split_then_twist_then_dft3_contribution_then_natural_ntt32_input_bitrev_output
0,2,6,6,6,6,390,low_plus_zeta_high,1,1,1,0,v5,1,twist_branch0,1,1655,1729,1,1,1,-886,2734,plus_omega3_times_d,134,6,262,33,1,65,1,1,v4,1,0,16,v6,0,top_split_then_twist_then_dft3_contribution_then_natural_ntt32_input_bitrev_output
0,2,6,6,6,6,390,low_plus_zeta_high,1,1,1,0,v5,1,twist_branch0,1,1655,1729,1,2,2,1033,722,minus_x1_minus_omega3_times_d,134,6,262,33,1,65,1,1,v4,1,0,16,v6,0,top_split_then_twist_then_dft3_contribution_then_natural_ntt32_input_bitrev_output
0,2,262,262,262,262,646,low_plus_zeta_high,65,2,1,0,v6,1,twist_branch0,65,-124,1600,1,0,0,-147,1,x0_plus_x1_plus_x2,134,6,262,33,1,65,1,1,v4,1,0,16,v6,0,top_split_then_twist_then_dft3_contribution_then_natural_ntt32_input_bitrev_output
0,2,262,262,262,262,646,low_plus_zeta_high,65,2,1,0,v6,1,twist_branch0,65,-124,1600,1,1,2,1033,722,minus_x2_minus_omega3_times_d,134,6,262,33,1,65,1,1,v4,1,0,16,v6,0,top_split_then_twist_then_dft3_contribution_then_natural_ntt32_input_bitrev_output
0,2,262,262,262,262,646,low_plus_zeta_high,65,2,1,0,v6,1,twist_branch0,65,-124,1600,1,2,1,-886,2734,plus_omega3_times_d,134,6,262,33,1,65,1,1,v4,1,0,16,v6,0,top_split_then_twist_then_dft3_contribution_then_natural_ntt32_input_bitrev_output
0,2,266,266,266,266,650,low_plus_zeta_high,66,0,2,0,v4,2,twist_branch0,66,-62,800,2,0,0,-147,1,x0_plus_x1_plus_x2,266,138,10,66,34,2,2,2,v4,2,0,8,v5,0,top_split_then_twist_then_dft3_contribution_then_natural_ntt32_input_bitrev_output
0,2,266,266,266,266,650,low_plus_zeta_high,66,0,2,0,v4,2,twist_branch0,66,-62,800,2,1,0,-147,1,x0,266,138,10,66,34,2,2,2,v4,2,0,8,v5,0,top_split_then_twist_then_dft3_contribution_then_natural_ntt32_input_bitrev_output
0,2,266,266,266,266,650,low_plus_zeta_high,66,0,2,0,v4,2,twist_branch0,66,-62,800,2,2,0,-147,1,x0,266,138,10,66,34,2,2,2,v4,2,0,8,v5,0,top_split_then_twist_then_dft3_contribution_then_natural_ntt32_input_bitrev_output
0,2,138,138,138,138,522,low_plus_zeta_high,34,1,2,0,v5,2,twist_branch0,34,1558,2200,2,0,0,-147,1,x0_plus_x1_plus_x2,266,138,10,66,34,2,2,2,v4,2,0,8,v5,0,top_split_then_twist_then_dft3_contribution_then_natural_ntt32_input_bitrev_output
0,2,138,138,138,138,522,low_plus_zeta_high,34,1,2,0,v5,2,twist_branch0,34,1558,2200,2,1,1,-886,2734,plus_omega3_times_d,266,138,10,66,34,2,2,2,v4,2,0,8,v5,0,top_split_then_twist_then_dft3_contribution_then_natural_ntt32_input_bitrev_output
0,2,138,138,138,138,522,low_plus_zeta_high,34,1,2,0,v5,2,twist_branch0,34,1558,2200,2,2,2,1033,722,minus_x1_minus_omega3_times_d,266,138,10,66,34,2,2,2,v4,2,0,8,v5,0,top_split_then_twist_then_dft3_contribution_then_natural_ntt32_input_bitrev_output
0,2,10,10,10,10,394,low_plus_zeta_high,2,2,2,0,v6,2,twist_branch0,2,-901,2593,2,0,0,-147,1,x0_plus_x1_plus_x2,266,138,10,66,34,2,2,2,v4,2,0,8,v5,0,top_split_then_twist_then_dft3_contribution_then_natural_ntt32_input_bitrev_output
0,2,10,10,10,10,394,low_plus_zeta_high,2,2,2,0,v6,2,twist_branch0,2,-901,2593,2,1,2,1033,722,minus_x2_minus_omega3_times_d,266,138,10,66,34,2,2,2,v4,2,0,8,v5,0,top_split_then_twist_then_dft3_contribution_then_natural_ntt32_input_bitrev_output
0,2,10,10,10,10,394,low_plus_zeta_high,2,2,2,0,v6,2,twist_branch0,2,-901,2593,2,2,1,-886,2734,plus_omega3_times_d,266,138,10,66,34,2,2,2,v4,2,0,8,v5,0,top_split_then_twist_then_dft3_contribution_then_natural_ntt32_input_bitrev_output
0,2,14,14,14,14,398,low_plus_zeta_high,3,0,3,0,v4,3,twist_branch0,3,1278,3025,3,0,0,-147,1,x0_plus_x1_plus_x2,14,270,142,3,67,35,3,3,v4,3,0,24,v7,0,top_split_then_twist_then_dft3_contribution_then_natural_ntt32_input_bitrev_output
0,2,14,14,14,14,398,low_plus_zeta_high,3,0,3,0,v4,3,twist_branch0,3,1278,3025,3,1,0,-147,1,x0,14,270,142,3,67,35,3,3,v4,3,0,24,v7,0,top_split_then_twist_then_dft3_contribution_then_natural_ntt32_input_bitrev_output
0,2,14,14,14,14,398,low_plus_zeta_high,3,0,3,0,v4,3,twist_branch0,3,1278,3025,3,2,0,-147,1,x0,14,270,142,3,67,35,3,3,v4,3,0,24,v7,0,top_split_then_twist_then_dft3_contribution_then_natural_ntt32_input_bitrev_output
0,2,270,270,270,270,654,low_plus_zeta_high,67,1,3,0,v5,3,twist_branch0,67,-31,400,3,0,0,-147,1,x0_plus_x1_plus_x2,14,270,142,3,67,35,3,3,v4,3,0,24,v7,0,top_split_then_twist_then_dft3_contribution_then_natural_ntt32_input_bitrev_output
0,2,270,270,270,270,654,low_plus_zeta_high,67,1,3,0,v5,3,twist_branch0,67,-31,400,3,1,1,-886,2734,plus_omega3_times_d,14,270,142,3,67,35,3,3,v4,3,0,24,v7,0,top_split_then_twist_then_dft3_contribution_then_natural_ntt32_input_bitrev_output
0,2,270,270,270,270,654,low_plus_zeta_high,67,1,3,0,v5,3,twist_branch0,67,-31,400,3,2,2,1033,722,minus_x1_minus_omega3_times_d,14,270,142,3,67,35,3,3,v4,3,0,24,v7,0,top_split_then_twist_then_dft3_contribution_then_natural_ntt32_input_bitrev_output
0,2,142,142,142,142,526,low_plus_zeta_high,35,2,3,0,v6,3,twist_branch0,35,779,1100,3,0,0,-147,1,x0_plus_x1_plus_x2,14,270,142,3,67,35,3,3,v4,3,0,24,v7,0,top_split_then_twist_then_dft3_contribution_then_natural_ntt32_input_bitrev_output
0,2,142,142,142,142,526,low_plus_zeta_high,35,2,3,0,v6,3,twist_branch0,35,779,1100,3,1,2,1033,722,minus_x2_minus_omega3_times_d,14,270,142,3,67,35,3,3,v4,3,0,24,v7,0,top_split_then_twist_then_dft3_contribution_then_natural_ntt32_input_bitrev_output
0,2,142,142,142,142,526,low_plus_zeta_high,35,2,3,0,v6,3,twist_branch0,35,779,1100,3,2,1,-886,2734,plus_omega3_times_d,14,270,142,3,67,35,3,3,v4,3,0,24,v7,0,top_split_then_twist_then_dft3_contribution_then_natural_ntt32_input_bitrev_output
0,2,146,146,146,146,530,low_plus_zeta_high,36,0,4,0,v4,4,twist_branch0,36,-1339,550,4,0,0,-147,1,x0_plus_x1_plus_x2,146,18,274,36,4,68,4,4,v4,4,0,4,v4,4,top_split_then_twist_then_dft3_contribution_then_natural_ntt32_input_bitrev_output
0,2,146,146,146,146,530,low_plus_zeta_high,36,0,4,0,v4,4,twist_branch0,36,-1339,550,4,1,0,-147,1,x0,146,18,274,36,4,68,4,4,v4,4,0,4,v4,4,top_split_then_twist_then_dft3_contribution_then_natural_ntt32_input_bitrev_output
0,2,146,146,146,146,530,low_plus_zeta_high,36,0,4,0,v4,4,twist_branch0,36,-1339,550,4,2,0,-147,1,x0,146,18,274,36,4,68,4,4,v4,4,0,4,v4,4,top_split_then_twist_then_dft3_contribution_then_natural_ntt32_input_bitrev_output
0,2,18,18,18,18,402,low_plus_zeta_high,4,1,4,0,v5,4,twist_branch0,4,639,3241,4,0,0,-147,1,x0_plus_x1_plus_x2,146,18,274,36,4,68,4,4,v4,4,0,4,v4,4,top_split_then_twist_then_dft3_contribution_then_natural_ntt32_input_bitrev_output
0,2,18,18,18,18,402,low_plus_zeta_high,4,1,4,0,v5,4,twist_branch0,4,639,3241,4,1,1,-886,2734,plus_omega3_times_d,146,18,274,36,4,68,4,4,v4,4,0,4,v4,4,top_split_then_twist_then_dft3_contribution_then_natural_ntt32_input_bitrev_output
0,2,18,18,18,18,402,low_plus_zeta_high,4,1,4,0,v5,4,twist_branch0,4,639,3241,4,2,2,1033,722,minus_x1_minus_omega3_times_d,146,18,274,36,4,68,4,4,v4,4,0,4,v4,4,top_split_then_twist_then_dft3_contribution_then_natural_ntt32_input_bitrev_output
0,2,274,274,274,274,658,low_plus_zeta_high,68,2,4,0,v6,4,twist_branch0,68,1713,200,4,0,0,-147,1,x0_plus_x1_plus_x2,146,18,274,36,4,68,4,4,v4,4,0,4,v4,4,top_split_then_twist_then_dft3_contribution_then_natural_ntt32_input_bitrev_output
0,2,274,274,274,274,658,low_plus_zeta_high,68,2,4,0,v6,4,twist_branch0,68,1713,200,4,1,2,1033,722,minus_x2_minus_omega3_times_d,146,18,274,36,4,68,4,4,v4,4,0,4,v4,4,top_split_then_twist_then_dft3_contribution_then_natural_ntt32_input_bitrev_output
0,2,274,274,274,274,658,low_plus_zeta_high,68,2,4,0,v6,4,twist_branch0,68,1713,200,4,2,1,-886,2734,plus_omega3_times_d,146,18,274,36,4,68,4,4,v4,4,0,4,v4,4,top_split_then_twist_then_dft3_contribution_then_natural_ntt32_input_bitrev_output
0,2,278,278,278,278,662,low_plus_zeta_high,69,0,5,0,v4,5,twist_branch0,69,-872,100,5,0,0,-147,1,x0_plus_x1_plus_x2,278,150,22,69,37,5,5,5,v4,5,0,20,v6,4,top_split_then_twist_then_dft3_contribution_then_natural_ntt32_input_bitrev_output
0,2,278,278,278,278,662,low_plus_zeta_high,69,0,5,0,v4,5,twist_branch0,69,-872,100,5,1,0,-147,1,x0,278,150,22,69,37,5,5,5,v4,5,0,20,v6,4,top_split_then_twist_then_dft3_contribution_then_natural_ntt32_input_bitrev_output
0,2,278,278,278,278,662,low_plus_zeta_high,69,0,5,0,v4,5,twist_branch0,69,-872,100,5,2,0,-147,1,x0,278,150,22,69,37,5,5,5,v4,5,0,20,v6,4,top_split_then_twist_then_dft3_contribution_then_natural_ntt32_input_bitrev_output
0,2,150,150,150,150,534,low_plus_zeta_high,37,1,5,0,v5,5,twist_branch0,37,1059,275,5,0,0,-147,1,x0_plus_x1_plus_x2,278,150,22,69,37,5,5,5,v4,5,0,20,v6,4,top_split_then_twist_then_dft3_contribution_then_natural_ntt32_input_bitrev_output
0,2,150,150,150,150,534,low_plus_zeta_high,37,1,5,0,v5,5,twist_branch0,37,1059,275,5,1,1,-886,2734,plus_omega3_times_d,278,150,22,69,37,5,5,5,v4,5,0,20,v6,4,top_split_then_twist_then_dft3_contribution_then_natural_ntt32_input_bitrev_output
0,2,150,150,150,150,534,low_plus_zeta_high,37,1,5,0,v5,5,twist_branch0,37,1059,275,5,2,2,1033,722,minus_x1_minus_omega3_times_d,278,150,22,69,37,5,5,5,v4,5,0,20,v6,4,top_split_then_twist_then_dft3_contribution_then_natural_ntt32_input_bitrev_output
0,2,22,22,22,22,406,low_plus_zeta_high,5,2,5,0,v6,5,twist_branch0,5,-1409,3349,5,0,0,-147,1,x0_plus_x1_plus_x2,278,150,22,69,37,5,5,5,v4,5,0,20,v6,4,top_split_then_twist_then_dft3_contribution_then_natural_ntt32_input_bitrev_output
0,2,22,22,22,22,406,low_plus_zeta_high,5,2,5,0,v6,5,twist_branch0,5,-1409,3349,5,1,2,1033,722,minus_x2_minus_omega3_times_d,278,150,22,69,37,5,5,5,v4,5,0,20,v6,4,top_split_then_twist_then_dft3_contribution_then_natural_ntt32_input_bitrev_output
0,2,22,22,22,22,406,low_plus_zeta_high,5,2,5,0,v6,5,twist_branch0,5,-1409,3349,5,2,1,-886,2734,plus_omega3_times_d,278,150,22,69,37,5,5,5,v4,5,0,20,v6,4,top_split_then_twist_then_dft3_contribution_then_natural_ntt32_input_bitrev_output
0,2,26,26,26,26,410,low_plus_zeta_high,6,0,6,0,v4,6,twist_branch0,6,1024,3403,6,0,0,-147,1,x0_plus_x1_plus_x2,26,282,154,6,70,38,6,6,v4,6,0,12,v5,4,top_split_then_twist_then_dft3_contribution_then_natural_ntt32_input_bitrev_output
0,2,26,26,26,26,410,low_plus_zeta_high,6,0,6,0,v4,6,twist_branch0,6,1024,3403,6,1,0,-147,1,x0,26,282,154,6,70,38,6,6,v4,6,0,12,v5,4,top_split_then_twist_then_dft3_contribution_then_natural_ntt32_input_bitrev_output
0,2,26,26,26,26,410,low_plus_zeta_high,6,0,6,0,v4,6,twist_branch0,6,1024,3403,6,2,0,-147,1,x0,26,282,154,6,70,38,6,6,v4,6,0,12,v5,4,top_split_then_twist_then_dft3_contribution_then_natural_ntt32_input_bitrev_output
0,2,282,282,282,282,666,low_plus_zeta_high,70,1,6,0,v5,6,twist_branch0,70,-436,50,6,0,0,-147,1,x0_plus_x1_plus_x2,26,282,154,6,70,38,6,6,v4,6,0,12,v5,4,top_split_then_twist_then_dft3_contribution_then_natural_ntt32_input_bitrev_output
0,2,282,282,282,282,666,low_plus_zeta_high,70,1,6,0,v5,6,twist_branch0,70,-436,50,6,1,1,-886,2734,plus_omega3_times_d,26,282,154,6,70,38,6,6,v4,6,0,12,v5,4,top_split_then_twist_then_dft3_contribution_then_natural_ntt32_input_bitrev_output
0,2,282,282,282,282,666,low_plus_zeta_high,70,1,6,0,v5,6,twist_branch0,70,-436,50,6,2,2,1033,722,minus_x1_minus_omega3_times_d,26,282,154,6,70,38,6,6,v4,6,0,12,v5,4,top_split_then_twist_then_dft3_contribution_then_natural_ntt32_input_bitrev_output
0,2,154,154,154,154,538,low_plus_zeta_high,38,2,6,0,v6,6,twist_branch0,38,-1199,1866,6,0,0,-147,1,x0_plus_x1_plus_x2,26,282,154,6,70,38,6,6,v4,6,0,12,v5,4,top_split_then_twist_then_dft3_contribution_then_natural_ntt32_input_bitrev_output
0,2,154,154,154,154,538,low_plus_zeta_high,38,2,6,0,v6,6,twist_branch0,38,-1199,1866,6,1,2,1033,722,minus_x2_minus_omega3_times_d,26,282,154,6,70,38,6,6,v4,6,0,12,v5,4,top_split_then_twist_then_dft3_contribution_then_natural_ntt32_input_bitrev_output
0,2,154,154,154,154,538,low_plus_zeta_high,38,2,6,0,v6,6,twist_branch0,38,-1199,1866,6,2,1,-886,2734,plus_omega3_times_d,26,282,154,6,70,38,6,6,v4,6,0,12,v5,4,top_split_then_twist_then_dft3_contribution_then_natural_ntt32_input_bitrev_output
0,2,158,158,158,158,542,low_plus_zeta_high,39,0,7,0,v4,7,twist_branch0,39,1129,933,7,0,0,-147,1,x0_plus_x1_plus_x2,158,30,286,39,7,71,7,7,v4,7,0,28,v7,4,top_split_then_twist_then_dft3_contribution_then_natural_ntt32_input_bitrev_output
0,2,158,158,158,158,542,low_plus_zeta_high,39,0,7,0,v4,7,twist_branch0,39,1129,933,7,1,0,-147,1,x0,158,30,286,39,7,71,7,7,v4,7,0,28,v7,4,top_split_then_twist_then_dft3_contribution_then_natural_ntt32_input_bitrev_output
0,2,158,158,158,158,542,low_plus_zeta_high,39,0,7,0,v4,7,twist_branch0,39,1129,933,7,2,0,-147,1,x0,158,30,286,39,7,71,7,7,v4,7,0,28,v7,4,top_split_then_twist_then_dft3_contribution_then_natural_ntt32_input_bitrev_output
0,2,30,30,30,30,414,low_plus_zeta_high,7,1,7,0,v5,7,twist_branch0,7,512,3430,7,0,0,-147,1,x0_plus_x1_plus_x2,158,30,286,39,7,71,7,7,v4,7,0,28,v7,4,top_split_then_twist_then_dft3_contribution_then_natural_ntt32_input_bitrev_output
0,2,30,30,30,30,414,low_plus_zeta_high,7,1,7,0,v5,7,twist_branch0,7,512,3430,7,1,1,-886,2734,plus_omega3_times_d,158,30,286,39,7,71,7,7,v4,7,0,28,v7,4,top_split_then_twist_then_dft3_contribution_then_natural_ntt32_input_bitrev_output
0,2,30,30,30,30,414,low_plus_zeta_high,7,1,7,0,v5,7,twist_branch0,7,512,3430,7,2,2,1033,722,minus_x1_minus_omega3_times_d,158,30,286,39,7,71,7,7,v4,7,0,28,v7,4,top_split_then_twist_then_dft3_contribution_then_natural_ntt32_input_bitrev_output
0,2,286,286,286,286,670,low_plus_zeta_high,71,2,7,0,v6,7,twist_branch0,71,-218,25,7,0,0,-147,1,x0_plus_x1_plus_x2,158,30,286,39,7,71,7,7,v4,7,0,28,v7,4,top_split_then_twist_then_dft3_contribution_then_natural_ntt32_input_bitrev_output
0,2,286,286,286,286,670,low_plus_zeta_high,71,2,7,0,v6,7,twist_branch0,71,-218,25,7,1,2,1033,722,minus_x2_minus_omega3_times_d,158,30,286,39,7,71,7,7,v4,7,0,28,v7,4,top_split_then_twist_then_dft3_contribution_then_natural_ntt32_input_bitrev_output
0,2,286,286,286,286,670,low_plus_zeta_high,71,2,7,0,v6,7,twist_branch0,71,-218,25,7,2,1,-886,2734,plus_omega3_times_d,158,30,286,39,7,71,7,7,v4,7,0,28,v7,4,top_split_then_twist_then_dft3_contribution_then_natural_ntt32_input_bitrev_output
0,2,290,290,290,290,674,low_plus_zeta_high,72,0,8,1,v4,0,twist_branch0,72,-109,1741,8,0,0,-147,1,x0_plus_x1_plus_x2,290,162,34,72,40,8,8,8,v5,0,1,2,v4,2,top_split_then_twist_then_dft3_contribution_then_natural_ntt32_input_bitrev_output
0,2,290,290,290,290,674,low_plus_zeta_high,72,0,8,1,v4,0,twist_branch0,72,-109,1741,8,1,0,-147,1,x0,290,162,34,72,40,8,8,8,v5,0,1,2,v4,2,top_split_then_twist_then_dft3_contribution_then_natural_ntt32_input_bitrev_output
0,2,290,290,290,290,674,low_plus_zeta_high,72,0,8,1,v4,0,twist_branch0,72,-109,1741,8,2,0,-147,1,x0,290,162,34,72,40,8,8,8,v5,0,1,2,v4,2,top_split_then_twist_then_dft3_contribution_then_natural_ntt32_input_bitrev_output
0,2,162,162,162,162,546,low_plus_zeta_high,40,1,8,1,v5,0,twist_branch0,40,-1164,2195,8,0,0,-147,1,x0_plus_x1_plus_x2,290,162,34,72,40,8,8,8,v5,0,1,2,v4,2,top_split_then_twist_then_dft3_contribution_then_natural_ntt32_input_bitrev_output
0,2,162,162,162,162,546,low_plus_zeta_high,40,1,8,1,v5,0,twist_branch0,40,-1164,2195,8,1,1,-886,2734,plus_omega3_times_d,290,162,34,72,40,8,8,8,v5,0,1,2,v4,2,top_split_then_twist_then_dft3_contribution_then_natural_ntt32_input_bitrev_output
0,2,162,162,162,162,546,low_plus_zeta_high,40,1,8,1,v5,0,twist_branch0,40,-1164,2195,8,2,2,1033,722,minus_x1_minus_omega3_times_d,290,162,34,72,40,8,8,8,v5,0,1,2,v4,2,top_split_then_twist_then_dft3_contribution_then_natural_ntt32_input_bitrev_output
0,2,34,34,34,34,418,low_plus_zeta_high,8,2,8,1,v6,0,twist_branch0,8,256,1715,8,0,0,-147,1,x0_plus_x1_plus_x2,290,162,34,72,40,8,8,8,v5,0,1,2,v4,2,top_split_then_twist_then_dft3_contribution_then_natural_ntt32_input_bitrev_output
0,2,34,34,34,34,418,low_plus_zeta_high,8,2,8,1,v6,0,twist_branch0,8,256,1715,8,1,2,1033,722,minus_x2_minus_omega3_times_d,290,162,34,72,40,8,8,8,v5,0,1,2,v4,2,top_split_then_twist_then_dft3_contribution_then_natural_ntt32_input_bitrev_output
0,2,34,34,34,34,418,low_plus_zeta_high,8,2,8,1,v6,0,twist_branch0,8,256,1715,8,2,1,-886,2734,plus_omega3_times_d,290,162,34,72,40,8,8,8,v5,0,1,2,v4,2,top_split_then_twist_then_dft3_contribution_then_natural_ntt32_input_bitrev_output
0,2,38,38,38,38,422,low_plus_zeta_high,9,0,9,1,v4,1,twist_branch0,9,128,2586,9,0,0,-147,1,x0_plus_x1_plus_x2,38,294,166,9,73,41,9,9,v5,1,1,18,v6,2,top_split_then_twist_then_dft3_contribution_then_natural_ntt32_input_bitrev_output
0,2,38,38,38,38,422,low_plus_zeta_high,9,0,9,1,v4,1,twist_branch0,9,128,2586,9,1,0,-147,1,x0,38,294,166,9,73,41,9,9,v5,1,1,18,v6,2,top_split_then_twist_then_dft3_contribution_then_natural_ntt32_input_bitrev_output
0,2,38,38,38,38,422,low_plus_zeta_high,9,0,9,1,v4,1,twist_branch0,9,128,2586,9,2,0,-147,1,x0,38,294,166,9,73,41,9,9,v5,1,1,18,v6,2,top_split_then_twist_then_dft3_contribution_then_natural_ntt32_input_bitrev_output
0,2,294,294,294,294,678,low_plus_zeta_high,73,1,9,1,v5,1,twist_branch0,73,1674,2599,9,0,0,-147,1,x0_plus_x1_plus_x2,38,294,166,9,73,41,9,9,v5,1,1,18,v6,2,top_split_then_twist_then_dft3_contribution_then_natural_ntt32_input_bitrev_output
0,2,294,294,294,294,678,low_plus_zeta_high,73,1,9,1,v5,1,twist_branch0,73,1674,2599,9,1,1,-886,2734,plus_omega3_times_d,38,294,166,9,73,41,9,9,v5,1,1,18,v6,2,top_split_then_twist_then_dft3_contribution_then_natural_ntt32_input_bitrev_output
0,2,294,294,294,294,678,low_plus_zeta_high,73,1,9,1,v5,1,twist_branch0,73,1674,2599,9,2,2,1033,722,minus_x1_minus_omega3_times_d,38,294,166,9,73,41,9,9,v5,1,1,18,v6,2,top_split_then_twist_then_dft3_contribution_then_natural_ntt32_input_bitrev_output
0,2,166,166,166,166,550,low_plus_zeta_high,41,2,9,1,v6,1,twist_branch0,41,-582,2826,9,0,0,-147,1,x0_plus_x1_plus_x2,38,294,166,9,73,41,9,9,v5,1,1,18,v6,2,top_split_then_twist_then_dft3_contribution_then_natural_ntt32_input_bitrev_output
0,2,166,166,166,166,550,low_plus_zeta_high,41,2,9,1,v6,1,twist_branch0,41,-582,2826,9,1,2,1033,722,minus_x2_minus_omega3_times_d,38,294,166,9,73,41,9,9,v5,1,1,18,v6,2,top_split_then_twist_then_dft3_contribution_then_natural_ntt32_input_bitrev_output
0,2,166,166,166,166,550,low_plus_zeta_high,41,2,9,1,v6,1,twist_branch0,41,-582,2826,9,2,1,-886,2734,plus_omega3_times_d,38,294,166,9,73,41,9,9,v5,1,1,18,v6,2,top_split_then_twist_then_dft3_contribution_then_natural_ntt32_input_bitrev_output
0,2,170,170,170,170,554,low_plus_zeta_high,42,0,10,1,v4,2,twist_branch0,42,-291,1413,10,0,0,-147,1,x0_plus_x1_plus_x2,170,42,298,42,10,74,10,10,v5,2,1,10,v5,2,top_split_then_twist_then_dft3_contribution_then_natural_ntt32_input_bitrev_output
0,2,170,170,170,170,554,low_plus_zeta_high,42,0,10,1,v4,2,twist_branch0,42,-291,1413,10,1,0,-147,1,x0,170,42,298,42,10,74,10,10,v5,2,1,10,v5,2,top_split_then_twist_then_dft3_contribution_then_natural_ntt32_input_bitrev_output
0,2,170,170,170,170,554,low_plus_zeta_high,42,0,10,1,v4,2,twist_branch0,42,-291,1413,10,2,0,-147,1,x0,170,42,298,42,10,74,10,10,v5,2,1,10,v5,2,top_split_then_twist_then_dft3_contribution_then_natural_ntt32_input_bitrev_output
0,2,42,42,42,42,426,low_plus_zeta_high,10,1,10,1,v5,2,twist_branch0,10,64,1293,10,0,0,-147,1,x0_plus_x1_plus_x2,170,42,298,42,10,74,10,10,v5,2,1,10,v5,2,top_split_then_twist_then_dft3_contribution_then_natural_ntt32_input_bitrev_output
0,2,42,42,42,42,426,low_plus_zeta_high,10,1,10,1,v5,2,twist_branch0,10,64,1293,10,1,1,-886,2734,plus_omega3_times_d,170,42,298,42,10,74,10,10,v5,2,1,10,v5,2,top_split_then_twist_then_dft3_contribution_then_natural_ntt32_input_bitrev_output
0,2,42,42,42,42,426,low_plus_zeta_high,10,1,10,1,v5,2,twist_branch0,10,64,1293,10,2,2,1033,722,minus_x1_minus_omega3_times_d,170,42,298,42,10,74,10,10,v5,2,1,10,v5,2,top_split_then_twist_then_dft3_contribution_then_natural_ntt32_input_bitrev_output
0,2,298,298,298,298,682,low_plus_zeta_high,74,2,10,1,v6,2,twist_branch0,74,837,3028,10,0,0,-147,1,x0_plus_x1_plus_x2,170,42,298,42,10,74,10,10,v5,2,1,10,v5,2,top_split_then_twist_then_dft3_contribution_then_natural_ntt32_input_bitrev_output
0,2,298,298,298,298,682,low_plus_zeta_high,74,2,10,1,v6,2,twist_branch0,74,837,3028,10,1,2,1033,722,minus_x2_minus_omega3_times_d,170,42,298,42,10,74,10,10,v5,2,1,10,v5,2,top_split_then_twist_then_dft3_contribution_then_natural_ntt32_input_bitrev_output
0,2,298,298,298,298,682,low_plus_zeta_high,74,2,10,1,v6,2,twist_branch0,74,837,3028,10,2,1,-886,2734,plus_omega3_times_d,170,42,298,42,10,74,10,10,v5,2,1,10,v5,2,top_split_then_twist_then_dft3_contribution_then_natural_ntt32_input_bitrev_output
0,2,302,302,302,302,686,low_plus_zeta_high,75,0,11,1,v4,3,twist_branch0,75,-1310,1514,11,0,0,-147,1,x0_plus_x1_plus_x2,302,174,46,75,43,11,11,11,v5,3,1,26,v7,2,top_split_then_twist_then_dft3_contribution_then_natural_ntt32_input_bitrev_output
0,2,302,302,302,302,686,low_plus_zeta_high,75,0,11,1,v4,3,twist_branch0,75,-1310,1514,11,1,0,-147,1,x0,302,174,46,75,43,11,11,11,v5,3,1,26,v7,2,top_split_then_twist_then_dft3_contribution_then_natural_ntt32_input_bitrev_output
0,2,302,302,302,302,686,low_plus_zeta_high,75,0,11,1,v4,3,twist_branch0,75,-1310,1514,11,2,0,-147,1,x0,302,174,46,75,43,11,11,11,v5,3,1,26,v7,2,top_split_then_twist_then_dft3_contribution_then_natural_ntt32_input_bitrev_output
0,2,174,174,174,174,558,low_plus_zeta_high,43,1,11,1,v5,3,twist_branch0,43,1583,2435,11,0,0,-147,1,x0_plus_x1_plus_x2,302,174,46,75,43,11,11,11,v5,3,1,26,v7,2,top_split_then_twist_then_dft3_contribution_then_natural_ntt32_input_bitrev_output
0,2,174,174,174,174,558,low_plus_zeta_high,43,1,11,1,v5,3,twist_branch0,43,1583,2435,11,1,1,-886,2734,plus_omega3_times_d,302,174,46,75,43,11,11,11,v5,3,1,26,v7,2,top_split_then_twist_then_dft3_contribution_then_natural_ntt32_input_bitrev_output
0,2,174,174,174,174,558,low_plus_zeta_high,43,1,11,1,v5,3,twist_branch0,43,1583,2435,11,2,2,1033,722,minus_x1_minus_omega3_times_d,302,174,46,75,43,11,11,11,v5,3,1,26,v7,2,top_split_then_twist_then_dft3_contribution_then_natural_ntt32_input_bitrev_output
0,2,46,46,46,46,430,low_plus_zeta_high,11,2,11,1,v6,3,twist_branch0,11,32,2375,11,0,0,-147,1,x0_plus_x1_plus_x2,302,174,46,75,43,11,11,11,v5,3,1,26,v7,2,top_split_then_twist_then_dft3_contribution_then_natural_ntt32_input_bitrev_output
0,2,46,46,46,46,430,low_plus_zeta_high,11,2,11,1,v6,3,twist_branch0,11,32,2375,11,1,2,1033,722,minus_x2_minus_omega3_times_d,302,174,46,75,43,11,11,11,v5,3,1,26,v7,2,top_split_then_twist_then_dft3_contribution_then_natural_ntt32_input_bitrev_output
0,2,46,46,46,46,430,low_plus_zeta_high,11,2,11,1,v6,3,twist_branch0,11,32,2375,11,2,1,-886,2734,plus_omega3_times_d,302,174,46,75,43,11,11,11,v5,3,1,26,v7,2,top_split_then_twist_then_dft3_contribution_then_natural_ntt32_input_bitrev_output
0,2,50,50,50,50,434,low_plus_zeta_high,12,0,12,1,v4,4,twist_branch0,12,16,2916,12,0,0,-147,1,x0_plus_x1_plus_x2,50,306,178,12,76,44,12,12,v5,4,1,6,v4,6,top_split_then_twist_then_dft3_contribution_then_natural_ntt32_input_bitrev_output
0,2,50,50,50,50,434,low_plus_zeta_high,12,0,12,1,v4,4,twist_branch0,12,16,2916,12,1,0,-147,1,x0,50,306,178,12,76,44,12,12,v5,4,1,6,v4,6,top_split_then_twist_then_dft3_contribution_then_natural_ntt32_input_bitrev_output
0,2,50,50,50,50,434,low_plus_zeta_high,12,0,12,1,v4,4,twist_branch0,12,16,2916,12,2,0,-147,1,x0,50,306,178,12,76,44,12,12,v5,4,1,6,v4,6,top_split_then_twist_then_dft3_contribution_then_natural_ntt32_input_bitrev_output
0,2,306,306,306,306,690,low_plus_zeta_high,76,1,12,1,v5,4,twist_branch0,76,-655,757,12,0,0,-147,1,x0_plus_x1_plus_x2,50,306,178,12,76,44,12,12,v5,4,1,6,v4,6,top_split_then_twist_then_dft3_contribution_then_natural_ntt32_input_bitrev_output
0,2,306,306,306,306,690,low_plus_zeta_high,76,1,12,1,v5,4,twist_branch0,76,-655,757,12,1,1,-886,2734,plus_omega3_times_d,50,306,178,12,76,44,12,12,v5,4,1,6,v4,6,top_split_then_twist_then_dft3_contribution_then_natural_ntt32_input_bitrev_output
0,2,306,306,306,306,690,low_plus_zeta_high,76,1,12,1,v5,4,twist_branch0,76,-655,757,12,2,2,1033,722,minus_x1_minus_omega3_times_d,50,306,178,12,76,44,12,12,v5,4,1,6,v4,6,top_split_then_twist_then_dft3_contribution_then_natural_ntt32_input_bitrev_output
0,2,178,178,178,178,562,low_plus_zeta_high,44,2,12,1,v6,4,twist_branch0,44,-937,2946,12,0,0,-147,1,x0_plus_x1_plus_x2,50,306,178,12,76,44,12,12,v5,4,1,6,v4,6,top_split_then_twist_then_dft3_contribution_then_natural_ntt32_input_bitrev_output
0,2,178,178,178,178,562,low_plus_zeta_high,44,2,12,1,v6,4,twist_branch0,44,-937,2946,12,1,2,1033,722,minus_x2_minus_omega3_times_d,50,306,178,12,76,44,12,12,v5,4,1,6,v4,6,top_split_then_twist_then_dft3_contribution_then_natural_ntt32_input_bitrev_output
0,2,178,178,178,178,562,low_plus_zeta_high,44,2,12,1,v6,4,twist_branch0,44,-937,2946,12,2,1,-886,2734,plus_omega3_times_d,50,306,178,12,76,44,12,12,v5,4,1,6,v4,6,top_split_then_twist_then_dft3_contribution_then_natural_ntt32_input_bitrev_output
0,2,182,182,182,182,566,low_plus_zeta_high,45,0,13,1,v4,5,twist_branch0,45,1260,1473,13,0,0,-147,1,x0_plus_x1_plus_x2,182,54,310,45,13,77,13,13,v5,5,1,22,v6,6,top_split_then_twist_then_dft3_contribution_then_natural_ntt32_input_bitrev_output
0,2,182,182,182,182,566,low_plus_zeta_high,45,0,13,1,v4,5,twist_branch0,45,1260,1473,13,1,0,-147,1,x0,182,54,310,45,13,77,13,13,v5,5,1,22,v6,6,top_split_then_twist_then_dft3_contribution_then_natural_ntt32_input_bitrev_output
0,2,182,182,182,182,566,low_plus_zeta_high,45,0,13,1,v4,5,twist_branch0,45,1260,1473,13,2,0,-147,1,x0,182,54,310,45,13,77,13,13,v5,5,1,22,v6,6,top_split_then_twist_then_dft3_contribution_then_natural_ntt32_input_bitrev_output
0,2,54,54,54,54,438,low_plus_zeta_high,13,1,13,1,v5,5,twist_branch0,13,8,1458,13,0,0,-147,1,x0_plus_x1_plus_x2,182,54,310,45,13,77,13,13,v5,5,1,22,v6,6,top_split_then_twist_then_dft3_contribution_then_natural_ntt32_input_bitrev_output
0,2,54,54,54,54,438,low_plus_zeta_high,13,1,13,1,v5,5,twist_branch0,13,8,1458,13,1,1,-886,2734,plus_omega3_times_d,182,54,310,45,13,77,13,13,v5,5,1,22,v6,6,top_split_then_twist_then_dft3_contribution_then_natural_ntt32_input_bitrev_output
0,2,54,54,54,54,438,low_plus_zeta_high,13,1,13,1,v5,5,twist_branch0,13,8,1458,13,2,2,1033,722,minus_x1_minus_omega3_times_d,182,54,310,45,13,77,13,13,v5,5,1,22,v6,6,top_split_then_twist_then_dft3_contribution_then_natural_ntt32_input_bitrev_output
0,2,310,310,310,310,694,low_plus_zeta_high,77,2,13,1,v6,5,twist_branch0,77,1401,2107,13,0,0,-147,1,x0_plus_x1_plus_x2,182,54,310,45,13,77,13,13,v5,5,1,22,v6,6,top_split_then_twist_then_dft3_contribution_then_natural_ntt32_input_bitrev_output
0,2,310,310,310,310,694,low_plus_zeta_high,77,2,13,1,v6,5,twist_branch0,77,1401,2107,13,1,2,1033,722,minus_x2_minus_omega3_times_d,182,54,310,45,13,77,13,13,v5,5,1,22,v6,6,top_split_then_twist_then_dft3_contribution_then_natural_ntt32_input_bitrev_output
0,2,310,310,310,310,694,low_plus_zeta_high,77,2,13,1,v6,5,twist_branch0,77,1401,2107,13,2,1,-886,2734,plus_omega3_times_d,182,54,310,45,13,77,13,13,v5,5,1,22,v6,6,top_split_then_twist_then_dft3_contribution_then_natural_ntt32_input_bitrev_output
0,2,314,314,314,314,698,low_plus_zeta_high,78,0,14,1,v4,6,twist_branch0,78,-1028,2782,14,0,0,-147,1,x0_plus_x1_plus_x2,314,186,58,78,46,14,14,14,v5,6,1,14,v5,6,top_split_then_twist_then_dft3_contribution_then_natural_ntt32_input_bitrev_output
0,2,314,314,314,314,698,low_plus_zeta_high,78,0,14,1,v4,6,twist_branch0,78,-1028,2782,14,1,0,-147,1,x0,314,186,58,78,46,14,14,14,v5,6,1,14,v5,6,top_split_then_twist_then_dft3_contribution_then_natural_ntt32_input_bitrev_output
0,2,314,314,314,314,698,low_plus_zeta_high,78,0,14,1,v4,6,twist_branch0,78,-1028,2782,14,2,0,-147,1,x0,314,186,58,78,46,14,14,14,v5,6,1,14,v5,6,top_split_then_twist_then_dft3_contribution_then_natural_ntt32_input_bitrev_output
0,2,186,186,186,186,570,low_plus_zeta_high,46,1,14,1,v5,6,twist_branch0,46,630,2465,14,0,0,-147,1,x0_plus_x1_plus_x2,314,186,58,78,46,14,14,14,v5,6,1,14,v5,6,top_split_then_twist_then_dft3_contribution_then_natural_ntt32_input_bitrev_output
0,2,186,186,186,186,570,low_plus_zeta_high,46,1,14,1,v5,6,twist_branch0,46,630,2465,14,1,1,-886,2734,plus_omega3_times_d,314,186,58,78,46,14,14,14,v5,6,1,14,v5,6,top_split_then_twist_then_dft3_contribution_then_natural_ntt32_input_bitrev_output
0,2,186,186,186,186,570,low_plus_zeta_high,46,1,14,1,v5,6,twist_branch0,46,630,2465,14,2,2,1033,722,minus_x1_minus_omega3_times_d,314,186,58,78,46,14,14,14,v5,6,1,14,v5,6,top_split_then_twist_then_dft3_contribution_then_natural_ntt32_input_bitrev_output
0,2,58,58,58,58,442,low_plus_zeta_high,14,2,14,1,v6,6,twist_branch0,14,4,729,14,0,0,-147,1,x0_plus_x1_plus_x2,314,186,58,78,46,14,14,14,v5,6,1,14,v5,6,top_split_then_twist_then_dft3_contribution_then_natural_ntt32_input_bitrev_output
0,2,58,58,58,58,442,low_plus_zeta_high,14,2,14,1,v6,6,twist_branch0,14,4,729,14,1,2,1033,722,minus_x2_minus_omega3_times_d,314,186,58,78,46,14,14,14,v5,6,1,14,v5,6,top_split_then_twist_then_dft3_contribution_then_natural_ntt32_input_bitrev_output
0,2,58,58,58,58,442,low_plus_zeta_high,14,2,14,1,v6,6,twist_branch0,14,4,729,14,2,1,-886,2734,plus_omega3_times_d,314,186,58,78,46,14,14,14,v5,6,1,14,v5,6,top_split_then_twist_then_dft3_contribution_then_natural_ntt32_input_bitrev_output
0,2,62,62,62,62,446,low_plus_zeta_high,15,0,15,1,v4,7,twist_branch0,15,2,2093,15,0,0,-147,1,x0_plus_x1_plus_x2,62,318,190,15,79,47,15,15,v5,7,1,30,v7,6,top_split_then_twist_then_dft3_contribution_then_natural_ntt32_input_bitrev_output
0,2,62,62,62,62,446,low_plus_zeta_high,15,0,15,1,v4,7,twist_branch0,15,2,2093,15,1,0,-147,1,x0,62,318,190,15,79,47,15,15,v5,7,1,30,v7,6,top_split_then_twist_then_dft3_contribution_then_natural_ntt32_input_bitrev_output
0,2,62,62,62,62,446,low_plus_zeta_high,15,0,15,1,v4,7,twist_branch0,15,2,2093,15,2,0,-147,1,x0,62,318,190,15,79,47,15,15,v5,7,1,30,v7,6,top_split_then_twist_then_dft3_contribution_then_natural_ntt32_input_bitrev_output
0,2,318,318,318,318,702,low_plus_zeta_high,79,1,15,1,v5,7,twist_branch0,79,-514,1391,15,0,0,-147,1,x0_plus_x1_plus_x2,62,318,190,15,79,47,15,15,v5,7,1,30,v7,6,top_split_then_twist_then_dft3_contribution_then_natural_ntt32_input_bitrev_output
0,2,318,318,318,318,702,low_plus_zeta_high,79,1,15,1,v5,7,twist_branch0,79,-514,1391,15,1,1,-886,2734,plus_omega3_times_d,62,318,190,15,79,47,15,15,v5,7,1,30,v7,6,top_split_then_twist_then_dft3_contribution_then_natural_ntt32_input_bitrev_output
0,2,318,318,318,318,702,low_plus_zeta_high,79,1,15,1,v5,7,twist_branch0,79,-514,1391,15,2,2,1033,722,minus_x1_minus_omega3_times_d,62,318,190,15,79,47,15,15,v5,7,1,30,v7,6,top_split_then_twist_then_dft3_contribution_then_natural_ntt32_input_bitrev_output
0,2,190,190,190,190,574,low_plus_zeta_high,47,2,15,1,v6,7,twist_branch0,47,315,2961,15,0,0,-147,1,x0_plus_x1_plus_x2,62,318,190,15,79,47,15,15,v5,7,1,30,v7,6,top_split_then_twist_then_dft3_contribution_then_natural_ntt32_input_bitrev_output
0,2,190,190,190,190,574,low_plus_zeta_high,47,2,15,1,v6,7,twist_branch0,47,315,2961,15,1,2,1033,722,minus_x2_minus_omega3_times_d,62,318,190,15,79,47,15,15,v5,7,1,30,v7,6,top_split_then_twist_then_dft3_contribution_then_natural_ntt32_input_bitrev_output
0,2,190,190,190,190,574,low_plus_zeta_high,47,2,15,1,v6,7,twist_branch0,47,315,2961,15,2,1,-886,2734,plus_omega3_times_d,62,318,190,15,79,47,15,15,v5,7,1,30,v7,6,top_split_then_twist_then_dft3_contribution_then_natural_ntt32_input_bitrev_output
0,2,194,194,194,194,578,low_plus_zeta_high,48,0,16,2,v4,0,twist_branch0,48,-1571,3209,16,0,0,-147,1,x0_plus_x1_plus_x2,194,66,322,48,16,80,16,16,v6,0,2,1,v4,1,top_split_then_twist_then_dft3_contribution_then_natural_ntt32_input_bitrev_output
0,2,194,194,194,194,578,low_plus_zeta_high,48,0,16,2,v4,0,twist_branch0,48,-1571,3209,16,1,0,-147,1,x0,194,66,322,48,16,80,16,16,v6,0,2,1,v4,1,top_split_then_twist_then_dft3_contribution_then_natural_ntt32_input_bitrev_output
0,2,194,194,194,194,578,low_plus_zeta_high,48,0,16,2,v4,0,twist_branch0,48,-1571,3209,16,2,0,-147,1,x0,194,66,322,48,16,80,16,16,v6,0,2,1,v4,1,top_split_then_twist_then_dft3_contribution_then_natural_ntt32_input_bitrev_output
0,2,66,66,66,66,450,low_plus_zeta_high,16,1,16,2,v5,0,twist_branch0,16,1,2775,16,0,0,-147,1,x0_plus_x1_plus_x2,194,66,322,48,16,80,16,16,v6,0,2,1,v4,1,top_split_then_twist_then_dft3_contribution_then_natural_ntt32_input_bitrev_output
0,2,66,66,66,66,450,low_plus_zeta_high,16,1,16,2,v5,0,twist_branch0,16,1,2775,16,1,1,-886,2734,plus_omega3_times_d,194,66,322,48,16,80,16,16,v6,0,2,1,v4,1,top_split_then_twist_then_dft3_contribution_then_natural_ntt32_input_bitrev_output
0,2,66,66,66,66,450,low_plus_zeta_high,16,1,16,2,v5,0,twist_branch0,16,1,2775,16,2,2,1033,722,minus_x1_minus_omega3_times_d,194,66,322,48,16,80,16,16,v6,0,2,1,v4,1,top_split_then_twist_then_dft3_contribution_then_natural_ntt32_input_bitrev_output
0,2,322,322,322,322,706,low_plus_zeta_high,80,2,16,2,v6,0,twist_branch0,80,-257,2424,16,0,0,-147,1,x0_plus_x1_plus_x2,194,66,322,48,16,80,16,16,v6,0,2,1,v4,1,top_split_then_twist_then_dft3_contribution_then_natural_ntt32_input_bitrev_output
0,2,322,322,322,322,706,low_plus_zeta_high,80,2,16,2,v6,0,twist_branch0,80,-257,2424,16,1,2,1033,722,minus_x2_minus_omega3_times_d,194,66,322,48,16,80,16,16,v6,0,2,1,v4,1,top_split_then_twist_then_dft3_contribution_then_natural_ntt32_input_bitrev_output
0,2,322,322,322,322,706,low_plus_zeta_high,80,2,16,2,v6,0,twist_branch0,80,-257,2424,16,2,1,-886,2734,plus_omega3_times_d,194,66,322,48,16,80,16,16,v6,0,2,1,v4,1,top_split_then_twist_then_dft3_contribution_then_natural_ntt32_input_bitrev_output
0,2,326,326,326,326,710,low_plus_zeta_high,81,0,17,2,v4,1,twist_branch0,81,1600,1212,17,0,0,-147,1,x0_plus_x1_plus_x2,326,198,70,81,49,17,17,17,v6,1,2,17,v6,1,top_split_then_twist_then_dft3_contribution_then_natural_ntt32_input_bitrev_output
0,2,326,326,326,326,710,low_plus_zeta_high,81,0,17,2,v4,1,twist_branch0,81,1600,1212,17,1,0,-147,1,x0,326,198,70,81,49,17,17,17,v6,1,2,17,v6,1,top_split_then_twist_then_dft3_contribution_then_natural_ntt32_input_bitrev_output
0,2,326,326,326,326,710,low_plus_zeta_high,81,0,17,2,v4,1,twist_branch0,81,1600,1212,17,2,0,-147,1,x0,326,198,70,81,49,17,17,17,v6,1,2,17,v6,1,top_split_then_twist_then_dft3_contribution_then_natural_ntt32_input_bitrev_output
0,2,198,198,198,198,582,low_plus_zeta_high,49,1,17,2,v5,1,twist_branch0,49,943,3333,17,0,0,-147,1,x0_plus_x1_plus_x2,326,198,70,81,49,17,17,17,v6,1,2,17,v6,1,top_split_then_twist_then_dft3_contribution_then_natural_ntt32_input_bitrev_output
0,2,198,198,198,198,582,low_plus_zeta_high,49,1,17,2,v5,1,twist_branch0,49,943,3333,17,1,1,-886,2734,plus_omega3_times_d,326,198,70,81,49,17,17,17,v6,1,2,17,v6,1,top_split_then_twist_then_dft3_contribution_then_natural_ntt32_input_bitrev_output
0,2,198,198,198,198,582,low_plus_zeta_high,49,1,17,2,v5,1,twist_branch0,49,943,3333,17,2,2,1033,722,minus_x1_minus_omega3_times_d,326,198,70,81,49,17,17,17,v6,1,2,17,v6,1,top_split_then_twist_then_dft3_contribution_then_natural_ntt32_input_bitrev_output
0,2,70,70,70,70,454,low_plus_zeta_high,17,2,17,2,v6,1,twist_branch0,17,-1728,3116,17,0,0,-147,1,x0_plus_x1_plus_x2,326,198,70,81,49,17,17,17,v6,1,2,17,v6,1,top_split_then_twist_then_dft3_contribution_then_natural_ntt32_input_bitrev_output
0,2,70,70,70,70,454,low_plus_zeta_high,17,2,17,2,v6,1,twist_branch0,17,-1728,3116,17,1,2,1033,722,minus_x2_minus_omega3_times_d,326,198,70,81,49,17,17,17,v6,1,2,17,v6,1,top_split_then_twist_then_dft3_contribution_then_natural_ntt32_input_bitrev_output
0,2,70,70,70,70,454,low_plus_zeta_high,17,2,17,2,v6,1,twist_branch0,17,-1728,3116,17,2,1,-886,2734,plus_omega3_times_d,326,198,70,81,49,17,17,17,v6,1,2,17,v6,1,top_split_then_twist_then_dft3_contribution_then_natural_ntt32_input_bitrev_output
0,2,74,74,74,74,458,low_plus_zeta_high,18,0,18,2,v4,2,twist_branch0,18,-864,1558,18,0,0,-147,1,x0_plus_x1_plus_x2,74,330,202,18,82,50,18,18,v6,2,2,9,v5,1,top_split_then_twist_then_dft3_contribution_then_natural_ntt32_input_bitrev_output
0,2,74,74,74,74,458,low_plus_zeta_high,18,0,18,2,v4,2,twist_branch0,18,-864,1558,18,1,0,-147,1,x0,74,330,202,18,82,50,18,18,v6,2,2,9,v5,1,top_split_then_twist_then_dft3_contribution_then_natural_ntt32_input_bitrev_output
0,2,74,74,74,74,458,low_plus_zeta_high,18,0,18,2,v4,2,twist_branch0,18,-864,1558,18,2,0,-147,1,x0,74,330,202,18,82,50,18,18,v6,2,2,9,v5,1,top_split_then_twist_then_dft3_contribution_then_natural_ntt32_input_bitrev_output
0,2,330,330,330,330,714,low_plus_zeta_high,82,1,18,2,v5,2,twist_branch0,82,800,606,18,0,0,-147,1,x0_plus_x1_plus_x2,74,330,202,18,82,50,18,18,v6,2,2,9,v5,1,top_split_then_twist_then_dft3_contribution_then_natural_ntt32_input_bitrev_output
0,2,330,330,330,330,714,low_plus_zeta_high,82,1,18,2,v5,2,twist_branch0,82,800,606,18,1,1,-886,2734,plus_omega3_times_d,74,330,202,18,82,50,18,18,v6,2,2,9,v5,1,top_split_then_twist_then_dft3_contribution_then_natural_ntt32_input_bitrev_output
0,2,330,330,330,330,714,low_plus_zeta_high,82,1,18,2,v5,2,twist_branch0,82,800,606,18,2,2,1033,722,minus_x1_minus_omega3_times_d,74,330,202,18,82,50,18,18,v6,2,2,9,v5,1,top_split_then_twist_then_dft3_contribution_then_natural_ntt32_input_bitrev_output
0,2,202,202,202,202,586,low_plus_zeta_high,50,2,18,2,v6,2,twist_branch0,50,-1257,3395,18,0,0,-147,1,x0_plus_x1_plus_x2,74,330,202,18,82,50,18,18,v6,2,2,9,v5,1,top_split_then_twist_then_dft3_contribution_then_natural_ntt32_input_bitrev_output
0,2,202,202,202,202,586,low_plus_zeta_high,50,2,18,2,v6,2,twist_branch0,50,-1257,3395,18,1,2,1033,722,minus_x2_minus_omega3_times_d,74,330,202,18,82,50,18,18,v6,2,2,9,v5,1,top_split_then_twist_then_dft3_contribution_then_natural_ntt32_input_bitrev_output
0,2,202,202,202,202,586,low_plus_zeta_high,50,2,18,2,v6,2,twist_branch0,50,-1257,3395,18,2,1,-886,2734,plus_omega3_times_d,74,330,202,18,82,50,18,18,v6,2,2,9,v5,1,top_split_then_twist_then_dft3_contribution_then_natural_ntt32_input_bitrev_output
0,2,206,206,206,206,590,low_plus_zeta_high,51,0,19,2,v4,3,twist_branch0,51,1100,3426,19,0,0,-147,1,x0_plus_x1_plus_x2,206,78,334,51,19,83,19,19,v6,3,2,25,v7,1,top_split_then_twist_then_dft3_contribution_then_natural_ntt32_input_bitrev_output
0,2,206,206,206,206,590,low_plus_zeta_high,51,0,19,2,v4,3,twist_branch0,51,1100,3426,19,1,0,-147,1,x0,206,78,334,51,19,83,19,19,v6,3,2,25,v7,1,top_split_then_twist_then_dft3_contribution_then_natural_ntt32_input_bitrev_output
0,2,206,206,206,206,590,low_plus_zeta_high,51,0,19,2,v4,3,twist_branch0,51,1100,3426,19,2,0,-147,1,x0,206,78,334,51,19,83,19,19,v6,3,2,25,v7,1,top_split_then_twist_then_dft3_contribution_then_natural_ntt32_input_bitrev_output
0,2,78,78,78,78,462,low_plus_zeta_high,19,1,19,2,v5,3,twist_branch0,19,-432,779,19,0,0,-147,1,x0_plus_x1_plus_x2,206,78,334,51,19,83,19,19,v6,3,2,25,v7,1,top_split_then_twist_then_dft3_contribution_then_natural_ntt32_input_bitrev_output
0,2,78,78,78,78,462,low_plus_zeta_high,19,1,19,2,v5,3,twist_branch0,19,-432,779,19,1,1,-886,2734,plus_omega3_times_d,206,78,334,51,19,83,19,19,v6,3,2,25,v7,1,top_split_then_twist_then_dft3_contribution_then_natural_ntt32_input_bitrev_output
0,2,78,78,78,78,462,low_plus_zeta_high,19,1,19,2,v5,3,twist_branch0,19,-432,779,19,2,2,1033,722,minus_x1_minus_omega3_times_d,206,78,334,51,19,83,19,19,v6,3,2,25,v7,1,top_split_then_twist_then_dft3_contribution_then_natural_ntt32_input_bitrev_output
0,2,334,334,334,334,718,low_plus_zeta_high,83,2,19,2,v6,3,twist_branch0,83,400,303,19,0,0,-147,1,x0_plus_x1_plus_x2,206,78,334,51,19,83,19,19,v6,3,2,25,v7,1,top_split_then_twist_then_dft3_contribution_then_natural_ntt32_input_bitrev_output
0,2,334,334,334,334,718,low_plus_zeta_high,83,2,19,2,v6,3,twist_branch0,83,400,303,19,1,2,1033,722,minus_x2_minus_omega3_times_d,206,78,334,51,19,83,19,19,v6,3,2,25,v7,1,top_split_then_twist_then_dft3_contribution_then_natural_ntt32_input_bitrev_output
0,2,334,334,334,334,718,low_plus_zeta_high,83,2,19,2,v6,3,twist_branch0,83,400,303,19,2,1,-886,2734,plus_omega3_times_d,206,78,334,51,19,83,19,19,v6,3,2,25,v7,1,top_split_then_twist_then_dft3_contribution_then_natural_ntt32_input_bitrev_output
0,2,338,338,338,338,722,low_plus_zeta_high,84,0,20,2,v4,4,twist_branch0,84,200,1880,20,0,0,-147,1,x0_plus_x1_plus_x2,338,210,82,84,52,20,20,20,v6,4,2,5,v4,5,top_split_then_twist_then_dft3_contribution_then_natural_ntt32_input_bitrev_output
0,2,338,338,338,338,722,low_plus_zeta_high,84,0,20,2,v4,4,twist_branch0,84,200,1880,20,1,0,-147,1,x0,338,210,82,84,52,20,20,20,v6,4,2,5,v4,5,top_split_then_twist_then_dft3_contribution_then_natural_ntt32_input_bitrev_output
0,2,338,338,338,338,722,low_plus_zeta_high,84,0,20,2,v4,4,twist_branch0,84,200,1880,20,2,0,-147,1,x0,338,210,82,84,52,20,20,20,v6,4,2,5,v4,5,top_split_then_twist_then_dft3_contribution_then_natural_ntt32_input_bitrev_output
0,2,210,210,210,210,594,low_plus_zeta_high,52,1,20,2,v5,4,twist_branch0,52,550,1713,20,0,0,-147,1,x0_plus_x1_plus_x2,338,210,82,84,52,20,20,20,v6,4,2,5,v4,5,top_split_then_twist_then_dft3_contribution_then_natural_ntt32_input_bitrev_output
0,2,210,210,210,210,594,low_plus_zeta_high,52,1,20,2,v5,4,twist_branch0,52,550,1713,20,1,1,-886,2734,plus_omega3_times_d,338,210,82,84,52,20,20,20,v6,4,2,5,v4,5,top_split_then_twist_then_dft3_contribution_then_natural_ntt32_input_bitrev_output
0,2,210,210,210,210,594,low_plus_zeta_high,52,1,20,2,v5,4,twist_branch0,52,550,1713,20,2,2,1033,722,minus_x1_minus_omega3_times_d,338,210,82,84,52,20,20,20,v6,4,2,5,v4,5,top_split_then_twist_then_dft3_contribution_then_natural_ntt32_input_bitrev_output
0,2,82,82,82,82,466,low_plus_zeta_high,20,2,20,2,v6,4,twist_branch0,20,-216,2118,20,0,0,-147,1,x0_plus_x1_plus_x2,338,210,82,84,52,20,20,20,v6,4,2,5,v4,5,top_split_then_twist_then_dft3_contribution_then_natural_ntt32_input_bitrev_output
0,2,82,82,82,82,466,low_plus_zeta_high,20,2,20,2,v6,4,twist_branch0,20,-216,2118,20,1,2,1033,722,minus_x2_minus_omega3_times_d,338,210,82,84,52,20,20,20,v6,4,2,5,v4,5,top_split_then_twist_then_dft3_contribution_then_natural_ntt32_input_bitrev_output
0,2,82,82,82,82,466,low_plus_zeta_high,20,2,20,2,v6,4,twist_branch0,20,-216,2118,20,2,1,-886,2734,plus_omega3_times_d,338,210,82,84,52,20,20,20,v6,4,2,5,v4,5,top_split_then_twist_then_dft3_contribution_then_natural_ntt32_input_bitrev_output
0,2,86,86,86,86,470,low_plus_zeta_high,21,0,21,2,v4,5,twist_branch0,21,-108,1059,21,0,0,-147,1,x0_plus_x1_plus_x2,86,342,214,21,85,53,21,21,v6,5,2,21,v6,5,top_split_then_twist_then_dft3_contribution_then_natural_ntt32_input_bitrev_output
0,2,86,86,86,86,470,low_plus_zeta_high,21,0,21,2,v4,5,twist_branch0,21,-108,1059,21,1,0,-147,1,x0,86,342,214,21,85,53,21,21,v6,5,2,21,v6,5,top_split_then_twist_then_dft3_contribution_then_natural_ntt32_input_bitrev_output
0,2,86,86,86,86,470,low_plus_zeta_high,21,0,21,2,v4,5,twist_branch0,21,-108,1059,21,2,0,-147,1,x0,86,342,214,21,85,53,21,21,v6,5,2,21,v6,5,top_split_then_twist_then_dft3_contribution_then_natural_ntt32_input_bitrev_output
0,2,342,342,342,342,726,low_plus_zeta_high,85,1,21,2,v5,5,twist_branch0,85,100,940,21,0,0,-147,1,x0_plus_x1_plus_x2,86,342,214,21,85,53,21,21,v6,5,2,21,v6,5,top_split_then_twist_then_dft3_contribution_then_natural_ntt32_input_bitrev_output
0,2,342,342,342,342,726,low_plus_zeta_high,85,1,21,2,v5,5,twist_branch0,85,100,940,21,1,1,-886,2734,plus_omega3_times_d,86,342,214,21,85,53,21,21,v6,5,2,21,v6,5,top_split_then_twist_then_dft3_contribution_then_natural_ntt32_input_bitrev_output
0,2,342,342,342,342,726,low_plus_zeta_high,85,1,21,2,v5,5,twist_branch0,85,100,940,21,2,2,1033,722,minus_x1_minus_omega3_times_d,86,342,214,21,85,53,21,21,v6,5,2,21,v6,5,top_split_then_twist_then_dft3_contribution_then_natural_ntt32_input_bitrev_output
0,2,214,214,214,214,598,low_plus_zeta_high,53,2,21,2,v6,5,twist_branch0,53,275,2585,21,0,0,-147,1,x0_plus_x1_plus_x2,86,342,214,21,85,53,21,21,v6,5,2,21,v6,5,top_split_then_twist_then_dft3_contribution_then_natural_ntt32_input_bitrev_output
0,2,214,214,214,214,598,low_plus_zeta_high,53,2,21,2,v6,5,twist_branch0,53,275,2585,21,1,2,1033,722,minus_x2_minus_omega3_times_d,86,342,214,21,85,53,21,21,v6,5,2,21,v6,5,top_split_then_twist_then_dft3_contribution_then_natural_ntt32_input_bitrev_output
0,2,214,214,214,214,598,low_plus_zeta_high,53,2,21,2,v6,5,twist_branch0,53,275,2585,21,2,1,-886,2734,plus_omega3_times_d,86,342,214,21,85,53,21,21,v6,5,2,21,v6,5,top_split_then_twist_then_dft3_contribution_then_natural_ntt32_input_bitrev_output
0,2,218,218,218,218,602,low_plus_zeta_high,54,0,22,2,v4,6,twist_branch0,54,-1591,3021,22,0,0,-147,1,x0_plus_x1_plus_x2,218,90,346,54,22,86,22,22,v6,6,2,13,v5,5,top_split_then_twist_then_dft3_contribution_then_natural_ntt32_input_bitrev_output
0,2,218,218,218,218,602,low_plus_zeta_high,54,0,22,2,v4,6,twist_branch0,54,-1591,3021,22,1,0,-147,1,x0,218,90,346,54,22,86,22,22,v6,6,2,13,v5,5,top_split_then_twist_then_dft3_contribution_then_natural_ntt32_input_bitrev_output
0,2,218,218,218,218,602,low_plus_zeta_high,54,0,22,2,v4,6,twist_branch0,54,-1591,3021,22,2,0,-147,1,x0,218,90,346,54,22,86,22,22,v6,6,2,13,v5,5,top_split_then_twist_then_dft3_contribution_then_natural_ntt32_input_bitrev_output
0,2,90,90,90,90,474,low_plus_zeta_high,22,1,22,2,v5,6,twist_branch0,22,-54,2258,22,0,0,-147,1,x0_plus_x1_plus_x2,218,90,346,54,22,86,22,22,v6,6,2,13,v5,5,top_split_then_twist_then_dft3_contribution_then_natural_ntt32_input_bitrev_output
0,2,90,90,90,90,474,low_plus_zeta_high,22,1,22,2,v5,6,twist_branch0,22,-54,2258,22,1,1,-886,2734,plus_omega3_times_d,218,90,346,54,22,86,22,22,v6,6,2,13,v5,5,top_split_then_twist_then_dft3_contribution_then_natural_ntt32_input_bitrev_output
0,2,90,90,90,90,474,low_plus_zeta_high,22,1,22,2,v5,6,twist_branch0,22,-54,2258,22,2,2,1033,722,minus_x1_minus_omega3_times_d,218,90,346,54,22,86,22,22,v6,6,2,13,v5,5,top_split_then_twist_then_dft3_contribution_then_natural_ntt32_input_bitrev_output
0,2,346,346,346,346,730,low_plus_zeta_high,86,2,22,2,v6,6,twist_branch0,86,50,470,22,0,0,-147,1,x0_plus_x1_plus_x2,218,90,346,54,22,86,22,22,v6,6,2,13,v5,5,top_split_then_twist_then_dft3_contribution_then_natural_ntt32_input_bitrev_output
0,2,346,346,346,346,730,low_plus_zeta_high,86,2,22,2,v6,6,twist_branch0,86,50,470,22,1,2,1033,722,minus_x2_minus_omega3_times_d,218,90,346,54,22,86,22,22,v6,6,2,13,v5,5,top_split_then_twist_then_dft3_contribution_then_natural_ntt32_input_bitrev_output
0,2,346,346,346,346,730,low_plus_zeta_high,86,2,22,2,v6,6,twist_branch0,86,50,470,22,2,1,-886,2734,plus_omega3_times_d,218,90,346,54,22,86,22,22,v6,6,2,13,v5,5,top_split_then_twist_then_dft3_contribution_then_natural_ntt32_input_bitrev_output
0,2,350,350,350,350,734,low_plus_zeta_high,87,0,23,2,v4,7,twist_branch0,87,25,235,23,0,0,-147,1,x0_plus_x1_plus_x2,350,222,94,87,55,23,23,23,v6,7,2,29,v7,5,top_split_then_twist_then_dft3_contribution_then_natural_ntt32_input_bitrev_output
0,2,350,350,350,350,734,low_plus_zeta_high,87,0,23,2,v4,7,twist_branch0,87,25,235,23,1,0,-147,1,x0,350,222,94,87,55,23,23,23,v6,7,2,29,v7,5,top_split_then_twist_then_dft3_contribution_then_natural_ntt32_input_bitrev_output
0,2,350,350,350,350,734,low_plus_zeta_high,87,0,23,2,v4,7,twist_branch0,87,25,235,23,2,0,-147,1,x0,350,222,94,87,55,23,23,23,v6,7,2,29,v7,5,top_split_then_twist_then_dft3_contribution_then_natural_ntt32_input_bitrev_output
0,2,222,222,222,222,606,low_plus_zeta_high,55,1,23,2,v5,7,twist_branch0,55,933,3239,23,0,0,-147,1,x0_plus_x1_plus_x2,350,222,94,87,55,23,23,23,v6,7,2,29,v7,5,top_split_then_twist_then_dft3_contribution_then_natural_ntt32_input_bitrev_output
0,2,222,222,222,222,606,low_plus_zeta_high,55,1,23,2,v5,7,twist_branch0,55,933,3239,23,1,1,-886,2734,plus_omega3_times_d,350,222,94,87,55,23,23,23,v6,7,2,29,v7,5,top_split_then_twist_then_dft3_contribution_then_natural_ntt32_input_bitrev_output
0,2,222,222,222,222,606,low_plus_zeta_high,55,1,23,2,v5,7,twist_branch0,55,933,3239,23,2,2,1033,722,minus_x1_minus_omega3_times_d,350,222,94,87,55,23,23,23,v6,7,2,29,v7,5,top_split_then_twist_then_dft3_contribution_then_natural_ntt32_input_bitrev_output
0,2,94,94,94,94,478,low_plus_zeta_high,23,2,23,2,v6,7,twist_branch0,23,-27,1129,23,0,0,-147,1,x0_plus_x1_plus_x2,350,222,94,87,55,23,23,23,v6,7,2,29,v7,5,top_split_then_twist_then_dft3_contribution_then_natural_ntt32_input_bitrev_output
0,2,94,94,94,94,478,low_plus_zeta_high,23,2,23,2,v6,7,twist_branch0,23,-27,1129,23,1,2,1033,722,minus_x2_minus_omega3_times_d,350,222,94,87,55,23,23,23,v6,7,2,29,v7,5,top_split_then_twist_then_dft3_contribution_then_natural_ntt32_input_bitrev_output
0,2,94,94,94,94,478,low_plus_zeta_high,23,2,23,2,v6,7,twist_branch0,23,-27,1129,23,2,1,-886,2734,plus_omega3_times_d,350,222,94,87,55,23,23,23,v6,7,2,29,v7,5,top_split_then_twist_then_dft3_contribution_then_natural_ntt32_input_bitrev_output
0,2,98,98,98,98,482,low_plus_zeta_high,24,0,24,3,v4,0,twist_branch0,24,1715,2293,24,0,0,-147,1,x0_plus_x1_plus_x2,98,354,226,24,88,56,24,24,v7,0,3,3,v4,3,top_split_then_twist_then_dft3_contribution_then_natural_ntt32_input_bitrev_output
0,2,98,98,98,98,482,low_plus_zeta_high,24,0,24,3,v4,0,twist_branch0,24,1715,2293,24,1,0,-147,1,x0,98,354,226,24,88,56,24,24,v7,0,3,3,v4,3,top_split_then_twist_then_dft3_contribution_then_natural_ntt32_input_bitrev_output
0,2,98,98,98,98,482,low_plus_zeta_high,24,0,24,3,v4,0,twist_branch0,24,1715,2293,24,2,0,-147,1,x0,98,354,226,24,88,56,24,24,v7,0,3,3,v4,3,top_split_then_twist_then_dft3_contribution_then_natural_ntt32_input_bitrev_output
0,2,354,354,354,354,738,low_plus_zeta_high,88,1,24,3,v5,0,twist_branch0,88,-1716,1846,24,0,0,-147,1,x0_plus_x1_plus_x2,98,354,226,24,88,56,24,24,v7,0,3,3,v4,3,top_split_then_twist_then_dft3_contribution_then_natural_ntt32_input_bitrev_output
0,2,354,354,354,354,738,low_plus_zeta_high,88,1,24,3,v5,0,twist_branch0,88,-1716,1846,24,1,1,-886,2734,plus_omega3_times_d,98,354,226,24,88,56,24,24,v7,0,3,3,v4,3,top_split_then_twist_then_dft3_contribution_then_natural_ntt32_input_bitrev_output
0,2,354,354,354,354,738,low_plus_zeta_high,88,1,24,3,v5,0,twist_branch0,88,-1716,1846,24,2,2,1033,722,minus_x1_minus_omega3_times_d,98,354,226,24,88,56,24,24,v7,0,3,3,v4,3,top_split_then_twist_then_dft3_contribution_then_natural_ntt32_input_bitrev_output
0,2,226,226,226,226,610,low_plus_zeta_high,56,2,24,3,v6,0,twist_branch0,56,-1262,3348,24,0,0,-147,1,x0_plus_x1_plus_x2,98,354,226,24,88,56,24,24,v7,0,3,3,v4,3,top_split_then_twist_then_dft3_contribution_then_natural_ntt32_input_bitrev_output
0,2,226,226,226,226,610,low_plus_zeta_high,56,2,24,3,v6,0,twist_branch0,56,-1262,3348,24,1,2,1033,722,minus_x2_minus_omega3_times_d,98,354,226,24,88,56,24,24,v7,0,3,3,v4,3,top_split_then_twist_then_dft3_contribution_then_natural_ntt32_input_bitrev_output
0,2,226,226,226,226,610,low_plus_zeta_high,56,2,24,3,v6,0,twist_branch0,56,-1262,3348,24,2,1,-886,2734,plus_omega3_times_d,98,354,226,24,88,56,24,24,v7,0,3,3,v4,3,top_split_then_twist_then_dft3_contribution_then_natural_ntt32_input_bitrev_output
0,2,230,230,230,230,614,low_plus_zeta_high,57,0,25,3,v4,1,twist_branch0,57,-631,1674,25,0,0,-147,1,x0_plus_x1_plus_x2,230,102,358,57,25,89,25,25,v7,1,3,19,v6,3,top_split_then_twist_then_dft3_contribution_then_natural_ntt32_input_bitrev_output
0,2,230,230,230,230,614,low_plus_zeta_high,57,0,25,3,v4,1,twist_branch0,57,-631,1674,25,1,0,-147,1,x0,230,102,358,57,25,89,25,25,v7,1,3,19,v6,3,top_split_then_twist_then_dft3_contribution_then_natural_ntt32_input_bitrev_output
0,2,230,230,230,230,614,low_plus_zeta_high,57,0,25,3,v4,1,twist_branch0,57,-631,1674,25,2,0,-147,1,x0,230,102,358,57,25,89,25,25,v7,1,3,19,v6,3,top_split_then_twist_then_dft3_contribution_then_natural_ntt32_input_bitrev_output
0,2,102,102,102,102,486,low_plus_zeta_high,25,1,25,3,v5,1,twist_branch0,25,-871,2875,25,0,0,-147,1,x0_plus_x1_plus_x2,230,102,358,57,25,89,25,25,v7,1,3,19,v6,3,top_split_then_twist_then_dft3_contribution_then_natural_ntt32_input_bitrev_output
0,2,102,102,102,102,486,low_plus_zeta_high,25,1,25,3,v5,1,twist_branch0,25,-871,2875,25,1,1,-886,2734,plus_omega3_times_d,230,102,358,57,25,89,25,25,v7,1,3,19,v6,3,top_split_then_twist_then_dft3_contribution_then_natural_ntt32_input_bitrev_output
0,2,102,102,102,102,486,low_plus_zeta_high,25,1,25,3,v5,1,twist_branch0,25,-871,2875,25,2,2,1033,722,minus_x1_minus_omega3_times_d,230,102,358,57,25,89,25,25,v7,1,3,19,v6,3,top_split_then_twist_then_dft3_contribution_then_natural_ntt32_input_bitrev_output
0,2,358,358,358,358,742,low_plus_zeta_high,89,2,25,3,v6,1,twist_branch0,89,-858,923,25,0,0,-147,1,x0_plus_x1_plus_x2,230,102,358,57,25,89,25,25,v7,1,3,19,v6,3,top_split_then_twist_then_dft3_contribution_then_natural_ntt32_input_bitrev_output
0,2,358,358,358,358,742,low_plus_zeta_high,89,2,25,3,v6,1,twist_branch0,89,-858,923,25,1,2,1033,722,minus_x2_minus_omega3_times_d,230,102,358,57,25,89,25,25,v7,1,3,19,v6,3,top_split_then_twist_then_dft3_contribution_then_natural_ntt32_input_bitrev_output
0,2,358,358,358,358,742,low_plus_zeta_high,89,2,25,3,v6,1,twist_branch0,89,-858,923,25,2,1,-886,2734,plus_omega3_times_d,230,102,358,57,25,89,25,25,v7,1,3,19,v6,3,top_split_then_twist_then_dft3_contribution_then_natural_ntt32_input_bitrev_output
0,2,362,362,362,362,746,low_plus_zeta_high,90,0,26,3,v4,2,twist_branch0,90,-429,2190,26,0,0,-147,1,x0_plus_x1_plus_x2,362,234,106,90,58,26,26,26,v7,2,3,11,v5,3,top_split_then_twist_then_dft3_contribution_then_natural_ntt32_input_bitrev_output
0,2,362,362,362,362,746,low_plus_zeta_high,90,0,26,3,v4,2,twist_branch0,90,-429,2190,26,1,0,-147,1,x0,362,234,106,90,58,26,26,26,v7,2,3,11,v5,3,top_split_then_twist_then_dft3_contribution_then_natural_ntt32_input_bitrev_output
0,2,362,362,362,362,746,low_plus_zeta_high,90,0,26,3,v4,2,twist_branch0,90,-429,2190,26,2,0,-147,1,x0,362,234,106,90,58,26,26,26,v7,2,3,11,v5,3,top_split_then_twist_then_dft3_contribution_then_natural_ntt32_input_bitrev_output
0,2,234,234,234,234,618,low_plus_zeta_high,58,1,26,3,v5,2,twist_branch0,58,1413,837,26,0,0,-147,1,x0_plus_x1_plus_x2,362,234,106,90,58,26,26,26,v7,2,3,11,v5,3,top_split_then_twist_then_dft3_contribution_then_natural_ntt32_input_bitrev_output
0,2,234,234,234,234,618,low_plus_zeta_high,58,1,26,3,v5,2,twist_branch0,58,1413,837,26,1,1,-886,2734,plus_omega3_times_d,362,234,106,90,58,26,26,26,v7,2,3,11,v5,3,top_split_then_twist_then_dft3_contribution_then_natural_ntt32_input_bitrev_output
0,2,234,234,234,234,618,low_plus_zeta_high,58,1,26,3,v5,2,twist_branch0,58,1413,837,26,2,2,1033,722,minus_x1_minus_omega3_times_d,362,234,106,90,58,26,26,26,v7,2,3,11,v5,3,top_split_then_twist_then_dft3_contribution_then_natural_ntt32_input_bitrev_output
0,2,106,106,106,106,490,low_plus_zeta_high,26,2,26,3,v6,2,twist_branch0,26,1293,3166,26,0,0,-147,1,x0_plus_x1_plus_x2,362,234,106,90,58,26,26,26,v7,2,3,11,v5,3,top_split_then_twist_then_dft3_contribution_then_natural_ntt32_input_bitrev_output
0,2,106,106,106,106,490,low_plus_zeta_high,26,2,26,3,v6,2,twist_branch0,26,1293,3166,26,1,2,1033,722,minus_x2_minus_omega3_times_d,362,234,106,90,58,26,26,26,v7,2,3,11,v5,3,top_split_then_twist_then_dft3_contribution_then_natural_ntt32_input_bitrev_output
0,2,106,106,106,106,490,low_plus_zeta_high,26,2,26,3,v6,2,twist_branch0,26,1293,3166,26,2,1,-886,2734,plus_omega3_times_d,362,234,106,90,58,26,26,26,v7,2,3,11,v5,3,top_split_then_twist_then_dft3_contribution_then_natural_ntt32_input_bitrev_output
0,2,110,110,110,110,494,low_plus_zeta_high,27,0,27,3,v4,3,twist_branch0,27,-1082,1583,27,0,0,-147,1,x0_plus_x1_plus_x2,110,366,238,27,91,59,27,27,v7,3,3,27,v7,3,top_split_then_twist_then_dft3_contribution_then_natural_ntt32_input_bitrev_output
0,2,110,110,110,110,494,low_plus_zeta_high,27,0,27,3,v4,3,twist_branch0,27,-1082,1583,27,1,0,-147,1,x0,110,366,238,27,91,59,27,27,v7,3,3,27,v7,3,top_split_then_twist_then_dft3_contribution_then_natural_ntt32_input_bitrev_output
0,2,110,110,110,110,494,low_plus_zeta_high,27,0,27,3,v4,3,twist_branch0,27,-1082,1583,27,2,0,-147,1,x0,110,366,238,27,91,59,27,27,v7,3,3,27,v7,3,top_split_then_twist_then_dft3_contribution_then_natural_ntt32_input_bitrev_output
0,2,366,366,366,366,750,low_plus_zeta_high,91,1,27,3,v5,3,twist_branch0,91,1514,1095,27,0,0,-147,1,x0_plus_x1_plus_x2,110,366,238,27,91,59,27,27,v7,3,3,27,v7,3,top_split_then_twist_then_dft3_contribution_then_natural_ntt32_input_bitrev_output
0,2,366,366,366,366,750,low_plus_zeta_high,91,1,27,3,v5,3,twist_branch0,91,1514,1095,27,1,1,-886,2734,plus_omega3_times_d,110,366,238,27,91,59,27,27,v7,3,3,27,v7,3,top_split_then_twist_then_dft3_contribution_then_natural_ntt32_input_bitrev_output
0,2,366,366,366,366,750,low_plus_zeta_high,91,1,27,3,v5,3,twist_branch0,91,1514,1095,27,2,2,1033,722,minus_x1_minus_omega3_times_d,110,366,238,27,91,59,27,27,v7,3,3,27,v7,3,top_split_then_twist_then_dft3_contribution_then_natural_ntt32_input_bitrev_output
0,2,238,238,238,238,622,low_plus_zeta_high,59,2,27,3,v6,3,twist_branch0,59,-1022,2147,27,0,0,-147,1,x0_plus_x1_plus_x2,110,366,238,27,91,59,27,27,v7,3,3,27,v7,3,top_split_then_twist_then_dft3_contribution_then_natural_ntt32_input_bitrev_output
0,2,238,238,238,238,622,low_plus_zeta_high,59,2,27,3,v6,3,twist_branch0,59,-1022,2147,27,1,2,1033,722,minus_x2_minus_omega3_times_d,110,366,238,27,91,59,27,27,v7,3,3,27,v7,3,top_split_then_twist_then_dft3_contribution_then_natural_ntt32_input_bitrev_output
0,2,238,238,238,238,622,low_plus_zeta_high,59,2,27,3,v6,3,twist_branch0,59,-1022,2147,27,2,1,-886,2734,plus_omega3_times_d,110,366,238,27,91,59,27,27,v7,3,3,27,v7,3,top_split_then_twist_then_dft3_contribution_then_natural_ntt32_input_bitrev_output
0,2,242,242,242,242,626,low_plus_zeta_high,60,0,28,3,v4,4,twist_branch0,60,-511,2802,28,0,0,-147,1,x0_plus_x1_plus_x2,242,114,370,60,28,92,28,28,v7,4,3,7,v4,7,top_split_then_twist_then_dft3_contribution_then_natural_ntt32_input_bitrev_output
0,2,242,242,242,242,626,low_plus_zeta_high,60,0,28,3,v4,4,twist_branch0,60,-511,2802,28,1,0,-147,1,x0,242,114,370,60,28,92,28,28,v7,4,3,7,v4,7,top_split_then_twist_then_dft3_contribution_then_natural_ntt32_input_bitrev_output
0,2,242,242,242,242,626,low_plus_zeta_high,60,0,28,3,v4,4,twist_branch0,60,-511,2802,28,2,0,-147,1,x0,242,114,370,60,28,92,28,28,v7,4,3,7,v4,7,top_split_then_twist_then_dft3_contribution_then_natural_ntt32_input_bitrev_output
0,2,114,114,114,114,498,low_plus_zeta_high,28,1,28,3,v5,4,twist_branch0,28,-541,2520,28,0,0,-147,1,x0_plus_x1_plus_x2,242,114,370,60,28,92,28,28,v7,4,3,7,v4,7,top_split_then_twist_then_dft3_contribution_then_natural_ntt32_input_bitrev_output
0,2,114,114,114,114,498,low_plus_zeta_high,28,1,28,3,v5,4,twist_branch0,28,-541,2520,28,1,1,-886,2734,plus_omega3_times_d,242,114,370,60,28,92,28,28,v7,4,3,7,v4,7,top_split_then_twist_then_dft3_contribution_then_natural_ntt32_input_bitrev_output
0,2,114,114,114,114,498,low_plus_zeta_high,28,1,28,3,v5,4,twist_branch0,28,-541,2520,28,2,2,1033,722,minus_x1_minus_omega3_times_d,242,114,370,60,28,92,28,28,v7,4,3,7,v4,7,top_split_then_twist_then_dft3_contribution_then_natural_ntt32_input_bitrev_output
0,2,370,370,370,370,754,low_plus_zeta_high,92,2,28,3,v6,4,twist_branch0,92,757,2276,28,0,0,-147,1,x0_plus_x1_plus_x2,242,114,370,60,28,92,28,28,v7,4,3,7,v4,7,top_split_then_twist_then_dft3_contribution_then_natural_ntt32_input_bitrev_output
0,2,370,370,370,370,754,low_plus_zeta_high,92,2,28,3,v6,4,twist_branch0,92,757,2276,28,1,2,1033,722,minus_x2_minus_omega3_times_d,242,114,370,60,28,92,28,28,v7,4,3,7,v4,7,top_split_then_twist_then_dft3_contribution_then_natural_ntt32_input_bitrev_output
0,2,370,370,370,370,754,low_plus_zeta_high,92,2,28,3,v6,4,twist_branch0,92,757,2276,28,2,1,-886,2734,plus_omega3_times_d,242,114,370,60,28,92,28,28,v7,4,3,7,v4,7,top_split_then_twist_then_dft3_contribution_then_natural_ntt32_input_bitrev_output
0,2,374,374,374,374,758,low_plus_zeta_high,93,0,29,3,v4,5,twist_branch0,93,-1350,1138,29,0,0,-147,1,x0_plus_x1_plus_x2,374,246,118,93,61,29,29,29,v7,5,3,23,v6,7,top_split_then_twist_then_dft3_contribution_then_natural_ntt32_input_bitrev_output
0,2,374,374,374,374,758,low_plus_zeta_high,93,0,29,3,v4,5,twist_branch0,93,-1350,1138,29,1,0,-147,1,x0,374,246,118,93,61,29,29,29,v7,5,3,23,v6,7,top_split_then_twist_then_dft3_contribution_then_natural_ntt32_input_bitrev_output
0,2,374,374,374,374,758,low_plus_zeta_high,93,0,29,3,v4,5,twist_branch0,93,-1350,1138,29,2,0,-147,1,x0,374,246,118,93,61,29,29,29,v7,5,3,23,v6,7,top_split_then_twist_then_dft3_contribution_then_natural_ntt32_input_bitrev_output
0,2,246,246,246,246,630,low_plus_zeta_high,61,1,29,3,v5,5,twist_branch0,61,1473,1401,29,0,0,-147,1,x0_plus_x1_plus_x2,374,246,118,93,61,29,29,29,v7,5,3,23,v6,7,top_split_then_twist_then_dft3_contribution_then_natural_ntt32_input_bitrev_output
0,2,246,246,246,246,630,low_plus_zeta_high,61,1,29,3,v5,5,twist_branch0,61,1473,1401,29,1,1,-886,2734,plus_omega3_times_d,374,246,118,93,61,29,29,29,v7,5,3,23,v6,7,top_split_then_twist_then_dft3_contribution_then_natural_ntt32_input_bitrev_output
0,2,246,246,246,246,630,low_plus_zeta_high,61,1,29,3,v5,5,twist_branch0,61,1473,1401,29,2,2,1033,722,minus_x1_minus_omega3_times_d,374,246,118,93,61,29,29,29,v7,5,3,23,v6,7,top_split_then_twist_then_dft3_contribution_then_natural_ntt32_input_bitrev_output
0,2,118,118,118,118,502,low_plus_zeta_high,29,2,29,3,v6,5,twist_branch0,29,1458,1260,29,0,0,-147,1,x0_plus_x1_plus_x2,374,246,118,93,61,29,29,29,v7,5,3,23,v6,7,top_split_then_twist_then_dft3_contribution_then_natural_ntt32_input_bitrev_output
0,2,118,118,118,118,502,low_plus_zeta_high,29,2,29,3,v6,5,twist_branch0,29,1458,1260,29,1,2,1033,722,minus_x2_minus_omega3_times_d,374,246,118,93,61,29,29,29,v7,5,3,23,v6,7,top_split_then_twist_then_dft3_contribution_then_natural_ntt32_input_bitrev_output
0,2,118,118,118,118,502,low_plus_zeta_high,29,2,29,3,v6,5,twist_branch0,29,1458,1260,29,2,1,-886,2734,plus_omega3_times_d,374,246,118,93,61,29,29,29,v7,5,3,23,v6,7,top_split_then_twist_then_dft3_contribution_then_natural_ntt32_input_bitrev_output
0,2,122,122,122,122,506,low_plus_zeta_high,30,0,30,3,v4,6,twist_branch0,30,729,630,30,0,0,-147,1,x0_plus_x1_plus_x2,122,378,250,30,94,62,30,30,v7,6,3,15,v5,7,top_split_then_twist_then_dft3_contribution_then_natural_ntt32_input_bitrev_output
0,2,122,122,122,122,506,low_plus_zeta_high,30,0,30,3,v4,6,twist_branch0,30,729,630,30,1,0,-147,1,x0,122,378,250,30,94,62,30,30,v7,6,3,15,v5,7,top_split_then_twist_then_dft3_contribution_then_natural_ntt32_input_bitrev_output
0,2,122,122,122,122,506,low_plus_zeta_high,30,0,30,3,v4,6,twist_branch0,30,729,630,30,2,0,-147,1,x0,122,378,250,30,94,62,30,30,v7,6,3,15,v5,7,top_split_then_twist_then_dft3_contribution_then_natural_ntt32_input_bitrev_output
0,2,378,378,378,378,762,low_plus_zeta_high,94,1,30,3,v5,6,twist_branch0,94,-675,569,30,0,0,-147,1,x0_plus_x1_plus_x2,122,378,250,30,94,62,30,30,v7,6,3,15,v5,7,top_split_then_twist_then_dft3_contribution_then_natural_ntt32_input_bitrev_output
0,2,378,378,378,378,762,low_plus_zeta_high,94,1,30,3,v5,6,twist_branch0,94,-675,569,30,1,1,-886,2734,plus_omega3_times_d,122,378,250,30,94,62,30,30,v7,6,3,15,v5,7,top_split_then_twist_then_dft3_contribution_then_natural_ntt32_input_bitrev_output
0,2,378,378,378,378,762,low_plus_zeta_high,94,1,30,3,v5,6,twist_branch0,94,-675,569,30,2,2,1033,722,minus_x1_minus_omega3_times_d,122,378,250,30,94,62,30,30,v7,6,3,15,v5,7,top_split_then_twist_then_dft3_contribution_then_natural_ntt32_input_bitrev_output
0,2,250,250,250,250,634,low_plus_zeta_high,62,2,30,3,v6,6,twist_branch0,62,-992,2429,30,0,0,-147,1,x0_plus_x1_plus_x2,122,378,250,30,94,62,30,30,v7,6,3,15,v5,7,top_split_then_twist_then_dft3_contribution_then_natural_ntt32_input_bitrev_output
0,2,250,250,250,250,634,low_plus_zeta_high,62,2,30,3,v6,6,twist_branch0,62,-992,2429,30,1,2,1033,722,minus_x2_minus_omega3_times_d,122,378,250,30,94,62,30,30,v7,6,3,15,v5,7,top_split_then_twist_then_dft3_contribution_then_natural_ntt32_input_bitrev_output
0,2,250,250,250,250,634,low_plus_zeta_high,62,2,30,3,v6,6,twist_branch0,62,-992,2429,30,2,1,-886,2734,plus_omega3_times_d,122,378,250,30,94,62,30,30,v7,6,3,15,v5,7,top_split_then_twist_then_dft3_contribution_then_natural_ntt32_input_bitrev_output
0,2,254,254,254,254,638,low_plus_zeta_high,63,0,31,3,v4,7,twist_branch0,63,-496,2943,31,0,0,-147,1,x0_plus_x1_plus_x2,254,126,382,63,31,95,31,31,v7,7,3,31,v7,7,top_split_then_twist_then_dft3_contribution_then_natural_ntt32_input_bitrev_output
0,2,254,254,254,254,638,low_plus_zeta_high,63,0,31,3,v4,7,twist_branch0,63,-496,2943,31,1,0,-147,1,x0,254,126,382,63,31,95,31,31,v7,7,3,31,v7,7,top_split_then_twist_then_dft3_contribution_then_natural_ntt32_input_bitrev_output
0,2,254,254,254,254,638,low_plus_zeta_high,63,0,31,3,v4,7,twist_branch0,63,-496,2943,31,2,0,-147,1,x0,254,126,382,63,31,95,31,31,v7,7,3,31,v7,7,top_split_then_twist_then_dft3_contribution_then_natural_ntt32_input_bitrev_output
0,2,126,126,126,126,510,low_plus_zeta_high,31,1,31,3,v5,7,twist_branch0,31,-1364,315,31,0,0,-147,1,x0_plus_x1_plus_x2,254,126,382,63,31,95,31,31,v7,7,3,31,v7,7,top_split_then_twist_then_dft3_contribution_then_natural_ntt32_input_bitrev_output
0,2,126,126,126,126,510,low_plus_zeta_high,31,1,31,3,v5,7,twist_branch0,31,-1364,315,31,1,1,-886,2734,plus_omega3_times_d,254,126,382,63,31,95,31,31,v7,7,3,31,v7,7,top_split_then_twist_then_dft3_contribution_then_natural_ntt32_input_bitrev_output
0,2,126,126,126,126,510,low_plus_zeta_high,31,1,31,3,v5,7,twist_branch0,31,-1364,315,31,2,2,1033,722,minus_x1_minus_omega3_times_d,254,126,382,63,31,95,31,31,v7,7,3,31,v7,7,top_split_then_twist_then_dft3_contribution_then_natural_ntt32_input_bitrev_output
0,2,382,382,382,382,766,low_plus_zeta_high,95,2,31,3,v6,7,twist_branch0,95,1391,2013,31,0,0,-147,1,x0_plus_x1_plus_x2,254,126,382,63,31,95,31,31,v7,7,3,31,v7,7,top_split_then_twist_then_dft3_contribution_then_natural_ntt32_input_bitrev_output
0,2,382,382,382,382,766,low_plus_zeta_high,95,2,31,3,v6,7,twist_branch0,95,1391,2013,31,1,2,1033,722,minus_x2_minus_omega3_times_d,254,126,382,63,31,95,31,31,v7,7,3,31,v7,7,top_split_then_twist_then_dft3_contribution_then_natural_ntt32_input_bitrev_output
0,2,382,382,382,382,766,low_plus_zeta_high,95,2,31,3,v6,7,twist_branch0,95,1391,2013,31,2,1,-886,2734,plus_omega3_times_d,254,126,382,63,31,95,31,31,v7,7,3,31,v7,7,top_split_then_twist_then_dft3_contribution_then_natural_ntt32_input_bitrev_output
0,3,3,3,3,3,387,low_plus_zeta_high,0,0,0,0,v4,0,twist_branch0,0,-147,1,0,0,0,-147,1,x0_plus_x1_plus_x2,3,259,131,0,64,32,0,0,v4,0,0,0,v4,0,top_split_then_twist_then_dft3_contribution_then_natural_ntt32_input_bitrev_output
0,3,3,3,3,3,387,low_plus_zeta_high,0,0,0,0,v4,0,twist_branch0,0,-147,1,0,1,0,-147,1,x0,3,259,131,0,64,32,0,0,v4,0,0,0,v4,0,top_split_then_twist_then_dft3_contribution_then_natural_ntt32_input_bitrev_output
0,3,3,3,3,3,387,low_plus_zeta_high,0,0,0,0,v4,0,twist_branch0,0,-147,1,0,2,0,-147,1,x0,3,259,131,0,64,32,0,0,v4,0,0,0,v4,0,top_split_then_twist_then_dft3_contribution_then_natural_ntt32_input_bitrev_output
0,3,259,259,259,259,643,low_plus_zeta_high,64,1,0,0,v5,0,twist_branch0,64,-248,3200,0,0,0,-147,1,x0_plus_x1_plus_x2,3,259,131,0,64,32,0,0,v4,0,0,0,v4,0,top_split_then_twist_then_dft3_contribution_then_natural_ntt32_input_bitrev_output
0,3,259,259,259,259,643,low_plus_zeta_high,64,1,0,0,v5,0,twist_branch0,64,-248,3200,0,1,1,-886,2734,plus_omega3_times_d,3,259,131,0,64,32,0,0,v4,0,0,0,v4,0,top_split_then_twist_then_dft3_contribution_then_natural_ntt32_input_bitrev_output
0,3,259,259,259,259,643,low_plus_zeta_high,64,1,0,0,v5,0,twist_branch0,64,-248,3200,0,2,2,1033,722,minus_x1_minus_omega3_times_d,3,259,131,0,64,32,0,0,v4,0,0,0,v4,0,top_split_then_twist_then_dft3_contribution_then_natural_ntt32_input_bitrev_output
0,3,131,131,131,131,515,low_plus_zeta_high,32,2,0,0,v6,0,twist_branch0,32,-682,1886,0,0,0,-147,1,x0_plus_x1_plus_x2,3,259,131,0,64,32,0,0,v4,0,0,0,v4,0,top_split_then_twist_then_dft3_contribution_then_natural_ntt32_input_bitrev_output
0,3,131,131,131,131,515,low_plus_zeta_high,32,2,0,0,v6,0,twist_branch0,32,-682,1886,0,1,2,1033,722,minus_x2_minus_omega3_times_d,3,259,131,0,64,32,0,0,v4,0,0,0,v4,0,top_split_then_twist_then_dft3_contribution_then_natural_ntt32_input_bitrev_output
0,3,131,131,131,131,515,low_plus_zeta_high,32,2,0,0,v6,0,twist_branch0,32,-682,1886,0,2,1,-886,2734,plus_omega3_times_d,3,259,131,0,64,32,0,0,v4,0,0,0,v4,0,top_split_then_twist_then_dft3_contribution_then_natural_ntt32_input_bitrev_output
0,3,135,135,135,135,519,low_plus_zeta_high,33,0,1,0,v4,1,twist_branch0,33,-341,943,1,0,0,-147,1,x0_plus_x1_plus_x2,135,7,263,33,1,65,1,1,v4,1,0,16,v6,0,top_split_then_twist_then_dft3_contribution_then_natural_ntt32_input_bitrev_output
0,3,135,135,135,135,519,low_plus_zeta_high,33,0,1,0,v4,1,twist_branch0,33,-341,943,1,1,0,-147,1,x0,135,7,263,33,1,65,1,1,v4,1,0,16,v6,0,top_split_then_twist_then_dft3_contribution_then_natural_ntt32_input_bitrev_output
0,3,135,135,135,135,519,low_plus_zeta_high,33,0,1,0,v4,1,twist_branch0,33,-341,943,1,2,0,-147,1,x0,135,7,263,33,1,65,1,1,v4,1,0,16,v6,0,top_split_then_twist_then_dft3_contribution_then_natural_ntt32_input_bitrev_output
0,3,7,7,7,7,391,low_plus_zeta_high,1,1,1,0,v5,1,twist_branch0,1,1655,1729,1,0,0,-147,1,x0_plus_x1_plus_x2,135,7,263,33,1,65,1,1,v4,1,0,16,v6,0,top_split_then_twist_then_dft3_contribution_then_natural_ntt32_input_bitrev_output
0,3,7,7,7,7,391,low_plus_zeta_high,1,1,1,0,v5,1,twist_branch0,1,1655,1729,1,1,1,-886,2734,plus_omega3_times_d,135,7,263,33,1,65,1,1,v4,1,0,16,v6,0,top_split_then_twist_then_dft3_contribution_then_natural_ntt32_input_bitrev_output
0,3,7,7,7,7,391,low_plus_zeta_high,1,1,1,0,v5,1,twist_branch0,1,1655,1729,1,2,2,1033,722,minus_x1_minus_omega3_times_d,135,7,263,33,1,65,1,1,v4,1,0,16,v6,0,top_split_then_twist_then_dft3_contribution_then_natural_ntt32_input_bitrev_output
0,3,263,263,263,263,647,low_plus_zeta_high,65,2,1,0,v6,1,twist_branch0,65,-124,1600,1,0,0,-147,1,x0_plus_x1_plus_x2,135,7,263,33,1,65,1,1,v4,1,0,16,v6,0,top_split_then_twist_then_dft3_contribution_then_natural_ntt32_input_bitrev_output
0,3,263,263,263,263,647,low_plus_zeta_high,65,2,1,0,v6,1,twist_branch0,65,-124,1600,1,1,2,1033,722,minus_x2_minus_omega3_times_d,135,7,263,33,1,65,1,1,v4,1,0,16,v6,0,top_split_then_twist_then_dft3_contribution_then_natural_ntt32_input_bitrev_output
0,3,263,263,263,263,647,low_plus_zeta_high,65,2,1,0,v6,1,twist_branch0,65,-124,1600,1,2,1,-886,2734,plus_omega3_times_d,135,7,263,33,1,65,1,1,v4,1,0,16,v6,0,top_split_then_twist_then_dft3_contribution_then_natural_ntt32_input_bitrev_output
0,3,267,267,267,267,651,low_plus_zeta_high,66,0,2,0,v4,2,twist_branch0,66,-62,800,2,0,0,-147,1,x0_plus_x1_plus_x2,267,139,11,66,34,2,2,2,v4,2,0,8,v5,0,top_split_then_twist_then_dft3_contribution_then_natural_ntt32_input_bitrev_output
0,3,267,267,267,267,651,low_plus_zeta_high,66,0,2,0,v4,2,twist_branch0,66,-62,800,2,1,0,-147,1,x0,267,139,11,66,34,2,2,2,v4,2,0,8,v5,0,top_split_then_twist_then_dft3_contribution_then_natural_ntt32_input_bitrev_output
0,3,267,267,267,267,651,low_plus_zeta_high,66,0,2,0,v4,2,twist_branch0,66,-62,800,2,2,0,-147,1,x0,267,139,11,66,34,2,2,2,v4,2,0,8,v5,0,top_split_then_twist_then_dft3_contribution_then_natural_ntt32_input_bitrev_output
0,3,139,139,139,139,523,low_plus_zeta_high,34,1,2,0,v5,2,twist_branch0,34,1558,2200,2,0,0,-147,1,x0_plus_x1_plus_x2,267,139,11,66,34,2,2,2,v4,2,0,8,v5,0,top_split_then_twist_then_dft3_contribution_then_natural_ntt32_input_bitrev_output
0,3,139,139,139,139,523,low_plus_zeta_high,34,1,2,0,v5,2,twist_branch0,34,1558,2200,2,1,1,-886,2734,plus_omega3_times_d,267,139,11,66,34,2,2,2,v4,2,0,8,v5,0,top_split_then_twist_then_dft3_contribution_then_natural_ntt32_input_bitrev_output
0,3,139,139,139,139,523,low_plus_zeta_high,34,1,2,0,v5,2,twist_branch0,34,1558,2200,2,2,2,1033,722,minus_x1_minus_omega3_times_d,267,139,11,66,34,2,2,2,v4,2,0,8,v5,0,top_split_then_twist_then_dft3_contribution_then_natural_ntt32_input_bitrev_output
0,3,11,11,11,11,395,low_plus_zeta_high,2,2,2,0,v6,2,twist_branch0,2,-901,2593,2,0,0,-147,1,x0_plus_x1_plus_x2,267,139,11,66,34,2,2,2,v4,2,0,8,v5,0,top_split_then_twist_then_dft3_contribution_then_natural_ntt32_input_bitrev_output
0,3,11,11,11,11,395,low_plus_zeta_high,2,2,2,0,v6,2,twist_branch0,2,-901,2593,2,1,2,1033,722,minus_x2_minus_omega3_times_d,267,139,11,66,34,2,2,2,v4,2,0,8,v5,0,top_split_then_twist_then_dft3_contribution_then_natural_ntt32_input_bitrev_output
0,3,11,11,11,11,395,low_plus_zeta_high,2,2,2,0,v6,2,twist_branch0,2,-901,2593,2,2,1,-886,2734,plus_omega3_times_d,267,139,11,66,34,2,2,2,v4,2,0,8,v5,0,top_split_then_twist_then_dft3_contribution_then_natural_ntt32_input_bitrev_output
0,3,15,15,15,15,399,low_plus_zeta_high,3,0,3,0,v4,3,twist_branch0,3,1278,3025,3,0,0,-147,1,x0_plus_x1_plus_x2,15,271,143,3,67,35,3,3,v4,3,0,24,v7,0,top_split_then_twist_then_dft3_contribution_then_natural_ntt32_input_bitrev_output
0,3,15,15,15,15,399,low_plus_zeta_high,3,0,3,0,v4,3,twist_branch0,3,1278,3025,3,1,0,-147,1,x0,15,271,143,3,67,35,3,3,v4,3,0,24,v7,0,top_split_then_twist_then_dft3_contribution_then_natural_ntt32_input_bitrev_output
0,3,15,15,15,15,399,low_plus_zeta_high,3,0,3,0,v4,3,twist_branch0,3,1278,3025,3,2,0,-147,1,x0,15,271,143,3,67,35,3,3,v4,3,0,24,v7,0,top_split_then_twist_then_dft3_contribution_then_natural_ntt32_input_bitrev_output
0,3,271,271,271,271,655,low_plus_zeta_high,67,1,3,0,v5,3,twist_branch0,67,-31,400,3,0,0,-147,1,x0_plus_x1_plus_x2,15,271,143,3,67,35,3,3,v4,3,0,24,v7,0,top_split_then_twist_then_dft3_contribution_then_natural_ntt32_input_bitrev_output
0,3,271,271,271,271,655,low_plus_zeta_high,67,1,3,0,v5,3,twist_branch0,67,-31,400,3,1,1,-886,2734,plus_omega3_times_d,15,271,143,3,67,35,3,3,v4,3,0,24,v7,0,top_split_then_twist_then_dft3_contribution_then_natural_ntt32_input_bitrev_output
0,3,271,271,271,271,655,low_plus_zeta_high,67,1,3,0,v5,3,twist_branch0,67,-31,400,3,2,2,1033,722,minus_x1_minus_omega3_times_d,15,271,143,3,67,35,3,3,v4,3,0,24,v7,0,top_split_then_twist_then_dft3_contribution_then_natural_ntt32_input_bitrev_output
0,3,143,143,143,143,527,low_plus_zeta_high,35,2,3,0,v6,3,twist_branch0,35,779,1100,3,0,0,-147,1,x0_plus_x1_plus_x2,15,271,143,3,67,35,3,3,v4,3,0,24,v7,0,top_split_then_twist_then_dft3_contribution_then_natural_ntt32_input_bitrev_output
0,3,143,143,143,143,527,low_plus_zeta_high,35,2,3,0,v6,3,twist_branch0,35,779,1100,3,1,2,1033,722,minus_x2_minus_omega3_times_d,15,271,143,3,67,35,3,3,v4,3,0,24,v7,0,top_split_then_twist_then_dft3_contribution_then_natural_ntt32_input_bitrev_output
0,3,143,143,143,143,527,low_plus_zeta_high,35,2,3,0,v6,3,twist_branch0,35,779,1100,3,2,1,-886,2734,plus_omega3_times_d,15,271,143,3,67,35,3,3,v4,3,0,24,v7,0,top_split_then_twist_then_dft3_contribution_then_natural_ntt32_input_bitrev_output
0,3,147,147,147,147,531,low_plus_zeta_high,36,0,4,0,v4,4,twist_branch0,36,-1339,550,4,0,0,-147,1,x0_plus_x1_plus_x2,147,19,275,36,4,68,4,4,v4,4,0,4,v4,4,top_split_then_twist_then_dft3_contribution_then_natural_ntt32_input_bitrev_output
0,3,147,147,147,147,531,low_plus_zeta_high,36,0,4,0,v4,4,twist_branch0,36,-1339,550,4,1,0,-147,1,x0,147,19,275,36,4,68,4,4,v4,4,0,4,v4,4,top_split_then_twist_then_dft3_contribution_then_natural_ntt32_input_bitrev_output
0,3,147,147,147,147,531,low_plus_zeta_high,36,0,4,0,v4,4,twist_branch0,36,-1339,550,4,2,0,-147,1,x0,147,19,275,36,4,68,4,4,v4,4,0,4,v4,4,top_split_then_twist_then_dft3_contribution_then_natural_ntt32_input_bitrev_output
0,3,19,19,19,19,403,low_plus_zeta_high,4,1,4,0,v5,4,twist_branch0,4,639,3241,4,0,0,-147,1,x0_plus_x1_plus_x2,147,19,275,36,4,68,4,4,v4,4,0,4,v4,4,top_split_then_twist_then_dft3_contribution_then_natural_ntt32_input_bitrev_output
0,3,19,19,19,19,403,low_plus_zeta_high,4,1,4,0,v5,4,twist_branch0,4,639,3241,4,1,1,-886,2734,plus_omega3_times_d,147,19,275,36,4,68,4,4,v4,4,0,4,v4,4,top_split_then_twist_then_dft3_contribution_then_natural_ntt32_input_bitrev_output
0,3,19,19,19,19,403,low_plus_zeta_high,4,1,4,0,v5,4,twist_branch0,4,639,3241,4,2,2,1033,722,minus_x1_minus_omega3_times_d,147,19,275,36,4,68,4,4,v4,4,0,4,v4,4,top_split_then_twist_then_dft3_contribution_then_natural_ntt32_input_bitrev_output
0,3,275,275,275,275,659,low_plus_zeta_high,68,2,4,0,v6,4,twist_branch0,68,1713,200,4,0,0,-147,1,x0_plus_x1_plus_x2,147,19,275,36,4,68,4,4,v4,4,0,4,v4,4,top_split_then_twist_then_dft3_contribution_then_natural_ntt32_input_bitrev_output
0,3,275,275,275,275,659,low_plus_zeta_high,68,2,4,0,v6,4,twist_branch0,68,1713,200,4,1,2,1033,722,minus_x2_minus_omega3_times_d,147,19,275,36,4,68,4,4,v4,4,0,4,v4,4,top_split_then_twist_then_dft3_contribution_then_natural_ntt32_input_bitrev_output
0,3,275,275,275,275,659,low_plus_zeta_high,68,2,4,0,v6,4,twist_branch0,68,1713,200,4,2,1,-886,2734,plus_omega3_times_d,147,19,275,36,4,68,4,4,v4,4,0,4,v4,4,top_split_then_twist_then_dft3_contribution_then_natural_ntt32_input_bitrev_output
0,3,279,279,279,279,663,low_plus_zeta_high,69,0,5,0,v4,5,twist_branch0,69,-872,100,5,0,0,-147,1,x0_plus_x1_plus_x2,279,151,23,69,37,5,5,5,v4,5,0,20,v6,4,top_split_then_twist_then_dft3_contribution_then_natural_ntt32_input_bitrev_output
0,3,279,279,279,279,663,low_plus_zeta_high,69,0,5,0,v4,5,twist_branch0,69,-872,100,5,1,0,-147,1,x0,279,151,23,69,37,5,5,5,v4,5,0,20,v6,4,top_split_then_twist_then_dft3_contribution_then_natural_ntt32_input_bitrev_output
0,3,279,279,279,279,663,low_plus_zeta_high,69,0,5,0,v4,5,twist_branch0,69,-872,100,5,2,0,-147,1,x0,279,151,23,69,37,5,5,5,v4,5,0,20,v6,4,top_split_then_twist_then_dft3_contribution_then_natural_ntt32_input_bitrev_output
0,3,151,151,151,151,535,low_plus_zeta_high,37,1,5,0,v5,5,twist_branch0,37,1059,275,5,0,0,-147,1,x0_plus_x1_plus_x2,279,151,23,69,37,5,5,5,v4,5,0,20,v6,4,top_split_then_twist_then_dft3_contribution_then_natural_ntt32_input_bitrev_output
0,3,151,151,151,151,535,low_plus_zeta_high,37,1,5,0,v5,5,twist_branch0,37,1059,275,5,1,1,-886,2734,plus_omega3_times_d,279,151,23,69,37,5,5,5,v4,5,0,20,v6,4,top_split_then_twist_then_dft3_contribution_then_natural_ntt32_input_bitrev_output
0,3,151,151,151,151,535,low_plus_zeta_high,37,1,5,0,v5,5,twist_branch0,37,1059,275,5,2,2,1033,722,minus_x1_minus_omega3_times_d,279,151,23,69,37,5,5,5,v4,5,0,20,v6,4,top_split_then_twist_then_dft3_contribution_then_natural_ntt32_input_bitrev_output
0,3,23,23,23,23,407,low_plus_zeta_high,5,2,5,0,v6,5,twist_branch0,5,-1409,3349,5,0,0,-147,1,x0_plus_x1_plus_x2,279,151,23,69,37,5,5,5,v4,5,0,20,v6,4,top_split_then_twist_then_dft3_contribution_then_natural_ntt32_input_bitrev_output
0,3,23,23,23,23,407,low_plus_zeta_high,5,2,5,0,v6,5,twist_branch0,5,-1409,3349,5,1,2,1033,722,minus_x2_minus_omega3_times_d,279,151,23,69,37,5,5,5,v4,5,0,20,v6,4,top_split_then_twist_then_dft3_contribution_then_natural_ntt32_input_bitrev_output
0,3,23,23,23,23,407,low_plus_zeta_high,5,2,5,0,v6,5,twist_branch0,5,-1409,3349,5,2,1,-886,2734,plus_omega3_times_d,279,151,23,69,37,5,5,5,v4,5,0,20,v6,4,top_split_then_twist_then_dft3_contribution_then_natural_ntt32_input_bitrev_output
0,3,27,27,27,27,411,low_plus_zeta_high,6,0,6,0,v4,6,twist_branch0,6,1024,3403,6,0,0,-147,1,x0_plus_x1_plus_x2,27,283,155,6,70,38,6,6,v4,6,0,12,v5,4,top_split_then_twist_then_dft3_contribution_then_natural_ntt32_input_bitrev_output
0,3,27,27,27,27,411,low_plus_zeta_high,6,0,6,0,v4,6,twist_branch0,6,1024,3403,6,1,0,-147,1,x0,27,283,155,6,70,38,6,6,v4,6,0,12,v5,4,top_split_then_twist_then_dft3_contribution_then_natural_ntt32_input_bitrev_output
0,3,27,27,27,27,411,low_plus_zeta_high,6,0,6,0,v4,6,twist_branch0,6,1024,3403,6,2,0,-147,1,x0,27,283,155,6,70,38,6,6,v4,6,0,12,v5,4,top_split_then_twist_then_dft3_contribution_then_natural_ntt32_input_bitrev_output
0,3,283,283,283,283,667,low_plus_zeta_high,70,1,6,0,v5,6,twist_branch0,70,-436,50,6,0,0,-147,1,x0_plus_x1_plus_x2,27,283,155,6,70,38,6,6,v4,6,0,12,v5,4,top_split_then_twist_then_dft3_contribution_then_natural_ntt32_input_bitrev_output
0,3,283,283,283,283,667,low_plus_zeta_high,70,1,6,0,v5,6,twist_branch0,70,-436,50,6,1,1,-886,2734,plus_omega3_times_d,27,283,155,6,70,38,6,6,v4,6,0,12,v5,4,top_split_then_twist_then_dft3_contribution_then_natural_ntt32_input_bitrev_output
0,3,283,283,283,283,667,low_plus_zeta_high,70,1,6,0,v5,6,twist_branch0,70,-436,50,6,2,2,1033,722,minus_x1_minus_omega3_times_d,27,283,155,6,70,38,6,6,v4,6,0,12,v5,4,top_split_then_twist_then_dft3_contribution_then_natural_ntt32_input_bitrev_output
0,3,155,155,155,155,539,low_plus_zeta_high,38,2,6,0,v6,6,twist_branch0,38,-1199,1866,6,0,0,-147,1,x0_plus_x1_plus_x2,27,283,155,6,70,38,6,6,v4,6,0,12,v5,4,top_split_then_twist_then_dft3_contribution_then_natural_ntt32_input_bitrev_output
0,3,155,155,155,155,539,low_plus_zeta_high,38,2,6,0,v6,6,twist_branch0,38,-1199,1866,6,1,2,1033,722,minus_x2_minus_omega3_times_d,27,283,155,6,70,38,6,6,v4,6,0,12,v5,4,top_split_then_twist_then_dft3_contribution_then_natural_ntt32_input_bitrev_output
0,3,155,155,155,155,539,low_plus_zeta_high,38,2,6,0,v6,6,twist_branch0,38,-1199,1866,6,2,1,-886,2734,plus_omega3_times_d,27,283,155,6,70,38,6,6,v4,6,0,12,v5,4,top_split_then_twist_then_dft3_contribution_then_natural_ntt32_input_bitrev_output
0,3,159,159,159,159,543,low_plus_zeta_high,39,0,7,0,v4,7,twist_branch0,39,1129,933,7,0,0,-147,1,x0_plus_x1_plus_x2,159,31,287,39,7,71,7,7,v4,7,0,28,v7,4,top_split_then_twist_then_dft3_contribution_then_natural_ntt32_input_bitrev_output
0,3,159,159,159,159,543,low_plus_zeta_high,39,0,7,0,v4,7,twist_branch0,39,1129,933,7,1,0,-147,1,x0,159,31,287,39,7,71,7,7,v4,7,0,28,v7,4,top_split_then_twist_then_dft3_contribution_then_natural_ntt32_input_bitrev_output
0,3,159,159,159,159,543,low_plus_zeta_high,39,0,7,0,v4,7,twist_branch0,39,1129,933,7,2,0,-147,1,x0,159,31,287,39,7,71,7,7,v4,7,0,28,v7,4,top_split_then_twist_then_dft3_contribution_then_natural_ntt32_input_bitrev_output
0,3,31,31,31,31,415,low_plus_zeta_high,7,1,7,0,v5,7,twist_branch0,7,512,3430,7,0,0,-147,1,x0_plus_x1_plus_x2,159,31,287,39,7,71,7,7,v4,7,0,28,v7,4,top_split_then_twist_then_dft3_contribution_then_natural_ntt32_input_bitrev_output
0,3,31,31,31,31,415,low_plus_zeta_high,7,1,7,0,v5,7,twist_branch0,7,512,3430,7,1,1,-886,2734,plus_omega3_times_d,159,31,287,39,7,71,7,7,v4,7,0,28,v7,4,top_split_then_twist_then_dft3_contribution_then_natural_ntt32_input_bitrev_output
0,3,31,31,31,31,415,low_plus_zeta_high,7,1,7,0,v5,7,twist_branch0,7,512,3430,7,2,2,1033,722,minus_x1_minus_omega3_times_d,159,31,287,39,7,71,7,7,v4,7,0,28,v7,4,top_split_then_twist_then_dft3_contribution_then_natural_ntt32_input_bitrev_output
0,3,287,287,287,287,671,low_plus_zeta_high,71,2,7,0,v6,7,twist_branch0,71,-218,25,7,0,0,-147,1,x0_plus_x1_plus_x2,159,31,287,39,7,71,7,7,v4,7,0,28,v7,4,top_split_then_twist_then_dft3_contribution_then_natural_ntt32_input_bitrev_output
0,3,287,287,287,287,671,low_plus_zeta_high,71,2,7,0,v6,7,twist_branch0,71,-218,25,7,1,2,1033,722,minus_x2_minus_omega3_times_d,159,31,287,39,7,71,7,7,v4,7,0,28,v7,4,top_split_then_twist_then_dft3_contribution_then_natural_ntt32_input_bitrev_output
0,3,287,287,287,287,671,low_plus_zeta_high,71,2,7,0,v6,7,twist_branch0,71,-218,25,7,2,1,-886,2734,plus_omega3_times_d,159,31,287,39,7,71,7,7,v4,7,0,28,v7,4,top_split_then_twist_then_dft3_contribution_then_natural_ntt32_input_bitrev_output
0,3,291,291,291,291,675,low_plus_zeta_high,72,0,8,1,v4,0,twist_branch0,72,-109,1741,8,0,0,-147,1,x0_plus_x1_plus_x2,291,163,35,72,40,8,8,8,v5,0,1,2,v4,2,top_split_then_twist_then_dft3_contribution_then_natural_ntt32_input_bitrev_output
0,3,291,291,291,291,675,low_plus_zeta_high,72,0,8,1,v4,0,twist_branch0,72,-109,1741,8,1,0,-147,1,x0,291,163,35,72,40,8,8,8,v5,0,1,2,v4,2,top_split_then_twist_then_dft3_contribution_then_natural_ntt32_input_bitrev_output
0,3,291,291,291,291,675,low_plus_zeta_high,72,0,8,1,v4,0,twist_branch0,72,-109,1741,8,2,0,-147,1,x0,291,163,35,72,40,8,8,8,v5,0,1,2,v4,2,top_split_then_twist_then_dft3_contribution_then_natural_ntt32_input_bitrev_output
0,3,163,163,163,163,547,low_plus_zeta_high,40,1,8,1,v5,0,twist_branch0,40,-1164,2195,8,0,0,-147,1,x0_plus_x1_plus_x2,291,163,35,72,40,8,8,8,v5,0,1,2,v4,2,top_split_then_twist_then_dft3_contribution_then_natural_ntt32_input_bitrev_output
0,3,163,163,163,163,547,low_plus_zeta_high,40,1,8,1,v5,0,twist_branch0,40,-1164,2195,8,1,1,-886,2734,plus_omega3_times_d,291,163,35,72,40,8,8,8,v5,0,1,2,v4,2,top_split_then_twist_then_dft3_contribution_then_natural_ntt32_input_bitrev_output
0,3,163,163,163,163,547,low_plus_zeta_high,40,1,8,1,v5,0,twist_branch0,40,-1164,2195,8,2,2,1033,722,minus_x1_minus_omega3_times_d,291,163,35,72,40,8,8,8,v5,0,1,2,v4,2,top_split_then_twist_then_dft3_contribution_then_natural_ntt32_input_bitrev_output
0,3,35,35,35,35,419,low_plus_zeta_high,8,2,8,1,v6,0,twist_branch0,8,256,1715,8,0,0,-147,1,x0_plus_x1_plus_x2,291,163,35,72,40,8,8,8,v5,0,1,2,v4,2,top_split_then_twist_then_dft3_contribution_then_natural_ntt32_input_bitrev_output
0,3,35,35,35,35,419,low_plus_zeta_high,8,2,8,1,v6,0,twist_branch0,8,256,1715,8,1,2,1033,722,minus_x2_minus_omega3_times_d,291,163,35,72,40,8,8,8,v5,0,1,2,v4,2,top_split_then_twist_then_dft3_contribution_then_natural_ntt32_input_bitrev_output
0,3,35,35,35,35,419,low_plus_zeta_high,8,2,8,1,v6,0,twist_branch0,8,256,1715,8,2,1,-886,2734,plus_omega3_times_d,291,163,35,72,40,8,8,8,v5,0,1,2,v4,2,top_split_then_twist_then_dft3_contribution_then_natural_ntt32_input_bitrev_output
0,3,39,39,39,39,423,low_plus_zeta_high,9,0,9,1,v4,1,twist_branch0,9,128,2586,9,0,0,-147,1,x0_plus_x1_plus_x2,39,295,167,9,73,41,9,9,v5,1,1,18,v6,2,top_split_then_twist_then_dft3_contribution_then_natural_ntt32_input_bitrev_output
0,3,39,39,39,39,423,low_plus_zeta_high,9,0,9,1,v4,1,twist_branch0,9,128,2586,9,1,0,-147,1,x0,39,295,167,9,73,41,9,9,v5,1,1,18,v6,2,top_split_then_twist_then_dft3_contribution_then_natural_ntt32_input_bitrev_output
0,3,39,39,39,39,423,low_plus_zeta_high,9,0,9,1,v4,1,twist_branch0,9,128,2586,9,2,0,-147,1,x0,39,295,167,9,73,41,9,9,v5,1,1,18,v6,2,top_split_then_twist_then_dft3_contribution_then_natural_ntt32_input_bitrev_output
0,3,295,295,295,295,679,low_plus_zeta_high,73,1,9,1,v5,1,twist_branch0,73,1674,2599,9,0,0,-147,1,x0_plus_x1_plus_x2,39,295,167,9,73,41,9,9,v5,1,1,18,v6,2,top_split_then_twist_then_dft3_contribution_then_natural_ntt32_input_bitrev_output
0,3,295,295,295,295,679,low_plus_zeta_high,73,1,9,1,v5,1,twist_branch0,73,1674,2599,9,1,1,-886,2734,plus_omega3_times_d,39,295,167,9,73,41,9,9,v5,1,1,18,v6,2,top_split_then_twist_then_dft3_contribution_then_natural_ntt32_input_bitrev_output
0,3,295,295,295,295,679,low_plus_zeta_high,73,1,9,1,v5,1,twist_branch0,73,1674,2599,9,2,2,1033,722,minus_x1_minus_omega3_times_d,39,295,167,9,73,41,9,9,v5,1,1,18,v6,2,top_split_then_twist_then_dft3_contribution_then_natural_ntt32_input_bitrev_output
0,3,167,167,167,167,551,low_plus_zeta_high,41,2,9,1,v6,1,twist_branch0,41,-582,2826,9,0,0,-147,1,x0_plus_x1_plus_x2,39,295,167,9,73,41,9,9,v5,1,1,18,v6,2,top_split_then_twist_then_dft3_contribution_then_natural_ntt32_input_bitrev_output
0,3,167,167,167,167,551,low_plus_zeta_high,41,2,9,1,v6,1,twist_branch0,41,-582,2826,9,1,2,1033,722,minus_x2_minus_omega3_times_d,39,295,167,9,73,41,9,9,v5,1,1,18,v6,2,top_split_then_twist_then_dft3_contribution_then_natural_ntt32_input_bitrev_output
0,3,167,167,167,167,551,low_plus_zeta_high,41,2,9,1,v6,1,twist_branch0,41,-582,2826,9,2,1,-886,2734,plus_omega3_times_d,39,295,167,9,73,41,9,9,v5,1,1,18,v6,2,top_split_then_twist_then_dft3_contribution_then_natural_ntt32_input_bitrev_output
0,3,171,171,171,171,555,low_plus_zeta_high,42,0,10,1,v4,2,twist_branch0,42,-291,1413,10,0,0,-147,1,x0_plus_x1_plus_x2,171,43,299,42,10,74,10,10,v5,2,1,10,v5,2,top_split_then_twist_then_dft3_contribution_then_natural_ntt32_input_bitrev_output
0,3,171,171,171,171,555,low_plus_zeta_high,42,0,10,1,v4,2,twist_branch0,42,-291,1413,10,1,0,-147,1,x0,171,43,299,42,10,74,10,10,v5,2,1,10,v5,2,top_split_then_twist_then_dft3_contribution_then_natural_ntt32_input_bitrev_output
0,3,171,171,171,171,555,low_plus_zeta_high,42,0,10,1,v4,2,twist_branch0,42,-291,1413,10,2,0,-147,1,x0,171,43,299,42,10,74,10,10,v5,2,1,10,v5,2,top_split_then_twist_then_dft3_contribution_then_natural_ntt32_input_bitrev_output
0,3,43,43,43,43,427,low_plus_zeta_high,10,1,10,1,v5,2,twist_branch0,10,64,1293,10,0,0,-147,1,x0_plus_x1_plus_x2,171,43,299,42,10,74,10,10,v5,2,1,10,v5,2,top_split_then_twist_then_dft3_contribution_then_natural_ntt32_input_bitrev_output
0,3,43,43,43,43,427,low_plus_zeta_high,10,1,10,1,v5,2,twist_branch0,10,64,1293,10,1,1,-886,2734,plus_omega3_times_d,171,43,299,42,10,74,10,10,v5,2,1,10,v5,2,top_split_then_twist_then_dft3_contribution_then_natural_ntt32_input_bitrev_output
0,3,43,43,43,43,427,low_plus_zeta_high,10,1,10,1,v5,2,twist_branch0,10,64,1293,10,2,2,1033,722,minus_x1_minus_omega3_times_d,171,43,299,42,10,74,10,10,v5,2,1,10,v5,2,top_split_then_twist_then_dft3_contribution_then_natural_ntt32_input_bitrev_output
0,3,299,299,299,299,683,low_plus_zeta_high,74,2,10,1,v6,2,twist_branch0,74,837,3028,10,0,0,-147,1,x0_plus_x1_plus_x2,171,43,299,42,10,74,10,10,v5,2,1,10,v5,2,top_split_then_twist_then_dft3_contribution_then_natural_ntt32_input_bitrev_output
0,3,299,299,299,299,683,low_plus_zeta_high,74,2,10,1,v6,2,twist_branch0,74,837,3028,10,1,2,1033,722,minus_x2_minus_omega3_times_d,171,43,299,42,10,74,10,10,v5,2,1,10,v5,2,top_split_then_twist_then_dft3_contribution_then_natural_ntt32_input_bitrev_output
0,3,299,299,299,299,683,low_plus_zeta_high,74,2,10,1,v6,2,twist_branch0,74,837,3028,10,2,1,-886,2734,plus_omega3_times_d,171,43,299,42,10,74,10,10,v5,2,1,10,v5,2,top_split_then_twist_then_dft3_contribution_then_natural_ntt32_input_bitrev_output
0,3,303,303,303,303,687,low_plus_zeta_high,75,0,11,1,v4,3,twist_branch0,75,-1310,1514,11,0,0,-147,1,x0_plus_x1_plus_x2,303,175,47,75,43,11,11,11,v5,3,1,26,v7,2,top_split_then_twist_then_dft3_contribution_then_natural_ntt32_input_bitrev_output
0,3,303,303,303,303,687,low_plus_zeta_high,75,0,11,1,v4,3,twist_branch0,75,-1310,1514,11,1,0,-147,1,x0,303,175,47,75,43,11,11,11,v5,3,1,26,v7,2,top_split_then_twist_then_dft3_contribution_then_natural_ntt32_input_bitrev_output
0,3,303,303,303,303,687,low_plus_zeta_high,75,0,11,1,v4,3,twist_branch0,75,-1310,1514,11,2,0,-147,1,x0,303,175,47,75,43,11,11,11,v5,3,1,26,v7,2,top_split_then_twist_then_dft3_contribution_then_natural_ntt32_input_bitrev_output
0,3,175,175,175,175,559,low_plus_zeta_high,43,1,11,1,v5,3,twist_branch0,43,1583,2435,11,0,0,-147,1,x0_plus_x1_plus_x2,303,175,47,75,43,11,11,11,v5,3,1,26,v7,2,top_split_then_twist_then_dft3_contribution_then_natural_ntt32_input_bitrev_output
0,3,175,175,175,175,559,low_plus_zeta_high,43,1,11,1,v5,3,twist_branch0,43,1583,2435,11,1,1,-886,2734,plus_omega3_times_d,303,175,47,75,43,11,11,11,v5,3,1,26,v7,2,top_split_then_twist_then_dft3_contribution_then_natural_ntt32_input_bitrev_output
0,3,175,175,175,175,559,low_plus_zeta_high,43,1,11,1,v5,3,twist_branch0,43,1583,2435,11,2,2,1033,722,minus_x1_minus_omega3_times_d,303,175,47,75,43,11,11,11,v5,3,1,26,v7,2,top_split_then_twist_then_dft3_contribution_then_natural_ntt32_input_bitrev_output
0,3,47,47,47,47,431,low_plus_zeta_high,11,2,11,1,v6,3,twist_branch0,11,32,2375,11,0,0,-147,1,x0_plus_x1_plus_x2,303,175,47,75,43,11,11,11,v5,3,1,26,v7,2,top_split_then_twist_then_dft3_contribution_then_natural_ntt32_input_bitrev_output
0,3,47,47,47,47,431,low_plus_zeta_high,11,2,11,1,v6,3,twist_branch0,11,32,2375,11,1,2,1033,722,minus_x2_minus_omega3_times_d,303,175,47,75,43,11,11,11,v5,3,1,26,v7,2,top_split_then_twist_then_dft3_contribution_then_natural_ntt32_input_bitrev_output
0,3,47,47,47,47,431,low_plus_zeta_high,11,2,11,1,v6,3,twist_branch0,11,32,2375,11,2,1,-886,2734,plus_omega3_times_d,303,175,47,75,43,11,11,11,v5,3,1,26,v7,2,top_split_then_twist_then_dft3_contribution_then_natural_ntt32_input_bitrev_output
0,3,51,51,51,51,435,low_plus_zeta_high,12,0,12,1,v4,4,twist_branch0,12,16,2916,12,0,0,-147,1,x0_plus_x1_plus_x2,51,307,179,12,76,44,12,12,v5,4,1,6,v4,6,top_split_then_twist_then_dft3_contribution_then_natural_ntt32_input_bitrev_output
0,3,51,51,51,51,435,low_plus_zeta_high,12,0,12,1,v4,4,twist_branch0,12,16,2916,12,1,0,-147,1,x0,51,307,179,12,76,44,12,12,v5,4,1,6,v4,6,top_split_then_twist_then_dft3_contribution_then_natural_ntt32_input_bitrev_output
0,3,51,51,51,51,435,low_plus_zeta_high,12,0,12,1,v4,4,twist_branch0,12,16,2916,12,2,0,-147,1,x0,51,307,179,12,76,44,12,12,v5,4,1,6,v4,6,top_split_then_twist_then_dft3_contribution_then_natural_ntt32_input_bitrev_output
0,3,307,307,307,307,691,low_plus_zeta_high,76,1,12,1,v5,4,twist_branch0,76,-655,757,12,0,0,-147,1,x0_plus_x1_plus_x2,51,307,179,12,76,44,12,12,v5,4,1,6,v4,6,top_split_then_twist_then_dft3_contribution_then_natural_ntt32_input_bitrev_output
0,3,307,307,307,307,691,low_plus_zeta_high,76,1,12,1,v5,4,twist_branch0,76,-655,757,12,1,1,-886,2734,plus_omega3_times_d,51,307,179,12,76,44,12,12,v5,4,1,6,v4,6,top_split_then_twist_then_dft3_contribution_then_natural_ntt32_input_bitrev_output
0,3,307,307,307,307,691,low_plus_zeta_high,76,1,12,1,v5,4,twist_branch0,76,-655,757,12,2,2,1033,722,minus_x1_minus_omega3_times_d,51,307,179,12,76,44,12,12,v5,4,1,6,v4,6,top_split_then_twist_then_dft3_contribution_then_natural_ntt32_input_bitrev_output
0,3,179,179,179,179,563,low_plus_zeta_high,44,2,12,1,v6,4,twist_branch0,44,-937,2946,12,0,0,-147,1,x0_plus_x1_plus_x2,51,307,179,12,76,44,12,12,v5,4,1,6,v4,6,top_split_then_twist_then_dft3_contribution_then_natural_ntt32_input_bitrev_output
0,3,179,179,179,179,563,low_plus_zeta_high,44,2,12,1,v6,4,twist_branch0,44,-937,2946,12,1,2,1033,722,minus_x2_minus_omega3_times_d,51,307,179,12,76,44,12,12,v5,4,1,6,v4,6,top_split_then_twist_then_dft3_contribution_then_natural_ntt32_input_bitrev_output
0,3,179,179,179,179,563,low_plus_zeta_high,44,2,12,1,v6,4,twist_branch0,44,-937,2946,12,2,1,-886,2734,plus_omega3_times_d,51,307,179,12,76,44,12,12,v5,4,1,6,v4,6,top_split_then_twist_then_dft3_contribution_then_natural_ntt32_input_bitrev_output
0,3,183,183,183,183,567,low_plus_zeta_high,45,0,13,1,v4,5,twist_branch0,45,1260,1473,13,0,0,-147,1,x0_plus_x1_plus_x2,183,55,311,45,13,77,13,13,v5,5,1,22,v6,6,top_split_then_twist_then_dft3_contribution_then_natural_ntt32_input_bitrev_output
0,3,183,183,183,183,567,low_plus_zeta_high,45,0,13,1,v4,5,twist_branch0,45,1260,1473,13,1,0,-147,1,x0,183,55,311,45,13,77,13,13,v5,5,1,22,v6,6,top_split_then_twist_then_dft3_contribution_then_natural_ntt32_input_bitrev_output
0,3,183,183,183,183,567,low_plus_zeta_high,45,0,13,1,v4,5,twist_branch0,45,1260,1473,13,2,0,-147,1,x0,183,55,311,45,13,77,13,13,v5,5,1,22,v6,6,top_split_then_twist_then_dft3_contribution_then_natural_ntt32_input_bitrev_output
0,3,55,55,55,55,439,low_plus_zeta_high,13,1,13,1,v5,5,twist_branch0,13,8,1458,13,0,0,-147,1,x0_plus_x1_plus_x2,183,55,311,45,13,77,13,13,v5,5,1,22,v6,6,top_split_then_twist_then_dft3_contribution_then_natural_ntt32_input_bitrev_output
0,3,55,55,55,55,439,low_plus_zeta_high,13,1,13,1,v5,5,twist_branch0,13,8,1458,13,1,1,-886,2734,plus_omega3_times_d,183,55,311,45,13,77,13,13,v5,5,1,22,v6,6,top_split_then_twist_then_dft3_contribution_then_natural_ntt32_input_bitrev_output
0,3,55,55,55,55,439,low_plus_zeta_high,13,1,13,1,v5,5,twist_branch0,13,8,1458,13,2,2,1033,722,minus_x1_minus_omega3_times_d,183,55,311,45,13,77,13,13,v5,5,1,22,v6,6,top_split_then_twist_then_dft3_contribution_then_natural_ntt32_input_bitrev_output
0,3,311,311,311,311,695,low_plus_zeta_high,77,2,13,1,v6,5,twist_branch0,77,1401,2107,13,0,0,-147,1,x0_plus_x1_plus_x2,183,55,311,45,13,77,13,13,v5,5,1,22,v6,6,top_split_then_twist_then_dft3_contribution_then_natural_ntt32_input_bitrev_output
0,3,311,311,311,311,695,low_plus_zeta_high,77,2,13,1,v6,5,twist_branch0,77,1401,2107,13,1,2,1033,722,minus_x2_minus_omega3_times_d,183,55,311,45,13,77,13,13,v5,5,1,22,v6,6,top_split_then_twist_then_dft3_contribution_then_natural_ntt32_input_bitrev_output
0,3,311,311,311,311,695,low_plus_zeta_high,77,2,13,1,v6,5,twist_branch0,77,1401,2107,13,2,1,-886,2734,plus_omega3_times_d,183,55,311,45,13,77,13,13,v5,5,1,22,v6,6,top_split_then_twist_then_dft3_contribution_then_natural_ntt32_input_bitrev_output
0,3,315,315,315,315,699,low_plus_zeta_high,78,0,14,1,v4,6,twist_branch0,78,-1028,2782,14,0,0,-147,1,x0_plus_x1_plus_x2,315,187,59,78,46,14,14,14,v5,6,1,14,v5,6,top_split_then_twist_then_dft3_contribution_then_natural_ntt32_input_bitrev_output
0,3,315,315,315,315,699,low_plus_zeta_high,78,0,14,1,v4,6,twist_branch0,78,-1028,2782,14,1,0,-147,1,x0,315,187,59,78,46,14,14,14,v5,6,1,14,v5,6,top_split_then_twist_then_dft3_contribution_then_natural_ntt32_input_bitrev_output
0,3,315,315,315,315,699,low_plus_zeta_high,78,0,14,1,v4,6,twist_branch0,78,-1028,2782,14,2,0,-147,1,x0,315,187,59,78,46,14,14,14,v5,6,1,14,v5,6,top_split_then_twist_then_dft3_contribution_then_natural_ntt32_input_bitrev_output
0,3,187,187,187,187,571,low_plus_zeta_high,46,1,14,1,v5,6,twist_branch0,46,630,2465,14,0,0,-147,1,x0_plus_x1_plus_x2,315,187,59,78,46,14,14,14,v5,6,1,14,v5,6,top_split_then_twist_then_dft3_contribution_then_natural_ntt32_input_bitrev_output
0,3,187,187,187,187,571,low_plus_zeta_high,46,1,14,1,v5,6,twist_branch0,46,630,2465,14,1,1,-886,2734,plus_omega3_times_d,315,187,59,78,46,14,14,14,v5,6,1,14,v5,6,top_split_then_twist_then_dft3_contribution_then_natural_ntt32_input_bitrev_output
0,3,187,187,187,187,571,low_plus_zeta_high,46,1,14,1,v5,6,twist_branch0,46,630,2465,14,2,2,1033,722,minus_x1_minus_omega3_times_d,315,187,59,78,46,14,14,14,v5,6,1,14,v5,6,top_split_then_twist_then_dft3_contribution_then_natural_ntt32_input_bitrev_output
0,3,59,59,59,59,443,low_plus_zeta_high,14,2,14,1,v6,6,twist_branch0,14,4,729,14,0,0,-147,1,x0_plus_x1_plus_x2,315,187,59,78,46,14,14,14,v5,6,1,14,v5,6,top_split_then_twist_then_dft3_contribution_then_natural_ntt32_input_bitrev_output
0,3,59,59,59,59,443,low_plus_zeta_high,14,2,14,1,v6,6,twist_branch0,14,4,729,14,1,2,1033,722,minus_x2_minus_omega3_times_d,315,187,59,78,46,14,14,14,v5,6,1,14,v5,6,top_split_then_twist_then_dft3_contribution_then_natural_ntt32_input_bitrev_output
0,3,59,59,59,59,443,low_plus_zeta_high,14,2,14,1,v6,6,twist_branch0,14,4,729,14,2,1,-886,2734,plus_omega3_times_d,315,187,59,78,46,14,14,14,v5,6,1,14,v5,6,top_split_then_twist_then_dft3_contribution_then_natural_ntt32_input_bitrev_output
0,3,63,63,63,63,447,low_plus_zeta_high,15,0,15,1,v4,7,twist_branch0,15,2,2093,15,0,0,-147,1,x0_plus_x1_plus_x2,63,319,191,15,79,47,15,15,v5,7,1,30,v7,6,top_split_then_twist_then_dft3_contribution_then_natural_ntt32_input_bitrev_output
0,3,63,63,63,63,447,low_plus_zeta_high,15,0,15,1,v4,7,twist_branch0,15,2,2093,15,1,0,-147,1,x0,63,319,191,15,79,47,15,15,v5,7,1,30,v7,6,top_split_then_twist_then_dft3_contribution_then_natural_ntt32_input_bitrev_output
0,3,63,63,63,63,447,low_plus_zeta_high,15,0,15,1,v4,7,twist_branch0,15,2,2093,15,2,0,-147,1,x0,63,319,191,15,79,47,15,15,v5,7,1,30,v7,6,top_split_then_twist_then_dft3_contribution_then_natural_ntt32_input_bitrev_output
0,3,319,319,319,319,703,low_plus_zeta_high,79,1,15,1,v5,7,twist_branch0,79,-514,1391,15,0,0,-147,1,x0_plus_x1_plus_x2,63,319,191,15,79,47,15,15,v5,7,1,30,v7,6,top_split_then_twist_then_dft3_contribution_then_natural_ntt32_input_bitrev_output
0,3,319,319,319,319,703,low_plus_zeta_high,79,1,15,1,v5,7,twist_branch0,79,-514,1391,15,1,1,-886,2734,plus_omega3_times_d,63,319,191,15,79,47,15,15,v5,7,1,30,v7,6,top_split_then_twist_then_dft3_contribution_then_natural_ntt32_input_bitrev_output
0,3,319,319,319,319,703,low_plus_zeta_high,79,1,15,1,v5,7,twist_branch0,79,-514,1391,15,2,2,1033,722,minus_x1_minus_omega3_times_d,63,319,191,15,79,47,15,15,v5,7,1,30,v7,6,top_split_then_twist_then_dft3_contribution_then_natural_ntt32_input_bitrev_output
0,3,191,191,191,191,575,low_plus_zeta_high,47,2,15,1,v6,7,twist_branch0,47,315,2961,15,0,0,-147,1,x0_plus_x1_plus_x2,63,319,191,15,79,47,15,15,v5,7,1,30,v7,6,top_split_then_twist_then_dft3_contribution_then_natural_ntt32_input_bitrev_output
0,3,191,191,191,191,575,low_plus_zeta_high,47,2,15,1,v6,7,twist_branch0,47,315,2961,15,1,2,1033,722,minus_x2_minus_omega3_times_d,63,319,191,15,79,47,15,15,v5,7,1,30,v7,6,top_split_then_twist_then_dft3_contribution_then_natural_ntt32_input_bitrev_output
0,3,191,191,191,191,575,low_plus_zeta_high,47,2,15,1,v6,7,twist_branch0,47,315,2961,15,2,1,-886,2734,plus_omega3_times_d,63,319,191,15,79,47,15,15,v5,7,1,30,v7,6,top_split_then_twist_then_dft3_contribution_then_natural_ntt32_input_bitrev_output
0,3,195,195,195,195,579,low_plus_zeta_high,48,0,16,2,v4,0,twist_branch0,48,-1571,3209,16,0,0,-147,1,x0_plus_x1_plus_x2,195,67,323,48,16,80,16,16,v6,0,2,1,v4,1,top_split_then_twist_then_dft3_contribution_then_natural_ntt32_input_bitrev_output
0,3,195,195,195,195,579,low_plus_zeta_high,48,0,16,2,v4,0,twist_branch0,48,-1571,3209,16,1,0,-147,1,x0,195,67,323,48,16,80,16,16,v6,0,2,1,v4,1,top_split_then_twist_then_dft3_contribution_then_natural_ntt32_input_bitrev_output
0,3,195,195,195,195,579,low_plus_zeta_high,48,0,16,2,v4,0,twist_branch0,48,-1571,3209,16,2,0,-147,1,x0,195,67,323,48,16,80,16,16,v6,0,2,1,v4,1,top_split_then_twist_then_dft3_contribution_then_natural_ntt32_input_bitrev_output
0,3,67,67,67,67,451,low_plus_zeta_high,16,1,16,2,v5,0,twist_branch0,16,1,2775,16,0,0,-147,1,x0_plus_x1_plus_x2,195,67,323,48,16,80,16,16,v6,0,2,1,v4,1,top_split_then_twist_then_dft3_contribution_then_natural_ntt32_input_bitrev_output
0,3,67,67,67,67,451,low_plus_zeta_high,16,1,16,2,v5,0,twist_branch0,16,1,2775,16,1,1,-886,2734,plus_omega3_times_d,195,67,323,48,16,80,16,16,v6,0,2,1,v4,1,top_split_then_twist_then_dft3_contribution_then_natural_ntt32_input_bitrev_output
0,3,67,67,67,67,451,low_plus_zeta_high,16,1,16,2,v5,0,twist_branch0,16,1,2775,16,2,2,1033,722,minus_x1_minus_omega3_times_d,195,67,323,48,16,80,16,16,v6,0,2,1,v4,1,top_split_then_twist_then_dft3_contribution_then_natural_ntt32_input_bitrev_output
0,3,323,323,323,323,707,low_plus_zeta_high,80,2,16,2,v6,0,twist_branch0,80,-257,2424,16,0,0,-147,1,x0_plus_x1_plus_x2,195,67,323,48,16,80,16,16,v6,0,2,1,v4,1,top_split_then_twist_then_dft3_contribution_then_natural_ntt32_input_bitrev_output
0,3,323,323,323,323,707,low_plus_zeta_high,80,2,16,2,v6,0,twist_branch0,80,-257,2424,16,1,2,1033,722,minus_x2_minus_omega3_times_d,195,67,323,48,16,80,16,16,v6,0,2,1,v4,1,top_split_then_twist_then_dft3_contribution_then_natural_ntt32_input_bitrev_output
0,3,323,323,323,323,707,low_plus_zeta_high,80,2,16,2,v6,0,twist_branch0,80,-257,2424,16,2,1,-886,2734,plus_omega3_times_d,195,67,323,48,16,80,16,16,v6,0,2,1,v4,1,top_split_then_twist_then_dft3_contribution_then_natural_ntt32_input_bitrev_output
0,3,327,327,327,327,711,low_plus_zeta_high,81,0,17,2,v4,1,twist_branch0,81,1600,1212,17,0,0,-147,1,x0_plus_x1_plus_x2,327,199,71,81,49,17,17,17,v6,1,2,17,v6,1,top_split_then_twist_then_dft3_contribution_then_natural_ntt32_input_bitrev_output
0,3,327,327,327,327,711,low_plus_zeta_high,81,0,17,2,v4,1,twist_branch0,81,1600,1212,17,1,0,-147,1,x0,327,199,71,81,49,17,17,17,v6,1,2,17,v6,1,top_split_then_twist_then_dft3_contribution_then_natural_ntt32_input_bitrev_output
0,3,327,327,327,327,711,low_plus_zeta_high,81,0,17,2,v4,1,twist_branch0,81,1600,1212,17,2,0,-147,1,x0,327,199,71,81,49,17,17,17,v6,1,2,17,v6,1,top_split_then_twist_then_dft3_contribution_then_natural_ntt32_input_bitrev_output
0,3,199,199,199,199,583,low_plus_zeta_high,49,1,17,2,v5,1,twist_branch0,49,943,3333,17,0,0,-147,1,x0_plus_x1_plus_x2,327,199,71,81,49,17,17,17,v6,1,2,17,v6,1,top_split_then_twist_then_dft3_contribution_then_natural_ntt32_input_bitrev_output
0,3,199,199,199,199,583,low_plus_zeta_high,49,1,17,2,v5,1,twist_branch0,49,943,3333,17,1,1,-886,2734,plus_omega3_times_d,327,199,71,81,49,17,17,17,v6,1,2,17,v6,1,top_split_then_twist_then_dft3_contribution_then_natural_ntt32_input_bitrev_output
0,3,199,199,199,199,583,low_plus_zeta_high,49,1,17,2,v5,1,twist_branch0,49,943,3333,17,2,2,1033,722,minus_x1_minus_omega3_times_d,327,199,71,81,49,17,17,17,v6,1,2,17,v6,1,top_split_then_twist_then_dft3_contribution_then_natural_ntt32_input_bitrev_output
0,3,71,71,71,71,455,low_plus_zeta_high,17,2,17,2,v6,1,twist_branch0,17,-1728,3116,17,0,0,-147,1,x0_plus_x1_plus_x2,327,199,71,81,49,17,17,17,v6,1,2,17,v6,1,top_split_then_twist_then_dft3_contribution_then_natural_ntt32_input_bitrev_output
0,3,71,71,71,71,455,low_plus_zeta_high,17,2,17,2,v6,1,twist_branch0,17,-1728,3116,17,1,2,1033,722,minus_x2_minus_omega3_times_d,327,199,71,81,49,17,17,17,v6,1,2,17,v6,1,top_split_then_twist_then_dft3_contribution_then_natural_ntt32_input_bitrev_output
0,3,71,71,71,71,455,low_plus_zeta_high,17,2,17,2,v6,1,twist_branch0,17,-1728,3116,17,2,1,-886,2734,plus_omega3_times_d,327,199,71,81,49,17,17,17,v6,1,2,17,v6,1,top_split_then_twist_then_dft3_contribution_then_natural_ntt32_input_bitrev_output
0,3,75,75,75,75,459,low_plus_zeta_high,18,0,18,2,v4,2,twist_branch0,18,-864,1558,18,0,0,-147,1,x0_plus_x1_plus_x2,75,331,203,18,82,50,18,18,v6,2,2,9,v5,1,top_split_then_twist_then_dft3_contribution_then_natural_ntt32_input_bitrev_output
0,3,75,75,75,75,459,low_plus_zeta_high,18,0,18,2,v4,2,twist_branch0,18,-864,1558,18,1,0,-147,1,x0,75,331,203,18,82,50,18,18,v6,2,2,9,v5,1,top_split_then_twist_then_dft3_contribution_then_natural_ntt32_input_bitrev_output
0,3,75,75,75,75,459,low_plus_zeta_high,18,0,18,2,v4,2,twist_branch0,18,-864,1558,18,2,0,-147,1,x0,75,331,203,18,82,50,18,18,v6,2,2,9,v5,1,top_split_then_twist_then_dft3_contribution_then_natural_ntt32_input_bitrev_output
0,3,331,331,331,331,715,low_plus_zeta_high,82,1,18,2,v5,2,twist_branch0,82,800,606,18,0,0,-147,1,x0_plus_x1_plus_x2,75,331,203,18,82,50,18,18,v6,2,2,9,v5,1,top_split_then_twist_then_dft3_contribution_then_natural_ntt32_input_bitrev_output
0,3,331,331,331,331,715,low_plus_zeta_high,82,1,18,2,v5,2,twist_branch0,82,800,606,18,1,1,-886,2734,plus_omega3_times_d,75,331,203,18,82,50,18,18,v6,2,2,9,v5,1,top_split_then_twist_then_dft3_contribution_then_natural_ntt32_input_bitrev_output
0,3,331,331,331,331,715,low_plus_zeta_high,82,1,18,2,v5,2,twist_branch0,82,800,606,18,2,2,1033,722,minus_x1_minus_omega3_times_d,75,331,203,18,82,50,18,18,v6,2,2,9,v5,1,top_split_then_twist_then_dft3_contribution_then_natural_ntt32_input_bitrev_output
0,3,203,203,203,203,587,low_plus_zeta_high,50,2,18,2,v6,2,twist_branch0,50,-1257,3395,18,0,0,-147,1,x0_plus_x1_plus_x2,75,331,203,18,82,50,18,18,v6,2,2,9,v5,1,top_split_then_twist_then_dft3_contribution_then_natural_ntt32_input_bitrev_output
0,3,203,203,203,203,587,low_plus_zeta_high,50,2,18,2,v6,2,twist_branch0,50,-1257,3395,18,1,2,1033,722,minus_x2_minus_omega3_times_d,75,331,203,18,82,50,18,18,v6,2,2,9,v5,1,top_split_then_twist_then_dft3_contribution_then_natural_ntt32_input_bitrev_output
0,3,203,203,203,203,587,low_plus_zeta_high,50,2,18,2,v6,2,twist_branch0,50,-1257,3395,18,2,1,-886,2734,plus_omega3_times_d,75,331,203,18,82,50,18,18,v6,2,2,9,v5,1,top_split_then_twist_then_dft3_contribution_then_natural_ntt32_input_bitrev_output
0,3,207,207,207,207,591,low_plus_zeta_high,51,0,19,2,v4,3,twist_branch0,51,1100,3426,19,0,0,-147,1,x0_plus_x1_plus_x2,207,79,335,51,19,83,19,19,v6,3,2,25,v7,1,top_split_then_twist_then_dft3_contribution_then_natural_ntt32_input_bitrev_output
0,3,207,207,207,207,591,low_plus_zeta_high,51,0,19,2,v4,3,twist_branch0,51,1100,3426,19,1,0,-147,1,x0,207,79,335,51,19,83,19,19,v6,3,2,25,v7,1,top_split_then_twist_then_dft3_contribution_then_natural_ntt32_input_bitrev_output
0,3,207,207,207,207,591,low_plus_zeta_high,51,0,19,2,v4,3,twist_branch0,51,1100,3426,19,2,0,-147,1,x0,207,79,335,51,19,83,19,19,v6,3,2,25,v7,1,top_split_then_twist_then_dft3_contribution_then_natural_ntt32_input_bitrev_output
0,3,79,79,79,79,463,low_plus_zeta_high,19,1,19,2,v5,3,twist_branch0,19,-432,779,19,0,0,-147,1,x0_plus_x1_plus_x2,207,79,335,51,19,83,19,19,v6,3,2,25,v7,1,top_split_then_twist_then_dft3_contribution_then_natural_ntt32_input_bitrev_output
0,3,79,79,79,79,463,low_plus_zeta_high,19,1,19,2,v5,3,twist_branch0,19,-432,779,19,1,1,-886,2734,plus_omega3_times_d,207,79,335,51,19,83,19,19,v6,3,2,25,v7,1,top_split_then_twist_then_dft3_contribution_then_natural_ntt32_input_bitrev_output
0,3,79,79,79,79,463,low_plus_zeta_high,19,1,19,2,v5,3,twist_branch0,19,-432,779,19,2,2,1033,722,minus_x1_minus_omega3_times_d,207,79,335,51,19,83,19,19,v6,3,2,25,v7,1,top_split_then_twist_then_dft3_contribution_then_natural_ntt32_input_bitrev_output
0,3,335,335,335,335,719,low_plus_zeta_high,83,2,19,2,v6,3,twist_branch0,83,400,303,19,0,0,-147,1,x0_plus_x1_plus_x2,207,79,335,51,19,83,19,19,v6,3,2,25,v7,1,top_split_then_twist_then_dft3_contribution_then_natural_ntt32_input_bitrev_output
0,3,335,335,335,335,719,low_plus_zeta_high,83,2,19,2,v6,3,twist_branch0,83,400,303,19,1,2,1033,722,minus_x2_minus_omega3_times_d,207,79,335,51,19,83,19,19,v6,3,2,25,v7,1,top_split_then_twist_then_dft3_contribution_then_natural_ntt32_input_bitrev_output
0,3,335,335,335,335,719,low_plus_zeta_high,83,2,19,2,v6,3,twist_branch0,83,400,303,19,2,1,-886,2734,plus_omega3_times_d,207,79,335,51,19,83,19,19,v6,3,2,25,v7,1,top_split_then_twist_then_dft3_contribution_then_natural_ntt32_input_bitrev_output
0,3,339,339,339,339,723,low_plus_zeta_high,84,0,20,2,v4,4,twist_branch0,84,200,1880,20,0,0,-147,1,x0_plus_x1_plus_x2,339,211,83,84,52,20,20,20,v6,4,2,5,v4,5,top_split_then_twist_then_dft3_contribution_then_natural_ntt32_input_bitrev_output
0,3,339,339,339,339,723,low_plus_zeta_high,84,0,20,2,v4,4,twist_branch0,84,200,1880,20,1,0,-147,1,x0,339,211,83,84,52,20,20,20,v6,4,2,5,v4,5,top_split_then_twist_then_dft3_contribution_then_natural_ntt32_input_bitrev_output
0,3,339,339,339,339,723,low_plus_zeta_high,84,0,20,2,v4,4,twist_branch0,84,200,1880,20,2,0,-147,1,x0,339,211,83,84,52,20,20,20,v6,4,2,5,v4,5,top_split_then_twist_then_dft3_contribution_then_natural_ntt32_input_bitrev_output
0,3,211,211,211,211,595,low_plus_zeta_high,52,1,20,2,v5,4,twist_branch0,52,550,1713,20,0,0,-147,1,x0_plus_x1_plus_x2,339,211,83,84,52,20,20,20,v6,4,2,5,v4,5,top_split_then_twist_then_dft3_contribution_then_natural_ntt32_input_bitrev_output
0,3,211,211,211,211,595,low_plus_zeta_high,52,1,20,2,v5,4,twist_branch0,52,550,1713,20,1,1,-886,2734,plus_omega3_times_d,339,211,83,84,52,20,20,20,v6,4,2,5,v4,5,top_split_then_twist_then_dft3_contribution_then_natural_ntt32_input_bitrev_output
0,3,211,211,211,211,595,low_plus_zeta_high,52,1,20,2,v5,4,twist_branch0,52,550,1713,20,2,2,1033,722,minus_x1_minus_omega3_times_d,339,211,83,84,52,20,20,20,v6,4,2,5,v4,5,top_split_then_twist_then_dft3_contribution_then_natural_ntt32_input_bitrev_output
0,3,83,83,83,83,467,low_plus_zeta_high,20,2,20,2,v6,4,twist_branch0,20,-216,2118,20,0,0,-147,1,x0_plus_x1_plus_x2,339,211,83,84,52,20,20,20,v6,4,2,5,v4,5,top_split_then_twist_then_dft3_contribution_then_natural_ntt32_input_bitrev_output
0,3,83,83,83,83,467,low_plus_zeta_high,20,2,20,2,v6,4,twist_branch0,20,-216,2118,20,1,2,1033,722,minus_x2_minus_omega3_times_d,339,211,83,84,52,20,20,20,v6,4,2,5,v4,5,top_split_then_twist_then_dft3_contribution_then_natural_ntt32_input_bitrev_output
0,3,83,83,83,83,467,low_plus_zeta_high,20,2,20,2,v6,4,twist_branch0,20,-216,2118,20,2,1,-886,2734,plus_omega3_times_d,339,211,83,84,52,20,20,20,v6,4,2,5,v4,5,top_split_then_twist_then_dft3_contribution_then_natural_ntt32_input_bitrev_output
0,3,87,87,87,87,471,low_plus_zeta_high,21,0,21,2,v4,5,twist_branch0,21,-108,1059,21,0,0,-147,1,x0_plus_x1_plus_x2,87,343,215,21,85,53,21,21,v6,5,2,21,v6,5,top_split_then_twist_then_dft3_contribution_then_natural_ntt32_input_bitrev_output
0,3,87,87,87,87,471,low_plus_zeta_high,21,0,21,2,v4,5,twist_branch0,21,-108,1059,21,1,0,-147,1,x0,87,343,215,21,85,53,21,21,v6,5,2,21,v6,5,top_split_then_twist_then_dft3_contribution_then_natural_ntt32_input_bitrev_output
0,3,87,87,87,87,471,low_plus_zeta_high,21,0,21,2,v4,5,twist_branch0,21,-108,1059,21,2,0,-147,1,x0,87,343,215,21,85,53,21,21,v6,5,2,21,v6,5,top_split_then_twist_then_dft3_contribution_then_natural_ntt32_input_bitrev_output
0,3,343,343,343,343,727,low_plus_zeta_high,85,1,21,2,v5,5,twist_branch0,85,100,940,21,0,0,-147,1,x0_plus_x1_plus_x2,87,343,215,21,85,53,21,21,v6,5,2,21,v6,5,top_split_then_twist_then_dft3_contribution_then_natural_ntt32_input_bitrev_output
0,3,343,343,343,343,727,low_plus_zeta_high,85,1,21,2,v5,5,twist_branch0,85,100,940,21,1,1,-886,2734,plus_omega3_times_d,87,343,215,21,85,53,21,21,v6,5,2,21,v6,5,top_split_then_twist_then_dft3_contribution_then_natural_ntt32_input_bitrev_output
0,3,343,343,343,343,727,low_plus_zeta_high,85,1,21,2,v5,5,twist_branch0,85,100,940,21,2,2,1033,722,minus_x1_minus_omega3_times_d,87,343,215,21,85,53,21,21,v6,5,2,21,v6,5,top_split_then_twist_then_dft3_contribution_then_natural_ntt32_input_bitrev_output
0,3,215,215,215,215,599,low_plus_zeta_high,53,2,21,2,v6,5,twist_branch0,53,275,2585,21,0,0,-147,1,x0_plus_x1_plus_x2,87,343,215,21,85,53,21,21,v6,5,2,21,v6,5,top_split_then_twist_then_dft3_contribution_then_natural_ntt32_input_bitrev_output
0,3,215,215,215,215,599,low_plus_zeta_high,53,2,21,2,v6,5,twist_branch0,53,275,2585,21,1,2,1033,722,minus_x2_minus_omega3_times_d,87,343,215,21,85,53,21,21,v6,5,2,21,v6,5,top_split_then_twist_then_dft3_contribution_then_natural_ntt32_input_bitrev_output
0,3,215,215,215,215,599,low_plus_zeta_high,53,2,21,2,v6,5,twist_branch0,53,275,2585,21,2,1,-886,2734,plus_omega3_times_d,87,343,215,21,85,53,21,21,v6,5,2,21,v6,5,top_split_then_twist_then_dft3_contribution_then_natural_ntt32_input_bitrev_output
0,3,219,219,219,219,603,low_plus_zeta_high,54,0,22,2,v4,6,twist_branch0,54,-1591,3021,22,0,0,-147,1,x0_plus_x1_plus_x2,219,91,347,54,22,86,22,22,v6,6,2,13,v5,5,top_split_then_twist_then_dft3_contribution_then_natural_ntt32_input_bitrev_output
0,3,219,219,219,219,603,low_plus_zeta_high,54,0,22,2,v4,6,twist_branch0,54,-1591,3021,22,1,0,-147,1,x0,219,91,347,54,22,86,22,22,v6,6,2,13,v5,5,top_split_then_twist_then_dft3_contribution_then_natural_ntt32_input_bitrev_output
0,3,219,219,219,219,603,low_plus_zeta_high,54,0,22,2,v4,6,twist_branch0,54,-1591,3021,22,2,0,-147,1,x0,219,91,347,54,22,86,22,22,v6,6,2,13,v5,5,top_split_then_twist_then_dft3_contribution_then_natural_ntt32_input_bitrev_output
0,3,91,91,91,91,475,low_plus_zeta_high,22,1,22,2,v5,6,twist_branch0,22,-54,2258,22,0,0,-147,1,x0_plus_x1_plus_x2,219,91,347,54,22,86,22,22,v6,6,2,13,v5,5,top_split_then_twist_then_dft3_contribution_then_natural_ntt32_input_bitrev_output
0,3,91,91,91,91,475,low_plus_zeta_high,22,1,22,2,v5,6,twist_branch0,22,-54,2258,22,1,1,-886,2734,plus_omega3_times_d,219,91,347,54,22,86,22,22,v6,6,2,13,v5,5,top_split_then_twist_then_dft3_contribution_then_natural_ntt32_input_bitrev_output
0,3,91,91,91,91,475,low_plus_zeta_high,22,1,22,2,v5,6,twist_branch0,22,-54,2258,22,2,2,1033,722,minus_x1_minus_omega3_times_d,219,91,347,54,22,86,22,22,v6,6,2,13,v5,5,top_split_then_twist_then_dft3_contribution_then_natural_ntt32_input_bitrev_output
0,3,347,347,347,347,731,low_plus_zeta_high,86,2,22,2,v6,6,twist_branch0,86,50,470,22,0,0,-147,1,x0_plus_x1_plus_x2,219,91,347,54,22,86,22,22,v6,6,2,13,v5,5,top_split_then_twist_then_dft3_contribution_then_natural_ntt32_input_bitrev_output
0,3,347,347,347,347,731,low_plus_zeta_high,86,2,22,2,v6,6,twist_branch0,86,50,470,22,1,2,1033,722,minus_x2_minus_omega3_times_d,219,91,347,54,22,86,22,22,v6,6,2,13,v5,5,top_split_then_twist_then_dft3_contribution_then_natural_ntt32_input_bitrev_output
0,3,347,347,347,347,731,low_plus_zeta_high,86,2,22,2,v6,6,twist_branch0,86,50,470,22,2,1,-886,2734,plus_omega3_times_d,219,91,347,54,22,86,22,22,v6,6,2,13,v5,5,top_split_then_twist_then_dft3_contribution_then_natural_ntt32_input_bitrev_output
0,3,351,351,351,351,735,low_plus_zeta_high,87,0,23,2,v4,7,twist_branch0,87,25,235,23,0,0,-147,1,x0_plus_x1_plus_x2,351,223,95,87,55,23,23,23,v6,7,2,29,v7,5,top_split_then_twist_then_dft3_contribution_then_natural_ntt32_input_bitrev_output
0,3,351,351,351,351,735,low_plus_zeta_high,87,0,23,2,v4,7,twist_branch0,87,25,235,23,1,0,-147,1,x0,351,223,95,87,55,23,23,23,v6,7,2,29,v7,5,top_split_then_twist_then_dft3_contribution_then_natural_ntt32_input_bitrev_output
0,3,351,351,351,351,735,low_plus_zeta_high,87,0,23,2,v4,7,twist_branch0,87,25,235,23,2,0,-147,1,x0,351,223,95,87,55,23,23,23,v6,7,2,29,v7,5,top_split_then_twist_then_dft3_contribution_then_natural_ntt32_input_bitrev_output
0,3,223,223,223,223,607,low_plus_zeta_high,55,1,23,2,v5,7,twist_branch0,55,933,3239,23,0,0,-147,1,x0_plus_x1_plus_x2,351,223,95,87,55,23,23,23,v6,7,2,29,v7,5,top_split_then_twist_then_dft3_contribution_then_natural_ntt32_input_bitrev_output
0,3,223,223,223,223,607,low_plus_zeta_high,55,1,23,2,v5,7,twist_branch0,55,933,3239,23,1,1,-886,2734,plus_omega3_times_d,351,223,95,87,55,23,23,23,v6,7,2,29,v7,5,top_split_then_twist_then_dft3_contribution_then_natural_ntt32_input_bitrev_output
0,3,223,223,223,223,607,low_plus_zeta_high,55,1,23,2,v5,7,twist_branch0,55,933,3239,23,2,2,1033,722,minus_x1_minus_omega3_times_d,351,223,95,87,55,23,23,23,v6,7,2,29,v7,5,top_split_then_twist_then_dft3_contribution_then_natural_ntt32_input_bitrev_output
0,3,95,95,95,95,479,low_plus_zeta_high,23,2,23,2,v6,7,twist_branch0,23,-27,1129,23,0,0,-147,1,x0_plus_x1_plus_x2,351,223,95,87,55,23,23,23,v6,7,2,29,v7,5,top_split_then_twist_then_dft3_contribution_then_natural_ntt32_input_bitrev_output
0,3,95,95,95,95,479,low_plus_zeta_high,23,2,23,2,v6,7,twist_branch0,23,-27,1129,23,1,2,1033,722,minus_x2_minus_omega3_times_d,351,223,95,87,55,23,23,23,v6,7,2,29,v7,5,top_split_then_twist_then_dft3_contribution_then_natural_ntt32_input_bitrev_output
0,3,95,95,95,95,479,low_plus_zeta_high,23,2,23,2,v6,7,twist_branch0,23,-27,1129,23,2,1,-886,2734,plus_omega3_times_d,351,223,95,87,55,23,23,23,v6,7,2,29,v7,5,top_split_then_twist_then_dft3_contribution_then_natural_ntt32_input_bitrev_output
0,3,99,99,99,99,483,low_plus_zeta_high,24,0,24,3,v4,0,twist_branch0,24,1715,2293,24,0,0,-147,1,x0_plus_x1_plus_x2,99,355,227,24,88,56,24,24,v7,0,3,3,v4,3,top_split_then_twist_then_dft3_contribution_then_natural_ntt32_input_bitrev_output
0,3,99,99,99,99,483,low_plus_zeta_high,24,0,24,3,v4,0,twist_branch0,24,1715,2293,24,1,0,-147,1,x0,99,355,227,24,88,56,24,24,v7,0,3,3,v4,3,top_split_then_twist_then_dft3_contribution_then_natural_ntt32_input_bitrev_output
0,3,99,99,99,99,483,low_plus_zeta_high,24,0,24,3,v4,0,twist_branch0,24,1715,2293,24,2,0,-147,1,x0,99,355,227,24,88,56,24,24,v7,0,3,3,v4,3,top_split_then_twist_then_dft3_contribution_then_natural_ntt32_input_bitrev_output
0,3,355,355,355,355,739,low_plus_zeta_high,88,1,24,3,v5,0,twist_branch0,88,-1716,1846,24,0,0,-147,1,x0_plus_x1_plus_x2,99,355,227,24,88,56,24,24,v7,0,3,3,v4,3,top_split_then_twist_then_dft3_contribution_then_natural_ntt32_input_bitrev_output
0,3,355,355,355,355,739,low_plus_zeta_high,88,1,24,3,v5,0,twist_branch0,88,-1716,1846,24,1,1,-886,2734,plus_omega3_times_d,99,355,227,24,88,56,24,24,v7,0,3,3,v4,3,top_split_then_twist_then_dft3_contribution_then_natural_ntt32_input_bitrev_output
0,3,355,355,355,355,739,low_plus_zeta_high,88,1,24,3,v5,0,twist_branch0,88,-1716,1846,24,2,2,1033,722,minus_x1_minus_omega3_times_d,99,355,227,24,88,56,24,24,v7,0,3,3,v4,3,top_split_then_twist_then_dft3_contribution_then_natural_ntt32_input_bitrev_output
0,3,227,227,227,227,611,low_plus_zeta_high,56,2,24,3,v6,0,twist_branch0,56,-1262,3348,24,0,0,-147,1,x0_plus_x1_plus_x2,99,355,227,24,88,56,24,24,v7,0,3,3,v4,3,top_split_then_twist_then_dft3_contribution_then_natural_ntt32_input_bitrev_output
0,3,227,227,227,227,611,low_plus_zeta_high,56,2,24,3,v6,0,twist_branch0,56,-1262,3348,24,1,2,1033,722,minus_x2_minus_omega3_times_d,99,355,227,24,88,56,24,24,v7,0,3,3,v4,3,top_split_then_twist_then_dft3_contribution_then_natural_ntt32_input_bitrev_output
0,3,227,227,227,227,611,low_plus_zeta_high,56,2,24,3,v6,0,twist_branch0,56,-1262,3348,24,2,1,-886,2734,plus_omega3_times_d,99,355,227,24,88,56,24,24,v7,0,3,3,v4,3,top_split_then_twist_then_dft3_contribution_then_natural_ntt32_input_bitrev_output
0,3,231,231,231,231,615,low_plus_zeta_high,57,0,25,3,v4,1,twist_branch0,57,-631,1674,25,0,0,-147,1,x0_plus_x1_plus_x2,231,103,359,57,25,89,25,25,v7,1,3,19,v6,3,top_split_then_twist_then_dft3_contribution_then_natural_ntt32_input_bitrev_output
0,3,231,231,231,231,615,low_plus_zeta_high,57,0,25,3,v4,1,twist_branch0,57,-631,1674,25,1,0,-147,1,x0,231,103,359,57,25,89,25,25,v7,1,3,19,v6,3,top_split_then_twist_then_dft3_contribution_then_natural_ntt32_input_bitrev_output
0,3,231,231,231,231,615,low_plus_zeta_high,57,0,25,3,v4,1,twist_branch0,57,-631,1674,25,2,0,-147,1,x0,231,103,359,57,25,89,25,25,v7,1,3,19,v6,3,top_split_then_twist_then_dft3_contribution_then_natural_ntt32_input_bitrev_output
0,3,103,103,103,103,487,low_plus_zeta_high,25,1,25,3,v5,1,twist_branch0,25,-871,2875,25,0,0,-147,1,x0_plus_x1_plus_x2,231,103,359,57,25,89,25,25,v7,1,3,19,v6,3,top_split_then_twist_then_dft3_contribution_then_natural_ntt32_input_bitrev_output
0,3,103,103,103,103,487,low_plus_zeta_high,25,1,25,3,v5,1,twist_branch0,25,-871,2875,25,1,1,-886,2734,plus_omega3_times_d,231,103,359,57,25,89,25,25,v7,1,3,19,v6,3,top_split_then_twist_then_dft3_contribution_then_natural_ntt32_input_bitrev_output
0,3,103,103,103,103,487,low_plus_zeta_high,25,1,25,3,v5,1,twist_branch0,25,-871,2875,25,2,2,1033,722,minus_x1_minus_omega3_times_d,231,103,359,57,25,89,25,25,v7,1,3,19,v6,3,top_split_then_twist_then_dft3_contribution_then_natural_ntt32_input_bitrev_output
0,3,359,359,359,359,743,low_plus_zeta_high,89,2,25,3,v6,1,twist_branch0,89,-858,923,25,0,0,-147,1,x0_plus_x1_plus_x2,231,103,359,57,25,89,25,25,v7,1,3,19,v6,3,top_split_then_twist_then_dft3_contribution_then_natural_ntt32_input_bitrev_output
0,3,359,359,359,359,743,low_plus_zeta_high,89,2,25,3,v6,1,twist_branch0,89,-858,923,25,1,2,1033,722,minus_x2_minus_omega3_times_d,231,103,359,57,25,89,25,25,v7,1,3,19,v6,3,top_split_then_twist_then_dft3_contribution_then_natural_ntt32_input_bitrev_output
0,3,359,359,359,359,743,low_plus_zeta_high,89,2,25,3,v6,1,twist_branch0,89,-858,923,25,2,1,-886,2734,plus_omega3_times_d,231,103,359,57,25,89,25,25,v7,1,3,19,v6,3,top_split_then_twist_then_dft3_contribution_then_natural_ntt32_input_bitrev_output
0,3,363,363,363,363,747,low_plus_zeta_high,90,0,26,3,v4,2,twist_branch0,90,-429,2190,26,0,0,-147,1,x0_plus_x1_plus_x2,363,235,107,90,58,26,26,26,v7,2,3,11,v5,3,top_split_then_twist_then_dft3_contribution_then_natural_ntt32_input_bitrev_output
0,3,363,363,363,363,747,low_plus_zeta_high,90,0,26,3,v4,2,twist_branch0,90,-429,2190,26,1,0,-147,1,x0,363,235,107,90,58,26,26,26,v7,2,3,11,v5,3,top_split_then_twist_then_dft3_contribution_then_natural_ntt32_input_bitrev_output
0,3,363,363,363,363,747,low_plus_zeta_high,90,0,26,3,v4,2,twist_branch0,90,-429,2190,26,2,0,-147,1,x0,363,235,107,90,58,26,26,26,v7,2,3,11,v5,3,top_split_then_twist_then_dft3_contribution_then_natural_ntt32_input_bitrev_output
0,3,235,235,235,235,619,low_plus_zeta_high,58,1,26,3,v5,2,twist_branch0,58,1413,837,26,0,0,-147,1,x0_plus_x1_plus_x2,363,235,107,90,58,26,26,26,v7,2,3,11,v5,3,top_split_then_twist_then_dft3_contribution_then_natural_ntt32_input_bitrev_output
0,3,235,235,235,235,619,low_plus_zeta_high,58,1,26,3,v5,2,twist_branch0,58,1413,837,26,1,1,-886,2734,plus_omega3_times_d,363,235,107,90,58,26,26,26,v7,2,3,11,v5,3,top_split_then_twist_then_dft3_contribution_then_natural_ntt32_input_bitrev_output
0,3,235,235,235,235,619,low_plus_zeta_high,58,1,26,3,v5,2,twist_branch0,58,1413,837,26,2,2,1033,722,minus_x1_minus_omega3_times_d,363,235,107,90,58,26,26,26,v7,2,3,11,v5,3,top_split_then_twist_then_dft3_contribution_then_natural_ntt32_input_bitrev_output
0,3,107,107,107,107,491,low_plus_zeta_high,26,2,26,3,v6,2,twist_branch0,26,1293,3166,26,0,0,-147,1,x0_plus_x1_plus_x2,363,235,107,90,58,26,26,26,v7,2,3,11,v5,3,top_split_then_twist_then_dft3_contribution_then_natural_ntt32_input_bitrev_output
0,3,107,107,107,107,491,low_plus_zeta_high,26,2,26,3,v6,2,twist_branch0,26,1293,3166,26,1,2,1033,722,minus_x2_minus_omega3_times_d,363,235,107,90,58,26,26,26,v7,2,3,11,v5,3,top_split_then_twist_then_dft3_contribution_then_natural_ntt32_input_bitrev_output
0,3,107,107,107,107,491,low_plus_zeta_high,26,2,26,3,v6,2,twist_branch0,26,1293,3166,26,2,1,-886,2734,plus_omega3_times_d,363,235,107,90,58,26,26,26,v7,2,3,11,v5,3,top_split_then_twist_then_dft3_contribution_then_natural_ntt32_input_bitrev_output
0,3,111,111,111,111,495,low_plus_zeta_high,27,0,27,3,v4,3,twist_branch0,27,-1082,1583,27,0,0,-147,1,x0_plus_x1_plus_x2,111,367,239,27,91,59,27,27,v7,3,3,27,v7,3,top_split_then_twist_then_dft3_contribution_then_natural_ntt32_input_bitrev_output
0,3,111,111,111,111,495,low_plus_zeta_high,27,0,27,3,v4,3,twist_branch0,27,-1082,1583,27,1,0,-147,1,x0,111,367,239,27,91,59,27,27,v7,3,3,27,v7,3,top_split_then_twist_then_dft3_contribution_then_natural_ntt32_input_bitrev_output
0,3,111,111,111,111,495,low_plus_zeta_high,27,0,27,3,v4,3,twist_branch0,27,-1082,1583,27,2,0,-147,1,x0,111,367,239,27,91,59,27,27,v7,3,3,27,v7,3,top_split_then_twist_then_dft3_contribution_then_natural_ntt32_input_bitrev_output
0,3,367,367,367,367,751,low_plus_zeta_high,91,1,27,3,v5,3,twist_branch0,91,1514,1095,27,0,0,-147,1,x0_plus_x1_plus_x2,111,367,239,27,91,59,27,27,v7,3,3,27,v7,3,top_split_then_twist_then_dft3_contribution_then_natural_ntt32_input_bitrev_output
0,3,367,367,367,367,751,low_plus_zeta_high,91,1,27,3,v5,3,twist_branch0,91,1514,1095,27,1,1,-886,2734,plus_omega3_times_d,111,367,239,27,91,59,27,27,v7,3,3,27,v7,3,top_split_then_twist_then_dft3_contribution_then_natural_ntt32_input_bitrev_output
0,3,367,367,367,367,751,low_plus_zeta_high,91,1,27,3,v5,3,twist_branch0,91,1514,1095,27,2,2,1033,722,minus_x1_minus_omega3_times_d,111,367,239,27,91,59,27,27,v7,3,3,27,v7,3,top_split_then_twist_then_dft3_contribution_then_natural_ntt32_input_bitrev_output
0,3,239,239,239,239,623,low_plus_zeta_high,59,2,27,3,v6,3,twist_branch0,59,-1022,2147,27,0,0,-147,1,x0_plus_x1_plus_x2,111,367,239,27,91,59,27,27,v7,3,3,27,v7,3,top_split_then_twist_then_dft3_contribution_then_natural_ntt32_input_bitrev_output
0,3,239,239,239,239,623,low_plus_zeta_high,59,2,27,3,v6,3,twist_branch0,59,-1022,2147,27,1,2,1033,722,minus_x2_minus_omega3_times_d,111,367,239,27,91,59,27,27,v7,3,3,27,v7,3,top_split_then_twist_then_dft3_contribution_then_natural_ntt32_input_bitrev_output
0,3,239,239,239,239,623,low_plus_zeta_high,59,2,27,3,v6,3,twist_branch0,59,-1022,2147,27,2,1,-886,2734,plus_omega3_times_d,111,367,239,27,91,59,27,27,v7,3,3,27,v7,3,top_split_then_twist_then_dft3_contribution_then_natural_ntt32_input_bitrev_output
0,3,243,243,243,243,627,low_plus_zeta_high,60,0,28,3,v4,4,twist_branch0,60,-511,2802,28,0,0,-147,1,x0_plus_x1_plus_x2,243,115,371,60,28,92,28,28,v7,4,3,7,v4,7,top_split_then_twist_then_dft3_contribution_then_natural_ntt32_input_bitrev_output
0,3,243,243,243,243,627,low_plus_zeta_high,60,0,28,3,v4,4,twist_branch0,60,-511,2802,28,1,0,-147,1,x0,243,115,371,60,28,92,28,28,v7,4,3,7,v4,7,top_split_then_twist_then_dft3_contribution_then_natural_ntt32_input_bitrev_output
0,3,243,243,243,243,627,low_plus_zeta_high,60,0,28,3,v4,4,twist_branch0,60,-511,2802,28,2,0,-147,1,x0,243,115,371,60,28,92,28,28,v7,4,3,7,v4,7,top_split_then_twist_then_dft3_contribution_then_natural_ntt32_input_bitrev_output
0,3,115,115,115,115,499,low_plus_zeta_high,28,1,28,3,v5,4,twist_branch0,28,-541,2520,28,0,0,-147,1,x0_plus_x1_plus_x2,243,115,371,60,28,92,28,28,v7,4,3,7,v4,7,top_split_then_twist_then_dft3_contribution_then_natural_ntt32_input_bitrev_output
0,3,115,115,115,115,499,low_plus_zeta_high,28,1,28,3,v5,4,twist_branch0,28,-541,2520,28,1,1,-886,2734,plus_omega3_times_d,243,115,371,60,28,92,28,28,v7,4,3,7,v4,7,top_split_then_twist_then_dft3_contribution_then_natural_ntt32_input_bitrev_output
0,3,115,115,115,115,499,low_plus_zeta_high,28,1,28,3,v5,4,twist_branch0,28,-541,2520,28,2,2,1033,722,minus_x1_minus_omega3_times_d,243,115,371,60,28,92,28,28,v7,4,3,7,v4,7,top_split_then_twist_then_dft3_contribution_then_natural_ntt32_input_bitrev_output
0,3,371,371,371,371,755,low_plus_zeta_high,92,2,28,3,v6,4,twist_branch0,92,757,2276,28,0,0,-147,1,x0_plus_x1_plus_x2,243,115,371,60,28,92,28,28,v7,4,3,7,v4,7,top_split_then_twist_then_dft3_contribution_then_natural_ntt32_input_bitrev_output
0,3,371,371,371,371,755,low_plus_zeta_high,92,2,28,3,v6,4,twist_branch0,92,757,2276,28,1,2,1033,722,minus_x2_minus_omega3_times_d,243,115,371,60,28,92,28,28,v7,4,3,7,v4,7,top_split_then_twist_then_dft3_contribution_then_natural_ntt32_input_bitrev_output
0,3,371,371,371,371,755,low_plus_zeta_high,92,2,28,3,v6,4,twist_branch0,92,757,2276,28,2,1,-886,2734,plus_omega3_times_d,243,115,371,60,28,92,28,28,v7,4,3,7,v4,7,top_split_then_twist_then_dft3_contribution_then_natural_ntt32_input_bitrev_output
0,3,375,375,375,375,759,low_plus_zeta_high,93,0,29,3,v4,5,twist_branch0,93,-1350,1138,29,0,0,-147,1,x0_plus_x1_plus_x2,375,247,119,93,61,29,29,29,v7,5,3,23,v6,7,top_split_then_twist_then_dft3_contribution_then_natural_ntt32_input_bitrev_output
0,3,375,375,375,375,759,low_plus_zeta_high,93,0,29,3,v4,5,twist_branch0,93,-1350,1138,29,1,0,-147,1,x0,375,247,119,93,61,29,29,29,v7,5,3,23,v6,7,top_split_then_twist_then_dft3_contribution_then_natural_ntt32_input_bitrev_output
0,3,375,375,375,375,759,low_plus_zeta_high,93,0,29,3,v4,5,twist_branch0,93,-1350,1138,29,2,0,-147,1,x0,375,247,119,93,61,29,29,29,v7,5,3,23,v6,7,top_split_then_twist_then_dft3_contribution_then_natural_ntt32_input_bitrev_output
0,3,247,247,247,247,631,low_plus_zeta_high,61,1,29,3,v5,5,twist_branch0,61,1473,1401,29,0,0,-147,1,x0_plus_x1_plus_x2,375,247,119,93,61,29,29,29,v7,5,3,23,v6,7,top_split_then_twist_then_dft3_contribution_then_natural_ntt32_input_bitrev_output
0,3,247,247,247,247,631,low_plus_zeta_high,61,1,29,3,v5,5,twist_branch0,61,1473,1401,29,1,1,-886,2734,plus_omega3_times_d,375,247,119,93,61,29,29,29,v7,5,3,23,v6,7,top_split_then_twist_then_dft3_contribution_then_natural_ntt32_input_bitrev_output
0,3,247,247,247,247,631,low_plus_zeta_high,61,1,29,3,v5,5,twist_branch0,61,1473,1401,29,2,2,1033,722,minus_x1_minus_omega3_times_d,375,247,119,93,61,29,29,29,v7,5,3,23,v6,7,top_split_then_twist_then_dft3_contribution_then_natural_ntt32_input_bitrev_output
0,3,119,119,119,119,503,low_plus_zeta_high,29,2,29,3,v6,5,twist_branch0,29,1458,1260,29,0,0,-147,1,x0_plus_x1_plus_x2,375,247,119,93,61,29,29,29,v7,5,3,23,v6,7,top_split_then_twist_then_dft3_contribution_then_natural_ntt32_input_bitrev_output
0,3,119,119,119,119,503,low_plus_zeta_high,29,2,29,3,v6,5,twist_branch0,29,1458,1260,29,1,2,1033,722,minus_x2_minus_omega3_times_d,375,247,119,93,61,29,29,29,v7,5,3,23,v6,7,top_split_then_twist_then_dft3_contribution_then_natural_ntt32_input_bitrev_output
0,3,119,119,119,119,503,low_plus_zeta_high,29,2,29,3,v6,5,twist_branch0,29,1458,1260,29,2,1,-886,2734,plus_omega3_times_d,375,247,119,93,61,29,29,29,v7,5,3,23,v6,7,top_split_then_twist_then_dft3_contribution_then_natural_ntt32_input_bitrev_output
0,3,123,123,123,123,507,low_plus_zeta_high,30,0,30,3,v4,6,twist_branch0,30,729,630,30,0,0,-147,1,x0_plus_x1_plus_x2,123,379,251,30,94,62,30,30,v7,6,3,15,v5,7,top_split_then_twist_then_dft3_contribution_then_natural_ntt32_input_bitrev_output
0,3,123,123,123,123,507,low_plus_zeta_high,30,0,30,3,v4,6,twist_branch0,30,729,630,30,1,0,-147,1,x0,123,379,251,30,94,62,30,30,v7,6,3,15,v5,7,top_split_then_twist_then_dft3_contribution_then_natural_ntt32_input_bitrev_output
0,3,123,123,123,123,507,low_plus_zeta_high,30,0,30,3,v4,6,twist_branch0,30,729,630,30,2,0,-147,1,x0,123,379,251,30,94,62,30,30,v7,6,3,15,v5,7,top_split_then_twist_then_dft3_contribution_then_natural_ntt32_input_bitrev_output
0,3,379,379,379,379,763,low_plus_zeta_high,94,1,30,3,v5,6,twist_branch0,94,-675,569,30,0,0,-147,1,x0_plus_x1_plus_x2,123,379,251,30,94,62,30,30,v7,6,3,15,v5,7,top_split_then_twist_then_dft3_contribution_then_natural_ntt32_input_bitrev_output
0,3,379,379,379,379,763,low_plus_zeta_high,94,1,30,3,v5,6,twist_branch0,94,-675,569,30,1,1,-886,2734,plus_omega3_times_d,123,379,251,30,94,62,30,30,v7,6,3,15,v5,7,top_split_then_twist_then_dft3_contribution_then_natural_ntt32_input_bitrev_output
0,3,379,379,379,379,763,low_plus_zeta_high,94,1,30,3,v5,6,twist_branch0,94,-675,569,30,2,2,1033,722,minus_x1_minus_omega3_times_d,123,379,251,30,94,62,30,30,v7,6,3,15,v5,7,top_split_then_twist_then_dft3_contribution_then_natural_ntt32_input_bitrev_output
0,3,251,251,251,251,635,low_plus_zeta_high,62,2,30,3,v6,6,twist_branch0,62,-992,2429,30,0,0,-147,1,x0_plus_x1_plus_x2,123,379,251,30,94,62,30,30,v7,6,3,15,v5,7,top_split_then_twist_then_dft3_contribution_then_natural_ntt32_input_bitrev_output
0,3,251,251,251,251,635,low_plus_zeta_high,62,2,30,3,v6,6,twist_branch0,62,-992,2429,30,1,2,1033,722,minus_x2_minus_omega3_times_d,123,379,251,30,94,62,30,30,v7,6,3,15,v5,7,top_split_then_twist_then_dft3_contribution_then_natural_ntt32_input_bitrev_output
0,3,251,251,251,251,635,low_plus_zeta_high,62,2,30,3,v6,6,twist_branch0,62,-992,2429,30,2,1,-886,2734,plus_omega3_times_d,123,379,251,30,94,62,30,30,v7,6,3,15,v5,7,top_split_then_twist_then_dft3_contribution_then_natural_ntt32_input_bitrev_output
0,3,255,255,255,255,639,low_plus_zeta_high,63,0,31,3,v4,7,twist_branch0,63,-496,2943,31,0,0,-147,1,x0_plus_x1_plus_x2,255,127,383,63,31,95,31,31,v7,7,3,31,v7,7,top_split_then_twist_then_dft3_contribution_then_natural_ntt32_input_bitrev_output
0,3,255,255,255,255,639,low_plus_zeta_high,63,0,31,3,v4,7,twist_branch0,63,-496,2943,31,1,0,-147,1,x0,255,127,383,63,31,95,31,31,v7,7,3,31,v7,7,top_split_then_twist_then_dft3_contribution_then_natural_ntt32_input_bitrev_output
0,3,255,255,255,255,639,low_plus_zeta_high,63,0,31,3,v4,7,twist_branch0,63,-496,2943,31,2,0,-147,1,x0,255,127,383,63,31,95,31,31,v7,7,3,31,v7,7,top_split_then_twist_then_dft3_contribution_then_natural_ntt32_input_bitrev_output
0,3,127,127,127,127,511,low_plus_zeta_high,31,1,31,3,v5,7,twist_branch0,31,-1364,315,31,0,0,-147,1,x0_plus_x1_plus_x2,255,127,383,63,31,95,31,31,v7,7,3,31,v7,7,top_split_then_twist_then_dft3_contribution_then_natural_ntt32_input_bitrev_output
0,3,127,127,127,127,511,low_plus_zeta_high,31,1,31,3,v5,7,twist_branch0,31,-1364,315,31,1,1,-886,2734,plus_omega3_times_d,255,127,383,63,31,95,31,31,v7,7,3,31,v7,7,top_split_then_twist_then_dft3_contribution_then_natural_ntt32_input_bitrev_output
0,3,127,127,127,127,511,low_plus_zeta_high,31,1,31,3,v5,7,twist_branch0,31,-1364,315,31,2,2,1033,722,minus_x1_minus_omega3_times_d,255,127,383,63,31,95,31,31,v7,7,3,31,v7,7,top_split_then_twist_then_dft3_contribution_then_natural_ntt32_input_bitrev_output
0,3,383,383,383,383,767,low_plus_zeta_high,95,2,31,3,v6,7,twist_branch0,95,1391,2013,31,0,0,-147,1,x0_plus_x1_plus_x2,255,127,383,63,31,95,31,31,v7,7,3,31,v7,7,top_split_then_twist_then_dft3_contribution_then_natural_ntt32_input_bitrev_output
0,3,383,383,383,383,767,low_plus_zeta_high,95,2,31,3,v6,7,twist_branch0,95,1391,2013,31,1,2,1033,722,minus_x2_minus_omega3_times_d,255,127,383,63,31,95,31,31,v7,7,3,31,v7,7,top_split_then_twist_then_dft3_contribution_then_natural_ntt32_input_bitrev_output
0,3,383,383,383,383,767,low_plus_zeta_high,95,2,31,3,v6,7,twist_branch0,95,1391,2013,31,2,1,-886,2734,plus_omega3_times_d,255,127,383,63,31,95,31,31,v7,7,3,31,v7,7,top_split_then_twist_then_dft3_contribution_then_natural_ntt32_input_bitrev_output
1,0,384,0,0,0,384,low_plus_high_minus_zeta_high,0,0,0,0,v4,0,twist_branch1,0,-147,1,0,0,0,-147,1,x0_plus_x1_plus_x2,384,640,512,0,64,32,0,0,v4,0,0,0,v4,0,top_split_then_twist_then_dft3_contribution_then_natural_ntt32_input_bitrev_output
1,0,384,0,0,0,384,low_plus_high_minus_zeta_high,0,0,0,0,v4,0,twist_branch1,0,-147,1,0,1,0,-147,1,x0,384,640,512,0,64,32,0,0,v4,0,0,0,v4,0,top_split_then_twist_then_dft3_contribution_then_natural_ntt32_input_bitrev_output
1,0,384,0,0,0,384,low_plus_high_minus_zeta_high,0,0,0,0,v4,0,twist_branch1,0,-147,1,0,2,0,-147,1,x0,384,640,512,0,64,32,0,0,v4,0,0,0,v4,0,top_split_then_twist_then_dft3_contribution_then_natural_ntt32_input_bitrev_output
1,0,640,256,256,256,640,low_plus_high_minus_zeta_high,64,1,0,0,v5,0,twist_branch1,64,1265,1520,0,0,0,-147,1,x0_plus_x1_plus_x2,384,640,512,0,64,32,0,0,v4,0,0,0,v4,0,top_split_then_twist_then_dft3_contribution_then_natural_ntt32_input_bitrev_output
1,0,640,256,256,256,640,low_plus_high_minus_zeta_high,64,1,0,0,v5,0,twist_branch1,64,1265,1520,0,1,1,-886,2734,plus_omega3_times_d,384,640,512,0,64,32,0,0,v4,0,0,0,v4,0,top_split_then_twist_then_dft3_contribution_then_natural_ntt32_input_bitrev_output
1,0,640,256,256,256,640,low_plus_high_minus_zeta_high,64,1,0,0,v5,0,twist_branch1,64,1265,1520,0,2,2,1033,722,minus_x1_minus_omega3_times_d,384,640,512,0,64,32,0,0,v4,0,0,0,v4,0,top_split_then_twist_then_dft3_contribution_then_natural_ntt32_input_bitrev_output
1,0,512,128,128,128,512,low_plus_high_minus_zeta_high,32,2,0,0,v6,0,twist_branch1,32,460,867,0,0,0,-147,1,x0_plus_x1_plus_x2,384,640,512,0,64,32,0,0,v4,0,0,0,v4,0,top_split_then_twist_then_dft3_contribution_then_natural_ntt32_input_bitrev_output
1,0,512,128,128,128,512,low_plus_high_minus_zeta_high,32,2,0,0,v6,0,twist_branch1,32,460,867,0,1,2,1033,722,minus_x2_minus_omega3_times_d,384,640,512,0,64,32,0,0,v4,0,0,0,v4,0,top_split_then_twist_then_dft3_contribution_then_natural_ntt32_input_bitrev_output
1,0,512,128,128,128,512,low_plus_high_minus_zeta_high,32,2,0,0,v6,0,twist_branch1,32,460,867,0,2,1,-886,2734,plus_omega3_times_d,384,640,512,0,64,32,0,0,v4,0,0,0,v4,0,top_split_then_twist_then_dft3_contribution_then_natural_ntt32_input_bitrev_output
1,0,516,132,132,132,516,low_plus_high_minus_zeta_high,33,0,1,0,v4,1,twist_branch1,33,1278,3025,1,0,0,-147,1,x0_plus_x1_plus_x2,516,388,644,33,1,65,1,1,v4,1,0,16,v6,0,top_split_then_twist_then_dft3_contribution_then_natural_ntt32_input_bitrev_output
1,0,516,132,132,132,516,low_plus_high_minus_zeta_high,33,0,1,0,v4,1,twist_branch1,33,1278,3025,1,1,0,-147,1,x0,516,388,644,33,1,65,1,1,v4,1,0,16,v6,0,top_split_then_twist_then_dft3_contribution_then_natural_ntt32_input_bitrev_output
1,0,516,132,132,132,516,low_plus_high_minus_zeta_high,33,0,1,0,v4,1,twist_branch1,33,1278,3025,1,2,0,-147,1,x0,516,388,644,33,1,65,1,1,v4,1,0,16,v6,0,top_split_then_twist_then_dft3_contribution_then_natural_ntt32_input_bitrev_output
1,0,388,4,4,4,388,low_plus_high_minus_zeta_high,1,1,1,0,v5,1,twist_branch1,1,779,1100,1,0,0,-147,1,x0_plus_x1_plus_x2,516,388,644,33,1,65,1,1,v4,1,0,16,v6,0,top_split_then_twist_then_dft3_contribution_then_natural_ntt32_input_bitrev_output
1,0,388,4,4,4,388,low_plus_high_minus_zeta_high,1,1,1,0,v5,1,twist_branch1,1,779,1100,1,1,1,-886,2734,plus_omega3_times_d,516,388,644,33,1,65,1,1,v4,1,0,16,v6,0,top_split_then_twist_then_dft3_contribution_then_natural_ntt32_input_bitrev_output
1,0,388,4,4,4,388,low_plus_high_minus_zeta_high,1,1,1,0,v5,1,twist_branch1,1,779,1100,1,2,2,1033,722,minus_x1_minus_omega3_times_d,516,388,644,33,1,65,1,1,v4,1,0,16,v6,0,top_split_then_twist_then_dft3_contribution_then_natural_ntt32_input_bitrev_output
1,0,644,260,260,260,644,low_plus_high_minus_zeta_high,65,2,1,0,v6,1,twist_branch1,65,-1671,2269,1,0,0,-147,1,x0_plus_x1_plus_x2,516,388,644,33,1,65,1,1,v4,1,0,16,v6,0,top_split_then_twist_then_dft3_contribution_then_natural_ntt32_input_bitrev_output
1,0,644,260,260,260,644,low_plus_high_minus_zeta_high,65,2,1,0,v6,1,twist_branch1,65,-1671,2269,1,1,2,1033,722,minus_x2_minus_omega3_times_d,516,388,644,33,1,65,1,1,v4,1,0,16,v6,0,top_split_then_twist_then_dft3_contribution_then_natural_ntt32_input_bitrev_output
1,0,644,260,260,260,644,low_plus_high_minus_zeta_high,65,2,1,0,v6,1,twist_branch1,65,-1671,2269,1,2,1,-886,2734,plus_omega3_times_d,516,388,644,33,1,65,1,1,v4,1,0,16,v6,0,top_split_then_twist_then_dft3_contribution_then_natural_ntt32_input_bitrev_output
1,0,648,264,264,264,648,low_plus_high_minus_zeta_high,66,0,2,0,v4,2,twist_branch1,66,1024,3403,2,0,0,-147,1,x0_plus_x1_plus_x2,648,520,392,66,34,2,2,2,v4,2,0,8,v5,0,top_split_then_twist_then_dft3_contribution_then_natural_ntt32_input_bitrev_output
1,0,648,264,264,264,648,low_plus_high_minus_zeta_high,66,0,2,0,v4,2,twist_branch1,66,1024,3403,2,1,0,-147,1,x0,648,520,392,66,34,2,2,2,v4,2,0,8,v5,0,top_split_then_twist_then_dft3_contribution_then_natural_ntt32_input_bitrev_output
1,0,648,264,264,264,648,low_plus_high_minus_zeta_high,66,0,2,0,v4,2,twist_branch1,66,1024,3403,2,2,0,-147,1,x0,648,520,392,66,34,2,2,2,v4,2,0,8,v5,0,top_split_then_twist_then_dft3_contribution_then_natural_ntt32_input_bitrev_output
1,0,520,136,136,136,520,low_plus_high_minus_zeta_high,34,1,2,0,v5,2,twist_branch1,34,-1199,1866,2,0,0,-147,1,x0_plus_x1_plus_x2,648,520,392,66,34,2,2,2,v4,2,0,8,v5,0,top_split_then_twist_then_dft3_contribution_then_natural_ntt32_input_bitrev_output
1,0,520,136,136,136,520,low_plus_high_minus_zeta_high,34,1,2,0,v5,2,twist_branch1,34,-1199,1866,2,1,1,-886,2734,plus_omega3_times_d,648,520,392,66,34,2,2,2,v4,2,0,8,v5,0,top_split_then_twist_then_dft3_contribution_then_natural_ntt32_input_bitrev_output
1,0,520,136,136,136,520,low_plus_high_minus_zeta_high,34,1,2,0,v5,2,twist_branch1,34,-1199,1866,2,2,2,1033,722,minus_x1_minus_omega3_times_d,648,520,392,66,34,2,2,2,v4,2,0,8,v5,0,top_split_then_twist_then_dft3_contribution_then_natural_ntt32_input_bitrev_output
1,0,392,8,8,8,392,low_plus_high_minus_zeta_high,2,2,2,0,v6,2,twist_branch1,2,-436,50,2,0,0,-147,1,x0_plus_x1_plus_x2,648,520,392,66,34,2,2,2,v4,2,0,8,v5,0,top_split_then_twist_then_dft3_contribution_then_natural_ntt32_input_bitrev_output
1,0,392,8,8,8,392,low_plus_high_minus_zeta_high,2,2,2,0,v6,2,twist_branch1,2,-436,50,2,1,2,1033,722,minus_x2_minus_omega3_times_d,648,520,392,66,34,2,2,2,v4,2,0,8,v5,0,top_split_then_twist_then_dft3_contribution_then_natural_ntt32_input_bitrev_output
1,0,392,8,8,8,392,low_plus_high_minus_zeta_high,2,2,2,0,v6,2,twist_branch1,2,-436,50,2,2,1,-886,2734,plus_omega3_times_d,648,520,392,66,34,2,2,2,v4,2,0,8,v5,0,top_split_then_twist_then_dft3_contribution_then_natural_ntt32_input_bitrev_output
1,0,396,12,12,12,396,low_plus_high_minus_zeta_high,3,0,3,0,v4,3,twist_branch1,3,923,3145,3,0,0,-147,1,x0_plus_x1_plus_x2,396,652,524,3,67,35,3,3,v4,3,0,24,v7,0,top_split_then_twist_then_dft3_contribution_then_natural_ntt32_input_bitrev_output
1,0,396,12,12,12,396,low_plus_high_minus_zeta_high,3,0,3,0,v4,3,twist_branch1,3,923,3145,3,1,0,-147,1,x0,396,652,524,3,67,35,3,3,v4,3,0,24,v7,0,top_split_then_twist_then_dft3_contribution_then_natural_ntt32_input_bitrev_output
1,0,396,12,12,12,396,low_plus_high_minus_zeta_high,3,0,3,0,v4,3,twist_branch1,3,923,3145,3,2,0,-147,1,x0,396,652,524,3,67,35,3,3,v4,3,0,24,v7,0,top_split_then_twist_then_dft3_contribution_then_natural_ntt32_input_bitrev_output
1,0,652,268,268,268,652,low_plus_high_minus_zeta_high,67,1,3,0,v5,3,twist_branch1,67,-582,2826,3,0,0,-147,1,x0_plus_x1_plus_x2,396,652,524,3,67,35,3,3,v4,3,0,24,v7,0,top_split_then_twist_then_dft3_contribution_then_natural_ntt32_input_bitrev_output
1,0,652,268,268,268,652,low_plus_high_minus_zeta_high,67,1,3,0,v5,3,twist_branch1,67,-582,2826,3,1,1,-886,2734,plus_omega3_times_d,396,652,524,3,67,35,3,3,v4,3,0,24,v7,0,top_split_then_twist_then_dft3_contribution_then_natural_ntt32_input_bitrev_output
1,0,652,268,268,268,652,low_plus_high_minus_zeta_high,67,1,3,0,v5,3,twist_branch1,67,-582,2826,3,2,2,1033,722,minus_x1_minus_omega3_times_d,396,652,524,3,67,35,3,3,v4,3,0,24,v7,0,top_split_then_twist_then_dft3_contribution_then_natural_ntt32_input_bitrev_output
1,0,524,140,140,140,524,low_plus_high_minus_zeta_high,35,2,3,0,v6,3,twist_branch1,35,1674,2599,3,0,0,-147,1,x0_plus_x1_plus_x2,396,652,524,3,67,35,3,3,v4,3,0,24,v7,0,top_split_then_twist_then_dft3_contribution_then_natural_ntt32_input_bitrev_output
1,0,524,140,140,140,524,low_plus_high_minus_zeta_high,35,2,3,0,v6,3,twist_branch1,35,1674,2599,3,1,2,1033,722,minus_x2_minus_omega3_times_d,396,652,524,3,67,35,3,3,v4,3,0,24,v7,0,top_split_then_twist_then_dft3_contribution_then_natural_ntt32_input_bitrev_output
1,0,524,140,140,140,524,low_plus_high_minus_zeta_high,35,2,3,0,v6,3,twist_branch1,35,1674,2599,3,2,1,-886,2734,plus_omega3_times_d,396,652,524,3,67,35,3,3,v4,3,0,24,v7,0,top_split_then_twist_then_dft3_contribution_then_natural_ntt32_input_bitrev_output
1,0,528,144,144,144,528,low_plus_high_minus_zeta_high,36,0,4,0,v4,4,twist_branch1,36,-1181,3418,4,0,0,-147,1,x0_plus_x1_plus_x2,528,400,656,36,4,68,4,4,v4,4,0,4,v4,4,top_split_then_twist_then_dft3_contribution_then_natural_ntt32_input_bitrev_output
1,0,528,144,144,144,528,low_plus_high_minus_zeta_high,36,0,4,0,v4,4,twist_branch1,36,-1181,3418,4,1,0,-147,1,x0,528,400,656,36,4,68,4,4,v4,4,0,4,v4,4,top_split_then_twist_then_dft3_contribution_then_natural_ntt32_input_bitrev_output
1,0,528,144,144,144,528,low_plus_high_minus_zeta_high,36,0,4,0,v4,4,twist_branch1,36,-1181,3418,4,2,0,-147,1,x0,528,400,656,36,4,68,4,4,v4,4,0,4,v4,4,top_split_then_twist_then_dft3_contribution_then_natural_ntt32_input_bitrev_output
1,0,400,16,16,16,400,low_plus_high_minus_zeta_high,4,1,4,0,v5,4,twist_branch1,4,-1058,2500,4,0,0,-147,1,x0_plus_x1_plus_x2,528,400,656,36,4,68,4,4,v4,4,0,4,v4,4,top_split_then_twist_then_dft3_contribution_then_natural_ntt32_input_bitrev_output
1,0,400,16,16,16,400,low_plus_high_minus_zeta_high,4,1,4,0,v5,4,twist_branch1,4,-1058,2500,4,1,1,-886,2734,plus_omega3_times_d,528,400,656,36,4,68,4,4,v4,4,0,4,v4,4,top_split_then_twist_then_dft3_contribution_then_natural_ntt32_input_bitrev_output
1,0,400,16,16,16,400,low_plus_high_minus_zeta_high,4,1,4,0,v5,4,twist_branch1,4,-1058,2500,4,2,2,1033,722,minus_x1_minus_omega3_times_d,528,400,656,36,4,68,4,4,v4,4,0,4,v4,4,top_split_then_twist_then_dft3_contribution_then_natural_ntt32_input_bitrev_output
1,0,656,272,272,272,656,low_plus_high_minus_zeta_high,68,2,4,0,v6,4,twist_branch1,68,-655,757,4,0,0,-147,1,x0_plus_x1_plus_x2,528,400,656,36,4,68,4,4,v4,4,0,4,v4,4,top_split_then_twist_then_dft3_contribution_then_natural_ntt32_input_bitrev_output
1,0,656,272,272,272,656,low_plus_high_minus_zeta_high,68,2,4,0,v6,4,twist_branch1,68,-655,757,4,1,2,1033,722,minus_x2_minus_omega3_times_d,528,400,656,36,4,68,4,4,v4,4,0,4,v4,4,top_split_then_twist_then_dft3_contribution_then_natural_ntt32_input_bitrev_output
1,0,656,272,272,272,656,low_plus_high_minus_zeta_high,68,2,4,0,v6,4,twist_branch1,68,-655,757,4,2,1,-886,2734,plus_omega3_times_d,528,400,656,36,4,68,4,4,v4,4,0,4,v4,4,top_split_then_twist_then_dft3_contribution_then_natural_ntt32_input_bitrev_output
1,0,660,276,276,276,660,low_plus_high_minus_zeta_high,69,0,5,0,v4,5,twist_branch1,69,-1444,3020,5,0,0,-147,1,x0_plus_x1_plus_x2,660,532,404,69,37,5,5,5,v4,5,0,20,v6,4,top_split_then_twist_then_dft3_contribution_then_natural_ntt32_input_bitrev_output
1,0,660,276,276,276,660,low_plus_high_minus_zeta_high,69,0,5,0,v4,5,twist_branch1,69,-1444,3020,5,1,0,-147,1,x0,660,532,404,69,37,5,5,5,v4,5,0,20,v6,4,top_split_then_twist_then_dft3_contribution_then_natural_ntt32_input_bitrev_output
1,0,660,276,276,276,660,low_plus_high_minus_zeta_high,69,0,5,0,v4,5,twist_branch1,69,-1444,3020,5,2,0,-147,1,x0,660,532,404,69,37,5,5,5,v4,5,0,20,v6,4,top_split_then_twist_then_dft3_contribution_then_natural_ntt32_input_bitrev_output
1,0,532,148,148,148,532,low_plus_high_minus_zeta_high,37,1,5,0,v5,5,twist_branch1,37,732,2041,5,0,0,-147,1,x0_plus_x1_plus_x2,660,532,404,69,37,5,5,5,v4,5,0,20,v6,4,top_split_then_twist_then_dft3_contribution_then_natural_ntt32_input_bitrev_output
1,0,532,148,148,148,532,low_plus_high_minus_zeta_high,37,1,5,0,v5,5,twist_branch1,37,732,2041,5,1,1,-886,2734,plus_omega3_times_d,660,532,404,69,37,5,5,5,v4,5,0,20,v6,4,top_split_then_twist_then_dft3_contribution_then_natural_ntt32_input_bitrev_output
1,0,532,148,148,148,532,low_plus_high_minus_zeta_high,37,1,5,0,v5,5,twist_branch1,37,732,2041,5,2,2,1033,722,minus_x1_minus_omega3_times_d,660,532,404,69,37,5,5,5,v4,5,0,20,v6,4,top_split_then_twist_then_dft3_contribution_then_natural_ntt32_input_bitrev_output
1,0,404,20,20,20,404,low_plus_high_minus_zeta_high,5,2,5,0,v6,5,twist_branch1,5,1209,1685,5,0,0,-147,1,x0_plus_x1_plus_x2,660,532,404,69,37,5,5,5,v4,5,0,20,v6,4,top_split_then_twist_then_dft3_contribution_then_natural_ntt32_input_bitrev_output
1,0,404,20,20,20,404,low_plus_high_minus_zeta_high,5,2,5,0,v6,5,twist_branch1,5,1209,1685,5,1,2,1033,722,minus_x2_minus_omega3_times_d,660,532,404,69,37,5,5,5,v4,5,0,20,v6,4,top_split_then_twist_then_dft3_contribution_then_natural_ntt32_input_bitrev_output
1,0,404,20,20,20,404,low_plus_high_minus_zeta_high,5,2,5,0,v6,5,twist_branch1,5,1209,1685,5,2,1,-886,2734,plus_omega3_times_d,660,532,404,69,37,5,5,5,v4,5,0,20,v6,4,top_split_then_twist_then_dft3_contribution_then_natural_ntt32_input_bitrev_output
1,0,408,24,24,24,408,low_plus_high_minus_zeta_high,6,0,6,0,v4,6,twist_branch1,6,-1045,548,6,0,0,-147,1,x0_plus_x1_plus_x2,408,664,536,6,70,38,6,6,v4,6,0,12,v5,4,top_split_then_twist_then_dft3_contribution_then_natural_ntt32_input_bitrev_output
1,0,408,24,24,24,408,low_plus_high_minus_zeta_high,6,0,6,0,v4,6,twist_branch1,6,-1045,548,6,1,0,-147,1,x0,408,664,536,6,70,38,6,6,v4,6,0,12,v5,4,top_split_then_twist_then_dft3_contribution_then_natural_ntt32_input_bitrev_output
1,0,408,24,24,24,408,low_plus_high_minus_zeta_high,6,0,6,0,v4,6,twist_branch1,6,-1045,548,6,2,0,-147,1,x0,408,664,536,6,70,38,6,6,v4,6,0,12,v5,4,top_split_then_twist_then_dft3_contribution_then_natural_ntt32_input_bitrev_output
1,0,664,280,280,280,664,low_plus_high_minus_zeta_high,70,1,6,0,v5,6,twist_branch1,70,-1637,3280,6,0,0,-147,1,x0_plus_x1_plus_x2,408,664,536,6,70,38,6,6,v4,6,0,12,v5,4,top_split_then_twist_then_dft3_contribution_then_natural_ntt32_input_bitrev_output
1,0,664,280,280,280,664,low_plus_high_minus_zeta_high,70,1,6,0,v5,6,twist_branch1,70,-1637,3280,6,1,1,-886,2734,plus_omega3_times_d,408,664,536,6,70,38,6,6,v4,6,0,12,v5,4,top_split_then_twist_then_dft3_contribution_then_natural_ntt32_input_bitrev_output
1,0,664,280,280,280,664,low_plus_high_minus_zeta_high,70,1,6,0,v5,6,twist_branch1,70,-1637,3280,6,2,2,1033,722,minus_x1_minus_omega3_times_d,408,664,536,6,70,38,6,6,v4,6,0,12,v5,4,top_split_then_twist_then_dft3_contribution_then_natural_ntt32_input_bitrev_output
1,0,536,152,152,152,536,low_plus_high_minus_zeta_high,38,2,6,0,v6,6,twist_branch1,38,-281,1507,6,0,0,-147,1,x0_plus_x1_plus_x2,408,664,536,6,70,38,6,6,v4,6,0,12,v5,4,top_split_then_twist_then_dft3_contribution_then_natural_ntt32_input_bitrev_output
1,0,536,152,152,152,536,low_plus_high_minus_zeta_high,38,2,6,0,v6,6,twist_branch1,38,-281,1507,6,1,2,1033,722,minus_x2_minus_omega3_times_d,408,664,536,6,70,38,6,6,v4,6,0,12,v5,4,top_split_then_twist_then_dft3_contribution_then_natural_ntt32_input_bitrev_output
1,0,536,152,152,152,536,low_plus_high_minus_zeta_high,38,2,6,0,v6,6,twist_branch1,38,-281,1507,6,2,1,-886,2734,plus_omega3_times_d,408,664,536,6,70,38,6,6,v4,6,0,12,v5,4,top_split_then_twist_then_dft3_contribution_then_natural_ntt32_input_bitrev_output
1,0,540,156,156,156,540,low_plus_high_minus_zeta_high,39,0,7,0,v4,7,twist_branch1,39,-1427,1797,7,0,0,-147,1,x0_plus_x1_plus_x2,540,412,668,39,7,71,7,7,v4,7,0,28,v7,4,top_split_then_twist_then_dft3_contribution_then_natural_ntt32_input_bitrev_output
1,0,540,156,156,156,540,low_plus_high_minus_zeta_high,39,0,7,0,v4,7,twist_branch1,39,-1427,1797,7,1,0,-147,1,x0,540,412,668,39,7,71,7,7,v4,7,0,28,v7,4,top_split_then_twist_then_dft3_contribution_then_natural_ntt32_input_bitrev_output
1,0,540,156,156,156,540,low_plus_high_minus_zeta_high,39,0,7,0,v4,7,twist_branch1,39,-1427,1797,7,2,0,-147,1,x0,540,412,668,39,7,71,7,7,v4,7,0,28,v7,4,top_split_then_twist_then_dft3_contribution_then_natural_ntt32_input_bitrev_output
1,0,412,28,28,28,412,low_plus_high_minus_zeta_high,7,1,7,0,v5,7,twist_branch1,7,1681,1282,7,0,0,-147,1,x0_plus_x1_plus_x2,540,412,668,39,7,71,7,7,v4,7,0,28,v7,4,top_split_then_twist_then_dft3_contribution_then_natural_ntt32_input_bitrev_output
1,0,412,28,28,28,412,low_plus_high_minus_zeta_high,7,1,7,0,v5,7,twist_branch1,7,1681,1282,7,1,1,-886,2734,plus_omega3_times_d,540,412,668,39,7,71,7,7,v4,7,0,28,v7,4,top_split_then_twist_then_dft3_contribution_then_natural_ntt32_input_bitrev_output
1,0,412,28,28,28,412,low_plus_high_minus_zeta_high,7,1,7,0,v5,7,twist_branch1,7,1681,1282,7,2,2,1033,722,minus_x1_minus_omega3_times_d,540,412,668,39,7,71,7,7,v4,7,0,28,v7,4,top_split_then_twist_then_dft3_contribution_then_natural_ntt32_input_bitrev_output
1,0,668,284,284,284,668,low_plus_high_minus_zeta_high,71,2,7,0,v6,7,twist_branch1,71,397,2349,7,0,0,-147,1,x0_plus_x1_plus_x2,540,412,668,39,7,71,7,7,v4,7,0,28,v7,4,top_split_then_twist_then_dft3_contribution_then_natural_ntt32_input_bitrev_output
1,0,668,284,284,284,668,low_plus_high_minus_zeta_high,71,2,7,0,v6,7,twist_branch1,71,397,2349,7,1,2,1033,722,minus_x2_minus_omega3_times_d,540,412,668,39,7,71,7,7,v4,7,0,28,v7,4,top_split_then_twist_then_dft3_contribution_then_natural_ntt32_input_bitrev_output
1,0,668,284,284,284,668,low_plus_high_minus_zeta_high,71,2,7,0,v6,7,twist_branch1,71,397,2349,7,2,1,-886,2734,plus_omega3_times_d,540,412,668,39,7,71,7,7,v4,7,0,28,v7,4,top_split_then_twist_then_dft3_contribution_then_natural_ntt32_input_bitrev_output
1,0,672,288,288,288,672,low_plus_high_minus_zeta_high,72,0,8,1,v4,0,twist_branch1,72,1118,1521,8,0,0,-147,1,x0_plus_x1_plus_x2,672,544,416,72,40,8,8,8,v5,0,1,2,v4,2,top_split_then_twist_then_dft3_contribution_then_natural_ntt32_input_bitrev_output
1,0,672,288,288,288,672,low_plus_high_minus_zeta_high,72,0,8,1,v4,0,twist_branch1,72,1118,1521,8,1,0,-147,1,x0,672,544,416,72,40,8,8,8,v5,0,1,2,v4,2,top_split_then_twist_then_dft3_contribution_then_natural_ntt32_input_bitrev_output
1,0,672,288,288,288,672,low_plus_high_minus_zeta_high,72,0,8,1,v4,0,twist_branch1,72,1118,1521,8,2,0,-147,1,x0,672,544,416,72,40,8,8,8,v5,0,1,2,v4,2,top_split_then_twist_then_dft3_contribution_then_natural_ntt32_input_bitrev_output
1,0,544,160,160,160,544,low_plus_high_minus_zeta_high,40,1,8,1,v5,0,twist_branch1,40,-222,2753,8,0,0,-147,1,x0_plus_x1_plus_x2,672,544,416,72,40,8,8,8,v5,0,1,2,v4,2,top_split_then_twist_then_dft3_contribution_then_natural_ntt32_input_bitrev_output
1,0,544,160,160,160,544,low_plus_high_minus_zeta_high,40,1,8,1,v5,0,twist_branch1,40,-222,2753,8,1,1,-886,2734,plus_omega3_times_d,672,544,416,72,40,8,8,8,v5,0,1,2,v4,2,top_split_then_twist_then_dft3_contribution_then_natural_ntt32_input_bitrev_output
1,0,544,160,160,160,544,low_plus_high_minus_zeta_high,40,1,8,1,v5,0,twist_branch1,40,-222,2753,8,2,2,1033,722,minus_x1_minus_omega3_times_d,672,544,416,72,40,8,8,8,v5,0,1,2,v4,2,top_split_then_twist_then_dft3_contribution_then_natural_ntt32_input_bitrev_output
1,0,416,32,32,32,416,low_plus_high_minus_zeta_high,8,2,8,1,v6,0,twist_branch1,8,-395,3201,8,0,0,-147,1,x0_plus_x1_plus_x2,672,544,416,72,40,8,8,8,v5,0,1,2,v4,2,top_split_then_twist_then_dft3_contribution_then_natural_ntt32_input_bitrev_output
1,0,416,32,32,32,416,low_plus_high_minus_zeta_high,8,2,8,1,v6,0,twist_branch1,8,-395,3201,8,1,2,1033,722,minus_x2_minus_omega3_times_d,672,544,416,72,40,8,8,8,v5,0,1,2,v4,2,top_split_then_twist_then_dft3_contribution_then_natural_ntt32_input_bitrev_output
1,0,416,32,32,32,416,low_plus_high_minus_zeta_high,8,2,8,1,v6,0,twist_branch1,8,-395,3201,8,2,1,-886,2734,plus_omega3_times_d,672,544,416,72,40,8,8,8,v5,0,1,2,v4,2,top_split_then_twist_then_dft3_contribution_then_natural_ntt32_input_bitrev_output
1,0,420,36,36,36,420,low_plus_high_minus_zeta_high,9,0,9,1,v4,1,twist_branch1,9,1082,1874,9,0,0,-147,1,x0_plus_x1_plus_x2,420,676,548,9,73,41,9,9,v5,1,1,18,v6,2,top_split_then_twist_then_dft3_contribution_then_natural_ntt32_input_bitrev_output
1,0,420,36,36,36,420,low_plus_high_minus_zeta_high,9,0,9,1,v4,1,twist_branch1,9,1082,1874,9,1,0,-147,1,x0,420,676,548,9,73,41,9,9,v5,1,1,18,v6,2,top_split_then_twist_then_dft3_contribution_then_natural_ntt32_input_bitrev_output
1,0,420,36,36,36,420,low_plus_high_minus_zeta_high,9,0,9,1,v4,1,twist_branch1,9,1082,1874,9,2,0,-147,1,x0,420,676,548,9,73,41,9,9,v5,1,1,18,v6,2,top_split_then_twist_then_dft3_contribution_then_natural_ntt32_input_bitrev_output
1,0,676,292,292,292,676,low_plus_high_minus_zeta_high,73,1,9,1,v5,1,twist_branch1,73,-892,3369,9,0,0,-147,1,x0_plus_x1_plus_x2,420,676,548,9,73,41,9,9,v5,1,1,18,v6,2,top_split_then_twist_then_dft3_contribution_then_natural_ntt32_input_bitrev_output
1,0,676,292,292,292,676,low_plus_high_minus_zeta_high,73,1,9,1,v5,1,twist_branch1,73,-892,3369,9,1,1,-886,2734,plus_omega3_times_d,420,676,548,9,73,41,9,9,v5,1,1,18,v6,2,top_split_then_twist_then_dft3_contribution_then_natural_ntt32_input_bitrev_output
1,0,676,292,292,292,676,low_plus_high_minus_zeta_high,73,1,9,1,v5,1,twist_branch1,73,-892,3369,9,2,2,1033,722,minus_x1_minus_omega3_times_d,420,676,548,9,73,41,9,9,v5,1,1,18,v6,2,top_split_then_twist_then_dft3_contribution_then_natural_ntt32_input_bitrev_output
1,0,548,164,164,164,548,low_plus_high_minus_zeta_high,41,2,9,1,v6,1,twist_branch1,41,1247,3425,9,0,0,-147,1,x0_plus_x1_plus_x2,420,676,548,9,73,41,9,9,v5,1,1,18,v6,2,top_split_then_twist_then_dft3_contribution_then_natural_ntt32_input_bitrev_output
1,0,548,164,164,164,548,low_plus_high_minus_zeta_high,41,2,9,1,v6,1,twist_branch1,41,1247,3425,9,1,2,1033,722,minus_x2_minus_omega3_times_d,420,676,548,9,73,41,9,9,v5,1,1,18,v6,2,top_split_then_twist_then_dft3_contribution_then_natural_ntt32_input_bitrev_output
1,0,548,164,164,164,548,low_plus_high_minus_zeta_high,41,2,9,1,v6,1,twist_branch1,41,1247,3425,9,2,1,-886,2734,plus_omega3_times_d,420,676,548,9,73,41,9,9,v5,1,1,18,v6,2,top_split_then_twist_then_dft3_contribution_then_natural_ntt32_input_bitrev_output
1,0,552,168,168,168,552,low_plus_high_minus_zeta_high,42,0,10,1,v4,2,twist_branch1,42,-729,2827,10,0,0,-147,1,x0_plus_x1_plus_x2,552,424,680,42,10,74,10,10,v5,2,1,10,v5,2,top_split_then_twist_then_dft3_contribution_then_natural_ntt32_input_bitrev_output
1,0,552,168,168,168,552,low_plus_high_minus_zeta_high,42,0,10,1,v4,2,twist_branch1,42,-729,2827,10,1,0,-147,1,x0,552,424,680,42,10,74,10,10,v5,2,1,10,v5,2,top_split_then_twist_then_dft3_contribution_then_natural_ntt32_input_bitrev_output
1,0,552,168,168,168,552,low_plus_high_minus_zeta_high,42,0,10,1,v4,2,twist_branch1,42,-729,2827,10,2,0,-147,1,x0,552,424,680,42,10,74,10,10,v5,2,1,10,v5,2,top_split_then_twist_then_dft3_contribution_then_natural_ntt32_input_bitrev_output
1,0,424,40,40,40,424,low_plus_high_minus_zeta_high,10,1,10,1,v5,2,twist_branch1,10,992,1028,10,0,0,-147,1,x0_plus_x1_plus_x2,552,424,680,42,10,74,10,10,v5,2,1,10,v5,2,top_split_then_twist_then_dft3_contribution_then_natural_ntt32_input_bitrev_output
1,0,424,40,40,40,424,low_plus_high_minus_zeta_high,10,1,10,1,v5,2,twist_branch1,10,992,1028,10,1,1,-886,2734,plus_omega3_times_d,552,424,680,42,10,74,10,10,v5,2,1,10,v5,2,top_split_then_twist_then_dft3_contribution_then_natural_ntt32_input_bitrev_output
1,0,424,40,40,40,424,low_plus_high_minus_zeta_high,10,1,10,1,v5,2,twist_branch1,10,992,1028,10,2,2,1033,722,minus_x1_minus_omega3_times_d,552,424,680,42,10,74,10,10,v5,2,1,10,v5,2,top_split_then_twist_then_dft3_contribution_then_natural_ntt32_input_bitrev_output
1,0,680,296,296,296,680,low_plus_high_minus_zeta_high,74,2,10,1,v6,2,twist_branch1,74,588,3453,10,0,0,-147,1,x0_plus_x1_plus_x2,552,424,680,42,10,74,10,10,v5,2,1,10,v5,2,top_split_then_twist_then_dft3_contribution_then_natural_ntt32_input_bitrev_output
1,0,680,296,296,296,680,low_plus_high_minus_zeta_high,74,2,10,1,v6,2,twist_branch1,74,588,3453,10,1,2,1033,722,minus_x2_minus_omega3_times_d,552,424,680,42,10,74,10,10,v5,2,1,10,v5,2,top_split_then_twist_then_dft3_contribution_then_natural_ntt32_input_bitrev_output
1,0,680,296,296,296,680,low_plus_high_minus_zeta_high,74,2,10,1,v6,2,twist_branch1,74,588,3453,10,2,1,-886,2734,plus_omega3_times_d,552,424,680,42,10,74,10,10,v5,2,1,10,v5,2,top_split_then_twist_then_dft3_contribution_then_natural_ntt32_input_bitrev_output
1,0,684,300,300,300,684,low_plus_high_minus_zeta_high,75,0,11,1,v4,3,twist_branch1,75,341,2514,11,0,0,-147,1,x0_plus_x1_plus_x2,684,556,428,75,43,11,11,11,v5,3,1,26,v7,2,top_split_then_twist_then_dft3_contribution_then_natural_ntt32_input_bitrev_output
1,0,684,300,300,300,684,low_plus_high_minus_zeta_high,75,0,11,1,v4,3,twist_branch1,75,341,2514,11,1,0,-147,1,x0,684,556,428,75,43,11,11,11,v5,3,1,26,v7,2,top_split_then_twist_then_dft3_contribution_then_natural_ntt32_input_bitrev_output
1,0,684,300,300,300,684,low_plus_high_minus_zeta_high,75,0,11,1,v4,3,twist_branch1,75,341,2514,11,2,0,-147,1,x0,684,556,428,75,43,11,11,11,v5,3,1,26,v7,2,top_split_then_twist_then_dft3_contribution_then_natural_ntt32_input_bitrev_output
1,0,556,172,172,172,556,low_plus_high_minus_zeta_high,43,1,11,1,v5,3,twist_branch1,43,124,1857,11,0,0,-147,1,x0_plus_x1_plus_x2,684,556,428,75,43,11,11,11,v5,3,1,26,v7,2,top_split_then_twist_then_dft3_contribution_then_natural_ntt32_input_bitrev_output
1,0,556,172,172,172,556,low_plus_high_minus_zeta_high,43,1,11,1,v5,3,twist_branch1,43,124,1857,11,1,1,-886,2734,plus_omega3_times_d,684,556,428,75,43,11,11,11,v5,3,1,26,v7,2,top_split_then_twist_then_dft3_contribution_then_natural_ntt32_input_bitrev_output
1,0,556,172,172,172,556,low_plus_high_minus_zeta_high,43,1,11,1,v5,3,twist_branch1,43,124,1857,11,2,2,1033,722,minus_x1_minus_omega3_times_d,684,556,428,75,43,11,11,11,v5,3,1,26,v7,2,top_split_then_twist_then_dft3_contribution_then_natural_ntt32_input_bitrev_output
1,0,428,44,44,44,428,low_plus_high_minus_zeta_high,11,2,11,1,v6,3,twist_branch1,11,-1212,361,11,0,0,-147,1,x0_plus_x1_plus_x2,684,556,428,75,43,11,11,11,v5,3,1,26,v7,2,top_split_then_twist_then_dft3_contribution_then_natural_ntt32_input_bitrev_output
1,0,428,44,44,44,428,low_plus_high_minus_zeta_high,11,2,11,1,v6,3,twist_branch1,11,-1212,361,11,1,2,1033,722,minus_x2_minus_omega3_times_d,684,556,428,75,43,11,11,11,v5,3,1,26,v7,2,top_split_then_twist_then_dft3_contribution_then_natural_ntt32_input_bitrev_output
1,0,428,44,44,44,428,low_plus_high_minus_zeta_high,11,2,11,1,v6,3,twist_branch1,11,-1212,361,11,2,1,-886,2734,plus_omega3_times_d,684,556,428,75,43,11,11,11,v5,3,1,26,v7,2,top_split_then_twist_then_dft3_contribution_then_natural_ntt32_input_bitrev_output
1,0,432,48,48,48,432,low_plus_high_minus_zeta_high,12,0,12,1,v4,4,twist_branch1,12,1202,3002,12,0,0,-147,1,x0_plus_x1_plus_x2,432,688,560,12,76,44,12,12,v5,4,1,6,v4,6,top_split_then_twist_then_dft3_contribution_then_natural_ntt32_input_bitrev_output
1,0,432,48,48,48,432,low_plus_high_minus_zeta_high,12,0,12,1,v4,4,twist_branch1,12,1202,3002,12,1,0,-147,1,x0,432,688,560,12,76,44,12,12,v5,4,1,6,v4,6,top_split_then_twist_then_dft3_contribution_then_natural_ntt32_input_bitrev_output
1,0,432,48,48,48,432,low_plus_high_minus_zeta_high,12,0,12,1,v4,4,twist_branch1,12,1202,3002,12,2,0,-147,1,x0,432,688,560,12,76,44,12,12,v5,4,1,6,v4,6,top_split_then_twist_then_dft3_contribution_then_natural_ntt32_input_bitrev_output
1,0,688,304,304,304,688,low_plus_high_minus_zeta_high,76,1,12,1,v5,4,twist_branch1,76,-1713,3257,12,0,0,-147,1,x0_plus_x1_plus_x2,432,688,560,12,76,44,12,12,v5,4,1,6,v4,6,top_split_then_twist_then_dft3_contribution_then_natural_ntt32_input_bitrev_output
1,0,688,304,304,304,688,low_plus_high_minus_zeta_high,76,1,12,1,v5,4,twist_branch1,76,-1713,3257,12,1,1,-886,2734,plus_omega3_times_d,432,688,560,12,76,44,12,12,v5,4,1,6,v4,6,top_split_then_twist_then_dft3_contribution_then_natural_ntt32_input_bitrev_output
1,0,688,304,304,304,688,low_plus_high_minus_zeta_high,76,1,12,1,v5,4,twist_branch1,76,-1713,3257,12,2,2,1033,722,minus_x1_minus_omega3_times_d,432,688,560,12,76,44,12,12,v5,4,1,6,v4,6,top_split_then_twist_then_dft3_contribution_then_natural_ntt32_input_bitrev_output
1,0,560,176,176,176,560,low_plus_high_minus_zeta_high,44,2,12,1,v6,4,twist_branch1,44,1577,3070,12,0,0,-147,1,x0_plus_x1_plus_x2,432,688,560,12,76,44,12,12,v5,4,1,6,v4,6,top_split_then_twist_then_dft3_contribution_then_natural_ntt32_input_bitrev_output
1,0,560,176,176,176,560,low_plus_high_minus_zeta_high,44,2,12,1,v6,4,twist_branch1,44,1577,3070,12,1,2,1033,722,minus_x2_minus_omega3_times_d,432,688,560,12,76,44,12,12,v5,4,1,6,v4,6,top_split_then_twist_then_dft3_contribution_then_natural_ntt32_input_bitrev_output
1,0,560,176,176,176,560,low_plus_high_minus_zeta_high,44,2,12,1,v6,4,twist_branch1,44,1577,3070,12,2,1,-886,2734,plus_omega3_times_d,432,688,560,12,76,44,12,12,v5,4,1,6,v4,6,top_split_then_twist_then_dft3_contribution_then_natural_ntt32_input_bitrev_output
1,0,564,180,180,180,564,low_plus_high_minus_zeta_high,45,0,13,1,v4,5,twist_branch1,45,-714,2968,13,0,0,-147,1,x0_plus_x1_plus_x2,564,436,692,45,13,77,13,13,v5,5,1,22,v6,6,top_split_then_twist_then_dft3_contribution_then_natural_ntt32_input_bitrev_output
1,0,564,180,180,180,564,low_plus_high_minus_zeta_high,45,0,13,1,v4,5,twist_branch1,45,-714,2968,13,1,0,-147,1,x0,564,436,692,45,13,77,13,13,v5,5,1,22,v6,6,top_split_then_twist_then_dft3_contribution_then_natural_ntt32_input_bitrev_output
1,0,564,180,180,180,564,low_plus_high_minus_zeta_high,45,0,13,1,v4,5,twist_branch1,45,-714,2968,13,2,0,-147,1,x0,564,436,692,45,13,77,13,13,v5,5,1,22,v6,6,top_split_then_twist_then_dft3_contribution_then_natural_ntt32_input_bitrev_output
1,0,436,52,52,52,436,low_plus_high_minus_zeta_high,13,1,13,1,v5,5,twist_branch1,13,1626,765,13,0,0,-147,1,x0_plus_x1_plus_x2,564,436,692,45,13,77,13,13,v5,5,1,22,v6,6,top_split_then_twist_then_dft3_contribution_then_natural_ntt32_input_bitrev_output
1,0,436,52,52,52,436,low_plus_high_minus_zeta_high,13,1,13,1,v5,5,twist_branch1,13,1626,765,13,1,1,-886,2734,plus_omega3_times_d,564,436,692,45,13,77,13,13,v5,5,1,22,v6,6,top_split_then_twist_then_dft3_contribution_then_natural_ntt32_input_bitrev_output
1,0,436,52,52,52,436,low_plus_high_minus_zeta_high,13,1,13,1,v5,5,twist_branch1,13,1626,765,13,2,2,1033,722,minus_x1_minus_omega3_times_d,564,436,692,45,13,77,13,13,v5,5,1,22,v6,6,top_split_then_twist_then_dft3_contribution_then_natural_ntt32_input_bitrev_output
1,0,692,308,308,308,692,low_plus_high_minus_zeta_high,77,2,13,1,v6,5,twist_branch1,77,-235,1248,13,0,0,-147,1,x0_plus_x1_plus_x2,564,436,692,45,13,77,13,13,v5,5,1,22,v6,6,top_split_then_twist_then_dft3_contribution_then_natural_ntt32_input_bitrev_output
1,0,692,308,308,308,692,low_plus_high_minus_zeta_high,77,2,13,1,v6,5,twist_branch1,77,-235,1248,13,1,2,1033,722,minus_x2_minus_omega3_times_d,564,436,692,45,13,77,13,13,v5,5,1,22,v6,6,top_split_then_twist_then_dft3_contribution_then_natural_ntt32_input_bitrev_output
1,0,692,308,308,308,692,low_plus_high_minus_zeta_high,77,2,13,1,v6,5,twist_branch1,77,-235,1248,13,2,1,-886,2734,plus_omega3_times_d,564,436,692,45,13,77,13,13,v5,5,1,22,v6,6,top_split_then_twist_then_dft3_contribution_then_natural_ntt32_input_bitrev_output
1,0,696,312,312,312,696,low_plus_high_minus_zeta_high,78,0,14,1,v4,6,twist_branch1,78,775,371,14,0,0,-147,1,x0_plus_x1_plus_x2,696,568,440,78,46,14,14,14,v5,6,1,14,v5,6,top_split_then_twist_then_dft3_contribution_then_natural_ntt32_input_bitrev_output
1,0,696,312,312,312,696,low_plus_high_minus_zeta_high,78,0,14,1,v4,6,twist_branch1,78,775,371,14,1,0,-147,1,x0,696,568,440,78,46,14,14,14,v5,6,1,14,v5,6,top_split_then_twist_then_dft3_contribution_then_natural_ntt32_input_bitrev_output
1,0,696,312,312,312,696,low_plus_high_minus_zeta_high,78,0,14,1,v4,6,twist_branch1,78,775,371,14,2,0,-147,1,x0,696,568,440,78,46,14,14,14,v5,6,1,14,v5,6,top_split_then_twist_then_dft3_contribution_then_natural_ntt32_input_bitrev_output
1,0,568,184,184,184,568,low_plus_high_minus_zeta_high,46,1,14,1,v5,6,twist_branch1,46,-661,1392,14,0,0,-147,1,x0_plus_x1_plus_x2,696,568,440,78,46,14,14,14,v5,6,1,14,v5,6,top_split_then_twist_then_dft3_contribution_then_natural_ntt32_input_bitrev_output
1,0,568,184,184,184,568,low_plus_high_minus_zeta_high,46,1,14,1,v5,6,twist_branch1,46,-661,1392,14,1,1,-886,2734,plus_omega3_times_d,696,568,440,78,46,14,14,14,v5,6,1,14,v5,6,top_split_then_twist_then_dft3_contribution_then_natural_ntt32_input_bitrev_output
1,0,568,184,184,184,568,low_plus_high_minus_zeta_high,46,1,14,1,v5,6,twist_branch1,46,-661,1392,14,2,2,1033,722,minus_x1_minus_omega3_times_d,696,568,440,78,46,14,14,14,v5,6,1,14,v5,6,top_split_then_twist_then_dft3_contribution_then_natural_ntt32_input_bitrev_output
1,0,440,56,56,56,440,low_plus_high_minus_zeta_high,14,2,14,1,v6,6,twist_branch1,14,1331,1449,14,0,0,-147,1,x0_plus_x1_plus_x2,696,568,440,78,46,14,14,14,v5,6,1,14,v5,6,top_split_then_twist_then_dft3_contribution_then_natural_ntt32_input_bitrev_output
1,0,440,56,56,56,440,low_plus_high_minus_zeta_high,14,2,14,1,v6,6,twist_branch1,14,1331,1449,14,1,2,1033,722,minus_x2_minus_omega3_times_d,696,568,440,78,46,14,14,14,v5,6,1,14,v5,6,top_split_then_twist_then_dft3_contribution_then_natural_ntt32_input_bitrev_output
1,0,440,56,56,56,440,low_plus_high_minus_zeta_high,14,2,14,1,v6,6,twist_branch1,14,1331,1449,14,2,1,-886,2734,plus_omega3_times_d,696,568,440,78,46,14,14,14,v5,6,1,14,v5,6,top_split_then_twist_then_dft3_contribution_then_natural_ntt32_input_bitrev_output
1,0,444,60,60,60,444,low_plus_high_minus_zeta_high,15,0,15,1,v4,7,twist_branch1,15,-1668,223,15,0,0,-147,1,x0_plus_x1_plus_x2,444,700,572,15,79,47,15,15,v5,7,1,30,v7,6,top_split_then_twist_then_dft3_contribution_then_natural_ntt32_input_bitrev_output
1,0,444,60,60,60,444,low_plus_high_minus_zeta_high,15,0,15,1,v4,7,twist_branch1,15,-1668,223,15,1,0,-147,1,x0,444,700,572,15,79,47,15,15,v5,7,1,30,v7,6,top_split_then_twist_then_dft3_contribution_then_natural_ntt32_input_bitrev_output
1,0,444,60,60,60,444,low_plus_high_minus_zeta_high,15,0,15,1,v4,7,twist_branch1,15,-1668,223,15,2,0,-147,1,x0,444,700,572,15,79,47,15,15,v5,7,1,30,v7,6,top_split_then_twist_then_dft3_contribution_then_natural_ntt32_input_bitrev_output
1,0,700,316,316,316,700,low_plus_high_minus_zeta_high,79,1,15,1,v5,7,twist_branch1,79,-1379,174,15,0,0,-147,1,x0_plus_x1_plus_x2,444,700,572,15,79,47,15,15,v5,7,1,30,v7,6,top_split_then_twist_then_dft3_contribution_then_natural_ntt32_input_bitrev_output
1,0,700,316,316,316,700,low_plus_high_minus_zeta_high,79,1,15,1,v5,7,twist_branch1,79,-1379,174,15,1,1,-886,2734,plus_omega3_times_d,444,700,572,15,79,47,15,15,v5,7,1,30,v7,6,top_split_then_twist_then_dft3_contribution_then_natural_ntt32_input_bitrev_output
1,0,700,316,316,316,700,low_plus_high_minus_zeta_high,79,1,15,1,v5,7,twist_branch1,79,-1379,174,15,2,2,1033,722,minus_x1_minus_omega3_times_d,444,700,572,15,79,47,15,15,v5,7,1,30,v7,6,top_split_then_twist_then_dft3_contribution_then_natural_ntt32_input_bitrev_output
1,0,572,188,188,188,572,low_plus_high_minus_zeta_high,47,2,15,1,v6,7,twist_branch1,47,-1130,3206,15,0,0,-147,1,x0_plus_x1_plus_x2,444,700,572,15,79,47,15,15,v5,7,1,30,v7,6,top_split_then_twist_then_dft3_contribution_then_natural_ntt32_input_bitrev_output
1,0,572,188,188,188,572,low_plus_high_minus_zeta_high,47,2,15,1,v6,7,twist_branch1,47,-1130,3206,15,1,2,1033,722,minus_x2_minus_omega3_times_d,444,700,572,15,79,47,15,15,v5,7,1,30,v7,6,top_split_then_twist_then_dft3_contribution_then_natural_ntt32_input_bitrev_output
1,0,572,188,188,188,572,low_plus_high_minus_zeta_high,47,2,15,1,v6,7,twist_branch1,47,-1130,3206,15,2,1,-886,2734,plus_omega3_times_d,444,700,572,15,79,47,15,15,v5,7,1,30,v7,6,top_split_then_twist_then_dft3_contribution_then_natural_ntt32_input_bitrev_output
1,0,576,192,192,192,576,low_plus_high_minus_zeta_high,48,0,16,2,v4,0,twist_branch1,48,1520,460,16,0,0,-147,1,x0_plus_x1_plus_x2,576,448,704,48,16,80,16,16,v6,0,2,1,v4,1,top_split_then_twist_then_dft3_contribution_then_natural_ntt32_input_bitrev_output
1,0,576,192,192,192,576,low_plus_high_minus_zeta_high,48,0,16,2,v4,0,twist_branch1,48,1520,460,16,1,0,-147,1,x0,576,448,704,48,16,80,16,16,v6,0,2,1,v4,1,top_split_then_twist_then_dft3_contribution_then_natural_ntt32_input_bitrev_output
1,0,576,192,192,192,576,low_plus_high_minus_zeta_high,48,0,16,2,v4,0,twist_branch1,48,1520,460,16,2,0,-147,1,x0,576,448,704,48,16,80,16,16,v6,0,2,1,v4,1,top_split_then_twist_then_dft3_contribution_then_natural_ntt32_input_bitrev_output
1,0,448,64,64,64,448,low_plus_high_minus_zeta_high,16,1,16,2,v5,0,twist_branch1,16,867,3310,16,0,0,-147,1,x0_plus_x1_plus_x2,576,448,704,48,16,80,16,16,v6,0,2,1,v4,1,top_split_then_twist_then_dft3_contribution_then_natural_ntt32_input_bitrev_output
1,0,448,64,64,64,448,low_plus_high_minus_zeta_high,16,1,16,2,v5,0,twist_branch1,16,867,3310,16,1,1,-886,2734,plus_omega3_times_d,576,448,704,48,16,80,16,16,v6,0,2,1,v4,1,top_split_then_twist_then_dft3_contribution_then_natural_ntt32_input_bitrev_output
1,0,448,64,64,64,448,low_plus_high_minus_zeta_high,16,1,16,2,v5,0,twist_branch1,16,867,3310,16,2,2,1033,722,minus_x1_minus_omega3_times_d,576,448,704,48,16,80,16,16,v6,0,2,1,v4,1,top_split_then_twist_then_dft3_contribution_then_natural_ntt32_input_bitrev_output
1,0,704,320,320,320,704,low_plus_high_minus_zeta_high,80,2,16,2,v6,0,twist_branch1,80,723,1265,16,0,0,-147,1,x0_plus_x1_plus_x2,576,448,704,48,16,80,16,16,v6,0,2,1,v4,1,top_split_then_twist_then_dft3_contribution_then_natural_ntt32_input_bitrev_output
1,0,704,320,320,320,704,low_plus_high_minus_zeta_high,80,2,16,2,v6,0,twist_branch1,80,723,1265,16,1,2,1033,722,minus_x2_minus_omega3_times_d,576,448,704,48,16,80,16,16,v6,0,2,1,v4,1,top_split_then_twist_then_dft3_contribution_then_natural_ntt32_input_bitrev_output
1,0,704,320,320,320,704,low_plus_high_minus_zeta_high,80,2,16,2,v6,0,twist_branch1,80,723,1265,16,2,1,-886,2734,plus_omega3_times_d,576,448,704,48,16,80,16,16,v6,0,2,1,v4,1,top_split_then_twist_then_dft3_contribution_then_natural_ntt32_input_bitrev_output
1,0,708,324,324,324,708,low_plus_high_minus_zeta_high,81,0,17,2,v4,1,twist_branch1,81,190,1786,17,0,0,-147,1,x0_plus_x1_plus_x2,708,580,452,81,49,17,17,17,v6,1,2,17,v6,1,top_split_then_twist_then_dft3_contribution_then_natural_ntt32_input_bitrev_output
1,0,708,324,324,324,708,low_plus_high_minus_zeta_high,81,0,17,2,v4,1,twist_branch1,81,190,1786,17,1,0,-147,1,x0,708,580,452,81,49,17,17,17,v6,1,2,17,v6,1,top_split_then_twist_then_dft3_contribution_then_natural_ntt32_input_bitrev_output
1,0,708,324,324,324,708,low_plus_high_minus_zeta_high,81,0,17,2,v4,1,twist_branch1,81,190,1786,17,2,0,-147,1,x0,708,580,452,81,49,17,17,17,v6,1,2,17,v6,1,top_split_then_twist_then_dft3_contribution_then_natural_ntt32_input_bitrev_output
1,0,580,196,196,196,580,low_plus_high_minus_zeta_high,49,1,17,2,v5,1,twist_branch1,49,-1188,1278,17,0,0,-147,1,x0_plus_x1_plus_x2,708,580,452,81,49,17,17,17,v6,1,2,17,v6,1,top_split_then_twist_then_dft3_contribution_then_natural_ntt32_input_bitrev_output
1,0,580,196,196,196,580,low_plus_high_minus_zeta_high,49,1,17,2,v5,1,twist_branch1,49,-1188,1278,17,1,1,-886,2734,plus_omega3_times_d,708,580,452,81,49,17,17,17,v6,1,2,17,v6,1,top_split_then_twist_then_dft3_contribution_then_natural_ntt32_input_bitrev_output
1,0,580,196,196,196,580,low_plus_high_minus_zeta_high,49,1,17,2,v5,1,twist_branch1,49,-1188,1278,17,2,2,1033,722,minus_x1_minus_omega3_times_d,708,580,452,81,49,17,17,17,v6,1,2,17,v6,1,top_split_then_twist_then_dft3_contribution_then_natural_ntt32_input_bitrev_output
1,0,452,68,68,68,452,low_plus_high_minus_zeta_high,17,2,17,2,v6,1,twist_branch1,17,-432,779,17,0,0,-147,1,x0_plus_x1_plus_x2,708,580,452,81,49,17,17,17,v6,1,2,17,v6,1,top_split_then_twist_then_dft3_contribution_then_natural_ntt32_input_bitrev_output
1,0,452,68,68,68,452,low_plus_high_minus_zeta_high,17,2,17,2,v6,1,twist_branch1,17,-432,779,17,1,2,1033,722,minus_x2_minus_omega3_times_d,708,580,452,81,49,17,17,17,v6,1,2,17,v6,1,top_split_then_twist_then_dft3_contribution_then_natural_ntt32_input_bitrev_output
1,0,452,68,68,68,452,low_plus_high_minus_zeta_high,17,2,17,2,v6,1,twist_branch1,17,-432,779,17,2,1,-886,2734,plus_omega3_times_d,708,580,452,81,49,17,17,17,v6,1,2,17,v6,1,top_split_then_twist_then_dft3_contribution_then_natural_ntt32_input_bitrev_output
1,0,456,72,72,72,456,low_plus_high_minus_zeta_high,18,0,18,2,v4,2,twist_branch1,18,-1591,3021,18,0,0,-147,1,x0_plus_x1_plus_x2,456,712,584,18,82,50,18,18,v6,2,2,9,v5,1,top_split_then_twist_then_dft3_contribution_then_natural_ntt32_input_bitrev_output
1,0,456,72,72,72,456,low_plus_high_minus_zeta_high,18,0,18,2,v4,2,twist_branch1,18,-1591,3021,18,1,0,-147,1,x0,456,712,584,18,82,50,18,18,v6,2,2,9,v5,1,top_split_then_twist_then_dft3_contribution_then_natural_ntt32_input_bitrev_output
1,0,456,72,72,72,456,low_plus_high_minus_zeta_high,18,0,18,2,v4,2,twist_branch1,18,-1591,3021,18,2,0,-147,1,x0,456,712,584,18,82,50,18,18,v6,2,2,9,v5,1,top_split_then_twist_then_dft3_contribution_then_natural_ntt32_input_bitrev_output
1,0,712,328,328,328,712,low_plus_high_minus_zeta_high,82,1,18,2,v5,2,twist_branch1,82,1580,1024,18,0,0,-147,1,x0_plus_x1_plus_x2,456,712,584,18,82,50,18,18,v6,2,2,9,v5,1,top_split_then_twist_then_dft3_contribution_then_natural_ntt32_input_bitrev_output
1,0,712,328,328,328,712,low_plus_high_minus_zeta_high,82,1,18,2,v5,2,twist_branch1,82,1580,1024,18,1,1,-886,2734,plus_omega3_times_d,456,712,584,18,82,50,18,18,v6,2,2,9,v5,1,top_split_then_twist_then_dft3_contribution_then_natural_ntt32_input_bitrev_output
1,0,712,328,328,328,712,low_plus_high_minus_zeta_high,82,1,18,2,v5,2,twist_branch1,82,1580,1024,18,2,2,1033,722,minus_x1_minus_omega3_times_d,456,712,584,18,82,50,18,18,v6,2,2,9,v5,1,top_split_then_twist_then_dft3_contribution_then_natural_ntt32_input_bitrev_output
1,0,584,200,200,200,584,low_plus_high_minus_zeta_high,50,2,18,2,v6,2,twist_branch1,50,-54,2258,18,0,0,-147,1,x0_plus_x1_plus_x2,456,712,584,18,82,50,18,18,v6,2,2,9,v5,1,top_split_then_twist_then_dft3_contribution_then_natural_ntt32_input_bitrev_output
1,0,584,200,200,200,584,low_plus_high_minus_zeta_high,50,2,18,2,v6,2,twist_branch1,50,-54,2258,18,1,2,1033,722,minus_x2_minus_omega3_times_d,456,712,584,18,82,50,18,18,v6,2,2,9,v5,1,top_split_then_twist_then_dft3_contribution_then_natural_ntt32_input_bitrev_output
1,0,584,200,200,200,584,low_plus_high_minus_zeta_high,50,2,18,2,v6,2,twist_branch1,50,-54,2258,18,2,1,-886,2734,plus_omega3_times_d,456,712,584,18,82,50,18,18,v6,2,2,9,v5,1,top_split_then_twist_then_dft3_contribution_then_natural_ntt32_input_bitrev_output
1,0,588,204,204,204,588,low_plus_high_minus_zeta_high,51,0,19,2,v4,3,twist_branch1,51,-631,1674,19,0,0,-147,1,x0_plus_x1_plus_x2,588,460,716,51,19,83,19,19,v6,3,2,25,v7,1,top_split_then_twist_then_dft3_contribution_then_natural_ntt32_input_bitrev_output
1,0,588,204,204,204,588,low_plus_high_minus_zeta_high,51,0,19,2,v4,3,twist_branch1,51,-631,1674,19,1,0,-147,1,x0,588,460,716,51,19,83,19,19,v6,3,2,25,v7,1,top_split_then_twist_then_dft3_contribution_then_natural_ntt32_input_bitrev_output
1,0,588,204,204,204,588,low_plus_high_minus_zeta_high,51,0,19,2,v4,3,twist_branch1,51,-631,1674,19,2,0,-147,1,x0,588,460,716,51,19,83,19,19,v6,3,2,25,v7,1,top_split_then_twist_then_dft3_contribution_then_natural_ntt32_input_bitrev_output
1,0,460,76,76,76,460,low_plus_high_minus_zeta_high,19,1,19,2,v5,3,twist_branch1,19,-858,923,19,0,0,-147,1,x0_plus_x1_plus_x2,588,460,716,51,19,83,19,19,v6,3,2,25,v7,1,top_split_then_twist_then_dft3_contribution_then_natural_ntt32_input_bitrev_output
1,0,460,76,76,76,460,low_plus_high_minus_zeta_high,19,1,19,2,v5,3,twist_branch1,19,-858,923,19,1,1,-886,2734,plus_omega3_times_d,588,460,716,51,19,83,19,19,v6,3,2,25,v7,1,top_split_then_twist_then_dft3_contribution_then_natural_ntt32_input_bitrev_output
1,0,460,76,76,76,460,low_plus_high_minus_zeta_high,19,1,19,2,v5,3,twist_branch1,19,-858,923,19,2,2,1033,722,minus_x1_minus_omega3_times_d,588,460,716,51,19,83,19,19,v6,3,2,25,v7,1,top_split_then_twist_then_dft3_contribution_then_natural_ntt32_input_bitrev_output
1,0,716,332,332,332,716,low_plus_high_minus_zeta_high,83,2,19,2,v6,3,twist_branch1,83,-871,2875,19,0,0,-147,1,x0_plus_x1_plus_x2,588,460,716,51,19,83,19,19,v6,3,2,25,v7,1,top_split_then_twist_then_dft3_contribution_then_natural_ntt32_input_bitrev_output
1,0,716,332,332,332,716,low_plus_high_minus_zeta_high,83,2,19,2,v6,3,twist_branch1,83,-871,2875,19,1,2,1033,722,minus_x2_minus_omega3_times_d,588,460,716,51,19,83,19,19,v6,3,2,25,v7,1,top_split_then_twist_then_dft3_contribution_then_natural_ntt32_input_bitrev_output
1,0,716,332,332,332,716,low_plus_high_minus_zeta_high,83,2,19,2,v6,3,twist_branch1,83,-871,2875,19,2,1,-886,2734,plus_omega3_times_d,588,460,716,51,19,83,19,19,v6,3,2,25,v7,1,top_split_then_twist_then_dft3_contribution_then_natural_ntt32_input_bitrev_output
1,0,720,336,336,336,720,low_plus_high_minus_zeta_high,84,0,20,2,v4,4,twist_branch1,84,-511,2802,20,0,0,-147,1,x0_plus_x1_plus_x2,720,592,464,84,52,20,20,20,v6,4,2,5,v4,5,top_split_then_twist_then_dft3_contribution_then_natural_ntt32_input_bitrev_output
1,0,720,336,336,336,720,low_plus_high_minus_zeta_high,84,0,20,2,v4,4,twist_branch1,84,-511,2802,20,1,0,-147,1,x0,720,592,464,84,52,20,20,20,v6,4,2,5,v4,5,top_split_then_twist_then_dft3_contribution_then_natural_ntt32_input_bitrev_output
1,0,720,336,336,336,720,low_plus_high_minus_zeta_high,84,0,20,2,v4,4,twist_branch1,84,-511,2802,20,2,0,-147,1,x0,720,592,464,84,52,20,20,20,v6,4,2,5,v4,5,top_split_then_twist_then_dft3_contribution_then_natural_ntt32_input_bitrev_output
1,0,592,208,208,208,592,low_plus_high_minus_zeta_high,52,1,20,2,v5,4,twist_branch1,52,757,2276,20,0,0,-147,1,x0_plus_x1_plus_x2,720,592,464,84,52,20,20,20,v6,4,2,5,v4,5,top_split_then_twist_then_dft3_contribution_then_natural_ntt32_input_bitrev_output
1,0,592,208,208,208,592,low_plus_high_minus_zeta_high,52,1,20,2,v5,4,twist_branch1,52,757,2276,20,1,1,-886,2734,plus_omega3_times_d,720,592,464,84,52,20,20,20,v6,4,2,5,v4,5,top_split_then_twist_then_dft3_contribution_then_natural_ntt32_input_bitrev_output
1,0,592,208,208,208,592,low_plus_high_minus_zeta_high,52,1,20,2,v5,4,twist_branch1,52,757,2276,20,2,2,1033,722,minus_x1_minus_omega3_times_d,720,592,464,84,52,20,20,20,v6,4,2,5,v4,5,top_split_then_twist_then_dft3_contribution_then_natural_ntt32_input_bitrev_output
1,0,464,80,80,80,464,low_plus_high_minus_zeta_high,20,2,20,2,v6,4,twist_branch1,20,-39,2399,20,0,0,-147,1,x0_plus_x1_plus_x2,720,592,464,84,52,20,20,20,v6,4,2,5,v4,5,top_split_then_twist_then_dft3_contribution_then_natural_ntt32_input_bitrev_output
1,0,464,80,80,80,464,low_plus_high_minus_zeta_high,20,2,20,2,v6,4,twist_branch1,20,-39,2399,20,1,2,1033,722,minus_x2_minus_omega3_times_d,720,592,464,84,52,20,20,20,v6,4,2,5,v4,5,top_split_then_twist_then_dft3_contribution_then_natural_ntt32_input_bitrev_output
1,0,464,80,80,80,464,low_plus_high_minus_zeta_high,20,2,20,2,v6,4,twist_branch1,20,-39,2399,20,2,1,-886,2734,plus_omega3_times_d,720,592,464,84,52,20,20,20,v6,4,2,5,v4,5,top_split_then_twist_then_dft3_contribution_then_natural_ntt32_input_bitrev_output
1,0,468,84,84,84,468,low_plus_high_minus_zeta_high,21,0,21,2,v4,5,twist_branch1,21,-1416,1209,21,0,0,-147,1,x0_plus_x1_plus_x2,468,724,596,21,85,53,21,21,v6,5,2,21,v6,5,top_split_then_twist_then_dft3_contribution_then_natural_ntt32_input_bitrev_output
1,0,468,84,84,84,468,low_plus_high_minus_zeta_high,21,0,21,2,v4,5,twist_branch1,21,-1416,1209,21,1,0,-147,1,x0,468,724,596,21,85,53,21,21,v6,5,2,21,v6,5,top_split_then_twist_then_dft3_contribution_then_natural_ntt32_input_bitrev_output
1,0,468,84,84,84,468,low_plus_high_minus_zeta_high,21,0,21,2,v4,5,twist_branch1,21,-1416,1209,21,2,0,-147,1,x0,468,724,596,21,85,53,21,21,v6,5,2,21,v6,5,top_split_then_twist_then_dft3_contribution_then_natural_ntt32_input_bitrev_output
1,0,724,340,340,340,724,low_plus_high_minus_zeta_high,85,1,21,2,v5,5,twist_branch1,85,1391,2013,21,0,0,-147,1,x0_plus_x1_plus_x2,468,724,596,21,85,53,21,21,v6,5,2,21,v6,5,top_split_then_twist_then_dft3_contribution_then_natural_ntt32_input_bitrev_output
1,0,724,340,340,340,724,low_plus_high_minus_zeta_high,85,1,21,2,v5,5,twist_branch1,85,1391,2013,21,1,1,-886,2734,plus_omega3_times_d,468,724,596,21,85,53,21,21,v6,5,2,21,v6,5,top_split_then_twist_then_dft3_contribution_then_natural_ntt32_input_bitrev_output
1,0,724,340,340,340,724,low_plus_high_minus_zeta_high,85,1,21,2,v5,5,twist_branch1,85,1391,2013,21,2,2,1033,722,minus_x1_minus_omega3_times_d,468,724,596,21,85,53,21,21,v6,5,2,21,v6,5,top_split_then_twist_then_dft3_contribution_then_natural_ntt32_input_bitrev_output
1,0,596,212,212,212,596,low_plus_high_minus_zeta_high,53,2,21,2,v6,5,twist_branch1,53,-437,732,21,0,0,-147,1,x0_plus_x1_plus_x2,468,724,596,21,85,53,21,21,v6,5,2,21,v6,5,top_split_then_twist_then_dft3_contribution_then_natural_ntt32_input_bitrev_output
1,0,596,212,212,212,596,low_plus_high_minus_zeta_high,53,2,21,2,v6,5,twist_branch1,53,-437,732,21,1,2,1033,722,minus_x2_minus_omega3_times_d,468,724,596,21,85,53,21,21,v6,5,2,21,v6,5,top_split_then_twist_then_dft3_contribution_then_natural_ntt32_input_bitrev_output
1,0,596,212,212,212,596,low_plus_high_minus_zeta_high,53,2,21,2,v6,5,twist_branch1,53,-437,732,21,2,1,-886,2734,plus_omega3_times_d,468,724,596,21,85,53,21,21,v6,5,2,21,v6,5,top_split_then_twist_then_dft3_contribution_then_natural_ntt32_input_bitrev_output
1,0,600,216,216,216,600,low_plus_high_minus_zeta_high,54,0,22,2,v4,6,twist_branch1,54,-177,3176,22,0,0,-147,1,x0_plus_x1_plus_x2,600,472,728,54,22,86,22,22,v6,6,2,13,v5,5,top_split_then_twist_then_dft3_contribution_then_natural_ntt32_input_bitrev_output
1,0,600,216,216,216,600,low_plus_high_minus_zeta_high,54,0,22,2,v4,6,twist_branch1,54,-177,3176,22,1,0,-147,1,x0,600,472,728,54,22,86,22,22,v6,6,2,13,v5,5,top_split_then_twist_then_dft3_contribution_then_natural_ntt32_input_bitrev_output
1,0,600,216,216,216,600,low_plus_high_minus_zeta_high,54,0,22,2,v4,6,twist_branch1,54,-177,3176,22,2,0,-147,1,x0,600,472,728,54,22,86,22,22,v6,6,2,13,v5,5,top_split_then_twist_then_dft3_contribution_then_natural_ntt32_input_bitrev_output
1,0,472,88,88,88,472,low_plus_high_minus_zeta_high,22,1,22,2,v5,6,twist_branch1,22,1507,2412,22,0,0,-147,1,x0_plus_x1_plus_x2,600,472,728,54,22,86,22,22,v6,6,2,13,v5,5,top_split_then_twist_then_dft3_contribution_then_natural_ntt32_input_bitrev_output
1,0,472,88,88,88,472,low_plus_high_minus_zeta_high,22,1,22,2,v5,6,twist_branch1,22,1507,2412,22,1,1,-886,2734,plus_omega3_times_d,600,472,728,54,22,86,22,22,v6,6,2,13,v5,5,top_split_then_twist_then_dft3_contribution_then_natural_ntt32_input_bitrev_output
1,0,472,88,88,88,472,low_plus_high_minus_zeta_high,22,1,22,2,v5,6,twist_branch1,22,1507,2412,22,2,2,1033,722,minus_x1_minus_omega3_times_d,600,472,728,54,22,86,22,22,v6,6,2,13,v5,5,top_split_then_twist_then_dft3_contribution_then_natural_ntt32_input_bitrev_output
1,0,728,344,344,344,728,low_plus_high_minus_zeta_high,86,2,22,2,v6,6,twist_branch1,86,-1351,1820,22,0,0,-147,1,x0_plus_x1_plus_x2,600,472,728,54,22,86,22,22,v6,6,2,13,v5,5,top_split_then_twist_then_dft3_contribution_then_natural_ntt32_input_bitrev_output
1,0,728,344,344,344,728,low_plus_high_minus_zeta_high,86,2,22,2,v6,6,twist_branch1,86,-1351,1820,22,1,2,1033,722,minus_x2_minus_omega3_times_d,600,472,728,54,22,86,22,22,v6,6,2,13,v5,5,top_split_then_twist_then_dft3_contribution_then_natural_ntt32_input_bitrev_output
1,0,728,344,344,344,728,low_plus_high_minus_zeta_high,86,2,22,2,v6,6,twist_branch1,86,-1351,1820,22,2,1,-886,2734,plus_omega3_times_d,600,472,728,54,22,86,22,22,v6,6,2,13,v5,5,top_split_then_twist_then_dft3_contribution_then_natural_ntt32_input_bitrev_output
1,0,732,348,348,348,732,low_plus_high_minus_zeta_high,87,0,23,2,v4,7,twist_branch1,87,410,397,23,0,0,-147,1,x0_plus_x1_plus_x2,732,604,476,87,55,23,23,23,v6,7,2,29,v7,5,top_split_then_twist_then_dft3_contribution_then_natural_ntt32_input_bitrev_output
1,0,732,348,348,348,732,low_plus_high_minus_zeta_high,87,0,23,2,v4,7,twist_branch1,87,410,397,23,1,0,-147,1,x0,732,604,476,87,55,23,23,23,v6,7,2,29,v7,5,top_split_then_twist_then_dft3_contribution_then_natural_ntt32_input_bitrev_output
1,0,732,348,348,348,732,low_plus_high_minus_zeta_high,87,0,23,2,v4,7,twist_branch1,87,410,397,23,2,0,-147,1,x0,732,604,476,87,55,23,23,23,v6,7,2,29,v7,5,top_split_then_twist_then_dft3_contribution_then_natural_ntt32_input_bitrev_output
1,0,604,220,220,220,604,low_plus_high_minus_zeta_high,55,1,23,2,v5,7,twist_branch1,55,-1108,2030,23,0,0,-147,1,x0_plus_x1_plus_x2,732,604,476,87,55,23,23,23,v6,7,2,29,v7,5,top_split_then_twist_then_dft3_contribution_then_natural_ntt32_input_bitrev_output
1,0,604,220,220,220,604,low_plus_high_minus_zeta_high,55,1,23,2,v5,7,twist_branch1,55,-1108,2030,23,1,1,-886,2734,plus_omega3_times_d,732,604,476,87,55,23,23,23,v6,7,2,29,v7,5,top_split_then_twist_then_dft3_contribution_then_natural_ntt32_input_bitrev_output
1,0,604,220,220,220,604,low_plus_high_minus_zeta_high,55,1,23,2,v5,7,twist_branch1,55,-1108,2030,23,2,2,1033,722,minus_x1_minus_omega3_times_d,732,604,476,87,55,23,23,23,v6,7,2,29,v7,5,top_split_then_twist_then_dft3_contribution_then_natural_ntt32_input_bitrev_output
1,0,476,92,92,92,476,low_plus_high_minus_zeta_high,23,2,23,2,v6,7,twist_branch1,23,-1660,1681,23,0,0,-147,1,x0_plus_x1_plus_x2,732,604,476,87,55,23,23,23,v6,7,2,29,v7,5,top_split_then_twist_then_dft3_contribution_then_natural_ntt32_input_bitrev_output
1,0,476,92,92,92,476,low_plus_high_minus_zeta_high,23,2,23,2,v6,7,twist_branch1,23,-1660,1681,23,1,2,1033,722,minus_x2_minus_omega3_times_d,732,604,476,87,55,23,23,23,v6,7,2,29,v7,5,top_split_then_twist_then_dft3_contribution_then_natural_ntt32_input_bitrev_output
1,0,476,92,92,92,476,low_plus_high_minus_zeta_high,23,2,23,2,v6,7,twist_branch1,23,-1660,1681,23,2,1,-886,2734,plus_omega3_times_d,732,604,476,87,55,23,23,23,v6,7,2,29,v7,5,top_split_then_twist_then_dft3_contribution_then_natural_ntt32_input_bitrev_output
1,0,480,96,96,96,480,low_plus_high_minus_zeta_high,24,0,24,3,v4,0,twist_branch1,24,-704,3062,24,0,0,-147,1,x0_plus_x1_plus_x2,480,736,608,24,88,56,24,24,v7,0,3,3,v4,3,top_split_then_twist_then_dft3_contribution_then_natural_ntt32_input_bitrev_output
1,0,480,96,96,96,480,low_plus_high_minus_zeta_high,24,0,24,3,v4,0,twist_branch1,24,-704,3062,24,1,0,-147,1,x0,480,736,608,24,88,56,24,24,v7,0,3,3,v4,3,top_split_then_twist_then_dft3_contribution_then_natural_ntt32_input_bitrev_output
1,0,480,96,96,96,480,low_plus_high_minus_zeta_high,24,0,24,3,v4,0,twist_branch1,24,-704,3062,24,2,0,-147,1,x0,480,736,608,24,88,56,24,24,v7,0,3,3,v4,3,top_split_then_twist_then_dft3_contribution_then_natural_ntt32_input_bitrev_output
1,0,736,352,352,352,736,low_plus_high_minus_zeta_high,88,1,24,3,v5,0,twist_branch1,88,1590,1118,24,0,0,-147,1,x0_plus_x1_plus_x2,480,736,608,24,88,56,24,24,v7,0,3,3,v4,3,top_split_then_twist_then_dft3_contribution_then_natural_ntt32_input_bitrev_output
1,0,736,352,352,352,736,low_plus_high_minus_zeta_high,88,1,24,3,v5,0,twist_branch1,88,1590,1118,24,1,1,-886,2734,plus_omega3_times_d,480,736,608,24,88,56,24,24,v7,0,3,3,v4,3,top_split_then_twist_then_dft3_contribution_then_natural_ntt32_input_bitrev_output
1,0,736,352,352,352,736,low_plus_high_minus_zeta_high,88,1,24,3,v5,0,twist_branch1,88,1590,1118,24,2,2,1033,722,minus_x1_minus_omega3_times_d,480,736,608,24,88,56,24,24,v7,0,3,3,v4,3,top_split_then_twist_then_dft3_contribution_then_natural_ntt32_input_bitrev_output
1,0,608,224,224,224,608,low_plus_high_minus_zeta_high,56,2,24,3,v6,0,twist_branch1,56,1521,3235,24,0,0,-147,1,x0_plus_x1_plus_x2,480,736,608,24,88,56,24,24,v7,0,3,3,v4,3,top_split_then_twist_then_dft3_contribution_then_natural_ntt32_input_bitrev_output
1,0,608,224,224,224,608,low_plus_high_minus_zeta_high,56,2,24,3,v6,0,twist_branch1,56,1521,3235,24,1,2,1033,722,minus_x2_minus_omega3_times_d,480,736,608,24,88,56,24,24,v7,0,3,3,v4,3,top_split_then_twist_then_dft3_contribution_then_natural_ntt32_input_bitrev_output
1,0,608,224,224,224,608,low_plus_high_minus_zeta_high,56,2,24,3,v6,0,twist_branch1,56,1521,3235,24,2,1,-886,2734,plus_omega3_times_d,480,736,608,24,88,56,24,24,v7,0,3,3,v4,3,top_split_then_twist_then_dft3_contribution_then_natural_ntt32_input_bitrev_output
1,0,612,228,228,228,612,low_plus_high_minus_zeta_high,57,0,25,3,v4,1,twist_branch1,57,-88,1247,25,0,0,-147,1,x0_plus_x1_plus_x2,612,484,740,57,25,89,25,25,v7,1,3,19,v6,3,top_split_then_twist_then_dft3_contribution_then_natural_ntt32_input_bitrev_output
1,0,612,228,228,228,612,low_plus_high_minus_zeta_high,57,0,25,3,v4,1,twist_branch1,57,-88,1247,25,1,0,-147,1,x0,612,484,740,57,25,89,25,25,v7,1,3,19,v6,3,top_split_then_twist_then_dft3_contribution_then_natural_ntt32_input_bitrev_output
1,0,612,228,228,228,612,low_plus_high_minus_zeta_high,57,0,25,3,v4,1,twist_branch1,57,-88,1247,25,2,0,-147,1,x0,612,484,740,57,25,89,25,25,v7,1,3,19,v6,3,top_split_then_twist_then_dft3_contribution_then_natural_ntt32_input_bitrev_output
1,0,484,100,100,100,484,low_plus_high_minus_zeta_high,25,1,25,3,v5,1,twist_branch1,25,-32,1082,25,0,0,-147,1,x0_plus_x1_plus_x2,612,484,740,57,25,89,25,25,v7,1,3,19,v6,3,top_split_then_twist_then_dft3_contribution_then_natural_ntt32_input_bitrev_output
1,0,484,100,100,100,484,low_plus_high_minus_zeta_high,25,1,25,3,v5,1,twist_branch1,25,-32,1082,25,1,1,-886,2734,plus_omega3_times_d,612,484,740,57,25,89,25,25,v7,1,3,19,v6,3,top_split_then_twist_then_dft3_contribution_then_natural_ntt32_input_bitrev_output
1,0,484,100,100,100,484,low_plus_high_minus_zeta_high,25,1,25,3,v5,1,twist_branch1,25,-32,1082,25,2,2,1033,722,minus_x1_minus_omega3_times_d,612,484,740,57,25,89,25,25,v7,1,3,19,v6,3,top_split_then_twist_then_dft3_contribution_then_natural_ntt32_input_bitrev_output
1,0,740,356,356,356,740,low_plus_high_minus_zeta_high,89,2,25,3,v6,1,twist_branch1,89,-242,2565,25,0,0,-147,1,x0_plus_x1_plus_x2,612,484,740,57,25,89,25,25,v7,1,3,19,v6,3,top_split_then_twist_then_dft3_contribution_then_natural_ntt32_input_bitrev_output
1,0,740,356,356,356,740,low_plus_high_minus_zeta_high,89,2,25,3,v6,1,twist_branch1,89,-242,2565,25,1,2,1033,722,minus_x2_minus_omega3_times_d,612,484,740,57,25,89,25,25,v7,1,3,19,v6,3,top_split_then_twist_then_dft3_contribution_then_natural_ntt32_input_bitrev_output
1,0,740,356,356,356,740,low_plus_high_minus_zeta_high,89,2,25,3,v6,1,twist_branch1,89,-242,2565,25,2,1,-886,2734,plus_omega3_times_d,612,484,740,57,25,89,25,25,v7,1,3,19,v6,3,top_split_then_twist_then_dft3_contribution_then_natural_ntt32_input_bitrev_output
1,0,744,360,360,360,744,low_plus_high_minus_zeta_high,90,0,26,3,v4,2,twist_branch1,90,-11,588,26,0,0,-147,1,x0_plus_x1_plus_x2,744,616,488,90,58,26,26,26,v7,2,3,11,v5,3,top_split_then_twist_then_dft3_contribution_then_natural_ntt32_input_bitrev_output
1,0,744,360,360,360,744,low_plus_high_minus_zeta_high,90,0,26,3,v4,2,twist_branch1,90,-11,588,26,1,0,-147,1,x0,744,616,488,90,58,26,26,26,v7,2,3,11,v5,3,top_split_then_twist_then_dft3_contribution_then_natural_ntt32_input_bitrev_output
1,0,744,360,360,360,744,low_plus_high_minus_zeta_high,90,0,26,3,v4,2,twist_branch1,90,-11,588,26,2,0,-147,1,x0,744,616,488,90,58,26,26,26,v7,2,3,11,v5,3,top_split_then_twist_then_dft3_contribution_then_natural_ntt32_input_bitrev_output
1,0,616,232,232,232,616,low_plus_high_minus_zeta_high,58,1,26,3,v5,2,twist_branch1,58,-4,2728,26,0,0,-147,1,x0_plus_x1_plus_x2,744,616,488,90,58,26,26,26,v7,2,3,11,v5,3,top_split_then_twist_then_dft3_contribution_then_natural_ntt32_input_bitrev_output
1,0,616,232,232,232,616,low_plus_high_minus_zeta_high,58,1,26,3,v5,2,twist_branch1,58,-4,2728,26,1,1,-886,2734,plus_omega3_times_d,744,616,488,90,58,26,26,26,v7,2,3,11,v5,3,top_split_then_twist_then_dft3_contribution_then_natural_ntt32_input_bitrev_output
1,0,616,232,232,232,616,low_plus_high_minus_zeta_high,58,1,26,3,v5,2,twist_branch1,58,-4,2728,26,2,2,1033,722,minus_x1_minus_omega3_times_d,744,616,488,90,58,26,26,26,v7,2,3,11,v5,3,top_split_then_twist_then_dft3_contribution_then_natural_ntt32_input_bitrev_output
1,0,488,104,104,104,488,low_plus_high_minus_zeta_high,26,2,26,3,v6,2,twist_branch1,26,-630,992,26,0,0,-147,1,x0_plus_x1_plus_x2,744,616,488,90,58,26,26,26,v7,2,3,11,v5,3,top_split_then_twist_then_dft3_contribution_then_natural_ntt32_input_bitrev_output
1,0,488,104,104,104,488,low_plus_high_minus_zeta_high,26,2,26,3,v6,2,twist_branch1,26,-630,992,26,1,2,1033,722,minus_x2_minus_omega3_times_d,744,616,488,90,58,26,26,26,v7,2,3,11,v5,3,top_split_then_twist_then_dft3_contribution_then_natural_ntt32_input_bitrev_output
1,0,488,104,104,104,488,low_plus_high_minus_zeta_high,26,2,26,3,v6,2,twist_branch1,26,-630,992,26,2,1,-886,2734,plus_omega3_times_d,744,616,488,90,58,26,26,26,v7,2,3,11,v5,3,top_split_then_twist_then_dft3_contribution_then_natural_ntt32_input_bitrev_output
1,0,492,108,108,108,492,low_plus_high_minus_zeta_high,27,0,27,3,v4,3,twist_branch1,27,-1600,2245,27,0,0,-147,1,x0_plus_x1_plus_x2,492,748,620,27,91,59,27,27,v7,3,3,27,v7,3,top_split_then_twist_then_dft3_contribution_then_natural_ntt32_input_bitrev_output
1,0,492,108,108,108,492,low_plus_high_minus_zeta_high,27,0,27,3,v4,3,twist_branch1,27,-1600,2245,27,1,0,-147,1,x0,492,748,620,27,91,59,27,27,v7,3,3,27,v7,3,top_split_then_twist_then_dft3_contribution_then_natural_ntt32_input_bitrev_output
1,0,492,108,108,108,492,low_plus_high_minus_zeta_high,27,0,27,3,v4,3,twist_branch1,27,-1600,2245,27,2,0,-147,1,x0,492,748,620,27,91,59,27,27,v7,3,3,27,v7,3,top_split_then_twist_then_dft3_contribution_then_natural_ntt32_input_bitrev_output
1,0,748,364,364,364,748,low_plus_high_minus_zeta_high,91,1,27,3,v5,3,twist_branch1,91,1728,341,27,0,0,-147,1,x0_plus_x1_plus_x2,492,748,620,27,91,59,27,27,v7,3,3,27,v7,3,top_split_then_twist_then_dft3_contribution_then_natural_ntt32_input_bitrev_output
1,0,748,364,364,364,748,low_plus_high_minus_zeta_high,91,1,27,3,v5,3,twist_branch1,91,1728,341,27,1,1,-886,2734,plus_omega3_times_d,492,748,620,27,91,59,27,27,v7,3,3,27,v7,3,top_split_then_twist_then_dft3_contribution_then_natural_ntt32_input_bitrev_output
1,0,748,364,364,364,748,low_plus_high_minus_zeta_high,91,1,27,3,v5,3,twist_branch1,91,1728,341,27,2,2,1033,722,minus_x1_minus_omega3_times_d,492,748,620,27,91,59,27,27,v7,3,3,27,v7,3,top_split_then_twist_then_dft3_contribution_then_natural_ntt32_input_bitrev_output
1,0,620,236,236,236,620,low_plus_high_minus_zeta_high,59,2,27,3,v6,3,twist_branch1,59,-943,124,27,0,0,-147,1,x0_plus_x1_plus_x2,492,748,620,27,91,59,27,27,v7,3,3,27,v7,3,top_split_then_twist_then_dft3_contribution_then_natural_ntt32_input_bitrev_output
1,0,620,236,236,236,620,low_plus_high_minus_zeta_high,59,2,27,3,v6,3,twist_branch1,59,-943,124,27,1,2,1033,722,minus_x2_minus_omega3_times_d,492,748,620,27,91,59,27,27,v7,3,3,27,v7,3,top_split_then_twist_then_dft3_contribution_then_natural_ntt32_input_bitrev_output
1,0,620,236,236,236,620,low_plus_high_minus_zeta_high,59,2,27,3,v6,3,twist_branch1,59,-943,124,27,2,1,-886,2734,plus_omega3_times_d,492,748,620,27,91,59,27,27,v7,3,3,27,v7,3,top_split_then_twist_then_dft3_contribution_then_natural_ntt32_input_bitrev_output
1,0,624,240,240,240,624,low_plus_high_minus_zeta_high,60,0,28,3,v4,4,twist_branch1,60,-200,1577,28,0,0,-147,1,x0_plus_x1_plus_x2,624,496,752,60,28,92,28,28,v7,4,3,7,v4,7,top_split_then_twist_then_dft3_contribution_then_natural_ntt32_input_bitrev_output
1,0,624,240,240,240,624,low_plus_high_minus_zeta_high,60,0,28,3,v4,4,twist_branch1,60,-200,1577,28,1,0,-147,1,x0,624,496,752,60,28,92,28,28,v7,4,3,7,v4,7,top_split_then_twist_then_dft3_contribution_then_natural_ntt32_input_bitrev_output
1,0,624,240,240,240,624,low_plus_high_minus_zeta_high,60,0,28,3,v4,4,twist_branch1,60,-200,1577,28,2,0,-147,1,x0,624,496,752,60,28,92,28,28,v7,4,3,7,v4,7,top_split_then_twist_then_dft3_contribution_then_natural_ntt32_input_bitrev_output
1,0,496,112,112,112,496,low_plus_high_minus_zeta_high,28,1,28,3,v5,4,twist_branch1,28,-387,1202,28,0,0,-147,1,x0_plus_x1_plus_x2,624,496,752,60,28,92,28,28,v7,4,3,7,v4,7,top_split_then_twist_then_dft3_contribution_then_natural_ntt32_input_bitrev_output
1,0,496,112,112,112,496,low_plus_high_minus_zeta_high,28,1,28,3,v5,4,twist_branch1,28,-387,1202,28,1,1,-886,2734,plus_omega3_times_d,624,496,752,60,28,92,28,28,v7,4,3,7,v4,7,top_split_then_twist_then_dft3_contribution_then_natural_ntt32_input_bitrev_output
1,0,496,112,112,112,496,low_plus_high_minus_zeta_high,28,1,28,3,v5,4,twist_branch1,28,-387,1202,28,2,2,1033,722,minus_x1_minus_omega3_times_d,624,496,752,60,28,92,28,28,v7,4,3,7,v4,7,top_split_then_twist_then_dft3_contribution_then_natural_ntt32_input_bitrev_output
1,0,752,368,368,368,752,low_plus_high_minus_zeta_high,92,2,28,3,v6,4,twist_branch1,92,-550,1744,28,0,0,-147,1,x0_plus_x1_plus_x2,624,496,752,60,28,92,28,28,v7,4,3,7,v4,7,top_split_then_twist_then_dft3_contribution_then_natural_ntt32_input_bitrev_output
1,0,752,368,368,368,752,low_plus_high_minus_zeta_high,92,2,28,3,v6,4,twist_branch1,92,-550,1744,28,1,2,1033,722,minus_x2_minus_omega3_times_d,624,496,752,60,28,92,28,28,v7,4,3,7,v4,7,top_split_then_twist_then_dft3_contribution_then_natural_ntt32_input_bitrev_output
1,0,752,368,368,368,752,low_plus_high_minus_zeta_high,92,2,28,3,v6,4,twist_branch1,92,-550,1744,28,2,1,-886,2734,plus_omega3_times_d,624,496,752,60,28,92,28,28,v7,4,3,7,v4,7,top_split_then_twist_then_dft3_contribution_then_natural_ntt32_input_bitrev_output
1,0,756,372,372,372,756,low_plus_high_minus_zeta_high,93,0,29,3,v4,5,twist_branch1,93,-25,3222,29,0,0,-147,1,x0_plus_x1_plus_x2,756,628,500,93,61,29,29,29,v7,5,3,23,v6,7,top_split_then_twist_then_dft3_contribution_then_natural_ntt32_input_bitrev_output
1,0,756,372,372,372,756,low_plus_high_minus_zeta_high,93,0,29,3,v4,5,twist_branch1,93,-25,3222,29,1,0,-147,1,x0,756,628,500,93,61,29,29,29,v7,5,3,23,v6,7,top_split_then_twist_then_dft3_contribution_then_natural_ntt32_input_bitrev_output
1,0,756,372,372,372,756,low_plus_high_minus_zeta_high,93,0,29,3,v4,5,twist_branch1,93,-25,3222,29,2,0,-147,1,x0,756,628,500,93,61,29,29,29,v7,5,3,23,v6,7,top_split_then_twist_then_dft3_contribution_then_natural_ntt32_input_bitrev_output
1,0,628,244,244,244,628,low_plus_high_minus_zeta_high,61,1,29,3,v5,5,twist_branch1,61,1248,2743,29,0,0,-147,1,x0_plus_x1_plus_x2,756,628,500,93,61,29,29,29,v7,5,3,23,v6,7,top_split_then_twist_then_dft3_contribution_then_natural_ntt32_input_bitrev_output
1,0,628,244,244,244,628,low_plus_high_minus_zeta_high,61,1,29,3,v5,5,twist_branch1,61,1248,2743,29,1,1,-886,2734,plus_omega3_times_d,756,628,500,93,61,29,29,29,v7,5,3,23,v6,7,top_split_then_twist_then_dft3_contribution_then_natural_ntt32_input_bitrev_output
1,0,628,244,244,244,628,low_plus_high_minus_zeta_high,61,1,29,3,v5,5,twist_branch1,61,1248,2743,29,2,2,1033,722,minus_x1_minus_omega3_times_d,756,628,500,93,61,29,29,29,v7,5,3,23,v6,7,top_split_then_twist_then_dft3_contribution_then_natural_ntt32_input_bitrev_output
1,0,500,116,116,116,500,low_plus_high_minus_zeta_high,29,2,29,3,v6,5,twist_branch1,29,-489,1626,29,0,0,-147,1,x0_plus_x1_plus_x2,756,628,500,93,61,29,29,29,v7,5,3,23,v6,7,top_split_then_twist_then_dft3_contribution_then_natural_ntt32_input_bitrev_output
1,0,500,116,116,116,500,low_plus_high_minus_zeta_high,29,2,29,3,v6,5,twist_branch1,29,-489,1626,29,1,2,1033,722,minus_x2_minus_omega3_times_d,756,628,500,93,61,29,29,29,v7,5,3,23,v6,7,top_split_then_twist_then_dft3_contribution_then_natural_ntt32_input_bitrev_output
1,0,500,116,116,116,500,low_plus_high_minus_zeta_high,29,2,29,3,v6,5,twist_branch1,29,-489,1626,29,2,1,-886,2734,plus_omega3_times_d,756,628,500,93,61,29,29,29,v7,5,3,23,v6,7,top_split_then_twist_then_dft3_contribution_then_natural_ntt32_input_bitrev_output
1,0,504,120,120,120,504,low_plus_high_minus_zeta_high,30,0,30,3,v4,6,twist_branch1,30,1392,1331,30,0,0,-147,1,x0_plus_x1_plus_x2,504,760,632,30,94,62,30,30,v7,6,3,15,v5,7,top_split_then_twist_then_dft3_contribution_then_natural_ntt32_input_bitrev_output
1,0,504,120,120,120,504,low_plus_high_minus_zeta_high,30,0,30,3,v4,6,twist_branch1,30,1392,1331,30,1,0,-147,1,x0,504,760,632,30,94,62,30,30,v7,6,3,15,v5,7,top_split_then_twist_then_dft3_contribution_then_natural_ntt32_input_bitrev_output
1,0,504,120,120,120,504,low_plus_high_minus_zeta_high,30,0,30,3,v4,6,twist_branch1,30,1392,1331,30,2,0,-147,1,x0,504,760,632,30,94,62,30,30,v7,6,3,15,v5,7,top_split_then_twist_then_dft3_contribution_then_natural_ntt32_input_bitrev_output
1,0,760,376,376,376,760,low_plus_high_minus_zeta_high,94,1,30,3,v5,6,twist_branch1,94,156,775,30,0,0,-147,1,x0_plus_x1_plus_x2,504,760,632,30,94,62,30,30,v7,6,3,15,v5,7,top_split_then_twist_then_dft3_contribution_then_natural_ntt32_input_bitrev_output
1,0,760,376,376,376,760,low_plus_high_minus_zeta_high,94,1,30,3,v5,6,twist_branch1,94,156,775,30,1,1,-886,2734,plus_omega3_times_d,504,760,632,30,94,62,30,30,v7,6,3,15,v5,7,top_split_then_twist_then_dft3_contribution_then_natural_ntt32_input_bitrev_output
1,0,760,376,376,376,760,low_plus_high_minus_zeta_high,94,1,30,3,v5,6,twist_branch1,94,156,775,30,2,2,1033,722,minus_x1_minus_omega3_times_d,504,760,632,30,94,62,30,30,v7,6,3,15,v5,7,top_split_then_twist_then_dft3_contribution_then_natural_ntt32_input_bitrev_output
1,0,632,248,248,248,632,low_plus_high_minus_zeta_high,62,2,30,3,v6,6,twist_branch1,62,371,2796,30,0,0,-147,1,x0_plus_x1_plus_x2,504,760,632,30,94,62,30,30,v7,6,3,15,v5,7,top_split_then_twist_then_dft3_contribution_then_natural_ntt32_input_bitrev_output
1,0,632,248,248,248,632,low_plus_high_minus_zeta_high,62,2,30,3,v6,6,twist_branch1,62,371,2796,30,1,2,1033,722,minus_x2_minus_omega3_times_d,504,760,632,30,94,62,30,30,v7,6,3,15,v5,7,top_split_then_twist_then_dft3_contribution_then_natural_ntt32_input_bitrev_output
1,0,632,248,248,248,632,low_plus_high_minus_zeta_high,62,2,30,3,v6,6,twist_branch1,62,371,2796,30,2,1,-886,2734,plus_omega3_times_d,504,760,632,30,94,62,30,30,v7,6,3,15,v5,7,top_split_then_twist_then_dft3_contribution_then_natural_ntt32_input_bitrev_output
1,0,636,252,252,252,636,low_plus_high_minus_zeta_high,63,0,31,3,v4,7,twist_branch1,63,174,2327,31,0,0,-147,1,x0_plus_x1_plus_x2,636,508,764,63,31,95,31,31,v7,7,3,31,v7,7,top_split_then_twist_then_dft3_contribution_then_natural_ntt32_input_bitrev_output
1,0,636,252,252,252,636,low_plus_high_minus_zeta_high,63,0,31,3,v4,7,twist_branch1,63,174,2327,31,1,0,-147,1,x0,636,508,764,63,31,95,31,31,v7,7,3,31,v7,7,top_split_then_twist_then_dft3_contribution_then_natural_ntt32_input_bitrev_output
1,0,636,252,252,252,636,low_plus_high_minus_zeta_high,63,0,31,3,v4,7,twist_branch1,63,174,2327,31,2,0,-147,1,x0,636,508,764,63,31,95,31,31,v7,7,3,31,v7,7,top_split_then_twist_then_dft3_contribution_then_natural_ntt32_input_bitrev_output
1,0,508,124,124,124,508,low_plus_high_minus_zeta_high,31,1,31,3,v5,7,twist_branch1,31,-251,1789,31,0,0,-147,1,x0_plus_x1_plus_x2,636,508,764,63,31,95,31,31,v7,7,3,31,v7,7,top_split_then_twist_then_dft3_contribution_then_natural_ntt32_input_bitrev_output
1,0,508,124,124,124,508,low_plus_high_minus_zeta_high,31,1,31,3,v5,7,twist_branch1,31,-251,1789,31,1,1,-886,2734,plus_omega3_times_d,636,508,764,63,31,95,31,31,v7,7,3,31,v7,7,top_split_then_twist_then_dft3_contribution_then_natural_ntt32_input_bitrev_output
1,0,508,124,124,124,508,low_plus_high_minus_zeta_high,31,1,31,3,v5,7,twist_branch1,31,-251,1789,31,2,2,1033,722,minus_x1_minus_omega3_times_d,636,508,764,63,31,95,31,31,v7,7,3,31,v7,7,top_split_then_twist_then_dft3_contribution_then_natural_ntt32_input_bitrev_output
1,0,764,380,380,380,764,low_plus_high_minus_zeta_high,95,2,31,3,v6,7,twist_branch1,95,-1250,2078,31,0,0,-147,1,x0_plus_x1_plus_x2,636,508,764,63,31,95,31,31,v7,7,3,31,v7,7,top_split_then_twist_then_dft3_contribution_then_natural_ntt32_input_bitrev_output
1,0,764,380,380,380,764,low_plus_high_minus_zeta_high,95,2,31,3,v6,7,twist_branch1,95,-1250,2078,31,1,2,1033,722,minus_x2_minus_omega3_times_d,636,508,764,63,31,95,31,31,v7,7,3,31,v7,7,top_split_then_twist_then_dft3_contribution_then_natural_ntt32_input_bitrev_output
1,0,764,380,380,380,764,low_plus_high_minus_zeta_high,95,2,31,3,v6,7,twist_branch1,95,-1250,2078,31,2,1,-886,2734,plus_omega3_times_d,636,508,764,63,31,95,31,31,v7,7,3,31,v7,7,top_split_then_twist_then_dft3_contribution_then_natural_ntt32_input_bitrev_output
1,1,385,1,1,1,385,low_plus_high_minus_zeta_high,0,0,0,0,v4,0,twist_branch1,0,-147,1,0,0,0,-147,1,x0_plus_x1_plus_x2,385,641,513,0,64,32,0,0,v4,0,0,0,v4,0,top_split_then_twist_then_dft3_contribution_then_natural_ntt32_input_bitrev_output
1,1,385,1,1,1,385,low_plus_high_minus_zeta_high,0,0,0,0,v4,0,twist_branch1,0,-147,1,0,1,0,-147,1,x0,385,641,513,0,64,32,0,0,v4,0,0,0,v4,0,top_split_then_twist_then_dft3_contribution_then_natural_ntt32_input_bitrev_output
1,1,385,1,1,1,385,low_plus_high_minus_zeta_high,0,0,0,0,v4,0,twist_branch1,0,-147,1,0,2,0,-147,1,x0,385,641,513,0,64,32,0,0,v4,0,0,0,v4,0,top_split_then_twist_then_dft3_contribution_then_natural_ntt32_input_bitrev_output
1,1,641,257,257,257,641,low_plus_high_minus_zeta_high,64,1,0,0,v5,0,twist_branch1,64,1265,1520,0,0,0,-147,1,x0_plus_x1_plus_x2,385,641,513,0,64,32,0,0,v4,0,0,0,v4,0,top_split_then_twist_then_dft3_contribution_then_natural_ntt32_input_bitrev_output
1,1,641,257,257,257,641,low_plus_high_minus_zeta_high,64,1,0,0,v5,0,twist_branch1,64,1265,1520,0,1,1,-886,2734,plus_omega3_times_d,385,641,513,0,64,32,0,0,v4,0,0,0,v4,0,top_split_then_twist_then_dft3_contribution_then_natural_ntt32_input_bitrev_output
1,1,641,257,257,257,641,low_plus_high_minus_zeta_high,64,1,0,0,v5,0,twist_branch1,64,1265,1520,0,2,2,1033,722,minus_x1_minus_omega3_times_d,385,641,513,0,64,32,0,0,v4,0,0,0,v4,0,top_split_then_twist_then_dft3_contribution_then_natural_ntt32_input_bitrev_output
1,1,513,129,129,129,513,low_plus_high_minus_zeta_high,32,2,0,0,v6,0,twist_branch1,32,460,867,0,0,0,-147,1,x0_plus_x1_plus_x2,385,641,513,0,64,32,0,0,v4,0,0,0,v4,0,top_split_then_twist_then_dft3_contribution_then_natural_ntt32_input_bitrev_output
1,1,513,129,129,129,513,low_plus_high_minus_zeta_high,32,2,0,0,v6,0,twist_branch1,32,460,867,0,1,2,1033,722,minus_x2_minus_omega3_times_d,385,641,513,0,64,32,0,0,v4,0,0,0,v4,0,top_split_then_twist_then_dft3_contribution_then_natural_ntt32_input_bitrev_output
1,1,513,129,129,129,513,low_plus_high_minus_zeta_high,32,2,0,0,v6,0,twist_branch1,32,460,867,0,2,1,-886,2734,plus_omega3_times_d,385,641,513,0,64,32,0,0,v4,0,0,0,v4,0,top_split_then_twist_then_dft3_contribution_then_natural_ntt32_input_bitrev_output
1,1,517,133,133,133,517,low_plus_high_minus_zeta_high,33,0,1,0,v4,1,twist_branch1,33,1278,3025,1,0,0,-147,1,x0_plus_x1_plus_x2,517,389,645,33,1,65,1,1,v4,1,0,16,v6,0,top_split_then_twist_then_dft3_contribution_then_natural_ntt32_input_bitrev_output
1,1,517,133,133,133,517,low_plus_high_minus_zeta_high,33,0,1,0,v4,1,twist_branch1,33,1278,3025,1,1,0,-147,1,x0,517,389,645,33,1,65,1,1,v4,1,0,16,v6,0,top_split_then_twist_then_dft3_contribution_then_natural_ntt32_input_bitrev_output
1,1,517,133,133,133,517,low_plus_high_minus_zeta_high,33,0,1,0,v4,1,twist_branch1,33,1278,3025,1,2,0,-147,1,x0,517,389,645,33,1,65,1,1,v4,1,0,16,v6,0,top_split_then_twist_then_dft3_contribution_then_natural_ntt32_input_bitrev_output
1,1,389,5,5,5,389,low_plus_high_minus_zeta_high,1,1,1,0,v5,1,twist_branch1,1,779,1100,1,0,0,-147,1,x0_plus_x1_plus_x2,517,389,645,33,1,65,1,1,v4,1,0,16,v6,0,top_split_then_twist_then_dft3_contribution_then_natural_ntt32_input_bitrev_output
1,1,389,5,5,5,389,low_plus_high_minus_zeta_high,1,1,1,0,v5,1,twist_branch1,1,779,1100,1,1,1,-886,2734,plus_omega3_times_d,517,389,645,33,1,65,1,1,v4,1,0,16,v6,0,top_split_then_twist_then_dft3_contribution_then_natural_ntt32_input_bitrev_output
1,1,389,5,5,5,389,low_plus_high_minus_zeta_high,1,1,1,0,v5,1,twist_branch1,1,779,1100,1,2,2,1033,722,minus_x1_minus_omega3_times_d,517,389,645,33,1,65,1,1,v4,1,0,16,v6,0,top_split_then_twist_then_dft3_contribution_then_natural_ntt32_input_bitrev_output
1,1,645,261,261,261,645,low_plus_high_minus_zeta_high,65,2,1,0,v6,1,twist_branch1,65,-1671,2269,1,0,0,-147,1,x0_plus_x1_plus_x2,517,389,645,33,1,65,1,1,v4,1,0,16,v6,0,top_split_then_twist_then_dft3_contribution_then_natural_ntt32_input_bitrev_output
1,1,645,261,261,261,645,low_plus_high_minus_zeta_high,65,2,1,0,v6,1,twist_branch1,65,-1671,2269,1,1,2,1033,722,minus_x2_minus_omega3_times_d,517,389,645,33,1,65,1,1,v4,1,0,16,v6,0,top_split_then_twist_then_dft3_contribution_then_natural_ntt32_input_bitrev_output
1,1,645,261,261,261,645,low_plus_high_minus_zeta_high,65,2,1,0,v6,1,twist_branch1,65,-1671,2269,1,2,1,-886,2734,plus_omega3_times_d,517,389,645,33,1,65,1,1,v4,1,0,16,v6,0,top_split_then_twist_then_dft3_contribution_then_natural_ntt32_input_bitrev_output
1,1,649,265,265,265,649,low_plus_high_minus_zeta_high,66,0,2,0,v4,2,twist_branch1,66,1024,3403,2,0,0,-147,1,x0_plus_x1_plus_x2,649,521,393,66,34,2,2,2,v4,2,0,8,v5,0,top_split_then_twist_then_dft3_contribution_then_natural_ntt32_input_bitrev_output
1,1,649,265,265,265,649,low_plus_high_minus_zeta_high,66,0,2,0,v4,2,twist_branch1,66,1024,3403,2,1,0,-147,1,x0,649,521,393,66,34,2,2,2,v4,2,0,8,v5,0,top_split_then_twist_then_dft3_contribution_then_natural_ntt32_input_bitrev_output
1,1,649,265,265,265,649,low_plus_high_minus_zeta_high,66,0,2,0,v4,2,twist_branch1,66,1024,3403,2,2,0,-147,1,x0,649,521,393,66,34,2,2,2,v4,2,0,8,v5,0,top_split_then_twist_then_dft3_contribution_then_natural_ntt32_input_bitrev_output
1,1,521,137,137,137,521,low_plus_high_minus_zeta_high,34,1,2,0,v5,2,twist_branch1,34,-1199,1866,2,0,0,-147,1,x0_plus_x1_plus_x2,649,521,393,66,34,2,2,2,v4,2,0,8,v5,0,top_split_then_twist_then_dft3_contribution_then_natural_ntt32_input_bitrev_output
1,1,521,137,137,137,521,low_plus_high_minus_zeta_high,34,1,2,0,v5,2,twist_branch1,34,-1199,1866,2,1,1,-886,2734,plus_omega3_times_d,649,521,393,66,34,2,2,2,v4,2,0,8,v5,0,top_split_then_twist_then_dft3_contribution_then_natural_ntt32_input_bitrev_output
1,1,521,137,137,137,521,low_plus_high_minus_zeta_high,34,1,2,0,v5,2,twist_branch1,34,-1199,1866,2,2,2,1033,722,minus_x1_minus_omega3_times_d,649,521,393,66,34,2,2,2,v4,2,0,8,v5,0,top_split_then_twist_then_dft3_contribution_then_natural_ntt32_input_bitrev_output
1,1,393,9,9,9,393,low_plus_high_minus_zeta_high,2,2,2,0,v6,2,twist_branch1,2,-436,50,2,0,0,-147,1,x0_plus_x1_plus_x2,649,521,393,66,34,2,2,2,v4,2,0,8,v5,0,top_split_then_twist_then_dft3_contribution_then_natural_ntt32_input_bitrev_output
1,1,393,9,9,9,393,low_plus_high_minus_zeta_high,2,2,2,0,v6,2,twist_branch1,2,-436,50,2,1,2,1033,722,minus_x2_minus_omega3_times_d,649,521,393,66,34,2,2,2,v4,2,0,8,v5,0,top_split_then_twist_then_dft3_contribution_then_natural_ntt32_input_bitrev_output
1,1,393,9,9,9,393,low_plus_high_minus_zeta_high,2,2,2,0,v6,2,twist_branch1,2,-436,50,2,2,1,-886,2734,plus_omega3_times_d,649,521,393,66,34,2,2,2,v4,2,0,8,v5,0,top_split_then_twist_then_dft3_contribution_then_natural_ntt32_input_bitrev_output
1,1,397,13,13,13,397,low_plus_high_minus_zeta_high,3,0,3,0,v4,3,twist_branch1,3,923,3145,3,0,0,-147,1,x0_plus_x1_plus_x2,397,653,525,3,67,35,3,3,v4,3,0,24,v7,0,top_split_then_twist_then_dft3_contribution_then_natural_ntt32_input_bitrev_output
1,1,397,13,13,13,397,low_plus_high_minus_zeta_high,3,0,3,0,v4,3,twist_branch1,3,923,3145,3,1,0,-147,1,x0,397,653,525,3,67,35,3,3,v4,3,0,24,v7,0,top_split_then_twist_then_dft3_contribution_then_natural_ntt32_input_bitrev_output
1,1,397,13,13,13,397,low_plus_high_minus_zeta_high,3,0,3,0,v4,3,twist_branch1,3,923,3145,3,2,0,-147,1,x0,397,653,525,3,67,35,3,3,v4,3,0,24,v7,0,top_split_then_twist_then_dft3_contribution_then_natural_ntt32_input_bitrev_output
1,1,653,269,269,269,653,low_plus_high_minus_zeta_high,67,1,3,0,v5,3,twist_branch1,67,-582,2826,3,0,0,-147,1,x0_plus_x1_plus_x2,397,653,525,3,67,35,3,3,v4,3,0,24,v7,0,top_split_then_twist_then_dft3_contribution_then_natural_ntt32_input_bitrev_output
1,1,653,269,269,269,653,low_plus_high_minus_zeta_high,67,1,3,0,v5,3,twist_branch1,67,-582,2826,3,1,1,-886,2734,plus_omega3_times_d,397,653,525,3,67,35,3,3,v4,3,0,24,v7,0,top_split_then_twist_then_dft3_contribution_then_natural_ntt32_input_bitrev_output
1,1,653,269,269,269,653,low_plus_high_minus_zeta_high,67,1,3,0,v5,3,twist_branch1,67,-582,2826,3,2,2,1033,722,minus_x1_minus_omega3_times_d,397,653,525,3,67,35,3,3,v4,3,0,24,v7,0,top_split_then_twist_then_dft3_contribution_then_natural_ntt32_input_bitrev_output
1,1,525,141,141,141,525,low_plus_high_minus_zeta_high,35,2,3,0,v6,3,twist_branch1,35,1674,2599,3,0,0,-147,1,x0_plus_x1_plus_x2,397,653,525,3,67,35,3,3,v4,3,0,24,v7,0,top_split_then_twist_then_dft3_contribution_then_natural_ntt32_input_bitrev_output
1,1,525,141,141,141,525,low_plus_high_minus_zeta_high,35,2,3,0,v6,3,twist_branch1,35,1674,2599,3,1,2,1033,722,minus_x2_minus_omega3_times_d,397,653,525,3,67,35,3,3,v4,3,0,24,v7,0,top_split_then_twist_then_dft3_contribution_then_natural_ntt32_input_bitrev_output
1,1,525,141,141,141,525,low_plus_high_minus_zeta_high,35,2,3,0,v6,3,twist_branch1,35,1674,2599,3,2,1,-886,2734,plus_omega3_times_d,397,653,525,3,67,35,3,3,v4,3,0,24,v7,0,top_split_then_twist_then_dft3_contribution_then_natural_ntt32_input_bitrev_output
1,1,529,145,145,145,529,low_plus_high_minus_zeta_high,36,0,4,0,v4,4,twist_branch1,36,-1181,3418,4,0,0,-147,1,x0_plus_x1_plus_x2,529,401,657,36,4,68,4,4,v4,4,0,4,v4,4,top_split_then_twist_then_dft3_contribution_then_natural_ntt32_input_bitrev_output
1,1,529,145,145,145,529,low_plus_high_minus_zeta_high,36,0,4,0,v4,4,twist_branch1,36,-1181,3418,4,1,0,-147,1,x0,529,401,657,36,4,68,4,4,v4,4,0,4,v4,4,top_split_then_twist_then_dft3_contribution_then_natural_ntt32_input_bitrev_output
1,1,529,145,145,145,529,low_plus_high_minus_zeta_high,36,0,4,0,v4,4,twist_branch1,36,-1181,3418,4,2,0,-147,1,x0,529,401,657,36,4,68,4,4,v4,4,0,4,v4,4,top_split_then_twist_then_dft3_contribution_then_natural_ntt32_input_bitrev_output
1,1,401,17,17,17,401,low_plus_high_minus_zeta_high,4,1,4,0,v5,4,twist_branch1,4,-1058,2500,4,0,0,-147,1,x0_plus_x1_plus_x2,529,401,657,36,4,68,4,4,v4,4,0,4,v4,4,top_split_then_twist_then_dft3_contribution_then_natural_ntt32_input_bitrev_output
1,1,401,17,17,17,401,low_plus_high_minus_zeta_high,4,1,4,0,v5,4,twist_branch1,4,-1058,2500,4,1,1,-886,2734,plus_omega3_times_d,529,401,657,36,4,68,4,4,v4,4,0,4,v4,4,top_split_then_twist_then_dft3_contribution_then_natural_ntt32_input_bitrev_output
1,1,401,17,17,17,401,low_plus_high_minus_zeta_high,4,1,4,0,v5,4,twist_branch1,4,-1058,2500,4,2,2,1033,722,minus_x1_minus_omega3_times_d,529,401,657,36,4,68,4,4,v4,4,0,4,v4,4,top_split_then_twist_then_dft3_contribution_then_natural_ntt32_input_bitrev_output
1,1,657,273,273,273,657,low_plus_high_minus_zeta_high,68,2,4,0,v6,4,twist_branch1,68,-655,757,4,0,0,-147,1,x0_plus_x1_plus_x2,529,401,657,36,4,68,4,4,v4,4,0,4,v4,4,top_split_then_twist_then_dft3_contribution_then_natural_ntt32_input_bitrev_output
1,1,657,273,273,273,657,low_plus_high_minus_zeta_high,68,2,4,0,v6,4,twist_branch1,68,-655,757,4,1,2,1033,722,minus_x2_minus_omega3_times_d,529,401,657,36,4,68,4,4,v4,4,0,4,v4,4,top_split_then_twist_then_dft3_contribution_then_natural_ntt32_input_bitrev_output
1,1,657,273,273,273,657,low_plus_high_minus_zeta_high,68,2,4,0,v6,4,twist_branch1,68,-655,757,4,2,1,-886,2734,plus_omega3_times_d,529,401,657,36,4,68,4,4,v4,4,0,4,v4,4,top_split_then_twist_then_dft3_contribution_then_natural_ntt32_input_bitrev_output
1,1,661,277,277,277,661,low_plus_high_minus_zeta_high,69,0,5,0,v4,5,twist_branch1,69,-1444,3020,5,0,0,-147,1,x0_plus_x1_plus_x2,661,533,405,69,37,5,5,5,v4,5,0,20,v6,4,top_split_then_twist_then_dft3_contribution_then_natural_ntt32_input_bitrev_output
1,1,661,277,277,277,661,low_plus_high_minus_zeta_high,69,0,5,0,v4,5,twist_branch1,69,-1444,3020,5,1,0,-147,1,x0,661,533,405,69,37,5,5,5,v4,5,0,20,v6,4,top_split_then_twist_then_dft3_contribution_then_natural_ntt32_input_bitrev_output
1,1,661,277,277,277,661,low_plus_high_minus_zeta_high,69,0,5,0,v4,5,twist_branch1,69,-1444,3020,5,2,0,-147,1,x0,661,533,405,69,37,5,5,5,v4,5,0,20,v6,4,top_split_then_twist_then_dft3_contribution_then_natural_ntt32_input_bitrev_output
1,1,533,149,149,149,533,low_plus_high_minus_zeta_high,37,1,5,0,v5,5,twist_branch1,37,732,2041,5,0,0,-147,1,x0_plus_x1_plus_x2,661,533,405,69,37,5,5,5,v4,5,0,20,v6,4,top_split_then_twist_then_dft3_contribution_then_natural_ntt32_input_bitrev_output
1,1,533,149,149,149,533,low_plus_high_minus_zeta_high,37,1,5,0,v5,5,twist_branch1,37,732,2041,5,1,1,-886,2734,plus_omega3_times_d,661,533,405,69,37,5,5,5,v4,5,0,20,v6,4,top_split_then_twist_then_dft3_contribution_then_natural_ntt32_input_bitrev_output
1,1,533,149,149,149,533,low_plus_high_minus_zeta_high,37,1,5,0,v5,5,twist_branch1,37,732,2041,5,2,2,1033,722,minus_x1_minus_omega3_times_d,661,533,405,69,37,5,5,5,v4,5,0,20,v6,4,top_split_then_twist_then_dft3_contribution_then_natural_ntt32_input_bitrev_output
1,1,405,21,21,21,405,low_plus_high_minus_zeta_high,5,2,5,0,v6,5,twist_branch1,5,1209,1685,5,0,0,-147,1,x0_plus_x1_plus_x2,661,533,405,69,37,5,5,5,v4,5,0,20,v6,4,top_split_then_twist_then_dft3_contribution_then_natural_ntt32_input_bitrev_output
1,1,405,21,21,21,405,low_plus_high_minus_zeta_high,5,2,5,0,v6,5,twist_branch1,5,1209,1685,5,1,2,1033,722,minus_x2_minus_omega3_times_d,661,533,405,69,37,5,5,5,v4,5,0,20,v6,4,top_split_then_twist_then_dft3_contribution_then_natural_ntt32_input_bitrev_output
1,1,405,21,21,21,405,low_plus_high_minus_zeta_high,5,2,5,0,v6,5,twist_branch1,5,1209,1685,5,2,1,-886,2734,plus_omega3_times_d,661,533,405,69,37,5,5,5,v4,5,0,20,v6,4,top_split_then_twist_then_dft3_contribution_then_natural_ntt32_input_bitrev_output
1,1,409,25,25,25,409,low_plus_high_minus_zeta_high,6,0,6,0,v4,6,twist_branch1,6,-1045,548,6,0,0,-147,1,x0_plus_x1_plus_x2,409,665,537,6,70,38,6,6,v4,6,0,12,v5,4,top_split_then_twist_then_dft3_contribution_then_natural_ntt32_input_bitrev_output
1,1,409,25,25,25,409,low_plus_high_minus_zeta_high,6,0,6,0,v4,6,twist_branch1,6,-1045,548,6,1,0,-147,1,x0,409,665,537,6,70,38,6,6,v4,6,0,12,v5,4,top_split_then_twist_then_dft3_contribution_then_natural_ntt32_input_bitrev_output
1,1,409,25,25,25,409,low_plus_high_minus_zeta_high,6,0,6,0,v4,6,twist_branch1,6,-1045,548,6,2,0,-147,1,x0,409,665,537,6,70,38,6,6,v4,6,0,12,v5,4,top_split_then_twist_then_dft3_contribution_then_natural_ntt32_input_bitrev_output
1,1,665,281,281,281,665,low_plus_high_minus_zeta_high,70,1,6,0,v5,6,twist_branch1,70,-1637,3280,6,0,0,-147,1,x0_plus_x1_plus_x2,409,665,537,6,70,38,6,6,v4,6,0,12,v5,4,top_split_then_twist_then_dft3_contribution_then_natural_ntt32_input_bitrev_output
1,1,665,281,281,281,665,low_plus_high_minus_zeta_high,70,1,6,0,v5,6,twist_branch1,70,-1637,3280,6,1,1,-886,2734,plus_omega3_times_d,409,665,537,6,70,38,6,6,v4,6,0,12,v5,4,top_split_then_twist_then_dft3_contribution_then_natural_ntt32_input_bitrev_output
1,1,665,281,281,281,665,low_plus_high_minus_zeta_high,70,1,6,0,v5,6,twist_branch1,70,-1637,3280,6,2,2,1033,722,minus_x1_minus_omega3_times_d,409,665,537,6,70,38,6,6,v4,6,0,12,v5,4,top_split_then_twist_then_dft3_contribution_then_natural_ntt32_input_bitrev_output
1,1,537,153,153,153,537,low_plus_high_minus_zeta_high,38,2,6,0,v6,6,twist_branch1,38,-281,1507,6,0,0,-147,1,x0_plus_x1_plus_x2,409,665,537,6,70,38,6,6,v4,6,0,12,v5,4,top_split_then_twist_then_dft3_contribution_then_natural_ntt32_input_bitrev_output
1,1,537,153,153,153,537,low_plus_high_minus_zeta_high,38,2,6,0,v6,6,twist_branch1,38,-281,1507,6,1,2,1033,722,minus_x2_minus_omega3_times_d,409,665,537,6,70,38,6,6,v4,6,0,12,v5,4,top_split_then_twist_then_dft3_contribution_then_natural_ntt32_input_bitrev_output
1,1,537,153,153,153,537,low_plus_high_minus_zeta_high,38,2,6,0,v6,6,twist_branch1,38,-281,1507,6,2,1,-886,2734,plus_omega3_times_d,409,665,537,6,70,38,6,6,v4,6,0,12,v5,4,top_split_then_twist_then_dft3_contribution_then_natural_ntt32_input_bitrev_output
1,1,541,157,157,157,541,low_plus_high_minus_zeta_high,39,0,7,0,v4,7,twist_branch1,39,-1427,1797,7,0,0,-147,1,x0_plus_x1_plus_x2,541,413,669,39,7,71,7,7,v4,7,0,28,v7,4,top_split_then_twist_then_dft3_contribution_then_natural_ntt32_input_bitrev_output
1,1,541,157,157,157,541,low_plus_high_minus_zeta_high,39,0,7,0,v4,7,twist_branch1,39,-1427,1797,7,1,0,-147,1,x0,541,413,669,39,7,71,7,7,v4,7,0,28,v7,4,top_split_then_twist_then_dft3_contribution_then_natural_ntt32_input_bitrev_output
1,1,541,157,157,157,541,low_plus_high_minus_zeta_high,39,0,7,0,v4,7,twist_branch1,39,-1427,1797,7,2,0,-147,1,x0,541,413,669,39,7,71,7,7,v4,7,0,28,v7,4,top_split_then_twist_then_dft3_contribution_then_natural_ntt32_input_bitrev_output
1,1,413,29,29,29,413,low_plus_high_minus_zeta_high,7,1,7,0,v5,7,twist_branch1,7,1681,1282,7,0,0,-147,1,x0_plus_x1_plus_x2,541,413,669,39,7,71,7,7,v4,7,0,28,v7,4,top_split_then_twist_then_dft3_contribution_then_natural_ntt32_input_bitrev_output
1,1,413,29,29,29,413,low_plus_high_minus_zeta_high,7,1,7,0,v5,7,twist_branch1,7,1681,1282,7,1,1,-886,2734,plus_omega3_times_d,541,413,669,39,7,71,7,7,v4,7,0,28,v7,4,top_split_then_twist_then_dft3_contribution_then_natural_ntt32_input_bitrev_output
1,1,413,29,29,29,413,low_plus_high_minus_zeta_high,7,1,7,0,v5,7,twist_branch1,7,1681,1282,7,2,2,1033,722,minus_x1_minus_omega3_times_d,541,413,669,39,7,71,7,7,v4,7,0,28,v7,4,top_split_then_twist_then_dft3_contribution_then_natural_ntt32_input_bitrev_output
1,1,669,285,285,285,669,low_plus_high_minus_zeta_high,71,2,7,0,v6,7,twist_branch1,71,397,2349,7,0,0,-147,1,x0_plus_x1_plus_x2,541,413,669,39,7,71,7,7,v4,7,0,28,v7,4,top_split_then_twist_then_dft3_contribution_then_natural_ntt32_input_bitrev_output
1,1,669,285,285,285,669,low_plus_high_minus_zeta_high,71,2,7,0,v6,7,twist_branch1,71,397,2349,7,1,2,1033,722,minus_x2_minus_omega3_times_d,541,413,669,39,7,71,7,7,v4,7,0,28,v7,4,top_split_then_twist_then_dft3_contribution_then_natural_ntt32_input_bitrev_output
1,1,669,285,285,285,669,low_plus_high_minus_zeta_high,71,2,7,0,v6,7,twist_branch1,71,397,2349,7,2,1,-886,2734,plus_omega3_times_d,541,413,669,39,7,71,7,7,v4,7,0,28,v7,4,top_split_then_twist_then_dft3_contribution_then_natural_ntt32_input_bitrev_output
1,1,673,289,289,289,673,low_plus_high_minus_zeta_high,72,0,8,1,v4,0,twist_branch1,72,1118,1521,8,0,0,-147,1,x0_plus_x1_plus_x2,673,545,417,72,40,8,8,8,v5,0,1,2,v4,2,top_split_then_twist_then_dft3_contribution_then_natural_ntt32_input_bitrev_output
1,1,673,289,289,289,673,low_plus_high_minus_zeta_high,72,0,8,1,v4,0,twist_branch1,72,1118,1521,8,1,0,-147,1,x0,673,545,417,72,40,8,8,8,v5,0,1,2,v4,2,top_split_then_twist_then_dft3_contribution_then_natural_ntt32_input_bitrev_output
1,1,673,289,289,289,673,low_plus_high_minus_zeta_high,72,0,8,1,v4,0,twist_branch1,72,1118,1521,8,2,0,-147,1,x0,673,545,417,72,40,8,8,8,v5,0,1,2,v4,2,top_split_then_twist_then_dft3_contribution_then_natural_ntt32_input_bitrev_output
1,1,545,161,161,161,545,low_plus_high_minus_zeta_high,40,1,8,1,v5,0,twist_branch1,40,-222,2753,8,0,0,-147,1,x0_plus_x1_plus_x2,673,545,417,72,40,8,8,8,v5,0,1,2,v4,2,top_split_then_twist_then_dft3_contribution_then_natural_ntt32_input_bitrev_output
1,1,545,161,161,161,545,low_plus_high_minus_zeta_high,40,1,8,1,v5,0,twist_branch1,40,-222,2753,8,1,1,-886,2734,plus_omega3_times_d,673,545,417,72,40,8,8,8,v5,0,1,2,v4,2,top_split_then_twist_then_dft3_contribution_then_natural_ntt32_input_bitrev_output
1,1,545,161,161,161,545,low_plus_high_minus_zeta_high,40,1,8,1,v5,0,twist_branch1,40,-222,2753,8,2,2,1033,722,minus_x1_minus_omega3_times_d,673,545,417,72,40,8,8,8,v5,0,1,2,v4,2,top_split_then_twist_then_dft3_contribution_then_natural_ntt32_input_bitrev_output
1,1,417,33,33,33,417,low_plus_high_minus_zeta_high,8,2,8,1,v6,0,twist_branch1,8,-395,3201,8,0,0,-147,1,x0_plus_x1_plus_x2,673,545,417,72,40,8,8,8,v5,0,1,2,v4,2,top_split_then_twist_then_dft3_contribution_then_natural_ntt32_input_bitrev_output
1,1,417,33,33,33,417,low_plus_high_minus_zeta_high,8,2,8,1,v6,0,twist_branch1,8,-395,3201,8,1,2,1033,722,minus_x2_minus_omega3_times_d,673,545,417,72,40,8,8,8,v5,0,1,2,v4,2,top_split_then_twist_then_dft3_contribution_then_natural_ntt32_input_bitrev_output
1,1,417,33,33,33,417,low_plus_high_minus_zeta_high,8,2,8,1,v6,0,twist_branch1,8,-395,3201,8,2,1,-886,2734,plus_omega3_times_d,673,545,417,72,40,8,8,8,v5,0,1,2,v4,2,top_split_then_twist_then_dft3_contribution_then_natural_ntt32_input_bitrev_output
1,1,421,37,37,37,421,low_plus_high_minus_zeta_high,9,0,9,1,v4,1,twist_branch1,9,1082,1874,9,0,0,-147,1,x0_plus_x1_plus_x2,421,677,549,9,73,41,9,9,v5,1,1,18,v6,2,top_split_then_twist_then_dft3_contribution_then_natural_ntt32_input_bitrev_output
1,1,421,37,37,37,421,low_plus_high_minus_zeta_high,9,0,9,1,v4,1,twist_branch1,9,1082,1874,9,1,0,-147,1,x0,421,677,549,9,73,41,9,9,v5,1,1,18,v6,2,top_split_then_twist_then_dft3_contribution_then_natural_ntt32_input_bitrev_output
1,1,421,37,37,37,421,low_plus_high_minus_zeta_high,9,0,9,1,v4,1,twist_branch1,9,1082,1874,9,2,0,-147,1,x0,421,677,549,9,73,41,9,9,v5,1,1,18,v6,2,top_split_then_twist_then_dft3_contribution_then_natural_ntt32_input_bitrev_output
1,1,677,293,293,293,677,low_plus_high_minus_zeta_high,73,1,9,1,v5,1,twist_branch1,73,-892,3369,9,0,0,-147,1,x0_plus_x1_plus_x2,421,677,549,9,73,41,9,9,v5,1,1,18,v6,2,top_split_then_twist_then_dft3_contribution_then_natural_ntt32_input_bitrev_output
1,1,677,293,293,293,677,low_plus_high_minus_zeta_high,73,1,9,1,v5,1,twist_branch1,73,-892,3369,9,1,1,-886,2734,plus_omega3_times_d,421,677,549,9,73,41,9,9,v5,1,1,18,v6,2,top_split_then_twist_then_dft3_contribution_then_natural_ntt32_input_bitrev_output
1,1,677,293,293,293,677,low_plus_high_minus_zeta_high,73,1,9,1,v5,1,twist_branch1,73,-892,3369,9,2,2,1033,722,minus_x1_minus_omega3_times_d,421,677,549,9,73,41,9,9,v5,1,1,18,v6,2,top_split_then_twist_then_dft3_contribution_then_natural_ntt32_input_bitrev_output
1,1,549,165,165,165,549,low_plus_high_minus_zeta_high,41,2,9,1,v6,1,twist_branch1,41,1247,3425,9,0,0,-147,1,x0_plus_x1_plus_x2,421,677,549,9,73,41,9,9,v5,1,1,18,v6,2,top_split_then_twist_then_dft3_contribution_then_natural_ntt32_input_bitrev_output
1,1,549,165,165,165,549,low_plus_high_minus_zeta_high,41,2,9,1,v6,1,twist_branch1,41,1247,3425,9,1,2,1033,722,minus_x2_minus_omega3_times_d,421,677,549,9,73,41,9,9,v5,1,1,18,v6,2,top_split_then_twist_then_dft3_contribution_then_natural_ntt32_input_bitrev_output
1,1,549,165,165,165,549,low_plus_high_minus_zeta_high,41,2,9,1,v6,1,twist_branch1,41,1247,3425,9,2,1,-886,2734,plus_omega3_times_d,421,677,549,9,73,41,9,9,v5,1,1,18,v6,2,top_split_then_twist_then_dft3_contribution_then_natural_ntt32_input_bitrev_output
1,1,553,169,169,169,553,low_plus_high_minus_zeta_high,42,0,10,1,v4,2,twist_branch1,42,-729,2827,10,0,0,-147,1,x0_plus_x1_plus_x2,553,425,681,42,10,74,10,10,v5,2,1,10,v5,2,top_split_then_twist_then_dft3_contribution_then_natural_ntt32_input_bitrev_output
1,1,553,169,169,169,553,low_plus_high_minus_zeta_high,42,0,10,1,v4,2,twist_branch1,42,-729,2827,10,1,0,-147,1,x0,553,425,681,42,10,74,10,10,v5,2,1,10,v5,2,top_split_then_twist_then_dft3_contribution_then_natural_ntt32_input_bitrev_output
1,1,553,169,169,169,553,low_plus_high_minus_zeta_high,42,0,10,1,v4,2,twist_branch1,42,-729,2827,10,2,0,-147,1,x0,553,425,681,42,10,74,10,10,v5,2,1,10,v5,2,top_split_then_twist_then_dft3_contribution_then_natural_ntt32_input_bitrev_output
1,1,425,41,41,41,425,low_plus_high_minus_zeta_high,10,1,10,1,v5,2,twist_branch1,10,992,1028,10,0,0,-147,1,x0_plus_x1_plus_x2,553,425,681,42,10,74,10,10,v5,2,1,10,v5,2,top_split_then_twist_then_dft3_contribution_then_natural_ntt32_input_bitrev_output
1,1,425,41,41,41,425,low_plus_high_minus_zeta_high,10,1,10,1,v5,2,twist_branch1,10,992,1028,10,1,1,-886,2734,plus_omega3_times_d,553,425,681,42,10,74,10,10,v5,2,1,10,v5,2,top_split_then_twist_then_dft3_contribution_then_natural_ntt32_input_bitrev_output
1,1,425,41,41,41,425,low_plus_high_minus_zeta_high,10,1,10,1,v5,2,twist_branch1,10,992,1028,10,2,2,1033,722,minus_x1_minus_omega3_times_d,553,425,681,42,10,74,10,10,v5,2,1,10,v5,2,top_split_then_twist_then_dft3_contribution_then_natural_ntt32_input_bitrev_output
1,1,681,297,297,297,681,low_plus_high_minus_zeta_high,74,2,10,1,v6,2,twist_branch1,74,588,3453,10,0,0,-147,1,x0_plus_x1_plus_x2,553,425,681,42,10,74,10,10,v5,2,1,10,v5,2,top_split_then_twist_then_dft3_contribution_then_natural_ntt32_input_bitrev_output
1,1,681,297,297,297,681,low_plus_high_minus_zeta_high,74,2,10,1,v6,2,twist_branch1,74,588,3453,10,1,2,1033,722,minus_x2_minus_omega3_times_d,553,425,681,42,10,74,10,10,v5,2,1,10,v5,2,top_split_then_twist_then_dft3_contribution_then_natural_ntt32_input_bitrev_output
1,1,681,297,297,297,681,low_plus_high_minus_zeta_high,74,2,10,1,v6,2,twist_branch1,74,588,3453,10,2,1,-886,2734,plus_omega3_times_d,553,425,681,42,10,74,10,10,v5,2,1,10,v5,2,top_split_then_twist_then_dft3_contribution_then_natural_ntt32_input_bitrev_output
1,1,685,301,301,301,685,low_plus_high_minus_zeta_high,75,0,11,1,v4,3,twist_branch1,75,341,2514,11,0,0,-147,1,x0_plus_x1_plus_x2,685,557,429,75,43,11,11,11,v5,3,1,26,v7,2,top_split_then_twist_then_dft3_contribution_then_natural_ntt32_input_bitrev_output
1,1,685,301,301,301,685,low_plus_high_minus_zeta_high,75,0,11,1,v4,3,twist_branch1,75,341,2514,11,1,0,-147,1,x0,685,557,429,75,43,11,11,11,v5,3,1,26,v7,2,top_split_then_twist_then_dft3_contribution_then_natural_ntt32_input_bitrev_output
1,1,685,301,301,301,685,low_plus_high_minus_zeta_high,75,0,11,1,v4,3,twist_branch1,75,341,2514,11,2,0,-147,1,x0,685,557,429,75,43,11,11,11,v5,3,1,26,v7,2,top_split_then_twist_then_dft3_contribution_then_natural_ntt32_input_bitrev_output
1,1,557,173,173,173,557,low_plus_high_minus_zeta_high,43,1,11,1,v5,3,twist_branch1,43,124,1857,11,0,0,-147,1,x0_plus_x1_plus_x2,685,557,429,75,43,11,11,11,v5,3,1,26,v7,2,top_split_then_twist_then_dft3_contribution_then_natural_ntt32_input_bitrev_output
1,1,557,173,173,173,557,low_plus_high_minus_zeta_high,43,1,11,1,v5,3,twist_branch1,43,124,1857,11,1,1,-886,2734,plus_omega3_times_d,685,557,429,75,43,11,11,11,v5,3,1,26,v7,2,top_split_then_twist_then_dft3_contribution_then_natural_ntt32_input_bitrev_output
1,1,557,173,173,173,557,low_plus_high_minus_zeta_high,43,1,11,1,v5,3,twist_branch1,43,124,1857,11,2,2,1033,722,minus_x1_minus_omega3_times_d,685,557,429,75,43,11,11,11,v5,3,1,26,v7,2,top_split_then_twist_then_dft3_contribution_then_natural_ntt32_input_bitrev_output
1,1,429,45,45,45,429,low_plus_high_minus_zeta_high,11,2,11,1,v6,3,twist_branch1,11,-1212,361,11,0,0,-147,1,x0_plus_x1_plus_x2,685,557,429,75,43,11,11,11,v5,3,1,26,v7,2,top_split_then_twist_then_dft3_contribution_then_natural_ntt32_input_bitrev_output
1,1,429,45,45,45,429,low_plus_high_minus_zeta_high,11,2,11,1,v6,3,twist_branch1,11,-1212,361,11,1,2,1033,722,minus_x2_minus_omega3_times_d,685,557,429,75,43,11,11,11,v5,3,1,26,v7,2,top_split_then_twist_then_dft3_contribution_then_natural_ntt32_input_bitrev_output
1,1,429,45,45,45,429,low_plus_high_minus_zeta_high,11,2,11,1,v6,3,twist_branch1,11,-1212,361,11,2,1,-886,2734,plus_omega3_times_d,685,557,429,75,43,11,11,11,v5,3,1,26,v7,2,top_split_then_twist_then_dft3_contribution_then_natural_ntt32_input_bitrev_output
1,1,433,49,49,49,433,low_plus_high_minus_zeta_high,12,0,12,1,v4,4,twist_branch1,12,1202,3002,12,0,0,-147,1,x0_plus_x1_plus_x2,433,689,561,12,76,44,12,12,v5,4,1,6,v4,6,top_split_then_twist_then_dft3_contribution_then_natural_ntt32_input_bitrev_output
1,1,433,49,49,49,433,low_plus_high_minus_zeta_high,12,0,12,1,v4,4,twist_branch1,12,1202,3002,12,1,0,-147,1,x0,433,689,561,12,76,44,12,12,v5,4,1,6,v4,6,top_split_then_twist_then_dft3_contribution_then_natural_ntt32_input_bitrev_output
1,1,433,49,49,49,433,low_plus_high_minus_zeta_high,12,0,12,1,v4,4,twist_branch1,12,1202,3002,12,2,0,-147,1,x0,433,689,561,12,76,44,12,12,v5,4,1,6,v4,6,top_split_then_twist_then_dft3_contribution_then_natural_ntt32_input_bitrev_output
1,1,689,305,305,305,689,low_plus_high_minus_zeta_high,76,1,12,1,v5,4,twist_branch1,76,-1713,3257,12,0,0,-147,1,x0_plus_x1_plus_x2,433,689,561,12,76,44,12,12,v5,4,1,6,v4,6,top_split_then_twist_then_dft3_contribution_then_natural_ntt32_input_bitrev_output
1,1,689,305,305,305,689,low_plus_high_minus_zeta_high,76,1,12,1,v5,4,twist_branch1,76,-1713,3257,12,1,1,-886,2734,plus_omega3_times_d,433,689,561,12,76,44,12,12,v5,4,1,6,v4,6,top_split_then_twist_then_dft3_contribution_then_natural_ntt32_input_bitrev_output
1,1,689,305,305,305,689,low_plus_high_minus_zeta_high,76,1,12,1,v5,4,twist_branch1,76,-1713,3257,12,2,2,1033,722,minus_x1_minus_omega3_times_d,433,689,561,12,76,44,12,12,v5,4,1,6,v4,6,top_split_then_twist_then_dft3_contribution_then_natural_ntt32_input_bitrev_output
1,1,561,177,177,177,561,low_plus_high_minus_zeta_high,44,2,12,1,v6,4,twist_branch1,44,1577,3070,12,0,0,-147,1,x0_plus_x1_plus_x2,433,689,561,12,76,44,12,12,v5,4,1,6,v4,6,top_split_then_twist_then_dft3_contribution_then_natural_ntt32_input_bitrev_output
1,1,561,177,177,177,561,low_plus_high_minus_zeta_high,44,2,12,1,v6,4,twist_branch1,44,1577,3070,12,1,2,1033,722,minus_x2_minus_omega3_times_d,433,689,561,12,76,44,12,12,v5,4,1,6,v4,6,top_split_then_twist_then_dft3_contribution_then_natural_ntt32_input_bitrev_output
1,1,561,177,177,177,561,low_plus_high_minus_zeta_high,44,2,12,1,v6,4,twist_branch1,44,1577,3070,12,2,1,-886,2734,plus_omega3_times_d,433,689,561,12,76,44,12,12,v5,4,1,6,v4,6,top_split_then_twist_then_dft3_contribution_then_natural_ntt32_input_bitrev_output
1,1,565,181,181,181,565,low_plus_high_minus_zeta_high,45,0,13,1,v4,5,twist_branch1,45,-714,2968,13,0,0,-147,1,x0_plus_x1_plus_x2,565,437,693,45,13,77,13,13,v5,5,1,22,v6,6,top_split_then_twist_then_dft3_contribution_then_natural_ntt32_input_bitrev_output
1,1,565,181,181,181,565,low_plus_high_minus_zeta_high,45,0,13,1,v4,5,twist_branch1,45,-714,2968,13,1,0,-147,1,x0,565,437,693,45,13,77,13,13,v5,5,1,22,v6,6,top_split_then_twist_then_dft3_contribution_then_natural_ntt32_input_bitrev_output
1,1,565,181,181,181,565,low_plus_high_minus_zeta_high,45,0,13,1,v4,5,twist_branch1,45,-714,2968,13,2,0,-147,1,x0,565,437,693,45,13,77,13,13,v5,5,1,22,v6,6,top_split_then_twist_then_dft3_contribution_then_natural_ntt32_input_bitrev_output
1,1,437,53,53,53,437,low_plus_high_minus_zeta_high,13,1,13,1,v5,5,twist_branch1,13,1626,765,13,0,0,-147,1,x0_plus_x1_plus_x2,565,437,693,45,13,77,13,13,v5,5,1,22,v6,6,top_split_then_twist_then_dft3_contribution_then_natural_ntt32_input_bitrev_output
1,1,437,53,53,53,437,low_plus_high_minus_zeta_high,13,1,13,1,v5,5,twist_branch1,13,1626,765,13,1,1,-886,2734,plus_omega3_times_d,565,437,693,45,13,77,13,13,v5,5,1,22,v6,6,top_split_then_twist_then_dft3_contribution_then_natural_ntt32_input_bitrev_output
1,1,437,53,53,53,437,low_plus_high_minus_zeta_high,13,1,13,1,v5,5,twist_branch1,13,1626,765,13,2,2,1033,722,minus_x1_minus_omega3_times_d,565,437,693,45,13,77,13,13,v5,5,1,22,v6,6,top_split_then_twist_then_dft3_contribution_then_natural_ntt32_input_bitrev_output
1,1,693,309,309,309,693,low_plus_high_minus_zeta_high,77,2,13,1,v6,5,twist_branch1,77,-235,1248,13,0,0,-147,1,x0_plus_x1_plus_x2,565,437,693,45,13,77,13,13,v5,5,1,22,v6,6,top_split_then_twist_then_dft3_contribution_then_natural_ntt32_input_bitrev_output
1,1,693,309,309,309,693,low_plus_high_minus_zeta_high,77,2,13,1,v6,5,twist_branch1,77,-235,1248,13,1,2,1033,722,minus_x2_minus_omega3_times_d,565,437,693,45,13,77,13,13,v5,5,1,22,v6,6,top_split_then_twist_then_dft3_contribution_then_natural_ntt32_input_bitrev_output
1,1,693,309,309,309,693,low_plus_high_minus_zeta_high,77,2,13,1,v6,5,twist_branch1,77,-235,1248,13,2,1,-886,2734,plus_omega3_times_d,565,437,693,45,13,77,13,13,v5,5,1,22,v6,6,top_split_then_twist_then_dft3_contribution_then_natural_ntt32_input_bitrev_output
1,1,697,313,313,313,697,low_plus_high_minus_zeta_high,78,0,14,1,v4,6,twist_branch1,78,775,371,14,0,0,-147,1,x0_plus_x1_plus_x2,697,569,441,78,46,14,14,14,v5,6,1,14,v5,6,top_split_then_twist_then_dft3_contribution_then_natural_ntt32_input_bitrev_output
1,1,697,313,313,313,697,low_plus_high_minus_zeta_high,78,0,14,1,v4,6,twist_branch1,78,775,371,14,1,0,-147,1,x0,697,569,441,78,46,14,14,14,v5,6,1,14,v5,6,top_split_then_twist_then_dft3_contribution_then_natural_ntt32_input_bitrev_output
1,1,697,313,313,313,697,low_plus_high_minus_zeta_high,78,0,14,1,v4,6,twist_branch1,78,775,371,14,2,0,-147,1,x0,697,569,441,78,46,14,14,14,v5,6,1,14,v5,6,top_split_then_twist_then_dft3_contribution_then_natural_ntt32_input_bitrev_output
1,1,569,185,185,185,569,low_plus_high_minus_zeta_high,46,1,14,1,v5,6,twist_branch1,46,-661,1392,14,0,0,-147,1,x0_plus_x1_plus_x2,697,569,441,78,46,14,14,14,v5,6,1,14,v5,6,top_split_then_twist_then_dft3_contribution_then_natural_ntt32_input_bitrev_output
1,1,569,185,185,185,569,low_plus_high_minus_zeta_high,46,1,14,1,v5,6,twist_branch1,46,-661,1392,14,1,1,-886,2734,plus_omega3_times_d,697,569,441,78,46,14,14,14,v5,6,1,14,v5,6,top_split_then_twist_then_dft3_contribution_then_natural_ntt32_input_bitrev_output
1,1,569,185,185,185,569,low_plus_high_minus_zeta_high,46,1,14,1,v5,6,twist_branch1,46,-661,1392,14,2,2,1033,722,minus_x1_minus_omega3_times_d,697,569,441,78,46,14,14,14,v5,6,1,14,v5,6,top_split_then_twist_then_dft3_contribution_then_natural_ntt32_input_bitrev_output
1,1,441,57,57,57,441,low_plus_high_minus_zeta_high,14,2,14,1,v6,6,twist_branch1,14,1331,1449,14,0,0,-147,1,x0_plus_x1_plus_x2,697,569,441,78,46,14,14,14,v5,6,1,14,v5,6,top_split_then_twist_then_dft3_contribution_then_natural_ntt32_input_bitrev_output
1,1,441,57,57,57,441,low_plus_high_minus_zeta_high,14,2,14,1,v6,6,twist_branch1,14,1331,1449,14,1,2,1033,722,minus_x2_minus_omega3_times_d,697,569,441,78,46,14,14,14,v5,6,1,14,v5,6,top_split_then_twist_then_dft3_contribution_then_natural_ntt32_input_bitrev_output
1,1,441,57,57,57,441,low_plus_high_minus_zeta_high,14,2,14,1,v6,6,twist_branch1,14,1331,1449,14,2,1,-886,2734,plus_omega3_times_d,697,569,441,78,46,14,14,14,v5,6,1,14,v5,6,top_split_then_twist_then_dft3_contribution_then_natural_ntt32_input_bitrev_output
1,1,445,61,61,61,445,low_plus_high_minus_zeta_high,15,0,15,1,v4,7,twist_branch1,15,-1668,223,15,0,0,-147,1,x0_plus_x1_plus_x2,445,701,573,15,79,47,15,15,v5,7,1,30,v7,6,top_split_then_twist_then_dft3_contribution_then_natural_ntt32_input_bitrev_output
1,1,445,61,61,61,445,low_plus_high_minus_zeta_high,15,0,15,1,v4,7,twist_branch1,15,-1668,223,15,1,0,-147,1,x0,445,701,573,15,79,47,15,15,v5,7,1,30,v7,6,top_split_then_twist_then_dft3_contribution_then_natural_ntt32_input_bitrev_output
1,1,445,61,61,61,445,low_plus_high_minus_zeta_high,15,0,15,1,v4,7,twist_branch1,15,-1668,223,15,2,0,-147,1,x0,445,701,573,15,79,47,15,15,v5,7,1,30,v7,6,top_split_then_twist_then_dft3_contribution_then_natural_ntt32_input_bitrev_output
1,1,701,317,317,317,701,low_plus_high_minus_zeta_high,79,1,15,1,v5,7,twist_branch1,79,-1379,174,15,0,0,-147,1,x0_plus_x1_plus_x2,445,701,573,15,79,47,15,15,v5,7,1,30,v7,6,top_split_then_twist_then_dft3_contribution_then_natural_ntt32_input_bitrev_output
1,1,701,317,317,317,701,low_plus_high_minus_zeta_high,79,1,15,1,v5,7,twist_branch1,79,-1379,174,15,1,1,-886,2734,plus_omega3_times_d,445,701,573,15,79,47,15,15,v5,7,1,30,v7,6,top_split_then_twist_then_dft3_contribution_then_natural_ntt32_input_bitrev_output
1,1,701,317,317,317,701,low_plus_high_minus_zeta_high,79,1,15,1,v5,7,twist_branch1,79,-1379,174,15,2,2,1033,722,minus_x1_minus_omega3_times_d,445,701,573,15,79,47,15,15,v5,7,1,30,v7,6,top_split_then_twist_then_dft3_contribution_then_natural_ntt32_input_bitrev_output
1,1,573,189,189,189,573,low_plus_high_minus_zeta_high,47,2,15,1,v6,7,twist_branch1,47,-1130,3206,15,0,0,-147,1,x0_plus_x1_plus_x2,445,701,573,15,79,47,15,15,v5,7,1,30,v7,6,top_split_then_twist_then_dft3_contribution_then_natural_ntt32_input_bitrev_output
1,1,573,189,189,189,573,low_plus_high_minus_zeta_high,47,2,15,1,v6,7,twist_branch1,47,-1130,3206,15,1,2,1033,722,minus_x2_minus_omega3_times_d,445,701,573,15,79,47,15,15,v5,7,1,30,v7,6,top_split_then_twist_then_dft3_contribution_then_natural_ntt32_input_bitrev_output
1,1,573,189,189,189,573,low_plus_high_minus_zeta_high,47,2,15,1,v6,7,twist_branch1,47,-1130,3206,15,2,1,-886,2734,plus_omega3_times_d,445,701,573,15,79,47,15,15,v5,7,1,30,v7,6,top_split_then_twist_then_dft3_contribution_then_natural_ntt32_input_bitrev_output
1,1,577,193,193,193,577,low_plus_high_minus_zeta_high,48,0,16,2,v4,0,twist_branch1,48,1520,460,16,0,0,-147,1,x0_plus_x1_plus_x2,577,449,705,48,16,80,16,16,v6,0,2,1,v4,1,top_split_then_twist_then_dft3_contribution_then_natural_ntt32_input_bitrev_output
1,1,577,193,193,193,577,low_plus_high_minus_zeta_high,48,0,16,2,v4,0,twist_branch1,48,1520,460,16,1,0,-147,1,x0,577,449,705,48,16,80,16,16,v6,0,2,1,v4,1,top_split_then_twist_then_dft3_contribution_then_natural_ntt32_input_bitrev_output
1,1,577,193,193,193,577,low_plus_high_minus_zeta_high,48,0,16,2,v4,0,twist_branch1,48,1520,460,16,2,0,-147,1,x0,577,449,705,48,16,80,16,16,v6,0,2,1,v4,1,top_split_then_twist_then_dft3_contribution_then_natural_ntt32_input_bitrev_output
1,1,449,65,65,65,449,low_plus_high_minus_zeta_high,16,1,16,2,v5,0,twist_branch1,16,867,3310,16,0,0,-147,1,x0_plus_x1_plus_x2,577,449,705,48,16,80,16,16,v6,0,2,1,v4,1,top_split_then_twist_then_dft3_contribution_then_natural_ntt32_input_bitrev_output
1,1,449,65,65,65,449,low_plus_high_minus_zeta_high,16,1,16,2,v5,0,twist_branch1,16,867,3310,16,1,1,-886,2734,plus_omega3_times_d,577,449,705,48,16,80,16,16,v6,0,2,1,v4,1,top_split_then_twist_then_dft3_contribution_then_natural_ntt32_input_bitrev_output
1,1,449,65,65,65,449,low_plus_high_minus_zeta_high,16,1,16,2,v5,0,twist_branch1,16,867,3310,16,2,2,1033,722,minus_x1_minus_omega3_times_d,577,449,705,48,16,80,16,16,v6,0,2,1,v4,1,top_split_then_twist_then_dft3_contribution_then_natural_ntt32_input_bitrev_output
1,1,705,321,321,321,705,low_plus_high_minus_zeta_high,80,2,16,2,v6,0,twist_branch1,80,723,1265,16,0,0,-147,1,x0_plus_x1_plus_x2,577,449,705,48,16,80,16,16,v6,0,2,1,v4,1,top_split_then_twist_then_dft3_contribution_then_natural_ntt32_input_bitrev_output
1,1,705,321,321,321,705,low_plus_high_minus_zeta_high,80,2,16,2,v6,0,twist_branch1,80,723,1265,16,1,2,1033,722,minus_x2_minus_omega3_times_d,577,449,705,48,16,80,16,16,v6,0,2,1,v4,1,top_split_then_twist_then_dft3_contribution_then_natural_ntt32_input_bitrev_output
1,1,705,321,321,321,705,low_plus_high_minus_zeta_high,80,2,16,2,v6,0,twist_branch1,80,723,1265,16,2,1,-886,2734,plus_omega3_times_d,577,449,705,48,16,80,16,16,v6,0,2,1,v4,1,top_split_then_twist_then_dft3_contribution_then_natural_ntt32_input_bitrev_output
1,1,709,325,325,325,709,low_plus_high_minus_zeta_high,81,0,17,2,v4,1,twist_branch1,81,190,1786,17,0,0,-147,1,x0_plus_x1_plus_x2,709,581,453,81,49,17,17,17,v6,1,2,17,v6,1,top_split_then_twist_then_dft3_contribution_then_natural_ntt32_input_bitrev_output
1,1,709,325,325,325,709,low_plus_high_minus_zeta_high,81,0,17,2,v4,1,twist_branch1,81,190,1786,17,1,0,-147,1,x0,709,581,453,81,49,17,17,17,v6,1,2,17,v6,1,top_split_then_twist_then_dft3_contribution_then_natural_ntt32_input_bitrev_output
1,1,709,325,325,325,709,low_plus_high_minus_zeta_high,81,0,17,2,v4,1,twist_branch1,81,190,1786,17,2,0,-147,1,x0,709,581,453,81,49,17,17,17,v6,1,2,17,v6,1,top_split_then_twist_then_dft3_contribution_then_natural_ntt32_input_bitrev_output
1,1,581,197,197,197,581,low_plus_high_minus_zeta_high,49,1,17,2,v5,1,twist_branch1,49,-1188,1278,17,0,0,-147,1,x0_plus_x1_plus_x2,709,581,453,81,49,17,17,17,v6,1,2,17,v6,1,top_split_then_twist_then_dft3_contribution_then_natural_ntt32_input_bitrev_output
1,1,581,197,197,197,581,low_plus_high_minus_zeta_high,49,1,17,2,v5,1,twist_branch1,49,-1188,1278,17,1,1,-886,2734,plus_omega3_times_d,709,581,453,81,49,17,17,17,v6,1,2,17,v6,1,top_split_then_twist_then_dft3_contribution_then_natural_ntt32_input_bitrev_output
1,1,581,197,197,197,581,low_plus_high_minus_zeta_high,49,1,17,2,v5,1,twist_branch1,49,-1188,1278,17,2,2,1033,722,minus_x1_minus_omega3_times_d,709,581,453,81,49,17,17,17,v6,1,2,17,v6,1,top_split_then_twist_then_dft3_contribution_then_natural_ntt32_input_bitrev_output
1,1,453,69,69,69,453,low_plus_high_minus_zeta_high,17,2,17,2,v6,1,twist_branch1,17,-432,779,17,0,0,-147,1,x0_plus_x1_plus_x2,709,581,453,81,49,17,17,17,v6,1,2,17,v6,1,top_split_then_twist_then_dft3_contribution_then_natural_ntt32_input_bitrev_output
1,1,453,69,69,69,453,low_plus_high_minus_zeta_high,17,2,17,2,v6,1,twist_branch1,17,-432,779,17,1,2,1033,722,minus_x2_minus_omega3_times_d,709,581,453,81,49,17,17,17,v6,1,2,17,v6,1,top_split_then_twist_then_dft3_contribution_then_natural_ntt32_input_bitrev_output
1,1,453,69,69,69,453,low_plus_high_minus_zeta_high,17,2,17,2,v6,1,twist_branch1,17,-432,779,17,2,1,-886,2734,plus_omega3_times_d,709,581,453,81,49,17,17,17,v6,1,2,17,v6,1,top_split_then_twist_then_dft3_contribution_then_natural_ntt32_input_bitrev_output
1,1,457,73,73,73,457,low_plus_high_minus_zeta_high,18,0,18,2,v4,2,twist_branch1,18,-1591,3021,18,0,0,-147,1,x0_plus_x1_plus_x2,457,713,585,18,82,50,18,18,v6,2,2,9,v5,1,top_split_then_twist_then_dft3_contribution_then_natural_ntt32_input_bitrev_output
1,1,457,73,73,73,457,low_plus_high_minus_zeta_high,18,0,18,2,v4,2,twist_branch1,18,-1591,3021,18,1,0,-147,1,x0,457,713,585,18,82,50,18,18,v6,2,2,9,v5,1,top_split_then_twist_then_dft3_contribution_then_natural_ntt32_input_bitrev_output
1,1,457,73,73,73,457,low_plus_high_minus_zeta_high,18,0,18,2,v4,2,twist_branch1,18,-1591,3021,18,2,0,-147,1,x0,457,713,585,18,82,50,18,18,v6,2,2,9,v5,1,top_split_then_twist_then_dft3_contribution_then_natural_ntt32_input_bitrev_output
1,1,713,329,329,329,713,low_plus_high_minus_zeta_high,82,1,18,2,v5,2,twist_branch1,82,1580,1024,18,0,0,-147,1,x0_plus_x1_plus_x2,457,713,585,18,82,50,18,18,v6,2,2,9,v5,1,top_split_then_twist_then_dft3_contribution_then_natural_ntt32_input_bitrev_output
1,1,713,329,329,329,713,low_plus_high_minus_zeta_high,82,1,18,2,v5,2,twist_branch1,82,1580,1024,18,1,1,-886,2734,plus_omega3_times_d,457,713,585,18,82,50,18,18,v6,2,2,9,v5,1,top_split_then_twist_then_dft3_contribution_then_natural_ntt32_input_bitrev_output
1,1,713,329,329,329,713,low_plus_high_minus_zeta_high,82,1,18,2,v5,2,twist_branch1,82,1580,1024,18,2,2,1033,722,minus_x1_minus_omega3_times_d,457,713,585,18,82,50,18,18,v6,2,2,9,v5,1,top_split_then_twist_then_dft3_contribution_then_natural_ntt32_input_bitrev_output
1,1,585,201,201,201,585,low_plus_high_minus_zeta_high,50,2,18,2,v6,2,twist_branch1,50,-54,2258,18,0,0,-147,1,x0_plus_x1_plus_x2,457,713,585,18,82,50,18,18,v6,2,2,9,v5,1,top_split_then_twist_then_dft3_contribution_then_natural_ntt32_input_bitrev_output
1,1,585,201,201,201,585,low_plus_high_minus_zeta_high,50,2,18,2,v6,2,twist_branch1,50,-54,2258,18,1,2,1033,722,minus_x2_minus_omega3_times_d,457,713,585,18,82,50,18,18,v6,2,2,9,v5,1,top_split_then_twist_then_dft3_contribution_then_natural_ntt32_input_bitrev_output
1,1,585,201,201,201,585,low_plus_high_minus_zeta_high,50,2,18,2,v6,2,twist_branch1,50,-54,2258,18,2,1,-886,2734,plus_omega3_times_d,457,713,585,18,82,50,18,18,v6,2,2,9,v5,1,top_split_then_twist_then_dft3_contribution_then_natural_ntt32_input_bitrev_output
1,1,589,205,205,205,589,low_plus_high_minus_zeta_high,51,0,19,2,v4,3,twist_branch1,51,-631,1674,19,0,0,-147,1,x0_plus_x1_plus_x2,589,461,717,51,19,83,19,19,v6,3,2,25,v7,1,top_split_then_twist_then_dft3_contribution_then_natural_ntt32_input_bitrev_output
1,1,589,205,205,205,589,low_plus_high_minus_zeta_high,51,0,19,2,v4,3,twist_branch1,51,-631,1674,19,1,0,-147,1,x0,589,461,717,51,19,83,19,19,v6,3,2,25,v7,1,top_split_then_twist_then_dft3_contribution_then_natural_ntt32_input_bitrev_output
1,1,589,205,205,205,589,low_plus_high_minus_zeta_high,51,0,19,2,v4,3,twist_branch1,51,-631,1674,19,2,0,-147,1,x0,589,461,717,51,19,83,19,19,v6,3,2,25,v7,1,top_split_then_twist_then_dft3_contribution_then_natural_ntt32_input_bitrev_output
1,1,461,77,77,77,461,low_plus_high_minus_zeta_high,19,1,19,2,v5,3,twist_branch1,19,-858,923,19,0,0,-147,1,x0_plus_x1_plus_x2,589,461,717,51,19,83,19,19,v6,3,2,25,v7,1,top_split_then_twist_then_dft3_contribution_then_natural_ntt32_input_bitrev_output
1,1,461,77,77,77,461,low_plus_high_minus_zeta_high,19,1,19,2,v5,3,twist_branch1,19,-858,923,19,1,1,-886,2734,plus_omega3_times_d,589,461,717,51,19,83,19,19,v6,3,2,25,v7,1,top_split_then_twist_then_dft3_contribution_then_natural_ntt32_input_bitrev_output
1,1,461,77,77,77,461,low_plus_high_minus_zeta_high,19,1,19,2,v5,3,twist_branch1,19,-858,923,19,2,2,1033,722,minus_x1_minus_omega3_times_d,589,461,717,51,19,83,19,19,v6,3,2,25,v7,1,top_split_then_twist_then_dft3_contribution_then_natural_ntt32_input_bitrev_output
1,1,717,333,333,333,717,low_plus_high_minus_zeta_high,83,2,19,2,v6,3,twist_branch1,83,-871,2875,19,0,0,-147,1,x0_plus_x1_plus_x2,589,461,717,51,19,83,19,19,v6,3,2,25,v7,1,top_split_then_twist_then_dft3_contribution_then_natural_ntt32_input_bitrev_output
1,1,717,333,333,333,717,low_plus_high_minus_zeta_high,83,2,19,2,v6,3,twist_branch1,83,-871,2875,19,1,2,1033,722,minus_x2_minus_omega3_times_d,589,461,717,51,19,83,19,19,v6,3,2,25,v7,1,top_split_then_twist_then_dft3_contribution_then_natural_ntt32_input_bitrev_output
1,1,717,333,333,333,717,low_plus_high_minus_zeta_high,83,2,19,2,v6,3,twist_branch1,83,-871,2875,19,2,1,-886,2734,plus_omega3_times_d,589,461,717,51,19,83,19,19,v6,3,2,25,v7,1,top_split_then_twist_then_dft3_contribution_then_natural_ntt32_input_bitrev_output
1,1,721,337,337,337,721,low_plus_high_minus_zeta_high,84,0,20,2,v4,4,twist_branch1,84,-511,2802,20,0,0,-147,1,x0_plus_x1_plus_x2,721,593,465,84,52,20,20,20,v6,4,2,5,v4,5,top_split_then_twist_then_dft3_contribution_then_natural_ntt32_input_bitrev_output
1,1,721,337,337,337,721,low_plus_high_minus_zeta_high,84,0,20,2,v4,4,twist_branch1,84,-511,2802,20,1,0,-147,1,x0,721,593,465,84,52,20,20,20,v6,4,2,5,v4,5,top_split_then_twist_then_dft3_contribution_then_natural_ntt32_input_bitrev_output
1,1,721,337,337,337,721,low_plus_high_minus_zeta_high,84,0,20,2,v4,4,twist_branch1,84,-511,2802,20,2,0,-147,1,x0,721,593,465,84,52,20,20,20,v6,4,2,5,v4,5,top_split_then_twist_then_dft3_contribution_then_natural_ntt32_input_bitrev_output
1,1,593,209,209,209,593,low_plus_high_minus_zeta_high,52,1,20,2,v5,4,twist_branch1,52,757,2276,20,0,0,-147,1,x0_plus_x1_plus_x2,721,593,465,84,52,20,20,20,v6,4,2,5,v4,5,top_split_then_twist_then_dft3_contribution_then_natural_ntt32_input_bitrev_output
1,1,593,209,209,209,593,low_plus_high_minus_zeta_high,52,1,20,2,v5,4,twist_branch1,52,757,2276,20,1,1,-886,2734,plus_omega3_times_d,721,593,465,84,52,20,20,20,v6,4,2,5,v4,5,top_split_then_twist_then_dft3_contribution_then_natural_ntt32_input_bitrev_output
1,1,593,209,209,209,593,low_plus_high_minus_zeta_high,52,1,20,2,v5,4,twist_branch1,52,757,2276,20,2,2,1033,722,minus_x1_minus_omega3_times_d,721,593,465,84,52,20,20,20,v6,4,2,5,v4,5,top_split_then_twist_then_dft3_contribution_then_natural_ntt32_input_bitrev_output
1,1,465,81,81,81,465,low_plus_high_minus_zeta_high,20,2,20,2,v6,4,twist_branch1,20,-39,2399,20,0,0,-147,1,x0_plus_x1_plus_x2,721,593,465,84,52,20,20,20,v6,4,2,5,v4,5,top_split_then_twist_then_dft3_contribution_then_natural_ntt32_input_bitrev_output
1,1,465,81,81,81,465,low_plus_high_minus_zeta_high,20,2,20,2,v6,4,twist_branch1,20,-39,2399,20,1,2,1033,722,minus_x2_minus_omega3_times_d,721,593,465,84,52,20,20,20,v6,4,2,5,v4,5,top_split_then_twist_then_dft3_contribution_then_natural_ntt32_input_bitrev_output
1,1,465,81,81,81,465,low_plus_high_minus_zeta_high,20,2,20,2,v6,4,twist_branch1,20,-39,2399,20,2,1,-886,2734,plus_omega3_times_d,721,593,465,84,52,20,20,20,v6,4,2,5,v4,5,top_split_then_twist_then_dft3_contribution_then_natural_ntt32_input_bitrev_output
1,1,469,85,85,85,469,low_plus_high_minus_zeta_high,21,0,21,2,v4,5,twist_branch1,21,-1416,1209,21,0,0,-147,1,x0_plus_x1_plus_x2,469,725,597,21,85,53,21,21,v6,5,2,21,v6,5,top_split_then_twist_then_dft3_contribution_then_natural_ntt32_input_bitrev_output
1,1,469,85,85,85,469,low_plus_high_minus_zeta_high,21,0,21,2,v4,5,twist_branch1,21,-1416,1209,21,1,0,-147,1,x0,469,725,597,21,85,53,21,21,v6,5,2,21,v6,5,top_split_then_twist_then_dft3_contribution_then_natural_ntt32_input_bitrev_output
1,1,469,85,85,85,469,low_plus_high_minus_zeta_high,21,0,21,2,v4,5,twist_branch1,21,-1416,1209,21,2,0,-147,1,x0,469,725,597,21,85,53,21,21,v6,5,2,21,v6,5,top_split_then_twist_then_dft3_contribution_then_natural_ntt32_input_bitrev_output
1,1,725,341,341,341,725,low_plus_high_minus_zeta_high,85,1,21,2,v5,5,twist_branch1,85,1391,2013,21,0,0,-147,1,x0_plus_x1_plus_x2,469,725,597,21,85,53,21,21,v6,5,2,21,v6,5,top_split_then_twist_then_dft3_contribution_then_natural_ntt32_input_bitrev_output
1,1,725,341,341,341,725,low_plus_high_minus_zeta_high,85,1,21,2,v5,5,twist_branch1,85,1391,2013,21,1,1,-886,2734,plus_omega3_times_d,469,725,597,21,85,53,21,21,v6,5,2,21,v6,5,top_split_then_twist_then_dft3_contribution_then_natural_ntt32_input_bitrev_output
1,1,725,341,341,341,725,low_plus_high_minus_zeta_high,85,1,21,2,v5,5,twist_branch1,85,1391,2013,21,2,2,1033,722,minus_x1_minus_omega3_times_d,469,725,597,21,85,53,21,21,v6,5,2,21,v6,5,top_split_then_twist_then_dft3_contribution_then_natural_ntt32_input_bitrev_output
1,1,597,213,213,213,597,low_plus_high_minus_zeta_high,53,2,21,2,v6,5,twist_branch1,53,-437,732,21,0,0,-147,1,x0_plus_x1_plus_x2,469,725,597,21,85,53,21,21,v6,5,2,21,v6,5,top_split_then_twist_then_dft3_contribution_then_natural_ntt32_input_bitrev_output
1,1,597,213,213,213,597,low_plus_high_minus_zeta_high,53,2,21,2,v6,5,twist_branch1,53,-437,732,21,1,2,1033,722,minus_x2_minus_omega3_times_d,469,725,597,21,85,53,21,21,v6,5,2,21,v6,5,top_split_then_twist_then_dft3_contribution_then_natural_ntt32_input_bitrev_output
1,1,597,213,213,213,597,low_plus_high_minus_zeta_high,53,2,21,2,v6,5,twist_branch1,53,-437,732,21,2,1,-886,2734,plus_omega3_times_d,469,725,597,21,85,53,21,21,v6,5,2,21,v6,5,top_split_then_twist_then_dft3_contribution_then_natural_ntt32_input_bitrev_output
1,1,601,217,217,217,601,low_plus_high_minus_zeta_high,54,0,22,2,v4,6,twist_branch1,54,-177,3176,22,0,0,-147,1,x0_plus_x1_plus_x2,601,473,729,54,22,86,22,22,v6,6,2,13,v5,5,top_split_then_twist_then_dft3_contribution_then_natural_ntt32_input_bitrev_output
1,1,601,217,217,217,601,low_plus_high_minus_zeta_high,54,0,22,2,v4,6,twist_branch1,54,-177,3176,22,1,0,-147,1,x0,601,473,729,54,22,86,22,22,v6,6,2,13,v5,5,top_split_then_twist_then_dft3_contribution_then_natural_ntt32_input_bitrev_output
1,1,601,217,217,217,601,low_plus_high_minus_zeta_high,54,0,22,2,v4,6,twist_branch1,54,-177,3176,22,2,0,-147,1,x0,601,473,729,54,22,86,22,22,v6,6,2,13,v5,5,top_split_then_twist_then_dft3_contribution_then_natural_ntt32_input_bitrev_output
1,1,473,89,89,89,473,low_plus_high_minus_zeta_high,22,1,22,2,v5,6,twist_branch1,22,1507,2412,22,0,0,-147,1,x0_plus_x1_plus_x2,601,473,729,54,22,86,22,22,v6,6,2,13,v5,5,top_split_then_twist_then_dft3_contribution_then_natural_ntt32_input_bitrev_output
1,1,473,89,89,89,473,low_plus_high_minus_zeta_high,22,1,22,2,v5,6,twist_branch1,22,1507,2412,22,1,1,-886,2734,plus_omega3_times_d,601,473,729,54,22,86,22,22,v6,6,2,13,v5,5,top_split_then_twist_then_dft3_contribution_then_natural_ntt32_input_bitrev_output
1,1,473,89,89,89,473,low_plus_high_minus_zeta_high,22,1,22,2,v5,6,twist_branch1,22,1507,2412,22,2,2,1033,722,minus_x1_minus_omega3_times_d,601,473,729,54,22,86,22,22,v6,6,2,13,v5,5,top_split_then_twist_then_dft3_contribution_then_natural_ntt32_input_bitrev_output
1,1,729,345,345,345,729,low_plus_high_minus_zeta_high,86,2,22,2,v6,6,twist_branch1,86,-1351,1820,22,0,0,-147,1,x0_plus_x1_plus_x2,601,473,729,54,22,86,22,22,v6,6,2,13,v5,5,top_split_then_twist_then_dft3_contribution_then_natural_ntt32_input_bitrev_output
1,1,729,345,345,345,729,low_plus_high_minus_zeta_high,86,2,22,2,v6,6,twist_branch1,86,-1351,1820,22,1,2,1033,722,minus_x2_minus_omega3_times_d,601,473,729,54,22,86,22,22,v6,6,2,13,v5,5,top_split_then_twist_then_dft3_contribution_then_natural_ntt32_input_bitrev_output
1,1,729,345,345,345,729,low_plus_high_minus_zeta_high,86,2,22,2,v6,6,twist_branch1,86,-1351,1820,22,2,1,-886,2734,plus_omega3_times_d,601,473,729,54,22,86,22,22,v6,6,2,13,v5,5,top_split_then_twist_then_dft3_contribution_then_natural_ntt32_input_bitrev_output
1,1,733,349,349,349,733,low_plus_high_minus_zeta_high,87,0,23,2,v4,7,twist_branch1,87,410,397,23,0,0,-147,1,x0_plus_x1_plus_x2,733,605,477,87,55,23,23,23,v6,7,2,29,v7,5,top_split_then_twist_then_dft3_contribution_then_natural_ntt32_input_bitrev_output
1,1,733,349,349,349,733,low_plus_high_minus_zeta_high,87,0,23,2,v4,7,twist_branch1,87,410,397,23,1,0,-147,1,x0,733,605,477,87,55,23,23,23,v6,7,2,29,v7,5,top_split_then_twist_then_dft3_contribution_then_natural_ntt32_input_bitrev_output
1,1,733,349,349,349,733,low_plus_high_minus_zeta_high,87,0,23,2,v4,7,twist_branch1,87,410,397,23,2,0,-147,1,x0,733,605,477,87,55,23,23,23,v6,7,2,29,v7,5,top_split_then_twist_then_dft3_contribution_then_natural_ntt32_input_bitrev_output
1,1,605,221,221,221,605,low_plus_high_minus_zeta_high,55,1,23,2,v5,7,twist_branch1,55,-1108,2030,23,0,0,-147,1,x0_plus_x1_plus_x2,733,605,477,87,55,23,23,23,v6,7,2,29,v7,5,top_split_then_twist_then_dft3_contribution_then_natural_ntt32_input_bitrev_output
1,1,605,221,221,221,605,low_plus_high_minus_zeta_high,55,1,23,2,v5,7,twist_branch1,55,-1108,2030,23,1,1,-886,2734,plus_omega3_times_d,733,605,477,87,55,23,23,23,v6,7,2,29,v7,5,top_split_then_twist_then_dft3_contribution_then_natural_ntt32_input_bitrev_output
1,1,605,221,221,221,605,low_plus_high_minus_zeta_high,55,1,23,2,v5,7,twist_branch1,55,-1108,2030,23,2,2,1033,722,minus_x1_minus_omega3_times_d,733,605,477,87,55,23,23,23,v6,7,2,29,v7,5,top_split_then_twist_then_dft3_contribution_then_natural_ntt32_input_bitrev_output
1,1,477,93,93,93,477,low_plus_high_minus_zeta_high,23,2,23,2,v6,7,twist_branch1,23,-1660,1681,23,0,0,-147,1,x0_plus_x1_plus_x2,733,605,477,87,55,23,23,23,v6,7,2,29,v7,5,top_split_then_twist_then_dft3_contribution_then_natural_ntt32_input_bitrev_output
1,1,477,93,93,93,477,low_plus_high_minus_zeta_high,23,2,23,2,v6,7,twist_branch1,23,-1660,1681,23,1,2,1033,722,minus_x2_minus_omega3_times_d,733,605,477,87,55,23,23,23,v6,7,2,29,v7,5,top_split_then_twist_then_dft3_contribution_then_natural_ntt32_input_bitrev_output
1,1,477,93,93,93,477,low_plus_high_minus_zeta_high,23,2,23,2,v6,7,twist_branch1,23,-1660,1681,23,2,1,-886,2734,plus_omega3_times_d,733,605,477,87,55,23,23,23,v6,7,2,29,v7,5,top_split_then_twist_then_dft3_contribution_then_natural_ntt32_input_bitrev_output
1,1,481,97,97,97,481,low_plus_high_minus_zeta_high,24,0,24,3,v4,0,twist_branch1,24,-704,3062,24,0,0,-147,1,x0_plus_x1_plus_x2,481,737,609,24,88,56,24,24,v7,0,3,3,v4,3,top_split_then_twist_then_dft3_contribution_then_natural_ntt32_input_bitrev_output
1,1,481,97,97,97,481,low_plus_high_minus_zeta_high,24,0,24,3,v4,0,twist_branch1,24,-704,3062,24,1,0,-147,1,x0,481,737,609,24,88,56,24,24,v7,0,3,3,v4,3,top_split_then_twist_then_dft3_contribution_then_natural_ntt32_input_bitrev_output
1,1,481,97,97,97,481,low_plus_high_minus_zeta_high,24,0,24,3,v4,0,twist_branch1,24,-704,3062,24,2,0,-147,1,x0,481,737,609,24,88,56,24,24,v7,0,3,3,v4,3,top_split_then_twist_then_dft3_contribution_then_natural_ntt32_input_bitrev_output
1,1,737,353,353,353,737,low_plus_high_minus_zeta_high,88,1,24,3,v5,0,twist_branch1,88,1590,1118,24,0,0,-147,1,x0_plus_x1_plus_x2,481,737,609,24,88,56,24,24,v7,0,3,3,v4,3,top_split_then_twist_then_dft3_contribution_then_natural_ntt32_input_bitrev_output
1,1,737,353,353,353,737,low_plus_high_minus_zeta_high,88,1,24,3,v5,0,twist_branch1,88,1590,1118,24,1,1,-886,2734,plus_omega3_times_d,481,737,609,24,88,56,24,24,v7,0,3,3,v4,3,top_split_then_twist_then_dft3_contribution_then_natural_ntt32_input_bitrev_output
1,1,737,353,353,353,737,low_plus_high_minus_zeta_high,88,1,24,3,v5,0,twist_branch1,88,1590,1118,24,2,2,1033,722,minus_x1_minus_omega3_times_d,481,737,609,24,88,56,24,24,v7,0,3,3,v4,3,top_split_then_twist_then_dft3_contribution_then_natural_ntt32_input_bitrev_output
1,1,609,225,225,225,609,low_plus_high_minus_zeta_high,56,2,24,3,v6,0,twist_branch1,56,1521,3235,24,0,0,-147,1,x0_plus_x1_plus_x2,481,737,609,24,88,56,24,24,v7,0,3,3,v4,3,top_split_then_twist_then_dft3_contribution_then_natural_ntt32_input_bitrev_output
1,1,609,225,225,225,609,low_plus_high_minus_zeta_high,56,2,24,3,v6,0,twist_branch1,56,1521,3235,24,1,2,1033,722,minus_x2_minus_omega3_times_d,481,737,609,24,88,56,24,24,v7,0,3,3,v4,3,top_split_then_twist_then_dft3_contribution_then_natural_ntt32_input_bitrev_output
1,1,609,225,225,225,609,low_plus_high_minus_zeta_high,56,2,24,3,v6,0,twist_branch1,56,1521,3235,24,2,1,-886,2734,plus_omega3_times_d,481,737,609,24,88,56,24,24,v7,0,3,3,v4,3,top_split_then_twist_then_dft3_contribution_then_natural_ntt32_input_bitrev_output
1,1,613,229,229,229,613,low_plus_high_minus_zeta_high,57,0,25,3,v4,1,twist_branch1,57,-88,1247,25,0,0,-147,1,x0_plus_x1_plus_x2,613,485,741,57,25,89,25,25,v7,1,3,19,v6,3,top_split_then_twist_then_dft3_contribution_then_natural_ntt32_input_bitrev_output
1,1,613,229,229,229,613,low_plus_high_minus_zeta_high,57,0,25,3,v4,1,twist_branch1,57,-88,1247,25,1,0,-147,1,x0,613,485,741,57,25,89,25,25,v7,1,3,19,v6,3,top_split_then_twist_then_dft3_contribution_then_natural_ntt32_input_bitrev_output
1,1,613,229,229,229,613,low_plus_high_minus_zeta_high,57,0,25,3,v4,1,twist_branch1,57,-88,1247,25,2,0,-147,1,x0,613,485,741,57,25,89,25,25,v7,1,3,19,v6,3,top_split_then_twist_then_dft3_contribution_then_natural_ntt32_input_bitrev_output
1,1,485,101,101,101,485,low_plus_high_minus_zeta_high,25,1,25,3,v5,1,twist_branch1,25,-32,1082,25,0,0,-147,1,x0_plus_x1_plus_x2,613,485,741,57,25,89,25,25,v7,1,3,19,v6,3,top_split_then_twist_then_dft3_contribution_then_natural_ntt32_input_bitrev_output
1,1,485,101,101,101,485,low_plus_high_minus_zeta_high,25,1,25,3,v5,1,twist_branch1,25,-32,1082,25,1,1,-886,2734,plus_omega3_times_d,613,485,741,57,25,89,25,25,v7,1,3,19,v6,3,top_split_then_twist_then_dft3_contribution_then_natural_ntt32_input_bitrev_output
1,1,485,101,101,101,485,low_plus_high_minus_zeta_high,25,1,25,3,v5,1,twist_branch1,25,-32,1082,25,2,2,1033,722,minus_x1_minus_omega3_times_d,613,485,741,57,25,89,25,25,v7,1,3,19,v6,3,top_split_then_twist_then_dft3_contribution_then_natural_ntt32_input_bitrev_output
1,1,741,357,357,357,741,low_plus_high_minus_zeta_high,89,2,25,3,v6,1,twist_branch1,89,-242,2565,25,0,0,-147,1,x0_plus_x1_plus_x2,613,485,741,57,25,89,25,25,v7,1,3,19,v6,3,top_split_then_twist_then_dft3_contribution_then_natural_ntt32_input_bitrev_output
1,1,741,357,357,357,741,low_plus_high_minus_zeta_high,89,2,25,3,v6,1,twist_branch1,89,-242,2565,25,1,2,1033,722,minus_x2_minus_omega3_times_d,613,485,741,57,25,89,25,25,v7,1,3,19,v6,3,top_split_then_twist_then_dft3_contribution_then_natural_ntt32_input_bitrev_output
1,1,741,357,357,357,741,low_plus_high_minus_zeta_high,89,2,25,3,v6,1,twist_branch1,89,-242,2565,25,2,1,-886,2734,plus_omega3_times_d,613,485,741,57,25,89,25,25,v7,1,3,19,v6,3,top_split_then_twist_then_dft3_contribution_then_natural_ntt32_input_bitrev_output
1,1,745,361,361,361,745,low_plus_high_minus_zeta_high,90,0,26,3,v4,2,twist_branch1,90,-11,588,26,0,0,-147,1,x0_plus_x1_plus_x2,745,617,489,90,58,26,26,26,v7,2,3,11,v5,3,top_split_then_twist_then_dft3_contribution_then_natural_ntt32_input_bitrev_output
1,1,745,361,361,361,745,low_plus_high_minus_zeta_high,90,0,26,3,v4,2,twist_branch1,90,-11,588,26,1,0,-147,1,x0,745,617,489,90,58,26,26,26,v7,2,3,11,v5,3,top_split_then_twist_then_dft3_contribution_then_natural_ntt32_input_bitrev_output
1,1,745,361,361,361,745,low_plus_high_minus_zeta_high,90,0,26,3,v4,2,twist_branch1,90,-11,588,26,2,0,-147,1,x0,745,617,489,90,58,26,26,26,v7,2,3,11,v5,3,top_split_then_twist_then_dft3_contribution_then_natural_ntt32_input_bitrev_output
1,1,617,233,233,233,617,low_plus_high_minus_zeta_high,58,1,26,3,v5,2,twist_branch1,58,-4,2728,26,0,0,-147,1,x0_plus_x1_plus_x2,745,617,489,90,58,26,26,26,v7,2,3,11,v5,3,top_split_then_twist_then_dft3_contribution_then_natural_ntt32_input_bitrev_output
1,1,617,233,233,233,617,low_plus_high_minus_zeta_high,58,1,26,3,v5,2,twist_branch1,58,-4,2728,26,1,1,-886,2734,plus_omega3_times_d,745,617,489,90,58,26,26,26,v7,2,3,11,v5,3,top_split_then_twist_then_dft3_contribution_then_natural_ntt32_input_bitrev_output
1,1,617,233,233,233,617,low_plus_high_minus_zeta_high,58,1,26,3,v5,2,twist_branch1,58,-4,2728,26,2,2,1033,722,minus_x1_minus_omega3_times_d,745,617,489,90,58,26,26,26,v7,2,3,11,v5,3,top_split_then_twist_then_dft3_contribution_then_natural_ntt32_input_bitrev_output
1,1,489,105,105,105,489,low_plus_high_minus_zeta_high,26,2,26,3,v6,2,twist_branch1,26,-630,992,26,0,0,-147,1,x0_plus_x1_plus_x2,745,617,489,90,58,26,26,26,v7,2,3,11,v5,3,top_split_then_twist_then_dft3_contribution_then_natural_ntt32_input_bitrev_output
1,1,489,105,105,105,489,low_plus_high_minus_zeta_high,26,2,26,3,v6,2,twist_branch1,26,-630,992,26,1,2,1033,722,minus_x2_minus_omega3_times_d,745,617,489,90,58,26,26,26,v7,2,3,11,v5,3,top_split_then_twist_then_dft3_contribution_then_natural_ntt32_input_bitrev_output
1,1,489,105,105,105,489,low_plus_high_minus_zeta_high,26,2,26,3,v6,2,twist_branch1,26,-630,992,26,2,1,-886,2734,plus_omega3_times_d,745,617,489,90,58,26,26,26,v7,2,3,11,v5,3,top_split_then_twist_then_dft3_contribution_then_natural_ntt32_input_bitrev_output
1,1,493,109,109,109,493,low_plus_high_minus_zeta_high,27,0,27,3,v4,3,twist_branch1,27,-1600,2245,27,0,0,-147,1,x0_plus_x1_plus_x2,493,749,621,27,91,59,27,27,v7,3,3,27,v7,3,top_split_then_twist_then_dft3_contribution_then_natural_ntt32_input_bitrev_output
1,1,493,109,109,109,493,low_plus_high_minus_zeta_high,27,0,27,3,v4,3,twist_branch1,27,-1600,2245,27,1,0,-147,1,x0,493,749,621,27,91,59,27,27,v7,3,3,27,v7,3,top_split_then_twist_then_dft3_contribution_then_natural_ntt32_input_bitrev_output
1,1,493,109,109,109,493,low_plus_high_minus_zeta_high,27,0,27,3,v4,3,twist_branch1,27,-1600,2245,27,2,0,-147,1,x0,493,749,621,27,91,59,27,27,v7,3,3,27,v7,3,top_split_then_twist_then_dft3_contribution_then_natural_ntt32_input_bitrev_output
1,1,749,365,365,365,749,low_plus_high_minus_zeta_high,91,1,27,3,v5,3,twist_branch1,91,1728,341,27,0,0,-147,1,x0_plus_x1_plus_x2,493,749,621,27,91,59,27,27,v7,3,3,27,v7,3,top_split_then_twist_then_dft3_contribution_then_natural_ntt32_input_bitrev_output
1,1,749,365,365,365,749,low_plus_high_minus_zeta_high,91,1,27,3,v5,3,twist_branch1,91,1728,341,27,1,1,-886,2734,plus_omega3_times_d,493,749,621,27,91,59,27,27,v7,3,3,27,v7,3,top_split_then_twist_then_dft3_contribution_then_natural_ntt32_input_bitrev_output
1,1,749,365,365,365,749,low_plus_high_minus_zeta_high,91,1,27,3,v5,3,twist_branch1,91,1728,341,27,2,2,1033,722,minus_x1_minus_omega3_times_d,493,749,621,27,91,59,27,27,v7,3,3,27,v7,3,top_split_then_twist_then_dft3_contribution_then_natural_ntt32_input_bitrev_output
1,1,621,237,237,237,621,low_plus_high_minus_zeta_high,59,2,27,3,v6,3,twist_branch1,59,-943,124,27,0,0,-147,1,x0_plus_x1_plus_x2,493,749,621,27,91,59,27,27,v7,3,3,27,v7,3,top_split_then_twist_then_dft3_contribution_then_natural_ntt32_input_bitrev_output
1,1,621,237,237,237,621,low_plus_high_minus_zeta_high,59,2,27,3,v6,3,twist_branch1,59,-943,124,27,1,2,1033,722,minus_x2_minus_omega3_times_d,493,749,621,27,91,59,27,27,v7,3,3,27,v7,3,top_split_then_twist_then_dft3_contribution_then_natural_ntt32_input_bitrev_output
1,1,621,237,237,237,621,low_plus_high_minus_zeta_high,59,2,27,3,v6,3,twist_branch1,59,-943,124,27,2,1,-886,2734,plus_omega3_times_d,493,749,621,27,91,59,27,27,v7,3,3,27,v7,3,top_split_then_twist_then_dft3_contribution_then_natural_ntt32_input_bitrev_output
1,1,625,241,241,241,625,low_plus_high_minus_zeta_high,60,0,28,3,v4,4,twist_branch1,60,-200,1577,28,0,0,-147,1,x0_plus_x1_plus_x2,625,497,753,60,28,92,28,28,v7,4,3,7,v4,7,top_split_then_twist_then_dft3_contribution_then_natural_ntt32_input_bitrev_output
1,1,625,241,241,241,625,low_plus_high_minus_zeta_high,60,0,28,3,v4,4,twist_branch1,60,-200,1577,28,1,0,-147,1,x0,625,497,753,60,28,92,28,28,v7,4,3,7,v4,7,top_split_then_twist_then_dft3_contribution_then_natural_ntt32_input_bitrev_output
1,1,625,241,241,241,625,low_plus_high_minus_zeta_high,60,0,28,3,v4,4,twist_branch1,60,-200,1577,28,2,0,-147,1,x0,625,497,753,60,28,92,28,28,v7,4,3,7,v4,7,top_split_then_twist_then_dft3_contribution_then_natural_ntt32_input_bitrev_output
1,1,497,113,113,113,497,low_plus_high_minus_zeta_high,28,1,28,3,v5,4,twist_branch1,28,-387,1202,28,0,0,-147,1,x0_plus_x1_plus_x2,625,497,753,60,28,92,28,28,v7,4,3,7,v4,7,top_split_then_twist_then_dft3_contribution_then_natural_ntt32_input_bitrev_output
1,1,497,113,113,113,497,low_plus_high_minus_zeta_high,28,1,28,3,v5,4,twist_branch1,28,-387,1202,28,1,1,-886,2734,plus_omega3_times_d,625,497,753,60,28,92,28,28,v7,4,3,7,v4,7,top_split_then_twist_then_dft3_contribution_then_natural_ntt32_input_bitrev_output
1,1,497,113,113,113,497,low_plus_high_minus_zeta_high,28,1,28,3,v5,4,twist_branch1,28,-387,1202,28,2,2,1033,722,minus_x1_minus_omega3_times_d,625,497,753,60,28,92,28,28,v7,4,3,7,v4,7,top_split_then_twist_then_dft3_contribution_then_natural_ntt32_input_bitrev_output
1,1,753,369,369,369,753,low_plus_high_minus_zeta_high,92,2,28,3,v6,4,twist_branch1,92,-550,1744,28,0,0,-147,1,x0_plus_x1_plus_x2,625,497,753,60,28,92,28,28,v7,4,3,7,v4,7,top_split_then_twist_then_dft3_contribution_then_natural_ntt32_input_bitrev_output
1,1,753,369,369,369,753,low_plus_high_minus_zeta_high,92,2,28,3,v6,4,twist_branch1,92,-550,1744,28,1,2,1033,722,minus_x2_minus_omega3_times_d,625,497,753,60,28,92,28,28,v7,4,3,7,v4,7,top_split_then_twist_then_dft3_contribution_then_natural_ntt32_input_bitrev_output
1,1,753,369,369,369,753,low_plus_high_minus_zeta_high,92,2,28,3,v6,4,twist_branch1,92,-550,1744,28,2,1,-886,2734,plus_omega3_times_d,625,497,753,60,28,92,28,28,v7,4,3,7,v4,7,top_split_then_twist_then_dft3_contribution_then_natural_ntt32_input_bitrev_output
1,1,757,373,373,373,757,low_plus_high_minus_zeta_high,93,0,29,3,v4,5,twist_branch1,93,-25,3222,29,0,0,-147,1,x0_plus_x1_plus_x2,757,629,501,93,61,29,29,29,v7,5,3,23,v6,7,top_split_then_twist_then_dft3_contribution_then_natural_ntt32_input_bitrev_output
1,1,757,373,373,373,757,low_plus_high_minus_zeta_high,93,0,29,3,v4,5,twist_branch1,93,-25,3222,29,1,0,-147,1,x0,757,629,501,93,61,29,29,29,v7,5,3,23,v6,7,top_split_then_twist_then_dft3_contribution_then_natural_ntt32_input_bitrev_output
1,1,757,373,373,373,757,low_plus_high_minus_zeta_high,93,0,29,3,v4,5,twist_branch1,93,-25,3222,29,2,0,-147,1,x0,757,629,501,93,61,29,29,29,v7,5,3,23,v6,7,top_split_then_twist_then_dft3_contribution_then_natural_ntt32_input_bitrev_output
1,1,629,245,245,245,629,low_plus_high_minus_zeta_high,61,1,29,3,v5,5,twist_branch1,61,1248,2743,29,0,0,-147,1,x0_plus_x1_plus_x2,757,629,501,93,61,29,29,29,v7,5,3,23,v6,7,top_split_then_twist_then_dft3_contribution_then_natural_ntt32_input_bitrev_output
1,1,629,245,245,245,629,low_plus_high_minus_zeta_high,61,1,29,3,v5,5,twist_branch1,61,1248,2743,29,1,1,-886,2734,plus_omega3_times_d,757,629,501,93,61,29,29,29,v7,5,3,23,v6,7,top_split_then_twist_then_dft3_contribution_then_natural_ntt32_input_bitrev_output
1,1,629,245,245,245,629,low_plus_high_minus_zeta_high,61,1,29,3,v5,5,twist_branch1,61,1248,2743,29,2,2,1033,722,minus_x1_minus_omega3_times_d,757,629,501,93,61,29,29,29,v7,5,3,23,v6,7,top_split_then_twist_then_dft3_contribution_then_natural_ntt32_input_bitrev_output
1,1,501,117,117,117,501,low_plus_high_minus_zeta_high,29,2,29,3,v6,5,twist_branch1,29,-489,1626,29,0,0,-147,1,x0_plus_x1_plus_x2,757,629,501,93,61,29,29,29,v7,5,3,23,v6,7,top_split_then_twist_then_dft3_contribution_then_natural_ntt32_input_bitrev_output
1,1,501,117,117,117,501,low_plus_high_minus_zeta_high,29,2,29,3,v6,5,twist_branch1,29,-489,1626,29,1,2,1033,722,minus_x2_minus_omega3_times_d,757,629,501,93,61,29,29,29,v7,5,3,23,v6,7,top_split_then_twist_then_dft3_contribution_then_natural_ntt32_input_bitrev_output
1,1,501,117,117,117,501,low_plus_high_minus_zeta_high,29,2,29,3,v6,5,twist_branch1,29,-489,1626,29,2,1,-886,2734,plus_omega3_times_d,757,629,501,93,61,29,29,29,v7,5,3,23,v6,7,top_split_then_twist_then_dft3_contribution_then_natural_ntt32_input_bitrev_output
1,1,505,121,121,121,505,low_plus_high_minus_zeta_high,30,0,30,3,v4,6,twist_branch1,30,1392,1331,30,0,0,-147,1,x0_plus_x1_plus_x2,505,761,633,30,94,62,30,30,v7,6,3,15,v5,7,top_split_then_twist_then_dft3_contribution_then_natural_ntt32_input_bitrev_output
1,1,505,121,121,121,505,low_plus_high_minus_zeta_high,30,0,30,3,v4,6,twist_branch1,30,1392,1331,30,1,0,-147,1,x0,505,761,633,30,94,62,30,30,v7,6,3,15,v5,7,top_split_then_twist_then_dft3_contribution_then_natural_ntt32_input_bitrev_output
1,1,505,121,121,121,505,low_plus_high_minus_zeta_high,30,0,30,3,v4,6,twist_branch1,30,1392,1331,30,2,0,-147,1,x0,505,761,633,30,94,62,30,30,v7,6,3,15,v5,7,top_split_then_twist_then_dft3_contribution_then_natural_ntt32_input_bitrev_output
1,1,761,377,377,377,761,low_plus_high_minus_zeta_high,94,1,30,3,v5,6,twist_branch1,94,156,775,30,0,0,-147,1,x0_plus_x1_plus_x2,505,761,633,30,94,62,30,30,v7,6,3,15,v5,7,top_split_then_twist_then_dft3_contribution_then_natural_ntt32_input_bitrev_output
1,1,761,377,377,377,761,low_plus_high_minus_zeta_high,94,1,30,3,v5,6,twist_branch1,94,156,775,30,1,1,-886,2734,plus_omega3_times_d,505,761,633,30,94,62,30,30,v7,6,3,15,v5,7,top_split_then_twist_then_dft3_contribution_then_natural_ntt32_input_bitrev_output
1,1,761,377,377,377,761,low_plus_high_minus_zeta_high,94,1,30,3,v5,6,twist_branch1,94,156,775,30,2,2,1033,722,minus_x1_minus_omega3_times_d,505,761,633,30,94,62,30,30,v7,6,3,15,v5,7,top_split_then_twist_then_dft3_contribution_then_natural_ntt32_input_bitrev_output
1,1,633,249,249,249,633,low_plus_high_minus_zeta_high,62,2,30,3,v6,6,twist_branch1,62,371,2796,30,0,0,-147,1,x0_plus_x1_plus_x2,505,761,633,30,94,62,30,30,v7,6,3,15,v5,7,top_split_then_twist_then_dft3_contribution_then_natural_ntt32_input_bitrev_output
1,1,633,249,249,249,633,low_plus_high_minus_zeta_high,62,2,30,3,v6,6,twist_branch1,62,371,2796,30,1,2,1033,722,minus_x2_minus_omega3_times_d,505,761,633,30,94,62,30,30,v7,6,3,15,v5,7,top_split_then_twist_then_dft3_contribution_then_natural_ntt32_input_bitrev_output
1,1,633,249,249,249,633,low_plus_high_minus_zeta_high,62,2,30,3,v6,6,twist_branch1,62,371,2796,30,2,1,-886,2734,plus_omega3_times_d,505,761,633,30,94,62,30,30,v7,6,3,15,v5,7,top_split_then_twist_then_dft3_contribution_then_natural_ntt32_input_bitrev_output
1,1,637,253,253,253,637,low_plus_high_minus_zeta_high,63,0,31,3,v4,7,twist_branch1,63,174,2327,31,0,0,-147,1,x0_plus_x1_plus_x2,637,509,765,63,31,95,31,31,v7,7,3,31,v7,7,top_split_then_twist_then_dft3_contribution_then_natural_ntt32_input_bitrev_output
1,1,637,253,253,253,637,low_plus_high_minus_zeta_high,63,0,31,3,v4,7,twist_branch1,63,174,2327,31,1,0,-147,1,x0,637,509,765,63,31,95,31,31,v7,7,3,31,v7,7,top_split_then_twist_then_dft3_contribution_then_natural_ntt32_input_bitrev_output
1,1,637,253,253,253,637,low_plus_high_minus_zeta_high,63,0,31,3,v4,7,twist_branch1,63,174,2327,31,2,0,-147,1,x0,637,509,765,63,31,95,31,31,v7,7,3,31,v7,7,top_split_then_twist_then_dft3_contribution_then_natural_ntt32_input_bitrev_output
1,1,509,125,125,125,509,low_plus_high_minus_zeta_high,31,1,31,3,v5,7,twist_branch1,31,-251,1789,31,0,0,-147,1,x0_plus_x1_plus_x2,637,509,765,63,31,95,31,31,v7,7,3,31,v7,7,top_split_then_twist_then_dft3_contribution_then_natural_ntt32_input_bitrev_output
1,1,509,125,125,125,509,low_plus_high_minus_zeta_high,31,1,31,3,v5,7,twist_branch1,31,-251,1789,31,1,1,-886,2734,plus_omega3_times_d,637,509,765,63,31,95,31,31,v7,7,3,31,v7,7,top_split_then_twist_then_dft3_contribution_then_natural_ntt32_input_bitrev_output
1,1,509,125,125,125,509,low_plus_high_minus_zeta_high,31,1,31,3,v5,7,twist_branch1,31,-251,1789,31,2,2,1033,722,minus_x1_minus_omega3_times_d,637,509,765,63,31,95,31,31,v7,7,3,31,v7,7,top_split_then_twist_then_dft3_contribution_then_natural_ntt32_input_bitrev_output
1,1,765,381,381,381,765,low_plus_high_minus_zeta_high,95,2,31,3,v6,7,twist_branch1,95,-1250,2078,31,0,0,-147,1,x0_plus_x1_plus_x2,637,509,765,63,31,95,31,31,v7,7,3,31,v7,7,top_split_then_twist_then_dft3_contribution_then_natural_ntt32_input_bitrev_output
1,1,765,381,381,381,765,low_plus_high_minus_zeta_high,95,2,31,3,v6,7,twist_branch1,95,-1250,2078,31,1,2,1033,722,minus_x2_minus_omega3_times_d,637,509,765,63,31,95,31,31,v7,7,3,31,v7,7,top_split_then_twist_then_dft3_contribution_then_natural_ntt32_input_bitrev_output
1,1,765,381,381,381,765,low_plus_high_minus_zeta_high,95,2,31,3,v6,7,twist_branch1,95,-1250,2078,31,2,1,-886,2734,plus_omega3_times_d,637,509,765,63,31,95,31,31,v7,7,3,31,v7,7,top_split_then_twist_then_dft3_contribution_then_natural_ntt32_input_bitrev_output
1,2,386,2,2,2,386,low_plus_high_minus_zeta_high,0,0,0,0,v4,0,twist_branch1,0,-147,1,0,0,0,-147,1,x0_plus_x1_plus_x2,386,642,514,0,64,32,0,0,v4,0,0,0,v4,0,top_split_then_twist_then_dft3_contribution_then_natural_ntt32_input_bitrev_output
1,2,386,2,2,2,386,low_plus_high_minus_zeta_high,0,0,0,0,v4,0,twist_branch1,0,-147,1,0,1,0,-147,1,x0,386,642,514,0,64,32,0,0,v4,0,0,0,v4,0,top_split_then_twist_then_dft3_contribution_then_natural_ntt32_input_bitrev_output
1,2,386,2,2,2,386,low_plus_high_minus_zeta_high,0,0,0,0,v4,0,twist_branch1,0,-147,1,0,2,0,-147,1,x0,386,642,514,0,64,32,0,0,v4,0,0,0,v4,0,top_split_then_twist_then_dft3_contribution_then_natural_ntt32_input_bitrev_output
1,2,642,258,258,258,642,low_plus_high_minus_zeta_high,64,1,0,0,v5,0,twist_branch1,64,1265,1520,0,0,0,-147,1,x0_plus_x1_plus_x2,386,642,514,0,64,32,0,0,v4,0,0,0,v4,0,top_split_then_twist_then_dft3_contribution_then_natural_ntt32_input_bitrev_output
1,2,642,258,258,258,642,low_plus_high_minus_zeta_high,64,1,0,0,v5,0,twist_branch1,64,1265,1520,0,1,1,-886,2734,plus_omega3_times_d,386,642,514,0,64,32,0,0,v4,0,0,0,v4,0,top_split_then_twist_then_dft3_contribution_then_natural_ntt32_input_bitrev_output
1,2,642,258,258,258,642,low_plus_high_minus_zeta_high,64,1,0,0,v5,0,twist_branch1,64,1265,1520,0,2,2,1033,722,minus_x1_minus_omega3_times_d,386,642,514,0,64,32,0,0,v4,0,0,0,v4,0,top_split_then_twist_then_dft3_contribution_then_natural_ntt32_input_bitrev_output
1,2,514,130,130,130,514,low_plus_high_minus_zeta_high,32,2,0,0,v6,0,twist_branch1,32,460,867,0,0,0,-147,1,x0_plus_x1_plus_x2,386,642,514,0,64,32,0,0,v4,0,0,0,v4,0,top_split_then_twist_then_dft3_contribution_then_natural_ntt32_input_bitrev_output
1,2,514,130,130,130,514,low_plus_high_minus_zeta_high,32,2,0,0,v6,0,twist_branch1,32,460,867,0,1,2,1033,722,minus_x2_minus_omega3_times_d,386,642,514,0,64,32,0,0,v4,0,0,0,v4,0,top_split_then_twist_then_dft3_contribution_then_natural_ntt32_input_bitrev_output
1,2,514,130,130,130,514,low_plus_high_minus_zeta_high,32,2,0,0,v6,0,twist_branch1,32,460,867,0,2,1,-886,2734,plus_omega3_times_d,386,642,514,0,64,32,0,0,v4,0,0,0,v4,0,top_split_then_twist_then_dft3_contribution_then_natural_ntt32_input_bitrev_output
1,2,518,134,134,134,518,low_plus_high_minus_zeta_high,33,0,1,0,v4,1,twist_branch1,33,1278,3025,1,0,0,-147,1,x0_plus_x1_plus_x2,518,390,646,33,1,65,1,1,v4,1,0,16,v6,0,top_split_then_twist_then_dft3_contribution_then_natural_ntt32_input_bitrev_output
1,2,518,134,134,134,518,low_plus_high_minus_zeta_high,33,0,1,0,v4,1,twist_branch1,33,1278,3025,1,1,0,-147,1,x0,518,390,646,33,1,65,1,1,v4,1,0,16,v6,0,top_split_then_twist_then_dft3_contribution_then_natural_ntt32_input_bitrev_output
1,2,518,134,134,134,518,low_plus_high_minus_zeta_high,33,0,1,0,v4,1,twist_branch1,33,1278,3025,1,2,0,-147,1,x0,518,390,646,33,1,65,1,1,v4,1,0,16,v6,0,top_split_then_twist_then_dft3_contribution_then_natural_ntt32_input_bitrev_output
1,2,390,6,6,6,390,low_plus_high_minus_zeta_high,1,1,1,0,v5,1,twist_branch1,1,779,1100,1,0,0,-147,1,x0_plus_x1_plus_x2,518,390,646,33,1,65,1,1,v4,1,0,16,v6,0,top_split_then_twist_then_dft3_contribution_then_natural_ntt32_input_bitrev_output
1,2,390,6,6,6,390,low_plus_high_minus_zeta_high,1,1,1,0,v5,1,twist_branch1,1,779,1100,1,1,1,-886,2734,plus_omega3_times_d,518,390,646,33,1,65,1,1,v4,1,0,16,v6,0,top_split_then_twist_then_dft3_contribution_then_natural_ntt32_input_bitrev_output
1,2,390,6,6,6,390,low_plus_high_minus_zeta_high,1,1,1,0,v5,1,twist_branch1,1,779,1100,1,2,2,1033,722,minus_x1_minus_omega3_times_d,518,390,646,33,1,65,1,1,v4,1,0,16,v6,0,top_split_then_twist_then_dft3_contribution_then_natural_ntt32_input_bitrev_output
1,2,646,262,262,262,646,low_plus_high_minus_zeta_high,65,2,1,0,v6,1,twist_branch1,65,-1671,2269,1,0,0,-147,1,x0_plus_x1_plus_x2,518,390,646,33,1,65,1,1,v4,1,0,16,v6,0,top_split_then_twist_then_dft3_contribution_then_natural_ntt32_input_bitrev_output
1,2,646,262,262,262,646,low_plus_high_minus_zeta_high,65,2,1,0,v6,1,twist_branch1,65,-1671,2269,1,1,2,1033,722,minus_x2_minus_omega3_times_d,518,390,646,33,1,65,1,1,v4,1,0,16,v6,0,top_split_then_twist_then_dft3_contribution_then_natural_ntt32_input_bitrev_output
1,2,646,262,262,262,646,low_plus_high_minus_zeta_high,65,2,1,0,v6,1,twist_branch1,65,-1671,2269,1,2,1,-886,2734,plus_omega3_times_d,518,390,646,33,1,65,1,1,v4,1,0,16,v6,0,top_split_then_twist_then_dft3_contribution_then_natural_ntt32_input_bitrev_output
1,2,650,266,266,266,650,low_plus_high_minus_zeta_high,66,0,2,0,v4,2,twist_branch1,66,1024,3403,2,0,0,-147,1,x0_plus_x1_plus_x2,650,522,394,66,34,2,2,2,v4,2,0,8,v5,0,top_split_then_twist_then_dft3_contribution_then_natural_ntt32_input_bitrev_output
1,2,650,266,266,266,650,low_plus_high_minus_zeta_high,66,0,2,0,v4,2,twist_branch1,66,1024,3403,2,1,0,-147,1,x0,650,522,394,66,34,2,2,2,v4,2,0,8,v5,0,top_split_then_twist_then_dft3_contribution_then_natural_ntt32_input_bitrev_output
1,2,650,266,266,266,650,low_plus_high_minus_zeta_high,66,0,2,0,v4,2,twist_branch1,66,1024,3403,2,2,0,-147,1,x0,650,522,394,66,34,2,2,2,v4,2,0,8,v5,0,top_split_then_twist_then_dft3_contribution_then_natural_ntt32_input_bitrev_output
1,2,522,138,138,138,522,low_plus_high_minus_zeta_high,34,1,2,0,v5,2,twist_branch1,34,-1199,1866,2,0,0,-147,1,x0_plus_x1_plus_x2,650,522,394,66,34,2,2,2,v4,2,0,8,v5,0,top_split_then_twist_then_dft3_contribution_then_natural_ntt32_input_bitrev_output
1,2,522,138,138,138,522,low_plus_high_minus_zeta_high,34,1,2,0,v5,2,twist_branch1,34,-1199,1866,2,1,1,-886,2734,plus_omega3_times_d,650,522,394,66,34,2,2,2,v4,2,0,8,v5,0,top_split_then_twist_then_dft3_contribution_then_natural_ntt32_input_bitrev_output
1,2,522,138,138,138,522,low_plus_high_minus_zeta_high,34,1,2,0,v5,2,twist_branch1,34,-1199,1866,2,2,2,1033,722,minus_x1_minus_omega3_times_d,650,522,394,66,34,2,2,2,v4,2,0,8,v5,0,top_split_then_twist_then_dft3_contribution_then_natural_ntt32_input_bitrev_output
1,2,394,10,10,10,394,low_plus_high_minus_zeta_high,2,2,2,0,v6,2,twist_branch1,2,-436,50,2,0,0,-147,1,x0_plus_x1_plus_x2,650,522,394,66,34,2,2,2,v4,2,0,8,v5,0,top_split_then_twist_then_dft3_contribution_then_natural_ntt32_input_bitrev_output
1,2,394,10,10,10,394,low_plus_high_minus_zeta_high,2,2,2,0,v6,2,twist_branch1,2,-436,50,2,1,2,1033,722,minus_x2_minus_omega3_times_d,650,522,394,66,34,2,2,2,v4,2,0,8,v5,0,top_split_then_twist_then_dft3_contribution_then_natural_ntt32_input_bitrev_output
1,2,394,10,10,10,394,low_plus_high_minus_zeta_high,2,2,2,0,v6,2,twist_branch1,2,-436,50,2,2,1,-886,2734,plus_omega3_times_d,650,522,394,66,34,2,2,2,v4,2,0,8,v5,0,top_split_then_twist_then_dft3_contribution_then_natural_ntt32_input_bitrev_output
1,2,398,14,14,14,398,low_plus_high_minus_zeta_high,3,0,3,0,v4,3,twist_branch1,3,923,3145,3,0,0,-147,1,x0_plus_x1_plus_x2,398,654,526,3,67,35,3,3,v4,3,0,24,v7,0,top_split_then_twist_then_dft3_contribution_then_natural_ntt32_input_bitrev_output
1,2,398,14,14,14,398,low_plus_high_minus_zeta_high,3,0,3,0,v4,3,twist_branch1,3,923,3145,3,1,0,-147,1,x0,398,654,526,3,67,35,3,3,v4,3,0,24,v7,0,top_split_then_twist_then_dft3_contribution_then_natural_ntt32_input_bitrev_output
1,2,398,14,14,14,398,low_plus_high_minus_zeta_high,3,0,3,0,v4,3,twist_branch1,3,923,3145,3,2,0,-147,1,x0,398,654,526,3,67,35,3,3,v4,3,0,24,v7,0,top_split_then_twist_then_dft3_contribution_then_natural_ntt32_input_bitrev_output
1,2,654,270,270,270,654,low_plus_high_minus_zeta_high,67,1,3,0,v5,3,twist_branch1,67,-582,2826,3,0,0,-147,1,x0_plus_x1_plus_x2,398,654,526,3,67,35,3,3,v4,3,0,24,v7,0,top_split_then_twist_then_dft3_contribution_then_natural_ntt32_input_bitrev_output
1,2,654,270,270,270,654,low_plus_high_minus_zeta_high,67,1,3,0,v5,3,twist_branch1,67,-582,2826,3,1,1,-886,2734,plus_omega3_times_d,398,654,526,3,67,35,3,3,v4,3,0,24,v7,0,top_split_then_twist_then_dft3_contribution_then_natural_ntt32_input_bitrev_output
1,2,654,270,270,270,654,low_plus_high_minus_zeta_high,67,1,3,0,v5,3,twist_branch1,67,-582,2826,3,2,2,1033,722,minus_x1_minus_omega3_times_d,398,654,526,3,67,35,3,3,v4,3,0,24,v7,0,top_split_then_twist_then_dft3_contribution_then_natural_ntt32_input_bitrev_output
1,2,526,142,142,142,526,low_plus_high_minus_zeta_high,35,2,3,0,v6,3,twist_branch1,35,1674,2599,3,0,0,-147,1,x0_plus_x1_plus_x2,398,654,526,3,67,35,3,3,v4,3,0,24,v7,0,top_split_then_twist_then_dft3_contribution_then_natural_ntt32_input_bitrev_output
1,2,526,142,142,142,526,low_plus_high_minus_zeta_high,35,2,3,0,v6,3,twist_branch1,35,1674,2599,3,1,2,1033,722,minus_x2_minus_omega3_times_d,398,654,526,3,67,35,3,3,v4,3,0,24,v7,0,top_split_then_twist_then_dft3_contribution_then_natural_ntt32_input_bitrev_output
1,2,526,142,142,142,526,low_plus_high_minus_zeta_high,35,2,3,0,v6,3,twist_branch1,35,1674,2599,3,2,1,-886,2734,plus_omega3_times_d,398,654,526,3,67,35,3,3,v4,3,0,24,v7,0,top_split_then_twist_then_dft3_contribution_then_natural_ntt32_input_bitrev_output
1,2,530,146,146,146,530,low_plus_high_minus_zeta_high,36,0,4,0,v4,4,twist_branch1,36,-1181,3418,4,0,0,-147,1,x0_plus_x1_plus_x2,530,402,658,36,4,68,4,4,v4,4,0,4,v4,4,top_split_then_twist_then_dft3_contribution_then_natural_ntt32_input_bitrev_output
1,2,530,146,146,146,530,low_plus_high_minus_zeta_high,36,0,4,0,v4,4,twist_branch1,36,-1181,3418,4,1,0,-147,1,x0,530,402,658,36,4,68,4,4,v4,4,0,4,v4,4,top_split_then_twist_then_dft3_contribution_then_natural_ntt32_input_bitrev_output
1,2,530,146,146,146,530,low_plus_high_minus_zeta_high,36,0,4,0,v4,4,twist_branch1,36,-1181,3418,4,2,0,-147,1,x0,530,402,658,36,4,68,4,4,v4,4,0,4,v4,4,top_split_then_twist_then_dft3_contribution_then_natural_ntt32_input_bitrev_output
1,2,402,18,18,18,402,low_plus_high_minus_zeta_high,4,1,4,0,v5,4,twist_branch1,4,-1058,2500,4,0,0,-147,1,x0_plus_x1_plus_x2,530,402,658,36,4,68,4,4,v4,4,0,4,v4,4,top_split_then_twist_then_dft3_contribution_then_natural_ntt32_input_bitrev_output
1,2,402,18,18,18,402,low_plus_high_minus_zeta_high,4,1,4,0,v5,4,twist_branch1,4,-1058,2500,4,1,1,-886,2734,plus_omega3_times_d,530,402,658,36,4,68,4,4,v4,4,0,4,v4,4,top_split_then_twist_then_dft3_contribution_then_natural_ntt32_input_bitrev_output
1,2,402,18,18,18,402,low_plus_high_minus_zeta_high,4,1,4,0,v5,4,twist_branch1,4,-1058,2500,4,2,2,1033,722,minus_x1_minus_omega3_times_d,530,402,658,36,4,68,4,4,v4,4,0,4,v4,4,top_split_then_twist_then_dft3_contribution_then_natural_ntt32_input_bitrev_output
1,2,658,274,274,274,658,low_plus_high_minus_zeta_high,68,2,4,0,v6,4,twist_branch1,68,-655,757,4,0,0,-147,1,x0_plus_x1_plus_x2,530,402,658,36,4,68,4,4,v4,4,0,4,v4,4,top_split_then_twist_then_dft3_contribution_then_natural_ntt32_input_bitrev_output
1,2,658,274,274,274,658,low_plus_high_minus_zeta_high,68,2,4,0,v6,4,twist_branch1,68,-655,757,4,1,2,1033,722,minus_x2_minus_omega3_times_d,530,402,658,36,4,68,4,4,v4,4,0,4,v4,4,top_split_then_twist_then_dft3_contribution_then_natural_ntt32_input_bitrev_output
1,2,658,274,274,274,658,low_plus_high_minus_zeta_high,68,2,4,0,v6,4,twist_branch1,68,-655,757,4,2,1,-886,2734,plus_omega3_times_d,530,402,658,36,4,68,4,4,v4,4,0,4,v4,4,top_split_then_twist_then_dft3_contribution_then_natural_ntt32_input_bitrev_output
1,2,662,278,278,278,662,low_plus_high_minus_zeta_high,69,0,5,0,v4,5,twist_branch1,69,-1444,3020,5,0,0,-147,1,x0_plus_x1_plus_x2,662,534,406,69,37,5,5,5,v4,5,0,20,v6,4,top_split_then_twist_then_dft3_contribution_then_natural_ntt32_input_bitrev_output
1,2,662,278,278,278,662,low_plus_high_minus_zeta_high,69,0,5,0,v4,5,twist_branch1,69,-1444,3020,5,1,0,-147,1,x0,662,534,406,69,37,5,5,5,v4,5,0,20,v6,4,top_split_then_twist_then_dft3_contribution_then_natural_ntt32_input_bitrev_output
1,2,662,278,278,278,662,low_plus_high_minus_zeta_high,69,0,5,0,v4,5,twist_branch1,69,-1444,3020,5,2,0,-147,1,x0,662,534,406,69,37,5,5,5,v4,5,0,20,v6,4,top_split_then_twist_then_dft3_contribution_then_natural_ntt32_input_bitrev_output
1,2,534,150,150,150,534,low_plus_high_minus_zeta_high,37,1,5,0,v5,5,twist_branch1,37,732,2041,5,0,0,-147,1,x0_plus_x1_plus_x2,662,534,406,69,37,5,5,5,v4,5,0,20,v6,4,top_split_then_twist_then_dft3_contribution_then_natural_ntt32_input_bitrev_output
1,2,534,150,150,150,534,low_plus_high_minus_zeta_high,37,1,5,0,v5,5,twist_branch1,37,732,2041,5,1,1,-886,2734,plus_omega3_times_d,662,534,406,69,37,5,5,5,v4,5,0,20,v6,4,top_split_then_twist_then_dft3_contribution_then_natural_ntt32_input_bitrev_output
1,2,534,150,150,150,534,low_plus_high_minus_zeta_high,37,1,5,0,v5,5,twist_branch1,37,732,2041,5,2,2,1033,722,minus_x1_minus_omega3_times_d,662,534,406,69,37,5,5,5,v4,5,0,20,v6,4,top_split_then_twist_then_dft3_contribution_then_natural_ntt32_input_bitrev_output
1,2,406,22,22,22,406,low_plus_high_minus_zeta_high,5,2,5,0,v6,5,twist_branch1,5,1209,1685,5,0,0,-147,1,x0_plus_x1_plus_x2,662,534,406,69,37,5,5,5,v4,5,0,20,v6,4,top_split_then_twist_then_dft3_contribution_then_natural_ntt32_input_bitrev_output
1,2,406,22,22,22,406,low_plus_high_minus_zeta_high,5,2,5,0,v6,5,twist_branch1,5,1209,1685,5,1,2,1033,722,minus_x2_minus_omega3_times_d,662,534,406,69,37,5,5,5,v4,5,0,20,v6,4,top_split_then_twist_then_dft3_contribution_then_natural_ntt32_input_bitrev_output
1,2,406,22,22,22,406,low_plus_high_minus_zeta_high,5,2,5,0,v6,5,twist_branch1,5,1209,1685,5,2,1,-886,2734,plus_omega3_times_d,662,534,406,69,37,5,5,5,v4,5,0,20,v6,4,top_split_then_twist_then_dft3_contribution_then_natural_ntt32_input_bitrev_output
1,2,410,26,26,26,410,low_plus_high_minus_zeta_high,6,0,6,0,v4,6,twist_branch1,6,-1045,548,6,0,0,-147,1,x0_plus_x1_plus_x2,410,666,538,6,70,38,6,6,v4,6,0,12,v5,4,top_split_then_twist_then_dft3_contribution_then_natural_ntt32_input_bitrev_output
1,2,410,26,26,26,410,low_plus_high_minus_zeta_high,6,0,6,0,v4,6,twist_branch1,6,-1045,548,6,1,0,-147,1,x0,410,666,538,6,70,38,6,6,v4,6,0,12,v5,4,top_split_then_twist_then_dft3_contribution_then_natural_ntt32_input_bitrev_output
1,2,410,26,26,26,410,low_plus_high_minus_zeta_high,6,0,6,0,v4,6,twist_branch1,6,-1045,548,6,2,0,-147,1,x0,410,666,538,6,70,38,6,6,v4,6,0,12,v5,4,top_split_then_twist_then_dft3_contribution_then_natural_ntt32_input_bitrev_output
1,2,666,282,282,282,666,low_plus_high_minus_zeta_high,70,1,6,0,v5,6,twist_branch1,70,-1637,3280,6,0,0,-147,1,x0_plus_x1_plus_x2,410,666,538,6,70,38,6,6,v4,6,0,12,v5,4,top_split_then_twist_then_dft3_contribution_then_natural_ntt32_input_bitrev_output
1,2,666,282,282,282,666,low_plus_high_minus_zeta_high,70,1,6,0,v5,6,twist_branch1,70,-1637,3280,6,1,1,-886,2734,plus_omega3_times_d,410,666,538,6,70,38,6,6,v4,6,0,12,v5,4,top_split_then_twist_then_dft3_contribution_then_natural_ntt32_input_bitrev_output
1,2,666,282,282,282,666,low_plus_high_minus_zeta_high,70,1,6,0,v5,6,twist_branch1,70,-1637,3280,6,2,2,1033,722,minus_x1_minus_omega3_times_d,410,666,538,6,70,38,6,6,v4,6,0,12,v5,4,top_split_then_twist_then_dft3_contribution_then_natural_ntt32_input_bitrev_output
1,2,538,154,154,154,538,low_plus_high_minus_zeta_high,38,2,6,0,v6,6,twist_branch1,38,-281,1507,6,0,0,-147,1,x0_plus_x1_plus_x2,410,666,538,6,70,38,6,6,v4,6,0,12,v5,4,top_split_then_twist_then_dft3_contribution_then_natural_ntt32_input_bitrev_output
1,2,538,154,154,154,538,low_plus_high_minus_zeta_high,38,2,6,0,v6,6,twist_branch1,38,-281,1507,6,1,2,1033,722,minus_x2_minus_omega3_times_d,410,666,538,6,70,38,6,6,v4,6,0,12,v5,4,top_split_then_twist_then_dft3_contribution_then_natural_ntt32_input_bitrev_output
1,2,538,154,154,154,538,low_plus_high_minus_zeta_high,38,2,6,0,v6,6,twist_branch1,38,-281,1507,6,2,1,-886,2734,plus_omega3_times_d,410,666,538,6,70,38,6,6,v4,6,0,12,v5,4,top_split_then_twist_then_dft3_contribution_then_natural_ntt32_input_bitrev_output
1,2,542,158,158,158,542,low_plus_high_minus_zeta_high,39,0,7,0,v4,7,twist_branch1,39,-1427,1797,7,0,0,-147,1,x0_plus_x1_plus_x2,542,414,670,39,7,71,7,7,v4,7,0,28,v7,4,top_split_then_twist_then_dft3_contribution_then_natural_ntt32_input_bitrev_output
1,2,542,158,158,158,542,low_plus_high_minus_zeta_high,39,0,7,0,v4,7,twist_branch1,39,-1427,1797,7,1,0,-147,1,x0,542,414,670,39,7,71,7,7,v4,7,0,28,v7,4,top_split_then_twist_then_dft3_contribution_then_natural_ntt32_input_bitrev_output
1,2,542,158,158,158,542,low_plus_high_minus_zeta_high,39,0,7,0,v4,7,twist_branch1,39,-1427,1797,7,2,0,-147,1,x0,542,414,670,39,7,71,7,7,v4,7,0,28,v7,4,top_split_then_twist_then_dft3_contribution_then_natural_ntt32_input_bitrev_output
1,2,414,30,30,30,414,low_plus_high_minus_zeta_high,7,1,7,0,v5,7,twist_branch1,7,1681,1282,7,0,0,-147,1,x0_plus_x1_plus_x2,542,414,670,39,7,71,7,7,v4,7,0,28,v7,4,top_split_then_twist_then_dft3_contribution_then_natural_ntt32_input_bitrev_output
1,2,414,30,30,30,414,low_plus_high_minus_zeta_high,7,1,7,0,v5,7,twist_branch1,7,1681,1282,7,1,1,-886,2734,plus_omega3_times_d,542,414,670,39,7,71,7,7,v4,7,0,28,v7,4,top_split_then_twist_then_dft3_contribution_then_natural_ntt32_input_bitrev_output
1,2,414,30,30,30,414,low_plus_high_minus_zeta_high,7,1,7,0,v5,7,twist_branch1,7,1681,1282,7,2,2,1033,722,minus_x1_minus_omega3_times_d,542,414,670,39,7,71,7,7,v4,7,0,28,v7,4,top_split_then_twist_then_dft3_contribution_then_natural_ntt32_input_bitrev_output
1,2,670,286,286,286,670,low_plus_high_minus_zeta_high,71,2,7,0,v6,7,twist_branch1,71,397,2349,7,0,0,-147,1,x0_plus_x1_plus_x2,542,414,670,39,7,71,7,7,v4,7,0,28,v7,4,top_split_then_twist_then_dft3_contribution_then_natural_ntt32_input_bitrev_output
1,2,670,286,286,286,670,low_plus_high_minus_zeta_high,71,2,7,0,v6,7,twist_branch1,71,397,2349,7,1,2,1033,722,minus_x2_minus_omega3_times_d,542,414,670,39,7,71,7,7,v4,7,0,28,v7,4,top_split_then_twist_then_dft3_contribution_then_natural_ntt32_input_bitrev_output
1,2,670,286,286,286,670,low_plus_high_minus_zeta_high,71,2,7,0,v6,7,twist_branch1,71,397,2349,7,2,1,-886,2734,plus_omega3_times_d,542,414,670,39,7,71,7,7,v4,7,0,28,v7,4,top_split_then_twist_then_dft3_contribution_then_natural_ntt32_input_bitrev_output
1,2,674,290,290,290,674,low_plus_high_minus_zeta_high,72,0,8,1,v4,0,twist_branch1,72,1118,1521,8,0,0,-147,1,x0_plus_x1_plus_x2,674,546,418,72,40,8,8,8,v5,0,1,2,v4,2,top_split_then_twist_then_dft3_contribution_then_natural_ntt32_input_bitrev_output
1,2,674,290,290,290,674,low_plus_high_minus_zeta_high,72,0,8,1,v4,0,twist_branch1,72,1118,1521,8,1,0,-147,1,x0,674,546,418,72,40,8,8,8,v5,0,1,2,v4,2,top_split_then_twist_then_dft3_contribution_then_natural_ntt32_input_bitrev_output
1,2,674,290,290,290,674,low_plus_high_minus_zeta_high,72,0,8,1,v4,0,twist_branch1,72,1118,1521,8,2,0,-147,1,x0,674,546,418,72,40,8,8,8,v5,0,1,2,v4,2,top_split_then_twist_then_dft3_contribution_then_natural_ntt32_input_bitrev_output
1,2,546,162,162,162,546,low_plus_high_minus_zeta_high,40,1,8,1,v5,0,twist_branch1,40,-222,2753,8,0,0,-147,1,x0_plus_x1_plus_x2,674,546,418,72,40,8,8,8,v5,0,1,2,v4,2,top_split_then_twist_then_dft3_contribution_then_natural_ntt32_input_bitrev_output
1,2,546,162,162,162,546,low_plus_high_minus_zeta_high,40,1,8,1,v5,0,twist_branch1,40,-222,2753,8,1,1,-886,2734,plus_omega3_times_d,674,546,418,72,40,8,8,8,v5,0,1,2,v4,2,top_split_then_twist_then_dft3_contribution_then_natural_ntt32_input_bitrev_output
1,2,546,162,162,162,546,low_plus_high_minus_zeta_high,40,1,8,1,v5,0,twist_branch1,40,-222,2753,8,2,2,1033,722,minus_x1_minus_omega3_times_d,674,546,418,72,40,8,8,8,v5,0,1,2,v4,2,top_split_then_twist_then_dft3_contribution_then_natural_ntt32_input_bitrev_output
1,2,418,34,34,34,418,low_plus_high_minus_zeta_high,8,2,8,1,v6,0,twist_branch1,8,-395,3201,8,0,0,-147,1,x0_plus_x1_plus_x2,674,546,418,72,40,8,8,8,v5,0,1,2,v4,2,top_split_then_twist_then_dft3_contribution_then_natural_ntt32_input_bitrev_output
1,2,418,34,34,34,418,low_plus_high_minus_zeta_high,8,2,8,1,v6,0,twist_branch1,8,-395,3201,8,1,2,1033,722,minus_x2_minus_omega3_times_d,674,546,418,72,40,8,8,8,v5,0,1,2,v4,2,top_split_then_twist_then_dft3_contribution_then_natural_ntt32_input_bitrev_output
1,2,418,34,34,34,418,low_plus_high_minus_zeta_high,8,2,8,1,v6,0,twist_branch1,8,-395,3201,8,2,1,-886,2734,plus_omega3_times_d,674,546,418,72,40,8,8,8,v5,0,1,2,v4,2,top_split_then_twist_then_dft3_contribution_then_natural_ntt32_input_bitrev_output
1,2,422,38,38,38,422,low_plus_high_minus_zeta_high,9,0,9,1,v4,1,twist_branch1,9,1082,1874,9,0,0,-147,1,x0_plus_x1_plus_x2,422,678,550,9,73,41,9,9,v5,1,1,18,v6,2,top_split_then_twist_then_dft3_contribution_then_natural_ntt32_input_bitrev_output
1,2,422,38,38,38,422,low_plus_high_minus_zeta_high,9,0,9,1,v4,1,twist_branch1,9,1082,1874,9,1,0,-147,1,x0,422,678,550,9,73,41,9,9,v5,1,1,18,v6,2,top_split_then_twist_then_dft3_contribution_then_natural_ntt32_input_bitrev_output
1,2,422,38,38,38,422,low_plus_high_minus_zeta_high,9,0,9,1,v4,1,twist_branch1,9,1082,1874,9,2,0,-147,1,x0,422,678,550,9,73,41,9,9,v5,1,1,18,v6,2,top_split_then_twist_then_dft3_contribution_then_natural_ntt32_input_bitrev_output
1,2,678,294,294,294,678,low_plus_high_minus_zeta_high,73,1,9,1,v5,1,twist_branch1,73,-892,3369,9,0,0,-147,1,x0_plus_x1_plus_x2,422,678,550,9,73,41,9,9,v5,1,1,18,v6,2,top_split_then_twist_then_dft3_contribution_then_natural_ntt32_input_bitrev_output
1,2,678,294,294,294,678,low_plus_high_minus_zeta_high,73,1,9,1,v5,1,twist_branch1,73,-892,3369,9,1,1,-886,2734,plus_omega3_times_d,422,678,550,9,73,41,9,9,v5,1,1,18,v6,2,top_split_then_twist_then_dft3_contribution_then_natural_ntt32_input_bitrev_output
1,2,678,294,294,294,678,low_plus_high_minus_zeta_high,73,1,9,1,v5,1,twist_branch1,73,-892,3369,9,2,2,1033,722,minus_x1_minus_omega3_times_d,422,678,550,9,73,41,9,9,v5,1,1,18,v6,2,top_split_then_twist_then_dft3_contribution_then_natural_ntt32_input_bitrev_output
1,2,550,166,166,166,550,low_plus_high_minus_zeta_high,41,2,9,1,v6,1,twist_branch1,41,1247,3425,9,0,0,-147,1,x0_plus_x1_plus_x2,422,678,550,9,73,41,9,9,v5,1,1,18,v6,2,top_split_then_twist_then_dft3_contribution_then_natural_ntt32_input_bitrev_output
1,2,550,166,166,166,550,low_plus_high_minus_zeta_high,41,2,9,1,v6,1,twist_branch1,41,1247,3425,9,1,2,1033,722,minus_x2_minus_omega3_times_d,422,678,550,9,73,41,9,9,v5,1,1,18,v6,2,top_split_then_twist_then_dft3_contribution_then_natural_ntt32_input_bitrev_output
1,2,550,166,166,166,550,low_plus_high_minus_zeta_high,41,2,9,1,v6,1,twist_branch1,41,1247,3425,9,2,1,-886,2734,plus_omega3_times_d,422,678,550,9,73,41,9,9,v5,1,1,18,v6,2,top_split_then_twist_then_dft3_contribution_then_natural_ntt32_input_bitrev_output
1,2,554,170,170,170,554,low_plus_high_minus_zeta_high,42,0,10,1,v4,2,twist_branch1,42,-729,2827,10,0,0,-147,1,x0_plus_x1_plus_x2,554,426,682,42,10,74,10,10,v5,2,1,10,v5,2,top_split_then_twist_then_dft3_contribution_then_natural_ntt32_input_bitrev_output
1,2,554,170,170,170,554,low_plus_high_minus_zeta_high,42,0,10,1,v4,2,twist_branch1,42,-729,2827,10,1,0,-147,1,x0,554,426,682,42,10,74,10,10,v5,2,1,10,v5,2,top_split_then_twist_then_dft3_contribution_then_natural_ntt32_input_bitrev_output
1,2,554,170,170,170,554,low_plus_high_minus_zeta_high,42,0,10,1,v4,2,twist_branch1,42,-729,2827,10,2,0,-147,1,x0,554,426,682,42,10,74,10,10,v5,2,1,10,v5,2,top_split_then_twist_then_dft3_contribution_then_natural_ntt32_input_bitrev_output
1,2,426,42,42,42,426,low_plus_high_minus_zeta_high,10,1,10,1,v5,2,twist_branch1,10,992,1028,10,0,0,-147,1,x0_plus_x1_plus_x2,554,426,682,42,10,74,10,10,v5,2,1,10,v5,2,top_split_then_twist_then_dft3_contribution_then_natural_ntt32_input_bitrev_output
1,2,426,42,42,42,426,low_plus_high_minus_zeta_high,10,1,10,1,v5,2,twist_branch1,10,992,1028,10,1,1,-886,2734,plus_omega3_times_d,554,426,682,42,10,74,10,10,v5,2,1,10,v5,2,top_split_then_twist_then_dft3_contribution_then_natural_ntt32_input_bitrev_output
1,2,426,42,42,42,426,low_plus_high_minus_zeta_high,10,1,10,1,v5,2,twist_branch1,10,992,1028,10,2,2,1033,722,minus_x1_minus_omega3_times_d,554,426,682,42,10,74,10,10,v5,2,1,10,v5,2,top_split_then_twist_then_dft3_contribution_then_natural_ntt32_input_bitrev_output
1,2,682,298,298,298,682,low_plus_high_minus_zeta_high,74,2,10,1,v6,2,twist_branch1,74,588,3453,10,0,0,-147,1,x0_plus_x1_plus_x2,554,426,682,42,10,74,10,10,v5,2,1,10,v5,2,top_split_then_twist_then_dft3_contribution_then_natural_ntt32_input_bitrev_output
1,2,682,298,298,298,682,low_plus_high_minus_zeta_high,74,2,10,1,v6,2,twist_branch1,74,588,3453,10,1,2,1033,722,minus_x2_minus_omega3_times_d,554,426,682,42,10,74,10,10,v5,2,1,10,v5,2,top_split_then_twist_then_dft3_contribution_then_natural_ntt32_input_bitrev_output
1,2,682,298,298,298,682,low_plus_high_minus_zeta_high,74,2,10,1,v6,2,twist_branch1,74,588,3453,10,2,1,-886,2734,plus_omega3_times_d,554,426,682,42,10,74,10,10,v5,2,1,10,v5,2,top_split_then_twist_then_dft3_contribution_then_natural_ntt32_input_bitrev_output
1,2,686,302,302,302,686,low_plus_high_minus_zeta_high,75,0,11,1,v4,3,twist_branch1,75,341,2514,11,0,0,-147,1,x0_plus_x1_plus_x2,686,558,430,75,43,11,11,11,v5,3,1,26,v7,2,top_split_then_twist_then_dft3_contribution_then_natural_ntt32_input_bitrev_output
1,2,686,302,302,302,686,low_plus_high_minus_zeta_high,75,0,11,1,v4,3,twist_branch1,75,341,2514,11,1,0,-147,1,x0,686,558,430,75,43,11,11,11,v5,3,1,26,v7,2,top_split_then_twist_then_dft3_contribution_then_natural_ntt32_input_bitrev_output
1,2,686,302,302,302,686,low_plus_high_minus_zeta_high,75,0,11,1,v4,3,twist_branch1,75,341,2514,11,2,0,-147,1,x0,686,558,430,75,43,11,11,11,v5,3,1,26,v7,2,top_split_then_twist_then_dft3_contribution_then_natural_ntt32_input_bitrev_output
1,2,558,174,174,174,558,low_plus_high_minus_zeta_high,43,1,11,1,v5,3,twist_branch1,43,124,1857,11,0,0,-147,1,x0_plus_x1_plus_x2,686,558,430,75,43,11,11,11,v5,3,1,26,v7,2,top_split_then_twist_then_dft3_contribution_then_natural_ntt32_input_bitrev_output
1,2,558,174,174,174,558,low_plus_high_minus_zeta_high,43,1,11,1,v5,3,twist_branch1,43,124,1857,11,1,1,-886,2734,plus_omega3_times_d,686,558,430,75,43,11,11,11,v5,3,1,26,v7,2,top_split_then_twist_then_dft3_contribution_then_natural_ntt32_input_bitrev_output
1,2,558,174,174,174,558,low_plus_high_minus_zeta_high,43,1,11,1,v5,3,twist_branch1,43,124,1857,11,2,2,1033,722,minus_x1_minus_omega3_times_d,686,558,430,75,43,11,11,11,v5,3,1,26,v7,2,top_split_then_twist_then_dft3_contribution_then_natural_ntt32_input_bitrev_output
1,2,430,46,46,46,430,low_plus_high_minus_zeta_high,11,2,11,1,v6,3,twist_branch1,11,-1212,361,11,0,0,-147,1,x0_plus_x1_plus_x2,686,558,430,75,43,11,11,11,v5,3,1,26,v7,2,top_split_then_twist_then_dft3_contribution_then_natural_ntt32_input_bitrev_output
1,2,430,46,46,46,430,low_plus_high_minus_zeta_high,11,2,11,1,v6,3,twist_branch1,11,-1212,361,11,1,2,1033,722,minus_x2_minus_omega3_times_d,686,558,430,75,43,11,11,11,v5,3,1,26,v7,2,top_split_then_twist_then_dft3_contribution_then_natural_ntt32_input_bitrev_output
1,2,430,46,46,46,430,low_plus_high_minus_zeta_high,11,2,11,1,v6,3,twist_branch1,11,-1212,361,11,2,1,-886,2734,plus_omega3_times_d,686,558,430,75,43,11,11,11,v5,3,1,26,v7,2,top_split_then_twist_then_dft3_contribution_then_natural_ntt32_input_bitrev_output
1,2,434,50,50,50,434,low_plus_high_minus_zeta_high,12,0,12,1,v4,4,twist_branch1,12,1202,3002,12,0,0,-147,1,x0_plus_x1_plus_x2,434,690,562,12,76,44,12,12,v5,4,1,6,v4,6,top_split_then_twist_then_dft3_contribution_then_natural_ntt32_input_bitrev_output
1,2,434,50,50,50,434,low_plus_high_minus_zeta_high,12,0,12,1,v4,4,twist_branch1,12,1202,3002,12,1,0,-147,1,x0,434,690,562,12,76,44,12,12,v5,4,1,6,v4,6,top_split_then_twist_then_dft3_contribution_then_natural_ntt32_input_bitrev_output
1,2,434,50,50,50,434,low_plus_high_minus_zeta_high,12,0,12,1,v4,4,twist_branch1,12,1202,3002,12,2,0,-147,1,x0,434,690,562,12,76,44,12,12,v5,4,1,6,v4,6,top_split_then_twist_then_dft3_contribution_then_natural_ntt32_input_bitrev_output
1,2,690,306,306,306,690,low_plus_high_minus_zeta_high,76,1,12,1,v5,4,twist_branch1,76,-1713,3257,12,0,0,-147,1,x0_plus_x1_plus_x2,434,690,562,12,76,44,12,12,v5,4,1,6,v4,6,top_split_then_twist_then_dft3_contribution_then_natural_ntt32_input_bitrev_output
1,2,690,306,306,306,690,low_plus_high_minus_zeta_high,76,1,12,1,v5,4,twist_branch1,76,-1713,3257,12,1,1,-886,2734,plus_omega3_times_d,434,690,562,12,76,44,12,12,v5,4,1,6,v4,6,top_split_then_twist_then_dft3_contribution_then_natural_ntt32_input_bitrev_output
1,2,690,306,306,306,690,low_plus_high_minus_zeta_high,76,1,12,1,v5,4,twist_branch1,76,-1713,3257,12,2,2,1033,722,minus_x1_minus_omega3_times_d,434,690,562,12,76,44,12,12,v5,4,1,6,v4,6,top_split_then_twist_then_dft3_contribution_then_natural_ntt32_input_bitrev_output
1,2,562,178,178,178,562,low_plus_high_minus_zeta_high,44,2,12,1,v6,4,twist_branch1,44,1577,3070,12,0,0,-147,1,x0_plus_x1_plus_x2,434,690,562,12,76,44,12,12,v5,4,1,6,v4,6,top_split_then_twist_then_dft3_contribution_then_natural_ntt32_input_bitrev_output
1,2,562,178,178,178,562,low_plus_high_minus_zeta_high,44,2,12,1,v6,4,twist_branch1,44,1577,3070,12,1,2,1033,722,minus_x2_minus_omega3_times_d,434,690,562,12,76,44,12,12,v5,4,1,6,v4,6,top_split_then_twist_then_dft3_contribution_then_natural_ntt32_input_bitrev_output
1,2,562,178,178,178,562,low_plus_high_minus_zeta_high,44,2,12,1,v6,4,twist_branch1,44,1577,3070,12,2,1,-886,2734,plus_omega3_times_d,434,690,562,12,76,44,12,12,v5,4,1,6,v4,6,top_split_then_twist_then_dft3_contribution_then_natural_ntt32_input_bitrev_output
1,2,566,182,182,182,566,low_plus_high_minus_zeta_high,45,0,13,1,v4,5,twist_branch1,45,-714,2968,13,0,0,-147,1,x0_plus_x1_plus_x2,566,438,694,45,13,77,13,13,v5,5,1,22,v6,6,top_split_then_twist_then_dft3_contribution_then_natural_ntt32_input_bitrev_output
1,2,566,182,182,182,566,low_plus_high_minus_zeta_high,45,0,13,1,v4,5,twist_branch1,45,-714,2968,13,1,0,-147,1,x0,566,438,694,45,13,77,13,13,v5,5,1,22,v6,6,top_split_then_twist_then_dft3_contribution_then_natural_ntt32_input_bitrev_output
1,2,566,182,182,182,566,low_plus_high_minus_zeta_high,45,0,13,1,v4,5,twist_branch1,45,-714,2968,13,2,0,-147,1,x0,566,438,694,45,13,77,13,13,v5,5,1,22,v6,6,top_split_then_twist_then_dft3_contribution_then_natural_ntt32_input_bitrev_output
1,2,438,54,54,54,438,low_plus_high_minus_zeta_high,13,1,13,1,v5,5,twist_branch1,13,1626,765,13,0,0,-147,1,x0_plus_x1_plus_x2,566,438,694,45,13,77,13,13,v5,5,1,22,v6,6,top_split_then_twist_then_dft3_contribution_then_natural_ntt32_input_bitrev_output
1,2,438,54,54,54,438,low_plus_high_minus_zeta_high,13,1,13,1,v5,5,twist_branch1,13,1626,765,13,1,1,-886,2734,plus_omega3_times_d,566,438,694,45,13,77,13,13,v5,5,1,22,v6,6,top_split_then_twist_then_dft3_contribution_then_natural_ntt32_input_bitrev_output
1,2,438,54,54,54,438,low_plus_high_minus_zeta_high,13,1,13,1,v5,5,twist_branch1,13,1626,765,13,2,2,1033,722,minus_x1_minus_omega3_times_d,566,438,694,45,13,77,13,13,v5,5,1,22,v6,6,top_split_then_twist_then_dft3_contribution_then_natural_ntt32_input_bitrev_output
1,2,694,310,310,310,694,low_plus_high_minus_zeta_high,77,2,13,1,v6,5,twist_branch1,77,-235,1248,13,0,0,-147,1,x0_plus_x1_plus_x2,566,438,694,45,13,77,13,13,v5,5,1,22,v6,6,top_split_then_twist_then_dft3_contribution_then_natural_ntt32_input_bitrev_output
1,2,694,310,310,310,694,low_plus_high_minus_zeta_high,77,2,13,1,v6,5,twist_branch1,77,-235,1248,13,1,2,1033,722,minus_x2_minus_omega3_times_d,566,438,694,45,13,77,13,13,v5,5,1,22,v6,6,top_split_then_twist_then_dft3_contribution_then_natural_ntt32_input_bitrev_output
1,2,694,310,310,310,694,low_plus_high_minus_zeta_high,77,2,13,1,v6,5,twist_branch1,77,-235,1248,13,2,1,-886,2734,plus_omega3_times_d,566,438,694,45,13,77,13,13,v5,5,1,22,v6,6,top_split_then_twist_then_dft3_contribution_then_natural_ntt32_input_bitrev_output
1,2,698,314,314,314,698,low_plus_high_minus_zeta_high,78,0,14,1,v4,6,twist_branch1,78,775,371,14,0,0,-147,1,x0_plus_x1_plus_x2,698,570,442,78,46,14,14,14,v5,6,1,14,v5,6,top_split_then_twist_then_dft3_contribution_then_natural_ntt32_input_bitrev_output
1,2,698,314,314,314,698,low_plus_high_minus_zeta_high,78,0,14,1,v4,6,twist_branch1,78,775,371,14,1,0,-147,1,x0,698,570,442,78,46,14,14,14,v5,6,1,14,v5,6,top_split_then_twist_then_dft3_contribution_then_natural_ntt32_input_bitrev_output
1,2,698,314,314,314,698,low_plus_high_minus_zeta_high,78,0,14,1,v4,6,twist_branch1,78,775,371,14,2,0,-147,1,x0,698,570,442,78,46,14,14,14,v5,6,1,14,v5,6,top_split_then_twist_then_dft3_contribution_then_natural_ntt32_input_bitrev_output
1,2,570,186,186,186,570,low_plus_high_minus_zeta_high,46,1,14,1,v5,6,twist_branch1,46,-661,1392,14,0,0,-147,1,x0_plus_x1_plus_x2,698,570,442,78,46,14,14,14,v5,6,1,14,v5,6,top_split_then_twist_then_dft3_contribution_then_natural_ntt32_input_bitrev_output
1,2,570,186,186,186,570,low_plus_high_minus_zeta_high,46,1,14,1,v5,6,twist_branch1,46,-661,1392,14,1,1,-886,2734,plus_omega3_times_d,698,570,442,78,46,14,14,14,v5,6,1,14,v5,6,top_split_then_twist_then_dft3_contribution_then_natural_ntt32_input_bitrev_output
1,2,570,186,186,186,570,low_plus_high_minus_zeta_high,46,1,14,1,v5,6,twist_branch1,46,-661,1392,14,2,2,1033,722,minus_x1_minus_omega3_times_d,698,570,442,78,46,14,14,14,v5,6,1,14,v5,6,top_split_then_twist_then_dft3_contribution_then_natural_ntt32_input_bitrev_output
1,2,442,58,58,58,442,low_plus_high_minus_zeta_high,14,2,14,1,v6,6,twist_branch1,14,1331,1449,14,0,0,-147,1,x0_plus_x1_plus_x2,698,570,442,78,46,14,14,14,v5,6,1,14,v5,6,top_split_then_twist_then_dft3_contribution_then_natural_ntt32_input_bitrev_output
1,2,442,58,58,58,442,low_plus_high_minus_zeta_high,14,2,14,1,v6,6,twist_branch1,14,1331,1449,14,1,2,1033,722,minus_x2_minus_omega3_times_d,698,570,442,78,46,14,14,14,v5,6,1,14,v5,6,top_split_then_twist_then_dft3_contribution_then_natural_ntt32_input_bitrev_output
1,2,442,58,58,58,442,low_plus_high_minus_zeta_high,14,2,14,1,v6,6,twist_branch1,14,1331,1449,14,2,1,-886,2734,plus_omega3_times_d,698,570,442,78,46,14,14,14,v5,6,1,14,v5,6,top_split_then_twist_then_dft3_contribution_then_natural_ntt32_input_bitrev_output
1,2,446,62,62,62,446,low_plus_high_minus_zeta_high,15,0,15,1,v4,7,twist_branch1,15,-1668,223,15,0,0,-147,1,x0_plus_x1_plus_x2,446,702,574,15,79,47,15,15,v5,7,1,30,v7,6,top_split_then_twist_then_dft3_contribution_then_natural_ntt32_input_bitrev_output
1,2,446,62,62,62,446,low_plus_high_minus_zeta_high,15,0,15,1,v4,7,twist_branch1,15,-1668,223,15,1,0,-147,1,x0,446,702,574,15,79,47,15,15,v5,7,1,30,v7,6,top_split_then_twist_then_dft3_contribution_then_natural_ntt32_input_bitrev_output
1,2,446,62,62,62,446,low_plus_high_minus_zeta_high,15,0,15,1,v4,7,twist_branch1,15,-1668,223,15,2,0,-147,1,x0,446,702,574,15,79,47,15,15,v5,7,1,30,v7,6,top_split_then_twist_then_dft3_contribution_then_natural_ntt32_input_bitrev_output
1,2,702,318,318,318,702,low_plus_high_minus_zeta_high,79,1,15,1,v5,7,twist_branch1,79,-1379,174,15,0,0,-147,1,x0_plus_x1_plus_x2,446,702,574,15,79,47,15,15,v5,7,1,30,v7,6,top_split_then_twist_then_dft3_contribution_then_natural_ntt32_input_bitrev_output
1,2,702,318,318,318,702,low_plus_high_minus_zeta_high,79,1,15,1,v5,7,twist_branch1,79,-1379,174,15,1,1,-886,2734,plus_omega3_times_d,446,702,574,15,79,47,15,15,v5,7,1,30,v7,6,top_split_then_twist_then_dft3_contribution_then_natural_ntt32_input_bitrev_output
1,2,702,318,318,318,702,low_plus_high_minus_zeta_high,79,1,15,1,v5,7,twist_branch1,79,-1379,174,15,2,2,1033,722,minus_x1_minus_omega3_times_d,446,702,574,15,79,47,15,15,v5,7,1,30,v7,6,top_split_then_twist_then_dft3_contribution_then_natural_ntt32_input_bitrev_output
1,2,574,190,190,190,574,low_plus_high_minus_zeta_high,47,2,15,1,v6,7,twist_branch1,47,-1130,3206,15,0,0,-147,1,x0_plus_x1_plus_x2,446,702,574,15,79,47,15,15,v5,7,1,30,v7,6,top_split_then_twist_then_dft3_contribution_then_natural_ntt32_input_bitrev_output
1,2,574,190,190,190,574,low_plus_high_minus_zeta_high,47,2,15,1,v6,7,twist_branch1,47,-1130,3206,15,1,2,1033,722,minus_x2_minus_omega3_times_d,446,702,574,15,79,47,15,15,v5,7,1,30,v7,6,top_split_then_twist_then_dft3_contribution_then_natural_ntt32_input_bitrev_output
1,2,574,190,190,190,574,low_plus_high_minus_zeta_high,47,2,15,1,v6,7,twist_branch1,47,-1130,3206,15,2,1,-886,2734,plus_omega3_times_d,446,702,574,15,79,47,15,15,v5,7,1,30,v7,6,top_split_then_twist_then_dft3_contribution_then_natural_ntt32_input_bitrev_output
1,2,578,194,194,194,578,low_plus_high_minus_zeta_high,48,0,16,2,v4,0,twist_branch1,48,1520,460,16,0,0,-147,1,x0_plus_x1_plus_x2,578,450,706,48,16,80,16,16,v6,0,2,1,v4,1,top_split_then_twist_then_dft3_contribution_then_natural_ntt32_input_bitrev_output
1,2,578,194,194,194,578,low_plus_high_minus_zeta_high,48,0,16,2,v4,0,twist_branch1,48,1520,460,16,1,0,-147,1,x0,578,450,706,48,16,80,16,16,v6,0,2,1,v4,1,top_split_then_twist_then_dft3_contribution_then_natural_ntt32_input_bitrev_output
1,2,578,194,194,194,578,low_plus_high_minus_zeta_high,48,0,16,2,v4,0,twist_branch1,48,1520,460,16,2,0,-147,1,x0,578,450,706,48,16,80,16,16,v6,0,2,1,v4,1,top_split_then_twist_then_dft3_contribution_then_natural_ntt32_input_bitrev_output
1,2,450,66,66,66,450,low_plus_high_minus_zeta_high,16,1,16,2,v5,0,twist_branch1,16,867,3310,16,0,0,-147,1,x0_plus_x1_plus_x2,578,450,706,48,16,80,16,16,v6,0,2,1,v4,1,top_split_then_twist_then_dft3_contribution_then_natural_ntt32_input_bitrev_output
1,2,450,66,66,66,450,low_plus_high_minus_zeta_high,16,1,16,2,v5,0,twist_branch1,16,867,3310,16,1,1,-886,2734,plus_omega3_times_d,578,450,706,48,16,80,16,16,v6,0,2,1,v4,1,top_split_then_twist_then_dft3_contribution_then_natural_ntt32_input_bitrev_output
1,2,450,66,66,66,450,low_plus_high_minus_zeta_high,16,1,16,2,v5,0,twist_branch1,16,867,3310,16,2,2,1033,722,minus_x1_minus_omega3_times_d,578,450,706,48,16,80,16,16,v6,0,2,1,v4,1,top_split_then_twist_then_dft3_contribution_then_natural_ntt32_input_bitrev_output
1,2,706,322,322,322,706,low_plus_high_minus_zeta_high,80,2,16,2,v6,0,twist_branch1,80,723,1265,16,0,0,-147,1,x0_plus_x1_plus_x2,578,450,706,48,16,80,16,16,v6,0,2,1,v4,1,top_split_then_twist_then_dft3_contribution_then_natural_ntt32_input_bitrev_output
1,2,706,322,322,322,706,low_plus_high_minus_zeta_high,80,2,16,2,v6,0,twist_branch1,80,723,1265,16,1,2,1033,722,minus_x2_minus_omega3_times_d,578,450,706,48,16,80,16,16,v6,0,2,1,v4,1,top_split_then_twist_then_dft3_contribution_then_natural_ntt32_input_bitrev_output
1,2,706,322,322,322,706,low_plus_high_minus_zeta_high,80,2,16,2,v6,0,twist_branch1,80,723,1265,16,2,1,-886,2734,plus_omega3_times_d,578,450,706,48,16,80,16,16,v6,0,2,1,v4,1,top_split_then_twist_then_dft3_contribution_then_natural_ntt32_input_bitrev_output
1,2,710,326,326,326,710,low_plus_high_minus_zeta_high,81,0,17,2,v4,1,twist_branch1,81,190,1786,17,0,0,-147,1,x0_plus_x1_plus_x2,710,582,454,81,49,17,17,17,v6,1,2,17,v6,1,top_split_then_twist_then_dft3_contribution_then_natural_ntt32_input_bitrev_output
1,2,710,326,326,326,710,low_plus_high_minus_zeta_high,81,0,17,2,v4,1,twist_branch1,81,190,1786,17,1,0,-147,1,x0,710,582,454,81,49,17,17,17,v6,1,2,17,v6,1,top_split_then_twist_then_dft3_contribution_then_natural_ntt32_input_bitrev_output
1,2,710,326,326,326,710,low_plus_high_minus_zeta_high,81,0,17,2,v4,1,twist_branch1,81,190,1786,17,2,0,-147,1,x0,710,582,454,81,49,17,17,17,v6,1,2,17,v6,1,top_split_then_twist_then_dft3_contribution_then_natural_ntt32_input_bitrev_output
1,2,582,198,198,198,582,low_plus_high_minus_zeta_high,49,1,17,2,v5,1,twist_branch1,49,-1188,1278,17,0,0,-147,1,x0_plus_x1_plus_x2,710,582,454,81,49,17,17,17,v6,1,2,17,v6,1,top_split_then_twist_then_dft3_contribution_then_natural_ntt32_input_bitrev_output
1,2,582,198,198,198,582,low_plus_high_minus_zeta_high,49,1,17,2,v5,1,twist_branch1,49,-1188,1278,17,1,1,-886,2734,plus_omega3_times_d,710,582,454,81,49,17,17,17,v6,1,2,17,v6,1,top_split_then_twist_then_dft3_contribution_then_natural_ntt32_input_bitrev_output
1,2,582,198,198,198,582,low_plus_high_minus_zeta_high,49,1,17,2,v5,1,twist_branch1,49,-1188,1278,17,2,2,1033,722,minus_x1_minus_omega3_times_d,710,582,454,81,49,17,17,17,v6,1,2,17,v6,1,top_split_then_twist_then_dft3_contribution_then_natural_ntt32_input_bitrev_output
1,2,454,70,70,70,454,low_plus_high_minus_zeta_high,17,2,17,2,v6,1,twist_branch1,17,-432,779,17,0,0,-147,1,x0_plus_x1_plus_x2,710,582,454,81,49,17,17,17,v6,1,2,17,v6,1,top_split_then_twist_then_dft3_contribution_then_natural_ntt32_input_bitrev_output
1,2,454,70,70,70,454,low_plus_high_minus_zeta_high,17,2,17,2,v6,1,twist_branch1,17,-432,779,17,1,2,1033,722,minus_x2_minus_omega3_times_d,710,582,454,81,49,17,17,17,v6,1,2,17,v6,1,top_split_then_twist_then_dft3_contribution_then_natural_ntt32_input_bitrev_output
1,2,454,70,70,70,454,low_plus_high_minus_zeta_high,17,2,17,2,v6,1,twist_branch1,17,-432,779,17,2,1,-886,2734,plus_omega3_times_d,710,582,454,81,49,17,17,17,v6,1,2,17,v6,1,top_split_then_twist_then_dft3_contribution_then_natural_ntt32_input_bitrev_output
1,2,458,74,74,74,458,low_plus_high_minus_zeta_high,18,0,18,2,v4,2,twist_branch1,18,-1591,3021,18,0,0,-147,1,x0_plus_x1_plus_x2,458,714,586,18,82,50,18,18,v6,2,2,9,v5,1,top_split_then_twist_then_dft3_contribution_then_natural_ntt32_input_bitrev_output
1,2,458,74,74,74,458,low_plus_high_minus_zeta_high,18,0,18,2,v4,2,twist_branch1,18,-1591,3021,18,1,0,-147,1,x0,458,714,586,18,82,50,18,18,v6,2,2,9,v5,1,top_split_then_twist_then_dft3_contribution_then_natural_ntt32_input_bitrev_output
1,2,458,74,74,74,458,low_plus_high_minus_zeta_high,18,0,18,2,v4,2,twist_branch1,18,-1591,3021,18,2,0,-147,1,x0,458,714,586,18,82,50,18,18,v6,2,2,9,v5,1,top_split_then_twist_then_dft3_contribution_then_natural_ntt32_input_bitrev_output
1,2,714,330,330,330,714,low_plus_high_minus_zeta_high,82,1,18,2,v5,2,twist_branch1,82,1580,1024,18,0,0,-147,1,x0_plus_x1_plus_x2,458,714,586,18,82,50,18,18,v6,2,2,9,v5,1,top_split_then_twist_then_dft3_contribution_then_natural_ntt32_input_bitrev_output
1,2,714,330,330,330,714,low_plus_high_minus_zeta_high,82,1,18,2,v5,2,twist_branch1,82,1580,1024,18,1,1,-886,2734,plus_omega3_times_d,458,714,586,18,82,50,18,18,v6,2,2,9,v5,1,top_split_then_twist_then_dft3_contribution_then_natural_ntt32_input_bitrev_output
1,2,714,330,330,330,714,low_plus_high_minus_zeta_high,82,1,18,2,v5,2,twist_branch1,82,1580,1024,18,2,2,1033,722,minus_x1_minus_omega3_times_d,458,714,586,18,82,50,18,18,v6,2,2,9,v5,1,top_split_then_twist_then_dft3_contribution_then_natural_ntt32_input_bitrev_output
1,2,586,202,202,202,586,low_plus_high_minus_zeta_high,50,2,18,2,v6,2,twist_branch1,50,-54,2258,18,0,0,-147,1,x0_plus_x1_plus_x2,458,714,586,18,82,50,18,18,v6,2,2,9,v5,1,top_split_then_twist_then_dft3_contribution_then_natural_ntt32_input_bitrev_output
1,2,586,202,202,202,586,low_plus_high_minus_zeta_high,50,2,18,2,v6,2,twist_branch1,50,-54,2258,18,1,2,1033,722,minus_x2_minus_omega3_times_d,458,714,586,18,82,50,18,18,v6,2,2,9,v5,1,top_split_then_twist_then_dft3_contribution_then_natural_ntt32_input_bitrev_output
1,2,586,202,202,202,586,low_plus_high_minus_zeta_high,50,2,18,2,v6,2,twist_branch1,50,-54,2258,18,2,1,-886,2734,plus_omega3_times_d,458,714,586,18,82,50,18,18,v6,2,2,9,v5,1,top_split_then_twist_then_dft3_contribution_then_natural_ntt32_input_bitrev_output
1,2,590,206,206,206,590,low_plus_high_minus_zeta_high,51,0,19,2,v4,3,twist_branch1,51,-631,1674,19,0,0,-147,1,x0_plus_x1_plus_x2,590,462,718,51,19,83,19,19,v6,3,2,25,v7,1,top_split_then_twist_then_dft3_contribution_then_natural_ntt32_input_bitrev_output
1,2,590,206,206,206,590,low_plus_high_minus_zeta_high,51,0,19,2,v4,3,twist_branch1,51,-631,1674,19,1,0,-147,1,x0,590,462,718,51,19,83,19,19,v6,3,2,25,v7,1,top_split_then_twist_then_dft3_contribution_then_natural_ntt32_input_bitrev_output
1,2,590,206,206,206,590,low_plus_high_minus_zeta_high,51,0,19,2,v4,3,twist_branch1,51,-631,1674,19,2,0,-147,1,x0,590,462,718,51,19,83,19,19,v6,3,2,25,v7,1,top_split_then_twist_then_dft3_contribution_then_natural_ntt32_input_bitrev_output
1,2,462,78,78,78,462,low_plus_high_minus_zeta_high,19,1,19,2,v5,3,twist_branch1,19,-858,923,19,0,0,-147,1,x0_plus_x1_plus_x2,590,462,718,51,19,83,19,19,v6,3,2,25,v7,1,top_split_then_twist_then_dft3_contribution_then_natural_ntt32_input_bitrev_output
1,2,462,78,78,78,462,low_plus_high_minus_zeta_high,19,1,19,2,v5,3,twist_branch1,19,-858,923,19,1,1,-886,2734,plus_omega3_times_d,590,462,718,51,19,83,19,19,v6,3,2,25,v7,1,top_split_then_twist_then_dft3_contribution_then_natural_ntt32_input_bitrev_output
1,2,462,78,78,78,462,low_plus_high_minus_zeta_high,19,1,19,2,v5,3,twist_branch1,19,-858,923,19,2,2,1033,722,minus_x1_minus_omega3_times_d,590,462,718,51,19,83,19,19,v6,3,2,25,v7,1,top_split_then_twist_then_dft3_contribution_then_natural_ntt32_input_bitrev_output
1,2,718,334,334,334,718,low_plus_high_minus_zeta_high,83,2,19,2,v6,3,twist_branch1,83,-871,2875,19,0,0,-147,1,x0_plus_x1_plus_x2,590,462,718,51,19,83,19,19,v6,3,2,25,v7,1,top_split_then_twist_then_dft3_contribution_then_natural_ntt32_input_bitrev_output
1,2,718,334,334,334,718,low_plus_high_minus_zeta_high,83,2,19,2,v6,3,twist_branch1,83,-871,2875,19,1,2,1033,722,minus_x2_minus_omega3_times_d,590,462,718,51,19,83,19,19,v6,3,2,25,v7,1,top_split_then_twist_then_dft3_contribution_then_natural_ntt32_input_bitrev_output
1,2,718,334,334,334,718,low_plus_high_minus_zeta_high,83,2,19,2,v6,3,twist_branch1,83,-871,2875,19,2,1,-886,2734,plus_omega3_times_d,590,462,718,51,19,83,19,19,v6,3,2,25,v7,1,top_split_then_twist_then_dft3_contribution_then_natural_ntt32_input_bitrev_output
1,2,722,338,338,338,722,low_plus_high_minus_zeta_high,84,0,20,2,v4,4,twist_branch1,84,-511,2802,20,0,0,-147,1,x0_plus_x1_plus_x2,722,594,466,84,52,20,20,20,v6,4,2,5,v4,5,top_split_then_twist_then_dft3_contribution_then_natural_ntt32_input_bitrev_output
1,2,722,338,338,338,722,low_plus_high_minus_zeta_high,84,0,20,2,v4,4,twist_branch1,84,-511,2802,20,1,0,-147,1,x0,722,594,466,84,52,20,20,20,v6,4,2,5,v4,5,top_split_then_twist_then_dft3_contribution_then_natural_ntt32_input_bitrev_output
1,2,722,338,338,338,722,low_plus_high_minus_zeta_high,84,0,20,2,v4,4,twist_branch1,84,-511,2802,20,2,0,-147,1,x0,722,594,466,84,52,20,20,20,v6,4,2,5,v4,5,top_split_then_twist_then_dft3_contribution_then_natural_ntt32_input_bitrev_output
1,2,594,210,210,210,594,low_plus_high_minus_zeta_high,52,1,20,2,v5,4,twist_branch1,52,757,2276,20,0,0,-147,1,x0_plus_x1_plus_x2,722,594,466,84,52,20,20,20,v6,4,2,5,v4,5,top_split_then_twist_then_dft3_contribution_then_natural_ntt32_input_bitrev_output
1,2,594,210,210,210,594,low_plus_high_minus_zeta_high,52,1,20,2,v5,4,twist_branch1,52,757,2276,20,1,1,-886,2734,plus_omega3_times_d,722,594,466,84,52,20,20,20,v6,4,2,5,v4,5,top_split_then_twist_then_dft3_contribution_then_natural_ntt32_input_bitrev_output
1,2,594,210,210,210,594,low_plus_high_minus_zeta_high,52,1,20,2,v5,4,twist_branch1,52,757,2276,20,2,2,1033,722,minus_x1_minus_omega3_times_d,722,594,466,84,52,20,20,20,v6,4,2,5,v4,5,top_split_then_twist_then_dft3_contribution_then_natural_ntt32_input_bitrev_output
1,2,466,82,82,82,466,low_plus_high_minus_zeta_high,20,2,20,2,v6,4,twist_branch1,20,-39,2399,20,0,0,-147,1,x0_plus_x1_plus_x2,722,594,466,84,52,20,20,20,v6,4,2,5,v4,5,top_split_then_twist_then_dft3_contribution_then_natural_ntt32_input_bitrev_output
1,2,466,82,82,82,466,low_plus_high_minus_zeta_high,20,2,20,2,v6,4,twist_branch1,20,-39,2399,20,1,2,1033,722,minus_x2_minus_omega3_times_d,722,594,466,84,52,20,20,20,v6,4,2,5,v4,5,top_split_then_twist_then_dft3_contribution_then_natural_ntt32_input_bitrev_output
1,2,466,82,82,82,466,low_plus_high_minus_zeta_high,20,2,20,2,v6,4,twist_branch1,20,-39,2399,20,2,1,-886,2734,plus_omega3_times_d,722,594,466,84,52,20,20,20,v6,4,2,5,v4,5,top_split_then_twist_then_dft3_contribution_then_natural_ntt32_input_bitrev_output
1,2,470,86,86,86,470,low_plus_high_minus_zeta_high,21,0,21,2,v4,5,twist_branch1,21,-1416,1209,21,0,0,-147,1,x0_plus_x1_plus_x2,470,726,598,21,85,53,21,21,v6,5,2,21,v6,5,top_split_then_twist_then_dft3_contribution_then_natural_ntt32_input_bitrev_output
1,2,470,86,86,86,470,low_plus_high_minus_zeta_high,21,0,21,2,v4,5,twist_branch1,21,-1416,1209,21,1,0,-147,1,x0,470,726,598,21,85,53,21,21,v6,5,2,21,v6,5,top_split_then_twist_then_dft3_contribution_then_natural_ntt32_input_bitrev_output
1,2,470,86,86,86,470,low_plus_high_minus_zeta_high,21,0,21,2,v4,5,twist_branch1,21,-1416,1209,21,2,0,-147,1,x0,470,726,598,21,85,53,21,21,v6,5,2,21,v6,5,top_split_then_twist_then_dft3_contribution_then_natural_ntt32_input_bitrev_output
1,2,726,342,342,342,726,low_plus_high_minus_zeta_high,85,1,21,2,v5,5,twist_branch1,85,1391,2013,21,0,0,-147,1,x0_plus_x1_plus_x2,470,726,598,21,85,53,21,21,v6,5,2,21,v6,5,top_split_then_twist_then_dft3_contribution_then_natural_ntt32_input_bitrev_output
1,2,726,342,342,342,726,low_plus_high_minus_zeta_high,85,1,21,2,v5,5,twist_branch1,85,1391,2013,21,1,1,-886,2734,plus_omega3_times_d,470,726,598,21,85,53,21,21,v6,5,2,21,v6,5,top_split_then_twist_then_dft3_contribution_then_natural_ntt32_input_bitrev_output
1,2,726,342,342,342,726,low_plus_high_minus_zeta_high,85,1,21,2,v5,5,twist_branch1,85,1391,2013,21,2,2,1033,722,minus_x1_minus_omega3_times_d,470,726,598,21,85,53,21,21,v6,5,2,21,v6,5,top_split_then_twist_then_dft3_contribution_then_natural_ntt32_input_bitrev_output
1,2,598,214,214,214,598,low_plus_high_minus_zeta_high,53,2,21,2,v6,5,twist_branch1,53,-437,732,21,0,0,-147,1,x0_plus_x1_plus_x2,470,726,598,21,85,53,21,21,v6,5,2,21,v6,5,top_split_then_twist_then_dft3_contribution_then_natural_ntt32_input_bitrev_output
1,2,598,214,214,214,598,low_plus_high_minus_zeta_high,53,2,21,2,v6,5,twist_branch1,53,-437,732,21,1,2,1033,722,minus_x2_minus_omega3_times_d,470,726,598,21,85,53,21,21,v6,5,2,21,v6,5,top_split_then_twist_then_dft3_contribution_then_natural_ntt32_input_bitrev_output
1,2,598,214,214,214,598,low_plus_high_minus_zeta_high,53,2,21,2,v6,5,twist_branch1,53,-437,732,21,2,1,-886,2734,plus_omega3_times_d,470,726,598,21,85,53,21,21,v6,5,2,21,v6,5,top_split_then_twist_then_dft3_contribution_then_natural_ntt32_input_bitrev_output
1,2,602,218,218,218,602,low_plus_high_minus_zeta_high,54,0,22,2,v4,6,twist_branch1,54,-177,3176,22,0,0,-147,1,x0_plus_x1_plus_x2,602,474,730,54,22,86,22,22,v6,6,2,13,v5,5,top_split_then_twist_then_dft3_contribution_then_natural_ntt32_input_bitrev_output
1,2,602,218,218,218,602,low_plus_high_minus_zeta_high,54,0,22,2,v4,6,twist_branch1,54,-177,3176,22,1,0,-147,1,x0,602,474,730,54,22,86,22,22,v6,6,2,13,v5,5,top_split_then_twist_then_dft3_contribution_then_natural_ntt32_input_bitrev_output
1,2,602,218,218,218,602,low_plus_high_minus_zeta_high,54,0,22,2,v4,6,twist_branch1,54,-177,3176,22,2,0,-147,1,x0,602,474,730,54,22,86,22,22,v6,6,2,13,v5,5,top_split_then_twist_then_dft3_contribution_then_natural_ntt32_input_bitrev_output
1,2,474,90,90,90,474,low_plus_high_minus_zeta_high,22,1,22,2,v5,6,twist_branch1,22,1507,2412,22,0,0,-147,1,x0_plus_x1_plus_x2,602,474,730,54,22,86,22,22,v6,6,2,13,v5,5,top_split_then_twist_then_dft3_contribution_then_natural_ntt32_input_bitrev_output
1,2,474,90,90,90,474,low_plus_high_minus_zeta_high,22,1,22,2,v5,6,twist_branch1,22,1507,2412,22,1,1,-886,2734,plus_omega3_times_d,602,474,730,54,22,86,22,22,v6,6,2,13,v5,5,top_split_then_twist_then_dft3_contribution_then_natural_ntt32_input_bitrev_output
1,2,474,90,90,90,474,low_plus_high_minus_zeta_high,22,1,22,2,v5,6,twist_branch1,22,1507,2412,22,2,2,1033,722,minus_x1_minus_omega3_times_d,602,474,730,54,22,86,22,22,v6,6,2,13,v5,5,top_split_then_twist_then_dft3_contribution_then_natural_ntt32_input_bitrev_output
1,2,730,346,346,346,730,low_plus_high_minus_zeta_high,86,2,22,2,v6,6,twist_branch1,86,-1351,1820,22,0,0,-147,1,x0_plus_x1_plus_x2,602,474,730,54,22,86,22,22,v6,6,2,13,v5,5,top_split_then_twist_then_dft3_contribution_then_natural_ntt32_input_bitrev_output
1,2,730,346,346,346,730,low_plus_high_minus_zeta_high,86,2,22,2,v6,6,twist_branch1,86,-1351,1820,22,1,2,1033,722,minus_x2_minus_omega3_times_d,602,474,730,54,22,86,22,22,v6,6,2,13,v5,5,top_split_then_twist_then_dft3_contribution_then_natural_ntt32_input_bitrev_output
1,2,730,346,346,346,730,low_plus_high_minus_zeta_high,86,2,22,2,v6,6,twist_branch1,86,-1351,1820,22,2,1,-886,2734,plus_omega3_times_d,602,474,730,54,22,86,22,22,v6,6,2,13,v5,5,top_split_then_twist_then_dft3_contribution_then_natural_ntt32_input_bitrev_output
1,2,734,350,350,350,734,low_plus_high_minus_zeta_high,87,0,23,2,v4,7,twist_branch1,87,410,397,23,0,0,-147,1,x0_plus_x1_plus_x2,734,606,478,87,55,23,23,23,v6,7,2,29,v7,5,top_split_then_twist_then_dft3_contribution_then_natural_ntt32_input_bitrev_output
1,2,734,350,350,350,734,low_plus_high_minus_zeta_high,87,0,23,2,v4,7,twist_branch1,87,410,397,23,1,0,-147,1,x0,734,606,478,87,55,23,23,23,v6,7,2,29,v7,5,top_split_then_twist_then_dft3_contribution_then_natural_ntt32_input_bitrev_output
1,2,734,350,350,350,734,low_plus_high_minus_zeta_high,87,0,23,2,v4,7,twist_branch1,87,410,397,23,2,0,-147,1,x0,734,606,478,87,55,23,23,23,v6,7,2,29,v7,5,top_split_then_twist_then_dft3_contribution_then_natural_ntt32_input_bitrev_output
1,2,606,222,222,222,606,low_plus_high_minus_zeta_high,55,1,23,2,v5,7,twist_branch1,55,-1108,2030,23,0,0,-147,1,x0_plus_x1_plus_x2,734,606,478,87,55,23,23,23,v6,7,2,29,v7,5,top_split_then_twist_then_dft3_contribution_then_natural_ntt32_input_bitrev_output
1,2,606,222,222,222,606,low_plus_high_minus_zeta_high,55,1,23,2,v5,7,twist_branch1,55,-1108,2030,23,1,1,-886,2734,plus_omega3_times_d,734,606,478,87,55,23,23,23,v6,7,2,29,v7,5,top_split_then_twist_then_dft3_contribution_then_natural_ntt32_input_bitrev_output
1,2,606,222,222,222,606,low_plus_high_minus_zeta_high,55,1,23,2,v5,7,twist_branch1,55,-1108,2030,23,2,2,1033,722,minus_x1_minus_omega3_times_d,734,606,478,87,55,23,23,23,v6,7,2,29,v7,5,top_split_then_twist_then_dft3_contribution_then_natural_ntt32_input_bitrev_output
1,2,478,94,94,94,478,low_plus_high_minus_zeta_high,23,2,23,2,v6,7,twist_branch1,23,-1660,1681,23,0,0,-147,1,x0_plus_x1_plus_x2,734,606,478,87,55,23,23,23,v6,7,2,29,v7,5,top_split_then_twist_then_dft3_contribution_then_natural_ntt32_input_bitrev_output
1,2,478,94,94,94,478,low_plus_high_minus_zeta_high,23,2,23,2,v6,7,twist_branch1,23,-1660,1681,23,1,2,1033,722,minus_x2_minus_omega3_times_d,734,606,478,87,55,23,23,23,v6,7,2,29,v7,5,top_split_then_twist_then_dft3_contribution_then_natural_ntt32_input_bitrev_output
1,2,478,94,94,94,478,low_plus_high_minus_zeta_high,23,2,23,2,v6,7,twist_branch1,23,-1660,1681,23,2,1,-886,2734,plus_omega3_times_d,734,606,478,87,55,23,23,23,v6,7,2,29,v7,5,top_split_then_twist_then_dft3_contribution_then_natural_ntt32_input_bitrev_output
1,2,482,98,98,98,482,low_plus_high_minus_zeta_high,24,0,24,3,v4,0,twist_branch1,24,-704,3062,24,0,0,-147,1,x0_plus_x1_plus_x2,482,738,610,24,88,56,24,24,v7,0,3,3,v4,3,top_split_then_twist_then_dft3_contribution_then_natural_ntt32_input_bitrev_output
1,2,482,98,98,98,482,low_plus_high_minus_zeta_high,24,0,24,3,v4,0,twist_branch1,24,-704,3062,24,1,0,-147,1,x0,482,738,610,24,88,56,24,24,v7,0,3,3,v4,3,top_split_then_twist_then_dft3_contribution_then_natural_ntt32_input_bitrev_output
1,2,482,98,98,98,482,low_plus_high_minus_zeta_high,24,0,24,3,v4,0,twist_branch1,24,-704,3062,24,2,0,-147,1,x0,482,738,610,24,88,56,24,24,v7,0,3,3,v4,3,top_split_then_twist_then_dft3_contribution_then_natural_ntt32_input_bitrev_output
1,2,738,354,354,354,738,low_plus_high_minus_zeta_high,88,1,24,3,v5,0,twist_branch1,88,1590,1118,24,0,0,-147,1,x0_plus_x1_plus_x2,482,738,610,24,88,56,24,24,v7,0,3,3,v4,3,top_split_then_twist_then_dft3_contribution_then_natural_ntt32_input_bitrev_output
1,2,738,354,354,354,738,low_plus_high_minus_zeta_high,88,1,24,3,v5,0,twist_branch1,88,1590,1118,24,1,1,-886,2734,plus_omega3_times_d,482,738,610,24,88,56,24,24,v7,0,3,3,v4,3,top_split_then_twist_then_dft3_contribution_then_natural_ntt32_input_bitrev_output
1,2,738,354,354,354,738,low_plus_high_minus_zeta_high,88,1,24,3,v5,0,twist_branch1,88,1590,1118,24,2,2,1033,722,minus_x1_minus_omega3_times_d,482,738,610,24,88,56,24,24,v7,0,3,3,v4,3,top_split_then_twist_then_dft3_contribution_then_natural_ntt32_input_bitrev_output
1,2,610,226,226,226,610,low_plus_high_minus_zeta_high,56,2,24,3,v6,0,twist_branch1,56,1521,3235,24,0,0,-147,1,x0_plus_x1_plus_x2,482,738,610,24,88,56,24,24,v7,0,3,3,v4,3,top_split_then_twist_then_dft3_contribution_then_natural_ntt32_input_bitrev_output
1,2,610,226,226,226,610,low_plus_high_minus_zeta_high,56,2,24,3,v6,0,twist_branch1,56,1521,3235,24,1,2,1033,722,minus_x2_minus_omega3_times_d,482,738,610,24,88,56,24,24,v7,0,3,3,v4,3,top_split_then_twist_then_dft3_contribution_then_natural_ntt32_input_bitrev_output
1,2,610,226,226,226,610,low_plus_high_minus_zeta_high,56,2,24,3,v6,0,twist_branch1,56,1521,3235,24,2,1,-886,2734,plus_omega3_times_d,482,738,610,24,88,56,24,24,v7,0,3,3,v4,3,top_split_then_twist_then_dft3_contribution_then_natural_ntt32_input_bitrev_output
1,2,614,230,230,230,614,low_plus_high_minus_zeta_high,57,0,25,3,v4,1,twist_branch1,57,-88,1247,25,0,0,-147,1,x0_plus_x1_plus_x2,614,486,742,57,25,89,25,25,v7,1,3,19,v6,3,top_split_then_twist_then_dft3_contribution_then_natural_ntt32_input_bitrev_output
1,2,614,230,230,230,614,low_plus_high_minus_zeta_high,57,0,25,3,v4,1,twist_branch1,57,-88,1247,25,1,0,-147,1,x0,614,486,742,57,25,89,25,25,v7,1,3,19,v6,3,top_split_then_twist_then_dft3_contribution_then_natural_ntt32_input_bitrev_output
1,2,614,230,230,230,614,low_plus_high_minus_zeta_high,57,0,25,3,v4,1,twist_branch1,57,-88,1247,25,2,0,-147,1,x0,614,486,742,57,25,89,25,25,v7,1,3,19,v6,3,top_split_then_twist_then_dft3_contribution_then_natural_ntt32_input_bitrev_output
1,2,486,102,102,102,486,low_plus_high_minus_zeta_high,25,1,25,3,v5,1,twist_branch1,25,-32,1082,25,0,0,-147,1,x0_plus_x1_plus_x2,614,486,742,57,25,89,25,25,v7,1,3,19,v6,3,top_split_then_twist_then_dft3_contribution_then_natural_ntt32_input_bitrev_output
1,2,486,102,102,102,486,low_plus_high_minus_zeta_high,25,1,25,3,v5,1,twist_branch1,25,-32,1082,25,1,1,-886,2734,plus_omega3_times_d,614,486,742,57,25,89,25,25,v7,1,3,19,v6,3,top_split_then_twist_then_dft3_contribution_then_natural_ntt32_input_bitrev_output
1,2,486,102,102,102,486,low_plus_high_minus_zeta_high,25,1,25,3,v5,1,twist_branch1,25,-32,1082,25,2,2,1033,722,minus_x1_minus_omega3_times_d,614,486,742,57,25,89,25,25,v7,1,3,19,v6,3,top_split_then_twist_then_dft3_contribution_then_natural_ntt32_input_bitrev_output
1,2,742,358,358,358,742,low_plus_high_minus_zeta_high,89,2,25,3,v6,1,twist_branch1,89,-242,2565,25,0,0,-147,1,x0_plus_x1_plus_x2,614,486,742,57,25,89,25,25,v7,1,3,19,v6,3,top_split_then_twist_then_dft3_contribution_then_natural_ntt32_input_bitrev_output
1,2,742,358,358,358,742,low_plus_high_minus_zeta_high,89,2,25,3,v6,1,twist_branch1,89,-242,2565,25,1,2,1033,722,minus_x2_minus_omega3_times_d,614,486,742,57,25,89,25,25,v7,1,3,19,v6,3,top_split_then_twist_then_dft3_contribution_then_natural_ntt32_input_bitrev_output
1,2,742,358,358,358,742,low_plus_high_minus_zeta_high,89,2,25,3,v6,1,twist_branch1,89,-242,2565,25,2,1,-886,2734,plus_omega3_times_d,614,486,742,57,25,89,25,25,v7,1,3,19,v6,3,top_split_then_twist_then_dft3_contribution_then_natural_ntt32_input_bitrev_output
1,2,746,362,362,362,746,low_plus_high_minus_zeta_high,90,0,26,3,v4,2,twist_branch1,90,-11,588,26,0,0,-147,1,x0_plus_x1_plus_x2,746,618,490,90,58,26,26,26,v7,2,3,11,v5,3,top_split_then_twist_then_dft3_contribution_then_natural_ntt32_input_bitrev_output
1,2,746,362,362,362,746,low_plus_high_minus_zeta_high,90,0,26,3,v4,2,twist_branch1,90,-11,588,26,1,0,-147,1,x0,746,618,490,90,58,26,26,26,v7,2,3,11,v5,3,top_split_then_twist_then_dft3_contribution_then_natural_ntt32_input_bitrev_output
1,2,746,362,362,362,746,low_plus_high_minus_zeta_high,90,0,26,3,v4,2,twist_branch1,90,-11,588,26,2,0,-147,1,x0,746,618,490,90,58,26,26,26,v7,2,3,11,v5,3,top_split_then_twist_then_dft3_contribution_then_natural_ntt32_input_bitrev_output
1,2,618,234,234,234,618,low_plus_high_minus_zeta_high,58,1,26,3,v5,2,twist_branch1,58,-4,2728,26,0,0,-147,1,x0_plus_x1_plus_x2,746,618,490,90,58,26,26,26,v7,2,3,11,v5,3,top_split_then_twist_then_dft3_contribution_then_natural_ntt32_input_bitrev_output
1,2,618,234,234,234,618,low_plus_high_minus_zeta_high,58,1,26,3,v5,2,twist_branch1,58,-4,2728,26,1,1,-886,2734,plus_omega3_times_d,746,618,490,90,58,26,26,26,v7,2,3,11,v5,3,top_split_then_twist_then_dft3_contribution_then_natural_ntt32_input_bitrev_output
1,2,618,234,234,234,618,low_plus_high_minus_zeta_high,58,1,26,3,v5,2,twist_branch1,58,-4,2728,26,2,2,1033,722,minus_x1_minus_omega3_times_d,746,618,490,90,58,26,26,26,v7,2,3,11,v5,3,top_split_then_twist_then_dft3_contribution_then_natural_ntt32_input_bitrev_output
1,2,490,106,106,106,490,low_plus_high_minus_zeta_high,26,2,26,3,v6,2,twist_branch1,26,-630,992,26,0,0,-147,1,x0_plus_x1_plus_x2,746,618,490,90,58,26,26,26,v7,2,3,11,v5,3,top_split_then_twist_then_dft3_contribution_then_natural_ntt32_input_bitrev_output
1,2,490,106,106,106,490,low_plus_high_minus_zeta_high,26,2,26,3,v6,2,twist_branch1,26,-630,992,26,1,2,1033,722,minus_x2_minus_omega3_times_d,746,618,490,90,58,26,26,26,v7,2,3,11,v5,3,top_split_then_twist_then_dft3_contribution_then_natural_ntt32_input_bitrev_output
1,2,490,106,106,106,490,low_plus_high_minus_zeta_high,26,2,26,3,v6,2,twist_branch1,26,-630,992,26,2,1,-886,2734,plus_omega3_times_d,746,618,490,90,58,26,26,26,v7,2,3,11,v5,3,top_split_then_twist_then_dft3_contribution_then_natural_ntt32_input_bitrev_output
1,2,494,110,110,110,494,low_plus_high_minus_zeta_high,27,0,27,3,v4,3,twist_branch1,27,-1600,2245,27,0,0,-147,1,x0_plus_x1_plus_x2,494,750,622,27,91,59,27,27,v7,3,3,27,v7,3,top_split_then_twist_then_dft3_contribution_then_natural_ntt32_input_bitrev_output
1,2,494,110,110,110,494,low_plus_high_minus_zeta_high,27,0,27,3,v4,3,twist_branch1,27,-1600,2245,27,1,0,-147,1,x0,494,750,622,27,91,59,27,27,v7,3,3,27,v7,3,top_split_then_twist_then_dft3_contribution_then_natural_ntt32_input_bitrev_output
1,2,494,110,110,110,494,low_plus_high_minus_zeta_high,27,0,27,3,v4,3,twist_branch1,27,-1600,2245,27,2,0,-147,1,x0,494,750,622,27,91,59,27,27,v7,3,3,27,v7,3,top_split_then_twist_then_dft3_contribution_then_natural_ntt32_input_bitrev_output
1,2,750,366,366,366,750,low_plus_high_minus_zeta_high,91,1,27,3,v5,3,twist_branch1,91,1728,341,27,0,0,-147,1,x0_plus_x1_plus_x2,494,750,622,27,91,59,27,27,v7,3,3,27,v7,3,top_split_then_twist_then_dft3_contribution_then_natural_ntt32_input_bitrev_output
1,2,750,366,366,366,750,low_plus_high_minus_zeta_high,91,1,27,3,v5,3,twist_branch1,91,1728,341,27,1,1,-886,2734,plus_omega3_times_d,494,750,622,27,91,59,27,27,v7,3,3,27,v7,3,top_split_then_twist_then_dft3_contribution_then_natural_ntt32_input_bitrev_output
1,2,750,366,366,366,750,low_plus_high_minus_zeta_high,91,1,27,3,v5,3,twist_branch1,91,1728,341,27,2,2,1033,722,minus_x1_minus_omega3_times_d,494,750,622,27,91,59,27,27,v7,3,3,27,v7,3,top_split_then_twist_then_dft3_contribution_then_natural_ntt32_input_bitrev_output
1,2,622,238,238,238,622,low_plus_high_minus_zeta_high,59,2,27,3,v6,3,twist_branch1,59,-943,124,27,0,0,-147,1,x0_plus_x1_plus_x2,494,750,622,27,91,59,27,27,v7,3,3,27,v7,3,top_split_then_twist_then_dft3_contribution_then_natural_ntt32_input_bitrev_output
1,2,622,238,238,238,622,low_plus_high_minus_zeta_high,59,2,27,3,v6,3,twist_branch1,59,-943,124,27,1,2,1033,722,minus_x2_minus_omega3_times_d,494,750,622,27,91,59,27,27,v7,3,3,27,v7,3,top_split_then_twist_then_dft3_contribution_then_natural_ntt32_input_bitrev_output
1,2,622,238,238,238,622,low_plus_high_minus_zeta_high,59,2,27,3,v6,3,twist_branch1,59,-943,124,27,2,1,-886,2734,plus_omega3_times_d,494,750,622,27,91,59,27,27,v7,3,3,27,v7,3,top_split_then_twist_then_dft3_contribution_then_natural_ntt32_input_bitrev_output
1,2,626,242,242,242,626,low_plus_high_minus_zeta_high,60,0,28,3,v4,4,twist_branch1,60,-200,1577,28,0,0,-147,1,x0_plus_x1_plus_x2,626,498,754,60,28,92,28,28,v7,4,3,7,v4,7,top_split_then_twist_then_dft3_contribution_then_natural_ntt32_input_bitrev_output
1,2,626,242,242,242,626,low_plus_high_minus_zeta_high,60,0,28,3,v4,4,twist_branch1,60,-200,1577,28,1,0,-147,1,x0,626,498,754,60,28,92,28,28,v7,4,3,7,v4,7,top_split_then_twist_then_dft3_contribution_then_natural_ntt32_input_bitrev_output
1,2,626,242,242,242,626,low_plus_high_minus_zeta_high,60,0,28,3,v4,4,twist_branch1,60,-200,1577,28,2,0,-147,1,x0,626,498,754,60,28,92,28,28,v7,4,3,7,v4,7,top_split_then_twist_then_dft3_contribution_then_natural_ntt32_input_bitrev_output
1,2,498,114,114,114,498,low_plus_high_minus_zeta_high,28,1,28,3,v5,4,twist_branch1,28,-387,1202,28,0,0,-147,1,x0_plus_x1_plus_x2,626,498,754,60,28,92,28,28,v7,4,3,7,v4,7,top_split_then_twist_then_dft3_contribution_then_natural_ntt32_input_bitrev_output
1,2,498,114,114,114,498,low_plus_high_minus_zeta_high,28,1,28,3,v5,4,twist_branch1,28,-387,1202,28,1,1,-886,2734,plus_omega3_times_d,626,498,754,60,28,92,28,28,v7,4,3,7,v4,7,top_split_then_twist_then_dft3_contribution_then_natural_ntt32_input_bitrev_output
1,2,498,114,114,114,498,low_plus_high_minus_zeta_high,28,1,28,3,v5,4,twist_branch1,28,-387,1202,28,2,2,1033,722,minus_x1_minus_omega3_times_d,626,498,754,60,28,92,28,28,v7,4,3,7,v4,7,top_split_then_twist_then_dft3_contribution_then_natural_ntt32_input_bitrev_output
1,2,754,370,370,370,754,low_plus_high_minus_zeta_high,92,2,28,3,v6,4,twist_branch1,92,-550,1744,28,0,0,-147,1,x0_plus_x1_plus_x2,626,498,754,60,28,92,28,28,v7,4,3,7,v4,7,top_split_then_twist_then_dft3_contribution_then_natural_ntt32_input_bitrev_output
1,2,754,370,370,370,754,low_plus_high_minus_zeta_high,92,2,28,3,v6,4,twist_branch1,92,-550,1744,28,1,2,1033,722,minus_x2_minus_omega3_times_d,626,498,754,60,28,92,28,28,v7,4,3,7,v4,7,top_split_then_twist_then_dft3_contribution_then_natural_ntt32_input_bitrev_output
1,2,754,370,370,370,754,low_plus_high_minus_zeta_high,92,2,28,3,v6,4,twist_branch1,92,-550,1744,28,2,1,-886,2734,plus_omega3_times_d,626,498,754,60,28,92,28,28,v7,4,3,7,v4,7,top_split_then_twist_then_dft3_contribution_then_natural_ntt32_input_bitrev_output
1,2,758,374,374,374,758,low_plus_high_minus_zeta_high,93,0,29,3,v4,5,twist_branch1,93,-25,3222,29,0,0,-147,1,x0_plus_x1_plus_x2,758,630,502,93,61,29,29,29,v7,5,3,23,v6,7,top_split_then_twist_then_dft3_contribution_then_natural_ntt32_input_bitrev_output
1,2,758,374,374,374,758,low_plus_high_minus_zeta_high,93,0,29,3,v4,5,twist_branch1,93,-25,3222,29,1,0,-147,1,x0,758,630,502,93,61,29,29,29,v7,5,3,23,v6,7,top_split_then_twist_then_dft3_contribution_then_natural_ntt32_input_bitrev_output
1,2,758,374,374,374,758,low_plus_high_minus_zeta_high,93,0,29,3,v4,5,twist_branch1,93,-25,3222,29,2,0,-147,1,x0,758,630,502,93,61,29,29,29,v7,5,3,23,v6,7,top_split_then_twist_then_dft3_contribution_then_natural_ntt32_input_bitrev_output
1,2,630,246,246,246,630,low_plus_high_minus_zeta_high,61,1,29,3,v5,5,twist_branch1,61,1248,2743,29,0,0,-147,1,x0_plus_x1_plus_x2,758,630,502,93,61,29,29,29,v7,5,3,23,v6,7,top_split_then_twist_then_dft3_contribution_then_natural_ntt32_input_bitrev_output
1,2,630,246,246,246,630,low_plus_high_minus_zeta_high,61,1,29,3,v5,5,twist_branch1,61,1248,2743,29,1,1,-886,2734,plus_omega3_times_d,758,630,502,93,61,29,29,29,v7,5,3,23,v6,7,top_split_then_twist_then_dft3_contribution_then_natural_ntt32_input_bitrev_output
1,2,630,246,246,246,630,low_plus_high_minus_zeta_high,61,1,29,3,v5,5,twist_branch1,61,1248,2743,29,2,2,1033,722,minus_x1_minus_omega3_times_d,758,630,502,93,61,29,29,29,v7,5,3,23,v6,7,top_split_then_twist_then_dft3_contribution_then_natural_ntt32_input_bitrev_output
1,2,502,118,118,118,502,low_plus_high_minus_zeta_high,29,2,29,3,v6,5,twist_branch1,29,-489,1626,29,0,0,-147,1,x0_plus_x1_plus_x2,758,630,502,93,61,29,29,29,v7,5,3,23,v6,7,top_split_then_twist_then_dft3_contribution_then_natural_ntt32_input_bitrev_output
1,2,502,118,118,118,502,low_plus_high_minus_zeta_high,29,2,29,3,v6,5,twist_branch1,29,-489,1626,29,1,2,1033,722,minus_x2_minus_omega3_times_d,758,630,502,93,61,29,29,29,v7,5,3,23,v6,7,top_split_then_twist_then_dft3_contribution_then_natural_ntt32_input_bitrev_output
1,2,502,118,118,118,502,low_plus_high_minus_zeta_high,29,2,29,3,v6,5,twist_branch1,29,-489,1626,29,2,1,-886,2734,plus_omega3_times_d,758,630,502,93,61,29,29,29,v7,5,3,23,v6,7,top_split_then_twist_then_dft3_contribution_then_natural_ntt32_input_bitrev_output
1,2,506,122,122,122,506,low_plus_high_minus_zeta_high,30,0,30,3,v4,6,twist_branch1,30,1392,1331,30,0,0,-147,1,x0_plus_x1_plus_x2,506,762,634,30,94,62,30,30,v7,6,3,15,v5,7,top_split_then_twist_then_dft3_contribution_then_natural_ntt32_input_bitrev_output
1,2,506,122,122,122,506,low_plus_high_minus_zeta_high,30,0,30,3,v4,6,twist_branch1,30,1392,1331,30,1,0,-147,1,x0,506,762,634,30,94,62,30,30,v7,6,3,15,v5,7,top_split_then_twist_then_dft3_contribution_then_natural_ntt32_input_bitrev_output
1,2,506,122,122,122,506,low_plus_high_minus_zeta_high,30,0,30,3,v4,6,twist_branch1,30,1392,1331,30,2,0,-147,1,x0,506,762,634,30,94,62,30,30,v7,6,3,15,v5,7,top_split_then_twist_then_dft3_contribution_then_natural_ntt32_input_bitrev_output
1,2,762,378,378,378,762,low_plus_high_minus_zeta_high,94,1,30,3,v5,6,twist_branch1,94,156,775,30,0,0,-147,1,x0_plus_x1_plus_x2,506,762,634,30,94,62,30,30,v7,6,3,15,v5,7,top_split_then_twist_then_dft3_contribution_then_natural_ntt32_input_bitrev_output
1,2,762,378,378,378,762,low_plus_high_minus_zeta_high,94,1,30,3,v5,6,twist_branch1,94,156,775,30,1,1,-886,2734,plus_omega3_times_d,506,762,634,30,94,62,30,30,v7,6,3,15,v5,7,top_split_then_twist_then_dft3_contribution_then_natural_ntt32_input_bitrev_output
1,2,762,378,378,378,762,low_plus_high_minus_zeta_high,94,1,30,3,v5,6,twist_branch1,94,156,775,30,2,2,1033,722,minus_x1_minus_omega3_times_d,506,762,634,30,94,62,30,30,v7,6,3,15,v5,7,top_split_then_twist_then_dft3_contribution_then_natural_ntt32_input_bitrev_output
1,2,634,250,250,250,634,low_plus_high_minus_zeta_high,62,2,30,3,v6,6,twist_branch1,62,371,2796,30,0,0,-147,1,x0_plus_x1_plus_x2,506,762,634,30,94,62,30,30,v7,6,3,15,v5,7,top_split_then_twist_then_dft3_contribution_then_natural_ntt32_input_bitrev_output
1,2,634,250,250,250,634,low_plus_high_minus_zeta_high,62,2,30,3,v6,6,twist_branch1,62,371,2796,30,1,2,1033,722,minus_x2_minus_omega3_times_d,506,762,634,30,94,62,30,30,v7,6,3,15,v5,7,top_split_then_twist_then_dft3_contribution_then_natural_ntt32_input_bitrev_output
1,2,634,250,250,250,634,low_plus_high_minus_zeta_high,62,2,30,3,v6,6,twist_branch1,62,371,2796,30,2,1,-886,2734,plus_omega3_times_d,506,762,634,30,94,62,30,30,v7,6,3,15,v5,7,top_split_then_twist_then_dft3_contribution_then_natural_ntt32_input_bitrev_output
1,2,638,254,254,254,638,low_plus_high_minus_zeta_high,63,0,31,3,v4,7,twist_branch1,63,174,2327,31,0,0,-147,1,x0_plus_x1_plus_x2,638,510,766,63,31,95,31,31,v7,7,3,31,v7,7,top_split_then_twist_then_dft3_contribution_then_natural_ntt32_input_bitrev_output
1,2,638,254,254,254,638,low_plus_high_minus_zeta_high,63,0,31,3,v4,7,twist_branch1,63,174,2327,31,1,0,-147,1,x0,638,510,766,63,31,95,31,31,v7,7,3,31,v7,7,top_split_then_twist_then_dft3_contribution_then_natural_ntt32_input_bitrev_output
1,2,638,254,254,254,638,low_plus_high_minus_zeta_high,63,0,31,3,v4,7,twist_branch1,63,174,2327,31,2,0,-147,1,x0,638,510,766,63,31,95,31,31,v7,7,3,31,v7,7,top_split_then_twist_then_dft3_contribution_then_natural_ntt32_input_bitrev_output
1,2,510,126,126,126,510,low_plus_high_minus_zeta_high,31,1,31,3,v5,7,twist_branch1,31,-251,1789,31,0,0,-147,1,x0_plus_x1_plus_x2,638,510,766,63,31,95,31,31,v7,7,3,31,v7,7,top_split_then_twist_then_dft3_contribution_then_natural_ntt32_input_bitrev_output
1,2,510,126,126,126,510,low_plus_high_minus_zeta_high,31,1,31,3,v5,7,twist_branch1,31,-251,1789,31,1,1,-886,2734,plus_omega3_times_d,638,510,766,63,31,95,31,31,v7,7,3,31,v7,7,top_split_then_twist_then_dft3_contribution_then_natural_ntt32_input_bitrev_output
1,2,510,126,126,126,510,low_plus_high_minus_zeta_high,31,1,31,3,v5,7,twist_branch1,31,-251,1789,31,2,2,1033,722,minus_x1_minus_omega3_times_d,638,510,766,63,31,95,31,31,v7,7,3,31,v7,7,top_split_then_twist_then_dft3_contribution_then_natural_ntt32_input_bitrev_output
1,2,766,382,382,382,766,low_plus_high_minus_zeta_high,95,2,31,3,v6,7,twist_branch1,95,-1250,2078,31,0,0,-147,1,x0_plus_x1_plus_x2,638,510,766,63,31,95,31,31,v7,7,3,31,v7,7,top_split_then_twist_then_dft3_contribution_then_natural_ntt32_input_bitrev_output
1,2,766,382,382,382,766,low_plus_high_minus_zeta_high,95,2,31,3,v6,7,twist_branch1,95,-1250,2078,31,1,2,1033,722,minus_x2_minus_omega3_times_d,638,510,766,63,31,95,31,31,v7,7,3,31,v7,7,top_split_then_twist_then_dft3_contribution_then_natural_ntt32_input_bitrev_output
1,2,766,382,382,382,766,low_plus_high_minus_zeta_high,95,2,31,3,v6,7,twist_branch1,95,-1250,2078,31,2,1,-886,2734,plus_omega3_times_d,638,510,766,63,31,95,31,31,v7,7,3,31,v7,7,top_split_then_twist_then_dft3_contribution_then_natural_ntt32_input_bitrev_output
1,3,387,3,3,3,387,low_plus_high_minus_zeta_high,0,0,0,0,v4,0,twist_branch1,0,-147,1,0,0,0,-147,1,x0_plus_x1_plus_x2,387,643,515,0,64,32,0,0,v4,0,0,0,v4,0,top_split_then_twist_then_dft3_contribution_then_natural_ntt32_input_bitrev_output
1,3,387,3,3,3,387,low_plus_high_minus_zeta_high,0,0,0,0,v4,0,twist_branch1,0,-147,1,0,1,0,-147,1,x0,387,643,515,0,64,32,0,0,v4,0,0,0,v4,0,top_split_then_twist_then_dft3_contribution_then_natural_ntt32_input_bitrev_output
1,3,387,3,3,3,387,low_plus_high_minus_zeta_high,0,0,0,0,v4,0,twist_branch1,0,-147,1,0,2,0,-147,1,x0,387,643,515,0,64,32,0,0,v4,0,0,0,v4,0,top_split_then_twist_then_dft3_contribution_then_natural_ntt32_input_bitrev_output
1,3,643,259,259,259,643,low_plus_high_minus_zeta_high,64,1,0,0,v5,0,twist_branch1,64,1265,1520,0,0,0,-147,1,x0_plus_x1_plus_x2,387,643,515,0,64,32,0,0,v4,0,0,0,v4,0,top_split_then_twist_then_dft3_contribution_then_natural_ntt32_input_bitrev_output
1,3,643,259,259,259,643,low_plus_high_minus_zeta_high,64,1,0,0,v5,0,twist_branch1,64,1265,1520,0,1,1,-886,2734,plus_omega3_times_d,387,643,515,0,64,32,0,0,v4,0,0,0,v4,0,top_split_then_twist_then_dft3_contribution_then_natural_ntt32_input_bitrev_output
1,3,643,259,259,259,643,low_plus_high_minus_zeta_high,64,1,0,0,v5,0,twist_branch1,64,1265,1520,0,2,2,1033,722,minus_x1_minus_omega3_times_d,387,643,515,0,64,32,0,0,v4,0,0,0,v4,0,top_split_then_twist_then_dft3_contribution_then_natural_ntt32_input_bitrev_output
1,3,515,131,131,131,515,low_plus_high_minus_zeta_high,32,2,0,0,v6,0,twist_branch1,32,460,867,0,0,0,-147,1,x0_plus_x1_plus_x2,387,643,515,0,64,32,0,0,v4,0,0,0,v4,0,top_split_then_twist_then_dft3_contribution_then_natural_ntt32_input_bitrev_output
1,3,515,131,131,131,515,low_plus_high_minus_zeta_high,32,2,0,0,v6,0,twist_branch1,32,460,867,0,1,2,1033,722,minus_x2_minus_omega3_times_d,387,643,515,0,64,32,0,0,v4,0,0,0,v4,0,top_split_then_twist_then_dft3_contribution_then_natural_ntt32_input_bitrev_output
1,3,515,131,131,131,515,low_plus_high_minus_zeta_high,32,2,0,0,v6,0,twist_branch1,32,460,867,0,2,1,-886,2734,plus_omega3_times_d,387,643,515,0,64,32,0,0,v4,0,0,0,v4,0,top_split_then_twist_then_dft3_contribution_then_natural_ntt32_input_bitrev_output
1,3,519,135,135,135,519,low_plus_high_minus_zeta_high,33,0,1,0,v4,1,twist_branch1,33,1278,3025,1,0,0,-147,1,x0_plus_x1_plus_x2,519,391,647,33,1,65,1,1,v4,1,0,16,v6,0,top_split_then_twist_then_dft3_contribution_then_natural_ntt32_input_bitrev_output
1,3,519,135,135,135,519,low_plus_high_minus_zeta_high,33,0,1,0,v4,1,twist_branch1,33,1278,3025,1,1,0,-147,1,x0,519,391,647,33,1,65,1,1,v4,1,0,16,v6,0,top_split_then_twist_then_dft3_contribution_then_natural_ntt32_input_bitrev_output
1,3,519,135,135,135,519,low_plus_high_minus_zeta_high,33,0,1,0,v4,1,twist_branch1,33,1278,3025,1,2,0,-147,1,x0,519,391,647,33,1,65,1,1,v4,1,0,16,v6,0,top_split_then_twist_then_dft3_contribution_then_natural_ntt32_input_bitrev_output
1,3,391,7,7,7,391,low_plus_high_minus_zeta_high,1,1,1,0,v5,1,twist_branch1,1,779,1100,1,0,0,-147,1,x0_plus_x1_plus_x2,519,391,647,33,1,65,1,1,v4,1,0,16,v6,0,top_split_then_twist_then_dft3_contribution_then_natural_ntt32_input_bitrev_output
1,3,391,7,7,7,391,low_plus_high_minus_zeta_high,1,1,1,0,v5,1,twist_branch1,1,779,1100,1,1,1,-886,2734,plus_omega3_times_d,519,391,647,33,1,65,1,1,v4,1,0,16,v6,0,top_split_then_twist_then_dft3_contribution_then_natural_ntt32_input_bitrev_output
1,3,391,7,7,7,391,low_plus_high_minus_zeta_high,1,1,1,0,v5,1,twist_branch1,1,779,1100,1,2,2,1033,722,minus_x1_minus_omega3_times_d,519,391,647,33,1,65,1,1,v4,1,0,16,v6,0,top_split_then_twist_then_dft3_contribution_then_natural_ntt32_input_bitrev_output
1,3,647,263,263,263,647,low_plus_high_minus_zeta_high,65,2,1,0,v6,1,twist_branch1,65,-1671,2269,1,0,0,-147,1,x0_plus_x1_plus_x2,519,391,647,33,1,65,1,1,v4,1,0,16,v6,0,top_split_then_twist_then_dft3_contribution_then_natural_ntt32_input_bitrev_output
1,3,647,263,263,263,647,low_plus_high_minus_zeta_high,65,2,1,0,v6,1,twist_branch1,65,-1671,2269,1,1,2,1033,722,minus_x2_minus_omega3_times_d,519,391,647,33,1,65,1,1,v4,1,0,16,v6,0,top_split_then_twist_then_dft3_contribution_then_natural_ntt32_input_bitrev_output
1,3,647,263,263,263,647,low_plus_high_minus_zeta_high,65,2,1,0,v6,1,twist_branch1,65,-1671,2269,1,2,1,-886,2734,plus_omega3_times_d,519,391,647,33,1,65,1,1,v4,1,0,16,v6,0,top_split_then_twist_then_dft3_contribution_then_natural_ntt32_input_bitrev_output
1,3,651,267,267,267,651,low_plus_high_minus_zeta_high,66,0,2,0,v4,2,twist_branch1,66,1024,3403,2,0,0,-147,1,x0_plus_x1_plus_x2,651,523,395,66,34,2,2,2,v4,2,0,8,v5,0,top_split_then_twist_then_dft3_contribution_then_natural_ntt32_input_bitrev_output
1,3,651,267,267,267,651,low_plus_high_minus_zeta_high,66,0,2,0,v4,2,twist_branch1,66,1024,3403,2,1,0,-147,1,x0,651,523,395,66,34,2,2,2,v4,2,0,8,v5,0,top_split_then_twist_then_dft3_contribution_then_natural_ntt32_input_bitrev_output
1,3,651,267,267,267,651,low_plus_high_minus_zeta_high,66,0,2,0,v4,2,twist_branch1,66,1024,3403,2,2,0,-147,1,x0,651,523,395,66,34,2,2,2,v4,2,0,8,v5,0,top_split_then_twist_then_dft3_contribution_then_natural_ntt32_input_bitrev_output
1,3,523,139,139,139,523,low_plus_high_minus_zeta_high,34,1,2,0,v5,2,twist_branch1,34,-1199,1866,2,0,0,-147,1,x0_plus_x1_plus_x2,651,523,395,66,34,2,2,2,v4,2,0,8,v5,0,top_split_then_twist_then_dft3_contribution_then_natural_ntt32_input_bitrev_output
1,3,523,139,139,139,523,low_plus_high_minus_zeta_high,34,1,2,0,v5,2,twist_branch1,34,-1199,1866,2,1,1,-886,2734,plus_omega3_times_d,651,523,395,66,34,2,2,2,v4,2,0,8,v5,0,top_split_then_twist_then_dft3_contribution_then_natural_ntt32_input_bitrev_output
1,3,523,139,139,139,523,low_plus_high_minus_zeta_high,34,1,2,0,v5,2,twist_branch1,34,-1199,1866,2,2,2,1033,722,minus_x1_minus_omega3_times_d,651,523,395,66,34,2,2,2,v4,2,0,8,v5,0,top_split_then_twist_then_dft3_contribution_then_natural_ntt32_input_bitrev_output
1,3,395,11,11,11,395,low_plus_high_minus_zeta_high,2,2,2,0,v6,2,twist_branch1,2,-436,50,2,0,0,-147,1,x0_plus_x1_plus_x2,651,523,395,66,34,2,2,2,v4,2,0,8,v5,0,top_split_then_twist_then_dft3_contribution_then_natural_ntt32_input_bitrev_output
1,3,395,11,11,11,395,low_plus_high_minus_zeta_high,2,2,2,0,v6,2,twist_branch1,2,-436,50,2,1,2,1033,722,minus_x2_minus_omega3_times_d,651,523,395,66,34,2,2,2,v4,2,0,8,v5,0,top_split_then_twist_then_dft3_contribution_then_natural_ntt32_input_bitrev_output
1,3,395,11,11,11,395,low_plus_high_minus_zeta_high,2,2,2,0,v6,2,twist_branch1,2,-436,50,2,2,1,-886,2734,plus_omega3_times_d,651,523,395,66,34,2,2,2,v4,2,0,8,v5,0,top_split_then_twist_then_dft3_contribution_then_natural_ntt32_input_bitrev_output
1,3,399,15,15,15,399,low_plus_high_minus_zeta_high,3,0,3,0,v4,3,twist_branch1,3,923,3145,3,0,0,-147,1,x0_plus_x1_plus_x2,399,655,527,3,67,35,3,3,v4,3,0,24,v7,0,top_split_then_twist_then_dft3_contribution_then_natural_ntt32_input_bitrev_output
1,3,399,15,15,15,399,low_plus_high_minus_zeta_high,3,0,3,0,v4,3,twist_branch1,3,923,3145,3,1,0,-147,1,x0,399,655,527,3,67,35,3,3,v4,3,0,24,v7,0,top_split_then_twist_then_dft3_contribution_then_natural_ntt32_input_bitrev_output
1,3,399,15,15,15,399,low_plus_high_minus_zeta_high,3,0,3,0,v4,3,twist_branch1,3,923,3145,3,2,0,-147,1,x0,399,655,527,3,67,35,3,3,v4,3,0,24,v7,0,top_split_then_twist_then_dft3_contribution_then_natural_ntt32_input_bitrev_output
1,3,655,271,271,271,655,low_plus_high_minus_zeta_high,67,1,3,0,v5,3,twist_branch1,67,-582,2826,3,0,0,-147,1,x0_plus_x1_plus_x2,399,655,527,3,67,35,3,3,v4,3,0,24,v7,0,top_split_then_twist_then_dft3_contribution_then_natural_ntt32_input_bitrev_output
1,3,655,271,271,271,655,low_plus_high_minus_zeta_high,67,1,3,0,v5,3,twist_branch1,67,-582,2826,3,1,1,-886,2734,plus_omega3_times_d,399,655,527,3,67,35,3,3,v4,3,0,24,v7,0,top_split_then_twist_then_dft3_contribution_then_natural_ntt32_input_bitrev_output
1,3,655,271,271,271,655,low_plus_high_minus_zeta_high,67,1,3,0,v5,3,twist_branch1,67,-582,2826,3,2,2,1033,722,minus_x1_minus_omega3_times_d,399,655,527,3,67,35,3,3,v4,3,0,24,v7,0,top_split_then_twist_then_dft3_contribution_then_natural_ntt32_input_bitrev_output
1,3,527,143,143,143,527,low_plus_high_minus_zeta_high,35,2,3,0,v6,3,twist_branch1,35,1674,2599,3,0,0,-147,1,x0_plus_x1_plus_x2,399,655,527,3,67,35,3,3,v4,3,0,24,v7,0,top_split_then_twist_then_dft3_contribution_then_natural_ntt32_input_bitrev_output
1,3,527,143,143,143,527,low_plus_high_minus_zeta_high,35,2,3,0,v6,3,twist_branch1,35,1674,2599,3,1,2,1033,722,minus_x2_minus_omega3_times_d,399,655,527,3,67,35,3,3,v4,3,0,24,v7,0,top_split_then_twist_then_dft3_contribution_then_natural_ntt32_input_bitrev_output
1,3,527,143,143,143,527,low_plus_high_minus_zeta_high,35,2,3,0,v6,3,twist_branch1,35,1674,2599,3,2,1,-886,2734,plus_omega3_times_d,399,655,527,3,67,35,3,3,v4,3,0,24,v7,0,top_split_then_twist_then_dft3_contribution_then_natural_ntt32_input_bitrev_output
1,3,531,147,147,147,531,low_plus_high_minus_zeta_high,36,0,4,0,v4,4,twist_branch1,36,-1181,3418,4,0,0,-147,1,x0_plus_x1_plus_x2,531,403,659,36,4,68,4,4,v4,4,0,4,v4,4,top_split_then_twist_then_dft3_contribution_then_natural_ntt32_input_bitrev_output
1,3,531,147,147,147,531,low_plus_high_minus_zeta_high,36,0,4,0,v4,4,twist_branch1,36,-1181,3418,4,1,0,-147,1,x0,531,403,659,36,4,68,4,4,v4,4,0,4,v4,4,top_split_then_twist_then_dft3_contribution_then_natural_ntt32_input_bitrev_output
1,3,531,147,147,147,531,low_plus_high_minus_zeta_high,36,0,4,0,v4,4,twist_branch1,36,-1181,3418,4,2,0,-147,1,x0,531,403,659,36,4,68,4,4,v4,4,0,4,v4,4,top_split_then_twist_then_dft3_contribution_then_natural_ntt32_input_bitrev_output
1,3,403,19,19,19,403,low_plus_high_minus_zeta_high,4,1,4,0,v5,4,twist_branch1,4,-1058,2500,4,0,0,-147,1,x0_plus_x1_plus_x2,531,403,659,36,4,68,4,4,v4,4,0,4,v4,4,top_split_then_twist_then_dft3_contribution_then_natural_ntt32_input_bitrev_output
1,3,403,19,19,19,403,low_plus_high_minus_zeta_high,4,1,4,0,v5,4,twist_branch1,4,-1058,2500,4,1,1,-886,2734,plus_omega3_times_d,531,403,659,36,4,68,4,4,v4,4,0,4,v4,4,top_split_then_twist_then_dft3_contribution_then_natural_ntt32_input_bitrev_output
1,3,403,19,19,19,403,low_plus_high_minus_zeta_high,4,1,4,0,v5,4,twist_branch1,4,-1058,2500,4,2,2,1033,722,minus_x1_minus_omega3_times_d,531,403,659,36,4,68,4,4,v4,4,0,4,v4,4,top_split_then_twist_then_dft3_contribution_then_natural_ntt32_input_bitrev_output
1,3,659,275,275,275,659,low_plus_high_minus_zeta_high,68,2,4,0,v6,4,twist_branch1,68,-655,757,4,0,0,-147,1,x0_plus_x1_plus_x2,531,403,659,36,4,68,4,4,v4,4,0,4,v4,4,top_split_then_twist_then_dft3_contribution_then_natural_ntt32_input_bitrev_output
1,3,659,275,275,275,659,low_plus_high_minus_zeta_high,68,2,4,0,v6,4,twist_branch1,68,-655,757,4,1,2,1033,722,minus_x2_minus_omega3_times_d,531,403,659,36,4,68,4,4,v4,4,0,4,v4,4,top_split_then_twist_then_dft3_contribution_then_natural_ntt32_input_bitrev_output
1,3,659,275,275,275,659,low_plus_high_minus_zeta_high,68,2,4,0,v6,4,twist_branch1,68,-655,757,4,2,1,-886,2734,plus_omega3_times_d,531,403,659,36,4,68,4,4,v4,4,0,4,v4,4,top_split_then_twist_then_dft3_contribution_then_natural_ntt32_input_bitrev_output
1,3,663,279,279,279,663,low_plus_high_minus_zeta_high,69,0,5,0,v4,5,twist_branch1,69,-1444,3020,5,0,0,-147,1,x0_plus_x1_plus_x2,663,535,407,69,37,5,5,5,v4,5,0,20,v6,4,top_split_then_twist_then_dft3_contribution_then_natural_ntt32_input_bitrev_output
1,3,663,279,279,279,663,low_plus_high_minus_zeta_high,69,0,5,0,v4,5,twist_branch1,69,-1444,3020,5,1,0,-147,1,x0,663,535,407,69,37,5,5,5,v4,5,0,20,v6,4,top_split_then_twist_then_dft3_contribution_then_natural_ntt32_input_bitrev_output
1,3,663,279,279,279,663,low_plus_high_minus_zeta_high,69,0,5,0,v4,5,twist_branch1,69,-1444,3020,5,2,0,-147,1,x0,663,535,407,69,37,5,5,5,v4,5,0,20,v6,4,top_split_then_twist_then_dft3_contribution_then_natural_ntt32_input_bitrev_output
1,3,535,151,151,151,535,low_plus_high_minus_zeta_high,37,1,5,0,v5,5,twist_branch1,37,732,2041,5,0,0,-147,1,x0_plus_x1_plus_x2,663,535,407,69,37,5,5,5,v4,5,0,20,v6,4,top_split_then_twist_then_dft3_contribution_then_natural_ntt32_input_bitrev_output
1,3,535,151,151,151,535,low_plus_high_minus_zeta_high,37,1,5,0,v5,5,twist_branch1,37,732,2041,5,1,1,-886,2734,plus_omega3_times_d,663,535,407,69,37,5,5,5,v4,5,0,20,v6,4,top_split_then_twist_then_dft3_contribution_then_natural_ntt32_input_bitrev_output
1,3,535,151,151,151,535,low_plus_high_minus_zeta_high,37,1,5,0,v5,5,twist_branch1,37,732,2041,5,2,2,1033,722,minus_x1_minus_omega3_times_d,663,535,407,69,37,5,5,5,v4,5,0,20,v6,4,top_split_then_twist_then_dft3_contribution_then_natural_ntt32_input_bitrev_output
1,3,407,23,23,23,407,low_plus_high_minus_zeta_high,5,2,5,0,v6,5,twist_branch1,5,1209,1685,5,0,0,-147,1,x0_plus_x1_plus_x2,663,535,407,69,37,5,5,5,v4,5,0,20,v6,4,top_split_then_twist_then_dft3_contribution_then_natural_ntt32_input_bitrev_output
1,3,407,23,23,23,407,low_plus_high_minus_zeta_high,5,2,5,0,v6,5,twist_branch1,5,1209,1685,5,1,2,1033,722,minus_x2_minus_omega3_times_d,663,535,407,69,37,5,5,5,v4,5,0,20,v6,4,top_split_then_twist_then_dft3_contribution_then_natural_ntt32_input_bitrev_output
1,3,407,23,23,23,407,low_plus_high_minus_zeta_high,5,2,5,0,v6,5,twist_branch1,5,1209,1685,5,2,1,-886,2734,plus_omega3_times_d,663,535,407,69,37,5,5,5,v4,5,0,20,v6,4,top_split_then_twist_then_dft3_contribution_then_natural_ntt32_input_bitrev_output
1,3,411,27,27,27,411,low_plus_high_minus_zeta_high,6,0,6,0,v4,6,twist_branch1,6,-1045,548,6,0,0,-147,1,x0_plus_x1_plus_x2,411,667,539,6,70,38,6,6,v4,6,0,12,v5,4,top_split_then_twist_then_dft3_contribution_then_natural_ntt32_input_bitrev_output
1,3,411,27,27,27,411,low_plus_high_minus_zeta_high,6,0,6,0,v4,6,twist_branch1,6,-1045,548,6,1,0,-147,1,x0,411,667,539,6,70,38,6,6,v4,6,0,12,v5,4,top_split_then_twist_then_dft3_contribution_then_natural_ntt32_input_bitrev_output
1,3,411,27,27,27,411,low_plus_high_minus_zeta_high,6,0,6,0,v4,6,twist_branch1,6,-1045,548,6,2,0,-147,1,x0,411,667,539,6,70,38,6,6,v4,6,0,12,v5,4,top_split_then_twist_then_dft3_contribution_then_natural_ntt32_input_bitrev_output
1,3,667,283,283,283,667,low_plus_high_minus_zeta_high,70,1,6,0,v5,6,twist_branch1,70,-1637,3280,6,0,0,-147,1,x0_plus_x1_plus_x2,411,667,539,6,70,38,6,6,v4,6,0,12,v5,4,top_split_then_twist_then_dft3_contribution_then_natural_ntt32_input_bitrev_output
1,3,667,283,283,283,667,low_plus_high_minus_zeta_high,70,1,6,0,v5,6,twist_branch1,70,-1637,3280,6,1,1,-886,2734,plus_omega3_times_d,411,667,539,6,70,38,6,6,v4,6,0,12,v5,4,top_split_then_twist_then_dft3_contribution_then_natural_ntt32_input_bitrev_output
1,3,667,283,283,283,667,low_plus_high_minus_zeta_high,70,1,6,0,v5,6,twist_branch1,70,-1637,3280,6,2,2,1033,722,minus_x1_minus_omega3_times_d,411,667,539,6,70,38,6,6,v4,6,0,12,v5,4,top_split_then_twist_then_dft3_contribution_then_natural_ntt32_input_bitrev_output
1,3,539,155,155,155,539,low_plus_high_minus_zeta_high,38,2,6,0,v6,6,twist_branch1,38,-281,1507,6,0,0,-147,1,x0_plus_x1_plus_x2,411,667,539,6,70,38,6,6,v4,6,0,12,v5,4,top_split_then_twist_then_dft3_contribution_then_natural_ntt32_input_bitrev_output
1,3,539,155,155,155,539,low_plus_high_minus_zeta_high,38,2,6,0,v6,6,twist_branch1,38,-281,1507,6,1,2,1033,722,minus_x2_minus_omega3_times_d,411,667,539,6,70,38,6,6,v4,6,0,12,v5,4,top_split_then_twist_then_dft3_contribution_then_natural_ntt32_input_bitrev_output
1,3,539,155,155,155,539,low_plus_high_minus_zeta_high,38,2,6,0,v6,6,twist_branch1,38,-281,1507,6,2,1,-886,2734,plus_omega3_times_d,411,667,539,6,70,38,6,6,v4,6,0,12,v5,4,top_split_then_twist_then_dft3_contribution_then_natural_ntt32_input_bitrev_output
1,3,543,159,159,159,543,low_plus_high_minus_zeta_high,39,0,7,0,v4,7,twist_branch1,39,-1427,1797,7,0,0,-147,1,x0_plus_x1_plus_x2,543,415,671,39,7,71,7,7,v4,7,0,28,v7,4,top_split_then_twist_then_dft3_contribution_then_natural_ntt32_input_bitrev_output
1,3,543,159,159,159,543,low_plus_high_minus_zeta_high,39,0,7,0,v4,7,twist_branch1,39,-1427,1797,7,1,0,-147,1,x0,543,415,671,39,7,71,7,7,v4,7,0,28,v7,4,top_split_then_twist_then_dft3_contribution_then_natural_ntt32_input_bitrev_output
1,3,543,159,159,159,543,low_plus_high_minus_zeta_high,39,0,7,0,v4,7,twist_branch1,39,-1427,1797,7,2,0,-147,1,x0,543,415,671,39,7,71,7,7,v4,7,0,28,v7,4,top_split_then_twist_then_dft3_contribution_then_natural_ntt32_input_bitrev_output
1,3,415,31,31,31,415,low_plus_high_minus_zeta_high,7,1,7,0,v5,7,twist_branch1,7,1681,1282,7,0,0,-147,1,x0_plus_x1_plus_x2,543,415,671,39,7,71,7,7,v4,7,0,28,v7,4,top_split_then_twist_then_dft3_contribution_then_natural_ntt32_input_bitrev_output
1,3,415,31,31,31,415,low_plus_high_minus_zeta_high,7,1,7,0,v5,7,twist_branch1,7,1681,1282,7,1,1,-886,2734,plus_omega3_times_d,543,415,671,39,7,71,7,7,v4,7,0,28,v7,4,top_split_then_twist_then_dft3_contribution_then_natural_ntt32_input_bitrev_output
1,3,415,31,31,31,415,low_plus_high_minus_zeta_high,7,1,7,0,v5,7,twist_branch1,7,1681,1282,7,2,2,1033,722,minus_x1_minus_omega3_times_d,543,415,671,39,7,71,7,7,v4,7,0,28,v7,4,top_split_then_twist_then_dft3_contribution_then_natural_ntt32_input_bitrev_output
1,3,671,287,287,287,671,low_plus_high_minus_zeta_high,71,2,7,0,v6,7,twist_branch1,71,397,2349,7,0,0,-147,1,x0_plus_x1_plus_x2,543,415,671,39,7,71,7,7,v4,7,0,28,v7,4,top_split_then_twist_then_dft3_contribution_then_natural_ntt32_input_bitrev_output
1,3,671,287,287,287,671,low_plus_high_minus_zeta_high,71,2,7,0,v6,7,twist_branch1,71,397,2349,7,1,2,1033,722,minus_x2_minus_omega3_times_d,543,415,671,39,7,71,7,7,v4,7,0,28,v7,4,top_split_then_twist_then_dft3_contribution_then_natural_ntt32_input_bitrev_output
1,3,671,287,287,287,671,low_plus_high_minus_zeta_high,71,2,7,0,v6,7,twist_branch1,71,397,2349,7,2,1,-886,2734,plus_omega3_times_d,543,415,671,39,7,71,7,7,v4,7,0,28,v7,4,top_split_then_twist_then_dft3_contribution_then_natural_ntt32_input_bitrev_output
1,3,675,291,291,291,675,low_plus_high_minus_zeta_high,72,0,8,1,v4,0,twist_branch1,72,1118,1521,8,0,0,-147,1,x0_plus_x1_plus_x2,675,547,419,72,40,8,8,8,v5,0,1,2,v4,2,top_split_then_twist_then_dft3_contribution_then_natural_ntt32_input_bitrev_output
1,3,675,291,291,291,675,low_plus_high_minus_zeta_high,72,0,8,1,v4,0,twist_branch1,72,1118,1521,8,1,0,-147,1,x0,675,547,419,72,40,8,8,8,v5,0,1,2,v4,2,top_split_then_twist_then_dft3_contribution_then_natural_ntt32_input_bitrev_output
1,3,675,291,291,291,675,low_plus_high_minus_zeta_high,72,0,8,1,v4,0,twist_branch1,72,1118,1521,8,2,0,-147,1,x0,675,547,419,72,40,8,8,8,v5,0,1,2,v4,2,top_split_then_twist_then_dft3_contribution_then_natural_ntt32_input_bitrev_output
1,3,547,163,163,163,547,low_plus_high_minus_zeta_high,40,1,8,1,v5,0,twist_branch1,40,-222,2753,8,0,0,-147,1,x0_plus_x1_plus_x2,675,547,419,72,40,8,8,8,v5,0,1,2,v4,2,top_split_then_twist_then_dft3_contribution_then_natural_ntt32_input_bitrev_output
1,3,547,163,163,163,547,low_plus_high_minus_zeta_high,40,1,8,1,v5,0,twist_branch1,40,-222,2753,8,1,1,-886,2734,plus_omega3_times_d,675,547,419,72,40,8,8,8,v5,0,1,2,v4,2,top_split_then_twist_then_dft3_contribution_then_natural_ntt32_input_bitrev_output
1,3,547,163,163,163,547,low_plus_high_minus_zeta_high,40,1,8,1,v5,0,twist_branch1,40,-222,2753,8,2,2,1033,722,minus_x1_minus_omega3_times_d,675,547,419,72,40,8,8,8,v5,0,1,2,v4,2,top_split_then_twist_then_dft3_contribution_then_natural_ntt32_input_bitrev_output
1,3,419,35,35,35,419,low_plus_high_minus_zeta_high,8,2,8,1,v6,0,twist_branch1,8,-395,3201,8,0,0,-147,1,x0_plus_x1_plus_x2,675,547,419,72,40,8,8,8,v5,0,1,2,v4,2,top_split_then_twist_then_dft3_contribution_then_natural_ntt32_input_bitrev_output
1,3,419,35,35,35,419,low_plus_high_minus_zeta_high,8,2,8,1,v6,0,twist_branch1,8,-395,3201,8,1,2,1033,722,minus_x2_minus_omega3_times_d,675,547,419,72,40,8,8,8,v5,0,1,2,v4,2,top_split_then_twist_then_dft3_contribution_then_natural_ntt32_input_bitrev_output
1,3,419,35,35,35,419,low_plus_high_minus_zeta_high,8,2,8,1,v6,0,twist_branch1,8,-395,3201,8,2,1,-886,2734,plus_omega3_times_d,675,547,419,72,40,8,8,8,v5,0,1,2,v4,2,top_split_then_twist_then_dft3_contribution_then_natural_ntt32_input_bitrev_output
1,3,423,39,39,39,423,low_plus_high_minus_zeta_high,9,0,9,1,v4,1,twist_branch1,9,1082,1874,9,0,0,-147,1,x0_plus_x1_plus_x2,423,679,551,9,73,41,9,9,v5,1,1,18,v6,2,top_split_then_twist_then_dft3_contribution_then_natural_ntt32_input_bitrev_output
1,3,423,39,39,39,423,low_plus_high_minus_zeta_high,9,0,9,1,v4,1,twist_branch1,9,1082,1874,9,1,0,-147,1,x0,423,679,551,9,73,41,9,9,v5,1,1,18,v6,2,top_split_then_twist_then_dft3_contribution_then_natural_ntt32_input_bitrev_output
1,3,423,39,39,39,423,low_plus_high_minus_zeta_high,9,0,9,1,v4,1,twist_branch1,9,1082,1874,9,2,0,-147,1,x0,423,679,551,9,73,41,9,9,v5,1,1,18,v6,2,top_split_then_twist_then_dft3_contribution_then_natural_ntt32_input_bitrev_output
1,3,679,295,295,295,679,low_plus_high_minus_zeta_high,73,1,9,1,v5,1,twist_branch1,73,-892,3369,9,0,0,-147,1,x0_plus_x1_plus_x2,423,679,551,9,73,41,9,9,v5,1,1,18,v6,2,top_split_then_twist_then_dft3_contribution_then_natural_ntt32_input_bitrev_output
1,3,679,295,295,295,679,low_plus_high_minus_zeta_high,73,1,9,1,v5,1,twist_branch1,73,-892,3369,9,1,1,-886,2734,plus_omega3_times_d,423,679,551,9,73,41,9,9,v5,1,1,18,v6,2,top_split_then_twist_then_dft3_contribution_then_natural_ntt32_input_bitrev_output
1,3,679,295,295,295,679,low_plus_high_minus_zeta_high,73,1,9,1,v5,1,twist_branch1,73,-892,3369,9,2,2,1033,722,minus_x1_minus_omega3_times_d,423,679,551,9,73,41,9,9,v5,1,1,18,v6,2,top_split_then_twist_then_dft3_contribution_then_natural_ntt32_input_bitrev_output
1,3,551,167,167,167,551,low_plus_high_minus_zeta_high,41,2,9,1,v6,1,twist_branch1,41,1247,3425,9,0,0,-147,1,x0_plus_x1_plus_x2,423,679,551,9,73,41,9,9,v5,1,1,18,v6,2,top_split_then_twist_then_dft3_contribution_then_natural_ntt32_input_bitrev_output
1,3,551,167,167,167,551,low_plus_high_minus_zeta_high,41,2,9,1,v6,1,twist_branch1,41,1247,3425,9,1,2,1033,722,minus_x2_minus_omega3_times_d,423,679,551,9,73,41,9,9,v5,1,1,18,v6,2,top_split_then_twist_then_dft3_contribution_then_natural_ntt32_input_bitrev_output
1,3,551,167,167,167,551,low_plus_high_minus_zeta_high,41,2,9,1,v6,1,twist_branch1,41,1247,3425,9,2,1,-886,2734,plus_omega3_times_d,423,679,551,9,73,41,9,9,v5,1,1,18,v6,2,top_split_then_twist_then_dft3_contribution_then_natural_ntt32_input_bitrev_output
1,3,555,171,171,171,555,low_plus_high_minus_zeta_high,42,0,10,1,v4,2,twist_branch1,42,-729,2827,10,0,0,-147,1,x0_plus_x1_plus_x2,555,427,683,42,10,74,10,10,v5,2,1,10,v5,2,top_split_then_twist_then_dft3_contribution_then_natural_ntt32_input_bitrev_output
1,3,555,171,171,171,555,low_plus_high_minus_zeta_high,42,0,10,1,v4,2,twist_branch1,42,-729,2827,10,1,0,-147,1,x0,555,427,683,42,10,74,10,10,v5,2,1,10,v5,2,top_split_then_twist_then_dft3_contribution_then_natural_ntt32_input_bitrev_output
1,3,555,171,171,171,555,low_plus_high_minus_zeta_high,42,0,10,1,v4,2,twist_branch1,42,-729,2827,10,2,0,-147,1,x0,555,427,683,42,10,74,10,10,v5,2,1,10,v5,2,top_split_then_twist_then_dft3_contribution_then_natural_ntt32_input_bitrev_output
1,3,427,43,43,43,427,low_plus_high_minus_zeta_high,10,1,10,1,v5,2,twist_branch1,10,992,1028,10,0,0,-147,1,x0_plus_x1_plus_x2,555,427,683,42,10,74,10,10,v5,2,1,10,v5,2,top_split_then_twist_then_dft3_contribution_then_natural_ntt32_input_bitrev_output
1,3,427,43,43,43,427,low_plus_high_minus_zeta_high,10,1,10,1,v5,2,twist_branch1,10,992,1028,10,1,1,-886,2734,plus_omega3_times_d,555,427,683,42,10,74,10,10,v5,2,1,10,v5,2,top_split_then_twist_then_dft3_contribution_then_natural_ntt32_input_bitrev_output
1,3,427,43,43,43,427,low_plus_high_minus_zeta_high,10,1,10,1,v5,2,twist_branch1,10,992,1028,10,2,2,1033,722,minus_x1_minus_omega3_times_d,555,427,683,42,10,74,10,10,v5,2,1,10,v5,2,top_split_then_twist_then_dft3_contribution_then_natural_ntt32_input_bitrev_output
1,3,683,299,299,299,683,low_plus_high_minus_zeta_high,74,2,10,1,v6,2,twist_branch1,74,588,3453,10,0,0,-147,1,x0_plus_x1_plus_x2,555,427,683,42,10,74,10,10,v5,2,1,10,v5,2,top_split_then_twist_then_dft3_contribution_then_natural_ntt32_input_bitrev_output
1,3,683,299,299,299,683,low_plus_high_minus_zeta_high,74,2,10,1,v6,2,twist_branch1,74,588,3453,10,1,2,1033,722,minus_x2_minus_omega3_times_d,555,427,683,42,10,74,10,10,v5,2,1,10,v5,2,top_split_then_twist_then_dft3_contribution_then_natural_ntt32_input_bitrev_output
1,3,683,299,299,299,683,low_plus_high_minus_zeta_high,74,2,10,1,v6,2,twist_branch1,74,588,3453,10,2,1,-886,2734,plus_omega3_times_d,555,427,683,42,10,74,10,10,v5,2,1,10,v5,2,top_split_then_twist_then_dft3_contribution_then_natural_ntt32_input_bitrev_output
1,3,687,303,303,303,687,low_plus_high_minus_zeta_high,75,0,11,1,v4,3,twist_branch1,75,341,2514,11,0,0,-147,1,x0_plus_x1_plus_x2,687,559,431,75,43,11,11,11,v5,3,1,26,v7,2,top_split_then_twist_then_dft3_contribution_then_natural_ntt32_input_bitrev_output
1,3,687,303,303,303,687,low_plus_high_minus_zeta_high,75,0,11,1,v4,3,twist_branch1,75,341,2514,11,1,0,-147,1,x0,687,559,431,75,43,11,11,11,v5,3,1,26,v7,2,top_split_then_twist_then_dft3_contribution_then_natural_ntt32_input_bitrev_output
1,3,687,303,303,303,687,low_plus_high_minus_zeta_high,75,0,11,1,v4,3,twist_branch1,75,341,2514,11,2,0,-147,1,x0,687,559,431,75,43,11,11,11,v5,3,1,26,v7,2,top_split_then_twist_then_dft3_contribution_then_natural_ntt32_input_bitrev_output
1,3,559,175,175,175,559,low_plus_high_minus_zeta_high,43,1,11,1,v5,3,twist_branch1,43,124,1857,11,0,0,-147,1,x0_plus_x1_plus_x2,687,559,431,75,43,11,11,11,v5,3,1,26,v7,2,top_split_then_twist_then_dft3_contribution_then_natural_ntt32_input_bitrev_output
1,3,559,175,175,175,559,low_plus_high_minus_zeta_high,43,1,11,1,v5,3,twist_branch1,43,124,1857,11,1,1,-886,2734,plus_omega3_times_d,687,559,431,75,43,11,11,11,v5,3,1,26,v7,2,top_split_then_twist_then_dft3_contribution_then_natural_ntt32_input_bitrev_output
1,3,559,175,175,175,559,low_plus_high_minus_zeta_high,43,1,11,1,v5,3,twist_branch1,43,124,1857,11,2,2,1033,722,minus_x1_minus_omega3_times_d,687,559,431,75,43,11,11,11,v5,3,1,26,v7,2,top_split_then_twist_then_dft3_contribution_then_natural_ntt32_input_bitrev_output
1,3,431,47,47,47,431,low_plus_high_minus_zeta_high,11,2,11,1,v6,3,twist_branch1,11,-1212,361,11,0,0,-147,1,x0_plus_x1_plus_x2,687,559,431,75,43,11,11,11,v5,3,1,26,v7,2,top_split_then_twist_then_dft3_contribution_then_natural_ntt32_input_bitrev_output
1,3,431,47,47,47,431,low_plus_high_minus_zeta_high,11,2,11,1,v6,3,twist_branch1,11,-1212,361,11,1,2,1033,722,minus_x2_minus_omega3_times_d,687,559,431,75,43,11,11,11,v5,3,1,26,v7,2,top_split_then_twist_then_dft3_contribution_then_natural_ntt32_input_bitrev_output
1,3,431,47,47,47,431,low_plus_high_minus_zeta_high,11,2,11,1,v6,3,twist_branch1,11,-1212,361,11,2,1,-886,2734,plus_omega3_times_d,687,559,431,75,43,11,11,11,v5,3,1,26,v7,2,top_split_then_twist_then_dft3_contribution_then_natural_ntt32_input_bitrev_output
1,3,435,51,51,51,435,low_plus_high_minus_zeta_high,12,0,12,1,v4,4,twist_branch1,12,1202,3002,12,0,0,-147,1,x0_plus_x1_plus_x2,435,691,563,12,76,44,12,12,v5,4,1,6,v4,6,top_split_then_twist_then_dft3_contribution_then_natural_ntt32_input_bitrev_output
1,3,435,51,51,51,435,low_plus_high_minus_zeta_high,12,0,12,1,v4,4,twist_branch1,12,1202,3002,12,1,0,-147,1,x0,435,691,563,12,76,44,12,12,v5,4,1,6,v4,6,top_split_then_twist_then_dft3_contribution_then_natural_ntt32_input_bitrev_output
1,3,435,51,51,51,435,low_plus_high_minus_zeta_high,12,0,12,1,v4,4,twist_branch1,12,1202,3002,12,2,0,-147,1,x0,435,691,563,12,76,44,12,12,v5,4,1,6,v4,6,top_split_then_twist_then_dft3_contribution_then_natural_ntt32_input_bitrev_output
1,3,691,307,307,307,691,low_plus_high_minus_zeta_high,76,1,12,1,v5,4,twist_branch1,76,-1713,3257,12,0,0,-147,1,x0_plus_x1_plus_x2,435,691,563,12,76,44,12,12,v5,4,1,6,v4,6,top_split_then_twist_then_dft3_contribution_then_natural_ntt32_input_bitrev_output
1,3,691,307,307,307,691,low_plus_high_minus_zeta_high,76,1,12,1,v5,4,twist_branch1,76,-1713,3257,12,1,1,-886,2734,plus_omega3_times_d,435,691,563,12,76,44,12,12,v5,4,1,6,v4,6,top_split_then_twist_then_dft3_contribution_then_natural_ntt32_input_bitrev_output
1,3,691,307,307,307,691,low_plus_high_minus_zeta_high,76,1,12,1,v5,4,twist_branch1,76,-1713,3257,12,2,2,1033,722,minus_x1_minus_omega3_times_d,435,691,563,12,76,44,12,12,v5,4,1,6,v4,6,top_split_then_twist_then_dft3_contribution_then_natural_ntt32_input_bitrev_output
1,3,563,179,179,179,563,low_plus_high_minus_zeta_high,44,2,12,1,v6,4,twist_branch1,44,1577,3070,12,0,0,-147,1,x0_plus_x1_plus_x2,435,691,563,12,76,44,12,12,v5,4,1,6,v4,6,top_split_then_twist_then_dft3_contribution_then_natural_ntt32_input_bitrev_output
1,3,563,179,179,179,563,low_plus_high_minus_zeta_high,44,2,12,1,v6,4,twist_branch1,44,1577,3070,12,1,2,1033,722,minus_x2_minus_omega3_times_d,435,691,563,12,76,44,12,12,v5,4,1,6,v4,6,top_split_then_twist_then_dft3_contribution_then_natural_ntt32_input_bitrev_output
1,3,563,179,179,179,563,low_plus_high_minus_zeta_high,44,2,12,1,v6,4,twist_branch1,44,1577,3070,12,2,1,-886,2734,plus_omega3_times_d,435,691,563,12,76,44,12,12,v5,4,1,6,v4,6,top_split_then_twist_then_dft3_contribution_then_natural_ntt32_input_bitrev_output
1,3,567,183,183,183,567,low_plus_high_minus_zeta_high,45,0,13,1,v4,5,twist_branch1,45,-714,2968,13,0,0,-147,1,x0_plus_x1_plus_x2,567,439,695,45,13,77,13,13,v5,5,1,22,v6,6,top_split_then_twist_then_dft3_contribution_then_natural_ntt32_input_bitrev_output
1,3,567,183,183,183,567,low_plus_high_minus_zeta_high,45,0,13,1,v4,5,twist_branch1,45,-714,2968,13,1,0,-147,1,x0,567,439,695,45,13,77,13,13,v5,5,1,22,v6,6,top_split_then_twist_then_dft3_contribution_then_natural_ntt32_input_bitrev_output
1,3,567,183,183,183,567,low_plus_high_minus_zeta_high,45,0,13,1,v4,5,twist_branch1,45,-714,2968,13,2,0,-147,1,x0,567,439,695,45,13,77,13,13,v5,5,1,22,v6,6,top_split_then_twist_then_dft3_contribution_then_natural_ntt32_input_bitrev_output
1,3,439,55,55,55,439,low_plus_high_minus_zeta_high,13,1,13,1,v5,5,twist_branch1,13,1626,765,13,0,0,-147,1,x0_plus_x1_plus_x2,567,439,695,45,13,77,13,13,v5,5,1,22,v6,6,top_split_then_twist_then_dft3_contribution_then_natural_ntt32_input_bitrev_output
1,3,439,55,55,55,439,low_plus_high_minus_zeta_high,13,1,13,1,v5,5,twist_branch1,13,1626,765,13,1,1,-886,2734,plus_omega3_times_d,567,439,695,45,13,77,13,13,v5,5,1,22,v6,6,top_split_then_twist_then_dft3_contribution_then_natural_ntt32_input_bitrev_output
1,3,439,55,55,55,439,low_plus_high_minus_zeta_high,13,1,13,1,v5,5,twist_branch1,13,1626,765,13,2,2,1033,722,minus_x1_minus_omega3_times_d,567,439,695,45,13,77,13,13,v5,5,1,22,v6,6,top_split_then_twist_then_dft3_contribution_then_natural_ntt32_input_bitrev_output
1,3,695,311,311,311,695,low_plus_high_minus_zeta_high,77,2,13,1,v6,5,twist_branch1,77,-235,1248,13,0,0,-147,1,x0_plus_x1_plus_x2,567,439,695,45,13,77,13,13,v5,5,1,22,v6,6,top_split_then_twist_then_dft3_contribution_then_natural_ntt32_input_bitrev_output
1,3,695,311,311,311,695,low_plus_high_minus_zeta_high,77,2,13,1,v6,5,twist_branch1,77,-235,1248,13,1,2,1033,722,minus_x2_minus_omega3_times_d,567,439,695,45,13,77,13,13,v5,5,1,22,v6,6,top_split_then_twist_then_dft3_contribution_then_natural_ntt32_input_bitrev_output
1,3,695,311,311,311,695,low_plus_high_minus_zeta_high,77,2,13,1,v6,5,twist_branch1,77,-235,1248,13,2,1,-886,2734,plus_omega3_times_d,567,439,695,45,13,77,13,13,v5,5,1,22,v6,6,top_split_then_twist_then_dft3_contribution_then_natural_ntt32_input_bitrev_output
1,3,699,315,315,315,699,low_plus_high_minus_zeta_high,78,0,14,1,v4,6,twist_branch1,78,775,371,14,0,0,-147,1,x0_plus_x1_plus_x2,699,571,443,78,46,14,14,14,v5,6,1,14,v5,6,top_split_then_twist_then_dft3_contribution_then_natural_ntt32_input_bitrev_output
1,3,699,315,315,315,699,low_plus_high_minus_zeta_high,78,0,14,1,v4,6,twist_branch1,78,775,371,14,1,0,-147,1,x0,699,571,443,78,46,14,14,14,v5,6,1,14,v5,6,top_split_then_twist_then_dft3_contribution_then_natural_ntt32_input_bitrev_output
1,3,699,315,315,315,699,low_plus_high_minus_zeta_high,78,0,14,1,v4,6,twist_branch1,78,775,371,14,2,0,-147,1,x0,699,571,443,78,46,14,14,14,v5,6,1,14,v5,6,top_split_then_twist_then_dft3_contribution_then_natural_ntt32_input_bitrev_output
1,3,571,187,187,187,571,low_plus_high_minus_zeta_high,46,1,14,1,v5,6,twist_branch1,46,-661,1392,14,0,0,-147,1,x0_plus_x1_plus_x2,699,571,443,78,46,14,14,14,v5,6,1,14,v5,6,top_split_then_twist_then_dft3_contribution_then_natural_ntt32_input_bitrev_output
1,3,571,187,187,187,571,low_plus_high_minus_zeta_high,46,1,14,1,v5,6,twist_branch1,46,-661,1392,14,1,1,-886,2734,plus_omega3_times_d,699,571,443,78,46,14,14,14,v5,6,1,14,v5,6,top_split_then_twist_then_dft3_contribution_then_natural_ntt32_input_bitrev_output
1,3,571,187,187,187,571,low_plus_high_minus_zeta_high,46,1,14,1,v5,6,twist_branch1,46,-661,1392,14,2,2,1033,722,minus_x1_minus_omega3_times_d,699,571,443,78,46,14,14,14,v5,6,1,14,v5,6,top_split_then_twist_then_dft3_contribution_then_natural_ntt32_input_bitrev_output
1,3,443,59,59,59,443,low_plus_high_minus_zeta_high,14,2,14,1,v6,6,twist_branch1,14,1331,1449,14,0,0,-147,1,x0_plus_x1_plus_x2,699,571,443,78,46,14,14,14,v5,6,1,14,v5,6,top_split_then_twist_then_dft3_contribution_then_natural_ntt32_input_bitrev_output
1,3,443,59,59,59,443,low_plus_high_minus_zeta_high,14,2,14,1,v6,6,twist_branch1,14,1331,1449,14,1,2,1033,722,minus_x2_minus_omega3_times_d,699,571,443,78,46,14,14,14,v5,6,1,14,v5,6,top_split_then_twist_then_dft3_contribution_then_natural_ntt32_input_bitrev_output
1,3,443,59,59,59,443,low_plus_high_minus_zeta_high,14,2,14,1,v6,6,twist_branch1,14,1331,1449,14,2,1,-886,2734,plus_omega3_times_d,699,571,443,78,46,14,14,14,v5,6,1,14,v5,6,top_split_then_twist_then_dft3_contribution_then_natural_ntt32_input_bitrev_output
1,3,447,63,63,63,447,low_plus_high_minus_zeta_high,15,0,15,1,v4,7,twist_branch1,15,-1668,223,15,0,0,-147,1,x0_plus_x1_plus_x2,447,703,575,15,79,47,15,15,v5,7,1,30,v7,6,top_split_then_twist_then_dft3_contribution_then_natural_ntt32_input_bitrev_output
1,3,447,63,63,63,447,low_plus_high_minus_zeta_high,15,0,15,1,v4,7,twist_branch1,15,-1668,223,15,1,0,-147,1,x0,447,703,575,15,79,47,15,15,v5,7,1,30,v7,6,top_split_then_twist_then_dft3_contribution_then_natural_ntt32_input_bitrev_output
1,3,447,63,63,63,447,low_plus_high_minus_zeta_high,15,0,15,1,v4,7,twist_branch1,15,-1668,223,15,2,0,-147,1,x0,447,703,575,15,79,47,15,15,v5,7,1,30,v7,6,top_split_then_twist_then_dft3_contribution_then_natural_ntt32_input_bitrev_output
1,3,703,319,319,319,703,low_plus_high_minus_zeta_high,79,1,15,1,v5,7,twist_branch1,79,-1379,174,15,0,0,-147,1,x0_plus_x1_plus_x2,447,703,575,15,79,47,15,15,v5,7,1,30,v7,6,top_split_then_twist_then_dft3_contribution_then_natural_ntt32_input_bitrev_output
1,3,703,319,319,319,703,low_plus_high_minus_zeta_high,79,1,15,1,v5,7,twist_branch1,79,-1379,174,15,1,1,-886,2734,plus_omega3_times_d,447,703,575,15,79,47,15,15,v5,7,1,30,v7,6,top_split_then_twist_then_dft3_contribution_then_natural_ntt32_input_bitrev_output
1,3,703,319,319,319,703,low_plus_high_minus_zeta_high,79,1,15,1,v5,7,twist_branch1,79,-1379,174,15,2,2,1033,722,minus_x1_minus_omega3_times_d,447,703,575,15,79,47,15,15,v5,7,1,30,v7,6,top_split_then_twist_then_dft3_contribution_then_natural_ntt32_input_bitrev_output
1,3,575,191,191,191,575,low_plus_high_minus_zeta_high,47,2,15,1,v6,7,twist_branch1,47,-1130,3206,15,0,0,-147,1,x0_plus_x1_plus_x2,447,703,575,15,79,47,15,15,v5,7,1,30,v7,6,top_split_then_twist_then_dft3_contribution_then_natural_ntt32_input_bitrev_output
1,3,575,191,191,191,575,low_plus_high_minus_zeta_high,47,2,15,1,v6,7,twist_branch1,47,-1130,3206,15,1,2,1033,722,minus_x2_minus_omega3_times_d,447,703,575,15,79,47,15,15,v5,7,1,30,v7,6,top_split_then_twist_then_dft3_contribution_then_natural_ntt32_input_bitrev_output
1,3,575,191,191,191,575,low_plus_high_minus_zeta_high,47,2,15,1,v6,7,twist_branch1,47,-1130,3206,15,2,1,-886,2734,plus_omega3_times_d,447,703,575,15,79,47,15,15,v5,7,1,30,v7,6,top_split_then_twist_then_dft3_contribution_then_natural_ntt32_input_bitrev_output
1,3,579,195,195,195,579,low_plus_high_minus_zeta_high,48,0,16,2,v4,0,twist_branch1,48,1520,460,16,0,0,-147,1,x0_plus_x1_plus_x2,579,451,707,48,16,80,16,16,v6,0,2,1,v4,1,top_split_then_twist_then_dft3_contribution_then_natural_ntt32_input_bitrev_output
1,3,579,195,195,195,579,low_plus_high_minus_zeta_high,48,0,16,2,v4,0,twist_branch1,48,1520,460,16,1,0,-147,1,x0,579,451,707,48,16,80,16,16,v6,0,2,1,v4,1,top_split_then_twist_then_dft3_contribution_then_natural_ntt32_input_bitrev_output
1,3,579,195,195,195,579,low_plus_high_minus_zeta_high,48,0,16,2,v4,0,twist_branch1,48,1520,460,16,2,0,-147,1,x0,579,451,707,48,16,80,16,16,v6,0,2,1,v4,1,top_split_then_twist_then_dft3_contribution_then_natural_ntt32_input_bitrev_output
1,3,451,67,67,67,451,low_plus_high_minus_zeta_high,16,1,16,2,v5,0,twist_branch1,16,867,3310,16,0,0,-147,1,x0_plus_x1_plus_x2,579,451,707,48,16,80,16,16,v6,0,2,1,v4,1,top_split_then_twist_then_dft3_contribution_then_natural_ntt32_input_bitrev_output
1,3,451,67,67,67,451,low_plus_high_minus_zeta_high,16,1,16,2,v5,0,twist_branch1,16,867,3310,16,1,1,-886,2734,plus_omega3_times_d,579,451,707,48,16,80,16,16,v6,0,2,1,v4,1,top_split_then_twist_then_dft3_contribution_then_natural_ntt32_input_bitrev_output
1,3,451,67,67,67,451,low_plus_high_minus_zeta_high,16,1,16,2,v5,0,twist_branch1,16,867,3310,16,2,2,1033,722,minus_x1_minus_omega3_times_d,579,451,707,48,16,80,16,16,v6,0,2,1,v4,1,top_split_then_twist_then_dft3_contribution_then_natural_ntt32_input_bitrev_output
1,3,707,323,323,323,707,low_plus_high_minus_zeta_high,80,2,16,2,v6,0,twist_branch1,80,723,1265,16,0,0,-147,1,x0_plus_x1_plus_x2,579,451,707,48,16,80,16,16,v6,0,2,1,v4,1,top_split_then_twist_then_dft3_contribution_then_natural_ntt32_input_bitrev_output
1,3,707,323,323,323,707,low_plus_high_minus_zeta_high,80,2,16,2,v6,0,twist_branch1,80,723,1265,16,1,2,1033,722,minus_x2_minus_omega3_times_d,579,451,707,48,16,80,16,16,v6,0,2,1,v4,1,top_split_then_twist_then_dft3_contribution_then_natural_ntt32_input_bitrev_output
1,3,707,323,323,323,707,low_plus_high_minus_zeta_high,80,2,16,2,v6,0,twist_branch1,80,723,1265,16,2,1,-886,2734,plus_omega3_times_d,579,451,707,48,16,80,16,16,v6,0,2,1,v4,1,top_split_then_twist_then_dft3_contribution_then_natural_ntt32_input_bitrev_output
1,3,711,327,327,327,711,low_plus_high_minus_zeta_high,81,0,17,2,v4,1,twist_branch1,81,190,1786,17,0,0,-147,1,x0_plus_x1_plus_x2,711,583,455,81,49,17,17,17,v6,1,2,17,v6,1,top_split_then_twist_then_dft3_contribution_then_natural_ntt32_input_bitrev_output
1,3,711,327,327,327,711,low_plus_high_minus_zeta_high,81,0,17,2,v4,1,twist_branch1,81,190,1786,17,1,0,-147,1,x0,711,583,455,81,49,17,17,17,v6,1,2,17,v6,1,top_split_then_twist_then_dft3_contribution_then_natural_ntt32_input_bitrev_output
1,3,711,327,327,327,711,low_plus_high_minus_zeta_high,81,0,17,2,v4,1,twist_branch1,81,190,1786,17,2,0,-147,1,x0,711,583,455,81,49,17,17,17,v6,1,2,17,v6,1,top_split_then_twist_then_dft3_contribution_then_natural_ntt32_input_bitrev_output
1,3,583,199,199,199,583,low_plus_high_minus_zeta_high,49,1,17,2,v5,1,twist_branch1,49,-1188,1278,17,0,0,-147,1,x0_plus_x1_plus_x2,711,583,455,81,49,17,17,17,v6,1,2,17,v6,1,top_split_then_twist_then_dft3_contribution_then_natural_ntt32_input_bitrev_output
1,3,583,199,199,199,583,low_plus_high_minus_zeta_high,49,1,17,2,v5,1,twist_branch1,49,-1188,1278,17,1,1,-886,2734,plus_omega3_times_d,711,583,455,81,49,17,17,17,v6,1,2,17,v6,1,top_split_then_twist_then_dft3_contribution_then_natural_ntt32_input_bitrev_output
1,3,583,199,199,199,583,low_plus_high_minus_zeta_high,49,1,17,2,v5,1,twist_branch1,49,-1188,1278,17,2,2,1033,722,minus_x1_minus_omega3_times_d,711,583,455,81,49,17,17,17,v6,1,2,17,v6,1,top_split_then_twist_then_dft3_contribution_then_natural_ntt32_input_bitrev_output
1,3,455,71,71,71,455,low_plus_high_minus_zeta_high,17,2,17,2,v6,1,twist_branch1,17,-432,779,17,0,0,-147,1,x0_plus_x1_plus_x2,711,583,455,81,49,17,17,17,v6,1,2,17,v6,1,top_split_then_twist_then_dft3_contribution_then_natural_ntt32_input_bitrev_output
1,3,455,71,71,71,455,low_plus_high_minus_zeta_high,17,2,17,2,v6,1,twist_branch1,17,-432,779,17,1,2,1033,722,minus_x2_minus_omega3_times_d,711,583,455,81,49,17,17,17,v6,1,2,17,v6,1,top_split_then_twist_then_dft3_contribution_then_natural_ntt32_input_bitrev_output
1,3,455,71,71,71,455,low_plus_high_minus_zeta_high,17,2,17,2,v6,1,twist_branch1,17,-432,779,17,2,1,-886,2734,plus_omega3_times_d,711,583,455,81,49,17,17,17,v6,1,2,17,v6,1,top_split_then_twist_then_dft3_contribution_then_natural_ntt32_input_bitrev_output
1,3,459,75,75,75,459,low_plus_high_minus_zeta_high,18,0,18,2,v4,2,twist_branch1,18,-1591,3021,18,0,0,-147,1,x0_plus_x1_plus_x2,459,715,587,18,82,50,18,18,v6,2,2,9,v5,1,top_split_then_twist_then_dft3_contribution_then_natural_ntt32_input_bitrev_output
1,3,459,75,75,75,459,low_plus_high_minus_zeta_high,18,0,18,2,v4,2,twist_branch1,18,-1591,3021,18,1,0,-147,1,x0,459,715,587,18,82,50,18,18,v6,2,2,9,v5,1,top_split_then_twist_then_dft3_contribution_then_natural_ntt32_input_bitrev_output
1,3,459,75,75,75,459,low_plus_high_minus_zeta_high,18,0,18,2,v4,2,twist_branch1,18,-1591,3021,18,2,0,-147,1,x0,459,715,587,18,82,50,18,18,v6,2,2,9,v5,1,top_split_then_twist_then_dft3_contribution_then_natural_ntt32_input_bitrev_output
1,3,715,331,331,331,715,low_plus_high_minus_zeta_high,82,1,18,2,v5,2,twist_branch1,82,1580,1024,18,0,0,-147,1,x0_plus_x1_plus_x2,459,715,587,18,82,50,18,18,v6,2,2,9,v5,1,top_split_then_twist_then_dft3_contribution_then_natural_ntt32_input_bitrev_output
1,3,715,331,331,331,715,low_plus_high_minus_zeta_high,82,1,18,2,v5,2,twist_branch1,82,1580,1024,18,1,1,-886,2734,plus_omega3_times_d,459,715,587,18,82,50,18,18,v6,2,2,9,v5,1,top_split_then_twist_then_dft3_contribution_then_natural_ntt32_input_bitrev_output
1,3,715,331,331,331,715,low_plus_high_minus_zeta_high,82,1,18,2,v5,2,twist_branch1,82,1580,1024,18,2,2,1033,722,minus_x1_minus_omega3_times_d,459,715,587,18,82,50,18,18,v6,2,2,9,v5,1,top_split_then_twist_then_dft3_contribution_then_natural_ntt32_input_bitrev_output
1,3,587,203,203,203,587,low_plus_high_minus_zeta_high,50,2,18,2,v6,2,twist_branch1,50,-54,2258,18,0,0,-147,1,x0_plus_x1_plus_x2,459,715,587,18,82,50,18,18,v6,2,2,9,v5,1,top_split_then_twist_then_dft3_contribution_then_natural_ntt32_input_bitrev_output
1,3,587,203,203,203,587,low_plus_high_minus_zeta_high,50,2,18,2,v6,2,twist_branch1,50,-54,2258,18,1,2,1033,722,minus_x2_minus_omega3_times_d,459,715,587,18,82,50,18,18,v6,2,2,9,v5,1,top_split_then_twist_then_dft3_contribution_then_natural_ntt32_input_bitrev_output
1,3,587,203,203,203,587,low_plus_high_minus_zeta_high,50,2,18,2,v6,2,twist_branch1,50,-54,2258,18,2,1,-886,2734,plus_omega3_times_d,459,715,587,18,82,50,18,18,v6,2,2,9,v5,1,top_split_then_twist_then_dft3_contribution_then_natural_ntt32_input_bitrev_output
1,3,591,207,207,207,591,low_plus_high_minus_zeta_high,51,0,19,2,v4,3,twist_branch1,51,-631,1674,19,0,0,-147,1,x0_plus_x1_plus_x2,591,463,719,51,19,83,19,19,v6,3,2,25,v7,1,top_split_then_twist_then_dft3_contribution_then_natural_ntt32_input_bitrev_output
1,3,591,207,207,207,591,low_plus_high_minus_zeta_high,51,0,19,2,v4,3,twist_branch1,51,-631,1674,19,1,0,-147,1,x0,591,463,719,51,19,83,19,19,v6,3,2,25,v7,1,top_split_then_twist_then_dft3_contribution_then_natural_ntt32_input_bitrev_output
1,3,591,207,207,207,591,low_plus_high_minus_zeta_high,51,0,19,2,v4,3,twist_branch1,51,-631,1674,19,2,0,-147,1,x0,591,463,719,51,19,83,19,19,v6,3,2,25,v7,1,top_split_then_twist_then_dft3_contribution_then_natural_ntt32_input_bitrev_output
1,3,463,79,79,79,463,low_plus_high_minus_zeta_high,19,1,19,2,v5,3,twist_branch1,19,-858,923,19,0,0,-147,1,x0_plus_x1_plus_x2,591,463,719,51,19,83,19,19,v6,3,2,25,v7,1,top_split_then_twist_then_dft3_contribution_then_natural_ntt32_input_bitrev_output
1,3,463,79,79,79,463,low_plus_high_minus_zeta_high,19,1,19,2,v5,3,twist_branch1,19,-858,923,19,1,1,-886,2734,plus_omega3_times_d,591,463,719,51,19,83,19,19,v6,3,2,25,v7,1,top_split_then_twist_then_dft3_contribution_then_natural_ntt32_input_bitrev_output
1,3,463,79,79,79,463,low_plus_high_minus_zeta_high,19,1,19,2,v5,3,twist_branch1,19,-858,923,19,2,2,1033,722,minus_x1_minus_omega3_times_d,591,463,719,51,19,83,19,19,v6,3,2,25,v7,1,top_split_then_twist_then_dft3_contribution_then_natural_ntt32_input_bitrev_output
1,3,719,335,335,335,719,low_plus_high_minus_zeta_high,83,2,19,2,v6,3,twist_branch1,83,-871,2875,19,0,0,-147,1,x0_plus_x1_plus_x2,591,463,719,51,19,83,19,19,v6,3,2,25,v7,1,top_split_then_twist_then_dft3_contribution_then_natural_ntt32_input_bitrev_output
1,3,719,335,335,335,719,low_plus_high_minus_zeta_high,83,2,19,2,v6,3,twist_branch1,83,-871,2875,19,1,2,1033,722,minus_x2_minus_omega3_times_d,591,463,719,51,19,83,19,19,v6,3,2,25,v7,1,top_split_then_twist_then_dft3_contribution_then_natural_ntt32_input_bitrev_output
1,3,719,335,335,335,719,low_plus_high_minus_zeta_high,83,2,19,2,v6,3,twist_branch1,83,-871,2875,19,2,1,-886,2734,plus_omega3_times_d,591,463,719,51,19,83,19,19,v6,3,2,25,v7,1,top_split_then_twist_then_dft3_contribution_then_natural_ntt32_input_bitrev_output
1,3,723,339,339,339,723,low_plus_high_minus_zeta_high,84,0,20,2,v4,4,twist_branch1,84,-511,2802,20,0,0,-147,1,x0_plus_x1_plus_x2,723,595,467,84,52,20,20,20,v6,4,2,5,v4,5,top_split_then_twist_then_dft3_contribution_then_natural_ntt32_input_bitrev_output
1,3,723,339,339,339,723,low_plus_high_minus_zeta_high,84,0,20,2,v4,4,twist_branch1,84,-511,2802,20,1,0,-147,1,x0,723,595,467,84,52,20,20,20,v6,4,2,5,v4,5,top_split_then_twist_then_dft3_contribution_then_natural_ntt32_input_bitrev_output
1,3,723,339,339,339,723,low_plus_high_minus_zeta_high,84,0,20,2,v4,4,twist_branch1,84,-511,2802,20,2,0,-147,1,x0,723,595,467,84,52,20,20,20,v6,4,2,5,v4,5,top_split_then_twist_then_dft3_contribution_then_natural_ntt32_input_bitrev_output
1,3,595,211,211,211,595,low_plus_high_minus_zeta_high,52,1,20,2,v5,4,twist_branch1,52,757,2276,20,0,0,-147,1,x0_plus_x1_plus_x2,723,595,467,84,52,20,20,20,v6,4,2,5,v4,5,top_split_then_twist_then_dft3_contribution_then_natural_ntt32_input_bitrev_output
1,3,595,211,211,211,595,low_plus_high_minus_zeta_high,52,1,20,2,v5,4,twist_branch1,52,757,2276,20,1,1,-886,2734,plus_omega3_times_d,723,595,467,84,52,20,20,20,v6,4,2,5,v4,5,top_split_then_twist_then_dft3_contribution_then_natural_ntt32_input_bitrev_output
1,3,595,211,211,211,595,low_plus_high_minus_zeta_high,52,1,20,2,v5,4,twist_branch1,52,757,2276,20,2,2,1033,722,minus_x1_minus_omega3_times_d,723,595,467,84,52,20,20,20,v6,4,2,5,v4,5,top_split_then_twist_then_dft3_contribution_then_natural_ntt32_input_bitrev_output
1,3,467,83,83,83,467,low_plus_high_minus_zeta_high,20,2,20,2,v6,4,twist_branch1,20,-39,2399,20,0,0,-147,1,x0_plus_x1_plus_x2,723,595,467,84,52,20,20,20,v6,4,2,5,v4,5,top_split_then_twist_then_dft3_contribution_then_natural_ntt32_input_bitrev_output
1,3,467,83,83,83,467,low_plus_high_minus_zeta_high,20,2,20,2,v6,4,twist_branch1,20,-39,2399,20,1,2,1033,722,minus_x2_minus_omega3_times_d,723,595,467,84,52,20,20,20,v6,4,2,5,v4,5,top_split_then_twist_then_dft3_contribution_then_natural_ntt32_input_bitrev_output
1,3,467,83,83,83,467,low_plus_high_minus_zeta_high,20,2,20,2,v6,4,twist_branch1,20,-39,2399,20,2,1,-886,2734,plus_omega3_times_d,723,595,467,84,52,20,20,20,v6,4,2,5,v4,5,top_split_then_twist_then_dft3_contribution_then_natural_ntt32_input_bitrev_output
1,3,471,87,87,87,471,low_plus_high_minus_zeta_high,21,0,21,2,v4,5,twist_branch1,21,-1416,1209,21,0,0,-147,1,x0_plus_x1_plus_x2,471,727,599,21,85,53,21,21,v6,5,2,21,v6,5,top_split_then_twist_then_dft3_contribution_then_natural_ntt32_input_bitrev_output
1,3,471,87,87,87,471,low_plus_high_minus_zeta_high,21,0,21,2,v4,5,twist_branch1,21,-1416,1209,21,1,0,-147,1,x0,471,727,599,21,85,53,21,21,v6,5,2,21,v6,5,top_split_then_twist_then_dft3_contribution_then_natural_ntt32_input_bitrev_output
1,3,471,87,87,87,471,low_plus_high_minus_zeta_high,21,0,21,2,v4,5,twist_branch1,21,-1416,1209,21,2,0,-147,1,x0,471,727,599,21,85,53,21,21,v6,5,2,21,v6,5,top_split_then_twist_then_dft3_contribution_then_natural_ntt32_input_bitrev_output
1,3,727,343,343,343,727,low_plus_high_minus_zeta_high,85,1,21,2,v5,5,twist_branch1,85,1391,2013,21,0,0,-147,1,x0_plus_x1_plus_x2,471,727,599,21,85,53,21,21,v6,5,2,21,v6,5,top_split_then_twist_then_dft3_contribution_then_natural_ntt32_input_bitrev_output
1,3,727,343,343,343,727,low_plus_high_minus_zeta_high,85,1,21,2,v5,5,twist_branch1,85,1391,2013,21,1,1,-886,2734,plus_omega3_times_d,471,727,599,21,85,53,21,21,v6,5,2,21,v6,5,top_split_then_twist_then_dft3_contribution_then_natural_ntt32_input_bitrev_output
1,3,727,343,343,343,727,low_plus_high_minus_zeta_high,85,1,21,2,v5,5,twist_branch1,85,1391,2013,21,2,2,1033,722,minus_x1_minus_omega3_times_d,471,727,599,21,85,53,21,21,v6,5,2,21,v6,5,top_split_then_twist_then_dft3_contribution_then_natural_ntt32_input_bitrev_output
1,3,599,215,215,215,599,low_plus_high_minus_zeta_high,53,2,21,2,v6,5,twist_branch1,53,-437,732,21,0,0,-147,1,x0_plus_x1_plus_x2,471,727,599,21,85,53,21,21,v6,5,2,21,v6,5,top_split_then_twist_then_dft3_contribution_then_natural_ntt32_input_bitrev_output
1,3,599,215,215,215,599,low_plus_high_minus_zeta_high,53,2,21,2,v6,5,twist_branch1,53,-437,732,21,1,2,1033,722,minus_x2_minus_omega3_times_d,471,727,599,21,85,53,21,21,v6,5,2,21,v6,5,top_split_then_twist_then_dft3_contribution_then_natural_ntt32_input_bitrev_output
1,3,599,215,215,215,599,low_plus_high_minus_zeta_high,53,2,21,2,v6,5,twist_branch1,53,-437,732,21,2,1,-886,2734,plus_omega3_times_d,471,727,599,21,85,53,21,21,v6,5,2,21,v6,5,top_split_then_twist_then_dft3_contribution_then_natural_ntt32_input_bitrev_output
1,3,603,219,219,219,603,low_plus_high_minus_zeta_high,54,0,22,2,v4,6,twist_branch1,54,-177,3176,22,0,0,-147,1,x0_plus_x1_plus_x2,603,475,731,54,22,86,22,22,v6,6,2,13,v5,5,top_split_then_twist_then_dft3_contribution_then_natural_ntt32_input_bitrev_output
1,3,603,219,219,219,603,low_plus_high_minus_zeta_high,54,0,22,2,v4,6,twist_branch1,54,-177,3176,22,1,0,-147,1,x0,603,475,731,54,22,86,22,22,v6,6,2,13,v5,5,top_split_then_twist_then_dft3_contribution_then_natural_ntt32_input_bitrev_output
1,3,603,219,219,219,603,low_plus_high_minus_zeta_high,54,0,22,2,v4,6,twist_branch1,54,-177,3176,22,2,0,-147,1,x0,603,475,731,54,22,86,22,22,v6,6,2,13,v5,5,top_split_then_twist_then_dft3_contribution_then_natural_ntt32_input_bitrev_output
1,3,475,91,91,91,475,low_plus_high_minus_zeta_high,22,1,22,2,v5,6,twist_branch1,22,1507,2412,22,0,0,-147,1,x0_plus_x1_plus_x2,603,475,731,54,22,86,22,22,v6,6,2,13,v5,5,top_split_then_twist_then_dft3_contribution_then_natural_ntt32_input_bitrev_output
1,3,475,91,91,91,475,low_plus_high_minus_zeta_high,22,1,22,2,v5,6,twist_branch1,22,1507,2412,22,1,1,-886,2734,plus_omega3_times_d,603,475,731,54,22,86,22,22,v6,6,2,13,v5,5,top_split_then_twist_then_dft3_contribution_then_natural_ntt32_input_bitrev_output
1,3,475,91,91,91,475,low_plus_high_minus_zeta_high,22,1,22,2,v5,6,twist_branch1,22,1507,2412,22,2,2,1033,722,minus_x1_minus_omega3_times_d,603,475,731,54,22,86,22,22,v6,6,2,13,v5,5,top_split_then_twist_then_dft3_contribution_then_natural_ntt32_input_bitrev_output
1,3,731,347,347,347,731,low_plus_high_minus_zeta_high,86,2,22,2,v6,6,twist_branch1,86,-1351,1820,22,0,0,-147,1,x0_plus_x1_plus_x2,603,475,731,54,22,86,22,22,v6,6,2,13,v5,5,top_split_then_twist_then_dft3_contribution_then_natural_ntt32_input_bitrev_output
1,3,731,347,347,347,731,low_plus_high_minus_zeta_high,86,2,22,2,v6,6,twist_branch1,86,-1351,1820,22,1,2,1033,722,minus_x2_minus_omega3_times_d,603,475,731,54,22,86,22,22,v6,6,2,13,v5,5,top_split_then_twist_then_dft3_contribution_then_natural_ntt32_input_bitrev_output
1,3,731,347,347,347,731,low_plus_high_minus_zeta_high,86,2,22,2,v6,6,twist_branch1,86,-1351,1820,22,2,1,-886,2734,plus_omega3_times_d,603,475,731,54,22,86,22,22,v6,6,2,13,v5,5,top_split_then_twist_then_dft3_contribution_then_natural_ntt32_input_bitrev_output
1,3,735,351,351,351,735,low_plus_high_minus_zeta_high,87,0,23,2,v4,7,twist_branch1,87,410,397,23,0,0,-147,1,x0_plus_x1_plus_x2,735,607,479,87,55,23,23,23,v6,7,2,29,v7,5,top_split_then_twist_then_dft3_contribution_then_natural_ntt32_input_bitrev_output
1,3,735,351,351,351,735,low_plus_high_minus_zeta_high,87,0,23,2,v4,7,twist_branch1,87,410,397,23,1,0,-147,1,x0,735,607,479,87,55,23,23,23,v6,7,2,29,v7,5,top_split_then_twist_then_dft3_contribution_then_natural_ntt32_input_bitrev_output
1,3,735,351,351,351,735,low_plus_high_minus_zeta_high,87,0,23,2,v4,7,twist_branch1,87,410,397,23,2,0,-147,1,x0,735,607,479,87,55,23,23,23,v6,7,2,29,v7,5,top_split_then_twist_then_dft3_contribution_then_natural_ntt32_input_bitrev_output
1,3,607,223,223,223,607,low_plus_high_minus_zeta_high,55,1,23,2,v5,7,twist_branch1,55,-1108,2030,23,0,0,-147,1,x0_plus_x1_plus_x2,735,607,479,87,55,23,23,23,v6,7,2,29,v7,5,top_split_then_twist_then_dft3_contribution_then_natural_ntt32_input_bitrev_output
1,3,607,223,223,223,607,low_plus_high_minus_zeta_high,55,1,23,2,v5,7,twist_branch1,55,-1108,2030,23,1,1,-886,2734,plus_omega3_times_d,735,607,479,87,55,23,23,23,v6,7,2,29,v7,5,top_split_then_twist_then_dft3_contribution_then_natural_ntt32_input_bitrev_output
1,3,607,223,223,223,607,low_plus_high_minus_zeta_high,55,1,23,2,v5,7,twist_branch1,55,-1108,2030,23,2,2,1033,722,minus_x1_minus_omega3_times_d,735,607,479,87,55,23,23,23,v6,7,2,29,v7,5,top_split_then_twist_then_dft3_contribution_then_natural_ntt32_input_bitrev_output
1,3,479,95,95,95,479,low_plus_high_minus_zeta_high,23,2,23,2,v6,7,twist_branch1,23,-1660,1681,23,0,0,-147,1,x0_plus_x1_plus_x2,735,607,479,87,55,23,23,23,v6,7,2,29,v7,5,top_split_then_twist_then_dft3_contribution_then_natural_ntt32_input_bitrev_output
1,3,479,95,95,95,479,low_plus_high_minus_zeta_high,23,2,23,2,v6,7,twist_branch1,23,-1660,1681,23,1,2,1033,722,minus_x2_minus_omega3_times_d,735,607,479,87,55,23,23,23,v6,7,2,29,v7,5,top_split_then_twist_then_dft3_contribution_then_natural_ntt32_input_bitrev_output
1,3,479,95,95,95,479,low_plus_high_minus_zeta_high,23,2,23,2,v6,7,twist_branch1,23,-1660,1681,23,2,1,-886,2734,plus_omega3_times_d,735,607,479,87,55,23,23,23,v6,7,2,29,v7,5,top_split_then_twist_then_dft3_contribution_then_natural_ntt32_input_bitrev_output
1,3,483,99,99,99,483,low_plus_high_minus_zeta_high,24,0,24,3,v4,0,twist_branch1,24,-704,3062,24,0,0,-147,1,x0_plus_x1_plus_x2,483,739,611,24,88,56,24,24,v7,0,3,3,v4,3,top_split_then_twist_then_dft3_contribution_then_natural_ntt32_input_bitrev_output
1,3,483,99,99,99,483,low_plus_high_minus_zeta_high,24,0,24,3,v4,0,twist_branch1,24,-704,3062,24,1,0,-147,1,x0,483,739,611,24,88,56,24,24,v7,0,3,3,v4,3,top_split_then_twist_then_dft3_contribution_then_natural_ntt32_input_bitrev_output
1,3,483,99,99,99,483,low_plus_high_minus_zeta_high,24,0,24,3,v4,0,twist_branch1,24,-704,3062,24,2,0,-147,1,x0,483,739,611,24,88,56,24,24,v7,0,3,3,v4,3,top_split_then_twist_then_dft3_contribution_then_natural_ntt32_input_bitrev_output
1,3,739,355,355,355,739,low_plus_high_minus_zeta_high,88,1,24,3,v5,0,twist_branch1,88,1590,1118,24,0,0,-147,1,x0_plus_x1_plus_x2,483,739,611,24,88,56,24,24,v7,0,3,3,v4,3,top_split_then_twist_then_dft3_contribution_then_natural_ntt32_input_bitrev_output
1,3,739,355,355,355,739,low_plus_high_minus_zeta_high,88,1,24,3,v5,0,twist_branch1,88,1590,1118,24,1,1,-886,2734,plus_omega3_times_d,483,739,611,24,88,56,24,24,v7,0,3,3,v4,3,top_split_then_twist_then_dft3_contribution_then_natural_ntt32_input_bitrev_output
1,3,739,355,355,355,739,low_plus_high_minus_zeta_high,88,1,24,3,v5,0,twist_branch1,88,1590,1118,24,2,2,1033,722,minus_x1_minus_omega3_times_d,483,739,611,24,88,56,24,24,v7,0,3,3,v4,3,top_split_then_twist_then_dft3_contribution_then_natural_ntt32_input_bitrev_output
1,3,611,227,227,227,611,low_plus_high_minus_zeta_high,56,2,24,3,v6,0,twist_branch1,56,1521,3235,24,0,0,-147,1,x0_plus_x1_plus_x2,483,739,611,24,88,56,24,24,v7,0,3,3,v4,3,top_split_then_twist_then_dft3_contribution_then_natural_ntt32_input_bitrev_output
1,3,611,227,227,227,611,low_plus_high_minus_zeta_high,56,2,24,3,v6,0,twist_branch1,56,1521,3235,24,1,2,1033,722,minus_x2_minus_omega3_times_d,483,739,611,24,88,56,24,24,v7,0,3,3,v4,3,top_split_then_twist_then_dft3_contribution_then_natural_ntt32_input_bitrev_output
1,3,611,227,227,227,611,low_plus_high_minus_zeta_high,56,2,24,3,v6,0,twist_branch1,56,1521,3235,24,2,1,-886,2734,plus_omega3_times_d,483,739,611,24,88,56,24,24,v7,0,3,3,v4,3,top_split_then_twist_then_dft3_contribution_then_natural_ntt32_input_bitrev_output
1,3,615,231,231,231,615,low_plus_high_minus_zeta_high,57,0,25,3,v4,1,twist_branch1,57,-88,1247,25,0,0,-147,1,x0_plus_x1_plus_x2,615,487,743,57,25,89,25,25,v7,1,3,19,v6,3,top_split_then_twist_then_dft3_contribution_then_natural_ntt32_input_bitrev_output
1,3,615,231,231,231,615,low_plus_high_minus_zeta_high,57,0,25,3,v4,1,twist_branch1,57,-88,1247,25,1,0,-147,1,x0,615,487,743,57,25,89,25,25,v7,1,3,19,v6,3,top_split_then_twist_then_dft3_contribution_then_natural_ntt32_input_bitrev_output
1,3,615,231,231,231,615,low_plus_high_minus_zeta_high,57,0,25,3,v4,1,twist_branch1,57,-88,1247,25,2,0,-147,1,x0,615,487,743,57,25,89,25,25,v7,1,3,19,v6,3,top_split_then_twist_then_dft3_contribution_then_natural_ntt32_input_bitrev_output
1,3,487,103,103,103,487,low_plus_high_minus_zeta_high,25,1,25,3,v5,1,twist_branch1,25,-32,1082,25,0,0,-147,1,x0_plus_x1_plus_x2,615,487,743,57,25,89,25,25,v7,1,3,19,v6,3,top_split_then_twist_then_dft3_contribution_then_natural_ntt32_input_bitrev_output
1,3,487,103,103,103,487,low_plus_high_minus_zeta_high,25,1,25,3,v5,1,twist_branch1,25,-32,1082,25,1,1,-886,2734,plus_omega3_times_d,615,487,743,57,25,89,25,25,v7,1,3,19,v6,3,top_split_then_twist_then_dft3_contribution_then_natural_ntt32_input_bitrev_output
1,3,487,103,103,103,487,low_plus_high_minus_zeta_high,25,1,25,3,v5,1,twist_branch1,25,-32,1082,25,2,2,1033,722,minus_x1_minus_omega3_times_d,615,487,743,57,25,89,25,25,v7,1,3,19,v6,3,top_split_then_twist_then_dft3_contribution_then_natural_ntt32_input_bitrev_output
1,3,743,359,359,359,743,low_plus_high_minus_zeta_high,89,2,25,3,v6,1,twist_branch1,89,-242,2565,25,0,0,-147,1,x0_plus_x1_plus_x2,615,487,743,57,25,89,25,25,v7,1,3,19,v6,3,top_split_then_twist_then_dft3_contribution_then_natural_ntt32_input_bitrev_output
1,3,743,359,359,359,743,low_plus_high_minus_zeta_high,89,2,25,3,v6,1,twist_branch1,89,-242,2565,25,1,2,1033,722,minus_x2_minus_omega3_times_d,615,487,743,57,25,89,25,25,v7,1,3,19,v6,3,top_split_then_twist_then_dft3_contribution_then_natural_ntt32_input_bitrev_output
1,3,743,359,359,359,743,low_plus_high_minus_zeta_high,89,2,25,3,v6,1,twist_branch1,89,-242,2565,25,2,1,-886,2734,plus_omega3_times_d,615,487,743,57,25,89,25,25,v7,1,3,19,v6,3,top_split_then_twist_then_dft3_contribution_then_natural_ntt32_input_bitrev_output
1,3,747,363,363,363,747,low_plus_high_minus_zeta_high,90,0,26,3,v4,2,twist_branch1,90,-11,588,26,0,0,-147,1,x0_plus_x1_plus_x2,747,619,491,90,58,26,26,26,v7,2,3,11,v5,3,top_split_then_twist_then_dft3_contribution_then_natural_ntt32_input_bitrev_output
1,3,747,363,363,363,747,low_plus_high_minus_zeta_high,90,0,26,3,v4,2,twist_branch1,90,-11,588,26,1,0,-147,1,x0,747,619,491,90,58,26,26,26,v7,2,3,11,v5,3,top_split_then_twist_then_dft3_contribution_then_natural_ntt32_input_bitrev_output
1,3,747,363,363,363,747,low_plus_high_minus_zeta_high,90,0,26,3,v4,2,twist_branch1,90,-11,588,26,2,0,-147,1,x0,747,619,491,90,58,26,26,26,v7,2,3,11,v5,3,top_split_then_twist_then_dft3_contribution_then_natural_ntt32_input_bitrev_output
1,3,619,235,235,235,619,low_plus_high_minus_zeta_high,58,1,26,3,v5,2,twist_branch1,58,-4,2728,26,0,0,-147,1,x0_plus_x1_plus_x2,747,619,491,90,58,26,26,26,v7,2,3,11,v5,3,top_split_then_twist_then_dft3_contribution_then_natural_ntt32_input_bitrev_output
1,3,619,235,235,235,619,low_plus_high_minus_zeta_high,58,1,26,3,v5,2,twist_branch1,58,-4,2728,26,1,1,-886,2734,plus_omega3_times_d,747,619,491,90,58,26,26,26,v7,2,3,11,v5,3,top_split_then_twist_then_dft3_contribution_then_natural_ntt32_input_bitrev_output
1,3,619,235,235,235,619,low_plus_high_minus_zeta_high,58,1,26,3,v5,2,twist_branch1,58,-4,2728,26,2,2,1033,722,minus_x1_minus_omega3_times_d,747,619,491,90,58,26,26,26,v7,2,3,11,v5,3,top_split_then_twist_then_dft3_contribution_then_natural_ntt32_input_bitrev_output
1,3,491,107,107,107,491,low_plus_high_minus_zeta_high,26,2,26,3,v6,2,twist_branch1,26,-630,992,26,0,0,-147,1,x0_plus_x1_plus_x2,747,619,491,90,58,26,26,26,v7,2,3,11,v5,3,top_split_then_twist_then_dft3_contribution_then_natural_ntt32_input_bitrev_output
1,3,491,107,107,107,491,low_plus_high_minus_zeta_high,26,2,26,3,v6,2,twist_branch1,26,-630,992,26,1,2,1033,722,minus_x2_minus_omega3_times_d,747,619,491,90,58,26,26,26,v7,2,3,11,v5,3,top_split_then_twist_then_dft3_contribution_then_natural_ntt32_input_bitrev_output
1,3,491,107,107,107,491,low_plus_high_minus_zeta_high,26,2,26,3,v6,2,twist_branch1,26,-630,992,26,2,1,-886,2734,plus_omega3_times_d,747,619,491,90,58,26,26,26,v7,2,3,11,v5,3,top_split_then_twist_then_dft3_contribution_then_natural_ntt32_input_bitrev_output
1,3,495,111,111,111,495,low_plus_high_minus_zeta_high,27,0,27,3,v4,3,twist_branch1,27,-1600,2245,27,0,0,-147,1,x0_plus_x1_plus_x2,495,751,623,27,91,59,27,27,v7,3,3,27,v7,3,top_split_then_twist_then_dft3_contribution_then_natural_ntt32_input_bitrev_output
1,3,495,111,111,111,495,low_plus_high_minus_zeta_high,27,0,27,3,v4,3,twist_branch1,27,-1600,2245,27,1,0,-147,1,x0,495,751,623,27,91,59,27,27,v7,3,3,27,v7,3,top_split_then_twist_then_dft3_contribution_then_natural_ntt32_input_bitrev_output
1,3,495,111,111,111,495,low_plus_high_minus_zeta_high,27,0,27,3,v4,3,twist_branch1,27,-1600,2245,27,2,0,-147,1,x0,495,751,623,27,91,59,27,27,v7,3,3,27,v7,3,top_split_then_twist_then_dft3_contribution_then_natural_ntt32_input_bitrev_output
1,3,751,367,367,367,751,low_plus_high_minus_zeta_high,91,1,27,3,v5,3,twist_branch1,91,1728,341,27,0,0,-147,1,x0_plus_x1_plus_x2,495,751,623,27,91,59,27,27,v7,3,3,27,v7,3,top_split_then_twist_then_dft3_contribution_then_natural_ntt32_input_bitrev_output
1,3,751,367,367,367,751,low_plus_high_minus_zeta_high,91,1,27,3,v5,3,twist_branch1,91,1728,341,27,1,1,-886,2734,plus_omega3_times_d,495,751,623,27,91,59,27,27,v7,3,3,27,v7,3,top_split_then_twist_then_dft3_contribution_then_natural_ntt32_input_bitrev_output
1,3,751,367,367,367,751,low_plus_high_minus_zeta_high,91,1,27,3,v5,3,twist_branch1,91,1728,341,27,2,2,1033,722,minus_x1_minus_omega3_times_d,495,751,623,27,91,59,27,27,v7,3,3,27,v7,3,top_split_then_twist_then_dft3_contribution_then_natural_ntt32_input_bitrev_output
1,3,623,239,239,239,623,low_plus_high_minus_zeta_high,59,2,27,3,v6,3,twist_branch1,59,-943,124,27,0,0,-147,1,x0_plus_x1_plus_x2,495,751,623,27,91,59,27,27,v7,3,3,27,v7,3,top_split_then_twist_then_dft3_contribution_then_natural_ntt32_input_bitrev_output
1,3,623,239,239,239,623,low_plus_high_minus_zeta_high,59,2,27,3,v6,3,twist_branch1,59,-943,124,27,1,2,1033,722,minus_x2_minus_omega3_times_d,495,751,623,27,91,59,27,27,v7,3,3,27,v7,3,top_split_then_twist_then_dft3_contribution_then_natural_ntt32_input_bitrev_output
1,3,623,239,239,239,623,low_plus_high_minus_zeta_high,59,2,27,3,v6,3,twist_branch1,59,-943,124,27,2,1,-886,2734,plus_omega3_times_d,495,751,623,27,91,59,27,27,v7,3,3,27,v7,3,top_split_then_twist_then_dft3_contribution_then_natural_ntt32_input_bitrev_output
1,3,627,243,243,243,627,low_plus_high_minus_zeta_high,60,0,28,3,v4,4,twist_branch1,60,-200,1577,28,0,0,-147,1,x0_plus_x1_plus_x2,627,499,755,60,28,92,28,28,v7,4,3,7,v4,7,top_split_then_twist_then_dft3_contribution_then_natural_ntt32_input_bitrev_output
1,3,627,243,243,243,627,low_plus_high_minus_zeta_high,60,0,28,3,v4,4,twist_branch1,60,-200,1577,28,1,0,-147,1,x0,627,499,755,60,28,92,28,28,v7,4,3,7,v4,7,top_split_then_twist_then_dft3_contribution_then_natural_ntt32_input_bitrev_output
1,3,627,243,243,243,627,low_plus_high_minus_zeta_high,60,0,28,3,v4,4,twist_branch1,60,-200,1577,28,2,0,-147,1,x0,627,499,755,60,28,92,28,28,v7,4,3,7,v4,7,top_split_then_twist_then_dft3_contribution_then_natural_ntt32_input_bitrev_output
1,3,499,115,115,115,499,low_plus_high_minus_zeta_high,28,1,28,3,v5,4,twist_branch1,28,-387,1202,28,0,0,-147,1,x0_plus_x1_plus_x2,627,499,755,60,28,92,28,28,v7,4,3,7,v4,7,top_split_then_twist_then_dft3_contribution_then_natural_ntt32_input_bitrev_output
1,3,499,115,115,115,499,low_plus_high_minus_zeta_high,28,1,28,3,v5,4,twist_branch1,28,-387,1202,28,1,1,-886,2734,plus_omega3_times_d,627,499,755,60,28,92,28,28,v7,4,3,7,v4,7,top_split_then_twist_then_dft3_contribution_then_natural_ntt32_input_bitrev_output
1,3,499,115,115,115,499,low_plus_high_minus_zeta_high,28,1,28,3,v5,4,twist_branch1,28,-387,1202,28,2,2,1033,722,minus_x1_minus_omega3_times_d,627,499,755,60,28,92,28,28,v7,4,3,7,v4,7,top_split_then_twist_then_dft3_contribution_then_natural_ntt32_input_bitrev_output
1,3,755,371,371,371,755,low_plus_high_minus_zeta_high,92,2,28,3,v6,4,twist_branch1,92,-550,1744,28,0,0,-147,1,x0_plus_x1_plus_x2,627,499,755,60,28,92,28,28,v7,4,3,7,v4,7,top_split_then_twist_then_dft3_contribution_then_natural_ntt32_input_bitrev_output
1,3,755,371,371,371,755,low_plus_high_minus_zeta_high,92,2,28,3,v6,4,twist_branch1,92,-550,1744,28,1,2,1033,722,minus_x2_minus_omega3_times_d,627,499,755,60,28,92,28,28,v7,4,3,7,v4,7,top_split_then_twist_then_dft3_contribution_then_natural_ntt32_input_bitrev_output
1,3,755,371,371,371,755,low_plus_high_minus_zeta_high,92,2,28,3,v6,4,twist_branch1,92,-550,1744,28,2,1,-886,2734,plus_omega3_times_d,627,499,755,60,28,92,28,28,v7,4,3,7,v4,7,top_split_then_twist_then_dft3_contribution_then_natural_ntt32_input_bitrev_output
1,3,759,375,375,375,759,low_plus_high_minus_zeta_high,93,0,29,3,v4,5,twist_branch1,93,-25,3222,29,0,0,-147,1,x0_plus_x1_plus_x2,759,631,503,93,61,29,29,29,v7,5,3,23,v6,7,top_split_then_twist_then_dft3_contribution_then_natural_ntt32_input_bitrev_output
1,3,759,375,375,375,759,low_plus_high_minus_zeta_high,93,0,29,3,v4,5,twist_branch1,93,-25,3222,29,1,0,-147,1,x0,759,631,503,93,61,29,29,29,v7,5,3,23,v6,7,top_split_then_twist_then_dft3_contribution_then_natural_ntt32_input_bitrev_output
1,3,759,375,375,375,759,low_plus_high_minus_zeta_high,93,0,29,3,v4,5,twist_branch1,93,-25,3222,29,2,0,-147,1,x0,759,631,503,93,61,29,29,29,v7,5,3,23,v6,7,top_split_then_twist_then_dft3_contribution_then_natural_ntt32_input_bitrev_output
1,3,631,247,247,247,631,low_plus_high_minus_zeta_high,61,1,29,3,v5,5,twist_branch1,61,1248,2743,29,0,0,-147,1,x0_plus_x1_plus_x2,759,631,503,93,61,29,29,29,v7,5,3,23,v6,7,top_split_then_twist_then_dft3_contribution_then_natural_ntt32_input_bitrev_output
1,3,631,247,247,247,631,low_plus_high_minus_zeta_high,61,1,29,3,v5,5,twist_branch1,61,1248,2743,29,1,1,-886,2734,plus_omega3_times_d,759,631,503,93,61,29,29,29,v7,5,3,23,v6,7,top_split_then_twist_then_dft3_contribution_then_natural_ntt32_input_bitrev_output
1,3,631,247,247,247,631,low_plus_high_minus_zeta_high,61,1,29,3,v5,5,twist_branch1,61,1248,2743,29,2,2,1033,722,minus_x1_minus_omega3_times_d,759,631,503,93,61,29,29,29,v7,5,3,23,v6,7,top_split_then_twist_then_dft3_contribution_then_natural_ntt32_input_bitrev_output
1,3,503,119,119,119,503,low_plus_high_minus_zeta_high,29,2,29,3,v6,5,twist_branch1,29,-489,1626,29,0,0,-147,1,x0_plus_x1_plus_x2,759,631,503,93,61,29,29,29,v7,5,3,23,v6,7,top_split_then_twist_then_dft3_contribution_then_natural_ntt32_input_bitrev_output
1,3,503,119,119,119,503,low_plus_high_minus_zeta_high,29,2,29,3,v6,5,twist_branch1,29,-489,1626,29,1,2,1033,722,minus_x2_minus_omega3_times_d,759,631,503,93,61,29,29,29,v7,5,3,23,v6,7,top_split_then_twist_then_dft3_contribution_then_natural_ntt32_input_bitrev_output
1,3,503,119,119,119,503,low_plus_high_minus_zeta_high,29,2,29,3,v6,5,twist_branch1,29,-489,1626,29,2,1,-886,2734,plus_omega3_times_d,759,631,503,93,61,29,29,29,v7,5,3,23,v6,7,top_split_then_twist_then_dft3_contribution_then_natural_ntt32_input_bitrev_output
1,3,507,123,123,123,507,low_plus_high_minus_zeta_high,30,0,30,3,v4,6,twist_branch1,30,1392,1331,30,0,0,-147,1,x0_plus_x1_plus_x2,507,763,635,30,94,62,30,30,v7,6,3,15,v5,7,top_split_then_twist_then_dft3_contribution_then_natural_ntt32_input_bitrev_output
1,3,507,123,123,123,507,low_plus_high_minus_zeta_high,30,0,30,3,v4,6,twist_branch1,30,1392,1331,30,1,0,-147,1,x0,507,763,635,30,94,62,30,30,v7,6,3,15,v5,7,top_split_then_twist_then_dft3_contribution_then_natural_ntt32_input_bitrev_output
1,3,507,123,123,123,507,low_plus_high_minus_zeta_high,30,0,30,3,v4,6,twist_branch1,30,1392,1331,30,2,0,-147,1,x0,507,763,635,30,94,62,30,30,v7,6,3,15,v5,7,top_split_then_twist_then_dft3_contribution_then_natural_ntt32_input_bitrev_output
1,3,763,379,379,379,763,low_plus_high_minus_zeta_high,94,1,30,3,v5,6,twist_branch1,94,156,775,30,0,0,-147,1,x0_plus_x1_plus_x2,507,763,635,30,94,62,30,30,v7,6,3,15,v5,7,top_split_then_twist_then_dft3_contribution_then_natural_ntt32_input_bitrev_output
1,3,763,379,379,379,763,low_plus_high_minus_zeta_high,94,1,30,3,v5,6,twist_branch1,94,156,775,30,1,1,-886,2734,plus_omega3_times_d,507,763,635,30,94,62,30,30,v7,6,3,15,v5,7,top_split_then_twist_then_dft3_contribution_then_natural_ntt32_input_bitrev_output
1,3,763,379,379,379,763,low_plus_high_minus_zeta_high,94,1,30,3,v5,6,twist_branch1,94,156,775,30,2,2,1033,722,minus_x1_minus_omega3_times_d,507,763,635,30,94,62,30,30,v7,6,3,15,v5,7,top_split_then_twist_then_dft3_contribution_then_natural_ntt32_input_bitrev_output
1,3,635,251,251,251,635,low_plus_high_minus_zeta_high,62,2,30,3,v6,6,twist_branch1,62,371,2796,30,0,0,-147,1,x0_plus_x1_plus_x2,507,763,635,30,94,62,30,30,v7,6,3,15,v5,7,top_split_then_twist_then_dft3_contribution_then_natural_ntt32_input_bitrev_output
1,3,635,251,251,251,635,low_plus_high_minus_zeta_high,62,2,30,3,v6,6,twist_branch1,62,371,2796,30,1,2,1033,722,minus_x2_minus_omega3_times_d,507,763,635,30,94,62,30,30,v7,6,3,15,v5,7,top_split_then_twist_then_dft3_contribution_then_natural_ntt32_input_bitrev_output
1,3,635,251,251,251,635,low_plus_high_minus_zeta_high,62,2,30,3,v6,6,twist_branch1,62,371,2796,30,2,1,-886,2734,plus_omega3_times_d,507,763,635,30,94,62,30,30,v7,6,3,15,v5,7,top_split_then_twist_then_dft3_contribution_then_natural_ntt32_input_bitrev_output
1,3,639,255,255,255,639,low_plus_high_minus_zeta_high,63,0,31,3,v4,7,twist_branch1,63,174,2327,31,0,0,-147,1,x0_plus_x1_plus_x2,639,511,767,63,31,95,31,31,v7,7,3,31,v7,7,top_split_then_twist_then_dft3_contribution_then_natural_ntt32_input_bitrev_output
1,3,639,255,255,255,639,low_plus_high_minus_zeta_high,63,0,31,3,v4,7,twist_branch1,63,174,2327,31,1,0,-147,1,x0,639,511,767,63,31,95,31,31,v7,7,3,31,v7,7,top_split_then_twist_then_dft3_contribution_then_natural_ntt32_input_bitrev_output
1,3,639,255,255,255,639,low_plus_high_minus_zeta_high,63,0,31,3,v4,7,twist_branch1,63,174,2327,31,2,0,-147,1,x0,639,511,767,63,31,95,31,31,v7,7,3,31,v7,7,top_split_then_twist_then_dft3_contribution_then_natural_ntt32_input_bitrev_output
1,3,511,127,127,127,511,low_plus_high_minus_zeta_high,31,1,31,3,v5,7,twist_branch1,31,-251,1789,31,0,0,-147,1,x0_plus_x1_plus_x2,639,511,767,63,31,95,31,31,v7,7,3,31,v7,7,top_split_then_twist_then_dft3_contribution_then_natural_ntt32_input_bitrev_output
1,3,511,127,127,127,511,low_plus_high_minus_zeta_high,31,1,31,3,v5,7,twist_branch1,31,-251,1789,31,1,1,-886,2734,plus_omega3_times_d,639,511,767,63,31,95,31,31,v7,7,3,31,v7,7,top_split_then_twist_then_dft3_contribution_then_natural_ntt32_input_bitrev_output
1,3,511,127,127,127,511,low_plus_high_minus_zeta_high,31,1,31,3,v5,7,twist_branch1,31,-251,1789,31,2,2,1033,722,minus_x1_minus_omega3_times_d,639,511,767,63,31,95,31,31,v7,7,3,31,v7,7,top_split_then_twist_then_dft3_contribution_then_natural_ntt32_input_bitrev_output
1,3,767,383,383,383,767,low_plus_high_minus_zeta_high,95,2,31,3,v6,7,twist_branch1,95,-1250,2078,31,0,0,-147,1,x0_plus_x1_plus_x2,639,511,767,63,31,95,31,31,v7,7,3,31,v7,7,top_split_then_twist_then_dft3_contribution_then_natural_ntt32_input_bitrev_output
1,3,767,383,383,383,767,low_plus_high_minus_zeta_high,95,2,31,3,v6,7,twist_branch1,95,-1250,2078,31,1,2,1033,722,minus_x2_minus_omega3_times_d,639,511,767,63,31,95,31,31,v7,7,3,31,v7,7,top_split_then_twist_then_dft3_contribution_then_natural_ntt32_input_bitrev_output
1,3,767,383,383,383,767,low_plus_high_minus_zeta_high,95,2,31,3,v6,7,twist_branch1,95,-1250,2078,31,2,1,-886,2734,plus_omega3_times_d,639,511,767,63,31,95,31,31,v7,7,3,31,v7,7,top_split_then_twist_then_dft3_contribution_then_natural_ntt32_input_bitrev_output
