phase,branch,quartic_lane,vector_group,register,register_lane,physical_pos,branch_pos,block_k,twist_index,input_n3,input_n32,dft_output_k3,ntt32_stage,ntt32_len,ntt32_work_index,ntt32_input_k32,ntt32_role,pair_lo_index,pair_hi_index,twiddle_power,twiddle_mont,twiddle_normal,source_pos_n3_0,source_pos_n3_1,source_pos_n3_2,source_twist_n3_0,source_twist_n3_1,source_twist_n3_2,notes
input_crt_pack,0,0,0,v4,0,0,0,0,0,0,0,-1,-1,-1,-1,-1,source,-1,-1,0,-147,1,-1,-1,-1,-1,-1,-1,physical_source_then_twist_by_twist_index
input_crt_pack,0,0,0,v4,1,132,132,33,33,0,1,-1,-1,-1,-1,-1,source,-1,-1,0,-147,1,-1,-1,-1,-1,-1,-1,physical_source_then_twist_by_twist_index
input_crt_pack,0,0,0,v4,2,264,264,66,66,0,2,-1,-1,-1,-1,-1,source,-1,-1,0,-147,1,-1,-1,-1,-1,-1,-1,physical_source_then_twist_by_twist_index
input_crt_pack,0,0,0,v4,3,12,12,3,3,0,3,-1,-1,-1,-1,-1,source,-1,-1,0,-147,1,-1,-1,-1,-1,-1,-1,physical_source_then_twist_by_twist_index
input_crt_pack,0,0,0,v4,4,144,144,36,36,0,4,-1,-1,-1,-1,-1,source,-1,-1,0,-147,1,-1,-1,-1,-1,-1,-1,physical_source_then_twist_by_twist_index
input_crt_pack,0,0,0,v4,5,276,276,69,69,0,5,-1,-1,-1,-1,-1,source,-1,-1,0,-147,1,-1,-1,-1,-1,-1,-1,physical_source_then_twist_by_twist_index
input_crt_pack,0,0,0,v4,6,24,24,6,6,0,6,-1,-1,-1,-1,-1,source,-1,-1,0,-147,1,-1,-1,-1,-1,-1,-1,physical_source_then_twist_by_twist_index
input_crt_pack,0,0,0,v4,7,156,156,39,39,0,7,-1,-1,-1,-1,-1,source,-1,-1,0,-147,1,-1,-1,-1,-1,-1,-1,physical_source_then_twist_by_twist_index
input_crt_pack,0,0,0,v5,0,256,256,64,64,1,0,-1,-1,-1,-1,-1,source,-1,-1,0,-147,1,-1,-1,-1,-1,-1,-1,physical_source_then_twist_by_twist_index
input_crt_pack,0,0,0,v5,1,4,4,1,1,1,1,-1,-1,-1,-1,-1,source,-1,-1,0,-147,1,-1,-1,-1,-1,-1,-1,physical_source_then_twist_by_twist_index
input_crt_pack,0,0,0,v5,2,136,136,34,34,1,2,-1,-1,-1,-1,-1,source,-1,-1,0,-147,1,-1,-1,-1,-1,-1,-1,physical_source_then_twist_by_twist_index
input_crt_pack,0,0,0,v5,3,268,268,67,67,1,3,-1,-1,-1,-1,-1,source,-1,-1,0,-147,1,-1,-1,-1,-1,-1,-1,physical_source_then_twist_by_twist_index
input_crt_pack,0,0,0,v5,4,16,16,4,4,1,4,-1,-1,-1,-1,-1,source,-1,-1,0,-147,1,-1,-1,-1,-1,-1,-1,physical_source_then_twist_by_twist_index
input_crt_pack,0,0,0,v5,5,148,148,37,37,1,5,-1,-1,-1,-1,-1,source,-1,-1,0,-147,1,-1,-1,-1,-1,-1,-1,physical_source_then_twist_by_twist_index
input_crt_pack,0,0,0,v5,6,280,280,70,70,1,6,-1,-1,-1,-1,-1,source,-1,-1,0,-147,1,-1,-1,-1,-1,-1,-1,physical_source_then_twist_by_twist_index
input_crt_pack,0,0,0,v5,7,28,28,7,7,1,7,-1,-1,-1,-1,-1,source,-1,-1,0,-147,1,-1,-1,-1,-1,-1,-1,physical_source_then_twist_by_twist_index
input_crt_pack,0,0,0,v6,0,128,128,32,32,2,0,-1,-1,-1,-1,-1,source,-1,-1,0,-147,1,-1,-1,-1,-1,-1,-1,physical_source_then_twist_by_twist_index
input_crt_pack,0,0,0,v6,1,260,260,65,65,2,1,-1,-1,-1,-1,-1,source,-1,-1,0,-147,1,-1,-1,-1,-1,-1,-1,physical_source_then_twist_by_twist_index
input_crt_pack,0,0,0,v6,2,8,8,2,2,2,2,-1,-1,-1,-1,-1,source,-1,-1,0,-147,1,-1,-1,-1,-1,-1,-1,physical_source_then_twist_by_twist_index
input_crt_pack,0,0,0,v6,3,140,140,35,35,2,3,-1,-1,-1,-1,-1,source,-1,-1,0,-147,1,-1,-1,-1,-1,-1,-1,physical_source_then_twist_by_twist_index
input_crt_pack,0,0,0,v6,4,272,272,68,68,2,4,-1,-1,-1,-1,-1,source,-1,-1,0,-147,1,-1,-1,-1,-1,-1,-1,physical_source_then_twist_by_twist_index
input_crt_pack,0,0,0,v6,5,20,20,5,5,2,5,-1,-1,-1,-1,-1,source,-1,-1,0,-147,1,-1,-1,-1,-1,-1,-1,physical_source_then_twist_by_twist_index
input_crt_pack,0,0,0,v6,6,152,152,38,38,2,6,-1,-1,-1,-1,-1,source,-1,-1,0,-147,1,-1,-1,-1,-1,-1,-1,physical_source_then_twist_by_twist_index
input_crt_pack,0,0,0,v6,7,284,284,71,71,2,7,-1,-1,-1,-1,-1,source,-1,-1,0,-147,1,-1,-1,-1,-1,-1,-1,physical_source_then_twist_by_twist_index
dft3_output_pack,0,0,0,v4,0,-1,-1,-1,-1,-1,0,0,-1,-1,-1,-1,dft_output,-1,-1,0,-147,1,0,256,128,0,64,32,linear_combination_of_three_input_crt_sources
dft3_output_pack,0,0,0,v4,1,-1,-1,-1,-1,-1,1,0,-1,-1,-1,-1,dft_output,-1,-1,0,-147,1,132,4,260,33,1,65,linear_combination_of_three_input_crt_sources
dft3_output_pack,0,0,0,v4,2,-1,-1,-1,-1,-1,2,0,-1,-1,-1,-1,dft_output,-1,-1,0,-147,1,264,136,8,66,34,2,linear_combination_of_three_input_crt_sources
dft3_output_pack,0,0,0,v4,3,-1,-1,-1,-1,-1,3,0,-1,-1,-1,-1,dft_output,-1,-1,0,-147,1,12,268,140,3,67,35,linear_combination_of_three_input_crt_sources
dft3_output_pack,0,0,0,v4,4,-1,-1,-1,-1,-1,4,0,-1,-1,-1,-1,dft_output,-1,-1,0,-147,1,144,16,272,36,4,68,linear_combination_of_three_input_crt_sources
dft3_output_pack,0,0,0,v4,5,-1,-1,-1,-1,-1,5,0,-1,-1,-1,-1,dft_output,-1,-1,0,-147,1,276,148,20,69,37,5,linear_combination_of_three_input_crt_sources
dft3_output_pack,0,0,0,v4,6,-1,-1,-1,-1,-1,6,0,-1,-1,-1,-1,dft_output,-1,-1,0,-147,1,24,280,152,6,70,38,linear_combination_of_three_input_crt_sources
dft3_output_pack,0,0,0,v4,7,-1,-1,-1,-1,-1,7,0,-1,-1,-1,-1,dft_output,-1,-1,0,-147,1,156,28,284,39,7,71,linear_combination_of_three_input_crt_sources
dft3_output_pack,0,0,0,v5,0,-1,-1,-1,-1,-1,0,1,-1,-1,-1,-1,dft_output,-1,-1,0,-147,1,0,256,128,0,64,32,linear_combination_of_three_input_crt_sources
dft3_output_pack,0,0,0,v5,1,-1,-1,-1,-1,-1,1,1,-1,-1,-1,-1,dft_output,-1,-1,0,-147,1,132,4,260,33,1,65,linear_combination_of_three_input_crt_sources
dft3_output_pack,0,0,0,v5,2,-1,-1,-1,-1,-1,2,1,-1,-1,-1,-1,dft_output,-1,-1,0,-147,1,264,136,8,66,34,2,linear_combination_of_three_input_crt_sources
dft3_output_pack,0,0,0,v5,3,-1,-1,-1,-1,-1,3,1,-1,-1,-1,-1,dft_output,-1,-1,0,-147,1,12,268,140,3,67,35,linear_combination_of_three_input_crt_sources
dft3_output_pack,0,0,0,v5,4,-1,-1,-1,-1,-1,4,1,-1,-1,-1,-1,dft_output,-1,-1,0,-147,1,144,16,272,36,4,68,linear_combination_of_three_input_crt_sources
dft3_output_pack,0,0,0,v5,5,-1,-1,-1,-1,-1,5,1,-1,-1,-1,-1,dft_output,-1,-1,0,-147,1,276,148,20,69,37,5,linear_combination_of_three_input_crt_sources
dft3_output_pack,0,0,0,v5,6,-1,-1,-1,-1,-1,6,1,-1,-1,-1,-1,dft_output,-1,-1,0,-147,1,24,280,152,6,70,38,linear_combination_of_three_input_crt_sources
dft3_output_pack,0,0,0,v5,7,-1,-1,-1,-1,-1,7,1,-1,-1,-1,-1,dft_output,-1,-1,0,-147,1,156,28,284,39,7,71,linear_combination_of_three_input_crt_sources
dft3_output_pack,0,0,0,v6,0,-1,-1,-1,-1,-1,0,2,-1,-1,-1,-1,dft_output,-1,-1,0,-147,1,0,256,128,0,64,32,linear_combination_of_three_input_crt_sources
dft3_output_pack,0,0,0,v6,1,-1,-1,-1,-1,-1,1,2,-1,-1,-1,-1,dft_output,-1,-1,0,-147,1,132,4,260,33,1,65,linear_combination_of_three_input_crt_sources
dft3_output_pack,0,0,0,v6,2,-1,-1,-1,-1,-1,2,2,-1,-1,-1,-1,dft_output,-1,-1,0,-147,1,264,136,8,66,34,2,linear_combination_of_three_input_crt_sources
dft3_output_pack,0,0,0,v6,3,-1,-1,-1,-1,-1,3,2,-1,-1,-1,-1,dft_output,-1,-1,0,-147,1,12,268,140,3,67,35,linear_combination_of_three_input_crt_sources
dft3_output_pack,0,0,0,v6,4,-1,-1,-1,-1,-1,4,2,-1,-1,-1,-1,dft_output,-1,-1,0,-147,1,144,16,272,36,4,68,linear_combination_of_three_input_crt_sources
dft3_output_pack,0,0,0,v6,5,-1,-1,-1,-1,-1,5,2,-1,-1,-1,-1,dft_output,-1,-1,0,-147,1,276,148,20,69,37,5,linear_combination_of_three_input_crt_sources
dft3_output_pack,0,0,0,v6,6,-1,-1,-1,-1,-1,6,2,-1,-1,-1,-1,dft_output,-1,-1,0,-147,1,24,280,152,6,70,38,linear_combination_of_three_input_crt_sources
dft3_output_pack,0,0,0,v6,7,-1,-1,-1,-1,-1,7,2,-1,-1,-1,-1,dft_output,-1,-1,0,-147,1,156,28,284,39,7,71,linear_combination_of_three_input_crt_sources
input_crt_pack,0,0,1,v4,0,288,288,72,72,0,8,-1,-1,-1,-1,-1,source,-1,-1,0,-147,1,-1,-1,-1,-1,-1,-1,physical_source_then_twist_by_twist_index
input_crt_pack,0,0,1,v4,1,36,36,9,9,0,9,-1,-1,-1,-1,-1,source,-1,-1,0,-147,1,-1,-1,-1,-1,-1,-1,physical_source_then_twist_by_twist_index
input_crt_pack,0,0,1,v4,2,168,168,42,42,0,10,-1,-1,-1,-1,-1,source,-1,-1,0,-147,1,-1,-1,-1,-1,-1,-1,physical_source_then_twist_by_twist_index
input_crt_pack,0,0,1,v4,3,300,300,75,75,0,11,-1,-1,-1,-1,-1,source,-1,-1,0,-147,1,-1,-1,-1,-1,-1,-1,physical_source_then_twist_by_twist_index
input_crt_pack,0,0,1,v4,4,48,48,12,12,0,12,-1,-1,-1,-1,-1,source,-1,-1,0,-147,1,-1,-1,-1,-1,-1,-1,physical_source_then_twist_by_twist_index
input_crt_pack,0,0,1,v4,5,180,180,45,45,0,13,-1,-1,-1,-1,-1,source,-1,-1,0,-147,1,-1,-1,-1,-1,-1,-1,physical_source_then_twist_by_twist_index
input_crt_pack,0,0,1,v4,6,312,312,78,78,0,14,-1,-1,-1,-1,-1,source,-1,-1,0,-147,1,-1,-1,-1,-1,-1,-1,physical_source_then_twist_by_twist_index
input_crt_pack,0,0,1,v4,7,60,60,15,15,0,15,-1,-1,-1,-1,-1,source,-1,-1,0,-147,1,-1,-1,-1,-1,-1,-1,physical_source_then_twist_by_twist_index
input_crt_pack,0,0,1,v5,0,160,160,40,40,1,8,-1,-1,-1,-1,-1,source,-1,-1,0,-147,1,-1,-1,-1,-1,-1,-1,physical_source_then_twist_by_twist_index
input_crt_pack,0,0,1,v5,1,292,292,73,73,1,9,-1,-1,-1,-1,-1,source,-1,-1,0,-147,1,-1,-1,-1,-1,-1,-1,physical_source_then_twist_by_twist_index
input_crt_pack,0,0,1,v5,2,40,40,10,10,1,10,-1,-1,-1,-1,-1,source,-1,-1,0,-147,1,-1,-1,-1,-1,-1,-1,physical_source_then_twist_by_twist_index
input_crt_pack,0,0,1,v5,3,172,172,43,43,1,11,-1,-1,-1,-1,-1,source,-1,-1,0,-147,1,-1,-1,-1,-1,-1,-1,physical_source_then_twist_by_twist_index
input_crt_pack,0,0,1,v5,4,304,304,76,76,1,12,-1,-1,-1,-1,-1,source,-1,-1,0,-147,1,-1,-1,-1,-1,-1,-1,physical_source_then_twist_by_twist_index
input_crt_pack,0,0,1,v5,5,52,52,13,13,1,13,-1,-1,-1,-1,-1,source,-1,-1,0,-147,1,-1,-1,-1,-1,-1,-1,physical_source_then_twist_by_twist_index
input_crt_pack,0,0,1,v5,6,184,184,46,46,1,14,-1,-1,-1,-1,-1,source,-1,-1,0,-147,1,-1,-1,-1,-1,-1,-1,physical_source_then_twist_by_twist_index
input_crt_pack,0,0,1,v5,7,316,316,79,79,1,15,-1,-1,-1,-1,-1,source,-1,-1,0,-147,1,-1,-1,-1,-1,-1,-1,physical_source_then_twist_by_twist_index
input_crt_pack,0,0,1,v6,0,32,32,8,8,2,8,-1,-1,-1,-1,-1,source,-1,-1,0,-147,1,-1,-1,-1,-1,-1,-1,physical_source_then_twist_by_twist_index
input_crt_pack,0,0,1,v6,1,164,164,41,41,2,9,-1,-1,-1,-1,-1,source,-1,-1,0,-147,1,-1,-1,-1,-1,-1,-1,physical_source_then_twist_by_twist_index
input_crt_pack,0,0,1,v6,2,296,296,74,74,2,10,-1,-1,-1,-1,-1,source,-1,-1,0,-147,1,-1,-1,-1,-1,-1,-1,physical_source_then_twist_by_twist_index
input_crt_pack,0,0,1,v6,3,44,44,11,11,2,11,-1,-1,-1,-1,-1,source,-1,-1,0,-147,1,-1,-1,-1,-1,-1,-1,physical_source_then_twist_by_twist_index
input_crt_pack,0,0,1,v6,4,176,176,44,44,2,12,-1,-1,-1,-1,-1,source,-1,-1,0,-147,1,-1,-1,-1,-1,-1,-1,physical_source_then_twist_by_twist_index
input_crt_pack,0,0,1,v6,5,308,308,77,77,2,13,-1,-1,-1,-1,-1,source,-1,-1,0,-147,1,-1,-1,-1,-1,-1,-1,physical_source_then_twist_by_twist_index
input_crt_pack,0,0,1,v6,6,56,56,14,14,2,14,-1,-1,-1,-1,-1,source,-1,-1,0,-147,1,-1,-1,-1,-1,-1,-1,physical_source_then_twist_by_twist_index
input_crt_pack,0,0,1,v6,7,188,188,47,47,2,15,-1,-1,-1,-1,-1,source,-1,-1,0,-147,1,-1,-1,-1,-1,-1,-1,physical_source_then_twist_by_twist_index
dft3_output_pack,0,0,1,v4,0,-1,-1,-1,-1,-1,8,0,-1,-1,-1,-1,dft_output,-1,-1,0,-147,1,288,160,32,72,40,8,linear_combination_of_three_input_crt_sources
dft3_output_pack,0,0,1,v4,1,-1,-1,-1,-1,-1,9,0,-1,-1,-1,-1,dft_output,-1,-1,0,-147,1,36,292,164,9,73,41,linear_combination_of_three_input_crt_sources
dft3_output_pack,0,0,1,v4,2,-1,-1,-1,-1,-1,10,0,-1,-1,-1,-1,dft_output,-1,-1,0,-147,1,168,40,296,42,10,74,linear_combination_of_three_input_crt_sources
dft3_output_pack,0,0,1,v4,3,-1,-1,-1,-1,-1,11,0,-1,-1,-1,-1,dft_output,-1,-1,0,-147,1,300,172,44,75,43,11,linear_combination_of_three_input_crt_sources
dft3_output_pack,0,0,1,v4,4,-1,-1,-1,-1,-1,12,0,-1,-1,-1,-1,dft_output,-1,-1,0,-147,1,48,304,176,12,76,44,linear_combination_of_three_input_crt_sources
dft3_output_pack,0,0,1,v4,5,-1,-1,-1,-1,-1,13,0,-1,-1,-1,-1,dft_output,-1,-1,0,-147,1,180,52,308,45,13,77,linear_combination_of_three_input_crt_sources
dft3_output_pack,0,0,1,v4,6,-1,-1,-1,-1,-1,14,0,-1,-1,-1,-1,dft_output,-1,-1,0,-147,1,312,184,56,78,46,14,linear_combination_of_three_input_crt_sources
dft3_output_pack,0,0,1,v4,7,-1,-1,-1,-1,-1,15,0,-1,-1,-1,-1,dft_output,-1,-1,0,-147,1,60,316,188,15,79,47,linear_combination_of_three_input_crt_sources
dft3_output_pack,0,0,1,v5,0,-1,-1,-1,-1,-1,8,1,-1,-1,-1,-1,dft_output,-1,-1,0,-147,1,288,160,32,72,40,8,linear_combination_of_three_input_crt_sources
dft3_output_pack,0,0,1,v5,1,-1,-1,-1,-1,-1,9,1,-1,-1,-1,-1,dft_output,-1,-1,0,-147,1,36,292,164,9,73,41,linear_combination_of_three_input_crt_sources
dft3_output_pack,0,0,1,v5,2,-1,-1,-1,-1,-1,10,1,-1,-1,-1,-1,dft_output,-1,-1,0,-147,1,168,40,296,42,10,74,linear_combination_of_three_input_crt_sources
dft3_output_pack,0,0,1,v5,3,-1,-1,-1,-1,-1,11,1,-1,-1,-1,-1,dft_output,-1,-1,0,-147,1,300,172,44,75,43,11,linear_combination_of_three_input_crt_sources
dft3_output_pack,0,0,1,v5,4,-1,-1,-1,-1,-1,12,1,-1,-1,-1,-1,dft_output,-1,-1,0,-147,1,48,304,176,12,76,44,linear_combination_of_three_input_crt_sources
dft3_output_pack,0,0,1,v5,5,-1,-1,-1,-1,-1,13,1,-1,-1,-1,-1,dft_output,-1,-1,0,-147,1,180,52,308,45,13,77,linear_combination_of_three_input_crt_sources
dft3_output_pack,0,0,1,v5,6,-1,-1,-1,-1,-1,14,1,-1,-1,-1,-1,dft_output,-1,-1,0,-147,1,312,184,56,78,46,14,linear_combination_of_three_input_crt_sources
dft3_output_pack,0,0,1,v5,7,-1,-1,-1,-1,-1,15,1,-1,-1,-1,-1,dft_output,-1,-1,0,-147,1,60,316,188,15,79,47,linear_combination_of_three_input_crt_sources
dft3_output_pack,0,0,1,v6,0,-1,-1,-1,-1,-1,8,2,-1,-1,-1,-1,dft_output,-1,-1,0,-147,1,288,160,32,72,40,8,linear_combination_of_three_input_crt_sources
dft3_output_pack,0,0,1,v6,1,-1,-1,-1,-1,-1,9,2,-1,-1,-1,-1,dft_output,-1,-1,0,-147,1,36,292,164,9,73,41,linear_combination_of_three_input_crt_sources
dft3_output_pack,0,0,1,v6,2,-1,-1,-1,-1,-1,10,2,-1,-1,-1,-1,dft_output,-1,-1,0,-147,1,168,40,296,42,10,74,linear_combination_of_three_input_crt_sources
dft3_output_pack,0,0,1,v6,3,-1,-1,-1,-1,-1,11,2,-1,-1,-1,-1,dft_output,-1,-1,0,-147,1,300,172,44,75,43,11,linear_combination_of_three_input_crt_sources
dft3_output_pack,0,0,1,v6,4,-1,-1,-1,-1,-1,12,2,-1,-1,-1,-1,dft_output,-1,-1,0,-147,1,48,304,176,12,76,44,linear_combination_of_three_input_crt_sources
dft3_output_pack,0,0,1,v6,5,-1,-1,-1,-1,-1,13,2,-1,-1,-1,-1,dft_output,-1,-1,0,-147,1,180,52,308,45,13,77,linear_combination_of_three_input_crt_sources
dft3_output_pack,0,0,1,v6,6,-1,-1,-1,-1,-1,14,2,-1,-1,-1,-1,dft_output,-1,-1,0,-147,1,312,184,56,78,46,14,linear_combination_of_three_input_crt_sources
dft3_output_pack,0,0,1,v6,7,-1,-1,-1,-1,-1,15,2,-1,-1,-1,-1,dft_output,-1,-1,0,-147,1,60,316,188,15,79,47,linear_combination_of_three_input_crt_sources
input_crt_pack,0,0,2,v4,0,192,192,48,48,0,16,-1,-1,-1,-1,-1,source,-1,-1,0,-147,1,-1,-1,-1,-1,-1,-1,physical_source_then_twist_by_twist_index
input_crt_pack,0,0,2,v4,1,324,324,81,81,0,17,-1,-1,-1,-1,-1,source,-1,-1,0,-147,1,-1,-1,-1,-1,-1,-1,physical_source_then_twist_by_twist_index
input_crt_pack,0,0,2,v4,2,72,72,18,18,0,18,-1,-1,-1,-1,-1,source,-1,-1,0,-147,1,-1,-1,-1,-1,-1,-1,physical_source_then_twist_by_twist_index
input_crt_pack,0,0,2,v4,3,204,204,51,51,0,19,-1,-1,-1,-1,-1,source,-1,-1,0,-147,1,-1,-1,-1,-1,-1,-1,physical_source_then_twist_by_twist_index
input_crt_pack,0,0,2,v4,4,336,336,84,84,0,20,-1,-1,-1,-1,-1,source,-1,-1,0,-147,1,-1,-1,-1,-1,-1,-1,physical_source_then_twist_by_twist_index
input_crt_pack,0,0,2,v4,5,84,84,21,21,0,21,-1,-1,-1,-1,-1,source,-1,-1,0,-147,1,-1,-1,-1,-1,-1,-1,physical_source_then_twist_by_twist_index
input_crt_pack,0,0,2,v4,6,216,216,54,54,0,22,-1,-1,-1,-1,-1,source,-1,-1,0,-147,1,-1,-1,-1,-1,-1,-1,physical_source_then_twist_by_twist_index
input_crt_pack,0,0,2,v4,7,348,348,87,87,0,23,-1,-1,-1,-1,-1,source,-1,-1,0,-147,1,-1,-1,-1,-1,-1,-1,physical_source_then_twist_by_twist_index
input_crt_pack,0,0,2,v5,0,64,64,16,16,1,16,-1,-1,-1,-1,-1,source,-1,-1,0,-147,1,-1,-1,-1,-1,-1,-1,physical_source_then_twist_by_twist_index
input_crt_pack,0,0,2,v5,1,196,196,49,49,1,17,-1,-1,-1,-1,-1,source,-1,-1,0,-147,1,-1,-1,-1,-1,-1,-1,physical_source_then_twist_by_twist_index
input_crt_pack,0,0,2,v5,2,328,328,82,82,1,18,-1,-1,-1,-1,-1,source,-1,-1,0,-147,1,-1,-1,-1,-1,-1,-1,physical_source_then_twist_by_twist_index
input_crt_pack,0,0,2,v5,3,76,76,19,19,1,19,-1,-1,-1,-1,-1,source,-1,-1,0,-147,1,-1,-1,-1,-1,-1,-1,physical_source_then_twist_by_twist_index
input_crt_pack,0,0,2,v5,4,208,208,52,52,1,20,-1,-1,-1,-1,-1,source,-1,-1,0,-147,1,-1,-1,-1,-1,-1,-1,physical_source_then_twist_by_twist_index
input_crt_pack,0,0,2,v5,5,340,340,85,85,1,21,-1,-1,-1,-1,-1,source,-1,-1,0,-147,1,-1,-1,-1,-1,-1,-1,physical_source_then_twist_by_twist_index
input_crt_pack,0,0,2,v5,6,88,88,22,22,1,22,-1,-1,-1,-1,-1,source,-1,-1,0,-147,1,-1,-1,-1,-1,-1,-1,physical_source_then_twist_by_twist_index
input_crt_pack,0,0,2,v5,7,220,220,55,55,1,23,-1,-1,-1,-1,-1,source,-1,-1,0,-147,1,-1,-1,-1,-1,-1,-1,physical_source_then_twist_by_twist_index
input_crt_pack,0,0,2,v6,0,320,320,80,80,2,16,-1,-1,-1,-1,-1,source,-1,-1,0,-147,1,-1,-1,-1,-1,-1,-1,physical_source_then_twist_by_twist_index
input_crt_pack,0,0,2,v6,1,68,68,17,17,2,17,-1,-1,-1,-1,-1,source,-1,-1,0,-147,1,-1,-1,-1,-1,-1,-1,physical_source_then_twist_by_twist_index
input_crt_pack,0,0,2,v6,2,200,200,50,50,2,18,-1,-1,-1,-1,-1,source,-1,-1,0,-147,1,-1,-1,-1,-1,-1,-1,physical_source_then_twist_by_twist_index
input_crt_pack,0,0,2,v6,3,332,332,83,83,2,19,-1,-1,-1,-1,-1,source,-1,-1,0,-147,1,-1,-1,-1,-1,-1,-1,physical_source_then_twist_by_twist_index
input_crt_pack,0,0,2,v6,4,80,80,20,20,2,20,-1,-1,-1,-1,-1,source,-1,-1,0,-147,1,-1,-1,-1,-1,-1,-1,physical_source_then_twist_by_twist_index
input_crt_pack,0,0,2,v6,5,212,212,53,53,2,21,-1,-1,-1,-1,-1,source,-1,-1,0,-147,1,-1,-1,-1,-1,-1,-1,physical_source_then_twist_by_twist_index
input_crt_pack,0,0,2,v6,6,344,344,86,86,2,22,-1,-1,-1,-1,-1,source,-1,-1,0,-147,1,-1,-1,-1,-1,-1,-1,physical_source_then_twist_by_twist_index
input_crt_pack,0,0,2,v6,7,92,92,23,23,2,23,-1,-1,-1,-1,-1,source,-1,-1,0,-147,1,-1,-1,-1,-1,-1,-1,physical_source_then_twist_by_twist_index
dft3_output_pack,0,0,2,v4,0,-1,-1,-1,-1,-1,16,0,-1,-1,-1,-1,dft_output,-1,-1,0,-147,1,192,64,320,48,16,80,linear_combination_of_three_input_crt_sources
dft3_output_pack,0,0,2,v4,1,-1,-1,-1,-1,-1,17,0,-1,-1,-1,-1,dft_output,-1,-1,0,-147,1,324,196,68,81,49,17,linear_combination_of_three_input_crt_sources
dft3_output_pack,0,0,2,v4,2,-1,-1,-1,-1,-1,18,0,-1,-1,-1,-1,dft_output,-1,-1,0,-147,1,72,328,200,18,82,50,linear_combination_of_three_input_crt_sources
dft3_output_pack,0,0,2,v4,3,-1,-1,-1,-1,-1,19,0,-1,-1,-1,-1,dft_output,-1,-1,0,-147,1,204,76,332,51,19,83,linear_combination_of_three_input_crt_sources
dft3_output_pack,0,0,2,v4,4,-1,-1,-1,-1,-1,20,0,-1,-1,-1,-1,dft_output,-1,-1,0,-147,1,336,208,80,84,52,20,linear_combination_of_three_input_crt_sources
dft3_output_pack,0,0,2,v4,5,-1,-1,-1,-1,-1,21,0,-1,-1,-1,-1,dft_output,-1,-1,0,-147,1,84,340,212,21,85,53,linear_combination_of_three_input_crt_sources
dft3_output_pack,0,0,2,v4,6,-1,-1,-1,-1,-1,22,0,-1,-1,-1,-1,dft_output,-1,-1,0,-147,1,216,88,344,54,22,86,linear_combination_of_three_input_crt_sources
dft3_output_pack,0,0,2,v4,7,-1,-1,-1,-1,-1,23,0,-1,-1,-1,-1,dft_output,-1,-1,0,-147,1,348,220,92,87,55,23,linear_combination_of_three_input_crt_sources
dft3_output_pack,0,0,2,v5,0,-1,-1,-1,-1,-1,16,1,-1,-1,-1,-1,dft_output,-1,-1,0,-147,1,192,64,320,48,16,80,linear_combination_of_three_input_crt_sources
dft3_output_pack,0,0,2,v5,1,-1,-1,-1,-1,-1,17,1,-1,-1,-1,-1,dft_output,-1,-1,0,-147,1,324,196,68,81,49,17,linear_combination_of_three_input_crt_sources
dft3_output_pack,0,0,2,v5,2,-1,-1,-1,-1,-1,18,1,-1,-1,-1,-1,dft_output,-1,-1,0,-147,1,72,328,200,18,82,50,linear_combination_of_three_input_crt_sources
dft3_output_pack,0,0,2,v5,3,-1,-1,-1,-1,-1,19,1,-1,-1,-1,-1,dft_output,-1,-1,0,-147,1,204,76,332,51,19,83,linear_combination_of_three_input_crt_sources
dft3_output_pack,0,0,2,v5,4,-1,-1,-1,-1,-1,20,1,-1,-1,-1,-1,dft_output,-1,-1,0,-147,1,336,208,80,84,52,20,linear_combination_of_three_input_crt_sources
dft3_output_pack,0,0,2,v5,5,-1,-1,-1,-1,-1,21,1,-1,-1,-1,-1,dft_output,-1,-1,0,-147,1,84,340,212,21,85,53,linear_combination_of_three_input_crt_sources
dft3_output_pack,0,0,2,v5,6,-1,-1,-1,-1,-1,22,1,-1,-1,-1,-1,dft_output,-1,-1,0,-147,1,216,88,344,54,22,86,linear_combination_of_three_input_crt_sources
dft3_output_pack,0,0,2,v5,7,-1,-1,-1,-1,-1,23,1,-1,-1,-1,-1,dft_output,-1,-1,0,-147,1,348,220,92,87,55,23,linear_combination_of_three_input_crt_sources
dft3_output_pack,0,0,2,v6,0,-1,-1,-1,-1,-1,16,2,-1,-1,-1,-1,dft_output,-1,-1,0,-147,1,192,64,320,48,16,80,linear_combination_of_three_input_crt_sources
dft3_output_pack,0,0,2,v6,1,-1,-1,-1,-1,-1,17,2,-1,-1,-1,-1,dft_output,-1,-1,0,-147,1,324,196,68,81,49,17,linear_combination_of_three_input_crt_sources
dft3_output_pack,0,0,2,v6,2,-1,-1,-1,-1,-1,18,2,-1,-1,-1,-1,dft_output,-1,-1,0,-147,1,72,328,200,18,82,50,linear_combination_of_three_input_crt_sources
dft3_output_pack,0,0,2,v6,3,-1,-1,-1,-1,-1,19,2,-1,-1,-1,-1,dft_output,-1,-1,0,-147,1,204,76,332,51,19,83,linear_combination_of_three_input_crt_sources
dft3_output_pack,0,0,2,v6,4,-1,-1,-1,-1,-1,20,2,-1,-1,-1,-1,dft_output,-1,-1,0,-147,1,336,208,80,84,52,20,linear_combination_of_three_input_crt_sources
dft3_output_pack,0,0,2,v6,5,-1,-1,-1,-1,-1,21,2,-1,-1,-1,-1,dft_output,-1,-1,0,-147,1,84,340,212,21,85,53,linear_combination_of_three_input_crt_sources
dft3_output_pack,0,0,2,v6,6,-1,-1,-1,-1,-1,22,2,-1,-1,-1,-1,dft_output,-1,-1,0,-147,1,216,88,344,54,22,86,linear_combination_of_three_input_crt_sources
dft3_output_pack,0,0,2,v6,7,-1,-1,-1,-1,-1,23,2,-1,-1,-1,-1,dft_output,-1,-1,0,-147,1,348,220,92,87,55,23,linear_combination_of_three_input_crt_sources
input_crt_pack,0,0,3,v4,0,96,96,24,24,0,24,-1,-1,-1,-1,-1,source,-1,-1,0,-147,1,-1,-1,-1,-1,-1,-1,physical_source_then_twist_by_twist_index
input_crt_pack,0,0,3,v4,1,228,228,57,57,0,25,-1,-1,-1,-1,-1,source,-1,-1,0,-147,1,-1,-1,-1,-1,-1,-1,physical_source_then_twist_by_twist_index
input_crt_pack,0,0,3,v4,2,360,360,90,90,0,26,-1,-1,-1,-1,-1,source,-1,-1,0,-147,1,-1,-1,-1,-1,-1,-1,physical_source_then_twist_by_twist_index
input_crt_pack,0,0,3,v4,3,108,108,27,27,0,27,-1,-1,-1,-1,-1,source,-1,-1,0,-147,1,-1,-1,-1,-1,-1,-1,physical_source_then_twist_by_twist_index
input_crt_pack,0,0,3,v4,4,240,240,60,60,0,28,-1,-1,-1,-1,-1,source,-1,-1,0,-147,1,-1,-1,-1,-1,-1,-1,physical_source_then_twist_by_twist_index
input_crt_pack,0,0,3,v4,5,372,372,93,93,0,29,-1,-1,-1,-1,-1,source,-1,-1,0,-147,1,-1,-1,-1,-1,-1,-1,physical_source_then_twist_by_twist_index
input_crt_pack,0,0,3,v4,6,120,120,30,30,0,30,-1,-1,-1,-1,-1,source,-1,-1,0,-147,1,-1,-1,-1,-1,-1,-1,physical_source_then_twist_by_twist_index
input_crt_pack,0,0,3,v4,7,252,252,63,63,0,31,-1,-1,-1,-1,-1,source,-1,-1,0,-147,1,-1,-1,-1,-1,-1,-1,physical_source_then_twist_by_twist_index
input_crt_pack,0,0,3,v5,0,352,352,88,88,1,24,-1,-1,-1,-1,-1,source,-1,-1,0,-147,1,-1,-1,-1,-1,-1,-1,physical_source_then_twist_by_twist_index
input_crt_pack,0,0,3,v5,1,100,100,25,25,1,25,-1,-1,-1,-1,-1,source,-1,-1,0,-147,1,-1,-1,-1,-1,-1,-1,physical_source_then_twist_by_twist_index
input_crt_pack,0,0,3,v5,2,232,232,58,58,1,26,-1,-1,-1,-1,-1,source,-1,-1,0,-147,1,-1,-1,-1,-1,-1,-1,physical_source_then_twist_by_twist_index
input_crt_pack,0,0,3,v5,3,364,364,91,91,1,27,-1,-1,-1,-1,-1,source,-1,-1,0,-147,1,-1,-1,-1,-1,-1,-1,physical_source_then_twist_by_twist_index
input_crt_pack,0,0,3,v5,4,112,112,28,28,1,28,-1,-1,-1,-1,-1,source,-1,-1,0,-147,1,-1,-1,-1,-1,-1,-1,physical_source_then_twist_by_twist_index
input_crt_pack,0,0,3,v5,5,244,244,61,61,1,29,-1,-1,-1,-1,-1,source,-1,-1,0,-147,1,-1,-1,-1,-1,-1,-1,physical_source_then_twist_by_twist_index
input_crt_pack,0,0,3,v5,6,376,376,94,94,1,30,-1,-1,-1,-1,-1,source,-1,-1,0,-147,1,-1,-1,-1,-1,-1,-1,physical_source_then_twist_by_twist_index
input_crt_pack,0,0,3,v5,7,124,124,31,31,1,31,-1,-1,-1,-1,-1,source,-1,-1,0,-147,1,-1,-1,-1,-1,-1,-1,physical_source_then_twist_by_twist_index
input_crt_pack,0,0,3,v6,0,224,224,56,56,2,24,-1,-1,-1,-1,-1,source,-1,-1,0,-147,1,-1,-1,-1,-1,-1,-1,physical_source_then_twist_by_twist_index
input_crt_pack,0,0,3,v6,1,356,356,89,89,2,25,-1,-1,-1,-1,-1,source,-1,-1,0,-147,1,-1,-1,-1,-1,-1,-1,physical_source_then_twist_by_twist_index
input_crt_pack,0,0,3,v6,2,104,104,26,26,2,26,-1,-1,-1,-1,-1,source,-1,-1,0,-147,1,-1,-1,-1,-1,-1,-1,physical_source_then_twist_by_twist_index
input_crt_pack,0,0,3,v6,3,236,236,59,59,2,27,-1,-1,-1,-1,-1,source,-1,-1,0,-147,1,-1,-1,-1,-1,-1,-1,physical_source_then_twist_by_twist_index
input_crt_pack,0,0,3,v6,4,368,368,92,92,2,28,-1,-1,-1,-1,-1,source,-1,-1,0,-147,1,-1,-1,-1,-1,-1,-1,physical_source_then_twist_by_twist_index
input_crt_pack,0,0,3,v6,5,116,116,29,29,2,29,-1,-1,-1,-1,-1,source,-1,-1,0,-147,1,-1,-1,-1,-1,-1,-1,physical_source_then_twist_by_twist_index
input_crt_pack,0,0,3,v6,6,248,248,62,62,2,30,-1,-1,-1,-1,-1,source,-1,-1,0,-147,1,-1,-1,-1,-1,-1,-1,physical_source_then_twist_by_twist_index
input_crt_pack,0,0,3,v6,7,380,380,95,95,2,31,-1,-1,-1,-1,-1,source,-1,-1,0,-147,1,-1,-1,-1,-1,-1,-1,physical_source_then_twist_by_twist_index
dft3_output_pack,0,0,3,v4,0,-1,-1,-1,-1,-1,24,0,-1,-1,-1,-1,dft_output,-1,-1,0,-147,1,96,352,224,24,88,56,linear_combination_of_three_input_crt_sources
dft3_output_pack,0,0,3,v4,1,-1,-1,-1,-1,-1,25,0,-1,-1,-1,-1,dft_output,-1,-1,0,-147,1,228,100,356,57,25,89,linear_combination_of_three_input_crt_sources
dft3_output_pack,0,0,3,v4,2,-1,-1,-1,-1,-1,26,0,-1,-1,-1,-1,dft_output,-1,-1,0,-147,1,360,232,104,90,58,26,linear_combination_of_three_input_crt_sources
dft3_output_pack,0,0,3,v4,3,-1,-1,-1,-1,-1,27,0,-1,-1,-1,-1,dft_output,-1,-1,0,-147,1,108,364,236,27,91,59,linear_combination_of_three_input_crt_sources
dft3_output_pack,0,0,3,v4,4,-1,-1,-1,-1,-1,28,0,-1,-1,-1,-1,dft_output,-1,-1,0,-147,1,240,112,368,60,28,92,linear_combination_of_three_input_crt_sources
dft3_output_pack,0,0,3,v4,5,-1,-1,-1,-1,-1,29,0,-1,-1,-1,-1,dft_output,-1,-1,0,-147,1,372,244,116,93,61,29,linear_combination_of_three_input_crt_sources
dft3_output_pack,0,0,3,v4,6,-1,-1,-1,-1,-1,30,0,-1,-1,-1,-1,dft_output,-1,-1,0,-147,1,120,376,248,30,94,62,linear_combination_of_three_input_crt_sources
dft3_output_pack,0,0,3,v4,7,-1,-1,-1,-1,-1,31,0,-1,-1,-1,-1,dft_output,-1,-1,0,-147,1,252,124,380,63,31,95,linear_combination_of_three_input_crt_sources
dft3_output_pack,0,0,3,v5,0,-1,-1,-1,-1,-1,24,1,-1,-1,-1,-1,dft_output,-1,-1,0,-147,1,96,352,224,24,88,56,linear_combination_of_three_input_crt_sources
dft3_output_pack,0,0,3,v5,1,-1,-1,-1,-1,-1,25,1,-1,-1,-1,-1,dft_output,-1,-1,0,-147,1,228,100,356,57,25,89,linear_combination_of_three_input_crt_sources
dft3_output_pack,0,0,3,v5,2,-1,-1,-1,-1,-1,26,1,-1,-1,-1,-1,dft_output,-1,-1,0,-147,1,360,232,104,90,58,26,linear_combination_of_three_input_crt_sources
dft3_output_pack,0,0,3,v5,3,-1,-1,-1,-1,-1,27,1,-1,-1,-1,-1,dft_output,-1,-1,0,-147,1,108,364,236,27,91,59,linear_combination_of_three_input_crt_sources
dft3_output_pack,0,0,3,v5,4,-1,-1,-1,-1,-1,28,1,-1,-1,-1,-1,dft_output,-1,-1,0,-147,1,240,112,368,60,28,92,linear_combination_of_three_input_crt_sources
dft3_output_pack,0,0,3,v5,5,-1,-1,-1,-1,-1,29,1,-1,-1,-1,-1,dft_output,-1,-1,0,-147,1,372,244,116,93,61,29,linear_combination_of_three_input_crt_sources
dft3_output_pack,0,0,3,v5,6,-1,-1,-1,-1,-1,30,1,-1,-1,-1,-1,dft_output,-1,-1,0,-147,1,120,376,248,30,94,62,linear_combination_of_three_input_crt_sources
dft3_output_pack,0,0,3,v5,7,-1,-1,-1,-1,-1,31,1,-1,-1,-1,-1,dft_output,-1,-1,0,-147,1,252,124,380,63,31,95,linear_combination_of_three_input_crt_sources
dft3_output_pack,0,0,3,v6,0,-1,-1,-1,-1,-1,24,2,-1,-1,-1,-1,dft_output,-1,-1,0,-147,1,96,352,224,24,88,56,linear_combination_of_three_input_crt_sources
dft3_output_pack,0,0,3,v6,1,-1,-1,-1,-1,-1,25,2,-1,-1,-1,-1,dft_output,-1,-1,0,-147,1,228,100,356,57,25,89,linear_combination_of_three_input_crt_sources
dft3_output_pack,0,0,3,v6,2,-1,-1,-1,-1,-1,26,2,-1,-1,-1,-1,dft_output,-1,-1,0,-147,1,360,232,104,90,58,26,linear_combination_of_three_input_crt_sources
dft3_output_pack,0,0,3,v6,3,-1,-1,-1,-1,-1,27,2,-1,-1,-1,-1,dft_output,-1,-1,0,-147,1,108,364,236,27,91,59,linear_combination_of_three_input_crt_sources
dft3_output_pack,0,0,3,v6,4,-1,-1,-1,-1,-1,28,2,-1,-1,-1,-1,dft_output,-1,-1,0,-147,1,240,112,368,60,28,92,linear_combination_of_three_input_crt_sources
dft3_output_pack,0,0,3,v6,5,-1,-1,-1,-1,-1,29,2,-1,-1,-1,-1,dft_output,-1,-1,0,-147,1,372,244,116,93,61,29,linear_combination_of_three_input_crt_sources
dft3_output_pack,0,0,3,v6,6,-1,-1,-1,-1,-1,30,2,-1,-1,-1,-1,dft_output,-1,-1,0,-147,1,120,376,248,30,94,62,linear_combination_of_three_input_crt_sources
dft3_output_pack,0,0,3,v6,7,-1,-1,-1,-1,-1,31,2,-1,-1,-1,-1,dft_output,-1,-1,0,-147,1,252,124,380,63,31,95,linear_combination_of_three_input_crt_sources
ntt32_initial_natural_pack,0,0,0,v4,0,-1,-1,-1,-1,-1,0,0,0,32,0,0,state,-1,-1,0,-147,1,0,256,128,0,64,32,natural_input_for_incomplete_dif_ntt32_pre_len2_output
ntt32_initial_natural_pack,0,0,0,v4,1,-1,-1,-1,-1,-1,1,0,0,32,1,1,state,-1,-1,0,-147,1,132,4,260,33,1,65,natural_input_for_incomplete_dif_ntt32_pre_len2_output
ntt32_initial_natural_pack,0,0,0,v4,2,-1,-1,-1,-1,-1,2,0,0,32,2,2,state,-1,-1,0,-147,1,264,136,8,66,34,2,natural_input_for_incomplete_dif_ntt32_pre_len2_output
ntt32_initial_natural_pack,0,0,0,v4,3,-1,-1,-1,-1,-1,3,0,0,32,3,3,state,-1,-1,0,-147,1,12,268,140,3,67,35,natural_input_for_incomplete_dif_ntt32_pre_len2_output
ntt32_initial_natural_pack,0,0,0,v4,4,-1,-1,-1,-1,-1,4,0,0,32,4,4,state,-1,-1,0,-147,1,144,16,272,36,4,68,natural_input_for_incomplete_dif_ntt32_pre_len2_output
ntt32_initial_natural_pack,0,0,0,v4,5,-1,-1,-1,-1,-1,5,0,0,32,5,5,state,-1,-1,0,-147,1,276,148,20,69,37,5,natural_input_for_incomplete_dif_ntt32_pre_len2_output
ntt32_initial_natural_pack,0,0,0,v4,6,-1,-1,-1,-1,-1,6,0,0,32,6,6,state,-1,-1,0,-147,1,24,280,152,6,70,38,natural_input_for_incomplete_dif_ntt32_pre_len2_output
ntt32_initial_natural_pack,0,0,0,v4,7,-1,-1,-1,-1,-1,7,0,0,32,7,7,state,-1,-1,0,-147,1,156,28,284,39,7,71,natural_input_for_incomplete_dif_ntt32_pre_len2_output
ntt32_initial_natural_pack,0,0,1,v5,0,-1,-1,-1,-1,-1,8,0,0,32,8,8,state,-1,-1,0,-147,1,288,160,32,72,40,8,natural_input_for_incomplete_dif_ntt32_pre_len2_output
ntt32_initial_natural_pack,0,0,1,v5,1,-1,-1,-1,-1,-1,9,0,0,32,9,9,state,-1,-1,0,-147,1,36,292,164,9,73,41,natural_input_for_incomplete_dif_ntt32_pre_len2_output
ntt32_initial_natural_pack,0,0,1,v5,2,-1,-1,-1,-1,-1,10,0,0,32,10,10,state,-1,-1,0,-147,1,168,40,296,42,10,74,natural_input_for_incomplete_dif_ntt32_pre_len2_output
ntt32_initial_natural_pack,0,0,1,v5,3,-1,-1,-1,-1,-1,11,0,0,32,11,11,state,-1,-1,0,-147,1,300,172,44,75,43,11,natural_input_for_incomplete_dif_ntt32_pre_len2_output
ntt32_initial_natural_pack,0,0,1,v5,4,-1,-1,-1,-1,-1,12,0,0,32,12,12,state,-1,-1,0,-147,1,48,304,176,12,76,44,natural_input_for_incomplete_dif_ntt32_pre_len2_output
ntt32_initial_natural_pack,0,0,1,v5,5,-1,-1,-1,-1,-1,13,0,0,32,13,13,state,-1,-1,0,-147,1,180,52,308,45,13,77,natural_input_for_incomplete_dif_ntt32_pre_len2_output
ntt32_initial_natural_pack,0,0,1,v5,6,-1,-1,-1,-1,-1,14,0,0,32,14,14,state,-1,-1,0,-147,1,312,184,56,78,46,14,natural_input_for_incomplete_dif_ntt32_pre_len2_output
ntt32_initial_natural_pack,0,0,1,v5,7,-1,-1,-1,-1,-1,15,0,0,32,15,15,state,-1,-1,0,-147,1,60,316,188,15,79,47,natural_input_for_incomplete_dif_ntt32_pre_len2_output
ntt32_initial_natural_pack,0,0,2,v6,0,-1,-1,-1,-1,-1,16,0,0,32,16,16,state,-1,-1,0,-147,1,192,64,320,48,16,80,natural_input_for_incomplete_dif_ntt32_pre_len2_output
ntt32_initial_natural_pack,0,0,2,v6,1,-1,-1,-1,-1,-1,17,0,0,32,17,17,state,-1,-1,0,-147,1,324,196,68,81,49,17,natural_input_for_incomplete_dif_ntt32_pre_len2_output
ntt32_initial_natural_pack,0,0,2,v6,2,-1,-1,-1,-1,-1,18,0,0,32,18,18,state,-1,-1,0,-147,1,72,328,200,18,82,50,natural_input_for_incomplete_dif_ntt32_pre_len2_output
ntt32_initial_natural_pack,0,0,2,v6,3,-1,-1,-1,-1,-1,19,0,0,32,19,19,state,-1,-1,0,-147,1,204,76,332,51,19,83,natural_input_for_incomplete_dif_ntt32_pre_len2_output
ntt32_initial_natural_pack,0,0,2,v6,4,-1,-1,-1,-1,-1,20,0,0,32,20,20,state,-1,-1,0,-147,1,336,208,80,84,52,20,natural_input_for_incomplete_dif_ntt32_pre_len2_output
ntt32_initial_natural_pack,0,0,2,v6,5,-1,-1,-1,-1,-1,21,0,0,32,21,21,state,-1,-1,0,-147,1,84,340,212,21,85,53,natural_input_for_incomplete_dif_ntt32_pre_len2_output
ntt32_initial_natural_pack,0,0,2,v6,6,-1,-1,-1,-1,-1,22,0,0,32,22,22,state,-1,-1,0,-147,1,216,88,344,54,22,86,natural_input_for_incomplete_dif_ntt32_pre_len2_output
ntt32_initial_natural_pack,0,0,2,v6,7,-1,-1,-1,-1,-1,23,0,0,32,23,23,state,-1,-1,0,-147,1,348,220,92,87,55,23,natural_input_for_incomplete_dif_ntt32_pre_len2_output
ntt32_initial_natural_pack,0,0,3,v7,0,-1,-1,-1,-1,-1,24,0,0,32,24,24,state,-1,-1,0,-147,1,96,352,224,24,88,56,natural_input_for_incomplete_dif_ntt32_pre_len2_output
ntt32_initial_natural_pack,0,0,3,v7,1,-1,-1,-1,-1,-1,25,0,0,32,25,25,state,-1,-1,0,-147,1,228,100,356,57,25,89,natural_input_for_incomplete_dif_ntt32_pre_len2_output
ntt32_initial_natural_pack,0,0,3,v7,2,-1,-1,-1,-1,-1,26,0,0,32,26,26,state,-1,-1,0,-147,1,360,232,104,90,58,26,natural_input_for_incomplete_dif_ntt32_pre_len2_output
ntt32_initial_natural_pack,0,0,3,v7,3,-1,-1,-1,-1,-1,27,0,0,32,27,27,state,-1,-1,0,-147,1,108,364,236,27,91,59,natural_input_for_incomplete_dif_ntt32_pre_len2_output
ntt32_initial_natural_pack,0,0,3,v7,4,-1,-1,-1,-1,-1,28,0,0,32,28,28,state,-1,-1,0,-147,1,240,112,368,60,28,92,natural_input_for_incomplete_dif_ntt32_pre_len2_output
ntt32_initial_natural_pack,0,0,3,v7,5,-1,-1,-1,-1,-1,29,0,0,32,29,29,state,-1,-1,0,-147,1,372,244,116,93,61,29,natural_input_for_incomplete_dif_ntt32_pre_len2_output
ntt32_initial_natural_pack,0,0,3,v7,6,-1,-1,-1,-1,-1,30,0,0,32,30,30,state,-1,-1,0,-147,1,120,376,248,30,94,62,natural_input_for_incomplete_dif_ntt32_pre_len2_output
ntt32_initial_natural_pack,0,0,3,v7,7,-1,-1,-1,-1,-1,31,0,0,32,31,31,state,-1,-1,0,-147,1,252,124,380,63,31,95,natural_input_for_incomplete_dif_ntt32_pre_len2_output
ntt32_butterfly_operand,0,0,0,v4,0,-1,-1,-1,-1,-1,-1,0,1,32,0,-1,lo,0,16,0,-147,1,-1,-1,-1,-1,-1,-1,low_operand_for_dif_butterfly
ntt32_butterfly_operand,0,0,2,v6,0,-1,-1,-1,-1,-1,-1,0,1,32,16,-1,hi,0,16,0,-147,1,-1,-1,-1,-1,-1,-1,dif_high_output_gets_(lo-hi)_times_twiddle
ntt32_butterfly_operand,0,0,0,v4,1,-1,-1,-1,-1,-1,-1,0,1,32,1,-1,lo,1,17,1,484,1784,-1,-1,-1,-1,-1,-1,low_operand_for_dif_butterfly
ntt32_butterfly_operand,0,0,2,v6,1,-1,-1,-1,-1,-1,-1,0,1,32,17,-1,hi,1,17,1,484,1784,-1,-1,-1,-1,-1,-1,dif_high_output_gets_(lo-hi)_times_twiddle
ntt32_butterfly_operand,0,0,0,v4,2,-1,-1,-1,-1,-1,-1,0,1,32,2,-1,lo,2,18,2,-794,2216,-1,-1,-1,-1,-1,-1,low_operand_for_dif_butterfly
ntt32_butterfly_operand,0,0,2,v6,2,-1,-1,-1,-1,-1,-1,0,1,32,18,-1,hi,2,18,2,-794,2216,-1,-1,-1,-1,-1,-1,dif_high_output_gets_(lo-hi)_times_twiddle
ntt32_butterfly_operand,0,0,0,v4,3,-1,-1,-1,-1,-1,-1,0,1,32,3,-1,lo,3,19,3,874,1993,-1,-1,-1,-1,-1,-1,low_operand_for_dif_butterfly
ntt32_butterfly_operand,0,0,2,v6,3,-1,-1,-1,-1,-1,-1,0,1,32,19,-1,hi,3,19,3,874,1993,-1,-1,-1,-1,-1,-1,dif_high_output_gets_(lo-hi)_times_twiddle
ntt32_butterfly_operand,0,0,0,v4,4,-1,-1,-1,-1,-1,-1,0,1,32,4,-1,lo,4,20,4,109,1716,-1,-1,-1,-1,-1,-1,low_operand_for_dif_butterfly
ntt32_butterfly_operand,0,0,2,v6,4,-1,-1,-1,-1,-1,-1,0,1,32,20,-1,hi,4,20,4,109,1716,-1,-1,-1,-1,-1,-1,dif_high_output_gets_(lo-hi)_times_twiddle
ntt32_butterfly_operand,0,0,0,v4,5,-1,-1,-1,-1,-1,-1,0,1,32,5,-1,lo,5,21,5,864,1899,-1,-1,-1,-1,-1,-1,low_operand_for_dif_butterfly
ntt32_butterfly_operand,0,0,2,v6,5,-1,-1,-1,-1,-1,-1,0,1,32,21,-1,hi,5,21,5,864,1899,-1,-1,-1,-1,-1,-1,dif_high_output_gets_(lo-hi)_times_twiddle
ntt32_butterfly_operand,0,0,0,v4,6,-1,-1,-1,-1,-1,-1,0,1,32,6,-1,lo,6,22,6,-446,3413,-1,-1,-1,-1,-1,-1,low_operand_for_dif_butterfly
ntt32_butterfly_operand,0,0,2,v6,6,-1,-1,-1,-1,-1,-1,0,1,32,22,-1,hi,6,22,6,-446,3413,-1,-1,-1,-1,-1,-1,dif_high_output_gets_(lo-hi)_times_twiddle
ntt32_butterfly_operand,0,0,0,v4,7,-1,-1,-1,-1,-1,-1,0,1,32,7,-1,lo,7,23,7,-554,1015,-1,-1,-1,-1,-1,-1,low_operand_for_dif_butterfly
ntt32_butterfly_operand,0,0,2,v6,7,-1,-1,-1,-1,-1,-1,0,1,32,23,-1,hi,7,23,7,-554,1015,-1,-1,-1,-1,-1,-1,dif_high_output_gets_(lo-hi)_times_twiddle
ntt32_butterfly_operand,0,0,1,v5,0,-1,-1,-1,-1,-1,-1,0,1,32,8,-1,lo,8,24,8,366,2749,-1,-1,-1,-1,-1,-1,low_operand_for_dif_butterfly
ntt32_butterfly_operand,0,0,3,v7,0,-1,-1,-1,-1,-1,-1,0,1,32,24,-1,hi,8,24,8,366,2749,-1,-1,-1,-1,-1,-1,dif_high_output_gets_(lo-hi)_times_twiddle
ntt32_butterfly_operand,0,0,1,v5,1,-1,-1,-1,-1,-1,-1,0,1,32,9,-1,lo,9,25,9,-429,2190,-1,-1,-1,-1,-1,-1,low_operand_for_dif_butterfly
ntt32_butterfly_operand,0,0,3,v7,1,-1,-1,-1,-1,-1,-1,0,1,32,25,-1,hi,9,25,9,-429,2190,-1,-1,-1,-1,-1,-1,dif_high_output_gets_(lo-hi)_times_twiddle
ntt32_butterfly_operand,0,0,1,v5,2,-1,-1,-1,-1,-1,-1,0,1,32,10,-1,lo,10,26,10,-1339,550,-1,-1,-1,-1,-1,-1,low_operand_for_dif_butterfly
ntt32_butterfly_operand,0,0,3,v7,2,-1,-1,-1,-1,-1,-1,0,1,32,26,-1,hi,10,26,10,-1339,550,-1,-1,-1,-1,-1,-1,dif_high_output_gets_(lo-hi)_times_twiddle
ntt32_butterfly_operand,0,0,1,v5,3,-1,-1,-1,-1,-1,-1,0,1,32,11,-1,lo,11,27,11,11,2869,-1,-1,-1,-1,-1,-1,low_operand_for_dif_butterfly
ntt32_butterfly_operand,0,0,3,v7,3,-1,-1,-1,-1,-1,-1,0,1,32,27,-1,hi,11,27,11,11,2869,-1,-1,-1,-1,-1,-1,dif_high_output_gets_(lo-hi)_times_twiddle
ntt32_butterfly_operand,0,0,1,v5,4,-1,-1,-1,-1,-1,-1,0,1,32,12,-1,lo,12,28,12,-1118,1936,-1,-1,-1,-1,-1,-1,low_operand_for_dif_butterfly
ntt32_butterfly_operand,0,0,3,v7,4,-1,-1,-1,-1,-1,-1,0,1,32,28,-1,hi,12,28,12,-1118,1936,-1,-1,-1,-1,-1,-1,dif_high_output_gets_(lo-hi)_times_twiddle
ntt32_butterfly_operand,0,0,1,v5,5,-1,-1,-1,-1,-1,-1,0,1,32,13,-1,lo,13,29,13,177,281,-1,-1,-1,-1,-1,-1,low_operand_for_dif_butterfly
ntt32_butterfly_operand,0,0,3,v7,5,-1,-1,-1,-1,-1,-1,0,1,32,29,-1,hi,13,29,13,177,281,-1,-1,-1,-1,-1,-1,dif_high_output_gets_(lo-hi)_times_twiddle
ntt32_butterfly_operand,0,0,1,v5,6,-1,-1,-1,-1,-1,-1,0,1,32,14,-1,lo,14,30,14,1181,39,-1,-1,-1,-1,-1,-1,low_operand_for_dif_butterfly
ntt32_butterfly_operand,0,0,3,v7,6,-1,-1,-1,-1,-1,-1,0,1,32,30,-1,hi,14,30,14,1181,39,-1,-1,-1,-1,-1,-1,dif_high_output_gets_(lo-hi)_times_twiddle
ntt32_butterfly_operand,0,0,1,v5,7,-1,-1,-1,-1,-1,-1,0,1,32,15,-1,lo,15,31,15,1591,436,-1,-1,-1,-1,-1,-1,low_operand_for_dif_butterfly
ntt32_butterfly_operand,0,0,3,v7,7,-1,-1,-1,-1,-1,-1,0,1,32,31,-1,hi,15,31,15,1591,436,-1,-1,-1,-1,-1,-1,dif_high_output_gets_(lo-hi)_times_twiddle
ntt32_butterfly_operand,0,0,0,v4,0,-1,-1,-1,-1,-1,-1,0,2,16,0,-1,lo,0,8,0,-147,1,-1,-1,-1,-1,-1,-1,low_operand_for_dif_butterfly
ntt32_butterfly_operand,0,0,1,v5,0,-1,-1,-1,-1,-1,-1,0,2,16,8,-1,hi,0,8,0,-147,1,-1,-1,-1,-1,-1,-1,dif_high_output_gets_(lo-hi)_times_twiddle
ntt32_butterfly_operand,0,0,0,v4,1,-1,-1,-1,-1,-1,-1,0,2,16,1,-1,lo,1,9,2,-794,2216,-1,-1,-1,-1,-1,-1,low_operand_for_dif_butterfly
ntt32_butterfly_operand,0,0,1,v5,1,-1,-1,-1,-1,-1,-1,0,2,16,9,-1,hi,1,9,2,-794,2216,-1,-1,-1,-1,-1,-1,dif_high_output_gets_(lo-hi)_times_twiddle
ntt32_butterfly_operand,0,0,0,v4,2,-1,-1,-1,-1,-1,-1,0,2,16,2,-1,lo,2,10,4,109,1716,-1,-1,-1,-1,-1,-1,low_operand_for_dif_butterfly
ntt32_butterfly_operand,0,0,1,v5,2,-1,-1,-1,-1,-1,-1,0,2,16,10,-1,hi,2,10,4,109,1716,-1,-1,-1,-1,-1,-1,dif_high_output_gets_(lo-hi)_times_twiddle
ntt32_butterfly_operand,0,0,0,v4,3,-1,-1,-1,-1,-1,-1,0,2,16,3,-1,lo,3,11,6,-446,3413,-1,-1,-1,-1,-1,-1,low_operand_for_dif_butterfly
ntt32_butterfly_operand,0,0,1,v5,3,-1,-1,-1,-1,-1,-1,0,2,16,11,-1,hi,3,11,6,-446,3413,-1,-1,-1,-1,-1,-1,dif_high_output_gets_(lo-hi)_times_twiddle
ntt32_butterfly_operand,0,0,0,v4,4,-1,-1,-1,-1,-1,-1,0,2,16,4,-1,lo,4,12,8,366,2749,-1,-1,-1,-1,-1,-1,low_operand_for_dif_butterfly
ntt32_butterfly_operand,0,0,1,v5,4,-1,-1,-1,-1,-1,-1,0,2,16,12,-1,hi,4,12,8,366,2749,-1,-1,-1,-1,-1,-1,dif_high_output_gets_(lo-hi)_times_twiddle
ntt32_butterfly_operand,0,0,0,v4,5,-1,-1,-1,-1,-1,-1,0,2,16,5,-1,lo,5,13,10,-1339,550,-1,-1,-1,-1,-1,-1,low_operand_for_dif_butterfly
ntt32_butterfly_operand,0,0,1,v5,5,-1,-1,-1,-1,-1,-1,0,2,16,13,-1,hi,5,13,10,-1339,550,-1,-1,-1,-1,-1,-1,dif_high_output_gets_(lo-hi)_times_twiddle
ntt32_butterfly_operand,0,0,0,v4,6,-1,-1,-1,-1,-1,-1,0,2,16,6,-1,lo,6,14,12,-1118,1936,-1,-1,-1,-1,-1,-1,low_operand_for_dif_butterfly
ntt32_butterfly_operand,0,0,1,v5,6,-1,-1,-1,-1,-1,-1,0,2,16,14,-1,hi,6,14,12,-1118,1936,-1,-1,-1,-1,-1,-1,dif_high_output_gets_(lo-hi)_times_twiddle
ntt32_butterfly_operand,0,0,0,v4,7,-1,-1,-1,-1,-1,-1,0,2,16,7,-1,lo,7,15,14,1181,39,-1,-1,-1,-1,-1,-1,low_operand_for_dif_butterfly
ntt32_butterfly_operand,0,0,1,v5,7,-1,-1,-1,-1,-1,-1,0,2,16,15,-1,hi,7,15,14,1181,39,-1,-1,-1,-1,-1,-1,dif_high_output_gets_(lo-hi)_times_twiddle
ntt32_butterfly_operand,0,0,2,v6,0,-1,-1,-1,-1,-1,-1,0,2,16,16,-1,lo,16,24,0,-147,1,-1,-1,-1,-1,-1,-1,low_operand_for_dif_butterfly
ntt32_butterfly_operand,0,0,3,v7,0,-1,-1,-1,-1,-1,-1,0,2,16,24,-1,hi,16,24,0,-147,1,-1,-1,-1,-1,-1,-1,dif_high_output_gets_(lo-hi)_times_twiddle
ntt32_butterfly_operand,0,0,2,v6,1,-1,-1,-1,-1,-1,-1,0,2,16,17,-1,lo,17,25,2,-794,2216,-1,-1,-1,-1,-1,-1,low_operand_for_dif_butterfly
ntt32_butterfly_operand,0,0,3,v7,1,-1,-1,-1,-1,-1,-1,0,2,16,25,-1,hi,17,25,2,-794,2216,-1,-1,-1,-1,-1,-1,dif_high_output_gets_(lo-hi)_times_twiddle
ntt32_butterfly_operand,0,0,2,v6,2,-1,-1,-1,-1,-1,-1,0,2,16,18,-1,lo,18,26,4,109,1716,-1,-1,-1,-1,-1,-1,low_operand_for_dif_butterfly
ntt32_butterfly_operand,0,0,3,v7,2,-1,-1,-1,-1,-1,-1,0,2,16,26,-1,hi,18,26,4,109,1716,-1,-1,-1,-1,-1,-1,dif_high_output_gets_(lo-hi)_times_twiddle
ntt32_butterfly_operand,0,0,2,v6,3,-1,-1,-1,-1,-1,-1,0,2,16,19,-1,lo,19,27,6,-446,3413,-1,-1,-1,-1,-1,-1,low_operand_for_dif_butterfly
ntt32_butterfly_operand,0,0,3,v7,3,-1,-1,-1,-1,-1,-1,0,2,16,27,-1,hi,19,27,6,-446,3413,-1,-1,-1,-1,-1,-1,dif_high_output_gets_(lo-hi)_times_twiddle
ntt32_butterfly_operand,0,0,2,v6,4,-1,-1,-1,-1,-1,-1,0,2,16,20,-1,lo,20,28,8,366,2749,-1,-1,-1,-1,-1,-1,low_operand_for_dif_butterfly
ntt32_butterfly_operand,0,0,3,v7,4,-1,-1,-1,-1,-1,-1,0,2,16,28,-1,hi,20,28,8,366,2749,-1,-1,-1,-1,-1,-1,dif_high_output_gets_(lo-hi)_times_twiddle
ntt32_butterfly_operand,0,0,2,v6,5,-1,-1,-1,-1,-1,-1,0,2,16,21,-1,lo,21,29,10,-1339,550,-1,-1,-1,-1,-1,-1,low_operand_for_dif_butterfly
ntt32_butterfly_operand,0,0,3,v7,5,-1,-1,-1,-1,-1,-1,0,2,16,29,-1,hi,21,29,10,-1339,550,-1,-1,-1,-1,-1,-1,dif_high_output_gets_(lo-hi)_times_twiddle
ntt32_butterfly_operand,0,0,2,v6,6,-1,-1,-1,-1,-1,-1,0,2,16,22,-1,lo,22,30,12,-1118,1936,-1,-1,-1,-1,-1,-1,low_operand_for_dif_butterfly
ntt32_butterfly_operand,0,0,3,v7,6,-1,-1,-1,-1,-1,-1,0,2,16,30,-1,hi,22,30,12,-1118,1936,-1,-1,-1,-1,-1,-1,dif_high_output_gets_(lo-hi)_times_twiddle
ntt32_butterfly_operand,0,0,2,v6,7,-1,-1,-1,-1,-1,-1,0,2,16,23,-1,lo,23,31,14,1181,39,-1,-1,-1,-1,-1,-1,low_operand_for_dif_butterfly
ntt32_butterfly_operand,0,0,3,v7,7,-1,-1,-1,-1,-1,-1,0,2,16,31,-1,hi,23,31,14,1181,39,-1,-1,-1,-1,-1,-1,dif_high_output_gets_(lo-hi)_times_twiddle
ntt32_butterfly_operand,0,0,0,v4,0,-1,-1,-1,-1,-1,-1,0,3,8,0,-1,lo,0,4,0,-147,1,-1,-1,-1,-1,-1,-1,low_operand_for_dif_butterfly
ntt32_butterfly_operand,0,0,0,v4,4,-1,-1,-1,-1,-1,-1,0,3,8,4,-1,hi,0,4,0,-147,1,-1,-1,-1,-1,-1,-1,dif_high_output_gets_(lo-hi)_times_twiddle
ntt32_butterfly_operand,0,0,0,v4,1,-1,-1,-1,-1,-1,-1,0,3,8,1,-1,lo,1,5,4,109,1716,-1,-1,-1,-1,-1,-1,low_operand_for_dif_butterfly
ntt32_butterfly_operand,0,0,0,v4,5,-1,-1,-1,-1,-1,-1,0,3,8,5,-1,hi,1,5,4,109,1716,-1,-1,-1,-1,-1,-1,dif_high_output_gets_(lo-hi)_times_twiddle
ntt32_butterfly_operand,0,0,0,v4,2,-1,-1,-1,-1,-1,-1,0,3,8,2,-1,lo,2,6,8,366,2749,-1,-1,-1,-1,-1,-1,low_operand_for_dif_butterfly
ntt32_butterfly_operand,0,0,0,v4,6,-1,-1,-1,-1,-1,-1,0,3,8,6,-1,hi,2,6,8,366,2749,-1,-1,-1,-1,-1,-1,dif_high_output_gets_(lo-hi)_times_twiddle
ntt32_butterfly_operand,0,0,0,v4,3,-1,-1,-1,-1,-1,-1,0,3,8,3,-1,lo,3,7,12,-1118,1936,-1,-1,-1,-1,-1,-1,low_operand_for_dif_butterfly
ntt32_butterfly_operand,0,0,0,v4,7,-1,-1,-1,-1,-1,-1,0,3,8,7,-1,hi,3,7,12,-1118,1936,-1,-1,-1,-1,-1,-1,dif_high_output_gets_(lo-hi)_times_twiddle
ntt32_butterfly_operand,0,0,1,v5,0,-1,-1,-1,-1,-1,-1,0,3,8,8,-1,lo,8,12,0,-147,1,-1,-1,-1,-1,-1,-1,low_operand_for_dif_butterfly
ntt32_butterfly_operand,0,0,1,v5,4,-1,-1,-1,-1,-1,-1,0,3,8,12,-1,hi,8,12,0,-147,1,-1,-1,-1,-1,-1,-1,dif_high_output_gets_(lo-hi)_times_twiddle
ntt32_butterfly_operand,0,0,1,v5,1,-1,-1,-1,-1,-1,-1,0,3,8,9,-1,lo,9,13,4,109,1716,-1,-1,-1,-1,-1,-1,low_operand_for_dif_butterfly
ntt32_butterfly_operand,0,0,1,v5,5,-1,-1,-1,-1,-1,-1,0,3,8,13,-1,hi,9,13,4,109,1716,-1,-1,-1,-1,-1,-1,dif_high_output_gets_(lo-hi)_times_twiddle
ntt32_butterfly_operand,0,0,1,v5,2,-1,-1,-1,-1,-1,-1,0,3,8,10,-1,lo,10,14,8,366,2749,-1,-1,-1,-1,-1,-1,low_operand_for_dif_butterfly
ntt32_butterfly_operand,0,0,1,v5,6,-1,-1,-1,-1,-1,-1,0,3,8,14,-1,hi,10,14,8,366,2749,-1,-1,-1,-1,-1,-1,dif_high_output_gets_(lo-hi)_times_twiddle
ntt32_butterfly_operand,0,0,1,v5,3,-1,-1,-1,-1,-1,-1,0,3,8,11,-1,lo,11,15,12,-1118,1936,-1,-1,-1,-1,-1,-1,low_operand_for_dif_butterfly
ntt32_butterfly_operand,0,0,1,v5,7,-1,-1,-1,-1,-1,-1,0,3,8,15,-1,hi,11,15,12,-1118,1936,-1,-1,-1,-1,-1,-1,dif_high_output_gets_(lo-hi)_times_twiddle
ntt32_butterfly_operand,0,0,2,v6,0,-1,-1,-1,-1,-1,-1,0,3,8,16,-1,lo,16,20,0,-147,1,-1,-1,-1,-1,-1,-1,low_operand_for_dif_butterfly
ntt32_butterfly_operand,0,0,2,v6,4,-1,-1,-1,-1,-1,-1,0,3,8,20,-1,hi,16,20,0,-147,1,-1,-1,-1,-1,-1,-1,dif_high_output_gets_(lo-hi)_times_twiddle
ntt32_butterfly_operand,0,0,2,v6,1,-1,-1,-1,-1,-1,-1,0,3,8,17,-1,lo,17,21,4,109,1716,-1,-1,-1,-1,-1,-1,low_operand_for_dif_butterfly
ntt32_butterfly_operand,0,0,2,v6,5,-1,-1,-1,-1,-1,-1,0,3,8,21,-1,hi,17,21,4,109,1716,-1,-1,-1,-1,-1,-1,dif_high_output_gets_(lo-hi)_times_twiddle
ntt32_butterfly_operand,0,0,2,v6,2,-1,-1,-1,-1,-1,-1,0,3,8,18,-1,lo,18,22,8,366,2749,-1,-1,-1,-1,-1,-1,low_operand_for_dif_butterfly
ntt32_butterfly_operand,0,0,2,v6,6,-1,-1,-1,-1,-1,-1,0,3,8,22,-1,hi,18,22,8,366,2749,-1,-1,-1,-1,-1,-1,dif_high_output_gets_(lo-hi)_times_twiddle
ntt32_butterfly_operand,0,0,2,v6,3,-1,-1,-1,-1,-1,-1,0,3,8,19,-1,lo,19,23,12,-1118,1936,-1,-1,-1,-1,-1,-1,low_operand_for_dif_butterfly
ntt32_butterfly_operand,0,0,2,v6,7,-1,-1,-1,-1,-1,-1,0,3,8,23,-1,hi,19,23,12,-1118,1936,-1,-1,-1,-1,-1,-1,dif_high_output_gets_(lo-hi)_times_twiddle
ntt32_butterfly_operand,0,0,3,v7,0,-1,-1,-1,-1,-1,-1,0,3,8,24,-1,lo,24,28,0,-147,1,-1,-1,-1,-1,-1,-1,low_operand_for_dif_butterfly
ntt32_butterfly_operand,0,0,3,v7,4,-1,-1,-1,-1,-1,-1,0,3,8,28,-1,hi,24,28,0,-147,1,-1,-1,-1,-1,-1,-1,dif_high_output_gets_(lo-hi)_times_twiddle
ntt32_butterfly_operand,0,0,3,v7,1,-1,-1,-1,-1,-1,-1,0,3,8,25,-1,lo,25,29,4,109,1716,-1,-1,-1,-1,-1,-1,low_operand_for_dif_butterfly
ntt32_butterfly_operand,0,0,3,v7,5,-1,-1,-1,-1,-1,-1,0,3,8,29,-1,hi,25,29,4,109,1716,-1,-1,-1,-1,-1,-1,dif_high_output_gets_(lo-hi)_times_twiddle
ntt32_butterfly_operand,0,0,3,v7,2,-1,-1,-1,-1,-1,-1,0,3,8,26,-1,lo,26,30,8,366,2749,-1,-1,-1,-1,-1,-1,low_operand_for_dif_butterfly
ntt32_butterfly_operand,0,0,3,v7,6,-1,-1,-1,-1,-1,-1,0,3,8,30,-1,hi,26,30,8,366,2749,-1,-1,-1,-1,-1,-1,dif_high_output_gets_(lo-hi)_times_twiddle
ntt32_butterfly_operand,0,0,3,v7,3,-1,-1,-1,-1,-1,-1,0,3,8,27,-1,lo,27,31,12,-1118,1936,-1,-1,-1,-1,-1,-1,low_operand_for_dif_butterfly
ntt32_butterfly_operand,0,0,3,v7,7,-1,-1,-1,-1,-1,-1,0,3,8,31,-1,hi,27,31,12,-1118,1936,-1,-1,-1,-1,-1,-1,dif_high_output_gets_(lo-hi)_times_twiddle
ntt32_butterfly_operand,0,0,0,v4,0,-1,-1,-1,-1,-1,-1,0,4,4,0,-1,lo,0,2,0,-147,1,-1,-1,-1,-1,-1,-1,low_operand_for_dif_butterfly
ntt32_butterfly_operand,0,0,0,v4,2,-1,-1,-1,-1,-1,-1,0,4,4,2,-1,hi,0,2,0,-147,1,-1,-1,-1,-1,-1,-1,dif_high_output_gets_(lo-hi)_times_twiddle
ntt32_butterfly_operand,0,0,0,v4,1,-1,-1,-1,-1,-1,-1,0,4,4,1,-1,lo,1,3,8,366,2749,-1,-1,-1,-1,-1,-1,low_operand_for_dif_butterfly
ntt32_butterfly_operand,0,0,0,v4,3,-1,-1,-1,-1,-1,-1,0,4,4,3,-1,hi,1,3,8,366,2749,-1,-1,-1,-1,-1,-1,dif_high_output_gets_(lo-hi)_times_twiddle
ntt32_butterfly_operand,0,0,0,v4,4,-1,-1,-1,-1,-1,-1,0,4,4,4,-1,lo,4,6,0,-147,1,-1,-1,-1,-1,-1,-1,low_operand_for_dif_butterfly
ntt32_butterfly_operand,0,0,0,v4,6,-1,-1,-1,-1,-1,-1,0,4,4,6,-1,hi,4,6,0,-147,1,-1,-1,-1,-1,-1,-1,dif_high_output_gets_(lo-hi)_times_twiddle
ntt32_butterfly_operand,0,0,0,v4,5,-1,-1,-1,-1,-1,-1,0,4,4,5,-1,lo,5,7,8,366,2749,-1,-1,-1,-1,-1,-1,low_operand_for_dif_butterfly
ntt32_butterfly_operand,0,0,0,v4,7,-1,-1,-1,-1,-1,-1,0,4,4,7,-1,hi,5,7,8,366,2749,-1,-1,-1,-1,-1,-1,dif_high_output_gets_(lo-hi)_times_twiddle
ntt32_butterfly_operand,0,0,1,v5,0,-1,-1,-1,-1,-1,-1,0,4,4,8,-1,lo,8,10,0,-147,1,-1,-1,-1,-1,-1,-1,low_operand_for_dif_butterfly
ntt32_butterfly_operand,0,0,1,v5,2,-1,-1,-1,-1,-1,-1,0,4,4,10,-1,hi,8,10,0,-147,1,-1,-1,-1,-1,-1,-1,dif_high_output_gets_(lo-hi)_times_twiddle
ntt32_butterfly_operand,0,0,1,v5,1,-1,-1,-1,-1,-1,-1,0,4,4,9,-1,lo,9,11,8,366,2749,-1,-1,-1,-1,-1,-1,low_operand_for_dif_butterfly
ntt32_butterfly_operand,0,0,1,v5,3,-1,-1,-1,-1,-1,-1,0,4,4,11,-1,hi,9,11,8,366,2749,-1,-1,-1,-1,-1,-1,dif_high_output_gets_(lo-hi)_times_twiddle
ntt32_butterfly_operand,0,0,1,v5,4,-1,-1,-1,-1,-1,-1,0,4,4,12,-1,lo,12,14,0,-147,1,-1,-1,-1,-1,-1,-1,low_operand_for_dif_butterfly
ntt32_butterfly_operand,0,0,1,v5,6,-1,-1,-1,-1,-1,-1,0,4,4,14,-1,hi,12,14,0,-147,1,-1,-1,-1,-1,-1,-1,dif_high_output_gets_(lo-hi)_times_twiddle
ntt32_butterfly_operand,0,0,1,v5,5,-1,-1,-1,-1,-1,-1,0,4,4,13,-1,lo,13,15,8,366,2749,-1,-1,-1,-1,-1,-1,low_operand_for_dif_butterfly
ntt32_butterfly_operand,0,0,1,v5,7,-1,-1,-1,-1,-1,-1,0,4,4,15,-1,hi,13,15,8,366,2749,-1,-1,-1,-1,-1,-1,dif_high_output_gets_(lo-hi)_times_twiddle
ntt32_butterfly_operand,0,0,2,v6,0,-1,-1,-1,-1,-1,-1,0,4,4,16,-1,lo,16,18,0,-147,1,-1,-1,-1,-1,-1,-1,low_operand_for_dif_butterfly
ntt32_butterfly_operand,0,0,2,v6,2,-1,-1,-1,-1,-1,-1,0,4,4,18,-1,hi,16,18,0,-147,1,-1,-1,-1,-1,-1,-1,dif_high_output_gets_(lo-hi)_times_twiddle
ntt32_butterfly_operand,0,0,2,v6,1,-1,-1,-1,-1,-1,-1,0,4,4,17,-1,lo,17,19,8,366,2749,-1,-1,-1,-1,-1,-1,low_operand_for_dif_butterfly
ntt32_butterfly_operand,0,0,2,v6,3,-1,-1,-1,-1,-1,-1,0,4,4,19,-1,hi,17,19,8,366,2749,-1,-1,-1,-1,-1,-1,dif_high_output_gets_(lo-hi)_times_twiddle
ntt32_butterfly_operand,0,0,2,v6,4,-1,-1,-1,-1,-1,-1,0,4,4,20,-1,lo,20,22,0,-147,1,-1,-1,-1,-1,-1,-1,low_operand_for_dif_butterfly
ntt32_butterfly_operand,0,0,2,v6,6,-1,-1,-1,-1,-1,-1,0,4,4,22,-1,hi,20,22,0,-147,1,-1,-1,-1,-1,-1,-1,dif_high_output_gets_(lo-hi)_times_twiddle
ntt32_butterfly_operand,0,0,2,v6,5,-1,-1,-1,-1,-1,-1,0,4,4,21,-1,lo,21,23,8,366,2749,-1,-1,-1,-1,-1,-1,low_operand_for_dif_butterfly
ntt32_butterfly_operand,0,0,2,v6,7,-1,-1,-1,-1,-1,-1,0,4,4,23,-1,hi,21,23,8,366,2749,-1,-1,-1,-1,-1,-1,dif_high_output_gets_(lo-hi)_times_twiddle
ntt32_butterfly_operand,0,0,3,v7,0,-1,-1,-1,-1,-1,-1,0,4,4,24,-1,lo,24,26,0,-147,1,-1,-1,-1,-1,-1,-1,low_operand_for_dif_butterfly
ntt32_butterfly_operand,0,0,3,v7,2,-1,-1,-1,-1,-1,-1,0,4,4,26,-1,hi,24,26,0,-147,1,-1,-1,-1,-1,-1,-1,dif_high_output_gets_(lo-hi)_times_twiddle
ntt32_butterfly_operand,0,0,3,v7,1,-1,-1,-1,-1,-1,-1,0,4,4,25,-1,lo,25,27,8,366,2749,-1,-1,-1,-1,-1,-1,low_operand_for_dif_butterfly
ntt32_butterfly_operand,0,0,3,v7,3,-1,-1,-1,-1,-1,-1,0,4,4,27,-1,hi,25,27,8,366,2749,-1,-1,-1,-1,-1,-1,dif_high_output_gets_(lo-hi)_times_twiddle
ntt32_butterfly_operand,0,0,3,v7,4,-1,-1,-1,-1,-1,-1,0,4,4,28,-1,lo,28,30,0,-147,1,-1,-1,-1,-1,-1,-1,low_operand_for_dif_butterfly
ntt32_butterfly_operand,0,0,3,v7,6,-1,-1,-1,-1,-1,-1,0,4,4,30,-1,hi,28,30,0,-147,1,-1,-1,-1,-1,-1,-1,dif_high_output_gets_(lo-hi)_times_twiddle
ntt32_butterfly_operand,0,0,3,v7,5,-1,-1,-1,-1,-1,-1,0,4,4,29,-1,lo,29,31,8,366,2749,-1,-1,-1,-1,-1,-1,low_operand_for_dif_butterfly
ntt32_butterfly_operand,0,0,3,v7,7,-1,-1,-1,-1,-1,-1,0,4,4,31,-1,hi,29,31,8,366,2749,-1,-1,-1,-1,-1,-1,dif_high_output_gets_(lo-hi)_times_twiddle
ntt32_initial_natural_pack,0,0,0,v4,0,-1,-1,-1,-1,-1,0,1,0,32,0,0,state,-1,-1,0,-147,1,0,256,128,0,64,32,natural_input_for_incomplete_dif_ntt32_pre_len2_output
ntt32_initial_natural_pack,0,0,0,v4,1,-1,-1,-1,-1,-1,1,1,0,32,1,1,state,-1,-1,0,-147,1,132,4,260,33,1,65,natural_input_for_incomplete_dif_ntt32_pre_len2_output
ntt32_initial_natural_pack,0,0,0,v4,2,-1,-1,-1,-1,-1,2,1,0,32,2,2,state,-1,-1,0,-147,1,264,136,8,66,34,2,natural_input_for_incomplete_dif_ntt32_pre_len2_output
ntt32_initial_natural_pack,0,0,0,v4,3,-1,-1,-1,-1,-1,3,1,0,32,3,3,state,-1,-1,0,-147,1,12,268,140,3,67,35,natural_input_for_incomplete_dif_ntt32_pre_len2_output
ntt32_initial_natural_pack,0,0,0,v4,4,-1,-1,-1,-1,-1,4,1,0,32,4,4,state,-1,-1,0,-147,1,144,16,272,36,4,68,natural_input_for_incomplete_dif_ntt32_pre_len2_output
ntt32_initial_natural_pack,0,0,0,v4,5,-1,-1,-1,-1,-1,5,1,0,32,5,5,state,-1,-1,0,-147,1,276,148,20,69,37,5,natural_input_for_incomplete_dif_ntt32_pre_len2_output
ntt32_initial_natural_pack,0,0,0,v4,6,-1,-1,-1,-1,-1,6,1,0,32,6,6,state,-1,-1,0,-147,1,24,280,152,6,70,38,natural_input_for_incomplete_dif_ntt32_pre_len2_output
ntt32_initial_natural_pack,0,0,0,v4,7,-1,-1,-1,-1,-1,7,1,0,32,7,7,state,-1,-1,0,-147,1,156,28,284,39,7,71,natural_input_for_incomplete_dif_ntt32_pre_len2_output
ntt32_initial_natural_pack,0,0,1,v5,0,-1,-1,-1,-1,-1,8,1,0,32,8,8,state,-1,-1,0,-147,1,288,160,32,72,40,8,natural_input_for_incomplete_dif_ntt32_pre_len2_output
ntt32_initial_natural_pack,0,0,1,v5,1,-1,-1,-1,-1,-1,9,1,0,32,9,9,state,-1,-1,0,-147,1,36,292,164,9,73,41,natural_input_for_incomplete_dif_ntt32_pre_len2_output
ntt32_initial_natural_pack,0,0,1,v5,2,-1,-1,-1,-1,-1,10,1,0,32,10,10,state,-1,-1,0,-147,1,168,40,296,42,10,74,natural_input_for_incomplete_dif_ntt32_pre_len2_output
ntt32_initial_natural_pack,0,0,1,v5,3,-1,-1,-1,-1,-1,11,1,0,32,11,11,state,-1,-1,0,-147,1,300,172,44,75,43,11,natural_input_for_incomplete_dif_ntt32_pre_len2_output
ntt32_initial_natural_pack,0,0,1,v5,4,-1,-1,-1,-1,-1,12,1,0,32,12,12,state,-1,-1,0,-147,1,48,304,176,12,76,44,natural_input_for_incomplete_dif_ntt32_pre_len2_output
ntt32_initial_natural_pack,0,0,1,v5,5,-1,-1,-1,-1,-1,13,1,0,32,13,13,state,-1,-1,0,-147,1,180,52,308,45,13,77,natural_input_for_incomplete_dif_ntt32_pre_len2_output
ntt32_initial_natural_pack,0,0,1,v5,6,-1,-1,-1,-1,-1,14,1,0,32,14,14,state,-1,-1,0,-147,1,312,184,56,78,46,14,natural_input_for_incomplete_dif_ntt32_pre_len2_output
ntt32_initial_natural_pack,0,0,1,v5,7,-1,-1,-1,-1,-1,15,1,0,32,15,15,state,-1,-1,0,-147,1,60,316,188,15,79,47,natural_input_for_incomplete_dif_ntt32_pre_len2_output
ntt32_initial_natural_pack,0,0,2,v6,0,-1,-1,-1,-1,-1,16,1,0,32,16,16,state,-1,-1,0,-147,1,192,64,320,48,16,80,natural_input_for_incomplete_dif_ntt32_pre_len2_output
ntt32_initial_natural_pack,0,0,2,v6,1,-1,-1,-1,-1,-1,17,1,0,32,17,17,state,-1,-1,0,-147,1,324,196,68,81,49,17,natural_input_for_incomplete_dif_ntt32_pre_len2_output
ntt32_initial_natural_pack,0,0,2,v6,2,-1,-1,-1,-1,-1,18,1,0,32,18,18,state,-1,-1,0,-147,1,72,328,200,18,82,50,natural_input_for_incomplete_dif_ntt32_pre_len2_output
ntt32_initial_natural_pack,0,0,2,v6,3,-1,-1,-1,-1,-1,19,1,0,32,19,19,state,-1,-1,0,-147,1,204,76,332,51,19,83,natural_input_for_incomplete_dif_ntt32_pre_len2_output
ntt32_initial_natural_pack,0,0,2,v6,4,-1,-1,-1,-1,-1,20,1,0,32,20,20,state,-1,-1,0,-147,1,336,208,80,84,52,20,natural_input_for_incomplete_dif_ntt32_pre_len2_output
ntt32_initial_natural_pack,0,0,2,v6,5,-1,-1,-1,-1,-1,21,1,0,32,21,21,state,-1,-1,0,-147,1,84,340,212,21,85,53,natural_input_for_incomplete_dif_ntt32_pre_len2_output
ntt32_initial_natural_pack,0,0,2,v6,6,-1,-1,-1,-1,-1,22,1,0,32,22,22,state,-1,-1,0,-147,1,216,88,344,54,22,86,natural_input_for_incomplete_dif_ntt32_pre_len2_output
ntt32_initial_natural_pack,0,0,2,v6,7,-1,-1,-1,-1,-1,23,1,0,32,23,23,state,-1,-1,0,-147,1,348,220,92,87,55,23,natural_input_for_incomplete_dif_ntt32_pre_len2_output
ntt32_initial_natural_pack,0,0,3,v7,0,-1,-1,-1,-1,-1,24,1,0,32,24,24,state,-1,-1,0,-147,1,96,352,224,24,88,56,natural_input_for_incomplete_dif_ntt32_pre_len2_output
ntt32_initial_natural_pack,0,0,3,v7,1,-1,-1,-1,-1,-1,25,1,0,32,25,25,state,-1,-1,0,-147,1,228,100,356,57,25,89,natural_input_for_incomplete_dif_ntt32_pre_len2_output
ntt32_initial_natural_pack,0,0,3,v7,2,-1,-1,-1,-1,-1,26,1,0,32,26,26,state,-1,-1,0,-147,1,360,232,104,90,58,26,natural_input_for_incomplete_dif_ntt32_pre_len2_output
ntt32_initial_natural_pack,0,0,3,v7,3,-1,-1,-1,-1,-1,27,1,0,32,27,27,state,-1,-1,0,-147,1,108,364,236,27,91,59,natural_input_for_incomplete_dif_ntt32_pre_len2_output
ntt32_initial_natural_pack,0,0,3,v7,4,-1,-1,-1,-1,-1,28,1,0,32,28,28,state,-1,-1,0,-147,1,240,112,368,60,28,92,natural_input_for_incomplete_dif_ntt32_pre_len2_output
ntt32_initial_natural_pack,0,0,3,v7,5,-1,-1,-1,-1,-1,29,1,0,32,29,29,state,-1,-1,0,-147,1,372,244,116,93,61,29,natural_input_for_incomplete_dif_ntt32_pre_len2_output
ntt32_initial_natural_pack,0,0,3,v7,6,-1,-1,-1,-1,-1,30,1,0,32,30,30,state,-1,-1,0,-147,1,120,376,248,30,94,62,natural_input_for_incomplete_dif_ntt32_pre_len2_output
ntt32_initial_natural_pack,0,0,3,v7,7,-1,-1,-1,-1,-1,31,1,0,32,31,31,state,-1,-1,0,-147,1,252,124,380,63,31,95,natural_input_for_incomplete_dif_ntt32_pre_len2_output
ntt32_butterfly_operand,0,0,0,v4,0,-1,-1,-1,-1,-1,-1,1,1,32,0,-1,lo,0,16,0,-147,1,-1,-1,-1,-1,-1,-1,low_operand_for_dif_butterfly
ntt32_butterfly_operand,0,0,2,v6,0,-1,-1,-1,-1,-1,-1,1,1,32,16,-1,hi,0,16,0,-147,1,-1,-1,-1,-1,-1,-1,dif_high_output_gets_(lo-hi)_times_twiddle
ntt32_butterfly_operand,0,0,0,v4,1,-1,-1,-1,-1,-1,-1,1,1,32,1,-1,lo,1,17,1,484,1784,-1,-1,-1,-1,-1,-1,low_operand_for_dif_butterfly
ntt32_butterfly_operand,0,0,2,v6,1,-1,-1,-1,-1,-1,-1,1,1,32,17,-1,hi,1,17,1,484,1784,-1,-1,-1,-1,-1,-1,dif_high_output_gets_(lo-hi)_times_twiddle
ntt32_butterfly_operand,0,0,0,v4,2,-1,-1,-1,-1,-1,-1,1,1,32,2,-1,lo,2,18,2,-794,2216,-1,-1,-1,-1,-1,-1,low_operand_for_dif_butterfly
ntt32_butterfly_operand,0,0,2,v6,2,-1,-1,-1,-1,-1,-1,1,1,32,18,-1,hi,2,18,2,-794,2216,-1,-1,-1,-1,-1,-1,dif_high_output_gets_(lo-hi)_times_twiddle
ntt32_butterfly_operand,0,0,0,v4,3,-1,-1,-1,-1,-1,-1,1,1,32,3,-1,lo,3,19,3,874,1993,-1,-1,-1,-1,-1,-1,low_operand_for_dif_butterfly
ntt32_butterfly_operand,0,0,2,v6,3,-1,-1,-1,-1,-1,-1,1,1,32,19,-1,hi,3,19,3,874,1993,-1,-1,-1,-1,-1,-1,dif_high_output_gets_(lo-hi)_times_twiddle
ntt32_butterfly_operand,0,0,0,v4,4,-1,-1,-1,-1,-1,-1,1,1,32,4,-1,lo,4,20,4,109,1716,-1,-1,-1,-1,-1,-1,low_operand_for_dif_butterfly
ntt32_butterfly_operand,0,0,2,v6,4,-1,-1,-1,-1,-1,-1,1,1,32,20,-1,hi,4,20,4,109,1716,-1,-1,-1,-1,-1,-1,dif_high_output_gets_(lo-hi)_times_twiddle
ntt32_butterfly_operand,0,0,0,v4,5,-1,-1,-1,-1,-1,-1,1,1,32,5,-1,lo,5,21,5,864,1899,-1,-1,-1,-1,-1,-1,low_operand_for_dif_butterfly
ntt32_butterfly_operand,0,0,2,v6,5,-1,-1,-1,-1,-1,-1,1,1,32,21,-1,hi,5,21,5,864,1899,-1,-1,-1,-1,-1,-1,dif_high_output_gets_(lo-hi)_times_twiddle
ntt32_butterfly_operand,0,0,0,v4,6,-1,-1,-1,-1,-1,-1,1,1,32,6,-1,lo,6,22,6,-446,3413,-1,-1,-1,-1,-1,-1,low_operand_for_dif_butterfly
ntt32_butterfly_operand,0,0,2,v6,6,-1,-1,-1,-1,-1,-1,1,1,32,22,-1,hi,6,22,6,-446,3413,-1,-1,-1,-1,-1,-1,dif_high_output_gets_(lo-hi)_times_twiddle
ntt32_butterfly_operand,0,0,0,v4,7,-1,-1,-1,-1,-1,-1,1,1,32,7,-1,lo,7,23,7,-554,1015,-1,-1,-1,-1,-1,-1,low_operand_for_dif_butterfly
ntt32_butterfly_operand,0,0,2,v6,7,-1,-1,-1,-1,-1,-1,1,1,32,23,-1,hi,7,23,7,-554,1015,-1,-1,-1,-1,-1,-1,dif_high_output_gets_(lo-hi)_times_twiddle
ntt32_butterfly_operand,0,0,1,v5,0,-1,-1,-1,-1,-1,-1,1,1,32,8,-1,lo,8,24,8,366,2749,-1,-1,-1,-1,-1,-1,low_operand_for_dif_butterfly
ntt32_butterfly_operand,0,0,3,v7,0,-1,-1,-1,-1,-1,-1,1,1,32,24,-1,hi,8,24,8,366,2749,-1,-1,-1,-1,-1,-1,dif_high_output_gets_(lo-hi)_times_twiddle
ntt32_butterfly_operand,0,0,1,v5,1,-1,-1,-1,-1,-1,-1,1,1,32,9,-1,lo,9,25,9,-429,2190,-1,-1,-1,-1,-1,-1,low_operand_for_dif_butterfly
ntt32_butterfly_operand,0,0,3,v7,1,-1,-1,-1,-1,-1,-1,1,1,32,25,-1,hi,9,25,9,-429,2190,-1,-1,-1,-1,-1,-1,dif_high_output_gets_(lo-hi)_times_twiddle
ntt32_butterfly_operand,0,0,1,v5,2,-1,-1,-1,-1,-1,-1,1,1,32,10,-1,lo,10,26,10,-1339,550,-1,-1,-1,-1,-1,-1,low_operand_for_dif_butterfly
ntt32_butterfly_operand,0,0,3,v7,2,-1,-1,-1,-1,-1,-1,1,1,32,26,-1,hi,10,26,10,-1339,550,-1,-1,-1,-1,-1,-1,dif_high_output_gets_(lo-hi)_times_twiddle
ntt32_butterfly_operand,0,0,1,v5,3,-1,-1,-1,-1,-1,-1,1,1,32,11,-1,lo,11,27,11,11,2869,-1,-1,-1,-1,-1,-1,low_operand_for_dif_butterfly
ntt32_butterfly_operand,0,0,3,v7,3,-1,-1,-1,-1,-1,-1,1,1,32,27,-1,hi,11,27,11,11,2869,-1,-1,-1,-1,-1,-1,dif_high_output_gets_(lo-hi)_times_twiddle
ntt32_butterfly_operand,0,0,1,v5,4,-1,-1,-1,-1,-1,-1,1,1,32,12,-1,lo,12,28,12,-1118,1936,-1,-1,-1,-1,-1,-1,low_operand_for_dif_butterfly
ntt32_butterfly_operand,0,0,3,v7,4,-1,-1,-1,-1,-1,-1,1,1,32,28,-1,hi,12,28,12,-1118,1936,-1,-1,-1,-1,-1,-1,dif_high_output_gets_(lo-hi)_times_twiddle
ntt32_butterfly_operand,0,0,1,v5,5,-1,-1,-1,-1,-1,-1,1,1,32,13,-1,lo,13,29,13,177,281,-1,-1,-1,-1,-1,-1,low_operand_for_dif_butterfly
ntt32_butterfly_operand,0,0,3,v7,5,-1,-1,-1,-1,-1,-1,1,1,32,29,-1,hi,13,29,13,177,281,-1,-1,-1,-1,-1,-1,dif_high_output_gets_(lo-hi)_times_twiddle
ntt32_butterfly_operand,0,0,1,v5,6,-1,-1,-1,-1,-1,-1,1,1,32,14,-1,lo,14,30,14,1181,39,-1,-1,-1,-1,-1,-1,low_operand_for_dif_butterfly
ntt32_butterfly_operand,0,0,3,v7,6,-1,-1,-1,-1,-1,-1,1,1,32,30,-1,hi,14,30,14,1181,39,-1,-1,-1,-1,-1,-1,dif_high_output_gets_(lo-hi)_times_twiddle
ntt32_butterfly_operand,0,0,1,v5,7,-1,-1,-1,-1,-1,-1,1,1,32,15,-1,lo,15,31,15,1591,436,-1,-1,-1,-1,-1,-1,low_operand_for_dif_butterfly
ntt32_butterfly_operand,0,0,3,v7,7,-1,-1,-1,-1,-1,-1,1,1,32,31,-1,hi,15,31,15,1591,436,-1,-1,-1,-1,-1,-1,dif_high_output_gets_(lo-hi)_times_twiddle
ntt32_butterfly_operand,0,0,0,v4,0,-1,-1,-1,-1,-1,-1,1,2,16,0,-1,lo,0,8,0,-147,1,-1,-1,-1,-1,-1,-1,low_operand_for_dif_butterfly
ntt32_butterfly_operand,0,0,1,v5,0,-1,-1,-1,-1,-1,-1,1,2,16,8,-1,hi,0,8,0,-147,1,-1,-1,-1,-1,-1,-1,dif_high_output_gets_(lo-hi)_times_twiddle
ntt32_butterfly_operand,0,0,0,v4,1,-1,-1,-1,-1,-1,-1,1,2,16,1,-1,lo,1,9,2,-794,2216,-1,-1,-1,-1,-1,-1,low_operand_for_dif_butterfly
ntt32_butterfly_operand,0,0,1,v5,1,-1,-1,-1,-1,-1,-1,1,2,16,9,-1,hi,1,9,2,-794,2216,-1,-1,-1,-1,-1,-1,dif_high_output_gets_(lo-hi)_times_twiddle
ntt32_butterfly_operand,0,0,0,v4,2,-1,-1,-1,-1,-1,-1,1,2,16,2,-1,lo,2,10,4,109,1716,-1,-1,-1,-1,-1,-1,low_operand_for_dif_butterfly
ntt32_butterfly_operand,0,0,1,v5,2,-1,-1,-1,-1,-1,-1,1,2,16,10,-1,hi,2,10,4,109,1716,-1,-1,-1,-1,-1,-1,dif_high_output_gets_(lo-hi)_times_twiddle
ntt32_butterfly_operand,0,0,0,v4,3,-1,-1,-1,-1,-1,-1,1,2,16,3,-1,lo,3,11,6,-446,3413,-1,-1,-1,-1,-1,-1,low_operand_for_dif_butterfly
ntt32_butterfly_operand,0,0,1,v5,3,-1,-1,-1,-1,-1,-1,1,2,16,11,-1,hi,3,11,6,-446,3413,-1,-1,-1,-1,-1,-1,dif_high_output_gets_(lo-hi)_times_twiddle
ntt32_butterfly_operand,0,0,0,v4,4,-1,-1,-1,-1,-1,-1,1,2,16,4,-1,lo,4,12,8,366,2749,-1,-1,-1,-1,-1,-1,low_operand_for_dif_butterfly
ntt32_butterfly_operand,0,0,1,v5,4,-1,-1,-1,-1,-1,-1,1,2,16,12,-1,hi,4,12,8,366,2749,-1,-1,-1,-1,-1,-1,dif_high_output_gets_(lo-hi)_times_twiddle
ntt32_butterfly_operand,0,0,0,v4,5,-1,-1,-1,-1,-1,-1,1,2,16,5,-1,lo,5,13,10,-1339,550,-1,-1,-1,-1,-1,-1,low_operand_for_dif_butterfly
ntt32_butterfly_operand,0,0,1,v5,5,-1,-1,-1,-1,-1,-1,1,2,16,13,-1,hi,5,13,10,-1339,550,-1,-1,-1,-1,-1,-1,dif_high_output_gets_(lo-hi)_times_twiddle
ntt32_butterfly_operand,0,0,0,v4,6,-1,-1,-1,-1,-1,-1,1,2,16,6,-1,lo,6,14,12,-1118,1936,-1,-1,-1,-1,-1,-1,low_operand_for_dif_butterfly
ntt32_butterfly_operand,0,0,1,v5,6,-1,-1,-1,-1,-1,-1,1,2,16,14,-1,hi,6,14,12,-1118,1936,-1,-1,-1,-1,-1,-1,dif_high_output_gets_(lo-hi)_times_twiddle
ntt32_butterfly_operand,0,0,0,v4,7,-1,-1,-1,-1,-1,-1,1,2,16,7,-1,lo,7,15,14,1181,39,-1,-1,-1,-1,-1,-1,low_operand_for_dif_butterfly
ntt32_butterfly_operand,0,0,1,v5,7,-1,-1,-1,-1,-1,-1,1,2,16,15,-1,hi,7,15,14,1181,39,-1,-1,-1,-1,-1,-1,dif_high_output_gets_(lo-hi)_times_twiddle
ntt32_butterfly_operand,0,0,2,v6,0,-1,-1,-1,-1,-1,-1,1,2,16,16,-1,lo,16,24,0,-147,1,-1,-1,-1,-1,-1,-1,low_operand_for_dif_butterfly
ntt32_butterfly_operand,0,0,3,v7,0,-1,-1,-1,-1,-1,-1,1,2,16,24,-1,hi,16,24,0,-147,1,-1,-1,-1,-1,-1,-1,dif_high_output_gets_(lo-hi)_times_twiddle
ntt32_butterfly_operand,0,0,2,v6,1,-1,-1,-1,-1,-1,-1,1,2,16,17,-1,lo,17,25,2,-794,2216,-1,-1,-1,-1,-1,-1,low_operand_for_dif_butterfly
ntt32_butterfly_operand,0,0,3,v7,1,-1,-1,-1,-1,-1,-1,1,2,16,25,-1,hi,17,25,2,-794,2216,-1,-1,-1,-1,-1,-1,dif_high_output_gets_(lo-hi)_times_twiddle
ntt32_butterfly_operand,0,0,2,v6,2,-1,-1,-1,-1,-1,-1,1,2,16,18,-1,lo,18,26,4,109,1716,-1,-1,-1,-1,-1,-1,low_operand_for_dif_butterfly
ntt32_butterfly_operand,0,0,3,v7,2,-1,-1,-1,-1,-1,-1,1,2,16,26,-1,hi,18,26,4,109,1716,-1,-1,-1,-1,-1,-1,dif_high_output_gets_(lo-hi)_times_twiddle
ntt32_butterfly_operand,0,0,2,v6,3,-1,-1,-1,-1,-1,-1,1,2,16,19,-1,lo,19,27,6,-446,3413,-1,-1,-1,-1,-1,-1,low_operand_for_dif_butterfly
ntt32_butterfly_operand,0,0,3,v7,3,-1,-1,-1,-1,-1,-1,1,2,16,27,-1,hi,19,27,6,-446,3413,-1,-1,-1,-1,-1,-1,dif_high_output_gets_(lo-hi)_times_twiddle
ntt32_butterfly_operand,0,0,2,v6,4,-1,-1,-1,-1,-1,-1,1,2,16,20,-1,lo,20,28,8,366,2749,-1,-1,-1,-1,-1,-1,low_operand_for_dif_butterfly
ntt32_butterfly_operand,0,0,3,v7,4,-1,-1,-1,-1,-1,-1,1,2,16,28,-1,hi,20,28,8,366,2749,-1,-1,-1,-1,-1,-1,dif_high_output_gets_(lo-hi)_times_twiddle
ntt32_butterfly_operand,0,0,2,v6,5,-1,-1,-1,-1,-1,-1,1,2,16,21,-1,lo,21,29,10,-1339,550,-1,-1,-1,-1,-1,-1,low_operand_for_dif_butterfly
ntt32_butterfly_operand,0,0,3,v7,5,-1,-1,-1,-1,-1,-1,1,2,16,29,-1,hi,21,29,10,-1339,550,-1,-1,-1,-1,-1,-1,dif_high_output_gets_(lo-hi)_times_twiddle
ntt32_butterfly_operand,0,0,2,v6,6,-1,-1,-1,-1,-1,-1,1,2,16,22,-1,lo,22,30,12,-1118,1936,-1,-1,-1,-1,-1,-1,low_operand_for_dif_butterfly
ntt32_butterfly_operand,0,0,3,v7,6,-1,-1,-1,-1,-1,-1,1,2,16,30,-1,hi,22,30,12,-1118,1936,-1,-1,-1,-1,-1,-1,dif_high_output_gets_(lo-hi)_times_twiddle
ntt32_butterfly_operand,0,0,2,v6,7,-1,-1,-1,-1,-1,-1,1,2,16,23,-1,lo,23,31,14,1181,39,-1,-1,-1,-1,-1,-1,low_operand_for_dif_butterfly
ntt32_butterfly_operand,0,0,3,v7,7,-1,-1,-1,-1,-1,-1,1,2,16,31,-1,hi,23,31,14,1181,39,-1,-1,-1,-1,-1,-1,dif_high_output_gets_(lo-hi)_times_twiddle
ntt32_butterfly_operand,0,0,0,v4,0,-1,-1,-1,-1,-1,-1,1,3,8,0,-1,lo,0,4,0,-147,1,-1,-1,-1,-1,-1,-1,low_operand_for_dif_butterfly
ntt32_butterfly_operand,0,0,0,v4,4,-1,-1,-1,-1,-1,-1,1,3,8,4,-1,hi,0,4,0,-147,1,-1,-1,-1,-1,-1,-1,dif_high_output_gets_(lo-hi)_times_twiddle
ntt32_butterfly_operand,0,0,0,v4,1,-1,-1,-1,-1,-1,-1,1,3,8,1,-1,lo,1,5,4,109,1716,-1,-1,-1,-1,-1,-1,low_operand_for_dif_butterfly
ntt32_butterfly_operand,0,0,0,v4,5,-1,-1,-1,-1,-1,-1,1,3,8,5,-1,hi,1,5,4,109,1716,-1,-1,-1,-1,-1,-1,dif_high_output_gets_(lo-hi)_times_twiddle
ntt32_butterfly_operand,0,0,0,v4,2,-1,-1,-1,-1,-1,-1,1,3,8,2,-1,lo,2,6,8,366,2749,-1,-1,-1,-1,-1,-1,low_operand_for_dif_butterfly
ntt32_butterfly_operand,0,0,0,v4,6,-1,-1,-1,-1,-1,-1,1,3,8,6,-1,hi,2,6,8,366,2749,-1,-1,-1,-1,-1,-1,dif_high_output_gets_(lo-hi)_times_twiddle
ntt32_butterfly_operand,0,0,0,v4,3,-1,-1,-1,-1,-1,-1,1,3,8,3,-1,lo,3,7,12,-1118,1936,-1,-1,-1,-1,-1,-1,low_operand_for_dif_butterfly
ntt32_butterfly_operand,0,0,0,v4,7,-1,-1,-1,-1,-1,-1,1,3,8,7,-1,hi,3,7,12,-1118,1936,-1,-1,-1,-1,-1,-1,dif_high_output_gets_(lo-hi)_times_twiddle
ntt32_butterfly_operand,0,0,1,v5,0,-1,-1,-1,-1,-1,-1,1,3,8,8,-1,lo,8,12,0,-147,1,-1,-1,-1,-1,-1,-1,low_operand_for_dif_butterfly
ntt32_butterfly_operand,0,0,1,v5,4,-1,-1,-1,-1,-1,-1,1,3,8,12,-1,hi,8,12,0,-147,1,-1,-1,-1,-1,-1,-1,dif_high_output_gets_(lo-hi)_times_twiddle
ntt32_butterfly_operand,0,0,1,v5,1,-1,-1,-1,-1,-1,-1,1,3,8,9,-1,lo,9,13,4,109,1716,-1,-1,-1,-1,-1,-1,low_operand_for_dif_butterfly
ntt32_butterfly_operand,0,0,1,v5,5,-1,-1,-1,-1,-1,-1,1,3,8,13,-1,hi,9,13,4,109,1716,-1,-1,-1,-1,-1,-1,dif_high_output_gets_(lo-hi)_times_twiddle
ntt32_butterfly_operand,0,0,1,v5,2,-1,-1,-1,-1,-1,-1,1,3,8,10,-1,lo,10,14,8,366,2749,-1,-1,-1,-1,-1,-1,low_operand_for_dif_butterfly
ntt32_butterfly_operand,0,0,1,v5,6,-1,-1,-1,-1,-1,-1,1,3,8,14,-1,hi,10,14,8,366,2749,-1,-1,-1,-1,-1,-1,dif_high_output_gets_(lo-hi)_times_twiddle
ntt32_butterfly_operand,0,0,1,v5,3,-1,-1,-1,-1,-1,-1,1,3,8,11,-1,lo,11,15,12,-1118,1936,-1,-1,-1,-1,-1,-1,low_operand_for_dif_butterfly
ntt32_butterfly_operand,0,0,1,v5,7,-1,-1,-1,-1,-1,-1,1,3,8,15,-1,hi,11,15,12,-1118,1936,-1,-1,-1,-1,-1,-1,dif_high_output_gets_(lo-hi)_times_twiddle
ntt32_butterfly_operand,0,0,2,v6,0,-1,-1,-1,-1,-1,-1,1,3,8,16,-1,lo,16,20,0,-147,1,-1,-1,-1,-1,-1,-1,low_operand_for_dif_butterfly
ntt32_butterfly_operand,0,0,2,v6,4,-1,-1,-1,-1,-1,-1,1,3,8,20,-1,hi,16,20,0,-147,1,-1,-1,-1,-1,-1,-1,dif_high_output_gets_(lo-hi)_times_twiddle
ntt32_butterfly_operand,0,0,2,v6,1,-1,-1,-1,-1,-1,-1,1,3,8,17,-1,lo,17,21,4,109,1716,-1,-1,-1,-1,-1,-1,low_operand_for_dif_butterfly
ntt32_butterfly_operand,0,0,2,v6,5,-1,-1,-1,-1,-1,-1,1,3,8,21,-1,hi,17,21,4,109,1716,-1,-1,-1,-1,-1,-1,dif_high_output_gets_(lo-hi)_times_twiddle
ntt32_butterfly_operand,0,0,2,v6,2,-1,-1,-1,-1,-1,-1,1,3,8,18,-1,lo,18,22,8,366,2749,-1,-1,-1,-1,-1,-1,low_operand_for_dif_butterfly
ntt32_butterfly_operand,0,0,2,v6,6,-1,-1,-1,-1,-1,-1,1,3,8,22,-1,hi,18,22,8,366,2749,-1,-1,-1,-1,-1,-1,dif_high_output_gets_(lo-hi)_times_twiddle
ntt32_butterfly_operand,0,0,2,v6,3,-1,-1,-1,-1,-1,-1,1,3,8,19,-1,lo,19,23,12,-1118,1936,-1,-1,-1,-1,-1,-1,low_operand_for_dif_butterfly
ntt32_butterfly_operand,0,0,2,v6,7,-1,-1,-1,-1,-1,-1,1,3,8,23,-1,hi,19,23,12,-1118,1936,-1,-1,-1,-1,-1,-1,dif_high_output_gets_(lo-hi)_times_twiddle
ntt32_butterfly_operand,0,0,3,v7,0,-1,-1,-1,-1,-1,-1,1,3,8,24,-1,lo,24,28,0,-147,1,-1,-1,-1,-1,-1,-1,low_operand_for_dif_butterfly
ntt32_butterfly_operand,0,0,3,v7,4,-1,-1,-1,-1,-1,-1,1,3,8,28,-1,hi,24,28,0,-147,1,-1,-1,-1,-1,-1,-1,dif_high_output_gets_(lo-hi)_times_twiddle
ntt32_butterfly_operand,0,0,3,v7,1,-1,-1,-1,-1,-1,-1,1,3,8,25,-1,lo,25,29,4,109,1716,-1,-1,-1,-1,-1,-1,low_operand_for_dif_butterfly
ntt32_butterfly_operand,0,0,3,v7,5,-1,-1,-1,-1,-1,-1,1,3,8,29,-1,hi,25,29,4,109,1716,-1,-1,-1,-1,-1,-1,dif_high_output_gets_(lo-hi)_times_twiddle
ntt32_butterfly_operand,0,0,3,v7,2,-1,-1,-1,-1,-1,-1,1,3,8,26,-1,lo,26,30,8,366,2749,-1,-1,-1,-1,-1,-1,low_operand_for_dif_butterfly
ntt32_butterfly_operand,0,0,3,v7,6,-1,-1,-1,-1,-1,-1,1,3,8,30,-1,hi,26,30,8,366,2749,-1,-1,-1,-1,-1,-1,dif_high_output_gets_(lo-hi)_times_twiddle
ntt32_butterfly_operand,0,0,3,v7,3,-1,-1,-1,-1,-1,-1,1,3,8,27,-1,lo,27,31,12,-1118,1936,-1,-1,-1,-1,-1,-1,low_operand_for_dif_butterfly
ntt32_butterfly_operand,0,0,3,v7,7,-1,-1,-1,-1,-1,-1,1,3,8,31,-1,hi,27,31,12,-1118,1936,-1,-1,-1,-1,-1,-1,dif_high_output_gets_(lo-hi)_times_twiddle
ntt32_butterfly_operand,0,0,0,v4,0,-1,-1,-1,-1,-1,-1,1,4,4,0,-1,lo,0,2,0,-147,1,-1,-1,-1,-1,-1,-1,low_operand_for_dif_butterfly
ntt32_butterfly_operand,0,0,0,v4,2,-1,-1,-1,-1,-1,-1,1,4,4,2,-1,hi,0,2,0,-147,1,-1,-1,-1,-1,-1,-1,dif_high_output_gets_(lo-hi)_times_twiddle
ntt32_butterfly_operand,0,0,0,v4,1,-1,-1,-1,-1,-1,-1,1,4,4,1,-1,lo,1,3,8,366,2749,-1,-1,-1,-1,-1,-1,low_operand_for_dif_butterfly
ntt32_butterfly_operand,0,0,0,v4,3,-1,-1,-1,-1,-1,-1,1,4,4,3,-1,hi,1,3,8,366,2749,-1,-1,-1,-1,-1,-1,dif_high_output_gets_(lo-hi)_times_twiddle
ntt32_butterfly_operand,0,0,0,v4,4,-1,-1,-1,-1,-1,-1,1,4,4,4,-1,lo,4,6,0,-147,1,-1,-1,-1,-1,-1,-1,low_operand_for_dif_butterfly
ntt32_butterfly_operand,0,0,0,v4,6,-1,-1,-1,-1,-1,-1,1,4,4,6,-1,hi,4,6,0,-147,1,-1,-1,-1,-1,-1,-1,dif_high_output_gets_(lo-hi)_times_twiddle
ntt32_butterfly_operand,0,0,0,v4,5,-1,-1,-1,-1,-1,-1,1,4,4,5,-1,lo,5,7,8,366,2749,-1,-1,-1,-1,-1,-1,low_operand_for_dif_butterfly
ntt32_butterfly_operand,0,0,0,v4,7,-1,-1,-1,-1,-1,-1,1,4,4,7,-1,hi,5,7,8,366,2749,-1,-1,-1,-1,-1,-1,dif_high_output_gets_(lo-hi)_times_twiddle
ntt32_butterfly_operand,0,0,1,v5,0,-1,-1,-1,-1,-1,-1,1,4,4,8,-1,lo,8,10,0,-147,1,-1,-1,-1,-1,-1,-1,low_operand_for_dif_butterfly
ntt32_butterfly_operand,0,0,1,v5,2,-1,-1,-1,-1,-1,-1,1,4,4,10,-1,hi,8,10,0,-147,1,-1,-1,-1,-1,-1,-1,dif_high_output_gets_(lo-hi)_times_twiddle
ntt32_butterfly_operand,0,0,1,v5,1,-1,-1,-1,-1,-1,-1,1,4,4,9,-1,lo,9,11,8,366,2749,-1,-1,-1,-1,-1,-1,low_operand_for_dif_butterfly
ntt32_butterfly_operand,0,0,1,v5,3,-1,-1,-1,-1,-1,-1,1,4,4,11,-1,hi,9,11,8,366,2749,-1,-1,-1,-1,-1,-1,dif_high_output_gets_(lo-hi)_times_twiddle
ntt32_butterfly_operand,0,0,1,v5,4,-1,-1,-1,-1,-1,-1,1,4,4,12,-1,lo,12,14,0,-147,1,-1,-1,-1,-1,-1,-1,low_operand_for_dif_butterfly
ntt32_butterfly_operand,0,0,1,v5,6,-1,-1,-1,-1,-1,-1,1,4,4,14,-1,hi,12,14,0,-147,1,-1,-1,-1,-1,-1,-1,dif_high_output_gets_(lo-hi)_times_twiddle
ntt32_butterfly_operand,0,0,1,v5,5,-1,-1,-1,-1,-1,-1,1,4,4,13,-1,lo,13,15,8,366,2749,-1,-1,-1,-1,-1,-1,low_operand_for_dif_butterfly
ntt32_butterfly_operand,0,0,1,v5,7,-1,-1,-1,-1,-1,-1,1,4,4,15,-1,hi,13,15,8,366,2749,-1,-1,-1,-1,-1,-1,dif_high_output_gets_(lo-hi)_times_twiddle
ntt32_butterfly_operand,0,0,2,v6,0,-1,-1,-1,-1,-1,-1,1,4,4,16,-1,lo,16,18,0,-147,1,-1,-1,-1,-1,-1,-1,low_operand_for_dif_butterfly
ntt32_butterfly_operand,0,0,2,v6,2,-1,-1,-1,-1,-1,-1,1,4,4,18,-1,hi,16,18,0,-147,1,-1,-1,-1,-1,-1,-1,dif_high_output_gets_(lo-hi)_times_twiddle
ntt32_butterfly_operand,0,0,2,v6,1,-1,-1,-1,-1,-1,-1,1,4,4,17,-1,lo,17,19,8,366,2749,-1,-1,-1,-1,-1,-1,low_operand_for_dif_butterfly
ntt32_butterfly_operand,0,0,2,v6,3,-1,-1,-1,-1,-1,-1,1,4,4,19,-1,hi,17,19,8,366,2749,-1,-1,-1,-1,-1,-1,dif_high_output_gets_(lo-hi)_times_twiddle
ntt32_butterfly_operand,0,0,2,v6,4,-1,-1,-1,-1,-1,-1,1,4,4,20,-1,lo,20,22,0,-147,1,-1,-1,-1,-1,-1,-1,low_operand_for_dif_butterfly
ntt32_butterfly_operand,0,0,2,v6,6,-1,-1,-1,-1,-1,-1,1,4,4,22,-1,hi,20,22,0,-147,1,-1,-1,-1,-1,-1,-1,dif_high_output_gets_(lo-hi)_times_twiddle
ntt32_butterfly_operand,0,0,2,v6,5,-1,-1,-1,-1,-1,-1,1,4,4,21,-1,lo,21,23,8,366,2749,-1,-1,-1,-1,-1,-1,low_operand_for_dif_butterfly
ntt32_butterfly_operand,0,0,2,v6,7,-1,-1,-1,-1,-1,-1,1,4,4,23,-1,hi,21,23,8,366,2749,-1,-1,-1,-1,-1,-1,dif_high_output_gets_(lo-hi)_times_twiddle
ntt32_butterfly_operand,0,0,3,v7,0,-1,-1,-1,-1,-1,-1,1,4,4,24,-1,lo,24,26,0,-147,1,-1,-1,-1,-1,-1,-1,low_operand_for_dif_butterfly
ntt32_butterfly_operand,0,0,3,v7,2,-1,-1,-1,-1,-1,-1,1,4,4,26,-1,hi,24,26,0,-147,1,-1,-1,-1,-1,-1,-1,dif_high_output_gets_(lo-hi)_times_twiddle
ntt32_butterfly_operand,0,0,3,v7,1,-1,-1,-1,-1,-1,-1,1,4,4,25,-1,lo,25,27,8,366,2749,-1,-1,-1,-1,-1,-1,low_operand_for_dif_butterfly
ntt32_butterfly_operand,0,0,3,v7,3,-1,-1,-1,-1,-1,-1,1,4,4,27,-1,hi,25,27,8,366,2749,-1,-1,-1,-1,-1,-1,dif_high_output_gets_(lo-hi)_times_twiddle
ntt32_butterfly_operand,0,0,3,v7,4,-1,-1,-1,-1,-1,-1,1,4,4,28,-1,lo,28,30,0,-147,1,-1,-1,-1,-1,-1,-1,low_operand_for_dif_butterfly
ntt32_butterfly_operand,0,0,3,v7,6,-1,-1,-1,-1,-1,-1,1,4,4,30,-1,hi,28,30,0,-147,1,-1,-1,-1,-1,-1,-1,dif_high_output_gets_(lo-hi)_times_twiddle
ntt32_butterfly_operand,0,0,3,v7,5,-1,-1,-1,-1,-1,-1,1,4,4,29,-1,lo,29,31,8,366,2749,-1,-1,-1,-1,-1,-1,low_operand_for_dif_butterfly
ntt32_butterfly_operand,0,0,3,v7,7,-1,-1,-1,-1,-1,-1,1,4,4,31,-1,hi,29,31,8,366,2749,-1,-1,-1,-1,-1,-1,dif_high_output_gets_(lo-hi)_times_twiddle
ntt32_initial_natural_pack,0,0,0,v4,0,-1,-1,-1,-1,-1,0,2,0,32,0,0,state,-1,-1,0,-147,1,0,256,128,0,64,32,natural_input_for_incomplete_dif_ntt32_pre_len2_output
ntt32_initial_natural_pack,0,0,0,v4,1,-1,-1,-1,-1,-1,1,2,0,32,1,1,state,-1,-1,0,-147,1,132,4,260,33,1,65,natural_input_for_incomplete_dif_ntt32_pre_len2_output
ntt32_initial_natural_pack,0,0,0,v4,2,-1,-1,-1,-1,-1,2,2,0,32,2,2,state,-1,-1,0,-147,1,264,136,8,66,34,2,natural_input_for_incomplete_dif_ntt32_pre_len2_output
ntt32_initial_natural_pack,0,0,0,v4,3,-1,-1,-1,-1,-1,3,2,0,32,3,3,state,-1,-1,0,-147,1,12,268,140,3,67,35,natural_input_for_incomplete_dif_ntt32_pre_len2_output
ntt32_initial_natural_pack,0,0,0,v4,4,-1,-1,-1,-1,-1,4,2,0,32,4,4,state,-1,-1,0,-147,1,144,16,272,36,4,68,natural_input_for_incomplete_dif_ntt32_pre_len2_output
ntt32_initial_natural_pack,0,0,0,v4,5,-1,-1,-1,-1,-1,5,2,0,32,5,5,state,-1,-1,0,-147,1,276,148,20,69,37,5,natural_input_for_incomplete_dif_ntt32_pre_len2_output
ntt32_initial_natural_pack,0,0,0,v4,6,-1,-1,-1,-1,-1,6,2,0,32,6,6,state,-1,-1,0,-147,1,24,280,152,6,70,38,natural_input_for_incomplete_dif_ntt32_pre_len2_output
ntt32_initial_natural_pack,0,0,0,v4,7,-1,-1,-1,-1,-1,7,2,0,32,7,7,state,-1,-1,0,-147,1,156,28,284,39,7,71,natural_input_for_incomplete_dif_ntt32_pre_len2_output
ntt32_initial_natural_pack,0,0,1,v5,0,-1,-1,-1,-1,-1,8,2,0,32,8,8,state,-1,-1,0,-147,1,288,160,32,72,40,8,natural_input_for_incomplete_dif_ntt32_pre_len2_output
ntt32_initial_natural_pack,0,0,1,v5,1,-1,-1,-1,-1,-1,9,2,0,32,9,9,state,-1,-1,0,-147,1,36,292,164,9,73,41,natural_input_for_incomplete_dif_ntt32_pre_len2_output
ntt32_initial_natural_pack,0,0,1,v5,2,-1,-1,-1,-1,-1,10,2,0,32,10,10,state,-1,-1,0,-147,1,168,40,296,42,10,74,natural_input_for_incomplete_dif_ntt32_pre_len2_output
ntt32_initial_natural_pack,0,0,1,v5,3,-1,-1,-1,-1,-1,11,2,0,32,11,11,state,-1,-1,0,-147,1,300,172,44,75,43,11,natural_input_for_incomplete_dif_ntt32_pre_len2_output
ntt32_initial_natural_pack,0,0,1,v5,4,-1,-1,-1,-1,-1,12,2,0,32,12,12,state,-1,-1,0,-147,1,48,304,176,12,76,44,natural_input_for_incomplete_dif_ntt32_pre_len2_output
ntt32_initial_natural_pack,0,0,1,v5,5,-1,-1,-1,-1,-1,13,2,0,32,13,13,state,-1,-1,0,-147,1,180,52,308,45,13,77,natural_input_for_incomplete_dif_ntt32_pre_len2_output
ntt32_initial_natural_pack,0,0,1,v5,6,-1,-1,-1,-1,-1,14,2,0,32,14,14,state,-1,-1,0,-147,1,312,184,56,78,46,14,natural_input_for_incomplete_dif_ntt32_pre_len2_output
ntt32_initial_natural_pack,0,0,1,v5,7,-1,-1,-1,-1,-1,15,2,0,32,15,15,state,-1,-1,0,-147,1,60,316,188,15,79,47,natural_input_for_incomplete_dif_ntt32_pre_len2_output
ntt32_initial_natural_pack,0,0,2,v6,0,-1,-1,-1,-1,-1,16,2,0,32,16,16,state,-1,-1,0,-147,1,192,64,320,48,16,80,natural_input_for_incomplete_dif_ntt32_pre_len2_output
ntt32_initial_natural_pack,0,0,2,v6,1,-1,-1,-1,-1,-1,17,2,0,32,17,17,state,-1,-1,0,-147,1,324,196,68,81,49,17,natural_input_for_incomplete_dif_ntt32_pre_len2_output
ntt32_initial_natural_pack,0,0,2,v6,2,-1,-1,-1,-1,-1,18,2,0,32,18,18,state,-1,-1,0,-147,1,72,328,200,18,82,50,natural_input_for_incomplete_dif_ntt32_pre_len2_output
ntt32_initial_natural_pack,0,0,2,v6,3,-1,-1,-1,-1,-1,19,2,0,32,19,19,state,-1,-1,0,-147,1,204,76,332,51,19,83,natural_input_for_incomplete_dif_ntt32_pre_len2_output
ntt32_initial_natural_pack,0,0,2,v6,4,-1,-1,-1,-1,-1,20,2,0,32,20,20,state,-1,-1,0,-147,1,336,208,80,84,52,20,natural_input_for_incomplete_dif_ntt32_pre_len2_output
ntt32_initial_natural_pack,0,0,2,v6,5,-1,-1,-1,-1,-1,21,2,0,32,21,21,state,-1,-1,0,-147,1,84,340,212,21,85,53,natural_input_for_incomplete_dif_ntt32_pre_len2_output
ntt32_initial_natural_pack,0,0,2,v6,6,-1,-1,-1,-1,-1,22,2,0,32,22,22,state,-1,-1,0,-147,1,216,88,344,54,22,86,natural_input_for_incomplete_dif_ntt32_pre_len2_output
ntt32_initial_natural_pack,0,0,2,v6,7,-1,-1,-1,-1,-1,23,2,0,32,23,23,state,-1,-1,0,-147,1,348,220,92,87,55,23,natural_input_for_incomplete_dif_ntt32_pre_len2_output
ntt32_initial_natural_pack,0,0,3,v7,0,-1,-1,-1,-1,-1,24,2,0,32,24,24,state,-1,-1,0,-147,1,96,352,224,24,88,56,natural_input_for_incomplete_dif_ntt32_pre_len2_output
ntt32_initial_natural_pack,0,0,3,v7,1,-1,-1,-1,-1,-1,25,2,0,32,25,25,state,-1,-1,0,-147,1,228,100,356,57,25,89,natural_input_for_incomplete_dif_ntt32_pre_len2_output
ntt32_initial_natural_pack,0,0,3,v7,2,-1,-1,-1,-1,-1,26,2,0,32,26,26,state,-1,-1,0,-147,1,360,232,104,90,58,26,natural_input_for_incomplete_dif_ntt32_pre_len2_output
ntt32_initial_natural_pack,0,0,3,v7,3,-1,-1,-1,-1,-1,27,2,0,32,27,27,state,-1,-1,0,-147,1,108,364,236,27,91,59,natural_input_for_incomplete_dif_ntt32_pre_len2_output
ntt32_initial_natural_pack,0,0,3,v7,4,-1,-1,-1,-1,-1,28,2,0,32,28,28,state,-1,-1,0,-147,1,240,112,368,60,28,92,natural_input_for_incomplete_dif_ntt32_pre_len2_output
ntt32_initial_natural_pack,0,0,3,v7,5,-1,-1,-1,-1,-1,29,2,0,32,29,29,state,-1,-1,0,-147,1,372,244,116,93,61,29,natural_input_for_incomplete_dif_ntt32_pre_len2_output
ntt32_initial_natural_pack,0,0,3,v7,6,-1,-1,-1,-1,-1,30,2,0,32,30,30,state,-1,-1,0,-147,1,120,376,248,30,94,62,natural_input_for_incomplete_dif_ntt32_pre_len2_output
ntt32_initial_natural_pack,0,0,3,v7,7,-1,-1,-1,-1,-1,31,2,0,32,31,31,state,-1,-1,0,-147,1,252,124,380,63,31,95,natural_input_for_incomplete_dif_ntt32_pre_len2_output
ntt32_butterfly_operand,0,0,0,v4,0,-1,-1,-1,-1,-1,-1,2,1,32,0,-1,lo,0,16,0,-147,1,-1,-1,-1,-1,-1,-1,low_operand_for_dif_butterfly
ntt32_butterfly_operand,0,0,2,v6,0,-1,-1,-1,-1,-1,-1,2,1,32,16,-1,hi,0,16,0,-147,1,-1,-1,-1,-1,-1,-1,dif_high_output_gets_(lo-hi)_times_twiddle
ntt32_butterfly_operand,0,0,0,v4,1,-1,-1,-1,-1,-1,-1,2,1,32,1,-1,lo,1,17,1,484,1784,-1,-1,-1,-1,-1,-1,low_operand_for_dif_butterfly
ntt32_butterfly_operand,0,0,2,v6,1,-1,-1,-1,-1,-1,-1,2,1,32,17,-1,hi,1,17,1,484,1784,-1,-1,-1,-1,-1,-1,dif_high_output_gets_(lo-hi)_times_twiddle
ntt32_butterfly_operand,0,0,0,v4,2,-1,-1,-1,-1,-1,-1,2,1,32,2,-1,lo,2,18,2,-794,2216,-1,-1,-1,-1,-1,-1,low_operand_for_dif_butterfly
ntt32_butterfly_operand,0,0,2,v6,2,-1,-1,-1,-1,-1,-1,2,1,32,18,-1,hi,2,18,2,-794,2216,-1,-1,-1,-1,-1,-1,dif_high_output_gets_(lo-hi)_times_twiddle
ntt32_butterfly_operand,0,0,0,v4,3,-1,-1,-1,-1,-1,-1,2,1,32,3,-1,lo,3,19,3,874,1993,-1,-1,-1,-1,-1,-1,low_operand_for_dif_butterfly
ntt32_butterfly_operand,0,0,2,v6,3,-1,-1,-1,-1,-1,-1,2,1,32,19,-1,hi,3,19,3,874,1993,-1,-1,-1,-1,-1,-1,dif_high_output_gets_(lo-hi)_times_twiddle
ntt32_butterfly_operand,0,0,0,v4,4,-1,-1,-1,-1,-1,-1,2,1,32,4,-1,lo,4,20,4,109,1716,-1,-1,-1,-1,-1,-1,low_operand_for_dif_butterfly
ntt32_butterfly_operand,0,0,2,v6,4,-1,-1,-1,-1,-1,-1,2,1,32,20,-1,hi,4,20,4,109,1716,-1,-1,-1,-1,-1,-1,dif_high_output_gets_(lo-hi)_times_twiddle
ntt32_butterfly_operand,0,0,0,v4,5,-1,-1,-1,-1,-1,-1,2,1,32,5,-1,lo,5,21,5,864,1899,-1,-1,-1,-1,-1,-1,low_operand_for_dif_butterfly
ntt32_butterfly_operand,0,0,2,v6,5,-1,-1,-1,-1,-1,-1,2,1,32,21,-1,hi,5,21,5,864,1899,-1,-1,-1,-1,-1,-1,dif_high_output_gets_(lo-hi)_times_twiddle
ntt32_butterfly_operand,0,0,0,v4,6,-1,-1,-1,-1,-1,-1,2,1,32,6,-1,lo,6,22,6,-446,3413,-1,-1,-1,-1,-1,-1,low_operand_for_dif_butterfly
ntt32_butterfly_operand,0,0,2,v6,6,-1,-1,-1,-1,-1,-1,2,1,32,22,-1,hi,6,22,6,-446,3413,-1,-1,-1,-1,-1,-1,dif_high_output_gets_(lo-hi)_times_twiddle
ntt32_butterfly_operand,0,0,0,v4,7,-1,-1,-1,-1,-1,-1,2,1,32,7,-1,lo,7,23,7,-554,1015,-1,-1,-1,-1,-1,-1,low_operand_for_dif_butterfly
ntt32_butterfly_operand,0,0,2,v6,7,-1,-1,-1,-1,-1,-1,2,1,32,23,-1,hi,7,23,7,-554,1015,-1,-1,-1,-1,-1,-1,dif_high_output_gets_(lo-hi)_times_twiddle
ntt32_butterfly_operand,0,0,1,v5,0,-1,-1,-1,-1,-1,-1,2,1,32,8,-1,lo,8,24,8,366,2749,-1,-1,-1,-1,-1,-1,low_operand_for_dif_butterfly
ntt32_butterfly_operand,0,0,3,v7,0,-1,-1,-1,-1,-1,-1,2,1,32,24,-1,hi,8,24,8,366,2749,-1,-1,-1,-1,-1,-1,dif_high_output_gets_(lo-hi)_times_twiddle
ntt32_butterfly_operand,0,0,1,v5,1,-1,-1,-1,-1,-1,-1,2,1,32,9,-1,lo,9,25,9,-429,2190,-1,-1,-1,-1,-1,-1,low_operand_for_dif_butterfly
ntt32_butterfly_operand,0,0,3,v7,1,-1,-1,-1,-1,-1,-1,2,1,32,25,-1,hi,9,25,9,-429,2190,-1,-1,-1,-1,-1,-1,dif_high_output_gets_(lo-hi)_times_twiddle
ntt32_butterfly_operand,0,0,1,v5,2,-1,-1,-1,-1,-1,-1,2,1,32,10,-1,lo,10,26,10,-1339,550,-1,-1,-1,-1,-1,-1,low_operand_for_dif_butterfly
ntt32_butterfly_operand,0,0,3,v7,2,-1,-1,-1,-1,-1,-1,2,1,32,26,-1,hi,10,26,10,-1339,550,-1,-1,-1,-1,-1,-1,dif_high_output_gets_(lo-hi)_times_twiddle
ntt32_butterfly_operand,0,0,1,v5,3,-1,-1,-1,-1,-1,-1,2,1,32,11,-1,lo,11,27,11,11,2869,-1,-1,-1,-1,-1,-1,low_operand_for_dif_butterfly
ntt32_butterfly_operand,0,0,3,v7,3,-1,-1,-1,-1,-1,-1,2,1,32,27,-1,hi,11,27,11,11,2869,-1,-1,-1,-1,-1,-1,dif_high_output_gets_(lo-hi)_times_twiddle
ntt32_butterfly_operand,0,0,1,v5,4,-1,-1,-1,-1,-1,-1,2,1,32,12,-1,lo,12,28,12,-1118,1936,-1,-1,-1,-1,-1,-1,low_operand_for_dif_butterfly
ntt32_butterfly_operand,0,0,3,v7,4,-1,-1,-1,-1,-1,-1,2,1,32,28,-1,hi,12,28,12,-1118,1936,-1,-1,-1,-1,-1,-1,dif_high_output_gets_(lo-hi)_times_twiddle
ntt32_butterfly_operand,0,0,1,v5,5,-1,-1,-1,-1,-1,-1,2,1,32,13,-1,lo,13,29,13,177,281,-1,-1,-1,-1,-1,-1,low_operand_for_dif_butterfly
ntt32_butterfly_operand,0,0,3,v7,5,-1,-1,-1,-1,-1,-1,2,1,32,29,-1,hi,13,29,13,177,281,-1,-1,-1,-1,-1,-1,dif_high_output_gets_(lo-hi)_times_twiddle
ntt32_butterfly_operand,0,0,1,v5,6,-1,-1,-1,-1,-1,-1,2,1,32,14,-1,lo,14,30,14,1181,39,-1,-1,-1,-1,-1,-1,low_operand_for_dif_butterfly
ntt32_butterfly_operand,0,0,3,v7,6,-1,-1,-1,-1,-1,-1,2,1,32,30,-1,hi,14,30,14,1181,39,-1,-1,-1,-1,-1,-1,dif_high_output_gets_(lo-hi)_times_twiddle
ntt32_butterfly_operand,0,0,1,v5,7,-1,-1,-1,-1,-1,-1,2,1,32,15,-1,lo,15,31,15,1591,436,-1,-1,-1,-1,-1,-1,low_operand_for_dif_butterfly
ntt32_butterfly_operand,0,0,3,v7,7,-1,-1,-1,-1,-1,-1,2,1,32,31,-1,hi,15,31,15,1591,436,-1,-1,-1,-1,-1,-1,dif_high_output_gets_(lo-hi)_times_twiddle
ntt32_butterfly_operand,0,0,0,v4,0,-1,-1,-1,-1,-1,-1,2,2,16,0,-1,lo,0,8,0,-147,1,-1,-1,-1,-1,-1,-1,low_operand_for_dif_butterfly
ntt32_butterfly_operand,0,0,1,v5,0,-1,-1,-1,-1,-1,-1,2,2,16,8,-1,hi,0,8,0,-147,1,-1,-1,-1,-1,-1,-1,dif_high_output_gets_(lo-hi)_times_twiddle
ntt32_butterfly_operand,0,0,0,v4,1,-1,-1,-1,-1,-1,-1,2,2,16,1,-1,lo,1,9,2,-794,2216,-1,-1,-1,-1,-1,-1,low_operand_for_dif_butterfly
ntt32_butterfly_operand,0,0,1,v5,1,-1,-1,-1,-1,-1,-1,2,2,16,9,-1,hi,1,9,2,-794,2216,-1,-1,-1,-1,-1,-1,dif_high_output_gets_(lo-hi)_times_twiddle
ntt32_butterfly_operand,0,0,0,v4,2,-1,-1,-1,-1,-1,-1,2,2,16,2,-1,lo,2,10,4,109,1716,-1,-1,-1,-1,-1,-1,low_operand_for_dif_butterfly
ntt32_butterfly_operand,0,0,1,v5,2,-1,-1,-1,-1,-1,-1,2,2,16,10,-1,hi,2,10,4,109,1716,-1,-1,-1,-1,-1,-1,dif_high_output_gets_(lo-hi)_times_twiddle
ntt32_butterfly_operand,0,0,0,v4,3,-1,-1,-1,-1,-1,-1,2,2,16,3,-1,lo,3,11,6,-446,3413,-1,-1,-1,-1,-1,-1,low_operand_for_dif_butterfly
ntt32_butterfly_operand,0,0,1,v5,3,-1,-1,-1,-1,-1,-1,2,2,16,11,-1,hi,3,11,6,-446,3413,-1,-1,-1,-1,-1,-1,dif_high_output_gets_(lo-hi)_times_twiddle
ntt32_butterfly_operand,0,0,0,v4,4,-1,-1,-1,-1,-1,-1,2,2,16,4,-1,lo,4,12,8,366,2749,-1,-1,-1,-1,-1,-1,low_operand_for_dif_butterfly
ntt32_butterfly_operand,0,0,1,v5,4,-1,-1,-1,-1,-1,-1,2,2,16,12,-1,hi,4,12,8,366,2749,-1,-1,-1,-1,-1,-1,dif_high_output_gets_(lo-hi)_times_twiddle
ntt32_butterfly_operand,0,0,0,v4,5,-1,-1,-1,-1,-1,-1,2,2,16,5,-1,lo,5,13,10,-1339,550,-1,-1,-1,-1,-1,-1,low_operand_for_dif_butterfly
ntt32_butterfly_operand,0,0,1,v5,5,-1,-1,-1,-1,-1,-1,2,2,16,13,-1,hi,5,13,10,-1339,550,-1,-1,-1,-1,-1,-1,dif_high_output_gets_(lo-hi)_times_twiddle
ntt32_butterfly_operand,0,0,0,v4,6,-1,-1,-1,-1,-1,-1,2,2,16,6,-1,lo,6,14,12,-1118,1936,-1,-1,-1,-1,-1,-1,low_operand_for_dif_butterfly
ntt32_butterfly_operand,0,0,1,v5,6,-1,-1,-1,-1,-1,-1,2,2,16,14,-1,hi,6,14,12,-1118,1936,-1,-1,-1,-1,-1,-1,dif_high_output_gets_(lo-hi)_times_twiddle
ntt32_butterfly_operand,0,0,0,v4,7,-1,-1,-1,-1,-1,-1,2,2,16,7,-1,lo,7,15,14,1181,39,-1,-1,-1,-1,-1,-1,low_operand_for_dif_butterfly
ntt32_butterfly_operand,0,0,1,v5,7,-1,-1,-1,-1,-1,-1,2,2,16,15,-1,hi,7,15,14,1181,39,-1,-1,-1,-1,-1,-1,dif_high_output_gets_(lo-hi)_times_twiddle
ntt32_butterfly_operand,0,0,2,v6,0,-1,-1,-1,-1,-1,-1,2,2,16,16,-1,lo,16,24,0,-147,1,-1,-1,-1,-1,-1,-1,low_operand_for_dif_butterfly
ntt32_butterfly_operand,0,0,3,v7,0,-1,-1,-1,-1,-1,-1,2,2,16,24,-1,hi,16,24,0,-147,1,-1,-1,-1,-1,-1,-1,dif_high_output_gets_(lo-hi)_times_twiddle
ntt32_butterfly_operand,0,0,2,v6,1,-1,-1,-1,-1,-1,-1,2,2,16,17,-1,lo,17,25,2,-794,2216,-1,-1,-1,-1,-1,-1,low_operand_for_dif_butterfly
ntt32_butterfly_operand,0,0,3,v7,1,-1,-1,-1,-1,-1,-1,2,2,16,25,-1,hi,17,25,2,-794,2216,-1,-1,-1,-1,-1,-1,dif_high_output_gets_(lo-hi)_times_twiddle
ntt32_butterfly_operand,0,0,2,v6,2,-1,-1,-1,-1,-1,-1,2,2,16,18,-1,lo,18,26,4,109,1716,-1,-1,-1,-1,-1,-1,low_operand_for_dif_butterfly
ntt32_butterfly_operand,0,0,3,v7,2,-1,-1,-1,-1,-1,-1,2,2,16,26,-1,hi,18,26,4,109,1716,-1,-1,-1,-1,-1,-1,dif_high_output_gets_(lo-hi)_times_twiddle
ntt32_butterfly_operand,0,0,2,v6,3,-1,-1,-1,-1,-1,-1,2,2,16,19,-1,lo,19,27,6,-446,3413,-1,-1,-1,-1,-1,-1,low_operand_for_dif_butterfly
ntt32_butterfly_operand,0,0,3,v7,3,-1,-1,-1,-1,-1,-1,2,2,16,27,-1,hi,19,27,6,-446,3413,-1,-1,-1,-1,-1,-1,dif_high_output_gets_(lo-hi)_times_twiddle
ntt32_butterfly_operand,0,0,2,v6,4,-1,-1,-1,-1,-1,-1,2,2,16,20,-1,lo,20,28,8,366,2749,-1,-1,-1,-1,-1,-1,low_operand_for_dif_butterfly
ntt32_butterfly_operand,0,0,3,v7,4,-1,-1,-1,-1,-1,-1,2,2,16,28,-1,hi,20,28,8,366,2749,-1,-1,-1,-1,-1,-1,dif_high_output_gets_(lo-hi)_times_twiddle
ntt32_butterfly_operand,0,0,2,v6,5,-1,-1,-1,-1,-1,-1,2,2,16,21,-1,lo,21,29,10,-1339,550,-1,-1,-1,-1,-1,-1,low_operand_for_dif_butterfly
ntt32_butterfly_operand,0,0,3,v7,5,-1,-1,-1,-1,-1,-1,2,2,16,29,-1,hi,21,29,10,-1339,550,-1,-1,-1,-1,-1,-1,dif_high_output_gets_(lo-hi)_times_twiddle
ntt32_butterfly_operand,0,0,2,v6,6,-1,-1,-1,-1,-1,-1,2,2,16,22,-1,lo,22,30,12,-1118,1936,-1,-1,-1,-1,-1,-1,low_operand_for_dif_butterfly
ntt32_butterfly_operand,0,0,3,v7,6,-1,-1,-1,-1,-1,-1,2,2,16,30,-1,hi,22,30,12,-1118,1936,-1,-1,-1,-1,-1,-1,dif_high_output_gets_(lo-hi)_times_twiddle
ntt32_butterfly_operand,0,0,2,v6,7,-1,-1,-1,-1,-1,-1,2,2,16,23,-1,lo,23,31,14,1181,39,-1,-1,-1,-1,-1,-1,low_operand_for_dif_butterfly
ntt32_butterfly_operand,0,0,3,v7,7,-1,-1,-1,-1,-1,-1,2,2,16,31,-1,hi,23,31,14,1181,39,-1,-1,-1,-1,-1,-1,dif_high_output_gets_(lo-hi)_times_twiddle
ntt32_butterfly_operand,0,0,0,v4,0,-1,-1,-1,-1,-1,-1,2,3,8,0,-1,lo,0,4,0,-147,1,-1,-1,-1,-1,-1,-1,low_operand_for_dif_butterfly
ntt32_butterfly_operand,0,0,0,v4,4,-1,-1,-1,-1,-1,-1,2,3,8,4,-1,hi,0,4,0,-147,1,-1,-1,-1,-1,-1,-1,dif_high_output_gets_(lo-hi)_times_twiddle
ntt32_butterfly_operand,0,0,0,v4,1,-1,-1,-1,-1,-1,-1,2,3,8,1,-1,lo,1,5,4,109,1716,-1,-1,-1,-1,-1,-1,low_operand_for_dif_butterfly
ntt32_butterfly_operand,0,0,0,v4,5,-1,-1,-1,-1,-1,-1,2,3,8,5,-1,hi,1,5,4,109,1716,-1,-1,-1,-1,-1,-1,dif_high_output_gets_(lo-hi)_times_twiddle
ntt32_butterfly_operand,0,0,0,v4,2,-1,-1,-1,-1,-1,-1,2,3,8,2,-1,lo,2,6,8,366,2749,-1,-1,-1,-1,-1,-1,low_operand_for_dif_butterfly
ntt32_butterfly_operand,0,0,0,v4,6,-1,-1,-1,-1,-1,-1,2,3,8,6,-1,hi,2,6,8,366,2749,-1,-1,-1,-1,-1,-1,dif_high_output_gets_(lo-hi)_times_twiddle
ntt32_butterfly_operand,0,0,0,v4,3,-1,-1,-1,-1,-1,-1,2,3,8,3,-1,lo,3,7,12,-1118,1936,-1,-1,-1,-1,-1,-1,low_operand_for_dif_butterfly
ntt32_butterfly_operand,0,0,0,v4,7,-1,-1,-1,-1,-1,-1,2,3,8,7,-1,hi,3,7,12,-1118,1936,-1,-1,-1,-1,-1,-1,dif_high_output_gets_(lo-hi)_times_twiddle
ntt32_butterfly_operand,0,0,1,v5,0,-1,-1,-1,-1,-1,-1,2,3,8,8,-1,lo,8,12,0,-147,1,-1,-1,-1,-1,-1,-1,low_operand_for_dif_butterfly
ntt32_butterfly_operand,0,0,1,v5,4,-1,-1,-1,-1,-1,-1,2,3,8,12,-1,hi,8,12,0,-147,1,-1,-1,-1,-1,-1,-1,dif_high_output_gets_(lo-hi)_times_twiddle
ntt32_butterfly_operand,0,0,1,v5,1,-1,-1,-1,-1,-1,-1,2,3,8,9,-1,lo,9,13,4,109,1716,-1,-1,-1,-1,-1,-1,low_operand_for_dif_butterfly
ntt32_butterfly_operand,0,0,1,v5,5,-1,-1,-1,-1,-1,-1,2,3,8,13,-1,hi,9,13,4,109,1716,-1,-1,-1,-1,-1,-1,dif_high_output_gets_(lo-hi)_times_twiddle
ntt32_butterfly_operand,0,0,1,v5,2,-1,-1,-1,-1,-1,-1,2,3,8,10,-1,lo,10,14,8,366,2749,-1,-1,-1,-1,-1,-1,low_operand_for_dif_butterfly
ntt32_butterfly_operand,0,0,1,v5,6,-1,-1,-1,-1,-1,-1,2,3,8,14,-1,hi,10,14,8,366,2749,-1,-1,-1,-1,-1,-1,dif_high_output_gets_(lo-hi)_times_twiddle
ntt32_butterfly_operand,0,0,1,v5,3,-1,-1,-1,-1,-1,-1,2,3,8,11,-1,lo,11,15,12,-1118,1936,-1,-1,-1,-1,-1,-1,low_operand_for_dif_butterfly
ntt32_butterfly_operand,0,0,1,v5,7,-1,-1,-1,-1,-1,-1,2,3,8,15,-1,hi,11,15,12,-1118,1936,-1,-1,-1,-1,-1,-1,dif_high_output_gets_(lo-hi)_times_twiddle
ntt32_butterfly_operand,0,0,2,v6,0,-1,-1,-1,-1,-1,-1,2,3,8,16,-1,lo,16,20,0,-147,1,-1,-1,-1,-1,-1,-1,low_operand_for_dif_butterfly
ntt32_butterfly_operand,0,0,2,v6,4,-1,-1,-1,-1,-1,-1,2,3,8,20,-1,hi,16,20,0,-147,1,-1,-1,-1,-1,-1,-1,dif_high_output_gets_(lo-hi)_times_twiddle
ntt32_butterfly_operand,0,0,2,v6,1,-1,-1,-1,-1,-1,-1,2,3,8,17,-1,lo,17,21,4,109,1716,-1,-1,-1,-1,-1,-1,low_operand_for_dif_butterfly
ntt32_butterfly_operand,0,0,2,v6,5,-1,-1,-1,-1,-1,-1,2,3,8,21,-1,hi,17,21,4,109,1716,-1,-1,-1,-1,-1,-1,dif_high_output_gets_(lo-hi)_times_twiddle
ntt32_butterfly_operand,0,0,2,v6,2,-1,-1,-1,-1,-1,-1,2,3,8,18,-1,lo,18,22,8,366,2749,-1,-1,-1,-1,-1,-1,low_operand_for_dif_butterfly
ntt32_butterfly_operand,0,0,2,v6,6,-1,-1,-1,-1,-1,-1,2,3,8,22,-1,hi,18,22,8,366,2749,-1,-1,-1,-1,-1,-1,dif_high_output_gets_(lo-hi)_times_twiddle
ntt32_butterfly_operand,0,0,2,v6,3,-1,-1,-1,-1,-1,-1,2,3,8,19,-1,lo,19,23,12,-1118,1936,-1,-1,-1,-1,-1,-1,low_operand_for_dif_butterfly
ntt32_butterfly_operand,0,0,2,v6,7,-1,-1,-1,-1,-1,-1,2,3,8,23,-1,hi,19,23,12,-1118,1936,-1,-1,-1,-1,-1,-1,dif_high_output_gets_(lo-hi)_times_twiddle
ntt32_butterfly_operand,0,0,3,v7,0,-1,-1,-1,-1,-1,-1,2,3,8,24,-1,lo,24,28,0,-147,1,-1,-1,-1,-1,-1,-1,low_operand_for_dif_butterfly
ntt32_butterfly_operand,0,0,3,v7,4,-1,-1,-1,-1,-1,-1,2,3,8,28,-1,hi,24,28,0,-147,1,-1,-1,-1,-1,-1,-1,dif_high_output_gets_(lo-hi)_times_twiddle
ntt32_butterfly_operand,0,0,3,v7,1,-1,-1,-1,-1,-1,-1,2,3,8,25,-1,lo,25,29,4,109,1716,-1,-1,-1,-1,-1,-1,low_operand_for_dif_butterfly
ntt32_butterfly_operand,0,0,3,v7,5,-1,-1,-1,-1,-1,-1,2,3,8,29,-1,hi,25,29,4,109,1716,-1,-1,-1,-1,-1,-1,dif_high_output_gets_(lo-hi)_times_twiddle
ntt32_butterfly_operand,0,0,3,v7,2,-1,-1,-1,-1,-1,-1,2,3,8,26,-1,lo,26,30,8,366,2749,-1,-1,-1,-1,-1,-1,low_operand_for_dif_butterfly
ntt32_butterfly_operand,0,0,3,v7,6,-1,-1,-1,-1,-1,-1,2,3,8,30,-1,hi,26,30,8,366,2749,-1,-1,-1,-1,-1,-1,dif_high_output_gets_(lo-hi)_times_twiddle
ntt32_butterfly_operand,0,0,3,v7,3,-1,-1,-1,-1,-1,-1,2,3,8,27,-1,lo,27,31,12,-1118,1936,-1,-1,-1,-1,-1,-1,low_operand_for_dif_butterfly
ntt32_butterfly_operand,0,0,3,v7,7,-1,-1,-1,-1,-1,-1,2,3,8,31,-1,hi,27,31,12,-1118,1936,-1,-1,-1,-1,-1,-1,dif_high_output_gets_(lo-hi)_times_twiddle
ntt32_butterfly_operand,0,0,0,v4,0,-1,-1,-1,-1,-1,-1,2,4,4,0,-1,lo,0,2,0,-147,1,-1,-1,-1,-1,-1,-1,low_operand_for_dif_butterfly
ntt32_butterfly_operand,0,0,0,v4,2,-1,-1,-1,-1,-1,-1,2,4,4,2,-1,hi,0,2,0,-147,1,-1,-1,-1,-1,-1,-1,dif_high_output_gets_(lo-hi)_times_twiddle
ntt32_butterfly_operand,0,0,0,v4,1,-1,-1,-1,-1,-1,-1,2,4,4,1,-1,lo,1,3,8,366,2749,-1,-1,-1,-1,-1,-1,low_operand_for_dif_butterfly
ntt32_butterfly_operand,0,0,0,v4,3,-1,-1,-1,-1,-1,-1,2,4,4,3,-1,hi,1,3,8,366,2749,-1,-1,-1,-1,-1,-1,dif_high_output_gets_(lo-hi)_times_twiddle
ntt32_butterfly_operand,0,0,0,v4,4,-1,-1,-1,-1,-1,-1,2,4,4,4,-1,lo,4,6,0,-147,1,-1,-1,-1,-1,-1,-1,low_operand_for_dif_butterfly
ntt32_butterfly_operand,0,0,0,v4,6,-1,-1,-1,-1,-1,-1,2,4,4,6,-1,hi,4,6,0,-147,1,-1,-1,-1,-1,-1,-1,dif_high_output_gets_(lo-hi)_times_twiddle
ntt32_butterfly_operand,0,0,0,v4,5,-1,-1,-1,-1,-1,-1,2,4,4,5,-1,lo,5,7,8,366,2749,-1,-1,-1,-1,-1,-1,low_operand_for_dif_butterfly
ntt32_butterfly_operand,0,0,0,v4,7,-1,-1,-1,-1,-1,-1,2,4,4,7,-1,hi,5,7,8,366,2749,-1,-1,-1,-1,-1,-1,dif_high_output_gets_(lo-hi)_times_twiddle
ntt32_butterfly_operand,0,0,1,v5,0,-1,-1,-1,-1,-1,-1,2,4,4,8,-1,lo,8,10,0,-147,1,-1,-1,-1,-1,-1,-1,low_operand_for_dif_butterfly
ntt32_butterfly_operand,0,0,1,v5,2,-1,-1,-1,-1,-1,-1,2,4,4,10,-1,hi,8,10,0,-147,1,-1,-1,-1,-1,-1,-1,dif_high_output_gets_(lo-hi)_times_twiddle
ntt32_butterfly_operand,0,0,1,v5,1,-1,-1,-1,-1,-1,-1,2,4,4,9,-1,lo,9,11,8,366,2749,-1,-1,-1,-1,-1,-1,low_operand_for_dif_butterfly
ntt32_butterfly_operand,0,0,1,v5,3,-1,-1,-1,-1,-1,-1,2,4,4,11,-1,hi,9,11,8,366,2749,-1,-1,-1,-1,-1,-1,dif_high_output_gets_(lo-hi)_times_twiddle
ntt32_butterfly_operand,0,0,1,v5,4,-1,-1,-1,-1,-1,-1,2,4,4,12,-1,lo,12,14,0,-147,1,-1,-1,-1,-1,-1,-1,low_operand_for_dif_butterfly
ntt32_butterfly_operand,0,0,1,v5,6,-1,-1,-1,-1,-1,-1,2,4,4,14,-1,hi,12,14,0,-147,1,-1,-1,-1,-1,-1,-1,dif_high_output_gets_(lo-hi)_times_twiddle
ntt32_butterfly_operand,0,0,1,v5,5,-1,-1,-1,-1,-1,-1,2,4,4,13,-1,lo,13,15,8,366,2749,-1,-1,-1,-1,-1,-1,low_operand_for_dif_butterfly
ntt32_butterfly_operand,0,0,1,v5,7,-1,-1,-1,-1,-1,-1,2,4,4,15,-1,hi,13,15,8,366,2749,-1,-1,-1,-1,-1,-1,dif_high_output_gets_(lo-hi)_times_twiddle
ntt32_butterfly_operand,0,0,2,v6,0,-1,-1,-1,-1,-1,-1,2,4,4,16,-1,lo,16,18,0,-147,1,-1,-1,-1,-1,-1,-1,low_operand_for_dif_butterfly
ntt32_butterfly_operand,0,0,2,v6,2,-1,-1,-1,-1,-1,-1,2,4,4,18,-1,hi,16,18,0,-147,1,-1,-1,-1,-1,-1,-1,dif_high_output_gets_(lo-hi)_times_twiddle
ntt32_butterfly_operand,0,0,2,v6,1,-1,-1,-1,-1,-1,-1,2,4,4,17,-1,lo,17,19,8,366,2749,-1,-1,-1,-1,-1,-1,low_operand_for_dif_butterfly
ntt32_butterfly_operand,0,0,2,v6,3,-1,-1,-1,-1,-1,-1,2,4,4,19,-1,hi,17,19,8,366,2749,-1,-1,-1,-1,-1,-1,dif_high_output_gets_(lo-hi)_times_twiddle
ntt32_butterfly_operand,0,0,2,v6,4,-1,-1,-1,-1,-1,-1,2,4,4,20,-1,lo,20,22,0,-147,1,-1,-1,-1,-1,-1,-1,low_operand_for_dif_butterfly
ntt32_butterfly_operand,0,0,2,v6,6,-1,-1,-1,-1,-1,-1,2,4,4,22,-1,hi,20,22,0,-147,1,-1,-1,-1,-1,-1,-1,dif_high_output_gets_(lo-hi)_times_twiddle
ntt32_butterfly_operand,0,0,2,v6,5,-1,-1,-1,-1,-1,-1,2,4,4,21,-1,lo,21,23,8,366,2749,-1,-1,-1,-1,-1,-1,low_operand_for_dif_butterfly
ntt32_butterfly_operand,0,0,2,v6,7,-1,-1,-1,-1,-1,-1,2,4,4,23,-1,hi,21,23,8,366,2749,-1,-1,-1,-1,-1,-1,dif_high_output_gets_(lo-hi)_times_twiddle
ntt32_butterfly_operand,0,0,3,v7,0,-1,-1,-1,-1,-1,-1,2,4,4,24,-1,lo,24,26,0,-147,1,-1,-1,-1,-1,-1,-1,low_operand_for_dif_butterfly
ntt32_butterfly_operand,0,0,3,v7,2,-1,-1,-1,-1,-1,-1,2,4,4,26,-1,hi,24,26,0,-147,1,-1,-1,-1,-1,-1,-1,dif_high_output_gets_(lo-hi)_times_twiddle
ntt32_butterfly_operand,0,0,3,v7,1,-1,-1,-1,-1,-1,-1,2,4,4,25,-1,lo,25,27,8,366,2749,-1,-1,-1,-1,-1,-1,low_operand_for_dif_butterfly
ntt32_butterfly_operand,0,0,3,v7,3,-1,-1,-1,-1,-1,-1,2,4,4,27,-1,hi,25,27,8,366,2749,-1,-1,-1,-1,-1,-1,dif_high_output_gets_(lo-hi)_times_twiddle
ntt32_butterfly_operand,0,0,3,v7,4,-1,-1,-1,-1,-1,-1,2,4,4,28,-1,lo,28,30,0,-147,1,-1,-1,-1,-1,-1,-1,low_operand_for_dif_butterfly
ntt32_butterfly_operand,0,0,3,v7,6,-1,-1,-1,-1,-1,-1,2,4,4,30,-1,hi,28,30,0,-147,1,-1,-1,-1,-1,-1,-1,dif_high_output_gets_(lo-hi)_times_twiddle
ntt32_butterfly_operand,0,0,3,v7,5,-1,-1,-1,-1,-1,-1,2,4,4,29,-1,lo,29,31,8,366,2749,-1,-1,-1,-1,-1,-1,low_operand_for_dif_butterfly
ntt32_butterfly_operand,0,0,3,v7,7,-1,-1,-1,-1,-1,-1,2,4,4,31,-1,hi,29,31,8,366,2749,-1,-1,-1,-1,-1,-1,dif_high_output_gets_(lo-hi)_times_twiddle
input_crt_pack,0,1,0,v4,0,1,1,0,0,0,0,-1,-1,-1,-1,-1,source,-1,-1,0,-147,1,-1,-1,-1,-1,-1,-1,physical_source_then_twist_by_twist_index
input_crt_pack,0,1,0,v4,1,133,133,33,33,0,1,-1,-1,-1,-1,-1,source,-1,-1,0,-147,1,-1,-1,-1,-1,-1,-1,physical_source_then_twist_by_twist_index
input_crt_pack,0,1,0,v4,2,265,265,66,66,0,2,-1,-1,-1,-1,-1,source,-1,-1,0,-147,1,-1,-1,-1,-1,-1,-1,physical_source_then_twist_by_twist_index
input_crt_pack,0,1,0,v4,3,13,13,3,3,0,3,-1,-1,-1,-1,-1,source,-1,-1,0,-147,1,-1,-1,-1,-1,-1,-1,physical_source_then_twist_by_twist_index
input_crt_pack,0,1,0,v4,4,145,145,36,36,0,4,-1,-1,-1,-1,-1,source,-1,-1,0,-147,1,-1,-1,-1,-1,-1,-1,physical_source_then_twist_by_twist_index
input_crt_pack,0,1,0,v4,5,277,277,69,69,0,5,-1,-1,-1,-1,-1,source,-1,-1,0,-147,1,-1,-1,-1,-1,-1,-1,physical_source_then_twist_by_twist_index
input_crt_pack,0,1,0,v4,6,25,25,6,6,0,6,-1,-1,-1,-1,-1,source,-1,-1,0,-147,1,-1,-1,-1,-1,-1,-1,physical_source_then_twist_by_twist_index
input_crt_pack,0,1,0,v4,7,157,157,39,39,0,7,-1,-1,-1,-1,-1,source,-1,-1,0,-147,1,-1,-1,-1,-1,-1,-1,physical_source_then_twist_by_twist_index
input_crt_pack,0,1,0,v5,0,257,257,64,64,1,0,-1,-1,-1,-1,-1,source,-1,-1,0,-147,1,-1,-1,-1,-1,-1,-1,physical_source_then_twist_by_twist_index
input_crt_pack,0,1,0,v5,1,5,5,1,1,1,1,-1,-1,-1,-1,-1,source,-1,-1,0,-147,1,-1,-1,-1,-1,-1,-1,physical_source_then_twist_by_twist_index
input_crt_pack,0,1,0,v5,2,137,137,34,34,1,2,-1,-1,-1,-1,-1,source,-1,-1,0,-147,1,-1,-1,-1,-1,-1,-1,physical_source_then_twist_by_twist_index
input_crt_pack,0,1,0,v5,3,269,269,67,67,1,3,-1,-1,-1,-1,-1,source,-1,-1,0,-147,1,-1,-1,-1,-1,-1,-1,physical_source_then_twist_by_twist_index
input_crt_pack,0,1,0,v5,4,17,17,4,4,1,4,-1,-1,-1,-1,-1,source,-1,-1,0,-147,1,-1,-1,-1,-1,-1,-1,physical_source_then_twist_by_twist_index
input_crt_pack,0,1,0,v5,5,149,149,37,37,1,5,-1,-1,-1,-1,-1,source,-1,-1,0,-147,1,-1,-1,-1,-1,-1,-1,physical_source_then_twist_by_twist_index
input_crt_pack,0,1,0,v5,6,281,281,70,70,1,6,-1,-1,-1,-1,-1,source,-1,-1,0,-147,1,-1,-1,-1,-1,-1,-1,physical_source_then_twist_by_twist_index
input_crt_pack,0,1,0,v5,7,29,29,7,7,1,7,-1,-1,-1,-1,-1,source,-1,-1,0,-147,1,-1,-1,-1,-1,-1,-1,physical_source_then_twist_by_twist_index
input_crt_pack,0,1,0,v6,0,129,129,32,32,2,0,-1,-1,-1,-1,-1,source,-1,-1,0,-147,1,-1,-1,-1,-1,-1,-1,physical_source_then_twist_by_twist_index
input_crt_pack,0,1,0,v6,1,261,261,65,65,2,1,-1,-1,-1,-1,-1,source,-1,-1,0,-147,1,-1,-1,-1,-1,-1,-1,physical_source_then_twist_by_twist_index
input_crt_pack,0,1,0,v6,2,9,9,2,2,2,2,-1,-1,-1,-1,-1,source,-1,-1,0,-147,1,-1,-1,-1,-1,-1,-1,physical_source_then_twist_by_twist_index
input_crt_pack,0,1,0,v6,3,141,141,35,35,2,3,-1,-1,-1,-1,-1,source,-1,-1,0,-147,1,-1,-1,-1,-1,-1,-1,physical_source_then_twist_by_twist_index
input_crt_pack,0,1,0,v6,4,273,273,68,68,2,4,-1,-1,-1,-1,-1,source,-1,-1,0,-147,1,-1,-1,-1,-1,-1,-1,physical_source_then_twist_by_twist_index
input_crt_pack,0,1,0,v6,5,21,21,5,5,2,5,-1,-1,-1,-1,-1,source,-1,-1,0,-147,1,-1,-1,-1,-1,-1,-1,physical_source_then_twist_by_twist_index
input_crt_pack,0,1,0,v6,6,153,153,38,38,2,6,-1,-1,-1,-1,-1,source,-1,-1,0,-147,1,-1,-1,-1,-1,-1,-1,physical_source_then_twist_by_twist_index
input_crt_pack,0,1,0,v6,7,285,285,71,71,2,7,-1,-1,-1,-1,-1,source,-1,-1,0,-147,1,-1,-1,-1,-1,-1,-1,physical_source_then_twist_by_twist_index
dft3_output_pack,0,1,0,v4,0,-1,-1,-1,-1,-1,0,0,-1,-1,-1,-1,dft_output,-1,-1,0,-147,1,1,257,129,0,64,32,linear_combination_of_three_input_crt_sources
dft3_output_pack,0,1,0,v4,1,-1,-1,-1,-1,-1,1,0,-1,-1,-1,-1,dft_output,-1,-1,0,-147,1,133,5,261,33,1,65,linear_combination_of_three_input_crt_sources
dft3_output_pack,0,1,0,v4,2,-1,-1,-1,-1,-1,2,0,-1,-1,-1,-1,dft_output,-1,-1,0,-147,1,265,137,9,66,34,2,linear_combination_of_three_input_crt_sources
dft3_output_pack,0,1,0,v4,3,-1,-1,-1,-1,-1,3,0,-1,-1,-1,-1,dft_output,-1,-1,0,-147,1,13,269,141,3,67,35,linear_combination_of_three_input_crt_sources
dft3_output_pack,0,1,0,v4,4,-1,-1,-1,-1,-1,4,0,-1,-1,-1,-1,dft_output,-1,-1,0,-147,1,145,17,273,36,4,68,linear_combination_of_three_input_crt_sources
dft3_output_pack,0,1,0,v4,5,-1,-1,-1,-1,-1,5,0,-1,-1,-1,-1,dft_output,-1,-1,0,-147,1,277,149,21,69,37,5,linear_combination_of_three_input_crt_sources
dft3_output_pack,0,1,0,v4,6,-1,-1,-1,-1,-1,6,0,-1,-1,-1,-1,dft_output,-1,-1,0,-147,1,25,281,153,6,70,38,linear_combination_of_three_input_crt_sources
dft3_output_pack,0,1,0,v4,7,-1,-1,-1,-1,-1,7,0,-1,-1,-1,-1,dft_output,-1,-1,0,-147,1,157,29,285,39,7,71,linear_combination_of_three_input_crt_sources
dft3_output_pack,0,1,0,v5,0,-1,-1,-1,-1,-1,0,1,-1,-1,-1,-1,dft_output,-1,-1,0,-147,1,1,257,129,0,64,32,linear_combination_of_three_input_crt_sources
dft3_output_pack,0,1,0,v5,1,-1,-1,-1,-1,-1,1,1,-1,-1,-1,-1,dft_output,-1,-1,0,-147,1,133,5,261,33,1,65,linear_combination_of_three_input_crt_sources
dft3_output_pack,0,1,0,v5,2,-1,-1,-1,-1,-1,2,1,-1,-1,-1,-1,dft_output,-1,-1,0,-147,1,265,137,9,66,34,2,linear_combination_of_three_input_crt_sources
dft3_output_pack,0,1,0,v5,3,-1,-1,-1,-1,-1,3,1,-1,-1,-1,-1,dft_output,-1,-1,0,-147,1,13,269,141,3,67,35,linear_combination_of_three_input_crt_sources
dft3_output_pack,0,1,0,v5,4,-1,-1,-1,-1,-1,4,1,-1,-1,-1,-1,dft_output,-1,-1,0,-147,1,145,17,273,36,4,68,linear_combination_of_three_input_crt_sources
dft3_output_pack,0,1,0,v5,5,-1,-1,-1,-1,-1,5,1,-1,-1,-1,-1,dft_output,-1,-1,0,-147,1,277,149,21,69,37,5,linear_combination_of_three_input_crt_sources
dft3_output_pack,0,1,0,v5,6,-1,-1,-1,-1,-1,6,1,-1,-1,-1,-1,dft_output,-1,-1,0,-147,1,25,281,153,6,70,38,linear_combination_of_three_input_crt_sources
dft3_output_pack,0,1,0,v5,7,-1,-1,-1,-1,-1,7,1,-1,-1,-1,-1,dft_output,-1,-1,0,-147,1,157,29,285,39,7,71,linear_combination_of_three_input_crt_sources
dft3_output_pack,0,1,0,v6,0,-1,-1,-1,-1,-1,0,2,-1,-1,-1,-1,dft_output,-1,-1,0,-147,1,1,257,129,0,64,32,linear_combination_of_three_input_crt_sources
dft3_output_pack,0,1,0,v6,1,-1,-1,-1,-1,-1,1,2,-1,-1,-1,-1,dft_output,-1,-1,0,-147,1,133,5,261,33,1,65,linear_combination_of_three_input_crt_sources
dft3_output_pack,0,1,0,v6,2,-1,-1,-1,-1,-1,2,2,-1,-1,-1,-1,dft_output,-1,-1,0,-147,1,265,137,9,66,34,2,linear_combination_of_three_input_crt_sources
dft3_output_pack,0,1,0,v6,3,-1,-1,-1,-1,-1,3,2,-1,-1,-1,-1,dft_output,-1,-1,0,-147,1,13,269,141,3,67,35,linear_combination_of_three_input_crt_sources
dft3_output_pack,0,1,0,v6,4,-1,-1,-1,-1,-1,4,2,-1,-1,-1,-1,dft_output,-1,-1,0,-147,1,145,17,273,36,4,68,linear_combination_of_three_input_crt_sources
dft3_output_pack,0,1,0,v6,5,-1,-1,-1,-1,-1,5,2,-1,-1,-1,-1,dft_output,-1,-1,0,-147,1,277,149,21,69,37,5,linear_combination_of_three_input_crt_sources
dft3_output_pack,0,1,0,v6,6,-1,-1,-1,-1,-1,6,2,-1,-1,-1,-1,dft_output,-1,-1,0,-147,1,25,281,153,6,70,38,linear_combination_of_three_input_crt_sources
dft3_output_pack,0,1,0,v6,7,-1,-1,-1,-1,-1,7,2,-1,-1,-1,-1,dft_output,-1,-1,0,-147,1,157,29,285,39,7,71,linear_combination_of_three_input_crt_sources
input_crt_pack,0,1,1,v4,0,289,289,72,72,0,8,-1,-1,-1,-1,-1,source,-1,-1,0,-147,1,-1,-1,-1,-1,-1,-1,physical_source_then_twist_by_twist_index
input_crt_pack,0,1,1,v4,1,37,37,9,9,0,9,-1,-1,-1,-1,-1,source,-1,-1,0,-147,1,-1,-1,-1,-1,-1,-1,physical_source_then_twist_by_twist_index
input_crt_pack,0,1,1,v4,2,169,169,42,42,0,10,-1,-1,-1,-1,-1,source,-1,-1,0,-147,1,-1,-1,-1,-1,-1,-1,physical_source_then_twist_by_twist_index
input_crt_pack,0,1,1,v4,3,301,301,75,75,0,11,-1,-1,-1,-1,-1,source,-1,-1,0,-147,1,-1,-1,-1,-1,-1,-1,physical_source_then_twist_by_twist_index
input_crt_pack,0,1,1,v4,4,49,49,12,12,0,12,-1,-1,-1,-1,-1,source,-1,-1,0,-147,1,-1,-1,-1,-1,-1,-1,physical_source_then_twist_by_twist_index
input_crt_pack,0,1,1,v4,5,181,181,45,45,0,13,-1,-1,-1,-1,-1,source,-1,-1,0,-147,1,-1,-1,-1,-1,-1,-1,physical_source_then_twist_by_twist_index
input_crt_pack,0,1,1,v4,6,313,313,78,78,0,14,-1,-1,-1,-1,-1,source,-1,-1,0,-147,1,-1,-1,-1,-1,-1,-1,physical_source_then_twist_by_twist_index
input_crt_pack,0,1,1,v4,7,61,61,15,15,0,15,-1,-1,-1,-1,-1,source,-1,-1,0,-147,1,-1,-1,-1,-1,-1,-1,physical_source_then_twist_by_twist_index
input_crt_pack,0,1,1,v5,0,161,161,40,40,1,8,-1,-1,-1,-1,-1,source,-1,-1,0,-147,1,-1,-1,-1,-1,-1,-1,physical_source_then_twist_by_twist_index
input_crt_pack,0,1,1,v5,1,293,293,73,73,1,9,-1,-1,-1,-1,-1,source,-1,-1,0,-147,1,-1,-1,-1,-1,-1,-1,physical_source_then_twist_by_twist_index
input_crt_pack,0,1,1,v5,2,41,41,10,10,1,10,-1,-1,-1,-1,-1,source,-1,-1,0,-147,1,-1,-1,-1,-1,-1,-1,physical_source_then_twist_by_twist_index
input_crt_pack,0,1,1,v5,3,173,173,43,43,1,11,-1,-1,-1,-1,-1,source,-1,-1,0,-147,1,-1,-1,-1,-1,-1,-1,physical_source_then_twist_by_twist_index
input_crt_pack,0,1,1,v5,4,305,305,76,76,1,12,-1,-1,-1,-1,-1,source,-1,-1,0,-147,1,-1,-1,-1,-1,-1,-1,physical_source_then_twist_by_twist_index
input_crt_pack,0,1,1,v5,5,53,53,13,13,1,13,-1,-1,-1,-1,-1,source,-1,-1,0,-147,1,-1,-1,-1,-1,-1,-1,physical_source_then_twist_by_twist_index
input_crt_pack,0,1,1,v5,6,185,185,46,46,1,14,-1,-1,-1,-1,-1,source,-1,-1,0,-147,1,-1,-1,-1,-1,-1,-1,physical_source_then_twist_by_twist_index
input_crt_pack,0,1,1,v5,7,317,317,79,79,1,15,-1,-1,-1,-1,-1,source,-1,-1,0,-147,1,-1,-1,-1,-1,-1,-1,physical_source_then_twist_by_twist_index
input_crt_pack,0,1,1,v6,0,33,33,8,8,2,8,-1,-1,-1,-1,-1,source,-1,-1,0,-147,1,-1,-1,-1,-1,-1,-1,physical_source_then_twist_by_twist_index
input_crt_pack,0,1,1,v6,1,165,165,41,41,2,9,-1,-1,-1,-1,-1,source,-1,-1,0,-147,1,-1,-1,-1,-1,-1,-1,physical_source_then_twist_by_twist_index
input_crt_pack,0,1,1,v6,2,297,297,74,74,2,10,-1,-1,-1,-1,-1,source,-1,-1,0,-147,1,-1,-1,-1,-1,-1,-1,physical_source_then_twist_by_twist_index
input_crt_pack,0,1,1,v6,3,45,45,11,11,2,11,-1,-1,-1,-1,-1,source,-1,-1,0,-147,1,-1,-1,-1,-1,-1,-1,physical_source_then_twist_by_twist_index
input_crt_pack,0,1,1,v6,4,177,177,44,44,2,12,-1,-1,-1,-1,-1,source,-1,-1,0,-147,1,-1,-1,-1,-1,-1,-1,physical_source_then_twist_by_twist_index
input_crt_pack,0,1,1,v6,5,309,309,77,77,2,13,-1,-1,-1,-1,-1,source,-1,-1,0,-147,1,-1,-1,-1,-1,-1,-1,physical_source_then_twist_by_twist_index
input_crt_pack,0,1,1,v6,6,57,57,14,14,2,14,-1,-1,-1,-1,-1,source,-1,-1,0,-147,1,-1,-1,-1,-1,-1,-1,physical_source_then_twist_by_twist_index
input_crt_pack,0,1,1,v6,7,189,189,47,47,2,15,-1,-1,-1,-1,-1,source,-1,-1,0,-147,1,-1,-1,-1,-1,-1,-1,physical_source_then_twist_by_twist_index
dft3_output_pack,0,1,1,v4,0,-1,-1,-1,-1,-1,8,0,-1,-1,-1,-1,dft_output,-1,-1,0,-147,1,289,161,33,72,40,8,linear_combination_of_three_input_crt_sources
dft3_output_pack,0,1,1,v4,1,-1,-1,-1,-1,-1,9,0,-1,-1,-1,-1,dft_output,-1,-1,0,-147,1,37,293,165,9,73,41,linear_combination_of_three_input_crt_sources
dft3_output_pack,0,1,1,v4,2,-1,-1,-1,-1,-1,10,0,-1,-1,-1,-1,dft_output,-1,-1,0,-147,1,169,41,297,42,10,74,linear_combination_of_three_input_crt_sources
dft3_output_pack,0,1,1,v4,3,-1,-1,-1,-1,-1,11,0,-1,-1,-1,-1,dft_output,-1,-1,0,-147,1,301,173,45,75,43,11,linear_combination_of_three_input_crt_sources
dft3_output_pack,0,1,1,v4,4,-1,-1,-1,-1,-1,12,0,-1,-1,-1,-1,dft_output,-1,-1,0,-147,1,49,305,177,12,76,44,linear_combination_of_three_input_crt_sources
dft3_output_pack,0,1,1,v4,5,-1,-1,-1,-1,-1,13,0,-1,-1,-1,-1,dft_output,-1,-1,0,-147,1,181,53,309,45,13,77,linear_combination_of_three_input_crt_sources
dft3_output_pack,0,1,1,v4,6,-1,-1,-1,-1,-1,14,0,-1,-1,-1,-1,dft_output,-1,-1,0,-147,1,313,185,57,78,46,14,linear_combination_of_three_input_crt_sources
dft3_output_pack,0,1,1,v4,7,-1,-1,-1,-1,-1,15,0,-1,-1,-1,-1,dft_output,-1,-1,0,-147,1,61,317,189,15,79,47,linear_combination_of_three_input_crt_sources
dft3_output_pack,0,1,1,v5,0,-1,-1,-1,-1,-1,8,1,-1,-1,-1,-1,dft_output,-1,-1,0,-147,1,289,161,33,72,40,8,linear_combination_of_three_input_crt_sources
dft3_output_pack,0,1,1,v5,1,-1,-1,-1,-1,-1,9,1,-1,-1,-1,-1,dft_output,-1,-1,0,-147,1,37,293,165,9,73,41,linear_combination_of_three_input_crt_sources
dft3_output_pack,0,1,1,v5,2,-1,-1,-1,-1,-1,10,1,-1,-1,-1,-1,dft_output,-1,-1,0,-147,1,169,41,297,42,10,74,linear_combination_of_three_input_crt_sources
dft3_output_pack,0,1,1,v5,3,-1,-1,-1,-1,-1,11,1,-1,-1,-1,-1,dft_output,-1,-1,0,-147,1,301,173,45,75,43,11,linear_combination_of_three_input_crt_sources
dft3_output_pack,0,1,1,v5,4,-1,-1,-1,-1,-1,12,1,-1,-1,-1,-1,dft_output,-1,-1,0,-147,1,49,305,177,12,76,44,linear_combination_of_three_input_crt_sources
dft3_output_pack,0,1,1,v5,5,-1,-1,-1,-1,-1,13,1,-1,-1,-1,-1,dft_output,-1,-1,0,-147,1,181,53,309,45,13,77,linear_combination_of_three_input_crt_sources
dft3_output_pack,0,1,1,v5,6,-1,-1,-1,-1,-1,14,1,-1,-1,-1,-1,dft_output,-1,-1,0,-147,1,313,185,57,78,46,14,linear_combination_of_three_input_crt_sources
dft3_output_pack,0,1,1,v5,7,-1,-1,-1,-1,-1,15,1,-1,-1,-1,-1,dft_output,-1,-1,0,-147,1,61,317,189,15,79,47,linear_combination_of_three_input_crt_sources
dft3_output_pack,0,1,1,v6,0,-1,-1,-1,-1,-1,8,2,-1,-1,-1,-1,dft_output,-1,-1,0,-147,1,289,161,33,72,40,8,linear_combination_of_three_input_crt_sources
dft3_output_pack,0,1,1,v6,1,-1,-1,-1,-1,-1,9,2,-1,-1,-1,-1,dft_output,-1,-1,0,-147,1,37,293,165,9,73,41,linear_combination_of_three_input_crt_sources
dft3_output_pack,0,1,1,v6,2,-1,-1,-1,-1,-1,10,2,-1,-1,-1,-1,dft_output,-1,-1,0,-147,1,169,41,297,42,10,74,linear_combination_of_three_input_crt_sources
dft3_output_pack,0,1,1,v6,3,-1,-1,-1,-1,-1,11,2,-1,-1,-1,-1,dft_output,-1,-1,0,-147,1,301,173,45,75,43,11,linear_combination_of_three_input_crt_sources
dft3_output_pack,0,1,1,v6,4,-1,-1,-1,-1,-1,12,2,-1,-1,-1,-1,dft_output,-1,-1,0,-147,1,49,305,177,12,76,44,linear_combination_of_three_input_crt_sources
dft3_output_pack,0,1,1,v6,5,-1,-1,-1,-1,-1,13,2,-1,-1,-1,-1,dft_output,-1,-1,0,-147,1,181,53,309,45,13,77,linear_combination_of_three_input_crt_sources
dft3_output_pack,0,1,1,v6,6,-1,-1,-1,-1,-1,14,2,-1,-1,-1,-1,dft_output,-1,-1,0,-147,1,313,185,57,78,46,14,linear_combination_of_three_input_crt_sources
dft3_output_pack,0,1,1,v6,7,-1,-1,-1,-1,-1,15,2,-1,-1,-1,-1,dft_output,-1,-1,0,-147,1,61,317,189,15,79,47,linear_combination_of_three_input_crt_sources
input_crt_pack,0,1,2,v4,0,193,193,48,48,0,16,-1,-1,-1,-1,-1,source,-1,-1,0,-147,1,-1,-1,-1,-1,-1,-1,physical_source_then_twist_by_twist_index
input_crt_pack,0,1,2,v4,1,325,325,81,81,0,17,-1,-1,-1,-1,-1,source,-1,-1,0,-147,1,-1,-1,-1,-1,-1,-1,physical_source_then_twist_by_twist_index
input_crt_pack,0,1,2,v4,2,73,73,18,18,0,18,-1,-1,-1,-1,-1,source,-1,-1,0,-147,1,-1,-1,-1,-1,-1,-1,physical_source_then_twist_by_twist_index
input_crt_pack,0,1,2,v4,3,205,205,51,51,0,19,-1,-1,-1,-1,-1,source,-1,-1,0,-147,1,-1,-1,-1,-1,-1,-1,physical_source_then_twist_by_twist_index
input_crt_pack,0,1,2,v4,4,337,337,84,84,0,20,-1,-1,-1,-1,-1,source,-1,-1,0,-147,1,-1,-1,-1,-1,-1,-1,physical_source_then_twist_by_twist_index
input_crt_pack,0,1,2,v4,5,85,85,21,21,0,21,-1,-1,-1,-1,-1,source,-1,-1,0,-147,1,-1,-1,-1,-1,-1,-1,physical_source_then_twist_by_twist_index
input_crt_pack,0,1,2,v4,6,217,217,54,54,0,22,-1,-1,-1,-1,-1,source,-1,-1,0,-147,1,-1,-1,-1,-1,-1,-1,physical_source_then_twist_by_twist_index
input_crt_pack,0,1,2,v4,7,349,349,87,87,0,23,-1,-1,-1,-1,-1,source,-1,-1,0,-147,1,-1,-1,-1,-1,-1,-1,physical_source_then_twist_by_twist_index
input_crt_pack,0,1,2,v5,0,65,65,16,16,1,16,-1,-1,-1,-1,-1,source,-1,-1,0,-147,1,-1,-1,-1,-1,-1,-1,physical_source_then_twist_by_twist_index
input_crt_pack,0,1,2,v5,1,197,197,49,49,1,17,-1,-1,-1,-1,-1,source,-1,-1,0,-147,1,-1,-1,-1,-1,-1,-1,physical_source_then_twist_by_twist_index
input_crt_pack,0,1,2,v5,2,329,329,82,82,1,18,-1,-1,-1,-1,-1,source,-1,-1,0,-147,1,-1,-1,-1,-1,-1,-1,physical_source_then_twist_by_twist_index
input_crt_pack,0,1,2,v5,3,77,77,19,19,1,19,-1,-1,-1,-1,-1,source,-1,-1,0,-147,1,-1,-1,-1,-1,-1,-1,physical_source_then_twist_by_twist_index
input_crt_pack,0,1,2,v5,4,209,209,52,52,1,20,-1,-1,-1,-1,-1,source,-1,-1,0,-147,1,-1,-1,-1,-1,-1,-1,physical_source_then_twist_by_twist_index
input_crt_pack,0,1,2,v5,5,341,341,85,85,1,21,-1,-1,-1,-1,-1,source,-1,-1,0,-147,1,-1,-1,-1,-1,-1,-1,physical_source_then_twist_by_twist_index
input_crt_pack,0,1,2,v5,6,89,89,22,22,1,22,-1,-1,-1,-1,-1,source,-1,-1,0,-147,1,-1,-1,-1,-1,-1,-1,physical_source_then_twist_by_twist_index
input_crt_pack,0,1,2,v5,7,221,221,55,55,1,23,-1,-1,-1,-1,-1,source,-1,-1,0,-147,1,-1,-1,-1,-1,-1,-1,physical_source_then_twist_by_twist_index
input_crt_pack,0,1,2,v6,0,321,321,80,80,2,16,-1,-1,-1,-1,-1,source,-1,-1,0,-147,1,-1,-1,-1,-1,-1,-1,physical_source_then_twist_by_twist_index
input_crt_pack,0,1,2,v6,1,69,69,17,17,2,17,-1,-1,-1,-1,-1,source,-1,-1,0,-147,1,-1,-1,-1,-1,-1,-1,physical_source_then_twist_by_twist_index
input_crt_pack,0,1,2,v6,2,201,201,50,50,2,18,-1,-1,-1,-1,-1,source,-1,-1,0,-147,1,-1,-1,-1,-1,-1,-1,physical_source_then_twist_by_twist_index
input_crt_pack,0,1,2,v6,3,333,333,83,83,2,19,-1,-1,-1,-1,-1,source,-1,-1,0,-147,1,-1,-1,-1,-1,-1,-1,physical_source_then_twist_by_twist_index
input_crt_pack,0,1,2,v6,4,81,81,20,20,2,20,-1,-1,-1,-1,-1,source,-1,-1,0,-147,1,-1,-1,-1,-1,-1,-1,physical_source_then_twist_by_twist_index
input_crt_pack,0,1,2,v6,5,213,213,53,53,2,21,-1,-1,-1,-1,-1,source,-1,-1,0,-147,1,-1,-1,-1,-1,-1,-1,physical_source_then_twist_by_twist_index
input_crt_pack,0,1,2,v6,6,345,345,86,86,2,22,-1,-1,-1,-1,-1,source,-1,-1,0,-147,1,-1,-1,-1,-1,-1,-1,physical_source_then_twist_by_twist_index
input_crt_pack,0,1,2,v6,7,93,93,23,23,2,23,-1,-1,-1,-1,-1,source,-1,-1,0,-147,1,-1,-1,-1,-1,-1,-1,physical_source_then_twist_by_twist_index
dft3_output_pack,0,1,2,v4,0,-1,-1,-1,-1,-1,16,0,-1,-1,-1,-1,dft_output,-1,-1,0,-147,1,193,65,321,48,16,80,linear_combination_of_three_input_crt_sources
dft3_output_pack,0,1,2,v4,1,-1,-1,-1,-1,-1,17,0,-1,-1,-1,-1,dft_output,-1,-1,0,-147,1,325,197,69,81,49,17,linear_combination_of_three_input_crt_sources
dft3_output_pack,0,1,2,v4,2,-1,-1,-1,-1,-1,18,0,-1,-1,-1,-1,dft_output,-1,-1,0,-147,1,73,329,201,18,82,50,linear_combination_of_three_input_crt_sources
dft3_output_pack,0,1,2,v4,3,-1,-1,-1,-1,-1,19,0,-1,-1,-1,-1,dft_output,-1,-1,0,-147,1,205,77,333,51,19,83,linear_combination_of_three_input_crt_sources
dft3_output_pack,0,1,2,v4,4,-1,-1,-1,-1,-1,20,0,-1,-1,-1,-1,dft_output,-1,-1,0,-147,1,337,209,81,84,52,20,linear_combination_of_three_input_crt_sources
dft3_output_pack,0,1,2,v4,5,-1,-1,-1,-1,-1,21,0,-1,-1,-1,-1,dft_output,-1,-1,0,-147,1,85,341,213,21,85,53,linear_combination_of_three_input_crt_sources
dft3_output_pack,0,1,2,v4,6,-1,-1,-1,-1,-1,22,0,-1,-1,-1,-1,dft_output,-1,-1,0,-147,1,217,89,345,54,22,86,linear_combination_of_three_input_crt_sources
dft3_output_pack,0,1,2,v4,7,-1,-1,-1,-1,-1,23,0,-1,-1,-1,-1,dft_output,-1,-1,0,-147,1,349,221,93,87,55,23,linear_combination_of_three_input_crt_sources
dft3_output_pack,0,1,2,v5,0,-1,-1,-1,-1,-1,16,1,-1,-1,-1,-1,dft_output,-1,-1,0,-147,1,193,65,321,48,16,80,linear_combination_of_three_input_crt_sources
dft3_output_pack,0,1,2,v5,1,-1,-1,-1,-1,-1,17,1,-1,-1,-1,-1,dft_output,-1,-1,0,-147,1,325,197,69,81,49,17,linear_combination_of_three_input_crt_sources
dft3_output_pack,0,1,2,v5,2,-1,-1,-1,-1,-1,18,1,-1,-1,-1,-1,dft_output,-1,-1,0,-147,1,73,329,201,18,82,50,linear_combination_of_three_input_crt_sources
dft3_output_pack,0,1,2,v5,3,-1,-1,-1,-1,-1,19,1,-1,-1,-1,-1,dft_output,-1,-1,0,-147,1,205,77,333,51,19,83,linear_combination_of_three_input_crt_sources
dft3_output_pack,0,1,2,v5,4,-1,-1,-1,-1,-1,20,1,-1,-1,-1,-1,dft_output,-1,-1,0,-147,1,337,209,81,84,52,20,linear_combination_of_three_input_crt_sources
dft3_output_pack,0,1,2,v5,5,-1,-1,-1,-1,-1,21,1,-1,-1,-1,-1,dft_output,-1,-1,0,-147,1,85,341,213,21,85,53,linear_combination_of_three_input_crt_sources
dft3_output_pack,0,1,2,v5,6,-1,-1,-1,-1,-1,22,1,-1,-1,-1,-1,dft_output,-1,-1,0,-147,1,217,89,345,54,22,86,linear_combination_of_three_input_crt_sources
dft3_output_pack,0,1,2,v5,7,-1,-1,-1,-1,-1,23,1,-1,-1,-1,-1,dft_output,-1,-1,0,-147,1,349,221,93,87,55,23,linear_combination_of_three_input_crt_sources
dft3_output_pack,0,1,2,v6,0,-1,-1,-1,-1,-1,16,2,-1,-1,-1,-1,dft_output,-1,-1,0,-147,1,193,65,321,48,16,80,linear_combination_of_three_input_crt_sources
dft3_output_pack,0,1,2,v6,1,-1,-1,-1,-1,-1,17,2,-1,-1,-1,-1,dft_output,-1,-1,0,-147,1,325,197,69,81,49,17,linear_combination_of_three_input_crt_sources
dft3_output_pack,0,1,2,v6,2,-1,-1,-1,-1,-1,18,2,-1,-1,-1,-1,dft_output,-1,-1,0,-147,1,73,329,201,18,82,50,linear_combination_of_three_input_crt_sources
dft3_output_pack,0,1,2,v6,3,-1,-1,-1,-1,-1,19,2,-1,-1,-1,-1,dft_output,-1,-1,0,-147,1,205,77,333,51,19,83,linear_combination_of_three_input_crt_sources
dft3_output_pack,0,1,2,v6,4,-1,-1,-1,-1,-1,20,2,-1,-1,-1,-1,dft_output,-1,-1,0,-147,1,337,209,81,84,52,20,linear_combination_of_three_input_crt_sources
dft3_output_pack,0,1,2,v6,5,-1,-1,-1,-1,-1,21,2,-1,-1,-1,-1,dft_output,-1,-1,0,-147,1,85,341,213,21,85,53,linear_combination_of_three_input_crt_sources
dft3_output_pack,0,1,2,v6,6,-1,-1,-1,-1,-1,22,2,-1,-1,-1,-1,dft_output,-1,-1,0,-147,1,217,89,345,54,22,86,linear_combination_of_three_input_crt_sources
dft3_output_pack,0,1,2,v6,7,-1,-1,-1,-1,-1,23,2,-1,-1,-1,-1,dft_output,-1,-1,0,-147,1,349,221,93,87,55,23,linear_combination_of_three_input_crt_sources
input_crt_pack,0,1,3,v4,0,97,97,24,24,0,24,-1,-1,-1,-1,-1,source,-1,-1,0,-147,1,-1,-1,-1,-1,-1,-1,physical_source_then_twist_by_twist_index
input_crt_pack,0,1,3,v4,1,229,229,57,57,0,25,-1,-1,-1,-1,-1,source,-1,-1,0,-147,1,-1,-1,-1,-1,-1,-1,physical_source_then_twist_by_twist_index
input_crt_pack,0,1,3,v4,2,361,361,90,90,0,26,-1,-1,-1,-1,-1,source,-1,-1,0,-147,1,-1,-1,-1,-1,-1,-1,physical_source_then_twist_by_twist_index
input_crt_pack,0,1,3,v4,3,109,109,27,27,0,27,-1,-1,-1,-1,-1,source,-1,-1,0,-147,1,-1,-1,-1,-1,-1,-1,physical_source_then_twist_by_twist_index
input_crt_pack,0,1,3,v4,4,241,241,60,60,0,28,-1,-1,-1,-1,-1,source,-1,-1,0,-147,1,-1,-1,-1,-1,-1,-1,physical_source_then_twist_by_twist_index
input_crt_pack,0,1,3,v4,5,373,373,93,93,0,29,-1,-1,-1,-1,-1,source,-1,-1,0,-147,1,-1,-1,-1,-1,-1,-1,physical_source_then_twist_by_twist_index
input_crt_pack,0,1,3,v4,6,121,121,30,30,0,30,-1,-1,-1,-1,-1,source,-1,-1,0,-147,1,-1,-1,-1,-1,-1,-1,physical_source_then_twist_by_twist_index
input_crt_pack,0,1,3,v4,7,253,253,63,63,0,31,-1,-1,-1,-1,-1,source,-1,-1,0,-147,1,-1,-1,-1,-1,-1,-1,physical_source_then_twist_by_twist_index
input_crt_pack,0,1,3,v5,0,353,353,88,88,1,24,-1,-1,-1,-1,-1,source,-1,-1,0,-147,1,-1,-1,-1,-1,-1,-1,physical_source_then_twist_by_twist_index
input_crt_pack,0,1,3,v5,1,101,101,25,25,1,25,-1,-1,-1,-1,-1,source,-1,-1,0,-147,1,-1,-1,-1,-1,-1,-1,physical_source_then_twist_by_twist_index
input_crt_pack,0,1,3,v5,2,233,233,58,58,1,26,-1,-1,-1,-1,-1,source,-1,-1,0,-147,1,-1,-1,-1,-1,-1,-1,physical_source_then_twist_by_twist_index
input_crt_pack,0,1,3,v5,3,365,365,91,91,1,27,-1,-1,-1,-1,-1,source,-1,-1,0,-147,1,-1,-1,-1,-1,-1,-1,physical_source_then_twist_by_twist_index
input_crt_pack,0,1,3,v5,4,113,113,28,28,1,28,-1,-1,-1,-1,-1,source,-1,-1,0,-147,1,-1,-1,-1,-1,-1,-1,physical_source_then_twist_by_twist_index
input_crt_pack,0,1,3,v5,5,245,245,61,61,1,29,-1,-1,-1,-1,-1,source,-1,-1,0,-147,1,-1,-1,-1,-1,-1,-1,physical_source_then_twist_by_twist_index
input_crt_pack,0,1,3,v5,6,377,377,94,94,1,30,-1,-1,-1,-1,-1,source,-1,-1,0,-147,1,-1,-1,-1,-1,-1,-1,physical_source_then_twist_by_twist_index
input_crt_pack,0,1,3,v5,7,125,125,31,31,1,31,-1,-1,-1,-1,-1,source,-1,-1,0,-147,1,-1,-1,-1,-1,-1,-1,physical_source_then_twist_by_twist_index
input_crt_pack,0,1,3,v6,0,225,225,56,56,2,24,-1,-1,-1,-1,-1,source,-1,-1,0,-147,1,-1,-1,-1,-1,-1,-1,physical_source_then_twist_by_twist_index
input_crt_pack,0,1,3,v6,1,357,357,89,89,2,25,-1,-1,-1,-1,-1,source,-1,-1,0,-147,1,-1,-1,-1,-1,-1,-1,physical_source_then_twist_by_twist_index
input_crt_pack,0,1,3,v6,2,105,105,26,26,2,26,-1,-1,-1,-1,-1,source,-1,-1,0,-147,1,-1,-1,-1,-1,-1,-1,physical_source_then_twist_by_twist_index
input_crt_pack,0,1,3,v6,3,237,237,59,59,2,27,-1,-1,-1,-1,-1,source,-1,-1,0,-147,1,-1,-1,-1,-1,-1,-1,physical_source_then_twist_by_twist_index
input_crt_pack,0,1,3,v6,4,369,369,92,92,2,28,-1,-1,-1,-1,-1,source,-1,-1,0,-147,1,-1,-1,-1,-1,-1,-1,physical_source_then_twist_by_twist_index
input_crt_pack,0,1,3,v6,5,117,117,29,29,2,29,-1,-1,-1,-1,-1,source,-1,-1,0,-147,1,-1,-1,-1,-1,-1,-1,physical_source_then_twist_by_twist_index
input_crt_pack,0,1,3,v6,6,249,249,62,62,2,30,-1,-1,-1,-1,-1,source,-1,-1,0,-147,1,-1,-1,-1,-1,-1,-1,physical_source_then_twist_by_twist_index
input_crt_pack,0,1,3,v6,7,381,381,95,95,2,31,-1,-1,-1,-1,-1,source,-1,-1,0,-147,1,-1,-1,-1,-1,-1,-1,physical_source_then_twist_by_twist_index
dft3_output_pack,0,1,3,v4,0,-1,-1,-1,-1,-1,24,0,-1,-1,-1,-1,dft_output,-1,-1,0,-147,1,97,353,225,24,88,56,linear_combination_of_three_input_crt_sources
dft3_output_pack,0,1,3,v4,1,-1,-1,-1,-1,-1,25,0,-1,-1,-1,-1,dft_output,-1,-1,0,-147,1,229,101,357,57,25,89,linear_combination_of_three_input_crt_sources
dft3_output_pack,0,1,3,v4,2,-1,-1,-1,-1,-1,26,0,-1,-1,-1,-1,dft_output,-1,-1,0,-147,1,361,233,105,90,58,26,linear_combination_of_three_input_crt_sources
dft3_output_pack,0,1,3,v4,3,-1,-1,-1,-1,-1,27,0,-1,-1,-1,-1,dft_output,-1,-1,0,-147,1,109,365,237,27,91,59,linear_combination_of_three_input_crt_sources
dft3_output_pack,0,1,3,v4,4,-1,-1,-1,-1,-1,28,0,-1,-1,-1,-1,dft_output,-1,-1,0,-147,1,241,113,369,60,28,92,linear_combination_of_three_input_crt_sources
dft3_output_pack,0,1,3,v4,5,-1,-1,-1,-1,-1,29,0,-1,-1,-1,-1,dft_output,-1,-1,0,-147,1,373,245,117,93,61,29,linear_combination_of_three_input_crt_sources
dft3_output_pack,0,1,3,v4,6,-1,-1,-1,-1,-1,30,0,-1,-1,-1,-1,dft_output,-1,-1,0,-147,1,121,377,249,30,94,62,linear_combination_of_three_input_crt_sources
dft3_output_pack,0,1,3,v4,7,-1,-1,-1,-1,-1,31,0,-1,-1,-1,-1,dft_output,-1,-1,0,-147,1,253,125,381,63,31,95,linear_combination_of_three_input_crt_sources
dft3_output_pack,0,1,3,v5,0,-1,-1,-1,-1,-1,24,1,-1,-1,-1,-1,dft_output,-1,-1,0,-147,1,97,353,225,24,88,56,linear_combination_of_three_input_crt_sources
dft3_output_pack,0,1,3,v5,1,-1,-1,-1,-1,-1,25,1,-1,-1,-1,-1,dft_output,-1,-1,0,-147,1,229,101,357,57,25,89,linear_combination_of_three_input_crt_sources
dft3_output_pack,0,1,3,v5,2,-1,-1,-1,-1,-1,26,1,-1,-1,-1,-1,dft_output,-1,-1,0,-147,1,361,233,105,90,58,26,linear_combination_of_three_input_crt_sources
dft3_output_pack,0,1,3,v5,3,-1,-1,-1,-1,-1,27,1,-1,-1,-1,-1,dft_output,-1,-1,0,-147,1,109,365,237,27,91,59,linear_combination_of_three_input_crt_sources
dft3_output_pack,0,1,3,v5,4,-1,-1,-1,-1,-1,28,1,-1,-1,-1,-1,dft_output,-1,-1,0,-147,1,241,113,369,60,28,92,linear_combination_of_three_input_crt_sources
dft3_output_pack,0,1,3,v5,5,-1,-1,-1,-1,-1,29,1,-1,-1,-1,-1,dft_output,-1,-1,0,-147,1,373,245,117,93,61,29,linear_combination_of_three_input_crt_sources
dft3_output_pack,0,1,3,v5,6,-1,-1,-1,-1,-1,30,1,-1,-1,-1,-1,dft_output,-1,-1,0,-147,1,121,377,249,30,94,62,linear_combination_of_three_input_crt_sources
dft3_output_pack,0,1,3,v5,7,-1,-1,-1,-1,-1,31,1,-1,-1,-1,-1,dft_output,-1,-1,0,-147,1,253,125,381,63,31,95,linear_combination_of_three_input_crt_sources
dft3_output_pack,0,1,3,v6,0,-1,-1,-1,-1,-1,24,2,-1,-1,-1,-1,dft_output,-1,-1,0,-147,1,97,353,225,24,88,56,linear_combination_of_three_input_crt_sources
dft3_output_pack,0,1,3,v6,1,-1,-1,-1,-1,-1,25,2,-1,-1,-1,-1,dft_output,-1,-1,0,-147,1,229,101,357,57,25,89,linear_combination_of_three_input_crt_sources
dft3_output_pack,0,1,3,v6,2,-1,-1,-1,-1,-1,26,2,-1,-1,-1,-1,dft_output,-1,-1,0,-147,1,361,233,105,90,58,26,linear_combination_of_three_input_crt_sources
dft3_output_pack,0,1,3,v6,3,-1,-1,-1,-1,-1,27,2,-1,-1,-1,-1,dft_output,-1,-1,0,-147,1,109,365,237,27,91,59,linear_combination_of_three_input_crt_sources
dft3_output_pack,0,1,3,v6,4,-1,-1,-1,-1,-1,28,2,-1,-1,-1,-1,dft_output,-1,-1,0,-147,1,241,113,369,60,28,92,linear_combination_of_three_input_crt_sources
dft3_output_pack,0,1,3,v6,5,-1,-1,-1,-1,-1,29,2,-1,-1,-1,-1,dft_output,-1,-1,0,-147,1,373,245,117,93,61,29,linear_combination_of_three_input_crt_sources
dft3_output_pack,0,1,3,v6,6,-1,-1,-1,-1,-1,30,2,-1,-1,-1,-1,dft_output,-1,-1,0,-147,1,121,377,249,30,94,62,linear_combination_of_three_input_crt_sources
dft3_output_pack,0,1,3,v6,7,-1,-1,-1,-1,-1,31,2,-1,-1,-1,-1,dft_output,-1,-1,0,-147,1,253,125,381,63,31,95,linear_combination_of_three_input_crt_sources
ntt32_initial_natural_pack,0,1,0,v4,0,-1,-1,-1,-1,-1,0,0,0,32,0,0,state,-1,-1,0,-147,1,1,257,129,0,64,32,natural_input_for_incomplete_dif_ntt32_pre_len2_output
ntt32_initial_natural_pack,0,1,0,v4,1,-1,-1,-1,-1,-1,1,0,0,32,1,1,state,-1,-1,0,-147,1,133,5,261,33,1,65,natural_input_for_incomplete_dif_ntt32_pre_len2_output
ntt32_initial_natural_pack,0,1,0,v4,2,-1,-1,-1,-1,-1,2,0,0,32,2,2,state,-1,-1,0,-147,1,265,137,9,66,34,2,natural_input_for_incomplete_dif_ntt32_pre_len2_output
ntt32_initial_natural_pack,0,1,0,v4,3,-1,-1,-1,-1,-1,3,0,0,32,3,3,state,-1,-1,0,-147,1,13,269,141,3,67,35,natural_input_for_incomplete_dif_ntt32_pre_len2_output
ntt32_initial_natural_pack,0,1,0,v4,4,-1,-1,-1,-1,-1,4,0,0,32,4,4,state,-1,-1,0,-147,1,145,17,273,36,4,68,natural_input_for_incomplete_dif_ntt32_pre_len2_output
ntt32_initial_natural_pack,0,1,0,v4,5,-1,-1,-1,-1,-1,5,0,0,32,5,5,state,-1,-1,0,-147,1,277,149,21,69,37,5,natural_input_for_incomplete_dif_ntt32_pre_len2_output
ntt32_initial_natural_pack,0,1,0,v4,6,-1,-1,-1,-1,-1,6,0,0,32,6,6,state,-1,-1,0,-147,1,25,281,153,6,70,38,natural_input_for_incomplete_dif_ntt32_pre_len2_output
ntt32_initial_natural_pack,0,1,0,v4,7,-1,-1,-1,-1,-1,7,0,0,32,7,7,state,-1,-1,0,-147,1,157,29,285,39,7,71,natural_input_for_incomplete_dif_ntt32_pre_len2_output
ntt32_initial_natural_pack,0,1,1,v5,0,-1,-1,-1,-1,-1,8,0,0,32,8,8,state,-1,-1,0,-147,1,289,161,33,72,40,8,natural_input_for_incomplete_dif_ntt32_pre_len2_output
ntt32_initial_natural_pack,0,1,1,v5,1,-1,-1,-1,-1,-1,9,0,0,32,9,9,state,-1,-1,0,-147,1,37,293,165,9,73,41,natural_input_for_incomplete_dif_ntt32_pre_len2_output
ntt32_initial_natural_pack,0,1,1,v5,2,-1,-1,-1,-1,-1,10,0,0,32,10,10,state,-1,-1,0,-147,1,169,41,297,42,10,74,natural_input_for_incomplete_dif_ntt32_pre_len2_output
ntt32_initial_natural_pack,0,1,1,v5,3,-1,-1,-1,-1,-1,11,0,0,32,11,11,state,-1,-1,0,-147,1,301,173,45,75,43,11,natural_input_for_incomplete_dif_ntt32_pre_len2_output
ntt32_initial_natural_pack,0,1,1,v5,4,-1,-1,-1,-1,-1,12,0,0,32,12,12,state,-1,-1,0,-147,1,49,305,177,12,76,44,natural_input_for_incomplete_dif_ntt32_pre_len2_output
ntt32_initial_natural_pack,0,1,1,v5,5,-1,-1,-1,-1,-1,13,0,0,32,13,13,state,-1,-1,0,-147,1,181,53,309,45,13,77,natural_input_for_incomplete_dif_ntt32_pre_len2_output
ntt32_initial_natural_pack,0,1,1,v5,6,-1,-1,-1,-1,-1,14,0,0,32,14,14,state,-1,-1,0,-147,1,313,185,57,78,46,14,natural_input_for_incomplete_dif_ntt32_pre_len2_output
ntt32_initial_natural_pack,0,1,1,v5,7,-1,-1,-1,-1,-1,15,0,0,32,15,15,state,-1,-1,0,-147,1,61,317,189,15,79,47,natural_input_for_incomplete_dif_ntt32_pre_len2_output
ntt32_initial_natural_pack,0,1,2,v6,0,-1,-1,-1,-1,-1,16,0,0,32,16,16,state,-1,-1,0,-147,1,193,65,321,48,16,80,natural_input_for_incomplete_dif_ntt32_pre_len2_output
ntt32_initial_natural_pack,0,1,2,v6,1,-1,-1,-1,-1,-1,17,0,0,32,17,17,state,-1,-1,0,-147,1,325,197,69,81,49,17,natural_input_for_incomplete_dif_ntt32_pre_len2_output
ntt32_initial_natural_pack,0,1,2,v6,2,-1,-1,-1,-1,-1,18,0,0,32,18,18,state,-1,-1,0,-147,1,73,329,201,18,82,50,natural_input_for_incomplete_dif_ntt32_pre_len2_output
ntt32_initial_natural_pack,0,1,2,v6,3,-1,-1,-1,-1,-1,19,0,0,32,19,19,state,-1,-1,0,-147,1,205,77,333,51,19,83,natural_input_for_incomplete_dif_ntt32_pre_len2_output
ntt32_initial_natural_pack,0,1,2,v6,4,-1,-1,-1,-1,-1,20,0,0,32,20,20,state,-1,-1,0,-147,1,337,209,81,84,52,20,natural_input_for_incomplete_dif_ntt32_pre_len2_output
ntt32_initial_natural_pack,0,1,2,v6,5,-1,-1,-1,-1,-1,21,0,0,32,21,21,state,-1,-1,0,-147,1,85,341,213,21,85,53,natural_input_for_incomplete_dif_ntt32_pre_len2_output
ntt32_initial_natural_pack,0,1,2,v6,6,-1,-1,-1,-1,-1,22,0,0,32,22,22,state,-1,-1,0,-147,1,217,89,345,54,22,86,natural_input_for_incomplete_dif_ntt32_pre_len2_output
ntt32_initial_natural_pack,0,1,2,v6,7,-1,-1,-1,-1,-1,23,0,0,32,23,23,state,-1,-1,0,-147,1,349,221,93,87,55,23,natural_input_for_incomplete_dif_ntt32_pre_len2_output
ntt32_initial_natural_pack,0,1,3,v7,0,-1,-1,-1,-1,-1,24,0,0,32,24,24,state,-1,-1,0,-147,1,97,353,225,24,88,56,natural_input_for_incomplete_dif_ntt32_pre_len2_output
ntt32_initial_natural_pack,0,1,3,v7,1,-1,-1,-1,-1,-1,25,0,0,32,25,25,state,-1,-1,0,-147,1,229,101,357,57,25,89,natural_input_for_incomplete_dif_ntt32_pre_len2_output
ntt32_initial_natural_pack,0,1,3,v7,2,-1,-1,-1,-1,-1,26,0,0,32,26,26,state,-1,-1,0,-147,1,361,233,105,90,58,26,natural_input_for_incomplete_dif_ntt32_pre_len2_output
ntt32_initial_natural_pack,0,1,3,v7,3,-1,-1,-1,-1,-1,27,0,0,32,27,27,state,-1,-1,0,-147,1,109,365,237,27,91,59,natural_input_for_incomplete_dif_ntt32_pre_len2_output
ntt32_initial_natural_pack,0,1,3,v7,4,-1,-1,-1,-1,-1,28,0,0,32,28,28,state,-1,-1,0,-147,1,241,113,369,60,28,92,natural_input_for_incomplete_dif_ntt32_pre_len2_output
ntt32_initial_natural_pack,0,1,3,v7,5,-1,-1,-1,-1,-1,29,0,0,32,29,29,state,-1,-1,0,-147,1,373,245,117,93,61,29,natural_input_for_incomplete_dif_ntt32_pre_len2_output
ntt32_initial_natural_pack,0,1,3,v7,6,-1,-1,-1,-1,-1,30,0,0,32,30,30,state,-1,-1,0,-147,1,121,377,249,30,94,62,natural_input_for_incomplete_dif_ntt32_pre_len2_output
ntt32_initial_natural_pack,0,1,3,v7,7,-1,-1,-1,-1,-1,31,0,0,32,31,31,state,-1,-1,0,-147,1,253,125,381,63,31,95,natural_input_for_incomplete_dif_ntt32_pre_len2_output
ntt32_butterfly_operand,0,1,0,v4,0,-1,-1,-1,-1,-1,-1,0,1,32,0,-1,lo,0,16,0,-147,1,-1,-1,-1,-1,-1,-1,low_operand_for_dif_butterfly
ntt32_butterfly_operand,0,1,2,v6,0,-1,-1,-1,-1,-1,-1,0,1,32,16,-1,hi,0,16,0,-147,1,-1,-1,-1,-1,-1,-1,dif_high_output_gets_(lo-hi)_times_twiddle
ntt32_butterfly_operand,0,1,0,v4,1,-1,-1,-1,-1,-1,-1,0,1,32,1,-1,lo,1,17,1,484,1784,-1,-1,-1,-1,-1,-1,low_operand_for_dif_butterfly
ntt32_butterfly_operand,0,1,2,v6,1,-1,-1,-1,-1,-1,-1,0,1,32,17,-1,hi,1,17,1,484,1784,-1,-1,-1,-1,-1,-1,dif_high_output_gets_(lo-hi)_times_twiddle
ntt32_butterfly_operand,0,1,0,v4,2,-1,-1,-1,-1,-1,-1,0,1,32,2,-1,lo,2,18,2,-794,2216,-1,-1,-1,-1,-1,-1,low_operand_for_dif_butterfly
ntt32_butterfly_operand,0,1,2,v6,2,-1,-1,-1,-1,-1,-1,0,1,32,18,-1,hi,2,18,2,-794,2216,-1,-1,-1,-1,-1,-1,dif_high_output_gets_(lo-hi)_times_twiddle
ntt32_butterfly_operand,0,1,0,v4,3,-1,-1,-1,-1,-1,-1,0,1,32,3,-1,lo,3,19,3,874,1993,-1,-1,-1,-1,-1,-1,low_operand_for_dif_butterfly
ntt32_butterfly_operand,0,1,2,v6,3,-1,-1,-1,-1,-1,-1,0,1,32,19,-1,hi,3,19,3,874,1993,-1,-1,-1,-1,-1,-1,dif_high_output_gets_(lo-hi)_times_twiddle
ntt32_butterfly_operand,0,1,0,v4,4,-1,-1,-1,-1,-1,-1,0,1,32,4,-1,lo,4,20,4,109,1716,-1,-1,-1,-1,-1,-1,low_operand_for_dif_butterfly
ntt32_butterfly_operand,0,1,2,v6,4,-1,-1,-1,-1,-1,-1,0,1,32,20,-1,hi,4,20,4,109,1716,-1,-1,-1,-1,-1,-1,dif_high_output_gets_(lo-hi)_times_twiddle
ntt32_butterfly_operand,0,1,0,v4,5,-1,-1,-1,-1,-1,-1,0,1,32,5,-1,lo,5,21,5,864,1899,-1,-1,-1,-1,-1,-1,low_operand_for_dif_butterfly
ntt32_butterfly_operand,0,1,2,v6,5,-1,-1,-1,-1,-1,-1,0,1,32,21,-1,hi,5,21,5,864,1899,-1,-1,-1,-1,-1,-1,dif_high_output_gets_(lo-hi)_times_twiddle
ntt32_butterfly_operand,0,1,0,v4,6,-1,-1,-1,-1,-1,-1,0,1,32,6,-1,lo,6,22,6,-446,3413,-1,-1,-1,-1,-1,-1,low_operand_for_dif_butterfly
ntt32_butterfly_operand,0,1,2,v6,6,-1,-1,-1,-1,-1,-1,0,1,32,22,-1,hi,6,22,6,-446,3413,-1,-1,-1,-1,-1,-1,dif_high_output_gets_(lo-hi)_times_twiddle
ntt32_butterfly_operand,0,1,0,v4,7,-1,-1,-1,-1,-1,-1,0,1,32,7,-1,lo,7,23,7,-554,1015,-1,-1,-1,-1,-1,-1,low_operand_for_dif_butterfly
ntt32_butterfly_operand,0,1,2,v6,7,-1,-1,-1,-1,-1,-1,0,1,32,23,-1,hi,7,23,7,-554,1015,-1,-1,-1,-1,-1,-1,dif_high_output_gets_(lo-hi)_times_twiddle
ntt32_butterfly_operand,0,1,1,v5,0,-1,-1,-1,-1,-1,-1,0,1,32,8,-1,lo,8,24,8,366,2749,-1,-1,-1,-1,-1,-1,low_operand_for_dif_butterfly
ntt32_butterfly_operand,0,1,3,v7,0,-1,-1,-1,-1,-1,-1,0,1,32,24,-1,hi,8,24,8,366,2749,-1,-1,-1,-1,-1,-1,dif_high_output_gets_(lo-hi)_times_twiddle
ntt32_butterfly_operand,0,1,1,v5,1,-1,-1,-1,-1,-1,-1,0,1,32,9,-1,lo,9,25,9,-429,2190,-1,-1,-1,-1,-1,-1,low_operand_for_dif_butterfly
ntt32_butterfly_operand,0,1,3,v7,1,-1,-1,-1,-1,-1,-1,0,1,32,25,-1,hi,9,25,9,-429,2190,-1,-1,-1,-1,-1,-1,dif_high_output_gets_(lo-hi)_times_twiddle
ntt32_butterfly_operand,0,1,1,v5,2,-1,-1,-1,-1,-1,-1,0,1,32,10,-1,lo,10,26,10,-1339,550,-1,-1,-1,-1,-1,-1,low_operand_for_dif_butterfly
ntt32_butterfly_operand,0,1,3,v7,2,-1,-1,-1,-1,-1,-1,0,1,32,26,-1,hi,10,26,10,-1339,550,-1,-1,-1,-1,-1,-1,dif_high_output_gets_(lo-hi)_times_twiddle
ntt32_butterfly_operand,0,1,1,v5,3,-1,-1,-1,-1,-1,-1,0,1,32,11,-1,lo,11,27,11,11,2869,-1,-1,-1,-1,-1,-1,low_operand_for_dif_butterfly
ntt32_butterfly_operand,0,1,3,v7,3,-1,-1,-1,-1,-1,-1,0,1,32,27,-1,hi,11,27,11,11,2869,-1,-1,-1,-1,-1,-1,dif_high_output_gets_(lo-hi)_times_twiddle
ntt32_butterfly_operand,0,1,1,v5,4,-1,-1,-1,-1,-1,-1,0,1,32,12,-1,lo,12,28,12,-1118,1936,-1,-1,-1,-1,-1,-1,low_operand_for_dif_butterfly
ntt32_butterfly_operand,0,1,3,v7,4,-1,-1,-1,-1,-1,-1,0,1,32,28,-1,hi,12,28,12,-1118,1936,-1,-1,-1,-1,-1,-1,dif_high_output_gets_(lo-hi)_times_twiddle
ntt32_butterfly_operand,0,1,1,v5,5,-1,-1,-1,-1,-1,-1,0,1,32,13,-1,lo,13,29,13,177,281,-1,-1,-1,-1,-1,-1,low_operand_for_dif_butterfly
ntt32_butterfly_operand,0,1,3,v7,5,-1,-1,-1,-1,-1,-1,0,1,32,29,-1,hi,13,29,13,177,281,-1,-1,-1,-1,-1,-1,dif_high_output_gets_(lo-hi)_times_twiddle
ntt32_butterfly_operand,0,1,1,v5,6,-1,-1,-1,-1,-1,-1,0,1,32,14,-1,lo,14,30,14,1181,39,-1,-1,-1,-1,-1,-1,low_operand_for_dif_butterfly
ntt32_butterfly_operand,0,1,3,v7,6,-1,-1,-1,-1,-1,-1,0,1,32,30,-1,hi,14,30,14,1181,39,-1,-1,-1,-1,-1,-1,dif_high_output_gets_(lo-hi)_times_twiddle
ntt32_butterfly_operand,0,1,1,v5,7,-1,-1,-1,-1,-1,-1,0,1,32,15,-1,lo,15,31,15,1591,436,-1,-1,-1,-1,-1,-1,low_operand_for_dif_butterfly
ntt32_butterfly_operand,0,1,3,v7,7,-1,-1,-1,-1,-1,-1,0,1,32,31,-1,hi,15,31,15,1591,436,-1,-1,-1,-1,-1,-1,dif_high_output_gets_(lo-hi)_times_twiddle
ntt32_butterfly_operand,0,1,0,v4,0,-1,-1,-1,-1,-1,-1,0,2,16,0,-1,lo,0,8,0,-147,1,-1,-1,-1,-1,-1,-1,low_operand_for_dif_butterfly
ntt32_butterfly_operand,0,1,1,v5,0,-1,-1,-1,-1,-1,-1,0,2,16,8,-1,hi,0,8,0,-147,1,-1,-1,-1,-1,-1,-1,dif_high_output_gets_(lo-hi)_times_twiddle
ntt32_butterfly_operand,0,1,0,v4,1,-1,-1,-1,-1,-1,-1,0,2,16,1,-1,lo,1,9,2,-794,2216,-1,-1,-1,-1,-1,-1,low_operand_for_dif_butterfly
ntt32_butterfly_operand,0,1,1,v5,1,-1,-1,-1,-1,-1,-1,0,2,16,9,-1,hi,1,9,2,-794,2216,-1,-1,-1,-1,-1,-1,dif_high_output_gets_(lo-hi)_times_twiddle
ntt32_butterfly_operand,0,1,0,v4,2,-1,-1,-1,-1,-1,-1,0,2,16,2,-1,lo,2,10,4,109,1716,-1,-1,-1,-1,-1,-1,low_operand_for_dif_butterfly
ntt32_butterfly_operand,0,1,1,v5,2,-1,-1,-1,-1,-1,-1,0,2,16,10,-1,hi,2,10,4,109,1716,-1,-1,-1,-1,-1,-1,dif_high_output_gets_(lo-hi)_times_twiddle
ntt32_butterfly_operand,0,1,0,v4,3,-1,-1,-1,-1,-1,-1,0,2,16,3,-1,lo,3,11,6,-446,3413,-1,-1,-1,-1,-1,-1,low_operand_for_dif_butterfly
ntt32_butterfly_operand,0,1,1,v5,3,-1,-1,-1,-1,-1,-1,0,2,16,11,-1,hi,3,11,6,-446,3413,-1,-1,-1,-1,-1,-1,dif_high_output_gets_(lo-hi)_times_twiddle
ntt32_butterfly_operand,0,1,0,v4,4,-1,-1,-1,-1,-1,-1,0,2,16,4,-1,lo,4,12,8,366,2749,-1,-1,-1,-1,-1,-1,low_operand_for_dif_butterfly
ntt32_butterfly_operand,0,1,1,v5,4,-1,-1,-1,-1,-1,-1,0,2,16,12,-1,hi,4,12,8,366,2749,-1,-1,-1,-1,-1,-1,dif_high_output_gets_(lo-hi)_times_twiddle
ntt32_butterfly_operand,0,1,0,v4,5,-1,-1,-1,-1,-1,-1,0,2,16,5,-1,lo,5,13,10,-1339,550,-1,-1,-1,-1,-1,-1,low_operand_for_dif_butterfly
ntt32_butterfly_operand,0,1,1,v5,5,-1,-1,-1,-1,-1,-1,0,2,16,13,-1,hi,5,13,10,-1339,550,-1,-1,-1,-1,-1,-1,dif_high_output_gets_(lo-hi)_times_twiddle
ntt32_butterfly_operand,0,1,0,v4,6,-1,-1,-1,-1,-1,-1,0,2,16,6,-1,lo,6,14,12,-1118,1936,-1,-1,-1,-1,-1,-1,low_operand_for_dif_butterfly
ntt32_butterfly_operand,0,1,1,v5,6,-1,-1,-1,-1,-1,-1,0,2,16,14,-1,hi,6,14,12,-1118,1936,-1,-1,-1,-1,-1,-1,dif_high_output_gets_(lo-hi)_times_twiddle
ntt32_butterfly_operand,0,1,0,v4,7,-1,-1,-1,-1,-1,-1,0,2,16,7,-1,lo,7,15,14,1181,39,-1,-1,-1,-1,-1,-1,low_operand_for_dif_butterfly
ntt32_butterfly_operand,0,1,1,v5,7,-1,-1,-1,-1,-1,-1,0,2,16,15,-1,hi,7,15,14,1181,39,-1,-1,-1,-1,-1,-1,dif_high_output_gets_(lo-hi)_times_twiddle
ntt32_butterfly_operand,0,1,2,v6,0,-1,-1,-1,-1,-1,-1,0,2,16,16,-1,lo,16,24,0,-147,1,-1,-1,-1,-1,-1,-1,low_operand_for_dif_butterfly
ntt32_butterfly_operand,0,1,3,v7,0,-1,-1,-1,-1,-1,-1,0,2,16,24,-1,hi,16,24,0,-147,1,-1,-1,-1,-1,-1,-1,dif_high_output_gets_(lo-hi)_times_twiddle
ntt32_butterfly_operand,0,1,2,v6,1,-1,-1,-1,-1,-1,-1,0,2,16,17,-1,lo,17,25,2,-794,2216,-1,-1,-1,-1,-1,-1,low_operand_for_dif_butterfly
ntt32_butterfly_operand,0,1,3,v7,1,-1,-1,-1,-1,-1,-1,0,2,16,25,-1,hi,17,25,2,-794,2216,-1,-1,-1,-1,-1,-1,dif_high_output_gets_(lo-hi)_times_twiddle
ntt32_butterfly_operand,0,1,2,v6,2,-1,-1,-1,-1,-1,-1,0,2,16,18,-1,lo,18,26,4,109,1716,-1,-1,-1,-1,-1,-1,low_operand_for_dif_butterfly
ntt32_butterfly_operand,0,1,3,v7,2,-1,-1,-1,-1,-1,-1,0,2,16,26,-1,hi,18,26,4,109,1716,-1,-1,-1,-1,-1,-1,dif_high_output_gets_(lo-hi)_times_twiddle
ntt32_butterfly_operand,0,1,2,v6,3,-1,-1,-1,-1,-1,-1,0,2,16,19,-1,lo,19,27,6,-446,3413,-1,-1,-1,-1,-1,-1,low_operand_for_dif_butterfly
ntt32_butterfly_operand,0,1,3,v7,3,-1,-1,-1,-1,-1,-1,0,2,16,27,-1,hi,19,27,6,-446,3413,-1,-1,-1,-1,-1,-1,dif_high_output_gets_(lo-hi)_times_twiddle
ntt32_butterfly_operand,0,1,2,v6,4,-1,-1,-1,-1,-1,-1,0,2,16,20,-1,lo,20,28,8,366,2749,-1,-1,-1,-1,-1,-1,low_operand_for_dif_butterfly
ntt32_butterfly_operand,0,1,3,v7,4,-1,-1,-1,-1,-1,-1,0,2,16,28,-1,hi,20,28,8,366,2749,-1,-1,-1,-1,-1,-1,dif_high_output_gets_(lo-hi)_times_twiddle
ntt32_butterfly_operand,0,1,2,v6,5,-1,-1,-1,-1,-1,-1,0,2,16,21,-1,lo,21,29,10,-1339,550,-1,-1,-1,-1,-1,-1,low_operand_for_dif_butterfly
ntt32_butterfly_operand,0,1,3,v7,5,-1,-1,-1,-1,-1,-1,0,2,16,29,-1,hi,21,29,10,-1339,550,-1,-1,-1,-1,-1,-1,dif_high_output_gets_(lo-hi)_times_twiddle
ntt32_butterfly_operand,0,1,2,v6,6,-1,-1,-1,-1,-1,-1,0,2,16,22,-1,lo,22,30,12,-1118,1936,-1,-1,-1,-1,-1,-1,low_operand_for_dif_butterfly
ntt32_butterfly_operand,0,1,3,v7,6,-1,-1,-1,-1,-1,-1,0,2,16,30,-1,hi,22,30,12,-1118,1936,-1,-1,-1,-1,-1,-1,dif_high_output_gets_(lo-hi)_times_twiddle
ntt32_butterfly_operand,0,1,2,v6,7,-1,-1,-1,-1,-1,-1,0,2,16,23,-1,lo,23,31,14,1181,39,-1,-1,-1,-1,-1,-1,low_operand_for_dif_butterfly
ntt32_butterfly_operand,0,1,3,v7,7,-1,-1,-1,-1,-1,-1,0,2,16,31,-1,hi,23,31,14,1181,39,-1,-1,-1,-1,-1,-1,dif_high_output_gets_(lo-hi)_times_twiddle
ntt32_butterfly_operand,0,1,0,v4,0,-1,-1,-1,-1,-1,-1,0,3,8,0,-1,lo,0,4,0,-147,1,-1,-1,-1,-1,-1,-1,low_operand_for_dif_butterfly
ntt32_butterfly_operand,0,1,0,v4,4,-1,-1,-1,-1,-1,-1,0,3,8,4,-1,hi,0,4,0,-147,1,-1,-1,-1,-1,-1,-1,dif_high_output_gets_(lo-hi)_times_twiddle
ntt32_butterfly_operand,0,1,0,v4,1,-1,-1,-1,-1,-1,-1,0,3,8,1,-1,lo,1,5,4,109,1716,-1,-1,-1,-1,-1,-1,low_operand_for_dif_butterfly
ntt32_butterfly_operand,0,1,0,v4,5,-1,-1,-1,-1,-1,-1,0,3,8,5,-1,hi,1,5,4,109,1716,-1,-1,-1,-1,-1,-1,dif_high_output_gets_(lo-hi)_times_twiddle
ntt32_butterfly_operand,0,1,0,v4,2,-1,-1,-1,-1,-1,-1,0,3,8,2,-1,lo,2,6,8,366,2749,-1,-1,-1,-1,-1,-1,low_operand_for_dif_butterfly
ntt32_butterfly_operand,0,1,0,v4,6,-1,-1,-1,-1,-1,-1,0,3,8,6,-1,hi,2,6,8,366,2749,-1,-1,-1,-1,-1,-1,dif_high_output_gets_(lo-hi)_times_twiddle
ntt32_butterfly_operand,0,1,0,v4,3,-1,-1,-1,-1,-1,-1,0,3,8,3,-1,lo,3,7,12,-1118,1936,-1,-1,-1,-1,-1,-1,low_operand_for_dif_butterfly
ntt32_butterfly_operand,0,1,0,v4,7,-1,-1,-1,-1,-1,-1,0,3,8,7,-1,hi,3,7,12,-1118,1936,-1,-1,-1,-1,-1,-1,dif_high_output_gets_(lo-hi)_times_twiddle
ntt32_butterfly_operand,0,1,1,v5,0,-1,-1,-1,-1,-1,-1,0,3,8,8,-1,lo,8,12,0,-147,1,-1,-1,-1,-1,-1,-1,low_operand_for_dif_butterfly
ntt32_butterfly_operand,0,1,1,v5,4,-1,-1,-1,-1,-1,-1,0,3,8,12,-1,hi,8,12,0,-147,1,-1,-1,-1,-1,-1,-1,dif_high_output_gets_(lo-hi)_times_twiddle
ntt32_butterfly_operand,0,1,1,v5,1,-1,-1,-1,-1,-1,-1,0,3,8,9,-1,lo,9,13,4,109,1716,-1,-1,-1,-1,-1,-1,low_operand_for_dif_butterfly
ntt32_butterfly_operand,0,1,1,v5,5,-1,-1,-1,-1,-1,-1,0,3,8,13,-1,hi,9,13,4,109,1716,-1,-1,-1,-1,-1,-1,dif_high_output_gets_(lo-hi)_times_twiddle
ntt32_butterfly_operand,0,1,1,v5,2,-1,-1,-1,-1,-1,-1,0,3,8,10,-1,lo,10,14,8,366,2749,-1,-1,-1,-1,-1,-1,low_operand_for_dif_butterfly
ntt32_butterfly_operand,0,1,1,v5,6,-1,-1,-1,-1,-1,-1,0,3,8,14,-1,hi,10,14,8,366,2749,-1,-1,-1,-1,-1,-1,dif_high_output_gets_(lo-hi)_times_twiddle
ntt32_butterfly_operand,0,1,1,v5,3,-1,-1,-1,-1,-1,-1,0,3,8,11,-1,lo,11,15,12,-1118,1936,-1,-1,-1,-1,-1,-1,low_operand_for_dif_butterfly
ntt32_butterfly_operand,0,1,1,v5,7,-1,-1,-1,-1,-1,-1,0,3,8,15,-1,hi,11,15,12,-1118,1936,-1,-1,-1,-1,-1,-1,dif_high_output_gets_(lo-hi)_times_twiddle
ntt32_butterfly_operand,0,1,2,v6,0,-1,-1,-1,-1,-1,-1,0,3,8,16,-1,lo,16,20,0,-147,1,-1,-1,-1,-1,-1,-1,low_operand_for_dif_butterfly
ntt32_butterfly_operand,0,1,2,v6,4,-1,-1,-1,-1,-1,-1,0,3,8,20,-1,hi,16,20,0,-147,1,-1,-1,-1,-1,-1,-1,dif_high_output_gets_(lo-hi)_times_twiddle
ntt32_butterfly_operand,0,1,2,v6,1,-1,-1,-1,-1,-1,-1,0,3,8,17,-1,lo,17,21,4,109,1716,-1,-1,-1,-1,-1,-1,low_operand_for_dif_butterfly
ntt32_butterfly_operand,0,1,2,v6,5,-1,-1,-1,-1,-1,-1,0,3,8,21,-1,hi,17,21,4,109,1716,-1,-1,-1,-1,-1,-1,dif_high_output_gets_(lo-hi)_times_twiddle
ntt32_butterfly_operand,0,1,2,v6,2,-1,-1,-1,-1,-1,-1,0,3,8,18,-1,lo,18,22,8,366,2749,-1,-1,-1,-1,-1,-1,low_operand_for_dif_butterfly
ntt32_butterfly_operand,0,1,2,v6,6,-1,-1,-1,-1,-1,-1,0,3,8,22,-1,hi,18,22,8,366,2749,-1,-1,-1,-1,-1,-1,dif_high_output_gets_(lo-hi)_times_twiddle
ntt32_butterfly_operand,0,1,2,v6,3,-1,-1,-1,-1,-1,-1,0,3,8,19,-1,lo,19,23,12,-1118,1936,-1,-1,-1,-1,-1,-1,low_operand_for_dif_butterfly
ntt32_butterfly_operand,0,1,2,v6,7,-1,-1,-1,-1,-1,-1,0,3,8,23,-1,hi,19,23,12,-1118,1936,-1,-1,-1,-1,-1,-1,dif_high_output_gets_(lo-hi)_times_twiddle
ntt32_butterfly_operand,0,1,3,v7,0,-1,-1,-1,-1,-1,-1,0,3,8,24,-1,lo,24,28,0,-147,1,-1,-1,-1,-1,-1,-1,low_operand_for_dif_butterfly
ntt32_butterfly_operand,0,1,3,v7,4,-1,-1,-1,-1,-1,-1,0,3,8,28,-1,hi,24,28,0,-147,1,-1,-1,-1,-1,-1,-1,dif_high_output_gets_(lo-hi)_times_twiddle
ntt32_butterfly_operand,0,1,3,v7,1,-1,-1,-1,-1,-1,-1,0,3,8,25,-1,lo,25,29,4,109,1716,-1,-1,-1,-1,-1,-1,low_operand_for_dif_butterfly
ntt32_butterfly_operand,0,1,3,v7,5,-1,-1,-1,-1,-1,-1,0,3,8,29,-1,hi,25,29,4,109,1716,-1,-1,-1,-1,-1,-1,dif_high_output_gets_(lo-hi)_times_twiddle
ntt32_butterfly_operand,0,1,3,v7,2,-1,-1,-1,-1,-1,-1,0,3,8,26,-1,lo,26,30,8,366,2749,-1,-1,-1,-1,-1,-1,low_operand_for_dif_butterfly
ntt32_butterfly_operand,0,1,3,v7,6,-1,-1,-1,-1,-1,-1,0,3,8,30,-1,hi,26,30,8,366,2749,-1,-1,-1,-1,-1,-1,dif_high_output_gets_(lo-hi)_times_twiddle
ntt32_butterfly_operand,0,1,3,v7,3,-1,-1,-1,-1,-1,-1,0,3,8,27,-1,lo,27,31,12,-1118,1936,-1,-1,-1,-1,-1,-1,low_operand_for_dif_butterfly
ntt32_butterfly_operand,0,1,3,v7,7,-1,-1,-1,-1,-1,-1,0,3,8,31,-1,hi,27,31,12,-1118,1936,-1,-1,-1,-1,-1,-1,dif_high_output_gets_(lo-hi)_times_twiddle
ntt32_butterfly_operand,0,1,0,v4,0,-1,-1,-1,-1,-1,-1,0,4,4,0,-1,lo,0,2,0,-147,1,-1,-1,-1,-1,-1,-1,low_operand_for_dif_butterfly
ntt32_butterfly_operand,0,1,0,v4,2,-1,-1,-1,-1,-1,-1,0,4,4,2,-1,hi,0,2,0,-147,1,-1,-1,-1,-1,-1,-1,dif_high_output_gets_(lo-hi)_times_twiddle
ntt32_butterfly_operand,0,1,0,v4,1,-1,-1,-1,-1,-1,-1,0,4,4,1,-1,lo,1,3,8,366,2749,-1,-1,-1,-1,-1,-1,low_operand_for_dif_butterfly
ntt32_butterfly_operand,0,1,0,v4,3,-1,-1,-1,-1,-1,-1,0,4,4,3,-1,hi,1,3,8,366,2749,-1,-1,-1,-1,-1,-1,dif_high_output_gets_(lo-hi)_times_twiddle
ntt32_butterfly_operand,0,1,0,v4,4,-1,-1,-1,-1,-1,-1,0,4,4,4,-1,lo,4,6,0,-147,1,-1,-1,-1,-1,-1,-1,low_operand_for_dif_butterfly
ntt32_butterfly_operand,0,1,0,v4,6,-1,-1,-1,-1,-1,-1,0,4,4,6,-1,hi,4,6,0,-147,1,-1,-1,-1,-1,-1,-1,dif_high_output_gets_(lo-hi)_times_twiddle
ntt32_butterfly_operand,0,1,0,v4,5,-1,-1,-1,-1,-1,-1,0,4,4,5,-1,lo,5,7,8,366,2749,-1,-1,-1,-1,-1,-1,low_operand_for_dif_butterfly
ntt32_butterfly_operand,0,1,0,v4,7,-1,-1,-1,-1,-1,-1,0,4,4,7,-1,hi,5,7,8,366,2749,-1,-1,-1,-1,-1,-1,dif_high_output_gets_(lo-hi)_times_twiddle
ntt32_butterfly_operand,0,1,1,v5,0,-1,-1,-1,-1,-1,-1,0,4,4,8,-1,lo,8,10,0,-147,1,-1,-1,-1,-1,-1,-1,low_operand_for_dif_butterfly
ntt32_butterfly_operand,0,1,1,v5,2,-1,-1,-1,-1,-1,-1,0,4,4,10,-1,hi,8,10,0,-147,1,-1,-1,-1,-1,-1,-1,dif_high_output_gets_(lo-hi)_times_twiddle
ntt32_butterfly_operand,0,1,1,v5,1,-1,-1,-1,-1,-1,-1,0,4,4,9,-1,lo,9,11,8,366,2749,-1,-1,-1,-1,-1,-1,low_operand_for_dif_butterfly
ntt32_butterfly_operand,0,1,1,v5,3,-1,-1,-1,-1,-1,-1,0,4,4,11,-1,hi,9,11,8,366,2749,-1,-1,-1,-1,-1,-1,dif_high_output_gets_(lo-hi)_times_twiddle
ntt32_butterfly_operand,0,1,1,v5,4,-1,-1,-1,-1,-1,-1,0,4,4,12,-1,lo,12,14,0,-147,1,-1,-1,-1,-1,-1,-1,low_operand_for_dif_butterfly
ntt32_butterfly_operand,0,1,1,v5,6,-1,-1,-1,-1,-1,-1,0,4,4,14,-1,hi,12,14,0,-147,1,-1,-1,-1,-1,-1,-1,dif_high_output_gets_(lo-hi)_times_twiddle
ntt32_butterfly_operand,0,1,1,v5,5,-1,-1,-1,-1,-1,-1,0,4,4,13,-1,lo,13,15,8,366,2749,-1,-1,-1,-1,-1,-1,low_operand_for_dif_butterfly
ntt32_butterfly_operand,0,1,1,v5,7,-1,-1,-1,-1,-1,-1,0,4,4,15,-1,hi,13,15,8,366,2749,-1,-1,-1,-1,-1,-1,dif_high_output_gets_(lo-hi)_times_twiddle
ntt32_butterfly_operand,0,1,2,v6,0,-1,-1,-1,-1,-1,-1,0,4,4,16,-1,lo,16,18,0,-147,1,-1,-1,-1,-1,-1,-1,low_operand_for_dif_butterfly
ntt32_butterfly_operand,0,1,2,v6,2,-1,-1,-1,-1,-1,-1,0,4,4,18,-1,hi,16,18,0,-147,1,-1,-1,-1,-1,-1,-1,dif_high_output_gets_(lo-hi)_times_twiddle
ntt32_butterfly_operand,0,1,2,v6,1,-1,-1,-1,-1,-1,-1,0,4,4,17,-1,lo,17,19,8,366,2749,-1,-1,-1,-1,-1,-1,low_operand_for_dif_butterfly
ntt32_butterfly_operand,0,1,2,v6,3,-1,-1,-1,-1,-1,-1,0,4,4,19,-1,hi,17,19,8,366,2749,-1,-1,-1,-1,-1,-1,dif_high_output_gets_(lo-hi)_times_twiddle
ntt32_butterfly_operand,0,1,2,v6,4,-1,-1,-1,-1,-1,-1,0,4,4,20,-1,lo,20,22,0,-147,1,-1,-1,-1,-1,-1,-1,low_operand_for_dif_butterfly
ntt32_butterfly_operand,0,1,2,v6,6,-1,-1,-1,-1,-1,-1,0,4,4,22,-1,hi,20,22,0,-147,1,-1,-1,-1,-1,-1,-1,dif_high_output_gets_(lo-hi)_times_twiddle
ntt32_butterfly_operand,0,1,2,v6,5,-1,-1,-1,-1,-1,-1,0,4,4,21,-1,lo,21,23,8,366,2749,-1,-1,-1,-1,-1,-1,low_operand_for_dif_butterfly
ntt32_butterfly_operand,0,1,2,v6,7,-1,-1,-1,-1,-1,-1,0,4,4,23,-1,hi,21,23,8,366,2749,-1,-1,-1,-1,-1,-1,dif_high_output_gets_(lo-hi)_times_twiddle
ntt32_butterfly_operand,0,1,3,v7,0,-1,-1,-1,-1,-1,-1,0,4,4,24,-1,lo,24,26,0,-147,1,-1,-1,-1,-1,-1,-1,low_operand_for_dif_butterfly
ntt32_butterfly_operand,0,1,3,v7,2,-1,-1,-1,-1,-1,-1,0,4,4,26,-1,hi,24,26,0,-147,1,-1,-1,-1,-1,-1,-1,dif_high_output_gets_(lo-hi)_times_twiddle
ntt32_butterfly_operand,0,1,3,v7,1,-1,-1,-1,-1,-1,-1,0,4,4,25,-1,lo,25,27,8,366,2749,-1,-1,-1,-1,-1,-1,low_operand_for_dif_butterfly
ntt32_butterfly_operand,0,1,3,v7,3,-1,-1,-1,-1,-1,-1,0,4,4,27,-1,hi,25,27,8,366,2749,-1,-1,-1,-1,-1,-1,dif_high_output_gets_(lo-hi)_times_twiddle
ntt32_butterfly_operand,0,1,3,v7,4,-1,-1,-1,-1,-1,-1,0,4,4,28,-1,lo,28,30,0,-147,1,-1,-1,-1,-1,-1,-1,low_operand_for_dif_butterfly
ntt32_butterfly_operand,0,1,3,v7,6,-1,-1,-1,-1,-1,-1,0,4,4,30,-1,hi,28,30,0,-147,1,-1,-1,-1,-1,-1,-1,dif_high_output_gets_(lo-hi)_times_twiddle
ntt32_butterfly_operand,0,1,3,v7,5,-1,-1,-1,-1,-1,-1,0,4,4,29,-1,lo,29,31,8,366,2749,-1,-1,-1,-1,-1,-1,low_operand_for_dif_butterfly
ntt32_butterfly_operand,0,1,3,v7,7,-1,-1,-1,-1,-1,-1,0,4,4,31,-1,hi,29,31,8,366,2749,-1,-1,-1,-1,-1,-1,dif_high_output_gets_(lo-hi)_times_twiddle
ntt32_initial_natural_pack,0,1,0,v4,0,-1,-1,-1,-1,-1,0,1,0,32,0,0,state,-1,-1,0,-147,1,1,257,129,0,64,32,natural_input_for_incomplete_dif_ntt32_pre_len2_output
ntt32_initial_natural_pack,0,1,0,v4,1,-1,-1,-1,-1,-1,1,1,0,32,1,1,state,-1,-1,0,-147,1,133,5,261,33,1,65,natural_input_for_incomplete_dif_ntt32_pre_len2_output
ntt32_initial_natural_pack,0,1,0,v4,2,-1,-1,-1,-1,-1,2,1,0,32,2,2,state,-1,-1,0,-147,1,265,137,9,66,34,2,natural_input_for_incomplete_dif_ntt32_pre_len2_output
ntt32_initial_natural_pack,0,1,0,v4,3,-1,-1,-1,-1,-1,3,1,0,32,3,3,state,-1,-1,0,-147,1,13,269,141,3,67,35,natural_input_for_incomplete_dif_ntt32_pre_len2_output
ntt32_initial_natural_pack,0,1,0,v4,4,-1,-1,-1,-1,-1,4,1,0,32,4,4,state,-1,-1,0,-147,1,145,17,273,36,4,68,natural_input_for_incomplete_dif_ntt32_pre_len2_output
ntt32_initial_natural_pack,0,1,0,v4,5,-1,-1,-1,-1,-1,5,1,0,32,5,5,state,-1,-1,0,-147,1,277,149,21,69,37,5,natural_input_for_incomplete_dif_ntt32_pre_len2_output
ntt32_initial_natural_pack,0,1,0,v4,6,-1,-1,-1,-1,-1,6,1,0,32,6,6,state,-1,-1,0,-147,1,25,281,153,6,70,38,natural_input_for_incomplete_dif_ntt32_pre_len2_output
ntt32_initial_natural_pack,0,1,0,v4,7,-1,-1,-1,-1,-1,7,1,0,32,7,7,state,-1,-1,0,-147,1,157,29,285,39,7,71,natural_input_for_incomplete_dif_ntt32_pre_len2_output
ntt32_initial_natural_pack,0,1,1,v5,0,-1,-1,-1,-1,-1,8,1,0,32,8,8,state,-1,-1,0,-147,1,289,161,33,72,40,8,natural_input_for_incomplete_dif_ntt32_pre_len2_output
ntt32_initial_natural_pack,0,1,1,v5,1,-1,-1,-1,-1,-1,9,1,0,32,9,9,state,-1,-1,0,-147,1,37,293,165,9,73,41,natural_input_for_incomplete_dif_ntt32_pre_len2_output
ntt32_initial_natural_pack,0,1,1,v5,2,-1,-1,-1,-1,-1,10,1,0,32,10,10,state,-1,-1,0,-147,1,169,41,297,42,10,74,natural_input_for_incomplete_dif_ntt32_pre_len2_output
ntt32_initial_natural_pack,0,1,1,v5,3,-1,-1,-1,-1,-1,11,1,0,32,11,11,state,-1,-1,0,-147,1,301,173,45,75,43,11,natural_input_for_incomplete_dif_ntt32_pre_len2_output
ntt32_initial_natural_pack,0,1,1,v5,4,-1,-1,-1,-1,-1,12,1,0,32,12,12,state,-1,-1,0,-147,1,49,305,177,12,76,44,natural_input_for_incomplete_dif_ntt32_pre_len2_output
ntt32_initial_natural_pack,0,1,1,v5,5,-1,-1,-1,-1,-1,13,1,0,32,13,13,state,-1,-1,0,-147,1,181,53,309,45,13,77,natural_input_for_incomplete_dif_ntt32_pre_len2_output
ntt32_initial_natural_pack,0,1,1,v5,6,-1,-1,-1,-1,-1,14,1,0,32,14,14,state,-1,-1,0,-147,1,313,185,57,78,46,14,natural_input_for_incomplete_dif_ntt32_pre_len2_output
ntt32_initial_natural_pack,0,1,1,v5,7,-1,-1,-1,-1,-1,15,1,0,32,15,15,state,-1,-1,0,-147,1,61,317,189,15,79,47,natural_input_for_incomplete_dif_ntt32_pre_len2_output
ntt32_initial_natural_pack,0,1,2,v6,0,-1,-1,-1,-1,-1,16,1,0,32,16,16,state,-1,-1,0,-147,1,193,65,321,48,16,80,natural_input_for_incomplete_dif_ntt32_pre_len2_output
ntt32_initial_natural_pack,0,1,2,v6,1,-1,-1,-1,-1,-1,17,1,0,32,17,17,state,-1,-1,0,-147,1,325,197,69,81,49,17,natural_input_for_incomplete_dif_ntt32_pre_len2_output
ntt32_initial_natural_pack,0,1,2,v6,2,-1,-1,-1,-1,-1,18,1,0,32,18,18,state,-1,-1,0,-147,1,73,329,201,18,82,50,natural_input_for_incomplete_dif_ntt32_pre_len2_output
ntt32_initial_natural_pack,0,1,2,v6,3,-1,-1,-1,-1,-1,19,1,0,32,19,19,state,-1,-1,0,-147,1,205,77,333,51,19,83,natural_input_for_incomplete_dif_ntt32_pre_len2_output
ntt32_initial_natural_pack,0,1,2,v6,4,-1,-1,-1,-1,-1,20,1,0,32,20,20,state,-1,-1,0,-147,1,337,209,81,84,52,20,natural_input_for_incomplete_dif_ntt32_pre_len2_output
ntt32_initial_natural_pack,0,1,2,v6,5,-1,-1,-1,-1,-1,21,1,0,32,21,21,state,-1,-1,0,-147,1,85,341,213,21,85,53,natural_input_for_incomplete_dif_ntt32_pre_len2_output
ntt32_initial_natural_pack,0,1,2,v6,6,-1,-1,-1,-1,-1,22,1,0,32,22,22,state,-1,-1,0,-147,1,217,89,345,54,22,86,natural_input_for_incomplete_dif_ntt32_pre_len2_output
ntt32_initial_natural_pack,0,1,2,v6,7,-1,-1,-1,-1,-1,23,1,0,32,23,23,state,-1,-1,0,-147,1,349,221,93,87,55,23,natural_input_for_incomplete_dif_ntt32_pre_len2_output
ntt32_initial_natural_pack,0,1,3,v7,0,-1,-1,-1,-1,-1,24,1,0,32,24,24,state,-1,-1,0,-147,1,97,353,225,24,88,56,natural_input_for_incomplete_dif_ntt32_pre_len2_output
ntt32_initial_natural_pack,0,1,3,v7,1,-1,-1,-1,-1,-1,25,1,0,32,25,25,state,-1,-1,0,-147,1,229,101,357,57,25,89,natural_input_for_incomplete_dif_ntt32_pre_len2_output
ntt32_initial_natural_pack,0,1,3,v7,2,-1,-1,-1,-1,-1,26,1,0,32,26,26,state,-1,-1,0,-147,1,361,233,105,90,58,26,natural_input_for_incomplete_dif_ntt32_pre_len2_output
ntt32_initial_natural_pack,0,1,3,v7,3,-1,-1,-1,-1,-1,27,1,0,32,27,27,state,-1,-1,0,-147,1,109,365,237,27,91,59,natural_input_for_incomplete_dif_ntt32_pre_len2_output
ntt32_initial_natural_pack,0,1,3,v7,4,-1,-1,-1,-1,-1,28,1,0,32,28,28,state,-1,-1,0,-147,1,241,113,369,60,28,92,natural_input_for_incomplete_dif_ntt32_pre_len2_output
ntt32_initial_natural_pack,0,1,3,v7,5,-1,-1,-1,-1,-1,29,1,0,32,29,29,state,-1,-1,0,-147,1,373,245,117,93,61,29,natural_input_for_incomplete_dif_ntt32_pre_len2_output
ntt32_initial_natural_pack,0,1,3,v7,6,-1,-1,-1,-1,-1,30,1,0,32,30,30,state,-1,-1,0,-147,1,121,377,249,30,94,62,natural_input_for_incomplete_dif_ntt32_pre_len2_output
ntt32_initial_natural_pack,0,1,3,v7,7,-1,-1,-1,-1,-1,31,1,0,32,31,31,state,-1,-1,0,-147,1,253,125,381,63,31,95,natural_input_for_incomplete_dif_ntt32_pre_len2_output
ntt32_butterfly_operand,0,1,0,v4,0,-1,-1,-1,-1,-1,-1,1,1,32,0,-1,lo,0,16,0,-147,1,-1,-1,-1,-1,-1,-1,low_operand_for_dif_butterfly
ntt32_butterfly_operand,0,1,2,v6,0,-1,-1,-1,-1,-1,-1,1,1,32,16,-1,hi,0,16,0,-147,1,-1,-1,-1,-1,-1,-1,dif_high_output_gets_(lo-hi)_times_twiddle
ntt32_butterfly_operand,0,1,0,v4,1,-1,-1,-1,-1,-1,-1,1,1,32,1,-1,lo,1,17,1,484,1784,-1,-1,-1,-1,-1,-1,low_operand_for_dif_butterfly
ntt32_butterfly_operand,0,1,2,v6,1,-1,-1,-1,-1,-1,-1,1,1,32,17,-1,hi,1,17,1,484,1784,-1,-1,-1,-1,-1,-1,dif_high_output_gets_(lo-hi)_times_twiddle
ntt32_butterfly_operand,0,1,0,v4,2,-1,-1,-1,-1,-1,-1,1,1,32,2,-1,lo,2,18,2,-794,2216,-1,-1,-1,-1,-1,-1,low_operand_for_dif_butterfly
ntt32_butterfly_operand,0,1,2,v6,2,-1,-1,-1,-1,-1,-1,1,1,32,18,-1,hi,2,18,2,-794,2216,-1,-1,-1,-1,-1,-1,dif_high_output_gets_(lo-hi)_times_twiddle
ntt32_butterfly_operand,0,1,0,v4,3,-1,-1,-1,-1,-1,-1,1,1,32,3,-1,lo,3,19,3,874,1993,-1,-1,-1,-1,-1,-1,low_operand_for_dif_butterfly
ntt32_butterfly_operand,0,1,2,v6,3,-1,-1,-1,-1,-1,-1,1,1,32,19,-1,hi,3,19,3,874,1993,-1,-1,-1,-1,-1,-1,dif_high_output_gets_(lo-hi)_times_twiddle
ntt32_butterfly_operand,0,1,0,v4,4,-1,-1,-1,-1,-1,-1,1,1,32,4,-1,lo,4,20,4,109,1716,-1,-1,-1,-1,-1,-1,low_operand_for_dif_butterfly
ntt32_butterfly_operand,0,1,2,v6,4,-1,-1,-1,-1,-1,-1,1,1,32,20,-1,hi,4,20,4,109,1716,-1,-1,-1,-1,-1,-1,dif_high_output_gets_(lo-hi)_times_twiddle
ntt32_butterfly_operand,0,1,0,v4,5,-1,-1,-1,-1,-1,-1,1,1,32,5,-1,lo,5,21,5,864,1899,-1,-1,-1,-1,-1,-1,low_operand_for_dif_butterfly
ntt32_butterfly_operand,0,1,2,v6,5,-1,-1,-1,-1,-1,-1,1,1,32,21,-1,hi,5,21,5,864,1899,-1,-1,-1,-1,-1,-1,dif_high_output_gets_(lo-hi)_times_twiddle
ntt32_butterfly_operand,0,1,0,v4,6,-1,-1,-1,-1,-1,-1,1,1,32,6,-1,lo,6,22,6,-446,3413,-1,-1,-1,-1,-1,-1,low_operand_for_dif_butterfly
ntt32_butterfly_operand,0,1,2,v6,6,-1,-1,-1,-1,-1,-1,1,1,32,22,-1,hi,6,22,6,-446,3413,-1,-1,-1,-1,-1,-1,dif_high_output_gets_(lo-hi)_times_twiddle
ntt32_butterfly_operand,0,1,0,v4,7,-1,-1,-1,-1,-1,-1,1,1,32,7,-1,lo,7,23,7,-554,1015,-1,-1,-1,-1,-1,-1,low_operand_for_dif_butterfly
ntt32_butterfly_operand,0,1,2,v6,7,-1,-1,-1,-1,-1,-1,1,1,32,23,-1,hi,7,23,7,-554,1015,-1,-1,-1,-1,-1,-1,dif_high_output_gets_(lo-hi)_times_twiddle
ntt32_butterfly_operand,0,1,1,v5,0,-1,-1,-1,-1,-1,-1,1,1,32,8,-1,lo,8,24,8,366,2749,-1,-1,-1,-1,-1,-1,low_operand_for_dif_butterfly
ntt32_butterfly_operand,0,1,3,v7,0,-1,-1,-1,-1,-1,-1,1,1,32,24,-1,hi,8,24,8,366,2749,-1,-1,-1,-1,-1,-1,dif_high_output_gets_(lo-hi)_times_twiddle
ntt32_butterfly_operand,0,1,1,v5,1,-1,-1,-1,-1,-1,-1,1,1,32,9,-1,lo,9,25,9,-429,2190,-1,-1,-1,-1,-1,-1,low_operand_for_dif_butterfly
ntt32_butterfly_operand,0,1,3,v7,1,-1,-1,-1,-1,-1,-1,1,1,32,25,-1,hi,9,25,9,-429,2190,-1,-1,-1,-1,-1,-1,dif_high_output_gets_(lo-hi)_times_twiddle
ntt32_butterfly_operand,0,1,1,v5,2,-1,-1,-1,-1,-1,-1,1,1,32,10,-1,lo,10,26,10,-1339,550,-1,-1,-1,-1,-1,-1,low_operand_for_dif_butterfly
ntt32_butterfly_operand,0,1,3,v7,2,-1,-1,-1,-1,-1,-1,1,1,32,26,-1,hi,10,26,10,-1339,550,-1,-1,-1,-1,-1,-1,dif_high_output_gets_(lo-hi)_times_twiddle
ntt32_butterfly_operand,0,1,1,v5,3,-1,-1,-1,-1,-1,-1,1,1,32,11,-1,lo,11,27,11,11,2869,-1,-1,-1,-1,-1,-1,low_operand_for_dif_butterfly
ntt32_butterfly_operand,0,1,3,v7,3,-1,-1,-1,-1,-1,-1,1,1,32,27,-1,hi,11,27,11,11,2869,-1,-1,-1,-1,-1,-1,dif_high_output_gets_(lo-hi)_times_twiddle
ntt32_butterfly_operand,0,1,1,v5,4,-1,-1,-1,-1,-1,-1,1,1,32,12,-1,lo,12,28,12,-1118,1936,-1,-1,-1,-1,-1,-1,low_operand_for_dif_butterfly
ntt32_butterfly_operand,0,1,3,v7,4,-1,-1,-1,-1,-1,-1,1,1,32,28,-1,hi,12,28,12,-1118,1936,-1,-1,-1,-1,-1,-1,dif_high_output_gets_(lo-hi)_times_twiddle
ntt32_butterfly_operand,0,1,1,v5,5,-1,-1,-1,-1,-1,-1,1,1,32,13,-1,lo,13,29,13,177,281,-1,-1,-1,-1,-1,-1,low_operand_for_dif_butterfly
ntt32_butterfly_operand,0,1,3,v7,5,-1,-1,-1,-1,-1,-1,1,1,32,29,-1,hi,13,29,13,177,281,-1,-1,-1,-1,-1,-1,dif_high_output_gets_(lo-hi)_times_twiddle
ntt32_butterfly_operand,0,1,1,v5,6,-1,-1,-1,-1,-1,-1,1,1,32,14,-1,lo,14,30,14,1181,39,-1,-1,-1,-1,-1,-1,low_operand_for_dif_butterfly
ntt32_butterfly_operand,0,1,3,v7,6,-1,-1,-1,-1,-1,-1,1,1,32,30,-1,hi,14,30,14,1181,39,-1,-1,-1,-1,-1,-1,dif_high_output_gets_(lo-hi)_times_twiddle
ntt32_butterfly_operand,0,1,1,v5,7,-1,-1,-1,-1,-1,-1,1,1,32,15,-1,lo,15,31,15,1591,436,-1,-1,-1,-1,-1,-1,low_operand_for_dif_butterfly
ntt32_butterfly_operand,0,1,3,v7,7,-1,-1,-1,-1,-1,-1,1,1,32,31,-1,hi,15,31,15,1591,436,-1,-1,-1,-1,-1,-1,dif_high_output_gets_(lo-hi)_times_twiddle
ntt32_butterfly_operand,0,1,0,v4,0,-1,-1,-1,-1,-1,-1,1,2,16,0,-1,lo,0,8,0,-147,1,-1,-1,-1,-1,-1,-1,low_operand_for_dif_butterfly
ntt32_butterfly_operand,0,1,1,v5,0,-1,-1,-1,-1,-1,-1,1,2,16,8,-1,hi,0,8,0,-147,1,-1,-1,-1,-1,-1,-1,dif_high_output_gets_(lo-hi)_times_twiddle
ntt32_butterfly_operand,0,1,0,v4,1,-1,-1,-1,-1,-1,-1,1,2,16,1,-1,lo,1,9,2,-794,2216,-1,-1,-1,-1,-1,-1,low_operand_for_dif_butterfly
ntt32_butterfly_operand,0,1,1,v5,1,-1,-1,-1,-1,-1,-1,1,2,16,9,-1,hi,1,9,2,-794,2216,-1,-1,-1,-1,-1,-1,dif_high_output_gets_(lo-hi)_times_twiddle
ntt32_butterfly_operand,0,1,0,v4,2,-1,-1,-1,-1,-1,-1,1,2,16,2,-1,lo,2,10,4,109,1716,-1,-1,-1,-1,-1,-1,low_operand_for_dif_butterfly
ntt32_butterfly_operand,0,1,1,v5,2,-1,-1,-1,-1,-1,-1,1,2,16,10,-1,hi,2,10,4,109,1716,-1,-1,-1,-1,-1,-1,dif_high_output_gets_(lo-hi)_times_twiddle
ntt32_butterfly_operand,0,1,0,v4,3,-1,-1,-1,-1,-1,-1,1,2,16,3,-1,lo,3,11,6,-446,3413,-1,-1,-1,-1,-1,-1,low_operand_for_dif_butterfly
ntt32_butterfly_operand,0,1,1,v5,3,-1,-1,-1,-1,-1,-1,1,2,16,11,-1,hi,3,11,6,-446,3413,-1,-1,-1,-1,-1,-1,dif_high_output_gets_(lo-hi)_times_twiddle
ntt32_butterfly_operand,0,1,0,v4,4,-1,-1,-1,-1,-1,-1,1,2,16,4,-1,lo,4,12,8,366,2749,-1,-1,-1,-1,-1,-1,low_operand_for_dif_butterfly
ntt32_butterfly_operand,0,1,1,v5,4,-1,-1,-1,-1,-1,-1,1,2,16,12,-1,hi,4,12,8,366,2749,-1,-1,-1,-1,-1,-1,dif_high_output_gets_(lo-hi)_times_twiddle
ntt32_butterfly_operand,0,1,0,v4,5,-1,-1,-1,-1,-1,-1,1,2,16,5,-1,lo,5,13,10,-1339,550,-1,-1,-1,-1,-1,-1,low_operand_for_dif_butterfly
ntt32_butterfly_operand,0,1,1,v5,5,-1,-1,-1,-1,-1,-1,1,2,16,13,-1,hi,5,13,10,-1339,550,-1,-1,-1,-1,-1,-1,dif_high_output_gets_(lo-hi)_times_twiddle
ntt32_butterfly_operand,0,1,0,v4,6,-1,-1,-1,-1,-1,-1,1,2,16,6,-1,lo,6,14,12,-1118,1936,-1,-1,-1,-1,-1,-1,low_operand_for_dif_butterfly
ntt32_butterfly_operand,0,1,1,v5,6,-1,-1,-1,-1,-1,-1,1,2,16,14,-1,hi,6,14,12,-1118,1936,-1,-1,-1,-1,-1,-1,dif_high_output_gets_(lo-hi)_times_twiddle
ntt32_butterfly_operand,0,1,0,v4,7,-1,-1,-1,-1,-1,-1,1,2,16,7,-1,lo,7,15,14,1181,39,-1,-1,-1,-1,-1,-1,low_operand_for_dif_butterfly
ntt32_butterfly_operand,0,1,1,v5,7,-1,-1,-1,-1,-1,-1,1,2,16,15,-1,hi,7,15,14,1181,39,-1,-1,-1,-1,-1,-1,dif_high_output_gets_(lo-hi)_times_twiddle
ntt32_butterfly_operand,0,1,2,v6,0,-1,-1,-1,-1,-1,-1,1,2,16,16,-1,lo,16,24,0,-147,1,-1,-1,-1,-1,-1,-1,low_operand_for_dif_butterfly
ntt32_butterfly_operand,0,1,3,v7,0,-1,-1,-1,-1,-1,-1,1,2,16,24,-1,hi,16,24,0,-147,1,-1,-1,-1,-1,-1,-1,dif_high_output_gets_(lo-hi)_times_twiddle
ntt32_butterfly_operand,0,1,2,v6,1,-1,-1,-1,-1,-1,-1,1,2,16,17,-1,lo,17,25,2,-794,2216,-1,-1,-1,-1,-1,-1,low_operand_for_dif_butterfly
ntt32_butterfly_operand,0,1,3,v7,1,-1,-1,-1,-1,-1,-1,1,2,16,25,-1,hi,17,25,2,-794,2216,-1,-1,-1,-1,-1,-1,dif_high_output_gets_(lo-hi)_times_twiddle
ntt32_butterfly_operand,0,1,2,v6,2,-1,-1,-1,-1,-1,-1,1,2,16,18,-1,lo,18,26,4,109,1716,-1,-1,-1,-1,-1,-1,low_operand_for_dif_butterfly
ntt32_butterfly_operand,0,1,3,v7,2,-1,-1,-1,-1,-1,-1,1,2,16,26,-1,hi,18,26,4,109,1716,-1,-1,-1,-1,-1,-1,dif_high_output_gets_(lo-hi)_times_twiddle
ntt32_butterfly_operand,0,1,2,v6,3,-1,-1,-1,-1,-1,-1,1,2,16,19,-1,lo,19,27,6,-446,3413,-1,-1,-1,-1,-1,-1,low_operand_for_dif_butterfly
ntt32_butterfly_operand,0,1,3,v7,3,-1,-1,-1,-1,-1,-1,1,2,16,27,-1,hi,19,27,6,-446,3413,-1,-1,-1,-1,-1,-1,dif_high_output_gets_(lo-hi)_times_twiddle
ntt32_butterfly_operand,0,1,2,v6,4,-1,-1,-1,-1,-1,-1,1,2,16,20,-1,lo,20,28,8,366,2749,-1,-1,-1,-1,-1,-1,low_operand_for_dif_butterfly
ntt32_butterfly_operand,0,1,3,v7,4,-1,-1,-1,-1,-1,-1,1,2,16,28,-1,hi,20,28,8,366,2749,-1,-1,-1,-1,-1,-1,dif_high_output_gets_(lo-hi)_times_twiddle
ntt32_butterfly_operand,0,1,2,v6,5,-1,-1,-1,-1,-1,-1,1,2,16,21,-1,lo,21,29,10,-1339,550,-1,-1,-1,-1,-1,-1,low_operand_for_dif_butterfly
ntt32_butterfly_operand,0,1,3,v7,5,-1,-1,-1,-1,-1,-1,1,2,16,29,-1,hi,21,29,10,-1339,550,-1,-1,-1,-1,-1,-1,dif_high_output_gets_(lo-hi)_times_twiddle
ntt32_butterfly_operand,0,1,2,v6,6,-1,-1,-1,-1,-1,-1,1,2,16,22,-1,lo,22,30,12,-1118,1936,-1,-1,-1,-1,-1,-1,low_operand_for_dif_butterfly
ntt32_butterfly_operand,0,1,3,v7,6,-1,-1,-1,-1,-1,-1,1,2,16,30,-1,hi,22,30,12,-1118,1936,-1,-1,-1,-1,-1,-1,dif_high_output_gets_(lo-hi)_times_twiddle
ntt32_butterfly_operand,0,1,2,v6,7,-1,-1,-1,-1,-1,-1,1,2,16,23,-1,lo,23,31,14,1181,39,-1,-1,-1,-1,-1,-1,low_operand_for_dif_butterfly
ntt32_butterfly_operand,0,1,3,v7,7,-1,-1,-1,-1,-1,-1,1,2,16,31,-1,hi,23,31,14,1181,39,-1,-1,-1,-1,-1,-1,dif_high_output_gets_(lo-hi)_times_twiddle
ntt32_butterfly_operand,0,1,0,v4,0,-1,-1,-1,-1,-1,-1,1,3,8,0,-1,lo,0,4,0,-147,1,-1,-1,-1,-1,-1,-1,low_operand_for_dif_butterfly
ntt32_butterfly_operand,0,1,0,v4,4,-1,-1,-1,-1,-1,-1,1,3,8,4,-1,hi,0,4,0,-147,1,-1,-1,-1,-1,-1,-1,dif_high_output_gets_(lo-hi)_times_twiddle
ntt32_butterfly_operand,0,1,0,v4,1,-1,-1,-1,-1,-1,-1,1,3,8,1,-1,lo,1,5,4,109,1716,-1,-1,-1,-1,-1,-1,low_operand_for_dif_butterfly
ntt32_butterfly_operand,0,1,0,v4,5,-1,-1,-1,-1,-1,-1,1,3,8,5,-1,hi,1,5,4,109,1716,-1,-1,-1,-1,-1,-1,dif_high_output_gets_(lo-hi)_times_twiddle
ntt32_butterfly_operand,0,1,0,v4,2,-1,-1,-1,-1,-1,-1,1,3,8,2,-1,lo,2,6,8,366,2749,-1,-1,-1,-1,-1,-1,low_operand_for_dif_butterfly
ntt32_butterfly_operand,0,1,0,v4,6,-1,-1,-1,-1,-1,-1,1,3,8,6,-1,hi,2,6,8,366,2749,-1,-1,-1,-1,-1,-1,dif_high_output_gets_(lo-hi)_times_twiddle
ntt32_butterfly_operand,0,1,0,v4,3,-1,-1,-1,-1,-1,-1,1,3,8,3,-1,lo,3,7,12,-1118,1936,-1,-1,-1,-1,-1,-1,low_operand_for_dif_butterfly
ntt32_butterfly_operand,0,1,0,v4,7,-1,-1,-1,-1,-1,-1,1,3,8,7,-1,hi,3,7,12,-1118,1936,-1,-1,-1,-1,-1,-1,dif_high_output_gets_(lo-hi)_times_twiddle
ntt32_butterfly_operand,0,1,1,v5,0,-1,-1,-1,-1,-1,-1,1,3,8,8,-1,lo,8,12,0,-147,1,-1,-1,-1,-1,-1,-1,low_operand_for_dif_butterfly
ntt32_butterfly_operand,0,1,1,v5,4,-1,-1,-1,-1,-1,-1,1,3,8,12,-1,hi,8,12,0,-147,1,-1,-1,-1,-1,-1,-1,dif_high_output_gets_(lo-hi)_times_twiddle
ntt32_butterfly_operand,0,1,1,v5,1,-1,-1,-1,-1,-1,-1,1,3,8,9,-1,lo,9,13,4,109,1716,-1,-1,-1,-1,-1,-1,low_operand_for_dif_butterfly
ntt32_butterfly_operand,0,1,1,v5,5,-1,-1,-1,-1,-1,-1,1,3,8,13,-1,hi,9,13,4,109,1716,-1,-1,-1,-1,-1,-1,dif_high_output_gets_(lo-hi)_times_twiddle
ntt32_butterfly_operand,0,1,1,v5,2,-1,-1,-1,-1,-1,-1,1,3,8,10,-1,lo,10,14,8,366,2749,-1,-1,-1,-1,-1,-1,low_operand_for_dif_butterfly
ntt32_butterfly_operand,0,1,1,v5,6,-1,-1,-1,-1,-1,-1,1,3,8,14,-1,hi,10,14,8,366,2749,-1,-1,-1,-1,-1,-1,dif_high_output_gets_(lo-hi)_times_twiddle
ntt32_butterfly_operand,0,1,1,v5,3,-1,-1,-1,-1,-1,-1,1,3,8,11,-1,lo,11,15,12,-1118,1936,-1,-1,-1,-1,-1,-1,low_operand_for_dif_butterfly
ntt32_butterfly_operand,0,1,1,v5,7,-1,-1,-1,-1,-1,-1,1,3,8,15,-1,hi,11,15,12,-1118,1936,-1,-1,-1,-1,-1,-1,dif_high_output_gets_(lo-hi)_times_twiddle
ntt32_butterfly_operand,0,1,2,v6,0,-1,-1,-1,-1,-1,-1,1,3,8,16,-1,lo,16,20,0,-147,1,-1,-1,-1,-1,-1,-1,low_operand_for_dif_butterfly
ntt32_butterfly_operand,0,1,2,v6,4,-1,-1,-1,-1,-1,-1,1,3,8,20,-1,hi,16,20,0,-147,1,-1,-1,-1,-1,-1,-1,dif_high_output_gets_(lo-hi)_times_twiddle
ntt32_butterfly_operand,0,1,2,v6,1,-1,-1,-1,-1,-1,-1,1,3,8,17,-1,lo,17,21,4,109,1716,-1,-1,-1,-1,-1,-1,low_operand_for_dif_butterfly
ntt32_butterfly_operand,0,1,2,v6,5,-1,-1,-1,-1,-1,-1,1,3,8,21,-1,hi,17,21,4,109,1716,-1,-1,-1,-1,-1,-1,dif_high_output_gets_(lo-hi)_times_twiddle
ntt32_butterfly_operand,0,1,2,v6,2,-1,-1,-1,-1,-1,-1,1,3,8,18,-1,lo,18,22,8,366,2749,-1,-1,-1,-1,-1,-1,low_operand_for_dif_butterfly
ntt32_butterfly_operand,0,1,2,v6,6,-1,-1,-1,-1,-1,-1,1,3,8,22,-1,hi,18,22,8,366,2749,-1,-1,-1,-1,-1,-1,dif_high_output_gets_(lo-hi)_times_twiddle
ntt32_butterfly_operand,0,1,2,v6,3,-1,-1,-1,-1,-1,-1,1,3,8,19,-1,lo,19,23,12,-1118,1936,-1,-1,-1,-1,-1,-1,low_operand_for_dif_butterfly
ntt32_butterfly_operand,0,1,2,v6,7,-1,-1,-1,-1,-1,-1,1,3,8,23,-1,hi,19,23,12,-1118,1936,-1,-1,-1,-1,-1,-1,dif_high_output_gets_(lo-hi)_times_twiddle
ntt32_butterfly_operand,0,1,3,v7,0,-1,-1,-1,-1,-1,-1,1,3,8,24,-1,lo,24,28,0,-147,1,-1,-1,-1,-1,-1,-1,low_operand_for_dif_butterfly
ntt32_butterfly_operand,0,1,3,v7,4,-1,-1,-1,-1,-1,-1,1,3,8,28,-1,hi,24,28,0,-147,1,-1,-1,-1,-1,-1,-1,dif_high_output_gets_(lo-hi)_times_twiddle
ntt32_butterfly_operand,0,1,3,v7,1,-1,-1,-1,-1,-1,-1,1,3,8,25,-1,lo,25,29,4,109,1716,-1,-1,-1,-1,-1,-1,low_operand_for_dif_butterfly
ntt32_butterfly_operand,0,1,3,v7,5,-1,-1,-1,-1,-1,-1,1,3,8,29,-1,hi,25,29,4,109,1716,-1,-1,-1,-1,-1,-1,dif_high_output_gets_(lo-hi)_times_twiddle
ntt32_butterfly_operand,0,1,3,v7,2,-1,-1,-1,-1,-1,-1,1,3,8,26,-1,lo,26,30,8,366,2749,-1,-1,-1,-1,-1,-1,low_operand_for_dif_butterfly
ntt32_butterfly_operand,0,1,3,v7,6,-1,-1,-1,-1,-1,-1,1,3,8,30,-1,hi,26,30,8,366,2749,-1,-1,-1,-1,-1,-1,dif_high_output_gets_(lo-hi)_times_twiddle
ntt32_butterfly_operand,0,1,3,v7,3,-1,-1,-1,-1,-1,-1,1,3,8,27,-1,lo,27,31,12,-1118,1936,-1,-1,-1,-1,-1,-1,low_operand_for_dif_butterfly
ntt32_butterfly_operand,0,1,3,v7,7,-1,-1,-1,-1,-1,-1,1,3,8,31,-1,hi,27,31,12,-1118,1936,-1,-1,-1,-1,-1,-1,dif_high_output_gets_(lo-hi)_times_twiddle
ntt32_butterfly_operand,0,1,0,v4,0,-1,-1,-1,-1,-1,-1,1,4,4,0,-1,lo,0,2,0,-147,1,-1,-1,-1,-1,-1,-1,low_operand_for_dif_butterfly
ntt32_butterfly_operand,0,1,0,v4,2,-1,-1,-1,-1,-1,-1,1,4,4,2,-1,hi,0,2,0,-147,1,-1,-1,-1,-1,-1,-1,dif_high_output_gets_(lo-hi)_times_twiddle
ntt32_butterfly_operand,0,1,0,v4,1,-1,-1,-1,-1,-1,-1,1,4,4,1,-1,lo,1,3,8,366,2749,-1,-1,-1,-1,-1,-1,low_operand_for_dif_butterfly
ntt32_butterfly_operand,0,1,0,v4,3,-1,-1,-1,-1,-1,-1,1,4,4,3,-1,hi,1,3,8,366,2749,-1,-1,-1,-1,-1,-1,dif_high_output_gets_(lo-hi)_times_twiddle
ntt32_butterfly_operand,0,1,0,v4,4,-1,-1,-1,-1,-1,-1,1,4,4,4,-1,lo,4,6,0,-147,1,-1,-1,-1,-1,-1,-1,low_operand_for_dif_butterfly
ntt32_butterfly_operand,0,1,0,v4,6,-1,-1,-1,-1,-1,-1,1,4,4,6,-1,hi,4,6,0,-147,1,-1,-1,-1,-1,-1,-1,dif_high_output_gets_(lo-hi)_times_twiddle
ntt32_butterfly_operand,0,1,0,v4,5,-1,-1,-1,-1,-1,-1,1,4,4,5,-1,lo,5,7,8,366,2749,-1,-1,-1,-1,-1,-1,low_operand_for_dif_butterfly
ntt32_butterfly_operand,0,1,0,v4,7,-1,-1,-1,-1,-1,-1,1,4,4,7,-1,hi,5,7,8,366,2749,-1,-1,-1,-1,-1,-1,dif_high_output_gets_(lo-hi)_times_twiddle
ntt32_butterfly_operand,0,1,1,v5,0,-1,-1,-1,-1,-1,-1,1,4,4,8,-1,lo,8,10,0,-147,1,-1,-1,-1,-1,-1,-1,low_operand_for_dif_butterfly
ntt32_butterfly_operand,0,1,1,v5,2,-1,-1,-1,-1,-1,-1,1,4,4,10,-1,hi,8,10,0,-147,1,-1,-1,-1,-1,-1,-1,dif_high_output_gets_(lo-hi)_times_twiddle
ntt32_butterfly_operand,0,1,1,v5,1,-1,-1,-1,-1,-1,-1,1,4,4,9,-1,lo,9,11,8,366,2749,-1,-1,-1,-1,-1,-1,low_operand_for_dif_butterfly
ntt32_butterfly_operand,0,1,1,v5,3,-1,-1,-1,-1,-1,-1,1,4,4,11,-1,hi,9,11,8,366,2749,-1,-1,-1,-1,-1,-1,dif_high_output_gets_(lo-hi)_times_twiddle
ntt32_butterfly_operand,0,1,1,v5,4,-1,-1,-1,-1,-1,-1,1,4,4,12,-1,lo,12,14,0,-147,1,-1,-1,-1,-1,-1,-1,low_operand_for_dif_butterfly
ntt32_butterfly_operand,0,1,1,v5,6,-1,-1,-1,-1,-1,-1,1,4,4,14,-1,hi,12,14,0,-147,1,-1,-1,-1,-1,-1,-1,dif_high_output_gets_(lo-hi)_times_twiddle
ntt32_butterfly_operand,0,1,1,v5,5,-1,-1,-1,-1,-1,-1,1,4,4,13,-1,lo,13,15,8,366,2749,-1,-1,-1,-1,-1,-1,low_operand_for_dif_butterfly
ntt32_butterfly_operand,0,1,1,v5,7,-1,-1,-1,-1,-1,-1,1,4,4,15,-1,hi,13,15,8,366,2749,-1,-1,-1,-1,-1,-1,dif_high_output_gets_(lo-hi)_times_twiddle
ntt32_butterfly_operand,0,1,2,v6,0,-1,-1,-1,-1,-1,-1,1,4,4,16,-1,lo,16,18,0,-147,1,-1,-1,-1,-1,-1,-1,low_operand_for_dif_butterfly
ntt32_butterfly_operand,0,1,2,v6,2,-1,-1,-1,-1,-1,-1,1,4,4,18,-1,hi,16,18,0,-147,1,-1,-1,-1,-1,-1,-1,dif_high_output_gets_(lo-hi)_times_twiddle
ntt32_butterfly_operand,0,1,2,v6,1,-1,-1,-1,-1,-1,-1,1,4,4,17,-1,lo,17,19,8,366,2749,-1,-1,-1,-1,-1,-1,low_operand_for_dif_butterfly
ntt32_butterfly_operand,0,1,2,v6,3,-1,-1,-1,-1,-1,-1,1,4,4,19,-1,hi,17,19,8,366,2749,-1,-1,-1,-1,-1,-1,dif_high_output_gets_(lo-hi)_times_twiddle
ntt32_butterfly_operand,0,1,2,v6,4,-1,-1,-1,-1,-1,-1,1,4,4,20,-1,lo,20,22,0,-147,1,-1,-1,-1,-1,-1,-1,low_operand_for_dif_butterfly
ntt32_butterfly_operand,0,1,2,v6,6,-1,-1,-1,-1,-1,-1,1,4,4,22,-1,hi,20,22,0,-147,1,-1,-1,-1,-1,-1,-1,dif_high_output_gets_(lo-hi)_times_twiddle
ntt32_butterfly_operand,0,1,2,v6,5,-1,-1,-1,-1,-1,-1,1,4,4,21,-1,lo,21,23,8,366,2749,-1,-1,-1,-1,-1,-1,low_operand_for_dif_butterfly
ntt32_butterfly_operand,0,1,2,v6,7,-1,-1,-1,-1,-1,-1,1,4,4,23,-1,hi,21,23,8,366,2749,-1,-1,-1,-1,-1,-1,dif_high_output_gets_(lo-hi)_times_twiddle
ntt32_butterfly_operand,0,1,3,v7,0,-1,-1,-1,-1,-1,-1,1,4,4,24,-1,lo,24,26,0,-147,1,-1,-1,-1,-1,-1,-1,low_operand_for_dif_butterfly
ntt32_butterfly_operand,0,1,3,v7,2,-1,-1,-1,-1,-1,-1,1,4,4,26,-1,hi,24,26,0,-147,1,-1,-1,-1,-1,-1,-1,dif_high_output_gets_(lo-hi)_times_twiddle
ntt32_butterfly_operand,0,1,3,v7,1,-1,-1,-1,-1,-1,-1,1,4,4,25,-1,lo,25,27,8,366,2749,-1,-1,-1,-1,-1,-1,low_operand_for_dif_butterfly
ntt32_butterfly_operand,0,1,3,v7,3,-1,-1,-1,-1,-1,-1,1,4,4,27,-1,hi,25,27,8,366,2749,-1,-1,-1,-1,-1,-1,dif_high_output_gets_(lo-hi)_times_twiddle
ntt32_butterfly_operand,0,1,3,v7,4,-1,-1,-1,-1,-1,-1,1,4,4,28,-1,lo,28,30,0,-147,1,-1,-1,-1,-1,-1,-1,low_operand_for_dif_butterfly
ntt32_butterfly_operand,0,1,3,v7,6,-1,-1,-1,-1,-1,-1,1,4,4,30,-1,hi,28,30,0,-147,1,-1,-1,-1,-1,-1,-1,dif_high_output_gets_(lo-hi)_times_twiddle
ntt32_butterfly_operand,0,1,3,v7,5,-1,-1,-1,-1,-1,-1,1,4,4,29,-1,lo,29,31,8,366,2749,-1,-1,-1,-1,-1,-1,low_operand_for_dif_butterfly
ntt32_butterfly_operand,0,1,3,v7,7,-1,-1,-1,-1,-1,-1,1,4,4,31,-1,hi,29,31,8,366,2749,-1,-1,-1,-1,-1,-1,dif_high_output_gets_(lo-hi)_times_twiddle
ntt32_initial_natural_pack,0,1,0,v4,0,-1,-1,-1,-1,-1,0,2,0,32,0,0,state,-1,-1,0,-147,1,1,257,129,0,64,32,natural_input_for_incomplete_dif_ntt32_pre_len2_output
ntt32_initial_natural_pack,0,1,0,v4,1,-1,-1,-1,-1,-1,1,2,0,32,1,1,state,-1,-1,0,-147,1,133,5,261,33,1,65,natural_input_for_incomplete_dif_ntt32_pre_len2_output
ntt32_initial_natural_pack,0,1,0,v4,2,-1,-1,-1,-1,-1,2,2,0,32,2,2,state,-1,-1,0,-147,1,265,137,9,66,34,2,natural_input_for_incomplete_dif_ntt32_pre_len2_output
ntt32_initial_natural_pack,0,1,0,v4,3,-1,-1,-1,-1,-1,3,2,0,32,3,3,state,-1,-1,0,-147,1,13,269,141,3,67,35,natural_input_for_incomplete_dif_ntt32_pre_len2_output
ntt32_initial_natural_pack,0,1,0,v4,4,-1,-1,-1,-1,-1,4,2,0,32,4,4,state,-1,-1,0,-147,1,145,17,273,36,4,68,natural_input_for_incomplete_dif_ntt32_pre_len2_output
ntt32_initial_natural_pack,0,1,0,v4,5,-1,-1,-1,-1,-1,5,2,0,32,5,5,state,-1,-1,0,-147,1,277,149,21,69,37,5,natural_input_for_incomplete_dif_ntt32_pre_len2_output
ntt32_initial_natural_pack,0,1,0,v4,6,-1,-1,-1,-1,-1,6,2,0,32,6,6,state,-1,-1,0,-147,1,25,281,153,6,70,38,natural_input_for_incomplete_dif_ntt32_pre_len2_output
ntt32_initial_natural_pack,0,1,0,v4,7,-1,-1,-1,-1,-1,7,2,0,32,7,7,state,-1,-1,0,-147,1,157,29,285,39,7,71,natural_input_for_incomplete_dif_ntt32_pre_len2_output
ntt32_initial_natural_pack,0,1,1,v5,0,-1,-1,-1,-1,-1,8,2,0,32,8,8,state,-1,-1,0,-147,1,289,161,33,72,40,8,natural_input_for_incomplete_dif_ntt32_pre_len2_output
ntt32_initial_natural_pack,0,1,1,v5,1,-1,-1,-1,-1,-1,9,2,0,32,9,9,state,-1,-1,0,-147,1,37,293,165,9,73,41,natural_input_for_incomplete_dif_ntt32_pre_len2_output
ntt32_initial_natural_pack,0,1,1,v5,2,-1,-1,-1,-1,-1,10,2,0,32,10,10,state,-1,-1,0,-147,1,169,41,297,42,10,74,natural_input_for_incomplete_dif_ntt32_pre_len2_output
ntt32_initial_natural_pack,0,1,1,v5,3,-1,-1,-1,-1,-1,11,2,0,32,11,11,state,-1,-1,0,-147,1,301,173,45,75,43,11,natural_input_for_incomplete_dif_ntt32_pre_len2_output
ntt32_initial_natural_pack,0,1,1,v5,4,-1,-1,-1,-1,-1,12,2,0,32,12,12,state,-1,-1,0,-147,1,49,305,177,12,76,44,natural_input_for_incomplete_dif_ntt32_pre_len2_output
ntt32_initial_natural_pack,0,1,1,v5,5,-1,-1,-1,-1,-1,13,2,0,32,13,13,state,-1,-1,0,-147,1,181,53,309,45,13,77,natural_input_for_incomplete_dif_ntt32_pre_len2_output
ntt32_initial_natural_pack,0,1,1,v5,6,-1,-1,-1,-1,-1,14,2,0,32,14,14,state,-1,-1,0,-147,1,313,185,57,78,46,14,natural_input_for_incomplete_dif_ntt32_pre_len2_output
ntt32_initial_natural_pack,0,1,1,v5,7,-1,-1,-1,-1,-1,15,2,0,32,15,15,state,-1,-1,0,-147,1,61,317,189,15,79,47,natural_input_for_incomplete_dif_ntt32_pre_len2_output
ntt32_initial_natural_pack,0,1,2,v6,0,-1,-1,-1,-1,-1,16,2,0,32,16,16,state,-1,-1,0,-147,1,193,65,321,48,16,80,natural_input_for_incomplete_dif_ntt32_pre_len2_output
ntt32_initial_natural_pack,0,1,2,v6,1,-1,-1,-1,-1,-1,17,2,0,32,17,17,state,-1,-1,0,-147,1,325,197,69,81,49,17,natural_input_for_incomplete_dif_ntt32_pre_len2_output
ntt32_initial_natural_pack,0,1,2,v6,2,-1,-1,-1,-1,-1,18,2,0,32,18,18,state,-1,-1,0,-147,1,73,329,201,18,82,50,natural_input_for_incomplete_dif_ntt32_pre_len2_output
ntt32_initial_natural_pack,0,1,2,v6,3,-1,-1,-1,-1,-1,19,2,0,32,19,19,state,-1,-1,0,-147,1,205,77,333,51,19,83,natural_input_for_incomplete_dif_ntt32_pre_len2_output
ntt32_initial_natural_pack,0,1,2,v6,4,-1,-1,-1,-1,-1,20,2,0,32,20,20,state,-1,-1,0,-147,1,337,209,81,84,52,20,natural_input_for_incomplete_dif_ntt32_pre_len2_output
ntt32_initial_natural_pack,0,1,2,v6,5,-1,-1,-1,-1,-1,21,2,0,32,21,21,state,-1,-1,0,-147,1,85,341,213,21,85,53,natural_input_for_incomplete_dif_ntt32_pre_len2_output
ntt32_initial_natural_pack,0,1,2,v6,6,-1,-1,-1,-1,-1,22,2,0,32,22,22,state,-1,-1,0,-147,1,217,89,345,54,22,86,natural_input_for_incomplete_dif_ntt32_pre_len2_output
ntt32_initial_natural_pack,0,1,2,v6,7,-1,-1,-1,-1,-1,23,2,0,32,23,23,state,-1,-1,0,-147,1,349,221,93,87,55,23,natural_input_for_incomplete_dif_ntt32_pre_len2_output
ntt32_initial_natural_pack,0,1,3,v7,0,-1,-1,-1,-1,-1,24,2,0,32,24,24,state,-1,-1,0,-147,1,97,353,225,24,88,56,natural_input_for_incomplete_dif_ntt32_pre_len2_output
ntt32_initial_natural_pack,0,1,3,v7,1,-1,-1,-1,-1,-1,25,2,0,32,25,25,state,-1,-1,0,-147,1,229,101,357,57,25,89,natural_input_for_incomplete_dif_ntt32_pre_len2_output
ntt32_initial_natural_pack,0,1,3,v7,2,-1,-1,-1,-1,-1,26,2,0,32,26,26,state,-1,-1,0,-147,1,361,233,105,90,58,26,natural_input_for_incomplete_dif_ntt32_pre_len2_output
ntt32_initial_natural_pack,0,1,3,v7,3,-1,-1,-1,-1,-1,27,2,0,32,27,27,state,-1,-1,0,-147,1,109,365,237,27,91,59,natural_input_for_incomplete_dif_ntt32_pre_len2_output
ntt32_initial_natural_pack,0,1,3,v7,4,-1,-1,-1,-1,-1,28,2,0,32,28,28,state,-1,-1,0,-147,1,241,113,369,60,28,92,natural_input_for_incomplete_dif_ntt32_pre_len2_output
ntt32_initial_natural_pack,0,1,3,v7,5,-1,-1,-1,-1,-1,29,2,0,32,29,29,state,-1,-1,0,-147,1,373,245,117,93,61,29,natural_input_for_incomplete_dif_ntt32_pre_len2_output
ntt32_initial_natural_pack,0,1,3,v7,6,-1,-1,-1,-1,-1,30,2,0,32,30,30,state,-1,-1,0,-147,1,121,377,249,30,94,62,natural_input_for_incomplete_dif_ntt32_pre_len2_output
ntt32_initial_natural_pack,0,1,3,v7,7,-1,-1,-1,-1,-1,31,2,0,32,31,31,state,-1,-1,0,-147,1,253,125,381,63,31,95,natural_input_for_incomplete_dif_ntt32_pre_len2_output
ntt32_butterfly_operand,0,1,0,v4,0,-1,-1,-1,-1,-1,-1,2,1,32,0,-1,lo,0,16,0,-147,1,-1,-1,-1,-1,-1,-1,low_operand_for_dif_butterfly
ntt32_butterfly_operand,0,1,2,v6,0,-1,-1,-1,-1,-1,-1,2,1,32,16,-1,hi,0,16,0,-147,1,-1,-1,-1,-1,-1,-1,dif_high_output_gets_(lo-hi)_times_twiddle
ntt32_butterfly_operand,0,1,0,v4,1,-1,-1,-1,-1,-1,-1,2,1,32,1,-1,lo,1,17,1,484,1784,-1,-1,-1,-1,-1,-1,low_operand_for_dif_butterfly
ntt32_butterfly_operand,0,1,2,v6,1,-1,-1,-1,-1,-1,-1,2,1,32,17,-1,hi,1,17,1,484,1784,-1,-1,-1,-1,-1,-1,dif_high_output_gets_(lo-hi)_times_twiddle
ntt32_butterfly_operand,0,1,0,v4,2,-1,-1,-1,-1,-1,-1,2,1,32,2,-1,lo,2,18,2,-794,2216,-1,-1,-1,-1,-1,-1,low_operand_for_dif_butterfly
ntt32_butterfly_operand,0,1,2,v6,2,-1,-1,-1,-1,-1,-1,2,1,32,18,-1,hi,2,18,2,-794,2216,-1,-1,-1,-1,-1,-1,dif_high_output_gets_(lo-hi)_times_twiddle
ntt32_butterfly_operand,0,1,0,v4,3,-1,-1,-1,-1,-1,-1,2,1,32,3,-1,lo,3,19,3,874,1993,-1,-1,-1,-1,-1,-1,low_operand_for_dif_butterfly
ntt32_butterfly_operand,0,1,2,v6,3,-1,-1,-1,-1,-1,-1,2,1,32,19,-1,hi,3,19,3,874,1993,-1,-1,-1,-1,-1,-1,dif_high_output_gets_(lo-hi)_times_twiddle
ntt32_butterfly_operand,0,1,0,v4,4,-1,-1,-1,-1,-1,-1,2,1,32,4,-1,lo,4,20,4,109,1716,-1,-1,-1,-1,-1,-1,low_operand_for_dif_butterfly
ntt32_butterfly_operand,0,1,2,v6,4,-1,-1,-1,-1,-1,-1,2,1,32,20,-1,hi,4,20,4,109,1716,-1,-1,-1,-1,-1,-1,dif_high_output_gets_(lo-hi)_times_twiddle
ntt32_butterfly_operand,0,1,0,v4,5,-1,-1,-1,-1,-1,-1,2,1,32,5,-1,lo,5,21,5,864,1899,-1,-1,-1,-1,-1,-1,low_operand_for_dif_butterfly
ntt32_butterfly_operand,0,1,2,v6,5,-1,-1,-1,-1,-1,-1,2,1,32,21,-1,hi,5,21,5,864,1899,-1,-1,-1,-1,-1,-1,dif_high_output_gets_(lo-hi)_times_twiddle
ntt32_butterfly_operand,0,1,0,v4,6,-1,-1,-1,-1,-1,-1,2,1,32,6,-1,lo,6,22,6,-446,3413,-1,-1,-1,-1,-1,-1,low_operand_for_dif_butterfly
ntt32_butterfly_operand,0,1,2,v6,6,-1,-1,-1,-1,-1,-1,2,1,32,22,-1,hi,6,22,6,-446,3413,-1,-1,-1,-1,-1,-1,dif_high_output_gets_(lo-hi)_times_twiddle
ntt32_butterfly_operand,0,1,0,v4,7,-1,-1,-1,-1,-1,-1,2,1,32,7,-1,lo,7,23,7,-554,1015,-1,-1,-1,-1,-1,-1,low_operand_for_dif_butterfly
ntt32_butterfly_operand,0,1,2,v6,7,-1,-1,-1,-1,-1,-1,2,1,32,23,-1,hi,7,23,7,-554,1015,-1,-1,-1,-1,-1,-1,dif_high_output_gets_(lo-hi)_times_twiddle
ntt32_butterfly_operand,0,1,1,v5,0,-1,-1,-1,-1,-1,-1,2,1,32,8,-1,lo,8,24,8,366,2749,-1,-1,-1,-1,-1,-1,low_operand_for_dif_butterfly
ntt32_butterfly_operand,0,1,3,v7,0,-1,-1,-1,-1,-1,-1,2,1,32,24,-1,hi,8,24,8,366,2749,-1,-1,-1,-1,-1,-1,dif_high_output_gets_(lo-hi)_times_twiddle
ntt32_butterfly_operand,0,1,1,v5,1,-1,-1,-1,-1,-1,-1,2,1,32,9,-1,lo,9,25,9,-429,2190,-1,-1,-1,-1,-1,-1,low_operand_for_dif_butterfly
ntt32_butterfly_operand,0,1,3,v7,1,-1,-1,-1,-1,-1,-1,2,1,32,25,-1,hi,9,25,9,-429,2190,-1,-1,-1,-1,-1,-1,dif_high_output_gets_(lo-hi)_times_twiddle
ntt32_butterfly_operand,0,1,1,v5,2,-1,-1,-1,-1,-1,-1,2,1,32,10,-1,lo,10,26,10,-1339,550,-1,-1,-1,-1,-1,-1,low_operand_for_dif_butterfly
ntt32_butterfly_operand,0,1,3,v7,2,-1,-1,-1,-1,-1,-1,2,1,32,26,-1,hi,10,26,10,-1339,550,-1,-1,-1,-1,-1,-1,dif_high_output_gets_(lo-hi)_times_twiddle
ntt32_butterfly_operand,0,1,1,v5,3,-1,-1,-1,-1,-1,-1,2,1,32,11,-1,lo,11,27,11,11,2869,-1,-1,-1,-1,-1,-1,low_operand_for_dif_butterfly
ntt32_butterfly_operand,0,1,3,v7,3,-1,-1,-1,-1,-1,-1,2,1,32,27,-1,hi,11,27,11,11,2869,-1,-1,-1,-1,-1,-1,dif_high_output_gets_(lo-hi)_times_twiddle
ntt32_butterfly_operand,0,1,1,v5,4,-1,-1,-1,-1,-1,-1,2,1,32,12,-1,lo,12,28,12,-1118,1936,-1,-1,-1,-1,-1,-1,low_operand_for_dif_butterfly
ntt32_butterfly_operand,0,1,3,v7,4,-1,-1,-1,-1,-1,-1,2,1,32,28,-1,hi,12,28,12,-1118,1936,-1,-1,-1,-1,-1,-1,dif_high_output_gets_(lo-hi)_times_twiddle
ntt32_butterfly_operand,0,1,1,v5,5,-1,-1,-1,-1,-1,-1,2,1,32,13,-1,lo,13,29,13,177,281,-1,-1,-1,-1,-1,-1,low_operand_for_dif_butterfly
ntt32_butterfly_operand,0,1,3,v7,5,-1,-1,-1,-1,-1,-1,2,1,32,29,-1,hi,13,29,13,177,281,-1,-1,-1,-1,-1,-1,dif_high_output_gets_(lo-hi)_times_twiddle
ntt32_butterfly_operand,0,1,1,v5,6,-1,-1,-1,-1,-1,-1,2,1,32,14,-1,lo,14,30,14,1181,39,-1,-1,-1,-1,-1,-1,low_operand_for_dif_butterfly
ntt32_butterfly_operand,0,1,3,v7,6,-1,-1,-1,-1,-1,-1,2,1,32,30,-1,hi,14,30,14,1181,39,-1,-1,-1,-1,-1,-1,dif_high_output_gets_(lo-hi)_times_twiddle
ntt32_butterfly_operand,0,1,1,v5,7,-1,-1,-1,-1,-1,-1,2,1,32,15,-1,lo,15,31,15,1591,436,-1,-1,-1,-1,-1,-1,low_operand_for_dif_butterfly
ntt32_butterfly_operand,0,1,3,v7,7,-1,-1,-1,-1,-1,-1,2,1,32,31,-1,hi,15,31,15,1591,436,-1,-1,-1,-1,-1,-1,dif_high_output_gets_(lo-hi)_times_twiddle
ntt32_butterfly_operand,0,1,0,v4,0,-1,-1,-1,-1,-1,-1,2,2,16,0,-1,lo,0,8,0,-147,1,-1,-1,-1,-1,-1,-1,low_operand_for_dif_butterfly
ntt32_butterfly_operand,0,1,1,v5,0,-1,-1,-1,-1,-1,-1,2,2,16,8,-1,hi,0,8,0,-147,1,-1,-1,-1,-1,-1,-1,dif_high_output_gets_(lo-hi)_times_twiddle
ntt32_butterfly_operand,0,1,0,v4,1,-1,-1,-1,-1,-1,-1,2,2,16,1,-1,lo,1,9,2,-794,2216,-1,-1,-1,-1,-1,-1,low_operand_for_dif_butterfly
ntt32_butterfly_operand,0,1,1,v5,1,-1,-1,-1,-1,-1,-1,2,2,16,9,-1,hi,1,9,2,-794,2216,-1,-1,-1,-1,-1,-1,dif_high_output_gets_(lo-hi)_times_twiddle
ntt32_butterfly_operand,0,1,0,v4,2,-1,-1,-1,-1,-1,-1,2,2,16,2,-1,lo,2,10,4,109,1716,-1,-1,-1,-1,-1,-1,low_operand_for_dif_butterfly
ntt32_butterfly_operand,0,1,1,v5,2,-1,-1,-1,-1,-1,-1,2,2,16,10,-1,hi,2,10,4,109,1716,-1,-1,-1,-1,-1,-1,dif_high_output_gets_(lo-hi)_times_twiddle
ntt32_butterfly_operand,0,1,0,v4,3,-1,-1,-1,-1,-1,-1,2,2,16,3,-1,lo,3,11,6,-446,3413,-1,-1,-1,-1,-1,-1,low_operand_for_dif_butterfly
ntt32_butterfly_operand,0,1,1,v5,3,-1,-1,-1,-1,-1,-1,2,2,16,11,-1,hi,3,11,6,-446,3413,-1,-1,-1,-1,-1,-1,dif_high_output_gets_(lo-hi)_times_twiddle
ntt32_butterfly_operand,0,1,0,v4,4,-1,-1,-1,-1,-1,-1,2,2,16,4,-1,lo,4,12,8,366,2749,-1,-1,-1,-1,-1,-1,low_operand_for_dif_butterfly
ntt32_butterfly_operand,0,1,1,v5,4,-1,-1,-1,-1,-1,-1,2,2,16,12,-1,hi,4,12,8,366,2749,-1,-1,-1,-1,-1,-1,dif_high_output_gets_(lo-hi)_times_twiddle
ntt32_butterfly_operand,0,1,0,v4,5,-1,-1,-1,-1,-1,-1,2,2,16,5,-1,lo,5,13,10,-1339,550,-1,-1,-1,-1,-1,-1,low_operand_for_dif_butterfly
ntt32_butterfly_operand,0,1,1,v5,5,-1,-1,-1,-1,-1,-1,2,2,16,13,-1,hi,5,13,10,-1339,550,-1,-1,-1,-1,-1,-1,dif_high_output_gets_(lo-hi)_times_twiddle
ntt32_butterfly_operand,0,1,0,v4,6,-1,-1,-1,-1,-1,-1,2,2,16,6,-1,lo,6,14,12,-1118,1936,-1,-1,-1,-1,-1,-1,low_operand_for_dif_butterfly
ntt32_butterfly_operand,0,1,1,v5,6,-1,-1,-1,-1,-1,-1,2,2,16,14,-1,hi,6,14,12,-1118,1936,-1,-1,-1,-1,-1,-1,dif_high_output_gets_(lo-hi)_times_twiddle
ntt32_butterfly_operand,0,1,0,v4,7,-1,-1,-1,-1,-1,-1,2,2,16,7,-1,lo,7,15,14,1181,39,-1,-1,-1,-1,-1,-1,low_operand_for_dif_butterfly
ntt32_butterfly_operand,0,1,1,v5,7,-1,-1,-1,-1,-1,-1,2,2,16,15,-1,hi,7,15,14,1181,39,-1,-1,-1,-1,-1,-1,dif_high_output_gets_(lo-hi)_times_twiddle
ntt32_butterfly_operand,0,1,2,v6,0,-1,-1,-1,-1,-1,-1,2,2,16,16,-1,lo,16,24,0,-147,1,-1,-1,-1,-1,-1,-1,low_operand_for_dif_butterfly
ntt32_butterfly_operand,0,1,3,v7,0,-1,-1,-1,-1,-1,-1,2,2,16,24,-1,hi,16,24,0,-147,1,-1,-1,-1,-1,-1,-1,dif_high_output_gets_(lo-hi)_times_twiddle
ntt32_butterfly_operand,0,1,2,v6,1,-1,-1,-1,-1,-1,-1,2,2,16,17,-1,lo,17,25,2,-794,2216,-1,-1,-1,-1,-1,-1,low_operand_for_dif_butterfly
ntt32_butterfly_operand,0,1,3,v7,1,-1,-1,-1,-1,-1,-1,2,2,16,25,-1,hi,17,25,2,-794,2216,-1,-1,-1,-1,-1,-1,dif_high_output_gets_(lo-hi)_times_twiddle
ntt32_butterfly_operand,0,1,2,v6,2,-1,-1,-1,-1,-1,-1,2,2,16,18,-1,lo,18,26,4,109,1716,-1,-1,-1,-1,-1,-1,low_operand_for_dif_butterfly
ntt32_butterfly_operand,0,1,3,v7,2,-1,-1,-1,-1,-1,-1,2,2,16,26,-1,hi,18,26,4,109,1716,-1,-1,-1,-1,-1,-1,dif_high_output_gets_(lo-hi)_times_twiddle
ntt32_butterfly_operand,0,1,2,v6,3,-1,-1,-1,-1,-1,-1,2,2,16,19,-1,lo,19,27,6,-446,3413,-1,-1,-1,-1,-1,-1,low_operand_for_dif_butterfly
ntt32_butterfly_operand,0,1,3,v7,3,-1,-1,-1,-1,-1,-1,2,2,16,27,-1,hi,19,27,6,-446,3413,-1,-1,-1,-1,-1,-1,dif_high_output_gets_(lo-hi)_times_twiddle
ntt32_butterfly_operand,0,1,2,v6,4,-1,-1,-1,-1,-1,-1,2,2,16,20,-1,lo,20,28,8,366,2749,-1,-1,-1,-1,-1,-1,low_operand_for_dif_butterfly
ntt32_butterfly_operand,0,1,3,v7,4,-1,-1,-1,-1,-1,-1,2,2,16,28,-1,hi,20,28,8,366,2749,-1,-1,-1,-1,-1,-1,dif_high_output_gets_(lo-hi)_times_twiddle
ntt32_butterfly_operand,0,1,2,v6,5,-1,-1,-1,-1,-1,-1,2,2,16,21,-1,lo,21,29,10,-1339,550,-1,-1,-1,-1,-1,-1,low_operand_for_dif_butterfly
ntt32_butterfly_operand,0,1,3,v7,5,-1,-1,-1,-1,-1,-1,2,2,16,29,-1,hi,21,29,10,-1339,550,-1,-1,-1,-1,-1,-1,dif_high_output_gets_(lo-hi)_times_twiddle
ntt32_butterfly_operand,0,1,2,v6,6,-1,-1,-1,-1,-1,-1,2,2,16,22,-1,lo,22,30,12,-1118,1936,-1,-1,-1,-1,-1,-1,low_operand_for_dif_butterfly
ntt32_butterfly_operand,0,1,3,v7,6,-1,-1,-1,-1,-1,-1,2,2,16,30,-1,hi,22,30,12,-1118,1936,-1,-1,-1,-1,-1,-1,dif_high_output_gets_(lo-hi)_times_twiddle
ntt32_butterfly_operand,0,1,2,v6,7,-1,-1,-1,-1,-1,-1,2,2,16,23,-1,lo,23,31,14,1181,39,-1,-1,-1,-1,-1,-1,low_operand_for_dif_butterfly
ntt32_butterfly_operand,0,1,3,v7,7,-1,-1,-1,-1,-1,-1,2,2,16,31,-1,hi,23,31,14,1181,39,-1,-1,-1,-1,-1,-1,dif_high_output_gets_(lo-hi)_times_twiddle
ntt32_butterfly_operand,0,1,0,v4,0,-1,-1,-1,-1,-1,-1,2,3,8,0,-1,lo,0,4,0,-147,1,-1,-1,-1,-1,-1,-1,low_operand_for_dif_butterfly
ntt32_butterfly_operand,0,1,0,v4,4,-1,-1,-1,-1,-1,-1,2,3,8,4,-1,hi,0,4,0,-147,1,-1,-1,-1,-1,-1,-1,dif_high_output_gets_(lo-hi)_times_twiddle
ntt32_butterfly_operand,0,1,0,v4,1,-1,-1,-1,-1,-1,-1,2,3,8,1,-1,lo,1,5,4,109,1716,-1,-1,-1,-1,-1,-1,low_operand_for_dif_butterfly
ntt32_butterfly_operand,0,1,0,v4,5,-1,-1,-1,-1,-1,-1,2,3,8,5,-1,hi,1,5,4,109,1716,-1,-1,-1,-1,-1,-1,dif_high_output_gets_(lo-hi)_times_twiddle
ntt32_butterfly_operand,0,1,0,v4,2,-1,-1,-1,-1,-1,-1,2,3,8,2,-1,lo,2,6,8,366,2749,-1,-1,-1,-1,-1,-1,low_operand_for_dif_butterfly
ntt32_butterfly_operand,0,1,0,v4,6,-1,-1,-1,-1,-1,-1,2,3,8,6,-1,hi,2,6,8,366,2749,-1,-1,-1,-1,-1,-1,dif_high_output_gets_(lo-hi)_times_twiddle
ntt32_butterfly_operand,0,1,0,v4,3,-1,-1,-1,-1,-1,-1,2,3,8,3,-1,lo,3,7,12,-1118,1936,-1,-1,-1,-1,-1,-1,low_operand_for_dif_butterfly
ntt32_butterfly_operand,0,1,0,v4,7,-1,-1,-1,-1,-1,-1,2,3,8,7,-1,hi,3,7,12,-1118,1936,-1,-1,-1,-1,-1,-1,dif_high_output_gets_(lo-hi)_times_twiddle
ntt32_butterfly_operand,0,1,1,v5,0,-1,-1,-1,-1,-1,-1,2,3,8,8,-1,lo,8,12,0,-147,1,-1,-1,-1,-1,-1,-1,low_operand_for_dif_butterfly
ntt32_butterfly_operand,0,1,1,v5,4,-1,-1,-1,-1,-1,-1,2,3,8,12,-1,hi,8,12,0,-147,1,-1,-1,-1,-1,-1,-1,dif_high_output_gets_(lo-hi)_times_twiddle
ntt32_butterfly_operand,0,1,1,v5,1,-1,-1,-1,-1,-1,-1,2,3,8,9,-1,lo,9,13,4,109,1716,-1,-1,-1,-1,-1,-1,low_operand_for_dif_butterfly
ntt32_butterfly_operand,0,1,1,v5,5,-1,-1,-1,-1,-1,-1,2,3,8,13,-1,hi,9,13,4,109,1716,-1,-1,-1,-1,-1,-1,dif_high_output_gets_(lo-hi)_times_twiddle
ntt32_butterfly_operand,0,1,1,v5,2,-1,-1,-1,-1,-1,-1,2,3,8,10,-1,lo,10,14,8,366,2749,-1,-1,-1,-1,-1,-1,low_operand_for_dif_butterfly
ntt32_butterfly_operand,0,1,1,v5,6,-1,-1,-1,-1,-1,-1,2,3,8,14,-1,hi,10,14,8,366,2749,-1,-1,-1,-1,-1,-1,dif_high_output_gets_(lo-hi)_times_twiddle
ntt32_butterfly_operand,0,1,1,v5,3,-1,-1,-1,-1,-1,-1,2,3,8,11,-1,lo,11,15,12,-1118,1936,-1,-1,-1,-1,-1,-1,low_operand_for_dif_butterfly
ntt32_butterfly_operand,0,1,1,v5,7,-1,-1,-1,-1,-1,-1,2,3,8,15,-1,hi,11,15,12,-1118,1936,-1,-1,-1,-1,-1,-1,dif_high_output_gets_(lo-hi)_times_twiddle
ntt32_butterfly_operand,0,1,2,v6,0,-1,-1,-1,-1,-1,-1,2,3,8,16,-1,lo,16,20,0,-147,1,-1,-1,-1,-1,-1,-1,low_operand_for_dif_butterfly
ntt32_butterfly_operand,0,1,2,v6,4,-1,-1,-1,-1,-1,-1,2,3,8,20,-1,hi,16,20,0,-147,1,-1,-1,-1,-1,-1,-1,dif_high_output_gets_(lo-hi)_times_twiddle
ntt32_butterfly_operand,0,1,2,v6,1,-1,-1,-1,-1,-1,-1,2,3,8,17,-1,lo,17,21,4,109,1716,-1,-1,-1,-1,-1,-1,low_operand_for_dif_butterfly
ntt32_butterfly_operand,0,1,2,v6,5,-1,-1,-1,-1,-1,-1,2,3,8,21,-1,hi,17,21,4,109,1716,-1,-1,-1,-1,-1,-1,dif_high_output_gets_(lo-hi)_times_twiddle
ntt32_butterfly_operand,0,1,2,v6,2,-1,-1,-1,-1,-1,-1,2,3,8,18,-1,lo,18,22,8,366,2749,-1,-1,-1,-1,-1,-1,low_operand_for_dif_butterfly
ntt32_butterfly_operand,0,1,2,v6,6,-1,-1,-1,-1,-1,-1,2,3,8,22,-1,hi,18,22,8,366,2749,-1,-1,-1,-1,-1,-1,dif_high_output_gets_(lo-hi)_times_twiddle
ntt32_butterfly_operand,0,1,2,v6,3,-1,-1,-1,-1,-1,-1,2,3,8,19,-1,lo,19,23,12,-1118,1936,-1,-1,-1,-1,-1,-1,low_operand_for_dif_butterfly
ntt32_butterfly_operand,0,1,2,v6,7,-1,-1,-1,-1,-1,-1,2,3,8,23,-1,hi,19,23,12,-1118,1936,-1,-1,-1,-1,-1,-1,dif_high_output_gets_(lo-hi)_times_twiddle
ntt32_butterfly_operand,0,1,3,v7,0,-1,-1,-1,-1,-1,-1,2,3,8,24,-1,lo,24,28,0,-147,1,-1,-1,-1,-1,-1,-1,low_operand_for_dif_butterfly
ntt32_butterfly_operand,0,1,3,v7,4,-1,-1,-1,-1,-1,-1,2,3,8,28,-1,hi,24,28,0,-147,1,-1,-1,-1,-1,-1,-1,dif_high_output_gets_(lo-hi)_times_twiddle
ntt32_butterfly_operand,0,1,3,v7,1,-1,-1,-1,-1,-1,-1,2,3,8,25,-1,lo,25,29,4,109,1716,-1,-1,-1,-1,-1,-1,low_operand_for_dif_butterfly
ntt32_butterfly_operand,0,1,3,v7,5,-1,-1,-1,-1,-1,-1,2,3,8,29,-1,hi,25,29,4,109,1716,-1,-1,-1,-1,-1,-1,dif_high_output_gets_(lo-hi)_times_twiddle
ntt32_butterfly_operand,0,1,3,v7,2,-1,-1,-1,-1,-1,-1,2,3,8,26,-1,lo,26,30,8,366,2749,-1,-1,-1,-1,-1,-1,low_operand_for_dif_butterfly
ntt32_butterfly_operand,0,1,3,v7,6,-1,-1,-1,-1,-1,-1,2,3,8,30,-1,hi,26,30,8,366,2749,-1,-1,-1,-1,-1,-1,dif_high_output_gets_(lo-hi)_times_twiddle
ntt32_butterfly_operand,0,1,3,v7,3,-1,-1,-1,-1,-1,-1,2,3,8,27,-1,lo,27,31,12,-1118,1936,-1,-1,-1,-1,-1,-1,low_operand_for_dif_butterfly
ntt32_butterfly_operand,0,1,3,v7,7,-1,-1,-1,-1,-1,-1,2,3,8,31,-1,hi,27,31,12,-1118,1936,-1,-1,-1,-1,-1,-1,dif_high_output_gets_(lo-hi)_times_twiddle
ntt32_butterfly_operand,0,1,0,v4,0,-1,-1,-1,-1,-1,-1,2,4,4,0,-1,lo,0,2,0,-147,1,-1,-1,-1,-1,-1,-1,low_operand_for_dif_butterfly
ntt32_butterfly_operand,0,1,0,v4,2,-1,-1,-1,-1,-1,-1,2,4,4,2,-1,hi,0,2,0,-147,1,-1,-1,-1,-1,-1,-1,dif_high_output_gets_(lo-hi)_times_twiddle
ntt32_butterfly_operand,0,1,0,v4,1,-1,-1,-1,-1,-1,-1,2,4,4,1,-1,lo,1,3,8,366,2749,-1,-1,-1,-1,-1,-1,low_operand_for_dif_butterfly
ntt32_butterfly_operand,0,1,0,v4,3,-1,-1,-1,-1,-1,-1,2,4,4,3,-1,hi,1,3,8,366,2749,-1,-1,-1,-1,-1,-1,dif_high_output_gets_(lo-hi)_times_twiddle
ntt32_butterfly_operand,0,1,0,v4,4,-1,-1,-1,-1,-1,-1,2,4,4,4,-1,lo,4,6,0,-147,1,-1,-1,-1,-1,-1,-1,low_operand_for_dif_butterfly
ntt32_butterfly_operand,0,1,0,v4,6,-1,-1,-1,-1,-1,-1,2,4,4,6,-1,hi,4,6,0,-147,1,-1,-1,-1,-1,-1,-1,dif_high_output_gets_(lo-hi)_times_twiddle
ntt32_butterfly_operand,0,1,0,v4,5,-1,-1,-1,-1,-1,-1,2,4,4,5,-1,lo,5,7,8,366,2749,-1,-1,-1,-1,-1,-1,low_operand_for_dif_butterfly
ntt32_butterfly_operand,0,1,0,v4,7,-1,-1,-1,-1,-1,-1,2,4,4,7,-1,hi,5,7,8,366,2749,-1,-1,-1,-1,-1,-1,dif_high_output_gets_(lo-hi)_times_twiddle
ntt32_butterfly_operand,0,1,1,v5,0,-1,-1,-1,-1,-1,-1,2,4,4,8,-1,lo,8,10,0,-147,1,-1,-1,-1,-1,-1,-1,low_operand_for_dif_butterfly
ntt32_butterfly_operand,0,1,1,v5,2,-1,-1,-1,-1,-1,-1,2,4,4,10,-1,hi,8,10,0,-147,1,-1,-1,-1,-1,-1,-1,dif_high_output_gets_(lo-hi)_times_twiddle
ntt32_butterfly_operand,0,1,1,v5,1,-1,-1,-1,-1,-1,-1,2,4,4,9,-1,lo,9,11,8,366,2749,-1,-1,-1,-1,-1,-1,low_operand_for_dif_butterfly
ntt32_butterfly_operand,0,1,1,v5,3,-1,-1,-1,-1,-1,-1,2,4,4,11,-1,hi,9,11,8,366,2749,-1,-1,-1,-1,-1,-1,dif_high_output_gets_(lo-hi)_times_twiddle
ntt32_butterfly_operand,0,1,1,v5,4,-1,-1,-1,-1,-1,-1,2,4,4,12,-1,lo,12,14,0,-147,1,-1,-1,-1,-1,-1,-1,low_operand_for_dif_butterfly
ntt32_butterfly_operand,0,1,1,v5,6,-1,-1,-1,-1,-1,-1,2,4,4,14,-1,hi,12,14,0,-147,1,-1,-1,-1,-1,-1,-1,dif_high_output_gets_(lo-hi)_times_twiddle
ntt32_butterfly_operand,0,1,1,v5,5,-1,-1,-1,-1,-1,-1,2,4,4,13,-1,lo,13,15,8,366,2749,-1,-1,-1,-1,-1,-1,low_operand_for_dif_butterfly
ntt32_butterfly_operand,0,1,1,v5,7,-1,-1,-1,-1,-1,-1,2,4,4,15,-1,hi,13,15,8,366,2749,-1,-1,-1,-1,-1,-1,dif_high_output_gets_(lo-hi)_times_twiddle
ntt32_butterfly_operand,0,1,2,v6,0,-1,-1,-1,-1,-1,-1,2,4,4,16,-1,lo,16,18,0,-147,1,-1,-1,-1,-1,-1,-1,low_operand_for_dif_butterfly
ntt32_butterfly_operand,0,1,2,v6,2,-1,-1,-1,-1,-1,-1,2,4,4,18,-1,hi,16,18,0,-147,1,-1,-1,-1,-1,-1,-1,dif_high_output_gets_(lo-hi)_times_twiddle
ntt32_butterfly_operand,0,1,2,v6,1,-1,-1,-1,-1,-1,-1,2,4,4,17,-1,lo,17,19,8,366,2749,-1,-1,-1,-1,-1,-1,low_operand_for_dif_butterfly
ntt32_butterfly_operand,0,1,2,v6,3,-1,-1,-1,-1,-1,-1,2,4,4,19,-1,hi,17,19,8,366,2749,-1,-1,-1,-1,-1,-1,dif_high_output_gets_(lo-hi)_times_twiddle
ntt32_butterfly_operand,0,1,2,v6,4,-1,-1,-1,-1,-1,-1,2,4,4,20,-1,lo,20,22,0,-147,1,-1,-1,-1,-1,-1,-1,low_operand_for_dif_butterfly
ntt32_butterfly_operand,0,1,2,v6,6,-1,-1,-1,-1,-1,-1,2,4,4,22,-1,hi,20,22,0,-147,1,-1,-1,-1,-1,-1,-1,dif_high_output_gets_(lo-hi)_times_twiddle
ntt32_butterfly_operand,0,1,2,v6,5,-1,-1,-1,-1,-1,-1,2,4,4,21,-1,lo,21,23,8,366,2749,-1,-1,-1,-1,-1,-1,low_operand_for_dif_butterfly
ntt32_butterfly_operand,0,1,2,v6,7,-1,-1,-1,-1,-1,-1,2,4,4,23,-1,hi,21,23,8,366,2749,-1,-1,-1,-1,-1,-1,dif_high_output_gets_(lo-hi)_times_twiddle
ntt32_butterfly_operand,0,1,3,v7,0,-1,-1,-1,-1,-1,-1,2,4,4,24,-1,lo,24,26,0,-147,1,-1,-1,-1,-1,-1,-1,low_operand_for_dif_butterfly
ntt32_butterfly_operand,0,1,3,v7,2,-1,-1,-1,-1,-1,-1,2,4,4,26,-1,hi,24,26,0,-147,1,-1,-1,-1,-1,-1,-1,dif_high_output_gets_(lo-hi)_times_twiddle
ntt32_butterfly_operand,0,1,3,v7,1,-1,-1,-1,-1,-1,-1,2,4,4,25,-1,lo,25,27,8,366,2749,-1,-1,-1,-1,-1,-1,low_operand_for_dif_butterfly
ntt32_butterfly_operand,0,1,3,v7,3,-1,-1,-1,-1,-1,-1,2,4,4,27,-1,hi,25,27,8,366,2749,-1,-1,-1,-1,-1,-1,dif_high_output_gets_(lo-hi)_times_twiddle
ntt32_butterfly_operand,0,1,3,v7,4,-1,-1,-1,-1,-1,-1,2,4,4,28,-1,lo,28,30,0,-147,1,-1,-1,-1,-1,-1,-1,low_operand_for_dif_butterfly
ntt32_butterfly_operand,0,1,3,v7,6,-1,-1,-1,-1,-1,-1,2,4,4,30,-1,hi,28,30,0,-147,1,-1,-1,-1,-1,-1,-1,dif_high_output_gets_(lo-hi)_times_twiddle
ntt32_butterfly_operand,0,1,3,v7,5,-1,-1,-1,-1,-1,-1,2,4,4,29,-1,lo,29,31,8,366,2749,-1,-1,-1,-1,-1,-1,low_operand_for_dif_butterfly
ntt32_butterfly_operand,0,1,3,v7,7,-1,-1,-1,-1,-1,-1,2,4,4,31,-1,hi,29,31,8,366,2749,-1,-1,-1,-1,-1,-1,dif_high_output_gets_(lo-hi)_times_twiddle
input_crt_pack,0,2,0,v4,0,2,2,0,0,0,0,-1,-1,-1,-1,-1,source,-1,-1,0,-147,1,-1,-1,-1,-1,-1,-1,physical_source_then_twist_by_twist_index
input_crt_pack,0,2,0,v4,1,134,134,33,33,0,1,-1,-1,-1,-1,-1,source,-1,-1,0,-147,1,-1,-1,-1,-1,-1,-1,physical_source_then_twist_by_twist_index
input_crt_pack,0,2,0,v4,2,266,266,66,66,0,2,-1,-1,-1,-1,-1,source,-1,-1,0,-147,1,-1,-1,-1,-1,-1,-1,physical_source_then_twist_by_twist_index
input_crt_pack,0,2,0,v4,3,14,14,3,3,0,3,-1,-1,-1,-1,-1,source,-1,-1,0,-147,1,-1,-1,-1,-1,-1,-1,physical_source_then_twist_by_twist_index
input_crt_pack,0,2,0,v4,4,146,146,36,36,0,4,-1,-1,-1,-1,-1,source,-1,-1,0,-147,1,-1,-1,-1,-1,-1,-1,physical_source_then_twist_by_twist_index
input_crt_pack,0,2,0,v4,5,278,278,69,69,0,5,-1,-1,-1,-1,-1,source,-1,-1,0,-147,1,-1,-1,-1,-1,-1,-1,physical_source_then_twist_by_twist_index
input_crt_pack,0,2,0,v4,6,26,26,6,6,0,6,-1,-1,-1,-1,-1,source,-1,-1,0,-147,1,-1,-1,-1,-1,-1,-1,physical_source_then_twist_by_twist_index
input_crt_pack,0,2,0,v4,7,158,158,39,39,0,7,-1,-1,-1,-1,-1,source,-1,-1,0,-147,1,-1,-1,-1,-1,-1,-1,physical_source_then_twist_by_twist_index
input_crt_pack,0,2,0,v5,0,258,258,64,64,1,0,-1,-1,-1,-1,-1,source,-1,-1,0,-147,1,-1,-1,-1,-1,-1,-1,physical_source_then_twist_by_twist_index
input_crt_pack,0,2,0,v5,1,6,6,1,1,1,1,-1,-1,-1,-1,-1,source,-1,-1,0,-147,1,-1,-1,-1,-1,-1,-1,physical_source_then_twist_by_twist_index
input_crt_pack,0,2,0,v5,2,138,138,34,34,1,2,-1,-1,-1,-1,-1,source,-1,-1,0,-147,1,-1,-1,-1,-1,-1,-1,physical_source_then_twist_by_twist_index
input_crt_pack,0,2,0,v5,3,270,270,67,67,1,3,-1,-1,-1,-1,-1,source,-1,-1,0,-147,1,-1,-1,-1,-1,-1,-1,physical_source_then_twist_by_twist_index
input_crt_pack,0,2,0,v5,4,18,18,4,4,1,4,-1,-1,-1,-1,-1,source,-1,-1,0,-147,1,-1,-1,-1,-1,-1,-1,physical_source_then_twist_by_twist_index
input_crt_pack,0,2,0,v5,5,150,150,37,37,1,5,-1,-1,-1,-1,-1,source,-1,-1,0,-147,1,-1,-1,-1,-1,-1,-1,physical_source_then_twist_by_twist_index
input_crt_pack,0,2,0,v5,6,282,282,70,70,1,6,-1,-1,-1,-1,-1,source,-1,-1,0,-147,1,-1,-1,-1,-1,-1,-1,physical_source_then_twist_by_twist_index
input_crt_pack,0,2,0,v5,7,30,30,7,7,1,7,-1,-1,-1,-1,-1,source,-1,-1,0,-147,1,-1,-1,-1,-1,-1,-1,physical_source_then_twist_by_twist_index
input_crt_pack,0,2,0,v6,0,130,130,32,32,2,0,-1,-1,-1,-1,-1,source,-1,-1,0,-147,1,-1,-1,-1,-1,-1,-1,physical_source_then_twist_by_twist_index
input_crt_pack,0,2,0,v6,1,262,262,65,65,2,1,-1,-1,-1,-1,-1,source,-1,-1,0,-147,1,-1,-1,-1,-1,-1,-1,physical_source_then_twist_by_twist_index
input_crt_pack,0,2,0,v6,2,10,10,2,2,2,2,-1,-1,-1,-1,-1,source,-1,-1,0,-147,1,-1,-1,-1,-1,-1,-1,physical_source_then_twist_by_twist_index
input_crt_pack,0,2,0,v6,3,142,142,35,35,2,3,-1,-1,-1,-1,-1,source,-1,-1,0,-147,1,-1,-1,-1,-1,-1,-1,physical_source_then_twist_by_twist_index
input_crt_pack,0,2,0,v6,4,274,274,68,68,2,4,-1,-1,-1,-1,-1,source,-1,-1,0,-147,1,-1,-1,-1,-1,-1,-1,physical_source_then_twist_by_twist_index
input_crt_pack,0,2,0,v6,5,22,22,5,5,2,5,-1,-1,-1,-1,-1,source,-1,-1,0,-147,1,-1,-1,-1,-1,-1,-1,physical_source_then_twist_by_twist_index
input_crt_pack,0,2,0,v6,6,154,154,38,38,2,6,-1,-1,-1,-1,-1,source,-1,-1,0,-147,1,-1,-1,-1,-1,-1,-1,physical_source_then_twist_by_twist_index
input_crt_pack,0,2,0,v6,7,286,286,71,71,2,7,-1,-1,-1,-1,-1,source,-1,-1,0,-147,1,-1,-1,-1,-1,-1,-1,physical_source_then_twist_by_twist_index
dft3_output_pack,0,2,0,v4,0,-1,-1,-1,-1,-1,0,0,-1,-1,-1,-1,dft_output,-1,-1,0,-147,1,2,258,130,0,64,32,linear_combination_of_three_input_crt_sources
dft3_output_pack,0,2,0,v4,1,-1,-1,-1,-1,-1,1,0,-1,-1,-1,-1,dft_output,-1,-1,0,-147,1,134,6,262,33,1,65,linear_combination_of_three_input_crt_sources
dft3_output_pack,0,2,0,v4,2,-1,-1,-1,-1,-1,2,0,-1,-1,-1,-1,dft_output,-1,-1,0,-147,1,266,138,10,66,34,2,linear_combination_of_three_input_crt_sources
dft3_output_pack,0,2,0,v4,3,-1,-1,-1,-1,-1,3,0,-1,-1,-1,-1,dft_output,-1,-1,0,-147,1,14,270,142,3,67,35,linear_combination_of_three_input_crt_sources
dft3_output_pack,0,2,0,v4,4,-1,-1,-1,-1,-1,4,0,-1,-1,-1,-1,dft_output,-1,-1,0,-147,1,146,18,274,36,4,68,linear_combination_of_three_input_crt_sources
dft3_output_pack,0,2,0,v4,5,-1,-1,-1,-1,-1,5,0,-1,-1,-1,-1,dft_output,-1,-1,0,-147,1,278,150,22,69,37,5,linear_combination_of_three_input_crt_sources
dft3_output_pack,0,2,0,v4,6,-1,-1,-1,-1,-1,6,0,-1,-1,-1,-1,dft_output,-1,-1,0,-147,1,26,282,154,6,70,38,linear_combination_of_three_input_crt_sources
dft3_output_pack,0,2,0,v4,7,-1,-1,-1,-1,-1,7,0,-1,-1,-1,-1,dft_output,-1,-1,0,-147,1,158,30,286,39,7,71,linear_combination_of_three_input_crt_sources
dft3_output_pack,0,2,0,v5,0,-1,-1,-1,-1,-1,0,1,-1,-1,-1,-1,dft_output,-1,-1,0,-147,1,2,258,130,0,64,32,linear_combination_of_three_input_crt_sources
dft3_output_pack,0,2,0,v5,1,-1,-1,-1,-1,-1,1,1,-1,-1,-1,-1,dft_output,-1,-1,0,-147,1,134,6,262,33,1,65,linear_combination_of_three_input_crt_sources
dft3_output_pack,0,2,0,v5,2,-1,-1,-1,-1,-1,2,1,-1,-1,-1,-1,dft_output,-1,-1,0,-147,1,266,138,10,66,34,2,linear_combination_of_three_input_crt_sources
dft3_output_pack,0,2,0,v5,3,-1,-1,-1,-1,-1,3,1,-1,-1,-1,-1,dft_output,-1,-1,0,-147,1,14,270,142,3,67,35,linear_combination_of_three_input_crt_sources
dft3_output_pack,0,2,0,v5,4,-1,-1,-1,-1,-1,4,1,-1,-1,-1,-1,dft_output,-1,-1,0,-147,1,146,18,274,36,4,68,linear_combination_of_three_input_crt_sources
dft3_output_pack,0,2,0,v5,5,-1,-1,-1,-1,-1,5,1,-1,-1,-1,-1,dft_output,-1,-1,0,-147,1,278,150,22,69,37,5,linear_combination_of_three_input_crt_sources
dft3_output_pack,0,2,0,v5,6,-1,-1,-1,-1,-1,6,1,-1,-1,-1,-1,dft_output,-1,-1,0,-147,1,26,282,154,6,70,38,linear_combination_of_three_input_crt_sources
dft3_output_pack,0,2,0,v5,7,-1,-1,-1,-1,-1,7,1,-1,-1,-1,-1,dft_output,-1,-1,0,-147,1,158,30,286,39,7,71,linear_combination_of_three_input_crt_sources
dft3_output_pack,0,2,0,v6,0,-1,-1,-1,-1,-1,0,2,-1,-1,-1,-1,dft_output,-1,-1,0,-147,1,2,258,130,0,64,32,linear_combination_of_three_input_crt_sources
dft3_output_pack,0,2,0,v6,1,-1,-1,-1,-1,-1,1,2,-1,-1,-1,-1,dft_output,-1,-1,0,-147,1,134,6,262,33,1,65,linear_combination_of_three_input_crt_sources
dft3_output_pack,0,2,0,v6,2,-1,-1,-1,-1,-1,2,2,-1,-1,-1,-1,dft_output,-1,-1,0,-147,1,266,138,10,66,34,2,linear_combination_of_three_input_crt_sources
dft3_output_pack,0,2,0,v6,3,-1,-1,-1,-1,-1,3,2,-1,-1,-1,-1,dft_output,-1,-1,0,-147,1,14,270,142,3,67,35,linear_combination_of_three_input_crt_sources
dft3_output_pack,0,2,0,v6,4,-1,-1,-1,-1,-1,4,2,-1,-1,-1,-1,dft_output,-1,-1,0,-147,1,146,18,274,36,4,68,linear_combination_of_three_input_crt_sources
dft3_output_pack,0,2,0,v6,5,-1,-1,-1,-1,-1,5,2,-1,-1,-1,-1,dft_output,-1,-1,0,-147,1,278,150,22,69,37,5,linear_combination_of_three_input_crt_sources
dft3_output_pack,0,2,0,v6,6,-1,-1,-1,-1,-1,6,2,-1,-1,-1,-1,dft_output,-1,-1,0,-147,1,26,282,154,6,70,38,linear_combination_of_three_input_crt_sources
dft3_output_pack,0,2,0,v6,7,-1,-1,-1,-1,-1,7,2,-1,-1,-1,-1,dft_output,-1,-1,0,-147,1,158,30,286,39,7,71,linear_combination_of_three_input_crt_sources
input_crt_pack,0,2,1,v4,0,290,290,72,72,0,8,-1,-1,-1,-1,-1,source,-1,-1,0,-147,1,-1,-1,-1,-1,-1,-1,physical_source_then_twist_by_twist_index
input_crt_pack,0,2,1,v4,1,38,38,9,9,0,9,-1,-1,-1,-1,-1,source,-1,-1,0,-147,1,-1,-1,-1,-1,-1,-1,physical_source_then_twist_by_twist_index
input_crt_pack,0,2,1,v4,2,170,170,42,42,0,10,-1,-1,-1,-1,-1,source,-1,-1,0,-147,1,-1,-1,-1,-1,-1,-1,physical_source_then_twist_by_twist_index
input_crt_pack,0,2,1,v4,3,302,302,75,75,0,11,-1,-1,-1,-1,-1,source,-1,-1,0,-147,1,-1,-1,-1,-1,-1,-1,physical_source_then_twist_by_twist_index
input_crt_pack,0,2,1,v4,4,50,50,12,12,0,12,-1,-1,-1,-1,-1,source,-1,-1,0,-147,1,-1,-1,-1,-1,-1,-1,physical_source_then_twist_by_twist_index
input_crt_pack,0,2,1,v4,5,182,182,45,45,0,13,-1,-1,-1,-1,-1,source,-1,-1,0,-147,1,-1,-1,-1,-1,-1,-1,physical_source_then_twist_by_twist_index
input_crt_pack,0,2,1,v4,6,314,314,78,78,0,14,-1,-1,-1,-1,-1,source,-1,-1,0,-147,1,-1,-1,-1,-1,-1,-1,physical_source_then_twist_by_twist_index
input_crt_pack,0,2,1,v4,7,62,62,15,15,0,15,-1,-1,-1,-1,-1,source,-1,-1,0,-147,1,-1,-1,-1,-1,-1,-1,physical_source_then_twist_by_twist_index
input_crt_pack,0,2,1,v5,0,162,162,40,40,1,8,-1,-1,-1,-1,-1,source,-1,-1,0,-147,1,-1,-1,-1,-1,-1,-1,physical_source_then_twist_by_twist_index
input_crt_pack,0,2,1,v5,1,294,294,73,73,1,9,-1,-1,-1,-1,-1,source,-1,-1,0,-147,1,-1,-1,-1,-1,-1,-1,physical_source_then_twist_by_twist_index
input_crt_pack,0,2,1,v5,2,42,42,10,10,1,10,-1,-1,-1,-1,-1,source,-1,-1,0,-147,1,-1,-1,-1,-1,-1,-1,physical_source_then_twist_by_twist_index
input_crt_pack,0,2,1,v5,3,174,174,43,43,1,11,-1,-1,-1,-1,-1,source,-1,-1,0,-147,1,-1,-1,-1,-1,-1,-1,physical_source_then_twist_by_twist_index
input_crt_pack,0,2,1,v5,4,306,306,76,76,1,12,-1,-1,-1,-1,-1,source,-1,-1,0,-147,1,-1,-1,-1,-1,-1,-1,physical_source_then_twist_by_twist_index
input_crt_pack,0,2,1,v5,5,54,54,13,13,1,13,-1,-1,-1,-1,-1,source,-1,-1,0,-147,1,-1,-1,-1,-1,-1,-1,physical_source_then_twist_by_twist_index
input_crt_pack,0,2,1,v5,6,186,186,46,46,1,14,-1,-1,-1,-1,-1,source,-1,-1,0,-147,1,-1,-1,-1,-1,-1,-1,physical_source_then_twist_by_twist_index
input_crt_pack,0,2,1,v5,7,318,318,79,79,1,15,-1,-1,-1,-1,-1,source,-1,-1,0,-147,1,-1,-1,-1,-1,-1,-1,physical_source_then_twist_by_twist_index
input_crt_pack,0,2,1,v6,0,34,34,8,8,2,8,-1,-1,-1,-1,-1,source,-1,-1,0,-147,1,-1,-1,-1,-1,-1,-1,physical_source_then_twist_by_twist_index
input_crt_pack,0,2,1,v6,1,166,166,41,41,2,9,-1,-1,-1,-1,-1,source,-1,-1,0,-147,1,-1,-1,-1,-1,-1,-1,physical_source_then_twist_by_twist_index
input_crt_pack,0,2,1,v6,2,298,298,74,74,2,10,-1,-1,-1,-1,-1,source,-1,-1,0,-147,1,-1,-1,-1,-1,-1,-1,physical_source_then_twist_by_twist_index
input_crt_pack,0,2,1,v6,3,46,46,11,11,2,11,-1,-1,-1,-1,-1,source,-1,-1,0,-147,1,-1,-1,-1,-1,-1,-1,physical_source_then_twist_by_twist_index
input_crt_pack,0,2,1,v6,4,178,178,44,44,2,12,-1,-1,-1,-1,-1,source,-1,-1,0,-147,1,-1,-1,-1,-1,-1,-1,physical_source_then_twist_by_twist_index
input_crt_pack,0,2,1,v6,5,310,310,77,77,2,13,-1,-1,-1,-1,-1,source,-1,-1,0,-147,1,-1,-1,-1,-1,-1,-1,physical_source_then_twist_by_twist_index
input_crt_pack,0,2,1,v6,6,58,58,14,14,2,14,-1,-1,-1,-1,-1,source,-1,-1,0,-147,1,-1,-1,-1,-1,-1,-1,physical_source_then_twist_by_twist_index
input_crt_pack,0,2,1,v6,7,190,190,47,47,2,15,-1,-1,-1,-1,-1,source,-1,-1,0,-147,1,-1,-1,-1,-1,-1,-1,physical_source_then_twist_by_twist_index
dft3_output_pack,0,2,1,v4,0,-1,-1,-1,-1,-1,8,0,-1,-1,-1,-1,dft_output,-1,-1,0,-147,1,290,162,34,72,40,8,linear_combination_of_three_input_crt_sources
dft3_output_pack,0,2,1,v4,1,-1,-1,-1,-1,-1,9,0,-1,-1,-1,-1,dft_output,-1,-1,0,-147,1,38,294,166,9,73,41,linear_combination_of_three_input_crt_sources
dft3_output_pack,0,2,1,v4,2,-1,-1,-1,-1,-1,10,0,-1,-1,-1,-1,dft_output,-1,-1,0,-147,1,170,42,298,42,10,74,linear_combination_of_three_input_crt_sources
dft3_output_pack,0,2,1,v4,3,-1,-1,-1,-1,-1,11,0,-1,-1,-1,-1,dft_output,-1,-1,0,-147,1,302,174,46,75,43,11,linear_combination_of_three_input_crt_sources
dft3_output_pack,0,2,1,v4,4,-1,-1,-1,-1,-1,12,0,-1,-1,-1,-1,dft_output,-1,-1,0,-147,1,50,306,178,12,76,44,linear_combination_of_three_input_crt_sources
dft3_output_pack,0,2,1,v4,5,-1,-1,-1,-1,-1,13,0,-1,-1,-1,-1,dft_output,-1,-1,0,-147,1,182,54,310,45,13,77,linear_combination_of_three_input_crt_sources
dft3_output_pack,0,2,1,v4,6,-1,-1,-1,-1,-1,14,0,-1,-1,-1,-1,dft_output,-1,-1,0,-147,1,314,186,58,78,46,14,linear_combination_of_three_input_crt_sources
dft3_output_pack,0,2,1,v4,7,-1,-1,-1,-1,-1,15,0,-1,-1,-1,-1,dft_output,-1,-1,0,-147,1,62,318,190,15,79,47,linear_combination_of_three_input_crt_sources
dft3_output_pack,0,2,1,v5,0,-1,-1,-1,-1,-1,8,1,-1,-1,-1,-1,dft_output,-1,-1,0,-147,1,290,162,34,72,40,8,linear_combination_of_three_input_crt_sources
dft3_output_pack,0,2,1,v5,1,-1,-1,-1,-1,-1,9,1,-1,-1,-1,-1,dft_output,-1,-1,0,-147,1,38,294,166,9,73,41,linear_combination_of_three_input_crt_sources
dft3_output_pack,0,2,1,v5,2,-1,-1,-1,-1,-1,10,1,-1,-1,-1,-1,dft_output,-1,-1,0,-147,1,170,42,298,42,10,74,linear_combination_of_three_input_crt_sources
dft3_output_pack,0,2,1,v5,3,-1,-1,-1,-1,-1,11,1,-1,-1,-1,-1,dft_output,-1,-1,0,-147,1,302,174,46,75,43,11,linear_combination_of_three_input_crt_sources
dft3_output_pack,0,2,1,v5,4,-1,-1,-1,-1,-1,12,1,-1,-1,-1,-1,dft_output,-1,-1,0,-147,1,50,306,178,12,76,44,linear_combination_of_three_input_crt_sources
dft3_output_pack,0,2,1,v5,5,-1,-1,-1,-1,-1,13,1,-1,-1,-1,-1,dft_output,-1,-1,0,-147,1,182,54,310,45,13,77,linear_combination_of_three_input_crt_sources
dft3_output_pack,0,2,1,v5,6,-1,-1,-1,-1,-1,14,1,-1,-1,-1,-1,dft_output,-1,-1,0,-147,1,314,186,58,78,46,14,linear_combination_of_three_input_crt_sources
dft3_output_pack,0,2,1,v5,7,-1,-1,-1,-1,-1,15,1,-1,-1,-1,-1,dft_output,-1,-1,0,-147,1,62,318,190,15,79,47,linear_combination_of_three_input_crt_sources
dft3_output_pack,0,2,1,v6,0,-1,-1,-1,-1,-1,8,2,-1,-1,-1,-1,dft_output,-1,-1,0,-147,1,290,162,34,72,40,8,linear_combination_of_three_input_crt_sources
dft3_output_pack,0,2,1,v6,1,-1,-1,-1,-1,-1,9,2,-1,-1,-1,-1,dft_output,-1,-1,0,-147,1,38,294,166,9,73,41,linear_combination_of_three_input_crt_sources
dft3_output_pack,0,2,1,v6,2,-1,-1,-1,-1,-1,10,2,-1,-1,-1,-1,dft_output,-1,-1,0,-147,1,170,42,298,42,10,74,linear_combination_of_three_input_crt_sources
dft3_output_pack,0,2,1,v6,3,-1,-1,-1,-1,-1,11,2,-1,-1,-1,-1,dft_output,-1,-1,0,-147,1,302,174,46,75,43,11,linear_combination_of_three_input_crt_sources
dft3_output_pack,0,2,1,v6,4,-1,-1,-1,-1,-1,12,2,-1,-1,-1,-1,dft_output,-1,-1,0,-147,1,50,306,178,12,76,44,linear_combination_of_three_input_crt_sources
dft3_output_pack,0,2,1,v6,5,-1,-1,-1,-1,-1,13,2,-1,-1,-1,-1,dft_output,-1,-1,0,-147,1,182,54,310,45,13,77,linear_combination_of_three_input_crt_sources
dft3_output_pack,0,2,1,v6,6,-1,-1,-1,-1,-1,14,2,-1,-1,-1,-1,dft_output,-1,-1,0,-147,1,314,186,58,78,46,14,linear_combination_of_three_input_crt_sources
dft3_output_pack,0,2,1,v6,7,-1,-1,-1,-1,-1,15,2,-1,-1,-1,-1,dft_output,-1,-1,0,-147,1,62,318,190,15,79,47,linear_combination_of_three_input_crt_sources
input_crt_pack,0,2,2,v4,0,194,194,48,48,0,16,-1,-1,-1,-1,-1,source,-1,-1,0,-147,1,-1,-1,-1,-1,-1,-1,physical_source_then_twist_by_twist_index
input_crt_pack,0,2,2,v4,1,326,326,81,81,0,17,-1,-1,-1,-1,-1,source,-1,-1,0,-147,1,-1,-1,-1,-1,-1,-1,physical_source_then_twist_by_twist_index
input_crt_pack,0,2,2,v4,2,74,74,18,18,0,18,-1,-1,-1,-1,-1,source,-1,-1,0,-147,1,-1,-1,-1,-1,-1,-1,physical_source_then_twist_by_twist_index
input_crt_pack,0,2,2,v4,3,206,206,51,51,0,19,-1,-1,-1,-1,-1,source,-1,-1,0,-147,1,-1,-1,-1,-1,-1,-1,physical_source_then_twist_by_twist_index
input_crt_pack,0,2,2,v4,4,338,338,84,84,0,20,-1,-1,-1,-1,-1,source,-1,-1,0,-147,1,-1,-1,-1,-1,-1,-1,physical_source_then_twist_by_twist_index
input_crt_pack,0,2,2,v4,5,86,86,21,21,0,21,-1,-1,-1,-1,-1,source,-1,-1,0,-147,1,-1,-1,-1,-1,-1,-1,physical_source_then_twist_by_twist_index
input_crt_pack,0,2,2,v4,6,218,218,54,54,0,22,-1,-1,-1,-1,-1,source,-1,-1,0,-147,1,-1,-1,-1,-1,-1,-1,physical_source_then_twist_by_twist_index
input_crt_pack,0,2,2,v4,7,350,350,87,87,0,23,-1,-1,-1,-1,-1,source,-1,-1,0,-147,1,-1,-1,-1,-1,-1,-1,physical_source_then_twist_by_twist_index
input_crt_pack,0,2,2,v5,0,66,66,16,16,1,16,-1,-1,-1,-1,-1,source,-1,-1,0,-147,1,-1,-1,-1,-1,-1,-1,physical_source_then_twist_by_twist_index
input_crt_pack,0,2,2,v5,1,198,198,49,49,1,17,-1,-1,-1,-1,-1,source,-1,-1,0,-147,1,-1,-1,-1,-1,-1,-1,physical_source_then_twist_by_twist_index
input_crt_pack,0,2,2,v5,2,330,330,82,82,1,18,-1,-1,-1,-1,-1,source,-1,-1,0,-147,1,-1,-1,-1,-1,-1,-1,physical_source_then_twist_by_twist_index
input_crt_pack,0,2,2,v5,3,78,78,19,19,1,19,-1,-1,-1,-1,-1,source,-1,-1,0,-147,1,-1,-1,-1,-1,-1,-1,physical_source_then_twist_by_twist_index
input_crt_pack,0,2,2,v5,4,210,210,52,52,1,20,-1,-1,-1,-1,-1,source,-1,-1,0,-147,1,-1,-1,-1,-1,-1,-1,physical_source_then_twist_by_twist_index
input_crt_pack,0,2,2,v5,5,342,342,85,85,1,21,-1,-1,-1,-1,-1,source,-1,-1,0,-147,1,-1,-1,-1,-1,-1,-1,physical_source_then_twist_by_twist_index
input_crt_pack,0,2,2,v5,6,90,90,22,22,1,22,-1,-1,-1,-1,-1,source,-1,-1,0,-147,1,-1,-1,-1,-1,-1,-1,physical_source_then_twist_by_twist_index
input_crt_pack,0,2,2,v5,7,222,222,55,55,1,23,-1,-1,-1,-1,-1,source,-1,-1,0,-147,1,-1,-1,-1,-1,-1,-1,physical_source_then_twist_by_twist_index
input_crt_pack,0,2,2,v6,0,322,322,80,80,2,16,-1,-1,-1,-1,-1,source,-1,-1,0,-147,1,-1,-1,-1,-1,-1,-1,physical_source_then_twist_by_twist_index
input_crt_pack,0,2,2,v6,1,70,70,17,17,2,17,-1,-1,-1,-1,-1,source,-1,-1,0,-147,1,-1,-1,-1,-1,-1,-1,physical_source_then_twist_by_twist_index
input_crt_pack,0,2,2,v6,2,202,202,50,50,2,18,-1,-1,-1,-1,-1,source,-1,-1,0,-147,1,-1,-1,-1,-1,-1,-1,physical_source_then_twist_by_twist_index
input_crt_pack,0,2,2,v6,3,334,334,83,83,2,19,-1,-1,-1,-1,-1,source,-1,-1,0,-147,1,-1,-1,-1,-1,-1,-1,physical_source_then_twist_by_twist_index
input_crt_pack,0,2,2,v6,4,82,82,20,20,2,20,-1,-1,-1,-1,-1,source,-1,-1,0,-147,1,-1,-1,-1,-1,-1,-1,physical_source_then_twist_by_twist_index
input_crt_pack,0,2,2,v6,5,214,214,53,53,2,21,-1,-1,-1,-1,-1,source,-1,-1,0,-147,1,-1,-1,-1,-1,-1,-1,physical_source_then_twist_by_twist_index
input_crt_pack,0,2,2,v6,6,346,346,86,86,2,22,-1,-1,-1,-1,-1,source,-1,-1,0,-147,1,-1,-1,-1,-1,-1,-1,physical_source_then_twist_by_twist_index
input_crt_pack,0,2,2,v6,7,94,94,23,23,2,23,-1,-1,-1,-1,-1,source,-1,-1,0,-147,1,-1,-1,-1,-1,-1,-1,physical_source_then_twist_by_twist_index
dft3_output_pack,0,2,2,v4,0,-1,-1,-1,-1,-1,16,0,-1,-1,-1,-1,dft_output,-1,-1,0,-147,1,194,66,322,48,16,80,linear_combination_of_three_input_crt_sources
dft3_output_pack,0,2,2,v4,1,-1,-1,-1,-1,-1,17,0,-1,-1,-1,-1,dft_output,-1,-1,0,-147,1,326,198,70,81,49,17,linear_combination_of_three_input_crt_sources
dft3_output_pack,0,2,2,v4,2,-1,-1,-1,-1,-1,18,0,-1,-1,-1,-1,dft_output,-1,-1,0,-147,1,74,330,202,18,82,50,linear_combination_of_three_input_crt_sources
dft3_output_pack,0,2,2,v4,3,-1,-1,-1,-1,-1,19,0,-1,-1,-1,-1,dft_output,-1,-1,0,-147,1,206,78,334,51,19,83,linear_combination_of_three_input_crt_sources
dft3_output_pack,0,2,2,v4,4,-1,-1,-1,-1,-1,20,0,-1,-1,-1,-1,dft_output,-1,-1,0,-147,1,338,210,82,84,52,20,linear_combination_of_three_input_crt_sources
dft3_output_pack,0,2,2,v4,5,-1,-1,-1,-1,-1,21,0,-1,-1,-1,-1,dft_output,-1,-1,0,-147,1,86,342,214,21,85,53,linear_combination_of_three_input_crt_sources
dft3_output_pack,0,2,2,v4,6,-1,-1,-1,-1,-1,22,0,-1,-1,-1,-1,dft_output,-1,-1,0,-147,1,218,90,346,54,22,86,linear_combination_of_three_input_crt_sources
dft3_output_pack,0,2,2,v4,7,-1,-1,-1,-1,-1,23,0,-1,-1,-1,-1,dft_output,-1,-1,0,-147,1,350,222,94,87,55,23,linear_combination_of_three_input_crt_sources
dft3_output_pack,0,2,2,v5,0,-1,-1,-1,-1,-1,16,1,-1,-1,-1,-1,dft_output,-1,-1,0,-147,1,194,66,322,48,16,80,linear_combination_of_three_input_crt_sources
dft3_output_pack,0,2,2,v5,1,-1,-1,-1,-1,-1,17,1,-1,-1,-1,-1,dft_output,-1,-1,0,-147,1,326,198,70,81,49,17,linear_combination_of_three_input_crt_sources
dft3_output_pack,0,2,2,v5,2,-1,-1,-1,-1,-1,18,1,-1,-1,-1,-1,dft_output,-1,-1,0,-147,1,74,330,202,18,82,50,linear_combination_of_three_input_crt_sources
dft3_output_pack,0,2,2,v5,3,-1,-1,-1,-1,-1,19,1,-1,-1,-1,-1,dft_output,-1,-1,0,-147,1,206,78,334,51,19,83,linear_combination_of_three_input_crt_sources
dft3_output_pack,0,2,2,v5,4,-1,-1,-1,-1,-1,20,1,-1,-1,-1,-1,dft_output,-1,-1,0,-147,1,338,210,82,84,52,20,linear_combination_of_three_input_crt_sources
dft3_output_pack,0,2,2,v5,5,-1,-1,-1,-1,-1,21,1,-1,-1,-1,-1,dft_output,-1,-1,0,-147,1,86,342,214,21,85,53,linear_combination_of_three_input_crt_sources
dft3_output_pack,0,2,2,v5,6,-1,-1,-1,-1,-1,22,1,-1,-1,-1,-1,dft_output,-1,-1,0,-147,1,218,90,346,54,22,86,linear_combination_of_three_input_crt_sources
dft3_output_pack,0,2,2,v5,7,-1,-1,-1,-1,-1,23,1,-1,-1,-1,-1,dft_output,-1,-1,0,-147,1,350,222,94,87,55,23,linear_combination_of_three_input_crt_sources
dft3_output_pack,0,2,2,v6,0,-1,-1,-1,-1,-1,16,2,-1,-1,-1,-1,dft_output,-1,-1,0,-147,1,194,66,322,48,16,80,linear_combination_of_three_input_crt_sources
dft3_output_pack,0,2,2,v6,1,-1,-1,-1,-1,-1,17,2,-1,-1,-1,-1,dft_output,-1,-1,0,-147,1,326,198,70,81,49,17,linear_combination_of_three_input_crt_sources
dft3_output_pack,0,2,2,v6,2,-1,-1,-1,-1,-1,18,2,-1,-1,-1,-1,dft_output,-1,-1,0,-147,1,74,330,202,18,82,50,linear_combination_of_three_input_crt_sources
dft3_output_pack,0,2,2,v6,3,-1,-1,-1,-1,-1,19,2,-1,-1,-1,-1,dft_output,-1,-1,0,-147,1,206,78,334,51,19,83,linear_combination_of_three_input_crt_sources
dft3_output_pack,0,2,2,v6,4,-1,-1,-1,-1,-1,20,2,-1,-1,-1,-1,dft_output,-1,-1,0,-147,1,338,210,82,84,52,20,linear_combination_of_three_input_crt_sources
dft3_output_pack,0,2,2,v6,5,-1,-1,-1,-1,-1,21,2,-1,-1,-1,-1,dft_output,-1,-1,0,-147,1,86,342,214,21,85,53,linear_combination_of_three_input_crt_sources
dft3_output_pack,0,2,2,v6,6,-1,-1,-1,-1,-1,22,2,-1,-1,-1,-1,dft_output,-1,-1,0,-147,1,218,90,346,54,22,86,linear_combination_of_three_input_crt_sources
dft3_output_pack,0,2,2,v6,7,-1,-1,-1,-1,-1,23,2,-1,-1,-1,-1,dft_output,-1,-1,0,-147,1,350,222,94,87,55,23,linear_combination_of_three_input_crt_sources
input_crt_pack,0,2,3,v4,0,98,98,24,24,0,24,-1,-1,-1,-1,-1,source,-1,-1,0,-147,1,-1,-1,-1,-1,-1,-1,physical_source_then_twist_by_twist_index
input_crt_pack,0,2,3,v4,1,230,230,57,57,0,25,-1,-1,-1,-1,-1,source,-1,-1,0,-147,1,-1,-1,-1,-1,-1,-1,physical_source_then_twist_by_twist_index
input_crt_pack,0,2,3,v4,2,362,362,90,90,0,26,-1,-1,-1,-1,-1,source,-1,-1,0,-147,1,-1,-1,-1,-1,-1,-1,physical_source_then_twist_by_twist_index
input_crt_pack,0,2,3,v4,3,110,110,27,27,0,27,-1,-1,-1,-1,-1,source,-1,-1,0,-147,1,-1,-1,-1,-1,-1,-1,physical_source_then_twist_by_twist_index
input_crt_pack,0,2,3,v4,4,242,242,60,60,0,28,-1,-1,-1,-1,-1,source,-1,-1,0,-147,1,-1,-1,-1,-1,-1,-1,physical_source_then_twist_by_twist_index
input_crt_pack,0,2,3,v4,5,374,374,93,93,0,29,-1,-1,-1,-1,-1,source,-1,-1,0,-147,1,-1,-1,-1,-1,-1,-1,physical_source_then_twist_by_twist_index
input_crt_pack,0,2,3,v4,6,122,122,30,30,0,30,-1,-1,-1,-1,-1,source,-1,-1,0,-147,1,-1,-1,-1,-1,-1,-1,physical_source_then_twist_by_twist_index
input_crt_pack,0,2,3,v4,7,254,254,63,63,0,31,-1,-1,-1,-1,-1,source,-1,-1,0,-147,1,-1,-1,-1,-1,-1,-1,physical_source_then_twist_by_twist_index
input_crt_pack,0,2,3,v5,0,354,354,88,88,1,24,-1,-1,-1,-1,-1,source,-1,-1,0,-147,1,-1,-1,-1,-1,-1,-1,physical_source_then_twist_by_twist_index
input_crt_pack,0,2,3,v5,1,102,102,25,25,1,25,-1,-1,-1,-1,-1,source,-1,-1,0,-147,1,-1,-1,-1,-1,-1,-1,physical_source_then_twist_by_twist_index
input_crt_pack,0,2,3,v5,2,234,234,58,58,1,26,-1,-1,-1,-1,-1,source,-1,-1,0,-147,1,-1,-1,-1,-1,-1,-1,physical_source_then_twist_by_twist_index
input_crt_pack,0,2,3,v5,3,366,366,91,91,1,27,-1,-1,-1,-1,-1,source,-1,-1,0,-147,1,-1,-1,-1,-1,-1,-1,physical_source_then_twist_by_twist_index
input_crt_pack,0,2,3,v5,4,114,114,28,28,1,28,-1,-1,-1,-1,-1,source,-1,-1,0,-147,1,-1,-1,-1,-1,-1,-1,physical_source_then_twist_by_twist_index
input_crt_pack,0,2,3,v5,5,246,246,61,61,1,29,-1,-1,-1,-1,-1,source,-1,-1,0,-147,1,-1,-1,-1,-1,-1,-1,physical_source_then_twist_by_twist_index
input_crt_pack,0,2,3,v5,6,378,378,94,94,1,30,-1,-1,-1,-1,-1,source,-1,-1,0,-147,1,-1,-1,-1,-1,-1,-1,physical_source_then_twist_by_twist_index
input_crt_pack,0,2,3,v5,7,126,126,31,31,1,31,-1,-1,-1,-1,-1,source,-1,-1,0,-147,1,-1,-1,-1,-1,-1,-1,physical_source_then_twist_by_twist_index
input_crt_pack,0,2,3,v6,0,226,226,56,56,2,24,-1,-1,-1,-1,-1,source,-1,-1,0,-147,1,-1,-1,-1,-1,-1,-1,physical_source_then_twist_by_twist_index
input_crt_pack,0,2,3,v6,1,358,358,89,89,2,25,-1,-1,-1,-1,-1,source,-1,-1,0,-147,1,-1,-1,-1,-1,-1,-1,physical_source_then_twist_by_twist_index
input_crt_pack,0,2,3,v6,2,106,106,26,26,2,26,-1,-1,-1,-1,-1,source,-1,-1,0,-147,1,-1,-1,-1,-1,-1,-1,physical_source_then_twist_by_twist_index
input_crt_pack,0,2,3,v6,3,238,238,59,59,2,27,-1,-1,-1,-1,-1,source,-1,-1,0,-147,1,-1,-1,-1,-1,-1,-1,physical_source_then_twist_by_twist_index
input_crt_pack,0,2,3,v6,4,370,370,92,92,2,28,-1,-1,-1,-1,-1,source,-1,-1,0,-147,1,-1,-1,-1,-1,-1,-1,physical_source_then_twist_by_twist_index
input_crt_pack,0,2,3,v6,5,118,118,29,29,2,29,-1,-1,-1,-1,-1,source,-1,-1,0,-147,1,-1,-1,-1,-1,-1,-1,physical_source_then_twist_by_twist_index
input_crt_pack,0,2,3,v6,6,250,250,62,62,2,30,-1,-1,-1,-1,-1,source,-1,-1,0,-147,1,-1,-1,-1,-1,-1,-1,physical_source_then_twist_by_twist_index
input_crt_pack,0,2,3,v6,7,382,382,95,95,2,31,-1,-1,-1,-1,-1,source,-1,-1,0,-147,1,-1,-1,-1,-1,-1,-1,physical_source_then_twist_by_twist_index
dft3_output_pack,0,2,3,v4,0,-1,-1,-1,-1,-1,24,0,-1,-1,-1,-1,dft_output,-1,-1,0,-147,1,98,354,226,24,88,56,linear_combination_of_three_input_crt_sources
dft3_output_pack,0,2,3,v4,1,-1,-1,-1,-1,-1,25,0,-1,-1,-1,-1,dft_output,-1,-1,0,-147,1,230,102,358,57,25,89,linear_combination_of_three_input_crt_sources
dft3_output_pack,0,2,3,v4,2,-1,-1,-1,-1,-1,26,0,-1,-1,-1,-1,dft_output,-1,-1,0,-147,1,362,234,106,90,58,26,linear_combination_of_three_input_crt_sources
dft3_output_pack,0,2,3,v4,3,-1,-1,-1,-1,-1,27,0,-1,-1,-1,-1,dft_output,-1,-1,0,-147,1,110,366,238,27,91,59,linear_combination_of_three_input_crt_sources
dft3_output_pack,0,2,3,v4,4,-1,-1,-1,-1,-1,28,0,-1,-1,-1,-1,dft_output,-1,-1,0,-147,1,242,114,370,60,28,92,linear_combination_of_three_input_crt_sources
dft3_output_pack,0,2,3,v4,5,-1,-1,-1,-1,-1,29,0,-1,-1,-1,-1,dft_output,-1,-1,0,-147,1,374,246,118,93,61,29,linear_combination_of_three_input_crt_sources
dft3_output_pack,0,2,3,v4,6,-1,-1,-1,-1,-1,30,0,-1,-1,-1,-1,dft_output,-1,-1,0,-147,1,122,378,250,30,94,62,linear_combination_of_three_input_crt_sources
dft3_output_pack,0,2,3,v4,7,-1,-1,-1,-1,-1,31,0,-1,-1,-1,-1,dft_output,-1,-1,0,-147,1,254,126,382,63,31,95,linear_combination_of_three_input_crt_sources
dft3_output_pack,0,2,3,v5,0,-1,-1,-1,-1,-1,24,1,-1,-1,-1,-1,dft_output,-1,-1,0,-147,1,98,354,226,24,88,56,linear_combination_of_three_input_crt_sources
dft3_output_pack,0,2,3,v5,1,-1,-1,-1,-1,-1,25,1,-1,-1,-1,-1,dft_output,-1,-1,0,-147,1,230,102,358,57,25,89,linear_combination_of_three_input_crt_sources
dft3_output_pack,0,2,3,v5,2,-1,-1,-1,-1,-1,26,1,-1,-1,-1,-1,dft_output,-1,-1,0,-147,1,362,234,106,90,58,26,linear_combination_of_three_input_crt_sources
dft3_output_pack,0,2,3,v5,3,-1,-1,-1,-1,-1,27,1,-1,-1,-1,-1,dft_output,-1,-1,0,-147,1,110,366,238,27,91,59,linear_combination_of_three_input_crt_sources
dft3_output_pack,0,2,3,v5,4,-1,-1,-1,-1,-1,28,1,-1,-1,-1,-1,dft_output,-1,-1,0,-147,1,242,114,370,60,28,92,linear_combination_of_three_input_crt_sources
dft3_output_pack,0,2,3,v5,5,-1,-1,-1,-1,-1,29,1,-1,-1,-1,-1,dft_output,-1,-1,0,-147,1,374,246,118,93,61,29,linear_combination_of_three_input_crt_sources
dft3_output_pack,0,2,3,v5,6,-1,-1,-1,-1,-1,30,1,-1,-1,-1,-1,dft_output,-1,-1,0,-147,1,122,378,250,30,94,62,linear_combination_of_three_input_crt_sources
dft3_output_pack,0,2,3,v5,7,-1,-1,-1,-1,-1,31,1,-1,-1,-1,-1,dft_output,-1,-1,0,-147,1,254,126,382,63,31,95,linear_combination_of_three_input_crt_sources
dft3_output_pack,0,2,3,v6,0,-1,-1,-1,-1,-1,24,2,-1,-1,-1,-1,dft_output,-1,-1,0,-147,1,98,354,226,24,88,56,linear_combination_of_three_input_crt_sources
dft3_output_pack,0,2,3,v6,1,-1,-1,-1,-1,-1,25,2,-1,-1,-1,-1,dft_output,-1,-1,0,-147,1,230,102,358,57,25,89,linear_combination_of_three_input_crt_sources
dft3_output_pack,0,2,3,v6,2,-1,-1,-1,-1,-1,26,2,-1,-1,-1,-1,dft_output,-1,-1,0,-147,1,362,234,106,90,58,26,linear_combination_of_three_input_crt_sources
dft3_output_pack,0,2,3,v6,3,-1,-1,-1,-1,-1,27,2,-1,-1,-1,-1,dft_output,-1,-1,0,-147,1,110,366,238,27,91,59,linear_combination_of_three_input_crt_sources
dft3_output_pack,0,2,3,v6,4,-1,-1,-1,-1,-1,28,2,-1,-1,-1,-1,dft_output,-1,-1,0,-147,1,242,114,370,60,28,92,linear_combination_of_three_input_crt_sources
dft3_output_pack,0,2,3,v6,5,-1,-1,-1,-1,-1,29,2,-1,-1,-1,-1,dft_output,-1,-1,0,-147,1,374,246,118,93,61,29,linear_combination_of_three_input_crt_sources
dft3_output_pack,0,2,3,v6,6,-1,-1,-1,-1,-1,30,2,-1,-1,-1,-1,dft_output,-1,-1,0,-147,1,122,378,250,30,94,62,linear_combination_of_three_input_crt_sources
dft3_output_pack,0,2,3,v6,7,-1,-1,-1,-1,-1,31,2,-1,-1,-1,-1,dft_output,-1,-1,0,-147,1,254,126,382,63,31,95,linear_combination_of_three_input_crt_sources
ntt32_initial_natural_pack,0,2,0,v4,0,-1,-1,-1,-1,-1,0,0,0,32,0,0,state,-1,-1,0,-147,1,2,258,130,0,64,32,natural_input_for_incomplete_dif_ntt32_pre_len2_output
ntt32_initial_natural_pack,0,2,0,v4,1,-1,-1,-1,-1,-1,1,0,0,32,1,1,state,-1,-1,0,-147,1,134,6,262,33,1,65,natural_input_for_incomplete_dif_ntt32_pre_len2_output
ntt32_initial_natural_pack,0,2,0,v4,2,-1,-1,-1,-1,-1,2,0,0,32,2,2,state,-1,-1,0,-147,1,266,138,10,66,34,2,natural_input_for_incomplete_dif_ntt32_pre_len2_output
ntt32_initial_natural_pack,0,2,0,v4,3,-1,-1,-1,-1,-1,3,0,0,32,3,3,state,-1,-1,0,-147,1,14,270,142,3,67,35,natural_input_for_incomplete_dif_ntt32_pre_len2_output
ntt32_initial_natural_pack,0,2,0,v4,4,-1,-1,-1,-1,-1,4,0,0,32,4,4,state,-1,-1,0,-147,1,146,18,274,36,4,68,natural_input_for_incomplete_dif_ntt32_pre_len2_output
ntt32_initial_natural_pack,0,2,0,v4,5,-1,-1,-1,-1,-1,5,0,0,32,5,5,state,-1,-1,0,-147,1,278,150,22,69,37,5,natural_input_for_incomplete_dif_ntt32_pre_len2_output
ntt32_initial_natural_pack,0,2,0,v4,6,-1,-1,-1,-1,-1,6,0,0,32,6,6,state,-1,-1,0,-147,1,26,282,154,6,70,38,natural_input_for_incomplete_dif_ntt32_pre_len2_output
ntt32_initial_natural_pack,0,2,0,v4,7,-1,-1,-1,-1,-1,7,0,0,32,7,7,state,-1,-1,0,-147,1,158,30,286,39,7,71,natural_input_for_incomplete_dif_ntt32_pre_len2_output
ntt32_initial_natural_pack,0,2,1,v5,0,-1,-1,-1,-1,-1,8,0,0,32,8,8,state,-1,-1,0,-147,1,290,162,34,72,40,8,natural_input_for_incomplete_dif_ntt32_pre_len2_output
ntt32_initial_natural_pack,0,2,1,v5,1,-1,-1,-1,-1,-1,9,0,0,32,9,9,state,-1,-1,0,-147,1,38,294,166,9,73,41,natural_input_for_incomplete_dif_ntt32_pre_len2_output
ntt32_initial_natural_pack,0,2,1,v5,2,-1,-1,-1,-1,-1,10,0,0,32,10,10,state,-1,-1,0,-147,1,170,42,298,42,10,74,natural_input_for_incomplete_dif_ntt32_pre_len2_output
ntt32_initial_natural_pack,0,2,1,v5,3,-1,-1,-1,-1,-1,11,0,0,32,11,11,state,-1,-1,0,-147,1,302,174,46,75,43,11,natural_input_for_incomplete_dif_ntt32_pre_len2_output
ntt32_initial_natural_pack,0,2,1,v5,4,-1,-1,-1,-1,-1,12,0,0,32,12,12,state,-1,-1,0,-147,1,50,306,178,12,76,44,natural_input_for_incomplete_dif_ntt32_pre_len2_output
ntt32_initial_natural_pack,0,2,1,v5,5,-1,-1,-1,-1,-1,13,0,0,32,13,13,state,-1,-1,0,-147,1,182,54,310,45,13,77,natural_input_for_incomplete_dif_ntt32_pre_len2_output
ntt32_initial_natural_pack,0,2,1,v5,6,-1,-1,-1,-1,-1,14,0,0,32,14,14,state,-1,-1,0,-147,1,314,186,58,78,46,14,natural_input_for_incomplete_dif_ntt32_pre_len2_output
ntt32_initial_natural_pack,0,2,1,v5,7,-1,-1,-1,-1,-1,15,0,0,32,15,15,state,-1,-1,0,-147,1,62,318,190,15,79,47,natural_input_for_incomplete_dif_ntt32_pre_len2_output
ntt32_initial_natural_pack,0,2,2,v6,0,-1,-1,-1,-1,-1,16,0,0,32,16,16,state,-1,-1,0,-147,1,194,66,322,48,16,80,natural_input_for_incomplete_dif_ntt32_pre_len2_output
ntt32_initial_natural_pack,0,2,2,v6,1,-1,-1,-1,-1,-1,17,0,0,32,17,17,state,-1,-1,0,-147,1,326,198,70,81,49,17,natural_input_for_incomplete_dif_ntt32_pre_len2_output
ntt32_initial_natural_pack,0,2,2,v6,2,-1,-1,-1,-1,-1,18,0,0,32,18,18,state,-1,-1,0,-147,1,74,330,202,18,82,50,natural_input_for_incomplete_dif_ntt32_pre_len2_output
ntt32_initial_natural_pack,0,2,2,v6,3,-1,-1,-1,-1,-1,19,0,0,32,19,19,state,-1,-1,0,-147,1,206,78,334,51,19,83,natural_input_for_incomplete_dif_ntt32_pre_len2_output
ntt32_initial_natural_pack,0,2,2,v6,4,-1,-1,-1,-1,-1,20,0,0,32,20,20,state,-1,-1,0,-147,1,338,210,82,84,52,20,natural_input_for_incomplete_dif_ntt32_pre_len2_output
ntt32_initial_natural_pack,0,2,2,v6,5,-1,-1,-1,-1,-1,21,0,0,32,21,21,state,-1,-1,0,-147,1,86,342,214,21,85,53,natural_input_for_incomplete_dif_ntt32_pre_len2_output
ntt32_initial_natural_pack,0,2,2,v6,6,-1,-1,-1,-1,-1,22,0,0,32,22,22,state,-1,-1,0,-147,1,218,90,346,54,22,86,natural_input_for_incomplete_dif_ntt32_pre_len2_output
ntt32_initial_natural_pack,0,2,2,v6,7,-1,-1,-1,-1,-1,23,0,0,32,23,23,state,-1,-1,0,-147,1,350,222,94,87,55,23,natural_input_for_incomplete_dif_ntt32_pre_len2_output
ntt32_initial_natural_pack,0,2,3,v7,0,-1,-1,-1,-1,-1,24,0,0,32,24,24,state,-1,-1,0,-147,1,98,354,226,24,88,56,natural_input_for_incomplete_dif_ntt32_pre_len2_output
ntt32_initial_natural_pack,0,2,3,v7,1,-1,-1,-1,-1,-1,25,0,0,32,25,25,state,-1,-1,0,-147,1,230,102,358,57,25,89,natural_input_for_incomplete_dif_ntt32_pre_len2_output
ntt32_initial_natural_pack,0,2,3,v7,2,-1,-1,-1,-1,-1,26,0,0,32,26,26,state,-1,-1,0,-147,1,362,234,106,90,58,26,natural_input_for_incomplete_dif_ntt32_pre_len2_output
ntt32_initial_natural_pack,0,2,3,v7,3,-1,-1,-1,-1,-1,27,0,0,32,27,27,state,-1,-1,0,-147,1,110,366,238,27,91,59,natural_input_for_incomplete_dif_ntt32_pre_len2_output
ntt32_initial_natural_pack,0,2,3,v7,4,-1,-1,-1,-1,-1,28,0,0,32,28,28,state,-1,-1,0,-147,1,242,114,370,60,28,92,natural_input_for_incomplete_dif_ntt32_pre_len2_output
ntt32_initial_natural_pack,0,2,3,v7,5,-1,-1,-1,-1,-1,29,0,0,32,29,29,state,-1,-1,0,-147,1,374,246,118,93,61,29,natural_input_for_incomplete_dif_ntt32_pre_len2_output
ntt32_initial_natural_pack,0,2,3,v7,6,-1,-1,-1,-1,-1,30,0,0,32,30,30,state,-1,-1,0,-147,1,122,378,250,30,94,62,natural_input_for_incomplete_dif_ntt32_pre_len2_output
ntt32_initial_natural_pack,0,2,3,v7,7,-1,-1,-1,-1,-1,31,0,0,32,31,31,state,-1,-1,0,-147,1,254,126,382,63,31,95,natural_input_for_incomplete_dif_ntt32_pre_len2_output
ntt32_butterfly_operand,0,2,0,v4,0,-1,-1,-1,-1,-1,-1,0,1,32,0,-1,lo,0,16,0,-147,1,-1,-1,-1,-1,-1,-1,low_operand_for_dif_butterfly
ntt32_butterfly_operand,0,2,2,v6,0,-1,-1,-1,-1,-1,-1,0,1,32,16,-1,hi,0,16,0,-147,1,-1,-1,-1,-1,-1,-1,dif_high_output_gets_(lo-hi)_times_twiddle
ntt32_butterfly_operand,0,2,0,v4,1,-1,-1,-1,-1,-1,-1,0,1,32,1,-1,lo,1,17,1,484,1784,-1,-1,-1,-1,-1,-1,low_operand_for_dif_butterfly
ntt32_butterfly_operand,0,2,2,v6,1,-1,-1,-1,-1,-1,-1,0,1,32,17,-1,hi,1,17,1,484,1784,-1,-1,-1,-1,-1,-1,dif_high_output_gets_(lo-hi)_times_twiddle
ntt32_butterfly_operand,0,2,0,v4,2,-1,-1,-1,-1,-1,-1,0,1,32,2,-1,lo,2,18,2,-794,2216,-1,-1,-1,-1,-1,-1,low_operand_for_dif_butterfly
ntt32_butterfly_operand,0,2,2,v6,2,-1,-1,-1,-1,-1,-1,0,1,32,18,-1,hi,2,18,2,-794,2216,-1,-1,-1,-1,-1,-1,dif_high_output_gets_(lo-hi)_times_twiddle
ntt32_butterfly_operand,0,2,0,v4,3,-1,-1,-1,-1,-1,-1,0,1,32,3,-1,lo,3,19,3,874,1993,-1,-1,-1,-1,-1,-1,low_operand_for_dif_butterfly
ntt32_butterfly_operand,0,2,2,v6,3,-1,-1,-1,-1,-1,-1,0,1,32,19,-1,hi,3,19,3,874,1993,-1,-1,-1,-1,-1,-1,dif_high_output_gets_(lo-hi)_times_twiddle
ntt32_butterfly_operand,0,2,0,v4,4,-1,-1,-1,-1,-1,-1,0,1,32,4,-1,lo,4,20,4,109,1716,-1,-1,-1,-1,-1,-1,low_operand_for_dif_butterfly
ntt32_butterfly_operand,0,2,2,v6,4,-1,-1,-1,-1,-1,-1,0,1,32,20,-1,hi,4,20,4,109,1716,-1,-1,-1,-1,-1,-1,dif_high_output_gets_(lo-hi)_times_twiddle
ntt32_butterfly_operand,0,2,0,v4,5,-1,-1,-1,-1,-1,-1,0,1,32,5,-1,lo,5,21,5,864,1899,-1,-1,-1,-1,-1,-1,low_operand_for_dif_butterfly
ntt32_butterfly_operand,0,2,2,v6,5,-1,-1,-1,-1,-1,-1,0,1,32,21,-1,hi,5,21,5,864,1899,-1,-1,-1,-1,-1,-1,dif_high_output_gets_(lo-hi)_times_twiddle
ntt32_butterfly_operand,0,2,0,v4,6,-1,-1,-1,-1,-1,-1,0,1,32,6,-1,lo,6,22,6,-446,3413,-1,-1,-1,-1,-1,-1,low_operand_for_dif_butterfly
ntt32_butterfly_operand,0,2,2,v6,6,-1,-1,-1,-1,-1,-1,0,1,32,22,-1,hi,6,22,6,-446,3413,-1,-1,-1,-1,-1,-1,dif_high_output_gets_(lo-hi)_times_twiddle
ntt32_butterfly_operand,0,2,0,v4,7,-1,-1,-1,-1,-1,-1,0,1,32,7,-1,lo,7,23,7,-554,1015,-1,-1,-1,-1,-1,-1,low_operand_for_dif_butterfly
ntt32_butterfly_operand,0,2,2,v6,7,-1,-1,-1,-1,-1,-1,0,1,32,23,-1,hi,7,23,7,-554,1015,-1,-1,-1,-1,-1,-1,dif_high_output_gets_(lo-hi)_times_twiddle
ntt32_butterfly_operand,0,2,1,v5,0,-1,-1,-1,-1,-1,-1,0,1,32,8,-1,lo,8,24,8,366,2749,-1,-1,-1,-1,-1,-1,low_operand_for_dif_butterfly
ntt32_butterfly_operand,0,2,3,v7,0,-1,-1,-1,-1,-1,-1,0,1,32,24,-1,hi,8,24,8,366,2749,-1,-1,-1,-1,-1,-1,dif_high_output_gets_(lo-hi)_times_twiddle
ntt32_butterfly_operand,0,2,1,v5,1,-1,-1,-1,-1,-1,-1,0,1,32,9,-1,lo,9,25,9,-429,2190,-1,-1,-1,-1,-1,-1,low_operand_for_dif_butterfly
ntt32_butterfly_operand,0,2,3,v7,1,-1,-1,-1,-1,-1,-1,0,1,32,25,-1,hi,9,25,9,-429,2190,-1,-1,-1,-1,-1,-1,dif_high_output_gets_(lo-hi)_times_twiddle
ntt32_butterfly_operand,0,2,1,v5,2,-1,-1,-1,-1,-1,-1,0,1,32,10,-1,lo,10,26,10,-1339,550,-1,-1,-1,-1,-1,-1,low_operand_for_dif_butterfly
ntt32_butterfly_operand,0,2,3,v7,2,-1,-1,-1,-1,-1,-1,0,1,32,26,-1,hi,10,26,10,-1339,550,-1,-1,-1,-1,-1,-1,dif_high_output_gets_(lo-hi)_times_twiddle
ntt32_butterfly_operand,0,2,1,v5,3,-1,-1,-1,-1,-1,-1,0,1,32,11,-1,lo,11,27,11,11,2869,-1,-1,-1,-1,-1,-1,low_operand_for_dif_butterfly
ntt32_butterfly_operand,0,2,3,v7,3,-1,-1,-1,-1,-1,-1,0,1,32,27,-1,hi,11,27,11,11,2869,-1,-1,-1,-1,-1,-1,dif_high_output_gets_(lo-hi)_times_twiddle
ntt32_butterfly_operand,0,2,1,v5,4,-1,-1,-1,-1,-1,-1,0,1,32,12,-1,lo,12,28,12,-1118,1936,-1,-1,-1,-1,-1,-1,low_operand_for_dif_butterfly
ntt32_butterfly_operand,0,2,3,v7,4,-1,-1,-1,-1,-1,-1,0,1,32,28,-1,hi,12,28,12,-1118,1936,-1,-1,-1,-1,-1,-1,dif_high_output_gets_(lo-hi)_times_twiddle
ntt32_butterfly_operand,0,2,1,v5,5,-1,-1,-1,-1,-1,-1,0,1,32,13,-1,lo,13,29,13,177,281,-1,-1,-1,-1,-1,-1,low_operand_for_dif_butterfly
ntt32_butterfly_operand,0,2,3,v7,5,-1,-1,-1,-1,-1,-1,0,1,32,29,-1,hi,13,29,13,177,281,-1,-1,-1,-1,-1,-1,dif_high_output_gets_(lo-hi)_times_twiddle
ntt32_butterfly_operand,0,2,1,v5,6,-1,-1,-1,-1,-1,-1,0,1,32,14,-1,lo,14,30,14,1181,39,-1,-1,-1,-1,-1,-1,low_operand_for_dif_butterfly
ntt32_butterfly_operand,0,2,3,v7,6,-1,-1,-1,-1,-1,-1,0,1,32,30,-1,hi,14,30,14,1181,39,-1,-1,-1,-1,-1,-1,dif_high_output_gets_(lo-hi)_times_twiddle
ntt32_butterfly_operand,0,2,1,v5,7,-1,-1,-1,-1,-1,-1,0,1,32,15,-1,lo,15,31,15,1591,436,-1,-1,-1,-1,-1,-1,low_operand_for_dif_butterfly
ntt32_butterfly_operand,0,2,3,v7,7,-1,-1,-1,-1,-1,-1,0,1,32,31,-1,hi,15,31,15,1591,436,-1,-1,-1,-1,-1,-1,dif_high_output_gets_(lo-hi)_times_twiddle
ntt32_butterfly_operand,0,2,0,v4,0,-1,-1,-1,-1,-1,-1,0,2,16,0,-1,lo,0,8,0,-147,1,-1,-1,-1,-1,-1,-1,low_operand_for_dif_butterfly
ntt32_butterfly_operand,0,2,1,v5,0,-1,-1,-1,-1,-1,-1,0,2,16,8,-1,hi,0,8,0,-147,1,-1,-1,-1,-1,-1,-1,dif_high_output_gets_(lo-hi)_times_twiddle
ntt32_butterfly_operand,0,2,0,v4,1,-1,-1,-1,-1,-1,-1,0,2,16,1,-1,lo,1,9,2,-794,2216,-1,-1,-1,-1,-1,-1,low_operand_for_dif_butterfly
ntt32_butterfly_operand,0,2,1,v5,1,-1,-1,-1,-1,-1,-1,0,2,16,9,-1,hi,1,9,2,-794,2216,-1,-1,-1,-1,-1,-1,dif_high_output_gets_(lo-hi)_times_twiddle
ntt32_butterfly_operand,0,2,0,v4,2,-1,-1,-1,-1,-1,-1,0,2,16,2,-1,lo,2,10,4,109,1716,-1,-1,-1,-1,-1,-1,low_operand_for_dif_butterfly
ntt32_butterfly_operand,0,2,1,v5,2,-1,-1,-1,-1,-1,-1,0,2,16,10,-1,hi,2,10,4,109,1716,-1,-1,-1,-1,-1,-1,dif_high_output_gets_(lo-hi)_times_twiddle
ntt32_butterfly_operand,0,2,0,v4,3,-1,-1,-1,-1,-1,-1,0,2,16,3,-1,lo,3,11,6,-446,3413,-1,-1,-1,-1,-1,-1,low_operand_for_dif_butterfly
ntt32_butterfly_operand,0,2,1,v5,3,-1,-1,-1,-1,-1,-1,0,2,16,11,-1,hi,3,11,6,-446,3413,-1,-1,-1,-1,-1,-1,dif_high_output_gets_(lo-hi)_times_twiddle
ntt32_butterfly_operand,0,2,0,v4,4,-1,-1,-1,-1,-1,-1,0,2,16,4,-1,lo,4,12,8,366,2749,-1,-1,-1,-1,-1,-1,low_operand_for_dif_butterfly
ntt32_butterfly_operand,0,2,1,v5,4,-1,-1,-1,-1,-1,-1,0,2,16,12,-1,hi,4,12,8,366,2749,-1,-1,-1,-1,-1,-1,dif_high_output_gets_(lo-hi)_times_twiddle
ntt32_butterfly_operand,0,2,0,v4,5,-1,-1,-1,-1,-1,-1,0,2,16,5,-1,lo,5,13,10,-1339,550,-1,-1,-1,-1,-1,-1,low_operand_for_dif_butterfly
ntt32_butterfly_operand,0,2,1,v5,5,-1,-1,-1,-1,-1,-1,0,2,16,13,-1,hi,5,13,10,-1339,550,-1,-1,-1,-1,-1,-1,dif_high_output_gets_(lo-hi)_times_twiddle
ntt32_butterfly_operand,0,2,0,v4,6,-1,-1,-1,-1,-1,-1,0,2,16,6,-1,lo,6,14,12,-1118,1936,-1,-1,-1,-1,-1,-1,low_operand_for_dif_butterfly
ntt32_butterfly_operand,0,2,1,v5,6,-1,-1,-1,-1,-1,-1,0,2,16,14,-1,hi,6,14,12,-1118,1936,-1,-1,-1,-1,-1,-1,dif_high_output_gets_(lo-hi)_times_twiddle
ntt32_butterfly_operand,0,2,0,v4,7,-1,-1,-1,-1,-1,-1,0,2,16,7,-1,lo,7,15,14,1181,39,-1,-1,-1,-1,-1,-1,low_operand_for_dif_butterfly
ntt32_butterfly_operand,0,2,1,v5,7,-1,-1,-1,-1,-1,-1,0,2,16,15,-1,hi,7,15,14,1181,39,-1,-1,-1,-1,-1,-1,dif_high_output_gets_(lo-hi)_times_twiddle
ntt32_butterfly_operand,0,2,2,v6,0,-1,-1,-1,-1,-1,-1,0,2,16,16,-1,lo,16,24,0,-147,1,-1,-1,-1,-1,-1,-1,low_operand_for_dif_butterfly
ntt32_butterfly_operand,0,2,3,v7,0,-1,-1,-1,-1,-1,-1,0,2,16,24,-1,hi,16,24,0,-147,1,-1,-1,-1,-1,-1,-1,dif_high_output_gets_(lo-hi)_times_twiddle
ntt32_butterfly_operand,0,2,2,v6,1,-1,-1,-1,-1,-1,-1,0,2,16,17,-1,lo,17,25,2,-794,2216,-1,-1,-1,-1,-1,-1,low_operand_for_dif_butterfly
ntt32_butterfly_operand,0,2,3,v7,1,-1,-1,-1,-1,-1,-1,0,2,16,25,-1,hi,17,25,2,-794,2216,-1,-1,-1,-1,-1,-1,dif_high_output_gets_(lo-hi)_times_twiddle
ntt32_butterfly_operand,0,2,2,v6,2,-1,-1,-1,-1,-1,-1,0,2,16,18,-1,lo,18,26,4,109,1716,-1,-1,-1,-1,-1,-1,low_operand_for_dif_butterfly
ntt32_butterfly_operand,0,2,3,v7,2,-1,-1,-1,-1,-1,-1,0,2,16,26,-1,hi,18,26,4,109,1716,-1,-1,-1,-1,-1,-1,dif_high_output_gets_(lo-hi)_times_twiddle
ntt32_butterfly_operand,0,2,2,v6,3,-1,-1,-1,-1,-1,-1,0,2,16,19,-1,lo,19,27,6,-446,3413,-1,-1,-1,-1,-1,-1,low_operand_for_dif_butterfly
ntt32_butterfly_operand,0,2,3,v7,3,-1,-1,-1,-1,-1,-1,0,2,16,27,-1,hi,19,27,6,-446,3413,-1,-1,-1,-1,-1,-1,dif_high_output_gets_(lo-hi)_times_twiddle
ntt32_butterfly_operand,0,2,2,v6,4,-1,-1,-1,-1,-1,-1,0,2,16,20,-1,lo,20,28,8,366,2749,-1,-1,-1,-1,-1,-1,low_operand_for_dif_butterfly
ntt32_butterfly_operand,0,2,3,v7,4,-1,-1,-1,-1,-1,-1,0,2,16,28,-1,hi,20,28,8,366,2749,-1,-1,-1,-1,-1,-1,dif_high_output_gets_(lo-hi)_times_twiddle
ntt32_butterfly_operand,0,2,2,v6,5,-1,-1,-1,-1,-1,-1,0,2,16,21,-1,lo,21,29,10,-1339,550,-1,-1,-1,-1,-1,-1,low_operand_for_dif_butterfly
ntt32_butterfly_operand,0,2,3,v7,5,-1,-1,-1,-1,-1,-1,0,2,16,29,-1,hi,21,29,10,-1339,550,-1,-1,-1,-1,-1,-1,dif_high_output_gets_(lo-hi)_times_twiddle
ntt32_butterfly_operand,0,2,2,v6,6,-1,-1,-1,-1,-1,-1,0,2,16,22,-1,lo,22,30,12,-1118,1936,-1,-1,-1,-1,-1,-1,low_operand_for_dif_butterfly
ntt32_butterfly_operand,0,2,3,v7,6,-1,-1,-1,-1,-1,-1,0,2,16,30,-1,hi,22,30,12,-1118,1936,-1,-1,-1,-1,-1,-1,dif_high_output_gets_(lo-hi)_times_twiddle
ntt32_butterfly_operand,0,2,2,v6,7,-1,-1,-1,-1,-1,-1,0,2,16,23,-1,lo,23,31,14,1181,39,-1,-1,-1,-1,-1,-1,low_operand_for_dif_butterfly
ntt32_butterfly_operand,0,2,3,v7,7,-1,-1,-1,-1,-1,-1,0,2,16,31,-1,hi,23,31,14,1181,39,-1,-1,-1,-1,-1,-1,dif_high_output_gets_(lo-hi)_times_twiddle
ntt32_butterfly_operand,0,2,0,v4,0,-1,-1,-1,-1,-1,-1,0,3,8,0,-1,lo,0,4,0,-147,1,-1,-1,-1,-1,-1,-1,low_operand_for_dif_butterfly
ntt32_butterfly_operand,0,2,0,v4,4,-1,-1,-1,-1,-1,-1,0,3,8,4,-1,hi,0,4,0,-147,1,-1,-1,-1,-1,-1,-1,dif_high_output_gets_(lo-hi)_times_twiddle
ntt32_butterfly_operand,0,2,0,v4,1,-1,-1,-1,-1,-1,-1,0,3,8,1,-1,lo,1,5,4,109,1716,-1,-1,-1,-1,-1,-1,low_operand_for_dif_butterfly
ntt32_butterfly_operand,0,2,0,v4,5,-1,-1,-1,-1,-1,-1,0,3,8,5,-1,hi,1,5,4,109,1716,-1,-1,-1,-1,-1,-1,dif_high_output_gets_(lo-hi)_times_twiddle
ntt32_butterfly_operand,0,2,0,v4,2,-1,-1,-1,-1,-1,-1,0,3,8,2,-1,lo,2,6,8,366,2749,-1,-1,-1,-1,-1,-1,low_operand_for_dif_butterfly
ntt32_butterfly_operand,0,2,0,v4,6,-1,-1,-1,-1,-1,-1,0,3,8,6,-1,hi,2,6,8,366,2749,-1,-1,-1,-1,-1,-1,dif_high_output_gets_(lo-hi)_times_twiddle
ntt32_butterfly_operand,0,2,0,v4,3,-1,-1,-1,-1,-1,-1,0,3,8,3,-1,lo,3,7,12,-1118,1936,-1,-1,-1,-1,-1,-1,low_operand_for_dif_butterfly
ntt32_butterfly_operand,0,2,0,v4,7,-1,-1,-1,-1,-1,-1,0,3,8,7,-1,hi,3,7,12,-1118,1936,-1,-1,-1,-1,-1,-1,dif_high_output_gets_(lo-hi)_times_twiddle
ntt32_butterfly_operand,0,2,1,v5,0,-1,-1,-1,-1,-1,-1,0,3,8,8,-1,lo,8,12,0,-147,1,-1,-1,-1,-1,-1,-1,low_operand_for_dif_butterfly
ntt32_butterfly_operand,0,2,1,v5,4,-1,-1,-1,-1,-1,-1,0,3,8,12,-1,hi,8,12,0,-147,1,-1,-1,-1,-1,-1,-1,dif_high_output_gets_(lo-hi)_times_twiddle
ntt32_butterfly_operand,0,2,1,v5,1,-1,-1,-1,-1,-1,-1,0,3,8,9,-1,lo,9,13,4,109,1716,-1,-1,-1,-1,-1,-1,low_operand_for_dif_butterfly
ntt32_butterfly_operand,0,2,1,v5,5,-1,-1,-1,-1,-1,-1,0,3,8,13,-1,hi,9,13,4,109,1716,-1,-1,-1,-1,-1,-1,dif_high_output_gets_(lo-hi)_times_twiddle
ntt32_butterfly_operand,0,2,1,v5,2,-1,-1,-1,-1,-1,-1,0,3,8,10,-1,lo,10,14,8,366,2749,-1,-1,-1,-1,-1,-1,low_operand_for_dif_butterfly
ntt32_butterfly_operand,0,2,1,v5,6,-1,-1,-1,-1,-1,-1,0,3,8,14,-1,hi,10,14,8,366,2749,-1,-1,-1,-1,-1,-1,dif_high_output_gets_(lo-hi)_times_twiddle
ntt32_butterfly_operand,0,2,1,v5,3,-1,-1,-1,-1,-1,-1,0,3,8,11,-1,lo,11,15,12,-1118,1936,-1,-1,-1,-1,-1,-1,low_operand_for_dif_butterfly
ntt32_butterfly_operand,0,2,1,v5,7,-1,-1,-1,-1,-1,-1,0,3,8,15,-1,hi,11,15,12,-1118,1936,-1,-1,-1,-1,-1,-1,dif_high_output_gets_(lo-hi)_times_twiddle
ntt32_butterfly_operand,0,2,2,v6,0,-1,-1,-1,-1,-1,-1,0,3,8,16,-1,lo,16,20,0,-147,1,-1,-1,-1,-1,-1,-1,low_operand_for_dif_butterfly
ntt32_butterfly_operand,0,2,2,v6,4,-1,-1,-1,-1,-1,-1,0,3,8,20,-1,hi,16,20,0,-147,1,-1,-1,-1,-1,-1,-1,dif_high_output_gets_(lo-hi)_times_twiddle
ntt32_butterfly_operand,0,2,2,v6,1,-1,-1,-1,-1,-1,-1,0,3,8,17,-1,lo,17,21,4,109,1716,-1,-1,-1,-1,-1,-1,low_operand_for_dif_butterfly
ntt32_butterfly_operand,0,2,2,v6,5,-1,-1,-1,-1,-1,-1,0,3,8,21,-1,hi,17,21,4,109,1716,-1,-1,-1,-1,-1,-1,dif_high_output_gets_(lo-hi)_times_twiddle
ntt32_butterfly_operand,0,2,2,v6,2,-1,-1,-1,-1,-1,-1,0,3,8,18,-1,lo,18,22,8,366,2749,-1,-1,-1,-1,-1,-1,low_operand_for_dif_butterfly
ntt32_butterfly_operand,0,2,2,v6,6,-1,-1,-1,-1,-1,-1,0,3,8,22,-1,hi,18,22,8,366,2749,-1,-1,-1,-1,-1,-1,dif_high_output_gets_(lo-hi)_times_twiddle
ntt32_butterfly_operand,0,2,2,v6,3,-1,-1,-1,-1,-1,-1,0,3,8,19,-1,lo,19,23,12,-1118,1936,-1,-1,-1,-1,-1,-1,low_operand_for_dif_butterfly
ntt32_butterfly_operand,0,2,2,v6,7,-1,-1,-1,-1,-1,-1,0,3,8,23,-1,hi,19,23,12,-1118,1936,-1,-1,-1,-1,-1,-1,dif_high_output_gets_(lo-hi)_times_twiddle
ntt32_butterfly_operand,0,2,3,v7,0,-1,-1,-1,-1,-1,-1,0,3,8,24,-1,lo,24,28,0,-147,1,-1,-1,-1,-1,-1,-1,low_operand_for_dif_butterfly
ntt32_butterfly_operand,0,2,3,v7,4,-1,-1,-1,-1,-1,-1,0,3,8,28,-1,hi,24,28,0,-147,1,-1,-1,-1,-1,-1,-1,dif_high_output_gets_(lo-hi)_times_twiddle
ntt32_butterfly_operand,0,2,3,v7,1,-1,-1,-1,-1,-1,-1,0,3,8,25,-1,lo,25,29,4,109,1716,-1,-1,-1,-1,-1,-1,low_operand_for_dif_butterfly
ntt32_butterfly_operand,0,2,3,v7,5,-1,-1,-1,-1,-1,-1,0,3,8,29,-1,hi,25,29,4,109,1716,-1,-1,-1,-1,-1,-1,dif_high_output_gets_(lo-hi)_times_twiddle
ntt32_butterfly_operand,0,2,3,v7,2,-1,-1,-1,-1,-1,-1,0,3,8,26,-1,lo,26,30,8,366,2749,-1,-1,-1,-1,-1,-1,low_operand_for_dif_butterfly
ntt32_butterfly_operand,0,2,3,v7,6,-1,-1,-1,-1,-1,-1,0,3,8,30,-1,hi,26,30,8,366,2749,-1,-1,-1,-1,-1,-1,dif_high_output_gets_(lo-hi)_times_twiddle
ntt32_butterfly_operand,0,2,3,v7,3,-1,-1,-1,-1,-1,-1,0,3,8,27,-1,lo,27,31,12,-1118,1936,-1,-1,-1,-1,-1,-1,low_operand_for_dif_butterfly
ntt32_butterfly_operand,0,2,3,v7,7,-1,-1,-1,-1,-1,-1,0,3,8,31,-1,hi,27,31,12,-1118,1936,-1,-1,-1,-1,-1,-1,dif_high_output_gets_(lo-hi)_times_twiddle
ntt32_butterfly_operand,0,2,0,v4,0,-1,-1,-1,-1,-1,-1,0,4,4,0,-1,lo,0,2,0,-147,1,-1,-1,-1,-1,-1,-1,low_operand_for_dif_butterfly
ntt32_butterfly_operand,0,2,0,v4,2,-1,-1,-1,-1,-1,-1,0,4,4,2,-1,hi,0,2,0,-147,1,-1,-1,-1,-1,-1,-1,dif_high_output_gets_(lo-hi)_times_twiddle
ntt32_butterfly_operand,0,2,0,v4,1,-1,-1,-1,-1,-1,-1,0,4,4,1,-1,lo,1,3,8,366,2749,-1,-1,-1,-1,-1,-1,low_operand_for_dif_butterfly
ntt32_butterfly_operand,0,2,0,v4,3,-1,-1,-1,-1,-1,-1,0,4,4,3,-1,hi,1,3,8,366,2749,-1,-1,-1,-1,-1,-1,dif_high_output_gets_(lo-hi)_times_twiddle
ntt32_butterfly_operand,0,2,0,v4,4,-1,-1,-1,-1,-1,-1,0,4,4,4,-1,lo,4,6,0,-147,1,-1,-1,-1,-1,-1,-1,low_operand_for_dif_butterfly
ntt32_butterfly_operand,0,2,0,v4,6,-1,-1,-1,-1,-1,-1,0,4,4,6,-1,hi,4,6,0,-147,1,-1,-1,-1,-1,-1,-1,dif_high_output_gets_(lo-hi)_times_twiddle
ntt32_butterfly_operand,0,2,0,v4,5,-1,-1,-1,-1,-1,-1,0,4,4,5,-1,lo,5,7,8,366,2749,-1,-1,-1,-1,-1,-1,low_operand_for_dif_butterfly
ntt32_butterfly_operand,0,2,0,v4,7,-1,-1,-1,-1,-1,-1,0,4,4,7,-1,hi,5,7,8,366,2749,-1,-1,-1,-1,-1,-1,dif_high_output_gets_(lo-hi)_times_twiddle
ntt32_butterfly_operand,0,2,1,v5,0,-1,-1,-1,-1,-1,-1,0,4,4,8,-1,lo,8,10,0,-147,1,-1,-1,-1,-1,-1,-1,low_operand_for_dif_butterfly
ntt32_butterfly_operand,0,2,1,v5,2,-1,-1,-1,-1,-1,-1,0,4,4,10,-1,hi,8,10,0,-147,1,-1,-1,-1,-1,-1,-1,dif_high_output_gets_(lo-hi)_times_twiddle
ntt32_butterfly_operand,0,2,1,v5,1,-1,-1,-1,-1,-1,-1,0,4,4,9,-1,lo,9,11,8,366,2749,-1,-1,-1,-1,-1,-1,low_operand_for_dif_butterfly
ntt32_butterfly_operand,0,2,1,v5,3,-1,-1,-1,-1,-1,-1,0,4,4,11,-1,hi,9,11,8,366,2749,-1,-1,-1,-1,-1,-1,dif_high_output_gets_(lo-hi)_times_twiddle
ntt32_butterfly_operand,0,2,1,v5,4,-1,-1,-1,-1,-1,-1,0,4,4,12,-1,lo,12,14,0,-147,1,-1,-1,-1,-1,-1,-1,low_operand_for_dif_butterfly
ntt32_butterfly_operand,0,2,1,v5,6,-1,-1,-1,-1,-1,-1,0,4,4,14,-1,hi,12,14,0,-147,1,-1,-1,-1,-1,-1,-1,dif_high_output_gets_(lo-hi)_times_twiddle
ntt32_butterfly_operand,0,2,1,v5,5,-1,-1,-1,-1,-1,-1,0,4,4,13,-1,lo,13,15,8,366,2749,-1,-1,-1,-1,-1,-1,low_operand_for_dif_butterfly
ntt32_butterfly_operand,0,2,1,v5,7,-1,-1,-1,-1,-1,-1,0,4,4,15,-1,hi,13,15,8,366,2749,-1,-1,-1,-1,-1,-1,dif_high_output_gets_(lo-hi)_times_twiddle
ntt32_butterfly_operand,0,2,2,v6,0,-1,-1,-1,-1,-1,-1,0,4,4,16,-1,lo,16,18,0,-147,1,-1,-1,-1,-1,-1,-1,low_operand_for_dif_butterfly
ntt32_butterfly_operand,0,2,2,v6,2,-1,-1,-1,-1,-1,-1,0,4,4,18,-1,hi,16,18,0,-147,1,-1,-1,-1,-1,-1,-1,dif_high_output_gets_(lo-hi)_times_twiddle
ntt32_butterfly_operand,0,2,2,v6,1,-1,-1,-1,-1,-1,-1,0,4,4,17,-1,lo,17,19,8,366,2749,-1,-1,-1,-1,-1,-1,low_operand_for_dif_butterfly
ntt32_butterfly_operand,0,2,2,v6,3,-1,-1,-1,-1,-1,-1,0,4,4,19,-1,hi,17,19,8,366,2749,-1,-1,-1,-1,-1,-1,dif_high_output_gets_(lo-hi)_times_twiddle
ntt32_butterfly_operand,0,2,2,v6,4,-1,-1,-1,-1,-1,-1,0,4,4,20,-1,lo,20,22,0,-147,1,-1,-1,-1,-1,-1,-1,low_operand_for_dif_butterfly
ntt32_butterfly_operand,0,2,2,v6,6,-1,-1,-1,-1,-1,-1,0,4,4,22,-1,hi,20,22,0,-147,1,-1,-1,-1,-1,-1,-1,dif_high_output_gets_(lo-hi)_times_twiddle
ntt32_butterfly_operand,0,2,2,v6,5,-1,-1,-1,-1,-1,-1,0,4,4,21,-1,lo,21,23,8,366,2749,-1,-1,-1,-1,-1,-1,low_operand_for_dif_butterfly
ntt32_butterfly_operand,0,2,2,v6,7,-1,-1,-1,-1,-1,-1,0,4,4,23,-1,hi,21,23,8,366,2749,-1,-1,-1,-1,-1,-1,dif_high_output_gets_(lo-hi)_times_twiddle
ntt32_butterfly_operand,0,2,3,v7,0,-1,-1,-1,-1,-1,-1,0,4,4,24,-1,lo,24,26,0,-147,1,-1,-1,-1,-1,-1,-1,low_operand_for_dif_butterfly
ntt32_butterfly_operand,0,2,3,v7,2,-1,-1,-1,-1,-1,-1,0,4,4,26,-1,hi,24,26,0,-147,1,-1,-1,-1,-1,-1,-1,dif_high_output_gets_(lo-hi)_times_twiddle
ntt32_butterfly_operand,0,2,3,v7,1,-1,-1,-1,-1,-1,-1,0,4,4,25,-1,lo,25,27,8,366,2749,-1,-1,-1,-1,-1,-1,low_operand_for_dif_butterfly
ntt32_butterfly_operand,0,2,3,v7,3,-1,-1,-1,-1,-1,-1,0,4,4,27,-1,hi,25,27,8,366,2749,-1,-1,-1,-1,-1,-1,dif_high_output_gets_(lo-hi)_times_twiddle
ntt32_butterfly_operand,0,2,3,v7,4,-1,-1,-1,-1,-1,-1,0,4,4,28,-1,lo,28,30,0,-147,1,-1,-1,-1,-1,-1,-1,low_operand_for_dif_butterfly
ntt32_butterfly_operand,0,2,3,v7,6,-1,-1,-1,-1,-1,-1,0,4,4,30,-1,hi,28,30,0,-147,1,-1,-1,-1,-1,-1,-1,dif_high_output_gets_(lo-hi)_times_twiddle
ntt32_butterfly_operand,0,2,3,v7,5,-1,-1,-1,-1,-1,-1,0,4,4,29,-1,lo,29,31,8,366,2749,-1,-1,-1,-1,-1,-1,low_operand_for_dif_butterfly
ntt32_butterfly_operand,0,2,3,v7,7,-1,-1,-1,-1,-1,-1,0,4,4,31,-1,hi,29,31,8,366,2749,-1,-1,-1,-1,-1,-1,dif_high_output_gets_(lo-hi)_times_twiddle
ntt32_initial_natural_pack,0,2,0,v4,0,-1,-1,-1,-1,-1,0,1,0,32,0,0,state,-1,-1,0,-147,1,2,258,130,0,64,32,natural_input_for_incomplete_dif_ntt32_pre_len2_output
ntt32_initial_natural_pack,0,2,0,v4,1,-1,-1,-1,-1,-1,1,1,0,32,1,1,state,-1,-1,0,-147,1,134,6,262,33,1,65,natural_input_for_incomplete_dif_ntt32_pre_len2_output
ntt32_initial_natural_pack,0,2,0,v4,2,-1,-1,-1,-1,-1,2,1,0,32,2,2,state,-1,-1,0,-147,1,266,138,10,66,34,2,natural_input_for_incomplete_dif_ntt32_pre_len2_output
ntt32_initial_natural_pack,0,2,0,v4,3,-1,-1,-1,-1,-1,3,1,0,32,3,3,state,-1,-1,0,-147,1,14,270,142,3,67,35,natural_input_for_incomplete_dif_ntt32_pre_len2_output
ntt32_initial_natural_pack,0,2,0,v4,4,-1,-1,-1,-1,-1,4,1,0,32,4,4,state,-1,-1,0,-147,1,146,18,274,36,4,68,natural_input_for_incomplete_dif_ntt32_pre_len2_output
ntt32_initial_natural_pack,0,2,0,v4,5,-1,-1,-1,-1,-1,5,1,0,32,5,5,state,-1,-1,0,-147,1,278,150,22,69,37,5,natural_input_for_incomplete_dif_ntt32_pre_len2_output
ntt32_initial_natural_pack,0,2,0,v4,6,-1,-1,-1,-1,-1,6,1,0,32,6,6,state,-1,-1,0,-147,1,26,282,154,6,70,38,natural_input_for_incomplete_dif_ntt32_pre_len2_output
ntt32_initial_natural_pack,0,2,0,v4,7,-1,-1,-1,-1,-1,7,1,0,32,7,7,state,-1,-1,0,-147,1,158,30,286,39,7,71,natural_input_for_incomplete_dif_ntt32_pre_len2_output
ntt32_initial_natural_pack,0,2,1,v5,0,-1,-1,-1,-1,-1,8,1,0,32,8,8,state,-1,-1,0,-147,1,290,162,34,72,40,8,natural_input_for_incomplete_dif_ntt32_pre_len2_output
ntt32_initial_natural_pack,0,2,1,v5,1,-1,-1,-1,-1,-1,9,1,0,32,9,9,state,-1,-1,0,-147,1,38,294,166,9,73,41,natural_input_for_incomplete_dif_ntt32_pre_len2_output
ntt32_initial_natural_pack,0,2,1,v5,2,-1,-1,-1,-1,-1,10,1,0,32,10,10,state,-1,-1,0,-147,1,170,42,298,42,10,74,natural_input_for_incomplete_dif_ntt32_pre_len2_output
ntt32_initial_natural_pack,0,2,1,v5,3,-1,-1,-1,-1,-1,11,1,0,32,11,11,state,-1,-1,0,-147,1,302,174,46,75,43,11,natural_input_for_incomplete_dif_ntt32_pre_len2_output
ntt32_initial_natural_pack,0,2,1,v5,4,-1,-1,-1,-1,-1,12,1,0,32,12,12,state,-1,-1,0,-147,1,50,306,178,12,76,44,natural_input_for_incomplete_dif_ntt32_pre_len2_output
ntt32_initial_natural_pack,0,2,1,v5,5,-1,-1,-1,-1,-1,13,1,0,32,13,13,state,-1,-1,0,-147,1,182,54,310,45,13,77,natural_input_for_incomplete_dif_ntt32_pre_len2_output
ntt32_initial_natural_pack,0,2,1,v5,6,-1,-1,-1,-1,-1,14,1,0,32,14,14,state,-1,-1,0,-147,1,314,186,58,78,46,14,natural_input_for_incomplete_dif_ntt32_pre_len2_output
ntt32_initial_natural_pack,0,2,1,v5,7,-1,-1,-1,-1,-1,15,1,0,32,15,15,state,-1,-1,0,-147,1,62,318,190,15,79,47,natural_input_for_incomplete_dif_ntt32_pre_len2_output
ntt32_initial_natural_pack,0,2,2,v6,0,-1,-1,-1,-1,-1,16,1,0,32,16,16,state,-1,-1,0,-147,1,194,66,322,48,16,80,natural_input_for_incomplete_dif_ntt32_pre_len2_output
ntt32_initial_natural_pack,0,2,2,v6,1,-1,-1,-1,-1,-1,17,1,0,32,17,17,state,-1,-1,0,-147,1,326,198,70,81,49,17,natural_input_for_incomplete_dif_ntt32_pre_len2_output
ntt32_initial_natural_pack,0,2,2,v6,2,-1,-1,-1,-1,-1,18,1,0,32,18,18,state,-1,-1,0,-147,1,74,330,202,18,82,50,natural_input_for_incomplete_dif_ntt32_pre_len2_output
ntt32_initial_natural_pack,0,2,2,v6,3,-1,-1,-1,-1,-1,19,1,0,32,19,19,state,-1,-1,0,-147,1,206,78,334,51,19,83,natural_input_for_incomplete_dif_ntt32_pre_len2_output
ntt32_initial_natural_pack,0,2,2,v6,4,-1,-1,-1,-1,-1,20,1,0,32,20,20,state,-1,-1,0,-147,1,338,210,82,84,52,20,natural_input_for_incomplete_dif_ntt32_pre_len2_output
ntt32_initial_natural_pack,0,2,2,v6,5,-1,-1,-1,-1,-1,21,1,0,32,21,21,state,-1,-1,0,-147,1,86,342,214,21,85,53,natural_input_for_incomplete_dif_ntt32_pre_len2_output
ntt32_initial_natural_pack,0,2,2,v6,6,-1,-1,-1,-1,-1,22,1,0,32,22,22,state,-1,-1,0,-147,1,218,90,346,54,22,86,natural_input_for_incomplete_dif_ntt32_pre_len2_output
ntt32_initial_natural_pack,0,2,2,v6,7,-1,-1,-1,-1,-1,23,1,0,32,23,23,state,-1,-1,0,-147,1,350,222,94,87,55,23,natural_input_for_incomplete_dif_ntt32_pre_len2_output
ntt32_initial_natural_pack,0,2,3,v7,0,-1,-1,-1,-1,-1,24,1,0,32,24,24,state,-1,-1,0,-147,1,98,354,226,24,88,56,natural_input_for_incomplete_dif_ntt32_pre_len2_output
ntt32_initial_natural_pack,0,2,3,v7,1,-1,-1,-1,-1,-1,25,1,0,32,25,25,state,-1,-1,0,-147,1,230,102,358,57,25,89,natural_input_for_incomplete_dif_ntt32_pre_len2_output
ntt32_initial_natural_pack,0,2,3,v7,2,-1,-1,-1,-1,-1,26,1,0,32,26,26,state,-1,-1,0,-147,1,362,234,106,90,58,26,natural_input_for_incomplete_dif_ntt32_pre_len2_output
ntt32_initial_natural_pack,0,2,3,v7,3,-1,-1,-1,-1,-1,27,1,0,32,27,27,state,-1,-1,0,-147,1,110,366,238,27,91,59,natural_input_for_incomplete_dif_ntt32_pre_len2_output
ntt32_initial_natural_pack,0,2,3,v7,4,-1,-1,-1,-1,-1,28,1,0,32,28,28,state,-1,-1,0,-147,1,242,114,370,60,28,92,natural_input_for_incomplete_dif_ntt32_pre_len2_output
ntt32_initial_natural_pack,0,2,3,v7,5,-1,-1,-1,-1,-1,29,1,0,32,29,29,state,-1,-1,0,-147,1,374,246,118,93,61,29,natural_input_for_incomplete_dif_ntt32_pre_len2_output
ntt32_initial_natural_pack,0,2,3,v7,6,-1,-1,-1,-1,-1,30,1,0,32,30,30,state,-1,-1,0,-147,1,122,378,250,30,94,62,natural_input_for_incomplete_dif_ntt32_pre_len2_output
ntt32_initial_natural_pack,0,2,3,v7,7,-1,-1,-1,-1,-1,31,1,0,32,31,31,state,-1,-1,0,-147,1,254,126,382,63,31,95,natural_input_for_incomplete_dif_ntt32_pre_len2_output
ntt32_butterfly_operand,0,2,0,v4,0,-1,-1,-1,-1,-1,-1,1,1,32,0,-1,lo,0,16,0,-147,1,-1,-1,-1,-1,-1,-1,low_operand_for_dif_butterfly
ntt32_butterfly_operand,0,2,2,v6,0,-1,-1,-1,-1,-1,-1,1,1,32,16,-1,hi,0,16,0,-147,1,-1,-1,-1,-1,-1,-1,dif_high_output_gets_(lo-hi)_times_twiddle
ntt32_butterfly_operand,0,2,0,v4,1,-1,-1,-1,-1,-1,-1,1,1,32,1,-1,lo,1,17,1,484,1784,-1,-1,-1,-1,-1,-1,low_operand_for_dif_butterfly
ntt32_butterfly_operand,0,2,2,v6,1,-1,-1,-1,-1,-1,-1,1,1,32,17,-1,hi,1,17,1,484,1784,-1,-1,-1,-1,-1,-1,dif_high_output_gets_(lo-hi)_times_twiddle
ntt32_butterfly_operand,0,2,0,v4,2,-1,-1,-1,-1,-1,-1,1,1,32,2,-1,lo,2,18,2,-794,2216,-1,-1,-1,-1,-1,-1,low_operand_for_dif_butterfly
ntt32_butterfly_operand,0,2,2,v6,2,-1,-1,-1,-1,-1,-1,1,1,32,18,-1,hi,2,18,2,-794,2216,-1,-1,-1,-1,-1,-1,dif_high_output_gets_(lo-hi)_times_twiddle
ntt32_butterfly_operand,0,2,0,v4,3,-1,-1,-1,-1,-1,-1,1,1,32,3,-1,lo,3,19,3,874,1993,-1,-1,-1,-1,-1,-1,low_operand_for_dif_butterfly
ntt32_butterfly_operand,0,2,2,v6,3,-1,-1,-1,-1,-1,-1,1,1,32,19,-1,hi,3,19,3,874,1993,-1,-1,-1,-1,-1,-1,dif_high_output_gets_(lo-hi)_times_twiddle
ntt32_butterfly_operand,0,2,0,v4,4,-1,-1,-1,-1,-1,-1,1,1,32,4,-1,lo,4,20,4,109,1716,-1,-1,-1,-1,-1,-1,low_operand_for_dif_butterfly
ntt32_butterfly_operand,0,2,2,v6,4,-1,-1,-1,-1,-1,-1,1,1,32,20,-1,hi,4,20,4,109,1716,-1,-1,-1,-1,-1,-1,dif_high_output_gets_(lo-hi)_times_twiddle
ntt32_butterfly_operand,0,2,0,v4,5,-1,-1,-1,-1,-1,-1,1,1,32,5,-1,lo,5,21,5,864,1899,-1,-1,-1,-1,-1,-1,low_operand_for_dif_butterfly
ntt32_butterfly_operand,0,2,2,v6,5,-1,-1,-1,-1,-1,-1,1,1,32,21,-1,hi,5,21,5,864,1899,-1,-1,-1,-1,-1,-1,dif_high_output_gets_(lo-hi)_times_twiddle
ntt32_butterfly_operand,0,2,0,v4,6,-1,-1,-1,-1,-1,-1,1,1,32,6,-1,lo,6,22,6,-446,3413,-1,-1,-1,-1,-1,-1,low_operand_for_dif_butterfly
ntt32_butterfly_operand,0,2,2,v6,6,-1,-1,-1,-1,-1,-1,1,1,32,22,-1,hi,6,22,6,-446,3413,-1,-1,-1,-1,-1,-1,dif_high_output_gets_(lo-hi)_times_twiddle
ntt32_butterfly_operand,0,2,0,v4,7,-1,-1,-1,-1,-1,-1,1,1,32,7,-1,lo,7,23,7,-554,1015,-1,-1,-1,-1,-1,-1,low_operand_for_dif_butterfly
ntt32_butterfly_operand,0,2,2,v6,7,-1,-1,-1,-1,-1,-1,1,1,32,23,-1,hi,7,23,7,-554,1015,-1,-1,-1,-1,-1,-1,dif_high_output_gets_(lo-hi)_times_twiddle
ntt32_butterfly_operand,0,2,1,v5,0,-1,-1,-1,-1,-1,-1,1,1,32,8,-1,lo,8,24,8,366,2749,-1,-1,-1,-1,-1,-1,low_operand_for_dif_butterfly
ntt32_butterfly_operand,0,2,3,v7,0,-1,-1,-1,-1,-1,-1,1,1,32,24,-1,hi,8,24,8,366,2749,-1,-1,-1,-1,-1,-1,dif_high_output_gets_(lo-hi)_times_twiddle
ntt32_butterfly_operand,0,2,1,v5,1,-1,-1,-1,-1,-1,-1,1,1,32,9,-1,lo,9,25,9,-429,2190,-1,-1,-1,-1,-1,-1,low_operand_for_dif_butterfly
ntt32_butterfly_operand,0,2,3,v7,1,-1,-1,-1,-1,-1,-1,1,1,32,25,-1,hi,9,25,9,-429,2190,-1,-1,-1,-1,-1,-1,dif_high_output_gets_(lo-hi)_times_twiddle
ntt32_butterfly_operand,0,2,1,v5,2,-1,-1,-1,-1,-1,-1,1,1,32,10,-1,lo,10,26,10,-1339,550,-1,-1,-1,-1,-1,-1,low_operand_for_dif_butterfly
ntt32_butterfly_operand,0,2,3,v7,2,-1,-1,-1,-1,-1,-1,1,1,32,26,-1,hi,10,26,10,-1339,550,-1,-1,-1,-1,-1,-1,dif_high_output_gets_(lo-hi)_times_twiddle
ntt32_butterfly_operand,0,2,1,v5,3,-1,-1,-1,-1,-1,-1,1,1,32,11,-1,lo,11,27,11,11,2869,-1,-1,-1,-1,-1,-1,low_operand_for_dif_butterfly
ntt32_butterfly_operand,0,2,3,v7,3,-1,-1,-1,-1,-1,-1,1,1,32,27,-1,hi,11,27,11,11,2869,-1,-1,-1,-1,-1,-1,dif_high_output_gets_(lo-hi)_times_twiddle
ntt32_butterfly_operand,0,2,1,v5,4,-1,-1,-1,-1,-1,-1,1,1,32,12,-1,lo,12,28,12,-1118,1936,-1,-1,-1,-1,-1,-1,low_operand_for_dif_butterfly
ntt32_butterfly_operand,0,2,3,v7,4,-1,-1,-1,-1,-1,-1,1,1,32,28,-1,hi,12,28,12,-1118,1936,-1,-1,-1,-1,-1,-1,dif_high_output_gets_(lo-hi)_times_twiddle
ntt32_butterfly_operand,0,2,1,v5,5,-1,-1,-1,-1,-1,-1,1,1,32,13,-1,lo,13,29,13,177,281,-1,-1,-1,-1,-1,-1,low_operand_for_dif_butterfly
ntt32_butterfly_operand,0,2,3,v7,5,-1,-1,-1,-1,-1,-1,1,1,32,29,-1,hi,13,29,13,177,281,-1,-1,-1,-1,-1,-1,dif_high_output_gets_(lo-hi)_times_twiddle
ntt32_butterfly_operand,0,2,1,v5,6,-1,-1,-1,-1,-1,-1,1,1,32,14,-1,lo,14,30,14,1181,39,-1,-1,-1,-1,-1,-1,low_operand_for_dif_butterfly
ntt32_butterfly_operand,0,2,3,v7,6,-1,-1,-1,-1,-1,-1,1,1,32,30,-1,hi,14,30,14,1181,39,-1,-1,-1,-1,-1,-1,dif_high_output_gets_(lo-hi)_times_twiddle
ntt32_butterfly_operand,0,2,1,v5,7,-1,-1,-1,-1,-1,-1,1,1,32,15,-1,lo,15,31,15,1591,436,-1,-1,-1,-1,-1,-1,low_operand_for_dif_butterfly
ntt32_butterfly_operand,0,2,3,v7,7,-1,-1,-1,-1,-1,-1,1,1,32,31,-1,hi,15,31,15,1591,436,-1,-1,-1,-1,-1,-1,dif_high_output_gets_(lo-hi)_times_twiddle
ntt32_butterfly_operand,0,2,0,v4,0,-1,-1,-1,-1,-1,-1,1,2,16,0,-1,lo,0,8,0,-147,1,-1,-1,-1,-1,-1,-1,low_operand_for_dif_butterfly
ntt32_butterfly_operand,0,2,1,v5,0,-1,-1,-1,-1,-1,-1,1,2,16,8,-1,hi,0,8,0,-147,1,-1,-1,-1,-1,-1,-1,dif_high_output_gets_(lo-hi)_times_twiddle
ntt32_butterfly_operand,0,2,0,v4,1,-1,-1,-1,-1,-1,-1,1,2,16,1,-1,lo,1,9,2,-794,2216,-1,-1,-1,-1,-1,-1,low_operand_for_dif_butterfly
ntt32_butterfly_operand,0,2,1,v5,1,-1,-1,-1,-1,-1,-1,1,2,16,9,-1,hi,1,9,2,-794,2216,-1,-1,-1,-1,-1,-1,dif_high_output_gets_(lo-hi)_times_twiddle
ntt32_butterfly_operand,0,2,0,v4,2,-1,-1,-1,-1,-1,-1,1,2,16,2,-1,lo,2,10,4,109,1716,-1,-1,-1,-1,-1,-1,low_operand_for_dif_butterfly
ntt32_butterfly_operand,0,2,1,v5,2,-1,-1,-1,-1,-1,-1,1,2,16,10,-1,hi,2,10,4,109,1716,-1,-1,-1,-1,-1,-1,dif_high_output_gets_(lo-hi)_times_twiddle
ntt32_butterfly_operand,0,2,0,v4,3,-1,-1,-1,-1,-1,-1,1,2,16,3,-1,lo,3,11,6,-446,3413,-1,-1,-1,-1,-1,-1,low_operand_for_dif_butterfly
ntt32_butterfly_operand,0,2,1,v5,3,-1,-1,-1,-1,-1,-1,1,2,16,11,-1,hi,3,11,6,-446,3413,-1,-1,-1,-1,-1,-1,dif_high_output_gets_(lo-hi)_times_twiddle
ntt32_butterfly_operand,0,2,0,v4,4,-1,-1,-1,-1,-1,-1,1,2,16,4,-1,lo,4,12,8,366,2749,-1,-1,-1,-1,-1,-1,low_operand_for_dif_butterfly
ntt32_butterfly_operand,0,2,1,v5,4,-1,-1,-1,-1,-1,-1,1,2,16,12,-1,hi,4,12,8,366,2749,-1,-1,-1,-1,-1,-1,dif_high_output_gets_(lo-hi)_times_twiddle
ntt32_butterfly_operand,0,2,0,v4,5,-1,-1,-1,-1,-1,-1,1,2,16,5,-1,lo,5,13,10,-1339,550,-1,-1,-1,-1,-1,-1,low_operand_for_dif_butterfly
ntt32_butterfly_operand,0,2,1,v5,5,-1,-1,-1,-1,-1,-1,1,2,16,13,-1,hi,5,13,10,-1339,550,-1,-1,-1,-1,-1,-1,dif_high_output_gets_(lo-hi)_times_twiddle
ntt32_butterfly_operand,0,2,0,v4,6,-1,-1,-1,-1,-1,-1,1,2,16,6,-1,lo,6,14,12,-1118,1936,-1,-1,-1,-1,-1,-1,low_operand_for_dif_butterfly
ntt32_butterfly_operand,0,2,1,v5,6,-1,-1,-1,-1,-1,-1,1,2,16,14,-1,hi,6,14,12,-1118,1936,-1,-1,-1,-1,-1,-1,dif_high_output_gets_(lo-hi)_times_twiddle
ntt32_butterfly_operand,0,2,0,v4,7,-1,-1,-1,-1,-1,-1,1,2,16,7,-1,lo,7,15,14,1181,39,-1,-1,-1,-1,-1,-1,low_operand_for_dif_butterfly
ntt32_butterfly_operand,0,2,1,v5,7,-1,-1,-1,-1,-1,-1,1,2,16,15,-1,hi,7,15,14,1181,39,-1,-1,-1,-1,-1,-1,dif_high_output_gets_(lo-hi)_times_twiddle
ntt32_butterfly_operand,0,2,2,v6,0,-1,-1,-1,-1,-1,-1,1,2,16,16,-1,lo,16,24,0,-147,1,-1,-1,-1,-1,-1,-1,low_operand_for_dif_butterfly
ntt32_butterfly_operand,0,2,3,v7,0,-1,-1,-1,-1,-1,-1,1,2,16,24,-1,hi,16,24,0,-147,1,-1,-1,-1,-1,-1,-1,dif_high_output_gets_(lo-hi)_times_twiddle
ntt32_butterfly_operand,0,2,2,v6,1,-1,-1,-1,-1,-1,-1,1,2,16,17,-1,lo,17,25,2,-794,2216,-1,-1,-1,-1,-1,-1,low_operand_for_dif_butterfly
ntt32_butterfly_operand,0,2,3,v7,1,-1,-1,-1,-1,-1,-1,1,2,16,25,-1,hi,17,25,2,-794,2216,-1,-1,-1,-1,-1,-1,dif_high_output_gets_(lo-hi)_times_twiddle
ntt32_butterfly_operand,0,2,2,v6,2,-1,-1,-1,-1,-1,-1,1,2,16,18,-1,lo,18,26,4,109,1716,-1,-1,-1,-1,-1,-1,low_operand_for_dif_butterfly
ntt32_butterfly_operand,0,2,3,v7,2,-1,-1,-1,-1,-1,-1,1,2,16,26,-1,hi,18,26,4,109,1716,-1,-1,-1,-1,-1,-1,dif_high_output_gets_(lo-hi)_times_twiddle
ntt32_butterfly_operand,0,2,2,v6,3,-1,-1,-1,-1,-1,-1,1,2,16,19,-1,lo,19,27,6,-446,3413,-1,-1,-1,-1,-1,-1,low_operand_for_dif_butterfly
ntt32_butterfly_operand,0,2,3,v7,3,-1,-1,-1,-1,-1,-1,1,2,16,27,-1,hi,19,27,6,-446,3413,-1,-1,-1,-1,-1,-1,dif_high_output_gets_(lo-hi)_times_twiddle
ntt32_butterfly_operand,0,2,2,v6,4,-1,-1,-1,-1,-1,-1,1,2,16,20,-1,lo,20,28,8,366,2749,-1,-1,-1,-1,-1,-1,low_operand_for_dif_butterfly
ntt32_butterfly_operand,0,2,3,v7,4,-1,-1,-1,-1,-1,-1,1,2,16,28,-1,hi,20,28,8,366,2749,-1,-1,-1,-1,-1,-1,dif_high_output_gets_(lo-hi)_times_twiddle
ntt32_butterfly_operand,0,2,2,v6,5,-1,-1,-1,-1,-1,-1,1,2,16,21,-1,lo,21,29,10,-1339,550,-1,-1,-1,-1,-1,-1,low_operand_for_dif_butterfly
ntt32_butterfly_operand,0,2,3,v7,5,-1,-1,-1,-1,-1,-1,1,2,16,29,-1,hi,21,29,10,-1339,550,-1,-1,-1,-1,-1,-1,dif_high_output_gets_(lo-hi)_times_twiddle
ntt32_butterfly_operand,0,2,2,v6,6,-1,-1,-1,-1,-1,-1,1,2,16,22,-1,lo,22,30,12,-1118,1936,-1,-1,-1,-1,-1,-1,low_operand_for_dif_butterfly
ntt32_butterfly_operand,0,2,3,v7,6,-1,-1,-1,-1,-1,-1,1,2,16,30,-1,hi,22,30,12,-1118,1936,-1,-1,-1,-1,-1,-1,dif_high_output_gets_(lo-hi)_times_twiddle
ntt32_butterfly_operand,0,2,2,v6,7,-1,-1,-1,-1,-1,-1,1,2,16,23,-1,lo,23,31,14,1181,39,-1,-1,-1,-1,-1,-1,low_operand_for_dif_butterfly
ntt32_butterfly_operand,0,2,3,v7,7,-1,-1,-1,-1,-1,-1,1,2,16,31,-1,hi,23,31,14,1181,39,-1,-1,-1,-1,-1,-1,dif_high_output_gets_(lo-hi)_times_twiddle
ntt32_butterfly_operand,0,2,0,v4,0,-1,-1,-1,-1,-1,-1,1,3,8,0,-1,lo,0,4,0,-147,1,-1,-1,-1,-1,-1,-1,low_operand_for_dif_butterfly
ntt32_butterfly_operand,0,2,0,v4,4,-1,-1,-1,-1,-1,-1,1,3,8,4,-1,hi,0,4,0,-147,1,-1,-1,-1,-1,-1,-1,dif_high_output_gets_(lo-hi)_times_twiddle
ntt32_butterfly_operand,0,2,0,v4,1,-1,-1,-1,-1,-1,-1,1,3,8,1,-1,lo,1,5,4,109,1716,-1,-1,-1,-1,-1,-1,low_operand_for_dif_butterfly
ntt32_butterfly_operand,0,2,0,v4,5,-1,-1,-1,-1,-1,-1,1,3,8,5,-1,hi,1,5,4,109,1716,-1,-1,-1,-1,-1,-1,dif_high_output_gets_(lo-hi)_times_twiddle
ntt32_butterfly_operand,0,2,0,v4,2,-1,-1,-1,-1,-1,-1,1,3,8,2,-1,lo,2,6,8,366,2749,-1,-1,-1,-1,-1,-1,low_operand_for_dif_butterfly
ntt32_butterfly_operand,0,2,0,v4,6,-1,-1,-1,-1,-1,-1,1,3,8,6,-1,hi,2,6,8,366,2749,-1,-1,-1,-1,-1,-1,dif_high_output_gets_(lo-hi)_times_twiddle
ntt32_butterfly_operand,0,2,0,v4,3,-1,-1,-1,-1,-1,-1,1,3,8,3,-1,lo,3,7,12,-1118,1936,-1,-1,-1,-1,-1,-1,low_operand_for_dif_butterfly
ntt32_butterfly_operand,0,2,0,v4,7,-1,-1,-1,-1,-1,-1,1,3,8,7,-1,hi,3,7,12,-1118,1936,-1,-1,-1,-1,-1,-1,dif_high_output_gets_(lo-hi)_times_twiddle
ntt32_butterfly_operand,0,2,1,v5,0,-1,-1,-1,-1,-1,-1,1,3,8,8,-1,lo,8,12,0,-147,1,-1,-1,-1,-1,-1,-1,low_operand_for_dif_butterfly
ntt32_butterfly_operand,0,2,1,v5,4,-1,-1,-1,-1,-1,-1,1,3,8,12,-1,hi,8,12,0,-147,1,-1,-1,-1,-1,-1,-1,dif_high_output_gets_(lo-hi)_times_twiddle
ntt32_butterfly_operand,0,2,1,v5,1,-1,-1,-1,-1,-1,-1,1,3,8,9,-1,lo,9,13,4,109,1716,-1,-1,-1,-1,-1,-1,low_operand_for_dif_butterfly
ntt32_butterfly_operand,0,2,1,v5,5,-1,-1,-1,-1,-1,-1,1,3,8,13,-1,hi,9,13,4,109,1716,-1,-1,-1,-1,-1,-1,dif_high_output_gets_(lo-hi)_times_twiddle
ntt32_butterfly_operand,0,2,1,v5,2,-1,-1,-1,-1,-1,-1,1,3,8,10,-1,lo,10,14,8,366,2749,-1,-1,-1,-1,-1,-1,low_operand_for_dif_butterfly
ntt32_butterfly_operand,0,2,1,v5,6,-1,-1,-1,-1,-1,-1,1,3,8,14,-1,hi,10,14,8,366,2749,-1,-1,-1,-1,-1,-1,dif_high_output_gets_(lo-hi)_times_twiddle
ntt32_butterfly_operand,0,2,1,v5,3,-1,-1,-1,-1,-1,-1,1,3,8,11,-1,lo,11,15,12,-1118,1936,-1,-1,-1,-1,-1,-1,low_operand_for_dif_butterfly
ntt32_butterfly_operand,0,2,1,v5,7,-1,-1,-1,-1,-1,-1,1,3,8,15,-1,hi,11,15,12,-1118,1936,-1,-1,-1,-1,-1,-1,dif_high_output_gets_(lo-hi)_times_twiddle
ntt32_butterfly_operand,0,2,2,v6,0,-1,-1,-1,-1,-1,-1,1,3,8,16,-1,lo,16,20,0,-147,1,-1,-1,-1,-1,-1,-1,low_operand_for_dif_butterfly
ntt32_butterfly_operand,0,2,2,v6,4,-1,-1,-1,-1,-1,-1,1,3,8,20,-1,hi,16,20,0,-147,1,-1,-1,-1,-1,-1,-1,dif_high_output_gets_(lo-hi)_times_twiddle
ntt32_butterfly_operand,0,2,2,v6,1,-1,-1,-1,-1,-1,-1,1,3,8,17,-1,lo,17,21,4,109,1716,-1,-1,-1,-1,-1,-1,low_operand_for_dif_butterfly
ntt32_butterfly_operand,0,2,2,v6,5,-1,-1,-1,-1,-1,-1,1,3,8,21,-1,hi,17,21,4,109,1716,-1,-1,-1,-1,-1,-1,dif_high_output_gets_(lo-hi)_times_twiddle
ntt32_butterfly_operand,0,2,2,v6,2,-1,-1,-1,-1,-1,-1,1,3,8,18,-1,lo,18,22,8,366,2749,-1,-1,-1,-1,-1,-1,low_operand_for_dif_butterfly
ntt32_butterfly_operand,0,2,2,v6,6,-1,-1,-1,-1,-1,-1,1,3,8,22,-1,hi,18,22,8,366,2749,-1,-1,-1,-1,-1,-1,dif_high_output_gets_(lo-hi)_times_twiddle
ntt32_butterfly_operand,0,2,2,v6,3,-1,-1,-1,-1,-1,-1,1,3,8,19,-1,lo,19,23,12,-1118,1936,-1,-1,-1,-1,-1,-1,low_operand_for_dif_butterfly
ntt32_butterfly_operand,0,2,2,v6,7,-1,-1,-1,-1,-1,-1,1,3,8,23,-1,hi,19,23,12,-1118,1936,-1,-1,-1,-1,-1,-1,dif_high_output_gets_(lo-hi)_times_twiddle
ntt32_butterfly_operand,0,2,3,v7,0,-1,-1,-1,-1,-1,-1,1,3,8,24,-1,lo,24,28,0,-147,1,-1,-1,-1,-1,-1,-1,low_operand_for_dif_butterfly
ntt32_butterfly_operand,0,2,3,v7,4,-1,-1,-1,-1,-1,-1,1,3,8,28,-1,hi,24,28,0,-147,1,-1,-1,-1,-1,-1,-1,dif_high_output_gets_(lo-hi)_times_twiddle
ntt32_butterfly_operand,0,2,3,v7,1,-1,-1,-1,-1,-1,-1,1,3,8,25,-1,lo,25,29,4,109,1716,-1,-1,-1,-1,-1,-1,low_operand_for_dif_butterfly
ntt32_butterfly_operand,0,2,3,v7,5,-1,-1,-1,-1,-1,-1,1,3,8,29,-1,hi,25,29,4,109,1716,-1,-1,-1,-1,-1,-1,dif_high_output_gets_(lo-hi)_times_twiddle
ntt32_butterfly_operand,0,2,3,v7,2,-1,-1,-1,-1,-1,-1,1,3,8,26,-1,lo,26,30,8,366,2749,-1,-1,-1,-1,-1,-1,low_operand_for_dif_butterfly
ntt32_butterfly_operand,0,2,3,v7,6,-1,-1,-1,-1,-1,-1,1,3,8,30,-1,hi,26,30,8,366,2749,-1,-1,-1,-1,-1,-1,dif_high_output_gets_(lo-hi)_times_twiddle
ntt32_butterfly_operand,0,2,3,v7,3,-1,-1,-1,-1,-1,-1,1,3,8,27,-1,lo,27,31,12,-1118,1936,-1,-1,-1,-1,-1,-1,low_operand_for_dif_butterfly
ntt32_butterfly_operand,0,2,3,v7,7,-1,-1,-1,-1,-1,-1,1,3,8,31,-1,hi,27,31,12,-1118,1936,-1,-1,-1,-1,-1,-1,dif_high_output_gets_(lo-hi)_times_twiddle
ntt32_butterfly_operand,0,2,0,v4,0,-1,-1,-1,-1,-1,-1,1,4,4,0,-1,lo,0,2,0,-147,1,-1,-1,-1,-1,-1,-1,low_operand_for_dif_butterfly
ntt32_butterfly_operand,0,2,0,v4,2,-1,-1,-1,-1,-1,-1,1,4,4,2,-1,hi,0,2,0,-147,1,-1,-1,-1,-1,-1,-1,dif_high_output_gets_(lo-hi)_times_twiddle
ntt32_butterfly_operand,0,2,0,v4,1,-1,-1,-1,-1,-1,-1,1,4,4,1,-1,lo,1,3,8,366,2749,-1,-1,-1,-1,-1,-1,low_operand_for_dif_butterfly
ntt32_butterfly_operand,0,2,0,v4,3,-1,-1,-1,-1,-1,-1,1,4,4,3,-1,hi,1,3,8,366,2749,-1,-1,-1,-1,-1,-1,dif_high_output_gets_(lo-hi)_times_twiddle
ntt32_butterfly_operand,0,2,0,v4,4,-1,-1,-1,-1,-1,-1,1,4,4,4,-1,lo,4,6,0,-147,1,-1,-1,-1,-1,-1,-1,low_operand_for_dif_butterfly
ntt32_butterfly_operand,0,2,0,v4,6,-1,-1,-1,-1,-1,-1,1,4,4,6,-1,hi,4,6,0,-147,1,-1,-1,-1,-1,-1,-1,dif_high_output_gets_(lo-hi)_times_twiddle
ntt32_butterfly_operand,0,2,0,v4,5,-1,-1,-1,-1,-1,-1,1,4,4,5,-1,lo,5,7,8,366,2749,-1,-1,-1,-1,-1,-1,low_operand_for_dif_butterfly
ntt32_butterfly_operand,0,2,0,v4,7,-1,-1,-1,-1,-1,-1,1,4,4,7,-1,hi,5,7,8,366,2749,-1,-1,-1,-1,-1,-1,dif_high_output_gets_(lo-hi)_times_twiddle
ntt32_butterfly_operand,0,2,1,v5,0,-1,-1,-1,-1,-1,-1,1,4,4,8,-1,lo,8,10,0,-147,1,-1,-1,-1,-1,-1,-1,low_operand_for_dif_butterfly
ntt32_butterfly_operand,0,2,1,v5,2,-1,-1,-1,-1,-1,-1,1,4,4,10,-1,hi,8,10,0,-147,1,-1,-1,-1,-1,-1,-1,dif_high_output_gets_(lo-hi)_times_twiddle
ntt32_butterfly_operand,0,2,1,v5,1,-1,-1,-1,-1,-1,-1,1,4,4,9,-1,lo,9,11,8,366,2749,-1,-1,-1,-1,-1,-1,low_operand_for_dif_butterfly
ntt32_butterfly_operand,0,2,1,v5,3,-1,-1,-1,-1,-1,-1,1,4,4,11,-1,hi,9,11,8,366,2749,-1,-1,-1,-1,-1,-1,dif_high_output_gets_(lo-hi)_times_twiddle
ntt32_butterfly_operand,0,2,1,v5,4,-1,-1,-1,-1,-1,-1,1,4,4,12,-1,lo,12,14,0,-147,1,-1,-1,-1,-1,-1,-1,low_operand_for_dif_butterfly
ntt32_butterfly_operand,0,2,1,v5,6,-1,-1,-1,-1,-1,-1,1,4,4,14,-1,hi,12,14,0,-147,1,-1,-1,-1,-1,-1,-1,dif_high_output_gets_(lo-hi)_times_twiddle
ntt32_butterfly_operand,0,2,1,v5,5,-1,-1,-1,-1,-1,-1,1,4,4,13,-1,lo,13,15,8,366,2749,-1,-1,-1,-1,-1,-1,low_operand_for_dif_butterfly
ntt32_butterfly_operand,0,2,1,v5,7,-1,-1,-1,-1,-1,-1,1,4,4,15,-1,hi,13,15,8,366,2749,-1,-1,-1,-1,-1,-1,dif_high_output_gets_(lo-hi)_times_twiddle
ntt32_butterfly_operand,0,2,2,v6,0,-1,-1,-1,-1,-1,-1,1,4,4,16,-1,lo,16,18,0,-147,1,-1,-1,-1,-1,-1,-1,low_operand_for_dif_butterfly
ntt32_butterfly_operand,0,2,2,v6,2,-1,-1,-1,-1,-1,-1,1,4,4,18,-1,hi,16,18,0,-147,1,-1,-1,-1,-1,-1,-1,dif_high_output_gets_(lo-hi)_times_twiddle
ntt32_butterfly_operand,0,2,2,v6,1,-1,-1,-1,-1,-1,-1,1,4,4,17,-1,lo,17,19,8,366,2749,-1,-1,-1,-1,-1,-1,low_operand_for_dif_butterfly
ntt32_butterfly_operand,0,2,2,v6,3,-1,-1,-1,-1,-1,-1,1,4,4,19,-1,hi,17,19,8,366,2749,-1,-1,-1,-1,-1,-1,dif_high_output_gets_(lo-hi)_times_twiddle
ntt32_butterfly_operand,0,2,2,v6,4,-1,-1,-1,-1,-1,-1,1,4,4,20,-1,lo,20,22,0,-147,1,-1,-1,-1,-1,-1,-1,low_operand_for_dif_butterfly
ntt32_butterfly_operand,0,2,2,v6,6,-1,-1,-1,-1,-1,-1,1,4,4,22,-1,hi,20,22,0,-147,1,-1,-1,-1,-1,-1,-1,dif_high_output_gets_(lo-hi)_times_twiddle
ntt32_butterfly_operand,0,2,2,v6,5,-1,-1,-1,-1,-1,-1,1,4,4,21,-1,lo,21,23,8,366,2749,-1,-1,-1,-1,-1,-1,low_operand_for_dif_butterfly
ntt32_butterfly_operand,0,2,2,v6,7,-1,-1,-1,-1,-1,-1,1,4,4,23,-1,hi,21,23,8,366,2749,-1,-1,-1,-1,-1,-1,dif_high_output_gets_(lo-hi)_times_twiddle
ntt32_butterfly_operand,0,2,3,v7,0,-1,-1,-1,-1,-1,-1,1,4,4,24,-1,lo,24,26,0,-147,1,-1,-1,-1,-1,-1,-1,low_operand_for_dif_butterfly
ntt32_butterfly_operand,0,2,3,v7,2,-1,-1,-1,-1,-1,-1,1,4,4,26,-1,hi,24,26,0,-147,1,-1,-1,-1,-1,-1,-1,dif_high_output_gets_(lo-hi)_times_twiddle
ntt32_butterfly_operand,0,2,3,v7,1,-1,-1,-1,-1,-1,-1,1,4,4,25,-1,lo,25,27,8,366,2749,-1,-1,-1,-1,-1,-1,low_operand_for_dif_butterfly
ntt32_butterfly_operand,0,2,3,v7,3,-1,-1,-1,-1,-1,-1,1,4,4,27,-1,hi,25,27,8,366,2749,-1,-1,-1,-1,-1,-1,dif_high_output_gets_(lo-hi)_times_twiddle
ntt32_butterfly_operand,0,2,3,v7,4,-1,-1,-1,-1,-1,-1,1,4,4,28,-1,lo,28,30,0,-147,1,-1,-1,-1,-1,-1,-1,low_operand_for_dif_butterfly
ntt32_butterfly_operand,0,2,3,v7,6,-1,-1,-1,-1,-1,-1,1,4,4,30,-1,hi,28,30,0,-147,1,-1,-1,-1,-1,-1,-1,dif_high_output_gets_(lo-hi)_times_twiddle
ntt32_butterfly_operand,0,2,3,v7,5,-1,-1,-1,-1,-1,-1,1,4,4,29,-1,lo,29,31,8,366,2749,-1,-1,-1,-1,-1,-1,low_operand_for_dif_butterfly
ntt32_butterfly_operand,0,2,3,v7,7,-1,-1,-1,-1,-1,-1,1,4,4,31,-1,hi,29,31,8,366,2749,-1,-1,-1,-1,-1,-1,dif_high_output_gets_(lo-hi)_times_twiddle
ntt32_initial_natural_pack,0,2,0,v4,0,-1,-1,-1,-1,-1,0,2,0,32,0,0,state,-1,-1,0,-147,1,2,258,130,0,64,32,natural_input_for_incomplete_dif_ntt32_pre_len2_output
ntt32_initial_natural_pack,0,2,0,v4,1,-1,-1,-1,-1,-1,1,2,0,32,1,1,state,-1,-1,0,-147,1,134,6,262,33,1,65,natural_input_for_incomplete_dif_ntt32_pre_len2_output
ntt32_initial_natural_pack,0,2,0,v4,2,-1,-1,-1,-1,-1,2,2,0,32,2,2,state,-1,-1,0,-147,1,266,138,10,66,34,2,natural_input_for_incomplete_dif_ntt32_pre_len2_output
ntt32_initial_natural_pack,0,2,0,v4,3,-1,-1,-1,-1,-1,3,2,0,32,3,3,state,-1,-1,0,-147,1,14,270,142,3,67,35,natural_input_for_incomplete_dif_ntt32_pre_len2_output
ntt32_initial_natural_pack,0,2,0,v4,4,-1,-1,-1,-1,-1,4,2,0,32,4,4,state,-1,-1,0,-147,1,146,18,274,36,4,68,natural_input_for_incomplete_dif_ntt32_pre_len2_output
ntt32_initial_natural_pack,0,2,0,v4,5,-1,-1,-1,-1,-1,5,2,0,32,5,5,state,-1,-1,0,-147,1,278,150,22,69,37,5,natural_input_for_incomplete_dif_ntt32_pre_len2_output
ntt32_initial_natural_pack,0,2,0,v4,6,-1,-1,-1,-1,-1,6,2,0,32,6,6,state,-1,-1,0,-147,1,26,282,154,6,70,38,natural_input_for_incomplete_dif_ntt32_pre_len2_output
ntt32_initial_natural_pack,0,2,0,v4,7,-1,-1,-1,-1,-1,7,2,0,32,7,7,state,-1,-1,0,-147,1,158,30,286,39,7,71,natural_input_for_incomplete_dif_ntt32_pre_len2_output
ntt32_initial_natural_pack,0,2,1,v5,0,-1,-1,-1,-1,-1,8,2,0,32,8,8,state,-1,-1,0,-147,1,290,162,34,72,40,8,natural_input_for_incomplete_dif_ntt32_pre_len2_output
ntt32_initial_natural_pack,0,2,1,v5,1,-1,-1,-1,-1,-1,9,2,0,32,9,9,state,-1,-1,0,-147,1,38,294,166,9,73,41,natural_input_for_incomplete_dif_ntt32_pre_len2_output
ntt32_initial_natural_pack,0,2,1,v5,2,-1,-1,-1,-1,-1,10,2,0,32,10,10,state,-1,-1,0,-147,1,170,42,298,42,10,74,natural_input_for_incomplete_dif_ntt32_pre_len2_output
ntt32_initial_natural_pack,0,2,1,v5,3,-1,-1,-1,-1,-1,11,2,0,32,11,11,state,-1,-1,0,-147,1,302,174,46,75,43,11,natural_input_for_incomplete_dif_ntt32_pre_len2_output
ntt32_initial_natural_pack,0,2,1,v5,4,-1,-1,-1,-1,-1,12,2,0,32,12,12,state,-1,-1,0,-147,1,50,306,178,12,76,44,natural_input_for_incomplete_dif_ntt32_pre_len2_output
ntt32_initial_natural_pack,0,2,1,v5,5,-1,-1,-1,-1,-1,13,2,0,32,13,13,state,-1,-1,0,-147,1,182,54,310,45,13,77,natural_input_for_incomplete_dif_ntt32_pre_len2_output
ntt32_initial_natural_pack,0,2,1,v5,6,-1,-1,-1,-1,-1,14,2,0,32,14,14,state,-1,-1,0,-147,1,314,186,58,78,46,14,natural_input_for_incomplete_dif_ntt32_pre_len2_output
ntt32_initial_natural_pack,0,2,1,v5,7,-1,-1,-1,-1,-1,15,2,0,32,15,15,state,-1,-1,0,-147,1,62,318,190,15,79,47,natural_input_for_incomplete_dif_ntt32_pre_len2_output
ntt32_initial_natural_pack,0,2,2,v6,0,-1,-1,-1,-1,-1,16,2,0,32,16,16,state,-1,-1,0,-147,1,194,66,322,48,16,80,natural_input_for_incomplete_dif_ntt32_pre_len2_output
ntt32_initial_natural_pack,0,2,2,v6,1,-1,-1,-1,-1,-1,17,2,0,32,17,17,state,-1,-1,0,-147,1,326,198,70,81,49,17,natural_input_for_incomplete_dif_ntt32_pre_len2_output
ntt32_initial_natural_pack,0,2,2,v6,2,-1,-1,-1,-1,-1,18,2,0,32,18,18,state,-1,-1,0,-147,1,74,330,202,18,82,50,natural_input_for_incomplete_dif_ntt32_pre_len2_output
ntt32_initial_natural_pack,0,2,2,v6,3,-1,-1,-1,-1,-1,19,2,0,32,19,19,state,-1,-1,0,-147,1,206,78,334,51,19,83,natural_input_for_incomplete_dif_ntt32_pre_len2_output
ntt32_initial_natural_pack,0,2,2,v6,4,-1,-1,-1,-1,-1,20,2,0,32,20,20,state,-1,-1,0,-147,1,338,210,82,84,52,20,natural_input_for_incomplete_dif_ntt32_pre_len2_output
ntt32_initial_natural_pack,0,2,2,v6,5,-1,-1,-1,-1,-1,21,2,0,32,21,21,state,-1,-1,0,-147,1,86,342,214,21,85,53,natural_input_for_incomplete_dif_ntt32_pre_len2_output
ntt32_initial_natural_pack,0,2,2,v6,6,-1,-1,-1,-1,-1,22,2,0,32,22,22,state,-1,-1,0,-147,1,218,90,346,54,22,86,natural_input_for_incomplete_dif_ntt32_pre_len2_output
ntt32_initial_natural_pack,0,2,2,v6,7,-1,-1,-1,-1,-1,23,2,0,32,23,23,state,-1,-1,0,-147,1,350,222,94,87,55,23,natural_input_for_incomplete_dif_ntt32_pre_len2_output
ntt32_initial_natural_pack,0,2,3,v7,0,-1,-1,-1,-1,-1,24,2,0,32,24,24,state,-1,-1,0,-147,1,98,354,226,24,88,56,natural_input_for_incomplete_dif_ntt32_pre_len2_output
ntt32_initial_natural_pack,0,2,3,v7,1,-1,-1,-1,-1,-1,25,2,0,32,25,25,state,-1,-1,0,-147,1,230,102,358,57,25,89,natural_input_for_incomplete_dif_ntt32_pre_len2_output
ntt32_initial_natural_pack,0,2,3,v7,2,-1,-1,-1,-1,-1,26,2,0,32,26,26,state,-1,-1,0,-147,1,362,234,106,90,58,26,natural_input_for_incomplete_dif_ntt32_pre_len2_output
ntt32_initial_natural_pack,0,2,3,v7,3,-1,-1,-1,-1,-1,27,2,0,32,27,27,state,-1,-1,0,-147,1,110,366,238,27,91,59,natural_input_for_incomplete_dif_ntt32_pre_len2_output
ntt32_initial_natural_pack,0,2,3,v7,4,-1,-1,-1,-1,-1,28,2,0,32,28,28,state,-1,-1,0,-147,1,242,114,370,60,28,92,natural_input_for_incomplete_dif_ntt32_pre_len2_output
ntt32_initial_natural_pack,0,2,3,v7,5,-1,-1,-1,-1,-1,29,2,0,32,29,29,state,-1,-1,0,-147,1,374,246,118,93,61,29,natural_input_for_incomplete_dif_ntt32_pre_len2_output
ntt32_initial_natural_pack,0,2,3,v7,6,-1,-1,-1,-1,-1,30,2,0,32,30,30,state,-1,-1,0,-147,1,122,378,250,30,94,62,natural_input_for_incomplete_dif_ntt32_pre_len2_output
ntt32_initial_natural_pack,0,2,3,v7,7,-1,-1,-1,-1,-1,31,2,0,32,31,31,state,-1,-1,0,-147,1,254,126,382,63,31,95,natural_input_for_incomplete_dif_ntt32_pre_len2_output
ntt32_butterfly_operand,0,2,0,v4,0,-1,-1,-1,-1,-1,-1,2,1,32,0,-1,lo,0,16,0,-147,1,-1,-1,-1,-1,-1,-1,low_operand_for_dif_butterfly
ntt32_butterfly_operand,0,2,2,v6,0,-1,-1,-1,-1,-1,-1,2,1,32,16,-1,hi,0,16,0,-147,1,-1,-1,-1,-1,-1,-1,dif_high_output_gets_(lo-hi)_times_twiddle
ntt32_butterfly_operand,0,2,0,v4,1,-1,-1,-1,-1,-1,-1,2,1,32,1,-1,lo,1,17,1,484,1784,-1,-1,-1,-1,-1,-1,low_operand_for_dif_butterfly
ntt32_butterfly_operand,0,2,2,v6,1,-1,-1,-1,-1,-1,-1,2,1,32,17,-1,hi,1,17,1,484,1784,-1,-1,-1,-1,-1,-1,dif_high_output_gets_(lo-hi)_times_twiddle
ntt32_butterfly_operand,0,2,0,v4,2,-1,-1,-1,-1,-1,-1,2,1,32,2,-1,lo,2,18,2,-794,2216,-1,-1,-1,-1,-1,-1,low_operand_for_dif_butterfly
ntt32_butterfly_operand,0,2,2,v6,2,-1,-1,-1,-1,-1,-1,2,1,32,18,-1,hi,2,18,2,-794,2216,-1,-1,-1,-1,-1,-1,dif_high_output_gets_(lo-hi)_times_twiddle
ntt32_butterfly_operand,0,2,0,v4,3,-1,-1,-1,-1,-1,-1,2,1,32,3,-1,lo,3,19,3,874,1993,-1,-1,-1,-1,-1,-1,low_operand_for_dif_butterfly
ntt32_butterfly_operand,0,2,2,v6,3,-1,-1,-1,-1,-1,-1,2,1,32,19,-1,hi,3,19,3,874,1993,-1,-1,-1,-1,-1,-1,dif_high_output_gets_(lo-hi)_times_twiddle
ntt32_butterfly_operand,0,2,0,v4,4,-1,-1,-1,-1,-1,-1,2,1,32,4,-1,lo,4,20,4,109,1716,-1,-1,-1,-1,-1,-1,low_operand_for_dif_butterfly
ntt32_butterfly_operand,0,2,2,v6,4,-1,-1,-1,-1,-1,-1,2,1,32,20,-1,hi,4,20,4,109,1716,-1,-1,-1,-1,-1,-1,dif_high_output_gets_(lo-hi)_times_twiddle
ntt32_butterfly_operand,0,2,0,v4,5,-1,-1,-1,-1,-1,-1,2,1,32,5,-1,lo,5,21,5,864,1899,-1,-1,-1,-1,-1,-1,low_operand_for_dif_butterfly
ntt32_butterfly_operand,0,2,2,v6,5,-1,-1,-1,-1,-1,-1,2,1,32,21,-1,hi,5,21,5,864,1899,-1,-1,-1,-1,-1,-1,dif_high_output_gets_(lo-hi)_times_twiddle
ntt32_butterfly_operand,0,2,0,v4,6,-1,-1,-1,-1,-1,-1,2,1,32,6,-1,lo,6,22,6,-446,3413,-1,-1,-1,-1,-1,-1,low_operand_for_dif_butterfly
ntt32_butterfly_operand,0,2,2,v6,6,-1,-1,-1,-1,-1,-1,2,1,32,22,-1,hi,6,22,6,-446,3413,-1,-1,-1,-1,-1,-1,dif_high_output_gets_(lo-hi)_times_twiddle
ntt32_butterfly_operand,0,2,0,v4,7,-1,-1,-1,-1,-1,-1,2,1,32,7,-1,lo,7,23,7,-554,1015,-1,-1,-1,-1,-1,-1,low_operand_for_dif_butterfly
ntt32_butterfly_operand,0,2,2,v6,7,-1,-1,-1,-1,-1,-1,2,1,32,23,-1,hi,7,23,7,-554,1015,-1,-1,-1,-1,-1,-1,dif_high_output_gets_(lo-hi)_times_twiddle
ntt32_butterfly_operand,0,2,1,v5,0,-1,-1,-1,-1,-1,-1,2,1,32,8,-1,lo,8,24,8,366,2749,-1,-1,-1,-1,-1,-1,low_operand_for_dif_butterfly
ntt32_butterfly_operand,0,2,3,v7,0,-1,-1,-1,-1,-1,-1,2,1,32,24,-1,hi,8,24,8,366,2749,-1,-1,-1,-1,-1,-1,dif_high_output_gets_(lo-hi)_times_twiddle
ntt32_butterfly_operand,0,2,1,v5,1,-1,-1,-1,-1,-1,-1,2,1,32,9,-1,lo,9,25,9,-429,2190,-1,-1,-1,-1,-1,-1,low_operand_for_dif_butterfly
ntt32_butterfly_operand,0,2,3,v7,1,-1,-1,-1,-1,-1,-1,2,1,32,25,-1,hi,9,25,9,-429,2190,-1,-1,-1,-1,-1,-1,dif_high_output_gets_(lo-hi)_times_twiddle
ntt32_butterfly_operand,0,2,1,v5,2,-1,-1,-1,-1,-1,-1,2,1,32,10,-1,lo,10,26,10,-1339,550,-1,-1,-1,-1,-1,-1,low_operand_for_dif_butterfly
ntt32_butterfly_operand,0,2,3,v7,2,-1,-1,-1,-1,-1,-1,2,1,32,26,-1,hi,10,26,10,-1339,550,-1,-1,-1,-1,-1,-1,dif_high_output_gets_(lo-hi)_times_twiddle
ntt32_butterfly_operand,0,2,1,v5,3,-1,-1,-1,-1,-1,-1,2,1,32,11,-1,lo,11,27,11,11,2869,-1,-1,-1,-1,-1,-1,low_operand_for_dif_butterfly
ntt32_butterfly_operand,0,2,3,v7,3,-1,-1,-1,-1,-1,-1,2,1,32,27,-1,hi,11,27,11,11,2869,-1,-1,-1,-1,-1,-1,dif_high_output_gets_(lo-hi)_times_twiddle
ntt32_butterfly_operand,0,2,1,v5,4,-1,-1,-1,-1,-1,-1,2,1,32,12,-1,lo,12,28,12,-1118,1936,-1,-1,-1,-1,-1,-1,low_operand_for_dif_butterfly
ntt32_butterfly_operand,0,2,3,v7,4,-1,-1,-1,-1,-1,-1,2,1,32,28,-1,hi,12,28,12,-1118,1936,-1,-1,-1,-1,-1,-1,dif_high_output_gets_(lo-hi)_times_twiddle
ntt32_butterfly_operand,0,2,1,v5,5,-1,-1,-1,-1,-1,-1,2,1,32,13,-1,lo,13,29,13,177,281,-1,-1,-1,-1,-1,-1,low_operand_for_dif_butterfly
ntt32_butterfly_operand,0,2,3,v7,5,-1,-1,-1,-1,-1,-1,2,1,32,29,-1,hi,13,29,13,177,281,-1,-1,-1,-1,-1,-1,dif_high_output_gets_(lo-hi)_times_twiddle
ntt32_butterfly_operand,0,2,1,v5,6,-1,-1,-1,-1,-1,-1,2,1,32,14,-1,lo,14,30,14,1181,39,-1,-1,-1,-1,-1,-1,low_operand_for_dif_butterfly
ntt32_butterfly_operand,0,2,3,v7,6,-1,-1,-1,-1,-1,-1,2,1,32,30,-1,hi,14,30,14,1181,39,-1,-1,-1,-1,-1,-1,dif_high_output_gets_(lo-hi)_times_twiddle
ntt32_butterfly_operand,0,2,1,v5,7,-1,-1,-1,-1,-1,-1,2,1,32,15,-1,lo,15,31,15,1591,436,-1,-1,-1,-1,-1,-1,low_operand_for_dif_butterfly
ntt32_butterfly_operand,0,2,3,v7,7,-1,-1,-1,-1,-1,-1,2,1,32,31,-1,hi,15,31,15,1591,436,-1,-1,-1,-1,-1,-1,dif_high_output_gets_(lo-hi)_times_twiddle
ntt32_butterfly_operand,0,2,0,v4,0,-1,-1,-1,-1,-1,-1,2,2,16,0,-1,lo,0,8,0,-147,1,-1,-1,-1,-1,-1,-1,low_operand_for_dif_butterfly
ntt32_butterfly_operand,0,2,1,v5,0,-1,-1,-1,-1,-1,-1,2,2,16,8,-1,hi,0,8,0,-147,1,-1,-1,-1,-1,-1,-1,dif_high_output_gets_(lo-hi)_times_twiddle
ntt32_butterfly_operand,0,2,0,v4,1,-1,-1,-1,-1,-1,-1,2,2,16,1,-1,lo,1,9,2,-794,2216,-1,-1,-1,-1,-1,-1,low_operand_for_dif_butterfly
ntt32_butterfly_operand,0,2,1,v5,1,-1,-1,-1,-1,-1,-1,2,2,16,9,-1,hi,1,9,2,-794,2216,-1,-1,-1,-1,-1,-1,dif_high_output_gets_(lo-hi)_times_twiddle
ntt32_butterfly_operand,0,2,0,v4,2,-1,-1,-1,-1,-1,-1,2,2,16,2,-1,lo,2,10,4,109,1716,-1,-1,-1,-1,-1,-1,low_operand_for_dif_butterfly
ntt32_butterfly_operand,0,2,1,v5,2,-1,-1,-1,-1,-1,-1,2,2,16,10,-1,hi,2,10,4,109,1716,-1,-1,-1,-1,-1,-1,dif_high_output_gets_(lo-hi)_times_twiddle
ntt32_butterfly_operand,0,2,0,v4,3,-1,-1,-1,-1,-1,-1,2,2,16,3,-1,lo,3,11,6,-446,3413,-1,-1,-1,-1,-1,-1,low_operand_for_dif_butterfly
ntt32_butterfly_operand,0,2,1,v5,3,-1,-1,-1,-1,-1,-1,2,2,16,11,-1,hi,3,11,6,-446,3413,-1,-1,-1,-1,-1,-1,dif_high_output_gets_(lo-hi)_times_twiddle
ntt32_butterfly_operand,0,2,0,v4,4,-1,-1,-1,-1,-1,-1,2,2,16,4,-1,lo,4,12,8,366,2749,-1,-1,-1,-1,-1,-1,low_operand_for_dif_butterfly
ntt32_butterfly_operand,0,2,1,v5,4,-1,-1,-1,-1,-1,-1,2,2,16,12,-1,hi,4,12,8,366,2749,-1,-1,-1,-1,-1,-1,dif_high_output_gets_(lo-hi)_times_twiddle
ntt32_butterfly_operand,0,2,0,v4,5,-1,-1,-1,-1,-1,-1,2,2,16,5,-1,lo,5,13,10,-1339,550,-1,-1,-1,-1,-1,-1,low_operand_for_dif_butterfly
ntt32_butterfly_operand,0,2,1,v5,5,-1,-1,-1,-1,-1,-1,2,2,16,13,-1,hi,5,13,10,-1339,550,-1,-1,-1,-1,-1,-1,dif_high_output_gets_(lo-hi)_times_twiddle
ntt32_butterfly_operand,0,2,0,v4,6,-1,-1,-1,-1,-1,-1,2,2,16,6,-1,lo,6,14,12,-1118,1936,-1,-1,-1,-1,-1,-1,low_operand_for_dif_butterfly
ntt32_butterfly_operand,0,2,1,v5,6,-1,-1,-1,-1,-1,-1,2,2,16,14,-1,hi,6,14,12,-1118,1936,-1,-1,-1,-1,-1,-1,dif_high_output_gets_(lo-hi)_times_twiddle
ntt32_butterfly_operand,0,2,0,v4,7,-1,-1,-1,-1,-1,-1,2,2,16,7,-1,lo,7,15,14,1181,39,-1,-1,-1,-1,-1,-1,low_operand_for_dif_butterfly
ntt32_butterfly_operand,0,2,1,v5,7,-1,-1,-1,-1,-1,-1,2,2,16,15,-1,hi,7,15,14,1181,39,-1,-1,-1,-1,-1,-1,dif_high_output_gets_(lo-hi)_times_twiddle
ntt32_butterfly_operand,0,2,2,v6,0,-1,-1,-1,-1,-1,-1,2,2,16,16,-1,lo,16,24,0,-147,1,-1,-1,-1,-1,-1,-1,low_operand_for_dif_butterfly
ntt32_butterfly_operand,0,2,3,v7,0,-1,-1,-1,-1,-1,-1,2,2,16,24,-1,hi,16,24,0,-147,1,-1,-1,-1,-1,-1,-1,dif_high_output_gets_(lo-hi)_times_twiddle
ntt32_butterfly_operand,0,2,2,v6,1,-1,-1,-1,-1,-1,-1,2,2,16,17,-1,lo,17,25,2,-794,2216,-1,-1,-1,-1,-1,-1,low_operand_for_dif_butterfly
ntt32_butterfly_operand,0,2,3,v7,1,-1,-1,-1,-1,-1,-1,2,2,16,25,-1,hi,17,25,2,-794,2216,-1,-1,-1,-1,-1,-1,dif_high_output_gets_(lo-hi)_times_twiddle
ntt32_butterfly_operand,0,2,2,v6,2,-1,-1,-1,-1,-1,-1,2,2,16,18,-1,lo,18,26,4,109,1716,-1,-1,-1,-1,-1,-1,low_operand_for_dif_butterfly
ntt32_butterfly_operand,0,2,3,v7,2,-1,-1,-1,-1,-1,-1,2,2,16,26,-1,hi,18,26,4,109,1716,-1,-1,-1,-1,-1,-1,dif_high_output_gets_(lo-hi)_times_twiddle
ntt32_butterfly_operand,0,2,2,v6,3,-1,-1,-1,-1,-1,-1,2,2,16,19,-1,lo,19,27,6,-446,3413,-1,-1,-1,-1,-1,-1,low_operand_for_dif_butterfly
ntt32_butterfly_operand,0,2,3,v7,3,-1,-1,-1,-1,-1,-1,2,2,16,27,-1,hi,19,27,6,-446,3413,-1,-1,-1,-1,-1,-1,dif_high_output_gets_(lo-hi)_times_twiddle
ntt32_butterfly_operand,0,2,2,v6,4,-1,-1,-1,-1,-1,-1,2,2,16,20,-1,lo,20,28,8,366,2749,-1,-1,-1,-1,-1,-1,low_operand_for_dif_butterfly
ntt32_butterfly_operand,0,2,3,v7,4,-1,-1,-1,-1,-1,-1,2,2,16,28,-1,hi,20,28,8,366,2749,-1,-1,-1,-1,-1,-1,dif_high_output_gets_(lo-hi)_times_twiddle
ntt32_butterfly_operand,0,2,2,v6,5,-1,-1,-1,-1,-1,-1,2,2,16,21,-1,lo,21,29,10,-1339,550,-1,-1,-1,-1,-1,-1,low_operand_for_dif_butterfly
ntt32_butterfly_operand,0,2,3,v7,5,-1,-1,-1,-1,-1,-1,2,2,16,29,-1,hi,21,29,10,-1339,550,-1,-1,-1,-1,-1,-1,dif_high_output_gets_(lo-hi)_times_twiddle
ntt32_butterfly_operand,0,2,2,v6,6,-1,-1,-1,-1,-1,-1,2,2,16,22,-1,lo,22,30,12,-1118,1936,-1,-1,-1,-1,-1,-1,low_operand_for_dif_butterfly
ntt32_butterfly_operand,0,2,3,v7,6,-1,-1,-1,-1,-1,-1,2,2,16,30,-1,hi,22,30,12,-1118,1936,-1,-1,-1,-1,-1,-1,dif_high_output_gets_(lo-hi)_times_twiddle
ntt32_butterfly_operand,0,2,2,v6,7,-1,-1,-1,-1,-1,-1,2,2,16,23,-1,lo,23,31,14,1181,39,-1,-1,-1,-1,-1,-1,low_operand_for_dif_butterfly
ntt32_butterfly_operand,0,2,3,v7,7,-1,-1,-1,-1,-1,-1,2,2,16,31,-1,hi,23,31,14,1181,39,-1,-1,-1,-1,-1,-1,dif_high_output_gets_(lo-hi)_times_twiddle
ntt32_butterfly_operand,0,2,0,v4,0,-1,-1,-1,-1,-1,-1,2,3,8,0,-1,lo,0,4,0,-147,1,-1,-1,-1,-1,-1,-1,low_operand_for_dif_butterfly
ntt32_butterfly_operand,0,2,0,v4,4,-1,-1,-1,-1,-1,-1,2,3,8,4,-1,hi,0,4,0,-147,1,-1,-1,-1,-1,-1,-1,dif_high_output_gets_(lo-hi)_times_twiddle
ntt32_butterfly_operand,0,2,0,v4,1,-1,-1,-1,-1,-1,-1,2,3,8,1,-1,lo,1,5,4,109,1716,-1,-1,-1,-1,-1,-1,low_operand_for_dif_butterfly
ntt32_butterfly_operand,0,2,0,v4,5,-1,-1,-1,-1,-1,-1,2,3,8,5,-1,hi,1,5,4,109,1716,-1,-1,-1,-1,-1,-1,dif_high_output_gets_(lo-hi)_times_twiddle
ntt32_butterfly_operand,0,2,0,v4,2,-1,-1,-1,-1,-1,-1,2,3,8,2,-1,lo,2,6,8,366,2749,-1,-1,-1,-1,-1,-1,low_operand_for_dif_butterfly
ntt32_butterfly_operand,0,2,0,v4,6,-1,-1,-1,-1,-1,-1,2,3,8,6,-1,hi,2,6,8,366,2749,-1,-1,-1,-1,-1,-1,dif_high_output_gets_(lo-hi)_times_twiddle
ntt32_butterfly_operand,0,2,0,v4,3,-1,-1,-1,-1,-1,-1,2,3,8,3,-1,lo,3,7,12,-1118,1936,-1,-1,-1,-1,-1,-1,low_operand_for_dif_butterfly
ntt32_butterfly_operand,0,2,0,v4,7,-1,-1,-1,-1,-1,-1,2,3,8,7,-1,hi,3,7,12,-1118,1936,-1,-1,-1,-1,-1,-1,dif_high_output_gets_(lo-hi)_times_twiddle
ntt32_butterfly_operand,0,2,1,v5,0,-1,-1,-1,-1,-1,-1,2,3,8,8,-1,lo,8,12,0,-147,1,-1,-1,-1,-1,-1,-1,low_operand_for_dif_butterfly
ntt32_butterfly_operand,0,2,1,v5,4,-1,-1,-1,-1,-1,-1,2,3,8,12,-1,hi,8,12,0,-147,1,-1,-1,-1,-1,-1,-1,dif_high_output_gets_(lo-hi)_times_twiddle
ntt32_butterfly_operand,0,2,1,v5,1,-1,-1,-1,-1,-1,-1,2,3,8,9,-1,lo,9,13,4,109,1716,-1,-1,-1,-1,-1,-1,low_operand_for_dif_butterfly
ntt32_butterfly_operand,0,2,1,v5,5,-1,-1,-1,-1,-1,-1,2,3,8,13,-1,hi,9,13,4,109,1716,-1,-1,-1,-1,-1,-1,dif_high_output_gets_(lo-hi)_times_twiddle
ntt32_butterfly_operand,0,2,1,v5,2,-1,-1,-1,-1,-1,-1,2,3,8,10,-1,lo,10,14,8,366,2749,-1,-1,-1,-1,-1,-1,low_operand_for_dif_butterfly
ntt32_butterfly_operand,0,2,1,v5,6,-1,-1,-1,-1,-1,-1,2,3,8,14,-1,hi,10,14,8,366,2749,-1,-1,-1,-1,-1,-1,dif_high_output_gets_(lo-hi)_times_twiddle
ntt32_butterfly_operand,0,2,1,v5,3,-1,-1,-1,-1,-1,-1,2,3,8,11,-1,lo,11,15,12,-1118,1936,-1,-1,-1,-1,-1,-1,low_operand_for_dif_butterfly
ntt32_butterfly_operand,0,2,1,v5,7,-1,-1,-1,-1,-1,-1,2,3,8,15,-1,hi,11,15,12,-1118,1936,-1,-1,-1,-1,-1,-1,dif_high_output_gets_(lo-hi)_times_twiddle
ntt32_butterfly_operand,0,2,2,v6,0,-1,-1,-1,-1,-1,-1,2,3,8,16,-1,lo,16,20,0,-147,1,-1,-1,-1,-1,-1,-1,low_operand_for_dif_butterfly
ntt32_butterfly_operand,0,2,2,v6,4,-1,-1,-1,-1,-1,-1,2,3,8,20,-1,hi,16,20,0,-147,1,-1,-1,-1,-1,-1,-1,dif_high_output_gets_(lo-hi)_times_twiddle
ntt32_butterfly_operand,0,2,2,v6,1,-1,-1,-1,-1,-1,-1,2,3,8,17,-1,lo,17,21,4,109,1716,-1,-1,-1,-1,-1,-1,low_operand_for_dif_butterfly
ntt32_butterfly_operand,0,2,2,v6,5,-1,-1,-1,-1,-1,-1,2,3,8,21,-1,hi,17,21,4,109,1716,-1,-1,-1,-1,-1,-1,dif_high_output_gets_(lo-hi)_times_twiddle
ntt32_butterfly_operand,0,2,2,v6,2,-1,-1,-1,-1,-1,-1,2,3,8,18,-1,lo,18,22,8,366,2749,-1,-1,-1,-1,-1,-1,low_operand_for_dif_butterfly
ntt32_butterfly_operand,0,2,2,v6,6,-1,-1,-1,-1,-1,-1,2,3,8,22,-1,hi,18,22,8,366,2749,-1,-1,-1,-1,-1,-1,dif_high_output_gets_(lo-hi)_times_twiddle
ntt32_butterfly_operand,0,2,2,v6,3,-1,-1,-1,-1,-1,-1,2,3,8,19,-1,lo,19,23,12,-1118,1936,-1,-1,-1,-1,-1,-1,low_operand_for_dif_butterfly
ntt32_butterfly_operand,0,2,2,v6,7,-1,-1,-1,-1,-1,-1,2,3,8,23,-1,hi,19,23,12,-1118,1936,-1,-1,-1,-1,-1,-1,dif_high_output_gets_(lo-hi)_times_twiddle
ntt32_butterfly_operand,0,2,3,v7,0,-1,-1,-1,-1,-1,-1,2,3,8,24,-1,lo,24,28,0,-147,1,-1,-1,-1,-1,-1,-1,low_operand_for_dif_butterfly
ntt32_butterfly_operand,0,2,3,v7,4,-1,-1,-1,-1,-1,-1,2,3,8,28,-1,hi,24,28,0,-147,1,-1,-1,-1,-1,-1,-1,dif_high_output_gets_(lo-hi)_times_twiddle
ntt32_butterfly_operand,0,2,3,v7,1,-1,-1,-1,-1,-1,-1,2,3,8,25,-1,lo,25,29,4,109,1716,-1,-1,-1,-1,-1,-1,low_operand_for_dif_butterfly
ntt32_butterfly_operand,0,2,3,v7,5,-1,-1,-1,-1,-1,-1,2,3,8,29,-1,hi,25,29,4,109,1716,-1,-1,-1,-1,-1,-1,dif_high_output_gets_(lo-hi)_times_twiddle
ntt32_butterfly_operand,0,2,3,v7,2,-1,-1,-1,-1,-1,-1,2,3,8,26,-1,lo,26,30,8,366,2749,-1,-1,-1,-1,-1,-1,low_operand_for_dif_butterfly
ntt32_butterfly_operand,0,2,3,v7,6,-1,-1,-1,-1,-1,-1,2,3,8,30,-1,hi,26,30,8,366,2749,-1,-1,-1,-1,-1,-1,dif_high_output_gets_(lo-hi)_times_twiddle
ntt32_butterfly_operand,0,2,3,v7,3,-1,-1,-1,-1,-1,-1,2,3,8,27,-1,lo,27,31,12,-1118,1936,-1,-1,-1,-1,-1,-1,low_operand_for_dif_butterfly
ntt32_butterfly_operand,0,2,3,v7,7,-1,-1,-1,-1,-1,-1,2,3,8,31,-1,hi,27,31,12,-1118,1936,-1,-1,-1,-1,-1,-1,dif_high_output_gets_(lo-hi)_times_twiddle
ntt32_butterfly_operand,0,2,0,v4,0,-1,-1,-1,-1,-1,-1,2,4,4,0,-1,lo,0,2,0,-147,1,-1,-1,-1,-1,-1,-1,low_operand_for_dif_butterfly
ntt32_butterfly_operand,0,2,0,v4,2,-1,-1,-1,-1,-1,-1,2,4,4,2,-1,hi,0,2,0,-147,1,-1,-1,-1,-1,-1,-1,dif_high_output_gets_(lo-hi)_times_twiddle
ntt32_butterfly_operand,0,2,0,v4,1,-1,-1,-1,-1,-1,-1,2,4,4,1,-1,lo,1,3,8,366,2749,-1,-1,-1,-1,-1,-1,low_operand_for_dif_butterfly
ntt32_butterfly_operand,0,2,0,v4,3,-1,-1,-1,-1,-1,-1,2,4,4,3,-1,hi,1,3,8,366,2749,-1,-1,-1,-1,-1,-1,dif_high_output_gets_(lo-hi)_times_twiddle
ntt32_butterfly_operand,0,2,0,v4,4,-1,-1,-1,-1,-1,-1,2,4,4,4,-1,lo,4,6,0,-147,1,-1,-1,-1,-1,-1,-1,low_operand_for_dif_butterfly
ntt32_butterfly_operand,0,2,0,v4,6,-1,-1,-1,-1,-1,-1,2,4,4,6,-1,hi,4,6,0,-147,1,-1,-1,-1,-1,-1,-1,dif_high_output_gets_(lo-hi)_times_twiddle
ntt32_butterfly_operand,0,2,0,v4,5,-1,-1,-1,-1,-1,-1,2,4,4,5,-1,lo,5,7,8,366,2749,-1,-1,-1,-1,-1,-1,low_operand_for_dif_butterfly
ntt32_butterfly_operand,0,2,0,v4,7,-1,-1,-1,-1,-1,-1,2,4,4,7,-1,hi,5,7,8,366,2749,-1,-1,-1,-1,-1,-1,dif_high_output_gets_(lo-hi)_times_twiddle
ntt32_butterfly_operand,0,2,1,v5,0,-1,-1,-1,-1,-1,-1,2,4,4,8,-1,lo,8,10,0,-147,1,-1,-1,-1,-1,-1,-1,low_operand_for_dif_butterfly
ntt32_butterfly_operand,0,2,1,v5,2,-1,-1,-1,-1,-1,-1,2,4,4,10,-1,hi,8,10,0,-147,1,-1,-1,-1,-1,-1,-1,dif_high_output_gets_(lo-hi)_times_twiddle
ntt32_butterfly_operand,0,2,1,v5,1,-1,-1,-1,-1,-1,-1,2,4,4,9,-1,lo,9,11,8,366,2749,-1,-1,-1,-1,-1,-1,low_operand_for_dif_butterfly
ntt32_butterfly_operand,0,2,1,v5,3,-1,-1,-1,-1,-1,-1,2,4,4,11,-1,hi,9,11,8,366,2749,-1,-1,-1,-1,-1,-1,dif_high_output_gets_(lo-hi)_times_twiddle
ntt32_butterfly_operand,0,2,1,v5,4,-1,-1,-1,-1,-1,-1,2,4,4,12,-1,lo,12,14,0,-147,1,-1,-1,-1,-1,-1,-1,low_operand_for_dif_butterfly
ntt32_butterfly_operand,0,2,1,v5,6,-1,-1,-1,-1,-1,-1,2,4,4,14,-1,hi,12,14,0,-147,1,-1,-1,-1,-1,-1,-1,dif_high_output_gets_(lo-hi)_times_twiddle
ntt32_butterfly_operand,0,2,1,v5,5,-1,-1,-1,-1,-1,-1,2,4,4,13,-1,lo,13,15,8,366,2749,-1,-1,-1,-1,-1,-1,low_operand_for_dif_butterfly
ntt32_butterfly_operand,0,2,1,v5,7,-1,-1,-1,-1,-1,-1,2,4,4,15,-1,hi,13,15,8,366,2749,-1,-1,-1,-1,-1,-1,dif_high_output_gets_(lo-hi)_times_twiddle
ntt32_butterfly_operand,0,2,2,v6,0,-1,-1,-1,-1,-1,-1,2,4,4,16,-1,lo,16,18,0,-147,1,-1,-1,-1,-1,-1,-1,low_operand_for_dif_butterfly
ntt32_butterfly_operand,0,2,2,v6,2,-1,-1,-1,-1,-1,-1,2,4,4,18,-1,hi,16,18,0,-147,1,-1,-1,-1,-1,-1,-1,dif_high_output_gets_(lo-hi)_times_twiddle
ntt32_butterfly_operand,0,2,2,v6,1,-1,-1,-1,-1,-1,-1,2,4,4,17,-1,lo,17,19,8,366,2749,-1,-1,-1,-1,-1,-1,low_operand_for_dif_butterfly
ntt32_butterfly_operand,0,2,2,v6,3,-1,-1,-1,-1,-1,-1,2,4,4,19,-1,hi,17,19,8,366,2749,-1,-1,-1,-1,-1,-1,dif_high_output_gets_(lo-hi)_times_twiddle
ntt32_butterfly_operand,0,2,2,v6,4,-1,-1,-1,-1,-1,-1,2,4,4,20,-1,lo,20,22,0,-147,1,-1,-1,-1,-1,-1,-1,low_operand_for_dif_butterfly
ntt32_butterfly_operand,0,2,2,v6,6,-1,-1,-1,-1,-1,-1,2,4,4,22,-1,hi,20,22,0,-147,1,-1,-1,-1,-1,-1,-1,dif_high_output_gets_(lo-hi)_times_twiddle
ntt32_butterfly_operand,0,2,2,v6,5,-1,-1,-1,-1,-1,-1,2,4,4,21,-1,lo,21,23,8,366,2749,-1,-1,-1,-1,-1,-1,low_operand_for_dif_butterfly
ntt32_butterfly_operand,0,2,2,v6,7,-1,-1,-1,-1,-1,-1,2,4,4,23,-1,hi,21,23,8,366,2749,-1,-1,-1,-1,-1,-1,dif_high_output_gets_(lo-hi)_times_twiddle
ntt32_butterfly_operand,0,2,3,v7,0,-1,-1,-1,-1,-1,-1,2,4,4,24,-1,lo,24,26,0,-147,1,-1,-1,-1,-1,-1,-1,low_operand_for_dif_butterfly
ntt32_butterfly_operand,0,2,3,v7,2,-1,-1,-1,-1,-1,-1,2,4,4,26,-1,hi,24,26,0,-147,1,-1,-1,-1,-1,-1,-1,dif_high_output_gets_(lo-hi)_times_twiddle
ntt32_butterfly_operand,0,2,3,v7,1,-1,-1,-1,-1,-1,-1,2,4,4,25,-1,lo,25,27,8,366,2749,-1,-1,-1,-1,-1,-1,low_operand_for_dif_butterfly
ntt32_butterfly_operand,0,2,3,v7,3,-1,-1,-1,-1,-1,-1,2,4,4,27,-1,hi,25,27,8,366,2749,-1,-1,-1,-1,-1,-1,dif_high_output_gets_(lo-hi)_times_twiddle
ntt32_butterfly_operand,0,2,3,v7,4,-1,-1,-1,-1,-1,-1,2,4,4,28,-1,lo,28,30,0,-147,1,-1,-1,-1,-1,-1,-1,low_operand_for_dif_butterfly
ntt32_butterfly_operand,0,2,3,v7,6,-1,-1,-1,-1,-1,-1,2,4,4,30,-1,hi,28,30,0,-147,1,-1,-1,-1,-1,-1,-1,dif_high_output_gets_(lo-hi)_times_twiddle
ntt32_butterfly_operand,0,2,3,v7,5,-1,-1,-1,-1,-1,-1,2,4,4,29,-1,lo,29,31,8,366,2749,-1,-1,-1,-1,-1,-1,low_operand_for_dif_butterfly
ntt32_butterfly_operand,0,2,3,v7,7,-1,-1,-1,-1,-1,-1,2,4,4,31,-1,hi,29,31,8,366,2749,-1,-1,-1,-1,-1,-1,dif_high_output_gets_(lo-hi)_times_twiddle
input_crt_pack,0,3,0,v4,0,3,3,0,0,0,0,-1,-1,-1,-1,-1,source,-1,-1,0,-147,1,-1,-1,-1,-1,-1,-1,physical_source_then_twist_by_twist_index
input_crt_pack,0,3,0,v4,1,135,135,33,33,0,1,-1,-1,-1,-1,-1,source,-1,-1,0,-147,1,-1,-1,-1,-1,-1,-1,physical_source_then_twist_by_twist_index
input_crt_pack,0,3,0,v4,2,267,267,66,66,0,2,-1,-1,-1,-1,-1,source,-1,-1,0,-147,1,-1,-1,-1,-1,-1,-1,physical_source_then_twist_by_twist_index
input_crt_pack,0,3,0,v4,3,15,15,3,3,0,3,-1,-1,-1,-1,-1,source,-1,-1,0,-147,1,-1,-1,-1,-1,-1,-1,physical_source_then_twist_by_twist_index
input_crt_pack,0,3,0,v4,4,147,147,36,36,0,4,-1,-1,-1,-1,-1,source,-1,-1,0,-147,1,-1,-1,-1,-1,-1,-1,physical_source_then_twist_by_twist_index
input_crt_pack,0,3,0,v4,5,279,279,69,69,0,5,-1,-1,-1,-1,-1,source,-1,-1,0,-147,1,-1,-1,-1,-1,-1,-1,physical_source_then_twist_by_twist_index
input_crt_pack,0,3,0,v4,6,27,27,6,6,0,6,-1,-1,-1,-1,-1,source,-1,-1,0,-147,1,-1,-1,-1,-1,-1,-1,physical_source_then_twist_by_twist_index
input_crt_pack,0,3,0,v4,7,159,159,39,39,0,7,-1,-1,-1,-1,-1,source,-1,-1,0,-147,1,-1,-1,-1,-1,-1,-1,physical_source_then_twist_by_twist_index
input_crt_pack,0,3,0,v5,0,259,259,64,64,1,0,-1,-1,-1,-1,-1,source,-1,-1,0,-147,1,-1,-1,-1,-1,-1,-1,physical_source_then_twist_by_twist_index
input_crt_pack,0,3,0,v5,1,7,7,1,1,1,1,-1,-1,-1,-1,-1,source,-1,-1,0,-147,1,-1,-1,-1,-1,-1,-1,physical_source_then_twist_by_twist_index
input_crt_pack,0,3,0,v5,2,139,139,34,34,1,2,-1,-1,-1,-1,-1,source,-1,-1,0,-147,1,-1,-1,-1,-1,-1,-1,physical_source_then_twist_by_twist_index
input_crt_pack,0,3,0,v5,3,271,271,67,67,1,3,-1,-1,-1,-1,-1,source,-1,-1,0,-147,1,-1,-1,-1,-1,-1,-1,physical_source_then_twist_by_twist_index
input_crt_pack,0,3,0,v5,4,19,19,4,4,1,4,-1,-1,-1,-1,-1,source,-1,-1,0,-147,1,-1,-1,-1,-1,-1,-1,physical_source_then_twist_by_twist_index
input_crt_pack,0,3,0,v5,5,151,151,37,37,1,5,-1,-1,-1,-1,-1,source,-1,-1,0,-147,1,-1,-1,-1,-1,-1,-1,physical_source_then_twist_by_twist_index
input_crt_pack,0,3,0,v5,6,283,283,70,70,1,6,-1,-1,-1,-1,-1,source,-1,-1,0,-147,1,-1,-1,-1,-1,-1,-1,physical_source_then_twist_by_twist_index
input_crt_pack,0,3,0,v5,7,31,31,7,7,1,7,-1,-1,-1,-1,-1,source,-1,-1,0,-147,1,-1,-1,-1,-1,-1,-1,physical_source_then_twist_by_twist_index
input_crt_pack,0,3,0,v6,0,131,131,32,32,2,0,-1,-1,-1,-1,-1,source,-1,-1,0,-147,1,-1,-1,-1,-1,-1,-1,physical_source_then_twist_by_twist_index
input_crt_pack,0,3,0,v6,1,263,263,65,65,2,1,-1,-1,-1,-1,-1,source,-1,-1,0,-147,1,-1,-1,-1,-1,-1,-1,physical_source_then_twist_by_twist_index
input_crt_pack,0,3,0,v6,2,11,11,2,2,2,2,-1,-1,-1,-1,-1,source,-1,-1,0,-147,1,-1,-1,-1,-1,-1,-1,physical_source_then_twist_by_twist_index
input_crt_pack,0,3,0,v6,3,143,143,35,35,2,3,-1,-1,-1,-1,-1,source,-1,-1,0,-147,1,-1,-1,-1,-1,-1,-1,physical_source_then_twist_by_twist_index
input_crt_pack,0,3,0,v6,4,275,275,68,68,2,4,-1,-1,-1,-1,-1,source,-1,-1,0,-147,1,-1,-1,-1,-1,-1,-1,physical_source_then_twist_by_twist_index
input_crt_pack,0,3,0,v6,5,23,23,5,5,2,5,-1,-1,-1,-1,-1,source,-1,-1,0,-147,1,-1,-1,-1,-1,-1,-1,physical_source_then_twist_by_twist_index
input_crt_pack,0,3,0,v6,6,155,155,38,38,2,6,-1,-1,-1,-1,-1,source,-1,-1,0,-147,1,-1,-1,-1,-1,-1,-1,physical_source_then_twist_by_twist_index
input_crt_pack,0,3,0,v6,7,287,287,71,71,2,7,-1,-1,-1,-1,-1,source,-1,-1,0,-147,1,-1,-1,-1,-1,-1,-1,physical_source_then_twist_by_twist_index
dft3_output_pack,0,3,0,v4,0,-1,-1,-1,-1,-1,0,0,-1,-1,-1,-1,dft_output,-1,-1,0,-147,1,3,259,131,0,64,32,linear_combination_of_three_input_crt_sources
dft3_output_pack,0,3,0,v4,1,-1,-1,-1,-1,-1,1,0,-1,-1,-1,-1,dft_output,-1,-1,0,-147,1,135,7,263,33,1,65,linear_combination_of_three_input_crt_sources
dft3_output_pack,0,3,0,v4,2,-1,-1,-1,-1,-1,2,0,-1,-1,-1,-1,dft_output,-1,-1,0,-147,1,267,139,11,66,34,2,linear_combination_of_three_input_crt_sources
dft3_output_pack,0,3,0,v4,3,-1,-1,-1,-1,-1,3,0,-1,-1,-1,-1,dft_output,-1,-1,0,-147,1,15,271,143,3,67,35,linear_combination_of_three_input_crt_sources
dft3_output_pack,0,3,0,v4,4,-1,-1,-1,-1,-1,4,0,-1,-1,-1,-1,dft_output,-1,-1,0,-147,1,147,19,275,36,4,68,linear_combination_of_three_input_crt_sources
dft3_output_pack,0,3,0,v4,5,-1,-1,-1,-1,-1,5,0,-1,-1,-1,-1,dft_output,-1,-1,0,-147,1,279,151,23,69,37,5,linear_combination_of_three_input_crt_sources
dft3_output_pack,0,3,0,v4,6,-1,-1,-1,-1,-1,6,0,-1,-1,-1,-1,dft_output,-1,-1,0,-147,1,27,283,155,6,70,38,linear_combination_of_three_input_crt_sources
dft3_output_pack,0,3,0,v4,7,-1,-1,-1,-1,-1,7,0,-1,-1,-1,-1,dft_output,-1,-1,0,-147,1,159,31,287,39,7,71,linear_combination_of_three_input_crt_sources
dft3_output_pack,0,3,0,v5,0,-1,-1,-1,-1,-1,0,1,-1,-1,-1,-1,dft_output,-1,-1,0,-147,1,3,259,131,0,64,32,linear_combination_of_three_input_crt_sources
dft3_output_pack,0,3,0,v5,1,-1,-1,-1,-1,-1,1,1,-1,-1,-1,-1,dft_output,-1,-1,0,-147,1,135,7,263,33,1,65,linear_combination_of_three_input_crt_sources
dft3_output_pack,0,3,0,v5,2,-1,-1,-1,-1,-1,2,1,-1,-1,-1,-1,dft_output,-1,-1,0,-147,1,267,139,11,66,34,2,linear_combination_of_three_input_crt_sources
dft3_output_pack,0,3,0,v5,3,-1,-1,-1,-1,-1,3,1,-1,-1,-1,-1,dft_output,-1,-1,0,-147,1,15,271,143,3,67,35,linear_combination_of_three_input_crt_sources
dft3_output_pack,0,3,0,v5,4,-1,-1,-1,-1,-1,4,1,-1,-1,-1,-1,dft_output,-1,-1,0,-147,1,147,19,275,36,4,68,linear_combination_of_three_input_crt_sources
dft3_output_pack,0,3,0,v5,5,-1,-1,-1,-1,-1,5,1,-1,-1,-1,-1,dft_output,-1,-1,0,-147,1,279,151,23,69,37,5,linear_combination_of_three_input_crt_sources
dft3_output_pack,0,3,0,v5,6,-1,-1,-1,-1,-1,6,1,-1,-1,-1,-1,dft_output,-1,-1,0,-147,1,27,283,155,6,70,38,linear_combination_of_three_input_crt_sources
dft3_output_pack,0,3,0,v5,7,-1,-1,-1,-1,-1,7,1,-1,-1,-1,-1,dft_output,-1,-1,0,-147,1,159,31,287,39,7,71,linear_combination_of_three_input_crt_sources
dft3_output_pack,0,3,0,v6,0,-1,-1,-1,-1,-1,0,2,-1,-1,-1,-1,dft_output,-1,-1,0,-147,1,3,259,131,0,64,32,linear_combination_of_three_input_crt_sources
dft3_output_pack,0,3,0,v6,1,-1,-1,-1,-1,-1,1,2,-1,-1,-1,-1,dft_output,-1,-1,0,-147,1,135,7,263,33,1,65,linear_combination_of_three_input_crt_sources
dft3_output_pack,0,3,0,v6,2,-1,-1,-1,-1,-1,2,2,-1,-1,-1,-1,dft_output,-1,-1,0,-147,1,267,139,11,66,34,2,linear_combination_of_three_input_crt_sources
dft3_output_pack,0,3,0,v6,3,-1,-1,-1,-1,-1,3,2,-1,-1,-1,-1,dft_output,-1,-1,0,-147,1,15,271,143,3,67,35,linear_combination_of_three_input_crt_sources
dft3_output_pack,0,3,0,v6,4,-1,-1,-1,-1,-1,4,2,-1,-1,-1,-1,dft_output,-1,-1,0,-147,1,147,19,275,36,4,68,linear_combination_of_three_input_crt_sources
dft3_output_pack,0,3,0,v6,5,-1,-1,-1,-1,-1,5,2,-1,-1,-1,-1,dft_output,-1,-1,0,-147,1,279,151,23,69,37,5,linear_combination_of_three_input_crt_sources
dft3_output_pack,0,3,0,v6,6,-1,-1,-1,-1,-1,6,2,-1,-1,-1,-1,dft_output,-1,-1,0,-147,1,27,283,155,6,70,38,linear_combination_of_three_input_crt_sources
dft3_output_pack,0,3,0,v6,7,-1,-1,-1,-1,-1,7,2,-1,-1,-1,-1,dft_output,-1,-1,0,-147,1,159,31,287,39,7,71,linear_combination_of_three_input_crt_sources
input_crt_pack,0,3,1,v4,0,291,291,72,72,0,8,-1,-1,-1,-1,-1,source,-1,-1,0,-147,1,-1,-1,-1,-1,-1,-1,physical_source_then_twist_by_twist_index
input_crt_pack,0,3,1,v4,1,39,39,9,9,0,9,-1,-1,-1,-1,-1,source,-1,-1,0,-147,1,-1,-1,-1,-1,-1,-1,physical_source_then_twist_by_twist_index
input_crt_pack,0,3,1,v4,2,171,171,42,42,0,10,-1,-1,-1,-1,-1,source,-1,-1,0,-147,1,-1,-1,-1,-1,-1,-1,physical_source_then_twist_by_twist_index
input_crt_pack,0,3,1,v4,3,303,303,75,75,0,11,-1,-1,-1,-1,-1,source,-1,-1,0,-147,1,-1,-1,-1,-1,-1,-1,physical_source_then_twist_by_twist_index
input_crt_pack,0,3,1,v4,4,51,51,12,12,0,12,-1,-1,-1,-1,-1,source,-1,-1,0,-147,1,-1,-1,-1,-1,-1,-1,physical_source_then_twist_by_twist_index
input_crt_pack,0,3,1,v4,5,183,183,45,45,0,13,-1,-1,-1,-1,-1,source,-1,-1,0,-147,1,-1,-1,-1,-1,-1,-1,physical_source_then_twist_by_twist_index
input_crt_pack,0,3,1,v4,6,315,315,78,78,0,14,-1,-1,-1,-1,-1,source,-1,-1,0,-147,1,-1,-1,-1,-1,-1,-1,physical_source_then_twist_by_twist_index
input_crt_pack,0,3,1,v4,7,63,63,15,15,0,15,-1,-1,-1,-1,-1,source,-1,-1,0,-147,1,-1,-1,-1,-1,-1,-1,physical_source_then_twist_by_twist_index
input_crt_pack,0,3,1,v5,0,163,163,40,40,1,8,-1,-1,-1,-1,-1,source,-1,-1,0,-147,1,-1,-1,-1,-1,-1,-1,physical_source_then_twist_by_twist_index
input_crt_pack,0,3,1,v5,1,295,295,73,73,1,9,-1,-1,-1,-1,-1,source,-1,-1,0,-147,1,-1,-1,-1,-1,-1,-1,physical_source_then_twist_by_twist_index
input_crt_pack,0,3,1,v5,2,43,43,10,10,1,10,-1,-1,-1,-1,-1,source,-1,-1,0,-147,1,-1,-1,-1,-1,-1,-1,physical_source_then_twist_by_twist_index
input_crt_pack,0,3,1,v5,3,175,175,43,43,1,11,-1,-1,-1,-1,-1,source,-1,-1,0,-147,1,-1,-1,-1,-1,-1,-1,physical_source_then_twist_by_twist_index
input_crt_pack,0,3,1,v5,4,307,307,76,76,1,12,-1,-1,-1,-1,-1,source,-1,-1,0,-147,1,-1,-1,-1,-1,-1,-1,physical_source_then_twist_by_twist_index
input_crt_pack,0,3,1,v5,5,55,55,13,13,1,13,-1,-1,-1,-1,-1,source,-1,-1,0,-147,1,-1,-1,-1,-1,-1,-1,physical_source_then_twist_by_twist_index
input_crt_pack,0,3,1,v5,6,187,187,46,46,1,14,-1,-1,-1,-1,-1,source,-1,-1,0,-147,1,-1,-1,-1,-1,-1,-1,physical_source_then_twist_by_twist_index
input_crt_pack,0,3,1,v5,7,319,319,79,79,1,15,-1,-1,-1,-1,-1,source,-1,-1,0,-147,1,-1,-1,-1,-1,-1,-1,physical_source_then_twist_by_twist_index
input_crt_pack,0,3,1,v6,0,35,35,8,8,2,8,-1,-1,-1,-1,-1,source,-1,-1,0,-147,1,-1,-1,-1,-1,-1,-1,physical_source_then_twist_by_twist_index
input_crt_pack,0,3,1,v6,1,167,167,41,41,2,9,-1,-1,-1,-1,-1,source,-1,-1,0,-147,1,-1,-1,-1,-1,-1,-1,physical_source_then_twist_by_twist_index
input_crt_pack,0,3,1,v6,2,299,299,74,74,2,10,-1,-1,-1,-1,-1,source,-1,-1,0,-147,1,-1,-1,-1,-1,-1,-1,physical_source_then_twist_by_twist_index
input_crt_pack,0,3,1,v6,3,47,47,11,11,2,11,-1,-1,-1,-1,-1,source,-1,-1,0,-147,1,-1,-1,-1,-1,-1,-1,physical_source_then_twist_by_twist_index
input_crt_pack,0,3,1,v6,4,179,179,44,44,2,12,-1,-1,-1,-1,-1,source,-1,-1,0,-147,1,-1,-1,-1,-1,-1,-1,physical_source_then_twist_by_twist_index
input_crt_pack,0,3,1,v6,5,311,311,77,77,2,13,-1,-1,-1,-1,-1,source,-1,-1,0,-147,1,-1,-1,-1,-1,-1,-1,physical_source_then_twist_by_twist_index
input_crt_pack,0,3,1,v6,6,59,59,14,14,2,14,-1,-1,-1,-1,-1,source,-1,-1,0,-147,1,-1,-1,-1,-1,-1,-1,physical_source_then_twist_by_twist_index
input_crt_pack,0,3,1,v6,7,191,191,47,47,2,15,-1,-1,-1,-1,-1,source,-1,-1,0,-147,1,-1,-1,-1,-1,-1,-1,physical_source_then_twist_by_twist_index
dft3_output_pack,0,3,1,v4,0,-1,-1,-1,-1,-1,8,0,-1,-1,-1,-1,dft_output,-1,-1,0,-147,1,291,163,35,72,40,8,linear_combination_of_three_input_crt_sources
dft3_output_pack,0,3,1,v4,1,-1,-1,-1,-1,-1,9,0,-1,-1,-1,-1,dft_output,-1,-1,0,-147,1,39,295,167,9,73,41,linear_combination_of_three_input_crt_sources
dft3_output_pack,0,3,1,v4,2,-1,-1,-1,-1,-1,10,0,-1,-1,-1,-1,dft_output,-1,-1,0,-147,1,171,43,299,42,10,74,linear_combination_of_three_input_crt_sources
dft3_output_pack,0,3,1,v4,3,-1,-1,-1,-1,-1,11,0,-1,-1,-1,-1,dft_output,-1,-1,0,-147,1,303,175,47,75,43,11,linear_combination_of_three_input_crt_sources
dft3_output_pack,0,3,1,v4,4,-1,-1,-1,-1,-1,12,0,-1,-1,-1,-1,dft_output,-1,-1,0,-147,1,51,307,179,12,76,44,linear_combination_of_three_input_crt_sources
dft3_output_pack,0,3,1,v4,5,-1,-1,-1,-1,-1,13,0,-1,-1,-1,-1,dft_output,-1,-1,0,-147,1,183,55,311,45,13,77,linear_combination_of_three_input_crt_sources
dft3_output_pack,0,3,1,v4,6,-1,-1,-1,-1,-1,14,0,-1,-1,-1,-1,dft_output,-1,-1,0,-147,1,315,187,59,78,46,14,linear_combination_of_three_input_crt_sources
dft3_output_pack,0,3,1,v4,7,-1,-1,-1,-1,-1,15,0,-1,-1,-1,-1,dft_output,-1,-1,0,-147,1,63,319,191,15,79,47,linear_combination_of_three_input_crt_sources
dft3_output_pack,0,3,1,v5,0,-1,-1,-1,-1,-1,8,1,-1,-1,-1,-1,dft_output,-1,-1,0,-147,1,291,163,35,72,40,8,linear_combination_of_three_input_crt_sources
dft3_output_pack,0,3,1,v5,1,-1,-1,-1,-1,-1,9,1,-1,-1,-1,-1,dft_output,-1,-1,0,-147,1,39,295,167,9,73,41,linear_combination_of_three_input_crt_sources
dft3_output_pack,0,3,1,v5,2,-1,-1,-1,-1,-1,10,1,-1,-1,-1,-1,dft_output,-1,-1,0,-147,1,171,43,299,42,10,74,linear_combination_of_three_input_crt_sources
dft3_output_pack,0,3,1,v5,3,-1,-1,-1,-1,-1,11,1,-1,-1,-1,-1,dft_output,-1,-1,0,-147,1,303,175,47,75,43,11,linear_combination_of_three_input_crt_sources
dft3_output_pack,0,3,1,v5,4,-1,-1,-1,-1,-1,12,1,-1,-1,-1,-1,dft_output,-1,-1,0,-147,1,51,307,179,12,76,44,linear_combination_of_three_input_crt_sources
dft3_output_pack,0,3,1,v5,5,-1,-1,-1,-1,-1,13,1,-1,-1,-1,-1,dft_output,-1,-1,0,-147,1,183,55,311,45,13,77,linear_combination_of_three_input_crt_sources
dft3_output_pack,0,3,1,v5,6,-1,-1,-1,-1,-1,14,1,-1,-1,-1,-1,dft_output,-1,-1,0,-147,1,315,187,59,78,46,14,linear_combination_of_three_input_crt_sources
dft3_output_pack,0,3,1,v5,7,-1,-1,-1,-1,-1,15,1,-1,-1,-1,-1,dft_output,-1,-1,0,-147,1,63,319,191,15,79,47,linear_combination_of_three_input_crt_sources
dft3_output_pack,0,3,1,v6,0,-1,-1,-1,-1,-1,8,2,-1,-1,-1,-1,dft_output,-1,-1,0,-147,1,291,163,35,72,40,8,linear_combination_of_three_input_crt_sources
dft3_output_pack,0,3,1,v6,1,-1,-1,-1,-1,-1,9,2,-1,-1,-1,-1,dft_output,-1,-1,0,-147,1,39,295,167,9,73,41,linear_combination_of_three_input_crt_sources
dft3_output_pack,0,3,1,v6,2,-1,-1,-1,-1,-1,10,2,-1,-1,-1,-1,dft_output,-1,-1,0,-147,1,171,43,299,42,10,74,linear_combination_of_three_input_crt_sources
dft3_output_pack,0,3,1,v6,3,-1,-1,-1,-1,-1,11,2,-1,-1,-1,-1,dft_output,-1,-1,0,-147,1,303,175,47,75,43,11,linear_combination_of_three_input_crt_sources
dft3_output_pack,0,3,1,v6,4,-1,-1,-1,-1,-1,12,2,-1,-1,-1,-1,dft_output,-1,-1,0,-147,1,51,307,179,12,76,44,linear_combination_of_three_input_crt_sources
dft3_output_pack,0,3,1,v6,5,-1,-1,-1,-1,-1,13,2,-1,-1,-1,-1,dft_output,-1,-1,0,-147,1,183,55,311,45,13,77,linear_combination_of_three_input_crt_sources
dft3_output_pack,0,3,1,v6,6,-1,-1,-1,-1,-1,14,2,-1,-1,-1,-1,dft_output,-1,-1,0,-147,1,315,187,59,78,46,14,linear_combination_of_three_input_crt_sources
dft3_output_pack,0,3,1,v6,7,-1,-1,-1,-1,-1,15,2,-1,-1,-1,-1,dft_output,-1,-1,0,-147,1,63,319,191,15,79,47,linear_combination_of_three_input_crt_sources
input_crt_pack,0,3,2,v4,0,195,195,48,48,0,16,-1,-1,-1,-1,-1,source,-1,-1,0,-147,1,-1,-1,-1,-1,-1,-1,physical_source_then_twist_by_twist_index
input_crt_pack,0,3,2,v4,1,327,327,81,81,0,17,-1,-1,-1,-1,-1,source,-1,-1,0,-147,1,-1,-1,-1,-1,-1,-1,physical_source_then_twist_by_twist_index
input_crt_pack,0,3,2,v4,2,75,75,18,18,0,18,-1,-1,-1,-1,-1,source,-1,-1,0,-147,1,-1,-1,-1,-1,-1,-1,physical_source_then_twist_by_twist_index
input_crt_pack,0,3,2,v4,3,207,207,51,51,0,19,-1,-1,-1,-1,-1,source,-1,-1,0,-147,1,-1,-1,-1,-1,-1,-1,physical_source_then_twist_by_twist_index
input_crt_pack,0,3,2,v4,4,339,339,84,84,0,20,-1,-1,-1,-1,-1,source,-1,-1,0,-147,1,-1,-1,-1,-1,-1,-1,physical_source_then_twist_by_twist_index
input_crt_pack,0,3,2,v4,5,87,87,21,21,0,21,-1,-1,-1,-1,-1,source,-1,-1,0,-147,1,-1,-1,-1,-1,-1,-1,physical_source_then_twist_by_twist_index
input_crt_pack,0,3,2,v4,6,219,219,54,54,0,22,-1,-1,-1,-1,-1,source,-1,-1,0,-147,1,-1,-1,-1,-1,-1,-1,physical_source_then_twist_by_twist_index
input_crt_pack,0,3,2,v4,7,351,351,87,87,0,23,-1,-1,-1,-1,-1,source,-1,-1,0,-147,1,-1,-1,-1,-1,-1,-1,physical_source_then_twist_by_twist_index
input_crt_pack,0,3,2,v5,0,67,67,16,16,1,16,-1,-1,-1,-1,-1,source,-1,-1,0,-147,1,-1,-1,-1,-1,-1,-1,physical_source_then_twist_by_twist_index
input_crt_pack,0,3,2,v5,1,199,199,49,49,1,17,-1,-1,-1,-1,-1,source,-1,-1,0,-147,1,-1,-1,-1,-1,-1,-1,physical_source_then_twist_by_twist_index
input_crt_pack,0,3,2,v5,2,331,331,82,82,1,18,-1,-1,-1,-1,-1,source,-1,-1,0,-147,1,-1,-1,-1,-1,-1,-1,physical_source_then_twist_by_twist_index
input_crt_pack,0,3,2,v5,3,79,79,19,19,1,19,-1,-1,-1,-1,-1,source,-1,-1,0,-147,1,-1,-1,-1,-1,-1,-1,physical_source_then_twist_by_twist_index
input_crt_pack,0,3,2,v5,4,211,211,52,52,1,20,-1,-1,-1,-1,-1,source,-1,-1,0,-147,1,-1,-1,-1,-1,-1,-1,physical_source_then_twist_by_twist_index
input_crt_pack,0,3,2,v5,5,343,343,85,85,1,21,-1,-1,-1,-1,-1,source,-1,-1,0,-147,1,-1,-1,-1,-1,-1,-1,physical_source_then_twist_by_twist_index
input_crt_pack,0,3,2,v5,6,91,91,22,22,1,22,-1,-1,-1,-1,-1,source,-1,-1,0,-147,1,-1,-1,-1,-1,-1,-1,physical_source_then_twist_by_twist_index
input_crt_pack,0,3,2,v5,7,223,223,55,55,1,23,-1,-1,-1,-1,-1,source,-1,-1,0,-147,1,-1,-1,-1,-1,-1,-1,physical_source_then_twist_by_twist_index
input_crt_pack,0,3,2,v6,0,323,323,80,80,2,16,-1,-1,-1,-1,-1,source,-1,-1,0,-147,1,-1,-1,-1,-1,-1,-1,physical_source_then_twist_by_twist_index
input_crt_pack,0,3,2,v6,1,71,71,17,17,2,17,-1,-1,-1,-1,-1,source,-1,-1,0,-147,1,-1,-1,-1,-1,-1,-1,physical_source_then_twist_by_twist_index
input_crt_pack,0,3,2,v6,2,203,203,50,50,2,18,-1,-1,-1,-1,-1,source,-1,-1,0,-147,1,-1,-1,-1,-1,-1,-1,physical_source_then_twist_by_twist_index
input_crt_pack,0,3,2,v6,3,335,335,83,83,2,19,-1,-1,-1,-1,-1,source,-1,-1,0,-147,1,-1,-1,-1,-1,-1,-1,physical_source_then_twist_by_twist_index
input_crt_pack,0,3,2,v6,4,83,83,20,20,2,20,-1,-1,-1,-1,-1,source,-1,-1,0,-147,1,-1,-1,-1,-1,-1,-1,physical_source_then_twist_by_twist_index
input_crt_pack,0,3,2,v6,5,215,215,53,53,2,21,-1,-1,-1,-1,-1,source,-1,-1,0,-147,1,-1,-1,-1,-1,-1,-1,physical_source_then_twist_by_twist_index
input_crt_pack,0,3,2,v6,6,347,347,86,86,2,22,-1,-1,-1,-1,-1,source,-1,-1,0,-147,1,-1,-1,-1,-1,-1,-1,physical_source_then_twist_by_twist_index
input_crt_pack,0,3,2,v6,7,95,95,23,23,2,23,-1,-1,-1,-1,-1,source,-1,-1,0,-147,1,-1,-1,-1,-1,-1,-1,physical_source_then_twist_by_twist_index
dft3_output_pack,0,3,2,v4,0,-1,-1,-1,-1,-1,16,0,-1,-1,-1,-1,dft_output,-1,-1,0,-147,1,195,67,323,48,16,80,linear_combination_of_three_input_crt_sources
dft3_output_pack,0,3,2,v4,1,-1,-1,-1,-1,-1,17,0,-1,-1,-1,-1,dft_output,-1,-1,0,-147,1,327,199,71,81,49,17,linear_combination_of_three_input_crt_sources
dft3_output_pack,0,3,2,v4,2,-1,-1,-1,-1,-1,18,0,-1,-1,-1,-1,dft_output,-1,-1,0,-147,1,75,331,203,18,82,50,linear_combination_of_three_input_crt_sources
dft3_output_pack,0,3,2,v4,3,-1,-1,-1,-1,-1,19,0,-1,-1,-1,-1,dft_output,-1,-1,0,-147,1,207,79,335,51,19,83,linear_combination_of_three_input_crt_sources
dft3_output_pack,0,3,2,v4,4,-1,-1,-1,-1,-1,20,0,-1,-1,-1,-1,dft_output,-1,-1,0,-147,1,339,211,83,84,52,20,linear_combination_of_three_input_crt_sources
dft3_output_pack,0,3,2,v4,5,-1,-1,-1,-1,-1,21,0,-1,-1,-1,-1,dft_output,-1,-1,0,-147,1,87,343,215,21,85,53,linear_combination_of_three_input_crt_sources
dft3_output_pack,0,3,2,v4,6,-1,-1,-1,-1,-1,22,0,-1,-1,-1,-1,dft_output,-1,-1,0,-147,1,219,91,347,54,22,86,linear_combination_of_three_input_crt_sources
dft3_output_pack,0,3,2,v4,7,-1,-1,-1,-1,-1,23,0,-1,-1,-1,-1,dft_output,-1,-1,0,-147,1,351,223,95,87,55,23,linear_combination_of_three_input_crt_sources
dft3_output_pack,0,3,2,v5,0,-1,-1,-1,-1,-1,16,1,-1,-1,-1,-1,dft_output,-1,-1,0,-147,1,195,67,323,48,16,80,linear_combination_of_three_input_crt_sources
dft3_output_pack,0,3,2,v5,1,-1,-1,-1,-1,-1,17,1,-1,-1,-1,-1,dft_output,-1,-1,0,-147,1,327,199,71,81,49,17,linear_combination_of_three_input_crt_sources
dft3_output_pack,0,3,2,v5,2,-1,-1,-1,-1,-1,18,1,-1,-1,-1,-1,dft_output,-1,-1,0,-147,1,75,331,203,18,82,50,linear_combination_of_three_input_crt_sources
dft3_output_pack,0,3,2,v5,3,-1,-1,-1,-1,-1,19,1,-1,-1,-1,-1,dft_output,-1,-1,0,-147,1,207,79,335,51,19,83,linear_combination_of_three_input_crt_sources
dft3_output_pack,0,3,2,v5,4,-1,-1,-1,-1,-1,20,1,-1,-1,-1,-1,dft_output,-1,-1,0,-147,1,339,211,83,84,52,20,linear_combination_of_three_input_crt_sources
dft3_output_pack,0,3,2,v5,5,-1,-1,-1,-1,-1,21,1,-1,-1,-1,-1,dft_output,-1,-1,0,-147,1,87,343,215,21,85,53,linear_combination_of_three_input_crt_sources
dft3_output_pack,0,3,2,v5,6,-1,-1,-1,-1,-1,22,1,-1,-1,-1,-1,dft_output,-1,-1,0,-147,1,219,91,347,54,22,86,linear_combination_of_three_input_crt_sources
dft3_output_pack,0,3,2,v5,7,-1,-1,-1,-1,-1,23,1,-1,-1,-1,-1,dft_output,-1,-1,0,-147,1,351,223,95,87,55,23,linear_combination_of_three_input_crt_sources
dft3_output_pack,0,3,2,v6,0,-1,-1,-1,-1,-1,16,2,-1,-1,-1,-1,dft_output,-1,-1,0,-147,1,195,67,323,48,16,80,linear_combination_of_three_input_crt_sources
dft3_output_pack,0,3,2,v6,1,-1,-1,-1,-1,-1,17,2,-1,-1,-1,-1,dft_output,-1,-1,0,-147,1,327,199,71,81,49,17,linear_combination_of_three_input_crt_sources
dft3_output_pack,0,3,2,v6,2,-1,-1,-1,-1,-1,18,2,-1,-1,-1,-1,dft_output,-1,-1,0,-147,1,75,331,203,18,82,50,linear_combination_of_three_input_crt_sources
dft3_output_pack,0,3,2,v6,3,-1,-1,-1,-1,-1,19,2,-1,-1,-1,-1,dft_output,-1,-1,0,-147,1,207,79,335,51,19,83,linear_combination_of_three_input_crt_sources
dft3_output_pack,0,3,2,v6,4,-1,-1,-1,-1,-1,20,2,-1,-1,-1,-1,dft_output,-1,-1,0,-147,1,339,211,83,84,52,20,linear_combination_of_three_input_crt_sources
dft3_output_pack,0,3,2,v6,5,-1,-1,-1,-1,-1,21,2,-1,-1,-1,-1,dft_output,-1,-1,0,-147,1,87,343,215,21,85,53,linear_combination_of_three_input_crt_sources
dft3_output_pack,0,3,2,v6,6,-1,-1,-1,-1,-1,22,2,-1,-1,-1,-1,dft_output,-1,-1,0,-147,1,219,91,347,54,22,86,linear_combination_of_three_input_crt_sources
dft3_output_pack,0,3,2,v6,7,-1,-1,-1,-1,-1,23,2,-1,-1,-1,-1,dft_output,-1,-1,0,-147,1,351,223,95,87,55,23,linear_combination_of_three_input_crt_sources
input_crt_pack,0,3,3,v4,0,99,99,24,24,0,24,-1,-1,-1,-1,-1,source,-1,-1,0,-147,1,-1,-1,-1,-1,-1,-1,physical_source_then_twist_by_twist_index
input_crt_pack,0,3,3,v4,1,231,231,57,57,0,25,-1,-1,-1,-1,-1,source,-1,-1,0,-147,1,-1,-1,-1,-1,-1,-1,physical_source_then_twist_by_twist_index
input_crt_pack,0,3,3,v4,2,363,363,90,90,0,26,-1,-1,-1,-1,-1,source,-1,-1,0,-147,1,-1,-1,-1,-1,-1,-1,physical_source_then_twist_by_twist_index
input_crt_pack,0,3,3,v4,3,111,111,27,27,0,27,-1,-1,-1,-1,-1,source,-1,-1,0,-147,1,-1,-1,-1,-1,-1,-1,physical_source_then_twist_by_twist_index
input_crt_pack,0,3,3,v4,4,243,243,60,60,0,28,-1,-1,-1,-1,-1,source,-1,-1,0,-147,1,-1,-1,-1,-1,-1,-1,physical_source_then_twist_by_twist_index
input_crt_pack,0,3,3,v4,5,375,375,93,93,0,29,-1,-1,-1,-1,-1,source,-1,-1,0,-147,1,-1,-1,-1,-1,-1,-1,physical_source_then_twist_by_twist_index
input_crt_pack,0,3,3,v4,6,123,123,30,30,0,30,-1,-1,-1,-1,-1,source,-1,-1,0,-147,1,-1,-1,-1,-1,-1,-1,physical_source_then_twist_by_twist_index
input_crt_pack,0,3,3,v4,7,255,255,63,63,0,31,-1,-1,-1,-1,-1,source,-1,-1,0,-147,1,-1,-1,-1,-1,-1,-1,physical_source_then_twist_by_twist_index
input_crt_pack,0,3,3,v5,0,355,355,88,88,1,24,-1,-1,-1,-1,-1,source,-1,-1,0,-147,1,-1,-1,-1,-1,-1,-1,physical_source_then_twist_by_twist_index
input_crt_pack,0,3,3,v5,1,103,103,25,25,1,25,-1,-1,-1,-1,-1,source,-1,-1,0,-147,1,-1,-1,-1,-1,-1,-1,physical_source_then_twist_by_twist_index
input_crt_pack,0,3,3,v5,2,235,235,58,58,1,26,-1,-1,-1,-1,-1,source,-1,-1,0,-147,1,-1,-1,-1,-1,-1,-1,physical_source_then_twist_by_twist_index
input_crt_pack,0,3,3,v5,3,367,367,91,91,1,27,-1,-1,-1,-1,-1,source,-1,-1,0,-147,1,-1,-1,-1,-1,-1,-1,physical_source_then_twist_by_twist_index
input_crt_pack,0,3,3,v5,4,115,115,28,28,1,28,-1,-1,-1,-1,-1,source,-1,-1,0,-147,1,-1,-1,-1,-1,-1,-1,physical_source_then_twist_by_twist_index
input_crt_pack,0,3,3,v5,5,247,247,61,61,1,29,-1,-1,-1,-1,-1,source,-1,-1,0,-147,1,-1,-1,-1,-1,-1,-1,physical_source_then_twist_by_twist_index
input_crt_pack,0,3,3,v5,6,379,379,94,94,1,30,-1,-1,-1,-1,-1,source,-1,-1,0,-147,1,-1,-1,-1,-1,-1,-1,physical_source_then_twist_by_twist_index
input_crt_pack,0,3,3,v5,7,127,127,31,31,1,31,-1,-1,-1,-1,-1,source,-1,-1,0,-147,1,-1,-1,-1,-1,-1,-1,physical_source_then_twist_by_twist_index
input_crt_pack,0,3,3,v6,0,227,227,56,56,2,24,-1,-1,-1,-1,-1,source,-1,-1,0,-147,1,-1,-1,-1,-1,-1,-1,physical_source_then_twist_by_twist_index
input_crt_pack,0,3,3,v6,1,359,359,89,89,2,25,-1,-1,-1,-1,-1,source,-1,-1,0,-147,1,-1,-1,-1,-1,-1,-1,physical_source_then_twist_by_twist_index
input_crt_pack,0,3,3,v6,2,107,107,26,26,2,26,-1,-1,-1,-1,-1,source,-1,-1,0,-147,1,-1,-1,-1,-1,-1,-1,physical_source_then_twist_by_twist_index
input_crt_pack,0,3,3,v6,3,239,239,59,59,2,27,-1,-1,-1,-1,-1,source,-1,-1,0,-147,1,-1,-1,-1,-1,-1,-1,physical_source_then_twist_by_twist_index
input_crt_pack,0,3,3,v6,4,371,371,92,92,2,28,-1,-1,-1,-1,-1,source,-1,-1,0,-147,1,-1,-1,-1,-1,-1,-1,physical_source_then_twist_by_twist_index
input_crt_pack,0,3,3,v6,5,119,119,29,29,2,29,-1,-1,-1,-1,-1,source,-1,-1,0,-147,1,-1,-1,-1,-1,-1,-1,physical_source_then_twist_by_twist_index
input_crt_pack,0,3,3,v6,6,251,251,62,62,2,30,-1,-1,-1,-1,-1,source,-1,-1,0,-147,1,-1,-1,-1,-1,-1,-1,physical_source_then_twist_by_twist_index
input_crt_pack,0,3,3,v6,7,383,383,95,95,2,31,-1,-1,-1,-1,-1,source,-1,-1,0,-147,1,-1,-1,-1,-1,-1,-1,physical_source_then_twist_by_twist_index
dft3_output_pack,0,3,3,v4,0,-1,-1,-1,-1,-1,24,0,-1,-1,-1,-1,dft_output,-1,-1,0,-147,1,99,355,227,24,88,56,linear_combination_of_three_input_crt_sources
dft3_output_pack,0,3,3,v4,1,-1,-1,-1,-1,-1,25,0,-1,-1,-1,-1,dft_output,-1,-1,0,-147,1,231,103,359,57,25,89,linear_combination_of_three_input_crt_sources
dft3_output_pack,0,3,3,v4,2,-1,-1,-1,-1,-1,26,0,-1,-1,-1,-1,dft_output,-1,-1,0,-147,1,363,235,107,90,58,26,linear_combination_of_three_input_crt_sources
dft3_output_pack,0,3,3,v4,3,-1,-1,-1,-1,-1,27,0,-1,-1,-1,-1,dft_output,-1,-1,0,-147,1,111,367,239,27,91,59,linear_combination_of_three_input_crt_sources
dft3_output_pack,0,3,3,v4,4,-1,-1,-1,-1,-1,28,0,-1,-1,-1,-1,dft_output,-1,-1,0,-147,1,243,115,371,60,28,92,linear_combination_of_three_input_crt_sources
dft3_output_pack,0,3,3,v4,5,-1,-1,-1,-1,-1,29,0,-1,-1,-1,-1,dft_output,-1,-1,0,-147,1,375,247,119,93,61,29,linear_combination_of_three_input_crt_sources
dft3_output_pack,0,3,3,v4,6,-1,-1,-1,-1,-1,30,0,-1,-1,-1,-1,dft_output,-1,-1,0,-147,1,123,379,251,30,94,62,linear_combination_of_three_input_crt_sources
dft3_output_pack,0,3,3,v4,7,-1,-1,-1,-1,-1,31,0,-1,-1,-1,-1,dft_output,-1,-1,0,-147,1,255,127,383,63,31,95,linear_combination_of_three_input_crt_sources
dft3_output_pack,0,3,3,v5,0,-1,-1,-1,-1,-1,24,1,-1,-1,-1,-1,dft_output,-1,-1,0,-147,1,99,355,227,24,88,56,linear_combination_of_three_input_crt_sources
dft3_output_pack,0,3,3,v5,1,-1,-1,-1,-1,-1,25,1,-1,-1,-1,-1,dft_output,-1,-1,0,-147,1,231,103,359,57,25,89,linear_combination_of_three_input_crt_sources
dft3_output_pack,0,3,3,v5,2,-1,-1,-1,-1,-1,26,1,-1,-1,-1,-1,dft_output,-1,-1,0,-147,1,363,235,107,90,58,26,linear_combination_of_three_input_crt_sources
dft3_output_pack,0,3,3,v5,3,-1,-1,-1,-1,-1,27,1,-1,-1,-1,-1,dft_output,-1,-1,0,-147,1,111,367,239,27,91,59,linear_combination_of_three_input_crt_sources
dft3_output_pack,0,3,3,v5,4,-1,-1,-1,-1,-1,28,1,-1,-1,-1,-1,dft_output,-1,-1,0,-147,1,243,115,371,60,28,92,linear_combination_of_three_input_crt_sources
dft3_output_pack,0,3,3,v5,5,-1,-1,-1,-1,-1,29,1,-1,-1,-1,-1,dft_output,-1,-1,0,-147,1,375,247,119,93,61,29,linear_combination_of_three_input_crt_sources
dft3_output_pack,0,3,3,v5,6,-1,-1,-1,-1,-1,30,1,-1,-1,-1,-1,dft_output,-1,-1,0,-147,1,123,379,251,30,94,62,linear_combination_of_three_input_crt_sources
dft3_output_pack,0,3,3,v5,7,-1,-1,-1,-1,-1,31,1,-1,-1,-1,-1,dft_output,-1,-1,0,-147,1,255,127,383,63,31,95,linear_combination_of_three_input_crt_sources
dft3_output_pack,0,3,3,v6,0,-1,-1,-1,-1,-1,24,2,-1,-1,-1,-1,dft_output,-1,-1,0,-147,1,99,355,227,24,88,56,linear_combination_of_three_input_crt_sources
dft3_output_pack,0,3,3,v6,1,-1,-1,-1,-1,-1,25,2,-1,-1,-1,-1,dft_output,-1,-1,0,-147,1,231,103,359,57,25,89,linear_combination_of_three_input_crt_sources
dft3_output_pack,0,3,3,v6,2,-1,-1,-1,-1,-1,26,2,-1,-1,-1,-1,dft_output,-1,-1,0,-147,1,363,235,107,90,58,26,linear_combination_of_three_input_crt_sources
dft3_output_pack,0,3,3,v6,3,-1,-1,-1,-1,-1,27,2,-1,-1,-1,-1,dft_output,-1,-1,0,-147,1,111,367,239,27,91,59,linear_combination_of_three_input_crt_sources
dft3_output_pack,0,3,3,v6,4,-1,-1,-1,-1,-1,28,2,-1,-1,-1,-1,dft_output,-1,-1,0,-147,1,243,115,371,60,28,92,linear_combination_of_three_input_crt_sources
dft3_output_pack,0,3,3,v6,5,-1,-1,-1,-1,-1,29,2,-1,-1,-1,-1,dft_output,-1,-1,0,-147,1,375,247,119,93,61,29,linear_combination_of_three_input_crt_sources
dft3_output_pack,0,3,3,v6,6,-1,-1,-1,-1,-1,30,2,-1,-1,-1,-1,dft_output,-1,-1,0,-147,1,123,379,251,30,94,62,linear_combination_of_three_input_crt_sources
dft3_output_pack,0,3,3,v6,7,-1,-1,-1,-1,-1,31,2,-1,-1,-1,-1,dft_output,-1,-1,0,-147,1,255,127,383,63,31,95,linear_combination_of_three_input_crt_sources
ntt32_initial_natural_pack,0,3,0,v4,0,-1,-1,-1,-1,-1,0,0,0,32,0,0,state,-1,-1,0,-147,1,3,259,131,0,64,32,natural_input_for_incomplete_dif_ntt32_pre_len2_output
ntt32_initial_natural_pack,0,3,0,v4,1,-1,-1,-1,-1,-1,1,0,0,32,1,1,state,-1,-1,0,-147,1,135,7,263,33,1,65,natural_input_for_incomplete_dif_ntt32_pre_len2_output
ntt32_initial_natural_pack,0,3,0,v4,2,-1,-1,-1,-1,-1,2,0,0,32,2,2,state,-1,-1,0,-147,1,267,139,11,66,34,2,natural_input_for_incomplete_dif_ntt32_pre_len2_output
ntt32_initial_natural_pack,0,3,0,v4,3,-1,-1,-1,-1,-1,3,0,0,32,3,3,state,-1,-1,0,-147,1,15,271,143,3,67,35,natural_input_for_incomplete_dif_ntt32_pre_len2_output
ntt32_initial_natural_pack,0,3,0,v4,4,-1,-1,-1,-1,-1,4,0,0,32,4,4,state,-1,-1,0,-147,1,147,19,275,36,4,68,natural_input_for_incomplete_dif_ntt32_pre_len2_output
ntt32_initial_natural_pack,0,3,0,v4,5,-1,-1,-1,-1,-1,5,0,0,32,5,5,state,-1,-1,0,-147,1,279,151,23,69,37,5,natural_input_for_incomplete_dif_ntt32_pre_len2_output
ntt32_initial_natural_pack,0,3,0,v4,6,-1,-1,-1,-1,-1,6,0,0,32,6,6,state,-1,-1,0,-147,1,27,283,155,6,70,38,natural_input_for_incomplete_dif_ntt32_pre_len2_output
ntt32_initial_natural_pack,0,3,0,v4,7,-1,-1,-1,-1,-1,7,0,0,32,7,7,state,-1,-1,0,-147,1,159,31,287,39,7,71,natural_input_for_incomplete_dif_ntt32_pre_len2_output
ntt32_initial_natural_pack,0,3,1,v5,0,-1,-1,-1,-1,-1,8,0,0,32,8,8,state,-1,-1,0,-147,1,291,163,35,72,40,8,natural_input_for_incomplete_dif_ntt32_pre_len2_output
ntt32_initial_natural_pack,0,3,1,v5,1,-1,-1,-1,-1,-1,9,0,0,32,9,9,state,-1,-1,0,-147,1,39,295,167,9,73,41,natural_input_for_incomplete_dif_ntt32_pre_len2_output
ntt32_initial_natural_pack,0,3,1,v5,2,-1,-1,-1,-1,-1,10,0,0,32,10,10,state,-1,-1,0,-147,1,171,43,299,42,10,74,natural_input_for_incomplete_dif_ntt32_pre_len2_output
ntt32_initial_natural_pack,0,3,1,v5,3,-1,-1,-1,-1,-1,11,0,0,32,11,11,state,-1,-1,0,-147,1,303,175,47,75,43,11,natural_input_for_incomplete_dif_ntt32_pre_len2_output
ntt32_initial_natural_pack,0,3,1,v5,4,-1,-1,-1,-1,-1,12,0,0,32,12,12,state,-1,-1,0,-147,1,51,307,179,12,76,44,natural_input_for_incomplete_dif_ntt32_pre_len2_output
ntt32_initial_natural_pack,0,3,1,v5,5,-1,-1,-1,-1,-1,13,0,0,32,13,13,state,-1,-1,0,-147,1,183,55,311,45,13,77,natural_input_for_incomplete_dif_ntt32_pre_len2_output
ntt32_initial_natural_pack,0,3,1,v5,6,-1,-1,-1,-1,-1,14,0,0,32,14,14,state,-1,-1,0,-147,1,315,187,59,78,46,14,natural_input_for_incomplete_dif_ntt32_pre_len2_output
ntt32_initial_natural_pack,0,3,1,v5,7,-1,-1,-1,-1,-1,15,0,0,32,15,15,state,-1,-1,0,-147,1,63,319,191,15,79,47,natural_input_for_incomplete_dif_ntt32_pre_len2_output
ntt32_initial_natural_pack,0,3,2,v6,0,-1,-1,-1,-1,-1,16,0,0,32,16,16,state,-1,-1,0,-147,1,195,67,323,48,16,80,natural_input_for_incomplete_dif_ntt32_pre_len2_output
ntt32_initial_natural_pack,0,3,2,v6,1,-1,-1,-1,-1,-1,17,0,0,32,17,17,state,-1,-1,0,-147,1,327,199,71,81,49,17,natural_input_for_incomplete_dif_ntt32_pre_len2_output
ntt32_initial_natural_pack,0,3,2,v6,2,-1,-1,-1,-1,-1,18,0,0,32,18,18,state,-1,-1,0,-147,1,75,331,203,18,82,50,natural_input_for_incomplete_dif_ntt32_pre_len2_output
ntt32_initial_natural_pack,0,3,2,v6,3,-1,-1,-1,-1,-1,19,0,0,32,19,19,state,-1,-1,0,-147,1,207,79,335,51,19,83,natural_input_for_incomplete_dif_ntt32_pre_len2_output
ntt32_initial_natural_pack,0,3,2,v6,4,-1,-1,-1,-1,-1,20,0,0,32,20,20,state,-1,-1,0,-147,1,339,211,83,84,52,20,natural_input_for_incomplete_dif_ntt32_pre_len2_output
ntt32_initial_natural_pack,0,3,2,v6,5,-1,-1,-1,-1,-1,21,0,0,32,21,21,state,-1,-1,0,-147,1,87,343,215,21,85,53,natural_input_for_incomplete_dif_ntt32_pre_len2_output
ntt32_initial_natural_pack,0,3,2,v6,6,-1,-1,-1,-1,-1,22,0,0,32,22,22,state,-1,-1,0,-147,1,219,91,347,54,22,86,natural_input_for_incomplete_dif_ntt32_pre_len2_output
ntt32_initial_natural_pack,0,3,2,v6,7,-1,-1,-1,-1,-1,23,0,0,32,23,23,state,-1,-1,0,-147,1,351,223,95,87,55,23,natural_input_for_incomplete_dif_ntt32_pre_len2_output
ntt32_initial_natural_pack,0,3,3,v7,0,-1,-1,-1,-1,-1,24,0,0,32,24,24,state,-1,-1,0,-147,1,99,355,227,24,88,56,natural_input_for_incomplete_dif_ntt32_pre_len2_output
ntt32_initial_natural_pack,0,3,3,v7,1,-1,-1,-1,-1,-1,25,0,0,32,25,25,state,-1,-1,0,-147,1,231,103,359,57,25,89,natural_input_for_incomplete_dif_ntt32_pre_len2_output
ntt32_initial_natural_pack,0,3,3,v7,2,-1,-1,-1,-1,-1,26,0,0,32,26,26,state,-1,-1,0,-147,1,363,235,107,90,58,26,natural_input_for_incomplete_dif_ntt32_pre_len2_output
ntt32_initial_natural_pack,0,3,3,v7,3,-1,-1,-1,-1,-1,27,0,0,32,27,27,state,-1,-1,0,-147,1,111,367,239,27,91,59,natural_input_for_incomplete_dif_ntt32_pre_len2_output
ntt32_initial_natural_pack,0,3,3,v7,4,-1,-1,-1,-1,-1,28,0,0,32,28,28,state,-1,-1,0,-147,1,243,115,371,60,28,92,natural_input_for_incomplete_dif_ntt32_pre_len2_output
ntt32_initial_natural_pack,0,3,3,v7,5,-1,-1,-1,-1,-1,29,0,0,32,29,29,state,-1,-1,0,-147,1,375,247,119,93,61,29,natural_input_for_incomplete_dif_ntt32_pre_len2_output
ntt32_initial_natural_pack,0,3,3,v7,6,-1,-1,-1,-1,-1,30,0,0,32,30,30,state,-1,-1,0,-147,1,123,379,251,30,94,62,natural_input_for_incomplete_dif_ntt32_pre_len2_output
ntt32_initial_natural_pack,0,3,3,v7,7,-1,-1,-1,-1,-1,31,0,0,32,31,31,state,-1,-1,0,-147,1,255,127,383,63,31,95,natural_input_for_incomplete_dif_ntt32_pre_len2_output
ntt32_butterfly_operand,0,3,0,v4,0,-1,-1,-1,-1,-1,-1,0,1,32,0,-1,lo,0,16,0,-147,1,-1,-1,-1,-1,-1,-1,low_operand_for_dif_butterfly
ntt32_butterfly_operand,0,3,2,v6,0,-1,-1,-1,-1,-1,-1,0,1,32,16,-1,hi,0,16,0,-147,1,-1,-1,-1,-1,-1,-1,dif_high_output_gets_(lo-hi)_times_twiddle
ntt32_butterfly_operand,0,3,0,v4,1,-1,-1,-1,-1,-1,-1,0,1,32,1,-1,lo,1,17,1,484,1784,-1,-1,-1,-1,-1,-1,low_operand_for_dif_butterfly
ntt32_butterfly_operand,0,3,2,v6,1,-1,-1,-1,-1,-1,-1,0,1,32,17,-1,hi,1,17,1,484,1784,-1,-1,-1,-1,-1,-1,dif_high_output_gets_(lo-hi)_times_twiddle
ntt32_butterfly_operand,0,3,0,v4,2,-1,-1,-1,-1,-1,-1,0,1,32,2,-1,lo,2,18,2,-794,2216,-1,-1,-1,-1,-1,-1,low_operand_for_dif_butterfly
ntt32_butterfly_operand,0,3,2,v6,2,-1,-1,-1,-1,-1,-1,0,1,32,18,-1,hi,2,18,2,-794,2216,-1,-1,-1,-1,-1,-1,dif_high_output_gets_(lo-hi)_times_twiddle
ntt32_butterfly_operand,0,3,0,v4,3,-1,-1,-1,-1,-1,-1,0,1,32,3,-1,lo,3,19,3,874,1993,-1,-1,-1,-1,-1,-1,low_operand_for_dif_butterfly
ntt32_butterfly_operand,0,3,2,v6,3,-1,-1,-1,-1,-1,-1,0,1,32,19,-1,hi,3,19,3,874,1993,-1,-1,-1,-1,-1,-1,dif_high_output_gets_(lo-hi)_times_twiddle
ntt32_butterfly_operand,0,3,0,v4,4,-1,-1,-1,-1,-1,-1,0,1,32,4,-1,lo,4,20,4,109,1716,-1,-1,-1,-1,-1,-1,low_operand_for_dif_butterfly
ntt32_butterfly_operand,0,3,2,v6,4,-1,-1,-1,-1,-1,-1,0,1,32,20,-1,hi,4,20,4,109,1716,-1,-1,-1,-1,-1,-1,dif_high_output_gets_(lo-hi)_times_twiddle
ntt32_butterfly_operand,0,3,0,v4,5,-1,-1,-1,-1,-1,-1,0,1,32,5,-1,lo,5,21,5,864,1899,-1,-1,-1,-1,-1,-1,low_operand_for_dif_butterfly
ntt32_butterfly_operand,0,3,2,v6,5,-1,-1,-1,-1,-1,-1,0,1,32,21,-1,hi,5,21,5,864,1899,-1,-1,-1,-1,-1,-1,dif_high_output_gets_(lo-hi)_times_twiddle
ntt32_butterfly_operand,0,3,0,v4,6,-1,-1,-1,-1,-1,-1,0,1,32,6,-1,lo,6,22,6,-446,3413,-1,-1,-1,-1,-1,-1,low_operand_for_dif_butterfly
ntt32_butterfly_operand,0,3,2,v6,6,-1,-1,-1,-1,-1,-1,0,1,32,22,-1,hi,6,22,6,-446,3413,-1,-1,-1,-1,-1,-1,dif_high_output_gets_(lo-hi)_times_twiddle
ntt32_butterfly_operand,0,3,0,v4,7,-1,-1,-1,-1,-1,-1,0,1,32,7,-1,lo,7,23,7,-554,1015,-1,-1,-1,-1,-1,-1,low_operand_for_dif_butterfly
ntt32_butterfly_operand,0,3,2,v6,7,-1,-1,-1,-1,-1,-1,0,1,32,23,-1,hi,7,23,7,-554,1015,-1,-1,-1,-1,-1,-1,dif_high_output_gets_(lo-hi)_times_twiddle
ntt32_butterfly_operand,0,3,1,v5,0,-1,-1,-1,-1,-1,-1,0,1,32,8,-1,lo,8,24,8,366,2749,-1,-1,-1,-1,-1,-1,low_operand_for_dif_butterfly
ntt32_butterfly_operand,0,3,3,v7,0,-1,-1,-1,-1,-1,-1,0,1,32,24,-1,hi,8,24,8,366,2749,-1,-1,-1,-1,-1,-1,dif_high_output_gets_(lo-hi)_times_twiddle
ntt32_butterfly_operand,0,3,1,v5,1,-1,-1,-1,-1,-1,-1,0,1,32,9,-1,lo,9,25,9,-429,2190,-1,-1,-1,-1,-1,-1,low_operand_for_dif_butterfly
ntt32_butterfly_operand,0,3,3,v7,1,-1,-1,-1,-1,-1,-1,0,1,32,25,-1,hi,9,25,9,-429,2190,-1,-1,-1,-1,-1,-1,dif_high_output_gets_(lo-hi)_times_twiddle
ntt32_butterfly_operand,0,3,1,v5,2,-1,-1,-1,-1,-1,-1,0,1,32,10,-1,lo,10,26,10,-1339,550,-1,-1,-1,-1,-1,-1,low_operand_for_dif_butterfly
ntt32_butterfly_operand,0,3,3,v7,2,-1,-1,-1,-1,-1,-1,0,1,32,26,-1,hi,10,26,10,-1339,550,-1,-1,-1,-1,-1,-1,dif_high_output_gets_(lo-hi)_times_twiddle
ntt32_butterfly_operand,0,3,1,v5,3,-1,-1,-1,-1,-1,-1,0,1,32,11,-1,lo,11,27,11,11,2869,-1,-1,-1,-1,-1,-1,low_operand_for_dif_butterfly
ntt32_butterfly_operand,0,3,3,v7,3,-1,-1,-1,-1,-1,-1,0,1,32,27,-1,hi,11,27,11,11,2869,-1,-1,-1,-1,-1,-1,dif_high_output_gets_(lo-hi)_times_twiddle
ntt32_butterfly_operand,0,3,1,v5,4,-1,-1,-1,-1,-1,-1,0,1,32,12,-1,lo,12,28,12,-1118,1936,-1,-1,-1,-1,-1,-1,low_operand_for_dif_butterfly
ntt32_butterfly_operand,0,3,3,v7,4,-1,-1,-1,-1,-1,-1,0,1,32,28,-1,hi,12,28,12,-1118,1936,-1,-1,-1,-1,-1,-1,dif_high_output_gets_(lo-hi)_times_twiddle
ntt32_butterfly_operand,0,3,1,v5,5,-1,-1,-1,-1,-1,-1,0,1,32,13,-1,lo,13,29,13,177,281,-1,-1,-1,-1,-1,-1,low_operand_for_dif_butterfly
ntt32_butterfly_operand,0,3,3,v7,5,-1,-1,-1,-1,-1,-1,0,1,32,29,-1,hi,13,29,13,177,281,-1,-1,-1,-1,-1,-1,dif_high_output_gets_(lo-hi)_times_twiddle
ntt32_butterfly_operand,0,3,1,v5,6,-1,-1,-1,-1,-1,-1,0,1,32,14,-1,lo,14,30,14,1181,39,-1,-1,-1,-1,-1,-1,low_operand_for_dif_butterfly
ntt32_butterfly_operand,0,3,3,v7,6,-1,-1,-1,-1,-1,-1,0,1,32,30,-1,hi,14,30,14,1181,39,-1,-1,-1,-1,-1,-1,dif_high_output_gets_(lo-hi)_times_twiddle
ntt32_butterfly_operand,0,3,1,v5,7,-1,-1,-1,-1,-1,-1,0,1,32,15,-1,lo,15,31,15,1591,436,-1,-1,-1,-1,-1,-1,low_operand_for_dif_butterfly
ntt32_butterfly_operand,0,3,3,v7,7,-1,-1,-1,-1,-1,-1,0,1,32,31,-1,hi,15,31,15,1591,436,-1,-1,-1,-1,-1,-1,dif_high_output_gets_(lo-hi)_times_twiddle
ntt32_butterfly_operand,0,3,0,v4,0,-1,-1,-1,-1,-1,-1,0,2,16,0,-1,lo,0,8,0,-147,1,-1,-1,-1,-1,-1,-1,low_operand_for_dif_butterfly
ntt32_butterfly_operand,0,3,1,v5,0,-1,-1,-1,-1,-1,-1,0,2,16,8,-1,hi,0,8,0,-147,1,-1,-1,-1,-1,-1,-1,dif_high_output_gets_(lo-hi)_times_twiddle
ntt32_butterfly_operand,0,3,0,v4,1,-1,-1,-1,-1,-1,-1,0,2,16,1,-1,lo,1,9,2,-794,2216,-1,-1,-1,-1,-1,-1,low_operand_for_dif_butterfly
ntt32_butterfly_operand,0,3,1,v5,1,-1,-1,-1,-1,-1,-1,0,2,16,9,-1,hi,1,9,2,-794,2216,-1,-1,-1,-1,-1,-1,dif_high_output_gets_(lo-hi)_times_twiddle
ntt32_butterfly_operand,0,3,0,v4,2,-1,-1,-1,-1,-1,-1,0,2,16,2,-1,lo,2,10,4,109,1716,-1,-1,-1,-1,-1,-1,low_operand_for_dif_butterfly
ntt32_butterfly_operand,0,3,1,v5,2,-1,-1,-1,-1,-1,-1,0,2,16,10,-1,hi,2,10,4,109,1716,-1,-1,-1,-1,-1,-1,dif_high_output_gets_(lo-hi)_times_twiddle
ntt32_butterfly_operand,0,3,0,v4,3,-1,-1,-1,-1,-1,-1,0,2,16,3,-1,lo,3,11,6,-446,3413,-1,-1,-1,-1,-1,-1,low_operand_for_dif_butterfly
ntt32_butterfly_operand,0,3,1,v5,3,-1,-1,-1,-1,-1,-1,0,2,16,11,-1,hi,3,11,6,-446,3413,-1,-1,-1,-1,-1,-1,dif_high_output_gets_(lo-hi)_times_twiddle
ntt32_butterfly_operand,0,3,0,v4,4,-1,-1,-1,-1,-1,-1,0,2,16,4,-1,lo,4,12,8,366,2749,-1,-1,-1,-1,-1,-1,low_operand_for_dif_butterfly
ntt32_butterfly_operand,0,3,1,v5,4,-1,-1,-1,-1,-1,-1,0,2,16,12,-1,hi,4,12,8,366,2749,-1,-1,-1,-1,-1,-1,dif_high_output_gets_(lo-hi)_times_twiddle
ntt32_butterfly_operand,0,3,0,v4,5,-1,-1,-1,-1,-1,-1,0,2,16,5,-1,lo,5,13,10,-1339,550,-1,-1,-1,-1,-1,-1,low_operand_for_dif_butterfly
ntt32_butterfly_operand,0,3,1,v5,5,-1,-1,-1,-1,-1,-1,0,2,16,13,-1,hi,5,13,10,-1339,550,-1,-1,-1,-1,-1,-1,dif_high_output_gets_(lo-hi)_times_twiddle
ntt32_butterfly_operand,0,3,0,v4,6,-1,-1,-1,-1,-1,-1,0,2,16,6,-1,lo,6,14,12,-1118,1936,-1,-1,-1,-1,-1,-1,low_operand_for_dif_butterfly
ntt32_butterfly_operand,0,3,1,v5,6,-1,-1,-1,-1,-1,-1,0,2,16,14,-1,hi,6,14,12,-1118,1936,-1,-1,-1,-1,-1,-1,dif_high_output_gets_(lo-hi)_times_twiddle
ntt32_butterfly_operand,0,3,0,v4,7,-1,-1,-1,-1,-1,-1,0,2,16,7,-1,lo,7,15,14,1181,39,-1,-1,-1,-1,-1,-1,low_operand_for_dif_butterfly
ntt32_butterfly_operand,0,3,1,v5,7,-1,-1,-1,-1,-1,-1,0,2,16,15,-1,hi,7,15,14,1181,39,-1,-1,-1,-1,-1,-1,dif_high_output_gets_(lo-hi)_times_twiddle
ntt32_butterfly_operand,0,3,2,v6,0,-1,-1,-1,-1,-1,-1,0,2,16,16,-1,lo,16,24,0,-147,1,-1,-1,-1,-1,-1,-1,low_operand_for_dif_butterfly
ntt32_butterfly_operand,0,3,3,v7,0,-1,-1,-1,-1,-1,-1,0,2,16,24,-1,hi,16,24,0,-147,1,-1,-1,-1,-1,-1,-1,dif_high_output_gets_(lo-hi)_times_twiddle
ntt32_butterfly_operand,0,3,2,v6,1,-1,-1,-1,-1,-1,-1,0,2,16,17,-1,lo,17,25,2,-794,2216,-1,-1,-1,-1,-1,-1,low_operand_for_dif_butterfly
ntt32_butterfly_operand,0,3,3,v7,1,-1,-1,-1,-1,-1,-1,0,2,16,25,-1,hi,17,25,2,-794,2216,-1,-1,-1,-1,-1,-1,dif_high_output_gets_(lo-hi)_times_twiddle
ntt32_butterfly_operand,0,3,2,v6,2,-1,-1,-1,-1,-1,-1,0,2,16,18,-1,lo,18,26,4,109,1716,-1,-1,-1,-1,-1,-1,low_operand_for_dif_butterfly
ntt32_butterfly_operand,0,3,3,v7,2,-1,-1,-1,-1,-1,-1,0,2,16,26,-1,hi,18,26,4,109,1716,-1,-1,-1,-1,-1,-1,dif_high_output_gets_(lo-hi)_times_twiddle
ntt32_butterfly_operand,0,3,2,v6,3,-1,-1,-1,-1,-1,-1,0,2,16,19,-1,lo,19,27,6,-446,3413,-1,-1,-1,-1,-1,-1,low_operand_for_dif_butterfly
ntt32_butterfly_operand,0,3,3,v7,3,-1,-1,-1,-1,-1,-1,0,2,16,27,-1,hi,19,27,6,-446,3413,-1,-1,-1,-1,-1,-1,dif_high_output_gets_(lo-hi)_times_twiddle
ntt32_butterfly_operand,0,3,2,v6,4,-1,-1,-1,-1,-1,-1,0,2,16,20,-1,lo,20,28,8,366,2749,-1,-1,-1,-1,-1,-1,low_operand_for_dif_butterfly
ntt32_butterfly_operand,0,3,3,v7,4,-1,-1,-1,-1,-1,-1,0,2,16,28,-1,hi,20,28,8,366,2749,-1,-1,-1,-1,-1,-1,dif_high_output_gets_(lo-hi)_times_twiddle
ntt32_butterfly_operand,0,3,2,v6,5,-1,-1,-1,-1,-1,-1,0,2,16,21,-1,lo,21,29,10,-1339,550,-1,-1,-1,-1,-1,-1,low_operand_for_dif_butterfly
ntt32_butterfly_operand,0,3,3,v7,5,-1,-1,-1,-1,-1,-1,0,2,16,29,-1,hi,21,29,10,-1339,550,-1,-1,-1,-1,-1,-1,dif_high_output_gets_(lo-hi)_times_twiddle
ntt32_butterfly_operand,0,3,2,v6,6,-1,-1,-1,-1,-1,-1,0,2,16,22,-1,lo,22,30,12,-1118,1936,-1,-1,-1,-1,-1,-1,low_operand_for_dif_butterfly
ntt32_butterfly_operand,0,3,3,v7,6,-1,-1,-1,-1,-1,-1,0,2,16,30,-1,hi,22,30,12,-1118,1936,-1,-1,-1,-1,-1,-1,dif_high_output_gets_(lo-hi)_times_twiddle
ntt32_butterfly_operand,0,3,2,v6,7,-1,-1,-1,-1,-1,-1,0,2,16,23,-1,lo,23,31,14,1181,39,-1,-1,-1,-1,-1,-1,low_operand_for_dif_butterfly
ntt32_butterfly_operand,0,3,3,v7,7,-1,-1,-1,-1,-1,-1,0,2,16,31,-1,hi,23,31,14,1181,39,-1,-1,-1,-1,-1,-1,dif_high_output_gets_(lo-hi)_times_twiddle
ntt32_butterfly_operand,0,3,0,v4,0,-1,-1,-1,-1,-1,-1,0,3,8,0,-1,lo,0,4,0,-147,1,-1,-1,-1,-1,-1,-1,low_operand_for_dif_butterfly
ntt32_butterfly_operand,0,3,0,v4,4,-1,-1,-1,-1,-1,-1,0,3,8,4,-1,hi,0,4,0,-147,1,-1,-1,-1,-1,-1,-1,dif_high_output_gets_(lo-hi)_times_twiddle
ntt32_butterfly_operand,0,3,0,v4,1,-1,-1,-1,-1,-1,-1,0,3,8,1,-1,lo,1,5,4,109,1716,-1,-1,-1,-1,-1,-1,low_operand_for_dif_butterfly
ntt32_butterfly_operand,0,3,0,v4,5,-1,-1,-1,-1,-1,-1,0,3,8,5,-1,hi,1,5,4,109,1716,-1,-1,-1,-1,-1,-1,dif_high_output_gets_(lo-hi)_times_twiddle
ntt32_butterfly_operand,0,3,0,v4,2,-1,-1,-1,-1,-1,-1,0,3,8,2,-1,lo,2,6,8,366,2749,-1,-1,-1,-1,-1,-1,low_operand_for_dif_butterfly
ntt32_butterfly_operand,0,3,0,v4,6,-1,-1,-1,-1,-1,-1,0,3,8,6,-1,hi,2,6,8,366,2749,-1,-1,-1,-1,-1,-1,dif_high_output_gets_(lo-hi)_times_twiddle
ntt32_butterfly_operand,0,3,0,v4,3,-1,-1,-1,-1,-1,-1,0,3,8,3,-1,lo,3,7,12,-1118,1936,-1,-1,-1,-1,-1,-1,low_operand_for_dif_butterfly
ntt32_butterfly_operand,0,3,0,v4,7,-1,-1,-1,-1,-1,-1,0,3,8,7,-1,hi,3,7,12,-1118,1936,-1,-1,-1,-1,-1,-1,dif_high_output_gets_(lo-hi)_times_twiddle
ntt32_butterfly_operand,0,3,1,v5,0,-1,-1,-1,-1,-1,-1,0,3,8,8,-1,lo,8,12,0,-147,1,-1,-1,-1,-1,-1,-1,low_operand_for_dif_butterfly
ntt32_butterfly_operand,0,3,1,v5,4,-1,-1,-1,-1,-1,-1,0,3,8,12,-1,hi,8,12,0,-147,1,-1,-1,-1,-1,-1,-1,dif_high_output_gets_(lo-hi)_times_twiddle
ntt32_butterfly_operand,0,3,1,v5,1,-1,-1,-1,-1,-1,-1,0,3,8,9,-1,lo,9,13,4,109,1716,-1,-1,-1,-1,-1,-1,low_operand_for_dif_butterfly
ntt32_butterfly_operand,0,3,1,v5,5,-1,-1,-1,-1,-1,-1,0,3,8,13,-1,hi,9,13,4,109,1716,-1,-1,-1,-1,-1,-1,dif_high_output_gets_(lo-hi)_times_twiddle
ntt32_butterfly_operand,0,3,1,v5,2,-1,-1,-1,-1,-1,-1,0,3,8,10,-1,lo,10,14,8,366,2749,-1,-1,-1,-1,-1,-1,low_operand_for_dif_butterfly
ntt32_butterfly_operand,0,3,1,v5,6,-1,-1,-1,-1,-1,-1,0,3,8,14,-1,hi,10,14,8,366,2749,-1,-1,-1,-1,-1,-1,dif_high_output_gets_(lo-hi)_times_twiddle
ntt32_butterfly_operand,0,3,1,v5,3,-1,-1,-1,-1,-1,-1,0,3,8,11,-1,lo,11,15,12,-1118,1936,-1,-1,-1,-1,-1,-1,low_operand_for_dif_butterfly
ntt32_butterfly_operand,0,3,1,v5,7,-1,-1,-1,-1,-1,-1,0,3,8,15,-1,hi,11,15,12,-1118,1936,-1,-1,-1,-1,-1,-1,dif_high_output_gets_(lo-hi)_times_twiddle
ntt32_butterfly_operand,0,3,2,v6,0,-1,-1,-1,-1,-1,-1,0,3,8,16,-1,lo,16,20,0,-147,1,-1,-1,-1,-1,-1,-1,low_operand_for_dif_butterfly
ntt32_butterfly_operand,0,3,2,v6,4,-1,-1,-1,-1,-1,-1,0,3,8,20,-1,hi,16,20,0,-147,1,-1,-1,-1,-1,-1,-1,dif_high_output_gets_(lo-hi)_times_twiddle
ntt32_butterfly_operand,0,3,2,v6,1,-1,-1,-1,-1,-1,-1,0,3,8,17,-1,lo,17,21,4,109,1716,-1,-1,-1,-1,-1,-1,low_operand_for_dif_butterfly
ntt32_butterfly_operand,0,3,2,v6,5,-1,-1,-1,-1,-1,-1,0,3,8,21,-1,hi,17,21,4,109,1716,-1,-1,-1,-1,-1,-1,dif_high_output_gets_(lo-hi)_times_twiddle
ntt32_butterfly_operand,0,3,2,v6,2,-1,-1,-1,-1,-1,-1,0,3,8,18,-1,lo,18,22,8,366,2749,-1,-1,-1,-1,-1,-1,low_operand_for_dif_butterfly
ntt32_butterfly_operand,0,3,2,v6,6,-1,-1,-1,-1,-1,-1,0,3,8,22,-1,hi,18,22,8,366,2749,-1,-1,-1,-1,-1,-1,dif_high_output_gets_(lo-hi)_times_twiddle
ntt32_butterfly_operand,0,3,2,v6,3,-1,-1,-1,-1,-1,-1,0,3,8,19,-1,lo,19,23,12,-1118,1936,-1,-1,-1,-1,-1,-1,low_operand_for_dif_butterfly
ntt32_butterfly_operand,0,3,2,v6,7,-1,-1,-1,-1,-1,-1,0,3,8,23,-1,hi,19,23,12,-1118,1936,-1,-1,-1,-1,-1,-1,dif_high_output_gets_(lo-hi)_times_twiddle
ntt32_butterfly_operand,0,3,3,v7,0,-1,-1,-1,-1,-1,-1,0,3,8,24,-1,lo,24,28,0,-147,1,-1,-1,-1,-1,-1,-1,low_operand_for_dif_butterfly
ntt32_butterfly_operand,0,3,3,v7,4,-1,-1,-1,-1,-1,-1,0,3,8,28,-1,hi,24,28,0,-147,1,-1,-1,-1,-1,-1,-1,dif_high_output_gets_(lo-hi)_times_twiddle
ntt32_butterfly_operand,0,3,3,v7,1,-1,-1,-1,-1,-1,-1,0,3,8,25,-1,lo,25,29,4,109,1716,-1,-1,-1,-1,-1,-1,low_operand_for_dif_butterfly
ntt32_butterfly_operand,0,3,3,v7,5,-1,-1,-1,-1,-1,-1,0,3,8,29,-1,hi,25,29,4,109,1716,-1,-1,-1,-1,-1,-1,dif_high_output_gets_(lo-hi)_times_twiddle
ntt32_butterfly_operand,0,3,3,v7,2,-1,-1,-1,-1,-1,-1,0,3,8,26,-1,lo,26,30,8,366,2749,-1,-1,-1,-1,-1,-1,low_operand_for_dif_butterfly
ntt32_butterfly_operand,0,3,3,v7,6,-1,-1,-1,-1,-1,-1,0,3,8,30,-1,hi,26,30,8,366,2749,-1,-1,-1,-1,-1,-1,dif_high_output_gets_(lo-hi)_times_twiddle
ntt32_butterfly_operand,0,3,3,v7,3,-1,-1,-1,-1,-1,-1,0,3,8,27,-1,lo,27,31,12,-1118,1936,-1,-1,-1,-1,-1,-1,low_operand_for_dif_butterfly
ntt32_butterfly_operand,0,3,3,v7,7,-1,-1,-1,-1,-1,-1,0,3,8,31,-1,hi,27,31,12,-1118,1936,-1,-1,-1,-1,-1,-1,dif_high_output_gets_(lo-hi)_times_twiddle
ntt32_butterfly_operand,0,3,0,v4,0,-1,-1,-1,-1,-1,-1,0,4,4,0,-1,lo,0,2,0,-147,1,-1,-1,-1,-1,-1,-1,low_operand_for_dif_butterfly
ntt32_butterfly_operand,0,3,0,v4,2,-1,-1,-1,-1,-1,-1,0,4,4,2,-1,hi,0,2,0,-147,1,-1,-1,-1,-1,-1,-1,dif_high_output_gets_(lo-hi)_times_twiddle
ntt32_butterfly_operand,0,3,0,v4,1,-1,-1,-1,-1,-1,-1,0,4,4,1,-1,lo,1,3,8,366,2749,-1,-1,-1,-1,-1,-1,low_operand_for_dif_butterfly
ntt32_butterfly_operand,0,3,0,v4,3,-1,-1,-1,-1,-1,-1,0,4,4,3,-1,hi,1,3,8,366,2749,-1,-1,-1,-1,-1,-1,dif_high_output_gets_(lo-hi)_times_twiddle
ntt32_butterfly_operand,0,3,0,v4,4,-1,-1,-1,-1,-1,-1,0,4,4,4,-1,lo,4,6,0,-147,1,-1,-1,-1,-1,-1,-1,low_operand_for_dif_butterfly
ntt32_butterfly_operand,0,3,0,v4,6,-1,-1,-1,-1,-1,-1,0,4,4,6,-1,hi,4,6,0,-147,1,-1,-1,-1,-1,-1,-1,dif_high_output_gets_(lo-hi)_times_twiddle
ntt32_butterfly_operand,0,3,0,v4,5,-1,-1,-1,-1,-1,-1,0,4,4,5,-1,lo,5,7,8,366,2749,-1,-1,-1,-1,-1,-1,low_operand_for_dif_butterfly
ntt32_butterfly_operand,0,3,0,v4,7,-1,-1,-1,-1,-1,-1,0,4,4,7,-1,hi,5,7,8,366,2749,-1,-1,-1,-1,-1,-1,dif_high_output_gets_(lo-hi)_times_twiddle
ntt32_butterfly_operand,0,3,1,v5,0,-1,-1,-1,-1,-1,-1,0,4,4,8,-1,lo,8,10,0,-147,1,-1,-1,-1,-1,-1,-1,low_operand_for_dif_butterfly
ntt32_butterfly_operand,0,3,1,v5,2,-1,-1,-1,-1,-1,-1,0,4,4,10,-1,hi,8,10,0,-147,1,-1,-1,-1,-1,-1,-1,dif_high_output_gets_(lo-hi)_times_twiddle
ntt32_butterfly_operand,0,3,1,v5,1,-1,-1,-1,-1,-1,-1,0,4,4,9,-1,lo,9,11,8,366,2749,-1,-1,-1,-1,-1,-1,low_operand_for_dif_butterfly
ntt32_butterfly_operand,0,3,1,v5,3,-1,-1,-1,-1,-1,-1,0,4,4,11,-1,hi,9,11,8,366,2749,-1,-1,-1,-1,-1,-1,dif_high_output_gets_(lo-hi)_times_twiddle
ntt32_butterfly_operand,0,3,1,v5,4,-1,-1,-1,-1,-1,-1,0,4,4,12,-1,lo,12,14,0,-147,1,-1,-1,-1,-1,-1,-1,low_operand_for_dif_butterfly
ntt32_butterfly_operand,0,3,1,v5,6,-1,-1,-1,-1,-1,-1,0,4,4,14,-1,hi,12,14,0,-147,1,-1,-1,-1,-1,-1,-1,dif_high_output_gets_(lo-hi)_times_twiddle
ntt32_butterfly_operand,0,3,1,v5,5,-1,-1,-1,-1,-1,-1,0,4,4,13,-1,lo,13,15,8,366,2749,-1,-1,-1,-1,-1,-1,low_operand_for_dif_butterfly
ntt32_butterfly_operand,0,3,1,v5,7,-1,-1,-1,-1,-1,-1,0,4,4,15,-1,hi,13,15,8,366,2749,-1,-1,-1,-1,-1,-1,dif_high_output_gets_(lo-hi)_times_twiddle
ntt32_butterfly_operand,0,3,2,v6,0,-1,-1,-1,-1,-1,-1,0,4,4,16,-1,lo,16,18,0,-147,1,-1,-1,-1,-1,-1,-1,low_operand_for_dif_butterfly
ntt32_butterfly_operand,0,3,2,v6,2,-1,-1,-1,-1,-1,-1,0,4,4,18,-1,hi,16,18,0,-147,1,-1,-1,-1,-1,-1,-1,dif_high_output_gets_(lo-hi)_times_twiddle
ntt32_butterfly_operand,0,3,2,v6,1,-1,-1,-1,-1,-1,-1,0,4,4,17,-1,lo,17,19,8,366,2749,-1,-1,-1,-1,-1,-1,low_operand_for_dif_butterfly
ntt32_butterfly_operand,0,3,2,v6,3,-1,-1,-1,-1,-1,-1,0,4,4,19,-1,hi,17,19,8,366,2749,-1,-1,-1,-1,-1,-1,dif_high_output_gets_(lo-hi)_times_twiddle
ntt32_butterfly_operand,0,3,2,v6,4,-1,-1,-1,-1,-1,-1,0,4,4,20,-1,lo,20,22,0,-147,1,-1,-1,-1,-1,-1,-1,low_operand_for_dif_butterfly
ntt32_butterfly_operand,0,3,2,v6,6,-1,-1,-1,-1,-1,-1,0,4,4,22,-1,hi,20,22,0,-147,1,-1,-1,-1,-1,-1,-1,dif_high_output_gets_(lo-hi)_times_twiddle
ntt32_butterfly_operand,0,3,2,v6,5,-1,-1,-1,-1,-1,-1,0,4,4,21,-1,lo,21,23,8,366,2749,-1,-1,-1,-1,-1,-1,low_operand_for_dif_butterfly
ntt32_butterfly_operand,0,3,2,v6,7,-1,-1,-1,-1,-1,-1,0,4,4,23,-1,hi,21,23,8,366,2749,-1,-1,-1,-1,-1,-1,dif_high_output_gets_(lo-hi)_times_twiddle
ntt32_butterfly_operand,0,3,3,v7,0,-1,-1,-1,-1,-1,-1,0,4,4,24,-1,lo,24,26,0,-147,1,-1,-1,-1,-1,-1,-1,low_operand_for_dif_butterfly
ntt32_butterfly_operand,0,3,3,v7,2,-1,-1,-1,-1,-1,-1,0,4,4,26,-1,hi,24,26,0,-147,1,-1,-1,-1,-1,-1,-1,dif_high_output_gets_(lo-hi)_times_twiddle
ntt32_butterfly_operand,0,3,3,v7,1,-1,-1,-1,-1,-1,-1,0,4,4,25,-1,lo,25,27,8,366,2749,-1,-1,-1,-1,-1,-1,low_operand_for_dif_butterfly
ntt32_butterfly_operand,0,3,3,v7,3,-1,-1,-1,-1,-1,-1,0,4,4,27,-1,hi,25,27,8,366,2749,-1,-1,-1,-1,-1,-1,dif_high_output_gets_(lo-hi)_times_twiddle
ntt32_butterfly_operand,0,3,3,v7,4,-1,-1,-1,-1,-1,-1,0,4,4,28,-1,lo,28,30,0,-147,1,-1,-1,-1,-1,-1,-1,low_operand_for_dif_butterfly
ntt32_butterfly_operand,0,3,3,v7,6,-1,-1,-1,-1,-1,-1,0,4,4,30,-1,hi,28,30,0,-147,1,-1,-1,-1,-1,-1,-1,dif_high_output_gets_(lo-hi)_times_twiddle
ntt32_butterfly_operand,0,3,3,v7,5,-1,-1,-1,-1,-1,-1,0,4,4,29,-1,lo,29,31,8,366,2749,-1,-1,-1,-1,-1,-1,low_operand_for_dif_butterfly
ntt32_butterfly_operand,0,3,3,v7,7,-1,-1,-1,-1,-1,-1,0,4,4,31,-1,hi,29,31,8,366,2749,-1,-1,-1,-1,-1,-1,dif_high_output_gets_(lo-hi)_times_twiddle
ntt32_initial_natural_pack,0,3,0,v4,0,-1,-1,-1,-1,-1,0,1,0,32,0,0,state,-1,-1,0,-147,1,3,259,131,0,64,32,natural_input_for_incomplete_dif_ntt32_pre_len2_output
ntt32_initial_natural_pack,0,3,0,v4,1,-1,-1,-1,-1,-1,1,1,0,32,1,1,state,-1,-1,0,-147,1,135,7,263,33,1,65,natural_input_for_incomplete_dif_ntt32_pre_len2_output
ntt32_initial_natural_pack,0,3,0,v4,2,-1,-1,-1,-1,-1,2,1,0,32,2,2,state,-1,-1,0,-147,1,267,139,11,66,34,2,natural_input_for_incomplete_dif_ntt32_pre_len2_output
ntt32_initial_natural_pack,0,3,0,v4,3,-1,-1,-1,-1,-1,3,1,0,32,3,3,state,-1,-1,0,-147,1,15,271,143,3,67,35,natural_input_for_incomplete_dif_ntt32_pre_len2_output
ntt32_initial_natural_pack,0,3,0,v4,4,-1,-1,-1,-1,-1,4,1,0,32,4,4,state,-1,-1,0,-147,1,147,19,275,36,4,68,natural_input_for_incomplete_dif_ntt32_pre_len2_output
ntt32_initial_natural_pack,0,3,0,v4,5,-1,-1,-1,-1,-1,5,1,0,32,5,5,state,-1,-1,0,-147,1,279,151,23,69,37,5,natural_input_for_incomplete_dif_ntt32_pre_len2_output
ntt32_initial_natural_pack,0,3,0,v4,6,-1,-1,-1,-1,-1,6,1,0,32,6,6,state,-1,-1,0,-147,1,27,283,155,6,70,38,natural_input_for_incomplete_dif_ntt32_pre_len2_output
ntt32_initial_natural_pack,0,3,0,v4,7,-1,-1,-1,-1,-1,7,1,0,32,7,7,state,-1,-1,0,-147,1,159,31,287,39,7,71,natural_input_for_incomplete_dif_ntt32_pre_len2_output
ntt32_initial_natural_pack,0,3,1,v5,0,-1,-1,-1,-1,-1,8,1,0,32,8,8,state,-1,-1,0,-147,1,291,163,35,72,40,8,natural_input_for_incomplete_dif_ntt32_pre_len2_output
ntt32_initial_natural_pack,0,3,1,v5,1,-1,-1,-1,-1,-1,9,1,0,32,9,9,state,-1,-1,0,-147,1,39,295,167,9,73,41,natural_input_for_incomplete_dif_ntt32_pre_len2_output
ntt32_initial_natural_pack,0,3,1,v5,2,-1,-1,-1,-1,-1,10,1,0,32,10,10,state,-1,-1,0,-147,1,171,43,299,42,10,74,natural_input_for_incomplete_dif_ntt32_pre_len2_output
ntt32_initial_natural_pack,0,3,1,v5,3,-1,-1,-1,-1,-1,11,1,0,32,11,11,state,-1,-1,0,-147,1,303,175,47,75,43,11,natural_input_for_incomplete_dif_ntt32_pre_len2_output
ntt32_initial_natural_pack,0,3,1,v5,4,-1,-1,-1,-1,-1,12,1,0,32,12,12,state,-1,-1,0,-147,1,51,307,179,12,76,44,natural_input_for_incomplete_dif_ntt32_pre_len2_output
ntt32_initial_natural_pack,0,3,1,v5,5,-1,-1,-1,-1,-1,13,1,0,32,13,13,state,-1,-1,0,-147,1,183,55,311,45,13,77,natural_input_for_incomplete_dif_ntt32_pre_len2_output
ntt32_initial_natural_pack,0,3,1,v5,6,-1,-1,-1,-1,-1,14,1,0,32,14,14,state,-1,-1,0,-147,1,315,187,59,78,46,14,natural_input_for_incomplete_dif_ntt32_pre_len2_output
ntt32_initial_natural_pack,0,3,1,v5,7,-1,-1,-1,-1,-1,15,1,0,32,15,15,state,-1,-1,0,-147,1,63,319,191,15,79,47,natural_input_for_incomplete_dif_ntt32_pre_len2_output
ntt32_initial_natural_pack,0,3,2,v6,0,-1,-1,-1,-1,-1,16,1,0,32,16,16,state,-1,-1,0,-147,1,195,67,323,48,16,80,natural_input_for_incomplete_dif_ntt32_pre_len2_output
ntt32_initial_natural_pack,0,3,2,v6,1,-1,-1,-1,-1,-1,17,1,0,32,17,17,state,-1,-1,0,-147,1,327,199,71,81,49,17,natural_input_for_incomplete_dif_ntt32_pre_len2_output
ntt32_initial_natural_pack,0,3,2,v6,2,-1,-1,-1,-1,-1,18,1,0,32,18,18,state,-1,-1,0,-147,1,75,331,203,18,82,50,natural_input_for_incomplete_dif_ntt32_pre_len2_output
ntt32_initial_natural_pack,0,3,2,v6,3,-1,-1,-1,-1,-1,19,1,0,32,19,19,state,-1,-1,0,-147,1,207,79,335,51,19,83,natural_input_for_incomplete_dif_ntt32_pre_len2_output
ntt32_initial_natural_pack,0,3,2,v6,4,-1,-1,-1,-1,-1,20,1,0,32,20,20,state,-1,-1,0,-147,1,339,211,83,84,52,20,natural_input_for_incomplete_dif_ntt32_pre_len2_output
ntt32_initial_natural_pack,0,3,2,v6,5,-1,-1,-1,-1,-1,21,1,0,32,21,21,state,-1,-1,0,-147,1,87,343,215,21,85,53,natural_input_for_incomplete_dif_ntt32_pre_len2_output
ntt32_initial_natural_pack,0,3,2,v6,6,-1,-1,-1,-1,-1,22,1,0,32,22,22,state,-1,-1,0,-147,1,219,91,347,54,22,86,natural_input_for_incomplete_dif_ntt32_pre_len2_output
ntt32_initial_natural_pack,0,3,2,v6,7,-1,-1,-1,-1,-1,23,1,0,32,23,23,state,-1,-1,0,-147,1,351,223,95,87,55,23,natural_input_for_incomplete_dif_ntt32_pre_len2_output
ntt32_initial_natural_pack,0,3,3,v7,0,-1,-1,-1,-1,-1,24,1,0,32,24,24,state,-1,-1,0,-147,1,99,355,227,24,88,56,natural_input_for_incomplete_dif_ntt32_pre_len2_output
ntt32_initial_natural_pack,0,3,3,v7,1,-1,-1,-1,-1,-1,25,1,0,32,25,25,state,-1,-1,0,-147,1,231,103,359,57,25,89,natural_input_for_incomplete_dif_ntt32_pre_len2_output
ntt32_initial_natural_pack,0,3,3,v7,2,-1,-1,-1,-1,-1,26,1,0,32,26,26,state,-1,-1,0,-147,1,363,235,107,90,58,26,natural_input_for_incomplete_dif_ntt32_pre_len2_output
ntt32_initial_natural_pack,0,3,3,v7,3,-1,-1,-1,-1,-1,27,1,0,32,27,27,state,-1,-1,0,-147,1,111,367,239,27,91,59,natural_input_for_incomplete_dif_ntt32_pre_len2_output
ntt32_initial_natural_pack,0,3,3,v7,4,-1,-1,-1,-1,-1,28,1,0,32,28,28,state,-1,-1,0,-147,1,243,115,371,60,28,92,natural_input_for_incomplete_dif_ntt32_pre_len2_output
ntt32_initial_natural_pack,0,3,3,v7,5,-1,-1,-1,-1,-1,29,1,0,32,29,29,state,-1,-1,0,-147,1,375,247,119,93,61,29,natural_input_for_incomplete_dif_ntt32_pre_len2_output
ntt32_initial_natural_pack,0,3,3,v7,6,-1,-1,-1,-1,-1,30,1,0,32,30,30,state,-1,-1,0,-147,1,123,379,251,30,94,62,natural_input_for_incomplete_dif_ntt32_pre_len2_output
ntt32_initial_natural_pack,0,3,3,v7,7,-1,-1,-1,-1,-1,31,1,0,32,31,31,state,-1,-1,0,-147,1,255,127,383,63,31,95,natural_input_for_incomplete_dif_ntt32_pre_len2_output
ntt32_butterfly_operand,0,3,0,v4,0,-1,-1,-1,-1,-1,-1,1,1,32,0,-1,lo,0,16,0,-147,1,-1,-1,-1,-1,-1,-1,low_operand_for_dif_butterfly
ntt32_butterfly_operand,0,3,2,v6,0,-1,-1,-1,-1,-1,-1,1,1,32,16,-1,hi,0,16,0,-147,1,-1,-1,-1,-1,-1,-1,dif_high_output_gets_(lo-hi)_times_twiddle
ntt32_butterfly_operand,0,3,0,v4,1,-1,-1,-1,-1,-1,-1,1,1,32,1,-1,lo,1,17,1,484,1784,-1,-1,-1,-1,-1,-1,low_operand_for_dif_butterfly
ntt32_butterfly_operand,0,3,2,v6,1,-1,-1,-1,-1,-1,-1,1,1,32,17,-1,hi,1,17,1,484,1784,-1,-1,-1,-1,-1,-1,dif_high_output_gets_(lo-hi)_times_twiddle
ntt32_butterfly_operand,0,3,0,v4,2,-1,-1,-1,-1,-1,-1,1,1,32,2,-1,lo,2,18,2,-794,2216,-1,-1,-1,-1,-1,-1,low_operand_for_dif_butterfly
ntt32_butterfly_operand,0,3,2,v6,2,-1,-1,-1,-1,-1,-1,1,1,32,18,-1,hi,2,18,2,-794,2216,-1,-1,-1,-1,-1,-1,dif_high_output_gets_(lo-hi)_times_twiddle
ntt32_butterfly_operand,0,3,0,v4,3,-1,-1,-1,-1,-1,-1,1,1,32,3,-1,lo,3,19,3,874,1993,-1,-1,-1,-1,-1,-1,low_operand_for_dif_butterfly
ntt32_butterfly_operand,0,3,2,v6,3,-1,-1,-1,-1,-1,-1,1,1,32,19,-1,hi,3,19,3,874,1993,-1,-1,-1,-1,-1,-1,dif_high_output_gets_(lo-hi)_times_twiddle
ntt32_butterfly_operand,0,3,0,v4,4,-1,-1,-1,-1,-1,-1,1,1,32,4,-1,lo,4,20,4,109,1716,-1,-1,-1,-1,-1,-1,low_operand_for_dif_butterfly
ntt32_butterfly_operand,0,3,2,v6,4,-1,-1,-1,-1,-1,-1,1,1,32,20,-1,hi,4,20,4,109,1716,-1,-1,-1,-1,-1,-1,dif_high_output_gets_(lo-hi)_times_twiddle
ntt32_butterfly_operand,0,3,0,v4,5,-1,-1,-1,-1,-1,-1,1,1,32,5,-1,lo,5,21,5,864,1899,-1,-1,-1,-1,-1,-1,low_operand_for_dif_butterfly
ntt32_butterfly_operand,0,3,2,v6,5,-1,-1,-1,-1,-1,-1,1,1,32,21,-1,hi,5,21,5,864,1899,-1,-1,-1,-1,-1,-1,dif_high_output_gets_(lo-hi)_times_twiddle
ntt32_butterfly_operand,0,3,0,v4,6,-1,-1,-1,-1,-1,-1,1,1,32,6,-1,lo,6,22,6,-446,3413,-1,-1,-1,-1,-1,-1,low_operand_for_dif_butterfly
ntt32_butterfly_operand,0,3,2,v6,6,-1,-1,-1,-1,-1,-1,1,1,32,22,-1,hi,6,22,6,-446,3413,-1,-1,-1,-1,-1,-1,dif_high_output_gets_(lo-hi)_times_twiddle
ntt32_butterfly_operand,0,3,0,v4,7,-1,-1,-1,-1,-1,-1,1,1,32,7,-1,lo,7,23,7,-554,1015,-1,-1,-1,-1,-1,-1,low_operand_for_dif_butterfly
ntt32_butterfly_operand,0,3,2,v6,7,-1,-1,-1,-1,-1,-1,1,1,32,23,-1,hi,7,23,7,-554,1015,-1,-1,-1,-1,-1,-1,dif_high_output_gets_(lo-hi)_times_twiddle
ntt32_butterfly_operand,0,3,1,v5,0,-1,-1,-1,-1,-1,-1,1,1,32,8,-1,lo,8,24,8,366,2749,-1,-1,-1,-1,-1,-1,low_operand_for_dif_butterfly
ntt32_butterfly_operand,0,3,3,v7,0,-1,-1,-1,-1,-1,-1,1,1,32,24,-1,hi,8,24,8,366,2749,-1,-1,-1,-1,-1,-1,dif_high_output_gets_(lo-hi)_times_twiddle
ntt32_butterfly_operand,0,3,1,v5,1,-1,-1,-1,-1,-1,-1,1,1,32,9,-1,lo,9,25,9,-429,2190,-1,-1,-1,-1,-1,-1,low_operand_for_dif_butterfly
ntt32_butterfly_operand,0,3,3,v7,1,-1,-1,-1,-1,-1,-1,1,1,32,25,-1,hi,9,25,9,-429,2190,-1,-1,-1,-1,-1,-1,dif_high_output_gets_(lo-hi)_times_twiddle
ntt32_butterfly_operand,0,3,1,v5,2,-1,-1,-1,-1,-1,-1,1,1,32,10,-1,lo,10,26,10,-1339,550,-1,-1,-1,-1,-1,-1,low_operand_for_dif_butterfly
ntt32_butterfly_operand,0,3,3,v7,2,-1,-1,-1,-1,-1,-1,1,1,32,26,-1,hi,10,26,10,-1339,550,-1,-1,-1,-1,-1,-1,dif_high_output_gets_(lo-hi)_times_twiddle
ntt32_butterfly_operand,0,3,1,v5,3,-1,-1,-1,-1,-1,-1,1,1,32,11,-1,lo,11,27,11,11,2869,-1,-1,-1,-1,-1,-1,low_operand_for_dif_butterfly
ntt32_butterfly_operand,0,3,3,v7,3,-1,-1,-1,-1,-1,-1,1,1,32,27,-1,hi,11,27,11,11,2869,-1,-1,-1,-1,-1,-1,dif_high_output_gets_(lo-hi)_times_twiddle
ntt32_butterfly_operand,0,3,1,v5,4,-1,-1,-1,-1,-1,-1,1,1,32,12,-1,lo,12,28,12,-1118,1936,-1,-1,-1,-1,-1,-1,low_operand_for_dif_butterfly
ntt32_butterfly_operand,0,3,3,v7,4,-1,-1,-1,-1,-1,-1,1,1,32,28,-1,hi,12,28,12,-1118,1936,-1,-1,-1,-1,-1,-1,dif_high_output_gets_(lo-hi)_times_twiddle
ntt32_butterfly_operand,0,3,1,v5,5,-1,-1,-1,-1,-1,-1,1,1,32,13,-1,lo,13,29,13,177,281,-1,-1,-1,-1,-1,-1,low_operand_for_dif_butterfly
ntt32_butterfly_operand,0,3,3,v7,5,-1,-1,-1,-1,-1,-1,1,1,32,29,-1,hi,13,29,13,177,281,-1,-1,-1,-1,-1,-1,dif_high_output_gets_(lo-hi)_times_twiddle
ntt32_butterfly_operand,0,3,1,v5,6,-1,-1,-1,-1,-1,-1,1,1,32,14,-1,lo,14,30,14,1181,39,-1,-1,-1,-1,-1,-1,low_operand_for_dif_butterfly
ntt32_butterfly_operand,0,3,3,v7,6,-1,-1,-1,-1,-1,-1,1,1,32,30,-1,hi,14,30,14,1181,39,-1,-1,-1,-1,-1,-1,dif_high_output_gets_(lo-hi)_times_twiddle
ntt32_butterfly_operand,0,3,1,v5,7,-1,-1,-1,-1,-1,-1,1,1,32,15,-1,lo,15,31,15,1591,436,-1,-1,-1,-1,-1,-1,low_operand_for_dif_butterfly
ntt32_butterfly_operand,0,3,3,v7,7,-1,-1,-1,-1,-1,-1,1,1,32,31,-1,hi,15,31,15,1591,436,-1,-1,-1,-1,-1,-1,dif_high_output_gets_(lo-hi)_times_twiddle
ntt32_butterfly_operand,0,3,0,v4,0,-1,-1,-1,-1,-1,-1,1,2,16,0,-1,lo,0,8,0,-147,1,-1,-1,-1,-1,-1,-1,low_operand_for_dif_butterfly
ntt32_butterfly_operand,0,3,1,v5,0,-1,-1,-1,-1,-1,-1,1,2,16,8,-1,hi,0,8,0,-147,1,-1,-1,-1,-1,-1,-1,dif_high_output_gets_(lo-hi)_times_twiddle
ntt32_butterfly_operand,0,3,0,v4,1,-1,-1,-1,-1,-1,-1,1,2,16,1,-1,lo,1,9,2,-794,2216,-1,-1,-1,-1,-1,-1,low_operand_for_dif_butterfly
ntt32_butterfly_operand,0,3,1,v5,1,-1,-1,-1,-1,-1,-1,1,2,16,9,-1,hi,1,9,2,-794,2216,-1,-1,-1,-1,-1,-1,dif_high_output_gets_(lo-hi)_times_twiddle
ntt32_butterfly_operand,0,3,0,v4,2,-1,-1,-1,-1,-1,-1,1,2,16,2,-1,lo,2,10,4,109,1716,-1,-1,-1,-1,-1,-1,low_operand_for_dif_butterfly
ntt32_butterfly_operand,0,3,1,v5,2,-1,-1,-1,-1,-1,-1,1,2,16,10,-1,hi,2,10,4,109,1716,-1,-1,-1,-1,-1,-1,dif_high_output_gets_(lo-hi)_times_twiddle
ntt32_butterfly_operand,0,3,0,v4,3,-1,-1,-1,-1,-1,-1,1,2,16,3,-1,lo,3,11,6,-446,3413,-1,-1,-1,-1,-1,-1,low_operand_for_dif_butterfly
ntt32_butterfly_operand,0,3,1,v5,3,-1,-1,-1,-1,-1,-1,1,2,16,11,-1,hi,3,11,6,-446,3413,-1,-1,-1,-1,-1,-1,dif_high_output_gets_(lo-hi)_times_twiddle
ntt32_butterfly_operand,0,3,0,v4,4,-1,-1,-1,-1,-1,-1,1,2,16,4,-1,lo,4,12,8,366,2749,-1,-1,-1,-1,-1,-1,low_operand_for_dif_butterfly
ntt32_butterfly_operand,0,3,1,v5,4,-1,-1,-1,-1,-1,-1,1,2,16,12,-1,hi,4,12,8,366,2749,-1,-1,-1,-1,-1,-1,dif_high_output_gets_(lo-hi)_times_twiddle
ntt32_butterfly_operand,0,3,0,v4,5,-1,-1,-1,-1,-1,-1,1,2,16,5,-1,lo,5,13,10,-1339,550,-1,-1,-1,-1,-1,-1,low_operand_for_dif_butterfly
ntt32_butterfly_operand,0,3,1,v5,5,-1,-1,-1,-1,-1,-1,1,2,16,13,-1,hi,5,13,10,-1339,550,-1,-1,-1,-1,-1,-1,dif_high_output_gets_(lo-hi)_times_twiddle
ntt32_butterfly_operand,0,3,0,v4,6,-1,-1,-1,-1,-1,-1,1,2,16,6,-1,lo,6,14,12,-1118,1936,-1,-1,-1,-1,-1,-1,low_operand_for_dif_butterfly
ntt32_butterfly_operand,0,3,1,v5,6,-1,-1,-1,-1,-1,-1,1,2,16,14,-1,hi,6,14,12,-1118,1936,-1,-1,-1,-1,-1,-1,dif_high_output_gets_(lo-hi)_times_twiddle
ntt32_butterfly_operand,0,3,0,v4,7,-1,-1,-1,-1,-1,-1,1,2,16,7,-1,lo,7,15,14,1181,39,-1,-1,-1,-1,-1,-1,low_operand_for_dif_butterfly
ntt32_butterfly_operand,0,3,1,v5,7,-1,-1,-1,-1,-1,-1,1,2,16,15,-1,hi,7,15,14,1181,39,-1,-1,-1,-1,-1,-1,dif_high_output_gets_(lo-hi)_times_twiddle
ntt32_butterfly_operand,0,3,2,v6,0,-1,-1,-1,-1,-1,-1,1,2,16,16,-1,lo,16,24,0,-147,1,-1,-1,-1,-1,-1,-1,low_operand_for_dif_butterfly
ntt32_butterfly_operand,0,3,3,v7,0,-1,-1,-1,-1,-1,-1,1,2,16,24,-1,hi,16,24,0,-147,1,-1,-1,-1,-1,-1,-1,dif_high_output_gets_(lo-hi)_times_twiddle
ntt32_butterfly_operand,0,3,2,v6,1,-1,-1,-1,-1,-1,-1,1,2,16,17,-1,lo,17,25,2,-794,2216,-1,-1,-1,-1,-1,-1,low_operand_for_dif_butterfly
ntt32_butterfly_operand,0,3,3,v7,1,-1,-1,-1,-1,-1,-1,1,2,16,25,-1,hi,17,25,2,-794,2216,-1,-1,-1,-1,-1,-1,dif_high_output_gets_(lo-hi)_times_twiddle
ntt32_butterfly_operand,0,3,2,v6,2,-1,-1,-1,-1,-1,-1,1,2,16,18,-1,lo,18,26,4,109,1716,-1,-1,-1,-1,-1,-1,low_operand_for_dif_butterfly
ntt32_butterfly_operand,0,3,3,v7,2,-1,-1,-1,-1,-1,-1,1,2,16,26,-1,hi,18,26,4,109,1716,-1,-1,-1,-1,-1,-1,dif_high_output_gets_(lo-hi)_times_twiddle
ntt32_butterfly_operand,0,3,2,v6,3,-1,-1,-1,-1,-1,-1,1,2,16,19,-1,lo,19,27,6,-446,3413,-1,-1,-1,-1,-1,-1,low_operand_for_dif_butterfly
ntt32_butterfly_operand,0,3,3,v7,3,-1,-1,-1,-1,-1,-1,1,2,16,27,-1,hi,19,27,6,-446,3413,-1,-1,-1,-1,-1,-1,dif_high_output_gets_(lo-hi)_times_twiddle
ntt32_butterfly_operand,0,3,2,v6,4,-1,-1,-1,-1,-1,-1,1,2,16,20,-1,lo,20,28,8,366,2749,-1,-1,-1,-1,-1,-1,low_operand_for_dif_butterfly
ntt32_butterfly_operand,0,3,3,v7,4,-1,-1,-1,-1,-1,-1,1,2,16,28,-1,hi,20,28,8,366,2749,-1,-1,-1,-1,-1,-1,dif_high_output_gets_(lo-hi)_times_twiddle
ntt32_butterfly_operand,0,3,2,v6,5,-1,-1,-1,-1,-1,-1,1,2,16,21,-1,lo,21,29,10,-1339,550,-1,-1,-1,-1,-1,-1,low_operand_for_dif_butterfly
ntt32_butterfly_operand,0,3,3,v7,5,-1,-1,-1,-1,-1,-1,1,2,16,29,-1,hi,21,29,10,-1339,550,-1,-1,-1,-1,-1,-1,dif_high_output_gets_(lo-hi)_times_twiddle
ntt32_butterfly_operand,0,3,2,v6,6,-1,-1,-1,-1,-1,-1,1,2,16,22,-1,lo,22,30,12,-1118,1936,-1,-1,-1,-1,-1,-1,low_operand_for_dif_butterfly
ntt32_butterfly_operand,0,3,3,v7,6,-1,-1,-1,-1,-1,-1,1,2,16,30,-1,hi,22,30,12,-1118,1936,-1,-1,-1,-1,-1,-1,dif_high_output_gets_(lo-hi)_times_twiddle
ntt32_butterfly_operand,0,3,2,v6,7,-1,-1,-1,-1,-1,-1,1,2,16,23,-1,lo,23,31,14,1181,39,-1,-1,-1,-1,-1,-1,low_operand_for_dif_butterfly
ntt32_butterfly_operand,0,3,3,v7,7,-1,-1,-1,-1,-1,-1,1,2,16,31,-1,hi,23,31,14,1181,39,-1,-1,-1,-1,-1,-1,dif_high_output_gets_(lo-hi)_times_twiddle
ntt32_butterfly_operand,0,3,0,v4,0,-1,-1,-1,-1,-1,-1,1,3,8,0,-1,lo,0,4,0,-147,1,-1,-1,-1,-1,-1,-1,low_operand_for_dif_butterfly
ntt32_butterfly_operand,0,3,0,v4,4,-1,-1,-1,-1,-1,-1,1,3,8,4,-1,hi,0,4,0,-147,1,-1,-1,-1,-1,-1,-1,dif_high_output_gets_(lo-hi)_times_twiddle
ntt32_butterfly_operand,0,3,0,v4,1,-1,-1,-1,-1,-1,-1,1,3,8,1,-1,lo,1,5,4,109,1716,-1,-1,-1,-1,-1,-1,low_operand_for_dif_butterfly
ntt32_butterfly_operand,0,3,0,v4,5,-1,-1,-1,-1,-1,-1,1,3,8,5,-1,hi,1,5,4,109,1716,-1,-1,-1,-1,-1,-1,dif_high_output_gets_(lo-hi)_times_twiddle
ntt32_butterfly_operand,0,3,0,v4,2,-1,-1,-1,-1,-1,-1,1,3,8,2,-1,lo,2,6,8,366,2749,-1,-1,-1,-1,-1,-1,low_operand_for_dif_butterfly
ntt32_butterfly_operand,0,3,0,v4,6,-1,-1,-1,-1,-1,-1,1,3,8,6,-1,hi,2,6,8,366,2749,-1,-1,-1,-1,-1,-1,dif_high_output_gets_(lo-hi)_times_twiddle
ntt32_butterfly_operand,0,3,0,v4,3,-1,-1,-1,-1,-1,-1,1,3,8,3,-1,lo,3,7,12,-1118,1936,-1,-1,-1,-1,-1,-1,low_operand_for_dif_butterfly
ntt32_butterfly_operand,0,3,0,v4,7,-1,-1,-1,-1,-1,-1,1,3,8,7,-1,hi,3,7,12,-1118,1936,-1,-1,-1,-1,-1,-1,dif_high_output_gets_(lo-hi)_times_twiddle
ntt32_butterfly_operand,0,3,1,v5,0,-1,-1,-1,-1,-1,-1,1,3,8,8,-1,lo,8,12,0,-147,1,-1,-1,-1,-1,-1,-1,low_operand_for_dif_butterfly
ntt32_butterfly_operand,0,3,1,v5,4,-1,-1,-1,-1,-1,-1,1,3,8,12,-1,hi,8,12,0,-147,1,-1,-1,-1,-1,-1,-1,dif_high_output_gets_(lo-hi)_times_twiddle
ntt32_butterfly_operand,0,3,1,v5,1,-1,-1,-1,-1,-1,-1,1,3,8,9,-1,lo,9,13,4,109,1716,-1,-1,-1,-1,-1,-1,low_operand_for_dif_butterfly
ntt32_butterfly_operand,0,3,1,v5,5,-1,-1,-1,-1,-1,-1,1,3,8,13,-1,hi,9,13,4,109,1716,-1,-1,-1,-1,-1,-1,dif_high_output_gets_(lo-hi)_times_twiddle
ntt32_butterfly_operand,0,3,1,v5,2,-1,-1,-1,-1,-1,-1,1,3,8,10,-1,lo,10,14,8,366,2749,-1,-1,-1,-1,-1,-1,low_operand_for_dif_butterfly
ntt32_butterfly_operand,0,3,1,v5,6,-1,-1,-1,-1,-1,-1,1,3,8,14,-1,hi,10,14,8,366,2749,-1,-1,-1,-1,-1,-1,dif_high_output_gets_(lo-hi)_times_twiddle
ntt32_butterfly_operand,0,3,1,v5,3,-1,-1,-1,-1,-1,-1,1,3,8,11,-1,lo,11,15,12,-1118,1936,-1,-1,-1,-1,-1,-1,low_operand_for_dif_butterfly
ntt32_butterfly_operand,0,3,1,v5,7,-1,-1,-1,-1,-1,-1,1,3,8,15,-1,hi,11,15,12,-1118,1936,-1,-1,-1,-1,-1,-1,dif_high_output_gets_(lo-hi)_times_twiddle
ntt32_butterfly_operand,0,3,2,v6,0,-1,-1,-1,-1,-1,-1,1,3,8,16,-1,lo,16,20,0,-147,1,-1,-1,-1,-1,-1,-1,low_operand_for_dif_butterfly
ntt32_butterfly_operand,0,3,2,v6,4,-1,-1,-1,-1,-1,-1,1,3,8,20,-1,hi,16,20,0,-147,1,-1,-1,-1,-1,-1,-1,dif_high_output_gets_(lo-hi)_times_twiddle
ntt32_butterfly_operand,0,3,2,v6,1,-1,-1,-1,-1,-1,-1,1,3,8,17,-1,lo,17,21,4,109,1716,-1,-1,-1,-1,-1,-1,low_operand_for_dif_butterfly
ntt32_butterfly_operand,0,3,2,v6,5,-1,-1,-1,-1,-1,-1,1,3,8,21,-1,hi,17,21,4,109,1716,-1,-1,-1,-1,-1,-1,dif_high_output_gets_(lo-hi)_times_twiddle
ntt32_butterfly_operand,0,3,2,v6,2,-1,-1,-1,-1,-1,-1,1,3,8,18,-1,lo,18,22,8,366,2749,-1,-1,-1,-1,-1,-1,low_operand_for_dif_butterfly
ntt32_butterfly_operand,0,3,2,v6,6,-1,-1,-1,-1,-1,-1,1,3,8,22,-1,hi,18,22,8,366,2749,-1,-1,-1,-1,-1,-1,dif_high_output_gets_(lo-hi)_times_twiddle
ntt32_butterfly_operand,0,3,2,v6,3,-1,-1,-1,-1,-1,-1,1,3,8,19,-1,lo,19,23,12,-1118,1936,-1,-1,-1,-1,-1,-1,low_operand_for_dif_butterfly
ntt32_butterfly_operand,0,3,2,v6,7,-1,-1,-1,-1,-1,-1,1,3,8,23,-1,hi,19,23,12,-1118,1936,-1,-1,-1,-1,-1,-1,dif_high_output_gets_(lo-hi)_times_twiddle
ntt32_butterfly_operand,0,3,3,v7,0,-1,-1,-1,-1,-1,-1,1,3,8,24,-1,lo,24,28,0,-147,1,-1,-1,-1,-1,-1,-1,low_operand_for_dif_butterfly
ntt32_butterfly_operand,0,3,3,v7,4,-1,-1,-1,-1,-1,-1,1,3,8,28,-1,hi,24,28,0,-147,1,-1,-1,-1,-1,-1,-1,dif_high_output_gets_(lo-hi)_times_twiddle
ntt32_butterfly_operand,0,3,3,v7,1,-1,-1,-1,-1,-1,-1,1,3,8,25,-1,lo,25,29,4,109,1716,-1,-1,-1,-1,-1,-1,low_operand_for_dif_butterfly
ntt32_butterfly_operand,0,3,3,v7,5,-1,-1,-1,-1,-1,-1,1,3,8,29,-1,hi,25,29,4,109,1716,-1,-1,-1,-1,-1,-1,dif_high_output_gets_(lo-hi)_times_twiddle
ntt32_butterfly_operand,0,3,3,v7,2,-1,-1,-1,-1,-1,-1,1,3,8,26,-1,lo,26,30,8,366,2749,-1,-1,-1,-1,-1,-1,low_operand_for_dif_butterfly
ntt32_butterfly_operand,0,3,3,v7,6,-1,-1,-1,-1,-1,-1,1,3,8,30,-1,hi,26,30,8,366,2749,-1,-1,-1,-1,-1,-1,dif_high_output_gets_(lo-hi)_times_twiddle
ntt32_butterfly_operand,0,3,3,v7,3,-1,-1,-1,-1,-1,-1,1,3,8,27,-1,lo,27,31,12,-1118,1936,-1,-1,-1,-1,-1,-1,low_operand_for_dif_butterfly
ntt32_butterfly_operand,0,3,3,v7,7,-1,-1,-1,-1,-1,-1,1,3,8,31,-1,hi,27,31,12,-1118,1936,-1,-1,-1,-1,-1,-1,dif_high_output_gets_(lo-hi)_times_twiddle
ntt32_butterfly_operand,0,3,0,v4,0,-1,-1,-1,-1,-1,-1,1,4,4,0,-1,lo,0,2,0,-147,1,-1,-1,-1,-1,-1,-1,low_operand_for_dif_butterfly
ntt32_butterfly_operand,0,3,0,v4,2,-1,-1,-1,-1,-1,-1,1,4,4,2,-1,hi,0,2,0,-147,1,-1,-1,-1,-1,-1,-1,dif_high_output_gets_(lo-hi)_times_twiddle
ntt32_butterfly_operand,0,3,0,v4,1,-1,-1,-1,-1,-1,-1,1,4,4,1,-1,lo,1,3,8,366,2749,-1,-1,-1,-1,-1,-1,low_operand_for_dif_butterfly
ntt32_butterfly_operand,0,3,0,v4,3,-1,-1,-1,-1,-1,-1,1,4,4,3,-1,hi,1,3,8,366,2749,-1,-1,-1,-1,-1,-1,dif_high_output_gets_(lo-hi)_times_twiddle
ntt32_butterfly_operand,0,3,0,v4,4,-1,-1,-1,-1,-1,-1,1,4,4,4,-1,lo,4,6,0,-147,1,-1,-1,-1,-1,-1,-1,low_operand_for_dif_butterfly
ntt32_butterfly_operand,0,3,0,v4,6,-1,-1,-1,-1,-1,-1,1,4,4,6,-1,hi,4,6,0,-147,1,-1,-1,-1,-1,-1,-1,dif_high_output_gets_(lo-hi)_times_twiddle
ntt32_butterfly_operand,0,3,0,v4,5,-1,-1,-1,-1,-1,-1,1,4,4,5,-1,lo,5,7,8,366,2749,-1,-1,-1,-1,-1,-1,low_operand_for_dif_butterfly
ntt32_butterfly_operand,0,3,0,v4,7,-1,-1,-1,-1,-1,-1,1,4,4,7,-1,hi,5,7,8,366,2749,-1,-1,-1,-1,-1,-1,dif_high_output_gets_(lo-hi)_times_twiddle
ntt32_butterfly_operand,0,3,1,v5,0,-1,-1,-1,-1,-1,-1,1,4,4,8,-1,lo,8,10,0,-147,1,-1,-1,-1,-1,-1,-1,low_operand_for_dif_butterfly
ntt32_butterfly_operand,0,3,1,v5,2,-1,-1,-1,-1,-1,-1,1,4,4,10,-1,hi,8,10,0,-147,1,-1,-1,-1,-1,-1,-1,dif_high_output_gets_(lo-hi)_times_twiddle
ntt32_butterfly_operand,0,3,1,v5,1,-1,-1,-1,-1,-1,-1,1,4,4,9,-1,lo,9,11,8,366,2749,-1,-1,-1,-1,-1,-1,low_operand_for_dif_butterfly
ntt32_butterfly_operand,0,3,1,v5,3,-1,-1,-1,-1,-1,-1,1,4,4,11,-1,hi,9,11,8,366,2749,-1,-1,-1,-1,-1,-1,dif_high_output_gets_(lo-hi)_times_twiddle
ntt32_butterfly_operand,0,3,1,v5,4,-1,-1,-1,-1,-1,-1,1,4,4,12,-1,lo,12,14,0,-147,1,-1,-1,-1,-1,-1,-1,low_operand_for_dif_butterfly
ntt32_butterfly_operand,0,3,1,v5,6,-1,-1,-1,-1,-1,-1,1,4,4,14,-1,hi,12,14,0,-147,1,-1,-1,-1,-1,-1,-1,dif_high_output_gets_(lo-hi)_times_twiddle
ntt32_butterfly_operand,0,3,1,v5,5,-1,-1,-1,-1,-1,-1,1,4,4,13,-1,lo,13,15,8,366,2749,-1,-1,-1,-1,-1,-1,low_operand_for_dif_butterfly
ntt32_butterfly_operand,0,3,1,v5,7,-1,-1,-1,-1,-1,-1,1,4,4,15,-1,hi,13,15,8,366,2749,-1,-1,-1,-1,-1,-1,dif_high_output_gets_(lo-hi)_times_twiddle
ntt32_butterfly_operand,0,3,2,v6,0,-1,-1,-1,-1,-1,-1,1,4,4,16,-1,lo,16,18,0,-147,1,-1,-1,-1,-1,-1,-1,low_operand_for_dif_butterfly
ntt32_butterfly_operand,0,3,2,v6,2,-1,-1,-1,-1,-1,-1,1,4,4,18,-1,hi,16,18,0,-147,1,-1,-1,-1,-1,-1,-1,dif_high_output_gets_(lo-hi)_times_twiddle
ntt32_butterfly_operand,0,3,2,v6,1,-1,-1,-1,-1,-1,-1,1,4,4,17,-1,lo,17,19,8,366,2749,-1,-1,-1,-1,-1,-1,low_operand_for_dif_butterfly
ntt32_butterfly_operand,0,3,2,v6,3,-1,-1,-1,-1,-1,-1,1,4,4,19,-1,hi,17,19,8,366,2749,-1,-1,-1,-1,-1,-1,dif_high_output_gets_(lo-hi)_times_twiddle
ntt32_butterfly_operand,0,3,2,v6,4,-1,-1,-1,-1,-1,-1,1,4,4,20,-1,lo,20,22,0,-147,1,-1,-1,-1,-1,-1,-1,low_operand_for_dif_butterfly
ntt32_butterfly_operand,0,3,2,v6,6,-1,-1,-1,-1,-1,-1,1,4,4,22,-1,hi,20,22,0,-147,1,-1,-1,-1,-1,-1,-1,dif_high_output_gets_(lo-hi)_times_twiddle
ntt32_butterfly_operand,0,3,2,v6,5,-1,-1,-1,-1,-1,-1,1,4,4,21,-1,lo,21,23,8,366,2749,-1,-1,-1,-1,-1,-1,low_operand_for_dif_butterfly
ntt32_butterfly_operand,0,3,2,v6,7,-1,-1,-1,-1,-1,-1,1,4,4,23,-1,hi,21,23,8,366,2749,-1,-1,-1,-1,-1,-1,dif_high_output_gets_(lo-hi)_times_twiddle
ntt32_butterfly_operand,0,3,3,v7,0,-1,-1,-1,-1,-1,-1,1,4,4,24,-1,lo,24,26,0,-147,1,-1,-1,-1,-1,-1,-1,low_operand_for_dif_butterfly
ntt32_butterfly_operand,0,3,3,v7,2,-1,-1,-1,-1,-1,-1,1,4,4,26,-1,hi,24,26,0,-147,1,-1,-1,-1,-1,-1,-1,dif_high_output_gets_(lo-hi)_times_twiddle
ntt32_butterfly_operand,0,3,3,v7,1,-1,-1,-1,-1,-1,-1,1,4,4,25,-1,lo,25,27,8,366,2749,-1,-1,-1,-1,-1,-1,low_operand_for_dif_butterfly
ntt32_butterfly_operand,0,3,3,v7,3,-1,-1,-1,-1,-1,-1,1,4,4,27,-1,hi,25,27,8,366,2749,-1,-1,-1,-1,-1,-1,dif_high_output_gets_(lo-hi)_times_twiddle
ntt32_butterfly_operand,0,3,3,v7,4,-1,-1,-1,-1,-1,-1,1,4,4,28,-1,lo,28,30,0,-147,1,-1,-1,-1,-1,-1,-1,low_operand_for_dif_butterfly
ntt32_butterfly_operand,0,3,3,v7,6,-1,-1,-1,-1,-1,-1,1,4,4,30,-1,hi,28,30,0,-147,1,-1,-1,-1,-1,-1,-1,dif_high_output_gets_(lo-hi)_times_twiddle
ntt32_butterfly_operand,0,3,3,v7,5,-1,-1,-1,-1,-1,-1,1,4,4,29,-1,lo,29,31,8,366,2749,-1,-1,-1,-1,-1,-1,low_operand_for_dif_butterfly
ntt32_butterfly_operand,0,3,3,v7,7,-1,-1,-1,-1,-1,-1,1,4,4,31,-1,hi,29,31,8,366,2749,-1,-1,-1,-1,-1,-1,dif_high_output_gets_(lo-hi)_times_twiddle
ntt32_initial_natural_pack,0,3,0,v4,0,-1,-1,-1,-1,-1,0,2,0,32,0,0,state,-1,-1,0,-147,1,3,259,131,0,64,32,natural_input_for_incomplete_dif_ntt32_pre_len2_output
ntt32_initial_natural_pack,0,3,0,v4,1,-1,-1,-1,-1,-1,1,2,0,32,1,1,state,-1,-1,0,-147,1,135,7,263,33,1,65,natural_input_for_incomplete_dif_ntt32_pre_len2_output
ntt32_initial_natural_pack,0,3,0,v4,2,-1,-1,-1,-1,-1,2,2,0,32,2,2,state,-1,-1,0,-147,1,267,139,11,66,34,2,natural_input_for_incomplete_dif_ntt32_pre_len2_output
ntt32_initial_natural_pack,0,3,0,v4,3,-1,-1,-1,-1,-1,3,2,0,32,3,3,state,-1,-1,0,-147,1,15,271,143,3,67,35,natural_input_for_incomplete_dif_ntt32_pre_len2_output
ntt32_initial_natural_pack,0,3,0,v4,4,-1,-1,-1,-1,-1,4,2,0,32,4,4,state,-1,-1,0,-147,1,147,19,275,36,4,68,natural_input_for_incomplete_dif_ntt32_pre_len2_output
ntt32_initial_natural_pack,0,3,0,v4,5,-1,-1,-1,-1,-1,5,2,0,32,5,5,state,-1,-1,0,-147,1,279,151,23,69,37,5,natural_input_for_incomplete_dif_ntt32_pre_len2_output
ntt32_initial_natural_pack,0,3,0,v4,6,-1,-1,-1,-1,-1,6,2,0,32,6,6,state,-1,-1,0,-147,1,27,283,155,6,70,38,natural_input_for_incomplete_dif_ntt32_pre_len2_output
ntt32_initial_natural_pack,0,3,0,v4,7,-1,-1,-1,-1,-1,7,2,0,32,7,7,state,-1,-1,0,-147,1,159,31,287,39,7,71,natural_input_for_incomplete_dif_ntt32_pre_len2_output
ntt32_initial_natural_pack,0,3,1,v5,0,-1,-1,-1,-1,-1,8,2,0,32,8,8,state,-1,-1,0,-147,1,291,163,35,72,40,8,natural_input_for_incomplete_dif_ntt32_pre_len2_output
ntt32_initial_natural_pack,0,3,1,v5,1,-1,-1,-1,-1,-1,9,2,0,32,9,9,state,-1,-1,0,-147,1,39,295,167,9,73,41,natural_input_for_incomplete_dif_ntt32_pre_len2_output
ntt32_initial_natural_pack,0,3,1,v5,2,-1,-1,-1,-1,-1,10,2,0,32,10,10,state,-1,-1,0,-147,1,171,43,299,42,10,74,natural_input_for_incomplete_dif_ntt32_pre_len2_output
ntt32_initial_natural_pack,0,3,1,v5,3,-1,-1,-1,-1,-1,11,2,0,32,11,11,state,-1,-1,0,-147,1,303,175,47,75,43,11,natural_input_for_incomplete_dif_ntt32_pre_len2_output
ntt32_initial_natural_pack,0,3,1,v5,4,-1,-1,-1,-1,-1,12,2,0,32,12,12,state,-1,-1,0,-147,1,51,307,179,12,76,44,natural_input_for_incomplete_dif_ntt32_pre_len2_output
ntt32_initial_natural_pack,0,3,1,v5,5,-1,-1,-1,-1,-1,13,2,0,32,13,13,state,-1,-1,0,-147,1,183,55,311,45,13,77,natural_input_for_incomplete_dif_ntt32_pre_len2_output
ntt32_initial_natural_pack,0,3,1,v5,6,-1,-1,-1,-1,-1,14,2,0,32,14,14,state,-1,-1,0,-147,1,315,187,59,78,46,14,natural_input_for_incomplete_dif_ntt32_pre_len2_output
ntt32_initial_natural_pack,0,3,1,v5,7,-1,-1,-1,-1,-1,15,2,0,32,15,15,state,-1,-1,0,-147,1,63,319,191,15,79,47,natural_input_for_incomplete_dif_ntt32_pre_len2_output
ntt32_initial_natural_pack,0,3,2,v6,0,-1,-1,-1,-1,-1,16,2,0,32,16,16,state,-1,-1,0,-147,1,195,67,323,48,16,80,natural_input_for_incomplete_dif_ntt32_pre_len2_output
ntt32_initial_natural_pack,0,3,2,v6,1,-1,-1,-1,-1,-1,17,2,0,32,17,17,state,-1,-1,0,-147,1,327,199,71,81,49,17,natural_input_for_incomplete_dif_ntt32_pre_len2_output
ntt32_initial_natural_pack,0,3,2,v6,2,-1,-1,-1,-1,-1,18,2,0,32,18,18,state,-1,-1,0,-147,1,75,331,203,18,82,50,natural_input_for_incomplete_dif_ntt32_pre_len2_output
ntt32_initial_natural_pack,0,3,2,v6,3,-1,-1,-1,-1,-1,19,2,0,32,19,19,state,-1,-1,0,-147,1,207,79,335,51,19,83,natural_input_for_incomplete_dif_ntt32_pre_len2_output
ntt32_initial_natural_pack,0,3,2,v6,4,-1,-1,-1,-1,-1,20,2,0,32,20,20,state,-1,-1,0,-147,1,339,211,83,84,52,20,natural_input_for_incomplete_dif_ntt32_pre_len2_output
ntt32_initial_natural_pack,0,3,2,v6,5,-1,-1,-1,-1,-1,21,2,0,32,21,21,state,-1,-1,0,-147,1,87,343,215,21,85,53,natural_input_for_incomplete_dif_ntt32_pre_len2_output
ntt32_initial_natural_pack,0,3,2,v6,6,-1,-1,-1,-1,-1,22,2,0,32,22,22,state,-1,-1,0,-147,1,219,91,347,54,22,86,natural_input_for_incomplete_dif_ntt32_pre_len2_output
ntt32_initial_natural_pack,0,3,2,v6,7,-1,-1,-1,-1,-1,23,2,0,32,23,23,state,-1,-1,0,-147,1,351,223,95,87,55,23,natural_input_for_incomplete_dif_ntt32_pre_len2_output
ntt32_initial_natural_pack,0,3,3,v7,0,-1,-1,-1,-1,-1,24,2,0,32,24,24,state,-1,-1,0,-147,1,99,355,227,24,88,56,natural_input_for_incomplete_dif_ntt32_pre_len2_output
ntt32_initial_natural_pack,0,3,3,v7,1,-1,-1,-1,-1,-1,25,2,0,32,25,25,state,-1,-1,0,-147,1,231,103,359,57,25,89,natural_input_for_incomplete_dif_ntt32_pre_len2_output
ntt32_initial_natural_pack,0,3,3,v7,2,-1,-1,-1,-1,-1,26,2,0,32,26,26,state,-1,-1,0,-147,1,363,235,107,90,58,26,natural_input_for_incomplete_dif_ntt32_pre_len2_output
ntt32_initial_natural_pack,0,3,3,v7,3,-1,-1,-1,-1,-1,27,2,0,32,27,27,state,-1,-1,0,-147,1,111,367,239,27,91,59,natural_input_for_incomplete_dif_ntt32_pre_len2_output
ntt32_initial_natural_pack,0,3,3,v7,4,-1,-1,-1,-1,-1,28,2,0,32,28,28,state,-1,-1,0,-147,1,243,115,371,60,28,92,natural_input_for_incomplete_dif_ntt32_pre_len2_output
ntt32_initial_natural_pack,0,3,3,v7,5,-1,-1,-1,-1,-1,29,2,0,32,29,29,state,-1,-1,0,-147,1,375,247,119,93,61,29,natural_input_for_incomplete_dif_ntt32_pre_len2_output
ntt32_initial_natural_pack,0,3,3,v7,6,-1,-1,-1,-1,-1,30,2,0,32,30,30,state,-1,-1,0,-147,1,123,379,251,30,94,62,natural_input_for_incomplete_dif_ntt32_pre_len2_output
ntt32_initial_natural_pack,0,3,3,v7,7,-1,-1,-1,-1,-1,31,2,0,32,31,31,state,-1,-1,0,-147,1,255,127,383,63,31,95,natural_input_for_incomplete_dif_ntt32_pre_len2_output
ntt32_butterfly_operand,0,3,0,v4,0,-1,-1,-1,-1,-1,-1,2,1,32,0,-1,lo,0,16,0,-147,1,-1,-1,-1,-1,-1,-1,low_operand_for_dif_butterfly
ntt32_butterfly_operand,0,3,2,v6,0,-1,-1,-1,-1,-1,-1,2,1,32,16,-1,hi,0,16,0,-147,1,-1,-1,-1,-1,-1,-1,dif_high_output_gets_(lo-hi)_times_twiddle
ntt32_butterfly_operand,0,3,0,v4,1,-1,-1,-1,-1,-1,-1,2,1,32,1,-1,lo,1,17,1,484,1784,-1,-1,-1,-1,-1,-1,low_operand_for_dif_butterfly
ntt32_butterfly_operand,0,3,2,v6,1,-1,-1,-1,-1,-1,-1,2,1,32,17,-1,hi,1,17,1,484,1784,-1,-1,-1,-1,-1,-1,dif_high_output_gets_(lo-hi)_times_twiddle
ntt32_butterfly_operand,0,3,0,v4,2,-1,-1,-1,-1,-1,-1,2,1,32,2,-1,lo,2,18,2,-794,2216,-1,-1,-1,-1,-1,-1,low_operand_for_dif_butterfly
ntt32_butterfly_operand,0,3,2,v6,2,-1,-1,-1,-1,-1,-1,2,1,32,18,-1,hi,2,18,2,-794,2216,-1,-1,-1,-1,-1,-1,dif_high_output_gets_(lo-hi)_times_twiddle
ntt32_butterfly_operand,0,3,0,v4,3,-1,-1,-1,-1,-1,-1,2,1,32,3,-1,lo,3,19,3,874,1993,-1,-1,-1,-1,-1,-1,low_operand_for_dif_butterfly
ntt32_butterfly_operand,0,3,2,v6,3,-1,-1,-1,-1,-1,-1,2,1,32,19,-1,hi,3,19,3,874,1993,-1,-1,-1,-1,-1,-1,dif_high_output_gets_(lo-hi)_times_twiddle
ntt32_butterfly_operand,0,3,0,v4,4,-1,-1,-1,-1,-1,-1,2,1,32,4,-1,lo,4,20,4,109,1716,-1,-1,-1,-1,-1,-1,low_operand_for_dif_butterfly
ntt32_butterfly_operand,0,3,2,v6,4,-1,-1,-1,-1,-1,-1,2,1,32,20,-1,hi,4,20,4,109,1716,-1,-1,-1,-1,-1,-1,dif_high_output_gets_(lo-hi)_times_twiddle
ntt32_butterfly_operand,0,3,0,v4,5,-1,-1,-1,-1,-1,-1,2,1,32,5,-1,lo,5,21,5,864,1899,-1,-1,-1,-1,-1,-1,low_operand_for_dif_butterfly
ntt32_butterfly_operand,0,3,2,v6,5,-1,-1,-1,-1,-1,-1,2,1,32,21,-1,hi,5,21,5,864,1899,-1,-1,-1,-1,-1,-1,dif_high_output_gets_(lo-hi)_times_twiddle
ntt32_butterfly_operand,0,3,0,v4,6,-1,-1,-1,-1,-1,-1,2,1,32,6,-1,lo,6,22,6,-446,3413,-1,-1,-1,-1,-1,-1,low_operand_for_dif_butterfly
ntt32_butterfly_operand,0,3,2,v6,6,-1,-1,-1,-1,-1,-1,2,1,32,22,-1,hi,6,22,6,-446,3413,-1,-1,-1,-1,-1,-1,dif_high_output_gets_(lo-hi)_times_twiddle
ntt32_butterfly_operand,0,3,0,v4,7,-1,-1,-1,-1,-1,-1,2,1,32,7,-1,lo,7,23,7,-554,1015,-1,-1,-1,-1,-1,-1,low_operand_for_dif_butterfly
ntt32_butterfly_operand,0,3,2,v6,7,-1,-1,-1,-1,-1,-1,2,1,32,23,-1,hi,7,23,7,-554,1015,-1,-1,-1,-1,-1,-1,dif_high_output_gets_(lo-hi)_times_twiddle
ntt32_butterfly_operand,0,3,1,v5,0,-1,-1,-1,-1,-1,-1,2,1,32,8,-1,lo,8,24,8,366,2749,-1,-1,-1,-1,-1,-1,low_operand_for_dif_butterfly
ntt32_butterfly_operand,0,3,3,v7,0,-1,-1,-1,-1,-1,-1,2,1,32,24,-1,hi,8,24,8,366,2749,-1,-1,-1,-1,-1,-1,dif_high_output_gets_(lo-hi)_times_twiddle
ntt32_butterfly_operand,0,3,1,v5,1,-1,-1,-1,-1,-1,-1,2,1,32,9,-1,lo,9,25,9,-429,2190,-1,-1,-1,-1,-1,-1,low_operand_for_dif_butterfly
ntt32_butterfly_operand,0,3,3,v7,1,-1,-1,-1,-1,-1,-1,2,1,32,25,-1,hi,9,25,9,-429,2190,-1,-1,-1,-1,-1,-1,dif_high_output_gets_(lo-hi)_times_twiddle
ntt32_butterfly_operand,0,3,1,v5,2,-1,-1,-1,-1,-1,-1,2,1,32,10,-1,lo,10,26,10,-1339,550,-1,-1,-1,-1,-1,-1,low_operand_for_dif_butterfly
ntt32_butterfly_operand,0,3,3,v7,2,-1,-1,-1,-1,-1,-1,2,1,32,26,-1,hi,10,26,10,-1339,550,-1,-1,-1,-1,-1,-1,dif_high_output_gets_(lo-hi)_times_twiddle
ntt32_butterfly_operand,0,3,1,v5,3,-1,-1,-1,-1,-1,-1,2,1,32,11,-1,lo,11,27,11,11,2869,-1,-1,-1,-1,-1,-1,low_operand_for_dif_butterfly
ntt32_butterfly_operand,0,3,3,v7,3,-1,-1,-1,-1,-1,-1,2,1,32,27,-1,hi,11,27,11,11,2869,-1,-1,-1,-1,-1,-1,dif_high_output_gets_(lo-hi)_times_twiddle
ntt32_butterfly_operand,0,3,1,v5,4,-1,-1,-1,-1,-1,-1,2,1,32,12,-1,lo,12,28,12,-1118,1936,-1,-1,-1,-1,-1,-1,low_operand_for_dif_butterfly
ntt32_butterfly_operand,0,3,3,v7,4,-1,-1,-1,-1,-1,-1,2,1,32,28,-1,hi,12,28,12,-1118,1936,-1,-1,-1,-1,-1,-1,dif_high_output_gets_(lo-hi)_times_twiddle
ntt32_butterfly_operand,0,3,1,v5,5,-1,-1,-1,-1,-1,-1,2,1,32,13,-1,lo,13,29,13,177,281,-1,-1,-1,-1,-1,-1,low_operand_for_dif_butterfly
ntt32_butterfly_operand,0,3,3,v7,5,-1,-1,-1,-1,-1,-1,2,1,32,29,-1,hi,13,29,13,177,281,-1,-1,-1,-1,-1,-1,dif_high_output_gets_(lo-hi)_times_twiddle
ntt32_butterfly_operand,0,3,1,v5,6,-1,-1,-1,-1,-1,-1,2,1,32,14,-1,lo,14,30,14,1181,39,-1,-1,-1,-1,-1,-1,low_operand_for_dif_butterfly
ntt32_butterfly_operand,0,3,3,v7,6,-1,-1,-1,-1,-1,-1,2,1,32,30,-1,hi,14,30,14,1181,39,-1,-1,-1,-1,-1,-1,dif_high_output_gets_(lo-hi)_times_twiddle
ntt32_butterfly_operand,0,3,1,v5,7,-1,-1,-1,-1,-1,-1,2,1,32,15,-1,lo,15,31,15,1591,436,-1,-1,-1,-1,-1,-1,low_operand_for_dif_butterfly
ntt32_butterfly_operand,0,3,3,v7,7,-1,-1,-1,-1,-1,-1,2,1,32,31,-1,hi,15,31,15,1591,436,-1,-1,-1,-1,-1,-1,dif_high_output_gets_(lo-hi)_times_twiddle
ntt32_butterfly_operand,0,3,0,v4,0,-1,-1,-1,-1,-1,-1,2,2,16,0,-1,lo,0,8,0,-147,1,-1,-1,-1,-1,-1,-1,low_operand_for_dif_butterfly
ntt32_butterfly_operand,0,3,1,v5,0,-1,-1,-1,-1,-1,-1,2,2,16,8,-1,hi,0,8,0,-147,1,-1,-1,-1,-1,-1,-1,dif_high_output_gets_(lo-hi)_times_twiddle
ntt32_butterfly_operand,0,3,0,v4,1,-1,-1,-1,-1,-1,-1,2,2,16,1,-1,lo,1,9,2,-794,2216,-1,-1,-1,-1,-1,-1,low_operand_for_dif_butterfly
ntt32_butterfly_operand,0,3,1,v5,1,-1,-1,-1,-1,-1,-1,2,2,16,9,-1,hi,1,9,2,-794,2216,-1,-1,-1,-1,-1,-1,dif_high_output_gets_(lo-hi)_times_twiddle
ntt32_butterfly_operand,0,3,0,v4,2,-1,-1,-1,-1,-1,-1,2,2,16,2,-1,lo,2,10,4,109,1716,-1,-1,-1,-1,-1,-1,low_operand_for_dif_butterfly
ntt32_butterfly_operand,0,3,1,v5,2,-1,-1,-1,-1,-1,-1,2,2,16,10,-1,hi,2,10,4,109,1716,-1,-1,-1,-1,-1,-1,dif_high_output_gets_(lo-hi)_times_twiddle
ntt32_butterfly_operand,0,3,0,v4,3,-1,-1,-1,-1,-1,-1,2,2,16,3,-1,lo,3,11,6,-446,3413,-1,-1,-1,-1,-1,-1,low_operand_for_dif_butterfly
ntt32_butterfly_operand,0,3,1,v5,3,-1,-1,-1,-1,-1,-1,2,2,16,11,-1,hi,3,11,6,-446,3413,-1,-1,-1,-1,-1,-1,dif_high_output_gets_(lo-hi)_times_twiddle
ntt32_butterfly_operand,0,3,0,v4,4,-1,-1,-1,-1,-1,-1,2,2,16,4,-1,lo,4,12,8,366,2749,-1,-1,-1,-1,-1,-1,low_operand_for_dif_butterfly
ntt32_butterfly_operand,0,3,1,v5,4,-1,-1,-1,-1,-1,-1,2,2,16,12,-1,hi,4,12,8,366,2749,-1,-1,-1,-1,-1,-1,dif_high_output_gets_(lo-hi)_times_twiddle
ntt32_butterfly_operand,0,3,0,v4,5,-1,-1,-1,-1,-1,-1,2,2,16,5,-1,lo,5,13,10,-1339,550,-1,-1,-1,-1,-1,-1,low_operand_for_dif_butterfly
ntt32_butterfly_operand,0,3,1,v5,5,-1,-1,-1,-1,-1,-1,2,2,16,13,-1,hi,5,13,10,-1339,550,-1,-1,-1,-1,-1,-1,dif_high_output_gets_(lo-hi)_times_twiddle
ntt32_butterfly_operand,0,3,0,v4,6,-1,-1,-1,-1,-1,-1,2,2,16,6,-1,lo,6,14,12,-1118,1936,-1,-1,-1,-1,-1,-1,low_operand_for_dif_butterfly
ntt32_butterfly_operand,0,3,1,v5,6,-1,-1,-1,-1,-1,-1,2,2,16,14,-1,hi,6,14,12,-1118,1936,-1,-1,-1,-1,-1,-1,dif_high_output_gets_(lo-hi)_times_twiddle
ntt32_butterfly_operand,0,3,0,v4,7,-1,-1,-1,-1,-1,-1,2,2,16,7,-1,lo,7,15,14,1181,39,-1,-1,-1,-1,-1,-1,low_operand_for_dif_butterfly
ntt32_butterfly_operand,0,3,1,v5,7,-1,-1,-1,-1,-1,-1,2,2,16,15,-1,hi,7,15,14,1181,39,-1,-1,-1,-1,-1,-1,dif_high_output_gets_(lo-hi)_times_twiddle
ntt32_butterfly_operand,0,3,2,v6,0,-1,-1,-1,-1,-1,-1,2,2,16,16,-1,lo,16,24,0,-147,1,-1,-1,-1,-1,-1,-1,low_operand_for_dif_butterfly
ntt32_butterfly_operand,0,3,3,v7,0,-1,-1,-1,-1,-1,-1,2,2,16,24,-1,hi,16,24,0,-147,1,-1,-1,-1,-1,-1,-1,dif_high_output_gets_(lo-hi)_times_twiddle
ntt32_butterfly_operand,0,3,2,v6,1,-1,-1,-1,-1,-1,-1,2,2,16,17,-1,lo,17,25,2,-794,2216,-1,-1,-1,-1,-1,-1,low_operand_for_dif_butterfly
ntt32_butterfly_operand,0,3,3,v7,1,-1,-1,-1,-1,-1,-1,2,2,16,25,-1,hi,17,25,2,-794,2216,-1,-1,-1,-1,-1,-1,dif_high_output_gets_(lo-hi)_times_twiddle
ntt32_butterfly_operand,0,3,2,v6,2,-1,-1,-1,-1,-1,-1,2,2,16,18,-1,lo,18,26,4,109,1716,-1,-1,-1,-1,-1,-1,low_operand_for_dif_butterfly
ntt32_butterfly_operand,0,3,3,v7,2,-1,-1,-1,-1,-1,-1,2,2,16,26,-1,hi,18,26,4,109,1716,-1,-1,-1,-1,-1,-1,dif_high_output_gets_(lo-hi)_times_twiddle
ntt32_butterfly_operand,0,3,2,v6,3,-1,-1,-1,-1,-1,-1,2,2,16,19,-1,lo,19,27,6,-446,3413,-1,-1,-1,-1,-1,-1,low_operand_for_dif_butterfly
ntt32_butterfly_operand,0,3,3,v7,3,-1,-1,-1,-1,-1,-1,2,2,16,27,-1,hi,19,27,6,-446,3413,-1,-1,-1,-1,-1,-1,dif_high_output_gets_(lo-hi)_times_twiddle
ntt32_butterfly_operand,0,3,2,v6,4,-1,-1,-1,-1,-1,-1,2,2,16,20,-1,lo,20,28,8,366,2749,-1,-1,-1,-1,-1,-1,low_operand_for_dif_butterfly
ntt32_butterfly_operand,0,3,3,v7,4,-1,-1,-1,-1,-1,-1,2,2,16,28,-1,hi,20,28,8,366,2749,-1,-1,-1,-1,-1,-1,dif_high_output_gets_(lo-hi)_times_twiddle
ntt32_butterfly_operand,0,3,2,v6,5,-1,-1,-1,-1,-1,-1,2,2,16,21,-1,lo,21,29,10,-1339,550,-1,-1,-1,-1,-1,-1,low_operand_for_dif_butterfly
ntt32_butterfly_operand,0,3,3,v7,5,-1,-1,-1,-1,-1,-1,2,2,16,29,-1,hi,21,29,10,-1339,550,-1,-1,-1,-1,-1,-1,dif_high_output_gets_(lo-hi)_times_twiddle
ntt32_butterfly_operand,0,3,2,v6,6,-1,-1,-1,-1,-1,-1,2,2,16,22,-1,lo,22,30,12,-1118,1936,-1,-1,-1,-1,-1,-1,low_operand_for_dif_butterfly
ntt32_butterfly_operand,0,3,3,v7,6,-1,-1,-1,-1,-1,-1,2,2,16,30,-1,hi,22,30,12,-1118,1936,-1,-1,-1,-1,-1,-1,dif_high_output_gets_(lo-hi)_times_twiddle
ntt32_butterfly_operand,0,3,2,v6,7,-1,-1,-1,-1,-1,-1,2,2,16,23,-1,lo,23,31,14,1181,39,-1,-1,-1,-1,-1,-1,low_operand_for_dif_butterfly
ntt32_butterfly_operand,0,3,3,v7,7,-1,-1,-1,-1,-1,-1,2,2,16,31,-1,hi,23,31,14,1181,39,-1,-1,-1,-1,-1,-1,dif_high_output_gets_(lo-hi)_times_twiddle
ntt32_butterfly_operand,0,3,0,v4,0,-1,-1,-1,-1,-1,-1,2,3,8,0,-1,lo,0,4,0,-147,1,-1,-1,-1,-1,-1,-1,low_operand_for_dif_butterfly
ntt32_butterfly_operand,0,3,0,v4,4,-1,-1,-1,-1,-1,-1,2,3,8,4,-1,hi,0,4,0,-147,1,-1,-1,-1,-1,-1,-1,dif_high_output_gets_(lo-hi)_times_twiddle
ntt32_butterfly_operand,0,3,0,v4,1,-1,-1,-1,-1,-1,-1,2,3,8,1,-1,lo,1,5,4,109,1716,-1,-1,-1,-1,-1,-1,low_operand_for_dif_butterfly
ntt32_butterfly_operand,0,3,0,v4,5,-1,-1,-1,-1,-1,-1,2,3,8,5,-1,hi,1,5,4,109,1716,-1,-1,-1,-1,-1,-1,dif_high_output_gets_(lo-hi)_times_twiddle
ntt32_butterfly_operand,0,3,0,v4,2,-1,-1,-1,-1,-1,-1,2,3,8,2,-1,lo,2,6,8,366,2749,-1,-1,-1,-1,-1,-1,low_operand_for_dif_butterfly
ntt32_butterfly_operand,0,3,0,v4,6,-1,-1,-1,-1,-1,-1,2,3,8,6,-1,hi,2,6,8,366,2749,-1,-1,-1,-1,-1,-1,dif_high_output_gets_(lo-hi)_times_twiddle
ntt32_butterfly_operand,0,3,0,v4,3,-1,-1,-1,-1,-1,-1,2,3,8,3,-1,lo,3,7,12,-1118,1936,-1,-1,-1,-1,-1,-1,low_operand_for_dif_butterfly
ntt32_butterfly_operand,0,3,0,v4,7,-1,-1,-1,-1,-1,-1,2,3,8,7,-1,hi,3,7,12,-1118,1936,-1,-1,-1,-1,-1,-1,dif_high_output_gets_(lo-hi)_times_twiddle
ntt32_butterfly_operand,0,3,1,v5,0,-1,-1,-1,-1,-1,-1,2,3,8,8,-1,lo,8,12,0,-147,1,-1,-1,-1,-1,-1,-1,low_operand_for_dif_butterfly
ntt32_butterfly_operand,0,3,1,v5,4,-1,-1,-1,-1,-1,-1,2,3,8,12,-1,hi,8,12,0,-147,1,-1,-1,-1,-1,-1,-1,dif_high_output_gets_(lo-hi)_times_twiddle
ntt32_butterfly_operand,0,3,1,v5,1,-1,-1,-1,-1,-1,-1,2,3,8,9,-1,lo,9,13,4,109,1716,-1,-1,-1,-1,-1,-1,low_operand_for_dif_butterfly
ntt32_butterfly_operand,0,3,1,v5,5,-1,-1,-1,-1,-1,-1,2,3,8,13,-1,hi,9,13,4,109,1716,-1,-1,-1,-1,-1,-1,dif_high_output_gets_(lo-hi)_times_twiddle
ntt32_butterfly_operand,0,3,1,v5,2,-1,-1,-1,-1,-1,-1,2,3,8,10,-1,lo,10,14,8,366,2749,-1,-1,-1,-1,-1,-1,low_operand_for_dif_butterfly
ntt32_butterfly_operand,0,3,1,v5,6,-1,-1,-1,-1,-1,-1,2,3,8,14,-1,hi,10,14,8,366,2749,-1,-1,-1,-1,-1,-1,dif_high_output_gets_(lo-hi)_times_twiddle
ntt32_butterfly_operand,0,3,1,v5,3,-1,-1,-1,-1,-1,-1,2,3,8,11,-1,lo,11,15,12,-1118,1936,-1,-1,-1,-1,-1,-1,low_operand_for_dif_butterfly
ntt32_butterfly_operand,0,3,1,v5,7,-1,-1,-1,-1,-1,-1,2,3,8,15,-1,hi,11,15,12,-1118,1936,-1,-1,-1,-1,-1,-1,dif_high_output_gets_(lo-hi)_times_twiddle
ntt32_butterfly_operand,0,3,2,v6,0,-1,-1,-1,-1,-1,-1,2,3,8,16,-1,lo,16,20,0,-147,1,-1,-1,-1,-1,-1,-1,low_operand_for_dif_butterfly
ntt32_butterfly_operand,0,3,2,v6,4,-1,-1,-1,-1,-1,-1,2,3,8,20,-1,hi,16,20,0,-147,1,-1,-1,-1,-1,-1,-1,dif_high_output_gets_(lo-hi)_times_twiddle
ntt32_butterfly_operand,0,3,2,v6,1,-1,-1,-1,-1,-1,-1,2,3,8,17,-1,lo,17,21,4,109,1716,-1,-1,-1,-1,-1,-1,low_operand_for_dif_butterfly
ntt32_butterfly_operand,0,3,2,v6,5,-1,-1,-1,-1,-1,-1,2,3,8,21,-1,hi,17,21,4,109,1716,-1,-1,-1,-1,-1,-1,dif_high_output_gets_(lo-hi)_times_twiddle
ntt32_butterfly_operand,0,3,2,v6,2,-1,-1,-1,-1,-1,-1,2,3,8,18,-1,lo,18,22,8,366,2749,-1,-1,-1,-1,-1,-1,low_operand_for_dif_butterfly
ntt32_butterfly_operand,0,3,2,v6,6,-1,-1,-1,-1,-1,-1,2,3,8,22,-1,hi,18,22,8,366,2749,-1,-1,-1,-1,-1,-1,dif_high_output_gets_(lo-hi)_times_twiddle
ntt32_butterfly_operand,0,3,2,v6,3,-1,-1,-1,-1,-1,-1,2,3,8,19,-1,lo,19,23,12,-1118,1936,-1,-1,-1,-1,-1,-1,low_operand_for_dif_butterfly
ntt32_butterfly_operand,0,3,2,v6,7,-1,-1,-1,-1,-1,-1,2,3,8,23,-1,hi,19,23,12,-1118,1936,-1,-1,-1,-1,-1,-1,dif_high_output_gets_(lo-hi)_times_twiddle
ntt32_butterfly_operand,0,3,3,v7,0,-1,-1,-1,-1,-1,-1,2,3,8,24,-1,lo,24,28,0,-147,1,-1,-1,-1,-1,-1,-1,low_operand_for_dif_butterfly
ntt32_butterfly_operand,0,3,3,v7,4,-1,-1,-1,-1,-1,-1,2,3,8,28,-1,hi,24,28,0,-147,1,-1,-1,-1,-1,-1,-1,dif_high_output_gets_(lo-hi)_times_twiddle
ntt32_butterfly_operand,0,3,3,v7,1,-1,-1,-1,-1,-1,-1,2,3,8,25,-1,lo,25,29,4,109,1716,-1,-1,-1,-1,-1,-1,low_operand_for_dif_butterfly
ntt32_butterfly_operand,0,3,3,v7,5,-1,-1,-1,-1,-1,-1,2,3,8,29,-1,hi,25,29,4,109,1716,-1,-1,-1,-1,-1,-1,dif_high_output_gets_(lo-hi)_times_twiddle
ntt32_butterfly_operand,0,3,3,v7,2,-1,-1,-1,-1,-1,-1,2,3,8,26,-1,lo,26,30,8,366,2749,-1,-1,-1,-1,-1,-1,low_operand_for_dif_butterfly
ntt32_butterfly_operand,0,3,3,v7,6,-1,-1,-1,-1,-1,-1,2,3,8,30,-1,hi,26,30,8,366,2749,-1,-1,-1,-1,-1,-1,dif_high_output_gets_(lo-hi)_times_twiddle
ntt32_butterfly_operand,0,3,3,v7,3,-1,-1,-1,-1,-1,-1,2,3,8,27,-1,lo,27,31,12,-1118,1936,-1,-1,-1,-1,-1,-1,low_operand_for_dif_butterfly
ntt32_butterfly_operand,0,3,3,v7,7,-1,-1,-1,-1,-1,-1,2,3,8,31,-1,hi,27,31,12,-1118,1936,-1,-1,-1,-1,-1,-1,dif_high_output_gets_(lo-hi)_times_twiddle
ntt32_butterfly_operand,0,3,0,v4,0,-1,-1,-1,-1,-1,-1,2,4,4,0,-1,lo,0,2,0,-147,1,-1,-1,-1,-1,-1,-1,low_operand_for_dif_butterfly
ntt32_butterfly_operand,0,3,0,v4,2,-1,-1,-1,-1,-1,-1,2,4,4,2,-1,hi,0,2,0,-147,1,-1,-1,-1,-1,-1,-1,dif_high_output_gets_(lo-hi)_times_twiddle
ntt32_butterfly_operand,0,3,0,v4,1,-1,-1,-1,-1,-1,-1,2,4,4,1,-1,lo,1,3,8,366,2749,-1,-1,-1,-1,-1,-1,low_operand_for_dif_butterfly
ntt32_butterfly_operand,0,3,0,v4,3,-1,-1,-1,-1,-1,-1,2,4,4,3,-1,hi,1,3,8,366,2749,-1,-1,-1,-1,-1,-1,dif_high_output_gets_(lo-hi)_times_twiddle
ntt32_butterfly_operand,0,3,0,v4,4,-1,-1,-1,-1,-1,-1,2,4,4,4,-1,lo,4,6,0,-147,1,-1,-1,-1,-1,-1,-1,low_operand_for_dif_butterfly
ntt32_butterfly_operand,0,3,0,v4,6,-1,-1,-1,-1,-1,-1,2,4,4,6,-1,hi,4,6,0,-147,1,-1,-1,-1,-1,-1,-1,dif_high_output_gets_(lo-hi)_times_twiddle
ntt32_butterfly_operand,0,3,0,v4,5,-1,-1,-1,-1,-1,-1,2,4,4,5,-1,lo,5,7,8,366,2749,-1,-1,-1,-1,-1,-1,low_operand_for_dif_butterfly
ntt32_butterfly_operand,0,3,0,v4,7,-1,-1,-1,-1,-1,-1,2,4,4,7,-1,hi,5,7,8,366,2749,-1,-1,-1,-1,-1,-1,dif_high_output_gets_(lo-hi)_times_twiddle
ntt32_butterfly_operand,0,3,1,v5,0,-1,-1,-1,-1,-1,-1,2,4,4,8,-1,lo,8,10,0,-147,1,-1,-1,-1,-1,-1,-1,low_operand_for_dif_butterfly
ntt32_butterfly_operand,0,3,1,v5,2,-1,-1,-1,-1,-1,-1,2,4,4,10,-1,hi,8,10,0,-147,1,-1,-1,-1,-1,-1,-1,dif_high_output_gets_(lo-hi)_times_twiddle
ntt32_butterfly_operand,0,3,1,v5,1,-1,-1,-1,-1,-1,-1,2,4,4,9,-1,lo,9,11,8,366,2749,-1,-1,-1,-1,-1,-1,low_operand_for_dif_butterfly
ntt32_butterfly_operand,0,3,1,v5,3,-1,-1,-1,-1,-1,-1,2,4,4,11,-1,hi,9,11,8,366,2749,-1,-1,-1,-1,-1,-1,dif_high_output_gets_(lo-hi)_times_twiddle
ntt32_butterfly_operand,0,3,1,v5,4,-1,-1,-1,-1,-1,-1,2,4,4,12,-1,lo,12,14,0,-147,1,-1,-1,-1,-1,-1,-1,low_operand_for_dif_butterfly
ntt32_butterfly_operand,0,3,1,v5,6,-1,-1,-1,-1,-1,-1,2,4,4,14,-1,hi,12,14,0,-147,1,-1,-1,-1,-1,-1,-1,dif_high_output_gets_(lo-hi)_times_twiddle
ntt32_butterfly_operand,0,3,1,v5,5,-1,-1,-1,-1,-1,-1,2,4,4,13,-1,lo,13,15,8,366,2749,-1,-1,-1,-1,-1,-1,low_operand_for_dif_butterfly
ntt32_butterfly_operand,0,3,1,v5,7,-1,-1,-1,-1,-1,-1,2,4,4,15,-1,hi,13,15,8,366,2749,-1,-1,-1,-1,-1,-1,dif_high_output_gets_(lo-hi)_times_twiddle
ntt32_butterfly_operand,0,3,2,v6,0,-1,-1,-1,-1,-1,-1,2,4,4,16,-1,lo,16,18,0,-147,1,-1,-1,-1,-1,-1,-1,low_operand_for_dif_butterfly
ntt32_butterfly_operand,0,3,2,v6,2,-1,-1,-1,-1,-1,-1,2,4,4,18,-1,hi,16,18,0,-147,1,-1,-1,-1,-1,-1,-1,dif_high_output_gets_(lo-hi)_times_twiddle
ntt32_butterfly_operand,0,3,2,v6,1,-1,-1,-1,-1,-1,-1,2,4,4,17,-1,lo,17,19,8,366,2749,-1,-1,-1,-1,-1,-1,low_operand_for_dif_butterfly
ntt32_butterfly_operand,0,3,2,v6,3,-1,-1,-1,-1,-1,-1,2,4,4,19,-1,hi,17,19,8,366,2749,-1,-1,-1,-1,-1,-1,dif_high_output_gets_(lo-hi)_times_twiddle
ntt32_butterfly_operand,0,3,2,v6,4,-1,-1,-1,-1,-1,-1,2,4,4,20,-1,lo,20,22,0,-147,1,-1,-1,-1,-1,-1,-1,low_operand_for_dif_butterfly
ntt32_butterfly_operand,0,3,2,v6,6,-1,-1,-1,-1,-1,-1,2,4,4,22,-1,hi,20,22,0,-147,1,-1,-1,-1,-1,-1,-1,dif_high_output_gets_(lo-hi)_times_twiddle
ntt32_butterfly_operand,0,3,2,v6,5,-1,-1,-1,-1,-1,-1,2,4,4,21,-1,lo,21,23,8,366,2749,-1,-1,-1,-1,-1,-1,low_operand_for_dif_butterfly
ntt32_butterfly_operand,0,3,2,v6,7,-1,-1,-1,-1,-1,-1,2,4,4,23,-1,hi,21,23,8,366,2749,-1,-1,-1,-1,-1,-1,dif_high_output_gets_(lo-hi)_times_twiddle
ntt32_butterfly_operand,0,3,3,v7,0,-1,-1,-1,-1,-1,-1,2,4,4,24,-1,lo,24,26,0,-147,1,-1,-1,-1,-1,-1,-1,low_operand_for_dif_butterfly
ntt32_butterfly_operand,0,3,3,v7,2,-1,-1,-1,-1,-1,-1,2,4,4,26,-1,hi,24,26,0,-147,1,-1,-1,-1,-1,-1,-1,dif_high_output_gets_(lo-hi)_times_twiddle
ntt32_butterfly_operand,0,3,3,v7,1,-1,-1,-1,-1,-1,-1,2,4,4,25,-1,lo,25,27,8,366,2749,-1,-1,-1,-1,-1,-1,low_operand_for_dif_butterfly
ntt32_butterfly_operand,0,3,3,v7,3,-1,-1,-1,-1,-1,-1,2,4,4,27,-1,hi,25,27,8,366,2749,-1,-1,-1,-1,-1,-1,dif_high_output_gets_(lo-hi)_times_twiddle
ntt32_butterfly_operand,0,3,3,v7,4,-1,-1,-1,-1,-1,-1,2,4,4,28,-1,lo,28,30,0,-147,1,-1,-1,-1,-1,-1,-1,low_operand_for_dif_butterfly
ntt32_butterfly_operand,0,3,3,v7,6,-1,-1,-1,-1,-1,-1,2,4,4,30,-1,hi,28,30,0,-147,1,-1,-1,-1,-1,-1,-1,dif_high_output_gets_(lo-hi)_times_twiddle
ntt32_butterfly_operand,0,3,3,v7,5,-1,-1,-1,-1,-1,-1,2,4,4,29,-1,lo,29,31,8,366,2749,-1,-1,-1,-1,-1,-1,low_operand_for_dif_butterfly
ntt32_butterfly_operand,0,3,3,v7,7,-1,-1,-1,-1,-1,-1,2,4,4,31,-1,hi,29,31,8,366,2749,-1,-1,-1,-1,-1,-1,dif_high_output_gets_(lo-hi)_times_twiddle
input_crt_pack,1,0,0,v4,0,384,0,0,0,0,0,-1,-1,-1,-1,-1,source,-1,-1,0,-147,1,-1,-1,-1,-1,-1,-1,physical_source_then_twist_by_twist_index
input_crt_pack,1,0,0,v4,1,516,132,33,33,0,1,-1,-1,-1,-1,-1,source,-1,-1,0,-147,1,-1,-1,-1,-1,-1,-1,physical_source_then_twist_by_twist_index
input_crt_pack,1,0,0,v4,2,648,264,66,66,0,2,-1,-1,-1,-1,-1,source,-1,-1,0,-147,1,-1,-1,-1,-1,-1,-1,physical_source_then_twist_by_twist_index
input_crt_pack,1,0,0,v4,3,396,12,3,3,0,3,-1,-1,-1,-1,-1,source,-1,-1,0,-147,1,-1,-1,-1,-1,-1,-1,physical_source_then_twist_by_twist_index
input_crt_pack,1,0,0,v4,4,528,144,36,36,0,4,-1,-1,-1,-1,-1,source,-1,-1,0,-147,1,-1,-1,-1,-1,-1,-1,physical_source_then_twist_by_twist_index
input_crt_pack,1,0,0,v4,5,660,276,69,69,0,5,-1,-1,-1,-1,-1,source,-1,-1,0,-147,1,-1,-1,-1,-1,-1,-1,physical_source_then_twist_by_twist_index
input_crt_pack,1,0,0,v4,6,408,24,6,6,0,6,-1,-1,-1,-1,-1,source,-1,-1,0,-147,1,-1,-1,-1,-1,-1,-1,physical_source_then_twist_by_twist_index
input_crt_pack,1,0,0,v4,7,540,156,39,39,0,7,-1,-1,-1,-1,-1,source,-1,-1,0,-147,1,-1,-1,-1,-1,-1,-1,physical_source_then_twist_by_twist_index
input_crt_pack,1,0,0,v5,0,640,256,64,64,1,0,-1,-1,-1,-1,-1,source,-1,-1,0,-147,1,-1,-1,-1,-1,-1,-1,physical_source_then_twist_by_twist_index
input_crt_pack,1,0,0,v5,1,388,4,1,1,1,1,-1,-1,-1,-1,-1,source,-1,-1,0,-147,1,-1,-1,-1,-1,-1,-1,physical_source_then_twist_by_twist_index
input_crt_pack,1,0,0,v5,2,520,136,34,34,1,2,-1,-1,-1,-1,-1,source,-1,-1,0,-147,1,-1,-1,-1,-1,-1,-1,physical_source_then_twist_by_twist_index
input_crt_pack,1,0,0,v5,3,652,268,67,67,1,3,-1,-1,-1,-1,-1,source,-1,-1,0,-147,1,-1,-1,-1,-1,-1,-1,physical_source_then_twist_by_twist_index
input_crt_pack,1,0,0,v5,4,400,16,4,4,1,4,-1,-1,-1,-1,-1,source,-1,-1,0,-147,1,-1,-1,-1,-1,-1,-1,physical_source_then_twist_by_twist_index
input_crt_pack,1,0,0,v5,5,532,148,37,37,1,5,-1,-1,-1,-1,-1,source,-1,-1,0,-147,1,-1,-1,-1,-1,-1,-1,physical_source_then_twist_by_twist_index
input_crt_pack,1,0,0,v5,6,664,280,70,70,1,6,-1,-1,-1,-1,-1,source,-1,-1,0,-147,1,-1,-1,-1,-1,-1,-1,physical_source_then_twist_by_twist_index
input_crt_pack,1,0,0,v5,7,412,28,7,7,1,7,-1,-1,-1,-1,-1,source,-1,-1,0,-147,1,-1,-1,-1,-1,-1,-1,physical_source_then_twist_by_twist_index
input_crt_pack,1,0,0,v6,0,512,128,32,32,2,0,-1,-1,-1,-1,-1,source,-1,-1,0,-147,1,-1,-1,-1,-1,-1,-1,physical_source_then_twist_by_twist_index
input_crt_pack,1,0,0,v6,1,644,260,65,65,2,1,-1,-1,-1,-1,-1,source,-1,-1,0,-147,1,-1,-1,-1,-1,-1,-1,physical_source_then_twist_by_twist_index
input_crt_pack,1,0,0,v6,2,392,8,2,2,2,2,-1,-1,-1,-1,-1,source,-1,-1,0,-147,1,-1,-1,-1,-1,-1,-1,physical_source_then_twist_by_twist_index
input_crt_pack,1,0,0,v6,3,524,140,35,35,2,3,-1,-1,-1,-1,-1,source,-1,-1,0,-147,1,-1,-1,-1,-1,-1,-1,physical_source_then_twist_by_twist_index
input_crt_pack,1,0,0,v6,4,656,272,68,68,2,4,-1,-1,-1,-1,-1,source,-1,-1,0,-147,1,-1,-1,-1,-1,-1,-1,physical_source_then_twist_by_twist_index
input_crt_pack,1,0,0,v6,5,404,20,5,5,2,5,-1,-1,-1,-1,-1,source,-1,-1,0,-147,1,-1,-1,-1,-1,-1,-1,physical_source_then_twist_by_twist_index
input_crt_pack,1,0,0,v6,6,536,152,38,38,2,6,-1,-1,-1,-1,-1,source,-1,-1,0,-147,1,-1,-1,-1,-1,-1,-1,physical_source_then_twist_by_twist_index
input_crt_pack,1,0,0,v6,7,668,284,71,71,2,7,-1,-1,-1,-1,-1,source,-1,-1,0,-147,1,-1,-1,-1,-1,-1,-1,physical_source_then_twist_by_twist_index
dft3_output_pack,1,0,0,v4,0,-1,-1,-1,-1,-1,0,0,-1,-1,-1,-1,dft_output,-1,-1,0,-147,1,384,640,512,0,64,32,linear_combination_of_three_input_crt_sources
dft3_output_pack,1,0,0,v4,1,-1,-1,-1,-1,-1,1,0,-1,-1,-1,-1,dft_output,-1,-1,0,-147,1,516,388,644,33,1,65,linear_combination_of_three_input_crt_sources
dft3_output_pack,1,0,0,v4,2,-1,-1,-1,-1,-1,2,0,-1,-1,-1,-1,dft_output,-1,-1,0,-147,1,648,520,392,66,34,2,linear_combination_of_three_input_crt_sources
dft3_output_pack,1,0,0,v4,3,-1,-1,-1,-1,-1,3,0,-1,-1,-1,-1,dft_output,-1,-1,0,-147,1,396,652,524,3,67,35,linear_combination_of_three_input_crt_sources
dft3_output_pack,1,0,0,v4,4,-1,-1,-1,-1,-1,4,0,-1,-1,-1,-1,dft_output,-1,-1,0,-147,1,528,400,656,36,4,68,linear_combination_of_three_input_crt_sources
dft3_output_pack,1,0,0,v4,5,-1,-1,-1,-1,-1,5,0,-1,-1,-1,-1,dft_output,-1,-1,0,-147,1,660,532,404,69,37,5,linear_combination_of_three_input_crt_sources
dft3_output_pack,1,0,0,v4,6,-1,-1,-1,-1,-1,6,0,-1,-1,-1,-1,dft_output,-1,-1,0,-147,1,408,664,536,6,70,38,linear_combination_of_three_input_crt_sources
dft3_output_pack,1,0,0,v4,7,-1,-1,-1,-1,-1,7,0,-1,-1,-1,-1,dft_output,-1,-1,0,-147,1,540,412,668,39,7,71,linear_combination_of_three_input_crt_sources
dft3_output_pack,1,0,0,v5,0,-1,-1,-1,-1,-1,0,1,-1,-1,-1,-1,dft_output,-1,-1,0,-147,1,384,640,512,0,64,32,linear_combination_of_three_input_crt_sources
dft3_output_pack,1,0,0,v5,1,-1,-1,-1,-1,-1,1,1,-1,-1,-1,-1,dft_output,-1,-1,0,-147,1,516,388,644,33,1,65,linear_combination_of_three_input_crt_sources
dft3_output_pack,1,0,0,v5,2,-1,-1,-1,-1,-1,2,1,-1,-1,-1,-1,dft_output,-1,-1,0,-147,1,648,520,392,66,34,2,linear_combination_of_three_input_crt_sources
dft3_output_pack,1,0,0,v5,3,-1,-1,-1,-1,-1,3,1,-1,-1,-1,-1,dft_output,-1,-1,0,-147,1,396,652,524,3,67,35,linear_combination_of_three_input_crt_sources
dft3_output_pack,1,0,0,v5,4,-1,-1,-1,-1,-1,4,1,-1,-1,-1,-1,dft_output,-1,-1,0,-147,1,528,400,656,36,4,68,linear_combination_of_three_input_crt_sources
dft3_output_pack,1,0,0,v5,5,-1,-1,-1,-1,-1,5,1,-1,-1,-1,-1,dft_output,-1,-1,0,-147,1,660,532,404,69,37,5,linear_combination_of_three_input_crt_sources
dft3_output_pack,1,0,0,v5,6,-1,-1,-1,-1,-1,6,1,-1,-1,-1,-1,dft_output,-1,-1,0,-147,1,408,664,536,6,70,38,linear_combination_of_three_input_crt_sources
dft3_output_pack,1,0,0,v5,7,-1,-1,-1,-1,-1,7,1,-1,-1,-1,-1,dft_output,-1,-1,0,-147,1,540,412,668,39,7,71,linear_combination_of_three_input_crt_sources
dft3_output_pack,1,0,0,v6,0,-1,-1,-1,-1,-1,0,2,-1,-1,-1,-1,dft_output,-1,-1,0,-147,1,384,640,512,0,64,32,linear_combination_of_three_input_crt_sources
dft3_output_pack,1,0,0,v6,1,-1,-1,-1,-1,-1,1,2,-1,-1,-1,-1,dft_output,-1,-1,0,-147,1,516,388,644,33,1,65,linear_combination_of_three_input_crt_sources
dft3_output_pack,1,0,0,v6,2,-1,-1,-1,-1,-1,2,2,-1,-1,-1,-1,dft_output,-1,-1,0,-147,1,648,520,392,66,34,2,linear_combination_of_three_input_crt_sources
dft3_output_pack,1,0,0,v6,3,-1,-1,-1,-1,-1,3,2,-1,-1,-1,-1,dft_output,-1,-1,0,-147,1,396,652,524,3,67,35,linear_combination_of_three_input_crt_sources
dft3_output_pack,1,0,0,v6,4,-1,-1,-1,-1,-1,4,2,-1,-1,-1,-1,dft_output,-1,-1,0,-147,1,528,400,656,36,4,68,linear_combination_of_three_input_crt_sources
dft3_output_pack,1,0,0,v6,5,-1,-1,-1,-1,-1,5,2,-1,-1,-1,-1,dft_output,-1,-1,0,-147,1,660,532,404,69,37,5,linear_combination_of_three_input_crt_sources
dft3_output_pack,1,0,0,v6,6,-1,-1,-1,-1,-1,6,2,-1,-1,-1,-1,dft_output,-1,-1,0,-147,1,408,664,536,6,70,38,linear_combination_of_three_input_crt_sources
dft3_output_pack,1,0,0,v6,7,-1,-1,-1,-1,-1,7,2,-1,-1,-1,-1,dft_output,-1,-1,0,-147,1,540,412,668,39,7,71,linear_combination_of_three_input_crt_sources
input_crt_pack,1,0,1,v4,0,672,288,72,72,0,8,-1,-1,-1,-1,-1,source,-1,-1,0,-147,1,-1,-1,-1,-1,-1,-1,physical_source_then_twist_by_twist_index
input_crt_pack,1,0,1,v4,1,420,36,9,9,0,9,-1,-1,-1,-1,-1,source,-1,-1,0,-147,1,-1,-1,-1,-1,-1,-1,physical_source_then_twist_by_twist_index
input_crt_pack,1,0,1,v4,2,552,168,42,42,0,10,-1,-1,-1,-1,-1,source,-1,-1,0,-147,1,-1,-1,-1,-1,-1,-1,physical_source_then_twist_by_twist_index
input_crt_pack,1,0,1,v4,3,684,300,75,75,0,11,-1,-1,-1,-1,-1,source,-1,-1,0,-147,1,-1,-1,-1,-1,-1,-1,physical_source_then_twist_by_twist_index
input_crt_pack,1,0,1,v4,4,432,48,12,12,0,12,-1,-1,-1,-1,-1,source,-1,-1,0,-147,1,-1,-1,-1,-1,-1,-1,physical_source_then_twist_by_twist_index
input_crt_pack,1,0,1,v4,5,564,180,45,45,0,13,-1,-1,-1,-1,-1,source,-1,-1,0,-147,1,-1,-1,-1,-1,-1,-1,physical_source_then_twist_by_twist_index
input_crt_pack,1,0,1,v4,6,696,312,78,78,0,14,-1,-1,-1,-1,-1,source,-1,-1,0,-147,1,-1,-1,-1,-1,-1,-1,physical_source_then_twist_by_twist_index
input_crt_pack,1,0,1,v4,7,444,60,15,15,0,15,-1,-1,-1,-1,-1,source,-1,-1,0,-147,1,-1,-1,-1,-1,-1,-1,physical_source_then_twist_by_twist_index
input_crt_pack,1,0,1,v5,0,544,160,40,40,1,8,-1,-1,-1,-1,-1,source,-1,-1,0,-147,1,-1,-1,-1,-1,-1,-1,physical_source_then_twist_by_twist_index
input_crt_pack,1,0,1,v5,1,676,292,73,73,1,9,-1,-1,-1,-1,-1,source,-1,-1,0,-147,1,-1,-1,-1,-1,-1,-1,physical_source_then_twist_by_twist_index
input_crt_pack,1,0,1,v5,2,424,40,10,10,1,10,-1,-1,-1,-1,-1,source,-1,-1,0,-147,1,-1,-1,-1,-1,-1,-1,physical_source_then_twist_by_twist_index
input_crt_pack,1,0,1,v5,3,556,172,43,43,1,11,-1,-1,-1,-1,-1,source,-1,-1,0,-147,1,-1,-1,-1,-1,-1,-1,physical_source_then_twist_by_twist_index
input_crt_pack,1,0,1,v5,4,688,304,76,76,1,12,-1,-1,-1,-1,-1,source,-1,-1,0,-147,1,-1,-1,-1,-1,-1,-1,physical_source_then_twist_by_twist_index
input_crt_pack,1,0,1,v5,5,436,52,13,13,1,13,-1,-1,-1,-1,-1,source,-1,-1,0,-147,1,-1,-1,-1,-1,-1,-1,physical_source_then_twist_by_twist_index
input_crt_pack,1,0,1,v5,6,568,184,46,46,1,14,-1,-1,-1,-1,-1,source,-1,-1,0,-147,1,-1,-1,-1,-1,-1,-1,physical_source_then_twist_by_twist_index
input_crt_pack,1,0,1,v5,7,700,316,79,79,1,15,-1,-1,-1,-1,-1,source,-1,-1,0,-147,1,-1,-1,-1,-1,-1,-1,physical_source_then_twist_by_twist_index
input_crt_pack,1,0,1,v6,0,416,32,8,8,2,8,-1,-1,-1,-1,-1,source,-1,-1,0,-147,1,-1,-1,-1,-1,-1,-1,physical_source_then_twist_by_twist_index
input_crt_pack,1,0,1,v6,1,548,164,41,41,2,9,-1,-1,-1,-1,-1,source,-1,-1,0,-147,1,-1,-1,-1,-1,-1,-1,physical_source_then_twist_by_twist_index
input_crt_pack,1,0,1,v6,2,680,296,74,74,2,10,-1,-1,-1,-1,-1,source,-1,-1,0,-147,1,-1,-1,-1,-1,-1,-1,physical_source_then_twist_by_twist_index
input_crt_pack,1,0,1,v6,3,428,44,11,11,2,11,-1,-1,-1,-1,-1,source,-1,-1,0,-147,1,-1,-1,-1,-1,-1,-1,physical_source_then_twist_by_twist_index
input_crt_pack,1,0,1,v6,4,560,176,44,44,2,12,-1,-1,-1,-1,-1,source,-1,-1,0,-147,1,-1,-1,-1,-1,-1,-1,physical_source_then_twist_by_twist_index
input_crt_pack,1,0,1,v6,5,692,308,77,77,2,13,-1,-1,-1,-1,-1,source,-1,-1,0,-147,1,-1,-1,-1,-1,-1,-1,physical_source_then_twist_by_twist_index
input_crt_pack,1,0,1,v6,6,440,56,14,14,2,14,-1,-1,-1,-1,-1,source,-1,-1,0,-147,1,-1,-1,-1,-1,-1,-1,physical_source_then_twist_by_twist_index
input_crt_pack,1,0,1,v6,7,572,188,47,47,2,15,-1,-1,-1,-1,-1,source,-1,-1,0,-147,1,-1,-1,-1,-1,-1,-1,physical_source_then_twist_by_twist_index
dft3_output_pack,1,0,1,v4,0,-1,-1,-1,-1,-1,8,0,-1,-1,-1,-1,dft_output,-1,-1,0,-147,1,672,544,416,72,40,8,linear_combination_of_three_input_crt_sources
dft3_output_pack,1,0,1,v4,1,-1,-1,-1,-1,-1,9,0,-1,-1,-1,-1,dft_output,-1,-1,0,-147,1,420,676,548,9,73,41,linear_combination_of_three_input_crt_sources
dft3_output_pack,1,0,1,v4,2,-1,-1,-1,-1,-1,10,0,-1,-1,-1,-1,dft_output,-1,-1,0,-147,1,552,424,680,42,10,74,linear_combination_of_three_input_crt_sources
dft3_output_pack,1,0,1,v4,3,-1,-1,-1,-1,-1,11,0,-1,-1,-1,-1,dft_output,-1,-1,0,-147,1,684,556,428,75,43,11,linear_combination_of_three_input_crt_sources
dft3_output_pack,1,0,1,v4,4,-1,-1,-1,-1,-1,12,0,-1,-1,-1,-1,dft_output,-1,-1,0,-147,1,432,688,560,12,76,44,linear_combination_of_three_input_crt_sources
dft3_output_pack,1,0,1,v4,5,-1,-1,-1,-1,-1,13,0,-1,-1,-1,-1,dft_output,-1,-1,0,-147,1,564,436,692,45,13,77,linear_combination_of_three_input_crt_sources
dft3_output_pack,1,0,1,v4,6,-1,-1,-1,-1,-1,14,0,-1,-1,-1,-1,dft_output,-1,-1,0,-147,1,696,568,440,78,46,14,linear_combination_of_three_input_crt_sources
dft3_output_pack,1,0,1,v4,7,-1,-1,-1,-1,-1,15,0,-1,-1,-1,-1,dft_output,-1,-1,0,-147,1,444,700,572,15,79,47,linear_combination_of_three_input_crt_sources
dft3_output_pack,1,0,1,v5,0,-1,-1,-1,-1,-1,8,1,-1,-1,-1,-1,dft_output,-1,-1,0,-147,1,672,544,416,72,40,8,linear_combination_of_three_input_crt_sources
dft3_output_pack,1,0,1,v5,1,-1,-1,-1,-1,-1,9,1,-1,-1,-1,-1,dft_output,-1,-1,0,-147,1,420,676,548,9,73,41,linear_combination_of_three_input_crt_sources
dft3_output_pack,1,0,1,v5,2,-1,-1,-1,-1,-1,10,1,-1,-1,-1,-1,dft_output,-1,-1,0,-147,1,552,424,680,42,10,74,linear_combination_of_three_input_crt_sources
dft3_output_pack,1,0,1,v5,3,-1,-1,-1,-1,-1,11,1,-1,-1,-1,-1,dft_output,-1,-1,0,-147,1,684,556,428,75,43,11,linear_combination_of_three_input_crt_sources
dft3_output_pack,1,0,1,v5,4,-1,-1,-1,-1,-1,12,1,-1,-1,-1,-1,dft_output,-1,-1,0,-147,1,432,688,560,12,76,44,linear_combination_of_three_input_crt_sources
dft3_output_pack,1,0,1,v5,5,-1,-1,-1,-1,-1,13,1,-1,-1,-1,-1,dft_output,-1,-1,0,-147,1,564,436,692,45,13,77,linear_combination_of_three_input_crt_sources
dft3_output_pack,1,0,1,v5,6,-1,-1,-1,-1,-1,14,1,-1,-1,-1,-1,dft_output,-1,-1,0,-147,1,696,568,440,78,46,14,linear_combination_of_three_input_crt_sources
dft3_output_pack,1,0,1,v5,7,-1,-1,-1,-1,-1,15,1,-1,-1,-1,-1,dft_output,-1,-1,0,-147,1,444,700,572,15,79,47,linear_combination_of_three_input_crt_sources
dft3_output_pack,1,0,1,v6,0,-1,-1,-1,-1,-1,8,2,-1,-1,-1,-1,dft_output,-1,-1,0,-147,1,672,544,416,72,40,8,linear_combination_of_three_input_crt_sources
dft3_output_pack,1,0,1,v6,1,-1,-1,-1,-1,-1,9,2,-1,-1,-1,-1,dft_output,-1,-1,0,-147,1,420,676,548,9,73,41,linear_combination_of_three_input_crt_sources
dft3_output_pack,1,0,1,v6,2,-1,-1,-1,-1,-1,10,2,-1,-1,-1,-1,dft_output,-1,-1,0,-147,1,552,424,680,42,10,74,linear_combination_of_three_input_crt_sources
dft3_output_pack,1,0,1,v6,3,-1,-1,-1,-1,-1,11,2,-1,-1,-1,-1,dft_output,-1,-1,0,-147,1,684,556,428,75,43,11,linear_combination_of_three_input_crt_sources
dft3_output_pack,1,0,1,v6,4,-1,-1,-1,-1,-1,12,2,-1,-1,-1,-1,dft_output,-1,-1,0,-147,1,432,688,560,12,76,44,linear_combination_of_three_input_crt_sources
dft3_output_pack,1,0,1,v6,5,-1,-1,-1,-1,-1,13,2,-1,-1,-1,-1,dft_output,-1,-1,0,-147,1,564,436,692,45,13,77,linear_combination_of_three_input_crt_sources
dft3_output_pack,1,0,1,v6,6,-1,-1,-1,-1,-1,14,2,-1,-1,-1,-1,dft_output,-1,-1,0,-147,1,696,568,440,78,46,14,linear_combination_of_three_input_crt_sources
dft3_output_pack,1,0,1,v6,7,-1,-1,-1,-1,-1,15,2,-1,-1,-1,-1,dft_output,-1,-1,0,-147,1,444,700,572,15,79,47,linear_combination_of_three_input_crt_sources
input_crt_pack,1,0,2,v4,0,576,192,48,48,0,16,-1,-1,-1,-1,-1,source,-1,-1,0,-147,1,-1,-1,-1,-1,-1,-1,physical_source_then_twist_by_twist_index
input_crt_pack,1,0,2,v4,1,708,324,81,81,0,17,-1,-1,-1,-1,-1,source,-1,-1,0,-147,1,-1,-1,-1,-1,-1,-1,physical_source_then_twist_by_twist_index
input_crt_pack,1,0,2,v4,2,456,72,18,18,0,18,-1,-1,-1,-1,-1,source,-1,-1,0,-147,1,-1,-1,-1,-1,-1,-1,physical_source_then_twist_by_twist_index
input_crt_pack,1,0,2,v4,3,588,204,51,51,0,19,-1,-1,-1,-1,-1,source,-1,-1,0,-147,1,-1,-1,-1,-1,-1,-1,physical_source_then_twist_by_twist_index
input_crt_pack,1,0,2,v4,4,720,336,84,84,0,20,-1,-1,-1,-1,-1,source,-1,-1,0,-147,1,-1,-1,-1,-1,-1,-1,physical_source_then_twist_by_twist_index
input_crt_pack,1,0,2,v4,5,468,84,21,21,0,21,-1,-1,-1,-1,-1,source,-1,-1,0,-147,1,-1,-1,-1,-1,-1,-1,physical_source_then_twist_by_twist_index
input_crt_pack,1,0,2,v4,6,600,216,54,54,0,22,-1,-1,-1,-1,-1,source,-1,-1,0,-147,1,-1,-1,-1,-1,-1,-1,physical_source_then_twist_by_twist_index
input_crt_pack,1,0,2,v4,7,732,348,87,87,0,23,-1,-1,-1,-1,-1,source,-1,-1,0,-147,1,-1,-1,-1,-1,-1,-1,physical_source_then_twist_by_twist_index
input_crt_pack,1,0,2,v5,0,448,64,16,16,1,16,-1,-1,-1,-1,-1,source,-1,-1,0,-147,1,-1,-1,-1,-1,-1,-1,physical_source_then_twist_by_twist_index
input_crt_pack,1,0,2,v5,1,580,196,49,49,1,17,-1,-1,-1,-1,-1,source,-1,-1,0,-147,1,-1,-1,-1,-1,-1,-1,physical_source_then_twist_by_twist_index
input_crt_pack,1,0,2,v5,2,712,328,82,82,1,18,-1,-1,-1,-1,-1,source,-1,-1,0,-147,1,-1,-1,-1,-1,-1,-1,physical_source_then_twist_by_twist_index
input_crt_pack,1,0,2,v5,3,460,76,19,19,1,19,-1,-1,-1,-1,-1,source,-1,-1,0,-147,1,-1,-1,-1,-1,-1,-1,physical_source_then_twist_by_twist_index
input_crt_pack,1,0,2,v5,4,592,208,52,52,1,20,-1,-1,-1,-1,-1,source,-1,-1,0,-147,1,-1,-1,-1,-1,-1,-1,physical_source_then_twist_by_twist_index
input_crt_pack,1,0,2,v5,5,724,340,85,85,1,21,-1,-1,-1,-1,-1,source,-1,-1,0,-147,1,-1,-1,-1,-1,-1,-1,physical_source_then_twist_by_twist_index
input_crt_pack,1,0,2,v5,6,472,88,22,22,1,22,-1,-1,-1,-1,-1,source,-1,-1,0,-147,1,-1,-1,-1,-1,-1,-1,physical_source_then_twist_by_twist_index
input_crt_pack,1,0,2,v5,7,604,220,55,55,1,23,-1,-1,-1,-1,-1,source,-1,-1,0,-147,1,-1,-1,-1,-1,-1,-1,physical_source_then_twist_by_twist_index
input_crt_pack,1,0,2,v6,0,704,320,80,80,2,16,-1,-1,-1,-1,-1,source,-1,-1,0,-147,1,-1,-1,-1,-1,-1,-1,physical_source_then_twist_by_twist_index
input_crt_pack,1,0,2,v6,1,452,68,17,17,2,17,-1,-1,-1,-1,-1,source,-1,-1,0,-147,1,-1,-1,-1,-1,-1,-1,physical_source_then_twist_by_twist_index
input_crt_pack,1,0,2,v6,2,584,200,50,50,2,18,-1,-1,-1,-1,-1,source,-1,-1,0,-147,1,-1,-1,-1,-1,-1,-1,physical_source_then_twist_by_twist_index
input_crt_pack,1,0,2,v6,3,716,332,83,83,2,19,-1,-1,-1,-1,-1,source,-1,-1,0,-147,1,-1,-1,-1,-1,-1,-1,physical_source_then_twist_by_twist_index
input_crt_pack,1,0,2,v6,4,464,80,20,20,2,20,-1,-1,-1,-1,-1,source,-1,-1,0,-147,1,-1,-1,-1,-1,-1,-1,physical_source_then_twist_by_twist_index
input_crt_pack,1,0,2,v6,5,596,212,53,53,2,21,-1,-1,-1,-1,-1,source,-1,-1,0,-147,1,-1,-1,-1,-1,-1,-1,physical_source_then_twist_by_twist_index
input_crt_pack,1,0,2,v6,6,728,344,86,86,2,22,-1,-1,-1,-1,-1,source,-1,-1,0,-147,1,-1,-1,-1,-1,-1,-1,physical_source_then_twist_by_twist_index
input_crt_pack,1,0,2,v6,7,476,92,23,23,2,23,-1,-1,-1,-1,-1,source,-1,-1,0,-147,1,-1,-1,-1,-1,-1,-1,physical_source_then_twist_by_twist_index
dft3_output_pack,1,0,2,v4,0,-1,-1,-1,-1,-1,16,0,-1,-1,-1,-1,dft_output,-1,-1,0,-147,1,576,448,704,48,16,80,linear_combination_of_three_input_crt_sources
dft3_output_pack,1,0,2,v4,1,-1,-1,-1,-1,-1,17,0,-1,-1,-1,-1,dft_output,-1,-1,0,-147,1,708,580,452,81,49,17,linear_combination_of_three_input_crt_sources
dft3_output_pack,1,0,2,v4,2,-1,-1,-1,-1,-1,18,0,-1,-1,-1,-1,dft_output,-1,-1,0,-147,1,456,712,584,18,82,50,linear_combination_of_three_input_crt_sources
dft3_output_pack,1,0,2,v4,3,-1,-1,-1,-1,-1,19,0,-1,-1,-1,-1,dft_output,-1,-1,0,-147,1,588,460,716,51,19,83,linear_combination_of_three_input_crt_sources
dft3_output_pack,1,0,2,v4,4,-1,-1,-1,-1,-1,20,0,-1,-1,-1,-1,dft_output,-1,-1,0,-147,1,720,592,464,84,52,20,linear_combination_of_three_input_crt_sources
dft3_output_pack,1,0,2,v4,5,-1,-1,-1,-1,-1,21,0,-1,-1,-1,-1,dft_output,-1,-1,0,-147,1,468,724,596,21,85,53,linear_combination_of_three_input_crt_sources
dft3_output_pack,1,0,2,v4,6,-1,-1,-1,-1,-1,22,0,-1,-1,-1,-1,dft_output,-1,-1,0,-147,1,600,472,728,54,22,86,linear_combination_of_three_input_crt_sources
dft3_output_pack,1,0,2,v4,7,-1,-1,-1,-1,-1,23,0,-1,-1,-1,-1,dft_output,-1,-1,0,-147,1,732,604,476,87,55,23,linear_combination_of_three_input_crt_sources
dft3_output_pack,1,0,2,v5,0,-1,-1,-1,-1,-1,16,1,-1,-1,-1,-1,dft_output,-1,-1,0,-147,1,576,448,704,48,16,80,linear_combination_of_three_input_crt_sources
dft3_output_pack,1,0,2,v5,1,-1,-1,-1,-1,-1,17,1,-1,-1,-1,-1,dft_output,-1,-1,0,-147,1,708,580,452,81,49,17,linear_combination_of_three_input_crt_sources
dft3_output_pack,1,0,2,v5,2,-1,-1,-1,-1,-1,18,1,-1,-1,-1,-1,dft_output,-1,-1,0,-147,1,456,712,584,18,82,50,linear_combination_of_three_input_crt_sources
dft3_output_pack,1,0,2,v5,3,-1,-1,-1,-1,-1,19,1,-1,-1,-1,-1,dft_output,-1,-1,0,-147,1,588,460,716,51,19,83,linear_combination_of_three_input_crt_sources
dft3_output_pack,1,0,2,v5,4,-1,-1,-1,-1,-1,20,1,-1,-1,-1,-1,dft_output,-1,-1,0,-147,1,720,592,464,84,52,20,linear_combination_of_three_input_crt_sources
dft3_output_pack,1,0,2,v5,5,-1,-1,-1,-1,-1,21,1,-1,-1,-1,-1,dft_output,-1,-1,0,-147,1,468,724,596,21,85,53,linear_combination_of_three_input_crt_sources
dft3_output_pack,1,0,2,v5,6,-1,-1,-1,-1,-1,22,1,-1,-1,-1,-1,dft_output,-1,-1,0,-147,1,600,472,728,54,22,86,linear_combination_of_three_input_crt_sources
dft3_output_pack,1,0,2,v5,7,-1,-1,-1,-1,-1,23,1,-1,-1,-1,-1,dft_output,-1,-1,0,-147,1,732,604,476,87,55,23,linear_combination_of_three_input_crt_sources
dft3_output_pack,1,0,2,v6,0,-1,-1,-1,-1,-1,16,2,-1,-1,-1,-1,dft_output,-1,-1,0,-147,1,576,448,704,48,16,80,linear_combination_of_three_input_crt_sources
dft3_output_pack,1,0,2,v6,1,-1,-1,-1,-1,-1,17,2,-1,-1,-1,-1,dft_output,-1,-1,0,-147,1,708,580,452,81,49,17,linear_combination_of_three_input_crt_sources
dft3_output_pack,1,0,2,v6,2,-1,-1,-1,-1,-1,18,2,-1,-1,-1,-1,dft_output,-1,-1,0,-147,1,456,712,584,18,82,50,linear_combination_of_three_input_crt_sources
dft3_output_pack,1,0,2,v6,3,-1,-1,-1,-1,-1,19,2,-1,-1,-1,-1,dft_output,-1,-1,0,-147,1,588,460,716,51,19,83,linear_combination_of_three_input_crt_sources
dft3_output_pack,1,0,2,v6,4,-1,-1,-1,-1,-1,20,2,-1,-1,-1,-1,dft_output,-1,-1,0,-147,1,720,592,464,84,52,20,linear_combination_of_three_input_crt_sources
dft3_output_pack,1,0,2,v6,5,-1,-1,-1,-1,-1,21,2,-1,-1,-1,-1,dft_output,-1,-1,0,-147,1,468,724,596,21,85,53,linear_combination_of_three_input_crt_sources
dft3_output_pack,1,0,2,v6,6,-1,-1,-1,-1,-1,22,2,-1,-1,-1,-1,dft_output,-1,-1,0,-147,1,600,472,728,54,22,86,linear_combination_of_three_input_crt_sources
dft3_output_pack,1,0,2,v6,7,-1,-1,-1,-1,-1,23,2,-1,-1,-1,-1,dft_output,-1,-1,0,-147,1,732,604,476,87,55,23,linear_combination_of_three_input_crt_sources
input_crt_pack,1,0,3,v4,0,480,96,24,24,0,24,-1,-1,-1,-1,-1,source,-1,-1,0,-147,1,-1,-1,-1,-1,-1,-1,physical_source_then_twist_by_twist_index
input_crt_pack,1,0,3,v4,1,612,228,57,57,0,25,-1,-1,-1,-1,-1,source,-1,-1,0,-147,1,-1,-1,-1,-1,-1,-1,physical_source_then_twist_by_twist_index
input_crt_pack,1,0,3,v4,2,744,360,90,90,0,26,-1,-1,-1,-1,-1,source,-1,-1,0,-147,1,-1,-1,-1,-1,-1,-1,physical_source_then_twist_by_twist_index
input_crt_pack,1,0,3,v4,3,492,108,27,27,0,27,-1,-1,-1,-1,-1,source,-1,-1,0,-147,1,-1,-1,-1,-1,-1,-1,physical_source_then_twist_by_twist_index
input_crt_pack,1,0,3,v4,4,624,240,60,60,0,28,-1,-1,-1,-1,-1,source,-1,-1,0,-147,1,-1,-1,-1,-1,-1,-1,physical_source_then_twist_by_twist_index
input_crt_pack,1,0,3,v4,5,756,372,93,93,0,29,-1,-1,-1,-1,-1,source,-1,-1,0,-147,1,-1,-1,-1,-1,-1,-1,physical_source_then_twist_by_twist_index
input_crt_pack,1,0,3,v4,6,504,120,30,30,0,30,-1,-1,-1,-1,-1,source,-1,-1,0,-147,1,-1,-1,-1,-1,-1,-1,physical_source_then_twist_by_twist_index
input_crt_pack,1,0,3,v4,7,636,252,63,63,0,31,-1,-1,-1,-1,-1,source,-1,-1,0,-147,1,-1,-1,-1,-1,-1,-1,physical_source_then_twist_by_twist_index
input_crt_pack,1,0,3,v5,0,736,352,88,88,1,24,-1,-1,-1,-1,-1,source,-1,-1,0,-147,1,-1,-1,-1,-1,-1,-1,physical_source_then_twist_by_twist_index
input_crt_pack,1,0,3,v5,1,484,100,25,25,1,25,-1,-1,-1,-1,-1,source,-1,-1,0,-147,1,-1,-1,-1,-1,-1,-1,physical_source_then_twist_by_twist_index
input_crt_pack,1,0,3,v5,2,616,232,58,58,1,26,-1,-1,-1,-1,-1,source,-1,-1,0,-147,1,-1,-1,-1,-1,-1,-1,physical_source_then_twist_by_twist_index
input_crt_pack,1,0,3,v5,3,748,364,91,91,1,27,-1,-1,-1,-1,-1,source,-1,-1,0,-147,1,-1,-1,-1,-1,-1,-1,physical_source_then_twist_by_twist_index
input_crt_pack,1,0,3,v5,4,496,112,28,28,1,28,-1,-1,-1,-1,-1,source,-1,-1,0,-147,1,-1,-1,-1,-1,-1,-1,physical_source_then_twist_by_twist_index
input_crt_pack,1,0,3,v5,5,628,244,61,61,1,29,-1,-1,-1,-1,-1,source,-1,-1,0,-147,1,-1,-1,-1,-1,-1,-1,physical_source_then_twist_by_twist_index
input_crt_pack,1,0,3,v5,6,760,376,94,94,1,30,-1,-1,-1,-1,-1,source,-1,-1,0,-147,1,-1,-1,-1,-1,-1,-1,physical_source_then_twist_by_twist_index
input_crt_pack,1,0,3,v5,7,508,124,31,31,1,31,-1,-1,-1,-1,-1,source,-1,-1,0,-147,1,-1,-1,-1,-1,-1,-1,physical_source_then_twist_by_twist_index
input_crt_pack,1,0,3,v6,0,608,224,56,56,2,24,-1,-1,-1,-1,-1,source,-1,-1,0,-147,1,-1,-1,-1,-1,-1,-1,physical_source_then_twist_by_twist_index
input_crt_pack,1,0,3,v6,1,740,356,89,89,2,25,-1,-1,-1,-1,-1,source,-1,-1,0,-147,1,-1,-1,-1,-1,-1,-1,physical_source_then_twist_by_twist_index
input_crt_pack,1,0,3,v6,2,488,104,26,26,2,26,-1,-1,-1,-1,-1,source,-1,-1,0,-147,1,-1,-1,-1,-1,-1,-1,physical_source_then_twist_by_twist_index
input_crt_pack,1,0,3,v6,3,620,236,59,59,2,27,-1,-1,-1,-1,-1,source,-1,-1,0,-147,1,-1,-1,-1,-1,-1,-1,physical_source_then_twist_by_twist_index
input_crt_pack,1,0,3,v6,4,752,368,92,92,2,28,-1,-1,-1,-1,-1,source,-1,-1,0,-147,1,-1,-1,-1,-1,-1,-1,physical_source_then_twist_by_twist_index
input_crt_pack,1,0,3,v6,5,500,116,29,29,2,29,-1,-1,-1,-1,-1,source,-1,-1,0,-147,1,-1,-1,-1,-1,-1,-1,physical_source_then_twist_by_twist_index
input_crt_pack,1,0,3,v6,6,632,248,62,62,2,30,-1,-1,-1,-1,-1,source,-1,-1,0,-147,1,-1,-1,-1,-1,-1,-1,physical_source_then_twist_by_twist_index
input_crt_pack,1,0,3,v6,7,764,380,95,95,2,31,-1,-1,-1,-1,-1,source,-1,-1,0,-147,1,-1,-1,-1,-1,-1,-1,physical_source_then_twist_by_twist_index
dft3_output_pack,1,0,3,v4,0,-1,-1,-1,-1,-1,24,0,-1,-1,-1,-1,dft_output,-1,-1,0,-147,1,480,736,608,24,88,56,linear_combination_of_three_input_crt_sources
dft3_output_pack,1,0,3,v4,1,-1,-1,-1,-1,-1,25,0,-1,-1,-1,-1,dft_output,-1,-1,0,-147,1,612,484,740,57,25,89,linear_combination_of_three_input_crt_sources
dft3_output_pack,1,0,3,v4,2,-1,-1,-1,-1,-1,26,0,-1,-1,-1,-1,dft_output,-1,-1,0,-147,1,744,616,488,90,58,26,linear_combination_of_three_input_crt_sources
dft3_output_pack,1,0,3,v4,3,-1,-1,-1,-1,-1,27,0,-1,-1,-1,-1,dft_output,-1,-1,0,-147,1,492,748,620,27,91,59,linear_combination_of_three_input_crt_sources
dft3_output_pack,1,0,3,v4,4,-1,-1,-1,-1,-1,28,0,-1,-1,-1,-1,dft_output,-1,-1,0,-147,1,624,496,752,60,28,92,linear_combination_of_three_input_crt_sources
dft3_output_pack,1,0,3,v4,5,-1,-1,-1,-1,-1,29,0,-1,-1,-1,-1,dft_output,-1,-1,0,-147,1,756,628,500,93,61,29,linear_combination_of_three_input_crt_sources
dft3_output_pack,1,0,3,v4,6,-1,-1,-1,-1,-1,30,0,-1,-1,-1,-1,dft_output,-1,-1,0,-147,1,504,760,632,30,94,62,linear_combination_of_three_input_crt_sources
dft3_output_pack,1,0,3,v4,7,-1,-1,-1,-1,-1,31,0,-1,-1,-1,-1,dft_output,-1,-1,0,-147,1,636,508,764,63,31,95,linear_combination_of_three_input_crt_sources
dft3_output_pack,1,0,3,v5,0,-1,-1,-1,-1,-1,24,1,-1,-1,-1,-1,dft_output,-1,-1,0,-147,1,480,736,608,24,88,56,linear_combination_of_three_input_crt_sources
dft3_output_pack,1,0,3,v5,1,-1,-1,-1,-1,-1,25,1,-1,-1,-1,-1,dft_output,-1,-1,0,-147,1,612,484,740,57,25,89,linear_combination_of_three_input_crt_sources
dft3_output_pack,1,0,3,v5,2,-1,-1,-1,-1,-1,26,1,-1,-1,-1,-1,dft_output,-1,-1,0,-147,1,744,616,488,90,58,26,linear_combination_of_three_input_crt_sources
dft3_output_pack,1,0,3,v5,3,-1,-1,-1,-1,-1,27,1,-1,-1,-1,-1,dft_output,-1,-1,0,-147,1,492,748,620,27,91,59,linear_combination_of_three_input_crt_sources
dft3_output_pack,1,0,3,v5,4,-1,-1,-1,-1,-1,28,1,-1,-1,-1,-1,dft_output,-1,-1,0,-147,1,624,496,752,60,28,92,linear_combination_of_three_input_crt_sources
dft3_output_pack,1,0,3,v5,5,-1,-1,-1,-1,-1,29,1,-1,-1,-1,-1,dft_output,-1,-1,0,-147,1,756,628,500,93,61,29,linear_combination_of_three_input_crt_sources
dft3_output_pack,1,0,3,v5,6,-1,-1,-1,-1,-1,30,1,-1,-1,-1,-1,dft_output,-1,-1,0,-147,1,504,760,632,30,94,62,linear_combination_of_three_input_crt_sources
dft3_output_pack,1,0,3,v5,7,-1,-1,-1,-1,-1,31,1,-1,-1,-1,-1,dft_output,-1,-1,0,-147,1,636,508,764,63,31,95,linear_combination_of_three_input_crt_sources
dft3_output_pack,1,0,3,v6,0,-1,-1,-1,-1,-1,24,2,-1,-1,-1,-1,dft_output,-1,-1,0,-147,1,480,736,608,24,88,56,linear_combination_of_three_input_crt_sources
dft3_output_pack,1,0,3,v6,1,-1,-1,-1,-1,-1,25,2,-1,-1,-1,-1,dft_output,-1,-1,0,-147,1,612,484,740,57,25,89,linear_combination_of_three_input_crt_sources
dft3_output_pack,1,0,3,v6,2,-1,-1,-1,-1,-1,26,2,-1,-1,-1,-1,dft_output,-1,-1,0,-147,1,744,616,488,90,58,26,linear_combination_of_three_input_crt_sources
dft3_output_pack,1,0,3,v6,3,-1,-1,-1,-1,-1,27,2,-1,-1,-1,-1,dft_output,-1,-1,0,-147,1,492,748,620,27,91,59,linear_combination_of_three_input_crt_sources
dft3_output_pack,1,0,3,v6,4,-1,-1,-1,-1,-1,28,2,-1,-1,-1,-1,dft_output,-1,-1,0,-147,1,624,496,752,60,28,92,linear_combination_of_three_input_crt_sources
dft3_output_pack,1,0,3,v6,5,-1,-1,-1,-1,-1,29,2,-1,-1,-1,-1,dft_output,-1,-1,0,-147,1,756,628,500,93,61,29,linear_combination_of_three_input_crt_sources
dft3_output_pack,1,0,3,v6,6,-1,-1,-1,-1,-1,30,2,-1,-1,-1,-1,dft_output,-1,-1,0,-147,1,504,760,632,30,94,62,linear_combination_of_three_input_crt_sources
dft3_output_pack,1,0,3,v6,7,-1,-1,-1,-1,-1,31,2,-1,-1,-1,-1,dft_output,-1,-1,0,-147,1,636,508,764,63,31,95,linear_combination_of_three_input_crt_sources
ntt32_initial_natural_pack,1,0,0,v4,0,-1,-1,-1,-1,-1,0,0,0,32,0,0,state,-1,-1,0,-147,1,384,640,512,0,64,32,natural_input_for_incomplete_dif_ntt32_pre_len2_output
ntt32_initial_natural_pack,1,0,0,v4,1,-1,-1,-1,-1,-1,1,0,0,32,1,1,state,-1,-1,0,-147,1,516,388,644,33,1,65,natural_input_for_incomplete_dif_ntt32_pre_len2_output
ntt32_initial_natural_pack,1,0,0,v4,2,-1,-1,-1,-1,-1,2,0,0,32,2,2,state,-1,-1,0,-147,1,648,520,392,66,34,2,natural_input_for_incomplete_dif_ntt32_pre_len2_output
ntt32_initial_natural_pack,1,0,0,v4,3,-1,-1,-1,-1,-1,3,0,0,32,3,3,state,-1,-1,0,-147,1,396,652,524,3,67,35,natural_input_for_incomplete_dif_ntt32_pre_len2_output
ntt32_initial_natural_pack,1,0,0,v4,4,-1,-1,-1,-1,-1,4,0,0,32,4,4,state,-1,-1,0,-147,1,528,400,656,36,4,68,natural_input_for_incomplete_dif_ntt32_pre_len2_output
ntt32_initial_natural_pack,1,0,0,v4,5,-1,-1,-1,-1,-1,5,0,0,32,5,5,state,-1,-1,0,-147,1,660,532,404,69,37,5,natural_input_for_incomplete_dif_ntt32_pre_len2_output
ntt32_initial_natural_pack,1,0,0,v4,6,-1,-1,-1,-1,-1,6,0,0,32,6,6,state,-1,-1,0,-147,1,408,664,536,6,70,38,natural_input_for_incomplete_dif_ntt32_pre_len2_output
ntt32_initial_natural_pack,1,0,0,v4,7,-1,-1,-1,-1,-1,7,0,0,32,7,7,state,-1,-1,0,-147,1,540,412,668,39,7,71,natural_input_for_incomplete_dif_ntt32_pre_len2_output
ntt32_initial_natural_pack,1,0,1,v5,0,-1,-1,-1,-1,-1,8,0,0,32,8,8,state,-1,-1,0,-147,1,672,544,416,72,40,8,natural_input_for_incomplete_dif_ntt32_pre_len2_output
ntt32_initial_natural_pack,1,0,1,v5,1,-1,-1,-1,-1,-1,9,0,0,32,9,9,state,-1,-1,0,-147,1,420,676,548,9,73,41,natural_input_for_incomplete_dif_ntt32_pre_len2_output
ntt32_initial_natural_pack,1,0,1,v5,2,-1,-1,-1,-1,-1,10,0,0,32,10,10,state,-1,-1,0,-147,1,552,424,680,42,10,74,natural_input_for_incomplete_dif_ntt32_pre_len2_output
ntt32_initial_natural_pack,1,0,1,v5,3,-1,-1,-1,-1,-1,11,0,0,32,11,11,state,-1,-1,0,-147,1,684,556,428,75,43,11,natural_input_for_incomplete_dif_ntt32_pre_len2_output
ntt32_initial_natural_pack,1,0,1,v5,4,-1,-1,-1,-1,-1,12,0,0,32,12,12,state,-1,-1,0,-147,1,432,688,560,12,76,44,natural_input_for_incomplete_dif_ntt32_pre_len2_output
ntt32_initial_natural_pack,1,0,1,v5,5,-1,-1,-1,-1,-1,13,0,0,32,13,13,state,-1,-1,0,-147,1,564,436,692,45,13,77,natural_input_for_incomplete_dif_ntt32_pre_len2_output
ntt32_initial_natural_pack,1,0,1,v5,6,-1,-1,-1,-1,-1,14,0,0,32,14,14,state,-1,-1,0,-147,1,696,568,440,78,46,14,natural_input_for_incomplete_dif_ntt32_pre_len2_output
ntt32_initial_natural_pack,1,0,1,v5,7,-1,-1,-1,-1,-1,15,0,0,32,15,15,state,-1,-1,0,-147,1,444,700,572,15,79,47,natural_input_for_incomplete_dif_ntt32_pre_len2_output
ntt32_initial_natural_pack,1,0,2,v6,0,-1,-1,-1,-1,-1,16,0,0,32,16,16,state,-1,-1,0,-147,1,576,448,704,48,16,80,natural_input_for_incomplete_dif_ntt32_pre_len2_output
ntt32_initial_natural_pack,1,0,2,v6,1,-1,-1,-1,-1,-1,17,0,0,32,17,17,state,-1,-1,0,-147,1,708,580,452,81,49,17,natural_input_for_incomplete_dif_ntt32_pre_len2_output
ntt32_initial_natural_pack,1,0,2,v6,2,-1,-1,-1,-1,-1,18,0,0,32,18,18,state,-1,-1,0,-147,1,456,712,584,18,82,50,natural_input_for_incomplete_dif_ntt32_pre_len2_output
ntt32_initial_natural_pack,1,0,2,v6,3,-1,-1,-1,-1,-1,19,0,0,32,19,19,state,-1,-1,0,-147,1,588,460,716,51,19,83,natural_input_for_incomplete_dif_ntt32_pre_len2_output
ntt32_initial_natural_pack,1,0,2,v6,4,-1,-1,-1,-1,-1,20,0,0,32,20,20,state,-1,-1,0,-147,1,720,592,464,84,52,20,natural_input_for_incomplete_dif_ntt32_pre_len2_output
ntt32_initial_natural_pack,1,0,2,v6,5,-1,-1,-1,-1,-1,21,0,0,32,21,21,state,-1,-1,0,-147,1,468,724,596,21,85,53,natural_input_for_incomplete_dif_ntt32_pre_len2_output
ntt32_initial_natural_pack,1,0,2,v6,6,-1,-1,-1,-1,-1,22,0,0,32,22,22,state,-1,-1,0,-147,1,600,472,728,54,22,86,natural_input_for_incomplete_dif_ntt32_pre_len2_output
ntt32_initial_natural_pack,1,0,2,v6,7,-1,-1,-1,-1,-1,23,0,0,32,23,23,state,-1,-1,0,-147,1,732,604,476,87,55,23,natural_input_for_incomplete_dif_ntt32_pre_len2_output
ntt32_initial_natural_pack,1,0,3,v7,0,-1,-1,-1,-1,-1,24,0,0,32,24,24,state,-1,-1,0,-147,1,480,736,608,24,88,56,natural_input_for_incomplete_dif_ntt32_pre_len2_output
ntt32_initial_natural_pack,1,0,3,v7,1,-1,-1,-1,-1,-1,25,0,0,32,25,25,state,-1,-1,0,-147,1,612,484,740,57,25,89,natural_input_for_incomplete_dif_ntt32_pre_len2_output
ntt32_initial_natural_pack,1,0,3,v7,2,-1,-1,-1,-1,-1,26,0,0,32,26,26,state,-1,-1,0,-147,1,744,616,488,90,58,26,natural_input_for_incomplete_dif_ntt32_pre_len2_output
ntt32_initial_natural_pack,1,0,3,v7,3,-1,-1,-1,-1,-1,27,0,0,32,27,27,state,-1,-1,0,-147,1,492,748,620,27,91,59,natural_input_for_incomplete_dif_ntt32_pre_len2_output
ntt32_initial_natural_pack,1,0,3,v7,4,-1,-1,-1,-1,-1,28,0,0,32,28,28,state,-1,-1,0,-147,1,624,496,752,60,28,92,natural_input_for_incomplete_dif_ntt32_pre_len2_output
ntt32_initial_natural_pack,1,0,3,v7,5,-1,-1,-1,-1,-1,29,0,0,32,29,29,state,-1,-1,0,-147,1,756,628,500,93,61,29,natural_input_for_incomplete_dif_ntt32_pre_len2_output
ntt32_initial_natural_pack,1,0,3,v7,6,-1,-1,-1,-1,-1,30,0,0,32,30,30,state,-1,-1,0,-147,1,504,760,632,30,94,62,natural_input_for_incomplete_dif_ntt32_pre_len2_output
ntt32_initial_natural_pack,1,0,3,v7,7,-1,-1,-1,-1,-1,31,0,0,32,31,31,state,-1,-1,0,-147,1,636,508,764,63,31,95,natural_input_for_incomplete_dif_ntt32_pre_len2_output
ntt32_butterfly_operand,1,0,0,v4,0,-1,-1,-1,-1,-1,-1,0,1,32,0,-1,lo,0,16,0,-147,1,-1,-1,-1,-1,-1,-1,low_operand_for_dif_butterfly
ntt32_butterfly_operand,1,0,2,v6,0,-1,-1,-1,-1,-1,-1,0,1,32,16,-1,hi,0,16,0,-147,1,-1,-1,-1,-1,-1,-1,dif_high_output_gets_(lo-hi)_times_twiddle
ntt32_butterfly_operand,1,0,0,v4,1,-1,-1,-1,-1,-1,-1,0,1,32,1,-1,lo,1,17,1,484,1784,-1,-1,-1,-1,-1,-1,low_operand_for_dif_butterfly
ntt32_butterfly_operand,1,0,2,v6,1,-1,-1,-1,-1,-1,-1,0,1,32,17,-1,hi,1,17,1,484,1784,-1,-1,-1,-1,-1,-1,dif_high_output_gets_(lo-hi)_times_twiddle
ntt32_butterfly_operand,1,0,0,v4,2,-1,-1,-1,-1,-1,-1,0,1,32,2,-1,lo,2,18,2,-794,2216,-1,-1,-1,-1,-1,-1,low_operand_for_dif_butterfly
ntt32_butterfly_operand,1,0,2,v6,2,-1,-1,-1,-1,-1,-1,0,1,32,18,-1,hi,2,18,2,-794,2216,-1,-1,-1,-1,-1,-1,dif_high_output_gets_(lo-hi)_times_twiddle
ntt32_butterfly_operand,1,0,0,v4,3,-1,-1,-1,-1,-1,-1,0,1,32,3,-1,lo,3,19,3,874,1993,-1,-1,-1,-1,-1,-1,low_operand_for_dif_butterfly
ntt32_butterfly_operand,1,0,2,v6,3,-1,-1,-1,-1,-1,-1,0,1,32,19,-1,hi,3,19,3,874,1993,-1,-1,-1,-1,-1,-1,dif_high_output_gets_(lo-hi)_times_twiddle
ntt32_butterfly_operand,1,0,0,v4,4,-1,-1,-1,-1,-1,-1,0,1,32,4,-1,lo,4,20,4,109,1716,-1,-1,-1,-1,-1,-1,low_operand_for_dif_butterfly
ntt32_butterfly_operand,1,0,2,v6,4,-1,-1,-1,-1,-1,-1,0,1,32,20,-1,hi,4,20,4,109,1716,-1,-1,-1,-1,-1,-1,dif_high_output_gets_(lo-hi)_times_twiddle
ntt32_butterfly_operand,1,0,0,v4,5,-1,-1,-1,-1,-1,-1,0,1,32,5,-1,lo,5,21,5,864,1899,-1,-1,-1,-1,-1,-1,low_operand_for_dif_butterfly
ntt32_butterfly_operand,1,0,2,v6,5,-1,-1,-1,-1,-1,-1,0,1,32,21,-1,hi,5,21,5,864,1899,-1,-1,-1,-1,-1,-1,dif_high_output_gets_(lo-hi)_times_twiddle
ntt32_butterfly_operand,1,0,0,v4,6,-1,-1,-1,-1,-1,-1,0,1,32,6,-1,lo,6,22,6,-446,3413,-1,-1,-1,-1,-1,-1,low_operand_for_dif_butterfly
ntt32_butterfly_operand,1,0,2,v6,6,-1,-1,-1,-1,-1,-1,0,1,32,22,-1,hi,6,22,6,-446,3413,-1,-1,-1,-1,-1,-1,dif_high_output_gets_(lo-hi)_times_twiddle
ntt32_butterfly_operand,1,0,0,v4,7,-1,-1,-1,-1,-1,-1,0,1,32,7,-1,lo,7,23,7,-554,1015,-1,-1,-1,-1,-1,-1,low_operand_for_dif_butterfly
ntt32_butterfly_operand,1,0,2,v6,7,-1,-1,-1,-1,-1,-1,0,1,32,23,-1,hi,7,23,7,-554,1015,-1,-1,-1,-1,-1,-1,dif_high_output_gets_(lo-hi)_times_twiddle
ntt32_butterfly_operand,1,0,1,v5,0,-1,-1,-1,-1,-1,-1,0,1,32,8,-1,lo,8,24,8,366,2749,-1,-1,-1,-1,-1,-1,low_operand_for_dif_butterfly
ntt32_butterfly_operand,1,0,3,v7,0,-1,-1,-1,-1,-1,-1,0,1,32,24,-1,hi,8,24,8,366,2749,-1,-1,-1,-1,-1,-1,dif_high_output_gets_(lo-hi)_times_twiddle
ntt32_butterfly_operand,1,0,1,v5,1,-1,-1,-1,-1,-1,-1,0,1,32,9,-1,lo,9,25,9,-429,2190,-1,-1,-1,-1,-1,-1,low_operand_for_dif_butterfly
ntt32_butterfly_operand,1,0,3,v7,1,-1,-1,-1,-1,-1,-1,0,1,32,25,-1,hi,9,25,9,-429,2190,-1,-1,-1,-1,-1,-1,dif_high_output_gets_(lo-hi)_times_twiddle
ntt32_butterfly_operand,1,0,1,v5,2,-1,-1,-1,-1,-1,-1,0,1,32,10,-1,lo,10,26,10,-1339,550,-1,-1,-1,-1,-1,-1,low_operand_for_dif_butterfly
ntt32_butterfly_operand,1,0,3,v7,2,-1,-1,-1,-1,-1,-1,0,1,32,26,-1,hi,10,26,10,-1339,550,-1,-1,-1,-1,-1,-1,dif_high_output_gets_(lo-hi)_times_twiddle
ntt32_butterfly_operand,1,0,1,v5,3,-1,-1,-1,-1,-1,-1,0,1,32,11,-1,lo,11,27,11,11,2869,-1,-1,-1,-1,-1,-1,low_operand_for_dif_butterfly
ntt32_butterfly_operand,1,0,3,v7,3,-1,-1,-1,-1,-1,-1,0,1,32,27,-1,hi,11,27,11,11,2869,-1,-1,-1,-1,-1,-1,dif_high_output_gets_(lo-hi)_times_twiddle
ntt32_butterfly_operand,1,0,1,v5,4,-1,-1,-1,-1,-1,-1,0,1,32,12,-1,lo,12,28,12,-1118,1936,-1,-1,-1,-1,-1,-1,low_operand_for_dif_butterfly
ntt32_butterfly_operand,1,0,3,v7,4,-1,-1,-1,-1,-1,-1,0,1,32,28,-1,hi,12,28,12,-1118,1936,-1,-1,-1,-1,-1,-1,dif_high_output_gets_(lo-hi)_times_twiddle
ntt32_butterfly_operand,1,0,1,v5,5,-1,-1,-1,-1,-1,-1,0,1,32,13,-1,lo,13,29,13,177,281,-1,-1,-1,-1,-1,-1,low_operand_for_dif_butterfly
ntt32_butterfly_operand,1,0,3,v7,5,-1,-1,-1,-1,-1,-1,0,1,32,29,-1,hi,13,29,13,177,281,-1,-1,-1,-1,-1,-1,dif_high_output_gets_(lo-hi)_times_twiddle
ntt32_butterfly_operand,1,0,1,v5,6,-1,-1,-1,-1,-1,-1,0,1,32,14,-1,lo,14,30,14,1181,39,-1,-1,-1,-1,-1,-1,low_operand_for_dif_butterfly
ntt32_butterfly_operand,1,0,3,v7,6,-1,-1,-1,-1,-1,-1,0,1,32,30,-1,hi,14,30,14,1181,39,-1,-1,-1,-1,-1,-1,dif_high_output_gets_(lo-hi)_times_twiddle
ntt32_butterfly_operand,1,0,1,v5,7,-1,-1,-1,-1,-1,-1,0,1,32,15,-1,lo,15,31,15,1591,436,-1,-1,-1,-1,-1,-1,low_operand_for_dif_butterfly
ntt32_butterfly_operand,1,0,3,v7,7,-1,-1,-1,-1,-1,-1,0,1,32,31,-1,hi,15,31,15,1591,436,-1,-1,-1,-1,-1,-1,dif_high_output_gets_(lo-hi)_times_twiddle
ntt32_butterfly_operand,1,0,0,v4,0,-1,-1,-1,-1,-1,-1,0,2,16,0,-1,lo,0,8,0,-147,1,-1,-1,-1,-1,-1,-1,low_operand_for_dif_butterfly
ntt32_butterfly_operand,1,0,1,v5,0,-1,-1,-1,-1,-1,-1,0,2,16,8,-1,hi,0,8,0,-147,1,-1,-1,-1,-1,-1,-1,dif_high_output_gets_(lo-hi)_times_twiddle
ntt32_butterfly_operand,1,0,0,v4,1,-1,-1,-1,-1,-1,-1,0,2,16,1,-1,lo,1,9,2,-794,2216,-1,-1,-1,-1,-1,-1,low_operand_for_dif_butterfly
ntt32_butterfly_operand,1,0,1,v5,1,-1,-1,-1,-1,-1,-1,0,2,16,9,-1,hi,1,9,2,-794,2216,-1,-1,-1,-1,-1,-1,dif_high_output_gets_(lo-hi)_times_twiddle
ntt32_butterfly_operand,1,0,0,v4,2,-1,-1,-1,-1,-1,-1,0,2,16,2,-1,lo,2,10,4,109,1716,-1,-1,-1,-1,-1,-1,low_operand_for_dif_butterfly
ntt32_butterfly_operand,1,0,1,v5,2,-1,-1,-1,-1,-1,-1,0,2,16,10,-1,hi,2,10,4,109,1716,-1,-1,-1,-1,-1,-1,dif_high_output_gets_(lo-hi)_times_twiddle
ntt32_butterfly_operand,1,0,0,v4,3,-1,-1,-1,-1,-1,-1,0,2,16,3,-1,lo,3,11,6,-446,3413,-1,-1,-1,-1,-1,-1,low_operand_for_dif_butterfly
ntt32_butterfly_operand,1,0,1,v5,3,-1,-1,-1,-1,-1,-1,0,2,16,11,-1,hi,3,11,6,-446,3413,-1,-1,-1,-1,-1,-1,dif_high_output_gets_(lo-hi)_times_twiddle
ntt32_butterfly_operand,1,0,0,v4,4,-1,-1,-1,-1,-1,-1,0,2,16,4,-1,lo,4,12,8,366,2749,-1,-1,-1,-1,-1,-1,low_operand_for_dif_butterfly
ntt32_butterfly_operand,1,0,1,v5,4,-1,-1,-1,-1,-1,-1,0,2,16,12,-1,hi,4,12,8,366,2749,-1,-1,-1,-1,-1,-1,dif_high_output_gets_(lo-hi)_times_twiddle
ntt32_butterfly_operand,1,0,0,v4,5,-1,-1,-1,-1,-1,-1,0,2,16,5,-1,lo,5,13,10,-1339,550,-1,-1,-1,-1,-1,-1,low_operand_for_dif_butterfly
ntt32_butterfly_operand,1,0,1,v5,5,-1,-1,-1,-1,-1,-1,0,2,16,13,-1,hi,5,13,10,-1339,550,-1,-1,-1,-1,-1,-1,dif_high_output_gets_(lo-hi)_times_twiddle
ntt32_butterfly_operand,1,0,0,v4,6,-1,-1,-1,-1,-1,-1,0,2,16,6,-1,lo,6,14,12,-1118,1936,-1,-1,-1,-1,-1,-1,low_operand_for_dif_butterfly
ntt32_butterfly_operand,1,0,1,v5,6,-1,-1,-1,-1,-1,-1,0,2,16,14,-1,hi,6,14,12,-1118,1936,-1,-1,-1,-1,-1,-1,dif_high_output_gets_(lo-hi)_times_twiddle
ntt32_butterfly_operand,1,0,0,v4,7,-1,-1,-1,-1,-1,-1,0,2,16,7,-1,lo,7,15,14,1181,39,-1,-1,-1,-1,-1,-1,low_operand_for_dif_butterfly
ntt32_butterfly_operand,1,0,1,v5,7,-1,-1,-1,-1,-1,-1,0,2,16,15,-1,hi,7,15,14,1181,39,-1,-1,-1,-1,-1,-1,dif_high_output_gets_(lo-hi)_times_twiddle
ntt32_butterfly_operand,1,0,2,v6,0,-1,-1,-1,-1,-1,-1,0,2,16,16,-1,lo,16,24,0,-147,1,-1,-1,-1,-1,-1,-1,low_operand_for_dif_butterfly
ntt32_butterfly_operand,1,0,3,v7,0,-1,-1,-1,-1,-1,-1,0,2,16,24,-1,hi,16,24,0,-147,1,-1,-1,-1,-1,-1,-1,dif_high_output_gets_(lo-hi)_times_twiddle
ntt32_butterfly_operand,1,0,2,v6,1,-1,-1,-1,-1,-1,-1,0,2,16,17,-1,lo,17,25,2,-794,2216,-1,-1,-1,-1,-1,-1,low_operand_for_dif_butterfly
ntt32_butterfly_operand,1,0,3,v7,1,-1,-1,-1,-1,-1,-1,0,2,16,25,-1,hi,17,25,2,-794,2216,-1,-1,-1,-1,-1,-1,dif_high_output_gets_(lo-hi)_times_twiddle
ntt32_butterfly_operand,1,0,2,v6,2,-1,-1,-1,-1,-1,-1,0,2,16,18,-1,lo,18,26,4,109,1716,-1,-1,-1,-1,-1,-1,low_operand_for_dif_butterfly
ntt32_butterfly_operand,1,0,3,v7,2,-1,-1,-1,-1,-1,-1,0,2,16,26,-1,hi,18,26,4,109,1716,-1,-1,-1,-1,-1,-1,dif_high_output_gets_(lo-hi)_times_twiddle
ntt32_butterfly_operand,1,0,2,v6,3,-1,-1,-1,-1,-1,-1,0,2,16,19,-1,lo,19,27,6,-446,3413,-1,-1,-1,-1,-1,-1,low_operand_for_dif_butterfly
ntt32_butterfly_operand,1,0,3,v7,3,-1,-1,-1,-1,-1,-1,0,2,16,27,-1,hi,19,27,6,-446,3413,-1,-1,-1,-1,-1,-1,dif_high_output_gets_(lo-hi)_times_twiddle
ntt32_butterfly_operand,1,0,2,v6,4,-1,-1,-1,-1,-1,-1,0,2,16,20,-1,lo,20,28,8,366,2749,-1,-1,-1,-1,-1,-1,low_operand_for_dif_butterfly
ntt32_butterfly_operand,1,0,3,v7,4,-1,-1,-1,-1,-1,-1,0,2,16,28,-1,hi,20,28,8,366,2749,-1,-1,-1,-1,-1,-1,dif_high_output_gets_(lo-hi)_times_twiddle
ntt32_butterfly_operand,1,0,2,v6,5,-1,-1,-1,-1,-1,-1,0,2,16,21,-1,lo,21,29,10,-1339,550,-1,-1,-1,-1,-1,-1,low_operand_for_dif_butterfly
ntt32_butterfly_operand,1,0,3,v7,5,-1,-1,-1,-1,-1,-1,0,2,16,29,-1,hi,21,29,10,-1339,550,-1,-1,-1,-1,-1,-1,dif_high_output_gets_(lo-hi)_times_twiddle
ntt32_butterfly_operand,1,0,2,v6,6,-1,-1,-1,-1,-1,-1,0,2,16,22,-1,lo,22,30,12,-1118,1936,-1,-1,-1,-1,-1,-1,low_operand_for_dif_butterfly
ntt32_butterfly_operand,1,0,3,v7,6,-1,-1,-1,-1,-1,-1,0,2,16,30,-1,hi,22,30,12,-1118,1936,-1,-1,-1,-1,-1,-1,dif_high_output_gets_(lo-hi)_times_twiddle
ntt32_butterfly_operand,1,0,2,v6,7,-1,-1,-1,-1,-1,-1,0,2,16,23,-1,lo,23,31,14,1181,39,-1,-1,-1,-1,-1,-1,low_operand_for_dif_butterfly
ntt32_butterfly_operand,1,0,3,v7,7,-1,-1,-1,-1,-1,-1,0,2,16,31,-1,hi,23,31,14,1181,39,-1,-1,-1,-1,-1,-1,dif_high_output_gets_(lo-hi)_times_twiddle
ntt32_butterfly_operand,1,0,0,v4,0,-1,-1,-1,-1,-1,-1,0,3,8,0,-1,lo,0,4,0,-147,1,-1,-1,-1,-1,-1,-1,low_operand_for_dif_butterfly
ntt32_butterfly_operand,1,0,0,v4,4,-1,-1,-1,-1,-1,-1,0,3,8,4,-1,hi,0,4,0,-147,1,-1,-1,-1,-1,-1,-1,dif_high_output_gets_(lo-hi)_times_twiddle
ntt32_butterfly_operand,1,0,0,v4,1,-1,-1,-1,-1,-1,-1,0,3,8,1,-1,lo,1,5,4,109,1716,-1,-1,-1,-1,-1,-1,low_operand_for_dif_butterfly
ntt32_butterfly_operand,1,0,0,v4,5,-1,-1,-1,-1,-1,-1,0,3,8,5,-1,hi,1,5,4,109,1716,-1,-1,-1,-1,-1,-1,dif_high_output_gets_(lo-hi)_times_twiddle
ntt32_butterfly_operand,1,0,0,v4,2,-1,-1,-1,-1,-1,-1,0,3,8,2,-1,lo,2,6,8,366,2749,-1,-1,-1,-1,-1,-1,low_operand_for_dif_butterfly
ntt32_butterfly_operand,1,0,0,v4,6,-1,-1,-1,-1,-1,-1,0,3,8,6,-1,hi,2,6,8,366,2749,-1,-1,-1,-1,-1,-1,dif_high_output_gets_(lo-hi)_times_twiddle
ntt32_butterfly_operand,1,0,0,v4,3,-1,-1,-1,-1,-1,-1,0,3,8,3,-1,lo,3,7,12,-1118,1936,-1,-1,-1,-1,-1,-1,low_operand_for_dif_butterfly
ntt32_butterfly_operand,1,0,0,v4,7,-1,-1,-1,-1,-1,-1,0,3,8,7,-1,hi,3,7,12,-1118,1936,-1,-1,-1,-1,-1,-1,dif_high_output_gets_(lo-hi)_times_twiddle
ntt32_butterfly_operand,1,0,1,v5,0,-1,-1,-1,-1,-1,-1,0,3,8,8,-1,lo,8,12,0,-147,1,-1,-1,-1,-1,-1,-1,low_operand_for_dif_butterfly
ntt32_butterfly_operand,1,0,1,v5,4,-1,-1,-1,-1,-1,-1,0,3,8,12,-1,hi,8,12,0,-147,1,-1,-1,-1,-1,-1,-1,dif_high_output_gets_(lo-hi)_times_twiddle
ntt32_butterfly_operand,1,0,1,v5,1,-1,-1,-1,-1,-1,-1,0,3,8,9,-1,lo,9,13,4,109,1716,-1,-1,-1,-1,-1,-1,low_operand_for_dif_butterfly
ntt32_butterfly_operand,1,0,1,v5,5,-1,-1,-1,-1,-1,-1,0,3,8,13,-1,hi,9,13,4,109,1716,-1,-1,-1,-1,-1,-1,dif_high_output_gets_(lo-hi)_times_twiddle
ntt32_butterfly_operand,1,0,1,v5,2,-1,-1,-1,-1,-1,-1,0,3,8,10,-1,lo,10,14,8,366,2749,-1,-1,-1,-1,-1,-1,low_operand_for_dif_butterfly
ntt32_butterfly_operand,1,0,1,v5,6,-1,-1,-1,-1,-1,-1,0,3,8,14,-1,hi,10,14,8,366,2749,-1,-1,-1,-1,-1,-1,dif_high_output_gets_(lo-hi)_times_twiddle
ntt32_butterfly_operand,1,0,1,v5,3,-1,-1,-1,-1,-1,-1,0,3,8,11,-1,lo,11,15,12,-1118,1936,-1,-1,-1,-1,-1,-1,low_operand_for_dif_butterfly
ntt32_butterfly_operand,1,0,1,v5,7,-1,-1,-1,-1,-1,-1,0,3,8,15,-1,hi,11,15,12,-1118,1936,-1,-1,-1,-1,-1,-1,dif_high_output_gets_(lo-hi)_times_twiddle
ntt32_butterfly_operand,1,0,2,v6,0,-1,-1,-1,-1,-1,-1,0,3,8,16,-1,lo,16,20,0,-147,1,-1,-1,-1,-1,-1,-1,low_operand_for_dif_butterfly
ntt32_butterfly_operand,1,0,2,v6,4,-1,-1,-1,-1,-1,-1,0,3,8,20,-1,hi,16,20,0,-147,1,-1,-1,-1,-1,-1,-1,dif_high_output_gets_(lo-hi)_times_twiddle
ntt32_butterfly_operand,1,0,2,v6,1,-1,-1,-1,-1,-1,-1,0,3,8,17,-1,lo,17,21,4,109,1716,-1,-1,-1,-1,-1,-1,low_operand_for_dif_butterfly
ntt32_butterfly_operand,1,0,2,v6,5,-1,-1,-1,-1,-1,-1,0,3,8,21,-1,hi,17,21,4,109,1716,-1,-1,-1,-1,-1,-1,dif_high_output_gets_(lo-hi)_times_twiddle
ntt32_butterfly_operand,1,0,2,v6,2,-1,-1,-1,-1,-1,-1,0,3,8,18,-1,lo,18,22,8,366,2749,-1,-1,-1,-1,-1,-1,low_operand_for_dif_butterfly
ntt32_butterfly_operand,1,0,2,v6,6,-1,-1,-1,-1,-1,-1,0,3,8,22,-1,hi,18,22,8,366,2749,-1,-1,-1,-1,-1,-1,dif_high_output_gets_(lo-hi)_times_twiddle
ntt32_butterfly_operand,1,0,2,v6,3,-1,-1,-1,-1,-1,-1,0,3,8,19,-1,lo,19,23,12,-1118,1936,-1,-1,-1,-1,-1,-1,low_operand_for_dif_butterfly
ntt32_butterfly_operand,1,0,2,v6,7,-1,-1,-1,-1,-1,-1,0,3,8,23,-1,hi,19,23,12,-1118,1936,-1,-1,-1,-1,-1,-1,dif_high_output_gets_(lo-hi)_times_twiddle
ntt32_butterfly_operand,1,0,3,v7,0,-1,-1,-1,-1,-1,-1,0,3,8,24,-1,lo,24,28,0,-147,1,-1,-1,-1,-1,-1,-1,low_operand_for_dif_butterfly
ntt32_butterfly_operand,1,0,3,v7,4,-1,-1,-1,-1,-1,-1,0,3,8,28,-1,hi,24,28,0,-147,1,-1,-1,-1,-1,-1,-1,dif_high_output_gets_(lo-hi)_times_twiddle
ntt32_butterfly_operand,1,0,3,v7,1,-1,-1,-1,-1,-1,-1,0,3,8,25,-1,lo,25,29,4,109,1716,-1,-1,-1,-1,-1,-1,low_operand_for_dif_butterfly
ntt32_butterfly_operand,1,0,3,v7,5,-1,-1,-1,-1,-1,-1,0,3,8,29,-1,hi,25,29,4,109,1716,-1,-1,-1,-1,-1,-1,dif_high_output_gets_(lo-hi)_times_twiddle
ntt32_butterfly_operand,1,0,3,v7,2,-1,-1,-1,-1,-1,-1,0,3,8,26,-1,lo,26,30,8,366,2749,-1,-1,-1,-1,-1,-1,low_operand_for_dif_butterfly
ntt32_butterfly_operand,1,0,3,v7,6,-1,-1,-1,-1,-1,-1,0,3,8,30,-1,hi,26,30,8,366,2749,-1,-1,-1,-1,-1,-1,dif_high_output_gets_(lo-hi)_times_twiddle
ntt32_butterfly_operand,1,0,3,v7,3,-1,-1,-1,-1,-1,-1,0,3,8,27,-1,lo,27,31,12,-1118,1936,-1,-1,-1,-1,-1,-1,low_operand_for_dif_butterfly
ntt32_butterfly_operand,1,0,3,v7,7,-1,-1,-1,-1,-1,-1,0,3,8,31,-1,hi,27,31,12,-1118,1936,-1,-1,-1,-1,-1,-1,dif_high_output_gets_(lo-hi)_times_twiddle
ntt32_butterfly_operand,1,0,0,v4,0,-1,-1,-1,-1,-1,-1,0,4,4,0,-1,lo,0,2,0,-147,1,-1,-1,-1,-1,-1,-1,low_operand_for_dif_butterfly
ntt32_butterfly_operand,1,0,0,v4,2,-1,-1,-1,-1,-1,-1,0,4,4,2,-1,hi,0,2,0,-147,1,-1,-1,-1,-1,-1,-1,dif_high_output_gets_(lo-hi)_times_twiddle
ntt32_butterfly_operand,1,0,0,v4,1,-1,-1,-1,-1,-1,-1,0,4,4,1,-1,lo,1,3,8,366,2749,-1,-1,-1,-1,-1,-1,low_operand_for_dif_butterfly
ntt32_butterfly_operand,1,0,0,v4,3,-1,-1,-1,-1,-1,-1,0,4,4,3,-1,hi,1,3,8,366,2749,-1,-1,-1,-1,-1,-1,dif_high_output_gets_(lo-hi)_times_twiddle
ntt32_butterfly_operand,1,0,0,v4,4,-1,-1,-1,-1,-1,-1,0,4,4,4,-1,lo,4,6,0,-147,1,-1,-1,-1,-1,-1,-1,low_operand_for_dif_butterfly
ntt32_butterfly_operand,1,0,0,v4,6,-1,-1,-1,-1,-1,-1,0,4,4,6,-1,hi,4,6,0,-147,1,-1,-1,-1,-1,-1,-1,dif_high_output_gets_(lo-hi)_times_twiddle
ntt32_butterfly_operand,1,0,0,v4,5,-1,-1,-1,-1,-1,-1,0,4,4,5,-1,lo,5,7,8,366,2749,-1,-1,-1,-1,-1,-1,low_operand_for_dif_butterfly
ntt32_butterfly_operand,1,0,0,v4,7,-1,-1,-1,-1,-1,-1,0,4,4,7,-1,hi,5,7,8,366,2749,-1,-1,-1,-1,-1,-1,dif_high_output_gets_(lo-hi)_times_twiddle
ntt32_butterfly_operand,1,0,1,v5,0,-1,-1,-1,-1,-1,-1,0,4,4,8,-1,lo,8,10,0,-147,1,-1,-1,-1,-1,-1,-1,low_operand_for_dif_butterfly
ntt32_butterfly_operand,1,0,1,v5,2,-1,-1,-1,-1,-1,-1,0,4,4,10,-1,hi,8,10,0,-147,1,-1,-1,-1,-1,-1,-1,dif_high_output_gets_(lo-hi)_times_twiddle
ntt32_butterfly_operand,1,0,1,v5,1,-1,-1,-1,-1,-1,-1,0,4,4,9,-1,lo,9,11,8,366,2749,-1,-1,-1,-1,-1,-1,low_operand_for_dif_butterfly
ntt32_butterfly_operand,1,0,1,v5,3,-1,-1,-1,-1,-1,-1,0,4,4,11,-1,hi,9,11,8,366,2749,-1,-1,-1,-1,-1,-1,dif_high_output_gets_(lo-hi)_times_twiddle
ntt32_butterfly_operand,1,0,1,v5,4,-1,-1,-1,-1,-1,-1,0,4,4,12,-1,lo,12,14,0,-147,1,-1,-1,-1,-1,-1,-1,low_operand_for_dif_butterfly
ntt32_butterfly_operand,1,0,1,v5,6,-1,-1,-1,-1,-1,-1,0,4,4,14,-1,hi,12,14,0,-147,1,-1,-1,-1,-1,-1,-1,dif_high_output_gets_(lo-hi)_times_twiddle
ntt32_butterfly_operand,1,0,1,v5,5,-1,-1,-1,-1,-1,-1,0,4,4,13,-1,lo,13,15,8,366,2749,-1,-1,-1,-1,-1,-1,low_operand_for_dif_butterfly
ntt32_butterfly_operand,1,0,1,v5,7,-1,-1,-1,-1,-1,-1,0,4,4,15,-1,hi,13,15,8,366,2749,-1,-1,-1,-1,-1,-1,dif_high_output_gets_(lo-hi)_times_twiddle
ntt32_butterfly_operand,1,0,2,v6,0,-1,-1,-1,-1,-1,-1,0,4,4,16,-1,lo,16,18,0,-147,1,-1,-1,-1,-1,-1,-1,low_operand_for_dif_butterfly
ntt32_butterfly_operand,1,0,2,v6,2,-1,-1,-1,-1,-1,-1,0,4,4,18,-1,hi,16,18,0,-147,1,-1,-1,-1,-1,-1,-1,dif_high_output_gets_(lo-hi)_times_twiddle
ntt32_butterfly_operand,1,0,2,v6,1,-1,-1,-1,-1,-1,-1,0,4,4,17,-1,lo,17,19,8,366,2749,-1,-1,-1,-1,-1,-1,low_operand_for_dif_butterfly
ntt32_butterfly_operand,1,0,2,v6,3,-1,-1,-1,-1,-1,-1,0,4,4,19,-1,hi,17,19,8,366,2749,-1,-1,-1,-1,-1,-1,dif_high_output_gets_(lo-hi)_times_twiddle
ntt32_butterfly_operand,1,0,2,v6,4,-1,-1,-1,-1,-1,-1,0,4,4,20,-1,lo,20,22,0,-147,1,-1,-1,-1,-1,-1,-1,low_operand_for_dif_butterfly
ntt32_butterfly_operand,1,0,2,v6,6,-1,-1,-1,-1,-1,-1,0,4,4,22,-1,hi,20,22,0,-147,1,-1,-1,-1,-1,-1,-1,dif_high_output_gets_(lo-hi)_times_twiddle
ntt32_butterfly_operand,1,0,2,v6,5,-1,-1,-1,-1,-1,-1,0,4,4,21,-1,lo,21,23,8,366,2749,-1,-1,-1,-1,-1,-1,low_operand_for_dif_butterfly
ntt32_butterfly_operand,1,0,2,v6,7,-1,-1,-1,-1,-1,-1,0,4,4,23,-1,hi,21,23,8,366,2749,-1,-1,-1,-1,-1,-1,dif_high_output_gets_(lo-hi)_times_twiddle
ntt32_butterfly_operand,1,0,3,v7,0,-1,-1,-1,-1,-1,-1,0,4,4,24,-1,lo,24,26,0,-147,1,-1,-1,-1,-1,-1,-1,low_operand_for_dif_butterfly
ntt32_butterfly_operand,1,0,3,v7,2,-1,-1,-1,-1,-1,-1,0,4,4,26,-1,hi,24,26,0,-147,1,-1,-1,-1,-1,-1,-1,dif_high_output_gets_(lo-hi)_times_twiddle
ntt32_butterfly_operand,1,0,3,v7,1,-1,-1,-1,-1,-1,-1,0,4,4,25,-1,lo,25,27,8,366,2749,-1,-1,-1,-1,-1,-1,low_operand_for_dif_butterfly
ntt32_butterfly_operand,1,0,3,v7,3,-1,-1,-1,-1,-1,-1,0,4,4,27,-1,hi,25,27,8,366,2749,-1,-1,-1,-1,-1,-1,dif_high_output_gets_(lo-hi)_times_twiddle
ntt32_butterfly_operand,1,0,3,v7,4,-1,-1,-1,-1,-1,-1,0,4,4,28,-1,lo,28,30,0,-147,1,-1,-1,-1,-1,-1,-1,low_operand_for_dif_butterfly
ntt32_butterfly_operand,1,0,3,v7,6,-1,-1,-1,-1,-1,-1,0,4,4,30,-1,hi,28,30,0,-147,1,-1,-1,-1,-1,-1,-1,dif_high_output_gets_(lo-hi)_times_twiddle
ntt32_butterfly_operand,1,0,3,v7,5,-1,-1,-1,-1,-1,-1,0,4,4,29,-1,lo,29,31,8,366,2749,-1,-1,-1,-1,-1,-1,low_operand_for_dif_butterfly
ntt32_butterfly_operand,1,0,3,v7,7,-1,-1,-1,-1,-1,-1,0,4,4,31,-1,hi,29,31,8,366,2749,-1,-1,-1,-1,-1,-1,dif_high_output_gets_(lo-hi)_times_twiddle
ntt32_initial_natural_pack,1,0,0,v4,0,-1,-1,-1,-1,-1,0,1,0,32,0,0,state,-1,-1,0,-147,1,384,640,512,0,64,32,natural_input_for_incomplete_dif_ntt32_pre_len2_output
ntt32_initial_natural_pack,1,0,0,v4,1,-1,-1,-1,-1,-1,1,1,0,32,1,1,state,-1,-1,0,-147,1,516,388,644,33,1,65,natural_input_for_incomplete_dif_ntt32_pre_len2_output
ntt32_initial_natural_pack,1,0,0,v4,2,-1,-1,-1,-1,-1,2,1,0,32,2,2,state,-1,-1,0,-147,1,648,520,392,66,34,2,natural_input_for_incomplete_dif_ntt32_pre_len2_output
ntt32_initial_natural_pack,1,0,0,v4,3,-1,-1,-1,-1,-1,3,1,0,32,3,3,state,-1,-1,0,-147,1,396,652,524,3,67,35,natural_input_for_incomplete_dif_ntt32_pre_len2_output
ntt32_initial_natural_pack,1,0,0,v4,4,-1,-1,-1,-1,-1,4,1,0,32,4,4,state,-1,-1,0,-147,1,528,400,656,36,4,68,natural_input_for_incomplete_dif_ntt32_pre_len2_output
ntt32_initial_natural_pack,1,0,0,v4,5,-1,-1,-1,-1,-1,5,1,0,32,5,5,state,-1,-1,0,-147,1,660,532,404,69,37,5,natural_input_for_incomplete_dif_ntt32_pre_len2_output
ntt32_initial_natural_pack,1,0,0,v4,6,-1,-1,-1,-1,-1,6,1,0,32,6,6,state,-1,-1,0,-147,1,408,664,536,6,70,38,natural_input_for_incomplete_dif_ntt32_pre_len2_output
ntt32_initial_natural_pack,1,0,0,v4,7,-1,-1,-1,-1,-1,7,1,0,32,7,7,state,-1,-1,0,-147,1,540,412,668,39,7,71,natural_input_for_incomplete_dif_ntt32_pre_len2_output
ntt32_initial_natural_pack,1,0,1,v5,0,-1,-1,-1,-1,-1,8,1,0,32,8,8,state,-1,-1,0,-147,1,672,544,416,72,40,8,natural_input_for_incomplete_dif_ntt32_pre_len2_output
ntt32_initial_natural_pack,1,0,1,v5,1,-1,-1,-1,-1,-1,9,1,0,32,9,9,state,-1,-1,0,-147,1,420,676,548,9,73,41,natural_input_for_incomplete_dif_ntt32_pre_len2_output
ntt32_initial_natural_pack,1,0,1,v5,2,-1,-1,-1,-1,-1,10,1,0,32,10,10,state,-1,-1,0,-147,1,552,424,680,42,10,74,natural_input_for_incomplete_dif_ntt32_pre_len2_output
ntt32_initial_natural_pack,1,0,1,v5,3,-1,-1,-1,-1,-1,11,1,0,32,11,11,state,-1,-1,0,-147,1,684,556,428,75,43,11,natural_input_for_incomplete_dif_ntt32_pre_len2_output
ntt32_initial_natural_pack,1,0,1,v5,4,-1,-1,-1,-1,-1,12,1,0,32,12,12,state,-1,-1,0,-147,1,432,688,560,12,76,44,natural_input_for_incomplete_dif_ntt32_pre_len2_output
ntt32_initial_natural_pack,1,0,1,v5,5,-1,-1,-1,-1,-1,13,1,0,32,13,13,state,-1,-1,0,-147,1,564,436,692,45,13,77,natural_input_for_incomplete_dif_ntt32_pre_len2_output
ntt32_initial_natural_pack,1,0,1,v5,6,-1,-1,-1,-1,-1,14,1,0,32,14,14,state,-1,-1,0,-147,1,696,568,440,78,46,14,natural_input_for_incomplete_dif_ntt32_pre_len2_output
ntt32_initial_natural_pack,1,0,1,v5,7,-1,-1,-1,-1,-1,15,1,0,32,15,15,state,-1,-1,0,-147,1,444,700,572,15,79,47,natural_input_for_incomplete_dif_ntt32_pre_len2_output
ntt32_initial_natural_pack,1,0,2,v6,0,-1,-1,-1,-1,-1,16,1,0,32,16,16,state,-1,-1,0,-147,1,576,448,704,48,16,80,natural_input_for_incomplete_dif_ntt32_pre_len2_output
ntt32_initial_natural_pack,1,0,2,v6,1,-1,-1,-1,-1,-1,17,1,0,32,17,17,state,-1,-1,0,-147,1,708,580,452,81,49,17,natural_input_for_incomplete_dif_ntt32_pre_len2_output
ntt32_initial_natural_pack,1,0,2,v6,2,-1,-1,-1,-1,-1,18,1,0,32,18,18,state,-1,-1,0,-147,1,456,712,584,18,82,50,natural_input_for_incomplete_dif_ntt32_pre_len2_output
ntt32_initial_natural_pack,1,0,2,v6,3,-1,-1,-1,-1,-1,19,1,0,32,19,19,state,-1,-1,0,-147,1,588,460,716,51,19,83,natural_input_for_incomplete_dif_ntt32_pre_len2_output
ntt32_initial_natural_pack,1,0,2,v6,4,-1,-1,-1,-1,-1,20,1,0,32,20,20,state,-1,-1,0,-147,1,720,592,464,84,52,20,natural_input_for_incomplete_dif_ntt32_pre_len2_output
ntt32_initial_natural_pack,1,0,2,v6,5,-1,-1,-1,-1,-1,21,1,0,32,21,21,state,-1,-1,0,-147,1,468,724,596,21,85,53,natural_input_for_incomplete_dif_ntt32_pre_len2_output
ntt32_initial_natural_pack,1,0,2,v6,6,-1,-1,-1,-1,-1,22,1,0,32,22,22,state,-1,-1,0,-147,1,600,472,728,54,22,86,natural_input_for_incomplete_dif_ntt32_pre_len2_output
ntt32_initial_natural_pack,1,0,2,v6,7,-1,-1,-1,-1,-1,23,1,0,32,23,23,state,-1,-1,0,-147,1,732,604,476,87,55,23,natural_input_for_incomplete_dif_ntt32_pre_len2_output
ntt32_initial_natural_pack,1,0,3,v7,0,-1,-1,-1,-1,-1,24,1,0,32,24,24,state,-1,-1,0,-147,1,480,736,608,24,88,56,natural_input_for_incomplete_dif_ntt32_pre_len2_output
ntt32_initial_natural_pack,1,0,3,v7,1,-1,-1,-1,-1,-1,25,1,0,32,25,25,state,-1,-1,0,-147,1,612,484,740,57,25,89,natural_input_for_incomplete_dif_ntt32_pre_len2_output
ntt32_initial_natural_pack,1,0,3,v7,2,-1,-1,-1,-1,-1,26,1,0,32,26,26,state,-1,-1,0,-147,1,744,616,488,90,58,26,natural_input_for_incomplete_dif_ntt32_pre_len2_output
ntt32_initial_natural_pack,1,0,3,v7,3,-1,-1,-1,-1,-1,27,1,0,32,27,27,state,-1,-1,0,-147,1,492,748,620,27,91,59,natural_input_for_incomplete_dif_ntt32_pre_len2_output
ntt32_initial_natural_pack,1,0,3,v7,4,-1,-1,-1,-1,-1,28,1,0,32,28,28,state,-1,-1,0,-147,1,624,496,752,60,28,92,natural_input_for_incomplete_dif_ntt32_pre_len2_output
ntt32_initial_natural_pack,1,0,3,v7,5,-1,-1,-1,-1,-1,29,1,0,32,29,29,state,-1,-1,0,-147,1,756,628,500,93,61,29,natural_input_for_incomplete_dif_ntt32_pre_len2_output
ntt32_initial_natural_pack,1,0,3,v7,6,-1,-1,-1,-1,-1,30,1,0,32,30,30,state,-1,-1,0,-147,1,504,760,632,30,94,62,natural_input_for_incomplete_dif_ntt32_pre_len2_output
ntt32_initial_natural_pack,1,0,3,v7,7,-1,-1,-1,-1,-1,31,1,0,32,31,31,state,-1,-1,0,-147,1,636,508,764,63,31,95,natural_input_for_incomplete_dif_ntt32_pre_len2_output
ntt32_butterfly_operand,1,0,0,v4,0,-1,-1,-1,-1,-1,-1,1,1,32,0,-1,lo,0,16,0,-147,1,-1,-1,-1,-1,-1,-1,low_operand_for_dif_butterfly
ntt32_butterfly_operand,1,0,2,v6,0,-1,-1,-1,-1,-1,-1,1,1,32,16,-1,hi,0,16,0,-147,1,-1,-1,-1,-1,-1,-1,dif_high_output_gets_(lo-hi)_times_twiddle
ntt32_butterfly_operand,1,0,0,v4,1,-1,-1,-1,-1,-1,-1,1,1,32,1,-1,lo,1,17,1,484,1784,-1,-1,-1,-1,-1,-1,low_operand_for_dif_butterfly
ntt32_butterfly_operand,1,0,2,v6,1,-1,-1,-1,-1,-1,-1,1,1,32,17,-1,hi,1,17,1,484,1784,-1,-1,-1,-1,-1,-1,dif_high_output_gets_(lo-hi)_times_twiddle
ntt32_butterfly_operand,1,0,0,v4,2,-1,-1,-1,-1,-1,-1,1,1,32,2,-1,lo,2,18,2,-794,2216,-1,-1,-1,-1,-1,-1,low_operand_for_dif_butterfly
ntt32_butterfly_operand,1,0,2,v6,2,-1,-1,-1,-1,-1,-1,1,1,32,18,-1,hi,2,18,2,-794,2216,-1,-1,-1,-1,-1,-1,dif_high_output_gets_(lo-hi)_times_twiddle
ntt32_butterfly_operand,1,0,0,v4,3,-1,-1,-1,-1,-1,-1,1,1,32,3,-1,lo,3,19,3,874,1993,-1,-1,-1,-1,-1,-1,low_operand_for_dif_butterfly
ntt32_butterfly_operand,1,0,2,v6,3,-1,-1,-1,-1,-1,-1,1,1,32,19,-1,hi,3,19,3,874,1993,-1,-1,-1,-1,-1,-1,dif_high_output_gets_(lo-hi)_times_twiddle
ntt32_butterfly_operand,1,0,0,v4,4,-1,-1,-1,-1,-1,-1,1,1,32,4,-1,lo,4,20,4,109,1716,-1,-1,-1,-1,-1,-1,low_operand_for_dif_butterfly
ntt32_butterfly_operand,1,0,2,v6,4,-1,-1,-1,-1,-1,-1,1,1,32,20,-1,hi,4,20,4,109,1716,-1,-1,-1,-1,-1,-1,dif_high_output_gets_(lo-hi)_times_twiddle
ntt32_butterfly_operand,1,0,0,v4,5,-1,-1,-1,-1,-1,-1,1,1,32,5,-1,lo,5,21,5,864,1899,-1,-1,-1,-1,-1,-1,low_operand_for_dif_butterfly
ntt32_butterfly_operand,1,0,2,v6,5,-1,-1,-1,-1,-1,-1,1,1,32,21,-1,hi,5,21,5,864,1899,-1,-1,-1,-1,-1,-1,dif_high_output_gets_(lo-hi)_times_twiddle
ntt32_butterfly_operand,1,0,0,v4,6,-1,-1,-1,-1,-1,-1,1,1,32,6,-1,lo,6,22,6,-446,3413,-1,-1,-1,-1,-1,-1,low_operand_for_dif_butterfly
ntt32_butterfly_operand,1,0,2,v6,6,-1,-1,-1,-1,-1,-1,1,1,32,22,-1,hi,6,22,6,-446,3413,-1,-1,-1,-1,-1,-1,dif_high_output_gets_(lo-hi)_times_twiddle
ntt32_butterfly_operand,1,0,0,v4,7,-1,-1,-1,-1,-1,-1,1,1,32,7,-1,lo,7,23,7,-554,1015,-1,-1,-1,-1,-1,-1,low_operand_for_dif_butterfly
ntt32_butterfly_operand,1,0,2,v6,7,-1,-1,-1,-1,-1,-1,1,1,32,23,-1,hi,7,23,7,-554,1015,-1,-1,-1,-1,-1,-1,dif_high_output_gets_(lo-hi)_times_twiddle
ntt32_butterfly_operand,1,0,1,v5,0,-1,-1,-1,-1,-1,-1,1,1,32,8,-1,lo,8,24,8,366,2749,-1,-1,-1,-1,-1,-1,low_operand_for_dif_butterfly
ntt32_butterfly_operand,1,0,3,v7,0,-1,-1,-1,-1,-1,-1,1,1,32,24,-1,hi,8,24,8,366,2749,-1,-1,-1,-1,-1,-1,dif_high_output_gets_(lo-hi)_times_twiddle
ntt32_butterfly_operand,1,0,1,v5,1,-1,-1,-1,-1,-1,-1,1,1,32,9,-1,lo,9,25,9,-429,2190,-1,-1,-1,-1,-1,-1,low_operand_for_dif_butterfly
ntt32_butterfly_operand,1,0,3,v7,1,-1,-1,-1,-1,-1,-1,1,1,32,25,-1,hi,9,25,9,-429,2190,-1,-1,-1,-1,-1,-1,dif_high_output_gets_(lo-hi)_times_twiddle
ntt32_butterfly_operand,1,0,1,v5,2,-1,-1,-1,-1,-1,-1,1,1,32,10,-1,lo,10,26,10,-1339,550,-1,-1,-1,-1,-1,-1,low_operand_for_dif_butterfly
ntt32_butterfly_operand,1,0,3,v7,2,-1,-1,-1,-1,-1,-1,1,1,32,26,-1,hi,10,26,10,-1339,550,-1,-1,-1,-1,-1,-1,dif_high_output_gets_(lo-hi)_times_twiddle
ntt32_butterfly_operand,1,0,1,v5,3,-1,-1,-1,-1,-1,-1,1,1,32,11,-1,lo,11,27,11,11,2869,-1,-1,-1,-1,-1,-1,low_operand_for_dif_butterfly
ntt32_butterfly_operand,1,0,3,v7,3,-1,-1,-1,-1,-1,-1,1,1,32,27,-1,hi,11,27,11,11,2869,-1,-1,-1,-1,-1,-1,dif_high_output_gets_(lo-hi)_times_twiddle
ntt32_butterfly_operand,1,0,1,v5,4,-1,-1,-1,-1,-1,-1,1,1,32,12,-1,lo,12,28,12,-1118,1936,-1,-1,-1,-1,-1,-1,low_operand_for_dif_butterfly
ntt32_butterfly_operand,1,0,3,v7,4,-1,-1,-1,-1,-1,-1,1,1,32,28,-1,hi,12,28,12,-1118,1936,-1,-1,-1,-1,-1,-1,dif_high_output_gets_(lo-hi)_times_twiddle
ntt32_butterfly_operand,1,0,1,v5,5,-1,-1,-1,-1,-1,-1,1,1,32,13,-1,lo,13,29,13,177,281,-1,-1,-1,-1,-1,-1,low_operand_for_dif_butterfly
ntt32_butterfly_operand,1,0,3,v7,5,-1,-1,-1,-1,-1,-1,1,1,32,29,-1,hi,13,29,13,177,281,-1,-1,-1,-1,-1,-1,dif_high_output_gets_(lo-hi)_times_twiddle
ntt32_butterfly_operand,1,0,1,v5,6,-1,-1,-1,-1,-1,-1,1,1,32,14,-1,lo,14,30,14,1181,39,-1,-1,-1,-1,-1,-1,low_operand_for_dif_butterfly
ntt32_butterfly_operand,1,0,3,v7,6,-1,-1,-1,-1,-1,-1,1,1,32,30,-1,hi,14,30,14,1181,39,-1,-1,-1,-1,-1,-1,dif_high_output_gets_(lo-hi)_times_twiddle
ntt32_butterfly_operand,1,0,1,v5,7,-1,-1,-1,-1,-1,-1,1,1,32,15,-1,lo,15,31,15,1591,436,-1,-1,-1,-1,-1,-1,low_operand_for_dif_butterfly
ntt32_butterfly_operand,1,0,3,v7,7,-1,-1,-1,-1,-1,-1,1,1,32,31,-1,hi,15,31,15,1591,436,-1,-1,-1,-1,-1,-1,dif_high_output_gets_(lo-hi)_times_twiddle
ntt32_butterfly_operand,1,0,0,v4,0,-1,-1,-1,-1,-1,-1,1,2,16,0,-1,lo,0,8,0,-147,1,-1,-1,-1,-1,-1,-1,low_operand_for_dif_butterfly
ntt32_butterfly_operand,1,0,1,v5,0,-1,-1,-1,-1,-1,-1,1,2,16,8,-1,hi,0,8,0,-147,1,-1,-1,-1,-1,-1,-1,dif_high_output_gets_(lo-hi)_times_twiddle
ntt32_butterfly_operand,1,0,0,v4,1,-1,-1,-1,-1,-1,-1,1,2,16,1,-1,lo,1,9,2,-794,2216,-1,-1,-1,-1,-1,-1,low_operand_for_dif_butterfly
ntt32_butterfly_operand,1,0,1,v5,1,-1,-1,-1,-1,-1,-1,1,2,16,9,-1,hi,1,9,2,-794,2216,-1,-1,-1,-1,-1,-1,dif_high_output_gets_(lo-hi)_times_twiddle
ntt32_butterfly_operand,1,0,0,v4,2,-1,-1,-1,-1,-1,-1,1,2,16,2,-1,lo,2,10,4,109,1716,-1,-1,-1,-1,-1,-1,low_operand_for_dif_butterfly
ntt32_butterfly_operand,1,0,1,v5,2,-1,-1,-1,-1,-1,-1,1,2,16,10,-1,hi,2,10,4,109,1716,-1,-1,-1,-1,-1,-1,dif_high_output_gets_(lo-hi)_times_twiddle
ntt32_butterfly_operand,1,0,0,v4,3,-1,-1,-1,-1,-1,-1,1,2,16,3,-1,lo,3,11,6,-446,3413,-1,-1,-1,-1,-1,-1,low_operand_for_dif_butterfly
ntt32_butterfly_operand,1,0,1,v5,3,-1,-1,-1,-1,-1,-1,1,2,16,11,-1,hi,3,11,6,-446,3413,-1,-1,-1,-1,-1,-1,dif_high_output_gets_(lo-hi)_times_twiddle
ntt32_butterfly_operand,1,0,0,v4,4,-1,-1,-1,-1,-1,-1,1,2,16,4,-1,lo,4,12,8,366,2749,-1,-1,-1,-1,-1,-1,low_operand_for_dif_butterfly
ntt32_butterfly_operand,1,0,1,v5,4,-1,-1,-1,-1,-1,-1,1,2,16,12,-1,hi,4,12,8,366,2749,-1,-1,-1,-1,-1,-1,dif_high_output_gets_(lo-hi)_times_twiddle
ntt32_butterfly_operand,1,0,0,v4,5,-1,-1,-1,-1,-1,-1,1,2,16,5,-1,lo,5,13,10,-1339,550,-1,-1,-1,-1,-1,-1,low_operand_for_dif_butterfly
ntt32_butterfly_operand,1,0,1,v5,5,-1,-1,-1,-1,-1,-1,1,2,16,13,-1,hi,5,13,10,-1339,550,-1,-1,-1,-1,-1,-1,dif_high_output_gets_(lo-hi)_times_twiddle
ntt32_butterfly_operand,1,0,0,v4,6,-1,-1,-1,-1,-1,-1,1,2,16,6,-1,lo,6,14,12,-1118,1936,-1,-1,-1,-1,-1,-1,low_operand_for_dif_butterfly
ntt32_butterfly_operand,1,0,1,v5,6,-1,-1,-1,-1,-1,-1,1,2,16,14,-1,hi,6,14,12,-1118,1936,-1,-1,-1,-1,-1,-1,dif_high_output_gets_(lo-hi)_times_twiddle
ntt32_butterfly_operand,1,0,0,v4,7,-1,-1,-1,-1,-1,-1,1,2,16,7,-1,lo,7,15,14,1181,39,-1,-1,-1,-1,-1,-1,low_operand_for_dif_butterfly
ntt32_butterfly_operand,1,0,1,v5,7,-1,-1,-1,-1,-1,-1,1,2,16,15,-1,hi,7,15,14,1181,39,-1,-1,-1,-1,-1,-1,dif_high_output_gets_(lo-hi)_times_twiddle
ntt32_butterfly_operand,1,0,2,v6,0,-1,-1,-1,-1,-1,-1,1,2,16,16,-1,lo,16,24,0,-147,1,-1,-1,-1,-1,-1,-1,low_operand_for_dif_butterfly
ntt32_butterfly_operand,1,0,3,v7,0,-1,-1,-1,-1,-1,-1,1,2,16,24,-1,hi,16,24,0,-147,1,-1,-1,-1,-1,-1,-1,dif_high_output_gets_(lo-hi)_times_twiddle
ntt32_butterfly_operand,1,0,2,v6,1,-1,-1,-1,-1,-1,-1,1,2,16,17,-1,lo,17,25,2,-794,2216,-1,-1,-1,-1,-1,-1,low_operand_for_dif_butterfly
ntt32_butterfly_operand,1,0,3,v7,1,-1,-1,-1,-1,-1,-1,1,2,16,25,-1,hi,17,25,2,-794,2216,-1,-1,-1,-1,-1,-1,dif_high_output_gets_(lo-hi)_times_twiddle
ntt32_butterfly_operand,1,0,2,v6,2,-1,-1,-1,-1,-1,-1,1,2,16,18,-1,lo,18,26,4,109,1716,-1,-1,-1,-1,-1,-1,low_operand_for_dif_butterfly
ntt32_butterfly_operand,1,0,3,v7,2,-1,-1,-1,-1,-1,-1,1,2,16,26,-1,hi,18,26,4,109,1716,-1,-1,-1,-1,-1,-1,dif_high_output_gets_(lo-hi)_times_twiddle
ntt32_butterfly_operand,1,0,2,v6,3,-1,-1,-1,-1,-1,-1,1,2,16,19,-1,lo,19,27,6,-446,3413,-1,-1,-1,-1,-1,-1,low_operand_for_dif_butterfly
ntt32_butterfly_operand,1,0,3,v7,3,-1,-1,-1,-1,-1,-1,1,2,16,27,-1,hi,19,27,6,-446,3413,-1,-1,-1,-1,-1,-1,dif_high_output_gets_(lo-hi)_times_twiddle
ntt32_butterfly_operand,1,0,2,v6,4,-1,-1,-1,-1,-1,-1,1,2,16,20,-1,lo,20,28,8,366,2749,-1,-1,-1,-1,-1,-1,low_operand_for_dif_butterfly
ntt32_butterfly_operand,1,0,3,v7,4,-1,-1,-1,-1,-1,-1,1,2,16,28,-1,hi,20,28,8,366,2749,-1,-1,-1,-1,-1,-1,dif_high_output_gets_(lo-hi)_times_twiddle
ntt32_butterfly_operand,1,0,2,v6,5,-1,-1,-1,-1,-1,-1,1,2,16,21,-1,lo,21,29,10,-1339,550,-1,-1,-1,-1,-1,-1,low_operand_for_dif_butterfly
ntt32_butterfly_operand,1,0,3,v7,5,-1,-1,-1,-1,-1,-1,1,2,16,29,-1,hi,21,29,10,-1339,550,-1,-1,-1,-1,-1,-1,dif_high_output_gets_(lo-hi)_times_twiddle
ntt32_butterfly_operand,1,0,2,v6,6,-1,-1,-1,-1,-1,-1,1,2,16,22,-1,lo,22,30,12,-1118,1936,-1,-1,-1,-1,-1,-1,low_operand_for_dif_butterfly
ntt32_butterfly_operand,1,0,3,v7,6,-1,-1,-1,-1,-1,-1,1,2,16,30,-1,hi,22,30,12,-1118,1936,-1,-1,-1,-1,-1,-1,dif_high_output_gets_(lo-hi)_times_twiddle
ntt32_butterfly_operand,1,0,2,v6,7,-1,-1,-1,-1,-1,-1,1,2,16,23,-1,lo,23,31,14,1181,39,-1,-1,-1,-1,-1,-1,low_operand_for_dif_butterfly
ntt32_butterfly_operand,1,0,3,v7,7,-1,-1,-1,-1,-1,-1,1,2,16,31,-1,hi,23,31,14,1181,39,-1,-1,-1,-1,-1,-1,dif_high_output_gets_(lo-hi)_times_twiddle
ntt32_butterfly_operand,1,0,0,v4,0,-1,-1,-1,-1,-1,-1,1,3,8,0,-1,lo,0,4,0,-147,1,-1,-1,-1,-1,-1,-1,low_operand_for_dif_butterfly
ntt32_butterfly_operand,1,0,0,v4,4,-1,-1,-1,-1,-1,-1,1,3,8,4,-1,hi,0,4,0,-147,1,-1,-1,-1,-1,-1,-1,dif_high_output_gets_(lo-hi)_times_twiddle
ntt32_butterfly_operand,1,0,0,v4,1,-1,-1,-1,-1,-1,-1,1,3,8,1,-1,lo,1,5,4,109,1716,-1,-1,-1,-1,-1,-1,low_operand_for_dif_butterfly
ntt32_butterfly_operand,1,0,0,v4,5,-1,-1,-1,-1,-1,-1,1,3,8,5,-1,hi,1,5,4,109,1716,-1,-1,-1,-1,-1,-1,dif_high_output_gets_(lo-hi)_times_twiddle
ntt32_butterfly_operand,1,0,0,v4,2,-1,-1,-1,-1,-1,-1,1,3,8,2,-1,lo,2,6,8,366,2749,-1,-1,-1,-1,-1,-1,low_operand_for_dif_butterfly
ntt32_butterfly_operand,1,0,0,v4,6,-1,-1,-1,-1,-1,-1,1,3,8,6,-1,hi,2,6,8,366,2749,-1,-1,-1,-1,-1,-1,dif_high_output_gets_(lo-hi)_times_twiddle
ntt32_butterfly_operand,1,0,0,v4,3,-1,-1,-1,-1,-1,-1,1,3,8,3,-1,lo,3,7,12,-1118,1936,-1,-1,-1,-1,-1,-1,low_operand_for_dif_butterfly
ntt32_butterfly_operand,1,0,0,v4,7,-1,-1,-1,-1,-1,-1,1,3,8,7,-1,hi,3,7,12,-1118,1936,-1,-1,-1,-1,-1,-1,dif_high_output_gets_(lo-hi)_times_twiddle
ntt32_butterfly_operand,1,0,1,v5,0,-1,-1,-1,-1,-1,-1,1,3,8,8,-1,lo,8,12,0,-147,1,-1,-1,-1,-1,-1,-1,low_operand_for_dif_butterfly
ntt32_butterfly_operand,1,0,1,v5,4,-1,-1,-1,-1,-1,-1,1,3,8,12,-1,hi,8,12,0,-147,1,-1,-1,-1,-1,-1,-1,dif_high_output_gets_(lo-hi)_times_twiddle
ntt32_butterfly_operand,1,0,1,v5,1,-1,-1,-1,-1,-1,-1,1,3,8,9,-1,lo,9,13,4,109,1716,-1,-1,-1,-1,-1,-1,low_operand_for_dif_butterfly
ntt32_butterfly_operand,1,0,1,v5,5,-1,-1,-1,-1,-1,-1,1,3,8,13,-1,hi,9,13,4,109,1716,-1,-1,-1,-1,-1,-1,dif_high_output_gets_(lo-hi)_times_twiddle
ntt32_butterfly_operand,1,0,1,v5,2,-1,-1,-1,-1,-1,-1,1,3,8,10,-1,lo,10,14,8,366,2749,-1,-1,-1,-1,-1,-1,low_operand_for_dif_butterfly
ntt32_butterfly_operand,1,0,1,v5,6,-1,-1,-1,-1,-1,-1,1,3,8,14,-1,hi,10,14,8,366,2749,-1,-1,-1,-1,-1,-1,dif_high_output_gets_(lo-hi)_times_twiddle
ntt32_butterfly_operand,1,0,1,v5,3,-1,-1,-1,-1,-1,-1,1,3,8,11,-1,lo,11,15,12,-1118,1936,-1,-1,-1,-1,-1,-1,low_operand_for_dif_butterfly
ntt32_butterfly_operand,1,0,1,v5,7,-1,-1,-1,-1,-1,-1,1,3,8,15,-1,hi,11,15,12,-1118,1936,-1,-1,-1,-1,-1,-1,dif_high_output_gets_(lo-hi)_times_twiddle
ntt32_butterfly_operand,1,0,2,v6,0,-1,-1,-1,-1,-1,-1,1,3,8,16,-1,lo,16,20,0,-147,1,-1,-1,-1,-1,-1,-1,low_operand_for_dif_butterfly
ntt32_butterfly_operand,1,0,2,v6,4,-1,-1,-1,-1,-1,-1,1,3,8,20,-1,hi,16,20,0,-147,1,-1,-1,-1,-1,-1,-1,dif_high_output_gets_(lo-hi)_times_twiddle
ntt32_butterfly_operand,1,0,2,v6,1,-1,-1,-1,-1,-1,-1,1,3,8,17,-1,lo,17,21,4,109,1716,-1,-1,-1,-1,-1,-1,low_operand_for_dif_butterfly
ntt32_butterfly_operand,1,0,2,v6,5,-1,-1,-1,-1,-1,-1,1,3,8,21,-1,hi,17,21,4,109,1716,-1,-1,-1,-1,-1,-1,dif_high_output_gets_(lo-hi)_times_twiddle
ntt32_butterfly_operand,1,0,2,v6,2,-1,-1,-1,-1,-1,-1,1,3,8,18,-1,lo,18,22,8,366,2749,-1,-1,-1,-1,-1,-1,low_operand_for_dif_butterfly
ntt32_butterfly_operand,1,0,2,v6,6,-1,-1,-1,-1,-1,-1,1,3,8,22,-1,hi,18,22,8,366,2749,-1,-1,-1,-1,-1,-1,dif_high_output_gets_(lo-hi)_times_twiddle
ntt32_butterfly_operand,1,0,2,v6,3,-1,-1,-1,-1,-1,-1,1,3,8,19,-1,lo,19,23,12,-1118,1936,-1,-1,-1,-1,-1,-1,low_operand_for_dif_butterfly
ntt32_butterfly_operand,1,0,2,v6,7,-1,-1,-1,-1,-1,-1,1,3,8,23,-1,hi,19,23,12,-1118,1936,-1,-1,-1,-1,-1,-1,dif_high_output_gets_(lo-hi)_times_twiddle
ntt32_butterfly_operand,1,0,3,v7,0,-1,-1,-1,-1,-1,-1,1,3,8,24,-1,lo,24,28,0,-147,1,-1,-1,-1,-1,-1,-1,low_operand_for_dif_butterfly
ntt32_butterfly_operand,1,0,3,v7,4,-1,-1,-1,-1,-1,-1,1,3,8,28,-1,hi,24,28,0,-147,1,-1,-1,-1,-1,-1,-1,dif_high_output_gets_(lo-hi)_times_twiddle
ntt32_butterfly_operand,1,0,3,v7,1,-1,-1,-1,-1,-1,-1,1,3,8,25,-1,lo,25,29,4,109,1716,-1,-1,-1,-1,-1,-1,low_operand_for_dif_butterfly
ntt32_butterfly_operand,1,0,3,v7,5,-1,-1,-1,-1,-1,-1,1,3,8,29,-1,hi,25,29,4,109,1716,-1,-1,-1,-1,-1,-1,dif_high_output_gets_(lo-hi)_times_twiddle
ntt32_butterfly_operand,1,0,3,v7,2,-1,-1,-1,-1,-1,-1,1,3,8,26,-1,lo,26,30,8,366,2749,-1,-1,-1,-1,-1,-1,low_operand_for_dif_butterfly
ntt32_butterfly_operand,1,0,3,v7,6,-1,-1,-1,-1,-1,-1,1,3,8,30,-1,hi,26,30,8,366,2749,-1,-1,-1,-1,-1,-1,dif_high_output_gets_(lo-hi)_times_twiddle
ntt32_butterfly_operand,1,0,3,v7,3,-1,-1,-1,-1,-1,-1,1,3,8,27,-1,lo,27,31,12,-1118,1936,-1,-1,-1,-1,-1,-1,low_operand_for_dif_butterfly
ntt32_butterfly_operand,1,0,3,v7,7,-1,-1,-1,-1,-1,-1,1,3,8,31,-1,hi,27,31,12,-1118,1936,-1,-1,-1,-1,-1,-1,dif_high_output_gets_(lo-hi)_times_twiddle
ntt32_butterfly_operand,1,0,0,v4,0,-1,-1,-1,-1,-1,-1,1,4,4,0,-1,lo,0,2,0,-147,1,-1,-1,-1,-1,-1,-1,low_operand_for_dif_butterfly
ntt32_butterfly_operand,1,0,0,v4,2,-1,-1,-1,-1,-1,-1,1,4,4,2,-1,hi,0,2,0,-147,1,-1,-1,-1,-1,-1,-1,dif_high_output_gets_(lo-hi)_times_twiddle
ntt32_butterfly_operand,1,0,0,v4,1,-1,-1,-1,-1,-1,-1,1,4,4,1,-1,lo,1,3,8,366,2749,-1,-1,-1,-1,-1,-1,low_operand_for_dif_butterfly
ntt32_butterfly_operand,1,0,0,v4,3,-1,-1,-1,-1,-1,-1,1,4,4,3,-1,hi,1,3,8,366,2749,-1,-1,-1,-1,-1,-1,dif_high_output_gets_(lo-hi)_times_twiddle
ntt32_butterfly_operand,1,0,0,v4,4,-1,-1,-1,-1,-1,-1,1,4,4,4,-1,lo,4,6,0,-147,1,-1,-1,-1,-1,-1,-1,low_operand_for_dif_butterfly
ntt32_butterfly_operand,1,0,0,v4,6,-1,-1,-1,-1,-1,-1,1,4,4,6,-1,hi,4,6,0,-147,1,-1,-1,-1,-1,-1,-1,dif_high_output_gets_(lo-hi)_times_twiddle
ntt32_butterfly_operand,1,0,0,v4,5,-1,-1,-1,-1,-1,-1,1,4,4,5,-1,lo,5,7,8,366,2749,-1,-1,-1,-1,-1,-1,low_operand_for_dif_butterfly
ntt32_butterfly_operand,1,0,0,v4,7,-1,-1,-1,-1,-1,-1,1,4,4,7,-1,hi,5,7,8,366,2749,-1,-1,-1,-1,-1,-1,dif_high_output_gets_(lo-hi)_times_twiddle
ntt32_butterfly_operand,1,0,1,v5,0,-1,-1,-1,-1,-1,-1,1,4,4,8,-1,lo,8,10,0,-147,1,-1,-1,-1,-1,-1,-1,low_operand_for_dif_butterfly
ntt32_butterfly_operand,1,0,1,v5,2,-1,-1,-1,-1,-1,-1,1,4,4,10,-1,hi,8,10,0,-147,1,-1,-1,-1,-1,-1,-1,dif_high_output_gets_(lo-hi)_times_twiddle
ntt32_butterfly_operand,1,0,1,v5,1,-1,-1,-1,-1,-1,-1,1,4,4,9,-1,lo,9,11,8,366,2749,-1,-1,-1,-1,-1,-1,low_operand_for_dif_butterfly
ntt32_butterfly_operand,1,0,1,v5,3,-1,-1,-1,-1,-1,-1,1,4,4,11,-1,hi,9,11,8,366,2749,-1,-1,-1,-1,-1,-1,dif_high_output_gets_(lo-hi)_times_twiddle
ntt32_butterfly_operand,1,0,1,v5,4,-1,-1,-1,-1,-1,-1,1,4,4,12,-1,lo,12,14,0,-147,1,-1,-1,-1,-1,-1,-1,low_operand_for_dif_butterfly
ntt32_butterfly_operand,1,0,1,v5,6,-1,-1,-1,-1,-1,-1,1,4,4,14,-1,hi,12,14,0,-147,1,-1,-1,-1,-1,-1,-1,dif_high_output_gets_(lo-hi)_times_twiddle
ntt32_butterfly_operand,1,0,1,v5,5,-1,-1,-1,-1,-1,-1,1,4,4,13,-1,lo,13,15,8,366,2749,-1,-1,-1,-1,-1,-1,low_operand_for_dif_butterfly
ntt32_butterfly_operand,1,0,1,v5,7,-1,-1,-1,-1,-1,-1,1,4,4,15,-1,hi,13,15,8,366,2749,-1,-1,-1,-1,-1,-1,dif_high_output_gets_(lo-hi)_times_twiddle
ntt32_butterfly_operand,1,0,2,v6,0,-1,-1,-1,-1,-1,-1,1,4,4,16,-1,lo,16,18,0,-147,1,-1,-1,-1,-1,-1,-1,low_operand_for_dif_butterfly
ntt32_butterfly_operand,1,0,2,v6,2,-1,-1,-1,-1,-1,-1,1,4,4,18,-1,hi,16,18,0,-147,1,-1,-1,-1,-1,-1,-1,dif_high_output_gets_(lo-hi)_times_twiddle
ntt32_butterfly_operand,1,0,2,v6,1,-1,-1,-1,-1,-1,-1,1,4,4,17,-1,lo,17,19,8,366,2749,-1,-1,-1,-1,-1,-1,low_operand_for_dif_butterfly
ntt32_butterfly_operand,1,0,2,v6,3,-1,-1,-1,-1,-1,-1,1,4,4,19,-1,hi,17,19,8,366,2749,-1,-1,-1,-1,-1,-1,dif_high_output_gets_(lo-hi)_times_twiddle
ntt32_butterfly_operand,1,0,2,v6,4,-1,-1,-1,-1,-1,-1,1,4,4,20,-1,lo,20,22,0,-147,1,-1,-1,-1,-1,-1,-1,low_operand_for_dif_butterfly
ntt32_butterfly_operand,1,0,2,v6,6,-1,-1,-1,-1,-1,-1,1,4,4,22,-1,hi,20,22,0,-147,1,-1,-1,-1,-1,-1,-1,dif_high_output_gets_(lo-hi)_times_twiddle
ntt32_butterfly_operand,1,0,2,v6,5,-1,-1,-1,-1,-1,-1,1,4,4,21,-1,lo,21,23,8,366,2749,-1,-1,-1,-1,-1,-1,low_operand_for_dif_butterfly
ntt32_butterfly_operand,1,0,2,v6,7,-1,-1,-1,-1,-1,-1,1,4,4,23,-1,hi,21,23,8,366,2749,-1,-1,-1,-1,-1,-1,dif_high_output_gets_(lo-hi)_times_twiddle
ntt32_butterfly_operand,1,0,3,v7,0,-1,-1,-1,-1,-1,-1,1,4,4,24,-1,lo,24,26,0,-147,1,-1,-1,-1,-1,-1,-1,low_operand_for_dif_butterfly
ntt32_butterfly_operand,1,0,3,v7,2,-1,-1,-1,-1,-1,-1,1,4,4,26,-1,hi,24,26,0,-147,1,-1,-1,-1,-1,-1,-1,dif_high_output_gets_(lo-hi)_times_twiddle
ntt32_butterfly_operand,1,0,3,v7,1,-1,-1,-1,-1,-1,-1,1,4,4,25,-1,lo,25,27,8,366,2749,-1,-1,-1,-1,-1,-1,low_operand_for_dif_butterfly
ntt32_butterfly_operand,1,0,3,v7,3,-1,-1,-1,-1,-1,-1,1,4,4,27,-1,hi,25,27,8,366,2749,-1,-1,-1,-1,-1,-1,dif_high_output_gets_(lo-hi)_times_twiddle
ntt32_butterfly_operand,1,0,3,v7,4,-1,-1,-1,-1,-1,-1,1,4,4,28,-1,lo,28,30,0,-147,1,-1,-1,-1,-1,-1,-1,low_operand_for_dif_butterfly
ntt32_butterfly_operand,1,0,3,v7,6,-1,-1,-1,-1,-1,-1,1,4,4,30,-1,hi,28,30,0,-147,1,-1,-1,-1,-1,-1,-1,dif_high_output_gets_(lo-hi)_times_twiddle
ntt32_butterfly_operand,1,0,3,v7,5,-1,-1,-1,-1,-1,-1,1,4,4,29,-1,lo,29,31,8,366,2749,-1,-1,-1,-1,-1,-1,low_operand_for_dif_butterfly
ntt32_butterfly_operand,1,0,3,v7,7,-1,-1,-1,-1,-1,-1,1,4,4,31,-1,hi,29,31,8,366,2749,-1,-1,-1,-1,-1,-1,dif_high_output_gets_(lo-hi)_times_twiddle
ntt32_initial_natural_pack,1,0,0,v4,0,-1,-1,-1,-1,-1,0,2,0,32,0,0,state,-1,-1,0,-147,1,384,640,512,0,64,32,natural_input_for_incomplete_dif_ntt32_pre_len2_output
ntt32_initial_natural_pack,1,0,0,v4,1,-1,-1,-1,-1,-1,1,2,0,32,1,1,state,-1,-1,0,-147,1,516,388,644,33,1,65,natural_input_for_incomplete_dif_ntt32_pre_len2_output
ntt32_initial_natural_pack,1,0,0,v4,2,-1,-1,-1,-1,-1,2,2,0,32,2,2,state,-1,-1,0,-147,1,648,520,392,66,34,2,natural_input_for_incomplete_dif_ntt32_pre_len2_output
ntt32_initial_natural_pack,1,0,0,v4,3,-1,-1,-1,-1,-1,3,2,0,32,3,3,state,-1,-1,0,-147,1,396,652,524,3,67,35,natural_input_for_incomplete_dif_ntt32_pre_len2_output
ntt32_initial_natural_pack,1,0,0,v4,4,-1,-1,-1,-1,-1,4,2,0,32,4,4,state,-1,-1,0,-147,1,528,400,656,36,4,68,natural_input_for_incomplete_dif_ntt32_pre_len2_output
ntt32_initial_natural_pack,1,0,0,v4,5,-1,-1,-1,-1,-1,5,2,0,32,5,5,state,-1,-1,0,-147,1,660,532,404,69,37,5,natural_input_for_incomplete_dif_ntt32_pre_len2_output
ntt32_initial_natural_pack,1,0,0,v4,6,-1,-1,-1,-1,-1,6,2,0,32,6,6,state,-1,-1,0,-147,1,408,664,536,6,70,38,natural_input_for_incomplete_dif_ntt32_pre_len2_output
ntt32_initial_natural_pack,1,0,0,v4,7,-1,-1,-1,-1,-1,7,2,0,32,7,7,state,-1,-1,0,-147,1,540,412,668,39,7,71,natural_input_for_incomplete_dif_ntt32_pre_len2_output
ntt32_initial_natural_pack,1,0,1,v5,0,-1,-1,-1,-1,-1,8,2,0,32,8,8,state,-1,-1,0,-147,1,672,544,416,72,40,8,natural_input_for_incomplete_dif_ntt32_pre_len2_output
ntt32_initial_natural_pack,1,0,1,v5,1,-1,-1,-1,-1,-1,9,2,0,32,9,9,state,-1,-1,0,-147,1,420,676,548,9,73,41,natural_input_for_incomplete_dif_ntt32_pre_len2_output
ntt32_initial_natural_pack,1,0,1,v5,2,-1,-1,-1,-1,-1,10,2,0,32,10,10,state,-1,-1,0,-147,1,552,424,680,42,10,74,natural_input_for_incomplete_dif_ntt32_pre_len2_output
ntt32_initial_natural_pack,1,0,1,v5,3,-1,-1,-1,-1,-1,11,2,0,32,11,11,state,-1,-1,0,-147,1,684,556,428,75,43,11,natural_input_for_incomplete_dif_ntt32_pre_len2_output
ntt32_initial_natural_pack,1,0,1,v5,4,-1,-1,-1,-1,-1,12,2,0,32,12,12,state,-1,-1,0,-147,1,432,688,560,12,76,44,natural_input_for_incomplete_dif_ntt32_pre_len2_output
ntt32_initial_natural_pack,1,0,1,v5,5,-1,-1,-1,-1,-1,13,2,0,32,13,13,state,-1,-1,0,-147,1,564,436,692,45,13,77,natural_input_for_incomplete_dif_ntt32_pre_len2_output
ntt32_initial_natural_pack,1,0,1,v5,6,-1,-1,-1,-1,-1,14,2,0,32,14,14,state,-1,-1,0,-147,1,696,568,440,78,46,14,natural_input_for_incomplete_dif_ntt32_pre_len2_output
ntt32_initial_natural_pack,1,0,1,v5,7,-1,-1,-1,-1,-1,15,2,0,32,15,15,state,-1,-1,0,-147,1,444,700,572,15,79,47,natural_input_for_incomplete_dif_ntt32_pre_len2_output
ntt32_initial_natural_pack,1,0,2,v6,0,-1,-1,-1,-1,-1,16,2,0,32,16,16,state,-1,-1,0,-147,1,576,448,704,48,16,80,natural_input_for_incomplete_dif_ntt32_pre_len2_output
ntt32_initial_natural_pack,1,0,2,v6,1,-1,-1,-1,-1,-1,17,2,0,32,17,17,state,-1,-1,0,-147,1,708,580,452,81,49,17,natural_input_for_incomplete_dif_ntt32_pre_len2_output
ntt32_initial_natural_pack,1,0,2,v6,2,-1,-1,-1,-1,-1,18,2,0,32,18,18,state,-1,-1,0,-147,1,456,712,584,18,82,50,natural_input_for_incomplete_dif_ntt32_pre_len2_output
ntt32_initial_natural_pack,1,0,2,v6,3,-1,-1,-1,-1,-1,19,2,0,32,19,19,state,-1,-1,0,-147,1,588,460,716,51,19,83,natural_input_for_incomplete_dif_ntt32_pre_len2_output
ntt32_initial_natural_pack,1,0,2,v6,4,-1,-1,-1,-1,-1,20,2,0,32,20,20,state,-1,-1,0,-147,1,720,592,464,84,52,20,natural_input_for_incomplete_dif_ntt32_pre_len2_output
ntt32_initial_natural_pack,1,0,2,v6,5,-1,-1,-1,-1,-1,21,2,0,32,21,21,state,-1,-1,0,-147,1,468,724,596,21,85,53,natural_input_for_incomplete_dif_ntt32_pre_len2_output
ntt32_initial_natural_pack,1,0,2,v6,6,-1,-1,-1,-1,-1,22,2,0,32,22,22,state,-1,-1,0,-147,1,600,472,728,54,22,86,natural_input_for_incomplete_dif_ntt32_pre_len2_output
ntt32_initial_natural_pack,1,0,2,v6,7,-1,-1,-1,-1,-1,23,2,0,32,23,23,state,-1,-1,0,-147,1,732,604,476,87,55,23,natural_input_for_incomplete_dif_ntt32_pre_len2_output
ntt32_initial_natural_pack,1,0,3,v7,0,-1,-1,-1,-1,-1,24,2,0,32,24,24,state,-1,-1,0,-147,1,480,736,608,24,88,56,natural_input_for_incomplete_dif_ntt32_pre_len2_output
ntt32_initial_natural_pack,1,0,3,v7,1,-1,-1,-1,-1,-1,25,2,0,32,25,25,state,-1,-1,0,-147,1,612,484,740,57,25,89,natural_input_for_incomplete_dif_ntt32_pre_len2_output
ntt32_initial_natural_pack,1,0,3,v7,2,-1,-1,-1,-1,-1,26,2,0,32,26,26,state,-1,-1,0,-147,1,744,616,488,90,58,26,natural_input_for_incomplete_dif_ntt32_pre_len2_output
ntt32_initial_natural_pack,1,0,3,v7,3,-1,-1,-1,-1,-1,27,2,0,32,27,27,state,-1,-1,0,-147,1,492,748,620,27,91,59,natural_input_for_incomplete_dif_ntt32_pre_len2_output
ntt32_initial_natural_pack,1,0,3,v7,4,-1,-1,-1,-1,-1,28,2,0,32,28,28,state,-1,-1,0,-147,1,624,496,752,60,28,92,natural_input_for_incomplete_dif_ntt32_pre_len2_output
ntt32_initial_natural_pack,1,0,3,v7,5,-1,-1,-1,-1,-1,29,2,0,32,29,29,state,-1,-1,0,-147,1,756,628,500,93,61,29,natural_input_for_incomplete_dif_ntt32_pre_len2_output
ntt32_initial_natural_pack,1,0,3,v7,6,-1,-1,-1,-1,-1,30,2,0,32,30,30,state,-1,-1,0,-147,1,504,760,632,30,94,62,natural_input_for_incomplete_dif_ntt32_pre_len2_output
ntt32_initial_natural_pack,1,0,3,v7,7,-1,-1,-1,-1,-1,31,2,0,32,31,31,state,-1,-1,0,-147,1,636,508,764,63,31,95,natural_input_for_incomplete_dif_ntt32_pre_len2_output
ntt32_butterfly_operand,1,0,0,v4,0,-1,-1,-1,-1,-1,-1,2,1,32,0,-1,lo,0,16,0,-147,1,-1,-1,-1,-1,-1,-1,low_operand_for_dif_butterfly
ntt32_butterfly_operand,1,0,2,v6,0,-1,-1,-1,-1,-1,-1,2,1,32,16,-1,hi,0,16,0,-147,1,-1,-1,-1,-1,-1,-1,dif_high_output_gets_(lo-hi)_times_twiddle
ntt32_butterfly_operand,1,0,0,v4,1,-1,-1,-1,-1,-1,-1,2,1,32,1,-1,lo,1,17,1,484,1784,-1,-1,-1,-1,-1,-1,low_operand_for_dif_butterfly
ntt32_butterfly_operand,1,0,2,v6,1,-1,-1,-1,-1,-1,-1,2,1,32,17,-1,hi,1,17,1,484,1784,-1,-1,-1,-1,-1,-1,dif_high_output_gets_(lo-hi)_times_twiddle
ntt32_butterfly_operand,1,0,0,v4,2,-1,-1,-1,-1,-1,-1,2,1,32,2,-1,lo,2,18,2,-794,2216,-1,-1,-1,-1,-1,-1,low_operand_for_dif_butterfly
ntt32_butterfly_operand,1,0,2,v6,2,-1,-1,-1,-1,-1,-1,2,1,32,18,-1,hi,2,18,2,-794,2216,-1,-1,-1,-1,-1,-1,dif_high_output_gets_(lo-hi)_times_twiddle
ntt32_butterfly_operand,1,0,0,v4,3,-1,-1,-1,-1,-1,-1,2,1,32,3,-1,lo,3,19,3,874,1993,-1,-1,-1,-1,-1,-1,low_operand_for_dif_butterfly
ntt32_butterfly_operand,1,0,2,v6,3,-1,-1,-1,-1,-1,-1,2,1,32,19,-1,hi,3,19,3,874,1993,-1,-1,-1,-1,-1,-1,dif_high_output_gets_(lo-hi)_times_twiddle
ntt32_butterfly_operand,1,0,0,v4,4,-1,-1,-1,-1,-1,-1,2,1,32,4,-1,lo,4,20,4,109,1716,-1,-1,-1,-1,-1,-1,low_operand_for_dif_butterfly
ntt32_butterfly_operand,1,0,2,v6,4,-1,-1,-1,-1,-1,-1,2,1,32,20,-1,hi,4,20,4,109,1716,-1,-1,-1,-1,-1,-1,dif_high_output_gets_(lo-hi)_times_twiddle
ntt32_butterfly_operand,1,0,0,v4,5,-1,-1,-1,-1,-1,-1,2,1,32,5,-1,lo,5,21,5,864,1899,-1,-1,-1,-1,-1,-1,low_operand_for_dif_butterfly
ntt32_butterfly_operand,1,0,2,v6,5,-1,-1,-1,-1,-1,-1,2,1,32,21,-1,hi,5,21,5,864,1899,-1,-1,-1,-1,-1,-1,dif_high_output_gets_(lo-hi)_times_twiddle
ntt32_butterfly_operand,1,0,0,v4,6,-1,-1,-1,-1,-1,-1,2,1,32,6,-1,lo,6,22,6,-446,3413,-1,-1,-1,-1,-1,-1,low_operand_for_dif_butterfly
ntt32_butterfly_operand,1,0,2,v6,6,-1,-1,-1,-1,-1,-1,2,1,32,22,-1,hi,6,22,6,-446,3413,-1,-1,-1,-1,-1,-1,dif_high_output_gets_(lo-hi)_times_twiddle
ntt32_butterfly_operand,1,0,0,v4,7,-1,-1,-1,-1,-1,-1,2,1,32,7,-1,lo,7,23,7,-554,1015,-1,-1,-1,-1,-1,-1,low_operand_for_dif_butterfly
ntt32_butterfly_operand,1,0,2,v6,7,-1,-1,-1,-1,-1,-1,2,1,32,23,-1,hi,7,23,7,-554,1015,-1,-1,-1,-1,-1,-1,dif_high_output_gets_(lo-hi)_times_twiddle
ntt32_butterfly_operand,1,0,1,v5,0,-1,-1,-1,-1,-1,-1,2,1,32,8,-1,lo,8,24,8,366,2749,-1,-1,-1,-1,-1,-1,low_operand_for_dif_butterfly
ntt32_butterfly_operand,1,0,3,v7,0,-1,-1,-1,-1,-1,-1,2,1,32,24,-1,hi,8,24,8,366,2749,-1,-1,-1,-1,-1,-1,dif_high_output_gets_(lo-hi)_times_twiddle
ntt32_butterfly_operand,1,0,1,v5,1,-1,-1,-1,-1,-1,-1,2,1,32,9,-1,lo,9,25,9,-429,2190,-1,-1,-1,-1,-1,-1,low_operand_for_dif_butterfly
ntt32_butterfly_operand,1,0,3,v7,1,-1,-1,-1,-1,-1,-1,2,1,32,25,-1,hi,9,25,9,-429,2190,-1,-1,-1,-1,-1,-1,dif_high_output_gets_(lo-hi)_times_twiddle
ntt32_butterfly_operand,1,0,1,v5,2,-1,-1,-1,-1,-1,-1,2,1,32,10,-1,lo,10,26,10,-1339,550,-1,-1,-1,-1,-1,-1,low_operand_for_dif_butterfly
ntt32_butterfly_operand,1,0,3,v7,2,-1,-1,-1,-1,-1,-1,2,1,32,26,-1,hi,10,26,10,-1339,550,-1,-1,-1,-1,-1,-1,dif_high_output_gets_(lo-hi)_times_twiddle
ntt32_butterfly_operand,1,0,1,v5,3,-1,-1,-1,-1,-1,-1,2,1,32,11,-1,lo,11,27,11,11,2869,-1,-1,-1,-1,-1,-1,low_operand_for_dif_butterfly
ntt32_butterfly_operand,1,0,3,v7,3,-1,-1,-1,-1,-1,-1,2,1,32,27,-1,hi,11,27,11,11,2869,-1,-1,-1,-1,-1,-1,dif_high_output_gets_(lo-hi)_times_twiddle
ntt32_butterfly_operand,1,0,1,v5,4,-1,-1,-1,-1,-1,-1,2,1,32,12,-1,lo,12,28,12,-1118,1936,-1,-1,-1,-1,-1,-1,low_operand_for_dif_butterfly
ntt32_butterfly_operand,1,0,3,v7,4,-1,-1,-1,-1,-1,-1,2,1,32,28,-1,hi,12,28,12,-1118,1936,-1,-1,-1,-1,-1,-1,dif_high_output_gets_(lo-hi)_times_twiddle
ntt32_butterfly_operand,1,0,1,v5,5,-1,-1,-1,-1,-1,-1,2,1,32,13,-1,lo,13,29,13,177,281,-1,-1,-1,-1,-1,-1,low_operand_for_dif_butterfly
ntt32_butterfly_operand,1,0,3,v7,5,-1,-1,-1,-1,-1,-1,2,1,32,29,-1,hi,13,29,13,177,281,-1,-1,-1,-1,-1,-1,dif_high_output_gets_(lo-hi)_times_twiddle
ntt32_butterfly_operand,1,0,1,v5,6,-1,-1,-1,-1,-1,-1,2,1,32,14,-1,lo,14,30,14,1181,39,-1,-1,-1,-1,-1,-1,low_operand_for_dif_butterfly
ntt32_butterfly_operand,1,0,3,v7,6,-1,-1,-1,-1,-1,-1,2,1,32,30,-1,hi,14,30,14,1181,39,-1,-1,-1,-1,-1,-1,dif_high_output_gets_(lo-hi)_times_twiddle
ntt32_butterfly_operand,1,0,1,v5,7,-1,-1,-1,-1,-1,-1,2,1,32,15,-1,lo,15,31,15,1591,436,-1,-1,-1,-1,-1,-1,low_operand_for_dif_butterfly
ntt32_butterfly_operand,1,0,3,v7,7,-1,-1,-1,-1,-1,-1,2,1,32,31,-1,hi,15,31,15,1591,436,-1,-1,-1,-1,-1,-1,dif_high_output_gets_(lo-hi)_times_twiddle
ntt32_butterfly_operand,1,0,0,v4,0,-1,-1,-1,-1,-1,-1,2,2,16,0,-1,lo,0,8,0,-147,1,-1,-1,-1,-1,-1,-1,low_operand_for_dif_butterfly
ntt32_butterfly_operand,1,0,1,v5,0,-1,-1,-1,-1,-1,-1,2,2,16,8,-1,hi,0,8,0,-147,1,-1,-1,-1,-1,-1,-1,dif_high_output_gets_(lo-hi)_times_twiddle
ntt32_butterfly_operand,1,0,0,v4,1,-1,-1,-1,-1,-1,-1,2,2,16,1,-1,lo,1,9,2,-794,2216,-1,-1,-1,-1,-1,-1,low_operand_for_dif_butterfly
ntt32_butterfly_operand,1,0,1,v5,1,-1,-1,-1,-1,-1,-1,2,2,16,9,-1,hi,1,9,2,-794,2216,-1,-1,-1,-1,-1,-1,dif_high_output_gets_(lo-hi)_times_twiddle
ntt32_butterfly_operand,1,0,0,v4,2,-1,-1,-1,-1,-1,-1,2,2,16,2,-1,lo,2,10,4,109,1716,-1,-1,-1,-1,-1,-1,low_operand_for_dif_butterfly
ntt32_butterfly_operand,1,0,1,v5,2,-1,-1,-1,-1,-1,-1,2,2,16,10,-1,hi,2,10,4,109,1716,-1,-1,-1,-1,-1,-1,dif_high_output_gets_(lo-hi)_times_twiddle
ntt32_butterfly_operand,1,0,0,v4,3,-1,-1,-1,-1,-1,-1,2,2,16,3,-1,lo,3,11,6,-446,3413,-1,-1,-1,-1,-1,-1,low_operand_for_dif_butterfly
ntt32_butterfly_operand,1,0,1,v5,3,-1,-1,-1,-1,-1,-1,2,2,16,11,-1,hi,3,11,6,-446,3413,-1,-1,-1,-1,-1,-1,dif_high_output_gets_(lo-hi)_times_twiddle
ntt32_butterfly_operand,1,0,0,v4,4,-1,-1,-1,-1,-1,-1,2,2,16,4,-1,lo,4,12,8,366,2749,-1,-1,-1,-1,-1,-1,low_operand_for_dif_butterfly
ntt32_butterfly_operand,1,0,1,v5,4,-1,-1,-1,-1,-1,-1,2,2,16,12,-1,hi,4,12,8,366,2749,-1,-1,-1,-1,-1,-1,dif_high_output_gets_(lo-hi)_times_twiddle
ntt32_butterfly_operand,1,0,0,v4,5,-1,-1,-1,-1,-1,-1,2,2,16,5,-1,lo,5,13,10,-1339,550,-1,-1,-1,-1,-1,-1,low_operand_for_dif_butterfly
ntt32_butterfly_operand,1,0,1,v5,5,-1,-1,-1,-1,-1,-1,2,2,16,13,-1,hi,5,13,10,-1339,550,-1,-1,-1,-1,-1,-1,dif_high_output_gets_(lo-hi)_times_twiddle
ntt32_butterfly_operand,1,0,0,v4,6,-1,-1,-1,-1,-1,-1,2,2,16,6,-1,lo,6,14,12,-1118,1936,-1,-1,-1,-1,-1,-1,low_operand_for_dif_butterfly
ntt32_butterfly_operand,1,0,1,v5,6,-1,-1,-1,-1,-1,-1,2,2,16,14,-1,hi,6,14,12,-1118,1936,-1,-1,-1,-1,-1,-1,dif_high_output_gets_(lo-hi)_times_twiddle
ntt32_butterfly_operand,1,0,0,v4,7,-1,-1,-1,-1,-1,-1,2,2,16,7,-1,lo,7,15,14,1181,39,-1,-1,-1,-1,-1,-1,low_operand_for_dif_butterfly
ntt32_butterfly_operand,1,0,1,v5,7,-1,-1,-1,-1,-1,-1,2,2,16,15,-1,hi,7,15,14,1181,39,-1,-1,-1,-1,-1,-1,dif_high_output_gets_(lo-hi)_times_twiddle
ntt32_butterfly_operand,1,0,2,v6,0,-1,-1,-1,-1,-1,-1,2,2,16,16,-1,lo,16,24,0,-147,1,-1,-1,-1,-1,-1,-1,low_operand_for_dif_butterfly
ntt32_butterfly_operand,1,0,3,v7,0,-1,-1,-1,-1,-1,-1,2,2,16,24,-1,hi,16,24,0,-147,1,-1,-1,-1,-1,-1,-1,dif_high_output_gets_(lo-hi)_times_twiddle
ntt32_butterfly_operand,1,0,2,v6,1,-1,-1,-1,-1,-1,-1,2,2,16,17,-1,lo,17,25,2,-794,2216,-1,-1,-1,-1,-1,-1,low_operand_for_dif_butterfly
ntt32_butterfly_operand,1,0,3,v7,1,-1,-1,-1,-1,-1,-1,2,2,16,25,-1,hi,17,25,2,-794,2216,-1,-1,-1,-1,-1,-1,dif_high_output_gets_(lo-hi)_times_twiddle
ntt32_butterfly_operand,1,0,2,v6,2,-1,-1,-1,-1,-1,-1,2,2,16,18,-1,lo,18,26,4,109,1716,-1,-1,-1,-1,-1,-1,low_operand_for_dif_butterfly
ntt32_butterfly_operand,1,0,3,v7,2,-1,-1,-1,-1,-1,-1,2,2,16,26,-1,hi,18,26,4,109,1716,-1,-1,-1,-1,-1,-1,dif_high_output_gets_(lo-hi)_times_twiddle
ntt32_butterfly_operand,1,0,2,v6,3,-1,-1,-1,-1,-1,-1,2,2,16,19,-1,lo,19,27,6,-446,3413,-1,-1,-1,-1,-1,-1,low_operand_for_dif_butterfly
ntt32_butterfly_operand,1,0,3,v7,3,-1,-1,-1,-1,-1,-1,2,2,16,27,-1,hi,19,27,6,-446,3413,-1,-1,-1,-1,-1,-1,dif_high_output_gets_(lo-hi)_times_twiddle
ntt32_butterfly_operand,1,0,2,v6,4,-1,-1,-1,-1,-1,-1,2,2,16,20,-1,lo,20,28,8,366,2749,-1,-1,-1,-1,-1,-1,low_operand_for_dif_butterfly
ntt32_butterfly_operand,1,0,3,v7,4,-1,-1,-1,-1,-1,-1,2,2,16,28,-1,hi,20,28,8,366,2749,-1,-1,-1,-1,-1,-1,dif_high_output_gets_(lo-hi)_times_twiddle
ntt32_butterfly_operand,1,0,2,v6,5,-1,-1,-1,-1,-1,-1,2,2,16,21,-1,lo,21,29,10,-1339,550,-1,-1,-1,-1,-1,-1,low_operand_for_dif_butterfly
ntt32_butterfly_operand,1,0,3,v7,5,-1,-1,-1,-1,-1,-1,2,2,16,29,-1,hi,21,29,10,-1339,550,-1,-1,-1,-1,-1,-1,dif_high_output_gets_(lo-hi)_times_twiddle
ntt32_butterfly_operand,1,0,2,v6,6,-1,-1,-1,-1,-1,-1,2,2,16,22,-1,lo,22,30,12,-1118,1936,-1,-1,-1,-1,-1,-1,low_operand_for_dif_butterfly
ntt32_butterfly_operand,1,0,3,v7,6,-1,-1,-1,-1,-1,-1,2,2,16,30,-1,hi,22,30,12,-1118,1936,-1,-1,-1,-1,-1,-1,dif_high_output_gets_(lo-hi)_times_twiddle
ntt32_butterfly_operand,1,0,2,v6,7,-1,-1,-1,-1,-1,-1,2,2,16,23,-1,lo,23,31,14,1181,39,-1,-1,-1,-1,-1,-1,low_operand_for_dif_butterfly
ntt32_butterfly_operand,1,0,3,v7,7,-1,-1,-1,-1,-1,-1,2,2,16,31,-1,hi,23,31,14,1181,39,-1,-1,-1,-1,-1,-1,dif_high_output_gets_(lo-hi)_times_twiddle
ntt32_butterfly_operand,1,0,0,v4,0,-1,-1,-1,-1,-1,-1,2,3,8,0,-1,lo,0,4,0,-147,1,-1,-1,-1,-1,-1,-1,low_operand_for_dif_butterfly
ntt32_butterfly_operand,1,0,0,v4,4,-1,-1,-1,-1,-1,-1,2,3,8,4,-1,hi,0,4,0,-147,1,-1,-1,-1,-1,-1,-1,dif_high_output_gets_(lo-hi)_times_twiddle
ntt32_butterfly_operand,1,0,0,v4,1,-1,-1,-1,-1,-1,-1,2,3,8,1,-1,lo,1,5,4,109,1716,-1,-1,-1,-1,-1,-1,low_operand_for_dif_butterfly
ntt32_butterfly_operand,1,0,0,v4,5,-1,-1,-1,-1,-1,-1,2,3,8,5,-1,hi,1,5,4,109,1716,-1,-1,-1,-1,-1,-1,dif_high_output_gets_(lo-hi)_times_twiddle
ntt32_butterfly_operand,1,0,0,v4,2,-1,-1,-1,-1,-1,-1,2,3,8,2,-1,lo,2,6,8,366,2749,-1,-1,-1,-1,-1,-1,low_operand_for_dif_butterfly
ntt32_butterfly_operand,1,0,0,v4,6,-1,-1,-1,-1,-1,-1,2,3,8,6,-1,hi,2,6,8,366,2749,-1,-1,-1,-1,-1,-1,dif_high_output_gets_(lo-hi)_times_twiddle
ntt32_butterfly_operand,1,0,0,v4,3,-1,-1,-1,-1,-1,-1,2,3,8,3,-1,lo,3,7,12,-1118,1936,-1,-1,-1,-1,-1,-1,low_operand_for_dif_butterfly
ntt32_butterfly_operand,1,0,0,v4,7,-1,-1,-1,-1,-1,-1,2,3,8,7,-1,hi,3,7,12,-1118,1936,-1,-1,-1,-1,-1,-1,dif_high_output_gets_(lo-hi)_times_twiddle
ntt32_butterfly_operand,1,0,1,v5,0,-1,-1,-1,-1,-1,-1,2,3,8,8,-1,lo,8,12,0,-147,1,-1,-1,-1,-1,-1,-1,low_operand_for_dif_butterfly
ntt32_butterfly_operand,1,0,1,v5,4,-1,-1,-1,-1,-1,-1,2,3,8,12,-1,hi,8,12,0,-147,1,-1,-1,-1,-1,-1,-1,dif_high_output_gets_(lo-hi)_times_twiddle
ntt32_butterfly_operand,1,0,1,v5,1,-1,-1,-1,-1,-1,-1,2,3,8,9,-1,lo,9,13,4,109,1716,-1,-1,-1,-1,-1,-1,low_operand_for_dif_butterfly
ntt32_butterfly_operand,1,0,1,v5,5,-1,-1,-1,-1,-1,-1,2,3,8,13,-1,hi,9,13,4,109,1716,-1,-1,-1,-1,-1,-1,dif_high_output_gets_(lo-hi)_times_twiddle
ntt32_butterfly_operand,1,0,1,v5,2,-1,-1,-1,-1,-1,-1,2,3,8,10,-1,lo,10,14,8,366,2749,-1,-1,-1,-1,-1,-1,low_operand_for_dif_butterfly
ntt32_butterfly_operand,1,0,1,v5,6,-1,-1,-1,-1,-1,-1,2,3,8,14,-1,hi,10,14,8,366,2749,-1,-1,-1,-1,-1,-1,dif_high_output_gets_(lo-hi)_times_twiddle
ntt32_butterfly_operand,1,0,1,v5,3,-1,-1,-1,-1,-1,-1,2,3,8,11,-1,lo,11,15,12,-1118,1936,-1,-1,-1,-1,-1,-1,low_operand_for_dif_butterfly
ntt32_butterfly_operand,1,0,1,v5,7,-1,-1,-1,-1,-1,-1,2,3,8,15,-1,hi,11,15,12,-1118,1936,-1,-1,-1,-1,-1,-1,dif_high_output_gets_(lo-hi)_times_twiddle
ntt32_butterfly_operand,1,0,2,v6,0,-1,-1,-1,-1,-1,-1,2,3,8,16,-1,lo,16,20,0,-147,1,-1,-1,-1,-1,-1,-1,low_operand_for_dif_butterfly
ntt32_butterfly_operand,1,0,2,v6,4,-1,-1,-1,-1,-1,-1,2,3,8,20,-1,hi,16,20,0,-147,1,-1,-1,-1,-1,-1,-1,dif_high_output_gets_(lo-hi)_times_twiddle
ntt32_butterfly_operand,1,0,2,v6,1,-1,-1,-1,-1,-1,-1,2,3,8,17,-1,lo,17,21,4,109,1716,-1,-1,-1,-1,-1,-1,low_operand_for_dif_butterfly
ntt32_butterfly_operand,1,0,2,v6,5,-1,-1,-1,-1,-1,-1,2,3,8,21,-1,hi,17,21,4,109,1716,-1,-1,-1,-1,-1,-1,dif_high_output_gets_(lo-hi)_times_twiddle
ntt32_butterfly_operand,1,0,2,v6,2,-1,-1,-1,-1,-1,-1,2,3,8,18,-1,lo,18,22,8,366,2749,-1,-1,-1,-1,-1,-1,low_operand_for_dif_butterfly
ntt32_butterfly_operand,1,0,2,v6,6,-1,-1,-1,-1,-1,-1,2,3,8,22,-1,hi,18,22,8,366,2749,-1,-1,-1,-1,-1,-1,dif_high_output_gets_(lo-hi)_times_twiddle
ntt32_butterfly_operand,1,0,2,v6,3,-1,-1,-1,-1,-1,-1,2,3,8,19,-1,lo,19,23,12,-1118,1936,-1,-1,-1,-1,-1,-1,low_operand_for_dif_butterfly
ntt32_butterfly_operand,1,0,2,v6,7,-1,-1,-1,-1,-1,-1,2,3,8,23,-1,hi,19,23,12,-1118,1936,-1,-1,-1,-1,-1,-1,dif_high_output_gets_(lo-hi)_times_twiddle
ntt32_butterfly_operand,1,0,3,v7,0,-1,-1,-1,-1,-1,-1,2,3,8,24,-1,lo,24,28,0,-147,1,-1,-1,-1,-1,-1,-1,low_operand_for_dif_butterfly
ntt32_butterfly_operand,1,0,3,v7,4,-1,-1,-1,-1,-1,-1,2,3,8,28,-1,hi,24,28,0,-147,1,-1,-1,-1,-1,-1,-1,dif_high_output_gets_(lo-hi)_times_twiddle
ntt32_butterfly_operand,1,0,3,v7,1,-1,-1,-1,-1,-1,-1,2,3,8,25,-1,lo,25,29,4,109,1716,-1,-1,-1,-1,-1,-1,low_operand_for_dif_butterfly
ntt32_butterfly_operand,1,0,3,v7,5,-1,-1,-1,-1,-1,-1,2,3,8,29,-1,hi,25,29,4,109,1716,-1,-1,-1,-1,-1,-1,dif_high_output_gets_(lo-hi)_times_twiddle
ntt32_butterfly_operand,1,0,3,v7,2,-1,-1,-1,-1,-1,-1,2,3,8,26,-1,lo,26,30,8,366,2749,-1,-1,-1,-1,-1,-1,low_operand_for_dif_butterfly
ntt32_butterfly_operand,1,0,3,v7,6,-1,-1,-1,-1,-1,-1,2,3,8,30,-1,hi,26,30,8,366,2749,-1,-1,-1,-1,-1,-1,dif_high_output_gets_(lo-hi)_times_twiddle
ntt32_butterfly_operand,1,0,3,v7,3,-1,-1,-1,-1,-1,-1,2,3,8,27,-1,lo,27,31,12,-1118,1936,-1,-1,-1,-1,-1,-1,low_operand_for_dif_butterfly
ntt32_butterfly_operand,1,0,3,v7,7,-1,-1,-1,-1,-1,-1,2,3,8,31,-1,hi,27,31,12,-1118,1936,-1,-1,-1,-1,-1,-1,dif_high_output_gets_(lo-hi)_times_twiddle
ntt32_butterfly_operand,1,0,0,v4,0,-1,-1,-1,-1,-1,-1,2,4,4,0,-1,lo,0,2,0,-147,1,-1,-1,-1,-1,-1,-1,low_operand_for_dif_butterfly
ntt32_butterfly_operand,1,0,0,v4,2,-1,-1,-1,-1,-1,-1,2,4,4,2,-1,hi,0,2,0,-147,1,-1,-1,-1,-1,-1,-1,dif_high_output_gets_(lo-hi)_times_twiddle
ntt32_butterfly_operand,1,0,0,v4,1,-1,-1,-1,-1,-1,-1,2,4,4,1,-1,lo,1,3,8,366,2749,-1,-1,-1,-1,-1,-1,low_operand_for_dif_butterfly
ntt32_butterfly_operand,1,0,0,v4,3,-1,-1,-1,-1,-1,-1,2,4,4,3,-1,hi,1,3,8,366,2749,-1,-1,-1,-1,-1,-1,dif_high_output_gets_(lo-hi)_times_twiddle
ntt32_butterfly_operand,1,0,0,v4,4,-1,-1,-1,-1,-1,-1,2,4,4,4,-1,lo,4,6,0,-147,1,-1,-1,-1,-1,-1,-1,low_operand_for_dif_butterfly
ntt32_butterfly_operand,1,0,0,v4,6,-1,-1,-1,-1,-1,-1,2,4,4,6,-1,hi,4,6,0,-147,1,-1,-1,-1,-1,-1,-1,dif_high_output_gets_(lo-hi)_times_twiddle
ntt32_butterfly_operand,1,0,0,v4,5,-1,-1,-1,-1,-1,-1,2,4,4,5,-1,lo,5,7,8,366,2749,-1,-1,-1,-1,-1,-1,low_operand_for_dif_butterfly
ntt32_butterfly_operand,1,0,0,v4,7,-1,-1,-1,-1,-1,-1,2,4,4,7,-1,hi,5,7,8,366,2749,-1,-1,-1,-1,-1,-1,dif_high_output_gets_(lo-hi)_times_twiddle
ntt32_butterfly_operand,1,0,1,v5,0,-1,-1,-1,-1,-1,-1,2,4,4,8,-1,lo,8,10,0,-147,1,-1,-1,-1,-1,-1,-1,low_operand_for_dif_butterfly
ntt32_butterfly_operand,1,0,1,v5,2,-1,-1,-1,-1,-1,-1,2,4,4,10,-1,hi,8,10,0,-147,1,-1,-1,-1,-1,-1,-1,dif_high_output_gets_(lo-hi)_times_twiddle
ntt32_butterfly_operand,1,0,1,v5,1,-1,-1,-1,-1,-1,-1,2,4,4,9,-1,lo,9,11,8,366,2749,-1,-1,-1,-1,-1,-1,low_operand_for_dif_butterfly
ntt32_butterfly_operand,1,0,1,v5,3,-1,-1,-1,-1,-1,-1,2,4,4,11,-1,hi,9,11,8,366,2749,-1,-1,-1,-1,-1,-1,dif_high_output_gets_(lo-hi)_times_twiddle
ntt32_butterfly_operand,1,0,1,v5,4,-1,-1,-1,-1,-1,-1,2,4,4,12,-1,lo,12,14,0,-147,1,-1,-1,-1,-1,-1,-1,low_operand_for_dif_butterfly
ntt32_butterfly_operand,1,0,1,v5,6,-1,-1,-1,-1,-1,-1,2,4,4,14,-1,hi,12,14,0,-147,1,-1,-1,-1,-1,-1,-1,dif_high_output_gets_(lo-hi)_times_twiddle
ntt32_butterfly_operand,1,0,1,v5,5,-1,-1,-1,-1,-1,-1,2,4,4,13,-1,lo,13,15,8,366,2749,-1,-1,-1,-1,-1,-1,low_operand_for_dif_butterfly
ntt32_butterfly_operand,1,0,1,v5,7,-1,-1,-1,-1,-1,-1,2,4,4,15,-1,hi,13,15,8,366,2749,-1,-1,-1,-1,-1,-1,dif_high_output_gets_(lo-hi)_times_twiddle
ntt32_butterfly_operand,1,0,2,v6,0,-1,-1,-1,-1,-1,-1,2,4,4,16,-1,lo,16,18,0,-147,1,-1,-1,-1,-1,-1,-1,low_operand_for_dif_butterfly
ntt32_butterfly_operand,1,0,2,v6,2,-1,-1,-1,-1,-1,-1,2,4,4,18,-1,hi,16,18,0,-147,1,-1,-1,-1,-1,-1,-1,dif_high_output_gets_(lo-hi)_times_twiddle
ntt32_butterfly_operand,1,0,2,v6,1,-1,-1,-1,-1,-1,-1,2,4,4,17,-1,lo,17,19,8,366,2749,-1,-1,-1,-1,-1,-1,low_operand_for_dif_butterfly
ntt32_butterfly_operand,1,0,2,v6,3,-1,-1,-1,-1,-1,-1,2,4,4,19,-1,hi,17,19,8,366,2749,-1,-1,-1,-1,-1,-1,dif_high_output_gets_(lo-hi)_times_twiddle
ntt32_butterfly_operand,1,0,2,v6,4,-1,-1,-1,-1,-1,-1,2,4,4,20,-1,lo,20,22,0,-147,1,-1,-1,-1,-1,-1,-1,low_operand_for_dif_butterfly
ntt32_butterfly_operand,1,0,2,v6,6,-1,-1,-1,-1,-1,-1,2,4,4,22,-1,hi,20,22,0,-147,1,-1,-1,-1,-1,-1,-1,dif_high_output_gets_(lo-hi)_times_twiddle
ntt32_butterfly_operand,1,0,2,v6,5,-1,-1,-1,-1,-1,-1,2,4,4,21,-1,lo,21,23,8,366,2749,-1,-1,-1,-1,-1,-1,low_operand_for_dif_butterfly
ntt32_butterfly_operand,1,0,2,v6,7,-1,-1,-1,-1,-1,-1,2,4,4,23,-1,hi,21,23,8,366,2749,-1,-1,-1,-1,-1,-1,dif_high_output_gets_(lo-hi)_times_twiddle
ntt32_butterfly_operand,1,0,3,v7,0,-1,-1,-1,-1,-1,-1,2,4,4,24,-1,lo,24,26,0,-147,1,-1,-1,-1,-1,-1,-1,low_operand_for_dif_butterfly
ntt32_butterfly_operand,1,0,3,v7,2,-1,-1,-1,-1,-1,-1,2,4,4,26,-1,hi,24,26,0,-147,1,-1,-1,-1,-1,-1,-1,dif_high_output_gets_(lo-hi)_times_twiddle
ntt32_butterfly_operand,1,0,3,v7,1,-1,-1,-1,-1,-1,-1,2,4,4,25,-1,lo,25,27,8,366,2749,-1,-1,-1,-1,-1,-1,low_operand_for_dif_butterfly
ntt32_butterfly_operand,1,0,3,v7,3,-1,-1,-1,-1,-1,-1,2,4,4,27,-1,hi,25,27,8,366,2749,-1,-1,-1,-1,-1,-1,dif_high_output_gets_(lo-hi)_times_twiddle
ntt32_butterfly_operand,1,0,3,v7,4,-1,-1,-1,-1,-1,-1,2,4,4,28,-1,lo,28,30,0,-147,1,-1,-1,-1,-1,-1,-1,low_operand_for_dif_butterfly
ntt32_butterfly_operand,1,0,3,v7,6,-1,-1,-1,-1,-1,-1,2,4,4,30,-1,hi,28,30,0,-147,1,-1,-1,-1,-1,-1,-1,dif_high_output_gets_(lo-hi)_times_twiddle
ntt32_butterfly_operand,1,0,3,v7,5,-1,-1,-1,-1,-1,-1,2,4,4,29,-1,lo,29,31,8,366,2749,-1,-1,-1,-1,-1,-1,low_operand_for_dif_butterfly
ntt32_butterfly_operand,1,0,3,v7,7,-1,-1,-1,-1,-1,-1,2,4,4,31,-1,hi,29,31,8,366,2749,-1,-1,-1,-1,-1,-1,dif_high_output_gets_(lo-hi)_times_twiddle
input_crt_pack,1,1,0,v4,0,385,1,0,0,0,0,-1,-1,-1,-1,-1,source,-1,-1,0,-147,1,-1,-1,-1,-1,-1,-1,physical_source_then_twist_by_twist_index
input_crt_pack,1,1,0,v4,1,517,133,33,33,0,1,-1,-1,-1,-1,-1,source,-1,-1,0,-147,1,-1,-1,-1,-1,-1,-1,physical_source_then_twist_by_twist_index
input_crt_pack,1,1,0,v4,2,649,265,66,66,0,2,-1,-1,-1,-1,-1,source,-1,-1,0,-147,1,-1,-1,-1,-1,-1,-1,physical_source_then_twist_by_twist_index
input_crt_pack,1,1,0,v4,3,397,13,3,3,0,3,-1,-1,-1,-1,-1,source,-1,-1,0,-147,1,-1,-1,-1,-1,-1,-1,physical_source_then_twist_by_twist_index
input_crt_pack,1,1,0,v4,4,529,145,36,36,0,4,-1,-1,-1,-1,-1,source,-1,-1,0,-147,1,-1,-1,-1,-1,-1,-1,physical_source_then_twist_by_twist_index
input_crt_pack,1,1,0,v4,5,661,277,69,69,0,5,-1,-1,-1,-1,-1,source,-1,-1,0,-147,1,-1,-1,-1,-1,-1,-1,physical_source_then_twist_by_twist_index
input_crt_pack,1,1,0,v4,6,409,25,6,6,0,6,-1,-1,-1,-1,-1,source,-1,-1,0,-147,1,-1,-1,-1,-1,-1,-1,physical_source_then_twist_by_twist_index
input_crt_pack,1,1,0,v4,7,541,157,39,39,0,7,-1,-1,-1,-1,-1,source,-1,-1,0,-147,1,-1,-1,-1,-1,-1,-1,physical_source_then_twist_by_twist_index
input_crt_pack,1,1,0,v5,0,641,257,64,64,1,0,-1,-1,-1,-1,-1,source,-1,-1,0,-147,1,-1,-1,-1,-1,-1,-1,physical_source_then_twist_by_twist_index
input_crt_pack,1,1,0,v5,1,389,5,1,1,1,1,-1,-1,-1,-1,-1,source,-1,-1,0,-147,1,-1,-1,-1,-1,-1,-1,physical_source_then_twist_by_twist_index
input_crt_pack,1,1,0,v5,2,521,137,34,34,1,2,-1,-1,-1,-1,-1,source,-1,-1,0,-147,1,-1,-1,-1,-1,-1,-1,physical_source_then_twist_by_twist_index
input_crt_pack,1,1,0,v5,3,653,269,67,67,1,3,-1,-1,-1,-1,-1,source,-1,-1,0,-147,1,-1,-1,-1,-1,-1,-1,physical_source_then_twist_by_twist_index
input_crt_pack,1,1,0,v5,4,401,17,4,4,1,4,-1,-1,-1,-1,-1,source,-1,-1,0,-147,1,-1,-1,-1,-1,-1,-1,physical_source_then_twist_by_twist_index
input_crt_pack,1,1,0,v5,5,533,149,37,37,1,5,-1,-1,-1,-1,-1,source,-1,-1,0,-147,1,-1,-1,-1,-1,-1,-1,physical_source_then_twist_by_twist_index
input_crt_pack,1,1,0,v5,6,665,281,70,70,1,6,-1,-1,-1,-1,-1,source,-1,-1,0,-147,1,-1,-1,-1,-1,-1,-1,physical_source_then_twist_by_twist_index
input_crt_pack,1,1,0,v5,7,413,29,7,7,1,7,-1,-1,-1,-1,-1,source,-1,-1,0,-147,1,-1,-1,-1,-1,-1,-1,physical_source_then_twist_by_twist_index
input_crt_pack,1,1,0,v6,0,513,129,32,32,2,0,-1,-1,-1,-1,-1,source,-1,-1,0,-147,1,-1,-1,-1,-1,-1,-1,physical_source_then_twist_by_twist_index
input_crt_pack,1,1,0,v6,1,645,261,65,65,2,1,-1,-1,-1,-1,-1,source,-1,-1,0,-147,1,-1,-1,-1,-1,-1,-1,physical_source_then_twist_by_twist_index
input_crt_pack,1,1,0,v6,2,393,9,2,2,2,2,-1,-1,-1,-1,-1,source,-1,-1,0,-147,1,-1,-1,-1,-1,-1,-1,physical_source_then_twist_by_twist_index
input_crt_pack,1,1,0,v6,3,525,141,35,35,2,3,-1,-1,-1,-1,-1,source,-1,-1,0,-147,1,-1,-1,-1,-1,-1,-1,physical_source_then_twist_by_twist_index
input_crt_pack,1,1,0,v6,4,657,273,68,68,2,4,-1,-1,-1,-1,-1,source,-1,-1,0,-147,1,-1,-1,-1,-1,-1,-1,physical_source_then_twist_by_twist_index
input_crt_pack,1,1,0,v6,5,405,21,5,5,2,5,-1,-1,-1,-1,-1,source,-1,-1,0,-147,1,-1,-1,-1,-1,-1,-1,physical_source_then_twist_by_twist_index
input_crt_pack,1,1,0,v6,6,537,153,38,38,2,6,-1,-1,-1,-1,-1,source,-1,-1,0,-147,1,-1,-1,-1,-1,-1,-1,physical_source_then_twist_by_twist_index
input_crt_pack,1,1,0,v6,7,669,285,71,71,2,7,-1,-1,-1,-1,-1,source,-1,-1,0,-147,1,-1,-1,-1,-1,-1,-1,physical_source_then_twist_by_twist_index
dft3_output_pack,1,1,0,v4,0,-1,-1,-1,-1,-1,0,0,-1,-1,-1,-1,dft_output,-1,-1,0,-147,1,385,641,513,0,64,32,linear_combination_of_three_input_crt_sources
dft3_output_pack,1,1,0,v4,1,-1,-1,-1,-1,-1,1,0,-1,-1,-1,-1,dft_output,-1,-1,0,-147,1,517,389,645,33,1,65,linear_combination_of_three_input_crt_sources
dft3_output_pack,1,1,0,v4,2,-1,-1,-1,-1,-1,2,0,-1,-1,-1,-1,dft_output,-1,-1,0,-147,1,649,521,393,66,34,2,linear_combination_of_three_input_crt_sources
dft3_output_pack,1,1,0,v4,3,-1,-1,-1,-1,-1,3,0,-1,-1,-1,-1,dft_output,-1,-1,0,-147,1,397,653,525,3,67,35,linear_combination_of_three_input_crt_sources
dft3_output_pack,1,1,0,v4,4,-1,-1,-1,-1,-1,4,0,-1,-1,-1,-1,dft_output,-1,-1,0,-147,1,529,401,657,36,4,68,linear_combination_of_three_input_crt_sources
dft3_output_pack,1,1,0,v4,5,-1,-1,-1,-1,-1,5,0,-1,-1,-1,-1,dft_output,-1,-1,0,-147,1,661,533,405,69,37,5,linear_combination_of_three_input_crt_sources
dft3_output_pack,1,1,0,v4,6,-1,-1,-1,-1,-1,6,0,-1,-1,-1,-1,dft_output,-1,-1,0,-147,1,409,665,537,6,70,38,linear_combination_of_three_input_crt_sources
dft3_output_pack,1,1,0,v4,7,-1,-1,-1,-1,-1,7,0,-1,-1,-1,-1,dft_output,-1,-1,0,-147,1,541,413,669,39,7,71,linear_combination_of_three_input_crt_sources
dft3_output_pack,1,1,0,v5,0,-1,-1,-1,-1,-1,0,1,-1,-1,-1,-1,dft_output,-1,-1,0,-147,1,385,641,513,0,64,32,linear_combination_of_three_input_crt_sources
dft3_output_pack,1,1,0,v5,1,-1,-1,-1,-1,-1,1,1,-1,-1,-1,-1,dft_output,-1,-1,0,-147,1,517,389,645,33,1,65,linear_combination_of_three_input_crt_sources
dft3_output_pack,1,1,0,v5,2,-1,-1,-1,-1,-1,2,1,-1,-1,-1,-1,dft_output,-1,-1,0,-147,1,649,521,393,66,34,2,linear_combination_of_three_input_crt_sources
dft3_output_pack,1,1,0,v5,3,-1,-1,-1,-1,-1,3,1,-1,-1,-1,-1,dft_output,-1,-1,0,-147,1,397,653,525,3,67,35,linear_combination_of_three_input_crt_sources
dft3_output_pack,1,1,0,v5,4,-1,-1,-1,-1,-1,4,1,-1,-1,-1,-1,dft_output,-1,-1,0,-147,1,529,401,657,36,4,68,linear_combination_of_three_input_crt_sources
dft3_output_pack,1,1,0,v5,5,-1,-1,-1,-1,-1,5,1,-1,-1,-1,-1,dft_output,-1,-1,0,-147,1,661,533,405,69,37,5,linear_combination_of_three_input_crt_sources
dft3_output_pack,1,1,0,v5,6,-1,-1,-1,-1,-1,6,1,-1,-1,-1,-1,dft_output,-1,-1,0,-147,1,409,665,537,6,70,38,linear_combination_of_three_input_crt_sources
dft3_output_pack,1,1,0,v5,7,-1,-1,-1,-1,-1,7,1,-1,-1,-1,-1,dft_output,-1,-1,0,-147,1,541,413,669,39,7,71,linear_combination_of_three_input_crt_sources
dft3_output_pack,1,1,0,v6,0,-1,-1,-1,-1,-1,0,2,-1,-1,-1,-1,dft_output,-1,-1,0,-147,1,385,641,513,0,64,32,linear_combination_of_three_input_crt_sources
dft3_output_pack,1,1,0,v6,1,-1,-1,-1,-1,-1,1,2,-1,-1,-1,-1,dft_output,-1,-1,0,-147,1,517,389,645,33,1,65,linear_combination_of_three_input_crt_sources
dft3_output_pack,1,1,0,v6,2,-1,-1,-1,-1,-1,2,2,-1,-1,-1,-1,dft_output,-1,-1,0,-147,1,649,521,393,66,34,2,linear_combination_of_three_input_crt_sources
dft3_output_pack,1,1,0,v6,3,-1,-1,-1,-1,-1,3,2,-1,-1,-1,-1,dft_output,-1,-1,0,-147,1,397,653,525,3,67,35,linear_combination_of_three_input_crt_sources
dft3_output_pack,1,1,0,v6,4,-1,-1,-1,-1,-1,4,2,-1,-1,-1,-1,dft_output,-1,-1,0,-147,1,529,401,657,36,4,68,linear_combination_of_three_input_crt_sources
dft3_output_pack,1,1,0,v6,5,-1,-1,-1,-1,-1,5,2,-1,-1,-1,-1,dft_output,-1,-1,0,-147,1,661,533,405,69,37,5,linear_combination_of_three_input_crt_sources
dft3_output_pack,1,1,0,v6,6,-1,-1,-1,-1,-1,6,2,-1,-1,-1,-1,dft_output,-1,-1,0,-147,1,409,665,537,6,70,38,linear_combination_of_three_input_crt_sources
dft3_output_pack,1,1,0,v6,7,-1,-1,-1,-1,-1,7,2,-1,-1,-1,-1,dft_output,-1,-1,0,-147,1,541,413,669,39,7,71,linear_combination_of_three_input_crt_sources
input_crt_pack,1,1,1,v4,0,673,289,72,72,0,8,-1,-1,-1,-1,-1,source,-1,-1,0,-147,1,-1,-1,-1,-1,-1,-1,physical_source_then_twist_by_twist_index
input_crt_pack,1,1,1,v4,1,421,37,9,9,0,9,-1,-1,-1,-1,-1,source,-1,-1,0,-147,1,-1,-1,-1,-1,-1,-1,physical_source_then_twist_by_twist_index
input_crt_pack,1,1,1,v4,2,553,169,42,42,0,10,-1,-1,-1,-1,-1,source,-1,-1,0,-147,1,-1,-1,-1,-1,-1,-1,physical_source_then_twist_by_twist_index
input_crt_pack,1,1,1,v4,3,685,301,75,75,0,11,-1,-1,-1,-1,-1,source,-1,-1,0,-147,1,-1,-1,-1,-1,-1,-1,physical_source_then_twist_by_twist_index
input_crt_pack,1,1,1,v4,4,433,49,12,12,0,12,-1,-1,-1,-1,-1,source,-1,-1,0,-147,1,-1,-1,-1,-1,-1,-1,physical_source_then_twist_by_twist_index
input_crt_pack,1,1,1,v4,5,565,181,45,45,0,13,-1,-1,-1,-1,-1,source,-1,-1,0,-147,1,-1,-1,-1,-1,-1,-1,physical_source_then_twist_by_twist_index
input_crt_pack,1,1,1,v4,6,697,313,78,78,0,14,-1,-1,-1,-1,-1,source,-1,-1,0,-147,1,-1,-1,-1,-1,-1,-1,physical_source_then_twist_by_twist_index
input_crt_pack,1,1,1,v4,7,445,61,15,15,0,15,-1,-1,-1,-1,-1,source,-1,-1,0,-147,1,-1,-1,-1,-1,-1,-1,physical_source_then_twist_by_twist_index
input_crt_pack,1,1,1,v5,0,545,161,40,40,1,8,-1,-1,-1,-1,-1,source,-1,-1,0,-147,1,-1,-1,-1,-1,-1,-1,physical_source_then_twist_by_twist_index
input_crt_pack,1,1,1,v5,1,677,293,73,73,1,9,-1,-1,-1,-1,-1,source,-1,-1,0,-147,1,-1,-1,-1,-1,-1,-1,physical_source_then_twist_by_twist_index
input_crt_pack,1,1,1,v5,2,425,41,10,10,1,10,-1,-1,-1,-1,-1,source,-1,-1,0,-147,1,-1,-1,-1,-1,-1,-1,physical_source_then_twist_by_twist_index
input_crt_pack,1,1,1,v5,3,557,173,43,43,1,11,-1,-1,-1,-1,-1,source,-1,-1,0,-147,1,-1,-1,-1,-1,-1,-1,physical_source_then_twist_by_twist_index
input_crt_pack,1,1,1,v5,4,689,305,76,76,1,12,-1,-1,-1,-1,-1,source,-1,-1,0,-147,1,-1,-1,-1,-1,-1,-1,physical_source_then_twist_by_twist_index
input_crt_pack,1,1,1,v5,5,437,53,13,13,1,13,-1,-1,-1,-1,-1,source,-1,-1,0,-147,1,-1,-1,-1,-1,-1,-1,physical_source_then_twist_by_twist_index
input_crt_pack,1,1,1,v5,6,569,185,46,46,1,14,-1,-1,-1,-1,-1,source,-1,-1,0,-147,1,-1,-1,-1,-1,-1,-1,physical_source_then_twist_by_twist_index
input_crt_pack,1,1,1,v5,7,701,317,79,79,1,15,-1,-1,-1,-1,-1,source,-1,-1,0,-147,1,-1,-1,-1,-1,-1,-1,physical_source_then_twist_by_twist_index
input_crt_pack,1,1,1,v6,0,417,33,8,8,2,8,-1,-1,-1,-1,-1,source,-1,-1,0,-147,1,-1,-1,-1,-1,-1,-1,physical_source_then_twist_by_twist_index
input_crt_pack,1,1,1,v6,1,549,165,41,41,2,9,-1,-1,-1,-1,-1,source,-1,-1,0,-147,1,-1,-1,-1,-1,-1,-1,physical_source_then_twist_by_twist_index
input_crt_pack,1,1,1,v6,2,681,297,74,74,2,10,-1,-1,-1,-1,-1,source,-1,-1,0,-147,1,-1,-1,-1,-1,-1,-1,physical_source_then_twist_by_twist_index
input_crt_pack,1,1,1,v6,3,429,45,11,11,2,11,-1,-1,-1,-1,-1,source,-1,-1,0,-147,1,-1,-1,-1,-1,-1,-1,physical_source_then_twist_by_twist_index
input_crt_pack,1,1,1,v6,4,561,177,44,44,2,12,-1,-1,-1,-1,-1,source,-1,-1,0,-147,1,-1,-1,-1,-1,-1,-1,physical_source_then_twist_by_twist_index
input_crt_pack,1,1,1,v6,5,693,309,77,77,2,13,-1,-1,-1,-1,-1,source,-1,-1,0,-147,1,-1,-1,-1,-1,-1,-1,physical_source_then_twist_by_twist_index
input_crt_pack,1,1,1,v6,6,441,57,14,14,2,14,-1,-1,-1,-1,-1,source,-1,-1,0,-147,1,-1,-1,-1,-1,-1,-1,physical_source_then_twist_by_twist_index
input_crt_pack,1,1,1,v6,7,573,189,47,47,2,15,-1,-1,-1,-1,-1,source,-1,-1,0,-147,1,-1,-1,-1,-1,-1,-1,physical_source_then_twist_by_twist_index
dft3_output_pack,1,1,1,v4,0,-1,-1,-1,-1,-1,8,0,-1,-1,-1,-1,dft_output,-1,-1,0,-147,1,673,545,417,72,40,8,linear_combination_of_three_input_crt_sources
dft3_output_pack,1,1,1,v4,1,-1,-1,-1,-1,-1,9,0,-1,-1,-1,-1,dft_output,-1,-1,0,-147,1,421,677,549,9,73,41,linear_combination_of_three_input_crt_sources
dft3_output_pack,1,1,1,v4,2,-1,-1,-1,-1,-1,10,0,-1,-1,-1,-1,dft_output,-1,-1,0,-147,1,553,425,681,42,10,74,linear_combination_of_three_input_crt_sources
dft3_output_pack,1,1,1,v4,3,-1,-1,-1,-1,-1,11,0,-1,-1,-1,-1,dft_output,-1,-1,0,-147,1,685,557,429,75,43,11,linear_combination_of_three_input_crt_sources
dft3_output_pack,1,1,1,v4,4,-1,-1,-1,-1,-1,12,0,-1,-1,-1,-1,dft_output,-1,-1,0,-147,1,433,689,561,12,76,44,linear_combination_of_three_input_crt_sources
dft3_output_pack,1,1,1,v4,5,-1,-1,-1,-1,-1,13,0,-1,-1,-1,-1,dft_output,-1,-1,0,-147,1,565,437,693,45,13,77,linear_combination_of_three_input_crt_sources
dft3_output_pack,1,1,1,v4,6,-1,-1,-1,-1,-1,14,0,-1,-1,-1,-1,dft_output,-1,-1,0,-147,1,697,569,441,78,46,14,linear_combination_of_three_input_crt_sources
dft3_output_pack,1,1,1,v4,7,-1,-1,-1,-1,-1,15,0,-1,-1,-1,-1,dft_output,-1,-1,0,-147,1,445,701,573,15,79,47,linear_combination_of_three_input_crt_sources
dft3_output_pack,1,1,1,v5,0,-1,-1,-1,-1,-1,8,1,-1,-1,-1,-1,dft_output,-1,-1,0,-147,1,673,545,417,72,40,8,linear_combination_of_three_input_crt_sources
dft3_output_pack,1,1,1,v5,1,-1,-1,-1,-1,-1,9,1,-1,-1,-1,-1,dft_output,-1,-1,0,-147,1,421,677,549,9,73,41,linear_combination_of_three_input_crt_sources
dft3_output_pack,1,1,1,v5,2,-1,-1,-1,-1,-1,10,1,-1,-1,-1,-1,dft_output,-1,-1,0,-147,1,553,425,681,42,10,74,linear_combination_of_three_input_crt_sources
dft3_output_pack,1,1,1,v5,3,-1,-1,-1,-1,-1,11,1,-1,-1,-1,-1,dft_output,-1,-1,0,-147,1,685,557,429,75,43,11,linear_combination_of_three_input_crt_sources
dft3_output_pack,1,1,1,v5,4,-1,-1,-1,-1,-1,12,1,-1,-1,-1,-1,dft_output,-1,-1,0,-147,1,433,689,561,12,76,44,linear_combination_of_three_input_crt_sources
dft3_output_pack,1,1,1,v5,5,-1,-1,-1,-1,-1,13,1,-1,-1,-1,-1,dft_output,-1,-1,0,-147,1,565,437,693,45,13,77,linear_combination_of_three_input_crt_sources
dft3_output_pack,1,1,1,v5,6,-1,-1,-1,-1,-1,14,1,-1,-1,-1,-1,dft_output,-1,-1,0,-147,1,697,569,441,78,46,14,linear_combination_of_three_input_crt_sources
dft3_output_pack,1,1,1,v5,7,-1,-1,-1,-1,-1,15,1,-1,-1,-1,-1,dft_output,-1,-1,0,-147,1,445,701,573,15,79,47,linear_combination_of_three_input_crt_sources
dft3_output_pack,1,1,1,v6,0,-1,-1,-1,-1,-1,8,2,-1,-1,-1,-1,dft_output,-1,-1,0,-147,1,673,545,417,72,40,8,linear_combination_of_three_input_crt_sources
dft3_output_pack,1,1,1,v6,1,-1,-1,-1,-1,-1,9,2,-1,-1,-1,-1,dft_output,-1,-1,0,-147,1,421,677,549,9,73,41,linear_combination_of_three_input_crt_sources
dft3_output_pack,1,1,1,v6,2,-1,-1,-1,-1,-1,10,2,-1,-1,-1,-1,dft_output,-1,-1,0,-147,1,553,425,681,42,10,74,linear_combination_of_three_input_crt_sources
dft3_output_pack,1,1,1,v6,3,-1,-1,-1,-1,-1,11,2,-1,-1,-1,-1,dft_output,-1,-1,0,-147,1,685,557,429,75,43,11,linear_combination_of_three_input_crt_sources
dft3_output_pack,1,1,1,v6,4,-1,-1,-1,-1,-1,12,2,-1,-1,-1,-1,dft_output,-1,-1,0,-147,1,433,689,561,12,76,44,linear_combination_of_three_input_crt_sources
dft3_output_pack,1,1,1,v6,5,-1,-1,-1,-1,-1,13,2,-1,-1,-1,-1,dft_output,-1,-1,0,-147,1,565,437,693,45,13,77,linear_combination_of_three_input_crt_sources
dft3_output_pack,1,1,1,v6,6,-1,-1,-1,-1,-1,14,2,-1,-1,-1,-1,dft_output,-1,-1,0,-147,1,697,569,441,78,46,14,linear_combination_of_three_input_crt_sources
dft3_output_pack,1,1,1,v6,7,-1,-1,-1,-1,-1,15,2,-1,-1,-1,-1,dft_output,-1,-1,0,-147,1,445,701,573,15,79,47,linear_combination_of_three_input_crt_sources
input_crt_pack,1,1,2,v4,0,577,193,48,48,0,16,-1,-1,-1,-1,-1,source,-1,-1,0,-147,1,-1,-1,-1,-1,-1,-1,physical_source_then_twist_by_twist_index
input_crt_pack,1,1,2,v4,1,709,325,81,81,0,17,-1,-1,-1,-1,-1,source,-1,-1,0,-147,1,-1,-1,-1,-1,-1,-1,physical_source_then_twist_by_twist_index
input_crt_pack,1,1,2,v4,2,457,73,18,18,0,18,-1,-1,-1,-1,-1,source,-1,-1,0,-147,1,-1,-1,-1,-1,-1,-1,physical_source_then_twist_by_twist_index
input_crt_pack,1,1,2,v4,3,589,205,51,51,0,19,-1,-1,-1,-1,-1,source,-1,-1,0,-147,1,-1,-1,-1,-1,-1,-1,physical_source_then_twist_by_twist_index
input_crt_pack,1,1,2,v4,4,721,337,84,84,0,20,-1,-1,-1,-1,-1,source,-1,-1,0,-147,1,-1,-1,-1,-1,-1,-1,physical_source_then_twist_by_twist_index
input_crt_pack,1,1,2,v4,5,469,85,21,21,0,21,-1,-1,-1,-1,-1,source,-1,-1,0,-147,1,-1,-1,-1,-1,-1,-1,physical_source_then_twist_by_twist_index
input_crt_pack,1,1,2,v4,6,601,217,54,54,0,22,-1,-1,-1,-1,-1,source,-1,-1,0,-147,1,-1,-1,-1,-1,-1,-1,physical_source_then_twist_by_twist_index
input_crt_pack,1,1,2,v4,7,733,349,87,87,0,23,-1,-1,-1,-1,-1,source,-1,-1,0,-147,1,-1,-1,-1,-1,-1,-1,physical_source_then_twist_by_twist_index
input_crt_pack,1,1,2,v5,0,449,65,16,16,1,16,-1,-1,-1,-1,-1,source,-1,-1,0,-147,1,-1,-1,-1,-1,-1,-1,physical_source_then_twist_by_twist_index
input_crt_pack,1,1,2,v5,1,581,197,49,49,1,17,-1,-1,-1,-1,-1,source,-1,-1,0,-147,1,-1,-1,-1,-1,-1,-1,physical_source_then_twist_by_twist_index
input_crt_pack,1,1,2,v5,2,713,329,82,82,1,18,-1,-1,-1,-1,-1,source,-1,-1,0,-147,1,-1,-1,-1,-1,-1,-1,physical_source_then_twist_by_twist_index
input_crt_pack,1,1,2,v5,3,461,77,19,19,1,19,-1,-1,-1,-1,-1,source,-1,-1,0,-147,1,-1,-1,-1,-1,-1,-1,physical_source_then_twist_by_twist_index
input_crt_pack,1,1,2,v5,4,593,209,52,52,1,20,-1,-1,-1,-1,-1,source,-1,-1,0,-147,1,-1,-1,-1,-1,-1,-1,physical_source_then_twist_by_twist_index
input_crt_pack,1,1,2,v5,5,725,341,85,85,1,21,-1,-1,-1,-1,-1,source,-1,-1,0,-147,1,-1,-1,-1,-1,-1,-1,physical_source_then_twist_by_twist_index
input_crt_pack,1,1,2,v5,6,473,89,22,22,1,22,-1,-1,-1,-1,-1,source,-1,-1,0,-147,1,-1,-1,-1,-1,-1,-1,physical_source_then_twist_by_twist_index
input_crt_pack,1,1,2,v5,7,605,221,55,55,1,23,-1,-1,-1,-1,-1,source,-1,-1,0,-147,1,-1,-1,-1,-1,-1,-1,physical_source_then_twist_by_twist_index
input_crt_pack,1,1,2,v6,0,705,321,80,80,2,16,-1,-1,-1,-1,-1,source,-1,-1,0,-147,1,-1,-1,-1,-1,-1,-1,physical_source_then_twist_by_twist_index
input_crt_pack,1,1,2,v6,1,453,69,17,17,2,17,-1,-1,-1,-1,-1,source,-1,-1,0,-147,1,-1,-1,-1,-1,-1,-1,physical_source_then_twist_by_twist_index
input_crt_pack,1,1,2,v6,2,585,201,50,50,2,18,-1,-1,-1,-1,-1,source,-1,-1,0,-147,1,-1,-1,-1,-1,-1,-1,physical_source_then_twist_by_twist_index
input_crt_pack,1,1,2,v6,3,717,333,83,83,2,19,-1,-1,-1,-1,-1,source,-1,-1,0,-147,1,-1,-1,-1,-1,-1,-1,physical_source_then_twist_by_twist_index
input_crt_pack,1,1,2,v6,4,465,81,20,20,2,20,-1,-1,-1,-1,-1,source,-1,-1,0,-147,1,-1,-1,-1,-1,-1,-1,physical_source_then_twist_by_twist_index
input_crt_pack,1,1,2,v6,5,597,213,53,53,2,21,-1,-1,-1,-1,-1,source,-1,-1,0,-147,1,-1,-1,-1,-1,-1,-1,physical_source_then_twist_by_twist_index
input_crt_pack,1,1,2,v6,6,729,345,86,86,2,22,-1,-1,-1,-1,-1,source,-1,-1,0,-147,1,-1,-1,-1,-1,-1,-1,physical_source_then_twist_by_twist_index
input_crt_pack,1,1,2,v6,7,477,93,23,23,2,23,-1,-1,-1,-1,-1,source,-1,-1,0,-147,1,-1,-1,-1,-1,-1,-1,physical_source_then_twist_by_twist_index
dft3_output_pack,1,1,2,v4,0,-1,-1,-1,-1,-1,16,0,-1,-1,-1,-1,dft_output,-1,-1,0,-147,1,577,449,705,48,16,80,linear_combination_of_three_input_crt_sources
dft3_output_pack,1,1,2,v4,1,-1,-1,-1,-1,-1,17,0,-1,-1,-1,-1,dft_output,-1,-1,0,-147,1,709,581,453,81,49,17,linear_combination_of_three_input_crt_sources
dft3_output_pack,1,1,2,v4,2,-1,-1,-1,-1,-1,18,0,-1,-1,-1,-1,dft_output,-1,-1,0,-147,1,457,713,585,18,82,50,linear_combination_of_three_input_crt_sources
dft3_output_pack,1,1,2,v4,3,-1,-1,-1,-1,-1,19,0,-1,-1,-1,-1,dft_output,-1,-1,0,-147,1,589,461,717,51,19,83,linear_combination_of_three_input_crt_sources
dft3_output_pack,1,1,2,v4,4,-1,-1,-1,-1,-1,20,0,-1,-1,-1,-1,dft_output,-1,-1,0,-147,1,721,593,465,84,52,20,linear_combination_of_three_input_crt_sources
dft3_output_pack,1,1,2,v4,5,-1,-1,-1,-1,-1,21,0,-1,-1,-1,-1,dft_output,-1,-1,0,-147,1,469,725,597,21,85,53,linear_combination_of_three_input_crt_sources
dft3_output_pack,1,1,2,v4,6,-1,-1,-1,-1,-1,22,0,-1,-1,-1,-1,dft_output,-1,-1,0,-147,1,601,473,729,54,22,86,linear_combination_of_three_input_crt_sources
dft3_output_pack,1,1,2,v4,7,-1,-1,-1,-1,-1,23,0,-1,-1,-1,-1,dft_output,-1,-1,0,-147,1,733,605,477,87,55,23,linear_combination_of_three_input_crt_sources
dft3_output_pack,1,1,2,v5,0,-1,-1,-1,-1,-1,16,1,-1,-1,-1,-1,dft_output,-1,-1,0,-147,1,577,449,705,48,16,80,linear_combination_of_three_input_crt_sources
dft3_output_pack,1,1,2,v5,1,-1,-1,-1,-1,-1,17,1,-1,-1,-1,-1,dft_output,-1,-1,0,-147,1,709,581,453,81,49,17,linear_combination_of_three_input_crt_sources
dft3_output_pack,1,1,2,v5,2,-1,-1,-1,-1,-1,18,1,-1,-1,-1,-1,dft_output,-1,-1,0,-147,1,457,713,585,18,82,50,linear_combination_of_three_input_crt_sources
dft3_output_pack,1,1,2,v5,3,-1,-1,-1,-1,-1,19,1,-1,-1,-1,-1,dft_output,-1,-1,0,-147,1,589,461,717,51,19,83,linear_combination_of_three_input_crt_sources
dft3_output_pack,1,1,2,v5,4,-1,-1,-1,-1,-1,20,1,-1,-1,-1,-1,dft_output,-1,-1,0,-147,1,721,593,465,84,52,20,linear_combination_of_three_input_crt_sources
dft3_output_pack,1,1,2,v5,5,-1,-1,-1,-1,-1,21,1,-1,-1,-1,-1,dft_output,-1,-1,0,-147,1,469,725,597,21,85,53,linear_combination_of_three_input_crt_sources
dft3_output_pack,1,1,2,v5,6,-1,-1,-1,-1,-1,22,1,-1,-1,-1,-1,dft_output,-1,-1,0,-147,1,601,473,729,54,22,86,linear_combination_of_three_input_crt_sources
dft3_output_pack,1,1,2,v5,7,-1,-1,-1,-1,-1,23,1,-1,-1,-1,-1,dft_output,-1,-1,0,-147,1,733,605,477,87,55,23,linear_combination_of_three_input_crt_sources
dft3_output_pack,1,1,2,v6,0,-1,-1,-1,-1,-1,16,2,-1,-1,-1,-1,dft_output,-1,-1,0,-147,1,577,449,705,48,16,80,linear_combination_of_three_input_crt_sources
dft3_output_pack,1,1,2,v6,1,-1,-1,-1,-1,-1,17,2,-1,-1,-1,-1,dft_output,-1,-1,0,-147,1,709,581,453,81,49,17,linear_combination_of_three_input_crt_sources
dft3_output_pack,1,1,2,v6,2,-1,-1,-1,-1,-1,18,2,-1,-1,-1,-1,dft_output,-1,-1,0,-147,1,457,713,585,18,82,50,linear_combination_of_three_input_crt_sources
dft3_output_pack,1,1,2,v6,3,-1,-1,-1,-1,-1,19,2,-1,-1,-1,-1,dft_output,-1,-1,0,-147,1,589,461,717,51,19,83,linear_combination_of_three_input_crt_sources
dft3_output_pack,1,1,2,v6,4,-1,-1,-1,-1,-1,20,2,-1,-1,-1,-1,dft_output,-1,-1,0,-147,1,721,593,465,84,52,20,linear_combination_of_three_input_crt_sources
dft3_output_pack,1,1,2,v6,5,-1,-1,-1,-1,-1,21,2,-1,-1,-1,-1,dft_output,-1,-1,0,-147,1,469,725,597,21,85,53,linear_combination_of_three_input_crt_sources
dft3_output_pack,1,1,2,v6,6,-1,-1,-1,-1,-1,22,2,-1,-1,-1,-1,dft_output,-1,-1,0,-147,1,601,473,729,54,22,86,linear_combination_of_three_input_crt_sources
dft3_output_pack,1,1,2,v6,7,-1,-1,-1,-1,-1,23,2,-1,-1,-1,-1,dft_output,-1,-1,0,-147,1,733,605,477,87,55,23,linear_combination_of_three_input_crt_sources
input_crt_pack,1,1,3,v4,0,481,97,24,24,0,24,-1,-1,-1,-1,-1,source,-1,-1,0,-147,1,-1,-1,-1,-1,-1,-1,physical_source_then_twist_by_twist_index
input_crt_pack,1,1,3,v4,1,613,229,57,57,0,25,-1,-1,-1,-1,-1,source,-1,-1,0,-147,1,-1,-1,-1,-1,-1,-1,physical_source_then_twist_by_twist_index
input_crt_pack,1,1,3,v4,2,745,361,90,90,0,26,-1,-1,-1,-1,-1,source,-1,-1,0,-147,1,-1,-1,-1,-1,-1,-1,physical_source_then_twist_by_twist_index
input_crt_pack,1,1,3,v4,3,493,109,27,27,0,27,-1,-1,-1,-1,-1,source,-1,-1,0,-147,1,-1,-1,-1,-1,-1,-1,physical_source_then_twist_by_twist_index
input_crt_pack,1,1,3,v4,4,625,241,60,60,0,28,-1,-1,-1,-1,-1,source,-1,-1,0,-147,1,-1,-1,-1,-1,-1,-1,physical_source_then_twist_by_twist_index
input_crt_pack,1,1,3,v4,5,757,373,93,93,0,29,-1,-1,-1,-1,-1,source,-1,-1,0,-147,1,-1,-1,-1,-1,-1,-1,physical_source_then_twist_by_twist_index
input_crt_pack,1,1,3,v4,6,505,121,30,30,0,30,-1,-1,-1,-1,-1,source,-1,-1,0,-147,1,-1,-1,-1,-1,-1,-1,physical_source_then_twist_by_twist_index
input_crt_pack,1,1,3,v4,7,637,253,63,63,0,31,-1,-1,-1,-1,-1,source,-1,-1,0,-147,1,-1,-1,-1,-1,-1,-1,physical_source_then_twist_by_twist_index
input_crt_pack,1,1,3,v5,0,737,353,88,88,1,24,-1,-1,-1,-1,-1,source,-1,-1,0,-147,1,-1,-1,-1,-1,-1,-1,physical_source_then_twist_by_twist_index
input_crt_pack,1,1,3,v5,1,485,101,25,25,1,25,-1,-1,-1,-1,-1,source,-1,-1,0,-147,1,-1,-1,-1,-1,-1,-1,physical_source_then_twist_by_twist_index
input_crt_pack,1,1,3,v5,2,617,233,58,58,1,26,-1,-1,-1,-1,-1,source,-1,-1,0,-147,1,-1,-1,-1,-1,-1,-1,physical_source_then_twist_by_twist_index
input_crt_pack,1,1,3,v5,3,749,365,91,91,1,27,-1,-1,-1,-1,-1,source,-1,-1,0,-147,1,-1,-1,-1,-1,-1,-1,physical_source_then_twist_by_twist_index
input_crt_pack,1,1,3,v5,4,497,113,28,28,1,28,-1,-1,-1,-1,-1,source,-1,-1,0,-147,1,-1,-1,-1,-1,-1,-1,physical_source_then_twist_by_twist_index
input_crt_pack,1,1,3,v5,5,629,245,61,61,1,29,-1,-1,-1,-1,-1,source,-1,-1,0,-147,1,-1,-1,-1,-1,-1,-1,physical_source_then_twist_by_twist_index
input_crt_pack,1,1,3,v5,6,761,377,94,94,1,30,-1,-1,-1,-1,-1,source,-1,-1,0,-147,1,-1,-1,-1,-1,-1,-1,physical_source_then_twist_by_twist_index
input_crt_pack,1,1,3,v5,7,509,125,31,31,1,31,-1,-1,-1,-1,-1,source,-1,-1,0,-147,1,-1,-1,-1,-1,-1,-1,physical_source_then_twist_by_twist_index
input_crt_pack,1,1,3,v6,0,609,225,56,56,2,24,-1,-1,-1,-1,-1,source,-1,-1,0,-147,1,-1,-1,-1,-1,-1,-1,physical_source_then_twist_by_twist_index
input_crt_pack,1,1,3,v6,1,741,357,89,89,2,25,-1,-1,-1,-1,-1,source,-1,-1,0,-147,1,-1,-1,-1,-1,-1,-1,physical_source_then_twist_by_twist_index
input_crt_pack,1,1,3,v6,2,489,105,26,26,2,26,-1,-1,-1,-1,-1,source,-1,-1,0,-147,1,-1,-1,-1,-1,-1,-1,physical_source_then_twist_by_twist_index
input_crt_pack,1,1,3,v6,3,621,237,59,59,2,27,-1,-1,-1,-1,-1,source,-1,-1,0,-147,1,-1,-1,-1,-1,-1,-1,physical_source_then_twist_by_twist_index
input_crt_pack,1,1,3,v6,4,753,369,92,92,2,28,-1,-1,-1,-1,-1,source,-1,-1,0,-147,1,-1,-1,-1,-1,-1,-1,physical_source_then_twist_by_twist_index
input_crt_pack,1,1,3,v6,5,501,117,29,29,2,29,-1,-1,-1,-1,-1,source,-1,-1,0,-147,1,-1,-1,-1,-1,-1,-1,physical_source_then_twist_by_twist_index
input_crt_pack,1,1,3,v6,6,633,249,62,62,2,30,-1,-1,-1,-1,-1,source,-1,-1,0,-147,1,-1,-1,-1,-1,-1,-1,physical_source_then_twist_by_twist_index
input_crt_pack,1,1,3,v6,7,765,381,95,95,2,31,-1,-1,-1,-1,-1,source,-1,-1,0,-147,1,-1,-1,-1,-1,-1,-1,physical_source_then_twist_by_twist_index
dft3_output_pack,1,1,3,v4,0,-1,-1,-1,-1,-1,24,0,-1,-1,-1,-1,dft_output,-1,-1,0,-147,1,481,737,609,24,88,56,linear_combination_of_three_input_crt_sources
dft3_output_pack,1,1,3,v4,1,-1,-1,-1,-1,-1,25,0,-1,-1,-1,-1,dft_output,-1,-1,0,-147,1,613,485,741,57,25,89,linear_combination_of_three_input_crt_sources
dft3_output_pack,1,1,3,v4,2,-1,-1,-1,-1,-1,26,0,-1,-1,-1,-1,dft_output,-1,-1,0,-147,1,745,617,489,90,58,26,linear_combination_of_three_input_crt_sources
dft3_output_pack,1,1,3,v4,3,-1,-1,-1,-1,-1,27,0,-1,-1,-1,-1,dft_output,-1,-1,0,-147,1,493,749,621,27,91,59,linear_combination_of_three_input_crt_sources
dft3_output_pack,1,1,3,v4,4,-1,-1,-1,-1,-1,28,0,-1,-1,-1,-1,dft_output,-1,-1,0,-147,1,625,497,753,60,28,92,linear_combination_of_three_input_crt_sources
dft3_output_pack,1,1,3,v4,5,-1,-1,-1,-1,-1,29,0,-1,-1,-1,-1,dft_output,-1,-1,0,-147,1,757,629,501,93,61,29,linear_combination_of_three_input_crt_sources
dft3_output_pack,1,1,3,v4,6,-1,-1,-1,-1,-1,30,0,-1,-1,-1,-1,dft_output,-1,-1,0,-147,1,505,761,633,30,94,62,linear_combination_of_three_input_crt_sources
dft3_output_pack,1,1,3,v4,7,-1,-1,-1,-1,-1,31,0,-1,-1,-1,-1,dft_output,-1,-1,0,-147,1,637,509,765,63,31,95,linear_combination_of_three_input_crt_sources
dft3_output_pack,1,1,3,v5,0,-1,-1,-1,-1,-1,24,1,-1,-1,-1,-1,dft_output,-1,-1,0,-147,1,481,737,609,24,88,56,linear_combination_of_three_input_crt_sources
dft3_output_pack,1,1,3,v5,1,-1,-1,-1,-1,-1,25,1,-1,-1,-1,-1,dft_output,-1,-1,0,-147,1,613,485,741,57,25,89,linear_combination_of_three_input_crt_sources
dft3_output_pack,1,1,3,v5,2,-1,-1,-1,-1,-1,26,1,-1,-1,-1,-1,dft_output,-1,-1,0,-147,1,745,617,489,90,58,26,linear_combination_of_three_input_crt_sources
dft3_output_pack,1,1,3,v5,3,-1,-1,-1,-1,-1,27,1,-1,-1,-1,-1,dft_output,-1,-1,0,-147,1,493,749,621,27,91,59,linear_combination_of_three_input_crt_sources
dft3_output_pack,1,1,3,v5,4,-1,-1,-1,-1,-1,28,1,-1,-1,-1,-1,dft_output,-1,-1,0,-147,1,625,497,753,60,28,92,linear_combination_of_three_input_crt_sources
dft3_output_pack,1,1,3,v5,5,-1,-1,-1,-1,-1,29,1,-1,-1,-1,-1,dft_output,-1,-1,0,-147,1,757,629,501,93,61,29,linear_combination_of_three_input_crt_sources
dft3_output_pack,1,1,3,v5,6,-1,-1,-1,-1,-1,30,1,-1,-1,-1,-1,dft_output,-1,-1,0,-147,1,505,761,633,30,94,62,linear_combination_of_three_input_crt_sources
dft3_output_pack,1,1,3,v5,7,-1,-1,-1,-1,-1,31,1,-1,-1,-1,-1,dft_output,-1,-1,0,-147,1,637,509,765,63,31,95,linear_combination_of_three_input_crt_sources
dft3_output_pack,1,1,3,v6,0,-1,-1,-1,-1,-1,24,2,-1,-1,-1,-1,dft_output,-1,-1,0,-147,1,481,737,609,24,88,56,linear_combination_of_three_input_crt_sources
dft3_output_pack,1,1,3,v6,1,-1,-1,-1,-1,-1,25,2,-1,-1,-1,-1,dft_output,-1,-1,0,-147,1,613,485,741,57,25,89,linear_combination_of_three_input_crt_sources
dft3_output_pack,1,1,3,v6,2,-1,-1,-1,-1,-1,26,2,-1,-1,-1,-1,dft_output,-1,-1,0,-147,1,745,617,489,90,58,26,linear_combination_of_three_input_crt_sources
dft3_output_pack,1,1,3,v6,3,-1,-1,-1,-1,-1,27,2,-1,-1,-1,-1,dft_output,-1,-1,0,-147,1,493,749,621,27,91,59,linear_combination_of_three_input_crt_sources
dft3_output_pack,1,1,3,v6,4,-1,-1,-1,-1,-1,28,2,-1,-1,-1,-1,dft_output,-1,-1,0,-147,1,625,497,753,60,28,92,linear_combination_of_three_input_crt_sources
dft3_output_pack,1,1,3,v6,5,-1,-1,-1,-1,-1,29,2,-1,-1,-1,-1,dft_output,-1,-1,0,-147,1,757,629,501,93,61,29,linear_combination_of_three_input_crt_sources
dft3_output_pack,1,1,3,v6,6,-1,-1,-1,-1,-1,30,2,-1,-1,-1,-1,dft_output,-1,-1,0,-147,1,505,761,633,30,94,62,linear_combination_of_three_input_crt_sources
dft3_output_pack,1,1,3,v6,7,-1,-1,-1,-1,-1,31,2,-1,-1,-1,-1,dft_output,-1,-1,0,-147,1,637,509,765,63,31,95,linear_combination_of_three_input_crt_sources
ntt32_initial_natural_pack,1,1,0,v4,0,-1,-1,-1,-1,-1,0,0,0,32,0,0,state,-1,-1,0,-147,1,385,641,513,0,64,32,natural_input_for_incomplete_dif_ntt32_pre_len2_output
ntt32_initial_natural_pack,1,1,0,v4,1,-1,-1,-1,-1,-1,1,0,0,32,1,1,state,-1,-1,0,-147,1,517,389,645,33,1,65,natural_input_for_incomplete_dif_ntt32_pre_len2_output
ntt32_initial_natural_pack,1,1,0,v4,2,-1,-1,-1,-1,-1,2,0,0,32,2,2,state,-1,-1,0,-147,1,649,521,393,66,34,2,natural_input_for_incomplete_dif_ntt32_pre_len2_output
ntt32_initial_natural_pack,1,1,0,v4,3,-1,-1,-1,-1,-1,3,0,0,32,3,3,state,-1,-1,0,-147,1,397,653,525,3,67,35,natural_input_for_incomplete_dif_ntt32_pre_len2_output
ntt32_initial_natural_pack,1,1,0,v4,4,-1,-1,-1,-1,-1,4,0,0,32,4,4,state,-1,-1,0,-147,1,529,401,657,36,4,68,natural_input_for_incomplete_dif_ntt32_pre_len2_output
ntt32_initial_natural_pack,1,1,0,v4,5,-1,-1,-1,-1,-1,5,0,0,32,5,5,state,-1,-1,0,-147,1,661,533,405,69,37,5,natural_input_for_incomplete_dif_ntt32_pre_len2_output
ntt32_initial_natural_pack,1,1,0,v4,6,-1,-1,-1,-1,-1,6,0,0,32,6,6,state,-1,-1,0,-147,1,409,665,537,6,70,38,natural_input_for_incomplete_dif_ntt32_pre_len2_output
ntt32_initial_natural_pack,1,1,0,v4,7,-1,-1,-1,-1,-1,7,0,0,32,7,7,state,-1,-1,0,-147,1,541,413,669,39,7,71,natural_input_for_incomplete_dif_ntt32_pre_len2_output
ntt32_initial_natural_pack,1,1,1,v5,0,-1,-1,-1,-1,-1,8,0,0,32,8,8,state,-1,-1,0,-147,1,673,545,417,72,40,8,natural_input_for_incomplete_dif_ntt32_pre_len2_output
ntt32_initial_natural_pack,1,1,1,v5,1,-1,-1,-1,-1,-1,9,0,0,32,9,9,state,-1,-1,0,-147,1,421,677,549,9,73,41,natural_input_for_incomplete_dif_ntt32_pre_len2_output
ntt32_initial_natural_pack,1,1,1,v5,2,-1,-1,-1,-1,-1,10,0,0,32,10,10,state,-1,-1,0,-147,1,553,425,681,42,10,74,natural_input_for_incomplete_dif_ntt32_pre_len2_output
ntt32_initial_natural_pack,1,1,1,v5,3,-1,-1,-1,-1,-1,11,0,0,32,11,11,state,-1,-1,0,-147,1,685,557,429,75,43,11,natural_input_for_incomplete_dif_ntt32_pre_len2_output
ntt32_initial_natural_pack,1,1,1,v5,4,-1,-1,-1,-1,-1,12,0,0,32,12,12,state,-1,-1,0,-147,1,433,689,561,12,76,44,natural_input_for_incomplete_dif_ntt32_pre_len2_output
ntt32_initial_natural_pack,1,1,1,v5,5,-1,-1,-1,-1,-1,13,0,0,32,13,13,state,-1,-1,0,-147,1,565,437,693,45,13,77,natural_input_for_incomplete_dif_ntt32_pre_len2_output
ntt32_initial_natural_pack,1,1,1,v5,6,-1,-1,-1,-1,-1,14,0,0,32,14,14,state,-1,-1,0,-147,1,697,569,441,78,46,14,natural_input_for_incomplete_dif_ntt32_pre_len2_output
ntt32_initial_natural_pack,1,1,1,v5,7,-1,-1,-1,-1,-1,15,0,0,32,15,15,state,-1,-1,0,-147,1,445,701,573,15,79,47,natural_input_for_incomplete_dif_ntt32_pre_len2_output
ntt32_initial_natural_pack,1,1,2,v6,0,-1,-1,-1,-1,-1,16,0,0,32,16,16,state,-1,-1,0,-147,1,577,449,705,48,16,80,natural_input_for_incomplete_dif_ntt32_pre_len2_output
ntt32_initial_natural_pack,1,1,2,v6,1,-1,-1,-1,-1,-1,17,0,0,32,17,17,state,-1,-1,0,-147,1,709,581,453,81,49,17,natural_input_for_incomplete_dif_ntt32_pre_len2_output
ntt32_initial_natural_pack,1,1,2,v6,2,-1,-1,-1,-1,-1,18,0,0,32,18,18,state,-1,-1,0,-147,1,457,713,585,18,82,50,natural_input_for_incomplete_dif_ntt32_pre_len2_output
ntt32_initial_natural_pack,1,1,2,v6,3,-1,-1,-1,-1,-1,19,0,0,32,19,19,state,-1,-1,0,-147,1,589,461,717,51,19,83,natural_input_for_incomplete_dif_ntt32_pre_len2_output
ntt32_initial_natural_pack,1,1,2,v6,4,-1,-1,-1,-1,-1,20,0,0,32,20,20,state,-1,-1,0,-147,1,721,593,465,84,52,20,natural_input_for_incomplete_dif_ntt32_pre_len2_output
ntt32_initial_natural_pack,1,1,2,v6,5,-1,-1,-1,-1,-1,21,0,0,32,21,21,state,-1,-1,0,-147,1,469,725,597,21,85,53,natural_input_for_incomplete_dif_ntt32_pre_len2_output
ntt32_initial_natural_pack,1,1,2,v6,6,-1,-1,-1,-1,-1,22,0,0,32,22,22,state,-1,-1,0,-147,1,601,473,729,54,22,86,natural_input_for_incomplete_dif_ntt32_pre_len2_output
ntt32_initial_natural_pack,1,1,2,v6,7,-1,-1,-1,-1,-1,23,0,0,32,23,23,state,-1,-1,0,-147,1,733,605,477,87,55,23,natural_input_for_incomplete_dif_ntt32_pre_len2_output
ntt32_initial_natural_pack,1,1,3,v7,0,-1,-1,-1,-1,-1,24,0,0,32,24,24,state,-1,-1,0,-147,1,481,737,609,24,88,56,natural_input_for_incomplete_dif_ntt32_pre_len2_output
ntt32_initial_natural_pack,1,1,3,v7,1,-1,-1,-1,-1,-1,25,0,0,32,25,25,state,-1,-1,0,-147,1,613,485,741,57,25,89,natural_input_for_incomplete_dif_ntt32_pre_len2_output
ntt32_initial_natural_pack,1,1,3,v7,2,-1,-1,-1,-1,-1,26,0,0,32,26,26,state,-1,-1,0,-147,1,745,617,489,90,58,26,natural_input_for_incomplete_dif_ntt32_pre_len2_output
ntt32_initial_natural_pack,1,1,3,v7,3,-1,-1,-1,-1,-1,27,0,0,32,27,27,state,-1,-1,0,-147,1,493,749,621,27,91,59,natural_input_for_incomplete_dif_ntt32_pre_len2_output
ntt32_initial_natural_pack,1,1,3,v7,4,-1,-1,-1,-1,-1,28,0,0,32,28,28,state,-1,-1,0,-147,1,625,497,753,60,28,92,natural_input_for_incomplete_dif_ntt32_pre_len2_output
ntt32_initial_natural_pack,1,1,3,v7,5,-1,-1,-1,-1,-1,29,0,0,32,29,29,state,-1,-1,0,-147,1,757,629,501,93,61,29,natural_input_for_incomplete_dif_ntt32_pre_len2_output
ntt32_initial_natural_pack,1,1,3,v7,6,-1,-1,-1,-1,-1,30,0,0,32,30,30,state,-1,-1,0,-147,1,505,761,633,30,94,62,natural_input_for_incomplete_dif_ntt32_pre_len2_output
ntt32_initial_natural_pack,1,1,3,v7,7,-1,-1,-1,-1,-1,31,0,0,32,31,31,state,-1,-1,0,-147,1,637,509,765,63,31,95,natural_input_for_incomplete_dif_ntt32_pre_len2_output
ntt32_butterfly_operand,1,1,0,v4,0,-1,-1,-1,-1,-1,-1,0,1,32,0,-1,lo,0,16,0,-147,1,-1,-1,-1,-1,-1,-1,low_operand_for_dif_butterfly
ntt32_butterfly_operand,1,1,2,v6,0,-1,-1,-1,-1,-1,-1,0,1,32,16,-1,hi,0,16,0,-147,1,-1,-1,-1,-1,-1,-1,dif_high_output_gets_(lo-hi)_times_twiddle
ntt32_butterfly_operand,1,1,0,v4,1,-1,-1,-1,-1,-1,-1,0,1,32,1,-1,lo,1,17,1,484,1784,-1,-1,-1,-1,-1,-1,low_operand_for_dif_butterfly
ntt32_butterfly_operand,1,1,2,v6,1,-1,-1,-1,-1,-1,-1,0,1,32,17,-1,hi,1,17,1,484,1784,-1,-1,-1,-1,-1,-1,dif_high_output_gets_(lo-hi)_times_twiddle
ntt32_butterfly_operand,1,1,0,v4,2,-1,-1,-1,-1,-1,-1,0,1,32,2,-1,lo,2,18,2,-794,2216,-1,-1,-1,-1,-1,-1,low_operand_for_dif_butterfly
ntt32_butterfly_operand,1,1,2,v6,2,-1,-1,-1,-1,-1,-1,0,1,32,18,-1,hi,2,18,2,-794,2216,-1,-1,-1,-1,-1,-1,dif_high_output_gets_(lo-hi)_times_twiddle
ntt32_butterfly_operand,1,1,0,v4,3,-1,-1,-1,-1,-1,-1,0,1,32,3,-1,lo,3,19,3,874,1993,-1,-1,-1,-1,-1,-1,low_operand_for_dif_butterfly
ntt32_butterfly_operand,1,1,2,v6,3,-1,-1,-1,-1,-1,-1,0,1,32,19,-1,hi,3,19,3,874,1993,-1,-1,-1,-1,-1,-1,dif_high_output_gets_(lo-hi)_times_twiddle
ntt32_butterfly_operand,1,1,0,v4,4,-1,-1,-1,-1,-1,-1,0,1,32,4,-1,lo,4,20,4,109,1716,-1,-1,-1,-1,-1,-1,low_operand_for_dif_butterfly
ntt32_butterfly_operand,1,1,2,v6,4,-1,-1,-1,-1,-1,-1,0,1,32,20,-1,hi,4,20,4,109,1716,-1,-1,-1,-1,-1,-1,dif_high_output_gets_(lo-hi)_times_twiddle
ntt32_butterfly_operand,1,1,0,v4,5,-1,-1,-1,-1,-1,-1,0,1,32,5,-1,lo,5,21,5,864,1899,-1,-1,-1,-1,-1,-1,low_operand_for_dif_butterfly
ntt32_butterfly_operand,1,1,2,v6,5,-1,-1,-1,-1,-1,-1,0,1,32,21,-1,hi,5,21,5,864,1899,-1,-1,-1,-1,-1,-1,dif_high_output_gets_(lo-hi)_times_twiddle
ntt32_butterfly_operand,1,1,0,v4,6,-1,-1,-1,-1,-1,-1,0,1,32,6,-1,lo,6,22,6,-446,3413,-1,-1,-1,-1,-1,-1,low_operand_for_dif_butterfly
ntt32_butterfly_operand,1,1,2,v6,6,-1,-1,-1,-1,-1,-1,0,1,32,22,-1,hi,6,22,6,-446,3413,-1,-1,-1,-1,-1,-1,dif_high_output_gets_(lo-hi)_times_twiddle
ntt32_butterfly_operand,1,1,0,v4,7,-1,-1,-1,-1,-1,-1,0,1,32,7,-1,lo,7,23,7,-554,1015,-1,-1,-1,-1,-1,-1,low_operand_for_dif_butterfly
ntt32_butterfly_operand,1,1,2,v6,7,-1,-1,-1,-1,-1,-1,0,1,32,23,-1,hi,7,23,7,-554,1015,-1,-1,-1,-1,-1,-1,dif_high_output_gets_(lo-hi)_times_twiddle
ntt32_butterfly_operand,1,1,1,v5,0,-1,-1,-1,-1,-1,-1,0,1,32,8,-1,lo,8,24,8,366,2749,-1,-1,-1,-1,-1,-1,low_operand_for_dif_butterfly
ntt32_butterfly_operand,1,1,3,v7,0,-1,-1,-1,-1,-1,-1,0,1,32,24,-1,hi,8,24,8,366,2749,-1,-1,-1,-1,-1,-1,dif_high_output_gets_(lo-hi)_times_twiddle
ntt32_butterfly_operand,1,1,1,v5,1,-1,-1,-1,-1,-1,-1,0,1,32,9,-1,lo,9,25,9,-429,2190,-1,-1,-1,-1,-1,-1,low_operand_for_dif_butterfly
ntt32_butterfly_operand,1,1,3,v7,1,-1,-1,-1,-1,-1,-1,0,1,32,25,-1,hi,9,25,9,-429,2190,-1,-1,-1,-1,-1,-1,dif_high_output_gets_(lo-hi)_times_twiddle
ntt32_butterfly_operand,1,1,1,v5,2,-1,-1,-1,-1,-1,-1,0,1,32,10,-1,lo,10,26,10,-1339,550,-1,-1,-1,-1,-1,-1,low_operand_for_dif_butterfly
ntt32_butterfly_operand,1,1,3,v7,2,-1,-1,-1,-1,-1,-1,0,1,32,26,-1,hi,10,26,10,-1339,550,-1,-1,-1,-1,-1,-1,dif_high_output_gets_(lo-hi)_times_twiddle
ntt32_butterfly_operand,1,1,1,v5,3,-1,-1,-1,-1,-1,-1,0,1,32,11,-1,lo,11,27,11,11,2869,-1,-1,-1,-1,-1,-1,low_operand_for_dif_butterfly
ntt32_butterfly_operand,1,1,3,v7,3,-1,-1,-1,-1,-1,-1,0,1,32,27,-1,hi,11,27,11,11,2869,-1,-1,-1,-1,-1,-1,dif_high_output_gets_(lo-hi)_times_twiddle
ntt32_butterfly_operand,1,1,1,v5,4,-1,-1,-1,-1,-1,-1,0,1,32,12,-1,lo,12,28,12,-1118,1936,-1,-1,-1,-1,-1,-1,low_operand_for_dif_butterfly
ntt32_butterfly_operand,1,1,3,v7,4,-1,-1,-1,-1,-1,-1,0,1,32,28,-1,hi,12,28,12,-1118,1936,-1,-1,-1,-1,-1,-1,dif_high_output_gets_(lo-hi)_times_twiddle
ntt32_butterfly_operand,1,1,1,v5,5,-1,-1,-1,-1,-1,-1,0,1,32,13,-1,lo,13,29,13,177,281,-1,-1,-1,-1,-1,-1,low_operand_for_dif_butterfly
ntt32_butterfly_operand,1,1,3,v7,5,-1,-1,-1,-1,-1,-1,0,1,32,29,-1,hi,13,29,13,177,281,-1,-1,-1,-1,-1,-1,dif_high_output_gets_(lo-hi)_times_twiddle
ntt32_butterfly_operand,1,1,1,v5,6,-1,-1,-1,-1,-1,-1,0,1,32,14,-1,lo,14,30,14,1181,39,-1,-1,-1,-1,-1,-1,low_operand_for_dif_butterfly
ntt32_butterfly_operand,1,1,3,v7,6,-1,-1,-1,-1,-1,-1,0,1,32,30,-1,hi,14,30,14,1181,39,-1,-1,-1,-1,-1,-1,dif_high_output_gets_(lo-hi)_times_twiddle
ntt32_butterfly_operand,1,1,1,v5,7,-1,-1,-1,-1,-1,-1,0,1,32,15,-1,lo,15,31,15,1591,436,-1,-1,-1,-1,-1,-1,low_operand_for_dif_butterfly
ntt32_butterfly_operand,1,1,3,v7,7,-1,-1,-1,-1,-1,-1,0,1,32,31,-1,hi,15,31,15,1591,436,-1,-1,-1,-1,-1,-1,dif_high_output_gets_(lo-hi)_times_twiddle
ntt32_butterfly_operand,1,1,0,v4,0,-1,-1,-1,-1,-1,-1,0,2,16,0,-1,lo,0,8,0,-147,1,-1,-1,-1,-1,-1,-1,low_operand_for_dif_butterfly
ntt32_butterfly_operand,1,1,1,v5,0,-1,-1,-1,-1,-1,-1,0,2,16,8,-1,hi,0,8,0,-147,1,-1,-1,-1,-1,-1,-1,dif_high_output_gets_(lo-hi)_times_twiddle
ntt32_butterfly_operand,1,1,0,v4,1,-1,-1,-1,-1,-1,-1,0,2,16,1,-1,lo,1,9,2,-794,2216,-1,-1,-1,-1,-1,-1,low_operand_for_dif_butterfly
ntt32_butterfly_operand,1,1,1,v5,1,-1,-1,-1,-1,-1,-1,0,2,16,9,-1,hi,1,9,2,-794,2216,-1,-1,-1,-1,-1,-1,dif_high_output_gets_(lo-hi)_times_twiddle
ntt32_butterfly_operand,1,1,0,v4,2,-1,-1,-1,-1,-1,-1,0,2,16,2,-1,lo,2,10,4,109,1716,-1,-1,-1,-1,-1,-1,low_operand_for_dif_butterfly
ntt32_butterfly_operand,1,1,1,v5,2,-1,-1,-1,-1,-1,-1,0,2,16,10,-1,hi,2,10,4,109,1716,-1,-1,-1,-1,-1,-1,dif_high_output_gets_(lo-hi)_times_twiddle
ntt32_butterfly_operand,1,1,0,v4,3,-1,-1,-1,-1,-1,-1,0,2,16,3,-1,lo,3,11,6,-446,3413,-1,-1,-1,-1,-1,-1,low_operand_for_dif_butterfly
ntt32_butterfly_operand,1,1,1,v5,3,-1,-1,-1,-1,-1,-1,0,2,16,11,-1,hi,3,11,6,-446,3413,-1,-1,-1,-1,-1,-1,dif_high_output_gets_(lo-hi)_times_twiddle
ntt32_butterfly_operand,1,1,0,v4,4,-1,-1,-1,-1,-1,-1,0,2,16,4,-1,lo,4,12,8,366,2749,-1,-1,-1,-1,-1,-1,low_operand_for_dif_butterfly
ntt32_butterfly_operand,1,1,1,v5,4,-1,-1,-1,-1,-1,-1,0,2,16,12,-1,hi,4,12,8,366,2749,-1,-1,-1,-1,-1,-1,dif_high_output_gets_(lo-hi)_times_twiddle
ntt32_butterfly_operand,1,1,0,v4,5,-1,-1,-1,-1,-1,-1,0,2,16,5,-1,lo,5,13,10,-1339,550,-1,-1,-1,-1,-1,-1,low_operand_for_dif_butterfly
ntt32_butterfly_operand,1,1,1,v5,5,-1,-1,-1,-1,-1,-1,0,2,16,13,-1,hi,5,13,10,-1339,550,-1,-1,-1,-1,-1,-1,dif_high_output_gets_(lo-hi)_times_twiddle
ntt32_butterfly_operand,1,1,0,v4,6,-1,-1,-1,-1,-1,-1,0,2,16,6,-1,lo,6,14,12,-1118,1936,-1,-1,-1,-1,-1,-1,low_operand_for_dif_butterfly
ntt32_butterfly_operand,1,1,1,v5,6,-1,-1,-1,-1,-1,-1,0,2,16,14,-1,hi,6,14,12,-1118,1936,-1,-1,-1,-1,-1,-1,dif_high_output_gets_(lo-hi)_times_twiddle
ntt32_butterfly_operand,1,1,0,v4,7,-1,-1,-1,-1,-1,-1,0,2,16,7,-1,lo,7,15,14,1181,39,-1,-1,-1,-1,-1,-1,low_operand_for_dif_butterfly
ntt32_butterfly_operand,1,1,1,v5,7,-1,-1,-1,-1,-1,-1,0,2,16,15,-1,hi,7,15,14,1181,39,-1,-1,-1,-1,-1,-1,dif_high_output_gets_(lo-hi)_times_twiddle
ntt32_butterfly_operand,1,1,2,v6,0,-1,-1,-1,-1,-1,-1,0,2,16,16,-1,lo,16,24,0,-147,1,-1,-1,-1,-1,-1,-1,low_operand_for_dif_butterfly
ntt32_butterfly_operand,1,1,3,v7,0,-1,-1,-1,-1,-1,-1,0,2,16,24,-1,hi,16,24,0,-147,1,-1,-1,-1,-1,-1,-1,dif_high_output_gets_(lo-hi)_times_twiddle
ntt32_butterfly_operand,1,1,2,v6,1,-1,-1,-1,-1,-1,-1,0,2,16,17,-1,lo,17,25,2,-794,2216,-1,-1,-1,-1,-1,-1,low_operand_for_dif_butterfly
ntt32_butterfly_operand,1,1,3,v7,1,-1,-1,-1,-1,-1,-1,0,2,16,25,-1,hi,17,25,2,-794,2216,-1,-1,-1,-1,-1,-1,dif_high_output_gets_(lo-hi)_times_twiddle
ntt32_butterfly_operand,1,1,2,v6,2,-1,-1,-1,-1,-1,-1,0,2,16,18,-1,lo,18,26,4,109,1716,-1,-1,-1,-1,-1,-1,low_operand_for_dif_butterfly
ntt32_butterfly_operand,1,1,3,v7,2,-1,-1,-1,-1,-1,-1,0,2,16,26,-1,hi,18,26,4,109,1716,-1,-1,-1,-1,-1,-1,dif_high_output_gets_(lo-hi)_times_twiddle
ntt32_butterfly_operand,1,1,2,v6,3,-1,-1,-1,-1,-1,-1,0,2,16,19,-1,lo,19,27,6,-446,3413,-1,-1,-1,-1,-1,-1,low_operand_for_dif_butterfly
ntt32_butterfly_operand,1,1,3,v7,3,-1,-1,-1,-1,-1,-1,0,2,16,27,-1,hi,19,27,6,-446,3413,-1,-1,-1,-1,-1,-1,dif_high_output_gets_(lo-hi)_times_twiddle
ntt32_butterfly_operand,1,1,2,v6,4,-1,-1,-1,-1,-1,-1,0,2,16,20,-1,lo,20,28,8,366,2749,-1,-1,-1,-1,-1,-1,low_operand_for_dif_butterfly
ntt32_butterfly_operand,1,1,3,v7,4,-1,-1,-1,-1,-1,-1,0,2,16,28,-1,hi,20,28,8,366,2749,-1,-1,-1,-1,-1,-1,dif_high_output_gets_(lo-hi)_times_twiddle
ntt32_butterfly_operand,1,1,2,v6,5,-1,-1,-1,-1,-1,-1,0,2,16,21,-1,lo,21,29,10,-1339,550,-1,-1,-1,-1,-1,-1,low_operand_for_dif_butterfly
ntt32_butterfly_operand,1,1,3,v7,5,-1,-1,-1,-1,-1,-1,0,2,16,29,-1,hi,21,29,10,-1339,550,-1,-1,-1,-1,-1,-1,dif_high_output_gets_(lo-hi)_times_twiddle
ntt32_butterfly_operand,1,1,2,v6,6,-1,-1,-1,-1,-1,-1,0,2,16,22,-1,lo,22,30,12,-1118,1936,-1,-1,-1,-1,-1,-1,low_operand_for_dif_butterfly
ntt32_butterfly_operand,1,1,3,v7,6,-1,-1,-1,-1,-1,-1,0,2,16,30,-1,hi,22,30,12,-1118,1936,-1,-1,-1,-1,-1,-1,dif_high_output_gets_(lo-hi)_times_twiddle
ntt32_butterfly_operand,1,1,2,v6,7,-1,-1,-1,-1,-1,-1,0,2,16,23,-1,lo,23,31,14,1181,39,-1,-1,-1,-1,-1,-1,low_operand_for_dif_butterfly
ntt32_butterfly_operand,1,1,3,v7,7,-1,-1,-1,-1,-1,-1,0,2,16,31,-1,hi,23,31,14,1181,39,-1,-1,-1,-1,-1,-1,dif_high_output_gets_(lo-hi)_times_twiddle
ntt32_butterfly_operand,1,1,0,v4,0,-1,-1,-1,-1,-1,-1,0,3,8,0,-1,lo,0,4,0,-147,1,-1,-1,-1,-1,-1,-1,low_operand_for_dif_butterfly
ntt32_butterfly_operand,1,1,0,v4,4,-1,-1,-1,-1,-1,-1,0,3,8,4,-1,hi,0,4,0,-147,1,-1,-1,-1,-1,-1,-1,dif_high_output_gets_(lo-hi)_times_twiddle
ntt32_butterfly_operand,1,1,0,v4,1,-1,-1,-1,-1,-1,-1,0,3,8,1,-1,lo,1,5,4,109,1716,-1,-1,-1,-1,-1,-1,low_operand_for_dif_butterfly
ntt32_butterfly_operand,1,1,0,v4,5,-1,-1,-1,-1,-1,-1,0,3,8,5,-1,hi,1,5,4,109,1716,-1,-1,-1,-1,-1,-1,dif_high_output_gets_(lo-hi)_times_twiddle
ntt32_butterfly_operand,1,1,0,v4,2,-1,-1,-1,-1,-1,-1,0,3,8,2,-1,lo,2,6,8,366,2749,-1,-1,-1,-1,-1,-1,low_operand_for_dif_butterfly
ntt32_butterfly_operand,1,1,0,v4,6,-1,-1,-1,-1,-1,-1,0,3,8,6,-1,hi,2,6,8,366,2749,-1,-1,-1,-1,-1,-1,dif_high_output_gets_(lo-hi)_times_twiddle
ntt32_butterfly_operand,1,1,0,v4,3,-1,-1,-1,-1,-1,-1,0,3,8,3,-1,lo,3,7,12,-1118,1936,-1,-1,-1,-1,-1,-1,low_operand_for_dif_butterfly
ntt32_butterfly_operand,1,1,0,v4,7,-1,-1,-1,-1,-1,-1,0,3,8,7,-1,hi,3,7,12,-1118,1936,-1,-1,-1,-1,-1,-1,dif_high_output_gets_(lo-hi)_times_twiddle
ntt32_butterfly_operand,1,1,1,v5,0,-1,-1,-1,-1,-1,-1,0,3,8,8,-1,lo,8,12,0,-147,1,-1,-1,-1,-1,-1,-1,low_operand_for_dif_butterfly
ntt32_butterfly_operand,1,1,1,v5,4,-1,-1,-1,-1,-1,-1,0,3,8,12,-1,hi,8,12,0,-147,1,-1,-1,-1,-1,-1,-1,dif_high_output_gets_(lo-hi)_times_twiddle
ntt32_butterfly_operand,1,1,1,v5,1,-1,-1,-1,-1,-1,-1,0,3,8,9,-1,lo,9,13,4,109,1716,-1,-1,-1,-1,-1,-1,low_operand_for_dif_butterfly
ntt32_butterfly_operand,1,1,1,v5,5,-1,-1,-1,-1,-1,-1,0,3,8,13,-1,hi,9,13,4,109,1716,-1,-1,-1,-1,-1,-1,dif_high_output_gets_(lo-hi)_times_twiddle
ntt32_butterfly_operand,1,1,1,v5,2,-1,-1,-1,-1,-1,-1,0,3,8,10,-1,lo,10,14,8,366,2749,-1,-1,-1,-1,-1,-1,low_operand_for_dif_butterfly
ntt32_butterfly_operand,1,1,1,v5,6,-1,-1,-1,-1,-1,-1,0,3,8,14,-1,hi,10,14,8,366,2749,-1,-1,-1,-1,-1,-1,dif_high_output_gets_(lo-hi)_times_twiddle
ntt32_butterfly_operand,1,1,1,v5,3,-1,-1,-1,-1,-1,-1,0,3,8,11,-1,lo,11,15,12,-1118,1936,-1,-1,-1,-1,-1,-1,low_operand_for_dif_butterfly
ntt32_butterfly_operand,1,1,1,v5,7,-1,-1,-1,-1,-1,-1,0,3,8,15,-1,hi,11,15,12,-1118,1936,-1,-1,-1,-1,-1,-1,dif_high_output_gets_(lo-hi)_times_twiddle
ntt32_butterfly_operand,1,1,2,v6,0,-1,-1,-1,-1,-1,-1,0,3,8,16,-1,lo,16,20,0,-147,1,-1,-1,-1,-1,-1,-1,low_operand_for_dif_butterfly
ntt32_butterfly_operand,1,1,2,v6,4,-1,-1,-1,-1,-1,-1,0,3,8,20,-1,hi,16,20,0,-147,1,-1,-1,-1,-1,-1,-1,dif_high_output_gets_(lo-hi)_times_twiddle
ntt32_butterfly_operand,1,1,2,v6,1,-1,-1,-1,-1,-1,-1,0,3,8,17,-1,lo,17,21,4,109,1716,-1,-1,-1,-1,-1,-1,low_operand_for_dif_butterfly
ntt32_butterfly_operand,1,1,2,v6,5,-1,-1,-1,-1,-1,-1,0,3,8,21,-1,hi,17,21,4,109,1716,-1,-1,-1,-1,-1,-1,dif_high_output_gets_(lo-hi)_times_twiddle
ntt32_butterfly_operand,1,1,2,v6,2,-1,-1,-1,-1,-1,-1,0,3,8,18,-1,lo,18,22,8,366,2749,-1,-1,-1,-1,-1,-1,low_operand_for_dif_butterfly
ntt32_butterfly_operand,1,1,2,v6,6,-1,-1,-1,-1,-1,-1,0,3,8,22,-1,hi,18,22,8,366,2749,-1,-1,-1,-1,-1,-1,dif_high_output_gets_(lo-hi)_times_twiddle
ntt32_butterfly_operand,1,1,2,v6,3,-1,-1,-1,-1,-1,-1,0,3,8,19,-1,lo,19,23,12,-1118,1936,-1,-1,-1,-1,-1,-1,low_operand_for_dif_butterfly
ntt32_butterfly_operand,1,1,2,v6,7,-1,-1,-1,-1,-1,-1,0,3,8,23,-1,hi,19,23,12,-1118,1936,-1,-1,-1,-1,-1,-1,dif_high_output_gets_(lo-hi)_times_twiddle
ntt32_butterfly_operand,1,1,3,v7,0,-1,-1,-1,-1,-1,-1,0,3,8,24,-1,lo,24,28,0,-147,1,-1,-1,-1,-1,-1,-1,low_operand_for_dif_butterfly
ntt32_butterfly_operand,1,1,3,v7,4,-1,-1,-1,-1,-1,-1,0,3,8,28,-1,hi,24,28,0,-147,1,-1,-1,-1,-1,-1,-1,dif_high_output_gets_(lo-hi)_times_twiddle
ntt32_butterfly_operand,1,1,3,v7,1,-1,-1,-1,-1,-1,-1,0,3,8,25,-1,lo,25,29,4,109,1716,-1,-1,-1,-1,-1,-1,low_operand_for_dif_butterfly
ntt32_butterfly_operand,1,1,3,v7,5,-1,-1,-1,-1,-1,-1,0,3,8,29,-1,hi,25,29,4,109,1716,-1,-1,-1,-1,-1,-1,dif_high_output_gets_(lo-hi)_times_twiddle
ntt32_butterfly_operand,1,1,3,v7,2,-1,-1,-1,-1,-1,-1,0,3,8,26,-1,lo,26,30,8,366,2749,-1,-1,-1,-1,-1,-1,low_operand_for_dif_butterfly
ntt32_butterfly_operand,1,1,3,v7,6,-1,-1,-1,-1,-1,-1,0,3,8,30,-1,hi,26,30,8,366,2749,-1,-1,-1,-1,-1,-1,dif_high_output_gets_(lo-hi)_times_twiddle
ntt32_butterfly_operand,1,1,3,v7,3,-1,-1,-1,-1,-1,-1,0,3,8,27,-1,lo,27,31,12,-1118,1936,-1,-1,-1,-1,-1,-1,low_operand_for_dif_butterfly
ntt32_butterfly_operand,1,1,3,v7,7,-1,-1,-1,-1,-1,-1,0,3,8,31,-1,hi,27,31,12,-1118,1936,-1,-1,-1,-1,-1,-1,dif_high_output_gets_(lo-hi)_times_twiddle
ntt32_butterfly_operand,1,1,0,v4,0,-1,-1,-1,-1,-1,-1,0,4,4,0,-1,lo,0,2,0,-147,1,-1,-1,-1,-1,-1,-1,low_operand_for_dif_butterfly
ntt32_butterfly_operand,1,1,0,v4,2,-1,-1,-1,-1,-1,-1,0,4,4,2,-1,hi,0,2,0,-147,1,-1,-1,-1,-1,-1,-1,dif_high_output_gets_(lo-hi)_times_twiddle
ntt32_butterfly_operand,1,1,0,v4,1,-1,-1,-1,-1,-1,-1,0,4,4,1,-1,lo,1,3,8,366,2749,-1,-1,-1,-1,-1,-1,low_operand_for_dif_butterfly
ntt32_butterfly_operand,1,1,0,v4,3,-1,-1,-1,-1,-1,-1,0,4,4,3,-1,hi,1,3,8,366,2749,-1,-1,-1,-1,-1,-1,dif_high_output_gets_(lo-hi)_times_twiddle
ntt32_butterfly_operand,1,1,0,v4,4,-1,-1,-1,-1,-1,-1,0,4,4,4,-1,lo,4,6,0,-147,1,-1,-1,-1,-1,-1,-1,low_operand_for_dif_butterfly
ntt32_butterfly_operand,1,1,0,v4,6,-1,-1,-1,-1,-1,-1,0,4,4,6,-1,hi,4,6,0,-147,1,-1,-1,-1,-1,-1,-1,dif_high_output_gets_(lo-hi)_times_twiddle
ntt32_butterfly_operand,1,1,0,v4,5,-1,-1,-1,-1,-1,-1,0,4,4,5,-1,lo,5,7,8,366,2749,-1,-1,-1,-1,-1,-1,low_operand_for_dif_butterfly
ntt32_butterfly_operand,1,1,0,v4,7,-1,-1,-1,-1,-1,-1,0,4,4,7,-1,hi,5,7,8,366,2749,-1,-1,-1,-1,-1,-1,dif_high_output_gets_(lo-hi)_times_twiddle
ntt32_butterfly_operand,1,1,1,v5,0,-1,-1,-1,-1,-1,-1,0,4,4,8,-1,lo,8,10,0,-147,1,-1,-1,-1,-1,-1,-1,low_operand_for_dif_butterfly
ntt32_butterfly_operand,1,1,1,v5,2,-1,-1,-1,-1,-1,-1,0,4,4,10,-1,hi,8,10,0,-147,1,-1,-1,-1,-1,-1,-1,dif_high_output_gets_(lo-hi)_times_twiddle
ntt32_butterfly_operand,1,1,1,v5,1,-1,-1,-1,-1,-1,-1,0,4,4,9,-1,lo,9,11,8,366,2749,-1,-1,-1,-1,-1,-1,low_operand_for_dif_butterfly
ntt32_butterfly_operand,1,1,1,v5,3,-1,-1,-1,-1,-1,-1,0,4,4,11,-1,hi,9,11,8,366,2749,-1,-1,-1,-1,-1,-1,dif_high_output_gets_(lo-hi)_times_twiddle
ntt32_butterfly_operand,1,1,1,v5,4,-1,-1,-1,-1,-1,-1,0,4,4,12,-1,lo,12,14,0,-147,1,-1,-1,-1,-1,-1,-1,low_operand_for_dif_butterfly
ntt32_butterfly_operand,1,1,1,v5,6,-1,-1,-1,-1,-1,-1,0,4,4,14,-1,hi,12,14,0,-147,1,-1,-1,-1,-1,-1,-1,dif_high_output_gets_(lo-hi)_times_twiddle
ntt32_butterfly_operand,1,1,1,v5,5,-1,-1,-1,-1,-1,-1,0,4,4,13,-1,lo,13,15,8,366,2749,-1,-1,-1,-1,-1,-1,low_operand_for_dif_butterfly
ntt32_butterfly_operand,1,1,1,v5,7,-1,-1,-1,-1,-1,-1,0,4,4,15,-1,hi,13,15,8,366,2749,-1,-1,-1,-1,-1,-1,dif_high_output_gets_(lo-hi)_times_twiddle
ntt32_butterfly_operand,1,1,2,v6,0,-1,-1,-1,-1,-1,-1,0,4,4,16,-1,lo,16,18,0,-147,1,-1,-1,-1,-1,-1,-1,low_operand_for_dif_butterfly
ntt32_butterfly_operand,1,1,2,v6,2,-1,-1,-1,-1,-1,-1,0,4,4,18,-1,hi,16,18,0,-147,1,-1,-1,-1,-1,-1,-1,dif_high_output_gets_(lo-hi)_times_twiddle
ntt32_butterfly_operand,1,1,2,v6,1,-1,-1,-1,-1,-1,-1,0,4,4,17,-1,lo,17,19,8,366,2749,-1,-1,-1,-1,-1,-1,low_operand_for_dif_butterfly
ntt32_butterfly_operand,1,1,2,v6,3,-1,-1,-1,-1,-1,-1,0,4,4,19,-1,hi,17,19,8,366,2749,-1,-1,-1,-1,-1,-1,dif_high_output_gets_(lo-hi)_times_twiddle
ntt32_butterfly_operand,1,1,2,v6,4,-1,-1,-1,-1,-1,-1,0,4,4,20,-1,lo,20,22,0,-147,1,-1,-1,-1,-1,-1,-1,low_operand_for_dif_butterfly
ntt32_butterfly_operand,1,1,2,v6,6,-1,-1,-1,-1,-1,-1,0,4,4,22,-1,hi,20,22,0,-147,1,-1,-1,-1,-1,-1,-1,dif_high_output_gets_(lo-hi)_times_twiddle
ntt32_butterfly_operand,1,1,2,v6,5,-1,-1,-1,-1,-1,-1,0,4,4,21,-1,lo,21,23,8,366,2749,-1,-1,-1,-1,-1,-1,low_operand_for_dif_butterfly
ntt32_butterfly_operand,1,1,2,v6,7,-1,-1,-1,-1,-1,-1,0,4,4,23,-1,hi,21,23,8,366,2749,-1,-1,-1,-1,-1,-1,dif_high_output_gets_(lo-hi)_times_twiddle
ntt32_butterfly_operand,1,1,3,v7,0,-1,-1,-1,-1,-1,-1,0,4,4,24,-1,lo,24,26,0,-147,1,-1,-1,-1,-1,-1,-1,low_operand_for_dif_butterfly
ntt32_butterfly_operand,1,1,3,v7,2,-1,-1,-1,-1,-1,-1,0,4,4,26,-1,hi,24,26,0,-147,1,-1,-1,-1,-1,-1,-1,dif_high_output_gets_(lo-hi)_times_twiddle
ntt32_butterfly_operand,1,1,3,v7,1,-1,-1,-1,-1,-1,-1,0,4,4,25,-1,lo,25,27,8,366,2749,-1,-1,-1,-1,-1,-1,low_operand_for_dif_butterfly
ntt32_butterfly_operand,1,1,3,v7,3,-1,-1,-1,-1,-1,-1,0,4,4,27,-1,hi,25,27,8,366,2749,-1,-1,-1,-1,-1,-1,dif_high_output_gets_(lo-hi)_times_twiddle
ntt32_butterfly_operand,1,1,3,v7,4,-1,-1,-1,-1,-1,-1,0,4,4,28,-1,lo,28,30,0,-147,1,-1,-1,-1,-1,-1,-1,low_operand_for_dif_butterfly
ntt32_butterfly_operand,1,1,3,v7,6,-1,-1,-1,-1,-1,-1,0,4,4,30,-1,hi,28,30,0,-147,1,-1,-1,-1,-1,-1,-1,dif_high_output_gets_(lo-hi)_times_twiddle
ntt32_butterfly_operand,1,1,3,v7,5,-1,-1,-1,-1,-1,-1,0,4,4,29,-1,lo,29,31,8,366,2749,-1,-1,-1,-1,-1,-1,low_operand_for_dif_butterfly
ntt32_butterfly_operand,1,1,3,v7,7,-1,-1,-1,-1,-1,-1,0,4,4,31,-1,hi,29,31,8,366,2749,-1,-1,-1,-1,-1,-1,dif_high_output_gets_(lo-hi)_times_twiddle
ntt32_initial_natural_pack,1,1,0,v4,0,-1,-1,-1,-1,-1,0,1,0,32,0,0,state,-1,-1,0,-147,1,385,641,513,0,64,32,natural_input_for_incomplete_dif_ntt32_pre_len2_output
ntt32_initial_natural_pack,1,1,0,v4,1,-1,-1,-1,-1,-1,1,1,0,32,1,1,state,-1,-1,0,-147,1,517,389,645,33,1,65,natural_input_for_incomplete_dif_ntt32_pre_len2_output
ntt32_initial_natural_pack,1,1,0,v4,2,-1,-1,-1,-1,-1,2,1,0,32,2,2,state,-1,-1,0,-147,1,649,521,393,66,34,2,natural_input_for_incomplete_dif_ntt32_pre_len2_output
ntt32_initial_natural_pack,1,1,0,v4,3,-1,-1,-1,-1,-1,3,1,0,32,3,3,state,-1,-1,0,-147,1,397,653,525,3,67,35,natural_input_for_incomplete_dif_ntt32_pre_len2_output
ntt32_initial_natural_pack,1,1,0,v4,4,-1,-1,-1,-1,-1,4,1,0,32,4,4,state,-1,-1,0,-147,1,529,401,657,36,4,68,natural_input_for_incomplete_dif_ntt32_pre_len2_output
ntt32_initial_natural_pack,1,1,0,v4,5,-1,-1,-1,-1,-1,5,1,0,32,5,5,state,-1,-1,0,-147,1,661,533,405,69,37,5,natural_input_for_incomplete_dif_ntt32_pre_len2_output
ntt32_initial_natural_pack,1,1,0,v4,6,-1,-1,-1,-1,-1,6,1,0,32,6,6,state,-1,-1,0,-147,1,409,665,537,6,70,38,natural_input_for_incomplete_dif_ntt32_pre_len2_output
ntt32_initial_natural_pack,1,1,0,v4,7,-1,-1,-1,-1,-1,7,1,0,32,7,7,state,-1,-1,0,-147,1,541,413,669,39,7,71,natural_input_for_incomplete_dif_ntt32_pre_len2_output
ntt32_initial_natural_pack,1,1,1,v5,0,-1,-1,-1,-1,-1,8,1,0,32,8,8,state,-1,-1,0,-147,1,673,545,417,72,40,8,natural_input_for_incomplete_dif_ntt32_pre_len2_output
ntt32_initial_natural_pack,1,1,1,v5,1,-1,-1,-1,-1,-1,9,1,0,32,9,9,state,-1,-1,0,-147,1,421,677,549,9,73,41,natural_input_for_incomplete_dif_ntt32_pre_len2_output
ntt32_initial_natural_pack,1,1,1,v5,2,-1,-1,-1,-1,-1,10,1,0,32,10,10,state,-1,-1,0,-147,1,553,425,681,42,10,74,natural_input_for_incomplete_dif_ntt32_pre_len2_output
ntt32_initial_natural_pack,1,1,1,v5,3,-1,-1,-1,-1,-1,11,1,0,32,11,11,state,-1,-1,0,-147,1,685,557,429,75,43,11,natural_input_for_incomplete_dif_ntt32_pre_len2_output
ntt32_initial_natural_pack,1,1,1,v5,4,-1,-1,-1,-1,-1,12,1,0,32,12,12,state,-1,-1,0,-147,1,433,689,561,12,76,44,natural_input_for_incomplete_dif_ntt32_pre_len2_output
ntt32_initial_natural_pack,1,1,1,v5,5,-1,-1,-1,-1,-1,13,1,0,32,13,13,state,-1,-1,0,-147,1,565,437,693,45,13,77,natural_input_for_incomplete_dif_ntt32_pre_len2_output
ntt32_initial_natural_pack,1,1,1,v5,6,-1,-1,-1,-1,-1,14,1,0,32,14,14,state,-1,-1,0,-147,1,697,569,441,78,46,14,natural_input_for_incomplete_dif_ntt32_pre_len2_output
ntt32_initial_natural_pack,1,1,1,v5,7,-1,-1,-1,-1,-1,15,1,0,32,15,15,state,-1,-1,0,-147,1,445,701,573,15,79,47,natural_input_for_incomplete_dif_ntt32_pre_len2_output
ntt32_initial_natural_pack,1,1,2,v6,0,-1,-1,-1,-1,-1,16,1,0,32,16,16,state,-1,-1,0,-147,1,577,449,705,48,16,80,natural_input_for_incomplete_dif_ntt32_pre_len2_output
ntt32_initial_natural_pack,1,1,2,v6,1,-1,-1,-1,-1,-1,17,1,0,32,17,17,state,-1,-1,0,-147,1,709,581,453,81,49,17,natural_input_for_incomplete_dif_ntt32_pre_len2_output
ntt32_initial_natural_pack,1,1,2,v6,2,-1,-1,-1,-1,-1,18,1,0,32,18,18,state,-1,-1,0,-147,1,457,713,585,18,82,50,natural_input_for_incomplete_dif_ntt32_pre_len2_output
ntt32_initial_natural_pack,1,1,2,v6,3,-1,-1,-1,-1,-1,19,1,0,32,19,19,state,-1,-1,0,-147,1,589,461,717,51,19,83,natural_input_for_incomplete_dif_ntt32_pre_len2_output
ntt32_initial_natural_pack,1,1,2,v6,4,-1,-1,-1,-1,-1,20,1,0,32,20,20,state,-1,-1,0,-147,1,721,593,465,84,52,20,natural_input_for_incomplete_dif_ntt32_pre_len2_output
ntt32_initial_natural_pack,1,1,2,v6,5,-1,-1,-1,-1,-1,21,1,0,32,21,21,state,-1,-1,0,-147,1,469,725,597,21,85,53,natural_input_for_incomplete_dif_ntt32_pre_len2_output
ntt32_initial_natural_pack,1,1,2,v6,6,-1,-1,-1,-1,-1,22,1,0,32,22,22,state,-1,-1,0,-147,1,601,473,729,54,22,86,natural_input_for_incomplete_dif_ntt32_pre_len2_output
ntt32_initial_natural_pack,1,1,2,v6,7,-1,-1,-1,-1,-1,23,1,0,32,23,23,state,-1,-1,0,-147,1,733,605,477,87,55,23,natural_input_for_incomplete_dif_ntt32_pre_len2_output
ntt32_initial_natural_pack,1,1,3,v7,0,-1,-1,-1,-1,-1,24,1,0,32,24,24,state,-1,-1,0,-147,1,481,737,609,24,88,56,natural_input_for_incomplete_dif_ntt32_pre_len2_output
ntt32_initial_natural_pack,1,1,3,v7,1,-1,-1,-1,-1,-1,25,1,0,32,25,25,state,-1,-1,0,-147,1,613,485,741,57,25,89,natural_input_for_incomplete_dif_ntt32_pre_len2_output
ntt32_initial_natural_pack,1,1,3,v7,2,-1,-1,-1,-1,-1,26,1,0,32,26,26,state,-1,-1,0,-147,1,745,617,489,90,58,26,natural_input_for_incomplete_dif_ntt32_pre_len2_output
ntt32_initial_natural_pack,1,1,3,v7,3,-1,-1,-1,-1,-1,27,1,0,32,27,27,state,-1,-1,0,-147,1,493,749,621,27,91,59,natural_input_for_incomplete_dif_ntt32_pre_len2_output
ntt32_initial_natural_pack,1,1,3,v7,4,-1,-1,-1,-1,-1,28,1,0,32,28,28,state,-1,-1,0,-147,1,625,497,753,60,28,92,natural_input_for_incomplete_dif_ntt32_pre_len2_output
ntt32_initial_natural_pack,1,1,3,v7,5,-1,-1,-1,-1,-1,29,1,0,32,29,29,state,-1,-1,0,-147,1,757,629,501,93,61,29,natural_input_for_incomplete_dif_ntt32_pre_len2_output
ntt32_initial_natural_pack,1,1,3,v7,6,-1,-1,-1,-1,-1,30,1,0,32,30,30,state,-1,-1,0,-147,1,505,761,633,30,94,62,natural_input_for_incomplete_dif_ntt32_pre_len2_output
ntt32_initial_natural_pack,1,1,3,v7,7,-1,-1,-1,-1,-1,31,1,0,32,31,31,state,-1,-1,0,-147,1,637,509,765,63,31,95,natural_input_for_incomplete_dif_ntt32_pre_len2_output
ntt32_butterfly_operand,1,1,0,v4,0,-1,-1,-1,-1,-1,-1,1,1,32,0,-1,lo,0,16,0,-147,1,-1,-1,-1,-1,-1,-1,low_operand_for_dif_butterfly
ntt32_butterfly_operand,1,1,2,v6,0,-1,-1,-1,-1,-1,-1,1,1,32,16,-1,hi,0,16,0,-147,1,-1,-1,-1,-1,-1,-1,dif_high_output_gets_(lo-hi)_times_twiddle
ntt32_butterfly_operand,1,1,0,v4,1,-1,-1,-1,-1,-1,-1,1,1,32,1,-1,lo,1,17,1,484,1784,-1,-1,-1,-1,-1,-1,low_operand_for_dif_butterfly
ntt32_butterfly_operand,1,1,2,v6,1,-1,-1,-1,-1,-1,-1,1,1,32,17,-1,hi,1,17,1,484,1784,-1,-1,-1,-1,-1,-1,dif_high_output_gets_(lo-hi)_times_twiddle
ntt32_butterfly_operand,1,1,0,v4,2,-1,-1,-1,-1,-1,-1,1,1,32,2,-1,lo,2,18,2,-794,2216,-1,-1,-1,-1,-1,-1,low_operand_for_dif_butterfly
ntt32_butterfly_operand,1,1,2,v6,2,-1,-1,-1,-1,-1,-1,1,1,32,18,-1,hi,2,18,2,-794,2216,-1,-1,-1,-1,-1,-1,dif_high_output_gets_(lo-hi)_times_twiddle
ntt32_butterfly_operand,1,1,0,v4,3,-1,-1,-1,-1,-1,-1,1,1,32,3,-1,lo,3,19,3,874,1993,-1,-1,-1,-1,-1,-1,low_operand_for_dif_butterfly
ntt32_butterfly_operand,1,1,2,v6,3,-1,-1,-1,-1,-1,-1,1,1,32,19,-1,hi,3,19,3,874,1993,-1,-1,-1,-1,-1,-1,dif_high_output_gets_(lo-hi)_times_twiddle
ntt32_butterfly_operand,1,1,0,v4,4,-1,-1,-1,-1,-1,-1,1,1,32,4,-1,lo,4,20,4,109,1716,-1,-1,-1,-1,-1,-1,low_operand_for_dif_butterfly
ntt32_butterfly_operand,1,1,2,v6,4,-1,-1,-1,-1,-1,-1,1,1,32,20,-1,hi,4,20,4,109,1716,-1,-1,-1,-1,-1,-1,dif_high_output_gets_(lo-hi)_times_twiddle
ntt32_butterfly_operand,1,1,0,v4,5,-1,-1,-1,-1,-1,-1,1,1,32,5,-1,lo,5,21,5,864,1899,-1,-1,-1,-1,-1,-1,low_operand_for_dif_butterfly
ntt32_butterfly_operand,1,1,2,v6,5,-1,-1,-1,-1,-1,-1,1,1,32,21,-1,hi,5,21,5,864,1899,-1,-1,-1,-1,-1,-1,dif_high_output_gets_(lo-hi)_times_twiddle
ntt32_butterfly_operand,1,1,0,v4,6,-1,-1,-1,-1,-1,-1,1,1,32,6,-1,lo,6,22,6,-446,3413,-1,-1,-1,-1,-1,-1,low_operand_for_dif_butterfly
ntt32_butterfly_operand,1,1,2,v6,6,-1,-1,-1,-1,-1,-1,1,1,32,22,-1,hi,6,22,6,-446,3413,-1,-1,-1,-1,-1,-1,dif_high_output_gets_(lo-hi)_times_twiddle
ntt32_butterfly_operand,1,1,0,v4,7,-1,-1,-1,-1,-1,-1,1,1,32,7,-1,lo,7,23,7,-554,1015,-1,-1,-1,-1,-1,-1,low_operand_for_dif_butterfly
ntt32_butterfly_operand,1,1,2,v6,7,-1,-1,-1,-1,-1,-1,1,1,32,23,-1,hi,7,23,7,-554,1015,-1,-1,-1,-1,-1,-1,dif_high_output_gets_(lo-hi)_times_twiddle
ntt32_butterfly_operand,1,1,1,v5,0,-1,-1,-1,-1,-1,-1,1,1,32,8,-1,lo,8,24,8,366,2749,-1,-1,-1,-1,-1,-1,low_operand_for_dif_butterfly
ntt32_butterfly_operand,1,1,3,v7,0,-1,-1,-1,-1,-1,-1,1,1,32,24,-1,hi,8,24,8,366,2749,-1,-1,-1,-1,-1,-1,dif_high_output_gets_(lo-hi)_times_twiddle
ntt32_butterfly_operand,1,1,1,v5,1,-1,-1,-1,-1,-1,-1,1,1,32,9,-1,lo,9,25,9,-429,2190,-1,-1,-1,-1,-1,-1,low_operand_for_dif_butterfly
ntt32_butterfly_operand,1,1,3,v7,1,-1,-1,-1,-1,-1,-1,1,1,32,25,-1,hi,9,25,9,-429,2190,-1,-1,-1,-1,-1,-1,dif_high_output_gets_(lo-hi)_times_twiddle
ntt32_butterfly_operand,1,1,1,v5,2,-1,-1,-1,-1,-1,-1,1,1,32,10,-1,lo,10,26,10,-1339,550,-1,-1,-1,-1,-1,-1,low_operand_for_dif_butterfly
ntt32_butterfly_operand,1,1,3,v7,2,-1,-1,-1,-1,-1,-1,1,1,32,26,-1,hi,10,26,10,-1339,550,-1,-1,-1,-1,-1,-1,dif_high_output_gets_(lo-hi)_times_twiddle
ntt32_butterfly_operand,1,1,1,v5,3,-1,-1,-1,-1,-1,-1,1,1,32,11,-1,lo,11,27,11,11,2869,-1,-1,-1,-1,-1,-1,low_operand_for_dif_butterfly
ntt32_butterfly_operand,1,1,3,v7,3,-1,-1,-1,-1,-1,-1,1,1,32,27,-1,hi,11,27,11,11,2869,-1,-1,-1,-1,-1,-1,dif_high_output_gets_(lo-hi)_times_twiddle
ntt32_butterfly_operand,1,1,1,v5,4,-1,-1,-1,-1,-1,-1,1,1,32,12,-1,lo,12,28,12,-1118,1936,-1,-1,-1,-1,-1,-1,low_operand_for_dif_butterfly
ntt32_butterfly_operand,1,1,3,v7,4,-1,-1,-1,-1,-1,-1,1,1,32,28,-1,hi,12,28,12,-1118,1936,-1,-1,-1,-1,-1,-1,dif_high_output_gets_(lo-hi)_times_twiddle
ntt32_butterfly_operand,1,1,1,v5,5,-1,-1,-1,-1,-1,-1,1,1,32,13,-1,lo,13,29,13,177,281,-1,-1,-1,-1,-1,-1,low_operand_for_dif_butterfly
ntt32_butterfly_operand,1,1,3,v7,5,-1,-1,-1,-1,-1,-1,1,1,32,29,-1,hi,13,29,13,177,281,-1,-1,-1,-1,-1,-1,dif_high_output_gets_(lo-hi)_times_twiddle
ntt32_butterfly_operand,1,1,1,v5,6,-1,-1,-1,-1,-1,-1,1,1,32,14,-1,lo,14,30,14,1181,39,-1,-1,-1,-1,-1,-1,low_operand_for_dif_butterfly
ntt32_butterfly_operand,1,1,3,v7,6,-1,-1,-1,-1,-1,-1,1,1,32,30,-1,hi,14,30,14,1181,39,-1,-1,-1,-1,-1,-1,dif_high_output_gets_(lo-hi)_times_twiddle
ntt32_butterfly_operand,1,1,1,v5,7,-1,-1,-1,-1,-1,-1,1,1,32,15,-1,lo,15,31,15,1591,436,-1,-1,-1,-1,-1,-1,low_operand_for_dif_butterfly
ntt32_butterfly_operand,1,1,3,v7,7,-1,-1,-1,-1,-1,-1,1,1,32,31,-1,hi,15,31,15,1591,436,-1,-1,-1,-1,-1,-1,dif_high_output_gets_(lo-hi)_times_twiddle
ntt32_butterfly_operand,1,1,0,v4,0,-1,-1,-1,-1,-1,-1,1,2,16,0,-1,lo,0,8,0,-147,1,-1,-1,-1,-1,-1,-1,low_operand_for_dif_butterfly
ntt32_butterfly_operand,1,1,1,v5,0,-1,-1,-1,-1,-1,-1,1,2,16,8,-1,hi,0,8,0,-147,1,-1,-1,-1,-1,-1,-1,dif_high_output_gets_(lo-hi)_times_twiddle
ntt32_butterfly_operand,1,1,0,v4,1,-1,-1,-1,-1,-1,-1,1,2,16,1,-1,lo,1,9,2,-794,2216,-1,-1,-1,-1,-1,-1,low_operand_for_dif_butterfly
ntt32_butterfly_operand,1,1,1,v5,1,-1,-1,-1,-1,-1,-1,1,2,16,9,-1,hi,1,9,2,-794,2216,-1,-1,-1,-1,-1,-1,dif_high_output_gets_(lo-hi)_times_twiddle
ntt32_butterfly_operand,1,1,0,v4,2,-1,-1,-1,-1,-1,-1,1,2,16,2,-1,lo,2,10,4,109,1716,-1,-1,-1,-1,-1,-1,low_operand_for_dif_butterfly
ntt32_butterfly_operand,1,1,1,v5,2,-1,-1,-1,-1,-1,-1,1,2,16,10,-1,hi,2,10,4,109,1716,-1,-1,-1,-1,-1,-1,dif_high_output_gets_(lo-hi)_times_twiddle
ntt32_butterfly_operand,1,1,0,v4,3,-1,-1,-1,-1,-1,-1,1,2,16,3,-1,lo,3,11,6,-446,3413,-1,-1,-1,-1,-1,-1,low_operand_for_dif_butterfly
ntt32_butterfly_operand,1,1,1,v5,3,-1,-1,-1,-1,-1,-1,1,2,16,11,-1,hi,3,11,6,-446,3413,-1,-1,-1,-1,-1,-1,dif_high_output_gets_(lo-hi)_times_twiddle
ntt32_butterfly_operand,1,1,0,v4,4,-1,-1,-1,-1,-1,-1,1,2,16,4,-1,lo,4,12,8,366,2749,-1,-1,-1,-1,-1,-1,low_operand_for_dif_butterfly
ntt32_butterfly_operand,1,1,1,v5,4,-1,-1,-1,-1,-1,-1,1,2,16,12,-1,hi,4,12,8,366,2749,-1,-1,-1,-1,-1,-1,dif_high_output_gets_(lo-hi)_times_twiddle
ntt32_butterfly_operand,1,1,0,v4,5,-1,-1,-1,-1,-1,-1,1,2,16,5,-1,lo,5,13,10,-1339,550,-1,-1,-1,-1,-1,-1,low_operand_for_dif_butterfly
ntt32_butterfly_operand,1,1,1,v5,5,-1,-1,-1,-1,-1,-1,1,2,16,13,-1,hi,5,13,10,-1339,550,-1,-1,-1,-1,-1,-1,dif_high_output_gets_(lo-hi)_times_twiddle
ntt32_butterfly_operand,1,1,0,v4,6,-1,-1,-1,-1,-1,-1,1,2,16,6,-1,lo,6,14,12,-1118,1936,-1,-1,-1,-1,-1,-1,low_operand_for_dif_butterfly
ntt32_butterfly_operand,1,1,1,v5,6,-1,-1,-1,-1,-1,-1,1,2,16,14,-1,hi,6,14,12,-1118,1936,-1,-1,-1,-1,-1,-1,dif_high_output_gets_(lo-hi)_times_twiddle
ntt32_butterfly_operand,1,1,0,v4,7,-1,-1,-1,-1,-1,-1,1,2,16,7,-1,lo,7,15,14,1181,39,-1,-1,-1,-1,-1,-1,low_operand_for_dif_butterfly
ntt32_butterfly_operand,1,1,1,v5,7,-1,-1,-1,-1,-1,-1,1,2,16,15,-1,hi,7,15,14,1181,39,-1,-1,-1,-1,-1,-1,dif_high_output_gets_(lo-hi)_times_twiddle
ntt32_butterfly_operand,1,1,2,v6,0,-1,-1,-1,-1,-1,-1,1,2,16,16,-1,lo,16,24,0,-147,1,-1,-1,-1,-1,-1,-1,low_operand_for_dif_butterfly
ntt32_butterfly_operand,1,1,3,v7,0,-1,-1,-1,-1,-1,-1,1,2,16,24,-1,hi,16,24,0,-147,1,-1,-1,-1,-1,-1,-1,dif_high_output_gets_(lo-hi)_times_twiddle
ntt32_butterfly_operand,1,1,2,v6,1,-1,-1,-1,-1,-1,-1,1,2,16,17,-1,lo,17,25,2,-794,2216,-1,-1,-1,-1,-1,-1,low_operand_for_dif_butterfly
ntt32_butterfly_operand,1,1,3,v7,1,-1,-1,-1,-1,-1,-1,1,2,16,25,-1,hi,17,25,2,-794,2216,-1,-1,-1,-1,-1,-1,dif_high_output_gets_(lo-hi)_times_twiddle
ntt32_butterfly_operand,1,1,2,v6,2,-1,-1,-1,-1,-1,-1,1,2,16,18,-1,lo,18,26,4,109,1716,-1,-1,-1,-1,-1,-1,low_operand_for_dif_butterfly
ntt32_butterfly_operand,1,1,3,v7,2,-1,-1,-1,-1,-1,-1,1,2,16,26,-1,hi,18,26,4,109,1716,-1,-1,-1,-1,-1,-1,dif_high_output_gets_(lo-hi)_times_twiddle
ntt32_butterfly_operand,1,1,2,v6,3,-1,-1,-1,-1,-1,-1,1,2,16,19,-1,lo,19,27,6,-446,3413,-1,-1,-1,-1,-1,-1,low_operand_for_dif_butterfly
ntt32_butterfly_operand,1,1,3,v7,3,-1,-1,-1,-1,-1,-1,1,2,16,27,-1,hi,19,27,6,-446,3413,-1,-1,-1,-1,-1,-1,dif_high_output_gets_(lo-hi)_times_twiddle
ntt32_butterfly_operand,1,1,2,v6,4,-1,-1,-1,-1,-1,-1,1,2,16,20,-1,lo,20,28,8,366,2749,-1,-1,-1,-1,-1,-1,low_operand_for_dif_butterfly
ntt32_butterfly_operand,1,1,3,v7,4,-1,-1,-1,-1,-1,-1,1,2,16,28,-1,hi,20,28,8,366,2749,-1,-1,-1,-1,-1,-1,dif_high_output_gets_(lo-hi)_times_twiddle
ntt32_butterfly_operand,1,1,2,v6,5,-1,-1,-1,-1,-1,-1,1,2,16,21,-1,lo,21,29,10,-1339,550,-1,-1,-1,-1,-1,-1,low_operand_for_dif_butterfly
ntt32_butterfly_operand,1,1,3,v7,5,-1,-1,-1,-1,-1,-1,1,2,16,29,-1,hi,21,29,10,-1339,550,-1,-1,-1,-1,-1,-1,dif_high_output_gets_(lo-hi)_times_twiddle
ntt32_butterfly_operand,1,1,2,v6,6,-1,-1,-1,-1,-1,-1,1,2,16,22,-1,lo,22,30,12,-1118,1936,-1,-1,-1,-1,-1,-1,low_operand_for_dif_butterfly
ntt32_butterfly_operand,1,1,3,v7,6,-1,-1,-1,-1,-1,-1,1,2,16,30,-1,hi,22,30,12,-1118,1936,-1,-1,-1,-1,-1,-1,dif_high_output_gets_(lo-hi)_times_twiddle
ntt32_butterfly_operand,1,1,2,v6,7,-1,-1,-1,-1,-1,-1,1,2,16,23,-1,lo,23,31,14,1181,39,-1,-1,-1,-1,-1,-1,low_operand_for_dif_butterfly
ntt32_butterfly_operand,1,1,3,v7,7,-1,-1,-1,-1,-1,-1,1,2,16,31,-1,hi,23,31,14,1181,39,-1,-1,-1,-1,-1,-1,dif_high_output_gets_(lo-hi)_times_twiddle
ntt32_butterfly_operand,1,1,0,v4,0,-1,-1,-1,-1,-1,-1,1,3,8,0,-1,lo,0,4,0,-147,1,-1,-1,-1,-1,-1,-1,low_operand_for_dif_butterfly
ntt32_butterfly_operand,1,1,0,v4,4,-1,-1,-1,-1,-1,-1,1,3,8,4,-1,hi,0,4,0,-147,1,-1,-1,-1,-1,-1,-1,dif_high_output_gets_(lo-hi)_times_twiddle
ntt32_butterfly_operand,1,1,0,v4,1,-1,-1,-1,-1,-1,-1,1,3,8,1,-1,lo,1,5,4,109,1716,-1,-1,-1,-1,-1,-1,low_operand_for_dif_butterfly
ntt32_butterfly_operand,1,1,0,v4,5,-1,-1,-1,-1,-1,-1,1,3,8,5,-1,hi,1,5,4,109,1716,-1,-1,-1,-1,-1,-1,dif_high_output_gets_(lo-hi)_times_twiddle
ntt32_butterfly_operand,1,1,0,v4,2,-1,-1,-1,-1,-1,-1,1,3,8,2,-1,lo,2,6,8,366,2749,-1,-1,-1,-1,-1,-1,low_operand_for_dif_butterfly
ntt32_butterfly_operand,1,1,0,v4,6,-1,-1,-1,-1,-1,-1,1,3,8,6,-1,hi,2,6,8,366,2749,-1,-1,-1,-1,-1,-1,dif_high_output_gets_(lo-hi)_times_twiddle
ntt32_butterfly_operand,1,1,0,v4,3,-1,-1,-1,-1,-1,-1,1,3,8,3,-1,lo,3,7,12,-1118,1936,-1,-1,-1,-1,-1,-1,low_operand_for_dif_butterfly
ntt32_butterfly_operand,1,1,0,v4,7,-1,-1,-1,-1,-1,-1,1,3,8,7,-1,hi,3,7,12,-1118,1936,-1,-1,-1,-1,-1,-1,dif_high_output_gets_(lo-hi)_times_twiddle
ntt32_butterfly_operand,1,1,1,v5,0,-1,-1,-1,-1,-1,-1,1,3,8,8,-1,lo,8,12,0,-147,1,-1,-1,-1,-1,-1,-1,low_operand_for_dif_butterfly
ntt32_butterfly_operand,1,1,1,v5,4,-1,-1,-1,-1,-1,-1,1,3,8,12,-1,hi,8,12,0,-147,1,-1,-1,-1,-1,-1,-1,dif_high_output_gets_(lo-hi)_times_twiddle
ntt32_butterfly_operand,1,1,1,v5,1,-1,-1,-1,-1,-1,-1,1,3,8,9,-1,lo,9,13,4,109,1716,-1,-1,-1,-1,-1,-1,low_operand_for_dif_butterfly
ntt32_butterfly_operand,1,1,1,v5,5,-1,-1,-1,-1,-1,-1,1,3,8,13,-1,hi,9,13,4,109,1716,-1,-1,-1,-1,-1,-1,dif_high_output_gets_(lo-hi)_times_twiddle
ntt32_butterfly_operand,1,1,1,v5,2,-1,-1,-1,-1,-1,-1,1,3,8,10,-1,lo,10,14,8,366,2749,-1,-1,-1,-1,-1,-1,low_operand_for_dif_butterfly
ntt32_butterfly_operand,1,1,1,v5,6,-1,-1,-1,-1,-1,-1,1,3,8,14,-1,hi,10,14,8,366,2749,-1,-1,-1,-1,-1,-1,dif_high_output_gets_(lo-hi)_times_twiddle
ntt32_butterfly_operand,1,1,1,v5,3,-1,-1,-1,-1,-1,-1,1,3,8,11,-1,lo,11,15,12,-1118,1936,-1,-1,-1,-1,-1,-1,low_operand_for_dif_butterfly
ntt32_butterfly_operand,1,1,1,v5,7,-1,-1,-1,-1,-1,-1,1,3,8,15,-1,hi,11,15,12,-1118,1936,-1,-1,-1,-1,-1,-1,dif_high_output_gets_(lo-hi)_times_twiddle
ntt32_butterfly_operand,1,1,2,v6,0,-1,-1,-1,-1,-1,-1,1,3,8,16,-1,lo,16,20,0,-147,1,-1,-1,-1,-1,-1,-1,low_operand_for_dif_butterfly
ntt32_butterfly_operand,1,1,2,v6,4,-1,-1,-1,-1,-1,-1,1,3,8,20,-1,hi,16,20,0,-147,1,-1,-1,-1,-1,-1,-1,dif_high_output_gets_(lo-hi)_times_twiddle
ntt32_butterfly_operand,1,1,2,v6,1,-1,-1,-1,-1,-1,-1,1,3,8,17,-1,lo,17,21,4,109,1716,-1,-1,-1,-1,-1,-1,low_operand_for_dif_butterfly
ntt32_butterfly_operand,1,1,2,v6,5,-1,-1,-1,-1,-1,-1,1,3,8,21,-1,hi,17,21,4,109,1716,-1,-1,-1,-1,-1,-1,dif_high_output_gets_(lo-hi)_times_twiddle
ntt32_butterfly_operand,1,1,2,v6,2,-1,-1,-1,-1,-1,-1,1,3,8,18,-1,lo,18,22,8,366,2749,-1,-1,-1,-1,-1,-1,low_operand_for_dif_butterfly
ntt32_butterfly_operand,1,1,2,v6,6,-1,-1,-1,-1,-1,-1,1,3,8,22,-1,hi,18,22,8,366,2749,-1,-1,-1,-1,-1,-1,dif_high_output_gets_(lo-hi)_times_twiddle
ntt32_butterfly_operand,1,1,2,v6,3,-1,-1,-1,-1,-1,-1,1,3,8,19,-1,lo,19,23,12,-1118,1936,-1,-1,-1,-1,-1,-1,low_operand_for_dif_butterfly
ntt32_butterfly_operand,1,1,2,v6,7,-1,-1,-1,-1,-1,-1,1,3,8,23,-1,hi,19,23,12,-1118,1936,-1,-1,-1,-1,-1,-1,dif_high_output_gets_(lo-hi)_times_twiddle
ntt32_butterfly_operand,1,1,3,v7,0,-1,-1,-1,-1,-1,-1,1,3,8,24,-1,lo,24,28,0,-147,1,-1,-1,-1,-1,-1,-1,low_operand_for_dif_butterfly
ntt32_butterfly_operand,1,1,3,v7,4,-1,-1,-1,-1,-1,-1,1,3,8,28,-1,hi,24,28,0,-147,1,-1,-1,-1,-1,-1,-1,dif_high_output_gets_(lo-hi)_times_twiddle
ntt32_butterfly_operand,1,1,3,v7,1,-1,-1,-1,-1,-1,-1,1,3,8,25,-1,lo,25,29,4,109,1716,-1,-1,-1,-1,-1,-1,low_operand_for_dif_butterfly
ntt32_butterfly_operand,1,1,3,v7,5,-1,-1,-1,-1,-1,-1,1,3,8,29,-1,hi,25,29,4,109,1716,-1,-1,-1,-1,-1,-1,dif_high_output_gets_(lo-hi)_times_twiddle
ntt32_butterfly_operand,1,1,3,v7,2,-1,-1,-1,-1,-1,-1,1,3,8,26,-1,lo,26,30,8,366,2749,-1,-1,-1,-1,-1,-1,low_operand_for_dif_butterfly
ntt32_butterfly_operand,1,1,3,v7,6,-1,-1,-1,-1,-1,-1,1,3,8,30,-1,hi,26,30,8,366,2749,-1,-1,-1,-1,-1,-1,dif_high_output_gets_(lo-hi)_times_twiddle
ntt32_butterfly_operand,1,1,3,v7,3,-1,-1,-1,-1,-1,-1,1,3,8,27,-1,lo,27,31,12,-1118,1936,-1,-1,-1,-1,-1,-1,low_operand_for_dif_butterfly
ntt32_butterfly_operand,1,1,3,v7,7,-1,-1,-1,-1,-1,-1,1,3,8,31,-1,hi,27,31,12,-1118,1936,-1,-1,-1,-1,-1,-1,dif_high_output_gets_(lo-hi)_times_twiddle
ntt32_butterfly_operand,1,1,0,v4,0,-1,-1,-1,-1,-1,-1,1,4,4,0,-1,lo,0,2,0,-147,1,-1,-1,-1,-1,-1,-1,low_operand_for_dif_butterfly
ntt32_butterfly_operand,1,1,0,v4,2,-1,-1,-1,-1,-1,-1,1,4,4,2,-1,hi,0,2,0,-147,1,-1,-1,-1,-1,-1,-1,dif_high_output_gets_(lo-hi)_times_twiddle
ntt32_butterfly_operand,1,1,0,v4,1,-1,-1,-1,-1,-1,-1,1,4,4,1,-1,lo,1,3,8,366,2749,-1,-1,-1,-1,-1,-1,low_operand_for_dif_butterfly
ntt32_butterfly_operand,1,1,0,v4,3,-1,-1,-1,-1,-1,-1,1,4,4,3,-1,hi,1,3,8,366,2749,-1,-1,-1,-1,-1,-1,dif_high_output_gets_(lo-hi)_times_twiddle
ntt32_butterfly_operand,1,1,0,v4,4,-1,-1,-1,-1,-1,-1,1,4,4,4,-1,lo,4,6,0,-147,1,-1,-1,-1,-1,-1,-1,low_operand_for_dif_butterfly
ntt32_butterfly_operand,1,1,0,v4,6,-1,-1,-1,-1,-1,-1,1,4,4,6,-1,hi,4,6,0,-147,1,-1,-1,-1,-1,-1,-1,dif_high_output_gets_(lo-hi)_times_twiddle
ntt32_butterfly_operand,1,1,0,v4,5,-1,-1,-1,-1,-1,-1,1,4,4,5,-1,lo,5,7,8,366,2749,-1,-1,-1,-1,-1,-1,low_operand_for_dif_butterfly
ntt32_butterfly_operand,1,1,0,v4,7,-1,-1,-1,-1,-1,-1,1,4,4,7,-1,hi,5,7,8,366,2749,-1,-1,-1,-1,-1,-1,dif_high_output_gets_(lo-hi)_times_twiddle
ntt32_butterfly_operand,1,1,1,v5,0,-1,-1,-1,-1,-1,-1,1,4,4,8,-1,lo,8,10,0,-147,1,-1,-1,-1,-1,-1,-1,low_operand_for_dif_butterfly
ntt32_butterfly_operand,1,1,1,v5,2,-1,-1,-1,-1,-1,-1,1,4,4,10,-1,hi,8,10,0,-147,1,-1,-1,-1,-1,-1,-1,dif_high_output_gets_(lo-hi)_times_twiddle
ntt32_butterfly_operand,1,1,1,v5,1,-1,-1,-1,-1,-1,-1,1,4,4,9,-1,lo,9,11,8,366,2749,-1,-1,-1,-1,-1,-1,low_operand_for_dif_butterfly
ntt32_butterfly_operand,1,1,1,v5,3,-1,-1,-1,-1,-1,-1,1,4,4,11,-1,hi,9,11,8,366,2749,-1,-1,-1,-1,-1,-1,dif_high_output_gets_(lo-hi)_times_twiddle
ntt32_butterfly_operand,1,1,1,v5,4,-1,-1,-1,-1,-1,-1,1,4,4,12,-1,lo,12,14,0,-147,1,-1,-1,-1,-1,-1,-1,low_operand_for_dif_butterfly
ntt32_butterfly_operand,1,1,1,v5,6,-1,-1,-1,-1,-1,-1,1,4,4,14,-1,hi,12,14,0,-147,1,-1,-1,-1,-1,-1,-1,dif_high_output_gets_(lo-hi)_times_twiddle
ntt32_butterfly_operand,1,1,1,v5,5,-1,-1,-1,-1,-1,-1,1,4,4,13,-1,lo,13,15,8,366,2749,-1,-1,-1,-1,-1,-1,low_operand_for_dif_butterfly
ntt32_butterfly_operand,1,1,1,v5,7,-1,-1,-1,-1,-1,-1,1,4,4,15,-1,hi,13,15,8,366,2749,-1,-1,-1,-1,-1,-1,dif_high_output_gets_(lo-hi)_times_twiddle
ntt32_butterfly_operand,1,1,2,v6,0,-1,-1,-1,-1,-1,-1,1,4,4,16,-1,lo,16,18,0,-147,1,-1,-1,-1,-1,-1,-1,low_operand_for_dif_butterfly
ntt32_butterfly_operand,1,1,2,v6,2,-1,-1,-1,-1,-1,-1,1,4,4,18,-1,hi,16,18,0,-147,1,-1,-1,-1,-1,-1,-1,dif_high_output_gets_(lo-hi)_times_twiddle
ntt32_butterfly_operand,1,1,2,v6,1,-1,-1,-1,-1,-1,-1,1,4,4,17,-1,lo,17,19,8,366,2749,-1,-1,-1,-1,-1,-1,low_operand_for_dif_butterfly
ntt32_butterfly_operand,1,1,2,v6,3,-1,-1,-1,-1,-1,-1,1,4,4,19,-1,hi,17,19,8,366,2749,-1,-1,-1,-1,-1,-1,dif_high_output_gets_(lo-hi)_times_twiddle
ntt32_butterfly_operand,1,1,2,v6,4,-1,-1,-1,-1,-1,-1,1,4,4,20,-1,lo,20,22,0,-147,1,-1,-1,-1,-1,-1,-1,low_operand_for_dif_butterfly
ntt32_butterfly_operand,1,1,2,v6,6,-1,-1,-1,-1,-1,-1,1,4,4,22,-1,hi,20,22,0,-147,1,-1,-1,-1,-1,-1,-1,dif_high_output_gets_(lo-hi)_times_twiddle
ntt32_butterfly_operand,1,1,2,v6,5,-1,-1,-1,-1,-1,-1,1,4,4,21,-1,lo,21,23,8,366,2749,-1,-1,-1,-1,-1,-1,low_operand_for_dif_butterfly
ntt32_butterfly_operand,1,1,2,v6,7,-1,-1,-1,-1,-1,-1,1,4,4,23,-1,hi,21,23,8,366,2749,-1,-1,-1,-1,-1,-1,dif_high_output_gets_(lo-hi)_times_twiddle
ntt32_butterfly_operand,1,1,3,v7,0,-1,-1,-1,-1,-1,-1,1,4,4,24,-1,lo,24,26,0,-147,1,-1,-1,-1,-1,-1,-1,low_operand_for_dif_butterfly
ntt32_butterfly_operand,1,1,3,v7,2,-1,-1,-1,-1,-1,-1,1,4,4,26,-1,hi,24,26,0,-147,1,-1,-1,-1,-1,-1,-1,dif_high_output_gets_(lo-hi)_times_twiddle
ntt32_butterfly_operand,1,1,3,v7,1,-1,-1,-1,-1,-1,-1,1,4,4,25,-1,lo,25,27,8,366,2749,-1,-1,-1,-1,-1,-1,low_operand_for_dif_butterfly
ntt32_butterfly_operand,1,1,3,v7,3,-1,-1,-1,-1,-1,-1,1,4,4,27,-1,hi,25,27,8,366,2749,-1,-1,-1,-1,-1,-1,dif_high_output_gets_(lo-hi)_times_twiddle
ntt32_butterfly_operand,1,1,3,v7,4,-1,-1,-1,-1,-1,-1,1,4,4,28,-1,lo,28,30,0,-147,1,-1,-1,-1,-1,-1,-1,low_operand_for_dif_butterfly
ntt32_butterfly_operand,1,1,3,v7,6,-1,-1,-1,-1,-1,-1,1,4,4,30,-1,hi,28,30,0,-147,1,-1,-1,-1,-1,-1,-1,dif_high_output_gets_(lo-hi)_times_twiddle
ntt32_butterfly_operand,1,1,3,v7,5,-1,-1,-1,-1,-1,-1,1,4,4,29,-1,lo,29,31,8,366,2749,-1,-1,-1,-1,-1,-1,low_operand_for_dif_butterfly
ntt32_butterfly_operand,1,1,3,v7,7,-1,-1,-1,-1,-1,-1,1,4,4,31,-1,hi,29,31,8,366,2749,-1,-1,-1,-1,-1,-1,dif_high_output_gets_(lo-hi)_times_twiddle
ntt32_initial_natural_pack,1,1,0,v4,0,-1,-1,-1,-1,-1,0,2,0,32,0,0,state,-1,-1,0,-147,1,385,641,513,0,64,32,natural_input_for_incomplete_dif_ntt32_pre_len2_output
ntt32_initial_natural_pack,1,1,0,v4,1,-1,-1,-1,-1,-1,1,2,0,32,1,1,state,-1,-1,0,-147,1,517,389,645,33,1,65,natural_input_for_incomplete_dif_ntt32_pre_len2_output
ntt32_initial_natural_pack,1,1,0,v4,2,-1,-1,-1,-1,-1,2,2,0,32,2,2,state,-1,-1,0,-147,1,649,521,393,66,34,2,natural_input_for_incomplete_dif_ntt32_pre_len2_output
ntt32_initial_natural_pack,1,1,0,v4,3,-1,-1,-1,-1,-1,3,2,0,32,3,3,state,-1,-1,0,-147,1,397,653,525,3,67,35,natural_input_for_incomplete_dif_ntt32_pre_len2_output
ntt32_initial_natural_pack,1,1,0,v4,4,-1,-1,-1,-1,-1,4,2,0,32,4,4,state,-1,-1,0,-147,1,529,401,657,36,4,68,natural_input_for_incomplete_dif_ntt32_pre_len2_output
ntt32_initial_natural_pack,1,1,0,v4,5,-1,-1,-1,-1,-1,5,2,0,32,5,5,state,-1,-1,0,-147,1,661,533,405,69,37,5,natural_input_for_incomplete_dif_ntt32_pre_len2_output
ntt32_initial_natural_pack,1,1,0,v4,6,-1,-1,-1,-1,-1,6,2,0,32,6,6,state,-1,-1,0,-147,1,409,665,537,6,70,38,natural_input_for_incomplete_dif_ntt32_pre_len2_output
ntt32_initial_natural_pack,1,1,0,v4,7,-1,-1,-1,-1,-1,7,2,0,32,7,7,state,-1,-1,0,-147,1,541,413,669,39,7,71,natural_input_for_incomplete_dif_ntt32_pre_len2_output
ntt32_initial_natural_pack,1,1,1,v5,0,-1,-1,-1,-1,-1,8,2,0,32,8,8,state,-1,-1,0,-147,1,673,545,417,72,40,8,natural_input_for_incomplete_dif_ntt32_pre_len2_output
ntt32_initial_natural_pack,1,1,1,v5,1,-1,-1,-1,-1,-1,9,2,0,32,9,9,state,-1,-1,0,-147,1,421,677,549,9,73,41,natural_input_for_incomplete_dif_ntt32_pre_len2_output
ntt32_initial_natural_pack,1,1,1,v5,2,-1,-1,-1,-1,-1,10,2,0,32,10,10,state,-1,-1,0,-147,1,553,425,681,42,10,74,natural_input_for_incomplete_dif_ntt32_pre_len2_output
ntt32_initial_natural_pack,1,1,1,v5,3,-1,-1,-1,-1,-1,11,2,0,32,11,11,state,-1,-1,0,-147,1,685,557,429,75,43,11,natural_input_for_incomplete_dif_ntt32_pre_len2_output
ntt32_initial_natural_pack,1,1,1,v5,4,-1,-1,-1,-1,-1,12,2,0,32,12,12,state,-1,-1,0,-147,1,433,689,561,12,76,44,natural_input_for_incomplete_dif_ntt32_pre_len2_output
ntt32_initial_natural_pack,1,1,1,v5,5,-1,-1,-1,-1,-1,13,2,0,32,13,13,state,-1,-1,0,-147,1,565,437,693,45,13,77,natural_input_for_incomplete_dif_ntt32_pre_len2_output
ntt32_initial_natural_pack,1,1,1,v5,6,-1,-1,-1,-1,-1,14,2,0,32,14,14,state,-1,-1,0,-147,1,697,569,441,78,46,14,natural_input_for_incomplete_dif_ntt32_pre_len2_output
ntt32_initial_natural_pack,1,1,1,v5,7,-1,-1,-1,-1,-1,15,2,0,32,15,15,state,-1,-1,0,-147,1,445,701,573,15,79,47,natural_input_for_incomplete_dif_ntt32_pre_len2_output
ntt32_initial_natural_pack,1,1,2,v6,0,-1,-1,-1,-1,-1,16,2,0,32,16,16,state,-1,-1,0,-147,1,577,449,705,48,16,80,natural_input_for_incomplete_dif_ntt32_pre_len2_output
ntt32_initial_natural_pack,1,1,2,v6,1,-1,-1,-1,-1,-1,17,2,0,32,17,17,state,-1,-1,0,-147,1,709,581,453,81,49,17,natural_input_for_incomplete_dif_ntt32_pre_len2_output
ntt32_initial_natural_pack,1,1,2,v6,2,-1,-1,-1,-1,-1,18,2,0,32,18,18,state,-1,-1,0,-147,1,457,713,585,18,82,50,natural_input_for_incomplete_dif_ntt32_pre_len2_output
ntt32_initial_natural_pack,1,1,2,v6,3,-1,-1,-1,-1,-1,19,2,0,32,19,19,state,-1,-1,0,-147,1,589,461,717,51,19,83,natural_input_for_incomplete_dif_ntt32_pre_len2_output
ntt32_initial_natural_pack,1,1,2,v6,4,-1,-1,-1,-1,-1,20,2,0,32,20,20,state,-1,-1,0,-147,1,721,593,465,84,52,20,natural_input_for_incomplete_dif_ntt32_pre_len2_output
ntt32_initial_natural_pack,1,1,2,v6,5,-1,-1,-1,-1,-1,21,2,0,32,21,21,state,-1,-1,0,-147,1,469,725,597,21,85,53,natural_input_for_incomplete_dif_ntt32_pre_len2_output
ntt32_initial_natural_pack,1,1,2,v6,6,-1,-1,-1,-1,-1,22,2,0,32,22,22,state,-1,-1,0,-147,1,601,473,729,54,22,86,natural_input_for_incomplete_dif_ntt32_pre_len2_output
ntt32_initial_natural_pack,1,1,2,v6,7,-1,-1,-1,-1,-1,23,2,0,32,23,23,state,-1,-1,0,-147,1,733,605,477,87,55,23,natural_input_for_incomplete_dif_ntt32_pre_len2_output
ntt32_initial_natural_pack,1,1,3,v7,0,-1,-1,-1,-1,-1,24,2,0,32,24,24,state,-1,-1,0,-147,1,481,737,609,24,88,56,natural_input_for_incomplete_dif_ntt32_pre_len2_output
ntt32_initial_natural_pack,1,1,3,v7,1,-1,-1,-1,-1,-1,25,2,0,32,25,25,state,-1,-1,0,-147,1,613,485,741,57,25,89,natural_input_for_incomplete_dif_ntt32_pre_len2_output
ntt32_initial_natural_pack,1,1,3,v7,2,-1,-1,-1,-1,-1,26,2,0,32,26,26,state,-1,-1,0,-147,1,745,617,489,90,58,26,natural_input_for_incomplete_dif_ntt32_pre_len2_output
ntt32_initial_natural_pack,1,1,3,v7,3,-1,-1,-1,-1,-1,27,2,0,32,27,27,state,-1,-1,0,-147,1,493,749,621,27,91,59,natural_input_for_incomplete_dif_ntt32_pre_len2_output
ntt32_initial_natural_pack,1,1,3,v7,4,-1,-1,-1,-1,-1,28,2,0,32,28,28,state,-1,-1,0,-147,1,625,497,753,60,28,92,natural_input_for_incomplete_dif_ntt32_pre_len2_output
ntt32_initial_natural_pack,1,1,3,v7,5,-1,-1,-1,-1,-1,29,2,0,32,29,29,state,-1,-1,0,-147,1,757,629,501,93,61,29,natural_input_for_incomplete_dif_ntt32_pre_len2_output
ntt32_initial_natural_pack,1,1,3,v7,6,-1,-1,-1,-1,-1,30,2,0,32,30,30,state,-1,-1,0,-147,1,505,761,633,30,94,62,natural_input_for_incomplete_dif_ntt32_pre_len2_output
ntt32_initial_natural_pack,1,1,3,v7,7,-1,-1,-1,-1,-1,31,2,0,32,31,31,state,-1,-1,0,-147,1,637,509,765,63,31,95,natural_input_for_incomplete_dif_ntt32_pre_len2_output
ntt32_butterfly_operand,1,1,0,v4,0,-1,-1,-1,-1,-1,-1,2,1,32,0,-1,lo,0,16,0,-147,1,-1,-1,-1,-1,-1,-1,low_operand_for_dif_butterfly
ntt32_butterfly_operand,1,1,2,v6,0,-1,-1,-1,-1,-1,-1,2,1,32,16,-1,hi,0,16,0,-147,1,-1,-1,-1,-1,-1,-1,dif_high_output_gets_(lo-hi)_times_twiddle
ntt32_butterfly_operand,1,1,0,v4,1,-1,-1,-1,-1,-1,-1,2,1,32,1,-1,lo,1,17,1,484,1784,-1,-1,-1,-1,-1,-1,low_operand_for_dif_butterfly
ntt32_butterfly_operand,1,1,2,v6,1,-1,-1,-1,-1,-1,-1,2,1,32,17,-1,hi,1,17,1,484,1784,-1,-1,-1,-1,-1,-1,dif_high_output_gets_(lo-hi)_times_twiddle
ntt32_butterfly_operand,1,1,0,v4,2,-1,-1,-1,-1,-1,-1,2,1,32,2,-1,lo,2,18,2,-794,2216,-1,-1,-1,-1,-1,-1,low_operand_for_dif_butterfly
ntt32_butterfly_operand,1,1,2,v6,2,-1,-1,-1,-1,-1,-1,2,1,32,18,-1,hi,2,18,2,-794,2216,-1,-1,-1,-1,-1,-1,dif_high_output_gets_(lo-hi)_times_twiddle
ntt32_butterfly_operand,1,1,0,v4,3,-1,-1,-1,-1,-1,-1,2,1,32,3,-1,lo,3,19,3,874,1993,-1,-1,-1,-1,-1,-1,low_operand_for_dif_butterfly
ntt32_butterfly_operand,1,1,2,v6,3,-1,-1,-1,-1,-1,-1,2,1,32,19,-1,hi,3,19,3,874,1993,-1,-1,-1,-1,-1,-1,dif_high_output_gets_(lo-hi)_times_twiddle
ntt32_butterfly_operand,1,1,0,v4,4,-1,-1,-1,-1,-1,-1,2,1,32,4,-1,lo,4,20,4,109,1716,-1,-1,-1,-1,-1,-1,low_operand_for_dif_butterfly
ntt32_butterfly_operand,1,1,2,v6,4,-1,-1,-1,-1,-1,-1,2,1,32,20,-1,hi,4,20,4,109,1716,-1,-1,-1,-1,-1,-1,dif_high_output_gets_(lo-hi)_times_twiddle
ntt32_butterfly_operand,1,1,0,v4,5,-1,-1,-1,-1,-1,-1,2,1,32,5,-1,lo,5,21,5,864,1899,-1,-1,-1,-1,-1,-1,low_operand_for_dif_butterfly
ntt32_butterfly_operand,1,1,2,v6,5,-1,-1,-1,-1,-1,-1,2,1,32,21,-1,hi,5,21,5,864,1899,-1,-1,-1,-1,-1,-1,dif_high_output_gets_(lo-hi)_times_twiddle
ntt32_butterfly_operand,1,1,0,v4,6,-1,-1,-1,-1,-1,-1,2,1,32,6,-1,lo,6,22,6,-446,3413,-1,-1,-1,-1,-1,-1,low_operand_for_dif_butterfly
ntt32_butterfly_operand,1,1,2,v6,6,-1,-1,-1,-1,-1,-1,2,1,32,22,-1,hi,6,22,6,-446,3413,-1,-1,-1,-1,-1,-1,dif_high_output_gets_(lo-hi)_times_twiddle
ntt32_butterfly_operand,1,1,0,v4,7,-1,-1,-1,-1,-1,-1,2,1,32,7,-1,lo,7,23,7,-554,1015,-1,-1,-1,-1,-1,-1,low_operand_for_dif_butterfly
ntt32_butterfly_operand,1,1,2,v6,7,-1,-1,-1,-1,-1,-1,2,1,32,23,-1,hi,7,23,7,-554,1015,-1,-1,-1,-1,-1,-1,dif_high_output_gets_(lo-hi)_times_twiddle
ntt32_butterfly_operand,1,1,1,v5,0,-1,-1,-1,-1,-1,-1,2,1,32,8,-1,lo,8,24,8,366,2749,-1,-1,-1,-1,-1,-1,low_operand_for_dif_butterfly
ntt32_butterfly_operand,1,1,3,v7,0,-1,-1,-1,-1,-1,-1,2,1,32,24,-1,hi,8,24,8,366,2749,-1,-1,-1,-1,-1,-1,dif_high_output_gets_(lo-hi)_times_twiddle
ntt32_butterfly_operand,1,1,1,v5,1,-1,-1,-1,-1,-1,-1,2,1,32,9,-1,lo,9,25,9,-429,2190,-1,-1,-1,-1,-1,-1,low_operand_for_dif_butterfly
ntt32_butterfly_operand,1,1,3,v7,1,-1,-1,-1,-1,-1,-1,2,1,32,25,-1,hi,9,25,9,-429,2190,-1,-1,-1,-1,-1,-1,dif_high_output_gets_(lo-hi)_times_twiddle
ntt32_butterfly_operand,1,1,1,v5,2,-1,-1,-1,-1,-1,-1,2,1,32,10,-1,lo,10,26,10,-1339,550,-1,-1,-1,-1,-1,-1,low_operand_for_dif_butterfly
ntt32_butterfly_operand,1,1,3,v7,2,-1,-1,-1,-1,-1,-1,2,1,32,26,-1,hi,10,26,10,-1339,550,-1,-1,-1,-1,-1,-1,dif_high_output_gets_(lo-hi)_times_twiddle
ntt32_butterfly_operand,1,1,1,v5,3,-1,-1,-1,-1,-1,-1,2,1,32,11,-1,lo,11,27,11,11,2869,-1,-1,-1,-1,-1,-1,low_operand_for_dif_butterfly
ntt32_butterfly_operand,1,1,3,v7,3,-1,-1,-1,-1,-1,-1,2,1,32,27,-1,hi,11,27,11,11,2869,-1,-1,-1,-1,-1,-1,dif_high_output_gets_(lo-hi)_times_twiddle
ntt32_butterfly_operand,1,1,1,v5,4,-1,-1,-1,-1,-1,-1,2,1,32,12,-1,lo,12,28,12,-1118,1936,-1,-1,-1,-1,-1,-1,low_operand_for_dif_butterfly
ntt32_butterfly_operand,1,1,3,v7,4,-1,-1,-1,-1,-1,-1,2,1,32,28,-1,hi,12,28,12,-1118,1936,-1,-1,-1,-1,-1,-1,dif_high_output_gets_(lo-hi)_times_twiddle
ntt32_butterfly_operand,1,1,1,v5,5,-1,-1,-1,-1,-1,-1,2,1,32,13,-1,lo,13,29,13,177,281,-1,-1,-1,-1,-1,-1,low_operand_for_dif_butterfly
ntt32_butterfly_operand,1,1,3,v7,5,-1,-1,-1,-1,-1,-1,2,1,32,29,-1,hi,13,29,13,177,281,-1,-1,-1,-1,-1,-1,dif_high_output_gets_(lo-hi)_times_twiddle
ntt32_butterfly_operand,1,1,1,v5,6,-1,-1,-1,-1,-1,-1,2,1,32,14,-1,lo,14,30,14,1181,39,-1,-1,-1,-1,-1,-1,low_operand_for_dif_butterfly
ntt32_butterfly_operand,1,1,3,v7,6,-1,-1,-1,-1,-1,-1,2,1,32,30,-1,hi,14,30,14,1181,39,-1,-1,-1,-1,-1,-1,dif_high_output_gets_(lo-hi)_times_twiddle
ntt32_butterfly_operand,1,1,1,v5,7,-1,-1,-1,-1,-1,-1,2,1,32,15,-1,lo,15,31,15,1591,436,-1,-1,-1,-1,-1,-1,low_operand_for_dif_butterfly
ntt32_butterfly_operand,1,1,3,v7,7,-1,-1,-1,-1,-1,-1,2,1,32,31,-1,hi,15,31,15,1591,436,-1,-1,-1,-1,-1,-1,dif_high_output_gets_(lo-hi)_times_twiddle
ntt32_butterfly_operand,1,1,0,v4,0,-1,-1,-1,-1,-1,-1,2,2,16,0,-1,lo,0,8,0,-147,1,-1,-1,-1,-1,-1,-1,low_operand_for_dif_butterfly
ntt32_butterfly_operand,1,1,1,v5,0,-1,-1,-1,-1,-1,-1,2,2,16,8,-1,hi,0,8,0,-147,1,-1,-1,-1,-1,-1,-1,dif_high_output_gets_(lo-hi)_times_twiddle
ntt32_butterfly_operand,1,1,0,v4,1,-1,-1,-1,-1,-1,-1,2,2,16,1,-1,lo,1,9,2,-794,2216,-1,-1,-1,-1,-1,-1,low_operand_for_dif_butterfly
ntt32_butterfly_operand,1,1,1,v5,1,-1,-1,-1,-1,-1,-1,2,2,16,9,-1,hi,1,9,2,-794,2216,-1,-1,-1,-1,-1,-1,dif_high_output_gets_(lo-hi)_times_twiddle
ntt32_butterfly_operand,1,1,0,v4,2,-1,-1,-1,-1,-1,-1,2,2,16,2,-1,lo,2,10,4,109,1716,-1,-1,-1,-1,-1,-1,low_operand_for_dif_butterfly
ntt32_butterfly_operand,1,1,1,v5,2,-1,-1,-1,-1,-1,-1,2,2,16,10,-1,hi,2,10,4,109,1716,-1,-1,-1,-1,-1,-1,dif_high_output_gets_(lo-hi)_times_twiddle
ntt32_butterfly_operand,1,1,0,v4,3,-1,-1,-1,-1,-1,-1,2,2,16,3,-1,lo,3,11,6,-446,3413,-1,-1,-1,-1,-1,-1,low_operand_for_dif_butterfly
ntt32_butterfly_operand,1,1,1,v5,3,-1,-1,-1,-1,-1,-1,2,2,16,11,-1,hi,3,11,6,-446,3413,-1,-1,-1,-1,-1,-1,dif_high_output_gets_(lo-hi)_times_twiddle
ntt32_butterfly_operand,1,1,0,v4,4,-1,-1,-1,-1,-1,-1,2,2,16,4,-1,lo,4,12,8,366,2749,-1,-1,-1,-1,-1,-1,low_operand_for_dif_butterfly
ntt32_butterfly_operand,1,1,1,v5,4,-1,-1,-1,-1,-1,-1,2,2,16,12,-1,hi,4,12,8,366,2749,-1,-1,-1,-1,-1,-1,dif_high_output_gets_(lo-hi)_times_twiddle
ntt32_butterfly_operand,1,1,0,v4,5,-1,-1,-1,-1,-1,-1,2,2,16,5,-1,lo,5,13,10,-1339,550,-1,-1,-1,-1,-1,-1,low_operand_for_dif_butterfly
ntt32_butterfly_operand,1,1,1,v5,5,-1,-1,-1,-1,-1,-1,2,2,16,13,-1,hi,5,13,10,-1339,550,-1,-1,-1,-1,-1,-1,dif_high_output_gets_(lo-hi)_times_twiddle
ntt32_butterfly_operand,1,1,0,v4,6,-1,-1,-1,-1,-1,-1,2,2,16,6,-1,lo,6,14,12,-1118,1936,-1,-1,-1,-1,-1,-1,low_operand_for_dif_butterfly
ntt32_butterfly_operand,1,1,1,v5,6,-1,-1,-1,-1,-1,-1,2,2,16,14,-1,hi,6,14,12,-1118,1936,-1,-1,-1,-1,-1,-1,dif_high_output_gets_(lo-hi)_times_twiddle
ntt32_butterfly_operand,1,1,0,v4,7,-1,-1,-1,-1,-1,-1,2,2,16,7,-1,lo,7,15,14,1181,39,-1,-1,-1,-1,-1,-1,low_operand_for_dif_butterfly
ntt32_butterfly_operand,1,1,1,v5,7,-1,-1,-1,-1,-1,-1,2,2,16,15,-1,hi,7,15,14,1181,39,-1,-1,-1,-1,-1,-1,dif_high_output_gets_(lo-hi)_times_twiddle
ntt32_butterfly_operand,1,1,2,v6,0,-1,-1,-1,-1,-1,-1,2,2,16,16,-1,lo,16,24,0,-147,1,-1,-1,-1,-1,-1,-1,low_operand_for_dif_butterfly
ntt32_butterfly_operand,1,1,3,v7,0,-1,-1,-1,-1,-1,-1,2,2,16,24,-1,hi,16,24,0,-147,1,-1,-1,-1,-1,-1,-1,dif_high_output_gets_(lo-hi)_times_twiddle
ntt32_butterfly_operand,1,1,2,v6,1,-1,-1,-1,-1,-1,-1,2,2,16,17,-1,lo,17,25,2,-794,2216,-1,-1,-1,-1,-1,-1,low_operand_for_dif_butterfly
ntt32_butterfly_operand,1,1,3,v7,1,-1,-1,-1,-1,-1,-1,2,2,16,25,-1,hi,17,25,2,-794,2216,-1,-1,-1,-1,-1,-1,dif_high_output_gets_(lo-hi)_times_twiddle
ntt32_butterfly_operand,1,1,2,v6,2,-1,-1,-1,-1,-1,-1,2,2,16,18,-1,lo,18,26,4,109,1716,-1,-1,-1,-1,-1,-1,low_operand_for_dif_butterfly
ntt32_butterfly_operand,1,1,3,v7,2,-1,-1,-1,-1,-1,-1,2,2,16,26,-1,hi,18,26,4,109,1716,-1,-1,-1,-1,-1,-1,dif_high_output_gets_(lo-hi)_times_twiddle
ntt32_butterfly_operand,1,1,2,v6,3,-1,-1,-1,-1,-1,-1,2,2,16,19,-1,lo,19,27,6,-446,3413,-1,-1,-1,-1,-1,-1,low_operand_for_dif_butterfly
ntt32_butterfly_operand,1,1,3,v7,3,-1,-1,-1,-1,-1,-1,2,2,16,27,-1,hi,19,27,6,-446,3413,-1,-1,-1,-1,-1,-1,dif_high_output_gets_(lo-hi)_times_twiddle
ntt32_butterfly_operand,1,1,2,v6,4,-1,-1,-1,-1,-1,-1,2,2,16,20,-1,lo,20,28,8,366,2749,-1,-1,-1,-1,-1,-1,low_operand_for_dif_butterfly
ntt32_butterfly_operand,1,1,3,v7,4,-1,-1,-1,-1,-1,-1,2,2,16,28,-1,hi,20,28,8,366,2749,-1,-1,-1,-1,-1,-1,dif_high_output_gets_(lo-hi)_times_twiddle
ntt32_butterfly_operand,1,1,2,v6,5,-1,-1,-1,-1,-1,-1,2,2,16,21,-1,lo,21,29,10,-1339,550,-1,-1,-1,-1,-1,-1,low_operand_for_dif_butterfly
ntt32_butterfly_operand,1,1,3,v7,5,-1,-1,-1,-1,-1,-1,2,2,16,29,-1,hi,21,29,10,-1339,550,-1,-1,-1,-1,-1,-1,dif_high_output_gets_(lo-hi)_times_twiddle
ntt32_butterfly_operand,1,1,2,v6,6,-1,-1,-1,-1,-1,-1,2,2,16,22,-1,lo,22,30,12,-1118,1936,-1,-1,-1,-1,-1,-1,low_operand_for_dif_butterfly
ntt32_butterfly_operand,1,1,3,v7,6,-1,-1,-1,-1,-1,-1,2,2,16,30,-1,hi,22,30,12,-1118,1936,-1,-1,-1,-1,-1,-1,dif_high_output_gets_(lo-hi)_times_twiddle
ntt32_butterfly_operand,1,1,2,v6,7,-1,-1,-1,-1,-1,-1,2,2,16,23,-1,lo,23,31,14,1181,39,-1,-1,-1,-1,-1,-1,low_operand_for_dif_butterfly
ntt32_butterfly_operand,1,1,3,v7,7,-1,-1,-1,-1,-1,-1,2,2,16,31,-1,hi,23,31,14,1181,39,-1,-1,-1,-1,-1,-1,dif_high_output_gets_(lo-hi)_times_twiddle
ntt32_butterfly_operand,1,1,0,v4,0,-1,-1,-1,-1,-1,-1,2,3,8,0,-1,lo,0,4,0,-147,1,-1,-1,-1,-1,-1,-1,low_operand_for_dif_butterfly
ntt32_butterfly_operand,1,1,0,v4,4,-1,-1,-1,-1,-1,-1,2,3,8,4,-1,hi,0,4,0,-147,1,-1,-1,-1,-1,-1,-1,dif_high_output_gets_(lo-hi)_times_twiddle
ntt32_butterfly_operand,1,1,0,v4,1,-1,-1,-1,-1,-1,-1,2,3,8,1,-1,lo,1,5,4,109,1716,-1,-1,-1,-1,-1,-1,low_operand_for_dif_butterfly
ntt32_butterfly_operand,1,1,0,v4,5,-1,-1,-1,-1,-1,-1,2,3,8,5,-1,hi,1,5,4,109,1716,-1,-1,-1,-1,-1,-1,dif_high_output_gets_(lo-hi)_times_twiddle
ntt32_butterfly_operand,1,1,0,v4,2,-1,-1,-1,-1,-1,-1,2,3,8,2,-1,lo,2,6,8,366,2749,-1,-1,-1,-1,-1,-1,low_operand_for_dif_butterfly
ntt32_butterfly_operand,1,1,0,v4,6,-1,-1,-1,-1,-1,-1,2,3,8,6,-1,hi,2,6,8,366,2749,-1,-1,-1,-1,-1,-1,dif_high_output_gets_(lo-hi)_times_twiddle
ntt32_butterfly_operand,1,1,0,v4,3,-1,-1,-1,-1,-1,-1,2,3,8,3,-1,lo,3,7,12,-1118,1936,-1,-1,-1,-1,-1,-1,low_operand_for_dif_butterfly
ntt32_butterfly_operand,1,1,0,v4,7,-1,-1,-1,-1,-1,-1,2,3,8,7,-1,hi,3,7,12,-1118,1936,-1,-1,-1,-1,-1,-1,dif_high_output_gets_(lo-hi)_times_twiddle
ntt32_butterfly_operand,1,1,1,v5,0,-1,-1,-1,-1,-1,-1,2,3,8,8,-1,lo,8,12,0,-147,1,-1,-1,-1,-1,-1,-1,low_operand_for_dif_butterfly
ntt32_butterfly_operand,1,1,1,v5,4,-1,-1,-1,-1,-1,-1,2,3,8,12,-1,hi,8,12,0,-147,1,-1,-1,-1,-1,-1,-1,dif_high_output_gets_(lo-hi)_times_twiddle
ntt32_butterfly_operand,1,1,1,v5,1,-1,-1,-1,-1,-1,-1,2,3,8,9,-1,lo,9,13,4,109,1716,-1,-1,-1,-1,-1,-1,low_operand_for_dif_butterfly
ntt32_butterfly_operand,1,1,1,v5,5,-1,-1,-1,-1,-1,-1,2,3,8,13,-1,hi,9,13,4,109,1716,-1,-1,-1,-1,-1,-1,dif_high_output_gets_(lo-hi)_times_twiddle
ntt32_butterfly_operand,1,1,1,v5,2,-1,-1,-1,-1,-1,-1,2,3,8,10,-1,lo,10,14,8,366,2749,-1,-1,-1,-1,-1,-1,low_operand_for_dif_butterfly
ntt32_butterfly_operand,1,1,1,v5,6,-1,-1,-1,-1,-1,-1,2,3,8,14,-1,hi,10,14,8,366,2749,-1,-1,-1,-1,-1,-1,dif_high_output_gets_(lo-hi)_times_twiddle
ntt32_butterfly_operand,1,1,1,v5,3,-1,-1,-1,-1,-1,-1,2,3,8,11,-1,lo,11,15,12,-1118,1936,-1,-1,-1,-1,-1,-1,low_operand_for_dif_butterfly
ntt32_butterfly_operand,1,1,1,v5,7,-1,-1,-1,-1,-1,-1,2,3,8,15,-1,hi,11,15,12,-1118,1936,-1,-1,-1,-1,-1,-1,dif_high_output_gets_(lo-hi)_times_twiddle
ntt32_butterfly_operand,1,1,2,v6,0,-1,-1,-1,-1,-1,-1,2,3,8,16,-1,lo,16,20,0,-147,1,-1,-1,-1,-1,-1,-1,low_operand_for_dif_butterfly
ntt32_butterfly_operand,1,1,2,v6,4,-1,-1,-1,-1,-1,-1,2,3,8,20,-1,hi,16,20,0,-147,1,-1,-1,-1,-1,-1,-1,dif_high_output_gets_(lo-hi)_times_twiddle
ntt32_butterfly_operand,1,1,2,v6,1,-1,-1,-1,-1,-1,-1,2,3,8,17,-1,lo,17,21,4,109,1716,-1,-1,-1,-1,-1,-1,low_operand_for_dif_butterfly
ntt32_butterfly_operand,1,1,2,v6,5,-1,-1,-1,-1,-1,-1,2,3,8,21,-1,hi,17,21,4,109,1716,-1,-1,-1,-1,-1,-1,dif_high_output_gets_(lo-hi)_times_twiddle
ntt32_butterfly_operand,1,1,2,v6,2,-1,-1,-1,-1,-1,-1,2,3,8,18,-1,lo,18,22,8,366,2749,-1,-1,-1,-1,-1,-1,low_operand_for_dif_butterfly
ntt32_butterfly_operand,1,1,2,v6,6,-1,-1,-1,-1,-1,-1,2,3,8,22,-1,hi,18,22,8,366,2749,-1,-1,-1,-1,-1,-1,dif_high_output_gets_(lo-hi)_times_twiddle
ntt32_butterfly_operand,1,1,2,v6,3,-1,-1,-1,-1,-1,-1,2,3,8,19,-1,lo,19,23,12,-1118,1936,-1,-1,-1,-1,-1,-1,low_operand_for_dif_butterfly
ntt32_butterfly_operand,1,1,2,v6,7,-1,-1,-1,-1,-1,-1,2,3,8,23,-1,hi,19,23,12,-1118,1936,-1,-1,-1,-1,-1,-1,dif_high_output_gets_(lo-hi)_times_twiddle
ntt32_butterfly_operand,1,1,3,v7,0,-1,-1,-1,-1,-1,-1,2,3,8,24,-1,lo,24,28,0,-147,1,-1,-1,-1,-1,-1,-1,low_operand_for_dif_butterfly
ntt32_butterfly_operand,1,1,3,v7,4,-1,-1,-1,-1,-1,-1,2,3,8,28,-1,hi,24,28,0,-147,1,-1,-1,-1,-1,-1,-1,dif_high_output_gets_(lo-hi)_times_twiddle
ntt32_butterfly_operand,1,1,3,v7,1,-1,-1,-1,-1,-1,-1,2,3,8,25,-1,lo,25,29,4,109,1716,-1,-1,-1,-1,-1,-1,low_operand_for_dif_butterfly
ntt32_butterfly_operand,1,1,3,v7,5,-1,-1,-1,-1,-1,-1,2,3,8,29,-1,hi,25,29,4,109,1716,-1,-1,-1,-1,-1,-1,dif_high_output_gets_(lo-hi)_times_twiddle
ntt32_butterfly_operand,1,1,3,v7,2,-1,-1,-1,-1,-1,-1,2,3,8,26,-1,lo,26,30,8,366,2749,-1,-1,-1,-1,-1,-1,low_operand_for_dif_butterfly
ntt32_butterfly_operand,1,1,3,v7,6,-1,-1,-1,-1,-1,-1,2,3,8,30,-1,hi,26,30,8,366,2749,-1,-1,-1,-1,-1,-1,dif_high_output_gets_(lo-hi)_times_twiddle
ntt32_butterfly_operand,1,1,3,v7,3,-1,-1,-1,-1,-1,-1,2,3,8,27,-1,lo,27,31,12,-1118,1936,-1,-1,-1,-1,-1,-1,low_operand_for_dif_butterfly
ntt32_butterfly_operand,1,1,3,v7,7,-1,-1,-1,-1,-1,-1,2,3,8,31,-1,hi,27,31,12,-1118,1936,-1,-1,-1,-1,-1,-1,dif_high_output_gets_(lo-hi)_times_twiddle
ntt32_butterfly_operand,1,1,0,v4,0,-1,-1,-1,-1,-1,-1,2,4,4,0,-1,lo,0,2,0,-147,1,-1,-1,-1,-1,-1,-1,low_operand_for_dif_butterfly
ntt32_butterfly_operand,1,1,0,v4,2,-1,-1,-1,-1,-1,-1,2,4,4,2,-1,hi,0,2,0,-147,1,-1,-1,-1,-1,-1,-1,dif_high_output_gets_(lo-hi)_times_twiddle
ntt32_butterfly_operand,1,1,0,v4,1,-1,-1,-1,-1,-1,-1,2,4,4,1,-1,lo,1,3,8,366,2749,-1,-1,-1,-1,-1,-1,low_operand_for_dif_butterfly
ntt32_butterfly_operand,1,1,0,v4,3,-1,-1,-1,-1,-1,-1,2,4,4,3,-1,hi,1,3,8,366,2749,-1,-1,-1,-1,-1,-1,dif_high_output_gets_(lo-hi)_times_twiddle
ntt32_butterfly_operand,1,1,0,v4,4,-1,-1,-1,-1,-1,-1,2,4,4,4,-1,lo,4,6,0,-147,1,-1,-1,-1,-1,-1,-1,low_operand_for_dif_butterfly
ntt32_butterfly_operand,1,1,0,v4,6,-1,-1,-1,-1,-1,-1,2,4,4,6,-1,hi,4,6,0,-147,1,-1,-1,-1,-1,-1,-1,dif_high_output_gets_(lo-hi)_times_twiddle
ntt32_butterfly_operand,1,1,0,v4,5,-1,-1,-1,-1,-1,-1,2,4,4,5,-1,lo,5,7,8,366,2749,-1,-1,-1,-1,-1,-1,low_operand_for_dif_butterfly
ntt32_butterfly_operand,1,1,0,v4,7,-1,-1,-1,-1,-1,-1,2,4,4,7,-1,hi,5,7,8,366,2749,-1,-1,-1,-1,-1,-1,dif_high_output_gets_(lo-hi)_times_twiddle
ntt32_butterfly_operand,1,1,1,v5,0,-1,-1,-1,-1,-1,-1,2,4,4,8,-1,lo,8,10,0,-147,1,-1,-1,-1,-1,-1,-1,low_operand_for_dif_butterfly
ntt32_butterfly_operand,1,1,1,v5,2,-1,-1,-1,-1,-1,-1,2,4,4,10,-1,hi,8,10,0,-147,1,-1,-1,-1,-1,-1,-1,dif_high_output_gets_(lo-hi)_times_twiddle
ntt32_butterfly_operand,1,1,1,v5,1,-1,-1,-1,-1,-1,-1,2,4,4,9,-1,lo,9,11,8,366,2749,-1,-1,-1,-1,-1,-1,low_operand_for_dif_butterfly
ntt32_butterfly_operand,1,1,1,v5,3,-1,-1,-1,-1,-1,-1,2,4,4,11,-1,hi,9,11,8,366,2749,-1,-1,-1,-1,-1,-1,dif_high_output_gets_(lo-hi)_times_twiddle
ntt32_butterfly_operand,1,1,1,v5,4,-1,-1,-1,-1,-1,-1,2,4,4,12,-1,lo,12,14,0,-147,1,-1,-1,-1,-1,-1,-1,low_operand_for_dif_butterfly
ntt32_butterfly_operand,1,1,1,v5,6,-1,-1,-1,-1,-1,-1,2,4,4,14,-1,hi,12,14,0,-147,1,-1,-1,-1,-1,-1,-1,dif_high_output_gets_(lo-hi)_times_twiddle
ntt32_butterfly_operand,1,1,1,v5,5,-1,-1,-1,-1,-1,-1,2,4,4,13,-1,lo,13,15,8,366,2749,-1,-1,-1,-1,-1,-1,low_operand_for_dif_butterfly
ntt32_butterfly_operand,1,1,1,v5,7,-1,-1,-1,-1,-1,-1,2,4,4,15,-1,hi,13,15,8,366,2749,-1,-1,-1,-1,-1,-1,dif_high_output_gets_(lo-hi)_times_twiddle
ntt32_butterfly_operand,1,1,2,v6,0,-1,-1,-1,-1,-1,-1,2,4,4,16,-1,lo,16,18,0,-147,1,-1,-1,-1,-1,-1,-1,low_operand_for_dif_butterfly
ntt32_butterfly_operand,1,1,2,v6,2,-1,-1,-1,-1,-1,-1,2,4,4,18,-1,hi,16,18,0,-147,1,-1,-1,-1,-1,-1,-1,dif_high_output_gets_(lo-hi)_times_twiddle
ntt32_butterfly_operand,1,1,2,v6,1,-1,-1,-1,-1,-1,-1,2,4,4,17,-1,lo,17,19,8,366,2749,-1,-1,-1,-1,-1,-1,low_operand_for_dif_butterfly
ntt32_butterfly_operand,1,1,2,v6,3,-1,-1,-1,-1,-1,-1,2,4,4,19,-1,hi,17,19,8,366,2749,-1,-1,-1,-1,-1,-1,dif_high_output_gets_(lo-hi)_times_twiddle
ntt32_butterfly_operand,1,1,2,v6,4,-1,-1,-1,-1,-1,-1,2,4,4,20,-1,lo,20,22,0,-147,1,-1,-1,-1,-1,-1,-1,low_operand_for_dif_butterfly
ntt32_butterfly_operand,1,1,2,v6,6,-1,-1,-1,-1,-1,-1,2,4,4,22,-1,hi,20,22,0,-147,1,-1,-1,-1,-1,-1,-1,dif_high_output_gets_(lo-hi)_times_twiddle
ntt32_butterfly_operand,1,1,2,v6,5,-1,-1,-1,-1,-1,-1,2,4,4,21,-1,lo,21,23,8,366,2749,-1,-1,-1,-1,-1,-1,low_operand_for_dif_butterfly
ntt32_butterfly_operand,1,1,2,v6,7,-1,-1,-1,-1,-1,-1,2,4,4,23,-1,hi,21,23,8,366,2749,-1,-1,-1,-1,-1,-1,dif_high_output_gets_(lo-hi)_times_twiddle
ntt32_butterfly_operand,1,1,3,v7,0,-1,-1,-1,-1,-1,-1,2,4,4,24,-1,lo,24,26,0,-147,1,-1,-1,-1,-1,-1,-1,low_operand_for_dif_butterfly
ntt32_butterfly_operand,1,1,3,v7,2,-1,-1,-1,-1,-1,-1,2,4,4,26,-1,hi,24,26,0,-147,1,-1,-1,-1,-1,-1,-1,dif_high_output_gets_(lo-hi)_times_twiddle
ntt32_butterfly_operand,1,1,3,v7,1,-1,-1,-1,-1,-1,-1,2,4,4,25,-1,lo,25,27,8,366,2749,-1,-1,-1,-1,-1,-1,low_operand_for_dif_butterfly
ntt32_butterfly_operand,1,1,3,v7,3,-1,-1,-1,-1,-1,-1,2,4,4,27,-1,hi,25,27,8,366,2749,-1,-1,-1,-1,-1,-1,dif_high_output_gets_(lo-hi)_times_twiddle
ntt32_butterfly_operand,1,1,3,v7,4,-1,-1,-1,-1,-1,-1,2,4,4,28,-1,lo,28,30,0,-147,1,-1,-1,-1,-1,-1,-1,low_operand_for_dif_butterfly
ntt32_butterfly_operand,1,1,3,v7,6,-1,-1,-1,-1,-1,-1,2,4,4,30,-1,hi,28,30,0,-147,1,-1,-1,-1,-1,-1,-1,dif_high_output_gets_(lo-hi)_times_twiddle
ntt32_butterfly_operand,1,1,3,v7,5,-1,-1,-1,-1,-1,-1,2,4,4,29,-1,lo,29,31,8,366,2749,-1,-1,-1,-1,-1,-1,low_operand_for_dif_butterfly
ntt32_butterfly_operand,1,1,3,v7,7,-1,-1,-1,-1,-1,-1,2,4,4,31,-1,hi,29,31,8,366,2749,-1,-1,-1,-1,-1,-1,dif_high_output_gets_(lo-hi)_times_twiddle
input_crt_pack,1,2,0,v4,0,386,2,0,0,0,0,-1,-1,-1,-1,-1,source,-1,-1,0,-147,1,-1,-1,-1,-1,-1,-1,physical_source_then_twist_by_twist_index
input_crt_pack,1,2,0,v4,1,518,134,33,33,0,1,-1,-1,-1,-1,-1,source,-1,-1,0,-147,1,-1,-1,-1,-1,-1,-1,physical_source_then_twist_by_twist_index
input_crt_pack,1,2,0,v4,2,650,266,66,66,0,2,-1,-1,-1,-1,-1,source,-1,-1,0,-147,1,-1,-1,-1,-1,-1,-1,physical_source_then_twist_by_twist_index
input_crt_pack,1,2,0,v4,3,398,14,3,3,0,3,-1,-1,-1,-1,-1,source,-1,-1,0,-147,1,-1,-1,-1,-1,-1,-1,physical_source_then_twist_by_twist_index
input_crt_pack,1,2,0,v4,4,530,146,36,36,0,4,-1,-1,-1,-1,-1,source,-1,-1,0,-147,1,-1,-1,-1,-1,-1,-1,physical_source_then_twist_by_twist_index
input_crt_pack,1,2,0,v4,5,662,278,69,69,0,5,-1,-1,-1,-1,-1,source,-1,-1,0,-147,1,-1,-1,-1,-1,-1,-1,physical_source_then_twist_by_twist_index
input_crt_pack,1,2,0,v4,6,410,26,6,6,0,6,-1,-1,-1,-1,-1,source,-1,-1,0,-147,1,-1,-1,-1,-1,-1,-1,physical_source_then_twist_by_twist_index
input_crt_pack,1,2,0,v4,7,542,158,39,39,0,7,-1,-1,-1,-1,-1,source,-1,-1,0,-147,1,-1,-1,-1,-1,-1,-1,physical_source_then_twist_by_twist_index
input_crt_pack,1,2,0,v5,0,642,258,64,64,1,0,-1,-1,-1,-1,-1,source,-1,-1,0,-147,1,-1,-1,-1,-1,-1,-1,physical_source_then_twist_by_twist_index
input_crt_pack,1,2,0,v5,1,390,6,1,1,1,1,-1,-1,-1,-1,-1,source,-1,-1,0,-147,1,-1,-1,-1,-1,-1,-1,physical_source_then_twist_by_twist_index
input_crt_pack,1,2,0,v5,2,522,138,34,34,1,2,-1,-1,-1,-1,-1,source,-1,-1,0,-147,1,-1,-1,-1,-1,-1,-1,physical_source_then_twist_by_twist_index
input_crt_pack,1,2,0,v5,3,654,270,67,67,1,3,-1,-1,-1,-1,-1,source,-1,-1,0,-147,1,-1,-1,-1,-1,-1,-1,physical_source_then_twist_by_twist_index
input_crt_pack,1,2,0,v5,4,402,18,4,4,1,4,-1,-1,-1,-1,-1,source,-1,-1,0,-147,1,-1,-1,-1,-1,-1,-1,physical_source_then_twist_by_twist_index
input_crt_pack,1,2,0,v5,5,534,150,37,37,1,5,-1,-1,-1,-1,-1,source,-1,-1,0,-147,1,-1,-1,-1,-1,-1,-1,physical_source_then_twist_by_twist_index
input_crt_pack,1,2,0,v5,6,666,282,70,70,1,6,-1,-1,-1,-1,-1,source,-1,-1,0,-147,1,-1,-1,-1,-1,-1,-1,physical_source_then_twist_by_twist_index
input_crt_pack,1,2,0,v5,7,414,30,7,7,1,7,-1,-1,-1,-1,-1,source,-1,-1,0,-147,1,-1,-1,-1,-1,-1,-1,physical_source_then_twist_by_twist_index
input_crt_pack,1,2,0,v6,0,514,130,32,32,2,0,-1,-1,-1,-1,-1,source,-1,-1,0,-147,1,-1,-1,-1,-1,-1,-1,physical_source_then_twist_by_twist_index
input_crt_pack,1,2,0,v6,1,646,262,65,65,2,1,-1,-1,-1,-1,-1,source,-1,-1,0,-147,1,-1,-1,-1,-1,-1,-1,physical_source_then_twist_by_twist_index
input_crt_pack,1,2,0,v6,2,394,10,2,2,2,2,-1,-1,-1,-1,-1,source,-1,-1,0,-147,1,-1,-1,-1,-1,-1,-1,physical_source_then_twist_by_twist_index
input_crt_pack,1,2,0,v6,3,526,142,35,35,2,3,-1,-1,-1,-1,-1,source,-1,-1,0,-147,1,-1,-1,-1,-1,-1,-1,physical_source_then_twist_by_twist_index
input_crt_pack,1,2,0,v6,4,658,274,68,68,2,4,-1,-1,-1,-1,-1,source,-1,-1,0,-147,1,-1,-1,-1,-1,-1,-1,physical_source_then_twist_by_twist_index
input_crt_pack,1,2,0,v6,5,406,22,5,5,2,5,-1,-1,-1,-1,-1,source,-1,-1,0,-147,1,-1,-1,-1,-1,-1,-1,physical_source_then_twist_by_twist_index
input_crt_pack,1,2,0,v6,6,538,154,38,38,2,6,-1,-1,-1,-1,-1,source,-1,-1,0,-147,1,-1,-1,-1,-1,-1,-1,physical_source_then_twist_by_twist_index
input_crt_pack,1,2,0,v6,7,670,286,71,71,2,7,-1,-1,-1,-1,-1,source,-1,-1,0,-147,1,-1,-1,-1,-1,-1,-1,physical_source_then_twist_by_twist_index
dft3_output_pack,1,2,0,v4,0,-1,-1,-1,-1,-1,0,0,-1,-1,-1,-1,dft_output,-1,-1,0,-147,1,386,642,514,0,64,32,linear_combination_of_three_input_crt_sources
dft3_output_pack,1,2,0,v4,1,-1,-1,-1,-1,-1,1,0,-1,-1,-1,-1,dft_output,-1,-1,0,-147,1,518,390,646,33,1,65,linear_combination_of_three_input_crt_sources
dft3_output_pack,1,2,0,v4,2,-1,-1,-1,-1,-1,2,0,-1,-1,-1,-1,dft_output,-1,-1,0,-147,1,650,522,394,66,34,2,linear_combination_of_three_input_crt_sources
dft3_output_pack,1,2,0,v4,3,-1,-1,-1,-1,-1,3,0,-1,-1,-1,-1,dft_output,-1,-1,0,-147,1,398,654,526,3,67,35,linear_combination_of_three_input_crt_sources
dft3_output_pack,1,2,0,v4,4,-1,-1,-1,-1,-1,4,0,-1,-1,-1,-1,dft_output,-1,-1,0,-147,1,530,402,658,36,4,68,linear_combination_of_three_input_crt_sources
dft3_output_pack,1,2,0,v4,5,-1,-1,-1,-1,-1,5,0,-1,-1,-1,-1,dft_output,-1,-1,0,-147,1,662,534,406,69,37,5,linear_combination_of_three_input_crt_sources
dft3_output_pack,1,2,0,v4,6,-1,-1,-1,-1,-1,6,0,-1,-1,-1,-1,dft_output,-1,-1,0,-147,1,410,666,538,6,70,38,linear_combination_of_three_input_crt_sources
dft3_output_pack,1,2,0,v4,7,-1,-1,-1,-1,-1,7,0,-1,-1,-1,-1,dft_output,-1,-1,0,-147,1,542,414,670,39,7,71,linear_combination_of_three_input_crt_sources
dft3_output_pack,1,2,0,v5,0,-1,-1,-1,-1,-1,0,1,-1,-1,-1,-1,dft_output,-1,-1,0,-147,1,386,642,514,0,64,32,linear_combination_of_three_input_crt_sources
dft3_output_pack,1,2,0,v5,1,-1,-1,-1,-1,-1,1,1,-1,-1,-1,-1,dft_output,-1,-1,0,-147,1,518,390,646,33,1,65,linear_combination_of_three_input_crt_sources
dft3_output_pack,1,2,0,v5,2,-1,-1,-1,-1,-1,2,1,-1,-1,-1,-1,dft_output,-1,-1,0,-147,1,650,522,394,66,34,2,linear_combination_of_three_input_crt_sources
dft3_output_pack,1,2,0,v5,3,-1,-1,-1,-1,-1,3,1,-1,-1,-1,-1,dft_output,-1,-1,0,-147,1,398,654,526,3,67,35,linear_combination_of_three_input_crt_sources
dft3_output_pack,1,2,0,v5,4,-1,-1,-1,-1,-1,4,1,-1,-1,-1,-1,dft_output,-1,-1,0,-147,1,530,402,658,36,4,68,linear_combination_of_three_input_crt_sources
dft3_output_pack,1,2,0,v5,5,-1,-1,-1,-1,-1,5,1,-1,-1,-1,-1,dft_output,-1,-1,0,-147,1,662,534,406,69,37,5,linear_combination_of_three_input_crt_sources
dft3_output_pack,1,2,0,v5,6,-1,-1,-1,-1,-1,6,1,-1,-1,-1,-1,dft_output,-1,-1,0,-147,1,410,666,538,6,70,38,linear_combination_of_three_input_crt_sources
dft3_output_pack,1,2,0,v5,7,-1,-1,-1,-1,-1,7,1,-1,-1,-1,-1,dft_output,-1,-1,0,-147,1,542,414,670,39,7,71,linear_combination_of_three_input_crt_sources
dft3_output_pack,1,2,0,v6,0,-1,-1,-1,-1,-1,0,2,-1,-1,-1,-1,dft_output,-1,-1,0,-147,1,386,642,514,0,64,32,linear_combination_of_three_input_crt_sources
dft3_output_pack,1,2,0,v6,1,-1,-1,-1,-1,-1,1,2,-1,-1,-1,-1,dft_output,-1,-1,0,-147,1,518,390,646,33,1,65,linear_combination_of_three_input_crt_sources
dft3_output_pack,1,2,0,v6,2,-1,-1,-1,-1,-1,2,2,-1,-1,-1,-1,dft_output,-1,-1,0,-147,1,650,522,394,66,34,2,linear_combination_of_three_input_crt_sources
dft3_output_pack,1,2,0,v6,3,-1,-1,-1,-1,-1,3,2,-1,-1,-1,-1,dft_output,-1,-1,0,-147,1,398,654,526,3,67,35,linear_combination_of_three_input_crt_sources
dft3_output_pack,1,2,0,v6,4,-1,-1,-1,-1,-1,4,2,-1,-1,-1,-1,dft_output,-1,-1,0,-147,1,530,402,658,36,4,68,linear_combination_of_three_input_crt_sources
dft3_output_pack,1,2,0,v6,5,-1,-1,-1,-1,-1,5,2,-1,-1,-1,-1,dft_output,-1,-1,0,-147,1,662,534,406,69,37,5,linear_combination_of_three_input_crt_sources
dft3_output_pack,1,2,0,v6,6,-1,-1,-1,-1,-1,6,2,-1,-1,-1,-1,dft_output,-1,-1,0,-147,1,410,666,538,6,70,38,linear_combination_of_three_input_crt_sources
dft3_output_pack,1,2,0,v6,7,-1,-1,-1,-1,-1,7,2,-1,-1,-1,-1,dft_output,-1,-1,0,-147,1,542,414,670,39,7,71,linear_combination_of_three_input_crt_sources
input_crt_pack,1,2,1,v4,0,674,290,72,72,0,8,-1,-1,-1,-1,-1,source,-1,-1,0,-147,1,-1,-1,-1,-1,-1,-1,physical_source_then_twist_by_twist_index
input_crt_pack,1,2,1,v4,1,422,38,9,9,0,9,-1,-1,-1,-1,-1,source,-1,-1,0,-147,1,-1,-1,-1,-1,-1,-1,physical_source_then_twist_by_twist_index
input_crt_pack,1,2,1,v4,2,554,170,42,42,0,10,-1,-1,-1,-1,-1,source,-1,-1,0,-147,1,-1,-1,-1,-1,-1,-1,physical_source_then_twist_by_twist_index
input_crt_pack,1,2,1,v4,3,686,302,75,75,0,11,-1,-1,-1,-1,-1,source,-1,-1,0,-147,1,-1,-1,-1,-1,-1,-1,physical_source_then_twist_by_twist_index
input_crt_pack,1,2,1,v4,4,434,50,12,12,0,12,-1,-1,-1,-1,-1,source,-1,-1,0,-147,1,-1,-1,-1,-1,-1,-1,physical_source_then_twist_by_twist_index
input_crt_pack,1,2,1,v4,5,566,182,45,45,0,13,-1,-1,-1,-1,-1,source,-1,-1,0,-147,1,-1,-1,-1,-1,-1,-1,physical_source_then_twist_by_twist_index
input_crt_pack,1,2,1,v4,6,698,314,78,78,0,14,-1,-1,-1,-1,-1,source,-1,-1,0,-147,1,-1,-1,-1,-1,-1,-1,physical_source_then_twist_by_twist_index
input_crt_pack,1,2,1,v4,7,446,62,15,15,0,15,-1,-1,-1,-1,-1,source,-1,-1,0,-147,1,-1,-1,-1,-1,-1,-1,physical_source_then_twist_by_twist_index
input_crt_pack,1,2,1,v5,0,546,162,40,40,1,8,-1,-1,-1,-1,-1,source,-1,-1,0,-147,1,-1,-1,-1,-1,-1,-1,physical_source_then_twist_by_twist_index
input_crt_pack,1,2,1,v5,1,678,294,73,73,1,9,-1,-1,-1,-1,-1,source,-1,-1,0,-147,1,-1,-1,-1,-1,-1,-1,physical_source_then_twist_by_twist_index
input_crt_pack,1,2,1,v5,2,426,42,10,10,1,10,-1,-1,-1,-1,-1,source,-1,-1,0,-147,1,-1,-1,-1,-1,-1,-1,physical_source_then_twist_by_twist_index
input_crt_pack,1,2,1,v5,3,558,174,43,43,1,11,-1,-1,-1,-1,-1,source,-1,-1,0,-147,1,-1,-1,-1,-1,-1,-1,physical_source_then_twist_by_twist_index
input_crt_pack,1,2,1,v5,4,690,306,76,76,1,12,-1,-1,-1,-1,-1,source,-1,-1,0,-147,1,-1,-1,-1,-1,-1,-1,physical_source_then_twist_by_twist_index
input_crt_pack,1,2,1,v5,5,438,54,13,13,1,13,-1,-1,-1,-1,-1,source,-1,-1,0,-147,1,-1,-1,-1,-1,-1,-1,physical_source_then_twist_by_twist_index
input_crt_pack,1,2,1,v5,6,570,186,46,46,1,14,-1,-1,-1,-1,-1,source,-1,-1,0,-147,1,-1,-1,-1,-1,-1,-1,physical_source_then_twist_by_twist_index
input_crt_pack,1,2,1,v5,7,702,318,79,79,1,15,-1,-1,-1,-1,-1,source,-1,-1,0,-147,1,-1,-1,-1,-1,-1,-1,physical_source_then_twist_by_twist_index
input_crt_pack,1,2,1,v6,0,418,34,8,8,2,8,-1,-1,-1,-1,-1,source,-1,-1,0,-147,1,-1,-1,-1,-1,-1,-1,physical_source_then_twist_by_twist_index
input_crt_pack,1,2,1,v6,1,550,166,41,41,2,9,-1,-1,-1,-1,-1,source,-1,-1,0,-147,1,-1,-1,-1,-1,-1,-1,physical_source_then_twist_by_twist_index
input_crt_pack,1,2,1,v6,2,682,298,74,74,2,10,-1,-1,-1,-1,-1,source,-1,-1,0,-147,1,-1,-1,-1,-1,-1,-1,physical_source_then_twist_by_twist_index
input_crt_pack,1,2,1,v6,3,430,46,11,11,2,11,-1,-1,-1,-1,-1,source,-1,-1,0,-147,1,-1,-1,-1,-1,-1,-1,physical_source_then_twist_by_twist_index
input_crt_pack,1,2,1,v6,4,562,178,44,44,2,12,-1,-1,-1,-1,-1,source,-1,-1,0,-147,1,-1,-1,-1,-1,-1,-1,physical_source_then_twist_by_twist_index
input_crt_pack,1,2,1,v6,5,694,310,77,77,2,13,-1,-1,-1,-1,-1,source,-1,-1,0,-147,1,-1,-1,-1,-1,-1,-1,physical_source_then_twist_by_twist_index
input_crt_pack,1,2,1,v6,6,442,58,14,14,2,14,-1,-1,-1,-1,-1,source,-1,-1,0,-147,1,-1,-1,-1,-1,-1,-1,physical_source_then_twist_by_twist_index
input_crt_pack,1,2,1,v6,7,574,190,47,47,2,15,-1,-1,-1,-1,-1,source,-1,-1,0,-147,1,-1,-1,-1,-1,-1,-1,physical_source_then_twist_by_twist_index
dft3_output_pack,1,2,1,v4,0,-1,-1,-1,-1,-1,8,0,-1,-1,-1,-1,dft_output,-1,-1,0,-147,1,674,546,418,72,40,8,linear_combination_of_three_input_crt_sources
dft3_output_pack,1,2,1,v4,1,-1,-1,-1,-1,-1,9,0,-1,-1,-1,-1,dft_output,-1,-1,0,-147,1,422,678,550,9,73,41,linear_combination_of_three_input_crt_sources
dft3_output_pack,1,2,1,v4,2,-1,-1,-1,-1,-1,10,0,-1,-1,-1,-1,dft_output,-1,-1,0,-147,1,554,426,682,42,10,74,linear_combination_of_three_input_crt_sources
dft3_output_pack,1,2,1,v4,3,-1,-1,-1,-1,-1,11,0,-1,-1,-1,-1,dft_output,-1,-1,0,-147,1,686,558,430,75,43,11,linear_combination_of_three_input_crt_sources
dft3_output_pack,1,2,1,v4,4,-1,-1,-1,-1,-1,12,0,-1,-1,-1,-1,dft_output,-1,-1,0,-147,1,434,690,562,12,76,44,linear_combination_of_three_input_crt_sources
dft3_output_pack,1,2,1,v4,5,-1,-1,-1,-1,-1,13,0,-1,-1,-1,-1,dft_output,-1,-1,0,-147,1,566,438,694,45,13,77,linear_combination_of_three_input_crt_sources
dft3_output_pack,1,2,1,v4,6,-1,-1,-1,-1,-1,14,0,-1,-1,-1,-1,dft_output,-1,-1,0,-147,1,698,570,442,78,46,14,linear_combination_of_three_input_crt_sources
dft3_output_pack,1,2,1,v4,7,-1,-1,-1,-1,-1,15,0,-1,-1,-1,-1,dft_output,-1,-1,0,-147,1,446,702,574,15,79,47,linear_combination_of_three_input_crt_sources
dft3_output_pack,1,2,1,v5,0,-1,-1,-1,-1,-1,8,1,-1,-1,-1,-1,dft_output,-1,-1,0,-147,1,674,546,418,72,40,8,linear_combination_of_three_input_crt_sources
dft3_output_pack,1,2,1,v5,1,-1,-1,-1,-1,-1,9,1,-1,-1,-1,-1,dft_output,-1,-1,0,-147,1,422,678,550,9,73,41,linear_combination_of_three_input_crt_sources
dft3_output_pack,1,2,1,v5,2,-1,-1,-1,-1,-1,10,1,-1,-1,-1,-1,dft_output,-1,-1,0,-147,1,554,426,682,42,10,74,linear_combination_of_three_input_crt_sources
dft3_output_pack,1,2,1,v5,3,-1,-1,-1,-1,-1,11,1,-1,-1,-1,-1,dft_output,-1,-1,0,-147,1,686,558,430,75,43,11,linear_combination_of_three_input_crt_sources
dft3_output_pack,1,2,1,v5,4,-1,-1,-1,-1,-1,12,1,-1,-1,-1,-1,dft_output,-1,-1,0,-147,1,434,690,562,12,76,44,linear_combination_of_three_input_crt_sources
dft3_output_pack,1,2,1,v5,5,-1,-1,-1,-1,-1,13,1,-1,-1,-1,-1,dft_output,-1,-1,0,-147,1,566,438,694,45,13,77,linear_combination_of_three_input_crt_sources
dft3_output_pack,1,2,1,v5,6,-1,-1,-1,-1,-1,14,1,-1,-1,-1,-1,dft_output,-1,-1,0,-147,1,698,570,442,78,46,14,linear_combination_of_three_input_crt_sources
dft3_output_pack,1,2,1,v5,7,-1,-1,-1,-1,-1,15,1,-1,-1,-1,-1,dft_output,-1,-1,0,-147,1,446,702,574,15,79,47,linear_combination_of_three_input_crt_sources
dft3_output_pack,1,2,1,v6,0,-1,-1,-1,-1,-1,8,2,-1,-1,-1,-1,dft_output,-1,-1,0,-147,1,674,546,418,72,40,8,linear_combination_of_three_input_crt_sources
dft3_output_pack,1,2,1,v6,1,-1,-1,-1,-1,-1,9,2,-1,-1,-1,-1,dft_output,-1,-1,0,-147,1,422,678,550,9,73,41,linear_combination_of_three_input_crt_sources
dft3_output_pack,1,2,1,v6,2,-1,-1,-1,-1,-1,10,2,-1,-1,-1,-1,dft_output,-1,-1,0,-147,1,554,426,682,42,10,74,linear_combination_of_three_input_crt_sources
dft3_output_pack,1,2,1,v6,3,-1,-1,-1,-1,-1,11,2,-1,-1,-1,-1,dft_output,-1,-1,0,-147,1,686,558,430,75,43,11,linear_combination_of_three_input_crt_sources
dft3_output_pack,1,2,1,v6,4,-1,-1,-1,-1,-1,12,2,-1,-1,-1,-1,dft_output,-1,-1,0,-147,1,434,690,562,12,76,44,linear_combination_of_three_input_crt_sources
dft3_output_pack,1,2,1,v6,5,-1,-1,-1,-1,-1,13,2,-1,-1,-1,-1,dft_output,-1,-1,0,-147,1,566,438,694,45,13,77,linear_combination_of_three_input_crt_sources
dft3_output_pack,1,2,1,v6,6,-1,-1,-1,-1,-1,14,2,-1,-1,-1,-1,dft_output,-1,-1,0,-147,1,698,570,442,78,46,14,linear_combination_of_three_input_crt_sources
dft3_output_pack,1,2,1,v6,7,-1,-1,-1,-1,-1,15,2,-1,-1,-1,-1,dft_output,-1,-1,0,-147,1,446,702,574,15,79,47,linear_combination_of_three_input_crt_sources
input_crt_pack,1,2,2,v4,0,578,194,48,48,0,16,-1,-1,-1,-1,-1,source,-1,-1,0,-147,1,-1,-1,-1,-1,-1,-1,physical_source_then_twist_by_twist_index
input_crt_pack,1,2,2,v4,1,710,326,81,81,0,17,-1,-1,-1,-1,-1,source,-1,-1,0,-147,1,-1,-1,-1,-1,-1,-1,physical_source_then_twist_by_twist_index
input_crt_pack,1,2,2,v4,2,458,74,18,18,0,18,-1,-1,-1,-1,-1,source,-1,-1,0,-147,1,-1,-1,-1,-1,-1,-1,physical_source_then_twist_by_twist_index
input_crt_pack,1,2,2,v4,3,590,206,51,51,0,19,-1,-1,-1,-1,-1,source,-1,-1,0,-147,1,-1,-1,-1,-1,-1,-1,physical_source_then_twist_by_twist_index
input_crt_pack,1,2,2,v4,4,722,338,84,84,0,20,-1,-1,-1,-1,-1,source,-1,-1,0,-147,1,-1,-1,-1,-1,-1,-1,physical_source_then_twist_by_twist_index
input_crt_pack,1,2,2,v4,5,470,86,21,21,0,21,-1,-1,-1,-1,-1,source,-1,-1,0,-147,1,-1,-1,-1,-1,-1,-1,physical_source_then_twist_by_twist_index
input_crt_pack,1,2,2,v4,6,602,218,54,54,0,22,-1,-1,-1,-1,-1,source,-1,-1,0,-147,1,-1,-1,-1,-1,-1,-1,physical_source_then_twist_by_twist_index
input_crt_pack,1,2,2,v4,7,734,350,87,87,0,23,-1,-1,-1,-1,-1,source,-1,-1,0,-147,1,-1,-1,-1,-1,-1,-1,physical_source_then_twist_by_twist_index
input_crt_pack,1,2,2,v5,0,450,66,16,16,1,16,-1,-1,-1,-1,-1,source,-1,-1,0,-147,1,-1,-1,-1,-1,-1,-1,physical_source_then_twist_by_twist_index
input_crt_pack,1,2,2,v5,1,582,198,49,49,1,17,-1,-1,-1,-1,-1,source,-1,-1,0,-147,1,-1,-1,-1,-1,-1,-1,physical_source_then_twist_by_twist_index
input_crt_pack,1,2,2,v5,2,714,330,82,82,1,18,-1,-1,-1,-1,-1,source,-1,-1,0,-147,1,-1,-1,-1,-1,-1,-1,physical_source_then_twist_by_twist_index
input_crt_pack,1,2,2,v5,3,462,78,19,19,1,19,-1,-1,-1,-1,-1,source,-1,-1,0,-147,1,-1,-1,-1,-1,-1,-1,physical_source_then_twist_by_twist_index
input_crt_pack,1,2,2,v5,4,594,210,52,52,1,20,-1,-1,-1,-1,-1,source,-1,-1,0,-147,1,-1,-1,-1,-1,-1,-1,physical_source_then_twist_by_twist_index
input_crt_pack,1,2,2,v5,5,726,342,85,85,1,21,-1,-1,-1,-1,-1,source,-1,-1,0,-147,1,-1,-1,-1,-1,-1,-1,physical_source_then_twist_by_twist_index
input_crt_pack,1,2,2,v5,6,474,90,22,22,1,22,-1,-1,-1,-1,-1,source,-1,-1,0,-147,1,-1,-1,-1,-1,-1,-1,physical_source_then_twist_by_twist_index
input_crt_pack,1,2,2,v5,7,606,222,55,55,1,23,-1,-1,-1,-1,-1,source,-1,-1,0,-147,1,-1,-1,-1,-1,-1,-1,physical_source_then_twist_by_twist_index
input_crt_pack,1,2,2,v6,0,706,322,80,80,2,16,-1,-1,-1,-1,-1,source,-1,-1,0,-147,1,-1,-1,-1,-1,-1,-1,physical_source_then_twist_by_twist_index
input_crt_pack,1,2,2,v6,1,454,70,17,17,2,17,-1,-1,-1,-1,-1,source,-1,-1,0,-147,1,-1,-1,-1,-1,-1,-1,physical_source_then_twist_by_twist_index
input_crt_pack,1,2,2,v6,2,586,202,50,50,2,18,-1,-1,-1,-1,-1,source,-1,-1,0,-147,1,-1,-1,-1,-1,-1,-1,physical_source_then_twist_by_twist_index
input_crt_pack,1,2,2,v6,3,718,334,83,83,2,19,-1,-1,-1,-1,-1,source,-1,-1,0,-147,1,-1,-1,-1,-1,-1,-1,physical_source_then_twist_by_twist_index
input_crt_pack,1,2,2,v6,4,466,82,20,20,2,20,-1,-1,-1,-1,-1,source,-1,-1,0,-147,1,-1,-1,-1,-1,-1,-1,physical_source_then_twist_by_twist_index
input_crt_pack,1,2,2,v6,5,598,214,53,53,2,21,-1,-1,-1,-1,-1,source,-1,-1,0,-147,1,-1,-1,-1,-1,-1,-1,physical_source_then_twist_by_twist_index
input_crt_pack,1,2,2,v6,6,730,346,86,86,2,22,-1,-1,-1,-1,-1,source,-1,-1,0,-147,1,-1,-1,-1,-1,-1,-1,physical_source_then_twist_by_twist_index
input_crt_pack,1,2,2,v6,7,478,94,23,23,2,23,-1,-1,-1,-1,-1,source,-1,-1,0,-147,1,-1,-1,-1,-1,-1,-1,physical_source_then_twist_by_twist_index
dft3_output_pack,1,2,2,v4,0,-1,-1,-1,-1,-1,16,0,-1,-1,-1,-1,dft_output,-1,-1,0,-147,1,578,450,706,48,16,80,linear_combination_of_three_input_crt_sources
dft3_output_pack,1,2,2,v4,1,-1,-1,-1,-1,-1,17,0,-1,-1,-1,-1,dft_output,-1,-1,0,-147,1,710,582,454,81,49,17,linear_combination_of_three_input_crt_sources
dft3_output_pack,1,2,2,v4,2,-1,-1,-1,-1,-1,18,0,-1,-1,-1,-1,dft_output,-1,-1,0,-147,1,458,714,586,18,82,50,linear_combination_of_three_input_crt_sources
dft3_output_pack,1,2,2,v4,3,-1,-1,-1,-1,-1,19,0,-1,-1,-1,-1,dft_output,-1,-1,0,-147,1,590,462,718,51,19,83,linear_combination_of_three_input_crt_sources
dft3_output_pack,1,2,2,v4,4,-1,-1,-1,-1,-1,20,0,-1,-1,-1,-1,dft_output,-1,-1,0,-147,1,722,594,466,84,52,20,linear_combination_of_three_input_crt_sources
dft3_output_pack,1,2,2,v4,5,-1,-1,-1,-1,-1,21,0,-1,-1,-1,-1,dft_output,-1,-1,0,-147,1,470,726,598,21,85,53,linear_combination_of_three_input_crt_sources
dft3_output_pack,1,2,2,v4,6,-1,-1,-1,-1,-1,22,0,-1,-1,-1,-1,dft_output,-1,-1,0,-147,1,602,474,730,54,22,86,linear_combination_of_three_input_crt_sources
dft3_output_pack,1,2,2,v4,7,-1,-1,-1,-1,-1,23,0,-1,-1,-1,-1,dft_output,-1,-1,0,-147,1,734,606,478,87,55,23,linear_combination_of_three_input_crt_sources
dft3_output_pack,1,2,2,v5,0,-1,-1,-1,-1,-1,16,1,-1,-1,-1,-1,dft_output,-1,-1,0,-147,1,578,450,706,48,16,80,linear_combination_of_three_input_crt_sources
dft3_output_pack,1,2,2,v5,1,-1,-1,-1,-1,-1,17,1,-1,-1,-1,-1,dft_output,-1,-1,0,-147,1,710,582,454,81,49,17,linear_combination_of_three_input_crt_sources
dft3_output_pack,1,2,2,v5,2,-1,-1,-1,-1,-1,18,1,-1,-1,-1,-1,dft_output,-1,-1,0,-147,1,458,714,586,18,82,50,linear_combination_of_three_input_crt_sources
dft3_output_pack,1,2,2,v5,3,-1,-1,-1,-1,-1,19,1,-1,-1,-1,-1,dft_output,-1,-1,0,-147,1,590,462,718,51,19,83,linear_combination_of_three_input_crt_sources
dft3_output_pack,1,2,2,v5,4,-1,-1,-1,-1,-1,20,1,-1,-1,-1,-1,dft_output,-1,-1,0,-147,1,722,594,466,84,52,20,linear_combination_of_three_input_crt_sources
dft3_output_pack,1,2,2,v5,5,-1,-1,-1,-1,-1,21,1,-1,-1,-1,-1,dft_output,-1,-1,0,-147,1,470,726,598,21,85,53,linear_combination_of_three_input_crt_sources
dft3_output_pack,1,2,2,v5,6,-1,-1,-1,-1,-1,22,1,-1,-1,-1,-1,dft_output,-1,-1,0,-147,1,602,474,730,54,22,86,linear_combination_of_three_input_crt_sources
dft3_output_pack,1,2,2,v5,7,-1,-1,-1,-1,-1,23,1,-1,-1,-1,-1,dft_output,-1,-1,0,-147,1,734,606,478,87,55,23,linear_combination_of_three_input_crt_sources
dft3_output_pack,1,2,2,v6,0,-1,-1,-1,-1,-1,16,2,-1,-1,-1,-1,dft_output,-1,-1,0,-147,1,578,450,706,48,16,80,linear_combination_of_three_input_crt_sources
dft3_output_pack,1,2,2,v6,1,-1,-1,-1,-1,-1,17,2,-1,-1,-1,-1,dft_output,-1,-1,0,-147,1,710,582,454,81,49,17,linear_combination_of_three_input_crt_sources
dft3_output_pack,1,2,2,v6,2,-1,-1,-1,-1,-1,18,2,-1,-1,-1,-1,dft_output,-1,-1,0,-147,1,458,714,586,18,82,50,linear_combination_of_three_input_crt_sources
dft3_output_pack,1,2,2,v6,3,-1,-1,-1,-1,-1,19,2,-1,-1,-1,-1,dft_output,-1,-1,0,-147,1,590,462,718,51,19,83,linear_combination_of_three_input_crt_sources
dft3_output_pack,1,2,2,v6,4,-1,-1,-1,-1,-1,20,2,-1,-1,-1,-1,dft_output,-1,-1,0,-147,1,722,594,466,84,52,20,linear_combination_of_three_input_crt_sources
dft3_output_pack,1,2,2,v6,5,-1,-1,-1,-1,-1,21,2,-1,-1,-1,-1,dft_output,-1,-1,0,-147,1,470,726,598,21,85,53,linear_combination_of_three_input_crt_sources
dft3_output_pack,1,2,2,v6,6,-1,-1,-1,-1,-1,22,2,-1,-1,-1,-1,dft_output,-1,-1,0,-147,1,602,474,730,54,22,86,linear_combination_of_three_input_crt_sources
dft3_output_pack,1,2,2,v6,7,-1,-1,-1,-1,-1,23,2,-1,-1,-1,-1,dft_output,-1,-1,0,-147,1,734,606,478,87,55,23,linear_combination_of_three_input_crt_sources
input_crt_pack,1,2,3,v4,0,482,98,24,24,0,24,-1,-1,-1,-1,-1,source,-1,-1,0,-147,1,-1,-1,-1,-1,-1,-1,physical_source_then_twist_by_twist_index
input_crt_pack,1,2,3,v4,1,614,230,57,57,0,25,-1,-1,-1,-1,-1,source,-1,-1,0,-147,1,-1,-1,-1,-1,-1,-1,physical_source_then_twist_by_twist_index
input_crt_pack,1,2,3,v4,2,746,362,90,90,0,26,-1,-1,-1,-1,-1,source,-1,-1,0,-147,1,-1,-1,-1,-1,-1,-1,physical_source_then_twist_by_twist_index
input_crt_pack,1,2,3,v4,3,494,110,27,27,0,27,-1,-1,-1,-1,-1,source,-1,-1,0,-147,1,-1,-1,-1,-1,-1,-1,physical_source_then_twist_by_twist_index
input_crt_pack,1,2,3,v4,4,626,242,60,60,0,28,-1,-1,-1,-1,-1,source,-1,-1,0,-147,1,-1,-1,-1,-1,-1,-1,physical_source_then_twist_by_twist_index
input_crt_pack,1,2,3,v4,5,758,374,93,93,0,29,-1,-1,-1,-1,-1,source,-1,-1,0,-147,1,-1,-1,-1,-1,-1,-1,physical_source_then_twist_by_twist_index
input_crt_pack,1,2,3,v4,6,506,122,30,30,0,30,-1,-1,-1,-1,-1,source,-1,-1,0,-147,1,-1,-1,-1,-1,-1,-1,physical_source_then_twist_by_twist_index
input_crt_pack,1,2,3,v4,7,638,254,63,63,0,31,-1,-1,-1,-1,-1,source,-1,-1,0,-147,1,-1,-1,-1,-1,-1,-1,physical_source_then_twist_by_twist_index
input_crt_pack,1,2,3,v5,0,738,354,88,88,1,24,-1,-1,-1,-1,-1,source,-1,-1,0,-147,1,-1,-1,-1,-1,-1,-1,physical_source_then_twist_by_twist_index
input_crt_pack,1,2,3,v5,1,486,102,25,25,1,25,-1,-1,-1,-1,-1,source,-1,-1,0,-147,1,-1,-1,-1,-1,-1,-1,physical_source_then_twist_by_twist_index
input_crt_pack,1,2,3,v5,2,618,234,58,58,1,26,-1,-1,-1,-1,-1,source,-1,-1,0,-147,1,-1,-1,-1,-1,-1,-1,physical_source_then_twist_by_twist_index
input_crt_pack,1,2,3,v5,3,750,366,91,91,1,27,-1,-1,-1,-1,-1,source,-1,-1,0,-147,1,-1,-1,-1,-1,-1,-1,physical_source_then_twist_by_twist_index
input_crt_pack,1,2,3,v5,4,498,114,28,28,1,28,-1,-1,-1,-1,-1,source,-1,-1,0,-147,1,-1,-1,-1,-1,-1,-1,physical_source_then_twist_by_twist_index
input_crt_pack,1,2,3,v5,5,630,246,61,61,1,29,-1,-1,-1,-1,-1,source,-1,-1,0,-147,1,-1,-1,-1,-1,-1,-1,physical_source_then_twist_by_twist_index
input_crt_pack,1,2,3,v5,6,762,378,94,94,1,30,-1,-1,-1,-1,-1,source,-1,-1,0,-147,1,-1,-1,-1,-1,-1,-1,physical_source_then_twist_by_twist_index
input_crt_pack,1,2,3,v5,7,510,126,31,31,1,31,-1,-1,-1,-1,-1,source,-1,-1,0,-147,1,-1,-1,-1,-1,-1,-1,physical_source_then_twist_by_twist_index
input_crt_pack,1,2,3,v6,0,610,226,56,56,2,24,-1,-1,-1,-1,-1,source,-1,-1,0,-147,1,-1,-1,-1,-1,-1,-1,physical_source_then_twist_by_twist_index
input_crt_pack,1,2,3,v6,1,742,358,89,89,2,25,-1,-1,-1,-1,-1,source,-1,-1,0,-147,1,-1,-1,-1,-1,-1,-1,physical_source_then_twist_by_twist_index
input_crt_pack,1,2,3,v6,2,490,106,26,26,2,26,-1,-1,-1,-1,-1,source,-1,-1,0,-147,1,-1,-1,-1,-1,-1,-1,physical_source_then_twist_by_twist_index
input_crt_pack,1,2,3,v6,3,622,238,59,59,2,27,-1,-1,-1,-1,-1,source,-1,-1,0,-147,1,-1,-1,-1,-1,-1,-1,physical_source_then_twist_by_twist_index
input_crt_pack,1,2,3,v6,4,754,370,92,92,2,28,-1,-1,-1,-1,-1,source,-1,-1,0,-147,1,-1,-1,-1,-1,-1,-1,physical_source_then_twist_by_twist_index
input_crt_pack,1,2,3,v6,5,502,118,29,29,2,29,-1,-1,-1,-1,-1,source,-1,-1,0,-147,1,-1,-1,-1,-1,-1,-1,physical_source_then_twist_by_twist_index
input_crt_pack,1,2,3,v6,6,634,250,62,62,2,30,-1,-1,-1,-1,-1,source,-1,-1,0,-147,1,-1,-1,-1,-1,-1,-1,physical_source_then_twist_by_twist_index
input_crt_pack,1,2,3,v6,7,766,382,95,95,2,31,-1,-1,-1,-1,-1,source,-1,-1,0,-147,1,-1,-1,-1,-1,-1,-1,physical_source_then_twist_by_twist_index
dft3_output_pack,1,2,3,v4,0,-1,-1,-1,-1,-1,24,0,-1,-1,-1,-1,dft_output,-1,-1,0,-147,1,482,738,610,24,88,56,linear_combination_of_three_input_crt_sources
dft3_output_pack,1,2,3,v4,1,-1,-1,-1,-1,-1,25,0,-1,-1,-1,-1,dft_output,-1,-1,0,-147,1,614,486,742,57,25,89,linear_combination_of_three_input_crt_sources
dft3_output_pack,1,2,3,v4,2,-1,-1,-1,-1,-1,26,0,-1,-1,-1,-1,dft_output,-1,-1,0,-147,1,746,618,490,90,58,26,linear_combination_of_three_input_crt_sources
dft3_output_pack,1,2,3,v4,3,-1,-1,-1,-1,-1,27,0,-1,-1,-1,-1,dft_output,-1,-1,0,-147,1,494,750,622,27,91,59,linear_combination_of_three_input_crt_sources
dft3_output_pack,1,2,3,v4,4,-1,-1,-1,-1,-1,28,0,-1,-1,-1,-1,dft_output,-1,-1,0,-147,1,626,498,754,60,28,92,linear_combination_of_three_input_crt_sources
dft3_output_pack,1,2,3,v4,5,-1,-1,-1,-1,-1,29,0,-1,-1,-1,-1,dft_output,-1,-1,0,-147,1,758,630,502,93,61,29,linear_combination_of_three_input_crt_sources
dft3_output_pack,1,2,3,v4,6,-1,-1,-1,-1,-1,30,0,-1,-1,-1,-1,dft_output,-1,-1,0,-147,1,506,762,634,30,94,62,linear_combination_of_three_input_crt_sources
dft3_output_pack,1,2,3,v4,7,-1,-1,-1,-1,-1,31,0,-1,-1,-1,-1,dft_output,-1,-1,0,-147,1,638,510,766,63,31,95,linear_combination_of_three_input_crt_sources
dft3_output_pack,1,2,3,v5,0,-1,-1,-1,-1,-1,24,1,-1,-1,-1,-1,dft_output,-1,-1,0,-147,1,482,738,610,24,88,56,linear_combination_of_three_input_crt_sources
dft3_output_pack,1,2,3,v5,1,-1,-1,-1,-1,-1,25,1,-1,-1,-1,-1,dft_output,-1,-1,0,-147,1,614,486,742,57,25,89,linear_combination_of_three_input_crt_sources
dft3_output_pack,1,2,3,v5,2,-1,-1,-1,-1,-1,26,1,-1,-1,-1,-1,dft_output,-1,-1,0,-147,1,746,618,490,90,58,26,linear_combination_of_three_input_crt_sources
dft3_output_pack,1,2,3,v5,3,-1,-1,-1,-1,-1,27,1,-1,-1,-1,-1,dft_output,-1,-1,0,-147,1,494,750,622,27,91,59,linear_combination_of_three_input_crt_sources
dft3_output_pack,1,2,3,v5,4,-1,-1,-1,-1,-1,28,1,-1,-1,-1,-1,dft_output,-1,-1,0,-147,1,626,498,754,60,28,92,linear_combination_of_three_input_crt_sources
dft3_output_pack,1,2,3,v5,5,-1,-1,-1,-1,-1,29,1,-1,-1,-1,-1,dft_output,-1,-1,0,-147,1,758,630,502,93,61,29,linear_combination_of_three_input_crt_sources
dft3_output_pack,1,2,3,v5,6,-1,-1,-1,-1,-1,30,1,-1,-1,-1,-1,dft_output,-1,-1,0,-147,1,506,762,634,30,94,62,linear_combination_of_three_input_crt_sources
dft3_output_pack,1,2,3,v5,7,-1,-1,-1,-1,-1,31,1,-1,-1,-1,-1,dft_output,-1,-1,0,-147,1,638,510,766,63,31,95,linear_combination_of_three_input_crt_sources
dft3_output_pack,1,2,3,v6,0,-1,-1,-1,-1,-1,24,2,-1,-1,-1,-1,dft_output,-1,-1,0,-147,1,482,738,610,24,88,56,linear_combination_of_three_input_crt_sources
dft3_output_pack,1,2,3,v6,1,-1,-1,-1,-1,-1,25,2,-1,-1,-1,-1,dft_output,-1,-1,0,-147,1,614,486,742,57,25,89,linear_combination_of_three_input_crt_sources
dft3_output_pack,1,2,3,v6,2,-1,-1,-1,-1,-1,26,2,-1,-1,-1,-1,dft_output,-1,-1,0,-147,1,746,618,490,90,58,26,linear_combination_of_three_input_crt_sources
dft3_output_pack,1,2,3,v6,3,-1,-1,-1,-1,-1,27,2,-1,-1,-1,-1,dft_output,-1,-1,0,-147,1,494,750,622,27,91,59,linear_combination_of_three_input_crt_sources
dft3_output_pack,1,2,3,v6,4,-1,-1,-1,-1,-1,28,2,-1,-1,-1,-1,dft_output,-1,-1,0,-147,1,626,498,754,60,28,92,linear_combination_of_three_input_crt_sources
dft3_output_pack,1,2,3,v6,5,-1,-1,-1,-1,-1,29,2,-1,-1,-1,-1,dft_output,-1,-1,0,-147,1,758,630,502,93,61,29,linear_combination_of_three_input_crt_sources
dft3_output_pack,1,2,3,v6,6,-1,-1,-1,-1,-1,30,2,-1,-1,-1,-1,dft_output,-1,-1,0,-147,1,506,762,634,30,94,62,linear_combination_of_three_input_crt_sources
dft3_output_pack,1,2,3,v6,7,-1,-1,-1,-1,-1,31,2,-1,-1,-1,-1,dft_output,-1,-1,0,-147,1,638,510,766,63,31,95,linear_combination_of_three_input_crt_sources
ntt32_initial_natural_pack,1,2,0,v4,0,-1,-1,-1,-1,-1,0,0,0,32,0,0,state,-1,-1,0,-147,1,386,642,514,0,64,32,natural_input_for_incomplete_dif_ntt32_pre_len2_output
ntt32_initial_natural_pack,1,2,0,v4,1,-1,-1,-1,-1,-1,1,0,0,32,1,1,state,-1,-1,0,-147,1,518,390,646,33,1,65,natural_input_for_incomplete_dif_ntt32_pre_len2_output
ntt32_initial_natural_pack,1,2,0,v4,2,-1,-1,-1,-1,-1,2,0,0,32,2,2,state,-1,-1,0,-147,1,650,522,394,66,34,2,natural_input_for_incomplete_dif_ntt32_pre_len2_output
ntt32_initial_natural_pack,1,2,0,v4,3,-1,-1,-1,-1,-1,3,0,0,32,3,3,state,-1,-1,0,-147,1,398,654,526,3,67,35,natural_input_for_incomplete_dif_ntt32_pre_len2_output
ntt32_initial_natural_pack,1,2,0,v4,4,-1,-1,-1,-1,-1,4,0,0,32,4,4,state,-1,-1,0,-147,1,530,402,658,36,4,68,natural_input_for_incomplete_dif_ntt32_pre_len2_output
ntt32_initial_natural_pack,1,2,0,v4,5,-1,-1,-1,-1,-1,5,0,0,32,5,5,state,-1,-1,0,-147,1,662,534,406,69,37,5,natural_input_for_incomplete_dif_ntt32_pre_len2_output
ntt32_initial_natural_pack,1,2,0,v4,6,-1,-1,-1,-1,-1,6,0,0,32,6,6,state,-1,-1,0,-147,1,410,666,538,6,70,38,natural_input_for_incomplete_dif_ntt32_pre_len2_output
ntt32_initial_natural_pack,1,2,0,v4,7,-1,-1,-1,-1,-1,7,0,0,32,7,7,state,-1,-1,0,-147,1,542,414,670,39,7,71,natural_input_for_incomplete_dif_ntt32_pre_len2_output
ntt32_initial_natural_pack,1,2,1,v5,0,-1,-1,-1,-1,-1,8,0,0,32,8,8,state,-1,-1,0,-147,1,674,546,418,72,40,8,natural_input_for_incomplete_dif_ntt32_pre_len2_output
ntt32_initial_natural_pack,1,2,1,v5,1,-1,-1,-1,-1,-1,9,0,0,32,9,9,state,-1,-1,0,-147,1,422,678,550,9,73,41,natural_input_for_incomplete_dif_ntt32_pre_len2_output
ntt32_initial_natural_pack,1,2,1,v5,2,-1,-1,-1,-1,-1,10,0,0,32,10,10,state,-1,-1,0,-147,1,554,426,682,42,10,74,natural_input_for_incomplete_dif_ntt32_pre_len2_output
ntt32_initial_natural_pack,1,2,1,v5,3,-1,-1,-1,-1,-1,11,0,0,32,11,11,state,-1,-1,0,-147,1,686,558,430,75,43,11,natural_input_for_incomplete_dif_ntt32_pre_len2_output
ntt32_initial_natural_pack,1,2,1,v5,4,-1,-1,-1,-1,-1,12,0,0,32,12,12,state,-1,-1,0,-147,1,434,690,562,12,76,44,natural_input_for_incomplete_dif_ntt32_pre_len2_output
ntt32_initial_natural_pack,1,2,1,v5,5,-1,-1,-1,-1,-1,13,0,0,32,13,13,state,-1,-1,0,-147,1,566,438,694,45,13,77,natural_input_for_incomplete_dif_ntt32_pre_len2_output
ntt32_initial_natural_pack,1,2,1,v5,6,-1,-1,-1,-1,-1,14,0,0,32,14,14,state,-1,-1,0,-147,1,698,570,442,78,46,14,natural_input_for_incomplete_dif_ntt32_pre_len2_output
ntt32_initial_natural_pack,1,2,1,v5,7,-1,-1,-1,-1,-1,15,0,0,32,15,15,state,-1,-1,0,-147,1,446,702,574,15,79,47,natural_input_for_incomplete_dif_ntt32_pre_len2_output
ntt32_initial_natural_pack,1,2,2,v6,0,-1,-1,-1,-1,-1,16,0,0,32,16,16,state,-1,-1,0,-147,1,578,450,706,48,16,80,natural_input_for_incomplete_dif_ntt32_pre_len2_output
ntt32_initial_natural_pack,1,2,2,v6,1,-1,-1,-1,-1,-1,17,0,0,32,17,17,state,-1,-1,0,-147,1,710,582,454,81,49,17,natural_input_for_incomplete_dif_ntt32_pre_len2_output
ntt32_initial_natural_pack,1,2,2,v6,2,-1,-1,-1,-1,-1,18,0,0,32,18,18,state,-1,-1,0,-147,1,458,714,586,18,82,50,natural_input_for_incomplete_dif_ntt32_pre_len2_output
ntt32_initial_natural_pack,1,2,2,v6,3,-1,-1,-1,-1,-1,19,0,0,32,19,19,state,-1,-1,0,-147,1,590,462,718,51,19,83,natural_input_for_incomplete_dif_ntt32_pre_len2_output
ntt32_initial_natural_pack,1,2,2,v6,4,-1,-1,-1,-1,-1,20,0,0,32,20,20,state,-1,-1,0,-147,1,722,594,466,84,52,20,natural_input_for_incomplete_dif_ntt32_pre_len2_output
ntt32_initial_natural_pack,1,2,2,v6,5,-1,-1,-1,-1,-1,21,0,0,32,21,21,state,-1,-1,0,-147,1,470,726,598,21,85,53,natural_input_for_incomplete_dif_ntt32_pre_len2_output
ntt32_initial_natural_pack,1,2,2,v6,6,-1,-1,-1,-1,-1,22,0,0,32,22,22,state,-1,-1,0,-147,1,602,474,730,54,22,86,natural_input_for_incomplete_dif_ntt32_pre_len2_output
ntt32_initial_natural_pack,1,2,2,v6,7,-1,-1,-1,-1,-1,23,0,0,32,23,23,state,-1,-1,0,-147,1,734,606,478,87,55,23,natural_input_for_incomplete_dif_ntt32_pre_len2_output
ntt32_initial_natural_pack,1,2,3,v7,0,-1,-1,-1,-1,-1,24,0,0,32,24,24,state,-1,-1,0,-147,1,482,738,610,24,88,56,natural_input_for_incomplete_dif_ntt32_pre_len2_output
ntt32_initial_natural_pack,1,2,3,v7,1,-1,-1,-1,-1,-1,25,0,0,32,25,25,state,-1,-1,0,-147,1,614,486,742,57,25,89,natural_input_for_incomplete_dif_ntt32_pre_len2_output
ntt32_initial_natural_pack,1,2,3,v7,2,-1,-1,-1,-1,-1,26,0,0,32,26,26,state,-1,-1,0,-147,1,746,618,490,90,58,26,natural_input_for_incomplete_dif_ntt32_pre_len2_output
ntt32_initial_natural_pack,1,2,3,v7,3,-1,-1,-1,-1,-1,27,0,0,32,27,27,state,-1,-1,0,-147,1,494,750,622,27,91,59,natural_input_for_incomplete_dif_ntt32_pre_len2_output
ntt32_initial_natural_pack,1,2,3,v7,4,-1,-1,-1,-1,-1,28,0,0,32,28,28,state,-1,-1,0,-147,1,626,498,754,60,28,92,natural_input_for_incomplete_dif_ntt32_pre_len2_output
ntt32_initial_natural_pack,1,2,3,v7,5,-1,-1,-1,-1,-1,29,0,0,32,29,29,state,-1,-1,0,-147,1,758,630,502,93,61,29,natural_input_for_incomplete_dif_ntt32_pre_len2_output
ntt32_initial_natural_pack,1,2,3,v7,6,-1,-1,-1,-1,-1,30,0,0,32,30,30,state,-1,-1,0,-147,1,506,762,634,30,94,62,natural_input_for_incomplete_dif_ntt32_pre_len2_output
ntt32_initial_natural_pack,1,2,3,v7,7,-1,-1,-1,-1,-1,31,0,0,32,31,31,state,-1,-1,0,-147,1,638,510,766,63,31,95,natural_input_for_incomplete_dif_ntt32_pre_len2_output
ntt32_butterfly_operand,1,2,0,v4,0,-1,-1,-1,-1,-1,-1,0,1,32,0,-1,lo,0,16,0,-147,1,-1,-1,-1,-1,-1,-1,low_operand_for_dif_butterfly
ntt32_butterfly_operand,1,2,2,v6,0,-1,-1,-1,-1,-1,-1,0,1,32,16,-1,hi,0,16,0,-147,1,-1,-1,-1,-1,-1,-1,dif_high_output_gets_(lo-hi)_times_twiddle
ntt32_butterfly_operand,1,2,0,v4,1,-1,-1,-1,-1,-1,-1,0,1,32,1,-1,lo,1,17,1,484,1784,-1,-1,-1,-1,-1,-1,low_operand_for_dif_butterfly
ntt32_butterfly_operand,1,2,2,v6,1,-1,-1,-1,-1,-1,-1,0,1,32,17,-1,hi,1,17,1,484,1784,-1,-1,-1,-1,-1,-1,dif_high_output_gets_(lo-hi)_times_twiddle
ntt32_butterfly_operand,1,2,0,v4,2,-1,-1,-1,-1,-1,-1,0,1,32,2,-1,lo,2,18,2,-794,2216,-1,-1,-1,-1,-1,-1,low_operand_for_dif_butterfly
ntt32_butterfly_operand,1,2,2,v6,2,-1,-1,-1,-1,-1,-1,0,1,32,18,-1,hi,2,18,2,-794,2216,-1,-1,-1,-1,-1,-1,dif_high_output_gets_(lo-hi)_times_twiddle
ntt32_butterfly_operand,1,2,0,v4,3,-1,-1,-1,-1,-1,-1,0,1,32,3,-1,lo,3,19,3,874,1993,-1,-1,-1,-1,-1,-1,low_operand_for_dif_butterfly
ntt32_butterfly_operand,1,2,2,v6,3,-1,-1,-1,-1,-1,-1,0,1,32,19,-1,hi,3,19,3,874,1993,-1,-1,-1,-1,-1,-1,dif_high_output_gets_(lo-hi)_times_twiddle
ntt32_butterfly_operand,1,2,0,v4,4,-1,-1,-1,-1,-1,-1,0,1,32,4,-1,lo,4,20,4,109,1716,-1,-1,-1,-1,-1,-1,low_operand_for_dif_butterfly
ntt32_butterfly_operand,1,2,2,v6,4,-1,-1,-1,-1,-1,-1,0,1,32,20,-1,hi,4,20,4,109,1716,-1,-1,-1,-1,-1,-1,dif_high_output_gets_(lo-hi)_times_twiddle
ntt32_butterfly_operand,1,2,0,v4,5,-1,-1,-1,-1,-1,-1,0,1,32,5,-1,lo,5,21,5,864,1899,-1,-1,-1,-1,-1,-1,low_operand_for_dif_butterfly
ntt32_butterfly_operand,1,2,2,v6,5,-1,-1,-1,-1,-1,-1,0,1,32,21,-1,hi,5,21,5,864,1899,-1,-1,-1,-1,-1,-1,dif_high_output_gets_(lo-hi)_times_twiddle
ntt32_butterfly_operand,1,2,0,v4,6,-1,-1,-1,-1,-1,-1,0,1,32,6,-1,lo,6,22,6,-446,3413,-1,-1,-1,-1,-1,-1,low_operand_for_dif_butterfly
ntt32_butterfly_operand,1,2,2,v6,6,-1,-1,-1,-1,-1,-1,0,1,32,22,-1,hi,6,22,6,-446,3413,-1,-1,-1,-1,-1,-1,dif_high_output_gets_(lo-hi)_times_twiddle
ntt32_butterfly_operand,1,2,0,v4,7,-1,-1,-1,-1,-1,-1,0,1,32,7,-1,lo,7,23,7,-554,1015,-1,-1,-1,-1,-1,-1,low_operand_for_dif_butterfly
ntt32_butterfly_operand,1,2,2,v6,7,-1,-1,-1,-1,-1,-1,0,1,32,23,-1,hi,7,23,7,-554,1015,-1,-1,-1,-1,-1,-1,dif_high_output_gets_(lo-hi)_times_twiddle
ntt32_butterfly_operand,1,2,1,v5,0,-1,-1,-1,-1,-1,-1,0,1,32,8,-1,lo,8,24,8,366,2749,-1,-1,-1,-1,-1,-1,low_operand_for_dif_butterfly
ntt32_butterfly_operand,1,2,3,v7,0,-1,-1,-1,-1,-1,-1,0,1,32,24,-1,hi,8,24,8,366,2749,-1,-1,-1,-1,-1,-1,dif_high_output_gets_(lo-hi)_times_twiddle
ntt32_butterfly_operand,1,2,1,v5,1,-1,-1,-1,-1,-1,-1,0,1,32,9,-1,lo,9,25,9,-429,2190,-1,-1,-1,-1,-1,-1,low_operand_for_dif_butterfly
ntt32_butterfly_operand,1,2,3,v7,1,-1,-1,-1,-1,-1,-1,0,1,32,25,-1,hi,9,25,9,-429,2190,-1,-1,-1,-1,-1,-1,dif_high_output_gets_(lo-hi)_times_twiddle
ntt32_butterfly_operand,1,2,1,v5,2,-1,-1,-1,-1,-1,-1,0,1,32,10,-1,lo,10,26,10,-1339,550,-1,-1,-1,-1,-1,-1,low_operand_for_dif_butterfly
ntt32_butterfly_operand,1,2,3,v7,2,-1,-1,-1,-1,-1,-1,0,1,32,26,-1,hi,10,26,10,-1339,550,-1,-1,-1,-1,-1,-1,dif_high_output_gets_(lo-hi)_times_twiddle
ntt32_butterfly_operand,1,2,1,v5,3,-1,-1,-1,-1,-1,-1,0,1,32,11,-1,lo,11,27,11,11,2869,-1,-1,-1,-1,-1,-1,low_operand_for_dif_butterfly
ntt32_butterfly_operand,1,2,3,v7,3,-1,-1,-1,-1,-1,-1,0,1,32,27,-1,hi,11,27,11,11,2869,-1,-1,-1,-1,-1,-1,dif_high_output_gets_(lo-hi)_times_twiddle
ntt32_butterfly_operand,1,2,1,v5,4,-1,-1,-1,-1,-1,-1,0,1,32,12,-1,lo,12,28,12,-1118,1936,-1,-1,-1,-1,-1,-1,low_operand_for_dif_butterfly
ntt32_butterfly_operand,1,2,3,v7,4,-1,-1,-1,-1,-1,-1,0,1,32,28,-1,hi,12,28,12,-1118,1936,-1,-1,-1,-1,-1,-1,dif_high_output_gets_(lo-hi)_times_twiddle
ntt32_butterfly_operand,1,2,1,v5,5,-1,-1,-1,-1,-1,-1,0,1,32,13,-1,lo,13,29,13,177,281,-1,-1,-1,-1,-1,-1,low_operand_for_dif_butterfly
ntt32_butterfly_operand,1,2,3,v7,5,-1,-1,-1,-1,-1,-1,0,1,32,29,-1,hi,13,29,13,177,281,-1,-1,-1,-1,-1,-1,dif_high_output_gets_(lo-hi)_times_twiddle
ntt32_butterfly_operand,1,2,1,v5,6,-1,-1,-1,-1,-1,-1,0,1,32,14,-1,lo,14,30,14,1181,39,-1,-1,-1,-1,-1,-1,low_operand_for_dif_butterfly
ntt32_butterfly_operand,1,2,3,v7,6,-1,-1,-1,-1,-1,-1,0,1,32,30,-1,hi,14,30,14,1181,39,-1,-1,-1,-1,-1,-1,dif_high_output_gets_(lo-hi)_times_twiddle
ntt32_butterfly_operand,1,2,1,v5,7,-1,-1,-1,-1,-1,-1,0,1,32,15,-1,lo,15,31,15,1591,436,-1,-1,-1,-1,-1,-1,low_operand_for_dif_butterfly
ntt32_butterfly_operand,1,2,3,v7,7,-1,-1,-1,-1,-1,-1,0,1,32,31,-1,hi,15,31,15,1591,436,-1,-1,-1,-1,-1,-1,dif_high_output_gets_(lo-hi)_times_twiddle
ntt32_butterfly_operand,1,2,0,v4,0,-1,-1,-1,-1,-1,-1,0,2,16,0,-1,lo,0,8,0,-147,1,-1,-1,-1,-1,-1,-1,low_operand_for_dif_butterfly
ntt32_butterfly_operand,1,2,1,v5,0,-1,-1,-1,-1,-1,-1,0,2,16,8,-1,hi,0,8,0,-147,1,-1,-1,-1,-1,-1,-1,dif_high_output_gets_(lo-hi)_times_twiddle
ntt32_butterfly_operand,1,2,0,v4,1,-1,-1,-1,-1,-1,-1,0,2,16,1,-1,lo,1,9,2,-794,2216,-1,-1,-1,-1,-1,-1,low_operand_for_dif_butterfly
ntt32_butterfly_operand,1,2,1,v5,1,-1,-1,-1,-1,-1,-1,0,2,16,9,-1,hi,1,9,2,-794,2216,-1,-1,-1,-1,-1,-1,dif_high_output_gets_(lo-hi)_times_twiddle
ntt32_butterfly_operand,1,2,0,v4,2,-1,-1,-1,-1,-1,-1,0,2,16,2,-1,lo,2,10,4,109,1716,-1,-1,-1,-1,-1,-1,low_operand_for_dif_butterfly
ntt32_butterfly_operand,1,2,1,v5,2,-1,-1,-1,-1,-1,-1,0,2,16,10,-1,hi,2,10,4,109,1716,-1,-1,-1,-1,-1,-1,dif_high_output_gets_(lo-hi)_times_twiddle
ntt32_butterfly_operand,1,2,0,v4,3,-1,-1,-1,-1,-1,-1,0,2,16,3,-1,lo,3,11,6,-446,3413,-1,-1,-1,-1,-1,-1,low_operand_for_dif_butterfly
ntt32_butterfly_operand,1,2,1,v5,3,-1,-1,-1,-1,-1,-1,0,2,16,11,-1,hi,3,11,6,-446,3413,-1,-1,-1,-1,-1,-1,dif_high_output_gets_(lo-hi)_times_twiddle
ntt32_butterfly_operand,1,2,0,v4,4,-1,-1,-1,-1,-1,-1,0,2,16,4,-1,lo,4,12,8,366,2749,-1,-1,-1,-1,-1,-1,low_operand_for_dif_butterfly
ntt32_butterfly_operand,1,2,1,v5,4,-1,-1,-1,-1,-1,-1,0,2,16,12,-1,hi,4,12,8,366,2749,-1,-1,-1,-1,-1,-1,dif_high_output_gets_(lo-hi)_times_twiddle
ntt32_butterfly_operand,1,2,0,v4,5,-1,-1,-1,-1,-1,-1,0,2,16,5,-1,lo,5,13,10,-1339,550,-1,-1,-1,-1,-1,-1,low_operand_for_dif_butterfly
ntt32_butterfly_operand,1,2,1,v5,5,-1,-1,-1,-1,-1,-1,0,2,16,13,-1,hi,5,13,10,-1339,550,-1,-1,-1,-1,-1,-1,dif_high_output_gets_(lo-hi)_times_twiddle
ntt32_butterfly_operand,1,2,0,v4,6,-1,-1,-1,-1,-1,-1,0,2,16,6,-1,lo,6,14,12,-1118,1936,-1,-1,-1,-1,-1,-1,low_operand_for_dif_butterfly
ntt32_butterfly_operand,1,2,1,v5,6,-1,-1,-1,-1,-1,-1,0,2,16,14,-1,hi,6,14,12,-1118,1936,-1,-1,-1,-1,-1,-1,dif_high_output_gets_(lo-hi)_times_twiddle
ntt32_butterfly_operand,1,2,0,v4,7,-1,-1,-1,-1,-1,-1,0,2,16,7,-1,lo,7,15,14,1181,39,-1,-1,-1,-1,-1,-1,low_operand_for_dif_butterfly
ntt32_butterfly_operand,1,2,1,v5,7,-1,-1,-1,-1,-1,-1,0,2,16,15,-1,hi,7,15,14,1181,39,-1,-1,-1,-1,-1,-1,dif_high_output_gets_(lo-hi)_times_twiddle
ntt32_butterfly_operand,1,2,2,v6,0,-1,-1,-1,-1,-1,-1,0,2,16,16,-1,lo,16,24,0,-147,1,-1,-1,-1,-1,-1,-1,low_operand_for_dif_butterfly
ntt32_butterfly_operand,1,2,3,v7,0,-1,-1,-1,-1,-1,-1,0,2,16,24,-1,hi,16,24,0,-147,1,-1,-1,-1,-1,-1,-1,dif_high_output_gets_(lo-hi)_times_twiddle
ntt32_butterfly_operand,1,2,2,v6,1,-1,-1,-1,-1,-1,-1,0,2,16,17,-1,lo,17,25,2,-794,2216,-1,-1,-1,-1,-1,-1,low_operand_for_dif_butterfly
ntt32_butterfly_operand,1,2,3,v7,1,-1,-1,-1,-1,-1,-1,0,2,16,25,-1,hi,17,25,2,-794,2216,-1,-1,-1,-1,-1,-1,dif_high_output_gets_(lo-hi)_times_twiddle
ntt32_butterfly_operand,1,2,2,v6,2,-1,-1,-1,-1,-1,-1,0,2,16,18,-1,lo,18,26,4,109,1716,-1,-1,-1,-1,-1,-1,low_operand_for_dif_butterfly
ntt32_butterfly_operand,1,2,3,v7,2,-1,-1,-1,-1,-1,-1,0,2,16,26,-1,hi,18,26,4,109,1716,-1,-1,-1,-1,-1,-1,dif_high_output_gets_(lo-hi)_times_twiddle
ntt32_butterfly_operand,1,2,2,v6,3,-1,-1,-1,-1,-1,-1,0,2,16,19,-1,lo,19,27,6,-446,3413,-1,-1,-1,-1,-1,-1,low_operand_for_dif_butterfly
ntt32_butterfly_operand,1,2,3,v7,3,-1,-1,-1,-1,-1,-1,0,2,16,27,-1,hi,19,27,6,-446,3413,-1,-1,-1,-1,-1,-1,dif_high_output_gets_(lo-hi)_times_twiddle
ntt32_butterfly_operand,1,2,2,v6,4,-1,-1,-1,-1,-1,-1,0,2,16,20,-1,lo,20,28,8,366,2749,-1,-1,-1,-1,-1,-1,low_operand_for_dif_butterfly
ntt32_butterfly_operand,1,2,3,v7,4,-1,-1,-1,-1,-1,-1,0,2,16,28,-1,hi,20,28,8,366,2749,-1,-1,-1,-1,-1,-1,dif_high_output_gets_(lo-hi)_times_twiddle
ntt32_butterfly_operand,1,2,2,v6,5,-1,-1,-1,-1,-1,-1,0,2,16,21,-1,lo,21,29,10,-1339,550,-1,-1,-1,-1,-1,-1,low_operand_for_dif_butterfly
ntt32_butterfly_operand,1,2,3,v7,5,-1,-1,-1,-1,-1,-1,0,2,16,29,-1,hi,21,29,10,-1339,550,-1,-1,-1,-1,-1,-1,dif_high_output_gets_(lo-hi)_times_twiddle
ntt32_butterfly_operand,1,2,2,v6,6,-1,-1,-1,-1,-1,-1,0,2,16,22,-1,lo,22,30,12,-1118,1936,-1,-1,-1,-1,-1,-1,low_operand_for_dif_butterfly
ntt32_butterfly_operand,1,2,3,v7,6,-1,-1,-1,-1,-1,-1,0,2,16,30,-1,hi,22,30,12,-1118,1936,-1,-1,-1,-1,-1,-1,dif_high_output_gets_(lo-hi)_times_twiddle
ntt32_butterfly_operand,1,2,2,v6,7,-1,-1,-1,-1,-1,-1,0,2,16,23,-1,lo,23,31,14,1181,39,-1,-1,-1,-1,-1,-1,low_operand_for_dif_butterfly
ntt32_butterfly_operand,1,2,3,v7,7,-1,-1,-1,-1,-1,-1,0,2,16,31,-1,hi,23,31,14,1181,39,-1,-1,-1,-1,-1,-1,dif_high_output_gets_(lo-hi)_times_twiddle
ntt32_butterfly_operand,1,2,0,v4,0,-1,-1,-1,-1,-1,-1,0,3,8,0,-1,lo,0,4,0,-147,1,-1,-1,-1,-1,-1,-1,low_operand_for_dif_butterfly
ntt32_butterfly_operand,1,2,0,v4,4,-1,-1,-1,-1,-1,-1,0,3,8,4,-1,hi,0,4,0,-147,1,-1,-1,-1,-1,-1,-1,dif_high_output_gets_(lo-hi)_times_twiddle
ntt32_butterfly_operand,1,2,0,v4,1,-1,-1,-1,-1,-1,-1,0,3,8,1,-1,lo,1,5,4,109,1716,-1,-1,-1,-1,-1,-1,low_operand_for_dif_butterfly
ntt32_butterfly_operand,1,2,0,v4,5,-1,-1,-1,-1,-1,-1,0,3,8,5,-1,hi,1,5,4,109,1716,-1,-1,-1,-1,-1,-1,dif_high_output_gets_(lo-hi)_times_twiddle
ntt32_butterfly_operand,1,2,0,v4,2,-1,-1,-1,-1,-1,-1,0,3,8,2,-1,lo,2,6,8,366,2749,-1,-1,-1,-1,-1,-1,low_operand_for_dif_butterfly
ntt32_butterfly_operand,1,2,0,v4,6,-1,-1,-1,-1,-1,-1,0,3,8,6,-1,hi,2,6,8,366,2749,-1,-1,-1,-1,-1,-1,dif_high_output_gets_(lo-hi)_times_twiddle
ntt32_butterfly_operand,1,2,0,v4,3,-1,-1,-1,-1,-1,-1,0,3,8,3,-1,lo,3,7,12,-1118,1936,-1,-1,-1,-1,-1,-1,low_operand_for_dif_butterfly
ntt32_butterfly_operand,1,2,0,v4,7,-1,-1,-1,-1,-1,-1,0,3,8,7,-1,hi,3,7,12,-1118,1936,-1,-1,-1,-1,-1,-1,dif_high_output_gets_(lo-hi)_times_twiddle
ntt32_butterfly_operand,1,2,1,v5,0,-1,-1,-1,-1,-1,-1,0,3,8,8,-1,lo,8,12,0,-147,1,-1,-1,-1,-1,-1,-1,low_operand_for_dif_butterfly
ntt32_butterfly_operand,1,2,1,v5,4,-1,-1,-1,-1,-1,-1,0,3,8,12,-1,hi,8,12,0,-147,1,-1,-1,-1,-1,-1,-1,dif_high_output_gets_(lo-hi)_times_twiddle
ntt32_butterfly_operand,1,2,1,v5,1,-1,-1,-1,-1,-1,-1,0,3,8,9,-1,lo,9,13,4,109,1716,-1,-1,-1,-1,-1,-1,low_operand_for_dif_butterfly
ntt32_butterfly_operand,1,2,1,v5,5,-1,-1,-1,-1,-1,-1,0,3,8,13,-1,hi,9,13,4,109,1716,-1,-1,-1,-1,-1,-1,dif_high_output_gets_(lo-hi)_times_twiddle
ntt32_butterfly_operand,1,2,1,v5,2,-1,-1,-1,-1,-1,-1,0,3,8,10,-1,lo,10,14,8,366,2749,-1,-1,-1,-1,-1,-1,low_operand_for_dif_butterfly
ntt32_butterfly_operand,1,2,1,v5,6,-1,-1,-1,-1,-1,-1,0,3,8,14,-1,hi,10,14,8,366,2749,-1,-1,-1,-1,-1,-1,dif_high_output_gets_(lo-hi)_times_twiddle
ntt32_butterfly_operand,1,2,1,v5,3,-1,-1,-1,-1,-1,-1,0,3,8,11,-1,lo,11,15,12,-1118,1936,-1,-1,-1,-1,-1,-1,low_operand_for_dif_butterfly
ntt32_butterfly_operand,1,2,1,v5,7,-1,-1,-1,-1,-1,-1,0,3,8,15,-1,hi,11,15,12,-1118,1936,-1,-1,-1,-1,-1,-1,dif_high_output_gets_(lo-hi)_times_twiddle
ntt32_butterfly_operand,1,2,2,v6,0,-1,-1,-1,-1,-1,-1,0,3,8,16,-1,lo,16,20,0,-147,1,-1,-1,-1,-1,-1,-1,low_operand_for_dif_butterfly
ntt32_butterfly_operand,1,2,2,v6,4,-1,-1,-1,-1,-1,-1,0,3,8,20,-1,hi,16,20,0,-147,1,-1,-1,-1,-1,-1,-1,dif_high_output_gets_(lo-hi)_times_twiddle
ntt32_butterfly_operand,1,2,2,v6,1,-1,-1,-1,-1,-1,-1,0,3,8,17,-1,lo,17,21,4,109,1716,-1,-1,-1,-1,-1,-1,low_operand_for_dif_butterfly
ntt32_butterfly_operand,1,2,2,v6,5,-1,-1,-1,-1,-1,-1,0,3,8,21,-1,hi,17,21,4,109,1716,-1,-1,-1,-1,-1,-1,dif_high_output_gets_(lo-hi)_times_twiddle
ntt32_butterfly_operand,1,2,2,v6,2,-1,-1,-1,-1,-1,-1,0,3,8,18,-1,lo,18,22,8,366,2749,-1,-1,-1,-1,-1,-1,low_operand_for_dif_butterfly
ntt32_butterfly_operand,1,2,2,v6,6,-1,-1,-1,-1,-1,-1,0,3,8,22,-1,hi,18,22,8,366,2749,-1,-1,-1,-1,-1,-1,dif_high_output_gets_(lo-hi)_times_twiddle
ntt32_butterfly_operand,1,2,2,v6,3,-1,-1,-1,-1,-1,-1,0,3,8,19,-1,lo,19,23,12,-1118,1936,-1,-1,-1,-1,-1,-1,low_operand_for_dif_butterfly
ntt32_butterfly_operand,1,2,2,v6,7,-1,-1,-1,-1,-1,-1,0,3,8,23,-1,hi,19,23,12,-1118,1936,-1,-1,-1,-1,-1,-1,dif_high_output_gets_(lo-hi)_times_twiddle
ntt32_butterfly_operand,1,2,3,v7,0,-1,-1,-1,-1,-1,-1,0,3,8,24,-1,lo,24,28,0,-147,1,-1,-1,-1,-1,-1,-1,low_operand_for_dif_butterfly
ntt32_butterfly_operand,1,2,3,v7,4,-1,-1,-1,-1,-1,-1,0,3,8,28,-1,hi,24,28,0,-147,1,-1,-1,-1,-1,-1,-1,dif_high_output_gets_(lo-hi)_times_twiddle
ntt32_butterfly_operand,1,2,3,v7,1,-1,-1,-1,-1,-1,-1,0,3,8,25,-1,lo,25,29,4,109,1716,-1,-1,-1,-1,-1,-1,low_operand_for_dif_butterfly
ntt32_butterfly_operand,1,2,3,v7,5,-1,-1,-1,-1,-1,-1,0,3,8,29,-1,hi,25,29,4,109,1716,-1,-1,-1,-1,-1,-1,dif_high_output_gets_(lo-hi)_times_twiddle
ntt32_butterfly_operand,1,2,3,v7,2,-1,-1,-1,-1,-1,-1,0,3,8,26,-1,lo,26,30,8,366,2749,-1,-1,-1,-1,-1,-1,low_operand_for_dif_butterfly
ntt32_butterfly_operand,1,2,3,v7,6,-1,-1,-1,-1,-1,-1,0,3,8,30,-1,hi,26,30,8,366,2749,-1,-1,-1,-1,-1,-1,dif_high_output_gets_(lo-hi)_times_twiddle
ntt32_butterfly_operand,1,2,3,v7,3,-1,-1,-1,-1,-1,-1,0,3,8,27,-1,lo,27,31,12,-1118,1936,-1,-1,-1,-1,-1,-1,low_operand_for_dif_butterfly
ntt32_butterfly_operand,1,2,3,v7,7,-1,-1,-1,-1,-1,-1,0,3,8,31,-1,hi,27,31,12,-1118,1936,-1,-1,-1,-1,-1,-1,dif_high_output_gets_(lo-hi)_times_twiddle
ntt32_butterfly_operand,1,2,0,v4,0,-1,-1,-1,-1,-1,-1,0,4,4,0,-1,lo,0,2,0,-147,1,-1,-1,-1,-1,-1,-1,low_operand_for_dif_butterfly
ntt32_butterfly_operand,1,2,0,v4,2,-1,-1,-1,-1,-1,-1,0,4,4,2,-1,hi,0,2,0,-147,1,-1,-1,-1,-1,-1,-1,dif_high_output_gets_(lo-hi)_times_twiddle
ntt32_butterfly_operand,1,2,0,v4,1,-1,-1,-1,-1,-1,-1,0,4,4,1,-1,lo,1,3,8,366,2749,-1,-1,-1,-1,-1,-1,low_operand_for_dif_butterfly
ntt32_butterfly_operand,1,2,0,v4,3,-1,-1,-1,-1,-1,-1,0,4,4,3,-1,hi,1,3,8,366,2749,-1,-1,-1,-1,-1,-1,dif_high_output_gets_(lo-hi)_times_twiddle
ntt32_butterfly_operand,1,2,0,v4,4,-1,-1,-1,-1,-1,-1,0,4,4,4,-1,lo,4,6,0,-147,1,-1,-1,-1,-1,-1,-1,low_operand_for_dif_butterfly
ntt32_butterfly_operand,1,2,0,v4,6,-1,-1,-1,-1,-1,-1,0,4,4,6,-1,hi,4,6,0,-147,1,-1,-1,-1,-1,-1,-1,dif_high_output_gets_(lo-hi)_times_twiddle
ntt32_butterfly_operand,1,2,0,v4,5,-1,-1,-1,-1,-1,-1,0,4,4,5,-1,lo,5,7,8,366,2749,-1,-1,-1,-1,-1,-1,low_operand_for_dif_butterfly
ntt32_butterfly_operand,1,2,0,v4,7,-1,-1,-1,-1,-1,-1,0,4,4,7,-1,hi,5,7,8,366,2749,-1,-1,-1,-1,-1,-1,dif_high_output_gets_(lo-hi)_times_twiddle
ntt32_butterfly_operand,1,2,1,v5,0,-1,-1,-1,-1,-1,-1,0,4,4,8,-1,lo,8,10,0,-147,1,-1,-1,-1,-1,-1,-1,low_operand_for_dif_butterfly
ntt32_butterfly_operand,1,2,1,v5,2,-1,-1,-1,-1,-1,-1,0,4,4,10,-1,hi,8,10,0,-147,1,-1,-1,-1,-1,-1,-1,dif_high_output_gets_(lo-hi)_times_twiddle
ntt32_butterfly_operand,1,2,1,v5,1,-1,-1,-1,-1,-1,-1,0,4,4,9,-1,lo,9,11,8,366,2749,-1,-1,-1,-1,-1,-1,low_operand_for_dif_butterfly
ntt32_butterfly_operand,1,2,1,v5,3,-1,-1,-1,-1,-1,-1,0,4,4,11,-1,hi,9,11,8,366,2749,-1,-1,-1,-1,-1,-1,dif_high_output_gets_(lo-hi)_times_twiddle
ntt32_butterfly_operand,1,2,1,v5,4,-1,-1,-1,-1,-1,-1,0,4,4,12,-1,lo,12,14,0,-147,1,-1,-1,-1,-1,-1,-1,low_operand_for_dif_butterfly
ntt32_butterfly_operand,1,2,1,v5,6,-1,-1,-1,-1,-1,-1,0,4,4,14,-1,hi,12,14,0,-147,1,-1,-1,-1,-1,-1,-1,dif_high_output_gets_(lo-hi)_times_twiddle
ntt32_butterfly_operand,1,2,1,v5,5,-1,-1,-1,-1,-1,-1,0,4,4,13,-1,lo,13,15,8,366,2749,-1,-1,-1,-1,-1,-1,low_operand_for_dif_butterfly
ntt32_butterfly_operand,1,2,1,v5,7,-1,-1,-1,-1,-1,-1,0,4,4,15,-1,hi,13,15,8,366,2749,-1,-1,-1,-1,-1,-1,dif_high_output_gets_(lo-hi)_times_twiddle
ntt32_butterfly_operand,1,2,2,v6,0,-1,-1,-1,-1,-1,-1,0,4,4,16,-1,lo,16,18,0,-147,1,-1,-1,-1,-1,-1,-1,low_operand_for_dif_butterfly
ntt32_butterfly_operand,1,2,2,v6,2,-1,-1,-1,-1,-1,-1,0,4,4,18,-1,hi,16,18,0,-147,1,-1,-1,-1,-1,-1,-1,dif_high_output_gets_(lo-hi)_times_twiddle
ntt32_butterfly_operand,1,2,2,v6,1,-1,-1,-1,-1,-1,-1,0,4,4,17,-1,lo,17,19,8,366,2749,-1,-1,-1,-1,-1,-1,low_operand_for_dif_butterfly
ntt32_butterfly_operand,1,2,2,v6,3,-1,-1,-1,-1,-1,-1,0,4,4,19,-1,hi,17,19,8,366,2749,-1,-1,-1,-1,-1,-1,dif_high_output_gets_(lo-hi)_times_twiddle
ntt32_butterfly_operand,1,2,2,v6,4,-1,-1,-1,-1,-1,-1,0,4,4,20,-1,lo,20,22,0,-147,1,-1,-1,-1,-1,-1,-1,low_operand_for_dif_butterfly
ntt32_butterfly_operand,1,2,2,v6,6,-1,-1,-1,-1,-1,-1,0,4,4,22,-1,hi,20,22,0,-147,1,-1,-1,-1,-1,-1,-1,dif_high_output_gets_(lo-hi)_times_twiddle
ntt32_butterfly_operand,1,2,2,v6,5,-1,-1,-1,-1,-1,-1,0,4,4,21,-1,lo,21,23,8,366,2749,-1,-1,-1,-1,-1,-1,low_operand_for_dif_butterfly
ntt32_butterfly_operand,1,2,2,v6,7,-1,-1,-1,-1,-1,-1,0,4,4,23,-1,hi,21,23,8,366,2749,-1,-1,-1,-1,-1,-1,dif_high_output_gets_(lo-hi)_times_twiddle
ntt32_butterfly_operand,1,2,3,v7,0,-1,-1,-1,-1,-1,-1,0,4,4,24,-1,lo,24,26,0,-147,1,-1,-1,-1,-1,-1,-1,low_operand_for_dif_butterfly
ntt32_butterfly_operand,1,2,3,v7,2,-1,-1,-1,-1,-1,-1,0,4,4,26,-1,hi,24,26,0,-147,1,-1,-1,-1,-1,-1,-1,dif_high_output_gets_(lo-hi)_times_twiddle
ntt32_butterfly_operand,1,2,3,v7,1,-1,-1,-1,-1,-1,-1,0,4,4,25,-1,lo,25,27,8,366,2749,-1,-1,-1,-1,-1,-1,low_operand_for_dif_butterfly
ntt32_butterfly_operand,1,2,3,v7,3,-1,-1,-1,-1,-1,-1,0,4,4,27,-1,hi,25,27,8,366,2749,-1,-1,-1,-1,-1,-1,dif_high_output_gets_(lo-hi)_times_twiddle
ntt32_butterfly_operand,1,2,3,v7,4,-1,-1,-1,-1,-1,-1,0,4,4,28,-1,lo,28,30,0,-147,1,-1,-1,-1,-1,-1,-1,low_operand_for_dif_butterfly
ntt32_butterfly_operand,1,2,3,v7,6,-1,-1,-1,-1,-1,-1,0,4,4,30,-1,hi,28,30,0,-147,1,-1,-1,-1,-1,-1,-1,dif_high_output_gets_(lo-hi)_times_twiddle
ntt32_butterfly_operand,1,2,3,v7,5,-1,-1,-1,-1,-1,-1,0,4,4,29,-1,lo,29,31,8,366,2749,-1,-1,-1,-1,-1,-1,low_operand_for_dif_butterfly
ntt32_butterfly_operand,1,2,3,v7,7,-1,-1,-1,-1,-1,-1,0,4,4,31,-1,hi,29,31,8,366,2749,-1,-1,-1,-1,-1,-1,dif_high_output_gets_(lo-hi)_times_twiddle
ntt32_initial_natural_pack,1,2,0,v4,0,-1,-1,-1,-1,-1,0,1,0,32,0,0,state,-1,-1,0,-147,1,386,642,514,0,64,32,natural_input_for_incomplete_dif_ntt32_pre_len2_output
ntt32_initial_natural_pack,1,2,0,v4,1,-1,-1,-1,-1,-1,1,1,0,32,1,1,state,-1,-1,0,-147,1,518,390,646,33,1,65,natural_input_for_incomplete_dif_ntt32_pre_len2_output
ntt32_initial_natural_pack,1,2,0,v4,2,-1,-1,-1,-1,-1,2,1,0,32,2,2,state,-1,-1,0,-147,1,650,522,394,66,34,2,natural_input_for_incomplete_dif_ntt32_pre_len2_output
ntt32_initial_natural_pack,1,2,0,v4,3,-1,-1,-1,-1,-1,3,1,0,32,3,3,state,-1,-1,0,-147,1,398,654,526,3,67,35,natural_input_for_incomplete_dif_ntt32_pre_len2_output
ntt32_initial_natural_pack,1,2,0,v4,4,-1,-1,-1,-1,-1,4,1,0,32,4,4,state,-1,-1,0,-147,1,530,402,658,36,4,68,natural_input_for_incomplete_dif_ntt32_pre_len2_output
ntt32_initial_natural_pack,1,2,0,v4,5,-1,-1,-1,-1,-1,5,1,0,32,5,5,state,-1,-1,0,-147,1,662,534,406,69,37,5,natural_input_for_incomplete_dif_ntt32_pre_len2_output
ntt32_initial_natural_pack,1,2,0,v4,6,-1,-1,-1,-1,-1,6,1,0,32,6,6,state,-1,-1,0,-147,1,410,666,538,6,70,38,natural_input_for_incomplete_dif_ntt32_pre_len2_output
ntt32_initial_natural_pack,1,2,0,v4,7,-1,-1,-1,-1,-1,7,1,0,32,7,7,state,-1,-1,0,-147,1,542,414,670,39,7,71,natural_input_for_incomplete_dif_ntt32_pre_len2_output
ntt32_initial_natural_pack,1,2,1,v5,0,-1,-1,-1,-1,-1,8,1,0,32,8,8,state,-1,-1,0,-147,1,674,546,418,72,40,8,natural_input_for_incomplete_dif_ntt32_pre_len2_output
ntt32_initial_natural_pack,1,2,1,v5,1,-1,-1,-1,-1,-1,9,1,0,32,9,9,state,-1,-1,0,-147,1,422,678,550,9,73,41,natural_input_for_incomplete_dif_ntt32_pre_len2_output
ntt32_initial_natural_pack,1,2,1,v5,2,-1,-1,-1,-1,-1,10,1,0,32,10,10,state,-1,-1,0,-147,1,554,426,682,42,10,74,natural_input_for_incomplete_dif_ntt32_pre_len2_output
ntt32_initial_natural_pack,1,2,1,v5,3,-1,-1,-1,-1,-1,11,1,0,32,11,11,state,-1,-1,0,-147,1,686,558,430,75,43,11,natural_input_for_incomplete_dif_ntt32_pre_len2_output
ntt32_initial_natural_pack,1,2,1,v5,4,-1,-1,-1,-1,-1,12,1,0,32,12,12,state,-1,-1,0,-147,1,434,690,562,12,76,44,natural_input_for_incomplete_dif_ntt32_pre_len2_output
ntt32_initial_natural_pack,1,2,1,v5,5,-1,-1,-1,-1,-1,13,1,0,32,13,13,state,-1,-1,0,-147,1,566,438,694,45,13,77,natural_input_for_incomplete_dif_ntt32_pre_len2_output
ntt32_initial_natural_pack,1,2,1,v5,6,-1,-1,-1,-1,-1,14,1,0,32,14,14,state,-1,-1,0,-147,1,698,570,442,78,46,14,natural_input_for_incomplete_dif_ntt32_pre_len2_output
ntt32_initial_natural_pack,1,2,1,v5,7,-1,-1,-1,-1,-1,15,1,0,32,15,15,state,-1,-1,0,-147,1,446,702,574,15,79,47,natural_input_for_incomplete_dif_ntt32_pre_len2_output
ntt32_initial_natural_pack,1,2,2,v6,0,-1,-1,-1,-1,-1,16,1,0,32,16,16,state,-1,-1,0,-147,1,578,450,706,48,16,80,natural_input_for_incomplete_dif_ntt32_pre_len2_output
ntt32_initial_natural_pack,1,2,2,v6,1,-1,-1,-1,-1,-1,17,1,0,32,17,17,state,-1,-1,0,-147,1,710,582,454,81,49,17,natural_input_for_incomplete_dif_ntt32_pre_len2_output
ntt32_initial_natural_pack,1,2,2,v6,2,-1,-1,-1,-1,-1,18,1,0,32,18,18,state,-1,-1,0,-147,1,458,714,586,18,82,50,natural_input_for_incomplete_dif_ntt32_pre_len2_output
ntt32_initial_natural_pack,1,2,2,v6,3,-1,-1,-1,-1,-1,19,1,0,32,19,19,state,-1,-1,0,-147,1,590,462,718,51,19,83,natural_input_for_incomplete_dif_ntt32_pre_len2_output
ntt32_initial_natural_pack,1,2,2,v6,4,-1,-1,-1,-1,-1,20,1,0,32,20,20,state,-1,-1,0,-147,1,722,594,466,84,52,20,natural_input_for_incomplete_dif_ntt32_pre_len2_output
ntt32_initial_natural_pack,1,2,2,v6,5,-1,-1,-1,-1,-1,21,1,0,32,21,21,state,-1,-1,0,-147,1,470,726,598,21,85,53,natural_input_for_incomplete_dif_ntt32_pre_len2_output
ntt32_initial_natural_pack,1,2,2,v6,6,-1,-1,-1,-1,-1,22,1,0,32,22,22,state,-1,-1,0,-147,1,602,474,730,54,22,86,natural_input_for_incomplete_dif_ntt32_pre_len2_output
ntt32_initial_natural_pack,1,2,2,v6,7,-1,-1,-1,-1,-1,23,1,0,32,23,23,state,-1,-1,0,-147,1,734,606,478,87,55,23,natural_input_for_incomplete_dif_ntt32_pre_len2_output
ntt32_initial_natural_pack,1,2,3,v7,0,-1,-1,-1,-1,-1,24,1,0,32,24,24,state,-1,-1,0,-147,1,482,738,610,24,88,56,natural_input_for_incomplete_dif_ntt32_pre_len2_output
ntt32_initial_natural_pack,1,2,3,v7,1,-1,-1,-1,-1,-1,25,1,0,32,25,25,state,-1,-1,0,-147,1,614,486,742,57,25,89,natural_input_for_incomplete_dif_ntt32_pre_len2_output
ntt32_initial_natural_pack,1,2,3,v7,2,-1,-1,-1,-1,-1,26,1,0,32,26,26,state,-1,-1,0,-147,1,746,618,490,90,58,26,natural_input_for_incomplete_dif_ntt32_pre_len2_output
ntt32_initial_natural_pack,1,2,3,v7,3,-1,-1,-1,-1,-1,27,1,0,32,27,27,state,-1,-1,0,-147,1,494,750,622,27,91,59,natural_input_for_incomplete_dif_ntt32_pre_len2_output
ntt32_initial_natural_pack,1,2,3,v7,4,-1,-1,-1,-1,-1,28,1,0,32,28,28,state,-1,-1,0,-147,1,626,498,754,60,28,92,natural_input_for_incomplete_dif_ntt32_pre_len2_output
ntt32_initial_natural_pack,1,2,3,v7,5,-1,-1,-1,-1,-1,29,1,0,32,29,29,state,-1,-1,0,-147,1,758,630,502,93,61,29,natural_input_for_incomplete_dif_ntt32_pre_len2_output
ntt32_initial_natural_pack,1,2,3,v7,6,-1,-1,-1,-1,-1,30,1,0,32,30,30,state,-1,-1,0,-147,1,506,762,634,30,94,62,natural_input_for_incomplete_dif_ntt32_pre_len2_output
ntt32_initial_natural_pack,1,2,3,v7,7,-1,-1,-1,-1,-1,31,1,0,32,31,31,state,-1,-1,0,-147,1,638,510,766,63,31,95,natural_input_for_incomplete_dif_ntt32_pre_len2_output
ntt32_butterfly_operand,1,2,0,v4,0,-1,-1,-1,-1,-1,-1,1,1,32,0,-1,lo,0,16,0,-147,1,-1,-1,-1,-1,-1,-1,low_operand_for_dif_butterfly
ntt32_butterfly_operand,1,2,2,v6,0,-1,-1,-1,-1,-1,-1,1,1,32,16,-1,hi,0,16,0,-147,1,-1,-1,-1,-1,-1,-1,dif_high_output_gets_(lo-hi)_times_twiddle
ntt32_butterfly_operand,1,2,0,v4,1,-1,-1,-1,-1,-1,-1,1,1,32,1,-1,lo,1,17,1,484,1784,-1,-1,-1,-1,-1,-1,low_operand_for_dif_butterfly
ntt32_butterfly_operand,1,2,2,v6,1,-1,-1,-1,-1,-1,-1,1,1,32,17,-1,hi,1,17,1,484,1784,-1,-1,-1,-1,-1,-1,dif_high_output_gets_(lo-hi)_times_twiddle
ntt32_butterfly_operand,1,2,0,v4,2,-1,-1,-1,-1,-1,-1,1,1,32,2,-1,lo,2,18,2,-794,2216,-1,-1,-1,-1,-1,-1,low_operand_for_dif_butterfly
ntt32_butterfly_operand,1,2,2,v6,2,-1,-1,-1,-1,-1,-1,1,1,32,18,-1,hi,2,18,2,-794,2216,-1,-1,-1,-1,-1,-1,dif_high_output_gets_(lo-hi)_times_twiddle
ntt32_butterfly_operand,1,2,0,v4,3,-1,-1,-1,-1,-1,-1,1,1,32,3,-1,lo,3,19,3,874,1993,-1,-1,-1,-1,-1,-1,low_operand_for_dif_butterfly
ntt32_butterfly_operand,1,2,2,v6,3,-1,-1,-1,-1,-1,-1,1,1,32,19,-1,hi,3,19,3,874,1993,-1,-1,-1,-1,-1,-1,dif_high_output_gets_(lo-hi)_times_twiddle
ntt32_butterfly_operand,1,2,0,v4,4,-1,-1,-1,-1,-1,-1,1,1,32,4,-1,lo,4,20,4,109,1716,-1,-1,-1,-1,-1,-1,low_operand_for_dif_butterfly
ntt32_butterfly_operand,1,2,2,v6,4,-1,-1,-1,-1,-1,-1,1,1,32,20,-1,hi,4,20,4,109,1716,-1,-1,-1,-1,-1,-1,dif_high_output_gets_(lo-hi)_times_twiddle
ntt32_butterfly_operand,1,2,0,v4,5,-1,-1,-1,-1,-1,-1,1,1,32,5,-1,lo,5,21,5,864,1899,-1,-1,-1,-1,-1,-1,low_operand_for_dif_butterfly
ntt32_butterfly_operand,1,2,2,v6,5,-1,-1,-1,-1,-1,-1,1,1,32,21,-1,hi,5,21,5,864,1899,-1,-1,-1,-1,-1,-1,dif_high_output_gets_(lo-hi)_times_twiddle
ntt32_butterfly_operand,1,2,0,v4,6,-1,-1,-1,-1,-1,-1,1,1,32,6,-1,lo,6,22,6,-446,3413,-1,-1,-1,-1,-1,-1,low_operand_for_dif_butterfly
ntt32_butterfly_operand,1,2,2,v6,6,-1,-1,-1,-1,-1,-1,1,1,32,22,-1,hi,6,22,6,-446,3413,-1,-1,-1,-1,-1,-1,dif_high_output_gets_(lo-hi)_times_twiddle
ntt32_butterfly_operand,1,2,0,v4,7,-1,-1,-1,-1,-1,-1,1,1,32,7,-1,lo,7,23,7,-554,1015,-1,-1,-1,-1,-1,-1,low_operand_for_dif_butterfly
ntt32_butterfly_operand,1,2,2,v6,7,-1,-1,-1,-1,-1,-1,1,1,32,23,-1,hi,7,23,7,-554,1015,-1,-1,-1,-1,-1,-1,dif_high_output_gets_(lo-hi)_times_twiddle
ntt32_butterfly_operand,1,2,1,v5,0,-1,-1,-1,-1,-1,-1,1,1,32,8,-1,lo,8,24,8,366,2749,-1,-1,-1,-1,-1,-1,low_operand_for_dif_butterfly
ntt32_butterfly_operand,1,2,3,v7,0,-1,-1,-1,-1,-1,-1,1,1,32,24,-1,hi,8,24,8,366,2749,-1,-1,-1,-1,-1,-1,dif_high_output_gets_(lo-hi)_times_twiddle
ntt32_butterfly_operand,1,2,1,v5,1,-1,-1,-1,-1,-1,-1,1,1,32,9,-1,lo,9,25,9,-429,2190,-1,-1,-1,-1,-1,-1,low_operand_for_dif_butterfly
ntt32_butterfly_operand,1,2,3,v7,1,-1,-1,-1,-1,-1,-1,1,1,32,25,-1,hi,9,25,9,-429,2190,-1,-1,-1,-1,-1,-1,dif_high_output_gets_(lo-hi)_times_twiddle
ntt32_butterfly_operand,1,2,1,v5,2,-1,-1,-1,-1,-1,-1,1,1,32,10,-1,lo,10,26,10,-1339,550,-1,-1,-1,-1,-1,-1,low_operand_for_dif_butterfly
ntt32_butterfly_operand,1,2,3,v7,2,-1,-1,-1,-1,-1,-1,1,1,32,26,-1,hi,10,26,10,-1339,550,-1,-1,-1,-1,-1,-1,dif_high_output_gets_(lo-hi)_times_twiddle
ntt32_butterfly_operand,1,2,1,v5,3,-1,-1,-1,-1,-1,-1,1,1,32,11,-1,lo,11,27,11,11,2869,-1,-1,-1,-1,-1,-1,low_operand_for_dif_butterfly
ntt32_butterfly_operand,1,2,3,v7,3,-1,-1,-1,-1,-1,-1,1,1,32,27,-1,hi,11,27,11,11,2869,-1,-1,-1,-1,-1,-1,dif_high_output_gets_(lo-hi)_times_twiddle
ntt32_butterfly_operand,1,2,1,v5,4,-1,-1,-1,-1,-1,-1,1,1,32,12,-1,lo,12,28,12,-1118,1936,-1,-1,-1,-1,-1,-1,low_operand_for_dif_butterfly
ntt32_butterfly_operand,1,2,3,v7,4,-1,-1,-1,-1,-1,-1,1,1,32,28,-1,hi,12,28,12,-1118,1936,-1,-1,-1,-1,-1,-1,dif_high_output_gets_(lo-hi)_times_twiddle
ntt32_butterfly_operand,1,2,1,v5,5,-1,-1,-1,-1,-1,-1,1,1,32,13,-1,lo,13,29,13,177,281,-1,-1,-1,-1,-1,-1,low_operand_for_dif_butterfly
ntt32_butterfly_operand,1,2,3,v7,5,-1,-1,-1,-1,-1,-1,1,1,32,29,-1,hi,13,29,13,177,281,-1,-1,-1,-1,-1,-1,dif_high_output_gets_(lo-hi)_times_twiddle
ntt32_butterfly_operand,1,2,1,v5,6,-1,-1,-1,-1,-1,-1,1,1,32,14,-1,lo,14,30,14,1181,39,-1,-1,-1,-1,-1,-1,low_operand_for_dif_butterfly
ntt32_butterfly_operand,1,2,3,v7,6,-1,-1,-1,-1,-1,-1,1,1,32,30,-1,hi,14,30,14,1181,39,-1,-1,-1,-1,-1,-1,dif_high_output_gets_(lo-hi)_times_twiddle
ntt32_butterfly_operand,1,2,1,v5,7,-1,-1,-1,-1,-1,-1,1,1,32,15,-1,lo,15,31,15,1591,436,-1,-1,-1,-1,-1,-1,low_operand_for_dif_butterfly
ntt32_butterfly_operand,1,2,3,v7,7,-1,-1,-1,-1,-1,-1,1,1,32,31,-1,hi,15,31,15,1591,436,-1,-1,-1,-1,-1,-1,dif_high_output_gets_(lo-hi)_times_twiddle
ntt32_butterfly_operand,1,2,0,v4,0,-1,-1,-1,-1,-1,-1,1,2,16,0,-1,lo,0,8,0,-147,1,-1,-1,-1,-1,-1,-1,low_operand_for_dif_butterfly
ntt32_butterfly_operand,1,2,1,v5,0,-1,-1,-1,-1,-1,-1,1,2,16,8,-1,hi,0,8,0,-147,1,-1,-1,-1,-1,-1,-1,dif_high_output_gets_(lo-hi)_times_twiddle
ntt32_butterfly_operand,1,2,0,v4,1,-1,-1,-1,-1,-1,-1,1,2,16,1,-1,lo,1,9,2,-794,2216,-1,-1,-1,-1,-1,-1,low_operand_for_dif_butterfly
ntt32_butterfly_operand,1,2,1,v5,1,-1,-1,-1,-1,-1,-1,1,2,16,9,-1,hi,1,9,2,-794,2216,-1,-1,-1,-1,-1,-1,dif_high_output_gets_(lo-hi)_times_twiddle
ntt32_butterfly_operand,1,2,0,v4,2,-1,-1,-1,-1,-1,-1,1,2,16,2,-1,lo,2,10,4,109,1716,-1,-1,-1,-1,-1,-1,low_operand_for_dif_butterfly
ntt32_butterfly_operand,1,2,1,v5,2,-1,-1,-1,-1,-1,-1,1,2,16,10,-1,hi,2,10,4,109,1716,-1,-1,-1,-1,-1,-1,dif_high_output_gets_(lo-hi)_times_twiddle
ntt32_butterfly_operand,1,2,0,v4,3,-1,-1,-1,-1,-1,-1,1,2,16,3,-1,lo,3,11,6,-446,3413,-1,-1,-1,-1,-1,-1,low_operand_for_dif_butterfly
ntt32_butterfly_operand,1,2,1,v5,3,-1,-1,-1,-1,-1,-1,1,2,16,11,-1,hi,3,11,6,-446,3413,-1,-1,-1,-1,-1,-1,dif_high_output_gets_(lo-hi)_times_twiddle
ntt32_butterfly_operand,1,2,0,v4,4,-1,-1,-1,-1,-1,-1,1,2,16,4,-1,lo,4,12,8,366,2749,-1,-1,-1,-1,-1,-1,low_operand_for_dif_butterfly
ntt32_butterfly_operand,1,2,1,v5,4,-1,-1,-1,-1,-1,-1,1,2,16,12,-1,hi,4,12,8,366,2749,-1,-1,-1,-1,-1,-1,dif_high_output_gets_(lo-hi)_times_twiddle
ntt32_butterfly_operand,1,2,0,v4,5,-1,-1,-1,-1,-1,-1,1,2,16,5,-1,lo,5,13,10,-1339,550,-1,-1,-1,-1,-1,-1,low_operand_for_dif_butterfly
ntt32_butterfly_operand,1,2,1,v5,5,-1,-1,-1,-1,-1,-1,1,2,16,13,-1,hi,5,13,10,-1339,550,-1,-1,-1,-1,-1,-1,dif_high_output_gets_(lo-hi)_times_twiddle
ntt32_butterfly_operand,1,2,0,v4,6,-1,-1,-1,-1,-1,-1,1,2,16,6,-1,lo,6,14,12,-1118,1936,-1,-1,-1,-1,-1,-1,low_operand_for_dif_butterfly
ntt32_butterfly_operand,1,2,1,v5,6,-1,-1,-1,-1,-1,-1,1,2,16,14,-1,hi,6,14,12,-1118,1936,-1,-1,-1,-1,-1,-1,dif_high_output_gets_(lo-hi)_times_twiddle
ntt32_butterfly_operand,1,2,0,v4,7,-1,-1,-1,-1,-1,-1,1,2,16,7,-1,lo,7,15,14,1181,39,-1,-1,-1,-1,-1,-1,low_operand_for_dif_butterfly
ntt32_butterfly_operand,1,2,1,v5,7,-1,-1,-1,-1,-1,-1,1,2,16,15,-1,hi,7,15,14,1181,39,-1,-1,-1,-1,-1,-1,dif_high_output_gets_(lo-hi)_times_twiddle
ntt32_butterfly_operand,1,2,2,v6,0,-1,-1,-1,-1,-1,-1,1,2,16,16,-1,lo,16,24,0,-147,1,-1,-1,-1,-1,-1,-1,low_operand_for_dif_butterfly
ntt32_butterfly_operand,1,2,3,v7,0,-1,-1,-1,-1,-1,-1,1,2,16,24,-1,hi,16,24,0,-147,1,-1,-1,-1,-1,-1,-1,dif_high_output_gets_(lo-hi)_times_twiddle
ntt32_butterfly_operand,1,2,2,v6,1,-1,-1,-1,-1,-1,-1,1,2,16,17,-1,lo,17,25,2,-794,2216,-1,-1,-1,-1,-1,-1,low_operand_for_dif_butterfly
ntt32_butterfly_operand,1,2,3,v7,1,-1,-1,-1,-1,-1,-1,1,2,16,25,-1,hi,17,25,2,-794,2216,-1,-1,-1,-1,-1,-1,dif_high_output_gets_(lo-hi)_times_twiddle
ntt32_butterfly_operand,1,2,2,v6,2,-1,-1,-1,-1,-1,-1,1,2,16,18,-1,lo,18,26,4,109,1716,-1,-1,-1,-1,-1,-1,low_operand_for_dif_butterfly
ntt32_butterfly_operand,1,2,3,v7,2,-1,-1,-1,-1,-1,-1,1,2,16,26,-1,hi,18,26,4,109,1716,-1,-1,-1,-1,-1,-1,dif_high_output_gets_(lo-hi)_times_twiddle
ntt32_butterfly_operand,1,2,2,v6,3,-1,-1,-1,-1,-1,-1,1,2,16,19,-1,lo,19,27,6,-446,3413,-1,-1,-1,-1,-1,-1,low_operand_for_dif_butterfly
ntt32_butterfly_operand,1,2,3,v7,3,-1,-1,-1,-1,-1,-1,1,2,16,27,-1,hi,19,27,6,-446,3413,-1,-1,-1,-1,-1,-1,dif_high_output_gets_(lo-hi)_times_twiddle
ntt32_butterfly_operand,1,2,2,v6,4,-1,-1,-1,-1,-1,-1,1,2,16,20,-1,lo,20,28,8,366,2749,-1,-1,-1,-1,-1,-1,low_operand_for_dif_butterfly
ntt32_butterfly_operand,1,2,3,v7,4,-1,-1,-1,-1,-1,-1,1,2,16,28,-1,hi,20,28,8,366,2749,-1,-1,-1,-1,-1,-1,dif_high_output_gets_(lo-hi)_times_twiddle
ntt32_butterfly_operand,1,2,2,v6,5,-1,-1,-1,-1,-1,-1,1,2,16,21,-1,lo,21,29,10,-1339,550,-1,-1,-1,-1,-1,-1,low_operand_for_dif_butterfly
ntt32_butterfly_operand,1,2,3,v7,5,-1,-1,-1,-1,-1,-1,1,2,16,29,-1,hi,21,29,10,-1339,550,-1,-1,-1,-1,-1,-1,dif_high_output_gets_(lo-hi)_times_twiddle
ntt32_butterfly_operand,1,2,2,v6,6,-1,-1,-1,-1,-1,-1,1,2,16,22,-1,lo,22,30,12,-1118,1936,-1,-1,-1,-1,-1,-1,low_operand_for_dif_butterfly
ntt32_butterfly_operand,1,2,3,v7,6,-1,-1,-1,-1,-1,-1,1,2,16,30,-1,hi,22,30,12,-1118,1936,-1,-1,-1,-1,-1,-1,dif_high_output_gets_(lo-hi)_times_twiddle
ntt32_butterfly_operand,1,2,2,v6,7,-1,-1,-1,-1,-1,-1,1,2,16,23,-1,lo,23,31,14,1181,39,-1,-1,-1,-1,-1,-1,low_operand_for_dif_butterfly
ntt32_butterfly_operand,1,2,3,v7,7,-1,-1,-1,-1,-1,-1,1,2,16,31,-1,hi,23,31,14,1181,39,-1,-1,-1,-1,-1,-1,dif_high_output_gets_(lo-hi)_times_twiddle
ntt32_butterfly_operand,1,2,0,v4,0,-1,-1,-1,-1,-1,-1,1,3,8,0,-1,lo,0,4,0,-147,1,-1,-1,-1,-1,-1,-1,low_operand_for_dif_butterfly
ntt32_butterfly_operand,1,2,0,v4,4,-1,-1,-1,-1,-1,-1,1,3,8,4,-1,hi,0,4,0,-147,1,-1,-1,-1,-1,-1,-1,dif_high_output_gets_(lo-hi)_times_twiddle
ntt32_butterfly_operand,1,2,0,v4,1,-1,-1,-1,-1,-1,-1,1,3,8,1,-1,lo,1,5,4,109,1716,-1,-1,-1,-1,-1,-1,low_operand_for_dif_butterfly
ntt32_butterfly_operand,1,2,0,v4,5,-1,-1,-1,-1,-1,-1,1,3,8,5,-1,hi,1,5,4,109,1716,-1,-1,-1,-1,-1,-1,dif_high_output_gets_(lo-hi)_times_twiddle
ntt32_butterfly_operand,1,2,0,v4,2,-1,-1,-1,-1,-1,-1,1,3,8,2,-1,lo,2,6,8,366,2749,-1,-1,-1,-1,-1,-1,low_operand_for_dif_butterfly
ntt32_butterfly_operand,1,2,0,v4,6,-1,-1,-1,-1,-1,-1,1,3,8,6,-1,hi,2,6,8,366,2749,-1,-1,-1,-1,-1,-1,dif_high_output_gets_(lo-hi)_times_twiddle
ntt32_butterfly_operand,1,2,0,v4,3,-1,-1,-1,-1,-1,-1,1,3,8,3,-1,lo,3,7,12,-1118,1936,-1,-1,-1,-1,-1,-1,low_operand_for_dif_butterfly
ntt32_butterfly_operand,1,2,0,v4,7,-1,-1,-1,-1,-1,-1,1,3,8,7,-1,hi,3,7,12,-1118,1936,-1,-1,-1,-1,-1,-1,dif_high_output_gets_(lo-hi)_times_twiddle
ntt32_butterfly_operand,1,2,1,v5,0,-1,-1,-1,-1,-1,-1,1,3,8,8,-1,lo,8,12,0,-147,1,-1,-1,-1,-1,-1,-1,low_operand_for_dif_butterfly
ntt32_butterfly_operand,1,2,1,v5,4,-1,-1,-1,-1,-1,-1,1,3,8,12,-1,hi,8,12,0,-147,1,-1,-1,-1,-1,-1,-1,dif_high_output_gets_(lo-hi)_times_twiddle
ntt32_butterfly_operand,1,2,1,v5,1,-1,-1,-1,-1,-1,-1,1,3,8,9,-1,lo,9,13,4,109,1716,-1,-1,-1,-1,-1,-1,low_operand_for_dif_butterfly
ntt32_butterfly_operand,1,2,1,v5,5,-1,-1,-1,-1,-1,-1,1,3,8,13,-1,hi,9,13,4,109,1716,-1,-1,-1,-1,-1,-1,dif_high_output_gets_(lo-hi)_times_twiddle
ntt32_butterfly_operand,1,2,1,v5,2,-1,-1,-1,-1,-1,-1,1,3,8,10,-1,lo,10,14,8,366,2749,-1,-1,-1,-1,-1,-1,low_operand_for_dif_butterfly
ntt32_butterfly_operand,1,2,1,v5,6,-1,-1,-1,-1,-1,-1,1,3,8,14,-1,hi,10,14,8,366,2749,-1,-1,-1,-1,-1,-1,dif_high_output_gets_(lo-hi)_times_twiddle
ntt32_butterfly_operand,1,2,1,v5,3,-1,-1,-1,-1,-1,-1,1,3,8,11,-1,lo,11,15,12,-1118,1936,-1,-1,-1,-1,-1,-1,low_operand_for_dif_butterfly
ntt32_butterfly_operand,1,2,1,v5,7,-1,-1,-1,-1,-1,-1,1,3,8,15,-1,hi,11,15,12,-1118,1936,-1,-1,-1,-1,-1,-1,dif_high_output_gets_(lo-hi)_times_twiddle
ntt32_butterfly_operand,1,2,2,v6,0,-1,-1,-1,-1,-1,-1,1,3,8,16,-1,lo,16,20,0,-147,1,-1,-1,-1,-1,-1,-1,low_operand_for_dif_butterfly
ntt32_butterfly_operand,1,2,2,v6,4,-1,-1,-1,-1,-1,-1,1,3,8,20,-1,hi,16,20,0,-147,1,-1,-1,-1,-1,-1,-1,dif_high_output_gets_(lo-hi)_times_twiddle
ntt32_butterfly_operand,1,2,2,v6,1,-1,-1,-1,-1,-1,-1,1,3,8,17,-1,lo,17,21,4,109,1716,-1,-1,-1,-1,-1,-1,low_operand_for_dif_butterfly
ntt32_butterfly_operand,1,2,2,v6,5,-1,-1,-1,-1,-1,-1,1,3,8,21,-1,hi,17,21,4,109,1716,-1,-1,-1,-1,-1,-1,dif_high_output_gets_(lo-hi)_times_twiddle
ntt32_butterfly_operand,1,2,2,v6,2,-1,-1,-1,-1,-1,-1,1,3,8,18,-1,lo,18,22,8,366,2749,-1,-1,-1,-1,-1,-1,low_operand_for_dif_butterfly
ntt32_butterfly_operand,1,2,2,v6,6,-1,-1,-1,-1,-1,-1,1,3,8,22,-1,hi,18,22,8,366,2749,-1,-1,-1,-1,-1,-1,dif_high_output_gets_(lo-hi)_times_twiddle
ntt32_butterfly_operand,1,2,2,v6,3,-1,-1,-1,-1,-1,-1,1,3,8,19,-1,lo,19,23,12,-1118,1936,-1,-1,-1,-1,-1,-1,low_operand_for_dif_butterfly
ntt32_butterfly_operand,1,2,2,v6,7,-1,-1,-1,-1,-1,-1,1,3,8,23,-1,hi,19,23,12,-1118,1936,-1,-1,-1,-1,-1,-1,dif_high_output_gets_(lo-hi)_times_twiddle
ntt32_butterfly_operand,1,2,3,v7,0,-1,-1,-1,-1,-1,-1,1,3,8,24,-1,lo,24,28,0,-147,1,-1,-1,-1,-1,-1,-1,low_operand_for_dif_butterfly
ntt32_butterfly_operand,1,2,3,v7,4,-1,-1,-1,-1,-1,-1,1,3,8,28,-1,hi,24,28,0,-147,1,-1,-1,-1,-1,-1,-1,dif_high_output_gets_(lo-hi)_times_twiddle
ntt32_butterfly_operand,1,2,3,v7,1,-1,-1,-1,-1,-1,-1,1,3,8,25,-1,lo,25,29,4,109,1716,-1,-1,-1,-1,-1,-1,low_operand_for_dif_butterfly
ntt32_butterfly_operand,1,2,3,v7,5,-1,-1,-1,-1,-1,-1,1,3,8,29,-1,hi,25,29,4,109,1716,-1,-1,-1,-1,-1,-1,dif_high_output_gets_(lo-hi)_times_twiddle
ntt32_butterfly_operand,1,2,3,v7,2,-1,-1,-1,-1,-1,-1,1,3,8,26,-1,lo,26,30,8,366,2749,-1,-1,-1,-1,-1,-1,low_operand_for_dif_butterfly
ntt32_butterfly_operand,1,2,3,v7,6,-1,-1,-1,-1,-1,-1,1,3,8,30,-1,hi,26,30,8,366,2749,-1,-1,-1,-1,-1,-1,dif_high_output_gets_(lo-hi)_times_twiddle
ntt32_butterfly_operand,1,2,3,v7,3,-1,-1,-1,-1,-1,-1,1,3,8,27,-1,lo,27,31,12,-1118,1936,-1,-1,-1,-1,-1,-1,low_operand_for_dif_butterfly
ntt32_butterfly_operand,1,2,3,v7,7,-1,-1,-1,-1,-1,-1,1,3,8,31,-1,hi,27,31,12,-1118,1936,-1,-1,-1,-1,-1,-1,dif_high_output_gets_(lo-hi)_times_twiddle
ntt32_butterfly_operand,1,2,0,v4,0,-1,-1,-1,-1,-1,-1,1,4,4,0,-1,lo,0,2,0,-147,1,-1,-1,-1,-1,-1,-1,low_operand_for_dif_butterfly
ntt32_butterfly_operand,1,2,0,v4,2,-1,-1,-1,-1,-1,-1,1,4,4,2,-1,hi,0,2,0,-147,1,-1,-1,-1,-1,-1,-1,dif_high_output_gets_(lo-hi)_times_twiddle
ntt32_butterfly_operand,1,2,0,v4,1,-1,-1,-1,-1,-1,-1,1,4,4,1,-1,lo,1,3,8,366,2749,-1,-1,-1,-1,-1,-1,low_operand_for_dif_butterfly
ntt32_butterfly_operand,1,2,0,v4,3,-1,-1,-1,-1,-1,-1,1,4,4,3,-1,hi,1,3,8,366,2749,-1,-1,-1,-1,-1,-1,dif_high_output_gets_(lo-hi)_times_twiddle
ntt32_butterfly_operand,1,2,0,v4,4,-1,-1,-1,-1,-1,-1,1,4,4,4,-1,lo,4,6,0,-147,1,-1,-1,-1,-1,-1,-1,low_operand_for_dif_butterfly
ntt32_butterfly_operand,1,2,0,v4,6,-1,-1,-1,-1,-1,-1,1,4,4,6,-1,hi,4,6,0,-147,1,-1,-1,-1,-1,-1,-1,dif_high_output_gets_(lo-hi)_times_twiddle
ntt32_butterfly_operand,1,2,0,v4,5,-1,-1,-1,-1,-1,-1,1,4,4,5,-1,lo,5,7,8,366,2749,-1,-1,-1,-1,-1,-1,low_operand_for_dif_butterfly
ntt32_butterfly_operand,1,2,0,v4,7,-1,-1,-1,-1,-1,-1,1,4,4,7,-1,hi,5,7,8,366,2749,-1,-1,-1,-1,-1,-1,dif_high_output_gets_(lo-hi)_times_twiddle
ntt32_butterfly_operand,1,2,1,v5,0,-1,-1,-1,-1,-1,-1,1,4,4,8,-1,lo,8,10,0,-147,1,-1,-1,-1,-1,-1,-1,low_operand_for_dif_butterfly
ntt32_butterfly_operand,1,2,1,v5,2,-1,-1,-1,-1,-1,-1,1,4,4,10,-1,hi,8,10,0,-147,1,-1,-1,-1,-1,-1,-1,dif_high_output_gets_(lo-hi)_times_twiddle
ntt32_butterfly_operand,1,2,1,v5,1,-1,-1,-1,-1,-1,-1,1,4,4,9,-1,lo,9,11,8,366,2749,-1,-1,-1,-1,-1,-1,low_operand_for_dif_butterfly
ntt32_butterfly_operand,1,2,1,v5,3,-1,-1,-1,-1,-1,-1,1,4,4,11,-1,hi,9,11,8,366,2749,-1,-1,-1,-1,-1,-1,dif_high_output_gets_(lo-hi)_times_twiddle
ntt32_butterfly_operand,1,2,1,v5,4,-1,-1,-1,-1,-1,-1,1,4,4,12,-1,lo,12,14,0,-147,1,-1,-1,-1,-1,-1,-1,low_operand_for_dif_butterfly
ntt32_butterfly_operand,1,2,1,v5,6,-1,-1,-1,-1,-1,-1,1,4,4,14,-1,hi,12,14,0,-147,1,-1,-1,-1,-1,-1,-1,dif_high_output_gets_(lo-hi)_times_twiddle
ntt32_butterfly_operand,1,2,1,v5,5,-1,-1,-1,-1,-1,-1,1,4,4,13,-1,lo,13,15,8,366,2749,-1,-1,-1,-1,-1,-1,low_operand_for_dif_butterfly
ntt32_butterfly_operand,1,2,1,v5,7,-1,-1,-1,-1,-1,-1,1,4,4,15,-1,hi,13,15,8,366,2749,-1,-1,-1,-1,-1,-1,dif_high_output_gets_(lo-hi)_times_twiddle
ntt32_butterfly_operand,1,2,2,v6,0,-1,-1,-1,-1,-1,-1,1,4,4,16,-1,lo,16,18,0,-147,1,-1,-1,-1,-1,-1,-1,low_operand_for_dif_butterfly
ntt32_butterfly_operand,1,2,2,v6,2,-1,-1,-1,-1,-1,-1,1,4,4,18,-1,hi,16,18,0,-147,1,-1,-1,-1,-1,-1,-1,dif_high_output_gets_(lo-hi)_times_twiddle
ntt32_butterfly_operand,1,2,2,v6,1,-1,-1,-1,-1,-1,-1,1,4,4,17,-1,lo,17,19,8,366,2749,-1,-1,-1,-1,-1,-1,low_operand_for_dif_butterfly
ntt32_butterfly_operand,1,2,2,v6,3,-1,-1,-1,-1,-1,-1,1,4,4,19,-1,hi,17,19,8,366,2749,-1,-1,-1,-1,-1,-1,dif_high_output_gets_(lo-hi)_times_twiddle
ntt32_butterfly_operand,1,2,2,v6,4,-1,-1,-1,-1,-1,-1,1,4,4,20,-1,lo,20,22,0,-147,1,-1,-1,-1,-1,-1,-1,low_operand_for_dif_butterfly
ntt32_butterfly_operand,1,2,2,v6,6,-1,-1,-1,-1,-1,-1,1,4,4,22,-1,hi,20,22,0,-147,1,-1,-1,-1,-1,-1,-1,dif_high_output_gets_(lo-hi)_times_twiddle
ntt32_butterfly_operand,1,2,2,v6,5,-1,-1,-1,-1,-1,-1,1,4,4,21,-1,lo,21,23,8,366,2749,-1,-1,-1,-1,-1,-1,low_operand_for_dif_butterfly
ntt32_butterfly_operand,1,2,2,v6,7,-1,-1,-1,-1,-1,-1,1,4,4,23,-1,hi,21,23,8,366,2749,-1,-1,-1,-1,-1,-1,dif_high_output_gets_(lo-hi)_times_twiddle
ntt32_butterfly_operand,1,2,3,v7,0,-1,-1,-1,-1,-1,-1,1,4,4,24,-1,lo,24,26,0,-147,1,-1,-1,-1,-1,-1,-1,low_operand_for_dif_butterfly
ntt32_butterfly_operand,1,2,3,v7,2,-1,-1,-1,-1,-1,-1,1,4,4,26,-1,hi,24,26,0,-147,1,-1,-1,-1,-1,-1,-1,dif_high_output_gets_(lo-hi)_times_twiddle
ntt32_butterfly_operand,1,2,3,v7,1,-1,-1,-1,-1,-1,-1,1,4,4,25,-1,lo,25,27,8,366,2749,-1,-1,-1,-1,-1,-1,low_operand_for_dif_butterfly
ntt32_butterfly_operand,1,2,3,v7,3,-1,-1,-1,-1,-1,-1,1,4,4,27,-1,hi,25,27,8,366,2749,-1,-1,-1,-1,-1,-1,dif_high_output_gets_(lo-hi)_times_twiddle
ntt32_butterfly_operand,1,2,3,v7,4,-1,-1,-1,-1,-1,-1,1,4,4,28,-1,lo,28,30,0,-147,1,-1,-1,-1,-1,-1,-1,low_operand_for_dif_butterfly
ntt32_butterfly_operand,1,2,3,v7,6,-1,-1,-1,-1,-1,-1,1,4,4,30,-1,hi,28,30,0,-147,1,-1,-1,-1,-1,-1,-1,dif_high_output_gets_(lo-hi)_times_twiddle
ntt32_butterfly_operand,1,2,3,v7,5,-1,-1,-1,-1,-1,-1,1,4,4,29,-1,lo,29,31,8,366,2749,-1,-1,-1,-1,-1,-1,low_operand_for_dif_butterfly
ntt32_butterfly_operand,1,2,3,v7,7,-1,-1,-1,-1,-1,-1,1,4,4,31,-1,hi,29,31,8,366,2749,-1,-1,-1,-1,-1,-1,dif_high_output_gets_(lo-hi)_times_twiddle
ntt32_initial_natural_pack,1,2,0,v4,0,-1,-1,-1,-1,-1,0,2,0,32,0,0,state,-1,-1,0,-147,1,386,642,514,0,64,32,natural_input_for_incomplete_dif_ntt32_pre_len2_output
ntt32_initial_natural_pack,1,2,0,v4,1,-1,-1,-1,-1,-1,1,2,0,32,1,1,state,-1,-1,0,-147,1,518,390,646,33,1,65,natural_input_for_incomplete_dif_ntt32_pre_len2_output
ntt32_initial_natural_pack,1,2,0,v4,2,-1,-1,-1,-1,-1,2,2,0,32,2,2,state,-1,-1,0,-147,1,650,522,394,66,34,2,natural_input_for_incomplete_dif_ntt32_pre_len2_output
ntt32_initial_natural_pack,1,2,0,v4,3,-1,-1,-1,-1,-1,3,2,0,32,3,3,state,-1,-1,0,-147,1,398,654,526,3,67,35,natural_input_for_incomplete_dif_ntt32_pre_len2_output
ntt32_initial_natural_pack,1,2,0,v4,4,-1,-1,-1,-1,-1,4,2,0,32,4,4,state,-1,-1,0,-147,1,530,402,658,36,4,68,natural_input_for_incomplete_dif_ntt32_pre_len2_output
ntt32_initial_natural_pack,1,2,0,v4,5,-1,-1,-1,-1,-1,5,2,0,32,5,5,state,-1,-1,0,-147,1,662,534,406,69,37,5,natural_input_for_incomplete_dif_ntt32_pre_len2_output
ntt32_initial_natural_pack,1,2,0,v4,6,-1,-1,-1,-1,-1,6,2,0,32,6,6,state,-1,-1,0,-147,1,410,666,538,6,70,38,natural_input_for_incomplete_dif_ntt32_pre_len2_output
ntt32_initial_natural_pack,1,2,0,v4,7,-1,-1,-1,-1,-1,7,2,0,32,7,7,state,-1,-1,0,-147,1,542,414,670,39,7,71,natural_input_for_incomplete_dif_ntt32_pre_len2_output
ntt32_initial_natural_pack,1,2,1,v5,0,-1,-1,-1,-1,-1,8,2,0,32,8,8,state,-1,-1,0,-147,1,674,546,418,72,40,8,natural_input_for_incomplete_dif_ntt32_pre_len2_output
ntt32_initial_natural_pack,1,2,1,v5,1,-1,-1,-1,-1,-1,9,2,0,32,9,9,state,-1,-1,0,-147,1,422,678,550,9,73,41,natural_input_for_incomplete_dif_ntt32_pre_len2_output
ntt32_initial_natural_pack,1,2,1,v5,2,-1,-1,-1,-1,-1,10,2,0,32,10,10,state,-1,-1,0,-147,1,554,426,682,42,10,74,natural_input_for_incomplete_dif_ntt32_pre_len2_output
ntt32_initial_natural_pack,1,2,1,v5,3,-1,-1,-1,-1,-1,11,2,0,32,11,11,state,-1,-1,0,-147,1,686,558,430,75,43,11,natural_input_for_incomplete_dif_ntt32_pre_len2_output
ntt32_initial_natural_pack,1,2,1,v5,4,-1,-1,-1,-1,-1,12,2,0,32,12,12,state,-1,-1,0,-147,1,434,690,562,12,76,44,natural_input_for_incomplete_dif_ntt32_pre_len2_output
ntt32_initial_natural_pack,1,2,1,v5,5,-1,-1,-1,-1,-1,13,2,0,32,13,13,state,-1,-1,0,-147,1,566,438,694,45,13,77,natural_input_for_incomplete_dif_ntt32_pre_len2_output
ntt32_initial_natural_pack,1,2,1,v5,6,-1,-1,-1,-1,-1,14,2,0,32,14,14,state,-1,-1,0,-147,1,698,570,442,78,46,14,natural_input_for_incomplete_dif_ntt32_pre_len2_output
ntt32_initial_natural_pack,1,2,1,v5,7,-1,-1,-1,-1,-1,15,2,0,32,15,15,state,-1,-1,0,-147,1,446,702,574,15,79,47,natural_input_for_incomplete_dif_ntt32_pre_len2_output
ntt32_initial_natural_pack,1,2,2,v6,0,-1,-1,-1,-1,-1,16,2,0,32,16,16,state,-1,-1,0,-147,1,578,450,706,48,16,80,natural_input_for_incomplete_dif_ntt32_pre_len2_output
ntt32_initial_natural_pack,1,2,2,v6,1,-1,-1,-1,-1,-1,17,2,0,32,17,17,state,-1,-1,0,-147,1,710,582,454,81,49,17,natural_input_for_incomplete_dif_ntt32_pre_len2_output
ntt32_initial_natural_pack,1,2,2,v6,2,-1,-1,-1,-1,-1,18,2,0,32,18,18,state,-1,-1,0,-147,1,458,714,586,18,82,50,natural_input_for_incomplete_dif_ntt32_pre_len2_output
ntt32_initial_natural_pack,1,2,2,v6,3,-1,-1,-1,-1,-1,19,2,0,32,19,19,state,-1,-1,0,-147,1,590,462,718,51,19,83,natural_input_for_incomplete_dif_ntt32_pre_len2_output
ntt32_initial_natural_pack,1,2,2,v6,4,-1,-1,-1,-1,-1,20,2,0,32,20,20,state,-1,-1,0,-147,1,722,594,466,84,52,20,natural_input_for_incomplete_dif_ntt32_pre_len2_output
ntt32_initial_natural_pack,1,2,2,v6,5,-1,-1,-1,-1,-1,21,2,0,32,21,21,state,-1,-1,0,-147,1,470,726,598,21,85,53,natural_input_for_incomplete_dif_ntt32_pre_len2_output
ntt32_initial_natural_pack,1,2,2,v6,6,-1,-1,-1,-1,-1,22,2,0,32,22,22,state,-1,-1,0,-147,1,602,474,730,54,22,86,natural_input_for_incomplete_dif_ntt32_pre_len2_output
ntt32_initial_natural_pack,1,2,2,v6,7,-1,-1,-1,-1,-1,23,2,0,32,23,23,state,-1,-1,0,-147,1,734,606,478,87,55,23,natural_input_for_incomplete_dif_ntt32_pre_len2_output
ntt32_initial_natural_pack,1,2,3,v7,0,-1,-1,-1,-1,-1,24,2,0,32,24,24,state,-1,-1,0,-147,1,482,738,610,24,88,56,natural_input_for_incomplete_dif_ntt32_pre_len2_output
ntt32_initial_natural_pack,1,2,3,v7,1,-1,-1,-1,-1,-1,25,2,0,32,25,25,state,-1,-1,0,-147,1,614,486,742,57,25,89,natural_input_for_incomplete_dif_ntt32_pre_len2_output
ntt32_initial_natural_pack,1,2,3,v7,2,-1,-1,-1,-1,-1,26,2,0,32,26,26,state,-1,-1,0,-147,1,746,618,490,90,58,26,natural_input_for_incomplete_dif_ntt32_pre_len2_output
ntt32_initial_natural_pack,1,2,3,v7,3,-1,-1,-1,-1,-1,27,2,0,32,27,27,state,-1,-1,0,-147,1,494,750,622,27,91,59,natural_input_for_incomplete_dif_ntt32_pre_len2_output
ntt32_initial_natural_pack,1,2,3,v7,4,-1,-1,-1,-1,-1,28,2,0,32,28,28,state,-1,-1,0,-147,1,626,498,754,60,28,92,natural_input_for_incomplete_dif_ntt32_pre_len2_output
ntt32_initial_natural_pack,1,2,3,v7,5,-1,-1,-1,-1,-1,29,2,0,32,29,29,state,-1,-1,0,-147,1,758,630,502,93,61,29,natural_input_for_incomplete_dif_ntt32_pre_len2_output
ntt32_initial_natural_pack,1,2,3,v7,6,-1,-1,-1,-1,-1,30,2,0,32,30,30,state,-1,-1,0,-147,1,506,762,634,30,94,62,natural_input_for_incomplete_dif_ntt32_pre_len2_output
ntt32_initial_natural_pack,1,2,3,v7,7,-1,-1,-1,-1,-1,31,2,0,32,31,31,state,-1,-1,0,-147,1,638,510,766,63,31,95,natural_input_for_incomplete_dif_ntt32_pre_len2_output
ntt32_butterfly_operand,1,2,0,v4,0,-1,-1,-1,-1,-1,-1,2,1,32,0,-1,lo,0,16,0,-147,1,-1,-1,-1,-1,-1,-1,low_operand_for_dif_butterfly
ntt32_butterfly_operand,1,2,2,v6,0,-1,-1,-1,-1,-1,-1,2,1,32,16,-1,hi,0,16,0,-147,1,-1,-1,-1,-1,-1,-1,dif_high_output_gets_(lo-hi)_times_twiddle
ntt32_butterfly_operand,1,2,0,v4,1,-1,-1,-1,-1,-1,-1,2,1,32,1,-1,lo,1,17,1,484,1784,-1,-1,-1,-1,-1,-1,low_operand_for_dif_butterfly
ntt32_butterfly_operand,1,2,2,v6,1,-1,-1,-1,-1,-1,-1,2,1,32,17,-1,hi,1,17,1,484,1784,-1,-1,-1,-1,-1,-1,dif_high_output_gets_(lo-hi)_times_twiddle
ntt32_butterfly_operand,1,2,0,v4,2,-1,-1,-1,-1,-1,-1,2,1,32,2,-1,lo,2,18,2,-794,2216,-1,-1,-1,-1,-1,-1,low_operand_for_dif_butterfly
ntt32_butterfly_operand,1,2,2,v6,2,-1,-1,-1,-1,-1,-1,2,1,32,18,-1,hi,2,18,2,-794,2216,-1,-1,-1,-1,-1,-1,dif_high_output_gets_(lo-hi)_times_twiddle
ntt32_butterfly_operand,1,2,0,v4,3,-1,-1,-1,-1,-1,-1,2,1,32,3,-1,lo,3,19,3,874,1993,-1,-1,-1,-1,-1,-1,low_operand_for_dif_butterfly
ntt32_butterfly_operand,1,2,2,v6,3,-1,-1,-1,-1,-1,-1,2,1,32,19,-1,hi,3,19,3,874,1993,-1,-1,-1,-1,-1,-1,dif_high_output_gets_(lo-hi)_times_twiddle
ntt32_butterfly_operand,1,2,0,v4,4,-1,-1,-1,-1,-1,-1,2,1,32,4,-1,lo,4,20,4,109,1716,-1,-1,-1,-1,-1,-1,low_operand_for_dif_butterfly
ntt32_butterfly_operand,1,2,2,v6,4,-1,-1,-1,-1,-1,-1,2,1,32,20,-1,hi,4,20,4,109,1716,-1,-1,-1,-1,-1,-1,dif_high_output_gets_(lo-hi)_times_twiddle
ntt32_butterfly_operand,1,2,0,v4,5,-1,-1,-1,-1,-1,-1,2,1,32,5,-1,lo,5,21,5,864,1899,-1,-1,-1,-1,-1,-1,low_operand_for_dif_butterfly
ntt32_butterfly_operand,1,2,2,v6,5,-1,-1,-1,-1,-1,-1,2,1,32,21,-1,hi,5,21,5,864,1899,-1,-1,-1,-1,-1,-1,dif_high_output_gets_(lo-hi)_times_twiddle
ntt32_butterfly_operand,1,2,0,v4,6,-1,-1,-1,-1,-1,-1,2,1,32,6,-1,lo,6,22,6,-446,3413,-1,-1,-1,-1,-1,-1,low_operand_for_dif_butterfly
ntt32_butterfly_operand,1,2,2,v6,6,-1,-1,-1,-1,-1,-1,2,1,32,22,-1,hi,6,22,6,-446,3413,-1,-1,-1,-1,-1,-1,dif_high_output_gets_(lo-hi)_times_twiddle
ntt32_butterfly_operand,1,2,0,v4,7,-1,-1,-1,-1,-1,-1,2,1,32,7,-1,lo,7,23,7,-554,1015,-1,-1,-1,-1,-1,-1,low_operand_for_dif_butterfly
ntt32_butterfly_operand,1,2,2,v6,7,-1,-1,-1,-1,-1,-1,2,1,32,23,-1,hi,7,23,7,-554,1015,-1,-1,-1,-1,-1,-1,dif_high_output_gets_(lo-hi)_times_twiddle
ntt32_butterfly_operand,1,2,1,v5,0,-1,-1,-1,-1,-1,-1,2,1,32,8,-1,lo,8,24,8,366,2749,-1,-1,-1,-1,-1,-1,low_operand_for_dif_butterfly
ntt32_butterfly_operand,1,2,3,v7,0,-1,-1,-1,-1,-1,-1,2,1,32,24,-1,hi,8,24,8,366,2749,-1,-1,-1,-1,-1,-1,dif_high_output_gets_(lo-hi)_times_twiddle
ntt32_butterfly_operand,1,2,1,v5,1,-1,-1,-1,-1,-1,-1,2,1,32,9,-1,lo,9,25,9,-429,2190,-1,-1,-1,-1,-1,-1,low_operand_for_dif_butterfly
ntt32_butterfly_operand,1,2,3,v7,1,-1,-1,-1,-1,-1,-1,2,1,32,25,-1,hi,9,25,9,-429,2190,-1,-1,-1,-1,-1,-1,dif_high_output_gets_(lo-hi)_times_twiddle
ntt32_butterfly_operand,1,2,1,v5,2,-1,-1,-1,-1,-1,-1,2,1,32,10,-1,lo,10,26,10,-1339,550,-1,-1,-1,-1,-1,-1,low_operand_for_dif_butterfly
ntt32_butterfly_operand,1,2,3,v7,2,-1,-1,-1,-1,-1,-1,2,1,32,26,-1,hi,10,26,10,-1339,550,-1,-1,-1,-1,-1,-1,dif_high_output_gets_(lo-hi)_times_twiddle
ntt32_butterfly_operand,1,2,1,v5,3,-1,-1,-1,-1,-1,-1,2,1,32,11,-1,lo,11,27,11,11,2869,-1,-1,-1,-1,-1,-1,low_operand_for_dif_butterfly
ntt32_butterfly_operand,1,2,3,v7,3,-1,-1,-1,-1,-1,-1,2,1,32,27,-1,hi,11,27,11,11,2869,-1,-1,-1,-1,-1,-1,dif_high_output_gets_(lo-hi)_times_twiddle
ntt32_butterfly_operand,1,2,1,v5,4,-1,-1,-1,-1,-1,-1,2,1,32,12,-1,lo,12,28,12,-1118,1936,-1,-1,-1,-1,-1,-1,low_operand_for_dif_butterfly
ntt32_butterfly_operand,1,2,3,v7,4,-1,-1,-1,-1,-1,-1,2,1,32,28,-1,hi,12,28,12,-1118,1936,-1,-1,-1,-1,-1,-1,dif_high_output_gets_(lo-hi)_times_twiddle
ntt32_butterfly_operand,1,2,1,v5,5,-1,-1,-1,-1,-1,-1,2,1,32,13,-1,lo,13,29,13,177,281,-1,-1,-1,-1,-1,-1,low_operand_for_dif_butterfly
ntt32_butterfly_operand,1,2,3,v7,5,-1,-1,-1,-1,-1,-1,2,1,32,29,-1,hi,13,29,13,177,281,-1,-1,-1,-1,-1,-1,dif_high_output_gets_(lo-hi)_times_twiddle
ntt32_butterfly_operand,1,2,1,v5,6,-1,-1,-1,-1,-1,-1,2,1,32,14,-1,lo,14,30,14,1181,39,-1,-1,-1,-1,-1,-1,low_operand_for_dif_butterfly
ntt32_butterfly_operand,1,2,3,v7,6,-1,-1,-1,-1,-1,-1,2,1,32,30,-1,hi,14,30,14,1181,39,-1,-1,-1,-1,-1,-1,dif_high_output_gets_(lo-hi)_times_twiddle
ntt32_butterfly_operand,1,2,1,v5,7,-1,-1,-1,-1,-1,-1,2,1,32,15,-1,lo,15,31,15,1591,436,-1,-1,-1,-1,-1,-1,low_operand_for_dif_butterfly
ntt32_butterfly_operand,1,2,3,v7,7,-1,-1,-1,-1,-1,-1,2,1,32,31,-1,hi,15,31,15,1591,436,-1,-1,-1,-1,-1,-1,dif_high_output_gets_(lo-hi)_times_twiddle
ntt32_butterfly_operand,1,2,0,v4,0,-1,-1,-1,-1,-1,-1,2,2,16,0,-1,lo,0,8,0,-147,1,-1,-1,-1,-1,-1,-1,low_operand_for_dif_butterfly
ntt32_butterfly_operand,1,2,1,v5,0,-1,-1,-1,-1,-1,-1,2,2,16,8,-1,hi,0,8,0,-147,1,-1,-1,-1,-1,-1,-1,dif_high_output_gets_(lo-hi)_times_twiddle
ntt32_butterfly_operand,1,2,0,v4,1,-1,-1,-1,-1,-1,-1,2,2,16,1,-1,lo,1,9,2,-794,2216,-1,-1,-1,-1,-1,-1,low_operand_for_dif_butterfly
ntt32_butterfly_operand,1,2,1,v5,1,-1,-1,-1,-1,-1,-1,2,2,16,9,-1,hi,1,9,2,-794,2216,-1,-1,-1,-1,-1,-1,dif_high_output_gets_(lo-hi)_times_twiddle
ntt32_butterfly_operand,1,2,0,v4,2,-1,-1,-1,-1,-1,-1,2,2,16,2,-1,lo,2,10,4,109,1716,-1,-1,-1,-1,-1,-1,low_operand_for_dif_butterfly
ntt32_butterfly_operand,1,2,1,v5,2,-1,-1,-1,-1,-1,-1,2,2,16,10,-1,hi,2,10,4,109,1716,-1,-1,-1,-1,-1,-1,dif_high_output_gets_(lo-hi)_times_twiddle
ntt32_butterfly_operand,1,2,0,v4,3,-1,-1,-1,-1,-1,-1,2,2,16,3,-1,lo,3,11,6,-446,3413,-1,-1,-1,-1,-1,-1,low_operand_for_dif_butterfly
ntt32_butterfly_operand,1,2,1,v5,3,-1,-1,-1,-1,-1,-1,2,2,16,11,-1,hi,3,11,6,-446,3413,-1,-1,-1,-1,-1,-1,dif_high_output_gets_(lo-hi)_times_twiddle
ntt32_butterfly_operand,1,2,0,v4,4,-1,-1,-1,-1,-1,-1,2,2,16,4,-1,lo,4,12,8,366,2749,-1,-1,-1,-1,-1,-1,low_operand_for_dif_butterfly
ntt32_butterfly_operand,1,2,1,v5,4,-1,-1,-1,-1,-1,-1,2,2,16,12,-1,hi,4,12,8,366,2749,-1,-1,-1,-1,-1,-1,dif_high_output_gets_(lo-hi)_times_twiddle
ntt32_butterfly_operand,1,2,0,v4,5,-1,-1,-1,-1,-1,-1,2,2,16,5,-1,lo,5,13,10,-1339,550,-1,-1,-1,-1,-1,-1,low_operand_for_dif_butterfly
ntt32_butterfly_operand,1,2,1,v5,5,-1,-1,-1,-1,-1,-1,2,2,16,13,-1,hi,5,13,10,-1339,550,-1,-1,-1,-1,-1,-1,dif_high_output_gets_(lo-hi)_times_twiddle
ntt32_butterfly_operand,1,2,0,v4,6,-1,-1,-1,-1,-1,-1,2,2,16,6,-1,lo,6,14,12,-1118,1936,-1,-1,-1,-1,-1,-1,low_operand_for_dif_butterfly
ntt32_butterfly_operand,1,2,1,v5,6,-1,-1,-1,-1,-1,-1,2,2,16,14,-1,hi,6,14,12,-1118,1936,-1,-1,-1,-1,-1,-1,dif_high_output_gets_(lo-hi)_times_twiddle
ntt32_butterfly_operand,1,2,0,v4,7,-1,-1,-1,-1,-1,-1,2,2,16,7,-1,lo,7,15,14,1181,39,-1,-1,-1,-1,-1,-1,low_operand_for_dif_butterfly
ntt32_butterfly_operand,1,2,1,v5,7,-1,-1,-1,-1,-1,-1,2,2,16,15,-1,hi,7,15,14,1181,39,-1,-1,-1,-1,-1,-1,dif_high_output_gets_(lo-hi)_times_twiddle
ntt32_butterfly_operand,1,2,2,v6,0,-1,-1,-1,-1,-1,-1,2,2,16,16,-1,lo,16,24,0,-147,1,-1,-1,-1,-1,-1,-1,low_operand_for_dif_butterfly
ntt32_butterfly_operand,1,2,3,v7,0,-1,-1,-1,-1,-1,-1,2,2,16,24,-1,hi,16,24,0,-147,1,-1,-1,-1,-1,-1,-1,dif_high_output_gets_(lo-hi)_times_twiddle
ntt32_butterfly_operand,1,2,2,v6,1,-1,-1,-1,-1,-1,-1,2,2,16,17,-1,lo,17,25,2,-794,2216,-1,-1,-1,-1,-1,-1,low_operand_for_dif_butterfly
ntt32_butterfly_operand,1,2,3,v7,1,-1,-1,-1,-1,-1,-1,2,2,16,25,-1,hi,17,25,2,-794,2216,-1,-1,-1,-1,-1,-1,dif_high_output_gets_(lo-hi)_times_twiddle
ntt32_butterfly_operand,1,2,2,v6,2,-1,-1,-1,-1,-1,-1,2,2,16,18,-1,lo,18,26,4,109,1716,-1,-1,-1,-1,-1,-1,low_operand_for_dif_butterfly
ntt32_butterfly_operand,1,2,3,v7,2,-1,-1,-1,-1,-1,-1,2,2,16,26,-1,hi,18,26,4,109,1716,-1,-1,-1,-1,-1,-1,dif_high_output_gets_(lo-hi)_times_twiddle
ntt32_butterfly_operand,1,2,2,v6,3,-1,-1,-1,-1,-1,-1,2,2,16,19,-1,lo,19,27,6,-446,3413,-1,-1,-1,-1,-1,-1,low_operand_for_dif_butterfly
ntt32_butterfly_operand,1,2,3,v7,3,-1,-1,-1,-1,-1,-1,2,2,16,27,-1,hi,19,27,6,-446,3413,-1,-1,-1,-1,-1,-1,dif_high_output_gets_(lo-hi)_times_twiddle
ntt32_butterfly_operand,1,2,2,v6,4,-1,-1,-1,-1,-1,-1,2,2,16,20,-1,lo,20,28,8,366,2749,-1,-1,-1,-1,-1,-1,low_operand_for_dif_butterfly
ntt32_butterfly_operand,1,2,3,v7,4,-1,-1,-1,-1,-1,-1,2,2,16,28,-1,hi,20,28,8,366,2749,-1,-1,-1,-1,-1,-1,dif_high_output_gets_(lo-hi)_times_twiddle
ntt32_butterfly_operand,1,2,2,v6,5,-1,-1,-1,-1,-1,-1,2,2,16,21,-1,lo,21,29,10,-1339,550,-1,-1,-1,-1,-1,-1,low_operand_for_dif_butterfly
ntt32_butterfly_operand,1,2,3,v7,5,-1,-1,-1,-1,-1,-1,2,2,16,29,-1,hi,21,29,10,-1339,550,-1,-1,-1,-1,-1,-1,dif_high_output_gets_(lo-hi)_times_twiddle
ntt32_butterfly_operand,1,2,2,v6,6,-1,-1,-1,-1,-1,-1,2,2,16,22,-1,lo,22,30,12,-1118,1936,-1,-1,-1,-1,-1,-1,low_operand_for_dif_butterfly
ntt32_butterfly_operand,1,2,3,v7,6,-1,-1,-1,-1,-1,-1,2,2,16,30,-1,hi,22,30,12,-1118,1936,-1,-1,-1,-1,-1,-1,dif_high_output_gets_(lo-hi)_times_twiddle
ntt32_butterfly_operand,1,2,2,v6,7,-1,-1,-1,-1,-1,-1,2,2,16,23,-1,lo,23,31,14,1181,39,-1,-1,-1,-1,-1,-1,low_operand_for_dif_butterfly
ntt32_butterfly_operand,1,2,3,v7,7,-1,-1,-1,-1,-1,-1,2,2,16,31,-1,hi,23,31,14,1181,39,-1,-1,-1,-1,-1,-1,dif_high_output_gets_(lo-hi)_times_twiddle
ntt32_butterfly_operand,1,2,0,v4,0,-1,-1,-1,-1,-1,-1,2,3,8,0,-1,lo,0,4,0,-147,1,-1,-1,-1,-1,-1,-1,low_operand_for_dif_butterfly
ntt32_butterfly_operand,1,2,0,v4,4,-1,-1,-1,-1,-1,-1,2,3,8,4,-1,hi,0,4,0,-147,1,-1,-1,-1,-1,-1,-1,dif_high_output_gets_(lo-hi)_times_twiddle
ntt32_butterfly_operand,1,2,0,v4,1,-1,-1,-1,-1,-1,-1,2,3,8,1,-1,lo,1,5,4,109,1716,-1,-1,-1,-1,-1,-1,low_operand_for_dif_butterfly
ntt32_butterfly_operand,1,2,0,v4,5,-1,-1,-1,-1,-1,-1,2,3,8,5,-1,hi,1,5,4,109,1716,-1,-1,-1,-1,-1,-1,dif_high_output_gets_(lo-hi)_times_twiddle
ntt32_butterfly_operand,1,2,0,v4,2,-1,-1,-1,-1,-1,-1,2,3,8,2,-1,lo,2,6,8,366,2749,-1,-1,-1,-1,-1,-1,low_operand_for_dif_butterfly
ntt32_butterfly_operand,1,2,0,v4,6,-1,-1,-1,-1,-1,-1,2,3,8,6,-1,hi,2,6,8,366,2749,-1,-1,-1,-1,-1,-1,dif_high_output_gets_(lo-hi)_times_twiddle
ntt32_butterfly_operand,1,2,0,v4,3,-1,-1,-1,-1,-1,-1,2,3,8,3,-1,lo,3,7,12,-1118,1936,-1,-1,-1,-1,-1,-1,low_operand_for_dif_butterfly
ntt32_butterfly_operand,1,2,0,v4,7,-1,-1,-1,-1,-1,-1,2,3,8,7,-1,hi,3,7,12,-1118,1936,-1,-1,-1,-1,-1,-1,dif_high_output_gets_(lo-hi)_times_twiddle
ntt32_butterfly_operand,1,2,1,v5,0,-1,-1,-1,-1,-1,-1,2,3,8,8,-1,lo,8,12,0,-147,1,-1,-1,-1,-1,-1,-1,low_operand_for_dif_butterfly
ntt32_butterfly_operand,1,2,1,v5,4,-1,-1,-1,-1,-1,-1,2,3,8,12,-1,hi,8,12,0,-147,1,-1,-1,-1,-1,-1,-1,dif_high_output_gets_(lo-hi)_times_twiddle
ntt32_butterfly_operand,1,2,1,v5,1,-1,-1,-1,-1,-1,-1,2,3,8,9,-1,lo,9,13,4,109,1716,-1,-1,-1,-1,-1,-1,low_operand_for_dif_butterfly
ntt32_butterfly_operand,1,2,1,v5,5,-1,-1,-1,-1,-1,-1,2,3,8,13,-1,hi,9,13,4,109,1716,-1,-1,-1,-1,-1,-1,dif_high_output_gets_(lo-hi)_times_twiddle
ntt32_butterfly_operand,1,2,1,v5,2,-1,-1,-1,-1,-1,-1,2,3,8,10,-1,lo,10,14,8,366,2749,-1,-1,-1,-1,-1,-1,low_operand_for_dif_butterfly
ntt32_butterfly_operand,1,2,1,v5,6,-1,-1,-1,-1,-1,-1,2,3,8,14,-1,hi,10,14,8,366,2749,-1,-1,-1,-1,-1,-1,dif_high_output_gets_(lo-hi)_times_twiddle
ntt32_butterfly_operand,1,2,1,v5,3,-1,-1,-1,-1,-1,-1,2,3,8,11,-1,lo,11,15,12,-1118,1936,-1,-1,-1,-1,-1,-1,low_operand_for_dif_butterfly
ntt32_butterfly_operand,1,2,1,v5,7,-1,-1,-1,-1,-1,-1,2,3,8,15,-1,hi,11,15,12,-1118,1936,-1,-1,-1,-1,-1,-1,dif_high_output_gets_(lo-hi)_times_twiddle
ntt32_butterfly_operand,1,2,2,v6,0,-1,-1,-1,-1,-1,-1,2,3,8,16,-1,lo,16,20,0,-147,1,-1,-1,-1,-1,-1,-1,low_operand_for_dif_butterfly
ntt32_butterfly_operand,1,2,2,v6,4,-1,-1,-1,-1,-1,-1,2,3,8,20,-1,hi,16,20,0,-147,1,-1,-1,-1,-1,-1,-1,dif_high_output_gets_(lo-hi)_times_twiddle
ntt32_butterfly_operand,1,2,2,v6,1,-1,-1,-1,-1,-1,-1,2,3,8,17,-1,lo,17,21,4,109,1716,-1,-1,-1,-1,-1,-1,low_operand_for_dif_butterfly
ntt32_butterfly_operand,1,2,2,v6,5,-1,-1,-1,-1,-1,-1,2,3,8,21,-1,hi,17,21,4,109,1716,-1,-1,-1,-1,-1,-1,dif_high_output_gets_(lo-hi)_times_twiddle
ntt32_butterfly_operand,1,2,2,v6,2,-1,-1,-1,-1,-1,-1,2,3,8,18,-1,lo,18,22,8,366,2749,-1,-1,-1,-1,-1,-1,low_operand_for_dif_butterfly
ntt32_butterfly_operand,1,2,2,v6,6,-1,-1,-1,-1,-1,-1,2,3,8,22,-1,hi,18,22,8,366,2749,-1,-1,-1,-1,-1,-1,dif_high_output_gets_(lo-hi)_times_twiddle
ntt32_butterfly_operand,1,2,2,v6,3,-1,-1,-1,-1,-1,-1,2,3,8,19,-1,lo,19,23,12,-1118,1936,-1,-1,-1,-1,-1,-1,low_operand_for_dif_butterfly
ntt32_butterfly_operand,1,2,2,v6,7,-1,-1,-1,-1,-1,-1,2,3,8,23,-1,hi,19,23,12,-1118,1936,-1,-1,-1,-1,-1,-1,dif_high_output_gets_(lo-hi)_times_twiddle
ntt32_butterfly_operand,1,2,3,v7,0,-1,-1,-1,-1,-1,-1,2,3,8,24,-1,lo,24,28,0,-147,1,-1,-1,-1,-1,-1,-1,low_operand_for_dif_butterfly
ntt32_butterfly_operand,1,2,3,v7,4,-1,-1,-1,-1,-1,-1,2,3,8,28,-1,hi,24,28,0,-147,1,-1,-1,-1,-1,-1,-1,dif_high_output_gets_(lo-hi)_times_twiddle
ntt32_butterfly_operand,1,2,3,v7,1,-1,-1,-1,-1,-1,-1,2,3,8,25,-1,lo,25,29,4,109,1716,-1,-1,-1,-1,-1,-1,low_operand_for_dif_butterfly
ntt32_butterfly_operand,1,2,3,v7,5,-1,-1,-1,-1,-1,-1,2,3,8,29,-1,hi,25,29,4,109,1716,-1,-1,-1,-1,-1,-1,dif_high_output_gets_(lo-hi)_times_twiddle
ntt32_butterfly_operand,1,2,3,v7,2,-1,-1,-1,-1,-1,-1,2,3,8,26,-1,lo,26,30,8,366,2749,-1,-1,-1,-1,-1,-1,low_operand_for_dif_butterfly
ntt32_butterfly_operand,1,2,3,v7,6,-1,-1,-1,-1,-1,-1,2,3,8,30,-1,hi,26,30,8,366,2749,-1,-1,-1,-1,-1,-1,dif_high_output_gets_(lo-hi)_times_twiddle
ntt32_butterfly_operand,1,2,3,v7,3,-1,-1,-1,-1,-1,-1,2,3,8,27,-1,lo,27,31,12,-1118,1936,-1,-1,-1,-1,-1,-1,low_operand_for_dif_butterfly
ntt32_butterfly_operand,1,2,3,v7,7,-1,-1,-1,-1,-1,-1,2,3,8,31,-1,hi,27,31,12,-1118,1936,-1,-1,-1,-1,-1,-1,dif_high_output_gets_(lo-hi)_times_twiddle
ntt32_butterfly_operand,1,2,0,v4,0,-1,-1,-1,-1,-1,-1,2,4,4,0,-1,lo,0,2,0,-147,1,-1,-1,-1,-1,-1,-1,low_operand_for_dif_butterfly
ntt32_butterfly_operand,1,2,0,v4,2,-1,-1,-1,-1,-1,-1,2,4,4,2,-1,hi,0,2,0,-147,1,-1,-1,-1,-1,-1,-1,dif_high_output_gets_(lo-hi)_times_twiddle
ntt32_butterfly_operand,1,2,0,v4,1,-1,-1,-1,-1,-1,-1,2,4,4,1,-1,lo,1,3,8,366,2749,-1,-1,-1,-1,-1,-1,low_operand_for_dif_butterfly
ntt32_butterfly_operand,1,2,0,v4,3,-1,-1,-1,-1,-1,-1,2,4,4,3,-1,hi,1,3,8,366,2749,-1,-1,-1,-1,-1,-1,dif_high_output_gets_(lo-hi)_times_twiddle
ntt32_butterfly_operand,1,2,0,v4,4,-1,-1,-1,-1,-1,-1,2,4,4,4,-1,lo,4,6,0,-147,1,-1,-1,-1,-1,-1,-1,low_operand_for_dif_butterfly
ntt32_butterfly_operand,1,2,0,v4,6,-1,-1,-1,-1,-1,-1,2,4,4,6,-1,hi,4,6,0,-147,1,-1,-1,-1,-1,-1,-1,dif_high_output_gets_(lo-hi)_times_twiddle
ntt32_butterfly_operand,1,2,0,v4,5,-1,-1,-1,-1,-1,-1,2,4,4,5,-1,lo,5,7,8,366,2749,-1,-1,-1,-1,-1,-1,low_operand_for_dif_butterfly
ntt32_butterfly_operand,1,2,0,v4,7,-1,-1,-1,-1,-1,-1,2,4,4,7,-1,hi,5,7,8,366,2749,-1,-1,-1,-1,-1,-1,dif_high_output_gets_(lo-hi)_times_twiddle
ntt32_butterfly_operand,1,2,1,v5,0,-1,-1,-1,-1,-1,-1,2,4,4,8,-1,lo,8,10,0,-147,1,-1,-1,-1,-1,-1,-1,low_operand_for_dif_butterfly
ntt32_butterfly_operand,1,2,1,v5,2,-1,-1,-1,-1,-1,-1,2,4,4,10,-1,hi,8,10,0,-147,1,-1,-1,-1,-1,-1,-1,dif_high_output_gets_(lo-hi)_times_twiddle
ntt32_butterfly_operand,1,2,1,v5,1,-1,-1,-1,-1,-1,-1,2,4,4,9,-1,lo,9,11,8,366,2749,-1,-1,-1,-1,-1,-1,low_operand_for_dif_butterfly
ntt32_butterfly_operand,1,2,1,v5,3,-1,-1,-1,-1,-1,-1,2,4,4,11,-1,hi,9,11,8,366,2749,-1,-1,-1,-1,-1,-1,dif_high_output_gets_(lo-hi)_times_twiddle
ntt32_butterfly_operand,1,2,1,v5,4,-1,-1,-1,-1,-1,-1,2,4,4,12,-1,lo,12,14,0,-147,1,-1,-1,-1,-1,-1,-1,low_operand_for_dif_butterfly
ntt32_butterfly_operand,1,2,1,v5,6,-1,-1,-1,-1,-1,-1,2,4,4,14,-1,hi,12,14,0,-147,1,-1,-1,-1,-1,-1,-1,dif_high_output_gets_(lo-hi)_times_twiddle
ntt32_butterfly_operand,1,2,1,v5,5,-1,-1,-1,-1,-1,-1,2,4,4,13,-1,lo,13,15,8,366,2749,-1,-1,-1,-1,-1,-1,low_operand_for_dif_butterfly
ntt32_butterfly_operand,1,2,1,v5,7,-1,-1,-1,-1,-1,-1,2,4,4,15,-1,hi,13,15,8,366,2749,-1,-1,-1,-1,-1,-1,dif_high_output_gets_(lo-hi)_times_twiddle
ntt32_butterfly_operand,1,2,2,v6,0,-1,-1,-1,-1,-1,-1,2,4,4,16,-1,lo,16,18,0,-147,1,-1,-1,-1,-1,-1,-1,low_operand_for_dif_butterfly
ntt32_butterfly_operand,1,2,2,v6,2,-1,-1,-1,-1,-1,-1,2,4,4,18,-1,hi,16,18,0,-147,1,-1,-1,-1,-1,-1,-1,dif_high_output_gets_(lo-hi)_times_twiddle
ntt32_butterfly_operand,1,2,2,v6,1,-1,-1,-1,-1,-1,-1,2,4,4,17,-1,lo,17,19,8,366,2749,-1,-1,-1,-1,-1,-1,low_operand_for_dif_butterfly
ntt32_butterfly_operand,1,2,2,v6,3,-1,-1,-1,-1,-1,-1,2,4,4,19,-1,hi,17,19,8,366,2749,-1,-1,-1,-1,-1,-1,dif_high_output_gets_(lo-hi)_times_twiddle
ntt32_butterfly_operand,1,2,2,v6,4,-1,-1,-1,-1,-1,-1,2,4,4,20,-1,lo,20,22,0,-147,1,-1,-1,-1,-1,-1,-1,low_operand_for_dif_butterfly
ntt32_butterfly_operand,1,2,2,v6,6,-1,-1,-1,-1,-1,-1,2,4,4,22,-1,hi,20,22,0,-147,1,-1,-1,-1,-1,-1,-1,dif_high_output_gets_(lo-hi)_times_twiddle
ntt32_butterfly_operand,1,2,2,v6,5,-1,-1,-1,-1,-1,-1,2,4,4,21,-1,lo,21,23,8,366,2749,-1,-1,-1,-1,-1,-1,low_operand_for_dif_butterfly
ntt32_butterfly_operand,1,2,2,v6,7,-1,-1,-1,-1,-1,-1,2,4,4,23,-1,hi,21,23,8,366,2749,-1,-1,-1,-1,-1,-1,dif_high_output_gets_(lo-hi)_times_twiddle
ntt32_butterfly_operand,1,2,3,v7,0,-1,-1,-1,-1,-1,-1,2,4,4,24,-1,lo,24,26,0,-147,1,-1,-1,-1,-1,-1,-1,low_operand_for_dif_butterfly
ntt32_butterfly_operand,1,2,3,v7,2,-1,-1,-1,-1,-1,-1,2,4,4,26,-1,hi,24,26,0,-147,1,-1,-1,-1,-1,-1,-1,dif_high_output_gets_(lo-hi)_times_twiddle
ntt32_butterfly_operand,1,2,3,v7,1,-1,-1,-1,-1,-1,-1,2,4,4,25,-1,lo,25,27,8,366,2749,-1,-1,-1,-1,-1,-1,low_operand_for_dif_butterfly
ntt32_butterfly_operand,1,2,3,v7,3,-1,-1,-1,-1,-1,-1,2,4,4,27,-1,hi,25,27,8,366,2749,-1,-1,-1,-1,-1,-1,dif_high_output_gets_(lo-hi)_times_twiddle
ntt32_butterfly_operand,1,2,3,v7,4,-1,-1,-1,-1,-1,-1,2,4,4,28,-1,lo,28,30,0,-147,1,-1,-1,-1,-1,-1,-1,low_operand_for_dif_butterfly
ntt32_butterfly_operand,1,2,3,v7,6,-1,-1,-1,-1,-1,-1,2,4,4,30,-1,hi,28,30,0,-147,1,-1,-1,-1,-1,-1,-1,dif_high_output_gets_(lo-hi)_times_twiddle
ntt32_butterfly_operand,1,2,3,v7,5,-1,-1,-1,-1,-1,-1,2,4,4,29,-1,lo,29,31,8,366,2749,-1,-1,-1,-1,-1,-1,low_operand_for_dif_butterfly
ntt32_butterfly_operand,1,2,3,v7,7,-1,-1,-1,-1,-1,-1,2,4,4,31,-1,hi,29,31,8,366,2749,-1,-1,-1,-1,-1,-1,dif_high_output_gets_(lo-hi)_times_twiddle
input_crt_pack,1,3,0,v4,0,387,3,0,0,0,0,-1,-1,-1,-1,-1,source,-1,-1,0,-147,1,-1,-1,-1,-1,-1,-1,physical_source_then_twist_by_twist_index
input_crt_pack,1,3,0,v4,1,519,135,33,33,0,1,-1,-1,-1,-1,-1,source,-1,-1,0,-147,1,-1,-1,-1,-1,-1,-1,physical_source_then_twist_by_twist_index
input_crt_pack,1,3,0,v4,2,651,267,66,66,0,2,-1,-1,-1,-1,-1,source,-1,-1,0,-147,1,-1,-1,-1,-1,-1,-1,physical_source_then_twist_by_twist_index
input_crt_pack,1,3,0,v4,3,399,15,3,3,0,3,-1,-1,-1,-1,-1,source,-1,-1,0,-147,1,-1,-1,-1,-1,-1,-1,physical_source_then_twist_by_twist_index
input_crt_pack,1,3,0,v4,4,531,147,36,36,0,4,-1,-1,-1,-1,-1,source,-1,-1,0,-147,1,-1,-1,-1,-1,-1,-1,physical_source_then_twist_by_twist_index
input_crt_pack,1,3,0,v4,5,663,279,69,69,0,5,-1,-1,-1,-1,-1,source,-1,-1,0,-147,1,-1,-1,-1,-1,-1,-1,physical_source_then_twist_by_twist_index
input_crt_pack,1,3,0,v4,6,411,27,6,6,0,6,-1,-1,-1,-1,-1,source,-1,-1,0,-147,1,-1,-1,-1,-1,-1,-1,physical_source_then_twist_by_twist_index
input_crt_pack,1,3,0,v4,7,543,159,39,39,0,7,-1,-1,-1,-1,-1,source,-1,-1,0,-147,1,-1,-1,-1,-1,-1,-1,physical_source_then_twist_by_twist_index
input_crt_pack,1,3,0,v5,0,643,259,64,64,1,0,-1,-1,-1,-1,-1,source,-1,-1,0,-147,1,-1,-1,-1,-1,-1,-1,physical_source_then_twist_by_twist_index
input_crt_pack,1,3,0,v5,1,391,7,1,1,1,1,-1,-1,-1,-1,-1,source,-1,-1,0,-147,1,-1,-1,-1,-1,-1,-1,physical_source_then_twist_by_twist_index
input_crt_pack,1,3,0,v5,2,523,139,34,34,1,2,-1,-1,-1,-1,-1,source,-1,-1,0,-147,1,-1,-1,-1,-1,-1,-1,physical_source_then_twist_by_twist_index
input_crt_pack,1,3,0,v5,3,655,271,67,67,1,3,-1,-1,-1,-1,-1,source,-1,-1,0,-147,1,-1,-1,-1,-1,-1,-1,physical_source_then_twist_by_twist_index
input_crt_pack,1,3,0,v5,4,403,19,4,4,1,4,-1,-1,-1,-1,-1,source,-1,-1,0,-147,1,-1,-1,-1,-1,-1,-1,physical_source_then_twist_by_twist_index
input_crt_pack,1,3,0,v5,5,535,151,37,37,1,5,-1,-1,-1,-1,-1,source,-1,-1,0,-147,1,-1,-1,-1,-1,-1,-1,physical_source_then_twist_by_twist_index
input_crt_pack,1,3,0,v5,6,667,283,70,70,1,6,-1,-1,-1,-1,-1,source,-1,-1,0,-147,1,-1,-1,-1,-1,-1,-1,physical_source_then_twist_by_twist_index
input_crt_pack,1,3,0,v5,7,415,31,7,7,1,7,-1,-1,-1,-1,-1,source,-1,-1,0,-147,1,-1,-1,-1,-1,-1,-1,physical_source_then_twist_by_twist_index
input_crt_pack,1,3,0,v6,0,515,131,32,32,2,0,-1,-1,-1,-1,-1,source,-1,-1,0,-147,1,-1,-1,-1,-1,-1,-1,physical_source_then_twist_by_twist_index
input_crt_pack,1,3,0,v6,1,647,263,65,65,2,1,-1,-1,-1,-1,-1,source,-1,-1,0,-147,1,-1,-1,-1,-1,-1,-1,physical_source_then_twist_by_twist_index
input_crt_pack,1,3,0,v6,2,395,11,2,2,2,2,-1,-1,-1,-1,-1,source,-1,-1,0,-147,1,-1,-1,-1,-1,-1,-1,physical_source_then_twist_by_twist_index
input_crt_pack,1,3,0,v6,3,527,143,35,35,2,3,-1,-1,-1,-1,-1,source,-1,-1,0,-147,1,-1,-1,-1,-1,-1,-1,physical_source_then_twist_by_twist_index
input_crt_pack,1,3,0,v6,4,659,275,68,68,2,4,-1,-1,-1,-1,-1,source,-1,-1,0,-147,1,-1,-1,-1,-1,-1,-1,physical_source_then_twist_by_twist_index
input_crt_pack,1,3,0,v6,5,407,23,5,5,2,5,-1,-1,-1,-1,-1,source,-1,-1,0,-147,1,-1,-1,-1,-1,-1,-1,physical_source_then_twist_by_twist_index
input_crt_pack,1,3,0,v6,6,539,155,38,38,2,6,-1,-1,-1,-1,-1,source,-1,-1,0,-147,1,-1,-1,-1,-1,-1,-1,physical_source_then_twist_by_twist_index
input_crt_pack,1,3,0,v6,7,671,287,71,71,2,7,-1,-1,-1,-1,-1,source,-1,-1,0,-147,1,-1,-1,-1,-1,-1,-1,physical_source_then_twist_by_twist_index
dft3_output_pack,1,3,0,v4,0,-1,-1,-1,-1,-1,0,0,-1,-1,-1,-1,dft_output,-1,-1,0,-147,1,387,643,515,0,64,32,linear_combination_of_three_input_crt_sources
dft3_output_pack,1,3,0,v4,1,-1,-1,-1,-1,-1,1,0,-1,-1,-1,-1,dft_output,-1,-1,0,-147,1,519,391,647,33,1,65,linear_combination_of_three_input_crt_sources
dft3_output_pack,1,3,0,v4,2,-1,-1,-1,-1,-1,2,0,-1,-1,-1,-1,dft_output,-1,-1,0,-147,1,651,523,395,66,34,2,linear_combination_of_three_input_crt_sources
dft3_output_pack,1,3,0,v4,3,-1,-1,-1,-1,-1,3,0,-1,-1,-1,-1,dft_output,-1,-1,0,-147,1,399,655,527,3,67,35,linear_combination_of_three_input_crt_sources
dft3_output_pack,1,3,0,v4,4,-1,-1,-1,-1,-1,4,0,-1,-1,-1,-1,dft_output,-1,-1,0,-147,1,531,403,659,36,4,68,linear_combination_of_three_input_crt_sources
dft3_output_pack,1,3,0,v4,5,-1,-1,-1,-1,-1,5,0,-1,-1,-1,-1,dft_output,-1,-1,0,-147,1,663,535,407,69,37,5,linear_combination_of_three_input_crt_sources
dft3_output_pack,1,3,0,v4,6,-1,-1,-1,-1,-1,6,0,-1,-1,-1,-1,dft_output,-1,-1,0,-147,1,411,667,539,6,70,38,linear_combination_of_three_input_crt_sources
dft3_output_pack,1,3,0,v4,7,-1,-1,-1,-1,-1,7,0,-1,-1,-1,-1,dft_output,-1,-1,0,-147,1,543,415,671,39,7,71,linear_combination_of_three_input_crt_sources
dft3_output_pack,1,3,0,v5,0,-1,-1,-1,-1,-1,0,1,-1,-1,-1,-1,dft_output,-1,-1,0,-147,1,387,643,515,0,64,32,linear_combination_of_three_input_crt_sources
dft3_output_pack,1,3,0,v5,1,-1,-1,-1,-1,-1,1,1,-1,-1,-1,-1,dft_output,-1,-1,0,-147,1,519,391,647,33,1,65,linear_combination_of_three_input_crt_sources
dft3_output_pack,1,3,0,v5,2,-1,-1,-1,-1,-1,2,1,-1,-1,-1,-1,dft_output,-1,-1,0,-147,1,651,523,395,66,34,2,linear_combination_of_three_input_crt_sources
dft3_output_pack,1,3,0,v5,3,-1,-1,-1,-1,-1,3,1,-1,-1,-1,-1,dft_output,-1,-1,0,-147,1,399,655,527,3,67,35,linear_combination_of_three_input_crt_sources
dft3_output_pack,1,3,0,v5,4,-1,-1,-1,-1,-1,4,1,-1,-1,-1,-1,dft_output,-1,-1,0,-147,1,531,403,659,36,4,68,linear_combination_of_three_input_crt_sources
dft3_output_pack,1,3,0,v5,5,-1,-1,-1,-1,-1,5,1,-1,-1,-1,-1,dft_output,-1,-1,0,-147,1,663,535,407,69,37,5,linear_combination_of_three_input_crt_sources
dft3_output_pack,1,3,0,v5,6,-1,-1,-1,-1,-1,6,1,-1,-1,-1,-1,dft_output,-1,-1,0,-147,1,411,667,539,6,70,38,linear_combination_of_three_input_crt_sources
dft3_output_pack,1,3,0,v5,7,-1,-1,-1,-1,-1,7,1,-1,-1,-1,-1,dft_output,-1,-1,0,-147,1,543,415,671,39,7,71,linear_combination_of_three_input_crt_sources
dft3_output_pack,1,3,0,v6,0,-1,-1,-1,-1,-1,0,2,-1,-1,-1,-1,dft_output,-1,-1,0,-147,1,387,643,515,0,64,32,linear_combination_of_three_input_crt_sources
dft3_output_pack,1,3,0,v6,1,-1,-1,-1,-1,-1,1,2,-1,-1,-1,-1,dft_output,-1,-1,0,-147,1,519,391,647,33,1,65,linear_combination_of_three_input_crt_sources
dft3_output_pack,1,3,0,v6,2,-1,-1,-1,-1,-1,2,2,-1,-1,-1,-1,dft_output,-1,-1,0,-147,1,651,523,395,66,34,2,linear_combination_of_three_input_crt_sources
dft3_output_pack,1,3,0,v6,3,-1,-1,-1,-1,-1,3,2,-1,-1,-1,-1,dft_output,-1,-1,0,-147,1,399,655,527,3,67,35,linear_combination_of_three_input_crt_sources
dft3_output_pack,1,3,0,v6,4,-1,-1,-1,-1,-1,4,2,-1,-1,-1,-1,dft_output,-1,-1,0,-147,1,531,403,659,36,4,68,linear_combination_of_three_input_crt_sources
dft3_output_pack,1,3,0,v6,5,-1,-1,-1,-1,-1,5,2,-1,-1,-1,-1,dft_output,-1,-1,0,-147,1,663,535,407,69,37,5,linear_combination_of_three_input_crt_sources
dft3_output_pack,1,3,0,v6,6,-1,-1,-1,-1,-1,6,2,-1,-1,-1,-1,dft_output,-1,-1,0,-147,1,411,667,539,6,70,38,linear_combination_of_three_input_crt_sources
dft3_output_pack,1,3,0,v6,7,-1,-1,-1,-1,-1,7,2,-1,-1,-1,-1,dft_output,-1,-1,0,-147,1,543,415,671,39,7,71,linear_combination_of_three_input_crt_sources
input_crt_pack,1,3,1,v4,0,675,291,72,72,0,8,-1,-1,-1,-1,-1,source,-1,-1,0,-147,1,-1,-1,-1,-1,-1,-1,physical_source_then_twist_by_twist_index
input_crt_pack,1,3,1,v4,1,423,39,9,9,0,9,-1,-1,-1,-1,-1,source,-1,-1,0,-147,1,-1,-1,-1,-1,-1,-1,physical_source_then_twist_by_twist_index
input_crt_pack,1,3,1,v4,2,555,171,42,42,0,10,-1,-1,-1,-1,-1,source,-1,-1,0,-147,1,-1,-1,-1,-1,-1,-1,physical_source_then_twist_by_twist_index
input_crt_pack,1,3,1,v4,3,687,303,75,75,0,11,-1,-1,-1,-1,-1,source,-1,-1,0,-147,1,-1,-1,-1,-1,-1,-1,physical_source_then_twist_by_twist_index
input_crt_pack,1,3,1,v4,4,435,51,12,12,0,12,-1,-1,-1,-1,-1,source,-1,-1,0,-147,1,-1,-1,-1,-1,-1,-1,physical_source_then_twist_by_twist_index
input_crt_pack,1,3,1,v4,5,567,183,45,45,0,13,-1,-1,-1,-1,-1,source,-1,-1,0,-147,1,-1,-1,-1,-1,-1,-1,physical_source_then_twist_by_twist_index
input_crt_pack,1,3,1,v4,6,699,315,78,78,0,14,-1,-1,-1,-1,-1,source,-1,-1,0,-147,1,-1,-1,-1,-1,-1,-1,physical_source_then_twist_by_twist_index
input_crt_pack,1,3,1,v4,7,447,63,15,15,0,15,-1,-1,-1,-1,-1,source,-1,-1,0,-147,1,-1,-1,-1,-1,-1,-1,physical_source_then_twist_by_twist_index
input_crt_pack,1,3,1,v5,0,547,163,40,40,1,8,-1,-1,-1,-1,-1,source,-1,-1,0,-147,1,-1,-1,-1,-1,-1,-1,physical_source_then_twist_by_twist_index
input_crt_pack,1,3,1,v5,1,679,295,73,73,1,9,-1,-1,-1,-1,-1,source,-1,-1,0,-147,1,-1,-1,-1,-1,-1,-1,physical_source_then_twist_by_twist_index
input_crt_pack,1,3,1,v5,2,427,43,10,10,1,10,-1,-1,-1,-1,-1,source,-1,-1,0,-147,1,-1,-1,-1,-1,-1,-1,physical_source_then_twist_by_twist_index
input_crt_pack,1,3,1,v5,3,559,175,43,43,1,11,-1,-1,-1,-1,-1,source,-1,-1,0,-147,1,-1,-1,-1,-1,-1,-1,physical_source_then_twist_by_twist_index
input_crt_pack,1,3,1,v5,4,691,307,76,76,1,12,-1,-1,-1,-1,-1,source,-1,-1,0,-147,1,-1,-1,-1,-1,-1,-1,physical_source_then_twist_by_twist_index
input_crt_pack,1,3,1,v5,5,439,55,13,13,1,13,-1,-1,-1,-1,-1,source,-1,-1,0,-147,1,-1,-1,-1,-1,-1,-1,physical_source_then_twist_by_twist_index
input_crt_pack,1,3,1,v5,6,571,187,46,46,1,14,-1,-1,-1,-1,-1,source,-1,-1,0,-147,1,-1,-1,-1,-1,-1,-1,physical_source_then_twist_by_twist_index
input_crt_pack,1,3,1,v5,7,703,319,79,79,1,15,-1,-1,-1,-1,-1,source,-1,-1,0,-147,1,-1,-1,-1,-1,-1,-1,physical_source_then_twist_by_twist_index
input_crt_pack,1,3,1,v6,0,419,35,8,8,2,8,-1,-1,-1,-1,-1,source,-1,-1,0,-147,1,-1,-1,-1,-1,-1,-1,physical_source_then_twist_by_twist_index
input_crt_pack,1,3,1,v6,1,551,167,41,41,2,9,-1,-1,-1,-1,-1,source,-1,-1,0,-147,1,-1,-1,-1,-1,-1,-1,physical_source_then_twist_by_twist_index
input_crt_pack,1,3,1,v6,2,683,299,74,74,2,10,-1,-1,-1,-1,-1,source,-1,-1,0,-147,1,-1,-1,-1,-1,-1,-1,physical_source_then_twist_by_twist_index
input_crt_pack,1,3,1,v6,3,431,47,11,11,2,11,-1,-1,-1,-1,-1,source,-1,-1,0,-147,1,-1,-1,-1,-1,-1,-1,physical_source_then_twist_by_twist_index
input_crt_pack,1,3,1,v6,4,563,179,44,44,2,12,-1,-1,-1,-1,-1,source,-1,-1,0,-147,1,-1,-1,-1,-1,-1,-1,physical_source_then_twist_by_twist_index
input_crt_pack,1,3,1,v6,5,695,311,77,77,2,13,-1,-1,-1,-1,-1,source,-1,-1,0,-147,1,-1,-1,-1,-1,-1,-1,physical_source_then_twist_by_twist_index
input_crt_pack,1,3,1,v6,6,443,59,14,14,2,14,-1,-1,-1,-1,-1,source,-1,-1,0,-147,1,-1,-1,-1,-1,-1,-1,physical_source_then_twist_by_twist_index
input_crt_pack,1,3,1,v6,7,575,191,47,47,2,15,-1,-1,-1,-1,-1,source,-1,-1,0,-147,1,-1,-1,-1,-1,-1,-1,physical_source_then_twist_by_twist_index
dft3_output_pack,1,3,1,v4,0,-1,-1,-1,-1,-1,8,0,-1,-1,-1,-1,dft_output,-1,-1,0,-147,1,675,547,419,72,40,8,linear_combination_of_three_input_crt_sources
dft3_output_pack,1,3,1,v4,1,-1,-1,-1,-1,-1,9,0,-1,-1,-1,-1,dft_output,-1,-1,0,-147,1,423,679,551,9,73,41,linear_combination_of_three_input_crt_sources
dft3_output_pack,1,3,1,v4,2,-1,-1,-1,-1,-1,10,0,-1,-1,-1,-1,dft_output,-1,-1,0,-147,1,555,427,683,42,10,74,linear_combination_of_three_input_crt_sources
dft3_output_pack,1,3,1,v4,3,-1,-1,-1,-1,-1,11,0,-1,-1,-1,-1,dft_output,-1,-1,0,-147,1,687,559,431,75,43,11,linear_combination_of_three_input_crt_sources
dft3_output_pack,1,3,1,v4,4,-1,-1,-1,-1,-1,12,0,-1,-1,-1,-1,dft_output,-1,-1,0,-147,1,435,691,563,12,76,44,linear_combination_of_three_input_crt_sources
dft3_output_pack,1,3,1,v4,5,-1,-1,-1,-1,-1,13,0,-1,-1,-1,-1,dft_output,-1,-1,0,-147,1,567,439,695,45,13,77,linear_combination_of_three_input_crt_sources
dft3_output_pack,1,3,1,v4,6,-1,-1,-1,-1,-1,14,0,-1,-1,-1,-1,dft_output,-1,-1,0,-147,1,699,571,443,78,46,14,linear_combination_of_three_input_crt_sources
dft3_output_pack,1,3,1,v4,7,-1,-1,-1,-1,-1,15,0,-1,-1,-1,-1,dft_output,-1,-1,0,-147,1,447,703,575,15,79,47,linear_combination_of_three_input_crt_sources
dft3_output_pack,1,3,1,v5,0,-1,-1,-1,-1,-1,8,1,-1,-1,-1,-1,dft_output,-1,-1,0,-147,1,675,547,419,72,40,8,linear_combination_of_three_input_crt_sources
dft3_output_pack,1,3,1,v5,1,-1,-1,-1,-1,-1,9,1,-1,-1,-1,-1,dft_output,-1,-1,0,-147,1,423,679,551,9,73,41,linear_combination_of_three_input_crt_sources
dft3_output_pack,1,3,1,v5,2,-1,-1,-1,-1,-1,10,1,-1,-1,-1,-1,dft_output,-1,-1,0,-147,1,555,427,683,42,10,74,linear_combination_of_three_input_crt_sources
dft3_output_pack,1,3,1,v5,3,-1,-1,-1,-1,-1,11,1,-1,-1,-1,-1,dft_output,-1,-1,0,-147,1,687,559,431,75,43,11,linear_combination_of_three_input_crt_sources
dft3_output_pack,1,3,1,v5,4,-1,-1,-1,-1,-1,12,1,-1,-1,-1,-1,dft_output,-1,-1,0,-147,1,435,691,563,12,76,44,linear_combination_of_three_input_crt_sources
dft3_output_pack,1,3,1,v5,5,-1,-1,-1,-1,-1,13,1,-1,-1,-1,-1,dft_output,-1,-1,0,-147,1,567,439,695,45,13,77,linear_combination_of_three_input_crt_sources
dft3_output_pack,1,3,1,v5,6,-1,-1,-1,-1,-1,14,1,-1,-1,-1,-1,dft_output,-1,-1,0,-147,1,699,571,443,78,46,14,linear_combination_of_three_input_crt_sources
dft3_output_pack,1,3,1,v5,7,-1,-1,-1,-1,-1,15,1,-1,-1,-1,-1,dft_output,-1,-1,0,-147,1,447,703,575,15,79,47,linear_combination_of_three_input_crt_sources
dft3_output_pack,1,3,1,v6,0,-1,-1,-1,-1,-1,8,2,-1,-1,-1,-1,dft_output,-1,-1,0,-147,1,675,547,419,72,40,8,linear_combination_of_three_input_crt_sources
dft3_output_pack,1,3,1,v6,1,-1,-1,-1,-1,-1,9,2,-1,-1,-1,-1,dft_output,-1,-1,0,-147,1,423,679,551,9,73,41,linear_combination_of_three_input_crt_sources
dft3_output_pack,1,3,1,v6,2,-1,-1,-1,-1,-1,10,2,-1,-1,-1,-1,dft_output,-1,-1,0,-147,1,555,427,683,42,10,74,linear_combination_of_three_input_crt_sources
dft3_output_pack,1,3,1,v6,3,-1,-1,-1,-1,-1,11,2,-1,-1,-1,-1,dft_output,-1,-1,0,-147,1,687,559,431,75,43,11,linear_combination_of_three_input_crt_sources
dft3_output_pack,1,3,1,v6,4,-1,-1,-1,-1,-1,12,2,-1,-1,-1,-1,dft_output,-1,-1,0,-147,1,435,691,563,12,76,44,linear_combination_of_three_input_crt_sources
dft3_output_pack,1,3,1,v6,5,-1,-1,-1,-1,-1,13,2,-1,-1,-1,-1,dft_output,-1,-1,0,-147,1,567,439,695,45,13,77,linear_combination_of_three_input_crt_sources
dft3_output_pack,1,3,1,v6,6,-1,-1,-1,-1,-1,14,2,-1,-1,-1,-1,dft_output,-1,-1,0,-147,1,699,571,443,78,46,14,linear_combination_of_three_input_crt_sources
dft3_output_pack,1,3,1,v6,7,-1,-1,-1,-1,-1,15,2,-1,-1,-1,-1,dft_output,-1,-1,0,-147,1,447,703,575,15,79,47,linear_combination_of_three_input_crt_sources
input_crt_pack,1,3,2,v4,0,579,195,48,48,0,16,-1,-1,-1,-1,-1,source,-1,-1,0,-147,1,-1,-1,-1,-1,-1,-1,physical_source_then_twist_by_twist_index
input_crt_pack,1,3,2,v4,1,711,327,81,81,0,17,-1,-1,-1,-1,-1,source,-1,-1,0,-147,1,-1,-1,-1,-1,-1,-1,physical_source_then_twist_by_twist_index
input_crt_pack,1,3,2,v4,2,459,75,18,18,0,18,-1,-1,-1,-1,-1,source,-1,-1,0,-147,1,-1,-1,-1,-1,-1,-1,physical_source_then_twist_by_twist_index
input_crt_pack,1,3,2,v4,3,591,207,51,51,0,19,-1,-1,-1,-1,-1,source,-1,-1,0,-147,1,-1,-1,-1,-1,-1,-1,physical_source_then_twist_by_twist_index
input_crt_pack,1,3,2,v4,4,723,339,84,84,0,20,-1,-1,-1,-1,-1,source,-1,-1,0,-147,1,-1,-1,-1,-1,-1,-1,physical_source_then_twist_by_twist_index
input_crt_pack,1,3,2,v4,5,471,87,21,21,0,21,-1,-1,-1,-1,-1,source,-1,-1,0,-147,1,-1,-1,-1,-1,-1,-1,physical_source_then_twist_by_twist_index
input_crt_pack,1,3,2,v4,6,603,219,54,54,0,22,-1,-1,-1,-1,-1,source,-1,-1,0,-147,1,-1,-1,-1,-1,-1,-1,physical_source_then_twist_by_twist_index
input_crt_pack,1,3,2,v4,7,735,351,87,87,0,23,-1,-1,-1,-1,-1,source,-1,-1,0,-147,1,-1,-1,-1,-1,-1,-1,physical_source_then_twist_by_twist_index
input_crt_pack,1,3,2,v5,0,451,67,16,16,1,16,-1,-1,-1,-1,-1,source,-1,-1,0,-147,1,-1,-1,-1,-1,-1,-1,physical_source_then_twist_by_twist_index
input_crt_pack,1,3,2,v5,1,583,199,49,49,1,17,-1,-1,-1,-1,-1,source,-1,-1,0,-147,1,-1,-1,-1,-1,-1,-1,physical_source_then_twist_by_twist_index
input_crt_pack,1,3,2,v5,2,715,331,82,82,1,18,-1,-1,-1,-1,-1,source,-1,-1,0,-147,1,-1,-1,-1,-1,-1,-1,physical_source_then_twist_by_twist_index
input_crt_pack,1,3,2,v5,3,463,79,19,19,1,19,-1,-1,-1,-1,-1,source,-1,-1,0,-147,1,-1,-1,-1,-1,-1,-1,physical_source_then_twist_by_twist_index
input_crt_pack,1,3,2,v5,4,595,211,52,52,1,20,-1,-1,-1,-1,-1,source,-1,-1,0,-147,1,-1,-1,-1,-1,-1,-1,physical_source_then_twist_by_twist_index
input_crt_pack,1,3,2,v5,5,727,343,85,85,1,21,-1,-1,-1,-1,-1,source,-1,-1,0,-147,1,-1,-1,-1,-1,-1,-1,physical_source_then_twist_by_twist_index
input_crt_pack,1,3,2,v5,6,475,91,22,22,1,22,-1,-1,-1,-1,-1,source,-1,-1,0,-147,1,-1,-1,-1,-1,-1,-1,physical_source_then_twist_by_twist_index
input_crt_pack,1,3,2,v5,7,607,223,55,55,1,23,-1,-1,-1,-1,-1,source,-1,-1,0,-147,1,-1,-1,-1,-1,-1,-1,physical_source_then_twist_by_twist_index
input_crt_pack,1,3,2,v6,0,707,323,80,80,2,16,-1,-1,-1,-1,-1,source,-1,-1,0,-147,1,-1,-1,-1,-1,-1,-1,physical_source_then_twist_by_twist_index
input_crt_pack,1,3,2,v6,1,455,71,17,17,2,17,-1,-1,-1,-1,-1,source,-1,-1,0,-147,1,-1,-1,-1,-1,-1,-1,physical_source_then_twist_by_twist_index
input_crt_pack,1,3,2,v6,2,587,203,50,50,2,18,-1,-1,-1,-1,-1,source,-1,-1,0,-147,1,-1,-1,-1,-1,-1,-1,physical_source_then_twist_by_twist_index
input_crt_pack,1,3,2,v6,3,719,335,83,83,2,19,-1,-1,-1,-1,-1,source,-1,-1,0,-147,1,-1,-1,-1,-1,-1,-1,physical_source_then_twist_by_twist_index
input_crt_pack,1,3,2,v6,4,467,83,20,20,2,20,-1,-1,-1,-1,-1,source,-1,-1,0,-147,1,-1,-1,-1,-1,-1,-1,physical_source_then_twist_by_twist_index
input_crt_pack,1,3,2,v6,5,599,215,53,53,2,21,-1,-1,-1,-1,-1,source,-1,-1,0,-147,1,-1,-1,-1,-1,-1,-1,physical_source_then_twist_by_twist_index
input_crt_pack,1,3,2,v6,6,731,347,86,86,2,22,-1,-1,-1,-1,-1,source,-1,-1,0,-147,1,-1,-1,-1,-1,-1,-1,physical_source_then_twist_by_twist_index
input_crt_pack,1,3,2,v6,7,479,95,23,23,2,23,-1,-1,-1,-1,-1,source,-1,-1,0,-147,1,-1,-1,-1,-1,-1,-1,physical_source_then_twist_by_twist_index
dft3_output_pack,1,3,2,v4,0,-1,-1,-1,-1,-1,16,0,-1,-1,-1,-1,dft_output,-1,-1,0,-147,1,579,451,707,48,16,80,linear_combination_of_three_input_crt_sources
dft3_output_pack,1,3,2,v4,1,-1,-1,-1,-1,-1,17,0,-1,-1,-1,-1,dft_output,-1,-1,0,-147,1,711,583,455,81,49,17,linear_combination_of_three_input_crt_sources
dft3_output_pack,1,3,2,v4,2,-1,-1,-1,-1,-1,18,0,-1,-1,-1,-1,dft_output,-1,-1,0,-147,1,459,715,587,18,82,50,linear_combination_of_three_input_crt_sources
dft3_output_pack,1,3,2,v4,3,-1,-1,-1,-1,-1,19,0,-1,-1,-1,-1,dft_output,-1,-1,0,-147,1,591,463,719,51,19,83,linear_combination_of_three_input_crt_sources
dft3_output_pack,1,3,2,v4,4,-1,-1,-1,-1,-1,20,0,-1,-1,-1,-1,dft_output,-1,-1,0,-147,1,723,595,467,84,52,20,linear_combination_of_three_input_crt_sources
dft3_output_pack,1,3,2,v4,5,-1,-1,-1,-1,-1,21,0,-1,-1,-1,-1,dft_output,-1,-1,0,-147,1,471,727,599,21,85,53,linear_combination_of_three_input_crt_sources
dft3_output_pack,1,3,2,v4,6,-1,-1,-1,-1,-1,22,0,-1,-1,-1,-1,dft_output,-1,-1,0,-147,1,603,475,731,54,22,86,linear_combination_of_three_input_crt_sources
dft3_output_pack,1,3,2,v4,7,-1,-1,-1,-1,-1,23,0,-1,-1,-1,-1,dft_output,-1,-1,0,-147,1,735,607,479,87,55,23,linear_combination_of_three_input_crt_sources
dft3_output_pack,1,3,2,v5,0,-1,-1,-1,-1,-1,16,1,-1,-1,-1,-1,dft_output,-1,-1,0,-147,1,579,451,707,48,16,80,linear_combination_of_three_input_crt_sources
dft3_output_pack,1,3,2,v5,1,-1,-1,-1,-1,-1,17,1,-1,-1,-1,-1,dft_output,-1,-1,0,-147,1,711,583,455,81,49,17,linear_combination_of_three_input_crt_sources
dft3_output_pack,1,3,2,v5,2,-1,-1,-1,-1,-1,18,1,-1,-1,-1,-1,dft_output,-1,-1,0,-147,1,459,715,587,18,82,50,linear_combination_of_three_input_crt_sources
dft3_output_pack,1,3,2,v5,3,-1,-1,-1,-1,-1,19,1,-1,-1,-1,-1,dft_output,-1,-1,0,-147,1,591,463,719,51,19,83,linear_combination_of_three_input_crt_sources
dft3_output_pack,1,3,2,v5,4,-1,-1,-1,-1,-1,20,1,-1,-1,-1,-1,dft_output,-1,-1,0,-147,1,723,595,467,84,52,20,linear_combination_of_three_input_crt_sources
dft3_output_pack,1,3,2,v5,5,-1,-1,-1,-1,-1,21,1,-1,-1,-1,-1,dft_output,-1,-1,0,-147,1,471,727,599,21,85,53,linear_combination_of_three_input_crt_sources
dft3_output_pack,1,3,2,v5,6,-1,-1,-1,-1,-1,22,1,-1,-1,-1,-1,dft_output,-1,-1,0,-147,1,603,475,731,54,22,86,linear_combination_of_three_input_crt_sources
dft3_output_pack,1,3,2,v5,7,-1,-1,-1,-1,-1,23,1,-1,-1,-1,-1,dft_output,-1,-1,0,-147,1,735,607,479,87,55,23,linear_combination_of_three_input_crt_sources
dft3_output_pack,1,3,2,v6,0,-1,-1,-1,-1,-1,16,2,-1,-1,-1,-1,dft_output,-1,-1,0,-147,1,579,451,707,48,16,80,linear_combination_of_three_input_crt_sources
dft3_output_pack,1,3,2,v6,1,-1,-1,-1,-1,-1,17,2,-1,-1,-1,-1,dft_output,-1,-1,0,-147,1,711,583,455,81,49,17,linear_combination_of_three_input_crt_sources
dft3_output_pack,1,3,2,v6,2,-1,-1,-1,-1,-1,18,2,-1,-1,-1,-1,dft_output,-1,-1,0,-147,1,459,715,587,18,82,50,linear_combination_of_three_input_crt_sources
dft3_output_pack,1,3,2,v6,3,-1,-1,-1,-1,-1,19,2,-1,-1,-1,-1,dft_output,-1,-1,0,-147,1,591,463,719,51,19,83,linear_combination_of_three_input_crt_sources
dft3_output_pack,1,3,2,v6,4,-1,-1,-1,-1,-1,20,2,-1,-1,-1,-1,dft_output,-1,-1,0,-147,1,723,595,467,84,52,20,linear_combination_of_three_input_crt_sources
dft3_output_pack,1,3,2,v6,5,-1,-1,-1,-1,-1,21,2,-1,-1,-1,-1,dft_output,-1,-1,0,-147,1,471,727,599,21,85,53,linear_combination_of_three_input_crt_sources
dft3_output_pack,1,3,2,v6,6,-1,-1,-1,-1,-1,22,2,-1,-1,-1,-1,dft_output,-1,-1,0,-147,1,603,475,731,54,22,86,linear_combination_of_three_input_crt_sources
dft3_output_pack,1,3,2,v6,7,-1,-1,-1,-1,-1,23,2,-1,-1,-1,-1,dft_output,-1,-1,0,-147,1,735,607,479,87,55,23,linear_combination_of_three_input_crt_sources
input_crt_pack,1,3,3,v4,0,483,99,24,24,0,24,-1,-1,-1,-1,-1,source,-1,-1,0,-147,1,-1,-1,-1,-1,-1,-1,physical_source_then_twist_by_twist_index
input_crt_pack,1,3,3,v4,1,615,231,57,57,0,25,-1,-1,-1,-1,-1,source,-1,-1,0,-147,1,-1,-1,-1,-1,-1,-1,physical_source_then_twist_by_twist_index
input_crt_pack,1,3,3,v4,2,747,363,90,90,0,26,-1,-1,-1,-1,-1,source,-1,-1,0,-147,1,-1,-1,-1,-1,-1,-1,physical_source_then_twist_by_twist_index
input_crt_pack,1,3,3,v4,3,495,111,27,27,0,27,-1,-1,-1,-1,-1,source,-1,-1,0,-147,1,-1,-1,-1,-1,-1,-1,physical_source_then_twist_by_twist_index
input_crt_pack,1,3,3,v4,4,627,243,60,60,0,28,-1,-1,-1,-1,-1,source,-1,-1,0,-147,1,-1,-1,-1,-1,-1,-1,physical_source_then_twist_by_twist_index
input_crt_pack,1,3,3,v4,5,759,375,93,93,0,29,-1,-1,-1,-1,-1,source,-1,-1,0,-147,1,-1,-1,-1,-1,-1,-1,physical_source_then_twist_by_twist_index
input_crt_pack,1,3,3,v4,6,507,123,30,30,0,30,-1,-1,-1,-1,-1,source,-1,-1,0,-147,1,-1,-1,-1,-1,-1,-1,physical_source_then_twist_by_twist_index
input_crt_pack,1,3,3,v4,7,639,255,63,63,0,31,-1,-1,-1,-1,-1,source,-1,-1,0,-147,1,-1,-1,-1,-1,-1,-1,physical_source_then_twist_by_twist_index
input_crt_pack,1,3,3,v5,0,739,355,88,88,1,24,-1,-1,-1,-1,-1,source,-1,-1,0,-147,1,-1,-1,-1,-1,-1,-1,physical_source_then_twist_by_twist_index
input_crt_pack,1,3,3,v5,1,487,103,25,25,1,25,-1,-1,-1,-1,-1,source,-1,-1,0,-147,1,-1,-1,-1,-1,-1,-1,physical_source_then_twist_by_twist_index
input_crt_pack,1,3,3,v5,2,619,235,58,58,1,26,-1,-1,-1,-1,-1,source,-1,-1,0,-147,1,-1,-1,-1,-1,-1,-1,physical_source_then_twist_by_twist_index
input_crt_pack,1,3,3,v5,3,751,367,91,91,1,27,-1,-1,-1,-1,-1,source,-1,-1,0,-147,1,-1,-1,-1,-1,-1,-1,physical_source_then_twist_by_twist_index
input_crt_pack,1,3,3,v5,4,499,115,28,28,1,28,-1,-1,-1,-1,-1,source,-1,-1,0,-147,1,-1,-1,-1,-1,-1,-1,physical_source_then_twist_by_twist_index
input_crt_pack,1,3,3,v5,5,631,247,61,61,1,29,-1,-1,-1,-1,-1,source,-1,-1,0,-147,1,-1,-1,-1,-1,-1,-1,physical_source_then_twist_by_twist_index
input_crt_pack,1,3,3,v5,6,763,379,94,94,1,30,-1,-1,-1,-1,-1,source,-1,-1,0,-147,1,-1,-1,-1,-1,-1,-1,physical_source_then_twist_by_twist_index
input_crt_pack,1,3,3,v5,7,511,127,31,31,1,31,-1,-1,-1,-1,-1,source,-1,-1,0,-147,1,-1,-1,-1,-1,-1,-1,physical_source_then_twist_by_twist_index
input_crt_pack,1,3,3,v6,0,611,227,56,56,2,24,-1,-1,-1,-1,-1,source,-1,-1,0,-147,1,-1,-1,-1,-1,-1,-1,physical_source_then_twist_by_twist_index
input_crt_pack,1,3,3,v6,1,743,359,89,89,2,25,-1,-1,-1,-1,-1,source,-1,-1,0,-147,1,-1,-1,-1,-1,-1,-1,physical_source_then_twist_by_twist_index
input_crt_pack,1,3,3,v6,2,491,107,26,26,2,26,-1,-1,-1,-1,-1,source,-1,-1,0,-147,1,-1,-1,-1,-1,-1,-1,physical_source_then_twist_by_twist_index
input_crt_pack,1,3,3,v6,3,623,239,59,59,2,27,-1,-1,-1,-1,-1,source,-1,-1,0,-147,1,-1,-1,-1,-1,-1,-1,physical_source_then_twist_by_twist_index
input_crt_pack,1,3,3,v6,4,755,371,92,92,2,28,-1,-1,-1,-1,-1,source,-1,-1,0,-147,1,-1,-1,-1,-1,-1,-1,physical_source_then_twist_by_twist_index
input_crt_pack,1,3,3,v6,5,503,119,29,29,2,29,-1,-1,-1,-1,-1,source,-1,-1,0,-147,1,-1,-1,-1,-1,-1,-1,physical_source_then_twist_by_twist_index
input_crt_pack,1,3,3,v6,6,635,251,62,62,2,30,-1,-1,-1,-1,-1,source,-1,-1,0,-147,1,-1,-1,-1,-1,-1,-1,physical_source_then_twist_by_twist_index
input_crt_pack,1,3,3,v6,7,767,383,95,95,2,31,-1,-1,-1,-1,-1,source,-1,-1,0,-147,1,-1,-1,-1,-1,-1,-1,physical_source_then_twist_by_twist_index
dft3_output_pack,1,3,3,v4,0,-1,-1,-1,-1,-1,24,0,-1,-1,-1,-1,dft_output,-1,-1,0,-147,1,483,739,611,24,88,56,linear_combination_of_three_input_crt_sources
dft3_output_pack,1,3,3,v4,1,-1,-1,-1,-1,-1,25,0,-1,-1,-1,-1,dft_output,-1,-1,0,-147,1,615,487,743,57,25,89,linear_combination_of_three_input_crt_sources
dft3_output_pack,1,3,3,v4,2,-1,-1,-1,-1,-1,26,0,-1,-1,-1,-1,dft_output,-1,-1,0,-147,1,747,619,491,90,58,26,linear_combination_of_three_input_crt_sources
dft3_output_pack,1,3,3,v4,3,-1,-1,-1,-1,-1,27,0,-1,-1,-1,-1,dft_output,-1,-1,0,-147,1,495,751,623,27,91,59,linear_combination_of_three_input_crt_sources
dft3_output_pack,1,3,3,v4,4,-1,-1,-1,-1,-1,28,0,-1,-1,-1,-1,dft_output,-1,-1,0,-147,1,627,499,755,60,28,92,linear_combination_of_three_input_crt_sources
dft3_output_pack,1,3,3,v4,5,-1,-1,-1,-1,-1,29,0,-1,-1,-1,-1,dft_output,-1,-1,0,-147,1,759,631,503,93,61,29,linear_combination_of_three_input_crt_sources
dft3_output_pack,1,3,3,v4,6,-1,-1,-1,-1,-1,30,0,-1,-1,-1,-1,dft_output,-1,-1,0,-147,1,507,763,635,30,94,62,linear_combination_of_three_input_crt_sources
dft3_output_pack,1,3,3,v4,7,-1,-1,-1,-1,-1,31,0,-1,-1,-1,-1,dft_output,-1,-1,0,-147,1,639,511,767,63,31,95,linear_combination_of_three_input_crt_sources
dft3_output_pack,1,3,3,v5,0,-1,-1,-1,-1,-1,24,1,-1,-1,-1,-1,dft_output,-1,-1,0,-147,1,483,739,611,24,88,56,linear_combination_of_three_input_crt_sources
dft3_output_pack,1,3,3,v5,1,-1,-1,-1,-1,-1,25,1,-1,-1,-1,-1,dft_output,-1,-1,0,-147,1,615,487,743,57,25,89,linear_combination_of_three_input_crt_sources
dft3_output_pack,1,3,3,v5,2,-1,-1,-1,-1,-1,26,1,-1,-1,-1,-1,dft_output,-1,-1,0,-147,1,747,619,491,90,58,26,linear_combination_of_three_input_crt_sources
dft3_output_pack,1,3,3,v5,3,-1,-1,-1,-1,-1,27,1,-1,-1,-1,-1,dft_output,-1,-1,0,-147,1,495,751,623,27,91,59,linear_combination_of_three_input_crt_sources
dft3_output_pack,1,3,3,v5,4,-1,-1,-1,-1,-1,28,1,-1,-1,-1,-1,dft_output,-1,-1,0,-147,1,627,499,755,60,28,92,linear_combination_of_three_input_crt_sources
dft3_output_pack,1,3,3,v5,5,-1,-1,-1,-1,-1,29,1,-1,-1,-1,-1,dft_output,-1,-1,0,-147,1,759,631,503,93,61,29,linear_combination_of_three_input_crt_sources
dft3_output_pack,1,3,3,v5,6,-1,-1,-1,-1,-1,30,1,-1,-1,-1,-1,dft_output,-1,-1,0,-147,1,507,763,635,30,94,62,linear_combination_of_three_input_crt_sources
dft3_output_pack,1,3,3,v5,7,-1,-1,-1,-1,-1,31,1,-1,-1,-1,-1,dft_output,-1,-1,0,-147,1,639,511,767,63,31,95,linear_combination_of_three_input_crt_sources
dft3_output_pack,1,3,3,v6,0,-1,-1,-1,-1,-1,24,2,-1,-1,-1,-1,dft_output,-1,-1,0,-147,1,483,739,611,24,88,56,linear_combination_of_three_input_crt_sources
dft3_output_pack,1,3,3,v6,1,-1,-1,-1,-1,-1,25,2,-1,-1,-1,-1,dft_output,-1,-1,0,-147,1,615,487,743,57,25,89,linear_combination_of_three_input_crt_sources
dft3_output_pack,1,3,3,v6,2,-1,-1,-1,-1,-1,26,2,-1,-1,-1,-1,dft_output,-1,-1,0,-147,1,747,619,491,90,58,26,linear_combination_of_three_input_crt_sources
dft3_output_pack,1,3,3,v6,3,-1,-1,-1,-1,-1,27,2,-1,-1,-1,-1,dft_output,-1,-1,0,-147,1,495,751,623,27,91,59,linear_combination_of_three_input_crt_sources
dft3_output_pack,1,3,3,v6,4,-1,-1,-1,-1,-1,28,2,-1,-1,-1,-1,dft_output,-1,-1,0,-147,1,627,499,755,60,28,92,linear_combination_of_three_input_crt_sources
dft3_output_pack,1,3,3,v6,5,-1,-1,-1,-1,-1,29,2,-1,-1,-1,-1,dft_output,-1,-1,0,-147,1,759,631,503,93,61,29,linear_combination_of_three_input_crt_sources
dft3_output_pack,1,3,3,v6,6,-1,-1,-1,-1,-1,30,2,-1,-1,-1,-1,dft_output,-1,-1,0,-147,1,507,763,635,30,94,62,linear_combination_of_three_input_crt_sources
dft3_output_pack,1,3,3,v6,7,-1,-1,-1,-1,-1,31,2,-1,-1,-1,-1,dft_output,-1,-1,0,-147,1,639,511,767,63,31,95,linear_combination_of_three_input_crt_sources
ntt32_initial_natural_pack,1,3,0,v4,0,-1,-1,-1,-1,-1,0,0,0,32,0,0,state,-1,-1,0,-147,1,387,643,515,0,64,32,natural_input_for_incomplete_dif_ntt32_pre_len2_output
ntt32_initial_natural_pack,1,3,0,v4,1,-1,-1,-1,-1,-1,1,0,0,32,1,1,state,-1,-1,0,-147,1,519,391,647,33,1,65,natural_input_for_incomplete_dif_ntt32_pre_len2_output
ntt32_initial_natural_pack,1,3,0,v4,2,-1,-1,-1,-1,-1,2,0,0,32,2,2,state,-1,-1,0,-147,1,651,523,395,66,34,2,natural_input_for_incomplete_dif_ntt32_pre_len2_output
ntt32_initial_natural_pack,1,3,0,v4,3,-1,-1,-1,-1,-1,3,0,0,32,3,3,state,-1,-1,0,-147,1,399,655,527,3,67,35,natural_input_for_incomplete_dif_ntt32_pre_len2_output
ntt32_initial_natural_pack,1,3,0,v4,4,-1,-1,-1,-1,-1,4,0,0,32,4,4,state,-1,-1,0,-147,1,531,403,659,36,4,68,natural_input_for_incomplete_dif_ntt32_pre_len2_output
ntt32_initial_natural_pack,1,3,0,v4,5,-1,-1,-1,-1,-1,5,0,0,32,5,5,state,-1,-1,0,-147,1,663,535,407,69,37,5,natural_input_for_incomplete_dif_ntt32_pre_len2_output
ntt32_initial_natural_pack,1,3,0,v4,6,-1,-1,-1,-1,-1,6,0,0,32,6,6,state,-1,-1,0,-147,1,411,667,539,6,70,38,natural_input_for_incomplete_dif_ntt32_pre_len2_output
ntt32_initial_natural_pack,1,3,0,v4,7,-1,-1,-1,-1,-1,7,0,0,32,7,7,state,-1,-1,0,-147,1,543,415,671,39,7,71,natural_input_for_incomplete_dif_ntt32_pre_len2_output
ntt32_initial_natural_pack,1,3,1,v5,0,-1,-1,-1,-1,-1,8,0,0,32,8,8,state,-1,-1,0,-147,1,675,547,419,72,40,8,natural_input_for_incomplete_dif_ntt32_pre_len2_output
ntt32_initial_natural_pack,1,3,1,v5,1,-1,-1,-1,-1,-1,9,0,0,32,9,9,state,-1,-1,0,-147,1,423,679,551,9,73,41,natural_input_for_incomplete_dif_ntt32_pre_len2_output
ntt32_initial_natural_pack,1,3,1,v5,2,-1,-1,-1,-1,-1,10,0,0,32,10,10,state,-1,-1,0,-147,1,555,427,683,42,10,74,natural_input_for_incomplete_dif_ntt32_pre_len2_output
ntt32_initial_natural_pack,1,3,1,v5,3,-1,-1,-1,-1,-1,11,0,0,32,11,11,state,-1,-1,0,-147,1,687,559,431,75,43,11,natural_input_for_incomplete_dif_ntt32_pre_len2_output
ntt32_initial_natural_pack,1,3,1,v5,4,-1,-1,-1,-1,-1,12,0,0,32,12,12,state,-1,-1,0,-147,1,435,691,563,12,76,44,natural_input_for_incomplete_dif_ntt32_pre_len2_output
ntt32_initial_natural_pack,1,3,1,v5,5,-1,-1,-1,-1,-1,13,0,0,32,13,13,state,-1,-1,0,-147,1,567,439,695,45,13,77,natural_input_for_incomplete_dif_ntt32_pre_len2_output
ntt32_initial_natural_pack,1,3,1,v5,6,-1,-1,-1,-1,-1,14,0,0,32,14,14,state,-1,-1,0,-147,1,699,571,443,78,46,14,natural_input_for_incomplete_dif_ntt32_pre_len2_output
ntt32_initial_natural_pack,1,3,1,v5,7,-1,-1,-1,-1,-1,15,0,0,32,15,15,state,-1,-1,0,-147,1,447,703,575,15,79,47,natural_input_for_incomplete_dif_ntt32_pre_len2_output
ntt32_initial_natural_pack,1,3,2,v6,0,-1,-1,-1,-1,-1,16,0,0,32,16,16,state,-1,-1,0,-147,1,579,451,707,48,16,80,natural_input_for_incomplete_dif_ntt32_pre_len2_output
ntt32_initial_natural_pack,1,3,2,v6,1,-1,-1,-1,-1,-1,17,0,0,32,17,17,state,-1,-1,0,-147,1,711,583,455,81,49,17,natural_input_for_incomplete_dif_ntt32_pre_len2_output
ntt32_initial_natural_pack,1,3,2,v6,2,-1,-1,-1,-1,-1,18,0,0,32,18,18,state,-1,-1,0,-147,1,459,715,587,18,82,50,natural_input_for_incomplete_dif_ntt32_pre_len2_output
ntt32_initial_natural_pack,1,3,2,v6,3,-1,-1,-1,-1,-1,19,0,0,32,19,19,state,-1,-1,0,-147,1,591,463,719,51,19,83,natural_input_for_incomplete_dif_ntt32_pre_len2_output
ntt32_initial_natural_pack,1,3,2,v6,4,-1,-1,-1,-1,-1,20,0,0,32,20,20,state,-1,-1,0,-147,1,723,595,467,84,52,20,natural_input_for_incomplete_dif_ntt32_pre_len2_output
ntt32_initial_natural_pack,1,3,2,v6,5,-1,-1,-1,-1,-1,21,0,0,32,21,21,state,-1,-1,0,-147,1,471,727,599,21,85,53,natural_input_for_incomplete_dif_ntt32_pre_len2_output
ntt32_initial_natural_pack,1,3,2,v6,6,-1,-1,-1,-1,-1,22,0,0,32,22,22,state,-1,-1,0,-147,1,603,475,731,54,22,86,natural_input_for_incomplete_dif_ntt32_pre_len2_output
ntt32_initial_natural_pack,1,3,2,v6,7,-1,-1,-1,-1,-1,23,0,0,32,23,23,state,-1,-1,0,-147,1,735,607,479,87,55,23,natural_input_for_incomplete_dif_ntt32_pre_len2_output
ntt32_initial_natural_pack,1,3,3,v7,0,-1,-1,-1,-1,-1,24,0,0,32,24,24,state,-1,-1,0,-147,1,483,739,611,24,88,56,natural_input_for_incomplete_dif_ntt32_pre_len2_output
ntt32_initial_natural_pack,1,3,3,v7,1,-1,-1,-1,-1,-1,25,0,0,32,25,25,state,-1,-1,0,-147,1,615,487,743,57,25,89,natural_input_for_incomplete_dif_ntt32_pre_len2_output
ntt32_initial_natural_pack,1,3,3,v7,2,-1,-1,-1,-1,-1,26,0,0,32,26,26,state,-1,-1,0,-147,1,747,619,491,90,58,26,natural_input_for_incomplete_dif_ntt32_pre_len2_output
ntt32_initial_natural_pack,1,3,3,v7,3,-1,-1,-1,-1,-1,27,0,0,32,27,27,state,-1,-1,0,-147,1,495,751,623,27,91,59,natural_input_for_incomplete_dif_ntt32_pre_len2_output
ntt32_initial_natural_pack,1,3,3,v7,4,-1,-1,-1,-1,-1,28,0,0,32,28,28,state,-1,-1,0,-147,1,627,499,755,60,28,92,natural_input_for_incomplete_dif_ntt32_pre_len2_output
ntt32_initial_natural_pack,1,3,3,v7,5,-1,-1,-1,-1,-1,29,0,0,32,29,29,state,-1,-1,0,-147,1,759,631,503,93,61,29,natural_input_for_incomplete_dif_ntt32_pre_len2_output
ntt32_initial_natural_pack,1,3,3,v7,6,-1,-1,-1,-1,-1,30,0,0,32,30,30,state,-1,-1,0,-147,1,507,763,635,30,94,62,natural_input_for_incomplete_dif_ntt32_pre_len2_output
ntt32_initial_natural_pack,1,3,3,v7,7,-1,-1,-1,-1,-1,31,0,0,32,31,31,state,-1,-1,0,-147,1,639,511,767,63,31,95,natural_input_for_incomplete_dif_ntt32_pre_len2_output
ntt32_butterfly_operand,1,3,0,v4,0,-1,-1,-1,-1,-1,-1,0,1,32,0,-1,lo,0,16,0,-147,1,-1,-1,-1,-1,-1,-1,low_operand_for_dif_butterfly
ntt32_butterfly_operand,1,3,2,v6,0,-1,-1,-1,-1,-1,-1,0,1,32,16,-1,hi,0,16,0,-147,1,-1,-1,-1,-1,-1,-1,dif_high_output_gets_(lo-hi)_times_twiddle
ntt32_butterfly_operand,1,3,0,v4,1,-1,-1,-1,-1,-1,-1,0,1,32,1,-1,lo,1,17,1,484,1784,-1,-1,-1,-1,-1,-1,low_operand_for_dif_butterfly
ntt32_butterfly_operand,1,3,2,v6,1,-1,-1,-1,-1,-1,-1,0,1,32,17,-1,hi,1,17,1,484,1784,-1,-1,-1,-1,-1,-1,dif_high_output_gets_(lo-hi)_times_twiddle
ntt32_butterfly_operand,1,3,0,v4,2,-1,-1,-1,-1,-1,-1,0,1,32,2,-1,lo,2,18,2,-794,2216,-1,-1,-1,-1,-1,-1,low_operand_for_dif_butterfly
ntt32_butterfly_operand,1,3,2,v6,2,-1,-1,-1,-1,-1,-1,0,1,32,18,-1,hi,2,18,2,-794,2216,-1,-1,-1,-1,-1,-1,dif_high_output_gets_(lo-hi)_times_twiddle
ntt32_butterfly_operand,1,3,0,v4,3,-1,-1,-1,-1,-1,-1,0,1,32,3,-1,lo,3,19,3,874,1993,-1,-1,-1,-1,-1,-1,low_operand_for_dif_butterfly
ntt32_butterfly_operand,1,3,2,v6,3,-1,-1,-1,-1,-1,-1,0,1,32,19,-1,hi,3,19,3,874,1993,-1,-1,-1,-1,-1,-1,dif_high_output_gets_(lo-hi)_times_twiddle
ntt32_butterfly_operand,1,3,0,v4,4,-1,-1,-1,-1,-1,-1,0,1,32,4,-1,lo,4,20,4,109,1716,-1,-1,-1,-1,-1,-1,low_operand_for_dif_butterfly
ntt32_butterfly_operand,1,3,2,v6,4,-1,-1,-1,-1,-1,-1,0,1,32,20,-1,hi,4,20,4,109,1716,-1,-1,-1,-1,-1,-1,dif_high_output_gets_(lo-hi)_times_twiddle
ntt32_butterfly_operand,1,3,0,v4,5,-1,-1,-1,-1,-1,-1,0,1,32,5,-1,lo,5,21,5,864,1899,-1,-1,-1,-1,-1,-1,low_operand_for_dif_butterfly
ntt32_butterfly_operand,1,3,2,v6,5,-1,-1,-1,-1,-1,-1,0,1,32,21,-1,hi,5,21,5,864,1899,-1,-1,-1,-1,-1,-1,dif_high_output_gets_(lo-hi)_times_twiddle
ntt32_butterfly_operand,1,3,0,v4,6,-1,-1,-1,-1,-1,-1,0,1,32,6,-1,lo,6,22,6,-446,3413,-1,-1,-1,-1,-1,-1,low_operand_for_dif_butterfly
ntt32_butterfly_operand,1,3,2,v6,6,-1,-1,-1,-1,-1,-1,0,1,32,22,-1,hi,6,22,6,-446,3413,-1,-1,-1,-1,-1,-1,dif_high_output_gets_(lo-hi)_times_twiddle
ntt32_butterfly_operand,1,3,0,v4,7,-1,-1,-1,-1,-1,-1,0,1,32,7,-1,lo,7,23,7,-554,1015,-1,-1,-1,-1,-1,-1,low_operand_for_dif_butterfly
ntt32_butterfly_operand,1,3,2,v6,7,-1,-1,-1,-1,-1,-1,0,1,32,23,-1,hi,7,23,7,-554,1015,-1,-1,-1,-1,-1,-1,dif_high_output_gets_(lo-hi)_times_twiddle
ntt32_butterfly_operand,1,3,1,v5,0,-1,-1,-1,-1,-1,-1,0,1,32,8,-1,lo,8,24,8,366,2749,-1,-1,-1,-1,-1,-1,low_operand_for_dif_butterfly
ntt32_butterfly_operand,1,3,3,v7,0,-1,-1,-1,-1,-1,-1,0,1,32,24,-1,hi,8,24,8,366,2749,-1,-1,-1,-1,-1,-1,dif_high_output_gets_(lo-hi)_times_twiddle
ntt32_butterfly_operand,1,3,1,v5,1,-1,-1,-1,-1,-1,-1,0,1,32,9,-1,lo,9,25,9,-429,2190,-1,-1,-1,-1,-1,-1,low_operand_for_dif_butterfly
ntt32_butterfly_operand,1,3,3,v7,1,-1,-1,-1,-1,-1,-1,0,1,32,25,-1,hi,9,25,9,-429,2190,-1,-1,-1,-1,-1,-1,dif_high_output_gets_(lo-hi)_times_twiddle
ntt32_butterfly_operand,1,3,1,v5,2,-1,-1,-1,-1,-1,-1,0,1,32,10,-1,lo,10,26,10,-1339,550,-1,-1,-1,-1,-1,-1,low_operand_for_dif_butterfly
ntt32_butterfly_operand,1,3,3,v7,2,-1,-1,-1,-1,-1,-1,0,1,32,26,-1,hi,10,26,10,-1339,550,-1,-1,-1,-1,-1,-1,dif_high_output_gets_(lo-hi)_times_twiddle
ntt32_butterfly_operand,1,3,1,v5,3,-1,-1,-1,-1,-1,-1,0,1,32,11,-1,lo,11,27,11,11,2869,-1,-1,-1,-1,-1,-1,low_operand_for_dif_butterfly
ntt32_butterfly_operand,1,3,3,v7,3,-1,-1,-1,-1,-1,-1,0,1,32,27,-1,hi,11,27,11,11,2869,-1,-1,-1,-1,-1,-1,dif_high_output_gets_(lo-hi)_times_twiddle
ntt32_butterfly_operand,1,3,1,v5,4,-1,-1,-1,-1,-1,-1,0,1,32,12,-1,lo,12,28,12,-1118,1936,-1,-1,-1,-1,-1,-1,low_operand_for_dif_butterfly
ntt32_butterfly_operand,1,3,3,v7,4,-1,-1,-1,-1,-1,-1,0,1,32,28,-1,hi,12,28,12,-1118,1936,-1,-1,-1,-1,-1,-1,dif_high_output_gets_(lo-hi)_times_twiddle
ntt32_butterfly_operand,1,3,1,v5,5,-1,-1,-1,-1,-1,-1,0,1,32,13,-1,lo,13,29,13,177,281,-1,-1,-1,-1,-1,-1,low_operand_for_dif_butterfly
ntt32_butterfly_operand,1,3,3,v7,5,-1,-1,-1,-1,-1,-1,0,1,32,29,-1,hi,13,29,13,177,281,-1,-1,-1,-1,-1,-1,dif_high_output_gets_(lo-hi)_times_twiddle
ntt32_butterfly_operand,1,3,1,v5,6,-1,-1,-1,-1,-1,-1,0,1,32,14,-1,lo,14,30,14,1181,39,-1,-1,-1,-1,-1,-1,low_operand_for_dif_butterfly
ntt32_butterfly_operand,1,3,3,v7,6,-1,-1,-1,-1,-1,-1,0,1,32,30,-1,hi,14,30,14,1181,39,-1,-1,-1,-1,-1,-1,dif_high_output_gets_(lo-hi)_times_twiddle
ntt32_butterfly_operand,1,3,1,v5,7,-1,-1,-1,-1,-1,-1,0,1,32,15,-1,lo,15,31,15,1591,436,-1,-1,-1,-1,-1,-1,low_operand_for_dif_butterfly
ntt32_butterfly_operand,1,3,3,v7,7,-1,-1,-1,-1,-1,-1,0,1,32,31,-1,hi,15,31,15,1591,436,-1,-1,-1,-1,-1,-1,dif_high_output_gets_(lo-hi)_times_twiddle
ntt32_butterfly_operand,1,3,0,v4,0,-1,-1,-1,-1,-1,-1,0,2,16,0,-1,lo,0,8,0,-147,1,-1,-1,-1,-1,-1,-1,low_operand_for_dif_butterfly
ntt32_butterfly_operand,1,3,1,v5,0,-1,-1,-1,-1,-1,-1,0,2,16,8,-1,hi,0,8,0,-147,1,-1,-1,-1,-1,-1,-1,dif_high_output_gets_(lo-hi)_times_twiddle
ntt32_butterfly_operand,1,3,0,v4,1,-1,-1,-1,-1,-1,-1,0,2,16,1,-1,lo,1,9,2,-794,2216,-1,-1,-1,-1,-1,-1,low_operand_for_dif_butterfly
ntt32_butterfly_operand,1,3,1,v5,1,-1,-1,-1,-1,-1,-1,0,2,16,9,-1,hi,1,9,2,-794,2216,-1,-1,-1,-1,-1,-1,dif_high_output_gets_(lo-hi)_times_twiddle
ntt32_butterfly_operand,1,3,0,v4,2,-1,-1,-1,-1,-1,-1,0,2,16,2,-1,lo,2,10,4,109,1716,-1,-1,-1,-1,-1,-1,low_operand_for_dif_butterfly
ntt32_butterfly_operand,1,3,1,v5,2,-1,-1,-1,-1,-1,-1,0,2,16,10,-1,hi,2,10,4,109,1716,-1,-1,-1,-1,-1,-1,dif_high_output_gets_(lo-hi)_times_twiddle
ntt32_butterfly_operand,1,3,0,v4,3,-1,-1,-1,-1,-1,-1,0,2,16,3,-1,lo,3,11,6,-446,3413,-1,-1,-1,-1,-1,-1,low_operand_for_dif_butterfly
ntt32_butterfly_operand,1,3,1,v5,3,-1,-1,-1,-1,-1,-1,0,2,16,11,-1,hi,3,11,6,-446,3413,-1,-1,-1,-1,-1,-1,dif_high_output_gets_(lo-hi)_times_twiddle
ntt32_butterfly_operand,1,3,0,v4,4,-1,-1,-1,-1,-1,-1,0,2,16,4,-1,lo,4,12,8,366,2749,-1,-1,-1,-1,-1,-1,low_operand_for_dif_butterfly
ntt32_butterfly_operand,1,3,1,v5,4,-1,-1,-1,-1,-1,-1,0,2,16,12,-1,hi,4,12,8,366,2749,-1,-1,-1,-1,-1,-1,dif_high_output_gets_(lo-hi)_times_twiddle
ntt32_butterfly_operand,1,3,0,v4,5,-1,-1,-1,-1,-1,-1,0,2,16,5,-1,lo,5,13,10,-1339,550,-1,-1,-1,-1,-1,-1,low_operand_for_dif_butterfly
ntt32_butterfly_operand,1,3,1,v5,5,-1,-1,-1,-1,-1,-1,0,2,16,13,-1,hi,5,13,10,-1339,550,-1,-1,-1,-1,-1,-1,dif_high_output_gets_(lo-hi)_times_twiddle
ntt32_butterfly_operand,1,3,0,v4,6,-1,-1,-1,-1,-1,-1,0,2,16,6,-1,lo,6,14,12,-1118,1936,-1,-1,-1,-1,-1,-1,low_operand_for_dif_butterfly
ntt32_butterfly_operand,1,3,1,v5,6,-1,-1,-1,-1,-1,-1,0,2,16,14,-1,hi,6,14,12,-1118,1936,-1,-1,-1,-1,-1,-1,dif_high_output_gets_(lo-hi)_times_twiddle
ntt32_butterfly_operand,1,3,0,v4,7,-1,-1,-1,-1,-1,-1,0,2,16,7,-1,lo,7,15,14,1181,39,-1,-1,-1,-1,-1,-1,low_operand_for_dif_butterfly
ntt32_butterfly_operand,1,3,1,v5,7,-1,-1,-1,-1,-1,-1,0,2,16,15,-1,hi,7,15,14,1181,39,-1,-1,-1,-1,-1,-1,dif_high_output_gets_(lo-hi)_times_twiddle
ntt32_butterfly_operand,1,3,2,v6,0,-1,-1,-1,-1,-1,-1,0,2,16,16,-1,lo,16,24,0,-147,1,-1,-1,-1,-1,-1,-1,low_operand_for_dif_butterfly
ntt32_butterfly_operand,1,3,3,v7,0,-1,-1,-1,-1,-1,-1,0,2,16,24,-1,hi,16,24,0,-147,1,-1,-1,-1,-1,-1,-1,dif_high_output_gets_(lo-hi)_times_twiddle
ntt32_butterfly_operand,1,3,2,v6,1,-1,-1,-1,-1,-1,-1,0,2,16,17,-1,lo,17,25,2,-794,2216,-1,-1,-1,-1,-1,-1,low_operand_for_dif_butterfly
ntt32_butterfly_operand,1,3,3,v7,1,-1,-1,-1,-1,-1,-1,0,2,16,25,-1,hi,17,25,2,-794,2216,-1,-1,-1,-1,-1,-1,dif_high_output_gets_(lo-hi)_times_twiddle
ntt32_butterfly_operand,1,3,2,v6,2,-1,-1,-1,-1,-1,-1,0,2,16,18,-1,lo,18,26,4,109,1716,-1,-1,-1,-1,-1,-1,low_operand_for_dif_butterfly
ntt32_butterfly_operand,1,3,3,v7,2,-1,-1,-1,-1,-1,-1,0,2,16,26,-1,hi,18,26,4,109,1716,-1,-1,-1,-1,-1,-1,dif_high_output_gets_(lo-hi)_times_twiddle
ntt32_butterfly_operand,1,3,2,v6,3,-1,-1,-1,-1,-1,-1,0,2,16,19,-1,lo,19,27,6,-446,3413,-1,-1,-1,-1,-1,-1,low_operand_for_dif_butterfly
ntt32_butterfly_operand,1,3,3,v7,3,-1,-1,-1,-1,-1,-1,0,2,16,27,-1,hi,19,27,6,-446,3413,-1,-1,-1,-1,-1,-1,dif_high_output_gets_(lo-hi)_times_twiddle
ntt32_butterfly_operand,1,3,2,v6,4,-1,-1,-1,-1,-1,-1,0,2,16,20,-1,lo,20,28,8,366,2749,-1,-1,-1,-1,-1,-1,low_operand_for_dif_butterfly
ntt32_butterfly_operand,1,3,3,v7,4,-1,-1,-1,-1,-1,-1,0,2,16,28,-1,hi,20,28,8,366,2749,-1,-1,-1,-1,-1,-1,dif_high_output_gets_(lo-hi)_times_twiddle
ntt32_butterfly_operand,1,3,2,v6,5,-1,-1,-1,-1,-1,-1,0,2,16,21,-1,lo,21,29,10,-1339,550,-1,-1,-1,-1,-1,-1,low_operand_for_dif_butterfly
ntt32_butterfly_operand,1,3,3,v7,5,-1,-1,-1,-1,-1,-1,0,2,16,29,-1,hi,21,29,10,-1339,550,-1,-1,-1,-1,-1,-1,dif_high_output_gets_(lo-hi)_times_twiddle
ntt32_butterfly_operand,1,3,2,v6,6,-1,-1,-1,-1,-1,-1,0,2,16,22,-1,lo,22,30,12,-1118,1936,-1,-1,-1,-1,-1,-1,low_operand_for_dif_butterfly
ntt32_butterfly_operand,1,3,3,v7,6,-1,-1,-1,-1,-1,-1,0,2,16,30,-1,hi,22,30,12,-1118,1936,-1,-1,-1,-1,-1,-1,dif_high_output_gets_(lo-hi)_times_twiddle
ntt32_butterfly_operand,1,3,2,v6,7,-1,-1,-1,-1,-1,-1,0,2,16,23,-1,lo,23,31,14,1181,39,-1,-1,-1,-1,-1,-1,low_operand_for_dif_butterfly
ntt32_butterfly_operand,1,3,3,v7,7,-1,-1,-1,-1,-1,-1,0,2,16,31,-1,hi,23,31,14,1181,39,-1,-1,-1,-1,-1,-1,dif_high_output_gets_(lo-hi)_times_twiddle
ntt32_butterfly_operand,1,3,0,v4,0,-1,-1,-1,-1,-1,-1,0,3,8,0,-1,lo,0,4,0,-147,1,-1,-1,-1,-1,-1,-1,low_operand_for_dif_butterfly
ntt32_butterfly_operand,1,3,0,v4,4,-1,-1,-1,-1,-1,-1,0,3,8,4,-1,hi,0,4,0,-147,1,-1,-1,-1,-1,-1,-1,dif_high_output_gets_(lo-hi)_times_twiddle
ntt32_butterfly_operand,1,3,0,v4,1,-1,-1,-1,-1,-1,-1,0,3,8,1,-1,lo,1,5,4,109,1716,-1,-1,-1,-1,-1,-1,low_operand_for_dif_butterfly
ntt32_butterfly_operand,1,3,0,v4,5,-1,-1,-1,-1,-1,-1,0,3,8,5,-1,hi,1,5,4,109,1716,-1,-1,-1,-1,-1,-1,dif_high_output_gets_(lo-hi)_times_twiddle
ntt32_butterfly_operand,1,3,0,v4,2,-1,-1,-1,-1,-1,-1,0,3,8,2,-1,lo,2,6,8,366,2749,-1,-1,-1,-1,-1,-1,low_operand_for_dif_butterfly
ntt32_butterfly_operand,1,3,0,v4,6,-1,-1,-1,-1,-1,-1,0,3,8,6,-1,hi,2,6,8,366,2749,-1,-1,-1,-1,-1,-1,dif_high_output_gets_(lo-hi)_times_twiddle
ntt32_butterfly_operand,1,3,0,v4,3,-1,-1,-1,-1,-1,-1,0,3,8,3,-1,lo,3,7,12,-1118,1936,-1,-1,-1,-1,-1,-1,low_operand_for_dif_butterfly
ntt32_butterfly_operand,1,3,0,v4,7,-1,-1,-1,-1,-1,-1,0,3,8,7,-1,hi,3,7,12,-1118,1936,-1,-1,-1,-1,-1,-1,dif_high_output_gets_(lo-hi)_times_twiddle
ntt32_butterfly_operand,1,3,1,v5,0,-1,-1,-1,-1,-1,-1,0,3,8,8,-1,lo,8,12,0,-147,1,-1,-1,-1,-1,-1,-1,low_operand_for_dif_butterfly
ntt32_butterfly_operand,1,3,1,v5,4,-1,-1,-1,-1,-1,-1,0,3,8,12,-1,hi,8,12,0,-147,1,-1,-1,-1,-1,-1,-1,dif_high_output_gets_(lo-hi)_times_twiddle
ntt32_butterfly_operand,1,3,1,v5,1,-1,-1,-1,-1,-1,-1,0,3,8,9,-1,lo,9,13,4,109,1716,-1,-1,-1,-1,-1,-1,low_operand_for_dif_butterfly
ntt32_butterfly_operand,1,3,1,v5,5,-1,-1,-1,-1,-1,-1,0,3,8,13,-1,hi,9,13,4,109,1716,-1,-1,-1,-1,-1,-1,dif_high_output_gets_(lo-hi)_times_twiddle
ntt32_butterfly_operand,1,3,1,v5,2,-1,-1,-1,-1,-1,-1,0,3,8,10,-1,lo,10,14,8,366,2749,-1,-1,-1,-1,-1,-1,low_operand_for_dif_butterfly
ntt32_butterfly_operand,1,3,1,v5,6,-1,-1,-1,-1,-1,-1,0,3,8,14,-1,hi,10,14,8,366,2749,-1,-1,-1,-1,-1,-1,dif_high_output_gets_(lo-hi)_times_twiddle
ntt32_butterfly_operand,1,3,1,v5,3,-1,-1,-1,-1,-1,-1,0,3,8,11,-1,lo,11,15,12,-1118,1936,-1,-1,-1,-1,-1,-1,low_operand_for_dif_butterfly
ntt32_butterfly_operand,1,3,1,v5,7,-1,-1,-1,-1,-1,-1,0,3,8,15,-1,hi,11,15,12,-1118,1936,-1,-1,-1,-1,-1,-1,dif_high_output_gets_(lo-hi)_times_twiddle
ntt32_butterfly_operand,1,3,2,v6,0,-1,-1,-1,-1,-1,-1,0,3,8,16,-1,lo,16,20,0,-147,1,-1,-1,-1,-1,-1,-1,low_operand_for_dif_butterfly
ntt32_butterfly_operand,1,3,2,v6,4,-1,-1,-1,-1,-1,-1,0,3,8,20,-1,hi,16,20,0,-147,1,-1,-1,-1,-1,-1,-1,dif_high_output_gets_(lo-hi)_times_twiddle
ntt32_butterfly_operand,1,3,2,v6,1,-1,-1,-1,-1,-1,-1,0,3,8,17,-1,lo,17,21,4,109,1716,-1,-1,-1,-1,-1,-1,low_operand_for_dif_butterfly
ntt32_butterfly_operand,1,3,2,v6,5,-1,-1,-1,-1,-1,-1,0,3,8,21,-1,hi,17,21,4,109,1716,-1,-1,-1,-1,-1,-1,dif_high_output_gets_(lo-hi)_times_twiddle
ntt32_butterfly_operand,1,3,2,v6,2,-1,-1,-1,-1,-1,-1,0,3,8,18,-1,lo,18,22,8,366,2749,-1,-1,-1,-1,-1,-1,low_operand_for_dif_butterfly
ntt32_butterfly_operand,1,3,2,v6,6,-1,-1,-1,-1,-1,-1,0,3,8,22,-1,hi,18,22,8,366,2749,-1,-1,-1,-1,-1,-1,dif_high_output_gets_(lo-hi)_times_twiddle
ntt32_butterfly_operand,1,3,2,v6,3,-1,-1,-1,-1,-1,-1,0,3,8,19,-1,lo,19,23,12,-1118,1936,-1,-1,-1,-1,-1,-1,low_operand_for_dif_butterfly
ntt32_butterfly_operand,1,3,2,v6,7,-1,-1,-1,-1,-1,-1,0,3,8,23,-1,hi,19,23,12,-1118,1936,-1,-1,-1,-1,-1,-1,dif_high_output_gets_(lo-hi)_times_twiddle
ntt32_butterfly_operand,1,3,3,v7,0,-1,-1,-1,-1,-1,-1,0,3,8,24,-1,lo,24,28,0,-147,1,-1,-1,-1,-1,-1,-1,low_operand_for_dif_butterfly
ntt32_butterfly_operand,1,3,3,v7,4,-1,-1,-1,-1,-1,-1,0,3,8,28,-1,hi,24,28,0,-147,1,-1,-1,-1,-1,-1,-1,dif_high_output_gets_(lo-hi)_times_twiddle
ntt32_butterfly_operand,1,3,3,v7,1,-1,-1,-1,-1,-1,-1,0,3,8,25,-1,lo,25,29,4,109,1716,-1,-1,-1,-1,-1,-1,low_operand_for_dif_butterfly
ntt32_butterfly_operand,1,3,3,v7,5,-1,-1,-1,-1,-1,-1,0,3,8,29,-1,hi,25,29,4,109,1716,-1,-1,-1,-1,-1,-1,dif_high_output_gets_(lo-hi)_times_twiddle
ntt32_butterfly_operand,1,3,3,v7,2,-1,-1,-1,-1,-1,-1,0,3,8,26,-1,lo,26,30,8,366,2749,-1,-1,-1,-1,-1,-1,low_operand_for_dif_butterfly
ntt32_butterfly_operand,1,3,3,v7,6,-1,-1,-1,-1,-1,-1,0,3,8,30,-1,hi,26,30,8,366,2749,-1,-1,-1,-1,-1,-1,dif_high_output_gets_(lo-hi)_times_twiddle
ntt32_butterfly_operand,1,3,3,v7,3,-1,-1,-1,-1,-1,-1,0,3,8,27,-1,lo,27,31,12,-1118,1936,-1,-1,-1,-1,-1,-1,low_operand_for_dif_butterfly
ntt32_butterfly_operand,1,3,3,v7,7,-1,-1,-1,-1,-1,-1,0,3,8,31,-1,hi,27,31,12,-1118,1936,-1,-1,-1,-1,-1,-1,dif_high_output_gets_(lo-hi)_times_twiddle
ntt32_butterfly_operand,1,3,0,v4,0,-1,-1,-1,-1,-1,-1,0,4,4,0,-1,lo,0,2,0,-147,1,-1,-1,-1,-1,-1,-1,low_operand_for_dif_butterfly
ntt32_butterfly_operand,1,3,0,v4,2,-1,-1,-1,-1,-1,-1,0,4,4,2,-1,hi,0,2,0,-147,1,-1,-1,-1,-1,-1,-1,dif_high_output_gets_(lo-hi)_times_twiddle
ntt32_butterfly_operand,1,3,0,v4,1,-1,-1,-1,-1,-1,-1,0,4,4,1,-1,lo,1,3,8,366,2749,-1,-1,-1,-1,-1,-1,low_operand_for_dif_butterfly
ntt32_butterfly_operand,1,3,0,v4,3,-1,-1,-1,-1,-1,-1,0,4,4,3,-1,hi,1,3,8,366,2749,-1,-1,-1,-1,-1,-1,dif_high_output_gets_(lo-hi)_times_twiddle
ntt32_butterfly_operand,1,3,0,v4,4,-1,-1,-1,-1,-1,-1,0,4,4,4,-1,lo,4,6,0,-147,1,-1,-1,-1,-1,-1,-1,low_operand_for_dif_butterfly
ntt32_butterfly_operand,1,3,0,v4,6,-1,-1,-1,-1,-1,-1,0,4,4,6,-1,hi,4,6,0,-147,1,-1,-1,-1,-1,-1,-1,dif_high_output_gets_(lo-hi)_times_twiddle
ntt32_butterfly_operand,1,3,0,v4,5,-1,-1,-1,-1,-1,-1,0,4,4,5,-1,lo,5,7,8,366,2749,-1,-1,-1,-1,-1,-1,low_operand_for_dif_butterfly
ntt32_butterfly_operand,1,3,0,v4,7,-1,-1,-1,-1,-1,-1,0,4,4,7,-1,hi,5,7,8,366,2749,-1,-1,-1,-1,-1,-1,dif_high_output_gets_(lo-hi)_times_twiddle
ntt32_butterfly_operand,1,3,1,v5,0,-1,-1,-1,-1,-1,-1,0,4,4,8,-1,lo,8,10,0,-147,1,-1,-1,-1,-1,-1,-1,low_operand_for_dif_butterfly
ntt32_butterfly_operand,1,3,1,v5,2,-1,-1,-1,-1,-1,-1,0,4,4,10,-1,hi,8,10,0,-147,1,-1,-1,-1,-1,-1,-1,dif_high_output_gets_(lo-hi)_times_twiddle
ntt32_butterfly_operand,1,3,1,v5,1,-1,-1,-1,-1,-1,-1,0,4,4,9,-1,lo,9,11,8,366,2749,-1,-1,-1,-1,-1,-1,low_operand_for_dif_butterfly
ntt32_butterfly_operand,1,3,1,v5,3,-1,-1,-1,-1,-1,-1,0,4,4,11,-1,hi,9,11,8,366,2749,-1,-1,-1,-1,-1,-1,dif_high_output_gets_(lo-hi)_times_twiddle
ntt32_butterfly_operand,1,3,1,v5,4,-1,-1,-1,-1,-1,-1,0,4,4,12,-1,lo,12,14,0,-147,1,-1,-1,-1,-1,-1,-1,low_operand_for_dif_butterfly
ntt32_butterfly_operand,1,3,1,v5,6,-1,-1,-1,-1,-1,-1,0,4,4,14,-1,hi,12,14,0,-147,1,-1,-1,-1,-1,-1,-1,dif_high_output_gets_(lo-hi)_times_twiddle
ntt32_butterfly_operand,1,3,1,v5,5,-1,-1,-1,-1,-1,-1,0,4,4,13,-1,lo,13,15,8,366,2749,-1,-1,-1,-1,-1,-1,low_operand_for_dif_butterfly
ntt32_butterfly_operand,1,3,1,v5,7,-1,-1,-1,-1,-1,-1,0,4,4,15,-1,hi,13,15,8,366,2749,-1,-1,-1,-1,-1,-1,dif_high_output_gets_(lo-hi)_times_twiddle
ntt32_butterfly_operand,1,3,2,v6,0,-1,-1,-1,-1,-1,-1,0,4,4,16,-1,lo,16,18,0,-147,1,-1,-1,-1,-1,-1,-1,low_operand_for_dif_butterfly
ntt32_butterfly_operand,1,3,2,v6,2,-1,-1,-1,-1,-1,-1,0,4,4,18,-1,hi,16,18,0,-147,1,-1,-1,-1,-1,-1,-1,dif_high_output_gets_(lo-hi)_times_twiddle
ntt32_butterfly_operand,1,3,2,v6,1,-1,-1,-1,-1,-1,-1,0,4,4,17,-1,lo,17,19,8,366,2749,-1,-1,-1,-1,-1,-1,low_operand_for_dif_butterfly
ntt32_butterfly_operand,1,3,2,v6,3,-1,-1,-1,-1,-1,-1,0,4,4,19,-1,hi,17,19,8,366,2749,-1,-1,-1,-1,-1,-1,dif_high_output_gets_(lo-hi)_times_twiddle
ntt32_butterfly_operand,1,3,2,v6,4,-1,-1,-1,-1,-1,-1,0,4,4,20,-1,lo,20,22,0,-147,1,-1,-1,-1,-1,-1,-1,low_operand_for_dif_butterfly
ntt32_butterfly_operand,1,3,2,v6,6,-1,-1,-1,-1,-1,-1,0,4,4,22,-1,hi,20,22,0,-147,1,-1,-1,-1,-1,-1,-1,dif_high_output_gets_(lo-hi)_times_twiddle
ntt32_butterfly_operand,1,3,2,v6,5,-1,-1,-1,-1,-1,-1,0,4,4,21,-1,lo,21,23,8,366,2749,-1,-1,-1,-1,-1,-1,low_operand_for_dif_butterfly
ntt32_butterfly_operand,1,3,2,v6,7,-1,-1,-1,-1,-1,-1,0,4,4,23,-1,hi,21,23,8,366,2749,-1,-1,-1,-1,-1,-1,dif_high_output_gets_(lo-hi)_times_twiddle
ntt32_butterfly_operand,1,3,3,v7,0,-1,-1,-1,-1,-1,-1,0,4,4,24,-1,lo,24,26,0,-147,1,-1,-1,-1,-1,-1,-1,low_operand_for_dif_butterfly
ntt32_butterfly_operand,1,3,3,v7,2,-1,-1,-1,-1,-1,-1,0,4,4,26,-1,hi,24,26,0,-147,1,-1,-1,-1,-1,-1,-1,dif_high_output_gets_(lo-hi)_times_twiddle
ntt32_butterfly_operand,1,3,3,v7,1,-1,-1,-1,-1,-1,-1,0,4,4,25,-1,lo,25,27,8,366,2749,-1,-1,-1,-1,-1,-1,low_operand_for_dif_butterfly
ntt32_butterfly_operand,1,3,3,v7,3,-1,-1,-1,-1,-1,-1,0,4,4,27,-1,hi,25,27,8,366,2749,-1,-1,-1,-1,-1,-1,dif_high_output_gets_(lo-hi)_times_twiddle
ntt32_butterfly_operand,1,3,3,v7,4,-1,-1,-1,-1,-1,-1,0,4,4,28,-1,lo,28,30,0,-147,1,-1,-1,-1,-1,-1,-1,low_operand_for_dif_butterfly
ntt32_butterfly_operand,1,3,3,v7,6,-1,-1,-1,-1,-1,-1,0,4,4,30,-1,hi,28,30,0,-147,1,-1,-1,-1,-1,-1,-1,dif_high_output_gets_(lo-hi)_times_twiddle
ntt32_butterfly_operand,1,3,3,v7,5,-1,-1,-1,-1,-1,-1,0,4,4,29,-1,lo,29,31,8,366,2749,-1,-1,-1,-1,-1,-1,low_operand_for_dif_butterfly
ntt32_butterfly_operand,1,3,3,v7,7,-1,-1,-1,-1,-1,-1,0,4,4,31,-1,hi,29,31,8,366,2749,-1,-1,-1,-1,-1,-1,dif_high_output_gets_(lo-hi)_times_twiddle
ntt32_initial_natural_pack,1,3,0,v4,0,-1,-1,-1,-1,-1,0,1,0,32,0,0,state,-1,-1,0,-147,1,387,643,515,0,64,32,natural_input_for_incomplete_dif_ntt32_pre_len2_output
ntt32_initial_natural_pack,1,3,0,v4,1,-1,-1,-1,-1,-1,1,1,0,32,1,1,state,-1,-1,0,-147,1,519,391,647,33,1,65,natural_input_for_incomplete_dif_ntt32_pre_len2_output
ntt32_initial_natural_pack,1,3,0,v4,2,-1,-1,-1,-1,-1,2,1,0,32,2,2,state,-1,-1,0,-147,1,651,523,395,66,34,2,natural_input_for_incomplete_dif_ntt32_pre_len2_output
ntt32_initial_natural_pack,1,3,0,v4,3,-1,-1,-1,-1,-1,3,1,0,32,3,3,state,-1,-1,0,-147,1,399,655,527,3,67,35,natural_input_for_incomplete_dif_ntt32_pre_len2_output
ntt32_initial_natural_pack,1,3,0,v4,4,-1,-1,-1,-1,-1,4,1,0,32,4,4,state,-1,-1,0,-147,1,531,403,659,36,4,68,natural_input_for_incomplete_dif_ntt32_pre_len2_output
ntt32_initial_natural_pack,1,3,0,v4,5,-1,-1,-1,-1,-1,5,1,0,32,5,5,state,-1,-1,0,-147,1,663,535,407,69,37,5,natural_input_for_incomplete_dif_ntt32_pre_len2_output
ntt32_initial_natural_pack,1,3,0,v4,6,-1,-1,-1,-1,-1,6,1,0,32,6,6,state,-1,-1,0,-147,1,411,667,539,6,70,38,natural_input_for_incomplete_dif_ntt32_pre_len2_output
ntt32_initial_natural_pack,1,3,0,v4,7,-1,-1,-1,-1,-1,7,1,0,32,7,7,state,-1,-1,0,-147,1,543,415,671,39,7,71,natural_input_for_incomplete_dif_ntt32_pre_len2_output
ntt32_initial_natural_pack,1,3,1,v5,0,-1,-1,-1,-1,-1,8,1,0,32,8,8,state,-1,-1,0,-147,1,675,547,419,72,40,8,natural_input_for_incomplete_dif_ntt32_pre_len2_output
ntt32_initial_natural_pack,1,3,1,v5,1,-1,-1,-1,-1,-1,9,1,0,32,9,9,state,-1,-1,0,-147,1,423,679,551,9,73,41,natural_input_for_incomplete_dif_ntt32_pre_len2_output
ntt32_initial_natural_pack,1,3,1,v5,2,-1,-1,-1,-1,-1,10,1,0,32,10,10,state,-1,-1,0,-147,1,555,427,683,42,10,74,natural_input_for_incomplete_dif_ntt32_pre_len2_output
ntt32_initial_natural_pack,1,3,1,v5,3,-1,-1,-1,-1,-1,11,1,0,32,11,11,state,-1,-1,0,-147,1,687,559,431,75,43,11,natural_input_for_incomplete_dif_ntt32_pre_len2_output
ntt32_initial_natural_pack,1,3,1,v5,4,-1,-1,-1,-1,-1,12,1,0,32,12,12,state,-1,-1,0,-147,1,435,691,563,12,76,44,natural_input_for_incomplete_dif_ntt32_pre_len2_output
ntt32_initial_natural_pack,1,3,1,v5,5,-1,-1,-1,-1,-1,13,1,0,32,13,13,state,-1,-1,0,-147,1,567,439,695,45,13,77,natural_input_for_incomplete_dif_ntt32_pre_len2_output
ntt32_initial_natural_pack,1,3,1,v5,6,-1,-1,-1,-1,-1,14,1,0,32,14,14,state,-1,-1,0,-147,1,699,571,443,78,46,14,natural_input_for_incomplete_dif_ntt32_pre_len2_output
ntt32_initial_natural_pack,1,3,1,v5,7,-1,-1,-1,-1,-1,15,1,0,32,15,15,state,-1,-1,0,-147,1,447,703,575,15,79,47,natural_input_for_incomplete_dif_ntt32_pre_len2_output
ntt32_initial_natural_pack,1,3,2,v6,0,-1,-1,-1,-1,-1,16,1,0,32,16,16,state,-1,-1,0,-147,1,579,451,707,48,16,80,natural_input_for_incomplete_dif_ntt32_pre_len2_output
ntt32_initial_natural_pack,1,3,2,v6,1,-1,-1,-1,-1,-1,17,1,0,32,17,17,state,-1,-1,0,-147,1,711,583,455,81,49,17,natural_input_for_incomplete_dif_ntt32_pre_len2_output
ntt32_initial_natural_pack,1,3,2,v6,2,-1,-1,-1,-1,-1,18,1,0,32,18,18,state,-1,-1,0,-147,1,459,715,587,18,82,50,natural_input_for_incomplete_dif_ntt32_pre_len2_output
ntt32_initial_natural_pack,1,3,2,v6,3,-1,-1,-1,-1,-1,19,1,0,32,19,19,state,-1,-1,0,-147,1,591,463,719,51,19,83,natural_input_for_incomplete_dif_ntt32_pre_len2_output
ntt32_initial_natural_pack,1,3,2,v6,4,-1,-1,-1,-1,-1,20,1,0,32,20,20,state,-1,-1,0,-147,1,723,595,467,84,52,20,natural_input_for_incomplete_dif_ntt32_pre_len2_output
ntt32_initial_natural_pack,1,3,2,v6,5,-1,-1,-1,-1,-1,21,1,0,32,21,21,state,-1,-1,0,-147,1,471,727,599,21,85,53,natural_input_for_incomplete_dif_ntt32_pre_len2_output
ntt32_initial_natural_pack,1,3,2,v6,6,-1,-1,-1,-1,-1,22,1,0,32,22,22,state,-1,-1,0,-147,1,603,475,731,54,22,86,natural_input_for_incomplete_dif_ntt32_pre_len2_output
ntt32_initial_natural_pack,1,3,2,v6,7,-1,-1,-1,-1,-1,23,1,0,32,23,23,state,-1,-1,0,-147,1,735,607,479,87,55,23,natural_input_for_incomplete_dif_ntt32_pre_len2_output
ntt32_initial_natural_pack,1,3,3,v7,0,-1,-1,-1,-1,-1,24,1,0,32,24,24,state,-1,-1,0,-147,1,483,739,611,24,88,56,natural_input_for_incomplete_dif_ntt32_pre_len2_output
ntt32_initial_natural_pack,1,3,3,v7,1,-1,-1,-1,-1,-1,25,1,0,32,25,25,state,-1,-1,0,-147,1,615,487,743,57,25,89,natural_input_for_incomplete_dif_ntt32_pre_len2_output
ntt32_initial_natural_pack,1,3,3,v7,2,-1,-1,-1,-1,-1,26,1,0,32,26,26,state,-1,-1,0,-147,1,747,619,491,90,58,26,natural_input_for_incomplete_dif_ntt32_pre_len2_output
ntt32_initial_natural_pack,1,3,3,v7,3,-1,-1,-1,-1,-1,27,1,0,32,27,27,state,-1,-1,0,-147,1,495,751,623,27,91,59,natural_input_for_incomplete_dif_ntt32_pre_len2_output
ntt32_initial_natural_pack,1,3,3,v7,4,-1,-1,-1,-1,-1,28,1,0,32,28,28,state,-1,-1,0,-147,1,627,499,755,60,28,92,natural_input_for_incomplete_dif_ntt32_pre_len2_output
ntt32_initial_natural_pack,1,3,3,v7,5,-1,-1,-1,-1,-1,29,1,0,32,29,29,state,-1,-1,0,-147,1,759,631,503,93,61,29,natural_input_for_incomplete_dif_ntt32_pre_len2_output
ntt32_initial_natural_pack,1,3,3,v7,6,-1,-1,-1,-1,-1,30,1,0,32,30,30,state,-1,-1,0,-147,1,507,763,635,30,94,62,natural_input_for_incomplete_dif_ntt32_pre_len2_output
ntt32_initial_natural_pack,1,3,3,v7,7,-1,-1,-1,-1,-1,31,1,0,32,31,31,state,-1,-1,0,-147,1,639,511,767,63,31,95,natural_input_for_incomplete_dif_ntt32_pre_len2_output
ntt32_butterfly_operand,1,3,0,v4,0,-1,-1,-1,-1,-1,-1,1,1,32,0,-1,lo,0,16,0,-147,1,-1,-1,-1,-1,-1,-1,low_operand_for_dif_butterfly
ntt32_butterfly_operand,1,3,2,v6,0,-1,-1,-1,-1,-1,-1,1,1,32,16,-1,hi,0,16,0,-147,1,-1,-1,-1,-1,-1,-1,dif_high_output_gets_(lo-hi)_times_twiddle
ntt32_butterfly_operand,1,3,0,v4,1,-1,-1,-1,-1,-1,-1,1,1,32,1,-1,lo,1,17,1,484,1784,-1,-1,-1,-1,-1,-1,low_operand_for_dif_butterfly
ntt32_butterfly_operand,1,3,2,v6,1,-1,-1,-1,-1,-1,-1,1,1,32,17,-1,hi,1,17,1,484,1784,-1,-1,-1,-1,-1,-1,dif_high_output_gets_(lo-hi)_times_twiddle
ntt32_butterfly_operand,1,3,0,v4,2,-1,-1,-1,-1,-1,-1,1,1,32,2,-1,lo,2,18,2,-794,2216,-1,-1,-1,-1,-1,-1,low_operand_for_dif_butterfly
ntt32_butterfly_operand,1,3,2,v6,2,-1,-1,-1,-1,-1,-1,1,1,32,18,-1,hi,2,18,2,-794,2216,-1,-1,-1,-1,-1,-1,dif_high_output_gets_(lo-hi)_times_twiddle
ntt32_butterfly_operand,1,3,0,v4,3,-1,-1,-1,-1,-1,-1,1,1,32,3,-1,lo,3,19,3,874,1993,-1,-1,-1,-1,-1,-1,low_operand_for_dif_butterfly
ntt32_butterfly_operand,1,3,2,v6,3,-1,-1,-1,-1,-1,-1,1,1,32,19,-1,hi,3,19,3,874,1993,-1,-1,-1,-1,-1,-1,dif_high_output_gets_(lo-hi)_times_twiddle
ntt32_butterfly_operand,1,3,0,v4,4,-1,-1,-1,-1,-1,-1,1,1,32,4,-1,lo,4,20,4,109,1716,-1,-1,-1,-1,-1,-1,low_operand_for_dif_butterfly
ntt32_butterfly_operand,1,3,2,v6,4,-1,-1,-1,-1,-1,-1,1,1,32,20,-1,hi,4,20,4,109,1716,-1,-1,-1,-1,-1,-1,dif_high_output_gets_(lo-hi)_times_twiddle
ntt32_butterfly_operand,1,3,0,v4,5,-1,-1,-1,-1,-1,-1,1,1,32,5,-1,lo,5,21,5,864,1899,-1,-1,-1,-1,-1,-1,low_operand_for_dif_butterfly
ntt32_butterfly_operand,1,3,2,v6,5,-1,-1,-1,-1,-1,-1,1,1,32,21,-1,hi,5,21,5,864,1899,-1,-1,-1,-1,-1,-1,dif_high_output_gets_(lo-hi)_times_twiddle
ntt32_butterfly_operand,1,3,0,v4,6,-1,-1,-1,-1,-1,-1,1,1,32,6,-1,lo,6,22,6,-446,3413,-1,-1,-1,-1,-1,-1,low_operand_for_dif_butterfly
ntt32_butterfly_operand,1,3,2,v6,6,-1,-1,-1,-1,-1,-1,1,1,32,22,-1,hi,6,22,6,-446,3413,-1,-1,-1,-1,-1,-1,dif_high_output_gets_(lo-hi)_times_twiddle
ntt32_butterfly_operand,1,3,0,v4,7,-1,-1,-1,-1,-1,-1,1,1,32,7,-1,lo,7,23,7,-554,1015,-1,-1,-1,-1,-1,-1,low_operand_for_dif_butterfly
ntt32_butterfly_operand,1,3,2,v6,7,-1,-1,-1,-1,-1,-1,1,1,32,23,-1,hi,7,23,7,-554,1015,-1,-1,-1,-1,-1,-1,dif_high_output_gets_(lo-hi)_times_twiddle
ntt32_butterfly_operand,1,3,1,v5,0,-1,-1,-1,-1,-1,-1,1,1,32,8,-1,lo,8,24,8,366,2749,-1,-1,-1,-1,-1,-1,low_operand_for_dif_butterfly
ntt32_butterfly_operand,1,3,3,v7,0,-1,-1,-1,-1,-1,-1,1,1,32,24,-1,hi,8,24,8,366,2749,-1,-1,-1,-1,-1,-1,dif_high_output_gets_(lo-hi)_times_twiddle
ntt32_butterfly_operand,1,3,1,v5,1,-1,-1,-1,-1,-1,-1,1,1,32,9,-1,lo,9,25,9,-429,2190,-1,-1,-1,-1,-1,-1,low_operand_for_dif_butterfly
ntt32_butterfly_operand,1,3,3,v7,1,-1,-1,-1,-1,-1,-1,1,1,32,25,-1,hi,9,25,9,-429,2190,-1,-1,-1,-1,-1,-1,dif_high_output_gets_(lo-hi)_times_twiddle
ntt32_butterfly_operand,1,3,1,v5,2,-1,-1,-1,-1,-1,-1,1,1,32,10,-1,lo,10,26,10,-1339,550,-1,-1,-1,-1,-1,-1,low_operand_for_dif_butterfly
ntt32_butterfly_operand,1,3,3,v7,2,-1,-1,-1,-1,-1,-1,1,1,32,26,-1,hi,10,26,10,-1339,550,-1,-1,-1,-1,-1,-1,dif_high_output_gets_(lo-hi)_times_twiddle
ntt32_butterfly_operand,1,3,1,v5,3,-1,-1,-1,-1,-1,-1,1,1,32,11,-1,lo,11,27,11,11,2869,-1,-1,-1,-1,-1,-1,low_operand_for_dif_butterfly
ntt32_butterfly_operand,1,3,3,v7,3,-1,-1,-1,-1,-1,-1,1,1,32,27,-1,hi,11,27,11,11,2869,-1,-1,-1,-1,-1,-1,dif_high_output_gets_(lo-hi)_times_twiddle
ntt32_butterfly_operand,1,3,1,v5,4,-1,-1,-1,-1,-1,-1,1,1,32,12,-1,lo,12,28,12,-1118,1936,-1,-1,-1,-1,-1,-1,low_operand_for_dif_butterfly
ntt32_butterfly_operand,1,3,3,v7,4,-1,-1,-1,-1,-1,-1,1,1,32,28,-1,hi,12,28,12,-1118,1936,-1,-1,-1,-1,-1,-1,dif_high_output_gets_(lo-hi)_times_twiddle
ntt32_butterfly_operand,1,3,1,v5,5,-1,-1,-1,-1,-1,-1,1,1,32,13,-1,lo,13,29,13,177,281,-1,-1,-1,-1,-1,-1,low_operand_for_dif_butterfly
ntt32_butterfly_operand,1,3,3,v7,5,-1,-1,-1,-1,-1,-1,1,1,32,29,-1,hi,13,29,13,177,281,-1,-1,-1,-1,-1,-1,dif_high_output_gets_(lo-hi)_times_twiddle
ntt32_butterfly_operand,1,3,1,v5,6,-1,-1,-1,-1,-1,-1,1,1,32,14,-1,lo,14,30,14,1181,39,-1,-1,-1,-1,-1,-1,low_operand_for_dif_butterfly
ntt32_butterfly_operand,1,3,3,v7,6,-1,-1,-1,-1,-1,-1,1,1,32,30,-1,hi,14,30,14,1181,39,-1,-1,-1,-1,-1,-1,dif_high_output_gets_(lo-hi)_times_twiddle
ntt32_butterfly_operand,1,3,1,v5,7,-1,-1,-1,-1,-1,-1,1,1,32,15,-1,lo,15,31,15,1591,436,-1,-1,-1,-1,-1,-1,low_operand_for_dif_butterfly
ntt32_butterfly_operand,1,3,3,v7,7,-1,-1,-1,-1,-1,-1,1,1,32,31,-1,hi,15,31,15,1591,436,-1,-1,-1,-1,-1,-1,dif_high_output_gets_(lo-hi)_times_twiddle
ntt32_butterfly_operand,1,3,0,v4,0,-1,-1,-1,-1,-1,-1,1,2,16,0,-1,lo,0,8,0,-147,1,-1,-1,-1,-1,-1,-1,low_operand_for_dif_butterfly
ntt32_butterfly_operand,1,3,1,v5,0,-1,-1,-1,-1,-1,-1,1,2,16,8,-1,hi,0,8,0,-147,1,-1,-1,-1,-1,-1,-1,dif_high_output_gets_(lo-hi)_times_twiddle
ntt32_butterfly_operand,1,3,0,v4,1,-1,-1,-1,-1,-1,-1,1,2,16,1,-1,lo,1,9,2,-794,2216,-1,-1,-1,-1,-1,-1,low_operand_for_dif_butterfly
ntt32_butterfly_operand,1,3,1,v5,1,-1,-1,-1,-1,-1,-1,1,2,16,9,-1,hi,1,9,2,-794,2216,-1,-1,-1,-1,-1,-1,dif_high_output_gets_(lo-hi)_times_twiddle
ntt32_butterfly_operand,1,3,0,v4,2,-1,-1,-1,-1,-1,-1,1,2,16,2,-1,lo,2,10,4,109,1716,-1,-1,-1,-1,-1,-1,low_operand_for_dif_butterfly
ntt32_butterfly_operand,1,3,1,v5,2,-1,-1,-1,-1,-1,-1,1,2,16,10,-1,hi,2,10,4,109,1716,-1,-1,-1,-1,-1,-1,dif_high_output_gets_(lo-hi)_times_twiddle
ntt32_butterfly_operand,1,3,0,v4,3,-1,-1,-1,-1,-1,-1,1,2,16,3,-1,lo,3,11,6,-446,3413,-1,-1,-1,-1,-1,-1,low_operand_for_dif_butterfly
ntt32_butterfly_operand,1,3,1,v5,3,-1,-1,-1,-1,-1,-1,1,2,16,11,-1,hi,3,11,6,-446,3413,-1,-1,-1,-1,-1,-1,dif_high_output_gets_(lo-hi)_times_twiddle
ntt32_butterfly_operand,1,3,0,v4,4,-1,-1,-1,-1,-1,-1,1,2,16,4,-1,lo,4,12,8,366,2749,-1,-1,-1,-1,-1,-1,low_operand_for_dif_butterfly
ntt32_butterfly_operand,1,3,1,v5,4,-1,-1,-1,-1,-1,-1,1,2,16,12,-1,hi,4,12,8,366,2749,-1,-1,-1,-1,-1,-1,dif_high_output_gets_(lo-hi)_times_twiddle
ntt32_butterfly_operand,1,3,0,v4,5,-1,-1,-1,-1,-1,-1,1,2,16,5,-1,lo,5,13,10,-1339,550,-1,-1,-1,-1,-1,-1,low_operand_for_dif_butterfly
ntt32_butterfly_operand,1,3,1,v5,5,-1,-1,-1,-1,-1,-1,1,2,16,13,-1,hi,5,13,10,-1339,550,-1,-1,-1,-1,-1,-1,dif_high_output_gets_(lo-hi)_times_twiddle
ntt32_butterfly_operand,1,3,0,v4,6,-1,-1,-1,-1,-1,-1,1,2,16,6,-1,lo,6,14,12,-1118,1936,-1,-1,-1,-1,-1,-1,low_operand_for_dif_butterfly
ntt32_butterfly_operand,1,3,1,v5,6,-1,-1,-1,-1,-1,-1,1,2,16,14,-1,hi,6,14,12,-1118,1936,-1,-1,-1,-1,-1,-1,dif_high_output_gets_(lo-hi)_times_twiddle
ntt32_butterfly_operand,1,3,0,v4,7,-1,-1,-1,-1,-1,-1,1,2,16,7,-1,lo,7,15,14,1181,39,-1,-1,-1,-1,-1,-1,low_operand_for_dif_butterfly
ntt32_butterfly_operand,1,3,1,v5,7,-1,-1,-1,-1,-1,-1,1,2,16,15,-1,hi,7,15,14,1181,39,-1,-1,-1,-1,-1,-1,dif_high_output_gets_(lo-hi)_times_twiddle
ntt32_butterfly_operand,1,3,2,v6,0,-1,-1,-1,-1,-1,-1,1,2,16,16,-1,lo,16,24,0,-147,1,-1,-1,-1,-1,-1,-1,low_operand_for_dif_butterfly
ntt32_butterfly_operand,1,3,3,v7,0,-1,-1,-1,-1,-1,-1,1,2,16,24,-1,hi,16,24,0,-147,1,-1,-1,-1,-1,-1,-1,dif_high_output_gets_(lo-hi)_times_twiddle
ntt32_butterfly_operand,1,3,2,v6,1,-1,-1,-1,-1,-1,-1,1,2,16,17,-1,lo,17,25,2,-794,2216,-1,-1,-1,-1,-1,-1,low_operand_for_dif_butterfly
ntt32_butterfly_operand,1,3,3,v7,1,-1,-1,-1,-1,-1,-1,1,2,16,25,-1,hi,17,25,2,-794,2216,-1,-1,-1,-1,-1,-1,dif_high_output_gets_(lo-hi)_times_twiddle
ntt32_butterfly_operand,1,3,2,v6,2,-1,-1,-1,-1,-1,-1,1,2,16,18,-1,lo,18,26,4,109,1716,-1,-1,-1,-1,-1,-1,low_operand_for_dif_butterfly
ntt32_butterfly_operand,1,3,3,v7,2,-1,-1,-1,-1,-1,-1,1,2,16,26,-1,hi,18,26,4,109,1716,-1,-1,-1,-1,-1,-1,dif_high_output_gets_(lo-hi)_times_twiddle
ntt32_butterfly_operand,1,3,2,v6,3,-1,-1,-1,-1,-1,-1,1,2,16,19,-1,lo,19,27,6,-446,3413,-1,-1,-1,-1,-1,-1,low_operand_for_dif_butterfly
ntt32_butterfly_operand,1,3,3,v7,3,-1,-1,-1,-1,-1,-1,1,2,16,27,-1,hi,19,27,6,-446,3413,-1,-1,-1,-1,-1,-1,dif_high_output_gets_(lo-hi)_times_twiddle
ntt32_butterfly_operand,1,3,2,v6,4,-1,-1,-1,-1,-1,-1,1,2,16,20,-1,lo,20,28,8,366,2749,-1,-1,-1,-1,-1,-1,low_operand_for_dif_butterfly
ntt32_butterfly_operand,1,3,3,v7,4,-1,-1,-1,-1,-1,-1,1,2,16,28,-1,hi,20,28,8,366,2749,-1,-1,-1,-1,-1,-1,dif_high_output_gets_(lo-hi)_times_twiddle
ntt32_butterfly_operand,1,3,2,v6,5,-1,-1,-1,-1,-1,-1,1,2,16,21,-1,lo,21,29,10,-1339,550,-1,-1,-1,-1,-1,-1,low_operand_for_dif_butterfly
ntt32_butterfly_operand,1,3,3,v7,5,-1,-1,-1,-1,-1,-1,1,2,16,29,-1,hi,21,29,10,-1339,550,-1,-1,-1,-1,-1,-1,dif_high_output_gets_(lo-hi)_times_twiddle
ntt32_butterfly_operand,1,3,2,v6,6,-1,-1,-1,-1,-1,-1,1,2,16,22,-1,lo,22,30,12,-1118,1936,-1,-1,-1,-1,-1,-1,low_operand_for_dif_butterfly
ntt32_butterfly_operand,1,3,3,v7,6,-1,-1,-1,-1,-1,-1,1,2,16,30,-1,hi,22,30,12,-1118,1936,-1,-1,-1,-1,-1,-1,dif_high_output_gets_(lo-hi)_times_twiddle
ntt32_butterfly_operand,1,3,2,v6,7,-1,-1,-1,-1,-1,-1,1,2,16,23,-1,lo,23,31,14,1181,39,-1,-1,-1,-1,-1,-1,low_operand_for_dif_butterfly
ntt32_butterfly_operand,1,3,3,v7,7,-1,-1,-1,-1,-1,-1,1,2,16,31,-1,hi,23,31,14,1181,39,-1,-1,-1,-1,-1,-1,dif_high_output_gets_(lo-hi)_times_twiddle
ntt32_butterfly_operand,1,3,0,v4,0,-1,-1,-1,-1,-1,-1,1,3,8,0,-1,lo,0,4,0,-147,1,-1,-1,-1,-1,-1,-1,low_operand_for_dif_butterfly
ntt32_butterfly_operand,1,3,0,v4,4,-1,-1,-1,-1,-1,-1,1,3,8,4,-1,hi,0,4,0,-147,1,-1,-1,-1,-1,-1,-1,dif_high_output_gets_(lo-hi)_times_twiddle
ntt32_butterfly_operand,1,3,0,v4,1,-1,-1,-1,-1,-1,-1,1,3,8,1,-1,lo,1,5,4,109,1716,-1,-1,-1,-1,-1,-1,low_operand_for_dif_butterfly
ntt32_butterfly_operand,1,3,0,v4,5,-1,-1,-1,-1,-1,-1,1,3,8,5,-1,hi,1,5,4,109,1716,-1,-1,-1,-1,-1,-1,dif_high_output_gets_(lo-hi)_times_twiddle
ntt32_butterfly_operand,1,3,0,v4,2,-1,-1,-1,-1,-1,-1,1,3,8,2,-1,lo,2,6,8,366,2749,-1,-1,-1,-1,-1,-1,low_operand_for_dif_butterfly
ntt32_butterfly_operand,1,3,0,v4,6,-1,-1,-1,-1,-1,-1,1,3,8,6,-1,hi,2,6,8,366,2749,-1,-1,-1,-1,-1,-1,dif_high_output_gets_(lo-hi)_times_twiddle
ntt32_butterfly_operand,1,3,0,v4,3,-1,-1,-1,-1,-1,-1,1,3,8,3,-1,lo,3,7,12,-1118,1936,-1,-1,-1,-1,-1,-1,low_operand_for_dif_butterfly
ntt32_butterfly_operand,1,3,0,v4,7,-1,-1,-1,-1,-1,-1,1,3,8,7,-1,hi,3,7,12,-1118,1936,-1,-1,-1,-1,-1,-1,dif_high_output_gets_(lo-hi)_times_twiddle
ntt32_butterfly_operand,1,3,1,v5,0,-1,-1,-1,-1,-1,-1,1,3,8,8,-1,lo,8,12,0,-147,1,-1,-1,-1,-1,-1,-1,low_operand_for_dif_butterfly
ntt32_butterfly_operand,1,3,1,v5,4,-1,-1,-1,-1,-1,-1,1,3,8,12,-1,hi,8,12,0,-147,1,-1,-1,-1,-1,-1,-1,dif_high_output_gets_(lo-hi)_times_twiddle
ntt32_butterfly_operand,1,3,1,v5,1,-1,-1,-1,-1,-1,-1,1,3,8,9,-1,lo,9,13,4,109,1716,-1,-1,-1,-1,-1,-1,low_operand_for_dif_butterfly
ntt32_butterfly_operand,1,3,1,v5,5,-1,-1,-1,-1,-1,-1,1,3,8,13,-1,hi,9,13,4,109,1716,-1,-1,-1,-1,-1,-1,dif_high_output_gets_(lo-hi)_times_twiddle
ntt32_butterfly_operand,1,3,1,v5,2,-1,-1,-1,-1,-1,-1,1,3,8,10,-1,lo,10,14,8,366,2749,-1,-1,-1,-1,-1,-1,low_operand_for_dif_butterfly
ntt32_butterfly_operand,1,3,1,v5,6,-1,-1,-1,-1,-1,-1,1,3,8,14,-1,hi,10,14,8,366,2749,-1,-1,-1,-1,-1,-1,dif_high_output_gets_(lo-hi)_times_twiddle
ntt32_butterfly_operand,1,3,1,v5,3,-1,-1,-1,-1,-1,-1,1,3,8,11,-1,lo,11,15,12,-1118,1936,-1,-1,-1,-1,-1,-1,low_operand_for_dif_butterfly
ntt32_butterfly_operand,1,3,1,v5,7,-1,-1,-1,-1,-1,-1,1,3,8,15,-1,hi,11,15,12,-1118,1936,-1,-1,-1,-1,-1,-1,dif_high_output_gets_(lo-hi)_times_twiddle
ntt32_butterfly_operand,1,3,2,v6,0,-1,-1,-1,-1,-1,-1,1,3,8,16,-1,lo,16,20,0,-147,1,-1,-1,-1,-1,-1,-1,low_operand_for_dif_butterfly
ntt32_butterfly_operand,1,3,2,v6,4,-1,-1,-1,-1,-1,-1,1,3,8,20,-1,hi,16,20,0,-147,1,-1,-1,-1,-1,-1,-1,dif_high_output_gets_(lo-hi)_times_twiddle
ntt32_butterfly_operand,1,3,2,v6,1,-1,-1,-1,-1,-1,-1,1,3,8,17,-1,lo,17,21,4,109,1716,-1,-1,-1,-1,-1,-1,low_operand_for_dif_butterfly
ntt32_butterfly_operand,1,3,2,v6,5,-1,-1,-1,-1,-1,-1,1,3,8,21,-1,hi,17,21,4,109,1716,-1,-1,-1,-1,-1,-1,dif_high_output_gets_(lo-hi)_times_twiddle
ntt32_butterfly_operand,1,3,2,v6,2,-1,-1,-1,-1,-1,-1,1,3,8,18,-1,lo,18,22,8,366,2749,-1,-1,-1,-1,-1,-1,low_operand_for_dif_butterfly
ntt32_butterfly_operand,1,3,2,v6,6,-1,-1,-1,-1,-1,-1,1,3,8,22,-1,hi,18,22,8,366,2749,-1,-1,-1,-1,-1,-1,dif_high_output_gets_(lo-hi)_times_twiddle
ntt32_butterfly_operand,1,3,2,v6,3,-1,-1,-1,-1,-1,-1,1,3,8,19,-1,lo,19,23,12,-1118,1936,-1,-1,-1,-1,-1,-1,low_operand_for_dif_butterfly
ntt32_butterfly_operand,1,3,2,v6,7,-1,-1,-1,-1,-1,-1,1,3,8,23,-1,hi,19,23,12,-1118,1936,-1,-1,-1,-1,-1,-1,dif_high_output_gets_(lo-hi)_times_twiddle
ntt32_butterfly_operand,1,3,3,v7,0,-1,-1,-1,-1,-1,-1,1,3,8,24,-1,lo,24,28,0,-147,1,-1,-1,-1,-1,-1,-1,low_operand_for_dif_butterfly
ntt32_butterfly_operand,1,3,3,v7,4,-1,-1,-1,-1,-1,-1,1,3,8,28,-1,hi,24,28,0,-147,1,-1,-1,-1,-1,-1,-1,dif_high_output_gets_(lo-hi)_times_twiddle
ntt32_butterfly_operand,1,3,3,v7,1,-1,-1,-1,-1,-1,-1,1,3,8,25,-1,lo,25,29,4,109,1716,-1,-1,-1,-1,-1,-1,low_operand_for_dif_butterfly
ntt32_butterfly_operand,1,3,3,v7,5,-1,-1,-1,-1,-1,-1,1,3,8,29,-1,hi,25,29,4,109,1716,-1,-1,-1,-1,-1,-1,dif_high_output_gets_(lo-hi)_times_twiddle
ntt32_butterfly_operand,1,3,3,v7,2,-1,-1,-1,-1,-1,-1,1,3,8,26,-1,lo,26,30,8,366,2749,-1,-1,-1,-1,-1,-1,low_operand_for_dif_butterfly
ntt32_butterfly_operand,1,3,3,v7,6,-1,-1,-1,-1,-1,-1,1,3,8,30,-1,hi,26,30,8,366,2749,-1,-1,-1,-1,-1,-1,dif_high_output_gets_(lo-hi)_times_twiddle
ntt32_butterfly_operand,1,3,3,v7,3,-1,-1,-1,-1,-1,-1,1,3,8,27,-1,lo,27,31,12,-1118,1936,-1,-1,-1,-1,-1,-1,low_operand_for_dif_butterfly
ntt32_butterfly_operand,1,3,3,v7,7,-1,-1,-1,-1,-1,-1,1,3,8,31,-1,hi,27,31,12,-1118,1936,-1,-1,-1,-1,-1,-1,dif_high_output_gets_(lo-hi)_times_twiddle
ntt32_butterfly_operand,1,3,0,v4,0,-1,-1,-1,-1,-1,-1,1,4,4,0,-1,lo,0,2,0,-147,1,-1,-1,-1,-1,-1,-1,low_operand_for_dif_butterfly
ntt32_butterfly_operand,1,3,0,v4,2,-1,-1,-1,-1,-1,-1,1,4,4,2,-1,hi,0,2,0,-147,1,-1,-1,-1,-1,-1,-1,dif_high_output_gets_(lo-hi)_times_twiddle
ntt32_butterfly_operand,1,3,0,v4,1,-1,-1,-1,-1,-1,-1,1,4,4,1,-1,lo,1,3,8,366,2749,-1,-1,-1,-1,-1,-1,low_operand_for_dif_butterfly
ntt32_butterfly_operand,1,3,0,v4,3,-1,-1,-1,-1,-1,-1,1,4,4,3,-1,hi,1,3,8,366,2749,-1,-1,-1,-1,-1,-1,dif_high_output_gets_(lo-hi)_times_twiddle
ntt32_butterfly_operand,1,3,0,v4,4,-1,-1,-1,-1,-1,-1,1,4,4,4,-1,lo,4,6,0,-147,1,-1,-1,-1,-1,-1,-1,low_operand_for_dif_butterfly
ntt32_butterfly_operand,1,3,0,v4,6,-1,-1,-1,-1,-1,-1,1,4,4,6,-1,hi,4,6,0,-147,1,-1,-1,-1,-1,-1,-1,dif_high_output_gets_(lo-hi)_times_twiddle
ntt32_butterfly_operand,1,3,0,v4,5,-1,-1,-1,-1,-1,-1,1,4,4,5,-1,lo,5,7,8,366,2749,-1,-1,-1,-1,-1,-1,low_operand_for_dif_butterfly
ntt32_butterfly_operand,1,3,0,v4,7,-1,-1,-1,-1,-1,-1,1,4,4,7,-1,hi,5,7,8,366,2749,-1,-1,-1,-1,-1,-1,dif_high_output_gets_(lo-hi)_times_twiddle
ntt32_butterfly_operand,1,3,1,v5,0,-1,-1,-1,-1,-1,-1,1,4,4,8,-1,lo,8,10,0,-147,1,-1,-1,-1,-1,-1,-1,low_operand_for_dif_butterfly
ntt32_butterfly_operand,1,3,1,v5,2,-1,-1,-1,-1,-1,-1,1,4,4,10,-1,hi,8,10,0,-147,1,-1,-1,-1,-1,-1,-1,dif_high_output_gets_(lo-hi)_times_twiddle
ntt32_butterfly_operand,1,3,1,v5,1,-1,-1,-1,-1,-1,-1,1,4,4,9,-1,lo,9,11,8,366,2749,-1,-1,-1,-1,-1,-1,low_operand_for_dif_butterfly
ntt32_butterfly_operand,1,3,1,v5,3,-1,-1,-1,-1,-1,-1,1,4,4,11,-1,hi,9,11,8,366,2749,-1,-1,-1,-1,-1,-1,dif_high_output_gets_(lo-hi)_times_twiddle
ntt32_butterfly_operand,1,3,1,v5,4,-1,-1,-1,-1,-1,-1,1,4,4,12,-1,lo,12,14,0,-147,1,-1,-1,-1,-1,-1,-1,low_operand_for_dif_butterfly
ntt32_butterfly_operand,1,3,1,v5,6,-1,-1,-1,-1,-1,-1,1,4,4,14,-1,hi,12,14,0,-147,1,-1,-1,-1,-1,-1,-1,dif_high_output_gets_(lo-hi)_times_twiddle
ntt32_butterfly_operand,1,3,1,v5,5,-1,-1,-1,-1,-1,-1,1,4,4,13,-1,lo,13,15,8,366,2749,-1,-1,-1,-1,-1,-1,low_operand_for_dif_butterfly
ntt32_butterfly_operand,1,3,1,v5,7,-1,-1,-1,-1,-1,-1,1,4,4,15,-1,hi,13,15,8,366,2749,-1,-1,-1,-1,-1,-1,dif_high_output_gets_(lo-hi)_times_twiddle
ntt32_butterfly_operand,1,3,2,v6,0,-1,-1,-1,-1,-1,-1,1,4,4,16,-1,lo,16,18,0,-147,1,-1,-1,-1,-1,-1,-1,low_operand_for_dif_butterfly
ntt32_butterfly_operand,1,3,2,v6,2,-1,-1,-1,-1,-1,-1,1,4,4,18,-1,hi,16,18,0,-147,1,-1,-1,-1,-1,-1,-1,dif_high_output_gets_(lo-hi)_times_twiddle
ntt32_butterfly_operand,1,3,2,v6,1,-1,-1,-1,-1,-1,-1,1,4,4,17,-1,lo,17,19,8,366,2749,-1,-1,-1,-1,-1,-1,low_operand_for_dif_butterfly
ntt32_butterfly_operand,1,3,2,v6,3,-1,-1,-1,-1,-1,-1,1,4,4,19,-1,hi,17,19,8,366,2749,-1,-1,-1,-1,-1,-1,dif_high_output_gets_(lo-hi)_times_twiddle
ntt32_butterfly_operand,1,3,2,v6,4,-1,-1,-1,-1,-1,-1,1,4,4,20,-1,lo,20,22,0,-147,1,-1,-1,-1,-1,-1,-1,low_operand_for_dif_butterfly
ntt32_butterfly_operand,1,3,2,v6,6,-1,-1,-1,-1,-1,-1,1,4,4,22,-1,hi,20,22,0,-147,1,-1,-1,-1,-1,-1,-1,dif_high_output_gets_(lo-hi)_times_twiddle
ntt32_butterfly_operand,1,3,2,v6,5,-1,-1,-1,-1,-1,-1,1,4,4,21,-1,lo,21,23,8,366,2749,-1,-1,-1,-1,-1,-1,low_operand_for_dif_butterfly
ntt32_butterfly_operand,1,3,2,v6,7,-1,-1,-1,-1,-1,-1,1,4,4,23,-1,hi,21,23,8,366,2749,-1,-1,-1,-1,-1,-1,dif_high_output_gets_(lo-hi)_times_twiddle
ntt32_butterfly_operand,1,3,3,v7,0,-1,-1,-1,-1,-1,-1,1,4,4,24,-1,lo,24,26,0,-147,1,-1,-1,-1,-1,-1,-1,low_operand_for_dif_butterfly
ntt32_butterfly_operand,1,3,3,v7,2,-1,-1,-1,-1,-1,-1,1,4,4,26,-1,hi,24,26,0,-147,1,-1,-1,-1,-1,-1,-1,dif_high_output_gets_(lo-hi)_times_twiddle
ntt32_butterfly_operand,1,3,3,v7,1,-1,-1,-1,-1,-1,-1,1,4,4,25,-1,lo,25,27,8,366,2749,-1,-1,-1,-1,-1,-1,low_operand_for_dif_butterfly
ntt32_butterfly_operand,1,3,3,v7,3,-1,-1,-1,-1,-1,-1,1,4,4,27,-1,hi,25,27,8,366,2749,-1,-1,-1,-1,-1,-1,dif_high_output_gets_(lo-hi)_times_twiddle
ntt32_butterfly_operand,1,3,3,v7,4,-1,-1,-1,-1,-1,-1,1,4,4,28,-1,lo,28,30,0,-147,1,-1,-1,-1,-1,-1,-1,low_operand_for_dif_butterfly
ntt32_butterfly_operand,1,3,3,v7,6,-1,-1,-1,-1,-1,-1,1,4,4,30,-1,hi,28,30,0,-147,1,-1,-1,-1,-1,-1,-1,dif_high_output_gets_(lo-hi)_times_twiddle
ntt32_butterfly_operand,1,3,3,v7,5,-1,-1,-1,-1,-1,-1,1,4,4,29,-1,lo,29,31,8,366,2749,-1,-1,-1,-1,-1,-1,low_operand_for_dif_butterfly
ntt32_butterfly_operand,1,3,3,v7,7,-1,-1,-1,-1,-1,-1,1,4,4,31,-1,hi,29,31,8,366,2749,-1,-1,-1,-1,-1,-1,dif_high_output_gets_(lo-hi)_times_twiddle
ntt32_initial_natural_pack,1,3,0,v4,0,-1,-1,-1,-1,-1,0,2,0,32,0,0,state,-1,-1,0,-147,1,387,643,515,0,64,32,natural_input_for_incomplete_dif_ntt32_pre_len2_output
ntt32_initial_natural_pack,1,3,0,v4,1,-1,-1,-1,-1,-1,1,2,0,32,1,1,state,-1,-1,0,-147,1,519,391,647,33,1,65,natural_input_for_incomplete_dif_ntt32_pre_len2_output
ntt32_initial_natural_pack,1,3,0,v4,2,-1,-1,-1,-1,-1,2,2,0,32,2,2,state,-1,-1,0,-147,1,651,523,395,66,34,2,natural_input_for_incomplete_dif_ntt32_pre_len2_output
ntt32_initial_natural_pack,1,3,0,v4,3,-1,-1,-1,-1,-1,3,2,0,32,3,3,state,-1,-1,0,-147,1,399,655,527,3,67,35,natural_input_for_incomplete_dif_ntt32_pre_len2_output
ntt32_initial_natural_pack,1,3,0,v4,4,-1,-1,-1,-1,-1,4,2,0,32,4,4,state,-1,-1,0,-147,1,531,403,659,36,4,68,natural_input_for_incomplete_dif_ntt32_pre_len2_output
ntt32_initial_natural_pack,1,3,0,v4,5,-1,-1,-1,-1,-1,5,2,0,32,5,5,state,-1,-1,0,-147,1,663,535,407,69,37,5,natural_input_for_incomplete_dif_ntt32_pre_len2_output
ntt32_initial_natural_pack,1,3,0,v4,6,-1,-1,-1,-1,-1,6,2,0,32,6,6,state,-1,-1,0,-147,1,411,667,539,6,70,38,natural_input_for_incomplete_dif_ntt32_pre_len2_output
ntt32_initial_natural_pack,1,3,0,v4,7,-1,-1,-1,-1,-1,7,2,0,32,7,7,state,-1,-1,0,-147,1,543,415,671,39,7,71,natural_input_for_incomplete_dif_ntt32_pre_len2_output
ntt32_initial_natural_pack,1,3,1,v5,0,-1,-1,-1,-1,-1,8,2,0,32,8,8,state,-1,-1,0,-147,1,675,547,419,72,40,8,natural_input_for_incomplete_dif_ntt32_pre_len2_output
ntt32_initial_natural_pack,1,3,1,v5,1,-1,-1,-1,-1,-1,9,2,0,32,9,9,state,-1,-1,0,-147,1,423,679,551,9,73,41,natural_input_for_incomplete_dif_ntt32_pre_len2_output
ntt32_initial_natural_pack,1,3,1,v5,2,-1,-1,-1,-1,-1,10,2,0,32,10,10,state,-1,-1,0,-147,1,555,427,683,42,10,74,natural_input_for_incomplete_dif_ntt32_pre_len2_output
ntt32_initial_natural_pack,1,3,1,v5,3,-1,-1,-1,-1,-1,11,2,0,32,11,11,state,-1,-1,0,-147,1,687,559,431,75,43,11,natural_input_for_incomplete_dif_ntt32_pre_len2_output
ntt32_initial_natural_pack,1,3,1,v5,4,-1,-1,-1,-1,-1,12,2,0,32,12,12,state,-1,-1,0,-147,1,435,691,563,12,76,44,natural_input_for_incomplete_dif_ntt32_pre_len2_output
ntt32_initial_natural_pack,1,3,1,v5,5,-1,-1,-1,-1,-1,13,2,0,32,13,13,state,-1,-1,0,-147,1,567,439,695,45,13,77,natural_input_for_incomplete_dif_ntt32_pre_len2_output
ntt32_initial_natural_pack,1,3,1,v5,6,-1,-1,-1,-1,-1,14,2,0,32,14,14,state,-1,-1,0,-147,1,699,571,443,78,46,14,natural_input_for_incomplete_dif_ntt32_pre_len2_output
ntt32_initial_natural_pack,1,3,1,v5,7,-1,-1,-1,-1,-1,15,2,0,32,15,15,state,-1,-1,0,-147,1,447,703,575,15,79,47,natural_input_for_incomplete_dif_ntt32_pre_len2_output
ntt32_initial_natural_pack,1,3,2,v6,0,-1,-1,-1,-1,-1,16,2,0,32,16,16,state,-1,-1,0,-147,1,579,451,707,48,16,80,natural_input_for_incomplete_dif_ntt32_pre_len2_output
ntt32_initial_natural_pack,1,3,2,v6,1,-1,-1,-1,-1,-1,17,2,0,32,17,17,state,-1,-1,0,-147,1,711,583,455,81,49,17,natural_input_for_incomplete_dif_ntt32_pre_len2_output
ntt32_initial_natural_pack,1,3,2,v6,2,-1,-1,-1,-1,-1,18,2,0,32,18,18,state,-1,-1,0,-147,1,459,715,587,18,82,50,natural_input_for_incomplete_dif_ntt32_pre_len2_output
ntt32_initial_natural_pack,1,3,2,v6,3,-1,-1,-1,-1,-1,19,2,0,32,19,19,state,-1,-1,0,-147,1,591,463,719,51,19,83,natural_input_for_incomplete_dif_ntt32_pre_len2_output
ntt32_initial_natural_pack,1,3,2,v6,4,-1,-1,-1,-1,-1,20,2,0,32,20,20,state,-1,-1,0,-147,1,723,595,467,84,52,20,natural_input_for_incomplete_dif_ntt32_pre_len2_output
ntt32_initial_natural_pack,1,3,2,v6,5,-1,-1,-1,-1,-1,21,2,0,32,21,21,state,-1,-1,0,-147,1,471,727,599,21,85,53,natural_input_for_incomplete_dif_ntt32_pre_len2_output
ntt32_initial_natural_pack,1,3,2,v6,6,-1,-1,-1,-1,-1,22,2,0,32,22,22,state,-1,-1,0,-147,1,603,475,731,54,22,86,natural_input_for_incomplete_dif_ntt32_pre_len2_output
ntt32_initial_natural_pack,1,3,2,v6,7,-1,-1,-1,-1,-1,23,2,0,32,23,23,state,-1,-1,0,-147,1,735,607,479,87,55,23,natural_input_for_incomplete_dif_ntt32_pre_len2_output
ntt32_initial_natural_pack,1,3,3,v7,0,-1,-1,-1,-1,-1,24,2,0,32,24,24,state,-1,-1,0,-147,1,483,739,611,24,88,56,natural_input_for_incomplete_dif_ntt32_pre_len2_output
ntt32_initial_natural_pack,1,3,3,v7,1,-1,-1,-1,-1,-1,25,2,0,32,25,25,state,-1,-1,0,-147,1,615,487,743,57,25,89,natural_input_for_incomplete_dif_ntt32_pre_len2_output
ntt32_initial_natural_pack,1,3,3,v7,2,-1,-1,-1,-1,-1,26,2,0,32,26,26,state,-1,-1,0,-147,1,747,619,491,90,58,26,natural_input_for_incomplete_dif_ntt32_pre_len2_output
ntt32_initial_natural_pack,1,3,3,v7,3,-1,-1,-1,-1,-1,27,2,0,32,27,27,state,-1,-1,0,-147,1,495,751,623,27,91,59,natural_input_for_incomplete_dif_ntt32_pre_len2_output
ntt32_initial_natural_pack,1,3,3,v7,4,-1,-1,-1,-1,-1,28,2,0,32,28,28,state,-1,-1,0,-147,1,627,499,755,60,28,92,natural_input_for_incomplete_dif_ntt32_pre_len2_output
ntt32_initial_natural_pack,1,3,3,v7,5,-1,-1,-1,-1,-1,29,2,0,32,29,29,state,-1,-1,0,-147,1,759,631,503,93,61,29,natural_input_for_incomplete_dif_ntt32_pre_len2_output
ntt32_initial_natural_pack,1,3,3,v7,6,-1,-1,-1,-1,-1,30,2,0,32,30,30,state,-1,-1,0,-147,1,507,763,635,30,94,62,natural_input_for_incomplete_dif_ntt32_pre_len2_output
ntt32_initial_natural_pack,1,3,3,v7,7,-1,-1,-1,-1,-1,31,2,0,32,31,31,state,-1,-1,0,-147,1,639,511,767,63,31,95,natural_input_for_incomplete_dif_ntt32_pre_len2_output
ntt32_butterfly_operand,1,3,0,v4,0,-1,-1,-1,-1,-1,-1,2,1,32,0,-1,lo,0,16,0,-147,1,-1,-1,-1,-1,-1,-1,low_operand_for_dif_butterfly
ntt32_butterfly_operand,1,3,2,v6,0,-1,-1,-1,-1,-1,-1,2,1,32,16,-1,hi,0,16,0,-147,1,-1,-1,-1,-1,-1,-1,dif_high_output_gets_(lo-hi)_times_twiddle
ntt32_butterfly_operand,1,3,0,v4,1,-1,-1,-1,-1,-1,-1,2,1,32,1,-1,lo,1,17,1,484,1784,-1,-1,-1,-1,-1,-1,low_operand_for_dif_butterfly
ntt32_butterfly_operand,1,3,2,v6,1,-1,-1,-1,-1,-1,-1,2,1,32,17,-1,hi,1,17,1,484,1784,-1,-1,-1,-1,-1,-1,dif_high_output_gets_(lo-hi)_times_twiddle
ntt32_butterfly_operand,1,3,0,v4,2,-1,-1,-1,-1,-1,-1,2,1,32,2,-1,lo,2,18,2,-794,2216,-1,-1,-1,-1,-1,-1,low_operand_for_dif_butterfly
ntt32_butterfly_operand,1,3,2,v6,2,-1,-1,-1,-1,-1,-1,2,1,32,18,-1,hi,2,18,2,-794,2216,-1,-1,-1,-1,-1,-1,dif_high_output_gets_(lo-hi)_times_twiddle
ntt32_butterfly_operand,1,3,0,v4,3,-1,-1,-1,-1,-1,-1,2,1,32,3,-1,lo,3,19,3,874,1993,-1,-1,-1,-1,-1,-1,low_operand_for_dif_butterfly
ntt32_butterfly_operand,1,3,2,v6,3,-1,-1,-1,-1,-1,-1,2,1,32,19,-1,hi,3,19,3,874,1993,-1,-1,-1,-1,-1,-1,dif_high_output_gets_(lo-hi)_times_twiddle
ntt32_butterfly_operand,1,3,0,v4,4,-1,-1,-1,-1,-1,-1,2,1,32,4,-1,lo,4,20,4,109,1716,-1,-1,-1,-1,-1,-1,low_operand_for_dif_butterfly
ntt32_butterfly_operand,1,3,2,v6,4,-1,-1,-1,-1,-1,-1,2,1,32,20,-1,hi,4,20,4,109,1716,-1,-1,-1,-1,-1,-1,dif_high_output_gets_(lo-hi)_times_twiddle
ntt32_butterfly_operand,1,3,0,v4,5,-1,-1,-1,-1,-1,-1,2,1,32,5,-1,lo,5,21,5,864,1899,-1,-1,-1,-1,-1,-1,low_operand_for_dif_butterfly
ntt32_butterfly_operand,1,3,2,v6,5,-1,-1,-1,-1,-1,-1,2,1,32,21,-1,hi,5,21,5,864,1899,-1,-1,-1,-1,-1,-1,dif_high_output_gets_(lo-hi)_times_twiddle
ntt32_butterfly_operand,1,3,0,v4,6,-1,-1,-1,-1,-1,-1,2,1,32,6,-1,lo,6,22,6,-446,3413,-1,-1,-1,-1,-1,-1,low_operand_for_dif_butterfly
ntt32_butterfly_operand,1,3,2,v6,6,-1,-1,-1,-1,-1,-1,2,1,32,22,-1,hi,6,22,6,-446,3413,-1,-1,-1,-1,-1,-1,dif_high_output_gets_(lo-hi)_times_twiddle
ntt32_butterfly_operand,1,3,0,v4,7,-1,-1,-1,-1,-1,-1,2,1,32,7,-1,lo,7,23,7,-554,1015,-1,-1,-1,-1,-1,-1,low_operand_for_dif_butterfly
ntt32_butterfly_operand,1,3,2,v6,7,-1,-1,-1,-1,-1,-1,2,1,32,23,-1,hi,7,23,7,-554,1015,-1,-1,-1,-1,-1,-1,dif_high_output_gets_(lo-hi)_times_twiddle
ntt32_butterfly_operand,1,3,1,v5,0,-1,-1,-1,-1,-1,-1,2,1,32,8,-1,lo,8,24,8,366,2749,-1,-1,-1,-1,-1,-1,low_operand_for_dif_butterfly
ntt32_butterfly_operand,1,3,3,v7,0,-1,-1,-1,-1,-1,-1,2,1,32,24,-1,hi,8,24,8,366,2749,-1,-1,-1,-1,-1,-1,dif_high_output_gets_(lo-hi)_times_twiddle
ntt32_butterfly_operand,1,3,1,v5,1,-1,-1,-1,-1,-1,-1,2,1,32,9,-1,lo,9,25,9,-429,2190,-1,-1,-1,-1,-1,-1,low_operand_for_dif_butterfly
ntt32_butterfly_operand,1,3,3,v7,1,-1,-1,-1,-1,-1,-1,2,1,32,25,-1,hi,9,25,9,-429,2190,-1,-1,-1,-1,-1,-1,dif_high_output_gets_(lo-hi)_times_twiddle
ntt32_butterfly_operand,1,3,1,v5,2,-1,-1,-1,-1,-1,-1,2,1,32,10,-1,lo,10,26,10,-1339,550,-1,-1,-1,-1,-1,-1,low_operand_for_dif_butterfly
ntt32_butterfly_operand,1,3,3,v7,2,-1,-1,-1,-1,-1,-1,2,1,32,26,-1,hi,10,26,10,-1339,550,-1,-1,-1,-1,-1,-1,dif_high_output_gets_(lo-hi)_times_twiddle
ntt32_butterfly_operand,1,3,1,v5,3,-1,-1,-1,-1,-1,-1,2,1,32,11,-1,lo,11,27,11,11,2869,-1,-1,-1,-1,-1,-1,low_operand_for_dif_butterfly
ntt32_butterfly_operand,1,3,3,v7,3,-1,-1,-1,-1,-1,-1,2,1,32,27,-1,hi,11,27,11,11,2869,-1,-1,-1,-1,-1,-1,dif_high_output_gets_(lo-hi)_times_twiddle
ntt32_butterfly_operand,1,3,1,v5,4,-1,-1,-1,-1,-1,-1,2,1,32,12,-1,lo,12,28,12,-1118,1936,-1,-1,-1,-1,-1,-1,low_operand_for_dif_butterfly
ntt32_butterfly_operand,1,3,3,v7,4,-1,-1,-1,-1,-1,-1,2,1,32,28,-1,hi,12,28,12,-1118,1936,-1,-1,-1,-1,-1,-1,dif_high_output_gets_(lo-hi)_times_twiddle
ntt32_butterfly_operand,1,3,1,v5,5,-1,-1,-1,-1,-1,-1,2,1,32,13,-1,lo,13,29,13,177,281,-1,-1,-1,-1,-1,-1,low_operand_for_dif_butterfly
ntt32_butterfly_operand,1,3,3,v7,5,-1,-1,-1,-1,-1,-1,2,1,32,29,-1,hi,13,29,13,177,281,-1,-1,-1,-1,-1,-1,dif_high_output_gets_(lo-hi)_times_twiddle
ntt32_butterfly_operand,1,3,1,v5,6,-1,-1,-1,-1,-1,-1,2,1,32,14,-1,lo,14,30,14,1181,39,-1,-1,-1,-1,-1,-1,low_operand_for_dif_butterfly
ntt32_butterfly_operand,1,3,3,v7,6,-1,-1,-1,-1,-1,-1,2,1,32,30,-1,hi,14,30,14,1181,39,-1,-1,-1,-1,-1,-1,dif_high_output_gets_(lo-hi)_times_twiddle
ntt32_butterfly_operand,1,3,1,v5,7,-1,-1,-1,-1,-1,-1,2,1,32,15,-1,lo,15,31,15,1591,436,-1,-1,-1,-1,-1,-1,low_operand_for_dif_butterfly
ntt32_butterfly_operand,1,3,3,v7,7,-1,-1,-1,-1,-1,-1,2,1,32,31,-1,hi,15,31,15,1591,436,-1,-1,-1,-1,-1,-1,dif_high_output_gets_(lo-hi)_times_twiddle
ntt32_butterfly_operand,1,3,0,v4,0,-1,-1,-1,-1,-1,-1,2,2,16,0,-1,lo,0,8,0,-147,1,-1,-1,-1,-1,-1,-1,low_operand_for_dif_butterfly
ntt32_butterfly_operand,1,3,1,v5,0,-1,-1,-1,-1,-1,-1,2,2,16,8,-1,hi,0,8,0,-147,1,-1,-1,-1,-1,-1,-1,dif_high_output_gets_(lo-hi)_times_twiddle
ntt32_butterfly_operand,1,3,0,v4,1,-1,-1,-1,-1,-1,-1,2,2,16,1,-1,lo,1,9,2,-794,2216,-1,-1,-1,-1,-1,-1,low_operand_for_dif_butterfly
ntt32_butterfly_operand,1,3,1,v5,1,-1,-1,-1,-1,-1,-1,2,2,16,9,-1,hi,1,9,2,-794,2216,-1,-1,-1,-1,-1,-1,dif_high_output_gets_(lo-hi)_times_twiddle
ntt32_butterfly_operand,1,3,0,v4,2,-1,-1,-1,-1,-1,-1,2,2,16,2,-1,lo,2,10,4,109,1716,-1,-1,-1,-1,-1,-1,low_operand_for_dif_butterfly
ntt32_butterfly_operand,1,3,1,v5,2,-1,-1,-1,-1,-1,-1,2,2,16,10,-1,hi,2,10,4,109,1716,-1,-1,-1,-1,-1,-1,dif_high_output_gets_(lo-hi)_times_twiddle
ntt32_butterfly_operand,1,3,0,v4,3,-1,-1,-1,-1,-1,-1,2,2,16,3,-1,lo,3,11,6,-446,3413,-1,-1,-1,-1,-1,-1,low_operand_for_dif_butterfly
ntt32_butterfly_operand,1,3,1,v5,3,-1,-1,-1,-1,-1,-1,2,2,16,11,-1,hi,3,11,6,-446,3413,-1,-1,-1,-1,-1,-1,dif_high_output_gets_(lo-hi)_times_twiddle
ntt32_butterfly_operand,1,3,0,v4,4,-1,-1,-1,-1,-1,-1,2,2,16,4,-1,lo,4,12,8,366,2749,-1,-1,-1,-1,-1,-1,low_operand_for_dif_butterfly
ntt32_butterfly_operand,1,3,1,v5,4,-1,-1,-1,-1,-1,-1,2,2,16,12,-1,hi,4,12,8,366,2749,-1,-1,-1,-1,-1,-1,dif_high_output_gets_(lo-hi)_times_twiddle
ntt32_butterfly_operand,1,3,0,v4,5,-1,-1,-1,-1,-1,-1,2,2,16,5,-1,lo,5,13,10,-1339,550,-1,-1,-1,-1,-1,-1,low_operand_for_dif_butterfly
ntt32_butterfly_operand,1,3,1,v5,5,-1,-1,-1,-1,-1,-1,2,2,16,13,-1,hi,5,13,10,-1339,550,-1,-1,-1,-1,-1,-1,dif_high_output_gets_(lo-hi)_times_twiddle
ntt32_butterfly_operand,1,3,0,v4,6,-1,-1,-1,-1,-1,-1,2,2,16,6,-1,lo,6,14,12,-1118,1936,-1,-1,-1,-1,-1,-1,low_operand_for_dif_butterfly
ntt32_butterfly_operand,1,3,1,v5,6,-1,-1,-1,-1,-1,-1,2,2,16,14,-1,hi,6,14,12,-1118,1936,-1,-1,-1,-1,-1,-1,dif_high_output_gets_(lo-hi)_times_twiddle
ntt32_butterfly_operand,1,3,0,v4,7,-1,-1,-1,-1,-1,-1,2,2,16,7,-1,lo,7,15,14,1181,39,-1,-1,-1,-1,-1,-1,low_operand_for_dif_butterfly
ntt32_butterfly_operand,1,3,1,v5,7,-1,-1,-1,-1,-1,-1,2,2,16,15,-1,hi,7,15,14,1181,39,-1,-1,-1,-1,-1,-1,dif_high_output_gets_(lo-hi)_times_twiddle
ntt32_butterfly_operand,1,3,2,v6,0,-1,-1,-1,-1,-1,-1,2,2,16,16,-1,lo,16,24,0,-147,1,-1,-1,-1,-1,-1,-1,low_operand_for_dif_butterfly
ntt32_butterfly_operand,1,3,3,v7,0,-1,-1,-1,-1,-1,-1,2,2,16,24,-1,hi,16,24,0,-147,1,-1,-1,-1,-1,-1,-1,dif_high_output_gets_(lo-hi)_times_twiddle
ntt32_butterfly_operand,1,3,2,v6,1,-1,-1,-1,-1,-1,-1,2,2,16,17,-1,lo,17,25,2,-794,2216,-1,-1,-1,-1,-1,-1,low_operand_for_dif_butterfly
ntt32_butterfly_operand,1,3,3,v7,1,-1,-1,-1,-1,-1,-1,2,2,16,25,-1,hi,17,25,2,-794,2216,-1,-1,-1,-1,-1,-1,dif_high_output_gets_(lo-hi)_times_twiddle
ntt32_butterfly_operand,1,3,2,v6,2,-1,-1,-1,-1,-1,-1,2,2,16,18,-1,lo,18,26,4,109,1716,-1,-1,-1,-1,-1,-1,low_operand_for_dif_butterfly
ntt32_butterfly_operand,1,3,3,v7,2,-1,-1,-1,-1,-1,-1,2,2,16,26,-1,hi,18,26,4,109,1716,-1,-1,-1,-1,-1,-1,dif_high_output_gets_(lo-hi)_times_twiddle
ntt32_butterfly_operand,1,3,2,v6,3,-1,-1,-1,-1,-1,-1,2,2,16,19,-1,lo,19,27,6,-446,3413,-1,-1,-1,-1,-1,-1,low_operand_for_dif_butterfly
ntt32_butterfly_operand,1,3,3,v7,3,-1,-1,-1,-1,-1,-1,2,2,16,27,-1,hi,19,27,6,-446,3413,-1,-1,-1,-1,-1,-1,dif_high_output_gets_(lo-hi)_times_twiddle
ntt32_butterfly_operand,1,3,2,v6,4,-1,-1,-1,-1,-1,-1,2,2,16,20,-1,lo,20,28,8,366,2749,-1,-1,-1,-1,-1,-1,low_operand_for_dif_butterfly
ntt32_butterfly_operand,1,3,3,v7,4,-1,-1,-1,-1,-1,-1,2,2,16,28,-1,hi,20,28,8,366,2749,-1,-1,-1,-1,-1,-1,dif_high_output_gets_(lo-hi)_times_twiddle
ntt32_butterfly_operand,1,3,2,v6,5,-1,-1,-1,-1,-1,-1,2,2,16,21,-1,lo,21,29,10,-1339,550,-1,-1,-1,-1,-1,-1,low_operand_for_dif_butterfly
ntt32_butterfly_operand,1,3,3,v7,5,-1,-1,-1,-1,-1,-1,2,2,16,29,-1,hi,21,29,10,-1339,550,-1,-1,-1,-1,-1,-1,dif_high_output_gets_(lo-hi)_times_twiddle
ntt32_butterfly_operand,1,3,2,v6,6,-1,-1,-1,-1,-1,-1,2,2,16,22,-1,lo,22,30,12,-1118,1936,-1,-1,-1,-1,-1,-1,low_operand_for_dif_butterfly
ntt32_butterfly_operand,1,3,3,v7,6,-1,-1,-1,-1,-1,-1,2,2,16,30,-1,hi,22,30,12,-1118,1936,-1,-1,-1,-1,-1,-1,dif_high_output_gets_(lo-hi)_times_twiddle
ntt32_butterfly_operand,1,3,2,v6,7,-1,-1,-1,-1,-1,-1,2,2,16,23,-1,lo,23,31,14,1181,39,-1,-1,-1,-1,-1,-1,low_operand_for_dif_butterfly
ntt32_butterfly_operand,1,3,3,v7,7,-1,-1,-1,-1,-1,-1,2,2,16,31,-1,hi,23,31,14,1181,39,-1,-1,-1,-1,-1,-1,dif_high_output_gets_(lo-hi)_times_twiddle
ntt32_butterfly_operand,1,3,0,v4,0,-1,-1,-1,-1,-1,-1,2,3,8,0,-1,lo,0,4,0,-147,1,-1,-1,-1,-1,-1,-1,low_operand_for_dif_butterfly
ntt32_butterfly_operand,1,3,0,v4,4,-1,-1,-1,-1,-1,-1,2,3,8,4,-1,hi,0,4,0,-147,1,-1,-1,-1,-1,-1,-1,dif_high_output_gets_(lo-hi)_times_twiddle
ntt32_butterfly_operand,1,3,0,v4,1,-1,-1,-1,-1,-1,-1,2,3,8,1,-1,lo,1,5,4,109,1716,-1,-1,-1,-1,-1,-1,low_operand_for_dif_butterfly
ntt32_butterfly_operand,1,3,0,v4,5,-1,-1,-1,-1,-1,-1,2,3,8,5,-1,hi,1,5,4,109,1716,-1,-1,-1,-1,-1,-1,dif_high_output_gets_(lo-hi)_times_twiddle
ntt32_butterfly_operand,1,3,0,v4,2,-1,-1,-1,-1,-1,-1,2,3,8,2,-1,lo,2,6,8,366,2749,-1,-1,-1,-1,-1,-1,low_operand_for_dif_butterfly
ntt32_butterfly_operand,1,3,0,v4,6,-1,-1,-1,-1,-1,-1,2,3,8,6,-1,hi,2,6,8,366,2749,-1,-1,-1,-1,-1,-1,dif_high_output_gets_(lo-hi)_times_twiddle
ntt32_butterfly_operand,1,3,0,v4,3,-1,-1,-1,-1,-1,-1,2,3,8,3,-1,lo,3,7,12,-1118,1936,-1,-1,-1,-1,-1,-1,low_operand_for_dif_butterfly
ntt32_butterfly_operand,1,3,0,v4,7,-1,-1,-1,-1,-1,-1,2,3,8,7,-1,hi,3,7,12,-1118,1936,-1,-1,-1,-1,-1,-1,dif_high_output_gets_(lo-hi)_times_twiddle
ntt32_butterfly_operand,1,3,1,v5,0,-1,-1,-1,-1,-1,-1,2,3,8,8,-1,lo,8,12,0,-147,1,-1,-1,-1,-1,-1,-1,low_operand_for_dif_butterfly
ntt32_butterfly_operand,1,3,1,v5,4,-1,-1,-1,-1,-1,-1,2,3,8,12,-1,hi,8,12,0,-147,1,-1,-1,-1,-1,-1,-1,dif_high_output_gets_(lo-hi)_times_twiddle
ntt32_butterfly_operand,1,3,1,v5,1,-1,-1,-1,-1,-1,-1,2,3,8,9,-1,lo,9,13,4,109,1716,-1,-1,-1,-1,-1,-1,low_operand_for_dif_butterfly
ntt32_butterfly_operand,1,3,1,v5,5,-1,-1,-1,-1,-1,-1,2,3,8,13,-1,hi,9,13,4,109,1716,-1,-1,-1,-1,-1,-1,dif_high_output_gets_(lo-hi)_times_twiddle
ntt32_butterfly_operand,1,3,1,v5,2,-1,-1,-1,-1,-1,-1,2,3,8,10,-1,lo,10,14,8,366,2749,-1,-1,-1,-1,-1,-1,low_operand_for_dif_butterfly
ntt32_butterfly_operand,1,3,1,v5,6,-1,-1,-1,-1,-1,-1,2,3,8,14,-1,hi,10,14,8,366,2749,-1,-1,-1,-1,-1,-1,dif_high_output_gets_(lo-hi)_times_twiddle
ntt32_butterfly_operand,1,3,1,v5,3,-1,-1,-1,-1,-1,-1,2,3,8,11,-1,lo,11,15,12,-1118,1936,-1,-1,-1,-1,-1,-1,low_operand_for_dif_butterfly
ntt32_butterfly_operand,1,3,1,v5,7,-1,-1,-1,-1,-1,-1,2,3,8,15,-1,hi,11,15,12,-1118,1936,-1,-1,-1,-1,-1,-1,dif_high_output_gets_(lo-hi)_times_twiddle
ntt32_butterfly_operand,1,3,2,v6,0,-1,-1,-1,-1,-1,-1,2,3,8,16,-1,lo,16,20,0,-147,1,-1,-1,-1,-1,-1,-1,low_operand_for_dif_butterfly
ntt32_butterfly_operand,1,3,2,v6,4,-1,-1,-1,-1,-1,-1,2,3,8,20,-1,hi,16,20,0,-147,1,-1,-1,-1,-1,-1,-1,dif_high_output_gets_(lo-hi)_times_twiddle
ntt32_butterfly_operand,1,3,2,v6,1,-1,-1,-1,-1,-1,-1,2,3,8,17,-1,lo,17,21,4,109,1716,-1,-1,-1,-1,-1,-1,low_operand_for_dif_butterfly
ntt32_butterfly_operand,1,3,2,v6,5,-1,-1,-1,-1,-1,-1,2,3,8,21,-1,hi,17,21,4,109,1716,-1,-1,-1,-1,-1,-1,dif_high_output_gets_(lo-hi)_times_twiddle
ntt32_butterfly_operand,1,3,2,v6,2,-1,-1,-1,-1,-1,-1,2,3,8,18,-1,lo,18,22,8,366,2749,-1,-1,-1,-1,-1,-1,low_operand_for_dif_butterfly
ntt32_butterfly_operand,1,3,2,v6,6,-1,-1,-1,-1,-1,-1,2,3,8,22,-1,hi,18,22,8,366,2749,-1,-1,-1,-1,-1,-1,dif_high_output_gets_(lo-hi)_times_twiddle
ntt32_butterfly_operand,1,3,2,v6,3,-1,-1,-1,-1,-1,-1,2,3,8,19,-1,lo,19,23,12,-1118,1936,-1,-1,-1,-1,-1,-1,low_operand_for_dif_butterfly
ntt32_butterfly_operand,1,3,2,v6,7,-1,-1,-1,-1,-1,-1,2,3,8,23,-1,hi,19,23,12,-1118,1936,-1,-1,-1,-1,-1,-1,dif_high_output_gets_(lo-hi)_times_twiddle
ntt32_butterfly_operand,1,3,3,v7,0,-1,-1,-1,-1,-1,-1,2,3,8,24,-1,lo,24,28,0,-147,1,-1,-1,-1,-1,-1,-1,low_operand_for_dif_butterfly
ntt32_butterfly_operand,1,3,3,v7,4,-1,-1,-1,-1,-1,-1,2,3,8,28,-1,hi,24,28,0,-147,1,-1,-1,-1,-1,-1,-1,dif_high_output_gets_(lo-hi)_times_twiddle
ntt32_butterfly_operand,1,3,3,v7,1,-1,-1,-1,-1,-1,-1,2,3,8,25,-1,lo,25,29,4,109,1716,-1,-1,-1,-1,-1,-1,low_operand_for_dif_butterfly
ntt32_butterfly_operand,1,3,3,v7,5,-1,-1,-1,-1,-1,-1,2,3,8,29,-1,hi,25,29,4,109,1716,-1,-1,-1,-1,-1,-1,dif_high_output_gets_(lo-hi)_times_twiddle
ntt32_butterfly_operand,1,3,3,v7,2,-1,-1,-1,-1,-1,-1,2,3,8,26,-1,lo,26,30,8,366,2749,-1,-1,-1,-1,-1,-1,low_operand_for_dif_butterfly
ntt32_butterfly_operand,1,3,3,v7,6,-1,-1,-1,-1,-1,-1,2,3,8,30,-1,hi,26,30,8,366,2749,-1,-1,-1,-1,-1,-1,dif_high_output_gets_(lo-hi)_times_twiddle
ntt32_butterfly_operand,1,3,3,v7,3,-1,-1,-1,-1,-1,-1,2,3,8,27,-1,lo,27,31,12,-1118,1936,-1,-1,-1,-1,-1,-1,low_operand_for_dif_butterfly
ntt32_butterfly_operand,1,3,3,v7,7,-1,-1,-1,-1,-1,-1,2,3,8,31,-1,hi,27,31,12,-1118,1936,-1,-1,-1,-1,-1,-1,dif_high_output_gets_(lo-hi)_times_twiddle
ntt32_butterfly_operand,1,3,0,v4,0,-1,-1,-1,-1,-1,-1,2,4,4,0,-1,lo,0,2,0,-147,1,-1,-1,-1,-1,-1,-1,low_operand_for_dif_butterfly
ntt32_butterfly_operand,1,3,0,v4,2,-1,-1,-1,-1,-1,-1,2,4,4,2,-1,hi,0,2,0,-147,1,-1,-1,-1,-1,-1,-1,dif_high_output_gets_(lo-hi)_times_twiddle
ntt32_butterfly_operand,1,3,0,v4,1,-1,-1,-1,-1,-1,-1,2,4,4,1,-1,lo,1,3,8,366,2749,-1,-1,-1,-1,-1,-1,low_operand_for_dif_butterfly
ntt32_butterfly_operand,1,3,0,v4,3,-1,-1,-1,-1,-1,-1,2,4,4,3,-1,hi,1,3,8,366,2749,-1,-1,-1,-1,-1,-1,dif_high_output_gets_(lo-hi)_times_twiddle
ntt32_butterfly_operand,1,3,0,v4,4,-1,-1,-1,-1,-1,-1,2,4,4,4,-1,lo,4,6,0,-147,1,-1,-1,-1,-1,-1,-1,low_operand_for_dif_butterfly
ntt32_butterfly_operand,1,3,0,v4,6,-1,-1,-1,-1,-1,-1,2,4,4,6,-1,hi,4,6,0,-147,1,-1,-1,-1,-1,-1,-1,dif_high_output_gets_(lo-hi)_times_twiddle
ntt32_butterfly_operand,1,3,0,v4,5,-1,-1,-1,-1,-1,-1,2,4,4,5,-1,lo,5,7,8,366,2749,-1,-1,-1,-1,-1,-1,low_operand_for_dif_butterfly
ntt32_butterfly_operand,1,3,0,v4,7,-1,-1,-1,-1,-1,-1,2,4,4,7,-1,hi,5,7,8,366,2749,-1,-1,-1,-1,-1,-1,dif_high_output_gets_(lo-hi)_times_twiddle
ntt32_butterfly_operand,1,3,1,v5,0,-1,-1,-1,-1,-1,-1,2,4,4,8,-1,lo,8,10,0,-147,1,-1,-1,-1,-1,-1,-1,low_operand_for_dif_butterfly
ntt32_butterfly_operand,1,3,1,v5,2,-1,-1,-1,-1,-1,-1,2,4,4,10,-1,hi,8,10,0,-147,1,-1,-1,-1,-1,-1,-1,dif_high_output_gets_(lo-hi)_times_twiddle
ntt32_butterfly_operand,1,3,1,v5,1,-1,-1,-1,-1,-1,-1,2,4,4,9,-1,lo,9,11,8,366,2749,-1,-1,-1,-1,-1,-1,low_operand_for_dif_butterfly
ntt32_butterfly_operand,1,3,1,v5,3,-1,-1,-1,-1,-1,-1,2,4,4,11,-1,hi,9,11,8,366,2749,-1,-1,-1,-1,-1,-1,dif_high_output_gets_(lo-hi)_times_twiddle
ntt32_butterfly_operand,1,3,1,v5,4,-1,-1,-1,-1,-1,-1,2,4,4,12,-1,lo,12,14,0,-147,1,-1,-1,-1,-1,-1,-1,low_operand_for_dif_butterfly
ntt32_butterfly_operand,1,3,1,v5,6,-1,-1,-1,-1,-1,-1,2,4,4,14,-1,hi,12,14,0,-147,1,-1,-1,-1,-1,-1,-1,dif_high_output_gets_(lo-hi)_times_twiddle
ntt32_butterfly_operand,1,3,1,v5,5,-1,-1,-1,-1,-1,-1,2,4,4,13,-1,lo,13,15,8,366,2749,-1,-1,-1,-1,-1,-1,low_operand_for_dif_butterfly
ntt32_butterfly_operand,1,3,1,v5,7,-1,-1,-1,-1,-1,-1,2,4,4,15,-1,hi,13,15,8,366,2749,-1,-1,-1,-1,-1,-1,dif_high_output_gets_(lo-hi)_times_twiddle
ntt32_butterfly_operand,1,3,2,v6,0,-1,-1,-1,-1,-1,-1,2,4,4,16,-1,lo,16,18,0,-147,1,-1,-1,-1,-1,-1,-1,low_operand_for_dif_butterfly
ntt32_butterfly_operand,1,3,2,v6,2,-1,-1,-1,-1,-1,-1,2,4,4,18,-1,hi,16,18,0,-147,1,-1,-1,-1,-1,-1,-1,dif_high_output_gets_(lo-hi)_times_twiddle
ntt32_butterfly_operand,1,3,2,v6,1,-1,-1,-1,-1,-1,-1,2,4,4,17,-1,lo,17,19,8,366,2749,-1,-1,-1,-1,-1,-1,low_operand_for_dif_butterfly
ntt32_butterfly_operand,1,3,2,v6,3,-1,-1,-1,-1,-1,-1,2,4,4,19,-1,hi,17,19,8,366,2749,-1,-1,-1,-1,-1,-1,dif_high_output_gets_(lo-hi)_times_twiddle
ntt32_butterfly_operand,1,3,2,v6,4,-1,-1,-1,-1,-1,-1,2,4,4,20,-1,lo,20,22,0,-147,1,-1,-1,-1,-1,-1,-1,low_operand_for_dif_butterfly
ntt32_butterfly_operand,1,3,2,v6,6,-1,-1,-1,-1,-1,-1,2,4,4,22,-1,hi,20,22,0,-147,1,-1,-1,-1,-1,-1,-1,dif_high_output_gets_(lo-hi)_times_twiddle
ntt32_butterfly_operand,1,3,2,v6,5,-1,-1,-1,-1,-1,-1,2,4,4,21,-1,lo,21,23,8,366,2749,-1,-1,-1,-1,-1,-1,low_operand_for_dif_butterfly
ntt32_butterfly_operand,1,3,2,v6,7,-1,-1,-1,-1,-1,-1,2,4,4,23,-1,hi,21,23,8,366,2749,-1,-1,-1,-1,-1,-1,dif_high_output_gets_(lo-hi)_times_twiddle
ntt32_butterfly_operand,1,3,3,v7,0,-1,-1,-1,-1,-1,-1,2,4,4,24,-1,lo,24,26,0,-147,1,-1,-1,-1,-1,-1,-1,low_operand_for_dif_butterfly
ntt32_butterfly_operand,1,3,3,v7,2,-1,-1,-1,-1,-1,-1,2,4,4,26,-1,hi,24,26,0,-147,1,-1,-1,-1,-1,-1,-1,dif_high_output_gets_(lo-hi)_times_twiddle
ntt32_butterfly_operand,1,3,3,v7,1,-1,-1,-1,-1,-1,-1,2,4,4,25,-1,lo,25,27,8,366,2749,-1,-1,-1,-1,-1,-1,low_operand_for_dif_butterfly
ntt32_butterfly_operand,1,3,3,v7,3,-1,-1,-1,-1,-1,-1,2,4,4,27,-1,hi,25,27,8,366,2749,-1,-1,-1,-1,-1,-1,dif_high_output_gets_(lo-hi)_times_twiddle
ntt32_butterfly_operand,1,3,3,v7,4,-1,-1,-1,-1,-1,-1,2,4,4,28,-1,lo,28,30,0,-147,1,-1,-1,-1,-1,-1,-1,low_operand_for_dif_butterfly
ntt32_butterfly_operand,1,3,3,v7,6,-1,-1,-1,-1,-1,-1,2,4,4,30,-1,hi,28,30,0,-147,1,-1,-1,-1,-1,-1,-1,dif_high_output_gets_(lo-hi)_times_twiddle
ntt32_butterfly_operand,1,3,3,v7,5,-1,-1,-1,-1,-1,-1,2,4,4,29,-1,lo,29,31,8,366,2749,-1,-1,-1,-1,-1,-1,low_operand_for_dif_butterfly
ntt32_butterfly_operand,1,3,3,v7,7,-1,-1,-1,-1,-1,-1,2,4,4,31,-1,hi,29,31,8,366,2749,-1,-1,-1,-1,-1,-1,dif_high_output_gets_(lo-hi)_times_twiddle
