stage1_order,branch,group,n3,n32,n32_lane,quartic_lane,source_chunk_role,source_chunk,source_block_k,source_branch_pos,source_after_top_split_pos,low_input_pos,high_input_pos,top_zeta_mont,top_zeta_normal,top_split_formula,twist_table,twist_index,twist_mont,twist_normal,operation,ld4_load_chunk_low,ld4_load_chunk_high,ld4_vector_lane,ld4_staging_expr,ld4_staging_coeff_offset,ld4_staging_byte_offset,dft3_ld4_load_row,dft3_ld4_output_register,ld3_staging_expr,ld3_staging_coeff_offset,ld3_staging_byte_offset,dft3_ld3_load_group,dft3_ld3_output_register,notes
0,0,0,0,0,0,0,A,0,0,0,0,0,384,-1033,2735,low_plus_zeta_high,twist_branch0,0,-147,1,top_split_then_twist_then_store_dft3_input,a[0..31],a[384..415],0,tmp_ld4[branch0][group0][n30][n32_lane0][q0],0,0,ld4_tmp_ld4_branch0_group0_n30,x0_q0_vlane0,tmp_ld3[branch0][q0][group0][n32_lane0][n30],0,0,ld3_tmp_ld3_branch0_q0_group0,x0_vlane0,LD4_layout_is_recommended_for_four_quartic_lanes;LD3_layout_is_alternative_per_quartic_lane
1,0,0,0,0,0,1,A,0,0,1,1,1,385,-1033,2735,low_plus_zeta_high,twist_branch0,0,-147,1,top_split_then_twist_then_store_dft3_input,a[0..31],a[384..415],0,tmp_ld4[branch0][group0][n30][n32_lane0][q1],1,2,ld4_tmp_ld4_branch0_group0_n30,x0_q1_vlane0,tmp_ld3[branch0][q1][group0][n32_lane0][n30],96,192,ld3_tmp_ld3_branch0_q1_group0,x0_vlane0,LD4_layout_is_recommended_for_four_quartic_lanes;LD3_layout_is_alternative_per_quartic_lane
2,0,0,0,0,0,2,A,0,0,2,2,2,386,-1033,2735,low_plus_zeta_high,twist_branch0,0,-147,1,top_split_then_twist_then_store_dft3_input,a[0..31],a[384..415],0,tmp_ld4[branch0][group0][n30][n32_lane0][q2],2,4,ld4_tmp_ld4_branch0_group0_n30,x0_q2_vlane0,tmp_ld3[branch0][q2][group0][n32_lane0][n30],192,384,ld3_tmp_ld3_branch0_q2_group0,x0_vlane0,LD4_layout_is_recommended_for_four_quartic_lanes;LD3_layout_is_alternative_per_quartic_lane
3,0,0,0,0,0,3,A,0,0,3,3,3,387,-1033,2735,low_plus_zeta_high,twist_branch0,0,-147,1,top_split_then_twist_then_store_dft3_input,a[0..31],a[384..415],0,tmp_ld4[branch0][group0][n30][n32_lane0][q3],3,6,ld4_tmp_ld4_branch0_group0_n30,x0_q3_vlane0,tmp_ld3[branch0][q3][group0][n32_lane0][n30],288,576,ld3_tmp_ld3_branch0_q3_group0,x0_vlane0,LD4_layout_is_recommended_for_four_quartic_lanes;LD3_layout_is_alternative_per_quartic_lane
4,0,0,0,1,1,0,B,4,33,132,132,132,516,-1033,2735,low_plus_zeta_high,twist_branch0,33,-341,943,top_split_then_twist_then_store_dft3_input,a[128..159],a[512..543],1,tmp_ld4[branch0][group0][n30][n32_lane1][q0],4,8,ld4_tmp_ld4_branch0_group0_n30,x0_q0_vlane1,tmp_ld3[branch0][q0][group0][n32_lane1][n30],3,6,ld3_tmp_ld3_branch0_q0_group0,x0_vlane1,LD4_layout_is_recommended_for_four_quartic_lanes;LD3_layout_is_alternative_per_quartic_lane
5,0,0,0,1,1,1,B,4,33,133,133,133,517,-1033,2735,low_plus_zeta_high,twist_branch0,33,-341,943,top_split_then_twist_then_store_dft3_input,a[128..159],a[512..543],1,tmp_ld4[branch0][group0][n30][n32_lane1][q1],5,10,ld4_tmp_ld4_branch0_group0_n30,x0_q1_vlane1,tmp_ld3[branch0][q1][group0][n32_lane1][n30],99,198,ld3_tmp_ld3_branch0_q1_group0,x0_vlane1,LD4_layout_is_recommended_for_four_quartic_lanes;LD3_layout_is_alternative_per_quartic_lane
6,0,0,0,1,1,2,B,4,33,134,134,134,518,-1033,2735,low_plus_zeta_high,twist_branch0,33,-341,943,top_split_then_twist_then_store_dft3_input,a[128..159],a[512..543],1,tmp_ld4[branch0][group0][n30][n32_lane1][q2],6,12,ld4_tmp_ld4_branch0_group0_n30,x0_q2_vlane1,tmp_ld3[branch0][q2][group0][n32_lane1][n30],195,390,ld3_tmp_ld3_branch0_q2_group0,x0_vlane1,LD4_layout_is_recommended_for_four_quartic_lanes;LD3_layout_is_alternative_per_quartic_lane
7,0,0,0,1,1,3,B,4,33,135,135,135,519,-1033,2735,low_plus_zeta_high,twist_branch0,33,-341,943,top_split_then_twist_then_store_dft3_input,a[128..159],a[512..543],1,tmp_ld4[branch0][group0][n30][n32_lane1][q3],7,14,ld4_tmp_ld4_branch0_group0_n30,x0_q3_vlane1,tmp_ld3[branch0][q3][group0][n32_lane1][n30],291,582,ld3_tmp_ld3_branch0_q3_group0,x0_vlane1,LD4_layout_is_recommended_for_four_quartic_lanes;LD3_layout_is_alternative_per_quartic_lane
8,0,0,0,2,2,0,C,8,66,264,264,264,648,-1033,2735,low_plus_zeta_high,twist_branch0,66,-62,800,top_split_then_twist_then_store_dft3_input,a[256..287],a[640..671],2,tmp_ld4[branch0][group0][n30][n32_lane2][q0],8,16,ld4_tmp_ld4_branch0_group0_n30,x0_q0_vlane2,tmp_ld3[branch0][q0][group0][n32_lane2][n30],6,12,ld3_tmp_ld3_branch0_q0_group0,x0_vlane2,LD4_layout_is_recommended_for_four_quartic_lanes;LD3_layout_is_alternative_per_quartic_lane
9,0,0,0,2,2,1,C,8,66,265,265,265,649,-1033,2735,low_plus_zeta_high,twist_branch0,66,-62,800,top_split_then_twist_then_store_dft3_input,a[256..287],a[640..671],2,tmp_ld4[branch0][group0][n30][n32_lane2][q1],9,18,ld4_tmp_ld4_branch0_group0_n30,x0_q1_vlane2,tmp_ld3[branch0][q1][group0][n32_lane2][n30],102,204,ld3_tmp_ld3_branch0_q1_group0,x0_vlane2,LD4_layout_is_recommended_for_four_quartic_lanes;LD3_layout_is_alternative_per_quartic_lane
10,0,0,0,2,2,2,C,8,66,266,266,266,650,-1033,2735,low_plus_zeta_high,twist_branch0,66,-62,800,top_split_then_twist_then_store_dft3_input,a[256..287],a[640..671],2,tmp_ld4[branch0][group0][n30][n32_lane2][q2],10,20,ld4_tmp_ld4_branch0_group0_n30,x0_q2_vlane2,tmp_ld3[branch0][q2][group0][n32_lane2][n30],198,396,ld3_tmp_ld3_branch0_q2_group0,x0_vlane2,LD4_layout_is_recommended_for_four_quartic_lanes;LD3_layout_is_alternative_per_quartic_lane
11,0,0,0,2,2,3,C,8,66,267,267,267,651,-1033,2735,low_plus_zeta_high,twist_branch0,66,-62,800,top_split_then_twist_then_store_dft3_input,a[256..287],a[640..671],2,tmp_ld4[branch0][group0][n30][n32_lane2][q3],11,22,ld4_tmp_ld4_branch0_group0_n30,x0_q3_vlane2,tmp_ld3[branch0][q3][group0][n32_lane2][n30],294,588,ld3_tmp_ld3_branch0_q3_group0,x0_vlane2,LD4_layout_is_recommended_for_four_quartic_lanes;LD3_layout_is_alternative_per_quartic_lane
12,0,0,0,3,3,0,A,0,3,12,12,12,396,-1033,2735,low_plus_zeta_high,twist_branch0,3,1278,3025,top_split_then_twist_then_store_dft3_input,a[0..31],a[384..415],3,tmp_ld4[branch0][group0][n30][n32_lane3][q0],12,24,ld4_tmp_ld4_branch0_group0_n30,x0_q0_vlane3,tmp_ld3[branch0][q0][group0][n32_lane3][n30],9,18,ld3_tmp_ld3_branch0_q0_group0,x0_vlane3,LD4_layout_is_recommended_for_four_quartic_lanes;LD3_layout_is_alternative_per_quartic_lane
13,0,0,0,3,3,1,A,0,3,13,13,13,397,-1033,2735,low_plus_zeta_high,twist_branch0,3,1278,3025,top_split_then_twist_then_store_dft3_input,a[0..31],a[384..415],3,tmp_ld4[branch0][group0][n30][n32_lane3][q1],13,26,ld4_tmp_ld4_branch0_group0_n30,x0_q1_vlane3,tmp_ld3[branch0][q1][group0][n32_lane3][n30],105,210,ld3_tmp_ld3_branch0_q1_group0,x0_vlane3,LD4_layout_is_recommended_for_four_quartic_lanes;LD3_layout_is_alternative_per_quartic_lane
14,0,0,0,3,3,2,A,0,3,14,14,14,398,-1033,2735,low_plus_zeta_high,twist_branch0,3,1278,3025,top_split_then_twist_then_store_dft3_input,a[0..31],a[384..415],3,tmp_ld4[branch0][group0][n30][n32_lane3][q2],14,28,ld4_tmp_ld4_branch0_group0_n30,x0_q2_vlane3,tmp_ld3[branch0][q2][group0][n32_lane3][n30],201,402,ld3_tmp_ld3_branch0_q2_group0,x0_vlane3,LD4_layout_is_recommended_for_four_quartic_lanes;LD3_layout_is_alternative_per_quartic_lane
15,0,0,0,3,3,3,A,0,3,15,15,15,399,-1033,2735,low_plus_zeta_high,twist_branch0,3,1278,3025,top_split_then_twist_then_store_dft3_input,a[0..31],a[384..415],3,tmp_ld4[branch0][group0][n30][n32_lane3][q3],15,30,ld4_tmp_ld4_branch0_group0_n30,x0_q3_vlane3,tmp_ld3[branch0][q3][group0][n32_lane3][n30],297,594,ld3_tmp_ld3_branch0_q3_group0,x0_vlane3,LD4_layout_is_recommended_for_four_quartic_lanes;LD3_layout_is_alternative_per_quartic_lane
16,0,0,0,4,4,0,B,4,36,144,144,144,528,-1033,2735,low_plus_zeta_high,twist_branch0,36,-1339,550,top_split_then_twist_then_store_dft3_input,a[128..159],a[512..543],4,tmp_ld4[branch0][group0][n30][n32_lane4][q0],16,32,ld4_tmp_ld4_branch0_group0_n30,x0_q0_vlane4,tmp_ld3[branch0][q0][group0][n32_lane4][n30],12,24,ld3_tmp_ld3_branch0_q0_group0,x0_vlane4,LD4_layout_is_recommended_for_four_quartic_lanes;LD3_layout_is_alternative_per_quartic_lane
17,0,0,0,4,4,1,B,4,36,145,145,145,529,-1033,2735,low_plus_zeta_high,twist_branch0,36,-1339,550,top_split_then_twist_then_store_dft3_input,a[128..159],a[512..543],4,tmp_ld4[branch0][group0][n30][n32_lane4][q1],17,34,ld4_tmp_ld4_branch0_group0_n30,x0_q1_vlane4,tmp_ld3[branch0][q1][group0][n32_lane4][n30],108,216,ld3_tmp_ld3_branch0_q1_group0,x0_vlane4,LD4_layout_is_recommended_for_four_quartic_lanes;LD3_layout_is_alternative_per_quartic_lane
18,0,0,0,4,4,2,B,4,36,146,146,146,530,-1033,2735,low_plus_zeta_high,twist_branch0,36,-1339,550,top_split_then_twist_then_store_dft3_input,a[128..159],a[512..543],4,tmp_ld4[branch0][group0][n30][n32_lane4][q2],18,36,ld4_tmp_ld4_branch0_group0_n30,x0_q2_vlane4,tmp_ld3[branch0][q2][group0][n32_lane4][n30],204,408,ld3_tmp_ld3_branch0_q2_group0,x0_vlane4,LD4_layout_is_recommended_for_four_quartic_lanes;LD3_layout_is_alternative_per_quartic_lane
19,0,0,0,4,4,3,B,4,36,147,147,147,531,-1033,2735,low_plus_zeta_high,twist_branch0,36,-1339,550,top_split_then_twist_then_store_dft3_input,a[128..159],a[512..543],4,tmp_ld4[branch0][group0][n30][n32_lane4][q3],19,38,ld4_tmp_ld4_branch0_group0_n30,x0_q3_vlane4,tmp_ld3[branch0][q3][group0][n32_lane4][n30],300,600,ld3_tmp_ld3_branch0_q3_group0,x0_vlane4,LD4_layout_is_recommended_for_four_quartic_lanes;LD3_layout_is_alternative_per_quartic_lane
20,0,0,0,5,5,0,C,8,69,276,276,276,660,-1033,2735,low_plus_zeta_high,twist_branch0,69,-872,100,top_split_then_twist_then_store_dft3_input,a[256..287],a[640..671],5,tmp_ld4[branch0][group0][n30][n32_lane5][q0],20,40,ld4_tmp_ld4_branch0_group0_n30,x0_q0_vlane5,tmp_ld3[branch0][q0][group0][n32_lane5][n30],15,30,ld3_tmp_ld3_branch0_q0_group0,x0_vlane5,LD4_layout_is_recommended_for_four_quartic_lanes;LD3_layout_is_alternative_per_quartic_lane
21,0,0,0,5,5,1,C,8,69,277,277,277,661,-1033,2735,low_plus_zeta_high,twist_branch0,69,-872,100,top_split_then_twist_then_store_dft3_input,a[256..287],a[640..671],5,tmp_ld4[branch0][group0][n30][n32_lane5][q1],21,42,ld4_tmp_ld4_branch0_group0_n30,x0_q1_vlane5,tmp_ld3[branch0][q1][group0][n32_lane5][n30],111,222,ld3_tmp_ld3_branch0_q1_group0,x0_vlane5,LD4_layout_is_recommended_for_four_quartic_lanes;LD3_layout_is_alternative_per_quartic_lane
22,0,0,0,5,5,2,C,8,69,278,278,278,662,-1033,2735,low_plus_zeta_high,twist_branch0,69,-872,100,top_split_then_twist_then_store_dft3_input,a[256..287],a[640..671],5,tmp_ld4[branch0][group0][n30][n32_lane5][q2],22,44,ld4_tmp_ld4_branch0_group0_n30,x0_q2_vlane5,tmp_ld3[branch0][q2][group0][n32_lane5][n30],207,414,ld3_tmp_ld3_branch0_q2_group0,x0_vlane5,LD4_layout_is_recommended_for_four_quartic_lanes;LD3_layout_is_alternative_per_quartic_lane
23,0,0,0,5,5,3,C,8,69,279,279,279,663,-1033,2735,low_plus_zeta_high,twist_branch0,69,-872,100,top_split_then_twist_then_store_dft3_input,a[256..287],a[640..671],5,tmp_ld4[branch0][group0][n30][n32_lane5][q3],23,46,ld4_tmp_ld4_branch0_group0_n30,x0_q3_vlane5,tmp_ld3[branch0][q3][group0][n32_lane5][n30],303,606,ld3_tmp_ld3_branch0_q3_group0,x0_vlane5,LD4_layout_is_recommended_for_four_quartic_lanes;LD3_layout_is_alternative_per_quartic_lane
24,0,0,0,6,6,0,A,0,6,24,24,24,408,-1033,2735,low_plus_zeta_high,twist_branch0,6,1024,3403,top_split_then_twist_then_store_dft3_input,a[0..31],a[384..415],6,tmp_ld4[branch0][group0][n30][n32_lane6][q0],24,48,ld4_tmp_ld4_branch0_group0_n30,x0_q0_vlane6,tmp_ld3[branch0][q0][group0][n32_lane6][n30],18,36,ld3_tmp_ld3_branch0_q0_group0,x0_vlane6,LD4_layout_is_recommended_for_four_quartic_lanes;LD3_layout_is_alternative_per_quartic_lane
25,0,0,0,6,6,1,A,0,6,25,25,25,409,-1033,2735,low_plus_zeta_high,twist_branch0,6,1024,3403,top_split_then_twist_then_store_dft3_input,a[0..31],a[384..415],6,tmp_ld4[branch0][group0][n30][n32_lane6][q1],25,50,ld4_tmp_ld4_branch0_group0_n30,x0_q1_vlane6,tmp_ld3[branch0][q1][group0][n32_lane6][n30],114,228,ld3_tmp_ld3_branch0_q1_group0,x0_vlane6,LD4_layout_is_recommended_for_four_quartic_lanes;LD3_layout_is_alternative_per_quartic_lane
26,0,0,0,6,6,2,A,0,6,26,26,26,410,-1033,2735,low_plus_zeta_high,twist_branch0,6,1024,3403,top_split_then_twist_then_store_dft3_input,a[0..31],a[384..415],6,tmp_ld4[branch0][group0][n30][n32_lane6][q2],26,52,ld4_tmp_ld4_branch0_group0_n30,x0_q2_vlane6,tmp_ld3[branch0][q2][group0][n32_lane6][n30],210,420,ld3_tmp_ld3_branch0_q2_group0,x0_vlane6,LD4_layout_is_recommended_for_four_quartic_lanes;LD3_layout_is_alternative_per_quartic_lane
27,0,0,0,6,6,3,A,0,6,27,27,27,411,-1033,2735,low_plus_zeta_high,twist_branch0,6,1024,3403,top_split_then_twist_then_store_dft3_input,a[0..31],a[384..415],6,tmp_ld4[branch0][group0][n30][n32_lane6][q3],27,54,ld4_tmp_ld4_branch0_group0_n30,x0_q3_vlane6,tmp_ld3[branch0][q3][group0][n32_lane6][n30],306,612,ld3_tmp_ld3_branch0_q3_group0,x0_vlane6,LD4_layout_is_recommended_for_four_quartic_lanes;LD3_layout_is_alternative_per_quartic_lane
28,0,0,0,7,7,0,B,4,39,156,156,156,540,-1033,2735,low_plus_zeta_high,twist_branch0,39,1129,933,top_split_then_twist_then_store_dft3_input,a[128..159],a[512..543],7,tmp_ld4[branch0][group0][n30][n32_lane7][q0],28,56,ld4_tmp_ld4_branch0_group0_n30,x0_q0_vlane7,tmp_ld3[branch0][q0][group0][n32_lane7][n30],21,42,ld3_tmp_ld3_branch0_q0_group0,x0_vlane7,LD4_layout_is_recommended_for_four_quartic_lanes;LD3_layout_is_alternative_per_quartic_lane
29,0,0,0,7,7,1,B,4,39,157,157,157,541,-1033,2735,low_plus_zeta_high,twist_branch0,39,1129,933,top_split_then_twist_then_store_dft3_input,a[128..159],a[512..543],7,tmp_ld4[branch0][group0][n30][n32_lane7][q1],29,58,ld4_tmp_ld4_branch0_group0_n30,x0_q1_vlane7,tmp_ld3[branch0][q1][group0][n32_lane7][n30],117,234,ld3_tmp_ld3_branch0_q1_group0,x0_vlane7,LD4_layout_is_recommended_for_four_quartic_lanes;LD3_layout_is_alternative_per_quartic_lane
30,0,0,0,7,7,2,B,4,39,158,158,158,542,-1033,2735,low_plus_zeta_high,twist_branch0,39,1129,933,top_split_then_twist_then_store_dft3_input,a[128..159],a[512..543],7,tmp_ld4[branch0][group0][n30][n32_lane7][q2],30,60,ld4_tmp_ld4_branch0_group0_n30,x0_q2_vlane7,tmp_ld3[branch0][q2][group0][n32_lane7][n30],213,426,ld3_tmp_ld3_branch0_q2_group0,x0_vlane7,LD4_layout_is_recommended_for_four_quartic_lanes;LD3_layout_is_alternative_per_quartic_lane
31,0,0,0,7,7,3,B,4,39,159,159,159,543,-1033,2735,low_plus_zeta_high,twist_branch0,39,1129,933,top_split_then_twist_then_store_dft3_input,a[128..159],a[512..543],7,tmp_ld4[branch0][group0][n30][n32_lane7][q3],31,62,ld4_tmp_ld4_branch0_group0_n30,x0_q3_vlane7,tmp_ld3[branch0][q3][group0][n32_lane7][n30],309,618,ld3_tmp_ld3_branch0_q3_group0,x0_vlane7,LD4_layout_is_recommended_for_four_quartic_lanes;LD3_layout_is_alternative_per_quartic_lane
32,0,0,1,0,0,0,C,8,64,256,256,256,640,-1033,2735,low_plus_zeta_high,twist_branch0,64,-248,3200,top_split_then_twist_then_store_dft3_input,a[256..287],a[640..671],0,tmp_ld4[branch0][group0][n31][n32_lane0][q0],32,64,ld4_tmp_ld4_branch0_group0_n31,x1_q0_vlane0,tmp_ld3[branch0][q0][group0][n32_lane0][n31],1,2,ld3_tmp_ld3_branch0_q0_group0,x1_vlane0,LD4_layout_is_recommended_for_four_quartic_lanes;LD3_layout_is_alternative_per_quartic_lane
33,0,0,1,0,0,1,C,8,64,257,257,257,641,-1033,2735,low_plus_zeta_high,twist_branch0,64,-248,3200,top_split_then_twist_then_store_dft3_input,a[256..287],a[640..671],0,tmp_ld4[branch0][group0][n31][n32_lane0][q1],33,66,ld4_tmp_ld4_branch0_group0_n31,x1_q1_vlane0,tmp_ld3[branch0][q1][group0][n32_lane0][n31],97,194,ld3_tmp_ld3_branch0_q1_group0,x1_vlane0,LD4_layout_is_recommended_for_four_quartic_lanes;LD3_layout_is_alternative_per_quartic_lane
34,0,0,1,0,0,2,C,8,64,258,258,258,642,-1033,2735,low_plus_zeta_high,twist_branch0,64,-248,3200,top_split_then_twist_then_store_dft3_input,a[256..287],a[640..671],0,tmp_ld4[branch0][group0][n31][n32_lane0][q2],34,68,ld4_tmp_ld4_branch0_group0_n31,x1_q2_vlane0,tmp_ld3[branch0][q2][group0][n32_lane0][n31],193,386,ld3_tmp_ld3_branch0_q2_group0,x1_vlane0,LD4_layout_is_recommended_for_four_quartic_lanes;LD3_layout_is_alternative_per_quartic_lane
35,0,0,1,0,0,3,C,8,64,259,259,259,643,-1033,2735,low_plus_zeta_high,twist_branch0,64,-248,3200,top_split_then_twist_then_store_dft3_input,a[256..287],a[640..671],0,tmp_ld4[branch0][group0][n31][n32_lane0][q3],35,70,ld4_tmp_ld4_branch0_group0_n31,x1_q3_vlane0,tmp_ld3[branch0][q3][group0][n32_lane0][n31],289,578,ld3_tmp_ld3_branch0_q3_group0,x1_vlane0,LD4_layout_is_recommended_for_four_quartic_lanes;LD3_layout_is_alternative_per_quartic_lane
36,0,0,1,1,1,0,A,0,1,4,4,4,388,-1033,2735,low_plus_zeta_high,twist_branch0,1,1655,1729,top_split_then_twist_then_store_dft3_input,a[0..31],a[384..415],1,tmp_ld4[branch0][group0][n31][n32_lane1][q0],36,72,ld4_tmp_ld4_branch0_group0_n31,x1_q0_vlane1,tmp_ld3[branch0][q0][group0][n32_lane1][n31],4,8,ld3_tmp_ld3_branch0_q0_group0,x1_vlane1,LD4_layout_is_recommended_for_four_quartic_lanes;LD3_layout_is_alternative_per_quartic_lane
37,0,0,1,1,1,1,A,0,1,5,5,5,389,-1033,2735,low_plus_zeta_high,twist_branch0,1,1655,1729,top_split_then_twist_then_store_dft3_input,a[0..31],a[384..415],1,tmp_ld4[branch0][group0][n31][n32_lane1][q1],37,74,ld4_tmp_ld4_branch0_group0_n31,x1_q1_vlane1,tmp_ld3[branch0][q1][group0][n32_lane1][n31],100,200,ld3_tmp_ld3_branch0_q1_group0,x1_vlane1,LD4_layout_is_recommended_for_four_quartic_lanes;LD3_layout_is_alternative_per_quartic_lane
38,0,0,1,1,1,2,A,0,1,6,6,6,390,-1033,2735,low_plus_zeta_high,twist_branch0,1,1655,1729,top_split_then_twist_then_store_dft3_input,a[0..31],a[384..415],1,tmp_ld4[branch0][group0][n31][n32_lane1][q2],38,76,ld4_tmp_ld4_branch0_group0_n31,x1_q2_vlane1,tmp_ld3[branch0][q2][group0][n32_lane1][n31],196,392,ld3_tmp_ld3_branch0_q2_group0,x1_vlane1,LD4_layout_is_recommended_for_four_quartic_lanes;LD3_layout_is_alternative_per_quartic_lane
39,0,0,1,1,1,3,A,0,1,7,7,7,391,-1033,2735,low_plus_zeta_high,twist_branch0,1,1655,1729,top_split_then_twist_then_store_dft3_input,a[0..31],a[384..415],1,tmp_ld4[branch0][group0][n31][n32_lane1][q3],39,78,ld4_tmp_ld4_branch0_group0_n31,x1_q3_vlane1,tmp_ld3[branch0][q3][group0][n32_lane1][n31],292,584,ld3_tmp_ld3_branch0_q3_group0,x1_vlane1,LD4_layout_is_recommended_for_four_quartic_lanes;LD3_layout_is_alternative_per_quartic_lane
40,0,0,1,2,2,0,B,4,34,136,136,136,520,-1033,2735,low_plus_zeta_high,twist_branch0,34,1558,2200,top_split_then_twist_then_store_dft3_input,a[128..159],a[512..543],2,tmp_ld4[branch0][group0][n31][n32_lane2][q0],40,80,ld4_tmp_ld4_branch0_group0_n31,x1_q0_vlane2,tmp_ld3[branch0][q0][group0][n32_lane2][n31],7,14,ld3_tmp_ld3_branch0_q0_group0,x1_vlane2,LD4_layout_is_recommended_for_four_quartic_lanes;LD3_layout_is_alternative_per_quartic_lane
41,0,0,1,2,2,1,B,4,34,137,137,137,521,-1033,2735,low_plus_zeta_high,twist_branch0,34,1558,2200,top_split_then_twist_then_store_dft3_input,a[128..159],a[512..543],2,tmp_ld4[branch0][group0][n31][n32_lane2][q1],41,82,ld4_tmp_ld4_branch0_group0_n31,x1_q1_vlane2,tmp_ld3[branch0][q1][group0][n32_lane2][n31],103,206,ld3_tmp_ld3_branch0_q1_group0,x1_vlane2,LD4_layout_is_recommended_for_four_quartic_lanes;LD3_layout_is_alternative_per_quartic_lane
42,0,0,1,2,2,2,B,4,34,138,138,138,522,-1033,2735,low_plus_zeta_high,twist_branch0,34,1558,2200,top_split_then_twist_then_store_dft3_input,a[128..159],a[512..543],2,tmp_ld4[branch0][group0][n31][n32_lane2][q2],42,84,ld4_tmp_ld4_branch0_group0_n31,x1_q2_vlane2,tmp_ld3[branch0][q2][group0][n32_lane2][n31],199,398,ld3_tmp_ld3_branch0_q2_group0,x1_vlane2,LD4_layout_is_recommended_for_four_quartic_lanes;LD3_layout_is_alternative_per_quartic_lane
43,0,0,1,2,2,3,B,4,34,139,139,139,523,-1033,2735,low_plus_zeta_high,twist_branch0,34,1558,2200,top_split_then_twist_then_store_dft3_input,a[128..159],a[512..543],2,tmp_ld4[branch0][group0][n31][n32_lane2][q3],43,86,ld4_tmp_ld4_branch0_group0_n31,x1_q3_vlane2,tmp_ld3[branch0][q3][group0][n32_lane2][n31],295,590,ld3_tmp_ld3_branch0_q3_group0,x1_vlane2,LD4_layout_is_recommended_for_four_quartic_lanes;LD3_layout_is_alternative_per_quartic_lane
44,0,0,1,3,3,0,C,8,67,268,268,268,652,-1033,2735,low_plus_zeta_high,twist_branch0,67,-31,400,top_split_then_twist_then_store_dft3_input,a[256..287],a[640..671],3,tmp_ld4[branch0][group0][n31][n32_lane3][q0],44,88,ld4_tmp_ld4_branch0_group0_n31,x1_q0_vlane3,tmp_ld3[branch0][q0][group0][n32_lane3][n31],10,20,ld3_tmp_ld3_branch0_q0_group0,x1_vlane3,LD4_layout_is_recommended_for_four_quartic_lanes;LD3_layout_is_alternative_per_quartic_lane
45,0,0,1,3,3,1,C,8,67,269,269,269,653,-1033,2735,low_plus_zeta_high,twist_branch0,67,-31,400,top_split_then_twist_then_store_dft3_input,a[256..287],a[640..671],3,tmp_ld4[branch0][group0][n31][n32_lane3][q1],45,90,ld4_tmp_ld4_branch0_group0_n31,x1_q1_vlane3,tmp_ld3[branch0][q1][group0][n32_lane3][n31],106,212,ld3_tmp_ld3_branch0_q1_group0,x1_vlane3,LD4_layout_is_recommended_for_four_quartic_lanes;LD3_layout_is_alternative_per_quartic_lane
46,0,0,1,3,3,2,C,8,67,270,270,270,654,-1033,2735,low_plus_zeta_high,twist_branch0,67,-31,400,top_split_then_twist_then_store_dft3_input,a[256..287],a[640..671],3,tmp_ld4[branch0][group0][n31][n32_lane3][q2],46,92,ld4_tmp_ld4_branch0_group0_n31,x1_q2_vlane3,tmp_ld3[branch0][q2][group0][n32_lane3][n31],202,404,ld3_tmp_ld3_branch0_q2_group0,x1_vlane3,LD4_layout_is_recommended_for_four_quartic_lanes;LD3_layout_is_alternative_per_quartic_lane
47,0,0,1,3,3,3,C,8,67,271,271,271,655,-1033,2735,low_plus_zeta_high,twist_branch0,67,-31,400,top_split_then_twist_then_store_dft3_input,a[256..287],a[640..671],3,tmp_ld4[branch0][group0][n31][n32_lane3][q3],47,94,ld4_tmp_ld4_branch0_group0_n31,x1_q3_vlane3,tmp_ld3[branch0][q3][group0][n32_lane3][n31],298,596,ld3_tmp_ld3_branch0_q3_group0,x1_vlane3,LD4_layout_is_recommended_for_four_quartic_lanes;LD3_layout_is_alternative_per_quartic_lane
48,0,0,1,4,4,0,A,0,4,16,16,16,400,-1033,2735,low_plus_zeta_high,twist_branch0,4,639,3241,top_split_then_twist_then_store_dft3_input,a[0..31],a[384..415],4,tmp_ld4[branch0][group0][n31][n32_lane4][q0],48,96,ld4_tmp_ld4_branch0_group0_n31,x1_q0_vlane4,tmp_ld3[branch0][q0][group0][n32_lane4][n31],13,26,ld3_tmp_ld3_branch0_q0_group0,x1_vlane4,LD4_layout_is_recommended_for_four_quartic_lanes;LD3_layout_is_alternative_per_quartic_lane
49,0,0,1,4,4,1,A,0,4,17,17,17,401,-1033,2735,low_plus_zeta_high,twist_branch0,4,639,3241,top_split_then_twist_then_store_dft3_input,a[0..31],a[384..415],4,tmp_ld4[branch0][group0][n31][n32_lane4][q1],49,98,ld4_tmp_ld4_branch0_group0_n31,x1_q1_vlane4,tmp_ld3[branch0][q1][group0][n32_lane4][n31],109,218,ld3_tmp_ld3_branch0_q1_group0,x1_vlane4,LD4_layout_is_recommended_for_four_quartic_lanes;LD3_layout_is_alternative_per_quartic_lane
50,0,0,1,4,4,2,A,0,4,18,18,18,402,-1033,2735,low_plus_zeta_high,twist_branch0,4,639,3241,top_split_then_twist_then_store_dft3_input,a[0..31],a[384..415],4,tmp_ld4[branch0][group0][n31][n32_lane4][q2],50,100,ld4_tmp_ld4_branch0_group0_n31,x1_q2_vlane4,tmp_ld3[branch0][q2][group0][n32_lane4][n31],205,410,ld3_tmp_ld3_branch0_q2_group0,x1_vlane4,LD4_layout_is_recommended_for_four_quartic_lanes;LD3_layout_is_alternative_per_quartic_lane
51,0,0,1,4,4,3,A,0,4,19,19,19,403,-1033,2735,low_plus_zeta_high,twist_branch0,4,639,3241,top_split_then_twist_then_store_dft3_input,a[0..31],a[384..415],4,tmp_ld4[branch0][group0][n31][n32_lane4][q3],51,102,ld4_tmp_ld4_branch0_group0_n31,x1_q3_vlane4,tmp_ld3[branch0][q3][group0][n32_lane4][n31],301,602,ld3_tmp_ld3_branch0_q3_group0,x1_vlane4,LD4_layout_is_recommended_for_four_quartic_lanes;LD3_layout_is_alternative_per_quartic_lane
52,0,0,1,5,5,0,B,4,37,148,148,148,532,-1033,2735,low_plus_zeta_high,twist_branch0,37,1059,275,top_split_then_twist_then_store_dft3_input,a[128..159],a[512..543],5,tmp_ld4[branch0][group0][n31][n32_lane5][q0],52,104,ld4_tmp_ld4_branch0_group0_n31,x1_q0_vlane5,tmp_ld3[branch0][q0][group0][n32_lane5][n31],16,32,ld3_tmp_ld3_branch0_q0_group0,x1_vlane5,LD4_layout_is_recommended_for_four_quartic_lanes;LD3_layout_is_alternative_per_quartic_lane
53,0,0,1,5,5,1,B,4,37,149,149,149,533,-1033,2735,low_plus_zeta_high,twist_branch0,37,1059,275,top_split_then_twist_then_store_dft3_input,a[128..159],a[512..543],5,tmp_ld4[branch0][group0][n31][n32_lane5][q1],53,106,ld4_tmp_ld4_branch0_group0_n31,x1_q1_vlane5,tmp_ld3[branch0][q1][group0][n32_lane5][n31],112,224,ld3_tmp_ld3_branch0_q1_group0,x1_vlane5,LD4_layout_is_recommended_for_four_quartic_lanes;LD3_layout_is_alternative_per_quartic_lane
54,0,0,1,5,5,2,B,4,37,150,150,150,534,-1033,2735,low_plus_zeta_high,twist_branch0,37,1059,275,top_split_then_twist_then_store_dft3_input,a[128..159],a[512..543],5,tmp_ld4[branch0][group0][n31][n32_lane5][q2],54,108,ld4_tmp_ld4_branch0_group0_n31,x1_q2_vlane5,tmp_ld3[branch0][q2][group0][n32_lane5][n31],208,416,ld3_tmp_ld3_branch0_q2_group0,x1_vlane5,LD4_layout_is_recommended_for_four_quartic_lanes;LD3_layout_is_alternative_per_quartic_lane
55,0,0,1,5,5,3,B,4,37,151,151,151,535,-1033,2735,low_plus_zeta_high,twist_branch0,37,1059,275,top_split_then_twist_then_store_dft3_input,a[128..159],a[512..543],5,tmp_ld4[branch0][group0][n31][n32_lane5][q3],55,110,ld4_tmp_ld4_branch0_group0_n31,x1_q3_vlane5,tmp_ld3[branch0][q3][group0][n32_lane5][n31],304,608,ld3_tmp_ld3_branch0_q3_group0,x1_vlane5,LD4_layout_is_recommended_for_four_quartic_lanes;LD3_layout_is_alternative_per_quartic_lane
56,0,0,1,6,6,0,C,8,70,280,280,280,664,-1033,2735,low_plus_zeta_high,twist_branch0,70,-436,50,top_split_then_twist_then_store_dft3_input,a[256..287],a[640..671],6,tmp_ld4[branch0][group0][n31][n32_lane6][q0],56,112,ld4_tmp_ld4_branch0_group0_n31,x1_q0_vlane6,tmp_ld3[branch0][q0][group0][n32_lane6][n31],19,38,ld3_tmp_ld3_branch0_q0_group0,x1_vlane6,LD4_layout_is_recommended_for_four_quartic_lanes;LD3_layout_is_alternative_per_quartic_lane
57,0,0,1,6,6,1,C,8,70,281,281,281,665,-1033,2735,low_plus_zeta_high,twist_branch0,70,-436,50,top_split_then_twist_then_store_dft3_input,a[256..287],a[640..671],6,tmp_ld4[branch0][group0][n31][n32_lane6][q1],57,114,ld4_tmp_ld4_branch0_group0_n31,x1_q1_vlane6,tmp_ld3[branch0][q1][group0][n32_lane6][n31],115,230,ld3_tmp_ld3_branch0_q1_group0,x1_vlane6,LD4_layout_is_recommended_for_four_quartic_lanes;LD3_layout_is_alternative_per_quartic_lane
58,0,0,1,6,6,2,C,8,70,282,282,282,666,-1033,2735,low_plus_zeta_high,twist_branch0,70,-436,50,top_split_then_twist_then_store_dft3_input,a[256..287],a[640..671],6,tmp_ld4[branch0][group0][n31][n32_lane6][q2],58,116,ld4_tmp_ld4_branch0_group0_n31,x1_q2_vlane6,tmp_ld3[branch0][q2][group0][n32_lane6][n31],211,422,ld3_tmp_ld3_branch0_q2_group0,x1_vlane6,LD4_layout_is_recommended_for_four_quartic_lanes;LD3_layout_is_alternative_per_quartic_lane
59,0,0,1,6,6,3,C,8,70,283,283,283,667,-1033,2735,low_plus_zeta_high,twist_branch0,70,-436,50,top_split_then_twist_then_store_dft3_input,a[256..287],a[640..671],6,tmp_ld4[branch0][group0][n31][n32_lane6][q3],59,118,ld4_tmp_ld4_branch0_group0_n31,x1_q3_vlane6,tmp_ld3[branch0][q3][group0][n32_lane6][n31],307,614,ld3_tmp_ld3_branch0_q3_group0,x1_vlane6,LD4_layout_is_recommended_for_four_quartic_lanes;LD3_layout_is_alternative_per_quartic_lane
60,0,0,1,7,7,0,A,0,7,28,28,28,412,-1033,2735,low_plus_zeta_high,twist_branch0,7,512,3430,top_split_then_twist_then_store_dft3_input,a[0..31],a[384..415],7,tmp_ld4[branch0][group0][n31][n32_lane7][q0],60,120,ld4_tmp_ld4_branch0_group0_n31,x1_q0_vlane7,tmp_ld3[branch0][q0][group0][n32_lane7][n31],22,44,ld3_tmp_ld3_branch0_q0_group0,x1_vlane7,LD4_layout_is_recommended_for_four_quartic_lanes;LD3_layout_is_alternative_per_quartic_lane
61,0,0,1,7,7,1,A,0,7,29,29,29,413,-1033,2735,low_plus_zeta_high,twist_branch0,7,512,3430,top_split_then_twist_then_store_dft3_input,a[0..31],a[384..415],7,tmp_ld4[branch0][group0][n31][n32_lane7][q1],61,122,ld4_tmp_ld4_branch0_group0_n31,x1_q1_vlane7,tmp_ld3[branch0][q1][group0][n32_lane7][n31],118,236,ld3_tmp_ld3_branch0_q1_group0,x1_vlane7,LD4_layout_is_recommended_for_four_quartic_lanes;LD3_layout_is_alternative_per_quartic_lane
62,0,0,1,7,7,2,A,0,7,30,30,30,414,-1033,2735,low_plus_zeta_high,twist_branch0,7,512,3430,top_split_then_twist_then_store_dft3_input,a[0..31],a[384..415],7,tmp_ld4[branch0][group0][n31][n32_lane7][q2],62,124,ld4_tmp_ld4_branch0_group0_n31,x1_q2_vlane7,tmp_ld3[branch0][q2][group0][n32_lane7][n31],214,428,ld3_tmp_ld3_branch0_q2_group0,x1_vlane7,LD4_layout_is_recommended_for_four_quartic_lanes;LD3_layout_is_alternative_per_quartic_lane
63,0,0,1,7,7,3,A,0,7,31,31,31,415,-1033,2735,low_plus_zeta_high,twist_branch0,7,512,3430,top_split_then_twist_then_store_dft3_input,a[0..31],a[384..415],7,tmp_ld4[branch0][group0][n31][n32_lane7][q3],63,126,ld4_tmp_ld4_branch0_group0_n31,x1_q3_vlane7,tmp_ld3[branch0][q3][group0][n32_lane7][n31],310,620,ld3_tmp_ld3_branch0_q3_group0,x1_vlane7,LD4_layout_is_recommended_for_four_quartic_lanes;LD3_layout_is_alternative_per_quartic_lane
64,0,0,2,0,0,0,B,4,32,128,128,128,512,-1033,2735,low_plus_zeta_high,twist_branch0,32,-682,1886,top_split_then_twist_then_store_dft3_input,a[128..159],a[512..543],0,tmp_ld4[branch0][group0][n32][n32_lane0][q0],64,128,ld4_tmp_ld4_branch0_group0_n32,x2_q0_vlane0,tmp_ld3[branch0][q0][group0][n32_lane0][n32],2,4,ld3_tmp_ld3_branch0_q0_group0,x2_vlane0,LD4_layout_is_recommended_for_four_quartic_lanes;LD3_layout_is_alternative_per_quartic_lane
65,0,0,2,0,0,1,B,4,32,129,129,129,513,-1033,2735,low_plus_zeta_high,twist_branch0,32,-682,1886,top_split_then_twist_then_store_dft3_input,a[128..159],a[512..543],0,tmp_ld4[branch0][group0][n32][n32_lane0][q1],65,130,ld4_tmp_ld4_branch0_group0_n32,x2_q1_vlane0,tmp_ld3[branch0][q1][group0][n32_lane0][n32],98,196,ld3_tmp_ld3_branch0_q1_group0,x2_vlane0,LD4_layout_is_recommended_for_four_quartic_lanes;LD3_layout_is_alternative_per_quartic_lane
66,0,0,2,0,0,2,B,4,32,130,130,130,514,-1033,2735,low_plus_zeta_high,twist_branch0,32,-682,1886,top_split_then_twist_then_store_dft3_input,a[128..159],a[512..543],0,tmp_ld4[branch0][group0][n32][n32_lane0][q2],66,132,ld4_tmp_ld4_branch0_group0_n32,x2_q2_vlane0,tmp_ld3[branch0][q2][group0][n32_lane0][n32],194,388,ld3_tmp_ld3_branch0_q2_group0,x2_vlane0,LD4_layout_is_recommended_for_four_quartic_lanes;LD3_layout_is_alternative_per_quartic_lane
67,0,0,2,0,0,3,B,4,32,131,131,131,515,-1033,2735,low_plus_zeta_high,twist_branch0,32,-682,1886,top_split_then_twist_then_store_dft3_input,a[128..159],a[512..543],0,tmp_ld4[branch0][group0][n32][n32_lane0][q3],67,134,ld4_tmp_ld4_branch0_group0_n32,x2_q3_vlane0,tmp_ld3[branch0][q3][group0][n32_lane0][n32],290,580,ld3_tmp_ld3_branch0_q3_group0,x2_vlane0,LD4_layout_is_recommended_for_four_quartic_lanes;LD3_layout_is_alternative_per_quartic_lane
68,0,0,2,1,1,0,C,8,65,260,260,260,644,-1033,2735,low_plus_zeta_high,twist_branch0,65,-124,1600,top_split_then_twist_then_store_dft3_input,a[256..287],a[640..671],1,tmp_ld4[branch0][group0][n32][n32_lane1][q0],68,136,ld4_tmp_ld4_branch0_group0_n32,x2_q0_vlane1,tmp_ld3[branch0][q0][group0][n32_lane1][n32],5,10,ld3_tmp_ld3_branch0_q0_group0,x2_vlane1,LD4_layout_is_recommended_for_four_quartic_lanes;LD3_layout_is_alternative_per_quartic_lane
69,0,0,2,1,1,1,C,8,65,261,261,261,645,-1033,2735,low_plus_zeta_high,twist_branch0,65,-124,1600,top_split_then_twist_then_store_dft3_input,a[256..287],a[640..671],1,tmp_ld4[branch0][group0][n32][n32_lane1][q1],69,138,ld4_tmp_ld4_branch0_group0_n32,x2_q1_vlane1,tmp_ld3[branch0][q1][group0][n32_lane1][n32],101,202,ld3_tmp_ld3_branch0_q1_group0,x2_vlane1,LD4_layout_is_recommended_for_four_quartic_lanes;LD3_layout_is_alternative_per_quartic_lane
70,0,0,2,1,1,2,C,8,65,262,262,262,646,-1033,2735,low_plus_zeta_high,twist_branch0,65,-124,1600,top_split_then_twist_then_store_dft3_input,a[256..287],a[640..671],1,tmp_ld4[branch0][group0][n32][n32_lane1][q2],70,140,ld4_tmp_ld4_branch0_group0_n32,x2_q2_vlane1,tmp_ld3[branch0][q2][group0][n32_lane1][n32],197,394,ld3_tmp_ld3_branch0_q2_group0,x2_vlane1,LD4_layout_is_recommended_for_four_quartic_lanes;LD3_layout_is_alternative_per_quartic_lane
71,0,0,2,1,1,3,C,8,65,263,263,263,647,-1033,2735,low_plus_zeta_high,twist_branch0,65,-124,1600,top_split_then_twist_then_store_dft3_input,a[256..287],a[640..671],1,tmp_ld4[branch0][group0][n32][n32_lane1][q3],71,142,ld4_tmp_ld4_branch0_group0_n32,x2_q3_vlane1,tmp_ld3[branch0][q3][group0][n32_lane1][n32],293,586,ld3_tmp_ld3_branch0_q3_group0,x2_vlane1,LD4_layout_is_recommended_for_four_quartic_lanes;LD3_layout_is_alternative_per_quartic_lane
72,0,0,2,2,2,0,A,0,2,8,8,8,392,-1033,2735,low_plus_zeta_high,twist_branch0,2,-901,2593,top_split_then_twist_then_store_dft3_input,a[0..31],a[384..415],2,tmp_ld4[branch0][group0][n32][n32_lane2][q0],72,144,ld4_tmp_ld4_branch0_group0_n32,x2_q0_vlane2,tmp_ld3[branch0][q0][group0][n32_lane2][n32],8,16,ld3_tmp_ld3_branch0_q0_group0,x2_vlane2,LD4_layout_is_recommended_for_four_quartic_lanes;LD3_layout_is_alternative_per_quartic_lane
73,0,0,2,2,2,1,A,0,2,9,9,9,393,-1033,2735,low_plus_zeta_high,twist_branch0,2,-901,2593,top_split_then_twist_then_store_dft3_input,a[0..31],a[384..415],2,tmp_ld4[branch0][group0][n32][n32_lane2][q1],73,146,ld4_tmp_ld4_branch0_group0_n32,x2_q1_vlane2,tmp_ld3[branch0][q1][group0][n32_lane2][n32],104,208,ld3_tmp_ld3_branch0_q1_group0,x2_vlane2,LD4_layout_is_recommended_for_four_quartic_lanes;LD3_layout_is_alternative_per_quartic_lane
74,0,0,2,2,2,2,A,0,2,10,10,10,394,-1033,2735,low_plus_zeta_high,twist_branch0,2,-901,2593,top_split_then_twist_then_store_dft3_input,a[0..31],a[384..415],2,tmp_ld4[branch0][group0][n32][n32_lane2][q2],74,148,ld4_tmp_ld4_branch0_group0_n32,x2_q2_vlane2,tmp_ld3[branch0][q2][group0][n32_lane2][n32],200,400,ld3_tmp_ld3_branch0_q2_group0,x2_vlane2,LD4_layout_is_recommended_for_four_quartic_lanes;LD3_layout_is_alternative_per_quartic_lane
75,0,0,2,2,2,3,A,0,2,11,11,11,395,-1033,2735,low_plus_zeta_high,twist_branch0,2,-901,2593,top_split_then_twist_then_store_dft3_input,a[0..31],a[384..415],2,tmp_ld4[branch0][group0][n32][n32_lane2][q3],75,150,ld4_tmp_ld4_branch0_group0_n32,x2_q3_vlane2,tmp_ld3[branch0][q3][group0][n32_lane2][n32],296,592,ld3_tmp_ld3_branch0_q3_group0,x2_vlane2,LD4_layout_is_recommended_for_four_quartic_lanes;LD3_layout_is_alternative_per_quartic_lane
76,0,0,2,3,3,0,B,4,35,140,140,140,524,-1033,2735,low_plus_zeta_high,twist_branch0,35,779,1100,top_split_then_twist_then_store_dft3_input,a[128..159],a[512..543],3,tmp_ld4[branch0][group0][n32][n32_lane3][q0],76,152,ld4_tmp_ld4_branch0_group0_n32,x2_q0_vlane3,tmp_ld3[branch0][q0][group0][n32_lane3][n32],11,22,ld3_tmp_ld3_branch0_q0_group0,x2_vlane3,LD4_layout_is_recommended_for_four_quartic_lanes;LD3_layout_is_alternative_per_quartic_lane
77,0,0,2,3,3,1,B,4,35,141,141,141,525,-1033,2735,low_plus_zeta_high,twist_branch0,35,779,1100,top_split_then_twist_then_store_dft3_input,a[128..159],a[512..543],3,tmp_ld4[branch0][group0][n32][n32_lane3][q1],77,154,ld4_tmp_ld4_branch0_group0_n32,x2_q1_vlane3,tmp_ld3[branch0][q1][group0][n32_lane3][n32],107,214,ld3_tmp_ld3_branch0_q1_group0,x2_vlane3,LD4_layout_is_recommended_for_four_quartic_lanes;LD3_layout_is_alternative_per_quartic_lane
78,0,0,2,3,3,2,B,4,35,142,142,142,526,-1033,2735,low_plus_zeta_high,twist_branch0,35,779,1100,top_split_then_twist_then_store_dft3_input,a[128..159],a[512..543],3,tmp_ld4[branch0][group0][n32][n32_lane3][q2],78,156,ld4_tmp_ld4_branch0_group0_n32,x2_q2_vlane3,tmp_ld3[branch0][q2][group0][n32_lane3][n32],203,406,ld3_tmp_ld3_branch0_q2_group0,x2_vlane3,LD4_layout_is_recommended_for_four_quartic_lanes;LD3_layout_is_alternative_per_quartic_lane
79,0,0,2,3,3,3,B,4,35,143,143,143,527,-1033,2735,low_plus_zeta_high,twist_branch0,35,779,1100,top_split_then_twist_then_store_dft3_input,a[128..159],a[512..543],3,tmp_ld4[branch0][group0][n32][n32_lane3][q3],79,158,ld4_tmp_ld4_branch0_group0_n32,x2_q3_vlane3,tmp_ld3[branch0][q3][group0][n32_lane3][n32],299,598,ld3_tmp_ld3_branch0_q3_group0,x2_vlane3,LD4_layout_is_recommended_for_four_quartic_lanes;LD3_layout_is_alternative_per_quartic_lane
80,0,0,2,4,4,0,C,8,68,272,272,272,656,-1033,2735,low_plus_zeta_high,twist_branch0,68,1713,200,top_split_then_twist_then_store_dft3_input,a[256..287],a[640..671],4,tmp_ld4[branch0][group0][n32][n32_lane4][q0],80,160,ld4_tmp_ld4_branch0_group0_n32,x2_q0_vlane4,tmp_ld3[branch0][q0][group0][n32_lane4][n32],14,28,ld3_tmp_ld3_branch0_q0_group0,x2_vlane4,LD4_layout_is_recommended_for_four_quartic_lanes;LD3_layout_is_alternative_per_quartic_lane
81,0,0,2,4,4,1,C,8,68,273,273,273,657,-1033,2735,low_plus_zeta_high,twist_branch0,68,1713,200,top_split_then_twist_then_store_dft3_input,a[256..287],a[640..671],4,tmp_ld4[branch0][group0][n32][n32_lane4][q1],81,162,ld4_tmp_ld4_branch0_group0_n32,x2_q1_vlane4,tmp_ld3[branch0][q1][group0][n32_lane4][n32],110,220,ld3_tmp_ld3_branch0_q1_group0,x2_vlane4,LD4_layout_is_recommended_for_four_quartic_lanes;LD3_layout_is_alternative_per_quartic_lane
82,0,0,2,4,4,2,C,8,68,274,274,274,658,-1033,2735,low_plus_zeta_high,twist_branch0,68,1713,200,top_split_then_twist_then_store_dft3_input,a[256..287],a[640..671],4,tmp_ld4[branch0][group0][n32][n32_lane4][q2],82,164,ld4_tmp_ld4_branch0_group0_n32,x2_q2_vlane4,tmp_ld3[branch0][q2][group0][n32_lane4][n32],206,412,ld3_tmp_ld3_branch0_q2_group0,x2_vlane4,LD4_layout_is_recommended_for_four_quartic_lanes;LD3_layout_is_alternative_per_quartic_lane
83,0,0,2,4,4,3,C,8,68,275,275,275,659,-1033,2735,low_plus_zeta_high,twist_branch0,68,1713,200,top_split_then_twist_then_store_dft3_input,a[256..287],a[640..671],4,tmp_ld4[branch0][group0][n32][n32_lane4][q3],83,166,ld4_tmp_ld4_branch0_group0_n32,x2_q3_vlane4,tmp_ld3[branch0][q3][group0][n32_lane4][n32],302,604,ld3_tmp_ld3_branch0_q3_group0,x2_vlane4,LD4_layout_is_recommended_for_four_quartic_lanes;LD3_layout_is_alternative_per_quartic_lane
84,0,0,2,5,5,0,A,0,5,20,20,20,404,-1033,2735,low_plus_zeta_high,twist_branch0,5,-1409,3349,top_split_then_twist_then_store_dft3_input,a[0..31],a[384..415],5,tmp_ld4[branch0][group0][n32][n32_lane5][q0],84,168,ld4_tmp_ld4_branch0_group0_n32,x2_q0_vlane5,tmp_ld3[branch0][q0][group0][n32_lane5][n32],17,34,ld3_tmp_ld3_branch0_q0_group0,x2_vlane5,LD4_layout_is_recommended_for_four_quartic_lanes;LD3_layout_is_alternative_per_quartic_lane
85,0,0,2,5,5,1,A,0,5,21,21,21,405,-1033,2735,low_plus_zeta_high,twist_branch0,5,-1409,3349,top_split_then_twist_then_store_dft3_input,a[0..31],a[384..415],5,tmp_ld4[branch0][group0][n32][n32_lane5][q1],85,170,ld4_tmp_ld4_branch0_group0_n32,x2_q1_vlane5,tmp_ld3[branch0][q1][group0][n32_lane5][n32],113,226,ld3_tmp_ld3_branch0_q1_group0,x2_vlane5,LD4_layout_is_recommended_for_four_quartic_lanes;LD3_layout_is_alternative_per_quartic_lane
86,0,0,2,5,5,2,A,0,5,22,22,22,406,-1033,2735,low_plus_zeta_high,twist_branch0,5,-1409,3349,top_split_then_twist_then_store_dft3_input,a[0..31],a[384..415],5,tmp_ld4[branch0][group0][n32][n32_lane5][q2],86,172,ld4_tmp_ld4_branch0_group0_n32,x2_q2_vlane5,tmp_ld3[branch0][q2][group0][n32_lane5][n32],209,418,ld3_tmp_ld3_branch0_q2_group0,x2_vlane5,LD4_layout_is_recommended_for_four_quartic_lanes;LD3_layout_is_alternative_per_quartic_lane
87,0,0,2,5,5,3,A,0,5,23,23,23,407,-1033,2735,low_plus_zeta_high,twist_branch0,5,-1409,3349,top_split_then_twist_then_store_dft3_input,a[0..31],a[384..415],5,tmp_ld4[branch0][group0][n32][n32_lane5][q3],87,174,ld4_tmp_ld4_branch0_group0_n32,x2_q3_vlane5,tmp_ld3[branch0][q3][group0][n32_lane5][n32],305,610,ld3_tmp_ld3_branch0_q3_group0,x2_vlane5,LD4_layout_is_recommended_for_four_quartic_lanes;LD3_layout_is_alternative_per_quartic_lane
88,0,0,2,6,6,0,B,4,38,152,152,152,536,-1033,2735,low_plus_zeta_high,twist_branch0,38,-1199,1866,top_split_then_twist_then_store_dft3_input,a[128..159],a[512..543],6,tmp_ld4[branch0][group0][n32][n32_lane6][q0],88,176,ld4_tmp_ld4_branch0_group0_n32,x2_q0_vlane6,tmp_ld3[branch0][q0][group0][n32_lane6][n32],20,40,ld3_tmp_ld3_branch0_q0_group0,x2_vlane6,LD4_layout_is_recommended_for_four_quartic_lanes;LD3_layout_is_alternative_per_quartic_lane
89,0,0,2,6,6,1,B,4,38,153,153,153,537,-1033,2735,low_plus_zeta_high,twist_branch0,38,-1199,1866,top_split_then_twist_then_store_dft3_input,a[128..159],a[512..543],6,tmp_ld4[branch0][group0][n32][n32_lane6][q1],89,178,ld4_tmp_ld4_branch0_group0_n32,x2_q1_vlane6,tmp_ld3[branch0][q1][group0][n32_lane6][n32],116,232,ld3_tmp_ld3_branch0_q1_group0,x2_vlane6,LD4_layout_is_recommended_for_four_quartic_lanes;LD3_layout_is_alternative_per_quartic_lane
90,0,0,2,6,6,2,B,4,38,154,154,154,538,-1033,2735,low_plus_zeta_high,twist_branch0,38,-1199,1866,top_split_then_twist_then_store_dft3_input,a[128..159],a[512..543],6,tmp_ld4[branch0][group0][n32][n32_lane6][q2],90,180,ld4_tmp_ld4_branch0_group0_n32,x2_q2_vlane6,tmp_ld3[branch0][q2][group0][n32_lane6][n32],212,424,ld3_tmp_ld3_branch0_q2_group0,x2_vlane6,LD4_layout_is_recommended_for_four_quartic_lanes;LD3_layout_is_alternative_per_quartic_lane
91,0,0,2,6,6,3,B,4,38,155,155,155,539,-1033,2735,low_plus_zeta_high,twist_branch0,38,-1199,1866,top_split_then_twist_then_store_dft3_input,a[128..159],a[512..543],6,tmp_ld4[branch0][group0][n32][n32_lane6][q3],91,182,ld4_tmp_ld4_branch0_group0_n32,x2_q3_vlane6,tmp_ld3[branch0][q3][group0][n32_lane6][n32],308,616,ld3_tmp_ld3_branch0_q3_group0,x2_vlane6,LD4_layout_is_recommended_for_four_quartic_lanes;LD3_layout_is_alternative_per_quartic_lane
92,0,0,2,7,7,0,C,8,71,284,284,284,668,-1033,2735,low_plus_zeta_high,twist_branch0,71,-218,25,top_split_then_twist_then_store_dft3_input,a[256..287],a[640..671],7,tmp_ld4[branch0][group0][n32][n32_lane7][q0],92,184,ld4_tmp_ld4_branch0_group0_n32,x2_q0_vlane7,tmp_ld3[branch0][q0][group0][n32_lane7][n32],23,46,ld3_tmp_ld3_branch0_q0_group0,x2_vlane7,LD4_layout_is_recommended_for_four_quartic_lanes;LD3_layout_is_alternative_per_quartic_lane
93,0,0,2,7,7,1,C,8,71,285,285,285,669,-1033,2735,low_plus_zeta_high,twist_branch0,71,-218,25,top_split_then_twist_then_store_dft3_input,a[256..287],a[640..671],7,tmp_ld4[branch0][group0][n32][n32_lane7][q1],93,186,ld4_tmp_ld4_branch0_group0_n32,x2_q1_vlane7,tmp_ld3[branch0][q1][group0][n32_lane7][n32],119,238,ld3_tmp_ld3_branch0_q1_group0,x2_vlane7,LD4_layout_is_recommended_for_four_quartic_lanes;LD3_layout_is_alternative_per_quartic_lane
94,0,0,2,7,7,2,C,8,71,286,286,286,670,-1033,2735,low_plus_zeta_high,twist_branch0,71,-218,25,top_split_then_twist_then_store_dft3_input,a[256..287],a[640..671],7,tmp_ld4[branch0][group0][n32][n32_lane7][q2],94,188,ld4_tmp_ld4_branch0_group0_n32,x2_q2_vlane7,tmp_ld3[branch0][q2][group0][n32_lane7][n32],215,430,ld3_tmp_ld3_branch0_q2_group0,x2_vlane7,LD4_layout_is_recommended_for_four_quartic_lanes;LD3_layout_is_alternative_per_quartic_lane
95,0,0,2,7,7,3,C,8,71,287,287,287,671,-1033,2735,low_plus_zeta_high,twist_branch0,71,-218,25,top_split_then_twist_then_store_dft3_input,a[256..287],a[640..671],7,tmp_ld4[branch0][group0][n32][n32_lane7][q3],95,190,ld4_tmp_ld4_branch0_group0_n32,x2_q3_vlane7,tmp_ld3[branch0][q3][group0][n32_lane7][n32],311,622,ld3_tmp_ld3_branch0_q3_group0,x2_vlane7,LD4_layout_is_recommended_for_four_quartic_lanes;LD3_layout_is_alternative_per_quartic_lane
96,0,1,0,8,0,0,C,9,72,288,288,288,672,-1033,2735,low_plus_zeta_high,twist_branch0,72,-109,1741,top_split_then_twist_then_store_dft3_input,a[288..319],a[672..703],0,tmp_ld4[branch0][group1][n30][n32_lane0][q0],96,192,ld4_tmp_ld4_branch0_group1_n30,x0_q0_vlane0,tmp_ld3[branch0][q0][group1][n32_lane0][n30],24,48,ld3_tmp_ld3_branch0_q0_group1,x0_vlane0,LD4_layout_is_recommended_for_four_quartic_lanes;LD3_layout_is_alternative_per_quartic_lane
97,0,1,0,8,0,1,C,9,72,289,289,289,673,-1033,2735,low_plus_zeta_high,twist_branch0,72,-109,1741,top_split_then_twist_then_store_dft3_input,a[288..319],a[672..703],0,tmp_ld4[branch0][group1][n30][n32_lane0][q1],97,194,ld4_tmp_ld4_branch0_group1_n30,x0_q1_vlane0,tmp_ld3[branch0][q1][group1][n32_lane0][n30],120,240,ld3_tmp_ld3_branch0_q1_group1,x0_vlane0,LD4_layout_is_recommended_for_four_quartic_lanes;LD3_layout_is_alternative_per_quartic_lane
98,0,1,0,8,0,2,C,9,72,290,290,290,674,-1033,2735,low_plus_zeta_high,twist_branch0,72,-109,1741,top_split_then_twist_then_store_dft3_input,a[288..319],a[672..703],0,tmp_ld4[branch0][group1][n30][n32_lane0][q2],98,196,ld4_tmp_ld4_branch0_group1_n30,x0_q2_vlane0,tmp_ld3[branch0][q2][group1][n32_lane0][n30],216,432,ld3_tmp_ld3_branch0_q2_group1,x0_vlane0,LD4_layout_is_recommended_for_four_quartic_lanes;LD3_layout_is_alternative_per_quartic_lane
99,0,1,0,8,0,3,C,9,72,291,291,291,675,-1033,2735,low_plus_zeta_high,twist_branch0,72,-109,1741,top_split_then_twist_then_store_dft3_input,a[288..319],a[672..703],0,tmp_ld4[branch0][group1][n30][n32_lane0][q3],99,198,ld4_tmp_ld4_branch0_group1_n30,x0_q3_vlane0,tmp_ld3[branch0][q3][group1][n32_lane0][n30],312,624,ld3_tmp_ld3_branch0_q3_group1,x0_vlane0,LD4_layout_is_recommended_for_four_quartic_lanes;LD3_layout_is_alternative_per_quartic_lane
100,0,1,0,9,1,0,A,1,9,36,36,36,420,-1033,2735,low_plus_zeta_high,twist_branch0,9,128,2586,top_split_then_twist_then_store_dft3_input,a[32..63],a[416..447],1,tmp_ld4[branch0][group1][n30][n32_lane1][q0],100,200,ld4_tmp_ld4_branch0_group1_n30,x0_q0_vlane1,tmp_ld3[branch0][q0][group1][n32_lane1][n30],27,54,ld3_tmp_ld3_branch0_q0_group1,x0_vlane1,LD4_layout_is_recommended_for_four_quartic_lanes;LD3_layout_is_alternative_per_quartic_lane
101,0,1,0,9,1,1,A,1,9,37,37,37,421,-1033,2735,low_plus_zeta_high,twist_branch0,9,128,2586,top_split_then_twist_then_store_dft3_input,a[32..63],a[416..447],1,tmp_ld4[branch0][group1][n30][n32_lane1][q1],101,202,ld4_tmp_ld4_branch0_group1_n30,x0_q1_vlane1,tmp_ld3[branch0][q1][group1][n32_lane1][n30],123,246,ld3_tmp_ld3_branch0_q1_group1,x0_vlane1,LD4_layout_is_recommended_for_four_quartic_lanes;LD3_layout_is_alternative_per_quartic_lane
102,0,1,0,9,1,2,A,1,9,38,38,38,422,-1033,2735,low_plus_zeta_high,twist_branch0,9,128,2586,top_split_then_twist_then_store_dft3_input,a[32..63],a[416..447],1,tmp_ld4[branch0][group1][n30][n32_lane1][q2],102,204,ld4_tmp_ld4_branch0_group1_n30,x0_q2_vlane1,tmp_ld3[branch0][q2][group1][n32_lane1][n30],219,438,ld3_tmp_ld3_branch0_q2_group1,x0_vlane1,LD4_layout_is_recommended_for_four_quartic_lanes;LD3_layout_is_alternative_per_quartic_lane
103,0,1,0,9,1,3,A,1,9,39,39,39,423,-1033,2735,low_plus_zeta_high,twist_branch0,9,128,2586,top_split_then_twist_then_store_dft3_input,a[32..63],a[416..447],1,tmp_ld4[branch0][group1][n30][n32_lane1][q3],103,206,ld4_tmp_ld4_branch0_group1_n30,x0_q3_vlane1,tmp_ld3[branch0][q3][group1][n32_lane1][n30],315,630,ld3_tmp_ld3_branch0_q3_group1,x0_vlane1,LD4_layout_is_recommended_for_four_quartic_lanes;LD3_layout_is_alternative_per_quartic_lane
104,0,1,0,10,2,0,B,5,42,168,168,168,552,-1033,2735,low_plus_zeta_high,twist_branch0,42,-291,1413,top_split_then_twist_then_store_dft3_input,a[160..191],a[544..575],2,tmp_ld4[branch0][group1][n30][n32_lane2][q0],104,208,ld4_tmp_ld4_branch0_group1_n30,x0_q0_vlane2,tmp_ld3[branch0][q0][group1][n32_lane2][n30],30,60,ld3_tmp_ld3_branch0_q0_group1,x0_vlane2,LD4_layout_is_recommended_for_four_quartic_lanes;LD3_layout_is_alternative_per_quartic_lane
105,0,1,0,10,2,1,B,5,42,169,169,169,553,-1033,2735,low_plus_zeta_high,twist_branch0,42,-291,1413,top_split_then_twist_then_store_dft3_input,a[160..191],a[544..575],2,tmp_ld4[branch0][group1][n30][n32_lane2][q1],105,210,ld4_tmp_ld4_branch0_group1_n30,x0_q1_vlane2,tmp_ld3[branch0][q1][group1][n32_lane2][n30],126,252,ld3_tmp_ld3_branch0_q1_group1,x0_vlane2,LD4_layout_is_recommended_for_four_quartic_lanes;LD3_layout_is_alternative_per_quartic_lane
106,0,1,0,10,2,2,B,5,42,170,170,170,554,-1033,2735,low_plus_zeta_high,twist_branch0,42,-291,1413,top_split_then_twist_then_store_dft3_input,a[160..191],a[544..575],2,tmp_ld4[branch0][group1][n30][n32_lane2][q2],106,212,ld4_tmp_ld4_branch0_group1_n30,x0_q2_vlane2,tmp_ld3[branch0][q2][group1][n32_lane2][n30],222,444,ld3_tmp_ld3_branch0_q2_group1,x0_vlane2,LD4_layout_is_recommended_for_four_quartic_lanes;LD3_layout_is_alternative_per_quartic_lane
107,0,1,0,10,2,3,B,5,42,171,171,171,555,-1033,2735,low_plus_zeta_high,twist_branch0,42,-291,1413,top_split_then_twist_then_store_dft3_input,a[160..191],a[544..575],2,tmp_ld4[branch0][group1][n30][n32_lane2][q3],107,214,ld4_tmp_ld4_branch0_group1_n30,x0_q3_vlane2,tmp_ld3[branch0][q3][group1][n32_lane2][n30],318,636,ld3_tmp_ld3_branch0_q3_group1,x0_vlane2,LD4_layout_is_recommended_for_four_quartic_lanes;LD3_layout_is_alternative_per_quartic_lane
108,0,1,0,11,3,0,C,9,75,300,300,300,684,-1033,2735,low_plus_zeta_high,twist_branch0,75,-1310,1514,top_split_then_twist_then_store_dft3_input,a[288..319],a[672..703],3,tmp_ld4[branch0][group1][n30][n32_lane3][q0],108,216,ld4_tmp_ld4_branch0_group1_n30,x0_q0_vlane3,tmp_ld3[branch0][q0][group1][n32_lane3][n30],33,66,ld3_tmp_ld3_branch0_q0_group1,x0_vlane3,LD4_layout_is_recommended_for_four_quartic_lanes;LD3_layout_is_alternative_per_quartic_lane
109,0,1,0,11,3,1,C,9,75,301,301,301,685,-1033,2735,low_plus_zeta_high,twist_branch0,75,-1310,1514,top_split_then_twist_then_store_dft3_input,a[288..319],a[672..703],3,tmp_ld4[branch0][group1][n30][n32_lane3][q1],109,218,ld4_tmp_ld4_branch0_group1_n30,x0_q1_vlane3,tmp_ld3[branch0][q1][group1][n32_lane3][n30],129,258,ld3_tmp_ld3_branch0_q1_group1,x0_vlane3,LD4_layout_is_recommended_for_four_quartic_lanes;LD3_layout_is_alternative_per_quartic_lane
110,0,1,0,11,3,2,C,9,75,302,302,302,686,-1033,2735,low_plus_zeta_high,twist_branch0,75,-1310,1514,top_split_then_twist_then_store_dft3_input,a[288..319],a[672..703],3,tmp_ld4[branch0][group1][n30][n32_lane3][q2],110,220,ld4_tmp_ld4_branch0_group1_n30,x0_q2_vlane3,tmp_ld3[branch0][q2][group1][n32_lane3][n30],225,450,ld3_tmp_ld3_branch0_q2_group1,x0_vlane3,LD4_layout_is_recommended_for_four_quartic_lanes;LD3_layout_is_alternative_per_quartic_lane
111,0,1,0,11,3,3,C,9,75,303,303,303,687,-1033,2735,low_plus_zeta_high,twist_branch0,75,-1310,1514,top_split_then_twist_then_store_dft3_input,a[288..319],a[672..703],3,tmp_ld4[branch0][group1][n30][n32_lane3][q3],111,222,ld4_tmp_ld4_branch0_group1_n30,x0_q3_vlane3,tmp_ld3[branch0][q3][group1][n32_lane3][n30],321,642,ld3_tmp_ld3_branch0_q3_group1,x0_vlane3,LD4_layout_is_recommended_for_four_quartic_lanes;LD3_layout_is_alternative_per_quartic_lane
112,0,1,0,12,4,0,A,1,12,48,48,48,432,-1033,2735,low_plus_zeta_high,twist_branch0,12,16,2916,top_split_then_twist_then_store_dft3_input,a[32..63],a[416..447],4,tmp_ld4[branch0][group1][n30][n32_lane4][q0],112,224,ld4_tmp_ld4_branch0_group1_n30,x0_q0_vlane4,tmp_ld3[branch0][q0][group1][n32_lane4][n30],36,72,ld3_tmp_ld3_branch0_q0_group1,x0_vlane4,LD4_layout_is_recommended_for_four_quartic_lanes;LD3_layout_is_alternative_per_quartic_lane
113,0,1,0,12,4,1,A,1,12,49,49,49,433,-1033,2735,low_plus_zeta_high,twist_branch0,12,16,2916,top_split_then_twist_then_store_dft3_input,a[32..63],a[416..447],4,tmp_ld4[branch0][group1][n30][n32_lane4][q1],113,226,ld4_tmp_ld4_branch0_group1_n30,x0_q1_vlane4,tmp_ld3[branch0][q1][group1][n32_lane4][n30],132,264,ld3_tmp_ld3_branch0_q1_group1,x0_vlane4,LD4_layout_is_recommended_for_four_quartic_lanes;LD3_layout_is_alternative_per_quartic_lane
114,0,1,0,12,4,2,A,1,12,50,50,50,434,-1033,2735,low_plus_zeta_high,twist_branch0,12,16,2916,top_split_then_twist_then_store_dft3_input,a[32..63],a[416..447],4,tmp_ld4[branch0][group1][n30][n32_lane4][q2],114,228,ld4_tmp_ld4_branch0_group1_n30,x0_q2_vlane4,tmp_ld3[branch0][q2][group1][n32_lane4][n30],228,456,ld3_tmp_ld3_branch0_q2_group1,x0_vlane4,LD4_layout_is_recommended_for_four_quartic_lanes;LD3_layout_is_alternative_per_quartic_lane
115,0,1,0,12,4,3,A,1,12,51,51,51,435,-1033,2735,low_plus_zeta_high,twist_branch0,12,16,2916,top_split_then_twist_then_store_dft3_input,a[32..63],a[416..447],4,tmp_ld4[branch0][group1][n30][n32_lane4][q3],115,230,ld4_tmp_ld4_branch0_group1_n30,x0_q3_vlane4,tmp_ld3[branch0][q3][group1][n32_lane4][n30],324,648,ld3_tmp_ld3_branch0_q3_group1,x0_vlane4,LD4_layout_is_recommended_for_four_quartic_lanes;LD3_layout_is_alternative_per_quartic_lane
116,0,1,0,13,5,0,B,5,45,180,180,180,564,-1033,2735,low_plus_zeta_high,twist_branch0,45,1260,1473,top_split_then_twist_then_store_dft3_input,a[160..191],a[544..575],5,tmp_ld4[branch0][group1][n30][n32_lane5][q0],116,232,ld4_tmp_ld4_branch0_group1_n30,x0_q0_vlane5,tmp_ld3[branch0][q0][group1][n32_lane5][n30],39,78,ld3_tmp_ld3_branch0_q0_group1,x0_vlane5,LD4_layout_is_recommended_for_four_quartic_lanes;LD3_layout_is_alternative_per_quartic_lane
117,0,1,0,13,5,1,B,5,45,181,181,181,565,-1033,2735,low_plus_zeta_high,twist_branch0,45,1260,1473,top_split_then_twist_then_store_dft3_input,a[160..191],a[544..575],5,tmp_ld4[branch0][group1][n30][n32_lane5][q1],117,234,ld4_tmp_ld4_branch0_group1_n30,x0_q1_vlane5,tmp_ld3[branch0][q1][group1][n32_lane5][n30],135,270,ld3_tmp_ld3_branch0_q1_group1,x0_vlane5,LD4_layout_is_recommended_for_four_quartic_lanes;LD3_layout_is_alternative_per_quartic_lane
118,0,1,0,13,5,2,B,5,45,182,182,182,566,-1033,2735,low_plus_zeta_high,twist_branch0,45,1260,1473,top_split_then_twist_then_store_dft3_input,a[160..191],a[544..575],5,tmp_ld4[branch0][group1][n30][n32_lane5][q2],118,236,ld4_tmp_ld4_branch0_group1_n30,x0_q2_vlane5,tmp_ld3[branch0][q2][group1][n32_lane5][n30],231,462,ld3_tmp_ld3_branch0_q2_group1,x0_vlane5,LD4_layout_is_recommended_for_four_quartic_lanes;LD3_layout_is_alternative_per_quartic_lane
119,0,1,0,13,5,3,B,5,45,183,183,183,567,-1033,2735,low_plus_zeta_high,twist_branch0,45,1260,1473,top_split_then_twist_then_store_dft3_input,a[160..191],a[544..575],5,tmp_ld4[branch0][group1][n30][n32_lane5][q3],119,238,ld4_tmp_ld4_branch0_group1_n30,x0_q3_vlane5,tmp_ld3[branch0][q3][group1][n32_lane5][n30],327,654,ld3_tmp_ld3_branch0_q3_group1,x0_vlane5,LD4_layout_is_recommended_for_four_quartic_lanes;LD3_layout_is_alternative_per_quartic_lane
120,0,1,0,14,6,0,C,9,78,312,312,312,696,-1033,2735,low_plus_zeta_high,twist_branch0,78,-1028,2782,top_split_then_twist_then_store_dft3_input,a[288..319],a[672..703],6,tmp_ld4[branch0][group1][n30][n32_lane6][q0],120,240,ld4_tmp_ld4_branch0_group1_n30,x0_q0_vlane6,tmp_ld3[branch0][q0][group1][n32_lane6][n30],42,84,ld3_tmp_ld3_branch0_q0_group1,x0_vlane6,LD4_layout_is_recommended_for_four_quartic_lanes;LD3_layout_is_alternative_per_quartic_lane
121,0,1,0,14,6,1,C,9,78,313,313,313,697,-1033,2735,low_plus_zeta_high,twist_branch0,78,-1028,2782,top_split_then_twist_then_store_dft3_input,a[288..319],a[672..703],6,tmp_ld4[branch0][group1][n30][n32_lane6][q1],121,242,ld4_tmp_ld4_branch0_group1_n30,x0_q1_vlane6,tmp_ld3[branch0][q1][group1][n32_lane6][n30],138,276,ld3_tmp_ld3_branch0_q1_group1,x0_vlane6,LD4_layout_is_recommended_for_four_quartic_lanes;LD3_layout_is_alternative_per_quartic_lane
122,0,1,0,14,6,2,C,9,78,314,314,314,698,-1033,2735,low_plus_zeta_high,twist_branch0,78,-1028,2782,top_split_then_twist_then_store_dft3_input,a[288..319],a[672..703],6,tmp_ld4[branch0][group1][n30][n32_lane6][q2],122,244,ld4_tmp_ld4_branch0_group1_n30,x0_q2_vlane6,tmp_ld3[branch0][q2][group1][n32_lane6][n30],234,468,ld3_tmp_ld3_branch0_q2_group1,x0_vlane6,LD4_layout_is_recommended_for_four_quartic_lanes;LD3_layout_is_alternative_per_quartic_lane
123,0,1,0,14,6,3,C,9,78,315,315,315,699,-1033,2735,low_plus_zeta_high,twist_branch0,78,-1028,2782,top_split_then_twist_then_store_dft3_input,a[288..319],a[672..703],6,tmp_ld4[branch0][group1][n30][n32_lane6][q3],123,246,ld4_tmp_ld4_branch0_group1_n30,x0_q3_vlane6,tmp_ld3[branch0][q3][group1][n32_lane6][n30],330,660,ld3_tmp_ld3_branch0_q3_group1,x0_vlane6,LD4_layout_is_recommended_for_four_quartic_lanes;LD3_layout_is_alternative_per_quartic_lane
124,0,1,0,15,7,0,A,1,15,60,60,60,444,-1033,2735,low_plus_zeta_high,twist_branch0,15,2,2093,top_split_then_twist_then_store_dft3_input,a[32..63],a[416..447],7,tmp_ld4[branch0][group1][n30][n32_lane7][q0],124,248,ld4_tmp_ld4_branch0_group1_n30,x0_q0_vlane7,tmp_ld3[branch0][q0][group1][n32_lane7][n30],45,90,ld3_tmp_ld3_branch0_q0_group1,x0_vlane7,LD4_layout_is_recommended_for_four_quartic_lanes;LD3_layout_is_alternative_per_quartic_lane
125,0,1,0,15,7,1,A,1,15,61,61,61,445,-1033,2735,low_plus_zeta_high,twist_branch0,15,2,2093,top_split_then_twist_then_store_dft3_input,a[32..63],a[416..447],7,tmp_ld4[branch0][group1][n30][n32_lane7][q1],125,250,ld4_tmp_ld4_branch0_group1_n30,x0_q1_vlane7,tmp_ld3[branch0][q1][group1][n32_lane7][n30],141,282,ld3_tmp_ld3_branch0_q1_group1,x0_vlane7,LD4_layout_is_recommended_for_four_quartic_lanes;LD3_layout_is_alternative_per_quartic_lane
126,0,1,0,15,7,2,A,1,15,62,62,62,446,-1033,2735,low_plus_zeta_high,twist_branch0,15,2,2093,top_split_then_twist_then_store_dft3_input,a[32..63],a[416..447],7,tmp_ld4[branch0][group1][n30][n32_lane7][q2],126,252,ld4_tmp_ld4_branch0_group1_n30,x0_q2_vlane7,tmp_ld3[branch0][q2][group1][n32_lane7][n30],237,474,ld3_tmp_ld3_branch0_q2_group1,x0_vlane7,LD4_layout_is_recommended_for_four_quartic_lanes;LD3_layout_is_alternative_per_quartic_lane
127,0,1,0,15,7,3,A,1,15,63,63,63,447,-1033,2735,low_plus_zeta_high,twist_branch0,15,2,2093,top_split_then_twist_then_store_dft3_input,a[32..63],a[416..447],7,tmp_ld4[branch0][group1][n30][n32_lane7][q3],127,254,ld4_tmp_ld4_branch0_group1_n30,x0_q3_vlane7,tmp_ld3[branch0][q3][group1][n32_lane7][n30],333,666,ld3_tmp_ld3_branch0_q3_group1,x0_vlane7,LD4_layout_is_recommended_for_four_quartic_lanes;LD3_layout_is_alternative_per_quartic_lane
128,0,1,1,8,0,0,B,5,40,160,160,160,544,-1033,2735,low_plus_zeta_high,twist_branch0,40,-1164,2195,top_split_then_twist_then_store_dft3_input,a[160..191],a[544..575],0,tmp_ld4[branch0][group1][n31][n32_lane0][q0],128,256,ld4_tmp_ld4_branch0_group1_n31,x1_q0_vlane0,tmp_ld3[branch0][q0][group1][n32_lane0][n31],25,50,ld3_tmp_ld3_branch0_q0_group1,x1_vlane0,LD4_layout_is_recommended_for_four_quartic_lanes;LD3_layout_is_alternative_per_quartic_lane
129,0,1,1,8,0,1,B,5,40,161,161,161,545,-1033,2735,low_plus_zeta_high,twist_branch0,40,-1164,2195,top_split_then_twist_then_store_dft3_input,a[160..191],a[544..575],0,tmp_ld4[branch0][group1][n31][n32_lane0][q1],129,258,ld4_tmp_ld4_branch0_group1_n31,x1_q1_vlane0,tmp_ld3[branch0][q1][group1][n32_lane0][n31],121,242,ld3_tmp_ld3_branch0_q1_group1,x1_vlane0,LD4_layout_is_recommended_for_four_quartic_lanes;LD3_layout_is_alternative_per_quartic_lane
130,0,1,1,8,0,2,B,5,40,162,162,162,546,-1033,2735,low_plus_zeta_high,twist_branch0,40,-1164,2195,top_split_then_twist_then_store_dft3_input,a[160..191],a[544..575],0,tmp_ld4[branch0][group1][n31][n32_lane0][q2],130,260,ld4_tmp_ld4_branch0_group1_n31,x1_q2_vlane0,tmp_ld3[branch0][q2][group1][n32_lane0][n31],217,434,ld3_tmp_ld3_branch0_q2_group1,x1_vlane0,LD4_layout_is_recommended_for_four_quartic_lanes;LD3_layout_is_alternative_per_quartic_lane
131,0,1,1,8,0,3,B,5,40,163,163,163,547,-1033,2735,low_plus_zeta_high,twist_branch0,40,-1164,2195,top_split_then_twist_then_store_dft3_input,a[160..191],a[544..575],0,tmp_ld4[branch0][group1][n31][n32_lane0][q3],131,262,ld4_tmp_ld4_branch0_group1_n31,x1_q3_vlane0,tmp_ld3[branch0][q3][group1][n32_lane0][n31],313,626,ld3_tmp_ld3_branch0_q3_group1,x1_vlane0,LD4_layout_is_recommended_for_four_quartic_lanes;LD3_layout_is_alternative_per_quartic_lane
132,0,1,1,9,1,0,C,9,73,292,292,292,676,-1033,2735,low_plus_zeta_high,twist_branch0,73,1674,2599,top_split_then_twist_then_store_dft3_input,a[288..319],a[672..703],1,tmp_ld4[branch0][group1][n31][n32_lane1][q0],132,264,ld4_tmp_ld4_branch0_group1_n31,x1_q0_vlane1,tmp_ld3[branch0][q0][group1][n32_lane1][n31],28,56,ld3_tmp_ld3_branch0_q0_group1,x1_vlane1,LD4_layout_is_recommended_for_four_quartic_lanes;LD3_layout_is_alternative_per_quartic_lane
133,0,1,1,9,1,1,C,9,73,293,293,293,677,-1033,2735,low_plus_zeta_high,twist_branch0,73,1674,2599,top_split_then_twist_then_store_dft3_input,a[288..319],a[672..703],1,tmp_ld4[branch0][group1][n31][n32_lane1][q1],133,266,ld4_tmp_ld4_branch0_group1_n31,x1_q1_vlane1,tmp_ld3[branch0][q1][group1][n32_lane1][n31],124,248,ld3_tmp_ld3_branch0_q1_group1,x1_vlane1,LD4_layout_is_recommended_for_four_quartic_lanes;LD3_layout_is_alternative_per_quartic_lane
134,0,1,1,9,1,2,C,9,73,294,294,294,678,-1033,2735,low_plus_zeta_high,twist_branch0,73,1674,2599,top_split_then_twist_then_store_dft3_input,a[288..319],a[672..703],1,tmp_ld4[branch0][group1][n31][n32_lane1][q2],134,268,ld4_tmp_ld4_branch0_group1_n31,x1_q2_vlane1,tmp_ld3[branch0][q2][group1][n32_lane1][n31],220,440,ld3_tmp_ld3_branch0_q2_group1,x1_vlane1,LD4_layout_is_recommended_for_four_quartic_lanes;LD3_layout_is_alternative_per_quartic_lane
135,0,1,1,9,1,3,C,9,73,295,295,295,679,-1033,2735,low_plus_zeta_high,twist_branch0,73,1674,2599,top_split_then_twist_then_store_dft3_input,a[288..319],a[672..703],1,tmp_ld4[branch0][group1][n31][n32_lane1][q3],135,270,ld4_tmp_ld4_branch0_group1_n31,x1_q3_vlane1,tmp_ld3[branch0][q3][group1][n32_lane1][n31],316,632,ld3_tmp_ld3_branch0_q3_group1,x1_vlane1,LD4_layout_is_recommended_for_four_quartic_lanes;LD3_layout_is_alternative_per_quartic_lane
136,0,1,1,10,2,0,A,1,10,40,40,40,424,-1033,2735,low_plus_zeta_high,twist_branch0,10,64,1293,top_split_then_twist_then_store_dft3_input,a[32..63],a[416..447],2,tmp_ld4[branch0][group1][n31][n32_lane2][q0],136,272,ld4_tmp_ld4_branch0_group1_n31,x1_q0_vlane2,tmp_ld3[branch0][q0][group1][n32_lane2][n31],31,62,ld3_tmp_ld3_branch0_q0_group1,x1_vlane2,LD4_layout_is_recommended_for_four_quartic_lanes;LD3_layout_is_alternative_per_quartic_lane
137,0,1,1,10,2,1,A,1,10,41,41,41,425,-1033,2735,low_plus_zeta_high,twist_branch0,10,64,1293,top_split_then_twist_then_store_dft3_input,a[32..63],a[416..447],2,tmp_ld4[branch0][group1][n31][n32_lane2][q1],137,274,ld4_tmp_ld4_branch0_group1_n31,x1_q1_vlane2,tmp_ld3[branch0][q1][group1][n32_lane2][n31],127,254,ld3_tmp_ld3_branch0_q1_group1,x1_vlane2,LD4_layout_is_recommended_for_four_quartic_lanes;LD3_layout_is_alternative_per_quartic_lane
138,0,1,1,10,2,2,A,1,10,42,42,42,426,-1033,2735,low_plus_zeta_high,twist_branch0,10,64,1293,top_split_then_twist_then_store_dft3_input,a[32..63],a[416..447],2,tmp_ld4[branch0][group1][n31][n32_lane2][q2],138,276,ld4_tmp_ld4_branch0_group1_n31,x1_q2_vlane2,tmp_ld3[branch0][q2][group1][n32_lane2][n31],223,446,ld3_tmp_ld3_branch0_q2_group1,x1_vlane2,LD4_layout_is_recommended_for_four_quartic_lanes;LD3_layout_is_alternative_per_quartic_lane
139,0,1,1,10,2,3,A,1,10,43,43,43,427,-1033,2735,low_plus_zeta_high,twist_branch0,10,64,1293,top_split_then_twist_then_store_dft3_input,a[32..63],a[416..447],2,tmp_ld4[branch0][group1][n31][n32_lane2][q3],139,278,ld4_tmp_ld4_branch0_group1_n31,x1_q3_vlane2,tmp_ld3[branch0][q3][group1][n32_lane2][n31],319,638,ld3_tmp_ld3_branch0_q3_group1,x1_vlane2,LD4_layout_is_recommended_for_four_quartic_lanes;LD3_layout_is_alternative_per_quartic_lane
140,0,1,1,11,3,0,B,5,43,172,172,172,556,-1033,2735,low_plus_zeta_high,twist_branch0,43,1583,2435,top_split_then_twist_then_store_dft3_input,a[160..191],a[544..575],3,tmp_ld4[branch0][group1][n31][n32_lane3][q0],140,280,ld4_tmp_ld4_branch0_group1_n31,x1_q0_vlane3,tmp_ld3[branch0][q0][group1][n32_lane3][n31],34,68,ld3_tmp_ld3_branch0_q0_group1,x1_vlane3,LD4_layout_is_recommended_for_four_quartic_lanes;LD3_layout_is_alternative_per_quartic_lane
141,0,1,1,11,3,1,B,5,43,173,173,173,557,-1033,2735,low_plus_zeta_high,twist_branch0,43,1583,2435,top_split_then_twist_then_store_dft3_input,a[160..191],a[544..575],3,tmp_ld4[branch0][group1][n31][n32_lane3][q1],141,282,ld4_tmp_ld4_branch0_group1_n31,x1_q1_vlane3,tmp_ld3[branch0][q1][group1][n32_lane3][n31],130,260,ld3_tmp_ld3_branch0_q1_group1,x1_vlane3,LD4_layout_is_recommended_for_four_quartic_lanes;LD3_layout_is_alternative_per_quartic_lane
142,0,1,1,11,3,2,B,5,43,174,174,174,558,-1033,2735,low_plus_zeta_high,twist_branch0,43,1583,2435,top_split_then_twist_then_store_dft3_input,a[160..191],a[544..575],3,tmp_ld4[branch0][group1][n31][n32_lane3][q2],142,284,ld4_tmp_ld4_branch0_group1_n31,x1_q2_vlane3,tmp_ld3[branch0][q2][group1][n32_lane3][n31],226,452,ld3_tmp_ld3_branch0_q2_group1,x1_vlane3,LD4_layout_is_recommended_for_four_quartic_lanes;LD3_layout_is_alternative_per_quartic_lane
143,0,1,1,11,3,3,B,5,43,175,175,175,559,-1033,2735,low_plus_zeta_high,twist_branch0,43,1583,2435,top_split_then_twist_then_store_dft3_input,a[160..191],a[544..575],3,tmp_ld4[branch0][group1][n31][n32_lane3][q3],143,286,ld4_tmp_ld4_branch0_group1_n31,x1_q3_vlane3,tmp_ld3[branch0][q3][group1][n32_lane3][n31],322,644,ld3_tmp_ld3_branch0_q3_group1,x1_vlane3,LD4_layout_is_recommended_for_four_quartic_lanes;LD3_layout_is_alternative_per_quartic_lane
144,0,1,1,12,4,0,C,9,76,304,304,304,688,-1033,2735,low_plus_zeta_high,twist_branch0,76,-655,757,top_split_then_twist_then_store_dft3_input,a[288..319],a[672..703],4,tmp_ld4[branch0][group1][n31][n32_lane4][q0],144,288,ld4_tmp_ld4_branch0_group1_n31,x1_q0_vlane4,tmp_ld3[branch0][q0][group1][n32_lane4][n31],37,74,ld3_tmp_ld3_branch0_q0_group1,x1_vlane4,LD4_layout_is_recommended_for_four_quartic_lanes;LD3_layout_is_alternative_per_quartic_lane
145,0,1,1,12,4,1,C,9,76,305,305,305,689,-1033,2735,low_plus_zeta_high,twist_branch0,76,-655,757,top_split_then_twist_then_store_dft3_input,a[288..319],a[672..703],4,tmp_ld4[branch0][group1][n31][n32_lane4][q1],145,290,ld4_tmp_ld4_branch0_group1_n31,x1_q1_vlane4,tmp_ld3[branch0][q1][group1][n32_lane4][n31],133,266,ld3_tmp_ld3_branch0_q1_group1,x1_vlane4,LD4_layout_is_recommended_for_four_quartic_lanes;LD3_layout_is_alternative_per_quartic_lane
146,0,1,1,12,4,2,C,9,76,306,306,306,690,-1033,2735,low_plus_zeta_high,twist_branch0,76,-655,757,top_split_then_twist_then_store_dft3_input,a[288..319],a[672..703],4,tmp_ld4[branch0][group1][n31][n32_lane4][q2],146,292,ld4_tmp_ld4_branch0_group1_n31,x1_q2_vlane4,tmp_ld3[branch0][q2][group1][n32_lane4][n31],229,458,ld3_tmp_ld3_branch0_q2_group1,x1_vlane4,LD4_layout_is_recommended_for_four_quartic_lanes;LD3_layout_is_alternative_per_quartic_lane
147,0,1,1,12,4,3,C,9,76,307,307,307,691,-1033,2735,low_plus_zeta_high,twist_branch0,76,-655,757,top_split_then_twist_then_store_dft3_input,a[288..319],a[672..703],4,tmp_ld4[branch0][group1][n31][n32_lane4][q3],147,294,ld4_tmp_ld4_branch0_group1_n31,x1_q3_vlane4,tmp_ld3[branch0][q3][group1][n32_lane4][n31],325,650,ld3_tmp_ld3_branch0_q3_group1,x1_vlane4,LD4_layout_is_recommended_for_four_quartic_lanes;LD3_layout_is_alternative_per_quartic_lane
148,0,1,1,13,5,0,A,1,13,52,52,52,436,-1033,2735,low_plus_zeta_high,twist_branch0,13,8,1458,top_split_then_twist_then_store_dft3_input,a[32..63],a[416..447],5,tmp_ld4[branch0][group1][n31][n32_lane5][q0],148,296,ld4_tmp_ld4_branch0_group1_n31,x1_q0_vlane5,tmp_ld3[branch0][q0][group1][n32_lane5][n31],40,80,ld3_tmp_ld3_branch0_q0_group1,x1_vlane5,LD4_layout_is_recommended_for_four_quartic_lanes;LD3_layout_is_alternative_per_quartic_lane
149,0,1,1,13,5,1,A,1,13,53,53,53,437,-1033,2735,low_plus_zeta_high,twist_branch0,13,8,1458,top_split_then_twist_then_store_dft3_input,a[32..63],a[416..447],5,tmp_ld4[branch0][group1][n31][n32_lane5][q1],149,298,ld4_tmp_ld4_branch0_group1_n31,x1_q1_vlane5,tmp_ld3[branch0][q1][group1][n32_lane5][n31],136,272,ld3_tmp_ld3_branch0_q1_group1,x1_vlane5,LD4_layout_is_recommended_for_four_quartic_lanes;LD3_layout_is_alternative_per_quartic_lane
150,0,1,1,13,5,2,A,1,13,54,54,54,438,-1033,2735,low_plus_zeta_high,twist_branch0,13,8,1458,top_split_then_twist_then_store_dft3_input,a[32..63],a[416..447],5,tmp_ld4[branch0][group1][n31][n32_lane5][q2],150,300,ld4_tmp_ld4_branch0_group1_n31,x1_q2_vlane5,tmp_ld3[branch0][q2][group1][n32_lane5][n31],232,464,ld3_tmp_ld3_branch0_q2_group1,x1_vlane5,LD4_layout_is_recommended_for_four_quartic_lanes;LD3_layout_is_alternative_per_quartic_lane
151,0,1,1,13,5,3,A,1,13,55,55,55,439,-1033,2735,low_plus_zeta_high,twist_branch0,13,8,1458,top_split_then_twist_then_store_dft3_input,a[32..63],a[416..447],5,tmp_ld4[branch0][group1][n31][n32_lane5][q3],151,302,ld4_tmp_ld4_branch0_group1_n31,x1_q3_vlane5,tmp_ld3[branch0][q3][group1][n32_lane5][n31],328,656,ld3_tmp_ld3_branch0_q3_group1,x1_vlane5,LD4_layout_is_recommended_for_four_quartic_lanes;LD3_layout_is_alternative_per_quartic_lane
152,0,1,1,14,6,0,B,5,46,184,184,184,568,-1033,2735,low_plus_zeta_high,twist_branch0,46,630,2465,top_split_then_twist_then_store_dft3_input,a[160..191],a[544..575],6,tmp_ld4[branch0][group1][n31][n32_lane6][q0],152,304,ld4_tmp_ld4_branch0_group1_n31,x1_q0_vlane6,tmp_ld3[branch0][q0][group1][n32_lane6][n31],43,86,ld3_tmp_ld3_branch0_q0_group1,x1_vlane6,LD4_layout_is_recommended_for_four_quartic_lanes;LD3_layout_is_alternative_per_quartic_lane
153,0,1,1,14,6,1,B,5,46,185,185,185,569,-1033,2735,low_plus_zeta_high,twist_branch0,46,630,2465,top_split_then_twist_then_store_dft3_input,a[160..191],a[544..575],6,tmp_ld4[branch0][group1][n31][n32_lane6][q1],153,306,ld4_tmp_ld4_branch0_group1_n31,x1_q1_vlane6,tmp_ld3[branch0][q1][group1][n32_lane6][n31],139,278,ld3_tmp_ld3_branch0_q1_group1,x1_vlane6,LD4_layout_is_recommended_for_four_quartic_lanes;LD3_layout_is_alternative_per_quartic_lane
154,0,1,1,14,6,2,B,5,46,186,186,186,570,-1033,2735,low_plus_zeta_high,twist_branch0,46,630,2465,top_split_then_twist_then_store_dft3_input,a[160..191],a[544..575],6,tmp_ld4[branch0][group1][n31][n32_lane6][q2],154,308,ld4_tmp_ld4_branch0_group1_n31,x1_q2_vlane6,tmp_ld3[branch0][q2][group1][n32_lane6][n31],235,470,ld3_tmp_ld3_branch0_q2_group1,x1_vlane6,LD4_layout_is_recommended_for_four_quartic_lanes;LD3_layout_is_alternative_per_quartic_lane
155,0,1,1,14,6,3,B,5,46,187,187,187,571,-1033,2735,low_plus_zeta_high,twist_branch0,46,630,2465,top_split_then_twist_then_store_dft3_input,a[160..191],a[544..575],6,tmp_ld4[branch0][group1][n31][n32_lane6][q3],155,310,ld4_tmp_ld4_branch0_group1_n31,x1_q3_vlane6,tmp_ld3[branch0][q3][group1][n32_lane6][n31],331,662,ld3_tmp_ld3_branch0_q3_group1,x1_vlane6,LD4_layout_is_recommended_for_four_quartic_lanes;LD3_layout_is_alternative_per_quartic_lane
156,0,1,1,15,7,0,C,9,79,316,316,316,700,-1033,2735,low_plus_zeta_high,twist_branch0,79,-514,1391,top_split_then_twist_then_store_dft3_input,a[288..319],a[672..703],7,tmp_ld4[branch0][group1][n31][n32_lane7][q0],156,312,ld4_tmp_ld4_branch0_group1_n31,x1_q0_vlane7,tmp_ld3[branch0][q0][group1][n32_lane7][n31],46,92,ld3_tmp_ld3_branch0_q0_group1,x1_vlane7,LD4_layout_is_recommended_for_four_quartic_lanes;LD3_layout_is_alternative_per_quartic_lane
157,0,1,1,15,7,1,C,9,79,317,317,317,701,-1033,2735,low_plus_zeta_high,twist_branch0,79,-514,1391,top_split_then_twist_then_store_dft3_input,a[288..319],a[672..703],7,tmp_ld4[branch0][group1][n31][n32_lane7][q1],157,314,ld4_tmp_ld4_branch0_group1_n31,x1_q1_vlane7,tmp_ld3[branch0][q1][group1][n32_lane7][n31],142,284,ld3_tmp_ld3_branch0_q1_group1,x1_vlane7,LD4_layout_is_recommended_for_four_quartic_lanes;LD3_layout_is_alternative_per_quartic_lane
158,0,1,1,15,7,2,C,9,79,318,318,318,702,-1033,2735,low_plus_zeta_high,twist_branch0,79,-514,1391,top_split_then_twist_then_store_dft3_input,a[288..319],a[672..703],7,tmp_ld4[branch0][group1][n31][n32_lane7][q2],158,316,ld4_tmp_ld4_branch0_group1_n31,x1_q2_vlane7,tmp_ld3[branch0][q2][group1][n32_lane7][n31],238,476,ld3_tmp_ld3_branch0_q2_group1,x1_vlane7,LD4_layout_is_recommended_for_four_quartic_lanes;LD3_layout_is_alternative_per_quartic_lane
159,0,1,1,15,7,3,C,9,79,319,319,319,703,-1033,2735,low_plus_zeta_high,twist_branch0,79,-514,1391,top_split_then_twist_then_store_dft3_input,a[288..319],a[672..703],7,tmp_ld4[branch0][group1][n31][n32_lane7][q3],159,318,ld4_tmp_ld4_branch0_group1_n31,x1_q3_vlane7,tmp_ld3[branch0][q3][group1][n32_lane7][n31],334,668,ld3_tmp_ld3_branch0_q3_group1,x1_vlane7,LD4_layout_is_recommended_for_four_quartic_lanes;LD3_layout_is_alternative_per_quartic_lane
160,0,1,2,8,0,0,A,1,8,32,32,32,416,-1033,2735,low_plus_zeta_high,twist_branch0,8,256,1715,top_split_then_twist_then_store_dft3_input,a[32..63],a[416..447],0,tmp_ld4[branch0][group1][n32][n32_lane0][q0],160,320,ld4_tmp_ld4_branch0_group1_n32,x2_q0_vlane0,tmp_ld3[branch0][q0][group1][n32_lane0][n32],26,52,ld3_tmp_ld3_branch0_q0_group1,x2_vlane0,LD4_layout_is_recommended_for_four_quartic_lanes;LD3_layout_is_alternative_per_quartic_lane
161,0,1,2,8,0,1,A,1,8,33,33,33,417,-1033,2735,low_plus_zeta_high,twist_branch0,8,256,1715,top_split_then_twist_then_store_dft3_input,a[32..63],a[416..447],0,tmp_ld4[branch0][group1][n32][n32_lane0][q1],161,322,ld4_tmp_ld4_branch0_group1_n32,x2_q1_vlane0,tmp_ld3[branch0][q1][group1][n32_lane0][n32],122,244,ld3_tmp_ld3_branch0_q1_group1,x2_vlane0,LD4_layout_is_recommended_for_four_quartic_lanes;LD3_layout_is_alternative_per_quartic_lane
162,0,1,2,8,0,2,A,1,8,34,34,34,418,-1033,2735,low_plus_zeta_high,twist_branch0,8,256,1715,top_split_then_twist_then_store_dft3_input,a[32..63],a[416..447],0,tmp_ld4[branch0][group1][n32][n32_lane0][q2],162,324,ld4_tmp_ld4_branch0_group1_n32,x2_q2_vlane0,tmp_ld3[branch0][q2][group1][n32_lane0][n32],218,436,ld3_tmp_ld3_branch0_q2_group1,x2_vlane0,LD4_layout_is_recommended_for_four_quartic_lanes;LD3_layout_is_alternative_per_quartic_lane
163,0,1,2,8,0,3,A,1,8,35,35,35,419,-1033,2735,low_plus_zeta_high,twist_branch0,8,256,1715,top_split_then_twist_then_store_dft3_input,a[32..63],a[416..447],0,tmp_ld4[branch0][group1][n32][n32_lane0][q3],163,326,ld4_tmp_ld4_branch0_group1_n32,x2_q3_vlane0,tmp_ld3[branch0][q3][group1][n32_lane0][n32],314,628,ld3_tmp_ld3_branch0_q3_group1,x2_vlane0,LD4_layout_is_recommended_for_four_quartic_lanes;LD3_layout_is_alternative_per_quartic_lane
164,0,1,2,9,1,0,B,5,41,164,164,164,548,-1033,2735,low_plus_zeta_high,twist_branch0,41,-582,2826,top_split_then_twist_then_store_dft3_input,a[160..191],a[544..575],1,tmp_ld4[branch0][group1][n32][n32_lane1][q0],164,328,ld4_tmp_ld4_branch0_group1_n32,x2_q0_vlane1,tmp_ld3[branch0][q0][group1][n32_lane1][n32],29,58,ld3_tmp_ld3_branch0_q0_group1,x2_vlane1,LD4_layout_is_recommended_for_four_quartic_lanes;LD3_layout_is_alternative_per_quartic_lane
165,0,1,2,9,1,1,B,5,41,165,165,165,549,-1033,2735,low_plus_zeta_high,twist_branch0,41,-582,2826,top_split_then_twist_then_store_dft3_input,a[160..191],a[544..575],1,tmp_ld4[branch0][group1][n32][n32_lane1][q1],165,330,ld4_tmp_ld4_branch0_group1_n32,x2_q1_vlane1,tmp_ld3[branch0][q1][group1][n32_lane1][n32],125,250,ld3_tmp_ld3_branch0_q1_group1,x2_vlane1,LD4_layout_is_recommended_for_four_quartic_lanes;LD3_layout_is_alternative_per_quartic_lane
166,0,1,2,9,1,2,B,5,41,166,166,166,550,-1033,2735,low_plus_zeta_high,twist_branch0,41,-582,2826,top_split_then_twist_then_store_dft3_input,a[160..191],a[544..575],1,tmp_ld4[branch0][group1][n32][n32_lane1][q2],166,332,ld4_tmp_ld4_branch0_group1_n32,x2_q2_vlane1,tmp_ld3[branch0][q2][group1][n32_lane1][n32],221,442,ld3_tmp_ld3_branch0_q2_group1,x2_vlane1,LD4_layout_is_recommended_for_four_quartic_lanes;LD3_layout_is_alternative_per_quartic_lane
167,0,1,2,9,1,3,B,5,41,167,167,167,551,-1033,2735,low_plus_zeta_high,twist_branch0,41,-582,2826,top_split_then_twist_then_store_dft3_input,a[160..191],a[544..575],1,tmp_ld4[branch0][group1][n32][n32_lane1][q3],167,334,ld4_tmp_ld4_branch0_group1_n32,x2_q3_vlane1,tmp_ld3[branch0][q3][group1][n32_lane1][n32],317,634,ld3_tmp_ld3_branch0_q3_group1,x2_vlane1,LD4_layout_is_recommended_for_four_quartic_lanes;LD3_layout_is_alternative_per_quartic_lane
168,0,1,2,10,2,0,C,9,74,296,296,296,680,-1033,2735,low_plus_zeta_high,twist_branch0,74,837,3028,top_split_then_twist_then_store_dft3_input,a[288..319],a[672..703],2,tmp_ld4[branch0][group1][n32][n32_lane2][q0],168,336,ld4_tmp_ld4_branch0_group1_n32,x2_q0_vlane2,tmp_ld3[branch0][q0][group1][n32_lane2][n32],32,64,ld3_tmp_ld3_branch0_q0_group1,x2_vlane2,LD4_layout_is_recommended_for_four_quartic_lanes;LD3_layout_is_alternative_per_quartic_lane
169,0,1,2,10,2,1,C,9,74,297,297,297,681,-1033,2735,low_plus_zeta_high,twist_branch0,74,837,3028,top_split_then_twist_then_store_dft3_input,a[288..319],a[672..703],2,tmp_ld4[branch0][group1][n32][n32_lane2][q1],169,338,ld4_tmp_ld4_branch0_group1_n32,x2_q1_vlane2,tmp_ld3[branch0][q1][group1][n32_lane2][n32],128,256,ld3_tmp_ld3_branch0_q1_group1,x2_vlane2,LD4_layout_is_recommended_for_four_quartic_lanes;LD3_layout_is_alternative_per_quartic_lane
170,0,1,2,10,2,2,C,9,74,298,298,298,682,-1033,2735,low_plus_zeta_high,twist_branch0,74,837,3028,top_split_then_twist_then_store_dft3_input,a[288..319],a[672..703],2,tmp_ld4[branch0][group1][n32][n32_lane2][q2],170,340,ld4_tmp_ld4_branch0_group1_n32,x2_q2_vlane2,tmp_ld3[branch0][q2][group1][n32_lane2][n32],224,448,ld3_tmp_ld3_branch0_q2_group1,x2_vlane2,LD4_layout_is_recommended_for_four_quartic_lanes;LD3_layout_is_alternative_per_quartic_lane
171,0,1,2,10,2,3,C,9,74,299,299,299,683,-1033,2735,low_plus_zeta_high,twist_branch0,74,837,3028,top_split_then_twist_then_store_dft3_input,a[288..319],a[672..703],2,tmp_ld4[branch0][group1][n32][n32_lane2][q3],171,342,ld4_tmp_ld4_branch0_group1_n32,x2_q3_vlane2,tmp_ld3[branch0][q3][group1][n32_lane2][n32],320,640,ld3_tmp_ld3_branch0_q3_group1,x2_vlane2,LD4_layout_is_recommended_for_four_quartic_lanes;LD3_layout_is_alternative_per_quartic_lane
172,0,1,2,11,3,0,A,1,11,44,44,44,428,-1033,2735,low_plus_zeta_high,twist_branch0,11,32,2375,top_split_then_twist_then_store_dft3_input,a[32..63],a[416..447],3,tmp_ld4[branch0][group1][n32][n32_lane3][q0],172,344,ld4_tmp_ld4_branch0_group1_n32,x2_q0_vlane3,tmp_ld3[branch0][q0][group1][n32_lane3][n32],35,70,ld3_tmp_ld3_branch0_q0_group1,x2_vlane3,LD4_layout_is_recommended_for_four_quartic_lanes;LD3_layout_is_alternative_per_quartic_lane
173,0,1,2,11,3,1,A,1,11,45,45,45,429,-1033,2735,low_plus_zeta_high,twist_branch0,11,32,2375,top_split_then_twist_then_store_dft3_input,a[32..63],a[416..447],3,tmp_ld4[branch0][group1][n32][n32_lane3][q1],173,346,ld4_tmp_ld4_branch0_group1_n32,x2_q1_vlane3,tmp_ld3[branch0][q1][group1][n32_lane3][n32],131,262,ld3_tmp_ld3_branch0_q1_group1,x2_vlane3,LD4_layout_is_recommended_for_four_quartic_lanes;LD3_layout_is_alternative_per_quartic_lane
174,0,1,2,11,3,2,A,1,11,46,46,46,430,-1033,2735,low_plus_zeta_high,twist_branch0,11,32,2375,top_split_then_twist_then_store_dft3_input,a[32..63],a[416..447],3,tmp_ld4[branch0][group1][n32][n32_lane3][q2],174,348,ld4_tmp_ld4_branch0_group1_n32,x2_q2_vlane3,tmp_ld3[branch0][q2][group1][n32_lane3][n32],227,454,ld3_tmp_ld3_branch0_q2_group1,x2_vlane3,LD4_layout_is_recommended_for_four_quartic_lanes;LD3_layout_is_alternative_per_quartic_lane
175,0,1,2,11,3,3,A,1,11,47,47,47,431,-1033,2735,low_plus_zeta_high,twist_branch0,11,32,2375,top_split_then_twist_then_store_dft3_input,a[32..63],a[416..447],3,tmp_ld4[branch0][group1][n32][n32_lane3][q3],175,350,ld4_tmp_ld4_branch0_group1_n32,x2_q3_vlane3,tmp_ld3[branch0][q3][group1][n32_lane3][n32],323,646,ld3_tmp_ld3_branch0_q3_group1,x2_vlane3,LD4_layout_is_recommended_for_four_quartic_lanes;LD3_layout_is_alternative_per_quartic_lane
176,0,1,2,12,4,0,B,5,44,176,176,176,560,-1033,2735,low_plus_zeta_high,twist_branch0,44,-937,2946,top_split_then_twist_then_store_dft3_input,a[160..191],a[544..575],4,tmp_ld4[branch0][group1][n32][n32_lane4][q0],176,352,ld4_tmp_ld4_branch0_group1_n32,x2_q0_vlane4,tmp_ld3[branch0][q0][group1][n32_lane4][n32],38,76,ld3_tmp_ld3_branch0_q0_group1,x2_vlane4,LD4_layout_is_recommended_for_four_quartic_lanes;LD3_layout_is_alternative_per_quartic_lane
177,0,1,2,12,4,1,B,5,44,177,177,177,561,-1033,2735,low_plus_zeta_high,twist_branch0,44,-937,2946,top_split_then_twist_then_store_dft3_input,a[160..191],a[544..575],4,tmp_ld4[branch0][group1][n32][n32_lane4][q1],177,354,ld4_tmp_ld4_branch0_group1_n32,x2_q1_vlane4,tmp_ld3[branch0][q1][group1][n32_lane4][n32],134,268,ld3_tmp_ld3_branch0_q1_group1,x2_vlane4,LD4_layout_is_recommended_for_four_quartic_lanes;LD3_layout_is_alternative_per_quartic_lane
178,0,1,2,12,4,2,B,5,44,178,178,178,562,-1033,2735,low_plus_zeta_high,twist_branch0,44,-937,2946,top_split_then_twist_then_store_dft3_input,a[160..191],a[544..575],4,tmp_ld4[branch0][group1][n32][n32_lane4][q2],178,356,ld4_tmp_ld4_branch0_group1_n32,x2_q2_vlane4,tmp_ld3[branch0][q2][group1][n32_lane4][n32],230,460,ld3_tmp_ld3_branch0_q2_group1,x2_vlane4,LD4_layout_is_recommended_for_four_quartic_lanes;LD3_layout_is_alternative_per_quartic_lane
179,0,1,2,12,4,3,B,5,44,179,179,179,563,-1033,2735,low_plus_zeta_high,twist_branch0,44,-937,2946,top_split_then_twist_then_store_dft3_input,a[160..191],a[544..575],4,tmp_ld4[branch0][group1][n32][n32_lane4][q3],179,358,ld4_tmp_ld4_branch0_group1_n32,x2_q3_vlane4,tmp_ld3[branch0][q3][group1][n32_lane4][n32],326,652,ld3_tmp_ld3_branch0_q3_group1,x2_vlane4,LD4_layout_is_recommended_for_four_quartic_lanes;LD3_layout_is_alternative_per_quartic_lane
180,0,1,2,13,5,0,C,9,77,308,308,308,692,-1033,2735,low_plus_zeta_high,twist_branch0,77,1401,2107,top_split_then_twist_then_store_dft3_input,a[288..319],a[672..703],5,tmp_ld4[branch0][group1][n32][n32_lane5][q0],180,360,ld4_tmp_ld4_branch0_group1_n32,x2_q0_vlane5,tmp_ld3[branch0][q0][group1][n32_lane5][n32],41,82,ld3_tmp_ld3_branch0_q0_group1,x2_vlane5,LD4_layout_is_recommended_for_four_quartic_lanes;LD3_layout_is_alternative_per_quartic_lane
181,0,1,2,13,5,1,C,9,77,309,309,309,693,-1033,2735,low_plus_zeta_high,twist_branch0,77,1401,2107,top_split_then_twist_then_store_dft3_input,a[288..319],a[672..703],5,tmp_ld4[branch0][group1][n32][n32_lane5][q1],181,362,ld4_tmp_ld4_branch0_group1_n32,x2_q1_vlane5,tmp_ld3[branch0][q1][group1][n32_lane5][n32],137,274,ld3_tmp_ld3_branch0_q1_group1,x2_vlane5,LD4_layout_is_recommended_for_four_quartic_lanes;LD3_layout_is_alternative_per_quartic_lane
182,0,1,2,13,5,2,C,9,77,310,310,310,694,-1033,2735,low_plus_zeta_high,twist_branch0,77,1401,2107,top_split_then_twist_then_store_dft3_input,a[288..319],a[672..703],5,tmp_ld4[branch0][group1][n32][n32_lane5][q2],182,364,ld4_tmp_ld4_branch0_group1_n32,x2_q2_vlane5,tmp_ld3[branch0][q2][group1][n32_lane5][n32],233,466,ld3_tmp_ld3_branch0_q2_group1,x2_vlane5,LD4_layout_is_recommended_for_four_quartic_lanes;LD3_layout_is_alternative_per_quartic_lane
183,0,1,2,13,5,3,C,9,77,311,311,311,695,-1033,2735,low_plus_zeta_high,twist_branch0,77,1401,2107,top_split_then_twist_then_store_dft3_input,a[288..319],a[672..703],5,tmp_ld4[branch0][group1][n32][n32_lane5][q3],183,366,ld4_tmp_ld4_branch0_group1_n32,x2_q3_vlane5,tmp_ld3[branch0][q3][group1][n32_lane5][n32],329,658,ld3_tmp_ld3_branch0_q3_group1,x2_vlane5,LD4_layout_is_recommended_for_four_quartic_lanes;LD3_layout_is_alternative_per_quartic_lane
184,0,1,2,14,6,0,A,1,14,56,56,56,440,-1033,2735,low_plus_zeta_high,twist_branch0,14,4,729,top_split_then_twist_then_store_dft3_input,a[32..63],a[416..447],6,tmp_ld4[branch0][group1][n32][n32_lane6][q0],184,368,ld4_tmp_ld4_branch0_group1_n32,x2_q0_vlane6,tmp_ld3[branch0][q0][group1][n32_lane6][n32],44,88,ld3_tmp_ld3_branch0_q0_group1,x2_vlane6,LD4_layout_is_recommended_for_four_quartic_lanes;LD3_layout_is_alternative_per_quartic_lane
185,0,1,2,14,6,1,A,1,14,57,57,57,441,-1033,2735,low_plus_zeta_high,twist_branch0,14,4,729,top_split_then_twist_then_store_dft3_input,a[32..63],a[416..447],6,tmp_ld4[branch0][group1][n32][n32_lane6][q1],185,370,ld4_tmp_ld4_branch0_group1_n32,x2_q1_vlane6,tmp_ld3[branch0][q1][group1][n32_lane6][n32],140,280,ld3_tmp_ld3_branch0_q1_group1,x2_vlane6,LD4_layout_is_recommended_for_four_quartic_lanes;LD3_layout_is_alternative_per_quartic_lane
186,0,1,2,14,6,2,A,1,14,58,58,58,442,-1033,2735,low_plus_zeta_high,twist_branch0,14,4,729,top_split_then_twist_then_store_dft3_input,a[32..63],a[416..447],6,tmp_ld4[branch0][group1][n32][n32_lane6][q2],186,372,ld4_tmp_ld4_branch0_group1_n32,x2_q2_vlane6,tmp_ld3[branch0][q2][group1][n32_lane6][n32],236,472,ld3_tmp_ld3_branch0_q2_group1,x2_vlane6,LD4_layout_is_recommended_for_four_quartic_lanes;LD3_layout_is_alternative_per_quartic_lane
187,0,1,2,14,6,3,A,1,14,59,59,59,443,-1033,2735,low_plus_zeta_high,twist_branch0,14,4,729,top_split_then_twist_then_store_dft3_input,a[32..63],a[416..447],6,tmp_ld4[branch0][group1][n32][n32_lane6][q3],187,374,ld4_tmp_ld4_branch0_group1_n32,x2_q3_vlane6,tmp_ld3[branch0][q3][group1][n32_lane6][n32],332,664,ld3_tmp_ld3_branch0_q3_group1,x2_vlane6,LD4_layout_is_recommended_for_four_quartic_lanes;LD3_layout_is_alternative_per_quartic_lane
188,0,1,2,15,7,0,B,5,47,188,188,188,572,-1033,2735,low_plus_zeta_high,twist_branch0,47,315,2961,top_split_then_twist_then_store_dft3_input,a[160..191],a[544..575],7,tmp_ld4[branch0][group1][n32][n32_lane7][q0],188,376,ld4_tmp_ld4_branch0_group1_n32,x2_q0_vlane7,tmp_ld3[branch0][q0][group1][n32_lane7][n32],47,94,ld3_tmp_ld3_branch0_q0_group1,x2_vlane7,LD4_layout_is_recommended_for_four_quartic_lanes;LD3_layout_is_alternative_per_quartic_lane
189,0,1,2,15,7,1,B,5,47,189,189,189,573,-1033,2735,low_plus_zeta_high,twist_branch0,47,315,2961,top_split_then_twist_then_store_dft3_input,a[160..191],a[544..575],7,tmp_ld4[branch0][group1][n32][n32_lane7][q1],189,378,ld4_tmp_ld4_branch0_group1_n32,x2_q1_vlane7,tmp_ld3[branch0][q1][group1][n32_lane7][n32],143,286,ld3_tmp_ld3_branch0_q1_group1,x2_vlane7,LD4_layout_is_recommended_for_four_quartic_lanes;LD3_layout_is_alternative_per_quartic_lane
190,0,1,2,15,7,2,B,5,47,190,190,190,574,-1033,2735,low_plus_zeta_high,twist_branch0,47,315,2961,top_split_then_twist_then_store_dft3_input,a[160..191],a[544..575],7,tmp_ld4[branch0][group1][n32][n32_lane7][q2],190,380,ld4_tmp_ld4_branch0_group1_n32,x2_q2_vlane7,tmp_ld3[branch0][q2][group1][n32_lane7][n32],239,478,ld3_tmp_ld3_branch0_q2_group1,x2_vlane7,LD4_layout_is_recommended_for_four_quartic_lanes;LD3_layout_is_alternative_per_quartic_lane
191,0,1,2,15,7,3,B,5,47,191,191,191,575,-1033,2735,low_plus_zeta_high,twist_branch0,47,315,2961,top_split_then_twist_then_store_dft3_input,a[160..191],a[544..575],7,tmp_ld4[branch0][group1][n32][n32_lane7][q3],191,382,ld4_tmp_ld4_branch0_group1_n32,x2_q3_vlane7,tmp_ld3[branch0][q3][group1][n32_lane7][n32],335,670,ld3_tmp_ld3_branch0_q3_group1,x2_vlane7,LD4_layout_is_recommended_for_four_quartic_lanes;LD3_layout_is_alternative_per_quartic_lane
192,0,2,0,16,0,0,B,6,48,192,192,192,576,-1033,2735,low_plus_zeta_high,twist_branch0,48,-1571,3209,top_split_then_twist_then_store_dft3_input,a[192..223],a[576..607],0,tmp_ld4[branch0][group2][n30][n32_lane0][q0],192,384,ld4_tmp_ld4_branch0_group2_n30,x0_q0_vlane0,tmp_ld3[branch0][q0][group2][n32_lane0][n30],48,96,ld3_tmp_ld3_branch0_q0_group2,x0_vlane0,LD4_layout_is_recommended_for_four_quartic_lanes;LD3_layout_is_alternative_per_quartic_lane
193,0,2,0,16,0,1,B,6,48,193,193,193,577,-1033,2735,low_plus_zeta_high,twist_branch0,48,-1571,3209,top_split_then_twist_then_store_dft3_input,a[192..223],a[576..607],0,tmp_ld4[branch0][group2][n30][n32_lane0][q1],193,386,ld4_tmp_ld4_branch0_group2_n30,x0_q1_vlane0,tmp_ld3[branch0][q1][group2][n32_lane0][n30],144,288,ld3_tmp_ld3_branch0_q1_group2,x0_vlane0,LD4_layout_is_recommended_for_four_quartic_lanes;LD3_layout_is_alternative_per_quartic_lane
194,0,2,0,16,0,2,B,6,48,194,194,194,578,-1033,2735,low_plus_zeta_high,twist_branch0,48,-1571,3209,top_split_then_twist_then_store_dft3_input,a[192..223],a[576..607],0,tmp_ld4[branch0][group2][n30][n32_lane0][q2],194,388,ld4_tmp_ld4_branch0_group2_n30,x0_q2_vlane0,tmp_ld3[branch0][q2][group2][n32_lane0][n30],240,480,ld3_tmp_ld3_branch0_q2_group2,x0_vlane0,LD4_layout_is_recommended_for_four_quartic_lanes;LD3_layout_is_alternative_per_quartic_lane
195,0,2,0,16,0,3,B,6,48,195,195,195,579,-1033,2735,low_plus_zeta_high,twist_branch0,48,-1571,3209,top_split_then_twist_then_store_dft3_input,a[192..223],a[576..607],0,tmp_ld4[branch0][group2][n30][n32_lane0][q3],195,390,ld4_tmp_ld4_branch0_group2_n30,x0_q3_vlane0,tmp_ld3[branch0][q3][group2][n32_lane0][n30],336,672,ld3_tmp_ld3_branch0_q3_group2,x0_vlane0,LD4_layout_is_recommended_for_four_quartic_lanes;LD3_layout_is_alternative_per_quartic_lane
196,0,2,0,17,1,0,C,10,81,324,324,324,708,-1033,2735,low_plus_zeta_high,twist_branch0,81,1600,1212,top_split_then_twist_then_store_dft3_input,a[320..351],a[704..735],1,tmp_ld4[branch0][group2][n30][n32_lane1][q0],196,392,ld4_tmp_ld4_branch0_group2_n30,x0_q0_vlane1,tmp_ld3[branch0][q0][group2][n32_lane1][n30],51,102,ld3_tmp_ld3_branch0_q0_group2,x0_vlane1,LD4_layout_is_recommended_for_four_quartic_lanes;LD3_layout_is_alternative_per_quartic_lane
197,0,2,0,17,1,1,C,10,81,325,325,325,709,-1033,2735,low_plus_zeta_high,twist_branch0,81,1600,1212,top_split_then_twist_then_store_dft3_input,a[320..351],a[704..735],1,tmp_ld4[branch0][group2][n30][n32_lane1][q1],197,394,ld4_tmp_ld4_branch0_group2_n30,x0_q1_vlane1,tmp_ld3[branch0][q1][group2][n32_lane1][n30],147,294,ld3_tmp_ld3_branch0_q1_group2,x0_vlane1,LD4_layout_is_recommended_for_four_quartic_lanes;LD3_layout_is_alternative_per_quartic_lane
198,0,2,0,17,1,2,C,10,81,326,326,326,710,-1033,2735,low_plus_zeta_high,twist_branch0,81,1600,1212,top_split_then_twist_then_store_dft3_input,a[320..351],a[704..735],1,tmp_ld4[branch0][group2][n30][n32_lane1][q2],198,396,ld4_tmp_ld4_branch0_group2_n30,x0_q2_vlane1,tmp_ld3[branch0][q2][group2][n32_lane1][n30],243,486,ld3_tmp_ld3_branch0_q2_group2,x0_vlane1,LD4_layout_is_recommended_for_four_quartic_lanes;LD3_layout_is_alternative_per_quartic_lane
199,0,2,0,17,1,3,C,10,81,327,327,327,711,-1033,2735,low_plus_zeta_high,twist_branch0,81,1600,1212,top_split_then_twist_then_store_dft3_input,a[320..351],a[704..735],1,tmp_ld4[branch0][group2][n30][n32_lane1][q3],199,398,ld4_tmp_ld4_branch0_group2_n30,x0_q3_vlane1,tmp_ld3[branch0][q3][group2][n32_lane1][n30],339,678,ld3_tmp_ld3_branch0_q3_group2,x0_vlane1,LD4_layout_is_recommended_for_four_quartic_lanes;LD3_layout_is_alternative_per_quartic_lane
200,0,2,0,18,2,0,A,2,18,72,72,72,456,-1033,2735,low_plus_zeta_high,twist_branch0,18,-864,1558,top_split_then_twist_then_store_dft3_input,a[64..95],a[448..479],2,tmp_ld4[branch0][group2][n30][n32_lane2][q0],200,400,ld4_tmp_ld4_branch0_group2_n30,x0_q0_vlane2,tmp_ld3[branch0][q0][group2][n32_lane2][n30],54,108,ld3_tmp_ld3_branch0_q0_group2,x0_vlane2,LD4_layout_is_recommended_for_four_quartic_lanes;LD3_layout_is_alternative_per_quartic_lane
201,0,2,0,18,2,1,A,2,18,73,73,73,457,-1033,2735,low_plus_zeta_high,twist_branch0,18,-864,1558,top_split_then_twist_then_store_dft3_input,a[64..95],a[448..479],2,tmp_ld4[branch0][group2][n30][n32_lane2][q1],201,402,ld4_tmp_ld4_branch0_group2_n30,x0_q1_vlane2,tmp_ld3[branch0][q1][group2][n32_lane2][n30],150,300,ld3_tmp_ld3_branch0_q1_group2,x0_vlane2,LD4_layout_is_recommended_for_four_quartic_lanes;LD3_layout_is_alternative_per_quartic_lane
202,0,2,0,18,2,2,A,2,18,74,74,74,458,-1033,2735,low_plus_zeta_high,twist_branch0,18,-864,1558,top_split_then_twist_then_store_dft3_input,a[64..95],a[448..479],2,tmp_ld4[branch0][group2][n30][n32_lane2][q2],202,404,ld4_tmp_ld4_branch0_group2_n30,x0_q2_vlane2,tmp_ld3[branch0][q2][group2][n32_lane2][n30],246,492,ld3_tmp_ld3_branch0_q2_group2,x0_vlane2,LD4_layout_is_recommended_for_four_quartic_lanes;LD3_layout_is_alternative_per_quartic_lane
203,0,2,0,18,2,3,A,2,18,75,75,75,459,-1033,2735,low_plus_zeta_high,twist_branch0,18,-864,1558,top_split_then_twist_then_store_dft3_input,a[64..95],a[448..479],2,tmp_ld4[branch0][group2][n30][n32_lane2][q3],203,406,ld4_tmp_ld4_branch0_group2_n30,x0_q3_vlane2,tmp_ld3[branch0][q3][group2][n32_lane2][n30],342,684,ld3_tmp_ld3_branch0_q3_group2,x0_vlane2,LD4_layout_is_recommended_for_four_quartic_lanes;LD3_layout_is_alternative_per_quartic_lane
204,0,2,0,19,3,0,B,6,51,204,204,204,588,-1033,2735,low_plus_zeta_high,twist_branch0,51,1100,3426,top_split_then_twist_then_store_dft3_input,a[192..223],a[576..607],3,tmp_ld4[branch0][group2][n30][n32_lane3][q0],204,408,ld4_tmp_ld4_branch0_group2_n30,x0_q0_vlane3,tmp_ld3[branch0][q0][group2][n32_lane3][n30],57,114,ld3_tmp_ld3_branch0_q0_group2,x0_vlane3,LD4_layout_is_recommended_for_four_quartic_lanes;LD3_layout_is_alternative_per_quartic_lane
205,0,2,0,19,3,1,B,6,51,205,205,205,589,-1033,2735,low_plus_zeta_high,twist_branch0,51,1100,3426,top_split_then_twist_then_store_dft3_input,a[192..223],a[576..607],3,tmp_ld4[branch0][group2][n30][n32_lane3][q1],205,410,ld4_tmp_ld4_branch0_group2_n30,x0_q1_vlane3,tmp_ld3[branch0][q1][group2][n32_lane3][n30],153,306,ld3_tmp_ld3_branch0_q1_group2,x0_vlane3,LD4_layout_is_recommended_for_four_quartic_lanes;LD3_layout_is_alternative_per_quartic_lane
206,0,2,0,19,3,2,B,6,51,206,206,206,590,-1033,2735,low_plus_zeta_high,twist_branch0,51,1100,3426,top_split_then_twist_then_store_dft3_input,a[192..223],a[576..607],3,tmp_ld4[branch0][group2][n30][n32_lane3][q2],206,412,ld4_tmp_ld4_branch0_group2_n30,x0_q2_vlane3,tmp_ld3[branch0][q2][group2][n32_lane3][n30],249,498,ld3_tmp_ld3_branch0_q2_group2,x0_vlane3,LD4_layout_is_recommended_for_four_quartic_lanes;LD3_layout_is_alternative_per_quartic_lane
207,0,2,0,19,3,3,B,6,51,207,207,207,591,-1033,2735,low_plus_zeta_high,twist_branch0,51,1100,3426,top_split_then_twist_then_store_dft3_input,a[192..223],a[576..607],3,tmp_ld4[branch0][group2][n30][n32_lane3][q3],207,414,ld4_tmp_ld4_branch0_group2_n30,x0_q3_vlane3,tmp_ld3[branch0][q3][group2][n32_lane3][n30],345,690,ld3_tmp_ld3_branch0_q3_group2,x0_vlane3,LD4_layout_is_recommended_for_four_quartic_lanes;LD3_layout_is_alternative_per_quartic_lane
208,0,2,0,20,4,0,C,10,84,336,336,336,720,-1033,2735,low_plus_zeta_high,twist_branch0,84,200,1880,top_split_then_twist_then_store_dft3_input,a[320..351],a[704..735],4,tmp_ld4[branch0][group2][n30][n32_lane4][q0],208,416,ld4_tmp_ld4_branch0_group2_n30,x0_q0_vlane4,tmp_ld3[branch0][q0][group2][n32_lane4][n30],60,120,ld3_tmp_ld3_branch0_q0_group2,x0_vlane4,LD4_layout_is_recommended_for_four_quartic_lanes;LD3_layout_is_alternative_per_quartic_lane
209,0,2,0,20,4,1,C,10,84,337,337,337,721,-1033,2735,low_plus_zeta_high,twist_branch0,84,200,1880,top_split_then_twist_then_store_dft3_input,a[320..351],a[704..735],4,tmp_ld4[branch0][group2][n30][n32_lane4][q1],209,418,ld4_tmp_ld4_branch0_group2_n30,x0_q1_vlane4,tmp_ld3[branch0][q1][group2][n32_lane4][n30],156,312,ld3_tmp_ld3_branch0_q1_group2,x0_vlane4,LD4_layout_is_recommended_for_four_quartic_lanes;LD3_layout_is_alternative_per_quartic_lane
210,0,2,0,20,4,2,C,10,84,338,338,338,722,-1033,2735,low_plus_zeta_high,twist_branch0,84,200,1880,top_split_then_twist_then_store_dft3_input,a[320..351],a[704..735],4,tmp_ld4[branch0][group2][n30][n32_lane4][q2],210,420,ld4_tmp_ld4_branch0_group2_n30,x0_q2_vlane4,tmp_ld3[branch0][q2][group2][n32_lane4][n30],252,504,ld3_tmp_ld3_branch0_q2_group2,x0_vlane4,LD4_layout_is_recommended_for_four_quartic_lanes;LD3_layout_is_alternative_per_quartic_lane
211,0,2,0,20,4,3,C,10,84,339,339,339,723,-1033,2735,low_plus_zeta_high,twist_branch0,84,200,1880,top_split_then_twist_then_store_dft3_input,a[320..351],a[704..735],4,tmp_ld4[branch0][group2][n30][n32_lane4][q3],211,422,ld4_tmp_ld4_branch0_group2_n30,x0_q3_vlane4,tmp_ld3[branch0][q3][group2][n32_lane4][n30],348,696,ld3_tmp_ld3_branch0_q3_group2,x0_vlane4,LD4_layout_is_recommended_for_four_quartic_lanes;LD3_layout_is_alternative_per_quartic_lane
212,0,2,0,21,5,0,A,2,21,84,84,84,468,-1033,2735,low_plus_zeta_high,twist_branch0,21,-108,1059,top_split_then_twist_then_store_dft3_input,a[64..95],a[448..479],5,tmp_ld4[branch0][group2][n30][n32_lane5][q0],212,424,ld4_tmp_ld4_branch0_group2_n30,x0_q0_vlane5,tmp_ld3[branch0][q0][group2][n32_lane5][n30],63,126,ld3_tmp_ld3_branch0_q0_group2,x0_vlane5,LD4_layout_is_recommended_for_four_quartic_lanes;LD3_layout_is_alternative_per_quartic_lane
213,0,2,0,21,5,1,A,2,21,85,85,85,469,-1033,2735,low_plus_zeta_high,twist_branch0,21,-108,1059,top_split_then_twist_then_store_dft3_input,a[64..95],a[448..479],5,tmp_ld4[branch0][group2][n30][n32_lane5][q1],213,426,ld4_tmp_ld4_branch0_group2_n30,x0_q1_vlane5,tmp_ld3[branch0][q1][group2][n32_lane5][n30],159,318,ld3_tmp_ld3_branch0_q1_group2,x0_vlane5,LD4_layout_is_recommended_for_four_quartic_lanes;LD3_layout_is_alternative_per_quartic_lane
214,0,2,0,21,5,2,A,2,21,86,86,86,470,-1033,2735,low_plus_zeta_high,twist_branch0,21,-108,1059,top_split_then_twist_then_store_dft3_input,a[64..95],a[448..479],5,tmp_ld4[branch0][group2][n30][n32_lane5][q2],214,428,ld4_tmp_ld4_branch0_group2_n30,x0_q2_vlane5,tmp_ld3[branch0][q2][group2][n32_lane5][n30],255,510,ld3_tmp_ld3_branch0_q2_group2,x0_vlane5,LD4_layout_is_recommended_for_four_quartic_lanes;LD3_layout_is_alternative_per_quartic_lane
215,0,2,0,21,5,3,A,2,21,87,87,87,471,-1033,2735,low_plus_zeta_high,twist_branch0,21,-108,1059,top_split_then_twist_then_store_dft3_input,a[64..95],a[448..479],5,tmp_ld4[branch0][group2][n30][n32_lane5][q3],215,430,ld4_tmp_ld4_branch0_group2_n30,x0_q3_vlane5,tmp_ld3[branch0][q3][group2][n32_lane5][n30],351,702,ld3_tmp_ld3_branch0_q3_group2,x0_vlane5,LD4_layout_is_recommended_for_four_quartic_lanes;LD3_layout_is_alternative_per_quartic_lane
216,0,2,0,22,6,0,B,6,54,216,216,216,600,-1033,2735,low_plus_zeta_high,twist_branch0,54,-1591,3021,top_split_then_twist_then_store_dft3_input,a[192..223],a[576..607],6,tmp_ld4[branch0][group2][n30][n32_lane6][q0],216,432,ld4_tmp_ld4_branch0_group2_n30,x0_q0_vlane6,tmp_ld3[branch0][q0][group2][n32_lane6][n30],66,132,ld3_tmp_ld3_branch0_q0_group2,x0_vlane6,LD4_layout_is_recommended_for_four_quartic_lanes;LD3_layout_is_alternative_per_quartic_lane
217,0,2,0,22,6,1,B,6,54,217,217,217,601,-1033,2735,low_plus_zeta_high,twist_branch0,54,-1591,3021,top_split_then_twist_then_store_dft3_input,a[192..223],a[576..607],6,tmp_ld4[branch0][group2][n30][n32_lane6][q1],217,434,ld4_tmp_ld4_branch0_group2_n30,x0_q1_vlane6,tmp_ld3[branch0][q1][group2][n32_lane6][n30],162,324,ld3_tmp_ld3_branch0_q1_group2,x0_vlane6,LD4_layout_is_recommended_for_four_quartic_lanes;LD3_layout_is_alternative_per_quartic_lane
218,0,2,0,22,6,2,B,6,54,218,218,218,602,-1033,2735,low_plus_zeta_high,twist_branch0,54,-1591,3021,top_split_then_twist_then_store_dft3_input,a[192..223],a[576..607],6,tmp_ld4[branch0][group2][n30][n32_lane6][q2],218,436,ld4_tmp_ld4_branch0_group2_n30,x0_q2_vlane6,tmp_ld3[branch0][q2][group2][n32_lane6][n30],258,516,ld3_tmp_ld3_branch0_q2_group2,x0_vlane6,LD4_layout_is_recommended_for_four_quartic_lanes;LD3_layout_is_alternative_per_quartic_lane
219,0,2,0,22,6,3,B,6,54,219,219,219,603,-1033,2735,low_plus_zeta_high,twist_branch0,54,-1591,3021,top_split_then_twist_then_store_dft3_input,a[192..223],a[576..607],6,tmp_ld4[branch0][group2][n30][n32_lane6][q3],219,438,ld4_tmp_ld4_branch0_group2_n30,x0_q3_vlane6,tmp_ld3[branch0][q3][group2][n32_lane6][n30],354,708,ld3_tmp_ld3_branch0_q3_group2,x0_vlane6,LD4_layout_is_recommended_for_four_quartic_lanes;LD3_layout_is_alternative_per_quartic_lane
220,0,2,0,23,7,0,C,10,87,348,348,348,732,-1033,2735,low_plus_zeta_high,twist_branch0,87,25,235,top_split_then_twist_then_store_dft3_input,a[320..351],a[704..735],7,tmp_ld4[branch0][group2][n30][n32_lane7][q0],220,440,ld4_tmp_ld4_branch0_group2_n30,x0_q0_vlane7,tmp_ld3[branch0][q0][group2][n32_lane7][n30],69,138,ld3_tmp_ld3_branch0_q0_group2,x0_vlane7,LD4_layout_is_recommended_for_four_quartic_lanes;LD3_layout_is_alternative_per_quartic_lane
221,0,2,0,23,7,1,C,10,87,349,349,349,733,-1033,2735,low_plus_zeta_high,twist_branch0,87,25,235,top_split_then_twist_then_store_dft3_input,a[320..351],a[704..735],7,tmp_ld4[branch0][group2][n30][n32_lane7][q1],221,442,ld4_tmp_ld4_branch0_group2_n30,x0_q1_vlane7,tmp_ld3[branch0][q1][group2][n32_lane7][n30],165,330,ld3_tmp_ld3_branch0_q1_group2,x0_vlane7,LD4_layout_is_recommended_for_four_quartic_lanes;LD3_layout_is_alternative_per_quartic_lane
222,0,2,0,23,7,2,C,10,87,350,350,350,734,-1033,2735,low_plus_zeta_high,twist_branch0,87,25,235,top_split_then_twist_then_store_dft3_input,a[320..351],a[704..735],7,tmp_ld4[branch0][group2][n30][n32_lane7][q2],222,444,ld4_tmp_ld4_branch0_group2_n30,x0_q2_vlane7,tmp_ld3[branch0][q2][group2][n32_lane7][n30],261,522,ld3_tmp_ld3_branch0_q2_group2,x0_vlane7,LD4_layout_is_recommended_for_four_quartic_lanes;LD3_layout_is_alternative_per_quartic_lane
223,0,2,0,23,7,3,C,10,87,351,351,351,735,-1033,2735,low_plus_zeta_high,twist_branch0,87,25,235,top_split_then_twist_then_store_dft3_input,a[320..351],a[704..735],7,tmp_ld4[branch0][group2][n30][n32_lane7][q3],223,446,ld4_tmp_ld4_branch0_group2_n30,x0_q3_vlane7,tmp_ld3[branch0][q3][group2][n32_lane7][n30],357,714,ld3_tmp_ld3_branch0_q3_group2,x0_vlane7,LD4_layout_is_recommended_for_four_quartic_lanes;LD3_layout_is_alternative_per_quartic_lane
224,0,2,1,16,0,0,A,2,16,64,64,64,448,-1033,2735,low_plus_zeta_high,twist_branch0,16,1,2775,top_split_then_twist_then_store_dft3_input,a[64..95],a[448..479],0,tmp_ld4[branch0][group2][n31][n32_lane0][q0],224,448,ld4_tmp_ld4_branch0_group2_n31,x1_q0_vlane0,tmp_ld3[branch0][q0][group2][n32_lane0][n31],49,98,ld3_tmp_ld3_branch0_q0_group2,x1_vlane0,LD4_layout_is_recommended_for_four_quartic_lanes;LD3_layout_is_alternative_per_quartic_lane
225,0,2,1,16,0,1,A,2,16,65,65,65,449,-1033,2735,low_plus_zeta_high,twist_branch0,16,1,2775,top_split_then_twist_then_store_dft3_input,a[64..95],a[448..479],0,tmp_ld4[branch0][group2][n31][n32_lane0][q1],225,450,ld4_tmp_ld4_branch0_group2_n31,x1_q1_vlane0,tmp_ld3[branch0][q1][group2][n32_lane0][n31],145,290,ld3_tmp_ld3_branch0_q1_group2,x1_vlane0,LD4_layout_is_recommended_for_four_quartic_lanes;LD3_layout_is_alternative_per_quartic_lane
226,0,2,1,16,0,2,A,2,16,66,66,66,450,-1033,2735,low_plus_zeta_high,twist_branch0,16,1,2775,top_split_then_twist_then_store_dft3_input,a[64..95],a[448..479],0,tmp_ld4[branch0][group2][n31][n32_lane0][q2],226,452,ld4_tmp_ld4_branch0_group2_n31,x1_q2_vlane0,tmp_ld3[branch0][q2][group2][n32_lane0][n31],241,482,ld3_tmp_ld3_branch0_q2_group2,x1_vlane0,LD4_layout_is_recommended_for_four_quartic_lanes;LD3_layout_is_alternative_per_quartic_lane
227,0,2,1,16,0,3,A,2,16,67,67,67,451,-1033,2735,low_plus_zeta_high,twist_branch0,16,1,2775,top_split_then_twist_then_store_dft3_input,a[64..95],a[448..479],0,tmp_ld4[branch0][group2][n31][n32_lane0][q3],227,454,ld4_tmp_ld4_branch0_group2_n31,x1_q3_vlane0,tmp_ld3[branch0][q3][group2][n32_lane0][n31],337,674,ld3_tmp_ld3_branch0_q3_group2,x1_vlane0,LD4_layout_is_recommended_for_four_quartic_lanes;LD3_layout_is_alternative_per_quartic_lane
228,0,2,1,17,1,0,B,6,49,196,196,196,580,-1033,2735,low_plus_zeta_high,twist_branch0,49,943,3333,top_split_then_twist_then_store_dft3_input,a[192..223],a[576..607],1,tmp_ld4[branch0][group2][n31][n32_lane1][q0],228,456,ld4_tmp_ld4_branch0_group2_n31,x1_q0_vlane1,tmp_ld3[branch0][q0][group2][n32_lane1][n31],52,104,ld3_tmp_ld3_branch0_q0_group2,x1_vlane1,LD4_layout_is_recommended_for_four_quartic_lanes;LD3_layout_is_alternative_per_quartic_lane
229,0,2,1,17,1,1,B,6,49,197,197,197,581,-1033,2735,low_plus_zeta_high,twist_branch0,49,943,3333,top_split_then_twist_then_store_dft3_input,a[192..223],a[576..607],1,tmp_ld4[branch0][group2][n31][n32_lane1][q1],229,458,ld4_tmp_ld4_branch0_group2_n31,x1_q1_vlane1,tmp_ld3[branch0][q1][group2][n32_lane1][n31],148,296,ld3_tmp_ld3_branch0_q1_group2,x1_vlane1,LD4_layout_is_recommended_for_four_quartic_lanes;LD3_layout_is_alternative_per_quartic_lane
230,0,2,1,17,1,2,B,6,49,198,198,198,582,-1033,2735,low_plus_zeta_high,twist_branch0,49,943,3333,top_split_then_twist_then_store_dft3_input,a[192..223],a[576..607],1,tmp_ld4[branch0][group2][n31][n32_lane1][q2],230,460,ld4_tmp_ld4_branch0_group2_n31,x1_q2_vlane1,tmp_ld3[branch0][q2][group2][n32_lane1][n31],244,488,ld3_tmp_ld3_branch0_q2_group2,x1_vlane1,LD4_layout_is_recommended_for_four_quartic_lanes;LD3_layout_is_alternative_per_quartic_lane
231,0,2,1,17,1,3,B,6,49,199,199,199,583,-1033,2735,low_plus_zeta_high,twist_branch0,49,943,3333,top_split_then_twist_then_store_dft3_input,a[192..223],a[576..607],1,tmp_ld4[branch0][group2][n31][n32_lane1][q3],231,462,ld4_tmp_ld4_branch0_group2_n31,x1_q3_vlane1,tmp_ld3[branch0][q3][group2][n32_lane1][n31],340,680,ld3_tmp_ld3_branch0_q3_group2,x1_vlane1,LD4_layout_is_recommended_for_four_quartic_lanes;LD3_layout_is_alternative_per_quartic_lane
232,0,2,1,18,2,0,C,10,82,328,328,328,712,-1033,2735,low_plus_zeta_high,twist_branch0,82,800,606,top_split_then_twist_then_store_dft3_input,a[320..351],a[704..735],2,tmp_ld4[branch0][group2][n31][n32_lane2][q0],232,464,ld4_tmp_ld4_branch0_group2_n31,x1_q0_vlane2,tmp_ld3[branch0][q0][group2][n32_lane2][n31],55,110,ld3_tmp_ld3_branch0_q0_group2,x1_vlane2,LD4_layout_is_recommended_for_four_quartic_lanes;LD3_layout_is_alternative_per_quartic_lane
233,0,2,1,18,2,1,C,10,82,329,329,329,713,-1033,2735,low_plus_zeta_high,twist_branch0,82,800,606,top_split_then_twist_then_store_dft3_input,a[320..351],a[704..735],2,tmp_ld4[branch0][group2][n31][n32_lane2][q1],233,466,ld4_tmp_ld4_branch0_group2_n31,x1_q1_vlane2,tmp_ld3[branch0][q1][group2][n32_lane2][n31],151,302,ld3_tmp_ld3_branch0_q1_group2,x1_vlane2,LD4_layout_is_recommended_for_four_quartic_lanes;LD3_layout_is_alternative_per_quartic_lane
234,0,2,1,18,2,2,C,10,82,330,330,330,714,-1033,2735,low_plus_zeta_high,twist_branch0,82,800,606,top_split_then_twist_then_store_dft3_input,a[320..351],a[704..735],2,tmp_ld4[branch0][group2][n31][n32_lane2][q2],234,468,ld4_tmp_ld4_branch0_group2_n31,x1_q2_vlane2,tmp_ld3[branch0][q2][group2][n32_lane2][n31],247,494,ld3_tmp_ld3_branch0_q2_group2,x1_vlane2,LD4_layout_is_recommended_for_four_quartic_lanes;LD3_layout_is_alternative_per_quartic_lane
235,0,2,1,18,2,3,C,10,82,331,331,331,715,-1033,2735,low_plus_zeta_high,twist_branch0,82,800,606,top_split_then_twist_then_store_dft3_input,a[320..351],a[704..735],2,tmp_ld4[branch0][group2][n31][n32_lane2][q3],235,470,ld4_tmp_ld4_branch0_group2_n31,x1_q3_vlane2,tmp_ld3[branch0][q3][group2][n32_lane2][n31],343,686,ld3_tmp_ld3_branch0_q3_group2,x1_vlane2,LD4_layout_is_recommended_for_four_quartic_lanes;LD3_layout_is_alternative_per_quartic_lane
236,0,2,1,19,3,0,A,2,19,76,76,76,460,-1033,2735,low_plus_zeta_high,twist_branch0,19,-432,779,top_split_then_twist_then_store_dft3_input,a[64..95],a[448..479],3,tmp_ld4[branch0][group2][n31][n32_lane3][q0],236,472,ld4_tmp_ld4_branch0_group2_n31,x1_q0_vlane3,tmp_ld3[branch0][q0][group2][n32_lane3][n31],58,116,ld3_tmp_ld3_branch0_q0_group2,x1_vlane3,LD4_layout_is_recommended_for_four_quartic_lanes;LD3_layout_is_alternative_per_quartic_lane
237,0,2,1,19,3,1,A,2,19,77,77,77,461,-1033,2735,low_plus_zeta_high,twist_branch0,19,-432,779,top_split_then_twist_then_store_dft3_input,a[64..95],a[448..479],3,tmp_ld4[branch0][group2][n31][n32_lane3][q1],237,474,ld4_tmp_ld4_branch0_group2_n31,x1_q1_vlane3,tmp_ld3[branch0][q1][group2][n32_lane3][n31],154,308,ld3_tmp_ld3_branch0_q1_group2,x1_vlane3,LD4_layout_is_recommended_for_four_quartic_lanes;LD3_layout_is_alternative_per_quartic_lane
238,0,2,1,19,3,2,A,2,19,78,78,78,462,-1033,2735,low_plus_zeta_high,twist_branch0,19,-432,779,top_split_then_twist_then_store_dft3_input,a[64..95],a[448..479],3,tmp_ld4[branch0][group2][n31][n32_lane3][q2],238,476,ld4_tmp_ld4_branch0_group2_n31,x1_q2_vlane3,tmp_ld3[branch0][q2][group2][n32_lane3][n31],250,500,ld3_tmp_ld3_branch0_q2_group2,x1_vlane3,LD4_layout_is_recommended_for_four_quartic_lanes;LD3_layout_is_alternative_per_quartic_lane
239,0,2,1,19,3,3,A,2,19,79,79,79,463,-1033,2735,low_plus_zeta_high,twist_branch0,19,-432,779,top_split_then_twist_then_store_dft3_input,a[64..95],a[448..479],3,tmp_ld4[branch0][group2][n31][n32_lane3][q3],239,478,ld4_tmp_ld4_branch0_group2_n31,x1_q3_vlane3,tmp_ld3[branch0][q3][group2][n32_lane3][n31],346,692,ld3_tmp_ld3_branch0_q3_group2,x1_vlane3,LD4_layout_is_recommended_for_four_quartic_lanes;LD3_layout_is_alternative_per_quartic_lane
240,0,2,1,20,4,0,B,6,52,208,208,208,592,-1033,2735,low_plus_zeta_high,twist_branch0,52,550,1713,top_split_then_twist_then_store_dft3_input,a[192..223],a[576..607],4,tmp_ld4[branch0][group2][n31][n32_lane4][q0],240,480,ld4_tmp_ld4_branch0_group2_n31,x1_q0_vlane4,tmp_ld3[branch0][q0][group2][n32_lane4][n31],61,122,ld3_tmp_ld3_branch0_q0_group2,x1_vlane4,LD4_layout_is_recommended_for_four_quartic_lanes;LD3_layout_is_alternative_per_quartic_lane
241,0,2,1,20,4,1,B,6,52,209,209,209,593,-1033,2735,low_plus_zeta_high,twist_branch0,52,550,1713,top_split_then_twist_then_store_dft3_input,a[192..223],a[576..607],4,tmp_ld4[branch0][group2][n31][n32_lane4][q1],241,482,ld4_tmp_ld4_branch0_group2_n31,x1_q1_vlane4,tmp_ld3[branch0][q1][group2][n32_lane4][n31],157,314,ld3_tmp_ld3_branch0_q1_group2,x1_vlane4,LD4_layout_is_recommended_for_four_quartic_lanes;LD3_layout_is_alternative_per_quartic_lane
242,0,2,1,20,4,2,B,6,52,210,210,210,594,-1033,2735,low_plus_zeta_high,twist_branch0,52,550,1713,top_split_then_twist_then_store_dft3_input,a[192..223],a[576..607],4,tmp_ld4[branch0][group2][n31][n32_lane4][q2],242,484,ld4_tmp_ld4_branch0_group2_n31,x1_q2_vlane4,tmp_ld3[branch0][q2][group2][n32_lane4][n31],253,506,ld3_tmp_ld3_branch0_q2_group2,x1_vlane4,LD4_layout_is_recommended_for_four_quartic_lanes;LD3_layout_is_alternative_per_quartic_lane
243,0,2,1,20,4,3,B,6,52,211,211,211,595,-1033,2735,low_plus_zeta_high,twist_branch0,52,550,1713,top_split_then_twist_then_store_dft3_input,a[192..223],a[576..607],4,tmp_ld4[branch0][group2][n31][n32_lane4][q3],243,486,ld4_tmp_ld4_branch0_group2_n31,x1_q3_vlane4,tmp_ld3[branch0][q3][group2][n32_lane4][n31],349,698,ld3_tmp_ld3_branch0_q3_group2,x1_vlane4,LD4_layout_is_recommended_for_four_quartic_lanes;LD3_layout_is_alternative_per_quartic_lane
244,0,2,1,21,5,0,C,10,85,340,340,340,724,-1033,2735,low_plus_zeta_high,twist_branch0,85,100,940,top_split_then_twist_then_store_dft3_input,a[320..351],a[704..735],5,tmp_ld4[branch0][group2][n31][n32_lane5][q0],244,488,ld4_tmp_ld4_branch0_group2_n31,x1_q0_vlane5,tmp_ld3[branch0][q0][group2][n32_lane5][n31],64,128,ld3_tmp_ld3_branch0_q0_group2,x1_vlane5,LD4_layout_is_recommended_for_four_quartic_lanes;LD3_layout_is_alternative_per_quartic_lane
245,0,2,1,21,5,1,C,10,85,341,341,341,725,-1033,2735,low_plus_zeta_high,twist_branch0,85,100,940,top_split_then_twist_then_store_dft3_input,a[320..351],a[704..735],5,tmp_ld4[branch0][group2][n31][n32_lane5][q1],245,490,ld4_tmp_ld4_branch0_group2_n31,x1_q1_vlane5,tmp_ld3[branch0][q1][group2][n32_lane5][n31],160,320,ld3_tmp_ld3_branch0_q1_group2,x1_vlane5,LD4_layout_is_recommended_for_four_quartic_lanes;LD3_layout_is_alternative_per_quartic_lane
246,0,2,1,21,5,2,C,10,85,342,342,342,726,-1033,2735,low_plus_zeta_high,twist_branch0,85,100,940,top_split_then_twist_then_store_dft3_input,a[320..351],a[704..735],5,tmp_ld4[branch0][group2][n31][n32_lane5][q2],246,492,ld4_tmp_ld4_branch0_group2_n31,x1_q2_vlane5,tmp_ld3[branch0][q2][group2][n32_lane5][n31],256,512,ld3_tmp_ld3_branch0_q2_group2,x1_vlane5,LD4_layout_is_recommended_for_four_quartic_lanes;LD3_layout_is_alternative_per_quartic_lane
247,0,2,1,21,5,3,C,10,85,343,343,343,727,-1033,2735,low_plus_zeta_high,twist_branch0,85,100,940,top_split_then_twist_then_store_dft3_input,a[320..351],a[704..735],5,tmp_ld4[branch0][group2][n31][n32_lane5][q3],247,494,ld4_tmp_ld4_branch0_group2_n31,x1_q3_vlane5,tmp_ld3[branch0][q3][group2][n32_lane5][n31],352,704,ld3_tmp_ld3_branch0_q3_group2,x1_vlane5,LD4_layout_is_recommended_for_four_quartic_lanes;LD3_layout_is_alternative_per_quartic_lane
248,0,2,1,22,6,0,A,2,22,88,88,88,472,-1033,2735,low_plus_zeta_high,twist_branch0,22,-54,2258,top_split_then_twist_then_store_dft3_input,a[64..95],a[448..479],6,tmp_ld4[branch0][group2][n31][n32_lane6][q0],248,496,ld4_tmp_ld4_branch0_group2_n31,x1_q0_vlane6,tmp_ld3[branch0][q0][group2][n32_lane6][n31],67,134,ld3_tmp_ld3_branch0_q0_group2,x1_vlane6,LD4_layout_is_recommended_for_four_quartic_lanes;LD3_layout_is_alternative_per_quartic_lane
249,0,2,1,22,6,1,A,2,22,89,89,89,473,-1033,2735,low_plus_zeta_high,twist_branch0,22,-54,2258,top_split_then_twist_then_store_dft3_input,a[64..95],a[448..479],6,tmp_ld4[branch0][group2][n31][n32_lane6][q1],249,498,ld4_tmp_ld4_branch0_group2_n31,x1_q1_vlane6,tmp_ld3[branch0][q1][group2][n32_lane6][n31],163,326,ld3_tmp_ld3_branch0_q1_group2,x1_vlane6,LD4_layout_is_recommended_for_four_quartic_lanes;LD3_layout_is_alternative_per_quartic_lane
250,0,2,1,22,6,2,A,2,22,90,90,90,474,-1033,2735,low_plus_zeta_high,twist_branch0,22,-54,2258,top_split_then_twist_then_store_dft3_input,a[64..95],a[448..479],6,tmp_ld4[branch0][group2][n31][n32_lane6][q2],250,500,ld4_tmp_ld4_branch0_group2_n31,x1_q2_vlane6,tmp_ld3[branch0][q2][group2][n32_lane6][n31],259,518,ld3_tmp_ld3_branch0_q2_group2,x1_vlane6,LD4_layout_is_recommended_for_four_quartic_lanes;LD3_layout_is_alternative_per_quartic_lane
251,0,2,1,22,6,3,A,2,22,91,91,91,475,-1033,2735,low_plus_zeta_high,twist_branch0,22,-54,2258,top_split_then_twist_then_store_dft3_input,a[64..95],a[448..479],6,tmp_ld4[branch0][group2][n31][n32_lane6][q3],251,502,ld4_tmp_ld4_branch0_group2_n31,x1_q3_vlane6,tmp_ld3[branch0][q3][group2][n32_lane6][n31],355,710,ld3_tmp_ld3_branch0_q3_group2,x1_vlane6,LD4_layout_is_recommended_for_four_quartic_lanes;LD3_layout_is_alternative_per_quartic_lane
252,0,2,1,23,7,0,B,6,55,220,220,220,604,-1033,2735,low_plus_zeta_high,twist_branch0,55,933,3239,top_split_then_twist_then_store_dft3_input,a[192..223],a[576..607],7,tmp_ld4[branch0][group2][n31][n32_lane7][q0],252,504,ld4_tmp_ld4_branch0_group2_n31,x1_q0_vlane7,tmp_ld3[branch0][q0][group2][n32_lane7][n31],70,140,ld3_tmp_ld3_branch0_q0_group2,x1_vlane7,LD4_layout_is_recommended_for_four_quartic_lanes;LD3_layout_is_alternative_per_quartic_lane
253,0,2,1,23,7,1,B,6,55,221,221,221,605,-1033,2735,low_plus_zeta_high,twist_branch0,55,933,3239,top_split_then_twist_then_store_dft3_input,a[192..223],a[576..607],7,tmp_ld4[branch0][group2][n31][n32_lane7][q1],253,506,ld4_tmp_ld4_branch0_group2_n31,x1_q1_vlane7,tmp_ld3[branch0][q1][group2][n32_lane7][n31],166,332,ld3_tmp_ld3_branch0_q1_group2,x1_vlane7,LD4_layout_is_recommended_for_four_quartic_lanes;LD3_layout_is_alternative_per_quartic_lane
254,0,2,1,23,7,2,B,6,55,222,222,222,606,-1033,2735,low_plus_zeta_high,twist_branch0,55,933,3239,top_split_then_twist_then_store_dft3_input,a[192..223],a[576..607],7,tmp_ld4[branch0][group2][n31][n32_lane7][q2],254,508,ld4_tmp_ld4_branch0_group2_n31,x1_q2_vlane7,tmp_ld3[branch0][q2][group2][n32_lane7][n31],262,524,ld3_tmp_ld3_branch0_q2_group2,x1_vlane7,LD4_layout_is_recommended_for_four_quartic_lanes;LD3_layout_is_alternative_per_quartic_lane
255,0,2,1,23,7,3,B,6,55,223,223,223,607,-1033,2735,low_plus_zeta_high,twist_branch0,55,933,3239,top_split_then_twist_then_store_dft3_input,a[192..223],a[576..607],7,tmp_ld4[branch0][group2][n31][n32_lane7][q3],255,510,ld4_tmp_ld4_branch0_group2_n31,x1_q3_vlane7,tmp_ld3[branch0][q3][group2][n32_lane7][n31],358,716,ld3_tmp_ld3_branch0_q3_group2,x1_vlane7,LD4_layout_is_recommended_for_four_quartic_lanes;LD3_layout_is_alternative_per_quartic_lane
256,0,2,2,16,0,0,C,10,80,320,320,320,704,-1033,2735,low_plus_zeta_high,twist_branch0,80,-257,2424,top_split_then_twist_then_store_dft3_input,a[320..351],a[704..735],0,tmp_ld4[branch0][group2][n32][n32_lane0][q0],256,512,ld4_tmp_ld4_branch0_group2_n32,x2_q0_vlane0,tmp_ld3[branch0][q0][group2][n32_lane0][n32],50,100,ld3_tmp_ld3_branch0_q0_group2,x2_vlane0,LD4_layout_is_recommended_for_four_quartic_lanes;LD3_layout_is_alternative_per_quartic_lane
257,0,2,2,16,0,1,C,10,80,321,321,321,705,-1033,2735,low_plus_zeta_high,twist_branch0,80,-257,2424,top_split_then_twist_then_store_dft3_input,a[320..351],a[704..735],0,tmp_ld4[branch0][group2][n32][n32_lane0][q1],257,514,ld4_tmp_ld4_branch0_group2_n32,x2_q1_vlane0,tmp_ld3[branch0][q1][group2][n32_lane0][n32],146,292,ld3_tmp_ld3_branch0_q1_group2,x2_vlane0,LD4_layout_is_recommended_for_four_quartic_lanes;LD3_layout_is_alternative_per_quartic_lane
258,0,2,2,16,0,2,C,10,80,322,322,322,706,-1033,2735,low_plus_zeta_high,twist_branch0,80,-257,2424,top_split_then_twist_then_store_dft3_input,a[320..351],a[704..735],0,tmp_ld4[branch0][group2][n32][n32_lane0][q2],258,516,ld4_tmp_ld4_branch0_group2_n32,x2_q2_vlane0,tmp_ld3[branch0][q2][group2][n32_lane0][n32],242,484,ld3_tmp_ld3_branch0_q2_group2,x2_vlane0,LD4_layout_is_recommended_for_four_quartic_lanes;LD3_layout_is_alternative_per_quartic_lane
259,0,2,2,16,0,3,C,10,80,323,323,323,707,-1033,2735,low_plus_zeta_high,twist_branch0,80,-257,2424,top_split_then_twist_then_store_dft3_input,a[320..351],a[704..735],0,tmp_ld4[branch0][group2][n32][n32_lane0][q3],259,518,ld4_tmp_ld4_branch0_group2_n32,x2_q3_vlane0,tmp_ld3[branch0][q3][group2][n32_lane0][n32],338,676,ld3_tmp_ld3_branch0_q3_group2,x2_vlane0,LD4_layout_is_recommended_for_four_quartic_lanes;LD3_layout_is_alternative_per_quartic_lane
260,0,2,2,17,1,0,A,2,17,68,68,68,452,-1033,2735,low_plus_zeta_high,twist_branch0,17,-1728,3116,top_split_then_twist_then_store_dft3_input,a[64..95],a[448..479],1,tmp_ld4[branch0][group2][n32][n32_lane1][q0],260,520,ld4_tmp_ld4_branch0_group2_n32,x2_q0_vlane1,tmp_ld3[branch0][q0][group2][n32_lane1][n32],53,106,ld3_tmp_ld3_branch0_q0_group2,x2_vlane1,LD4_layout_is_recommended_for_four_quartic_lanes;LD3_layout_is_alternative_per_quartic_lane
261,0,2,2,17,1,1,A,2,17,69,69,69,453,-1033,2735,low_plus_zeta_high,twist_branch0,17,-1728,3116,top_split_then_twist_then_store_dft3_input,a[64..95],a[448..479],1,tmp_ld4[branch0][group2][n32][n32_lane1][q1],261,522,ld4_tmp_ld4_branch0_group2_n32,x2_q1_vlane1,tmp_ld3[branch0][q1][group2][n32_lane1][n32],149,298,ld3_tmp_ld3_branch0_q1_group2,x2_vlane1,LD4_layout_is_recommended_for_four_quartic_lanes;LD3_layout_is_alternative_per_quartic_lane
262,0,2,2,17,1,2,A,2,17,70,70,70,454,-1033,2735,low_plus_zeta_high,twist_branch0,17,-1728,3116,top_split_then_twist_then_store_dft3_input,a[64..95],a[448..479],1,tmp_ld4[branch0][group2][n32][n32_lane1][q2],262,524,ld4_tmp_ld4_branch0_group2_n32,x2_q2_vlane1,tmp_ld3[branch0][q2][group2][n32_lane1][n32],245,490,ld3_tmp_ld3_branch0_q2_group2,x2_vlane1,LD4_layout_is_recommended_for_four_quartic_lanes;LD3_layout_is_alternative_per_quartic_lane
263,0,2,2,17,1,3,A,2,17,71,71,71,455,-1033,2735,low_plus_zeta_high,twist_branch0,17,-1728,3116,top_split_then_twist_then_store_dft3_input,a[64..95],a[448..479],1,tmp_ld4[branch0][group2][n32][n32_lane1][q3],263,526,ld4_tmp_ld4_branch0_group2_n32,x2_q3_vlane1,tmp_ld3[branch0][q3][group2][n32_lane1][n32],341,682,ld3_tmp_ld3_branch0_q3_group2,x2_vlane1,LD4_layout_is_recommended_for_four_quartic_lanes;LD3_layout_is_alternative_per_quartic_lane
264,0,2,2,18,2,0,B,6,50,200,200,200,584,-1033,2735,low_plus_zeta_high,twist_branch0,50,-1257,3395,top_split_then_twist_then_store_dft3_input,a[192..223],a[576..607],2,tmp_ld4[branch0][group2][n32][n32_lane2][q0],264,528,ld4_tmp_ld4_branch0_group2_n32,x2_q0_vlane2,tmp_ld3[branch0][q0][group2][n32_lane2][n32],56,112,ld3_tmp_ld3_branch0_q0_group2,x2_vlane2,LD4_layout_is_recommended_for_four_quartic_lanes;LD3_layout_is_alternative_per_quartic_lane
265,0,2,2,18,2,1,B,6,50,201,201,201,585,-1033,2735,low_plus_zeta_high,twist_branch0,50,-1257,3395,top_split_then_twist_then_store_dft3_input,a[192..223],a[576..607],2,tmp_ld4[branch0][group2][n32][n32_lane2][q1],265,530,ld4_tmp_ld4_branch0_group2_n32,x2_q1_vlane2,tmp_ld3[branch0][q1][group2][n32_lane2][n32],152,304,ld3_tmp_ld3_branch0_q1_group2,x2_vlane2,LD4_layout_is_recommended_for_four_quartic_lanes;LD3_layout_is_alternative_per_quartic_lane
266,0,2,2,18,2,2,B,6,50,202,202,202,586,-1033,2735,low_plus_zeta_high,twist_branch0,50,-1257,3395,top_split_then_twist_then_store_dft3_input,a[192..223],a[576..607],2,tmp_ld4[branch0][group2][n32][n32_lane2][q2],266,532,ld4_tmp_ld4_branch0_group2_n32,x2_q2_vlane2,tmp_ld3[branch0][q2][group2][n32_lane2][n32],248,496,ld3_tmp_ld3_branch0_q2_group2,x2_vlane2,LD4_layout_is_recommended_for_four_quartic_lanes;LD3_layout_is_alternative_per_quartic_lane
267,0,2,2,18,2,3,B,6,50,203,203,203,587,-1033,2735,low_plus_zeta_high,twist_branch0,50,-1257,3395,top_split_then_twist_then_store_dft3_input,a[192..223],a[576..607],2,tmp_ld4[branch0][group2][n32][n32_lane2][q3],267,534,ld4_tmp_ld4_branch0_group2_n32,x2_q3_vlane2,tmp_ld3[branch0][q3][group2][n32_lane2][n32],344,688,ld3_tmp_ld3_branch0_q3_group2,x2_vlane2,LD4_layout_is_recommended_for_four_quartic_lanes;LD3_layout_is_alternative_per_quartic_lane
268,0,2,2,19,3,0,C,10,83,332,332,332,716,-1033,2735,low_plus_zeta_high,twist_branch0,83,400,303,top_split_then_twist_then_store_dft3_input,a[320..351],a[704..735],3,tmp_ld4[branch0][group2][n32][n32_lane3][q0],268,536,ld4_tmp_ld4_branch0_group2_n32,x2_q0_vlane3,tmp_ld3[branch0][q0][group2][n32_lane3][n32],59,118,ld3_tmp_ld3_branch0_q0_group2,x2_vlane3,LD4_layout_is_recommended_for_four_quartic_lanes;LD3_layout_is_alternative_per_quartic_lane
269,0,2,2,19,3,1,C,10,83,333,333,333,717,-1033,2735,low_plus_zeta_high,twist_branch0,83,400,303,top_split_then_twist_then_store_dft3_input,a[320..351],a[704..735],3,tmp_ld4[branch0][group2][n32][n32_lane3][q1],269,538,ld4_tmp_ld4_branch0_group2_n32,x2_q1_vlane3,tmp_ld3[branch0][q1][group2][n32_lane3][n32],155,310,ld3_tmp_ld3_branch0_q1_group2,x2_vlane3,LD4_layout_is_recommended_for_four_quartic_lanes;LD3_layout_is_alternative_per_quartic_lane
270,0,2,2,19,3,2,C,10,83,334,334,334,718,-1033,2735,low_plus_zeta_high,twist_branch0,83,400,303,top_split_then_twist_then_store_dft3_input,a[320..351],a[704..735],3,tmp_ld4[branch0][group2][n32][n32_lane3][q2],270,540,ld4_tmp_ld4_branch0_group2_n32,x2_q2_vlane3,tmp_ld3[branch0][q2][group2][n32_lane3][n32],251,502,ld3_tmp_ld3_branch0_q2_group2,x2_vlane3,LD4_layout_is_recommended_for_four_quartic_lanes;LD3_layout_is_alternative_per_quartic_lane
271,0,2,2,19,3,3,C,10,83,335,335,335,719,-1033,2735,low_plus_zeta_high,twist_branch0,83,400,303,top_split_then_twist_then_store_dft3_input,a[320..351],a[704..735],3,tmp_ld4[branch0][group2][n32][n32_lane3][q3],271,542,ld4_tmp_ld4_branch0_group2_n32,x2_q3_vlane3,tmp_ld3[branch0][q3][group2][n32_lane3][n32],347,694,ld3_tmp_ld3_branch0_q3_group2,x2_vlane3,LD4_layout_is_recommended_for_four_quartic_lanes;LD3_layout_is_alternative_per_quartic_lane
272,0,2,2,20,4,0,A,2,20,80,80,80,464,-1033,2735,low_plus_zeta_high,twist_branch0,20,-216,2118,top_split_then_twist_then_store_dft3_input,a[64..95],a[448..479],4,tmp_ld4[branch0][group2][n32][n32_lane4][q0],272,544,ld4_tmp_ld4_branch0_group2_n32,x2_q0_vlane4,tmp_ld3[branch0][q0][group2][n32_lane4][n32],62,124,ld3_tmp_ld3_branch0_q0_group2,x2_vlane4,LD4_layout_is_recommended_for_four_quartic_lanes;LD3_layout_is_alternative_per_quartic_lane
273,0,2,2,20,4,1,A,2,20,81,81,81,465,-1033,2735,low_plus_zeta_high,twist_branch0,20,-216,2118,top_split_then_twist_then_store_dft3_input,a[64..95],a[448..479],4,tmp_ld4[branch0][group2][n32][n32_lane4][q1],273,546,ld4_tmp_ld4_branch0_group2_n32,x2_q1_vlane4,tmp_ld3[branch0][q1][group2][n32_lane4][n32],158,316,ld3_tmp_ld3_branch0_q1_group2,x2_vlane4,LD4_layout_is_recommended_for_four_quartic_lanes;LD3_layout_is_alternative_per_quartic_lane
274,0,2,2,20,4,2,A,2,20,82,82,82,466,-1033,2735,low_plus_zeta_high,twist_branch0,20,-216,2118,top_split_then_twist_then_store_dft3_input,a[64..95],a[448..479],4,tmp_ld4[branch0][group2][n32][n32_lane4][q2],274,548,ld4_tmp_ld4_branch0_group2_n32,x2_q2_vlane4,tmp_ld3[branch0][q2][group2][n32_lane4][n32],254,508,ld3_tmp_ld3_branch0_q2_group2,x2_vlane4,LD4_layout_is_recommended_for_four_quartic_lanes;LD3_layout_is_alternative_per_quartic_lane
275,0,2,2,20,4,3,A,2,20,83,83,83,467,-1033,2735,low_plus_zeta_high,twist_branch0,20,-216,2118,top_split_then_twist_then_store_dft3_input,a[64..95],a[448..479],4,tmp_ld4[branch0][group2][n32][n32_lane4][q3],275,550,ld4_tmp_ld4_branch0_group2_n32,x2_q3_vlane4,tmp_ld3[branch0][q3][group2][n32_lane4][n32],350,700,ld3_tmp_ld3_branch0_q3_group2,x2_vlane4,LD4_layout_is_recommended_for_four_quartic_lanes;LD3_layout_is_alternative_per_quartic_lane
276,0,2,2,21,5,0,B,6,53,212,212,212,596,-1033,2735,low_plus_zeta_high,twist_branch0,53,275,2585,top_split_then_twist_then_store_dft3_input,a[192..223],a[576..607],5,tmp_ld4[branch0][group2][n32][n32_lane5][q0],276,552,ld4_tmp_ld4_branch0_group2_n32,x2_q0_vlane5,tmp_ld3[branch0][q0][group2][n32_lane5][n32],65,130,ld3_tmp_ld3_branch0_q0_group2,x2_vlane5,LD4_layout_is_recommended_for_four_quartic_lanes;LD3_layout_is_alternative_per_quartic_lane
277,0,2,2,21,5,1,B,6,53,213,213,213,597,-1033,2735,low_plus_zeta_high,twist_branch0,53,275,2585,top_split_then_twist_then_store_dft3_input,a[192..223],a[576..607],5,tmp_ld4[branch0][group2][n32][n32_lane5][q1],277,554,ld4_tmp_ld4_branch0_group2_n32,x2_q1_vlane5,tmp_ld3[branch0][q1][group2][n32_lane5][n32],161,322,ld3_tmp_ld3_branch0_q1_group2,x2_vlane5,LD4_layout_is_recommended_for_four_quartic_lanes;LD3_layout_is_alternative_per_quartic_lane
278,0,2,2,21,5,2,B,6,53,214,214,214,598,-1033,2735,low_plus_zeta_high,twist_branch0,53,275,2585,top_split_then_twist_then_store_dft3_input,a[192..223],a[576..607],5,tmp_ld4[branch0][group2][n32][n32_lane5][q2],278,556,ld4_tmp_ld4_branch0_group2_n32,x2_q2_vlane5,tmp_ld3[branch0][q2][group2][n32_lane5][n32],257,514,ld3_tmp_ld3_branch0_q2_group2,x2_vlane5,LD4_layout_is_recommended_for_four_quartic_lanes;LD3_layout_is_alternative_per_quartic_lane
279,0,2,2,21,5,3,B,6,53,215,215,215,599,-1033,2735,low_plus_zeta_high,twist_branch0,53,275,2585,top_split_then_twist_then_store_dft3_input,a[192..223],a[576..607],5,tmp_ld4[branch0][group2][n32][n32_lane5][q3],279,558,ld4_tmp_ld4_branch0_group2_n32,x2_q3_vlane5,tmp_ld3[branch0][q3][group2][n32_lane5][n32],353,706,ld3_tmp_ld3_branch0_q3_group2,x2_vlane5,LD4_layout_is_recommended_for_four_quartic_lanes;LD3_layout_is_alternative_per_quartic_lane
280,0,2,2,22,6,0,C,10,86,344,344,344,728,-1033,2735,low_plus_zeta_high,twist_branch0,86,50,470,top_split_then_twist_then_store_dft3_input,a[320..351],a[704..735],6,tmp_ld4[branch0][group2][n32][n32_lane6][q0],280,560,ld4_tmp_ld4_branch0_group2_n32,x2_q0_vlane6,tmp_ld3[branch0][q0][group2][n32_lane6][n32],68,136,ld3_tmp_ld3_branch0_q0_group2,x2_vlane6,LD4_layout_is_recommended_for_four_quartic_lanes;LD3_layout_is_alternative_per_quartic_lane
281,0,2,2,22,6,1,C,10,86,345,345,345,729,-1033,2735,low_plus_zeta_high,twist_branch0,86,50,470,top_split_then_twist_then_store_dft3_input,a[320..351],a[704..735],6,tmp_ld4[branch0][group2][n32][n32_lane6][q1],281,562,ld4_tmp_ld4_branch0_group2_n32,x2_q1_vlane6,tmp_ld3[branch0][q1][group2][n32_lane6][n32],164,328,ld3_tmp_ld3_branch0_q1_group2,x2_vlane6,LD4_layout_is_recommended_for_four_quartic_lanes;LD3_layout_is_alternative_per_quartic_lane
282,0,2,2,22,6,2,C,10,86,346,346,346,730,-1033,2735,low_plus_zeta_high,twist_branch0,86,50,470,top_split_then_twist_then_store_dft3_input,a[320..351],a[704..735],6,tmp_ld4[branch0][group2][n32][n32_lane6][q2],282,564,ld4_tmp_ld4_branch0_group2_n32,x2_q2_vlane6,tmp_ld3[branch0][q2][group2][n32_lane6][n32],260,520,ld3_tmp_ld3_branch0_q2_group2,x2_vlane6,LD4_layout_is_recommended_for_four_quartic_lanes;LD3_layout_is_alternative_per_quartic_lane
283,0,2,2,22,6,3,C,10,86,347,347,347,731,-1033,2735,low_plus_zeta_high,twist_branch0,86,50,470,top_split_then_twist_then_store_dft3_input,a[320..351],a[704..735],6,tmp_ld4[branch0][group2][n32][n32_lane6][q3],283,566,ld4_tmp_ld4_branch0_group2_n32,x2_q3_vlane6,tmp_ld3[branch0][q3][group2][n32_lane6][n32],356,712,ld3_tmp_ld3_branch0_q3_group2,x2_vlane6,LD4_layout_is_recommended_for_four_quartic_lanes;LD3_layout_is_alternative_per_quartic_lane
284,0,2,2,23,7,0,A,2,23,92,92,92,476,-1033,2735,low_plus_zeta_high,twist_branch0,23,-27,1129,top_split_then_twist_then_store_dft3_input,a[64..95],a[448..479],7,tmp_ld4[branch0][group2][n32][n32_lane7][q0],284,568,ld4_tmp_ld4_branch0_group2_n32,x2_q0_vlane7,tmp_ld3[branch0][q0][group2][n32_lane7][n32],71,142,ld3_tmp_ld3_branch0_q0_group2,x2_vlane7,LD4_layout_is_recommended_for_four_quartic_lanes;LD3_layout_is_alternative_per_quartic_lane
285,0,2,2,23,7,1,A,2,23,93,93,93,477,-1033,2735,low_plus_zeta_high,twist_branch0,23,-27,1129,top_split_then_twist_then_store_dft3_input,a[64..95],a[448..479],7,tmp_ld4[branch0][group2][n32][n32_lane7][q1],285,570,ld4_tmp_ld4_branch0_group2_n32,x2_q1_vlane7,tmp_ld3[branch0][q1][group2][n32_lane7][n32],167,334,ld3_tmp_ld3_branch0_q1_group2,x2_vlane7,LD4_layout_is_recommended_for_four_quartic_lanes;LD3_layout_is_alternative_per_quartic_lane
286,0,2,2,23,7,2,A,2,23,94,94,94,478,-1033,2735,low_plus_zeta_high,twist_branch0,23,-27,1129,top_split_then_twist_then_store_dft3_input,a[64..95],a[448..479],7,tmp_ld4[branch0][group2][n32][n32_lane7][q2],286,572,ld4_tmp_ld4_branch0_group2_n32,x2_q2_vlane7,tmp_ld3[branch0][q2][group2][n32_lane7][n32],263,526,ld3_tmp_ld3_branch0_q2_group2,x2_vlane7,LD4_layout_is_recommended_for_four_quartic_lanes;LD3_layout_is_alternative_per_quartic_lane
287,0,2,2,23,7,3,A,2,23,95,95,95,479,-1033,2735,low_plus_zeta_high,twist_branch0,23,-27,1129,top_split_then_twist_then_store_dft3_input,a[64..95],a[448..479],7,tmp_ld4[branch0][group2][n32][n32_lane7][q3],287,574,ld4_tmp_ld4_branch0_group2_n32,x2_q3_vlane7,tmp_ld3[branch0][q3][group2][n32_lane7][n32],359,718,ld3_tmp_ld3_branch0_q3_group2,x2_vlane7,LD4_layout_is_recommended_for_four_quartic_lanes;LD3_layout_is_alternative_per_quartic_lane
288,0,3,0,24,0,0,A,3,24,96,96,96,480,-1033,2735,low_plus_zeta_high,twist_branch0,24,1715,2293,top_split_then_twist_then_store_dft3_input,a[96..127],a[480..511],0,tmp_ld4[branch0][group3][n30][n32_lane0][q0],288,576,ld4_tmp_ld4_branch0_group3_n30,x0_q0_vlane0,tmp_ld3[branch0][q0][group3][n32_lane0][n30],72,144,ld3_tmp_ld3_branch0_q0_group3,x0_vlane0,LD4_layout_is_recommended_for_four_quartic_lanes;LD3_layout_is_alternative_per_quartic_lane
289,0,3,0,24,0,1,A,3,24,97,97,97,481,-1033,2735,low_plus_zeta_high,twist_branch0,24,1715,2293,top_split_then_twist_then_store_dft3_input,a[96..127],a[480..511],0,tmp_ld4[branch0][group3][n30][n32_lane0][q1],289,578,ld4_tmp_ld4_branch0_group3_n30,x0_q1_vlane0,tmp_ld3[branch0][q1][group3][n32_lane0][n30],168,336,ld3_tmp_ld3_branch0_q1_group3,x0_vlane0,LD4_layout_is_recommended_for_four_quartic_lanes;LD3_layout_is_alternative_per_quartic_lane
290,0,3,0,24,0,2,A,3,24,98,98,98,482,-1033,2735,low_plus_zeta_high,twist_branch0,24,1715,2293,top_split_then_twist_then_store_dft3_input,a[96..127],a[480..511],0,tmp_ld4[branch0][group3][n30][n32_lane0][q2],290,580,ld4_tmp_ld4_branch0_group3_n30,x0_q2_vlane0,tmp_ld3[branch0][q2][group3][n32_lane0][n30],264,528,ld3_tmp_ld3_branch0_q2_group3,x0_vlane0,LD4_layout_is_recommended_for_four_quartic_lanes;LD3_layout_is_alternative_per_quartic_lane
291,0,3,0,24,0,3,A,3,24,99,99,99,483,-1033,2735,low_plus_zeta_high,twist_branch0,24,1715,2293,top_split_then_twist_then_store_dft3_input,a[96..127],a[480..511],0,tmp_ld4[branch0][group3][n30][n32_lane0][q3],291,582,ld4_tmp_ld4_branch0_group3_n30,x0_q3_vlane0,tmp_ld3[branch0][q3][group3][n32_lane0][n30],360,720,ld3_tmp_ld3_branch0_q3_group3,x0_vlane0,LD4_layout_is_recommended_for_four_quartic_lanes;LD3_layout_is_alternative_per_quartic_lane
292,0,3,0,25,1,0,B,7,57,228,228,228,612,-1033,2735,low_plus_zeta_high,twist_branch0,57,-631,1674,top_split_then_twist_then_store_dft3_input,a[224..255],a[608..639],1,tmp_ld4[branch0][group3][n30][n32_lane1][q0],292,584,ld4_tmp_ld4_branch0_group3_n30,x0_q0_vlane1,tmp_ld3[branch0][q0][group3][n32_lane1][n30],75,150,ld3_tmp_ld3_branch0_q0_group3,x0_vlane1,LD4_layout_is_recommended_for_four_quartic_lanes;LD3_layout_is_alternative_per_quartic_lane
293,0,3,0,25,1,1,B,7,57,229,229,229,613,-1033,2735,low_plus_zeta_high,twist_branch0,57,-631,1674,top_split_then_twist_then_store_dft3_input,a[224..255],a[608..639],1,tmp_ld4[branch0][group3][n30][n32_lane1][q1],293,586,ld4_tmp_ld4_branch0_group3_n30,x0_q1_vlane1,tmp_ld3[branch0][q1][group3][n32_lane1][n30],171,342,ld3_tmp_ld3_branch0_q1_group3,x0_vlane1,LD4_layout_is_recommended_for_four_quartic_lanes;LD3_layout_is_alternative_per_quartic_lane
294,0,3,0,25,1,2,B,7,57,230,230,230,614,-1033,2735,low_plus_zeta_high,twist_branch0,57,-631,1674,top_split_then_twist_then_store_dft3_input,a[224..255],a[608..639],1,tmp_ld4[branch0][group3][n30][n32_lane1][q2],294,588,ld4_tmp_ld4_branch0_group3_n30,x0_q2_vlane1,tmp_ld3[branch0][q2][group3][n32_lane1][n30],267,534,ld3_tmp_ld3_branch0_q2_group3,x0_vlane1,LD4_layout_is_recommended_for_four_quartic_lanes;LD3_layout_is_alternative_per_quartic_lane
295,0,3,0,25,1,3,B,7,57,231,231,231,615,-1033,2735,low_plus_zeta_high,twist_branch0,57,-631,1674,top_split_then_twist_then_store_dft3_input,a[224..255],a[608..639],1,tmp_ld4[branch0][group3][n30][n32_lane1][q3],295,590,ld4_tmp_ld4_branch0_group3_n30,x0_q3_vlane1,tmp_ld3[branch0][q3][group3][n32_lane1][n30],363,726,ld3_tmp_ld3_branch0_q3_group3,x0_vlane1,LD4_layout_is_recommended_for_four_quartic_lanes;LD3_layout_is_alternative_per_quartic_lane
296,0,3,0,26,2,0,C,11,90,360,360,360,744,-1033,2735,low_plus_zeta_high,twist_branch0,90,-429,2190,top_split_then_twist_then_store_dft3_input,a[352..383],a[736..767],2,tmp_ld4[branch0][group3][n30][n32_lane2][q0],296,592,ld4_tmp_ld4_branch0_group3_n30,x0_q0_vlane2,tmp_ld3[branch0][q0][group3][n32_lane2][n30],78,156,ld3_tmp_ld3_branch0_q0_group3,x0_vlane2,LD4_layout_is_recommended_for_four_quartic_lanes;LD3_layout_is_alternative_per_quartic_lane
297,0,3,0,26,2,1,C,11,90,361,361,361,745,-1033,2735,low_plus_zeta_high,twist_branch0,90,-429,2190,top_split_then_twist_then_store_dft3_input,a[352..383],a[736..767],2,tmp_ld4[branch0][group3][n30][n32_lane2][q1],297,594,ld4_tmp_ld4_branch0_group3_n30,x0_q1_vlane2,tmp_ld3[branch0][q1][group3][n32_lane2][n30],174,348,ld3_tmp_ld3_branch0_q1_group3,x0_vlane2,LD4_layout_is_recommended_for_four_quartic_lanes;LD3_layout_is_alternative_per_quartic_lane
298,0,3,0,26,2,2,C,11,90,362,362,362,746,-1033,2735,low_plus_zeta_high,twist_branch0,90,-429,2190,top_split_then_twist_then_store_dft3_input,a[352..383],a[736..767],2,tmp_ld4[branch0][group3][n30][n32_lane2][q2],298,596,ld4_tmp_ld4_branch0_group3_n30,x0_q2_vlane2,tmp_ld3[branch0][q2][group3][n32_lane2][n30],270,540,ld3_tmp_ld3_branch0_q2_group3,x0_vlane2,LD4_layout_is_recommended_for_four_quartic_lanes;LD3_layout_is_alternative_per_quartic_lane
299,0,3,0,26,2,3,C,11,90,363,363,363,747,-1033,2735,low_plus_zeta_high,twist_branch0,90,-429,2190,top_split_then_twist_then_store_dft3_input,a[352..383],a[736..767],2,tmp_ld4[branch0][group3][n30][n32_lane2][q3],299,598,ld4_tmp_ld4_branch0_group3_n30,x0_q3_vlane2,tmp_ld3[branch0][q3][group3][n32_lane2][n30],366,732,ld3_tmp_ld3_branch0_q3_group3,x0_vlane2,LD4_layout_is_recommended_for_four_quartic_lanes;LD3_layout_is_alternative_per_quartic_lane
300,0,3,0,27,3,0,A,3,27,108,108,108,492,-1033,2735,low_plus_zeta_high,twist_branch0,27,-1082,1583,top_split_then_twist_then_store_dft3_input,a[96..127],a[480..511],3,tmp_ld4[branch0][group3][n30][n32_lane3][q0],300,600,ld4_tmp_ld4_branch0_group3_n30,x0_q0_vlane3,tmp_ld3[branch0][q0][group3][n32_lane3][n30],81,162,ld3_tmp_ld3_branch0_q0_group3,x0_vlane3,LD4_layout_is_recommended_for_four_quartic_lanes;LD3_layout_is_alternative_per_quartic_lane
301,0,3,0,27,3,1,A,3,27,109,109,109,493,-1033,2735,low_plus_zeta_high,twist_branch0,27,-1082,1583,top_split_then_twist_then_store_dft3_input,a[96..127],a[480..511],3,tmp_ld4[branch0][group3][n30][n32_lane3][q1],301,602,ld4_tmp_ld4_branch0_group3_n30,x0_q1_vlane3,tmp_ld3[branch0][q1][group3][n32_lane3][n30],177,354,ld3_tmp_ld3_branch0_q1_group3,x0_vlane3,LD4_layout_is_recommended_for_four_quartic_lanes;LD3_layout_is_alternative_per_quartic_lane
302,0,3,0,27,3,2,A,3,27,110,110,110,494,-1033,2735,low_plus_zeta_high,twist_branch0,27,-1082,1583,top_split_then_twist_then_store_dft3_input,a[96..127],a[480..511],3,tmp_ld4[branch0][group3][n30][n32_lane3][q2],302,604,ld4_tmp_ld4_branch0_group3_n30,x0_q2_vlane3,tmp_ld3[branch0][q2][group3][n32_lane3][n30],273,546,ld3_tmp_ld3_branch0_q2_group3,x0_vlane3,LD4_layout_is_recommended_for_four_quartic_lanes;LD3_layout_is_alternative_per_quartic_lane
303,0,3,0,27,3,3,A,3,27,111,111,111,495,-1033,2735,low_plus_zeta_high,twist_branch0,27,-1082,1583,top_split_then_twist_then_store_dft3_input,a[96..127],a[480..511],3,tmp_ld4[branch0][group3][n30][n32_lane3][q3],303,606,ld4_tmp_ld4_branch0_group3_n30,x0_q3_vlane3,tmp_ld3[branch0][q3][group3][n32_lane3][n30],369,738,ld3_tmp_ld3_branch0_q3_group3,x0_vlane3,LD4_layout_is_recommended_for_four_quartic_lanes;LD3_layout_is_alternative_per_quartic_lane
304,0,3,0,28,4,0,B,7,60,240,240,240,624,-1033,2735,low_plus_zeta_high,twist_branch0,60,-511,2802,top_split_then_twist_then_store_dft3_input,a[224..255],a[608..639],4,tmp_ld4[branch0][group3][n30][n32_lane4][q0],304,608,ld4_tmp_ld4_branch0_group3_n30,x0_q0_vlane4,tmp_ld3[branch0][q0][group3][n32_lane4][n30],84,168,ld3_tmp_ld3_branch0_q0_group3,x0_vlane4,LD4_layout_is_recommended_for_four_quartic_lanes;LD3_layout_is_alternative_per_quartic_lane
305,0,3,0,28,4,1,B,7,60,241,241,241,625,-1033,2735,low_plus_zeta_high,twist_branch0,60,-511,2802,top_split_then_twist_then_store_dft3_input,a[224..255],a[608..639],4,tmp_ld4[branch0][group3][n30][n32_lane4][q1],305,610,ld4_tmp_ld4_branch0_group3_n30,x0_q1_vlane4,tmp_ld3[branch0][q1][group3][n32_lane4][n30],180,360,ld3_tmp_ld3_branch0_q1_group3,x0_vlane4,LD4_layout_is_recommended_for_four_quartic_lanes;LD3_layout_is_alternative_per_quartic_lane
306,0,3,0,28,4,2,B,7,60,242,242,242,626,-1033,2735,low_plus_zeta_high,twist_branch0,60,-511,2802,top_split_then_twist_then_store_dft3_input,a[224..255],a[608..639],4,tmp_ld4[branch0][group3][n30][n32_lane4][q2],306,612,ld4_tmp_ld4_branch0_group3_n30,x0_q2_vlane4,tmp_ld3[branch0][q2][group3][n32_lane4][n30],276,552,ld3_tmp_ld3_branch0_q2_group3,x0_vlane4,LD4_layout_is_recommended_for_four_quartic_lanes;LD3_layout_is_alternative_per_quartic_lane
307,0,3,0,28,4,3,B,7,60,243,243,243,627,-1033,2735,low_plus_zeta_high,twist_branch0,60,-511,2802,top_split_then_twist_then_store_dft3_input,a[224..255],a[608..639],4,tmp_ld4[branch0][group3][n30][n32_lane4][q3],307,614,ld4_tmp_ld4_branch0_group3_n30,x0_q3_vlane4,tmp_ld3[branch0][q3][group3][n32_lane4][n30],372,744,ld3_tmp_ld3_branch0_q3_group3,x0_vlane4,LD4_layout_is_recommended_for_four_quartic_lanes;LD3_layout_is_alternative_per_quartic_lane
308,0,3,0,29,5,0,C,11,93,372,372,372,756,-1033,2735,low_plus_zeta_high,twist_branch0,93,-1350,1138,top_split_then_twist_then_store_dft3_input,a[352..383],a[736..767],5,tmp_ld4[branch0][group3][n30][n32_lane5][q0],308,616,ld4_tmp_ld4_branch0_group3_n30,x0_q0_vlane5,tmp_ld3[branch0][q0][group3][n32_lane5][n30],87,174,ld3_tmp_ld3_branch0_q0_group3,x0_vlane5,LD4_layout_is_recommended_for_four_quartic_lanes;LD3_layout_is_alternative_per_quartic_lane
309,0,3,0,29,5,1,C,11,93,373,373,373,757,-1033,2735,low_plus_zeta_high,twist_branch0,93,-1350,1138,top_split_then_twist_then_store_dft3_input,a[352..383],a[736..767],5,tmp_ld4[branch0][group3][n30][n32_lane5][q1],309,618,ld4_tmp_ld4_branch0_group3_n30,x0_q1_vlane5,tmp_ld3[branch0][q1][group3][n32_lane5][n30],183,366,ld3_tmp_ld3_branch0_q1_group3,x0_vlane5,LD4_layout_is_recommended_for_four_quartic_lanes;LD3_layout_is_alternative_per_quartic_lane
310,0,3,0,29,5,2,C,11,93,374,374,374,758,-1033,2735,low_plus_zeta_high,twist_branch0,93,-1350,1138,top_split_then_twist_then_store_dft3_input,a[352..383],a[736..767],5,tmp_ld4[branch0][group3][n30][n32_lane5][q2],310,620,ld4_tmp_ld4_branch0_group3_n30,x0_q2_vlane5,tmp_ld3[branch0][q2][group3][n32_lane5][n30],279,558,ld3_tmp_ld3_branch0_q2_group3,x0_vlane5,LD4_layout_is_recommended_for_four_quartic_lanes;LD3_layout_is_alternative_per_quartic_lane
311,0,3,0,29,5,3,C,11,93,375,375,375,759,-1033,2735,low_plus_zeta_high,twist_branch0,93,-1350,1138,top_split_then_twist_then_store_dft3_input,a[352..383],a[736..767],5,tmp_ld4[branch0][group3][n30][n32_lane5][q3],311,622,ld4_tmp_ld4_branch0_group3_n30,x0_q3_vlane5,tmp_ld3[branch0][q3][group3][n32_lane5][n30],375,750,ld3_tmp_ld3_branch0_q3_group3,x0_vlane5,LD4_layout_is_recommended_for_four_quartic_lanes;LD3_layout_is_alternative_per_quartic_lane
312,0,3,0,30,6,0,A,3,30,120,120,120,504,-1033,2735,low_plus_zeta_high,twist_branch0,30,729,630,top_split_then_twist_then_store_dft3_input,a[96..127],a[480..511],6,tmp_ld4[branch0][group3][n30][n32_lane6][q0],312,624,ld4_tmp_ld4_branch0_group3_n30,x0_q0_vlane6,tmp_ld3[branch0][q0][group3][n32_lane6][n30],90,180,ld3_tmp_ld3_branch0_q0_group3,x0_vlane6,LD4_layout_is_recommended_for_four_quartic_lanes;LD3_layout_is_alternative_per_quartic_lane
313,0,3,0,30,6,1,A,3,30,121,121,121,505,-1033,2735,low_plus_zeta_high,twist_branch0,30,729,630,top_split_then_twist_then_store_dft3_input,a[96..127],a[480..511],6,tmp_ld4[branch0][group3][n30][n32_lane6][q1],313,626,ld4_tmp_ld4_branch0_group3_n30,x0_q1_vlane6,tmp_ld3[branch0][q1][group3][n32_lane6][n30],186,372,ld3_tmp_ld3_branch0_q1_group3,x0_vlane6,LD4_layout_is_recommended_for_four_quartic_lanes;LD3_layout_is_alternative_per_quartic_lane
314,0,3,0,30,6,2,A,3,30,122,122,122,506,-1033,2735,low_plus_zeta_high,twist_branch0,30,729,630,top_split_then_twist_then_store_dft3_input,a[96..127],a[480..511],6,tmp_ld4[branch0][group3][n30][n32_lane6][q2],314,628,ld4_tmp_ld4_branch0_group3_n30,x0_q2_vlane6,tmp_ld3[branch0][q2][group3][n32_lane6][n30],282,564,ld3_tmp_ld3_branch0_q2_group3,x0_vlane6,LD4_layout_is_recommended_for_four_quartic_lanes;LD3_layout_is_alternative_per_quartic_lane
315,0,3,0,30,6,3,A,3,30,123,123,123,507,-1033,2735,low_plus_zeta_high,twist_branch0,30,729,630,top_split_then_twist_then_store_dft3_input,a[96..127],a[480..511],6,tmp_ld4[branch0][group3][n30][n32_lane6][q3],315,630,ld4_tmp_ld4_branch0_group3_n30,x0_q3_vlane6,tmp_ld3[branch0][q3][group3][n32_lane6][n30],378,756,ld3_tmp_ld3_branch0_q3_group3,x0_vlane6,LD4_layout_is_recommended_for_four_quartic_lanes;LD3_layout_is_alternative_per_quartic_lane
316,0,3,0,31,7,0,B,7,63,252,252,252,636,-1033,2735,low_plus_zeta_high,twist_branch0,63,-496,2943,top_split_then_twist_then_store_dft3_input,a[224..255],a[608..639],7,tmp_ld4[branch0][group3][n30][n32_lane7][q0],316,632,ld4_tmp_ld4_branch0_group3_n30,x0_q0_vlane7,tmp_ld3[branch0][q0][group3][n32_lane7][n30],93,186,ld3_tmp_ld3_branch0_q0_group3,x0_vlane7,LD4_layout_is_recommended_for_four_quartic_lanes;LD3_layout_is_alternative_per_quartic_lane
317,0,3,0,31,7,1,B,7,63,253,253,253,637,-1033,2735,low_plus_zeta_high,twist_branch0,63,-496,2943,top_split_then_twist_then_store_dft3_input,a[224..255],a[608..639],7,tmp_ld4[branch0][group3][n30][n32_lane7][q1],317,634,ld4_tmp_ld4_branch0_group3_n30,x0_q1_vlane7,tmp_ld3[branch0][q1][group3][n32_lane7][n30],189,378,ld3_tmp_ld3_branch0_q1_group3,x0_vlane7,LD4_layout_is_recommended_for_four_quartic_lanes;LD3_layout_is_alternative_per_quartic_lane
318,0,3,0,31,7,2,B,7,63,254,254,254,638,-1033,2735,low_plus_zeta_high,twist_branch0,63,-496,2943,top_split_then_twist_then_store_dft3_input,a[224..255],a[608..639],7,tmp_ld4[branch0][group3][n30][n32_lane7][q2],318,636,ld4_tmp_ld4_branch0_group3_n30,x0_q2_vlane7,tmp_ld3[branch0][q2][group3][n32_lane7][n30],285,570,ld3_tmp_ld3_branch0_q2_group3,x0_vlane7,LD4_layout_is_recommended_for_four_quartic_lanes;LD3_layout_is_alternative_per_quartic_lane
319,0,3,0,31,7,3,B,7,63,255,255,255,639,-1033,2735,low_plus_zeta_high,twist_branch0,63,-496,2943,top_split_then_twist_then_store_dft3_input,a[224..255],a[608..639],7,tmp_ld4[branch0][group3][n30][n32_lane7][q3],319,638,ld4_tmp_ld4_branch0_group3_n30,x0_q3_vlane7,tmp_ld3[branch0][q3][group3][n32_lane7][n30],381,762,ld3_tmp_ld3_branch0_q3_group3,x0_vlane7,LD4_layout_is_recommended_for_four_quartic_lanes;LD3_layout_is_alternative_per_quartic_lane
320,0,3,1,24,0,0,C,11,88,352,352,352,736,-1033,2735,low_plus_zeta_high,twist_branch0,88,-1716,1846,top_split_then_twist_then_store_dft3_input,a[352..383],a[736..767],0,tmp_ld4[branch0][group3][n31][n32_lane0][q0],320,640,ld4_tmp_ld4_branch0_group3_n31,x1_q0_vlane0,tmp_ld3[branch0][q0][group3][n32_lane0][n31],73,146,ld3_tmp_ld3_branch0_q0_group3,x1_vlane0,LD4_layout_is_recommended_for_four_quartic_lanes;LD3_layout_is_alternative_per_quartic_lane
321,0,3,1,24,0,1,C,11,88,353,353,353,737,-1033,2735,low_plus_zeta_high,twist_branch0,88,-1716,1846,top_split_then_twist_then_store_dft3_input,a[352..383],a[736..767],0,tmp_ld4[branch0][group3][n31][n32_lane0][q1],321,642,ld4_tmp_ld4_branch0_group3_n31,x1_q1_vlane0,tmp_ld3[branch0][q1][group3][n32_lane0][n31],169,338,ld3_tmp_ld3_branch0_q1_group3,x1_vlane0,LD4_layout_is_recommended_for_four_quartic_lanes;LD3_layout_is_alternative_per_quartic_lane
322,0,3,1,24,0,2,C,11,88,354,354,354,738,-1033,2735,low_plus_zeta_high,twist_branch0,88,-1716,1846,top_split_then_twist_then_store_dft3_input,a[352..383],a[736..767],0,tmp_ld4[branch0][group3][n31][n32_lane0][q2],322,644,ld4_tmp_ld4_branch0_group3_n31,x1_q2_vlane0,tmp_ld3[branch0][q2][group3][n32_lane0][n31],265,530,ld3_tmp_ld3_branch0_q2_group3,x1_vlane0,LD4_layout_is_recommended_for_four_quartic_lanes;LD3_layout_is_alternative_per_quartic_lane
323,0,3,1,24,0,3,C,11,88,355,355,355,739,-1033,2735,low_plus_zeta_high,twist_branch0,88,-1716,1846,top_split_then_twist_then_store_dft3_input,a[352..383],a[736..767],0,tmp_ld4[branch0][group3][n31][n32_lane0][q3],323,646,ld4_tmp_ld4_branch0_group3_n31,x1_q3_vlane0,tmp_ld3[branch0][q3][group3][n32_lane0][n31],361,722,ld3_tmp_ld3_branch0_q3_group3,x1_vlane0,LD4_layout_is_recommended_for_four_quartic_lanes;LD3_layout_is_alternative_per_quartic_lane
324,0,3,1,25,1,0,A,3,25,100,100,100,484,-1033,2735,low_plus_zeta_high,twist_branch0,25,-871,2875,top_split_then_twist_then_store_dft3_input,a[96..127],a[480..511],1,tmp_ld4[branch0][group3][n31][n32_lane1][q0],324,648,ld4_tmp_ld4_branch0_group3_n31,x1_q0_vlane1,tmp_ld3[branch0][q0][group3][n32_lane1][n31],76,152,ld3_tmp_ld3_branch0_q0_group3,x1_vlane1,LD4_layout_is_recommended_for_four_quartic_lanes;LD3_layout_is_alternative_per_quartic_lane
325,0,3,1,25,1,1,A,3,25,101,101,101,485,-1033,2735,low_plus_zeta_high,twist_branch0,25,-871,2875,top_split_then_twist_then_store_dft3_input,a[96..127],a[480..511],1,tmp_ld4[branch0][group3][n31][n32_lane1][q1],325,650,ld4_tmp_ld4_branch0_group3_n31,x1_q1_vlane1,tmp_ld3[branch0][q1][group3][n32_lane1][n31],172,344,ld3_tmp_ld3_branch0_q1_group3,x1_vlane1,LD4_layout_is_recommended_for_four_quartic_lanes;LD3_layout_is_alternative_per_quartic_lane
326,0,3,1,25,1,2,A,3,25,102,102,102,486,-1033,2735,low_plus_zeta_high,twist_branch0,25,-871,2875,top_split_then_twist_then_store_dft3_input,a[96..127],a[480..511],1,tmp_ld4[branch0][group3][n31][n32_lane1][q2],326,652,ld4_tmp_ld4_branch0_group3_n31,x1_q2_vlane1,tmp_ld3[branch0][q2][group3][n32_lane1][n31],268,536,ld3_tmp_ld3_branch0_q2_group3,x1_vlane1,LD4_layout_is_recommended_for_four_quartic_lanes;LD3_layout_is_alternative_per_quartic_lane
327,0,3,1,25,1,3,A,3,25,103,103,103,487,-1033,2735,low_plus_zeta_high,twist_branch0,25,-871,2875,top_split_then_twist_then_store_dft3_input,a[96..127],a[480..511],1,tmp_ld4[branch0][group3][n31][n32_lane1][q3],327,654,ld4_tmp_ld4_branch0_group3_n31,x1_q3_vlane1,tmp_ld3[branch0][q3][group3][n32_lane1][n31],364,728,ld3_tmp_ld3_branch0_q3_group3,x1_vlane1,LD4_layout_is_recommended_for_four_quartic_lanes;LD3_layout_is_alternative_per_quartic_lane
328,0,3,1,26,2,0,B,7,58,232,232,232,616,-1033,2735,low_plus_zeta_high,twist_branch0,58,1413,837,top_split_then_twist_then_store_dft3_input,a[224..255],a[608..639],2,tmp_ld4[branch0][group3][n31][n32_lane2][q0],328,656,ld4_tmp_ld4_branch0_group3_n31,x1_q0_vlane2,tmp_ld3[branch0][q0][group3][n32_lane2][n31],79,158,ld3_tmp_ld3_branch0_q0_group3,x1_vlane2,LD4_layout_is_recommended_for_four_quartic_lanes;LD3_layout_is_alternative_per_quartic_lane
329,0,3,1,26,2,1,B,7,58,233,233,233,617,-1033,2735,low_plus_zeta_high,twist_branch0,58,1413,837,top_split_then_twist_then_store_dft3_input,a[224..255],a[608..639],2,tmp_ld4[branch0][group3][n31][n32_lane2][q1],329,658,ld4_tmp_ld4_branch0_group3_n31,x1_q1_vlane2,tmp_ld3[branch0][q1][group3][n32_lane2][n31],175,350,ld3_tmp_ld3_branch0_q1_group3,x1_vlane2,LD4_layout_is_recommended_for_four_quartic_lanes;LD3_layout_is_alternative_per_quartic_lane
330,0,3,1,26,2,2,B,7,58,234,234,234,618,-1033,2735,low_plus_zeta_high,twist_branch0,58,1413,837,top_split_then_twist_then_store_dft3_input,a[224..255],a[608..639],2,tmp_ld4[branch0][group3][n31][n32_lane2][q2],330,660,ld4_tmp_ld4_branch0_group3_n31,x1_q2_vlane2,tmp_ld3[branch0][q2][group3][n32_lane2][n31],271,542,ld3_tmp_ld3_branch0_q2_group3,x1_vlane2,LD4_layout_is_recommended_for_four_quartic_lanes;LD3_layout_is_alternative_per_quartic_lane
331,0,3,1,26,2,3,B,7,58,235,235,235,619,-1033,2735,low_plus_zeta_high,twist_branch0,58,1413,837,top_split_then_twist_then_store_dft3_input,a[224..255],a[608..639],2,tmp_ld4[branch0][group3][n31][n32_lane2][q3],331,662,ld4_tmp_ld4_branch0_group3_n31,x1_q3_vlane2,tmp_ld3[branch0][q3][group3][n32_lane2][n31],367,734,ld3_tmp_ld3_branch0_q3_group3,x1_vlane2,LD4_layout_is_recommended_for_four_quartic_lanes;LD3_layout_is_alternative_per_quartic_lane
332,0,3,1,27,3,0,C,11,91,364,364,364,748,-1033,2735,low_plus_zeta_high,twist_branch0,91,1514,1095,top_split_then_twist_then_store_dft3_input,a[352..383],a[736..767],3,tmp_ld4[branch0][group3][n31][n32_lane3][q0],332,664,ld4_tmp_ld4_branch0_group3_n31,x1_q0_vlane3,tmp_ld3[branch0][q0][group3][n32_lane3][n31],82,164,ld3_tmp_ld3_branch0_q0_group3,x1_vlane3,LD4_layout_is_recommended_for_four_quartic_lanes;LD3_layout_is_alternative_per_quartic_lane
333,0,3,1,27,3,1,C,11,91,365,365,365,749,-1033,2735,low_plus_zeta_high,twist_branch0,91,1514,1095,top_split_then_twist_then_store_dft3_input,a[352..383],a[736..767],3,tmp_ld4[branch0][group3][n31][n32_lane3][q1],333,666,ld4_tmp_ld4_branch0_group3_n31,x1_q1_vlane3,tmp_ld3[branch0][q1][group3][n32_lane3][n31],178,356,ld3_tmp_ld3_branch0_q1_group3,x1_vlane3,LD4_layout_is_recommended_for_four_quartic_lanes;LD3_layout_is_alternative_per_quartic_lane
334,0,3,1,27,3,2,C,11,91,366,366,366,750,-1033,2735,low_plus_zeta_high,twist_branch0,91,1514,1095,top_split_then_twist_then_store_dft3_input,a[352..383],a[736..767],3,tmp_ld4[branch0][group3][n31][n32_lane3][q2],334,668,ld4_tmp_ld4_branch0_group3_n31,x1_q2_vlane3,tmp_ld3[branch0][q2][group3][n32_lane3][n31],274,548,ld3_tmp_ld3_branch0_q2_group3,x1_vlane3,LD4_layout_is_recommended_for_four_quartic_lanes;LD3_layout_is_alternative_per_quartic_lane
335,0,3,1,27,3,3,C,11,91,367,367,367,751,-1033,2735,low_plus_zeta_high,twist_branch0,91,1514,1095,top_split_then_twist_then_store_dft3_input,a[352..383],a[736..767],3,tmp_ld4[branch0][group3][n31][n32_lane3][q3],335,670,ld4_tmp_ld4_branch0_group3_n31,x1_q3_vlane3,tmp_ld3[branch0][q3][group3][n32_lane3][n31],370,740,ld3_tmp_ld3_branch0_q3_group3,x1_vlane3,LD4_layout_is_recommended_for_four_quartic_lanes;LD3_layout_is_alternative_per_quartic_lane
336,0,3,1,28,4,0,A,3,28,112,112,112,496,-1033,2735,low_plus_zeta_high,twist_branch0,28,-541,2520,top_split_then_twist_then_store_dft3_input,a[96..127],a[480..511],4,tmp_ld4[branch0][group3][n31][n32_lane4][q0],336,672,ld4_tmp_ld4_branch0_group3_n31,x1_q0_vlane4,tmp_ld3[branch0][q0][group3][n32_lane4][n31],85,170,ld3_tmp_ld3_branch0_q0_group3,x1_vlane4,LD4_layout_is_recommended_for_four_quartic_lanes;LD3_layout_is_alternative_per_quartic_lane
337,0,3,1,28,4,1,A,3,28,113,113,113,497,-1033,2735,low_plus_zeta_high,twist_branch0,28,-541,2520,top_split_then_twist_then_store_dft3_input,a[96..127],a[480..511],4,tmp_ld4[branch0][group3][n31][n32_lane4][q1],337,674,ld4_tmp_ld4_branch0_group3_n31,x1_q1_vlane4,tmp_ld3[branch0][q1][group3][n32_lane4][n31],181,362,ld3_tmp_ld3_branch0_q1_group3,x1_vlane4,LD4_layout_is_recommended_for_four_quartic_lanes;LD3_layout_is_alternative_per_quartic_lane
338,0,3,1,28,4,2,A,3,28,114,114,114,498,-1033,2735,low_plus_zeta_high,twist_branch0,28,-541,2520,top_split_then_twist_then_store_dft3_input,a[96..127],a[480..511],4,tmp_ld4[branch0][group3][n31][n32_lane4][q2],338,676,ld4_tmp_ld4_branch0_group3_n31,x1_q2_vlane4,tmp_ld3[branch0][q2][group3][n32_lane4][n31],277,554,ld3_tmp_ld3_branch0_q2_group3,x1_vlane4,LD4_layout_is_recommended_for_four_quartic_lanes;LD3_layout_is_alternative_per_quartic_lane
339,0,3,1,28,4,3,A,3,28,115,115,115,499,-1033,2735,low_plus_zeta_high,twist_branch0,28,-541,2520,top_split_then_twist_then_store_dft3_input,a[96..127],a[480..511],4,tmp_ld4[branch0][group3][n31][n32_lane4][q3],339,678,ld4_tmp_ld4_branch0_group3_n31,x1_q3_vlane4,tmp_ld3[branch0][q3][group3][n32_lane4][n31],373,746,ld3_tmp_ld3_branch0_q3_group3,x1_vlane4,LD4_layout_is_recommended_for_four_quartic_lanes;LD3_layout_is_alternative_per_quartic_lane
340,0,3,1,29,5,0,B,7,61,244,244,244,628,-1033,2735,low_plus_zeta_high,twist_branch0,61,1473,1401,top_split_then_twist_then_store_dft3_input,a[224..255],a[608..639],5,tmp_ld4[branch0][group3][n31][n32_lane5][q0],340,680,ld4_tmp_ld4_branch0_group3_n31,x1_q0_vlane5,tmp_ld3[branch0][q0][group3][n32_lane5][n31],88,176,ld3_tmp_ld3_branch0_q0_group3,x1_vlane5,LD4_layout_is_recommended_for_four_quartic_lanes;LD3_layout_is_alternative_per_quartic_lane
341,0,3,1,29,5,1,B,7,61,245,245,245,629,-1033,2735,low_plus_zeta_high,twist_branch0,61,1473,1401,top_split_then_twist_then_store_dft3_input,a[224..255],a[608..639],5,tmp_ld4[branch0][group3][n31][n32_lane5][q1],341,682,ld4_tmp_ld4_branch0_group3_n31,x1_q1_vlane5,tmp_ld3[branch0][q1][group3][n32_lane5][n31],184,368,ld3_tmp_ld3_branch0_q1_group3,x1_vlane5,LD4_layout_is_recommended_for_four_quartic_lanes;LD3_layout_is_alternative_per_quartic_lane
342,0,3,1,29,5,2,B,7,61,246,246,246,630,-1033,2735,low_plus_zeta_high,twist_branch0,61,1473,1401,top_split_then_twist_then_store_dft3_input,a[224..255],a[608..639],5,tmp_ld4[branch0][group3][n31][n32_lane5][q2],342,684,ld4_tmp_ld4_branch0_group3_n31,x1_q2_vlane5,tmp_ld3[branch0][q2][group3][n32_lane5][n31],280,560,ld3_tmp_ld3_branch0_q2_group3,x1_vlane5,LD4_layout_is_recommended_for_four_quartic_lanes;LD3_layout_is_alternative_per_quartic_lane
343,0,3,1,29,5,3,B,7,61,247,247,247,631,-1033,2735,low_plus_zeta_high,twist_branch0,61,1473,1401,top_split_then_twist_then_store_dft3_input,a[224..255],a[608..639],5,tmp_ld4[branch0][group3][n31][n32_lane5][q3],343,686,ld4_tmp_ld4_branch0_group3_n31,x1_q3_vlane5,tmp_ld3[branch0][q3][group3][n32_lane5][n31],376,752,ld3_tmp_ld3_branch0_q3_group3,x1_vlane5,LD4_layout_is_recommended_for_four_quartic_lanes;LD3_layout_is_alternative_per_quartic_lane
344,0,3,1,30,6,0,C,11,94,376,376,376,760,-1033,2735,low_plus_zeta_high,twist_branch0,94,-675,569,top_split_then_twist_then_store_dft3_input,a[352..383],a[736..767],6,tmp_ld4[branch0][group3][n31][n32_lane6][q0],344,688,ld4_tmp_ld4_branch0_group3_n31,x1_q0_vlane6,tmp_ld3[branch0][q0][group3][n32_lane6][n31],91,182,ld3_tmp_ld3_branch0_q0_group3,x1_vlane6,LD4_layout_is_recommended_for_four_quartic_lanes;LD3_layout_is_alternative_per_quartic_lane
345,0,3,1,30,6,1,C,11,94,377,377,377,761,-1033,2735,low_plus_zeta_high,twist_branch0,94,-675,569,top_split_then_twist_then_store_dft3_input,a[352..383],a[736..767],6,tmp_ld4[branch0][group3][n31][n32_lane6][q1],345,690,ld4_tmp_ld4_branch0_group3_n31,x1_q1_vlane6,tmp_ld3[branch0][q1][group3][n32_lane6][n31],187,374,ld3_tmp_ld3_branch0_q1_group3,x1_vlane6,LD4_layout_is_recommended_for_four_quartic_lanes;LD3_layout_is_alternative_per_quartic_lane
346,0,3,1,30,6,2,C,11,94,378,378,378,762,-1033,2735,low_plus_zeta_high,twist_branch0,94,-675,569,top_split_then_twist_then_store_dft3_input,a[352..383],a[736..767],6,tmp_ld4[branch0][group3][n31][n32_lane6][q2],346,692,ld4_tmp_ld4_branch0_group3_n31,x1_q2_vlane6,tmp_ld3[branch0][q2][group3][n32_lane6][n31],283,566,ld3_tmp_ld3_branch0_q2_group3,x1_vlane6,LD4_layout_is_recommended_for_four_quartic_lanes;LD3_layout_is_alternative_per_quartic_lane
347,0,3,1,30,6,3,C,11,94,379,379,379,763,-1033,2735,low_plus_zeta_high,twist_branch0,94,-675,569,top_split_then_twist_then_store_dft3_input,a[352..383],a[736..767],6,tmp_ld4[branch0][group3][n31][n32_lane6][q3],347,694,ld4_tmp_ld4_branch0_group3_n31,x1_q3_vlane6,tmp_ld3[branch0][q3][group3][n32_lane6][n31],379,758,ld3_tmp_ld3_branch0_q3_group3,x1_vlane6,LD4_layout_is_recommended_for_four_quartic_lanes;LD3_layout_is_alternative_per_quartic_lane
348,0,3,1,31,7,0,A,3,31,124,124,124,508,-1033,2735,low_plus_zeta_high,twist_branch0,31,-1364,315,top_split_then_twist_then_store_dft3_input,a[96..127],a[480..511],7,tmp_ld4[branch0][group3][n31][n32_lane7][q0],348,696,ld4_tmp_ld4_branch0_group3_n31,x1_q0_vlane7,tmp_ld3[branch0][q0][group3][n32_lane7][n31],94,188,ld3_tmp_ld3_branch0_q0_group3,x1_vlane7,LD4_layout_is_recommended_for_four_quartic_lanes;LD3_layout_is_alternative_per_quartic_lane
349,0,3,1,31,7,1,A,3,31,125,125,125,509,-1033,2735,low_plus_zeta_high,twist_branch0,31,-1364,315,top_split_then_twist_then_store_dft3_input,a[96..127],a[480..511],7,tmp_ld4[branch0][group3][n31][n32_lane7][q1],349,698,ld4_tmp_ld4_branch0_group3_n31,x1_q1_vlane7,tmp_ld3[branch0][q1][group3][n32_lane7][n31],190,380,ld3_tmp_ld3_branch0_q1_group3,x1_vlane7,LD4_layout_is_recommended_for_four_quartic_lanes;LD3_layout_is_alternative_per_quartic_lane
350,0,3,1,31,7,2,A,3,31,126,126,126,510,-1033,2735,low_plus_zeta_high,twist_branch0,31,-1364,315,top_split_then_twist_then_store_dft3_input,a[96..127],a[480..511],7,tmp_ld4[branch0][group3][n31][n32_lane7][q2],350,700,ld4_tmp_ld4_branch0_group3_n31,x1_q2_vlane7,tmp_ld3[branch0][q2][group3][n32_lane7][n31],286,572,ld3_tmp_ld3_branch0_q2_group3,x1_vlane7,LD4_layout_is_recommended_for_four_quartic_lanes;LD3_layout_is_alternative_per_quartic_lane
351,0,3,1,31,7,3,A,3,31,127,127,127,511,-1033,2735,low_plus_zeta_high,twist_branch0,31,-1364,315,top_split_then_twist_then_store_dft3_input,a[96..127],a[480..511],7,tmp_ld4[branch0][group3][n31][n32_lane7][q3],351,702,ld4_tmp_ld4_branch0_group3_n31,x1_q3_vlane7,tmp_ld3[branch0][q3][group3][n32_lane7][n31],382,764,ld3_tmp_ld3_branch0_q3_group3,x1_vlane7,LD4_layout_is_recommended_for_four_quartic_lanes;LD3_layout_is_alternative_per_quartic_lane
352,0,3,2,24,0,0,B,7,56,224,224,224,608,-1033,2735,low_plus_zeta_high,twist_branch0,56,-1262,3348,top_split_then_twist_then_store_dft3_input,a[224..255],a[608..639],0,tmp_ld4[branch0][group3][n32][n32_lane0][q0],352,704,ld4_tmp_ld4_branch0_group3_n32,x2_q0_vlane0,tmp_ld3[branch0][q0][group3][n32_lane0][n32],74,148,ld3_tmp_ld3_branch0_q0_group3,x2_vlane0,LD4_layout_is_recommended_for_four_quartic_lanes;LD3_layout_is_alternative_per_quartic_lane
353,0,3,2,24,0,1,B,7,56,225,225,225,609,-1033,2735,low_plus_zeta_high,twist_branch0,56,-1262,3348,top_split_then_twist_then_store_dft3_input,a[224..255],a[608..639],0,tmp_ld4[branch0][group3][n32][n32_lane0][q1],353,706,ld4_tmp_ld4_branch0_group3_n32,x2_q1_vlane0,tmp_ld3[branch0][q1][group3][n32_lane0][n32],170,340,ld3_tmp_ld3_branch0_q1_group3,x2_vlane0,LD4_layout_is_recommended_for_four_quartic_lanes;LD3_layout_is_alternative_per_quartic_lane
354,0,3,2,24,0,2,B,7,56,226,226,226,610,-1033,2735,low_plus_zeta_high,twist_branch0,56,-1262,3348,top_split_then_twist_then_store_dft3_input,a[224..255],a[608..639],0,tmp_ld4[branch0][group3][n32][n32_lane0][q2],354,708,ld4_tmp_ld4_branch0_group3_n32,x2_q2_vlane0,tmp_ld3[branch0][q2][group3][n32_lane0][n32],266,532,ld3_tmp_ld3_branch0_q2_group3,x2_vlane0,LD4_layout_is_recommended_for_four_quartic_lanes;LD3_layout_is_alternative_per_quartic_lane
355,0,3,2,24,0,3,B,7,56,227,227,227,611,-1033,2735,low_plus_zeta_high,twist_branch0,56,-1262,3348,top_split_then_twist_then_store_dft3_input,a[224..255],a[608..639],0,tmp_ld4[branch0][group3][n32][n32_lane0][q3],355,710,ld4_tmp_ld4_branch0_group3_n32,x2_q3_vlane0,tmp_ld3[branch0][q3][group3][n32_lane0][n32],362,724,ld3_tmp_ld3_branch0_q3_group3,x2_vlane0,LD4_layout_is_recommended_for_four_quartic_lanes;LD3_layout_is_alternative_per_quartic_lane
356,0,3,2,25,1,0,C,11,89,356,356,356,740,-1033,2735,low_plus_zeta_high,twist_branch0,89,-858,923,top_split_then_twist_then_store_dft3_input,a[352..383],a[736..767],1,tmp_ld4[branch0][group3][n32][n32_lane1][q0],356,712,ld4_tmp_ld4_branch0_group3_n32,x2_q0_vlane1,tmp_ld3[branch0][q0][group3][n32_lane1][n32],77,154,ld3_tmp_ld3_branch0_q0_group3,x2_vlane1,LD4_layout_is_recommended_for_four_quartic_lanes;LD3_layout_is_alternative_per_quartic_lane
357,0,3,2,25,1,1,C,11,89,357,357,357,741,-1033,2735,low_plus_zeta_high,twist_branch0,89,-858,923,top_split_then_twist_then_store_dft3_input,a[352..383],a[736..767],1,tmp_ld4[branch0][group3][n32][n32_lane1][q1],357,714,ld4_tmp_ld4_branch0_group3_n32,x2_q1_vlane1,tmp_ld3[branch0][q1][group3][n32_lane1][n32],173,346,ld3_tmp_ld3_branch0_q1_group3,x2_vlane1,LD4_layout_is_recommended_for_four_quartic_lanes;LD3_layout_is_alternative_per_quartic_lane
358,0,3,2,25,1,2,C,11,89,358,358,358,742,-1033,2735,low_plus_zeta_high,twist_branch0,89,-858,923,top_split_then_twist_then_store_dft3_input,a[352..383],a[736..767],1,tmp_ld4[branch0][group3][n32][n32_lane1][q2],358,716,ld4_tmp_ld4_branch0_group3_n32,x2_q2_vlane1,tmp_ld3[branch0][q2][group3][n32_lane1][n32],269,538,ld3_tmp_ld3_branch0_q2_group3,x2_vlane1,LD4_layout_is_recommended_for_four_quartic_lanes;LD3_layout_is_alternative_per_quartic_lane
359,0,3,2,25,1,3,C,11,89,359,359,359,743,-1033,2735,low_plus_zeta_high,twist_branch0,89,-858,923,top_split_then_twist_then_store_dft3_input,a[352..383],a[736..767],1,tmp_ld4[branch0][group3][n32][n32_lane1][q3],359,718,ld4_tmp_ld4_branch0_group3_n32,x2_q3_vlane1,tmp_ld3[branch0][q3][group3][n32_lane1][n32],365,730,ld3_tmp_ld3_branch0_q3_group3,x2_vlane1,LD4_layout_is_recommended_for_four_quartic_lanes;LD3_layout_is_alternative_per_quartic_lane
360,0,3,2,26,2,0,A,3,26,104,104,104,488,-1033,2735,low_plus_zeta_high,twist_branch0,26,1293,3166,top_split_then_twist_then_store_dft3_input,a[96..127],a[480..511],2,tmp_ld4[branch0][group3][n32][n32_lane2][q0],360,720,ld4_tmp_ld4_branch0_group3_n32,x2_q0_vlane2,tmp_ld3[branch0][q0][group3][n32_lane2][n32],80,160,ld3_tmp_ld3_branch0_q0_group3,x2_vlane2,LD4_layout_is_recommended_for_four_quartic_lanes;LD3_layout_is_alternative_per_quartic_lane
361,0,3,2,26,2,1,A,3,26,105,105,105,489,-1033,2735,low_plus_zeta_high,twist_branch0,26,1293,3166,top_split_then_twist_then_store_dft3_input,a[96..127],a[480..511],2,tmp_ld4[branch0][group3][n32][n32_lane2][q1],361,722,ld4_tmp_ld4_branch0_group3_n32,x2_q1_vlane2,tmp_ld3[branch0][q1][group3][n32_lane2][n32],176,352,ld3_tmp_ld3_branch0_q1_group3,x2_vlane2,LD4_layout_is_recommended_for_four_quartic_lanes;LD3_layout_is_alternative_per_quartic_lane
362,0,3,2,26,2,2,A,3,26,106,106,106,490,-1033,2735,low_plus_zeta_high,twist_branch0,26,1293,3166,top_split_then_twist_then_store_dft3_input,a[96..127],a[480..511],2,tmp_ld4[branch0][group3][n32][n32_lane2][q2],362,724,ld4_tmp_ld4_branch0_group3_n32,x2_q2_vlane2,tmp_ld3[branch0][q2][group3][n32_lane2][n32],272,544,ld3_tmp_ld3_branch0_q2_group3,x2_vlane2,LD4_layout_is_recommended_for_four_quartic_lanes;LD3_layout_is_alternative_per_quartic_lane
363,0,3,2,26,2,3,A,3,26,107,107,107,491,-1033,2735,low_plus_zeta_high,twist_branch0,26,1293,3166,top_split_then_twist_then_store_dft3_input,a[96..127],a[480..511],2,tmp_ld4[branch0][group3][n32][n32_lane2][q3],363,726,ld4_tmp_ld4_branch0_group3_n32,x2_q3_vlane2,tmp_ld3[branch0][q3][group3][n32_lane2][n32],368,736,ld3_tmp_ld3_branch0_q3_group3,x2_vlane2,LD4_layout_is_recommended_for_four_quartic_lanes;LD3_layout_is_alternative_per_quartic_lane
364,0,3,2,27,3,0,B,7,59,236,236,236,620,-1033,2735,low_plus_zeta_high,twist_branch0,59,-1022,2147,top_split_then_twist_then_store_dft3_input,a[224..255],a[608..639],3,tmp_ld4[branch0][group3][n32][n32_lane3][q0],364,728,ld4_tmp_ld4_branch0_group3_n32,x2_q0_vlane3,tmp_ld3[branch0][q0][group3][n32_lane3][n32],83,166,ld3_tmp_ld3_branch0_q0_group3,x2_vlane3,LD4_layout_is_recommended_for_four_quartic_lanes;LD3_layout_is_alternative_per_quartic_lane
365,0,3,2,27,3,1,B,7,59,237,237,237,621,-1033,2735,low_plus_zeta_high,twist_branch0,59,-1022,2147,top_split_then_twist_then_store_dft3_input,a[224..255],a[608..639],3,tmp_ld4[branch0][group3][n32][n32_lane3][q1],365,730,ld4_tmp_ld4_branch0_group3_n32,x2_q1_vlane3,tmp_ld3[branch0][q1][group3][n32_lane3][n32],179,358,ld3_tmp_ld3_branch0_q1_group3,x2_vlane3,LD4_layout_is_recommended_for_four_quartic_lanes;LD3_layout_is_alternative_per_quartic_lane
366,0,3,2,27,3,2,B,7,59,238,238,238,622,-1033,2735,low_plus_zeta_high,twist_branch0,59,-1022,2147,top_split_then_twist_then_store_dft3_input,a[224..255],a[608..639],3,tmp_ld4[branch0][group3][n32][n32_lane3][q2],366,732,ld4_tmp_ld4_branch0_group3_n32,x2_q2_vlane3,tmp_ld3[branch0][q2][group3][n32_lane3][n32],275,550,ld3_tmp_ld3_branch0_q2_group3,x2_vlane3,LD4_layout_is_recommended_for_four_quartic_lanes;LD3_layout_is_alternative_per_quartic_lane
367,0,3,2,27,3,3,B,7,59,239,239,239,623,-1033,2735,low_plus_zeta_high,twist_branch0,59,-1022,2147,top_split_then_twist_then_store_dft3_input,a[224..255],a[608..639],3,tmp_ld4[branch0][group3][n32][n32_lane3][q3],367,734,ld4_tmp_ld4_branch0_group3_n32,x2_q3_vlane3,tmp_ld3[branch0][q3][group3][n32_lane3][n32],371,742,ld3_tmp_ld3_branch0_q3_group3,x2_vlane3,LD4_layout_is_recommended_for_four_quartic_lanes;LD3_layout_is_alternative_per_quartic_lane
368,0,3,2,28,4,0,C,11,92,368,368,368,752,-1033,2735,low_plus_zeta_high,twist_branch0,92,757,2276,top_split_then_twist_then_store_dft3_input,a[352..383],a[736..767],4,tmp_ld4[branch0][group3][n32][n32_lane4][q0],368,736,ld4_tmp_ld4_branch0_group3_n32,x2_q0_vlane4,tmp_ld3[branch0][q0][group3][n32_lane4][n32],86,172,ld3_tmp_ld3_branch0_q0_group3,x2_vlane4,LD4_layout_is_recommended_for_four_quartic_lanes;LD3_layout_is_alternative_per_quartic_lane
369,0,3,2,28,4,1,C,11,92,369,369,369,753,-1033,2735,low_plus_zeta_high,twist_branch0,92,757,2276,top_split_then_twist_then_store_dft3_input,a[352..383],a[736..767],4,tmp_ld4[branch0][group3][n32][n32_lane4][q1],369,738,ld4_tmp_ld4_branch0_group3_n32,x2_q1_vlane4,tmp_ld3[branch0][q1][group3][n32_lane4][n32],182,364,ld3_tmp_ld3_branch0_q1_group3,x2_vlane4,LD4_layout_is_recommended_for_four_quartic_lanes;LD3_layout_is_alternative_per_quartic_lane
370,0,3,2,28,4,2,C,11,92,370,370,370,754,-1033,2735,low_plus_zeta_high,twist_branch0,92,757,2276,top_split_then_twist_then_store_dft3_input,a[352..383],a[736..767],4,tmp_ld4[branch0][group3][n32][n32_lane4][q2],370,740,ld4_tmp_ld4_branch0_group3_n32,x2_q2_vlane4,tmp_ld3[branch0][q2][group3][n32_lane4][n32],278,556,ld3_tmp_ld3_branch0_q2_group3,x2_vlane4,LD4_layout_is_recommended_for_four_quartic_lanes;LD3_layout_is_alternative_per_quartic_lane
371,0,3,2,28,4,3,C,11,92,371,371,371,755,-1033,2735,low_plus_zeta_high,twist_branch0,92,757,2276,top_split_then_twist_then_store_dft3_input,a[352..383],a[736..767],4,tmp_ld4[branch0][group3][n32][n32_lane4][q3],371,742,ld4_tmp_ld4_branch0_group3_n32,x2_q3_vlane4,tmp_ld3[branch0][q3][group3][n32_lane4][n32],374,748,ld3_tmp_ld3_branch0_q3_group3,x2_vlane4,LD4_layout_is_recommended_for_four_quartic_lanes;LD3_layout_is_alternative_per_quartic_lane
372,0,3,2,29,5,0,A,3,29,116,116,116,500,-1033,2735,low_plus_zeta_high,twist_branch0,29,1458,1260,top_split_then_twist_then_store_dft3_input,a[96..127],a[480..511],5,tmp_ld4[branch0][group3][n32][n32_lane5][q0],372,744,ld4_tmp_ld4_branch0_group3_n32,x2_q0_vlane5,tmp_ld3[branch0][q0][group3][n32_lane5][n32],89,178,ld3_tmp_ld3_branch0_q0_group3,x2_vlane5,LD4_layout_is_recommended_for_four_quartic_lanes;LD3_layout_is_alternative_per_quartic_lane
373,0,3,2,29,5,1,A,3,29,117,117,117,501,-1033,2735,low_plus_zeta_high,twist_branch0,29,1458,1260,top_split_then_twist_then_store_dft3_input,a[96..127],a[480..511],5,tmp_ld4[branch0][group3][n32][n32_lane5][q1],373,746,ld4_tmp_ld4_branch0_group3_n32,x2_q1_vlane5,tmp_ld3[branch0][q1][group3][n32_lane5][n32],185,370,ld3_tmp_ld3_branch0_q1_group3,x2_vlane5,LD4_layout_is_recommended_for_four_quartic_lanes;LD3_layout_is_alternative_per_quartic_lane
374,0,3,2,29,5,2,A,3,29,118,118,118,502,-1033,2735,low_plus_zeta_high,twist_branch0,29,1458,1260,top_split_then_twist_then_store_dft3_input,a[96..127],a[480..511],5,tmp_ld4[branch0][group3][n32][n32_lane5][q2],374,748,ld4_tmp_ld4_branch0_group3_n32,x2_q2_vlane5,tmp_ld3[branch0][q2][group3][n32_lane5][n32],281,562,ld3_tmp_ld3_branch0_q2_group3,x2_vlane5,LD4_layout_is_recommended_for_four_quartic_lanes;LD3_layout_is_alternative_per_quartic_lane
375,0,3,2,29,5,3,A,3,29,119,119,119,503,-1033,2735,low_plus_zeta_high,twist_branch0,29,1458,1260,top_split_then_twist_then_store_dft3_input,a[96..127],a[480..511],5,tmp_ld4[branch0][group3][n32][n32_lane5][q3],375,750,ld4_tmp_ld4_branch0_group3_n32,x2_q3_vlane5,tmp_ld3[branch0][q3][group3][n32_lane5][n32],377,754,ld3_tmp_ld3_branch0_q3_group3,x2_vlane5,LD4_layout_is_recommended_for_four_quartic_lanes;LD3_layout_is_alternative_per_quartic_lane
376,0,3,2,30,6,0,B,7,62,248,248,248,632,-1033,2735,low_plus_zeta_high,twist_branch0,62,-992,2429,top_split_then_twist_then_store_dft3_input,a[224..255],a[608..639],6,tmp_ld4[branch0][group3][n32][n32_lane6][q0],376,752,ld4_tmp_ld4_branch0_group3_n32,x2_q0_vlane6,tmp_ld3[branch0][q0][group3][n32_lane6][n32],92,184,ld3_tmp_ld3_branch0_q0_group3,x2_vlane6,LD4_layout_is_recommended_for_four_quartic_lanes;LD3_layout_is_alternative_per_quartic_lane
377,0,3,2,30,6,1,B,7,62,249,249,249,633,-1033,2735,low_plus_zeta_high,twist_branch0,62,-992,2429,top_split_then_twist_then_store_dft3_input,a[224..255],a[608..639],6,tmp_ld4[branch0][group3][n32][n32_lane6][q1],377,754,ld4_tmp_ld4_branch0_group3_n32,x2_q1_vlane6,tmp_ld3[branch0][q1][group3][n32_lane6][n32],188,376,ld3_tmp_ld3_branch0_q1_group3,x2_vlane6,LD4_layout_is_recommended_for_four_quartic_lanes;LD3_layout_is_alternative_per_quartic_lane
378,0,3,2,30,6,2,B,7,62,250,250,250,634,-1033,2735,low_plus_zeta_high,twist_branch0,62,-992,2429,top_split_then_twist_then_store_dft3_input,a[224..255],a[608..639],6,tmp_ld4[branch0][group3][n32][n32_lane6][q2],378,756,ld4_tmp_ld4_branch0_group3_n32,x2_q2_vlane6,tmp_ld3[branch0][q2][group3][n32_lane6][n32],284,568,ld3_tmp_ld3_branch0_q2_group3,x2_vlane6,LD4_layout_is_recommended_for_four_quartic_lanes;LD3_layout_is_alternative_per_quartic_lane
379,0,3,2,30,6,3,B,7,62,251,251,251,635,-1033,2735,low_plus_zeta_high,twist_branch0,62,-992,2429,top_split_then_twist_then_store_dft3_input,a[224..255],a[608..639],6,tmp_ld4[branch0][group3][n32][n32_lane6][q3],379,758,ld4_tmp_ld4_branch0_group3_n32,x2_q3_vlane6,tmp_ld3[branch0][q3][group3][n32_lane6][n32],380,760,ld3_tmp_ld3_branch0_q3_group3,x2_vlane6,LD4_layout_is_recommended_for_four_quartic_lanes;LD3_layout_is_alternative_per_quartic_lane
380,0,3,2,31,7,0,C,11,95,380,380,380,764,-1033,2735,low_plus_zeta_high,twist_branch0,95,1391,2013,top_split_then_twist_then_store_dft3_input,a[352..383],a[736..767],7,tmp_ld4[branch0][group3][n32][n32_lane7][q0],380,760,ld4_tmp_ld4_branch0_group3_n32,x2_q0_vlane7,tmp_ld3[branch0][q0][group3][n32_lane7][n32],95,190,ld3_tmp_ld3_branch0_q0_group3,x2_vlane7,LD4_layout_is_recommended_for_four_quartic_lanes;LD3_layout_is_alternative_per_quartic_lane
381,0,3,2,31,7,1,C,11,95,381,381,381,765,-1033,2735,low_plus_zeta_high,twist_branch0,95,1391,2013,top_split_then_twist_then_store_dft3_input,a[352..383],a[736..767],7,tmp_ld4[branch0][group3][n32][n32_lane7][q1],381,762,ld4_tmp_ld4_branch0_group3_n32,x2_q1_vlane7,tmp_ld3[branch0][q1][group3][n32_lane7][n32],191,382,ld3_tmp_ld3_branch0_q1_group3,x2_vlane7,LD4_layout_is_recommended_for_four_quartic_lanes;LD3_layout_is_alternative_per_quartic_lane
382,0,3,2,31,7,2,C,11,95,382,382,382,766,-1033,2735,low_plus_zeta_high,twist_branch0,95,1391,2013,top_split_then_twist_then_store_dft3_input,a[352..383],a[736..767],7,tmp_ld4[branch0][group3][n32][n32_lane7][q2],382,764,ld4_tmp_ld4_branch0_group3_n32,x2_q2_vlane7,tmp_ld3[branch0][q2][group3][n32_lane7][n32],287,574,ld3_tmp_ld3_branch0_q2_group3,x2_vlane7,LD4_layout_is_recommended_for_four_quartic_lanes;LD3_layout_is_alternative_per_quartic_lane
383,0,3,2,31,7,3,C,11,95,383,383,383,767,-1033,2735,low_plus_zeta_high,twist_branch0,95,1391,2013,top_split_then_twist_then_store_dft3_input,a[352..383],a[736..767],7,tmp_ld4[branch0][group3][n32][n32_lane7][q3],383,766,ld4_tmp_ld4_branch0_group3_n32,x2_q3_vlane7,tmp_ld3[branch0][q3][group3][n32_lane7][n32],383,766,ld3_tmp_ld3_branch0_q3_group3,x2_vlane7,LD4_layout_is_recommended_for_four_quartic_lanes;LD3_layout_is_alternative_per_quartic_lane
384,1,0,0,0,0,0,A,0,0,0,384,0,384,-1033,2735,low_plus_high_minus_zeta_high,twist_branch1,0,-147,1,top_split_then_twist_then_store_dft3_input,a[0..31],a[384..415],0,tmp_ld4[branch1][group0][n30][n32_lane0][q0],384,768,ld4_tmp_ld4_branch1_group0_n30,x0_q0_vlane0,tmp_ld3[branch1][q0][group0][n32_lane0][n30],384,768,ld3_tmp_ld3_branch1_q0_group0,x0_vlane0,LD4_layout_is_recommended_for_four_quartic_lanes;LD3_layout_is_alternative_per_quartic_lane
385,1,0,0,0,0,1,A,0,0,1,385,1,385,-1033,2735,low_plus_high_minus_zeta_high,twist_branch1,0,-147,1,top_split_then_twist_then_store_dft3_input,a[0..31],a[384..415],0,tmp_ld4[branch1][group0][n30][n32_lane0][q1],385,770,ld4_tmp_ld4_branch1_group0_n30,x0_q1_vlane0,tmp_ld3[branch1][q1][group0][n32_lane0][n30],480,960,ld3_tmp_ld3_branch1_q1_group0,x0_vlane0,LD4_layout_is_recommended_for_four_quartic_lanes;LD3_layout_is_alternative_per_quartic_lane
386,1,0,0,0,0,2,A,0,0,2,386,2,386,-1033,2735,low_plus_high_minus_zeta_high,twist_branch1,0,-147,1,top_split_then_twist_then_store_dft3_input,a[0..31],a[384..415],0,tmp_ld4[branch1][group0][n30][n32_lane0][q2],386,772,ld4_tmp_ld4_branch1_group0_n30,x0_q2_vlane0,tmp_ld3[branch1][q2][group0][n32_lane0][n30],576,1152,ld3_tmp_ld3_branch1_q2_group0,x0_vlane0,LD4_layout_is_recommended_for_four_quartic_lanes;LD3_layout_is_alternative_per_quartic_lane
387,1,0,0,0,0,3,A,0,0,3,387,3,387,-1033,2735,low_plus_high_minus_zeta_high,twist_branch1,0,-147,1,top_split_then_twist_then_store_dft3_input,a[0..31],a[384..415],0,tmp_ld4[branch1][group0][n30][n32_lane0][q3],387,774,ld4_tmp_ld4_branch1_group0_n30,x0_q3_vlane0,tmp_ld3[branch1][q3][group0][n32_lane0][n30],672,1344,ld3_tmp_ld3_branch1_q3_group0,x0_vlane0,LD4_layout_is_recommended_for_four_quartic_lanes;LD3_layout_is_alternative_per_quartic_lane
388,1,0,0,1,1,0,B,4,33,132,516,132,516,-1033,2735,low_plus_high_minus_zeta_high,twist_branch1,33,1278,3025,top_split_then_twist_then_store_dft3_input,a[128..159],a[512..543],1,tmp_ld4[branch1][group0][n30][n32_lane1][q0],388,776,ld4_tmp_ld4_branch1_group0_n30,x0_q0_vlane1,tmp_ld3[branch1][q0][group0][n32_lane1][n30],387,774,ld3_tmp_ld3_branch1_q0_group0,x0_vlane1,LD4_layout_is_recommended_for_four_quartic_lanes;LD3_layout_is_alternative_per_quartic_lane
389,1,0,0,1,1,1,B,4,33,133,517,133,517,-1033,2735,low_plus_high_minus_zeta_high,twist_branch1,33,1278,3025,top_split_then_twist_then_store_dft3_input,a[128..159],a[512..543],1,tmp_ld4[branch1][group0][n30][n32_lane1][q1],389,778,ld4_tmp_ld4_branch1_group0_n30,x0_q1_vlane1,tmp_ld3[branch1][q1][group0][n32_lane1][n30],483,966,ld3_tmp_ld3_branch1_q1_group0,x0_vlane1,LD4_layout_is_recommended_for_four_quartic_lanes;LD3_layout_is_alternative_per_quartic_lane
390,1,0,0,1,1,2,B,4,33,134,518,134,518,-1033,2735,low_plus_high_minus_zeta_high,twist_branch1,33,1278,3025,top_split_then_twist_then_store_dft3_input,a[128..159],a[512..543],1,tmp_ld4[branch1][group0][n30][n32_lane1][q2],390,780,ld4_tmp_ld4_branch1_group0_n30,x0_q2_vlane1,tmp_ld3[branch1][q2][group0][n32_lane1][n30],579,1158,ld3_tmp_ld3_branch1_q2_group0,x0_vlane1,LD4_layout_is_recommended_for_four_quartic_lanes;LD3_layout_is_alternative_per_quartic_lane
391,1,0,0,1,1,3,B,4,33,135,519,135,519,-1033,2735,low_plus_high_minus_zeta_high,twist_branch1,33,1278,3025,top_split_then_twist_then_store_dft3_input,a[128..159],a[512..543],1,tmp_ld4[branch1][group0][n30][n32_lane1][q3],391,782,ld4_tmp_ld4_branch1_group0_n30,x0_q3_vlane1,tmp_ld3[branch1][q3][group0][n32_lane1][n30],675,1350,ld3_tmp_ld3_branch1_q3_group0,x0_vlane1,LD4_layout_is_recommended_for_four_quartic_lanes;LD3_layout_is_alternative_per_quartic_lane
392,1,0,0,2,2,0,C,8,66,264,648,264,648,-1033,2735,low_plus_high_minus_zeta_high,twist_branch1,66,1024,3403,top_split_then_twist_then_store_dft3_input,a[256..287],a[640..671],2,tmp_ld4[branch1][group0][n30][n32_lane2][q0],392,784,ld4_tmp_ld4_branch1_group0_n30,x0_q0_vlane2,tmp_ld3[branch1][q0][group0][n32_lane2][n30],390,780,ld3_tmp_ld3_branch1_q0_group0,x0_vlane2,LD4_layout_is_recommended_for_four_quartic_lanes;LD3_layout_is_alternative_per_quartic_lane
393,1,0,0,2,2,1,C,8,66,265,649,265,649,-1033,2735,low_plus_high_minus_zeta_high,twist_branch1,66,1024,3403,top_split_then_twist_then_store_dft3_input,a[256..287],a[640..671],2,tmp_ld4[branch1][group0][n30][n32_lane2][q1],393,786,ld4_tmp_ld4_branch1_group0_n30,x0_q1_vlane2,tmp_ld3[branch1][q1][group0][n32_lane2][n30],486,972,ld3_tmp_ld3_branch1_q1_group0,x0_vlane2,LD4_layout_is_recommended_for_four_quartic_lanes;LD3_layout_is_alternative_per_quartic_lane
394,1,0,0,2,2,2,C,8,66,266,650,266,650,-1033,2735,low_plus_high_minus_zeta_high,twist_branch1,66,1024,3403,top_split_then_twist_then_store_dft3_input,a[256..287],a[640..671],2,tmp_ld4[branch1][group0][n30][n32_lane2][q2],394,788,ld4_tmp_ld4_branch1_group0_n30,x0_q2_vlane2,tmp_ld3[branch1][q2][group0][n32_lane2][n30],582,1164,ld3_tmp_ld3_branch1_q2_group0,x0_vlane2,LD4_layout_is_recommended_for_four_quartic_lanes;LD3_layout_is_alternative_per_quartic_lane
395,1,0,0,2,2,3,C,8,66,267,651,267,651,-1033,2735,low_plus_high_minus_zeta_high,twist_branch1,66,1024,3403,top_split_then_twist_then_store_dft3_input,a[256..287],a[640..671],2,tmp_ld4[branch1][group0][n30][n32_lane2][q3],395,790,ld4_tmp_ld4_branch1_group0_n30,x0_q3_vlane2,tmp_ld3[branch1][q3][group0][n32_lane2][n30],678,1356,ld3_tmp_ld3_branch1_q3_group0,x0_vlane2,LD4_layout_is_recommended_for_four_quartic_lanes;LD3_layout_is_alternative_per_quartic_lane
396,1,0,0,3,3,0,A,0,3,12,396,12,396,-1033,2735,low_plus_high_minus_zeta_high,twist_branch1,3,923,3145,top_split_then_twist_then_store_dft3_input,a[0..31],a[384..415],3,tmp_ld4[branch1][group0][n30][n32_lane3][q0],396,792,ld4_tmp_ld4_branch1_group0_n30,x0_q0_vlane3,tmp_ld3[branch1][q0][group0][n32_lane3][n30],393,786,ld3_tmp_ld3_branch1_q0_group0,x0_vlane3,LD4_layout_is_recommended_for_four_quartic_lanes;LD3_layout_is_alternative_per_quartic_lane
397,1,0,0,3,3,1,A,0,3,13,397,13,397,-1033,2735,low_plus_high_minus_zeta_high,twist_branch1,3,923,3145,top_split_then_twist_then_store_dft3_input,a[0..31],a[384..415],3,tmp_ld4[branch1][group0][n30][n32_lane3][q1],397,794,ld4_tmp_ld4_branch1_group0_n30,x0_q1_vlane3,tmp_ld3[branch1][q1][group0][n32_lane3][n30],489,978,ld3_tmp_ld3_branch1_q1_group0,x0_vlane3,LD4_layout_is_recommended_for_four_quartic_lanes;LD3_layout_is_alternative_per_quartic_lane
398,1,0,0,3,3,2,A,0,3,14,398,14,398,-1033,2735,low_plus_high_minus_zeta_high,twist_branch1,3,923,3145,top_split_then_twist_then_store_dft3_input,a[0..31],a[384..415],3,tmp_ld4[branch1][group0][n30][n32_lane3][q2],398,796,ld4_tmp_ld4_branch1_group0_n30,x0_q2_vlane3,tmp_ld3[branch1][q2][group0][n32_lane3][n30],585,1170,ld3_tmp_ld3_branch1_q2_group0,x0_vlane3,LD4_layout_is_recommended_for_four_quartic_lanes;LD3_layout_is_alternative_per_quartic_lane
399,1,0,0,3,3,3,A,0,3,15,399,15,399,-1033,2735,low_plus_high_minus_zeta_high,twist_branch1,3,923,3145,top_split_then_twist_then_store_dft3_input,a[0..31],a[384..415],3,tmp_ld4[branch1][group0][n30][n32_lane3][q3],399,798,ld4_tmp_ld4_branch1_group0_n30,x0_q3_vlane3,tmp_ld3[branch1][q3][group0][n32_lane3][n30],681,1362,ld3_tmp_ld3_branch1_q3_group0,x0_vlane3,LD4_layout_is_recommended_for_four_quartic_lanes;LD3_layout_is_alternative_per_quartic_lane
400,1,0,0,4,4,0,B,4,36,144,528,144,528,-1033,2735,low_plus_high_minus_zeta_high,twist_branch1,36,-1181,3418,top_split_then_twist_then_store_dft3_input,a[128..159],a[512..543],4,tmp_ld4[branch1][group0][n30][n32_lane4][q0],400,800,ld4_tmp_ld4_branch1_group0_n30,x0_q0_vlane4,tmp_ld3[branch1][q0][group0][n32_lane4][n30],396,792,ld3_tmp_ld3_branch1_q0_group0,x0_vlane4,LD4_layout_is_recommended_for_four_quartic_lanes;LD3_layout_is_alternative_per_quartic_lane
401,1,0,0,4,4,1,B,4,36,145,529,145,529,-1033,2735,low_plus_high_minus_zeta_high,twist_branch1,36,-1181,3418,top_split_then_twist_then_store_dft3_input,a[128..159],a[512..543],4,tmp_ld4[branch1][group0][n30][n32_lane4][q1],401,802,ld4_tmp_ld4_branch1_group0_n30,x0_q1_vlane4,tmp_ld3[branch1][q1][group0][n32_lane4][n30],492,984,ld3_tmp_ld3_branch1_q1_group0,x0_vlane4,LD4_layout_is_recommended_for_four_quartic_lanes;LD3_layout_is_alternative_per_quartic_lane
402,1,0,0,4,4,2,B,4,36,146,530,146,530,-1033,2735,low_plus_high_minus_zeta_high,twist_branch1,36,-1181,3418,top_split_then_twist_then_store_dft3_input,a[128..159],a[512..543],4,tmp_ld4[branch1][group0][n30][n32_lane4][q2],402,804,ld4_tmp_ld4_branch1_group0_n30,x0_q2_vlane4,tmp_ld3[branch1][q2][group0][n32_lane4][n30],588,1176,ld3_tmp_ld3_branch1_q2_group0,x0_vlane4,LD4_layout_is_recommended_for_four_quartic_lanes;LD3_layout_is_alternative_per_quartic_lane
403,1,0,0,4,4,3,B,4,36,147,531,147,531,-1033,2735,low_plus_high_minus_zeta_high,twist_branch1,36,-1181,3418,top_split_then_twist_then_store_dft3_input,a[128..159],a[512..543],4,tmp_ld4[branch1][group0][n30][n32_lane4][q3],403,806,ld4_tmp_ld4_branch1_group0_n30,x0_q3_vlane4,tmp_ld3[branch1][q3][group0][n32_lane4][n30],684,1368,ld3_tmp_ld3_branch1_q3_group0,x0_vlane4,LD4_layout_is_recommended_for_four_quartic_lanes;LD3_layout_is_alternative_per_quartic_lane
404,1,0,0,5,5,0,C,8,69,276,660,276,660,-1033,2735,low_plus_high_minus_zeta_high,twist_branch1,69,-1444,3020,top_split_then_twist_then_store_dft3_input,a[256..287],a[640..671],5,tmp_ld4[branch1][group0][n30][n32_lane5][q0],404,808,ld4_tmp_ld4_branch1_group0_n30,x0_q0_vlane5,tmp_ld3[branch1][q0][group0][n32_lane5][n30],399,798,ld3_tmp_ld3_branch1_q0_group0,x0_vlane5,LD4_layout_is_recommended_for_four_quartic_lanes;LD3_layout_is_alternative_per_quartic_lane
405,1,0,0,5,5,1,C,8,69,277,661,277,661,-1033,2735,low_plus_high_minus_zeta_high,twist_branch1,69,-1444,3020,top_split_then_twist_then_store_dft3_input,a[256..287],a[640..671],5,tmp_ld4[branch1][group0][n30][n32_lane5][q1],405,810,ld4_tmp_ld4_branch1_group0_n30,x0_q1_vlane5,tmp_ld3[branch1][q1][group0][n32_lane5][n30],495,990,ld3_tmp_ld3_branch1_q1_group0,x0_vlane5,LD4_layout_is_recommended_for_four_quartic_lanes;LD3_layout_is_alternative_per_quartic_lane
406,1,0,0,5,5,2,C,8,69,278,662,278,662,-1033,2735,low_plus_high_minus_zeta_high,twist_branch1,69,-1444,3020,top_split_then_twist_then_store_dft3_input,a[256..287],a[640..671],5,tmp_ld4[branch1][group0][n30][n32_lane5][q2],406,812,ld4_tmp_ld4_branch1_group0_n30,x0_q2_vlane5,tmp_ld3[branch1][q2][group0][n32_lane5][n30],591,1182,ld3_tmp_ld3_branch1_q2_group0,x0_vlane5,LD4_layout_is_recommended_for_four_quartic_lanes;LD3_layout_is_alternative_per_quartic_lane
407,1,0,0,5,5,3,C,8,69,279,663,279,663,-1033,2735,low_plus_high_minus_zeta_high,twist_branch1,69,-1444,3020,top_split_then_twist_then_store_dft3_input,a[256..287],a[640..671],5,tmp_ld4[branch1][group0][n30][n32_lane5][q3],407,814,ld4_tmp_ld4_branch1_group0_n30,x0_q3_vlane5,tmp_ld3[branch1][q3][group0][n32_lane5][n30],687,1374,ld3_tmp_ld3_branch1_q3_group0,x0_vlane5,LD4_layout_is_recommended_for_four_quartic_lanes;LD3_layout_is_alternative_per_quartic_lane
408,1,0,0,6,6,0,A,0,6,24,408,24,408,-1033,2735,low_plus_high_minus_zeta_high,twist_branch1,6,-1045,548,top_split_then_twist_then_store_dft3_input,a[0..31],a[384..415],6,tmp_ld4[branch1][group0][n30][n32_lane6][q0],408,816,ld4_tmp_ld4_branch1_group0_n30,x0_q0_vlane6,tmp_ld3[branch1][q0][group0][n32_lane6][n30],402,804,ld3_tmp_ld3_branch1_q0_group0,x0_vlane6,LD4_layout_is_recommended_for_four_quartic_lanes;LD3_layout_is_alternative_per_quartic_lane
409,1,0,0,6,6,1,A,0,6,25,409,25,409,-1033,2735,low_plus_high_minus_zeta_high,twist_branch1,6,-1045,548,top_split_then_twist_then_store_dft3_input,a[0..31],a[384..415],6,tmp_ld4[branch1][group0][n30][n32_lane6][q1],409,818,ld4_tmp_ld4_branch1_group0_n30,x0_q1_vlane6,tmp_ld3[branch1][q1][group0][n32_lane6][n30],498,996,ld3_tmp_ld3_branch1_q1_group0,x0_vlane6,LD4_layout_is_recommended_for_four_quartic_lanes;LD3_layout_is_alternative_per_quartic_lane
410,1,0,0,6,6,2,A,0,6,26,410,26,410,-1033,2735,low_plus_high_minus_zeta_high,twist_branch1,6,-1045,548,top_split_then_twist_then_store_dft3_input,a[0..31],a[384..415],6,tmp_ld4[branch1][group0][n30][n32_lane6][q2],410,820,ld4_tmp_ld4_branch1_group0_n30,x0_q2_vlane6,tmp_ld3[branch1][q2][group0][n32_lane6][n30],594,1188,ld3_tmp_ld3_branch1_q2_group0,x0_vlane6,LD4_layout_is_recommended_for_four_quartic_lanes;LD3_layout_is_alternative_per_quartic_lane
411,1,0,0,6,6,3,A,0,6,27,411,27,411,-1033,2735,low_plus_high_minus_zeta_high,twist_branch1,6,-1045,548,top_split_then_twist_then_store_dft3_input,a[0..31],a[384..415],6,tmp_ld4[branch1][group0][n30][n32_lane6][q3],411,822,ld4_tmp_ld4_branch1_group0_n30,x0_q3_vlane6,tmp_ld3[branch1][q3][group0][n32_lane6][n30],690,1380,ld3_tmp_ld3_branch1_q3_group0,x0_vlane6,LD4_layout_is_recommended_for_four_quartic_lanes;LD3_layout_is_alternative_per_quartic_lane
412,1,0,0,7,7,0,B,4,39,156,540,156,540,-1033,2735,low_plus_high_minus_zeta_high,twist_branch1,39,-1427,1797,top_split_then_twist_then_store_dft3_input,a[128..159],a[512..543],7,tmp_ld4[branch1][group0][n30][n32_lane7][q0],412,824,ld4_tmp_ld4_branch1_group0_n30,x0_q0_vlane7,tmp_ld3[branch1][q0][group0][n32_lane7][n30],405,810,ld3_tmp_ld3_branch1_q0_group0,x0_vlane7,LD4_layout_is_recommended_for_four_quartic_lanes;LD3_layout_is_alternative_per_quartic_lane
413,1,0,0,7,7,1,B,4,39,157,541,157,541,-1033,2735,low_plus_high_minus_zeta_high,twist_branch1,39,-1427,1797,top_split_then_twist_then_store_dft3_input,a[128..159],a[512..543],7,tmp_ld4[branch1][group0][n30][n32_lane7][q1],413,826,ld4_tmp_ld4_branch1_group0_n30,x0_q1_vlane7,tmp_ld3[branch1][q1][group0][n32_lane7][n30],501,1002,ld3_tmp_ld3_branch1_q1_group0,x0_vlane7,LD4_layout_is_recommended_for_four_quartic_lanes;LD3_layout_is_alternative_per_quartic_lane
414,1,0,0,7,7,2,B,4,39,158,542,158,542,-1033,2735,low_plus_high_minus_zeta_high,twist_branch1,39,-1427,1797,top_split_then_twist_then_store_dft3_input,a[128..159],a[512..543],7,tmp_ld4[branch1][group0][n30][n32_lane7][q2],414,828,ld4_tmp_ld4_branch1_group0_n30,x0_q2_vlane7,tmp_ld3[branch1][q2][group0][n32_lane7][n30],597,1194,ld3_tmp_ld3_branch1_q2_group0,x0_vlane7,LD4_layout_is_recommended_for_four_quartic_lanes;LD3_layout_is_alternative_per_quartic_lane
415,1,0,0,7,7,3,B,4,39,159,543,159,543,-1033,2735,low_plus_high_minus_zeta_high,twist_branch1,39,-1427,1797,top_split_then_twist_then_store_dft3_input,a[128..159],a[512..543],7,tmp_ld4[branch1][group0][n30][n32_lane7][q3],415,830,ld4_tmp_ld4_branch1_group0_n30,x0_q3_vlane7,tmp_ld3[branch1][q3][group0][n32_lane7][n30],693,1386,ld3_tmp_ld3_branch1_q3_group0,x0_vlane7,LD4_layout_is_recommended_for_four_quartic_lanes;LD3_layout_is_alternative_per_quartic_lane
416,1,0,1,0,0,0,C,8,64,256,640,256,640,-1033,2735,low_plus_high_minus_zeta_high,twist_branch1,64,1265,1520,top_split_then_twist_then_store_dft3_input,a[256..287],a[640..671],0,tmp_ld4[branch1][group0][n31][n32_lane0][q0],416,832,ld4_tmp_ld4_branch1_group0_n31,x1_q0_vlane0,tmp_ld3[branch1][q0][group0][n32_lane0][n31],385,770,ld3_tmp_ld3_branch1_q0_group0,x1_vlane0,LD4_layout_is_recommended_for_four_quartic_lanes;LD3_layout_is_alternative_per_quartic_lane
417,1,0,1,0,0,1,C,8,64,257,641,257,641,-1033,2735,low_plus_high_minus_zeta_high,twist_branch1,64,1265,1520,top_split_then_twist_then_store_dft3_input,a[256..287],a[640..671],0,tmp_ld4[branch1][group0][n31][n32_lane0][q1],417,834,ld4_tmp_ld4_branch1_group0_n31,x1_q1_vlane0,tmp_ld3[branch1][q1][group0][n32_lane0][n31],481,962,ld3_tmp_ld3_branch1_q1_group0,x1_vlane0,LD4_layout_is_recommended_for_four_quartic_lanes;LD3_layout_is_alternative_per_quartic_lane
418,1,0,1,0,0,2,C,8,64,258,642,258,642,-1033,2735,low_plus_high_minus_zeta_high,twist_branch1,64,1265,1520,top_split_then_twist_then_store_dft3_input,a[256..287],a[640..671],0,tmp_ld4[branch1][group0][n31][n32_lane0][q2],418,836,ld4_tmp_ld4_branch1_group0_n31,x1_q2_vlane0,tmp_ld3[branch1][q2][group0][n32_lane0][n31],577,1154,ld3_tmp_ld3_branch1_q2_group0,x1_vlane0,LD4_layout_is_recommended_for_four_quartic_lanes;LD3_layout_is_alternative_per_quartic_lane
419,1,0,1,0,0,3,C,8,64,259,643,259,643,-1033,2735,low_plus_high_minus_zeta_high,twist_branch1,64,1265,1520,top_split_then_twist_then_store_dft3_input,a[256..287],a[640..671],0,tmp_ld4[branch1][group0][n31][n32_lane0][q3],419,838,ld4_tmp_ld4_branch1_group0_n31,x1_q3_vlane0,tmp_ld3[branch1][q3][group0][n32_lane0][n31],673,1346,ld3_tmp_ld3_branch1_q3_group0,x1_vlane0,LD4_layout_is_recommended_for_four_quartic_lanes;LD3_layout_is_alternative_per_quartic_lane
420,1,0,1,1,1,0,A,0,1,4,388,4,388,-1033,2735,low_plus_high_minus_zeta_high,twist_branch1,1,779,1100,top_split_then_twist_then_store_dft3_input,a[0..31],a[384..415],1,tmp_ld4[branch1][group0][n31][n32_lane1][q0],420,840,ld4_tmp_ld4_branch1_group0_n31,x1_q0_vlane1,tmp_ld3[branch1][q0][group0][n32_lane1][n31],388,776,ld3_tmp_ld3_branch1_q0_group0,x1_vlane1,LD4_layout_is_recommended_for_four_quartic_lanes;LD3_layout_is_alternative_per_quartic_lane
421,1,0,1,1,1,1,A,0,1,5,389,5,389,-1033,2735,low_plus_high_minus_zeta_high,twist_branch1,1,779,1100,top_split_then_twist_then_store_dft3_input,a[0..31],a[384..415],1,tmp_ld4[branch1][group0][n31][n32_lane1][q1],421,842,ld4_tmp_ld4_branch1_group0_n31,x1_q1_vlane1,tmp_ld3[branch1][q1][group0][n32_lane1][n31],484,968,ld3_tmp_ld3_branch1_q1_group0,x1_vlane1,LD4_layout_is_recommended_for_four_quartic_lanes;LD3_layout_is_alternative_per_quartic_lane
422,1,0,1,1,1,2,A,0,1,6,390,6,390,-1033,2735,low_plus_high_minus_zeta_high,twist_branch1,1,779,1100,top_split_then_twist_then_store_dft3_input,a[0..31],a[384..415],1,tmp_ld4[branch1][group0][n31][n32_lane1][q2],422,844,ld4_tmp_ld4_branch1_group0_n31,x1_q2_vlane1,tmp_ld3[branch1][q2][group0][n32_lane1][n31],580,1160,ld3_tmp_ld3_branch1_q2_group0,x1_vlane1,LD4_layout_is_recommended_for_four_quartic_lanes;LD3_layout_is_alternative_per_quartic_lane
423,1,0,1,1,1,3,A,0,1,7,391,7,391,-1033,2735,low_plus_high_minus_zeta_high,twist_branch1,1,779,1100,top_split_then_twist_then_store_dft3_input,a[0..31],a[384..415],1,tmp_ld4[branch1][group0][n31][n32_lane1][q3],423,846,ld4_tmp_ld4_branch1_group0_n31,x1_q3_vlane1,tmp_ld3[branch1][q3][group0][n32_lane1][n31],676,1352,ld3_tmp_ld3_branch1_q3_group0,x1_vlane1,LD4_layout_is_recommended_for_four_quartic_lanes;LD3_layout_is_alternative_per_quartic_lane
424,1,0,1,2,2,0,B,4,34,136,520,136,520,-1033,2735,low_plus_high_minus_zeta_high,twist_branch1,34,-1199,1866,top_split_then_twist_then_store_dft3_input,a[128..159],a[512..543],2,tmp_ld4[branch1][group0][n31][n32_lane2][q0],424,848,ld4_tmp_ld4_branch1_group0_n31,x1_q0_vlane2,tmp_ld3[branch1][q0][group0][n32_lane2][n31],391,782,ld3_tmp_ld3_branch1_q0_group0,x1_vlane2,LD4_layout_is_recommended_for_four_quartic_lanes;LD3_layout_is_alternative_per_quartic_lane
425,1,0,1,2,2,1,B,4,34,137,521,137,521,-1033,2735,low_plus_high_minus_zeta_high,twist_branch1,34,-1199,1866,top_split_then_twist_then_store_dft3_input,a[128..159],a[512..543],2,tmp_ld4[branch1][group0][n31][n32_lane2][q1],425,850,ld4_tmp_ld4_branch1_group0_n31,x1_q1_vlane2,tmp_ld3[branch1][q1][group0][n32_lane2][n31],487,974,ld3_tmp_ld3_branch1_q1_group0,x1_vlane2,LD4_layout_is_recommended_for_four_quartic_lanes;LD3_layout_is_alternative_per_quartic_lane
426,1,0,1,2,2,2,B,4,34,138,522,138,522,-1033,2735,low_plus_high_minus_zeta_high,twist_branch1,34,-1199,1866,top_split_then_twist_then_store_dft3_input,a[128..159],a[512..543],2,tmp_ld4[branch1][group0][n31][n32_lane2][q2],426,852,ld4_tmp_ld4_branch1_group0_n31,x1_q2_vlane2,tmp_ld3[branch1][q2][group0][n32_lane2][n31],583,1166,ld3_tmp_ld3_branch1_q2_group0,x1_vlane2,LD4_layout_is_recommended_for_four_quartic_lanes;LD3_layout_is_alternative_per_quartic_lane
427,1,0,1,2,2,3,B,4,34,139,523,139,523,-1033,2735,low_plus_high_minus_zeta_high,twist_branch1,34,-1199,1866,top_split_then_twist_then_store_dft3_input,a[128..159],a[512..543],2,tmp_ld4[branch1][group0][n31][n32_lane2][q3],427,854,ld4_tmp_ld4_branch1_group0_n31,x1_q3_vlane2,tmp_ld3[branch1][q3][group0][n32_lane2][n31],679,1358,ld3_tmp_ld3_branch1_q3_group0,x1_vlane2,LD4_layout_is_recommended_for_four_quartic_lanes;LD3_layout_is_alternative_per_quartic_lane
428,1,0,1,3,3,0,C,8,67,268,652,268,652,-1033,2735,low_plus_high_minus_zeta_high,twist_branch1,67,-582,2826,top_split_then_twist_then_store_dft3_input,a[256..287],a[640..671],3,tmp_ld4[branch1][group0][n31][n32_lane3][q0],428,856,ld4_tmp_ld4_branch1_group0_n31,x1_q0_vlane3,tmp_ld3[branch1][q0][group0][n32_lane3][n31],394,788,ld3_tmp_ld3_branch1_q0_group0,x1_vlane3,LD4_layout_is_recommended_for_four_quartic_lanes;LD3_layout_is_alternative_per_quartic_lane
429,1,0,1,3,3,1,C,8,67,269,653,269,653,-1033,2735,low_plus_high_minus_zeta_high,twist_branch1,67,-582,2826,top_split_then_twist_then_store_dft3_input,a[256..287],a[640..671],3,tmp_ld4[branch1][group0][n31][n32_lane3][q1],429,858,ld4_tmp_ld4_branch1_group0_n31,x1_q1_vlane3,tmp_ld3[branch1][q1][group0][n32_lane3][n31],490,980,ld3_tmp_ld3_branch1_q1_group0,x1_vlane3,LD4_layout_is_recommended_for_four_quartic_lanes;LD3_layout_is_alternative_per_quartic_lane
430,1,0,1,3,3,2,C,8,67,270,654,270,654,-1033,2735,low_plus_high_minus_zeta_high,twist_branch1,67,-582,2826,top_split_then_twist_then_store_dft3_input,a[256..287],a[640..671],3,tmp_ld4[branch1][group0][n31][n32_lane3][q2],430,860,ld4_tmp_ld4_branch1_group0_n31,x1_q2_vlane3,tmp_ld3[branch1][q2][group0][n32_lane3][n31],586,1172,ld3_tmp_ld3_branch1_q2_group0,x1_vlane3,LD4_layout_is_recommended_for_four_quartic_lanes;LD3_layout_is_alternative_per_quartic_lane
431,1,0,1,3,3,3,C,8,67,271,655,271,655,-1033,2735,low_plus_high_minus_zeta_high,twist_branch1,67,-582,2826,top_split_then_twist_then_store_dft3_input,a[256..287],a[640..671],3,tmp_ld4[branch1][group0][n31][n32_lane3][q3],431,862,ld4_tmp_ld4_branch1_group0_n31,x1_q3_vlane3,tmp_ld3[branch1][q3][group0][n32_lane3][n31],682,1364,ld3_tmp_ld3_branch1_q3_group0,x1_vlane3,LD4_layout_is_recommended_for_four_quartic_lanes;LD3_layout_is_alternative_per_quartic_lane
432,1,0,1,4,4,0,A,0,4,16,400,16,400,-1033,2735,low_plus_high_minus_zeta_high,twist_branch1,4,-1058,2500,top_split_then_twist_then_store_dft3_input,a[0..31],a[384..415],4,tmp_ld4[branch1][group0][n31][n32_lane4][q0],432,864,ld4_tmp_ld4_branch1_group0_n31,x1_q0_vlane4,tmp_ld3[branch1][q0][group0][n32_lane4][n31],397,794,ld3_tmp_ld3_branch1_q0_group0,x1_vlane4,LD4_layout_is_recommended_for_four_quartic_lanes;LD3_layout_is_alternative_per_quartic_lane
433,1,0,1,4,4,1,A,0,4,17,401,17,401,-1033,2735,low_plus_high_minus_zeta_high,twist_branch1,4,-1058,2500,top_split_then_twist_then_store_dft3_input,a[0..31],a[384..415],4,tmp_ld4[branch1][group0][n31][n32_lane4][q1],433,866,ld4_tmp_ld4_branch1_group0_n31,x1_q1_vlane4,tmp_ld3[branch1][q1][group0][n32_lane4][n31],493,986,ld3_tmp_ld3_branch1_q1_group0,x1_vlane4,LD4_layout_is_recommended_for_four_quartic_lanes;LD3_layout_is_alternative_per_quartic_lane
434,1,0,1,4,4,2,A,0,4,18,402,18,402,-1033,2735,low_plus_high_minus_zeta_high,twist_branch1,4,-1058,2500,top_split_then_twist_then_store_dft3_input,a[0..31],a[384..415],4,tmp_ld4[branch1][group0][n31][n32_lane4][q2],434,868,ld4_tmp_ld4_branch1_group0_n31,x1_q2_vlane4,tmp_ld3[branch1][q2][group0][n32_lane4][n31],589,1178,ld3_tmp_ld3_branch1_q2_group0,x1_vlane4,LD4_layout_is_recommended_for_four_quartic_lanes;LD3_layout_is_alternative_per_quartic_lane
435,1,0,1,4,4,3,A,0,4,19,403,19,403,-1033,2735,low_plus_high_minus_zeta_high,twist_branch1,4,-1058,2500,top_split_then_twist_then_store_dft3_input,a[0..31],a[384..415],4,tmp_ld4[branch1][group0][n31][n32_lane4][q3],435,870,ld4_tmp_ld4_branch1_group0_n31,x1_q3_vlane4,tmp_ld3[branch1][q3][group0][n32_lane4][n31],685,1370,ld3_tmp_ld3_branch1_q3_group0,x1_vlane4,LD4_layout_is_recommended_for_four_quartic_lanes;LD3_layout_is_alternative_per_quartic_lane
436,1,0,1,5,5,0,B,4,37,148,532,148,532,-1033,2735,low_plus_high_minus_zeta_high,twist_branch1,37,732,2041,top_split_then_twist_then_store_dft3_input,a[128..159],a[512..543],5,tmp_ld4[branch1][group0][n31][n32_lane5][q0],436,872,ld4_tmp_ld4_branch1_group0_n31,x1_q0_vlane5,tmp_ld3[branch1][q0][group0][n32_lane5][n31],400,800,ld3_tmp_ld3_branch1_q0_group0,x1_vlane5,LD4_layout_is_recommended_for_four_quartic_lanes;LD3_layout_is_alternative_per_quartic_lane
437,1,0,1,5,5,1,B,4,37,149,533,149,533,-1033,2735,low_plus_high_minus_zeta_high,twist_branch1,37,732,2041,top_split_then_twist_then_store_dft3_input,a[128..159],a[512..543],5,tmp_ld4[branch1][group0][n31][n32_lane5][q1],437,874,ld4_tmp_ld4_branch1_group0_n31,x1_q1_vlane5,tmp_ld3[branch1][q1][group0][n32_lane5][n31],496,992,ld3_tmp_ld3_branch1_q1_group0,x1_vlane5,LD4_layout_is_recommended_for_four_quartic_lanes;LD3_layout_is_alternative_per_quartic_lane
438,1,0,1,5,5,2,B,4,37,150,534,150,534,-1033,2735,low_plus_high_minus_zeta_high,twist_branch1,37,732,2041,top_split_then_twist_then_store_dft3_input,a[128..159],a[512..543],5,tmp_ld4[branch1][group0][n31][n32_lane5][q2],438,876,ld4_tmp_ld4_branch1_group0_n31,x1_q2_vlane5,tmp_ld3[branch1][q2][group0][n32_lane5][n31],592,1184,ld3_tmp_ld3_branch1_q2_group0,x1_vlane5,LD4_layout_is_recommended_for_four_quartic_lanes;LD3_layout_is_alternative_per_quartic_lane
439,1,0,1,5,5,3,B,4,37,151,535,151,535,-1033,2735,low_plus_high_minus_zeta_high,twist_branch1,37,732,2041,top_split_then_twist_then_store_dft3_input,a[128..159],a[512..543],5,tmp_ld4[branch1][group0][n31][n32_lane5][q3],439,878,ld4_tmp_ld4_branch1_group0_n31,x1_q3_vlane5,tmp_ld3[branch1][q3][group0][n32_lane5][n31],688,1376,ld3_tmp_ld3_branch1_q3_group0,x1_vlane5,LD4_layout_is_recommended_for_four_quartic_lanes;LD3_layout_is_alternative_per_quartic_lane
440,1,0,1,6,6,0,C,8,70,280,664,280,664,-1033,2735,low_plus_high_minus_zeta_high,twist_branch1,70,-1637,3280,top_split_then_twist_then_store_dft3_input,a[256..287],a[640..671],6,tmp_ld4[branch1][group0][n31][n32_lane6][q0],440,880,ld4_tmp_ld4_branch1_group0_n31,x1_q0_vlane6,tmp_ld3[branch1][q0][group0][n32_lane6][n31],403,806,ld3_tmp_ld3_branch1_q0_group0,x1_vlane6,LD4_layout_is_recommended_for_four_quartic_lanes;LD3_layout_is_alternative_per_quartic_lane
441,1,0,1,6,6,1,C,8,70,281,665,281,665,-1033,2735,low_plus_high_minus_zeta_high,twist_branch1,70,-1637,3280,top_split_then_twist_then_store_dft3_input,a[256..287],a[640..671],6,tmp_ld4[branch1][group0][n31][n32_lane6][q1],441,882,ld4_tmp_ld4_branch1_group0_n31,x1_q1_vlane6,tmp_ld3[branch1][q1][group0][n32_lane6][n31],499,998,ld3_tmp_ld3_branch1_q1_group0,x1_vlane6,LD4_layout_is_recommended_for_four_quartic_lanes;LD3_layout_is_alternative_per_quartic_lane
442,1,0,1,6,6,2,C,8,70,282,666,282,666,-1033,2735,low_plus_high_minus_zeta_high,twist_branch1,70,-1637,3280,top_split_then_twist_then_store_dft3_input,a[256..287],a[640..671],6,tmp_ld4[branch1][group0][n31][n32_lane6][q2],442,884,ld4_tmp_ld4_branch1_group0_n31,x1_q2_vlane6,tmp_ld3[branch1][q2][group0][n32_lane6][n31],595,1190,ld3_tmp_ld3_branch1_q2_group0,x1_vlane6,LD4_layout_is_recommended_for_four_quartic_lanes;LD3_layout_is_alternative_per_quartic_lane
443,1,0,1,6,6,3,C,8,70,283,667,283,667,-1033,2735,low_plus_high_minus_zeta_high,twist_branch1,70,-1637,3280,top_split_then_twist_then_store_dft3_input,a[256..287],a[640..671],6,tmp_ld4[branch1][group0][n31][n32_lane6][q3],443,886,ld4_tmp_ld4_branch1_group0_n31,x1_q3_vlane6,tmp_ld3[branch1][q3][group0][n32_lane6][n31],691,1382,ld3_tmp_ld3_branch1_q3_group0,x1_vlane6,LD4_layout_is_recommended_for_four_quartic_lanes;LD3_layout_is_alternative_per_quartic_lane
444,1,0,1,7,7,0,A,0,7,28,412,28,412,-1033,2735,low_plus_high_minus_zeta_high,twist_branch1,7,1681,1282,top_split_then_twist_then_store_dft3_input,a[0..31],a[384..415],7,tmp_ld4[branch1][group0][n31][n32_lane7][q0],444,888,ld4_tmp_ld4_branch1_group0_n31,x1_q0_vlane7,tmp_ld3[branch1][q0][group0][n32_lane7][n31],406,812,ld3_tmp_ld3_branch1_q0_group0,x1_vlane7,LD4_layout_is_recommended_for_four_quartic_lanes;LD3_layout_is_alternative_per_quartic_lane
445,1,0,1,7,7,1,A,0,7,29,413,29,413,-1033,2735,low_plus_high_minus_zeta_high,twist_branch1,7,1681,1282,top_split_then_twist_then_store_dft3_input,a[0..31],a[384..415],7,tmp_ld4[branch1][group0][n31][n32_lane7][q1],445,890,ld4_tmp_ld4_branch1_group0_n31,x1_q1_vlane7,tmp_ld3[branch1][q1][group0][n32_lane7][n31],502,1004,ld3_tmp_ld3_branch1_q1_group0,x1_vlane7,LD4_layout_is_recommended_for_four_quartic_lanes;LD3_layout_is_alternative_per_quartic_lane
446,1,0,1,7,7,2,A,0,7,30,414,30,414,-1033,2735,low_plus_high_minus_zeta_high,twist_branch1,7,1681,1282,top_split_then_twist_then_store_dft3_input,a[0..31],a[384..415],7,tmp_ld4[branch1][group0][n31][n32_lane7][q2],446,892,ld4_tmp_ld4_branch1_group0_n31,x1_q2_vlane7,tmp_ld3[branch1][q2][group0][n32_lane7][n31],598,1196,ld3_tmp_ld3_branch1_q2_group0,x1_vlane7,LD4_layout_is_recommended_for_four_quartic_lanes;LD3_layout_is_alternative_per_quartic_lane
447,1,0,1,7,7,3,A,0,7,31,415,31,415,-1033,2735,low_plus_high_minus_zeta_high,twist_branch1,7,1681,1282,top_split_then_twist_then_store_dft3_input,a[0..31],a[384..415],7,tmp_ld4[branch1][group0][n31][n32_lane7][q3],447,894,ld4_tmp_ld4_branch1_group0_n31,x1_q3_vlane7,tmp_ld3[branch1][q3][group0][n32_lane7][n31],694,1388,ld3_tmp_ld3_branch1_q3_group0,x1_vlane7,LD4_layout_is_recommended_for_four_quartic_lanes;LD3_layout_is_alternative_per_quartic_lane
448,1,0,2,0,0,0,B,4,32,128,512,128,512,-1033,2735,low_plus_high_minus_zeta_high,twist_branch1,32,460,867,top_split_then_twist_then_store_dft3_input,a[128..159],a[512..543],0,tmp_ld4[branch1][group0][n32][n32_lane0][q0],448,896,ld4_tmp_ld4_branch1_group0_n32,x2_q0_vlane0,tmp_ld3[branch1][q0][group0][n32_lane0][n32],386,772,ld3_tmp_ld3_branch1_q0_group0,x2_vlane0,LD4_layout_is_recommended_for_four_quartic_lanes;LD3_layout_is_alternative_per_quartic_lane
449,1,0,2,0,0,1,B,4,32,129,513,129,513,-1033,2735,low_plus_high_minus_zeta_high,twist_branch1,32,460,867,top_split_then_twist_then_store_dft3_input,a[128..159],a[512..543],0,tmp_ld4[branch1][group0][n32][n32_lane0][q1],449,898,ld4_tmp_ld4_branch1_group0_n32,x2_q1_vlane0,tmp_ld3[branch1][q1][group0][n32_lane0][n32],482,964,ld3_tmp_ld3_branch1_q1_group0,x2_vlane0,LD4_layout_is_recommended_for_four_quartic_lanes;LD3_layout_is_alternative_per_quartic_lane
450,1,0,2,0,0,2,B,4,32,130,514,130,514,-1033,2735,low_plus_high_minus_zeta_high,twist_branch1,32,460,867,top_split_then_twist_then_store_dft3_input,a[128..159],a[512..543],0,tmp_ld4[branch1][group0][n32][n32_lane0][q2],450,900,ld4_tmp_ld4_branch1_group0_n32,x2_q2_vlane0,tmp_ld3[branch1][q2][group0][n32_lane0][n32],578,1156,ld3_tmp_ld3_branch1_q2_group0,x2_vlane0,LD4_layout_is_recommended_for_four_quartic_lanes;LD3_layout_is_alternative_per_quartic_lane
451,1,0,2,0,0,3,B,4,32,131,515,131,515,-1033,2735,low_plus_high_minus_zeta_high,twist_branch1,32,460,867,top_split_then_twist_then_store_dft3_input,a[128..159],a[512..543],0,tmp_ld4[branch1][group0][n32][n32_lane0][q3],451,902,ld4_tmp_ld4_branch1_group0_n32,x2_q3_vlane0,tmp_ld3[branch1][q3][group0][n32_lane0][n32],674,1348,ld3_tmp_ld3_branch1_q3_group0,x2_vlane0,LD4_layout_is_recommended_for_four_quartic_lanes;LD3_layout_is_alternative_per_quartic_lane
452,1,0,2,1,1,0,C,8,65,260,644,260,644,-1033,2735,low_plus_high_minus_zeta_high,twist_branch1,65,-1671,2269,top_split_then_twist_then_store_dft3_input,a[256..287],a[640..671],1,tmp_ld4[branch1][group0][n32][n32_lane1][q0],452,904,ld4_tmp_ld4_branch1_group0_n32,x2_q0_vlane1,tmp_ld3[branch1][q0][group0][n32_lane1][n32],389,778,ld3_tmp_ld3_branch1_q0_group0,x2_vlane1,LD4_layout_is_recommended_for_four_quartic_lanes;LD3_layout_is_alternative_per_quartic_lane
453,1,0,2,1,1,1,C,8,65,261,645,261,645,-1033,2735,low_plus_high_minus_zeta_high,twist_branch1,65,-1671,2269,top_split_then_twist_then_store_dft3_input,a[256..287],a[640..671],1,tmp_ld4[branch1][group0][n32][n32_lane1][q1],453,906,ld4_tmp_ld4_branch1_group0_n32,x2_q1_vlane1,tmp_ld3[branch1][q1][group0][n32_lane1][n32],485,970,ld3_tmp_ld3_branch1_q1_group0,x2_vlane1,LD4_layout_is_recommended_for_four_quartic_lanes;LD3_layout_is_alternative_per_quartic_lane
454,1,0,2,1,1,2,C,8,65,262,646,262,646,-1033,2735,low_plus_high_minus_zeta_high,twist_branch1,65,-1671,2269,top_split_then_twist_then_store_dft3_input,a[256..287],a[640..671],1,tmp_ld4[branch1][group0][n32][n32_lane1][q2],454,908,ld4_tmp_ld4_branch1_group0_n32,x2_q2_vlane1,tmp_ld3[branch1][q2][group0][n32_lane1][n32],581,1162,ld3_tmp_ld3_branch1_q2_group0,x2_vlane1,LD4_layout_is_recommended_for_four_quartic_lanes;LD3_layout_is_alternative_per_quartic_lane
455,1,0,2,1,1,3,C,8,65,263,647,263,647,-1033,2735,low_plus_high_minus_zeta_high,twist_branch1,65,-1671,2269,top_split_then_twist_then_store_dft3_input,a[256..287],a[640..671],1,tmp_ld4[branch1][group0][n32][n32_lane1][q3],455,910,ld4_tmp_ld4_branch1_group0_n32,x2_q3_vlane1,tmp_ld3[branch1][q3][group0][n32_lane1][n32],677,1354,ld3_tmp_ld3_branch1_q3_group0,x2_vlane1,LD4_layout_is_recommended_for_four_quartic_lanes;LD3_layout_is_alternative_per_quartic_lane
456,1,0,2,2,2,0,A,0,2,8,392,8,392,-1033,2735,low_plus_high_minus_zeta_high,twist_branch1,2,-436,50,top_split_then_twist_then_store_dft3_input,a[0..31],a[384..415],2,tmp_ld4[branch1][group0][n32][n32_lane2][q0],456,912,ld4_tmp_ld4_branch1_group0_n32,x2_q0_vlane2,tmp_ld3[branch1][q0][group0][n32_lane2][n32],392,784,ld3_tmp_ld3_branch1_q0_group0,x2_vlane2,LD4_layout_is_recommended_for_four_quartic_lanes;LD3_layout_is_alternative_per_quartic_lane
457,1,0,2,2,2,1,A,0,2,9,393,9,393,-1033,2735,low_plus_high_minus_zeta_high,twist_branch1,2,-436,50,top_split_then_twist_then_store_dft3_input,a[0..31],a[384..415],2,tmp_ld4[branch1][group0][n32][n32_lane2][q1],457,914,ld4_tmp_ld4_branch1_group0_n32,x2_q1_vlane2,tmp_ld3[branch1][q1][group0][n32_lane2][n32],488,976,ld3_tmp_ld3_branch1_q1_group0,x2_vlane2,LD4_layout_is_recommended_for_four_quartic_lanes;LD3_layout_is_alternative_per_quartic_lane
458,1,0,2,2,2,2,A,0,2,10,394,10,394,-1033,2735,low_plus_high_minus_zeta_high,twist_branch1,2,-436,50,top_split_then_twist_then_store_dft3_input,a[0..31],a[384..415],2,tmp_ld4[branch1][group0][n32][n32_lane2][q2],458,916,ld4_tmp_ld4_branch1_group0_n32,x2_q2_vlane2,tmp_ld3[branch1][q2][group0][n32_lane2][n32],584,1168,ld3_tmp_ld3_branch1_q2_group0,x2_vlane2,LD4_layout_is_recommended_for_four_quartic_lanes;LD3_layout_is_alternative_per_quartic_lane
459,1,0,2,2,2,3,A,0,2,11,395,11,395,-1033,2735,low_plus_high_minus_zeta_high,twist_branch1,2,-436,50,top_split_then_twist_then_store_dft3_input,a[0..31],a[384..415],2,tmp_ld4[branch1][group0][n32][n32_lane2][q3],459,918,ld4_tmp_ld4_branch1_group0_n32,x2_q3_vlane2,tmp_ld3[branch1][q3][group0][n32_lane2][n32],680,1360,ld3_tmp_ld3_branch1_q3_group0,x2_vlane2,LD4_layout_is_recommended_for_four_quartic_lanes;LD3_layout_is_alternative_per_quartic_lane
460,1,0,2,3,3,0,B,4,35,140,524,140,524,-1033,2735,low_plus_high_minus_zeta_high,twist_branch1,35,1674,2599,top_split_then_twist_then_store_dft3_input,a[128..159],a[512..543],3,tmp_ld4[branch1][group0][n32][n32_lane3][q0],460,920,ld4_tmp_ld4_branch1_group0_n32,x2_q0_vlane3,tmp_ld3[branch1][q0][group0][n32_lane3][n32],395,790,ld3_tmp_ld3_branch1_q0_group0,x2_vlane3,LD4_layout_is_recommended_for_four_quartic_lanes;LD3_layout_is_alternative_per_quartic_lane
461,1,0,2,3,3,1,B,4,35,141,525,141,525,-1033,2735,low_plus_high_minus_zeta_high,twist_branch1,35,1674,2599,top_split_then_twist_then_store_dft3_input,a[128..159],a[512..543],3,tmp_ld4[branch1][group0][n32][n32_lane3][q1],461,922,ld4_tmp_ld4_branch1_group0_n32,x2_q1_vlane3,tmp_ld3[branch1][q1][group0][n32_lane3][n32],491,982,ld3_tmp_ld3_branch1_q1_group0,x2_vlane3,LD4_layout_is_recommended_for_four_quartic_lanes;LD3_layout_is_alternative_per_quartic_lane
462,1,0,2,3,3,2,B,4,35,142,526,142,526,-1033,2735,low_plus_high_minus_zeta_high,twist_branch1,35,1674,2599,top_split_then_twist_then_store_dft3_input,a[128..159],a[512..543],3,tmp_ld4[branch1][group0][n32][n32_lane3][q2],462,924,ld4_tmp_ld4_branch1_group0_n32,x2_q2_vlane3,tmp_ld3[branch1][q2][group0][n32_lane3][n32],587,1174,ld3_tmp_ld3_branch1_q2_group0,x2_vlane3,LD4_layout_is_recommended_for_four_quartic_lanes;LD3_layout_is_alternative_per_quartic_lane
463,1,0,2,3,3,3,B,4,35,143,527,143,527,-1033,2735,low_plus_high_minus_zeta_high,twist_branch1,35,1674,2599,top_split_then_twist_then_store_dft3_input,a[128..159],a[512..543],3,tmp_ld4[branch1][group0][n32][n32_lane3][q3],463,926,ld4_tmp_ld4_branch1_group0_n32,x2_q3_vlane3,tmp_ld3[branch1][q3][group0][n32_lane3][n32],683,1366,ld3_tmp_ld3_branch1_q3_group0,x2_vlane3,LD4_layout_is_recommended_for_four_quartic_lanes;LD3_layout_is_alternative_per_quartic_lane
464,1,0,2,4,4,0,C,8,68,272,656,272,656,-1033,2735,low_plus_high_minus_zeta_high,twist_branch1,68,-655,757,top_split_then_twist_then_store_dft3_input,a[256..287],a[640..671],4,tmp_ld4[branch1][group0][n32][n32_lane4][q0],464,928,ld4_tmp_ld4_branch1_group0_n32,x2_q0_vlane4,tmp_ld3[branch1][q0][group0][n32_lane4][n32],398,796,ld3_tmp_ld3_branch1_q0_group0,x2_vlane4,LD4_layout_is_recommended_for_four_quartic_lanes;LD3_layout_is_alternative_per_quartic_lane
465,1,0,2,4,4,1,C,8,68,273,657,273,657,-1033,2735,low_plus_high_minus_zeta_high,twist_branch1,68,-655,757,top_split_then_twist_then_store_dft3_input,a[256..287],a[640..671],4,tmp_ld4[branch1][group0][n32][n32_lane4][q1],465,930,ld4_tmp_ld4_branch1_group0_n32,x2_q1_vlane4,tmp_ld3[branch1][q1][group0][n32_lane4][n32],494,988,ld3_tmp_ld3_branch1_q1_group0,x2_vlane4,LD4_layout_is_recommended_for_four_quartic_lanes;LD3_layout_is_alternative_per_quartic_lane
466,1,0,2,4,4,2,C,8,68,274,658,274,658,-1033,2735,low_plus_high_minus_zeta_high,twist_branch1,68,-655,757,top_split_then_twist_then_store_dft3_input,a[256..287],a[640..671],4,tmp_ld4[branch1][group0][n32][n32_lane4][q2],466,932,ld4_tmp_ld4_branch1_group0_n32,x2_q2_vlane4,tmp_ld3[branch1][q2][group0][n32_lane4][n32],590,1180,ld3_tmp_ld3_branch1_q2_group0,x2_vlane4,LD4_layout_is_recommended_for_four_quartic_lanes;LD3_layout_is_alternative_per_quartic_lane
467,1,0,2,4,4,3,C,8,68,275,659,275,659,-1033,2735,low_plus_high_minus_zeta_high,twist_branch1,68,-655,757,top_split_then_twist_then_store_dft3_input,a[256..287],a[640..671],4,tmp_ld4[branch1][group0][n32][n32_lane4][q3],467,934,ld4_tmp_ld4_branch1_group0_n32,x2_q3_vlane4,tmp_ld3[branch1][q3][group0][n32_lane4][n32],686,1372,ld3_tmp_ld3_branch1_q3_group0,x2_vlane4,LD4_layout_is_recommended_for_four_quartic_lanes;LD3_layout_is_alternative_per_quartic_lane
468,1,0,2,5,5,0,A,0,5,20,404,20,404,-1033,2735,low_plus_high_minus_zeta_high,twist_branch1,5,1209,1685,top_split_then_twist_then_store_dft3_input,a[0..31],a[384..415],5,tmp_ld4[branch1][group0][n32][n32_lane5][q0],468,936,ld4_tmp_ld4_branch1_group0_n32,x2_q0_vlane5,tmp_ld3[branch1][q0][group0][n32_lane5][n32],401,802,ld3_tmp_ld3_branch1_q0_group0,x2_vlane5,LD4_layout_is_recommended_for_four_quartic_lanes;LD3_layout_is_alternative_per_quartic_lane
469,1,0,2,5,5,1,A,0,5,21,405,21,405,-1033,2735,low_plus_high_minus_zeta_high,twist_branch1,5,1209,1685,top_split_then_twist_then_store_dft3_input,a[0..31],a[384..415],5,tmp_ld4[branch1][group0][n32][n32_lane5][q1],469,938,ld4_tmp_ld4_branch1_group0_n32,x2_q1_vlane5,tmp_ld3[branch1][q1][group0][n32_lane5][n32],497,994,ld3_tmp_ld3_branch1_q1_group0,x2_vlane5,LD4_layout_is_recommended_for_four_quartic_lanes;LD3_layout_is_alternative_per_quartic_lane
470,1,0,2,5,5,2,A,0,5,22,406,22,406,-1033,2735,low_plus_high_minus_zeta_high,twist_branch1,5,1209,1685,top_split_then_twist_then_store_dft3_input,a[0..31],a[384..415],5,tmp_ld4[branch1][group0][n32][n32_lane5][q2],470,940,ld4_tmp_ld4_branch1_group0_n32,x2_q2_vlane5,tmp_ld3[branch1][q2][group0][n32_lane5][n32],593,1186,ld3_tmp_ld3_branch1_q2_group0,x2_vlane5,LD4_layout_is_recommended_for_four_quartic_lanes;LD3_layout_is_alternative_per_quartic_lane
471,1,0,2,5,5,3,A,0,5,23,407,23,407,-1033,2735,low_plus_high_minus_zeta_high,twist_branch1,5,1209,1685,top_split_then_twist_then_store_dft3_input,a[0..31],a[384..415],5,tmp_ld4[branch1][group0][n32][n32_lane5][q3],471,942,ld4_tmp_ld4_branch1_group0_n32,x2_q3_vlane5,tmp_ld3[branch1][q3][group0][n32_lane5][n32],689,1378,ld3_tmp_ld3_branch1_q3_group0,x2_vlane5,LD4_layout_is_recommended_for_four_quartic_lanes;LD3_layout_is_alternative_per_quartic_lane
472,1,0,2,6,6,0,B,4,38,152,536,152,536,-1033,2735,low_plus_high_minus_zeta_high,twist_branch1,38,-281,1507,top_split_then_twist_then_store_dft3_input,a[128..159],a[512..543],6,tmp_ld4[branch1][group0][n32][n32_lane6][q0],472,944,ld4_tmp_ld4_branch1_group0_n32,x2_q0_vlane6,tmp_ld3[branch1][q0][group0][n32_lane6][n32],404,808,ld3_tmp_ld3_branch1_q0_group0,x2_vlane6,LD4_layout_is_recommended_for_four_quartic_lanes;LD3_layout_is_alternative_per_quartic_lane
473,1,0,2,6,6,1,B,4,38,153,537,153,537,-1033,2735,low_plus_high_minus_zeta_high,twist_branch1,38,-281,1507,top_split_then_twist_then_store_dft3_input,a[128..159],a[512..543],6,tmp_ld4[branch1][group0][n32][n32_lane6][q1],473,946,ld4_tmp_ld4_branch1_group0_n32,x2_q1_vlane6,tmp_ld3[branch1][q1][group0][n32_lane6][n32],500,1000,ld3_tmp_ld3_branch1_q1_group0,x2_vlane6,LD4_layout_is_recommended_for_four_quartic_lanes;LD3_layout_is_alternative_per_quartic_lane
474,1,0,2,6,6,2,B,4,38,154,538,154,538,-1033,2735,low_plus_high_minus_zeta_high,twist_branch1,38,-281,1507,top_split_then_twist_then_store_dft3_input,a[128..159],a[512..543],6,tmp_ld4[branch1][group0][n32][n32_lane6][q2],474,948,ld4_tmp_ld4_branch1_group0_n32,x2_q2_vlane6,tmp_ld3[branch1][q2][group0][n32_lane6][n32],596,1192,ld3_tmp_ld3_branch1_q2_group0,x2_vlane6,LD4_layout_is_recommended_for_four_quartic_lanes;LD3_layout_is_alternative_per_quartic_lane
475,1,0,2,6,6,3,B,4,38,155,539,155,539,-1033,2735,low_plus_high_minus_zeta_high,twist_branch1,38,-281,1507,top_split_then_twist_then_store_dft3_input,a[128..159],a[512..543],6,tmp_ld4[branch1][group0][n32][n32_lane6][q3],475,950,ld4_tmp_ld4_branch1_group0_n32,x2_q3_vlane6,tmp_ld3[branch1][q3][group0][n32_lane6][n32],692,1384,ld3_tmp_ld3_branch1_q3_group0,x2_vlane6,LD4_layout_is_recommended_for_four_quartic_lanes;LD3_layout_is_alternative_per_quartic_lane
476,1,0,2,7,7,0,C,8,71,284,668,284,668,-1033,2735,low_plus_high_minus_zeta_high,twist_branch1,71,397,2349,top_split_then_twist_then_store_dft3_input,a[256..287],a[640..671],7,tmp_ld4[branch1][group0][n32][n32_lane7][q0],476,952,ld4_tmp_ld4_branch1_group0_n32,x2_q0_vlane7,tmp_ld3[branch1][q0][group0][n32_lane7][n32],407,814,ld3_tmp_ld3_branch1_q0_group0,x2_vlane7,LD4_layout_is_recommended_for_four_quartic_lanes;LD3_layout_is_alternative_per_quartic_lane
477,1,0,2,7,7,1,C,8,71,285,669,285,669,-1033,2735,low_plus_high_minus_zeta_high,twist_branch1,71,397,2349,top_split_then_twist_then_store_dft3_input,a[256..287],a[640..671],7,tmp_ld4[branch1][group0][n32][n32_lane7][q1],477,954,ld4_tmp_ld4_branch1_group0_n32,x2_q1_vlane7,tmp_ld3[branch1][q1][group0][n32_lane7][n32],503,1006,ld3_tmp_ld3_branch1_q1_group0,x2_vlane7,LD4_layout_is_recommended_for_four_quartic_lanes;LD3_layout_is_alternative_per_quartic_lane
478,1,0,2,7,7,2,C,8,71,286,670,286,670,-1033,2735,low_plus_high_minus_zeta_high,twist_branch1,71,397,2349,top_split_then_twist_then_store_dft3_input,a[256..287],a[640..671],7,tmp_ld4[branch1][group0][n32][n32_lane7][q2],478,956,ld4_tmp_ld4_branch1_group0_n32,x2_q2_vlane7,tmp_ld3[branch1][q2][group0][n32_lane7][n32],599,1198,ld3_tmp_ld3_branch1_q2_group0,x2_vlane7,LD4_layout_is_recommended_for_four_quartic_lanes;LD3_layout_is_alternative_per_quartic_lane
479,1,0,2,7,7,3,C,8,71,287,671,287,671,-1033,2735,low_plus_high_minus_zeta_high,twist_branch1,71,397,2349,top_split_then_twist_then_store_dft3_input,a[256..287],a[640..671],7,tmp_ld4[branch1][group0][n32][n32_lane7][q3],479,958,ld4_tmp_ld4_branch1_group0_n32,x2_q3_vlane7,tmp_ld3[branch1][q3][group0][n32_lane7][n32],695,1390,ld3_tmp_ld3_branch1_q3_group0,x2_vlane7,LD4_layout_is_recommended_for_four_quartic_lanes;LD3_layout_is_alternative_per_quartic_lane
480,1,1,0,8,0,0,C,9,72,288,672,288,672,-1033,2735,low_plus_high_minus_zeta_high,twist_branch1,72,1118,1521,top_split_then_twist_then_store_dft3_input,a[288..319],a[672..703],0,tmp_ld4[branch1][group1][n30][n32_lane0][q0],480,960,ld4_tmp_ld4_branch1_group1_n30,x0_q0_vlane0,tmp_ld3[branch1][q0][group1][n32_lane0][n30],408,816,ld3_tmp_ld3_branch1_q0_group1,x0_vlane0,LD4_layout_is_recommended_for_four_quartic_lanes;LD3_layout_is_alternative_per_quartic_lane
481,1,1,0,8,0,1,C,9,72,289,673,289,673,-1033,2735,low_plus_high_minus_zeta_high,twist_branch1,72,1118,1521,top_split_then_twist_then_store_dft3_input,a[288..319],a[672..703],0,tmp_ld4[branch1][group1][n30][n32_lane0][q1],481,962,ld4_tmp_ld4_branch1_group1_n30,x0_q1_vlane0,tmp_ld3[branch1][q1][group1][n32_lane0][n30],504,1008,ld3_tmp_ld3_branch1_q1_group1,x0_vlane0,LD4_layout_is_recommended_for_four_quartic_lanes;LD3_layout_is_alternative_per_quartic_lane
482,1,1,0,8,0,2,C,9,72,290,674,290,674,-1033,2735,low_plus_high_minus_zeta_high,twist_branch1,72,1118,1521,top_split_then_twist_then_store_dft3_input,a[288..319],a[672..703],0,tmp_ld4[branch1][group1][n30][n32_lane0][q2],482,964,ld4_tmp_ld4_branch1_group1_n30,x0_q2_vlane0,tmp_ld3[branch1][q2][group1][n32_lane0][n30],600,1200,ld3_tmp_ld3_branch1_q2_group1,x0_vlane0,LD4_layout_is_recommended_for_four_quartic_lanes;LD3_layout_is_alternative_per_quartic_lane
483,1,1,0,8,0,3,C,9,72,291,675,291,675,-1033,2735,low_plus_high_minus_zeta_high,twist_branch1,72,1118,1521,top_split_then_twist_then_store_dft3_input,a[288..319],a[672..703],0,tmp_ld4[branch1][group1][n30][n32_lane0][q3],483,966,ld4_tmp_ld4_branch1_group1_n30,x0_q3_vlane0,tmp_ld3[branch1][q3][group1][n32_lane0][n30],696,1392,ld3_tmp_ld3_branch1_q3_group1,x0_vlane0,LD4_layout_is_recommended_for_four_quartic_lanes;LD3_layout_is_alternative_per_quartic_lane
484,1,1,0,9,1,0,A,1,9,36,420,36,420,-1033,2735,low_plus_high_minus_zeta_high,twist_branch1,9,1082,1874,top_split_then_twist_then_store_dft3_input,a[32..63],a[416..447],1,tmp_ld4[branch1][group1][n30][n32_lane1][q0],484,968,ld4_tmp_ld4_branch1_group1_n30,x0_q0_vlane1,tmp_ld3[branch1][q0][group1][n32_lane1][n30],411,822,ld3_tmp_ld3_branch1_q0_group1,x0_vlane1,LD4_layout_is_recommended_for_four_quartic_lanes;LD3_layout_is_alternative_per_quartic_lane
485,1,1,0,9,1,1,A,1,9,37,421,37,421,-1033,2735,low_plus_high_minus_zeta_high,twist_branch1,9,1082,1874,top_split_then_twist_then_store_dft3_input,a[32..63],a[416..447],1,tmp_ld4[branch1][group1][n30][n32_lane1][q1],485,970,ld4_tmp_ld4_branch1_group1_n30,x0_q1_vlane1,tmp_ld3[branch1][q1][group1][n32_lane1][n30],507,1014,ld3_tmp_ld3_branch1_q1_group1,x0_vlane1,LD4_layout_is_recommended_for_four_quartic_lanes;LD3_layout_is_alternative_per_quartic_lane
486,1,1,0,9,1,2,A,1,9,38,422,38,422,-1033,2735,low_plus_high_minus_zeta_high,twist_branch1,9,1082,1874,top_split_then_twist_then_store_dft3_input,a[32..63],a[416..447],1,tmp_ld4[branch1][group1][n30][n32_lane1][q2],486,972,ld4_tmp_ld4_branch1_group1_n30,x0_q2_vlane1,tmp_ld3[branch1][q2][group1][n32_lane1][n30],603,1206,ld3_tmp_ld3_branch1_q2_group1,x0_vlane1,LD4_layout_is_recommended_for_four_quartic_lanes;LD3_layout_is_alternative_per_quartic_lane
487,1,1,0,9,1,3,A,1,9,39,423,39,423,-1033,2735,low_plus_high_minus_zeta_high,twist_branch1,9,1082,1874,top_split_then_twist_then_store_dft3_input,a[32..63],a[416..447],1,tmp_ld4[branch1][group1][n30][n32_lane1][q3],487,974,ld4_tmp_ld4_branch1_group1_n30,x0_q3_vlane1,tmp_ld3[branch1][q3][group1][n32_lane1][n30],699,1398,ld3_tmp_ld3_branch1_q3_group1,x0_vlane1,LD4_layout_is_recommended_for_four_quartic_lanes;LD3_layout_is_alternative_per_quartic_lane
488,1,1,0,10,2,0,B,5,42,168,552,168,552,-1033,2735,low_plus_high_minus_zeta_high,twist_branch1,42,-729,2827,top_split_then_twist_then_store_dft3_input,a[160..191],a[544..575],2,tmp_ld4[branch1][group1][n30][n32_lane2][q0],488,976,ld4_tmp_ld4_branch1_group1_n30,x0_q0_vlane2,tmp_ld3[branch1][q0][group1][n32_lane2][n30],414,828,ld3_tmp_ld3_branch1_q0_group1,x0_vlane2,LD4_layout_is_recommended_for_four_quartic_lanes;LD3_layout_is_alternative_per_quartic_lane
489,1,1,0,10,2,1,B,5,42,169,553,169,553,-1033,2735,low_plus_high_minus_zeta_high,twist_branch1,42,-729,2827,top_split_then_twist_then_store_dft3_input,a[160..191],a[544..575],2,tmp_ld4[branch1][group1][n30][n32_lane2][q1],489,978,ld4_tmp_ld4_branch1_group1_n30,x0_q1_vlane2,tmp_ld3[branch1][q1][group1][n32_lane2][n30],510,1020,ld3_tmp_ld3_branch1_q1_group1,x0_vlane2,LD4_layout_is_recommended_for_four_quartic_lanes;LD3_layout_is_alternative_per_quartic_lane
490,1,1,0,10,2,2,B,5,42,170,554,170,554,-1033,2735,low_plus_high_minus_zeta_high,twist_branch1,42,-729,2827,top_split_then_twist_then_store_dft3_input,a[160..191],a[544..575],2,tmp_ld4[branch1][group1][n30][n32_lane2][q2],490,980,ld4_tmp_ld4_branch1_group1_n30,x0_q2_vlane2,tmp_ld3[branch1][q2][group1][n32_lane2][n30],606,1212,ld3_tmp_ld3_branch1_q2_group1,x0_vlane2,LD4_layout_is_recommended_for_four_quartic_lanes;LD3_layout_is_alternative_per_quartic_lane
491,1,1,0,10,2,3,B,5,42,171,555,171,555,-1033,2735,low_plus_high_minus_zeta_high,twist_branch1,42,-729,2827,top_split_then_twist_then_store_dft3_input,a[160..191],a[544..575],2,tmp_ld4[branch1][group1][n30][n32_lane2][q3],491,982,ld4_tmp_ld4_branch1_group1_n30,x0_q3_vlane2,tmp_ld3[branch1][q3][group1][n32_lane2][n30],702,1404,ld3_tmp_ld3_branch1_q3_group1,x0_vlane2,LD4_layout_is_recommended_for_four_quartic_lanes;LD3_layout_is_alternative_per_quartic_lane
492,1,1,0,11,3,0,C,9,75,300,684,300,684,-1033,2735,low_plus_high_minus_zeta_high,twist_branch1,75,341,2514,top_split_then_twist_then_store_dft3_input,a[288..319],a[672..703],3,tmp_ld4[branch1][group1][n30][n32_lane3][q0],492,984,ld4_tmp_ld4_branch1_group1_n30,x0_q0_vlane3,tmp_ld3[branch1][q0][group1][n32_lane3][n30],417,834,ld3_tmp_ld3_branch1_q0_group1,x0_vlane3,LD4_layout_is_recommended_for_four_quartic_lanes;LD3_layout_is_alternative_per_quartic_lane
493,1,1,0,11,3,1,C,9,75,301,685,301,685,-1033,2735,low_plus_high_minus_zeta_high,twist_branch1,75,341,2514,top_split_then_twist_then_store_dft3_input,a[288..319],a[672..703],3,tmp_ld4[branch1][group1][n30][n32_lane3][q1],493,986,ld4_tmp_ld4_branch1_group1_n30,x0_q1_vlane3,tmp_ld3[branch1][q1][group1][n32_lane3][n30],513,1026,ld3_tmp_ld3_branch1_q1_group1,x0_vlane3,LD4_layout_is_recommended_for_four_quartic_lanes;LD3_layout_is_alternative_per_quartic_lane
494,1,1,0,11,3,2,C,9,75,302,686,302,686,-1033,2735,low_plus_high_minus_zeta_high,twist_branch1,75,341,2514,top_split_then_twist_then_store_dft3_input,a[288..319],a[672..703],3,tmp_ld4[branch1][group1][n30][n32_lane3][q2],494,988,ld4_tmp_ld4_branch1_group1_n30,x0_q2_vlane3,tmp_ld3[branch1][q2][group1][n32_lane3][n30],609,1218,ld3_tmp_ld3_branch1_q2_group1,x0_vlane3,LD4_layout_is_recommended_for_four_quartic_lanes;LD3_layout_is_alternative_per_quartic_lane
495,1,1,0,11,3,3,C,9,75,303,687,303,687,-1033,2735,low_plus_high_minus_zeta_high,twist_branch1,75,341,2514,top_split_then_twist_then_store_dft3_input,a[288..319],a[672..703],3,tmp_ld4[branch1][group1][n30][n32_lane3][q3],495,990,ld4_tmp_ld4_branch1_group1_n30,x0_q3_vlane3,tmp_ld3[branch1][q3][group1][n32_lane3][n30],705,1410,ld3_tmp_ld3_branch1_q3_group1,x0_vlane3,LD4_layout_is_recommended_for_four_quartic_lanes;LD3_layout_is_alternative_per_quartic_lane
496,1,1,0,12,4,0,A,1,12,48,432,48,432,-1033,2735,low_plus_high_minus_zeta_high,twist_branch1,12,1202,3002,top_split_then_twist_then_store_dft3_input,a[32..63],a[416..447],4,tmp_ld4[branch1][group1][n30][n32_lane4][q0],496,992,ld4_tmp_ld4_branch1_group1_n30,x0_q0_vlane4,tmp_ld3[branch1][q0][group1][n32_lane4][n30],420,840,ld3_tmp_ld3_branch1_q0_group1,x0_vlane4,LD4_layout_is_recommended_for_four_quartic_lanes;LD3_layout_is_alternative_per_quartic_lane
497,1,1,0,12,4,1,A,1,12,49,433,49,433,-1033,2735,low_plus_high_minus_zeta_high,twist_branch1,12,1202,3002,top_split_then_twist_then_store_dft3_input,a[32..63],a[416..447],4,tmp_ld4[branch1][group1][n30][n32_lane4][q1],497,994,ld4_tmp_ld4_branch1_group1_n30,x0_q1_vlane4,tmp_ld3[branch1][q1][group1][n32_lane4][n30],516,1032,ld3_tmp_ld3_branch1_q1_group1,x0_vlane4,LD4_layout_is_recommended_for_four_quartic_lanes;LD3_layout_is_alternative_per_quartic_lane
498,1,1,0,12,4,2,A,1,12,50,434,50,434,-1033,2735,low_plus_high_minus_zeta_high,twist_branch1,12,1202,3002,top_split_then_twist_then_store_dft3_input,a[32..63],a[416..447],4,tmp_ld4[branch1][group1][n30][n32_lane4][q2],498,996,ld4_tmp_ld4_branch1_group1_n30,x0_q2_vlane4,tmp_ld3[branch1][q2][group1][n32_lane4][n30],612,1224,ld3_tmp_ld3_branch1_q2_group1,x0_vlane4,LD4_layout_is_recommended_for_four_quartic_lanes;LD3_layout_is_alternative_per_quartic_lane
499,1,1,0,12,4,3,A,1,12,51,435,51,435,-1033,2735,low_plus_high_minus_zeta_high,twist_branch1,12,1202,3002,top_split_then_twist_then_store_dft3_input,a[32..63],a[416..447],4,tmp_ld4[branch1][group1][n30][n32_lane4][q3],499,998,ld4_tmp_ld4_branch1_group1_n30,x0_q3_vlane4,tmp_ld3[branch1][q3][group1][n32_lane4][n30],708,1416,ld3_tmp_ld3_branch1_q3_group1,x0_vlane4,LD4_layout_is_recommended_for_four_quartic_lanes;LD3_layout_is_alternative_per_quartic_lane
500,1,1,0,13,5,0,B,5,45,180,564,180,564,-1033,2735,low_plus_high_minus_zeta_high,twist_branch1,45,-714,2968,top_split_then_twist_then_store_dft3_input,a[160..191],a[544..575],5,tmp_ld4[branch1][group1][n30][n32_lane5][q0],500,1000,ld4_tmp_ld4_branch1_group1_n30,x0_q0_vlane5,tmp_ld3[branch1][q0][group1][n32_lane5][n30],423,846,ld3_tmp_ld3_branch1_q0_group1,x0_vlane5,LD4_layout_is_recommended_for_four_quartic_lanes;LD3_layout_is_alternative_per_quartic_lane
501,1,1,0,13,5,1,B,5,45,181,565,181,565,-1033,2735,low_plus_high_minus_zeta_high,twist_branch1,45,-714,2968,top_split_then_twist_then_store_dft3_input,a[160..191],a[544..575],5,tmp_ld4[branch1][group1][n30][n32_lane5][q1],501,1002,ld4_tmp_ld4_branch1_group1_n30,x0_q1_vlane5,tmp_ld3[branch1][q1][group1][n32_lane5][n30],519,1038,ld3_tmp_ld3_branch1_q1_group1,x0_vlane5,LD4_layout_is_recommended_for_four_quartic_lanes;LD3_layout_is_alternative_per_quartic_lane
502,1,1,0,13,5,2,B,5,45,182,566,182,566,-1033,2735,low_plus_high_minus_zeta_high,twist_branch1,45,-714,2968,top_split_then_twist_then_store_dft3_input,a[160..191],a[544..575],5,tmp_ld4[branch1][group1][n30][n32_lane5][q2],502,1004,ld4_tmp_ld4_branch1_group1_n30,x0_q2_vlane5,tmp_ld3[branch1][q2][group1][n32_lane5][n30],615,1230,ld3_tmp_ld3_branch1_q2_group1,x0_vlane5,LD4_layout_is_recommended_for_four_quartic_lanes;LD3_layout_is_alternative_per_quartic_lane
503,1,1,0,13,5,3,B,5,45,183,567,183,567,-1033,2735,low_plus_high_minus_zeta_high,twist_branch1,45,-714,2968,top_split_then_twist_then_store_dft3_input,a[160..191],a[544..575],5,tmp_ld4[branch1][group1][n30][n32_lane5][q3],503,1006,ld4_tmp_ld4_branch1_group1_n30,x0_q3_vlane5,tmp_ld3[branch1][q3][group1][n32_lane5][n30],711,1422,ld3_tmp_ld3_branch1_q3_group1,x0_vlane5,LD4_layout_is_recommended_for_four_quartic_lanes;LD3_layout_is_alternative_per_quartic_lane
504,1,1,0,14,6,0,C,9,78,312,696,312,696,-1033,2735,low_plus_high_minus_zeta_high,twist_branch1,78,775,371,top_split_then_twist_then_store_dft3_input,a[288..319],a[672..703],6,tmp_ld4[branch1][group1][n30][n32_lane6][q0],504,1008,ld4_tmp_ld4_branch1_group1_n30,x0_q0_vlane6,tmp_ld3[branch1][q0][group1][n32_lane6][n30],426,852,ld3_tmp_ld3_branch1_q0_group1,x0_vlane6,LD4_layout_is_recommended_for_four_quartic_lanes;LD3_layout_is_alternative_per_quartic_lane
505,1,1,0,14,6,1,C,9,78,313,697,313,697,-1033,2735,low_plus_high_minus_zeta_high,twist_branch1,78,775,371,top_split_then_twist_then_store_dft3_input,a[288..319],a[672..703],6,tmp_ld4[branch1][group1][n30][n32_lane6][q1],505,1010,ld4_tmp_ld4_branch1_group1_n30,x0_q1_vlane6,tmp_ld3[branch1][q1][group1][n32_lane6][n30],522,1044,ld3_tmp_ld3_branch1_q1_group1,x0_vlane6,LD4_layout_is_recommended_for_four_quartic_lanes;LD3_layout_is_alternative_per_quartic_lane
506,1,1,0,14,6,2,C,9,78,314,698,314,698,-1033,2735,low_plus_high_minus_zeta_high,twist_branch1,78,775,371,top_split_then_twist_then_store_dft3_input,a[288..319],a[672..703],6,tmp_ld4[branch1][group1][n30][n32_lane6][q2],506,1012,ld4_tmp_ld4_branch1_group1_n30,x0_q2_vlane6,tmp_ld3[branch1][q2][group1][n32_lane6][n30],618,1236,ld3_tmp_ld3_branch1_q2_group1,x0_vlane6,LD4_layout_is_recommended_for_four_quartic_lanes;LD3_layout_is_alternative_per_quartic_lane
507,1,1,0,14,6,3,C,9,78,315,699,315,699,-1033,2735,low_plus_high_minus_zeta_high,twist_branch1,78,775,371,top_split_then_twist_then_store_dft3_input,a[288..319],a[672..703],6,tmp_ld4[branch1][group1][n30][n32_lane6][q3],507,1014,ld4_tmp_ld4_branch1_group1_n30,x0_q3_vlane6,tmp_ld3[branch1][q3][group1][n32_lane6][n30],714,1428,ld3_tmp_ld3_branch1_q3_group1,x0_vlane6,LD4_layout_is_recommended_for_four_quartic_lanes;LD3_layout_is_alternative_per_quartic_lane
508,1,1,0,15,7,0,A,1,15,60,444,60,444,-1033,2735,low_plus_high_minus_zeta_high,twist_branch1,15,-1668,223,top_split_then_twist_then_store_dft3_input,a[32..63],a[416..447],7,tmp_ld4[branch1][group1][n30][n32_lane7][q0],508,1016,ld4_tmp_ld4_branch1_group1_n30,x0_q0_vlane7,tmp_ld3[branch1][q0][group1][n32_lane7][n30],429,858,ld3_tmp_ld3_branch1_q0_group1,x0_vlane7,LD4_layout_is_recommended_for_four_quartic_lanes;LD3_layout_is_alternative_per_quartic_lane
509,1,1,0,15,7,1,A,1,15,61,445,61,445,-1033,2735,low_plus_high_minus_zeta_high,twist_branch1,15,-1668,223,top_split_then_twist_then_store_dft3_input,a[32..63],a[416..447],7,tmp_ld4[branch1][group1][n30][n32_lane7][q1],509,1018,ld4_tmp_ld4_branch1_group1_n30,x0_q1_vlane7,tmp_ld3[branch1][q1][group1][n32_lane7][n30],525,1050,ld3_tmp_ld3_branch1_q1_group1,x0_vlane7,LD4_layout_is_recommended_for_four_quartic_lanes;LD3_layout_is_alternative_per_quartic_lane
510,1,1,0,15,7,2,A,1,15,62,446,62,446,-1033,2735,low_plus_high_minus_zeta_high,twist_branch1,15,-1668,223,top_split_then_twist_then_store_dft3_input,a[32..63],a[416..447],7,tmp_ld4[branch1][group1][n30][n32_lane7][q2],510,1020,ld4_tmp_ld4_branch1_group1_n30,x0_q2_vlane7,tmp_ld3[branch1][q2][group1][n32_lane7][n30],621,1242,ld3_tmp_ld3_branch1_q2_group1,x0_vlane7,LD4_layout_is_recommended_for_four_quartic_lanes;LD3_layout_is_alternative_per_quartic_lane
511,1,1,0,15,7,3,A,1,15,63,447,63,447,-1033,2735,low_plus_high_minus_zeta_high,twist_branch1,15,-1668,223,top_split_then_twist_then_store_dft3_input,a[32..63],a[416..447],7,tmp_ld4[branch1][group1][n30][n32_lane7][q3],511,1022,ld4_tmp_ld4_branch1_group1_n30,x0_q3_vlane7,tmp_ld3[branch1][q3][group1][n32_lane7][n30],717,1434,ld3_tmp_ld3_branch1_q3_group1,x0_vlane7,LD4_layout_is_recommended_for_four_quartic_lanes;LD3_layout_is_alternative_per_quartic_lane
512,1,1,1,8,0,0,B,5,40,160,544,160,544,-1033,2735,low_plus_high_minus_zeta_high,twist_branch1,40,-222,2753,top_split_then_twist_then_store_dft3_input,a[160..191],a[544..575],0,tmp_ld4[branch1][group1][n31][n32_lane0][q0],512,1024,ld4_tmp_ld4_branch1_group1_n31,x1_q0_vlane0,tmp_ld3[branch1][q0][group1][n32_lane0][n31],409,818,ld3_tmp_ld3_branch1_q0_group1,x1_vlane0,LD4_layout_is_recommended_for_four_quartic_lanes;LD3_layout_is_alternative_per_quartic_lane
513,1,1,1,8,0,1,B,5,40,161,545,161,545,-1033,2735,low_plus_high_minus_zeta_high,twist_branch1,40,-222,2753,top_split_then_twist_then_store_dft3_input,a[160..191],a[544..575],0,tmp_ld4[branch1][group1][n31][n32_lane0][q1],513,1026,ld4_tmp_ld4_branch1_group1_n31,x1_q1_vlane0,tmp_ld3[branch1][q1][group1][n32_lane0][n31],505,1010,ld3_tmp_ld3_branch1_q1_group1,x1_vlane0,LD4_layout_is_recommended_for_four_quartic_lanes;LD3_layout_is_alternative_per_quartic_lane
514,1,1,1,8,0,2,B,5,40,162,546,162,546,-1033,2735,low_plus_high_minus_zeta_high,twist_branch1,40,-222,2753,top_split_then_twist_then_store_dft3_input,a[160..191],a[544..575],0,tmp_ld4[branch1][group1][n31][n32_lane0][q2],514,1028,ld4_tmp_ld4_branch1_group1_n31,x1_q2_vlane0,tmp_ld3[branch1][q2][group1][n32_lane0][n31],601,1202,ld3_tmp_ld3_branch1_q2_group1,x1_vlane0,LD4_layout_is_recommended_for_four_quartic_lanes;LD3_layout_is_alternative_per_quartic_lane
515,1,1,1,8,0,3,B,5,40,163,547,163,547,-1033,2735,low_plus_high_minus_zeta_high,twist_branch1,40,-222,2753,top_split_then_twist_then_store_dft3_input,a[160..191],a[544..575],0,tmp_ld4[branch1][group1][n31][n32_lane0][q3],515,1030,ld4_tmp_ld4_branch1_group1_n31,x1_q3_vlane0,tmp_ld3[branch1][q3][group1][n32_lane0][n31],697,1394,ld3_tmp_ld3_branch1_q3_group1,x1_vlane0,LD4_layout_is_recommended_for_four_quartic_lanes;LD3_layout_is_alternative_per_quartic_lane
516,1,1,1,9,1,0,C,9,73,292,676,292,676,-1033,2735,low_plus_high_minus_zeta_high,twist_branch1,73,-892,3369,top_split_then_twist_then_store_dft3_input,a[288..319],a[672..703],1,tmp_ld4[branch1][group1][n31][n32_lane1][q0],516,1032,ld4_tmp_ld4_branch1_group1_n31,x1_q0_vlane1,tmp_ld3[branch1][q0][group1][n32_lane1][n31],412,824,ld3_tmp_ld3_branch1_q0_group1,x1_vlane1,LD4_layout_is_recommended_for_four_quartic_lanes;LD3_layout_is_alternative_per_quartic_lane
517,1,1,1,9,1,1,C,9,73,293,677,293,677,-1033,2735,low_plus_high_minus_zeta_high,twist_branch1,73,-892,3369,top_split_then_twist_then_store_dft3_input,a[288..319],a[672..703],1,tmp_ld4[branch1][group1][n31][n32_lane1][q1],517,1034,ld4_tmp_ld4_branch1_group1_n31,x1_q1_vlane1,tmp_ld3[branch1][q1][group1][n32_lane1][n31],508,1016,ld3_tmp_ld3_branch1_q1_group1,x1_vlane1,LD4_layout_is_recommended_for_four_quartic_lanes;LD3_layout_is_alternative_per_quartic_lane
518,1,1,1,9,1,2,C,9,73,294,678,294,678,-1033,2735,low_plus_high_minus_zeta_high,twist_branch1,73,-892,3369,top_split_then_twist_then_store_dft3_input,a[288..319],a[672..703],1,tmp_ld4[branch1][group1][n31][n32_lane1][q2],518,1036,ld4_tmp_ld4_branch1_group1_n31,x1_q2_vlane1,tmp_ld3[branch1][q2][group1][n32_lane1][n31],604,1208,ld3_tmp_ld3_branch1_q2_group1,x1_vlane1,LD4_layout_is_recommended_for_four_quartic_lanes;LD3_layout_is_alternative_per_quartic_lane
519,1,1,1,9,1,3,C,9,73,295,679,295,679,-1033,2735,low_plus_high_minus_zeta_high,twist_branch1,73,-892,3369,top_split_then_twist_then_store_dft3_input,a[288..319],a[672..703],1,tmp_ld4[branch1][group1][n31][n32_lane1][q3],519,1038,ld4_tmp_ld4_branch1_group1_n31,x1_q3_vlane1,tmp_ld3[branch1][q3][group1][n32_lane1][n31],700,1400,ld3_tmp_ld3_branch1_q3_group1,x1_vlane1,LD4_layout_is_recommended_for_four_quartic_lanes;LD3_layout_is_alternative_per_quartic_lane
520,1,1,1,10,2,0,A,1,10,40,424,40,424,-1033,2735,low_plus_high_minus_zeta_high,twist_branch1,10,992,1028,top_split_then_twist_then_store_dft3_input,a[32..63],a[416..447],2,tmp_ld4[branch1][group1][n31][n32_lane2][q0],520,1040,ld4_tmp_ld4_branch1_group1_n31,x1_q0_vlane2,tmp_ld3[branch1][q0][group1][n32_lane2][n31],415,830,ld3_tmp_ld3_branch1_q0_group1,x1_vlane2,LD4_layout_is_recommended_for_four_quartic_lanes;LD3_layout_is_alternative_per_quartic_lane
521,1,1,1,10,2,1,A,1,10,41,425,41,425,-1033,2735,low_plus_high_minus_zeta_high,twist_branch1,10,992,1028,top_split_then_twist_then_store_dft3_input,a[32..63],a[416..447],2,tmp_ld4[branch1][group1][n31][n32_lane2][q1],521,1042,ld4_tmp_ld4_branch1_group1_n31,x1_q1_vlane2,tmp_ld3[branch1][q1][group1][n32_lane2][n31],511,1022,ld3_tmp_ld3_branch1_q1_group1,x1_vlane2,LD4_layout_is_recommended_for_four_quartic_lanes;LD3_layout_is_alternative_per_quartic_lane
522,1,1,1,10,2,2,A,1,10,42,426,42,426,-1033,2735,low_plus_high_minus_zeta_high,twist_branch1,10,992,1028,top_split_then_twist_then_store_dft3_input,a[32..63],a[416..447],2,tmp_ld4[branch1][group1][n31][n32_lane2][q2],522,1044,ld4_tmp_ld4_branch1_group1_n31,x1_q2_vlane2,tmp_ld3[branch1][q2][group1][n32_lane2][n31],607,1214,ld3_tmp_ld3_branch1_q2_group1,x1_vlane2,LD4_layout_is_recommended_for_four_quartic_lanes;LD3_layout_is_alternative_per_quartic_lane
523,1,1,1,10,2,3,A,1,10,43,427,43,427,-1033,2735,low_plus_high_minus_zeta_high,twist_branch1,10,992,1028,top_split_then_twist_then_store_dft3_input,a[32..63],a[416..447],2,tmp_ld4[branch1][group1][n31][n32_lane2][q3],523,1046,ld4_tmp_ld4_branch1_group1_n31,x1_q3_vlane2,tmp_ld3[branch1][q3][group1][n32_lane2][n31],703,1406,ld3_tmp_ld3_branch1_q3_group1,x1_vlane2,LD4_layout_is_recommended_for_four_quartic_lanes;LD3_layout_is_alternative_per_quartic_lane
524,1,1,1,11,3,0,B,5,43,172,556,172,556,-1033,2735,low_plus_high_minus_zeta_high,twist_branch1,43,124,1857,top_split_then_twist_then_store_dft3_input,a[160..191],a[544..575],3,tmp_ld4[branch1][group1][n31][n32_lane3][q0],524,1048,ld4_tmp_ld4_branch1_group1_n31,x1_q0_vlane3,tmp_ld3[branch1][q0][group1][n32_lane3][n31],418,836,ld3_tmp_ld3_branch1_q0_group1,x1_vlane3,LD4_layout_is_recommended_for_four_quartic_lanes;LD3_layout_is_alternative_per_quartic_lane
525,1,1,1,11,3,1,B,5,43,173,557,173,557,-1033,2735,low_plus_high_minus_zeta_high,twist_branch1,43,124,1857,top_split_then_twist_then_store_dft3_input,a[160..191],a[544..575],3,tmp_ld4[branch1][group1][n31][n32_lane3][q1],525,1050,ld4_tmp_ld4_branch1_group1_n31,x1_q1_vlane3,tmp_ld3[branch1][q1][group1][n32_lane3][n31],514,1028,ld3_tmp_ld3_branch1_q1_group1,x1_vlane3,LD4_layout_is_recommended_for_four_quartic_lanes;LD3_layout_is_alternative_per_quartic_lane
526,1,1,1,11,3,2,B,5,43,174,558,174,558,-1033,2735,low_plus_high_minus_zeta_high,twist_branch1,43,124,1857,top_split_then_twist_then_store_dft3_input,a[160..191],a[544..575],3,tmp_ld4[branch1][group1][n31][n32_lane3][q2],526,1052,ld4_tmp_ld4_branch1_group1_n31,x1_q2_vlane3,tmp_ld3[branch1][q2][group1][n32_lane3][n31],610,1220,ld3_tmp_ld3_branch1_q2_group1,x1_vlane3,LD4_layout_is_recommended_for_four_quartic_lanes;LD3_layout_is_alternative_per_quartic_lane
527,1,1,1,11,3,3,B,5,43,175,559,175,559,-1033,2735,low_plus_high_minus_zeta_high,twist_branch1,43,124,1857,top_split_then_twist_then_store_dft3_input,a[160..191],a[544..575],3,tmp_ld4[branch1][group1][n31][n32_lane3][q3],527,1054,ld4_tmp_ld4_branch1_group1_n31,x1_q3_vlane3,tmp_ld3[branch1][q3][group1][n32_lane3][n31],706,1412,ld3_tmp_ld3_branch1_q3_group1,x1_vlane3,LD4_layout_is_recommended_for_four_quartic_lanes;LD3_layout_is_alternative_per_quartic_lane
528,1,1,1,12,4,0,C,9,76,304,688,304,688,-1033,2735,low_plus_high_minus_zeta_high,twist_branch1,76,-1713,3257,top_split_then_twist_then_store_dft3_input,a[288..319],a[672..703],4,tmp_ld4[branch1][group1][n31][n32_lane4][q0],528,1056,ld4_tmp_ld4_branch1_group1_n31,x1_q0_vlane4,tmp_ld3[branch1][q0][group1][n32_lane4][n31],421,842,ld3_tmp_ld3_branch1_q0_group1,x1_vlane4,LD4_layout_is_recommended_for_four_quartic_lanes;LD3_layout_is_alternative_per_quartic_lane
529,1,1,1,12,4,1,C,9,76,305,689,305,689,-1033,2735,low_plus_high_minus_zeta_high,twist_branch1,76,-1713,3257,top_split_then_twist_then_store_dft3_input,a[288..319],a[672..703],4,tmp_ld4[branch1][group1][n31][n32_lane4][q1],529,1058,ld4_tmp_ld4_branch1_group1_n31,x1_q1_vlane4,tmp_ld3[branch1][q1][group1][n32_lane4][n31],517,1034,ld3_tmp_ld3_branch1_q1_group1,x1_vlane4,LD4_layout_is_recommended_for_four_quartic_lanes;LD3_layout_is_alternative_per_quartic_lane
530,1,1,1,12,4,2,C,9,76,306,690,306,690,-1033,2735,low_plus_high_minus_zeta_high,twist_branch1,76,-1713,3257,top_split_then_twist_then_store_dft3_input,a[288..319],a[672..703],4,tmp_ld4[branch1][group1][n31][n32_lane4][q2],530,1060,ld4_tmp_ld4_branch1_group1_n31,x1_q2_vlane4,tmp_ld3[branch1][q2][group1][n32_lane4][n31],613,1226,ld3_tmp_ld3_branch1_q2_group1,x1_vlane4,LD4_layout_is_recommended_for_four_quartic_lanes;LD3_layout_is_alternative_per_quartic_lane
531,1,1,1,12,4,3,C,9,76,307,691,307,691,-1033,2735,low_plus_high_minus_zeta_high,twist_branch1,76,-1713,3257,top_split_then_twist_then_store_dft3_input,a[288..319],a[672..703],4,tmp_ld4[branch1][group1][n31][n32_lane4][q3],531,1062,ld4_tmp_ld4_branch1_group1_n31,x1_q3_vlane4,tmp_ld3[branch1][q3][group1][n32_lane4][n31],709,1418,ld3_tmp_ld3_branch1_q3_group1,x1_vlane4,LD4_layout_is_recommended_for_four_quartic_lanes;LD3_layout_is_alternative_per_quartic_lane
532,1,1,1,13,5,0,A,1,13,52,436,52,436,-1033,2735,low_plus_high_minus_zeta_high,twist_branch1,13,1626,765,top_split_then_twist_then_store_dft3_input,a[32..63],a[416..447],5,tmp_ld4[branch1][group1][n31][n32_lane5][q0],532,1064,ld4_tmp_ld4_branch1_group1_n31,x1_q0_vlane5,tmp_ld3[branch1][q0][group1][n32_lane5][n31],424,848,ld3_tmp_ld3_branch1_q0_group1,x1_vlane5,LD4_layout_is_recommended_for_four_quartic_lanes;LD3_layout_is_alternative_per_quartic_lane
533,1,1,1,13,5,1,A,1,13,53,437,53,437,-1033,2735,low_plus_high_minus_zeta_high,twist_branch1,13,1626,765,top_split_then_twist_then_store_dft3_input,a[32..63],a[416..447],5,tmp_ld4[branch1][group1][n31][n32_lane5][q1],533,1066,ld4_tmp_ld4_branch1_group1_n31,x1_q1_vlane5,tmp_ld3[branch1][q1][group1][n32_lane5][n31],520,1040,ld3_tmp_ld3_branch1_q1_group1,x1_vlane5,LD4_layout_is_recommended_for_four_quartic_lanes;LD3_layout_is_alternative_per_quartic_lane
534,1,1,1,13,5,2,A,1,13,54,438,54,438,-1033,2735,low_plus_high_minus_zeta_high,twist_branch1,13,1626,765,top_split_then_twist_then_store_dft3_input,a[32..63],a[416..447],5,tmp_ld4[branch1][group1][n31][n32_lane5][q2],534,1068,ld4_tmp_ld4_branch1_group1_n31,x1_q2_vlane5,tmp_ld3[branch1][q2][group1][n32_lane5][n31],616,1232,ld3_tmp_ld3_branch1_q2_group1,x1_vlane5,LD4_layout_is_recommended_for_four_quartic_lanes;LD3_layout_is_alternative_per_quartic_lane
535,1,1,1,13,5,3,A,1,13,55,439,55,439,-1033,2735,low_plus_high_minus_zeta_high,twist_branch1,13,1626,765,top_split_then_twist_then_store_dft3_input,a[32..63],a[416..447],5,tmp_ld4[branch1][group1][n31][n32_lane5][q3],535,1070,ld4_tmp_ld4_branch1_group1_n31,x1_q3_vlane5,tmp_ld3[branch1][q3][group1][n32_lane5][n31],712,1424,ld3_tmp_ld3_branch1_q3_group1,x1_vlane5,LD4_layout_is_recommended_for_four_quartic_lanes;LD3_layout_is_alternative_per_quartic_lane
536,1,1,1,14,6,0,B,5,46,184,568,184,568,-1033,2735,low_plus_high_minus_zeta_high,twist_branch1,46,-661,1392,top_split_then_twist_then_store_dft3_input,a[160..191],a[544..575],6,tmp_ld4[branch1][group1][n31][n32_lane6][q0],536,1072,ld4_tmp_ld4_branch1_group1_n31,x1_q0_vlane6,tmp_ld3[branch1][q0][group1][n32_lane6][n31],427,854,ld3_tmp_ld3_branch1_q0_group1,x1_vlane6,LD4_layout_is_recommended_for_four_quartic_lanes;LD3_layout_is_alternative_per_quartic_lane
537,1,1,1,14,6,1,B,5,46,185,569,185,569,-1033,2735,low_plus_high_minus_zeta_high,twist_branch1,46,-661,1392,top_split_then_twist_then_store_dft3_input,a[160..191],a[544..575],6,tmp_ld4[branch1][group1][n31][n32_lane6][q1],537,1074,ld4_tmp_ld4_branch1_group1_n31,x1_q1_vlane6,tmp_ld3[branch1][q1][group1][n32_lane6][n31],523,1046,ld3_tmp_ld3_branch1_q1_group1,x1_vlane6,LD4_layout_is_recommended_for_four_quartic_lanes;LD3_layout_is_alternative_per_quartic_lane
538,1,1,1,14,6,2,B,5,46,186,570,186,570,-1033,2735,low_plus_high_minus_zeta_high,twist_branch1,46,-661,1392,top_split_then_twist_then_store_dft3_input,a[160..191],a[544..575],6,tmp_ld4[branch1][group1][n31][n32_lane6][q2],538,1076,ld4_tmp_ld4_branch1_group1_n31,x1_q2_vlane6,tmp_ld3[branch1][q2][group1][n32_lane6][n31],619,1238,ld3_tmp_ld3_branch1_q2_group1,x1_vlane6,LD4_layout_is_recommended_for_four_quartic_lanes;LD3_layout_is_alternative_per_quartic_lane
539,1,1,1,14,6,3,B,5,46,187,571,187,571,-1033,2735,low_plus_high_minus_zeta_high,twist_branch1,46,-661,1392,top_split_then_twist_then_store_dft3_input,a[160..191],a[544..575],6,tmp_ld4[branch1][group1][n31][n32_lane6][q3],539,1078,ld4_tmp_ld4_branch1_group1_n31,x1_q3_vlane6,tmp_ld3[branch1][q3][group1][n32_lane6][n31],715,1430,ld3_tmp_ld3_branch1_q3_group1,x1_vlane6,LD4_layout_is_recommended_for_four_quartic_lanes;LD3_layout_is_alternative_per_quartic_lane
540,1,1,1,15,7,0,C,9,79,316,700,316,700,-1033,2735,low_plus_high_minus_zeta_high,twist_branch1,79,-1379,174,top_split_then_twist_then_store_dft3_input,a[288..319],a[672..703],7,tmp_ld4[branch1][group1][n31][n32_lane7][q0],540,1080,ld4_tmp_ld4_branch1_group1_n31,x1_q0_vlane7,tmp_ld3[branch1][q0][group1][n32_lane7][n31],430,860,ld3_tmp_ld3_branch1_q0_group1,x1_vlane7,LD4_layout_is_recommended_for_four_quartic_lanes;LD3_layout_is_alternative_per_quartic_lane
541,1,1,1,15,7,1,C,9,79,317,701,317,701,-1033,2735,low_plus_high_minus_zeta_high,twist_branch1,79,-1379,174,top_split_then_twist_then_store_dft3_input,a[288..319],a[672..703],7,tmp_ld4[branch1][group1][n31][n32_lane7][q1],541,1082,ld4_tmp_ld4_branch1_group1_n31,x1_q1_vlane7,tmp_ld3[branch1][q1][group1][n32_lane7][n31],526,1052,ld3_tmp_ld3_branch1_q1_group1,x1_vlane7,LD4_layout_is_recommended_for_four_quartic_lanes;LD3_layout_is_alternative_per_quartic_lane
542,1,1,1,15,7,2,C,9,79,318,702,318,702,-1033,2735,low_plus_high_minus_zeta_high,twist_branch1,79,-1379,174,top_split_then_twist_then_store_dft3_input,a[288..319],a[672..703],7,tmp_ld4[branch1][group1][n31][n32_lane7][q2],542,1084,ld4_tmp_ld4_branch1_group1_n31,x1_q2_vlane7,tmp_ld3[branch1][q2][group1][n32_lane7][n31],622,1244,ld3_tmp_ld3_branch1_q2_group1,x1_vlane7,LD4_layout_is_recommended_for_four_quartic_lanes;LD3_layout_is_alternative_per_quartic_lane
543,1,1,1,15,7,3,C,9,79,319,703,319,703,-1033,2735,low_plus_high_minus_zeta_high,twist_branch1,79,-1379,174,top_split_then_twist_then_store_dft3_input,a[288..319],a[672..703],7,tmp_ld4[branch1][group1][n31][n32_lane7][q3],543,1086,ld4_tmp_ld4_branch1_group1_n31,x1_q3_vlane7,tmp_ld3[branch1][q3][group1][n32_lane7][n31],718,1436,ld3_tmp_ld3_branch1_q3_group1,x1_vlane7,LD4_layout_is_recommended_for_four_quartic_lanes;LD3_layout_is_alternative_per_quartic_lane
544,1,1,2,8,0,0,A,1,8,32,416,32,416,-1033,2735,low_plus_high_minus_zeta_high,twist_branch1,8,-395,3201,top_split_then_twist_then_store_dft3_input,a[32..63],a[416..447],0,tmp_ld4[branch1][group1][n32][n32_lane0][q0],544,1088,ld4_tmp_ld4_branch1_group1_n32,x2_q0_vlane0,tmp_ld3[branch1][q0][group1][n32_lane0][n32],410,820,ld3_tmp_ld3_branch1_q0_group1,x2_vlane0,LD4_layout_is_recommended_for_four_quartic_lanes;LD3_layout_is_alternative_per_quartic_lane
545,1,1,2,8,0,1,A,1,8,33,417,33,417,-1033,2735,low_plus_high_minus_zeta_high,twist_branch1,8,-395,3201,top_split_then_twist_then_store_dft3_input,a[32..63],a[416..447],0,tmp_ld4[branch1][group1][n32][n32_lane0][q1],545,1090,ld4_tmp_ld4_branch1_group1_n32,x2_q1_vlane0,tmp_ld3[branch1][q1][group1][n32_lane0][n32],506,1012,ld3_tmp_ld3_branch1_q1_group1,x2_vlane0,LD4_layout_is_recommended_for_four_quartic_lanes;LD3_layout_is_alternative_per_quartic_lane
546,1,1,2,8,0,2,A,1,8,34,418,34,418,-1033,2735,low_plus_high_minus_zeta_high,twist_branch1,8,-395,3201,top_split_then_twist_then_store_dft3_input,a[32..63],a[416..447],0,tmp_ld4[branch1][group1][n32][n32_lane0][q2],546,1092,ld4_tmp_ld4_branch1_group1_n32,x2_q2_vlane0,tmp_ld3[branch1][q2][group1][n32_lane0][n32],602,1204,ld3_tmp_ld3_branch1_q2_group1,x2_vlane0,LD4_layout_is_recommended_for_four_quartic_lanes;LD3_layout_is_alternative_per_quartic_lane
547,1,1,2,8,0,3,A,1,8,35,419,35,419,-1033,2735,low_plus_high_minus_zeta_high,twist_branch1,8,-395,3201,top_split_then_twist_then_store_dft3_input,a[32..63],a[416..447],0,tmp_ld4[branch1][group1][n32][n32_lane0][q3],547,1094,ld4_tmp_ld4_branch1_group1_n32,x2_q3_vlane0,tmp_ld3[branch1][q3][group1][n32_lane0][n32],698,1396,ld3_tmp_ld3_branch1_q3_group1,x2_vlane0,LD4_layout_is_recommended_for_four_quartic_lanes;LD3_layout_is_alternative_per_quartic_lane
548,1,1,2,9,1,0,B,5,41,164,548,164,548,-1033,2735,low_plus_high_minus_zeta_high,twist_branch1,41,1247,3425,top_split_then_twist_then_store_dft3_input,a[160..191],a[544..575],1,tmp_ld4[branch1][group1][n32][n32_lane1][q0],548,1096,ld4_tmp_ld4_branch1_group1_n32,x2_q0_vlane1,tmp_ld3[branch1][q0][group1][n32_lane1][n32],413,826,ld3_tmp_ld3_branch1_q0_group1,x2_vlane1,LD4_layout_is_recommended_for_four_quartic_lanes;LD3_layout_is_alternative_per_quartic_lane
549,1,1,2,9,1,1,B,5,41,165,549,165,549,-1033,2735,low_plus_high_minus_zeta_high,twist_branch1,41,1247,3425,top_split_then_twist_then_store_dft3_input,a[160..191],a[544..575],1,tmp_ld4[branch1][group1][n32][n32_lane1][q1],549,1098,ld4_tmp_ld4_branch1_group1_n32,x2_q1_vlane1,tmp_ld3[branch1][q1][group1][n32_lane1][n32],509,1018,ld3_tmp_ld3_branch1_q1_group1,x2_vlane1,LD4_layout_is_recommended_for_four_quartic_lanes;LD3_layout_is_alternative_per_quartic_lane
550,1,1,2,9,1,2,B,5,41,166,550,166,550,-1033,2735,low_plus_high_minus_zeta_high,twist_branch1,41,1247,3425,top_split_then_twist_then_store_dft3_input,a[160..191],a[544..575],1,tmp_ld4[branch1][group1][n32][n32_lane1][q2],550,1100,ld4_tmp_ld4_branch1_group1_n32,x2_q2_vlane1,tmp_ld3[branch1][q2][group1][n32_lane1][n32],605,1210,ld3_tmp_ld3_branch1_q2_group1,x2_vlane1,LD4_layout_is_recommended_for_four_quartic_lanes;LD3_layout_is_alternative_per_quartic_lane
551,1,1,2,9,1,3,B,5,41,167,551,167,551,-1033,2735,low_plus_high_minus_zeta_high,twist_branch1,41,1247,3425,top_split_then_twist_then_store_dft3_input,a[160..191],a[544..575],1,tmp_ld4[branch1][group1][n32][n32_lane1][q3],551,1102,ld4_tmp_ld4_branch1_group1_n32,x2_q3_vlane1,tmp_ld3[branch1][q3][group1][n32_lane1][n32],701,1402,ld3_tmp_ld3_branch1_q3_group1,x2_vlane1,LD4_layout_is_recommended_for_four_quartic_lanes;LD3_layout_is_alternative_per_quartic_lane
552,1,1,2,10,2,0,C,9,74,296,680,296,680,-1033,2735,low_plus_high_minus_zeta_high,twist_branch1,74,588,3453,top_split_then_twist_then_store_dft3_input,a[288..319],a[672..703],2,tmp_ld4[branch1][group1][n32][n32_lane2][q0],552,1104,ld4_tmp_ld4_branch1_group1_n32,x2_q0_vlane2,tmp_ld3[branch1][q0][group1][n32_lane2][n32],416,832,ld3_tmp_ld3_branch1_q0_group1,x2_vlane2,LD4_layout_is_recommended_for_four_quartic_lanes;LD3_layout_is_alternative_per_quartic_lane
553,1,1,2,10,2,1,C,9,74,297,681,297,681,-1033,2735,low_plus_high_minus_zeta_high,twist_branch1,74,588,3453,top_split_then_twist_then_store_dft3_input,a[288..319],a[672..703],2,tmp_ld4[branch1][group1][n32][n32_lane2][q1],553,1106,ld4_tmp_ld4_branch1_group1_n32,x2_q1_vlane2,tmp_ld3[branch1][q1][group1][n32_lane2][n32],512,1024,ld3_tmp_ld3_branch1_q1_group1,x2_vlane2,LD4_layout_is_recommended_for_four_quartic_lanes;LD3_layout_is_alternative_per_quartic_lane
554,1,1,2,10,2,2,C,9,74,298,682,298,682,-1033,2735,low_plus_high_minus_zeta_high,twist_branch1,74,588,3453,top_split_then_twist_then_store_dft3_input,a[288..319],a[672..703],2,tmp_ld4[branch1][group1][n32][n32_lane2][q2],554,1108,ld4_tmp_ld4_branch1_group1_n32,x2_q2_vlane2,tmp_ld3[branch1][q2][group1][n32_lane2][n32],608,1216,ld3_tmp_ld3_branch1_q2_group1,x2_vlane2,LD4_layout_is_recommended_for_four_quartic_lanes;LD3_layout_is_alternative_per_quartic_lane
555,1,1,2,10,2,3,C,9,74,299,683,299,683,-1033,2735,low_plus_high_minus_zeta_high,twist_branch1,74,588,3453,top_split_then_twist_then_store_dft3_input,a[288..319],a[672..703],2,tmp_ld4[branch1][group1][n32][n32_lane2][q3],555,1110,ld4_tmp_ld4_branch1_group1_n32,x2_q3_vlane2,tmp_ld3[branch1][q3][group1][n32_lane2][n32],704,1408,ld3_tmp_ld3_branch1_q3_group1,x2_vlane2,LD4_layout_is_recommended_for_four_quartic_lanes;LD3_layout_is_alternative_per_quartic_lane
556,1,1,2,11,3,0,A,1,11,44,428,44,428,-1033,2735,low_plus_high_minus_zeta_high,twist_branch1,11,-1212,361,top_split_then_twist_then_store_dft3_input,a[32..63],a[416..447],3,tmp_ld4[branch1][group1][n32][n32_lane3][q0],556,1112,ld4_tmp_ld4_branch1_group1_n32,x2_q0_vlane3,tmp_ld3[branch1][q0][group1][n32_lane3][n32],419,838,ld3_tmp_ld3_branch1_q0_group1,x2_vlane3,LD4_layout_is_recommended_for_four_quartic_lanes;LD3_layout_is_alternative_per_quartic_lane
557,1,1,2,11,3,1,A,1,11,45,429,45,429,-1033,2735,low_plus_high_minus_zeta_high,twist_branch1,11,-1212,361,top_split_then_twist_then_store_dft3_input,a[32..63],a[416..447],3,tmp_ld4[branch1][group1][n32][n32_lane3][q1],557,1114,ld4_tmp_ld4_branch1_group1_n32,x2_q1_vlane3,tmp_ld3[branch1][q1][group1][n32_lane3][n32],515,1030,ld3_tmp_ld3_branch1_q1_group1,x2_vlane3,LD4_layout_is_recommended_for_four_quartic_lanes;LD3_layout_is_alternative_per_quartic_lane
558,1,1,2,11,3,2,A,1,11,46,430,46,430,-1033,2735,low_plus_high_minus_zeta_high,twist_branch1,11,-1212,361,top_split_then_twist_then_store_dft3_input,a[32..63],a[416..447],3,tmp_ld4[branch1][group1][n32][n32_lane3][q2],558,1116,ld4_tmp_ld4_branch1_group1_n32,x2_q2_vlane3,tmp_ld3[branch1][q2][group1][n32_lane3][n32],611,1222,ld3_tmp_ld3_branch1_q2_group1,x2_vlane3,LD4_layout_is_recommended_for_four_quartic_lanes;LD3_layout_is_alternative_per_quartic_lane
559,1,1,2,11,3,3,A,1,11,47,431,47,431,-1033,2735,low_plus_high_minus_zeta_high,twist_branch1,11,-1212,361,top_split_then_twist_then_store_dft3_input,a[32..63],a[416..447],3,tmp_ld4[branch1][group1][n32][n32_lane3][q3],559,1118,ld4_tmp_ld4_branch1_group1_n32,x2_q3_vlane3,tmp_ld3[branch1][q3][group1][n32_lane3][n32],707,1414,ld3_tmp_ld3_branch1_q3_group1,x2_vlane3,LD4_layout_is_recommended_for_four_quartic_lanes;LD3_layout_is_alternative_per_quartic_lane
560,1,1,2,12,4,0,B,5,44,176,560,176,560,-1033,2735,low_plus_high_minus_zeta_high,twist_branch1,44,1577,3070,top_split_then_twist_then_store_dft3_input,a[160..191],a[544..575],4,tmp_ld4[branch1][group1][n32][n32_lane4][q0],560,1120,ld4_tmp_ld4_branch1_group1_n32,x2_q0_vlane4,tmp_ld3[branch1][q0][group1][n32_lane4][n32],422,844,ld3_tmp_ld3_branch1_q0_group1,x2_vlane4,LD4_layout_is_recommended_for_four_quartic_lanes;LD3_layout_is_alternative_per_quartic_lane
561,1,1,2,12,4,1,B,5,44,177,561,177,561,-1033,2735,low_plus_high_minus_zeta_high,twist_branch1,44,1577,3070,top_split_then_twist_then_store_dft3_input,a[160..191],a[544..575],4,tmp_ld4[branch1][group1][n32][n32_lane4][q1],561,1122,ld4_tmp_ld4_branch1_group1_n32,x2_q1_vlane4,tmp_ld3[branch1][q1][group1][n32_lane4][n32],518,1036,ld3_tmp_ld3_branch1_q1_group1,x2_vlane4,LD4_layout_is_recommended_for_four_quartic_lanes;LD3_layout_is_alternative_per_quartic_lane
562,1,1,2,12,4,2,B,5,44,178,562,178,562,-1033,2735,low_plus_high_minus_zeta_high,twist_branch1,44,1577,3070,top_split_then_twist_then_store_dft3_input,a[160..191],a[544..575],4,tmp_ld4[branch1][group1][n32][n32_lane4][q2],562,1124,ld4_tmp_ld4_branch1_group1_n32,x2_q2_vlane4,tmp_ld3[branch1][q2][group1][n32_lane4][n32],614,1228,ld3_tmp_ld3_branch1_q2_group1,x2_vlane4,LD4_layout_is_recommended_for_four_quartic_lanes;LD3_layout_is_alternative_per_quartic_lane
563,1,1,2,12,4,3,B,5,44,179,563,179,563,-1033,2735,low_plus_high_minus_zeta_high,twist_branch1,44,1577,3070,top_split_then_twist_then_store_dft3_input,a[160..191],a[544..575],4,tmp_ld4[branch1][group1][n32][n32_lane4][q3],563,1126,ld4_tmp_ld4_branch1_group1_n32,x2_q3_vlane4,tmp_ld3[branch1][q3][group1][n32_lane4][n32],710,1420,ld3_tmp_ld3_branch1_q3_group1,x2_vlane4,LD4_layout_is_recommended_for_four_quartic_lanes;LD3_layout_is_alternative_per_quartic_lane
564,1,1,2,13,5,0,C,9,77,308,692,308,692,-1033,2735,low_plus_high_minus_zeta_high,twist_branch1,77,-235,1248,top_split_then_twist_then_store_dft3_input,a[288..319],a[672..703],5,tmp_ld4[branch1][group1][n32][n32_lane5][q0],564,1128,ld4_tmp_ld4_branch1_group1_n32,x2_q0_vlane5,tmp_ld3[branch1][q0][group1][n32_lane5][n32],425,850,ld3_tmp_ld3_branch1_q0_group1,x2_vlane5,LD4_layout_is_recommended_for_four_quartic_lanes;LD3_layout_is_alternative_per_quartic_lane
565,1,1,2,13,5,1,C,9,77,309,693,309,693,-1033,2735,low_plus_high_minus_zeta_high,twist_branch1,77,-235,1248,top_split_then_twist_then_store_dft3_input,a[288..319],a[672..703],5,tmp_ld4[branch1][group1][n32][n32_lane5][q1],565,1130,ld4_tmp_ld4_branch1_group1_n32,x2_q1_vlane5,tmp_ld3[branch1][q1][group1][n32_lane5][n32],521,1042,ld3_tmp_ld3_branch1_q1_group1,x2_vlane5,LD4_layout_is_recommended_for_four_quartic_lanes;LD3_layout_is_alternative_per_quartic_lane
566,1,1,2,13,5,2,C,9,77,310,694,310,694,-1033,2735,low_plus_high_minus_zeta_high,twist_branch1,77,-235,1248,top_split_then_twist_then_store_dft3_input,a[288..319],a[672..703],5,tmp_ld4[branch1][group1][n32][n32_lane5][q2],566,1132,ld4_tmp_ld4_branch1_group1_n32,x2_q2_vlane5,tmp_ld3[branch1][q2][group1][n32_lane5][n32],617,1234,ld3_tmp_ld3_branch1_q2_group1,x2_vlane5,LD4_layout_is_recommended_for_four_quartic_lanes;LD3_layout_is_alternative_per_quartic_lane
567,1,1,2,13,5,3,C,9,77,311,695,311,695,-1033,2735,low_plus_high_minus_zeta_high,twist_branch1,77,-235,1248,top_split_then_twist_then_store_dft3_input,a[288..319],a[672..703],5,tmp_ld4[branch1][group1][n32][n32_lane5][q3],567,1134,ld4_tmp_ld4_branch1_group1_n32,x2_q3_vlane5,tmp_ld3[branch1][q3][group1][n32_lane5][n32],713,1426,ld3_tmp_ld3_branch1_q3_group1,x2_vlane5,LD4_layout_is_recommended_for_four_quartic_lanes;LD3_layout_is_alternative_per_quartic_lane
568,1,1,2,14,6,0,A,1,14,56,440,56,440,-1033,2735,low_plus_high_minus_zeta_high,twist_branch1,14,1331,1449,top_split_then_twist_then_store_dft3_input,a[32..63],a[416..447],6,tmp_ld4[branch1][group1][n32][n32_lane6][q0],568,1136,ld4_tmp_ld4_branch1_group1_n32,x2_q0_vlane6,tmp_ld3[branch1][q0][group1][n32_lane6][n32],428,856,ld3_tmp_ld3_branch1_q0_group1,x2_vlane6,LD4_layout_is_recommended_for_four_quartic_lanes;LD3_layout_is_alternative_per_quartic_lane
569,1,1,2,14,6,1,A,1,14,57,441,57,441,-1033,2735,low_plus_high_minus_zeta_high,twist_branch1,14,1331,1449,top_split_then_twist_then_store_dft3_input,a[32..63],a[416..447],6,tmp_ld4[branch1][group1][n32][n32_lane6][q1],569,1138,ld4_tmp_ld4_branch1_group1_n32,x2_q1_vlane6,tmp_ld3[branch1][q1][group1][n32_lane6][n32],524,1048,ld3_tmp_ld3_branch1_q1_group1,x2_vlane6,LD4_layout_is_recommended_for_four_quartic_lanes;LD3_layout_is_alternative_per_quartic_lane
570,1,1,2,14,6,2,A,1,14,58,442,58,442,-1033,2735,low_plus_high_minus_zeta_high,twist_branch1,14,1331,1449,top_split_then_twist_then_store_dft3_input,a[32..63],a[416..447],6,tmp_ld4[branch1][group1][n32][n32_lane6][q2],570,1140,ld4_tmp_ld4_branch1_group1_n32,x2_q2_vlane6,tmp_ld3[branch1][q2][group1][n32_lane6][n32],620,1240,ld3_tmp_ld3_branch1_q2_group1,x2_vlane6,LD4_layout_is_recommended_for_four_quartic_lanes;LD3_layout_is_alternative_per_quartic_lane
571,1,1,2,14,6,3,A,1,14,59,443,59,443,-1033,2735,low_plus_high_minus_zeta_high,twist_branch1,14,1331,1449,top_split_then_twist_then_store_dft3_input,a[32..63],a[416..447],6,tmp_ld4[branch1][group1][n32][n32_lane6][q3],571,1142,ld4_tmp_ld4_branch1_group1_n32,x2_q3_vlane6,tmp_ld3[branch1][q3][group1][n32_lane6][n32],716,1432,ld3_tmp_ld3_branch1_q3_group1,x2_vlane6,LD4_layout_is_recommended_for_four_quartic_lanes;LD3_layout_is_alternative_per_quartic_lane
572,1,1,2,15,7,0,B,5,47,188,572,188,572,-1033,2735,low_plus_high_minus_zeta_high,twist_branch1,47,-1130,3206,top_split_then_twist_then_store_dft3_input,a[160..191],a[544..575],7,tmp_ld4[branch1][group1][n32][n32_lane7][q0],572,1144,ld4_tmp_ld4_branch1_group1_n32,x2_q0_vlane7,tmp_ld3[branch1][q0][group1][n32_lane7][n32],431,862,ld3_tmp_ld3_branch1_q0_group1,x2_vlane7,LD4_layout_is_recommended_for_four_quartic_lanes;LD3_layout_is_alternative_per_quartic_lane
573,1,1,2,15,7,1,B,5,47,189,573,189,573,-1033,2735,low_plus_high_minus_zeta_high,twist_branch1,47,-1130,3206,top_split_then_twist_then_store_dft3_input,a[160..191],a[544..575],7,tmp_ld4[branch1][group1][n32][n32_lane7][q1],573,1146,ld4_tmp_ld4_branch1_group1_n32,x2_q1_vlane7,tmp_ld3[branch1][q1][group1][n32_lane7][n32],527,1054,ld3_tmp_ld3_branch1_q1_group1,x2_vlane7,LD4_layout_is_recommended_for_four_quartic_lanes;LD3_layout_is_alternative_per_quartic_lane
574,1,1,2,15,7,2,B,5,47,190,574,190,574,-1033,2735,low_plus_high_minus_zeta_high,twist_branch1,47,-1130,3206,top_split_then_twist_then_store_dft3_input,a[160..191],a[544..575],7,tmp_ld4[branch1][group1][n32][n32_lane7][q2],574,1148,ld4_tmp_ld4_branch1_group1_n32,x2_q2_vlane7,tmp_ld3[branch1][q2][group1][n32_lane7][n32],623,1246,ld3_tmp_ld3_branch1_q2_group1,x2_vlane7,LD4_layout_is_recommended_for_four_quartic_lanes;LD3_layout_is_alternative_per_quartic_lane
575,1,1,2,15,7,3,B,5,47,191,575,191,575,-1033,2735,low_plus_high_minus_zeta_high,twist_branch1,47,-1130,3206,top_split_then_twist_then_store_dft3_input,a[160..191],a[544..575],7,tmp_ld4[branch1][group1][n32][n32_lane7][q3],575,1150,ld4_tmp_ld4_branch1_group1_n32,x2_q3_vlane7,tmp_ld3[branch1][q3][group1][n32_lane7][n32],719,1438,ld3_tmp_ld3_branch1_q3_group1,x2_vlane7,LD4_layout_is_recommended_for_four_quartic_lanes;LD3_layout_is_alternative_per_quartic_lane
576,1,2,0,16,0,0,B,6,48,192,576,192,576,-1033,2735,low_plus_high_minus_zeta_high,twist_branch1,48,1520,460,top_split_then_twist_then_store_dft3_input,a[192..223],a[576..607],0,tmp_ld4[branch1][group2][n30][n32_lane0][q0],576,1152,ld4_tmp_ld4_branch1_group2_n30,x0_q0_vlane0,tmp_ld3[branch1][q0][group2][n32_lane0][n30],432,864,ld3_tmp_ld3_branch1_q0_group2,x0_vlane0,LD4_layout_is_recommended_for_four_quartic_lanes;LD3_layout_is_alternative_per_quartic_lane
577,1,2,0,16,0,1,B,6,48,193,577,193,577,-1033,2735,low_plus_high_minus_zeta_high,twist_branch1,48,1520,460,top_split_then_twist_then_store_dft3_input,a[192..223],a[576..607],0,tmp_ld4[branch1][group2][n30][n32_lane0][q1],577,1154,ld4_tmp_ld4_branch1_group2_n30,x0_q1_vlane0,tmp_ld3[branch1][q1][group2][n32_lane0][n30],528,1056,ld3_tmp_ld3_branch1_q1_group2,x0_vlane0,LD4_layout_is_recommended_for_four_quartic_lanes;LD3_layout_is_alternative_per_quartic_lane
578,1,2,0,16,0,2,B,6,48,194,578,194,578,-1033,2735,low_plus_high_minus_zeta_high,twist_branch1,48,1520,460,top_split_then_twist_then_store_dft3_input,a[192..223],a[576..607],0,tmp_ld4[branch1][group2][n30][n32_lane0][q2],578,1156,ld4_tmp_ld4_branch1_group2_n30,x0_q2_vlane0,tmp_ld3[branch1][q2][group2][n32_lane0][n30],624,1248,ld3_tmp_ld3_branch1_q2_group2,x0_vlane0,LD4_layout_is_recommended_for_four_quartic_lanes;LD3_layout_is_alternative_per_quartic_lane
579,1,2,0,16,0,3,B,6,48,195,579,195,579,-1033,2735,low_plus_high_minus_zeta_high,twist_branch1,48,1520,460,top_split_then_twist_then_store_dft3_input,a[192..223],a[576..607],0,tmp_ld4[branch1][group2][n30][n32_lane0][q3],579,1158,ld4_tmp_ld4_branch1_group2_n30,x0_q3_vlane0,tmp_ld3[branch1][q3][group2][n32_lane0][n30],720,1440,ld3_tmp_ld3_branch1_q3_group2,x0_vlane0,LD4_layout_is_recommended_for_four_quartic_lanes;LD3_layout_is_alternative_per_quartic_lane
580,1,2,0,17,1,0,C,10,81,324,708,324,708,-1033,2735,low_plus_high_minus_zeta_high,twist_branch1,81,190,1786,top_split_then_twist_then_store_dft3_input,a[320..351],a[704..735],1,tmp_ld4[branch1][group2][n30][n32_lane1][q0],580,1160,ld4_tmp_ld4_branch1_group2_n30,x0_q0_vlane1,tmp_ld3[branch1][q0][group2][n32_lane1][n30],435,870,ld3_tmp_ld3_branch1_q0_group2,x0_vlane1,LD4_layout_is_recommended_for_four_quartic_lanes;LD3_layout_is_alternative_per_quartic_lane
581,1,2,0,17,1,1,C,10,81,325,709,325,709,-1033,2735,low_plus_high_minus_zeta_high,twist_branch1,81,190,1786,top_split_then_twist_then_store_dft3_input,a[320..351],a[704..735],1,tmp_ld4[branch1][group2][n30][n32_lane1][q1],581,1162,ld4_tmp_ld4_branch1_group2_n30,x0_q1_vlane1,tmp_ld3[branch1][q1][group2][n32_lane1][n30],531,1062,ld3_tmp_ld3_branch1_q1_group2,x0_vlane1,LD4_layout_is_recommended_for_four_quartic_lanes;LD3_layout_is_alternative_per_quartic_lane
582,1,2,0,17,1,2,C,10,81,326,710,326,710,-1033,2735,low_plus_high_minus_zeta_high,twist_branch1,81,190,1786,top_split_then_twist_then_store_dft3_input,a[320..351],a[704..735],1,tmp_ld4[branch1][group2][n30][n32_lane1][q2],582,1164,ld4_tmp_ld4_branch1_group2_n30,x0_q2_vlane1,tmp_ld3[branch1][q2][group2][n32_lane1][n30],627,1254,ld3_tmp_ld3_branch1_q2_group2,x0_vlane1,LD4_layout_is_recommended_for_four_quartic_lanes;LD3_layout_is_alternative_per_quartic_lane
583,1,2,0,17,1,3,C,10,81,327,711,327,711,-1033,2735,low_plus_high_minus_zeta_high,twist_branch1,81,190,1786,top_split_then_twist_then_store_dft3_input,a[320..351],a[704..735],1,tmp_ld4[branch1][group2][n30][n32_lane1][q3],583,1166,ld4_tmp_ld4_branch1_group2_n30,x0_q3_vlane1,tmp_ld3[branch1][q3][group2][n32_lane1][n30],723,1446,ld3_tmp_ld3_branch1_q3_group2,x0_vlane1,LD4_layout_is_recommended_for_four_quartic_lanes;LD3_layout_is_alternative_per_quartic_lane
584,1,2,0,18,2,0,A,2,18,72,456,72,456,-1033,2735,low_plus_high_minus_zeta_high,twist_branch1,18,-1591,3021,top_split_then_twist_then_store_dft3_input,a[64..95],a[448..479],2,tmp_ld4[branch1][group2][n30][n32_lane2][q0],584,1168,ld4_tmp_ld4_branch1_group2_n30,x0_q0_vlane2,tmp_ld3[branch1][q0][group2][n32_lane2][n30],438,876,ld3_tmp_ld3_branch1_q0_group2,x0_vlane2,LD4_layout_is_recommended_for_four_quartic_lanes;LD3_layout_is_alternative_per_quartic_lane
585,1,2,0,18,2,1,A,2,18,73,457,73,457,-1033,2735,low_plus_high_minus_zeta_high,twist_branch1,18,-1591,3021,top_split_then_twist_then_store_dft3_input,a[64..95],a[448..479],2,tmp_ld4[branch1][group2][n30][n32_lane2][q1],585,1170,ld4_tmp_ld4_branch1_group2_n30,x0_q1_vlane2,tmp_ld3[branch1][q1][group2][n32_lane2][n30],534,1068,ld3_tmp_ld3_branch1_q1_group2,x0_vlane2,LD4_layout_is_recommended_for_four_quartic_lanes;LD3_layout_is_alternative_per_quartic_lane
586,1,2,0,18,2,2,A,2,18,74,458,74,458,-1033,2735,low_plus_high_minus_zeta_high,twist_branch1,18,-1591,3021,top_split_then_twist_then_store_dft3_input,a[64..95],a[448..479],2,tmp_ld4[branch1][group2][n30][n32_lane2][q2],586,1172,ld4_tmp_ld4_branch1_group2_n30,x0_q2_vlane2,tmp_ld3[branch1][q2][group2][n32_lane2][n30],630,1260,ld3_tmp_ld3_branch1_q2_group2,x0_vlane2,LD4_layout_is_recommended_for_four_quartic_lanes;LD3_layout_is_alternative_per_quartic_lane
587,1,2,0,18,2,3,A,2,18,75,459,75,459,-1033,2735,low_plus_high_minus_zeta_high,twist_branch1,18,-1591,3021,top_split_then_twist_then_store_dft3_input,a[64..95],a[448..479],2,tmp_ld4[branch1][group2][n30][n32_lane2][q3],587,1174,ld4_tmp_ld4_branch1_group2_n30,x0_q3_vlane2,tmp_ld3[branch1][q3][group2][n32_lane2][n30],726,1452,ld3_tmp_ld3_branch1_q3_group2,x0_vlane2,LD4_layout_is_recommended_for_four_quartic_lanes;LD3_layout_is_alternative_per_quartic_lane
588,1,2,0,19,3,0,B,6,51,204,588,204,588,-1033,2735,low_plus_high_minus_zeta_high,twist_branch1,51,-631,1674,top_split_then_twist_then_store_dft3_input,a[192..223],a[576..607],3,tmp_ld4[branch1][group2][n30][n32_lane3][q0],588,1176,ld4_tmp_ld4_branch1_group2_n30,x0_q0_vlane3,tmp_ld3[branch1][q0][group2][n32_lane3][n30],441,882,ld3_tmp_ld3_branch1_q0_group2,x0_vlane3,LD4_layout_is_recommended_for_four_quartic_lanes;LD3_layout_is_alternative_per_quartic_lane
589,1,2,0,19,3,1,B,6,51,205,589,205,589,-1033,2735,low_plus_high_minus_zeta_high,twist_branch1,51,-631,1674,top_split_then_twist_then_store_dft3_input,a[192..223],a[576..607],3,tmp_ld4[branch1][group2][n30][n32_lane3][q1],589,1178,ld4_tmp_ld4_branch1_group2_n30,x0_q1_vlane3,tmp_ld3[branch1][q1][group2][n32_lane3][n30],537,1074,ld3_tmp_ld3_branch1_q1_group2,x0_vlane3,LD4_layout_is_recommended_for_four_quartic_lanes;LD3_layout_is_alternative_per_quartic_lane
590,1,2,0,19,3,2,B,6,51,206,590,206,590,-1033,2735,low_plus_high_minus_zeta_high,twist_branch1,51,-631,1674,top_split_then_twist_then_store_dft3_input,a[192..223],a[576..607],3,tmp_ld4[branch1][group2][n30][n32_lane3][q2],590,1180,ld4_tmp_ld4_branch1_group2_n30,x0_q2_vlane3,tmp_ld3[branch1][q2][group2][n32_lane3][n30],633,1266,ld3_tmp_ld3_branch1_q2_group2,x0_vlane3,LD4_layout_is_recommended_for_four_quartic_lanes;LD3_layout_is_alternative_per_quartic_lane
591,1,2,0,19,3,3,B,6,51,207,591,207,591,-1033,2735,low_plus_high_minus_zeta_high,twist_branch1,51,-631,1674,top_split_then_twist_then_store_dft3_input,a[192..223],a[576..607],3,tmp_ld4[branch1][group2][n30][n32_lane3][q3],591,1182,ld4_tmp_ld4_branch1_group2_n30,x0_q3_vlane3,tmp_ld3[branch1][q3][group2][n32_lane3][n30],729,1458,ld3_tmp_ld3_branch1_q3_group2,x0_vlane3,LD4_layout_is_recommended_for_four_quartic_lanes;LD3_layout_is_alternative_per_quartic_lane
592,1,2,0,20,4,0,C,10,84,336,720,336,720,-1033,2735,low_plus_high_minus_zeta_high,twist_branch1,84,-511,2802,top_split_then_twist_then_store_dft3_input,a[320..351],a[704..735],4,tmp_ld4[branch1][group2][n30][n32_lane4][q0],592,1184,ld4_tmp_ld4_branch1_group2_n30,x0_q0_vlane4,tmp_ld3[branch1][q0][group2][n32_lane4][n30],444,888,ld3_tmp_ld3_branch1_q0_group2,x0_vlane4,LD4_layout_is_recommended_for_four_quartic_lanes;LD3_layout_is_alternative_per_quartic_lane
593,1,2,0,20,4,1,C,10,84,337,721,337,721,-1033,2735,low_plus_high_minus_zeta_high,twist_branch1,84,-511,2802,top_split_then_twist_then_store_dft3_input,a[320..351],a[704..735],4,tmp_ld4[branch1][group2][n30][n32_lane4][q1],593,1186,ld4_tmp_ld4_branch1_group2_n30,x0_q1_vlane4,tmp_ld3[branch1][q1][group2][n32_lane4][n30],540,1080,ld3_tmp_ld3_branch1_q1_group2,x0_vlane4,LD4_layout_is_recommended_for_four_quartic_lanes;LD3_layout_is_alternative_per_quartic_lane
594,1,2,0,20,4,2,C,10,84,338,722,338,722,-1033,2735,low_plus_high_minus_zeta_high,twist_branch1,84,-511,2802,top_split_then_twist_then_store_dft3_input,a[320..351],a[704..735],4,tmp_ld4[branch1][group2][n30][n32_lane4][q2],594,1188,ld4_tmp_ld4_branch1_group2_n30,x0_q2_vlane4,tmp_ld3[branch1][q2][group2][n32_lane4][n30],636,1272,ld3_tmp_ld3_branch1_q2_group2,x0_vlane4,LD4_layout_is_recommended_for_four_quartic_lanes;LD3_layout_is_alternative_per_quartic_lane
595,1,2,0,20,4,3,C,10,84,339,723,339,723,-1033,2735,low_plus_high_minus_zeta_high,twist_branch1,84,-511,2802,top_split_then_twist_then_store_dft3_input,a[320..351],a[704..735],4,tmp_ld4[branch1][group2][n30][n32_lane4][q3],595,1190,ld4_tmp_ld4_branch1_group2_n30,x0_q3_vlane4,tmp_ld3[branch1][q3][group2][n32_lane4][n30],732,1464,ld3_tmp_ld3_branch1_q3_group2,x0_vlane4,LD4_layout_is_recommended_for_four_quartic_lanes;LD3_layout_is_alternative_per_quartic_lane
596,1,2,0,21,5,0,A,2,21,84,468,84,468,-1033,2735,low_plus_high_minus_zeta_high,twist_branch1,21,-1416,1209,top_split_then_twist_then_store_dft3_input,a[64..95],a[448..479],5,tmp_ld4[branch1][group2][n30][n32_lane5][q0],596,1192,ld4_tmp_ld4_branch1_group2_n30,x0_q0_vlane5,tmp_ld3[branch1][q0][group2][n32_lane5][n30],447,894,ld3_tmp_ld3_branch1_q0_group2,x0_vlane5,LD4_layout_is_recommended_for_four_quartic_lanes;LD3_layout_is_alternative_per_quartic_lane
597,1,2,0,21,5,1,A,2,21,85,469,85,469,-1033,2735,low_plus_high_minus_zeta_high,twist_branch1,21,-1416,1209,top_split_then_twist_then_store_dft3_input,a[64..95],a[448..479],5,tmp_ld4[branch1][group2][n30][n32_lane5][q1],597,1194,ld4_tmp_ld4_branch1_group2_n30,x0_q1_vlane5,tmp_ld3[branch1][q1][group2][n32_lane5][n30],543,1086,ld3_tmp_ld3_branch1_q1_group2,x0_vlane5,LD4_layout_is_recommended_for_four_quartic_lanes;LD3_layout_is_alternative_per_quartic_lane
598,1,2,0,21,5,2,A,2,21,86,470,86,470,-1033,2735,low_plus_high_minus_zeta_high,twist_branch1,21,-1416,1209,top_split_then_twist_then_store_dft3_input,a[64..95],a[448..479],5,tmp_ld4[branch1][group2][n30][n32_lane5][q2],598,1196,ld4_tmp_ld4_branch1_group2_n30,x0_q2_vlane5,tmp_ld3[branch1][q2][group2][n32_lane5][n30],639,1278,ld3_tmp_ld3_branch1_q2_group2,x0_vlane5,LD4_layout_is_recommended_for_four_quartic_lanes;LD3_layout_is_alternative_per_quartic_lane
599,1,2,0,21,5,3,A,2,21,87,471,87,471,-1033,2735,low_plus_high_minus_zeta_high,twist_branch1,21,-1416,1209,top_split_then_twist_then_store_dft3_input,a[64..95],a[448..479],5,tmp_ld4[branch1][group2][n30][n32_lane5][q3],599,1198,ld4_tmp_ld4_branch1_group2_n30,x0_q3_vlane5,tmp_ld3[branch1][q3][group2][n32_lane5][n30],735,1470,ld3_tmp_ld3_branch1_q3_group2,x0_vlane5,LD4_layout_is_recommended_for_four_quartic_lanes;LD3_layout_is_alternative_per_quartic_lane
600,1,2,0,22,6,0,B,6,54,216,600,216,600,-1033,2735,low_plus_high_minus_zeta_high,twist_branch1,54,-177,3176,top_split_then_twist_then_store_dft3_input,a[192..223],a[576..607],6,tmp_ld4[branch1][group2][n30][n32_lane6][q0],600,1200,ld4_tmp_ld4_branch1_group2_n30,x0_q0_vlane6,tmp_ld3[branch1][q0][group2][n32_lane6][n30],450,900,ld3_tmp_ld3_branch1_q0_group2,x0_vlane6,LD4_layout_is_recommended_for_four_quartic_lanes;LD3_layout_is_alternative_per_quartic_lane
601,1,2,0,22,6,1,B,6,54,217,601,217,601,-1033,2735,low_plus_high_minus_zeta_high,twist_branch1,54,-177,3176,top_split_then_twist_then_store_dft3_input,a[192..223],a[576..607],6,tmp_ld4[branch1][group2][n30][n32_lane6][q1],601,1202,ld4_tmp_ld4_branch1_group2_n30,x0_q1_vlane6,tmp_ld3[branch1][q1][group2][n32_lane6][n30],546,1092,ld3_tmp_ld3_branch1_q1_group2,x0_vlane6,LD4_layout_is_recommended_for_four_quartic_lanes;LD3_layout_is_alternative_per_quartic_lane
602,1,2,0,22,6,2,B,6,54,218,602,218,602,-1033,2735,low_plus_high_minus_zeta_high,twist_branch1,54,-177,3176,top_split_then_twist_then_store_dft3_input,a[192..223],a[576..607],6,tmp_ld4[branch1][group2][n30][n32_lane6][q2],602,1204,ld4_tmp_ld4_branch1_group2_n30,x0_q2_vlane6,tmp_ld3[branch1][q2][group2][n32_lane6][n30],642,1284,ld3_tmp_ld3_branch1_q2_group2,x0_vlane6,LD4_layout_is_recommended_for_four_quartic_lanes;LD3_layout_is_alternative_per_quartic_lane
603,1,2,0,22,6,3,B,6,54,219,603,219,603,-1033,2735,low_plus_high_minus_zeta_high,twist_branch1,54,-177,3176,top_split_then_twist_then_store_dft3_input,a[192..223],a[576..607],6,tmp_ld4[branch1][group2][n30][n32_lane6][q3],603,1206,ld4_tmp_ld4_branch1_group2_n30,x0_q3_vlane6,tmp_ld3[branch1][q3][group2][n32_lane6][n30],738,1476,ld3_tmp_ld3_branch1_q3_group2,x0_vlane6,LD4_layout_is_recommended_for_four_quartic_lanes;LD3_layout_is_alternative_per_quartic_lane
604,1,2,0,23,7,0,C,10,87,348,732,348,732,-1033,2735,low_plus_high_minus_zeta_high,twist_branch1,87,410,397,top_split_then_twist_then_store_dft3_input,a[320..351],a[704..735],7,tmp_ld4[branch1][group2][n30][n32_lane7][q0],604,1208,ld4_tmp_ld4_branch1_group2_n30,x0_q0_vlane7,tmp_ld3[branch1][q0][group2][n32_lane7][n30],453,906,ld3_tmp_ld3_branch1_q0_group2,x0_vlane7,LD4_layout_is_recommended_for_four_quartic_lanes;LD3_layout_is_alternative_per_quartic_lane
605,1,2,0,23,7,1,C,10,87,349,733,349,733,-1033,2735,low_plus_high_minus_zeta_high,twist_branch1,87,410,397,top_split_then_twist_then_store_dft3_input,a[320..351],a[704..735],7,tmp_ld4[branch1][group2][n30][n32_lane7][q1],605,1210,ld4_tmp_ld4_branch1_group2_n30,x0_q1_vlane7,tmp_ld3[branch1][q1][group2][n32_lane7][n30],549,1098,ld3_tmp_ld3_branch1_q1_group2,x0_vlane7,LD4_layout_is_recommended_for_four_quartic_lanes;LD3_layout_is_alternative_per_quartic_lane
606,1,2,0,23,7,2,C,10,87,350,734,350,734,-1033,2735,low_plus_high_minus_zeta_high,twist_branch1,87,410,397,top_split_then_twist_then_store_dft3_input,a[320..351],a[704..735],7,tmp_ld4[branch1][group2][n30][n32_lane7][q2],606,1212,ld4_tmp_ld4_branch1_group2_n30,x0_q2_vlane7,tmp_ld3[branch1][q2][group2][n32_lane7][n30],645,1290,ld3_tmp_ld3_branch1_q2_group2,x0_vlane7,LD4_layout_is_recommended_for_four_quartic_lanes;LD3_layout_is_alternative_per_quartic_lane
607,1,2,0,23,7,3,C,10,87,351,735,351,735,-1033,2735,low_plus_high_minus_zeta_high,twist_branch1,87,410,397,top_split_then_twist_then_store_dft3_input,a[320..351],a[704..735],7,tmp_ld4[branch1][group2][n30][n32_lane7][q3],607,1214,ld4_tmp_ld4_branch1_group2_n30,x0_q3_vlane7,tmp_ld3[branch1][q3][group2][n32_lane7][n30],741,1482,ld3_tmp_ld3_branch1_q3_group2,x0_vlane7,LD4_layout_is_recommended_for_four_quartic_lanes;LD3_layout_is_alternative_per_quartic_lane
608,1,2,1,16,0,0,A,2,16,64,448,64,448,-1033,2735,low_plus_high_minus_zeta_high,twist_branch1,16,867,3310,top_split_then_twist_then_store_dft3_input,a[64..95],a[448..479],0,tmp_ld4[branch1][group2][n31][n32_lane0][q0],608,1216,ld4_tmp_ld4_branch1_group2_n31,x1_q0_vlane0,tmp_ld3[branch1][q0][group2][n32_lane0][n31],433,866,ld3_tmp_ld3_branch1_q0_group2,x1_vlane0,LD4_layout_is_recommended_for_four_quartic_lanes;LD3_layout_is_alternative_per_quartic_lane
609,1,2,1,16,0,1,A,2,16,65,449,65,449,-1033,2735,low_plus_high_minus_zeta_high,twist_branch1,16,867,3310,top_split_then_twist_then_store_dft3_input,a[64..95],a[448..479],0,tmp_ld4[branch1][group2][n31][n32_lane0][q1],609,1218,ld4_tmp_ld4_branch1_group2_n31,x1_q1_vlane0,tmp_ld3[branch1][q1][group2][n32_lane0][n31],529,1058,ld3_tmp_ld3_branch1_q1_group2,x1_vlane0,LD4_layout_is_recommended_for_four_quartic_lanes;LD3_layout_is_alternative_per_quartic_lane
610,1,2,1,16,0,2,A,2,16,66,450,66,450,-1033,2735,low_plus_high_minus_zeta_high,twist_branch1,16,867,3310,top_split_then_twist_then_store_dft3_input,a[64..95],a[448..479],0,tmp_ld4[branch1][group2][n31][n32_lane0][q2],610,1220,ld4_tmp_ld4_branch1_group2_n31,x1_q2_vlane0,tmp_ld3[branch1][q2][group2][n32_lane0][n31],625,1250,ld3_tmp_ld3_branch1_q2_group2,x1_vlane0,LD4_layout_is_recommended_for_four_quartic_lanes;LD3_layout_is_alternative_per_quartic_lane
611,1,2,1,16,0,3,A,2,16,67,451,67,451,-1033,2735,low_plus_high_minus_zeta_high,twist_branch1,16,867,3310,top_split_then_twist_then_store_dft3_input,a[64..95],a[448..479],0,tmp_ld4[branch1][group2][n31][n32_lane0][q3],611,1222,ld4_tmp_ld4_branch1_group2_n31,x1_q3_vlane0,tmp_ld3[branch1][q3][group2][n32_lane0][n31],721,1442,ld3_tmp_ld3_branch1_q3_group2,x1_vlane0,LD4_layout_is_recommended_for_four_quartic_lanes;LD3_layout_is_alternative_per_quartic_lane
612,1,2,1,17,1,0,B,6,49,196,580,196,580,-1033,2735,low_plus_high_minus_zeta_high,twist_branch1,49,-1188,1278,top_split_then_twist_then_store_dft3_input,a[192..223],a[576..607],1,tmp_ld4[branch1][group2][n31][n32_lane1][q0],612,1224,ld4_tmp_ld4_branch1_group2_n31,x1_q0_vlane1,tmp_ld3[branch1][q0][group2][n32_lane1][n31],436,872,ld3_tmp_ld3_branch1_q0_group2,x1_vlane1,LD4_layout_is_recommended_for_four_quartic_lanes;LD3_layout_is_alternative_per_quartic_lane
613,1,2,1,17,1,1,B,6,49,197,581,197,581,-1033,2735,low_plus_high_minus_zeta_high,twist_branch1,49,-1188,1278,top_split_then_twist_then_store_dft3_input,a[192..223],a[576..607],1,tmp_ld4[branch1][group2][n31][n32_lane1][q1],613,1226,ld4_tmp_ld4_branch1_group2_n31,x1_q1_vlane1,tmp_ld3[branch1][q1][group2][n32_lane1][n31],532,1064,ld3_tmp_ld3_branch1_q1_group2,x1_vlane1,LD4_layout_is_recommended_for_four_quartic_lanes;LD3_layout_is_alternative_per_quartic_lane
614,1,2,1,17,1,2,B,6,49,198,582,198,582,-1033,2735,low_plus_high_minus_zeta_high,twist_branch1,49,-1188,1278,top_split_then_twist_then_store_dft3_input,a[192..223],a[576..607],1,tmp_ld4[branch1][group2][n31][n32_lane1][q2],614,1228,ld4_tmp_ld4_branch1_group2_n31,x1_q2_vlane1,tmp_ld3[branch1][q2][group2][n32_lane1][n31],628,1256,ld3_tmp_ld3_branch1_q2_group2,x1_vlane1,LD4_layout_is_recommended_for_four_quartic_lanes;LD3_layout_is_alternative_per_quartic_lane
615,1,2,1,17,1,3,B,6,49,199,583,199,583,-1033,2735,low_plus_high_minus_zeta_high,twist_branch1,49,-1188,1278,top_split_then_twist_then_store_dft3_input,a[192..223],a[576..607],1,tmp_ld4[branch1][group2][n31][n32_lane1][q3],615,1230,ld4_tmp_ld4_branch1_group2_n31,x1_q3_vlane1,tmp_ld3[branch1][q3][group2][n32_lane1][n31],724,1448,ld3_tmp_ld3_branch1_q3_group2,x1_vlane1,LD4_layout_is_recommended_for_four_quartic_lanes;LD3_layout_is_alternative_per_quartic_lane
616,1,2,1,18,2,0,C,10,82,328,712,328,712,-1033,2735,low_plus_high_minus_zeta_high,twist_branch1,82,1580,1024,top_split_then_twist_then_store_dft3_input,a[320..351],a[704..735],2,tmp_ld4[branch1][group2][n31][n32_lane2][q0],616,1232,ld4_tmp_ld4_branch1_group2_n31,x1_q0_vlane2,tmp_ld3[branch1][q0][group2][n32_lane2][n31],439,878,ld3_tmp_ld3_branch1_q0_group2,x1_vlane2,LD4_layout_is_recommended_for_four_quartic_lanes;LD3_layout_is_alternative_per_quartic_lane
617,1,2,1,18,2,1,C,10,82,329,713,329,713,-1033,2735,low_plus_high_minus_zeta_high,twist_branch1,82,1580,1024,top_split_then_twist_then_store_dft3_input,a[320..351],a[704..735],2,tmp_ld4[branch1][group2][n31][n32_lane2][q1],617,1234,ld4_tmp_ld4_branch1_group2_n31,x1_q1_vlane2,tmp_ld3[branch1][q1][group2][n32_lane2][n31],535,1070,ld3_tmp_ld3_branch1_q1_group2,x1_vlane2,LD4_layout_is_recommended_for_four_quartic_lanes;LD3_layout_is_alternative_per_quartic_lane
618,1,2,1,18,2,2,C,10,82,330,714,330,714,-1033,2735,low_plus_high_minus_zeta_high,twist_branch1,82,1580,1024,top_split_then_twist_then_store_dft3_input,a[320..351],a[704..735],2,tmp_ld4[branch1][group2][n31][n32_lane2][q2],618,1236,ld4_tmp_ld4_branch1_group2_n31,x1_q2_vlane2,tmp_ld3[branch1][q2][group2][n32_lane2][n31],631,1262,ld3_tmp_ld3_branch1_q2_group2,x1_vlane2,LD4_layout_is_recommended_for_four_quartic_lanes;LD3_layout_is_alternative_per_quartic_lane
619,1,2,1,18,2,3,C,10,82,331,715,331,715,-1033,2735,low_plus_high_minus_zeta_high,twist_branch1,82,1580,1024,top_split_then_twist_then_store_dft3_input,a[320..351],a[704..735],2,tmp_ld4[branch1][group2][n31][n32_lane2][q3],619,1238,ld4_tmp_ld4_branch1_group2_n31,x1_q3_vlane2,tmp_ld3[branch1][q3][group2][n32_lane2][n31],727,1454,ld3_tmp_ld3_branch1_q3_group2,x1_vlane2,LD4_layout_is_recommended_for_four_quartic_lanes;LD3_layout_is_alternative_per_quartic_lane
620,1,2,1,19,3,0,A,2,19,76,460,76,460,-1033,2735,low_plus_high_minus_zeta_high,twist_branch1,19,-858,923,top_split_then_twist_then_store_dft3_input,a[64..95],a[448..479],3,tmp_ld4[branch1][group2][n31][n32_lane3][q0],620,1240,ld4_tmp_ld4_branch1_group2_n31,x1_q0_vlane3,tmp_ld3[branch1][q0][group2][n32_lane3][n31],442,884,ld3_tmp_ld3_branch1_q0_group2,x1_vlane3,LD4_layout_is_recommended_for_four_quartic_lanes;LD3_layout_is_alternative_per_quartic_lane
621,1,2,1,19,3,1,A,2,19,77,461,77,461,-1033,2735,low_plus_high_minus_zeta_high,twist_branch1,19,-858,923,top_split_then_twist_then_store_dft3_input,a[64..95],a[448..479],3,tmp_ld4[branch1][group2][n31][n32_lane3][q1],621,1242,ld4_tmp_ld4_branch1_group2_n31,x1_q1_vlane3,tmp_ld3[branch1][q1][group2][n32_lane3][n31],538,1076,ld3_tmp_ld3_branch1_q1_group2,x1_vlane3,LD4_layout_is_recommended_for_four_quartic_lanes;LD3_layout_is_alternative_per_quartic_lane
622,1,2,1,19,3,2,A,2,19,78,462,78,462,-1033,2735,low_plus_high_minus_zeta_high,twist_branch1,19,-858,923,top_split_then_twist_then_store_dft3_input,a[64..95],a[448..479],3,tmp_ld4[branch1][group2][n31][n32_lane3][q2],622,1244,ld4_tmp_ld4_branch1_group2_n31,x1_q2_vlane3,tmp_ld3[branch1][q2][group2][n32_lane3][n31],634,1268,ld3_tmp_ld3_branch1_q2_group2,x1_vlane3,LD4_layout_is_recommended_for_four_quartic_lanes;LD3_layout_is_alternative_per_quartic_lane
623,1,2,1,19,3,3,A,2,19,79,463,79,463,-1033,2735,low_plus_high_minus_zeta_high,twist_branch1,19,-858,923,top_split_then_twist_then_store_dft3_input,a[64..95],a[448..479],3,tmp_ld4[branch1][group2][n31][n32_lane3][q3],623,1246,ld4_tmp_ld4_branch1_group2_n31,x1_q3_vlane3,tmp_ld3[branch1][q3][group2][n32_lane3][n31],730,1460,ld3_tmp_ld3_branch1_q3_group2,x1_vlane3,LD4_layout_is_recommended_for_four_quartic_lanes;LD3_layout_is_alternative_per_quartic_lane
624,1,2,1,20,4,0,B,6,52,208,592,208,592,-1033,2735,low_plus_high_minus_zeta_high,twist_branch1,52,757,2276,top_split_then_twist_then_store_dft3_input,a[192..223],a[576..607],4,tmp_ld4[branch1][group2][n31][n32_lane4][q0],624,1248,ld4_tmp_ld4_branch1_group2_n31,x1_q0_vlane4,tmp_ld3[branch1][q0][group2][n32_lane4][n31],445,890,ld3_tmp_ld3_branch1_q0_group2,x1_vlane4,LD4_layout_is_recommended_for_four_quartic_lanes;LD3_layout_is_alternative_per_quartic_lane
625,1,2,1,20,4,1,B,6,52,209,593,209,593,-1033,2735,low_plus_high_minus_zeta_high,twist_branch1,52,757,2276,top_split_then_twist_then_store_dft3_input,a[192..223],a[576..607],4,tmp_ld4[branch1][group2][n31][n32_lane4][q1],625,1250,ld4_tmp_ld4_branch1_group2_n31,x1_q1_vlane4,tmp_ld3[branch1][q1][group2][n32_lane4][n31],541,1082,ld3_tmp_ld3_branch1_q1_group2,x1_vlane4,LD4_layout_is_recommended_for_four_quartic_lanes;LD3_layout_is_alternative_per_quartic_lane
626,1,2,1,20,4,2,B,6,52,210,594,210,594,-1033,2735,low_plus_high_minus_zeta_high,twist_branch1,52,757,2276,top_split_then_twist_then_store_dft3_input,a[192..223],a[576..607],4,tmp_ld4[branch1][group2][n31][n32_lane4][q2],626,1252,ld4_tmp_ld4_branch1_group2_n31,x1_q2_vlane4,tmp_ld3[branch1][q2][group2][n32_lane4][n31],637,1274,ld3_tmp_ld3_branch1_q2_group2,x1_vlane4,LD4_layout_is_recommended_for_four_quartic_lanes;LD3_layout_is_alternative_per_quartic_lane
627,1,2,1,20,4,3,B,6,52,211,595,211,595,-1033,2735,low_plus_high_minus_zeta_high,twist_branch1,52,757,2276,top_split_then_twist_then_store_dft3_input,a[192..223],a[576..607],4,tmp_ld4[branch1][group2][n31][n32_lane4][q3],627,1254,ld4_tmp_ld4_branch1_group2_n31,x1_q3_vlane4,tmp_ld3[branch1][q3][group2][n32_lane4][n31],733,1466,ld3_tmp_ld3_branch1_q3_group2,x1_vlane4,LD4_layout_is_recommended_for_four_quartic_lanes;LD3_layout_is_alternative_per_quartic_lane
628,1,2,1,21,5,0,C,10,85,340,724,340,724,-1033,2735,low_plus_high_minus_zeta_high,twist_branch1,85,1391,2013,top_split_then_twist_then_store_dft3_input,a[320..351],a[704..735],5,tmp_ld4[branch1][group2][n31][n32_lane5][q0],628,1256,ld4_tmp_ld4_branch1_group2_n31,x1_q0_vlane5,tmp_ld3[branch1][q0][group2][n32_lane5][n31],448,896,ld3_tmp_ld3_branch1_q0_group2,x1_vlane5,LD4_layout_is_recommended_for_four_quartic_lanes;LD3_layout_is_alternative_per_quartic_lane
629,1,2,1,21,5,1,C,10,85,341,725,341,725,-1033,2735,low_plus_high_minus_zeta_high,twist_branch1,85,1391,2013,top_split_then_twist_then_store_dft3_input,a[320..351],a[704..735],5,tmp_ld4[branch1][group2][n31][n32_lane5][q1],629,1258,ld4_tmp_ld4_branch1_group2_n31,x1_q1_vlane5,tmp_ld3[branch1][q1][group2][n32_lane5][n31],544,1088,ld3_tmp_ld3_branch1_q1_group2,x1_vlane5,LD4_layout_is_recommended_for_four_quartic_lanes;LD3_layout_is_alternative_per_quartic_lane
630,1,2,1,21,5,2,C,10,85,342,726,342,726,-1033,2735,low_plus_high_minus_zeta_high,twist_branch1,85,1391,2013,top_split_then_twist_then_store_dft3_input,a[320..351],a[704..735],5,tmp_ld4[branch1][group2][n31][n32_lane5][q2],630,1260,ld4_tmp_ld4_branch1_group2_n31,x1_q2_vlane5,tmp_ld3[branch1][q2][group2][n32_lane5][n31],640,1280,ld3_tmp_ld3_branch1_q2_group2,x1_vlane5,LD4_layout_is_recommended_for_four_quartic_lanes;LD3_layout_is_alternative_per_quartic_lane
631,1,2,1,21,5,3,C,10,85,343,727,343,727,-1033,2735,low_plus_high_minus_zeta_high,twist_branch1,85,1391,2013,top_split_then_twist_then_store_dft3_input,a[320..351],a[704..735],5,tmp_ld4[branch1][group2][n31][n32_lane5][q3],631,1262,ld4_tmp_ld4_branch1_group2_n31,x1_q3_vlane5,tmp_ld3[branch1][q3][group2][n32_lane5][n31],736,1472,ld3_tmp_ld3_branch1_q3_group2,x1_vlane5,LD4_layout_is_recommended_for_four_quartic_lanes;LD3_layout_is_alternative_per_quartic_lane
632,1,2,1,22,6,0,A,2,22,88,472,88,472,-1033,2735,low_plus_high_minus_zeta_high,twist_branch1,22,1507,2412,top_split_then_twist_then_store_dft3_input,a[64..95],a[448..479],6,tmp_ld4[branch1][group2][n31][n32_lane6][q0],632,1264,ld4_tmp_ld4_branch1_group2_n31,x1_q0_vlane6,tmp_ld3[branch1][q0][group2][n32_lane6][n31],451,902,ld3_tmp_ld3_branch1_q0_group2,x1_vlane6,LD4_layout_is_recommended_for_four_quartic_lanes;LD3_layout_is_alternative_per_quartic_lane
633,1,2,1,22,6,1,A,2,22,89,473,89,473,-1033,2735,low_plus_high_minus_zeta_high,twist_branch1,22,1507,2412,top_split_then_twist_then_store_dft3_input,a[64..95],a[448..479],6,tmp_ld4[branch1][group2][n31][n32_lane6][q1],633,1266,ld4_tmp_ld4_branch1_group2_n31,x1_q1_vlane6,tmp_ld3[branch1][q1][group2][n32_lane6][n31],547,1094,ld3_tmp_ld3_branch1_q1_group2,x1_vlane6,LD4_layout_is_recommended_for_four_quartic_lanes;LD3_layout_is_alternative_per_quartic_lane
634,1,2,1,22,6,2,A,2,22,90,474,90,474,-1033,2735,low_plus_high_minus_zeta_high,twist_branch1,22,1507,2412,top_split_then_twist_then_store_dft3_input,a[64..95],a[448..479],6,tmp_ld4[branch1][group2][n31][n32_lane6][q2],634,1268,ld4_tmp_ld4_branch1_group2_n31,x1_q2_vlane6,tmp_ld3[branch1][q2][group2][n32_lane6][n31],643,1286,ld3_tmp_ld3_branch1_q2_group2,x1_vlane6,LD4_layout_is_recommended_for_four_quartic_lanes;LD3_layout_is_alternative_per_quartic_lane
635,1,2,1,22,6,3,A,2,22,91,475,91,475,-1033,2735,low_plus_high_minus_zeta_high,twist_branch1,22,1507,2412,top_split_then_twist_then_store_dft3_input,a[64..95],a[448..479],6,tmp_ld4[branch1][group2][n31][n32_lane6][q3],635,1270,ld4_tmp_ld4_branch1_group2_n31,x1_q3_vlane6,tmp_ld3[branch1][q3][group2][n32_lane6][n31],739,1478,ld3_tmp_ld3_branch1_q3_group2,x1_vlane6,LD4_layout_is_recommended_for_four_quartic_lanes;LD3_layout_is_alternative_per_quartic_lane
636,1,2,1,23,7,0,B,6,55,220,604,220,604,-1033,2735,low_plus_high_minus_zeta_high,twist_branch1,55,-1108,2030,top_split_then_twist_then_store_dft3_input,a[192..223],a[576..607],7,tmp_ld4[branch1][group2][n31][n32_lane7][q0],636,1272,ld4_tmp_ld4_branch1_group2_n31,x1_q0_vlane7,tmp_ld3[branch1][q0][group2][n32_lane7][n31],454,908,ld3_tmp_ld3_branch1_q0_group2,x1_vlane7,LD4_layout_is_recommended_for_four_quartic_lanes;LD3_layout_is_alternative_per_quartic_lane
637,1,2,1,23,7,1,B,6,55,221,605,221,605,-1033,2735,low_plus_high_minus_zeta_high,twist_branch1,55,-1108,2030,top_split_then_twist_then_store_dft3_input,a[192..223],a[576..607],7,tmp_ld4[branch1][group2][n31][n32_lane7][q1],637,1274,ld4_tmp_ld4_branch1_group2_n31,x1_q1_vlane7,tmp_ld3[branch1][q1][group2][n32_lane7][n31],550,1100,ld3_tmp_ld3_branch1_q1_group2,x1_vlane7,LD4_layout_is_recommended_for_four_quartic_lanes;LD3_layout_is_alternative_per_quartic_lane
638,1,2,1,23,7,2,B,6,55,222,606,222,606,-1033,2735,low_plus_high_minus_zeta_high,twist_branch1,55,-1108,2030,top_split_then_twist_then_store_dft3_input,a[192..223],a[576..607],7,tmp_ld4[branch1][group2][n31][n32_lane7][q2],638,1276,ld4_tmp_ld4_branch1_group2_n31,x1_q2_vlane7,tmp_ld3[branch1][q2][group2][n32_lane7][n31],646,1292,ld3_tmp_ld3_branch1_q2_group2,x1_vlane7,LD4_layout_is_recommended_for_four_quartic_lanes;LD3_layout_is_alternative_per_quartic_lane
639,1,2,1,23,7,3,B,6,55,223,607,223,607,-1033,2735,low_plus_high_minus_zeta_high,twist_branch1,55,-1108,2030,top_split_then_twist_then_store_dft3_input,a[192..223],a[576..607],7,tmp_ld4[branch1][group2][n31][n32_lane7][q3],639,1278,ld4_tmp_ld4_branch1_group2_n31,x1_q3_vlane7,tmp_ld3[branch1][q3][group2][n32_lane7][n31],742,1484,ld3_tmp_ld3_branch1_q3_group2,x1_vlane7,LD4_layout_is_recommended_for_four_quartic_lanes;LD3_layout_is_alternative_per_quartic_lane
640,1,2,2,16,0,0,C,10,80,320,704,320,704,-1033,2735,low_plus_high_minus_zeta_high,twist_branch1,80,723,1265,top_split_then_twist_then_store_dft3_input,a[320..351],a[704..735],0,tmp_ld4[branch1][group2][n32][n32_lane0][q0],640,1280,ld4_tmp_ld4_branch1_group2_n32,x2_q0_vlane0,tmp_ld3[branch1][q0][group2][n32_lane0][n32],434,868,ld3_tmp_ld3_branch1_q0_group2,x2_vlane0,LD4_layout_is_recommended_for_four_quartic_lanes;LD3_layout_is_alternative_per_quartic_lane
641,1,2,2,16,0,1,C,10,80,321,705,321,705,-1033,2735,low_plus_high_minus_zeta_high,twist_branch1,80,723,1265,top_split_then_twist_then_store_dft3_input,a[320..351],a[704..735],0,tmp_ld4[branch1][group2][n32][n32_lane0][q1],641,1282,ld4_tmp_ld4_branch1_group2_n32,x2_q1_vlane0,tmp_ld3[branch1][q1][group2][n32_lane0][n32],530,1060,ld3_tmp_ld3_branch1_q1_group2,x2_vlane0,LD4_layout_is_recommended_for_four_quartic_lanes;LD3_layout_is_alternative_per_quartic_lane
642,1,2,2,16,0,2,C,10,80,322,706,322,706,-1033,2735,low_plus_high_minus_zeta_high,twist_branch1,80,723,1265,top_split_then_twist_then_store_dft3_input,a[320..351],a[704..735],0,tmp_ld4[branch1][group2][n32][n32_lane0][q2],642,1284,ld4_tmp_ld4_branch1_group2_n32,x2_q2_vlane0,tmp_ld3[branch1][q2][group2][n32_lane0][n32],626,1252,ld3_tmp_ld3_branch1_q2_group2,x2_vlane0,LD4_layout_is_recommended_for_four_quartic_lanes;LD3_layout_is_alternative_per_quartic_lane
643,1,2,2,16,0,3,C,10,80,323,707,323,707,-1033,2735,low_plus_high_minus_zeta_high,twist_branch1,80,723,1265,top_split_then_twist_then_store_dft3_input,a[320..351],a[704..735],0,tmp_ld4[branch1][group2][n32][n32_lane0][q3],643,1286,ld4_tmp_ld4_branch1_group2_n32,x2_q3_vlane0,tmp_ld3[branch1][q3][group2][n32_lane0][n32],722,1444,ld3_tmp_ld3_branch1_q3_group2,x2_vlane0,LD4_layout_is_recommended_for_four_quartic_lanes;LD3_layout_is_alternative_per_quartic_lane
644,1,2,2,17,1,0,A,2,17,68,452,68,452,-1033,2735,low_plus_high_minus_zeta_high,twist_branch1,17,-432,779,top_split_then_twist_then_store_dft3_input,a[64..95],a[448..479],1,tmp_ld4[branch1][group2][n32][n32_lane1][q0],644,1288,ld4_tmp_ld4_branch1_group2_n32,x2_q0_vlane1,tmp_ld3[branch1][q0][group2][n32_lane1][n32],437,874,ld3_tmp_ld3_branch1_q0_group2,x2_vlane1,LD4_layout_is_recommended_for_four_quartic_lanes;LD3_layout_is_alternative_per_quartic_lane
645,1,2,2,17,1,1,A,2,17,69,453,69,453,-1033,2735,low_plus_high_minus_zeta_high,twist_branch1,17,-432,779,top_split_then_twist_then_store_dft3_input,a[64..95],a[448..479],1,tmp_ld4[branch1][group2][n32][n32_lane1][q1],645,1290,ld4_tmp_ld4_branch1_group2_n32,x2_q1_vlane1,tmp_ld3[branch1][q1][group2][n32_lane1][n32],533,1066,ld3_tmp_ld3_branch1_q1_group2,x2_vlane1,LD4_layout_is_recommended_for_four_quartic_lanes;LD3_layout_is_alternative_per_quartic_lane
646,1,2,2,17,1,2,A,2,17,70,454,70,454,-1033,2735,low_plus_high_minus_zeta_high,twist_branch1,17,-432,779,top_split_then_twist_then_store_dft3_input,a[64..95],a[448..479],1,tmp_ld4[branch1][group2][n32][n32_lane1][q2],646,1292,ld4_tmp_ld4_branch1_group2_n32,x2_q2_vlane1,tmp_ld3[branch1][q2][group2][n32_lane1][n32],629,1258,ld3_tmp_ld3_branch1_q2_group2,x2_vlane1,LD4_layout_is_recommended_for_four_quartic_lanes;LD3_layout_is_alternative_per_quartic_lane
647,1,2,2,17,1,3,A,2,17,71,455,71,455,-1033,2735,low_plus_high_minus_zeta_high,twist_branch1,17,-432,779,top_split_then_twist_then_store_dft3_input,a[64..95],a[448..479],1,tmp_ld4[branch1][group2][n32][n32_lane1][q3],647,1294,ld4_tmp_ld4_branch1_group2_n32,x2_q3_vlane1,tmp_ld3[branch1][q3][group2][n32_lane1][n32],725,1450,ld3_tmp_ld3_branch1_q3_group2,x2_vlane1,LD4_layout_is_recommended_for_four_quartic_lanes;LD3_layout_is_alternative_per_quartic_lane
648,1,2,2,18,2,0,B,6,50,200,584,200,584,-1033,2735,low_plus_high_minus_zeta_high,twist_branch1,50,-54,2258,top_split_then_twist_then_store_dft3_input,a[192..223],a[576..607],2,tmp_ld4[branch1][group2][n32][n32_lane2][q0],648,1296,ld4_tmp_ld4_branch1_group2_n32,x2_q0_vlane2,tmp_ld3[branch1][q0][group2][n32_lane2][n32],440,880,ld3_tmp_ld3_branch1_q0_group2,x2_vlane2,LD4_layout_is_recommended_for_four_quartic_lanes;LD3_layout_is_alternative_per_quartic_lane
649,1,2,2,18,2,1,B,6,50,201,585,201,585,-1033,2735,low_plus_high_minus_zeta_high,twist_branch1,50,-54,2258,top_split_then_twist_then_store_dft3_input,a[192..223],a[576..607],2,tmp_ld4[branch1][group2][n32][n32_lane2][q1],649,1298,ld4_tmp_ld4_branch1_group2_n32,x2_q1_vlane2,tmp_ld3[branch1][q1][group2][n32_lane2][n32],536,1072,ld3_tmp_ld3_branch1_q1_group2,x2_vlane2,LD4_layout_is_recommended_for_four_quartic_lanes;LD3_layout_is_alternative_per_quartic_lane
650,1,2,2,18,2,2,B,6,50,202,586,202,586,-1033,2735,low_plus_high_minus_zeta_high,twist_branch1,50,-54,2258,top_split_then_twist_then_store_dft3_input,a[192..223],a[576..607],2,tmp_ld4[branch1][group2][n32][n32_lane2][q2],650,1300,ld4_tmp_ld4_branch1_group2_n32,x2_q2_vlane2,tmp_ld3[branch1][q2][group2][n32_lane2][n32],632,1264,ld3_tmp_ld3_branch1_q2_group2,x2_vlane2,LD4_layout_is_recommended_for_four_quartic_lanes;LD3_layout_is_alternative_per_quartic_lane
651,1,2,2,18,2,3,B,6,50,203,587,203,587,-1033,2735,low_plus_high_minus_zeta_high,twist_branch1,50,-54,2258,top_split_then_twist_then_store_dft3_input,a[192..223],a[576..607],2,tmp_ld4[branch1][group2][n32][n32_lane2][q3],651,1302,ld4_tmp_ld4_branch1_group2_n32,x2_q3_vlane2,tmp_ld3[branch1][q3][group2][n32_lane2][n32],728,1456,ld3_tmp_ld3_branch1_q3_group2,x2_vlane2,LD4_layout_is_recommended_for_four_quartic_lanes;LD3_layout_is_alternative_per_quartic_lane
652,1,2,2,19,3,0,C,10,83,332,716,332,716,-1033,2735,low_plus_high_minus_zeta_high,twist_branch1,83,-871,2875,top_split_then_twist_then_store_dft3_input,a[320..351],a[704..735],3,tmp_ld4[branch1][group2][n32][n32_lane3][q0],652,1304,ld4_tmp_ld4_branch1_group2_n32,x2_q0_vlane3,tmp_ld3[branch1][q0][group2][n32_lane3][n32],443,886,ld3_tmp_ld3_branch1_q0_group2,x2_vlane3,LD4_layout_is_recommended_for_four_quartic_lanes;LD3_layout_is_alternative_per_quartic_lane
653,1,2,2,19,3,1,C,10,83,333,717,333,717,-1033,2735,low_plus_high_minus_zeta_high,twist_branch1,83,-871,2875,top_split_then_twist_then_store_dft3_input,a[320..351],a[704..735],3,tmp_ld4[branch1][group2][n32][n32_lane3][q1],653,1306,ld4_tmp_ld4_branch1_group2_n32,x2_q1_vlane3,tmp_ld3[branch1][q1][group2][n32_lane3][n32],539,1078,ld3_tmp_ld3_branch1_q1_group2,x2_vlane3,LD4_layout_is_recommended_for_four_quartic_lanes;LD3_layout_is_alternative_per_quartic_lane
654,1,2,2,19,3,2,C,10,83,334,718,334,718,-1033,2735,low_plus_high_minus_zeta_high,twist_branch1,83,-871,2875,top_split_then_twist_then_store_dft3_input,a[320..351],a[704..735],3,tmp_ld4[branch1][group2][n32][n32_lane3][q2],654,1308,ld4_tmp_ld4_branch1_group2_n32,x2_q2_vlane3,tmp_ld3[branch1][q2][group2][n32_lane3][n32],635,1270,ld3_tmp_ld3_branch1_q2_group2,x2_vlane3,LD4_layout_is_recommended_for_four_quartic_lanes;LD3_layout_is_alternative_per_quartic_lane
655,1,2,2,19,3,3,C,10,83,335,719,335,719,-1033,2735,low_plus_high_minus_zeta_high,twist_branch1,83,-871,2875,top_split_then_twist_then_store_dft3_input,a[320..351],a[704..735],3,tmp_ld4[branch1][group2][n32][n32_lane3][q3],655,1310,ld4_tmp_ld4_branch1_group2_n32,x2_q3_vlane3,tmp_ld3[branch1][q3][group2][n32_lane3][n32],731,1462,ld3_tmp_ld3_branch1_q3_group2,x2_vlane3,LD4_layout_is_recommended_for_four_quartic_lanes;LD3_layout_is_alternative_per_quartic_lane
656,1,2,2,20,4,0,A,2,20,80,464,80,464,-1033,2735,low_plus_high_minus_zeta_high,twist_branch1,20,-39,2399,top_split_then_twist_then_store_dft3_input,a[64..95],a[448..479],4,tmp_ld4[branch1][group2][n32][n32_lane4][q0],656,1312,ld4_tmp_ld4_branch1_group2_n32,x2_q0_vlane4,tmp_ld3[branch1][q0][group2][n32_lane4][n32],446,892,ld3_tmp_ld3_branch1_q0_group2,x2_vlane4,LD4_layout_is_recommended_for_four_quartic_lanes;LD3_layout_is_alternative_per_quartic_lane
657,1,2,2,20,4,1,A,2,20,81,465,81,465,-1033,2735,low_plus_high_minus_zeta_high,twist_branch1,20,-39,2399,top_split_then_twist_then_store_dft3_input,a[64..95],a[448..479],4,tmp_ld4[branch1][group2][n32][n32_lane4][q1],657,1314,ld4_tmp_ld4_branch1_group2_n32,x2_q1_vlane4,tmp_ld3[branch1][q1][group2][n32_lane4][n32],542,1084,ld3_tmp_ld3_branch1_q1_group2,x2_vlane4,LD4_layout_is_recommended_for_four_quartic_lanes;LD3_layout_is_alternative_per_quartic_lane
658,1,2,2,20,4,2,A,2,20,82,466,82,466,-1033,2735,low_plus_high_minus_zeta_high,twist_branch1,20,-39,2399,top_split_then_twist_then_store_dft3_input,a[64..95],a[448..479],4,tmp_ld4[branch1][group2][n32][n32_lane4][q2],658,1316,ld4_tmp_ld4_branch1_group2_n32,x2_q2_vlane4,tmp_ld3[branch1][q2][group2][n32_lane4][n32],638,1276,ld3_tmp_ld3_branch1_q2_group2,x2_vlane4,LD4_layout_is_recommended_for_four_quartic_lanes;LD3_layout_is_alternative_per_quartic_lane
659,1,2,2,20,4,3,A,2,20,83,467,83,467,-1033,2735,low_plus_high_minus_zeta_high,twist_branch1,20,-39,2399,top_split_then_twist_then_store_dft3_input,a[64..95],a[448..479],4,tmp_ld4[branch1][group2][n32][n32_lane4][q3],659,1318,ld4_tmp_ld4_branch1_group2_n32,x2_q3_vlane4,tmp_ld3[branch1][q3][group2][n32_lane4][n32],734,1468,ld3_tmp_ld3_branch1_q3_group2,x2_vlane4,LD4_layout_is_recommended_for_four_quartic_lanes;LD3_layout_is_alternative_per_quartic_lane
660,1,2,2,21,5,0,B,6,53,212,596,212,596,-1033,2735,low_plus_high_minus_zeta_high,twist_branch1,53,-437,732,top_split_then_twist_then_store_dft3_input,a[192..223],a[576..607],5,tmp_ld4[branch1][group2][n32][n32_lane5][q0],660,1320,ld4_tmp_ld4_branch1_group2_n32,x2_q0_vlane5,tmp_ld3[branch1][q0][group2][n32_lane5][n32],449,898,ld3_tmp_ld3_branch1_q0_group2,x2_vlane5,LD4_layout_is_recommended_for_four_quartic_lanes;LD3_layout_is_alternative_per_quartic_lane
661,1,2,2,21,5,1,B,6,53,213,597,213,597,-1033,2735,low_plus_high_minus_zeta_high,twist_branch1,53,-437,732,top_split_then_twist_then_store_dft3_input,a[192..223],a[576..607],5,tmp_ld4[branch1][group2][n32][n32_lane5][q1],661,1322,ld4_tmp_ld4_branch1_group2_n32,x2_q1_vlane5,tmp_ld3[branch1][q1][group2][n32_lane5][n32],545,1090,ld3_tmp_ld3_branch1_q1_group2,x2_vlane5,LD4_layout_is_recommended_for_four_quartic_lanes;LD3_layout_is_alternative_per_quartic_lane
662,1,2,2,21,5,2,B,6,53,214,598,214,598,-1033,2735,low_plus_high_minus_zeta_high,twist_branch1,53,-437,732,top_split_then_twist_then_store_dft3_input,a[192..223],a[576..607],5,tmp_ld4[branch1][group2][n32][n32_lane5][q2],662,1324,ld4_tmp_ld4_branch1_group2_n32,x2_q2_vlane5,tmp_ld3[branch1][q2][group2][n32_lane5][n32],641,1282,ld3_tmp_ld3_branch1_q2_group2,x2_vlane5,LD4_layout_is_recommended_for_four_quartic_lanes;LD3_layout_is_alternative_per_quartic_lane
663,1,2,2,21,5,3,B,6,53,215,599,215,599,-1033,2735,low_plus_high_minus_zeta_high,twist_branch1,53,-437,732,top_split_then_twist_then_store_dft3_input,a[192..223],a[576..607],5,tmp_ld4[branch1][group2][n32][n32_lane5][q3],663,1326,ld4_tmp_ld4_branch1_group2_n32,x2_q3_vlane5,tmp_ld3[branch1][q3][group2][n32_lane5][n32],737,1474,ld3_tmp_ld3_branch1_q3_group2,x2_vlane5,LD4_layout_is_recommended_for_four_quartic_lanes;LD3_layout_is_alternative_per_quartic_lane
664,1,2,2,22,6,0,C,10,86,344,728,344,728,-1033,2735,low_plus_high_minus_zeta_high,twist_branch1,86,-1351,1820,top_split_then_twist_then_store_dft3_input,a[320..351],a[704..735],6,tmp_ld4[branch1][group2][n32][n32_lane6][q0],664,1328,ld4_tmp_ld4_branch1_group2_n32,x2_q0_vlane6,tmp_ld3[branch1][q0][group2][n32_lane6][n32],452,904,ld3_tmp_ld3_branch1_q0_group2,x2_vlane6,LD4_layout_is_recommended_for_four_quartic_lanes;LD3_layout_is_alternative_per_quartic_lane
665,1,2,2,22,6,1,C,10,86,345,729,345,729,-1033,2735,low_plus_high_minus_zeta_high,twist_branch1,86,-1351,1820,top_split_then_twist_then_store_dft3_input,a[320..351],a[704..735],6,tmp_ld4[branch1][group2][n32][n32_lane6][q1],665,1330,ld4_tmp_ld4_branch1_group2_n32,x2_q1_vlane6,tmp_ld3[branch1][q1][group2][n32_lane6][n32],548,1096,ld3_tmp_ld3_branch1_q1_group2,x2_vlane6,LD4_layout_is_recommended_for_four_quartic_lanes;LD3_layout_is_alternative_per_quartic_lane
666,1,2,2,22,6,2,C,10,86,346,730,346,730,-1033,2735,low_plus_high_minus_zeta_high,twist_branch1,86,-1351,1820,top_split_then_twist_then_store_dft3_input,a[320..351],a[704..735],6,tmp_ld4[branch1][group2][n32][n32_lane6][q2],666,1332,ld4_tmp_ld4_branch1_group2_n32,x2_q2_vlane6,tmp_ld3[branch1][q2][group2][n32_lane6][n32],644,1288,ld3_tmp_ld3_branch1_q2_group2,x2_vlane6,LD4_layout_is_recommended_for_four_quartic_lanes;LD3_layout_is_alternative_per_quartic_lane
667,1,2,2,22,6,3,C,10,86,347,731,347,731,-1033,2735,low_plus_high_minus_zeta_high,twist_branch1,86,-1351,1820,top_split_then_twist_then_store_dft3_input,a[320..351],a[704..735],6,tmp_ld4[branch1][group2][n32][n32_lane6][q3],667,1334,ld4_tmp_ld4_branch1_group2_n32,x2_q3_vlane6,tmp_ld3[branch1][q3][group2][n32_lane6][n32],740,1480,ld3_tmp_ld3_branch1_q3_group2,x2_vlane6,LD4_layout_is_recommended_for_four_quartic_lanes;LD3_layout_is_alternative_per_quartic_lane
668,1,2,2,23,7,0,A,2,23,92,476,92,476,-1033,2735,low_plus_high_minus_zeta_high,twist_branch1,23,-1660,1681,top_split_then_twist_then_store_dft3_input,a[64..95],a[448..479],7,tmp_ld4[branch1][group2][n32][n32_lane7][q0],668,1336,ld4_tmp_ld4_branch1_group2_n32,x2_q0_vlane7,tmp_ld3[branch1][q0][group2][n32_lane7][n32],455,910,ld3_tmp_ld3_branch1_q0_group2,x2_vlane7,LD4_layout_is_recommended_for_four_quartic_lanes;LD3_layout_is_alternative_per_quartic_lane
669,1,2,2,23,7,1,A,2,23,93,477,93,477,-1033,2735,low_plus_high_minus_zeta_high,twist_branch1,23,-1660,1681,top_split_then_twist_then_store_dft3_input,a[64..95],a[448..479],7,tmp_ld4[branch1][group2][n32][n32_lane7][q1],669,1338,ld4_tmp_ld4_branch1_group2_n32,x2_q1_vlane7,tmp_ld3[branch1][q1][group2][n32_lane7][n32],551,1102,ld3_tmp_ld3_branch1_q1_group2,x2_vlane7,LD4_layout_is_recommended_for_four_quartic_lanes;LD3_layout_is_alternative_per_quartic_lane
670,1,2,2,23,7,2,A,2,23,94,478,94,478,-1033,2735,low_plus_high_minus_zeta_high,twist_branch1,23,-1660,1681,top_split_then_twist_then_store_dft3_input,a[64..95],a[448..479],7,tmp_ld4[branch1][group2][n32][n32_lane7][q2],670,1340,ld4_tmp_ld4_branch1_group2_n32,x2_q2_vlane7,tmp_ld3[branch1][q2][group2][n32_lane7][n32],647,1294,ld3_tmp_ld3_branch1_q2_group2,x2_vlane7,LD4_layout_is_recommended_for_four_quartic_lanes;LD3_layout_is_alternative_per_quartic_lane
671,1,2,2,23,7,3,A,2,23,95,479,95,479,-1033,2735,low_plus_high_minus_zeta_high,twist_branch1,23,-1660,1681,top_split_then_twist_then_store_dft3_input,a[64..95],a[448..479],7,tmp_ld4[branch1][group2][n32][n32_lane7][q3],671,1342,ld4_tmp_ld4_branch1_group2_n32,x2_q3_vlane7,tmp_ld3[branch1][q3][group2][n32_lane7][n32],743,1486,ld3_tmp_ld3_branch1_q3_group2,x2_vlane7,LD4_layout_is_recommended_for_four_quartic_lanes;LD3_layout_is_alternative_per_quartic_lane
672,1,3,0,24,0,0,A,3,24,96,480,96,480,-1033,2735,low_plus_high_minus_zeta_high,twist_branch1,24,-704,3062,top_split_then_twist_then_store_dft3_input,a[96..127],a[480..511],0,tmp_ld4[branch1][group3][n30][n32_lane0][q0],672,1344,ld4_tmp_ld4_branch1_group3_n30,x0_q0_vlane0,tmp_ld3[branch1][q0][group3][n32_lane0][n30],456,912,ld3_tmp_ld3_branch1_q0_group3,x0_vlane0,LD4_layout_is_recommended_for_four_quartic_lanes;LD3_layout_is_alternative_per_quartic_lane
673,1,3,0,24,0,1,A,3,24,97,481,97,481,-1033,2735,low_plus_high_minus_zeta_high,twist_branch1,24,-704,3062,top_split_then_twist_then_store_dft3_input,a[96..127],a[480..511],0,tmp_ld4[branch1][group3][n30][n32_lane0][q1],673,1346,ld4_tmp_ld4_branch1_group3_n30,x0_q1_vlane0,tmp_ld3[branch1][q1][group3][n32_lane0][n30],552,1104,ld3_tmp_ld3_branch1_q1_group3,x0_vlane0,LD4_layout_is_recommended_for_four_quartic_lanes;LD3_layout_is_alternative_per_quartic_lane
674,1,3,0,24,0,2,A,3,24,98,482,98,482,-1033,2735,low_plus_high_minus_zeta_high,twist_branch1,24,-704,3062,top_split_then_twist_then_store_dft3_input,a[96..127],a[480..511],0,tmp_ld4[branch1][group3][n30][n32_lane0][q2],674,1348,ld4_tmp_ld4_branch1_group3_n30,x0_q2_vlane0,tmp_ld3[branch1][q2][group3][n32_lane0][n30],648,1296,ld3_tmp_ld3_branch1_q2_group3,x0_vlane0,LD4_layout_is_recommended_for_four_quartic_lanes;LD3_layout_is_alternative_per_quartic_lane
675,1,3,0,24,0,3,A,3,24,99,483,99,483,-1033,2735,low_plus_high_minus_zeta_high,twist_branch1,24,-704,3062,top_split_then_twist_then_store_dft3_input,a[96..127],a[480..511],0,tmp_ld4[branch1][group3][n30][n32_lane0][q3],675,1350,ld4_tmp_ld4_branch1_group3_n30,x0_q3_vlane0,tmp_ld3[branch1][q3][group3][n32_lane0][n30],744,1488,ld3_tmp_ld3_branch1_q3_group3,x0_vlane0,LD4_layout_is_recommended_for_four_quartic_lanes;LD3_layout_is_alternative_per_quartic_lane
676,1,3,0,25,1,0,B,7,57,228,612,228,612,-1033,2735,low_plus_high_minus_zeta_high,twist_branch1,57,-88,1247,top_split_then_twist_then_store_dft3_input,a[224..255],a[608..639],1,tmp_ld4[branch1][group3][n30][n32_lane1][q0],676,1352,ld4_tmp_ld4_branch1_group3_n30,x0_q0_vlane1,tmp_ld3[branch1][q0][group3][n32_lane1][n30],459,918,ld3_tmp_ld3_branch1_q0_group3,x0_vlane1,LD4_layout_is_recommended_for_four_quartic_lanes;LD3_layout_is_alternative_per_quartic_lane
677,1,3,0,25,1,1,B,7,57,229,613,229,613,-1033,2735,low_plus_high_minus_zeta_high,twist_branch1,57,-88,1247,top_split_then_twist_then_store_dft3_input,a[224..255],a[608..639],1,tmp_ld4[branch1][group3][n30][n32_lane1][q1],677,1354,ld4_tmp_ld4_branch1_group3_n30,x0_q1_vlane1,tmp_ld3[branch1][q1][group3][n32_lane1][n30],555,1110,ld3_tmp_ld3_branch1_q1_group3,x0_vlane1,LD4_layout_is_recommended_for_four_quartic_lanes;LD3_layout_is_alternative_per_quartic_lane
678,1,3,0,25,1,2,B,7,57,230,614,230,614,-1033,2735,low_plus_high_minus_zeta_high,twist_branch1,57,-88,1247,top_split_then_twist_then_store_dft3_input,a[224..255],a[608..639],1,tmp_ld4[branch1][group3][n30][n32_lane1][q2],678,1356,ld4_tmp_ld4_branch1_group3_n30,x0_q2_vlane1,tmp_ld3[branch1][q2][group3][n32_lane1][n30],651,1302,ld3_tmp_ld3_branch1_q2_group3,x0_vlane1,LD4_layout_is_recommended_for_four_quartic_lanes;LD3_layout_is_alternative_per_quartic_lane
679,1,3,0,25,1,3,B,7,57,231,615,231,615,-1033,2735,low_plus_high_minus_zeta_high,twist_branch1,57,-88,1247,top_split_then_twist_then_store_dft3_input,a[224..255],a[608..639],1,tmp_ld4[branch1][group3][n30][n32_lane1][q3],679,1358,ld4_tmp_ld4_branch1_group3_n30,x0_q3_vlane1,tmp_ld3[branch1][q3][group3][n32_lane1][n30],747,1494,ld3_tmp_ld3_branch1_q3_group3,x0_vlane1,LD4_layout_is_recommended_for_four_quartic_lanes;LD3_layout_is_alternative_per_quartic_lane
680,1,3,0,26,2,0,C,11,90,360,744,360,744,-1033,2735,low_plus_high_minus_zeta_high,twist_branch1,90,-11,588,top_split_then_twist_then_store_dft3_input,a[352..383],a[736..767],2,tmp_ld4[branch1][group3][n30][n32_lane2][q0],680,1360,ld4_tmp_ld4_branch1_group3_n30,x0_q0_vlane2,tmp_ld3[branch1][q0][group3][n32_lane2][n30],462,924,ld3_tmp_ld3_branch1_q0_group3,x0_vlane2,LD4_layout_is_recommended_for_four_quartic_lanes;LD3_layout_is_alternative_per_quartic_lane
681,1,3,0,26,2,1,C,11,90,361,745,361,745,-1033,2735,low_plus_high_minus_zeta_high,twist_branch1,90,-11,588,top_split_then_twist_then_store_dft3_input,a[352..383],a[736..767],2,tmp_ld4[branch1][group3][n30][n32_lane2][q1],681,1362,ld4_tmp_ld4_branch1_group3_n30,x0_q1_vlane2,tmp_ld3[branch1][q1][group3][n32_lane2][n30],558,1116,ld3_tmp_ld3_branch1_q1_group3,x0_vlane2,LD4_layout_is_recommended_for_four_quartic_lanes;LD3_layout_is_alternative_per_quartic_lane
682,1,3,0,26,2,2,C,11,90,362,746,362,746,-1033,2735,low_plus_high_minus_zeta_high,twist_branch1,90,-11,588,top_split_then_twist_then_store_dft3_input,a[352..383],a[736..767],2,tmp_ld4[branch1][group3][n30][n32_lane2][q2],682,1364,ld4_tmp_ld4_branch1_group3_n30,x0_q2_vlane2,tmp_ld3[branch1][q2][group3][n32_lane2][n30],654,1308,ld3_tmp_ld3_branch1_q2_group3,x0_vlane2,LD4_layout_is_recommended_for_four_quartic_lanes;LD3_layout_is_alternative_per_quartic_lane
683,1,3,0,26,2,3,C,11,90,363,747,363,747,-1033,2735,low_plus_high_minus_zeta_high,twist_branch1,90,-11,588,top_split_then_twist_then_store_dft3_input,a[352..383],a[736..767],2,tmp_ld4[branch1][group3][n30][n32_lane2][q3],683,1366,ld4_tmp_ld4_branch1_group3_n30,x0_q3_vlane2,tmp_ld3[branch1][q3][group3][n32_lane2][n30],750,1500,ld3_tmp_ld3_branch1_q3_group3,x0_vlane2,LD4_layout_is_recommended_for_four_quartic_lanes;LD3_layout_is_alternative_per_quartic_lane
684,1,3,0,27,3,0,A,3,27,108,492,108,492,-1033,2735,low_plus_high_minus_zeta_high,twist_branch1,27,-1600,2245,top_split_then_twist_then_store_dft3_input,a[96..127],a[480..511],3,tmp_ld4[branch1][group3][n30][n32_lane3][q0],684,1368,ld4_tmp_ld4_branch1_group3_n30,x0_q0_vlane3,tmp_ld3[branch1][q0][group3][n32_lane3][n30],465,930,ld3_tmp_ld3_branch1_q0_group3,x0_vlane3,LD4_layout_is_recommended_for_four_quartic_lanes;LD3_layout_is_alternative_per_quartic_lane
685,1,3,0,27,3,1,A,3,27,109,493,109,493,-1033,2735,low_plus_high_minus_zeta_high,twist_branch1,27,-1600,2245,top_split_then_twist_then_store_dft3_input,a[96..127],a[480..511],3,tmp_ld4[branch1][group3][n30][n32_lane3][q1],685,1370,ld4_tmp_ld4_branch1_group3_n30,x0_q1_vlane3,tmp_ld3[branch1][q1][group3][n32_lane3][n30],561,1122,ld3_tmp_ld3_branch1_q1_group3,x0_vlane3,LD4_layout_is_recommended_for_four_quartic_lanes;LD3_layout_is_alternative_per_quartic_lane
686,1,3,0,27,3,2,A,3,27,110,494,110,494,-1033,2735,low_plus_high_minus_zeta_high,twist_branch1,27,-1600,2245,top_split_then_twist_then_store_dft3_input,a[96..127],a[480..511],3,tmp_ld4[branch1][group3][n30][n32_lane3][q2],686,1372,ld4_tmp_ld4_branch1_group3_n30,x0_q2_vlane3,tmp_ld3[branch1][q2][group3][n32_lane3][n30],657,1314,ld3_tmp_ld3_branch1_q2_group3,x0_vlane3,LD4_layout_is_recommended_for_four_quartic_lanes;LD3_layout_is_alternative_per_quartic_lane
687,1,3,0,27,3,3,A,3,27,111,495,111,495,-1033,2735,low_plus_high_minus_zeta_high,twist_branch1,27,-1600,2245,top_split_then_twist_then_store_dft3_input,a[96..127],a[480..511],3,tmp_ld4[branch1][group3][n30][n32_lane3][q3],687,1374,ld4_tmp_ld4_branch1_group3_n30,x0_q3_vlane3,tmp_ld3[branch1][q3][group3][n32_lane3][n30],753,1506,ld3_tmp_ld3_branch1_q3_group3,x0_vlane3,LD4_layout_is_recommended_for_four_quartic_lanes;LD3_layout_is_alternative_per_quartic_lane
688,1,3,0,28,4,0,B,7,60,240,624,240,624,-1033,2735,low_plus_high_minus_zeta_high,twist_branch1,60,-200,1577,top_split_then_twist_then_store_dft3_input,a[224..255],a[608..639],4,tmp_ld4[branch1][group3][n30][n32_lane4][q0],688,1376,ld4_tmp_ld4_branch1_group3_n30,x0_q0_vlane4,tmp_ld3[branch1][q0][group3][n32_lane4][n30],468,936,ld3_tmp_ld3_branch1_q0_group3,x0_vlane4,LD4_layout_is_recommended_for_four_quartic_lanes;LD3_layout_is_alternative_per_quartic_lane
689,1,3,0,28,4,1,B,7,60,241,625,241,625,-1033,2735,low_plus_high_minus_zeta_high,twist_branch1,60,-200,1577,top_split_then_twist_then_store_dft3_input,a[224..255],a[608..639],4,tmp_ld4[branch1][group3][n30][n32_lane4][q1],689,1378,ld4_tmp_ld4_branch1_group3_n30,x0_q1_vlane4,tmp_ld3[branch1][q1][group3][n32_lane4][n30],564,1128,ld3_tmp_ld3_branch1_q1_group3,x0_vlane4,LD4_layout_is_recommended_for_four_quartic_lanes;LD3_layout_is_alternative_per_quartic_lane
690,1,3,0,28,4,2,B,7,60,242,626,242,626,-1033,2735,low_plus_high_minus_zeta_high,twist_branch1,60,-200,1577,top_split_then_twist_then_store_dft3_input,a[224..255],a[608..639],4,tmp_ld4[branch1][group3][n30][n32_lane4][q2],690,1380,ld4_tmp_ld4_branch1_group3_n30,x0_q2_vlane4,tmp_ld3[branch1][q2][group3][n32_lane4][n30],660,1320,ld3_tmp_ld3_branch1_q2_group3,x0_vlane4,LD4_layout_is_recommended_for_four_quartic_lanes;LD3_layout_is_alternative_per_quartic_lane
691,1,3,0,28,4,3,B,7,60,243,627,243,627,-1033,2735,low_plus_high_minus_zeta_high,twist_branch1,60,-200,1577,top_split_then_twist_then_store_dft3_input,a[224..255],a[608..639],4,tmp_ld4[branch1][group3][n30][n32_lane4][q3],691,1382,ld4_tmp_ld4_branch1_group3_n30,x0_q3_vlane4,tmp_ld3[branch1][q3][group3][n32_lane4][n30],756,1512,ld3_tmp_ld3_branch1_q3_group3,x0_vlane4,LD4_layout_is_recommended_for_four_quartic_lanes;LD3_layout_is_alternative_per_quartic_lane
692,1,3,0,29,5,0,C,11,93,372,756,372,756,-1033,2735,low_plus_high_minus_zeta_high,twist_branch1,93,-25,3222,top_split_then_twist_then_store_dft3_input,a[352..383],a[736..767],5,tmp_ld4[branch1][group3][n30][n32_lane5][q0],692,1384,ld4_tmp_ld4_branch1_group3_n30,x0_q0_vlane5,tmp_ld3[branch1][q0][group3][n32_lane5][n30],471,942,ld3_tmp_ld3_branch1_q0_group3,x0_vlane5,LD4_layout_is_recommended_for_four_quartic_lanes;LD3_layout_is_alternative_per_quartic_lane
693,1,3,0,29,5,1,C,11,93,373,757,373,757,-1033,2735,low_plus_high_minus_zeta_high,twist_branch1,93,-25,3222,top_split_then_twist_then_store_dft3_input,a[352..383],a[736..767],5,tmp_ld4[branch1][group3][n30][n32_lane5][q1],693,1386,ld4_tmp_ld4_branch1_group3_n30,x0_q1_vlane5,tmp_ld3[branch1][q1][group3][n32_lane5][n30],567,1134,ld3_tmp_ld3_branch1_q1_group3,x0_vlane5,LD4_layout_is_recommended_for_four_quartic_lanes;LD3_layout_is_alternative_per_quartic_lane
694,1,3,0,29,5,2,C,11,93,374,758,374,758,-1033,2735,low_plus_high_minus_zeta_high,twist_branch1,93,-25,3222,top_split_then_twist_then_store_dft3_input,a[352..383],a[736..767],5,tmp_ld4[branch1][group3][n30][n32_lane5][q2],694,1388,ld4_tmp_ld4_branch1_group3_n30,x0_q2_vlane5,tmp_ld3[branch1][q2][group3][n32_lane5][n30],663,1326,ld3_tmp_ld3_branch1_q2_group3,x0_vlane5,LD4_layout_is_recommended_for_four_quartic_lanes;LD3_layout_is_alternative_per_quartic_lane
695,1,3,0,29,5,3,C,11,93,375,759,375,759,-1033,2735,low_plus_high_minus_zeta_high,twist_branch1,93,-25,3222,top_split_then_twist_then_store_dft3_input,a[352..383],a[736..767],5,tmp_ld4[branch1][group3][n30][n32_lane5][q3],695,1390,ld4_tmp_ld4_branch1_group3_n30,x0_q3_vlane5,tmp_ld3[branch1][q3][group3][n32_lane5][n30],759,1518,ld3_tmp_ld3_branch1_q3_group3,x0_vlane5,LD4_layout_is_recommended_for_four_quartic_lanes;LD3_layout_is_alternative_per_quartic_lane
696,1,3,0,30,6,0,A,3,30,120,504,120,504,-1033,2735,low_plus_high_minus_zeta_high,twist_branch1,30,1392,1331,top_split_then_twist_then_store_dft3_input,a[96..127],a[480..511],6,tmp_ld4[branch1][group3][n30][n32_lane6][q0],696,1392,ld4_tmp_ld4_branch1_group3_n30,x0_q0_vlane6,tmp_ld3[branch1][q0][group3][n32_lane6][n30],474,948,ld3_tmp_ld3_branch1_q0_group3,x0_vlane6,LD4_layout_is_recommended_for_four_quartic_lanes;LD3_layout_is_alternative_per_quartic_lane
697,1,3,0,30,6,1,A,3,30,121,505,121,505,-1033,2735,low_plus_high_minus_zeta_high,twist_branch1,30,1392,1331,top_split_then_twist_then_store_dft3_input,a[96..127],a[480..511],6,tmp_ld4[branch1][group3][n30][n32_lane6][q1],697,1394,ld4_tmp_ld4_branch1_group3_n30,x0_q1_vlane6,tmp_ld3[branch1][q1][group3][n32_lane6][n30],570,1140,ld3_tmp_ld3_branch1_q1_group3,x0_vlane6,LD4_layout_is_recommended_for_four_quartic_lanes;LD3_layout_is_alternative_per_quartic_lane
698,1,3,0,30,6,2,A,3,30,122,506,122,506,-1033,2735,low_plus_high_minus_zeta_high,twist_branch1,30,1392,1331,top_split_then_twist_then_store_dft3_input,a[96..127],a[480..511],6,tmp_ld4[branch1][group3][n30][n32_lane6][q2],698,1396,ld4_tmp_ld4_branch1_group3_n30,x0_q2_vlane6,tmp_ld3[branch1][q2][group3][n32_lane6][n30],666,1332,ld3_tmp_ld3_branch1_q2_group3,x0_vlane6,LD4_layout_is_recommended_for_four_quartic_lanes;LD3_layout_is_alternative_per_quartic_lane
699,1,3,0,30,6,3,A,3,30,123,507,123,507,-1033,2735,low_plus_high_minus_zeta_high,twist_branch1,30,1392,1331,top_split_then_twist_then_store_dft3_input,a[96..127],a[480..511],6,tmp_ld4[branch1][group3][n30][n32_lane6][q3],699,1398,ld4_tmp_ld4_branch1_group3_n30,x0_q3_vlane6,tmp_ld3[branch1][q3][group3][n32_lane6][n30],762,1524,ld3_tmp_ld3_branch1_q3_group3,x0_vlane6,LD4_layout_is_recommended_for_four_quartic_lanes;LD3_layout_is_alternative_per_quartic_lane
700,1,3,0,31,7,0,B,7,63,252,636,252,636,-1033,2735,low_plus_high_minus_zeta_high,twist_branch1,63,174,2327,top_split_then_twist_then_store_dft3_input,a[224..255],a[608..639],7,tmp_ld4[branch1][group3][n30][n32_lane7][q0],700,1400,ld4_tmp_ld4_branch1_group3_n30,x0_q0_vlane7,tmp_ld3[branch1][q0][group3][n32_lane7][n30],477,954,ld3_tmp_ld3_branch1_q0_group3,x0_vlane7,LD4_layout_is_recommended_for_four_quartic_lanes;LD3_layout_is_alternative_per_quartic_lane
701,1,3,0,31,7,1,B,7,63,253,637,253,637,-1033,2735,low_plus_high_minus_zeta_high,twist_branch1,63,174,2327,top_split_then_twist_then_store_dft3_input,a[224..255],a[608..639],7,tmp_ld4[branch1][group3][n30][n32_lane7][q1],701,1402,ld4_tmp_ld4_branch1_group3_n30,x0_q1_vlane7,tmp_ld3[branch1][q1][group3][n32_lane7][n30],573,1146,ld3_tmp_ld3_branch1_q1_group3,x0_vlane7,LD4_layout_is_recommended_for_four_quartic_lanes;LD3_layout_is_alternative_per_quartic_lane
702,1,3,0,31,7,2,B,7,63,254,638,254,638,-1033,2735,low_plus_high_minus_zeta_high,twist_branch1,63,174,2327,top_split_then_twist_then_store_dft3_input,a[224..255],a[608..639],7,tmp_ld4[branch1][group3][n30][n32_lane7][q2],702,1404,ld4_tmp_ld4_branch1_group3_n30,x0_q2_vlane7,tmp_ld3[branch1][q2][group3][n32_lane7][n30],669,1338,ld3_tmp_ld3_branch1_q2_group3,x0_vlane7,LD4_layout_is_recommended_for_four_quartic_lanes;LD3_layout_is_alternative_per_quartic_lane
703,1,3,0,31,7,3,B,7,63,255,639,255,639,-1033,2735,low_plus_high_minus_zeta_high,twist_branch1,63,174,2327,top_split_then_twist_then_store_dft3_input,a[224..255],a[608..639],7,tmp_ld4[branch1][group3][n30][n32_lane7][q3],703,1406,ld4_tmp_ld4_branch1_group3_n30,x0_q3_vlane7,tmp_ld3[branch1][q3][group3][n32_lane7][n30],765,1530,ld3_tmp_ld3_branch1_q3_group3,x0_vlane7,LD4_layout_is_recommended_for_four_quartic_lanes;LD3_layout_is_alternative_per_quartic_lane
704,1,3,1,24,0,0,C,11,88,352,736,352,736,-1033,2735,low_plus_high_minus_zeta_high,twist_branch1,88,1590,1118,top_split_then_twist_then_store_dft3_input,a[352..383],a[736..767],0,tmp_ld4[branch1][group3][n31][n32_lane0][q0],704,1408,ld4_tmp_ld4_branch1_group3_n31,x1_q0_vlane0,tmp_ld3[branch1][q0][group3][n32_lane0][n31],457,914,ld3_tmp_ld3_branch1_q0_group3,x1_vlane0,LD4_layout_is_recommended_for_four_quartic_lanes;LD3_layout_is_alternative_per_quartic_lane
705,1,3,1,24,0,1,C,11,88,353,737,353,737,-1033,2735,low_plus_high_minus_zeta_high,twist_branch1,88,1590,1118,top_split_then_twist_then_store_dft3_input,a[352..383],a[736..767],0,tmp_ld4[branch1][group3][n31][n32_lane0][q1],705,1410,ld4_tmp_ld4_branch1_group3_n31,x1_q1_vlane0,tmp_ld3[branch1][q1][group3][n32_lane0][n31],553,1106,ld3_tmp_ld3_branch1_q1_group3,x1_vlane0,LD4_layout_is_recommended_for_four_quartic_lanes;LD3_layout_is_alternative_per_quartic_lane
706,1,3,1,24,0,2,C,11,88,354,738,354,738,-1033,2735,low_plus_high_minus_zeta_high,twist_branch1,88,1590,1118,top_split_then_twist_then_store_dft3_input,a[352..383],a[736..767],0,tmp_ld4[branch1][group3][n31][n32_lane0][q2],706,1412,ld4_tmp_ld4_branch1_group3_n31,x1_q2_vlane0,tmp_ld3[branch1][q2][group3][n32_lane0][n31],649,1298,ld3_tmp_ld3_branch1_q2_group3,x1_vlane0,LD4_layout_is_recommended_for_four_quartic_lanes;LD3_layout_is_alternative_per_quartic_lane
707,1,3,1,24,0,3,C,11,88,355,739,355,739,-1033,2735,low_plus_high_minus_zeta_high,twist_branch1,88,1590,1118,top_split_then_twist_then_store_dft3_input,a[352..383],a[736..767],0,tmp_ld4[branch1][group3][n31][n32_lane0][q3],707,1414,ld4_tmp_ld4_branch1_group3_n31,x1_q3_vlane0,tmp_ld3[branch1][q3][group3][n32_lane0][n31],745,1490,ld3_tmp_ld3_branch1_q3_group3,x1_vlane0,LD4_layout_is_recommended_for_four_quartic_lanes;LD3_layout_is_alternative_per_quartic_lane
708,1,3,1,25,1,0,A,3,25,100,484,100,484,-1033,2735,low_plus_high_minus_zeta_high,twist_branch1,25,-32,1082,top_split_then_twist_then_store_dft3_input,a[96..127],a[480..511],1,tmp_ld4[branch1][group3][n31][n32_lane1][q0],708,1416,ld4_tmp_ld4_branch1_group3_n31,x1_q0_vlane1,tmp_ld3[branch1][q0][group3][n32_lane1][n31],460,920,ld3_tmp_ld3_branch1_q0_group3,x1_vlane1,LD4_layout_is_recommended_for_four_quartic_lanes;LD3_layout_is_alternative_per_quartic_lane
709,1,3,1,25,1,1,A,3,25,101,485,101,485,-1033,2735,low_plus_high_minus_zeta_high,twist_branch1,25,-32,1082,top_split_then_twist_then_store_dft3_input,a[96..127],a[480..511],1,tmp_ld4[branch1][group3][n31][n32_lane1][q1],709,1418,ld4_tmp_ld4_branch1_group3_n31,x1_q1_vlane1,tmp_ld3[branch1][q1][group3][n32_lane1][n31],556,1112,ld3_tmp_ld3_branch1_q1_group3,x1_vlane1,LD4_layout_is_recommended_for_four_quartic_lanes;LD3_layout_is_alternative_per_quartic_lane
710,1,3,1,25,1,2,A,3,25,102,486,102,486,-1033,2735,low_plus_high_minus_zeta_high,twist_branch1,25,-32,1082,top_split_then_twist_then_store_dft3_input,a[96..127],a[480..511],1,tmp_ld4[branch1][group3][n31][n32_lane1][q2],710,1420,ld4_tmp_ld4_branch1_group3_n31,x1_q2_vlane1,tmp_ld3[branch1][q2][group3][n32_lane1][n31],652,1304,ld3_tmp_ld3_branch1_q2_group3,x1_vlane1,LD4_layout_is_recommended_for_four_quartic_lanes;LD3_layout_is_alternative_per_quartic_lane
711,1,3,1,25,1,3,A,3,25,103,487,103,487,-1033,2735,low_plus_high_minus_zeta_high,twist_branch1,25,-32,1082,top_split_then_twist_then_store_dft3_input,a[96..127],a[480..511],1,tmp_ld4[branch1][group3][n31][n32_lane1][q3],711,1422,ld4_tmp_ld4_branch1_group3_n31,x1_q3_vlane1,tmp_ld3[branch1][q3][group3][n32_lane1][n31],748,1496,ld3_tmp_ld3_branch1_q3_group3,x1_vlane1,LD4_layout_is_recommended_for_four_quartic_lanes;LD3_layout_is_alternative_per_quartic_lane
712,1,3,1,26,2,0,B,7,58,232,616,232,616,-1033,2735,low_plus_high_minus_zeta_high,twist_branch1,58,-4,2728,top_split_then_twist_then_store_dft3_input,a[224..255],a[608..639],2,tmp_ld4[branch1][group3][n31][n32_lane2][q0],712,1424,ld4_tmp_ld4_branch1_group3_n31,x1_q0_vlane2,tmp_ld3[branch1][q0][group3][n32_lane2][n31],463,926,ld3_tmp_ld3_branch1_q0_group3,x1_vlane2,LD4_layout_is_recommended_for_four_quartic_lanes;LD3_layout_is_alternative_per_quartic_lane
713,1,3,1,26,2,1,B,7,58,233,617,233,617,-1033,2735,low_plus_high_minus_zeta_high,twist_branch1,58,-4,2728,top_split_then_twist_then_store_dft3_input,a[224..255],a[608..639],2,tmp_ld4[branch1][group3][n31][n32_lane2][q1],713,1426,ld4_tmp_ld4_branch1_group3_n31,x1_q1_vlane2,tmp_ld3[branch1][q1][group3][n32_lane2][n31],559,1118,ld3_tmp_ld3_branch1_q1_group3,x1_vlane2,LD4_layout_is_recommended_for_four_quartic_lanes;LD3_layout_is_alternative_per_quartic_lane
714,1,3,1,26,2,2,B,7,58,234,618,234,618,-1033,2735,low_plus_high_minus_zeta_high,twist_branch1,58,-4,2728,top_split_then_twist_then_store_dft3_input,a[224..255],a[608..639],2,tmp_ld4[branch1][group3][n31][n32_lane2][q2],714,1428,ld4_tmp_ld4_branch1_group3_n31,x1_q2_vlane2,tmp_ld3[branch1][q2][group3][n32_lane2][n31],655,1310,ld3_tmp_ld3_branch1_q2_group3,x1_vlane2,LD4_layout_is_recommended_for_four_quartic_lanes;LD3_layout_is_alternative_per_quartic_lane
715,1,3,1,26,2,3,B,7,58,235,619,235,619,-1033,2735,low_plus_high_minus_zeta_high,twist_branch1,58,-4,2728,top_split_then_twist_then_store_dft3_input,a[224..255],a[608..639],2,tmp_ld4[branch1][group3][n31][n32_lane2][q3],715,1430,ld4_tmp_ld4_branch1_group3_n31,x1_q3_vlane2,tmp_ld3[branch1][q3][group3][n32_lane2][n31],751,1502,ld3_tmp_ld3_branch1_q3_group3,x1_vlane2,LD4_layout_is_recommended_for_four_quartic_lanes;LD3_layout_is_alternative_per_quartic_lane
716,1,3,1,27,3,0,C,11,91,364,748,364,748,-1033,2735,low_plus_high_minus_zeta_high,twist_branch1,91,1728,341,top_split_then_twist_then_store_dft3_input,a[352..383],a[736..767],3,tmp_ld4[branch1][group3][n31][n32_lane3][q0],716,1432,ld4_tmp_ld4_branch1_group3_n31,x1_q0_vlane3,tmp_ld3[branch1][q0][group3][n32_lane3][n31],466,932,ld3_tmp_ld3_branch1_q0_group3,x1_vlane3,LD4_layout_is_recommended_for_four_quartic_lanes;LD3_layout_is_alternative_per_quartic_lane
717,1,3,1,27,3,1,C,11,91,365,749,365,749,-1033,2735,low_plus_high_minus_zeta_high,twist_branch1,91,1728,341,top_split_then_twist_then_store_dft3_input,a[352..383],a[736..767],3,tmp_ld4[branch1][group3][n31][n32_lane3][q1],717,1434,ld4_tmp_ld4_branch1_group3_n31,x1_q1_vlane3,tmp_ld3[branch1][q1][group3][n32_lane3][n31],562,1124,ld3_tmp_ld3_branch1_q1_group3,x1_vlane3,LD4_layout_is_recommended_for_four_quartic_lanes;LD3_layout_is_alternative_per_quartic_lane
718,1,3,1,27,3,2,C,11,91,366,750,366,750,-1033,2735,low_plus_high_minus_zeta_high,twist_branch1,91,1728,341,top_split_then_twist_then_store_dft3_input,a[352..383],a[736..767],3,tmp_ld4[branch1][group3][n31][n32_lane3][q2],718,1436,ld4_tmp_ld4_branch1_group3_n31,x1_q2_vlane3,tmp_ld3[branch1][q2][group3][n32_lane3][n31],658,1316,ld3_tmp_ld3_branch1_q2_group3,x1_vlane3,LD4_layout_is_recommended_for_four_quartic_lanes;LD3_layout_is_alternative_per_quartic_lane
719,1,3,1,27,3,3,C,11,91,367,751,367,751,-1033,2735,low_plus_high_minus_zeta_high,twist_branch1,91,1728,341,top_split_then_twist_then_store_dft3_input,a[352..383],a[736..767],3,tmp_ld4[branch1][group3][n31][n32_lane3][q3],719,1438,ld4_tmp_ld4_branch1_group3_n31,x1_q3_vlane3,tmp_ld3[branch1][q3][group3][n32_lane3][n31],754,1508,ld3_tmp_ld3_branch1_q3_group3,x1_vlane3,LD4_layout_is_recommended_for_four_quartic_lanes;LD3_layout_is_alternative_per_quartic_lane
720,1,3,1,28,4,0,A,3,28,112,496,112,496,-1033,2735,low_plus_high_minus_zeta_high,twist_branch1,28,-387,1202,top_split_then_twist_then_store_dft3_input,a[96..127],a[480..511],4,tmp_ld4[branch1][group3][n31][n32_lane4][q0],720,1440,ld4_tmp_ld4_branch1_group3_n31,x1_q0_vlane4,tmp_ld3[branch1][q0][group3][n32_lane4][n31],469,938,ld3_tmp_ld3_branch1_q0_group3,x1_vlane4,LD4_layout_is_recommended_for_four_quartic_lanes;LD3_layout_is_alternative_per_quartic_lane
721,1,3,1,28,4,1,A,3,28,113,497,113,497,-1033,2735,low_plus_high_minus_zeta_high,twist_branch1,28,-387,1202,top_split_then_twist_then_store_dft3_input,a[96..127],a[480..511],4,tmp_ld4[branch1][group3][n31][n32_lane4][q1],721,1442,ld4_tmp_ld4_branch1_group3_n31,x1_q1_vlane4,tmp_ld3[branch1][q1][group3][n32_lane4][n31],565,1130,ld3_tmp_ld3_branch1_q1_group3,x1_vlane4,LD4_layout_is_recommended_for_four_quartic_lanes;LD3_layout_is_alternative_per_quartic_lane
722,1,3,1,28,4,2,A,3,28,114,498,114,498,-1033,2735,low_plus_high_minus_zeta_high,twist_branch1,28,-387,1202,top_split_then_twist_then_store_dft3_input,a[96..127],a[480..511],4,tmp_ld4[branch1][group3][n31][n32_lane4][q2],722,1444,ld4_tmp_ld4_branch1_group3_n31,x1_q2_vlane4,tmp_ld3[branch1][q2][group3][n32_lane4][n31],661,1322,ld3_tmp_ld3_branch1_q2_group3,x1_vlane4,LD4_layout_is_recommended_for_four_quartic_lanes;LD3_layout_is_alternative_per_quartic_lane
723,1,3,1,28,4,3,A,3,28,115,499,115,499,-1033,2735,low_plus_high_minus_zeta_high,twist_branch1,28,-387,1202,top_split_then_twist_then_store_dft3_input,a[96..127],a[480..511],4,tmp_ld4[branch1][group3][n31][n32_lane4][q3],723,1446,ld4_tmp_ld4_branch1_group3_n31,x1_q3_vlane4,tmp_ld3[branch1][q3][group3][n32_lane4][n31],757,1514,ld3_tmp_ld3_branch1_q3_group3,x1_vlane4,LD4_layout_is_recommended_for_four_quartic_lanes;LD3_layout_is_alternative_per_quartic_lane
724,1,3,1,29,5,0,B,7,61,244,628,244,628,-1033,2735,low_plus_high_minus_zeta_high,twist_branch1,61,1248,2743,top_split_then_twist_then_store_dft3_input,a[224..255],a[608..639],5,tmp_ld4[branch1][group3][n31][n32_lane5][q0],724,1448,ld4_tmp_ld4_branch1_group3_n31,x1_q0_vlane5,tmp_ld3[branch1][q0][group3][n32_lane5][n31],472,944,ld3_tmp_ld3_branch1_q0_group3,x1_vlane5,LD4_layout_is_recommended_for_four_quartic_lanes;LD3_layout_is_alternative_per_quartic_lane
725,1,3,1,29,5,1,B,7,61,245,629,245,629,-1033,2735,low_plus_high_minus_zeta_high,twist_branch1,61,1248,2743,top_split_then_twist_then_store_dft3_input,a[224..255],a[608..639],5,tmp_ld4[branch1][group3][n31][n32_lane5][q1],725,1450,ld4_tmp_ld4_branch1_group3_n31,x1_q1_vlane5,tmp_ld3[branch1][q1][group3][n32_lane5][n31],568,1136,ld3_tmp_ld3_branch1_q1_group3,x1_vlane5,LD4_layout_is_recommended_for_four_quartic_lanes;LD3_layout_is_alternative_per_quartic_lane
726,1,3,1,29,5,2,B,7,61,246,630,246,630,-1033,2735,low_plus_high_minus_zeta_high,twist_branch1,61,1248,2743,top_split_then_twist_then_store_dft3_input,a[224..255],a[608..639],5,tmp_ld4[branch1][group3][n31][n32_lane5][q2],726,1452,ld4_tmp_ld4_branch1_group3_n31,x1_q2_vlane5,tmp_ld3[branch1][q2][group3][n32_lane5][n31],664,1328,ld3_tmp_ld3_branch1_q2_group3,x1_vlane5,LD4_layout_is_recommended_for_four_quartic_lanes;LD3_layout_is_alternative_per_quartic_lane
727,1,3,1,29,5,3,B,7,61,247,631,247,631,-1033,2735,low_plus_high_minus_zeta_high,twist_branch1,61,1248,2743,top_split_then_twist_then_store_dft3_input,a[224..255],a[608..639],5,tmp_ld4[branch1][group3][n31][n32_lane5][q3],727,1454,ld4_tmp_ld4_branch1_group3_n31,x1_q3_vlane5,tmp_ld3[branch1][q3][group3][n32_lane5][n31],760,1520,ld3_tmp_ld3_branch1_q3_group3,x1_vlane5,LD4_layout_is_recommended_for_four_quartic_lanes;LD3_layout_is_alternative_per_quartic_lane
728,1,3,1,30,6,0,C,11,94,376,760,376,760,-1033,2735,low_plus_high_minus_zeta_high,twist_branch1,94,156,775,top_split_then_twist_then_store_dft3_input,a[352..383],a[736..767],6,tmp_ld4[branch1][group3][n31][n32_lane6][q0],728,1456,ld4_tmp_ld4_branch1_group3_n31,x1_q0_vlane6,tmp_ld3[branch1][q0][group3][n32_lane6][n31],475,950,ld3_tmp_ld3_branch1_q0_group3,x1_vlane6,LD4_layout_is_recommended_for_four_quartic_lanes;LD3_layout_is_alternative_per_quartic_lane
729,1,3,1,30,6,1,C,11,94,377,761,377,761,-1033,2735,low_plus_high_minus_zeta_high,twist_branch1,94,156,775,top_split_then_twist_then_store_dft3_input,a[352..383],a[736..767],6,tmp_ld4[branch1][group3][n31][n32_lane6][q1],729,1458,ld4_tmp_ld4_branch1_group3_n31,x1_q1_vlane6,tmp_ld3[branch1][q1][group3][n32_lane6][n31],571,1142,ld3_tmp_ld3_branch1_q1_group3,x1_vlane6,LD4_layout_is_recommended_for_four_quartic_lanes;LD3_layout_is_alternative_per_quartic_lane
730,1,3,1,30,6,2,C,11,94,378,762,378,762,-1033,2735,low_plus_high_minus_zeta_high,twist_branch1,94,156,775,top_split_then_twist_then_store_dft3_input,a[352..383],a[736..767],6,tmp_ld4[branch1][group3][n31][n32_lane6][q2],730,1460,ld4_tmp_ld4_branch1_group3_n31,x1_q2_vlane6,tmp_ld3[branch1][q2][group3][n32_lane6][n31],667,1334,ld3_tmp_ld3_branch1_q2_group3,x1_vlane6,LD4_layout_is_recommended_for_four_quartic_lanes;LD3_layout_is_alternative_per_quartic_lane
731,1,3,1,30,6,3,C,11,94,379,763,379,763,-1033,2735,low_plus_high_minus_zeta_high,twist_branch1,94,156,775,top_split_then_twist_then_store_dft3_input,a[352..383],a[736..767],6,tmp_ld4[branch1][group3][n31][n32_lane6][q3],731,1462,ld4_tmp_ld4_branch1_group3_n31,x1_q3_vlane6,tmp_ld3[branch1][q3][group3][n32_lane6][n31],763,1526,ld3_tmp_ld3_branch1_q3_group3,x1_vlane6,LD4_layout_is_recommended_for_four_quartic_lanes;LD3_layout_is_alternative_per_quartic_lane
732,1,3,1,31,7,0,A,3,31,124,508,124,508,-1033,2735,low_plus_high_minus_zeta_high,twist_branch1,31,-251,1789,top_split_then_twist_then_store_dft3_input,a[96..127],a[480..511],7,tmp_ld4[branch1][group3][n31][n32_lane7][q0],732,1464,ld4_tmp_ld4_branch1_group3_n31,x1_q0_vlane7,tmp_ld3[branch1][q0][group3][n32_lane7][n31],478,956,ld3_tmp_ld3_branch1_q0_group3,x1_vlane7,LD4_layout_is_recommended_for_four_quartic_lanes;LD3_layout_is_alternative_per_quartic_lane
733,1,3,1,31,7,1,A,3,31,125,509,125,509,-1033,2735,low_plus_high_minus_zeta_high,twist_branch1,31,-251,1789,top_split_then_twist_then_store_dft3_input,a[96..127],a[480..511],7,tmp_ld4[branch1][group3][n31][n32_lane7][q1],733,1466,ld4_tmp_ld4_branch1_group3_n31,x1_q1_vlane7,tmp_ld3[branch1][q1][group3][n32_lane7][n31],574,1148,ld3_tmp_ld3_branch1_q1_group3,x1_vlane7,LD4_layout_is_recommended_for_four_quartic_lanes;LD3_layout_is_alternative_per_quartic_lane
734,1,3,1,31,7,2,A,3,31,126,510,126,510,-1033,2735,low_plus_high_minus_zeta_high,twist_branch1,31,-251,1789,top_split_then_twist_then_store_dft3_input,a[96..127],a[480..511],7,tmp_ld4[branch1][group3][n31][n32_lane7][q2],734,1468,ld4_tmp_ld4_branch1_group3_n31,x1_q2_vlane7,tmp_ld3[branch1][q2][group3][n32_lane7][n31],670,1340,ld3_tmp_ld3_branch1_q2_group3,x1_vlane7,LD4_layout_is_recommended_for_four_quartic_lanes;LD3_layout_is_alternative_per_quartic_lane
735,1,3,1,31,7,3,A,3,31,127,511,127,511,-1033,2735,low_plus_high_minus_zeta_high,twist_branch1,31,-251,1789,top_split_then_twist_then_store_dft3_input,a[96..127],a[480..511],7,tmp_ld4[branch1][group3][n31][n32_lane7][q3],735,1470,ld4_tmp_ld4_branch1_group3_n31,x1_q3_vlane7,tmp_ld3[branch1][q3][group3][n32_lane7][n31],766,1532,ld3_tmp_ld3_branch1_q3_group3,x1_vlane7,LD4_layout_is_recommended_for_four_quartic_lanes;LD3_layout_is_alternative_per_quartic_lane
736,1,3,2,24,0,0,B,7,56,224,608,224,608,-1033,2735,low_plus_high_minus_zeta_high,twist_branch1,56,1521,3235,top_split_then_twist_then_store_dft3_input,a[224..255],a[608..639],0,tmp_ld4[branch1][group3][n32][n32_lane0][q0],736,1472,ld4_tmp_ld4_branch1_group3_n32,x2_q0_vlane0,tmp_ld3[branch1][q0][group3][n32_lane0][n32],458,916,ld3_tmp_ld3_branch1_q0_group3,x2_vlane0,LD4_layout_is_recommended_for_four_quartic_lanes;LD3_layout_is_alternative_per_quartic_lane
737,1,3,2,24,0,1,B,7,56,225,609,225,609,-1033,2735,low_plus_high_minus_zeta_high,twist_branch1,56,1521,3235,top_split_then_twist_then_store_dft3_input,a[224..255],a[608..639],0,tmp_ld4[branch1][group3][n32][n32_lane0][q1],737,1474,ld4_tmp_ld4_branch1_group3_n32,x2_q1_vlane0,tmp_ld3[branch1][q1][group3][n32_lane0][n32],554,1108,ld3_tmp_ld3_branch1_q1_group3,x2_vlane0,LD4_layout_is_recommended_for_four_quartic_lanes;LD3_layout_is_alternative_per_quartic_lane
738,1,3,2,24,0,2,B,7,56,226,610,226,610,-1033,2735,low_plus_high_minus_zeta_high,twist_branch1,56,1521,3235,top_split_then_twist_then_store_dft3_input,a[224..255],a[608..639],0,tmp_ld4[branch1][group3][n32][n32_lane0][q2],738,1476,ld4_tmp_ld4_branch1_group3_n32,x2_q2_vlane0,tmp_ld3[branch1][q2][group3][n32_lane0][n32],650,1300,ld3_tmp_ld3_branch1_q2_group3,x2_vlane0,LD4_layout_is_recommended_for_four_quartic_lanes;LD3_layout_is_alternative_per_quartic_lane
739,1,3,2,24,0,3,B,7,56,227,611,227,611,-1033,2735,low_plus_high_minus_zeta_high,twist_branch1,56,1521,3235,top_split_then_twist_then_store_dft3_input,a[224..255],a[608..639],0,tmp_ld4[branch1][group3][n32][n32_lane0][q3],739,1478,ld4_tmp_ld4_branch1_group3_n32,x2_q3_vlane0,tmp_ld3[branch1][q3][group3][n32_lane0][n32],746,1492,ld3_tmp_ld3_branch1_q3_group3,x2_vlane0,LD4_layout_is_recommended_for_four_quartic_lanes;LD3_layout_is_alternative_per_quartic_lane
740,1,3,2,25,1,0,C,11,89,356,740,356,740,-1033,2735,low_plus_high_minus_zeta_high,twist_branch1,89,-242,2565,top_split_then_twist_then_store_dft3_input,a[352..383],a[736..767],1,tmp_ld4[branch1][group3][n32][n32_lane1][q0],740,1480,ld4_tmp_ld4_branch1_group3_n32,x2_q0_vlane1,tmp_ld3[branch1][q0][group3][n32_lane1][n32],461,922,ld3_tmp_ld3_branch1_q0_group3,x2_vlane1,LD4_layout_is_recommended_for_four_quartic_lanes;LD3_layout_is_alternative_per_quartic_lane
741,1,3,2,25,1,1,C,11,89,357,741,357,741,-1033,2735,low_plus_high_minus_zeta_high,twist_branch1,89,-242,2565,top_split_then_twist_then_store_dft3_input,a[352..383],a[736..767],1,tmp_ld4[branch1][group3][n32][n32_lane1][q1],741,1482,ld4_tmp_ld4_branch1_group3_n32,x2_q1_vlane1,tmp_ld3[branch1][q1][group3][n32_lane1][n32],557,1114,ld3_tmp_ld3_branch1_q1_group3,x2_vlane1,LD4_layout_is_recommended_for_four_quartic_lanes;LD3_layout_is_alternative_per_quartic_lane
742,1,3,2,25,1,2,C,11,89,358,742,358,742,-1033,2735,low_plus_high_minus_zeta_high,twist_branch1,89,-242,2565,top_split_then_twist_then_store_dft3_input,a[352..383],a[736..767],1,tmp_ld4[branch1][group3][n32][n32_lane1][q2],742,1484,ld4_tmp_ld4_branch1_group3_n32,x2_q2_vlane1,tmp_ld3[branch1][q2][group3][n32_lane1][n32],653,1306,ld3_tmp_ld3_branch1_q2_group3,x2_vlane1,LD4_layout_is_recommended_for_four_quartic_lanes;LD3_layout_is_alternative_per_quartic_lane
743,1,3,2,25,1,3,C,11,89,359,743,359,743,-1033,2735,low_plus_high_minus_zeta_high,twist_branch1,89,-242,2565,top_split_then_twist_then_store_dft3_input,a[352..383],a[736..767],1,tmp_ld4[branch1][group3][n32][n32_lane1][q3],743,1486,ld4_tmp_ld4_branch1_group3_n32,x2_q3_vlane1,tmp_ld3[branch1][q3][group3][n32_lane1][n32],749,1498,ld3_tmp_ld3_branch1_q3_group3,x2_vlane1,LD4_layout_is_recommended_for_four_quartic_lanes;LD3_layout_is_alternative_per_quartic_lane
744,1,3,2,26,2,0,A,3,26,104,488,104,488,-1033,2735,low_plus_high_minus_zeta_high,twist_branch1,26,-630,992,top_split_then_twist_then_store_dft3_input,a[96..127],a[480..511],2,tmp_ld4[branch1][group3][n32][n32_lane2][q0],744,1488,ld4_tmp_ld4_branch1_group3_n32,x2_q0_vlane2,tmp_ld3[branch1][q0][group3][n32_lane2][n32],464,928,ld3_tmp_ld3_branch1_q0_group3,x2_vlane2,LD4_layout_is_recommended_for_four_quartic_lanes;LD3_layout_is_alternative_per_quartic_lane
745,1,3,2,26,2,1,A,3,26,105,489,105,489,-1033,2735,low_plus_high_minus_zeta_high,twist_branch1,26,-630,992,top_split_then_twist_then_store_dft3_input,a[96..127],a[480..511],2,tmp_ld4[branch1][group3][n32][n32_lane2][q1],745,1490,ld4_tmp_ld4_branch1_group3_n32,x2_q1_vlane2,tmp_ld3[branch1][q1][group3][n32_lane2][n32],560,1120,ld3_tmp_ld3_branch1_q1_group3,x2_vlane2,LD4_layout_is_recommended_for_four_quartic_lanes;LD3_layout_is_alternative_per_quartic_lane
746,1,3,2,26,2,2,A,3,26,106,490,106,490,-1033,2735,low_plus_high_minus_zeta_high,twist_branch1,26,-630,992,top_split_then_twist_then_store_dft3_input,a[96..127],a[480..511],2,tmp_ld4[branch1][group3][n32][n32_lane2][q2],746,1492,ld4_tmp_ld4_branch1_group3_n32,x2_q2_vlane2,tmp_ld3[branch1][q2][group3][n32_lane2][n32],656,1312,ld3_tmp_ld3_branch1_q2_group3,x2_vlane2,LD4_layout_is_recommended_for_four_quartic_lanes;LD3_layout_is_alternative_per_quartic_lane
747,1,3,2,26,2,3,A,3,26,107,491,107,491,-1033,2735,low_plus_high_minus_zeta_high,twist_branch1,26,-630,992,top_split_then_twist_then_store_dft3_input,a[96..127],a[480..511],2,tmp_ld4[branch1][group3][n32][n32_lane2][q3],747,1494,ld4_tmp_ld4_branch1_group3_n32,x2_q3_vlane2,tmp_ld3[branch1][q3][group3][n32_lane2][n32],752,1504,ld3_tmp_ld3_branch1_q3_group3,x2_vlane2,LD4_layout_is_recommended_for_four_quartic_lanes;LD3_layout_is_alternative_per_quartic_lane
748,1,3,2,27,3,0,B,7,59,236,620,236,620,-1033,2735,low_plus_high_minus_zeta_high,twist_branch1,59,-943,124,top_split_then_twist_then_store_dft3_input,a[224..255],a[608..639],3,tmp_ld4[branch1][group3][n32][n32_lane3][q0],748,1496,ld4_tmp_ld4_branch1_group3_n32,x2_q0_vlane3,tmp_ld3[branch1][q0][group3][n32_lane3][n32],467,934,ld3_tmp_ld3_branch1_q0_group3,x2_vlane3,LD4_layout_is_recommended_for_four_quartic_lanes;LD3_layout_is_alternative_per_quartic_lane
749,1,3,2,27,3,1,B,7,59,237,621,237,621,-1033,2735,low_plus_high_minus_zeta_high,twist_branch1,59,-943,124,top_split_then_twist_then_store_dft3_input,a[224..255],a[608..639],3,tmp_ld4[branch1][group3][n32][n32_lane3][q1],749,1498,ld4_tmp_ld4_branch1_group3_n32,x2_q1_vlane3,tmp_ld3[branch1][q1][group3][n32_lane3][n32],563,1126,ld3_tmp_ld3_branch1_q1_group3,x2_vlane3,LD4_layout_is_recommended_for_four_quartic_lanes;LD3_layout_is_alternative_per_quartic_lane
750,1,3,2,27,3,2,B,7,59,238,622,238,622,-1033,2735,low_plus_high_minus_zeta_high,twist_branch1,59,-943,124,top_split_then_twist_then_store_dft3_input,a[224..255],a[608..639],3,tmp_ld4[branch1][group3][n32][n32_lane3][q2],750,1500,ld4_tmp_ld4_branch1_group3_n32,x2_q2_vlane3,tmp_ld3[branch1][q2][group3][n32_lane3][n32],659,1318,ld3_tmp_ld3_branch1_q2_group3,x2_vlane3,LD4_layout_is_recommended_for_four_quartic_lanes;LD3_layout_is_alternative_per_quartic_lane
751,1,3,2,27,3,3,B,7,59,239,623,239,623,-1033,2735,low_plus_high_minus_zeta_high,twist_branch1,59,-943,124,top_split_then_twist_then_store_dft3_input,a[224..255],a[608..639],3,tmp_ld4[branch1][group3][n32][n32_lane3][q3],751,1502,ld4_tmp_ld4_branch1_group3_n32,x2_q3_vlane3,tmp_ld3[branch1][q3][group3][n32_lane3][n32],755,1510,ld3_tmp_ld3_branch1_q3_group3,x2_vlane3,LD4_layout_is_recommended_for_four_quartic_lanes;LD3_layout_is_alternative_per_quartic_lane
752,1,3,2,28,4,0,C,11,92,368,752,368,752,-1033,2735,low_plus_high_minus_zeta_high,twist_branch1,92,-550,1744,top_split_then_twist_then_store_dft3_input,a[352..383],a[736..767],4,tmp_ld4[branch1][group3][n32][n32_lane4][q0],752,1504,ld4_tmp_ld4_branch1_group3_n32,x2_q0_vlane4,tmp_ld3[branch1][q0][group3][n32_lane4][n32],470,940,ld3_tmp_ld3_branch1_q0_group3,x2_vlane4,LD4_layout_is_recommended_for_four_quartic_lanes;LD3_layout_is_alternative_per_quartic_lane
753,1,3,2,28,4,1,C,11,92,369,753,369,753,-1033,2735,low_plus_high_minus_zeta_high,twist_branch1,92,-550,1744,top_split_then_twist_then_store_dft3_input,a[352..383],a[736..767],4,tmp_ld4[branch1][group3][n32][n32_lane4][q1],753,1506,ld4_tmp_ld4_branch1_group3_n32,x2_q1_vlane4,tmp_ld3[branch1][q1][group3][n32_lane4][n32],566,1132,ld3_tmp_ld3_branch1_q1_group3,x2_vlane4,LD4_layout_is_recommended_for_four_quartic_lanes;LD3_layout_is_alternative_per_quartic_lane
754,1,3,2,28,4,2,C,11,92,370,754,370,754,-1033,2735,low_plus_high_minus_zeta_high,twist_branch1,92,-550,1744,top_split_then_twist_then_store_dft3_input,a[352..383],a[736..767],4,tmp_ld4[branch1][group3][n32][n32_lane4][q2],754,1508,ld4_tmp_ld4_branch1_group3_n32,x2_q2_vlane4,tmp_ld3[branch1][q2][group3][n32_lane4][n32],662,1324,ld3_tmp_ld3_branch1_q2_group3,x2_vlane4,LD4_layout_is_recommended_for_four_quartic_lanes;LD3_layout_is_alternative_per_quartic_lane
755,1,3,2,28,4,3,C,11,92,371,755,371,755,-1033,2735,low_plus_high_minus_zeta_high,twist_branch1,92,-550,1744,top_split_then_twist_then_store_dft3_input,a[352..383],a[736..767],4,tmp_ld4[branch1][group3][n32][n32_lane4][q3],755,1510,ld4_tmp_ld4_branch1_group3_n32,x2_q3_vlane4,tmp_ld3[branch1][q3][group3][n32_lane4][n32],758,1516,ld3_tmp_ld3_branch1_q3_group3,x2_vlane4,LD4_layout_is_recommended_for_four_quartic_lanes;LD3_layout_is_alternative_per_quartic_lane
756,1,3,2,29,5,0,A,3,29,116,500,116,500,-1033,2735,low_plus_high_minus_zeta_high,twist_branch1,29,-489,1626,top_split_then_twist_then_store_dft3_input,a[96..127],a[480..511],5,tmp_ld4[branch1][group3][n32][n32_lane5][q0],756,1512,ld4_tmp_ld4_branch1_group3_n32,x2_q0_vlane5,tmp_ld3[branch1][q0][group3][n32_lane5][n32],473,946,ld3_tmp_ld3_branch1_q0_group3,x2_vlane5,LD4_layout_is_recommended_for_four_quartic_lanes;LD3_layout_is_alternative_per_quartic_lane
757,1,3,2,29,5,1,A,3,29,117,501,117,501,-1033,2735,low_plus_high_minus_zeta_high,twist_branch1,29,-489,1626,top_split_then_twist_then_store_dft3_input,a[96..127],a[480..511],5,tmp_ld4[branch1][group3][n32][n32_lane5][q1],757,1514,ld4_tmp_ld4_branch1_group3_n32,x2_q1_vlane5,tmp_ld3[branch1][q1][group3][n32_lane5][n32],569,1138,ld3_tmp_ld3_branch1_q1_group3,x2_vlane5,LD4_layout_is_recommended_for_four_quartic_lanes;LD3_layout_is_alternative_per_quartic_lane
758,1,3,2,29,5,2,A,3,29,118,502,118,502,-1033,2735,low_plus_high_minus_zeta_high,twist_branch1,29,-489,1626,top_split_then_twist_then_store_dft3_input,a[96..127],a[480..511],5,tmp_ld4[branch1][group3][n32][n32_lane5][q2],758,1516,ld4_tmp_ld4_branch1_group3_n32,x2_q2_vlane5,tmp_ld3[branch1][q2][group3][n32_lane5][n32],665,1330,ld3_tmp_ld3_branch1_q2_group3,x2_vlane5,LD4_layout_is_recommended_for_four_quartic_lanes;LD3_layout_is_alternative_per_quartic_lane
759,1,3,2,29,5,3,A,3,29,119,503,119,503,-1033,2735,low_plus_high_minus_zeta_high,twist_branch1,29,-489,1626,top_split_then_twist_then_store_dft3_input,a[96..127],a[480..511],5,tmp_ld4[branch1][group3][n32][n32_lane5][q3],759,1518,ld4_tmp_ld4_branch1_group3_n32,x2_q3_vlane5,tmp_ld3[branch1][q3][group3][n32_lane5][n32],761,1522,ld3_tmp_ld3_branch1_q3_group3,x2_vlane5,LD4_layout_is_recommended_for_four_quartic_lanes;LD3_layout_is_alternative_per_quartic_lane
760,1,3,2,30,6,0,B,7,62,248,632,248,632,-1033,2735,low_plus_high_minus_zeta_high,twist_branch1,62,371,2796,top_split_then_twist_then_store_dft3_input,a[224..255],a[608..639],6,tmp_ld4[branch1][group3][n32][n32_lane6][q0],760,1520,ld4_tmp_ld4_branch1_group3_n32,x2_q0_vlane6,tmp_ld3[branch1][q0][group3][n32_lane6][n32],476,952,ld3_tmp_ld3_branch1_q0_group3,x2_vlane6,LD4_layout_is_recommended_for_four_quartic_lanes;LD3_layout_is_alternative_per_quartic_lane
761,1,3,2,30,6,1,B,7,62,249,633,249,633,-1033,2735,low_plus_high_minus_zeta_high,twist_branch1,62,371,2796,top_split_then_twist_then_store_dft3_input,a[224..255],a[608..639],6,tmp_ld4[branch1][group3][n32][n32_lane6][q1],761,1522,ld4_tmp_ld4_branch1_group3_n32,x2_q1_vlane6,tmp_ld3[branch1][q1][group3][n32_lane6][n32],572,1144,ld3_tmp_ld3_branch1_q1_group3,x2_vlane6,LD4_layout_is_recommended_for_four_quartic_lanes;LD3_layout_is_alternative_per_quartic_lane
762,1,3,2,30,6,2,B,7,62,250,634,250,634,-1033,2735,low_plus_high_minus_zeta_high,twist_branch1,62,371,2796,top_split_then_twist_then_store_dft3_input,a[224..255],a[608..639],6,tmp_ld4[branch1][group3][n32][n32_lane6][q2],762,1524,ld4_tmp_ld4_branch1_group3_n32,x2_q2_vlane6,tmp_ld3[branch1][q2][group3][n32_lane6][n32],668,1336,ld3_tmp_ld3_branch1_q2_group3,x2_vlane6,LD4_layout_is_recommended_for_four_quartic_lanes;LD3_layout_is_alternative_per_quartic_lane
763,1,3,2,30,6,3,B,7,62,251,635,251,635,-1033,2735,low_plus_high_minus_zeta_high,twist_branch1,62,371,2796,top_split_then_twist_then_store_dft3_input,a[224..255],a[608..639],6,tmp_ld4[branch1][group3][n32][n32_lane6][q3],763,1526,ld4_tmp_ld4_branch1_group3_n32,x2_q3_vlane6,tmp_ld3[branch1][q3][group3][n32_lane6][n32],764,1528,ld3_tmp_ld3_branch1_q3_group3,x2_vlane6,LD4_layout_is_recommended_for_four_quartic_lanes;LD3_layout_is_alternative_per_quartic_lane
764,1,3,2,31,7,0,C,11,95,380,764,380,764,-1033,2735,low_plus_high_minus_zeta_high,twist_branch1,95,-1250,2078,top_split_then_twist_then_store_dft3_input,a[352..383],a[736..767],7,tmp_ld4[branch1][group3][n32][n32_lane7][q0],764,1528,ld4_tmp_ld4_branch1_group3_n32,x2_q0_vlane7,tmp_ld3[branch1][q0][group3][n32_lane7][n32],479,958,ld3_tmp_ld3_branch1_q0_group3,x2_vlane7,LD4_layout_is_recommended_for_four_quartic_lanes;LD3_layout_is_alternative_per_quartic_lane
765,1,3,2,31,7,1,C,11,95,381,765,381,765,-1033,2735,low_plus_high_minus_zeta_high,twist_branch1,95,-1250,2078,top_split_then_twist_then_store_dft3_input,a[352..383],a[736..767],7,tmp_ld4[branch1][group3][n32][n32_lane7][q1],765,1530,ld4_tmp_ld4_branch1_group3_n32,x2_q1_vlane7,tmp_ld3[branch1][q1][group3][n32_lane7][n32],575,1150,ld3_tmp_ld3_branch1_q1_group3,x2_vlane7,LD4_layout_is_recommended_for_four_quartic_lanes;LD3_layout_is_alternative_per_quartic_lane
766,1,3,2,31,7,2,C,11,95,382,766,382,766,-1033,2735,low_plus_high_minus_zeta_high,twist_branch1,95,-1250,2078,top_split_then_twist_then_store_dft3_input,a[352..383],a[736..767],7,tmp_ld4[branch1][group3][n32][n32_lane7][q2],766,1532,ld4_tmp_ld4_branch1_group3_n32,x2_q2_vlane7,tmp_ld3[branch1][q2][group3][n32_lane7][n32],671,1342,ld3_tmp_ld3_branch1_q2_group3,x2_vlane7,LD4_layout_is_recommended_for_four_quartic_lanes;LD3_layout_is_alternative_per_quartic_lane
767,1,3,2,31,7,3,C,11,95,383,767,383,767,-1033,2735,low_plus_high_minus_zeta_high,twist_branch1,95,-1250,2078,top_split_then_twist_then_store_dft3_input,a[352..383],a[736..767],7,tmp_ld4[branch1][group3][n32][n32_lane7][q3],767,1534,ld4_tmp_ld4_branch1_group3_n32,x2_q3_vlane7,tmp_ld3[branch1][q3][group3][n32_lane7][n32],767,1534,ld3_tmp_ld3_branch1_q3_group3,x2_vlane7,LD4_layout_is_recommended_for_four_quartic_lanes;LD3_layout_is_alternative_per_quartic_lane
