example_scope,gt_matrix,gt_matrix_lane,branch,quartic_lane,phase3_row_k3,phase3_col_k32,phase3_value,phase3_formula,phase3_q_register,phase3_q_lane,phase3_q_contents,phase3_row_base_coeff_index,phase3_memory_index,phase3_byte_offset,ntt32_load_instruction,ntt32_load_byte_offset_from_row_base,ntt32_loaded_lane,ntt32_work_index,bitrev_output_index,x0_top_split_output_index,x0_block,x0_original_low_index,x0_original_high_index,x0_source,x1_top_split_output_index,x1_block,x1_original_low_index,x1_original_high_index,x1_source,x2_top_split_output_index,x2_block,x2_original_low_index,x2_original_high_index,x2_source,operation,notes
first_matrix_first_row,M0=B0_q0,0,0,0,0,0,Y0,Y0=x0+x1+x2,Q<w00_s0>,0,Q<w00_s0>=[M0_Y0[0]|M1_Y0[0]|M2_Y0[0]|M3_Y0[0]|M4_Y0[0]|M5_Y0[0]|M6_Y0[0]|M7_Y0[0]],0,0,0,ldr Q<w00_s0> [row_base #16*0],0,V<w00_s0>.h[0],0,0,0,0,0,384,x0=B0[0]*twist[0]_from_a0|a384,256,64,256,640,x1=B0[256]*twist[64]_from_a256|a640,128,32,128,512,x2=B0[128]*twist[32]_from_a128|a512,V<w00_s0>.h[0]=Y0[0]_goes_to_work[0]_lane0,phase3_memory_is_row_major_k3_then_k32_with_8_packed_GT_matrices;ntt32_loads_one_Q_per_k32
first_matrix_first_row,M0=B0_q0,0,0,0,0,1,Y0,Y0=x0+x1+x2,Q<w01_s0>,0,Q<w01_s0>=[M0_Y0[1]|M1_Y0[1]|M2_Y0[1]|M3_Y0[1]|M4_Y0[1]|M5_Y0[1]|M6_Y0[1]|M7_Y0[1]],0,8,16,ldr Q<w01_s0> [row_base #16*1],16,V<w01_s0>.h[0],1,16,132,33,132,516,x0=B0[132]*twist[33]_from_a132|a516,4,1,4,388,x1=B0[4]*twist[1]_from_a4|a388,260,65,260,644,x2=B0[260]*twist[65]_from_a260|a644,V<w01_s0>.h[0]=Y0[1]_goes_to_work[1]_lane0,phase3_memory_is_row_major_k3_then_k32_with_8_packed_GT_matrices;ntt32_loads_one_Q_per_k32
first_matrix_first_row,M0=B0_q0,0,0,0,0,2,Y0,Y0=x0+x1+x2,Q<w02_s0>,0,Q<w02_s0>=[M0_Y0[2]|M1_Y0[2]|M2_Y0[2]|M3_Y0[2]|M4_Y0[2]|M5_Y0[2]|M6_Y0[2]|M7_Y0[2]],0,16,32,ldr Q<w02_s0> [row_base #16*2],32,V<w02_s0>.h[0],2,8,264,66,264,648,x0=B0[264]*twist[66]_from_a264|a648,136,34,136,520,x1=B0[136]*twist[34]_from_a136|a520,8,2,8,392,x2=B0[8]*twist[2]_from_a8|a392,V<w02_s0>.h[0]=Y0[2]_goes_to_work[2]_lane0,phase3_memory_is_row_major_k3_then_k32_with_8_packed_GT_matrices;ntt32_loads_one_Q_per_k32
first_matrix_first_row,M0=B0_q0,0,0,0,0,3,Y0,Y0=x0+x1+x2,Q<w03_s0>,0,Q<w03_s0>=[M0_Y0[3]|M1_Y0[3]|M2_Y0[3]|M3_Y0[3]|M4_Y0[3]|M5_Y0[3]|M6_Y0[3]|M7_Y0[3]],0,24,48,ldr Q<w03_s0> [row_base #16*3],48,V<w03_s0>.h[0],3,24,12,3,12,396,x0=B0[12]*twist[3]_from_a12|a396,268,67,268,652,x1=B0[268]*twist[67]_from_a268|a652,140,35,140,524,x2=B0[140]*twist[35]_from_a140|a524,V<w03_s0>.h[0]=Y0[3]_goes_to_work[3]_lane0,phase3_memory_is_row_major_k3_then_k32_with_8_packed_GT_matrices;ntt32_loads_one_Q_per_k32
first_matrix_first_row,M0=B0_q0,0,0,0,0,4,Y0,Y0=x0+x1+x2,Q<w04_s0>,0,Q<w04_s0>=[M0_Y0[4]|M1_Y0[4]|M2_Y0[4]|M3_Y0[4]|M4_Y0[4]|M5_Y0[4]|M6_Y0[4]|M7_Y0[4]],0,32,64,ldr Q<w04_s0> [row_base #16*4],64,V<w04_s0>.h[0],4,4,144,36,144,528,x0=B0[144]*twist[36]_from_a144|a528,16,4,16,400,x1=B0[16]*twist[4]_from_a16|a400,272,68,272,656,x2=B0[272]*twist[68]_from_a272|a656,V<w04_s0>.h[0]=Y0[4]_goes_to_work[4]_lane0,phase3_memory_is_row_major_k3_then_k32_with_8_packed_GT_matrices;ntt32_loads_one_Q_per_k32
first_matrix_first_row,M0=B0_q0,0,0,0,0,5,Y0,Y0=x0+x1+x2,Q<w05_s0>,0,Q<w05_s0>=[M0_Y0[5]|M1_Y0[5]|M2_Y0[5]|M3_Y0[5]|M4_Y0[5]|M5_Y0[5]|M6_Y0[5]|M7_Y0[5]],0,40,80,ldr Q<w05_s0> [row_base #16*5],80,V<w05_s0>.h[0],5,20,276,69,276,660,x0=B0[276]*twist[69]_from_a276|a660,148,37,148,532,x1=B0[148]*twist[37]_from_a148|a532,20,5,20,404,x2=B0[20]*twist[5]_from_a20|a404,V<w05_s0>.h[0]=Y0[5]_goes_to_work[5]_lane0,phase3_memory_is_row_major_k3_then_k32_with_8_packed_GT_matrices;ntt32_loads_one_Q_per_k32
first_matrix_first_row,M0=B0_q0,0,0,0,0,6,Y0,Y0=x0+x1+x2,Q<w06_s0>,0,Q<w06_s0>=[M0_Y0[6]|M1_Y0[6]|M2_Y0[6]|M3_Y0[6]|M4_Y0[6]|M5_Y0[6]|M6_Y0[6]|M7_Y0[6]],0,48,96,ldr Q<w06_s0> [row_base #16*6],96,V<w06_s0>.h[0],6,12,24,6,24,408,x0=B0[24]*twist[6]_from_a24|a408,280,70,280,664,x1=B0[280]*twist[70]_from_a280|a664,152,38,152,536,x2=B0[152]*twist[38]_from_a152|a536,V<w06_s0>.h[0]=Y0[6]_goes_to_work[6]_lane0,phase3_memory_is_row_major_k3_then_k32_with_8_packed_GT_matrices;ntt32_loads_one_Q_per_k32
first_matrix_first_row,M0=B0_q0,0,0,0,0,7,Y0,Y0=x0+x1+x2,Q<w07_s0>,0,Q<w07_s0>=[M0_Y0[7]|M1_Y0[7]|M2_Y0[7]|M3_Y0[7]|M4_Y0[7]|M5_Y0[7]|M6_Y0[7]|M7_Y0[7]],0,56,112,ldr Q<w07_s0> [row_base #16*7],112,V<w07_s0>.h[0],7,28,156,39,156,540,x0=B0[156]*twist[39]_from_a156|a540,28,7,28,412,x1=B0[28]*twist[7]_from_a28|a412,284,71,284,668,x2=B0[284]*twist[71]_from_a284|a668,V<w07_s0>.h[0]=Y0[7]_goes_to_work[7]_lane0,phase3_memory_is_row_major_k3_then_k32_with_8_packed_GT_matrices;ntt32_loads_one_Q_per_k32
first_matrix_first_row,M0=B0_q0,0,0,0,0,8,Y0,Y0=x0+x1+x2,Q<w08_s0>,0,Q<w08_s0>=[M0_Y0[8]|M1_Y0[8]|M2_Y0[8]|M3_Y0[8]|M4_Y0[8]|M5_Y0[8]|M6_Y0[8]|M7_Y0[8]],0,64,128,ldr Q<w08_s0> [row_base #16*8],128,V<w08_s0>.h[0],8,2,288,72,288,672,x0=B0[288]*twist[72]_from_a288|a672,160,40,160,544,x1=B0[160]*twist[40]_from_a160|a544,32,8,32,416,x2=B0[32]*twist[8]_from_a32|a416,V<w08_s0>.h[0]=Y0[8]_goes_to_work[8]_lane0,phase3_memory_is_row_major_k3_then_k32_with_8_packed_GT_matrices;ntt32_loads_one_Q_per_k32
first_matrix_first_row,M0=B0_q0,0,0,0,0,9,Y0,Y0=x0+x1+x2,Q<w09_s0>,0,Q<w09_s0>=[M0_Y0[9]|M1_Y0[9]|M2_Y0[9]|M3_Y0[9]|M4_Y0[9]|M5_Y0[9]|M6_Y0[9]|M7_Y0[9]],0,72,144,ldr Q<w09_s0> [row_base #16*9],144,V<w09_s0>.h[0],9,18,36,9,36,420,x0=B0[36]*twist[9]_from_a36|a420,292,73,292,676,x1=B0[292]*twist[73]_from_a292|a676,164,41,164,548,x2=B0[164]*twist[41]_from_a164|a548,V<w09_s0>.h[0]=Y0[9]_goes_to_work[9]_lane0,phase3_memory_is_row_major_k3_then_k32_with_8_packed_GT_matrices;ntt32_loads_one_Q_per_k32
first_matrix_first_row,M0=B0_q0,0,0,0,0,10,Y0,Y0=x0+x1+x2,Q<w10_s0>,0,Q<w10_s0>=[M0_Y0[10]|M1_Y0[10]|M2_Y0[10]|M3_Y0[10]|M4_Y0[10]|M5_Y0[10]|M6_Y0[10]|M7_Y0[10]],0,80,160,ldr Q<w10_s0> [row_base #16*10],160,V<w10_s0>.h[0],10,10,168,42,168,552,x0=B0[168]*twist[42]_from_a168|a552,40,10,40,424,x1=B0[40]*twist[10]_from_a40|a424,296,74,296,680,x2=B0[296]*twist[74]_from_a296|a680,V<w10_s0>.h[0]=Y0[10]_goes_to_work[10]_lane0,phase3_memory_is_row_major_k3_then_k32_with_8_packed_GT_matrices;ntt32_loads_one_Q_per_k32
first_matrix_first_row,M0=B0_q0,0,0,0,0,11,Y0,Y0=x0+x1+x2,Q<w11_s0>,0,Q<w11_s0>=[M0_Y0[11]|M1_Y0[11]|M2_Y0[11]|M3_Y0[11]|M4_Y0[11]|M5_Y0[11]|M6_Y0[11]|M7_Y0[11]],0,88,176,ldr Q<w11_s0> [row_base #16*11],176,V<w11_s0>.h[0],11,26,300,75,300,684,x0=B0[300]*twist[75]_from_a300|a684,172,43,172,556,x1=B0[172]*twist[43]_from_a172|a556,44,11,44,428,x2=B0[44]*twist[11]_from_a44|a428,V<w11_s0>.h[0]=Y0[11]_goes_to_work[11]_lane0,phase3_memory_is_row_major_k3_then_k32_with_8_packed_GT_matrices;ntt32_loads_one_Q_per_k32
first_matrix_first_row,M0=B0_q0,0,0,0,0,12,Y0,Y0=x0+x1+x2,Q<w12_s0>,0,Q<w12_s0>=[M0_Y0[12]|M1_Y0[12]|M2_Y0[12]|M3_Y0[12]|M4_Y0[12]|M5_Y0[12]|M6_Y0[12]|M7_Y0[12]],0,96,192,ldr Q<w12_s0> [row_base #16*12],192,V<w12_s0>.h[0],12,6,48,12,48,432,x0=B0[48]*twist[12]_from_a48|a432,304,76,304,688,x1=B0[304]*twist[76]_from_a304|a688,176,44,176,560,x2=B0[176]*twist[44]_from_a176|a560,V<w12_s0>.h[0]=Y0[12]_goes_to_work[12]_lane0,phase3_memory_is_row_major_k3_then_k32_with_8_packed_GT_matrices;ntt32_loads_one_Q_per_k32
first_matrix_first_row,M0=B0_q0,0,0,0,0,13,Y0,Y0=x0+x1+x2,Q<w13_s0>,0,Q<w13_s0>=[M0_Y0[13]|M1_Y0[13]|M2_Y0[13]|M3_Y0[13]|M4_Y0[13]|M5_Y0[13]|M6_Y0[13]|M7_Y0[13]],0,104,208,ldr Q<w13_s0> [row_base #16*13],208,V<w13_s0>.h[0],13,22,180,45,180,564,x0=B0[180]*twist[45]_from_a180|a564,52,13,52,436,x1=B0[52]*twist[13]_from_a52|a436,308,77,308,692,x2=B0[308]*twist[77]_from_a308|a692,V<w13_s0>.h[0]=Y0[13]_goes_to_work[13]_lane0,phase3_memory_is_row_major_k3_then_k32_with_8_packed_GT_matrices;ntt32_loads_one_Q_per_k32
first_matrix_first_row,M0=B0_q0,0,0,0,0,14,Y0,Y0=x0+x1+x2,Q<w14_s0>,0,Q<w14_s0>=[M0_Y0[14]|M1_Y0[14]|M2_Y0[14]|M3_Y0[14]|M4_Y0[14]|M5_Y0[14]|M6_Y0[14]|M7_Y0[14]],0,112,224,ldr Q<w14_s0> [row_base #16*14],224,V<w14_s0>.h[0],14,14,312,78,312,696,x0=B0[312]*twist[78]_from_a312|a696,184,46,184,568,x1=B0[184]*twist[46]_from_a184|a568,56,14,56,440,x2=B0[56]*twist[14]_from_a56|a440,V<w14_s0>.h[0]=Y0[14]_goes_to_work[14]_lane0,phase3_memory_is_row_major_k3_then_k32_with_8_packed_GT_matrices;ntt32_loads_one_Q_per_k32
first_matrix_first_row,M0=B0_q0,0,0,0,0,15,Y0,Y0=x0+x1+x2,Q<w15_s0>,0,Q<w15_s0>=[M0_Y0[15]|M1_Y0[15]|M2_Y0[15]|M3_Y0[15]|M4_Y0[15]|M5_Y0[15]|M6_Y0[15]|M7_Y0[15]],0,120,240,ldr Q<w15_s0> [row_base #16*15],240,V<w15_s0>.h[0],15,30,60,15,60,444,x0=B0[60]*twist[15]_from_a60|a444,316,79,316,700,x1=B0[316]*twist[79]_from_a316|a700,188,47,188,572,x2=B0[188]*twist[47]_from_a188|a572,V<w15_s0>.h[0]=Y0[15]_goes_to_work[15]_lane0,phase3_memory_is_row_major_k3_then_k32_with_8_packed_GT_matrices;ntt32_loads_one_Q_per_k32
first_matrix_first_row,M0=B0_q0,0,0,0,0,16,Y0,Y0=x0+x1+x2,Q<w16_s0>,0,Q<w16_s0>=[M0_Y0[16]|M1_Y0[16]|M2_Y0[16]|M3_Y0[16]|M4_Y0[16]|M5_Y0[16]|M6_Y0[16]|M7_Y0[16]],0,128,256,ldr Q<w16_s0> [row_base #16*16],256,V<w16_s0>.h[0],16,1,192,48,192,576,x0=B0[192]*twist[48]_from_a192|a576,64,16,64,448,x1=B0[64]*twist[16]_from_a64|a448,320,80,320,704,x2=B0[320]*twist[80]_from_a320|a704,V<w16_s0>.h[0]=Y0[16]_goes_to_work[16]_lane0,phase3_memory_is_row_major_k3_then_k32_with_8_packed_GT_matrices;ntt32_loads_one_Q_per_k32
first_matrix_first_row,M0=B0_q0,0,0,0,0,17,Y0,Y0=x0+x1+x2,Q<w17_s0>,0,Q<w17_s0>=[M0_Y0[17]|M1_Y0[17]|M2_Y0[17]|M3_Y0[17]|M4_Y0[17]|M5_Y0[17]|M6_Y0[17]|M7_Y0[17]],0,136,272,ldr Q<w17_s0> [row_base #16*17],272,V<w17_s0>.h[0],17,17,324,81,324,708,x0=B0[324]*twist[81]_from_a324|a708,196,49,196,580,x1=B0[196]*twist[49]_from_a196|a580,68,17,68,452,x2=B0[68]*twist[17]_from_a68|a452,V<w17_s0>.h[0]=Y0[17]_goes_to_work[17]_lane0,phase3_memory_is_row_major_k3_then_k32_with_8_packed_GT_matrices;ntt32_loads_one_Q_per_k32
first_matrix_first_row,M0=B0_q0,0,0,0,0,18,Y0,Y0=x0+x1+x2,Q<w18_s0>,0,Q<w18_s0>=[M0_Y0[18]|M1_Y0[18]|M2_Y0[18]|M3_Y0[18]|M4_Y0[18]|M5_Y0[18]|M6_Y0[18]|M7_Y0[18]],0,144,288,ldr Q<w18_s0> [row_base #16*18],288,V<w18_s0>.h[0],18,9,72,18,72,456,x0=B0[72]*twist[18]_from_a72|a456,328,82,328,712,x1=B0[328]*twist[82]_from_a328|a712,200,50,200,584,x2=B0[200]*twist[50]_from_a200|a584,V<w18_s0>.h[0]=Y0[18]_goes_to_work[18]_lane0,phase3_memory_is_row_major_k3_then_k32_with_8_packed_GT_matrices;ntt32_loads_one_Q_per_k32
first_matrix_first_row,M0=B0_q0,0,0,0,0,19,Y0,Y0=x0+x1+x2,Q<w19_s0>,0,Q<w19_s0>=[M0_Y0[19]|M1_Y0[19]|M2_Y0[19]|M3_Y0[19]|M4_Y0[19]|M5_Y0[19]|M6_Y0[19]|M7_Y0[19]],0,152,304,ldr Q<w19_s0> [row_base #16*19],304,V<w19_s0>.h[0],19,25,204,51,204,588,x0=B0[204]*twist[51]_from_a204|a588,76,19,76,460,x1=B0[76]*twist[19]_from_a76|a460,332,83,332,716,x2=B0[332]*twist[83]_from_a332|a716,V<w19_s0>.h[0]=Y0[19]_goes_to_work[19]_lane0,phase3_memory_is_row_major_k3_then_k32_with_8_packed_GT_matrices;ntt32_loads_one_Q_per_k32
first_matrix_first_row,M0=B0_q0,0,0,0,0,20,Y0,Y0=x0+x1+x2,Q<w20_s0>,0,Q<w20_s0>=[M0_Y0[20]|M1_Y0[20]|M2_Y0[20]|M3_Y0[20]|M4_Y0[20]|M5_Y0[20]|M6_Y0[20]|M7_Y0[20]],0,160,320,ldr Q<w20_s0> [row_base #16*20],320,V<w20_s0>.h[0],20,5,336,84,336,720,x0=B0[336]*twist[84]_from_a336|a720,208,52,208,592,x1=B0[208]*twist[52]_from_a208|a592,80,20,80,464,x2=B0[80]*twist[20]_from_a80|a464,V<w20_s0>.h[0]=Y0[20]_goes_to_work[20]_lane0,phase3_memory_is_row_major_k3_then_k32_with_8_packed_GT_matrices;ntt32_loads_one_Q_per_k32
first_matrix_first_row,M0=B0_q0,0,0,0,0,21,Y0,Y0=x0+x1+x2,Q<w21_s0>,0,Q<w21_s0>=[M0_Y0[21]|M1_Y0[21]|M2_Y0[21]|M3_Y0[21]|M4_Y0[21]|M5_Y0[21]|M6_Y0[21]|M7_Y0[21]],0,168,336,ldr Q<w21_s0> [row_base #16*21],336,V<w21_s0>.h[0],21,21,84,21,84,468,x0=B0[84]*twist[21]_from_a84|a468,340,85,340,724,x1=B0[340]*twist[85]_from_a340|a724,212,53,212,596,x2=B0[212]*twist[53]_from_a212|a596,V<w21_s0>.h[0]=Y0[21]_goes_to_work[21]_lane0,phase3_memory_is_row_major_k3_then_k32_with_8_packed_GT_matrices;ntt32_loads_one_Q_per_k32
first_matrix_first_row,M0=B0_q0,0,0,0,0,22,Y0,Y0=x0+x1+x2,Q<w22_s0>,0,Q<w22_s0>=[M0_Y0[22]|M1_Y0[22]|M2_Y0[22]|M3_Y0[22]|M4_Y0[22]|M5_Y0[22]|M6_Y0[22]|M7_Y0[22]],0,176,352,ldr Q<w22_s0> [row_base #16*22],352,V<w22_s0>.h[0],22,13,216,54,216,600,x0=B0[216]*twist[54]_from_a216|a600,88,22,88,472,x1=B0[88]*twist[22]_from_a88|a472,344,86,344,728,x2=B0[344]*twist[86]_from_a344|a728,V<w22_s0>.h[0]=Y0[22]_goes_to_work[22]_lane0,phase3_memory_is_row_major_k3_then_k32_with_8_packed_GT_matrices;ntt32_loads_one_Q_per_k32
first_matrix_first_row,M0=B0_q0,0,0,0,0,23,Y0,Y0=x0+x1+x2,Q<w23_s0>,0,Q<w23_s0>=[M0_Y0[23]|M1_Y0[23]|M2_Y0[23]|M3_Y0[23]|M4_Y0[23]|M5_Y0[23]|M6_Y0[23]|M7_Y0[23]],0,184,368,ldr Q<w23_s0> [row_base #16*23],368,V<w23_s0>.h[0],23,29,348,87,348,732,x0=B0[348]*twist[87]_from_a348|a732,220,55,220,604,x1=B0[220]*twist[55]_from_a220|a604,92,23,92,476,x2=B0[92]*twist[23]_from_a92|a476,V<w23_s0>.h[0]=Y0[23]_goes_to_work[23]_lane0,phase3_memory_is_row_major_k3_then_k32_with_8_packed_GT_matrices;ntt32_loads_one_Q_per_k32
first_matrix_first_row,M0=B0_q0,0,0,0,0,24,Y0,Y0=x0+x1+x2,Q<w24_s0>,0,Q<w24_s0>=[M0_Y0[24]|M1_Y0[24]|M2_Y0[24]|M3_Y0[24]|M4_Y0[24]|M5_Y0[24]|M6_Y0[24]|M7_Y0[24]],0,192,384,ldr Q<w24_s0> [row_base #16*24],384,V<w24_s0>.h[0],24,3,96,24,96,480,x0=B0[96]*twist[24]_from_a96|a480,352,88,352,736,x1=B0[352]*twist[88]_from_a352|a736,224,56,224,608,x2=B0[224]*twist[56]_from_a224|a608,V<w24_s0>.h[0]=Y0[24]_goes_to_work[24]_lane0,phase3_memory_is_row_major_k3_then_k32_with_8_packed_GT_matrices;ntt32_loads_one_Q_per_k32
first_matrix_first_row,M0=B0_q0,0,0,0,0,25,Y0,Y0=x0+x1+x2,Q<w25_s0>,0,Q<w25_s0>=[M0_Y0[25]|M1_Y0[25]|M2_Y0[25]|M3_Y0[25]|M4_Y0[25]|M5_Y0[25]|M6_Y0[25]|M7_Y0[25]],0,200,400,ldr Q<w25_s0> [row_base #16*25],400,V<w25_s0>.h[0],25,19,228,57,228,612,x0=B0[228]*twist[57]_from_a228|a612,100,25,100,484,x1=B0[100]*twist[25]_from_a100|a484,356,89,356,740,x2=B0[356]*twist[89]_from_a356|a740,V<w25_s0>.h[0]=Y0[25]_goes_to_work[25]_lane0,phase3_memory_is_row_major_k3_then_k32_with_8_packed_GT_matrices;ntt32_loads_one_Q_per_k32
first_matrix_first_row,M0=B0_q0,0,0,0,0,26,Y0,Y0=x0+x1+x2,Q<w26_s0>,0,Q<w26_s0>=[M0_Y0[26]|M1_Y0[26]|M2_Y0[26]|M3_Y0[26]|M4_Y0[26]|M5_Y0[26]|M6_Y0[26]|M7_Y0[26]],0,208,416,ldr Q<w26_s0> [row_base #16*26],416,V<w26_s0>.h[0],26,11,360,90,360,744,x0=B0[360]*twist[90]_from_a360|a744,232,58,232,616,x1=B0[232]*twist[58]_from_a232|a616,104,26,104,488,x2=B0[104]*twist[26]_from_a104|a488,V<w26_s0>.h[0]=Y0[26]_goes_to_work[26]_lane0,phase3_memory_is_row_major_k3_then_k32_with_8_packed_GT_matrices;ntt32_loads_one_Q_per_k32
first_matrix_first_row,M0=B0_q0,0,0,0,0,27,Y0,Y0=x0+x1+x2,Q<w27_s0>,0,Q<w27_s0>=[M0_Y0[27]|M1_Y0[27]|M2_Y0[27]|M3_Y0[27]|M4_Y0[27]|M5_Y0[27]|M6_Y0[27]|M7_Y0[27]],0,216,432,ldr Q<w27_s0> [row_base #16*27],432,V<w27_s0>.h[0],27,27,108,27,108,492,x0=B0[108]*twist[27]_from_a108|a492,364,91,364,748,x1=B0[364]*twist[91]_from_a364|a748,236,59,236,620,x2=B0[236]*twist[59]_from_a236|a620,V<w27_s0>.h[0]=Y0[27]_goes_to_work[27]_lane0,phase3_memory_is_row_major_k3_then_k32_with_8_packed_GT_matrices;ntt32_loads_one_Q_per_k32
first_matrix_first_row,M0=B0_q0,0,0,0,0,28,Y0,Y0=x0+x1+x2,Q<w28_s0>,0,Q<w28_s0>=[M0_Y0[28]|M1_Y0[28]|M2_Y0[28]|M3_Y0[28]|M4_Y0[28]|M5_Y0[28]|M6_Y0[28]|M7_Y0[28]],0,224,448,ldr Q<w28_s0> [row_base #16*28],448,V<w28_s0>.h[0],28,7,240,60,240,624,x0=B0[240]*twist[60]_from_a240|a624,112,28,112,496,x1=B0[112]*twist[28]_from_a112|a496,368,92,368,752,x2=B0[368]*twist[92]_from_a368|a752,V<w28_s0>.h[0]=Y0[28]_goes_to_work[28]_lane0,phase3_memory_is_row_major_k3_then_k32_with_8_packed_GT_matrices;ntt32_loads_one_Q_per_k32
first_matrix_first_row,M0=B0_q0,0,0,0,0,29,Y0,Y0=x0+x1+x2,Q<w29_s0>,0,Q<w29_s0>=[M0_Y0[29]|M1_Y0[29]|M2_Y0[29]|M3_Y0[29]|M4_Y0[29]|M5_Y0[29]|M6_Y0[29]|M7_Y0[29]],0,232,464,ldr Q<w29_s0> [row_base #16*29],464,V<w29_s0>.h[0],29,23,372,93,372,756,x0=B0[372]*twist[93]_from_a372|a756,244,61,244,628,x1=B0[244]*twist[61]_from_a244|a628,116,29,116,500,x2=B0[116]*twist[29]_from_a116|a500,V<w29_s0>.h[0]=Y0[29]_goes_to_work[29]_lane0,phase3_memory_is_row_major_k3_then_k32_with_8_packed_GT_matrices;ntt32_loads_one_Q_per_k32
first_matrix_first_row,M0=B0_q0,0,0,0,0,30,Y0,Y0=x0+x1+x2,Q<w30_s0>,0,Q<w30_s0>=[M0_Y0[30]|M1_Y0[30]|M2_Y0[30]|M3_Y0[30]|M4_Y0[30]|M5_Y0[30]|M6_Y0[30]|M7_Y0[30]],0,240,480,ldr Q<w30_s0> [row_base #16*30],480,V<w30_s0>.h[0],30,15,120,30,120,504,x0=B0[120]*twist[30]_from_a120|a504,376,94,376,760,x1=B0[376]*twist[94]_from_a376|a760,248,62,248,632,x2=B0[248]*twist[62]_from_a248|a632,V<w30_s0>.h[0]=Y0[30]_goes_to_work[30]_lane0,phase3_memory_is_row_major_k3_then_k32_with_8_packed_GT_matrices;ntt32_loads_one_Q_per_k32
first_matrix_first_row,M0=B0_q0,0,0,0,0,31,Y0,Y0=x0+x1+x2,Q<w31_s0>,0,Q<w31_s0>=[M0_Y0[31]|M1_Y0[31]|M2_Y0[31]|M3_Y0[31]|M4_Y0[31]|M5_Y0[31]|M6_Y0[31]|M7_Y0[31]],0,248,496,ldr Q<w31_s0> [row_base #16*31],496,V<w31_s0>.h[0],31,31,252,63,252,636,x0=B0[252]*twist[63]_from_a252|a636,124,31,124,508,x1=B0[124]*twist[31]_from_a124|a508,380,95,380,764,x2=B0[380]*twist[95]_from_a380|a764,V<w31_s0>.h[0]=Y0[31]_goes_to_work[31]_lane0,phase3_memory_is_row_major_k3_then_k32_with_8_packed_GT_matrices;ntt32_loads_one_Q_per_k32
all_matrices_all_rows,M0=B0_q0,0,0,0,1,0,Y1,Y1=x0-x2+omega3*(x1-x2),Q<w00_s0>,0,Q<w00_s0>=[M0_Y1[0]|M1_Y1[0]|M2_Y1[0]|M3_Y1[0]|M4_Y1[0]|M5_Y1[0]|M6_Y1[0]|M7_Y1[0]],256,256,512,ldr Q<w00_s0> [row_base #16*0],0,V<w00_s0>.h[0],0,0,0,0,0,384,x0=B0[0]*twist[0]_from_a0|a384,256,64,256,640,x1=B0[256]*twist[64]_from_a256|a640,128,32,128,512,x2=B0[128]*twist[32]_from_a128|a512,V<w00_s0>.h[0]=Y1[0]_goes_to_work[0]_lane0,phase3_memory_is_row_major_k3_then_k32_with_8_packed_GT_matrices;ntt32_loads_one_Q_per_k32
all_matrices_all_rows,M0=B0_q0,0,0,0,1,1,Y1,Y1=x0-x2+omega3*(x1-x2),Q<w01_s0>,0,Q<w01_s0>=[M0_Y1[1]|M1_Y1[1]|M2_Y1[1]|M3_Y1[1]|M4_Y1[1]|M5_Y1[1]|M6_Y1[1]|M7_Y1[1]],256,264,528,ldr Q<w01_s0> [row_base #16*1],16,V<w01_s0>.h[0],1,16,132,33,132,516,x0=B0[132]*twist[33]_from_a132|a516,4,1,4,388,x1=B0[4]*twist[1]_from_a4|a388,260,65,260,644,x2=B0[260]*twist[65]_from_a260|a644,V<w01_s0>.h[0]=Y1[1]_goes_to_work[1]_lane0,phase3_memory_is_row_major_k3_then_k32_with_8_packed_GT_matrices;ntt32_loads_one_Q_per_k32
all_matrices_all_rows,M0=B0_q0,0,0,0,1,2,Y1,Y1=x0-x2+omega3*(x1-x2),Q<w02_s0>,0,Q<w02_s0>=[M0_Y1[2]|M1_Y1[2]|M2_Y1[2]|M3_Y1[2]|M4_Y1[2]|M5_Y1[2]|M6_Y1[2]|M7_Y1[2]],256,272,544,ldr Q<w02_s0> [row_base #16*2],32,V<w02_s0>.h[0],2,8,264,66,264,648,x0=B0[264]*twist[66]_from_a264|a648,136,34,136,520,x1=B0[136]*twist[34]_from_a136|a520,8,2,8,392,x2=B0[8]*twist[2]_from_a8|a392,V<w02_s0>.h[0]=Y1[2]_goes_to_work[2]_lane0,phase3_memory_is_row_major_k3_then_k32_with_8_packed_GT_matrices;ntt32_loads_one_Q_per_k32
all_matrices_all_rows,M0=B0_q0,0,0,0,1,3,Y1,Y1=x0-x2+omega3*(x1-x2),Q<w03_s0>,0,Q<w03_s0>=[M0_Y1[3]|M1_Y1[3]|M2_Y1[3]|M3_Y1[3]|M4_Y1[3]|M5_Y1[3]|M6_Y1[3]|M7_Y1[3]],256,280,560,ldr Q<w03_s0> [row_base #16*3],48,V<w03_s0>.h[0],3,24,12,3,12,396,x0=B0[12]*twist[3]_from_a12|a396,268,67,268,652,x1=B0[268]*twist[67]_from_a268|a652,140,35,140,524,x2=B0[140]*twist[35]_from_a140|a524,V<w03_s0>.h[0]=Y1[3]_goes_to_work[3]_lane0,phase3_memory_is_row_major_k3_then_k32_with_8_packed_GT_matrices;ntt32_loads_one_Q_per_k32
all_matrices_all_rows,M0=B0_q0,0,0,0,1,4,Y1,Y1=x0-x2+omega3*(x1-x2),Q<w04_s0>,0,Q<w04_s0>=[M0_Y1[4]|M1_Y1[4]|M2_Y1[4]|M3_Y1[4]|M4_Y1[4]|M5_Y1[4]|M6_Y1[4]|M7_Y1[4]],256,288,576,ldr Q<w04_s0> [row_base #16*4],64,V<w04_s0>.h[0],4,4,144,36,144,528,x0=B0[144]*twist[36]_from_a144|a528,16,4,16,400,x1=B0[16]*twist[4]_from_a16|a400,272,68,272,656,x2=B0[272]*twist[68]_from_a272|a656,V<w04_s0>.h[0]=Y1[4]_goes_to_work[4]_lane0,phase3_memory_is_row_major_k3_then_k32_with_8_packed_GT_matrices;ntt32_loads_one_Q_per_k32
all_matrices_all_rows,M0=B0_q0,0,0,0,1,5,Y1,Y1=x0-x2+omega3*(x1-x2),Q<w05_s0>,0,Q<w05_s0>=[M0_Y1[5]|M1_Y1[5]|M2_Y1[5]|M3_Y1[5]|M4_Y1[5]|M5_Y1[5]|M6_Y1[5]|M7_Y1[5]],256,296,592,ldr Q<w05_s0> [row_base #16*5],80,V<w05_s0>.h[0],5,20,276,69,276,660,x0=B0[276]*twist[69]_from_a276|a660,148,37,148,532,x1=B0[148]*twist[37]_from_a148|a532,20,5,20,404,x2=B0[20]*twist[5]_from_a20|a404,V<w05_s0>.h[0]=Y1[5]_goes_to_work[5]_lane0,phase3_memory_is_row_major_k3_then_k32_with_8_packed_GT_matrices;ntt32_loads_one_Q_per_k32
all_matrices_all_rows,M0=B0_q0,0,0,0,1,6,Y1,Y1=x0-x2+omega3*(x1-x2),Q<w06_s0>,0,Q<w06_s0>=[M0_Y1[6]|M1_Y1[6]|M2_Y1[6]|M3_Y1[6]|M4_Y1[6]|M5_Y1[6]|M6_Y1[6]|M7_Y1[6]],256,304,608,ldr Q<w06_s0> [row_base #16*6],96,V<w06_s0>.h[0],6,12,24,6,24,408,x0=B0[24]*twist[6]_from_a24|a408,280,70,280,664,x1=B0[280]*twist[70]_from_a280|a664,152,38,152,536,x2=B0[152]*twist[38]_from_a152|a536,V<w06_s0>.h[0]=Y1[6]_goes_to_work[6]_lane0,phase3_memory_is_row_major_k3_then_k32_with_8_packed_GT_matrices;ntt32_loads_one_Q_per_k32
all_matrices_all_rows,M0=B0_q0,0,0,0,1,7,Y1,Y1=x0-x2+omega3*(x1-x2),Q<w07_s0>,0,Q<w07_s0>=[M0_Y1[7]|M1_Y1[7]|M2_Y1[7]|M3_Y1[7]|M4_Y1[7]|M5_Y1[7]|M6_Y1[7]|M7_Y1[7]],256,312,624,ldr Q<w07_s0> [row_base #16*7],112,V<w07_s0>.h[0],7,28,156,39,156,540,x0=B0[156]*twist[39]_from_a156|a540,28,7,28,412,x1=B0[28]*twist[7]_from_a28|a412,284,71,284,668,x2=B0[284]*twist[71]_from_a284|a668,V<w07_s0>.h[0]=Y1[7]_goes_to_work[7]_lane0,phase3_memory_is_row_major_k3_then_k32_with_8_packed_GT_matrices;ntt32_loads_one_Q_per_k32
all_matrices_all_rows,M0=B0_q0,0,0,0,1,8,Y1,Y1=x0-x2+omega3*(x1-x2),Q<w08_s0>,0,Q<w08_s0>=[M0_Y1[8]|M1_Y1[8]|M2_Y1[8]|M3_Y1[8]|M4_Y1[8]|M5_Y1[8]|M6_Y1[8]|M7_Y1[8]],256,320,640,ldr Q<w08_s0> [row_base #16*8],128,V<w08_s0>.h[0],8,2,288,72,288,672,x0=B0[288]*twist[72]_from_a288|a672,160,40,160,544,x1=B0[160]*twist[40]_from_a160|a544,32,8,32,416,x2=B0[32]*twist[8]_from_a32|a416,V<w08_s0>.h[0]=Y1[8]_goes_to_work[8]_lane0,phase3_memory_is_row_major_k3_then_k32_with_8_packed_GT_matrices;ntt32_loads_one_Q_per_k32
all_matrices_all_rows,M0=B0_q0,0,0,0,1,9,Y1,Y1=x0-x2+omega3*(x1-x2),Q<w09_s0>,0,Q<w09_s0>=[M0_Y1[9]|M1_Y1[9]|M2_Y1[9]|M3_Y1[9]|M4_Y1[9]|M5_Y1[9]|M6_Y1[9]|M7_Y1[9]],256,328,656,ldr Q<w09_s0> [row_base #16*9],144,V<w09_s0>.h[0],9,18,36,9,36,420,x0=B0[36]*twist[9]_from_a36|a420,292,73,292,676,x1=B0[292]*twist[73]_from_a292|a676,164,41,164,548,x2=B0[164]*twist[41]_from_a164|a548,V<w09_s0>.h[0]=Y1[9]_goes_to_work[9]_lane0,phase3_memory_is_row_major_k3_then_k32_with_8_packed_GT_matrices;ntt32_loads_one_Q_per_k32
all_matrices_all_rows,M0=B0_q0,0,0,0,1,10,Y1,Y1=x0-x2+omega3*(x1-x2),Q<w10_s0>,0,Q<w10_s0>=[M0_Y1[10]|M1_Y1[10]|M2_Y1[10]|M3_Y1[10]|M4_Y1[10]|M5_Y1[10]|M6_Y1[10]|M7_Y1[10]],256,336,672,ldr Q<w10_s0> [row_base #16*10],160,V<w10_s0>.h[0],10,10,168,42,168,552,x0=B0[168]*twist[42]_from_a168|a552,40,10,40,424,x1=B0[40]*twist[10]_from_a40|a424,296,74,296,680,x2=B0[296]*twist[74]_from_a296|a680,V<w10_s0>.h[0]=Y1[10]_goes_to_work[10]_lane0,phase3_memory_is_row_major_k3_then_k32_with_8_packed_GT_matrices;ntt32_loads_one_Q_per_k32
all_matrices_all_rows,M0=B0_q0,0,0,0,1,11,Y1,Y1=x0-x2+omega3*(x1-x2),Q<w11_s0>,0,Q<w11_s0>=[M0_Y1[11]|M1_Y1[11]|M2_Y1[11]|M3_Y1[11]|M4_Y1[11]|M5_Y1[11]|M6_Y1[11]|M7_Y1[11]],256,344,688,ldr Q<w11_s0> [row_base #16*11],176,V<w11_s0>.h[0],11,26,300,75,300,684,x0=B0[300]*twist[75]_from_a300|a684,172,43,172,556,x1=B0[172]*twist[43]_from_a172|a556,44,11,44,428,x2=B0[44]*twist[11]_from_a44|a428,V<w11_s0>.h[0]=Y1[11]_goes_to_work[11]_lane0,phase3_memory_is_row_major_k3_then_k32_with_8_packed_GT_matrices;ntt32_loads_one_Q_per_k32
all_matrices_all_rows,M0=B0_q0,0,0,0,1,12,Y1,Y1=x0-x2+omega3*(x1-x2),Q<w12_s0>,0,Q<w12_s0>=[M0_Y1[12]|M1_Y1[12]|M2_Y1[12]|M3_Y1[12]|M4_Y1[12]|M5_Y1[12]|M6_Y1[12]|M7_Y1[12]],256,352,704,ldr Q<w12_s0> [row_base #16*12],192,V<w12_s0>.h[0],12,6,48,12,48,432,x0=B0[48]*twist[12]_from_a48|a432,304,76,304,688,x1=B0[304]*twist[76]_from_a304|a688,176,44,176,560,x2=B0[176]*twist[44]_from_a176|a560,V<w12_s0>.h[0]=Y1[12]_goes_to_work[12]_lane0,phase3_memory_is_row_major_k3_then_k32_with_8_packed_GT_matrices;ntt32_loads_one_Q_per_k32
all_matrices_all_rows,M0=B0_q0,0,0,0,1,13,Y1,Y1=x0-x2+omega3*(x1-x2),Q<w13_s0>,0,Q<w13_s0>=[M0_Y1[13]|M1_Y1[13]|M2_Y1[13]|M3_Y1[13]|M4_Y1[13]|M5_Y1[13]|M6_Y1[13]|M7_Y1[13]],256,360,720,ldr Q<w13_s0> [row_base #16*13],208,V<w13_s0>.h[0],13,22,180,45,180,564,x0=B0[180]*twist[45]_from_a180|a564,52,13,52,436,x1=B0[52]*twist[13]_from_a52|a436,308,77,308,692,x2=B0[308]*twist[77]_from_a308|a692,V<w13_s0>.h[0]=Y1[13]_goes_to_work[13]_lane0,phase3_memory_is_row_major_k3_then_k32_with_8_packed_GT_matrices;ntt32_loads_one_Q_per_k32
all_matrices_all_rows,M0=B0_q0,0,0,0,1,14,Y1,Y1=x0-x2+omega3*(x1-x2),Q<w14_s0>,0,Q<w14_s0>=[M0_Y1[14]|M1_Y1[14]|M2_Y1[14]|M3_Y1[14]|M4_Y1[14]|M5_Y1[14]|M6_Y1[14]|M7_Y1[14]],256,368,736,ldr Q<w14_s0> [row_base #16*14],224,V<w14_s0>.h[0],14,14,312,78,312,696,x0=B0[312]*twist[78]_from_a312|a696,184,46,184,568,x1=B0[184]*twist[46]_from_a184|a568,56,14,56,440,x2=B0[56]*twist[14]_from_a56|a440,V<w14_s0>.h[0]=Y1[14]_goes_to_work[14]_lane0,phase3_memory_is_row_major_k3_then_k32_with_8_packed_GT_matrices;ntt32_loads_one_Q_per_k32
all_matrices_all_rows,M0=B0_q0,0,0,0,1,15,Y1,Y1=x0-x2+omega3*(x1-x2),Q<w15_s0>,0,Q<w15_s0>=[M0_Y1[15]|M1_Y1[15]|M2_Y1[15]|M3_Y1[15]|M4_Y1[15]|M5_Y1[15]|M6_Y1[15]|M7_Y1[15]],256,376,752,ldr Q<w15_s0> [row_base #16*15],240,V<w15_s0>.h[0],15,30,60,15,60,444,x0=B0[60]*twist[15]_from_a60|a444,316,79,316,700,x1=B0[316]*twist[79]_from_a316|a700,188,47,188,572,x2=B0[188]*twist[47]_from_a188|a572,V<w15_s0>.h[0]=Y1[15]_goes_to_work[15]_lane0,phase3_memory_is_row_major_k3_then_k32_with_8_packed_GT_matrices;ntt32_loads_one_Q_per_k32
all_matrices_all_rows,M0=B0_q0,0,0,0,1,16,Y1,Y1=x0-x2+omega3*(x1-x2),Q<w16_s0>,0,Q<w16_s0>=[M0_Y1[16]|M1_Y1[16]|M2_Y1[16]|M3_Y1[16]|M4_Y1[16]|M5_Y1[16]|M6_Y1[16]|M7_Y1[16]],256,384,768,ldr Q<w16_s0> [row_base #16*16],256,V<w16_s0>.h[0],16,1,192,48,192,576,x0=B0[192]*twist[48]_from_a192|a576,64,16,64,448,x1=B0[64]*twist[16]_from_a64|a448,320,80,320,704,x2=B0[320]*twist[80]_from_a320|a704,V<w16_s0>.h[0]=Y1[16]_goes_to_work[16]_lane0,phase3_memory_is_row_major_k3_then_k32_with_8_packed_GT_matrices;ntt32_loads_one_Q_per_k32
all_matrices_all_rows,M0=B0_q0,0,0,0,1,17,Y1,Y1=x0-x2+omega3*(x1-x2),Q<w17_s0>,0,Q<w17_s0>=[M0_Y1[17]|M1_Y1[17]|M2_Y1[17]|M3_Y1[17]|M4_Y1[17]|M5_Y1[17]|M6_Y1[17]|M7_Y1[17]],256,392,784,ldr Q<w17_s0> [row_base #16*17],272,V<w17_s0>.h[0],17,17,324,81,324,708,x0=B0[324]*twist[81]_from_a324|a708,196,49,196,580,x1=B0[196]*twist[49]_from_a196|a580,68,17,68,452,x2=B0[68]*twist[17]_from_a68|a452,V<w17_s0>.h[0]=Y1[17]_goes_to_work[17]_lane0,phase3_memory_is_row_major_k3_then_k32_with_8_packed_GT_matrices;ntt32_loads_one_Q_per_k32
all_matrices_all_rows,M0=B0_q0,0,0,0,1,18,Y1,Y1=x0-x2+omega3*(x1-x2),Q<w18_s0>,0,Q<w18_s0>=[M0_Y1[18]|M1_Y1[18]|M2_Y1[18]|M3_Y1[18]|M4_Y1[18]|M5_Y1[18]|M6_Y1[18]|M7_Y1[18]],256,400,800,ldr Q<w18_s0> [row_base #16*18],288,V<w18_s0>.h[0],18,9,72,18,72,456,x0=B0[72]*twist[18]_from_a72|a456,328,82,328,712,x1=B0[328]*twist[82]_from_a328|a712,200,50,200,584,x2=B0[200]*twist[50]_from_a200|a584,V<w18_s0>.h[0]=Y1[18]_goes_to_work[18]_lane0,phase3_memory_is_row_major_k3_then_k32_with_8_packed_GT_matrices;ntt32_loads_one_Q_per_k32
all_matrices_all_rows,M0=B0_q0,0,0,0,1,19,Y1,Y1=x0-x2+omega3*(x1-x2),Q<w19_s0>,0,Q<w19_s0>=[M0_Y1[19]|M1_Y1[19]|M2_Y1[19]|M3_Y1[19]|M4_Y1[19]|M5_Y1[19]|M6_Y1[19]|M7_Y1[19]],256,408,816,ldr Q<w19_s0> [row_base #16*19],304,V<w19_s0>.h[0],19,25,204,51,204,588,x0=B0[204]*twist[51]_from_a204|a588,76,19,76,460,x1=B0[76]*twist[19]_from_a76|a460,332,83,332,716,x2=B0[332]*twist[83]_from_a332|a716,V<w19_s0>.h[0]=Y1[19]_goes_to_work[19]_lane0,phase3_memory_is_row_major_k3_then_k32_with_8_packed_GT_matrices;ntt32_loads_one_Q_per_k32
all_matrices_all_rows,M0=B0_q0,0,0,0,1,20,Y1,Y1=x0-x2+omega3*(x1-x2),Q<w20_s0>,0,Q<w20_s0>=[M0_Y1[20]|M1_Y1[20]|M2_Y1[20]|M3_Y1[20]|M4_Y1[20]|M5_Y1[20]|M6_Y1[20]|M7_Y1[20]],256,416,832,ldr Q<w20_s0> [row_base #16*20],320,V<w20_s0>.h[0],20,5,336,84,336,720,x0=B0[336]*twist[84]_from_a336|a720,208,52,208,592,x1=B0[208]*twist[52]_from_a208|a592,80,20,80,464,x2=B0[80]*twist[20]_from_a80|a464,V<w20_s0>.h[0]=Y1[20]_goes_to_work[20]_lane0,phase3_memory_is_row_major_k3_then_k32_with_8_packed_GT_matrices;ntt32_loads_one_Q_per_k32
all_matrices_all_rows,M0=B0_q0,0,0,0,1,21,Y1,Y1=x0-x2+omega3*(x1-x2),Q<w21_s0>,0,Q<w21_s0>=[M0_Y1[21]|M1_Y1[21]|M2_Y1[21]|M3_Y1[21]|M4_Y1[21]|M5_Y1[21]|M6_Y1[21]|M7_Y1[21]],256,424,848,ldr Q<w21_s0> [row_base #16*21],336,V<w21_s0>.h[0],21,21,84,21,84,468,x0=B0[84]*twist[21]_from_a84|a468,340,85,340,724,x1=B0[340]*twist[85]_from_a340|a724,212,53,212,596,x2=B0[212]*twist[53]_from_a212|a596,V<w21_s0>.h[0]=Y1[21]_goes_to_work[21]_lane0,phase3_memory_is_row_major_k3_then_k32_with_8_packed_GT_matrices;ntt32_loads_one_Q_per_k32
all_matrices_all_rows,M0=B0_q0,0,0,0,1,22,Y1,Y1=x0-x2+omega3*(x1-x2),Q<w22_s0>,0,Q<w22_s0>=[M0_Y1[22]|M1_Y1[22]|M2_Y1[22]|M3_Y1[22]|M4_Y1[22]|M5_Y1[22]|M6_Y1[22]|M7_Y1[22]],256,432,864,ldr Q<w22_s0> [row_base #16*22],352,V<w22_s0>.h[0],22,13,216,54,216,600,x0=B0[216]*twist[54]_from_a216|a600,88,22,88,472,x1=B0[88]*twist[22]_from_a88|a472,344,86,344,728,x2=B0[344]*twist[86]_from_a344|a728,V<w22_s0>.h[0]=Y1[22]_goes_to_work[22]_lane0,phase3_memory_is_row_major_k3_then_k32_with_8_packed_GT_matrices;ntt32_loads_one_Q_per_k32
all_matrices_all_rows,M0=B0_q0,0,0,0,1,23,Y1,Y1=x0-x2+omega3*(x1-x2),Q<w23_s0>,0,Q<w23_s0>=[M0_Y1[23]|M1_Y1[23]|M2_Y1[23]|M3_Y1[23]|M4_Y1[23]|M5_Y1[23]|M6_Y1[23]|M7_Y1[23]],256,440,880,ldr Q<w23_s0> [row_base #16*23],368,V<w23_s0>.h[0],23,29,348,87,348,732,x0=B0[348]*twist[87]_from_a348|a732,220,55,220,604,x1=B0[220]*twist[55]_from_a220|a604,92,23,92,476,x2=B0[92]*twist[23]_from_a92|a476,V<w23_s0>.h[0]=Y1[23]_goes_to_work[23]_lane0,phase3_memory_is_row_major_k3_then_k32_with_8_packed_GT_matrices;ntt32_loads_one_Q_per_k32
all_matrices_all_rows,M0=B0_q0,0,0,0,1,24,Y1,Y1=x0-x2+omega3*(x1-x2),Q<w24_s0>,0,Q<w24_s0>=[M0_Y1[24]|M1_Y1[24]|M2_Y1[24]|M3_Y1[24]|M4_Y1[24]|M5_Y1[24]|M6_Y1[24]|M7_Y1[24]],256,448,896,ldr Q<w24_s0> [row_base #16*24],384,V<w24_s0>.h[0],24,3,96,24,96,480,x0=B0[96]*twist[24]_from_a96|a480,352,88,352,736,x1=B0[352]*twist[88]_from_a352|a736,224,56,224,608,x2=B0[224]*twist[56]_from_a224|a608,V<w24_s0>.h[0]=Y1[24]_goes_to_work[24]_lane0,phase3_memory_is_row_major_k3_then_k32_with_8_packed_GT_matrices;ntt32_loads_one_Q_per_k32
all_matrices_all_rows,M0=B0_q0,0,0,0,1,25,Y1,Y1=x0-x2+omega3*(x1-x2),Q<w25_s0>,0,Q<w25_s0>=[M0_Y1[25]|M1_Y1[25]|M2_Y1[25]|M3_Y1[25]|M4_Y1[25]|M5_Y1[25]|M6_Y1[25]|M7_Y1[25]],256,456,912,ldr Q<w25_s0> [row_base #16*25],400,V<w25_s0>.h[0],25,19,228,57,228,612,x0=B0[228]*twist[57]_from_a228|a612,100,25,100,484,x1=B0[100]*twist[25]_from_a100|a484,356,89,356,740,x2=B0[356]*twist[89]_from_a356|a740,V<w25_s0>.h[0]=Y1[25]_goes_to_work[25]_lane0,phase3_memory_is_row_major_k3_then_k32_with_8_packed_GT_matrices;ntt32_loads_one_Q_per_k32
all_matrices_all_rows,M0=B0_q0,0,0,0,1,26,Y1,Y1=x0-x2+omega3*(x1-x2),Q<w26_s0>,0,Q<w26_s0>=[M0_Y1[26]|M1_Y1[26]|M2_Y1[26]|M3_Y1[26]|M4_Y1[26]|M5_Y1[26]|M6_Y1[26]|M7_Y1[26]],256,464,928,ldr Q<w26_s0> [row_base #16*26],416,V<w26_s0>.h[0],26,11,360,90,360,744,x0=B0[360]*twist[90]_from_a360|a744,232,58,232,616,x1=B0[232]*twist[58]_from_a232|a616,104,26,104,488,x2=B0[104]*twist[26]_from_a104|a488,V<w26_s0>.h[0]=Y1[26]_goes_to_work[26]_lane0,phase3_memory_is_row_major_k3_then_k32_with_8_packed_GT_matrices;ntt32_loads_one_Q_per_k32
all_matrices_all_rows,M0=B0_q0,0,0,0,1,27,Y1,Y1=x0-x2+omega3*(x1-x2),Q<w27_s0>,0,Q<w27_s0>=[M0_Y1[27]|M1_Y1[27]|M2_Y1[27]|M3_Y1[27]|M4_Y1[27]|M5_Y1[27]|M6_Y1[27]|M7_Y1[27]],256,472,944,ldr Q<w27_s0> [row_base #16*27],432,V<w27_s0>.h[0],27,27,108,27,108,492,x0=B0[108]*twist[27]_from_a108|a492,364,91,364,748,x1=B0[364]*twist[91]_from_a364|a748,236,59,236,620,x2=B0[236]*twist[59]_from_a236|a620,V<w27_s0>.h[0]=Y1[27]_goes_to_work[27]_lane0,phase3_memory_is_row_major_k3_then_k32_with_8_packed_GT_matrices;ntt32_loads_one_Q_per_k32
all_matrices_all_rows,M0=B0_q0,0,0,0,1,28,Y1,Y1=x0-x2+omega3*(x1-x2),Q<w28_s0>,0,Q<w28_s0>=[M0_Y1[28]|M1_Y1[28]|M2_Y1[28]|M3_Y1[28]|M4_Y1[28]|M5_Y1[28]|M6_Y1[28]|M7_Y1[28]],256,480,960,ldr Q<w28_s0> [row_base #16*28],448,V<w28_s0>.h[0],28,7,240,60,240,624,x0=B0[240]*twist[60]_from_a240|a624,112,28,112,496,x1=B0[112]*twist[28]_from_a112|a496,368,92,368,752,x2=B0[368]*twist[92]_from_a368|a752,V<w28_s0>.h[0]=Y1[28]_goes_to_work[28]_lane0,phase3_memory_is_row_major_k3_then_k32_with_8_packed_GT_matrices;ntt32_loads_one_Q_per_k32
all_matrices_all_rows,M0=B0_q0,0,0,0,1,29,Y1,Y1=x0-x2+omega3*(x1-x2),Q<w29_s0>,0,Q<w29_s0>=[M0_Y1[29]|M1_Y1[29]|M2_Y1[29]|M3_Y1[29]|M4_Y1[29]|M5_Y1[29]|M6_Y1[29]|M7_Y1[29]],256,488,976,ldr Q<w29_s0> [row_base #16*29],464,V<w29_s0>.h[0],29,23,372,93,372,756,x0=B0[372]*twist[93]_from_a372|a756,244,61,244,628,x1=B0[244]*twist[61]_from_a244|a628,116,29,116,500,x2=B0[116]*twist[29]_from_a116|a500,V<w29_s0>.h[0]=Y1[29]_goes_to_work[29]_lane0,phase3_memory_is_row_major_k3_then_k32_with_8_packed_GT_matrices;ntt32_loads_one_Q_per_k32
all_matrices_all_rows,M0=B0_q0,0,0,0,1,30,Y1,Y1=x0-x2+omega3*(x1-x2),Q<w30_s0>,0,Q<w30_s0>=[M0_Y1[30]|M1_Y1[30]|M2_Y1[30]|M3_Y1[30]|M4_Y1[30]|M5_Y1[30]|M6_Y1[30]|M7_Y1[30]],256,496,992,ldr Q<w30_s0> [row_base #16*30],480,V<w30_s0>.h[0],30,15,120,30,120,504,x0=B0[120]*twist[30]_from_a120|a504,376,94,376,760,x1=B0[376]*twist[94]_from_a376|a760,248,62,248,632,x2=B0[248]*twist[62]_from_a248|a632,V<w30_s0>.h[0]=Y1[30]_goes_to_work[30]_lane0,phase3_memory_is_row_major_k3_then_k32_with_8_packed_GT_matrices;ntt32_loads_one_Q_per_k32
all_matrices_all_rows,M0=B0_q0,0,0,0,1,31,Y1,Y1=x0-x2+omega3*(x1-x2),Q<w31_s0>,0,Q<w31_s0>=[M0_Y1[31]|M1_Y1[31]|M2_Y1[31]|M3_Y1[31]|M4_Y1[31]|M5_Y1[31]|M6_Y1[31]|M7_Y1[31]],256,504,1008,ldr Q<w31_s0> [row_base #16*31],496,V<w31_s0>.h[0],31,31,252,63,252,636,x0=B0[252]*twist[63]_from_a252|a636,124,31,124,508,x1=B0[124]*twist[31]_from_a124|a508,380,95,380,764,x2=B0[380]*twist[95]_from_a380|a764,V<w31_s0>.h[0]=Y1[31]_goes_to_work[31]_lane0,phase3_memory_is_row_major_k3_then_k32_with_8_packed_GT_matrices;ntt32_loads_one_Q_per_k32
all_matrices_all_rows,M0=B0_q0,0,0,0,2,0,Y2,Y2=x0-x1-omega3*(x1-x2),Q<w00_s0>,0,Q<w00_s0>=[M0_Y2[0]|M1_Y2[0]|M2_Y2[0]|M3_Y2[0]|M4_Y2[0]|M5_Y2[0]|M6_Y2[0]|M7_Y2[0]],512,512,1024,ldr Q<w00_s0> [row_base #16*0],0,V<w00_s0>.h[0],0,0,0,0,0,384,x0=B0[0]*twist[0]_from_a0|a384,256,64,256,640,x1=B0[256]*twist[64]_from_a256|a640,128,32,128,512,x2=B0[128]*twist[32]_from_a128|a512,V<w00_s0>.h[0]=Y2[0]_goes_to_work[0]_lane0,phase3_memory_is_row_major_k3_then_k32_with_8_packed_GT_matrices;ntt32_loads_one_Q_per_k32
all_matrices_all_rows,M0=B0_q0,0,0,0,2,1,Y2,Y2=x0-x1-omega3*(x1-x2),Q<w01_s0>,0,Q<w01_s0>=[M0_Y2[1]|M1_Y2[1]|M2_Y2[1]|M3_Y2[1]|M4_Y2[1]|M5_Y2[1]|M6_Y2[1]|M7_Y2[1]],512,520,1040,ldr Q<w01_s0> [row_base #16*1],16,V<w01_s0>.h[0],1,16,132,33,132,516,x0=B0[132]*twist[33]_from_a132|a516,4,1,4,388,x1=B0[4]*twist[1]_from_a4|a388,260,65,260,644,x2=B0[260]*twist[65]_from_a260|a644,V<w01_s0>.h[0]=Y2[1]_goes_to_work[1]_lane0,phase3_memory_is_row_major_k3_then_k32_with_8_packed_GT_matrices;ntt32_loads_one_Q_per_k32
all_matrices_all_rows,M0=B0_q0,0,0,0,2,2,Y2,Y2=x0-x1-omega3*(x1-x2),Q<w02_s0>,0,Q<w02_s0>=[M0_Y2[2]|M1_Y2[2]|M2_Y2[2]|M3_Y2[2]|M4_Y2[2]|M5_Y2[2]|M6_Y2[2]|M7_Y2[2]],512,528,1056,ldr Q<w02_s0> [row_base #16*2],32,V<w02_s0>.h[0],2,8,264,66,264,648,x0=B0[264]*twist[66]_from_a264|a648,136,34,136,520,x1=B0[136]*twist[34]_from_a136|a520,8,2,8,392,x2=B0[8]*twist[2]_from_a8|a392,V<w02_s0>.h[0]=Y2[2]_goes_to_work[2]_lane0,phase3_memory_is_row_major_k3_then_k32_with_8_packed_GT_matrices;ntt32_loads_one_Q_per_k32
all_matrices_all_rows,M0=B0_q0,0,0,0,2,3,Y2,Y2=x0-x1-omega3*(x1-x2),Q<w03_s0>,0,Q<w03_s0>=[M0_Y2[3]|M1_Y2[3]|M2_Y2[3]|M3_Y2[3]|M4_Y2[3]|M5_Y2[3]|M6_Y2[3]|M7_Y2[3]],512,536,1072,ldr Q<w03_s0> [row_base #16*3],48,V<w03_s0>.h[0],3,24,12,3,12,396,x0=B0[12]*twist[3]_from_a12|a396,268,67,268,652,x1=B0[268]*twist[67]_from_a268|a652,140,35,140,524,x2=B0[140]*twist[35]_from_a140|a524,V<w03_s0>.h[0]=Y2[3]_goes_to_work[3]_lane0,phase3_memory_is_row_major_k3_then_k32_with_8_packed_GT_matrices;ntt32_loads_one_Q_per_k32
all_matrices_all_rows,M0=B0_q0,0,0,0,2,4,Y2,Y2=x0-x1-omega3*(x1-x2),Q<w04_s0>,0,Q<w04_s0>=[M0_Y2[4]|M1_Y2[4]|M2_Y2[4]|M3_Y2[4]|M4_Y2[4]|M5_Y2[4]|M6_Y2[4]|M7_Y2[4]],512,544,1088,ldr Q<w04_s0> [row_base #16*4],64,V<w04_s0>.h[0],4,4,144,36,144,528,x0=B0[144]*twist[36]_from_a144|a528,16,4,16,400,x1=B0[16]*twist[4]_from_a16|a400,272,68,272,656,x2=B0[272]*twist[68]_from_a272|a656,V<w04_s0>.h[0]=Y2[4]_goes_to_work[4]_lane0,phase3_memory_is_row_major_k3_then_k32_with_8_packed_GT_matrices;ntt32_loads_one_Q_per_k32
all_matrices_all_rows,M0=B0_q0,0,0,0,2,5,Y2,Y2=x0-x1-omega3*(x1-x2),Q<w05_s0>,0,Q<w05_s0>=[M0_Y2[5]|M1_Y2[5]|M2_Y2[5]|M3_Y2[5]|M4_Y2[5]|M5_Y2[5]|M6_Y2[5]|M7_Y2[5]],512,552,1104,ldr Q<w05_s0> [row_base #16*5],80,V<w05_s0>.h[0],5,20,276,69,276,660,x0=B0[276]*twist[69]_from_a276|a660,148,37,148,532,x1=B0[148]*twist[37]_from_a148|a532,20,5,20,404,x2=B0[20]*twist[5]_from_a20|a404,V<w05_s0>.h[0]=Y2[5]_goes_to_work[5]_lane0,phase3_memory_is_row_major_k3_then_k32_with_8_packed_GT_matrices;ntt32_loads_one_Q_per_k32
all_matrices_all_rows,M0=B0_q0,0,0,0,2,6,Y2,Y2=x0-x1-omega3*(x1-x2),Q<w06_s0>,0,Q<w06_s0>=[M0_Y2[6]|M1_Y2[6]|M2_Y2[6]|M3_Y2[6]|M4_Y2[6]|M5_Y2[6]|M6_Y2[6]|M7_Y2[6]],512,560,1120,ldr Q<w06_s0> [row_base #16*6],96,V<w06_s0>.h[0],6,12,24,6,24,408,x0=B0[24]*twist[6]_from_a24|a408,280,70,280,664,x1=B0[280]*twist[70]_from_a280|a664,152,38,152,536,x2=B0[152]*twist[38]_from_a152|a536,V<w06_s0>.h[0]=Y2[6]_goes_to_work[6]_lane0,phase3_memory_is_row_major_k3_then_k32_with_8_packed_GT_matrices;ntt32_loads_one_Q_per_k32
all_matrices_all_rows,M0=B0_q0,0,0,0,2,7,Y2,Y2=x0-x1-omega3*(x1-x2),Q<w07_s0>,0,Q<w07_s0>=[M0_Y2[7]|M1_Y2[7]|M2_Y2[7]|M3_Y2[7]|M4_Y2[7]|M5_Y2[7]|M6_Y2[7]|M7_Y2[7]],512,568,1136,ldr Q<w07_s0> [row_base #16*7],112,V<w07_s0>.h[0],7,28,156,39,156,540,x0=B0[156]*twist[39]_from_a156|a540,28,7,28,412,x1=B0[28]*twist[7]_from_a28|a412,284,71,284,668,x2=B0[284]*twist[71]_from_a284|a668,V<w07_s0>.h[0]=Y2[7]_goes_to_work[7]_lane0,phase3_memory_is_row_major_k3_then_k32_with_8_packed_GT_matrices;ntt32_loads_one_Q_per_k32
all_matrices_all_rows,M0=B0_q0,0,0,0,2,8,Y2,Y2=x0-x1-omega3*(x1-x2),Q<w08_s0>,0,Q<w08_s0>=[M0_Y2[8]|M1_Y2[8]|M2_Y2[8]|M3_Y2[8]|M4_Y2[8]|M5_Y2[8]|M6_Y2[8]|M7_Y2[8]],512,576,1152,ldr Q<w08_s0> [row_base #16*8],128,V<w08_s0>.h[0],8,2,288,72,288,672,x0=B0[288]*twist[72]_from_a288|a672,160,40,160,544,x1=B0[160]*twist[40]_from_a160|a544,32,8,32,416,x2=B0[32]*twist[8]_from_a32|a416,V<w08_s0>.h[0]=Y2[8]_goes_to_work[8]_lane0,phase3_memory_is_row_major_k3_then_k32_with_8_packed_GT_matrices;ntt32_loads_one_Q_per_k32
all_matrices_all_rows,M0=B0_q0,0,0,0,2,9,Y2,Y2=x0-x1-omega3*(x1-x2),Q<w09_s0>,0,Q<w09_s0>=[M0_Y2[9]|M1_Y2[9]|M2_Y2[9]|M3_Y2[9]|M4_Y2[9]|M5_Y2[9]|M6_Y2[9]|M7_Y2[9]],512,584,1168,ldr Q<w09_s0> [row_base #16*9],144,V<w09_s0>.h[0],9,18,36,9,36,420,x0=B0[36]*twist[9]_from_a36|a420,292,73,292,676,x1=B0[292]*twist[73]_from_a292|a676,164,41,164,548,x2=B0[164]*twist[41]_from_a164|a548,V<w09_s0>.h[0]=Y2[9]_goes_to_work[9]_lane0,phase3_memory_is_row_major_k3_then_k32_with_8_packed_GT_matrices;ntt32_loads_one_Q_per_k32
all_matrices_all_rows,M0=B0_q0,0,0,0,2,10,Y2,Y2=x0-x1-omega3*(x1-x2),Q<w10_s0>,0,Q<w10_s0>=[M0_Y2[10]|M1_Y2[10]|M2_Y2[10]|M3_Y2[10]|M4_Y2[10]|M5_Y2[10]|M6_Y2[10]|M7_Y2[10]],512,592,1184,ldr Q<w10_s0> [row_base #16*10],160,V<w10_s0>.h[0],10,10,168,42,168,552,x0=B0[168]*twist[42]_from_a168|a552,40,10,40,424,x1=B0[40]*twist[10]_from_a40|a424,296,74,296,680,x2=B0[296]*twist[74]_from_a296|a680,V<w10_s0>.h[0]=Y2[10]_goes_to_work[10]_lane0,phase3_memory_is_row_major_k3_then_k32_with_8_packed_GT_matrices;ntt32_loads_one_Q_per_k32
all_matrices_all_rows,M0=B0_q0,0,0,0,2,11,Y2,Y2=x0-x1-omega3*(x1-x2),Q<w11_s0>,0,Q<w11_s0>=[M0_Y2[11]|M1_Y2[11]|M2_Y2[11]|M3_Y2[11]|M4_Y2[11]|M5_Y2[11]|M6_Y2[11]|M7_Y2[11]],512,600,1200,ldr Q<w11_s0> [row_base #16*11],176,V<w11_s0>.h[0],11,26,300,75,300,684,x0=B0[300]*twist[75]_from_a300|a684,172,43,172,556,x1=B0[172]*twist[43]_from_a172|a556,44,11,44,428,x2=B0[44]*twist[11]_from_a44|a428,V<w11_s0>.h[0]=Y2[11]_goes_to_work[11]_lane0,phase3_memory_is_row_major_k3_then_k32_with_8_packed_GT_matrices;ntt32_loads_one_Q_per_k32
all_matrices_all_rows,M0=B0_q0,0,0,0,2,12,Y2,Y2=x0-x1-omega3*(x1-x2),Q<w12_s0>,0,Q<w12_s0>=[M0_Y2[12]|M1_Y2[12]|M2_Y2[12]|M3_Y2[12]|M4_Y2[12]|M5_Y2[12]|M6_Y2[12]|M7_Y2[12]],512,608,1216,ldr Q<w12_s0> [row_base #16*12],192,V<w12_s0>.h[0],12,6,48,12,48,432,x0=B0[48]*twist[12]_from_a48|a432,304,76,304,688,x1=B0[304]*twist[76]_from_a304|a688,176,44,176,560,x2=B0[176]*twist[44]_from_a176|a560,V<w12_s0>.h[0]=Y2[12]_goes_to_work[12]_lane0,phase3_memory_is_row_major_k3_then_k32_with_8_packed_GT_matrices;ntt32_loads_one_Q_per_k32
all_matrices_all_rows,M0=B0_q0,0,0,0,2,13,Y2,Y2=x0-x1-omega3*(x1-x2),Q<w13_s0>,0,Q<w13_s0>=[M0_Y2[13]|M1_Y2[13]|M2_Y2[13]|M3_Y2[13]|M4_Y2[13]|M5_Y2[13]|M6_Y2[13]|M7_Y2[13]],512,616,1232,ldr Q<w13_s0> [row_base #16*13],208,V<w13_s0>.h[0],13,22,180,45,180,564,x0=B0[180]*twist[45]_from_a180|a564,52,13,52,436,x1=B0[52]*twist[13]_from_a52|a436,308,77,308,692,x2=B0[308]*twist[77]_from_a308|a692,V<w13_s0>.h[0]=Y2[13]_goes_to_work[13]_lane0,phase3_memory_is_row_major_k3_then_k32_with_8_packed_GT_matrices;ntt32_loads_one_Q_per_k32
all_matrices_all_rows,M0=B0_q0,0,0,0,2,14,Y2,Y2=x0-x1-omega3*(x1-x2),Q<w14_s0>,0,Q<w14_s0>=[M0_Y2[14]|M1_Y2[14]|M2_Y2[14]|M3_Y2[14]|M4_Y2[14]|M5_Y2[14]|M6_Y2[14]|M7_Y2[14]],512,624,1248,ldr Q<w14_s0> [row_base #16*14],224,V<w14_s0>.h[0],14,14,312,78,312,696,x0=B0[312]*twist[78]_from_a312|a696,184,46,184,568,x1=B0[184]*twist[46]_from_a184|a568,56,14,56,440,x2=B0[56]*twist[14]_from_a56|a440,V<w14_s0>.h[0]=Y2[14]_goes_to_work[14]_lane0,phase3_memory_is_row_major_k3_then_k32_with_8_packed_GT_matrices;ntt32_loads_one_Q_per_k32
all_matrices_all_rows,M0=B0_q0,0,0,0,2,15,Y2,Y2=x0-x1-omega3*(x1-x2),Q<w15_s0>,0,Q<w15_s0>=[M0_Y2[15]|M1_Y2[15]|M2_Y2[15]|M3_Y2[15]|M4_Y2[15]|M5_Y2[15]|M6_Y2[15]|M7_Y2[15]],512,632,1264,ldr Q<w15_s0> [row_base #16*15],240,V<w15_s0>.h[0],15,30,60,15,60,444,x0=B0[60]*twist[15]_from_a60|a444,316,79,316,700,x1=B0[316]*twist[79]_from_a316|a700,188,47,188,572,x2=B0[188]*twist[47]_from_a188|a572,V<w15_s0>.h[0]=Y2[15]_goes_to_work[15]_lane0,phase3_memory_is_row_major_k3_then_k32_with_8_packed_GT_matrices;ntt32_loads_one_Q_per_k32
all_matrices_all_rows,M0=B0_q0,0,0,0,2,16,Y2,Y2=x0-x1-omega3*(x1-x2),Q<w16_s0>,0,Q<w16_s0>=[M0_Y2[16]|M1_Y2[16]|M2_Y2[16]|M3_Y2[16]|M4_Y2[16]|M5_Y2[16]|M6_Y2[16]|M7_Y2[16]],512,640,1280,ldr Q<w16_s0> [row_base #16*16],256,V<w16_s0>.h[0],16,1,192,48,192,576,x0=B0[192]*twist[48]_from_a192|a576,64,16,64,448,x1=B0[64]*twist[16]_from_a64|a448,320,80,320,704,x2=B0[320]*twist[80]_from_a320|a704,V<w16_s0>.h[0]=Y2[16]_goes_to_work[16]_lane0,phase3_memory_is_row_major_k3_then_k32_with_8_packed_GT_matrices;ntt32_loads_one_Q_per_k32
all_matrices_all_rows,M0=B0_q0,0,0,0,2,17,Y2,Y2=x0-x1-omega3*(x1-x2),Q<w17_s0>,0,Q<w17_s0>=[M0_Y2[17]|M1_Y2[17]|M2_Y2[17]|M3_Y2[17]|M4_Y2[17]|M5_Y2[17]|M6_Y2[17]|M7_Y2[17]],512,648,1296,ldr Q<w17_s0> [row_base #16*17],272,V<w17_s0>.h[0],17,17,324,81,324,708,x0=B0[324]*twist[81]_from_a324|a708,196,49,196,580,x1=B0[196]*twist[49]_from_a196|a580,68,17,68,452,x2=B0[68]*twist[17]_from_a68|a452,V<w17_s0>.h[0]=Y2[17]_goes_to_work[17]_lane0,phase3_memory_is_row_major_k3_then_k32_with_8_packed_GT_matrices;ntt32_loads_one_Q_per_k32
all_matrices_all_rows,M0=B0_q0,0,0,0,2,18,Y2,Y2=x0-x1-omega3*(x1-x2),Q<w18_s0>,0,Q<w18_s0>=[M0_Y2[18]|M1_Y2[18]|M2_Y2[18]|M3_Y2[18]|M4_Y2[18]|M5_Y2[18]|M6_Y2[18]|M7_Y2[18]],512,656,1312,ldr Q<w18_s0> [row_base #16*18],288,V<w18_s0>.h[0],18,9,72,18,72,456,x0=B0[72]*twist[18]_from_a72|a456,328,82,328,712,x1=B0[328]*twist[82]_from_a328|a712,200,50,200,584,x2=B0[200]*twist[50]_from_a200|a584,V<w18_s0>.h[0]=Y2[18]_goes_to_work[18]_lane0,phase3_memory_is_row_major_k3_then_k32_with_8_packed_GT_matrices;ntt32_loads_one_Q_per_k32
all_matrices_all_rows,M0=B0_q0,0,0,0,2,19,Y2,Y2=x0-x1-omega3*(x1-x2),Q<w19_s0>,0,Q<w19_s0>=[M0_Y2[19]|M1_Y2[19]|M2_Y2[19]|M3_Y2[19]|M4_Y2[19]|M5_Y2[19]|M6_Y2[19]|M7_Y2[19]],512,664,1328,ldr Q<w19_s0> [row_base #16*19],304,V<w19_s0>.h[0],19,25,204,51,204,588,x0=B0[204]*twist[51]_from_a204|a588,76,19,76,460,x1=B0[76]*twist[19]_from_a76|a460,332,83,332,716,x2=B0[332]*twist[83]_from_a332|a716,V<w19_s0>.h[0]=Y2[19]_goes_to_work[19]_lane0,phase3_memory_is_row_major_k3_then_k32_with_8_packed_GT_matrices;ntt32_loads_one_Q_per_k32
all_matrices_all_rows,M0=B0_q0,0,0,0,2,20,Y2,Y2=x0-x1-omega3*(x1-x2),Q<w20_s0>,0,Q<w20_s0>=[M0_Y2[20]|M1_Y2[20]|M2_Y2[20]|M3_Y2[20]|M4_Y2[20]|M5_Y2[20]|M6_Y2[20]|M7_Y2[20]],512,672,1344,ldr Q<w20_s0> [row_base #16*20],320,V<w20_s0>.h[0],20,5,336,84,336,720,x0=B0[336]*twist[84]_from_a336|a720,208,52,208,592,x1=B0[208]*twist[52]_from_a208|a592,80,20,80,464,x2=B0[80]*twist[20]_from_a80|a464,V<w20_s0>.h[0]=Y2[20]_goes_to_work[20]_lane0,phase3_memory_is_row_major_k3_then_k32_with_8_packed_GT_matrices;ntt32_loads_one_Q_per_k32
all_matrices_all_rows,M0=B0_q0,0,0,0,2,21,Y2,Y2=x0-x1-omega3*(x1-x2),Q<w21_s0>,0,Q<w21_s0>=[M0_Y2[21]|M1_Y2[21]|M2_Y2[21]|M3_Y2[21]|M4_Y2[21]|M5_Y2[21]|M6_Y2[21]|M7_Y2[21]],512,680,1360,ldr Q<w21_s0> [row_base #16*21],336,V<w21_s0>.h[0],21,21,84,21,84,468,x0=B0[84]*twist[21]_from_a84|a468,340,85,340,724,x1=B0[340]*twist[85]_from_a340|a724,212,53,212,596,x2=B0[212]*twist[53]_from_a212|a596,V<w21_s0>.h[0]=Y2[21]_goes_to_work[21]_lane0,phase3_memory_is_row_major_k3_then_k32_with_8_packed_GT_matrices;ntt32_loads_one_Q_per_k32
all_matrices_all_rows,M0=B0_q0,0,0,0,2,22,Y2,Y2=x0-x1-omega3*(x1-x2),Q<w22_s0>,0,Q<w22_s0>=[M0_Y2[22]|M1_Y2[22]|M2_Y2[22]|M3_Y2[22]|M4_Y2[22]|M5_Y2[22]|M6_Y2[22]|M7_Y2[22]],512,688,1376,ldr Q<w22_s0> [row_base #16*22],352,V<w22_s0>.h[0],22,13,216,54,216,600,x0=B0[216]*twist[54]_from_a216|a600,88,22,88,472,x1=B0[88]*twist[22]_from_a88|a472,344,86,344,728,x2=B0[344]*twist[86]_from_a344|a728,V<w22_s0>.h[0]=Y2[22]_goes_to_work[22]_lane0,phase3_memory_is_row_major_k3_then_k32_with_8_packed_GT_matrices;ntt32_loads_one_Q_per_k32
all_matrices_all_rows,M0=B0_q0,0,0,0,2,23,Y2,Y2=x0-x1-omega3*(x1-x2),Q<w23_s0>,0,Q<w23_s0>=[M0_Y2[23]|M1_Y2[23]|M2_Y2[23]|M3_Y2[23]|M4_Y2[23]|M5_Y2[23]|M6_Y2[23]|M7_Y2[23]],512,696,1392,ldr Q<w23_s0> [row_base #16*23],368,V<w23_s0>.h[0],23,29,348,87,348,732,x0=B0[348]*twist[87]_from_a348|a732,220,55,220,604,x1=B0[220]*twist[55]_from_a220|a604,92,23,92,476,x2=B0[92]*twist[23]_from_a92|a476,V<w23_s0>.h[0]=Y2[23]_goes_to_work[23]_lane0,phase3_memory_is_row_major_k3_then_k32_with_8_packed_GT_matrices;ntt32_loads_one_Q_per_k32
all_matrices_all_rows,M0=B0_q0,0,0,0,2,24,Y2,Y2=x0-x1-omega3*(x1-x2),Q<w24_s0>,0,Q<w24_s0>=[M0_Y2[24]|M1_Y2[24]|M2_Y2[24]|M3_Y2[24]|M4_Y2[24]|M5_Y2[24]|M6_Y2[24]|M7_Y2[24]],512,704,1408,ldr Q<w24_s0> [row_base #16*24],384,V<w24_s0>.h[0],24,3,96,24,96,480,x0=B0[96]*twist[24]_from_a96|a480,352,88,352,736,x1=B0[352]*twist[88]_from_a352|a736,224,56,224,608,x2=B0[224]*twist[56]_from_a224|a608,V<w24_s0>.h[0]=Y2[24]_goes_to_work[24]_lane0,phase3_memory_is_row_major_k3_then_k32_with_8_packed_GT_matrices;ntt32_loads_one_Q_per_k32
all_matrices_all_rows,M0=B0_q0,0,0,0,2,25,Y2,Y2=x0-x1-omega3*(x1-x2),Q<w25_s0>,0,Q<w25_s0>=[M0_Y2[25]|M1_Y2[25]|M2_Y2[25]|M3_Y2[25]|M4_Y2[25]|M5_Y2[25]|M6_Y2[25]|M7_Y2[25]],512,712,1424,ldr Q<w25_s0> [row_base #16*25],400,V<w25_s0>.h[0],25,19,228,57,228,612,x0=B0[228]*twist[57]_from_a228|a612,100,25,100,484,x1=B0[100]*twist[25]_from_a100|a484,356,89,356,740,x2=B0[356]*twist[89]_from_a356|a740,V<w25_s0>.h[0]=Y2[25]_goes_to_work[25]_lane0,phase3_memory_is_row_major_k3_then_k32_with_8_packed_GT_matrices;ntt32_loads_one_Q_per_k32
all_matrices_all_rows,M0=B0_q0,0,0,0,2,26,Y2,Y2=x0-x1-omega3*(x1-x2),Q<w26_s0>,0,Q<w26_s0>=[M0_Y2[26]|M1_Y2[26]|M2_Y2[26]|M3_Y2[26]|M4_Y2[26]|M5_Y2[26]|M6_Y2[26]|M7_Y2[26]],512,720,1440,ldr Q<w26_s0> [row_base #16*26],416,V<w26_s0>.h[0],26,11,360,90,360,744,x0=B0[360]*twist[90]_from_a360|a744,232,58,232,616,x1=B0[232]*twist[58]_from_a232|a616,104,26,104,488,x2=B0[104]*twist[26]_from_a104|a488,V<w26_s0>.h[0]=Y2[26]_goes_to_work[26]_lane0,phase3_memory_is_row_major_k3_then_k32_with_8_packed_GT_matrices;ntt32_loads_one_Q_per_k32
all_matrices_all_rows,M0=B0_q0,0,0,0,2,27,Y2,Y2=x0-x1-omega3*(x1-x2),Q<w27_s0>,0,Q<w27_s0>=[M0_Y2[27]|M1_Y2[27]|M2_Y2[27]|M3_Y2[27]|M4_Y2[27]|M5_Y2[27]|M6_Y2[27]|M7_Y2[27]],512,728,1456,ldr Q<w27_s0> [row_base #16*27],432,V<w27_s0>.h[0],27,27,108,27,108,492,x0=B0[108]*twist[27]_from_a108|a492,364,91,364,748,x1=B0[364]*twist[91]_from_a364|a748,236,59,236,620,x2=B0[236]*twist[59]_from_a236|a620,V<w27_s0>.h[0]=Y2[27]_goes_to_work[27]_lane0,phase3_memory_is_row_major_k3_then_k32_with_8_packed_GT_matrices;ntt32_loads_one_Q_per_k32
all_matrices_all_rows,M0=B0_q0,0,0,0,2,28,Y2,Y2=x0-x1-omega3*(x1-x2),Q<w28_s0>,0,Q<w28_s0>=[M0_Y2[28]|M1_Y2[28]|M2_Y2[28]|M3_Y2[28]|M4_Y2[28]|M5_Y2[28]|M6_Y2[28]|M7_Y2[28]],512,736,1472,ldr Q<w28_s0> [row_base #16*28],448,V<w28_s0>.h[0],28,7,240,60,240,624,x0=B0[240]*twist[60]_from_a240|a624,112,28,112,496,x1=B0[112]*twist[28]_from_a112|a496,368,92,368,752,x2=B0[368]*twist[92]_from_a368|a752,V<w28_s0>.h[0]=Y2[28]_goes_to_work[28]_lane0,phase3_memory_is_row_major_k3_then_k32_with_8_packed_GT_matrices;ntt32_loads_one_Q_per_k32
all_matrices_all_rows,M0=B0_q0,0,0,0,2,29,Y2,Y2=x0-x1-omega3*(x1-x2),Q<w29_s0>,0,Q<w29_s0>=[M0_Y2[29]|M1_Y2[29]|M2_Y2[29]|M3_Y2[29]|M4_Y2[29]|M5_Y2[29]|M6_Y2[29]|M7_Y2[29]],512,744,1488,ldr Q<w29_s0> [row_base #16*29],464,V<w29_s0>.h[0],29,23,372,93,372,756,x0=B0[372]*twist[93]_from_a372|a756,244,61,244,628,x1=B0[244]*twist[61]_from_a244|a628,116,29,116,500,x2=B0[116]*twist[29]_from_a116|a500,V<w29_s0>.h[0]=Y2[29]_goes_to_work[29]_lane0,phase3_memory_is_row_major_k3_then_k32_with_8_packed_GT_matrices;ntt32_loads_one_Q_per_k32
all_matrices_all_rows,M0=B0_q0,0,0,0,2,30,Y2,Y2=x0-x1-omega3*(x1-x2),Q<w30_s0>,0,Q<w30_s0>=[M0_Y2[30]|M1_Y2[30]|M2_Y2[30]|M3_Y2[30]|M4_Y2[30]|M5_Y2[30]|M6_Y2[30]|M7_Y2[30]],512,752,1504,ldr Q<w30_s0> [row_base #16*30],480,V<w30_s0>.h[0],30,15,120,30,120,504,x0=B0[120]*twist[30]_from_a120|a504,376,94,376,760,x1=B0[376]*twist[94]_from_a376|a760,248,62,248,632,x2=B0[248]*twist[62]_from_a248|a632,V<w30_s0>.h[0]=Y2[30]_goes_to_work[30]_lane0,phase3_memory_is_row_major_k3_then_k32_with_8_packed_GT_matrices;ntt32_loads_one_Q_per_k32
all_matrices_all_rows,M0=B0_q0,0,0,0,2,31,Y2,Y2=x0-x1-omega3*(x1-x2),Q<w31_s0>,0,Q<w31_s0>=[M0_Y2[31]|M1_Y2[31]|M2_Y2[31]|M3_Y2[31]|M4_Y2[31]|M5_Y2[31]|M6_Y2[31]|M7_Y2[31]],512,760,1520,ldr Q<w31_s0> [row_base #16*31],496,V<w31_s0>.h[0],31,31,252,63,252,636,x0=B0[252]*twist[63]_from_a252|a636,124,31,124,508,x1=B0[124]*twist[31]_from_a124|a508,380,95,380,764,x2=B0[380]*twist[95]_from_a380|a764,V<w31_s0>.h[0]=Y2[31]_goes_to_work[31]_lane0,phase3_memory_is_row_major_k3_then_k32_with_8_packed_GT_matrices;ntt32_loads_one_Q_per_k32
all_matrices_all_rows,M1=B0_q1,1,0,1,0,0,Y0,Y0=x0+x1+x2,Q<w00_s0>,1,Q<w00_s0>=[M0_Y0[0]|M1_Y0[0]|M2_Y0[0]|M3_Y0[0]|M4_Y0[0]|M5_Y0[0]|M6_Y0[0]|M7_Y0[0]],0,1,2,ldr Q<w00_s0> [row_base #16*0],0,V<w00_s0>.h[1],0,0,1,0,1,385,x0=B0[1]*twist[0]_from_a1|a385,257,64,257,641,x1=B0[257]*twist[64]_from_a257|a641,129,32,129,513,x2=B0[129]*twist[32]_from_a129|a513,V<w00_s0>.h[1]=Y0[0]_goes_to_work[0]_lane1,phase3_memory_is_row_major_k3_then_k32_with_8_packed_GT_matrices;ntt32_loads_one_Q_per_k32
all_matrices_all_rows,M1=B0_q1,1,0,1,0,1,Y0,Y0=x0+x1+x2,Q<w01_s0>,1,Q<w01_s0>=[M0_Y0[1]|M1_Y0[1]|M2_Y0[1]|M3_Y0[1]|M4_Y0[1]|M5_Y0[1]|M6_Y0[1]|M7_Y0[1]],0,9,18,ldr Q<w01_s0> [row_base #16*1],16,V<w01_s0>.h[1],1,16,133,33,133,517,x0=B0[133]*twist[33]_from_a133|a517,5,1,5,389,x1=B0[5]*twist[1]_from_a5|a389,261,65,261,645,x2=B0[261]*twist[65]_from_a261|a645,V<w01_s0>.h[1]=Y0[1]_goes_to_work[1]_lane1,phase3_memory_is_row_major_k3_then_k32_with_8_packed_GT_matrices;ntt32_loads_one_Q_per_k32
all_matrices_all_rows,M1=B0_q1,1,0,1,0,2,Y0,Y0=x0+x1+x2,Q<w02_s0>,1,Q<w02_s0>=[M0_Y0[2]|M1_Y0[2]|M2_Y0[2]|M3_Y0[2]|M4_Y0[2]|M5_Y0[2]|M6_Y0[2]|M7_Y0[2]],0,17,34,ldr Q<w02_s0> [row_base #16*2],32,V<w02_s0>.h[1],2,8,265,66,265,649,x0=B0[265]*twist[66]_from_a265|a649,137,34,137,521,x1=B0[137]*twist[34]_from_a137|a521,9,2,9,393,x2=B0[9]*twist[2]_from_a9|a393,V<w02_s0>.h[1]=Y0[2]_goes_to_work[2]_lane1,phase3_memory_is_row_major_k3_then_k32_with_8_packed_GT_matrices;ntt32_loads_one_Q_per_k32
all_matrices_all_rows,M1=B0_q1,1,0,1,0,3,Y0,Y0=x0+x1+x2,Q<w03_s0>,1,Q<w03_s0>=[M0_Y0[3]|M1_Y0[3]|M2_Y0[3]|M3_Y0[3]|M4_Y0[3]|M5_Y0[3]|M6_Y0[3]|M7_Y0[3]],0,25,50,ldr Q<w03_s0> [row_base #16*3],48,V<w03_s0>.h[1],3,24,13,3,13,397,x0=B0[13]*twist[3]_from_a13|a397,269,67,269,653,x1=B0[269]*twist[67]_from_a269|a653,141,35,141,525,x2=B0[141]*twist[35]_from_a141|a525,V<w03_s0>.h[1]=Y0[3]_goes_to_work[3]_lane1,phase3_memory_is_row_major_k3_then_k32_with_8_packed_GT_matrices;ntt32_loads_one_Q_per_k32
all_matrices_all_rows,M1=B0_q1,1,0,1,0,4,Y0,Y0=x0+x1+x2,Q<w04_s0>,1,Q<w04_s0>=[M0_Y0[4]|M1_Y0[4]|M2_Y0[4]|M3_Y0[4]|M4_Y0[4]|M5_Y0[4]|M6_Y0[4]|M7_Y0[4]],0,33,66,ldr Q<w04_s0> [row_base #16*4],64,V<w04_s0>.h[1],4,4,145,36,145,529,x0=B0[145]*twist[36]_from_a145|a529,17,4,17,401,x1=B0[17]*twist[4]_from_a17|a401,273,68,273,657,x2=B0[273]*twist[68]_from_a273|a657,V<w04_s0>.h[1]=Y0[4]_goes_to_work[4]_lane1,phase3_memory_is_row_major_k3_then_k32_with_8_packed_GT_matrices;ntt32_loads_one_Q_per_k32
all_matrices_all_rows,M1=B0_q1,1,0,1,0,5,Y0,Y0=x0+x1+x2,Q<w05_s0>,1,Q<w05_s0>=[M0_Y0[5]|M1_Y0[5]|M2_Y0[5]|M3_Y0[5]|M4_Y0[5]|M5_Y0[5]|M6_Y0[5]|M7_Y0[5]],0,41,82,ldr Q<w05_s0> [row_base #16*5],80,V<w05_s0>.h[1],5,20,277,69,277,661,x0=B0[277]*twist[69]_from_a277|a661,149,37,149,533,x1=B0[149]*twist[37]_from_a149|a533,21,5,21,405,x2=B0[21]*twist[5]_from_a21|a405,V<w05_s0>.h[1]=Y0[5]_goes_to_work[5]_lane1,phase3_memory_is_row_major_k3_then_k32_with_8_packed_GT_matrices;ntt32_loads_one_Q_per_k32
all_matrices_all_rows,M1=B0_q1,1,0,1,0,6,Y0,Y0=x0+x1+x2,Q<w06_s0>,1,Q<w06_s0>=[M0_Y0[6]|M1_Y0[6]|M2_Y0[6]|M3_Y0[6]|M4_Y0[6]|M5_Y0[6]|M6_Y0[6]|M7_Y0[6]],0,49,98,ldr Q<w06_s0> [row_base #16*6],96,V<w06_s0>.h[1],6,12,25,6,25,409,x0=B0[25]*twist[6]_from_a25|a409,281,70,281,665,x1=B0[281]*twist[70]_from_a281|a665,153,38,153,537,x2=B0[153]*twist[38]_from_a153|a537,V<w06_s0>.h[1]=Y0[6]_goes_to_work[6]_lane1,phase3_memory_is_row_major_k3_then_k32_with_8_packed_GT_matrices;ntt32_loads_one_Q_per_k32
all_matrices_all_rows,M1=B0_q1,1,0,1,0,7,Y0,Y0=x0+x1+x2,Q<w07_s0>,1,Q<w07_s0>=[M0_Y0[7]|M1_Y0[7]|M2_Y0[7]|M3_Y0[7]|M4_Y0[7]|M5_Y0[7]|M6_Y0[7]|M7_Y0[7]],0,57,114,ldr Q<w07_s0> [row_base #16*7],112,V<w07_s0>.h[1],7,28,157,39,157,541,x0=B0[157]*twist[39]_from_a157|a541,29,7,29,413,x1=B0[29]*twist[7]_from_a29|a413,285,71,285,669,x2=B0[285]*twist[71]_from_a285|a669,V<w07_s0>.h[1]=Y0[7]_goes_to_work[7]_lane1,phase3_memory_is_row_major_k3_then_k32_with_8_packed_GT_matrices;ntt32_loads_one_Q_per_k32
all_matrices_all_rows,M1=B0_q1,1,0,1,0,8,Y0,Y0=x0+x1+x2,Q<w08_s0>,1,Q<w08_s0>=[M0_Y0[8]|M1_Y0[8]|M2_Y0[8]|M3_Y0[8]|M4_Y0[8]|M5_Y0[8]|M6_Y0[8]|M7_Y0[8]],0,65,130,ldr Q<w08_s0> [row_base #16*8],128,V<w08_s0>.h[1],8,2,289,72,289,673,x0=B0[289]*twist[72]_from_a289|a673,161,40,161,545,x1=B0[161]*twist[40]_from_a161|a545,33,8,33,417,x2=B0[33]*twist[8]_from_a33|a417,V<w08_s0>.h[1]=Y0[8]_goes_to_work[8]_lane1,phase3_memory_is_row_major_k3_then_k32_with_8_packed_GT_matrices;ntt32_loads_one_Q_per_k32
all_matrices_all_rows,M1=B0_q1,1,0,1,0,9,Y0,Y0=x0+x1+x2,Q<w09_s0>,1,Q<w09_s0>=[M0_Y0[9]|M1_Y0[9]|M2_Y0[9]|M3_Y0[9]|M4_Y0[9]|M5_Y0[9]|M6_Y0[9]|M7_Y0[9]],0,73,146,ldr Q<w09_s0> [row_base #16*9],144,V<w09_s0>.h[1],9,18,37,9,37,421,x0=B0[37]*twist[9]_from_a37|a421,293,73,293,677,x1=B0[293]*twist[73]_from_a293|a677,165,41,165,549,x2=B0[165]*twist[41]_from_a165|a549,V<w09_s0>.h[1]=Y0[9]_goes_to_work[9]_lane1,phase3_memory_is_row_major_k3_then_k32_with_8_packed_GT_matrices;ntt32_loads_one_Q_per_k32
all_matrices_all_rows,M1=B0_q1,1,0,1,0,10,Y0,Y0=x0+x1+x2,Q<w10_s0>,1,Q<w10_s0>=[M0_Y0[10]|M1_Y0[10]|M2_Y0[10]|M3_Y0[10]|M4_Y0[10]|M5_Y0[10]|M6_Y0[10]|M7_Y0[10]],0,81,162,ldr Q<w10_s0> [row_base #16*10],160,V<w10_s0>.h[1],10,10,169,42,169,553,x0=B0[169]*twist[42]_from_a169|a553,41,10,41,425,x1=B0[41]*twist[10]_from_a41|a425,297,74,297,681,x2=B0[297]*twist[74]_from_a297|a681,V<w10_s0>.h[1]=Y0[10]_goes_to_work[10]_lane1,phase3_memory_is_row_major_k3_then_k32_with_8_packed_GT_matrices;ntt32_loads_one_Q_per_k32
all_matrices_all_rows,M1=B0_q1,1,0,1,0,11,Y0,Y0=x0+x1+x2,Q<w11_s0>,1,Q<w11_s0>=[M0_Y0[11]|M1_Y0[11]|M2_Y0[11]|M3_Y0[11]|M4_Y0[11]|M5_Y0[11]|M6_Y0[11]|M7_Y0[11]],0,89,178,ldr Q<w11_s0> [row_base #16*11],176,V<w11_s0>.h[1],11,26,301,75,301,685,x0=B0[301]*twist[75]_from_a301|a685,173,43,173,557,x1=B0[173]*twist[43]_from_a173|a557,45,11,45,429,x2=B0[45]*twist[11]_from_a45|a429,V<w11_s0>.h[1]=Y0[11]_goes_to_work[11]_lane1,phase3_memory_is_row_major_k3_then_k32_with_8_packed_GT_matrices;ntt32_loads_one_Q_per_k32
all_matrices_all_rows,M1=B0_q1,1,0,1,0,12,Y0,Y0=x0+x1+x2,Q<w12_s0>,1,Q<w12_s0>=[M0_Y0[12]|M1_Y0[12]|M2_Y0[12]|M3_Y0[12]|M4_Y0[12]|M5_Y0[12]|M6_Y0[12]|M7_Y0[12]],0,97,194,ldr Q<w12_s0> [row_base #16*12],192,V<w12_s0>.h[1],12,6,49,12,49,433,x0=B0[49]*twist[12]_from_a49|a433,305,76,305,689,x1=B0[305]*twist[76]_from_a305|a689,177,44,177,561,x2=B0[177]*twist[44]_from_a177|a561,V<w12_s0>.h[1]=Y0[12]_goes_to_work[12]_lane1,phase3_memory_is_row_major_k3_then_k32_with_8_packed_GT_matrices;ntt32_loads_one_Q_per_k32
all_matrices_all_rows,M1=B0_q1,1,0,1,0,13,Y0,Y0=x0+x1+x2,Q<w13_s0>,1,Q<w13_s0>=[M0_Y0[13]|M1_Y0[13]|M2_Y0[13]|M3_Y0[13]|M4_Y0[13]|M5_Y0[13]|M6_Y0[13]|M7_Y0[13]],0,105,210,ldr Q<w13_s0> [row_base #16*13],208,V<w13_s0>.h[1],13,22,181,45,181,565,x0=B0[181]*twist[45]_from_a181|a565,53,13,53,437,x1=B0[53]*twist[13]_from_a53|a437,309,77,309,693,x2=B0[309]*twist[77]_from_a309|a693,V<w13_s0>.h[1]=Y0[13]_goes_to_work[13]_lane1,phase3_memory_is_row_major_k3_then_k32_with_8_packed_GT_matrices;ntt32_loads_one_Q_per_k32
all_matrices_all_rows,M1=B0_q1,1,0,1,0,14,Y0,Y0=x0+x1+x2,Q<w14_s0>,1,Q<w14_s0>=[M0_Y0[14]|M1_Y0[14]|M2_Y0[14]|M3_Y0[14]|M4_Y0[14]|M5_Y0[14]|M6_Y0[14]|M7_Y0[14]],0,113,226,ldr Q<w14_s0> [row_base #16*14],224,V<w14_s0>.h[1],14,14,313,78,313,697,x0=B0[313]*twist[78]_from_a313|a697,185,46,185,569,x1=B0[185]*twist[46]_from_a185|a569,57,14,57,441,x2=B0[57]*twist[14]_from_a57|a441,V<w14_s0>.h[1]=Y0[14]_goes_to_work[14]_lane1,phase3_memory_is_row_major_k3_then_k32_with_8_packed_GT_matrices;ntt32_loads_one_Q_per_k32
all_matrices_all_rows,M1=B0_q1,1,0,1,0,15,Y0,Y0=x0+x1+x2,Q<w15_s0>,1,Q<w15_s0>=[M0_Y0[15]|M1_Y0[15]|M2_Y0[15]|M3_Y0[15]|M4_Y0[15]|M5_Y0[15]|M6_Y0[15]|M7_Y0[15]],0,121,242,ldr Q<w15_s0> [row_base #16*15],240,V<w15_s0>.h[1],15,30,61,15,61,445,x0=B0[61]*twist[15]_from_a61|a445,317,79,317,701,x1=B0[317]*twist[79]_from_a317|a701,189,47,189,573,x2=B0[189]*twist[47]_from_a189|a573,V<w15_s0>.h[1]=Y0[15]_goes_to_work[15]_lane1,phase3_memory_is_row_major_k3_then_k32_with_8_packed_GT_matrices;ntt32_loads_one_Q_per_k32
all_matrices_all_rows,M1=B0_q1,1,0,1,0,16,Y0,Y0=x0+x1+x2,Q<w16_s0>,1,Q<w16_s0>=[M0_Y0[16]|M1_Y0[16]|M2_Y0[16]|M3_Y0[16]|M4_Y0[16]|M5_Y0[16]|M6_Y0[16]|M7_Y0[16]],0,129,258,ldr Q<w16_s0> [row_base #16*16],256,V<w16_s0>.h[1],16,1,193,48,193,577,x0=B0[193]*twist[48]_from_a193|a577,65,16,65,449,x1=B0[65]*twist[16]_from_a65|a449,321,80,321,705,x2=B0[321]*twist[80]_from_a321|a705,V<w16_s0>.h[1]=Y0[16]_goes_to_work[16]_lane1,phase3_memory_is_row_major_k3_then_k32_with_8_packed_GT_matrices;ntt32_loads_one_Q_per_k32
all_matrices_all_rows,M1=B0_q1,1,0,1,0,17,Y0,Y0=x0+x1+x2,Q<w17_s0>,1,Q<w17_s0>=[M0_Y0[17]|M1_Y0[17]|M2_Y0[17]|M3_Y0[17]|M4_Y0[17]|M5_Y0[17]|M6_Y0[17]|M7_Y0[17]],0,137,274,ldr Q<w17_s0> [row_base #16*17],272,V<w17_s0>.h[1],17,17,325,81,325,709,x0=B0[325]*twist[81]_from_a325|a709,197,49,197,581,x1=B0[197]*twist[49]_from_a197|a581,69,17,69,453,x2=B0[69]*twist[17]_from_a69|a453,V<w17_s0>.h[1]=Y0[17]_goes_to_work[17]_lane1,phase3_memory_is_row_major_k3_then_k32_with_8_packed_GT_matrices;ntt32_loads_one_Q_per_k32
all_matrices_all_rows,M1=B0_q1,1,0,1,0,18,Y0,Y0=x0+x1+x2,Q<w18_s0>,1,Q<w18_s0>=[M0_Y0[18]|M1_Y0[18]|M2_Y0[18]|M3_Y0[18]|M4_Y0[18]|M5_Y0[18]|M6_Y0[18]|M7_Y0[18]],0,145,290,ldr Q<w18_s0> [row_base #16*18],288,V<w18_s0>.h[1],18,9,73,18,73,457,x0=B0[73]*twist[18]_from_a73|a457,329,82,329,713,x1=B0[329]*twist[82]_from_a329|a713,201,50,201,585,x2=B0[201]*twist[50]_from_a201|a585,V<w18_s0>.h[1]=Y0[18]_goes_to_work[18]_lane1,phase3_memory_is_row_major_k3_then_k32_with_8_packed_GT_matrices;ntt32_loads_one_Q_per_k32
all_matrices_all_rows,M1=B0_q1,1,0,1,0,19,Y0,Y0=x0+x1+x2,Q<w19_s0>,1,Q<w19_s0>=[M0_Y0[19]|M1_Y0[19]|M2_Y0[19]|M3_Y0[19]|M4_Y0[19]|M5_Y0[19]|M6_Y0[19]|M7_Y0[19]],0,153,306,ldr Q<w19_s0> [row_base #16*19],304,V<w19_s0>.h[1],19,25,205,51,205,589,x0=B0[205]*twist[51]_from_a205|a589,77,19,77,461,x1=B0[77]*twist[19]_from_a77|a461,333,83,333,717,x2=B0[333]*twist[83]_from_a333|a717,V<w19_s0>.h[1]=Y0[19]_goes_to_work[19]_lane1,phase3_memory_is_row_major_k3_then_k32_with_8_packed_GT_matrices;ntt32_loads_one_Q_per_k32
all_matrices_all_rows,M1=B0_q1,1,0,1,0,20,Y0,Y0=x0+x1+x2,Q<w20_s0>,1,Q<w20_s0>=[M0_Y0[20]|M1_Y0[20]|M2_Y0[20]|M3_Y0[20]|M4_Y0[20]|M5_Y0[20]|M6_Y0[20]|M7_Y0[20]],0,161,322,ldr Q<w20_s0> [row_base #16*20],320,V<w20_s0>.h[1],20,5,337,84,337,721,x0=B0[337]*twist[84]_from_a337|a721,209,52,209,593,x1=B0[209]*twist[52]_from_a209|a593,81,20,81,465,x2=B0[81]*twist[20]_from_a81|a465,V<w20_s0>.h[1]=Y0[20]_goes_to_work[20]_lane1,phase3_memory_is_row_major_k3_then_k32_with_8_packed_GT_matrices;ntt32_loads_one_Q_per_k32
all_matrices_all_rows,M1=B0_q1,1,0,1,0,21,Y0,Y0=x0+x1+x2,Q<w21_s0>,1,Q<w21_s0>=[M0_Y0[21]|M1_Y0[21]|M2_Y0[21]|M3_Y0[21]|M4_Y0[21]|M5_Y0[21]|M6_Y0[21]|M7_Y0[21]],0,169,338,ldr Q<w21_s0> [row_base #16*21],336,V<w21_s0>.h[1],21,21,85,21,85,469,x0=B0[85]*twist[21]_from_a85|a469,341,85,341,725,x1=B0[341]*twist[85]_from_a341|a725,213,53,213,597,x2=B0[213]*twist[53]_from_a213|a597,V<w21_s0>.h[1]=Y0[21]_goes_to_work[21]_lane1,phase3_memory_is_row_major_k3_then_k32_with_8_packed_GT_matrices;ntt32_loads_one_Q_per_k32
all_matrices_all_rows,M1=B0_q1,1,0,1,0,22,Y0,Y0=x0+x1+x2,Q<w22_s0>,1,Q<w22_s0>=[M0_Y0[22]|M1_Y0[22]|M2_Y0[22]|M3_Y0[22]|M4_Y0[22]|M5_Y0[22]|M6_Y0[22]|M7_Y0[22]],0,177,354,ldr Q<w22_s0> [row_base #16*22],352,V<w22_s0>.h[1],22,13,217,54,217,601,x0=B0[217]*twist[54]_from_a217|a601,89,22,89,473,x1=B0[89]*twist[22]_from_a89|a473,345,86,345,729,x2=B0[345]*twist[86]_from_a345|a729,V<w22_s0>.h[1]=Y0[22]_goes_to_work[22]_lane1,phase3_memory_is_row_major_k3_then_k32_with_8_packed_GT_matrices;ntt32_loads_one_Q_per_k32
all_matrices_all_rows,M1=B0_q1,1,0,1,0,23,Y0,Y0=x0+x1+x2,Q<w23_s0>,1,Q<w23_s0>=[M0_Y0[23]|M1_Y0[23]|M2_Y0[23]|M3_Y0[23]|M4_Y0[23]|M5_Y0[23]|M6_Y0[23]|M7_Y0[23]],0,185,370,ldr Q<w23_s0> [row_base #16*23],368,V<w23_s0>.h[1],23,29,349,87,349,733,x0=B0[349]*twist[87]_from_a349|a733,221,55,221,605,x1=B0[221]*twist[55]_from_a221|a605,93,23,93,477,x2=B0[93]*twist[23]_from_a93|a477,V<w23_s0>.h[1]=Y0[23]_goes_to_work[23]_lane1,phase3_memory_is_row_major_k3_then_k32_with_8_packed_GT_matrices;ntt32_loads_one_Q_per_k32
all_matrices_all_rows,M1=B0_q1,1,0,1,0,24,Y0,Y0=x0+x1+x2,Q<w24_s0>,1,Q<w24_s0>=[M0_Y0[24]|M1_Y0[24]|M2_Y0[24]|M3_Y0[24]|M4_Y0[24]|M5_Y0[24]|M6_Y0[24]|M7_Y0[24]],0,193,386,ldr Q<w24_s0> [row_base #16*24],384,V<w24_s0>.h[1],24,3,97,24,97,481,x0=B0[97]*twist[24]_from_a97|a481,353,88,353,737,x1=B0[353]*twist[88]_from_a353|a737,225,56,225,609,x2=B0[225]*twist[56]_from_a225|a609,V<w24_s0>.h[1]=Y0[24]_goes_to_work[24]_lane1,phase3_memory_is_row_major_k3_then_k32_with_8_packed_GT_matrices;ntt32_loads_one_Q_per_k32
all_matrices_all_rows,M1=B0_q1,1,0,1,0,25,Y0,Y0=x0+x1+x2,Q<w25_s0>,1,Q<w25_s0>=[M0_Y0[25]|M1_Y0[25]|M2_Y0[25]|M3_Y0[25]|M4_Y0[25]|M5_Y0[25]|M6_Y0[25]|M7_Y0[25]],0,201,402,ldr Q<w25_s0> [row_base #16*25],400,V<w25_s0>.h[1],25,19,229,57,229,613,x0=B0[229]*twist[57]_from_a229|a613,101,25,101,485,x1=B0[101]*twist[25]_from_a101|a485,357,89,357,741,x2=B0[357]*twist[89]_from_a357|a741,V<w25_s0>.h[1]=Y0[25]_goes_to_work[25]_lane1,phase3_memory_is_row_major_k3_then_k32_with_8_packed_GT_matrices;ntt32_loads_one_Q_per_k32
all_matrices_all_rows,M1=B0_q1,1,0,1,0,26,Y0,Y0=x0+x1+x2,Q<w26_s0>,1,Q<w26_s0>=[M0_Y0[26]|M1_Y0[26]|M2_Y0[26]|M3_Y0[26]|M4_Y0[26]|M5_Y0[26]|M6_Y0[26]|M7_Y0[26]],0,209,418,ldr Q<w26_s0> [row_base #16*26],416,V<w26_s0>.h[1],26,11,361,90,361,745,x0=B0[361]*twist[90]_from_a361|a745,233,58,233,617,x1=B0[233]*twist[58]_from_a233|a617,105,26,105,489,x2=B0[105]*twist[26]_from_a105|a489,V<w26_s0>.h[1]=Y0[26]_goes_to_work[26]_lane1,phase3_memory_is_row_major_k3_then_k32_with_8_packed_GT_matrices;ntt32_loads_one_Q_per_k32
all_matrices_all_rows,M1=B0_q1,1,0,1,0,27,Y0,Y0=x0+x1+x2,Q<w27_s0>,1,Q<w27_s0>=[M0_Y0[27]|M1_Y0[27]|M2_Y0[27]|M3_Y0[27]|M4_Y0[27]|M5_Y0[27]|M6_Y0[27]|M7_Y0[27]],0,217,434,ldr Q<w27_s0> [row_base #16*27],432,V<w27_s0>.h[1],27,27,109,27,109,493,x0=B0[109]*twist[27]_from_a109|a493,365,91,365,749,x1=B0[365]*twist[91]_from_a365|a749,237,59,237,621,x2=B0[237]*twist[59]_from_a237|a621,V<w27_s0>.h[1]=Y0[27]_goes_to_work[27]_lane1,phase3_memory_is_row_major_k3_then_k32_with_8_packed_GT_matrices;ntt32_loads_one_Q_per_k32
all_matrices_all_rows,M1=B0_q1,1,0,1,0,28,Y0,Y0=x0+x1+x2,Q<w28_s0>,1,Q<w28_s0>=[M0_Y0[28]|M1_Y0[28]|M2_Y0[28]|M3_Y0[28]|M4_Y0[28]|M5_Y0[28]|M6_Y0[28]|M7_Y0[28]],0,225,450,ldr Q<w28_s0> [row_base #16*28],448,V<w28_s0>.h[1],28,7,241,60,241,625,x0=B0[241]*twist[60]_from_a241|a625,113,28,113,497,x1=B0[113]*twist[28]_from_a113|a497,369,92,369,753,x2=B0[369]*twist[92]_from_a369|a753,V<w28_s0>.h[1]=Y0[28]_goes_to_work[28]_lane1,phase3_memory_is_row_major_k3_then_k32_with_8_packed_GT_matrices;ntt32_loads_one_Q_per_k32
all_matrices_all_rows,M1=B0_q1,1,0,1,0,29,Y0,Y0=x0+x1+x2,Q<w29_s0>,1,Q<w29_s0>=[M0_Y0[29]|M1_Y0[29]|M2_Y0[29]|M3_Y0[29]|M4_Y0[29]|M5_Y0[29]|M6_Y0[29]|M7_Y0[29]],0,233,466,ldr Q<w29_s0> [row_base #16*29],464,V<w29_s0>.h[1],29,23,373,93,373,757,x0=B0[373]*twist[93]_from_a373|a757,245,61,245,629,x1=B0[245]*twist[61]_from_a245|a629,117,29,117,501,x2=B0[117]*twist[29]_from_a117|a501,V<w29_s0>.h[1]=Y0[29]_goes_to_work[29]_lane1,phase3_memory_is_row_major_k3_then_k32_with_8_packed_GT_matrices;ntt32_loads_one_Q_per_k32
all_matrices_all_rows,M1=B0_q1,1,0,1,0,30,Y0,Y0=x0+x1+x2,Q<w30_s0>,1,Q<w30_s0>=[M0_Y0[30]|M1_Y0[30]|M2_Y0[30]|M3_Y0[30]|M4_Y0[30]|M5_Y0[30]|M6_Y0[30]|M7_Y0[30]],0,241,482,ldr Q<w30_s0> [row_base #16*30],480,V<w30_s0>.h[1],30,15,121,30,121,505,x0=B0[121]*twist[30]_from_a121|a505,377,94,377,761,x1=B0[377]*twist[94]_from_a377|a761,249,62,249,633,x2=B0[249]*twist[62]_from_a249|a633,V<w30_s0>.h[1]=Y0[30]_goes_to_work[30]_lane1,phase3_memory_is_row_major_k3_then_k32_with_8_packed_GT_matrices;ntt32_loads_one_Q_per_k32
all_matrices_all_rows,M1=B0_q1,1,0,1,0,31,Y0,Y0=x0+x1+x2,Q<w31_s0>,1,Q<w31_s0>=[M0_Y0[31]|M1_Y0[31]|M2_Y0[31]|M3_Y0[31]|M4_Y0[31]|M5_Y0[31]|M6_Y0[31]|M7_Y0[31]],0,249,498,ldr Q<w31_s0> [row_base #16*31],496,V<w31_s0>.h[1],31,31,253,63,253,637,x0=B0[253]*twist[63]_from_a253|a637,125,31,125,509,x1=B0[125]*twist[31]_from_a125|a509,381,95,381,765,x2=B0[381]*twist[95]_from_a381|a765,V<w31_s0>.h[1]=Y0[31]_goes_to_work[31]_lane1,phase3_memory_is_row_major_k3_then_k32_with_8_packed_GT_matrices;ntt32_loads_one_Q_per_k32
all_matrices_all_rows,M1=B0_q1,1,0,1,1,0,Y1,Y1=x0-x2+omega3*(x1-x2),Q<w00_s0>,1,Q<w00_s0>=[M0_Y1[0]|M1_Y1[0]|M2_Y1[0]|M3_Y1[0]|M4_Y1[0]|M5_Y1[0]|M6_Y1[0]|M7_Y1[0]],256,257,514,ldr Q<w00_s0> [row_base #16*0],0,V<w00_s0>.h[1],0,0,1,0,1,385,x0=B0[1]*twist[0]_from_a1|a385,257,64,257,641,x1=B0[257]*twist[64]_from_a257|a641,129,32,129,513,x2=B0[129]*twist[32]_from_a129|a513,V<w00_s0>.h[1]=Y1[0]_goes_to_work[0]_lane1,phase3_memory_is_row_major_k3_then_k32_with_8_packed_GT_matrices;ntt32_loads_one_Q_per_k32
all_matrices_all_rows,M1=B0_q1,1,0,1,1,1,Y1,Y1=x0-x2+omega3*(x1-x2),Q<w01_s0>,1,Q<w01_s0>=[M0_Y1[1]|M1_Y1[1]|M2_Y1[1]|M3_Y1[1]|M4_Y1[1]|M5_Y1[1]|M6_Y1[1]|M7_Y1[1]],256,265,530,ldr Q<w01_s0> [row_base #16*1],16,V<w01_s0>.h[1],1,16,133,33,133,517,x0=B0[133]*twist[33]_from_a133|a517,5,1,5,389,x1=B0[5]*twist[1]_from_a5|a389,261,65,261,645,x2=B0[261]*twist[65]_from_a261|a645,V<w01_s0>.h[1]=Y1[1]_goes_to_work[1]_lane1,phase3_memory_is_row_major_k3_then_k32_with_8_packed_GT_matrices;ntt32_loads_one_Q_per_k32
all_matrices_all_rows,M1=B0_q1,1,0,1,1,2,Y1,Y1=x0-x2+omega3*(x1-x2),Q<w02_s0>,1,Q<w02_s0>=[M0_Y1[2]|M1_Y1[2]|M2_Y1[2]|M3_Y1[2]|M4_Y1[2]|M5_Y1[2]|M6_Y1[2]|M7_Y1[2]],256,273,546,ldr Q<w02_s0> [row_base #16*2],32,V<w02_s0>.h[1],2,8,265,66,265,649,x0=B0[265]*twist[66]_from_a265|a649,137,34,137,521,x1=B0[137]*twist[34]_from_a137|a521,9,2,9,393,x2=B0[9]*twist[2]_from_a9|a393,V<w02_s0>.h[1]=Y1[2]_goes_to_work[2]_lane1,phase3_memory_is_row_major_k3_then_k32_with_8_packed_GT_matrices;ntt32_loads_one_Q_per_k32
all_matrices_all_rows,M1=B0_q1,1,0,1,1,3,Y1,Y1=x0-x2+omega3*(x1-x2),Q<w03_s0>,1,Q<w03_s0>=[M0_Y1[3]|M1_Y1[3]|M2_Y1[3]|M3_Y1[3]|M4_Y1[3]|M5_Y1[3]|M6_Y1[3]|M7_Y1[3]],256,281,562,ldr Q<w03_s0> [row_base #16*3],48,V<w03_s0>.h[1],3,24,13,3,13,397,x0=B0[13]*twist[3]_from_a13|a397,269,67,269,653,x1=B0[269]*twist[67]_from_a269|a653,141,35,141,525,x2=B0[141]*twist[35]_from_a141|a525,V<w03_s0>.h[1]=Y1[3]_goes_to_work[3]_lane1,phase3_memory_is_row_major_k3_then_k32_with_8_packed_GT_matrices;ntt32_loads_one_Q_per_k32
all_matrices_all_rows,M1=B0_q1,1,0,1,1,4,Y1,Y1=x0-x2+omega3*(x1-x2),Q<w04_s0>,1,Q<w04_s0>=[M0_Y1[4]|M1_Y1[4]|M2_Y1[4]|M3_Y1[4]|M4_Y1[4]|M5_Y1[4]|M6_Y1[4]|M7_Y1[4]],256,289,578,ldr Q<w04_s0> [row_base #16*4],64,V<w04_s0>.h[1],4,4,145,36,145,529,x0=B0[145]*twist[36]_from_a145|a529,17,4,17,401,x1=B0[17]*twist[4]_from_a17|a401,273,68,273,657,x2=B0[273]*twist[68]_from_a273|a657,V<w04_s0>.h[1]=Y1[4]_goes_to_work[4]_lane1,phase3_memory_is_row_major_k3_then_k32_with_8_packed_GT_matrices;ntt32_loads_one_Q_per_k32
all_matrices_all_rows,M1=B0_q1,1,0,1,1,5,Y1,Y1=x0-x2+omega3*(x1-x2),Q<w05_s0>,1,Q<w05_s0>=[M0_Y1[5]|M1_Y1[5]|M2_Y1[5]|M3_Y1[5]|M4_Y1[5]|M5_Y1[5]|M6_Y1[5]|M7_Y1[5]],256,297,594,ldr Q<w05_s0> [row_base #16*5],80,V<w05_s0>.h[1],5,20,277,69,277,661,x0=B0[277]*twist[69]_from_a277|a661,149,37,149,533,x1=B0[149]*twist[37]_from_a149|a533,21,5,21,405,x2=B0[21]*twist[5]_from_a21|a405,V<w05_s0>.h[1]=Y1[5]_goes_to_work[5]_lane1,phase3_memory_is_row_major_k3_then_k32_with_8_packed_GT_matrices;ntt32_loads_one_Q_per_k32
all_matrices_all_rows,M1=B0_q1,1,0,1,1,6,Y1,Y1=x0-x2+omega3*(x1-x2),Q<w06_s0>,1,Q<w06_s0>=[M0_Y1[6]|M1_Y1[6]|M2_Y1[6]|M3_Y1[6]|M4_Y1[6]|M5_Y1[6]|M6_Y1[6]|M7_Y1[6]],256,305,610,ldr Q<w06_s0> [row_base #16*6],96,V<w06_s0>.h[1],6,12,25,6,25,409,x0=B0[25]*twist[6]_from_a25|a409,281,70,281,665,x1=B0[281]*twist[70]_from_a281|a665,153,38,153,537,x2=B0[153]*twist[38]_from_a153|a537,V<w06_s0>.h[1]=Y1[6]_goes_to_work[6]_lane1,phase3_memory_is_row_major_k3_then_k32_with_8_packed_GT_matrices;ntt32_loads_one_Q_per_k32
all_matrices_all_rows,M1=B0_q1,1,0,1,1,7,Y1,Y1=x0-x2+omega3*(x1-x2),Q<w07_s0>,1,Q<w07_s0>=[M0_Y1[7]|M1_Y1[7]|M2_Y1[7]|M3_Y1[7]|M4_Y1[7]|M5_Y1[7]|M6_Y1[7]|M7_Y1[7]],256,313,626,ldr Q<w07_s0> [row_base #16*7],112,V<w07_s0>.h[1],7,28,157,39,157,541,x0=B0[157]*twist[39]_from_a157|a541,29,7,29,413,x1=B0[29]*twist[7]_from_a29|a413,285,71,285,669,x2=B0[285]*twist[71]_from_a285|a669,V<w07_s0>.h[1]=Y1[7]_goes_to_work[7]_lane1,phase3_memory_is_row_major_k3_then_k32_with_8_packed_GT_matrices;ntt32_loads_one_Q_per_k32
all_matrices_all_rows,M1=B0_q1,1,0,1,1,8,Y1,Y1=x0-x2+omega3*(x1-x2),Q<w08_s0>,1,Q<w08_s0>=[M0_Y1[8]|M1_Y1[8]|M2_Y1[8]|M3_Y1[8]|M4_Y1[8]|M5_Y1[8]|M6_Y1[8]|M7_Y1[8]],256,321,642,ldr Q<w08_s0> [row_base #16*8],128,V<w08_s0>.h[1],8,2,289,72,289,673,x0=B0[289]*twist[72]_from_a289|a673,161,40,161,545,x1=B0[161]*twist[40]_from_a161|a545,33,8,33,417,x2=B0[33]*twist[8]_from_a33|a417,V<w08_s0>.h[1]=Y1[8]_goes_to_work[8]_lane1,phase3_memory_is_row_major_k3_then_k32_with_8_packed_GT_matrices;ntt32_loads_one_Q_per_k32
all_matrices_all_rows,M1=B0_q1,1,0,1,1,9,Y1,Y1=x0-x2+omega3*(x1-x2),Q<w09_s0>,1,Q<w09_s0>=[M0_Y1[9]|M1_Y1[9]|M2_Y1[9]|M3_Y1[9]|M4_Y1[9]|M5_Y1[9]|M6_Y1[9]|M7_Y1[9]],256,329,658,ldr Q<w09_s0> [row_base #16*9],144,V<w09_s0>.h[1],9,18,37,9,37,421,x0=B0[37]*twist[9]_from_a37|a421,293,73,293,677,x1=B0[293]*twist[73]_from_a293|a677,165,41,165,549,x2=B0[165]*twist[41]_from_a165|a549,V<w09_s0>.h[1]=Y1[9]_goes_to_work[9]_lane1,phase3_memory_is_row_major_k3_then_k32_with_8_packed_GT_matrices;ntt32_loads_one_Q_per_k32
all_matrices_all_rows,M1=B0_q1,1,0,1,1,10,Y1,Y1=x0-x2+omega3*(x1-x2),Q<w10_s0>,1,Q<w10_s0>=[M0_Y1[10]|M1_Y1[10]|M2_Y1[10]|M3_Y1[10]|M4_Y1[10]|M5_Y1[10]|M6_Y1[10]|M7_Y1[10]],256,337,674,ldr Q<w10_s0> [row_base #16*10],160,V<w10_s0>.h[1],10,10,169,42,169,553,x0=B0[169]*twist[42]_from_a169|a553,41,10,41,425,x1=B0[41]*twist[10]_from_a41|a425,297,74,297,681,x2=B0[297]*twist[74]_from_a297|a681,V<w10_s0>.h[1]=Y1[10]_goes_to_work[10]_lane1,phase3_memory_is_row_major_k3_then_k32_with_8_packed_GT_matrices;ntt32_loads_one_Q_per_k32
all_matrices_all_rows,M1=B0_q1,1,0,1,1,11,Y1,Y1=x0-x2+omega3*(x1-x2),Q<w11_s0>,1,Q<w11_s0>=[M0_Y1[11]|M1_Y1[11]|M2_Y1[11]|M3_Y1[11]|M4_Y1[11]|M5_Y1[11]|M6_Y1[11]|M7_Y1[11]],256,345,690,ldr Q<w11_s0> [row_base #16*11],176,V<w11_s0>.h[1],11,26,301,75,301,685,x0=B0[301]*twist[75]_from_a301|a685,173,43,173,557,x1=B0[173]*twist[43]_from_a173|a557,45,11,45,429,x2=B0[45]*twist[11]_from_a45|a429,V<w11_s0>.h[1]=Y1[11]_goes_to_work[11]_lane1,phase3_memory_is_row_major_k3_then_k32_with_8_packed_GT_matrices;ntt32_loads_one_Q_per_k32
all_matrices_all_rows,M1=B0_q1,1,0,1,1,12,Y1,Y1=x0-x2+omega3*(x1-x2),Q<w12_s0>,1,Q<w12_s0>=[M0_Y1[12]|M1_Y1[12]|M2_Y1[12]|M3_Y1[12]|M4_Y1[12]|M5_Y1[12]|M6_Y1[12]|M7_Y1[12]],256,353,706,ldr Q<w12_s0> [row_base #16*12],192,V<w12_s0>.h[1],12,6,49,12,49,433,x0=B0[49]*twist[12]_from_a49|a433,305,76,305,689,x1=B0[305]*twist[76]_from_a305|a689,177,44,177,561,x2=B0[177]*twist[44]_from_a177|a561,V<w12_s0>.h[1]=Y1[12]_goes_to_work[12]_lane1,phase3_memory_is_row_major_k3_then_k32_with_8_packed_GT_matrices;ntt32_loads_one_Q_per_k32
all_matrices_all_rows,M1=B0_q1,1,0,1,1,13,Y1,Y1=x0-x2+omega3*(x1-x2),Q<w13_s0>,1,Q<w13_s0>=[M0_Y1[13]|M1_Y1[13]|M2_Y1[13]|M3_Y1[13]|M4_Y1[13]|M5_Y1[13]|M6_Y1[13]|M7_Y1[13]],256,361,722,ldr Q<w13_s0> [row_base #16*13],208,V<w13_s0>.h[1],13,22,181,45,181,565,x0=B0[181]*twist[45]_from_a181|a565,53,13,53,437,x1=B0[53]*twist[13]_from_a53|a437,309,77,309,693,x2=B0[309]*twist[77]_from_a309|a693,V<w13_s0>.h[1]=Y1[13]_goes_to_work[13]_lane1,phase3_memory_is_row_major_k3_then_k32_with_8_packed_GT_matrices;ntt32_loads_one_Q_per_k32
all_matrices_all_rows,M1=B0_q1,1,0,1,1,14,Y1,Y1=x0-x2+omega3*(x1-x2),Q<w14_s0>,1,Q<w14_s0>=[M0_Y1[14]|M1_Y1[14]|M2_Y1[14]|M3_Y1[14]|M4_Y1[14]|M5_Y1[14]|M6_Y1[14]|M7_Y1[14]],256,369,738,ldr Q<w14_s0> [row_base #16*14],224,V<w14_s0>.h[1],14,14,313,78,313,697,x0=B0[313]*twist[78]_from_a313|a697,185,46,185,569,x1=B0[185]*twist[46]_from_a185|a569,57,14,57,441,x2=B0[57]*twist[14]_from_a57|a441,V<w14_s0>.h[1]=Y1[14]_goes_to_work[14]_lane1,phase3_memory_is_row_major_k3_then_k32_with_8_packed_GT_matrices;ntt32_loads_one_Q_per_k32
all_matrices_all_rows,M1=B0_q1,1,0,1,1,15,Y1,Y1=x0-x2+omega3*(x1-x2),Q<w15_s0>,1,Q<w15_s0>=[M0_Y1[15]|M1_Y1[15]|M2_Y1[15]|M3_Y1[15]|M4_Y1[15]|M5_Y1[15]|M6_Y1[15]|M7_Y1[15]],256,377,754,ldr Q<w15_s0> [row_base #16*15],240,V<w15_s0>.h[1],15,30,61,15,61,445,x0=B0[61]*twist[15]_from_a61|a445,317,79,317,701,x1=B0[317]*twist[79]_from_a317|a701,189,47,189,573,x2=B0[189]*twist[47]_from_a189|a573,V<w15_s0>.h[1]=Y1[15]_goes_to_work[15]_lane1,phase3_memory_is_row_major_k3_then_k32_with_8_packed_GT_matrices;ntt32_loads_one_Q_per_k32
all_matrices_all_rows,M1=B0_q1,1,0,1,1,16,Y1,Y1=x0-x2+omega3*(x1-x2),Q<w16_s0>,1,Q<w16_s0>=[M0_Y1[16]|M1_Y1[16]|M2_Y1[16]|M3_Y1[16]|M4_Y1[16]|M5_Y1[16]|M6_Y1[16]|M7_Y1[16]],256,385,770,ldr Q<w16_s0> [row_base #16*16],256,V<w16_s0>.h[1],16,1,193,48,193,577,x0=B0[193]*twist[48]_from_a193|a577,65,16,65,449,x1=B0[65]*twist[16]_from_a65|a449,321,80,321,705,x2=B0[321]*twist[80]_from_a321|a705,V<w16_s0>.h[1]=Y1[16]_goes_to_work[16]_lane1,phase3_memory_is_row_major_k3_then_k32_with_8_packed_GT_matrices;ntt32_loads_one_Q_per_k32
all_matrices_all_rows,M1=B0_q1,1,0,1,1,17,Y1,Y1=x0-x2+omega3*(x1-x2),Q<w17_s0>,1,Q<w17_s0>=[M0_Y1[17]|M1_Y1[17]|M2_Y1[17]|M3_Y1[17]|M4_Y1[17]|M5_Y1[17]|M6_Y1[17]|M7_Y1[17]],256,393,786,ldr Q<w17_s0> [row_base #16*17],272,V<w17_s0>.h[1],17,17,325,81,325,709,x0=B0[325]*twist[81]_from_a325|a709,197,49,197,581,x1=B0[197]*twist[49]_from_a197|a581,69,17,69,453,x2=B0[69]*twist[17]_from_a69|a453,V<w17_s0>.h[1]=Y1[17]_goes_to_work[17]_lane1,phase3_memory_is_row_major_k3_then_k32_with_8_packed_GT_matrices;ntt32_loads_one_Q_per_k32
all_matrices_all_rows,M1=B0_q1,1,0,1,1,18,Y1,Y1=x0-x2+omega3*(x1-x2),Q<w18_s0>,1,Q<w18_s0>=[M0_Y1[18]|M1_Y1[18]|M2_Y1[18]|M3_Y1[18]|M4_Y1[18]|M5_Y1[18]|M6_Y1[18]|M7_Y1[18]],256,401,802,ldr Q<w18_s0> [row_base #16*18],288,V<w18_s0>.h[1],18,9,73,18,73,457,x0=B0[73]*twist[18]_from_a73|a457,329,82,329,713,x1=B0[329]*twist[82]_from_a329|a713,201,50,201,585,x2=B0[201]*twist[50]_from_a201|a585,V<w18_s0>.h[1]=Y1[18]_goes_to_work[18]_lane1,phase3_memory_is_row_major_k3_then_k32_with_8_packed_GT_matrices;ntt32_loads_one_Q_per_k32
all_matrices_all_rows,M1=B0_q1,1,0,1,1,19,Y1,Y1=x0-x2+omega3*(x1-x2),Q<w19_s0>,1,Q<w19_s0>=[M0_Y1[19]|M1_Y1[19]|M2_Y1[19]|M3_Y1[19]|M4_Y1[19]|M5_Y1[19]|M6_Y1[19]|M7_Y1[19]],256,409,818,ldr Q<w19_s0> [row_base #16*19],304,V<w19_s0>.h[1],19,25,205,51,205,589,x0=B0[205]*twist[51]_from_a205|a589,77,19,77,461,x1=B0[77]*twist[19]_from_a77|a461,333,83,333,717,x2=B0[333]*twist[83]_from_a333|a717,V<w19_s0>.h[1]=Y1[19]_goes_to_work[19]_lane1,phase3_memory_is_row_major_k3_then_k32_with_8_packed_GT_matrices;ntt32_loads_one_Q_per_k32
all_matrices_all_rows,M1=B0_q1,1,0,1,1,20,Y1,Y1=x0-x2+omega3*(x1-x2),Q<w20_s0>,1,Q<w20_s0>=[M0_Y1[20]|M1_Y1[20]|M2_Y1[20]|M3_Y1[20]|M4_Y1[20]|M5_Y1[20]|M6_Y1[20]|M7_Y1[20]],256,417,834,ldr Q<w20_s0> [row_base #16*20],320,V<w20_s0>.h[1],20,5,337,84,337,721,x0=B0[337]*twist[84]_from_a337|a721,209,52,209,593,x1=B0[209]*twist[52]_from_a209|a593,81,20,81,465,x2=B0[81]*twist[20]_from_a81|a465,V<w20_s0>.h[1]=Y1[20]_goes_to_work[20]_lane1,phase3_memory_is_row_major_k3_then_k32_with_8_packed_GT_matrices;ntt32_loads_one_Q_per_k32
all_matrices_all_rows,M1=B0_q1,1,0,1,1,21,Y1,Y1=x0-x2+omega3*(x1-x2),Q<w21_s0>,1,Q<w21_s0>=[M0_Y1[21]|M1_Y1[21]|M2_Y1[21]|M3_Y1[21]|M4_Y1[21]|M5_Y1[21]|M6_Y1[21]|M7_Y1[21]],256,425,850,ldr Q<w21_s0> [row_base #16*21],336,V<w21_s0>.h[1],21,21,85,21,85,469,x0=B0[85]*twist[21]_from_a85|a469,341,85,341,725,x1=B0[341]*twist[85]_from_a341|a725,213,53,213,597,x2=B0[213]*twist[53]_from_a213|a597,V<w21_s0>.h[1]=Y1[21]_goes_to_work[21]_lane1,phase3_memory_is_row_major_k3_then_k32_with_8_packed_GT_matrices;ntt32_loads_one_Q_per_k32
all_matrices_all_rows,M1=B0_q1,1,0,1,1,22,Y1,Y1=x0-x2+omega3*(x1-x2),Q<w22_s0>,1,Q<w22_s0>=[M0_Y1[22]|M1_Y1[22]|M2_Y1[22]|M3_Y1[22]|M4_Y1[22]|M5_Y1[22]|M6_Y1[22]|M7_Y1[22]],256,433,866,ldr Q<w22_s0> [row_base #16*22],352,V<w22_s0>.h[1],22,13,217,54,217,601,x0=B0[217]*twist[54]_from_a217|a601,89,22,89,473,x1=B0[89]*twist[22]_from_a89|a473,345,86,345,729,x2=B0[345]*twist[86]_from_a345|a729,V<w22_s0>.h[1]=Y1[22]_goes_to_work[22]_lane1,phase3_memory_is_row_major_k3_then_k32_with_8_packed_GT_matrices;ntt32_loads_one_Q_per_k32
all_matrices_all_rows,M1=B0_q1,1,0,1,1,23,Y1,Y1=x0-x2+omega3*(x1-x2),Q<w23_s0>,1,Q<w23_s0>=[M0_Y1[23]|M1_Y1[23]|M2_Y1[23]|M3_Y1[23]|M4_Y1[23]|M5_Y1[23]|M6_Y1[23]|M7_Y1[23]],256,441,882,ldr Q<w23_s0> [row_base #16*23],368,V<w23_s0>.h[1],23,29,349,87,349,733,x0=B0[349]*twist[87]_from_a349|a733,221,55,221,605,x1=B0[221]*twist[55]_from_a221|a605,93,23,93,477,x2=B0[93]*twist[23]_from_a93|a477,V<w23_s0>.h[1]=Y1[23]_goes_to_work[23]_lane1,phase3_memory_is_row_major_k3_then_k32_with_8_packed_GT_matrices;ntt32_loads_one_Q_per_k32
all_matrices_all_rows,M1=B0_q1,1,0,1,1,24,Y1,Y1=x0-x2+omega3*(x1-x2),Q<w24_s0>,1,Q<w24_s0>=[M0_Y1[24]|M1_Y1[24]|M2_Y1[24]|M3_Y1[24]|M4_Y1[24]|M5_Y1[24]|M6_Y1[24]|M7_Y1[24]],256,449,898,ldr Q<w24_s0> [row_base #16*24],384,V<w24_s0>.h[1],24,3,97,24,97,481,x0=B0[97]*twist[24]_from_a97|a481,353,88,353,737,x1=B0[353]*twist[88]_from_a353|a737,225,56,225,609,x2=B0[225]*twist[56]_from_a225|a609,V<w24_s0>.h[1]=Y1[24]_goes_to_work[24]_lane1,phase3_memory_is_row_major_k3_then_k32_with_8_packed_GT_matrices;ntt32_loads_one_Q_per_k32
all_matrices_all_rows,M1=B0_q1,1,0,1,1,25,Y1,Y1=x0-x2+omega3*(x1-x2),Q<w25_s0>,1,Q<w25_s0>=[M0_Y1[25]|M1_Y1[25]|M2_Y1[25]|M3_Y1[25]|M4_Y1[25]|M5_Y1[25]|M6_Y1[25]|M7_Y1[25]],256,457,914,ldr Q<w25_s0> [row_base #16*25],400,V<w25_s0>.h[1],25,19,229,57,229,613,x0=B0[229]*twist[57]_from_a229|a613,101,25,101,485,x1=B0[101]*twist[25]_from_a101|a485,357,89,357,741,x2=B0[357]*twist[89]_from_a357|a741,V<w25_s0>.h[1]=Y1[25]_goes_to_work[25]_lane1,phase3_memory_is_row_major_k3_then_k32_with_8_packed_GT_matrices;ntt32_loads_one_Q_per_k32
all_matrices_all_rows,M1=B0_q1,1,0,1,1,26,Y1,Y1=x0-x2+omega3*(x1-x2),Q<w26_s0>,1,Q<w26_s0>=[M0_Y1[26]|M1_Y1[26]|M2_Y1[26]|M3_Y1[26]|M4_Y1[26]|M5_Y1[26]|M6_Y1[26]|M7_Y1[26]],256,465,930,ldr Q<w26_s0> [row_base #16*26],416,V<w26_s0>.h[1],26,11,361,90,361,745,x0=B0[361]*twist[90]_from_a361|a745,233,58,233,617,x1=B0[233]*twist[58]_from_a233|a617,105,26,105,489,x2=B0[105]*twist[26]_from_a105|a489,V<w26_s0>.h[1]=Y1[26]_goes_to_work[26]_lane1,phase3_memory_is_row_major_k3_then_k32_with_8_packed_GT_matrices;ntt32_loads_one_Q_per_k32
all_matrices_all_rows,M1=B0_q1,1,0,1,1,27,Y1,Y1=x0-x2+omega3*(x1-x2),Q<w27_s0>,1,Q<w27_s0>=[M0_Y1[27]|M1_Y1[27]|M2_Y1[27]|M3_Y1[27]|M4_Y1[27]|M5_Y1[27]|M6_Y1[27]|M7_Y1[27]],256,473,946,ldr Q<w27_s0> [row_base #16*27],432,V<w27_s0>.h[1],27,27,109,27,109,493,x0=B0[109]*twist[27]_from_a109|a493,365,91,365,749,x1=B0[365]*twist[91]_from_a365|a749,237,59,237,621,x2=B0[237]*twist[59]_from_a237|a621,V<w27_s0>.h[1]=Y1[27]_goes_to_work[27]_lane1,phase3_memory_is_row_major_k3_then_k32_with_8_packed_GT_matrices;ntt32_loads_one_Q_per_k32
all_matrices_all_rows,M1=B0_q1,1,0,1,1,28,Y1,Y1=x0-x2+omega3*(x1-x2),Q<w28_s0>,1,Q<w28_s0>=[M0_Y1[28]|M1_Y1[28]|M2_Y1[28]|M3_Y1[28]|M4_Y1[28]|M5_Y1[28]|M6_Y1[28]|M7_Y1[28]],256,481,962,ldr Q<w28_s0> [row_base #16*28],448,V<w28_s0>.h[1],28,7,241,60,241,625,x0=B0[241]*twist[60]_from_a241|a625,113,28,113,497,x1=B0[113]*twist[28]_from_a113|a497,369,92,369,753,x2=B0[369]*twist[92]_from_a369|a753,V<w28_s0>.h[1]=Y1[28]_goes_to_work[28]_lane1,phase3_memory_is_row_major_k3_then_k32_with_8_packed_GT_matrices;ntt32_loads_one_Q_per_k32
all_matrices_all_rows,M1=B0_q1,1,0,1,1,29,Y1,Y1=x0-x2+omega3*(x1-x2),Q<w29_s0>,1,Q<w29_s0>=[M0_Y1[29]|M1_Y1[29]|M2_Y1[29]|M3_Y1[29]|M4_Y1[29]|M5_Y1[29]|M6_Y1[29]|M7_Y1[29]],256,489,978,ldr Q<w29_s0> [row_base #16*29],464,V<w29_s0>.h[1],29,23,373,93,373,757,x0=B0[373]*twist[93]_from_a373|a757,245,61,245,629,x1=B0[245]*twist[61]_from_a245|a629,117,29,117,501,x2=B0[117]*twist[29]_from_a117|a501,V<w29_s0>.h[1]=Y1[29]_goes_to_work[29]_lane1,phase3_memory_is_row_major_k3_then_k32_with_8_packed_GT_matrices;ntt32_loads_one_Q_per_k32
all_matrices_all_rows,M1=B0_q1,1,0,1,1,30,Y1,Y1=x0-x2+omega3*(x1-x2),Q<w30_s0>,1,Q<w30_s0>=[M0_Y1[30]|M1_Y1[30]|M2_Y1[30]|M3_Y1[30]|M4_Y1[30]|M5_Y1[30]|M6_Y1[30]|M7_Y1[30]],256,497,994,ldr Q<w30_s0> [row_base #16*30],480,V<w30_s0>.h[1],30,15,121,30,121,505,x0=B0[121]*twist[30]_from_a121|a505,377,94,377,761,x1=B0[377]*twist[94]_from_a377|a761,249,62,249,633,x2=B0[249]*twist[62]_from_a249|a633,V<w30_s0>.h[1]=Y1[30]_goes_to_work[30]_lane1,phase3_memory_is_row_major_k3_then_k32_with_8_packed_GT_matrices;ntt32_loads_one_Q_per_k32
all_matrices_all_rows,M1=B0_q1,1,0,1,1,31,Y1,Y1=x0-x2+omega3*(x1-x2),Q<w31_s0>,1,Q<w31_s0>=[M0_Y1[31]|M1_Y1[31]|M2_Y1[31]|M3_Y1[31]|M4_Y1[31]|M5_Y1[31]|M6_Y1[31]|M7_Y1[31]],256,505,1010,ldr Q<w31_s0> [row_base #16*31],496,V<w31_s0>.h[1],31,31,253,63,253,637,x0=B0[253]*twist[63]_from_a253|a637,125,31,125,509,x1=B0[125]*twist[31]_from_a125|a509,381,95,381,765,x2=B0[381]*twist[95]_from_a381|a765,V<w31_s0>.h[1]=Y1[31]_goes_to_work[31]_lane1,phase3_memory_is_row_major_k3_then_k32_with_8_packed_GT_matrices;ntt32_loads_one_Q_per_k32
all_matrices_all_rows,M1=B0_q1,1,0,1,2,0,Y2,Y2=x0-x1-omega3*(x1-x2),Q<w00_s0>,1,Q<w00_s0>=[M0_Y2[0]|M1_Y2[0]|M2_Y2[0]|M3_Y2[0]|M4_Y2[0]|M5_Y2[0]|M6_Y2[0]|M7_Y2[0]],512,513,1026,ldr Q<w00_s0> [row_base #16*0],0,V<w00_s0>.h[1],0,0,1,0,1,385,x0=B0[1]*twist[0]_from_a1|a385,257,64,257,641,x1=B0[257]*twist[64]_from_a257|a641,129,32,129,513,x2=B0[129]*twist[32]_from_a129|a513,V<w00_s0>.h[1]=Y2[0]_goes_to_work[0]_lane1,phase3_memory_is_row_major_k3_then_k32_with_8_packed_GT_matrices;ntt32_loads_one_Q_per_k32
all_matrices_all_rows,M1=B0_q1,1,0,1,2,1,Y2,Y2=x0-x1-omega3*(x1-x2),Q<w01_s0>,1,Q<w01_s0>=[M0_Y2[1]|M1_Y2[1]|M2_Y2[1]|M3_Y2[1]|M4_Y2[1]|M5_Y2[1]|M6_Y2[1]|M7_Y2[1]],512,521,1042,ldr Q<w01_s0> [row_base #16*1],16,V<w01_s0>.h[1],1,16,133,33,133,517,x0=B0[133]*twist[33]_from_a133|a517,5,1,5,389,x1=B0[5]*twist[1]_from_a5|a389,261,65,261,645,x2=B0[261]*twist[65]_from_a261|a645,V<w01_s0>.h[1]=Y2[1]_goes_to_work[1]_lane1,phase3_memory_is_row_major_k3_then_k32_with_8_packed_GT_matrices;ntt32_loads_one_Q_per_k32
all_matrices_all_rows,M1=B0_q1,1,0,1,2,2,Y2,Y2=x0-x1-omega3*(x1-x2),Q<w02_s0>,1,Q<w02_s0>=[M0_Y2[2]|M1_Y2[2]|M2_Y2[2]|M3_Y2[2]|M4_Y2[2]|M5_Y2[2]|M6_Y2[2]|M7_Y2[2]],512,529,1058,ldr Q<w02_s0> [row_base #16*2],32,V<w02_s0>.h[1],2,8,265,66,265,649,x0=B0[265]*twist[66]_from_a265|a649,137,34,137,521,x1=B0[137]*twist[34]_from_a137|a521,9,2,9,393,x2=B0[9]*twist[2]_from_a9|a393,V<w02_s0>.h[1]=Y2[2]_goes_to_work[2]_lane1,phase3_memory_is_row_major_k3_then_k32_with_8_packed_GT_matrices;ntt32_loads_one_Q_per_k32
all_matrices_all_rows,M1=B0_q1,1,0,1,2,3,Y2,Y2=x0-x1-omega3*(x1-x2),Q<w03_s0>,1,Q<w03_s0>=[M0_Y2[3]|M1_Y2[3]|M2_Y2[3]|M3_Y2[3]|M4_Y2[3]|M5_Y2[3]|M6_Y2[3]|M7_Y2[3]],512,537,1074,ldr Q<w03_s0> [row_base #16*3],48,V<w03_s0>.h[1],3,24,13,3,13,397,x0=B0[13]*twist[3]_from_a13|a397,269,67,269,653,x1=B0[269]*twist[67]_from_a269|a653,141,35,141,525,x2=B0[141]*twist[35]_from_a141|a525,V<w03_s0>.h[1]=Y2[3]_goes_to_work[3]_lane1,phase3_memory_is_row_major_k3_then_k32_with_8_packed_GT_matrices;ntt32_loads_one_Q_per_k32
all_matrices_all_rows,M1=B0_q1,1,0,1,2,4,Y2,Y2=x0-x1-omega3*(x1-x2),Q<w04_s0>,1,Q<w04_s0>=[M0_Y2[4]|M1_Y2[4]|M2_Y2[4]|M3_Y2[4]|M4_Y2[4]|M5_Y2[4]|M6_Y2[4]|M7_Y2[4]],512,545,1090,ldr Q<w04_s0> [row_base #16*4],64,V<w04_s0>.h[1],4,4,145,36,145,529,x0=B0[145]*twist[36]_from_a145|a529,17,4,17,401,x1=B0[17]*twist[4]_from_a17|a401,273,68,273,657,x2=B0[273]*twist[68]_from_a273|a657,V<w04_s0>.h[1]=Y2[4]_goes_to_work[4]_lane1,phase3_memory_is_row_major_k3_then_k32_with_8_packed_GT_matrices;ntt32_loads_one_Q_per_k32
all_matrices_all_rows,M1=B0_q1,1,0,1,2,5,Y2,Y2=x0-x1-omega3*(x1-x2),Q<w05_s0>,1,Q<w05_s0>=[M0_Y2[5]|M1_Y2[5]|M2_Y2[5]|M3_Y2[5]|M4_Y2[5]|M5_Y2[5]|M6_Y2[5]|M7_Y2[5]],512,553,1106,ldr Q<w05_s0> [row_base #16*5],80,V<w05_s0>.h[1],5,20,277,69,277,661,x0=B0[277]*twist[69]_from_a277|a661,149,37,149,533,x1=B0[149]*twist[37]_from_a149|a533,21,5,21,405,x2=B0[21]*twist[5]_from_a21|a405,V<w05_s0>.h[1]=Y2[5]_goes_to_work[5]_lane1,phase3_memory_is_row_major_k3_then_k32_with_8_packed_GT_matrices;ntt32_loads_one_Q_per_k32
all_matrices_all_rows,M1=B0_q1,1,0,1,2,6,Y2,Y2=x0-x1-omega3*(x1-x2),Q<w06_s0>,1,Q<w06_s0>=[M0_Y2[6]|M1_Y2[6]|M2_Y2[6]|M3_Y2[6]|M4_Y2[6]|M5_Y2[6]|M6_Y2[6]|M7_Y2[6]],512,561,1122,ldr Q<w06_s0> [row_base #16*6],96,V<w06_s0>.h[1],6,12,25,6,25,409,x0=B0[25]*twist[6]_from_a25|a409,281,70,281,665,x1=B0[281]*twist[70]_from_a281|a665,153,38,153,537,x2=B0[153]*twist[38]_from_a153|a537,V<w06_s0>.h[1]=Y2[6]_goes_to_work[6]_lane1,phase3_memory_is_row_major_k3_then_k32_with_8_packed_GT_matrices;ntt32_loads_one_Q_per_k32
all_matrices_all_rows,M1=B0_q1,1,0,1,2,7,Y2,Y2=x0-x1-omega3*(x1-x2),Q<w07_s0>,1,Q<w07_s0>=[M0_Y2[7]|M1_Y2[7]|M2_Y2[7]|M3_Y2[7]|M4_Y2[7]|M5_Y2[7]|M6_Y2[7]|M7_Y2[7]],512,569,1138,ldr Q<w07_s0> [row_base #16*7],112,V<w07_s0>.h[1],7,28,157,39,157,541,x0=B0[157]*twist[39]_from_a157|a541,29,7,29,413,x1=B0[29]*twist[7]_from_a29|a413,285,71,285,669,x2=B0[285]*twist[71]_from_a285|a669,V<w07_s0>.h[1]=Y2[7]_goes_to_work[7]_lane1,phase3_memory_is_row_major_k3_then_k32_with_8_packed_GT_matrices;ntt32_loads_one_Q_per_k32
all_matrices_all_rows,M1=B0_q1,1,0,1,2,8,Y2,Y2=x0-x1-omega3*(x1-x2),Q<w08_s0>,1,Q<w08_s0>=[M0_Y2[8]|M1_Y2[8]|M2_Y2[8]|M3_Y2[8]|M4_Y2[8]|M5_Y2[8]|M6_Y2[8]|M7_Y2[8]],512,577,1154,ldr Q<w08_s0> [row_base #16*8],128,V<w08_s0>.h[1],8,2,289,72,289,673,x0=B0[289]*twist[72]_from_a289|a673,161,40,161,545,x1=B0[161]*twist[40]_from_a161|a545,33,8,33,417,x2=B0[33]*twist[8]_from_a33|a417,V<w08_s0>.h[1]=Y2[8]_goes_to_work[8]_lane1,phase3_memory_is_row_major_k3_then_k32_with_8_packed_GT_matrices;ntt32_loads_one_Q_per_k32
all_matrices_all_rows,M1=B0_q1,1,0,1,2,9,Y2,Y2=x0-x1-omega3*(x1-x2),Q<w09_s0>,1,Q<w09_s0>=[M0_Y2[9]|M1_Y2[9]|M2_Y2[9]|M3_Y2[9]|M4_Y2[9]|M5_Y2[9]|M6_Y2[9]|M7_Y2[9]],512,585,1170,ldr Q<w09_s0> [row_base #16*9],144,V<w09_s0>.h[1],9,18,37,9,37,421,x0=B0[37]*twist[9]_from_a37|a421,293,73,293,677,x1=B0[293]*twist[73]_from_a293|a677,165,41,165,549,x2=B0[165]*twist[41]_from_a165|a549,V<w09_s0>.h[1]=Y2[9]_goes_to_work[9]_lane1,phase3_memory_is_row_major_k3_then_k32_with_8_packed_GT_matrices;ntt32_loads_one_Q_per_k32
all_matrices_all_rows,M1=B0_q1,1,0,1,2,10,Y2,Y2=x0-x1-omega3*(x1-x2),Q<w10_s0>,1,Q<w10_s0>=[M0_Y2[10]|M1_Y2[10]|M2_Y2[10]|M3_Y2[10]|M4_Y2[10]|M5_Y2[10]|M6_Y2[10]|M7_Y2[10]],512,593,1186,ldr Q<w10_s0> [row_base #16*10],160,V<w10_s0>.h[1],10,10,169,42,169,553,x0=B0[169]*twist[42]_from_a169|a553,41,10,41,425,x1=B0[41]*twist[10]_from_a41|a425,297,74,297,681,x2=B0[297]*twist[74]_from_a297|a681,V<w10_s0>.h[1]=Y2[10]_goes_to_work[10]_lane1,phase3_memory_is_row_major_k3_then_k32_with_8_packed_GT_matrices;ntt32_loads_one_Q_per_k32
all_matrices_all_rows,M1=B0_q1,1,0,1,2,11,Y2,Y2=x0-x1-omega3*(x1-x2),Q<w11_s0>,1,Q<w11_s0>=[M0_Y2[11]|M1_Y2[11]|M2_Y2[11]|M3_Y2[11]|M4_Y2[11]|M5_Y2[11]|M6_Y2[11]|M7_Y2[11]],512,601,1202,ldr Q<w11_s0> [row_base #16*11],176,V<w11_s0>.h[1],11,26,301,75,301,685,x0=B0[301]*twist[75]_from_a301|a685,173,43,173,557,x1=B0[173]*twist[43]_from_a173|a557,45,11,45,429,x2=B0[45]*twist[11]_from_a45|a429,V<w11_s0>.h[1]=Y2[11]_goes_to_work[11]_lane1,phase3_memory_is_row_major_k3_then_k32_with_8_packed_GT_matrices;ntt32_loads_one_Q_per_k32
all_matrices_all_rows,M1=B0_q1,1,0,1,2,12,Y2,Y2=x0-x1-omega3*(x1-x2),Q<w12_s0>,1,Q<w12_s0>=[M0_Y2[12]|M1_Y2[12]|M2_Y2[12]|M3_Y2[12]|M4_Y2[12]|M5_Y2[12]|M6_Y2[12]|M7_Y2[12]],512,609,1218,ldr Q<w12_s0> [row_base #16*12],192,V<w12_s0>.h[1],12,6,49,12,49,433,x0=B0[49]*twist[12]_from_a49|a433,305,76,305,689,x1=B0[305]*twist[76]_from_a305|a689,177,44,177,561,x2=B0[177]*twist[44]_from_a177|a561,V<w12_s0>.h[1]=Y2[12]_goes_to_work[12]_lane1,phase3_memory_is_row_major_k3_then_k32_with_8_packed_GT_matrices;ntt32_loads_one_Q_per_k32
all_matrices_all_rows,M1=B0_q1,1,0,1,2,13,Y2,Y2=x0-x1-omega3*(x1-x2),Q<w13_s0>,1,Q<w13_s0>=[M0_Y2[13]|M1_Y2[13]|M2_Y2[13]|M3_Y2[13]|M4_Y2[13]|M5_Y2[13]|M6_Y2[13]|M7_Y2[13]],512,617,1234,ldr Q<w13_s0> [row_base #16*13],208,V<w13_s0>.h[1],13,22,181,45,181,565,x0=B0[181]*twist[45]_from_a181|a565,53,13,53,437,x1=B0[53]*twist[13]_from_a53|a437,309,77,309,693,x2=B0[309]*twist[77]_from_a309|a693,V<w13_s0>.h[1]=Y2[13]_goes_to_work[13]_lane1,phase3_memory_is_row_major_k3_then_k32_with_8_packed_GT_matrices;ntt32_loads_one_Q_per_k32
all_matrices_all_rows,M1=B0_q1,1,0,1,2,14,Y2,Y2=x0-x1-omega3*(x1-x2),Q<w14_s0>,1,Q<w14_s0>=[M0_Y2[14]|M1_Y2[14]|M2_Y2[14]|M3_Y2[14]|M4_Y2[14]|M5_Y2[14]|M6_Y2[14]|M7_Y2[14]],512,625,1250,ldr Q<w14_s0> [row_base #16*14],224,V<w14_s0>.h[1],14,14,313,78,313,697,x0=B0[313]*twist[78]_from_a313|a697,185,46,185,569,x1=B0[185]*twist[46]_from_a185|a569,57,14,57,441,x2=B0[57]*twist[14]_from_a57|a441,V<w14_s0>.h[1]=Y2[14]_goes_to_work[14]_lane1,phase3_memory_is_row_major_k3_then_k32_with_8_packed_GT_matrices;ntt32_loads_one_Q_per_k32
all_matrices_all_rows,M1=B0_q1,1,0,1,2,15,Y2,Y2=x0-x1-omega3*(x1-x2),Q<w15_s0>,1,Q<w15_s0>=[M0_Y2[15]|M1_Y2[15]|M2_Y2[15]|M3_Y2[15]|M4_Y2[15]|M5_Y2[15]|M6_Y2[15]|M7_Y2[15]],512,633,1266,ldr Q<w15_s0> [row_base #16*15],240,V<w15_s0>.h[1],15,30,61,15,61,445,x0=B0[61]*twist[15]_from_a61|a445,317,79,317,701,x1=B0[317]*twist[79]_from_a317|a701,189,47,189,573,x2=B0[189]*twist[47]_from_a189|a573,V<w15_s0>.h[1]=Y2[15]_goes_to_work[15]_lane1,phase3_memory_is_row_major_k3_then_k32_with_8_packed_GT_matrices;ntt32_loads_one_Q_per_k32
all_matrices_all_rows,M1=B0_q1,1,0,1,2,16,Y2,Y2=x0-x1-omega3*(x1-x2),Q<w16_s0>,1,Q<w16_s0>=[M0_Y2[16]|M1_Y2[16]|M2_Y2[16]|M3_Y2[16]|M4_Y2[16]|M5_Y2[16]|M6_Y2[16]|M7_Y2[16]],512,641,1282,ldr Q<w16_s0> [row_base #16*16],256,V<w16_s0>.h[1],16,1,193,48,193,577,x0=B0[193]*twist[48]_from_a193|a577,65,16,65,449,x1=B0[65]*twist[16]_from_a65|a449,321,80,321,705,x2=B0[321]*twist[80]_from_a321|a705,V<w16_s0>.h[1]=Y2[16]_goes_to_work[16]_lane1,phase3_memory_is_row_major_k3_then_k32_with_8_packed_GT_matrices;ntt32_loads_one_Q_per_k32
all_matrices_all_rows,M1=B0_q1,1,0,1,2,17,Y2,Y2=x0-x1-omega3*(x1-x2),Q<w17_s0>,1,Q<w17_s0>=[M0_Y2[17]|M1_Y2[17]|M2_Y2[17]|M3_Y2[17]|M4_Y2[17]|M5_Y2[17]|M6_Y2[17]|M7_Y2[17]],512,649,1298,ldr Q<w17_s0> [row_base #16*17],272,V<w17_s0>.h[1],17,17,325,81,325,709,x0=B0[325]*twist[81]_from_a325|a709,197,49,197,581,x1=B0[197]*twist[49]_from_a197|a581,69,17,69,453,x2=B0[69]*twist[17]_from_a69|a453,V<w17_s0>.h[1]=Y2[17]_goes_to_work[17]_lane1,phase3_memory_is_row_major_k3_then_k32_with_8_packed_GT_matrices;ntt32_loads_one_Q_per_k32
all_matrices_all_rows,M1=B0_q1,1,0,1,2,18,Y2,Y2=x0-x1-omega3*(x1-x2),Q<w18_s0>,1,Q<w18_s0>=[M0_Y2[18]|M1_Y2[18]|M2_Y2[18]|M3_Y2[18]|M4_Y2[18]|M5_Y2[18]|M6_Y2[18]|M7_Y2[18]],512,657,1314,ldr Q<w18_s0> [row_base #16*18],288,V<w18_s0>.h[1],18,9,73,18,73,457,x0=B0[73]*twist[18]_from_a73|a457,329,82,329,713,x1=B0[329]*twist[82]_from_a329|a713,201,50,201,585,x2=B0[201]*twist[50]_from_a201|a585,V<w18_s0>.h[1]=Y2[18]_goes_to_work[18]_lane1,phase3_memory_is_row_major_k3_then_k32_with_8_packed_GT_matrices;ntt32_loads_one_Q_per_k32
all_matrices_all_rows,M1=B0_q1,1,0,1,2,19,Y2,Y2=x0-x1-omega3*(x1-x2),Q<w19_s0>,1,Q<w19_s0>=[M0_Y2[19]|M1_Y2[19]|M2_Y2[19]|M3_Y2[19]|M4_Y2[19]|M5_Y2[19]|M6_Y2[19]|M7_Y2[19]],512,665,1330,ldr Q<w19_s0> [row_base #16*19],304,V<w19_s0>.h[1],19,25,205,51,205,589,x0=B0[205]*twist[51]_from_a205|a589,77,19,77,461,x1=B0[77]*twist[19]_from_a77|a461,333,83,333,717,x2=B0[333]*twist[83]_from_a333|a717,V<w19_s0>.h[1]=Y2[19]_goes_to_work[19]_lane1,phase3_memory_is_row_major_k3_then_k32_with_8_packed_GT_matrices;ntt32_loads_one_Q_per_k32
all_matrices_all_rows,M1=B0_q1,1,0,1,2,20,Y2,Y2=x0-x1-omega3*(x1-x2),Q<w20_s0>,1,Q<w20_s0>=[M0_Y2[20]|M1_Y2[20]|M2_Y2[20]|M3_Y2[20]|M4_Y2[20]|M5_Y2[20]|M6_Y2[20]|M7_Y2[20]],512,673,1346,ldr Q<w20_s0> [row_base #16*20],320,V<w20_s0>.h[1],20,5,337,84,337,721,x0=B0[337]*twist[84]_from_a337|a721,209,52,209,593,x1=B0[209]*twist[52]_from_a209|a593,81,20,81,465,x2=B0[81]*twist[20]_from_a81|a465,V<w20_s0>.h[1]=Y2[20]_goes_to_work[20]_lane1,phase3_memory_is_row_major_k3_then_k32_with_8_packed_GT_matrices;ntt32_loads_one_Q_per_k32
all_matrices_all_rows,M1=B0_q1,1,0,1,2,21,Y2,Y2=x0-x1-omega3*(x1-x2),Q<w21_s0>,1,Q<w21_s0>=[M0_Y2[21]|M1_Y2[21]|M2_Y2[21]|M3_Y2[21]|M4_Y2[21]|M5_Y2[21]|M6_Y2[21]|M7_Y2[21]],512,681,1362,ldr Q<w21_s0> [row_base #16*21],336,V<w21_s0>.h[1],21,21,85,21,85,469,x0=B0[85]*twist[21]_from_a85|a469,341,85,341,725,x1=B0[341]*twist[85]_from_a341|a725,213,53,213,597,x2=B0[213]*twist[53]_from_a213|a597,V<w21_s0>.h[1]=Y2[21]_goes_to_work[21]_lane1,phase3_memory_is_row_major_k3_then_k32_with_8_packed_GT_matrices;ntt32_loads_one_Q_per_k32
all_matrices_all_rows,M1=B0_q1,1,0,1,2,22,Y2,Y2=x0-x1-omega3*(x1-x2),Q<w22_s0>,1,Q<w22_s0>=[M0_Y2[22]|M1_Y2[22]|M2_Y2[22]|M3_Y2[22]|M4_Y2[22]|M5_Y2[22]|M6_Y2[22]|M7_Y2[22]],512,689,1378,ldr Q<w22_s0> [row_base #16*22],352,V<w22_s0>.h[1],22,13,217,54,217,601,x0=B0[217]*twist[54]_from_a217|a601,89,22,89,473,x1=B0[89]*twist[22]_from_a89|a473,345,86,345,729,x2=B0[345]*twist[86]_from_a345|a729,V<w22_s0>.h[1]=Y2[22]_goes_to_work[22]_lane1,phase3_memory_is_row_major_k3_then_k32_with_8_packed_GT_matrices;ntt32_loads_one_Q_per_k32
all_matrices_all_rows,M1=B0_q1,1,0,1,2,23,Y2,Y2=x0-x1-omega3*(x1-x2),Q<w23_s0>,1,Q<w23_s0>=[M0_Y2[23]|M1_Y2[23]|M2_Y2[23]|M3_Y2[23]|M4_Y2[23]|M5_Y2[23]|M6_Y2[23]|M7_Y2[23]],512,697,1394,ldr Q<w23_s0> [row_base #16*23],368,V<w23_s0>.h[1],23,29,349,87,349,733,x0=B0[349]*twist[87]_from_a349|a733,221,55,221,605,x1=B0[221]*twist[55]_from_a221|a605,93,23,93,477,x2=B0[93]*twist[23]_from_a93|a477,V<w23_s0>.h[1]=Y2[23]_goes_to_work[23]_lane1,phase3_memory_is_row_major_k3_then_k32_with_8_packed_GT_matrices;ntt32_loads_one_Q_per_k32
all_matrices_all_rows,M1=B0_q1,1,0,1,2,24,Y2,Y2=x0-x1-omega3*(x1-x2),Q<w24_s0>,1,Q<w24_s0>=[M0_Y2[24]|M1_Y2[24]|M2_Y2[24]|M3_Y2[24]|M4_Y2[24]|M5_Y2[24]|M6_Y2[24]|M7_Y2[24]],512,705,1410,ldr Q<w24_s0> [row_base #16*24],384,V<w24_s0>.h[1],24,3,97,24,97,481,x0=B0[97]*twist[24]_from_a97|a481,353,88,353,737,x1=B0[353]*twist[88]_from_a353|a737,225,56,225,609,x2=B0[225]*twist[56]_from_a225|a609,V<w24_s0>.h[1]=Y2[24]_goes_to_work[24]_lane1,phase3_memory_is_row_major_k3_then_k32_with_8_packed_GT_matrices;ntt32_loads_one_Q_per_k32
all_matrices_all_rows,M1=B0_q1,1,0,1,2,25,Y2,Y2=x0-x1-omega3*(x1-x2),Q<w25_s0>,1,Q<w25_s0>=[M0_Y2[25]|M1_Y2[25]|M2_Y2[25]|M3_Y2[25]|M4_Y2[25]|M5_Y2[25]|M6_Y2[25]|M7_Y2[25]],512,713,1426,ldr Q<w25_s0> [row_base #16*25],400,V<w25_s0>.h[1],25,19,229,57,229,613,x0=B0[229]*twist[57]_from_a229|a613,101,25,101,485,x1=B0[101]*twist[25]_from_a101|a485,357,89,357,741,x2=B0[357]*twist[89]_from_a357|a741,V<w25_s0>.h[1]=Y2[25]_goes_to_work[25]_lane1,phase3_memory_is_row_major_k3_then_k32_with_8_packed_GT_matrices;ntt32_loads_one_Q_per_k32
all_matrices_all_rows,M1=B0_q1,1,0,1,2,26,Y2,Y2=x0-x1-omega3*(x1-x2),Q<w26_s0>,1,Q<w26_s0>=[M0_Y2[26]|M1_Y2[26]|M2_Y2[26]|M3_Y2[26]|M4_Y2[26]|M5_Y2[26]|M6_Y2[26]|M7_Y2[26]],512,721,1442,ldr Q<w26_s0> [row_base #16*26],416,V<w26_s0>.h[1],26,11,361,90,361,745,x0=B0[361]*twist[90]_from_a361|a745,233,58,233,617,x1=B0[233]*twist[58]_from_a233|a617,105,26,105,489,x2=B0[105]*twist[26]_from_a105|a489,V<w26_s0>.h[1]=Y2[26]_goes_to_work[26]_lane1,phase3_memory_is_row_major_k3_then_k32_with_8_packed_GT_matrices;ntt32_loads_one_Q_per_k32
all_matrices_all_rows,M1=B0_q1,1,0,1,2,27,Y2,Y2=x0-x1-omega3*(x1-x2),Q<w27_s0>,1,Q<w27_s0>=[M0_Y2[27]|M1_Y2[27]|M2_Y2[27]|M3_Y2[27]|M4_Y2[27]|M5_Y2[27]|M6_Y2[27]|M7_Y2[27]],512,729,1458,ldr Q<w27_s0> [row_base #16*27],432,V<w27_s0>.h[1],27,27,109,27,109,493,x0=B0[109]*twist[27]_from_a109|a493,365,91,365,749,x1=B0[365]*twist[91]_from_a365|a749,237,59,237,621,x2=B0[237]*twist[59]_from_a237|a621,V<w27_s0>.h[1]=Y2[27]_goes_to_work[27]_lane1,phase3_memory_is_row_major_k3_then_k32_with_8_packed_GT_matrices;ntt32_loads_one_Q_per_k32
all_matrices_all_rows,M1=B0_q1,1,0,1,2,28,Y2,Y2=x0-x1-omega3*(x1-x2),Q<w28_s0>,1,Q<w28_s0>=[M0_Y2[28]|M1_Y2[28]|M2_Y2[28]|M3_Y2[28]|M4_Y2[28]|M5_Y2[28]|M6_Y2[28]|M7_Y2[28]],512,737,1474,ldr Q<w28_s0> [row_base #16*28],448,V<w28_s0>.h[1],28,7,241,60,241,625,x0=B0[241]*twist[60]_from_a241|a625,113,28,113,497,x1=B0[113]*twist[28]_from_a113|a497,369,92,369,753,x2=B0[369]*twist[92]_from_a369|a753,V<w28_s0>.h[1]=Y2[28]_goes_to_work[28]_lane1,phase3_memory_is_row_major_k3_then_k32_with_8_packed_GT_matrices;ntt32_loads_one_Q_per_k32
all_matrices_all_rows,M1=B0_q1,1,0,1,2,29,Y2,Y2=x0-x1-omega3*(x1-x2),Q<w29_s0>,1,Q<w29_s0>=[M0_Y2[29]|M1_Y2[29]|M2_Y2[29]|M3_Y2[29]|M4_Y2[29]|M5_Y2[29]|M6_Y2[29]|M7_Y2[29]],512,745,1490,ldr Q<w29_s0> [row_base #16*29],464,V<w29_s0>.h[1],29,23,373,93,373,757,x0=B0[373]*twist[93]_from_a373|a757,245,61,245,629,x1=B0[245]*twist[61]_from_a245|a629,117,29,117,501,x2=B0[117]*twist[29]_from_a117|a501,V<w29_s0>.h[1]=Y2[29]_goes_to_work[29]_lane1,phase3_memory_is_row_major_k3_then_k32_with_8_packed_GT_matrices;ntt32_loads_one_Q_per_k32
all_matrices_all_rows,M1=B0_q1,1,0,1,2,30,Y2,Y2=x0-x1-omega3*(x1-x2),Q<w30_s0>,1,Q<w30_s0>=[M0_Y2[30]|M1_Y2[30]|M2_Y2[30]|M3_Y2[30]|M4_Y2[30]|M5_Y2[30]|M6_Y2[30]|M7_Y2[30]],512,753,1506,ldr Q<w30_s0> [row_base #16*30],480,V<w30_s0>.h[1],30,15,121,30,121,505,x0=B0[121]*twist[30]_from_a121|a505,377,94,377,761,x1=B0[377]*twist[94]_from_a377|a761,249,62,249,633,x2=B0[249]*twist[62]_from_a249|a633,V<w30_s0>.h[1]=Y2[30]_goes_to_work[30]_lane1,phase3_memory_is_row_major_k3_then_k32_with_8_packed_GT_matrices;ntt32_loads_one_Q_per_k32
all_matrices_all_rows,M1=B0_q1,1,0,1,2,31,Y2,Y2=x0-x1-omega3*(x1-x2),Q<w31_s0>,1,Q<w31_s0>=[M0_Y2[31]|M1_Y2[31]|M2_Y2[31]|M3_Y2[31]|M4_Y2[31]|M5_Y2[31]|M6_Y2[31]|M7_Y2[31]],512,761,1522,ldr Q<w31_s0> [row_base #16*31],496,V<w31_s0>.h[1],31,31,253,63,253,637,x0=B0[253]*twist[63]_from_a253|a637,125,31,125,509,x1=B0[125]*twist[31]_from_a125|a509,381,95,381,765,x2=B0[381]*twist[95]_from_a381|a765,V<w31_s0>.h[1]=Y2[31]_goes_to_work[31]_lane1,phase3_memory_is_row_major_k3_then_k32_with_8_packed_GT_matrices;ntt32_loads_one_Q_per_k32
all_matrices_all_rows,M2=B0_q2,2,0,2,0,0,Y0,Y0=x0+x1+x2,Q<w00_s0>,2,Q<w00_s0>=[M0_Y0[0]|M1_Y0[0]|M2_Y0[0]|M3_Y0[0]|M4_Y0[0]|M5_Y0[0]|M6_Y0[0]|M7_Y0[0]],0,2,4,ldr Q<w00_s0> [row_base #16*0],0,V<w00_s0>.h[2],0,0,2,0,2,386,x0=B0[2]*twist[0]_from_a2|a386,258,64,258,642,x1=B0[258]*twist[64]_from_a258|a642,130,32,130,514,x2=B0[130]*twist[32]_from_a130|a514,V<w00_s0>.h[2]=Y0[0]_goes_to_work[0]_lane2,phase3_memory_is_row_major_k3_then_k32_with_8_packed_GT_matrices;ntt32_loads_one_Q_per_k32
all_matrices_all_rows,M2=B0_q2,2,0,2,0,1,Y0,Y0=x0+x1+x2,Q<w01_s0>,2,Q<w01_s0>=[M0_Y0[1]|M1_Y0[1]|M2_Y0[1]|M3_Y0[1]|M4_Y0[1]|M5_Y0[1]|M6_Y0[1]|M7_Y0[1]],0,10,20,ldr Q<w01_s0> [row_base #16*1],16,V<w01_s0>.h[2],1,16,134,33,134,518,x0=B0[134]*twist[33]_from_a134|a518,6,1,6,390,x1=B0[6]*twist[1]_from_a6|a390,262,65,262,646,x2=B0[262]*twist[65]_from_a262|a646,V<w01_s0>.h[2]=Y0[1]_goes_to_work[1]_lane2,phase3_memory_is_row_major_k3_then_k32_with_8_packed_GT_matrices;ntt32_loads_one_Q_per_k32
all_matrices_all_rows,M2=B0_q2,2,0,2,0,2,Y0,Y0=x0+x1+x2,Q<w02_s0>,2,Q<w02_s0>=[M0_Y0[2]|M1_Y0[2]|M2_Y0[2]|M3_Y0[2]|M4_Y0[2]|M5_Y0[2]|M6_Y0[2]|M7_Y0[2]],0,18,36,ldr Q<w02_s0> [row_base #16*2],32,V<w02_s0>.h[2],2,8,266,66,266,650,x0=B0[266]*twist[66]_from_a266|a650,138,34,138,522,x1=B0[138]*twist[34]_from_a138|a522,10,2,10,394,x2=B0[10]*twist[2]_from_a10|a394,V<w02_s0>.h[2]=Y0[2]_goes_to_work[2]_lane2,phase3_memory_is_row_major_k3_then_k32_with_8_packed_GT_matrices;ntt32_loads_one_Q_per_k32
all_matrices_all_rows,M2=B0_q2,2,0,2,0,3,Y0,Y0=x0+x1+x2,Q<w03_s0>,2,Q<w03_s0>=[M0_Y0[3]|M1_Y0[3]|M2_Y0[3]|M3_Y0[3]|M4_Y0[3]|M5_Y0[3]|M6_Y0[3]|M7_Y0[3]],0,26,52,ldr Q<w03_s0> [row_base #16*3],48,V<w03_s0>.h[2],3,24,14,3,14,398,x0=B0[14]*twist[3]_from_a14|a398,270,67,270,654,x1=B0[270]*twist[67]_from_a270|a654,142,35,142,526,x2=B0[142]*twist[35]_from_a142|a526,V<w03_s0>.h[2]=Y0[3]_goes_to_work[3]_lane2,phase3_memory_is_row_major_k3_then_k32_with_8_packed_GT_matrices;ntt32_loads_one_Q_per_k32
all_matrices_all_rows,M2=B0_q2,2,0,2,0,4,Y0,Y0=x0+x1+x2,Q<w04_s0>,2,Q<w04_s0>=[M0_Y0[4]|M1_Y0[4]|M2_Y0[4]|M3_Y0[4]|M4_Y0[4]|M5_Y0[4]|M6_Y0[4]|M7_Y0[4]],0,34,68,ldr Q<w04_s0> [row_base #16*4],64,V<w04_s0>.h[2],4,4,146,36,146,530,x0=B0[146]*twist[36]_from_a146|a530,18,4,18,402,x1=B0[18]*twist[4]_from_a18|a402,274,68,274,658,x2=B0[274]*twist[68]_from_a274|a658,V<w04_s0>.h[2]=Y0[4]_goes_to_work[4]_lane2,phase3_memory_is_row_major_k3_then_k32_with_8_packed_GT_matrices;ntt32_loads_one_Q_per_k32
all_matrices_all_rows,M2=B0_q2,2,0,2,0,5,Y0,Y0=x0+x1+x2,Q<w05_s0>,2,Q<w05_s0>=[M0_Y0[5]|M1_Y0[5]|M2_Y0[5]|M3_Y0[5]|M4_Y0[5]|M5_Y0[5]|M6_Y0[5]|M7_Y0[5]],0,42,84,ldr Q<w05_s0> [row_base #16*5],80,V<w05_s0>.h[2],5,20,278,69,278,662,x0=B0[278]*twist[69]_from_a278|a662,150,37,150,534,x1=B0[150]*twist[37]_from_a150|a534,22,5,22,406,x2=B0[22]*twist[5]_from_a22|a406,V<w05_s0>.h[2]=Y0[5]_goes_to_work[5]_lane2,phase3_memory_is_row_major_k3_then_k32_with_8_packed_GT_matrices;ntt32_loads_one_Q_per_k32
all_matrices_all_rows,M2=B0_q2,2,0,2,0,6,Y0,Y0=x0+x1+x2,Q<w06_s0>,2,Q<w06_s0>=[M0_Y0[6]|M1_Y0[6]|M2_Y0[6]|M3_Y0[6]|M4_Y0[6]|M5_Y0[6]|M6_Y0[6]|M7_Y0[6]],0,50,100,ldr Q<w06_s0> [row_base #16*6],96,V<w06_s0>.h[2],6,12,26,6,26,410,x0=B0[26]*twist[6]_from_a26|a410,282,70,282,666,x1=B0[282]*twist[70]_from_a282|a666,154,38,154,538,x2=B0[154]*twist[38]_from_a154|a538,V<w06_s0>.h[2]=Y0[6]_goes_to_work[6]_lane2,phase3_memory_is_row_major_k3_then_k32_with_8_packed_GT_matrices;ntt32_loads_one_Q_per_k32
all_matrices_all_rows,M2=B0_q2,2,0,2,0,7,Y0,Y0=x0+x1+x2,Q<w07_s0>,2,Q<w07_s0>=[M0_Y0[7]|M1_Y0[7]|M2_Y0[7]|M3_Y0[7]|M4_Y0[7]|M5_Y0[7]|M6_Y0[7]|M7_Y0[7]],0,58,116,ldr Q<w07_s0> [row_base #16*7],112,V<w07_s0>.h[2],7,28,158,39,158,542,x0=B0[158]*twist[39]_from_a158|a542,30,7,30,414,x1=B0[30]*twist[7]_from_a30|a414,286,71,286,670,x2=B0[286]*twist[71]_from_a286|a670,V<w07_s0>.h[2]=Y0[7]_goes_to_work[7]_lane2,phase3_memory_is_row_major_k3_then_k32_with_8_packed_GT_matrices;ntt32_loads_one_Q_per_k32
all_matrices_all_rows,M2=B0_q2,2,0,2,0,8,Y0,Y0=x0+x1+x2,Q<w08_s0>,2,Q<w08_s0>=[M0_Y0[8]|M1_Y0[8]|M2_Y0[8]|M3_Y0[8]|M4_Y0[8]|M5_Y0[8]|M6_Y0[8]|M7_Y0[8]],0,66,132,ldr Q<w08_s0> [row_base #16*8],128,V<w08_s0>.h[2],8,2,290,72,290,674,x0=B0[290]*twist[72]_from_a290|a674,162,40,162,546,x1=B0[162]*twist[40]_from_a162|a546,34,8,34,418,x2=B0[34]*twist[8]_from_a34|a418,V<w08_s0>.h[2]=Y0[8]_goes_to_work[8]_lane2,phase3_memory_is_row_major_k3_then_k32_with_8_packed_GT_matrices;ntt32_loads_one_Q_per_k32
all_matrices_all_rows,M2=B0_q2,2,0,2,0,9,Y0,Y0=x0+x1+x2,Q<w09_s0>,2,Q<w09_s0>=[M0_Y0[9]|M1_Y0[9]|M2_Y0[9]|M3_Y0[9]|M4_Y0[9]|M5_Y0[9]|M6_Y0[9]|M7_Y0[9]],0,74,148,ldr Q<w09_s0> [row_base #16*9],144,V<w09_s0>.h[2],9,18,38,9,38,422,x0=B0[38]*twist[9]_from_a38|a422,294,73,294,678,x1=B0[294]*twist[73]_from_a294|a678,166,41,166,550,x2=B0[166]*twist[41]_from_a166|a550,V<w09_s0>.h[2]=Y0[9]_goes_to_work[9]_lane2,phase3_memory_is_row_major_k3_then_k32_with_8_packed_GT_matrices;ntt32_loads_one_Q_per_k32
all_matrices_all_rows,M2=B0_q2,2,0,2,0,10,Y0,Y0=x0+x1+x2,Q<w10_s0>,2,Q<w10_s0>=[M0_Y0[10]|M1_Y0[10]|M2_Y0[10]|M3_Y0[10]|M4_Y0[10]|M5_Y0[10]|M6_Y0[10]|M7_Y0[10]],0,82,164,ldr Q<w10_s0> [row_base #16*10],160,V<w10_s0>.h[2],10,10,170,42,170,554,x0=B0[170]*twist[42]_from_a170|a554,42,10,42,426,x1=B0[42]*twist[10]_from_a42|a426,298,74,298,682,x2=B0[298]*twist[74]_from_a298|a682,V<w10_s0>.h[2]=Y0[10]_goes_to_work[10]_lane2,phase3_memory_is_row_major_k3_then_k32_with_8_packed_GT_matrices;ntt32_loads_one_Q_per_k32
all_matrices_all_rows,M2=B0_q2,2,0,2,0,11,Y0,Y0=x0+x1+x2,Q<w11_s0>,2,Q<w11_s0>=[M0_Y0[11]|M1_Y0[11]|M2_Y0[11]|M3_Y0[11]|M4_Y0[11]|M5_Y0[11]|M6_Y0[11]|M7_Y0[11]],0,90,180,ldr Q<w11_s0> [row_base #16*11],176,V<w11_s0>.h[2],11,26,302,75,302,686,x0=B0[302]*twist[75]_from_a302|a686,174,43,174,558,x1=B0[174]*twist[43]_from_a174|a558,46,11,46,430,x2=B0[46]*twist[11]_from_a46|a430,V<w11_s0>.h[2]=Y0[11]_goes_to_work[11]_lane2,phase3_memory_is_row_major_k3_then_k32_with_8_packed_GT_matrices;ntt32_loads_one_Q_per_k32
all_matrices_all_rows,M2=B0_q2,2,0,2,0,12,Y0,Y0=x0+x1+x2,Q<w12_s0>,2,Q<w12_s0>=[M0_Y0[12]|M1_Y0[12]|M2_Y0[12]|M3_Y0[12]|M4_Y0[12]|M5_Y0[12]|M6_Y0[12]|M7_Y0[12]],0,98,196,ldr Q<w12_s0> [row_base #16*12],192,V<w12_s0>.h[2],12,6,50,12,50,434,x0=B0[50]*twist[12]_from_a50|a434,306,76,306,690,x1=B0[306]*twist[76]_from_a306|a690,178,44,178,562,x2=B0[178]*twist[44]_from_a178|a562,V<w12_s0>.h[2]=Y0[12]_goes_to_work[12]_lane2,phase3_memory_is_row_major_k3_then_k32_with_8_packed_GT_matrices;ntt32_loads_one_Q_per_k32
all_matrices_all_rows,M2=B0_q2,2,0,2,0,13,Y0,Y0=x0+x1+x2,Q<w13_s0>,2,Q<w13_s0>=[M0_Y0[13]|M1_Y0[13]|M2_Y0[13]|M3_Y0[13]|M4_Y0[13]|M5_Y0[13]|M6_Y0[13]|M7_Y0[13]],0,106,212,ldr Q<w13_s0> [row_base #16*13],208,V<w13_s0>.h[2],13,22,182,45,182,566,x0=B0[182]*twist[45]_from_a182|a566,54,13,54,438,x1=B0[54]*twist[13]_from_a54|a438,310,77,310,694,x2=B0[310]*twist[77]_from_a310|a694,V<w13_s0>.h[2]=Y0[13]_goes_to_work[13]_lane2,phase3_memory_is_row_major_k3_then_k32_with_8_packed_GT_matrices;ntt32_loads_one_Q_per_k32
all_matrices_all_rows,M2=B0_q2,2,0,2,0,14,Y0,Y0=x0+x1+x2,Q<w14_s0>,2,Q<w14_s0>=[M0_Y0[14]|M1_Y0[14]|M2_Y0[14]|M3_Y0[14]|M4_Y0[14]|M5_Y0[14]|M6_Y0[14]|M7_Y0[14]],0,114,228,ldr Q<w14_s0> [row_base #16*14],224,V<w14_s0>.h[2],14,14,314,78,314,698,x0=B0[314]*twist[78]_from_a314|a698,186,46,186,570,x1=B0[186]*twist[46]_from_a186|a570,58,14,58,442,x2=B0[58]*twist[14]_from_a58|a442,V<w14_s0>.h[2]=Y0[14]_goes_to_work[14]_lane2,phase3_memory_is_row_major_k3_then_k32_with_8_packed_GT_matrices;ntt32_loads_one_Q_per_k32
all_matrices_all_rows,M2=B0_q2,2,0,2,0,15,Y0,Y0=x0+x1+x2,Q<w15_s0>,2,Q<w15_s0>=[M0_Y0[15]|M1_Y0[15]|M2_Y0[15]|M3_Y0[15]|M4_Y0[15]|M5_Y0[15]|M6_Y0[15]|M7_Y0[15]],0,122,244,ldr Q<w15_s0> [row_base #16*15],240,V<w15_s0>.h[2],15,30,62,15,62,446,x0=B0[62]*twist[15]_from_a62|a446,318,79,318,702,x1=B0[318]*twist[79]_from_a318|a702,190,47,190,574,x2=B0[190]*twist[47]_from_a190|a574,V<w15_s0>.h[2]=Y0[15]_goes_to_work[15]_lane2,phase3_memory_is_row_major_k3_then_k32_with_8_packed_GT_matrices;ntt32_loads_one_Q_per_k32
all_matrices_all_rows,M2=B0_q2,2,0,2,0,16,Y0,Y0=x0+x1+x2,Q<w16_s0>,2,Q<w16_s0>=[M0_Y0[16]|M1_Y0[16]|M2_Y0[16]|M3_Y0[16]|M4_Y0[16]|M5_Y0[16]|M6_Y0[16]|M7_Y0[16]],0,130,260,ldr Q<w16_s0> [row_base #16*16],256,V<w16_s0>.h[2],16,1,194,48,194,578,x0=B0[194]*twist[48]_from_a194|a578,66,16,66,450,x1=B0[66]*twist[16]_from_a66|a450,322,80,322,706,x2=B0[322]*twist[80]_from_a322|a706,V<w16_s0>.h[2]=Y0[16]_goes_to_work[16]_lane2,phase3_memory_is_row_major_k3_then_k32_with_8_packed_GT_matrices;ntt32_loads_one_Q_per_k32
all_matrices_all_rows,M2=B0_q2,2,0,2,0,17,Y0,Y0=x0+x1+x2,Q<w17_s0>,2,Q<w17_s0>=[M0_Y0[17]|M1_Y0[17]|M2_Y0[17]|M3_Y0[17]|M4_Y0[17]|M5_Y0[17]|M6_Y0[17]|M7_Y0[17]],0,138,276,ldr Q<w17_s0> [row_base #16*17],272,V<w17_s0>.h[2],17,17,326,81,326,710,x0=B0[326]*twist[81]_from_a326|a710,198,49,198,582,x1=B0[198]*twist[49]_from_a198|a582,70,17,70,454,x2=B0[70]*twist[17]_from_a70|a454,V<w17_s0>.h[2]=Y0[17]_goes_to_work[17]_lane2,phase3_memory_is_row_major_k3_then_k32_with_8_packed_GT_matrices;ntt32_loads_one_Q_per_k32
all_matrices_all_rows,M2=B0_q2,2,0,2,0,18,Y0,Y0=x0+x1+x2,Q<w18_s0>,2,Q<w18_s0>=[M0_Y0[18]|M1_Y0[18]|M2_Y0[18]|M3_Y0[18]|M4_Y0[18]|M5_Y0[18]|M6_Y0[18]|M7_Y0[18]],0,146,292,ldr Q<w18_s0> [row_base #16*18],288,V<w18_s0>.h[2],18,9,74,18,74,458,x0=B0[74]*twist[18]_from_a74|a458,330,82,330,714,x1=B0[330]*twist[82]_from_a330|a714,202,50,202,586,x2=B0[202]*twist[50]_from_a202|a586,V<w18_s0>.h[2]=Y0[18]_goes_to_work[18]_lane2,phase3_memory_is_row_major_k3_then_k32_with_8_packed_GT_matrices;ntt32_loads_one_Q_per_k32
all_matrices_all_rows,M2=B0_q2,2,0,2,0,19,Y0,Y0=x0+x1+x2,Q<w19_s0>,2,Q<w19_s0>=[M0_Y0[19]|M1_Y0[19]|M2_Y0[19]|M3_Y0[19]|M4_Y0[19]|M5_Y0[19]|M6_Y0[19]|M7_Y0[19]],0,154,308,ldr Q<w19_s0> [row_base #16*19],304,V<w19_s0>.h[2],19,25,206,51,206,590,x0=B0[206]*twist[51]_from_a206|a590,78,19,78,462,x1=B0[78]*twist[19]_from_a78|a462,334,83,334,718,x2=B0[334]*twist[83]_from_a334|a718,V<w19_s0>.h[2]=Y0[19]_goes_to_work[19]_lane2,phase3_memory_is_row_major_k3_then_k32_with_8_packed_GT_matrices;ntt32_loads_one_Q_per_k32
all_matrices_all_rows,M2=B0_q2,2,0,2,0,20,Y0,Y0=x0+x1+x2,Q<w20_s0>,2,Q<w20_s0>=[M0_Y0[20]|M1_Y0[20]|M2_Y0[20]|M3_Y0[20]|M4_Y0[20]|M5_Y0[20]|M6_Y0[20]|M7_Y0[20]],0,162,324,ldr Q<w20_s0> [row_base #16*20],320,V<w20_s0>.h[2],20,5,338,84,338,722,x0=B0[338]*twist[84]_from_a338|a722,210,52,210,594,x1=B0[210]*twist[52]_from_a210|a594,82,20,82,466,x2=B0[82]*twist[20]_from_a82|a466,V<w20_s0>.h[2]=Y0[20]_goes_to_work[20]_lane2,phase3_memory_is_row_major_k3_then_k32_with_8_packed_GT_matrices;ntt32_loads_one_Q_per_k32
all_matrices_all_rows,M2=B0_q2,2,0,2,0,21,Y0,Y0=x0+x1+x2,Q<w21_s0>,2,Q<w21_s0>=[M0_Y0[21]|M1_Y0[21]|M2_Y0[21]|M3_Y0[21]|M4_Y0[21]|M5_Y0[21]|M6_Y0[21]|M7_Y0[21]],0,170,340,ldr Q<w21_s0> [row_base #16*21],336,V<w21_s0>.h[2],21,21,86,21,86,470,x0=B0[86]*twist[21]_from_a86|a470,342,85,342,726,x1=B0[342]*twist[85]_from_a342|a726,214,53,214,598,x2=B0[214]*twist[53]_from_a214|a598,V<w21_s0>.h[2]=Y0[21]_goes_to_work[21]_lane2,phase3_memory_is_row_major_k3_then_k32_with_8_packed_GT_matrices;ntt32_loads_one_Q_per_k32
all_matrices_all_rows,M2=B0_q2,2,0,2,0,22,Y0,Y0=x0+x1+x2,Q<w22_s0>,2,Q<w22_s0>=[M0_Y0[22]|M1_Y0[22]|M2_Y0[22]|M3_Y0[22]|M4_Y0[22]|M5_Y0[22]|M6_Y0[22]|M7_Y0[22]],0,178,356,ldr Q<w22_s0> [row_base #16*22],352,V<w22_s0>.h[2],22,13,218,54,218,602,x0=B0[218]*twist[54]_from_a218|a602,90,22,90,474,x1=B0[90]*twist[22]_from_a90|a474,346,86,346,730,x2=B0[346]*twist[86]_from_a346|a730,V<w22_s0>.h[2]=Y0[22]_goes_to_work[22]_lane2,phase3_memory_is_row_major_k3_then_k32_with_8_packed_GT_matrices;ntt32_loads_one_Q_per_k32
all_matrices_all_rows,M2=B0_q2,2,0,2,0,23,Y0,Y0=x0+x1+x2,Q<w23_s0>,2,Q<w23_s0>=[M0_Y0[23]|M1_Y0[23]|M2_Y0[23]|M3_Y0[23]|M4_Y0[23]|M5_Y0[23]|M6_Y0[23]|M7_Y0[23]],0,186,372,ldr Q<w23_s0> [row_base #16*23],368,V<w23_s0>.h[2],23,29,350,87,350,734,x0=B0[350]*twist[87]_from_a350|a734,222,55,222,606,x1=B0[222]*twist[55]_from_a222|a606,94,23,94,478,x2=B0[94]*twist[23]_from_a94|a478,V<w23_s0>.h[2]=Y0[23]_goes_to_work[23]_lane2,phase3_memory_is_row_major_k3_then_k32_with_8_packed_GT_matrices;ntt32_loads_one_Q_per_k32
all_matrices_all_rows,M2=B0_q2,2,0,2,0,24,Y0,Y0=x0+x1+x2,Q<w24_s0>,2,Q<w24_s0>=[M0_Y0[24]|M1_Y0[24]|M2_Y0[24]|M3_Y0[24]|M4_Y0[24]|M5_Y0[24]|M6_Y0[24]|M7_Y0[24]],0,194,388,ldr Q<w24_s0> [row_base #16*24],384,V<w24_s0>.h[2],24,3,98,24,98,482,x0=B0[98]*twist[24]_from_a98|a482,354,88,354,738,x1=B0[354]*twist[88]_from_a354|a738,226,56,226,610,x2=B0[226]*twist[56]_from_a226|a610,V<w24_s0>.h[2]=Y0[24]_goes_to_work[24]_lane2,phase3_memory_is_row_major_k3_then_k32_with_8_packed_GT_matrices;ntt32_loads_one_Q_per_k32
all_matrices_all_rows,M2=B0_q2,2,0,2,0,25,Y0,Y0=x0+x1+x2,Q<w25_s0>,2,Q<w25_s0>=[M0_Y0[25]|M1_Y0[25]|M2_Y0[25]|M3_Y0[25]|M4_Y0[25]|M5_Y0[25]|M6_Y0[25]|M7_Y0[25]],0,202,404,ldr Q<w25_s0> [row_base #16*25],400,V<w25_s0>.h[2],25,19,230,57,230,614,x0=B0[230]*twist[57]_from_a230|a614,102,25,102,486,x1=B0[102]*twist[25]_from_a102|a486,358,89,358,742,x2=B0[358]*twist[89]_from_a358|a742,V<w25_s0>.h[2]=Y0[25]_goes_to_work[25]_lane2,phase3_memory_is_row_major_k3_then_k32_with_8_packed_GT_matrices;ntt32_loads_one_Q_per_k32
all_matrices_all_rows,M2=B0_q2,2,0,2,0,26,Y0,Y0=x0+x1+x2,Q<w26_s0>,2,Q<w26_s0>=[M0_Y0[26]|M1_Y0[26]|M2_Y0[26]|M3_Y0[26]|M4_Y0[26]|M5_Y0[26]|M6_Y0[26]|M7_Y0[26]],0,210,420,ldr Q<w26_s0> [row_base #16*26],416,V<w26_s0>.h[2],26,11,362,90,362,746,x0=B0[362]*twist[90]_from_a362|a746,234,58,234,618,x1=B0[234]*twist[58]_from_a234|a618,106,26,106,490,x2=B0[106]*twist[26]_from_a106|a490,V<w26_s0>.h[2]=Y0[26]_goes_to_work[26]_lane2,phase3_memory_is_row_major_k3_then_k32_with_8_packed_GT_matrices;ntt32_loads_one_Q_per_k32
all_matrices_all_rows,M2=B0_q2,2,0,2,0,27,Y0,Y0=x0+x1+x2,Q<w27_s0>,2,Q<w27_s0>=[M0_Y0[27]|M1_Y0[27]|M2_Y0[27]|M3_Y0[27]|M4_Y0[27]|M5_Y0[27]|M6_Y0[27]|M7_Y0[27]],0,218,436,ldr Q<w27_s0> [row_base #16*27],432,V<w27_s0>.h[2],27,27,110,27,110,494,x0=B0[110]*twist[27]_from_a110|a494,366,91,366,750,x1=B0[366]*twist[91]_from_a366|a750,238,59,238,622,x2=B0[238]*twist[59]_from_a238|a622,V<w27_s0>.h[2]=Y0[27]_goes_to_work[27]_lane2,phase3_memory_is_row_major_k3_then_k32_with_8_packed_GT_matrices;ntt32_loads_one_Q_per_k32
all_matrices_all_rows,M2=B0_q2,2,0,2,0,28,Y0,Y0=x0+x1+x2,Q<w28_s0>,2,Q<w28_s0>=[M0_Y0[28]|M1_Y0[28]|M2_Y0[28]|M3_Y0[28]|M4_Y0[28]|M5_Y0[28]|M6_Y0[28]|M7_Y0[28]],0,226,452,ldr Q<w28_s0> [row_base #16*28],448,V<w28_s0>.h[2],28,7,242,60,242,626,x0=B0[242]*twist[60]_from_a242|a626,114,28,114,498,x1=B0[114]*twist[28]_from_a114|a498,370,92,370,754,x2=B0[370]*twist[92]_from_a370|a754,V<w28_s0>.h[2]=Y0[28]_goes_to_work[28]_lane2,phase3_memory_is_row_major_k3_then_k32_with_8_packed_GT_matrices;ntt32_loads_one_Q_per_k32
all_matrices_all_rows,M2=B0_q2,2,0,2,0,29,Y0,Y0=x0+x1+x2,Q<w29_s0>,2,Q<w29_s0>=[M0_Y0[29]|M1_Y0[29]|M2_Y0[29]|M3_Y0[29]|M4_Y0[29]|M5_Y0[29]|M6_Y0[29]|M7_Y0[29]],0,234,468,ldr Q<w29_s0> [row_base #16*29],464,V<w29_s0>.h[2],29,23,374,93,374,758,x0=B0[374]*twist[93]_from_a374|a758,246,61,246,630,x1=B0[246]*twist[61]_from_a246|a630,118,29,118,502,x2=B0[118]*twist[29]_from_a118|a502,V<w29_s0>.h[2]=Y0[29]_goes_to_work[29]_lane2,phase3_memory_is_row_major_k3_then_k32_with_8_packed_GT_matrices;ntt32_loads_one_Q_per_k32
all_matrices_all_rows,M2=B0_q2,2,0,2,0,30,Y0,Y0=x0+x1+x2,Q<w30_s0>,2,Q<w30_s0>=[M0_Y0[30]|M1_Y0[30]|M2_Y0[30]|M3_Y0[30]|M4_Y0[30]|M5_Y0[30]|M6_Y0[30]|M7_Y0[30]],0,242,484,ldr Q<w30_s0> [row_base #16*30],480,V<w30_s0>.h[2],30,15,122,30,122,506,x0=B0[122]*twist[30]_from_a122|a506,378,94,378,762,x1=B0[378]*twist[94]_from_a378|a762,250,62,250,634,x2=B0[250]*twist[62]_from_a250|a634,V<w30_s0>.h[2]=Y0[30]_goes_to_work[30]_lane2,phase3_memory_is_row_major_k3_then_k32_with_8_packed_GT_matrices;ntt32_loads_one_Q_per_k32
all_matrices_all_rows,M2=B0_q2,2,0,2,0,31,Y0,Y0=x0+x1+x2,Q<w31_s0>,2,Q<w31_s0>=[M0_Y0[31]|M1_Y0[31]|M2_Y0[31]|M3_Y0[31]|M4_Y0[31]|M5_Y0[31]|M6_Y0[31]|M7_Y0[31]],0,250,500,ldr Q<w31_s0> [row_base #16*31],496,V<w31_s0>.h[2],31,31,254,63,254,638,x0=B0[254]*twist[63]_from_a254|a638,126,31,126,510,x1=B0[126]*twist[31]_from_a126|a510,382,95,382,766,x2=B0[382]*twist[95]_from_a382|a766,V<w31_s0>.h[2]=Y0[31]_goes_to_work[31]_lane2,phase3_memory_is_row_major_k3_then_k32_with_8_packed_GT_matrices;ntt32_loads_one_Q_per_k32
all_matrices_all_rows,M2=B0_q2,2,0,2,1,0,Y1,Y1=x0-x2+omega3*(x1-x2),Q<w00_s0>,2,Q<w00_s0>=[M0_Y1[0]|M1_Y1[0]|M2_Y1[0]|M3_Y1[0]|M4_Y1[0]|M5_Y1[0]|M6_Y1[0]|M7_Y1[0]],256,258,516,ldr Q<w00_s0> [row_base #16*0],0,V<w00_s0>.h[2],0,0,2,0,2,386,x0=B0[2]*twist[0]_from_a2|a386,258,64,258,642,x1=B0[258]*twist[64]_from_a258|a642,130,32,130,514,x2=B0[130]*twist[32]_from_a130|a514,V<w00_s0>.h[2]=Y1[0]_goes_to_work[0]_lane2,phase3_memory_is_row_major_k3_then_k32_with_8_packed_GT_matrices;ntt32_loads_one_Q_per_k32
all_matrices_all_rows,M2=B0_q2,2,0,2,1,1,Y1,Y1=x0-x2+omega3*(x1-x2),Q<w01_s0>,2,Q<w01_s0>=[M0_Y1[1]|M1_Y1[1]|M2_Y1[1]|M3_Y1[1]|M4_Y1[1]|M5_Y1[1]|M6_Y1[1]|M7_Y1[1]],256,266,532,ldr Q<w01_s0> [row_base #16*1],16,V<w01_s0>.h[2],1,16,134,33,134,518,x0=B0[134]*twist[33]_from_a134|a518,6,1,6,390,x1=B0[6]*twist[1]_from_a6|a390,262,65,262,646,x2=B0[262]*twist[65]_from_a262|a646,V<w01_s0>.h[2]=Y1[1]_goes_to_work[1]_lane2,phase3_memory_is_row_major_k3_then_k32_with_8_packed_GT_matrices;ntt32_loads_one_Q_per_k32
all_matrices_all_rows,M2=B0_q2,2,0,2,1,2,Y1,Y1=x0-x2+omega3*(x1-x2),Q<w02_s0>,2,Q<w02_s0>=[M0_Y1[2]|M1_Y1[2]|M2_Y1[2]|M3_Y1[2]|M4_Y1[2]|M5_Y1[2]|M6_Y1[2]|M7_Y1[2]],256,274,548,ldr Q<w02_s0> [row_base #16*2],32,V<w02_s0>.h[2],2,8,266,66,266,650,x0=B0[266]*twist[66]_from_a266|a650,138,34,138,522,x1=B0[138]*twist[34]_from_a138|a522,10,2,10,394,x2=B0[10]*twist[2]_from_a10|a394,V<w02_s0>.h[2]=Y1[2]_goes_to_work[2]_lane2,phase3_memory_is_row_major_k3_then_k32_with_8_packed_GT_matrices;ntt32_loads_one_Q_per_k32
all_matrices_all_rows,M2=B0_q2,2,0,2,1,3,Y1,Y1=x0-x2+omega3*(x1-x2),Q<w03_s0>,2,Q<w03_s0>=[M0_Y1[3]|M1_Y1[3]|M2_Y1[3]|M3_Y1[3]|M4_Y1[3]|M5_Y1[3]|M6_Y1[3]|M7_Y1[3]],256,282,564,ldr Q<w03_s0> [row_base #16*3],48,V<w03_s0>.h[2],3,24,14,3,14,398,x0=B0[14]*twist[3]_from_a14|a398,270,67,270,654,x1=B0[270]*twist[67]_from_a270|a654,142,35,142,526,x2=B0[142]*twist[35]_from_a142|a526,V<w03_s0>.h[2]=Y1[3]_goes_to_work[3]_lane2,phase3_memory_is_row_major_k3_then_k32_with_8_packed_GT_matrices;ntt32_loads_one_Q_per_k32
all_matrices_all_rows,M2=B0_q2,2,0,2,1,4,Y1,Y1=x0-x2+omega3*(x1-x2),Q<w04_s0>,2,Q<w04_s0>=[M0_Y1[4]|M1_Y1[4]|M2_Y1[4]|M3_Y1[4]|M4_Y1[4]|M5_Y1[4]|M6_Y1[4]|M7_Y1[4]],256,290,580,ldr Q<w04_s0> [row_base #16*4],64,V<w04_s0>.h[2],4,4,146,36,146,530,x0=B0[146]*twist[36]_from_a146|a530,18,4,18,402,x1=B0[18]*twist[4]_from_a18|a402,274,68,274,658,x2=B0[274]*twist[68]_from_a274|a658,V<w04_s0>.h[2]=Y1[4]_goes_to_work[4]_lane2,phase3_memory_is_row_major_k3_then_k32_with_8_packed_GT_matrices;ntt32_loads_one_Q_per_k32
all_matrices_all_rows,M2=B0_q2,2,0,2,1,5,Y1,Y1=x0-x2+omega3*(x1-x2),Q<w05_s0>,2,Q<w05_s0>=[M0_Y1[5]|M1_Y1[5]|M2_Y1[5]|M3_Y1[5]|M4_Y1[5]|M5_Y1[5]|M6_Y1[5]|M7_Y1[5]],256,298,596,ldr Q<w05_s0> [row_base #16*5],80,V<w05_s0>.h[2],5,20,278,69,278,662,x0=B0[278]*twist[69]_from_a278|a662,150,37,150,534,x1=B0[150]*twist[37]_from_a150|a534,22,5,22,406,x2=B0[22]*twist[5]_from_a22|a406,V<w05_s0>.h[2]=Y1[5]_goes_to_work[5]_lane2,phase3_memory_is_row_major_k3_then_k32_with_8_packed_GT_matrices;ntt32_loads_one_Q_per_k32
all_matrices_all_rows,M2=B0_q2,2,0,2,1,6,Y1,Y1=x0-x2+omega3*(x1-x2),Q<w06_s0>,2,Q<w06_s0>=[M0_Y1[6]|M1_Y1[6]|M2_Y1[6]|M3_Y1[6]|M4_Y1[6]|M5_Y1[6]|M6_Y1[6]|M7_Y1[6]],256,306,612,ldr Q<w06_s0> [row_base #16*6],96,V<w06_s0>.h[2],6,12,26,6,26,410,x0=B0[26]*twist[6]_from_a26|a410,282,70,282,666,x1=B0[282]*twist[70]_from_a282|a666,154,38,154,538,x2=B0[154]*twist[38]_from_a154|a538,V<w06_s0>.h[2]=Y1[6]_goes_to_work[6]_lane2,phase3_memory_is_row_major_k3_then_k32_with_8_packed_GT_matrices;ntt32_loads_one_Q_per_k32
all_matrices_all_rows,M2=B0_q2,2,0,2,1,7,Y1,Y1=x0-x2+omega3*(x1-x2),Q<w07_s0>,2,Q<w07_s0>=[M0_Y1[7]|M1_Y1[7]|M2_Y1[7]|M3_Y1[7]|M4_Y1[7]|M5_Y1[7]|M6_Y1[7]|M7_Y1[7]],256,314,628,ldr Q<w07_s0> [row_base #16*7],112,V<w07_s0>.h[2],7,28,158,39,158,542,x0=B0[158]*twist[39]_from_a158|a542,30,7,30,414,x1=B0[30]*twist[7]_from_a30|a414,286,71,286,670,x2=B0[286]*twist[71]_from_a286|a670,V<w07_s0>.h[2]=Y1[7]_goes_to_work[7]_lane2,phase3_memory_is_row_major_k3_then_k32_with_8_packed_GT_matrices;ntt32_loads_one_Q_per_k32
all_matrices_all_rows,M2=B0_q2,2,0,2,1,8,Y1,Y1=x0-x2+omega3*(x1-x2),Q<w08_s0>,2,Q<w08_s0>=[M0_Y1[8]|M1_Y1[8]|M2_Y1[8]|M3_Y1[8]|M4_Y1[8]|M5_Y1[8]|M6_Y1[8]|M7_Y1[8]],256,322,644,ldr Q<w08_s0> [row_base #16*8],128,V<w08_s0>.h[2],8,2,290,72,290,674,x0=B0[290]*twist[72]_from_a290|a674,162,40,162,546,x1=B0[162]*twist[40]_from_a162|a546,34,8,34,418,x2=B0[34]*twist[8]_from_a34|a418,V<w08_s0>.h[2]=Y1[8]_goes_to_work[8]_lane2,phase3_memory_is_row_major_k3_then_k32_with_8_packed_GT_matrices;ntt32_loads_one_Q_per_k32
all_matrices_all_rows,M2=B0_q2,2,0,2,1,9,Y1,Y1=x0-x2+omega3*(x1-x2),Q<w09_s0>,2,Q<w09_s0>=[M0_Y1[9]|M1_Y1[9]|M2_Y1[9]|M3_Y1[9]|M4_Y1[9]|M5_Y1[9]|M6_Y1[9]|M7_Y1[9]],256,330,660,ldr Q<w09_s0> [row_base #16*9],144,V<w09_s0>.h[2],9,18,38,9,38,422,x0=B0[38]*twist[9]_from_a38|a422,294,73,294,678,x1=B0[294]*twist[73]_from_a294|a678,166,41,166,550,x2=B0[166]*twist[41]_from_a166|a550,V<w09_s0>.h[2]=Y1[9]_goes_to_work[9]_lane2,phase3_memory_is_row_major_k3_then_k32_with_8_packed_GT_matrices;ntt32_loads_one_Q_per_k32
all_matrices_all_rows,M2=B0_q2,2,0,2,1,10,Y1,Y1=x0-x2+omega3*(x1-x2),Q<w10_s0>,2,Q<w10_s0>=[M0_Y1[10]|M1_Y1[10]|M2_Y1[10]|M3_Y1[10]|M4_Y1[10]|M5_Y1[10]|M6_Y1[10]|M7_Y1[10]],256,338,676,ldr Q<w10_s0> [row_base #16*10],160,V<w10_s0>.h[2],10,10,170,42,170,554,x0=B0[170]*twist[42]_from_a170|a554,42,10,42,426,x1=B0[42]*twist[10]_from_a42|a426,298,74,298,682,x2=B0[298]*twist[74]_from_a298|a682,V<w10_s0>.h[2]=Y1[10]_goes_to_work[10]_lane2,phase3_memory_is_row_major_k3_then_k32_with_8_packed_GT_matrices;ntt32_loads_one_Q_per_k32
all_matrices_all_rows,M2=B0_q2,2,0,2,1,11,Y1,Y1=x0-x2+omega3*(x1-x2),Q<w11_s0>,2,Q<w11_s0>=[M0_Y1[11]|M1_Y1[11]|M2_Y1[11]|M3_Y1[11]|M4_Y1[11]|M5_Y1[11]|M6_Y1[11]|M7_Y1[11]],256,346,692,ldr Q<w11_s0> [row_base #16*11],176,V<w11_s0>.h[2],11,26,302,75,302,686,x0=B0[302]*twist[75]_from_a302|a686,174,43,174,558,x1=B0[174]*twist[43]_from_a174|a558,46,11,46,430,x2=B0[46]*twist[11]_from_a46|a430,V<w11_s0>.h[2]=Y1[11]_goes_to_work[11]_lane2,phase3_memory_is_row_major_k3_then_k32_with_8_packed_GT_matrices;ntt32_loads_one_Q_per_k32
all_matrices_all_rows,M2=B0_q2,2,0,2,1,12,Y1,Y1=x0-x2+omega3*(x1-x2),Q<w12_s0>,2,Q<w12_s0>=[M0_Y1[12]|M1_Y1[12]|M2_Y1[12]|M3_Y1[12]|M4_Y1[12]|M5_Y1[12]|M6_Y1[12]|M7_Y1[12]],256,354,708,ldr Q<w12_s0> [row_base #16*12],192,V<w12_s0>.h[2],12,6,50,12,50,434,x0=B0[50]*twist[12]_from_a50|a434,306,76,306,690,x1=B0[306]*twist[76]_from_a306|a690,178,44,178,562,x2=B0[178]*twist[44]_from_a178|a562,V<w12_s0>.h[2]=Y1[12]_goes_to_work[12]_lane2,phase3_memory_is_row_major_k3_then_k32_with_8_packed_GT_matrices;ntt32_loads_one_Q_per_k32
all_matrices_all_rows,M2=B0_q2,2,0,2,1,13,Y1,Y1=x0-x2+omega3*(x1-x2),Q<w13_s0>,2,Q<w13_s0>=[M0_Y1[13]|M1_Y1[13]|M2_Y1[13]|M3_Y1[13]|M4_Y1[13]|M5_Y1[13]|M6_Y1[13]|M7_Y1[13]],256,362,724,ldr Q<w13_s0> [row_base #16*13],208,V<w13_s0>.h[2],13,22,182,45,182,566,x0=B0[182]*twist[45]_from_a182|a566,54,13,54,438,x1=B0[54]*twist[13]_from_a54|a438,310,77,310,694,x2=B0[310]*twist[77]_from_a310|a694,V<w13_s0>.h[2]=Y1[13]_goes_to_work[13]_lane2,phase3_memory_is_row_major_k3_then_k32_with_8_packed_GT_matrices;ntt32_loads_one_Q_per_k32
all_matrices_all_rows,M2=B0_q2,2,0,2,1,14,Y1,Y1=x0-x2+omega3*(x1-x2),Q<w14_s0>,2,Q<w14_s0>=[M0_Y1[14]|M1_Y1[14]|M2_Y1[14]|M3_Y1[14]|M4_Y1[14]|M5_Y1[14]|M6_Y1[14]|M7_Y1[14]],256,370,740,ldr Q<w14_s0> [row_base #16*14],224,V<w14_s0>.h[2],14,14,314,78,314,698,x0=B0[314]*twist[78]_from_a314|a698,186,46,186,570,x1=B0[186]*twist[46]_from_a186|a570,58,14,58,442,x2=B0[58]*twist[14]_from_a58|a442,V<w14_s0>.h[2]=Y1[14]_goes_to_work[14]_lane2,phase3_memory_is_row_major_k3_then_k32_with_8_packed_GT_matrices;ntt32_loads_one_Q_per_k32
all_matrices_all_rows,M2=B0_q2,2,0,2,1,15,Y1,Y1=x0-x2+omega3*(x1-x2),Q<w15_s0>,2,Q<w15_s0>=[M0_Y1[15]|M1_Y1[15]|M2_Y1[15]|M3_Y1[15]|M4_Y1[15]|M5_Y1[15]|M6_Y1[15]|M7_Y1[15]],256,378,756,ldr Q<w15_s0> [row_base #16*15],240,V<w15_s0>.h[2],15,30,62,15,62,446,x0=B0[62]*twist[15]_from_a62|a446,318,79,318,702,x1=B0[318]*twist[79]_from_a318|a702,190,47,190,574,x2=B0[190]*twist[47]_from_a190|a574,V<w15_s0>.h[2]=Y1[15]_goes_to_work[15]_lane2,phase3_memory_is_row_major_k3_then_k32_with_8_packed_GT_matrices;ntt32_loads_one_Q_per_k32
all_matrices_all_rows,M2=B0_q2,2,0,2,1,16,Y1,Y1=x0-x2+omega3*(x1-x2),Q<w16_s0>,2,Q<w16_s0>=[M0_Y1[16]|M1_Y1[16]|M2_Y1[16]|M3_Y1[16]|M4_Y1[16]|M5_Y1[16]|M6_Y1[16]|M7_Y1[16]],256,386,772,ldr Q<w16_s0> [row_base #16*16],256,V<w16_s0>.h[2],16,1,194,48,194,578,x0=B0[194]*twist[48]_from_a194|a578,66,16,66,450,x1=B0[66]*twist[16]_from_a66|a450,322,80,322,706,x2=B0[322]*twist[80]_from_a322|a706,V<w16_s0>.h[2]=Y1[16]_goes_to_work[16]_lane2,phase3_memory_is_row_major_k3_then_k32_with_8_packed_GT_matrices;ntt32_loads_one_Q_per_k32
all_matrices_all_rows,M2=B0_q2,2,0,2,1,17,Y1,Y1=x0-x2+omega3*(x1-x2),Q<w17_s0>,2,Q<w17_s0>=[M0_Y1[17]|M1_Y1[17]|M2_Y1[17]|M3_Y1[17]|M4_Y1[17]|M5_Y1[17]|M6_Y1[17]|M7_Y1[17]],256,394,788,ldr Q<w17_s0> [row_base #16*17],272,V<w17_s0>.h[2],17,17,326,81,326,710,x0=B0[326]*twist[81]_from_a326|a710,198,49,198,582,x1=B0[198]*twist[49]_from_a198|a582,70,17,70,454,x2=B0[70]*twist[17]_from_a70|a454,V<w17_s0>.h[2]=Y1[17]_goes_to_work[17]_lane2,phase3_memory_is_row_major_k3_then_k32_with_8_packed_GT_matrices;ntt32_loads_one_Q_per_k32
all_matrices_all_rows,M2=B0_q2,2,0,2,1,18,Y1,Y1=x0-x2+omega3*(x1-x2),Q<w18_s0>,2,Q<w18_s0>=[M0_Y1[18]|M1_Y1[18]|M2_Y1[18]|M3_Y1[18]|M4_Y1[18]|M5_Y1[18]|M6_Y1[18]|M7_Y1[18]],256,402,804,ldr Q<w18_s0> [row_base #16*18],288,V<w18_s0>.h[2],18,9,74,18,74,458,x0=B0[74]*twist[18]_from_a74|a458,330,82,330,714,x1=B0[330]*twist[82]_from_a330|a714,202,50,202,586,x2=B0[202]*twist[50]_from_a202|a586,V<w18_s0>.h[2]=Y1[18]_goes_to_work[18]_lane2,phase3_memory_is_row_major_k3_then_k32_with_8_packed_GT_matrices;ntt32_loads_one_Q_per_k32
all_matrices_all_rows,M2=B0_q2,2,0,2,1,19,Y1,Y1=x0-x2+omega3*(x1-x2),Q<w19_s0>,2,Q<w19_s0>=[M0_Y1[19]|M1_Y1[19]|M2_Y1[19]|M3_Y1[19]|M4_Y1[19]|M5_Y1[19]|M6_Y1[19]|M7_Y1[19]],256,410,820,ldr Q<w19_s0> [row_base #16*19],304,V<w19_s0>.h[2],19,25,206,51,206,590,x0=B0[206]*twist[51]_from_a206|a590,78,19,78,462,x1=B0[78]*twist[19]_from_a78|a462,334,83,334,718,x2=B0[334]*twist[83]_from_a334|a718,V<w19_s0>.h[2]=Y1[19]_goes_to_work[19]_lane2,phase3_memory_is_row_major_k3_then_k32_with_8_packed_GT_matrices;ntt32_loads_one_Q_per_k32
all_matrices_all_rows,M2=B0_q2,2,0,2,1,20,Y1,Y1=x0-x2+omega3*(x1-x2),Q<w20_s0>,2,Q<w20_s0>=[M0_Y1[20]|M1_Y1[20]|M2_Y1[20]|M3_Y1[20]|M4_Y1[20]|M5_Y1[20]|M6_Y1[20]|M7_Y1[20]],256,418,836,ldr Q<w20_s0> [row_base #16*20],320,V<w20_s0>.h[2],20,5,338,84,338,722,x0=B0[338]*twist[84]_from_a338|a722,210,52,210,594,x1=B0[210]*twist[52]_from_a210|a594,82,20,82,466,x2=B0[82]*twist[20]_from_a82|a466,V<w20_s0>.h[2]=Y1[20]_goes_to_work[20]_lane2,phase3_memory_is_row_major_k3_then_k32_with_8_packed_GT_matrices;ntt32_loads_one_Q_per_k32
all_matrices_all_rows,M2=B0_q2,2,0,2,1,21,Y1,Y1=x0-x2+omega3*(x1-x2),Q<w21_s0>,2,Q<w21_s0>=[M0_Y1[21]|M1_Y1[21]|M2_Y1[21]|M3_Y1[21]|M4_Y1[21]|M5_Y1[21]|M6_Y1[21]|M7_Y1[21]],256,426,852,ldr Q<w21_s0> [row_base #16*21],336,V<w21_s0>.h[2],21,21,86,21,86,470,x0=B0[86]*twist[21]_from_a86|a470,342,85,342,726,x1=B0[342]*twist[85]_from_a342|a726,214,53,214,598,x2=B0[214]*twist[53]_from_a214|a598,V<w21_s0>.h[2]=Y1[21]_goes_to_work[21]_lane2,phase3_memory_is_row_major_k3_then_k32_with_8_packed_GT_matrices;ntt32_loads_one_Q_per_k32
all_matrices_all_rows,M2=B0_q2,2,0,2,1,22,Y1,Y1=x0-x2+omega3*(x1-x2),Q<w22_s0>,2,Q<w22_s0>=[M0_Y1[22]|M1_Y1[22]|M2_Y1[22]|M3_Y1[22]|M4_Y1[22]|M5_Y1[22]|M6_Y1[22]|M7_Y1[22]],256,434,868,ldr Q<w22_s0> [row_base #16*22],352,V<w22_s0>.h[2],22,13,218,54,218,602,x0=B0[218]*twist[54]_from_a218|a602,90,22,90,474,x1=B0[90]*twist[22]_from_a90|a474,346,86,346,730,x2=B0[346]*twist[86]_from_a346|a730,V<w22_s0>.h[2]=Y1[22]_goes_to_work[22]_lane2,phase3_memory_is_row_major_k3_then_k32_with_8_packed_GT_matrices;ntt32_loads_one_Q_per_k32
all_matrices_all_rows,M2=B0_q2,2,0,2,1,23,Y1,Y1=x0-x2+omega3*(x1-x2),Q<w23_s0>,2,Q<w23_s0>=[M0_Y1[23]|M1_Y1[23]|M2_Y1[23]|M3_Y1[23]|M4_Y1[23]|M5_Y1[23]|M6_Y1[23]|M7_Y1[23]],256,442,884,ldr Q<w23_s0> [row_base #16*23],368,V<w23_s0>.h[2],23,29,350,87,350,734,x0=B0[350]*twist[87]_from_a350|a734,222,55,222,606,x1=B0[222]*twist[55]_from_a222|a606,94,23,94,478,x2=B0[94]*twist[23]_from_a94|a478,V<w23_s0>.h[2]=Y1[23]_goes_to_work[23]_lane2,phase3_memory_is_row_major_k3_then_k32_with_8_packed_GT_matrices;ntt32_loads_one_Q_per_k32
all_matrices_all_rows,M2=B0_q2,2,0,2,1,24,Y1,Y1=x0-x2+omega3*(x1-x2),Q<w24_s0>,2,Q<w24_s0>=[M0_Y1[24]|M1_Y1[24]|M2_Y1[24]|M3_Y1[24]|M4_Y1[24]|M5_Y1[24]|M6_Y1[24]|M7_Y1[24]],256,450,900,ldr Q<w24_s0> [row_base #16*24],384,V<w24_s0>.h[2],24,3,98,24,98,482,x0=B0[98]*twist[24]_from_a98|a482,354,88,354,738,x1=B0[354]*twist[88]_from_a354|a738,226,56,226,610,x2=B0[226]*twist[56]_from_a226|a610,V<w24_s0>.h[2]=Y1[24]_goes_to_work[24]_lane2,phase3_memory_is_row_major_k3_then_k32_with_8_packed_GT_matrices;ntt32_loads_one_Q_per_k32
all_matrices_all_rows,M2=B0_q2,2,0,2,1,25,Y1,Y1=x0-x2+omega3*(x1-x2),Q<w25_s0>,2,Q<w25_s0>=[M0_Y1[25]|M1_Y1[25]|M2_Y1[25]|M3_Y1[25]|M4_Y1[25]|M5_Y1[25]|M6_Y1[25]|M7_Y1[25]],256,458,916,ldr Q<w25_s0> [row_base #16*25],400,V<w25_s0>.h[2],25,19,230,57,230,614,x0=B0[230]*twist[57]_from_a230|a614,102,25,102,486,x1=B0[102]*twist[25]_from_a102|a486,358,89,358,742,x2=B0[358]*twist[89]_from_a358|a742,V<w25_s0>.h[2]=Y1[25]_goes_to_work[25]_lane2,phase3_memory_is_row_major_k3_then_k32_with_8_packed_GT_matrices;ntt32_loads_one_Q_per_k32
all_matrices_all_rows,M2=B0_q2,2,0,2,1,26,Y1,Y1=x0-x2+omega3*(x1-x2),Q<w26_s0>,2,Q<w26_s0>=[M0_Y1[26]|M1_Y1[26]|M2_Y1[26]|M3_Y1[26]|M4_Y1[26]|M5_Y1[26]|M6_Y1[26]|M7_Y1[26]],256,466,932,ldr Q<w26_s0> [row_base #16*26],416,V<w26_s0>.h[2],26,11,362,90,362,746,x0=B0[362]*twist[90]_from_a362|a746,234,58,234,618,x1=B0[234]*twist[58]_from_a234|a618,106,26,106,490,x2=B0[106]*twist[26]_from_a106|a490,V<w26_s0>.h[2]=Y1[26]_goes_to_work[26]_lane2,phase3_memory_is_row_major_k3_then_k32_with_8_packed_GT_matrices;ntt32_loads_one_Q_per_k32
all_matrices_all_rows,M2=B0_q2,2,0,2,1,27,Y1,Y1=x0-x2+omega3*(x1-x2),Q<w27_s0>,2,Q<w27_s0>=[M0_Y1[27]|M1_Y1[27]|M2_Y1[27]|M3_Y1[27]|M4_Y1[27]|M5_Y1[27]|M6_Y1[27]|M7_Y1[27]],256,474,948,ldr Q<w27_s0> [row_base #16*27],432,V<w27_s0>.h[2],27,27,110,27,110,494,x0=B0[110]*twist[27]_from_a110|a494,366,91,366,750,x1=B0[366]*twist[91]_from_a366|a750,238,59,238,622,x2=B0[238]*twist[59]_from_a238|a622,V<w27_s0>.h[2]=Y1[27]_goes_to_work[27]_lane2,phase3_memory_is_row_major_k3_then_k32_with_8_packed_GT_matrices;ntt32_loads_one_Q_per_k32
all_matrices_all_rows,M2=B0_q2,2,0,2,1,28,Y1,Y1=x0-x2+omega3*(x1-x2),Q<w28_s0>,2,Q<w28_s0>=[M0_Y1[28]|M1_Y1[28]|M2_Y1[28]|M3_Y1[28]|M4_Y1[28]|M5_Y1[28]|M6_Y1[28]|M7_Y1[28]],256,482,964,ldr Q<w28_s0> [row_base #16*28],448,V<w28_s0>.h[2],28,7,242,60,242,626,x0=B0[242]*twist[60]_from_a242|a626,114,28,114,498,x1=B0[114]*twist[28]_from_a114|a498,370,92,370,754,x2=B0[370]*twist[92]_from_a370|a754,V<w28_s0>.h[2]=Y1[28]_goes_to_work[28]_lane2,phase3_memory_is_row_major_k3_then_k32_with_8_packed_GT_matrices;ntt32_loads_one_Q_per_k32
all_matrices_all_rows,M2=B0_q2,2,0,2,1,29,Y1,Y1=x0-x2+omega3*(x1-x2),Q<w29_s0>,2,Q<w29_s0>=[M0_Y1[29]|M1_Y1[29]|M2_Y1[29]|M3_Y1[29]|M4_Y1[29]|M5_Y1[29]|M6_Y1[29]|M7_Y1[29]],256,490,980,ldr Q<w29_s0> [row_base #16*29],464,V<w29_s0>.h[2],29,23,374,93,374,758,x0=B0[374]*twist[93]_from_a374|a758,246,61,246,630,x1=B0[246]*twist[61]_from_a246|a630,118,29,118,502,x2=B0[118]*twist[29]_from_a118|a502,V<w29_s0>.h[2]=Y1[29]_goes_to_work[29]_lane2,phase3_memory_is_row_major_k3_then_k32_with_8_packed_GT_matrices;ntt32_loads_one_Q_per_k32
all_matrices_all_rows,M2=B0_q2,2,0,2,1,30,Y1,Y1=x0-x2+omega3*(x1-x2),Q<w30_s0>,2,Q<w30_s0>=[M0_Y1[30]|M1_Y1[30]|M2_Y1[30]|M3_Y1[30]|M4_Y1[30]|M5_Y1[30]|M6_Y1[30]|M7_Y1[30]],256,498,996,ldr Q<w30_s0> [row_base #16*30],480,V<w30_s0>.h[2],30,15,122,30,122,506,x0=B0[122]*twist[30]_from_a122|a506,378,94,378,762,x1=B0[378]*twist[94]_from_a378|a762,250,62,250,634,x2=B0[250]*twist[62]_from_a250|a634,V<w30_s0>.h[2]=Y1[30]_goes_to_work[30]_lane2,phase3_memory_is_row_major_k3_then_k32_with_8_packed_GT_matrices;ntt32_loads_one_Q_per_k32
all_matrices_all_rows,M2=B0_q2,2,0,2,1,31,Y1,Y1=x0-x2+omega3*(x1-x2),Q<w31_s0>,2,Q<w31_s0>=[M0_Y1[31]|M1_Y1[31]|M2_Y1[31]|M3_Y1[31]|M4_Y1[31]|M5_Y1[31]|M6_Y1[31]|M7_Y1[31]],256,506,1012,ldr Q<w31_s0> [row_base #16*31],496,V<w31_s0>.h[2],31,31,254,63,254,638,x0=B0[254]*twist[63]_from_a254|a638,126,31,126,510,x1=B0[126]*twist[31]_from_a126|a510,382,95,382,766,x2=B0[382]*twist[95]_from_a382|a766,V<w31_s0>.h[2]=Y1[31]_goes_to_work[31]_lane2,phase3_memory_is_row_major_k3_then_k32_with_8_packed_GT_matrices;ntt32_loads_one_Q_per_k32
all_matrices_all_rows,M2=B0_q2,2,0,2,2,0,Y2,Y2=x0-x1-omega3*(x1-x2),Q<w00_s0>,2,Q<w00_s0>=[M0_Y2[0]|M1_Y2[0]|M2_Y2[0]|M3_Y2[0]|M4_Y2[0]|M5_Y2[0]|M6_Y2[0]|M7_Y2[0]],512,514,1028,ldr Q<w00_s0> [row_base #16*0],0,V<w00_s0>.h[2],0,0,2,0,2,386,x0=B0[2]*twist[0]_from_a2|a386,258,64,258,642,x1=B0[258]*twist[64]_from_a258|a642,130,32,130,514,x2=B0[130]*twist[32]_from_a130|a514,V<w00_s0>.h[2]=Y2[0]_goes_to_work[0]_lane2,phase3_memory_is_row_major_k3_then_k32_with_8_packed_GT_matrices;ntt32_loads_one_Q_per_k32
all_matrices_all_rows,M2=B0_q2,2,0,2,2,1,Y2,Y2=x0-x1-omega3*(x1-x2),Q<w01_s0>,2,Q<w01_s0>=[M0_Y2[1]|M1_Y2[1]|M2_Y2[1]|M3_Y2[1]|M4_Y2[1]|M5_Y2[1]|M6_Y2[1]|M7_Y2[1]],512,522,1044,ldr Q<w01_s0> [row_base #16*1],16,V<w01_s0>.h[2],1,16,134,33,134,518,x0=B0[134]*twist[33]_from_a134|a518,6,1,6,390,x1=B0[6]*twist[1]_from_a6|a390,262,65,262,646,x2=B0[262]*twist[65]_from_a262|a646,V<w01_s0>.h[2]=Y2[1]_goes_to_work[1]_lane2,phase3_memory_is_row_major_k3_then_k32_with_8_packed_GT_matrices;ntt32_loads_one_Q_per_k32
all_matrices_all_rows,M2=B0_q2,2,0,2,2,2,Y2,Y2=x0-x1-omega3*(x1-x2),Q<w02_s0>,2,Q<w02_s0>=[M0_Y2[2]|M1_Y2[2]|M2_Y2[2]|M3_Y2[2]|M4_Y2[2]|M5_Y2[2]|M6_Y2[2]|M7_Y2[2]],512,530,1060,ldr Q<w02_s0> [row_base #16*2],32,V<w02_s0>.h[2],2,8,266,66,266,650,x0=B0[266]*twist[66]_from_a266|a650,138,34,138,522,x1=B0[138]*twist[34]_from_a138|a522,10,2,10,394,x2=B0[10]*twist[2]_from_a10|a394,V<w02_s0>.h[2]=Y2[2]_goes_to_work[2]_lane2,phase3_memory_is_row_major_k3_then_k32_with_8_packed_GT_matrices;ntt32_loads_one_Q_per_k32
all_matrices_all_rows,M2=B0_q2,2,0,2,2,3,Y2,Y2=x0-x1-omega3*(x1-x2),Q<w03_s0>,2,Q<w03_s0>=[M0_Y2[3]|M1_Y2[3]|M2_Y2[3]|M3_Y2[3]|M4_Y2[3]|M5_Y2[3]|M6_Y2[3]|M7_Y2[3]],512,538,1076,ldr Q<w03_s0> [row_base #16*3],48,V<w03_s0>.h[2],3,24,14,3,14,398,x0=B0[14]*twist[3]_from_a14|a398,270,67,270,654,x1=B0[270]*twist[67]_from_a270|a654,142,35,142,526,x2=B0[142]*twist[35]_from_a142|a526,V<w03_s0>.h[2]=Y2[3]_goes_to_work[3]_lane2,phase3_memory_is_row_major_k3_then_k32_with_8_packed_GT_matrices;ntt32_loads_one_Q_per_k32
all_matrices_all_rows,M2=B0_q2,2,0,2,2,4,Y2,Y2=x0-x1-omega3*(x1-x2),Q<w04_s0>,2,Q<w04_s0>=[M0_Y2[4]|M1_Y2[4]|M2_Y2[4]|M3_Y2[4]|M4_Y2[4]|M5_Y2[4]|M6_Y2[4]|M7_Y2[4]],512,546,1092,ldr Q<w04_s0> [row_base #16*4],64,V<w04_s0>.h[2],4,4,146,36,146,530,x0=B0[146]*twist[36]_from_a146|a530,18,4,18,402,x1=B0[18]*twist[4]_from_a18|a402,274,68,274,658,x2=B0[274]*twist[68]_from_a274|a658,V<w04_s0>.h[2]=Y2[4]_goes_to_work[4]_lane2,phase3_memory_is_row_major_k3_then_k32_with_8_packed_GT_matrices;ntt32_loads_one_Q_per_k32
all_matrices_all_rows,M2=B0_q2,2,0,2,2,5,Y2,Y2=x0-x1-omega3*(x1-x2),Q<w05_s0>,2,Q<w05_s0>=[M0_Y2[5]|M1_Y2[5]|M2_Y2[5]|M3_Y2[5]|M4_Y2[5]|M5_Y2[5]|M6_Y2[5]|M7_Y2[5]],512,554,1108,ldr Q<w05_s0> [row_base #16*5],80,V<w05_s0>.h[2],5,20,278,69,278,662,x0=B0[278]*twist[69]_from_a278|a662,150,37,150,534,x1=B0[150]*twist[37]_from_a150|a534,22,5,22,406,x2=B0[22]*twist[5]_from_a22|a406,V<w05_s0>.h[2]=Y2[5]_goes_to_work[5]_lane2,phase3_memory_is_row_major_k3_then_k32_with_8_packed_GT_matrices;ntt32_loads_one_Q_per_k32
all_matrices_all_rows,M2=B0_q2,2,0,2,2,6,Y2,Y2=x0-x1-omega3*(x1-x2),Q<w06_s0>,2,Q<w06_s0>=[M0_Y2[6]|M1_Y2[6]|M2_Y2[6]|M3_Y2[6]|M4_Y2[6]|M5_Y2[6]|M6_Y2[6]|M7_Y2[6]],512,562,1124,ldr Q<w06_s0> [row_base #16*6],96,V<w06_s0>.h[2],6,12,26,6,26,410,x0=B0[26]*twist[6]_from_a26|a410,282,70,282,666,x1=B0[282]*twist[70]_from_a282|a666,154,38,154,538,x2=B0[154]*twist[38]_from_a154|a538,V<w06_s0>.h[2]=Y2[6]_goes_to_work[6]_lane2,phase3_memory_is_row_major_k3_then_k32_with_8_packed_GT_matrices;ntt32_loads_one_Q_per_k32
all_matrices_all_rows,M2=B0_q2,2,0,2,2,7,Y2,Y2=x0-x1-omega3*(x1-x2),Q<w07_s0>,2,Q<w07_s0>=[M0_Y2[7]|M1_Y2[7]|M2_Y2[7]|M3_Y2[7]|M4_Y2[7]|M5_Y2[7]|M6_Y2[7]|M7_Y2[7]],512,570,1140,ldr Q<w07_s0> [row_base #16*7],112,V<w07_s0>.h[2],7,28,158,39,158,542,x0=B0[158]*twist[39]_from_a158|a542,30,7,30,414,x1=B0[30]*twist[7]_from_a30|a414,286,71,286,670,x2=B0[286]*twist[71]_from_a286|a670,V<w07_s0>.h[2]=Y2[7]_goes_to_work[7]_lane2,phase3_memory_is_row_major_k3_then_k32_with_8_packed_GT_matrices;ntt32_loads_one_Q_per_k32
all_matrices_all_rows,M2=B0_q2,2,0,2,2,8,Y2,Y2=x0-x1-omega3*(x1-x2),Q<w08_s0>,2,Q<w08_s0>=[M0_Y2[8]|M1_Y2[8]|M2_Y2[8]|M3_Y2[8]|M4_Y2[8]|M5_Y2[8]|M6_Y2[8]|M7_Y2[8]],512,578,1156,ldr Q<w08_s0> [row_base #16*8],128,V<w08_s0>.h[2],8,2,290,72,290,674,x0=B0[290]*twist[72]_from_a290|a674,162,40,162,546,x1=B0[162]*twist[40]_from_a162|a546,34,8,34,418,x2=B0[34]*twist[8]_from_a34|a418,V<w08_s0>.h[2]=Y2[8]_goes_to_work[8]_lane2,phase3_memory_is_row_major_k3_then_k32_with_8_packed_GT_matrices;ntt32_loads_one_Q_per_k32
all_matrices_all_rows,M2=B0_q2,2,0,2,2,9,Y2,Y2=x0-x1-omega3*(x1-x2),Q<w09_s0>,2,Q<w09_s0>=[M0_Y2[9]|M1_Y2[9]|M2_Y2[9]|M3_Y2[9]|M4_Y2[9]|M5_Y2[9]|M6_Y2[9]|M7_Y2[9]],512,586,1172,ldr Q<w09_s0> [row_base #16*9],144,V<w09_s0>.h[2],9,18,38,9,38,422,x0=B0[38]*twist[9]_from_a38|a422,294,73,294,678,x1=B0[294]*twist[73]_from_a294|a678,166,41,166,550,x2=B0[166]*twist[41]_from_a166|a550,V<w09_s0>.h[2]=Y2[9]_goes_to_work[9]_lane2,phase3_memory_is_row_major_k3_then_k32_with_8_packed_GT_matrices;ntt32_loads_one_Q_per_k32
all_matrices_all_rows,M2=B0_q2,2,0,2,2,10,Y2,Y2=x0-x1-omega3*(x1-x2),Q<w10_s0>,2,Q<w10_s0>=[M0_Y2[10]|M1_Y2[10]|M2_Y2[10]|M3_Y2[10]|M4_Y2[10]|M5_Y2[10]|M6_Y2[10]|M7_Y2[10]],512,594,1188,ldr Q<w10_s0> [row_base #16*10],160,V<w10_s0>.h[2],10,10,170,42,170,554,x0=B0[170]*twist[42]_from_a170|a554,42,10,42,426,x1=B0[42]*twist[10]_from_a42|a426,298,74,298,682,x2=B0[298]*twist[74]_from_a298|a682,V<w10_s0>.h[2]=Y2[10]_goes_to_work[10]_lane2,phase3_memory_is_row_major_k3_then_k32_with_8_packed_GT_matrices;ntt32_loads_one_Q_per_k32
all_matrices_all_rows,M2=B0_q2,2,0,2,2,11,Y2,Y2=x0-x1-omega3*(x1-x2),Q<w11_s0>,2,Q<w11_s0>=[M0_Y2[11]|M1_Y2[11]|M2_Y2[11]|M3_Y2[11]|M4_Y2[11]|M5_Y2[11]|M6_Y2[11]|M7_Y2[11]],512,602,1204,ldr Q<w11_s0> [row_base #16*11],176,V<w11_s0>.h[2],11,26,302,75,302,686,x0=B0[302]*twist[75]_from_a302|a686,174,43,174,558,x1=B0[174]*twist[43]_from_a174|a558,46,11,46,430,x2=B0[46]*twist[11]_from_a46|a430,V<w11_s0>.h[2]=Y2[11]_goes_to_work[11]_lane2,phase3_memory_is_row_major_k3_then_k32_with_8_packed_GT_matrices;ntt32_loads_one_Q_per_k32
all_matrices_all_rows,M2=B0_q2,2,0,2,2,12,Y2,Y2=x0-x1-omega3*(x1-x2),Q<w12_s0>,2,Q<w12_s0>=[M0_Y2[12]|M1_Y2[12]|M2_Y2[12]|M3_Y2[12]|M4_Y2[12]|M5_Y2[12]|M6_Y2[12]|M7_Y2[12]],512,610,1220,ldr Q<w12_s0> [row_base #16*12],192,V<w12_s0>.h[2],12,6,50,12,50,434,x0=B0[50]*twist[12]_from_a50|a434,306,76,306,690,x1=B0[306]*twist[76]_from_a306|a690,178,44,178,562,x2=B0[178]*twist[44]_from_a178|a562,V<w12_s0>.h[2]=Y2[12]_goes_to_work[12]_lane2,phase3_memory_is_row_major_k3_then_k32_with_8_packed_GT_matrices;ntt32_loads_one_Q_per_k32
all_matrices_all_rows,M2=B0_q2,2,0,2,2,13,Y2,Y2=x0-x1-omega3*(x1-x2),Q<w13_s0>,2,Q<w13_s0>=[M0_Y2[13]|M1_Y2[13]|M2_Y2[13]|M3_Y2[13]|M4_Y2[13]|M5_Y2[13]|M6_Y2[13]|M7_Y2[13]],512,618,1236,ldr Q<w13_s0> [row_base #16*13],208,V<w13_s0>.h[2],13,22,182,45,182,566,x0=B0[182]*twist[45]_from_a182|a566,54,13,54,438,x1=B0[54]*twist[13]_from_a54|a438,310,77,310,694,x2=B0[310]*twist[77]_from_a310|a694,V<w13_s0>.h[2]=Y2[13]_goes_to_work[13]_lane2,phase3_memory_is_row_major_k3_then_k32_with_8_packed_GT_matrices;ntt32_loads_one_Q_per_k32
all_matrices_all_rows,M2=B0_q2,2,0,2,2,14,Y2,Y2=x0-x1-omega3*(x1-x2),Q<w14_s0>,2,Q<w14_s0>=[M0_Y2[14]|M1_Y2[14]|M2_Y2[14]|M3_Y2[14]|M4_Y2[14]|M5_Y2[14]|M6_Y2[14]|M7_Y2[14]],512,626,1252,ldr Q<w14_s0> [row_base #16*14],224,V<w14_s0>.h[2],14,14,314,78,314,698,x0=B0[314]*twist[78]_from_a314|a698,186,46,186,570,x1=B0[186]*twist[46]_from_a186|a570,58,14,58,442,x2=B0[58]*twist[14]_from_a58|a442,V<w14_s0>.h[2]=Y2[14]_goes_to_work[14]_lane2,phase3_memory_is_row_major_k3_then_k32_with_8_packed_GT_matrices;ntt32_loads_one_Q_per_k32
all_matrices_all_rows,M2=B0_q2,2,0,2,2,15,Y2,Y2=x0-x1-omega3*(x1-x2),Q<w15_s0>,2,Q<w15_s0>=[M0_Y2[15]|M1_Y2[15]|M2_Y2[15]|M3_Y2[15]|M4_Y2[15]|M5_Y2[15]|M6_Y2[15]|M7_Y2[15]],512,634,1268,ldr Q<w15_s0> [row_base #16*15],240,V<w15_s0>.h[2],15,30,62,15,62,446,x0=B0[62]*twist[15]_from_a62|a446,318,79,318,702,x1=B0[318]*twist[79]_from_a318|a702,190,47,190,574,x2=B0[190]*twist[47]_from_a190|a574,V<w15_s0>.h[2]=Y2[15]_goes_to_work[15]_lane2,phase3_memory_is_row_major_k3_then_k32_with_8_packed_GT_matrices;ntt32_loads_one_Q_per_k32
all_matrices_all_rows,M2=B0_q2,2,0,2,2,16,Y2,Y2=x0-x1-omega3*(x1-x2),Q<w16_s0>,2,Q<w16_s0>=[M0_Y2[16]|M1_Y2[16]|M2_Y2[16]|M3_Y2[16]|M4_Y2[16]|M5_Y2[16]|M6_Y2[16]|M7_Y2[16]],512,642,1284,ldr Q<w16_s0> [row_base #16*16],256,V<w16_s0>.h[2],16,1,194,48,194,578,x0=B0[194]*twist[48]_from_a194|a578,66,16,66,450,x1=B0[66]*twist[16]_from_a66|a450,322,80,322,706,x2=B0[322]*twist[80]_from_a322|a706,V<w16_s0>.h[2]=Y2[16]_goes_to_work[16]_lane2,phase3_memory_is_row_major_k3_then_k32_with_8_packed_GT_matrices;ntt32_loads_one_Q_per_k32
all_matrices_all_rows,M2=B0_q2,2,0,2,2,17,Y2,Y2=x0-x1-omega3*(x1-x2),Q<w17_s0>,2,Q<w17_s0>=[M0_Y2[17]|M1_Y2[17]|M2_Y2[17]|M3_Y2[17]|M4_Y2[17]|M5_Y2[17]|M6_Y2[17]|M7_Y2[17]],512,650,1300,ldr Q<w17_s0> [row_base #16*17],272,V<w17_s0>.h[2],17,17,326,81,326,710,x0=B0[326]*twist[81]_from_a326|a710,198,49,198,582,x1=B0[198]*twist[49]_from_a198|a582,70,17,70,454,x2=B0[70]*twist[17]_from_a70|a454,V<w17_s0>.h[2]=Y2[17]_goes_to_work[17]_lane2,phase3_memory_is_row_major_k3_then_k32_with_8_packed_GT_matrices;ntt32_loads_one_Q_per_k32
all_matrices_all_rows,M2=B0_q2,2,0,2,2,18,Y2,Y2=x0-x1-omega3*(x1-x2),Q<w18_s0>,2,Q<w18_s0>=[M0_Y2[18]|M1_Y2[18]|M2_Y2[18]|M3_Y2[18]|M4_Y2[18]|M5_Y2[18]|M6_Y2[18]|M7_Y2[18]],512,658,1316,ldr Q<w18_s0> [row_base #16*18],288,V<w18_s0>.h[2],18,9,74,18,74,458,x0=B0[74]*twist[18]_from_a74|a458,330,82,330,714,x1=B0[330]*twist[82]_from_a330|a714,202,50,202,586,x2=B0[202]*twist[50]_from_a202|a586,V<w18_s0>.h[2]=Y2[18]_goes_to_work[18]_lane2,phase3_memory_is_row_major_k3_then_k32_with_8_packed_GT_matrices;ntt32_loads_one_Q_per_k32
all_matrices_all_rows,M2=B0_q2,2,0,2,2,19,Y2,Y2=x0-x1-omega3*(x1-x2),Q<w19_s0>,2,Q<w19_s0>=[M0_Y2[19]|M1_Y2[19]|M2_Y2[19]|M3_Y2[19]|M4_Y2[19]|M5_Y2[19]|M6_Y2[19]|M7_Y2[19]],512,666,1332,ldr Q<w19_s0> [row_base #16*19],304,V<w19_s0>.h[2],19,25,206,51,206,590,x0=B0[206]*twist[51]_from_a206|a590,78,19,78,462,x1=B0[78]*twist[19]_from_a78|a462,334,83,334,718,x2=B0[334]*twist[83]_from_a334|a718,V<w19_s0>.h[2]=Y2[19]_goes_to_work[19]_lane2,phase3_memory_is_row_major_k3_then_k32_with_8_packed_GT_matrices;ntt32_loads_one_Q_per_k32
all_matrices_all_rows,M2=B0_q2,2,0,2,2,20,Y2,Y2=x0-x1-omega3*(x1-x2),Q<w20_s0>,2,Q<w20_s0>=[M0_Y2[20]|M1_Y2[20]|M2_Y2[20]|M3_Y2[20]|M4_Y2[20]|M5_Y2[20]|M6_Y2[20]|M7_Y2[20]],512,674,1348,ldr Q<w20_s0> [row_base #16*20],320,V<w20_s0>.h[2],20,5,338,84,338,722,x0=B0[338]*twist[84]_from_a338|a722,210,52,210,594,x1=B0[210]*twist[52]_from_a210|a594,82,20,82,466,x2=B0[82]*twist[20]_from_a82|a466,V<w20_s0>.h[2]=Y2[20]_goes_to_work[20]_lane2,phase3_memory_is_row_major_k3_then_k32_with_8_packed_GT_matrices;ntt32_loads_one_Q_per_k32
all_matrices_all_rows,M2=B0_q2,2,0,2,2,21,Y2,Y2=x0-x1-omega3*(x1-x2),Q<w21_s0>,2,Q<w21_s0>=[M0_Y2[21]|M1_Y2[21]|M2_Y2[21]|M3_Y2[21]|M4_Y2[21]|M5_Y2[21]|M6_Y2[21]|M7_Y2[21]],512,682,1364,ldr Q<w21_s0> [row_base #16*21],336,V<w21_s0>.h[2],21,21,86,21,86,470,x0=B0[86]*twist[21]_from_a86|a470,342,85,342,726,x1=B0[342]*twist[85]_from_a342|a726,214,53,214,598,x2=B0[214]*twist[53]_from_a214|a598,V<w21_s0>.h[2]=Y2[21]_goes_to_work[21]_lane2,phase3_memory_is_row_major_k3_then_k32_with_8_packed_GT_matrices;ntt32_loads_one_Q_per_k32
all_matrices_all_rows,M2=B0_q2,2,0,2,2,22,Y2,Y2=x0-x1-omega3*(x1-x2),Q<w22_s0>,2,Q<w22_s0>=[M0_Y2[22]|M1_Y2[22]|M2_Y2[22]|M3_Y2[22]|M4_Y2[22]|M5_Y2[22]|M6_Y2[22]|M7_Y2[22]],512,690,1380,ldr Q<w22_s0> [row_base #16*22],352,V<w22_s0>.h[2],22,13,218,54,218,602,x0=B0[218]*twist[54]_from_a218|a602,90,22,90,474,x1=B0[90]*twist[22]_from_a90|a474,346,86,346,730,x2=B0[346]*twist[86]_from_a346|a730,V<w22_s0>.h[2]=Y2[22]_goes_to_work[22]_lane2,phase3_memory_is_row_major_k3_then_k32_with_8_packed_GT_matrices;ntt32_loads_one_Q_per_k32
all_matrices_all_rows,M2=B0_q2,2,0,2,2,23,Y2,Y2=x0-x1-omega3*(x1-x2),Q<w23_s0>,2,Q<w23_s0>=[M0_Y2[23]|M1_Y2[23]|M2_Y2[23]|M3_Y2[23]|M4_Y2[23]|M5_Y2[23]|M6_Y2[23]|M7_Y2[23]],512,698,1396,ldr Q<w23_s0> [row_base #16*23],368,V<w23_s0>.h[2],23,29,350,87,350,734,x0=B0[350]*twist[87]_from_a350|a734,222,55,222,606,x1=B0[222]*twist[55]_from_a222|a606,94,23,94,478,x2=B0[94]*twist[23]_from_a94|a478,V<w23_s0>.h[2]=Y2[23]_goes_to_work[23]_lane2,phase3_memory_is_row_major_k3_then_k32_with_8_packed_GT_matrices;ntt32_loads_one_Q_per_k32
all_matrices_all_rows,M2=B0_q2,2,0,2,2,24,Y2,Y2=x0-x1-omega3*(x1-x2),Q<w24_s0>,2,Q<w24_s0>=[M0_Y2[24]|M1_Y2[24]|M2_Y2[24]|M3_Y2[24]|M4_Y2[24]|M5_Y2[24]|M6_Y2[24]|M7_Y2[24]],512,706,1412,ldr Q<w24_s0> [row_base #16*24],384,V<w24_s0>.h[2],24,3,98,24,98,482,x0=B0[98]*twist[24]_from_a98|a482,354,88,354,738,x1=B0[354]*twist[88]_from_a354|a738,226,56,226,610,x2=B0[226]*twist[56]_from_a226|a610,V<w24_s0>.h[2]=Y2[24]_goes_to_work[24]_lane2,phase3_memory_is_row_major_k3_then_k32_with_8_packed_GT_matrices;ntt32_loads_one_Q_per_k32
all_matrices_all_rows,M2=B0_q2,2,0,2,2,25,Y2,Y2=x0-x1-omega3*(x1-x2),Q<w25_s0>,2,Q<w25_s0>=[M0_Y2[25]|M1_Y2[25]|M2_Y2[25]|M3_Y2[25]|M4_Y2[25]|M5_Y2[25]|M6_Y2[25]|M7_Y2[25]],512,714,1428,ldr Q<w25_s0> [row_base #16*25],400,V<w25_s0>.h[2],25,19,230,57,230,614,x0=B0[230]*twist[57]_from_a230|a614,102,25,102,486,x1=B0[102]*twist[25]_from_a102|a486,358,89,358,742,x2=B0[358]*twist[89]_from_a358|a742,V<w25_s0>.h[2]=Y2[25]_goes_to_work[25]_lane2,phase3_memory_is_row_major_k3_then_k32_with_8_packed_GT_matrices;ntt32_loads_one_Q_per_k32
all_matrices_all_rows,M2=B0_q2,2,0,2,2,26,Y2,Y2=x0-x1-omega3*(x1-x2),Q<w26_s0>,2,Q<w26_s0>=[M0_Y2[26]|M1_Y2[26]|M2_Y2[26]|M3_Y2[26]|M4_Y2[26]|M5_Y2[26]|M6_Y2[26]|M7_Y2[26]],512,722,1444,ldr Q<w26_s0> [row_base #16*26],416,V<w26_s0>.h[2],26,11,362,90,362,746,x0=B0[362]*twist[90]_from_a362|a746,234,58,234,618,x1=B0[234]*twist[58]_from_a234|a618,106,26,106,490,x2=B0[106]*twist[26]_from_a106|a490,V<w26_s0>.h[2]=Y2[26]_goes_to_work[26]_lane2,phase3_memory_is_row_major_k3_then_k32_with_8_packed_GT_matrices;ntt32_loads_one_Q_per_k32
all_matrices_all_rows,M2=B0_q2,2,0,2,2,27,Y2,Y2=x0-x1-omega3*(x1-x2),Q<w27_s0>,2,Q<w27_s0>=[M0_Y2[27]|M1_Y2[27]|M2_Y2[27]|M3_Y2[27]|M4_Y2[27]|M5_Y2[27]|M6_Y2[27]|M7_Y2[27]],512,730,1460,ldr Q<w27_s0> [row_base #16*27],432,V<w27_s0>.h[2],27,27,110,27,110,494,x0=B0[110]*twist[27]_from_a110|a494,366,91,366,750,x1=B0[366]*twist[91]_from_a366|a750,238,59,238,622,x2=B0[238]*twist[59]_from_a238|a622,V<w27_s0>.h[2]=Y2[27]_goes_to_work[27]_lane2,phase3_memory_is_row_major_k3_then_k32_with_8_packed_GT_matrices;ntt32_loads_one_Q_per_k32
all_matrices_all_rows,M2=B0_q2,2,0,2,2,28,Y2,Y2=x0-x1-omega3*(x1-x2),Q<w28_s0>,2,Q<w28_s0>=[M0_Y2[28]|M1_Y2[28]|M2_Y2[28]|M3_Y2[28]|M4_Y2[28]|M5_Y2[28]|M6_Y2[28]|M7_Y2[28]],512,738,1476,ldr Q<w28_s0> [row_base #16*28],448,V<w28_s0>.h[2],28,7,242,60,242,626,x0=B0[242]*twist[60]_from_a242|a626,114,28,114,498,x1=B0[114]*twist[28]_from_a114|a498,370,92,370,754,x2=B0[370]*twist[92]_from_a370|a754,V<w28_s0>.h[2]=Y2[28]_goes_to_work[28]_lane2,phase3_memory_is_row_major_k3_then_k32_with_8_packed_GT_matrices;ntt32_loads_one_Q_per_k32
all_matrices_all_rows,M2=B0_q2,2,0,2,2,29,Y2,Y2=x0-x1-omega3*(x1-x2),Q<w29_s0>,2,Q<w29_s0>=[M0_Y2[29]|M1_Y2[29]|M2_Y2[29]|M3_Y2[29]|M4_Y2[29]|M5_Y2[29]|M6_Y2[29]|M7_Y2[29]],512,746,1492,ldr Q<w29_s0> [row_base #16*29],464,V<w29_s0>.h[2],29,23,374,93,374,758,x0=B0[374]*twist[93]_from_a374|a758,246,61,246,630,x1=B0[246]*twist[61]_from_a246|a630,118,29,118,502,x2=B0[118]*twist[29]_from_a118|a502,V<w29_s0>.h[2]=Y2[29]_goes_to_work[29]_lane2,phase3_memory_is_row_major_k3_then_k32_with_8_packed_GT_matrices;ntt32_loads_one_Q_per_k32
all_matrices_all_rows,M2=B0_q2,2,0,2,2,30,Y2,Y2=x0-x1-omega3*(x1-x2),Q<w30_s0>,2,Q<w30_s0>=[M0_Y2[30]|M1_Y2[30]|M2_Y2[30]|M3_Y2[30]|M4_Y2[30]|M5_Y2[30]|M6_Y2[30]|M7_Y2[30]],512,754,1508,ldr Q<w30_s0> [row_base #16*30],480,V<w30_s0>.h[2],30,15,122,30,122,506,x0=B0[122]*twist[30]_from_a122|a506,378,94,378,762,x1=B0[378]*twist[94]_from_a378|a762,250,62,250,634,x2=B0[250]*twist[62]_from_a250|a634,V<w30_s0>.h[2]=Y2[30]_goes_to_work[30]_lane2,phase3_memory_is_row_major_k3_then_k32_with_8_packed_GT_matrices;ntt32_loads_one_Q_per_k32
all_matrices_all_rows,M2=B0_q2,2,0,2,2,31,Y2,Y2=x0-x1-omega3*(x1-x2),Q<w31_s0>,2,Q<w31_s0>=[M0_Y2[31]|M1_Y2[31]|M2_Y2[31]|M3_Y2[31]|M4_Y2[31]|M5_Y2[31]|M6_Y2[31]|M7_Y2[31]],512,762,1524,ldr Q<w31_s0> [row_base #16*31],496,V<w31_s0>.h[2],31,31,254,63,254,638,x0=B0[254]*twist[63]_from_a254|a638,126,31,126,510,x1=B0[126]*twist[31]_from_a126|a510,382,95,382,766,x2=B0[382]*twist[95]_from_a382|a766,V<w31_s0>.h[2]=Y2[31]_goes_to_work[31]_lane2,phase3_memory_is_row_major_k3_then_k32_with_8_packed_GT_matrices;ntt32_loads_one_Q_per_k32
all_matrices_all_rows,M3=B0_q3,3,0,3,0,0,Y0,Y0=x0+x1+x2,Q<w00_s0>,3,Q<w00_s0>=[M0_Y0[0]|M1_Y0[0]|M2_Y0[0]|M3_Y0[0]|M4_Y0[0]|M5_Y0[0]|M6_Y0[0]|M7_Y0[0]],0,3,6,ldr Q<w00_s0> [row_base #16*0],0,V<w00_s0>.h[3],0,0,3,0,3,387,x0=B0[3]*twist[0]_from_a3|a387,259,64,259,643,x1=B0[259]*twist[64]_from_a259|a643,131,32,131,515,x2=B0[131]*twist[32]_from_a131|a515,V<w00_s0>.h[3]=Y0[0]_goes_to_work[0]_lane3,phase3_memory_is_row_major_k3_then_k32_with_8_packed_GT_matrices;ntt32_loads_one_Q_per_k32
all_matrices_all_rows,M3=B0_q3,3,0,3,0,1,Y0,Y0=x0+x1+x2,Q<w01_s0>,3,Q<w01_s0>=[M0_Y0[1]|M1_Y0[1]|M2_Y0[1]|M3_Y0[1]|M4_Y0[1]|M5_Y0[1]|M6_Y0[1]|M7_Y0[1]],0,11,22,ldr Q<w01_s0> [row_base #16*1],16,V<w01_s0>.h[3],1,16,135,33,135,519,x0=B0[135]*twist[33]_from_a135|a519,7,1,7,391,x1=B0[7]*twist[1]_from_a7|a391,263,65,263,647,x2=B0[263]*twist[65]_from_a263|a647,V<w01_s0>.h[3]=Y0[1]_goes_to_work[1]_lane3,phase3_memory_is_row_major_k3_then_k32_with_8_packed_GT_matrices;ntt32_loads_one_Q_per_k32
all_matrices_all_rows,M3=B0_q3,3,0,3,0,2,Y0,Y0=x0+x1+x2,Q<w02_s0>,3,Q<w02_s0>=[M0_Y0[2]|M1_Y0[2]|M2_Y0[2]|M3_Y0[2]|M4_Y0[2]|M5_Y0[2]|M6_Y0[2]|M7_Y0[2]],0,19,38,ldr Q<w02_s0> [row_base #16*2],32,V<w02_s0>.h[3],2,8,267,66,267,651,x0=B0[267]*twist[66]_from_a267|a651,139,34,139,523,x1=B0[139]*twist[34]_from_a139|a523,11,2,11,395,x2=B0[11]*twist[2]_from_a11|a395,V<w02_s0>.h[3]=Y0[2]_goes_to_work[2]_lane3,phase3_memory_is_row_major_k3_then_k32_with_8_packed_GT_matrices;ntt32_loads_one_Q_per_k32
all_matrices_all_rows,M3=B0_q3,3,0,3,0,3,Y0,Y0=x0+x1+x2,Q<w03_s0>,3,Q<w03_s0>=[M0_Y0[3]|M1_Y0[3]|M2_Y0[3]|M3_Y0[3]|M4_Y0[3]|M5_Y0[3]|M6_Y0[3]|M7_Y0[3]],0,27,54,ldr Q<w03_s0> [row_base #16*3],48,V<w03_s0>.h[3],3,24,15,3,15,399,x0=B0[15]*twist[3]_from_a15|a399,271,67,271,655,x1=B0[271]*twist[67]_from_a271|a655,143,35,143,527,x2=B0[143]*twist[35]_from_a143|a527,V<w03_s0>.h[3]=Y0[3]_goes_to_work[3]_lane3,phase3_memory_is_row_major_k3_then_k32_with_8_packed_GT_matrices;ntt32_loads_one_Q_per_k32
all_matrices_all_rows,M3=B0_q3,3,0,3,0,4,Y0,Y0=x0+x1+x2,Q<w04_s0>,3,Q<w04_s0>=[M0_Y0[4]|M1_Y0[4]|M2_Y0[4]|M3_Y0[4]|M4_Y0[4]|M5_Y0[4]|M6_Y0[4]|M7_Y0[4]],0,35,70,ldr Q<w04_s0> [row_base #16*4],64,V<w04_s0>.h[3],4,4,147,36,147,531,x0=B0[147]*twist[36]_from_a147|a531,19,4,19,403,x1=B0[19]*twist[4]_from_a19|a403,275,68,275,659,x2=B0[275]*twist[68]_from_a275|a659,V<w04_s0>.h[3]=Y0[4]_goes_to_work[4]_lane3,phase3_memory_is_row_major_k3_then_k32_with_8_packed_GT_matrices;ntt32_loads_one_Q_per_k32
all_matrices_all_rows,M3=B0_q3,3,0,3,0,5,Y0,Y0=x0+x1+x2,Q<w05_s0>,3,Q<w05_s0>=[M0_Y0[5]|M1_Y0[5]|M2_Y0[5]|M3_Y0[5]|M4_Y0[5]|M5_Y0[5]|M6_Y0[5]|M7_Y0[5]],0,43,86,ldr Q<w05_s0> [row_base #16*5],80,V<w05_s0>.h[3],5,20,279,69,279,663,x0=B0[279]*twist[69]_from_a279|a663,151,37,151,535,x1=B0[151]*twist[37]_from_a151|a535,23,5,23,407,x2=B0[23]*twist[5]_from_a23|a407,V<w05_s0>.h[3]=Y0[5]_goes_to_work[5]_lane3,phase3_memory_is_row_major_k3_then_k32_with_8_packed_GT_matrices;ntt32_loads_one_Q_per_k32
all_matrices_all_rows,M3=B0_q3,3,0,3,0,6,Y0,Y0=x0+x1+x2,Q<w06_s0>,3,Q<w06_s0>=[M0_Y0[6]|M1_Y0[6]|M2_Y0[6]|M3_Y0[6]|M4_Y0[6]|M5_Y0[6]|M6_Y0[6]|M7_Y0[6]],0,51,102,ldr Q<w06_s0> [row_base #16*6],96,V<w06_s0>.h[3],6,12,27,6,27,411,x0=B0[27]*twist[6]_from_a27|a411,283,70,283,667,x1=B0[283]*twist[70]_from_a283|a667,155,38,155,539,x2=B0[155]*twist[38]_from_a155|a539,V<w06_s0>.h[3]=Y0[6]_goes_to_work[6]_lane3,phase3_memory_is_row_major_k3_then_k32_with_8_packed_GT_matrices;ntt32_loads_one_Q_per_k32
all_matrices_all_rows,M3=B0_q3,3,0,3,0,7,Y0,Y0=x0+x1+x2,Q<w07_s0>,3,Q<w07_s0>=[M0_Y0[7]|M1_Y0[7]|M2_Y0[7]|M3_Y0[7]|M4_Y0[7]|M5_Y0[7]|M6_Y0[7]|M7_Y0[7]],0,59,118,ldr Q<w07_s0> [row_base #16*7],112,V<w07_s0>.h[3],7,28,159,39,159,543,x0=B0[159]*twist[39]_from_a159|a543,31,7,31,415,x1=B0[31]*twist[7]_from_a31|a415,287,71,287,671,x2=B0[287]*twist[71]_from_a287|a671,V<w07_s0>.h[3]=Y0[7]_goes_to_work[7]_lane3,phase3_memory_is_row_major_k3_then_k32_with_8_packed_GT_matrices;ntt32_loads_one_Q_per_k32
all_matrices_all_rows,M3=B0_q3,3,0,3,0,8,Y0,Y0=x0+x1+x2,Q<w08_s0>,3,Q<w08_s0>=[M0_Y0[8]|M1_Y0[8]|M2_Y0[8]|M3_Y0[8]|M4_Y0[8]|M5_Y0[8]|M6_Y0[8]|M7_Y0[8]],0,67,134,ldr Q<w08_s0> [row_base #16*8],128,V<w08_s0>.h[3],8,2,291,72,291,675,x0=B0[291]*twist[72]_from_a291|a675,163,40,163,547,x1=B0[163]*twist[40]_from_a163|a547,35,8,35,419,x2=B0[35]*twist[8]_from_a35|a419,V<w08_s0>.h[3]=Y0[8]_goes_to_work[8]_lane3,phase3_memory_is_row_major_k3_then_k32_with_8_packed_GT_matrices;ntt32_loads_one_Q_per_k32
all_matrices_all_rows,M3=B0_q3,3,0,3,0,9,Y0,Y0=x0+x1+x2,Q<w09_s0>,3,Q<w09_s0>=[M0_Y0[9]|M1_Y0[9]|M2_Y0[9]|M3_Y0[9]|M4_Y0[9]|M5_Y0[9]|M6_Y0[9]|M7_Y0[9]],0,75,150,ldr Q<w09_s0> [row_base #16*9],144,V<w09_s0>.h[3],9,18,39,9,39,423,x0=B0[39]*twist[9]_from_a39|a423,295,73,295,679,x1=B0[295]*twist[73]_from_a295|a679,167,41,167,551,x2=B0[167]*twist[41]_from_a167|a551,V<w09_s0>.h[3]=Y0[9]_goes_to_work[9]_lane3,phase3_memory_is_row_major_k3_then_k32_with_8_packed_GT_matrices;ntt32_loads_one_Q_per_k32
all_matrices_all_rows,M3=B0_q3,3,0,3,0,10,Y0,Y0=x0+x1+x2,Q<w10_s0>,3,Q<w10_s0>=[M0_Y0[10]|M1_Y0[10]|M2_Y0[10]|M3_Y0[10]|M4_Y0[10]|M5_Y0[10]|M6_Y0[10]|M7_Y0[10]],0,83,166,ldr Q<w10_s0> [row_base #16*10],160,V<w10_s0>.h[3],10,10,171,42,171,555,x0=B0[171]*twist[42]_from_a171|a555,43,10,43,427,x1=B0[43]*twist[10]_from_a43|a427,299,74,299,683,x2=B0[299]*twist[74]_from_a299|a683,V<w10_s0>.h[3]=Y0[10]_goes_to_work[10]_lane3,phase3_memory_is_row_major_k3_then_k32_with_8_packed_GT_matrices;ntt32_loads_one_Q_per_k32
all_matrices_all_rows,M3=B0_q3,3,0,3,0,11,Y0,Y0=x0+x1+x2,Q<w11_s0>,3,Q<w11_s0>=[M0_Y0[11]|M1_Y0[11]|M2_Y0[11]|M3_Y0[11]|M4_Y0[11]|M5_Y0[11]|M6_Y0[11]|M7_Y0[11]],0,91,182,ldr Q<w11_s0> [row_base #16*11],176,V<w11_s0>.h[3],11,26,303,75,303,687,x0=B0[303]*twist[75]_from_a303|a687,175,43,175,559,x1=B0[175]*twist[43]_from_a175|a559,47,11,47,431,x2=B0[47]*twist[11]_from_a47|a431,V<w11_s0>.h[3]=Y0[11]_goes_to_work[11]_lane3,phase3_memory_is_row_major_k3_then_k32_with_8_packed_GT_matrices;ntt32_loads_one_Q_per_k32
all_matrices_all_rows,M3=B0_q3,3,0,3,0,12,Y0,Y0=x0+x1+x2,Q<w12_s0>,3,Q<w12_s0>=[M0_Y0[12]|M1_Y0[12]|M2_Y0[12]|M3_Y0[12]|M4_Y0[12]|M5_Y0[12]|M6_Y0[12]|M7_Y0[12]],0,99,198,ldr Q<w12_s0> [row_base #16*12],192,V<w12_s0>.h[3],12,6,51,12,51,435,x0=B0[51]*twist[12]_from_a51|a435,307,76,307,691,x1=B0[307]*twist[76]_from_a307|a691,179,44,179,563,x2=B0[179]*twist[44]_from_a179|a563,V<w12_s0>.h[3]=Y0[12]_goes_to_work[12]_lane3,phase3_memory_is_row_major_k3_then_k32_with_8_packed_GT_matrices;ntt32_loads_one_Q_per_k32
all_matrices_all_rows,M3=B0_q3,3,0,3,0,13,Y0,Y0=x0+x1+x2,Q<w13_s0>,3,Q<w13_s0>=[M0_Y0[13]|M1_Y0[13]|M2_Y0[13]|M3_Y0[13]|M4_Y0[13]|M5_Y0[13]|M6_Y0[13]|M7_Y0[13]],0,107,214,ldr Q<w13_s0> [row_base #16*13],208,V<w13_s0>.h[3],13,22,183,45,183,567,x0=B0[183]*twist[45]_from_a183|a567,55,13,55,439,x1=B0[55]*twist[13]_from_a55|a439,311,77,311,695,x2=B0[311]*twist[77]_from_a311|a695,V<w13_s0>.h[3]=Y0[13]_goes_to_work[13]_lane3,phase3_memory_is_row_major_k3_then_k32_with_8_packed_GT_matrices;ntt32_loads_one_Q_per_k32
all_matrices_all_rows,M3=B0_q3,3,0,3,0,14,Y0,Y0=x0+x1+x2,Q<w14_s0>,3,Q<w14_s0>=[M0_Y0[14]|M1_Y0[14]|M2_Y0[14]|M3_Y0[14]|M4_Y0[14]|M5_Y0[14]|M6_Y0[14]|M7_Y0[14]],0,115,230,ldr Q<w14_s0> [row_base #16*14],224,V<w14_s0>.h[3],14,14,315,78,315,699,x0=B0[315]*twist[78]_from_a315|a699,187,46,187,571,x1=B0[187]*twist[46]_from_a187|a571,59,14,59,443,x2=B0[59]*twist[14]_from_a59|a443,V<w14_s0>.h[3]=Y0[14]_goes_to_work[14]_lane3,phase3_memory_is_row_major_k3_then_k32_with_8_packed_GT_matrices;ntt32_loads_one_Q_per_k32
all_matrices_all_rows,M3=B0_q3,3,0,3,0,15,Y0,Y0=x0+x1+x2,Q<w15_s0>,3,Q<w15_s0>=[M0_Y0[15]|M1_Y0[15]|M2_Y0[15]|M3_Y0[15]|M4_Y0[15]|M5_Y0[15]|M6_Y0[15]|M7_Y0[15]],0,123,246,ldr Q<w15_s0> [row_base #16*15],240,V<w15_s0>.h[3],15,30,63,15,63,447,x0=B0[63]*twist[15]_from_a63|a447,319,79,319,703,x1=B0[319]*twist[79]_from_a319|a703,191,47,191,575,x2=B0[191]*twist[47]_from_a191|a575,V<w15_s0>.h[3]=Y0[15]_goes_to_work[15]_lane3,phase3_memory_is_row_major_k3_then_k32_with_8_packed_GT_matrices;ntt32_loads_one_Q_per_k32
all_matrices_all_rows,M3=B0_q3,3,0,3,0,16,Y0,Y0=x0+x1+x2,Q<w16_s0>,3,Q<w16_s0>=[M0_Y0[16]|M1_Y0[16]|M2_Y0[16]|M3_Y0[16]|M4_Y0[16]|M5_Y0[16]|M6_Y0[16]|M7_Y0[16]],0,131,262,ldr Q<w16_s0> [row_base #16*16],256,V<w16_s0>.h[3],16,1,195,48,195,579,x0=B0[195]*twist[48]_from_a195|a579,67,16,67,451,x1=B0[67]*twist[16]_from_a67|a451,323,80,323,707,x2=B0[323]*twist[80]_from_a323|a707,V<w16_s0>.h[3]=Y0[16]_goes_to_work[16]_lane3,phase3_memory_is_row_major_k3_then_k32_with_8_packed_GT_matrices;ntt32_loads_one_Q_per_k32
all_matrices_all_rows,M3=B0_q3,3,0,3,0,17,Y0,Y0=x0+x1+x2,Q<w17_s0>,3,Q<w17_s0>=[M0_Y0[17]|M1_Y0[17]|M2_Y0[17]|M3_Y0[17]|M4_Y0[17]|M5_Y0[17]|M6_Y0[17]|M7_Y0[17]],0,139,278,ldr Q<w17_s0> [row_base #16*17],272,V<w17_s0>.h[3],17,17,327,81,327,711,x0=B0[327]*twist[81]_from_a327|a711,199,49,199,583,x1=B0[199]*twist[49]_from_a199|a583,71,17,71,455,x2=B0[71]*twist[17]_from_a71|a455,V<w17_s0>.h[3]=Y0[17]_goes_to_work[17]_lane3,phase3_memory_is_row_major_k3_then_k32_with_8_packed_GT_matrices;ntt32_loads_one_Q_per_k32
all_matrices_all_rows,M3=B0_q3,3,0,3,0,18,Y0,Y0=x0+x1+x2,Q<w18_s0>,3,Q<w18_s0>=[M0_Y0[18]|M1_Y0[18]|M2_Y0[18]|M3_Y0[18]|M4_Y0[18]|M5_Y0[18]|M6_Y0[18]|M7_Y0[18]],0,147,294,ldr Q<w18_s0> [row_base #16*18],288,V<w18_s0>.h[3],18,9,75,18,75,459,x0=B0[75]*twist[18]_from_a75|a459,331,82,331,715,x1=B0[331]*twist[82]_from_a331|a715,203,50,203,587,x2=B0[203]*twist[50]_from_a203|a587,V<w18_s0>.h[3]=Y0[18]_goes_to_work[18]_lane3,phase3_memory_is_row_major_k3_then_k32_with_8_packed_GT_matrices;ntt32_loads_one_Q_per_k32
all_matrices_all_rows,M3=B0_q3,3,0,3,0,19,Y0,Y0=x0+x1+x2,Q<w19_s0>,3,Q<w19_s0>=[M0_Y0[19]|M1_Y0[19]|M2_Y0[19]|M3_Y0[19]|M4_Y0[19]|M5_Y0[19]|M6_Y0[19]|M7_Y0[19]],0,155,310,ldr Q<w19_s0> [row_base #16*19],304,V<w19_s0>.h[3],19,25,207,51,207,591,x0=B0[207]*twist[51]_from_a207|a591,79,19,79,463,x1=B0[79]*twist[19]_from_a79|a463,335,83,335,719,x2=B0[335]*twist[83]_from_a335|a719,V<w19_s0>.h[3]=Y0[19]_goes_to_work[19]_lane3,phase3_memory_is_row_major_k3_then_k32_with_8_packed_GT_matrices;ntt32_loads_one_Q_per_k32
all_matrices_all_rows,M3=B0_q3,3,0,3,0,20,Y0,Y0=x0+x1+x2,Q<w20_s0>,3,Q<w20_s0>=[M0_Y0[20]|M1_Y0[20]|M2_Y0[20]|M3_Y0[20]|M4_Y0[20]|M5_Y0[20]|M6_Y0[20]|M7_Y0[20]],0,163,326,ldr Q<w20_s0> [row_base #16*20],320,V<w20_s0>.h[3],20,5,339,84,339,723,x0=B0[339]*twist[84]_from_a339|a723,211,52,211,595,x1=B0[211]*twist[52]_from_a211|a595,83,20,83,467,x2=B0[83]*twist[20]_from_a83|a467,V<w20_s0>.h[3]=Y0[20]_goes_to_work[20]_lane3,phase3_memory_is_row_major_k3_then_k32_with_8_packed_GT_matrices;ntt32_loads_one_Q_per_k32
all_matrices_all_rows,M3=B0_q3,3,0,3,0,21,Y0,Y0=x0+x1+x2,Q<w21_s0>,3,Q<w21_s0>=[M0_Y0[21]|M1_Y0[21]|M2_Y0[21]|M3_Y0[21]|M4_Y0[21]|M5_Y0[21]|M6_Y0[21]|M7_Y0[21]],0,171,342,ldr Q<w21_s0> [row_base #16*21],336,V<w21_s0>.h[3],21,21,87,21,87,471,x0=B0[87]*twist[21]_from_a87|a471,343,85,343,727,x1=B0[343]*twist[85]_from_a343|a727,215,53,215,599,x2=B0[215]*twist[53]_from_a215|a599,V<w21_s0>.h[3]=Y0[21]_goes_to_work[21]_lane3,phase3_memory_is_row_major_k3_then_k32_with_8_packed_GT_matrices;ntt32_loads_one_Q_per_k32
all_matrices_all_rows,M3=B0_q3,3,0,3,0,22,Y0,Y0=x0+x1+x2,Q<w22_s0>,3,Q<w22_s0>=[M0_Y0[22]|M1_Y0[22]|M2_Y0[22]|M3_Y0[22]|M4_Y0[22]|M5_Y0[22]|M6_Y0[22]|M7_Y0[22]],0,179,358,ldr Q<w22_s0> [row_base #16*22],352,V<w22_s0>.h[3],22,13,219,54,219,603,x0=B0[219]*twist[54]_from_a219|a603,91,22,91,475,x1=B0[91]*twist[22]_from_a91|a475,347,86,347,731,x2=B0[347]*twist[86]_from_a347|a731,V<w22_s0>.h[3]=Y0[22]_goes_to_work[22]_lane3,phase3_memory_is_row_major_k3_then_k32_with_8_packed_GT_matrices;ntt32_loads_one_Q_per_k32
all_matrices_all_rows,M3=B0_q3,3,0,3,0,23,Y0,Y0=x0+x1+x2,Q<w23_s0>,3,Q<w23_s0>=[M0_Y0[23]|M1_Y0[23]|M2_Y0[23]|M3_Y0[23]|M4_Y0[23]|M5_Y0[23]|M6_Y0[23]|M7_Y0[23]],0,187,374,ldr Q<w23_s0> [row_base #16*23],368,V<w23_s0>.h[3],23,29,351,87,351,735,x0=B0[351]*twist[87]_from_a351|a735,223,55,223,607,x1=B0[223]*twist[55]_from_a223|a607,95,23,95,479,x2=B0[95]*twist[23]_from_a95|a479,V<w23_s0>.h[3]=Y0[23]_goes_to_work[23]_lane3,phase3_memory_is_row_major_k3_then_k32_with_8_packed_GT_matrices;ntt32_loads_one_Q_per_k32
all_matrices_all_rows,M3=B0_q3,3,0,3,0,24,Y0,Y0=x0+x1+x2,Q<w24_s0>,3,Q<w24_s0>=[M0_Y0[24]|M1_Y0[24]|M2_Y0[24]|M3_Y0[24]|M4_Y0[24]|M5_Y0[24]|M6_Y0[24]|M7_Y0[24]],0,195,390,ldr Q<w24_s0> [row_base #16*24],384,V<w24_s0>.h[3],24,3,99,24,99,483,x0=B0[99]*twist[24]_from_a99|a483,355,88,355,739,x1=B0[355]*twist[88]_from_a355|a739,227,56,227,611,x2=B0[227]*twist[56]_from_a227|a611,V<w24_s0>.h[3]=Y0[24]_goes_to_work[24]_lane3,phase3_memory_is_row_major_k3_then_k32_with_8_packed_GT_matrices;ntt32_loads_one_Q_per_k32
all_matrices_all_rows,M3=B0_q3,3,0,3,0,25,Y0,Y0=x0+x1+x2,Q<w25_s0>,3,Q<w25_s0>=[M0_Y0[25]|M1_Y0[25]|M2_Y0[25]|M3_Y0[25]|M4_Y0[25]|M5_Y0[25]|M6_Y0[25]|M7_Y0[25]],0,203,406,ldr Q<w25_s0> [row_base #16*25],400,V<w25_s0>.h[3],25,19,231,57,231,615,x0=B0[231]*twist[57]_from_a231|a615,103,25,103,487,x1=B0[103]*twist[25]_from_a103|a487,359,89,359,743,x2=B0[359]*twist[89]_from_a359|a743,V<w25_s0>.h[3]=Y0[25]_goes_to_work[25]_lane3,phase3_memory_is_row_major_k3_then_k32_with_8_packed_GT_matrices;ntt32_loads_one_Q_per_k32
all_matrices_all_rows,M3=B0_q3,3,0,3,0,26,Y0,Y0=x0+x1+x2,Q<w26_s0>,3,Q<w26_s0>=[M0_Y0[26]|M1_Y0[26]|M2_Y0[26]|M3_Y0[26]|M4_Y0[26]|M5_Y0[26]|M6_Y0[26]|M7_Y0[26]],0,211,422,ldr Q<w26_s0> [row_base #16*26],416,V<w26_s0>.h[3],26,11,363,90,363,747,x0=B0[363]*twist[90]_from_a363|a747,235,58,235,619,x1=B0[235]*twist[58]_from_a235|a619,107,26,107,491,x2=B0[107]*twist[26]_from_a107|a491,V<w26_s0>.h[3]=Y0[26]_goes_to_work[26]_lane3,phase3_memory_is_row_major_k3_then_k32_with_8_packed_GT_matrices;ntt32_loads_one_Q_per_k32
all_matrices_all_rows,M3=B0_q3,3,0,3,0,27,Y0,Y0=x0+x1+x2,Q<w27_s0>,3,Q<w27_s0>=[M0_Y0[27]|M1_Y0[27]|M2_Y0[27]|M3_Y0[27]|M4_Y0[27]|M5_Y0[27]|M6_Y0[27]|M7_Y0[27]],0,219,438,ldr Q<w27_s0> [row_base #16*27],432,V<w27_s0>.h[3],27,27,111,27,111,495,x0=B0[111]*twist[27]_from_a111|a495,367,91,367,751,x1=B0[367]*twist[91]_from_a367|a751,239,59,239,623,x2=B0[239]*twist[59]_from_a239|a623,V<w27_s0>.h[3]=Y0[27]_goes_to_work[27]_lane3,phase3_memory_is_row_major_k3_then_k32_with_8_packed_GT_matrices;ntt32_loads_one_Q_per_k32
all_matrices_all_rows,M3=B0_q3,3,0,3,0,28,Y0,Y0=x0+x1+x2,Q<w28_s0>,3,Q<w28_s0>=[M0_Y0[28]|M1_Y0[28]|M2_Y0[28]|M3_Y0[28]|M4_Y0[28]|M5_Y0[28]|M6_Y0[28]|M7_Y0[28]],0,227,454,ldr Q<w28_s0> [row_base #16*28],448,V<w28_s0>.h[3],28,7,243,60,243,627,x0=B0[243]*twist[60]_from_a243|a627,115,28,115,499,x1=B0[115]*twist[28]_from_a115|a499,371,92,371,755,x2=B0[371]*twist[92]_from_a371|a755,V<w28_s0>.h[3]=Y0[28]_goes_to_work[28]_lane3,phase3_memory_is_row_major_k3_then_k32_with_8_packed_GT_matrices;ntt32_loads_one_Q_per_k32
all_matrices_all_rows,M3=B0_q3,3,0,3,0,29,Y0,Y0=x0+x1+x2,Q<w29_s0>,3,Q<w29_s0>=[M0_Y0[29]|M1_Y0[29]|M2_Y0[29]|M3_Y0[29]|M4_Y0[29]|M5_Y0[29]|M6_Y0[29]|M7_Y0[29]],0,235,470,ldr Q<w29_s0> [row_base #16*29],464,V<w29_s0>.h[3],29,23,375,93,375,759,x0=B0[375]*twist[93]_from_a375|a759,247,61,247,631,x1=B0[247]*twist[61]_from_a247|a631,119,29,119,503,x2=B0[119]*twist[29]_from_a119|a503,V<w29_s0>.h[3]=Y0[29]_goes_to_work[29]_lane3,phase3_memory_is_row_major_k3_then_k32_with_8_packed_GT_matrices;ntt32_loads_one_Q_per_k32
all_matrices_all_rows,M3=B0_q3,3,0,3,0,30,Y0,Y0=x0+x1+x2,Q<w30_s0>,3,Q<w30_s0>=[M0_Y0[30]|M1_Y0[30]|M2_Y0[30]|M3_Y0[30]|M4_Y0[30]|M5_Y0[30]|M6_Y0[30]|M7_Y0[30]],0,243,486,ldr Q<w30_s0> [row_base #16*30],480,V<w30_s0>.h[3],30,15,123,30,123,507,x0=B0[123]*twist[30]_from_a123|a507,379,94,379,763,x1=B0[379]*twist[94]_from_a379|a763,251,62,251,635,x2=B0[251]*twist[62]_from_a251|a635,V<w30_s0>.h[3]=Y0[30]_goes_to_work[30]_lane3,phase3_memory_is_row_major_k3_then_k32_with_8_packed_GT_matrices;ntt32_loads_one_Q_per_k32
all_matrices_all_rows,M3=B0_q3,3,0,3,0,31,Y0,Y0=x0+x1+x2,Q<w31_s0>,3,Q<w31_s0>=[M0_Y0[31]|M1_Y0[31]|M2_Y0[31]|M3_Y0[31]|M4_Y0[31]|M5_Y0[31]|M6_Y0[31]|M7_Y0[31]],0,251,502,ldr Q<w31_s0> [row_base #16*31],496,V<w31_s0>.h[3],31,31,255,63,255,639,x0=B0[255]*twist[63]_from_a255|a639,127,31,127,511,x1=B0[127]*twist[31]_from_a127|a511,383,95,383,767,x2=B0[383]*twist[95]_from_a383|a767,V<w31_s0>.h[3]=Y0[31]_goes_to_work[31]_lane3,phase3_memory_is_row_major_k3_then_k32_with_8_packed_GT_matrices;ntt32_loads_one_Q_per_k32
all_matrices_all_rows,M3=B0_q3,3,0,3,1,0,Y1,Y1=x0-x2+omega3*(x1-x2),Q<w00_s0>,3,Q<w00_s0>=[M0_Y1[0]|M1_Y1[0]|M2_Y1[0]|M3_Y1[0]|M4_Y1[0]|M5_Y1[0]|M6_Y1[0]|M7_Y1[0]],256,259,518,ldr Q<w00_s0> [row_base #16*0],0,V<w00_s0>.h[3],0,0,3,0,3,387,x0=B0[3]*twist[0]_from_a3|a387,259,64,259,643,x1=B0[259]*twist[64]_from_a259|a643,131,32,131,515,x2=B0[131]*twist[32]_from_a131|a515,V<w00_s0>.h[3]=Y1[0]_goes_to_work[0]_lane3,phase3_memory_is_row_major_k3_then_k32_with_8_packed_GT_matrices;ntt32_loads_one_Q_per_k32
all_matrices_all_rows,M3=B0_q3,3,0,3,1,1,Y1,Y1=x0-x2+omega3*(x1-x2),Q<w01_s0>,3,Q<w01_s0>=[M0_Y1[1]|M1_Y1[1]|M2_Y1[1]|M3_Y1[1]|M4_Y1[1]|M5_Y1[1]|M6_Y1[1]|M7_Y1[1]],256,267,534,ldr Q<w01_s0> [row_base #16*1],16,V<w01_s0>.h[3],1,16,135,33,135,519,x0=B0[135]*twist[33]_from_a135|a519,7,1,7,391,x1=B0[7]*twist[1]_from_a7|a391,263,65,263,647,x2=B0[263]*twist[65]_from_a263|a647,V<w01_s0>.h[3]=Y1[1]_goes_to_work[1]_lane3,phase3_memory_is_row_major_k3_then_k32_with_8_packed_GT_matrices;ntt32_loads_one_Q_per_k32
all_matrices_all_rows,M3=B0_q3,3,0,3,1,2,Y1,Y1=x0-x2+omega3*(x1-x2),Q<w02_s0>,3,Q<w02_s0>=[M0_Y1[2]|M1_Y1[2]|M2_Y1[2]|M3_Y1[2]|M4_Y1[2]|M5_Y1[2]|M6_Y1[2]|M7_Y1[2]],256,275,550,ldr Q<w02_s0> [row_base #16*2],32,V<w02_s0>.h[3],2,8,267,66,267,651,x0=B0[267]*twist[66]_from_a267|a651,139,34,139,523,x1=B0[139]*twist[34]_from_a139|a523,11,2,11,395,x2=B0[11]*twist[2]_from_a11|a395,V<w02_s0>.h[3]=Y1[2]_goes_to_work[2]_lane3,phase3_memory_is_row_major_k3_then_k32_with_8_packed_GT_matrices;ntt32_loads_one_Q_per_k32
all_matrices_all_rows,M3=B0_q3,3,0,3,1,3,Y1,Y1=x0-x2+omega3*(x1-x2),Q<w03_s0>,3,Q<w03_s0>=[M0_Y1[3]|M1_Y1[3]|M2_Y1[3]|M3_Y1[3]|M4_Y1[3]|M5_Y1[3]|M6_Y1[3]|M7_Y1[3]],256,283,566,ldr Q<w03_s0> [row_base #16*3],48,V<w03_s0>.h[3],3,24,15,3,15,399,x0=B0[15]*twist[3]_from_a15|a399,271,67,271,655,x1=B0[271]*twist[67]_from_a271|a655,143,35,143,527,x2=B0[143]*twist[35]_from_a143|a527,V<w03_s0>.h[3]=Y1[3]_goes_to_work[3]_lane3,phase3_memory_is_row_major_k3_then_k32_with_8_packed_GT_matrices;ntt32_loads_one_Q_per_k32
all_matrices_all_rows,M3=B0_q3,3,0,3,1,4,Y1,Y1=x0-x2+omega3*(x1-x2),Q<w04_s0>,3,Q<w04_s0>=[M0_Y1[4]|M1_Y1[4]|M2_Y1[4]|M3_Y1[4]|M4_Y1[4]|M5_Y1[4]|M6_Y1[4]|M7_Y1[4]],256,291,582,ldr Q<w04_s0> [row_base #16*4],64,V<w04_s0>.h[3],4,4,147,36,147,531,x0=B0[147]*twist[36]_from_a147|a531,19,4,19,403,x1=B0[19]*twist[4]_from_a19|a403,275,68,275,659,x2=B0[275]*twist[68]_from_a275|a659,V<w04_s0>.h[3]=Y1[4]_goes_to_work[4]_lane3,phase3_memory_is_row_major_k3_then_k32_with_8_packed_GT_matrices;ntt32_loads_one_Q_per_k32
all_matrices_all_rows,M3=B0_q3,3,0,3,1,5,Y1,Y1=x0-x2+omega3*(x1-x2),Q<w05_s0>,3,Q<w05_s0>=[M0_Y1[5]|M1_Y1[5]|M2_Y1[5]|M3_Y1[5]|M4_Y1[5]|M5_Y1[5]|M6_Y1[5]|M7_Y1[5]],256,299,598,ldr Q<w05_s0> [row_base #16*5],80,V<w05_s0>.h[3],5,20,279,69,279,663,x0=B0[279]*twist[69]_from_a279|a663,151,37,151,535,x1=B0[151]*twist[37]_from_a151|a535,23,5,23,407,x2=B0[23]*twist[5]_from_a23|a407,V<w05_s0>.h[3]=Y1[5]_goes_to_work[5]_lane3,phase3_memory_is_row_major_k3_then_k32_with_8_packed_GT_matrices;ntt32_loads_one_Q_per_k32
all_matrices_all_rows,M3=B0_q3,3,0,3,1,6,Y1,Y1=x0-x2+omega3*(x1-x2),Q<w06_s0>,3,Q<w06_s0>=[M0_Y1[6]|M1_Y1[6]|M2_Y1[6]|M3_Y1[6]|M4_Y1[6]|M5_Y1[6]|M6_Y1[6]|M7_Y1[6]],256,307,614,ldr Q<w06_s0> [row_base #16*6],96,V<w06_s0>.h[3],6,12,27,6,27,411,x0=B0[27]*twist[6]_from_a27|a411,283,70,283,667,x1=B0[283]*twist[70]_from_a283|a667,155,38,155,539,x2=B0[155]*twist[38]_from_a155|a539,V<w06_s0>.h[3]=Y1[6]_goes_to_work[6]_lane3,phase3_memory_is_row_major_k3_then_k32_with_8_packed_GT_matrices;ntt32_loads_one_Q_per_k32
all_matrices_all_rows,M3=B0_q3,3,0,3,1,7,Y1,Y1=x0-x2+omega3*(x1-x2),Q<w07_s0>,3,Q<w07_s0>=[M0_Y1[7]|M1_Y1[7]|M2_Y1[7]|M3_Y1[7]|M4_Y1[7]|M5_Y1[7]|M6_Y1[7]|M7_Y1[7]],256,315,630,ldr Q<w07_s0> [row_base #16*7],112,V<w07_s0>.h[3],7,28,159,39,159,543,x0=B0[159]*twist[39]_from_a159|a543,31,7,31,415,x1=B0[31]*twist[7]_from_a31|a415,287,71,287,671,x2=B0[287]*twist[71]_from_a287|a671,V<w07_s0>.h[3]=Y1[7]_goes_to_work[7]_lane3,phase3_memory_is_row_major_k3_then_k32_with_8_packed_GT_matrices;ntt32_loads_one_Q_per_k32
all_matrices_all_rows,M3=B0_q3,3,0,3,1,8,Y1,Y1=x0-x2+omega3*(x1-x2),Q<w08_s0>,3,Q<w08_s0>=[M0_Y1[8]|M1_Y1[8]|M2_Y1[8]|M3_Y1[8]|M4_Y1[8]|M5_Y1[8]|M6_Y1[8]|M7_Y1[8]],256,323,646,ldr Q<w08_s0> [row_base #16*8],128,V<w08_s0>.h[3],8,2,291,72,291,675,x0=B0[291]*twist[72]_from_a291|a675,163,40,163,547,x1=B0[163]*twist[40]_from_a163|a547,35,8,35,419,x2=B0[35]*twist[8]_from_a35|a419,V<w08_s0>.h[3]=Y1[8]_goes_to_work[8]_lane3,phase3_memory_is_row_major_k3_then_k32_with_8_packed_GT_matrices;ntt32_loads_one_Q_per_k32
all_matrices_all_rows,M3=B0_q3,3,0,3,1,9,Y1,Y1=x0-x2+omega3*(x1-x2),Q<w09_s0>,3,Q<w09_s0>=[M0_Y1[9]|M1_Y1[9]|M2_Y1[9]|M3_Y1[9]|M4_Y1[9]|M5_Y1[9]|M6_Y1[9]|M7_Y1[9]],256,331,662,ldr Q<w09_s0> [row_base #16*9],144,V<w09_s0>.h[3],9,18,39,9,39,423,x0=B0[39]*twist[9]_from_a39|a423,295,73,295,679,x1=B0[295]*twist[73]_from_a295|a679,167,41,167,551,x2=B0[167]*twist[41]_from_a167|a551,V<w09_s0>.h[3]=Y1[9]_goes_to_work[9]_lane3,phase3_memory_is_row_major_k3_then_k32_with_8_packed_GT_matrices;ntt32_loads_one_Q_per_k32
all_matrices_all_rows,M3=B0_q3,3,0,3,1,10,Y1,Y1=x0-x2+omega3*(x1-x2),Q<w10_s0>,3,Q<w10_s0>=[M0_Y1[10]|M1_Y1[10]|M2_Y1[10]|M3_Y1[10]|M4_Y1[10]|M5_Y1[10]|M6_Y1[10]|M7_Y1[10]],256,339,678,ldr Q<w10_s0> [row_base #16*10],160,V<w10_s0>.h[3],10,10,171,42,171,555,x0=B0[171]*twist[42]_from_a171|a555,43,10,43,427,x1=B0[43]*twist[10]_from_a43|a427,299,74,299,683,x2=B0[299]*twist[74]_from_a299|a683,V<w10_s0>.h[3]=Y1[10]_goes_to_work[10]_lane3,phase3_memory_is_row_major_k3_then_k32_with_8_packed_GT_matrices;ntt32_loads_one_Q_per_k32
all_matrices_all_rows,M3=B0_q3,3,0,3,1,11,Y1,Y1=x0-x2+omega3*(x1-x2),Q<w11_s0>,3,Q<w11_s0>=[M0_Y1[11]|M1_Y1[11]|M2_Y1[11]|M3_Y1[11]|M4_Y1[11]|M5_Y1[11]|M6_Y1[11]|M7_Y1[11]],256,347,694,ldr Q<w11_s0> [row_base #16*11],176,V<w11_s0>.h[3],11,26,303,75,303,687,x0=B0[303]*twist[75]_from_a303|a687,175,43,175,559,x1=B0[175]*twist[43]_from_a175|a559,47,11,47,431,x2=B0[47]*twist[11]_from_a47|a431,V<w11_s0>.h[3]=Y1[11]_goes_to_work[11]_lane3,phase3_memory_is_row_major_k3_then_k32_with_8_packed_GT_matrices;ntt32_loads_one_Q_per_k32
all_matrices_all_rows,M3=B0_q3,3,0,3,1,12,Y1,Y1=x0-x2+omega3*(x1-x2),Q<w12_s0>,3,Q<w12_s0>=[M0_Y1[12]|M1_Y1[12]|M2_Y1[12]|M3_Y1[12]|M4_Y1[12]|M5_Y1[12]|M6_Y1[12]|M7_Y1[12]],256,355,710,ldr Q<w12_s0> [row_base #16*12],192,V<w12_s0>.h[3],12,6,51,12,51,435,x0=B0[51]*twist[12]_from_a51|a435,307,76,307,691,x1=B0[307]*twist[76]_from_a307|a691,179,44,179,563,x2=B0[179]*twist[44]_from_a179|a563,V<w12_s0>.h[3]=Y1[12]_goes_to_work[12]_lane3,phase3_memory_is_row_major_k3_then_k32_with_8_packed_GT_matrices;ntt32_loads_one_Q_per_k32
all_matrices_all_rows,M3=B0_q3,3,0,3,1,13,Y1,Y1=x0-x2+omega3*(x1-x2),Q<w13_s0>,3,Q<w13_s0>=[M0_Y1[13]|M1_Y1[13]|M2_Y1[13]|M3_Y1[13]|M4_Y1[13]|M5_Y1[13]|M6_Y1[13]|M7_Y1[13]],256,363,726,ldr Q<w13_s0> [row_base #16*13],208,V<w13_s0>.h[3],13,22,183,45,183,567,x0=B0[183]*twist[45]_from_a183|a567,55,13,55,439,x1=B0[55]*twist[13]_from_a55|a439,311,77,311,695,x2=B0[311]*twist[77]_from_a311|a695,V<w13_s0>.h[3]=Y1[13]_goes_to_work[13]_lane3,phase3_memory_is_row_major_k3_then_k32_with_8_packed_GT_matrices;ntt32_loads_one_Q_per_k32
all_matrices_all_rows,M3=B0_q3,3,0,3,1,14,Y1,Y1=x0-x2+omega3*(x1-x2),Q<w14_s0>,3,Q<w14_s0>=[M0_Y1[14]|M1_Y1[14]|M2_Y1[14]|M3_Y1[14]|M4_Y1[14]|M5_Y1[14]|M6_Y1[14]|M7_Y1[14]],256,371,742,ldr Q<w14_s0> [row_base #16*14],224,V<w14_s0>.h[3],14,14,315,78,315,699,x0=B0[315]*twist[78]_from_a315|a699,187,46,187,571,x1=B0[187]*twist[46]_from_a187|a571,59,14,59,443,x2=B0[59]*twist[14]_from_a59|a443,V<w14_s0>.h[3]=Y1[14]_goes_to_work[14]_lane3,phase3_memory_is_row_major_k3_then_k32_with_8_packed_GT_matrices;ntt32_loads_one_Q_per_k32
all_matrices_all_rows,M3=B0_q3,3,0,3,1,15,Y1,Y1=x0-x2+omega3*(x1-x2),Q<w15_s0>,3,Q<w15_s0>=[M0_Y1[15]|M1_Y1[15]|M2_Y1[15]|M3_Y1[15]|M4_Y1[15]|M5_Y1[15]|M6_Y1[15]|M7_Y1[15]],256,379,758,ldr Q<w15_s0> [row_base #16*15],240,V<w15_s0>.h[3],15,30,63,15,63,447,x0=B0[63]*twist[15]_from_a63|a447,319,79,319,703,x1=B0[319]*twist[79]_from_a319|a703,191,47,191,575,x2=B0[191]*twist[47]_from_a191|a575,V<w15_s0>.h[3]=Y1[15]_goes_to_work[15]_lane3,phase3_memory_is_row_major_k3_then_k32_with_8_packed_GT_matrices;ntt32_loads_one_Q_per_k32
all_matrices_all_rows,M3=B0_q3,3,0,3,1,16,Y1,Y1=x0-x2+omega3*(x1-x2),Q<w16_s0>,3,Q<w16_s0>=[M0_Y1[16]|M1_Y1[16]|M2_Y1[16]|M3_Y1[16]|M4_Y1[16]|M5_Y1[16]|M6_Y1[16]|M7_Y1[16]],256,387,774,ldr Q<w16_s0> [row_base #16*16],256,V<w16_s0>.h[3],16,1,195,48,195,579,x0=B0[195]*twist[48]_from_a195|a579,67,16,67,451,x1=B0[67]*twist[16]_from_a67|a451,323,80,323,707,x2=B0[323]*twist[80]_from_a323|a707,V<w16_s0>.h[3]=Y1[16]_goes_to_work[16]_lane3,phase3_memory_is_row_major_k3_then_k32_with_8_packed_GT_matrices;ntt32_loads_one_Q_per_k32
all_matrices_all_rows,M3=B0_q3,3,0,3,1,17,Y1,Y1=x0-x2+omega3*(x1-x2),Q<w17_s0>,3,Q<w17_s0>=[M0_Y1[17]|M1_Y1[17]|M2_Y1[17]|M3_Y1[17]|M4_Y1[17]|M5_Y1[17]|M6_Y1[17]|M7_Y1[17]],256,395,790,ldr Q<w17_s0> [row_base #16*17],272,V<w17_s0>.h[3],17,17,327,81,327,711,x0=B0[327]*twist[81]_from_a327|a711,199,49,199,583,x1=B0[199]*twist[49]_from_a199|a583,71,17,71,455,x2=B0[71]*twist[17]_from_a71|a455,V<w17_s0>.h[3]=Y1[17]_goes_to_work[17]_lane3,phase3_memory_is_row_major_k3_then_k32_with_8_packed_GT_matrices;ntt32_loads_one_Q_per_k32
all_matrices_all_rows,M3=B0_q3,3,0,3,1,18,Y1,Y1=x0-x2+omega3*(x1-x2),Q<w18_s0>,3,Q<w18_s0>=[M0_Y1[18]|M1_Y1[18]|M2_Y1[18]|M3_Y1[18]|M4_Y1[18]|M5_Y1[18]|M6_Y1[18]|M7_Y1[18]],256,403,806,ldr Q<w18_s0> [row_base #16*18],288,V<w18_s0>.h[3],18,9,75,18,75,459,x0=B0[75]*twist[18]_from_a75|a459,331,82,331,715,x1=B0[331]*twist[82]_from_a331|a715,203,50,203,587,x2=B0[203]*twist[50]_from_a203|a587,V<w18_s0>.h[3]=Y1[18]_goes_to_work[18]_lane3,phase3_memory_is_row_major_k3_then_k32_with_8_packed_GT_matrices;ntt32_loads_one_Q_per_k32
all_matrices_all_rows,M3=B0_q3,3,0,3,1,19,Y1,Y1=x0-x2+omega3*(x1-x2),Q<w19_s0>,3,Q<w19_s0>=[M0_Y1[19]|M1_Y1[19]|M2_Y1[19]|M3_Y1[19]|M4_Y1[19]|M5_Y1[19]|M6_Y1[19]|M7_Y1[19]],256,411,822,ldr Q<w19_s0> [row_base #16*19],304,V<w19_s0>.h[3],19,25,207,51,207,591,x0=B0[207]*twist[51]_from_a207|a591,79,19,79,463,x1=B0[79]*twist[19]_from_a79|a463,335,83,335,719,x2=B0[335]*twist[83]_from_a335|a719,V<w19_s0>.h[3]=Y1[19]_goes_to_work[19]_lane3,phase3_memory_is_row_major_k3_then_k32_with_8_packed_GT_matrices;ntt32_loads_one_Q_per_k32
all_matrices_all_rows,M3=B0_q3,3,0,3,1,20,Y1,Y1=x0-x2+omega3*(x1-x2),Q<w20_s0>,3,Q<w20_s0>=[M0_Y1[20]|M1_Y1[20]|M2_Y1[20]|M3_Y1[20]|M4_Y1[20]|M5_Y1[20]|M6_Y1[20]|M7_Y1[20]],256,419,838,ldr Q<w20_s0> [row_base #16*20],320,V<w20_s0>.h[3],20,5,339,84,339,723,x0=B0[339]*twist[84]_from_a339|a723,211,52,211,595,x1=B0[211]*twist[52]_from_a211|a595,83,20,83,467,x2=B0[83]*twist[20]_from_a83|a467,V<w20_s0>.h[3]=Y1[20]_goes_to_work[20]_lane3,phase3_memory_is_row_major_k3_then_k32_with_8_packed_GT_matrices;ntt32_loads_one_Q_per_k32
all_matrices_all_rows,M3=B0_q3,3,0,3,1,21,Y1,Y1=x0-x2+omega3*(x1-x2),Q<w21_s0>,3,Q<w21_s0>=[M0_Y1[21]|M1_Y1[21]|M2_Y1[21]|M3_Y1[21]|M4_Y1[21]|M5_Y1[21]|M6_Y1[21]|M7_Y1[21]],256,427,854,ldr Q<w21_s0> [row_base #16*21],336,V<w21_s0>.h[3],21,21,87,21,87,471,x0=B0[87]*twist[21]_from_a87|a471,343,85,343,727,x1=B0[343]*twist[85]_from_a343|a727,215,53,215,599,x2=B0[215]*twist[53]_from_a215|a599,V<w21_s0>.h[3]=Y1[21]_goes_to_work[21]_lane3,phase3_memory_is_row_major_k3_then_k32_with_8_packed_GT_matrices;ntt32_loads_one_Q_per_k32
all_matrices_all_rows,M3=B0_q3,3,0,3,1,22,Y1,Y1=x0-x2+omega3*(x1-x2),Q<w22_s0>,3,Q<w22_s0>=[M0_Y1[22]|M1_Y1[22]|M2_Y1[22]|M3_Y1[22]|M4_Y1[22]|M5_Y1[22]|M6_Y1[22]|M7_Y1[22]],256,435,870,ldr Q<w22_s0> [row_base #16*22],352,V<w22_s0>.h[3],22,13,219,54,219,603,x0=B0[219]*twist[54]_from_a219|a603,91,22,91,475,x1=B0[91]*twist[22]_from_a91|a475,347,86,347,731,x2=B0[347]*twist[86]_from_a347|a731,V<w22_s0>.h[3]=Y1[22]_goes_to_work[22]_lane3,phase3_memory_is_row_major_k3_then_k32_with_8_packed_GT_matrices;ntt32_loads_one_Q_per_k32
all_matrices_all_rows,M3=B0_q3,3,0,3,1,23,Y1,Y1=x0-x2+omega3*(x1-x2),Q<w23_s0>,3,Q<w23_s0>=[M0_Y1[23]|M1_Y1[23]|M2_Y1[23]|M3_Y1[23]|M4_Y1[23]|M5_Y1[23]|M6_Y1[23]|M7_Y1[23]],256,443,886,ldr Q<w23_s0> [row_base #16*23],368,V<w23_s0>.h[3],23,29,351,87,351,735,x0=B0[351]*twist[87]_from_a351|a735,223,55,223,607,x1=B0[223]*twist[55]_from_a223|a607,95,23,95,479,x2=B0[95]*twist[23]_from_a95|a479,V<w23_s0>.h[3]=Y1[23]_goes_to_work[23]_lane3,phase3_memory_is_row_major_k3_then_k32_with_8_packed_GT_matrices;ntt32_loads_one_Q_per_k32
all_matrices_all_rows,M3=B0_q3,3,0,3,1,24,Y1,Y1=x0-x2+omega3*(x1-x2),Q<w24_s0>,3,Q<w24_s0>=[M0_Y1[24]|M1_Y1[24]|M2_Y1[24]|M3_Y1[24]|M4_Y1[24]|M5_Y1[24]|M6_Y1[24]|M7_Y1[24]],256,451,902,ldr Q<w24_s0> [row_base #16*24],384,V<w24_s0>.h[3],24,3,99,24,99,483,x0=B0[99]*twist[24]_from_a99|a483,355,88,355,739,x1=B0[355]*twist[88]_from_a355|a739,227,56,227,611,x2=B0[227]*twist[56]_from_a227|a611,V<w24_s0>.h[3]=Y1[24]_goes_to_work[24]_lane3,phase3_memory_is_row_major_k3_then_k32_with_8_packed_GT_matrices;ntt32_loads_one_Q_per_k32
all_matrices_all_rows,M3=B0_q3,3,0,3,1,25,Y1,Y1=x0-x2+omega3*(x1-x2),Q<w25_s0>,3,Q<w25_s0>=[M0_Y1[25]|M1_Y1[25]|M2_Y1[25]|M3_Y1[25]|M4_Y1[25]|M5_Y1[25]|M6_Y1[25]|M7_Y1[25]],256,459,918,ldr Q<w25_s0> [row_base #16*25],400,V<w25_s0>.h[3],25,19,231,57,231,615,x0=B0[231]*twist[57]_from_a231|a615,103,25,103,487,x1=B0[103]*twist[25]_from_a103|a487,359,89,359,743,x2=B0[359]*twist[89]_from_a359|a743,V<w25_s0>.h[3]=Y1[25]_goes_to_work[25]_lane3,phase3_memory_is_row_major_k3_then_k32_with_8_packed_GT_matrices;ntt32_loads_one_Q_per_k32
all_matrices_all_rows,M3=B0_q3,3,0,3,1,26,Y1,Y1=x0-x2+omega3*(x1-x2),Q<w26_s0>,3,Q<w26_s0>=[M0_Y1[26]|M1_Y1[26]|M2_Y1[26]|M3_Y1[26]|M4_Y1[26]|M5_Y1[26]|M6_Y1[26]|M7_Y1[26]],256,467,934,ldr Q<w26_s0> [row_base #16*26],416,V<w26_s0>.h[3],26,11,363,90,363,747,x0=B0[363]*twist[90]_from_a363|a747,235,58,235,619,x1=B0[235]*twist[58]_from_a235|a619,107,26,107,491,x2=B0[107]*twist[26]_from_a107|a491,V<w26_s0>.h[3]=Y1[26]_goes_to_work[26]_lane3,phase3_memory_is_row_major_k3_then_k32_with_8_packed_GT_matrices;ntt32_loads_one_Q_per_k32
all_matrices_all_rows,M3=B0_q3,3,0,3,1,27,Y1,Y1=x0-x2+omega3*(x1-x2),Q<w27_s0>,3,Q<w27_s0>=[M0_Y1[27]|M1_Y1[27]|M2_Y1[27]|M3_Y1[27]|M4_Y1[27]|M5_Y1[27]|M6_Y1[27]|M7_Y1[27]],256,475,950,ldr Q<w27_s0> [row_base #16*27],432,V<w27_s0>.h[3],27,27,111,27,111,495,x0=B0[111]*twist[27]_from_a111|a495,367,91,367,751,x1=B0[367]*twist[91]_from_a367|a751,239,59,239,623,x2=B0[239]*twist[59]_from_a239|a623,V<w27_s0>.h[3]=Y1[27]_goes_to_work[27]_lane3,phase3_memory_is_row_major_k3_then_k32_with_8_packed_GT_matrices;ntt32_loads_one_Q_per_k32
all_matrices_all_rows,M3=B0_q3,3,0,3,1,28,Y1,Y1=x0-x2+omega3*(x1-x2),Q<w28_s0>,3,Q<w28_s0>=[M0_Y1[28]|M1_Y1[28]|M2_Y1[28]|M3_Y1[28]|M4_Y1[28]|M5_Y1[28]|M6_Y1[28]|M7_Y1[28]],256,483,966,ldr Q<w28_s0> [row_base #16*28],448,V<w28_s0>.h[3],28,7,243,60,243,627,x0=B0[243]*twist[60]_from_a243|a627,115,28,115,499,x1=B0[115]*twist[28]_from_a115|a499,371,92,371,755,x2=B0[371]*twist[92]_from_a371|a755,V<w28_s0>.h[3]=Y1[28]_goes_to_work[28]_lane3,phase3_memory_is_row_major_k3_then_k32_with_8_packed_GT_matrices;ntt32_loads_one_Q_per_k32
all_matrices_all_rows,M3=B0_q3,3,0,3,1,29,Y1,Y1=x0-x2+omega3*(x1-x2),Q<w29_s0>,3,Q<w29_s0>=[M0_Y1[29]|M1_Y1[29]|M2_Y1[29]|M3_Y1[29]|M4_Y1[29]|M5_Y1[29]|M6_Y1[29]|M7_Y1[29]],256,491,982,ldr Q<w29_s0> [row_base #16*29],464,V<w29_s0>.h[3],29,23,375,93,375,759,x0=B0[375]*twist[93]_from_a375|a759,247,61,247,631,x1=B0[247]*twist[61]_from_a247|a631,119,29,119,503,x2=B0[119]*twist[29]_from_a119|a503,V<w29_s0>.h[3]=Y1[29]_goes_to_work[29]_lane3,phase3_memory_is_row_major_k3_then_k32_with_8_packed_GT_matrices;ntt32_loads_one_Q_per_k32
all_matrices_all_rows,M3=B0_q3,3,0,3,1,30,Y1,Y1=x0-x2+omega3*(x1-x2),Q<w30_s0>,3,Q<w30_s0>=[M0_Y1[30]|M1_Y1[30]|M2_Y1[30]|M3_Y1[30]|M4_Y1[30]|M5_Y1[30]|M6_Y1[30]|M7_Y1[30]],256,499,998,ldr Q<w30_s0> [row_base #16*30],480,V<w30_s0>.h[3],30,15,123,30,123,507,x0=B0[123]*twist[30]_from_a123|a507,379,94,379,763,x1=B0[379]*twist[94]_from_a379|a763,251,62,251,635,x2=B0[251]*twist[62]_from_a251|a635,V<w30_s0>.h[3]=Y1[30]_goes_to_work[30]_lane3,phase3_memory_is_row_major_k3_then_k32_with_8_packed_GT_matrices;ntt32_loads_one_Q_per_k32
all_matrices_all_rows,M3=B0_q3,3,0,3,1,31,Y1,Y1=x0-x2+omega3*(x1-x2),Q<w31_s0>,3,Q<w31_s0>=[M0_Y1[31]|M1_Y1[31]|M2_Y1[31]|M3_Y1[31]|M4_Y1[31]|M5_Y1[31]|M6_Y1[31]|M7_Y1[31]],256,507,1014,ldr Q<w31_s0> [row_base #16*31],496,V<w31_s0>.h[3],31,31,255,63,255,639,x0=B0[255]*twist[63]_from_a255|a639,127,31,127,511,x1=B0[127]*twist[31]_from_a127|a511,383,95,383,767,x2=B0[383]*twist[95]_from_a383|a767,V<w31_s0>.h[3]=Y1[31]_goes_to_work[31]_lane3,phase3_memory_is_row_major_k3_then_k32_with_8_packed_GT_matrices;ntt32_loads_one_Q_per_k32
all_matrices_all_rows,M3=B0_q3,3,0,3,2,0,Y2,Y2=x0-x1-omega3*(x1-x2),Q<w00_s0>,3,Q<w00_s0>=[M0_Y2[0]|M1_Y2[0]|M2_Y2[0]|M3_Y2[0]|M4_Y2[0]|M5_Y2[0]|M6_Y2[0]|M7_Y2[0]],512,515,1030,ldr Q<w00_s0> [row_base #16*0],0,V<w00_s0>.h[3],0,0,3,0,3,387,x0=B0[3]*twist[0]_from_a3|a387,259,64,259,643,x1=B0[259]*twist[64]_from_a259|a643,131,32,131,515,x2=B0[131]*twist[32]_from_a131|a515,V<w00_s0>.h[3]=Y2[0]_goes_to_work[0]_lane3,phase3_memory_is_row_major_k3_then_k32_with_8_packed_GT_matrices;ntt32_loads_one_Q_per_k32
all_matrices_all_rows,M3=B0_q3,3,0,3,2,1,Y2,Y2=x0-x1-omega3*(x1-x2),Q<w01_s0>,3,Q<w01_s0>=[M0_Y2[1]|M1_Y2[1]|M2_Y2[1]|M3_Y2[1]|M4_Y2[1]|M5_Y2[1]|M6_Y2[1]|M7_Y2[1]],512,523,1046,ldr Q<w01_s0> [row_base #16*1],16,V<w01_s0>.h[3],1,16,135,33,135,519,x0=B0[135]*twist[33]_from_a135|a519,7,1,7,391,x1=B0[7]*twist[1]_from_a7|a391,263,65,263,647,x2=B0[263]*twist[65]_from_a263|a647,V<w01_s0>.h[3]=Y2[1]_goes_to_work[1]_lane3,phase3_memory_is_row_major_k3_then_k32_with_8_packed_GT_matrices;ntt32_loads_one_Q_per_k32
all_matrices_all_rows,M3=B0_q3,3,0,3,2,2,Y2,Y2=x0-x1-omega3*(x1-x2),Q<w02_s0>,3,Q<w02_s0>=[M0_Y2[2]|M1_Y2[2]|M2_Y2[2]|M3_Y2[2]|M4_Y2[2]|M5_Y2[2]|M6_Y2[2]|M7_Y2[2]],512,531,1062,ldr Q<w02_s0> [row_base #16*2],32,V<w02_s0>.h[3],2,8,267,66,267,651,x0=B0[267]*twist[66]_from_a267|a651,139,34,139,523,x1=B0[139]*twist[34]_from_a139|a523,11,2,11,395,x2=B0[11]*twist[2]_from_a11|a395,V<w02_s0>.h[3]=Y2[2]_goes_to_work[2]_lane3,phase3_memory_is_row_major_k3_then_k32_with_8_packed_GT_matrices;ntt32_loads_one_Q_per_k32
all_matrices_all_rows,M3=B0_q3,3,0,3,2,3,Y2,Y2=x0-x1-omega3*(x1-x2),Q<w03_s0>,3,Q<w03_s0>=[M0_Y2[3]|M1_Y2[3]|M2_Y2[3]|M3_Y2[3]|M4_Y2[3]|M5_Y2[3]|M6_Y2[3]|M7_Y2[3]],512,539,1078,ldr Q<w03_s0> [row_base #16*3],48,V<w03_s0>.h[3],3,24,15,3,15,399,x0=B0[15]*twist[3]_from_a15|a399,271,67,271,655,x1=B0[271]*twist[67]_from_a271|a655,143,35,143,527,x2=B0[143]*twist[35]_from_a143|a527,V<w03_s0>.h[3]=Y2[3]_goes_to_work[3]_lane3,phase3_memory_is_row_major_k3_then_k32_with_8_packed_GT_matrices;ntt32_loads_one_Q_per_k32
all_matrices_all_rows,M3=B0_q3,3,0,3,2,4,Y2,Y2=x0-x1-omega3*(x1-x2),Q<w04_s0>,3,Q<w04_s0>=[M0_Y2[4]|M1_Y2[4]|M2_Y2[4]|M3_Y2[4]|M4_Y2[4]|M5_Y2[4]|M6_Y2[4]|M7_Y2[4]],512,547,1094,ldr Q<w04_s0> [row_base #16*4],64,V<w04_s0>.h[3],4,4,147,36,147,531,x0=B0[147]*twist[36]_from_a147|a531,19,4,19,403,x1=B0[19]*twist[4]_from_a19|a403,275,68,275,659,x2=B0[275]*twist[68]_from_a275|a659,V<w04_s0>.h[3]=Y2[4]_goes_to_work[4]_lane3,phase3_memory_is_row_major_k3_then_k32_with_8_packed_GT_matrices;ntt32_loads_one_Q_per_k32
all_matrices_all_rows,M3=B0_q3,3,0,3,2,5,Y2,Y2=x0-x1-omega3*(x1-x2),Q<w05_s0>,3,Q<w05_s0>=[M0_Y2[5]|M1_Y2[5]|M2_Y2[5]|M3_Y2[5]|M4_Y2[5]|M5_Y2[5]|M6_Y2[5]|M7_Y2[5]],512,555,1110,ldr Q<w05_s0> [row_base #16*5],80,V<w05_s0>.h[3],5,20,279,69,279,663,x0=B0[279]*twist[69]_from_a279|a663,151,37,151,535,x1=B0[151]*twist[37]_from_a151|a535,23,5,23,407,x2=B0[23]*twist[5]_from_a23|a407,V<w05_s0>.h[3]=Y2[5]_goes_to_work[5]_lane3,phase3_memory_is_row_major_k3_then_k32_with_8_packed_GT_matrices;ntt32_loads_one_Q_per_k32
all_matrices_all_rows,M3=B0_q3,3,0,3,2,6,Y2,Y2=x0-x1-omega3*(x1-x2),Q<w06_s0>,3,Q<w06_s0>=[M0_Y2[6]|M1_Y2[6]|M2_Y2[6]|M3_Y2[6]|M4_Y2[6]|M5_Y2[6]|M6_Y2[6]|M7_Y2[6]],512,563,1126,ldr Q<w06_s0> [row_base #16*6],96,V<w06_s0>.h[3],6,12,27,6,27,411,x0=B0[27]*twist[6]_from_a27|a411,283,70,283,667,x1=B0[283]*twist[70]_from_a283|a667,155,38,155,539,x2=B0[155]*twist[38]_from_a155|a539,V<w06_s0>.h[3]=Y2[6]_goes_to_work[6]_lane3,phase3_memory_is_row_major_k3_then_k32_with_8_packed_GT_matrices;ntt32_loads_one_Q_per_k32
all_matrices_all_rows,M3=B0_q3,3,0,3,2,7,Y2,Y2=x0-x1-omega3*(x1-x2),Q<w07_s0>,3,Q<w07_s0>=[M0_Y2[7]|M1_Y2[7]|M2_Y2[7]|M3_Y2[7]|M4_Y2[7]|M5_Y2[7]|M6_Y2[7]|M7_Y2[7]],512,571,1142,ldr Q<w07_s0> [row_base #16*7],112,V<w07_s0>.h[3],7,28,159,39,159,543,x0=B0[159]*twist[39]_from_a159|a543,31,7,31,415,x1=B0[31]*twist[7]_from_a31|a415,287,71,287,671,x2=B0[287]*twist[71]_from_a287|a671,V<w07_s0>.h[3]=Y2[7]_goes_to_work[7]_lane3,phase3_memory_is_row_major_k3_then_k32_with_8_packed_GT_matrices;ntt32_loads_one_Q_per_k32
all_matrices_all_rows,M3=B0_q3,3,0,3,2,8,Y2,Y2=x0-x1-omega3*(x1-x2),Q<w08_s0>,3,Q<w08_s0>=[M0_Y2[8]|M1_Y2[8]|M2_Y2[8]|M3_Y2[8]|M4_Y2[8]|M5_Y2[8]|M6_Y2[8]|M7_Y2[8]],512,579,1158,ldr Q<w08_s0> [row_base #16*8],128,V<w08_s0>.h[3],8,2,291,72,291,675,x0=B0[291]*twist[72]_from_a291|a675,163,40,163,547,x1=B0[163]*twist[40]_from_a163|a547,35,8,35,419,x2=B0[35]*twist[8]_from_a35|a419,V<w08_s0>.h[3]=Y2[8]_goes_to_work[8]_lane3,phase3_memory_is_row_major_k3_then_k32_with_8_packed_GT_matrices;ntt32_loads_one_Q_per_k32
all_matrices_all_rows,M3=B0_q3,3,0,3,2,9,Y2,Y2=x0-x1-omega3*(x1-x2),Q<w09_s0>,3,Q<w09_s0>=[M0_Y2[9]|M1_Y2[9]|M2_Y2[9]|M3_Y2[9]|M4_Y2[9]|M5_Y2[9]|M6_Y2[9]|M7_Y2[9]],512,587,1174,ldr Q<w09_s0> [row_base #16*9],144,V<w09_s0>.h[3],9,18,39,9,39,423,x0=B0[39]*twist[9]_from_a39|a423,295,73,295,679,x1=B0[295]*twist[73]_from_a295|a679,167,41,167,551,x2=B0[167]*twist[41]_from_a167|a551,V<w09_s0>.h[3]=Y2[9]_goes_to_work[9]_lane3,phase3_memory_is_row_major_k3_then_k32_with_8_packed_GT_matrices;ntt32_loads_one_Q_per_k32
all_matrices_all_rows,M3=B0_q3,3,0,3,2,10,Y2,Y2=x0-x1-omega3*(x1-x2),Q<w10_s0>,3,Q<w10_s0>=[M0_Y2[10]|M1_Y2[10]|M2_Y2[10]|M3_Y2[10]|M4_Y2[10]|M5_Y2[10]|M6_Y2[10]|M7_Y2[10]],512,595,1190,ldr Q<w10_s0> [row_base #16*10],160,V<w10_s0>.h[3],10,10,171,42,171,555,x0=B0[171]*twist[42]_from_a171|a555,43,10,43,427,x1=B0[43]*twist[10]_from_a43|a427,299,74,299,683,x2=B0[299]*twist[74]_from_a299|a683,V<w10_s0>.h[3]=Y2[10]_goes_to_work[10]_lane3,phase3_memory_is_row_major_k3_then_k32_with_8_packed_GT_matrices;ntt32_loads_one_Q_per_k32
all_matrices_all_rows,M3=B0_q3,3,0,3,2,11,Y2,Y2=x0-x1-omega3*(x1-x2),Q<w11_s0>,3,Q<w11_s0>=[M0_Y2[11]|M1_Y2[11]|M2_Y2[11]|M3_Y2[11]|M4_Y2[11]|M5_Y2[11]|M6_Y2[11]|M7_Y2[11]],512,603,1206,ldr Q<w11_s0> [row_base #16*11],176,V<w11_s0>.h[3],11,26,303,75,303,687,x0=B0[303]*twist[75]_from_a303|a687,175,43,175,559,x1=B0[175]*twist[43]_from_a175|a559,47,11,47,431,x2=B0[47]*twist[11]_from_a47|a431,V<w11_s0>.h[3]=Y2[11]_goes_to_work[11]_lane3,phase3_memory_is_row_major_k3_then_k32_with_8_packed_GT_matrices;ntt32_loads_one_Q_per_k32
all_matrices_all_rows,M3=B0_q3,3,0,3,2,12,Y2,Y2=x0-x1-omega3*(x1-x2),Q<w12_s0>,3,Q<w12_s0>=[M0_Y2[12]|M1_Y2[12]|M2_Y2[12]|M3_Y2[12]|M4_Y2[12]|M5_Y2[12]|M6_Y2[12]|M7_Y2[12]],512,611,1222,ldr Q<w12_s0> [row_base #16*12],192,V<w12_s0>.h[3],12,6,51,12,51,435,x0=B0[51]*twist[12]_from_a51|a435,307,76,307,691,x1=B0[307]*twist[76]_from_a307|a691,179,44,179,563,x2=B0[179]*twist[44]_from_a179|a563,V<w12_s0>.h[3]=Y2[12]_goes_to_work[12]_lane3,phase3_memory_is_row_major_k3_then_k32_with_8_packed_GT_matrices;ntt32_loads_one_Q_per_k32
all_matrices_all_rows,M3=B0_q3,3,0,3,2,13,Y2,Y2=x0-x1-omega3*(x1-x2),Q<w13_s0>,3,Q<w13_s0>=[M0_Y2[13]|M1_Y2[13]|M2_Y2[13]|M3_Y2[13]|M4_Y2[13]|M5_Y2[13]|M6_Y2[13]|M7_Y2[13]],512,619,1238,ldr Q<w13_s0> [row_base #16*13],208,V<w13_s0>.h[3],13,22,183,45,183,567,x0=B0[183]*twist[45]_from_a183|a567,55,13,55,439,x1=B0[55]*twist[13]_from_a55|a439,311,77,311,695,x2=B0[311]*twist[77]_from_a311|a695,V<w13_s0>.h[3]=Y2[13]_goes_to_work[13]_lane3,phase3_memory_is_row_major_k3_then_k32_with_8_packed_GT_matrices;ntt32_loads_one_Q_per_k32
all_matrices_all_rows,M3=B0_q3,3,0,3,2,14,Y2,Y2=x0-x1-omega3*(x1-x2),Q<w14_s0>,3,Q<w14_s0>=[M0_Y2[14]|M1_Y2[14]|M2_Y2[14]|M3_Y2[14]|M4_Y2[14]|M5_Y2[14]|M6_Y2[14]|M7_Y2[14]],512,627,1254,ldr Q<w14_s0> [row_base #16*14],224,V<w14_s0>.h[3],14,14,315,78,315,699,x0=B0[315]*twist[78]_from_a315|a699,187,46,187,571,x1=B0[187]*twist[46]_from_a187|a571,59,14,59,443,x2=B0[59]*twist[14]_from_a59|a443,V<w14_s0>.h[3]=Y2[14]_goes_to_work[14]_lane3,phase3_memory_is_row_major_k3_then_k32_with_8_packed_GT_matrices;ntt32_loads_one_Q_per_k32
all_matrices_all_rows,M3=B0_q3,3,0,3,2,15,Y2,Y2=x0-x1-omega3*(x1-x2),Q<w15_s0>,3,Q<w15_s0>=[M0_Y2[15]|M1_Y2[15]|M2_Y2[15]|M3_Y2[15]|M4_Y2[15]|M5_Y2[15]|M6_Y2[15]|M7_Y2[15]],512,635,1270,ldr Q<w15_s0> [row_base #16*15],240,V<w15_s0>.h[3],15,30,63,15,63,447,x0=B0[63]*twist[15]_from_a63|a447,319,79,319,703,x1=B0[319]*twist[79]_from_a319|a703,191,47,191,575,x2=B0[191]*twist[47]_from_a191|a575,V<w15_s0>.h[3]=Y2[15]_goes_to_work[15]_lane3,phase3_memory_is_row_major_k3_then_k32_with_8_packed_GT_matrices;ntt32_loads_one_Q_per_k32
all_matrices_all_rows,M3=B0_q3,3,0,3,2,16,Y2,Y2=x0-x1-omega3*(x1-x2),Q<w16_s0>,3,Q<w16_s0>=[M0_Y2[16]|M1_Y2[16]|M2_Y2[16]|M3_Y2[16]|M4_Y2[16]|M5_Y2[16]|M6_Y2[16]|M7_Y2[16]],512,643,1286,ldr Q<w16_s0> [row_base #16*16],256,V<w16_s0>.h[3],16,1,195,48,195,579,x0=B0[195]*twist[48]_from_a195|a579,67,16,67,451,x1=B0[67]*twist[16]_from_a67|a451,323,80,323,707,x2=B0[323]*twist[80]_from_a323|a707,V<w16_s0>.h[3]=Y2[16]_goes_to_work[16]_lane3,phase3_memory_is_row_major_k3_then_k32_with_8_packed_GT_matrices;ntt32_loads_one_Q_per_k32
all_matrices_all_rows,M3=B0_q3,3,0,3,2,17,Y2,Y2=x0-x1-omega3*(x1-x2),Q<w17_s0>,3,Q<w17_s0>=[M0_Y2[17]|M1_Y2[17]|M2_Y2[17]|M3_Y2[17]|M4_Y2[17]|M5_Y2[17]|M6_Y2[17]|M7_Y2[17]],512,651,1302,ldr Q<w17_s0> [row_base #16*17],272,V<w17_s0>.h[3],17,17,327,81,327,711,x0=B0[327]*twist[81]_from_a327|a711,199,49,199,583,x1=B0[199]*twist[49]_from_a199|a583,71,17,71,455,x2=B0[71]*twist[17]_from_a71|a455,V<w17_s0>.h[3]=Y2[17]_goes_to_work[17]_lane3,phase3_memory_is_row_major_k3_then_k32_with_8_packed_GT_matrices;ntt32_loads_one_Q_per_k32
all_matrices_all_rows,M3=B0_q3,3,0,3,2,18,Y2,Y2=x0-x1-omega3*(x1-x2),Q<w18_s0>,3,Q<w18_s0>=[M0_Y2[18]|M1_Y2[18]|M2_Y2[18]|M3_Y2[18]|M4_Y2[18]|M5_Y2[18]|M6_Y2[18]|M7_Y2[18]],512,659,1318,ldr Q<w18_s0> [row_base #16*18],288,V<w18_s0>.h[3],18,9,75,18,75,459,x0=B0[75]*twist[18]_from_a75|a459,331,82,331,715,x1=B0[331]*twist[82]_from_a331|a715,203,50,203,587,x2=B0[203]*twist[50]_from_a203|a587,V<w18_s0>.h[3]=Y2[18]_goes_to_work[18]_lane3,phase3_memory_is_row_major_k3_then_k32_with_8_packed_GT_matrices;ntt32_loads_one_Q_per_k32
all_matrices_all_rows,M3=B0_q3,3,0,3,2,19,Y2,Y2=x0-x1-omega3*(x1-x2),Q<w19_s0>,3,Q<w19_s0>=[M0_Y2[19]|M1_Y2[19]|M2_Y2[19]|M3_Y2[19]|M4_Y2[19]|M5_Y2[19]|M6_Y2[19]|M7_Y2[19]],512,667,1334,ldr Q<w19_s0> [row_base #16*19],304,V<w19_s0>.h[3],19,25,207,51,207,591,x0=B0[207]*twist[51]_from_a207|a591,79,19,79,463,x1=B0[79]*twist[19]_from_a79|a463,335,83,335,719,x2=B0[335]*twist[83]_from_a335|a719,V<w19_s0>.h[3]=Y2[19]_goes_to_work[19]_lane3,phase3_memory_is_row_major_k3_then_k32_with_8_packed_GT_matrices;ntt32_loads_one_Q_per_k32
all_matrices_all_rows,M3=B0_q3,3,0,3,2,20,Y2,Y2=x0-x1-omega3*(x1-x2),Q<w20_s0>,3,Q<w20_s0>=[M0_Y2[20]|M1_Y2[20]|M2_Y2[20]|M3_Y2[20]|M4_Y2[20]|M5_Y2[20]|M6_Y2[20]|M7_Y2[20]],512,675,1350,ldr Q<w20_s0> [row_base #16*20],320,V<w20_s0>.h[3],20,5,339,84,339,723,x0=B0[339]*twist[84]_from_a339|a723,211,52,211,595,x1=B0[211]*twist[52]_from_a211|a595,83,20,83,467,x2=B0[83]*twist[20]_from_a83|a467,V<w20_s0>.h[3]=Y2[20]_goes_to_work[20]_lane3,phase3_memory_is_row_major_k3_then_k32_with_8_packed_GT_matrices;ntt32_loads_one_Q_per_k32
all_matrices_all_rows,M3=B0_q3,3,0,3,2,21,Y2,Y2=x0-x1-omega3*(x1-x2),Q<w21_s0>,3,Q<w21_s0>=[M0_Y2[21]|M1_Y2[21]|M2_Y2[21]|M3_Y2[21]|M4_Y2[21]|M5_Y2[21]|M6_Y2[21]|M7_Y2[21]],512,683,1366,ldr Q<w21_s0> [row_base #16*21],336,V<w21_s0>.h[3],21,21,87,21,87,471,x0=B0[87]*twist[21]_from_a87|a471,343,85,343,727,x1=B0[343]*twist[85]_from_a343|a727,215,53,215,599,x2=B0[215]*twist[53]_from_a215|a599,V<w21_s0>.h[3]=Y2[21]_goes_to_work[21]_lane3,phase3_memory_is_row_major_k3_then_k32_with_8_packed_GT_matrices;ntt32_loads_one_Q_per_k32
all_matrices_all_rows,M3=B0_q3,3,0,3,2,22,Y2,Y2=x0-x1-omega3*(x1-x2),Q<w22_s0>,3,Q<w22_s0>=[M0_Y2[22]|M1_Y2[22]|M2_Y2[22]|M3_Y2[22]|M4_Y2[22]|M5_Y2[22]|M6_Y2[22]|M7_Y2[22]],512,691,1382,ldr Q<w22_s0> [row_base #16*22],352,V<w22_s0>.h[3],22,13,219,54,219,603,x0=B0[219]*twist[54]_from_a219|a603,91,22,91,475,x1=B0[91]*twist[22]_from_a91|a475,347,86,347,731,x2=B0[347]*twist[86]_from_a347|a731,V<w22_s0>.h[3]=Y2[22]_goes_to_work[22]_lane3,phase3_memory_is_row_major_k3_then_k32_with_8_packed_GT_matrices;ntt32_loads_one_Q_per_k32
all_matrices_all_rows,M3=B0_q3,3,0,3,2,23,Y2,Y2=x0-x1-omega3*(x1-x2),Q<w23_s0>,3,Q<w23_s0>=[M0_Y2[23]|M1_Y2[23]|M2_Y2[23]|M3_Y2[23]|M4_Y2[23]|M5_Y2[23]|M6_Y2[23]|M7_Y2[23]],512,699,1398,ldr Q<w23_s0> [row_base #16*23],368,V<w23_s0>.h[3],23,29,351,87,351,735,x0=B0[351]*twist[87]_from_a351|a735,223,55,223,607,x1=B0[223]*twist[55]_from_a223|a607,95,23,95,479,x2=B0[95]*twist[23]_from_a95|a479,V<w23_s0>.h[3]=Y2[23]_goes_to_work[23]_lane3,phase3_memory_is_row_major_k3_then_k32_with_8_packed_GT_matrices;ntt32_loads_one_Q_per_k32
all_matrices_all_rows,M3=B0_q3,3,0,3,2,24,Y2,Y2=x0-x1-omega3*(x1-x2),Q<w24_s0>,3,Q<w24_s0>=[M0_Y2[24]|M1_Y2[24]|M2_Y2[24]|M3_Y2[24]|M4_Y2[24]|M5_Y2[24]|M6_Y2[24]|M7_Y2[24]],512,707,1414,ldr Q<w24_s0> [row_base #16*24],384,V<w24_s0>.h[3],24,3,99,24,99,483,x0=B0[99]*twist[24]_from_a99|a483,355,88,355,739,x1=B0[355]*twist[88]_from_a355|a739,227,56,227,611,x2=B0[227]*twist[56]_from_a227|a611,V<w24_s0>.h[3]=Y2[24]_goes_to_work[24]_lane3,phase3_memory_is_row_major_k3_then_k32_with_8_packed_GT_matrices;ntt32_loads_one_Q_per_k32
all_matrices_all_rows,M3=B0_q3,3,0,3,2,25,Y2,Y2=x0-x1-omega3*(x1-x2),Q<w25_s0>,3,Q<w25_s0>=[M0_Y2[25]|M1_Y2[25]|M2_Y2[25]|M3_Y2[25]|M4_Y2[25]|M5_Y2[25]|M6_Y2[25]|M7_Y2[25]],512,715,1430,ldr Q<w25_s0> [row_base #16*25],400,V<w25_s0>.h[3],25,19,231,57,231,615,x0=B0[231]*twist[57]_from_a231|a615,103,25,103,487,x1=B0[103]*twist[25]_from_a103|a487,359,89,359,743,x2=B0[359]*twist[89]_from_a359|a743,V<w25_s0>.h[3]=Y2[25]_goes_to_work[25]_lane3,phase3_memory_is_row_major_k3_then_k32_with_8_packed_GT_matrices;ntt32_loads_one_Q_per_k32
all_matrices_all_rows,M3=B0_q3,3,0,3,2,26,Y2,Y2=x0-x1-omega3*(x1-x2),Q<w26_s0>,3,Q<w26_s0>=[M0_Y2[26]|M1_Y2[26]|M2_Y2[26]|M3_Y2[26]|M4_Y2[26]|M5_Y2[26]|M6_Y2[26]|M7_Y2[26]],512,723,1446,ldr Q<w26_s0> [row_base #16*26],416,V<w26_s0>.h[3],26,11,363,90,363,747,x0=B0[363]*twist[90]_from_a363|a747,235,58,235,619,x1=B0[235]*twist[58]_from_a235|a619,107,26,107,491,x2=B0[107]*twist[26]_from_a107|a491,V<w26_s0>.h[3]=Y2[26]_goes_to_work[26]_lane3,phase3_memory_is_row_major_k3_then_k32_with_8_packed_GT_matrices;ntt32_loads_one_Q_per_k32
all_matrices_all_rows,M3=B0_q3,3,0,3,2,27,Y2,Y2=x0-x1-omega3*(x1-x2),Q<w27_s0>,3,Q<w27_s0>=[M0_Y2[27]|M1_Y2[27]|M2_Y2[27]|M3_Y2[27]|M4_Y2[27]|M5_Y2[27]|M6_Y2[27]|M7_Y2[27]],512,731,1462,ldr Q<w27_s0> [row_base #16*27],432,V<w27_s0>.h[3],27,27,111,27,111,495,x0=B0[111]*twist[27]_from_a111|a495,367,91,367,751,x1=B0[367]*twist[91]_from_a367|a751,239,59,239,623,x2=B0[239]*twist[59]_from_a239|a623,V<w27_s0>.h[3]=Y2[27]_goes_to_work[27]_lane3,phase3_memory_is_row_major_k3_then_k32_with_8_packed_GT_matrices;ntt32_loads_one_Q_per_k32
all_matrices_all_rows,M3=B0_q3,3,0,3,2,28,Y2,Y2=x0-x1-omega3*(x1-x2),Q<w28_s0>,3,Q<w28_s0>=[M0_Y2[28]|M1_Y2[28]|M2_Y2[28]|M3_Y2[28]|M4_Y2[28]|M5_Y2[28]|M6_Y2[28]|M7_Y2[28]],512,739,1478,ldr Q<w28_s0> [row_base #16*28],448,V<w28_s0>.h[3],28,7,243,60,243,627,x0=B0[243]*twist[60]_from_a243|a627,115,28,115,499,x1=B0[115]*twist[28]_from_a115|a499,371,92,371,755,x2=B0[371]*twist[92]_from_a371|a755,V<w28_s0>.h[3]=Y2[28]_goes_to_work[28]_lane3,phase3_memory_is_row_major_k3_then_k32_with_8_packed_GT_matrices;ntt32_loads_one_Q_per_k32
all_matrices_all_rows,M3=B0_q3,3,0,3,2,29,Y2,Y2=x0-x1-omega3*(x1-x2),Q<w29_s0>,3,Q<w29_s0>=[M0_Y2[29]|M1_Y2[29]|M2_Y2[29]|M3_Y2[29]|M4_Y2[29]|M5_Y2[29]|M6_Y2[29]|M7_Y2[29]],512,747,1494,ldr Q<w29_s0> [row_base #16*29],464,V<w29_s0>.h[3],29,23,375,93,375,759,x0=B0[375]*twist[93]_from_a375|a759,247,61,247,631,x1=B0[247]*twist[61]_from_a247|a631,119,29,119,503,x2=B0[119]*twist[29]_from_a119|a503,V<w29_s0>.h[3]=Y2[29]_goes_to_work[29]_lane3,phase3_memory_is_row_major_k3_then_k32_with_8_packed_GT_matrices;ntt32_loads_one_Q_per_k32
all_matrices_all_rows,M3=B0_q3,3,0,3,2,30,Y2,Y2=x0-x1-omega3*(x1-x2),Q<w30_s0>,3,Q<w30_s0>=[M0_Y2[30]|M1_Y2[30]|M2_Y2[30]|M3_Y2[30]|M4_Y2[30]|M5_Y2[30]|M6_Y2[30]|M7_Y2[30]],512,755,1510,ldr Q<w30_s0> [row_base #16*30],480,V<w30_s0>.h[3],30,15,123,30,123,507,x0=B0[123]*twist[30]_from_a123|a507,379,94,379,763,x1=B0[379]*twist[94]_from_a379|a763,251,62,251,635,x2=B0[251]*twist[62]_from_a251|a635,V<w30_s0>.h[3]=Y2[30]_goes_to_work[30]_lane3,phase3_memory_is_row_major_k3_then_k32_with_8_packed_GT_matrices;ntt32_loads_one_Q_per_k32
all_matrices_all_rows,M3=B0_q3,3,0,3,2,31,Y2,Y2=x0-x1-omega3*(x1-x2),Q<w31_s0>,3,Q<w31_s0>=[M0_Y2[31]|M1_Y2[31]|M2_Y2[31]|M3_Y2[31]|M4_Y2[31]|M5_Y2[31]|M6_Y2[31]|M7_Y2[31]],512,763,1526,ldr Q<w31_s0> [row_base #16*31],496,V<w31_s0>.h[3],31,31,255,63,255,639,x0=B0[255]*twist[63]_from_a255|a639,127,31,127,511,x1=B0[127]*twist[31]_from_a127|a511,383,95,383,767,x2=B0[383]*twist[95]_from_a383|a767,V<w31_s0>.h[3]=Y2[31]_goes_to_work[31]_lane3,phase3_memory_is_row_major_k3_then_k32_with_8_packed_GT_matrices;ntt32_loads_one_Q_per_k32
all_matrices_all_rows,M4=B1_q0,4,1,0,0,0,Y0,Y0=x0+x1+x2,Q<w00_s0>,4,Q<w00_s0>=[M0_Y0[0]|M1_Y0[0]|M2_Y0[0]|M3_Y0[0]|M4_Y0[0]|M5_Y0[0]|M6_Y0[0]|M7_Y0[0]],0,4,8,ldr Q<w00_s0> [row_base #16*0],0,V<w00_s0>.h[4],0,0,384,0,0,384,x0=B1[0]*twist[0]_from_a0|a384,640,64,256,640,x1=B1[256]*twist[64]_from_a256|a640,512,32,128,512,x2=B1[128]*twist[32]_from_a128|a512,V<w00_s0>.h[4]=Y0[0]_goes_to_work[0]_lane4,phase3_memory_is_row_major_k3_then_k32_with_8_packed_GT_matrices;ntt32_loads_one_Q_per_k32
all_matrices_all_rows,M4=B1_q0,4,1,0,0,1,Y0,Y0=x0+x1+x2,Q<w01_s0>,4,Q<w01_s0>=[M0_Y0[1]|M1_Y0[1]|M2_Y0[1]|M3_Y0[1]|M4_Y0[1]|M5_Y0[1]|M6_Y0[1]|M7_Y0[1]],0,12,24,ldr Q<w01_s0> [row_base #16*1],16,V<w01_s0>.h[4],1,16,516,33,132,516,x0=B1[132]*twist[33]_from_a132|a516,388,1,4,388,x1=B1[4]*twist[1]_from_a4|a388,644,65,260,644,x2=B1[260]*twist[65]_from_a260|a644,V<w01_s0>.h[4]=Y0[1]_goes_to_work[1]_lane4,phase3_memory_is_row_major_k3_then_k32_with_8_packed_GT_matrices;ntt32_loads_one_Q_per_k32
all_matrices_all_rows,M4=B1_q0,4,1,0,0,2,Y0,Y0=x0+x1+x2,Q<w02_s0>,4,Q<w02_s0>=[M0_Y0[2]|M1_Y0[2]|M2_Y0[2]|M3_Y0[2]|M4_Y0[2]|M5_Y0[2]|M6_Y0[2]|M7_Y0[2]],0,20,40,ldr Q<w02_s0> [row_base #16*2],32,V<w02_s0>.h[4],2,8,648,66,264,648,x0=B1[264]*twist[66]_from_a264|a648,520,34,136,520,x1=B1[136]*twist[34]_from_a136|a520,392,2,8,392,x2=B1[8]*twist[2]_from_a8|a392,V<w02_s0>.h[4]=Y0[2]_goes_to_work[2]_lane4,phase3_memory_is_row_major_k3_then_k32_with_8_packed_GT_matrices;ntt32_loads_one_Q_per_k32
all_matrices_all_rows,M4=B1_q0,4,1,0,0,3,Y0,Y0=x0+x1+x2,Q<w03_s0>,4,Q<w03_s0>=[M0_Y0[3]|M1_Y0[3]|M2_Y0[3]|M3_Y0[3]|M4_Y0[3]|M5_Y0[3]|M6_Y0[3]|M7_Y0[3]],0,28,56,ldr Q<w03_s0> [row_base #16*3],48,V<w03_s0>.h[4],3,24,396,3,12,396,x0=B1[12]*twist[3]_from_a12|a396,652,67,268,652,x1=B1[268]*twist[67]_from_a268|a652,524,35,140,524,x2=B1[140]*twist[35]_from_a140|a524,V<w03_s0>.h[4]=Y0[3]_goes_to_work[3]_lane4,phase3_memory_is_row_major_k3_then_k32_with_8_packed_GT_matrices;ntt32_loads_one_Q_per_k32
all_matrices_all_rows,M4=B1_q0,4,1,0,0,4,Y0,Y0=x0+x1+x2,Q<w04_s0>,4,Q<w04_s0>=[M0_Y0[4]|M1_Y0[4]|M2_Y0[4]|M3_Y0[4]|M4_Y0[4]|M5_Y0[4]|M6_Y0[4]|M7_Y0[4]],0,36,72,ldr Q<w04_s0> [row_base #16*4],64,V<w04_s0>.h[4],4,4,528,36,144,528,x0=B1[144]*twist[36]_from_a144|a528,400,4,16,400,x1=B1[16]*twist[4]_from_a16|a400,656,68,272,656,x2=B1[272]*twist[68]_from_a272|a656,V<w04_s0>.h[4]=Y0[4]_goes_to_work[4]_lane4,phase3_memory_is_row_major_k3_then_k32_with_8_packed_GT_matrices;ntt32_loads_one_Q_per_k32
all_matrices_all_rows,M4=B1_q0,4,1,0,0,5,Y0,Y0=x0+x1+x2,Q<w05_s0>,4,Q<w05_s0>=[M0_Y0[5]|M1_Y0[5]|M2_Y0[5]|M3_Y0[5]|M4_Y0[5]|M5_Y0[5]|M6_Y0[5]|M7_Y0[5]],0,44,88,ldr Q<w05_s0> [row_base #16*5],80,V<w05_s0>.h[4],5,20,660,69,276,660,x0=B1[276]*twist[69]_from_a276|a660,532,37,148,532,x1=B1[148]*twist[37]_from_a148|a532,404,5,20,404,x2=B1[20]*twist[5]_from_a20|a404,V<w05_s0>.h[4]=Y0[5]_goes_to_work[5]_lane4,phase3_memory_is_row_major_k3_then_k32_with_8_packed_GT_matrices;ntt32_loads_one_Q_per_k32
all_matrices_all_rows,M4=B1_q0,4,1,0,0,6,Y0,Y0=x0+x1+x2,Q<w06_s0>,4,Q<w06_s0>=[M0_Y0[6]|M1_Y0[6]|M2_Y0[6]|M3_Y0[6]|M4_Y0[6]|M5_Y0[6]|M6_Y0[6]|M7_Y0[6]],0,52,104,ldr Q<w06_s0> [row_base #16*6],96,V<w06_s0>.h[4],6,12,408,6,24,408,x0=B1[24]*twist[6]_from_a24|a408,664,70,280,664,x1=B1[280]*twist[70]_from_a280|a664,536,38,152,536,x2=B1[152]*twist[38]_from_a152|a536,V<w06_s0>.h[4]=Y0[6]_goes_to_work[6]_lane4,phase3_memory_is_row_major_k3_then_k32_with_8_packed_GT_matrices;ntt32_loads_one_Q_per_k32
all_matrices_all_rows,M4=B1_q0,4,1,0,0,7,Y0,Y0=x0+x1+x2,Q<w07_s0>,4,Q<w07_s0>=[M0_Y0[7]|M1_Y0[7]|M2_Y0[7]|M3_Y0[7]|M4_Y0[7]|M5_Y0[7]|M6_Y0[7]|M7_Y0[7]],0,60,120,ldr Q<w07_s0> [row_base #16*7],112,V<w07_s0>.h[4],7,28,540,39,156,540,x0=B1[156]*twist[39]_from_a156|a540,412,7,28,412,x1=B1[28]*twist[7]_from_a28|a412,668,71,284,668,x2=B1[284]*twist[71]_from_a284|a668,V<w07_s0>.h[4]=Y0[7]_goes_to_work[7]_lane4,phase3_memory_is_row_major_k3_then_k32_with_8_packed_GT_matrices;ntt32_loads_one_Q_per_k32
all_matrices_all_rows,M4=B1_q0,4,1,0,0,8,Y0,Y0=x0+x1+x2,Q<w08_s0>,4,Q<w08_s0>=[M0_Y0[8]|M1_Y0[8]|M2_Y0[8]|M3_Y0[8]|M4_Y0[8]|M5_Y0[8]|M6_Y0[8]|M7_Y0[8]],0,68,136,ldr Q<w08_s0> [row_base #16*8],128,V<w08_s0>.h[4],8,2,672,72,288,672,x0=B1[288]*twist[72]_from_a288|a672,544,40,160,544,x1=B1[160]*twist[40]_from_a160|a544,416,8,32,416,x2=B1[32]*twist[8]_from_a32|a416,V<w08_s0>.h[4]=Y0[8]_goes_to_work[8]_lane4,phase3_memory_is_row_major_k3_then_k32_with_8_packed_GT_matrices;ntt32_loads_one_Q_per_k32
all_matrices_all_rows,M4=B1_q0,4,1,0,0,9,Y0,Y0=x0+x1+x2,Q<w09_s0>,4,Q<w09_s0>=[M0_Y0[9]|M1_Y0[9]|M2_Y0[9]|M3_Y0[9]|M4_Y0[9]|M5_Y0[9]|M6_Y0[9]|M7_Y0[9]],0,76,152,ldr Q<w09_s0> [row_base #16*9],144,V<w09_s0>.h[4],9,18,420,9,36,420,x0=B1[36]*twist[9]_from_a36|a420,676,73,292,676,x1=B1[292]*twist[73]_from_a292|a676,548,41,164,548,x2=B1[164]*twist[41]_from_a164|a548,V<w09_s0>.h[4]=Y0[9]_goes_to_work[9]_lane4,phase3_memory_is_row_major_k3_then_k32_with_8_packed_GT_matrices;ntt32_loads_one_Q_per_k32
all_matrices_all_rows,M4=B1_q0,4,1,0,0,10,Y0,Y0=x0+x1+x2,Q<w10_s0>,4,Q<w10_s0>=[M0_Y0[10]|M1_Y0[10]|M2_Y0[10]|M3_Y0[10]|M4_Y0[10]|M5_Y0[10]|M6_Y0[10]|M7_Y0[10]],0,84,168,ldr Q<w10_s0> [row_base #16*10],160,V<w10_s0>.h[4],10,10,552,42,168,552,x0=B1[168]*twist[42]_from_a168|a552,424,10,40,424,x1=B1[40]*twist[10]_from_a40|a424,680,74,296,680,x2=B1[296]*twist[74]_from_a296|a680,V<w10_s0>.h[4]=Y0[10]_goes_to_work[10]_lane4,phase3_memory_is_row_major_k3_then_k32_with_8_packed_GT_matrices;ntt32_loads_one_Q_per_k32
all_matrices_all_rows,M4=B1_q0,4,1,0,0,11,Y0,Y0=x0+x1+x2,Q<w11_s0>,4,Q<w11_s0>=[M0_Y0[11]|M1_Y0[11]|M2_Y0[11]|M3_Y0[11]|M4_Y0[11]|M5_Y0[11]|M6_Y0[11]|M7_Y0[11]],0,92,184,ldr Q<w11_s0> [row_base #16*11],176,V<w11_s0>.h[4],11,26,684,75,300,684,x0=B1[300]*twist[75]_from_a300|a684,556,43,172,556,x1=B1[172]*twist[43]_from_a172|a556,428,11,44,428,x2=B1[44]*twist[11]_from_a44|a428,V<w11_s0>.h[4]=Y0[11]_goes_to_work[11]_lane4,phase3_memory_is_row_major_k3_then_k32_with_8_packed_GT_matrices;ntt32_loads_one_Q_per_k32
all_matrices_all_rows,M4=B1_q0,4,1,0,0,12,Y0,Y0=x0+x1+x2,Q<w12_s0>,4,Q<w12_s0>=[M0_Y0[12]|M1_Y0[12]|M2_Y0[12]|M3_Y0[12]|M4_Y0[12]|M5_Y0[12]|M6_Y0[12]|M7_Y0[12]],0,100,200,ldr Q<w12_s0> [row_base #16*12],192,V<w12_s0>.h[4],12,6,432,12,48,432,x0=B1[48]*twist[12]_from_a48|a432,688,76,304,688,x1=B1[304]*twist[76]_from_a304|a688,560,44,176,560,x2=B1[176]*twist[44]_from_a176|a560,V<w12_s0>.h[4]=Y0[12]_goes_to_work[12]_lane4,phase3_memory_is_row_major_k3_then_k32_with_8_packed_GT_matrices;ntt32_loads_one_Q_per_k32
all_matrices_all_rows,M4=B1_q0,4,1,0,0,13,Y0,Y0=x0+x1+x2,Q<w13_s0>,4,Q<w13_s0>=[M0_Y0[13]|M1_Y0[13]|M2_Y0[13]|M3_Y0[13]|M4_Y0[13]|M5_Y0[13]|M6_Y0[13]|M7_Y0[13]],0,108,216,ldr Q<w13_s0> [row_base #16*13],208,V<w13_s0>.h[4],13,22,564,45,180,564,x0=B1[180]*twist[45]_from_a180|a564,436,13,52,436,x1=B1[52]*twist[13]_from_a52|a436,692,77,308,692,x2=B1[308]*twist[77]_from_a308|a692,V<w13_s0>.h[4]=Y0[13]_goes_to_work[13]_lane4,phase3_memory_is_row_major_k3_then_k32_with_8_packed_GT_matrices;ntt32_loads_one_Q_per_k32
all_matrices_all_rows,M4=B1_q0,4,1,0,0,14,Y0,Y0=x0+x1+x2,Q<w14_s0>,4,Q<w14_s0>=[M0_Y0[14]|M1_Y0[14]|M2_Y0[14]|M3_Y0[14]|M4_Y0[14]|M5_Y0[14]|M6_Y0[14]|M7_Y0[14]],0,116,232,ldr Q<w14_s0> [row_base #16*14],224,V<w14_s0>.h[4],14,14,696,78,312,696,x0=B1[312]*twist[78]_from_a312|a696,568,46,184,568,x1=B1[184]*twist[46]_from_a184|a568,440,14,56,440,x2=B1[56]*twist[14]_from_a56|a440,V<w14_s0>.h[4]=Y0[14]_goes_to_work[14]_lane4,phase3_memory_is_row_major_k3_then_k32_with_8_packed_GT_matrices;ntt32_loads_one_Q_per_k32
all_matrices_all_rows,M4=B1_q0,4,1,0,0,15,Y0,Y0=x0+x1+x2,Q<w15_s0>,4,Q<w15_s0>=[M0_Y0[15]|M1_Y0[15]|M2_Y0[15]|M3_Y0[15]|M4_Y0[15]|M5_Y0[15]|M6_Y0[15]|M7_Y0[15]],0,124,248,ldr Q<w15_s0> [row_base #16*15],240,V<w15_s0>.h[4],15,30,444,15,60,444,x0=B1[60]*twist[15]_from_a60|a444,700,79,316,700,x1=B1[316]*twist[79]_from_a316|a700,572,47,188,572,x2=B1[188]*twist[47]_from_a188|a572,V<w15_s0>.h[4]=Y0[15]_goes_to_work[15]_lane4,phase3_memory_is_row_major_k3_then_k32_with_8_packed_GT_matrices;ntt32_loads_one_Q_per_k32
all_matrices_all_rows,M4=B1_q0,4,1,0,0,16,Y0,Y0=x0+x1+x2,Q<w16_s0>,4,Q<w16_s0>=[M0_Y0[16]|M1_Y0[16]|M2_Y0[16]|M3_Y0[16]|M4_Y0[16]|M5_Y0[16]|M6_Y0[16]|M7_Y0[16]],0,132,264,ldr Q<w16_s0> [row_base #16*16],256,V<w16_s0>.h[4],16,1,576,48,192,576,x0=B1[192]*twist[48]_from_a192|a576,448,16,64,448,x1=B1[64]*twist[16]_from_a64|a448,704,80,320,704,x2=B1[320]*twist[80]_from_a320|a704,V<w16_s0>.h[4]=Y0[16]_goes_to_work[16]_lane4,phase3_memory_is_row_major_k3_then_k32_with_8_packed_GT_matrices;ntt32_loads_one_Q_per_k32
all_matrices_all_rows,M4=B1_q0,4,1,0,0,17,Y0,Y0=x0+x1+x2,Q<w17_s0>,4,Q<w17_s0>=[M0_Y0[17]|M1_Y0[17]|M2_Y0[17]|M3_Y0[17]|M4_Y0[17]|M5_Y0[17]|M6_Y0[17]|M7_Y0[17]],0,140,280,ldr Q<w17_s0> [row_base #16*17],272,V<w17_s0>.h[4],17,17,708,81,324,708,x0=B1[324]*twist[81]_from_a324|a708,580,49,196,580,x1=B1[196]*twist[49]_from_a196|a580,452,17,68,452,x2=B1[68]*twist[17]_from_a68|a452,V<w17_s0>.h[4]=Y0[17]_goes_to_work[17]_lane4,phase3_memory_is_row_major_k3_then_k32_with_8_packed_GT_matrices;ntt32_loads_one_Q_per_k32
all_matrices_all_rows,M4=B1_q0,4,1,0,0,18,Y0,Y0=x0+x1+x2,Q<w18_s0>,4,Q<w18_s0>=[M0_Y0[18]|M1_Y0[18]|M2_Y0[18]|M3_Y0[18]|M4_Y0[18]|M5_Y0[18]|M6_Y0[18]|M7_Y0[18]],0,148,296,ldr Q<w18_s0> [row_base #16*18],288,V<w18_s0>.h[4],18,9,456,18,72,456,x0=B1[72]*twist[18]_from_a72|a456,712,82,328,712,x1=B1[328]*twist[82]_from_a328|a712,584,50,200,584,x2=B1[200]*twist[50]_from_a200|a584,V<w18_s0>.h[4]=Y0[18]_goes_to_work[18]_lane4,phase3_memory_is_row_major_k3_then_k32_with_8_packed_GT_matrices;ntt32_loads_one_Q_per_k32
all_matrices_all_rows,M4=B1_q0,4,1,0,0,19,Y0,Y0=x0+x1+x2,Q<w19_s0>,4,Q<w19_s0>=[M0_Y0[19]|M1_Y0[19]|M2_Y0[19]|M3_Y0[19]|M4_Y0[19]|M5_Y0[19]|M6_Y0[19]|M7_Y0[19]],0,156,312,ldr Q<w19_s0> [row_base #16*19],304,V<w19_s0>.h[4],19,25,588,51,204,588,x0=B1[204]*twist[51]_from_a204|a588,460,19,76,460,x1=B1[76]*twist[19]_from_a76|a460,716,83,332,716,x2=B1[332]*twist[83]_from_a332|a716,V<w19_s0>.h[4]=Y0[19]_goes_to_work[19]_lane4,phase3_memory_is_row_major_k3_then_k32_with_8_packed_GT_matrices;ntt32_loads_one_Q_per_k32
all_matrices_all_rows,M4=B1_q0,4,1,0,0,20,Y0,Y0=x0+x1+x2,Q<w20_s0>,4,Q<w20_s0>=[M0_Y0[20]|M1_Y0[20]|M2_Y0[20]|M3_Y0[20]|M4_Y0[20]|M5_Y0[20]|M6_Y0[20]|M7_Y0[20]],0,164,328,ldr Q<w20_s0> [row_base #16*20],320,V<w20_s0>.h[4],20,5,720,84,336,720,x0=B1[336]*twist[84]_from_a336|a720,592,52,208,592,x1=B1[208]*twist[52]_from_a208|a592,464,20,80,464,x2=B1[80]*twist[20]_from_a80|a464,V<w20_s0>.h[4]=Y0[20]_goes_to_work[20]_lane4,phase3_memory_is_row_major_k3_then_k32_with_8_packed_GT_matrices;ntt32_loads_one_Q_per_k32
all_matrices_all_rows,M4=B1_q0,4,1,0,0,21,Y0,Y0=x0+x1+x2,Q<w21_s0>,4,Q<w21_s0>=[M0_Y0[21]|M1_Y0[21]|M2_Y0[21]|M3_Y0[21]|M4_Y0[21]|M5_Y0[21]|M6_Y0[21]|M7_Y0[21]],0,172,344,ldr Q<w21_s0> [row_base #16*21],336,V<w21_s0>.h[4],21,21,468,21,84,468,x0=B1[84]*twist[21]_from_a84|a468,724,85,340,724,x1=B1[340]*twist[85]_from_a340|a724,596,53,212,596,x2=B1[212]*twist[53]_from_a212|a596,V<w21_s0>.h[4]=Y0[21]_goes_to_work[21]_lane4,phase3_memory_is_row_major_k3_then_k32_with_8_packed_GT_matrices;ntt32_loads_one_Q_per_k32
all_matrices_all_rows,M4=B1_q0,4,1,0,0,22,Y0,Y0=x0+x1+x2,Q<w22_s0>,4,Q<w22_s0>=[M0_Y0[22]|M1_Y0[22]|M2_Y0[22]|M3_Y0[22]|M4_Y0[22]|M5_Y0[22]|M6_Y0[22]|M7_Y0[22]],0,180,360,ldr Q<w22_s0> [row_base #16*22],352,V<w22_s0>.h[4],22,13,600,54,216,600,x0=B1[216]*twist[54]_from_a216|a600,472,22,88,472,x1=B1[88]*twist[22]_from_a88|a472,728,86,344,728,x2=B1[344]*twist[86]_from_a344|a728,V<w22_s0>.h[4]=Y0[22]_goes_to_work[22]_lane4,phase3_memory_is_row_major_k3_then_k32_with_8_packed_GT_matrices;ntt32_loads_one_Q_per_k32
all_matrices_all_rows,M4=B1_q0,4,1,0,0,23,Y0,Y0=x0+x1+x2,Q<w23_s0>,4,Q<w23_s0>=[M0_Y0[23]|M1_Y0[23]|M2_Y0[23]|M3_Y0[23]|M4_Y0[23]|M5_Y0[23]|M6_Y0[23]|M7_Y0[23]],0,188,376,ldr Q<w23_s0> [row_base #16*23],368,V<w23_s0>.h[4],23,29,732,87,348,732,x0=B1[348]*twist[87]_from_a348|a732,604,55,220,604,x1=B1[220]*twist[55]_from_a220|a604,476,23,92,476,x2=B1[92]*twist[23]_from_a92|a476,V<w23_s0>.h[4]=Y0[23]_goes_to_work[23]_lane4,phase3_memory_is_row_major_k3_then_k32_with_8_packed_GT_matrices;ntt32_loads_one_Q_per_k32
all_matrices_all_rows,M4=B1_q0,4,1,0,0,24,Y0,Y0=x0+x1+x2,Q<w24_s0>,4,Q<w24_s0>=[M0_Y0[24]|M1_Y0[24]|M2_Y0[24]|M3_Y0[24]|M4_Y0[24]|M5_Y0[24]|M6_Y0[24]|M7_Y0[24]],0,196,392,ldr Q<w24_s0> [row_base #16*24],384,V<w24_s0>.h[4],24,3,480,24,96,480,x0=B1[96]*twist[24]_from_a96|a480,736,88,352,736,x1=B1[352]*twist[88]_from_a352|a736,608,56,224,608,x2=B1[224]*twist[56]_from_a224|a608,V<w24_s0>.h[4]=Y0[24]_goes_to_work[24]_lane4,phase3_memory_is_row_major_k3_then_k32_with_8_packed_GT_matrices;ntt32_loads_one_Q_per_k32
all_matrices_all_rows,M4=B1_q0,4,1,0,0,25,Y0,Y0=x0+x1+x2,Q<w25_s0>,4,Q<w25_s0>=[M0_Y0[25]|M1_Y0[25]|M2_Y0[25]|M3_Y0[25]|M4_Y0[25]|M5_Y0[25]|M6_Y0[25]|M7_Y0[25]],0,204,408,ldr Q<w25_s0> [row_base #16*25],400,V<w25_s0>.h[4],25,19,612,57,228,612,x0=B1[228]*twist[57]_from_a228|a612,484,25,100,484,x1=B1[100]*twist[25]_from_a100|a484,740,89,356,740,x2=B1[356]*twist[89]_from_a356|a740,V<w25_s0>.h[4]=Y0[25]_goes_to_work[25]_lane4,phase3_memory_is_row_major_k3_then_k32_with_8_packed_GT_matrices;ntt32_loads_one_Q_per_k32
all_matrices_all_rows,M4=B1_q0,4,1,0,0,26,Y0,Y0=x0+x1+x2,Q<w26_s0>,4,Q<w26_s0>=[M0_Y0[26]|M1_Y0[26]|M2_Y0[26]|M3_Y0[26]|M4_Y0[26]|M5_Y0[26]|M6_Y0[26]|M7_Y0[26]],0,212,424,ldr Q<w26_s0> [row_base #16*26],416,V<w26_s0>.h[4],26,11,744,90,360,744,x0=B1[360]*twist[90]_from_a360|a744,616,58,232,616,x1=B1[232]*twist[58]_from_a232|a616,488,26,104,488,x2=B1[104]*twist[26]_from_a104|a488,V<w26_s0>.h[4]=Y0[26]_goes_to_work[26]_lane4,phase3_memory_is_row_major_k3_then_k32_with_8_packed_GT_matrices;ntt32_loads_one_Q_per_k32
all_matrices_all_rows,M4=B1_q0,4,1,0,0,27,Y0,Y0=x0+x1+x2,Q<w27_s0>,4,Q<w27_s0>=[M0_Y0[27]|M1_Y0[27]|M2_Y0[27]|M3_Y0[27]|M4_Y0[27]|M5_Y0[27]|M6_Y0[27]|M7_Y0[27]],0,220,440,ldr Q<w27_s0> [row_base #16*27],432,V<w27_s0>.h[4],27,27,492,27,108,492,x0=B1[108]*twist[27]_from_a108|a492,748,91,364,748,x1=B1[364]*twist[91]_from_a364|a748,620,59,236,620,x2=B1[236]*twist[59]_from_a236|a620,V<w27_s0>.h[4]=Y0[27]_goes_to_work[27]_lane4,phase3_memory_is_row_major_k3_then_k32_with_8_packed_GT_matrices;ntt32_loads_one_Q_per_k32
all_matrices_all_rows,M4=B1_q0,4,1,0,0,28,Y0,Y0=x0+x1+x2,Q<w28_s0>,4,Q<w28_s0>=[M0_Y0[28]|M1_Y0[28]|M2_Y0[28]|M3_Y0[28]|M4_Y0[28]|M5_Y0[28]|M6_Y0[28]|M7_Y0[28]],0,228,456,ldr Q<w28_s0> [row_base #16*28],448,V<w28_s0>.h[4],28,7,624,60,240,624,x0=B1[240]*twist[60]_from_a240|a624,496,28,112,496,x1=B1[112]*twist[28]_from_a112|a496,752,92,368,752,x2=B1[368]*twist[92]_from_a368|a752,V<w28_s0>.h[4]=Y0[28]_goes_to_work[28]_lane4,phase3_memory_is_row_major_k3_then_k32_with_8_packed_GT_matrices;ntt32_loads_one_Q_per_k32
all_matrices_all_rows,M4=B1_q0,4,1,0,0,29,Y0,Y0=x0+x1+x2,Q<w29_s0>,4,Q<w29_s0>=[M0_Y0[29]|M1_Y0[29]|M2_Y0[29]|M3_Y0[29]|M4_Y0[29]|M5_Y0[29]|M6_Y0[29]|M7_Y0[29]],0,236,472,ldr Q<w29_s0> [row_base #16*29],464,V<w29_s0>.h[4],29,23,756,93,372,756,x0=B1[372]*twist[93]_from_a372|a756,628,61,244,628,x1=B1[244]*twist[61]_from_a244|a628,500,29,116,500,x2=B1[116]*twist[29]_from_a116|a500,V<w29_s0>.h[4]=Y0[29]_goes_to_work[29]_lane4,phase3_memory_is_row_major_k3_then_k32_with_8_packed_GT_matrices;ntt32_loads_one_Q_per_k32
all_matrices_all_rows,M4=B1_q0,4,1,0,0,30,Y0,Y0=x0+x1+x2,Q<w30_s0>,4,Q<w30_s0>=[M0_Y0[30]|M1_Y0[30]|M2_Y0[30]|M3_Y0[30]|M4_Y0[30]|M5_Y0[30]|M6_Y0[30]|M7_Y0[30]],0,244,488,ldr Q<w30_s0> [row_base #16*30],480,V<w30_s0>.h[4],30,15,504,30,120,504,x0=B1[120]*twist[30]_from_a120|a504,760,94,376,760,x1=B1[376]*twist[94]_from_a376|a760,632,62,248,632,x2=B1[248]*twist[62]_from_a248|a632,V<w30_s0>.h[4]=Y0[30]_goes_to_work[30]_lane4,phase3_memory_is_row_major_k3_then_k32_with_8_packed_GT_matrices;ntt32_loads_one_Q_per_k32
all_matrices_all_rows,M4=B1_q0,4,1,0,0,31,Y0,Y0=x0+x1+x2,Q<w31_s0>,4,Q<w31_s0>=[M0_Y0[31]|M1_Y0[31]|M2_Y0[31]|M3_Y0[31]|M4_Y0[31]|M5_Y0[31]|M6_Y0[31]|M7_Y0[31]],0,252,504,ldr Q<w31_s0> [row_base #16*31],496,V<w31_s0>.h[4],31,31,636,63,252,636,x0=B1[252]*twist[63]_from_a252|a636,508,31,124,508,x1=B1[124]*twist[31]_from_a124|a508,764,95,380,764,x2=B1[380]*twist[95]_from_a380|a764,V<w31_s0>.h[4]=Y0[31]_goes_to_work[31]_lane4,phase3_memory_is_row_major_k3_then_k32_with_8_packed_GT_matrices;ntt32_loads_one_Q_per_k32
all_matrices_all_rows,M4=B1_q0,4,1,0,1,0,Y1,Y1=x0-x2+omega3*(x1-x2),Q<w00_s0>,4,Q<w00_s0>=[M0_Y1[0]|M1_Y1[0]|M2_Y1[0]|M3_Y1[0]|M4_Y1[0]|M5_Y1[0]|M6_Y1[0]|M7_Y1[0]],256,260,520,ldr Q<w00_s0> [row_base #16*0],0,V<w00_s0>.h[4],0,0,384,0,0,384,x0=B1[0]*twist[0]_from_a0|a384,640,64,256,640,x1=B1[256]*twist[64]_from_a256|a640,512,32,128,512,x2=B1[128]*twist[32]_from_a128|a512,V<w00_s0>.h[4]=Y1[0]_goes_to_work[0]_lane4,phase3_memory_is_row_major_k3_then_k32_with_8_packed_GT_matrices;ntt32_loads_one_Q_per_k32
all_matrices_all_rows,M4=B1_q0,4,1,0,1,1,Y1,Y1=x0-x2+omega3*(x1-x2),Q<w01_s0>,4,Q<w01_s0>=[M0_Y1[1]|M1_Y1[1]|M2_Y1[1]|M3_Y1[1]|M4_Y1[1]|M5_Y1[1]|M6_Y1[1]|M7_Y1[1]],256,268,536,ldr Q<w01_s0> [row_base #16*1],16,V<w01_s0>.h[4],1,16,516,33,132,516,x0=B1[132]*twist[33]_from_a132|a516,388,1,4,388,x1=B1[4]*twist[1]_from_a4|a388,644,65,260,644,x2=B1[260]*twist[65]_from_a260|a644,V<w01_s0>.h[4]=Y1[1]_goes_to_work[1]_lane4,phase3_memory_is_row_major_k3_then_k32_with_8_packed_GT_matrices;ntt32_loads_one_Q_per_k32
all_matrices_all_rows,M4=B1_q0,4,1,0,1,2,Y1,Y1=x0-x2+omega3*(x1-x2),Q<w02_s0>,4,Q<w02_s0>=[M0_Y1[2]|M1_Y1[2]|M2_Y1[2]|M3_Y1[2]|M4_Y1[2]|M5_Y1[2]|M6_Y1[2]|M7_Y1[2]],256,276,552,ldr Q<w02_s0> [row_base #16*2],32,V<w02_s0>.h[4],2,8,648,66,264,648,x0=B1[264]*twist[66]_from_a264|a648,520,34,136,520,x1=B1[136]*twist[34]_from_a136|a520,392,2,8,392,x2=B1[8]*twist[2]_from_a8|a392,V<w02_s0>.h[4]=Y1[2]_goes_to_work[2]_lane4,phase3_memory_is_row_major_k3_then_k32_with_8_packed_GT_matrices;ntt32_loads_one_Q_per_k32
all_matrices_all_rows,M4=B1_q0,4,1,0,1,3,Y1,Y1=x0-x2+omega3*(x1-x2),Q<w03_s0>,4,Q<w03_s0>=[M0_Y1[3]|M1_Y1[3]|M2_Y1[3]|M3_Y1[3]|M4_Y1[3]|M5_Y1[3]|M6_Y1[3]|M7_Y1[3]],256,284,568,ldr Q<w03_s0> [row_base #16*3],48,V<w03_s0>.h[4],3,24,396,3,12,396,x0=B1[12]*twist[3]_from_a12|a396,652,67,268,652,x1=B1[268]*twist[67]_from_a268|a652,524,35,140,524,x2=B1[140]*twist[35]_from_a140|a524,V<w03_s0>.h[4]=Y1[3]_goes_to_work[3]_lane4,phase3_memory_is_row_major_k3_then_k32_with_8_packed_GT_matrices;ntt32_loads_one_Q_per_k32
all_matrices_all_rows,M4=B1_q0,4,1,0,1,4,Y1,Y1=x0-x2+omega3*(x1-x2),Q<w04_s0>,4,Q<w04_s0>=[M0_Y1[4]|M1_Y1[4]|M2_Y1[4]|M3_Y1[4]|M4_Y1[4]|M5_Y1[4]|M6_Y1[4]|M7_Y1[4]],256,292,584,ldr Q<w04_s0> [row_base #16*4],64,V<w04_s0>.h[4],4,4,528,36,144,528,x0=B1[144]*twist[36]_from_a144|a528,400,4,16,400,x1=B1[16]*twist[4]_from_a16|a400,656,68,272,656,x2=B1[272]*twist[68]_from_a272|a656,V<w04_s0>.h[4]=Y1[4]_goes_to_work[4]_lane4,phase3_memory_is_row_major_k3_then_k32_with_8_packed_GT_matrices;ntt32_loads_one_Q_per_k32
all_matrices_all_rows,M4=B1_q0,4,1,0,1,5,Y1,Y1=x0-x2+omega3*(x1-x2),Q<w05_s0>,4,Q<w05_s0>=[M0_Y1[5]|M1_Y1[5]|M2_Y1[5]|M3_Y1[5]|M4_Y1[5]|M5_Y1[5]|M6_Y1[5]|M7_Y1[5]],256,300,600,ldr Q<w05_s0> [row_base #16*5],80,V<w05_s0>.h[4],5,20,660,69,276,660,x0=B1[276]*twist[69]_from_a276|a660,532,37,148,532,x1=B1[148]*twist[37]_from_a148|a532,404,5,20,404,x2=B1[20]*twist[5]_from_a20|a404,V<w05_s0>.h[4]=Y1[5]_goes_to_work[5]_lane4,phase3_memory_is_row_major_k3_then_k32_with_8_packed_GT_matrices;ntt32_loads_one_Q_per_k32
all_matrices_all_rows,M4=B1_q0,4,1,0,1,6,Y1,Y1=x0-x2+omega3*(x1-x2),Q<w06_s0>,4,Q<w06_s0>=[M0_Y1[6]|M1_Y1[6]|M2_Y1[6]|M3_Y1[6]|M4_Y1[6]|M5_Y1[6]|M6_Y1[6]|M7_Y1[6]],256,308,616,ldr Q<w06_s0> [row_base #16*6],96,V<w06_s0>.h[4],6,12,408,6,24,408,x0=B1[24]*twist[6]_from_a24|a408,664,70,280,664,x1=B1[280]*twist[70]_from_a280|a664,536,38,152,536,x2=B1[152]*twist[38]_from_a152|a536,V<w06_s0>.h[4]=Y1[6]_goes_to_work[6]_lane4,phase3_memory_is_row_major_k3_then_k32_with_8_packed_GT_matrices;ntt32_loads_one_Q_per_k32
all_matrices_all_rows,M4=B1_q0,4,1,0,1,7,Y1,Y1=x0-x2+omega3*(x1-x2),Q<w07_s0>,4,Q<w07_s0>=[M0_Y1[7]|M1_Y1[7]|M2_Y1[7]|M3_Y1[7]|M4_Y1[7]|M5_Y1[7]|M6_Y1[7]|M7_Y1[7]],256,316,632,ldr Q<w07_s0> [row_base #16*7],112,V<w07_s0>.h[4],7,28,540,39,156,540,x0=B1[156]*twist[39]_from_a156|a540,412,7,28,412,x1=B1[28]*twist[7]_from_a28|a412,668,71,284,668,x2=B1[284]*twist[71]_from_a284|a668,V<w07_s0>.h[4]=Y1[7]_goes_to_work[7]_lane4,phase3_memory_is_row_major_k3_then_k32_with_8_packed_GT_matrices;ntt32_loads_one_Q_per_k32
all_matrices_all_rows,M4=B1_q0,4,1,0,1,8,Y1,Y1=x0-x2+omega3*(x1-x2),Q<w08_s0>,4,Q<w08_s0>=[M0_Y1[8]|M1_Y1[8]|M2_Y1[8]|M3_Y1[8]|M4_Y1[8]|M5_Y1[8]|M6_Y1[8]|M7_Y1[8]],256,324,648,ldr Q<w08_s0> [row_base #16*8],128,V<w08_s0>.h[4],8,2,672,72,288,672,x0=B1[288]*twist[72]_from_a288|a672,544,40,160,544,x1=B1[160]*twist[40]_from_a160|a544,416,8,32,416,x2=B1[32]*twist[8]_from_a32|a416,V<w08_s0>.h[4]=Y1[8]_goes_to_work[8]_lane4,phase3_memory_is_row_major_k3_then_k32_with_8_packed_GT_matrices;ntt32_loads_one_Q_per_k32
all_matrices_all_rows,M4=B1_q0,4,1,0,1,9,Y1,Y1=x0-x2+omega3*(x1-x2),Q<w09_s0>,4,Q<w09_s0>=[M0_Y1[9]|M1_Y1[9]|M2_Y1[9]|M3_Y1[9]|M4_Y1[9]|M5_Y1[9]|M6_Y1[9]|M7_Y1[9]],256,332,664,ldr Q<w09_s0> [row_base #16*9],144,V<w09_s0>.h[4],9,18,420,9,36,420,x0=B1[36]*twist[9]_from_a36|a420,676,73,292,676,x1=B1[292]*twist[73]_from_a292|a676,548,41,164,548,x2=B1[164]*twist[41]_from_a164|a548,V<w09_s0>.h[4]=Y1[9]_goes_to_work[9]_lane4,phase3_memory_is_row_major_k3_then_k32_with_8_packed_GT_matrices;ntt32_loads_one_Q_per_k32
all_matrices_all_rows,M4=B1_q0,4,1,0,1,10,Y1,Y1=x0-x2+omega3*(x1-x2),Q<w10_s0>,4,Q<w10_s0>=[M0_Y1[10]|M1_Y1[10]|M2_Y1[10]|M3_Y1[10]|M4_Y1[10]|M5_Y1[10]|M6_Y1[10]|M7_Y1[10]],256,340,680,ldr Q<w10_s0> [row_base #16*10],160,V<w10_s0>.h[4],10,10,552,42,168,552,x0=B1[168]*twist[42]_from_a168|a552,424,10,40,424,x1=B1[40]*twist[10]_from_a40|a424,680,74,296,680,x2=B1[296]*twist[74]_from_a296|a680,V<w10_s0>.h[4]=Y1[10]_goes_to_work[10]_lane4,phase3_memory_is_row_major_k3_then_k32_with_8_packed_GT_matrices;ntt32_loads_one_Q_per_k32
all_matrices_all_rows,M4=B1_q0,4,1,0,1,11,Y1,Y1=x0-x2+omega3*(x1-x2),Q<w11_s0>,4,Q<w11_s0>=[M0_Y1[11]|M1_Y1[11]|M2_Y1[11]|M3_Y1[11]|M4_Y1[11]|M5_Y1[11]|M6_Y1[11]|M7_Y1[11]],256,348,696,ldr Q<w11_s0> [row_base #16*11],176,V<w11_s0>.h[4],11,26,684,75,300,684,x0=B1[300]*twist[75]_from_a300|a684,556,43,172,556,x1=B1[172]*twist[43]_from_a172|a556,428,11,44,428,x2=B1[44]*twist[11]_from_a44|a428,V<w11_s0>.h[4]=Y1[11]_goes_to_work[11]_lane4,phase3_memory_is_row_major_k3_then_k32_with_8_packed_GT_matrices;ntt32_loads_one_Q_per_k32
all_matrices_all_rows,M4=B1_q0,4,1,0,1,12,Y1,Y1=x0-x2+omega3*(x1-x2),Q<w12_s0>,4,Q<w12_s0>=[M0_Y1[12]|M1_Y1[12]|M2_Y1[12]|M3_Y1[12]|M4_Y1[12]|M5_Y1[12]|M6_Y1[12]|M7_Y1[12]],256,356,712,ldr Q<w12_s0> [row_base #16*12],192,V<w12_s0>.h[4],12,6,432,12,48,432,x0=B1[48]*twist[12]_from_a48|a432,688,76,304,688,x1=B1[304]*twist[76]_from_a304|a688,560,44,176,560,x2=B1[176]*twist[44]_from_a176|a560,V<w12_s0>.h[4]=Y1[12]_goes_to_work[12]_lane4,phase3_memory_is_row_major_k3_then_k32_with_8_packed_GT_matrices;ntt32_loads_one_Q_per_k32
all_matrices_all_rows,M4=B1_q0,4,1,0,1,13,Y1,Y1=x0-x2+omega3*(x1-x2),Q<w13_s0>,4,Q<w13_s0>=[M0_Y1[13]|M1_Y1[13]|M2_Y1[13]|M3_Y1[13]|M4_Y1[13]|M5_Y1[13]|M6_Y1[13]|M7_Y1[13]],256,364,728,ldr Q<w13_s0> [row_base #16*13],208,V<w13_s0>.h[4],13,22,564,45,180,564,x0=B1[180]*twist[45]_from_a180|a564,436,13,52,436,x1=B1[52]*twist[13]_from_a52|a436,692,77,308,692,x2=B1[308]*twist[77]_from_a308|a692,V<w13_s0>.h[4]=Y1[13]_goes_to_work[13]_lane4,phase3_memory_is_row_major_k3_then_k32_with_8_packed_GT_matrices;ntt32_loads_one_Q_per_k32
all_matrices_all_rows,M4=B1_q0,4,1,0,1,14,Y1,Y1=x0-x2+omega3*(x1-x2),Q<w14_s0>,4,Q<w14_s0>=[M0_Y1[14]|M1_Y1[14]|M2_Y1[14]|M3_Y1[14]|M4_Y1[14]|M5_Y1[14]|M6_Y1[14]|M7_Y1[14]],256,372,744,ldr Q<w14_s0> [row_base #16*14],224,V<w14_s0>.h[4],14,14,696,78,312,696,x0=B1[312]*twist[78]_from_a312|a696,568,46,184,568,x1=B1[184]*twist[46]_from_a184|a568,440,14,56,440,x2=B1[56]*twist[14]_from_a56|a440,V<w14_s0>.h[4]=Y1[14]_goes_to_work[14]_lane4,phase3_memory_is_row_major_k3_then_k32_with_8_packed_GT_matrices;ntt32_loads_one_Q_per_k32
all_matrices_all_rows,M4=B1_q0,4,1,0,1,15,Y1,Y1=x0-x2+omega3*(x1-x2),Q<w15_s0>,4,Q<w15_s0>=[M0_Y1[15]|M1_Y1[15]|M2_Y1[15]|M3_Y1[15]|M4_Y1[15]|M5_Y1[15]|M6_Y1[15]|M7_Y1[15]],256,380,760,ldr Q<w15_s0> [row_base #16*15],240,V<w15_s0>.h[4],15,30,444,15,60,444,x0=B1[60]*twist[15]_from_a60|a444,700,79,316,700,x1=B1[316]*twist[79]_from_a316|a700,572,47,188,572,x2=B1[188]*twist[47]_from_a188|a572,V<w15_s0>.h[4]=Y1[15]_goes_to_work[15]_lane4,phase3_memory_is_row_major_k3_then_k32_with_8_packed_GT_matrices;ntt32_loads_one_Q_per_k32
all_matrices_all_rows,M4=B1_q0,4,1,0,1,16,Y1,Y1=x0-x2+omega3*(x1-x2),Q<w16_s0>,4,Q<w16_s0>=[M0_Y1[16]|M1_Y1[16]|M2_Y1[16]|M3_Y1[16]|M4_Y1[16]|M5_Y1[16]|M6_Y1[16]|M7_Y1[16]],256,388,776,ldr Q<w16_s0> [row_base #16*16],256,V<w16_s0>.h[4],16,1,576,48,192,576,x0=B1[192]*twist[48]_from_a192|a576,448,16,64,448,x1=B1[64]*twist[16]_from_a64|a448,704,80,320,704,x2=B1[320]*twist[80]_from_a320|a704,V<w16_s0>.h[4]=Y1[16]_goes_to_work[16]_lane4,phase3_memory_is_row_major_k3_then_k32_with_8_packed_GT_matrices;ntt32_loads_one_Q_per_k32
all_matrices_all_rows,M4=B1_q0,4,1,0,1,17,Y1,Y1=x0-x2+omega3*(x1-x2),Q<w17_s0>,4,Q<w17_s0>=[M0_Y1[17]|M1_Y1[17]|M2_Y1[17]|M3_Y1[17]|M4_Y1[17]|M5_Y1[17]|M6_Y1[17]|M7_Y1[17]],256,396,792,ldr Q<w17_s0> [row_base #16*17],272,V<w17_s0>.h[4],17,17,708,81,324,708,x0=B1[324]*twist[81]_from_a324|a708,580,49,196,580,x1=B1[196]*twist[49]_from_a196|a580,452,17,68,452,x2=B1[68]*twist[17]_from_a68|a452,V<w17_s0>.h[4]=Y1[17]_goes_to_work[17]_lane4,phase3_memory_is_row_major_k3_then_k32_with_8_packed_GT_matrices;ntt32_loads_one_Q_per_k32
all_matrices_all_rows,M4=B1_q0,4,1,0,1,18,Y1,Y1=x0-x2+omega3*(x1-x2),Q<w18_s0>,4,Q<w18_s0>=[M0_Y1[18]|M1_Y1[18]|M2_Y1[18]|M3_Y1[18]|M4_Y1[18]|M5_Y1[18]|M6_Y1[18]|M7_Y1[18]],256,404,808,ldr Q<w18_s0> [row_base #16*18],288,V<w18_s0>.h[4],18,9,456,18,72,456,x0=B1[72]*twist[18]_from_a72|a456,712,82,328,712,x1=B1[328]*twist[82]_from_a328|a712,584,50,200,584,x2=B1[200]*twist[50]_from_a200|a584,V<w18_s0>.h[4]=Y1[18]_goes_to_work[18]_lane4,phase3_memory_is_row_major_k3_then_k32_with_8_packed_GT_matrices;ntt32_loads_one_Q_per_k32
all_matrices_all_rows,M4=B1_q0,4,1,0,1,19,Y1,Y1=x0-x2+omega3*(x1-x2),Q<w19_s0>,4,Q<w19_s0>=[M0_Y1[19]|M1_Y1[19]|M2_Y1[19]|M3_Y1[19]|M4_Y1[19]|M5_Y1[19]|M6_Y1[19]|M7_Y1[19]],256,412,824,ldr Q<w19_s0> [row_base #16*19],304,V<w19_s0>.h[4],19,25,588,51,204,588,x0=B1[204]*twist[51]_from_a204|a588,460,19,76,460,x1=B1[76]*twist[19]_from_a76|a460,716,83,332,716,x2=B1[332]*twist[83]_from_a332|a716,V<w19_s0>.h[4]=Y1[19]_goes_to_work[19]_lane4,phase3_memory_is_row_major_k3_then_k32_with_8_packed_GT_matrices;ntt32_loads_one_Q_per_k32
all_matrices_all_rows,M4=B1_q0,4,1,0,1,20,Y1,Y1=x0-x2+omega3*(x1-x2),Q<w20_s0>,4,Q<w20_s0>=[M0_Y1[20]|M1_Y1[20]|M2_Y1[20]|M3_Y1[20]|M4_Y1[20]|M5_Y1[20]|M6_Y1[20]|M7_Y1[20]],256,420,840,ldr Q<w20_s0> [row_base #16*20],320,V<w20_s0>.h[4],20,5,720,84,336,720,x0=B1[336]*twist[84]_from_a336|a720,592,52,208,592,x1=B1[208]*twist[52]_from_a208|a592,464,20,80,464,x2=B1[80]*twist[20]_from_a80|a464,V<w20_s0>.h[4]=Y1[20]_goes_to_work[20]_lane4,phase3_memory_is_row_major_k3_then_k32_with_8_packed_GT_matrices;ntt32_loads_one_Q_per_k32
all_matrices_all_rows,M4=B1_q0,4,1,0,1,21,Y1,Y1=x0-x2+omega3*(x1-x2),Q<w21_s0>,4,Q<w21_s0>=[M0_Y1[21]|M1_Y1[21]|M2_Y1[21]|M3_Y1[21]|M4_Y1[21]|M5_Y1[21]|M6_Y1[21]|M7_Y1[21]],256,428,856,ldr Q<w21_s0> [row_base #16*21],336,V<w21_s0>.h[4],21,21,468,21,84,468,x0=B1[84]*twist[21]_from_a84|a468,724,85,340,724,x1=B1[340]*twist[85]_from_a340|a724,596,53,212,596,x2=B1[212]*twist[53]_from_a212|a596,V<w21_s0>.h[4]=Y1[21]_goes_to_work[21]_lane4,phase3_memory_is_row_major_k3_then_k32_with_8_packed_GT_matrices;ntt32_loads_one_Q_per_k32
all_matrices_all_rows,M4=B1_q0,4,1,0,1,22,Y1,Y1=x0-x2+omega3*(x1-x2),Q<w22_s0>,4,Q<w22_s0>=[M0_Y1[22]|M1_Y1[22]|M2_Y1[22]|M3_Y1[22]|M4_Y1[22]|M5_Y1[22]|M6_Y1[22]|M7_Y1[22]],256,436,872,ldr Q<w22_s0> [row_base #16*22],352,V<w22_s0>.h[4],22,13,600,54,216,600,x0=B1[216]*twist[54]_from_a216|a600,472,22,88,472,x1=B1[88]*twist[22]_from_a88|a472,728,86,344,728,x2=B1[344]*twist[86]_from_a344|a728,V<w22_s0>.h[4]=Y1[22]_goes_to_work[22]_lane4,phase3_memory_is_row_major_k3_then_k32_with_8_packed_GT_matrices;ntt32_loads_one_Q_per_k32
all_matrices_all_rows,M4=B1_q0,4,1,0,1,23,Y1,Y1=x0-x2+omega3*(x1-x2),Q<w23_s0>,4,Q<w23_s0>=[M0_Y1[23]|M1_Y1[23]|M2_Y1[23]|M3_Y1[23]|M4_Y1[23]|M5_Y1[23]|M6_Y1[23]|M7_Y1[23]],256,444,888,ldr Q<w23_s0> [row_base #16*23],368,V<w23_s0>.h[4],23,29,732,87,348,732,x0=B1[348]*twist[87]_from_a348|a732,604,55,220,604,x1=B1[220]*twist[55]_from_a220|a604,476,23,92,476,x2=B1[92]*twist[23]_from_a92|a476,V<w23_s0>.h[4]=Y1[23]_goes_to_work[23]_lane4,phase3_memory_is_row_major_k3_then_k32_with_8_packed_GT_matrices;ntt32_loads_one_Q_per_k32
all_matrices_all_rows,M4=B1_q0,4,1,0,1,24,Y1,Y1=x0-x2+omega3*(x1-x2),Q<w24_s0>,4,Q<w24_s0>=[M0_Y1[24]|M1_Y1[24]|M2_Y1[24]|M3_Y1[24]|M4_Y1[24]|M5_Y1[24]|M6_Y1[24]|M7_Y1[24]],256,452,904,ldr Q<w24_s0> [row_base #16*24],384,V<w24_s0>.h[4],24,3,480,24,96,480,x0=B1[96]*twist[24]_from_a96|a480,736,88,352,736,x1=B1[352]*twist[88]_from_a352|a736,608,56,224,608,x2=B1[224]*twist[56]_from_a224|a608,V<w24_s0>.h[4]=Y1[24]_goes_to_work[24]_lane4,phase3_memory_is_row_major_k3_then_k32_with_8_packed_GT_matrices;ntt32_loads_one_Q_per_k32
all_matrices_all_rows,M4=B1_q0,4,1,0,1,25,Y1,Y1=x0-x2+omega3*(x1-x2),Q<w25_s0>,4,Q<w25_s0>=[M0_Y1[25]|M1_Y1[25]|M2_Y1[25]|M3_Y1[25]|M4_Y1[25]|M5_Y1[25]|M6_Y1[25]|M7_Y1[25]],256,460,920,ldr Q<w25_s0> [row_base #16*25],400,V<w25_s0>.h[4],25,19,612,57,228,612,x0=B1[228]*twist[57]_from_a228|a612,484,25,100,484,x1=B1[100]*twist[25]_from_a100|a484,740,89,356,740,x2=B1[356]*twist[89]_from_a356|a740,V<w25_s0>.h[4]=Y1[25]_goes_to_work[25]_lane4,phase3_memory_is_row_major_k3_then_k32_with_8_packed_GT_matrices;ntt32_loads_one_Q_per_k32
all_matrices_all_rows,M4=B1_q0,4,1,0,1,26,Y1,Y1=x0-x2+omega3*(x1-x2),Q<w26_s0>,4,Q<w26_s0>=[M0_Y1[26]|M1_Y1[26]|M2_Y1[26]|M3_Y1[26]|M4_Y1[26]|M5_Y1[26]|M6_Y1[26]|M7_Y1[26]],256,468,936,ldr Q<w26_s0> [row_base #16*26],416,V<w26_s0>.h[4],26,11,744,90,360,744,x0=B1[360]*twist[90]_from_a360|a744,616,58,232,616,x1=B1[232]*twist[58]_from_a232|a616,488,26,104,488,x2=B1[104]*twist[26]_from_a104|a488,V<w26_s0>.h[4]=Y1[26]_goes_to_work[26]_lane4,phase3_memory_is_row_major_k3_then_k32_with_8_packed_GT_matrices;ntt32_loads_one_Q_per_k32
all_matrices_all_rows,M4=B1_q0,4,1,0,1,27,Y1,Y1=x0-x2+omega3*(x1-x2),Q<w27_s0>,4,Q<w27_s0>=[M0_Y1[27]|M1_Y1[27]|M2_Y1[27]|M3_Y1[27]|M4_Y1[27]|M5_Y1[27]|M6_Y1[27]|M7_Y1[27]],256,476,952,ldr Q<w27_s0> [row_base #16*27],432,V<w27_s0>.h[4],27,27,492,27,108,492,x0=B1[108]*twist[27]_from_a108|a492,748,91,364,748,x1=B1[364]*twist[91]_from_a364|a748,620,59,236,620,x2=B1[236]*twist[59]_from_a236|a620,V<w27_s0>.h[4]=Y1[27]_goes_to_work[27]_lane4,phase3_memory_is_row_major_k3_then_k32_with_8_packed_GT_matrices;ntt32_loads_one_Q_per_k32
all_matrices_all_rows,M4=B1_q0,4,1,0,1,28,Y1,Y1=x0-x2+omega3*(x1-x2),Q<w28_s0>,4,Q<w28_s0>=[M0_Y1[28]|M1_Y1[28]|M2_Y1[28]|M3_Y1[28]|M4_Y1[28]|M5_Y1[28]|M6_Y1[28]|M7_Y1[28]],256,484,968,ldr Q<w28_s0> [row_base #16*28],448,V<w28_s0>.h[4],28,7,624,60,240,624,x0=B1[240]*twist[60]_from_a240|a624,496,28,112,496,x1=B1[112]*twist[28]_from_a112|a496,752,92,368,752,x2=B1[368]*twist[92]_from_a368|a752,V<w28_s0>.h[4]=Y1[28]_goes_to_work[28]_lane4,phase3_memory_is_row_major_k3_then_k32_with_8_packed_GT_matrices;ntt32_loads_one_Q_per_k32
all_matrices_all_rows,M4=B1_q0,4,1,0,1,29,Y1,Y1=x0-x2+omega3*(x1-x2),Q<w29_s0>,4,Q<w29_s0>=[M0_Y1[29]|M1_Y1[29]|M2_Y1[29]|M3_Y1[29]|M4_Y1[29]|M5_Y1[29]|M6_Y1[29]|M7_Y1[29]],256,492,984,ldr Q<w29_s0> [row_base #16*29],464,V<w29_s0>.h[4],29,23,756,93,372,756,x0=B1[372]*twist[93]_from_a372|a756,628,61,244,628,x1=B1[244]*twist[61]_from_a244|a628,500,29,116,500,x2=B1[116]*twist[29]_from_a116|a500,V<w29_s0>.h[4]=Y1[29]_goes_to_work[29]_lane4,phase3_memory_is_row_major_k3_then_k32_with_8_packed_GT_matrices;ntt32_loads_one_Q_per_k32
all_matrices_all_rows,M4=B1_q0,4,1,0,1,30,Y1,Y1=x0-x2+omega3*(x1-x2),Q<w30_s0>,4,Q<w30_s0>=[M0_Y1[30]|M1_Y1[30]|M2_Y1[30]|M3_Y1[30]|M4_Y1[30]|M5_Y1[30]|M6_Y1[30]|M7_Y1[30]],256,500,1000,ldr Q<w30_s0> [row_base #16*30],480,V<w30_s0>.h[4],30,15,504,30,120,504,x0=B1[120]*twist[30]_from_a120|a504,760,94,376,760,x1=B1[376]*twist[94]_from_a376|a760,632,62,248,632,x2=B1[248]*twist[62]_from_a248|a632,V<w30_s0>.h[4]=Y1[30]_goes_to_work[30]_lane4,phase3_memory_is_row_major_k3_then_k32_with_8_packed_GT_matrices;ntt32_loads_one_Q_per_k32
all_matrices_all_rows,M4=B1_q0,4,1,0,1,31,Y1,Y1=x0-x2+omega3*(x1-x2),Q<w31_s0>,4,Q<w31_s0>=[M0_Y1[31]|M1_Y1[31]|M2_Y1[31]|M3_Y1[31]|M4_Y1[31]|M5_Y1[31]|M6_Y1[31]|M7_Y1[31]],256,508,1016,ldr Q<w31_s0> [row_base #16*31],496,V<w31_s0>.h[4],31,31,636,63,252,636,x0=B1[252]*twist[63]_from_a252|a636,508,31,124,508,x1=B1[124]*twist[31]_from_a124|a508,764,95,380,764,x2=B1[380]*twist[95]_from_a380|a764,V<w31_s0>.h[4]=Y1[31]_goes_to_work[31]_lane4,phase3_memory_is_row_major_k3_then_k32_with_8_packed_GT_matrices;ntt32_loads_one_Q_per_k32
all_matrices_all_rows,M4=B1_q0,4,1,0,2,0,Y2,Y2=x0-x1-omega3*(x1-x2),Q<w00_s0>,4,Q<w00_s0>=[M0_Y2[0]|M1_Y2[0]|M2_Y2[0]|M3_Y2[0]|M4_Y2[0]|M5_Y2[0]|M6_Y2[0]|M7_Y2[0]],512,516,1032,ldr Q<w00_s0> [row_base #16*0],0,V<w00_s0>.h[4],0,0,384,0,0,384,x0=B1[0]*twist[0]_from_a0|a384,640,64,256,640,x1=B1[256]*twist[64]_from_a256|a640,512,32,128,512,x2=B1[128]*twist[32]_from_a128|a512,V<w00_s0>.h[4]=Y2[0]_goes_to_work[0]_lane4,phase3_memory_is_row_major_k3_then_k32_with_8_packed_GT_matrices;ntt32_loads_one_Q_per_k32
all_matrices_all_rows,M4=B1_q0,4,1,0,2,1,Y2,Y2=x0-x1-omega3*(x1-x2),Q<w01_s0>,4,Q<w01_s0>=[M0_Y2[1]|M1_Y2[1]|M2_Y2[1]|M3_Y2[1]|M4_Y2[1]|M5_Y2[1]|M6_Y2[1]|M7_Y2[1]],512,524,1048,ldr Q<w01_s0> [row_base #16*1],16,V<w01_s0>.h[4],1,16,516,33,132,516,x0=B1[132]*twist[33]_from_a132|a516,388,1,4,388,x1=B1[4]*twist[1]_from_a4|a388,644,65,260,644,x2=B1[260]*twist[65]_from_a260|a644,V<w01_s0>.h[4]=Y2[1]_goes_to_work[1]_lane4,phase3_memory_is_row_major_k3_then_k32_with_8_packed_GT_matrices;ntt32_loads_one_Q_per_k32
all_matrices_all_rows,M4=B1_q0,4,1,0,2,2,Y2,Y2=x0-x1-omega3*(x1-x2),Q<w02_s0>,4,Q<w02_s0>=[M0_Y2[2]|M1_Y2[2]|M2_Y2[2]|M3_Y2[2]|M4_Y2[2]|M5_Y2[2]|M6_Y2[2]|M7_Y2[2]],512,532,1064,ldr Q<w02_s0> [row_base #16*2],32,V<w02_s0>.h[4],2,8,648,66,264,648,x0=B1[264]*twist[66]_from_a264|a648,520,34,136,520,x1=B1[136]*twist[34]_from_a136|a520,392,2,8,392,x2=B1[8]*twist[2]_from_a8|a392,V<w02_s0>.h[4]=Y2[2]_goes_to_work[2]_lane4,phase3_memory_is_row_major_k3_then_k32_with_8_packed_GT_matrices;ntt32_loads_one_Q_per_k32
all_matrices_all_rows,M4=B1_q0,4,1,0,2,3,Y2,Y2=x0-x1-omega3*(x1-x2),Q<w03_s0>,4,Q<w03_s0>=[M0_Y2[3]|M1_Y2[3]|M2_Y2[3]|M3_Y2[3]|M4_Y2[3]|M5_Y2[3]|M6_Y2[3]|M7_Y2[3]],512,540,1080,ldr Q<w03_s0> [row_base #16*3],48,V<w03_s0>.h[4],3,24,396,3,12,396,x0=B1[12]*twist[3]_from_a12|a396,652,67,268,652,x1=B1[268]*twist[67]_from_a268|a652,524,35,140,524,x2=B1[140]*twist[35]_from_a140|a524,V<w03_s0>.h[4]=Y2[3]_goes_to_work[3]_lane4,phase3_memory_is_row_major_k3_then_k32_with_8_packed_GT_matrices;ntt32_loads_one_Q_per_k32
all_matrices_all_rows,M4=B1_q0,4,1,0,2,4,Y2,Y2=x0-x1-omega3*(x1-x2),Q<w04_s0>,4,Q<w04_s0>=[M0_Y2[4]|M1_Y2[4]|M2_Y2[4]|M3_Y2[4]|M4_Y2[4]|M5_Y2[4]|M6_Y2[4]|M7_Y2[4]],512,548,1096,ldr Q<w04_s0> [row_base #16*4],64,V<w04_s0>.h[4],4,4,528,36,144,528,x0=B1[144]*twist[36]_from_a144|a528,400,4,16,400,x1=B1[16]*twist[4]_from_a16|a400,656,68,272,656,x2=B1[272]*twist[68]_from_a272|a656,V<w04_s0>.h[4]=Y2[4]_goes_to_work[4]_lane4,phase3_memory_is_row_major_k3_then_k32_with_8_packed_GT_matrices;ntt32_loads_one_Q_per_k32
all_matrices_all_rows,M4=B1_q0,4,1,0,2,5,Y2,Y2=x0-x1-omega3*(x1-x2),Q<w05_s0>,4,Q<w05_s0>=[M0_Y2[5]|M1_Y2[5]|M2_Y2[5]|M3_Y2[5]|M4_Y2[5]|M5_Y2[5]|M6_Y2[5]|M7_Y2[5]],512,556,1112,ldr Q<w05_s0> [row_base #16*5],80,V<w05_s0>.h[4],5,20,660,69,276,660,x0=B1[276]*twist[69]_from_a276|a660,532,37,148,532,x1=B1[148]*twist[37]_from_a148|a532,404,5,20,404,x2=B1[20]*twist[5]_from_a20|a404,V<w05_s0>.h[4]=Y2[5]_goes_to_work[5]_lane4,phase3_memory_is_row_major_k3_then_k32_with_8_packed_GT_matrices;ntt32_loads_one_Q_per_k32
all_matrices_all_rows,M4=B1_q0,4,1,0,2,6,Y2,Y2=x0-x1-omega3*(x1-x2),Q<w06_s0>,4,Q<w06_s0>=[M0_Y2[6]|M1_Y2[6]|M2_Y2[6]|M3_Y2[6]|M4_Y2[6]|M5_Y2[6]|M6_Y2[6]|M7_Y2[6]],512,564,1128,ldr Q<w06_s0> [row_base #16*6],96,V<w06_s0>.h[4],6,12,408,6,24,408,x0=B1[24]*twist[6]_from_a24|a408,664,70,280,664,x1=B1[280]*twist[70]_from_a280|a664,536,38,152,536,x2=B1[152]*twist[38]_from_a152|a536,V<w06_s0>.h[4]=Y2[6]_goes_to_work[6]_lane4,phase3_memory_is_row_major_k3_then_k32_with_8_packed_GT_matrices;ntt32_loads_one_Q_per_k32
all_matrices_all_rows,M4=B1_q0,4,1,0,2,7,Y2,Y2=x0-x1-omega3*(x1-x2),Q<w07_s0>,4,Q<w07_s0>=[M0_Y2[7]|M1_Y2[7]|M2_Y2[7]|M3_Y2[7]|M4_Y2[7]|M5_Y2[7]|M6_Y2[7]|M7_Y2[7]],512,572,1144,ldr Q<w07_s0> [row_base #16*7],112,V<w07_s0>.h[4],7,28,540,39,156,540,x0=B1[156]*twist[39]_from_a156|a540,412,7,28,412,x1=B1[28]*twist[7]_from_a28|a412,668,71,284,668,x2=B1[284]*twist[71]_from_a284|a668,V<w07_s0>.h[4]=Y2[7]_goes_to_work[7]_lane4,phase3_memory_is_row_major_k3_then_k32_with_8_packed_GT_matrices;ntt32_loads_one_Q_per_k32
all_matrices_all_rows,M4=B1_q0,4,1,0,2,8,Y2,Y2=x0-x1-omega3*(x1-x2),Q<w08_s0>,4,Q<w08_s0>=[M0_Y2[8]|M1_Y2[8]|M2_Y2[8]|M3_Y2[8]|M4_Y2[8]|M5_Y2[8]|M6_Y2[8]|M7_Y2[8]],512,580,1160,ldr Q<w08_s0> [row_base #16*8],128,V<w08_s0>.h[4],8,2,672,72,288,672,x0=B1[288]*twist[72]_from_a288|a672,544,40,160,544,x1=B1[160]*twist[40]_from_a160|a544,416,8,32,416,x2=B1[32]*twist[8]_from_a32|a416,V<w08_s0>.h[4]=Y2[8]_goes_to_work[8]_lane4,phase3_memory_is_row_major_k3_then_k32_with_8_packed_GT_matrices;ntt32_loads_one_Q_per_k32
all_matrices_all_rows,M4=B1_q0,4,1,0,2,9,Y2,Y2=x0-x1-omega3*(x1-x2),Q<w09_s0>,4,Q<w09_s0>=[M0_Y2[9]|M1_Y2[9]|M2_Y2[9]|M3_Y2[9]|M4_Y2[9]|M5_Y2[9]|M6_Y2[9]|M7_Y2[9]],512,588,1176,ldr Q<w09_s0> [row_base #16*9],144,V<w09_s0>.h[4],9,18,420,9,36,420,x0=B1[36]*twist[9]_from_a36|a420,676,73,292,676,x1=B1[292]*twist[73]_from_a292|a676,548,41,164,548,x2=B1[164]*twist[41]_from_a164|a548,V<w09_s0>.h[4]=Y2[9]_goes_to_work[9]_lane4,phase3_memory_is_row_major_k3_then_k32_with_8_packed_GT_matrices;ntt32_loads_one_Q_per_k32
all_matrices_all_rows,M4=B1_q0,4,1,0,2,10,Y2,Y2=x0-x1-omega3*(x1-x2),Q<w10_s0>,4,Q<w10_s0>=[M0_Y2[10]|M1_Y2[10]|M2_Y2[10]|M3_Y2[10]|M4_Y2[10]|M5_Y2[10]|M6_Y2[10]|M7_Y2[10]],512,596,1192,ldr Q<w10_s0> [row_base #16*10],160,V<w10_s0>.h[4],10,10,552,42,168,552,x0=B1[168]*twist[42]_from_a168|a552,424,10,40,424,x1=B1[40]*twist[10]_from_a40|a424,680,74,296,680,x2=B1[296]*twist[74]_from_a296|a680,V<w10_s0>.h[4]=Y2[10]_goes_to_work[10]_lane4,phase3_memory_is_row_major_k3_then_k32_with_8_packed_GT_matrices;ntt32_loads_one_Q_per_k32
all_matrices_all_rows,M4=B1_q0,4,1,0,2,11,Y2,Y2=x0-x1-omega3*(x1-x2),Q<w11_s0>,4,Q<w11_s0>=[M0_Y2[11]|M1_Y2[11]|M2_Y2[11]|M3_Y2[11]|M4_Y2[11]|M5_Y2[11]|M6_Y2[11]|M7_Y2[11]],512,604,1208,ldr Q<w11_s0> [row_base #16*11],176,V<w11_s0>.h[4],11,26,684,75,300,684,x0=B1[300]*twist[75]_from_a300|a684,556,43,172,556,x1=B1[172]*twist[43]_from_a172|a556,428,11,44,428,x2=B1[44]*twist[11]_from_a44|a428,V<w11_s0>.h[4]=Y2[11]_goes_to_work[11]_lane4,phase3_memory_is_row_major_k3_then_k32_with_8_packed_GT_matrices;ntt32_loads_one_Q_per_k32
all_matrices_all_rows,M4=B1_q0,4,1,0,2,12,Y2,Y2=x0-x1-omega3*(x1-x2),Q<w12_s0>,4,Q<w12_s0>=[M0_Y2[12]|M1_Y2[12]|M2_Y2[12]|M3_Y2[12]|M4_Y2[12]|M5_Y2[12]|M6_Y2[12]|M7_Y2[12]],512,612,1224,ldr Q<w12_s0> [row_base #16*12],192,V<w12_s0>.h[4],12,6,432,12,48,432,x0=B1[48]*twist[12]_from_a48|a432,688,76,304,688,x1=B1[304]*twist[76]_from_a304|a688,560,44,176,560,x2=B1[176]*twist[44]_from_a176|a560,V<w12_s0>.h[4]=Y2[12]_goes_to_work[12]_lane4,phase3_memory_is_row_major_k3_then_k32_with_8_packed_GT_matrices;ntt32_loads_one_Q_per_k32
all_matrices_all_rows,M4=B1_q0,4,1,0,2,13,Y2,Y2=x0-x1-omega3*(x1-x2),Q<w13_s0>,4,Q<w13_s0>=[M0_Y2[13]|M1_Y2[13]|M2_Y2[13]|M3_Y2[13]|M4_Y2[13]|M5_Y2[13]|M6_Y2[13]|M7_Y2[13]],512,620,1240,ldr Q<w13_s0> [row_base #16*13],208,V<w13_s0>.h[4],13,22,564,45,180,564,x0=B1[180]*twist[45]_from_a180|a564,436,13,52,436,x1=B1[52]*twist[13]_from_a52|a436,692,77,308,692,x2=B1[308]*twist[77]_from_a308|a692,V<w13_s0>.h[4]=Y2[13]_goes_to_work[13]_lane4,phase3_memory_is_row_major_k3_then_k32_with_8_packed_GT_matrices;ntt32_loads_one_Q_per_k32
all_matrices_all_rows,M4=B1_q0,4,1,0,2,14,Y2,Y2=x0-x1-omega3*(x1-x2),Q<w14_s0>,4,Q<w14_s0>=[M0_Y2[14]|M1_Y2[14]|M2_Y2[14]|M3_Y2[14]|M4_Y2[14]|M5_Y2[14]|M6_Y2[14]|M7_Y2[14]],512,628,1256,ldr Q<w14_s0> [row_base #16*14],224,V<w14_s0>.h[4],14,14,696,78,312,696,x0=B1[312]*twist[78]_from_a312|a696,568,46,184,568,x1=B1[184]*twist[46]_from_a184|a568,440,14,56,440,x2=B1[56]*twist[14]_from_a56|a440,V<w14_s0>.h[4]=Y2[14]_goes_to_work[14]_lane4,phase3_memory_is_row_major_k3_then_k32_with_8_packed_GT_matrices;ntt32_loads_one_Q_per_k32
all_matrices_all_rows,M4=B1_q0,4,1,0,2,15,Y2,Y2=x0-x1-omega3*(x1-x2),Q<w15_s0>,4,Q<w15_s0>=[M0_Y2[15]|M1_Y2[15]|M2_Y2[15]|M3_Y2[15]|M4_Y2[15]|M5_Y2[15]|M6_Y2[15]|M7_Y2[15]],512,636,1272,ldr Q<w15_s0> [row_base #16*15],240,V<w15_s0>.h[4],15,30,444,15,60,444,x0=B1[60]*twist[15]_from_a60|a444,700,79,316,700,x1=B1[316]*twist[79]_from_a316|a700,572,47,188,572,x2=B1[188]*twist[47]_from_a188|a572,V<w15_s0>.h[4]=Y2[15]_goes_to_work[15]_lane4,phase3_memory_is_row_major_k3_then_k32_with_8_packed_GT_matrices;ntt32_loads_one_Q_per_k32
all_matrices_all_rows,M4=B1_q0,4,1,0,2,16,Y2,Y2=x0-x1-omega3*(x1-x2),Q<w16_s0>,4,Q<w16_s0>=[M0_Y2[16]|M1_Y2[16]|M2_Y2[16]|M3_Y2[16]|M4_Y2[16]|M5_Y2[16]|M6_Y2[16]|M7_Y2[16]],512,644,1288,ldr Q<w16_s0> [row_base #16*16],256,V<w16_s0>.h[4],16,1,576,48,192,576,x0=B1[192]*twist[48]_from_a192|a576,448,16,64,448,x1=B1[64]*twist[16]_from_a64|a448,704,80,320,704,x2=B1[320]*twist[80]_from_a320|a704,V<w16_s0>.h[4]=Y2[16]_goes_to_work[16]_lane4,phase3_memory_is_row_major_k3_then_k32_with_8_packed_GT_matrices;ntt32_loads_one_Q_per_k32
all_matrices_all_rows,M4=B1_q0,4,1,0,2,17,Y2,Y2=x0-x1-omega3*(x1-x2),Q<w17_s0>,4,Q<w17_s0>=[M0_Y2[17]|M1_Y2[17]|M2_Y2[17]|M3_Y2[17]|M4_Y2[17]|M5_Y2[17]|M6_Y2[17]|M7_Y2[17]],512,652,1304,ldr Q<w17_s0> [row_base #16*17],272,V<w17_s0>.h[4],17,17,708,81,324,708,x0=B1[324]*twist[81]_from_a324|a708,580,49,196,580,x1=B1[196]*twist[49]_from_a196|a580,452,17,68,452,x2=B1[68]*twist[17]_from_a68|a452,V<w17_s0>.h[4]=Y2[17]_goes_to_work[17]_lane4,phase3_memory_is_row_major_k3_then_k32_with_8_packed_GT_matrices;ntt32_loads_one_Q_per_k32
all_matrices_all_rows,M4=B1_q0,4,1,0,2,18,Y2,Y2=x0-x1-omega3*(x1-x2),Q<w18_s0>,4,Q<w18_s0>=[M0_Y2[18]|M1_Y2[18]|M2_Y2[18]|M3_Y2[18]|M4_Y2[18]|M5_Y2[18]|M6_Y2[18]|M7_Y2[18]],512,660,1320,ldr Q<w18_s0> [row_base #16*18],288,V<w18_s0>.h[4],18,9,456,18,72,456,x0=B1[72]*twist[18]_from_a72|a456,712,82,328,712,x1=B1[328]*twist[82]_from_a328|a712,584,50,200,584,x2=B1[200]*twist[50]_from_a200|a584,V<w18_s0>.h[4]=Y2[18]_goes_to_work[18]_lane4,phase3_memory_is_row_major_k3_then_k32_with_8_packed_GT_matrices;ntt32_loads_one_Q_per_k32
all_matrices_all_rows,M4=B1_q0,4,1,0,2,19,Y2,Y2=x0-x1-omega3*(x1-x2),Q<w19_s0>,4,Q<w19_s0>=[M0_Y2[19]|M1_Y2[19]|M2_Y2[19]|M3_Y2[19]|M4_Y2[19]|M5_Y2[19]|M6_Y2[19]|M7_Y2[19]],512,668,1336,ldr Q<w19_s0> [row_base #16*19],304,V<w19_s0>.h[4],19,25,588,51,204,588,x0=B1[204]*twist[51]_from_a204|a588,460,19,76,460,x1=B1[76]*twist[19]_from_a76|a460,716,83,332,716,x2=B1[332]*twist[83]_from_a332|a716,V<w19_s0>.h[4]=Y2[19]_goes_to_work[19]_lane4,phase3_memory_is_row_major_k3_then_k32_with_8_packed_GT_matrices;ntt32_loads_one_Q_per_k32
all_matrices_all_rows,M4=B1_q0,4,1,0,2,20,Y2,Y2=x0-x1-omega3*(x1-x2),Q<w20_s0>,4,Q<w20_s0>=[M0_Y2[20]|M1_Y2[20]|M2_Y2[20]|M3_Y2[20]|M4_Y2[20]|M5_Y2[20]|M6_Y2[20]|M7_Y2[20]],512,676,1352,ldr Q<w20_s0> [row_base #16*20],320,V<w20_s0>.h[4],20,5,720,84,336,720,x0=B1[336]*twist[84]_from_a336|a720,592,52,208,592,x1=B1[208]*twist[52]_from_a208|a592,464,20,80,464,x2=B1[80]*twist[20]_from_a80|a464,V<w20_s0>.h[4]=Y2[20]_goes_to_work[20]_lane4,phase3_memory_is_row_major_k3_then_k32_with_8_packed_GT_matrices;ntt32_loads_one_Q_per_k32
all_matrices_all_rows,M4=B1_q0,4,1,0,2,21,Y2,Y2=x0-x1-omega3*(x1-x2),Q<w21_s0>,4,Q<w21_s0>=[M0_Y2[21]|M1_Y2[21]|M2_Y2[21]|M3_Y2[21]|M4_Y2[21]|M5_Y2[21]|M6_Y2[21]|M7_Y2[21]],512,684,1368,ldr Q<w21_s0> [row_base #16*21],336,V<w21_s0>.h[4],21,21,468,21,84,468,x0=B1[84]*twist[21]_from_a84|a468,724,85,340,724,x1=B1[340]*twist[85]_from_a340|a724,596,53,212,596,x2=B1[212]*twist[53]_from_a212|a596,V<w21_s0>.h[4]=Y2[21]_goes_to_work[21]_lane4,phase3_memory_is_row_major_k3_then_k32_with_8_packed_GT_matrices;ntt32_loads_one_Q_per_k32
all_matrices_all_rows,M4=B1_q0,4,1,0,2,22,Y2,Y2=x0-x1-omega3*(x1-x2),Q<w22_s0>,4,Q<w22_s0>=[M0_Y2[22]|M1_Y2[22]|M2_Y2[22]|M3_Y2[22]|M4_Y2[22]|M5_Y2[22]|M6_Y2[22]|M7_Y2[22]],512,692,1384,ldr Q<w22_s0> [row_base #16*22],352,V<w22_s0>.h[4],22,13,600,54,216,600,x0=B1[216]*twist[54]_from_a216|a600,472,22,88,472,x1=B1[88]*twist[22]_from_a88|a472,728,86,344,728,x2=B1[344]*twist[86]_from_a344|a728,V<w22_s0>.h[4]=Y2[22]_goes_to_work[22]_lane4,phase3_memory_is_row_major_k3_then_k32_with_8_packed_GT_matrices;ntt32_loads_one_Q_per_k32
all_matrices_all_rows,M4=B1_q0,4,1,0,2,23,Y2,Y2=x0-x1-omega3*(x1-x2),Q<w23_s0>,4,Q<w23_s0>=[M0_Y2[23]|M1_Y2[23]|M2_Y2[23]|M3_Y2[23]|M4_Y2[23]|M5_Y2[23]|M6_Y2[23]|M7_Y2[23]],512,700,1400,ldr Q<w23_s0> [row_base #16*23],368,V<w23_s0>.h[4],23,29,732,87,348,732,x0=B1[348]*twist[87]_from_a348|a732,604,55,220,604,x1=B1[220]*twist[55]_from_a220|a604,476,23,92,476,x2=B1[92]*twist[23]_from_a92|a476,V<w23_s0>.h[4]=Y2[23]_goes_to_work[23]_lane4,phase3_memory_is_row_major_k3_then_k32_with_8_packed_GT_matrices;ntt32_loads_one_Q_per_k32
all_matrices_all_rows,M4=B1_q0,4,1,0,2,24,Y2,Y2=x0-x1-omega3*(x1-x2),Q<w24_s0>,4,Q<w24_s0>=[M0_Y2[24]|M1_Y2[24]|M2_Y2[24]|M3_Y2[24]|M4_Y2[24]|M5_Y2[24]|M6_Y2[24]|M7_Y2[24]],512,708,1416,ldr Q<w24_s0> [row_base #16*24],384,V<w24_s0>.h[4],24,3,480,24,96,480,x0=B1[96]*twist[24]_from_a96|a480,736,88,352,736,x1=B1[352]*twist[88]_from_a352|a736,608,56,224,608,x2=B1[224]*twist[56]_from_a224|a608,V<w24_s0>.h[4]=Y2[24]_goes_to_work[24]_lane4,phase3_memory_is_row_major_k3_then_k32_with_8_packed_GT_matrices;ntt32_loads_one_Q_per_k32
all_matrices_all_rows,M4=B1_q0,4,1,0,2,25,Y2,Y2=x0-x1-omega3*(x1-x2),Q<w25_s0>,4,Q<w25_s0>=[M0_Y2[25]|M1_Y2[25]|M2_Y2[25]|M3_Y2[25]|M4_Y2[25]|M5_Y2[25]|M6_Y2[25]|M7_Y2[25]],512,716,1432,ldr Q<w25_s0> [row_base #16*25],400,V<w25_s0>.h[4],25,19,612,57,228,612,x0=B1[228]*twist[57]_from_a228|a612,484,25,100,484,x1=B1[100]*twist[25]_from_a100|a484,740,89,356,740,x2=B1[356]*twist[89]_from_a356|a740,V<w25_s0>.h[4]=Y2[25]_goes_to_work[25]_lane4,phase3_memory_is_row_major_k3_then_k32_with_8_packed_GT_matrices;ntt32_loads_one_Q_per_k32
all_matrices_all_rows,M4=B1_q0,4,1,0,2,26,Y2,Y2=x0-x1-omega3*(x1-x2),Q<w26_s0>,4,Q<w26_s0>=[M0_Y2[26]|M1_Y2[26]|M2_Y2[26]|M3_Y2[26]|M4_Y2[26]|M5_Y2[26]|M6_Y2[26]|M7_Y2[26]],512,724,1448,ldr Q<w26_s0> [row_base #16*26],416,V<w26_s0>.h[4],26,11,744,90,360,744,x0=B1[360]*twist[90]_from_a360|a744,616,58,232,616,x1=B1[232]*twist[58]_from_a232|a616,488,26,104,488,x2=B1[104]*twist[26]_from_a104|a488,V<w26_s0>.h[4]=Y2[26]_goes_to_work[26]_lane4,phase3_memory_is_row_major_k3_then_k32_with_8_packed_GT_matrices;ntt32_loads_one_Q_per_k32
all_matrices_all_rows,M4=B1_q0,4,1,0,2,27,Y2,Y2=x0-x1-omega3*(x1-x2),Q<w27_s0>,4,Q<w27_s0>=[M0_Y2[27]|M1_Y2[27]|M2_Y2[27]|M3_Y2[27]|M4_Y2[27]|M5_Y2[27]|M6_Y2[27]|M7_Y2[27]],512,732,1464,ldr Q<w27_s0> [row_base #16*27],432,V<w27_s0>.h[4],27,27,492,27,108,492,x0=B1[108]*twist[27]_from_a108|a492,748,91,364,748,x1=B1[364]*twist[91]_from_a364|a748,620,59,236,620,x2=B1[236]*twist[59]_from_a236|a620,V<w27_s0>.h[4]=Y2[27]_goes_to_work[27]_lane4,phase3_memory_is_row_major_k3_then_k32_with_8_packed_GT_matrices;ntt32_loads_one_Q_per_k32
all_matrices_all_rows,M4=B1_q0,4,1,0,2,28,Y2,Y2=x0-x1-omega3*(x1-x2),Q<w28_s0>,4,Q<w28_s0>=[M0_Y2[28]|M1_Y2[28]|M2_Y2[28]|M3_Y2[28]|M4_Y2[28]|M5_Y2[28]|M6_Y2[28]|M7_Y2[28]],512,740,1480,ldr Q<w28_s0> [row_base #16*28],448,V<w28_s0>.h[4],28,7,624,60,240,624,x0=B1[240]*twist[60]_from_a240|a624,496,28,112,496,x1=B1[112]*twist[28]_from_a112|a496,752,92,368,752,x2=B1[368]*twist[92]_from_a368|a752,V<w28_s0>.h[4]=Y2[28]_goes_to_work[28]_lane4,phase3_memory_is_row_major_k3_then_k32_with_8_packed_GT_matrices;ntt32_loads_one_Q_per_k32
all_matrices_all_rows,M4=B1_q0,4,1,0,2,29,Y2,Y2=x0-x1-omega3*(x1-x2),Q<w29_s0>,4,Q<w29_s0>=[M0_Y2[29]|M1_Y2[29]|M2_Y2[29]|M3_Y2[29]|M4_Y2[29]|M5_Y2[29]|M6_Y2[29]|M7_Y2[29]],512,748,1496,ldr Q<w29_s0> [row_base #16*29],464,V<w29_s0>.h[4],29,23,756,93,372,756,x0=B1[372]*twist[93]_from_a372|a756,628,61,244,628,x1=B1[244]*twist[61]_from_a244|a628,500,29,116,500,x2=B1[116]*twist[29]_from_a116|a500,V<w29_s0>.h[4]=Y2[29]_goes_to_work[29]_lane4,phase3_memory_is_row_major_k3_then_k32_with_8_packed_GT_matrices;ntt32_loads_one_Q_per_k32
all_matrices_all_rows,M4=B1_q0,4,1,0,2,30,Y2,Y2=x0-x1-omega3*(x1-x2),Q<w30_s0>,4,Q<w30_s0>=[M0_Y2[30]|M1_Y2[30]|M2_Y2[30]|M3_Y2[30]|M4_Y2[30]|M5_Y2[30]|M6_Y2[30]|M7_Y2[30]],512,756,1512,ldr Q<w30_s0> [row_base #16*30],480,V<w30_s0>.h[4],30,15,504,30,120,504,x0=B1[120]*twist[30]_from_a120|a504,760,94,376,760,x1=B1[376]*twist[94]_from_a376|a760,632,62,248,632,x2=B1[248]*twist[62]_from_a248|a632,V<w30_s0>.h[4]=Y2[30]_goes_to_work[30]_lane4,phase3_memory_is_row_major_k3_then_k32_with_8_packed_GT_matrices;ntt32_loads_one_Q_per_k32
all_matrices_all_rows,M4=B1_q0,4,1,0,2,31,Y2,Y2=x0-x1-omega3*(x1-x2),Q<w31_s0>,4,Q<w31_s0>=[M0_Y2[31]|M1_Y2[31]|M2_Y2[31]|M3_Y2[31]|M4_Y2[31]|M5_Y2[31]|M6_Y2[31]|M7_Y2[31]],512,764,1528,ldr Q<w31_s0> [row_base #16*31],496,V<w31_s0>.h[4],31,31,636,63,252,636,x0=B1[252]*twist[63]_from_a252|a636,508,31,124,508,x1=B1[124]*twist[31]_from_a124|a508,764,95,380,764,x2=B1[380]*twist[95]_from_a380|a764,V<w31_s0>.h[4]=Y2[31]_goes_to_work[31]_lane4,phase3_memory_is_row_major_k3_then_k32_with_8_packed_GT_matrices;ntt32_loads_one_Q_per_k32
all_matrices_all_rows,M5=B1_q1,5,1,1,0,0,Y0,Y0=x0+x1+x2,Q<w00_s0>,5,Q<w00_s0>=[M0_Y0[0]|M1_Y0[0]|M2_Y0[0]|M3_Y0[0]|M4_Y0[0]|M5_Y0[0]|M6_Y0[0]|M7_Y0[0]],0,5,10,ldr Q<w00_s0> [row_base #16*0],0,V<w00_s0>.h[5],0,0,385,0,1,385,x0=B1[1]*twist[0]_from_a1|a385,641,64,257,641,x1=B1[257]*twist[64]_from_a257|a641,513,32,129,513,x2=B1[129]*twist[32]_from_a129|a513,V<w00_s0>.h[5]=Y0[0]_goes_to_work[0]_lane5,phase3_memory_is_row_major_k3_then_k32_with_8_packed_GT_matrices;ntt32_loads_one_Q_per_k32
all_matrices_all_rows,M5=B1_q1,5,1,1,0,1,Y0,Y0=x0+x1+x2,Q<w01_s0>,5,Q<w01_s0>=[M0_Y0[1]|M1_Y0[1]|M2_Y0[1]|M3_Y0[1]|M4_Y0[1]|M5_Y0[1]|M6_Y0[1]|M7_Y0[1]],0,13,26,ldr Q<w01_s0> [row_base #16*1],16,V<w01_s0>.h[5],1,16,517,33,133,517,x0=B1[133]*twist[33]_from_a133|a517,389,1,5,389,x1=B1[5]*twist[1]_from_a5|a389,645,65,261,645,x2=B1[261]*twist[65]_from_a261|a645,V<w01_s0>.h[5]=Y0[1]_goes_to_work[1]_lane5,phase3_memory_is_row_major_k3_then_k32_with_8_packed_GT_matrices;ntt32_loads_one_Q_per_k32
all_matrices_all_rows,M5=B1_q1,5,1,1,0,2,Y0,Y0=x0+x1+x2,Q<w02_s0>,5,Q<w02_s0>=[M0_Y0[2]|M1_Y0[2]|M2_Y0[2]|M3_Y0[2]|M4_Y0[2]|M5_Y0[2]|M6_Y0[2]|M7_Y0[2]],0,21,42,ldr Q<w02_s0> [row_base #16*2],32,V<w02_s0>.h[5],2,8,649,66,265,649,x0=B1[265]*twist[66]_from_a265|a649,521,34,137,521,x1=B1[137]*twist[34]_from_a137|a521,393,2,9,393,x2=B1[9]*twist[2]_from_a9|a393,V<w02_s0>.h[5]=Y0[2]_goes_to_work[2]_lane5,phase3_memory_is_row_major_k3_then_k32_with_8_packed_GT_matrices;ntt32_loads_one_Q_per_k32
all_matrices_all_rows,M5=B1_q1,5,1,1,0,3,Y0,Y0=x0+x1+x2,Q<w03_s0>,5,Q<w03_s0>=[M0_Y0[3]|M1_Y0[3]|M2_Y0[3]|M3_Y0[3]|M4_Y0[3]|M5_Y0[3]|M6_Y0[3]|M7_Y0[3]],0,29,58,ldr Q<w03_s0> [row_base #16*3],48,V<w03_s0>.h[5],3,24,397,3,13,397,x0=B1[13]*twist[3]_from_a13|a397,653,67,269,653,x1=B1[269]*twist[67]_from_a269|a653,525,35,141,525,x2=B1[141]*twist[35]_from_a141|a525,V<w03_s0>.h[5]=Y0[3]_goes_to_work[3]_lane5,phase3_memory_is_row_major_k3_then_k32_with_8_packed_GT_matrices;ntt32_loads_one_Q_per_k32
all_matrices_all_rows,M5=B1_q1,5,1,1,0,4,Y0,Y0=x0+x1+x2,Q<w04_s0>,5,Q<w04_s0>=[M0_Y0[4]|M1_Y0[4]|M2_Y0[4]|M3_Y0[4]|M4_Y0[4]|M5_Y0[4]|M6_Y0[4]|M7_Y0[4]],0,37,74,ldr Q<w04_s0> [row_base #16*4],64,V<w04_s0>.h[5],4,4,529,36,145,529,x0=B1[145]*twist[36]_from_a145|a529,401,4,17,401,x1=B1[17]*twist[4]_from_a17|a401,657,68,273,657,x2=B1[273]*twist[68]_from_a273|a657,V<w04_s0>.h[5]=Y0[4]_goes_to_work[4]_lane5,phase3_memory_is_row_major_k3_then_k32_with_8_packed_GT_matrices;ntt32_loads_one_Q_per_k32
all_matrices_all_rows,M5=B1_q1,5,1,1,0,5,Y0,Y0=x0+x1+x2,Q<w05_s0>,5,Q<w05_s0>=[M0_Y0[5]|M1_Y0[5]|M2_Y0[5]|M3_Y0[5]|M4_Y0[5]|M5_Y0[5]|M6_Y0[5]|M7_Y0[5]],0,45,90,ldr Q<w05_s0> [row_base #16*5],80,V<w05_s0>.h[5],5,20,661,69,277,661,x0=B1[277]*twist[69]_from_a277|a661,533,37,149,533,x1=B1[149]*twist[37]_from_a149|a533,405,5,21,405,x2=B1[21]*twist[5]_from_a21|a405,V<w05_s0>.h[5]=Y0[5]_goes_to_work[5]_lane5,phase3_memory_is_row_major_k3_then_k32_with_8_packed_GT_matrices;ntt32_loads_one_Q_per_k32
all_matrices_all_rows,M5=B1_q1,5,1,1,0,6,Y0,Y0=x0+x1+x2,Q<w06_s0>,5,Q<w06_s0>=[M0_Y0[6]|M1_Y0[6]|M2_Y0[6]|M3_Y0[6]|M4_Y0[6]|M5_Y0[6]|M6_Y0[6]|M7_Y0[6]],0,53,106,ldr Q<w06_s0> [row_base #16*6],96,V<w06_s0>.h[5],6,12,409,6,25,409,x0=B1[25]*twist[6]_from_a25|a409,665,70,281,665,x1=B1[281]*twist[70]_from_a281|a665,537,38,153,537,x2=B1[153]*twist[38]_from_a153|a537,V<w06_s0>.h[5]=Y0[6]_goes_to_work[6]_lane5,phase3_memory_is_row_major_k3_then_k32_with_8_packed_GT_matrices;ntt32_loads_one_Q_per_k32
all_matrices_all_rows,M5=B1_q1,5,1,1,0,7,Y0,Y0=x0+x1+x2,Q<w07_s0>,5,Q<w07_s0>=[M0_Y0[7]|M1_Y0[7]|M2_Y0[7]|M3_Y0[7]|M4_Y0[7]|M5_Y0[7]|M6_Y0[7]|M7_Y0[7]],0,61,122,ldr Q<w07_s0> [row_base #16*7],112,V<w07_s0>.h[5],7,28,541,39,157,541,x0=B1[157]*twist[39]_from_a157|a541,413,7,29,413,x1=B1[29]*twist[7]_from_a29|a413,669,71,285,669,x2=B1[285]*twist[71]_from_a285|a669,V<w07_s0>.h[5]=Y0[7]_goes_to_work[7]_lane5,phase3_memory_is_row_major_k3_then_k32_with_8_packed_GT_matrices;ntt32_loads_one_Q_per_k32
all_matrices_all_rows,M5=B1_q1,5,1,1,0,8,Y0,Y0=x0+x1+x2,Q<w08_s0>,5,Q<w08_s0>=[M0_Y0[8]|M1_Y0[8]|M2_Y0[8]|M3_Y0[8]|M4_Y0[8]|M5_Y0[8]|M6_Y0[8]|M7_Y0[8]],0,69,138,ldr Q<w08_s0> [row_base #16*8],128,V<w08_s0>.h[5],8,2,673,72,289,673,x0=B1[289]*twist[72]_from_a289|a673,545,40,161,545,x1=B1[161]*twist[40]_from_a161|a545,417,8,33,417,x2=B1[33]*twist[8]_from_a33|a417,V<w08_s0>.h[5]=Y0[8]_goes_to_work[8]_lane5,phase3_memory_is_row_major_k3_then_k32_with_8_packed_GT_matrices;ntt32_loads_one_Q_per_k32
all_matrices_all_rows,M5=B1_q1,5,1,1,0,9,Y0,Y0=x0+x1+x2,Q<w09_s0>,5,Q<w09_s0>=[M0_Y0[9]|M1_Y0[9]|M2_Y0[9]|M3_Y0[9]|M4_Y0[9]|M5_Y0[9]|M6_Y0[9]|M7_Y0[9]],0,77,154,ldr Q<w09_s0> [row_base #16*9],144,V<w09_s0>.h[5],9,18,421,9,37,421,x0=B1[37]*twist[9]_from_a37|a421,677,73,293,677,x1=B1[293]*twist[73]_from_a293|a677,549,41,165,549,x2=B1[165]*twist[41]_from_a165|a549,V<w09_s0>.h[5]=Y0[9]_goes_to_work[9]_lane5,phase3_memory_is_row_major_k3_then_k32_with_8_packed_GT_matrices;ntt32_loads_one_Q_per_k32
all_matrices_all_rows,M5=B1_q1,5,1,1,0,10,Y0,Y0=x0+x1+x2,Q<w10_s0>,5,Q<w10_s0>=[M0_Y0[10]|M1_Y0[10]|M2_Y0[10]|M3_Y0[10]|M4_Y0[10]|M5_Y0[10]|M6_Y0[10]|M7_Y0[10]],0,85,170,ldr Q<w10_s0> [row_base #16*10],160,V<w10_s0>.h[5],10,10,553,42,169,553,x0=B1[169]*twist[42]_from_a169|a553,425,10,41,425,x1=B1[41]*twist[10]_from_a41|a425,681,74,297,681,x2=B1[297]*twist[74]_from_a297|a681,V<w10_s0>.h[5]=Y0[10]_goes_to_work[10]_lane5,phase3_memory_is_row_major_k3_then_k32_with_8_packed_GT_matrices;ntt32_loads_one_Q_per_k32
all_matrices_all_rows,M5=B1_q1,5,1,1,0,11,Y0,Y0=x0+x1+x2,Q<w11_s0>,5,Q<w11_s0>=[M0_Y0[11]|M1_Y0[11]|M2_Y0[11]|M3_Y0[11]|M4_Y0[11]|M5_Y0[11]|M6_Y0[11]|M7_Y0[11]],0,93,186,ldr Q<w11_s0> [row_base #16*11],176,V<w11_s0>.h[5],11,26,685,75,301,685,x0=B1[301]*twist[75]_from_a301|a685,557,43,173,557,x1=B1[173]*twist[43]_from_a173|a557,429,11,45,429,x2=B1[45]*twist[11]_from_a45|a429,V<w11_s0>.h[5]=Y0[11]_goes_to_work[11]_lane5,phase3_memory_is_row_major_k3_then_k32_with_8_packed_GT_matrices;ntt32_loads_one_Q_per_k32
all_matrices_all_rows,M5=B1_q1,5,1,1,0,12,Y0,Y0=x0+x1+x2,Q<w12_s0>,5,Q<w12_s0>=[M0_Y0[12]|M1_Y0[12]|M2_Y0[12]|M3_Y0[12]|M4_Y0[12]|M5_Y0[12]|M6_Y0[12]|M7_Y0[12]],0,101,202,ldr Q<w12_s0> [row_base #16*12],192,V<w12_s0>.h[5],12,6,433,12,49,433,x0=B1[49]*twist[12]_from_a49|a433,689,76,305,689,x1=B1[305]*twist[76]_from_a305|a689,561,44,177,561,x2=B1[177]*twist[44]_from_a177|a561,V<w12_s0>.h[5]=Y0[12]_goes_to_work[12]_lane5,phase3_memory_is_row_major_k3_then_k32_with_8_packed_GT_matrices;ntt32_loads_one_Q_per_k32
all_matrices_all_rows,M5=B1_q1,5,1,1,0,13,Y0,Y0=x0+x1+x2,Q<w13_s0>,5,Q<w13_s0>=[M0_Y0[13]|M1_Y0[13]|M2_Y0[13]|M3_Y0[13]|M4_Y0[13]|M5_Y0[13]|M6_Y0[13]|M7_Y0[13]],0,109,218,ldr Q<w13_s0> [row_base #16*13],208,V<w13_s0>.h[5],13,22,565,45,181,565,x0=B1[181]*twist[45]_from_a181|a565,437,13,53,437,x1=B1[53]*twist[13]_from_a53|a437,693,77,309,693,x2=B1[309]*twist[77]_from_a309|a693,V<w13_s0>.h[5]=Y0[13]_goes_to_work[13]_lane5,phase3_memory_is_row_major_k3_then_k32_with_8_packed_GT_matrices;ntt32_loads_one_Q_per_k32
all_matrices_all_rows,M5=B1_q1,5,1,1,0,14,Y0,Y0=x0+x1+x2,Q<w14_s0>,5,Q<w14_s0>=[M0_Y0[14]|M1_Y0[14]|M2_Y0[14]|M3_Y0[14]|M4_Y0[14]|M5_Y0[14]|M6_Y0[14]|M7_Y0[14]],0,117,234,ldr Q<w14_s0> [row_base #16*14],224,V<w14_s0>.h[5],14,14,697,78,313,697,x0=B1[313]*twist[78]_from_a313|a697,569,46,185,569,x1=B1[185]*twist[46]_from_a185|a569,441,14,57,441,x2=B1[57]*twist[14]_from_a57|a441,V<w14_s0>.h[5]=Y0[14]_goes_to_work[14]_lane5,phase3_memory_is_row_major_k3_then_k32_with_8_packed_GT_matrices;ntt32_loads_one_Q_per_k32
all_matrices_all_rows,M5=B1_q1,5,1,1,0,15,Y0,Y0=x0+x1+x2,Q<w15_s0>,5,Q<w15_s0>=[M0_Y0[15]|M1_Y0[15]|M2_Y0[15]|M3_Y0[15]|M4_Y0[15]|M5_Y0[15]|M6_Y0[15]|M7_Y0[15]],0,125,250,ldr Q<w15_s0> [row_base #16*15],240,V<w15_s0>.h[5],15,30,445,15,61,445,x0=B1[61]*twist[15]_from_a61|a445,701,79,317,701,x1=B1[317]*twist[79]_from_a317|a701,573,47,189,573,x2=B1[189]*twist[47]_from_a189|a573,V<w15_s0>.h[5]=Y0[15]_goes_to_work[15]_lane5,phase3_memory_is_row_major_k3_then_k32_with_8_packed_GT_matrices;ntt32_loads_one_Q_per_k32
all_matrices_all_rows,M5=B1_q1,5,1,1,0,16,Y0,Y0=x0+x1+x2,Q<w16_s0>,5,Q<w16_s0>=[M0_Y0[16]|M1_Y0[16]|M2_Y0[16]|M3_Y0[16]|M4_Y0[16]|M5_Y0[16]|M6_Y0[16]|M7_Y0[16]],0,133,266,ldr Q<w16_s0> [row_base #16*16],256,V<w16_s0>.h[5],16,1,577,48,193,577,x0=B1[193]*twist[48]_from_a193|a577,449,16,65,449,x1=B1[65]*twist[16]_from_a65|a449,705,80,321,705,x2=B1[321]*twist[80]_from_a321|a705,V<w16_s0>.h[5]=Y0[16]_goes_to_work[16]_lane5,phase3_memory_is_row_major_k3_then_k32_with_8_packed_GT_matrices;ntt32_loads_one_Q_per_k32
all_matrices_all_rows,M5=B1_q1,5,1,1,0,17,Y0,Y0=x0+x1+x2,Q<w17_s0>,5,Q<w17_s0>=[M0_Y0[17]|M1_Y0[17]|M2_Y0[17]|M3_Y0[17]|M4_Y0[17]|M5_Y0[17]|M6_Y0[17]|M7_Y0[17]],0,141,282,ldr Q<w17_s0> [row_base #16*17],272,V<w17_s0>.h[5],17,17,709,81,325,709,x0=B1[325]*twist[81]_from_a325|a709,581,49,197,581,x1=B1[197]*twist[49]_from_a197|a581,453,17,69,453,x2=B1[69]*twist[17]_from_a69|a453,V<w17_s0>.h[5]=Y0[17]_goes_to_work[17]_lane5,phase3_memory_is_row_major_k3_then_k32_with_8_packed_GT_matrices;ntt32_loads_one_Q_per_k32
all_matrices_all_rows,M5=B1_q1,5,1,1,0,18,Y0,Y0=x0+x1+x2,Q<w18_s0>,5,Q<w18_s0>=[M0_Y0[18]|M1_Y0[18]|M2_Y0[18]|M3_Y0[18]|M4_Y0[18]|M5_Y0[18]|M6_Y0[18]|M7_Y0[18]],0,149,298,ldr Q<w18_s0> [row_base #16*18],288,V<w18_s0>.h[5],18,9,457,18,73,457,x0=B1[73]*twist[18]_from_a73|a457,713,82,329,713,x1=B1[329]*twist[82]_from_a329|a713,585,50,201,585,x2=B1[201]*twist[50]_from_a201|a585,V<w18_s0>.h[5]=Y0[18]_goes_to_work[18]_lane5,phase3_memory_is_row_major_k3_then_k32_with_8_packed_GT_matrices;ntt32_loads_one_Q_per_k32
all_matrices_all_rows,M5=B1_q1,5,1,1,0,19,Y0,Y0=x0+x1+x2,Q<w19_s0>,5,Q<w19_s0>=[M0_Y0[19]|M1_Y0[19]|M2_Y0[19]|M3_Y0[19]|M4_Y0[19]|M5_Y0[19]|M6_Y0[19]|M7_Y0[19]],0,157,314,ldr Q<w19_s0> [row_base #16*19],304,V<w19_s0>.h[5],19,25,589,51,205,589,x0=B1[205]*twist[51]_from_a205|a589,461,19,77,461,x1=B1[77]*twist[19]_from_a77|a461,717,83,333,717,x2=B1[333]*twist[83]_from_a333|a717,V<w19_s0>.h[5]=Y0[19]_goes_to_work[19]_lane5,phase3_memory_is_row_major_k3_then_k32_with_8_packed_GT_matrices;ntt32_loads_one_Q_per_k32
all_matrices_all_rows,M5=B1_q1,5,1,1,0,20,Y0,Y0=x0+x1+x2,Q<w20_s0>,5,Q<w20_s0>=[M0_Y0[20]|M1_Y0[20]|M2_Y0[20]|M3_Y0[20]|M4_Y0[20]|M5_Y0[20]|M6_Y0[20]|M7_Y0[20]],0,165,330,ldr Q<w20_s0> [row_base #16*20],320,V<w20_s0>.h[5],20,5,721,84,337,721,x0=B1[337]*twist[84]_from_a337|a721,593,52,209,593,x1=B1[209]*twist[52]_from_a209|a593,465,20,81,465,x2=B1[81]*twist[20]_from_a81|a465,V<w20_s0>.h[5]=Y0[20]_goes_to_work[20]_lane5,phase3_memory_is_row_major_k3_then_k32_with_8_packed_GT_matrices;ntt32_loads_one_Q_per_k32
all_matrices_all_rows,M5=B1_q1,5,1,1,0,21,Y0,Y0=x0+x1+x2,Q<w21_s0>,5,Q<w21_s0>=[M0_Y0[21]|M1_Y0[21]|M2_Y0[21]|M3_Y0[21]|M4_Y0[21]|M5_Y0[21]|M6_Y0[21]|M7_Y0[21]],0,173,346,ldr Q<w21_s0> [row_base #16*21],336,V<w21_s0>.h[5],21,21,469,21,85,469,x0=B1[85]*twist[21]_from_a85|a469,725,85,341,725,x1=B1[341]*twist[85]_from_a341|a725,597,53,213,597,x2=B1[213]*twist[53]_from_a213|a597,V<w21_s0>.h[5]=Y0[21]_goes_to_work[21]_lane5,phase3_memory_is_row_major_k3_then_k32_with_8_packed_GT_matrices;ntt32_loads_one_Q_per_k32
all_matrices_all_rows,M5=B1_q1,5,1,1,0,22,Y0,Y0=x0+x1+x2,Q<w22_s0>,5,Q<w22_s0>=[M0_Y0[22]|M1_Y0[22]|M2_Y0[22]|M3_Y0[22]|M4_Y0[22]|M5_Y0[22]|M6_Y0[22]|M7_Y0[22]],0,181,362,ldr Q<w22_s0> [row_base #16*22],352,V<w22_s0>.h[5],22,13,601,54,217,601,x0=B1[217]*twist[54]_from_a217|a601,473,22,89,473,x1=B1[89]*twist[22]_from_a89|a473,729,86,345,729,x2=B1[345]*twist[86]_from_a345|a729,V<w22_s0>.h[5]=Y0[22]_goes_to_work[22]_lane5,phase3_memory_is_row_major_k3_then_k32_with_8_packed_GT_matrices;ntt32_loads_one_Q_per_k32
all_matrices_all_rows,M5=B1_q1,5,1,1,0,23,Y0,Y0=x0+x1+x2,Q<w23_s0>,5,Q<w23_s0>=[M0_Y0[23]|M1_Y0[23]|M2_Y0[23]|M3_Y0[23]|M4_Y0[23]|M5_Y0[23]|M6_Y0[23]|M7_Y0[23]],0,189,378,ldr Q<w23_s0> [row_base #16*23],368,V<w23_s0>.h[5],23,29,733,87,349,733,x0=B1[349]*twist[87]_from_a349|a733,605,55,221,605,x1=B1[221]*twist[55]_from_a221|a605,477,23,93,477,x2=B1[93]*twist[23]_from_a93|a477,V<w23_s0>.h[5]=Y0[23]_goes_to_work[23]_lane5,phase3_memory_is_row_major_k3_then_k32_with_8_packed_GT_matrices;ntt32_loads_one_Q_per_k32
all_matrices_all_rows,M5=B1_q1,5,1,1,0,24,Y0,Y0=x0+x1+x2,Q<w24_s0>,5,Q<w24_s0>=[M0_Y0[24]|M1_Y0[24]|M2_Y0[24]|M3_Y0[24]|M4_Y0[24]|M5_Y0[24]|M6_Y0[24]|M7_Y0[24]],0,197,394,ldr Q<w24_s0> [row_base #16*24],384,V<w24_s0>.h[5],24,3,481,24,97,481,x0=B1[97]*twist[24]_from_a97|a481,737,88,353,737,x1=B1[353]*twist[88]_from_a353|a737,609,56,225,609,x2=B1[225]*twist[56]_from_a225|a609,V<w24_s0>.h[5]=Y0[24]_goes_to_work[24]_lane5,phase3_memory_is_row_major_k3_then_k32_with_8_packed_GT_matrices;ntt32_loads_one_Q_per_k32
all_matrices_all_rows,M5=B1_q1,5,1,1,0,25,Y0,Y0=x0+x1+x2,Q<w25_s0>,5,Q<w25_s0>=[M0_Y0[25]|M1_Y0[25]|M2_Y0[25]|M3_Y0[25]|M4_Y0[25]|M5_Y0[25]|M6_Y0[25]|M7_Y0[25]],0,205,410,ldr Q<w25_s0> [row_base #16*25],400,V<w25_s0>.h[5],25,19,613,57,229,613,x0=B1[229]*twist[57]_from_a229|a613,485,25,101,485,x1=B1[101]*twist[25]_from_a101|a485,741,89,357,741,x2=B1[357]*twist[89]_from_a357|a741,V<w25_s0>.h[5]=Y0[25]_goes_to_work[25]_lane5,phase3_memory_is_row_major_k3_then_k32_with_8_packed_GT_matrices;ntt32_loads_one_Q_per_k32
all_matrices_all_rows,M5=B1_q1,5,1,1,0,26,Y0,Y0=x0+x1+x2,Q<w26_s0>,5,Q<w26_s0>=[M0_Y0[26]|M1_Y0[26]|M2_Y0[26]|M3_Y0[26]|M4_Y0[26]|M5_Y0[26]|M6_Y0[26]|M7_Y0[26]],0,213,426,ldr Q<w26_s0> [row_base #16*26],416,V<w26_s0>.h[5],26,11,745,90,361,745,x0=B1[361]*twist[90]_from_a361|a745,617,58,233,617,x1=B1[233]*twist[58]_from_a233|a617,489,26,105,489,x2=B1[105]*twist[26]_from_a105|a489,V<w26_s0>.h[5]=Y0[26]_goes_to_work[26]_lane5,phase3_memory_is_row_major_k3_then_k32_with_8_packed_GT_matrices;ntt32_loads_one_Q_per_k32
all_matrices_all_rows,M5=B1_q1,5,1,1,0,27,Y0,Y0=x0+x1+x2,Q<w27_s0>,5,Q<w27_s0>=[M0_Y0[27]|M1_Y0[27]|M2_Y0[27]|M3_Y0[27]|M4_Y0[27]|M5_Y0[27]|M6_Y0[27]|M7_Y0[27]],0,221,442,ldr Q<w27_s0> [row_base #16*27],432,V<w27_s0>.h[5],27,27,493,27,109,493,x0=B1[109]*twist[27]_from_a109|a493,749,91,365,749,x1=B1[365]*twist[91]_from_a365|a749,621,59,237,621,x2=B1[237]*twist[59]_from_a237|a621,V<w27_s0>.h[5]=Y0[27]_goes_to_work[27]_lane5,phase3_memory_is_row_major_k3_then_k32_with_8_packed_GT_matrices;ntt32_loads_one_Q_per_k32
all_matrices_all_rows,M5=B1_q1,5,1,1,0,28,Y0,Y0=x0+x1+x2,Q<w28_s0>,5,Q<w28_s0>=[M0_Y0[28]|M1_Y0[28]|M2_Y0[28]|M3_Y0[28]|M4_Y0[28]|M5_Y0[28]|M6_Y0[28]|M7_Y0[28]],0,229,458,ldr Q<w28_s0> [row_base #16*28],448,V<w28_s0>.h[5],28,7,625,60,241,625,x0=B1[241]*twist[60]_from_a241|a625,497,28,113,497,x1=B1[113]*twist[28]_from_a113|a497,753,92,369,753,x2=B1[369]*twist[92]_from_a369|a753,V<w28_s0>.h[5]=Y0[28]_goes_to_work[28]_lane5,phase3_memory_is_row_major_k3_then_k32_with_8_packed_GT_matrices;ntt32_loads_one_Q_per_k32
all_matrices_all_rows,M5=B1_q1,5,1,1,0,29,Y0,Y0=x0+x1+x2,Q<w29_s0>,5,Q<w29_s0>=[M0_Y0[29]|M1_Y0[29]|M2_Y0[29]|M3_Y0[29]|M4_Y0[29]|M5_Y0[29]|M6_Y0[29]|M7_Y0[29]],0,237,474,ldr Q<w29_s0> [row_base #16*29],464,V<w29_s0>.h[5],29,23,757,93,373,757,x0=B1[373]*twist[93]_from_a373|a757,629,61,245,629,x1=B1[245]*twist[61]_from_a245|a629,501,29,117,501,x2=B1[117]*twist[29]_from_a117|a501,V<w29_s0>.h[5]=Y0[29]_goes_to_work[29]_lane5,phase3_memory_is_row_major_k3_then_k32_with_8_packed_GT_matrices;ntt32_loads_one_Q_per_k32
all_matrices_all_rows,M5=B1_q1,5,1,1,0,30,Y0,Y0=x0+x1+x2,Q<w30_s0>,5,Q<w30_s0>=[M0_Y0[30]|M1_Y0[30]|M2_Y0[30]|M3_Y0[30]|M4_Y0[30]|M5_Y0[30]|M6_Y0[30]|M7_Y0[30]],0,245,490,ldr Q<w30_s0> [row_base #16*30],480,V<w30_s0>.h[5],30,15,505,30,121,505,x0=B1[121]*twist[30]_from_a121|a505,761,94,377,761,x1=B1[377]*twist[94]_from_a377|a761,633,62,249,633,x2=B1[249]*twist[62]_from_a249|a633,V<w30_s0>.h[5]=Y0[30]_goes_to_work[30]_lane5,phase3_memory_is_row_major_k3_then_k32_with_8_packed_GT_matrices;ntt32_loads_one_Q_per_k32
all_matrices_all_rows,M5=B1_q1,5,1,1,0,31,Y0,Y0=x0+x1+x2,Q<w31_s0>,5,Q<w31_s0>=[M0_Y0[31]|M1_Y0[31]|M2_Y0[31]|M3_Y0[31]|M4_Y0[31]|M5_Y0[31]|M6_Y0[31]|M7_Y0[31]],0,253,506,ldr Q<w31_s0> [row_base #16*31],496,V<w31_s0>.h[5],31,31,637,63,253,637,x0=B1[253]*twist[63]_from_a253|a637,509,31,125,509,x1=B1[125]*twist[31]_from_a125|a509,765,95,381,765,x2=B1[381]*twist[95]_from_a381|a765,V<w31_s0>.h[5]=Y0[31]_goes_to_work[31]_lane5,phase3_memory_is_row_major_k3_then_k32_with_8_packed_GT_matrices;ntt32_loads_one_Q_per_k32
all_matrices_all_rows,M5=B1_q1,5,1,1,1,0,Y1,Y1=x0-x2+omega3*(x1-x2),Q<w00_s0>,5,Q<w00_s0>=[M0_Y1[0]|M1_Y1[0]|M2_Y1[0]|M3_Y1[0]|M4_Y1[0]|M5_Y1[0]|M6_Y1[0]|M7_Y1[0]],256,261,522,ldr Q<w00_s0> [row_base #16*0],0,V<w00_s0>.h[5],0,0,385,0,1,385,x0=B1[1]*twist[0]_from_a1|a385,641,64,257,641,x1=B1[257]*twist[64]_from_a257|a641,513,32,129,513,x2=B1[129]*twist[32]_from_a129|a513,V<w00_s0>.h[5]=Y1[0]_goes_to_work[0]_lane5,phase3_memory_is_row_major_k3_then_k32_with_8_packed_GT_matrices;ntt32_loads_one_Q_per_k32
all_matrices_all_rows,M5=B1_q1,5,1,1,1,1,Y1,Y1=x0-x2+omega3*(x1-x2),Q<w01_s0>,5,Q<w01_s0>=[M0_Y1[1]|M1_Y1[1]|M2_Y1[1]|M3_Y1[1]|M4_Y1[1]|M5_Y1[1]|M6_Y1[1]|M7_Y1[1]],256,269,538,ldr Q<w01_s0> [row_base #16*1],16,V<w01_s0>.h[5],1,16,517,33,133,517,x0=B1[133]*twist[33]_from_a133|a517,389,1,5,389,x1=B1[5]*twist[1]_from_a5|a389,645,65,261,645,x2=B1[261]*twist[65]_from_a261|a645,V<w01_s0>.h[5]=Y1[1]_goes_to_work[1]_lane5,phase3_memory_is_row_major_k3_then_k32_with_8_packed_GT_matrices;ntt32_loads_one_Q_per_k32
all_matrices_all_rows,M5=B1_q1,5,1,1,1,2,Y1,Y1=x0-x2+omega3*(x1-x2),Q<w02_s0>,5,Q<w02_s0>=[M0_Y1[2]|M1_Y1[2]|M2_Y1[2]|M3_Y1[2]|M4_Y1[2]|M5_Y1[2]|M6_Y1[2]|M7_Y1[2]],256,277,554,ldr Q<w02_s0> [row_base #16*2],32,V<w02_s0>.h[5],2,8,649,66,265,649,x0=B1[265]*twist[66]_from_a265|a649,521,34,137,521,x1=B1[137]*twist[34]_from_a137|a521,393,2,9,393,x2=B1[9]*twist[2]_from_a9|a393,V<w02_s0>.h[5]=Y1[2]_goes_to_work[2]_lane5,phase3_memory_is_row_major_k3_then_k32_with_8_packed_GT_matrices;ntt32_loads_one_Q_per_k32
all_matrices_all_rows,M5=B1_q1,5,1,1,1,3,Y1,Y1=x0-x2+omega3*(x1-x2),Q<w03_s0>,5,Q<w03_s0>=[M0_Y1[3]|M1_Y1[3]|M2_Y1[3]|M3_Y1[3]|M4_Y1[3]|M5_Y1[3]|M6_Y1[3]|M7_Y1[3]],256,285,570,ldr Q<w03_s0> [row_base #16*3],48,V<w03_s0>.h[5],3,24,397,3,13,397,x0=B1[13]*twist[3]_from_a13|a397,653,67,269,653,x1=B1[269]*twist[67]_from_a269|a653,525,35,141,525,x2=B1[141]*twist[35]_from_a141|a525,V<w03_s0>.h[5]=Y1[3]_goes_to_work[3]_lane5,phase3_memory_is_row_major_k3_then_k32_with_8_packed_GT_matrices;ntt32_loads_one_Q_per_k32
all_matrices_all_rows,M5=B1_q1,5,1,1,1,4,Y1,Y1=x0-x2+omega3*(x1-x2),Q<w04_s0>,5,Q<w04_s0>=[M0_Y1[4]|M1_Y1[4]|M2_Y1[4]|M3_Y1[4]|M4_Y1[4]|M5_Y1[4]|M6_Y1[4]|M7_Y1[4]],256,293,586,ldr Q<w04_s0> [row_base #16*4],64,V<w04_s0>.h[5],4,4,529,36,145,529,x0=B1[145]*twist[36]_from_a145|a529,401,4,17,401,x1=B1[17]*twist[4]_from_a17|a401,657,68,273,657,x2=B1[273]*twist[68]_from_a273|a657,V<w04_s0>.h[5]=Y1[4]_goes_to_work[4]_lane5,phase3_memory_is_row_major_k3_then_k32_with_8_packed_GT_matrices;ntt32_loads_one_Q_per_k32
all_matrices_all_rows,M5=B1_q1,5,1,1,1,5,Y1,Y1=x0-x2+omega3*(x1-x2),Q<w05_s0>,5,Q<w05_s0>=[M0_Y1[5]|M1_Y1[5]|M2_Y1[5]|M3_Y1[5]|M4_Y1[5]|M5_Y1[5]|M6_Y1[5]|M7_Y1[5]],256,301,602,ldr Q<w05_s0> [row_base #16*5],80,V<w05_s0>.h[5],5,20,661,69,277,661,x0=B1[277]*twist[69]_from_a277|a661,533,37,149,533,x1=B1[149]*twist[37]_from_a149|a533,405,5,21,405,x2=B1[21]*twist[5]_from_a21|a405,V<w05_s0>.h[5]=Y1[5]_goes_to_work[5]_lane5,phase3_memory_is_row_major_k3_then_k32_with_8_packed_GT_matrices;ntt32_loads_one_Q_per_k32
all_matrices_all_rows,M5=B1_q1,5,1,1,1,6,Y1,Y1=x0-x2+omega3*(x1-x2),Q<w06_s0>,5,Q<w06_s0>=[M0_Y1[6]|M1_Y1[6]|M2_Y1[6]|M3_Y1[6]|M4_Y1[6]|M5_Y1[6]|M6_Y1[6]|M7_Y1[6]],256,309,618,ldr Q<w06_s0> [row_base #16*6],96,V<w06_s0>.h[5],6,12,409,6,25,409,x0=B1[25]*twist[6]_from_a25|a409,665,70,281,665,x1=B1[281]*twist[70]_from_a281|a665,537,38,153,537,x2=B1[153]*twist[38]_from_a153|a537,V<w06_s0>.h[5]=Y1[6]_goes_to_work[6]_lane5,phase3_memory_is_row_major_k3_then_k32_with_8_packed_GT_matrices;ntt32_loads_one_Q_per_k32
all_matrices_all_rows,M5=B1_q1,5,1,1,1,7,Y1,Y1=x0-x2+omega3*(x1-x2),Q<w07_s0>,5,Q<w07_s0>=[M0_Y1[7]|M1_Y1[7]|M2_Y1[7]|M3_Y1[7]|M4_Y1[7]|M5_Y1[7]|M6_Y1[7]|M7_Y1[7]],256,317,634,ldr Q<w07_s0> [row_base #16*7],112,V<w07_s0>.h[5],7,28,541,39,157,541,x0=B1[157]*twist[39]_from_a157|a541,413,7,29,413,x1=B1[29]*twist[7]_from_a29|a413,669,71,285,669,x2=B1[285]*twist[71]_from_a285|a669,V<w07_s0>.h[5]=Y1[7]_goes_to_work[7]_lane5,phase3_memory_is_row_major_k3_then_k32_with_8_packed_GT_matrices;ntt32_loads_one_Q_per_k32
all_matrices_all_rows,M5=B1_q1,5,1,1,1,8,Y1,Y1=x0-x2+omega3*(x1-x2),Q<w08_s0>,5,Q<w08_s0>=[M0_Y1[8]|M1_Y1[8]|M2_Y1[8]|M3_Y1[8]|M4_Y1[8]|M5_Y1[8]|M6_Y1[8]|M7_Y1[8]],256,325,650,ldr Q<w08_s0> [row_base #16*8],128,V<w08_s0>.h[5],8,2,673,72,289,673,x0=B1[289]*twist[72]_from_a289|a673,545,40,161,545,x1=B1[161]*twist[40]_from_a161|a545,417,8,33,417,x2=B1[33]*twist[8]_from_a33|a417,V<w08_s0>.h[5]=Y1[8]_goes_to_work[8]_lane5,phase3_memory_is_row_major_k3_then_k32_with_8_packed_GT_matrices;ntt32_loads_one_Q_per_k32
all_matrices_all_rows,M5=B1_q1,5,1,1,1,9,Y1,Y1=x0-x2+omega3*(x1-x2),Q<w09_s0>,5,Q<w09_s0>=[M0_Y1[9]|M1_Y1[9]|M2_Y1[9]|M3_Y1[9]|M4_Y1[9]|M5_Y1[9]|M6_Y1[9]|M7_Y1[9]],256,333,666,ldr Q<w09_s0> [row_base #16*9],144,V<w09_s0>.h[5],9,18,421,9,37,421,x0=B1[37]*twist[9]_from_a37|a421,677,73,293,677,x1=B1[293]*twist[73]_from_a293|a677,549,41,165,549,x2=B1[165]*twist[41]_from_a165|a549,V<w09_s0>.h[5]=Y1[9]_goes_to_work[9]_lane5,phase3_memory_is_row_major_k3_then_k32_with_8_packed_GT_matrices;ntt32_loads_one_Q_per_k32
all_matrices_all_rows,M5=B1_q1,5,1,1,1,10,Y1,Y1=x0-x2+omega3*(x1-x2),Q<w10_s0>,5,Q<w10_s0>=[M0_Y1[10]|M1_Y1[10]|M2_Y1[10]|M3_Y1[10]|M4_Y1[10]|M5_Y1[10]|M6_Y1[10]|M7_Y1[10]],256,341,682,ldr Q<w10_s0> [row_base #16*10],160,V<w10_s0>.h[5],10,10,553,42,169,553,x0=B1[169]*twist[42]_from_a169|a553,425,10,41,425,x1=B1[41]*twist[10]_from_a41|a425,681,74,297,681,x2=B1[297]*twist[74]_from_a297|a681,V<w10_s0>.h[5]=Y1[10]_goes_to_work[10]_lane5,phase3_memory_is_row_major_k3_then_k32_with_8_packed_GT_matrices;ntt32_loads_one_Q_per_k32
all_matrices_all_rows,M5=B1_q1,5,1,1,1,11,Y1,Y1=x0-x2+omega3*(x1-x2),Q<w11_s0>,5,Q<w11_s0>=[M0_Y1[11]|M1_Y1[11]|M2_Y1[11]|M3_Y1[11]|M4_Y1[11]|M5_Y1[11]|M6_Y1[11]|M7_Y1[11]],256,349,698,ldr Q<w11_s0> [row_base #16*11],176,V<w11_s0>.h[5],11,26,685,75,301,685,x0=B1[301]*twist[75]_from_a301|a685,557,43,173,557,x1=B1[173]*twist[43]_from_a173|a557,429,11,45,429,x2=B1[45]*twist[11]_from_a45|a429,V<w11_s0>.h[5]=Y1[11]_goes_to_work[11]_lane5,phase3_memory_is_row_major_k3_then_k32_with_8_packed_GT_matrices;ntt32_loads_one_Q_per_k32
all_matrices_all_rows,M5=B1_q1,5,1,1,1,12,Y1,Y1=x0-x2+omega3*(x1-x2),Q<w12_s0>,5,Q<w12_s0>=[M0_Y1[12]|M1_Y1[12]|M2_Y1[12]|M3_Y1[12]|M4_Y1[12]|M5_Y1[12]|M6_Y1[12]|M7_Y1[12]],256,357,714,ldr Q<w12_s0> [row_base #16*12],192,V<w12_s0>.h[5],12,6,433,12,49,433,x0=B1[49]*twist[12]_from_a49|a433,689,76,305,689,x1=B1[305]*twist[76]_from_a305|a689,561,44,177,561,x2=B1[177]*twist[44]_from_a177|a561,V<w12_s0>.h[5]=Y1[12]_goes_to_work[12]_lane5,phase3_memory_is_row_major_k3_then_k32_with_8_packed_GT_matrices;ntt32_loads_one_Q_per_k32
all_matrices_all_rows,M5=B1_q1,5,1,1,1,13,Y1,Y1=x0-x2+omega3*(x1-x2),Q<w13_s0>,5,Q<w13_s0>=[M0_Y1[13]|M1_Y1[13]|M2_Y1[13]|M3_Y1[13]|M4_Y1[13]|M5_Y1[13]|M6_Y1[13]|M7_Y1[13]],256,365,730,ldr Q<w13_s0> [row_base #16*13],208,V<w13_s0>.h[5],13,22,565,45,181,565,x0=B1[181]*twist[45]_from_a181|a565,437,13,53,437,x1=B1[53]*twist[13]_from_a53|a437,693,77,309,693,x2=B1[309]*twist[77]_from_a309|a693,V<w13_s0>.h[5]=Y1[13]_goes_to_work[13]_lane5,phase3_memory_is_row_major_k3_then_k32_with_8_packed_GT_matrices;ntt32_loads_one_Q_per_k32
all_matrices_all_rows,M5=B1_q1,5,1,1,1,14,Y1,Y1=x0-x2+omega3*(x1-x2),Q<w14_s0>,5,Q<w14_s0>=[M0_Y1[14]|M1_Y1[14]|M2_Y1[14]|M3_Y1[14]|M4_Y1[14]|M5_Y1[14]|M6_Y1[14]|M7_Y1[14]],256,373,746,ldr Q<w14_s0> [row_base #16*14],224,V<w14_s0>.h[5],14,14,697,78,313,697,x0=B1[313]*twist[78]_from_a313|a697,569,46,185,569,x1=B1[185]*twist[46]_from_a185|a569,441,14,57,441,x2=B1[57]*twist[14]_from_a57|a441,V<w14_s0>.h[5]=Y1[14]_goes_to_work[14]_lane5,phase3_memory_is_row_major_k3_then_k32_with_8_packed_GT_matrices;ntt32_loads_one_Q_per_k32
all_matrices_all_rows,M5=B1_q1,5,1,1,1,15,Y1,Y1=x0-x2+omega3*(x1-x2),Q<w15_s0>,5,Q<w15_s0>=[M0_Y1[15]|M1_Y1[15]|M2_Y1[15]|M3_Y1[15]|M4_Y1[15]|M5_Y1[15]|M6_Y1[15]|M7_Y1[15]],256,381,762,ldr Q<w15_s0> [row_base #16*15],240,V<w15_s0>.h[5],15,30,445,15,61,445,x0=B1[61]*twist[15]_from_a61|a445,701,79,317,701,x1=B1[317]*twist[79]_from_a317|a701,573,47,189,573,x2=B1[189]*twist[47]_from_a189|a573,V<w15_s0>.h[5]=Y1[15]_goes_to_work[15]_lane5,phase3_memory_is_row_major_k3_then_k32_with_8_packed_GT_matrices;ntt32_loads_one_Q_per_k32
all_matrices_all_rows,M5=B1_q1,5,1,1,1,16,Y1,Y1=x0-x2+omega3*(x1-x2),Q<w16_s0>,5,Q<w16_s0>=[M0_Y1[16]|M1_Y1[16]|M2_Y1[16]|M3_Y1[16]|M4_Y1[16]|M5_Y1[16]|M6_Y1[16]|M7_Y1[16]],256,389,778,ldr Q<w16_s0> [row_base #16*16],256,V<w16_s0>.h[5],16,1,577,48,193,577,x0=B1[193]*twist[48]_from_a193|a577,449,16,65,449,x1=B1[65]*twist[16]_from_a65|a449,705,80,321,705,x2=B1[321]*twist[80]_from_a321|a705,V<w16_s0>.h[5]=Y1[16]_goes_to_work[16]_lane5,phase3_memory_is_row_major_k3_then_k32_with_8_packed_GT_matrices;ntt32_loads_one_Q_per_k32
all_matrices_all_rows,M5=B1_q1,5,1,1,1,17,Y1,Y1=x0-x2+omega3*(x1-x2),Q<w17_s0>,5,Q<w17_s0>=[M0_Y1[17]|M1_Y1[17]|M2_Y1[17]|M3_Y1[17]|M4_Y1[17]|M5_Y1[17]|M6_Y1[17]|M7_Y1[17]],256,397,794,ldr Q<w17_s0> [row_base #16*17],272,V<w17_s0>.h[5],17,17,709,81,325,709,x0=B1[325]*twist[81]_from_a325|a709,581,49,197,581,x1=B1[197]*twist[49]_from_a197|a581,453,17,69,453,x2=B1[69]*twist[17]_from_a69|a453,V<w17_s0>.h[5]=Y1[17]_goes_to_work[17]_lane5,phase3_memory_is_row_major_k3_then_k32_with_8_packed_GT_matrices;ntt32_loads_one_Q_per_k32
all_matrices_all_rows,M5=B1_q1,5,1,1,1,18,Y1,Y1=x0-x2+omega3*(x1-x2),Q<w18_s0>,5,Q<w18_s0>=[M0_Y1[18]|M1_Y1[18]|M2_Y1[18]|M3_Y1[18]|M4_Y1[18]|M5_Y1[18]|M6_Y1[18]|M7_Y1[18]],256,405,810,ldr Q<w18_s0> [row_base #16*18],288,V<w18_s0>.h[5],18,9,457,18,73,457,x0=B1[73]*twist[18]_from_a73|a457,713,82,329,713,x1=B1[329]*twist[82]_from_a329|a713,585,50,201,585,x2=B1[201]*twist[50]_from_a201|a585,V<w18_s0>.h[5]=Y1[18]_goes_to_work[18]_lane5,phase3_memory_is_row_major_k3_then_k32_with_8_packed_GT_matrices;ntt32_loads_one_Q_per_k32
all_matrices_all_rows,M5=B1_q1,5,1,1,1,19,Y1,Y1=x0-x2+omega3*(x1-x2),Q<w19_s0>,5,Q<w19_s0>=[M0_Y1[19]|M1_Y1[19]|M2_Y1[19]|M3_Y1[19]|M4_Y1[19]|M5_Y1[19]|M6_Y1[19]|M7_Y1[19]],256,413,826,ldr Q<w19_s0> [row_base #16*19],304,V<w19_s0>.h[5],19,25,589,51,205,589,x0=B1[205]*twist[51]_from_a205|a589,461,19,77,461,x1=B1[77]*twist[19]_from_a77|a461,717,83,333,717,x2=B1[333]*twist[83]_from_a333|a717,V<w19_s0>.h[5]=Y1[19]_goes_to_work[19]_lane5,phase3_memory_is_row_major_k3_then_k32_with_8_packed_GT_matrices;ntt32_loads_one_Q_per_k32
all_matrices_all_rows,M5=B1_q1,5,1,1,1,20,Y1,Y1=x0-x2+omega3*(x1-x2),Q<w20_s0>,5,Q<w20_s0>=[M0_Y1[20]|M1_Y1[20]|M2_Y1[20]|M3_Y1[20]|M4_Y1[20]|M5_Y1[20]|M6_Y1[20]|M7_Y1[20]],256,421,842,ldr Q<w20_s0> [row_base #16*20],320,V<w20_s0>.h[5],20,5,721,84,337,721,x0=B1[337]*twist[84]_from_a337|a721,593,52,209,593,x1=B1[209]*twist[52]_from_a209|a593,465,20,81,465,x2=B1[81]*twist[20]_from_a81|a465,V<w20_s0>.h[5]=Y1[20]_goes_to_work[20]_lane5,phase3_memory_is_row_major_k3_then_k32_with_8_packed_GT_matrices;ntt32_loads_one_Q_per_k32
all_matrices_all_rows,M5=B1_q1,5,1,1,1,21,Y1,Y1=x0-x2+omega3*(x1-x2),Q<w21_s0>,5,Q<w21_s0>=[M0_Y1[21]|M1_Y1[21]|M2_Y1[21]|M3_Y1[21]|M4_Y1[21]|M5_Y1[21]|M6_Y1[21]|M7_Y1[21]],256,429,858,ldr Q<w21_s0> [row_base #16*21],336,V<w21_s0>.h[5],21,21,469,21,85,469,x0=B1[85]*twist[21]_from_a85|a469,725,85,341,725,x1=B1[341]*twist[85]_from_a341|a725,597,53,213,597,x2=B1[213]*twist[53]_from_a213|a597,V<w21_s0>.h[5]=Y1[21]_goes_to_work[21]_lane5,phase3_memory_is_row_major_k3_then_k32_with_8_packed_GT_matrices;ntt32_loads_one_Q_per_k32
all_matrices_all_rows,M5=B1_q1,5,1,1,1,22,Y1,Y1=x0-x2+omega3*(x1-x2),Q<w22_s0>,5,Q<w22_s0>=[M0_Y1[22]|M1_Y1[22]|M2_Y1[22]|M3_Y1[22]|M4_Y1[22]|M5_Y1[22]|M6_Y1[22]|M7_Y1[22]],256,437,874,ldr Q<w22_s0> [row_base #16*22],352,V<w22_s0>.h[5],22,13,601,54,217,601,x0=B1[217]*twist[54]_from_a217|a601,473,22,89,473,x1=B1[89]*twist[22]_from_a89|a473,729,86,345,729,x2=B1[345]*twist[86]_from_a345|a729,V<w22_s0>.h[5]=Y1[22]_goes_to_work[22]_lane5,phase3_memory_is_row_major_k3_then_k32_with_8_packed_GT_matrices;ntt32_loads_one_Q_per_k32
all_matrices_all_rows,M5=B1_q1,5,1,1,1,23,Y1,Y1=x0-x2+omega3*(x1-x2),Q<w23_s0>,5,Q<w23_s0>=[M0_Y1[23]|M1_Y1[23]|M2_Y1[23]|M3_Y1[23]|M4_Y1[23]|M5_Y1[23]|M6_Y1[23]|M7_Y1[23]],256,445,890,ldr Q<w23_s0> [row_base #16*23],368,V<w23_s0>.h[5],23,29,733,87,349,733,x0=B1[349]*twist[87]_from_a349|a733,605,55,221,605,x1=B1[221]*twist[55]_from_a221|a605,477,23,93,477,x2=B1[93]*twist[23]_from_a93|a477,V<w23_s0>.h[5]=Y1[23]_goes_to_work[23]_lane5,phase3_memory_is_row_major_k3_then_k32_with_8_packed_GT_matrices;ntt32_loads_one_Q_per_k32
all_matrices_all_rows,M5=B1_q1,5,1,1,1,24,Y1,Y1=x0-x2+omega3*(x1-x2),Q<w24_s0>,5,Q<w24_s0>=[M0_Y1[24]|M1_Y1[24]|M2_Y1[24]|M3_Y1[24]|M4_Y1[24]|M5_Y1[24]|M6_Y1[24]|M7_Y1[24]],256,453,906,ldr Q<w24_s0> [row_base #16*24],384,V<w24_s0>.h[5],24,3,481,24,97,481,x0=B1[97]*twist[24]_from_a97|a481,737,88,353,737,x1=B1[353]*twist[88]_from_a353|a737,609,56,225,609,x2=B1[225]*twist[56]_from_a225|a609,V<w24_s0>.h[5]=Y1[24]_goes_to_work[24]_lane5,phase3_memory_is_row_major_k3_then_k32_with_8_packed_GT_matrices;ntt32_loads_one_Q_per_k32
all_matrices_all_rows,M5=B1_q1,5,1,1,1,25,Y1,Y1=x0-x2+omega3*(x1-x2),Q<w25_s0>,5,Q<w25_s0>=[M0_Y1[25]|M1_Y1[25]|M2_Y1[25]|M3_Y1[25]|M4_Y1[25]|M5_Y1[25]|M6_Y1[25]|M7_Y1[25]],256,461,922,ldr Q<w25_s0> [row_base #16*25],400,V<w25_s0>.h[5],25,19,613,57,229,613,x0=B1[229]*twist[57]_from_a229|a613,485,25,101,485,x1=B1[101]*twist[25]_from_a101|a485,741,89,357,741,x2=B1[357]*twist[89]_from_a357|a741,V<w25_s0>.h[5]=Y1[25]_goes_to_work[25]_lane5,phase3_memory_is_row_major_k3_then_k32_with_8_packed_GT_matrices;ntt32_loads_one_Q_per_k32
all_matrices_all_rows,M5=B1_q1,5,1,1,1,26,Y1,Y1=x0-x2+omega3*(x1-x2),Q<w26_s0>,5,Q<w26_s0>=[M0_Y1[26]|M1_Y1[26]|M2_Y1[26]|M3_Y1[26]|M4_Y1[26]|M5_Y1[26]|M6_Y1[26]|M7_Y1[26]],256,469,938,ldr Q<w26_s0> [row_base #16*26],416,V<w26_s0>.h[5],26,11,745,90,361,745,x0=B1[361]*twist[90]_from_a361|a745,617,58,233,617,x1=B1[233]*twist[58]_from_a233|a617,489,26,105,489,x2=B1[105]*twist[26]_from_a105|a489,V<w26_s0>.h[5]=Y1[26]_goes_to_work[26]_lane5,phase3_memory_is_row_major_k3_then_k32_with_8_packed_GT_matrices;ntt32_loads_one_Q_per_k32
all_matrices_all_rows,M5=B1_q1,5,1,1,1,27,Y1,Y1=x0-x2+omega3*(x1-x2),Q<w27_s0>,5,Q<w27_s0>=[M0_Y1[27]|M1_Y1[27]|M2_Y1[27]|M3_Y1[27]|M4_Y1[27]|M5_Y1[27]|M6_Y1[27]|M7_Y1[27]],256,477,954,ldr Q<w27_s0> [row_base #16*27],432,V<w27_s0>.h[5],27,27,493,27,109,493,x0=B1[109]*twist[27]_from_a109|a493,749,91,365,749,x1=B1[365]*twist[91]_from_a365|a749,621,59,237,621,x2=B1[237]*twist[59]_from_a237|a621,V<w27_s0>.h[5]=Y1[27]_goes_to_work[27]_lane5,phase3_memory_is_row_major_k3_then_k32_with_8_packed_GT_matrices;ntt32_loads_one_Q_per_k32
all_matrices_all_rows,M5=B1_q1,5,1,1,1,28,Y1,Y1=x0-x2+omega3*(x1-x2),Q<w28_s0>,5,Q<w28_s0>=[M0_Y1[28]|M1_Y1[28]|M2_Y1[28]|M3_Y1[28]|M4_Y1[28]|M5_Y1[28]|M6_Y1[28]|M7_Y1[28]],256,485,970,ldr Q<w28_s0> [row_base #16*28],448,V<w28_s0>.h[5],28,7,625,60,241,625,x0=B1[241]*twist[60]_from_a241|a625,497,28,113,497,x1=B1[113]*twist[28]_from_a113|a497,753,92,369,753,x2=B1[369]*twist[92]_from_a369|a753,V<w28_s0>.h[5]=Y1[28]_goes_to_work[28]_lane5,phase3_memory_is_row_major_k3_then_k32_with_8_packed_GT_matrices;ntt32_loads_one_Q_per_k32
all_matrices_all_rows,M5=B1_q1,5,1,1,1,29,Y1,Y1=x0-x2+omega3*(x1-x2),Q<w29_s0>,5,Q<w29_s0>=[M0_Y1[29]|M1_Y1[29]|M2_Y1[29]|M3_Y1[29]|M4_Y1[29]|M5_Y1[29]|M6_Y1[29]|M7_Y1[29]],256,493,986,ldr Q<w29_s0> [row_base #16*29],464,V<w29_s0>.h[5],29,23,757,93,373,757,x0=B1[373]*twist[93]_from_a373|a757,629,61,245,629,x1=B1[245]*twist[61]_from_a245|a629,501,29,117,501,x2=B1[117]*twist[29]_from_a117|a501,V<w29_s0>.h[5]=Y1[29]_goes_to_work[29]_lane5,phase3_memory_is_row_major_k3_then_k32_with_8_packed_GT_matrices;ntt32_loads_one_Q_per_k32
all_matrices_all_rows,M5=B1_q1,5,1,1,1,30,Y1,Y1=x0-x2+omega3*(x1-x2),Q<w30_s0>,5,Q<w30_s0>=[M0_Y1[30]|M1_Y1[30]|M2_Y1[30]|M3_Y1[30]|M4_Y1[30]|M5_Y1[30]|M6_Y1[30]|M7_Y1[30]],256,501,1002,ldr Q<w30_s0> [row_base #16*30],480,V<w30_s0>.h[5],30,15,505,30,121,505,x0=B1[121]*twist[30]_from_a121|a505,761,94,377,761,x1=B1[377]*twist[94]_from_a377|a761,633,62,249,633,x2=B1[249]*twist[62]_from_a249|a633,V<w30_s0>.h[5]=Y1[30]_goes_to_work[30]_lane5,phase3_memory_is_row_major_k3_then_k32_with_8_packed_GT_matrices;ntt32_loads_one_Q_per_k32
all_matrices_all_rows,M5=B1_q1,5,1,1,1,31,Y1,Y1=x0-x2+omega3*(x1-x2),Q<w31_s0>,5,Q<w31_s0>=[M0_Y1[31]|M1_Y1[31]|M2_Y1[31]|M3_Y1[31]|M4_Y1[31]|M5_Y1[31]|M6_Y1[31]|M7_Y1[31]],256,509,1018,ldr Q<w31_s0> [row_base #16*31],496,V<w31_s0>.h[5],31,31,637,63,253,637,x0=B1[253]*twist[63]_from_a253|a637,509,31,125,509,x1=B1[125]*twist[31]_from_a125|a509,765,95,381,765,x2=B1[381]*twist[95]_from_a381|a765,V<w31_s0>.h[5]=Y1[31]_goes_to_work[31]_lane5,phase3_memory_is_row_major_k3_then_k32_with_8_packed_GT_matrices;ntt32_loads_one_Q_per_k32
all_matrices_all_rows,M5=B1_q1,5,1,1,2,0,Y2,Y2=x0-x1-omega3*(x1-x2),Q<w00_s0>,5,Q<w00_s0>=[M0_Y2[0]|M1_Y2[0]|M2_Y2[0]|M3_Y2[0]|M4_Y2[0]|M5_Y2[0]|M6_Y2[0]|M7_Y2[0]],512,517,1034,ldr Q<w00_s0> [row_base #16*0],0,V<w00_s0>.h[5],0,0,385,0,1,385,x0=B1[1]*twist[0]_from_a1|a385,641,64,257,641,x1=B1[257]*twist[64]_from_a257|a641,513,32,129,513,x2=B1[129]*twist[32]_from_a129|a513,V<w00_s0>.h[5]=Y2[0]_goes_to_work[0]_lane5,phase3_memory_is_row_major_k3_then_k32_with_8_packed_GT_matrices;ntt32_loads_one_Q_per_k32
all_matrices_all_rows,M5=B1_q1,5,1,1,2,1,Y2,Y2=x0-x1-omega3*(x1-x2),Q<w01_s0>,5,Q<w01_s0>=[M0_Y2[1]|M1_Y2[1]|M2_Y2[1]|M3_Y2[1]|M4_Y2[1]|M5_Y2[1]|M6_Y2[1]|M7_Y2[1]],512,525,1050,ldr Q<w01_s0> [row_base #16*1],16,V<w01_s0>.h[5],1,16,517,33,133,517,x0=B1[133]*twist[33]_from_a133|a517,389,1,5,389,x1=B1[5]*twist[1]_from_a5|a389,645,65,261,645,x2=B1[261]*twist[65]_from_a261|a645,V<w01_s0>.h[5]=Y2[1]_goes_to_work[1]_lane5,phase3_memory_is_row_major_k3_then_k32_with_8_packed_GT_matrices;ntt32_loads_one_Q_per_k32
all_matrices_all_rows,M5=B1_q1,5,1,1,2,2,Y2,Y2=x0-x1-omega3*(x1-x2),Q<w02_s0>,5,Q<w02_s0>=[M0_Y2[2]|M1_Y2[2]|M2_Y2[2]|M3_Y2[2]|M4_Y2[2]|M5_Y2[2]|M6_Y2[2]|M7_Y2[2]],512,533,1066,ldr Q<w02_s0> [row_base #16*2],32,V<w02_s0>.h[5],2,8,649,66,265,649,x0=B1[265]*twist[66]_from_a265|a649,521,34,137,521,x1=B1[137]*twist[34]_from_a137|a521,393,2,9,393,x2=B1[9]*twist[2]_from_a9|a393,V<w02_s0>.h[5]=Y2[2]_goes_to_work[2]_lane5,phase3_memory_is_row_major_k3_then_k32_with_8_packed_GT_matrices;ntt32_loads_one_Q_per_k32
all_matrices_all_rows,M5=B1_q1,5,1,1,2,3,Y2,Y2=x0-x1-omega3*(x1-x2),Q<w03_s0>,5,Q<w03_s0>=[M0_Y2[3]|M1_Y2[3]|M2_Y2[3]|M3_Y2[3]|M4_Y2[3]|M5_Y2[3]|M6_Y2[3]|M7_Y2[3]],512,541,1082,ldr Q<w03_s0> [row_base #16*3],48,V<w03_s0>.h[5],3,24,397,3,13,397,x0=B1[13]*twist[3]_from_a13|a397,653,67,269,653,x1=B1[269]*twist[67]_from_a269|a653,525,35,141,525,x2=B1[141]*twist[35]_from_a141|a525,V<w03_s0>.h[5]=Y2[3]_goes_to_work[3]_lane5,phase3_memory_is_row_major_k3_then_k32_with_8_packed_GT_matrices;ntt32_loads_one_Q_per_k32
all_matrices_all_rows,M5=B1_q1,5,1,1,2,4,Y2,Y2=x0-x1-omega3*(x1-x2),Q<w04_s0>,5,Q<w04_s0>=[M0_Y2[4]|M1_Y2[4]|M2_Y2[4]|M3_Y2[4]|M4_Y2[4]|M5_Y2[4]|M6_Y2[4]|M7_Y2[4]],512,549,1098,ldr Q<w04_s0> [row_base #16*4],64,V<w04_s0>.h[5],4,4,529,36,145,529,x0=B1[145]*twist[36]_from_a145|a529,401,4,17,401,x1=B1[17]*twist[4]_from_a17|a401,657,68,273,657,x2=B1[273]*twist[68]_from_a273|a657,V<w04_s0>.h[5]=Y2[4]_goes_to_work[4]_lane5,phase3_memory_is_row_major_k3_then_k32_with_8_packed_GT_matrices;ntt32_loads_one_Q_per_k32
all_matrices_all_rows,M5=B1_q1,5,1,1,2,5,Y2,Y2=x0-x1-omega3*(x1-x2),Q<w05_s0>,5,Q<w05_s0>=[M0_Y2[5]|M1_Y2[5]|M2_Y2[5]|M3_Y2[5]|M4_Y2[5]|M5_Y2[5]|M6_Y2[5]|M7_Y2[5]],512,557,1114,ldr Q<w05_s0> [row_base #16*5],80,V<w05_s0>.h[5],5,20,661,69,277,661,x0=B1[277]*twist[69]_from_a277|a661,533,37,149,533,x1=B1[149]*twist[37]_from_a149|a533,405,5,21,405,x2=B1[21]*twist[5]_from_a21|a405,V<w05_s0>.h[5]=Y2[5]_goes_to_work[5]_lane5,phase3_memory_is_row_major_k3_then_k32_with_8_packed_GT_matrices;ntt32_loads_one_Q_per_k32
all_matrices_all_rows,M5=B1_q1,5,1,1,2,6,Y2,Y2=x0-x1-omega3*(x1-x2),Q<w06_s0>,5,Q<w06_s0>=[M0_Y2[6]|M1_Y2[6]|M2_Y2[6]|M3_Y2[6]|M4_Y2[6]|M5_Y2[6]|M6_Y2[6]|M7_Y2[6]],512,565,1130,ldr Q<w06_s0> [row_base #16*6],96,V<w06_s0>.h[5],6,12,409,6,25,409,x0=B1[25]*twist[6]_from_a25|a409,665,70,281,665,x1=B1[281]*twist[70]_from_a281|a665,537,38,153,537,x2=B1[153]*twist[38]_from_a153|a537,V<w06_s0>.h[5]=Y2[6]_goes_to_work[6]_lane5,phase3_memory_is_row_major_k3_then_k32_with_8_packed_GT_matrices;ntt32_loads_one_Q_per_k32
all_matrices_all_rows,M5=B1_q1,5,1,1,2,7,Y2,Y2=x0-x1-omega3*(x1-x2),Q<w07_s0>,5,Q<w07_s0>=[M0_Y2[7]|M1_Y2[7]|M2_Y2[7]|M3_Y2[7]|M4_Y2[7]|M5_Y2[7]|M6_Y2[7]|M7_Y2[7]],512,573,1146,ldr Q<w07_s0> [row_base #16*7],112,V<w07_s0>.h[5],7,28,541,39,157,541,x0=B1[157]*twist[39]_from_a157|a541,413,7,29,413,x1=B1[29]*twist[7]_from_a29|a413,669,71,285,669,x2=B1[285]*twist[71]_from_a285|a669,V<w07_s0>.h[5]=Y2[7]_goes_to_work[7]_lane5,phase3_memory_is_row_major_k3_then_k32_with_8_packed_GT_matrices;ntt32_loads_one_Q_per_k32
all_matrices_all_rows,M5=B1_q1,5,1,1,2,8,Y2,Y2=x0-x1-omega3*(x1-x2),Q<w08_s0>,5,Q<w08_s0>=[M0_Y2[8]|M1_Y2[8]|M2_Y2[8]|M3_Y2[8]|M4_Y2[8]|M5_Y2[8]|M6_Y2[8]|M7_Y2[8]],512,581,1162,ldr Q<w08_s0> [row_base #16*8],128,V<w08_s0>.h[5],8,2,673,72,289,673,x0=B1[289]*twist[72]_from_a289|a673,545,40,161,545,x1=B1[161]*twist[40]_from_a161|a545,417,8,33,417,x2=B1[33]*twist[8]_from_a33|a417,V<w08_s0>.h[5]=Y2[8]_goes_to_work[8]_lane5,phase3_memory_is_row_major_k3_then_k32_with_8_packed_GT_matrices;ntt32_loads_one_Q_per_k32
all_matrices_all_rows,M5=B1_q1,5,1,1,2,9,Y2,Y2=x0-x1-omega3*(x1-x2),Q<w09_s0>,5,Q<w09_s0>=[M0_Y2[9]|M1_Y2[9]|M2_Y2[9]|M3_Y2[9]|M4_Y2[9]|M5_Y2[9]|M6_Y2[9]|M7_Y2[9]],512,589,1178,ldr Q<w09_s0> [row_base #16*9],144,V<w09_s0>.h[5],9,18,421,9,37,421,x0=B1[37]*twist[9]_from_a37|a421,677,73,293,677,x1=B1[293]*twist[73]_from_a293|a677,549,41,165,549,x2=B1[165]*twist[41]_from_a165|a549,V<w09_s0>.h[5]=Y2[9]_goes_to_work[9]_lane5,phase3_memory_is_row_major_k3_then_k32_with_8_packed_GT_matrices;ntt32_loads_one_Q_per_k32
all_matrices_all_rows,M5=B1_q1,5,1,1,2,10,Y2,Y2=x0-x1-omega3*(x1-x2),Q<w10_s0>,5,Q<w10_s0>=[M0_Y2[10]|M1_Y2[10]|M2_Y2[10]|M3_Y2[10]|M4_Y2[10]|M5_Y2[10]|M6_Y2[10]|M7_Y2[10]],512,597,1194,ldr Q<w10_s0> [row_base #16*10],160,V<w10_s0>.h[5],10,10,553,42,169,553,x0=B1[169]*twist[42]_from_a169|a553,425,10,41,425,x1=B1[41]*twist[10]_from_a41|a425,681,74,297,681,x2=B1[297]*twist[74]_from_a297|a681,V<w10_s0>.h[5]=Y2[10]_goes_to_work[10]_lane5,phase3_memory_is_row_major_k3_then_k32_with_8_packed_GT_matrices;ntt32_loads_one_Q_per_k32
all_matrices_all_rows,M5=B1_q1,5,1,1,2,11,Y2,Y2=x0-x1-omega3*(x1-x2),Q<w11_s0>,5,Q<w11_s0>=[M0_Y2[11]|M1_Y2[11]|M2_Y2[11]|M3_Y2[11]|M4_Y2[11]|M5_Y2[11]|M6_Y2[11]|M7_Y2[11]],512,605,1210,ldr Q<w11_s0> [row_base #16*11],176,V<w11_s0>.h[5],11,26,685,75,301,685,x0=B1[301]*twist[75]_from_a301|a685,557,43,173,557,x1=B1[173]*twist[43]_from_a173|a557,429,11,45,429,x2=B1[45]*twist[11]_from_a45|a429,V<w11_s0>.h[5]=Y2[11]_goes_to_work[11]_lane5,phase3_memory_is_row_major_k3_then_k32_with_8_packed_GT_matrices;ntt32_loads_one_Q_per_k32
all_matrices_all_rows,M5=B1_q1,5,1,1,2,12,Y2,Y2=x0-x1-omega3*(x1-x2),Q<w12_s0>,5,Q<w12_s0>=[M0_Y2[12]|M1_Y2[12]|M2_Y2[12]|M3_Y2[12]|M4_Y2[12]|M5_Y2[12]|M6_Y2[12]|M7_Y2[12]],512,613,1226,ldr Q<w12_s0> [row_base #16*12],192,V<w12_s0>.h[5],12,6,433,12,49,433,x0=B1[49]*twist[12]_from_a49|a433,689,76,305,689,x1=B1[305]*twist[76]_from_a305|a689,561,44,177,561,x2=B1[177]*twist[44]_from_a177|a561,V<w12_s0>.h[5]=Y2[12]_goes_to_work[12]_lane5,phase3_memory_is_row_major_k3_then_k32_with_8_packed_GT_matrices;ntt32_loads_one_Q_per_k32
all_matrices_all_rows,M5=B1_q1,5,1,1,2,13,Y2,Y2=x0-x1-omega3*(x1-x2),Q<w13_s0>,5,Q<w13_s0>=[M0_Y2[13]|M1_Y2[13]|M2_Y2[13]|M3_Y2[13]|M4_Y2[13]|M5_Y2[13]|M6_Y2[13]|M7_Y2[13]],512,621,1242,ldr Q<w13_s0> [row_base #16*13],208,V<w13_s0>.h[5],13,22,565,45,181,565,x0=B1[181]*twist[45]_from_a181|a565,437,13,53,437,x1=B1[53]*twist[13]_from_a53|a437,693,77,309,693,x2=B1[309]*twist[77]_from_a309|a693,V<w13_s0>.h[5]=Y2[13]_goes_to_work[13]_lane5,phase3_memory_is_row_major_k3_then_k32_with_8_packed_GT_matrices;ntt32_loads_one_Q_per_k32
all_matrices_all_rows,M5=B1_q1,5,1,1,2,14,Y2,Y2=x0-x1-omega3*(x1-x2),Q<w14_s0>,5,Q<w14_s0>=[M0_Y2[14]|M1_Y2[14]|M2_Y2[14]|M3_Y2[14]|M4_Y2[14]|M5_Y2[14]|M6_Y2[14]|M7_Y2[14]],512,629,1258,ldr Q<w14_s0> [row_base #16*14],224,V<w14_s0>.h[5],14,14,697,78,313,697,x0=B1[313]*twist[78]_from_a313|a697,569,46,185,569,x1=B1[185]*twist[46]_from_a185|a569,441,14,57,441,x2=B1[57]*twist[14]_from_a57|a441,V<w14_s0>.h[5]=Y2[14]_goes_to_work[14]_lane5,phase3_memory_is_row_major_k3_then_k32_with_8_packed_GT_matrices;ntt32_loads_one_Q_per_k32
all_matrices_all_rows,M5=B1_q1,5,1,1,2,15,Y2,Y2=x0-x1-omega3*(x1-x2),Q<w15_s0>,5,Q<w15_s0>=[M0_Y2[15]|M1_Y2[15]|M2_Y2[15]|M3_Y2[15]|M4_Y2[15]|M5_Y2[15]|M6_Y2[15]|M7_Y2[15]],512,637,1274,ldr Q<w15_s0> [row_base #16*15],240,V<w15_s0>.h[5],15,30,445,15,61,445,x0=B1[61]*twist[15]_from_a61|a445,701,79,317,701,x1=B1[317]*twist[79]_from_a317|a701,573,47,189,573,x2=B1[189]*twist[47]_from_a189|a573,V<w15_s0>.h[5]=Y2[15]_goes_to_work[15]_lane5,phase3_memory_is_row_major_k3_then_k32_with_8_packed_GT_matrices;ntt32_loads_one_Q_per_k32
all_matrices_all_rows,M5=B1_q1,5,1,1,2,16,Y2,Y2=x0-x1-omega3*(x1-x2),Q<w16_s0>,5,Q<w16_s0>=[M0_Y2[16]|M1_Y2[16]|M2_Y2[16]|M3_Y2[16]|M4_Y2[16]|M5_Y2[16]|M6_Y2[16]|M7_Y2[16]],512,645,1290,ldr Q<w16_s0> [row_base #16*16],256,V<w16_s0>.h[5],16,1,577,48,193,577,x0=B1[193]*twist[48]_from_a193|a577,449,16,65,449,x1=B1[65]*twist[16]_from_a65|a449,705,80,321,705,x2=B1[321]*twist[80]_from_a321|a705,V<w16_s0>.h[5]=Y2[16]_goes_to_work[16]_lane5,phase3_memory_is_row_major_k3_then_k32_with_8_packed_GT_matrices;ntt32_loads_one_Q_per_k32
all_matrices_all_rows,M5=B1_q1,5,1,1,2,17,Y2,Y2=x0-x1-omega3*(x1-x2),Q<w17_s0>,5,Q<w17_s0>=[M0_Y2[17]|M1_Y2[17]|M2_Y2[17]|M3_Y2[17]|M4_Y2[17]|M5_Y2[17]|M6_Y2[17]|M7_Y2[17]],512,653,1306,ldr Q<w17_s0> [row_base #16*17],272,V<w17_s0>.h[5],17,17,709,81,325,709,x0=B1[325]*twist[81]_from_a325|a709,581,49,197,581,x1=B1[197]*twist[49]_from_a197|a581,453,17,69,453,x2=B1[69]*twist[17]_from_a69|a453,V<w17_s0>.h[5]=Y2[17]_goes_to_work[17]_lane5,phase3_memory_is_row_major_k3_then_k32_with_8_packed_GT_matrices;ntt32_loads_one_Q_per_k32
all_matrices_all_rows,M5=B1_q1,5,1,1,2,18,Y2,Y2=x0-x1-omega3*(x1-x2),Q<w18_s0>,5,Q<w18_s0>=[M0_Y2[18]|M1_Y2[18]|M2_Y2[18]|M3_Y2[18]|M4_Y2[18]|M5_Y2[18]|M6_Y2[18]|M7_Y2[18]],512,661,1322,ldr Q<w18_s0> [row_base #16*18],288,V<w18_s0>.h[5],18,9,457,18,73,457,x0=B1[73]*twist[18]_from_a73|a457,713,82,329,713,x1=B1[329]*twist[82]_from_a329|a713,585,50,201,585,x2=B1[201]*twist[50]_from_a201|a585,V<w18_s0>.h[5]=Y2[18]_goes_to_work[18]_lane5,phase3_memory_is_row_major_k3_then_k32_with_8_packed_GT_matrices;ntt32_loads_one_Q_per_k32
all_matrices_all_rows,M5=B1_q1,5,1,1,2,19,Y2,Y2=x0-x1-omega3*(x1-x2),Q<w19_s0>,5,Q<w19_s0>=[M0_Y2[19]|M1_Y2[19]|M2_Y2[19]|M3_Y2[19]|M4_Y2[19]|M5_Y2[19]|M6_Y2[19]|M7_Y2[19]],512,669,1338,ldr Q<w19_s0> [row_base #16*19],304,V<w19_s0>.h[5],19,25,589,51,205,589,x0=B1[205]*twist[51]_from_a205|a589,461,19,77,461,x1=B1[77]*twist[19]_from_a77|a461,717,83,333,717,x2=B1[333]*twist[83]_from_a333|a717,V<w19_s0>.h[5]=Y2[19]_goes_to_work[19]_lane5,phase3_memory_is_row_major_k3_then_k32_with_8_packed_GT_matrices;ntt32_loads_one_Q_per_k32
all_matrices_all_rows,M5=B1_q1,5,1,1,2,20,Y2,Y2=x0-x1-omega3*(x1-x2),Q<w20_s0>,5,Q<w20_s0>=[M0_Y2[20]|M1_Y2[20]|M2_Y2[20]|M3_Y2[20]|M4_Y2[20]|M5_Y2[20]|M6_Y2[20]|M7_Y2[20]],512,677,1354,ldr Q<w20_s0> [row_base #16*20],320,V<w20_s0>.h[5],20,5,721,84,337,721,x0=B1[337]*twist[84]_from_a337|a721,593,52,209,593,x1=B1[209]*twist[52]_from_a209|a593,465,20,81,465,x2=B1[81]*twist[20]_from_a81|a465,V<w20_s0>.h[5]=Y2[20]_goes_to_work[20]_lane5,phase3_memory_is_row_major_k3_then_k32_with_8_packed_GT_matrices;ntt32_loads_one_Q_per_k32
all_matrices_all_rows,M5=B1_q1,5,1,1,2,21,Y2,Y2=x0-x1-omega3*(x1-x2),Q<w21_s0>,5,Q<w21_s0>=[M0_Y2[21]|M1_Y2[21]|M2_Y2[21]|M3_Y2[21]|M4_Y2[21]|M5_Y2[21]|M6_Y2[21]|M7_Y2[21]],512,685,1370,ldr Q<w21_s0> [row_base #16*21],336,V<w21_s0>.h[5],21,21,469,21,85,469,x0=B1[85]*twist[21]_from_a85|a469,725,85,341,725,x1=B1[341]*twist[85]_from_a341|a725,597,53,213,597,x2=B1[213]*twist[53]_from_a213|a597,V<w21_s0>.h[5]=Y2[21]_goes_to_work[21]_lane5,phase3_memory_is_row_major_k3_then_k32_with_8_packed_GT_matrices;ntt32_loads_one_Q_per_k32
all_matrices_all_rows,M5=B1_q1,5,1,1,2,22,Y2,Y2=x0-x1-omega3*(x1-x2),Q<w22_s0>,5,Q<w22_s0>=[M0_Y2[22]|M1_Y2[22]|M2_Y2[22]|M3_Y2[22]|M4_Y2[22]|M5_Y2[22]|M6_Y2[22]|M7_Y2[22]],512,693,1386,ldr Q<w22_s0> [row_base #16*22],352,V<w22_s0>.h[5],22,13,601,54,217,601,x0=B1[217]*twist[54]_from_a217|a601,473,22,89,473,x1=B1[89]*twist[22]_from_a89|a473,729,86,345,729,x2=B1[345]*twist[86]_from_a345|a729,V<w22_s0>.h[5]=Y2[22]_goes_to_work[22]_lane5,phase3_memory_is_row_major_k3_then_k32_with_8_packed_GT_matrices;ntt32_loads_one_Q_per_k32
all_matrices_all_rows,M5=B1_q1,5,1,1,2,23,Y2,Y2=x0-x1-omega3*(x1-x2),Q<w23_s0>,5,Q<w23_s0>=[M0_Y2[23]|M1_Y2[23]|M2_Y2[23]|M3_Y2[23]|M4_Y2[23]|M5_Y2[23]|M6_Y2[23]|M7_Y2[23]],512,701,1402,ldr Q<w23_s0> [row_base #16*23],368,V<w23_s0>.h[5],23,29,733,87,349,733,x0=B1[349]*twist[87]_from_a349|a733,605,55,221,605,x1=B1[221]*twist[55]_from_a221|a605,477,23,93,477,x2=B1[93]*twist[23]_from_a93|a477,V<w23_s0>.h[5]=Y2[23]_goes_to_work[23]_lane5,phase3_memory_is_row_major_k3_then_k32_with_8_packed_GT_matrices;ntt32_loads_one_Q_per_k32
all_matrices_all_rows,M5=B1_q1,5,1,1,2,24,Y2,Y2=x0-x1-omega3*(x1-x2),Q<w24_s0>,5,Q<w24_s0>=[M0_Y2[24]|M1_Y2[24]|M2_Y2[24]|M3_Y2[24]|M4_Y2[24]|M5_Y2[24]|M6_Y2[24]|M7_Y2[24]],512,709,1418,ldr Q<w24_s0> [row_base #16*24],384,V<w24_s0>.h[5],24,3,481,24,97,481,x0=B1[97]*twist[24]_from_a97|a481,737,88,353,737,x1=B1[353]*twist[88]_from_a353|a737,609,56,225,609,x2=B1[225]*twist[56]_from_a225|a609,V<w24_s0>.h[5]=Y2[24]_goes_to_work[24]_lane5,phase3_memory_is_row_major_k3_then_k32_with_8_packed_GT_matrices;ntt32_loads_one_Q_per_k32
all_matrices_all_rows,M5=B1_q1,5,1,1,2,25,Y2,Y2=x0-x1-omega3*(x1-x2),Q<w25_s0>,5,Q<w25_s0>=[M0_Y2[25]|M1_Y2[25]|M2_Y2[25]|M3_Y2[25]|M4_Y2[25]|M5_Y2[25]|M6_Y2[25]|M7_Y2[25]],512,717,1434,ldr Q<w25_s0> [row_base #16*25],400,V<w25_s0>.h[5],25,19,613,57,229,613,x0=B1[229]*twist[57]_from_a229|a613,485,25,101,485,x1=B1[101]*twist[25]_from_a101|a485,741,89,357,741,x2=B1[357]*twist[89]_from_a357|a741,V<w25_s0>.h[5]=Y2[25]_goes_to_work[25]_lane5,phase3_memory_is_row_major_k3_then_k32_with_8_packed_GT_matrices;ntt32_loads_one_Q_per_k32
all_matrices_all_rows,M5=B1_q1,5,1,1,2,26,Y2,Y2=x0-x1-omega3*(x1-x2),Q<w26_s0>,5,Q<w26_s0>=[M0_Y2[26]|M1_Y2[26]|M2_Y2[26]|M3_Y2[26]|M4_Y2[26]|M5_Y2[26]|M6_Y2[26]|M7_Y2[26]],512,725,1450,ldr Q<w26_s0> [row_base #16*26],416,V<w26_s0>.h[5],26,11,745,90,361,745,x0=B1[361]*twist[90]_from_a361|a745,617,58,233,617,x1=B1[233]*twist[58]_from_a233|a617,489,26,105,489,x2=B1[105]*twist[26]_from_a105|a489,V<w26_s0>.h[5]=Y2[26]_goes_to_work[26]_lane5,phase3_memory_is_row_major_k3_then_k32_with_8_packed_GT_matrices;ntt32_loads_one_Q_per_k32
all_matrices_all_rows,M5=B1_q1,5,1,1,2,27,Y2,Y2=x0-x1-omega3*(x1-x2),Q<w27_s0>,5,Q<w27_s0>=[M0_Y2[27]|M1_Y2[27]|M2_Y2[27]|M3_Y2[27]|M4_Y2[27]|M5_Y2[27]|M6_Y2[27]|M7_Y2[27]],512,733,1466,ldr Q<w27_s0> [row_base #16*27],432,V<w27_s0>.h[5],27,27,493,27,109,493,x0=B1[109]*twist[27]_from_a109|a493,749,91,365,749,x1=B1[365]*twist[91]_from_a365|a749,621,59,237,621,x2=B1[237]*twist[59]_from_a237|a621,V<w27_s0>.h[5]=Y2[27]_goes_to_work[27]_lane5,phase3_memory_is_row_major_k3_then_k32_with_8_packed_GT_matrices;ntt32_loads_one_Q_per_k32
all_matrices_all_rows,M5=B1_q1,5,1,1,2,28,Y2,Y2=x0-x1-omega3*(x1-x2),Q<w28_s0>,5,Q<w28_s0>=[M0_Y2[28]|M1_Y2[28]|M2_Y2[28]|M3_Y2[28]|M4_Y2[28]|M5_Y2[28]|M6_Y2[28]|M7_Y2[28]],512,741,1482,ldr Q<w28_s0> [row_base #16*28],448,V<w28_s0>.h[5],28,7,625,60,241,625,x0=B1[241]*twist[60]_from_a241|a625,497,28,113,497,x1=B1[113]*twist[28]_from_a113|a497,753,92,369,753,x2=B1[369]*twist[92]_from_a369|a753,V<w28_s0>.h[5]=Y2[28]_goes_to_work[28]_lane5,phase3_memory_is_row_major_k3_then_k32_with_8_packed_GT_matrices;ntt32_loads_one_Q_per_k32
all_matrices_all_rows,M5=B1_q1,5,1,1,2,29,Y2,Y2=x0-x1-omega3*(x1-x2),Q<w29_s0>,5,Q<w29_s0>=[M0_Y2[29]|M1_Y2[29]|M2_Y2[29]|M3_Y2[29]|M4_Y2[29]|M5_Y2[29]|M6_Y2[29]|M7_Y2[29]],512,749,1498,ldr Q<w29_s0> [row_base #16*29],464,V<w29_s0>.h[5],29,23,757,93,373,757,x0=B1[373]*twist[93]_from_a373|a757,629,61,245,629,x1=B1[245]*twist[61]_from_a245|a629,501,29,117,501,x2=B1[117]*twist[29]_from_a117|a501,V<w29_s0>.h[5]=Y2[29]_goes_to_work[29]_lane5,phase3_memory_is_row_major_k3_then_k32_with_8_packed_GT_matrices;ntt32_loads_one_Q_per_k32
all_matrices_all_rows,M5=B1_q1,5,1,1,2,30,Y2,Y2=x0-x1-omega3*(x1-x2),Q<w30_s0>,5,Q<w30_s0>=[M0_Y2[30]|M1_Y2[30]|M2_Y2[30]|M3_Y2[30]|M4_Y2[30]|M5_Y2[30]|M6_Y2[30]|M7_Y2[30]],512,757,1514,ldr Q<w30_s0> [row_base #16*30],480,V<w30_s0>.h[5],30,15,505,30,121,505,x0=B1[121]*twist[30]_from_a121|a505,761,94,377,761,x1=B1[377]*twist[94]_from_a377|a761,633,62,249,633,x2=B1[249]*twist[62]_from_a249|a633,V<w30_s0>.h[5]=Y2[30]_goes_to_work[30]_lane5,phase3_memory_is_row_major_k3_then_k32_with_8_packed_GT_matrices;ntt32_loads_one_Q_per_k32
all_matrices_all_rows,M5=B1_q1,5,1,1,2,31,Y2,Y2=x0-x1-omega3*(x1-x2),Q<w31_s0>,5,Q<w31_s0>=[M0_Y2[31]|M1_Y2[31]|M2_Y2[31]|M3_Y2[31]|M4_Y2[31]|M5_Y2[31]|M6_Y2[31]|M7_Y2[31]],512,765,1530,ldr Q<w31_s0> [row_base #16*31],496,V<w31_s0>.h[5],31,31,637,63,253,637,x0=B1[253]*twist[63]_from_a253|a637,509,31,125,509,x1=B1[125]*twist[31]_from_a125|a509,765,95,381,765,x2=B1[381]*twist[95]_from_a381|a765,V<w31_s0>.h[5]=Y2[31]_goes_to_work[31]_lane5,phase3_memory_is_row_major_k3_then_k32_with_8_packed_GT_matrices;ntt32_loads_one_Q_per_k32
all_matrices_all_rows,M6=B1_q2,6,1,2,0,0,Y0,Y0=x0+x1+x2,Q<w00_s0>,6,Q<w00_s0>=[M0_Y0[0]|M1_Y0[0]|M2_Y0[0]|M3_Y0[0]|M4_Y0[0]|M5_Y0[0]|M6_Y0[0]|M7_Y0[0]],0,6,12,ldr Q<w00_s0> [row_base #16*0],0,V<w00_s0>.h[6],0,0,386,0,2,386,x0=B1[2]*twist[0]_from_a2|a386,642,64,258,642,x1=B1[258]*twist[64]_from_a258|a642,514,32,130,514,x2=B1[130]*twist[32]_from_a130|a514,V<w00_s0>.h[6]=Y0[0]_goes_to_work[0]_lane6,phase3_memory_is_row_major_k3_then_k32_with_8_packed_GT_matrices;ntt32_loads_one_Q_per_k32
all_matrices_all_rows,M6=B1_q2,6,1,2,0,1,Y0,Y0=x0+x1+x2,Q<w01_s0>,6,Q<w01_s0>=[M0_Y0[1]|M1_Y0[1]|M2_Y0[1]|M3_Y0[1]|M4_Y0[1]|M5_Y0[1]|M6_Y0[1]|M7_Y0[1]],0,14,28,ldr Q<w01_s0> [row_base #16*1],16,V<w01_s0>.h[6],1,16,518,33,134,518,x0=B1[134]*twist[33]_from_a134|a518,390,1,6,390,x1=B1[6]*twist[1]_from_a6|a390,646,65,262,646,x2=B1[262]*twist[65]_from_a262|a646,V<w01_s0>.h[6]=Y0[1]_goes_to_work[1]_lane6,phase3_memory_is_row_major_k3_then_k32_with_8_packed_GT_matrices;ntt32_loads_one_Q_per_k32
all_matrices_all_rows,M6=B1_q2,6,1,2,0,2,Y0,Y0=x0+x1+x2,Q<w02_s0>,6,Q<w02_s0>=[M0_Y0[2]|M1_Y0[2]|M2_Y0[2]|M3_Y0[2]|M4_Y0[2]|M5_Y0[2]|M6_Y0[2]|M7_Y0[2]],0,22,44,ldr Q<w02_s0> [row_base #16*2],32,V<w02_s0>.h[6],2,8,650,66,266,650,x0=B1[266]*twist[66]_from_a266|a650,522,34,138,522,x1=B1[138]*twist[34]_from_a138|a522,394,2,10,394,x2=B1[10]*twist[2]_from_a10|a394,V<w02_s0>.h[6]=Y0[2]_goes_to_work[2]_lane6,phase3_memory_is_row_major_k3_then_k32_with_8_packed_GT_matrices;ntt32_loads_one_Q_per_k32
all_matrices_all_rows,M6=B1_q2,6,1,2,0,3,Y0,Y0=x0+x1+x2,Q<w03_s0>,6,Q<w03_s0>=[M0_Y0[3]|M1_Y0[3]|M2_Y0[3]|M3_Y0[3]|M4_Y0[3]|M5_Y0[3]|M6_Y0[3]|M7_Y0[3]],0,30,60,ldr Q<w03_s0> [row_base #16*3],48,V<w03_s0>.h[6],3,24,398,3,14,398,x0=B1[14]*twist[3]_from_a14|a398,654,67,270,654,x1=B1[270]*twist[67]_from_a270|a654,526,35,142,526,x2=B1[142]*twist[35]_from_a142|a526,V<w03_s0>.h[6]=Y0[3]_goes_to_work[3]_lane6,phase3_memory_is_row_major_k3_then_k32_with_8_packed_GT_matrices;ntt32_loads_one_Q_per_k32
all_matrices_all_rows,M6=B1_q2,6,1,2,0,4,Y0,Y0=x0+x1+x2,Q<w04_s0>,6,Q<w04_s0>=[M0_Y0[4]|M1_Y0[4]|M2_Y0[4]|M3_Y0[4]|M4_Y0[4]|M5_Y0[4]|M6_Y0[4]|M7_Y0[4]],0,38,76,ldr Q<w04_s0> [row_base #16*4],64,V<w04_s0>.h[6],4,4,530,36,146,530,x0=B1[146]*twist[36]_from_a146|a530,402,4,18,402,x1=B1[18]*twist[4]_from_a18|a402,658,68,274,658,x2=B1[274]*twist[68]_from_a274|a658,V<w04_s0>.h[6]=Y0[4]_goes_to_work[4]_lane6,phase3_memory_is_row_major_k3_then_k32_with_8_packed_GT_matrices;ntt32_loads_one_Q_per_k32
all_matrices_all_rows,M6=B1_q2,6,1,2,0,5,Y0,Y0=x0+x1+x2,Q<w05_s0>,6,Q<w05_s0>=[M0_Y0[5]|M1_Y0[5]|M2_Y0[5]|M3_Y0[5]|M4_Y0[5]|M5_Y0[5]|M6_Y0[5]|M7_Y0[5]],0,46,92,ldr Q<w05_s0> [row_base #16*5],80,V<w05_s0>.h[6],5,20,662,69,278,662,x0=B1[278]*twist[69]_from_a278|a662,534,37,150,534,x1=B1[150]*twist[37]_from_a150|a534,406,5,22,406,x2=B1[22]*twist[5]_from_a22|a406,V<w05_s0>.h[6]=Y0[5]_goes_to_work[5]_lane6,phase3_memory_is_row_major_k3_then_k32_with_8_packed_GT_matrices;ntt32_loads_one_Q_per_k32
all_matrices_all_rows,M6=B1_q2,6,1,2,0,6,Y0,Y0=x0+x1+x2,Q<w06_s0>,6,Q<w06_s0>=[M0_Y0[6]|M1_Y0[6]|M2_Y0[6]|M3_Y0[6]|M4_Y0[6]|M5_Y0[6]|M6_Y0[6]|M7_Y0[6]],0,54,108,ldr Q<w06_s0> [row_base #16*6],96,V<w06_s0>.h[6],6,12,410,6,26,410,x0=B1[26]*twist[6]_from_a26|a410,666,70,282,666,x1=B1[282]*twist[70]_from_a282|a666,538,38,154,538,x2=B1[154]*twist[38]_from_a154|a538,V<w06_s0>.h[6]=Y0[6]_goes_to_work[6]_lane6,phase3_memory_is_row_major_k3_then_k32_with_8_packed_GT_matrices;ntt32_loads_one_Q_per_k32
all_matrices_all_rows,M6=B1_q2,6,1,2,0,7,Y0,Y0=x0+x1+x2,Q<w07_s0>,6,Q<w07_s0>=[M0_Y0[7]|M1_Y0[7]|M2_Y0[7]|M3_Y0[7]|M4_Y0[7]|M5_Y0[7]|M6_Y0[7]|M7_Y0[7]],0,62,124,ldr Q<w07_s0> [row_base #16*7],112,V<w07_s0>.h[6],7,28,542,39,158,542,x0=B1[158]*twist[39]_from_a158|a542,414,7,30,414,x1=B1[30]*twist[7]_from_a30|a414,670,71,286,670,x2=B1[286]*twist[71]_from_a286|a670,V<w07_s0>.h[6]=Y0[7]_goes_to_work[7]_lane6,phase3_memory_is_row_major_k3_then_k32_with_8_packed_GT_matrices;ntt32_loads_one_Q_per_k32
all_matrices_all_rows,M6=B1_q2,6,1,2,0,8,Y0,Y0=x0+x1+x2,Q<w08_s0>,6,Q<w08_s0>=[M0_Y0[8]|M1_Y0[8]|M2_Y0[8]|M3_Y0[8]|M4_Y0[8]|M5_Y0[8]|M6_Y0[8]|M7_Y0[8]],0,70,140,ldr Q<w08_s0> [row_base #16*8],128,V<w08_s0>.h[6],8,2,674,72,290,674,x0=B1[290]*twist[72]_from_a290|a674,546,40,162,546,x1=B1[162]*twist[40]_from_a162|a546,418,8,34,418,x2=B1[34]*twist[8]_from_a34|a418,V<w08_s0>.h[6]=Y0[8]_goes_to_work[8]_lane6,phase3_memory_is_row_major_k3_then_k32_with_8_packed_GT_matrices;ntt32_loads_one_Q_per_k32
all_matrices_all_rows,M6=B1_q2,6,1,2,0,9,Y0,Y0=x0+x1+x2,Q<w09_s0>,6,Q<w09_s0>=[M0_Y0[9]|M1_Y0[9]|M2_Y0[9]|M3_Y0[9]|M4_Y0[9]|M5_Y0[9]|M6_Y0[9]|M7_Y0[9]],0,78,156,ldr Q<w09_s0> [row_base #16*9],144,V<w09_s0>.h[6],9,18,422,9,38,422,x0=B1[38]*twist[9]_from_a38|a422,678,73,294,678,x1=B1[294]*twist[73]_from_a294|a678,550,41,166,550,x2=B1[166]*twist[41]_from_a166|a550,V<w09_s0>.h[6]=Y0[9]_goes_to_work[9]_lane6,phase3_memory_is_row_major_k3_then_k32_with_8_packed_GT_matrices;ntt32_loads_one_Q_per_k32
all_matrices_all_rows,M6=B1_q2,6,1,2,0,10,Y0,Y0=x0+x1+x2,Q<w10_s0>,6,Q<w10_s0>=[M0_Y0[10]|M1_Y0[10]|M2_Y0[10]|M3_Y0[10]|M4_Y0[10]|M5_Y0[10]|M6_Y0[10]|M7_Y0[10]],0,86,172,ldr Q<w10_s0> [row_base #16*10],160,V<w10_s0>.h[6],10,10,554,42,170,554,x0=B1[170]*twist[42]_from_a170|a554,426,10,42,426,x1=B1[42]*twist[10]_from_a42|a426,682,74,298,682,x2=B1[298]*twist[74]_from_a298|a682,V<w10_s0>.h[6]=Y0[10]_goes_to_work[10]_lane6,phase3_memory_is_row_major_k3_then_k32_with_8_packed_GT_matrices;ntt32_loads_one_Q_per_k32
all_matrices_all_rows,M6=B1_q2,6,1,2,0,11,Y0,Y0=x0+x1+x2,Q<w11_s0>,6,Q<w11_s0>=[M0_Y0[11]|M1_Y0[11]|M2_Y0[11]|M3_Y0[11]|M4_Y0[11]|M5_Y0[11]|M6_Y0[11]|M7_Y0[11]],0,94,188,ldr Q<w11_s0> [row_base #16*11],176,V<w11_s0>.h[6],11,26,686,75,302,686,x0=B1[302]*twist[75]_from_a302|a686,558,43,174,558,x1=B1[174]*twist[43]_from_a174|a558,430,11,46,430,x2=B1[46]*twist[11]_from_a46|a430,V<w11_s0>.h[6]=Y0[11]_goes_to_work[11]_lane6,phase3_memory_is_row_major_k3_then_k32_with_8_packed_GT_matrices;ntt32_loads_one_Q_per_k32
all_matrices_all_rows,M6=B1_q2,6,1,2,0,12,Y0,Y0=x0+x1+x2,Q<w12_s0>,6,Q<w12_s0>=[M0_Y0[12]|M1_Y0[12]|M2_Y0[12]|M3_Y0[12]|M4_Y0[12]|M5_Y0[12]|M6_Y0[12]|M7_Y0[12]],0,102,204,ldr Q<w12_s0> [row_base #16*12],192,V<w12_s0>.h[6],12,6,434,12,50,434,x0=B1[50]*twist[12]_from_a50|a434,690,76,306,690,x1=B1[306]*twist[76]_from_a306|a690,562,44,178,562,x2=B1[178]*twist[44]_from_a178|a562,V<w12_s0>.h[6]=Y0[12]_goes_to_work[12]_lane6,phase3_memory_is_row_major_k3_then_k32_with_8_packed_GT_matrices;ntt32_loads_one_Q_per_k32
all_matrices_all_rows,M6=B1_q2,6,1,2,0,13,Y0,Y0=x0+x1+x2,Q<w13_s0>,6,Q<w13_s0>=[M0_Y0[13]|M1_Y0[13]|M2_Y0[13]|M3_Y0[13]|M4_Y0[13]|M5_Y0[13]|M6_Y0[13]|M7_Y0[13]],0,110,220,ldr Q<w13_s0> [row_base #16*13],208,V<w13_s0>.h[6],13,22,566,45,182,566,x0=B1[182]*twist[45]_from_a182|a566,438,13,54,438,x1=B1[54]*twist[13]_from_a54|a438,694,77,310,694,x2=B1[310]*twist[77]_from_a310|a694,V<w13_s0>.h[6]=Y0[13]_goes_to_work[13]_lane6,phase3_memory_is_row_major_k3_then_k32_with_8_packed_GT_matrices;ntt32_loads_one_Q_per_k32
all_matrices_all_rows,M6=B1_q2,6,1,2,0,14,Y0,Y0=x0+x1+x2,Q<w14_s0>,6,Q<w14_s0>=[M0_Y0[14]|M1_Y0[14]|M2_Y0[14]|M3_Y0[14]|M4_Y0[14]|M5_Y0[14]|M6_Y0[14]|M7_Y0[14]],0,118,236,ldr Q<w14_s0> [row_base #16*14],224,V<w14_s0>.h[6],14,14,698,78,314,698,x0=B1[314]*twist[78]_from_a314|a698,570,46,186,570,x1=B1[186]*twist[46]_from_a186|a570,442,14,58,442,x2=B1[58]*twist[14]_from_a58|a442,V<w14_s0>.h[6]=Y0[14]_goes_to_work[14]_lane6,phase3_memory_is_row_major_k3_then_k32_with_8_packed_GT_matrices;ntt32_loads_one_Q_per_k32
all_matrices_all_rows,M6=B1_q2,6,1,2,0,15,Y0,Y0=x0+x1+x2,Q<w15_s0>,6,Q<w15_s0>=[M0_Y0[15]|M1_Y0[15]|M2_Y0[15]|M3_Y0[15]|M4_Y0[15]|M5_Y0[15]|M6_Y0[15]|M7_Y0[15]],0,126,252,ldr Q<w15_s0> [row_base #16*15],240,V<w15_s0>.h[6],15,30,446,15,62,446,x0=B1[62]*twist[15]_from_a62|a446,702,79,318,702,x1=B1[318]*twist[79]_from_a318|a702,574,47,190,574,x2=B1[190]*twist[47]_from_a190|a574,V<w15_s0>.h[6]=Y0[15]_goes_to_work[15]_lane6,phase3_memory_is_row_major_k3_then_k32_with_8_packed_GT_matrices;ntt32_loads_one_Q_per_k32
all_matrices_all_rows,M6=B1_q2,6,1,2,0,16,Y0,Y0=x0+x1+x2,Q<w16_s0>,6,Q<w16_s0>=[M0_Y0[16]|M1_Y0[16]|M2_Y0[16]|M3_Y0[16]|M4_Y0[16]|M5_Y0[16]|M6_Y0[16]|M7_Y0[16]],0,134,268,ldr Q<w16_s0> [row_base #16*16],256,V<w16_s0>.h[6],16,1,578,48,194,578,x0=B1[194]*twist[48]_from_a194|a578,450,16,66,450,x1=B1[66]*twist[16]_from_a66|a450,706,80,322,706,x2=B1[322]*twist[80]_from_a322|a706,V<w16_s0>.h[6]=Y0[16]_goes_to_work[16]_lane6,phase3_memory_is_row_major_k3_then_k32_with_8_packed_GT_matrices;ntt32_loads_one_Q_per_k32
all_matrices_all_rows,M6=B1_q2,6,1,2,0,17,Y0,Y0=x0+x1+x2,Q<w17_s0>,6,Q<w17_s0>=[M0_Y0[17]|M1_Y0[17]|M2_Y0[17]|M3_Y0[17]|M4_Y0[17]|M5_Y0[17]|M6_Y0[17]|M7_Y0[17]],0,142,284,ldr Q<w17_s0> [row_base #16*17],272,V<w17_s0>.h[6],17,17,710,81,326,710,x0=B1[326]*twist[81]_from_a326|a710,582,49,198,582,x1=B1[198]*twist[49]_from_a198|a582,454,17,70,454,x2=B1[70]*twist[17]_from_a70|a454,V<w17_s0>.h[6]=Y0[17]_goes_to_work[17]_lane6,phase3_memory_is_row_major_k3_then_k32_with_8_packed_GT_matrices;ntt32_loads_one_Q_per_k32
all_matrices_all_rows,M6=B1_q2,6,1,2,0,18,Y0,Y0=x0+x1+x2,Q<w18_s0>,6,Q<w18_s0>=[M0_Y0[18]|M1_Y0[18]|M2_Y0[18]|M3_Y0[18]|M4_Y0[18]|M5_Y0[18]|M6_Y0[18]|M7_Y0[18]],0,150,300,ldr Q<w18_s0> [row_base #16*18],288,V<w18_s0>.h[6],18,9,458,18,74,458,x0=B1[74]*twist[18]_from_a74|a458,714,82,330,714,x1=B1[330]*twist[82]_from_a330|a714,586,50,202,586,x2=B1[202]*twist[50]_from_a202|a586,V<w18_s0>.h[6]=Y0[18]_goes_to_work[18]_lane6,phase3_memory_is_row_major_k3_then_k32_with_8_packed_GT_matrices;ntt32_loads_one_Q_per_k32
all_matrices_all_rows,M6=B1_q2,6,1,2,0,19,Y0,Y0=x0+x1+x2,Q<w19_s0>,6,Q<w19_s0>=[M0_Y0[19]|M1_Y0[19]|M2_Y0[19]|M3_Y0[19]|M4_Y0[19]|M5_Y0[19]|M6_Y0[19]|M7_Y0[19]],0,158,316,ldr Q<w19_s0> [row_base #16*19],304,V<w19_s0>.h[6],19,25,590,51,206,590,x0=B1[206]*twist[51]_from_a206|a590,462,19,78,462,x1=B1[78]*twist[19]_from_a78|a462,718,83,334,718,x2=B1[334]*twist[83]_from_a334|a718,V<w19_s0>.h[6]=Y0[19]_goes_to_work[19]_lane6,phase3_memory_is_row_major_k3_then_k32_with_8_packed_GT_matrices;ntt32_loads_one_Q_per_k32
all_matrices_all_rows,M6=B1_q2,6,1,2,0,20,Y0,Y0=x0+x1+x2,Q<w20_s0>,6,Q<w20_s0>=[M0_Y0[20]|M1_Y0[20]|M2_Y0[20]|M3_Y0[20]|M4_Y0[20]|M5_Y0[20]|M6_Y0[20]|M7_Y0[20]],0,166,332,ldr Q<w20_s0> [row_base #16*20],320,V<w20_s0>.h[6],20,5,722,84,338,722,x0=B1[338]*twist[84]_from_a338|a722,594,52,210,594,x1=B1[210]*twist[52]_from_a210|a594,466,20,82,466,x2=B1[82]*twist[20]_from_a82|a466,V<w20_s0>.h[6]=Y0[20]_goes_to_work[20]_lane6,phase3_memory_is_row_major_k3_then_k32_with_8_packed_GT_matrices;ntt32_loads_one_Q_per_k32
all_matrices_all_rows,M6=B1_q2,6,1,2,0,21,Y0,Y0=x0+x1+x2,Q<w21_s0>,6,Q<w21_s0>=[M0_Y0[21]|M1_Y0[21]|M2_Y0[21]|M3_Y0[21]|M4_Y0[21]|M5_Y0[21]|M6_Y0[21]|M7_Y0[21]],0,174,348,ldr Q<w21_s0> [row_base #16*21],336,V<w21_s0>.h[6],21,21,470,21,86,470,x0=B1[86]*twist[21]_from_a86|a470,726,85,342,726,x1=B1[342]*twist[85]_from_a342|a726,598,53,214,598,x2=B1[214]*twist[53]_from_a214|a598,V<w21_s0>.h[6]=Y0[21]_goes_to_work[21]_lane6,phase3_memory_is_row_major_k3_then_k32_with_8_packed_GT_matrices;ntt32_loads_one_Q_per_k32
all_matrices_all_rows,M6=B1_q2,6,1,2,0,22,Y0,Y0=x0+x1+x2,Q<w22_s0>,6,Q<w22_s0>=[M0_Y0[22]|M1_Y0[22]|M2_Y0[22]|M3_Y0[22]|M4_Y0[22]|M5_Y0[22]|M6_Y0[22]|M7_Y0[22]],0,182,364,ldr Q<w22_s0> [row_base #16*22],352,V<w22_s0>.h[6],22,13,602,54,218,602,x0=B1[218]*twist[54]_from_a218|a602,474,22,90,474,x1=B1[90]*twist[22]_from_a90|a474,730,86,346,730,x2=B1[346]*twist[86]_from_a346|a730,V<w22_s0>.h[6]=Y0[22]_goes_to_work[22]_lane6,phase3_memory_is_row_major_k3_then_k32_with_8_packed_GT_matrices;ntt32_loads_one_Q_per_k32
all_matrices_all_rows,M6=B1_q2,6,1,2,0,23,Y0,Y0=x0+x1+x2,Q<w23_s0>,6,Q<w23_s0>=[M0_Y0[23]|M1_Y0[23]|M2_Y0[23]|M3_Y0[23]|M4_Y0[23]|M5_Y0[23]|M6_Y0[23]|M7_Y0[23]],0,190,380,ldr Q<w23_s0> [row_base #16*23],368,V<w23_s0>.h[6],23,29,734,87,350,734,x0=B1[350]*twist[87]_from_a350|a734,606,55,222,606,x1=B1[222]*twist[55]_from_a222|a606,478,23,94,478,x2=B1[94]*twist[23]_from_a94|a478,V<w23_s0>.h[6]=Y0[23]_goes_to_work[23]_lane6,phase3_memory_is_row_major_k3_then_k32_with_8_packed_GT_matrices;ntt32_loads_one_Q_per_k32
all_matrices_all_rows,M6=B1_q2,6,1,2,0,24,Y0,Y0=x0+x1+x2,Q<w24_s0>,6,Q<w24_s0>=[M0_Y0[24]|M1_Y0[24]|M2_Y0[24]|M3_Y0[24]|M4_Y0[24]|M5_Y0[24]|M6_Y0[24]|M7_Y0[24]],0,198,396,ldr Q<w24_s0> [row_base #16*24],384,V<w24_s0>.h[6],24,3,482,24,98,482,x0=B1[98]*twist[24]_from_a98|a482,738,88,354,738,x1=B1[354]*twist[88]_from_a354|a738,610,56,226,610,x2=B1[226]*twist[56]_from_a226|a610,V<w24_s0>.h[6]=Y0[24]_goes_to_work[24]_lane6,phase3_memory_is_row_major_k3_then_k32_with_8_packed_GT_matrices;ntt32_loads_one_Q_per_k32
all_matrices_all_rows,M6=B1_q2,6,1,2,0,25,Y0,Y0=x0+x1+x2,Q<w25_s0>,6,Q<w25_s0>=[M0_Y0[25]|M1_Y0[25]|M2_Y0[25]|M3_Y0[25]|M4_Y0[25]|M5_Y0[25]|M6_Y0[25]|M7_Y0[25]],0,206,412,ldr Q<w25_s0> [row_base #16*25],400,V<w25_s0>.h[6],25,19,614,57,230,614,x0=B1[230]*twist[57]_from_a230|a614,486,25,102,486,x1=B1[102]*twist[25]_from_a102|a486,742,89,358,742,x2=B1[358]*twist[89]_from_a358|a742,V<w25_s0>.h[6]=Y0[25]_goes_to_work[25]_lane6,phase3_memory_is_row_major_k3_then_k32_with_8_packed_GT_matrices;ntt32_loads_one_Q_per_k32
all_matrices_all_rows,M6=B1_q2,6,1,2,0,26,Y0,Y0=x0+x1+x2,Q<w26_s0>,6,Q<w26_s0>=[M0_Y0[26]|M1_Y0[26]|M2_Y0[26]|M3_Y0[26]|M4_Y0[26]|M5_Y0[26]|M6_Y0[26]|M7_Y0[26]],0,214,428,ldr Q<w26_s0> [row_base #16*26],416,V<w26_s0>.h[6],26,11,746,90,362,746,x0=B1[362]*twist[90]_from_a362|a746,618,58,234,618,x1=B1[234]*twist[58]_from_a234|a618,490,26,106,490,x2=B1[106]*twist[26]_from_a106|a490,V<w26_s0>.h[6]=Y0[26]_goes_to_work[26]_lane6,phase3_memory_is_row_major_k3_then_k32_with_8_packed_GT_matrices;ntt32_loads_one_Q_per_k32
all_matrices_all_rows,M6=B1_q2,6,1,2,0,27,Y0,Y0=x0+x1+x2,Q<w27_s0>,6,Q<w27_s0>=[M0_Y0[27]|M1_Y0[27]|M2_Y0[27]|M3_Y0[27]|M4_Y0[27]|M5_Y0[27]|M6_Y0[27]|M7_Y0[27]],0,222,444,ldr Q<w27_s0> [row_base #16*27],432,V<w27_s0>.h[6],27,27,494,27,110,494,x0=B1[110]*twist[27]_from_a110|a494,750,91,366,750,x1=B1[366]*twist[91]_from_a366|a750,622,59,238,622,x2=B1[238]*twist[59]_from_a238|a622,V<w27_s0>.h[6]=Y0[27]_goes_to_work[27]_lane6,phase3_memory_is_row_major_k3_then_k32_with_8_packed_GT_matrices;ntt32_loads_one_Q_per_k32
all_matrices_all_rows,M6=B1_q2,6,1,2,0,28,Y0,Y0=x0+x1+x2,Q<w28_s0>,6,Q<w28_s0>=[M0_Y0[28]|M1_Y0[28]|M2_Y0[28]|M3_Y0[28]|M4_Y0[28]|M5_Y0[28]|M6_Y0[28]|M7_Y0[28]],0,230,460,ldr Q<w28_s0> [row_base #16*28],448,V<w28_s0>.h[6],28,7,626,60,242,626,x0=B1[242]*twist[60]_from_a242|a626,498,28,114,498,x1=B1[114]*twist[28]_from_a114|a498,754,92,370,754,x2=B1[370]*twist[92]_from_a370|a754,V<w28_s0>.h[6]=Y0[28]_goes_to_work[28]_lane6,phase3_memory_is_row_major_k3_then_k32_with_8_packed_GT_matrices;ntt32_loads_one_Q_per_k32
all_matrices_all_rows,M6=B1_q2,6,1,2,0,29,Y0,Y0=x0+x1+x2,Q<w29_s0>,6,Q<w29_s0>=[M0_Y0[29]|M1_Y0[29]|M2_Y0[29]|M3_Y0[29]|M4_Y0[29]|M5_Y0[29]|M6_Y0[29]|M7_Y0[29]],0,238,476,ldr Q<w29_s0> [row_base #16*29],464,V<w29_s0>.h[6],29,23,758,93,374,758,x0=B1[374]*twist[93]_from_a374|a758,630,61,246,630,x1=B1[246]*twist[61]_from_a246|a630,502,29,118,502,x2=B1[118]*twist[29]_from_a118|a502,V<w29_s0>.h[6]=Y0[29]_goes_to_work[29]_lane6,phase3_memory_is_row_major_k3_then_k32_with_8_packed_GT_matrices;ntt32_loads_one_Q_per_k32
all_matrices_all_rows,M6=B1_q2,6,1,2,0,30,Y0,Y0=x0+x1+x2,Q<w30_s0>,6,Q<w30_s0>=[M0_Y0[30]|M1_Y0[30]|M2_Y0[30]|M3_Y0[30]|M4_Y0[30]|M5_Y0[30]|M6_Y0[30]|M7_Y0[30]],0,246,492,ldr Q<w30_s0> [row_base #16*30],480,V<w30_s0>.h[6],30,15,506,30,122,506,x0=B1[122]*twist[30]_from_a122|a506,762,94,378,762,x1=B1[378]*twist[94]_from_a378|a762,634,62,250,634,x2=B1[250]*twist[62]_from_a250|a634,V<w30_s0>.h[6]=Y0[30]_goes_to_work[30]_lane6,phase3_memory_is_row_major_k3_then_k32_with_8_packed_GT_matrices;ntt32_loads_one_Q_per_k32
all_matrices_all_rows,M6=B1_q2,6,1,2,0,31,Y0,Y0=x0+x1+x2,Q<w31_s0>,6,Q<w31_s0>=[M0_Y0[31]|M1_Y0[31]|M2_Y0[31]|M3_Y0[31]|M4_Y0[31]|M5_Y0[31]|M6_Y0[31]|M7_Y0[31]],0,254,508,ldr Q<w31_s0> [row_base #16*31],496,V<w31_s0>.h[6],31,31,638,63,254,638,x0=B1[254]*twist[63]_from_a254|a638,510,31,126,510,x1=B1[126]*twist[31]_from_a126|a510,766,95,382,766,x2=B1[382]*twist[95]_from_a382|a766,V<w31_s0>.h[6]=Y0[31]_goes_to_work[31]_lane6,phase3_memory_is_row_major_k3_then_k32_with_8_packed_GT_matrices;ntt32_loads_one_Q_per_k32
all_matrices_all_rows,M6=B1_q2,6,1,2,1,0,Y1,Y1=x0-x2+omega3*(x1-x2),Q<w00_s0>,6,Q<w00_s0>=[M0_Y1[0]|M1_Y1[0]|M2_Y1[0]|M3_Y1[0]|M4_Y1[0]|M5_Y1[0]|M6_Y1[0]|M7_Y1[0]],256,262,524,ldr Q<w00_s0> [row_base #16*0],0,V<w00_s0>.h[6],0,0,386,0,2,386,x0=B1[2]*twist[0]_from_a2|a386,642,64,258,642,x1=B1[258]*twist[64]_from_a258|a642,514,32,130,514,x2=B1[130]*twist[32]_from_a130|a514,V<w00_s0>.h[6]=Y1[0]_goes_to_work[0]_lane6,phase3_memory_is_row_major_k3_then_k32_with_8_packed_GT_matrices;ntt32_loads_one_Q_per_k32
all_matrices_all_rows,M6=B1_q2,6,1,2,1,1,Y1,Y1=x0-x2+omega3*(x1-x2),Q<w01_s0>,6,Q<w01_s0>=[M0_Y1[1]|M1_Y1[1]|M2_Y1[1]|M3_Y1[1]|M4_Y1[1]|M5_Y1[1]|M6_Y1[1]|M7_Y1[1]],256,270,540,ldr Q<w01_s0> [row_base #16*1],16,V<w01_s0>.h[6],1,16,518,33,134,518,x0=B1[134]*twist[33]_from_a134|a518,390,1,6,390,x1=B1[6]*twist[1]_from_a6|a390,646,65,262,646,x2=B1[262]*twist[65]_from_a262|a646,V<w01_s0>.h[6]=Y1[1]_goes_to_work[1]_lane6,phase3_memory_is_row_major_k3_then_k32_with_8_packed_GT_matrices;ntt32_loads_one_Q_per_k32
all_matrices_all_rows,M6=B1_q2,6,1,2,1,2,Y1,Y1=x0-x2+omega3*(x1-x2),Q<w02_s0>,6,Q<w02_s0>=[M0_Y1[2]|M1_Y1[2]|M2_Y1[2]|M3_Y1[2]|M4_Y1[2]|M5_Y1[2]|M6_Y1[2]|M7_Y1[2]],256,278,556,ldr Q<w02_s0> [row_base #16*2],32,V<w02_s0>.h[6],2,8,650,66,266,650,x0=B1[266]*twist[66]_from_a266|a650,522,34,138,522,x1=B1[138]*twist[34]_from_a138|a522,394,2,10,394,x2=B1[10]*twist[2]_from_a10|a394,V<w02_s0>.h[6]=Y1[2]_goes_to_work[2]_lane6,phase3_memory_is_row_major_k3_then_k32_with_8_packed_GT_matrices;ntt32_loads_one_Q_per_k32
all_matrices_all_rows,M6=B1_q2,6,1,2,1,3,Y1,Y1=x0-x2+omega3*(x1-x2),Q<w03_s0>,6,Q<w03_s0>=[M0_Y1[3]|M1_Y1[3]|M2_Y1[3]|M3_Y1[3]|M4_Y1[3]|M5_Y1[3]|M6_Y1[3]|M7_Y1[3]],256,286,572,ldr Q<w03_s0> [row_base #16*3],48,V<w03_s0>.h[6],3,24,398,3,14,398,x0=B1[14]*twist[3]_from_a14|a398,654,67,270,654,x1=B1[270]*twist[67]_from_a270|a654,526,35,142,526,x2=B1[142]*twist[35]_from_a142|a526,V<w03_s0>.h[6]=Y1[3]_goes_to_work[3]_lane6,phase3_memory_is_row_major_k3_then_k32_with_8_packed_GT_matrices;ntt32_loads_one_Q_per_k32
all_matrices_all_rows,M6=B1_q2,6,1,2,1,4,Y1,Y1=x0-x2+omega3*(x1-x2),Q<w04_s0>,6,Q<w04_s0>=[M0_Y1[4]|M1_Y1[4]|M2_Y1[4]|M3_Y1[4]|M4_Y1[4]|M5_Y1[4]|M6_Y1[4]|M7_Y1[4]],256,294,588,ldr Q<w04_s0> [row_base #16*4],64,V<w04_s0>.h[6],4,4,530,36,146,530,x0=B1[146]*twist[36]_from_a146|a530,402,4,18,402,x1=B1[18]*twist[4]_from_a18|a402,658,68,274,658,x2=B1[274]*twist[68]_from_a274|a658,V<w04_s0>.h[6]=Y1[4]_goes_to_work[4]_lane6,phase3_memory_is_row_major_k3_then_k32_with_8_packed_GT_matrices;ntt32_loads_one_Q_per_k32
all_matrices_all_rows,M6=B1_q2,6,1,2,1,5,Y1,Y1=x0-x2+omega3*(x1-x2),Q<w05_s0>,6,Q<w05_s0>=[M0_Y1[5]|M1_Y1[5]|M2_Y1[5]|M3_Y1[5]|M4_Y1[5]|M5_Y1[5]|M6_Y1[5]|M7_Y1[5]],256,302,604,ldr Q<w05_s0> [row_base #16*5],80,V<w05_s0>.h[6],5,20,662,69,278,662,x0=B1[278]*twist[69]_from_a278|a662,534,37,150,534,x1=B1[150]*twist[37]_from_a150|a534,406,5,22,406,x2=B1[22]*twist[5]_from_a22|a406,V<w05_s0>.h[6]=Y1[5]_goes_to_work[5]_lane6,phase3_memory_is_row_major_k3_then_k32_with_8_packed_GT_matrices;ntt32_loads_one_Q_per_k32
all_matrices_all_rows,M6=B1_q2,6,1,2,1,6,Y1,Y1=x0-x2+omega3*(x1-x2),Q<w06_s0>,6,Q<w06_s0>=[M0_Y1[6]|M1_Y1[6]|M2_Y1[6]|M3_Y1[6]|M4_Y1[6]|M5_Y1[6]|M6_Y1[6]|M7_Y1[6]],256,310,620,ldr Q<w06_s0> [row_base #16*6],96,V<w06_s0>.h[6],6,12,410,6,26,410,x0=B1[26]*twist[6]_from_a26|a410,666,70,282,666,x1=B1[282]*twist[70]_from_a282|a666,538,38,154,538,x2=B1[154]*twist[38]_from_a154|a538,V<w06_s0>.h[6]=Y1[6]_goes_to_work[6]_lane6,phase3_memory_is_row_major_k3_then_k32_with_8_packed_GT_matrices;ntt32_loads_one_Q_per_k32
all_matrices_all_rows,M6=B1_q2,6,1,2,1,7,Y1,Y1=x0-x2+omega3*(x1-x2),Q<w07_s0>,6,Q<w07_s0>=[M0_Y1[7]|M1_Y1[7]|M2_Y1[7]|M3_Y1[7]|M4_Y1[7]|M5_Y1[7]|M6_Y1[7]|M7_Y1[7]],256,318,636,ldr Q<w07_s0> [row_base #16*7],112,V<w07_s0>.h[6],7,28,542,39,158,542,x0=B1[158]*twist[39]_from_a158|a542,414,7,30,414,x1=B1[30]*twist[7]_from_a30|a414,670,71,286,670,x2=B1[286]*twist[71]_from_a286|a670,V<w07_s0>.h[6]=Y1[7]_goes_to_work[7]_lane6,phase3_memory_is_row_major_k3_then_k32_with_8_packed_GT_matrices;ntt32_loads_one_Q_per_k32
all_matrices_all_rows,M6=B1_q2,6,1,2,1,8,Y1,Y1=x0-x2+omega3*(x1-x2),Q<w08_s0>,6,Q<w08_s0>=[M0_Y1[8]|M1_Y1[8]|M2_Y1[8]|M3_Y1[8]|M4_Y1[8]|M5_Y1[8]|M6_Y1[8]|M7_Y1[8]],256,326,652,ldr Q<w08_s0> [row_base #16*8],128,V<w08_s0>.h[6],8,2,674,72,290,674,x0=B1[290]*twist[72]_from_a290|a674,546,40,162,546,x1=B1[162]*twist[40]_from_a162|a546,418,8,34,418,x2=B1[34]*twist[8]_from_a34|a418,V<w08_s0>.h[6]=Y1[8]_goes_to_work[8]_lane6,phase3_memory_is_row_major_k3_then_k32_with_8_packed_GT_matrices;ntt32_loads_one_Q_per_k32
all_matrices_all_rows,M6=B1_q2,6,1,2,1,9,Y1,Y1=x0-x2+omega3*(x1-x2),Q<w09_s0>,6,Q<w09_s0>=[M0_Y1[9]|M1_Y1[9]|M2_Y1[9]|M3_Y1[9]|M4_Y1[9]|M5_Y1[9]|M6_Y1[9]|M7_Y1[9]],256,334,668,ldr Q<w09_s0> [row_base #16*9],144,V<w09_s0>.h[6],9,18,422,9,38,422,x0=B1[38]*twist[9]_from_a38|a422,678,73,294,678,x1=B1[294]*twist[73]_from_a294|a678,550,41,166,550,x2=B1[166]*twist[41]_from_a166|a550,V<w09_s0>.h[6]=Y1[9]_goes_to_work[9]_lane6,phase3_memory_is_row_major_k3_then_k32_with_8_packed_GT_matrices;ntt32_loads_one_Q_per_k32
all_matrices_all_rows,M6=B1_q2,6,1,2,1,10,Y1,Y1=x0-x2+omega3*(x1-x2),Q<w10_s0>,6,Q<w10_s0>=[M0_Y1[10]|M1_Y1[10]|M2_Y1[10]|M3_Y1[10]|M4_Y1[10]|M5_Y1[10]|M6_Y1[10]|M7_Y1[10]],256,342,684,ldr Q<w10_s0> [row_base #16*10],160,V<w10_s0>.h[6],10,10,554,42,170,554,x0=B1[170]*twist[42]_from_a170|a554,426,10,42,426,x1=B1[42]*twist[10]_from_a42|a426,682,74,298,682,x2=B1[298]*twist[74]_from_a298|a682,V<w10_s0>.h[6]=Y1[10]_goes_to_work[10]_lane6,phase3_memory_is_row_major_k3_then_k32_with_8_packed_GT_matrices;ntt32_loads_one_Q_per_k32
all_matrices_all_rows,M6=B1_q2,6,1,2,1,11,Y1,Y1=x0-x2+omega3*(x1-x2),Q<w11_s0>,6,Q<w11_s0>=[M0_Y1[11]|M1_Y1[11]|M2_Y1[11]|M3_Y1[11]|M4_Y1[11]|M5_Y1[11]|M6_Y1[11]|M7_Y1[11]],256,350,700,ldr Q<w11_s0> [row_base #16*11],176,V<w11_s0>.h[6],11,26,686,75,302,686,x0=B1[302]*twist[75]_from_a302|a686,558,43,174,558,x1=B1[174]*twist[43]_from_a174|a558,430,11,46,430,x2=B1[46]*twist[11]_from_a46|a430,V<w11_s0>.h[6]=Y1[11]_goes_to_work[11]_lane6,phase3_memory_is_row_major_k3_then_k32_with_8_packed_GT_matrices;ntt32_loads_one_Q_per_k32
all_matrices_all_rows,M6=B1_q2,6,1,2,1,12,Y1,Y1=x0-x2+omega3*(x1-x2),Q<w12_s0>,6,Q<w12_s0>=[M0_Y1[12]|M1_Y1[12]|M2_Y1[12]|M3_Y1[12]|M4_Y1[12]|M5_Y1[12]|M6_Y1[12]|M7_Y1[12]],256,358,716,ldr Q<w12_s0> [row_base #16*12],192,V<w12_s0>.h[6],12,6,434,12,50,434,x0=B1[50]*twist[12]_from_a50|a434,690,76,306,690,x1=B1[306]*twist[76]_from_a306|a690,562,44,178,562,x2=B1[178]*twist[44]_from_a178|a562,V<w12_s0>.h[6]=Y1[12]_goes_to_work[12]_lane6,phase3_memory_is_row_major_k3_then_k32_with_8_packed_GT_matrices;ntt32_loads_one_Q_per_k32
all_matrices_all_rows,M6=B1_q2,6,1,2,1,13,Y1,Y1=x0-x2+omega3*(x1-x2),Q<w13_s0>,6,Q<w13_s0>=[M0_Y1[13]|M1_Y1[13]|M2_Y1[13]|M3_Y1[13]|M4_Y1[13]|M5_Y1[13]|M6_Y1[13]|M7_Y1[13]],256,366,732,ldr Q<w13_s0> [row_base #16*13],208,V<w13_s0>.h[6],13,22,566,45,182,566,x0=B1[182]*twist[45]_from_a182|a566,438,13,54,438,x1=B1[54]*twist[13]_from_a54|a438,694,77,310,694,x2=B1[310]*twist[77]_from_a310|a694,V<w13_s0>.h[6]=Y1[13]_goes_to_work[13]_lane6,phase3_memory_is_row_major_k3_then_k32_with_8_packed_GT_matrices;ntt32_loads_one_Q_per_k32
all_matrices_all_rows,M6=B1_q2,6,1,2,1,14,Y1,Y1=x0-x2+omega3*(x1-x2),Q<w14_s0>,6,Q<w14_s0>=[M0_Y1[14]|M1_Y1[14]|M2_Y1[14]|M3_Y1[14]|M4_Y1[14]|M5_Y1[14]|M6_Y1[14]|M7_Y1[14]],256,374,748,ldr Q<w14_s0> [row_base #16*14],224,V<w14_s0>.h[6],14,14,698,78,314,698,x0=B1[314]*twist[78]_from_a314|a698,570,46,186,570,x1=B1[186]*twist[46]_from_a186|a570,442,14,58,442,x2=B1[58]*twist[14]_from_a58|a442,V<w14_s0>.h[6]=Y1[14]_goes_to_work[14]_lane6,phase3_memory_is_row_major_k3_then_k32_with_8_packed_GT_matrices;ntt32_loads_one_Q_per_k32
all_matrices_all_rows,M6=B1_q2,6,1,2,1,15,Y1,Y1=x0-x2+omega3*(x1-x2),Q<w15_s0>,6,Q<w15_s0>=[M0_Y1[15]|M1_Y1[15]|M2_Y1[15]|M3_Y1[15]|M4_Y1[15]|M5_Y1[15]|M6_Y1[15]|M7_Y1[15]],256,382,764,ldr Q<w15_s0> [row_base #16*15],240,V<w15_s0>.h[6],15,30,446,15,62,446,x0=B1[62]*twist[15]_from_a62|a446,702,79,318,702,x1=B1[318]*twist[79]_from_a318|a702,574,47,190,574,x2=B1[190]*twist[47]_from_a190|a574,V<w15_s0>.h[6]=Y1[15]_goes_to_work[15]_lane6,phase3_memory_is_row_major_k3_then_k32_with_8_packed_GT_matrices;ntt32_loads_one_Q_per_k32
all_matrices_all_rows,M6=B1_q2,6,1,2,1,16,Y1,Y1=x0-x2+omega3*(x1-x2),Q<w16_s0>,6,Q<w16_s0>=[M0_Y1[16]|M1_Y1[16]|M2_Y1[16]|M3_Y1[16]|M4_Y1[16]|M5_Y1[16]|M6_Y1[16]|M7_Y1[16]],256,390,780,ldr Q<w16_s0> [row_base #16*16],256,V<w16_s0>.h[6],16,1,578,48,194,578,x0=B1[194]*twist[48]_from_a194|a578,450,16,66,450,x1=B1[66]*twist[16]_from_a66|a450,706,80,322,706,x2=B1[322]*twist[80]_from_a322|a706,V<w16_s0>.h[6]=Y1[16]_goes_to_work[16]_lane6,phase3_memory_is_row_major_k3_then_k32_with_8_packed_GT_matrices;ntt32_loads_one_Q_per_k32
all_matrices_all_rows,M6=B1_q2,6,1,2,1,17,Y1,Y1=x0-x2+omega3*(x1-x2),Q<w17_s0>,6,Q<w17_s0>=[M0_Y1[17]|M1_Y1[17]|M2_Y1[17]|M3_Y1[17]|M4_Y1[17]|M5_Y1[17]|M6_Y1[17]|M7_Y1[17]],256,398,796,ldr Q<w17_s0> [row_base #16*17],272,V<w17_s0>.h[6],17,17,710,81,326,710,x0=B1[326]*twist[81]_from_a326|a710,582,49,198,582,x1=B1[198]*twist[49]_from_a198|a582,454,17,70,454,x2=B1[70]*twist[17]_from_a70|a454,V<w17_s0>.h[6]=Y1[17]_goes_to_work[17]_lane6,phase3_memory_is_row_major_k3_then_k32_with_8_packed_GT_matrices;ntt32_loads_one_Q_per_k32
all_matrices_all_rows,M6=B1_q2,6,1,2,1,18,Y1,Y1=x0-x2+omega3*(x1-x2),Q<w18_s0>,6,Q<w18_s0>=[M0_Y1[18]|M1_Y1[18]|M2_Y1[18]|M3_Y1[18]|M4_Y1[18]|M5_Y1[18]|M6_Y1[18]|M7_Y1[18]],256,406,812,ldr Q<w18_s0> [row_base #16*18],288,V<w18_s0>.h[6],18,9,458,18,74,458,x0=B1[74]*twist[18]_from_a74|a458,714,82,330,714,x1=B1[330]*twist[82]_from_a330|a714,586,50,202,586,x2=B1[202]*twist[50]_from_a202|a586,V<w18_s0>.h[6]=Y1[18]_goes_to_work[18]_lane6,phase3_memory_is_row_major_k3_then_k32_with_8_packed_GT_matrices;ntt32_loads_one_Q_per_k32
all_matrices_all_rows,M6=B1_q2,6,1,2,1,19,Y1,Y1=x0-x2+omega3*(x1-x2),Q<w19_s0>,6,Q<w19_s0>=[M0_Y1[19]|M1_Y1[19]|M2_Y1[19]|M3_Y1[19]|M4_Y1[19]|M5_Y1[19]|M6_Y1[19]|M7_Y1[19]],256,414,828,ldr Q<w19_s0> [row_base #16*19],304,V<w19_s0>.h[6],19,25,590,51,206,590,x0=B1[206]*twist[51]_from_a206|a590,462,19,78,462,x1=B1[78]*twist[19]_from_a78|a462,718,83,334,718,x2=B1[334]*twist[83]_from_a334|a718,V<w19_s0>.h[6]=Y1[19]_goes_to_work[19]_lane6,phase3_memory_is_row_major_k3_then_k32_with_8_packed_GT_matrices;ntt32_loads_one_Q_per_k32
all_matrices_all_rows,M6=B1_q2,6,1,2,1,20,Y1,Y1=x0-x2+omega3*(x1-x2),Q<w20_s0>,6,Q<w20_s0>=[M0_Y1[20]|M1_Y1[20]|M2_Y1[20]|M3_Y1[20]|M4_Y1[20]|M5_Y1[20]|M6_Y1[20]|M7_Y1[20]],256,422,844,ldr Q<w20_s0> [row_base #16*20],320,V<w20_s0>.h[6],20,5,722,84,338,722,x0=B1[338]*twist[84]_from_a338|a722,594,52,210,594,x1=B1[210]*twist[52]_from_a210|a594,466,20,82,466,x2=B1[82]*twist[20]_from_a82|a466,V<w20_s0>.h[6]=Y1[20]_goes_to_work[20]_lane6,phase3_memory_is_row_major_k3_then_k32_with_8_packed_GT_matrices;ntt32_loads_one_Q_per_k32
all_matrices_all_rows,M6=B1_q2,6,1,2,1,21,Y1,Y1=x0-x2+omega3*(x1-x2),Q<w21_s0>,6,Q<w21_s0>=[M0_Y1[21]|M1_Y1[21]|M2_Y1[21]|M3_Y1[21]|M4_Y1[21]|M5_Y1[21]|M6_Y1[21]|M7_Y1[21]],256,430,860,ldr Q<w21_s0> [row_base #16*21],336,V<w21_s0>.h[6],21,21,470,21,86,470,x0=B1[86]*twist[21]_from_a86|a470,726,85,342,726,x1=B1[342]*twist[85]_from_a342|a726,598,53,214,598,x2=B1[214]*twist[53]_from_a214|a598,V<w21_s0>.h[6]=Y1[21]_goes_to_work[21]_lane6,phase3_memory_is_row_major_k3_then_k32_with_8_packed_GT_matrices;ntt32_loads_one_Q_per_k32
all_matrices_all_rows,M6=B1_q2,6,1,2,1,22,Y1,Y1=x0-x2+omega3*(x1-x2),Q<w22_s0>,6,Q<w22_s0>=[M0_Y1[22]|M1_Y1[22]|M2_Y1[22]|M3_Y1[22]|M4_Y1[22]|M5_Y1[22]|M6_Y1[22]|M7_Y1[22]],256,438,876,ldr Q<w22_s0> [row_base #16*22],352,V<w22_s0>.h[6],22,13,602,54,218,602,x0=B1[218]*twist[54]_from_a218|a602,474,22,90,474,x1=B1[90]*twist[22]_from_a90|a474,730,86,346,730,x2=B1[346]*twist[86]_from_a346|a730,V<w22_s0>.h[6]=Y1[22]_goes_to_work[22]_lane6,phase3_memory_is_row_major_k3_then_k32_with_8_packed_GT_matrices;ntt32_loads_one_Q_per_k32
all_matrices_all_rows,M6=B1_q2,6,1,2,1,23,Y1,Y1=x0-x2+omega3*(x1-x2),Q<w23_s0>,6,Q<w23_s0>=[M0_Y1[23]|M1_Y1[23]|M2_Y1[23]|M3_Y1[23]|M4_Y1[23]|M5_Y1[23]|M6_Y1[23]|M7_Y1[23]],256,446,892,ldr Q<w23_s0> [row_base #16*23],368,V<w23_s0>.h[6],23,29,734,87,350,734,x0=B1[350]*twist[87]_from_a350|a734,606,55,222,606,x1=B1[222]*twist[55]_from_a222|a606,478,23,94,478,x2=B1[94]*twist[23]_from_a94|a478,V<w23_s0>.h[6]=Y1[23]_goes_to_work[23]_lane6,phase3_memory_is_row_major_k3_then_k32_with_8_packed_GT_matrices;ntt32_loads_one_Q_per_k32
all_matrices_all_rows,M6=B1_q2,6,1,2,1,24,Y1,Y1=x0-x2+omega3*(x1-x2),Q<w24_s0>,6,Q<w24_s0>=[M0_Y1[24]|M1_Y1[24]|M2_Y1[24]|M3_Y1[24]|M4_Y1[24]|M5_Y1[24]|M6_Y1[24]|M7_Y1[24]],256,454,908,ldr Q<w24_s0> [row_base #16*24],384,V<w24_s0>.h[6],24,3,482,24,98,482,x0=B1[98]*twist[24]_from_a98|a482,738,88,354,738,x1=B1[354]*twist[88]_from_a354|a738,610,56,226,610,x2=B1[226]*twist[56]_from_a226|a610,V<w24_s0>.h[6]=Y1[24]_goes_to_work[24]_lane6,phase3_memory_is_row_major_k3_then_k32_with_8_packed_GT_matrices;ntt32_loads_one_Q_per_k32
all_matrices_all_rows,M6=B1_q2,6,1,2,1,25,Y1,Y1=x0-x2+omega3*(x1-x2),Q<w25_s0>,6,Q<w25_s0>=[M0_Y1[25]|M1_Y1[25]|M2_Y1[25]|M3_Y1[25]|M4_Y1[25]|M5_Y1[25]|M6_Y1[25]|M7_Y1[25]],256,462,924,ldr Q<w25_s0> [row_base #16*25],400,V<w25_s0>.h[6],25,19,614,57,230,614,x0=B1[230]*twist[57]_from_a230|a614,486,25,102,486,x1=B1[102]*twist[25]_from_a102|a486,742,89,358,742,x2=B1[358]*twist[89]_from_a358|a742,V<w25_s0>.h[6]=Y1[25]_goes_to_work[25]_lane6,phase3_memory_is_row_major_k3_then_k32_with_8_packed_GT_matrices;ntt32_loads_one_Q_per_k32
all_matrices_all_rows,M6=B1_q2,6,1,2,1,26,Y1,Y1=x0-x2+omega3*(x1-x2),Q<w26_s0>,6,Q<w26_s0>=[M0_Y1[26]|M1_Y1[26]|M2_Y1[26]|M3_Y1[26]|M4_Y1[26]|M5_Y1[26]|M6_Y1[26]|M7_Y1[26]],256,470,940,ldr Q<w26_s0> [row_base #16*26],416,V<w26_s0>.h[6],26,11,746,90,362,746,x0=B1[362]*twist[90]_from_a362|a746,618,58,234,618,x1=B1[234]*twist[58]_from_a234|a618,490,26,106,490,x2=B1[106]*twist[26]_from_a106|a490,V<w26_s0>.h[6]=Y1[26]_goes_to_work[26]_lane6,phase3_memory_is_row_major_k3_then_k32_with_8_packed_GT_matrices;ntt32_loads_one_Q_per_k32
all_matrices_all_rows,M6=B1_q2,6,1,2,1,27,Y1,Y1=x0-x2+omega3*(x1-x2),Q<w27_s0>,6,Q<w27_s0>=[M0_Y1[27]|M1_Y1[27]|M2_Y1[27]|M3_Y1[27]|M4_Y1[27]|M5_Y1[27]|M6_Y1[27]|M7_Y1[27]],256,478,956,ldr Q<w27_s0> [row_base #16*27],432,V<w27_s0>.h[6],27,27,494,27,110,494,x0=B1[110]*twist[27]_from_a110|a494,750,91,366,750,x1=B1[366]*twist[91]_from_a366|a750,622,59,238,622,x2=B1[238]*twist[59]_from_a238|a622,V<w27_s0>.h[6]=Y1[27]_goes_to_work[27]_lane6,phase3_memory_is_row_major_k3_then_k32_with_8_packed_GT_matrices;ntt32_loads_one_Q_per_k32
all_matrices_all_rows,M6=B1_q2,6,1,2,1,28,Y1,Y1=x0-x2+omega3*(x1-x2),Q<w28_s0>,6,Q<w28_s0>=[M0_Y1[28]|M1_Y1[28]|M2_Y1[28]|M3_Y1[28]|M4_Y1[28]|M5_Y1[28]|M6_Y1[28]|M7_Y1[28]],256,486,972,ldr Q<w28_s0> [row_base #16*28],448,V<w28_s0>.h[6],28,7,626,60,242,626,x0=B1[242]*twist[60]_from_a242|a626,498,28,114,498,x1=B1[114]*twist[28]_from_a114|a498,754,92,370,754,x2=B1[370]*twist[92]_from_a370|a754,V<w28_s0>.h[6]=Y1[28]_goes_to_work[28]_lane6,phase3_memory_is_row_major_k3_then_k32_with_8_packed_GT_matrices;ntt32_loads_one_Q_per_k32
all_matrices_all_rows,M6=B1_q2,6,1,2,1,29,Y1,Y1=x0-x2+omega3*(x1-x2),Q<w29_s0>,6,Q<w29_s0>=[M0_Y1[29]|M1_Y1[29]|M2_Y1[29]|M3_Y1[29]|M4_Y1[29]|M5_Y1[29]|M6_Y1[29]|M7_Y1[29]],256,494,988,ldr Q<w29_s0> [row_base #16*29],464,V<w29_s0>.h[6],29,23,758,93,374,758,x0=B1[374]*twist[93]_from_a374|a758,630,61,246,630,x1=B1[246]*twist[61]_from_a246|a630,502,29,118,502,x2=B1[118]*twist[29]_from_a118|a502,V<w29_s0>.h[6]=Y1[29]_goes_to_work[29]_lane6,phase3_memory_is_row_major_k3_then_k32_with_8_packed_GT_matrices;ntt32_loads_one_Q_per_k32
all_matrices_all_rows,M6=B1_q2,6,1,2,1,30,Y1,Y1=x0-x2+omega3*(x1-x2),Q<w30_s0>,6,Q<w30_s0>=[M0_Y1[30]|M1_Y1[30]|M2_Y1[30]|M3_Y1[30]|M4_Y1[30]|M5_Y1[30]|M6_Y1[30]|M7_Y1[30]],256,502,1004,ldr Q<w30_s0> [row_base #16*30],480,V<w30_s0>.h[6],30,15,506,30,122,506,x0=B1[122]*twist[30]_from_a122|a506,762,94,378,762,x1=B1[378]*twist[94]_from_a378|a762,634,62,250,634,x2=B1[250]*twist[62]_from_a250|a634,V<w30_s0>.h[6]=Y1[30]_goes_to_work[30]_lane6,phase3_memory_is_row_major_k3_then_k32_with_8_packed_GT_matrices;ntt32_loads_one_Q_per_k32
all_matrices_all_rows,M6=B1_q2,6,1,2,1,31,Y1,Y1=x0-x2+omega3*(x1-x2),Q<w31_s0>,6,Q<w31_s0>=[M0_Y1[31]|M1_Y1[31]|M2_Y1[31]|M3_Y1[31]|M4_Y1[31]|M5_Y1[31]|M6_Y1[31]|M7_Y1[31]],256,510,1020,ldr Q<w31_s0> [row_base #16*31],496,V<w31_s0>.h[6],31,31,638,63,254,638,x0=B1[254]*twist[63]_from_a254|a638,510,31,126,510,x1=B1[126]*twist[31]_from_a126|a510,766,95,382,766,x2=B1[382]*twist[95]_from_a382|a766,V<w31_s0>.h[6]=Y1[31]_goes_to_work[31]_lane6,phase3_memory_is_row_major_k3_then_k32_with_8_packed_GT_matrices;ntt32_loads_one_Q_per_k32
all_matrices_all_rows,M6=B1_q2,6,1,2,2,0,Y2,Y2=x0-x1-omega3*(x1-x2),Q<w00_s0>,6,Q<w00_s0>=[M0_Y2[0]|M1_Y2[0]|M2_Y2[0]|M3_Y2[0]|M4_Y2[0]|M5_Y2[0]|M6_Y2[0]|M7_Y2[0]],512,518,1036,ldr Q<w00_s0> [row_base #16*0],0,V<w00_s0>.h[6],0,0,386,0,2,386,x0=B1[2]*twist[0]_from_a2|a386,642,64,258,642,x1=B1[258]*twist[64]_from_a258|a642,514,32,130,514,x2=B1[130]*twist[32]_from_a130|a514,V<w00_s0>.h[6]=Y2[0]_goes_to_work[0]_lane6,phase3_memory_is_row_major_k3_then_k32_with_8_packed_GT_matrices;ntt32_loads_one_Q_per_k32
all_matrices_all_rows,M6=B1_q2,6,1,2,2,1,Y2,Y2=x0-x1-omega3*(x1-x2),Q<w01_s0>,6,Q<w01_s0>=[M0_Y2[1]|M1_Y2[1]|M2_Y2[1]|M3_Y2[1]|M4_Y2[1]|M5_Y2[1]|M6_Y2[1]|M7_Y2[1]],512,526,1052,ldr Q<w01_s0> [row_base #16*1],16,V<w01_s0>.h[6],1,16,518,33,134,518,x0=B1[134]*twist[33]_from_a134|a518,390,1,6,390,x1=B1[6]*twist[1]_from_a6|a390,646,65,262,646,x2=B1[262]*twist[65]_from_a262|a646,V<w01_s0>.h[6]=Y2[1]_goes_to_work[1]_lane6,phase3_memory_is_row_major_k3_then_k32_with_8_packed_GT_matrices;ntt32_loads_one_Q_per_k32
all_matrices_all_rows,M6=B1_q2,6,1,2,2,2,Y2,Y2=x0-x1-omega3*(x1-x2),Q<w02_s0>,6,Q<w02_s0>=[M0_Y2[2]|M1_Y2[2]|M2_Y2[2]|M3_Y2[2]|M4_Y2[2]|M5_Y2[2]|M6_Y2[2]|M7_Y2[2]],512,534,1068,ldr Q<w02_s0> [row_base #16*2],32,V<w02_s0>.h[6],2,8,650,66,266,650,x0=B1[266]*twist[66]_from_a266|a650,522,34,138,522,x1=B1[138]*twist[34]_from_a138|a522,394,2,10,394,x2=B1[10]*twist[2]_from_a10|a394,V<w02_s0>.h[6]=Y2[2]_goes_to_work[2]_lane6,phase3_memory_is_row_major_k3_then_k32_with_8_packed_GT_matrices;ntt32_loads_one_Q_per_k32
all_matrices_all_rows,M6=B1_q2,6,1,2,2,3,Y2,Y2=x0-x1-omega3*(x1-x2),Q<w03_s0>,6,Q<w03_s0>=[M0_Y2[3]|M1_Y2[3]|M2_Y2[3]|M3_Y2[3]|M4_Y2[3]|M5_Y2[3]|M6_Y2[3]|M7_Y2[3]],512,542,1084,ldr Q<w03_s0> [row_base #16*3],48,V<w03_s0>.h[6],3,24,398,3,14,398,x0=B1[14]*twist[3]_from_a14|a398,654,67,270,654,x1=B1[270]*twist[67]_from_a270|a654,526,35,142,526,x2=B1[142]*twist[35]_from_a142|a526,V<w03_s0>.h[6]=Y2[3]_goes_to_work[3]_lane6,phase3_memory_is_row_major_k3_then_k32_with_8_packed_GT_matrices;ntt32_loads_one_Q_per_k32
all_matrices_all_rows,M6=B1_q2,6,1,2,2,4,Y2,Y2=x0-x1-omega3*(x1-x2),Q<w04_s0>,6,Q<w04_s0>=[M0_Y2[4]|M1_Y2[4]|M2_Y2[4]|M3_Y2[4]|M4_Y2[4]|M5_Y2[4]|M6_Y2[4]|M7_Y2[4]],512,550,1100,ldr Q<w04_s0> [row_base #16*4],64,V<w04_s0>.h[6],4,4,530,36,146,530,x0=B1[146]*twist[36]_from_a146|a530,402,4,18,402,x1=B1[18]*twist[4]_from_a18|a402,658,68,274,658,x2=B1[274]*twist[68]_from_a274|a658,V<w04_s0>.h[6]=Y2[4]_goes_to_work[4]_lane6,phase3_memory_is_row_major_k3_then_k32_with_8_packed_GT_matrices;ntt32_loads_one_Q_per_k32
all_matrices_all_rows,M6=B1_q2,6,1,2,2,5,Y2,Y2=x0-x1-omega3*(x1-x2),Q<w05_s0>,6,Q<w05_s0>=[M0_Y2[5]|M1_Y2[5]|M2_Y2[5]|M3_Y2[5]|M4_Y2[5]|M5_Y2[5]|M6_Y2[5]|M7_Y2[5]],512,558,1116,ldr Q<w05_s0> [row_base #16*5],80,V<w05_s0>.h[6],5,20,662,69,278,662,x0=B1[278]*twist[69]_from_a278|a662,534,37,150,534,x1=B1[150]*twist[37]_from_a150|a534,406,5,22,406,x2=B1[22]*twist[5]_from_a22|a406,V<w05_s0>.h[6]=Y2[5]_goes_to_work[5]_lane6,phase3_memory_is_row_major_k3_then_k32_with_8_packed_GT_matrices;ntt32_loads_one_Q_per_k32
all_matrices_all_rows,M6=B1_q2,6,1,2,2,6,Y2,Y2=x0-x1-omega3*(x1-x2),Q<w06_s0>,6,Q<w06_s0>=[M0_Y2[6]|M1_Y2[6]|M2_Y2[6]|M3_Y2[6]|M4_Y2[6]|M5_Y2[6]|M6_Y2[6]|M7_Y2[6]],512,566,1132,ldr Q<w06_s0> [row_base #16*6],96,V<w06_s0>.h[6],6,12,410,6,26,410,x0=B1[26]*twist[6]_from_a26|a410,666,70,282,666,x1=B1[282]*twist[70]_from_a282|a666,538,38,154,538,x2=B1[154]*twist[38]_from_a154|a538,V<w06_s0>.h[6]=Y2[6]_goes_to_work[6]_lane6,phase3_memory_is_row_major_k3_then_k32_with_8_packed_GT_matrices;ntt32_loads_one_Q_per_k32
all_matrices_all_rows,M6=B1_q2,6,1,2,2,7,Y2,Y2=x0-x1-omega3*(x1-x2),Q<w07_s0>,6,Q<w07_s0>=[M0_Y2[7]|M1_Y2[7]|M2_Y2[7]|M3_Y2[7]|M4_Y2[7]|M5_Y2[7]|M6_Y2[7]|M7_Y2[7]],512,574,1148,ldr Q<w07_s0> [row_base #16*7],112,V<w07_s0>.h[6],7,28,542,39,158,542,x0=B1[158]*twist[39]_from_a158|a542,414,7,30,414,x1=B1[30]*twist[7]_from_a30|a414,670,71,286,670,x2=B1[286]*twist[71]_from_a286|a670,V<w07_s0>.h[6]=Y2[7]_goes_to_work[7]_lane6,phase3_memory_is_row_major_k3_then_k32_with_8_packed_GT_matrices;ntt32_loads_one_Q_per_k32
all_matrices_all_rows,M6=B1_q2,6,1,2,2,8,Y2,Y2=x0-x1-omega3*(x1-x2),Q<w08_s0>,6,Q<w08_s0>=[M0_Y2[8]|M1_Y2[8]|M2_Y2[8]|M3_Y2[8]|M4_Y2[8]|M5_Y2[8]|M6_Y2[8]|M7_Y2[8]],512,582,1164,ldr Q<w08_s0> [row_base #16*8],128,V<w08_s0>.h[6],8,2,674,72,290,674,x0=B1[290]*twist[72]_from_a290|a674,546,40,162,546,x1=B1[162]*twist[40]_from_a162|a546,418,8,34,418,x2=B1[34]*twist[8]_from_a34|a418,V<w08_s0>.h[6]=Y2[8]_goes_to_work[8]_lane6,phase3_memory_is_row_major_k3_then_k32_with_8_packed_GT_matrices;ntt32_loads_one_Q_per_k32
all_matrices_all_rows,M6=B1_q2,6,1,2,2,9,Y2,Y2=x0-x1-omega3*(x1-x2),Q<w09_s0>,6,Q<w09_s0>=[M0_Y2[9]|M1_Y2[9]|M2_Y2[9]|M3_Y2[9]|M4_Y2[9]|M5_Y2[9]|M6_Y2[9]|M7_Y2[9]],512,590,1180,ldr Q<w09_s0> [row_base #16*9],144,V<w09_s0>.h[6],9,18,422,9,38,422,x0=B1[38]*twist[9]_from_a38|a422,678,73,294,678,x1=B1[294]*twist[73]_from_a294|a678,550,41,166,550,x2=B1[166]*twist[41]_from_a166|a550,V<w09_s0>.h[6]=Y2[9]_goes_to_work[9]_lane6,phase3_memory_is_row_major_k3_then_k32_with_8_packed_GT_matrices;ntt32_loads_one_Q_per_k32
all_matrices_all_rows,M6=B1_q2,6,1,2,2,10,Y2,Y2=x0-x1-omega3*(x1-x2),Q<w10_s0>,6,Q<w10_s0>=[M0_Y2[10]|M1_Y2[10]|M2_Y2[10]|M3_Y2[10]|M4_Y2[10]|M5_Y2[10]|M6_Y2[10]|M7_Y2[10]],512,598,1196,ldr Q<w10_s0> [row_base #16*10],160,V<w10_s0>.h[6],10,10,554,42,170,554,x0=B1[170]*twist[42]_from_a170|a554,426,10,42,426,x1=B1[42]*twist[10]_from_a42|a426,682,74,298,682,x2=B1[298]*twist[74]_from_a298|a682,V<w10_s0>.h[6]=Y2[10]_goes_to_work[10]_lane6,phase3_memory_is_row_major_k3_then_k32_with_8_packed_GT_matrices;ntt32_loads_one_Q_per_k32
all_matrices_all_rows,M6=B1_q2,6,1,2,2,11,Y2,Y2=x0-x1-omega3*(x1-x2),Q<w11_s0>,6,Q<w11_s0>=[M0_Y2[11]|M1_Y2[11]|M2_Y2[11]|M3_Y2[11]|M4_Y2[11]|M5_Y2[11]|M6_Y2[11]|M7_Y2[11]],512,606,1212,ldr Q<w11_s0> [row_base #16*11],176,V<w11_s0>.h[6],11,26,686,75,302,686,x0=B1[302]*twist[75]_from_a302|a686,558,43,174,558,x1=B1[174]*twist[43]_from_a174|a558,430,11,46,430,x2=B1[46]*twist[11]_from_a46|a430,V<w11_s0>.h[6]=Y2[11]_goes_to_work[11]_lane6,phase3_memory_is_row_major_k3_then_k32_with_8_packed_GT_matrices;ntt32_loads_one_Q_per_k32
all_matrices_all_rows,M6=B1_q2,6,1,2,2,12,Y2,Y2=x0-x1-omega3*(x1-x2),Q<w12_s0>,6,Q<w12_s0>=[M0_Y2[12]|M1_Y2[12]|M2_Y2[12]|M3_Y2[12]|M4_Y2[12]|M5_Y2[12]|M6_Y2[12]|M7_Y2[12]],512,614,1228,ldr Q<w12_s0> [row_base #16*12],192,V<w12_s0>.h[6],12,6,434,12,50,434,x0=B1[50]*twist[12]_from_a50|a434,690,76,306,690,x1=B1[306]*twist[76]_from_a306|a690,562,44,178,562,x2=B1[178]*twist[44]_from_a178|a562,V<w12_s0>.h[6]=Y2[12]_goes_to_work[12]_lane6,phase3_memory_is_row_major_k3_then_k32_with_8_packed_GT_matrices;ntt32_loads_one_Q_per_k32
all_matrices_all_rows,M6=B1_q2,6,1,2,2,13,Y2,Y2=x0-x1-omega3*(x1-x2),Q<w13_s0>,6,Q<w13_s0>=[M0_Y2[13]|M1_Y2[13]|M2_Y2[13]|M3_Y2[13]|M4_Y2[13]|M5_Y2[13]|M6_Y2[13]|M7_Y2[13]],512,622,1244,ldr Q<w13_s0> [row_base #16*13],208,V<w13_s0>.h[6],13,22,566,45,182,566,x0=B1[182]*twist[45]_from_a182|a566,438,13,54,438,x1=B1[54]*twist[13]_from_a54|a438,694,77,310,694,x2=B1[310]*twist[77]_from_a310|a694,V<w13_s0>.h[6]=Y2[13]_goes_to_work[13]_lane6,phase3_memory_is_row_major_k3_then_k32_with_8_packed_GT_matrices;ntt32_loads_one_Q_per_k32
all_matrices_all_rows,M6=B1_q2,6,1,2,2,14,Y2,Y2=x0-x1-omega3*(x1-x2),Q<w14_s0>,6,Q<w14_s0>=[M0_Y2[14]|M1_Y2[14]|M2_Y2[14]|M3_Y2[14]|M4_Y2[14]|M5_Y2[14]|M6_Y2[14]|M7_Y2[14]],512,630,1260,ldr Q<w14_s0> [row_base #16*14],224,V<w14_s0>.h[6],14,14,698,78,314,698,x0=B1[314]*twist[78]_from_a314|a698,570,46,186,570,x1=B1[186]*twist[46]_from_a186|a570,442,14,58,442,x2=B1[58]*twist[14]_from_a58|a442,V<w14_s0>.h[6]=Y2[14]_goes_to_work[14]_lane6,phase3_memory_is_row_major_k3_then_k32_with_8_packed_GT_matrices;ntt32_loads_one_Q_per_k32
all_matrices_all_rows,M6=B1_q2,6,1,2,2,15,Y2,Y2=x0-x1-omega3*(x1-x2),Q<w15_s0>,6,Q<w15_s0>=[M0_Y2[15]|M1_Y2[15]|M2_Y2[15]|M3_Y2[15]|M4_Y2[15]|M5_Y2[15]|M6_Y2[15]|M7_Y2[15]],512,638,1276,ldr Q<w15_s0> [row_base #16*15],240,V<w15_s0>.h[6],15,30,446,15,62,446,x0=B1[62]*twist[15]_from_a62|a446,702,79,318,702,x1=B1[318]*twist[79]_from_a318|a702,574,47,190,574,x2=B1[190]*twist[47]_from_a190|a574,V<w15_s0>.h[6]=Y2[15]_goes_to_work[15]_lane6,phase3_memory_is_row_major_k3_then_k32_with_8_packed_GT_matrices;ntt32_loads_one_Q_per_k32
all_matrices_all_rows,M6=B1_q2,6,1,2,2,16,Y2,Y2=x0-x1-omega3*(x1-x2),Q<w16_s0>,6,Q<w16_s0>=[M0_Y2[16]|M1_Y2[16]|M2_Y2[16]|M3_Y2[16]|M4_Y2[16]|M5_Y2[16]|M6_Y2[16]|M7_Y2[16]],512,646,1292,ldr Q<w16_s0> [row_base #16*16],256,V<w16_s0>.h[6],16,1,578,48,194,578,x0=B1[194]*twist[48]_from_a194|a578,450,16,66,450,x1=B1[66]*twist[16]_from_a66|a450,706,80,322,706,x2=B1[322]*twist[80]_from_a322|a706,V<w16_s0>.h[6]=Y2[16]_goes_to_work[16]_lane6,phase3_memory_is_row_major_k3_then_k32_with_8_packed_GT_matrices;ntt32_loads_one_Q_per_k32
all_matrices_all_rows,M6=B1_q2,6,1,2,2,17,Y2,Y2=x0-x1-omega3*(x1-x2),Q<w17_s0>,6,Q<w17_s0>=[M0_Y2[17]|M1_Y2[17]|M2_Y2[17]|M3_Y2[17]|M4_Y2[17]|M5_Y2[17]|M6_Y2[17]|M7_Y2[17]],512,654,1308,ldr Q<w17_s0> [row_base #16*17],272,V<w17_s0>.h[6],17,17,710,81,326,710,x0=B1[326]*twist[81]_from_a326|a710,582,49,198,582,x1=B1[198]*twist[49]_from_a198|a582,454,17,70,454,x2=B1[70]*twist[17]_from_a70|a454,V<w17_s0>.h[6]=Y2[17]_goes_to_work[17]_lane6,phase3_memory_is_row_major_k3_then_k32_with_8_packed_GT_matrices;ntt32_loads_one_Q_per_k32
all_matrices_all_rows,M6=B1_q2,6,1,2,2,18,Y2,Y2=x0-x1-omega3*(x1-x2),Q<w18_s0>,6,Q<w18_s0>=[M0_Y2[18]|M1_Y2[18]|M2_Y2[18]|M3_Y2[18]|M4_Y2[18]|M5_Y2[18]|M6_Y2[18]|M7_Y2[18]],512,662,1324,ldr Q<w18_s0> [row_base #16*18],288,V<w18_s0>.h[6],18,9,458,18,74,458,x0=B1[74]*twist[18]_from_a74|a458,714,82,330,714,x1=B1[330]*twist[82]_from_a330|a714,586,50,202,586,x2=B1[202]*twist[50]_from_a202|a586,V<w18_s0>.h[6]=Y2[18]_goes_to_work[18]_lane6,phase3_memory_is_row_major_k3_then_k32_with_8_packed_GT_matrices;ntt32_loads_one_Q_per_k32
all_matrices_all_rows,M6=B1_q2,6,1,2,2,19,Y2,Y2=x0-x1-omega3*(x1-x2),Q<w19_s0>,6,Q<w19_s0>=[M0_Y2[19]|M1_Y2[19]|M2_Y2[19]|M3_Y2[19]|M4_Y2[19]|M5_Y2[19]|M6_Y2[19]|M7_Y2[19]],512,670,1340,ldr Q<w19_s0> [row_base #16*19],304,V<w19_s0>.h[6],19,25,590,51,206,590,x0=B1[206]*twist[51]_from_a206|a590,462,19,78,462,x1=B1[78]*twist[19]_from_a78|a462,718,83,334,718,x2=B1[334]*twist[83]_from_a334|a718,V<w19_s0>.h[6]=Y2[19]_goes_to_work[19]_lane6,phase3_memory_is_row_major_k3_then_k32_with_8_packed_GT_matrices;ntt32_loads_one_Q_per_k32
all_matrices_all_rows,M6=B1_q2,6,1,2,2,20,Y2,Y2=x0-x1-omega3*(x1-x2),Q<w20_s0>,6,Q<w20_s0>=[M0_Y2[20]|M1_Y2[20]|M2_Y2[20]|M3_Y2[20]|M4_Y2[20]|M5_Y2[20]|M6_Y2[20]|M7_Y2[20]],512,678,1356,ldr Q<w20_s0> [row_base #16*20],320,V<w20_s0>.h[6],20,5,722,84,338,722,x0=B1[338]*twist[84]_from_a338|a722,594,52,210,594,x1=B1[210]*twist[52]_from_a210|a594,466,20,82,466,x2=B1[82]*twist[20]_from_a82|a466,V<w20_s0>.h[6]=Y2[20]_goes_to_work[20]_lane6,phase3_memory_is_row_major_k3_then_k32_with_8_packed_GT_matrices;ntt32_loads_one_Q_per_k32
all_matrices_all_rows,M6=B1_q2,6,1,2,2,21,Y2,Y2=x0-x1-omega3*(x1-x2),Q<w21_s0>,6,Q<w21_s0>=[M0_Y2[21]|M1_Y2[21]|M2_Y2[21]|M3_Y2[21]|M4_Y2[21]|M5_Y2[21]|M6_Y2[21]|M7_Y2[21]],512,686,1372,ldr Q<w21_s0> [row_base #16*21],336,V<w21_s0>.h[6],21,21,470,21,86,470,x0=B1[86]*twist[21]_from_a86|a470,726,85,342,726,x1=B1[342]*twist[85]_from_a342|a726,598,53,214,598,x2=B1[214]*twist[53]_from_a214|a598,V<w21_s0>.h[6]=Y2[21]_goes_to_work[21]_lane6,phase3_memory_is_row_major_k3_then_k32_with_8_packed_GT_matrices;ntt32_loads_one_Q_per_k32
all_matrices_all_rows,M6=B1_q2,6,1,2,2,22,Y2,Y2=x0-x1-omega3*(x1-x2),Q<w22_s0>,6,Q<w22_s0>=[M0_Y2[22]|M1_Y2[22]|M2_Y2[22]|M3_Y2[22]|M4_Y2[22]|M5_Y2[22]|M6_Y2[22]|M7_Y2[22]],512,694,1388,ldr Q<w22_s0> [row_base #16*22],352,V<w22_s0>.h[6],22,13,602,54,218,602,x0=B1[218]*twist[54]_from_a218|a602,474,22,90,474,x1=B1[90]*twist[22]_from_a90|a474,730,86,346,730,x2=B1[346]*twist[86]_from_a346|a730,V<w22_s0>.h[6]=Y2[22]_goes_to_work[22]_lane6,phase3_memory_is_row_major_k3_then_k32_with_8_packed_GT_matrices;ntt32_loads_one_Q_per_k32
all_matrices_all_rows,M6=B1_q2,6,1,2,2,23,Y2,Y2=x0-x1-omega3*(x1-x2),Q<w23_s0>,6,Q<w23_s0>=[M0_Y2[23]|M1_Y2[23]|M2_Y2[23]|M3_Y2[23]|M4_Y2[23]|M5_Y2[23]|M6_Y2[23]|M7_Y2[23]],512,702,1404,ldr Q<w23_s0> [row_base #16*23],368,V<w23_s0>.h[6],23,29,734,87,350,734,x0=B1[350]*twist[87]_from_a350|a734,606,55,222,606,x1=B1[222]*twist[55]_from_a222|a606,478,23,94,478,x2=B1[94]*twist[23]_from_a94|a478,V<w23_s0>.h[6]=Y2[23]_goes_to_work[23]_lane6,phase3_memory_is_row_major_k3_then_k32_with_8_packed_GT_matrices;ntt32_loads_one_Q_per_k32
all_matrices_all_rows,M6=B1_q2,6,1,2,2,24,Y2,Y2=x0-x1-omega3*(x1-x2),Q<w24_s0>,6,Q<w24_s0>=[M0_Y2[24]|M1_Y2[24]|M2_Y2[24]|M3_Y2[24]|M4_Y2[24]|M5_Y2[24]|M6_Y2[24]|M7_Y2[24]],512,710,1420,ldr Q<w24_s0> [row_base #16*24],384,V<w24_s0>.h[6],24,3,482,24,98,482,x0=B1[98]*twist[24]_from_a98|a482,738,88,354,738,x1=B1[354]*twist[88]_from_a354|a738,610,56,226,610,x2=B1[226]*twist[56]_from_a226|a610,V<w24_s0>.h[6]=Y2[24]_goes_to_work[24]_lane6,phase3_memory_is_row_major_k3_then_k32_with_8_packed_GT_matrices;ntt32_loads_one_Q_per_k32
all_matrices_all_rows,M6=B1_q2,6,1,2,2,25,Y2,Y2=x0-x1-omega3*(x1-x2),Q<w25_s0>,6,Q<w25_s0>=[M0_Y2[25]|M1_Y2[25]|M2_Y2[25]|M3_Y2[25]|M4_Y2[25]|M5_Y2[25]|M6_Y2[25]|M7_Y2[25]],512,718,1436,ldr Q<w25_s0> [row_base #16*25],400,V<w25_s0>.h[6],25,19,614,57,230,614,x0=B1[230]*twist[57]_from_a230|a614,486,25,102,486,x1=B1[102]*twist[25]_from_a102|a486,742,89,358,742,x2=B1[358]*twist[89]_from_a358|a742,V<w25_s0>.h[6]=Y2[25]_goes_to_work[25]_lane6,phase3_memory_is_row_major_k3_then_k32_with_8_packed_GT_matrices;ntt32_loads_one_Q_per_k32
all_matrices_all_rows,M6=B1_q2,6,1,2,2,26,Y2,Y2=x0-x1-omega3*(x1-x2),Q<w26_s0>,6,Q<w26_s0>=[M0_Y2[26]|M1_Y2[26]|M2_Y2[26]|M3_Y2[26]|M4_Y2[26]|M5_Y2[26]|M6_Y2[26]|M7_Y2[26]],512,726,1452,ldr Q<w26_s0> [row_base #16*26],416,V<w26_s0>.h[6],26,11,746,90,362,746,x0=B1[362]*twist[90]_from_a362|a746,618,58,234,618,x1=B1[234]*twist[58]_from_a234|a618,490,26,106,490,x2=B1[106]*twist[26]_from_a106|a490,V<w26_s0>.h[6]=Y2[26]_goes_to_work[26]_lane6,phase3_memory_is_row_major_k3_then_k32_with_8_packed_GT_matrices;ntt32_loads_one_Q_per_k32
all_matrices_all_rows,M6=B1_q2,6,1,2,2,27,Y2,Y2=x0-x1-omega3*(x1-x2),Q<w27_s0>,6,Q<w27_s0>=[M0_Y2[27]|M1_Y2[27]|M2_Y2[27]|M3_Y2[27]|M4_Y2[27]|M5_Y2[27]|M6_Y2[27]|M7_Y2[27]],512,734,1468,ldr Q<w27_s0> [row_base #16*27],432,V<w27_s0>.h[6],27,27,494,27,110,494,x0=B1[110]*twist[27]_from_a110|a494,750,91,366,750,x1=B1[366]*twist[91]_from_a366|a750,622,59,238,622,x2=B1[238]*twist[59]_from_a238|a622,V<w27_s0>.h[6]=Y2[27]_goes_to_work[27]_lane6,phase3_memory_is_row_major_k3_then_k32_with_8_packed_GT_matrices;ntt32_loads_one_Q_per_k32
all_matrices_all_rows,M6=B1_q2,6,1,2,2,28,Y2,Y2=x0-x1-omega3*(x1-x2),Q<w28_s0>,6,Q<w28_s0>=[M0_Y2[28]|M1_Y2[28]|M2_Y2[28]|M3_Y2[28]|M4_Y2[28]|M5_Y2[28]|M6_Y2[28]|M7_Y2[28]],512,742,1484,ldr Q<w28_s0> [row_base #16*28],448,V<w28_s0>.h[6],28,7,626,60,242,626,x0=B1[242]*twist[60]_from_a242|a626,498,28,114,498,x1=B1[114]*twist[28]_from_a114|a498,754,92,370,754,x2=B1[370]*twist[92]_from_a370|a754,V<w28_s0>.h[6]=Y2[28]_goes_to_work[28]_lane6,phase3_memory_is_row_major_k3_then_k32_with_8_packed_GT_matrices;ntt32_loads_one_Q_per_k32
all_matrices_all_rows,M6=B1_q2,6,1,2,2,29,Y2,Y2=x0-x1-omega3*(x1-x2),Q<w29_s0>,6,Q<w29_s0>=[M0_Y2[29]|M1_Y2[29]|M2_Y2[29]|M3_Y2[29]|M4_Y2[29]|M5_Y2[29]|M6_Y2[29]|M7_Y2[29]],512,750,1500,ldr Q<w29_s0> [row_base #16*29],464,V<w29_s0>.h[6],29,23,758,93,374,758,x0=B1[374]*twist[93]_from_a374|a758,630,61,246,630,x1=B1[246]*twist[61]_from_a246|a630,502,29,118,502,x2=B1[118]*twist[29]_from_a118|a502,V<w29_s0>.h[6]=Y2[29]_goes_to_work[29]_lane6,phase3_memory_is_row_major_k3_then_k32_with_8_packed_GT_matrices;ntt32_loads_one_Q_per_k32
all_matrices_all_rows,M6=B1_q2,6,1,2,2,30,Y2,Y2=x0-x1-omega3*(x1-x2),Q<w30_s0>,6,Q<w30_s0>=[M0_Y2[30]|M1_Y2[30]|M2_Y2[30]|M3_Y2[30]|M4_Y2[30]|M5_Y2[30]|M6_Y2[30]|M7_Y2[30]],512,758,1516,ldr Q<w30_s0> [row_base #16*30],480,V<w30_s0>.h[6],30,15,506,30,122,506,x0=B1[122]*twist[30]_from_a122|a506,762,94,378,762,x1=B1[378]*twist[94]_from_a378|a762,634,62,250,634,x2=B1[250]*twist[62]_from_a250|a634,V<w30_s0>.h[6]=Y2[30]_goes_to_work[30]_lane6,phase3_memory_is_row_major_k3_then_k32_with_8_packed_GT_matrices;ntt32_loads_one_Q_per_k32
all_matrices_all_rows,M6=B1_q2,6,1,2,2,31,Y2,Y2=x0-x1-omega3*(x1-x2),Q<w31_s0>,6,Q<w31_s0>=[M0_Y2[31]|M1_Y2[31]|M2_Y2[31]|M3_Y2[31]|M4_Y2[31]|M5_Y2[31]|M6_Y2[31]|M7_Y2[31]],512,766,1532,ldr Q<w31_s0> [row_base #16*31],496,V<w31_s0>.h[6],31,31,638,63,254,638,x0=B1[254]*twist[63]_from_a254|a638,510,31,126,510,x1=B1[126]*twist[31]_from_a126|a510,766,95,382,766,x2=B1[382]*twist[95]_from_a382|a766,V<w31_s0>.h[6]=Y2[31]_goes_to_work[31]_lane6,phase3_memory_is_row_major_k3_then_k32_with_8_packed_GT_matrices;ntt32_loads_one_Q_per_k32
all_matrices_all_rows,M7=B1_q3,7,1,3,0,0,Y0,Y0=x0+x1+x2,Q<w00_s0>,7,Q<w00_s0>=[M0_Y0[0]|M1_Y0[0]|M2_Y0[0]|M3_Y0[0]|M4_Y0[0]|M5_Y0[0]|M6_Y0[0]|M7_Y0[0]],0,7,14,ldr Q<w00_s0> [row_base #16*0],0,V<w00_s0>.h[7],0,0,387,0,3,387,x0=B1[3]*twist[0]_from_a3|a387,643,64,259,643,x1=B1[259]*twist[64]_from_a259|a643,515,32,131,515,x2=B1[131]*twist[32]_from_a131|a515,V<w00_s0>.h[7]=Y0[0]_goes_to_work[0]_lane7,phase3_memory_is_row_major_k3_then_k32_with_8_packed_GT_matrices;ntt32_loads_one_Q_per_k32
all_matrices_all_rows,M7=B1_q3,7,1,3,0,1,Y0,Y0=x0+x1+x2,Q<w01_s0>,7,Q<w01_s0>=[M0_Y0[1]|M1_Y0[1]|M2_Y0[1]|M3_Y0[1]|M4_Y0[1]|M5_Y0[1]|M6_Y0[1]|M7_Y0[1]],0,15,30,ldr Q<w01_s0> [row_base #16*1],16,V<w01_s0>.h[7],1,16,519,33,135,519,x0=B1[135]*twist[33]_from_a135|a519,391,1,7,391,x1=B1[7]*twist[1]_from_a7|a391,647,65,263,647,x2=B1[263]*twist[65]_from_a263|a647,V<w01_s0>.h[7]=Y0[1]_goes_to_work[1]_lane7,phase3_memory_is_row_major_k3_then_k32_with_8_packed_GT_matrices;ntt32_loads_one_Q_per_k32
all_matrices_all_rows,M7=B1_q3,7,1,3,0,2,Y0,Y0=x0+x1+x2,Q<w02_s0>,7,Q<w02_s0>=[M0_Y0[2]|M1_Y0[2]|M2_Y0[2]|M3_Y0[2]|M4_Y0[2]|M5_Y0[2]|M6_Y0[2]|M7_Y0[2]],0,23,46,ldr Q<w02_s0> [row_base #16*2],32,V<w02_s0>.h[7],2,8,651,66,267,651,x0=B1[267]*twist[66]_from_a267|a651,523,34,139,523,x1=B1[139]*twist[34]_from_a139|a523,395,2,11,395,x2=B1[11]*twist[2]_from_a11|a395,V<w02_s0>.h[7]=Y0[2]_goes_to_work[2]_lane7,phase3_memory_is_row_major_k3_then_k32_with_8_packed_GT_matrices;ntt32_loads_one_Q_per_k32
all_matrices_all_rows,M7=B1_q3,7,1,3,0,3,Y0,Y0=x0+x1+x2,Q<w03_s0>,7,Q<w03_s0>=[M0_Y0[3]|M1_Y0[3]|M2_Y0[3]|M3_Y0[3]|M4_Y0[3]|M5_Y0[3]|M6_Y0[3]|M7_Y0[3]],0,31,62,ldr Q<w03_s0> [row_base #16*3],48,V<w03_s0>.h[7],3,24,399,3,15,399,x0=B1[15]*twist[3]_from_a15|a399,655,67,271,655,x1=B1[271]*twist[67]_from_a271|a655,527,35,143,527,x2=B1[143]*twist[35]_from_a143|a527,V<w03_s0>.h[7]=Y0[3]_goes_to_work[3]_lane7,phase3_memory_is_row_major_k3_then_k32_with_8_packed_GT_matrices;ntt32_loads_one_Q_per_k32
all_matrices_all_rows,M7=B1_q3,7,1,3,0,4,Y0,Y0=x0+x1+x2,Q<w04_s0>,7,Q<w04_s0>=[M0_Y0[4]|M1_Y0[4]|M2_Y0[4]|M3_Y0[4]|M4_Y0[4]|M5_Y0[4]|M6_Y0[4]|M7_Y0[4]],0,39,78,ldr Q<w04_s0> [row_base #16*4],64,V<w04_s0>.h[7],4,4,531,36,147,531,x0=B1[147]*twist[36]_from_a147|a531,403,4,19,403,x1=B1[19]*twist[4]_from_a19|a403,659,68,275,659,x2=B1[275]*twist[68]_from_a275|a659,V<w04_s0>.h[7]=Y0[4]_goes_to_work[4]_lane7,phase3_memory_is_row_major_k3_then_k32_with_8_packed_GT_matrices;ntt32_loads_one_Q_per_k32
all_matrices_all_rows,M7=B1_q3,7,1,3,0,5,Y0,Y0=x0+x1+x2,Q<w05_s0>,7,Q<w05_s0>=[M0_Y0[5]|M1_Y0[5]|M2_Y0[5]|M3_Y0[5]|M4_Y0[5]|M5_Y0[5]|M6_Y0[5]|M7_Y0[5]],0,47,94,ldr Q<w05_s0> [row_base #16*5],80,V<w05_s0>.h[7],5,20,663,69,279,663,x0=B1[279]*twist[69]_from_a279|a663,535,37,151,535,x1=B1[151]*twist[37]_from_a151|a535,407,5,23,407,x2=B1[23]*twist[5]_from_a23|a407,V<w05_s0>.h[7]=Y0[5]_goes_to_work[5]_lane7,phase3_memory_is_row_major_k3_then_k32_with_8_packed_GT_matrices;ntt32_loads_one_Q_per_k32
all_matrices_all_rows,M7=B1_q3,7,1,3,0,6,Y0,Y0=x0+x1+x2,Q<w06_s0>,7,Q<w06_s0>=[M0_Y0[6]|M1_Y0[6]|M2_Y0[6]|M3_Y0[6]|M4_Y0[6]|M5_Y0[6]|M6_Y0[6]|M7_Y0[6]],0,55,110,ldr Q<w06_s0> [row_base #16*6],96,V<w06_s0>.h[7],6,12,411,6,27,411,x0=B1[27]*twist[6]_from_a27|a411,667,70,283,667,x1=B1[283]*twist[70]_from_a283|a667,539,38,155,539,x2=B1[155]*twist[38]_from_a155|a539,V<w06_s0>.h[7]=Y0[6]_goes_to_work[6]_lane7,phase3_memory_is_row_major_k3_then_k32_with_8_packed_GT_matrices;ntt32_loads_one_Q_per_k32
all_matrices_all_rows,M7=B1_q3,7,1,3,0,7,Y0,Y0=x0+x1+x2,Q<w07_s0>,7,Q<w07_s0>=[M0_Y0[7]|M1_Y0[7]|M2_Y0[7]|M3_Y0[7]|M4_Y0[7]|M5_Y0[7]|M6_Y0[7]|M7_Y0[7]],0,63,126,ldr Q<w07_s0> [row_base #16*7],112,V<w07_s0>.h[7],7,28,543,39,159,543,x0=B1[159]*twist[39]_from_a159|a543,415,7,31,415,x1=B1[31]*twist[7]_from_a31|a415,671,71,287,671,x2=B1[287]*twist[71]_from_a287|a671,V<w07_s0>.h[7]=Y0[7]_goes_to_work[7]_lane7,phase3_memory_is_row_major_k3_then_k32_with_8_packed_GT_matrices;ntt32_loads_one_Q_per_k32
all_matrices_all_rows,M7=B1_q3,7,1,3,0,8,Y0,Y0=x0+x1+x2,Q<w08_s0>,7,Q<w08_s0>=[M0_Y0[8]|M1_Y0[8]|M2_Y0[8]|M3_Y0[8]|M4_Y0[8]|M5_Y0[8]|M6_Y0[8]|M7_Y0[8]],0,71,142,ldr Q<w08_s0> [row_base #16*8],128,V<w08_s0>.h[7],8,2,675,72,291,675,x0=B1[291]*twist[72]_from_a291|a675,547,40,163,547,x1=B1[163]*twist[40]_from_a163|a547,419,8,35,419,x2=B1[35]*twist[8]_from_a35|a419,V<w08_s0>.h[7]=Y0[8]_goes_to_work[8]_lane7,phase3_memory_is_row_major_k3_then_k32_with_8_packed_GT_matrices;ntt32_loads_one_Q_per_k32
all_matrices_all_rows,M7=B1_q3,7,1,3,0,9,Y0,Y0=x0+x1+x2,Q<w09_s0>,7,Q<w09_s0>=[M0_Y0[9]|M1_Y0[9]|M2_Y0[9]|M3_Y0[9]|M4_Y0[9]|M5_Y0[9]|M6_Y0[9]|M7_Y0[9]],0,79,158,ldr Q<w09_s0> [row_base #16*9],144,V<w09_s0>.h[7],9,18,423,9,39,423,x0=B1[39]*twist[9]_from_a39|a423,679,73,295,679,x1=B1[295]*twist[73]_from_a295|a679,551,41,167,551,x2=B1[167]*twist[41]_from_a167|a551,V<w09_s0>.h[7]=Y0[9]_goes_to_work[9]_lane7,phase3_memory_is_row_major_k3_then_k32_with_8_packed_GT_matrices;ntt32_loads_one_Q_per_k32
all_matrices_all_rows,M7=B1_q3,7,1,3,0,10,Y0,Y0=x0+x1+x2,Q<w10_s0>,7,Q<w10_s0>=[M0_Y0[10]|M1_Y0[10]|M2_Y0[10]|M3_Y0[10]|M4_Y0[10]|M5_Y0[10]|M6_Y0[10]|M7_Y0[10]],0,87,174,ldr Q<w10_s0> [row_base #16*10],160,V<w10_s0>.h[7],10,10,555,42,171,555,x0=B1[171]*twist[42]_from_a171|a555,427,10,43,427,x1=B1[43]*twist[10]_from_a43|a427,683,74,299,683,x2=B1[299]*twist[74]_from_a299|a683,V<w10_s0>.h[7]=Y0[10]_goes_to_work[10]_lane7,phase3_memory_is_row_major_k3_then_k32_with_8_packed_GT_matrices;ntt32_loads_one_Q_per_k32
all_matrices_all_rows,M7=B1_q3,7,1,3,0,11,Y0,Y0=x0+x1+x2,Q<w11_s0>,7,Q<w11_s0>=[M0_Y0[11]|M1_Y0[11]|M2_Y0[11]|M3_Y0[11]|M4_Y0[11]|M5_Y0[11]|M6_Y0[11]|M7_Y0[11]],0,95,190,ldr Q<w11_s0> [row_base #16*11],176,V<w11_s0>.h[7],11,26,687,75,303,687,x0=B1[303]*twist[75]_from_a303|a687,559,43,175,559,x1=B1[175]*twist[43]_from_a175|a559,431,11,47,431,x2=B1[47]*twist[11]_from_a47|a431,V<w11_s0>.h[7]=Y0[11]_goes_to_work[11]_lane7,phase3_memory_is_row_major_k3_then_k32_with_8_packed_GT_matrices;ntt32_loads_one_Q_per_k32
all_matrices_all_rows,M7=B1_q3,7,1,3,0,12,Y0,Y0=x0+x1+x2,Q<w12_s0>,7,Q<w12_s0>=[M0_Y0[12]|M1_Y0[12]|M2_Y0[12]|M3_Y0[12]|M4_Y0[12]|M5_Y0[12]|M6_Y0[12]|M7_Y0[12]],0,103,206,ldr Q<w12_s0> [row_base #16*12],192,V<w12_s0>.h[7],12,6,435,12,51,435,x0=B1[51]*twist[12]_from_a51|a435,691,76,307,691,x1=B1[307]*twist[76]_from_a307|a691,563,44,179,563,x2=B1[179]*twist[44]_from_a179|a563,V<w12_s0>.h[7]=Y0[12]_goes_to_work[12]_lane7,phase3_memory_is_row_major_k3_then_k32_with_8_packed_GT_matrices;ntt32_loads_one_Q_per_k32
all_matrices_all_rows,M7=B1_q3,7,1,3,0,13,Y0,Y0=x0+x1+x2,Q<w13_s0>,7,Q<w13_s0>=[M0_Y0[13]|M1_Y0[13]|M2_Y0[13]|M3_Y0[13]|M4_Y0[13]|M5_Y0[13]|M6_Y0[13]|M7_Y0[13]],0,111,222,ldr Q<w13_s0> [row_base #16*13],208,V<w13_s0>.h[7],13,22,567,45,183,567,x0=B1[183]*twist[45]_from_a183|a567,439,13,55,439,x1=B1[55]*twist[13]_from_a55|a439,695,77,311,695,x2=B1[311]*twist[77]_from_a311|a695,V<w13_s0>.h[7]=Y0[13]_goes_to_work[13]_lane7,phase3_memory_is_row_major_k3_then_k32_with_8_packed_GT_matrices;ntt32_loads_one_Q_per_k32
all_matrices_all_rows,M7=B1_q3,7,1,3,0,14,Y0,Y0=x0+x1+x2,Q<w14_s0>,7,Q<w14_s0>=[M0_Y0[14]|M1_Y0[14]|M2_Y0[14]|M3_Y0[14]|M4_Y0[14]|M5_Y0[14]|M6_Y0[14]|M7_Y0[14]],0,119,238,ldr Q<w14_s0> [row_base #16*14],224,V<w14_s0>.h[7],14,14,699,78,315,699,x0=B1[315]*twist[78]_from_a315|a699,571,46,187,571,x1=B1[187]*twist[46]_from_a187|a571,443,14,59,443,x2=B1[59]*twist[14]_from_a59|a443,V<w14_s0>.h[7]=Y0[14]_goes_to_work[14]_lane7,phase3_memory_is_row_major_k3_then_k32_with_8_packed_GT_matrices;ntt32_loads_one_Q_per_k32
all_matrices_all_rows,M7=B1_q3,7,1,3,0,15,Y0,Y0=x0+x1+x2,Q<w15_s0>,7,Q<w15_s0>=[M0_Y0[15]|M1_Y0[15]|M2_Y0[15]|M3_Y0[15]|M4_Y0[15]|M5_Y0[15]|M6_Y0[15]|M7_Y0[15]],0,127,254,ldr Q<w15_s0> [row_base #16*15],240,V<w15_s0>.h[7],15,30,447,15,63,447,x0=B1[63]*twist[15]_from_a63|a447,703,79,319,703,x1=B1[319]*twist[79]_from_a319|a703,575,47,191,575,x2=B1[191]*twist[47]_from_a191|a575,V<w15_s0>.h[7]=Y0[15]_goes_to_work[15]_lane7,phase3_memory_is_row_major_k3_then_k32_with_8_packed_GT_matrices;ntt32_loads_one_Q_per_k32
all_matrices_all_rows,M7=B1_q3,7,1,3,0,16,Y0,Y0=x0+x1+x2,Q<w16_s0>,7,Q<w16_s0>=[M0_Y0[16]|M1_Y0[16]|M2_Y0[16]|M3_Y0[16]|M4_Y0[16]|M5_Y0[16]|M6_Y0[16]|M7_Y0[16]],0,135,270,ldr Q<w16_s0> [row_base #16*16],256,V<w16_s0>.h[7],16,1,579,48,195,579,x0=B1[195]*twist[48]_from_a195|a579,451,16,67,451,x1=B1[67]*twist[16]_from_a67|a451,707,80,323,707,x2=B1[323]*twist[80]_from_a323|a707,V<w16_s0>.h[7]=Y0[16]_goes_to_work[16]_lane7,phase3_memory_is_row_major_k3_then_k32_with_8_packed_GT_matrices;ntt32_loads_one_Q_per_k32
all_matrices_all_rows,M7=B1_q3,7,1,3,0,17,Y0,Y0=x0+x1+x2,Q<w17_s0>,7,Q<w17_s0>=[M0_Y0[17]|M1_Y0[17]|M2_Y0[17]|M3_Y0[17]|M4_Y0[17]|M5_Y0[17]|M6_Y0[17]|M7_Y0[17]],0,143,286,ldr Q<w17_s0> [row_base #16*17],272,V<w17_s0>.h[7],17,17,711,81,327,711,x0=B1[327]*twist[81]_from_a327|a711,583,49,199,583,x1=B1[199]*twist[49]_from_a199|a583,455,17,71,455,x2=B1[71]*twist[17]_from_a71|a455,V<w17_s0>.h[7]=Y0[17]_goes_to_work[17]_lane7,phase3_memory_is_row_major_k3_then_k32_with_8_packed_GT_matrices;ntt32_loads_one_Q_per_k32
all_matrices_all_rows,M7=B1_q3,7,1,3,0,18,Y0,Y0=x0+x1+x2,Q<w18_s0>,7,Q<w18_s0>=[M0_Y0[18]|M1_Y0[18]|M2_Y0[18]|M3_Y0[18]|M4_Y0[18]|M5_Y0[18]|M6_Y0[18]|M7_Y0[18]],0,151,302,ldr Q<w18_s0> [row_base #16*18],288,V<w18_s0>.h[7],18,9,459,18,75,459,x0=B1[75]*twist[18]_from_a75|a459,715,82,331,715,x1=B1[331]*twist[82]_from_a331|a715,587,50,203,587,x2=B1[203]*twist[50]_from_a203|a587,V<w18_s0>.h[7]=Y0[18]_goes_to_work[18]_lane7,phase3_memory_is_row_major_k3_then_k32_with_8_packed_GT_matrices;ntt32_loads_one_Q_per_k32
all_matrices_all_rows,M7=B1_q3,7,1,3,0,19,Y0,Y0=x0+x1+x2,Q<w19_s0>,7,Q<w19_s0>=[M0_Y0[19]|M1_Y0[19]|M2_Y0[19]|M3_Y0[19]|M4_Y0[19]|M5_Y0[19]|M6_Y0[19]|M7_Y0[19]],0,159,318,ldr Q<w19_s0> [row_base #16*19],304,V<w19_s0>.h[7],19,25,591,51,207,591,x0=B1[207]*twist[51]_from_a207|a591,463,19,79,463,x1=B1[79]*twist[19]_from_a79|a463,719,83,335,719,x2=B1[335]*twist[83]_from_a335|a719,V<w19_s0>.h[7]=Y0[19]_goes_to_work[19]_lane7,phase3_memory_is_row_major_k3_then_k32_with_8_packed_GT_matrices;ntt32_loads_one_Q_per_k32
all_matrices_all_rows,M7=B1_q3,7,1,3,0,20,Y0,Y0=x0+x1+x2,Q<w20_s0>,7,Q<w20_s0>=[M0_Y0[20]|M1_Y0[20]|M2_Y0[20]|M3_Y0[20]|M4_Y0[20]|M5_Y0[20]|M6_Y0[20]|M7_Y0[20]],0,167,334,ldr Q<w20_s0> [row_base #16*20],320,V<w20_s0>.h[7],20,5,723,84,339,723,x0=B1[339]*twist[84]_from_a339|a723,595,52,211,595,x1=B1[211]*twist[52]_from_a211|a595,467,20,83,467,x2=B1[83]*twist[20]_from_a83|a467,V<w20_s0>.h[7]=Y0[20]_goes_to_work[20]_lane7,phase3_memory_is_row_major_k3_then_k32_with_8_packed_GT_matrices;ntt32_loads_one_Q_per_k32
all_matrices_all_rows,M7=B1_q3,7,1,3,0,21,Y0,Y0=x0+x1+x2,Q<w21_s0>,7,Q<w21_s0>=[M0_Y0[21]|M1_Y0[21]|M2_Y0[21]|M3_Y0[21]|M4_Y0[21]|M5_Y0[21]|M6_Y0[21]|M7_Y0[21]],0,175,350,ldr Q<w21_s0> [row_base #16*21],336,V<w21_s0>.h[7],21,21,471,21,87,471,x0=B1[87]*twist[21]_from_a87|a471,727,85,343,727,x1=B1[343]*twist[85]_from_a343|a727,599,53,215,599,x2=B1[215]*twist[53]_from_a215|a599,V<w21_s0>.h[7]=Y0[21]_goes_to_work[21]_lane7,phase3_memory_is_row_major_k3_then_k32_with_8_packed_GT_matrices;ntt32_loads_one_Q_per_k32
all_matrices_all_rows,M7=B1_q3,7,1,3,0,22,Y0,Y0=x0+x1+x2,Q<w22_s0>,7,Q<w22_s0>=[M0_Y0[22]|M1_Y0[22]|M2_Y0[22]|M3_Y0[22]|M4_Y0[22]|M5_Y0[22]|M6_Y0[22]|M7_Y0[22]],0,183,366,ldr Q<w22_s0> [row_base #16*22],352,V<w22_s0>.h[7],22,13,603,54,219,603,x0=B1[219]*twist[54]_from_a219|a603,475,22,91,475,x1=B1[91]*twist[22]_from_a91|a475,731,86,347,731,x2=B1[347]*twist[86]_from_a347|a731,V<w22_s0>.h[7]=Y0[22]_goes_to_work[22]_lane7,phase3_memory_is_row_major_k3_then_k32_with_8_packed_GT_matrices;ntt32_loads_one_Q_per_k32
all_matrices_all_rows,M7=B1_q3,7,1,3,0,23,Y0,Y0=x0+x1+x2,Q<w23_s0>,7,Q<w23_s0>=[M0_Y0[23]|M1_Y0[23]|M2_Y0[23]|M3_Y0[23]|M4_Y0[23]|M5_Y0[23]|M6_Y0[23]|M7_Y0[23]],0,191,382,ldr Q<w23_s0> [row_base #16*23],368,V<w23_s0>.h[7],23,29,735,87,351,735,x0=B1[351]*twist[87]_from_a351|a735,607,55,223,607,x1=B1[223]*twist[55]_from_a223|a607,479,23,95,479,x2=B1[95]*twist[23]_from_a95|a479,V<w23_s0>.h[7]=Y0[23]_goes_to_work[23]_lane7,phase3_memory_is_row_major_k3_then_k32_with_8_packed_GT_matrices;ntt32_loads_one_Q_per_k32
all_matrices_all_rows,M7=B1_q3,7,1,3,0,24,Y0,Y0=x0+x1+x2,Q<w24_s0>,7,Q<w24_s0>=[M0_Y0[24]|M1_Y0[24]|M2_Y0[24]|M3_Y0[24]|M4_Y0[24]|M5_Y0[24]|M6_Y0[24]|M7_Y0[24]],0,199,398,ldr Q<w24_s0> [row_base #16*24],384,V<w24_s0>.h[7],24,3,483,24,99,483,x0=B1[99]*twist[24]_from_a99|a483,739,88,355,739,x1=B1[355]*twist[88]_from_a355|a739,611,56,227,611,x2=B1[227]*twist[56]_from_a227|a611,V<w24_s0>.h[7]=Y0[24]_goes_to_work[24]_lane7,phase3_memory_is_row_major_k3_then_k32_with_8_packed_GT_matrices;ntt32_loads_one_Q_per_k32
all_matrices_all_rows,M7=B1_q3,7,1,3,0,25,Y0,Y0=x0+x1+x2,Q<w25_s0>,7,Q<w25_s0>=[M0_Y0[25]|M1_Y0[25]|M2_Y0[25]|M3_Y0[25]|M4_Y0[25]|M5_Y0[25]|M6_Y0[25]|M7_Y0[25]],0,207,414,ldr Q<w25_s0> [row_base #16*25],400,V<w25_s0>.h[7],25,19,615,57,231,615,x0=B1[231]*twist[57]_from_a231|a615,487,25,103,487,x1=B1[103]*twist[25]_from_a103|a487,743,89,359,743,x2=B1[359]*twist[89]_from_a359|a743,V<w25_s0>.h[7]=Y0[25]_goes_to_work[25]_lane7,phase3_memory_is_row_major_k3_then_k32_with_8_packed_GT_matrices;ntt32_loads_one_Q_per_k32
all_matrices_all_rows,M7=B1_q3,7,1,3,0,26,Y0,Y0=x0+x1+x2,Q<w26_s0>,7,Q<w26_s0>=[M0_Y0[26]|M1_Y0[26]|M2_Y0[26]|M3_Y0[26]|M4_Y0[26]|M5_Y0[26]|M6_Y0[26]|M7_Y0[26]],0,215,430,ldr Q<w26_s0> [row_base #16*26],416,V<w26_s0>.h[7],26,11,747,90,363,747,x0=B1[363]*twist[90]_from_a363|a747,619,58,235,619,x1=B1[235]*twist[58]_from_a235|a619,491,26,107,491,x2=B1[107]*twist[26]_from_a107|a491,V<w26_s0>.h[7]=Y0[26]_goes_to_work[26]_lane7,phase3_memory_is_row_major_k3_then_k32_with_8_packed_GT_matrices;ntt32_loads_one_Q_per_k32
all_matrices_all_rows,M7=B1_q3,7,1,3,0,27,Y0,Y0=x0+x1+x2,Q<w27_s0>,7,Q<w27_s0>=[M0_Y0[27]|M1_Y0[27]|M2_Y0[27]|M3_Y0[27]|M4_Y0[27]|M5_Y0[27]|M6_Y0[27]|M7_Y0[27]],0,223,446,ldr Q<w27_s0> [row_base #16*27],432,V<w27_s0>.h[7],27,27,495,27,111,495,x0=B1[111]*twist[27]_from_a111|a495,751,91,367,751,x1=B1[367]*twist[91]_from_a367|a751,623,59,239,623,x2=B1[239]*twist[59]_from_a239|a623,V<w27_s0>.h[7]=Y0[27]_goes_to_work[27]_lane7,phase3_memory_is_row_major_k3_then_k32_with_8_packed_GT_matrices;ntt32_loads_one_Q_per_k32
all_matrices_all_rows,M7=B1_q3,7,1,3,0,28,Y0,Y0=x0+x1+x2,Q<w28_s0>,7,Q<w28_s0>=[M0_Y0[28]|M1_Y0[28]|M2_Y0[28]|M3_Y0[28]|M4_Y0[28]|M5_Y0[28]|M6_Y0[28]|M7_Y0[28]],0,231,462,ldr Q<w28_s0> [row_base #16*28],448,V<w28_s0>.h[7],28,7,627,60,243,627,x0=B1[243]*twist[60]_from_a243|a627,499,28,115,499,x1=B1[115]*twist[28]_from_a115|a499,755,92,371,755,x2=B1[371]*twist[92]_from_a371|a755,V<w28_s0>.h[7]=Y0[28]_goes_to_work[28]_lane7,phase3_memory_is_row_major_k3_then_k32_with_8_packed_GT_matrices;ntt32_loads_one_Q_per_k32
all_matrices_all_rows,M7=B1_q3,7,1,3,0,29,Y0,Y0=x0+x1+x2,Q<w29_s0>,7,Q<w29_s0>=[M0_Y0[29]|M1_Y0[29]|M2_Y0[29]|M3_Y0[29]|M4_Y0[29]|M5_Y0[29]|M6_Y0[29]|M7_Y0[29]],0,239,478,ldr Q<w29_s0> [row_base #16*29],464,V<w29_s0>.h[7],29,23,759,93,375,759,x0=B1[375]*twist[93]_from_a375|a759,631,61,247,631,x1=B1[247]*twist[61]_from_a247|a631,503,29,119,503,x2=B1[119]*twist[29]_from_a119|a503,V<w29_s0>.h[7]=Y0[29]_goes_to_work[29]_lane7,phase3_memory_is_row_major_k3_then_k32_with_8_packed_GT_matrices;ntt32_loads_one_Q_per_k32
all_matrices_all_rows,M7=B1_q3,7,1,3,0,30,Y0,Y0=x0+x1+x2,Q<w30_s0>,7,Q<w30_s0>=[M0_Y0[30]|M1_Y0[30]|M2_Y0[30]|M3_Y0[30]|M4_Y0[30]|M5_Y0[30]|M6_Y0[30]|M7_Y0[30]],0,247,494,ldr Q<w30_s0> [row_base #16*30],480,V<w30_s0>.h[7],30,15,507,30,123,507,x0=B1[123]*twist[30]_from_a123|a507,763,94,379,763,x1=B1[379]*twist[94]_from_a379|a763,635,62,251,635,x2=B1[251]*twist[62]_from_a251|a635,V<w30_s0>.h[7]=Y0[30]_goes_to_work[30]_lane7,phase3_memory_is_row_major_k3_then_k32_with_8_packed_GT_matrices;ntt32_loads_one_Q_per_k32
all_matrices_all_rows,M7=B1_q3,7,1,3,0,31,Y0,Y0=x0+x1+x2,Q<w31_s0>,7,Q<w31_s0>=[M0_Y0[31]|M1_Y0[31]|M2_Y0[31]|M3_Y0[31]|M4_Y0[31]|M5_Y0[31]|M6_Y0[31]|M7_Y0[31]],0,255,510,ldr Q<w31_s0> [row_base #16*31],496,V<w31_s0>.h[7],31,31,639,63,255,639,x0=B1[255]*twist[63]_from_a255|a639,511,31,127,511,x1=B1[127]*twist[31]_from_a127|a511,767,95,383,767,x2=B1[383]*twist[95]_from_a383|a767,V<w31_s0>.h[7]=Y0[31]_goes_to_work[31]_lane7,phase3_memory_is_row_major_k3_then_k32_with_8_packed_GT_matrices;ntt32_loads_one_Q_per_k32
all_matrices_all_rows,M7=B1_q3,7,1,3,1,0,Y1,Y1=x0-x2+omega3*(x1-x2),Q<w00_s0>,7,Q<w00_s0>=[M0_Y1[0]|M1_Y1[0]|M2_Y1[0]|M3_Y1[0]|M4_Y1[0]|M5_Y1[0]|M6_Y1[0]|M7_Y1[0]],256,263,526,ldr Q<w00_s0> [row_base #16*0],0,V<w00_s0>.h[7],0,0,387,0,3,387,x0=B1[3]*twist[0]_from_a3|a387,643,64,259,643,x1=B1[259]*twist[64]_from_a259|a643,515,32,131,515,x2=B1[131]*twist[32]_from_a131|a515,V<w00_s0>.h[7]=Y1[0]_goes_to_work[0]_lane7,phase3_memory_is_row_major_k3_then_k32_with_8_packed_GT_matrices;ntt32_loads_one_Q_per_k32
all_matrices_all_rows,M7=B1_q3,7,1,3,1,1,Y1,Y1=x0-x2+omega3*(x1-x2),Q<w01_s0>,7,Q<w01_s0>=[M0_Y1[1]|M1_Y1[1]|M2_Y1[1]|M3_Y1[1]|M4_Y1[1]|M5_Y1[1]|M6_Y1[1]|M7_Y1[1]],256,271,542,ldr Q<w01_s0> [row_base #16*1],16,V<w01_s0>.h[7],1,16,519,33,135,519,x0=B1[135]*twist[33]_from_a135|a519,391,1,7,391,x1=B1[7]*twist[1]_from_a7|a391,647,65,263,647,x2=B1[263]*twist[65]_from_a263|a647,V<w01_s0>.h[7]=Y1[1]_goes_to_work[1]_lane7,phase3_memory_is_row_major_k3_then_k32_with_8_packed_GT_matrices;ntt32_loads_one_Q_per_k32
all_matrices_all_rows,M7=B1_q3,7,1,3,1,2,Y1,Y1=x0-x2+omega3*(x1-x2),Q<w02_s0>,7,Q<w02_s0>=[M0_Y1[2]|M1_Y1[2]|M2_Y1[2]|M3_Y1[2]|M4_Y1[2]|M5_Y1[2]|M6_Y1[2]|M7_Y1[2]],256,279,558,ldr Q<w02_s0> [row_base #16*2],32,V<w02_s0>.h[7],2,8,651,66,267,651,x0=B1[267]*twist[66]_from_a267|a651,523,34,139,523,x1=B1[139]*twist[34]_from_a139|a523,395,2,11,395,x2=B1[11]*twist[2]_from_a11|a395,V<w02_s0>.h[7]=Y1[2]_goes_to_work[2]_lane7,phase3_memory_is_row_major_k3_then_k32_with_8_packed_GT_matrices;ntt32_loads_one_Q_per_k32
all_matrices_all_rows,M7=B1_q3,7,1,3,1,3,Y1,Y1=x0-x2+omega3*(x1-x2),Q<w03_s0>,7,Q<w03_s0>=[M0_Y1[3]|M1_Y1[3]|M2_Y1[3]|M3_Y1[3]|M4_Y1[3]|M5_Y1[3]|M6_Y1[3]|M7_Y1[3]],256,287,574,ldr Q<w03_s0> [row_base #16*3],48,V<w03_s0>.h[7],3,24,399,3,15,399,x0=B1[15]*twist[3]_from_a15|a399,655,67,271,655,x1=B1[271]*twist[67]_from_a271|a655,527,35,143,527,x2=B1[143]*twist[35]_from_a143|a527,V<w03_s0>.h[7]=Y1[3]_goes_to_work[3]_lane7,phase3_memory_is_row_major_k3_then_k32_with_8_packed_GT_matrices;ntt32_loads_one_Q_per_k32
all_matrices_all_rows,M7=B1_q3,7,1,3,1,4,Y1,Y1=x0-x2+omega3*(x1-x2),Q<w04_s0>,7,Q<w04_s0>=[M0_Y1[4]|M1_Y1[4]|M2_Y1[4]|M3_Y1[4]|M4_Y1[4]|M5_Y1[4]|M6_Y1[4]|M7_Y1[4]],256,295,590,ldr Q<w04_s0> [row_base #16*4],64,V<w04_s0>.h[7],4,4,531,36,147,531,x0=B1[147]*twist[36]_from_a147|a531,403,4,19,403,x1=B1[19]*twist[4]_from_a19|a403,659,68,275,659,x2=B1[275]*twist[68]_from_a275|a659,V<w04_s0>.h[7]=Y1[4]_goes_to_work[4]_lane7,phase3_memory_is_row_major_k3_then_k32_with_8_packed_GT_matrices;ntt32_loads_one_Q_per_k32
all_matrices_all_rows,M7=B1_q3,7,1,3,1,5,Y1,Y1=x0-x2+omega3*(x1-x2),Q<w05_s0>,7,Q<w05_s0>=[M0_Y1[5]|M1_Y1[5]|M2_Y1[5]|M3_Y1[5]|M4_Y1[5]|M5_Y1[5]|M6_Y1[5]|M7_Y1[5]],256,303,606,ldr Q<w05_s0> [row_base #16*5],80,V<w05_s0>.h[7],5,20,663,69,279,663,x0=B1[279]*twist[69]_from_a279|a663,535,37,151,535,x1=B1[151]*twist[37]_from_a151|a535,407,5,23,407,x2=B1[23]*twist[5]_from_a23|a407,V<w05_s0>.h[7]=Y1[5]_goes_to_work[5]_lane7,phase3_memory_is_row_major_k3_then_k32_with_8_packed_GT_matrices;ntt32_loads_one_Q_per_k32
all_matrices_all_rows,M7=B1_q3,7,1,3,1,6,Y1,Y1=x0-x2+omega3*(x1-x2),Q<w06_s0>,7,Q<w06_s0>=[M0_Y1[6]|M1_Y1[6]|M2_Y1[6]|M3_Y1[6]|M4_Y1[6]|M5_Y1[6]|M6_Y1[6]|M7_Y1[6]],256,311,622,ldr Q<w06_s0> [row_base #16*6],96,V<w06_s0>.h[7],6,12,411,6,27,411,x0=B1[27]*twist[6]_from_a27|a411,667,70,283,667,x1=B1[283]*twist[70]_from_a283|a667,539,38,155,539,x2=B1[155]*twist[38]_from_a155|a539,V<w06_s0>.h[7]=Y1[6]_goes_to_work[6]_lane7,phase3_memory_is_row_major_k3_then_k32_with_8_packed_GT_matrices;ntt32_loads_one_Q_per_k32
all_matrices_all_rows,M7=B1_q3,7,1,3,1,7,Y1,Y1=x0-x2+omega3*(x1-x2),Q<w07_s0>,7,Q<w07_s0>=[M0_Y1[7]|M1_Y1[7]|M2_Y1[7]|M3_Y1[7]|M4_Y1[7]|M5_Y1[7]|M6_Y1[7]|M7_Y1[7]],256,319,638,ldr Q<w07_s0> [row_base #16*7],112,V<w07_s0>.h[7],7,28,543,39,159,543,x0=B1[159]*twist[39]_from_a159|a543,415,7,31,415,x1=B1[31]*twist[7]_from_a31|a415,671,71,287,671,x2=B1[287]*twist[71]_from_a287|a671,V<w07_s0>.h[7]=Y1[7]_goes_to_work[7]_lane7,phase3_memory_is_row_major_k3_then_k32_with_8_packed_GT_matrices;ntt32_loads_one_Q_per_k32
all_matrices_all_rows,M7=B1_q3,7,1,3,1,8,Y1,Y1=x0-x2+omega3*(x1-x2),Q<w08_s0>,7,Q<w08_s0>=[M0_Y1[8]|M1_Y1[8]|M2_Y1[8]|M3_Y1[8]|M4_Y1[8]|M5_Y1[8]|M6_Y1[8]|M7_Y1[8]],256,327,654,ldr Q<w08_s0> [row_base #16*8],128,V<w08_s0>.h[7],8,2,675,72,291,675,x0=B1[291]*twist[72]_from_a291|a675,547,40,163,547,x1=B1[163]*twist[40]_from_a163|a547,419,8,35,419,x2=B1[35]*twist[8]_from_a35|a419,V<w08_s0>.h[7]=Y1[8]_goes_to_work[8]_lane7,phase3_memory_is_row_major_k3_then_k32_with_8_packed_GT_matrices;ntt32_loads_one_Q_per_k32
all_matrices_all_rows,M7=B1_q3,7,1,3,1,9,Y1,Y1=x0-x2+omega3*(x1-x2),Q<w09_s0>,7,Q<w09_s0>=[M0_Y1[9]|M1_Y1[9]|M2_Y1[9]|M3_Y1[9]|M4_Y1[9]|M5_Y1[9]|M6_Y1[9]|M7_Y1[9]],256,335,670,ldr Q<w09_s0> [row_base #16*9],144,V<w09_s0>.h[7],9,18,423,9,39,423,x0=B1[39]*twist[9]_from_a39|a423,679,73,295,679,x1=B1[295]*twist[73]_from_a295|a679,551,41,167,551,x2=B1[167]*twist[41]_from_a167|a551,V<w09_s0>.h[7]=Y1[9]_goes_to_work[9]_lane7,phase3_memory_is_row_major_k3_then_k32_with_8_packed_GT_matrices;ntt32_loads_one_Q_per_k32
all_matrices_all_rows,M7=B1_q3,7,1,3,1,10,Y1,Y1=x0-x2+omega3*(x1-x2),Q<w10_s0>,7,Q<w10_s0>=[M0_Y1[10]|M1_Y1[10]|M2_Y1[10]|M3_Y1[10]|M4_Y1[10]|M5_Y1[10]|M6_Y1[10]|M7_Y1[10]],256,343,686,ldr Q<w10_s0> [row_base #16*10],160,V<w10_s0>.h[7],10,10,555,42,171,555,x0=B1[171]*twist[42]_from_a171|a555,427,10,43,427,x1=B1[43]*twist[10]_from_a43|a427,683,74,299,683,x2=B1[299]*twist[74]_from_a299|a683,V<w10_s0>.h[7]=Y1[10]_goes_to_work[10]_lane7,phase3_memory_is_row_major_k3_then_k32_with_8_packed_GT_matrices;ntt32_loads_one_Q_per_k32
all_matrices_all_rows,M7=B1_q3,7,1,3,1,11,Y1,Y1=x0-x2+omega3*(x1-x2),Q<w11_s0>,7,Q<w11_s0>=[M0_Y1[11]|M1_Y1[11]|M2_Y1[11]|M3_Y1[11]|M4_Y1[11]|M5_Y1[11]|M6_Y1[11]|M7_Y1[11]],256,351,702,ldr Q<w11_s0> [row_base #16*11],176,V<w11_s0>.h[7],11,26,687,75,303,687,x0=B1[303]*twist[75]_from_a303|a687,559,43,175,559,x1=B1[175]*twist[43]_from_a175|a559,431,11,47,431,x2=B1[47]*twist[11]_from_a47|a431,V<w11_s0>.h[7]=Y1[11]_goes_to_work[11]_lane7,phase3_memory_is_row_major_k3_then_k32_with_8_packed_GT_matrices;ntt32_loads_one_Q_per_k32
all_matrices_all_rows,M7=B1_q3,7,1,3,1,12,Y1,Y1=x0-x2+omega3*(x1-x2),Q<w12_s0>,7,Q<w12_s0>=[M0_Y1[12]|M1_Y1[12]|M2_Y1[12]|M3_Y1[12]|M4_Y1[12]|M5_Y1[12]|M6_Y1[12]|M7_Y1[12]],256,359,718,ldr Q<w12_s0> [row_base #16*12],192,V<w12_s0>.h[7],12,6,435,12,51,435,x0=B1[51]*twist[12]_from_a51|a435,691,76,307,691,x1=B1[307]*twist[76]_from_a307|a691,563,44,179,563,x2=B1[179]*twist[44]_from_a179|a563,V<w12_s0>.h[7]=Y1[12]_goes_to_work[12]_lane7,phase3_memory_is_row_major_k3_then_k32_with_8_packed_GT_matrices;ntt32_loads_one_Q_per_k32
all_matrices_all_rows,M7=B1_q3,7,1,3,1,13,Y1,Y1=x0-x2+omega3*(x1-x2),Q<w13_s0>,7,Q<w13_s0>=[M0_Y1[13]|M1_Y1[13]|M2_Y1[13]|M3_Y1[13]|M4_Y1[13]|M5_Y1[13]|M6_Y1[13]|M7_Y1[13]],256,367,734,ldr Q<w13_s0> [row_base #16*13],208,V<w13_s0>.h[7],13,22,567,45,183,567,x0=B1[183]*twist[45]_from_a183|a567,439,13,55,439,x1=B1[55]*twist[13]_from_a55|a439,695,77,311,695,x2=B1[311]*twist[77]_from_a311|a695,V<w13_s0>.h[7]=Y1[13]_goes_to_work[13]_lane7,phase3_memory_is_row_major_k3_then_k32_with_8_packed_GT_matrices;ntt32_loads_one_Q_per_k32
all_matrices_all_rows,M7=B1_q3,7,1,3,1,14,Y1,Y1=x0-x2+omega3*(x1-x2),Q<w14_s0>,7,Q<w14_s0>=[M0_Y1[14]|M1_Y1[14]|M2_Y1[14]|M3_Y1[14]|M4_Y1[14]|M5_Y1[14]|M6_Y1[14]|M7_Y1[14]],256,375,750,ldr Q<w14_s0> [row_base #16*14],224,V<w14_s0>.h[7],14,14,699,78,315,699,x0=B1[315]*twist[78]_from_a315|a699,571,46,187,571,x1=B1[187]*twist[46]_from_a187|a571,443,14,59,443,x2=B1[59]*twist[14]_from_a59|a443,V<w14_s0>.h[7]=Y1[14]_goes_to_work[14]_lane7,phase3_memory_is_row_major_k3_then_k32_with_8_packed_GT_matrices;ntt32_loads_one_Q_per_k32
all_matrices_all_rows,M7=B1_q3,7,1,3,1,15,Y1,Y1=x0-x2+omega3*(x1-x2),Q<w15_s0>,7,Q<w15_s0>=[M0_Y1[15]|M1_Y1[15]|M2_Y1[15]|M3_Y1[15]|M4_Y1[15]|M5_Y1[15]|M6_Y1[15]|M7_Y1[15]],256,383,766,ldr Q<w15_s0> [row_base #16*15],240,V<w15_s0>.h[7],15,30,447,15,63,447,x0=B1[63]*twist[15]_from_a63|a447,703,79,319,703,x1=B1[319]*twist[79]_from_a319|a703,575,47,191,575,x2=B1[191]*twist[47]_from_a191|a575,V<w15_s0>.h[7]=Y1[15]_goes_to_work[15]_lane7,phase3_memory_is_row_major_k3_then_k32_with_8_packed_GT_matrices;ntt32_loads_one_Q_per_k32
all_matrices_all_rows,M7=B1_q3,7,1,3,1,16,Y1,Y1=x0-x2+omega3*(x1-x2),Q<w16_s0>,7,Q<w16_s0>=[M0_Y1[16]|M1_Y1[16]|M2_Y1[16]|M3_Y1[16]|M4_Y1[16]|M5_Y1[16]|M6_Y1[16]|M7_Y1[16]],256,391,782,ldr Q<w16_s0> [row_base #16*16],256,V<w16_s0>.h[7],16,1,579,48,195,579,x0=B1[195]*twist[48]_from_a195|a579,451,16,67,451,x1=B1[67]*twist[16]_from_a67|a451,707,80,323,707,x2=B1[323]*twist[80]_from_a323|a707,V<w16_s0>.h[7]=Y1[16]_goes_to_work[16]_lane7,phase3_memory_is_row_major_k3_then_k32_with_8_packed_GT_matrices;ntt32_loads_one_Q_per_k32
all_matrices_all_rows,M7=B1_q3,7,1,3,1,17,Y1,Y1=x0-x2+omega3*(x1-x2),Q<w17_s0>,7,Q<w17_s0>=[M0_Y1[17]|M1_Y1[17]|M2_Y1[17]|M3_Y1[17]|M4_Y1[17]|M5_Y1[17]|M6_Y1[17]|M7_Y1[17]],256,399,798,ldr Q<w17_s0> [row_base #16*17],272,V<w17_s0>.h[7],17,17,711,81,327,711,x0=B1[327]*twist[81]_from_a327|a711,583,49,199,583,x1=B1[199]*twist[49]_from_a199|a583,455,17,71,455,x2=B1[71]*twist[17]_from_a71|a455,V<w17_s0>.h[7]=Y1[17]_goes_to_work[17]_lane7,phase3_memory_is_row_major_k3_then_k32_with_8_packed_GT_matrices;ntt32_loads_one_Q_per_k32
all_matrices_all_rows,M7=B1_q3,7,1,3,1,18,Y1,Y1=x0-x2+omega3*(x1-x2),Q<w18_s0>,7,Q<w18_s0>=[M0_Y1[18]|M1_Y1[18]|M2_Y1[18]|M3_Y1[18]|M4_Y1[18]|M5_Y1[18]|M6_Y1[18]|M7_Y1[18]],256,407,814,ldr Q<w18_s0> [row_base #16*18],288,V<w18_s0>.h[7],18,9,459,18,75,459,x0=B1[75]*twist[18]_from_a75|a459,715,82,331,715,x1=B1[331]*twist[82]_from_a331|a715,587,50,203,587,x2=B1[203]*twist[50]_from_a203|a587,V<w18_s0>.h[7]=Y1[18]_goes_to_work[18]_lane7,phase3_memory_is_row_major_k3_then_k32_with_8_packed_GT_matrices;ntt32_loads_one_Q_per_k32
all_matrices_all_rows,M7=B1_q3,7,1,3,1,19,Y1,Y1=x0-x2+omega3*(x1-x2),Q<w19_s0>,7,Q<w19_s0>=[M0_Y1[19]|M1_Y1[19]|M2_Y1[19]|M3_Y1[19]|M4_Y1[19]|M5_Y1[19]|M6_Y1[19]|M7_Y1[19]],256,415,830,ldr Q<w19_s0> [row_base #16*19],304,V<w19_s0>.h[7],19,25,591,51,207,591,x0=B1[207]*twist[51]_from_a207|a591,463,19,79,463,x1=B1[79]*twist[19]_from_a79|a463,719,83,335,719,x2=B1[335]*twist[83]_from_a335|a719,V<w19_s0>.h[7]=Y1[19]_goes_to_work[19]_lane7,phase3_memory_is_row_major_k3_then_k32_with_8_packed_GT_matrices;ntt32_loads_one_Q_per_k32
all_matrices_all_rows,M7=B1_q3,7,1,3,1,20,Y1,Y1=x0-x2+omega3*(x1-x2),Q<w20_s0>,7,Q<w20_s0>=[M0_Y1[20]|M1_Y1[20]|M2_Y1[20]|M3_Y1[20]|M4_Y1[20]|M5_Y1[20]|M6_Y1[20]|M7_Y1[20]],256,423,846,ldr Q<w20_s0> [row_base #16*20],320,V<w20_s0>.h[7],20,5,723,84,339,723,x0=B1[339]*twist[84]_from_a339|a723,595,52,211,595,x1=B1[211]*twist[52]_from_a211|a595,467,20,83,467,x2=B1[83]*twist[20]_from_a83|a467,V<w20_s0>.h[7]=Y1[20]_goes_to_work[20]_lane7,phase3_memory_is_row_major_k3_then_k32_with_8_packed_GT_matrices;ntt32_loads_one_Q_per_k32
all_matrices_all_rows,M7=B1_q3,7,1,3,1,21,Y1,Y1=x0-x2+omega3*(x1-x2),Q<w21_s0>,7,Q<w21_s0>=[M0_Y1[21]|M1_Y1[21]|M2_Y1[21]|M3_Y1[21]|M4_Y1[21]|M5_Y1[21]|M6_Y1[21]|M7_Y1[21]],256,431,862,ldr Q<w21_s0> [row_base #16*21],336,V<w21_s0>.h[7],21,21,471,21,87,471,x0=B1[87]*twist[21]_from_a87|a471,727,85,343,727,x1=B1[343]*twist[85]_from_a343|a727,599,53,215,599,x2=B1[215]*twist[53]_from_a215|a599,V<w21_s0>.h[7]=Y1[21]_goes_to_work[21]_lane7,phase3_memory_is_row_major_k3_then_k32_with_8_packed_GT_matrices;ntt32_loads_one_Q_per_k32
all_matrices_all_rows,M7=B1_q3,7,1,3,1,22,Y1,Y1=x0-x2+omega3*(x1-x2),Q<w22_s0>,7,Q<w22_s0>=[M0_Y1[22]|M1_Y1[22]|M2_Y1[22]|M3_Y1[22]|M4_Y1[22]|M5_Y1[22]|M6_Y1[22]|M7_Y1[22]],256,439,878,ldr Q<w22_s0> [row_base #16*22],352,V<w22_s0>.h[7],22,13,603,54,219,603,x0=B1[219]*twist[54]_from_a219|a603,475,22,91,475,x1=B1[91]*twist[22]_from_a91|a475,731,86,347,731,x2=B1[347]*twist[86]_from_a347|a731,V<w22_s0>.h[7]=Y1[22]_goes_to_work[22]_lane7,phase3_memory_is_row_major_k3_then_k32_with_8_packed_GT_matrices;ntt32_loads_one_Q_per_k32
all_matrices_all_rows,M7=B1_q3,7,1,3,1,23,Y1,Y1=x0-x2+omega3*(x1-x2),Q<w23_s0>,7,Q<w23_s0>=[M0_Y1[23]|M1_Y1[23]|M2_Y1[23]|M3_Y1[23]|M4_Y1[23]|M5_Y1[23]|M6_Y1[23]|M7_Y1[23]],256,447,894,ldr Q<w23_s0> [row_base #16*23],368,V<w23_s0>.h[7],23,29,735,87,351,735,x0=B1[351]*twist[87]_from_a351|a735,607,55,223,607,x1=B1[223]*twist[55]_from_a223|a607,479,23,95,479,x2=B1[95]*twist[23]_from_a95|a479,V<w23_s0>.h[7]=Y1[23]_goes_to_work[23]_lane7,phase3_memory_is_row_major_k3_then_k32_with_8_packed_GT_matrices;ntt32_loads_one_Q_per_k32
all_matrices_all_rows,M7=B1_q3,7,1,3,1,24,Y1,Y1=x0-x2+omega3*(x1-x2),Q<w24_s0>,7,Q<w24_s0>=[M0_Y1[24]|M1_Y1[24]|M2_Y1[24]|M3_Y1[24]|M4_Y1[24]|M5_Y1[24]|M6_Y1[24]|M7_Y1[24]],256,455,910,ldr Q<w24_s0> [row_base #16*24],384,V<w24_s0>.h[7],24,3,483,24,99,483,x0=B1[99]*twist[24]_from_a99|a483,739,88,355,739,x1=B1[355]*twist[88]_from_a355|a739,611,56,227,611,x2=B1[227]*twist[56]_from_a227|a611,V<w24_s0>.h[7]=Y1[24]_goes_to_work[24]_lane7,phase3_memory_is_row_major_k3_then_k32_with_8_packed_GT_matrices;ntt32_loads_one_Q_per_k32
all_matrices_all_rows,M7=B1_q3,7,1,3,1,25,Y1,Y1=x0-x2+omega3*(x1-x2),Q<w25_s0>,7,Q<w25_s0>=[M0_Y1[25]|M1_Y1[25]|M2_Y1[25]|M3_Y1[25]|M4_Y1[25]|M5_Y1[25]|M6_Y1[25]|M7_Y1[25]],256,463,926,ldr Q<w25_s0> [row_base #16*25],400,V<w25_s0>.h[7],25,19,615,57,231,615,x0=B1[231]*twist[57]_from_a231|a615,487,25,103,487,x1=B1[103]*twist[25]_from_a103|a487,743,89,359,743,x2=B1[359]*twist[89]_from_a359|a743,V<w25_s0>.h[7]=Y1[25]_goes_to_work[25]_lane7,phase3_memory_is_row_major_k3_then_k32_with_8_packed_GT_matrices;ntt32_loads_one_Q_per_k32
all_matrices_all_rows,M7=B1_q3,7,1,3,1,26,Y1,Y1=x0-x2+omega3*(x1-x2),Q<w26_s0>,7,Q<w26_s0>=[M0_Y1[26]|M1_Y1[26]|M2_Y1[26]|M3_Y1[26]|M4_Y1[26]|M5_Y1[26]|M6_Y1[26]|M7_Y1[26]],256,471,942,ldr Q<w26_s0> [row_base #16*26],416,V<w26_s0>.h[7],26,11,747,90,363,747,x0=B1[363]*twist[90]_from_a363|a747,619,58,235,619,x1=B1[235]*twist[58]_from_a235|a619,491,26,107,491,x2=B1[107]*twist[26]_from_a107|a491,V<w26_s0>.h[7]=Y1[26]_goes_to_work[26]_lane7,phase3_memory_is_row_major_k3_then_k32_with_8_packed_GT_matrices;ntt32_loads_one_Q_per_k32
all_matrices_all_rows,M7=B1_q3,7,1,3,1,27,Y1,Y1=x0-x2+omega3*(x1-x2),Q<w27_s0>,7,Q<w27_s0>=[M0_Y1[27]|M1_Y1[27]|M2_Y1[27]|M3_Y1[27]|M4_Y1[27]|M5_Y1[27]|M6_Y1[27]|M7_Y1[27]],256,479,958,ldr Q<w27_s0> [row_base #16*27],432,V<w27_s0>.h[7],27,27,495,27,111,495,x0=B1[111]*twist[27]_from_a111|a495,751,91,367,751,x1=B1[367]*twist[91]_from_a367|a751,623,59,239,623,x2=B1[239]*twist[59]_from_a239|a623,V<w27_s0>.h[7]=Y1[27]_goes_to_work[27]_lane7,phase3_memory_is_row_major_k3_then_k32_with_8_packed_GT_matrices;ntt32_loads_one_Q_per_k32
all_matrices_all_rows,M7=B1_q3,7,1,3,1,28,Y1,Y1=x0-x2+omega3*(x1-x2),Q<w28_s0>,7,Q<w28_s0>=[M0_Y1[28]|M1_Y1[28]|M2_Y1[28]|M3_Y1[28]|M4_Y1[28]|M5_Y1[28]|M6_Y1[28]|M7_Y1[28]],256,487,974,ldr Q<w28_s0> [row_base #16*28],448,V<w28_s0>.h[7],28,7,627,60,243,627,x0=B1[243]*twist[60]_from_a243|a627,499,28,115,499,x1=B1[115]*twist[28]_from_a115|a499,755,92,371,755,x2=B1[371]*twist[92]_from_a371|a755,V<w28_s0>.h[7]=Y1[28]_goes_to_work[28]_lane7,phase3_memory_is_row_major_k3_then_k32_with_8_packed_GT_matrices;ntt32_loads_one_Q_per_k32
all_matrices_all_rows,M7=B1_q3,7,1,3,1,29,Y1,Y1=x0-x2+omega3*(x1-x2),Q<w29_s0>,7,Q<w29_s0>=[M0_Y1[29]|M1_Y1[29]|M2_Y1[29]|M3_Y1[29]|M4_Y1[29]|M5_Y1[29]|M6_Y1[29]|M7_Y1[29]],256,495,990,ldr Q<w29_s0> [row_base #16*29],464,V<w29_s0>.h[7],29,23,759,93,375,759,x0=B1[375]*twist[93]_from_a375|a759,631,61,247,631,x1=B1[247]*twist[61]_from_a247|a631,503,29,119,503,x2=B1[119]*twist[29]_from_a119|a503,V<w29_s0>.h[7]=Y1[29]_goes_to_work[29]_lane7,phase3_memory_is_row_major_k3_then_k32_with_8_packed_GT_matrices;ntt32_loads_one_Q_per_k32
all_matrices_all_rows,M7=B1_q3,7,1,3,1,30,Y1,Y1=x0-x2+omega3*(x1-x2),Q<w30_s0>,7,Q<w30_s0>=[M0_Y1[30]|M1_Y1[30]|M2_Y1[30]|M3_Y1[30]|M4_Y1[30]|M5_Y1[30]|M6_Y1[30]|M7_Y1[30]],256,503,1006,ldr Q<w30_s0> [row_base #16*30],480,V<w30_s0>.h[7],30,15,507,30,123,507,x0=B1[123]*twist[30]_from_a123|a507,763,94,379,763,x1=B1[379]*twist[94]_from_a379|a763,635,62,251,635,x2=B1[251]*twist[62]_from_a251|a635,V<w30_s0>.h[7]=Y1[30]_goes_to_work[30]_lane7,phase3_memory_is_row_major_k3_then_k32_with_8_packed_GT_matrices;ntt32_loads_one_Q_per_k32
all_matrices_all_rows,M7=B1_q3,7,1,3,1,31,Y1,Y1=x0-x2+omega3*(x1-x2),Q<w31_s0>,7,Q<w31_s0>=[M0_Y1[31]|M1_Y1[31]|M2_Y1[31]|M3_Y1[31]|M4_Y1[31]|M5_Y1[31]|M6_Y1[31]|M7_Y1[31]],256,511,1022,ldr Q<w31_s0> [row_base #16*31],496,V<w31_s0>.h[7],31,31,639,63,255,639,x0=B1[255]*twist[63]_from_a255|a639,511,31,127,511,x1=B1[127]*twist[31]_from_a127|a511,767,95,383,767,x2=B1[383]*twist[95]_from_a383|a767,V<w31_s0>.h[7]=Y1[31]_goes_to_work[31]_lane7,phase3_memory_is_row_major_k3_then_k32_with_8_packed_GT_matrices;ntt32_loads_one_Q_per_k32
all_matrices_all_rows,M7=B1_q3,7,1,3,2,0,Y2,Y2=x0-x1-omega3*(x1-x2),Q<w00_s0>,7,Q<w00_s0>=[M0_Y2[0]|M1_Y2[0]|M2_Y2[0]|M3_Y2[0]|M4_Y2[0]|M5_Y2[0]|M6_Y2[0]|M7_Y2[0]],512,519,1038,ldr Q<w00_s0> [row_base #16*0],0,V<w00_s0>.h[7],0,0,387,0,3,387,x0=B1[3]*twist[0]_from_a3|a387,643,64,259,643,x1=B1[259]*twist[64]_from_a259|a643,515,32,131,515,x2=B1[131]*twist[32]_from_a131|a515,V<w00_s0>.h[7]=Y2[0]_goes_to_work[0]_lane7,phase3_memory_is_row_major_k3_then_k32_with_8_packed_GT_matrices;ntt32_loads_one_Q_per_k32
all_matrices_all_rows,M7=B1_q3,7,1,3,2,1,Y2,Y2=x0-x1-omega3*(x1-x2),Q<w01_s0>,7,Q<w01_s0>=[M0_Y2[1]|M1_Y2[1]|M2_Y2[1]|M3_Y2[1]|M4_Y2[1]|M5_Y2[1]|M6_Y2[1]|M7_Y2[1]],512,527,1054,ldr Q<w01_s0> [row_base #16*1],16,V<w01_s0>.h[7],1,16,519,33,135,519,x0=B1[135]*twist[33]_from_a135|a519,391,1,7,391,x1=B1[7]*twist[1]_from_a7|a391,647,65,263,647,x2=B1[263]*twist[65]_from_a263|a647,V<w01_s0>.h[7]=Y2[1]_goes_to_work[1]_lane7,phase3_memory_is_row_major_k3_then_k32_with_8_packed_GT_matrices;ntt32_loads_one_Q_per_k32
all_matrices_all_rows,M7=B1_q3,7,1,3,2,2,Y2,Y2=x0-x1-omega3*(x1-x2),Q<w02_s0>,7,Q<w02_s0>=[M0_Y2[2]|M1_Y2[2]|M2_Y2[2]|M3_Y2[2]|M4_Y2[2]|M5_Y2[2]|M6_Y2[2]|M7_Y2[2]],512,535,1070,ldr Q<w02_s0> [row_base #16*2],32,V<w02_s0>.h[7],2,8,651,66,267,651,x0=B1[267]*twist[66]_from_a267|a651,523,34,139,523,x1=B1[139]*twist[34]_from_a139|a523,395,2,11,395,x2=B1[11]*twist[2]_from_a11|a395,V<w02_s0>.h[7]=Y2[2]_goes_to_work[2]_lane7,phase3_memory_is_row_major_k3_then_k32_with_8_packed_GT_matrices;ntt32_loads_one_Q_per_k32
all_matrices_all_rows,M7=B1_q3,7,1,3,2,3,Y2,Y2=x0-x1-omega3*(x1-x2),Q<w03_s0>,7,Q<w03_s0>=[M0_Y2[3]|M1_Y2[3]|M2_Y2[3]|M3_Y2[3]|M4_Y2[3]|M5_Y2[3]|M6_Y2[3]|M7_Y2[3]],512,543,1086,ldr Q<w03_s0> [row_base #16*3],48,V<w03_s0>.h[7],3,24,399,3,15,399,x0=B1[15]*twist[3]_from_a15|a399,655,67,271,655,x1=B1[271]*twist[67]_from_a271|a655,527,35,143,527,x2=B1[143]*twist[35]_from_a143|a527,V<w03_s0>.h[7]=Y2[3]_goes_to_work[3]_lane7,phase3_memory_is_row_major_k3_then_k32_with_8_packed_GT_matrices;ntt32_loads_one_Q_per_k32
all_matrices_all_rows,M7=B1_q3,7,1,3,2,4,Y2,Y2=x0-x1-omega3*(x1-x2),Q<w04_s0>,7,Q<w04_s0>=[M0_Y2[4]|M1_Y2[4]|M2_Y2[4]|M3_Y2[4]|M4_Y2[4]|M5_Y2[4]|M6_Y2[4]|M7_Y2[4]],512,551,1102,ldr Q<w04_s0> [row_base #16*4],64,V<w04_s0>.h[7],4,4,531,36,147,531,x0=B1[147]*twist[36]_from_a147|a531,403,4,19,403,x1=B1[19]*twist[4]_from_a19|a403,659,68,275,659,x2=B1[275]*twist[68]_from_a275|a659,V<w04_s0>.h[7]=Y2[4]_goes_to_work[4]_lane7,phase3_memory_is_row_major_k3_then_k32_with_8_packed_GT_matrices;ntt32_loads_one_Q_per_k32
all_matrices_all_rows,M7=B1_q3,7,1,3,2,5,Y2,Y2=x0-x1-omega3*(x1-x2),Q<w05_s0>,7,Q<w05_s0>=[M0_Y2[5]|M1_Y2[5]|M2_Y2[5]|M3_Y2[5]|M4_Y2[5]|M5_Y2[5]|M6_Y2[5]|M7_Y2[5]],512,559,1118,ldr Q<w05_s0> [row_base #16*5],80,V<w05_s0>.h[7],5,20,663,69,279,663,x0=B1[279]*twist[69]_from_a279|a663,535,37,151,535,x1=B1[151]*twist[37]_from_a151|a535,407,5,23,407,x2=B1[23]*twist[5]_from_a23|a407,V<w05_s0>.h[7]=Y2[5]_goes_to_work[5]_lane7,phase3_memory_is_row_major_k3_then_k32_with_8_packed_GT_matrices;ntt32_loads_one_Q_per_k32
all_matrices_all_rows,M7=B1_q3,7,1,3,2,6,Y2,Y2=x0-x1-omega3*(x1-x2),Q<w06_s0>,7,Q<w06_s0>=[M0_Y2[6]|M1_Y2[6]|M2_Y2[6]|M3_Y2[6]|M4_Y2[6]|M5_Y2[6]|M6_Y2[6]|M7_Y2[6]],512,567,1134,ldr Q<w06_s0> [row_base #16*6],96,V<w06_s0>.h[7],6,12,411,6,27,411,x0=B1[27]*twist[6]_from_a27|a411,667,70,283,667,x1=B1[283]*twist[70]_from_a283|a667,539,38,155,539,x2=B1[155]*twist[38]_from_a155|a539,V<w06_s0>.h[7]=Y2[6]_goes_to_work[6]_lane7,phase3_memory_is_row_major_k3_then_k32_with_8_packed_GT_matrices;ntt32_loads_one_Q_per_k32
all_matrices_all_rows,M7=B1_q3,7,1,3,2,7,Y2,Y2=x0-x1-omega3*(x1-x2),Q<w07_s0>,7,Q<w07_s0>=[M0_Y2[7]|M1_Y2[7]|M2_Y2[7]|M3_Y2[7]|M4_Y2[7]|M5_Y2[7]|M6_Y2[7]|M7_Y2[7]],512,575,1150,ldr Q<w07_s0> [row_base #16*7],112,V<w07_s0>.h[7],7,28,543,39,159,543,x0=B1[159]*twist[39]_from_a159|a543,415,7,31,415,x1=B1[31]*twist[7]_from_a31|a415,671,71,287,671,x2=B1[287]*twist[71]_from_a287|a671,V<w07_s0>.h[7]=Y2[7]_goes_to_work[7]_lane7,phase3_memory_is_row_major_k3_then_k32_with_8_packed_GT_matrices;ntt32_loads_one_Q_per_k32
all_matrices_all_rows,M7=B1_q3,7,1,3,2,8,Y2,Y2=x0-x1-omega3*(x1-x2),Q<w08_s0>,7,Q<w08_s0>=[M0_Y2[8]|M1_Y2[8]|M2_Y2[8]|M3_Y2[8]|M4_Y2[8]|M5_Y2[8]|M6_Y2[8]|M7_Y2[8]],512,583,1166,ldr Q<w08_s0> [row_base #16*8],128,V<w08_s0>.h[7],8,2,675,72,291,675,x0=B1[291]*twist[72]_from_a291|a675,547,40,163,547,x1=B1[163]*twist[40]_from_a163|a547,419,8,35,419,x2=B1[35]*twist[8]_from_a35|a419,V<w08_s0>.h[7]=Y2[8]_goes_to_work[8]_lane7,phase3_memory_is_row_major_k3_then_k32_with_8_packed_GT_matrices;ntt32_loads_one_Q_per_k32
all_matrices_all_rows,M7=B1_q3,7,1,3,2,9,Y2,Y2=x0-x1-omega3*(x1-x2),Q<w09_s0>,7,Q<w09_s0>=[M0_Y2[9]|M1_Y2[9]|M2_Y2[9]|M3_Y2[9]|M4_Y2[9]|M5_Y2[9]|M6_Y2[9]|M7_Y2[9]],512,591,1182,ldr Q<w09_s0> [row_base #16*9],144,V<w09_s0>.h[7],9,18,423,9,39,423,x0=B1[39]*twist[9]_from_a39|a423,679,73,295,679,x1=B1[295]*twist[73]_from_a295|a679,551,41,167,551,x2=B1[167]*twist[41]_from_a167|a551,V<w09_s0>.h[7]=Y2[9]_goes_to_work[9]_lane7,phase3_memory_is_row_major_k3_then_k32_with_8_packed_GT_matrices;ntt32_loads_one_Q_per_k32
all_matrices_all_rows,M7=B1_q3,7,1,3,2,10,Y2,Y2=x0-x1-omega3*(x1-x2),Q<w10_s0>,7,Q<w10_s0>=[M0_Y2[10]|M1_Y2[10]|M2_Y2[10]|M3_Y2[10]|M4_Y2[10]|M5_Y2[10]|M6_Y2[10]|M7_Y2[10]],512,599,1198,ldr Q<w10_s0> [row_base #16*10],160,V<w10_s0>.h[7],10,10,555,42,171,555,x0=B1[171]*twist[42]_from_a171|a555,427,10,43,427,x1=B1[43]*twist[10]_from_a43|a427,683,74,299,683,x2=B1[299]*twist[74]_from_a299|a683,V<w10_s0>.h[7]=Y2[10]_goes_to_work[10]_lane7,phase3_memory_is_row_major_k3_then_k32_with_8_packed_GT_matrices;ntt32_loads_one_Q_per_k32
all_matrices_all_rows,M7=B1_q3,7,1,3,2,11,Y2,Y2=x0-x1-omega3*(x1-x2),Q<w11_s0>,7,Q<w11_s0>=[M0_Y2[11]|M1_Y2[11]|M2_Y2[11]|M3_Y2[11]|M4_Y2[11]|M5_Y2[11]|M6_Y2[11]|M7_Y2[11]],512,607,1214,ldr Q<w11_s0> [row_base #16*11],176,V<w11_s0>.h[7],11,26,687,75,303,687,x0=B1[303]*twist[75]_from_a303|a687,559,43,175,559,x1=B1[175]*twist[43]_from_a175|a559,431,11,47,431,x2=B1[47]*twist[11]_from_a47|a431,V<w11_s0>.h[7]=Y2[11]_goes_to_work[11]_lane7,phase3_memory_is_row_major_k3_then_k32_with_8_packed_GT_matrices;ntt32_loads_one_Q_per_k32
all_matrices_all_rows,M7=B1_q3,7,1,3,2,12,Y2,Y2=x0-x1-omega3*(x1-x2),Q<w12_s0>,7,Q<w12_s0>=[M0_Y2[12]|M1_Y2[12]|M2_Y2[12]|M3_Y2[12]|M4_Y2[12]|M5_Y2[12]|M6_Y2[12]|M7_Y2[12]],512,615,1230,ldr Q<w12_s0> [row_base #16*12],192,V<w12_s0>.h[7],12,6,435,12,51,435,x0=B1[51]*twist[12]_from_a51|a435,691,76,307,691,x1=B1[307]*twist[76]_from_a307|a691,563,44,179,563,x2=B1[179]*twist[44]_from_a179|a563,V<w12_s0>.h[7]=Y2[12]_goes_to_work[12]_lane7,phase3_memory_is_row_major_k3_then_k32_with_8_packed_GT_matrices;ntt32_loads_one_Q_per_k32
all_matrices_all_rows,M7=B1_q3,7,1,3,2,13,Y2,Y2=x0-x1-omega3*(x1-x2),Q<w13_s0>,7,Q<w13_s0>=[M0_Y2[13]|M1_Y2[13]|M2_Y2[13]|M3_Y2[13]|M4_Y2[13]|M5_Y2[13]|M6_Y2[13]|M7_Y2[13]],512,623,1246,ldr Q<w13_s0> [row_base #16*13],208,V<w13_s0>.h[7],13,22,567,45,183,567,x0=B1[183]*twist[45]_from_a183|a567,439,13,55,439,x1=B1[55]*twist[13]_from_a55|a439,695,77,311,695,x2=B1[311]*twist[77]_from_a311|a695,V<w13_s0>.h[7]=Y2[13]_goes_to_work[13]_lane7,phase3_memory_is_row_major_k3_then_k32_with_8_packed_GT_matrices;ntt32_loads_one_Q_per_k32
all_matrices_all_rows,M7=B1_q3,7,1,3,2,14,Y2,Y2=x0-x1-omega3*(x1-x2),Q<w14_s0>,7,Q<w14_s0>=[M0_Y2[14]|M1_Y2[14]|M2_Y2[14]|M3_Y2[14]|M4_Y2[14]|M5_Y2[14]|M6_Y2[14]|M7_Y2[14]],512,631,1262,ldr Q<w14_s0> [row_base #16*14],224,V<w14_s0>.h[7],14,14,699,78,315,699,x0=B1[315]*twist[78]_from_a315|a699,571,46,187,571,x1=B1[187]*twist[46]_from_a187|a571,443,14,59,443,x2=B1[59]*twist[14]_from_a59|a443,V<w14_s0>.h[7]=Y2[14]_goes_to_work[14]_lane7,phase3_memory_is_row_major_k3_then_k32_with_8_packed_GT_matrices;ntt32_loads_one_Q_per_k32
all_matrices_all_rows,M7=B1_q3,7,1,3,2,15,Y2,Y2=x0-x1-omega3*(x1-x2),Q<w15_s0>,7,Q<w15_s0>=[M0_Y2[15]|M1_Y2[15]|M2_Y2[15]|M3_Y2[15]|M4_Y2[15]|M5_Y2[15]|M6_Y2[15]|M7_Y2[15]],512,639,1278,ldr Q<w15_s0> [row_base #16*15],240,V<w15_s0>.h[7],15,30,447,15,63,447,x0=B1[63]*twist[15]_from_a63|a447,703,79,319,703,x1=B1[319]*twist[79]_from_a319|a703,575,47,191,575,x2=B1[191]*twist[47]_from_a191|a575,V<w15_s0>.h[7]=Y2[15]_goes_to_work[15]_lane7,phase3_memory_is_row_major_k3_then_k32_with_8_packed_GT_matrices;ntt32_loads_one_Q_per_k32
all_matrices_all_rows,M7=B1_q3,7,1,3,2,16,Y2,Y2=x0-x1-omega3*(x1-x2),Q<w16_s0>,7,Q<w16_s0>=[M0_Y2[16]|M1_Y2[16]|M2_Y2[16]|M3_Y2[16]|M4_Y2[16]|M5_Y2[16]|M6_Y2[16]|M7_Y2[16]],512,647,1294,ldr Q<w16_s0> [row_base #16*16],256,V<w16_s0>.h[7],16,1,579,48,195,579,x0=B1[195]*twist[48]_from_a195|a579,451,16,67,451,x1=B1[67]*twist[16]_from_a67|a451,707,80,323,707,x2=B1[323]*twist[80]_from_a323|a707,V<w16_s0>.h[7]=Y2[16]_goes_to_work[16]_lane7,phase3_memory_is_row_major_k3_then_k32_with_8_packed_GT_matrices;ntt32_loads_one_Q_per_k32
all_matrices_all_rows,M7=B1_q3,7,1,3,2,17,Y2,Y2=x0-x1-omega3*(x1-x2),Q<w17_s0>,7,Q<w17_s0>=[M0_Y2[17]|M1_Y2[17]|M2_Y2[17]|M3_Y2[17]|M4_Y2[17]|M5_Y2[17]|M6_Y2[17]|M7_Y2[17]],512,655,1310,ldr Q<w17_s0> [row_base #16*17],272,V<w17_s0>.h[7],17,17,711,81,327,711,x0=B1[327]*twist[81]_from_a327|a711,583,49,199,583,x1=B1[199]*twist[49]_from_a199|a583,455,17,71,455,x2=B1[71]*twist[17]_from_a71|a455,V<w17_s0>.h[7]=Y2[17]_goes_to_work[17]_lane7,phase3_memory_is_row_major_k3_then_k32_with_8_packed_GT_matrices;ntt32_loads_one_Q_per_k32
all_matrices_all_rows,M7=B1_q3,7,1,3,2,18,Y2,Y2=x0-x1-omega3*(x1-x2),Q<w18_s0>,7,Q<w18_s0>=[M0_Y2[18]|M1_Y2[18]|M2_Y2[18]|M3_Y2[18]|M4_Y2[18]|M5_Y2[18]|M6_Y2[18]|M7_Y2[18]],512,663,1326,ldr Q<w18_s0> [row_base #16*18],288,V<w18_s0>.h[7],18,9,459,18,75,459,x0=B1[75]*twist[18]_from_a75|a459,715,82,331,715,x1=B1[331]*twist[82]_from_a331|a715,587,50,203,587,x2=B1[203]*twist[50]_from_a203|a587,V<w18_s0>.h[7]=Y2[18]_goes_to_work[18]_lane7,phase3_memory_is_row_major_k3_then_k32_with_8_packed_GT_matrices;ntt32_loads_one_Q_per_k32
all_matrices_all_rows,M7=B1_q3,7,1,3,2,19,Y2,Y2=x0-x1-omega3*(x1-x2),Q<w19_s0>,7,Q<w19_s0>=[M0_Y2[19]|M1_Y2[19]|M2_Y2[19]|M3_Y2[19]|M4_Y2[19]|M5_Y2[19]|M6_Y2[19]|M7_Y2[19]],512,671,1342,ldr Q<w19_s0> [row_base #16*19],304,V<w19_s0>.h[7],19,25,591,51,207,591,x0=B1[207]*twist[51]_from_a207|a591,463,19,79,463,x1=B1[79]*twist[19]_from_a79|a463,719,83,335,719,x2=B1[335]*twist[83]_from_a335|a719,V<w19_s0>.h[7]=Y2[19]_goes_to_work[19]_lane7,phase3_memory_is_row_major_k3_then_k32_with_8_packed_GT_matrices;ntt32_loads_one_Q_per_k32
all_matrices_all_rows,M7=B1_q3,7,1,3,2,20,Y2,Y2=x0-x1-omega3*(x1-x2),Q<w20_s0>,7,Q<w20_s0>=[M0_Y2[20]|M1_Y2[20]|M2_Y2[20]|M3_Y2[20]|M4_Y2[20]|M5_Y2[20]|M6_Y2[20]|M7_Y2[20]],512,679,1358,ldr Q<w20_s0> [row_base #16*20],320,V<w20_s0>.h[7],20,5,723,84,339,723,x0=B1[339]*twist[84]_from_a339|a723,595,52,211,595,x1=B1[211]*twist[52]_from_a211|a595,467,20,83,467,x2=B1[83]*twist[20]_from_a83|a467,V<w20_s0>.h[7]=Y2[20]_goes_to_work[20]_lane7,phase3_memory_is_row_major_k3_then_k32_with_8_packed_GT_matrices;ntt32_loads_one_Q_per_k32
all_matrices_all_rows,M7=B1_q3,7,1,3,2,21,Y2,Y2=x0-x1-omega3*(x1-x2),Q<w21_s0>,7,Q<w21_s0>=[M0_Y2[21]|M1_Y2[21]|M2_Y2[21]|M3_Y2[21]|M4_Y2[21]|M5_Y2[21]|M6_Y2[21]|M7_Y2[21]],512,687,1374,ldr Q<w21_s0> [row_base #16*21],336,V<w21_s0>.h[7],21,21,471,21,87,471,x0=B1[87]*twist[21]_from_a87|a471,727,85,343,727,x1=B1[343]*twist[85]_from_a343|a727,599,53,215,599,x2=B1[215]*twist[53]_from_a215|a599,V<w21_s0>.h[7]=Y2[21]_goes_to_work[21]_lane7,phase3_memory_is_row_major_k3_then_k32_with_8_packed_GT_matrices;ntt32_loads_one_Q_per_k32
all_matrices_all_rows,M7=B1_q3,7,1,3,2,22,Y2,Y2=x0-x1-omega3*(x1-x2),Q<w22_s0>,7,Q<w22_s0>=[M0_Y2[22]|M1_Y2[22]|M2_Y2[22]|M3_Y2[22]|M4_Y2[22]|M5_Y2[22]|M6_Y2[22]|M7_Y2[22]],512,695,1390,ldr Q<w22_s0> [row_base #16*22],352,V<w22_s0>.h[7],22,13,603,54,219,603,x0=B1[219]*twist[54]_from_a219|a603,475,22,91,475,x1=B1[91]*twist[22]_from_a91|a475,731,86,347,731,x2=B1[347]*twist[86]_from_a347|a731,V<w22_s0>.h[7]=Y2[22]_goes_to_work[22]_lane7,phase3_memory_is_row_major_k3_then_k32_with_8_packed_GT_matrices;ntt32_loads_one_Q_per_k32
all_matrices_all_rows,M7=B1_q3,7,1,3,2,23,Y2,Y2=x0-x1-omega3*(x1-x2),Q<w23_s0>,7,Q<w23_s0>=[M0_Y2[23]|M1_Y2[23]|M2_Y2[23]|M3_Y2[23]|M4_Y2[23]|M5_Y2[23]|M6_Y2[23]|M7_Y2[23]],512,703,1406,ldr Q<w23_s0> [row_base #16*23],368,V<w23_s0>.h[7],23,29,735,87,351,735,x0=B1[351]*twist[87]_from_a351|a735,607,55,223,607,x1=B1[223]*twist[55]_from_a223|a607,479,23,95,479,x2=B1[95]*twist[23]_from_a95|a479,V<w23_s0>.h[7]=Y2[23]_goes_to_work[23]_lane7,phase3_memory_is_row_major_k3_then_k32_with_8_packed_GT_matrices;ntt32_loads_one_Q_per_k32
all_matrices_all_rows,M7=B1_q3,7,1,3,2,24,Y2,Y2=x0-x1-omega3*(x1-x2),Q<w24_s0>,7,Q<w24_s0>=[M0_Y2[24]|M1_Y2[24]|M2_Y2[24]|M3_Y2[24]|M4_Y2[24]|M5_Y2[24]|M6_Y2[24]|M7_Y2[24]],512,711,1422,ldr Q<w24_s0> [row_base #16*24],384,V<w24_s0>.h[7],24,3,483,24,99,483,x0=B1[99]*twist[24]_from_a99|a483,739,88,355,739,x1=B1[355]*twist[88]_from_a355|a739,611,56,227,611,x2=B1[227]*twist[56]_from_a227|a611,V<w24_s0>.h[7]=Y2[24]_goes_to_work[24]_lane7,phase3_memory_is_row_major_k3_then_k32_with_8_packed_GT_matrices;ntt32_loads_one_Q_per_k32
all_matrices_all_rows,M7=B1_q3,7,1,3,2,25,Y2,Y2=x0-x1-omega3*(x1-x2),Q<w25_s0>,7,Q<w25_s0>=[M0_Y2[25]|M1_Y2[25]|M2_Y2[25]|M3_Y2[25]|M4_Y2[25]|M5_Y2[25]|M6_Y2[25]|M7_Y2[25]],512,719,1438,ldr Q<w25_s0> [row_base #16*25],400,V<w25_s0>.h[7],25,19,615,57,231,615,x0=B1[231]*twist[57]_from_a231|a615,487,25,103,487,x1=B1[103]*twist[25]_from_a103|a487,743,89,359,743,x2=B1[359]*twist[89]_from_a359|a743,V<w25_s0>.h[7]=Y2[25]_goes_to_work[25]_lane7,phase3_memory_is_row_major_k3_then_k32_with_8_packed_GT_matrices;ntt32_loads_one_Q_per_k32
all_matrices_all_rows,M7=B1_q3,7,1,3,2,26,Y2,Y2=x0-x1-omega3*(x1-x2),Q<w26_s0>,7,Q<w26_s0>=[M0_Y2[26]|M1_Y2[26]|M2_Y2[26]|M3_Y2[26]|M4_Y2[26]|M5_Y2[26]|M6_Y2[26]|M7_Y2[26]],512,727,1454,ldr Q<w26_s0> [row_base #16*26],416,V<w26_s0>.h[7],26,11,747,90,363,747,x0=B1[363]*twist[90]_from_a363|a747,619,58,235,619,x1=B1[235]*twist[58]_from_a235|a619,491,26,107,491,x2=B1[107]*twist[26]_from_a107|a491,V<w26_s0>.h[7]=Y2[26]_goes_to_work[26]_lane7,phase3_memory_is_row_major_k3_then_k32_with_8_packed_GT_matrices;ntt32_loads_one_Q_per_k32
all_matrices_all_rows,M7=B1_q3,7,1,3,2,27,Y2,Y2=x0-x1-omega3*(x1-x2),Q<w27_s0>,7,Q<w27_s0>=[M0_Y2[27]|M1_Y2[27]|M2_Y2[27]|M3_Y2[27]|M4_Y2[27]|M5_Y2[27]|M6_Y2[27]|M7_Y2[27]],512,735,1470,ldr Q<w27_s0> [row_base #16*27],432,V<w27_s0>.h[7],27,27,495,27,111,495,x0=B1[111]*twist[27]_from_a111|a495,751,91,367,751,x1=B1[367]*twist[91]_from_a367|a751,623,59,239,623,x2=B1[239]*twist[59]_from_a239|a623,V<w27_s0>.h[7]=Y2[27]_goes_to_work[27]_lane7,phase3_memory_is_row_major_k3_then_k32_with_8_packed_GT_matrices;ntt32_loads_one_Q_per_k32
all_matrices_all_rows,M7=B1_q3,7,1,3,2,28,Y2,Y2=x0-x1-omega3*(x1-x2),Q<w28_s0>,7,Q<w28_s0>=[M0_Y2[28]|M1_Y2[28]|M2_Y2[28]|M3_Y2[28]|M4_Y2[28]|M5_Y2[28]|M6_Y2[28]|M7_Y2[28]],512,743,1486,ldr Q<w28_s0> [row_base #16*28],448,V<w28_s0>.h[7],28,7,627,60,243,627,x0=B1[243]*twist[60]_from_a243|a627,499,28,115,499,x1=B1[115]*twist[28]_from_a115|a499,755,92,371,755,x2=B1[371]*twist[92]_from_a371|a755,V<w28_s0>.h[7]=Y2[28]_goes_to_work[28]_lane7,phase3_memory_is_row_major_k3_then_k32_with_8_packed_GT_matrices;ntt32_loads_one_Q_per_k32
all_matrices_all_rows,M7=B1_q3,7,1,3,2,29,Y2,Y2=x0-x1-omega3*(x1-x2),Q<w29_s0>,7,Q<w29_s0>=[M0_Y2[29]|M1_Y2[29]|M2_Y2[29]|M3_Y2[29]|M4_Y2[29]|M5_Y2[29]|M6_Y2[29]|M7_Y2[29]],512,751,1502,ldr Q<w29_s0> [row_base #16*29],464,V<w29_s0>.h[7],29,23,759,93,375,759,x0=B1[375]*twist[93]_from_a375|a759,631,61,247,631,x1=B1[247]*twist[61]_from_a247|a631,503,29,119,503,x2=B1[119]*twist[29]_from_a119|a503,V<w29_s0>.h[7]=Y2[29]_goes_to_work[29]_lane7,phase3_memory_is_row_major_k3_then_k32_with_8_packed_GT_matrices;ntt32_loads_one_Q_per_k32
all_matrices_all_rows,M7=B1_q3,7,1,3,2,30,Y2,Y2=x0-x1-omega3*(x1-x2),Q<w30_s0>,7,Q<w30_s0>=[M0_Y2[30]|M1_Y2[30]|M2_Y2[30]|M3_Y2[30]|M4_Y2[30]|M5_Y2[30]|M6_Y2[30]|M7_Y2[30]],512,759,1518,ldr Q<w30_s0> [row_base #16*30],480,V<w30_s0>.h[7],30,15,507,30,123,507,x0=B1[123]*twist[30]_from_a123|a507,763,94,379,763,x1=B1[379]*twist[94]_from_a379|a763,635,62,251,635,x2=B1[251]*twist[62]_from_a251|a635,V<w30_s0>.h[7]=Y2[30]_goes_to_work[30]_lane7,phase3_memory_is_row_major_k3_then_k32_with_8_packed_GT_matrices;ntt32_loads_one_Q_per_k32
all_matrices_all_rows,M7=B1_q3,7,1,3,2,31,Y2,Y2=x0-x1-omega3*(x1-x2),Q<w31_s0>,7,Q<w31_s0>=[M0_Y2[31]|M1_Y2[31]|M2_Y2[31]|M3_Y2[31]|M4_Y2[31]|M5_Y2[31]|M6_Y2[31]|M7_Y2[31]],512,767,1534,ldr Q<w31_s0> [row_base #16*31],496,V<w31_s0>.h[7],31,31,639,63,255,639,x0=B1[255]*twist[63]_from_a255|a639,511,31,127,511,x1=B1[127]*twist[31]_from_a127|a511,767,95,383,767,x2=B1[383]*twist[95]_from_a383|a767,V<w31_s0>.h[7]=Y2[31]_goes_to_work[31]_lane7,phase3_memory_is_row_major_k3_then_k32_with_8_packed_GT_matrices;ntt32_loads_one_Q_per_k32
