INFO:gt864-friso2-two-block-schedule.gt864_cf5_pair_t0c2_slothy_start:SLOTHY version: 0.2.2
INFO:gt864-friso2-two-block-schedule:Instructions in body: 309
INFO:gt864-friso2-two-block-schedule.gt864_cf5_pair_t0c2_slothy_start.split.0_19:Perform internal binary search for minimal number of stalls...
INFO:gt864-friso2-two-block-schedule.gt864_cf5_pair_t0c2_slothy_start.split.0_19:Attempt optimization with max 256 stalls...
INFO:gt864-friso2-two-block-schedule.gt864_cf5_pair_t0c2_slothy_start.split.0_19:Setting timeout of 1800 seconds...
INFO:gt864-friso2-two-block-schedule.gt864_cf5_pair_t0c2_slothy_start.split.0_19:Objective: minimize cycles
INFO:gt864-friso2-two-block-schedule.gt864_cf5_pair_t0c2_slothy_start.split.0_19:Invoking external constraint solver (OR-Tools CP-SAT v9.15.6755) ...
INFO:gt864-friso2-two-block-schedule.gt864_cf5_pair_t0c2_slothy_start.split.0_19:[0.0190s]: Found 1 solutions so far... objective (minimize cycles): currently  (Cycles ~ 40.0, IPC ~ 0.47), bound  (Cycles ~ 35.0, IPC ~ 0.54)
INFO:gt864-friso2-two-block-schedule.gt864_cf5_pair_t0c2_slothy_start.split.0_19:[0.0194s]: Found 2 solutions so far... objective (minimize cycles): currently  (Cycles ~ 38.0, IPC ~ 0.50), bound  (Cycles ~ 35.0, IPC ~ 0.54)
INFO:gt864-friso2-two-block-schedule.gt864_cf5_pair_t0c2_slothy_start.split.0_19:OPTIMAL, wall time: 0.029203 s
INFO:gt864-friso2-two-block-schedule.gt864_cf5_pair_t0c2_slothy_start.split.0_19:Booleans in result: 45
INFO:gt864-friso2-two-block-schedule.gt864_cf5_pair_t0c2_slothy_start.split.0_19.selfcheck:OK!
INFO:gt864-friso2-two-block-schedule.gt864_cf5_pair_t0c2_slothy_start.split.0_19:Minimum number of stalls: 33
INFO:gt864-friso2-two-block-schedule.gt864_cf5_pair_t0c2_slothy_start.split.19_39:Perform internal binary search for minimal number of stalls...
INFO:gt864-friso2-two-block-schedule.gt864_cf5_pair_t0c2_slothy_start.split.19_39:Attempt optimization with max 256 stalls...
INFO:gt864-friso2-two-block-schedule.gt864_cf5_pair_t0c2_slothy_start.split.19_39:Setting timeout of 1800 seconds...
INFO:gt864-friso2-two-block-schedule.gt864_cf5_pair_t0c2_slothy_start.split.19_39:Objective: minimize cycles
INFO:gt864-friso2-two-block-schedule.gt864_cf5_pair_t0c2_slothy_start.split.19_39:Invoking external constraint solver (OR-Tools CP-SAT v9.15.6755) ...
INFO:gt864-friso2-two-block-schedule.gt864_cf5_pair_t0c2_slothy_start.split.19_39:[0.0182s]: Found 1 solutions so far... objective (minimize cycles): currently  (Cycles ~ 44.0, IPC ~ 0.45), bound  (Cycles ~ 40.0, IPC ~ 0.50)
INFO:gt864-friso2-two-block-schedule.gt864_cf5_pair_t0c2_slothy_start.split.19_39:[0.0188s]: Found 2 solutions so far... objective (minimize cycles): currently  (Cycles ~ 43.0, IPC ~ 0.47), bound  (Cycles ~ 40.0, IPC ~ 0.50)
INFO:gt864-friso2-two-block-schedule.gt864_cf5_pair_t0c2_slothy_start.split.19_39:OPTIMAL, wall time: 0.027998 s
INFO:gt864-friso2-two-block-schedule.gt864_cf5_pair_t0c2_slothy_start.split.19_39:Booleans in result: 66
INFO:gt864-friso2-two-block-schedule.gt864_cf5_pair_t0c2_slothy_start.split.19_39.selfcheck:OK!
INFO:gt864-friso2-two-block-schedule.gt864_cf5_pair_t0c2_slothy_start.split.19_39:Minimum number of stalls: 38
INFO:gt864-friso2-two-block-schedule.gt864_cf5_pair_t0c2_slothy_start.split.39_58:Perform internal binary search for minimal number of stalls...
INFO:gt864-friso2-two-block-schedule.gt864_cf5_pair_t0c2_slothy_start.split.39_58:Attempt optimization with max 256 stalls...
INFO:gt864-friso2-two-block-schedule.gt864_cf5_pair_t0c2_slothy_start.split.39_58:Setting timeout of 1800 seconds...
INFO:gt864-friso2-two-block-schedule.gt864_cf5_pair_t0c2_slothy_start.split.39_58:Objective: minimize cycles
INFO:gt864-friso2-two-block-schedule.gt864_cf5_pair_t0c2_slothy_start.split.39_58:Invoking external constraint solver (OR-Tools CP-SAT v9.15.6755) ...
INFO:gt864-friso2-two-block-schedule.gt864_cf5_pair_t0c2_slothy_start.split.39_58:[0.0177s]: Found 1 solutions so far... objective (minimize cycles): currently  (Cycles ~ 41.0, IPC ~ 0.46), bound  (Cycles ~ 33.0, IPC ~ 0.58)
INFO:gt864-friso2-two-block-schedule.gt864_cf5_pair_t0c2_slothy_start.split.39_58:[0.0184s]: Found 2 solutions so far... objective (minimize cycles): currently  (Cycles ~ 37.0, IPC ~ 0.51), bound  (Cycles ~ 33.0, IPC ~ 0.58)
INFO:gt864-friso2-two-block-schedule.gt864_cf5_pair_t0c2_slothy_start.split.39_58:OPTIMAL, wall time: 0.026899 s
INFO:gt864-friso2-two-block-schedule.gt864_cf5_pair_t0c2_slothy_start.split.39_58:Booleans in result: 42
INFO:gt864-friso2-two-block-schedule.gt864_cf5_pair_t0c2_slothy_start.split.39_58.selfcheck:OK!
INFO:gt864-friso2-two-block-schedule.gt864_cf5_pair_t0c2_slothy_start.split.39_58:Minimum number of stalls: 32
INFO:gt864-friso2-two-block-schedule.gt864_cf5_pair_t0c2_slothy_start.split.58_77:Perform internal binary search for minimal number of stalls...
INFO:gt864-friso2-two-block-schedule.gt864_cf5_pair_t0c2_slothy_start.split.58_77:Attempt optimization with max 256 stalls...
INFO:gt864-friso2-two-block-schedule.gt864_cf5_pair_t0c2_slothy_start.split.58_77:Setting timeout of 1800 seconds...
INFO:gt864-friso2-two-block-schedule.gt864_cf5_pair_t0c2_slothy_start.split.58_77:Objective: minimize cycles
INFO:gt864-friso2-two-block-schedule.gt864_cf5_pair_t0c2_slothy_start.split.58_77:Invoking external constraint solver (OR-Tools CP-SAT v9.15.6755) ...
INFO:gt864-friso2-two-block-schedule.gt864_cf5_pair_t0c2_slothy_start.split.58_77:[0.0181s]: Found 1 solutions so far... objective (minimize cycles): currently  (Cycles ~ 43.0, IPC ~ 0.44), bound  (Cycles ~ 36.0, IPC ~ 0.53)
INFO:gt864-friso2-two-block-schedule.gt864_cf5_pair_t0c2_slothy_start.split.58_77:[0.0197s]: Found 2 solutions so far... objective (minimize cycles): currently  (Cycles ~ 42.0, IPC ~ 0.45), bound  (Cycles ~ 36.0, IPC ~ 0.53)
INFO:gt864-friso2-two-block-schedule.gt864_cf5_pair_t0c2_slothy_start.split.58_77:[0.0201s]: Found 3 solutions so far... objective (minimize cycles): currently  (Cycles ~ 40.0, IPC ~ 0.47), bound  (Cycles ~ 36.0, IPC ~ 0.53)
INFO:gt864-friso2-two-block-schedule.gt864_cf5_pair_t0c2_slothy_start.split.58_77:OPTIMAL, wall time: 0.029295 s
INFO:gt864-friso2-two-block-schedule.gt864_cf5_pair_t0c2_slothy_start.split.58_77:Booleans in result: 47
INFO:gt864-friso2-two-block-schedule.gt864_cf5_pair_t0c2_slothy_start.split.58_77.selfcheck:OK!
INFO:gt864-friso2-two-block-schedule.gt864_cf5_pair_t0c2_slothy_start.split.58_77:Minimum number of stalls: 35
INFO:gt864-friso2-two-block-schedule.gt864_cf5_pair_t0c2_slothy_start.split.77_97:Perform internal binary search for minimal number of stalls...
INFO:gt864-friso2-two-block-schedule.gt864_cf5_pair_t0c2_slothy_start.split.77_97:Attempt optimization with max 256 stalls...
INFO:gt864-friso2-two-block-schedule.gt864_cf5_pair_t0c2_slothy_start.split.77_97:Setting timeout of 1800 seconds...
INFO:gt864-friso2-two-block-schedule.gt864_cf5_pair_t0c2_slothy_start.split.77_97:Objective: minimize cycles
INFO:gt864-friso2-two-block-schedule.gt864_cf5_pair_t0c2_slothy_start.split.77_97:Invoking external constraint solver (OR-Tools CP-SAT v9.15.6755) ...
INFO:gt864-friso2-two-block-schedule.gt864_cf5_pair_t0c2_slothy_start.split.77_97:[0.0166s]: Found 1 solutions so far... objective (minimize cycles): currently  (Cycles ~ 42.0, IPC ~ 0.48), bound  (Cycles ~ 35.0, IPC ~ 0.57)
INFO:gt864-friso2-two-block-schedule.gt864_cf5_pair_t0c2_slothy_start.split.77_97:[0.0181s]: Found 2 solutions so far... objective (minimize cycles): currently  (Cycles ~ 41.0, IPC ~ 0.49), bound  (Cycles ~ 35.0, IPC ~ 0.57)
INFO:gt864-friso2-two-block-schedule.gt864_cf5_pair_t0c2_slothy_start.split.77_97:OPTIMAL, wall time: 0.026116 s
INFO:gt864-friso2-two-block-schedule.gt864_cf5_pair_t0c2_slothy_start.split.77_97:Booleans in result: 39
INFO:gt864-friso2-two-block-schedule.gt864_cf5_pair_t0c2_slothy_start.split.77_97.selfcheck:OK!
INFO:gt864-friso2-two-block-schedule.gt864_cf5_pair_t0c2_slothy_start.split.77_97:Minimum number of stalls: 36
INFO:gt864-friso2-two-block-schedule.gt864_cf5_pair_t0c2_slothy_start.split.97_116:Perform internal binary search for minimal number of stalls...
INFO:gt864-friso2-two-block-schedule.gt864_cf5_pair_t0c2_slothy_start.split.97_116:Attempt optimization with max 256 stalls...
INFO:gt864-friso2-two-block-schedule.gt864_cf5_pair_t0c2_slothy_start.split.97_116:Setting timeout of 1800 seconds...
INFO:gt864-friso2-two-block-schedule.gt864_cf5_pair_t0c2_slothy_start.split.97_116:Objective: minimize cycles
INFO:gt864-friso2-two-block-schedule.gt864_cf5_pair_t0c2_slothy_start.split.97_116:Invoking external constraint solver (OR-Tools CP-SAT v9.15.6755) ...
INFO:gt864-friso2-two-block-schedule.gt864_cf5_pair_t0c2_slothy_start.split.97_116:[0.0177s]: Found 1 solutions so far... objective (minimize cycles): currently  (Cycles ~ 39.0, IPC ~ 0.49), bound  (Cycles ~ 32.0, IPC ~ 0.59)
INFO:gt864-friso2-two-block-schedule.gt864_cf5_pair_t0c2_slothy_start.split.97_116:[0.0184s]: Found 2 solutions so far... objective (minimize cycles): currently  (Cycles ~ 36.0, IPC ~ 0.53), bound  (Cycles ~ 32.0, IPC ~ 0.59)
INFO:gt864-friso2-two-block-schedule.gt864_cf5_pair_t0c2_slothy_start.split.97_116:OPTIMAL, wall time: 0.029609 s
INFO:gt864-friso2-two-block-schedule.gt864_cf5_pair_t0c2_slothy_start.split.97_116:Booleans in result: 43
INFO:gt864-friso2-two-block-schedule.gt864_cf5_pair_t0c2_slothy_start.split.97_116.selfcheck:OK!
INFO:gt864-friso2-two-block-schedule.gt864_cf5_pair_t0c2_slothy_start.split.97_116:Minimum number of stalls: 31
INFO:gt864-friso2-two-block-schedule.gt864_cf5_pair_t0c2_slothy_start.split.116_135:Perform internal binary search for minimal number of stalls...
INFO:gt864-friso2-two-block-schedule.gt864_cf5_pair_t0c2_slothy_start.split.116_135:Attempt optimization with max 256 stalls...
INFO:gt864-friso2-two-block-schedule.gt864_cf5_pair_t0c2_slothy_start.split.116_135:Setting timeout of 1800 seconds...
INFO:gt864-friso2-two-block-schedule.gt864_cf5_pair_t0c2_slothy_start.split.116_135:Objective: minimize cycles
INFO:gt864-friso2-two-block-schedule.gt864_cf5_pair_t0c2_slothy_start.split.116_135:Invoking external constraint solver (OR-Tools CP-SAT v9.15.6755) ...
INFO:gt864-friso2-two-block-schedule.gt864_cf5_pair_t0c2_slothy_start.split.116_135:[0.0172s]: Found 1 solutions so far... objective (minimize cycles): currently  (Cycles ~ 33.0, IPC ~ 0.58), bound  (Cycles ~ 31.0, IPC ~ 0.61)
INFO:gt864-friso2-two-block-schedule.gt864_cf5_pair_t0c2_slothy_start.split.116_135:OPTIMAL, wall time: 0.026229 s
INFO:gt864-friso2-two-block-schedule.gt864_cf5_pair_t0c2_slothy_start.split.116_135:Booleans in result: 46
INFO:gt864-friso2-two-block-schedule.gt864_cf5_pair_t0c2_slothy_start.split.116_135.selfcheck:OK!
INFO:gt864-friso2-two-block-schedule.gt864_cf5_pair_t0c2_slothy_start.split.116_135:Minimum number of stalls: 28
INFO:gt864-friso2-two-block-schedule.gt864_cf5_pair_t0c2_slothy_start.split.135_154:Perform internal binary search for minimal number of stalls...
INFO:gt864-friso2-two-block-schedule.gt864_cf5_pair_t0c2_slothy_start.split.135_154:Attempt optimization with max 256 stalls...
INFO:gt864-friso2-two-block-schedule.gt864_cf5_pair_t0c2_slothy_start.split.135_154:Setting timeout of 1800 seconds...
INFO:gt864-friso2-two-block-schedule.gt864_cf5_pair_t0c2_slothy_start.split.135_154:Objective: minimize cycles
INFO:gt864-friso2-two-block-schedule.gt864_cf5_pair_t0c2_slothy_start.split.135_154:Invoking external constraint solver (OR-Tools CP-SAT v9.15.6755) ...
INFO:gt864-friso2-two-block-schedule.gt864_cf5_pair_t0c2_slothy_start.split.135_154:[0.0186s]: Found 1 solutions so far... objective (minimize cycles): currently  (Cycles ~ 40.0, IPC ~ 0.47), bound  (Cycles ~ 35.0, IPC ~ 0.54)
INFO:gt864-friso2-two-block-schedule.gt864_cf5_pair_t0c2_slothy_start.split.135_154:[0.0200s]: Found 2 solutions so far... objective (minimize cycles): currently  (Cycles ~ 39.0, IPC ~ 0.49), bound  (Cycles ~ 35.0, IPC ~ 0.54)
INFO:gt864-friso2-two-block-schedule.gt864_cf5_pair_t0c2_slothy_start.split.135_154:OPTIMAL, wall time: 0.030915 s
INFO:gt864-friso2-two-block-schedule.gt864_cf5_pair_t0c2_slothy_start.split.135_154:Booleans in result: 47
INFO:gt864-friso2-two-block-schedule.gt864_cf5_pair_t0c2_slothy_start.split.135_154.selfcheck:OK!
INFO:gt864-friso2-two-block-schedule.gt864_cf5_pair_t0c2_slothy_start.split.135_154:Minimum number of stalls: 34
INFO:gt864-friso2-two-block-schedule.gt864_cf5_pair_t0c2_slothy_start.split.154_174:Perform internal binary search for minimal number of stalls...
INFO:gt864-friso2-two-block-schedule.gt864_cf5_pair_t0c2_slothy_start.split.154_174:Attempt optimization with max 256 stalls...
INFO:gt864-friso2-two-block-schedule.gt864_cf5_pair_t0c2_slothy_start.split.154_174:Setting timeout of 1800 seconds...
INFO:gt864-friso2-two-block-schedule.gt864_cf5_pair_t0c2_slothy_start.split.154_174:Objective: minimize cycles
INFO:gt864-friso2-two-block-schedule.gt864_cf5_pair_t0c2_slothy_start.split.154_174:Invoking external constraint solver (OR-Tools CP-SAT v9.15.6755) ...
INFO:gt864-friso2-two-block-schedule.gt864_cf5_pair_t0c2_slothy_start.split.154_174:[0.0193s]: Found 1 solutions so far... objective (minimize cycles): currently  (Cycles ~ 41.0, IPC ~ 0.49), bound  (Cycles ~ 36.0, IPC ~ 0.56)
INFO:gt864-friso2-two-block-schedule.gt864_cf5_pair_t0c2_slothy_start.split.154_174:[0.0198s]: Found 2 solutions so far... objective (minimize cycles): currently  (Cycles ~ 40.0, IPC ~ 0.50), bound  (Cycles ~ 36.0, IPC ~ 0.56)
INFO:gt864-friso2-two-block-schedule.gt864_cf5_pair_t0c2_slothy_start.split.154_174:OPTIMAL, wall time: 0.027789 s
INFO:gt864-friso2-two-block-schedule.gt864_cf5_pair_t0c2_slothy_start.split.154_174:Booleans in result: 46
INFO:gt864-friso2-two-block-schedule.gt864_cf5_pair_t0c2_slothy_start.split.154_174.selfcheck:OK!
INFO:gt864-friso2-two-block-schedule.gt864_cf5_pair_t0c2_slothy_start.split.154_174:Minimum number of stalls: 35
INFO:gt864-friso2-two-block-schedule.gt864_cf5_pair_t0c2_slothy_start.split.174_193:Perform internal binary search for minimal number of stalls...
INFO:gt864-friso2-two-block-schedule.gt864_cf5_pair_t0c2_slothy_start.split.174_193:Attempt optimization with max 256 stalls...
INFO:gt864-friso2-two-block-schedule.gt864_cf5_pair_t0c2_slothy_start.split.174_193:Setting timeout of 1800 seconds...
INFO:gt864-friso2-two-block-schedule.gt864_cf5_pair_t0c2_slothy_start.split.174_193:Objective: minimize cycles
INFO:gt864-friso2-two-block-schedule.gt864_cf5_pair_t0c2_slothy_start.split.174_193:Invoking external constraint solver (OR-Tools CP-SAT v9.15.6755) ...
INFO:gt864-friso2-two-block-schedule.gt864_cf5_pair_t0c2_slothy_start.split.174_193:[0.0172s]: Found 1 solutions so far... objective (minimize cycles): currently  (Cycles ~ 39.0, IPC ~ 0.49), bound  (Cycles ~ 35.0, IPC ~ 0.54)
INFO:gt864-friso2-two-block-schedule.gt864_cf5_pair_t0c2_slothy_start.split.174_193:[0.0180s]: Found 2 solutions so far... objective (minimize cycles): currently  (Cycles ~ 38.0, IPC ~ 0.50), bound  (Cycles ~ 35.0, IPC ~ 0.54)
INFO:gt864-friso2-two-block-schedule.gt864_cf5_pair_t0c2_slothy_start.split.174_193:OPTIMAL, wall time: 0.027491 s
INFO:gt864-friso2-two-block-schedule.gt864_cf5_pair_t0c2_slothy_start.split.174_193:Booleans in result: 44
INFO:gt864-friso2-two-block-schedule.gt864_cf5_pair_t0c2_slothy_start.split.174_193.selfcheck:OK!
INFO:gt864-friso2-two-block-schedule.gt864_cf5_pair_t0c2_slothy_start.split.174_193:Minimum number of stalls: 33
INFO:gt864-friso2-two-block-schedule.gt864_cf5_pair_t0c2_slothy_start.split.193_212:Perform internal binary search for minimal number of stalls...
INFO:gt864-friso2-two-block-schedule.gt864_cf5_pair_t0c2_slothy_start.split.193_212:Attempt optimization with max 256 stalls...
INFO:gt864-friso2-two-block-schedule.gt864_cf5_pair_t0c2_slothy_start.split.193_212:Setting timeout of 1800 seconds...
INFO:gt864-friso2-two-block-schedule.gt864_cf5_pair_t0c2_slothy_start.split.193_212:Objective: minimize cycles
INFO:gt864-friso2-two-block-schedule.gt864_cf5_pair_t0c2_slothy_start.split.193_212:Invoking external constraint solver (OR-Tools CP-SAT v9.15.6755) ...
INFO:gt864-friso2-two-block-schedule.gt864_cf5_pair_t0c2_slothy_start.split.193_212:[0.0179s]: Found 1 solutions so far... objective (minimize cycles): currently  (Cycles ~ 41.0, IPC ~ 0.46), bound  (Cycles ~ 33.0, IPC ~ 0.58)
INFO:gt864-friso2-two-block-schedule.gt864_cf5_pair_t0c2_slothy_start.split.193_212:[0.0191s]: Found 2 solutions so far... objective (minimize cycles): currently  (Cycles ~ 40.0, IPC ~ 0.47), bound  (Cycles ~ 33.0, IPC ~ 0.58)
INFO:gt864-friso2-two-block-schedule.gt864_cf5_pair_t0c2_slothy_start.split.193_212:[0.0199s]: Found 3 solutions so far... objective (minimize cycles): currently  (Cycles ~ 39.0, IPC ~ 0.49), bound  (Cycles ~ 34.0, IPC ~ 0.56)
INFO:gt864-friso2-two-block-schedule.gt864_cf5_pair_t0c2_slothy_start.split.193_212:[0.0211s]: Found 4 solutions so far... objective (minimize cycles): currently  (Cycles ~ 38.0, IPC ~ 0.50), bound  (Cycles ~ 34.0, IPC ~ 0.56)
INFO:gt864-friso2-two-block-schedule.gt864_cf5_pair_t0c2_slothy_start.split.193_212:[0.0215s]: Found 5 solutions so far... objective (minimize cycles): currently  (Cycles ~ 37.0, IPC ~ 0.51), bound  (Cycles ~ 34.0, IPC ~ 0.56)
INFO:gt864-friso2-two-block-schedule.gt864_cf5_pair_t0c2_slothy_start.split.193_212:OPTIMAL, wall time: 0.029098 s
INFO:gt864-friso2-two-block-schedule.gt864_cf5_pair_t0c2_slothy_start.split.193_212:Booleans in result: 40
INFO:gt864-friso2-two-block-schedule.gt864_cf5_pair_t0c2_slothy_start.split.193_212.selfcheck:OK!
INFO:gt864-friso2-two-block-schedule.gt864_cf5_pair_t0c2_slothy_start.split.193_212:Minimum number of stalls: 32
INFO:gt864-friso2-two-block-schedule.gt864_cf5_pair_t0c2_slothy_start.split.212_232:Perform internal binary search for minimal number of stalls...
INFO:gt864-friso2-two-block-schedule.gt864_cf5_pair_t0c2_slothy_start.split.212_232:Attempt optimization with max 256 stalls...
INFO:gt864-friso2-two-block-schedule.gt864_cf5_pair_t0c2_slothy_start.split.212_232:Setting timeout of 1800 seconds...
INFO:gt864-friso2-two-block-schedule.gt864_cf5_pair_t0c2_slothy_start.split.212_232:Objective: minimize cycles
INFO:gt864-friso2-two-block-schedule.gt864_cf5_pair_t0c2_slothy_start.split.212_232:Invoking external constraint solver (OR-Tools CP-SAT v9.15.6755) ...
INFO:gt864-friso2-two-block-schedule.gt864_cf5_pair_t0c2_slothy_start.split.212_232:[0.0198s]: Found 1 solutions so far... objective (minimize cycles): currently  (Cycles ~ 40.0, IPC ~ 0.50), bound  (Cycles ~ 36.0, IPC ~ 0.56)
INFO:gt864-friso2-two-block-schedule.gt864_cf5_pair_t0c2_slothy_start.split.212_232:OPTIMAL, wall time: 0.036106 s
INFO:gt864-friso2-two-block-schedule.gt864_cf5_pair_t0c2_slothy_start.split.212_232:Booleans in result: 46
INFO:gt864-friso2-two-block-schedule.gt864_cf5_pair_t0c2_slothy_start.split.212_232.selfcheck:OK!
INFO:gt864-friso2-two-block-schedule.gt864_cf5_pair_t0c2_slothy_start.split.212_232:Minimum number of stalls: 35
INFO:gt864-friso2-two-block-schedule.gt864_cf5_pair_t0c2_slothy_start.split.232_251:Perform internal binary search for minimal number of stalls...
INFO:gt864-friso2-two-block-schedule.gt864_cf5_pair_t0c2_slothy_start.split.232_251:Attempt optimization with max 256 stalls...
INFO:gt864-friso2-two-block-schedule.gt864_cf5_pair_t0c2_slothy_start.split.232_251:Setting timeout of 1800 seconds...
INFO:gt864-friso2-two-block-schedule.gt864_cf5_pair_t0c2_slothy_start.split.232_251:Objective: minimize cycles
INFO:gt864-friso2-two-block-schedule.gt864_cf5_pair_t0c2_slothy_start.split.232_251:Invoking external constraint solver (OR-Tools CP-SAT v9.15.6755) ...
INFO:gt864-friso2-two-block-schedule.gt864_cf5_pair_t0c2_slothy_start.split.232_251:[0.0171s]: Found 1 solutions so far... objective (minimize cycles): currently  (Cycles ~ 40.0, IPC ~ 0.47), bound  (Cycles ~ 35.0, IPC ~ 0.54)
INFO:gt864-friso2-two-block-schedule.gt864_cf5_pair_t0c2_slothy_start.split.232_251:[0.0183s]: Found 2 solutions so far... objective (minimize cycles): currently  (Cycles ~ 39.0, IPC ~ 0.49), bound  (Cycles ~ 35.0, IPC ~ 0.54)
INFO:gt864-friso2-two-block-schedule.gt864_cf5_pair_t0c2_slothy_start.split.232_251:OPTIMAL, wall time: 0.026362 s
INFO:gt864-friso2-two-block-schedule.gt864_cf5_pair_t0c2_slothy_start.split.232_251:Booleans in result: 39
INFO:gt864-friso2-two-block-schedule.gt864_cf5_pair_t0c2_slothy_start.split.232_251.selfcheck:OK!
INFO:gt864-friso2-two-block-schedule.gt864_cf5_pair_t0c2_slothy_start.split.232_251:Minimum number of stalls: 34
INFO:gt864-friso2-two-block-schedule.gt864_cf5_pair_t0c2_slothy_start.split.251_270:Perform internal binary search for minimal number of stalls...
INFO:gt864-friso2-two-block-schedule.gt864_cf5_pair_t0c2_slothy_start.split.251_270:Attempt optimization with max 256 stalls...
INFO:gt864-friso2-two-block-schedule.gt864_cf5_pair_t0c2_slothy_start.split.251_270:Setting timeout of 1800 seconds...
INFO:gt864-friso2-two-block-schedule.gt864_cf5_pair_t0c2_slothy_start.split.251_270:Objective: minimize cycles
INFO:gt864-friso2-two-block-schedule.gt864_cf5_pair_t0c2_slothy_start.split.251_270:Invoking external constraint solver (OR-Tools CP-SAT v9.15.6755) ...
INFO:gt864-friso2-two-block-schedule.gt864_cf5_pair_t0c2_slothy_start.split.251_270:[0.0195s]: Found 1 solutions so far... objective (minimize cycles): currently  (Cycles ~ 39.0, IPC ~ 0.49), bound  (Cycles ~ 32.0, IPC ~ 0.59)
INFO:gt864-friso2-two-block-schedule.gt864_cf5_pair_t0c2_slothy_start.split.251_270:[0.0209s]: Found 2 solutions so far... objective (minimize cycles): currently  (Cycles ~ 36.0, IPC ~ 0.53), bound  (Cycles ~ 32.0, IPC ~ 0.59)
INFO:gt864-friso2-two-block-schedule.gt864_cf5_pair_t0c2_slothy_start.split.251_270:OPTIMAL, wall time: 0.030788 s
INFO:gt864-friso2-two-block-schedule.gt864_cf5_pair_t0c2_slothy_start.split.251_270:Booleans in result: 43
INFO:gt864-friso2-two-block-schedule.gt864_cf5_pair_t0c2_slothy_start.split.251_270.selfcheck:OK!
INFO:gt864-friso2-two-block-schedule.gt864_cf5_pair_t0c2_slothy_start.split.251_270:Minimum number of stalls: 31
INFO:gt864-friso2-two-block-schedule.gt864_cf5_pair_t0c2_slothy_start.split.270_290:Perform internal binary search for minimal number of stalls...
INFO:gt864-friso2-two-block-schedule.gt864_cf5_pair_t0c2_slothy_start.split.270_290:Attempt optimization with max 256 stalls...
INFO:gt864-friso2-two-block-schedule.gt864_cf5_pair_t0c2_slothy_start.split.270_290:Setting timeout of 1800 seconds...
INFO:gt864-friso2-two-block-schedule.gt864_cf5_pair_t0c2_slothy_start.split.270_290:Objective: minimize cycles
INFO:gt864-friso2-two-block-schedule.gt864_cf5_pair_t0c2_slothy_start.split.270_290:Invoking external constraint solver (OR-Tools CP-SAT v9.15.6755) ...
INFO:gt864-friso2-two-block-schedule.gt864_cf5_pair_t0c2_slothy_start.split.270_290:[0.0194s]: Found 1 solutions so far... objective (minimize cycles): currently  (Cycles ~ 38.0, IPC ~ 0.53), bound  (Cycles ~ 32.0, IPC ~ 0.62)
INFO:gt864-friso2-two-block-schedule.gt864_cf5_pair_t0c2_slothy_start.split.270_290:[0.0200s]: Found 2 solutions so far... objective (minimize cycles): currently  (Cycles ~ 35.0, IPC ~ 0.57), bound  (Cycles ~ 32.0, IPC ~ 0.62)
INFO:gt864-friso2-two-block-schedule.gt864_cf5_pair_t0c2_slothy_start.split.270_290:OPTIMAL, wall time: 0.035215 s
INFO:gt864-friso2-two-block-schedule.gt864_cf5_pair_t0c2_slothy_start.split.270_290:Booleans in result: 52
INFO:gt864-friso2-two-block-schedule.gt864_cf5_pair_t0c2_slothy_start.split.270_290.selfcheck:OK!
INFO:gt864-friso2-two-block-schedule.gt864_cf5_pair_t0c2_slothy_start.split.270_290:Minimum number of stalls: 30
INFO:gt864-friso2-two-block-schedule.gt864_cf5_pair_t0c2_slothy_start.split.290_309:Perform internal binary search for minimal number of stalls...
INFO:gt864-friso2-two-block-schedule.gt864_cf5_pair_t0c2_slothy_start.split.290_309:Attempt optimization with max 256 stalls...
INFO:gt864-friso2-two-block-schedule.gt864_cf5_pair_t0c2_slothy_start.split.290_309:Setting timeout of 1800 seconds...
INFO:gt864-friso2-two-block-schedule.gt864_cf5_pair_t0c2_slothy_start.split.290_309:Objective: minimize cycles
INFO:gt864-friso2-two-block-schedule.gt864_cf5_pair_t0c2_slothy_start.split.290_309:Invoking external constraint solver (OR-Tools CP-SAT v9.15.6755) ...
INFO:gt864-friso2-two-block-schedule.gt864_cf5_pair_t0c2_slothy_start.split.290_309:[0.0157s]: Found 1 solutions so far... objective (minimize cycles): currently  (Cycles ~ 39.0, IPC ~ 0.49), bound  (Cycles ~ 35.0, IPC ~ 0.54)
INFO:gt864-friso2-two-block-schedule.gt864_cf5_pair_t0c2_slothy_start.split.290_309:OPTIMAL, wall time: 0.025500 s
INFO:gt864-friso2-two-block-schedule.gt864_cf5_pair_t0c2_slothy_start.split.290_309:Booleans in result: 45
INFO:gt864-friso2-two-block-schedule.gt864_cf5_pair_t0c2_slothy_start.split.290_309.selfcheck:OK!
INFO:gt864-friso2-two-block-schedule.gt864_cf5_pair_t0c2_slothy_start.split.290_309:Minimum number of stalls: 34
INFO:gt864-friso2-two-block-schedule.gt864_cf5_pair_t0c2_slothy_start.split:Initial stalls
INFO:gt864-friso2-two-block-schedule.gt864_cf5_pair_t0c2_slothy_start.split:[  0-  6]: *********....... (9)
INFO:gt864-friso2-two-block-schedule.gt864_cf5_pair_t0c2_slothy_start.split:[  6- 12]: **************.. (14)
INFO:gt864-friso2-two-block-schedule.gt864_cf5_pair_t0c2_slothy_start.split:[ 12- 18]: ***************. (15)
INFO:gt864-friso2-two-block-schedule.gt864_cf5_pair_t0c2_slothy_start.split:[ 18- 24]: ***************. (15)
INFO:gt864-friso2-two-block-schedule.gt864_cf5_pair_t0c2_slothy_start.split:[ 24- 30]: ***************. (15)
INFO:gt864-friso2-two-block-schedule.gt864_cf5_pair_t0c2_slothy_start.split:[ 30- 37]: ***************. (15)
INFO:gt864-friso2-two-block-schedule.gt864_cf5_pair_t0c2_slothy_start.split:[ 37- 43]: **************.. (14)
INFO:gt864-friso2-two-block-schedule.gt864_cf5_pair_t0c2_slothy_start.split:[ 43- 49]: *************... (13)
INFO:gt864-friso2-two-block-schedule.gt864_cf5_pair_t0c2_slothy_start.split:[ 49- 55]: ************.... (12)
INFO:gt864-friso2-two-block-schedule.gt864_cf5_pair_t0c2_slothy_start.split:[ 55- 61]: ***********..... (11)
INFO:gt864-friso2-two-block-schedule.gt864_cf5_pair_t0c2_slothy_start.split:[ 61- 67]: ************.... (12)
INFO:gt864-friso2-two-block-schedule.gt864_cf5_pair_t0c2_slothy_start.split:[ 67- 74]: *************... (13)
INFO:gt864-friso2-two-block-schedule.gt864_cf5_pair_t0c2_slothy_start.split:[ 74- 80]: **************.. (14)
INFO:gt864-friso2-two-block-schedule.gt864_cf5_pair_t0c2_slothy_start.split:[ 80- 86]: **************.. (14)
INFO:gt864-friso2-two-block-schedule.gt864_cf5_pair_t0c2_slothy_start.split:[ 86- 92]: *************... (13)
INFO:gt864-friso2-two-block-schedule.gt864_cf5_pair_t0c2_slothy_start.split:[ 92- 98]: *************... (13)
INFO:gt864-friso2-two-block-schedule.gt864_cf5_pair_t0c2_slothy_start.split:[ 98-105]: *************... (13)
INFO:gt864-friso2-two-block-schedule.gt864_cf5_pair_t0c2_slothy_start.split:[105-111]: **************.. (14)
INFO:gt864-friso2-two-block-schedule.gt864_cf5_pair_t0c2_slothy_start.split:[111-117]: **************.. (14)
INFO:gt864-friso2-two-block-schedule.gt864_cf5_pair_t0c2_slothy_start.split:[117-123]: **************.. (14)
INFO:gt864-friso2-two-block-schedule.gt864_cf5_pair_t0c2_slothy_start.split:[123-129]: **************.. (14)
INFO:gt864-friso2-two-block-schedule.gt864_cf5_pair_t0c2_slothy_start.split:[129-135]: *************... (13)
INFO:gt864-friso2-two-block-schedule.gt864_cf5_pair_t0c2_slothy_start.split:[135-142]: *************... (13)
INFO:gt864-friso2-two-block-schedule.gt864_cf5_pair_t0c2_slothy_start.split:[142-148]: *************... (13)
INFO:gt864-friso2-two-block-schedule.gt864_cf5_pair_t0c2_slothy_start.split:[148-154]: **************.. (14)
INFO:gt864-friso2-two-block-schedule.gt864_cf5_pair_t0c2_slothy_start.split:[154-160]: **************.. (14)
INFO:gt864-friso2-two-block-schedule.gt864_cf5_pair_t0c2_slothy_start.split:[160-166]: ***************. (15)
INFO:gt864-friso2-two-block-schedule.gt864_cf5_pair_t0c2_slothy_start.split:[166-173]: ***************. (15)
INFO:gt864-friso2-two-block-schedule.gt864_cf5_pair_t0c2_slothy_start.split:[173-179]: ***************. (15)
INFO:gt864-friso2-two-block-schedule.gt864_cf5_pair_t0c2_slothy_start.split:[179-185]: ***************. (15)
INFO:gt864-friso2-two-block-schedule.gt864_cf5_pair_t0c2_slothy_start.split:[185-191]: ***************. (15)
INFO:gt864-friso2-two-block-schedule.gt864_cf5_pair_t0c2_slothy_start.split:[191-197]: **************.. (14)
INFO:gt864-friso2-two-block-schedule.gt864_cf5_pair_t0c2_slothy_start.split:[197-203]: *************... (13)
INFO:gt864-friso2-two-block-schedule.gt864_cf5_pair_t0c2_slothy_start.split:[203-210]: ************.... (12)
INFO:gt864-friso2-two-block-schedule.gt864_cf5_pair_t0c2_slothy_start.split:[210-216]: ***********..... (11)
INFO:gt864-friso2-two-block-schedule.gt864_cf5_pair_t0c2_slothy_start.split:[216-222]: ************.... (12)
INFO:gt864-friso2-two-block-schedule.gt864_cf5_pair_t0c2_slothy_start.split:[222-228]: ************.... (12)
INFO:gt864-friso2-two-block-schedule.gt864_cf5_pair_t0c2_slothy_start.split:[228-234]: *************... (13)
INFO:gt864-friso2-two-block-schedule.gt864_cf5_pair_t0c2_slothy_start.split:[234-241]: *************... (13)
INFO:gt864-friso2-two-block-schedule.gt864_cf5_pair_t0c2_slothy_start.split:[241-247]: *************... (13)
INFO:gt864-friso2-two-block-schedule.gt864_cf5_pair_t0c2_slothy_start.split:[247-253]: *************... (13)
INFO:gt864-friso2-two-block-schedule.gt864_cf5_pair_t0c2_slothy_start.split:[253-259]: *************... (13)
INFO:gt864-friso2-two-block-schedule.gt864_cf5_pair_t0c2_slothy_start.split:[259-265]: **************.. (14)
INFO:gt864-friso2-two-block-schedule.gt864_cf5_pair_t0c2_slothy_start.split:[265-271]: **************.. (14)
INFO:gt864-friso2-two-block-schedule.gt864_cf5_pair_t0c2_slothy_start.split:[271-278]: **************.. (14)
INFO:gt864-friso2-two-block-schedule.gt864_cf5_pair_t0c2_slothy_start.split:[278-284]: **************.. (14)
INFO:gt864-friso2-two-block-schedule.gt864_cf5_pair_t0c2_slothy_start.split:[284-290]: *************... (13)
INFO:gt864-friso2-two-block-schedule.gt864_cf5_pair_t0c2_slothy_start.split:[290-296]: *************... (13)
INFO:gt864-friso2-two-block-schedule.gt864_cf5_pair_t0c2_slothy_start.split:[296-302]: *************... (13)
INFO:gt864-friso2-two-block-schedule.gt864_cf5_pair_t0c2_slothy_start.split:[302-309]: **********...... (10)
INFO:gt864-friso2-two-block-schedule.gt864_cf5_pair_t0c2_slothy_start.split.0_19:Perform internal binary search for minimal number of stalls...
INFO:gt864-friso2-two-block-schedule.gt864_cf5_pair_t0c2_slothy_start.split.0_19:Attempt optimization with max 256 stalls...
INFO:gt864-friso2-two-block-schedule.gt864_cf5_pair_t0c2_slothy_start.split.0_19:Setting timeout of 1800 seconds...
INFO:gt864-friso2-two-block-schedule.gt864_cf5_pair_t0c2_slothy_start.split.0_19:Objective: minimize cycles
INFO:gt864-friso2-two-block-schedule.gt864_cf5_pair_t0c2_slothy_start.split.0_19:Invoking external constraint solver (OR-Tools CP-SAT v9.15.6755) ...
INFO:gt864-friso2-two-block-schedule.gt864_cf5_pair_t0c2_slothy_start.split.0_19:[0.1662s]: Found 1 solutions so far... objective (minimize cycles): currently  (Cycles ~ 43.0, IPC ~ 0.44), bound  (Cycles ~ 19.0, IPC ~ 1.00)
INFO:gt864-friso2-two-block-schedule.gt864_cf5_pair_t0c2_slothy_start.split.0_19:[0.1762s]: Found 2 solutions so far... objective (minimize cycles): currently  (Cycles ~ 24.0, IPC ~ 0.79), bound  (Cycles ~ 22.0, IPC ~ 0.86)
INFO:gt864-friso2-two-block-schedule.gt864_cf5_pair_t0c2_slothy_start.split.0_19:[0.1798s]: Found 3 solutions so far... objective (minimize cycles): currently  (Cycles ~ 23.0, IPC ~ 0.83), bound  (Cycles ~ 23.0, IPC ~ 0.83)
INFO:gt864-friso2-two-block-schedule.gt864_cf5_pair_t0c2_slothy_start.split.0_19:Closer than 0 stalls to theoretical optimum... stop
INFO:gt864-friso2-two-block-schedule.gt864_cf5_pair_t0c2_slothy_start.split.0_19:OPTIMAL, wall time: 0.195808 s
INFO:gt864-friso2-two-block-schedule.gt864_cf5_pair_t0c2_slothy_start.split.0_19:Booleans in result: 127
INFO:gt864-friso2-two-block-schedule.gt864_cf5_pair_t0c2_slothy_start.split.0_19.selfcheck:OK!
INFO:gt864-friso2-two-block-schedule.gt864_cf5_pair_t0c2_slothy_start.split.0_19:Minimum number of stalls: 18
INFO:gt864-friso2-two-block-schedule.gt864_cf5_pair_t0c2_slothy_start.split:[  0-  6]: *******.......... (7)
INFO:gt864-friso2-two-block-schedule.gt864_cf5_pair_t0c2_slothy_start.split:[  6- 12]: *************.... (13)
INFO:gt864-friso2-two-block-schedule.gt864_cf5_pair_t0c2_slothy_start.split:[ 12- 18]: ***************.. (15)
INFO:gt864-friso2-two-block-schedule.gt864_cf5_pair_t0c2_slothy_start.split:[ 18- 24]: ****************. (16)
INFO:gt864-friso2-two-block-schedule.gt864_cf5_pair_t0c2_slothy_start.split:[ 24- 30]: ***************.. (15)
INFO:gt864-friso2-two-block-schedule.gt864_cf5_pair_t0c2_slothy_start.split:[ 30- 37]: ***************.. (15)
INFO:gt864-friso2-two-block-schedule.gt864_cf5_pair_t0c2_slothy_start.split:[ 37- 43]: **************... (14)
INFO:gt864-friso2-two-block-schedule.gt864_cf5_pair_t0c2_slothy_start.split:[ 43- 49]: *************.... (13)
INFO:gt864-friso2-two-block-schedule.gt864_cf5_pair_t0c2_slothy_start.split:[ 49- 55]: ************..... (12)
INFO:gt864-friso2-two-block-schedule.gt864_cf5_pair_t0c2_slothy_start.split:[ 55- 61]: ***********...... (11)
INFO:gt864-friso2-two-block-schedule.gt864_cf5_pair_t0c2_slothy_start.split:[ 61- 67]: ************..... (12)
INFO:gt864-friso2-two-block-schedule.gt864_cf5_pair_t0c2_slothy_start.split:[ 67- 74]: *************.... (13)
INFO:gt864-friso2-two-block-schedule.gt864_cf5_pair_t0c2_slothy_start.split:[ 74- 80]: **************... (14)
INFO:gt864-friso2-two-block-schedule.gt864_cf5_pair_t0c2_slothy_start.split:[ 80- 86]: **************... (14)
INFO:gt864-friso2-two-block-schedule.gt864_cf5_pair_t0c2_slothy_start.split:[ 86- 92]: *************.... (13)
INFO:gt864-friso2-two-block-schedule.gt864_cf5_pair_t0c2_slothy_start.split:[ 92- 98]: *************.... (13)
INFO:gt864-friso2-two-block-schedule.gt864_cf5_pair_t0c2_slothy_start.split:[ 98-105]: *************.... (13)
INFO:gt864-friso2-two-block-schedule.gt864_cf5_pair_t0c2_slothy_start.split:[105-111]: **************... (14)
INFO:gt864-friso2-two-block-schedule.gt864_cf5_pair_t0c2_slothy_start.split:[111-117]: **************... (14)
INFO:gt864-friso2-two-block-schedule.gt864_cf5_pair_t0c2_slothy_start.split:[117-123]: **************... (14)
INFO:gt864-friso2-two-block-schedule.gt864_cf5_pair_t0c2_slothy_start.split:[123-129]: **************... (14)
INFO:gt864-friso2-two-block-schedule.gt864_cf5_pair_t0c2_slothy_start.split:[129-135]: *************.... (13)
INFO:gt864-friso2-two-block-schedule.gt864_cf5_pair_t0c2_slothy_start.split:[135-142]: *************.... (13)
INFO:gt864-friso2-two-block-schedule.gt864_cf5_pair_t0c2_slothy_start.split:[142-148]: *************.... (13)
INFO:gt864-friso2-two-block-schedule.gt864_cf5_pair_t0c2_slothy_start.split:[148-154]: **************... (14)
INFO:gt864-friso2-two-block-schedule.gt864_cf5_pair_t0c2_slothy_start.split:[154-160]: **************... (14)
INFO:gt864-friso2-two-block-schedule.gt864_cf5_pair_t0c2_slothy_start.split:[160-166]: ***************.. (15)
INFO:gt864-friso2-two-block-schedule.gt864_cf5_pair_t0c2_slothy_start.split:[166-173]: ***************.. (15)
INFO:gt864-friso2-two-block-schedule.gt864_cf5_pair_t0c2_slothy_start.split:[173-179]: ***************.. (15)
INFO:gt864-friso2-two-block-schedule.gt864_cf5_pair_t0c2_slothy_start.split:[179-185]: ***************.. (15)
INFO:gt864-friso2-two-block-schedule.gt864_cf5_pair_t0c2_slothy_start.split:[185-191]: ***************.. (15)
INFO:gt864-friso2-two-block-schedule.gt864_cf5_pair_t0c2_slothy_start.split:[191-197]: **************... (14)
INFO:gt864-friso2-two-block-schedule.gt864_cf5_pair_t0c2_slothy_start.split:[197-203]: *************.... (13)
INFO:gt864-friso2-two-block-schedule.gt864_cf5_pair_t0c2_slothy_start.split:[203-210]: ************..... (12)
INFO:gt864-friso2-two-block-schedule.gt864_cf5_pair_t0c2_slothy_start.split:[210-216]: ***********...... (11)
INFO:gt864-friso2-two-block-schedule.gt864_cf5_pair_t0c2_slothy_start.split:[216-222]: ************..... (12)
INFO:gt864-friso2-two-block-schedule.gt864_cf5_pair_t0c2_slothy_start.split:[222-228]: ************..... (12)
INFO:gt864-friso2-two-block-schedule.gt864_cf5_pair_t0c2_slothy_start.split:[228-234]: *************.... (13)
INFO:gt864-friso2-two-block-schedule.gt864_cf5_pair_t0c2_slothy_start.split:[234-241]: *************.... (13)
INFO:gt864-friso2-two-block-schedule.gt864_cf5_pair_t0c2_slothy_start.split:[241-247]: *************.... (13)
INFO:gt864-friso2-two-block-schedule.gt864_cf5_pair_t0c2_slothy_start.split:[247-253]: *************.... (13)
INFO:gt864-friso2-two-block-schedule.gt864_cf5_pair_t0c2_slothy_start.split:[253-259]: *************.... (13)
INFO:gt864-friso2-two-block-schedule.gt864_cf5_pair_t0c2_slothy_start.split:[259-265]: **************... (14)
INFO:gt864-friso2-two-block-schedule.gt864_cf5_pair_t0c2_slothy_start.split:[265-271]: **************... (14)
INFO:gt864-friso2-two-block-schedule.gt864_cf5_pair_t0c2_slothy_start.split:[271-278]: **************... (14)
INFO:gt864-friso2-two-block-schedule.gt864_cf5_pair_t0c2_slothy_start.split:[278-284]: **************... (14)
INFO:gt864-friso2-two-block-schedule.gt864_cf5_pair_t0c2_slothy_start.split:[284-290]: *************.... (13)
INFO:gt864-friso2-two-block-schedule.gt864_cf5_pair_t0c2_slothy_start.split:[290-296]: *************.... (13)
INFO:gt864-friso2-two-block-schedule.gt864_cf5_pair_t0c2_slothy_start.split:[296-302]: *************.... (13)
INFO:gt864-friso2-two-block-schedule.gt864_cf5_pair_t0c2_slothy_start.split:[302-309]: **********....... (10)
INFO:gt864-friso2-two-block-schedule.gt864_cf5_pair_t0c2_slothy_start.split.15_35:Perform internal binary search for minimal number of stalls...
INFO:gt864-friso2-two-block-schedule.gt864_cf5_pair_t0c2_slothy_start.split.15_35:Attempt optimization with max 256 stalls...
INFO:gt864-friso2-two-block-schedule.gt864_cf5_pair_t0c2_slothy_start.split.15_35:Setting timeout of 1800 seconds...
INFO:gt864-friso2-two-block-schedule.gt864_cf5_pair_t0c2_slothy_start.split.15_35:Objective: minimize cycles
INFO:gt864-friso2-two-block-schedule.gt864_cf5_pair_t0c2_slothy_start.split.15_35:Invoking external constraint solver (OR-Tools CP-SAT v9.15.6755) ...
INFO:gt864-friso2-two-block-schedule.gt864_cf5_pair_t0c2_slothy_start.split.15_35:[0.1792s]: Found 1 solutions so far... objective (minimize cycles): currently  (Cycles ~ 27.0, IPC ~ 0.74), bound  (Cycles ~ 20.0, IPC ~ 1.00)
INFO:gt864-friso2-two-block-schedule.gt864_cf5_pair_t0c2_slothy_start.split.15_35:OPTIMAL, wall time: 0.194581 s
INFO:gt864-friso2-two-block-schedule.gt864_cf5_pair_t0c2_slothy_start.split.15_35:Booleans in result: 158
INFO:gt864-friso2-two-block-schedule.gt864_cf5_pair_t0c2_slothy_start.split.15_35.selfcheck:OK!
INFO:gt864-friso2-two-block-schedule.gt864_cf5_pair_t0c2_slothy_start.split.15_35:Minimum number of stalls: 22
INFO:gt864-friso2-two-block-schedule.gt864_cf5_pair_t0c2_slothy_start.split:[  0-  6]: *******.......... (7)
INFO:gt864-friso2-two-block-schedule.gt864_cf5_pair_t0c2_slothy_start.split:[  6- 12]: ***********...... (11)
INFO:gt864-friso2-two-block-schedule.gt864_cf5_pair_t0c2_slothy_start.split:[ 12- 18]: *************.... (13)
INFO:gt864-friso2-two-block-schedule.gt864_cf5_pair_t0c2_slothy_start.split:[ 18- 24]: ***************.. (15)
INFO:gt864-friso2-two-block-schedule.gt864_cf5_pair_t0c2_slothy_start.split:[ 24- 30]: ***************.. (15)
INFO:gt864-friso2-two-block-schedule.gt864_cf5_pair_t0c2_slothy_start.split:[ 30- 37]: ****************. (16)
INFO:gt864-friso2-two-block-schedule.gt864_cf5_pair_t0c2_slothy_start.split:[ 37- 43]: ***************.. (15)
INFO:gt864-friso2-two-block-schedule.gt864_cf5_pair_t0c2_slothy_start.split:[ 43- 49]: *************.... (13)
INFO:gt864-friso2-two-block-schedule.gt864_cf5_pair_t0c2_slothy_start.split:[ 49- 55]: ************..... (12)
INFO:gt864-friso2-two-block-schedule.gt864_cf5_pair_t0c2_slothy_start.split:[ 55- 61]: ***********...... (11)
INFO:gt864-friso2-two-block-schedule.gt864_cf5_pair_t0c2_slothy_start.split:[ 61- 67]: ************..... (12)
INFO:gt864-friso2-two-block-schedule.gt864_cf5_pair_t0c2_slothy_start.split:[ 67- 74]: *************.... (13)
INFO:gt864-friso2-two-block-schedule.gt864_cf5_pair_t0c2_slothy_start.split:[ 74- 80]: **************... (14)
INFO:gt864-friso2-two-block-schedule.gt864_cf5_pair_t0c2_slothy_start.split:[ 80- 86]: **************... (14)
INFO:gt864-friso2-two-block-schedule.gt864_cf5_pair_t0c2_slothy_start.split:[ 86- 92]: *************.... (13)
INFO:gt864-friso2-two-block-schedule.gt864_cf5_pair_t0c2_slothy_start.split:[ 92- 98]: *************.... (13)
INFO:gt864-friso2-two-block-schedule.gt864_cf5_pair_t0c2_slothy_start.split:[ 98-105]: *************.... (13)
INFO:gt864-friso2-two-block-schedule.gt864_cf5_pair_t0c2_slothy_start.split:[105-111]: **************... (14)
INFO:gt864-friso2-two-block-schedule.gt864_cf5_pair_t0c2_slothy_start.split:[111-117]: **************... (14)
INFO:gt864-friso2-two-block-schedule.gt864_cf5_pair_t0c2_slothy_start.split:[117-123]: **************... (14)
INFO:gt864-friso2-two-block-schedule.gt864_cf5_pair_t0c2_slothy_start.split:[123-129]: **************... (14)
INFO:gt864-friso2-two-block-schedule.gt864_cf5_pair_t0c2_slothy_start.split:[129-135]: *************.... (13)
INFO:gt864-friso2-two-block-schedule.gt864_cf5_pair_t0c2_slothy_start.split:[135-142]: *************.... (13)
INFO:gt864-friso2-two-block-schedule.gt864_cf5_pair_t0c2_slothy_start.split:[142-148]: *************.... (13)
INFO:gt864-friso2-two-block-schedule.gt864_cf5_pair_t0c2_slothy_start.split:[148-154]: **************... (14)
INFO:gt864-friso2-two-block-schedule.gt864_cf5_pair_t0c2_slothy_start.split:[154-160]: **************... (14)
INFO:gt864-friso2-two-block-schedule.gt864_cf5_pair_t0c2_slothy_start.split:[160-166]: ***************.. (15)
INFO:gt864-friso2-two-block-schedule.gt864_cf5_pair_t0c2_slothy_start.split:[166-173]: ***************.. (15)
INFO:gt864-friso2-two-block-schedule.gt864_cf5_pair_t0c2_slothy_start.split:[173-179]: ***************.. (15)
INFO:gt864-friso2-two-block-schedule.gt864_cf5_pair_t0c2_slothy_start.split:[179-185]: ***************.. (15)
INFO:gt864-friso2-two-block-schedule.gt864_cf5_pair_t0c2_slothy_start.split:[185-191]: ***************.. (15)
INFO:gt864-friso2-two-block-schedule.gt864_cf5_pair_t0c2_slothy_start.split:[191-197]: **************... (14)
INFO:gt864-friso2-two-block-schedule.gt864_cf5_pair_t0c2_slothy_start.split:[197-203]: *************.... (13)
INFO:gt864-friso2-two-block-schedule.gt864_cf5_pair_t0c2_slothy_start.split:[203-210]: ************..... (12)
INFO:gt864-friso2-two-block-schedule.gt864_cf5_pair_t0c2_slothy_start.split:[210-216]: ***********...... (11)
INFO:gt864-friso2-two-block-schedule.gt864_cf5_pair_t0c2_slothy_start.split:[216-222]: ************..... (12)
INFO:gt864-friso2-two-block-schedule.gt864_cf5_pair_t0c2_slothy_start.split:[222-228]: ************..... (12)
INFO:gt864-friso2-two-block-schedule.gt864_cf5_pair_t0c2_slothy_start.split:[228-234]: *************.... (13)
INFO:gt864-friso2-two-block-schedule.gt864_cf5_pair_t0c2_slothy_start.split:[234-241]: *************.... (13)
INFO:gt864-friso2-two-block-schedule.gt864_cf5_pair_t0c2_slothy_start.split:[241-247]: *************.... (13)
INFO:gt864-friso2-two-block-schedule.gt864_cf5_pair_t0c2_slothy_start.split:[247-253]: *************.... (13)
INFO:gt864-friso2-two-block-schedule.gt864_cf5_pair_t0c2_slothy_start.split:[253-259]: *************.... (13)
INFO:gt864-friso2-two-block-schedule.gt864_cf5_pair_t0c2_slothy_start.split:[259-265]: **************... (14)
INFO:gt864-friso2-two-block-schedule.gt864_cf5_pair_t0c2_slothy_start.split:[265-271]: **************... (14)
INFO:gt864-friso2-two-block-schedule.gt864_cf5_pair_t0c2_slothy_start.split:[271-278]: **************... (14)
INFO:gt864-friso2-two-block-schedule.gt864_cf5_pair_t0c2_slothy_start.split:[278-284]: **************... (14)
INFO:gt864-friso2-two-block-schedule.gt864_cf5_pair_t0c2_slothy_start.split:[284-290]: *************.... (13)
INFO:gt864-friso2-two-block-schedule.gt864_cf5_pair_t0c2_slothy_start.split:[290-296]: *************.... (13)
INFO:gt864-friso2-two-block-schedule.gt864_cf5_pair_t0c2_slothy_start.split:[296-302]: *************.... (13)
INFO:gt864-friso2-two-block-schedule.gt864_cf5_pair_t0c2_slothy_start.split:[302-309]: **********....... (10)
INFO:gt864-friso2-two-block-schedule.gt864_cf5_pair_t0c2_slothy_start.split.31_50:Perform internal binary search for minimal number of stalls...
INFO:gt864-friso2-two-block-schedule.gt864_cf5_pair_t0c2_slothy_start.split.31_50:Attempt optimization with max 256 stalls...
INFO:gt864-friso2-two-block-schedule.gt864_cf5_pair_t0c2_slothy_start.split.31_50:Setting timeout of 1800 seconds...
INFO:gt864-friso2-two-block-schedule.gt864_cf5_pair_t0c2_slothy_start.split.31_50:Objective: minimize cycles
INFO:gt864-friso2-two-block-schedule.gt864_cf5_pair_t0c2_slothy_start.split.31_50:Invoking external constraint solver (OR-Tools CP-SAT v9.15.6755) ...
INFO:gt864-friso2-two-block-schedule.gt864_cf5_pair_t0c2_slothy_start.split.31_50:[0.1656s]: Found 1 solutions so far... objective (minimize cycles): currently  (Cycles ~ 30.0, IPC ~ 0.63), bound  (Cycles ~ 27.0, IPC ~ 0.70)
INFO:gt864-friso2-two-block-schedule.gt864_cf5_pair_t0c2_slothy_start.split.31_50:[0.1692s]: Found 2 solutions so far... objective (minimize cycles): currently  (Cycles ~ 28.0, IPC ~ 0.68), bound  (Cycles ~ 27.0, IPC ~ 0.70)
INFO:gt864-friso2-two-block-schedule.gt864_cf5_pair_t0c2_slothy_start.split.31_50:[0.1829s]: Found 3 solutions so far... objective (minimize cycles): currently  (Cycles ~ 27.0, IPC ~ 0.70), bound  (Cycles ~ 27.0, IPC ~ 0.70)
INFO:gt864-friso2-two-block-schedule.gt864_cf5_pair_t0c2_slothy_start.split.31_50:Closer than 0 stalls to theoretical optimum... stop
INFO:gt864-friso2-two-block-schedule.gt864_cf5_pair_t0c2_slothy_start.split.31_50:OPTIMAL, wall time: 0.197840 s
INFO:gt864-friso2-two-block-schedule.gt864_cf5_pair_t0c2_slothy_start.split.31_50:Booleans in result: 161
INFO:gt864-friso2-two-block-schedule.gt864_cf5_pair_t0c2_slothy_start.split.31_50.selfcheck:OK!
INFO:gt864-friso2-two-block-schedule.gt864_cf5_pair_t0c2_slothy_start.split.31_50:Minimum number of stalls: 22
INFO:gt864-friso2-two-block-schedule.gt864_cf5_pair_t0c2_slothy_start.split:[  0-  6]: *******.......... (7)
INFO:gt864-friso2-two-block-schedule.gt864_cf5_pair_t0c2_slothy_start.split:[  6- 12]: ***********...... (11)
INFO:gt864-friso2-two-block-schedule.gt864_cf5_pair_t0c2_slothy_start.split:[ 12- 18]: *************.... (13)
INFO:gt864-friso2-two-block-schedule.gt864_cf5_pair_t0c2_slothy_start.split:[ 18- 24]: **************... (14)
INFO:gt864-friso2-two-block-schedule.gt864_cf5_pair_t0c2_slothy_start.split:[ 24- 30]: **************... (14)
INFO:gt864-friso2-two-block-schedule.gt864_cf5_pair_t0c2_slothy_start.split:[ 30- 37]: ****************. (16)
INFO:gt864-friso2-two-block-schedule.gt864_cf5_pair_t0c2_slothy_start.split:[ 37- 43]: ****************. (16)
INFO:gt864-friso2-two-block-schedule.gt864_cf5_pair_t0c2_slothy_start.split:[ 43- 49]: ***************.. (15)
INFO:gt864-friso2-two-block-schedule.gt864_cf5_pair_t0c2_slothy_start.split:[ 49- 55]: **************... (14)
INFO:gt864-friso2-two-block-schedule.gt864_cf5_pair_t0c2_slothy_start.split:[ 55- 61]: ************..... (12)
INFO:gt864-friso2-two-block-schedule.gt864_cf5_pair_t0c2_slothy_start.split:[ 61- 67]: ************..... (12)
INFO:gt864-friso2-two-block-schedule.gt864_cf5_pair_t0c2_slothy_start.split:[ 67- 74]: *************.... (13)
INFO:gt864-friso2-two-block-schedule.gt864_cf5_pair_t0c2_slothy_start.split:[ 74- 80]: **************... (14)
INFO:gt864-friso2-two-block-schedule.gt864_cf5_pair_t0c2_slothy_start.split:[ 80- 86]: **************... (14)
INFO:gt864-friso2-two-block-schedule.gt864_cf5_pair_t0c2_slothy_start.split:[ 86- 92]: *************.... (13)
INFO:gt864-friso2-two-block-schedule.gt864_cf5_pair_t0c2_slothy_start.split:[ 92- 98]: *************.... (13)
INFO:gt864-friso2-two-block-schedule.gt864_cf5_pair_t0c2_slothy_start.split:[ 98-105]: *************.... (13)
INFO:gt864-friso2-two-block-schedule.gt864_cf5_pair_t0c2_slothy_start.split:[105-111]: **************... (14)
INFO:gt864-friso2-two-block-schedule.gt864_cf5_pair_t0c2_slothy_start.split:[111-117]: **************... (14)
INFO:gt864-friso2-two-block-schedule.gt864_cf5_pair_t0c2_slothy_start.split:[117-123]: **************... (14)
INFO:gt864-friso2-two-block-schedule.gt864_cf5_pair_t0c2_slothy_start.split:[123-129]: **************... (14)
INFO:gt864-friso2-two-block-schedule.gt864_cf5_pair_t0c2_slothy_start.split:[129-135]: *************.... (13)
INFO:gt864-friso2-two-block-schedule.gt864_cf5_pair_t0c2_slothy_start.split:[135-142]: *************.... (13)
INFO:gt864-friso2-two-block-schedule.gt864_cf5_pair_t0c2_slothy_start.split:[142-148]: *************.... (13)
INFO:gt864-friso2-two-block-schedule.gt864_cf5_pair_t0c2_slothy_start.split:[148-154]: **************... (14)
INFO:gt864-friso2-two-block-schedule.gt864_cf5_pair_t0c2_slothy_start.split:[154-160]: **************... (14)
INFO:gt864-friso2-two-block-schedule.gt864_cf5_pair_t0c2_slothy_start.split:[160-166]: ***************.. (15)
INFO:gt864-friso2-two-block-schedule.gt864_cf5_pair_t0c2_slothy_start.split:[166-173]: ***************.. (15)
INFO:gt864-friso2-two-block-schedule.gt864_cf5_pair_t0c2_slothy_start.split:[173-179]: ***************.. (15)
INFO:gt864-friso2-two-block-schedule.gt864_cf5_pair_t0c2_slothy_start.split:[179-185]: ***************.. (15)
INFO:gt864-friso2-two-block-schedule.gt864_cf5_pair_t0c2_slothy_start.split:[185-191]: ***************.. (15)
INFO:gt864-friso2-two-block-schedule.gt864_cf5_pair_t0c2_slothy_start.split:[191-197]: **************... (14)
INFO:gt864-friso2-two-block-schedule.gt864_cf5_pair_t0c2_slothy_start.split:[197-203]: *************.... (13)
INFO:gt864-friso2-two-block-schedule.gt864_cf5_pair_t0c2_slothy_start.split:[203-210]: ************..... (12)
INFO:gt864-friso2-two-block-schedule.gt864_cf5_pair_t0c2_slothy_start.split:[210-216]: ***********...... (11)
INFO:gt864-friso2-two-block-schedule.gt864_cf5_pair_t0c2_slothy_start.split:[216-222]: ************..... (12)
INFO:gt864-friso2-two-block-schedule.gt864_cf5_pair_t0c2_slothy_start.split:[222-228]: ************..... (12)
INFO:gt864-friso2-two-block-schedule.gt864_cf5_pair_t0c2_slothy_start.split:[228-234]: *************.... (13)
INFO:gt864-friso2-two-block-schedule.gt864_cf5_pair_t0c2_slothy_start.split:[234-241]: *************.... (13)
INFO:gt864-friso2-two-block-schedule.gt864_cf5_pair_t0c2_slothy_start.split:[241-247]: *************.... (13)
INFO:gt864-friso2-two-block-schedule.gt864_cf5_pair_t0c2_slothy_start.split:[247-253]: *************.... (13)
INFO:gt864-friso2-two-block-schedule.gt864_cf5_pair_t0c2_slothy_start.split:[253-259]: *************.... (13)
INFO:gt864-friso2-two-block-schedule.gt864_cf5_pair_t0c2_slothy_start.split:[259-265]: **************... (14)
INFO:gt864-friso2-two-block-schedule.gt864_cf5_pair_t0c2_slothy_start.split:[265-271]: **************... (14)
INFO:gt864-friso2-two-block-schedule.gt864_cf5_pair_t0c2_slothy_start.split:[271-278]: **************... (14)
INFO:gt864-friso2-two-block-schedule.gt864_cf5_pair_t0c2_slothy_start.split:[278-284]: **************... (14)
INFO:gt864-friso2-two-block-schedule.gt864_cf5_pair_t0c2_slothy_start.split:[284-290]: *************.... (13)
INFO:gt864-friso2-two-block-schedule.gt864_cf5_pair_t0c2_slothy_start.split:[290-296]: *************.... (13)
INFO:gt864-friso2-two-block-schedule.gt864_cf5_pair_t0c2_slothy_start.split:[296-302]: *************.... (13)
INFO:gt864-friso2-two-block-schedule.gt864_cf5_pair_t0c2_slothy_start.split:[302-309]: **********....... (10)
INFO:gt864-friso2-two-block-schedule.gt864_cf5_pair_t0c2_slothy_start.split.46_66:Perform internal binary search for minimal number of stalls...
INFO:gt864-friso2-two-block-schedule.gt864_cf5_pair_t0c2_slothy_start.split.46_66:Attempt optimization with max 256 stalls...
INFO:gt864-friso2-two-block-schedule.gt864_cf5_pair_t0c2_slothy_start.split.46_66:Setting timeout of 1800 seconds...
INFO:gt864-friso2-two-block-schedule.gt864_cf5_pair_t0c2_slothy_start.split.46_66:Objective: minimize cycles
INFO:gt864-friso2-two-block-schedule.gt864_cf5_pair_t0c2_slothy_start.split.46_66:Invoking external constraint solver (OR-Tools CP-SAT v9.15.6755) ...
INFO:gt864-friso2-two-block-schedule.gt864_cf5_pair_t0c2_slothy_start.split.46_66:[0.3037s]: Found 1 solutions so far... objective (minimize cycles): currently  (Cycles ~ 21.0, IPC ~ 0.95), bound  (Cycles ~ 13.0, IPC ~ 1.54)
INFO:gt864-friso2-two-block-schedule.gt864_cf5_pair_t0c2_slothy_start.split.46_66:[0.3124s]: Found 2 solutions so far... objective (minimize cycles): currently  (Cycles ~ 19.0, IPC ~ 1.05), bound  (Cycles ~ 13.0, IPC ~ 1.54)
INFO:gt864-friso2-two-block-schedule.gt864_cf5_pair_t0c2_slothy_start.split.46_66:[0.3250s]: Found 3 solutions so far... objective (minimize cycles): currently  (Cycles ~ 18.0, IPC ~ 1.11), bound  (Cycles ~ 14.0, IPC ~ 1.43)
INFO:gt864-friso2-two-block-schedule.gt864_cf5_pair_t0c2_slothy_start.split.46_66:[0.3285s]: Found 4 solutions so far... objective (minimize cycles): currently  (Cycles ~ 17.0, IPC ~ 1.18), bound  (Cycles ~ 14.0, IPC ~ 1.43)
INFO:gt864-friso2-two-block-schedule.gt864_cf5_pair_t0c2_slothy_start.split.46_66:[0.3320s]: Found 5 solutions so far... objective (minimize cycles): currently  (Cycles ~ 16.0, IPC ~ 1.25), bound  (Cycles ~ 14.0, IPC ~ 1.43)
INFO:gt864-friso2-two-block-schedule.gt864_cf5_pair_t0c2_slothy_start.split.46_66:OPTIMAL, wall time: 0.343631 s
INFO:gt864-friso2-two-block-schedule.gt864_cf5_pair_t0c2_slothy_start.split.46_66:Booleans in result: 178
INFO:gt864-friso2-two-block-schedule.gt864_cf5_pair_t0c2_slothy_start.split.46_66.selfcheck:OK!
INFO:gt864-friso2-two-block-schedule.gt864_cf5_pair_t0c2_slothy_start.split.46_66:Minimum number of stalls: 11
INFO:gt864-friso2-two-block-schedule.gt864_cf5_pair_t0c2_slothy_start.split:[  0-  6]: *******.......... (7)
INFO:gt864-friso2-two-block-schedule.gt864_cf5_pair_t0c2_slothy_start.split:[  6- 12]: ***********...... (11)
INFO:gt864-friso2-two-block-schedule.gt864_cf5_pair_t0c2_slothy_start.split:[ 12- 18]: *************.... (13)
INFO:gt864-friso2-two-block-schedule.gt864_cf5_pair_t0c2_slothy_start.split:[ 18- 24]: **************... (14)
INFO:gt864-friso2-two-block-schedule.gt864_cf5_pair_t0c2_slothy_start.split:[ 24- 30]: **************... (14)
INFO:gt864-friso2-two-block-schedule.gt864_cf5_pair_t0c2_slothy_start.split:[ 30- 37]: ****************. (16)
INFO:gt864-friso2-two-block-schedule.gt864_cf5_pair_t0c2_slothy_start.split:[ 37- 43]: **************... (14)
INFO:gt864-friso2-two-block-schedule.gt864_cf5_pair_t0c2_slothy_start.split:[ 43- 49]: **************... (14)
INFO:gt864-friso2-two-block-schedule.gt864_cf5_pair_t0c2_slothy_start.split:[ 49- 55]: **************... (14)
INFO:gt864-friso2-two-block-schedule.gt864_cf5_pair_t0c2_slothy_start.split:[ 55- 61]: **************... (14)
INFO:gt864-friso2-two-block-schedule.gt864_cf5_pair_t0c2_slothy_start.split:[ 61- 67]: **************... (14)
INFO:gt864-friso2-two-block-schedule.gt864_cf5_pair_t0c2_slothy_start.split:[ 67- 74]: **************... (14)
INFO:gt864-friso2-two-block-schedule.gt864_cf5_pair_t0c2_slothy_start.split:[ 74- 80]: **************... (14)
INFO:gt864-friso2-two-block-schedule.gt864_cf5_pair_t0c2_slothy_start.split:[ 80- 86]: **************... (14)
INFO:gt864-friso2-two-block-schedule.gt864_cf5_pair_t0c2_slothy_start.split:[ 86- 92]: *************.... (13)
INFO:gt864-friso2-two-block-schedule.gt864_cf5_pair_t0c2_slothy_start.split:[ 92- 98]: *************.... (13)
INFO:gt864-friso2-two-block-schedule.gt864_cf5_pair_t0c2_slothy_start.split:[ 98-105]: *************.... (13)
INFO:gt864-friso2-two-block-schedule.gt864_cf5_pair_t0c2_slothy_start.split:[105-111]: **************... (14)
INFO:gt864-friso2-two-block-schedule.gt864_cf5_pair_t0c2_slothy_start.split:[111-117]: **************... (14)
INFO:gt864-friso2-two-block-schedule.gt864_cf5_pair_t0c2_slothy_start.split:[117-123]: **************... (14)
INFO:gt864-friso2-two-block-schedule.gt864_cf5_pair_t0c2_slothy_start.split:[123-129]: **************... (14)
INFO:gt864-friso2-two-block-schedule.gt864_cf5_pair_t0c2_slothy_start.split:[129-135]: *************.... (13)
INFO:gt864-friso2-two-block-schedule.gt864_cf5_pair_t0c2_slothy_start.split:[135-142]: *************.... (13)
INFO:gt864-friso2-two-block-schedule.gt864_cf5_pair_t0c2_slothy_start.split:[142-148]: *************.... (13)
INFO:gt864-friso2-two-block-schedule.gt864_cf5_pair_t0c2_slothy_start.split:[148-154]: **************... (14)
INFO:gt864-friso2-two-block-schedule.gt864_cf5_pair_t0c2_slothy_start.split:[154-160]: **************... (14)
INFO:gt864-friso2-two-block-schedule.gt864_cf5_pair_t0c2_slothy_start.split:[160-166]: ***************.. (15)
INFO:gt864-friso2-two-block-schedule.gt864_cf5_pair_t0c2_slothy_start.split:[166-173]: ***************.. (15)
INFO:gt864-friso2-two-block-schedule.gt864_cf5_pair_t0c2_slothy_start.split:[173-179]: ***************.. (15)
INFO:gt864-friso2-two-block-schedule.gt864_cf5_pair_t0c2_slothy_start.split:[179-185]: ***************.. (15)
INFO:gt864-friso2-two-block-schedule.gt864_cf5_pair_t0c2_slothy_start.split:[185-191]: ***************.. (15)
INFO:gt864-friso2-two-block-schedule.gt864_cf5_pair_t0c2_slothy_start.split:[191-197]: **************... (14)
INFO:gt864-friso2-two-block-schedule.gt864_cf5_pair_t0c2_slothy_start.split:[197-203]: *************.... (13)
INFO:gt864-friso2-two-block-schedule.gt864_cf5_pair_t0c2_slothy_start.split:[203-210]: ************..... (12)
INFO:gt864-friso2-two-block-schedule.gt864_cf5_pair_t0c2_slothy_start.split:[210-216]: ***********...... (11)
INFO:gt864-friso2-two-block-schedule.gt864_cf5_pair_t0c2_slothy_start.split:[216-222]: ************..... (12)
INFO:gt864-friso2-two-block-schedule.gt864_cf5_pair_t0c2_slothy_start.split:[222-228]: ************..... (12)
INFO:gt864-friso2-two-block-schedule.gt864_cf5_pair_t0c2_slothy_start.split:[228-234]: *************.... (13)
INFO:gt864-friso2-two-block-schedule.gt864_cf5_pair_t0c2_slothy_start.split:[234-241]: *************.... (13)
INFO:gt864-friso2-two-block-schedule.gt864_cf5_pair_t0c2_slothy_start.split:[241-247]: *************.... (13)
INFO:gt864-friso2-two-block-schedule.gt864_cf5_pair_t0c2_slothy_start.split:[247-253]: *************.... (13)
INFO:gt864-friso2-two-block-schedule.gt864_cf5_pair_t0c2_slothy_start.split:[253-259]: *************.... (13)
INFO:gt864-friso2-two-block-schedule.gt864_cf5_pair_t0c2_slothy_start.split:[259-265]: **************... (14)
INFO:gt864-friso2-two-block-schedule.gt864_cf5_pair_t0c2_slothy_start.split:[265-271]: **************... (14)
INFO:gt864-friso2-two-block-schedule.gt864_cf5_pair_t0c2_slothy_start.split:[271-278]: **************... (14)
INFO:gt864-friso2-two-block-schedule.gt864_cf5_pair_t0c2_slothy_start.split:[278-284]: **************... (14)
INFO:gt864-friso2-two-block-schedule.gt864_cf5_pair_t0c2_slothy_start.split:[284-290]: *************.... (13)
INFO:gt864-friso2-two-block-schedule.gt864_cf5_pair_t0c2_slothy_start.split:[290-296]: *************.... (13)
INFO:gt864-friso2-two-block-schedule.gt864_cf5_pair_t0c2_slothy_start.split:[296-302]: *************.... (13)
INFO:gt864-friso2-two-block-schedule.gt864_cf5_pair_t0c2_slothy_start.split:[302-309]: **********....... (10)
INFO:gt864-friso2-two-block-schedule.gt864_cf5_pair_t0c2_slothy_start.split.62_81:Perform internal binary search for minimal number of stalls...
INFO:gt864-friso2-two-block-schedule.gt864_cf5_pair_t0c2_slothy_start.split.62_81:Attempt optimization with max 256 stalls...
INFO:gt864-friso2-two-block-schedule.gt864_cf5_pair_t0c2_slothy_start.split.62_81:Setting timeout of 1800 seconds...
INFO:gt864-friso2-two-block-schedule.gt864_cf5_pair_t0c2_slothy_start.split.62_81:Objective: minimize cycles
INFO:gt864-friso2-two-block-schedule.gt864_cf5_pair_t0c2_slothy_start.split.62_81:Invoking external constraint solver (OR-Tools CP-SAT v9.15.6755) ...
INFO:gt864-friso2-two-block-schedule.gt864_cf5_pair_t0c2_slothy_start.split.62_81:[0.1490s]: Found 1 solutions so far... objective (minimize cycles): currently  (Cycles ~ 25.0, IPC ~ 0.76), bound  (Cycles ~ 20.0, IPC ~ 0.95)
INFO:gt864-friso2-two-block-schedule.gt864_cf5_pair_t0c2_slothy_start.split.62_81:[0.1546s]: Found 2 solutions so far... objective (minimize cycles): currently  (Cycles ~ 24.0, IPC ~ 0.79), bound  (Cycles ~ 20.0, IPC ~ 0.95)
INFO:gt864-friso2-two-block-schedule.gt864_cf5_pair_t0c2_slothy_start.split.62_81:[0.1631s]: Found 3 solutions so far... objective (minimize cycles): currently  (Cycles ~ 23.0, IPC ~ 0.83), bound  (Cycles ~ 20.0, IPC ~ 0.95)
INFO:gt864-friso2-two-block-schedule.gt864_cf5_pair_t0c2_slothy_start.split.62_81:[0.1753s]: Found 4 solutions so far... objective (minimize cycles): currently  (Cycles ~ 22.0, IPC ~ 0.86), bound  (Cycles ~ 20.0, IPC ~ 0.95)
INFO:gt864-friso2-two-block-schedule.gt864_cf5_pair_t0c2_slothy_start.split.62_81:[0.1858s]: Found 5 solutions so far... objective (minimize cycles): currently  (Cycles ~ 21.0, IPC ~ 0.90), bound  (Cycles ~ 20.0, IPC ~ 0.95)
INFO:gt864-friso2-two-block-schedule.gt864_cf5_pair_t0c2_slothy_start.split.62_81:OPTIMAL, wall time: 0.207180 s
INFO:gt864-friso2-two-block-schedule.gt864_cf5_pair_t0c2_slothy_start.split.62_81:Booleans in result: 196
INFO:gt864-friso2-two-block-schedule.gt864_cf5_pair_t0c2_slothy_start.split.62_81.selfcheck:OK!
INFO:gt864-friso2-two-block-schedule.gt864_cf5_pair_t0c2_slothy_start.split.62_81:Minimum number of stalls: 16
INFO:gt864-friso2-two-block-schedule.gt864_cf5_pair_t0c2_slothy_start.split:[  0-  6]: *******.......... (7)
INFO:gt864-friso2-two-block-schedule.gt864_cf5_pair_t0c2_slothy_start.split:[  6- 12]: ***********...... (11)
INFO:gt864-friso2-two-block-schedule.gt864_cf5_pair_t0c2_slothy_start.split:[ 12- 18]: *************.... (13)
INFO:gt864-friso2-two-block-schedule.gt864_cf5_pair_t0c2_slothy_start.split:[ 18- 24]: **************... (14)
INFO:gt864-friso2-two-block-schedule.gt864_cf5_pair_t0c2_slothy_start.split:[ 24- 30]: **************... (14)
INFO:gt864-friso2-two-block-schedule.gt864_cf5_pair_t0c2_slothy_start.split:[ 30- 37]: ****************. (16)
INFO:gt864-friso2-two-block-schedule.gt864_cf5_pair_t0c2_slothy_start.split:[ 37- 43]: **************... (14)
INFO:gt864-friso2-two-block-schedule.gt864_cf5_pair_t0c2_slothy_start.split:[ 43- 49]: **************... (14)
INFO:gt864-friso2-two-block-schedule.gt864_cf5_pair_t0c2_slothy_start.split:[ 49- 55]: **************... (14)
INFO:gt864-friso2-two-block-schedule.gt864_cf5_pair_t0c2_slothy_start.split:[ 55- 61]: **************... (14)
INFO:gt864-friso2-two-block-schedule.gt864_cf5_pair_t0c2_slothy_start.split:[ 61- 67]: **************... (14)
INFO:gt864-friso2-two-block-schedule.gt864_cf5_pair_t0c2_slothy_start.split:[ 67- 74]: ***************.. (15)
INFO:gt864-friso2-two-block-schedule.gt864_cf5_pair_t0c2_slothy_start.split:[ 74- 80]: ***************.. (15)
INFO:gt864-friso2-two-block-schedule.gt864_cf5_pair_t0c2_slothy_start.split:[ 80- 86]: ***************.. (15)
INFO:gt864-friso2-two-block-schedule.gt864_cf5_pair_t0c2_slothy_start.split:[ 86- 92]: **************... (14)
INFO:gt864-friso2-two-block-schedule.gt864_cf5_pair_t0c2_slothy_start.split:[ 92- 98]: *************.... (13)
INFO:gt864-friso2-two-block-schedule.gt864_cf5_pair_t0c2_slothy_start.split:[ 98-105]: *************.... (13)
INFO:gt864-friso2-two-block-schedule.gt864_cf5_pair_t0c2_slothy_start.split:[105-111]: **************... (14)
INFO:gt864-friso2-two-block-schedule.gt864_cf5_pair_t0c2_slothy_start.split:[111-117]: **************... (14)
INFO:gt864-friso2-two-block-schedule.gt864_cf5_pair_t0c2_slothy_start.split:[117-123]: **************... (14)
INFO:gt864-friso2-two-block-schedule.gt864_cf5_pair_t0c2_slothy_start.split:[123-129]: **************... (14)
INFO:gt864-friso2-two-block-schedule.gt864_cf5_pair_t0c2_slothy_start.split:[129-135]: *************.... (13)
INFO:gt864-friso2-two-block-schedule.gt864_cf5_pair_t0c2_slothy_start.split:[135-142]: *************.... (13)
INFO:gt864-friso2-two-block-schedule.gt864_cf5_pair_t0c2_slothy_start.split:[142-148]: *************.... (13)
INFO:gt864-friso2-two-block-schedule.gt864_cf5_pair_t0c2_slothy_start.split:[148-154]: **************... (14)
INFO:gt864-friso2-two-block-schedule.gt864_cf5_pair_t0c2_slothy_start.split:[154-160]: **************... (14)
INFO:gt864-friso2-two-block-schedule.gt864_cf5_pair_t0c2_slothy_start.split:[160-166]: ***************.. (15)
INFO:gt864-friso2-two-block-schedule.gt864_cf5_pair_t0c2_slothy_start.split:[166-173]: ***************.. (15)
INFO:gt864-friso2-two-block-schedule.gt864_cf5_pair_t0c2_slothy_start.split:[173-179]: ***************.. (15)
INFO:gt864-friso2-two-block-schedule.gt864_cf5_pair_t0c2_slothy_start.split:[179-185]: ***************.. (15)
INFO:gt864-friso2-two-block-schedule.gt864_cf5_pair_t0c2_slothy_start.split:[185-191]: ***************.. (15)
INFO:gt864-friso2-two-block-schedule.gt864_cf5_pair_t0c2_slothy_start.split:[191-197]: **************... (14)
INFO:gt864-friso2-two-block-schedule.gt864_cf5_pair_t0c2_slothy_start.split:[197-203]: *************.... (13)
INFO:gt864-friso2-two-block-schedule.gt864_cf5_pair_t0c2_slothy_start.split:[203-210]: ************..... (12)
INFO:gt864-friso2-two-block-schedule.gt864_cf5_pair_t0c2_slothy_start.split:[210-216]: ***********...... (11)
INFO:gt864-friso2-two-block-schedule.gt864_cf5_pair_t0c2_slothy_start.split:[216-222]: ************..... (12)
INFO:gt864-friso2-two-block-schedule.gt864_cf5_pair_t0c2_slothy_start.split:[222-228]: ************..... (12)
INFO:gt864-friso2-two-block-schedule.gt864_cf5_pair_t0c2_slothy_start.split:[228-234]: *************.... (13)
INFO:gt864-friso2-two-block-schedule.gt864_cf5_pair_t0c2_slothy_start.split:[234-241]: *************.... (13)
INFO:gt864-friso2-two-block-schedule.gt864_cf5_pair_t0c2_slothy_start.split:[241-247]: *************.... (13)
INFO:gt864-friso2-two-block-schedule.gt864_cf5_pair_t0c2_slothy_start.split:[247-253]: *************.... (13)
INFO:gt864-friso2-two-block-schedule.gt864_cf5_pair_t0c2_slothy_start.split:[253-259]: *************.... (13)
INFO:gt864-friso2-two-block-schedule.gt864_cf5_pair_t0c2_slothy_start.split:[259-265]: **************... (14)
INFO:gt864-friso2-two-block-schedule.gt864_cf5_pair_t0c2_slothy_start.split:[265-271]: **************... (14)
INFO:gt864-friso2-two-block-schedule.gt864_cf5_pair_t0c2_slothy_start.split:[271-278]: **************... (14)
INFO:gt864-friso2-two-block-schedule.gt864_cf5_pair_t0c2_slothy_start.split:[278-284]: **************... (14)
INFO:gt864-friso2-two-block-schedule.gt864_cf5_pair_t0c2_slothy_start.split:[284-290]: *************.... (13)
INFO:gt864-friso2-two-block-schedule.gt864_cf5_pair_t0c2_slothy_start.split:[290-296]: *************.... (13)
INFO:gt864-friso2-two-block-schedule.gt864_cf5_pair_t0c2_slothy_start.split:[296-302]: *************.... (13)
INFO:gt864-friso2-two-block-schedule.gt864_cf5_pair_t0c2_slothy_start.split:[302-309]: **********....... (10)
INFO:gt864-friso2-two-block-schedule.gt864_cf5_pair_t0c2_slothy_start.split.77_97:Perform internal binary search for minimal number of stalls...
INFO:gt864-friso2-two-block-schedule.gt864_cf5_pair_t0c2_slothy_start.split.77_97:Attempt optimization with max 256 stalls...
INFO:gt864-friso2-two-block-schedule.gt864_cf5_pair_t0c2_slothy_start.split.77_97:Setting timeout of 1800 seconds...
INFO:gt864-friso2-two-block-schedule.gt864_cf5_pair_t0c2_slothy_start.split.77_97:Objective: minimize cycles
INFO:gt864-friso2-two-block-schedule.gt864_cf5_pair_t0c2_slothy_start.split.77_97:Invoking external constraint solver (OR-Tools CP-SAT v9.15.6755) ...
INFO:gt864-friso2-two-block-schedule.gt864_cf5_pair_t0c2_slothy_start.split.77_97:[0.2026s]: Found 1 solutions so far... objective (minimize cycles): currently  (Cycles ~ 28.0, IPC ~ 0.71), bound  (Cycles ~ 16.0, IPC ~ 1.25)
INFO:gt864-friso2-two-block-schedule.gt864_cf5_pair_t0c2_slothy_start.split.77_97:[0.2112s]: Found 2 solutions so far... objective (minimize cycles): currently  (Cycles ~ 27.0, IPC ~ 0.74), bound  (Cycles ~ 16.0, IPC ~ 1.25)
INFO:gt864-friso2-two-block-schedule.gt864_cf5_pair_t0c2_slothy_start.split.77_97:[0.2194s]: Found 3 solutions so far... objective (minimize cycles): currently  (Cycles ~ 26.0, IPC ~ 0.77), bound  (Cycles ~ 16.0, IPC ~ 1.25)
INFO:gt864-friso2-two-block-schedule.gt864_cf5_pair_t0c2_slothy_start.split.77_97:[0.2273s]: Found 4 solutions so far... objective (minimize cycles): currently  (Cycles ~ 25.0, IPC ~ 0.80), bound  (Cycles ~ 16.0, IPC ~ 1.25)
INFO:gt864-friso2-two-block-schedule.gt864_cf5_pair_t0c2_slothy_start.split.77_97:[0.2364s]: Found 5 solutions so far... objective (minimize cycles): currently  (Cycles ~ 24.0, IPC ~ 0.83), bound  (Cycles ~ 16.0, IPC ~ 1.25)
INFO:gt864-friso2-two-block-schedule.gt864_cf5_pair_t0c2_slothy_start.split.77_97:[0.2454s]: Found 6 solutions so far... objective (minimize cycles): currently  (Cycles ~ 23.0, IPC ~ 0.87), bound  (Cycles ~ 16.0, IPC ~ 1.25)
INFO:gt864-friso2-two-block-schedule.gt864_cf5_pair_t0c2_slothy_start.split.77_97:[0.2465s]: Found 7 solutions so far... objective (minimize cycles): currently  (Cycles ~ 21.0, IPC ~ 0.95), bound  (Cycles ~ 16.0, IPC ~ 1.25)
INFO:gt864-friso2-two-block-schedule.gt864_cf5_pair_t0c2_slothy_start.split.77_97:OPTIMAL, wall time: 0.259149 s
INFO:gt864-friso2-two-block-schedule.gt864_cf5_pair_t0c2_slothy_start.split.77_97:Booleans in result: 149
INFO:gt864-friso2-two-block-schedule.gt864_cf5_pair_t0c2_slothy_start.split.77_97.selfcheck:OK!
INFO:gt864-friso2-two-block-schedule.gt864_cf5_pair_t0c2_slothy_start.split.77_97:Minimum number of stalls: 16
INFO:gt864-friso2-two-block-schedule.gt864_cf5_pair_t0c2_slothy_start.split:[  0-  6]: *******.......... (7)
INFO:gt864-friso2-two-block-schedule.gt864_cf5_pair_t0c2_slothy_start.split:[  6- 12]: ***********...... (11)
INFO:gt864-friso2-two-block-schedule.gt864_cf5_pair_t0c2_slothy_start.split:[ 12- 18]: *************.... (13)
INFO:gt864-friso2-two-block-schedule.gt864_cf5_pair_t0c2_slothy_start.split:[ 18- 24]: **************... (14)
INFO:gt864-friso2-two-block-schedule.gt864_cf5_pair_t0c2_slothy_start.split:[ 24- 30]: **************... (14)
INFO:gt864-friso2-two-block-schedule.gt864_cf5_pair_t0c2_slothy_start.split:[ 30- 37]: ****************. (16)
INFO:gt864-friso2-two-block-schedule.gt864_cf5_pair_t0c2_slothy_start.split:[ 37- 43]: **************... (14)
INFO:gt864-friso2-two-block-schedule.gt864_cf5_pair_t0c2_slothy_start.split:[ 43- 49]: **************... (14)
INFO:gt864-friso2-two-block-schedule.gt864_cf5_pair_t0c2_slothy_start.split:[ 49- 55]: **************... (14)
INFO:gt864-friso2-two-block-schedule.gt864_cf5_pair_t0c2_slothy_start.split:[ 55- 61]: **************... (14)
INFO:gt864-friso2-two-block-schedule.gt864_cf5_pair_t0c2_slothy_start.split:[ 61- 67]: **************... (14)
INFO:gt864-friso2-two-block-schedule.gt864_cf5_pair_t0c2_slothy_start.split:[ 67- 74]: *************.... (13)
INFO:gt864-friso2-two-block-schedule.gt864_cf5_pair_t0c2_slothy_start.split:[ 74- 80]: **************... (14)
INFO:gt864-friso2-two-block-schedule.gt864_cf5_pair_t0c2_slothy_start.split:[ 80- 86]: **************... (14)
INFO:gt864-friso2-two-block-schedule.gt864_cf5_pair_t0c2_slothy_start.split:[ 86- 92]: **************... (14)
INFO:gt864-friso2-two-block-schedule.gt864_cf5_pair_t0c2_slothy_start.split:[ 92- 98]: **************... (14)
INFO:gt864-friso2-two-block-schedule.gt864_cf5_pair_t0c2_slothy_start.split:[ 98-105]: *************.... (13)
INFO:gt864-friso2-two-block-schedule.gt864_cf5_pair_t0c2_slothy_start.split:[105-111]: **************... (14)
INFO:gt864-friso2-two-block-schedule.gt864_cf5_pair_t0c2_slothy_start.split:[111-117]: **************... (14)
INFO:gt864-friso2-two-block-schedule.gt864_cf5_pair_t0c2_slothy_start.split:[117-123]: **************... (14)
INFO:gt864-friso2-two-block-schedule.gt864_cf5_pair_t0c2_slothy_start.split:[123-129]: **************... (14)
INFO:gt864-friso2-two-block-schedule.gt864_cf5_pair_t0c2_slothy_start.split:[129-135]: *************.... (13)
INFO:gt864-friso2-two-block-schedule.gt864_cf5_pair_t0c2_slothy_start.split:[135-142]: *************.... (13)
INFO:gt864-friso2-two-block-schedule.gt864_cf5_pair_t0c2_slothy_start.split:[142-148]: *************.... (13)
INFO:gt864-friso2-two-block-schedule.gt864_cf5_pair_t0c2_slothy_start.split:[148-154]: **************... (14)
INFO:gt864-friso2-two-block-schedule.gt864_cf5_pair_t0c2_slothy_start.split:[154-160]: **************... (14)
INFO:gt864-friso2-two-block-schedule.gt864_cf5_pair_t0c2_slothy_start.split:[160-166]: ***************.. (15)
INFO:gt864-friso2-two-block-schedule.gt864_cf5_pair_t0c2_slothy_start.split:[166-173]: ***************.. (15)
INFO:gt864-friso2-two-block-schedule.gt864_cf5_pair_t0c2_slothy_start.split:[173-179]: ***************.. (15)
INFO:gt864-friso2-two-block-schedule.gt864_cf5_pair_t0c2_slothy_start.split:[179-185]: ***************.. (15)
INFO:gt864-friso2-two-block-schedule.gt864_cf5_pair_t0c2_slothy_start.split:[185-191]: ***************.. (15)
INFO:gt864-friso2-two-block-schedule.gt864_cf5_pair_t0c2_slothy_start.split:[191-197]: **************... (14)
INFO:gt864-friso2-two-block-schedule.gt864_cf5_pair_t0c2_slothy_start.split:[197-203]: *************.... (13)
INFO:gt864-friso2-two-block-schedule.gt864_cf5_pair_t0c2_slothy_start.split:[203-210]: ************..... (12)
INFO:gt864-friso2-two-block-schedule.gt864_cf5_pair_t0c2_slothy_start.split:[210-216]: ***********...... (11)
INFO:gt864-friso2-two-block-schedule.gt864_cf5_pair_t0c2_slothy_start.split:[216-222]: ************..... (12)
INFO:gt864-friso2-two-block-schedule.gt864_cf5_pair_t0c2_slothy_start.split:[222-228]: ************..... (12)
INFO:gt864-friso2-two-block-schedule.gt864_cf5_pair_t0c2_slothy_start.split:[228-234]: *************.... (13)
INFO:gt864-friso2-two-block-schedule.gt864_cf5_pair_t0c2_slothy_start.split:[234-241]: *************.... (13)
INFO:gt864-friso2-two-block-schedule.gt864_cf5_pair_t0c2_slothy_start.split:[241-247]: *************.... (13)
INFO:gt864-friso2-two-block-schedule.gt864_cf5_pair_t0c2_slothy_start.split:[247-253]: *************.... (13)
INFO:gt864-friso2-two-block-schedule.gt864_cf5_pair_t0c2_slothy_start.split:[253-259]: *************.... (13)
INFO:gt864-friso2-two-block-schedule.gt864_cf5_pair_t0c2_slothy_start.split:[259-265]: **************... (14)
INFO:gt864-friso2-two-block-schedule.gt864_cf5_pair_t0c2_slothy_start.split:[265-271]: **************... (14)
INFO:gt864-friso2-two-block-schedule.gt864_cf5_pair_t0c2_slothy_start.split:[271-278]: **************... (14)
INFO:gt864-friso2-two-block-schedule.gt864_cf5_pair_t0c2_slothy_start.split:[278-284]: **************... (14)
INFO:gt864-friso2-two-block-schedule.gt864_cf5_pair_t0c2_slothy_start.split:[284-290]: *************.... (13)
INFO:gt864-friso2-two-block-schedule.gt864_cf5_pair_t0c2_slothy_start.split:[290-296]: *************.... (13)
INFO:gt864-friso2-two-block-schedule.gt864_cf5_pair_t0c2_slothy_start.split:[296-302]: *************.... (13)
INFO:gt864-friso2-two-block-schedule.gt864_cf5_pair_t0c2_slothy_start.split:[302-309]: **********....... (10)
INFO:gt864-friso2-two-block-schedule.gt864_cf5_pair_t0c2_slothy_start.split.93_112:Perform internal binary search for minimal number of stalls...
INFO:gt864-friso2-two-block-schedule.gt864_cf5_pair_t0c2_slothy_start.split.93_112:Attempt optimization with max 256 stalls...
INFO:gt864-friso2-two-block-schedule.gt864_cf5_pair_t0c2_slothy_start.split.93_112:Setting timeout of 1800 seconds...
INFO:gt864-friso2-two-block-schedule.gt864_cf5_pair_t0c2_slothy_start.split.93_112:Objective: minimize cycles
INFO:gt864-friso2-two-block-schedule.gt864_cf5_pair_t0c2_slothy_start.split.93_112:Invoking external constraint solver (OR-Tools CP-SAT v9.15.6755) ...
INFO:gt864-friso2-two-block-schedule.gt864_cf5_pair_t0c2_slothy_start.split.93_112:[0.2043s]: Found 1 solutions so far... objective (minimize cycles): currently  (Cycles ~ 22.0, IPC ~ 0.86), bound  (Cycles ~ 18.0, IPC ~ 1.06)
INFO:gt864-friso2-two-block-schedule.gt864_cf5_pair_t0c2_slothy_start.split.93_112:[0.2106s]: Found 2 solutions so far... objective (minimize cycles): currently  (Cycles ~ 20.0, IPC ~ 0.95), bound  (Cycles ~ 18.0, IPC ~ 1.06)
INFO:gt864-friso2-two-block-schedule.gt864_cf5_pair_t0c2_slothy_start.split.93_112:[0.2191s]: Found 3 solutions so far... objective (minimize cycles): currently  (Cycles ~ 19.0, IPC ~ 1.00), bound  (Cycles ~ 18.0, IPC ~ 1.06)
INFO:gt864-friso2-two-block-schedule.gt864_cf5_pair_t0c2_slothy_start.split.93_112:OPTIMAL, wall time: 0.236910 s
INFO:gt864-friso2-two-block-schedule.gt864_cf5_pair_t0c2_slothy_start.split.93_112:Booleans in result: 165
INFO:gt864-friso2-two-block-schedule.gt864_cf5_pair_t0c2_slothy_start.split.93_112.selfcheck:OK!
INFO:gt864-friso2-two-block-schedule.gt864_cf5_pair_t0c2_slothy_start.split.93_112:Minimum number of stalls: 14
INFO:gt864-friso2-two-block-schedule.gt864_cf5_pair_t0c2_slothy_start.split:[  0-  6]: *******.......... (7)
INFO:gt864-friso2-two-block-schedule.gt864_cf5_pair_t0c2_slothy_start.split:[  6- 12]: ***********...... (11)
INFO:gt864-friso2-two-block-schedule.gt864_cf5_pair_t0c2_slothy_start.split:[ 12- 18]: *************.... (13)
INFO:gt864-friso2-two-block-schedule.gt864_cf5_pair_t0c2_slothy_start.split:[ 18- 24]: **************... (14)
INFO:gt864-friso2-two-block-schedule.gt864_cf5_pair_t0c2_slothy_start.split:[ 24- 30]: **************... (14)
INFO:gt864-friso2-two-block-schedule.gt864_cf5_pair_t0c2_slothy_start.split:[ 30- 37]: ****************. (16)
INFO:gt864-friso2-two-block-schedule.gt864_cf5_pair_t0c2_slothy_start.split:[ 37- 43]: **************... (14)
INFO:gt864-friso2-two-block-schedule.gt864_cf5_pair_t0c2_slothy_start.split:[ 43- 49]: **************... (14)
INFO:gt864-friso2-two-block-schedule.gt864_cf5_pair_t0c2_slothy_start.split:[ 49- 55]: **************... (14)
INFO:gt864-friso2-two-block-schedule.gt864_cf5_pair_t0c2_slothy_start.split:[ 55- 61]: **************... (14)
INFO:gt864-friso2-two-block-schedule.gt864_cf5_pair_t0c2_slothy_start.split:[ 61- 67]: **************... (14)
INFO:gt864-friso2-two-block-schedule.gt864_cf5_pair_t0c2_slothy_start.split:[ 67- 74]: *************.... (13)
INFO:gt864-friso2-two-block-schedule.gt864_cf5_pair_t0c2_slothy_start.split:[ 74- 80]: **************... (14)
INFO:gt864-friso2-two-block-schedule.gt864_cf5_pair_t0c2_slothy_start.split:[ 80- 86]: **************... (14)
INFO:gt864-friso2-two-block-schedule.gt864_cf5_pair_t0c2_slothy_start.split:[ 86- 92]: ************..... (12)
INFO:gt864-friso2-two-block-schedule.gt864_cf5_pair_t0c2_slothy_start.split:[ 92- 98]: ***********...... (11)
INFO:gt864-friso2-two-block-schedule.gt864_cf5_pair_t0c2_slothy_start.split:[ 98-105]: ************..... (12)
INFO:gt864-friso2-two-block-schedule.gt864_cf5_pair_t0c2_slothy_start.split:[105-111]: ***************.. (15)
INFO:gt864-friso2-two-block-schedule.gt864_cf5_pair_t0c2_slothy_start.split:[111-117]: ****************. (16)
INFO:gt864-friso2-two-block-schedule.gt864_cf5_pair_t0c2_slothy_start.split:[117-123]: ***************.. (15)
INFO:gt864-friso2-two-block-schedule.gt864_cf5_pair_t0c2_slothy_start.split:[123-129]: **************... (14)
INFO:gt864-friso2-two-block-schedule.gt864_cf5_pair_t0c2_slothy_start.split:[129-135]: *************.... (13)
INFO:gt864-friso2-two-block-schedule.gt864_cf5_pair_t0c2_slothy_start.split:[135-142]: *************.... (13)
INFO:gt864-friso2-two-block-schedule.gt864_cf5_pair_t0c2_slothy_start.split:[142-148]: *************.... (13)
INFO:gt864-friso2-two-block-schedule.gt864_cf5_pair_t0c2_slothy_start.split:[148-154]: **************... (14)
INFO:gt864-friso2-two-block-schedule.gt864_cf5_pair_t0c2_slothy_start.split:[154-160]: **************... (14)
INFO:gt864-friso2-two-block-schedule.gt864_cf5_pair_t0c2_slothy_start.split:[160-166]: ***************.. (15)
INFO:gt864-friso2-two-block-schedule.gt864_cf5_pair_t0c2_slothy_start.split:[166-173]: ***************.. (15)
INFO:gt864-friso2-two-block-schedule.gt864_cf5_pair_t0c2_slothy_start.split:[173-179]: ***************.. (15)
INFO:gt864-friso2-two-block-schedule.gt864_cf5_pair_t0c2_slothy_start.split:[179-185]: ***************.. (15)
INFO:gt864-friso2-two-block-schedule.gt864_cf5_pair_t0c2_slothy_start.split:[185-191]: ***************.. (15)
INFO:gt864-friso2-two-block-schedule.gt864_cf5_pair_t0c2_slothy_start.split:[191-197]: **************... (14)
INFO:gt864-friso2-two-block-schedule.gt864_cf5_pair_t0c2_slothy_start.split:[197-203]: *************.... (13)
INFO:gt864-friso2-two-block-schedule.gt864_cf5_pair_t0c2_slothy_start.split:[203-210]: ************..... (12)
INFO:gt864-friso2-two-block-schedule.gt864_cf5_pair_t0c2_slothy_start.split:[210-216]: ***********...... (11)
INFO:gt864-friso2-two-block-schedule.gt864_cf5_pair_t0c2_slothy_start.split:[216-222]: ************..... (12)
INFO:gt864-friso2-two-block-schedule.gt864_cf5_pair_t0c2_slothy_start.split:[222-228]: ************..... (12)
INFO:gt864-friso2-two-block-schedule.gt864_cf5_pair_t0c2_slothy_start.split:[228-234]: *************.... (13)
INFO:gt864-friso2-two-block-schedule.gt864_cf5_pair_t0c2_slothy_start.split:[234-241]: *************.... (13)
INFO:gt864-friso2-two-block-schedule.gt864_cf5_pair_t0c2_slothy_start.split:[241-247]: *************.... (13)
INFO:gt864-friso2-two-block-schedule.gt864_cf5_pair_t0c2_slothy_start.split:[247-253]: *************.... (13)
INFO:gt864-friso2-two-block-schedule.gt864_cf5_pair_t0c2_slothy_start.split:[253-259]: *************.... (13)
INFO:gt864-friso2-two-block-schedule.gt864_cf5_pair_t0c2_slothy_start.split:[259-265]: **************... (14)
INFO:gt864-friso2-two-block-schedule.gt864_cf5_pair_t0c2_slothy_start.split:[265-271]: **************... (14)
INFO:gt864-friso2-two-block-schedule.gt864_cf5_pair_t0c2_slothy_start.split:[271-278]: **************... (14)
INFO:gt864-friso2-two-block-schedule.gt864_cf5_pair_t0c2_slothy_start.split:[278-284]: **************... (14)
INFO:gt864-friso2-two-block-schedule.gt864_cf5_pair_t0c2_slothy_start.split:[284-290]: *************.... (13)
INFO:gt864-friso2-two-block-schedule.gt864_cf5_pair_t0c2_slothy_start.split:[290-296]: *************.... (13)
INFO:gt864-friso2-two-block-schedule.gt864_cf5_pair_t0c2_slothy_start.split:[296-302]: *************.... (13)
INFO:gt864-friso2-two-block-schedule.gt864_cf5_pair_t0c2_slothy_start.split:[302-309]: **********....... (10)
INFO:gt864-friso2-two-block-schedule.gt864_cf5_pair_t0c2_slothy_start.split.108_127:Perform internal binary search for minimal number of stalls...
INFO:gt864-friso2-two-block-schedule.gt864_cf5_pair_t0c2_slothy_start.split.108_127:Attempt optimization with max 256 stalls...
INFO:gt864-friso2-two-block-schedule.gt864_cf5_pair_t0c2_slothy_start.split.108_127:Setting timeout of 1800 seconds...
INFO:gt864-friso2-two-block-schedule.gt864_cf5_pair_t0c2_slothy_start.split.108_127:Objective: minimize cycles
INFO:gt864-friso2-two-block-schedule.gt864_cf5_pair_t0c2_slothy_start.split.108_127:Invoking external constraint solver (OR-Tools CP-SAT v9.15.6755) ...
INFO:gt864-friso2-two-block-schedule.gt864_cf5_pair_t0c2_slothy_start.split.108_127:[0.1513s]: Found 1 solutions so far... objective (minimize cycles): currently  (Cycles ~ 30.0, IPC ~ 0.63), bound  (Cycles ~ 20.0, IPC ~ 0.95)
INFO:gt864-friso2-two-block-schedule.gt864_cf5_pair_t0c2_slothy_start.split.108_127:[0.1564s]: Found 2 solutions so far... objective (minimize cycles): currently  (Cycles ~ 28.0, IPC ~ 0.68), bound  (Cycles ~ 20.0, IPC ~ 0.95)
INFO:gt864-friso2-two-block-schedule.gt864_cf5_pair_t0c2_slothy_start.split.108_127:[0.1644s]: Found 3 solutions so far... objective (minimize cycles): currently  (Cycles ~ 26.0, IPC ~ 0.73), bound  (Cycles ~ 20.0, IPC ~ 0.95)
INFO:gt864-friso2-two-block-schedule.gt864_cf5_pair_t0c2_slothy_start.split.108_127:[0.1649s]: Found 4 solutions so far... objective (minimize cycles): currently  (Cycles ~ 25.0, IPC ~ 0.76), bound  (Cycles ~ 20.0, IPC ~ 0.95)
INFO:gt864-friso2-two-block-schedule.gt864_cf5_pair_t0c2_slothy_start.split.108_127:[0.1673s]: Found 5 solutions so far... objective (minimize cycles): currently  (Cycles ~ 24.0, IPC ~ 0.79), bound  (Cycles ~ 20.0, IPC ~ 0.95)
INFO:gt864-friso2-two-block-schedule.gt864_cf5_pair_t0c2_slothy_start.split.108_127:[0.1745s]: Found 6 solutions so far... objective (minimize cycles): currently  (Cycles ~ 23.0, IPC ~ 0.83), bound  (Cycles ~ 20.0, IPC ~ 0.95)
INFO:gt864-friso2-two-block-schedule.gt864_cf5_pair_t0c2_slothy_start.split.108_127:[0.1814s]: Found 7 solutions so far... objective (minimize cycles): currently  (Cycles ~ 22.0, IPC ~ 0.86), bound  (Cycles ~ 20.0, IPC ~ 0.95)
INFO:gt864-friso2-two-block-schedule.gt864_cf5_pair_t0c2_slothy_start.split.108_127:[0.1905s]: Found 8 solutions so far... objective (minimize cycles): currently  (Cycles ~ 21.0, IPC ~ 0.90), bound  (Cycles ~ 20.0, IPC ~ 0.95)
INFO:gt864-friso2-two-block-schedule.gt864_cf5_pair_t0c2_slothy_start.split.108_127:OPTIMAL, wall time: 0.207090 s
INFO:gt864-friso2-two-block-schedule.gt864_cf5_pair_t0c2_slothy_start.split.108_127:Booleans in result: 151
INFO:gt864-friso2-two-block-schedule.gt864_cf5_pair_t0c2_slothy_start.split.108_127.selfcheck:OK!
INFO:gt864-friso2-two-block-schedule.gt864_cf5_pair_t0c2_slothy_start.split.108_127:Minimum number of stalls: 16
INFO:gt864-friso2-two-block-schedule.gt864_cf5_pair_t0c2_slothy_start.split:[  0-  6]: *******.......... (7)
INFO:gt864-friso2-two-block-schedule.gt864_cf5_pair_t0c2_slothy_start.split:[  6- 12]: ***********...... (11)
INFO:gt864-friso2-two-block-schedule.gt864_cf5_pair_t0c2_slothy_start.split:[ 12- 18]: *************.... (13)
INFO:gt864-friso2-two-block-schedule.gt864_cf5_pair_t0c2_slothy_start.split:[ 18- 24]: **************... (14)
INFO:gt864-friso2-two-block-schedule.gt864_cf5_pair_t0c2_slothy_start.split:[ 24- 30]: **************... (14)
INFO:gt864-friso2-two-block-schedule.gt864_cf5_pair_t0c2_slothy_start.split:[ 30- 37]: ****************. (16)
INFO:gt864-friso2-two-block-schedule.gt864_cf5_pair_t0c2_slothy_start.split:[ 37- 43]: **************... (14)
INFO:gt864-friso2-two-block-schedule.gt864_cf5_pair_t0c2_slothy_start.split:[ 43- 49]: **************... (14)
INFO:gt864-friso2-two-block-schedule.gt864_cf5_pair_t0c2_slothy_start.split:[ 49- 55]: **************... (14)
INFO:gt864-friso2-two-block-schedule.gt864_cf5_pair_t0c2_slothy_start.split:[ 55- 61]: **************... (14)
INFO:gt864-friso2-two-block-schedule.gt864_cf5_pair_t0c2_slothy_start.split:[ 61- 67]: **************... (14)
INFO:gt864-friso2-two-block-schedule.gt864_cf5_pair_t0c2_slothy_start.split:[ 67- 74]: *************.... (13)
INFO:gt864-friso2-two-block-schedule.gt864_cf5_pair_t0c2_slothy_start.split:[ 74- 80]: **************... (14)
INFO:gt864-friso2-two-block-schedule.gt864_cf5_pair_t0c2_slothy_start.split:[ 80- 86]: **************... (14)
INFO:gt864-friso2-two-block-schedule.gt864_cf5_pair_t0c2_slothy_start.split:[ 86- 92]: ************..... (12)
INFO:gt864-friso2-two-block-schedule.gt864_cf5_pair_t0c2_slothy_start.split:[ 92- 98]: ***********...... (11)
INFO:gt864-friso2-two-block-schedule.gt864_cf5_pair_t0c2_slothy_start.split:[ 98-105]: **********....... (10)
INFO:gt864-friso2-two-block-schedule.gt864_cf5_pair_t0c2_slothy_start.split:[105-111]: ***********...... (11)
INFO:gt864-friso2-two-block-schedule.gt864_cf5_pair_t0c2_slothy_start.split:[111-117]: *************.... (13)
INFO:gt864-friso2-two-block-schedule.gt864_cf5_pair_t0c2_slothy_start.split:[117-123]: **************... (14)
INFO:gt864-friso2-two-block-schedule.gt864_cf5_pair_t0c2_slothy_start.split:[123-129]: ****************. (16)
INFO:gt864-friso2-two-block-schedule.gt864_cf5_pair_t0c2_slothy_start.split:[129-135]: ***************.. (15)
INFO:gt864-friso2-two-block-schedule.gt864_cf5_pair_t0c2_slothy_start.split:[135-142]: *************.... (13)
INFO:gt864-friso2-two-block-schedule.gt864_cf5_pair_t0c2_slothy_start.split:[142-148]: *************.... (13)
INFO:gt864-friso2-two-block-schedule.gt864_cf5_pair_t0c2_slothy_start.split:[148-154]: **************... (14)
INFO:gt864-friso2-two-block-schedule.gt864_cf5_pair_t0c2_slothy_start.split:[154-160]: **************... (14)
INFO:gt864-friso2-two-block-schedule.gt864_cf5_pair_t0c2_slothy_start.split:[160-166]: ***************.. (15)
INFO:gt864-friso2-two-block-schedule.gt864_cf5_pair_t0c2_slothy_start.split:[166-173]: ***************.. (15)
INFO:gt864-friso2-two-block-schedule.gt864_cf5_pair_t0c2_slothy_start.split:[173-179]: ***************.. (15)
INFO:gt864-friso2-two-block-schedule.gt864_cf5_pair_t0c2_slothy_start.split:[179-185]: ***************.. (15)
INFO:gt864-friso2-two-block-schedule.gt864_cf5_pair_t0c2_slothy_start.split:[185-191]: ***************.. (15)
INFO:gt864-friso2-two-block-schedule.gt864_cf5_pair_t0c2_slothy_start.split:[191-197]: **************... (14)
INFO:gt864-friso2-two-block-schedule.gt864_cf5_pair_t0c2_slothy_start.split:[197-203]: *************.... (13)
INFO:gt864-friso2-two-block-schedule.gt864_cf5_pair_t0c2_slothy_start.split:[203-210]: ************..... (12)
INFO:gt864-friso2-two-block-schedule.gt864_cf5_pair_t0c2_slothy_start.split:[210-216]: ***********...... (11)
INFO:gt864-friso2-two-block-schedule.gt864_cf5_pair_t0c2_slothy_start.split:[216-222]: ************..... (12)
INFO:gt864-friso2-two-block-schedule.gt864_cf5_pair_t0c2_slothy_start.split:[222-228]: ************..... (12)
INFO:gt864-friso2-two-block-schedule.gt864_cf5_pair_t0c2_slothy_start.split:[228-234]: *************.... (13)
INFO:gt864-friso2-two-block-schedule.gt864_cf5_pair_t0c2_slothy_start.split:[234-241]: *************.... (13)
INFO:gt864-friso2-two-block-schedule.gt864_cf5_pair_t0c2_slothy_start.split:[241-247]: *************.... (13)
INFO:gt864-friso2-two-block-schedule.gt864_cf5_pair_t0c2_slothy_start.split:[247-253]: *************.... (13)
INFO:gt864-friso2-two-block-schedule.gt864_cf5_pair_t0c2_slothy_start.split:[253-259]: *************.... (13)
INFO:gt864-friso2-two-block-schedule.gt864_cf5_pair_t0c2_slothy_start.split:[259-265]: **************... (14)
INFO:gt864-friso2-two-block-schedule.gt864_cf5_pair_t0c2_slothy_start.split:[265-271]: **************... (14)
INFO:gt864-friso2-two-block-schedule.gt864_cf5_pair_t0c2_slothy_start.split:[271-278]: **************... (14)
INFO:gt864-friso2-two-block-schedule.gt864_cf5_pair_t0c2_slothy_start.split:[278-284]: **************... (14)
INFO:gt864-friso2-two-block-schedule.gt864_cf5_pair_t0c2_slothy_start.split:[284-290]: *************.... (13)
INFO:gt864-friso2-two-block-schedule.gt864_cf5_pair_t0c2_slothy_start.split:[290-296]: *************.... (13)
INFO:gt864-friso2-two-block-schedule.gt864_cf5_pair_t0c2_slothy_start.split:[296-302]: *************.... (13)
INFO:gt864-friso2-two-block-schedule.gt864_cf5_pair_t0c2_slothy_start.split:[302-309]: **********....... (10)
INFO:gt864-friso2-two-block-schedule.gt864_cf5_pair_t0c2_slothy_start.split.124_143:Perform internal binary search for minimal number of stalls...
INFO:gt864-friso2-two-block-schedule.gt864_cf5_pair_t0c2_slothy_start.split.124_143:Attempt optimization with max 256 stalls...
INFO:gt864-friso2-two-block-schedule.gt864_cf5_pair_t0c2_slothy_start.split.124_143:Setting timeout of 1800 seconds...
INFO:gt864-friso2-two-block-schedule.gt864_cf5_pair_t0c2_slothy_start.split.124_143:Objective: minimize cycles
INFO:gt864-friso2-two-block-schedule.gt864_cf5_pair_t0c2_slothy_start.split.124_143:Invoking external constraint solver (OR-Tools CP-SAT v9.15.6755) ...
INFO:gt864-friso2-two-block-schedule.gt864_cf5_pair_t0c2_slothy_start.split.124_143:[0.1652s]: Found 1 solutions so far... objective (minimize cycles): currently  (Cycles ~ 31.0, IPC ~ 0.61), bound  (Cycles ~ 15.0, IPC ~ 1.27)
INFO:gt864-friso2-two-block-schedule.gt864_cf5_pair_t0c2_slothy_start.split.124_143:[0.1708s]: Found 2 solutions so far... objective (minimize cycles): currently  (Cycles ~ 29.0, IPC ~ 0.66), bound  (Cycles ~ 15.0, IPC ~ 1.27)
INFO:gt864-friso2-two-block-schedule.gt864_cf5_pair_t0c2_slothy_start.split.124_143:[0.1758s]: Found 3 solutions so far... objective (minimize cycles): currently  (Cycles ~ 28.0, IPC ~ 0.68), bound  (Cycles ~ 16.0, IPC ~ 1.19)
INFO:gt864-friso2-two-block-schedule.gt864_cf5_pair_t0c2_slothy_start.split.124_143:[0.1785s]: Found 4 solutions so far... objective (minimize cycles): currently  (Cycles ~ 27.0, IPC ~ 0.70), bound  (Cycles ~ 16.0, IPC ~ 1.19)
INFO:gt864-friso2-two-block-schedule.gt864_cf5_pair_t0c2_slothy_start.split.124_143:[0.1947s]: Found 5 solutions so far... objective (minimize cycles): currently  (Cycles ~ 25.0, IPC ~ 0.76), bound  (Cycles ~ 17.0, IPC ~ 1.12)
INFO:gt864-friso2-two-block-schedule.gt864_cf5_pair_t0c2_slothy_start.split.124_143:[0.2090s]: Found 6 solutions so far... objective (minimize cycles): currently  (Cycles ~ 24.0, IPC ~ 0.79), bound  (Cycles ~ 18.0, IPC ~ 1.06)
INFO:gt864-friso2-two-block-schedule.gt864_cf5_pair_t0c2_slothy_start.split.124_143:[0.2141s]: Found 7 solutions so far... objective (minimize cycles): currently  (Cycles ~ 23.0, IPC ~ 0.83), bound  (Cycles ~ 23.0, IPC ~ 0.83)
INFO:gt864-friso2-two-block-schedule.gt864_cf5_pair_t0c2_slothy_start.split.124_143:Closer than 0 stalls to theoretical optimum... stop
INFO:gt864-friso2-two-block-schedule.gt864_cf5_pair_t0c2_slothy_start.split.124_143:OPTIMAL, wall time: 0.227772 s
INFO:gt864-friso2-two-block-schedule.gt864_cf5_pair_t0c2_slothy_start.split.124_143:Booleans in result: 135
INFO:gt864-friso2-two-block-schedule.gt864_cf5_pair_t0c2_slothy_start.split.124_143.selfcheck:OK!
INFO:gt864-friso2-two-block-schedule.gt864_cf5_pair_t0c2_slothy_start.split.124_143:Minimum number of stalls: 18
INFO:gt864-friso2-two-block-schedule.gt864_cf5_pair_t0c2_slothy_start.split:[  0-  6]: *******.......... (7)
INFO:gt864-friso2-two-block-schedule.gt864_cf5_pair_t0c2_slothy_start.split:[  6- 12]: ***********...... (11)
INFO:gt864-friso2-two-block-schedule.gt864_cf5_pair_t0c2_slothy_start.split:[ 12- 18]: *************.... (13)
INFO:gt864-friso2-two-block-schedule.gt864_cf5_pair_t0c2_slothy_start.split:[ 18- 24]: **************... (14)
INFO:gt864-friso2-two-block-schedule.gt864_cf5_pair_t0c2_slothy_start.split:[ 24- 30]: **************... (14)
INFO:gt864-friso2-two-block-schedule.gt864_cf5_pair_t0c2_slothy_start.split:[ 30- 37]: ****************. (16)
INFO:gt864-friso2-two-block-schedule.gt864_cf5_pair_t0c2_slothy_start.split:[ 37- 43]: **************... (14)
INFO:gt864-friso2-two-block-schedule.gt864_cf5_pair_t0c2_slothy_start.split:[ 43- 49]: **************... (14)
INFO:gt864-friso2-two-block-schedule.gt864_cf5_pair_t0c2_slothy_start.split:[ 49- 55]: **************... (14)
INFO:gt864-friso2-two-block-schedule.gt864_cf5_pair_t0c2_slothy_start.split:[ 55- 61]: **************... (14)
INFO:gt864-friso2-two-block-schedule.gt864_cf5_pair_t0c2_slothy_start.split:[ 61- 67]: **************... (14)
INFO:gt864-friso2-two-block-schedule.gt864_cf5_pair_t0c2_slothy_start.split:[ 67- 74]: *************.... (13)
INFO:gt864-friso2-two-block-schedule.gt864_cf5_pair_t0c2_slothy_start.split:[ 74- 80]: **************... (14)
INFO:gt864-friso2-two-block-schedule.gt864_cf5_pair_t0c2_slothy_start.split:[ 80- 86]: **************... (14)
INFO:gt864-friso2-two-block-schedule.gt864_cf5_pair_t0c2_slothy_start.split:[ 86- 92]: ************..... (12)
INFO:gt864-friso2-two-block-schedule.gt864_cf5_pair_t0c2_slothy_start.split:[ 92- 98]: ***********...... (11)
INFO:gt864-friso2-two-block-schedule.gt864_cf5_pair_t0c2_slothy_start.split:[ 98-105]: **********....... (10)
INFO:gt864-friso2-two-block-schedule.gt864_cf5_pair_t0c2_slothy_start.split:[105-111]: ***********...... (11)
INFO:gt864-friso2-two-block-schedule.gt864_cf5_pair_t0c2_slothy_start.split:[111-117]: *************.... (13)
INFO:gt864-friso2-two-block-schedule.gt864_cf5_pair_t0c2_slothy_start.split:[117-123]: ************..... (12)
INFO:gt864-friso2-two-block-schedule.gt864_cf5_pair_t0c2_slothy_start.split:[123-129]: **************... (14)
INFO:gt864-friso2-two-block-schedule.gt864_cf5_pair_t0c2_slothy_start.split:[129-135]: ***************.. (15)
INFO:gt864-friso2-two-block-schedule.gt864_cf5_pair_t0c2_slothy_start.split:[135-142]: ****************. (16)
INFO:gt864-friso2-two-block-schedule.gt864_cf5_pair_t0c2_slothy_start.split:[142-148]: ****************. (16)
INFO:gt864-friso2-two-block-schedule.gt864_cf5_pair_t0c2_slothy_start.split:[148-154]: ***************.. (15)
INFO:gt864-friso2-two-block-schedule.gt864_cf5_pair_t0c2_slothy_start.split:[154-160]: **************... (14)
INFO:gt864-friso2-two-block-schedule.gt864_cf5_pair_t0c2_slothy_start.split:[160-166]: ***************.. (15)
INFO:gt864-friso2-two-block-schedule.gt864_cf5_pair_t0c2_slothy_start.split:[166-173]: ***************.. (15)
INFO:gt864-friso2-two-block-schedule.gt864_cf5_pair_t0c2_slothy_start.split:[173-179]: ***************.. (15)
INFO:gt864-friso2-two-block-schedule.gt864_cf5_pair_t0c2_slothy_start.split:[179-185]: ***************.. (15)
INFO:gt864-friso2-two-block-schedule.gt864_cf5_pair_t0c2_slothy_start.split:[185-191]: ***************.. (15)
INFO:gt864-friso2-two-block-schedule.gt864_cf5_pair_t0c2_slothy_start.split:[191-197]: **************... (14)
INFO:gt864-friso2-two-block-schedule.gt864_cf5_pair_t0c2_slothy_start.split:[197-203]: *************.... (13)
INFO:gt864-friso2-two-block-schedule.gt864_cf5_pair_t0c2_slothy_start.split:[203-210]: ************..... (12)
INFO:gt864-friso2-two-block-schedule.gt864_cf5_pair_t0c2_slothy_start.split:[210-216]: ***********...... (11)
INFO:gt864-friso2-two-block-schedule.gt864_cf5_pair_t0c2_slothy_start.split:[216-222]: ************..... (12)
INFO:gt864-friso2-two-block-schedule.gt864_cf5_pair_t0c2_slothy_start.split:[222-228]: ************..... (12)
INFO:gt864-friso2-two-block-schedule.gt864_cf5_pair_t0c2_slothy_start.split:[228-234]: *************.... (13)
INFO:gt864-friso2-two-block-schedule.gt864_cf5_pair_t0c2_slothy_start.split:[234-241]: *************.... (13)
INFO:gt864-friso2-two-block-schedule.gt864_cf5_pair_t0c2_slothy_start.split:[241-247]: *************.... (13)
INFO:gt864-friso2-two-block-schedule.gt864_cf5_pair_t0c2_slothy_start.split:[247-253]: *************.... (13)
INFO:gt864-friso2-two-block-schedule.gt864_cf5_pair_t0c2_slothy_start.split:[253-259]: *************.... (13)
INFO:gt864-friso2-two-block-schedule.gt864_cf5_pair_t0c2_slothy_start.split:[259-265]: **************... (14)
INFO:gt864-friso2-two-block-schedule.gt864_cf5_pair_t0c2_slothy_start.split:[265-271]: **************... (14)
INFO:gt864-friso2-two-block-schedule.gt864_cf5_pair_t0c2_slothy_start.split:[271-278]: **************... (14)
INFO:gt864-friso2-two-block-schedule.gt864_cf5_pair_t0c2_slothy_start.split:[278-284]: **************... (14)
INFO:gt864-friso2-two-block-schedule.gt864_cf5_pair_t0c2_slothy_start.split:[284-290]: *************.... (13)
INFO:gt864-friso2-two-block-schedule.gt864_cf5_pair_t0c2_slothy_start.split:[290-296]: *************.... (13)
INFO:gt864-friso2-two-block-schedule.gt864_cf5_pair_t0c2_slothy_start.split:[296-302]: *************.... (13)
INFO:gt864-friso2-two-block-schedule.gt864_cf5_pair_t0c2_slothy_start.split:[302-309]: **********....... (10)
INFO:gt864-friso2-two-block-schedule.gt864_cf5_pair_t0c2_slothy_start.split.139_158:Perform internal binary search for minimal number of stalls...
INFO:gt864-friso2-two-block-schedule.gt864_cf5_pair_t0c2_slothy_start.split.139_158:Attempt optimization with max 256 stalls...
INFO:gt864-friso2-two-block-schedule.gt864_cf5_pair_t0c2_slothy_start.split.139_158:Setting timeout of 1800 seconds...
INFO:gt864-friso2-two-block-schedule.gt864_cf5_pair_t0c2_slothy_start.split.139_158:Objective: minimize cycles
INFO:gt864-friso2-two-block-schedule.gt864_cf5_pair_t0c2_slothy_start.split.139_158:Invoking external constraint solver (OR-Tools CP-SAT v9.15.6755) ...
INFO:gt864-friso2-two-block-schedule.gt864_cf5_pair_t0c2_slothy_start.split.139_158:[0.1569s]: Found 1 solutions so far... objective (minimize cycles): currently  (Cycles ~ 19.0, IPC ~ 1.00), bound  (Cycles ~ 13.0, IPC ~ 1.46)
INFO:gt864-friso2-two-block-schedule.gt864_cf5_pair_t0c2_slothy_start.split.139_158:OPTIMAL, wall time: 0.205042 s
INFO:gt864-friso2-two-block-schedule.gt864_cf5_pair_t0c2_slothy_start.split.139_158:Booleans in result: 180
INFO:gt864-friso2-two-block-schedule.gt864_cf5_pair_t0c2_slothy_start.split.139_158.selfcheck:OK!
INFO:gt864-friso2-two-block-schedule.gt864_cf5_pair_t0c2_slothy_start.split.139_158:Minimum number of stalls: 14
INFO:gt864-friso2-two-block-schedule.gt864_cf5_pair_t0c2_slothy_start.split:[  0-  6]: *******.......... (7)
INFO:gt864-friso2-two-block-schedule.gt864_cf5_pair_t0c2_slothy_start.split:[  6- 12]: ***********...... (11)
INFO:gt864-friso2-two-block-schedule.gt864_cf5_pair_t0c2_slothy_start.split:[ 12- 18]: *************.... (13)
INFO:gt864-friso2-two-block-schedule.gt864_cf5_pair_t0c2_slothy_start.split:[ 18- 24]: **************... (14)
INFO:gt864-friso2-two-block-schedule.gt864_cf5_pair_t0c2_slothy_start.split:[ 24- 30]: **************... (14)
INFO:gt864-friso2-two-block-schedule.gt864_cf5_pair_t0c2_slothy_start.split:[ 30- 37]: ****************. (16)
INFO:gt864-friso2-two-block-schedule.gt864_cf5_pair_t0c2_slothy_start.split:[ 37- 43]: **************... (14)
INFO:gt864-friso2-two-block-schedule.gt864_cf5_pair_t0c2_slothy_start.split:[ 43- 49]: **************... (14)
INFO:gt864-friso2-two-block-schedule.gt864_cf5_pair_t0c2_slothy_start.split:[ 49- 55]: **************... (14)
INFO:gt864-friso2-two-block-schedule.gt864_cf5_pair_t0c2_slothy_start.split:[ 55- 61]: **************... (14)
INFO:gt864-friso2-two-block-schedule.gt864_cf5_pair_t0c2_slothy_start.split:[ 61- 67]: **************... (14)
INFO:gt864-friso2-two-block-schedule.gt864_cf5_pair_t0c2_slothy_start.split:[ 67- 74]: *************.... (13)
INFO:gt864-friso2-two-block-schedule.gt864_cf5_pair_t0c2_slothy_start.split:[ 74- 80]: **************... (14)
INFO:gt864-friso2-two-block-schedule.gt864_cf5_pair_t0c2_slothy_start.split:[ 80- 86]: **************... (14)
INFO:gt864-friso2-two-block-schedule.gt864_cf5_pair_t0c2_slothy_start.split:[ 86- 92]: ************..... (12)
INFO:gt864-friso2-two-block-schedule.gt864_cf5_pair_t0c2_slothy_start.split:[ 92- 98]: ***********...... (11)
INFO:gt864-friso2-two-block-schedule.gt864_cf5_pair_t0c2_slothy_start.split:[ 98-105]: **********....... (10)
INFO:gt864-friso2-two-block-schedule.gt864_cf5_pair_t0c2_slothy_start.split:[105-111]: ***********...... (11)
INFO:gt864-friso2-two-block-schedule.gt864_cf5_pair_t0c2_slothy_start.split:[111-117]: *************.... (13)
INFO:gt864-friso2-two-block-schedule.gt864_cf5_pair_t0c2_slothy_start.split:[117-123]: ************..... (12)
INFO:gt864-friso2-two-block-schedule.gt864_cf5_pair_t0c2_slothy_start.split:[123-129]: **************... (14)
INFO:gt864-friso2-two-block-schedule.gt864_cf5_pair_t0c2_slothy_start.split:[129-135]: *************.... (13)
INFO:gt864-friso2-two-block-schedule.gt864_cf5_pair_t0c2_slothy_start.split:[135-142]: ************..... (12)
INFO:gt864-friso2-two-block-schedule.gt864_cf5_pair_t0c2_slothy_start.split:[142-148]: *************.... (13)
INFO:gt864-friso2-two-block-schedule.gt864_cf5_pair_t0c2_slothy_start.split:[148-154]: *************.... (13)
INFO:gt864-friso2-two-block-schedule.gt864_cf5_pair_t0c2_slothy_start.split:[154-160]: ***************.. (15)
INFO:gt864-friso2-two-block-schedule.gt864_cf5_pair_t0c2_slothy_start.split:[160-166]: ***************.. (15)
INFO:gt864-friso2-two-block-schedule.gt864_cf5_pair_t0c2_slothy_start.split:[166-173]: ***************.. (15)
INFO:gt864-friso2-two-block-schedule.gt864_cf5_pair_t0c2_slothy_start.split:[173-179]: ***************.. (15)
INFO:gt864-friso2-two-block-schedule.gt864_cf5_pair_t0c2_slothy_start.split:[179-185]: ***************.. (15)
INFO:gt864-friso2-two-block-schedule.gt864_cf5_pair_t0c2_slothy_start.split:[185-191]: ***************.. (15)
INFO:gt864-friso2-two-block-schedule.gt864_cf5_pair_t0c2_slothy_start.split:[191-197]: **************... (14)
INFO:gt864-friso2-two-block-schedule.gt864_cf5_pair_t0c2_slothy_start.split:[197-203]: *************.... (13)
INFO:gt864-friso2-two-block-schedule.gt864_cf5_pair_t0c2_slothy_start.split:[203-210]: ************..... (12)
INFO:gt864-friso2-two-block-schedule.gt864_cf5_pair_t0c2_slothy_start.split:[210-216]: ***********...... (11)
INFO:gt864-friso2-two-block-schedule.gt864_cf5_pair_t0c2_slothy_start.split:[216-222]: ************..... (12)
INFO:gt864-friso2-two-block-schedule.gt864_cf5_pair_t0c2_slothy_start.split:[222-228]: ************..... (12)
INFO:gt864-friso2-two-block-schedule.gt864_cf5_pair_t0c2_slothy_start.split:[228-234]: *************.... (13)
INFO:gt864-friso2-two-block-schedule.gt864_cf5_pair_t0c2_slothy_start.split:[234-241]: *************.... (13)
INFO:gt864-friso2-two-block-schedule.gt864_cf5_pair_t0c2_slothy_start.split:[241-247]: *************.... (13)
INFO:gt864-friso2-two-block-schedule.gt864_cf5_pair_t0c2_slothy_start.split:[247-253]: *************.... (13)
INFO:gt864-friso2-two-block-schedule.gt864_cf5_pair_t0c2_slothy_start.split:[253-259]: *************.... (13)
INFO:gt864-friso2-two-block-schedule.gt864_cf5_pair_t0c2_slothy_start.split:[259-265]: **************... (14)
INFO:gt864-friso2-two-block-schedule.gt864_cf5_pair_t0c2_slothy_start.split:[265-271]: **************... (14)
INFO:gt864-friso2-two-block-schedule.gt864_cf5_pair_t0c2_slothy_start.split:[271-278]: **************... (14)
INFO:gt864-friso2-two-block-schedule.gt864_cf5_pair_t0c2_slothy_start.split:[278-284]: **************... (14)
INFO:gt864-friso2-two-block-schedule.gt864_cf5_pair_t0c2_slothy_start.split:[284-290]: *************.... (13)
INFO:gt864-friso2-two-block-schedule.gt864_cf5_pair_t0c2_slothy_start.split:[290-296]: *************.... (13)
INFO:gt864-friso2-two-block-schedule.gt864_cf5_pair_t0c2_slothy_start.split:[296-302]: *************.... (13)
INFO:gt864-friso2-two-block-schedule.gt864_cf5_pair_t0c2_slothy_start.split:[302-309]: **********....... (10)
INFO:gt864-friso2-two-block-schedule.gt864_cf5_pair_t0c2_slothy_start.split.154_174:Perform internal binary search for minimal number of stalls...
INFO:gt864-friso2-two-block-schedule.gt864_cf5_pair_t0c2_slothy_start.split.154_174:Attempt optimization with max 256 stalls...
INFO:gt864-friso2-two-block-schedule.gt864_cf5_pair_t0c2_slothy_start.split.154_174:Setting timeout of 1800 seconds...
INFO:gt864-friso2-two-block-schedule.gt864_cf5_pair_t0c2_slothy_start.split.154_174:Objective: minimize cycles
INFO:gt864-friso2-two-block-schedule.gt864_cf5_pair_t0c2_slothy_start.split.154_174:Invoking external constraint solver (OR-Tools CP-SAT v9.15.6755) ...
INFO:gt864-friso2-two-block-schedule.gt864_cf5_pair_t0c2_slothy_start.split.154_174:[0.1905s]: Found 1 solutions so far... objective (minimize cycles): currently  (Cycles ~ 27.0, IPC ~ 0.74), bound  (Cycles ~ 23.0, IPC ~ 0.87)
INFO:gt864-friso2-two-block-schedule.gt864_cf5_pair_t0c2_slothy_start.split.154_174:OPTIMAL, wall time: 0.207420 s
INFO:gt864-friso2-two-block-schedule.gt864_cf5_pair_t0c2_slothy_start.split.154_174:Booleans in result: 210
INFO:gt864-friso2-two-block-schedule.gt864_cf5_pair_t0c2_slothy_start.split.154_174.selfcheck:OK!
INFO:gt864-friso2-two-block-schedule.gt864_cf5_pair_t0c2_slothy_start.split.154_174:Minimum number of stalls: 22
INFO:gt864-friso2-two-block-schedule.gt864_cf5_pair_t0c2_slothy_start.split:[  0-  6]: *******.......... (7)
INFO:gt864-friso2-two-block-schedule.gt864_cf5_pair_t0c2_slothy_start.split:[  6- 12]: ***********...... (11)
INFO:gt864-friso2-two-block-schedule.gt864_cf5_pair_t0c2_slothy_start.split:[ 12- 18]: *************.... (13)
INFO:gt864-friso2-two-block-schedule.gt864_cf5_pair_t0c2_slothy_start.split:[ 18- 24]: **************... (14)
INFO:gt864-friso2-two-block-schedule.gt864_cf5_pair_t0c2_slothy_start.split:[ 24- 30]: **************... (14)
INFO:gt864-friso2-two-block-schedule.gt864_cf5_pair_t0c2_slothy_start.split:[ 30- 37]: ****************. (16)
INFO:gt864-friso2-two-block-schedule.gt864_cf5_pair_t0c2_slothy_start.split:[ 37- 43]: **************... (14)
INFO:gt864-friso2-two-block-schedule.gt864_cf5_pair_t0c2_slothy_start.split:[ 43- 49]: **************... (14)
INFO:gt864-friso2-two-block-schedule.gt864_cf5_pair_t0c2_slothy_start.split:[ 49- 55]: **************... (14)
INFO:gt864-friso2-two-block-schedule.gt864_cf5_pair_t0c2_slothy_start.split:[ 55- 61]: **************... (14)
INFO:gt864-friso2-two-block-schedule.gt864_cf5_pair_t0c2_slothy_start.split:[ 61- 67]: **************... (14)
INFO:gt864-friso2-two-block-schedule.gt864_cf5_pair_t0c2_slothy_start.split:[ 67- 74]: *************.... (13)
INFO:gt864-friso2-two-block-schedule.gt864_cf5_pair_t0c2_slothy_start.split:[ 74- 80]: **************... (14)
INFO:gt864-friso2-two-block-schedule.gt864_cf5_pair_t0c2_slothy_start.split:[ 80- 86]: **************... (14)
INFO:gt864-friso2-two-block-schedule.gt864_cf5_pair_t0c2_slothy_start.split:[ 86- 92]: ************..... (12)
INFO:gt864-friso2-two-block-schedule.gt864_cf5_pair_t0c2_slothy_start.split:[ 92- 98]: ***********...... (11)
INFO:gt864-friso2-two-block-schedule.gt864_cf5_pair_t0c2_slothy_start.split:[ 98-105]: **********....... (10)
INFO:gt864-friso2-two-block-schedule.gt864_cf5_pair_t0c2_slothy_start.split:[105-111]: ***********...... (11)
INFO:gt864-friso2-two-block-schedule.gt864_cf5_pair_t0c2_slothy_start.split:[111-117]: *************.... (13)
INFO:gt864-friso2-two-block-schedule.gt864_cf5_pair_t0c2_slothy_start.split:[117-123]: ************..... (12)
INFO:gt864-friso2-two-block-schedule.gt864_cf5_pair_t0c2_slothy_start.split:[123-129]: **************... (14)
INFO:gt864-friso2-two-block-schedule.gt864_cf5_pair_t0c2_slothy_start.split:[129-135]: *************.... (13)
INFO:gt864-friso2-two-block-schedule.gt864_cf5_pair_t0c2_slothy_start.split:[135-142]: ************..... (12)
INFO:gt864-friso2-two-block-schedule.gt864_cf5_pair_t0c2_slothy_start.split:[142-148]: ************..... (12)
INFO:gt864-friso2-two-block-schedule.gt864_cf5_pair_t0c2_slothy_start.split:[148-154]: ***********...... (11)
INFO:gt864-friso2-two-block-schedule.gt864_cf5_pair_t0c2_slothy_start.split:[154-160]: *************.... (13)
INFO:gt864-friso2-two-block-schedule.gt864_cf5_pair_t0c2_slothy_start.split:[160-166]: ***************.. (15)
INFO:gt864-friso2-two-block-schedule.gt864_cf5_pair_t0c2_slothy_start.split:[166-173]: ****************. (16)
INFO:gt864-friso2-two-block-schedule.gt864_cf5_pair_t0c2_slothy_start.split:[173-179]: ****************. (16)
INFO:gt864-friso2-two-block-schedule.gt864_cf5_pair_t0c2_slothy_start.split:[179-185]: ***************.. (15)
INFO:gt864-friso2-two-block-schedule.gt864_cf5_pair_t0c2_slothy_start.split:[185-191]: ***************.. (15)
INFO:gt864-friso2-two-block-schedule.gt864_cf5_pair_t0c2_slothy_start.split:[191-197]: **************... (14)
INFO:gt864-friso2-two-block-schedule.gt864_cf5_pair_t0c2_slothy_start.split:[197-203]: *************.... (13)
INFO:gt864-friso2-two-block-schedule.gt864_cf5_pair_t0c2_slothy_start.split:[203-210]: ************..... (12)
INFO:gt864-friso2-two-block-schedule.gt864_cf5_pair_t0c2_slothy_start.split:[210-216]: ***********...... (11)
INFO:gt864-friso2-two-block-schedule.gt864_cf5_pair_t0c2_slothy_start.split:[216-222]: ************..... (12)
INFO:gt864-friso2-two-block-schedule.gt864_cf5_pair_t0c2_slothy_start.split:[222-228]: ************..... (12)
INFO:gt864-friso2-two-block-schedule.gt864_cf5_pair_t0c2_slothy_start.split:[228-234]: *************.... (13)
INFO:gt864-friso2-two-block-schedule.gt864_cf5_pair_t0c2_slothy_start.split:[234-241]: *************.... (13)
INFO:gt864-friso2-two-block-schedule.gt864_cf5_pair_t0c2_slothy_start.split:[241-247]: *************.... (13)
INFO:gt864-friso2-two-block-schedule.gt864_cf5_pair_t0c2_slothy_start.split:[247-253]: *************.... (13)
INFO:gt864-friso2-two-block-schedule.gt864_cf5_pair_t0c2_slothy_start.split:[253-259]: *************.... (13)
INFO:gt864-friso2-two-block-schedule.gt864_cf5_pair_t0c2_slothy_start.split:[259-265]: **************... (14)
INFO:gt864-friso2-two-block-schedule.gt864_cf5_pair_t0c2_slothy_start.split:[265-271]: **************... (14)
INFO:gt864-friso2-two-block-schedule.gt864_cf5_pair_t0c2_slothy_start.split:[271-278]: **************... (14)
INFO:gt864-friso2-two-block-schedule.gt864_cf5_pair_t0c2_slothy_start.split:[278-284]: **************... (14)
INFO:gt864-friso2-two-block-schedule.gt864_cf5_pair_t0c2_slothy_start.split:[284-290]: *************.... (13)
INFO:gt864-friso2-two-block-schedule.gt864_cf5_pair_t0c2_slothy_start.split:[290-296]: *************.... (13)
INFO:gt864-friso2-two-block-schedule.gt864_cf5_pair_t0c2_slothy_start.split:[296-302]: *************.... (13)
INFO:gt864-friso2-two-block-schedule.gt864_cf5_pair_t0c2_slothy_start.split:[302-309]: **********....... (10)
INFO:gt864-friso2-two-block-schedule.gt864_cf5_pair_t0c2_slothy_start.split.170_189:Perform internal binary search for minimal number of stalls...
INFO:gt864-friso2-two-block-schedule.gt864_cf5_pair_t0c2_slothy_start.split.170_189:Attempt optimization with max 256 stalls...
INFO:gt864-friso2-two-block-schedule.gt864_cf5_pair_t0c2_slothy_start.split.170_189:Setting timeout of 1800 seconds...
INFO:gt864-friso2-two-block-schedule.gt864_cf5_pair_t0c2_slothy_start.split.170_189:Objective: minimize cycles
INFO:gt864-friso2-two-block-schedule.gt864_cf5_pair_t0c2_slothy_start.split.170_189:Invoking external constraint solver (OR-Tools CP-SAT v9.15.6755) ...
INFO:gt864-friso2-two-block-schedule.gt864_cf5_pair_t0c2_slothy_start.split.170_189:[0.1698s]: Found 1 solutions so far... objective (minimize cycles): currently  (Cycles ~ 25.0, IPC ~ 0.76), bound  (Cycles ~ 11.0, IPC ~ 1.73)
INFO:gt864-friso2-two-block-schedule.gt864_cf5_pair_t0c2_slothy_start.split.170_189:OPTIMAL, wall time: 0.185683 s
INFO:gt864-friso2-two-block-schedule.gt864_cf5_pair_t0c2_slothy_start.split.170_189:Booleans in result: 169
INFO:gt864-friso2-two-block-schedule.gt864_cf5_pair_t0c2_slothy_start.split.170_189.selfcheck:OK!
INFO:gt864-friso2-two-block-schedule.gt864_cf5_pair_t0c2_slothy_start.split.170_189:Minimum number of stalls: 20
INFO:gt864-friso2-two-block-schedule.gt864_cf5_pair_t0c2_slothy_start.split:[  0-  6]: *******.......... (7)
INFO:gt864-friso2-two-block-schedule.gt864_cf5_pair_t0c2_slothy_start.split:[  6- 12]: ***********...... (11)
INFO:gt864-friso2-two-block-schedule.gt864_cf5_pair_t0c2_slothy_start.split:[ 12- 18]: *************.... (13)
INFO:gt864-friso2-two-block-schedule.gt864_cf5_pair_t0c2_slothy_start.split:[ 18- 24]: **************... (14)
INFO:gt864-friso2-two-block-schedule.gt864_cf5_pair_t0c2_slothy_start.split:[ 24- 30]: **************... (14)
INFO:gt864-friso2-two-block-schedule.gt864_cf5_pair_t0c2_slothy_start.split:[ 30- 37]: ****************. (16)
INFO:gt864-friso2-two-block-schedule.gt864_cf5_pair_t0c2_slothy_start.split:[ 37- 43]: **************... (14)
INFO:gt864-friso2-two-block-schedule.gt864_cf5_pair_t0c2_slothy_start.split:[ 43- 49]: **************... (14)
INFO:gt864-friso2-two-block-schedule.gt864_cf5_pair_t0c2_slothy_start.split:[ 49- 55]: **************... (14)
INFO:gt864-friso2-two-block-schedule.gt864_cf5_pair_t0c2_slothy_start.split:[ 55- 61]: **************... (14)
INFO:gt864-friso2-two-block-schedule.gt864_cf5_pair_t0c2_slothy_start.split:[ 61- 67]: **************... (14)
INFO:gt864-friso2-two-block-schedule.gt864_cf5_pair_t0c2_slothy_start.split:[ 67- 74]: *************.... (13)
INFO:gt864-friso2-two-block-schedule.gt864_cf5_pair_t0c2_slothy_start.split:[ 74- 80]: **************... (14)
INFO:gt864-friso2-two-block-schedule.gt864_cf5_pair_t0c2_slothy_start.split:[ 80- 86]: **************... (14)
INFO:gt864-friso2-two-block-schedule.gt864_cf5_pair_t0c2_slothy_start.split:[ 86- 92]: ************..... (12)
INFO:gt864-friso2-two-block-schedule.gt864_cf5_pair_t0c2_slothy_start.split:[ 92- 98]: ***********...... (11)
INFO:gt864-friso2-two-block-schedule.gt864_cf5_pair_t0c2_slothy_start.split:[ 98-105]: **********....... (10)
INFO:gt864-friso2-two-block-schedule.gt864_cf5_pair_t0c2_slothy_start.split:[105-111]: ***********...... (11)
INFO:gt864-friso2-two-block-schedule.gt864_cf5_pair_t0c2_slothy_start.split:[111-117]: *************.... (13)
INFO:gt864-friso2-two-block-schedule.gt864_cf5_pair_t0c2_slothy_start.split:[117-123]: ************..... (12)
INFO:gt864-friso2-two-block-schedule.gt864_cf5_pair_t0c2_slothy_start.split:[123-129]: **************... (14)
INFO:gt864-friso2-two-block-schedule.gt864_cf5_pair_t0c2_slothy_start.split:[129-135]: *************.... (13)
INFO:gt864-friso2-two-block-schedule.gt864_cf5_pair_t0c2_slothy_start.split:[135-142]: ************..... (12)
INFO:gt864-friso2-two-block-schedule.gt864_cf5_pair_t0c2_slothy_start.split:[142-148]: ************..... (12)
INFO:gt864-friso2-two-block-schedule.gt864_cf5_pair_t0c2_slothy_start.split:[148-154]: ***********...... (11)
INFO:gt864-friso2-two-block-schedule.gt864_cf5_pair_t0c2_slothy_start.split:[154-160]: *************.... (13)
INFO:gt864-friso2-two-block-schedule.gt864_cf5_pair_t0c2_slothy_start.split:[160-166]: *************.... (13)
INFO:gt864-friso2-two-block-schedule.gt864_cf5_pair_t0c2_slothy_start.split:[166-173]: **************... (14)
INFO:gt864-friso2-two-block-schedule.gt864_cf5_pair_t0c2_slothy_start.split:[173-179]: ***************.. (15)
INFO:gt864-friso2-two-block-schedule.gt864_cf5_pair_t0c2_slothy_start.split:[179-185]: ***************.. (15)
INFO:gt864-friso2-two-block-schedule.gt864_cf5_pair_t0c2_slothy_start.split:[185-191]: ****************. (16)
INFO:gt864-friso2-two-block-schedule.gt864_cf5_pair_t0c2_slothy_start.split:[191-197]: ***************.. (15)
INFO:gt864-friso2-two-block-schedule.gt864_cf5_pair_t0c2_slothy_start.split:[197-203]: *************.... (13)
INFO:gt864-friso2-two-block-schedule.gt864_cf5_pair_t0c2_slothy_start.split:[203-210]: ************..... (12)
INFO:gt864-friso2-two-block-schedule.gt864_cf5_pair_t0c2_slothy_start.split:[210-216]: ***********...... (11)
INFO:gt864-friso2-two-block-schedule.gt864_cf5_pair_t0c2_slothy_start.split:[216-222]: ************..... (12)
INFO:gt864-friso2-two-block-schedule.gt864_cf5_pair_t0c2_slothy_start.split:[222-228]: ************..... (12)
INFO:gt864-friso2-two-block-schedule.gt864_cf5_pair_t0c2_slothy_start.split:[228-234]: *************.... (13)
INFO:gt864-friso2-two-block-schedule.gt864_cf5_pair_t0c2_slothy_start.split:[234-241]: *************.... (13)
INFO:gt864-friso2-two-block-schedule.gt864_cf5_pair_t0c2_slothy_start.split:[241-247]: *************.... (13)
INFO:gt864-friso2-two-block-schedule.gt864_cf5_pair_t0c2_slothy_start.split:[247-253]: *************.... (13)
INFO:gt864-friso2-two-block-schedule.gt864_cf5_pair_t0c2_slothy_start.split:[253-259]: *************.... (13)
INFO:gt864-friso2-two-block-schedule.gt864_cf5_pair_t0c2_slothy_start.split:[259-265]: **************... (14)
INFO:gt864-friso2-two-block-schedule.gt864_cf5_pair_t0c2_slothy_start.split:[265-271]: **************... (14)
INFO:gt864-friso2-two-block-schedule.gt864_cf5_pair_t0c2_slothy_start.split:[271-278]: **************... (14)
INFO:gt864-friso2-two-block-schedule.gt864_cf5_pair_t0c2_slothy_start.split:[278-284]: **************... (14)
INFO:gt864-friso2-two-block-schedule.gt864_cf5_pair_t0c2_slothy_start.split:[284-290]: *************.... (13)
INFO:gt864-friso2-two-block-schedule.gt864_cf5_pair_t0c2_slothy_start.split:[290-296]: *************.... (13)
INFO:gt864-friso2-two-block-schedule.gt864_cf5_pair_t0c2_slothy_start.split:[296-302]: *************.... (13)
INFO:gt864-friso2-two-block-schedule.gt864_cf5_pair_t0c2_slothy_start.split:[302-309]: **********....... (10)
INFO:gt864-friso2-two-block-schedule.gt864_cf5_pair_t0c2_slothy_start.split.185_205:Perform internal binary search for minimal number of stalls...
INFO:gt864-friso2-two-block-schedule.gt864_cf5_pair_t0c2_slothy_start.split.185_205:Attempt optimization with max 256 stalls...
INFO:gt864-friso2-two-block-schedule.gt864_cf5_pair_t0c2_slothy_start.split.185_205:Setting timeout of 1800 seconds...
INFO:gt864-friso2-two-block-schedule.gt864_cf5_pair_t0c2_slothy_start.split.185_205:Objective: minimize cycles
INFO:gt864-friso2-two-block-schedule.gt864_cf5_pair_t0c2_slothy_start.split.185_205:Invoking external constraint solver (OR-Tools CP-SAT v9.15.6755) ...
INFO:gt864-friso2-two-block-schedule.gt864_cf5_pair_t0c2_slothy_start.split.185_205:[0.1486s]: Found 1 solutions so far... objective (minimize cycles): currently  (Cycles ~ 28.0, IPC ~ 0.71), bound  (Cycles ~ 21.0, IPC ~ 0.95)
INFO:gt864-friso2-two-block-schedule.gt864_cf5_pair_t0c2_slothy_start.split.185_205:[0.1546s]: Found 2 solutions so far... objective (minimize cycles): currently  (Cycles ~ 27.0, IPC ~ 0.74), bound  (Cycles ~ 22.0, IPC ~ 0.91)
INFO:gt864-friso2-two-block-schedule.gt864_cf5_pair_t0c2_slothy_start.split.185_205:OPTIMAL, wall time: 0.170138 s
INFO:gt864-friso2-two-block-schedule.gt864_cf5_pair_t0c2_slothy_start.split.185_205:Booleans in result: 127
INFO:gt864-friso2-two-block-schedule.gt864_cf5_pair_t0c2_slothy_start.split.185_205.selfcheck:OK!
INFO:gt864-friso2-two-block-schedule.gt864_cf5_pair_t0c2_slothy_start.split.185_205:Minimum number of stalls: 22
INFO:gt864-friso2-two-block-schedule.gt864_cf5_pair_t0c2_slothy_start.split:[  0-  6]: *******.......... (7)
INFO:gt864-friso2-two-block-schedule.gt864_cf5_pair_t0c2_slothy_start.split:[  6- 12]: ***********...... (11)
INFO:gt864-friso2-two-block-schedule.gt864_cf5_pair_t0c2_slothy_start.split:[ 12- 18]: *************.... (13)
INFO:gt864-friso2-two-block-schedule.gt864_cf5_pair_t0c2_slothy_start.split:[ 18- 24]: **************... (14)
INFO:gt864-friso2-two-block-schedule.gt864_cf5_pair_t0c2_slothy_start.split:[ 24- 30]: **************... (14)
INFO:gt864-friso2-two-block-schedule.gt864_cf5_pair_t0c2_slothy_start.split:[ 30- 37]: ****************. (16)
INFO:gt864-friso2-two-block-schedule.gt864_cf5_pair_t0c2_slothy_start.split:[ 37- 43]: **************... (14)
INFO:gt864-friso2-two-block-schedule.gt864_cf5_pair_t0c2_slothy_start.split:[ 43- 49]: **************... (14)
INFO:gt864-friso2-two-block-schedule.gt864_cf5_pair_t0c2_slothy_start.split:[ 49- 55]: **************... (14)
INFO:gt864-friso2-two-block-schedule.gt864_cf5_pair_t0c2_slothy_start.split:[ 55- 61]: **************... (14)
INFO:gt864-friso2-two-block-schedule.gt864_cf5_pair_t0c2_slothy_start.split:[ 61- 67]: **************... (14)
INFO:gt864-friso2-two-block-schedule.gt864_cf5_pair_t0c2_slothy_start.split:[ 67- 74]: *************.... (13)
INFO:gt864-friso2-two-block-schedule.gt864_cf5_pair_t0c2_slothy_start.split:[ 74- 80]: **************... (14)
INFO:gt864-friso2-two-block-schedule.gt864_cf5_pair_t0c2_slothy_start.split:[ 80- 86]: **************... (14)
INFO:gt864-friso2-two-block-schedule.gt864_cf5_pair_t0c2_slothy_start.split:[ 86- 92]: ************..... (12)
INFO:gt864-friso2-two-block-schedule.gt864_cf5_pair_t0c2_slothy_start.split:[ 92- 98]: ***********...... (11)
INFO:gt864-friso2-two-block-schedule.gt864_cf5_pair_t0c2_slothy_start.split:[ 98-105]: **********....... (10)
INFO:gt864-friso2-two-block-schedule.gt864_cf5_pair_t0c2_slothy_start.split:[105-111]: ***********...... (11)
INFO:gt864-friso2-two-block-schedule.gt864_cf5_pair_t0c2_slothy_start.split:[111-117]: *************.... (13)
INFO:gt864-friso2-two-block-schedule.gt864_cf5_pair_t0c2_slothy_start.split:[117-123]: ************..... (12)
INFO:gt864-friso2-two-block-schedule.gt864_cf5_pair_t0c2_slothy_start.split:[123-129]: **************... (14)
INFO:gt864-friso2-two-block-schedule.gt864_cf5_pair_t0c2_slothy_start.split:[129-135]: *************.... (13)
INFO:gt864-friso2-two-block-schedule.gt864_cf5_pair_t0c2_slothy_start.split:[135-142]: ************..... (12)
INFO:gt864-friso2-two-block-schedule.gt864_cf5_pair_t0c2_slothy_start.split:[142-148]: ************..... (12)
INFO:gt864-friso2-two-block-schedule.gt864_cf5_pair_t0c2_slothy_start.split:[148-154]: ***********...... (11)
INFO:gt864-friso2-two-block-schedule.gt864_cf5_pair_t0c2_slothy_start.split:[154-160]: *************.... (13)
INFO:gt864-friso2-two-block-schedule.gt864_cf5_pair_t0c2_slothy_start.split:[160-166]: *************.... (13)
INFO:gt864-friso2-two-block-schedule.gt864_cf5_pair_t0c2_slothy_start.split:[166-173]: **************... (14)
INFO:gt864-friso2-two-block-schedule.gt864_cf5_pair_t0c2_slothy_start.split:[173-179]: **************... (14)
INFO:gt864-friso2-two-block-schedule.gt864_cf5_pair_t0c2_slothy_start.split:[179-185]: **************... (14)
INFO:gt864-friso2-two-block-schedule.gt864_cf5_pair_t0c2_slothy_start.split:[185-191]: ***************.. (15)
INFO:gt864-friso2-two-block-schedule.gt864_cf5_pair_t0c2_slothy_start.split:[191-197]: ****************. (16)
INFO:gt864-friso2-two-block-schedule.gt864_cf5_pair_t0c2_slothy_start.split:[197-203]: ***************.. (15)
INFO:gt864-friso2-two-block-schedule.gt864_cf5_pair_t0c2_slothy_start.split:[203-210]: **************... (14)
INFO:gt864-friso2-two-block-schedule.gt864_cf5_pair_t0c2_slothy_start.split:[210-216]: ***********...... (11)
INFO:gt864-friso2-two-block-schedule.gt864_cf5_pair_t0c2_slothy_start.split:[216-222]: ************..... (12)
INFO:gt864-friso2-two-block-schedule.gt864_cf5_pair_t0c2_slothy_start.split:[222-228]: ************..... (12)
INFO:gt864-friso2-two-block-schedule.gt864_cf5_pair_t0c2_slothy_start.split:[228-234]: *************.... (13)
INFO:gt864-friso2-two-block-schedule.gt864_cf5_pair_t0c2_slothy_start.split:[234-241]: *************.... (13)
INFO:gt864-friso2-two-block-schedule.gt864_cf5_pair_t0c2_slothy_start.split:[241-247]: *************.... (13)
INFO:gt864-friso2-two-block-schedule.gt864_cf5_pair_t0c2_slothy_start.split:[247-253]: *************.... (13)
INFO:gt864-friso2-two-block-schedule.gt864_cf5_pair_t0c2_slothy_start.split:[253-259]: *************.... (13)
INFO:gt864-friso2-two-block-schedule.gt864_cf5_pair_t0c2_slothy_start.split:[259-265]: **************... (14)
INFO:gt864-friso2-two-block-schedule.gt864_cf5_pair_t0c2_slothy_start.split:[265-271]: **************... (14)
INFO:gt864-friso2-two-block-schedule.gt864_cf5_pair_t0c2_slothy_start.split:[271-278]: **************... (14)
INFO:gt864-friso2-two-block-schedule.gt864_cf5_pair_t0c2_slothy_start.split:[278-284]: **************... (14)
INFO:gt864-friso2-two-block-schedule.gt864_cf5_pair_t0c2_slothy_start.split:[284-290]: *************.... (13)
INFO:gt864-friso2-two-block-schedule.gt864_cf5_pair_t0c2_slothy_start.split:[290-296]: *************.... (13)
INFO:gt864-friso2-two-block-schedule.gt864_cf5_pair_t0c2_slothy_start.split:[296-302]: *************.... (13)
INFO:gt864-friso2-two-block-schedule.gt864_cf5_pair_t0c2_slothy_start.split:[302-309]: **********....... (10)
INFO:gt864-friso2-two-block-schedule.gt864_cf5_pair_t0c2_slothy_start.split.201_220:Perform internal binary search for minimal number of stalls...
INFO:gt864-friso2-two-block-schedule.gt864_cf5_pair_t0c2_slothy_start.split.201_220:Attempt optimization with max 256 stalls...
INFO:gt864-friso2-two-block-schedule.gt864_cf5_pair_t0c2_slothy_start.split.201_220:Setting timeout of 1800 seconds...
INFO:gt864-friso2-two-block-schedule.gt864_cf5_pair_t0c2_slothy_start.split.201_220:Objective: minimize cycles
INFO:gt864-friso2-two-block-schedule.gt864_cf5_pair_t0c2_slothy_start.split.201_220:Invoking external constraint solver (OR-Tools CP-SAT v9.15.6755) ...
INFO:gt864-friso2-two-block-schedule.gt864_cf5_pair_t0c2_slothy_start.split.201_220:[0.2505s]: Found 1 solutions so far... objective (minimize cycles): currently  (Cycles ~ 37.0, IPC ~ 0.51), bound  (Cycles ~ 13.0, IPC ~ 1.46)
INFO:gt864-friso2-two-block-schedule.gt864_cf5_pair_t0c2_slothy_start.split.201_220:[0.2556s]: Found 2 solutions so far... objective (minimize cycles): currently  (Cycles ~ 21.0, IPC ~ 0.90), bound  (Cycles ~ 13.0, IPC ~ 1.46)
INFO:gt864-friso2-two-block-schedule.gt864_cf5_pair_t0c2_slothy_start.split.201_220:[0.2724s]: Found 3 solutions so far... objective (minimize cycles): currently  (Cycles ~ 19.0, IPC ~ 1.00), bound  (Cycles ~ 14.0, IPC ~ 1.36)
INFO:gt864-friso2-two-block-schedule.gt864_cf5_pair_t0c2_slothy_start.split.201_220:[0.2935s]: Found 4 solutions so far... objective (minimize cycles): currently  (Cycles ~ 18.0, IPC ~ 1.06), bound  (Cycles ~ 16.0, IPC ~ 1.19)
INFO:gt864-friso2-two-block-schedule.gt864_cf5_pair_t0c2_slothy_start.split.201_220:[0.3051s]: Found 5 solutions so far... objective (minimize cycles): currently  (Cycles ~ 17.0, IPC ~ 1.12), bound  (Cycles ~ 16.0, IPC ~ 1.19)
INFO:gt864-friso2-two-block-schedule.gt864_cf5_pair_t0c2_slothy_start.split.201_220:[0.3085s]: Found 6 solutions so far... objective (minimize cycles): currently  (Cycles ~ 16.0, IPC ~ 1.19), bound  (Cycles ~ 16.0, IPC ~ 1.19)
INFO:gt864-friso2-two-block-schedule.gt864_cf5_pair_t0c2_slothy_start.split.201_220:Closer than 0 stalls to theoretical optimum... stop
INFO:gt864-friso2-two-block-schedule.gt864_cf5_pair_t0c2_slothy_start.split.201_220:OPTIMAL, wall time: 0.318435 s
INFO:gt864-friso2-two-block-schedule.gt864_cf5_pair_t0c2_slothy_start.split.201_220:Booleans in result: 163
INFO:gt864-friso2-two-block-schedule.gt864_cf5_pair_t0c2_slothy_start.split.201_220.selfcheck:OK!
INFO:gt864-friso2-two-block-schedule.gt864_cf5_pair_t0c2_slothy_start.split.201_220:Minimum number of stalls: 11
INFO:gt864-friso2-two-block-schedule.gt864_cf5_pair_t0c2_slothy_start.split:[  0-  6]: *******.......... (7)
INFO:gt864-friso2-two-block-schedule.gt864_cf5_pair_t0c2_slothy_start.split:[  6- 12]: ***********...... (11)
INFO:gt864-friso2-two-block-schedule.gt864_cf5_pair_t0c2_slothy_start.split:[ 12- 18]: *************.... (13)
INFO:gt864-friso2-two-block-schedule.gt864_cf5_pair_t0c2_slothy_start.split:[ 18- 24]: **************... (14)
INFO:gt864-friso2-two-block-schedule.gt864_cf5_pair_t0c2_slothy_start.split:[ 24- 30]: **************... (14)
INFO:gt864-friso2-two-block-schedule.gt864_cf5_pair_t0c2_slothy_start.split:[ 30- 37]: ****************. (16)
INFO:gt864-friso2-two-block-schedule.gt864_cf5_pair_t0c2_slothy_start.split:[ 37- 43]: **************... (14)
INFO:gt864-friso2-two-block-schedule.gt864_cf5_pair_t0c2_slothy_start.split:[ 43- 49]: **************... (14)
INFO:gt864-friso2-two-block-schedule.gt864_cf5_pair_t0c2_slothy_start.split:[ 49- 55]: **************... (14)
INFO:gt864-friso2-two-block-schedule.gt864_cf5_pair_t0c2_slothy_start.split:[ 55- 61]: **************... (14)
INFO:gt864-friso2-two-block-schedule.gt864_cf5_pair_t0c2_slothy_start.split:[ 61- 67]: **************... (14)
INFO:gt864-friso2-two-block-schedule.gt864_cf5_pair_t0c2_slothy_start.split:[ 67- 74]: *************.... (13)
INFO:gt864-friso2-two-block-schedule.gt864_cf5_pair_t0c2_slothy_start.split:[ 74- 80]: **************... (14)
INFO:gt864-friso2-two-block-schedule.gt864_cf5_pair_t0c2_slothy_start.split:[ 80- 86]: **************... (14)
INFO:gt864-friso2-two-block-schedule.gt864_cf5_pair_t0c2_slothy_start.split:[ 86- 92]: ************..... (12)
INFO:gt864-friso2-two-block-schedule.gt864_cf5_pair_t0c2_slothy_start.split:[ 92- 98]: ***********...... (11)
INFO:gt864-friso2-two-block-schedule.gt864_cf5_pair_t0c2_slothy_start.split:[ 98-105]: **********....... (10)
INFO:gt864-friso2-two-block-schedule.gt864_cf5_pair_t0c2_slothy_start.split:[105-111]: ***********...... (11)
INFO:gt864-friso2-two-block-schedule.gt864_cf5_pair_t0c2_slothy_start.split:[111-117]: *************.... (13)
INFO:gt864-friso2-two-block-schedule.gt864_cf5_pair_t0c2_slothy_start.split:[117-123]: ************..... (12)
INFO:gt864-friso2-two-block-schedule.gt864_cf5_pair_t0c2_slothy_start.split:[123-129]: **************... (14)
INFO:gt864-friso2-two-block-schedule.gt864_cf5_pair_t0c2_slothy_start.split:[129-135]: *************.... (13)
INFO:gt864-friso2-two-block-schedule.gt864_cf5_pair_t0c2_slothy_start.split:[135-142]: ************..... (12)
INFO:gt864-friso2-two-block-schedule.gt864_cf5_pair_t0c2_slothy_start.split:[142-148]: ************..... (12)
INFO:gt864-friso2-two-block-schedule.gt864_cf5_pair_t0c2_slothy_start.split:[148-154]: ***********...... (11)
INFO:gt864-friso2-two-block-schedule.gt864_cf5_pair_t0c2_slothy_start.split:[154-160]: *************.... (13)
INFO:gt864-friso2-two-block-schedule.gt864_cf5_pair_t0c2_slothy_start.split:[160-166]: *************.... (13)
INFO:gt864-friso2-two-block-schedule.gt864_cf5_pair_t0c2_slothy_start.split:[166-173]: **************... (14)
INFO:gt864-friso2-two-block-schedule.gt864_cf5_pair_t0c2_slothy_start.split:[173-179]: **************... (14)
INFO:gt864-friso2-two-block-schedule.gt864_cf5_pair_t0c2_slothy_start.split:[179-185]: **************... (14)
INFO:gt864-friso2-two-block-schedule.gt864_cf5_pair_t0c2_slothy_start.split:[185-191]: ***************.. (15)
INFO:gt864-friso2-two-block-schedule.gt864_cf5_pair_t0c2_slothy_start.split:[191-197]: ***************.. (15)
INFO:gt864-friso2-two-block-schedule.gt864_cf5_pair_t0c2_slothy_start.split:[197-203]: ***************.. (15)
INFO:gt864-friso2-two-block-schedule.gt864_cf5_pair_t0c2_slothy_start.split:[203-210]: *************.... (13)
INFO:gt864-friso2-two-block-schedule.gt864_cf5_pair_t0c2_slothy_start.split:[210-216]: ************..... (12)
INFO:gt864-friso2-two-block-schedule.gt864_cf5_pair_t0c2_slothy_start.split:[216-222]: *************.... (13)
INFO:gt864-friso2-two-block-schedule.gt864_cf5_pair_t0c2_slothy_start.split:[222-228]: *************.... (13)
INFO:gt864-friso2-two-block-schedule.gt864_cf5_pair_t0c2_slothy_start.split:[228-234]: *************.... (13)
INFO:gt864-friso2-two-block-schedule.gt864_cf5_pair_t0c2_slothy_start.split:[234-241]: *************.... (13)
INFO:gt864-friso2-two-block-schedule.gt864_cf5_pair_t0c2_slothy_start.split:[241-247]: *************.... (13)
INFO:gt864-friso2-two-block-schedule.gt864_cf5_pair_t0c2_slothy_start.split:[247-253]: *************.... (13)
INFO:gt864-friso2-two-block-schedule.gt864_cf5_pair_t0c2_slothy_start.split:[253-259]: *************.... (13)
INFO:gt864-friso2-two-block-schedule.gt864_cf5_pair_t0c2_slothy_start.split:[259-265]: **************... (14)
INFO:gt864-friso2-two-block-schedule.gt864_cf5_pair_t0c2_slothy_start.split:[265-271]: **************... (14)
INFO:gt864-friso2-two-block-schedule.gt864_cf5_pair_t0c2_slothy_start.split:[271-278]: **************... (14)
INFO:gt864-friso2-two-block-schedule.gt864_cf5_pair_t0c2_slothy_start.split:[278-284]: **************... (14)
INFO:gt864-friso2-two-block-schedule.gt864_cf5_pair_t0c2_slothy_start.split:[284-290]: *************.... (13)
INFO:gt864-friso2-two-block-schedule.gt864_cf5_pair_t0c2_slothy_start.split:[290-296]: *************.... (13)
INFO:gt864-friso2-two-block-schedule.gt864_cf5_pair_t0c2_slothy_start.split:[296-302]: *************.... (13)
INFO:gt864-friso2-two-block-schedule.gt864_cf5_pair_t0c2_slothy_start.split:[302-309]: **********....... (10)
INFO:gt864-friso2-two-block-schedule.gt864_cf5_pair_t0c2_slothy_start.split.216_236:Perform internal binary search for minimal number of stalls...
INFO:gt864-friso2-two-block-schedule.gt864_cf5_pair_t0c2_slothy_start.split.216_236:Attempt optimization with max 256 stalls...
INFO:gt864-friso2-two-block-schedule.gt864_cf5_pair_t0c2_slothy_start.split.216_236:Setting timeout of 1800 seconds...
INFO:gt864-friso2-two-block-schedule.gt864_cf5_pair_t0c2_slothy_start.split.216_236:Objective: minimize cycles
INFO:gt864-friso2-two-block-schedule.gt864_cf5_pair_t0c2_slothy_start.split.216_236:Invoking external constraint solver (OR-Tools CP-SAT v9.15.6755) ...
INFO:gt864-friso2-two-block-schedule.gt864_cf5_pair_t0c2_slothy_start.split.216_236:[0.2041s]: Found 1 solutions so far... objective (minimize cycles): currently  (Cycles ~ 27.0, IPC ~ 0.74), bound  (Cycles ~ 20.0, IPC ~ 1.00)
INFO:gt864-friso2-two-block-schedule.gt864_cf5_pair_t0c2_slothy_start.split.216_236:[0.2126s]: Found 2 solutions so far... objective (minimize cycles): currently  (Cycles ~ 25.0, IPC ~ 0.80), bound  (Cycles ~ 20.0, IPC ~ 1.00)
INFO:gt864-friso2-two-block-schedule.gt864_cf5_pair_t0c2_slothy_start.split.216_236:[0.2198s]: Found 3 solutions so far... objective (minimize cycles): currently  (Cycles ~ 24.0, IPC ~ 0.83), bound  (Cycles ~ 20.0, IPC ~ 1.00)
INFO:gt864-friso2-two-block-schedule.gt864_cf5_pair_t0c2_slothy_start.split.216_236:[0.2261s]: Found 4 solutions so far... objective (minimize cycles): currently  (Cycles ~ 23.0, IPC ~ 0.87), bound  (Cycles ~ 21.0, IPC ~ 0.95)
INFO:gt864-friso2-two-block-schedule.gt864_cf5_pair_t0c2_slothy_start.split.216_236:[0.2322s]: Found 5 solutions so far... objective (minimize cycles): currently  (Cycles ~ 22.0, IPC ~ 0.91), bound  (Cycles ~ 21.0, IPC ~ 0.95)
INFO:gt864-friso2-two-block-schedule.gt864_cf5_pair_t0c2_slothy_start.split.216_236:[0.2425s]: Found 6 solutions so far... objective (minimize cycles): currently  (Cycles ~ 21.0, IPC ~ 0.95), bound  (Cycles ~ 21.0, IPC ~ 0.95)
INFO:gt864-friso2-two-block-schedule.gt864_cf5_pair_t0c2_slothy_start.split.216_236:Closer than 0 stalls to theoretical optimum... stop
INFO:gt864-friso2-two-block-schedule.gt864_cf5_pair_t0c2_slothy_start.split.216_236:OPTIMAL, wall time: 0.253209 s
INFO:gt864-friso2-two-block-schedule.gt864_cf5_pair_t0c2_slothy_start.split.216_236:Booleans in result: 161
INFO:gt864-friso2-two-block-schedule.gt864_cf5_pair_t0c2_slothy_start.split.216_236.selfcheck:OK!
INFO:gt864-friso2-two-block-schedule.gt864_cf5_pair_t0c2_slothy_start.split.216_236:Minimum number of stalls: 16
INFO:gt864-friso2-two-block-schedule.gt864_cf5_pair_t0c2_slothy_start.split:[  0-  6]: *******........... (7)
INFO:gt864-friso2-two-block-schedule.gt864_cf5_pair_t0c2_slothy_start.split:[  6- 12]: ***********....... (11)
INFO:gt864-friso2-two-block-schedule.gt864_cf5_pair_t0c2_slothy_start.split:[ 12- 18]: *************..... (13)
INFO:gt864-friso2-two-block-schedule.gt864_cf5_pair_t0c2_slothy_start.split:[ 18- 24]: **************.... (14)
INFO:gt864-friso2-two-block-schedule.gt864_cf5_pair_t0c2_slothy_start.split:[ 24- 30]: **************.... (14)
INFO:gt864-friso2-two-block-schedule.gt864_cf5_pair_t0c2_slothy_start.split:[ 30- 37]: ****************.. (16)
INFO:gt864-friso2-two-block-schedule.gt864_cf5_pair_t0c2_slothy_start.split:[ 37- 43]: **************.... (14)
INFO:gt864-friso2-two-block-schedule.gt864_cf5_pair_t0c2_slothy_start.split:[ 43- 49]: **************.... (14)
INFO:gt864-friso2-two-block-schedule.gt864_cf5_pair_t0c2_slothy_start.split:[ 49- 55]: **************.... (14)
INFO:gt864-friso2-two-block-schedule.gt864_cf5_pair_t0c2_slothy_start.split:[ 55- 61]: **************.... (14)
INFO:gt864-friso2-two-block-schedule.gt864_cf5_pair_t0c2_slothy_start.split:[ 61- 67]: **************.... (14)
INFO:gt864-friso2-two-block-schedule.gt864_cf5_pair_t0c2_slothy_start.split:[ 67- 74]: *************..... (13)
INFO:gt864-friso2-two-block-schedule.gt864_cf5_pair_t0c2_slothy_start.split:[ 74- 80]: **************.... (14)
INFO:gt864-friso2-two-block-schedule.gt864_cf5_pair_t0c2_slothy_start.split:[ 80- 86]: **************.... (14)
INFO:gt864-friso2-two-block-schedule.gt864_cf5_pair_t0c2_slothy_start.split:[ 86- 92]: ************...... (12)
INFO:gt864-friso2-two-block-schedule.gt864_cf5_pair_t0c2_slothy_start.split:[ 92- 98]: ***********....... (11)
INFO:gt864-friso2-two-block-schedule.gt864_cf5_pair_t0c2_slothy_start.split:[ 98-105]: **********........ (10)
INFO:gt864-friso2-two-block-schedule.gt864_cf5_pair_t0c2_slothy_start.split:[105-111]: ***********....... (11)
INFO:gt864-friso2-two-block-schedule.gt864_cf5_pair_t0c2_slothy_start.split:[111-117]: *************..... (13)
INFO:gt864-friso2-two-block-schedule.gt864_cf5_pair_t0c2_slothy_start.split:[117-123]: ************...... (12)
INFO:gt864-friso2-two-block-schedule.gt864_cf5_pair_t0c2_slothy_start.split:[123-129]: **************.... (14)
INFO:gt864-friso2-two-block-schedule.gt864_cf5_pair_t0c2_slothy_start.split:[129-135]: *************..... (13)
INFO:gt864-friso2-two-block-schedule.gt864_cf5_pair_t0c2_slothy_start.split:[135-142]: ************...... (12)
INFO:gt864-friso2-two-block-schedule.gt864_cf5_pair_t0c2_slothy_start.split:[142-148]: ************...... (12)
INFO:gt864-friso2-two-block-schedule.gt864_cf5_pair_t0c2_slothy_start.split:[148-154]: ***********....... (11)
INFO:gt864-friso2-two-block-schedule.gt864_cf5_pair_t0c2_slothy_start.split:[154-160]: *************..... (13)
INFO:gt864-friso2-two-block-schedule.gt864_cf5_pair_t0c2_slothy_start.split:[160-166]: *************..... (13)
INFO:gt864-friso2-two-block-schedule.gt864_cf5_pair_t0c2_slothy_start.split:[166-173]: **************.... (14)
INFO:gt864-friso2-two-block-schedule.gt864_cf5_pair_t0c2_slothy_start.split:[173-179]: **************.... (14)
INFO:gt864-friso2-two-block-schedule.gt864_cf5_pair_t0c2_slothy_start.split:[179-185]: **************.... (14)
INFO:gt864-friso2-two-block-schedule.gt864_cf5_pair_t0c2_slothy_start.split:[185-191]: ***************... (15)
INFO:gt864-friso2-two-block-schedule.gt864_cf5_pair_t0c2_slothy_start.split:[191-197]: ***************... (15)
INFO:gt864-friso2-two-block-schedule.gt864_cf5_pair_t0c2_slothy_start.split:[197-203]: ***************... (15)
INFO:gt864-friso2-two-block-schedule.gt864_cf5_pair_t0c2_slothy_start.split:[203-210]: *************..... (13)
INFO:gt864-friso2-two-block-schedule.gt864_cf5_pair_t0c2_slothy_start.split:[210-216]: ************...... (12)
INFO:gt864-friso2-two-block-schedule.gt864_cf5_pair_t0c2_slothy_start.split:[216-222]: *************..... (13)
INFO:gt864-friso2-two-block-schedule.gt864_cf5_pair_t0c2_slothy_start.split:[222-228]: ***************... (15)
INFO:gt864-friso2-two-block-schedule.gt864_cf5_pair_t0c2_slothy_start.split:[228-234]: *****************. (17)
INFO:gt864-friso2-two-block-schedule.gt864_cf5_pair_t0c2_slothy_start.split:[234-241]: ****************.. (16)
INFO:gt864-friso2-two-block-schedule.gt864_cf5_pair_t0c2_slothy_start.split:[241-247]: **************.... (14)
INFO:gt864-friso2-two-block-schedule.gt864_cf5_pair_t0c2_slothy_start.split:[247-253]: *************..... (13)
INFO:gt864-friso2-two-block-schedule.gt864_cf5_pair_t0c2_slothy_start.split:[253-259]: *************..... (13)
INFO:gt864-friso2-two-block-schedule.gt864_cf5_pair_t0c2_slothy_start.split:[259-265]: **************.... (14)
INFO:gt864-friso2-two-block-schedule.gt864_cf5_pair_t0c2_slothy_start.split:[265-271]: **************.... (14)
INFO:gt864-friso2-two-block-schedule.gt864_cf5_pair_t0c2_slothy_start.split:[271-278]: **************.... (14)
INFO:gt864-friso2-two-block-schedule.gt864_cf5_pair_t0c2_slothy_start.split:[278-284]: **************.... (14)
INFO:gt864-friso2-two-block-schedule.gt864_cf5_pair_t0c2_slothy_start.split:[284-290]: *************..... (13)
INFO:gt864-friso2-two-block-schedule.gt864_cf5_pair_t0c2_slothy_start.split:[290-296]: *************..... (13)
INFO:gt864-friso2-two-block-schedule.gt864_cf5_pair_t0c2_slothy_start.split:[296-302]: *************..... (13)
INFO:gt864-friso2-two-block-schedule.gt864_cf5_pair_t0c2_slothy_start.split:[302-309]: **********........ (10)
INFO:gt864-friso2-two-block-schedule.gt864_cf5_pair_t0c2_slothy_start.split.232_251:Perform internal binary search for minimal number of stalls...
INFO:gt864-friso2-two-block-schedule.gt864_cf5_pair_t0c2_slothy_start.split.232_251:Attempt optimization with max 256 stalls...
INFO:gt864-friso2-two-block-schedule.gt864_cf5_pair_t0c2_slothy_start.split.232_251:Setting timeout of 1800 seconds...
INFO:gt864-friso2-two-block-schedule.gt864_cf5_pair_t0c2_slothy_start.split.232_251:Objective: minimize cycles
INFO:gt864-friso2-two-block-schedule.gt864_cf5_pair_t0c2_slothy_start.split.232_251:Invoking external constraint solver (OR-Tools CP-SAT v9.15.6755) ...
INFO:gt864-friso2-two-block-schedule.gt864_cf5_pair_t0c2_slothy_start.split.232_251:[0.1750s]: Found 1 solutions so far... objective (minimize cycles): currently  (Cycles ~ 27.0, IPC ~ 0.70), bound  (Cycles ~ 16.0, IPC ~ 1.19)
INFO:gt864-friso2-two-block-schedule.gt864_cf5_pair_t0c2_slothy_start.split.232_251:[0.1809s]: Found 2 solutions so far... objective (minimize cycles): currently  (Cycles ~ 25.0, IPC ~ 0.76), bound  (Cycles ~ 18.0, IPC ~ 1.06)
INFO:gt864-friso2-two-block-schedule.gt864_cf5_pair_t0c2_slothy_start.split.232_251:[0.1862s]: Found 3 solutions so far... objective (minimize cycles): currently  (Cycles ~ 24.0, IPC ~ 0.79), bound  (Cycles ~ 18.0, IPC ~ 1.06)
INFO:gt864-friso2-two-block-schedule.gt864_cf5_pair_t0c2_slothy_start.split.232_251:[0.1934s]: Found 4 solutions so far... objective (minimize cycles): currently  (Cycles ~ 23.0, IPC ~ 0.83), bound  (Cycles ~ 18.0, IPC ~ 1.06)
INFO:gt864-friso2-two-block-schedule.gt864_cf5_pair_t0c2_slothy_start.split.232_251:[0.2007s]: Found 5 solutions so far... objective (minimize cycles): currently  (Cycles ~ 22.0, IPC ~ 0.86), bound  (Cycles ~ 18.0, IPC ~ 1.06)
INFO:gt864-friso2-two-block-schedule.gt864_cf5_pair_t0c2_slothy_start.split.232_251:[0.2045s]: Found 6 solutions so far... objective (minimize cycles): currently  (Cycles ~ 21.0, IPC ~ 0.90), bound  (Cycles ~ 18.0, IPC ~ 1.06)
INFO:gt864-friso2-two-block-schedule.gt864_cf5_pair_t0c2_slothy_start.split.232_251:OPTIMAL, wall time: 0.216074 s
INFO:gt864-friso2-two-block-schedule.gt864_cf5_pair_t0c2_slothy_start.split.232_251:Booleans in result: 133
INFO:gt864-friso2-two-block-schedule.gt864_cf5_pair_t0c2_slothy_start.split.232_251.selfcheck:OK!
INFO:gt864-friso2-two-block-schedule.gt864_cf5_pair_t0c2_slothy_start.split.232_251:Minimum number of stalls: 16
INFO:gt864-friso2-two-block-schedule.gt864_cf5_pair_t0c2_slothy_start.split:[  0-  6]: *******.......... (7)
INFO:gt864-friso2-two-block-schedule.gt864_cf5_pair_t0c2_slothy_start.split:[  6- 12]: ***********...... (11)
INFO:gt864-friso2-two-block-schedule.gt864_cf5_pair_t0c2_slothy_start.split:[ 12- 18]: *************.... (13)
INFO:gt864-friso2-two-block-schedule.gt864_cf5_pair_t0c2_slothy_start.split:[ 18- 24]: **************... (14)
INFO:gt864-friso2-two-block-schedule.gt864_cf5_pair_t0c2_slothy_start.split:[ 24- 30]: **************... (14)
INFO:gt864-friso2-two-block-schedule.gt864_cf5_pair_t0c2_slothy_start.split:[ 30- 37]: ****************. (16)
INFO:gt864-friso2-two-block-schedule.gt864_cf5_pair_t0c2_slothy_start.split:[ 37- 43]: **************... (14)
INFO:gt864-friso2-two-block-schedule.gt864_cf5_pair_t0c2_slothy_start.split:[ 43- 49]: **************... (14)
INFO:gt864-friso2-two-block-schedule.gt864_cf5_pair_t0c2_slothy_start.split:[ 49- 55]: **************... (14)
INFO:gt864-friso2-two-block-schedule.gt864_cf5_pair_t0c2_slothy_start.split:[ 55- 61]: **************... (14)
INFO:gt864-friso2-two-block-schedule.gt864_cf5_pair_t0c2_slothy_start.split:[ 61- 67]: **************... (14)
INFO:gt864-friso2-two-block-schedule.gt864_cf5_pair_t0c2_slothy_start.split:[ 67- 74]: *************.... (13)
INFO:gt864-friso2-two-block-schedule.gt864_cf5_pair_t0c2_slothy_start.split:[ 74- 80]: **************... (14)
INFO:gt864-friso2-two-block-schedule.gt864_cf5_pair_t0c2_slothy_start.split:[ 80- 86]: **************... (14)
INFO:gt864-friso2-two-block-schedule.gt864_cf5_pair_t0c2_slothy_start.split:[ 86- 92]: ************..... (12)
INFO:gt864-friso2-two-block-schedule.gt864_cf5_pair_t0c2_slothy_start.split:[ 92- 98]: ***********...... (11)
INFO:gt864-friso2-two-block-schedule.gt864_cf5_pair_t0c2_slothy_start.split:[ 98-105]: **********....... (10)
INFO:gt864-friso2-two-block-schedule.gt864_cf5_pair_t0c2_slothy_start.split:[105-111]: ***********...... (11)
INFO:gt864-friso2-two-block-schedule.gt864_cf5_pair_t0c2_slothy_start.split:[111-117]: *************.... (13)
INFO:gt864-friso2-two-block-schedule.gt864_cf5_pair_t0c2_slothy_start.split:[117-123]: ************..... (12)
INFO:gt864-friso2-two-block-schedule.gt864_cf5_pair_t0c2_slothy_start.split:[123-129]: **************... (14)
INFO:gt864-friso2-two-block-schedule.gt864_cf5_pair_t0c2_slothy_start.split:[129-135]: *************.... (13)
INFO:gt864-friso2-two-block-schedule.gt864_cf5_pair_t0c2_slothy_start.split:[135-142]: ************..... (12)
INFO:gt864-friso2-two-block-schedule.gt864_cf5_pair_t0c2_slothy_start.split:[142-148]: ************..... (12)
INFO:gt864-friso2-two-block-schedule.gt864_cf5_pair_t0c2_slothy_start.split:[148-154]: ***********...... (11)
INFO:gt864-friso2-two-block-schedule.gt864_cf5_pair_t0c2_slothy_start.split:[154-160]: *************.... (13)
INFO:gt864-friso2-two-block-schedule.gt864_cf5_pair_t0c2_slothy_start.split:[160-166]: *************.... (13)
INFO:gt864-friso2-two-block-schedule.gt864_cf5_pair_t0c2_slothy_start.split:[166-173]: **************... (14)
INFO:gt864-friso2-two-block-schedule.gt864_cf5_pair_t0c2_slothy_start.split:[173-179]: **************... (14)
INFO:gt864-friso2-two-block-schedule.gt864_cf5_pair_t0c2_slothy_start.split:[179-185]: **************... (14)
INFO:gt864-friso2-two-block-schedule.gt864_cf5_pair_t0c2_slothy_start.split:[185-191]: ***************.. (15)
INFO:gt864-friso2-two-block-schedule.gt864_cf5_pair_t0c2_slothy_start.split:[191-197]: ***************.. (15)
INFO:gt864-friso2-two-block-schedule.gt864_cf5_pair_t0c2_slothy_start.split:[197-203]: ***************.. (15)
INFO:gt864-friso2-two-block-schedule.gt864_cf5_pair_t0c2_slothy_start.split:[203-210]: *************.... (13)
INFO:gt864-friso2-two-block-schedule.gt864_cf5_pair_t0c2_slothy_start.split:[210-216]: ************..... (12)
INFO:gt864-friso2-two-block-schedule.gt864_cf5_pair_t0c2_slothy_start.split:[216-222]: *************.... (13)
INFO:gt864-friso2-two-block-schedule.gt864_cf5_pair_t0c2_slothy_start.split:[222-228]: *************.... (13)
INFO:gt864-friso2-two-block-schedule.gt864_cf5_pair_t0c2_slothy_start.split:[228-234]: ***************.. (15)
INFO:gt864-friso2-two-block-schedule.gt864_cf5_pair_t0c2_slothy_start.split:[234-241]: *************.... (13)
INFO:gt864-friso2-two-block-schedule.gt864_cf5_pair_t0c2_slothy_start.split:[241-247]: *************.... (13)
INFO:gt864-friso2-two-block-schedule.gt864_cf5_pair_t0c2_slothy_start.split:[247-253]: ************..... (12)
INFO:gt864-friso2-two-block-schedule.gt864_cf5_pair_t0c2_slothy_start.split:[253-259]: *************.... (13)
INFO:gt864-friso2-two-block-schedule.gt864_cf5_pair_t0c2_slothy_start.split:[259-265]: **************... (14)
INFO:gt864-friso2-two-block-schedule.gt864_cf5_pair_t0c2_slothy_start.split:[265-271]: **************... (14)
INFO:gt864-friso2-two-block-schedule.gt864_cf5_pair_t0c2_slothy_start.split:[271-278]: **************... (14)
INFO:gt864-friso2-two-block-schedule.gt864_cf5_pair_t0c2_slothy_start.split:[278-284]: **************... (14)
INFO:gt864-friso2-two-block-schedule.gt864_cf5_pair_t0c2_slothy_start.split:[284-290]: *************.... (13)
INFO:gt864-friso2-two-block-schedule.gt864_cf5_pair_t0c2_slothy_start.split:[290-296]: *************.... (13)
INFO:gt864-friso2-two-block-schedule.gt864_cf5_pair_t0c2_slothy_start.split:[296-302]: *************.... (13)
INFO:gt864-friso2-two-block-schedule.gt864_cf5_pair_t0c2_slothy_start.split:[302-309]: **********....... (10)
INFO:gt864-friso2-two-block-schedule.gt864_cf5_pair_t0c2_slothy_start.split.247_267:Perform internal binary search for minimal number of stalls...
INFO:gt864-friso2-two-block-schedule.gt864_cf5_pair_t0c2_slothy_start.split.247_267:Attempt optimization with max 256 stalls...
INFO:gt864-friso2-two-block-schedule.gt864_cf5_pair_t0c2_slothy_start.split.247_267:Setting timeout of 1800 seconds...
INFO:gt864-friso2-two-block-schedule.gt864_cf5_pair_t0c2_slothy_start.split.247_267:Objective: minimize cycles
INFO:gt864-friso2-two-block-schedule.gt864_cf5_pair_t0c2_slothy_start.split.247_267:Invoking external constraint solver (OR-Tools CP-SAT v9.15.6755) ...
INFO:gt864-friso2-two-block-schedule.gt864_cf5_pair_t0c2_slothy_start.split.247_267:[0.2309s]: Found 1 solutions so far... objective (minimize cycles): currently  (Cycles ~ 30.0, IPC ~ 0.67), bound  (Cycles ~ 14.0, IPC ~ 1.43)
INFO:gt864-friso2-two-block-schedule.gt864_cf5_pair_t0c2_slothy_start.split.247_267:[0.2377s]: Found 2 solutions so far... objective (minimize cycles): currently  (Cycles ~ 28.0, IPC ~ 0.71), bound  (Cycles ~ 14.0, IPC ~ 1.43)
INFO:gt864-friso2-two-block-schedule.gt864_cf5_pair_t0c2_slothy_start.split.247_267:[0.2492s]: Found 3 solutions so far... objective (minimize cycles): currently  (Cycles ~ 26.0, IPC ~ 0.77), bound  (Cycles ~ 14.0, IPC ~ 1.43)
INFO:gt864-friso2-two-block-schedule.gt864_cf5_pair_t0c2_slothy_start.split.247_267:[0.2562s]: Found 4 solutions so far... objective (minimize cycles): currently  (Cycles ~ 22.0, IPC ~ 0.91), bound  (Cycles ~ 14.0, IPC ~ 1.43)
INFO:gt864-friso2-two-block-schedule.gt864_cf5_pair_t0c2_slothy_start.split.247_267:[0.2617s]: Found 5 solutions so far... objective (minimize cycles): currently  (Cycles ~ 20.0, IPC ~ 1.00), bound  (Cycles ~ 14.0, IPC ~ 1.43)
INFO:gt864-friso2-two-block-schedule.gt864_cf5_pair_t0c2_slothy_start.split.247_267:[0.2736s]: Found 6 solutions so far... objective (minimize cycles): currently  (Cycles ~ 19.0, IPC ~ 1.05), bound  (Cycles ~ 14.0, IPC ~ 1.43)
INFO:gt864-friso2-two-block-schedule.gt864_cf5_pair_t0c2_slothy_start.split.247_267:OPTIMAL, wall time: 0.284933 s
INFO:gt864-friso2-two-block-schedule.gt864_cf5_pair_t0c2_slothy_start.split.247_267:Booleans in result: 158
INFO:gt864-friso2-two-block-schedule.gt864_cf5_pair_t0c2_slothy_start.split.247_267.selfcheck:OK!
INFO:gt864-friso2-two-block-schedule.gt864_cf5_pair_t0c2_slothy_start.split.247_267:Minimum number of stalls: 14
INFO:gt864-friso2-two-block-schedule.gt864_cf5_pair_t0c2_slothy_start.split:[  0-  6]: *******.......... (7)
INFO:gt864-friso2-two-block-schedule.gt864_cf5_pair_t0c2_slothy_start.split:[  6- 12]: ***********...... (11)
INFO:gt864-friso2-two-block-schedule.gt864_cf5_pair_t0c2_slothy_start.split:[ 12- 18]: *************.... (13)
INFO:gt864-friso2-two-block-schedule.gt864_cf5_pair_t0c2_slothy_start.split:[ 18- 24]: **************... (14)
INFO:gt864-friso2-two-block-schedule.gt864_cf5_pair_t0c2_slothy_start.split:[ 24- 30]: **************... (14)
INFO:gt864-friso2-two-block-schedule.gt864_cf5_pair_t0c2_slothy_start.split:[ 30- 37]: ****************. (16)
INFO:gt864-friso2-two-block-schedule.gt864_cf5_pair_t0c2_slothy_start.split:[ 37- 43]: **************... (14)
INFO:gt864-friso2-two-block-schedule.gt864_cf5_pair_t0c2_slothy_start.split:[ 43- 49]: **************... (14)
INFO:gt864-friso2-two-block-schedule.gt864_cf5_pair_t0c2_slothy_start.split:[ 49- 55]: **************... (14)
INFO:gt864-friso2-two-block-schedule.gt864_cf5_pair_t0c2_slothy_start.split:[ 55- 61]: **************... (14)
INFO:gt864-friso2-two-block-schedule.gt864_cf5_pair_t0c2_slothy_start.split:[ 61- 67]: **************... (14)
INFO:gt864-friso2-two-block-schedule.gt864_cf5_pair_t0c2_slothy_start.split:[ 67- 74]: *************.... (13)
INFO:gt864-friso2-two-block-schedule.gt864_cf5_pair_t0c2_slothy_start.split:[ 74- 80]: **************... (14)
INFO:gt864-friso2-two-block-schedule.gt864_cf5_pair_t0c2_slothy_start.split:[ 80- 86]: **************... (14)
INFO:gt864-friso2-two-block-schedule.gt864_cf5_pair_t0c2_slothy_start.split:[ 86- 92]: ************..... (12)
INFO:gt864-friso2-two-block-schedule.gt864_cf5_pair_t0c2_slothy_start.split:[ 92- 98]: ***********...... (11)
INFO:gt864-friso2-two-block-schedule.gt864_cf5_pair_t0c2_slothy_start.split:[ 98-105]: **********....... (10)
INFO:gt864-friso2-two-block-schedule.gt864_cf5_pair_t0c2_slothy_start.split:[105-111]: ***********...... (11)
INFO:gt864-friso2-two-block-schedule.gt864_cf5_pair_t0c2_slothy_start.split:[111-117]: *************.... (13)
INFO:gt864-friso2-two-block-schedule.gt864_cf5_pair_t0c2_slothy_start.split:[117-123]: ************..... (12)
INFO:gt864-friso2-two-block-schedule.gt864_cf5_pair_t0c2_slothy_start.split:[123-129]: **************... (14)
INFO:gt864-friso2-two-block-schedule.gt864_cf5_pair_t0c2_slothy_start.split:[129-135]: *************.... (13)
INFO:gt864-friso2-two-block-schedule.gt864_cf5_pair_t0c2_slothy_start.split:[135-142]: ************..... (12)
INFO:gt864-friso2-two-block-schedule.gt864_cf5_pair_t0c2_slothy_start.split:[142-148]: ************..... (12)
INFO:gt864-friso2-two-block-schedule.gt864_cf5_pair_t0c2_slothy_start.split:[148-154]: ***********...... (11)
INFO:gt864-friso2-two-block-schedule.gt864_cf5_pair_t0c2_slothy_start.split:[154-160]: *************.... (13)
INFO:gt864-friso2-two-block-schedule.gt864_cf5_pair_t0c2_slothy_start.split:[160-166]: *************.... (13)
INFO:gt864-friso2-two-block-schedule.gt864_cf5_pair_t0c2_slothy_start.split:[166-173]: **************... (14)
INFO:gt864-friso2-two-block-schedule.gt864_cf5_pair_t0c2_slothy_start.split:[173-179]: **************... (14)
INFO:gt864-friso2-two-block-schedule.gt864_cf5_pair_t0c2_slothy_start.split:[179-185]: **************... (14)
INFO:gt864-friso2-two-block-schedule.gt864_cf5_pair_t0c2_slothy_start.split:[185-191]: ***************.. (15)
INFO:gt864-friso2-two-block-schedule.gt864_cf5_pair_t0c2_slothy_start.split:[191-197]: ***************.. (15)
INFO:gt864-friso2-two-block-schedule.gt864_cf5_pair_t0c2_slothy_start.split:[197-203]: ***************.. (15)
INFO:gt864-friso2-two-block-schedule.gt864_cf5_pair_t0c2_slothy_start.split:[203-210]: *************.... (13)
INFO:gt864-friso2-two-block-schedule.gt864_cf5_pair_t0c2_slothy_start.split:[210-216]: ************..... (12)
INFO:gt864-friso2-two-block-schedule.gt864_cf5_pair_t0c2_slothy_start.split:[216-222]: *************.... (13)
INFO:gt864-friso2-two-block-schedule.gt864_cf5_pair_t0c2_slothy_start.split:[222-228]: *************.... (13)
INFO:gt864-friso2-two-block-schedule.gt864_cf5_pair_t0c2_slothy_start.split:[228-234]: ***************.. (15)
INFO:gt864-friso2-two-block-schedule.gt864_cf5_pair_t0c2_slothy_start.split:[234-241]: *************.... (13)
INFO:gt864-friso2-two-block-schedule.gt864_cf5_pair_t0c2_slothy_start.split:[241-247]: ***********...... (11)
INFO:gt864-friso2-two-block-schedule.gt864_cf5_pair_t0c2_slothy_start.split:[247-253]: ***********...... (11)
INFO:gt864-friso2-two-block-schedule.gt864_cf5_pair_t0c2_slothy_start.split:[253-259]: *************.... (13)
INFO:gt864-friso2-two-block-schedule.gt864_cf5_pair_t0c2_slothy_start.split:[259-265]: ***************.. (15)
INFO:gt864-friso2-two-block-schedule.gt864_cf5_pair_t0c2_slothy_start.split:[265-271]: ****************. (16)
INFO:gt864-friso2-two-block-schedule.gt864_cf5_pair_t0c2_slothy_start.split:[271-278]: ***************.. (15)
INFO:gt864-friso2-two-block-schedule.gt864_cf5_pair_t0c2_slothy_start.split:[278-284]: **************... (14)
INFO:gt864-friso2-two-block-schedule.gt864_cf5_pair_t0c2_slothy_start.split:[284-290]: *************.... (13)
INFO:gt864-friso2-two-block-schedule.gt864_cf5_pair_t0c2_slothy_start.split:[290-296]: *************.... (13)
INFO:gt864-friso2-two-block-schedule.gt864_cf5_pair_t0c2_slothy_start.split:[296-302]: *************.... (13)
INFO:gt864-friso2-two-block-schedule.gt864_cf5_pair_t0c2_slothy_start.split:[302-309]: **********....... (10)
INFO:gt864-friso2-two-block-schedule.gt864_cf5_pair_t0c2_slothy_start.split.263_282:Perform internal binary search for minimal number of stalls...
INFO:gt864-friso2-two-block-schedule.gt864_cf5_pair_t0c2_slothy_start.split.263_282:Attempt optimization with max 256 stalls...
INFO:gt864-friso2-two-block-schedule.gt864_cf5_pair_t0c2_slothy_start.split.263_282:Setting timeout of 1800 seconds...
INFO:gt864-friso2-two-block-schedule.gt864_cf5_pair_t0c2_slothy_start.split.263_282:Objective: minimize cycles
INFO:gt864-friso2-two-block-schedule.gt864_cf5_pair_t0c2_slothy_start.split.263_282:Invoking external constraint solver (OR-Tools CP-SAT v9.15.6755) ...
INFO:gt864-friso2-two-block-schedule.gt864_cf5_pair_t0c2_slothy_start.split.263_282:[0.1634s]: Found 1 solutions so far... objective (minimize cycles): currently  (Cycles ~ 30.0, IPC ~ 0.63), bound  (Cycles ~ 18.0, IPC ~ 1.06)
INFO:gt864-friso2-two-block-schedule.gt864_cf5_pair_t0c2_slothy_start.split.263_282:[0.1676s]: Found 2 solutions so far... objective (minimize cycles): currently  (Cycles ~ 29.0, IPC ~ 0.66), bound  (Cycles ~ 18.0, IPC ~ 1.06)
INFO:gt864-friso2-two-block-schedule.gt864_cf5_pair_t0c2_slothy_start.split.263_282:[0.1788s]: Found 3 solutions so far... objective (minimize cycles): currently  (Cycles ~ 28.0, IPC ~ 0.68), bound  (Cycles ~ 18.0, IPC ~ 1.06)
INFO:gt864-friso2-two-block-schedule.gt864_cf5_pair_t0c2_slothy_start.split.263_282:[0.1880s]: Found 4 solutions so far... objective (minimize cycles): currently  (Cycles ~ 27.0, IPC ~ 0.70), bound  (Cycles ~ 18.0, IPC ~ 1.06)
INFO:gt864-friso2-two-block-schedule.gt864_cf5_pair_t0c2_slothy_start.split.263_282:[0.1952s]: Found 5 solutions so far... objective (minimize cycles): currently  (Cycles ~ 26.0, IPC ~ 0.73), bound  (Cycles ~ 18.0, IPC ~ 1.06)
INFO:gt864-friso2-two-block-schedule.gt864_cf5_pair_t0c2_slothy_start.split.263_282:[0.2046s]: Found 6 solutions so far... objective (minimize cycles): currently  (Cycles ~ 25.0, IPC ~ 0.76), bound  (Cycles ~ 18.0, IPC ~ 1.06)
INFO:gt864-friso2-two-block-schedule.gt864_cf5_pair_t0c2_slothy_start.split.263_282:[0.2181s]: Found 7 solutions so far... objective (minimize cycles): currently  (Cycles ~ 24.0, IPC ~ 0.79), bound  (Cycles ~ 18.0, IPC ~ 1.06)
INFO:gt864-friso2-two-block-schedule.gt864_cf5_pair_t0c2_slothy_start.split.263_282:[0.2318s]: Found 8 solutions so far... objective (minimize cycles): currently  (Cycles ~ 23.0, IPC ~ 0.83), bound  (Cycles ~ 18.0, IPC ~ 1.06)
INFO:gt864-friso2-two-block-schedule.gt864_cf5_pair_t0c2_slothy_start.split.263_282:[0.2366s]: Found 9 solutions so far... objective (minimize cycles): currently  (Cycles ~ 22.0, IPC ~ 0.86), bound  (Cycles ~ 18.0, IPC ~ 1.06)
INFO:gt864-friso2-two-block-schedule.gt864_cf5_pair_t0c2_slothy_start.split.263_282:[0.2472s]: Found 10 solutions so far... objective (minimize cycles): currently  (Cycles ~ 21.0, IPC ~ 0.90), bound  (Cycles ~ 18.0, IPC ~ 1.06)
INFO:gt864-friso2-two-block-schedule.gt864_cf5_pair_t0c2_slothy_start.split.263_282:OPTIMAL, wall time: 0.265587 s
INFO:gt864-friso2-two-block-schedule.gt864_cf5_pair_t0c2_slothy_start.split.263_282:Booleans in result: 153
INFO:gt864-friso2-two-block-schedule.gt864_cf5_pair_t0c2_slothy_start.split.263_282.selfcheck:OK!
INFO:gt864-friso2-two-block-schedule.gt864_cf5_pair_t0c2_slothy_start.split.263_282:Minimum number of stalls: 16
INFO:gt864-friso2-two-block-schedule.gt864_cf5_pair_t0c2_slothy_start.split:[  0-  6]: *******.......... (7)
INFO:gt864-friso2-two-block-schedule.gt864_cf5_pair_t0c2_slothy_start.split:[  6- 12]: ***********...... (11)
INFO:gt864-friso2-two-block-schedule.gt864_cf5_pair_t0c2_slothy_start.split:[ 12- 18]: *************.... (13)
INFO:gt864-friso2-two-block-schedule.gt864_cf5_pair_t0c2_slothy_start.split:[ 18- 24]: **************... (14)
INFO:gt864-friso2-two-block-schedule.gt864_cf5_pair_t0c2_slothy_start.split:[ 24- 30]: **************... (14)
INFO:gt864-friso2-two-block-schedule.gt864_cf5_pair_t0c2_slothy_start.split:[ 30- 37]: ****************. (16)
INFO:gt864-friso2-two-block-schedule.gt864_cf5_pair_t0c2_slothy_start.split:[ 37- 43]: **************... (14)
INFO:gt864-friso2-two-block-schedule.gt864_cf5_pair_t0c2_slothy_start.split:[ 43- 49]: **************... (14)
INFO:gt864-friso2-two-block-schedule.gt864_cf5_pair_t0c2_slothy_start.split:[ 49- 55]: **************... (14)
INFO:gt864-friso2-two-block-schedule.gt864_cf5_pair_t0c2_slothy_start.split:[ 55- 61]: **************... (14)
INFO:gt864-friso2-two-block-schedule.gt864_cf5_pair_t0c2_slothy_start.split:[ 61- 67]: **************... (14)
INFO:gt864-friso2-two-block-schedule.gt864_cf5_pair_t0c2_slothy_start.split:[ 67- 74]: *************.... (13)
INFO:gt864-friso2-two-block-schedule.gt864_cf5_pair_t0c2_slothy_start.split:[ 74- 80]: **************... (14)
INFO:gt864-friso2-two-block-schedule.gt864_cf5_pair_t0c2_slothy_start.split:[ 80- 86]: **************... (14)
INFO:gt864-friso2-two-block-schedule.gt864_cf5_pair_t0c2_slothy_start.split:[ 86- 92]: ************..... (12)
INFO:gt864-friso2-two-block-schedule.gt864_cf5_pair_t0c2_slothy_start.split:[ 92- 98]: ***********...... (11)
INFO:gt864-friso2-two-block-schedule.gt864_cf5_pair_t0c2_slothy_start.split:[ 98-105]: **********....... (10)
INFO:gt864-friso2-two-block-schedule.gt864_cf5_pair_t0c2_slothy_start.split:[105-111]: ***********...... (11)
INFO:gt864-friso2-two-block-schedule.gt864_cf5_pair_t0c2_slothy_start.split:[111-117]: *************.... (13)
INFO:gt864-friso2-two-block-schedule.gt864_cf5_pair_t0c2_slothy_start.split:[117-123]: ************..... (12)
INFO:gt864-friso2-two-block-schedule.gt864_cf5_pair_t0c2_slothy_start.split:[123-129]: **************... (14)
INFO:gt864-friso2-two-block-schedule.gt864_cf5_pair_t0c2_slothy_start.split:[129-135]: *************.... (13)
INFO:gt864-friso2-two-block-schedule.gt864_cf5_pair_t0c2_slothy_start.split:[135-142]: ************..... (12)
INFO:gt864-friso2-two-block-schedule.gt864_cf5_pair_t0c2_slothy_start.split:[142-148]: ************..... (12)
INFO:gt864-friso2-two-block-schedule.gt864_cf5_pair_t0c2_slothy_start.split:[148-154]: ***********...... (11)
INFO:gt864-friso2-two-block-schedule.gt864_cf5_pair_t0c2_slothy_start.split:[154-160]: *************.... (13)
INFO:gt864-friso2-two-block-schedule.gt864_cf5_pair_t0c2_slothy_start.split:[160-166]: *************.... (13)
INFO:gt864-friso2-two-block-schedule.gt864_cf5_pair_t0c2_slothy_start.split:[166-173]: **************... (14)
INFO:gt864-friso2-two-block-schedule.gt864_cf5_pair_t0c2_slothy_start.split:[173-179]: **************... (14)
INFO:gt864-friso2-two-block-schedule.gt864_cf5_pair_t0c2_slothy_start.split:[179-185]: **************... (14)
INFO:gt864-friso2-two-block-schedule.gt864_cf5_pair_t0c2_slothy_start.split:[185-191]: ***************.. (15)
INFO:gt864-friso2-two-block-schedule.gt864_cf5_pair_t0c2_slothy_start.split:[191-197]: ***************.. (15)
INFO:gt864-friso2-two-block-schedule.gt864_cf5_pair_t0c2_slothy_start.split:[197-203]: ***************.. (15)
INFO:gt864-friso2-two-block-schedule.gt864_cf5_pair_t0c2_slothy_start.split:[203-210]: *************.... (13)
INFO:gt864-friso2-two-block-schedule.gt864_cf5_pair_t0c2_slothy_start.split:[210-216]: ************..... (12)
INFO:gt864-friso2-two-block-schedule.gt864_cf5_pair_t0c2_slothy_start.split:[216-222]: *************.... (13)
INFO:gt864-friso2-two-block-schedule.gt864_cf5_pair_t0c2_slothy_start.split:[222-228]: *************.... (13)
INFO:gt864-friso2-two-block-schedule.gt864_cf5_pair_t0c2_slothy_start.split:[228-234]: ***************.. (15)
INFO:gt864-friso2-two-block-schedule.gt864_cf5_pair_t0c2_slothy_start.split:[234-241]: *************.... (13)
INFO:gt864-friso2-two-block-schedule.gt864_cf5_pair_t0c2_slothy_start.split:[241-247]: ***********...... (11)
INFO:gt864-friso2-two-block-schedule.gt864_cf5_pair_t0c2_slothy_start.split:[247-253]: ***********...... (11)
INFO:gt864-friso2-two-block-schedule.gt864_cf5_pair_t0c2_slothy_start.split:[253-259]: ***********...... (11)
INFO:gt864-friso2-two-block-schedule.gt864_cf5_pair_t0c2_slothy_start.split:[259-265]: ************..... (12)
INFO:gt864-friso2-two-block-schedule.gt864_cf5_pair_t0c2_slothy_start.split:[265-271]: *************.... (13)
INFO:gt864-friso2-two-block-schedule.gt864_cf5_pair_t0c2_slothy_start.split:[271-278]: **************... (14)
INFO:gt864-friso2-two-block-schedule.gt864_cf5_pair_t0c2_slothy_start.split:[278-284]: ***************.. (15)
INFO:gt864-friso2-two-block-schedule.gt864_cf5_pair_t0c2_slothy_start.split:[284-290]: **************... (14)
INFO:gt864-friso2-two-block-schedule.gt864_cf5_pair_t0c2_slothy_start.split:[290-296]: *************.... (13)
INFO:gt864-friso2-two-block-schedule.gt864_cf5_pair_t0c2_slothy_start.split:[296-302]: *************.... (13)
INFO:gt864-friso2-two-block-schedule.gt864_cf5_pair_t0c2_slothy_start.split:[302-309]: **********....... (10)
INFO:gt864-friso2-two-block-schedule.gt864_cf5_pair_t0c2_slothy_start.split.278_297:Perform internal binary search for minimal number of stalls...
INFO:gt864-friso2-two-block-schedule.gt864_cf5_pair_t0c2_slothy_start.split.278_297:Attempt optimization with max 256 stalls...
INFO:gt864-friso2-two-block-schedule.gt864_cf5_pair_t0c2_slothy_start.split.278_297:Setting timeout of 1800 seconds...
INFO:gt864-friso2-two-block-schedule.gt864_cf5_pair_t0c2_slothy_start.split.278_297:Objective: minimize cycles
INFO:gt864-friso2-two-block-schedule.gt864_cf5_pair_t0c2_slothy_start.split.278_297:Invoking external constraint solver (OR-Tools CP-SAT v9.15.6755) ...
INFO:gt864-friso2-two-block-schedule.gt864_cf5_pair_t0c2_slothy_start.split.278_297:[0.1538s]: Found 1 solutions so far... objective (minimize cycles): currently  (Cycles ~ 31.0, IPC ~ 0.61), bound  (Cycles ~ 15.0, IPC ~ 1.27)
INFO:gt864-friso2-two-block-schedule.gt864_cf5_pair_t0c2_slothy_start.split.278_297:[0.1563s]: Found 2 solutions so far... objective (minimize cycles): currently  (Cycles ~ 29.0, IPC ~ 0.66), bound  (Cycles ~ 15.0, IPC ~ 1.27)
INFO:gt864-friso2-two-block-schedule.gt864_cf5_pair_t0c2_slothy_start.split.278_297:[0.1658s]: Found 3 solutions so far... objective (minimize cycles): currently  (Cycles ~ 28.0, IPC ~ 0.68), bound  (Cycles ~ 16.0, IPC ~ 1.19)
INFO:gt864-friso2-two-block-schedule.gt864_cf5_pair_t0c2_slothy_start.split.278_297:[0.1770s]: Found 4 solutions so far... objective (minimize cycles): currently  (Cycles ~ 27.0, IPC ~ 0.70), bound  (Cycles ~ 16.0, IPC ~ 1.19)
INFO:gt864-friso2-two-block-schedule.gt864_cf5_pair_t0c2_slothy_start.split.278_297:[0.1854s]: Found 5 solutions so far... objective (minimize cycles): currently  (Cycles ~ 26.0, IPC ~ 0.73), bound  (Cycles ~ 19.0, IPC ~ 1.00)
INFO:gt864-friso2-two-block-schedule.gt864_cf5_pair_t0c2_slothy_start.split.278_297:[0.1937s]: Found 6 solutions so far... objective (minimize cycles): currently  (Cycles ~ 25.0, IPC ~ 0.76), bound  (Cycles ~ 23.0, IPC ~ 0.83)
INFO:gt864-friso2-two-block-schedule.gt864_cf5_pair_t0c2_slothy_start.split.278_297:[0.1992s]: Found 7 solutions so far... objective (minimize cycles): currently  (Cycles ~ 24.0, IPC ~ 0.79), bound  (Cycles ~ 23.0, IPC ~ 0.83)
INFO:gt864-friso2-two-block-schedule.gt864_cf5_pair_t0c2_slothy_start.split.278_297:[0.2086s]: Found 8 solutions so far... objective (minimize cycles): currently  (Cycles ~ 23.0, IPC ~ 0.83), bound  (Cycles ~ 23.0, IPC ~ 0.83)
INFO:gt864-friso2-two-block-schedule.gt864_cf5_pair_t0c2_slothy_start.split.278_297:Closer than 0 stalls to theoretical optimum... stop
INFO:gt864-friso2-two-block-schedule.gt864_cf5_pair_t0c2_slothy_start.split.278_297:OPTIMAL, wall time: 0.220916 s
INFO:gt864-friso2-two-block-schedule.gt864_cf5_pair_t0c2_slothy_start.split.278_297:Booleans in result: 139
INFO:gt864-friso2-two-block-schedule.gt864_cf5_pair_t0c2_slothy_start.split.278_297.selfcheck:OK!
INFO:gt864-friso2-two-block-schedule.gt864_cf5_pair_t0c2_slothy_start.split.278_297:Minimum number of stalls: 18
INFO:gt864-friso2-two-block-schedule.gt864_cf5_pair_t0c2_slothy_start.split:[  0-  6]: *******.......... (7)
INFO:gt864-friso2-two-block-schedule.gt864_cf5_pair_t0c2_slothy_start.split:[  6- 12]: ***********...... (11)
INFO:gt864-friso2-two-block-schedule.gt864_cf5_pair_t0c2_slothy_start.split:[ 12- 18]: *************.... (13)
INFO:gt864-friso2-two-block-schedule.gt864_cf5_pair_t0c2_slothy_start.split:[ 18- 24]: **************... (14)
INFO:gt864-friso2-two-block-schedule.gt864_cf5_pair_t0c2_slothy_start.split:[ 24- 30]: **************... (14)
INFO:gt864-friso2-two-block-schedule.gt864_cf5_pair_t0c2_slothy_start.split:[ 30- 37]: ****************. (16)
INFO:gt864-friso2-two-block-schedule.gt864_cf5_pair_t0c2_slothy_start.split:[ 37- 43]: **************... (14)
INFO:gt864-friso2-two-block-schedule.gt864_cf5_pair_t0c2_slothy_start.split:[ 43- 49]: **************... (14)
INFO:gt864-friso2-two-block-schedule.gt864_cf5_pair_t0c2_slothy_start.split:[ 49- 55]: **************... (14)
INFO:gt864-friso2-two-block-schedule.gt864_cf5_pair_t0c2_slothy_start.split:[ 55- 61]: **************... (14)
INFO:gt864-friso2-two-block-schedule.gt864_cf5_pair_t0c2_slothy_start.split:[ 61- 67]: **************... (14)
INFO:gt864-friso2-two-block-schedule.gt864_cf5_pair_t0c2_slothy_start.split:[ 67- 74]: *************.... (13)
INFO:gt864-friso2-two-block-schedule.gt864_cf5_pair_t0c2_slothy_start.split:[ 74- 80]: **************... (14)
INFO:gt864-friso2-two-block-schedule.gt864_cf5_pair_t0c2_slothy_start.split:[ 80- 86]: **************... (14)
INFO:gt864-friso2-two-block-schedule.gt864_cf5_pair_t0c2_slothy_start.split:[ 86- 92]: ************..... (12)
INFO:gt864-friso2-two-block-schedule.gt864_cf5_pair_t0c2_slothy_start.split:[ 92- 98]: ***********...... (11)
INFO:gt864-friso2-two-block-schedule.gt864_cf5_pair_t0c2_slothy_start.split:[ 98-105]: **********....... (10)
INFO:gt864-friso2-two-block-schedule.gt864_cf5_pair_t0c2_slothy_start.split:[105-111]: ***********...... (11)
INFO:gt864-friso2-two-block-schedule.gt864_cf5_pair_t0c2_slothy_start.split:[111-117]: *************.... (13)
INFO:gt864-friso2-two-block-schedule.gt864_cf5_pair_t0c2_slothy_start.split:[117-123]: ************..... (12)
INFO:gt864-friso2-two-block-schedule.gt864_cf5_pair_t0c2_slothy_start.split:[123-129]: **************... (14)
INFO:gt864-friso2-two-block-schedule.gt864_cf5_pair_t0c2_slothy_start.split:[129-135]: *************.... (13)
INFO:gt864-friso2-two-block-schedule.gt864_cf5_pair_t0c2_slothy_start.split:[135-142]: ************..... (12)
INFO:gt864-friso2-two-block-schedule.gt864_cf5_pair_t0c2_slothy_start.split:[142-148]: ************..... (12)
INFO:gt864-friso2-two-block-schedule.gt864_cf5_pair_t0c2_slothy_start.split:[148-154]: ***********...... (11)
INFO:gt864-friso2-two-block-schedule.gt864_cf5_pair_t0c2_slothy_start.split:[154-160]: *************.... (13)
INFO:gt864-friso2-two-block-schedule.gt864_cf5_pair_t0c2_slothy_start.split:[160-166]: *************.... (13)
INFO:gt864-friso2-two-block-schedule.gt864_cf5_pair_t0c2_slothy_start.split:[166-173]: **************... (14)
INFO:gt864-friso2-two-block-schedule.gt864_cf5_pair_t0c2_slothy_start.split:[173-179]: **************... (14)
INFO:gt864-friso2-two-block-schedule.gt864_cf5_pair_t0c2_slothy_start.split:[179-185]: **************... (14)
INFO:gt864-friso2-two-block-schedule.gt864_cf5_pair_t0c2_slothy_start.split:[185-191]: ***************.. (15)
INFO:gt864-friso2-two-block-schedule.gt864_cf5_pair_t0c2_slothy_start.split:[191-197]: ***************.. (15)
INFO:gt864-friso2-two-block-schedule.gt864_cf5_pair_t0c2_slothy_start.split:[197-203]: ***************.. (15)
INFO:gt864-friso2-two-block-schedule.gt864_cf5_pair_t0c2_slothy_start.split:[203-210]: *************.... (13)
INFO:gt864-friso2-two-block-schedule.gt864_cf5_pair_t0c2_slothy_start.split:[210-216]: ************..... (12)
INFO:gt864-friso2-two-block-schedule.gt864_cf5_pair_t0c2_slothy_start.split:[216-222]: *************.... (13)
INFO:gt864-friso2-two-block-schedule.gt864_cf5_pair_t0c2_slothy_start.split:[222-228]: *************.... (13)
INFO:gt864-friso2-two-block-schedule.gt864_cf5_pair_t0c2_slothy_start.split:[228-234]: ***************.. (15)
INFO:gt864-friso2-two-block-schedule.gt864_cf5_pair_t0c2_slothy_start.split:[234-241]: *************.... (13)
INFO:gt864-friso2-two-block-schedule.gt864_cf5_pair_t0c2_slothy_start.split:[241-247]: ***********...... (11)
INFO:gt864-friso2-two-block-schedule.gt864_cf5_pair_t0c2_slothy_start.split:[247-253]: ***********...... (11)
INFO:gt864-friso2-two-block-schedule.gt864_cf5_pair_t0c2_slothy_start.split:[253-259]: ***********...... (11)
INFO:gt864-friso2-two-block-schedule.gt864_cf5_pair_t0c2_slothy_start.split:[259-265]: ************..... (12)
INFO:gt864-friso2-two-block-schedule.gt864_cf5_pair_t0c2_slothy_start.split:[265-271]: *************.... (13)
INFO:gt864-friso2-two-block-schedule.gt864_cf5_pair_t0c2_slothy_start.split:[271-278]: ************..... (12)
INFO:gt864-friso2-two-block-schedule.gt864_cf5_pair_t0c2_slothy_start.split:[278-284]: *************.... (13)
INFO:gt864-friso2-two-block-schedule.gt864_cf5_pair_t0c2_slothy_start.split:[284-290]: **************... (14)
INFO:gt864-friso2-two-block-schedule.gt864_cf5_pair_t0c2_slothy_start.split:[290-296]: ***************.. (15)
INFO:gt864-friso2-two-block-schedule.gt864_cf5_pair_t0c2_slothy_start.split:[296-302]: ***************.. (15)
INFO:gt864-friso2-two-block-schedule.gt864_cf5_pair_t0c2_slothy_start.split:[302-309]: **********....... (10)
INFO:gt864-friso2-two-block-schedule.gt864_cf5_pair_t0c2_slothy_start.split.294_309:Perform internal binary search for minimal number of stalls...
INFO:gt864-friso2-two-block-schedule.gt864_cf5_pair_t0c2_slothy_start.split.294_309:Attempt optimization with max 256 stalls...
INFO:gt864-friso2-two-block-schedule.gt864_cf5_pair_t0c2_slothy_start.split.294_309:Setting timeout of 1800 seconds...
INFO:gt864-friso2-two-block-schedule.gt864_cf5_pair_t0c2_slothy_start.split.294_309:Objective: minimize cycles
INFO:gt864-friso2-two-block-schedule.gt864_cf5_pair_t0c2_slothy_start.split.294_309:Invoking external constraint solver (OR-Tools CP-SAT v9.15.6755) ...
INFO:gt864-friso2-two-block-schedule.gt864_cf5_pair_t0c2_slothy_start.split.294_309:[0.0985s]: Found 1 solutions so far... objective (minimize cycles): currently  (Cycles ~ 17.0, IPC ~ 0.88), bound  (Cycles ~ 12.0, IPC ~ 1.25)
INFO:gt864-friso2-two-block-schedule.gt864_cf5_pair_t0c2_slothy_start.split.294_309:[0.1018s]: Found 2 solutions so far... objective (minimize cycles): currently  (Cycles ~ 16.0, IPC ~ 0.94), bound  (Cycles ~ 14.0, IPC ~ 1.07)
INFO:gt864-friso2-two-block-schedule.gt864_cf5_pair_t0c2_slothy_start.split.294_309:[0.1054s]: Found 3 solutions so far... objective (minimize cycles): currently  (Cycles ~ 15.0, IPC ~ 1.00), bound  (Cycles ~ 14.0, IPC ~ 1.07)
INFO:gt864-friso2-two-block-schedule.gt864_cf5_pair_t0c2_slothy_start.split.294_309:OPTIMAL, wall time: 0.120863 s
INFO:gt864-friso2-two-block-schedule.gt864_cf5_pair_t0c2_slothy_start.split.294_309:Booleans in result: 121
INFO:gt864-friso2-two-block-schedule.gt864_cf5_pair_t0c2_slothy_start.split.294_309.selfcheck:OK!
INFO:gt864-friso2-two-block-schedule.gt864_cf5_pair_t0c2_slothy_start.split.294_309:Minimum number of stalls: 11
INFO:gt864-friso2-two-block-schedule.gt864_cf5_pair_t0c2_slothy_start.split:[  0-  6]: *******.......... (7)
INFO:gt864-friso2-two-block-schedule.gt864_cf5_pair_t0c2_slothy_start.split:[  6- 12]: ***********...... (11)
INFO:gt864-friso2-two-block-schedule.gt864_cf5_pair_t0c2_slothy_start.split:[ 12- 18]: *************.... (13)
INFO:gt864-friso2-two-block-schedule.gt864_cf5_pair_t0c2_slothy_start.split:[ 18- 24]: **************... (14)
INFO:gt864-friso2-two-block-schedule.gt864_cf5_pair_t0c2_slothy_start.split:[ 24- 30]: **************... (14)
INFO:gt864-friso2-two-block-schedule.gt864_cf5_pair_t0c2_slothy_start.split:[ 30- 37]: ****************. (16)
INFO:gt864-friso2-two-block-schedule.gt864_cf5_pair_t0c2_slothy_start.split:[ 37- 43]: **************... (14)
INFO:gt864-friso2-two-block-schedule.gt864_cf5_pair_t0c2_slothy_start.split:[ 43- 49]: **************... (14)
INFO:gt864-friso2-two-block-schedule.gt864_cf5_pair_t0c2_slothy_start.split:[ 49- 55]: **************... (14)
INFO:gt864-friso2-two-block-schedule.gt864_cf5_pair_t0c2_slothy_start.split:[ 55- 61]: **************... (14)
INFO:gt864-friso2-two-block-schedule.gt864_cf5_pair_t0c2_slothy_start.split:[ 61- 67]: **************... (14)
INFO:gt864-friso2-two-block-schedule.gt864_cf5_pair_t0c2_slothy_start.split:[ 67- 74]: *************.... (13)
INFO:gt864-friso2-two-block-schedule.gt864_cf5_pair_t0c2_slothy_start.split:[ 74- 80]: **************... (14)
INFO:gt864-friso2-two-block-schedule.gt864_cf5_pair_t0c2_slothy_start.split:[ 80- 86]: **************... (14)
INFO:gt864-friso2-two-block-schedule.gt864_cf5_pair_t0c2_slothy_start.split:[ 86- 92]: ************..... (12)
INFO:gt864-friso2-two-block-schedule.gt864_cf5_pair_t0c2_slothy_start.split:[ 92- 98]: ***********...... (11)
INFO:gt864-friso2-two-block-schedule.gt864_cf5_pair_t0c2_slothy_start.split:[ 98-105]: **********....... (10)
INFO:gt864-friso2-two-block-schedule.gt864_cf5_pair_t0c2_slothy_start.split:[105-111]: ***********...... (11)
INFO:gt864-friso2-two-block-schedule.gt864_cf5_pair_t0c2_slothy_start.split:[111-117]: *************.... (13)
INFO:gt864-friso2-two-block-schedule.gt864_cf5_pair_t0c2_slothy_start.split:[117-123]: ************..... (12)
INFO:gt864-friso2-two-block-schedule.gt864_cf5_pair_t0c2_slothy_start.split:[123-129]: **************... (14)
INFO:gt864-friso2-two-block-schedule.gt864_cf5_pair_t0c2_slothy_start.split:[129-135]: *************.... (13)
INFO:gt864-friso2-two-block-schedule.gt864_cf5_pair_t0c2_slothy_start.split:[135-142]: ************..... (12)
INFO:gt864-friso2-two-block-schedule.gt864_cf5_pair_t0c2_slothy_start.split:[142-148]: ************..... (12)
INFO:gt864-friso2-two-block-schedule.gt864_cf5_pair_t0c2_slothy_start.split:[148-154]: ***********...... (11)
INFO:gt864-friso2-two-block-schedule.gt864_cf5_pair_t0c2_slothy_start.split:[154-160]: *************.... (13)
INFO:gt864-friso2-two-block-schedule.gt864_cf5_pair_t0c2_slothy_start.split:[160-166]: *************.... (13)
INFO:gt864-friso2-two-block-schedule.gt864_cf5_pair_t0c2_slothy_start.split:[166-173]: **************... (14)
INFO:gt864-friso2-two-block-schedule.gt864_cf5_pair_t0c2_slothy_start.split:[173-179]: **************... (14)
INFO:gt864-friso2-two-block-schedule.gt864_cf5_pair_t0c2_slothy_start.split:[179-185]: **************... (14)
INFO:gt864-friso2-two-block-schedule.gt864_cf5_pair_t0c2_slothy_start.split:[185-191]: ***************.. (15)
INFO:gt864-friso2-two-block-schedule.gt864_cf5_pair_t0c2_slothy_start.split:[191-197]: ***************.. (15)
INFO:gt864-friso2-two-block-schedule.gt864_cf5_pair_t0c2_slothy_start.split:[197-203]: ***************.. (15)
INFO:gt864-friso2-two-block-schedule.gt864_cf5_pair_t0c2_slothy_start.split:[203-210]: *************.... (13)
INFO:gt864-friso2-two-block-schedule.gt864_cf5_pair_t0c2_slothy_start.split:[210-216]: ************..... (12)
INFO:gt864-friso2-two-block-schedule.gt864_cf5_pair_t0c2_slothy_start.split:[216-222]: *************.... (13)
INFO:gt864-friso2-two-block-schedule.gt864_cf5_pair_t0c2_slothy_start.split:[222-228]: *************.... (13)
INFO:gt864-friso2-two-block-schedule.gt864_cf5_pair_t0c2_slothy_start.split:[228-234]: ***************.. (15)
INFO:gt864-friso2-two-block-schedule.gt864_cf5_pair_t0c2_slothy_start.split:[234-241]: *************.... (13)
INFO:gt864-friso2-two-block-schedule.gt864_cf5_pair_t0c2_slothy_start.split:[241-247]: ***********...... (11)
INFO:gt864-friso2-two-block-schedule.gt864_cf5_pair_t0c2_slothy_start.split:[247-253]: ***********...... (11)
INFO:gt864-friso2-two-block-schedule.gt864_cf5_pair_t0c2_slothy_start.split:[253-259]: ***********...... (11)
INFO:gt864-friso2-two-block-schedule.gt864_cf5_pair_t0c2_slothy_start.split:[259-265]: ************..... (12)
INFO:gt864-friso2-two-block-schedule.gt864_cf5_pair_t0c2_slothy_start.split:[265-271]: *************.... (13)
INFO:gt864-friso2-two-block-schedule.gt864_cf5_pair_t0c2_slothy_start.split:[271-278]: ************..... (12)
INFO:gt864-friso2-two-block-schedule.gt864_cf5_pair_t0c2_slothy_start.split:[278-284]: *************.... (13)
INFO:gt864-friso2-two-block-schedule.gt864_cf5_pair_t0c2_slothy_start.split:[284-290]: *************.... (13)
INFO:gt864-friso2-two-block-schedule.gt864_cf5_pair_t0c2_slothy_start.split:[290-296]: *************.... (13)
INFO:gt864-friso2-two-block-schedule.gt864_cf5_pair_t0c2_slothy_start.split:[296-302]: *************.... (13)
INFO:gt864-friso2-two-block-schedule.gt864_cf5_pair_t0c2_slothy_start.split:[302-309]: *********........ (9)
INFO:gt864-friso2-two-block-schedule.gt864_cf5_pair_t0c2_slothy_start.split.split_heuristic_full:OK!
allocated_liveouts=out0:v27,out1:v24,out2:v20,out3:v16,out4:v22,out5:v28,out6:v2,out7:v5,out8:v29,out9:v6,out10:v1,out11:v23,out12:v11,out13:v31,out14:v12,out15:v30,out16:v9,out17:v10
