INFO:gt864-friso2-two-block-schedule.gt864_cf5_pair_t1c1_slothy_start:SLOTHY version: 0.2.2
INFO:gt864-friso2-two-block-schedule:Instructions in body: 279
INFO:gt864-friso2-two-block-schedule.gt864_cf5_pair_t1c1_slothy_start.split.0_17:Perform internal binary search for minimal number of stalls...
INFO:gt864-friso2-two-block-schedule.gt864_cf5_pair_t1c1_slothy_start.split.0_17:Attempt optimization with max 256 stalls...
INFO:gt864-friso2-two-block-schedule.gt864_cf5_pair_t1c1_slothy_start.split.0_17:Setting timeout of 1800 seconds...
INFO:gt864-friso2-two-block-schedule.gt864_cf5_pair_t1c1_slothy_start.split.0_17:Objective: minimize cycles
INFO:gt864-friso2-two-block-schedule.gt864_cf5_pair_t1c1_slothy_start.split.0_17:Invoking external constraint solver (OR-Tools CP-SAT v9.15.6755) ...
INFO:gt864-friso2-two-block-schedule.gt864_cf5_pair_t1c1_slothy_start.split.0_17:[0.0181s]: Found 1 solutions so far... objective (minimize cycles): currently  (Cycles ~ 32.0, IPC ~ 0.53), bound  (Cycles ~ 27.0, IPC ~ 0.63)
INFO:gt864-friso2-two-block-schedule.gt864_cf5_pair_t1c1_slothy_start.split.0_17:[0.0186s]: Found 2 solutions so far... objective (minimize cycles): currently  (Cycles ~ 30.0, IPC ~ 0.57), bound  (Cycles ~ 27.0, IPC ~ 0.63)
INFO:gt864-friso2-two-block-schedule.gt864_cf5_pair_t1c1_slothy_start.split.0_17:OPTIMAL, wall time: 0.028545 s
INFO:gt864-friso2-two-block-schedule.gt864_cf5_pair_t1c1_slothy_start.split.0_17:Booleans in result: 59
INFO:gt864-friso2-two-block-schedule.gt864_cf5_pair_t1c1_slothy_start.split.0_17.selfcheck:OK!
INFO:gt864-friso2-two-block-schedule.gt864_cf5_pair_t1c1_slothy_start.split.0_17:Minimum number of stalls: 25
INFO:gt864-friso2-two-block-schedule.gt864_cf5_pair_t1c1_slothy_start.split.17_35:Perform internal binary search for minimal number of stalls...
INFO:gt864-friso2-two-block-schedule.gt864_cf5_pair_t1c1_slothy_start.split.17_35:Attempt optimization with max 256 stalls...
INFO:gt864-friso2-two-block-schedule.gt864_cf5_pair_t1c1_slothy_start.split.17_35:Setting timeout of 1800 seconds...
INFO:gt864-friso2-two-block-schedule.gt864_cf5_pair_t1c1_slothy_start.split.17_35:Objective: minimize cycles
INFO:gt864-friso2-two-block-schedule.gt864_cf5_pair_t1c1_slothy_start.split.17_35:Invoking external constraint solver (OR-Tools CP-SAT v9.15.6755) ...
INFO:gt864-friso2-two-block-schedule.gt864_cf5_pair_t1c1_slothy_start.split.17_35:[0.0175s]: Found 1 solutions so far... objective (minimize cycles): currently  (Cycles ~ 35.0, IPC ~ 0.51), bound  (Cycles ~ 32.0, IPC ~ 0.56)
INFO:gt864-friso2-two-block-schedule.gt864_cf5_pair_t1c1_slothy_start.split.17_35:OPTIMAL, wall time: 0.028126 s
INFO:gt864-friso2-two-block-schedule.gt864_cf5_pair_t1c1_slothy_start.split.17_35:Booleans in result: 42
INFO:gt864-friso2-two-block-schedule.gt864_cf5_pair_t1c1_slothy_start.split.17_35.selfcheck:OK!
INFO:gt864-friso2-two-block-schedule.gt864_cf5_pair_t1c1_slothy_start.split.17_35:Minimum number of stalls: 30
INFO:gt864-friso2-two-block-schedule.gt864_cf5_pair_t1c1_slothy_start.split.35_52:Perform internal binary search for minimal number of stalls...
INFO:gt864-friso2-two-block-schedule.gt864_cf5_pair_t1c1_slothy_start.split.35_52:Attempt optimization with max 256 stalls...
INFO:gt864-friso2-two-block-schedule.gt864_cf5_pair_t1c1_slothy_start.split.35_52:Setting timeout of 1800 seconds...
INFO:gt864-friso2-two-block-schedule.gt864_cf5_pair_t1c1_slothy_start.split.35_52:Objective: minimize cycles
INFO:gt864-friso2-two-block-schedule.gt864_cf5_pair_t1c1_slothy_start.split.35_52:Invoking external constraint solver (OR-Tools CP-SAT v9.15.6755) ...
INFO:gt864-friso2-two-block-schedule.gt864_cf5_pair_t1c1_slothy_start.split.35_52:[0.0159s]: Found 1 solutions so far... objective (minimize cycles): currently  (Cycles ~ 37.0, IPC ~ 0.46), bound  (Cycles ~ 30.0, IPC ~ 0.57)
INFO:gt864-friso2-two-block-schedule.gt864_cf5_pair_t1c1_slothy_start.split.35_52:[0.0165s]: Found 2 solutions so far... objective (minimize cycles): currently  (Cycles ~ 36.0, IPC ~ 0.47), bound  (Cycles ~ 30.0, IPC ~ 0.57)
INFO:gt864-friso2-two-block-schedule.gt864_cf5_pair_t1c1_slothy_start.split.35_52:OPTIMAL, wall time: 0.026243 s
INFO:gt864-friso2-two-block-schedule.gt864_cf5_pair_t1c1_slothy_start.split.35_52:Booleans in result: 35
INFO:gt864-friso2-two-block-schedule.gt864_cf5_pair_t1c1_slothy_start.split.35_52.selfcheck:OK!
INFO:gt864-friso2-two-block-schedule.gt864_cf5_pair_t1c1_slothy_start.split.35_52:Minimum number of stalls: 31
INFO:gt864-friso2-two-block-schedule.gt864_cf5_pair_t1c1_slothy_start.split.52_70:Perform internal binary search for minimal number of stalls...
INFO:gt864-friso2-two-block-schedule.gt864_cf5_pair_t1c1_slothy_start.split.52_70:Attempt optimization with max 256 stalls...
INFO:gt864-friso2-two-block-schedule.gt864_cf5_pair_t1c1_slothy_start.split.52_70:Setting timeout of 1800 seconds...
INFO:gt864-friso2-two-block-schedule.gt864_cf5_pair_t1c1_slothy_start.split.52_70:Objective: minimize cycles
INFO:gt864-friso2-two-block-schedule.gt864_cf5_pair_t1c1_slothy_start.split.52_70:Invoking external constraint solver (OR-Tools CP-SAT v9.15.6755) ...
INFO:gt864-friso2-two-block-schedule.gt864_cf5_pair_t1c1_slothy_start.split.52_70:[0.0151s]: Found 1 solutions so far... objective (minimize cycles): currently  (Cycles ~ 37.0, IPC ~ 0.49), bound  (Cycles ~ 29.0, IPC ~ 0.62)
INFO:gt864-friso2-two-block-schedule.gt864_cf5_pair_t1c1_slothy_start.split.52_70:[0.0173s]: Found 2 solutions so far... objective (minimize cycles): currently  (Cycles ~ 33.0, IPC ~ 0.55), bound  (Cycles ~ 29.0, IPC ~ 0.62)
INFO:gt864-friso2-two-block-schedule.gt864_cf5_pair_t1c1_slothy_start.split.52_70:OPTIMAL, wall time: 0.025698 s
INFO:gt864-friso2-two-block-schedule.gt864_cf5_pair_t1c1_slothy_start.split.52_70:Booleans in result: 46
INFO:gt864-friso2-two-block-schedule.gt864_cf5_pair_t1c1_slothy_start.split.52_70.selfcheck:OK!
INFO:gt864-friso2-two-block-schedule.gt864_cf5_pair_t1c1_slothy_start.split.52_70:Minimum number of stalls: 28
INFO:gt864-friso2-two-block-schedule.gt864_cf5_pair_t1c1_slothy_start.split.70_87:Perform internal binary search for minimal number of stalls...
INFO:gt864-friso2-two-block-schedule.gt864_cf5_pair_t1c1_slothy_start.split.70_87:Attempt optimization with max 256 stalls...
INFO:gt864-friso2-two-block-schedule.gt864_cf5_pair_t1c1_slothy_start.split.70_87:Setting timeout of 1800 seconds...
INFO:gt864-friso2-two-block-schedule.gt864_cf5_pair_t1c1_slothy_start.split.70_87:Objective: minimize cycles
INFO:gt864-friso2-two-block-schedule.gt864_cf5_pair_t1c1_slothy_start.split.70_87:Invoking external constraint solver (OR-Tools CP-SAT v9.15.6755) ...
INFO:gt864-friso2-two-block-schedule.gt864_cf5_pair_t1c1_slothy_start.split.70_87:[0.0167s]: Found 1 solutions so far... objective (minimize cycles): currently  (Cycles ~ 39.0, IPC ~ 0.44), bound  (Cycles ~ 29.0, IPC ~ 0.59)
INFO:gt864-friso2-two-block-schedule.gt864_cf5_pair_t1c1_slothy_start.split.70_87:[0.0182s]: Found 2 solutions so far... objective (minimize cycles): currently  (Cycles ~ 35.0, IPC ~ 0.49), bound  (Cycles ~ 29.0, IPC ~ 0.59)
INFO:gt864-friso2-two-block-schedule.gt864_cf5_pair_t1c1_slothy_start.split.70_87:OPTIMAL, wall time: 0.026834 s
INFO:gt864-friso2-two-block-schedule.gt864_cf5_pair_t1c1_slothy_start.split.70_87:Booleans in result: 40
INFO:gt864-friso2-two-block-schedule.gt864_cf5_pair_t1c1_slothy_start.split.70_87.selfcheck:OK!
INFO:gt864-friso2-two-block-schedule.gt864_cf5_pair_t1c1_slothy_start.split.70_87:Minimum number of stalls: 30
INFO:gt864-friso2-two-block-schedule.gt864_cf5_pair_t1c1_slothy_start.split.87_105:Perform internal binary search for minimal number of stalls...
INFO:gt864-friso2-two-block-schedule.gt864_cf5_pair_t1c1_slothy_start.split.87_105:Attempt optimization with max 256 stalls...
INFO:gt864-friso2-two-block-schedule.gt864_cf5_pair_t1c1_slothy_start.split.87_105:Setting timeout of 1800 seconds...
INFO:gt864-friso2-two-block-schedule.gt864_cf5_pair_t1c1_slothy_start.split.87_105:Objective: minimize cycles
INFO:gt864-friso2-two-block-schedule.gt864_cf5_pair_t1c1_slothy_start.split.87_105:Invoking external constraint solver (OR-Tools CP-SAT v9.15.6755) ...
INFO:gt864-friso2-two-block-schedule.gt864_cf5_pair_t1c1_slothy_start.split.87_105:[0.0127s]: Found 1 solutions so far... objective (minimize cycles): currently  (Cycles ~ 43.0, IPC ~ 0.42), bound  (Cycles ~ 33.0, IPC ~ 0.55)
INFO:gt864-friso2-two-block-schedule.gt864_cf5_pair_t1c1_slothy_start.split.87_105:[0.0133s]: Found 2 solutions so far... objective (minimize cycles): currently  (Cycles ~ 41.0, IPC ~ 0.44), bound  (Cycles ~ 33.0, IPC ~ 0.55)
INFO:gt864-friso2-two-block-schedule.gt864_cf5_pair_t1c1_slothy_start.split.87_105:OPTIMAL, wall time: 0.021931 s
INFO:gt864-friso2-two-block-schedule.gt864_cf5_pair_t1c1_slothy_start.split.87_105:Booleans in result: 38
INFO:gt864-friso2-two-block-schedule.gt864_cf5_pair_t1c1_slothy_start.split.87_105.selfcheck:OK!
INFO:gt864-friso2-two-block-schedule.gt864_cf5_pair_t1c1_slothy_start.split.87_105:Minimum number of stalls: 36
INFO:gt864-friso2-two-block-schedule.gt864_cf5_pair_t1c1_slothy_start.split.105_122:Perform internal binary search for minimal number of stalls...
INFO:gt864-friso2-two-block-schedule.gt864_cf5_pair_t1c1_slothy_start.split.105_122:Attempt optimization with max 256 stalls...
INFO:gt864-friso2-two-block-schedule.gt864_cf5_pair_t1c1_slothy_start.split.105_122:Setting timeout of 1800 seconds...
INFO:gt864-friso2-two-block-schedule.gt864_cf5_pair_t1c1_slothy_start.split.105_122:Objective: minimize cycles
INFO:gt864-friso2-two-block-schedule.gt864_cf5_pair_t1c1_slothy_start.split.105_122:Invoking external constraint solver (OR-Tools CP-SAT v9.15.6755) ...
INFO:gt864-friso2-two-block-schedule.gt864_cf5_pair_t1c1_slothy_start.split.105_122:[0.0155s]: Found 1 solutions so far... objective (minimize cycles): currently  (Cycles ~ 38.0, IPC ~ 0.45), bound  (Cycles ~ 31.0, IPC ~ 0.55)
INFO:gt864-friso2-two-block-schedule.gt864_cf5_pair_t1c1_slothy_start.split.105_122:[0.0170s]: Found 2 solutions so far... objective (minimize cycles): currently  (Cycles ~ 37.0, IPC ~ 0.46), bound  (Cycles ~ 33.0, IPC ~ 0.52)
INFO:gt864-friso2-two-block-schedule.gt864_cf5_pair_t1c1_slothy_start.split.105_122:OPTIMAL, wall time: 0.031040 s
INFO:gt864-friso2-two-block-schedule.gt864_cf5_pair_t1c1_slothy_start.split.105_122:Booleans in result: 28
INFO:gt864-friso2-two-block-schedule.gt864_cf5_pair_t1c1_slothy_start.split.105_122.selfcheck:OK!
INFO:gt864-friso2-two-block-schedule.gt864_cf5_pair_t1c1_slothy_start.split.105_122:Minimum number of stalls: 32
INFO:gt864-friso2-two-block-schedule.gt864_cf5_pair_t1c1_slothy_start.split.122_140:Perform internal binary search for minimal number of stalls...
INFO:gt864-friso2-two-block-schedule.gt864_cf5_pair_t1c1_slothy_start.split.122_140:Attempt optimization with max 256 stalls...
INFO:gt864-friso2-two-block-schedule.gt864_cf5_pair_t1c1_slothy_start.split.122_140:Setting timeout of 1800 seconds...
INFO:gt864-friso2-two-block-schedule.gt864_cf5_pair_t1c1_slothy_start.split.122_140:Objective: minimize cycles
INFO:gt864-friso2-two-block-schedule.gt864_cf5_pair_t1c1_slothy_start.split.122_140:Invoking external constraint solver (OR-Tools CP-SAT v9.15.6755) ...
INFO:gt864-friso2-two-block-schedule.gt864_cf5_pair_t1c1_slothy_start.split.122_140:[0.0154s]: Found 1 solutions so far... objective (minimize cycles): currently  (Cycles ~ 41.0, IPC ~ 0.44), bound  (Cycles ~ 33.0, IPC ~ 0.55)
INFO:gt864-friso2-two-block-schedule.gt864_cf5_pair_t1c1_slothy_start.split.122_140:OPTIMAL, wall time: 0.023590 s
INFO:gt864-friso2-two-block-schedule.gt864_cf5_pair_t1c1_slothy_start.split.122_140:Booleans in result: 32
INFO:gt864-friso2-two-block-schedule.gt864_cf5_pair_t1c1_slothy_start.split.122_140.selfcheck:OK!
INFO:gt864-friso2-two-block-schedule.gt864_cf5_pair_t1c1_slothy_start.split.122_140:Minimum number of stalls: 36
INFO:gt864-friso2-two-block-schedule.gt864_cf5_pair_t1c1_slothy_start.split.140_157:Perform internal binary search for minimal number of stalls...
INFO:gt864-friso2-two-block-schedule.gt864_cf5_pair_t1c1_slothy_start.split.140_157:Attempt optimization with max 256 stalls...
INFO:gt864-friso2-two-block-schedule.gt864_cf5_pair_t1c1_slothy_start.split.140_157:Setting timeout of 1800 seconds...
INFO:gt864-friso2-two-block-schedule.gt864_cf5_pair_t1c1_slothy_start.split.140_157:Objective: minimize cycles
INFO:gt864-friso2-two-block-schedule.gt864_cf5_pair_t1c1_slothy_start.split.140_157:Invoking external constraint solver (OR-Tools CP-SAT v9.15.6755) ...
INFO:gt864-friso2-two-block-schedule.gt864_cf5_pair_t1c1_slothy_start.split.140_157:[0.0142s]: Found 1 solutions so far... objective (minimize cycles): currently  (Cycles ~ 34.0, IPC ~ 0.50), bound  (Cycles ~ 31.0, IPC ~ 0.55)
INFO:gt864-friso2-two-block-schedule.gt864_cf5_pair_t1c1_slothy_start.split.140_157:OPTIMAL, wall time: 0.024888 s
INFO:gt864-friso2-two-block-schedule.gt864_cf5_pair_t1c1_slothy_start.split.140_157:Booleans in result: 37
INFO:gt864-friso2-two-block-schedule.gt864_cf5_pair_t1c1_slothy_start.split.140_157.selfcheck:OK!
INFO:gt864-friso2-two-block-schedule.gt864_cf5_pair_t1c1_slothy_start.split.140_157:Minimum number of stalls: 29
INFO:gt864-friso2-two-block-schedule.gt864_cf5_pair_t1c1_slothy_start.split.157_174:Perform internal binary search for minimal number of stalls...
INFO:gt864-friso2-two-block-schedule.gt864_cf5_pair_t1c1_slothy_start.split.157_174:Attempt optimization with max 256 stalls...
INFO:gt864-friso2-two-block-schedule.gt864_cf5_pair_t1c1_slothy_start.split.157_174:Setting timeout of 1800 seconds...
INFO:gt864-friso2-two-block-schedule.gt864_cf5_pair_t1c1_slothy_start.split.157_174:Objective: minimize cycles
INFO:gt864-friso2-two-block-schedule.gt864_cf5_pair_t1c1_slothy_start.split.157_174:Invoking external constraint solver (OR-Tools CP-SAT v9.15.6755) ...
INFO:gt864-friso2-two-block-schedule.gt864_cf5_pair_t1c1_slothy_start.split.157_174:[0.0151s]: Found 1 solutions so far... objective (minimize cycles): currently  (Cycles ~ 36.0, IPC ~ 0.47), bound  (Cycles ~ 34.0, IPC ~ 0.50)
INFO:gt864-friso2-two-block-schedule.gt864_cf5_pair_t1c1_slothy_start.split.157_174:OPTIMAL, wall time: 0.029098 s
INFO:gt864-friso2-two-block-schedule.gt864_cf5_pair_t1c1_slothy_start.split.157_174:Booleans in result: 37
INFO:gt864-friso2-two-block-schedule.gt864_cf5_pair_t1c1_slothy_start.split.157_174.selfcheck:OK!
INFO:gt864-friso2-two-block-schedule.gt864_cf5_pair_t1c1_slothy_start.split.157_174:Minimum number of stalls: 31
INFO:gt864-friso2-two-block-schedule.gt864_cf5_pair_t1c1_slothy_start.split.174_192:Perform internal binary search for minimal number of stalls...
INFO:gt864-friso2-two-block-schedule.gt864_cf5_pair_t1c1_slothy_start.split.174_192:Attempt optimization with max 256 stalls...
INFO:gt864-friso2-two-block-schedule.gt864_cf5_pair_t1c1_slothy_start.split.174_192:Setting timeout of 1800 seconds...
INFO:gt864-friso2-two-block-schedule.gt864_cf5_pair_t1c1_slothy_start.split.174_192:Objective: minimize cycles
INFO:gt864-friso2-two-block-schedule.gt864_cf5_pair_t1c1_slothy_start.split.174_192:Invoking external constraint solver (OR-Tools CP-SAT v9.15.6755) ...
INFO:gt864-friso2-two-block-schedule.gt864_cf5_pair_t1c1_slothy_start.split.174_192:[0.0173s]: Found 1 solutions so far... objective (minimize cycles): currently  (Cycles ~ 39.0, IPC ~ 0.46), bound  (Cycles ~ 35.0, IPC ~ 0.51)
INFO:gt864-friso2-two-block-schedule.gt864_cf5_pair_t1c1_slothy_start.split.174_192:OPTIMAL, wall time: 0.027523 s
INFO:gt864-friso2-two-block-schedule.gt864_cf5_pair_t1c1_slothy_start.split.174_192:Booleans in result: 37
INFO:gt864-friso2-two-block-schedule.gt864_cf5_pair_t1c1_slothy_start.split.174_192.selfcheck:OK!
INFO:gt864-friso2-two-block-schedule.gt864_cf5_pair_t1c1_slothy_start.split.174_192:Minimum number of stalls: 34
INFO:gt864-friso2-two-block-schedule.gt864_cf5_pair_t1c1_slothy_start.split.192_209:Perform internal binary search for minimal number of stalls...
INFO:gt864-friso2-two-block-schedule.gt864_cf5_pair_t1c1_slothy_start.split.192_209:Attempt optimization with max 256 stalls...
INFO:gt864-friso2-two-block-schedule.gt864_cf5_pair_t1c1_slothy_start.split.192_209:Setting timeout of 1800 seconds...
INFO:gt864-friso2-two-block-schedule.gt864_cf5_pair_t1c1_slothy_start.split.192_209:Objective: minimize cycles
INFO:gt864-friso2-two-block-schedule.gt864_cf5_pair_t1c1_slothy_start.split.192_209:Invoking external constraint solver (OR-Tools CP-SAT v9.15.6755) ...
INFO:gt864-friso2-two-block-schedule.gt864_cf5_pair_t1c1_slothy_start.split.192_209:[0.0157s]: Found 1 solutions so far... objective (minimize cycles): currently  (Cycles ~ 37.0, IPC ~ 0.46), bound  (Cycles ~ 29.0, IPC ~ 0.59)
INFO:gt864-friso2-two-block-schedule.gt864_cf5_pair_t1c1_slothy_start.split.192_209:[0.0164s]: Found 2 solutions so far... objective (minimize cycles): currently  (Cycles ~ 33.0, IPC ~ 0.52), bound  (Cycles ~ 29.0, IPC ~ 0.59)
INFO:gt864-friso2-two-block-schedule.gt864_cf5_pair_t1c1_slothy_start.split.192_209:OPTIMAL, wall time: 0.027959 s
INFO:gt864-friso2-two-block-schedule.gt864_cf5_pair_t1c1_slothy_start.split.192_209:Booleans in result: 40
INFO:gt864-friso2-two-block-schedule.gt864_cf5_pair_t1c1_slothy_start.split.192_209.selfcheck:OK!
INFO:gt864-friso2-two-block-schedule.gt864_cf5_pair_t1c1_slothy_start.split.192_209:Minimum number of stalls: 28
INFO:gt864-friso2-two-block-schedule.gt864_cf5_pair_t1c1_slothy_start.split.209_227:Perform internal binary search for minimal number of stalls...
INFO:gt864-friso2-two-block-schedule.gt864_cf5_pair_t1c1_slothy_start.split.209_227:Attempt optimization with max 256 stalls...
INFO:gt864-friso2-two-block-schedule.gt864_cf5_pair_t1c1_slothy_start.split.209_227:Setting timeout of 1800 seconds...
INFO:gt864-friso2-two-block-schedule.gt864_cf5_pair_t1c1_slothy_start.split.209_227:Objective: minimize cycles
INFO:gt864-friso2-two-block-schedule.gt864_cf5_pair_t1c1_slothy_start.split.209_227:Invoking external constraint solver (OR-Tools CP-SAT v9.15.6755) ...
INFO:gt864-friso2-two-block-schedule.gt864_cf5_pair_t1c1_slothy_start.split.209_227:[0.0180s]: Found 1 solutions so far... objective (minimize cycles): currently  (Cycles ~ 40.0, IPC ~ 0.45), bound  (Cycles ~ 31.0, IPC ~ 0.58)
INFO:gt864-friso2-two-block-schedule.gt864_cf5_pair_t1c1_slothy_start.split.209_227:[0.0184s]: Found 2 solutions so far... objective (minimize cycles): currently  (Cycles ~ 37.0, IPC ~ 0.49), bound  (Cycles ~ 31.0, IPC ~ 0.58)
INFO:gt864-friso2-two-block-schedule.gt864_cf5_pair_t1c1_slothy_start.split.209_227:OPTIMAL, wall time: 0.027811 s
INFO:gt864-friso2-two-block-schedule.gt864_cf5_pair_t1c1_slothy_start.split.209_227:Booleans in result: 38
INFO:gt864-friso2-two-block-schedule.gt864_cf5_pair_t1c1_slothy_start.split.209_227.selfcheck:OK!
INFO:gt864-friso2-two-block-schedule.gt864_cf5_pair_t1c1_slothy_start.split.209_227:Minimum number of stalls: 32
INFO:gt864-friso2-two-block-schedule.gt864_cf5_pair_t1c1_slothy_start.split.227_244:Perform internal binary search for minimal number of stalls...
INFO:gt864-friso2-two-block-schedule.gt864_cf5_pair_t1c1_slothy_start.split.227_244:Attempt optimization with max 256 stalls...
INFO:gt864-friso2-two-block-schedule.gt864_cf5_pair_t1c1_slothy_start.split.227_244:Setting timeout of 1800 seconds...
INFO:gt864-friso2-two-block-schedule.gt864_cf5_pair_t1c1_slothy_start.split.227_244:Objective: minimize cycles
INFO:gt864-friso2-two-block-schedule.gt864_cf5_pair_t1c1_slothy_start.split.227_244:Invoking external constraint solver (OR-Tools CP-SAT v9.15.6755) ...
INFO:gt864-friso2-two-block-schedule.gt864_cf5_pair_t1c1_slothy_start.split.227_244:[0.0145s]: Found 1 solutions so far... objective (minimize cycles): currently  (Cycles ~ 42.0, IPC ~ 0.40), bound  (Cycles ~ 34.0, IPC ~ 0.50)
INFO:gt864-friso2-two-block-schedule.gt864_cf5_pair_t1c1_slothy_start.split.227_244:OPTIMAL, wall time: 0.025287 s
INFO:gt864-friso2-two-block-schedule.gt864_cf5_pair_t1c1_slothy_start.split.227_244:Booleans in result: 35
INFO:gt864-friso2-two-block-schedule.gt864_cf5_pair_t1c1_slothy_start.split.227_244.selfcheck:OK!
INFO:gt864-friso2-two-block-schedule.gt864_cf5_pair_t1c1_slothy_start.split.227_244:Minimum number of stalls: 37
INFO:gt864-friso2-two-block-schedule.gt864_cf5_pair_t1c1_slothy_start.split.244_262:Perform internal binary search for minimal number of stalls...
INFO:gt864-friso2-two-block-schedule.gt864_cf5_pair_t1c1_slothy_start.split.244_262:Attempt optimization with max 256 stalls...
INFO:gt864-friso2-two-block-schedule.gt864_cf5_pair_t1c1_slothy_start.split.244_262:Setting timeout of 1800 seconds...
INFO:gt864-friso2-two-block-schedule.gt864_cf5_pair_t1c1_slothy_start.split.244_262:Objective: minimize cycles
INFO:gt864-friso2-two-block-schedule.gt864_cf5_pair_t1c1_slothy_start.split.244_262:Invoking external constraint solver (OR-Tools CP-SAT v9.15.6755) ...
INFO:gt864-friso2-two-block-schedule.gt864_cf5_pair_t1c1_slothy_start.split.244_262:[0.0153s]: Found 1 solutions so far... objective (minimize cycles): currently  (Cycles ~ 41.0, IPC ~ 0.44), bound  (Cycles ~ 33.0, IPC ~ 0.55)
INFO:gt864-friso2-two-block-schedule.gt864_cf5_pair_t1c1_slothy_start.split.244_262:[0.0157s]: Found 2 solutions so far... objective (minimize cycles): currently  (Cycles ~ 39.0, IPC ~ 0.46), bound  (Cycles ~ 33.0, IPC ~ 0.55)
INFO:gt864-friso2-two-block-schedule.gt864_cf5_pair_t1c1_slothy_start.split.244_262:OPTIMAL, wall time: 0.028238 s
INFO:gt864-friso2-two-block-schedule.gt864_cf5_pair_t1c1_slothy_start.split.244_262:Booleans in result: 37
INFO:gt864-friso2-two-block-schedule.gt864_cf5_pair_t1c1_slothy_start.split.244_262.selfcheck:OK!
INFO:gt864-friso2-two-block-schedule.gt864_cf5_pair_t1c1_slothy_start.split.244_262:Minimum number of stalls: 34
INFO:gt864-friso2-two-block-schedule.gt864_cf5_pair_t1c1_slothy_start.split.262_279:Perform internal binary search for minimal number of stalls...
INFO:gt864-friso2-two-block-schedule.gt864_cf5_pair_t1c1_slothy_start.split.262_279:Attempt optimization with max 256 stalls...
INFO:gt864-friso2-two-block-schedule.gt864_cf5_pair_t1c1_slothy_start.split.262_279:Setting timeout of 1800 seconds...
INFO:gt864-friso2-two-block-schedule.gt864_cf5_pair_t1c1_slothy_start.split.262_279:Objective: minimize cycles
INFO:gt864-friso2-two-block-schedule.gt864_cf5_pair_t1c1_slothy_start.split.262_279:Invoking external constraint solver (OR-Tools CP-SAT v9.15.6755) ...
INFO:gt864-friso2-two-block-schedule.gt864_cf5_pair_t1c1_slothy_start.split.262_279:[0.0157s]: Found 1 solutions so far... objective (minimize cycles): currently  (Cycles ~ 42.0, IPC ~ 0.40), bound  (Cycles ~ 34.0, IPC ~ 0.50)
INFO:gt864-friso2-two-block-schedule.gt864_cf5_pair_t1c1_slothy_start.split.262_279:OPTIMAL, wall time: 0.023506 s
INFO:gt864-friso2-two-block-schedule.gt864_cf5_pair_t1c1_slothy_start.split.262_279:Booleans in result: 30
INFO:gt864-friso2-two-block-schedule.gt864_cf5_pair_t1c1_slothy_start.split.262_279.selfcheck:OK!
INFO:gt864-friso2-two-block-schedule.gt864_cf5_pair_t1c1_slothy_start.split.262_279:Minimum number of stalls: 37
INFO:gt864-friso2-two-block-schedule.gt864_cf5_pair_t1c1_slothy_start.split:Initial stalls
INFO:gt864-friso2-two-block-schedule.gt864_cf5_pair_t1c1_slothy_start.split:[  0-  5]: *******........ (7)
INFO:gt864-friso2-two-block-schedule.gt864_cf5_pair_t1c1_slothy_start.split:[  5- 11]: ************... (12)
INFO:gt864-friso2-two-block-schedule.gt864_cf5_pair_t1c1_slothy_start.split:[ 11- 16]: *************.. (13)
INFO:gt864-friso2-two-block-schedule.gt864_cf5_pair_t1c1_slothy_start.split:[ 16- 22]: *************.. (13)
INFO:gt864-friso2-two-block-schedule.gt864_cf5_pair_t1c1_slothy_start.split:[ 22- 27]: *************.. (13)
INFO:gt864-friso2-two-block-schedule.gt864_cf5_pair_t1c1_slothy_start.split:[ 27- 33]: *************.. (13)
INFO:gt864-friso2-two-block-schedule.gt864_cf5_pair_t1c1_slothy_start.split:[ 33- 39]: *************.. (13)
INFO:gt864-friso2-two-block-schedule.gt864_cf5_pair_t1c1_slothy_start.split:[ 39- 44]: *************.. (13)
INFO:gt864-friso2-two-block-schedule.gt864_cf5_pair_t1c1_slothy_start.split:[ 44- 50]: *************.. (13)
INFO:gt864-friso2-two-block-schedule.gt864_cf5_pair_t1c1_slothy_start.split:[ 50- 55]: ************... (12)
INFO:gt864-friso2-two-block-schedule.gt864_cf5_pair_t1c1_slothy_start.split:[ 55- 61]: ***********.... (11)
INFO:gt864-friso2-two-block-schedule.gt864_cf5_pair_t1c1_slothy_start.split:[ 61- 66]: **********..... (10)
INFO:gt864-friso2-two-block-schedule.gt864_cf5_pair_t1c1_slothy_start.split:[ 66- 72]: **********..... (10)
INFO:gt864-friso2-two-block-schedule.gt864_cf5_pair_t1c1_slothy_start.split:[ 72- 78]: **********..... (10)
INFO:gt864-friso2-two-block-schedule.gt864_cf5_pair_t1c1_slothy_start.split:[ 78- 83]: *************.. (13)
INFO:gt864-friso2-two-block-schedule.gt864_cf5_pair_t1c1_slothy_start.split:[ 83- 89]: *************.. (13)
INFO:gt864-friso2-two-block-schedule.gt864_cf5_pair_t1c1_slothy_start.split:[ 89- 94]: **************. (14)
INFO:gt864-friso2-two-block-schedule.gt864_cf5_pair_t1c1_slothy_start.split:[ 94-100]: *************.. (13)
INFO:gt864-friso2-two-block-schedule.gt864_cf5_pair_t1c1_slothy_start.split:[100-106]: *************.. (13)
INFO:gt864-friso2-two-block-schedule.gt864_cf5_pair_t1c1_slothy_start.split:[106-111]: *************.. (13)
INFO:gt864-friso2-two-block-schedule.gt864_cf5_pair_t1c1_slothy_start.split:[111-117]: *************.. (13)
INFO:gt864-friso2-two-block-schedule.gt864_cf5_pair_t1c1_slothy_start.split:[117-122]: *************.. (13)
INFO:gt864-friso2-two-block-schedule.gt864_cf5_pair_t1c1_slothy_start.split:[122-128]: *************.. (13)
INFO:gt864-friso2-two-block-schedule.gt864_cf5_pair_t1c1_slothy_start.split:[128-133]: *************.. (13)
INFO:gt864-friso2-two-block-schedule.gt864_cf5_pair_t1c1_slothy_start.split:[133-139]: *************.. (13)
INFO:gt864-friso2-two-block-schedule.gt864_cf5_pair_t1c1_slothy_start.split:[139-145]: *************.. (13)
INFO:gt864-friso2-two-block-schedule.gt864_cf5_pair_t1c1_slothy_start.split:[145-150]: *************.. (13)
INFO:gt864-friso2-two-block-schedule.gt864_cf5_pair_t1c1_slothy_start.split:[150-156]: ************... (12)
INFO:gt864-friso2-two-block-schedule.gt864_cf5_pair_t1c1_slothy_start.split:[156-161]: ************... (12)
INFO:gt864-friso2-two-block-schedule.gt864_cf5_pair_t1c1_slothy_start.split:[161-167]: ************... (12)
INFO:gt864-friso2-two-block-schedule.gt864_cf5_pair_t1c1_slothy_start.split:[167-172]: *************.. (13)
INFO:gt864-friso2-two-block-schedule.gt864_cf5_pair_t1c1_slothy_start.split:[172-178]: *************.. (13)
INFO:gt864-friso2-two-block-schedule.gt864_cf5_pair_t1c1_slothy_start.split:[178-184]: *************.. (13)
INFO:gt864-friso2-two-block-schedule.gt864_cf5_pair_t1c1_slothy_start.split:[184-189]: *************.. (13)
INFO:gt864-friso2-two-block-schedule.gt864_cf5_pair_t1c1_slothy_start.split:[189-195]: ***********.... (11)
INFO:gt864-friso2-two-block-schedule.gt864_cf5_pair_t1c1_slothy_start.split:[195-200]: ***********.... (11)
INFO:gt864-friso2-two-block-schedule.gt864_cf5_pair_t1c1_slothy_start.split:[200-206]: ***********.... (11)
INFO:gt864-friso2-two-block-schedule.gt864_cf5_pair_t1c1_slothy_start.split:[206-212]: ***********.... (11)
INFO:gt864-friso2-two-block-schedule.gt864_cf5_pair_t1c1_slothy_start.split:[212-217]: ************... (12)
INFO:gt864-friso2-two-block-schedule.gt864_cf5_pair_t1c1_slothy_start.split:[217-223]: ************... (12)
INFO:gt864-friso2-two-block-schedule.gt864_cf5_pair_t1c1_slothy_start.split:[223-228]: *************.. (13)
INFO:gt864-friso2-two-block-schedule.gt864_cf5_pair_t1c1_slothy_start.split:[228-234]: *************.. (13)
INFO:gt864-friso2-two-block-schedule.gt864_cf5_pair_t1c1_slothy_start.split:[234-239]: **************. (14)
INFO:gt864-friso2-two-block-schedule.gt864_cf5_pair_t1c1_slothy_start.split:[239-245]: **************. (14)
INFO:gt864-friso2-two-block-schedule.gt864_cf5_pair_t1c1_slothy_start.split:[245-251]: **************. (14)
INFO:gt864-friso2-two-block-schedule.gt864_cf5_pair_t1c1_slothy_start.split:[251-256]: *************.. (13)
INFO:gt864-friso2-two-block-schedule.gt864_cf5_pair_t1c1_slothy_start.split:[256-262]: ************... (12)
INFO:gt864-friso2-two-block-schedule.gt864_cf5_pair_t1c1_slothy_start.split:[262-267]: ************... (12)
INFO:gt864-friso2-two-block-schedule.gt864_cf5_pair_t1c1_slothy_start.split:[267-273]: *************.. (13)
INFO:gt864-friso2-two-block-schedule.gt864_cf5_pair_t1c1_slothy_start.split:[273-279]: *********...... (9)
INFO:gt864-friso2-two-block-schedule.gt864_cf5_pair_t1c1_slothy_start.split.0_17:Perform internal binary search for minimal number of stalls...
INFO:gt864-friso2-two-block-schedule.gt864_cf5_pair_t1c1_slothy_start.split.0_17:Attempt optimization with max 256 stalls...
INFO:gt864-friso2-two-block-schedule.gt864_cf5_pair_t1c1_slothy_start.split.0_17:Setting timeout of 1800 seconds...
INFO:gt864-friso2-two-block-schedule.gt864_cf5_pair_t1c1_slothy_start.split.0_17:Objective: minimize cycles
INFO:gt864-friso2-two-block-schedule.gt864_cf5_pair_t1c1_slothy_start.split.0_17:Invoking external constraint solver (OR-Tools CP-SAT v9.15.6755) ...
INFO:gt864-friso2-two-block-schedule.gt864_cf5_pair_t1c1_slothy_start.split.0_17:[0.1168s]: Found 1 solutions so far... objective (minimize cycles): currently  (Cycles ~ 20.0, IPC ~ 0.85), bound  (Cycles ~ 13.0, IPC ~ 1.31)
INFO:gt864-friso2-two-block-schedule.gt864_cf5_pair_t1c1_slothy_start.split.0_17:OPTIMAL, wall time: 0.129212 s
INFO:gt864-friso2-two-block-schedule.gt864_cf5_pair_t1c1_slothy_start.split.0_17:Booleans in result: 128
INFO:gt864-friso2-two-block-schedule.gt864_cf5_pair_t1c1_slothy_start.split.0_17.selfcheck:OK!
INFO:gt864-friso2-two-block-schedule.gt864_cf5_pair_t1c1_slothy_start.split.0_17:Minimum number of stalls: 15
INFO:gt864-friso2-two-block-schedule.gt864_cf5_pair_t1c1_slothy_start.split:[  0-  5]: *******........ (7)
INFO:gt864-friso2-two-block-schedule.gt864_cf5_pair_t1c1_slothy_start.split:[  5- 11]: ************... (12)
INFO:gt864-friso2-two-block-schedule.gt864_cf5_pair_t1c1_slothy_start.split:[ 11- 16]: **************. (14)
INFO:gt864-friso2-two-block-schedule.gt864_cf5_pair_t1c1_slothy_start.split:[ 16- 22]: **************. (14)
INFO:gt864-friso2-two-block-schedule.gt864_cf5_pair_t1c1_slothy_start.split:[ 22- 27]: *************.. (13)
INFO:gt864-friso2-two-block-schedule.gt864_cf5_pair_t1c1_slothy_start.split:[ 27- 33]: *************.. (13)
INFO:gt864-friso2-two-block-schedule.gt864_cf5_pair_t1c1_slothy_start.split:[ 33- 39]: *************.. (13)
INFO:gt864-friso2-two-block-schedule.gt864_cf5_pair_t1c1_slothy_start.split:[ 39- 44]: *************.. (13)
INFO:gt864-friso2-two-block-schedule.gt864_cf5_pair_t1c1_slothy_start.split:[ 44- 50]: *************.. (13)
INFO:gt864-friso2-two-block-schedule.gt864_cf5_pair_t1c1_slothy_start.split:[ 50- 55]: ************... (12)
INFO:gt864-friso2-two-block-schedule.gt864_cf5_pair_t1c1_slothy_start.split:[ 55- 61]: ***********.... (11)
INFO:gt864-friso2-two-block-schedule.gt864_cf5_pair_t1c1_slothy_start.split:[ 61- 66]: **********..... (10)
INFO:gt864-friso2-two-block-schedule.gt864_cf5_pair_t1c1_slothy_start.split:[ 66- 72]: **********..... (10)
INFO:gt864-friso2-two-block-schedule.gt864_cf5_pair_t1c1_slothy_start.split:[ 72- 78]: **********..... (10)
INFO:gt864-friso2-two-block-schedule.gt864_cf5_pair_t1c1_slothy_start.split:[ 78- 83]: *************.. (13)
INFO:gt864-friso2-two-block-schedule.gt864_cf5_pair_t1c1_slothy_start.split:[ 83- 89]: *************.. (13)
INFO:gt864-friso2-two-block-schedule.gt864_cf5_pair_t1c1_slothy_start.split:[ 89- 94]: **************. (14)
INFO:gt864-friso2-two-block-schedule.gt864_cf5_pair_t1c1_slothy_start.split:[ 94-100]: *************.. (13)
INFO:gt864-friso2-two-block-schedule.gt864_cf5_pair_t1c1_slothy_start.split:[100-106]: *************.. (13)
INFO:gt864-friso2-two-block-schedule.gt864_cf5_pair_t1c1_slothy_start.split:[106-111]: *************.. (13)
INFO:gt864-friso2-two-block-schedule.gt864_cf5_pair_t1c1_slothy_start.split:[111-117]: *************.. (13)
INFO:gt864-friso2-two-block-schedule.gt864_cf5_pair_t1c1_slothy_start.split:[117-122]: *************.. (13)
INFO:gt864-friso2-two-block-schedule.gt864_cf5_pair_t1c1_slothy_start.split:[122-128]: *************.. (13)
INFO:gt864-friso2-two-block-schedule.gt864_cf5_pair_t1c1_slothy_start.split:[128-133]: *************.. (13)
INFO:gt864-friso2-two-block-schedule.gt864_cf5_pair_t1c1_slothy_start.split:[133-139]: *************.. (13)
INFO:gt864-friso2-two-block-schedule.gt864_cf5_pair_t1c1_slothy_start.split:[139-145]: *************.. (13)
INFO:gt864-friso2-two-block-schedule.gt864_cf5_pair_t1c1_slothy_start.split:[145-150]: *************.. (13)
INFO:gt864-friso2-two-block-schedule.gt864_cf5_pair_t1c1_slothy_start.split:[150-156]: ************... (12)
INFO:gt864-friso2-two-block-schedule.gt864_cf5_pair_t1c1_slothy_start.split:[156-161]: ************... (12)
INFO:gt864-friso2-two-block-schedule.gt864_cf5_pair_t1c1_slothy_start.split:[161-167]: ************... (12)
INFO:gt864-friso2-two-block-schedule.gt864_cf5_pair_t1c1_slothy_start.split:[167-172]: *************.. (13)
INFO:gt864-friso2-two-block-schedule.gt864_cf5_pair_t1c1_slothy_start.split:[172-178]: *************.. (13)
INFO:gt864-friso2-two-block-schedule.gt864_cf5_pair_t1c1_slothy_start.split:[178-184]: *************.. (13)
INFO:gt864-friso2-two-block-schedule.gt864_cf5_pair_t1c1_slothy_start.split:[184-189]: *************.. (13)
INFO:gt864-friso2-two-block-schedule.gt864_cf5_pair_t1c1_slothy_start.split:[189-195]: ***********.... (11)
INFO:gt864-friso2-two-block-schedule.gt864_cf5_pair_t1c1_slothy_start.split:[195-200]: ***********.... (11)
INFO:gt864-friso2-two-block-schedule.gt864_cf5_pair_t1c1_slothy_start.split:[200-206]: ***********.... (11)
INFO:gt864-friso2-two-block-schedule.gt864_cf5_pair_t1c1_slothy_start.split:[206-212]: ***********.... (11)
INFO:gt864-friso2-two-block-schedule.gt864_cf5_pair_t1c1_slothy_start.split:[212-217]: ************... (12)
INFO:gt864-friso2-two-block-schedule.gt864_cf5_pair_t1c1_slothy_start.split:[217-223]: ************... (12)
INFO:gt864-friso2-two-block-schedule.gt864_cf5_pair_t1c1_slothy_start.split:[223-228]: *************.. (13)
INFO:gt864-friso2-two-block-schedule.gt864_cf5_pair_t1c1_slothy_start.split:[228-234]: *************.. (13)
INFO:gt864-friso2-two-block-schedule.gt864_cf5_pair_t1c1_slothy_start.split:[234-239]: **************. (14)
INFO:gt864-friso2-two-block-schedule.gt864_cf5_pair_t1c1_slothy_start.split:[239-245]: **************. (14)
INFO:gt864-friso2-two-block-schedule.gt864_cf5_pair_t1c1_slothy_start.split:[245-251]: **************. (14)
INFO:gt864-friso2-two-block-schedule.gt864_cf5_pair_t1c1_slothy_start.split:[251-256]: *************.. (13)
INFO:gt864-friso2-two-block-schedule.gt864_cf5_pair_t1c1_slothy_start.split:[256-262]: ************... (12)
INFO:gt864-friso2-two-block-schedule.gt864_cf5_pair_t1c1_slothy_start.split:[262-267]: ************... (12)
INFO:gt864-friso2-two-block-schedule.gt864_cf5_pair_t1c1_slothy_start.split:[267-273]: *************.. (13)
INFO:gt864-friso2-two-block-schedule.gt864_cf5_pair_t1c1_slothy_start.split:[273-279]: *********...... (9)
INFO:gt864-friso2-two-block-schedule.gt864_cf5_pair_t1c1_slothy_start.split.14_31:Perform internal binary search for minimal number of stalls...
INFO:gt864-friso2-two-block-schedule.gt864_cf5_pair_t1c1_slothy_start.split.14_31:Attempt optimization with max 256 stalls...
INFO:gt864-friso2-two-block-schedule.gt864_cf5_pair_t1c1_slothy_start.split.14_31:Setting timeout of 1800 seconds...
INFO:gt864-friso2-two-block-schedule.gt864_cf5_pair_t1c1_slothy_start.split.14_31:Objective: minimize cycles
INFO:gt864-friso2-two-block-schedule.gt864_cf5_pair_t1c1_slothy_start.split.14_31:Invoking external constraint solver (OR-Tools CP-SAT v9.15.6755) ...
INFO:gt864-friso2-two-block-schedule.gt864_cf5_pair_t1c1_slothy_start.split.14_31:[0.0937s]: Found 1 solutions so far... objective (minimize cycles): currently  (Cycles ~ 22.0, IPC ~ 0.77), bound  (Cycles ~ 13.0, IPC ~ 1.31)
INFO:gt864-friso2-two-block-schedule.gt864_cf5_pair_t1c1_slothy_start.split.14_31:[0.0990s]: Found 2 solutions so far... objective (minimize cycles): currently  (Cycles ~ 21.0, IPC ~ 0.81), bound  (Cycles ~ 18.0, IPC ~ 0.94)
INFO:gt864-friso2-two-block-schedule.gt864_cf5_pair_t1c1_slothy_start.split.14_31:OPTIMAL, wall time: 0.118587 s
INFO:gt864-friso2-two-block-schedule.gt864_cf5_pair_t1c1_slothy_start.split.14_31:Booleans in result: 135
INFO:gt864-friso2-two-block-schedule.gt864_cf5_pair_t1c1_slothy_start.split.14_31.selfcheck:OK!
INFO:gt864-friso2-two-block-schedule.gt864_cf5_pair_t1c1_slothy_start.split.14_31:Minimum number of stalls: 16
INFO:gt864-friso2-two-block-schedule.gt864_cf5_pair_t1c1_slothy_start.split:[  0-  5]: *******........ (7)
INFO:gt864-friso2-two-block-schedule.gt864_cf5_pair_t1c1_slothy_start.split:[  5- 11]: **********..... (10)
INFO:gt864-friso2-two-block-schedule.gt864_cf5_pair_t1c1_slothy_start.split:[ 11- 16]: ************... (12)
INFO:gt864-friso2-two-block-schedule.gt864_cf5_pair_t1c1_slothy_start.split:[ 16- 22]: *************.. (13)
INFO:gt864-friso2-two-block-schedule.gt864_cf5_pair_t1c1_slothy_start.split:[ 22- 27]: *************.. (13)
INFO:gt864-friso2-two-block-schedule.gt864_cf5_pair_t1c1_slothy_start.split:[ 27- 33]: *************** (15)
INFO:gt864-friso2-two-block-schedule.gt864_cf5_pair_t1c1_slothy_start.split:[ 33- 39]: **************. (14)
INFO:gt864-friso2-two-block-schedule.gt864_cf5_pair_t1c1_slothy_start.split:[ 39- 44]: *************.. (13)
INFO:gt864-friso2-two-block-schedule.gt864_cf5_pair_t1c1_slothy_start.split:[ 44- 50]: *************.. (13)
INFO:gt864-friso2-two-block-schedule.gt864_cf5_pair_t1c1_slothy_start.split:[ 50- 55]: ************... (12)
INFO:gt864-friso2-two-block-schedule.gt864_cf5_pair_t1c1_slothy_start.split:[ 55- 61]: ***********.... (11)
INFO:gt864-friso2-two-block-schedule.gt864_cf5_pair_t1c1_slothy_start.split:[ 61- 66]: **********..... (10)
INFO:gt864-friso2-two-block-schedule.gt864_cf5_pair_t1c1_slothy_start.split:[ 66- 72]: **********..... (10)
INFO:gt864-friso2-two-block-schedule.gt864_cf5_pair_t1c1_slothy_start.split:[ 72- 78]: **********..... (10)
INFO:gt864-friso2-two-block-schedule.gt864_cf5_pair_t1c1_slothy_start.split:[ 78- 83]: *************.. (13)
INFO:gt864-friso2-two-block-schedule.gt864_cf5_pair_t1c1_slothy_start.split:[ 83- 89]: *************.. (13)
INFO:gt864-friso2-two-block-schedule.gt864_cf5_pair_t1c1_slothy_start.split:[ 89- 94]: **************. (14)
INFO:gt864-friso2-two-block-schedule.gt864_cf5_pair_t1c1_slothy_start.split:[ 94-100]: *************.. (13)
INFO:gt864-friso2-two-block-schedule.gt864_cf5_pair_t1c1_slothy_start.split:[100-106]: *************.. (13)
INFO:gt864-friso2-two-block-schedule.gt864_cf5_pair_t1c1_slothy_start.split:[106-111]: *************.. (13)
INFO:gt864-friso2-two-block-schedule.gt864_cf5_pair_t1c1_slothy_start.split:[111-117]: *************.. (13)
INFO:gt864-friso2-two-block-schedule.gt864_cf5_pair_t1c1_slothy_start.split:[117-122]: *************.. (13)
INFO:gt864-friso2-two-block-schedule.gt864_cf5_pair_t1c1_slothy_start.split:[122-128]: *************.. (13)
INFO:gt864-friso2-two-block-schedule.gt864_cf5_pair_t1c1_slothy_start.split:[128-133]: *************.. (13)
INFO:gt864-friso2-two-block-schedule.gt864_cf5_pair_t1c1_slothy_start.split:[133-139]: *************.. (13)
INFO:gt864-friso2-two-block-schedule.gt864_cf5_pair_t1c1_slothy_start.split:[139-145]: *************.. (13)
INFO:gt864-friso2-two-block-schedule.gt864_cf5_pair_t1c1_slothy_start.split:[145-150]: *************.. (13)
INFO:gt864-friso2-two-block-schedule.gt864_cf5_pair_t1c1_slothy_start.split:[150-156]: ************... (12)
INFO:gt864-friso2-two-block-schedule.gt864_cf5_pair_t1c1_slothy_start.split:[156-161]: ************... (12)
INFO:gt864-friso2-two-block-schedule.gt864_cf5_pair_t1c1_slothy_start.split:[161-167]: ************... (12)
INFO:gt864-friso2-two-block-schedule.gt864_cf5_pair_t1c1_slothy_start.split:[167-172]: *************.. (13)
INFO:gt864-friso2-two-block-schedule.gt864_cf5_pair_t1c1_slothy_start.split:[172-178]: *************.. (13)
INFO:gt864-friso2-two-block-schedule.gt864_cf5_pair_t1c1_slothy_start.split:[178-184]: *************.. (13)
INFO:gt864-friso2-two-block-schedule.gt864_cf5_pair_t1c1_slothy_start.split:[184-189]: *************.. (13)
INFO:gt864-friso2-two-block-schedule.gt864_cf5_pair_t1c1_slothy_start.split:[189-195]: ***********.... (11)
INFO:gt864-friso2-two-block-schedule.gt864_cf5_pair_t1c1_slothy_start.split:[195-200]: ***********.... (11)
INFO:gt864-friso2-two-block-schedule.gt864_cf5_pair_t1c1_slothy_start.split:[200-206]: ***********.... (11)
INFO:gt864-friso2-two-block-schedule.gt864_cf5_pair_t1c1_slothy_start.split:[206-212]: ***********.... (11)
INFO:gt864-friso2-two-block-schedule.gt864_cf5_pair_t1c1_slothy_start.split:[212-217]: ************... (12)
INFO:gt864-friso2-two-block-schedule.gt864_cf5_pair_t1c1_slothy_start.split:[217-223]: ************... (12)
INFO:gt864-friso2-two-block-schedule.gt864_cf5_pair_t1c1_slothy_start.split:[223-228]: *************.. (13)
INFO:gt864-friso2-two-block-schedule.gt864_cf5_pair_t1c1_slothy_start.split:[228-234]: *************.. (13)
INFO:gt864-friso2-two-block-schedule.gt864_cf5_pair_t1c1_slothy_start.split:[234-239]: **************. (14)
INFO:gt864-friso2-two-block-schedule.gt864_cf5_pair_t1c1_slothy_start.split:[239-245]: **************. (14)
INFO:gt864-friso2-two-block-schedule.gt864_cf5_pair_t1c1_slothy_start.split:[245-251]: **************. (14)
INFO:gt864-friso2-two-block-schedule.gt864_cf5_pair_t1c1_slothy_start.split:[251-256]: *************.. (13)
INFO:gt864-friso2-two-block-schedule.gt864_cf5_pair_t1c1_slothy_start.split:[256-262]: ************... (12)
INFO:gt864-friso2-two-block-schedule.gt864_cf5_pair_t1c1_slothy_start.split:[262-267]: ************... (12)
INFO:gt864-friso2-two-block-schedule.gt864_cf5_pair_t1c1_slothy_start.split:[267-273]: *************.. (13)
INFO:gt864-friso2-two-block-schedule.gt864_cf5_pair_t1c1_slothy_start.split:[273-279]: *********...... (9)
INFO:gt864-friso2-two-block-schedule.gt864_cf5_pair_t1c1_slothy_start.split.28_45:Perform internal binary search for minimal number of stalls...
INFO:gt864-friso2-two-block-schedule.gt864_cf5_pair_t1c1_slothy_start.split.28_45:Attempt optimization with max 256 stalls...
INFO:gt864-friso2-two-block-schedule.gt864_cf5_pair_t1c1_slothy_start.split.28_45:Setting timeout of 1800 seconds...
INFO:gt864-friso2-two-block-schedule.gt864_cf5_pair_t1c1_slothy_start.split.28_45:Objective: minimize cycles
INFO:gt864-friso2-two-block-schedule.gt864_cf5_pair_t1c1_slothy_start.split.28_45:Invoking external constraint solver (OR-Tools CP-SAT v9.15.6755) ...
INFO:gt864-friso2-two-block-schedule.gt864_cf5_pair_t1c1_slothy_start.split.28_45:[0.0740s]: Found 1 solutions so far... objective (minimize cycles): currently  (Cycles ~ 36.0, IPC ~ 0.47), bound  (Cycles ~ 11.0, IPC ~ 1.55)
INFO:gt864-friso2-two-block-schedule.gt864_cf5_pair_t1c1_slothy_start.split.28_45:[0.0774s]: Found 2 solutions so far... objective (minimize cycles): currently  (Cycles ~ 32.0, IPC ~ 0.53), bound  (Cycles ~ 11.0, IPC ~ 1.55)
INFO:gt864-friso2-two-block-schedule.gt864_cf5_pair_t1c1_slothy_start.split.28_45:[0.0884s]: Found 3 solutions so far... objective (minimize cycles): currently  (Cycles ~ 31.0, IPC ~ 0.55), bound  (Cycles ~ 14.0, IPC ~ 1.21)
INFO:gt864-friso2-two-block-schedule.gt864_cf5_pair_t1c1_slothy_start.split.28_45:[0.0947s]: Found 4 solutions so far... objective (minimize cycles): currently  (Cycles ~ 28.0, IPC ~ 0.61), bound  (Cycles ~ 14.0, IPC ~ 1.21)
INFO:gt864-friso2-two-block-schedule.gt864_cf5_pair_t1c1_slothy_start.split.28_45:[0.0984s]: Found 5 solutions so far... objective (minimize cycles): currently  (Cycles ~ 24.0, IPC ~ 0.71), bound  (Cycles ~ 14.0, IPC ~ 1.21)
INFO:gt864-friso2-two-block-schedule.gt864_cf5_pair_t1c1_slothy_start.split.28_45:[0.1001s]: Found 6 solutions so far... objective (minimize cycles): currently  (Cycles ~ 23.0, IPC ~ 0.74), bound  (Cycles ~ 14.0, IPC ~ 1.21)
INFO:gt864-friso2-two-block-schedule.gt864_cf5_pair_t1c1_slothy_start.split.28_45:[0.1031s]: Found 7 solutions so far... objective (minimize cycles): currently  (Cycles ~ 22.0, IPC ~ 0.77), bound  (Cycles ~ 14.0, IPC ~ 1.21)
INFO:gt864-friso2-two-block-schedule.gt864_cf5_pair_t1c1_slothy_start.split.28_45:[0.1110s]: Found 8 solutions so far... objective (minimize cycles): currently  (Cycles ~ 21.0, IPC ~ 0.81), bound  (Cycles ~ 14.0, IPC ~ 1.21)
INFO:gt864-friso2-two-block-schedule.gt864_cf5_pair_t1c1_slothy_start.split.28_45:OPTIMAL, wall time: 0.119851 s
INFO:gt864-friso2-two-block-schedule.gt864_cf5_pair_t1c1_slothy_start.split.28_45:Booleans in result: 88
INFO:gt864-friso2-two-block-schedule.gt864_cf5_pair_t1c1_slothy_start.split.28_45.selfcheck:OK!
INFO:gt864-friso2-two-block-schedule.gt864_cf5_pair_t1c1_slothy_start.split.28_45:Minimum number of stalls: 16
INFO:gt864-friso2-two-block-schedule.gt864_cf5_pair_t1c1_slothy_start.split:[  0-  5]: *******........ (7)
INFO:gt864-friso2-two-block-schedule.gt864_cf5_pair_t1c1_slothy_start.split:[  5- 11]: **********..... (10)
INFO:gt864-friso2-two-block-schedule.gt864_cf5_pair_t1c1_slothy_start.split:[ 11- 16]: ************... (12)
INFO:gt864-friso2-two-block-schedule.gt864_cf5_pair_t1c1_slothy_start.split:[ 16- 22]: ************... (12)
INFO:gt864-friso2-two-block-schedule.gt864_cf5_pair_t1c1_slothy_start.split:[ 22- 27]: ***********.... (11)
INFO:gt864-friso2-two-block-schedule.gt864_cf5_pair_t1c1_slothy_start.split:[ 27- 33]: ************... (12)
INFO:gt864-friso2-two-block-schedule.gt864_cf5_pair_t1c1_slothy_start.split:[ 33- 39]: *************.. (13)
INFO:gt864-friso2-two-block-schedule.gt864_cf5_pair_t1c1_slothy_start.split:[ 39- 44]: **************. (14)
INFO:gt864-friso2-two-block-schedule.gt864_cf5_pair_t1c1_slothy_start.split:[ 44- 50]: **************. (14)
INFO:gt864-friso2-two-block-schedule.gt864_cf5_pair_t1c1_slothy_start.split:[ 50- 55]: ************... (12)
INFO:gt864-friso2-two-block-schedule.gt864_cf5_pair_t1c1_slothy_start.split:[ 55- 61]: ***********.... (11)
INFO:gt864-friso2-two-block-schedule.gt864_cf5_pair_t1c1_slothy_start.split:[ 61- 66]: **********..... (10)
INFO:gt864-friso2-two-block-schedule.gt864_cf5_pair_t1c1_slothy_start.split:[ 66- 72]: **********..... (10)
INFO:gt864-friso2-two-block-schedule.gt864_cf5_pair_t1c1_slothy_start.split:[ 72- 78]: **********..... (10)
INFO:gt864-friso2-two-block-schedule.gt864_cf5_pair_t1c1_slothy_start.split:[ 78- 83]: *************.. (13)
INFO:gt864-friso2-two-block-schedule.gt864_cf5_pair_t1c1_slothy_start.split:[ 83- 89]: *************.. (13)
INFO:gt864-friso2-two-block-schedule.gt864_cf5_pair_t1c1_slothy_start.split:[ 89- 94]: **************. (14)
INFO:gt864-friso2-two-block-schedule.gt864_cf5_pair_t1c1_slothy_start.split:[ 94-100]: *************.. (13)
INFO:gt864-friso2-two-block-schedule.gt864_cf5_pair_t1c1_slothy_start.split:[100-106]: *************.. (13)
INFO:gt864-friso2-two-block-schedule.gt864_cf5_pair_t1c1_slothy_start.split:[106-111]: *************.. (13)
INFO:gt864-friso2-two-block-schedule.gt864_cf5_pair_t1c1_slothy_start.split:[111-117]: *************.. (13)
INFO:gt864-friso2-two-block-schedule.gt864_cf5_pair_t1c1_slothy_start.split:[117-122]: *************.. (13)
INFO:gt864-friso2-two-block-schedule.gt864_cf5_pair_t1c1_slothy_start.split:[122-128]: *************.. (13)
INFO:gt864-friso2-two-block-schedule.gt864_cf5_pair_t1c1_slothy_start.split:[128-133]: *************.. (13)
INFO:gt864-friso2-two-block-schedule.gt864_cf5_pair_t1c1_slothy_start.split:[133-139]: *************.. (13)
INFO:gt864-friso2-two-block-schedule.gt864_cf5_pair_t1c1_slothy_start.split:[139-145]: *************.. (13)
INFO:gt864-friso2-two-block-schedule.gt864_cf5_pair_t1c1_slothy_start.split:[145-150]: *************.. (13)
INFO:gt864-friso2-two-block-schedule.gt864_cf5_pair_t1c1_slothy_start.split:[150-156]: ************... (12)
INFO:gt864-friso2-two-block-schedule.gt864_cf5_pair_t1c1_slothy_start.split:[156-161]: ************... (12)
INFO:gt864-friso2-two-block-schedule.gt864_cf5_pair_t1c1_slothy_start.split:[161-167]: ************... (12)
INFO:gt864-friso2-two-block-schedule.gt864_cf5_pair_t1c1_slothy_start.split:[167-172]: *************.. (13)
INFO:gt864-friso2-two-block-schedule.gt864_cf5_pair_t1c1_slothy_start.split:[172-178]: *************.. (13)
INFO:gt864-friso2-two-block-schedule.gt864_cf5_pair_t1c1_slothy_start.split:[178-184]: *************.. (13)
INFO:gt864-friso2-two-block-schedule.gt864_cf5_pair_t1c1_slothy_start.split:[184-189]: *************.. (13)
INFO:gt864-friso2-two-block-schedule.gt864_cf5_pair_t1c1_slothy_start.split:[189-195]: ***********.... (11)
INFO:gt864-friso2-two-block-schedule.gt864_cf5_pair_t1c1_slothy_start.split:[195-200]: ***********.... (11)
INFO:gt864-friso2-two-block-schedule.gt864_cf5_pair_t1c1_slothy_start.split:[200-206]: ***********.... (11)
INFO:gt864-friso2-two-block-schedule.gt864_cf5_pair_t1c1_slothy_start.split:[206-212]: ***********.... (11)
INFO:gt864-friso2-two-block-schedule.gt864_cf5_pair_t1c1_slothy_start.split:[212-217]: ************... (12)
INFO:gt864-friso2-two-block-schedule.gt864_cf5_pair_t1c1_slothy_start.split:[217-223]: ************... (12)
INFO:gt864-friso2-two-block-schedule.gt864_cf5_pair_t1c1_slothy_start.split:[223-228]: *************.. (13)
INFO:gt864-friso2-two-block-schedule.gt864_cf5_pair_t1c1_slothy_start.split:[228-234]: *************.. (13)
INFO:gt864-friso2-two-block-schedule.gt864_cf5_pair_t1c1_slothy_start.split:[234-239]: **************. (14)
INFO:gt864-friso2-two-block-schedule.gt864_cf5_pair_t1c1_slothy_start.split:[239-245]: **************. (14)
INFO:gt864-friso2-two-block-schedule.gt864_cf5_pair_t1c1_slothy_start.split:[245-251]: **************. (14)
INFO:gt864-friso2-two-block-schedule.gt864_cf5_pair_t1c1_slothy_start.split:[251-256]: *************.. (13)
INFO:gt864-friso2-two-block-schedule.gt864_cf5_pair_t1c1_slothy_start.split:[256-262]: ************... (12)
INFO:gt864-friso2-two-block-schedule.gt864_cf5_pair_t1c1_slothy_start.split:[262-267]: ************... (12)
INFO:gt864-friso2-two-block-schedule.gt864_cf5_pair_t1c1_slothy_start.split:[267-273]: *************.. (13)
INFO:gt864-friso2-two-block-schedule.gt864_cf5_pair_t1c1_slothy_start.split:[273-279]: *********...... (9)
INFO:gt864-friso2-two-block-schedule.gt864_cf5_pair_t1c1_slothy_start.split.42_59:Perform internal binary search for minimal number of stalls...
INFO:gt864-friso2-two-block-schedule.gt864_cf5_pair_t1c1_slothy_start.split.42_59:Attempt optimization with max 256 stalls...
INFO:gt864-friso2-two-block-schedule.gt864_cf5_pair_t1c1_slothy_start.split.42_59:Setting timeout of 1800 seconds...
INFO:gt864-friso2-two-block-schedule.gt864_cf5_pair_t1c1_slothy_start.split.42_59:Objective: minimize cycles
INFO:gt864-friso2-two-block-schedule.gt864_cf5_pair_t1c1_slothy_start.split.42_59:Invoking external constraint solver (OR-Tools CP-SAT v9.15.6755) ...
INFO:gt864-friso2-two-block-schedule.gt864_cf5_pair_t1c1_slothy_start.split.42_59:[0.1003s]: Found 1 solutions so far... objective (minimize cycles): currently  (Cycles ~ 31.0, IPC ~ 0.55), bound  (Cycles ~ 18.0, IPC ~ 0.94)
INFO:gt864-friso2-two-block-schedule.gt864_cf5_pair_t1c1_slothy_start.split.42_59:[0.1042s]: Found 2 solutions so far... objective (minimize cycles): currently  (Cycles ~ 24.0, IPC ~ 0.71), bound  (Cycles ~ 18.0, IPC ~ 0.94)
INFO:gt864-friso2-two-block-schedule.gt864_cf5_pair_t1c1_slothy_start.split.42_59:[0.1128s]: Found 3 solutions so far... objective (minimize cycles): currently  (Cycles ~ 23.0, IPC ~ 0.74), bound  (Cycles ~ 18.0, IPC ~ 0.94)
INFO:gt864-friso2-two-block-schedule.gt864_cf5_pair_t1c1_slothy_start.split.42_59:OPTIMAL, wall time: 0.123500 s
INFO:gt864-friso2-two-block-schedule.gt864_cf5_pair_t1c1_slothy_start.split.42_59:Booleans in result: 81
INFO:gt864-friso2-two-block-schedule.gt864_cf5_pair_t1c1_slothy_start.split.42_59.selfcheck:OK!
INFO:gt864-friso2-two-block-schedule.gt864_cf5_pair_t1c1_slothy_start.split.42_59:Minimum number of stalls: 18
INFO:gt864-friso2-two-block-schedule.gt864_cf5_pair_t1c1_slothy_start.split:[  0-  5]: *******......... (7)
INFO:gt864-friso2-two-block-schedule.gt864_cf5_pair_t1c1_slothy_start.split:[  5- 11]: **********...... (10)
INFO:gt864-friso2-two-block-schedule.gt864_cf5_pair_t1c1_slothy_start.split:[ 11- 16]: ************.... (12)
INFO:gt864-friso2-two-block-schedule.gt864_cf5_pair_t1c1_slothy_start.split:[ 16- 22]: ************.... (12)
INFO:gt864-friso2-two-block-schedule.gt864_cf5_pair_t1c1_slothy_start.split:[ 22- 27]: ***********..... (11)
INFO:gt864-friso2-two-block-schedule.gt864_cf5_pair_t1c1_slothy_start.split:[ 27- 33]: ************.... (12)
INFO:gt864-friso2-two-block-schedule.gt864_cf5_pair_t1c1_slothy_start.split:[ 33- 39]: ************.... (12)
INFO:gt864-friso2-two-block-schedule.gt864_cf5_pair_t1c1_slothy_start.split:[ 39- 44]: *************... (13)
INFO:gt864-friso2-two-block-schedule.gt864_cf5_pair_t1c1_slothy_start.split:[ 44- 50]: ***************. (15)
INFO:gt864-friso2-two-block-schedule.gt864_cf5_pair_t1c1_slothy_start.split:[ 50- 55]: ***************. (15)
INFO:gt864-friso2-two-block-schedule.gt864_cf5_pair_t1c1_slothy_start.split:[ 55- 61]: **************.. (14)
INFO:gt864-friso2-two-block-schedule.gt864_cf5_pair_t1c1_slothy_start.split:[ 61- 66]: ***********..... (11)
INFO:gt864-friso2-two-block-schedule.gt864_cf5_pair_t1c1_slothy_start.split:[ 66- 72]: **********...... (10)
INFO:gt864-friso2-two-block-schedule.gt864_cf5_pair_t1c1_slothy_start.split:[ 72- 78]: **********...... (10)
INFO:gt864-friso2-two-block-schedule.gt864_cf5_pair_t1c1_slothy_start.split:[ 78- 83]: *************... (13)
INFO:gt864-friso2-two-block-schedule.gt864_cf5_pair_t1c1_slothy_start.split:[ 83- 89]: *************... (13)
INFO:gt864-friso2-two-block-schedule.gt864_cf5_pair_t1c1_slothy_start.split:[ 89- 94]: **************.. (14)
INFO:gt864-friso2-two-block-schedule.gt864_cf5_pair_t1c1_slothy_start.split:[ 94-100]: *************... (13)
INFO:gt864-friso2-two-block-schedule.gt864_cf5_pair_t1c1_slothy_start.split:[100-106]: *************... (13)
INFO:gt864-friso2-two-block-schedule.gt864_cf5_pair_t1c1_slothy_start.split:[106-111]: *************... (13)
INFO:gt864-friso2-two-block-schedule.gt864_cf5_pair_t1c1_slothy_start.split:[111-117]: *************... (13)
INFO:gt864-friso2-two-block-schedule.gt864_cf5_pair_t1c1_slothy_start.split:[117-122]: *************... (13)
INFO:gt864-friso2-two-block-schedule.gt864_cf5_pair_t1c1_slothy_start.split:[122-128]: *************... (13)
INFO:gt864-friso2-two-block-schedule.gt864_cf5_pair_t1c1_slothy_start.split:[128-133]: *************... (13)
INFO:gt864-friso2-two-block-schedule.gt864_cf5_pair_t1c1_slothy_start.split:[133-139]: *************... (13)
INFO:gt864-friso2-two-block-schedule.gt864_cf5_pair_t1c1_slothy_start.split:[139-145]: *************... (13)
INFO:gt864-friso2-two-block-schedule.gt864_cf5_pair_t1c1_slothy_start.split:[145-150]: *************... (13)
INFO:gt864-friso2-two-block-schedule.gt864_cf5_pair_t1c1_slothy_start.split:[150-156]: ************.... (12)
INFO:gt864-friso2-two-block-schedule.gt864_cf5_pair_t1c1_slothy_start.split:[156-161]: ************.... (12)
INFO:gt864-friso2-two-block-schedule.gt864_cf5_pair_t1c1_slothy_start.split:[161-167]: ************.... (12)
INFO:gt864-friso2-two-block-schedule.gt864_cf5_pair_t1c1_slothy_start.split:[167-172]: *************... (13)
INFO:gt864-friso2-two-block-schedule.gt864_cf5_pair_t1c1_slothy_start.split:[172-178]: *************... (13)
INFO:gt864-friso2-two-block-schedule.gt864_cf5_pair_t1c1_slothy_start.split:[178-184]: *************... (13)
INFO:gt864-friso2-two-block-schedule.gt864_cf5_pair_t1c1_slothy_start.split:[184-189]: *************... (13)
INFO:gt864-friso2-two-block-schedule.gt864_cf5_pair_t1c1_slothy_start.split:[189-195]: ***********..... (11)
INFO:gt864-friso2-two-block-schedule.gt864_cf5_pair_t1c1_slothy_start.split:[195-200]: ***********..... (11)
INFO:gt864-friso2-two-block-schedule.gt864_cf5_pair_t1c1_slothy_start.split:[200-206]: ***********..... (11)
INFO:gt864-friso2-two-block-schedule.gt864_cf5_pair_t1c1_slothy_start.split:[206-212]: ***********..... (11)
INFO:gt864-friso2-two-block-schedule.gt864_cf5_pair_t1c1_slothy_start.split:[212-217]: ************.... (12)
INFO:gt864-friso2-two-block-schedule.gt864_cf5_pair_t1c1_slothy_start.split:[217-223]: ************.... (12)
INFO:gt864-friso2-two-block-schedule.gt864_cf5_pair_t1c1_slothy_start.split:[223-228]: *************... (13)
INFO:gt864-friso2-two-block-schedule.gt864_cf5_pair_t1c1_slothy_start.split:[228-234]: *************... (13)
INFO:gt864-friso2-two-block-schedule.gt864_cf5_pair_t1c1_slothy_start.split:[234-239]: **************.. (14)
INFO:gt864-friso2-two-block-schedule.gt864_cf5_pair_t1c1_slothy_start.split:[239-245]: **************.. (14)
INFO:gt864-friso2-two-block-schedule.gt864_cf5_pair_t1c1_slothy_start.split:[245-251]: **************.. (14)
INFO:gt864-friso2-two-block-schedule.gt864_cf5_pair_t1c1_slothy_start.split:[251-256]: *************... (13)
INFO:gt864-friso2-two-block-schedule.gt864_cf5_pair_t1c1_slothy_start.split:[256-262]: ************.... (12)
INFO:gt864-friso2-two-block-schedule.gt864_cf5_pair_t1c1_slothy_start.split:[262-267]: ************.... (12)
INFO:gt864-friso2-two-block-schedule.gt864_cf5_pair_t1c1_slothy_start.split:[267-273]: *************... (13)
INFO:gt864-friso2-two-block-schedule.gt864_cf5_pair_t1c1_slothy_start.split:[273-279]: *********....... (9)
INFO:gt864-friso2-two-block-schedule.gt864_cf5_pair_t1c1_slothy_start.split.56_73:Perform internal binary search for minimal number of stalls...
INFO:gt864-friso2-two-block-schedule.gt864_cf5_pair_t1c1_slothy_start.split.56_73:Attempt optimization with max 256 stalls...
INFO:gt864-friso2-two-block-schedule.gt864_cf5_pair_t1c1_slothy_start.split.56_73:Setting timeout of 1800 seconds...
INFO:gt864-friso2-two-block-schedule.gt864_cf5_pair_t1c1_slothy_start.split.56_73:Objective: minimize cycles
INFO:gt864-friso2-two-block-schedule.gt864_cf5_pair_t1c1_slothy_start.split.56_73:Invoking external constraint solver (OR-Tools CP-SAT v9.15.6755) ...
INFO:gt864-friso2-two-block-schedule.gt864_cf5_pair_t1c1_slothy_start.split.56_73:[0.1808s]: Found 1 solutions so far... objective (minimize cycles): currently  (Cycles ~ 19.0, IPC ~ 0.89), bound  (Cycles ~ 13.0, IPC ~ 1.31)
INFO:gt864-friso2-two-block-schedule.gt864_cf5_pair_t1c1_slothy_start.split.56_73:[0.1879s]: Found 2 solutions so far... objective (minimize cycles): currently  (Cycles ~ 17.0, IPC ~ 1.00), bound  (Cycles ~ 13.0, IPC ~ 1.31)
INFO:gt864-friso2-two-block-schedule.gt864_cf5_pair_t1c1_slothy_start.split.56_73:[0.2183s]: Found 3 solutions so far... objective (minimize cycles): currently  (Cycles ~ 16.0, IPC ~ 1.06), bound  (Cycles ~ 13.0, IPC ~ 1.31)
INFO:gt864-friso2-two-block-schedule.gt864_cf5_pair_t1c1_slothy_start.split.56_73:[0.2239s]: Found 4 solutions so far... objective (minimize cycles): currently  (Cycles ~ 15.0, IPC ~ 1.13), bound  (Cycles ~ 13.0, IPC ~ 1.31)
INFO:gt864-friso2-two-block-schedule.gt864_cf5_pair_t1c1_slothy_start.split.56_73:[0.2369s]: Found 5 solutions so far... objective (minimize cycles): currently  (Cycles ~ 14.0, IPC ~ 1.21), bound  (Cycles ~ 13.0, IPC ~ 1.31)
INFO:gt864-friso2-two-block-schedule.gt864_cf5_pair_t1c1_slothy_start.split.56_73:[0.2450s]: Found 6 solutions so far... objective (minimize cycles): currently  (Cycles ~ 13.0, IPC ~ 1.31), bound  (Cycles ~ 13.0, IPC ~ 1.31)
INFO:gt864-friso2-two-block-schedule.gt864_cf5_pair_t1c1_slothy_start.split.56_73:Closer than 0 stalls to theoretical optimum... stop
INFO:gt864-friso2-two-block-schedule.gt864_cf5_pair_t1c1_slothy_start.split.56_73:OPTIMAL, wall time: 0.257011 s
INFO:gt864-friso2-two-block-schedule.gt864_cf5_pair_t1c1_slothy_start.split.56_73:Booleans in result: 122
INFO:gt864-friso2-two-block-schedule.gt864_cf5_pair_t1c1_slothy_start.split.56_73.selfcheck:OK!
INFO:gt864-friso2-two-block-schedule.gt864_cf5_pair_t1c1_slothy_start.split.56_73:Minimum number of stalls: 8
INFO:gt864-friso2-two-block-schedule.gt864_cf5_pair_t1c1_slothy_start.split:[  0-  5]: *******........ (7)
INFO:gt864-friso2-two-block-schedule.gt864_cf5_pair_t1c1_slothy_start.split:[  5- 11]: **********..... (10)
INFO:gt864-friso2-two-block-schedule.gt864_cf5_pair_t1c1_slothy_start.split:[ 11- 16]: ************... (12)
INFO:gt864-friso2-two-block-schedule.gt864_cf5_pair_t1c1_slothy_start.split:[ 16- 22]: ************... (12)
INFO:gt864-friso2-two-block-schedule.gt864_cf5_pair_t1c1_slothy_start.split:[ 22- 27]: ***********.... (11)
INFO:gt864-friso2-two-block-schedule.gt864_cf5_pair_t1c1_slothy_start.split:[ 27- 33]: ************... (12)
INFO:gt864-friso2-two-block-schedule.gt864_cf5_pair_t1c1_slothy_start.split:[ 33- 39]: ************... (12)
INFO:gt864-friso2-two-block-schedule.gt864_cf5_pair_t1c1_slothy_start.split:[ 39- 44]: *************.. (13)
INFO:gt864-friso2-two-block-schedule.gt864_cf5_pair_t1c1_slothy_start.split:[ 44- 50]: **************. (14)
INFO:gt864-friso2-two-block-schedule.gt864_cf5_pair_t1c1_slothy_start.split:[ 50- 55]: *************.. (13)
INFO:gt864-friso2-two-block-schedule.gt864_cf5_pair_t1c1_slothy_start.split:[ 55- 61]: ************... (12)
INFO:gt864-friso2-two-block-schedule.gt864_cf5_pair_t1c1_slothy_start.split:[ 61- 66]: **********..... (10)
INFO:gt864-friso2-two-block-schedule.gt864_cf5_pair_t1c1_slothy_start.split:[ 66- 72]: **********..... (10)
INFO:gt864-friso2-two-block-schedule.gt864_cf5_pair_t1c1_slothy_start.split:[ 72- 78]: ***********.... (11)
INFO:gt864-friso2-two-block-schedule.gt864_cf5_pair_t1c1_slothy_start.split:[ 78- 83]: *************.. (13)
INFO:gt864-friso2-two-block-schedule.gt864_cf5_pair_t1c1_slothy_start.split:[ 83- 89]: *************.. (13)
INFO:gt864-friso2-two-block-schedule.gt864_cf5_pair_t1c1_slothy_start.split:[ 89- 94]: **************. (14)
INFO:gt864-friso2-two-block-schedule.gt864_cf5_pair_t1c1_slothy_start.split:[ 94-100]: *************.. (13)
INFO:gt864-friso2-two-block-schedule.gt864_cf5_pair_t1c1_slothy_start.split:[100-106]: *************.. (13)
INFO:gt864-friso2-two-block-schedule.gt864_cf5_pair_t1c1_slothy_start.split:[106-111]: *************.. (13)
INFO:gt864-friso2-two-block-schedule.gt864_cf5_pair_t1c1_slothy_start.split:[111-117]: *************.. (13)
INFO:gt864-friso2-two-block-schedule.gt864_cf5_pair_t1c1_slothy_start.split:[117-122]: *************.. (13)
INFO:gt864-friso2-two-block-schedule.gt864_cf5_pair_t1c1_slothy_start.split:[122-128]: *************.. (13)
INFO:gt864-friso2-two-block-schedule.gt864_cf5_pair_t1c1_slothy_start.split:[128-133]: *************.. (13)
INFO:gt864-friso2-two-block-schedule.gt864_cf5_pair_t1c1_slothy_start.split:[133-139]: *************.. (13)
INFO:gt864-friso2-two-block-schedule.gt864_cf5_pair_t1c1_slothy_start.split:[139-145]: *************.. (13)
INFO:gt864-friso2-two-block-schedule.gt864_cf5_pair_t1c1_slothy_start.split:[145-150]: *************.. (13)
INFO:gt864-friso2-two-block-schedule.gt864_cf5_pair_t1c1_slothy_start.split:[150-156]: ************... (12)
INFO:gt864-friso2-two-block-schedule.gt864_cf5_pair_t1c1_slothy_start.split:[156-161]: ************... (12)
INFO:gt864-friso2-two-block-schedule.gt864_cf5_pair_t1c1_slothy_start.split:[161-167]: ************... (12)
INFO:gt864-friso2-two-block-schedule.gt864_cf5_pair_t1c1_slothy_start.split:[167-172]: *************.. (13)
INFO:gt864-friso2-two-block-schedule.gt864_cf5_pair_t1c1_slothy_start.split:[172-178]: *************.. (13)
INFO:gt864-friso2-two-block-schedule.gt864_cf5_pair_t1c1_slothy_start.split:[178-184]: *************.. (13)
INFO:gt864-friso2-two-block-schedule.gt864_cf5_pair_t1c1_slothy_start.split:[184-189]: *************.. (13)
INFO:gt864-friso2-two-block-schedule.gt864_cf5_pair_t1c1_slothy_start.split:[189-195]: ***********.... (11)
INFO:gt864-friso2-two-block-schedule.gt864_cf5_pair_t1c1_slothy_start.split:[195-200]: ***********.... (11)
INFO:gt864-friso2-two-block-schedule.gt864_cf5_pair_t1c1_slothy_start.split:[200-206]: ***********.... (11)
INFO:gt864-friso2-two-block-schedule.gt864_cf5_pair_t1c1_slothy_start.split:[206-212]: ***********.... (11)
INFO:gt864-friso2-two-block-schedule.gt864_cf5_pair_t1c1_slothy_start.split:[212-217]: ************... (12)
INFO:gt864-friso2-two-block-schedule.gt864_cf5_pair_t1c1_slothy_start.split:[217-223]: ************... (12)
INFO:gt864-friso2-two-block-schedule.gt864_cf5_pair_t1c1_slothy_start.split:[223-228]: *************.. (13)
INFO:gt864-friso2-two-block-schedule.gt864_cf5_pair_t1c1_slothy_start.split:[228-234]: *************.. (13)
INFO:gt864-friso2-two-block-schedule.gt864_cf5_pair_t1c1_slothy_start.split:[234-239]: **************. (14)
INFO:gt864-friso2-two-block-schedule.gt864_cf5_pair_t1c1_slothy_start.split:[239-245]: **************. (14)
INFO:gt864-friso2-two-block-schedule.gt864_cf5_pair_t1c1_slothy_start.split:[245-251]: **************. (14)
INFO:gt864-friso2-two-block-schedule.gt864_cf5_pair_t1c1_slothy_start.split:[251-256]: *************.. (13)
INFO:gt864-friso2-two-block-schedule.gt864_cf5_pair_t1c1_slothy_start.split:[256-262]: ************... (12)
INFO:gt864-friso2-two-block-schedule.gt864_cf5_pair_t1c1_slothy_start.split:[262-267]: ************... (12)
INFO:gt864-friso2-two-block-schedule.gt864_cf5_pair_t1c1_slothy_start.split:[267-273]: *************.. (13)
INFO:gt864-friso2-two-block-schedule.gt864_cf5_pair_t1c1_slothy_start.split:[273-279]: *********...... (9)
INFO:gt864-friso2-two-block-schedule.gt864_cf5_pair_t1c1_slothy_start.split.70_87:Perform internal binary search for minimal number of stalls...
INFO:gt864-friso2-two-block-schedule.gt864_cf5_pair_t1c1_slothy_start.split.70_87:Attempt optimization with max 256 stalls...
INFO:gt864-friso2-two-block-schedule.gt864_cf5_pair_t1c1_slothy_start.split.70_87:Setting timeout of 1800 seconds...
INFO:gt864-friso2-two-block-schedule.gt864_cf5_pair_t1c1_slothy_start.split.70_87:Objective: minimize cycles
INFO:gt864-friso2-two-block-schedule.gt864_cf5_pair_t1c1_slothy_start.split.70_87:Invoking external constraint solver (OR-Tools CP-SAT v9.15.6755) ...
INFO:gt864-friso2-two-block-schedule.gt864_cf5_pair_t1c1_slothy_start.split.70_87:[0.1248s]: Found 1 solutions so far... objective (minimize cycles): currently  (Cycles ~ 26.0, IPC ~ 0.65), bound  (Cycles ~ 20.0, IPC ~ 0.85)
INFO:gt864-friso2-two-block-schedule.gt864_cf5_pair_t1c1_slothy_start.split.70_87:[0.1314s]: Found 2 solutions so far... objective (minimize cycles): currently  (Cycles ~ 24.0, IPC ~ 0.71), bound  (Cycles ~ 20.0, IPC ~ 0.85)
INFO:gt864-friso2-two-block-schedule.gt864_cf5_pair_t1c1_slothy_start.split.70_87:[0.1393s]: Found 3 solutions so far... objective (minimize cycles): currently  (Cycles ~ 23.0, IPC ~ 0.74), bound  (Cycles ~ 20.0, IPC ~ 0.85)
INFO:gt864-friso2-two-block-schedule.gt864_cf5_pair_t1c1_slothy_start.split.70_87:[0.1446s]: Found 4 solutions so far... objective (minimize cycles): currently  (Cycles ~ 21.0, IPC ~ 0.81), bound  (Cycles ~ 20.0, IPC ~ 0.85)
INFO:gt864-friso2-two-block-schedule.gt864_cf5_pair_t1c1_slothy_start.split.70_87:OPTIMAL, wall time: 0.158024 s
INFO:gt864-friso2-two-block-schedule.gt864_cf5_pair_t1c1_slothy_start.split.70_87:Booleans in result: 138
INFO:gt864-friso2-two-block-schedule.gt864_cf5_pair_t1c1_slothy_start.split.70_87.selfcheck:OK!
INFO:gt864-friso2-two-block-schedule.gt864_cf5_pair_t1c1_slothy_start.split.70_87:Minimum number of stalls: 16
INFO:gt864-friso2-two-block-schedule.gt864_cf5_pair_t1c1_slothy_start.split:[  0-  5]: *******........ (7)
INFO:gt864-friso2-two-block-schedule.gt864_cf5_pair_t1c1_slothy_start.split:[  5- 11]: **********..... (10)
INFO:gt864-friso2-two-block-schedule.gt864_cf5_pair_t1c1_slothy_start.split:[ 11- 16]: ************... (12)
INFO:gt864-friso2-two-block-schedule.gt864_cf5_pair_t1c1_slothy_start.split:[ 16- 22]: ************... (12)
INFO:gt864-friso2-two-block-schedule.gt864_cf5_pair_t1c1_slothy_start.split:[ 22- 27]: ***********.... (11)
INFO:gt864-friso2-two-block-schedule.gt864_cf5_pair_t1c1_slothy_start.split:[ 27- 33]: ************... (12)
INFO:gt864-friso2-two-block-schedule.gt864_cf5_pair_t1c1_slothy_start.split:[ 33- 39]: ************... (12)
INFO:gt864-friso2-two-block-schedule.gt864_cf5_pair_t1c1_slothy_start.split:[ 39- 44]: *************.. (13)
INFO:gt864-friso2-two-block-schedule.gt864_cf5_pair_t1c1_slothy_start.split:[ 44- 50]: **************. (14)
INFO:gt864-friso2-two-block-schedule.gt864_cf5_pair_t1c1_slothy_start.split:[ 50- 55]: *************.. (13)
INFO:gt864-friso2-two-block-schedule.gt864_cf5_pair_t1c1_slothy_start.split:[ 55- 61]: ************... (12)
INFO:gt864-friso2-two-block-schedule.gt864_cf5_pair_t1c1_slothy_start.split:[ 61- 66]: **********..... (10)
INFO:gt864-friso2-two-block-schedule.gt864_cf5_pair_t1c1_slothy_start.split:[ 66- 72]: *********...... (9)
INFO:gt864-friso2-two-block-schedule.gt864_cf5_pair_t1c1_slothy_start.split:[ 72- 78]: **********..... (10)
INFO:gt864-friso2-two-block-schedule.gt864_cf5_pair_t1c1_slothy_start.split:[ 78- 83]: *************.. (13)
INFO:gt864-friso2-two-block-schedule.gt864_cf5_pair_t1c1_slothy_start.split:[ 83- 89]: **************. (14)
INFO:gt864-friso2-two-block-schedule.gt864_cf5_pair_t1c1_slothy_start.split:[ 89- 94]: *************.. (13)
INFO:gt864-friso2-two-block-schedule.gt864_cf5_pair_t1c1_slothy_start.split:[ 94-100]: *************.. (13)
INFO:gt864-friso2-two-block-schedule.gt864_cf5_pair_t1c1_slothy_start.split:[100-106]: *************.. (13)
INFO:gt864-friso2-two-block-schedule.gt864_cf5_pair_t1c1_slothy_start.split:[106-111]: *************.. (13)
INFO:gt864-friso2-two-block-schedule.gt864_cf5_pair_t1c1_slothy_start.split:[111-117]: *************.. (13)
INFO:gt864-friso2-two-block-schedule.gt864_cf5_pair_t1c1_slothy_start.split:[117-122]: *************.. (13)
INFO:gt864-friso2-two-block-schedule.gt864_cf5_pair_t1c1_slothy_start.split:[122-128]: *************.. (13)
INFO:gt864-friso2-two-block-schedule.gt864_cf5_pair_t1c1_slothy_start.split:[128-133]: *************.. (13)
INFO:gt864-friso2-two-block-schedule.gt864_cf5_pair_t1c1_slothy_start.split:[133-139]: *************.. (13)
INFO:gt864-friso2-two-block-schedule.gt864_cf5_pair_t1c1_slothy_start.split:[139-145]: *************.. (13)
INFO:gt864-friso2-two-block-schedule.gt864_cf5_pair_t1c1_slothy_start.split:[145-150]: *************.. (13)
INFO:gt864-friso2-two-block-schedule.gt864_cf5_pair_t1c1_slothy_start.split:[150-156]: ************... (12)
INFO:gt864-friso2-two-block-schedule.gt864_cf5_pair_t1c1_slothy_start.split:[156-161]: ************... (12)
INFO:gt864-friso2-two-block-schedule.gt864_cf5_pair_t1c1_slothy_start.split:[161-167]: ************... (12)
INFO:gt864-friso2-two-block-schedule.gt864_cf5_pair_t1c1_slothy_start.split:[167-172]: *************.. (13)
INFO:gt864-friso2-two-block-schedule.gt864_cf5_pair_t1c1_slothy_start.split:[172-178]: *************.. (13)
INFO:gt864-friso2-two-block-schedule.gt864_cf5_pair_t1c1_slothy_start.split:[178-184]: *************.. (13)
INFO:gt864-friso2-two-block-schedule.gt864_cf5_pair_t1c1_slothy_start.split:[184-189]: *************.. (13)
INFO:gt864-friso2-two-block-schedule.gt864_cf5_pair_t1c1_slothy_start.split:[189-195]: ***********.... (11)
INFO:gt864-friso2-two-block-schedule.gt864_cf5_pair_t1c1_slothy_start.split:[195-200]: ***********.... (11)
INFO:gt864-friso2-two-block-schedule.gt864_cf5_pair_t1c1_slothy_start.split:[200-206]: ***********.... (11)
INFO:gt864-friso2-two-block-schedule.gt864_cf5_pair_t1c1_slothy_start.split:[206-212]: ***********.... (11)
INFO:gt864-friso2-two-block-schedule.gt864_cf5_pair_t1c1_slothy_start.split:[212-217]: ************... (12)
INFO:gt864-friso2-two-block-schedule.gt864_cf5_pair_t1c1_slothy_start.split:[217-223]: ************... (12)
INFO:gt864-friso2-two-block-schedule.gt864_cf5_pair_t1c1_slothy_start.split:[223-228]: *************.. (13)
INFO:gt864-friso2-two-block-schedule.gt864_cf5_pair_t1c1_slothy_start.split:[228-234]: *************.. (13)
INFO:gt864-friso2-two-block-schedule.gt864_cf5_pair_t1c1_slothy_start.split:[234-239]: **************. (14)
INFO:gt864-friso2-two-block-schedule.gt864_cf5_pair_t1c1_slothy_start.split:[239-245]: **************. (14)
INFO:gt864-friso2-two-block-schedule.gt864_cf5_pair_t1c1_slothy_start.split:[245-251]: **************. (14)
INFO:gt864-friso2-two-block-schedule.gt864_cf5_pair_t1c1_slothy_start.split:[251-256]: *************.. (13)
INFO:gt864-friso2-two-block-schedule.gt864_cf5_pair_t1c1_slothy_start.split:[256-262]: ************... (12)
INFO:gt864-friso2-two-block-schedule.gt864_cf5_pair_t1c1_slothy_start.split:[262-267]: ************... (12)
INFO:gt864-friso2-two-block-schedule.gt864_cf5_pair_t1c1_slothy_start.split:[267-273]: *************.. (13)
INFO:gt864-friso2-two-block-schedule.gt864_cf5_pair_t1c1_slothy_start.split:[273-279]: *********...... (9)
INFO:gt864-friso2-two-block-schedule.gt864_cf5_pair_t1c1_slothy_start.split.84_101:Perform internal binary search for minimal number of stalls...
INFO:gt864-friso2-two-block-schedule.gt864_cf5_pair_t1c1_slothy_start.split.84_101:Attempt optimization with max 256 stalls...
INFO:gt864-friso2-two-block-schedule.gt864_cf5_pair_t1c1_slothy_start.split.84_101:Setting timeout of 1800 seconds...
INFO:gt864-friso2-two-block-schedule.gt864_cf5_pair_t1c1_slothy_start.split.84_101:Objective: minimize cycles
INFO:gt864-friso2-two-block-schedule.gt864_cf5_pair_t1c1_slothy_start.split.84_101:Invoking external constraint solver (OR-Tools CP-SAT v9.15.6755) ...
INFO:gt864-friso2-two-block-schedule.gt864_cf5_pair_t1c1_slothy_start.split.84_101:[0.1302s]: Found 1 solutions so far... objective (minimize cycles): currently  (Cycles ~ 30.0, IPC ~ 0.57), bound  (Cycles ~ 20.0, IPC ~ 0.85)
INFO:gt864-friso2-two-block-schedule.gt864_cf5_pair_t1c1_slothy_start.split.84_101:[0.1378s]: Found 2 solutions so far... objective (minimize cycles): currently  (Cycles ~ 28.0, IPC ~ 0.61), bound  (Cycles ~ 20.0, IPC ~ 0.85)
INFO:gt864-friso2-two-block-schedule.gt864_cf5_pair_t1c1_slothy_start.split.84_101:[0.1422s]: Found 3 solutions so far... objective (minimize cycles): currently  (Cycles ~ 27.0, IPC ~ 0.63), bound  (Cycles ~ 20.0, IPC ~ 0.85)
INFO:gt864-friso2-two-block-schedule.gt864_cf5_pair_t1c1_slothy_start.split.84_101:[0.1471s]: Found 4 solutions so far... objective (minimize cycles): currently  (Cycles ~ 26.0, IPC ~ 0.65), bound  (Cycles ~ 20.0, IPC ~ 0.85)
INFO:gt864-friso2-two-block-schedule.gt864_cf5_pair_t1c1_slothy_start.split.84_101:[0.1502s]: Found 5 solutions so far... objective (minimize cycles): currently  (Cycles ~ 25.0, IPC ~ 0.68), bound  (Cycles ~ 20.0, IPC ~ 0.85)
INFO:gt864-friso2-two-block-schedule.gt864_cf5_pair_t1c1_slothy_start.split.84_101:[0.1581s]: Found 6 solutions so far... objective (minimize cycles): currently  (Cycles ~ 24.0, IPC ~ 0.71), bound  (Cycles ~ 20.0, IPC ~ 0.85)
INFO:gt864-friso2-two-block-schedule.gt864_cf5_pair_t1c1_slothy_start.split.84_101:[0.1603s]: Found 7 solutions so far... objective (minimize cycles): currently  (Cycles ~ 23.0, IPC ~ 0.74), bound  (Cycles ~ 21.0, IPC ~ 0.81)
INFO:gt864-friso2-two-block-schedule.gt864_cf5_pair_t1c1_slothy_start.split.84_101:[0.1662s]: Found 8 solutions so far... objective (minimize cycles): currently  (Cycles ~ 22.0, IPC ~ 0.77), bound  (Cycles ~ 22.0, IPC ~ 0.77)
INFO:gt864-friso2-two-block-schedule.gt864_cf5_pair_t1c1_slothy_start.split.84_101:Closer than 0 stalls to theoretical optimum... stop
INFO:gt864-friso2-two-block-schedule.gt864_cf5_pair_t1c1_slothy_start.split.84_101:OPTIMAL, wall time: 0.185270 s
INFO:gt864-friso2-two-block-schedule.gt864_cf5_pair_t1c1_slothy_start.split.84_101:Booleans in result: 89
INFO:gt864-friso2-two-block-schedule.gt864_cf5_pair_t1c1_slothy_start.split.84_101.selfcheck:OK!
INFO:gt864-friso2-two-block-schedule.gt864_cf5_pair_t1c1_slothy_start.split.84_101:Minimum number of stalls: 17
INFO:gt864-friso2-two-block-schedule.gt864_cf5_pair_t1c1_slothy_start.split:[  0-  5]: *******......... (7)
INFO:gt864-friso2-two-block-schedule.gt864_cf5_pair_t1c1_slothy_start.split:[  5- 11]: **********...... (10)
INFO:gt864-friso2-two-block-schedule.gt864_cf5_pair_t1c1_slothy_start.split:[ 11- 16]: ************.... (12)
INFO:gt864-friso2-two-block-schedule.gt864_cf5_pair_t1c1_slothy_start.split:[ 16- 22]: ************.... (12)
INFO:gt864-friso2-two-block-schedule.gt864_cf5_pair_t1c1_slothy_start.split:[ 22- 27]: ***********..... (11)
INFO:gt864-friso2-two-block-schedule.gt864_cf5_pair_t1c1_slothy_start.split:[ 27- 33]: ************.... (12)
INFO:gt864-friso2-two-block-schedule.gt864_cf5_pair_t1c1_slothy_start.split:[ 33- 39]: ************.... (12)
INFO:gt864-friso2-two-block-schedule.gt864_cf5_pair_t1c1_slothy_start.split:[ 39- 44]: *************... (13)
INFO:gt864-friso2-two-block-schedule.gt864_cf5_pair_t1c1_slothy_start.split:[ 44- 50]: **************.. (14)
INFO:gt864-friso2-two-block-schedule.gt864_cf5_pair_t1c1_slothy_start.split:[ 50- 55]: *************... (13)
INFO:gt864-friso2-two-block-schedule.gt864_cf5_pair_t1c1_slothy_start.split:[ 55- 61]: ************.... (12)
INFO:gt864-friso2-two-block-schedule.gt864_cf5_pair_t1c1_slothy_start.split:[ 61- 66]: **********...... (10)
INFO:gt864-friso2-two-block-schedule.gt864_cf5_pair_t1c1_slothy_start.split:[ 66- 72]: *********....... (9)
INFO:gt864-friso2-two-block-schedule.gt864_cf5_pair_t1c1_slothy_start.split:[ 72- 78]: **********...... (10)
INFO:gt864-friso2-two-block-schedule.gt864_cf5_pair_t1c1_slothy_start.split:[ 78- 83]: ************.... (12)
INFO:gt864-friso2-two-block-schedule.gt864_cf5_pair_t1c1_slothy_start.split:[ 83- 89]: *************... (13)
INFO:gt864-friso2-two-block-schedule.gt864_cf5_pair_t1c1_slothy_start.split:[ 89- 94]: **************.. (14)
INFO:gt864-friso2-two-block-schedule.gt864_cf5_pair_t1c1_slothy_start.split:[ 94-100]: ***************. (15)
INFO:gt864-friso2-two-block-schedule.gt864_cf5_pair_t1c1_slothy_start.split:[100-106]: ***************. (15)
INFO:gt864-friso2-two-block-schedule.gt864_cf5_pair_t1c1_slothy_start.split:[106-111]: **************.. (14)
INFO:gt864-friso2-two-block-schedule.gt864_cf5_pair_t1c1_slothy_start.split:[111-117]: *************... (13)
INFO:gt864-friso2-two-block-schedule.gt864_cf5_pair_t1c1_slothy_start.split:[117-122]: *************... (13)
INFO:gt864-friso2-two-block-schedule.gt864_cf5_pair_t1c1_slothy_start.split:[122-128]: *************... (13)
INFO:gt864-friso2-two-block-schedule.gt864_cf5_pair_t1c1_slothy_start.split:[128-133]: *************... (13)
INFO:gt864-friso2-two-block-schedule.gt864_cf5_pair_t1c1_slothy_start.split:[133-139]: *************... (13)
INFO:gt864-friso2-two-block-schedule.gt864_cf5_pair_t1c1_slothy_start.split:[139-145]: *************... (13)
INFO:gt864-friso2-two-block-schedule.gt864_cf5_pair_t1c1_slothy_start.split:[145-150]: *************... (13)
INFO:gt864-friso2-two-block-schedule.gt864_cf5_pair_t1c1_slothy_start.split:[150-156]: ************.... (12)
INFO:gt864-friso2-two-block-schedule.gt864_cf5_pair_t1c1_slothy_start.split:[156-161]: ************.... (12)
INFO:gt864-friso2-two-block-schedule.gt864_cf5_pair_t1c1_slothy_start.split:[161-167]: ************.... (12)
INFO:gt864-friso2-two-block-schedule.gt864_cf5_pair_t1c1_slothy_start.split:[167-172]: *************... (13)
INFO:gt864-friso2-two-block-schedule.gt864_cf5_pair_t1c1_slothy_start.split:[172-178]: *************... (13)
INFO:gt864-friso2-two-block-schedule.gt864_cf5_pair_t1c1_slothy_start.split:[178-184]: *************... (13)
INFO:gt864-friso2-two-block-schedule.gt864_cf5_pair_t1c1_slothy_start.split:[184-189]: *************... (13)
INFO:gt864-friso2-two-block-schedule.gt864_cf5_pair_t1c1_slothy_start.split:[189-195]: ***********..... (11)
INFO:gt864-friso2-two-block-schedule.gt864_cf5_pair_t1c1_slothy_start.split:[195-200]: ***********..... (11)
INFO:gt864-friso2-two-block-schedule.gt864_cf5_pair_t1c1_slothy_start.split:[200-206]: ***********..... (11)
INFO:gt864-friso2-two-block-schedule.gt864_cf5_pair_t1c1_slothy_start.split:[206-212]: ***********..... (11)
INFO:gt864-friso2-two-block-schedule.gt864_cf5_pair_t1c1_slothy_start.split:[212-217]: ************.... (12)
INFO:gt864-friso2-two-block-schedule.gt864_cf5_pair_t1c1_slothy_start.split:[217-223]: ************.... (12)
INFO:gt864-friso2-two-block-schedule.gt864_cf5_pair_t1c1_slothy_start.split:[223-228]: *************... (13)
INFO:gt864-friso2-two-block-schedule.gt864_cf5_pair_t1c1_slothy_start.split:[228-234]: *************... (13)
INFO:gt864-friso2-two-block-schedule.gt864_cf5_pair_t1c1_slothy_start.split:[234-239]: **************.. (14)
INFO:gt864-friso2-two-block-schedule.gt864_cf5_pair_t1c1_slothy_start.split:[239-245]: **************.. (14)
INFO:gt864-friso2-two-block-schedule.gt864_cf5_pair_t1c1_slothy_start.split:[245-251]: **************.. (14)
INFO:gt864-friso2-two-block-schedule.gt864_cf5_pair_t1c1_slothy_start.split:[251-256]: *************... (13)
INFO:gt864-friso2-two-block-schedule.gt864_cf5_pair_t1c1_slothy_start.split:[256-262]: ************.... (12)
INFO:gt864-friso2-two-block-schedule.gt864_cf5_pair_t1c1_slothy_start.split:[262-267]: ************.... (12)
INFO:gt864-friso2-two-block-schedule.gt864_cf5_pair_t1c1_slothy_start.split:[267-273]: *************... (13)
INFO:gt864-friso2-two-block-schedule.gt864_cf5_pair_t1c1_slothy_start.split:[273-279]: *********....... (9)
INFO:gt864-friso2-two-block-schedule.gt864_cf5_pair_t1c1_slothy_start.split.98_115:Perform internal binary search for minimal number of stalls...
INFO:gt864-friso2-two-block-schedule.gt864_cf5_pair_t1c1_slothy_start.split.98_115:Attempt optimization with max 256 stalls...
INFO:gt864-friso2-two-block-schedule.gt864_cf5_pair_t1c1_slothy_start.split.98_115:Setting timeout of 1800 seconds...
INFO:gt864-friso2-two-block-schedule.gt864_cf5_pair_t1c1_slothy_start.split.98_115:Objective: minimize cycles
INFO:gt864-friso2-two-block-schedule.gt864_cf5_pair_t1c1_slothy_start.split.98_115:Invoking external constraint solver (OR-Tools CP-SAT v9.15.6755) ...
INFO:gt864-friso2-two-block-schedule.gt864_cf5_pair_t1c1_slothy_start.split.98_115:[0.1369s]: Found 1 solutions so far... objective (minimize cycles): currently  (Cycles ~ 54.0, IPC ~ 0.31), bound  (Cycles ~ 14.0, IPC ~ 1.21)
INFO:gt864-friso2-two-block-schedule.gt864_cf5_pair_t1c1_slothy_start.split.98_115:[0.1457s]: Found 2 solutions so far... objective (minimize cycles): currently  (Cycles ~ 26.0, IPC ~ 0.65), bound  (Cycles ~ 15.0, IPC ~ 1.13)
INFO:gt864-friso2-two-block-schedule.gt864_cf5_pair_t1c1_slothy_start.split.98_115:[0.1485s]: Found 3 solutions so far... objective (minimize cycles): currently  (Cycles ~ 24.0, IPC ~ 0.71), bound  (Cycles ~ 15.0, IPC ~ 1.13)
INFO:gt864-friso2-two-block-schedule.gt864_cf5_pair_t1c1_slothy_start.split.98_115:[0.1536s]: Found 4 solutions so far... objective (minimize cycles): currently  (Cycles ~ 23.0, IPC ~ 0.74), bound  (Cycles ~ 15.0, IPC ~ 1.13)
INFO:gt864-friso2-two-block-schedule.gt864_cf5_pair_t1c1_slothy_start.split.98_115:OPTIMAL, wall time: 0.172614 s
INFO:gt864-friso2-two-block-schedule.gt864_cf5_pair_t1c1_slothy_start.split.98_115:Booleans in result: 90
INFO:gt864-friso2-two-block-schedule.gt864_cf5_pair_t1c1_slothy_start.split.98_115.selfcheck:OK!
INFO:gt864-friso2-two-block-schedule.gt864_cf5_pair_t1c1_slothy_start.split.98_115:Minimum number of stalls: 18
INFO:gt864-friso2-two-block-schedule.gt864_cf5_pair_t1c1_slothy_start.split:[  0-  5]: *******......... (7)
INFO:gt864-friso2-two-block-schedule.gt864_cf5_pair_t1c1_slothy_start.split:[  5- 11]: **********...... (10)
INFO:gt864-friso2-two-block-schedule.gt864_cf5_pair_t1c1_slothy_start.split:[ 11- 16]: ************.... (12)
INFO:gt864-friso2-two-block-schedule.gt864_cf5_pair_t1c1_slothy_start.split:[ 16- 22]: ************.... (12)
INFO:gt864-friso2-two-block-schedule.gt864_cf5_pair_t1c1_slothy_start.split:[ 22- 27]: ***********..... (11)
INFO:gt864-friso2-two-block-schedule.gt864_cf5_pair_t1c1_slothy_start.split:[ 27- 33]: ************.... (12)
INFO:gt864-friso2-two-block-schedule.gt864_cf5_pair_t1c1_slothy_start.split:[ 33- 39]: ************.... (12)
INFO:gt864-friso2-two-block-schedule.gt864_cf5_pair_t1c1_slothy_start.split:[ 39- 44]: *************... (13)
INFO:gt864-friso2-two-block-schedule.gt864_cf5_pair_t1c1_slothy_start.split:[ 44- 50]: **************.. (14)
INFO:gt864-friso2-two-block-schedule.gt864_cf5_pair_t1c1_slothy_start.split:[ 50- 55]: *************... (13)
INFO:gt864-friso2-two-block-schedule.gt864_cf5_pair_t1c1_slothy_start.split:[ 55- 61]: ************.... (12)
INFO:gt864-friso2-two-block-schedule.gt864_cf5_pair_t1c1_slothy_start.split:[ 61- 66]: **********...... (10)
INFO:gt864-friso2-two-block-schedule.gt864_cf5_pair_t1c1_slothy_start.split:[ 66- 72]: *********....... (9)
INFO:gt864-friso2-two-block-schedule.gt864_cf5_pair_t1c1_slothy_start.split:[ 72- 78]: **********...... (10)
INFO:gt864-friso2-two-block-schedule.gt864_cf5_pair_t1c1_slothy_start.split:[ 78- 83]: ************.... (12)
INFO:gt864-friso2-two-block-schedule.gt864_cf5_pair_t1c1_slothy_start.split:[ 83- 89]: *************... (13)
INFO:gt864-friso2-two-block-schedule.gt864_cf5_pair_t1c1_slothy_start.split:[ 89- 94]: *************... (13)
INFO:gt864-friso2-two-block-schedule.gt864_cf5_pair_t1c1_slothy_start.split:[ 94-100]: *************... (13)
INFO:gt864-friso2-two-block-schedule.gt864_cf5_pair_t1c1_slothy_start.split:[100-106]: **************.. (14)
INFO:gt864-friso2-two-block-schedule.gt864_cf5_pair_t1c1_slothy_start.split:[106-111]: ***************. (15)
INFO:gt864-friso2-two-block-schedule.gt864_cf5_pair_t1c1_slothy_start.split:[111-117]: ***************. (15)
INFO:gt864-friso2-two-block-schedule.gt864_cf5_pair_t1c1_slothy_start.split:[117-122]: ***************. (15)
INFO:gt864-friso2-two-block-schedule.gt864_cf5_pair_t1c1_slothy_start.split:[122-128]: *************... (13)
INFO:gt864-friso2-two-block-schedule.gt864_cf5_pair_t1c1_slothy_start.split:[128-133]: *************... (13)
INFO:gt864-friso2-two-block-schedule.gt864_cf5_pair_t1c1_slothy_start.split:[133-139]: *************... (13)
INFO:gt864-friso2-two-block-schedule.gt864_cf5_pair_t1c1_slothy_start.split:[139-145]: *************... (13)
INFO:gt864-friso2-two-block-schedule.gt864_cf5_pair_t1c1_slothy_start.split:[145-150]: *************... (13)
INFO:gt864-friso2-two-block-schedule.gt864_cf5_pair_t1c1_slothy_start.split:[150-156]: ************.... (12)
INFO:gt864-friso2-two-block-schedule.gt864_cf5_pair_t1c1_slothy_start.split:[156-161]: ************.... (12)
INFO:gt864-friso2-two-block-schedule.gt864_cf5_pair_t1c1_slothy_start.split:[161-167]: ************.... (12)
INFO:gt864-friso2-two-block-schedule.gt864_cf5_pair_t1c1_slothy_start.split:[167-172]: *************... (13)
INFO:gt864-friso2-two-block-schedule.gt864_cf5_pair_t1c1_slothy_start.split:[172-178]: *************... (13)
INFO:gt864-friso2-two-block-schedule.gt864_cf5_pair_t1c1_slothy_start.split:[178-184]: *************... (13)
INFO:gt864-friso2-two-block-schedule.gt864_cf5_pair_t1c1_slothy_start.split:[184-189]: *************... (13)
INFO:gt864-friso2-two-block-schedule.gt864_cf5_pair_t1c1_slothy_start.split:[189-195]: ***********..... (11)
INFO:gt864-friso2-two-block-schedule.gt864_cf5_pair_t1c1_slothy_start.split:[195-200]: ***********..... (11)
INFO:gt864-friso2-two-block-schedule.gt864_cf5_pair_t1c1_slothy_start.split:[200-206]: ***********..... (11)
INFO:gt864-friso2-two-block-schedule.gt864_cf5_pair_t1c1_slothy_start.split:[206-212]: ***********..... (11)
INFO:gt864-friso2-two-block-schedule.gt864_cf5_pair_t1c1_slothy_start.split:[212-217]: ************.... (12)
INFO:gt864-friso2-two-block-schedule.gt864_cf5_pair_t1c1_slothy_start.split:[217-223]: ************.... (12)
INFO:gt864-friso2-two-block-schedule.gt864_cf5_pair_t1c1_slothy_start.split:[223-228]: *************... (13)
INFO:gt864-friso2-two-block-schedule.gt864_cf5_pair_t1c1_slothy_start.split:[228-234]: *************... (13)
INFO:gt864-friso2-two-block-schedule.gt864_cf5_pair_t1c1_slothy_start.split:[234-239]: **************.. (14)
INFO:gt864-friso2-two-block-schedule.gt864_cf5_pair_t1c1_slothy_start.split:[239-245]: **************.. (14)
INFO:gt864-friso2-two-block-schedule.gt864_cf5_pair_t1c1_slothy_start.split:[245-251]: **************.. (14)
INFO:gt864-friso2-two-block-schedule.gt864_cf5_pair_t1c1_slothy_start.split:[251-256]: *************... (13)
INFO:gt864-friso2-two-block-schedule.gt864_cf5_pair_t1c1_slothy_start.split:[256-262]: ************.... (12)
INFO:gt864-friso2-two-block-schedule.gt864_cf5_pair_t1c1_slothy_start.split:[262-267]: ************.... (12)
INFO:gt864-friso2-two-block-schedule.gt864_cf5_pair_t1c1_slothy_start.split:[267-273]: *************... (13)
INFO:gt864-friso2-two-block-schedule.gt864_cf5_pair_t1c1_slothy_start.split:[273-279]: *********....... (9)
INFO:gt864-friso2-two-block-schedule.gt864_cf5_pair_t1c1_slothy_start.split.112_129:Perform internal binary search for minimal number of stalls...
INFO:gt864-friso2-two-block-schedule.gt864_cf5_pair_t1c1_slothy_start.split.112_129:Attempt optimization with max 256 stalls...
INFO:gt864-friso2-two-block-schedule.gt864_cf5_pair_t1c1_slothy_start.split.112_129:Setting timeout of 1800 seconds...
INFO:gt864-friso2-two-block-schedule.gt864_cf5_pair_t1c1_slothy_start.split.112_129:Objective: minimize cycles
INFO:gt864-friso2-two-block-schedule.gt864_cf5_pair_t1c1_slothy_start.split.112_129:Invoking external constraint solver (OR-Tools CP-SAT v9.15.6755) ...
INFO:gt864-friso2-two-block-schedule.gt864_cf5_pair_t1c1_slothy_start.split.112_129:[0.1378s]: Found 1 solutions so far... objective (minimize cycles): currently  (Cycles ~ 28.0, IPC ~ 0.61), bound  (Cycles ~ 15.0, IPC ~ 1.13)
INFO:gt864-friso2-two-block-schedule.gt864_cf5_pair_t1c1_slothy_start.split.112_129:[0.1404s]: Found 2 solutions so far... objective (minimize cycles): currently  (Cycles ~ 20.0, IPC ~ 0.85), bound  (Cycles ~ 15.0, IPC ~ 1.13)
INFO:gt864-friso2-two-block-schedule.gt864_cf5_pair_t1c1_slothy_start.split.112_129:[0.1425s]: Found 3 solutions so far... objective (minimize cycles): currently  (Cycles ~ 19.0, IPC ~ 0.89), bound  (Cycles ~ 15.0, IPC ~ 1.13)
INFO:gt864-friso2-two-block-schedule.gt864_cf5_pair_t1c1_slothy_start.split.112_129:OPTIMAL, wall time: 0.151227 s
INFO:gt864-friso2-two-block-schedule.gt864_cf5_pair_t1c1_slothy_start.split.112_129:Booleans in result: 94
INFO:gt864-friso2-two-block-schedule.gt864_cf5_pair_t1c1_slothy_start.split.112_129.selfcheck:OK!
INFO:gt864-friso2-two-block-schedule.gt864_cf5_pair_t1c1_slothy_start.split.112_129:Minimum number of stalls: 14
INFO:gt864-friso2-two-block-schedule.gt864_cf5_pair_t1c1_slothy_start.split:[  0-  5]: *******........ (7)
INFO:gt864-friso2-two-block-schedule.gt864_cf5_pair_t1c1_slothy_start.split:[  5- 11]: **********..... (10)
INFO:gt864-friso2-two-block-schedule.gt864_cf5_pair_t1c1_slothy_start.split:[ 11- 16]: ************... (12)
INFO:gt864-friso2-two-block-schedule.gt864_cf5_pair_t1c1_slothy_start.split:[ 16- 22]: ************... (12)
INFO:gt864-friso2-two-block-schedule.gt864_cf5_pair_t1c1_slothy_start.split:[ 22- 27]: ***********.... (11)
INFO:gt864-friso2-two-block-schedule.gt864_cf5_pair_t1c1_slothy_start.split:[ 27- 33]: ************... (12)
INFO:gt864-friso2-two-block-schedule.gt864_cf5_pair_t1c1_slothy_start.split:[ 33- 39]: ************... (12)
INFO:gt864-friso2-two-block-schedule.gt864_cf5_pair_t1c1_slothy_start.split:[ 39- 44]: *************.. (13)
INFO:gt864-friso2-two-block-schedule.gt864_cf5_pair_t1c1_slothy_start.split:[ 44- 50]: **************. (14)
INFO:gt864-friso2-two-block-schedule.gt864_cf5_pair_t1c1_slothy_start.split:[ 50- 55]: *************.. (13)
INFO:gt864-friso2-two-block-schedule.gt864_cf5_pair_t1c1_slothy_start.split:[ 55- 61]: ************... (12)
INFO:gt864-friso2-two-block-schedule.gt864_cf5_pair_t1c1_slothy_start.split:[ 61- 66]: **********..... (10)
INFO:gt864-friso2-two-block-schedule.gt864_cf5_pair_t1c1_slothy_start.split:[ 66- 72]: *********...... (9)
INFO:gt864-friso2-two-block-schedule.gt864_cf5_pair_t1c1_slothy_start.split:[ 72- 78]: **********..... (10)
INFO:gt864-friso2-two-block-schedule.gt864_cf5_pair_t1c1_slothy_start.split:[ 78- 83]: ************... (12)
INFO:gt864-friso2-two-block-schedule.gt864_cf5_pair_t1c1_slothy_start.split:[ 83- 89]: *************.. (13)
INFO:gt864-friso2-two-block-schedule.gt864_cf5_pair_t1c1_slothy_start.split:[ 89- 94]: *************.. (13)
INFO:gt864-friso2-two-block-schedule.gt864_cf5_pair_t1c1_slothy_start.split:[ 94-100]: *************.. (13)
INFO:gt864-friso2-two-block-schedule.gt864_cf5_pair_t1c1_slothy_start.split:[100-106]: *************.. (13)
INFO:gt864-friso2-two-block-schedule.gt864_cf5_pair_t1c1_slothy_start.split:[106-111]: *************.. (13)
INFO:gt864-friso2-two-block-schedule.gt864_cf5_pair_t1c1_slothy_start.split:[111-117]: *************.. (13)
INFO:gt864-friso2-two-block-schedule.gt864_cf5_pair_t1c1_slothy_start.split:[117-122]: *************.. (13)
INFO:gt864-friso2-two-block-schedule.gt864_cf5_pair_t1c1_slothy_start.split:[122-128]: *************.. (13)
INFO:gt864-friso2-two-block-schedule.gt864_cf5_pair_t1c1_slothy_start.split:[128-133]: **************. (14)
INFO:gt864-friso2-two-block-schedule.gt864_cf5_pair_t1c1_slothy_start.split:[133-139]: *************.. (13)
INFO:gt864-friso2-two-block-schedule.gt864_cf5_pair_t1c1_slothy_start.split:[139-145]: *************.. (13)
INFO:gt864-friso2-two-block-schedule.gt864_cf5_pair_t1c1_slothy_start.split:[145-150]: *************.. (13)
INFO:gt864-friso2-two-block-schedule.gt864_cf5_pair_t1c1_slothy_start.split:[150-156]: ************... (12)
INFO:gt864-friso2-two-block-schedule.gt864_cf5_pair_t1c1_slothy_start.split:[156-161]: ************... (12)
INFO:gt864-friso2-two-block-schedule.gt864_cf5_pair_t1c1_slothy_start.split:[161-167]: ************... (12)
INFO:gt864-friso2-two-block-schedule.gt864_cf5_pair_t1c1_slothy_start.split:[167-172]: *************.. (13)
INFO:gt864-friso2-two-block-schedule.gt864_cf5_pair_t1c1_slothy_start.split:[172-178]: *************.. (13)
INFO:gt864-friso2-two-block-schedule.gt864_cf5_pair_t1c1_slothy_start.split:[178-184]: *************.. (13)
INFO:gt864-friso2-two-block-schedule.gt864_cf5_pair_t1c1_slothy_start.split:[184-189]: *************.. (13)
INFO:gt864-friso2-two-block-schedule.gt864_cf5_pair_t1c1_slothy_start.split:[189-195]: ***********.... (11)
INFO:gt864-friso2-two-block-schedule.gt864_cf5_pair_t1c1_slothy_start.split:[195-200]: ***********.... (11)
INFO:gt864-friso2-two-block-schedule.gt864_cf5_pair_t1c1_slothy_start.split:[200-206]: ***********.... (11)
INFO:gt864-friso2-two-block-schedule.gt864_cf5_pair_t1c1_slothy_start.split:[206-212]: ***********.... (11)
INFO:gt864-friso2-two-block-schedule.gt864_cf5_pair_t1c1_slothy_start.split:[212-217]: ************... (12)
INFO:gt864-friso2-two-block-schedule.gt864_cf5_pair_t1c1_slothy_start.split:[217-223]: ************... (12)
INFO:gt864-friso2-two-block-schedule.gt864_cf5_pair_t1c1_slothy_start.split:[223-228]: *************.. (13)
INFO:gt864-friso2-two-block-schedule.gt864_cf5_pair_t1c1_slothy_start.split:[228-234]: *************.. (13)
INFO:gt864-friso2-two-block-schedule.gt864_cf5_pair_t1c1_slothy_start.split:[234-239]: **************. (14)
INFO:gt864-friso2-two-block-schedule.gt864_cf5_pair_t1c1_slothy_start.split:[239-245]: **************. (14)
INFO:gt864-friso2-two-block-schedule.gt864_cf5_pair_t1c1_slothy_start.split:[245-251]: **************. (14)
INFO:gt864-friso2-two-block-schedule.gt864_cf5_pair_t1c1_slothy_start.split:[251-256]: *************.. (13)
INFO:gt864-friso2-two-block-schedule.gt864_cf5_pair_t1c1_slothy_start.split:[256-262]: ************... (12)
INFO:gt864-friso2-two-block-schedule.gt864_cf5_pair_t1c1_slothy_start.split:[262-267]: ************... (12)
INFO:gt864-friso2-two-block-schedule.gt864_cf5_pair_t1c1_slothy_start.split:[267-273]: *************.. (13)
INFO:gt864-friso2-two-block-schedule.gt864_cf5_pair_t1c1_slothy_start.split:[273-279]: *********...... (9)
INFO:gt864-friso2-two-block-schedule.gt864_cf5_pair_t1c1_slothy_start.split.126_143:Perform internal binary search for minimal number of stalls...
INFO:gt864-friso2-two-block-schedule.gt864_cf5_pair_t1c1_slothy_start.split.126_143:Attempt optimization with max 256 stalls...
INFO:gt864-friso2-two-block-schedule.gt864_cf5_pair_t1c1_slothy_start.split.126_143:Setting timeout of 1800 seconds...
INFO:gt864-friso2-two-block-schedule.gt864_cf5_pair_t1c1_slothy_start.split.126_143:Objective: minimize cycles
INFO:gt864-friso2-two-block-schedule.gt864_cf5_pair_t1c1_slothy_start.split.126_143:Invoking external constraint solver (OR-Tools CP-SAT v9.15.6755) ...
INFO:gt864-friso2-two-block-schedule.gt864_cf5_pair_t1c1_slothy_start.split.126_143:[0.0878s]: Found 1 solutions so far... objective (minimize cycles): currently  (Cycles ~ 30.0, IPC ~ 0.57), bound  (Cycles ~ 20.0, IPC ~ 0.85)
INFO:gt864-friso2-two-block-schedule.gt864_cf5_pair_t1c1_slothy_start.split.126_143:[0.0925s]: Found 2 solutions so far... objective (minimize cycles): currently  (Cycles ~ 29.0, IPC ~ 0.59), bound  (Cycles ~ 20.0, IPC ~ 0.85)
INFO:gt864-friso2-two-block-schedule.gt864_cf5_pair_t1c1_slothy_start.split.126_143:[0.1003s]: Found 3 solutions so far... objective (minimize cycles): currently  (Cycles ~ 28.0, IPC ~ 0.61), bound  (Cycles ~ 20.0, IPC ~ 0.85)
INFO:gt864-friso2-two-block-schedule.gt864_cf5_pair_t1c1_slothy_start.split.126_143:[0.1060s]: Found 4 solutions so far... objective (minimize cycles): currently  (Cycles ~ 27.0, IPC ~ 0.63), bound  (Cycles ~ 20.0, IPC ~ 0.85)
INFO:gt864-friso2-two-block-schedule.gt864_cf5_pair_t1c1_slothy_start.split.126_143:[0.1098s]: Found 5 solutions so far... objective (minimize cycles): currently  (Cycles ~ 26.0, IPC ~ 0.65), bound  (Cycles ~ 20.0, IPC ~ 0.85)
INFO:gt864-friso2-two-block-schedule.gt864_cf5_pair_t1c1_slothy_start.split.126_143:[0.1170s]: Found 6 solutions so far... objective (minimize cycles): currently  (Cycles ~ 25.0, IPC ~ 0.68), bound  (Cycles ~ 20.0, IPC ~ 0.85)
INFO:gt864-friso2-two-block-schedule.gt864_cf5_pair_t1c1_slothy_start.split.126_143:[0.1292s]: Found 7 solutions so far... objective (minimize cycles): currently  (Cycles ~ 24.0, IPC ~ 0.71), bound  (Cycles ~ 20.0, IPC ~ 0.85)
INFO:gt864-friso2-two-block-schedule.gt864_cf5_pair_t1c1_slothy_start.split.126_143:[0.1312s]: Found 8 solutions so far... objective (minimize cycles): currently  (Cycles ~ 23.0, IPC ~ 0.74), bound  (Cycles ~ 20.0, IPC ~ 0.85)
INFO:gt864-friso2-two-block-schedule.gt864_cf5_pair_t1c1_slothy_start.split.126_143:OPTIMAL, wall time: 0.150555 s
INFO:gt864-friso2-two-block-schedule.gt864_cf5_pair_t1c1_slothy_start.split.126_143:Booleans in result: 88
INFO:gt864-friso2-two-block-schedule.gt864_cf5_pair_t1c1_slothy_start.split.126_143.selfcheck:OK!
INFO:gt864-friso2-two-block-schedule.gt864_cf5_pair_t1c1_slothy_start.split.126_143:Minimum number of stalls: 18
INFO:gt864-friso2-two-block-schedule.gt864_cf5_pair_t1c1_slothy_start.split:[  0-  5]: *******........ (7)
INFO:gt864-friso2-two-block-schedule.gt864_cf5_pair_t1c1_slothy_start.split:[  5- 11]: **********..... (10)
INFO:gt864-friso2-two-block-schedule.gt864_cf5_pair_t1c1_slothy_start.split:[ 11- 16]: ************... (12)
INFO:gt864-friso2-two-block-schedule.gt864_cf5_pair_t1c1_slothy_start.split:[ 16- 22]: ************... (12)
INFO:gt864-friso2-two-block-schedule.gt864_cf5_pair_t1c1_slothy_start.split:[ 22- 27]: ***********.... (11)
INFO:gt864-friso2-two-block-schedule.gt864_cf5_pair_t1c1_slothy_start.split:[ 27- 33]: ************... (12)
INFO:gt864-friso2-two-block-schedule.gt864_cf5_pair_t1c1_slothy_start.split:[ 33- 39]: ************... (12)
INFO:gt864-friso2-two-block-schedule.gt864_cf5_pair_t1c1_slothy_start.split:[ 39- 44]: *************.. (13)
INFO:gt864-friso2-two-block-schedule.gt864_cf5_pair_t1c1_slothy_start.split:[ 44- 50]: **************. (14)
INFO:gt864-friso2-two-block-schedule.gt864_cf5_pair_t1c1_slothy_start.split:[ 50- 55]: *************.. (13)
INFO:gt864-friso2-two-block-schedule.gt864_cf5_pair_t1c1_slothy_start.split:[ 55- 61]: ************... (12)
INFO:gt864-friso2-two-block-schedule.gt864_cf5_pair_t1c1_slothy_start.split:[ 61- 66]: **********..... (10)
INFO:gt864-friso2-two-block-schedule.gt864_cf5_pair_t1c1_slothy_start.split:[ 66- 72]: *********...... (9)
INFO:gt864-friso2-two-block-schedule.gt864_cf5_pair_t1c1_slothy_start.split:[ 72- 78]: **********..... (10)
INFO:gt864-friso2-two-block-schedule.gt864_cf5_pair_t1c1_slothy_start.split:[ 78- 83]: ************... (12)
INFO:gt864-friso2-two-block-schedule.gt864_cf5_pair_t1c1_slothy_start.split:[ 83- 89]: *************.. (13)
INFO:gt864-friso2-two-block-schedule.gt864_cf5_pair_t1c1_slothy_start.split:[ 89- 94]: *************.. (13)
INFO:gt864-friso2-two-block-schedule.gt864_cf5_pair_t1c1_slothy_start.split:[ 94-100]: *************.. (13)
INFO:gt864-friso2-two-block-schedule.gt864_cf5_pair_t1c1_slothy_start.split:[100-106]: *************.. (13)
INFO:gt864-friso2-two-block-schedule.gt864_cf5_pair_t1c1_slothy_start.split:[106-111]: *************.. (13)
INFO:gt864-friso2-two-block-schedule.gt864_cf5_pair_t1c1_slothy_start.split:[111-117]: *************.. (13)
INFO:gt864-friso2-two-block-schedule.gt864_cf5_pair_t1c1_slothy_start.split:[117-122]: ************... (12)
INFO:gt864-friso2-two-block-schedule.gt864_cf5_pair_t1c1_slothy_start.split:[122-128]: *************.. (13)
INFO:gt864-friso2-two-block-schedule.gt864_cf5_pair_t1c1_slothy_start.split:[128-133]: *************.. (13)
INFO:gt864-friso2-two-block-schedule.gt864_cf5_pair_t1c1_slothy_start.split:[133-139]: **************. (14)
INFO:gt864-friso2-two-block-schedule.gt864_cf5_pair_t1c1_slothy_start.split:[139-145]: *************.. (13)
INFO:gt864-friso2-two-block-schedule.gt864_cf5_pair_t1c1_slothy_start.split:[145-150]: **************. (14)
INFO:gt864-friso2-two-block-schedule.gt864_cf5_pair_t1c1_slothy_start.split:[150-156]: ************... (12)
INFO:gt864-friso2-two-block-schedule.gt864_cf5_pair_t1c1_slothy_start.split:[156-161]: ************... (12)
INFO:gt864-friso2-two-block-schedule.gt864_cf5_pair_t1c1_slothy_start.split:[161-167]: ************... (12)
INFO:gt864-friso2-two-block-schedule.gt864_cf5_pair_t1c1_slothy_start.split:[167-172]: *************.. (13)
INFO:gt864-friso2-two-block-schedule.gt864_cf5_pair_t1c1_slothy_start.split:[172-178]: *************.. (13)
INFO:gt864-friso2-two-block-schedule.gt864_cf5_pair_t1c1_slothy_start.split:[178-184]: *************.. (13)
INFO:gt864-friso2-two-block-schedule.gt864_cf5_pair_t1c1_slothy_start.split:[184-189]: *************.. (13)
INFO:gt864-friso2-two-block-schedule.gt864_cf5_pair_t1c1_slothy_start.split:[189-195]: ***********.... (11)
INFO:gt864-friso2-two-block-schedule.gt864_cf5_pair_t1c1_slothy_start.split:[195-200]: ***********.... (11)
INFO:gt864-friso2-two-block-schedule.gt864_cf5_pair_t1c1_slothy_start.split:[200-206]: ***********.... (11)
INFO:gt864-friso2-two-block-schedule.gt864_cf5_pair_t1c1_slothy_start.split:[206-212]: ***********.... (11)
INFO:gt864-friso2-two-block-schedule.gt864_cf5_pair_t1c1_slothy_start.split:[212-217]: ************... (12)
INFO:gt864-friso2-two-block-schedule.gt864_cf5_pair_t1c1_slothy_start.split:[217-223]: ************... (12)
INFO:gt864-friso2-two-block-schedule.gt864_cf5_pair_t1c1_slothy_start.split:[223-228]: *************.. (13)
INFO:gt864-friso2-two-block-schedule.gt864_cf5_pair_t1c1_slothy_start.split:[228-234]: *************.. (13)
INFO:gt864-friso2-two-block-schedule.gt864_cf5_pair_t1c1_slothy_start.split:[234-239]: **************. (14)
INFO:gt864-friso2-two-block-schedule.gt864_cf5_pair_t1c1_slothy_start.split:[239-245]: **************. (14)
INFO:gt864-friso2-two-block-schedule.gt864_cf5_pair_t1c1_slothy_start.split:[245-251]: **************. (14)
INFO:gt864-friso2-two-block-schedule.gt864_cf5_pair_t1c1_slothy_start.split:[251-256]: *************.. (13)
INFO:gt864-friso2-two-block-schedule.gt864_cf5_pair_t1c1_slothy_start.split:[256-262]: ************... (12)
INFO:gt864-friso2-two-block-schedule.gt864_cf5_pair_t1c1_slothy_start.split:[262-267]: ************... (12)
INFO:gt864-friso2-two-block-schedule.gt864_cf5_pair_t1c1_slothy_start.split:[267-273]: *************.. (13)
INFO:gt864-friso2-two-block-schedule.gt864_cf5_pair_t1c1_slothy_start.split:[273-279]: *********...... (9)
INFO:gt864-friso2-two-block-schedule.gt864_cf5_pair_t1c1_slothy_start.split.139_157:Perform internal binary search for minimal number of stalls...
INFO:gt864-friso2-two-block-schedule.gt864_cf5_pair_t1c1_slothy_start.split.139_157:Attempt optimization with max 256 stalls...
INFO:gt864-friso2-two-block-schedule.gt864_cf5_pair_t1c1_slothy_start.split.139_157:Setting timeout of 1800 seconds...
INFO:gt864-friso2-two-block-schedule.gt864_cf5_pair_t1c1_slothy_start.split.139_157:Objective: minimize cycles
INFO:gt864-friso2-two-block-schedule.gt864_cf5_pair_t1c1_slothy_start.split.139_157:Invoking external constraint solver (OR-Tools CP-SAT v9.15.6755) ...
INFO:gt864-friso2-two-block-schedule.gt864_cf5_pair_t1c1_slothy_start.split.139_157:[0.1134s]: Found 1 solutions so far... objective (minimize cycles): currently  (Cycles ~ 25.0, IPC ~ 0.72), bound  (Cycles ~ 15.0, IPC ~ 1.20)
INFO:gt864-friso2-two-block-schedule.gt864_cf5_pair_t1c1_slothy_start.split.139_157:OPTIMAL, wall time: 0.127618 s
INFO:gt864-friso2-two-block-schedule.gt864_cf5_pair_t1c1_slothy_start.split.139_157:Booleans in result: 134
INFO:gt864-friso2-two-block-schedule.gt864_cf5_pair_t1c1_slothy_start.split.139_157.selfcheck:OK!
INFO:gt864-friso2-two-block-schedule.gt864_cf5_pair_t1c1_slothy_start.split.139_157:Minimum number of stalls: 20
INFO:gt864-friso2-two-block-schedule.gt864_cf5_pair_t1c1_slothy_start.split:[  0-  5]: *******........ (7)
INFO:gt864-friso2-two-block-schedule.gt864_cf5_pair_t1c1_slothy_start.split:[  5- 11]: **********..... (10)
INFO:gt864-friso2-two-block-schedule.gt864_cf5_pair_t1c1_slothy_start.split:[ 11- 16]: ************... (12)
INFO:gt864-friso2-two-block-schedule.gt864_cf5_pair_t1c1_slothy_start.split:[ 16- 22]: ************... (12)
INFO:gt864-friso2-two-block-schedule.gt864_cf5_pair_t1c1_slothy_start.split:[ 22- 27]: ***********.... (11)
INFO:gt864-friso2-two-block-schedule.gt864_cf5_pair_t1c1_slothy_start.split:[ 27- 33]: ************... (12)
INFO:gt864-friso2-two-block-schedule.gt864_cf5_pair_t1c1_slothy_start.split:[ 33- 39]: ************... (12)
INFO:gt864-friso2-two-block-schedule.gt864_cf5_pair_t1c1_slothy_start.split:[ 39- 44]: *************.. (13)
INFO:gt864-friso2-two-block-schedule.gt864_cf5_pair_t1c1_slothy_start.split:[ 44- 50]: **************. (14)
INFO:gt864-friso2-two-block-schedule.gt864_cf5_pair_t1c1_slothy_start.split:[ 50- 55]: *************.. (13)
INFO:gt864-friso2-two-block-schedule.gt864_cf5_pair_t1c1_slothy_start.split:[ 55- 61]: ************... (12)
INFO:gt864-friso2-two-block-schedule.gt864_cf5_pair_t1c1_slothy_start.split:[ 61- 66]: **********..... (10)
INFO:gt864-friso2-two-block-schedule.gt864_cf5_pair_t1c1_slothy_start.split:[ 66- 72]: *********...... (9)
INFO:gt864-friso2-two-block-schedule.gt864_cf5_pair_t1c1_slothy_start.split:[ 72- 78]: **********..... (10)
INFO:gt864-friso2-two-block-schedule.gt864_cf5_pair_t1c1_slothy_start.split:[ 78- 83]: ************... (12)
INFO:gt864-friso2-two-block-schedule.gt864_cf5_pair_t1c1_slothy_start.split:[ 83- 89]: *************.. (13)
INFO:gt864-friso2-two-block-schedule.gt864_cf5_pair_t1c1_slothy_start.split:[ 89- 94]: *************.. (13)
INFO:gt864-friso2-two-block-schedule.gt864_cf5_pair_t1c1_slothy_start.split:[ 94-100]: *************.. (13)
INFO:gt864-friso2-two-block-schedule.gt864_cf5_pair_t1c1_slothy_start.split:[100-106]: *************.. (13)
INFO:gt864-friso2-two-block-schedule.gt864_cf5_pair_t1c1_slothy_start.split:[106-111]: *************.. (13)
INFO:gt864-friso2-two-block-schedule.gt864_cf5_pair_t1c1_slothy_start.split:[111-117]: *************.. (13)
INFO:gt864-friso2-two-block-schedule.gt864_cf5_pair_t1c1_slothy_start.split:[117-122]: ************... (12)
INFO:gt864-friso2-two-block-schedule.gt864_cf5_pair_t1c1_slothy_start.split:[122-128]: *************.. (13)
INFO:gt864-friso2-two-block-schedule.gt864_cf5_pair_t1c1_slothy_start.split:[128-133]: ************... (12)
INFO:gt864-friso2-two-block-schedule.gt864_cf5_pair_t1c1_slothy_start.split:[133-139]: ************... (12)
INFO:gt864-friso2-two-block-schedule.gt864_cf5_pair_t1c1_slothy_start.split:[139-145]: ***********.... (11)
INFO:gt864-friso2-two-block-schedule.gt864_cf5_pair_t1c1_slothy_start.split:[145-150]: *************.. (13)
INFO:gt864-friso2-two-block-schedule.gt864_cf5_pair_t1c1_slothy_start.split:[150-156]: **************. (14)
INFO:gt864-friso2-two-block-schedule.gt864_cf5_pair_t1c1_slothy_start.split:[156-161]: **************. (14)
INFO:gt864-friso2-two-block-schedule.gt864_cf5_pair_t1c1_slothy_start.split:[161-167]: *************.. (13)
INFO:gt864-friso2-two-block-schedule.gt864_cf5_pair_t1c1_slothy_start.split:[167-172]: *************.. (13)
INFO:gt864-friso2-two-block-schedule.gt864_cf5_pair_t1c1_slothy_start.split:[172-178]: *************.. (13)
INFO:gt864-friso2-two-block-schedule.gt864_cf5_pair_t1c1_slothy_start.split:[178-184]: *************.. (13)
INFO:gt864-friso2-two-block-schedule.gt864_cf5_pair_t1c1_slothy_start.split:[184-189]: *************.. (13)
INFO:gt864-friso2-two-block-schedule.gt864_cf5_pair_t1c1_slothy_start.split:[189-195]: ***********.... (11)
INFO:gt864-friso2-two-block-schedule.gt864_cf5_pair_t1c1_slothy_start.split:[195-200]: ***********.... (11)
INFO:gt864-friso2-two-block-schedule.gt864_cf5_pair_t1c1_slothy_start.split:[200-206]: ***********.... (11)
INFO:gt864-friso2-two-block-schedule.gt864_cf5_pair_t1c1_slothy_start.split:[206-212]: ***********.... (11)
INFO:gt864-friso2-two-block-schedule.gt864_cf5_pair_t1c1_slothy_start.split:[212-217]: ************... (12)
INFO:gt864-friso2-two-block-schedule.gt864_cf5_pair_t1c1_slothy_start.split:[217-223]: ************... (12)
INFO:gt864-friso2-two-block-schedule.gt864_cf5_pair_t1c1_slothy_start.split:[223-228]: *************.. (13)
INFO:gt864-friso2-two-block-schedule.gt864_cf5_pair_t1c1_slothy_start.split:[228-234]: *************.. (13)
INFO:gt864-friso2-two-block-schedule.gt864_cf5_pair_t1c1_slothy_start.split:[234-239]: **************. (14)
INFO:gt864-friso2-two-block-schedule.gt864_cf5_pair_t1c1_slothy_start.split:[239-245]: **************. (14)
INFO:gt864-friso2-two-block-schedule.gt864_cf5_pair_t1c1_slothy_start.split:[245-251]: **************. (14)
INFO:gt864-friso2-two-block-schedule.gt864_cf5_pair_t1c1_slothy_start.split:[251-256]: *************.. (13)
INFO:gt864-friso2-two-block-schedule.gt864_cf5_pair_t1c1_slothy_start.split:[256-262]: ************... (12)
INFO:gt864-friso2-two-block-schedule.gt864_cf5_pair_t1c1_slothy_start.split:[262-267]: ************... (12)
INFO:gt864-friso2-two-block-schedule.gt864_cf5_pair_t1c1_slothy_start.split:[267-273]: *************.. (13)
INFO:gt864-friso2-two-block-schedule.gt864_cf5_pair_t1c1_slothy_start.split:[273-279]: *********...... (9)
INFO:gt864-friso2-two-block-schedule.gt864_cf5_pair_t1c1_slothy_start.split.153_171:Perform internal binary search for minimal number of stalls...
INFO:gt864-friso2-two-block-schedule.gt864_cf5_pair_t1c1_slothy_start.split.153_171:Attempt optimization with max 256 stalls...
INFO:gt864-friso2-two-block-schedule.gt864_cf5_pair_t1c1_slothy_start.split.153_171:Setting timeout of 1800 seconds...
INFO:gt864-friso2-two-block-schedule.gt864_cf5_pair_t1c1_slothy_start.split.153_171:Objective: minimize cycles
INFO:gt864-friso2-two-block-schedule.gt864_cf5_pair_t1c1_slothy_start.split.153_171:Invoking external constraint solver (OR-Tools CP-SAT v9.15.6755) ...
INFO:gt864-friso2-two-block-schedule.gt864_cf5_pair_t1c1_slothy_start.split.153_171:[0.1327s]: Found 1 solutions so far... objective (minimize cycles): currently  (Cycles ~ 28.0, IPC ~ 0.64), bound  (Cycles ~ 15.0, IPC ~ 1.20)
INFO:gt864-friso2-two-block-schedule.gt864_cf5_pair_t1c1_slothy_start.split.153_171:[0.1380s]: Found 2 solutions so far... objective (minimize cycles): currently  (Cycles ~ 26.0, IPC ~ 0.69), bound  (Cycles ~ 17.0, IPC ~ 1.06)
INFO:gt864-friso2-two-block-schedule.gt864_cf5_pair_t1c1_slothy_start.split.153_171:[0.1430s]: Found 3 solutions so far... objective (minimize cycles): currently  (Cycles ~ 25.0, IPC ~ 0.72), bound  (Cycles ~ 17.0, IPC ~ 1.06)
INFO:gt864-friso2-two-block-schedule.gt864_cf5_pair_t1c1_slothy_start.split.153_171:OPTIMAL, wall time: 0.151796 s
INFO:gt864-friso2-two-block-schedule.gt864_cf5_pair_t1c1_slothy_start.split.153_171:Booleans in result: 112
INFO:gt864-friso2-two-block-schedule.gt864_cf5_pair_t1c1_slothy_start.split.153_171.selfcheck:OK!
INFO:gt864-friso2-two-block-schedule.gt864_cf5_pair_t1c1_slothy_start.split.153_171:Minimum number of stalls: 20
INFO:gt864-friso2-two-block-schedule.gt864_cf5_pair_t1c1_slothy_start.split:[  0-  5]: *******.......... (7)
INFO:gt864-friso2-two-block-schedule.gt864_cf5_pair_t1c1_slothy_start.split:[  5- 11]: **********....... (10)
INFO:gt864-friso2-two-block-schedule.gt864_cf5_pair_t1c1_slothy_start.split:[ 11- 16]: ************..... (12)
INFO:gt864-friso2-two-block-schedule.gt864_cf5_pair_t1c1_slothy_start.split:[ 16- 22]: ************..... (12)
INFO:gt864-friso2-two-block-schedule.gt864_cf5_pair_t1c1_slothy_start.split:[ 22- 27]: ***********...... (11)
INFO:gt864-friso2-two-block-schedule.gt864_cf5_pair_t1c1_slothy_start.split:[ 27- 33]: ************..... (12)
INFO:gt864-friso2-two-block-schedule.gt864_cf5_pair_t1c1_slothy_start.split:[ 33- 39]: ************..... (12)
INFO:gt864-friso2-two-block-schedule.gt864_cf5_pair_t1c1_slothy_start.split:[ 39- 44]: *************.... (13)
INFO:gt864-friso2-two-block-schedule.gt864_cf5_pair_t1c1_slothy_start.split:[ 44- 50]: **************... (14)
INFO:gt864-friso2-two-block-schedule.gt864_cf5_pair_t1c1_slothy_start.split:[ 50- 55]: *************.... (13)
INFO:gt864-friso2-two-block-schedule.gt864_cf5_pair_t1c1_slothy_start.split:[ 55- 61]: ************..... (12)
INFO:gt864-friso2-two-block-schedule.gt864_cf5_pair_t1c1_slothy_start.split:[ 61- 66]: **********....... (10)
INFO:gt864-friso2-two-block-schedule.gt864_cf5_pair_t1c1_slothy_start.split:[ 66- 72]: *********........ (9)
INFO:gt864-friso2-two-block-schedule.gt864_cf5_pair_t1c1_slothy_start.split:[ 72- 78]: **********....... (10)
INFO:gt864-friso2-two-block-schedule.gt864_cf5_pair_t1c1_slothy_start.split:[ 78- 83]: ************..... (12)
INFO:gt864-friso2-two-block-schedule.gt864_cf5_pair_t1c1_slothy_start.split:[ 83- 89]: *************.... (13)
INFO:gt864-friso2-two-block-schedule.gt864_cf5_pair_t1c1_slothy_start.split:[ 89- 94]: *************.... (13)
INFO:gt864-friso2-two-block-schedule.gt864_cf5_pair_t1c1_slothy_start.split:[ 94-100]: *************.... (13)
INFO:gt864-friso2-two-block-schedule.gt864_cf5_pair_t1c1_slothy_start.split:[100-106]: *************.... (13)
INFO:gt864-friso2-two-block-schedule.gt864_cf5_pair_t1c1_slothy_start.split:[106-111]: *************.... (13)
INFO:gt864-friso2-two-block-schedule.gt864_cf5_pair_t1c1_slothy_start.split:[111-117]: *************.... (13)
INFO:gt864-friso2-two-block-schedule.gt864_cf5_pair_t1c1_slothy_start.split:[117-122]: ************..... (12)
INFO:gt864-friso2-two-block-schedule.gt864_cf5_pair_t1c1_slothy_start.split:[122-128]: *************.... (13)
INFO:gt864-friso2-two-block-schedule.gt864_cf5_pair_t1c1_slothy_start.split:[128-133]: ************..... (12)
INFO:gt864-friso2-two-block-schedule.gt864_cf5_pair_t1c1_slothy_start.split:[133-139]: ************..... (12)
INFO:gt864-friso2-two-block-schedule.gt864_cf5_pair_t1c1_slothy_start.split:[139-145]: ***********...... (11)
INFO:gt864-friso2-two-block-schedule.gt864_cf5_pair_t1c1_slothy_start.split:[145-150]: ***********...... (11)
INFO:gt864-friso2-two-block-schedule.gt864_cf5_pair_t1c1_slothy_start.split:[150-156]: ************..... (12)
INFO:gt864-friso2-two-block-schedule.gt864_cf5_pair_t1c1_slothy_start.split:[156-161]: **************... (14)
INFO:gt864-friso2-two-block-schedule.gt864_cf5_pair_t1c1_slothy_start.split:[161-167]: ***************.. (15)
INFO:gt864-friso2-two-block-schedule.gt864_cf5_pair_t1c1_slothy_start.split:[167-172]: ****************. (16)
INFO:gt864-friso2-two-block-schedule.gt864_cf5_pair_t1c1_slothy_start.split:[172-178]: **************... (14)
INFO:gt864-friso2-two-block-schedule.gt864_cf5_pair_t1c1_slothy_start.split:[178-184]: *************.... (13)
INFO:gt864-friso2-two-block-schedule.gt864_cf5_pair_t1c1_slothy_start.split:[184-189]: *************.... (13)
INFO:gt864-friso2-two-block-schedule.gt864_cf5_pair_t1c1_slothy_start.split:[189-195]: ***********...... (11)
INFO:gt864-friso2-two-block-schedule.gt864_cf5_pair_t1c1_slothy_start.split:[195-200]: ***********...... (11)
INFO:gt864-friso2-two-block-schedule.gt864_cf5_pair_t1c1_slothy_start.split:[200-206]: ***********...... (11)
INFO:gt864-friso2-two-block-schedule.gt864_cf5_pair_t1c1_slothy_start.split:[206-212]: ***********...... (11)
INFO:gt864-friso2-two-block-schedule.gt864_cf5_pair_t1c1_slothy_start.split:[212-217]: ************..... (12)
INFO:gt864-friso2-two-block-schedule.gt864_cf5_pair_t1c1_slothy_start.split:[217-223]: ************..... (12)
INFO:gt864-friso2-two-block-schedule.gt864_cf5_pair_t1c1_slothy_start.split:[223-228]: *************.... (13)
INFO:gt864-friso2-two-block-schedule.gt864_cf5_pair_t1c1_slothy_start.split:[228-234]: *************.... (13)
INFO:gt864-friso2-two-block-schedule.gt864_cf5_pair_t1c1_slothy_start.split:[234-239]: **************... (14)
INFO:gt864-friso2-two-block-schedule.gt864_cf5_pair_t1c1_slothy_start.split:[239-245]: **************... (14)
INFO:gt864-friso2-two-block-schedule.gt864_cf5_pair_t1c1_slothy_start.split:[245-251]: **************... (14)
INFO:gt864-friso2-two-block-schedule.gt864_cf5_pair_t1c1_slothy_start.split:[251-256]: *************.... (13)
INFO:gt864-friso2-two-block-schedule.gt864_cf5_pair_t1c1_slothy_start.split:[256-262]: ************..... (12)
INFO:gt864-friso2-two-block-schedule.gt864_cf5_pair_t1c1_slothy_start.split:[262-267]: ************..... (12)
INFO:gt864-friso2-two-block-schedule.gt864_cf5_pair_t1c1_slothy_start.split:[267-273]: *************.... (13)
INFO:gt864-friso2-two-block-schedule.gt864_cf5_pair_t1c1_slothy_start.split:[273-279]: *********........ (9)
INFO:gt864-friso2-two-block-schedule.gt864_cf5_pair_t1c1_slothy_start.split.167_185:Perform internal binary search for minimal number of stalls...
INFO:gt864-friso2-two-block-schedule.gt864_cf5_pair_t1c1_slothy_start.split.167_185:Attempt optimization with max 256 stalls...
INFO:gt864-friso2-two-block-schedule.gt864_cf5_pair_t1c1_slothy_start.split.167_185:Setting timeout of 1800 seconds...
INFO:gt864-friso2-two-block-schedule.gt864_cf5_pair_t1c1_slothy_start.split.167_185:Objective: minimize cycles
INFO:gt864-friso2-two-block-schedule.gt864_cf5_pair_t1c1_slothy_start.split.167_185:Invoking external constraint solver (OR-Tools CP-SAT v9.15.6755) ...
INFO:gt864-friso2-two-block-schedule.gt864_cf5_pair_t1c1_slothy_start.split.167_185:[0.1414s]: Found 1 solutions so far... objective (minimize cycles): currently  (Cycles ~ 23.0, IPC ~ 0.78), bound  (Cycles ~ 14.0, IPC ~ 1.29)
INFO:gt864-friso2-two-block-schedule.gt864_cf5_pair_t1c1_slothy_start.split.167_185:OPTIMAL, wall time: 0.154845 s
INFO:gt864-friso2-two-block-schedule.gt864_cf5_pair_t1c1_slothy_start.split.167_185:Booleans in result: 141
INFO:gt864-friso2-two-block-schedule.gt864_cf5_pair_t1c1_slothy_start.split.167_185.selfcheck:OK!
INFO:gt864-friso2-two-block-schedule.gt864_cf5_pair_t1c1_slothy_start.split.167_185:Minimum number of stalls: 18
INFO:gt864-friso2-two-block-schedule.gt864_cf5_pair_t1c1_slothy_start.split:[  0-  5]: *******........ (7)
INFO:gt864-friso2-two-block-schedule.gt864_cf5_pair_t1c1_slothy_start.split:[  5- 11]: **********..... (10)
INFO:gt864-friso2-two-block-schedule.gt864_cf5_pair_t1c1_slothy_start.split:[ 11- 16]: ************... (12)
INFO:gt864-friso2-two-block-schedule.gt864_cf5_pair_t1c1_slothy_start.split:[ 16- 22]: ************... (12)
INFO:gt864-friso2-two-block-schedule.gt864_cf5_pair_t1c1_slothy_start.split:[ 22- 27]: ***********.... (11)
INFO:gt864-friso2-two-block-schedule.gt864_cf5_pair_t1c1_slothy_start.split:[ 27- 33]: ************... (12)
INFO:gt864-friso2-two-block-schedule.gt864_cf5_pair_t1c1_slothy_start.split:[ 33- 39]: ************... (12)
INFO:gt864-friso2-two-block-schedule.gt864_cf5_pair_t1c1_slothy_start.split:[ 39- 44]: *************.. (13)
INFO:gt864-friso2-two-block-schedule.gt864_cf5_pair_t1c1_slothy_start.split:[ 44- 50]: **************. (14)
INFO:gt864-friso2-two-block-schedule.gt864_cf5_pair_t1c1_slothy_start.split:[ 50- 55]: *************.. (13)
INFO:gt864-friso2-two-block-schedule.gt864_cf5_pair_t1c1_slothy_start.split:[ 55- 61]: ************... (12)
INFO:gt864-friso2-two-block-schedule.gt864_cf5_pair_t1c1_slothy_start.split:[ 61- 66]: **********..... (10)
INFO:gt864-friso2-two-block-schedule.gt864_cf5_pair_t1c1_slothy_start.split:[ 66- 72]: *********...... (9)
INFO:gt864-friso2-two-block-schedule.gt864_cf5_pair_t1c1_slothy_start.split:[ 72- 78]: **********..... (10)
INFO:gt864-friso2-two-block-schedule.gt864_cf5_pair_t1c1_slothy_start.split:[ 78- 83]: ************... (12)
INFO:gt864-friso2-two-block-schedule.gt864_cf5_pair_t1c1_slothy_start.split:[ 83- 89]: *************.. (13)
INFO:gt864-friso2-two-block-schedule.gt864_cf5_pair_t1c1_slothy_start.split:[ 89- 94]: *************.. (13)
INFO:gt864-friso2-two-block-schedule.gt864_cf5_pair_t1c1_slothy_start.split:[ 94-100]: *************.. (13)
INFO:gt864-friso2-two-block-schedule.gt864_cf5_pair_t1c1_slothy_start.split:[100-106]: *************.. (13)
INFO:gt864-friso2-two-block-schedule.gt864_cf5_pair_t1c1_slothy_start.split:[106-111]: *************.. (13)
INFO:gt864-friso2-two-block-schedule.gt864_cf5_pair_t1c1_slothy_start.split:[111-117]: *************.. (13)
INFO:gt864-friso2-two-block-schedule.gt864_cf5_pair_t1c1_slothy_start.split:[117-122]: ************... (12)
INFO:gt864-friso2-two-block-schedule.gt864_cf5_pair_t1c1_slothy_start.split:[122-128]: *************.. (13)
INFO:gt864-friso2-two-block-schedule.gt864_cf5_pair_t1c1_slothy_start.split:[128-133]: ************... (12)
INFO:gt864-friso2-two-block-schedule.gt864_cf5_pair_t1c1_slothy_start.split:[133-139]: ************... (12)
INFO:gt864-friso2-two-block-schedule.gt864_cf5_pair_t1c1_slothy_start.split:[139-145]: ***********.... (11)
INFO:gt864-friso2-two-block-schedule.gt864_cf5_pair_t1c1_slothy_start.split:[145-150]: ***********.... (11)
INFO:gt864-friso2-two-block-schedule.gt864_cf5_pair_t1c1_slothy_start.split:[150-156]: ************... (12)
INFO:gt864-friso2-two-block-schedule.gt864_cf5_pair_t1c1_slothy_start.split:[156-161]: *************.. (13)
INFO:gt864-friso2-two-block-schedule.gt864_cf5_pair_t1c1_slothy_start.split:[161-167]: ************... (12)
INFO:gt864-friso2-two-block-schedule.gt864_cf5_pair_t1c1_slothy_start.split:[167-172]: *************.. (13)
INFO:gt864-friso2-two-block-schedule.gt864_cf5_pair_t1c1_slothy_start.split:[172-178]: *************.. (13)
INFO:gt864-friso2-two-block-schedule.gt864_cf5_pair_t1c1_slothy_start.split:[178-184]: **************. (14)
INFO:gt864-friso2-two-block-schedule.gt864_cf5_pair_t1c1_slothy_start.split:[184-189]: **************. (14)
INFO:gt864-friso2-two-block-schedule.gt864_cf5_pair_t1c1_slothy_start.split:[189-195]: ***********.... (11)
INFO:gt864-friso2-two-block-schedule.gt864_cf5_pair_t1c1_slothy_start.split:[195-200]: ***********.... (11)
INFO:gt864-friso2-two-block-schedule.gt864_cf5_pair_t1c1_slothy_start.split:[200-206]: ***********.... (11)
INFO:gt864-friso2-two-block-schedule.gt864_cf5_pair_t1c1_slothy_start.split:[206-212]: ***********.... (11)
INFO:gt864-friso2-two-block-schedule.gt864_cf5_pair_t1c1_slothy_start.split:[212-217]: ************... (12)
INFO:gt864-friso2-two-block-schedule.gt864_cf5_pair_t1c1_slothy_start.split:[217-223]: ************... (12)
INFO:gt864-friso2-two-block-schedule.gt864_cf5_pair_t1c1_slothy_start.split:[223-228]: *************.. (13)
INFO:gt864-friso2-two-block-schedule.gt864_cf5_pair_t1c1_slothy_start.split:[228-234]: *************.. (13)
INFO:gt864-friso2-two-block-schedule.gt864_cf5_pair_t1c1_slothy_start.split:[234-239]: **************. (14)
INFO:gt864-friso2-two-block-schedule.gt864_cf5_pair_t1c1_slothy_start.split:[239-245]: **************. (14)
INFO:gt864-friso2-two-block-schedule.gt864_cf5_pair_t1c1_slothy_start.split:[245-251]: **************. (14)
INFO:gt864-friso2-two-block-schedule.gt864_cf5_pair_t1c1_slothy_start.split:[251-256]: *************.. (13)
INFO:gt864-friso2-two-block-schedule.gt864_cf5_pair_t1c1_slothy_start.split:[256-262]: ************... (12)
INFO:gt864-friso2-two-block-schedule.gt864_cf5_pair_t1c1_slothy_start.split:[262-267]: ************... (12)
INFO:gt864-friso2-two-block-schedule.gt864_cf5_pair_t1c1_slothy_start.split:[267-273]: *************.. (13)
INFO:gt864-friso2-two-block-schedule.gt864_cf5_pair_t1c1_slothy_start.split:[273-279]: *********...... (9)
INFO:gt864-friso2-two-block-schedule.gt864_cf5_pair_t1c1_slothy_start.split.181_199:Perform internal binary search for minimal number of stalls...
INFO:gt864-friso2-two-block-schedule.gt864_cf5_pair_t1c1_slothy_start.split.181_199:Attempt optimization with max 256 stalls...
INFO:gt864-friso2-two-block-schedule.gt864_cf5_pair_t1c1_slothy_start.split.181_199:Setting timeout of 1800 seconds...
INFO:gt864-friso2-two-block-schedule.gt864_cf5_pair_t1c1_slothy_start.split.181_199:Objective: minimize cycles
INFO:gt864-friso2-two-block-schedule.gt864_cf5_pair_t1c1_slothy_start.split.181_199:Invoking external constraint solver (OR-Tools CP-SAT v9.15.6755) ...
INFO:gt864-friso2-two-block-schedule.gt864_cf5_pair_t1c1_slothy_start.split.181_199:[0.1403s]: Found 1 solutions so far... objective (minimize cycles): currently  (Cycles ~ 29.0, IPC ~ 0.62), bound  (Cycles ~ 18.0, IPC ~ 1.00)
INFO:gt864-friso2-two-block-schedule.gt864_cf5_pair_t1c1_slothy_start.split.181_199:[0.1471s]: Found 2 solutions so far... objective (minimize cycles): currently  (Cycles ~ 28.0, IPC ~ 0.64), bound  (Cycles ~ 18.0, IPC ~ 1.00)
INFO:gt864-friso2-two-block-schedule.gt864_cf5_pair_t1c1_slothy_start.split.181_199:[0.1482s]: Found 3 solutions so far... objective (minimize cycles): currently  (Cycles ~ 27.0, IPC ~ 0.67), bound  (Cycles ~ 18.0, IPC ~ 1.00)
INFO:gt864-friso2-two-block-schedule.gt864_cf5_pair_t1c1_slothy_start.split.181_199:[0.1521s]: Found 4 solutions so far... objective (minimize cycles): currently  (Cycles ~ 26.0, IPC ~ 0.69), bound  (Cycles ~ 18.0, IPC ~ 1.00)
INFO:gt864-friso2-two-block-schedule.gt864_cf5_pair_t1c1_slothy_start.split.181_199:[0.1601s]: Found 5 solutions so far... objective (minimize cycles): currently  (Cycles ~ 25.0, IPC ~ 0.72), bound  (Cycles ~ 18.0, IPC ~ 1.00)
INFO:gt864-friso2-two-block-schedule.gt864_cf5_pair_t1c1_slothy_start.split.181_199:[0.1623s]: Found 6 solutions so far... objective (minimize cycles): currently  (Cycles ~ 24.0, IPC ~ 0.75), bound  (Cycles ~ 18.0, IPC ~ 1.00)
INFO:gt864-friso2-two-block-schedule.gt864_cf5_pair_t1c1_slothy_start.split.181_199:[0.1696s]: Found 7 solutions so far... objective (minimize cycles): currently  (Cycles ~ 23.0, IPC ~ 0.78), bound  (Cycles ~ 18.0, IPC ~ 1.00)
INFO:gt864-friso2-two-block-schedule.gt864_cf5_pair_t1c1_slothy_start.split.181_199:[0.1718s]: Found 8 solutions so far... objective (minimize cycles): currently  (Cycles ~ 22.0, IPC ~ 0.82), bound  (Cycles ~ 18.0, IPC ~ 1.00)
INFO:gt864-friso2-two-block-schedule.gt864_cf5_pair_t1c1_slothy_start.split.181_199:[0.1774s]: Found 9 solutions so far... objective (minimize cycles): currently  (Cycles ~ 21.0, IPC ~ 0.86), bound  (Cycles ~ 18.0, IPC ~ 1.00)
INFO:gt864-friso2-two-block-schedule.gt864_cf5_pair_t1c1_slothy_start.split.181_199:OPTIMAL, wall time: 0.190793 s
INFO:gt864-friso2-two-block-schedule.gt864_cf5_pair_t1c1_slothy_start.split.181_199:Booleans in result: 125
INFO:gt864-friso2-two-block-schedule.gt864_cf5_pair_t1c1_slothy_start.split.181_199.selfcheck:OK!
INFO:gt864-friso2-two-block-schedule.gt864_cf5_pair_t1c1_slothy_start.split.181_199:Minimum number of stalls: 16
INFO:gt864-friso2-two-block-schedule.gt864_cf5_pair_t1c1_slothy_start.split:[  0-  5]: *******........ (7)
INFO:gt864-friso2-two-block-schedule.gt864_cf5_pair_t1c1_slothy_start.split:[  5- 11]: **********..... (10)
INFO:gt864-friso2-two-block-schedule.gt864_cf5_pair_t1c1_slothy_start.split:[ 11- 16]: ************... (12)
INFO:gt864-friso2-two-block-schedule.gt864_cf5_pair_t1c1_slothy_start.split:[ 16- 22]: ************... (12)
INFO:gt864-friso2-two-block-schedule.gt864_cf5_pair_t1c1_slothy_start.split:[ 22- 27]: ***********.... (11)
INFO:gt864-friso2-two-block-schedule.gt864_cf5_pair_t1c1_slothy_start.split:[ 27- 33]: ************... (12)
INFO:gt864-friso2-two-block-schedule.gt864_cf5_pair_t1c1_slothy_start.split:[ 33- 39]: ************... (12)
INFO:gt864-friso2-two-block-schedule.gt864_cf5_pair_t1c1_slothy_start.split:[ 39- 44]: *************.. (13)
INFO:gt864-friso2-two-block-schedule.gt864_cf5_pair_t1c1_slothy_start.split:[ 44- 50]: **************. (14)
INFO:gt864-friso2-two-block-schedule.gt864_cf5_pair_t1c1_slothy_start.split:[ 50- 55]: *************.. (13)
INFO:gt864-friso2-two-block-schedule.gt864_cf5_pair_t1c1_slothy_start.split:[ 55- 61]: ************... (12)
INFO:gt864-friso2-two-block-schedule.gt864_cf5_pair_t1c1_slothy_start.split:[ 61- 66]: **********..... (10)
INFO:gt864-friso2-two-block-schedule.gt864_cf5_pair_t1c1_slothy_start.split:[ 66- 72]: *********...... (9)
INFO:gt864-friso2-two-block-schedule.gt864_cf5_pair_t1c1_slothy_start.split:[ 72- 78]: **********..... (10)
INFO:gt864-friso2-two-block-schedule.gt864_cf5_pair_t1c1_slothy_start.split:[ 78- 83]: ************... (12)
INFO:gt864-friso2-two-block-schedule.gt864_cf5_pair_t1c1_slothy_start.split:[ 83- 89]: *************.. (13)
INFO:gt864-friso2-two-block-schedule.gt864_cf5_pair_t1c1_slothy_start.split:[ 89- 94]: *************.. (13)
INFO:gt864-friso2-two-block-schedule.gt864_cf5_pair_t1c1_slothy_start.split:[ 94-100]: *************.. (13)
INFO:gt864-friso2-two-block-schedule.gt864_cf5_pair_t1c1_slothy_start.split:[100-106]: *************.. (13)
INFO:gt864-friso2-two-block-schedule.gt864_cf5_pair_t1c1_slothy_start.split:[106-111]: *************.. (13)
INFO:gt864-friso2-two-block-schedule.gt864_cf5_pair_t1c1_slothy_start.split:[111-117]: *************.. (13)
INFO:gt864-friso2-two-block-schedule.gt864_cf5_pair_t1c1_slothy_start.split:[117-122]: ************... (12)
INFO:gt864-friso2-two-block-schedule.gt864_cf5_pair_t1c1_slothy_start.split:[122-128]: *************.. (13)
INFO:gt864-friso2-two-block-schedule.gt864_cf5_pair_t1c1_slothy_start.split:[128-133]: ************... (12)
INFO:gt864-friso2-two-block-schedule.gt864_cf5_pair_t1c1_slothy_start.split:[133-139]: ************... (12)
INFO:gt864-friso2-two-block-schedule.gt864_cf5_pair_t1c1_slothy_start.split:[139-145]: ***********.... (11)
INFO:gt864-friso2-two-block-schedule.gt864_cf5_pair_t1c1_slothy_start.split:[145-150]: ***********.... (11)
INFO:gt864-friso2-two-block-schedule.gt864_cf5_pair_t1c1_slothy_start.split:[150-156]: ************... (12)
INFO:gt864-friso2-two-block-schedule.gt864_cf5_pair_t1c1_slothy_start.split:[156-161]: *************.. (13)
INFO:gt864-friso2-two-block-schedule.gt864_cf5_pair_t1c1_slothy_start.split:[161-167]: ************... (12)
INFO:gt864-friso2-two-block-schedule.gt864_cf5_pair_t1c1_slothy_start.split:[167-172]: *************.. (13)
INFO:gt864-friso2-two-block-schedule.gt864_cf5_pair_t1c1_slothy_start.split:[172-178]: ************... (12)
INFO:gt864-friso2-two-block-schedule.gt864_cf5_pair_t1c1_slothy_start.split:[178-184]: **************. (14)
INFO:gt864-friso2-two-block-schedule.gt864_cf5_pair_t1c1_slothy_start.split:[184-189]: *************** (15)
INFO:gt864-friso2-two-block-schedule.gt864_cf5_pair_t1c1_slothy_start.split:[189-195]: **************. (14)
INFO:gt864-friso2-two-block-schedule.gt864_cf5_pair_t1c1_slothy_start.split:[195-200]: *************.. (13)
INFO:gt864-friso2-two-block-schedule.gt864_cf5_pair_t1c1_slothy_start.split:[200-206]: ************... (12)
INFO:gt864-friso2-two-block-schedule.gt864_cf5_pair_t1c1_slothy_start.split:[206-212]: ***********.... (11)
INFO:gt864-friso2-two-block-schedule.gt864_cf5_pair_t1c1_slothy_start.split:[212-217]: ************... (12)
INFO:gt864-friso2-two-block-schedule.gt864_cf5_pair_t1c1_slothy_start.split:[217-223]: ************... (12)
INFO:gt864-friso2-two-block-schedule.gt864_cf5_pair_t1c1_slothy_start.split:[223-228]: *************.. (13)
INFO:gt864-friso2-two-block-schedule.gt864_cf5_pair_t1c1_slothy_start.split:[228-234]: *************.. (13)
INFO:gt864-friso2-two-block-schedule.gt864_cf5_pair_t1c1_slothy_start.split:[234-239]: **************. (14)
INFO:gt864-friso2-two-block-schedule.gt864_cf5_pair_t1c1_slothy_start.split:[239-245]: **************. (14)
INFO:gt864-friso2-two-block-schedule.gt864_cf5_pair_t1c1_slothy_start.split:[245-251]: **************. (14)
INFO:gt864-friso2-two-block-schedule.gt864_cf5_pair_t1c1_slothy_start.split:[251-256]: *************.. (13)
INFO:gt864-friso2-two-block-schedule.gt864_cf5_pair_t1c1_slothy_start.split:[256-262]: ************... (12)
INFO:gt864-friso2-two-block-schedule.gt864_cf5_pair_t1c1_slothy_start.split:[262-267]: ************... (12)
INFO:gt864-friso2-two-block-schedule.gt864_cf5_pair_t1c1_slothy_start.split:[267-273]: *************.. (13)
INFO:gt864-friso2-two-block-schedule.gt864_cf5_pair_t1c1_slothy_start.split:[273-279]: *********...... (9)
INFO:gt864-friso2-two-block-schedule.gt864_cf5_pair_t1c1_slothy_start.split.195_213:Perform internal binary search for minimal number of stalls...
INFO:gt864-friso2-two-block-schedule.gt864_cf5_pair_t1c1_slothy_start.split.195_213:Attempt optimization with max 256 stalls...
INFO:gt864-friso2-two-block-schedule.gt864_cf5_pair_t1c1_slothy_start.split.195_213:Setting timeout of 1800 seconds...
INFO:gt864-friso2-two-block-schedule.gt864_cf5_pair_t1c1_slothy_start.split.195_213:Objective: minimize cycles
INFO:gt864-friso2-two-block-schedule.gt864_cf5_pair_t1c1_slothy_start.split.195_213:Invoking external constraint solver (OR-Tools CP-SAT v9.15.6755) ...
INFO:gt864-friso2-two-block-schedule.gt864_cf5_pair_t1c1_slothy_start.split.195_213:[0.1605s]: Found 1 solutions so far... objective (minimize cycles): currently  (Cycles ~ 18.0, IPC ~ 1.00), bound  (Cycles ~ 13.0, IPC ~ 1.38)
INFO:gt864-friso2-two-block-schedule.gt864_cf5_pair_t1c1_slothy_start.split.195_213:[0.1663s]: Found 2 solutions so far... objective (minimize cycles): currently  (Cycles ~ 17.0, IPC ~ 1.06), bound  (Cycles ~ 13.0, IPC ~ 1.38)
INFO:gt864-friso2-two-block-schedule.gt864_cf5_pair_t1c1_slothy_start.split.195_213:[0.1831s]: Found 3 solutions so far... objective (minimize cycles): currently  (Cycles ~ 16.0, IPC ~ 1.12), bound  (Cycles ~ 14.0, IPC ~ 1.29)
INFO:gt864-friso2-two-block-schedule.gt864_cf5_pair_t1c1_slothy_start.split.195_213:[0.1932s]: Found 4 solutions so far... objective (minimize cycles): currently  (Cycles ~ 15.0, IPC ~ 1.20), bound  (Cycles ~ 14.0, IPC ~ 1.29)
INFO:gt864-friso2-two-block-schedule.gt864_cf5_pair_t1c1_slothy_start.split.195_213:[0.1985s]: Found 5 solutions so far... objective (minimize cycles): currently  (Cycles ~ 14.0, IPC ~ 1.29), bound  (Cycles ~ 14.0, IPC ~ 1.29)
INFO:gt864-friso2-two-block-schedule.gt864_cf5_pair_t1c1_slothy_start.split.195_213:Closer than 0 stalls to theoretical optimum... stop
INFO:gt864-friso2-two-block-schedule.gt864_cf5_pair_t1c1_slothy_start.split.195_213:OPTIMAL, wall time: 0.215374 s
INFO:gt864-friso2-two-block-schedule.gt864_cf5_pair_t1c1_slothy_start.split.195_213:Booleans in result: 108
INFO:gt864-friso2-two-block-schedule.gt864_cf5_pair_t1c1_slothy_start.split.195_213.selfcheck:OK!
INFO:gt864-friso2-two-block-schedule.gt864_cf5_pair_t1c1_slothy_start.split.195_213:Minimum number of stalls: 9
INFO:gt864-friso2-two-block-schedule.gt864_cf5_pair_t1c1_slothy_start.split:[  0-  5]: *******........ (7)
INFO:gt864-friso2-two-block-schedule.gt864_cf5_pair_t1c1_slothy_start.split:[  5- 11]: **********..... (10)
INFO:gt864-friso2-two-block-schedule.gt864_cf5_pair_t1c1_slothy_start.split:[ 11- 16]: ************... (12)
INFO:gt864-friso2-two-block-schedule.gt864_cf5_pair_t1c1_slothy_start.split:[ 16- 22]: ************... (12)
INFO:gt864-friso2-two-block-schedule.gt864_cf5_pair_t1c1_slothy_start.split:[ 22- 27]: ***********.... (11)
INFO:gt864-friso2-two-block-schedule.gt864_cf5_pair_t1c1_slothy_start.split:[ 27- 33]: ************... (12)
INFO:gt864-friso2-two-block-schedule.gt864_cf5_pair_t1c1_slothy_start.split:[ 33- 39]: ************... (12)
INFO:gt864-friso2-two-block-schedule.gt864_cf5_pair_t1c1_slothy_start.split:[ 39- 44]: *************.. (13)
INFO:gt864-friso2-two-block-schedule.gt864_cf5_pair_t1c1_slothy_start.split:[ 44- 50]: **************. (14)
INFO:gt864-friso2-two-block-schedule.gt864_cf5_pair_t1c1_slothy_start.split:[ 50- 55]: *************.. (13)
INFO:gt864-friso2-two-block-schedule.gt864_cf5_pair_t1c1_slothy_start.split:[ 55- 61]: ************... (12)
INFO:gt864-friso2-two-block-schedule.gt864_cf5_pair_t1c1_slothy_start.split:[ 61- 66]: **********..... (10)
INFO:gt864-friso2-two-block-schedule.gt864_cf5_pair_t1c1_slothy_start.split:[ 66- 72]: *********...... (9)
INFO:gt864-friso2-two-block-schedule.gt864_cf5_pair_t1c1_slothy_start.split:[ 72- 78]: **********..... (10)
INFO:gt864-friso2-two-block-schedule.gt864_cf5_pair_t1c1_slothy_start.split:[ 78- 83]: ************... (12)
INFO:gt864-friso2-two-block-schedule.gt864_cf5_pair_t1c1_slothy_start.split:[ 83- 89]: *************.. (13)
INFO:gt864-friso2-two-block-schedule.gt864_cf5_pair_t1c1_slothy_start.split:[ 89- 94]: *************.. (13)
INFO:gt864-friso2-two-block-schedule.gt864_cf5_pair_t1c1_slothy_start.split:[ 94-100]: *************.. (13)
INFO:gt864-friso2-two-block-schedule.gt864_cf5_pair_t1c1_slothy_start.split:[100-106]: *************.. (13)
INFO:gt864-friso2-two-block-schedule.gt864_cf5_pair_t1c1_slothy_start.split:[106-111]: *************.. (13)
INFO:gt864-friso2-two-block-schedule.gt864_cf5_pair_t1c1_slothy_start.split:[111-117]: *************.. (13)
INFO:gt864-friso2-two-block-schedule.gt864_cf5_pair_t1c1_slothy_start.split:[117-122]: ************... (12)
INFO:gt864-friso2-two-block-schedule.gt864_cf5_pair_t1c1_slothy_start.split:[122-128]: *************.. (13)
INFO:gt864-friso2-two-block-schedule.gt864_cf5_pair_t1c1_slothy_start.split:[128-133]: ************... (12)
INFO:gt864-friso2-two-block-schedule.gt864_cf5_pair_t1c1_slothy_start.split:[133-139]: ************... (12)
INFO:gt864-friso2-two-block-schedule.gt864_cf5_pair_t1c1_slothy_start.split:[139-145]: ***********.... (11)
INFO:gt864-friso2-two-block-schedule.gt864_cf5_pair_t1c1_slothy_start.split:[145-150]: ***********.... (11)
INFO:gt864-friso2-two-block-schedule.gt864_cf5_pair_t1c1_slothy_start.split:[150-156]: ************... (12)
INFO:gt864-friso2-two-block-schedule.gt864_cf5_pair_t1c1_slothy_start.split:[156-161]: *************.. (13)
INFO:gt864-friso2-two-block-schedule.gt864_cf5_pair_t1c1_slothy_start.split:[161-167]: ************... (12)
INFO:gt864-friso2-two-block-schedule.gt864_cf5_pair_t1c1_slothy_start.split:[167-172]: *************.. (13)
INFO:gt864-friso2-two-block-schedule.gt864_cf5_pair_t1c1_slothy_start.split:[172-178]: ************... (12)
INFO:gt864-friso2-two-block-schedule.gt864_cf5_pair_t1c1_slothy_start.split:[178-184]: **************. (14)
INFO:gt864-friso2-two-block-schedule.gt864_cf5_pair_t1c1_slothy_start.split:[184-189]: **************. (14)
INFO:gt864-friso2-two-block-schedule.gt864_cf5_pair_t1c1_slothy_start.split:[189-195]: **************. (14)
INFO:gt864-friso2-two-block-schedule.gt864_cf5_pair_t1c1_slothy_start.split:[195-200]: *************.. (13)
INFO:gt864-friso2-two-block-schedule.gt864_cf5_pair_t1c1_slothy_start.split:[200-206]: ***********.... (11)
INFO:gt864-friso2-two-block-schedule.gt864_cf5_pair_t1c1_slothy_start.split:[206-212]: **********..... (10)
INFO:gt864-friso2-two-block-schedule.gt864_cf5_pair_t1c1_slothy_start.split:[212-217]: ***********.... (11)
INFO:gt864-friso2-two-block-schedule.gt864_cf5_pair_t1c1_slothy_start.split:[217-223]: ************... (12)
INFO:gt864-friso2-two-block-schedule.gt864_cf5_pair_t1c1_slothy_start.split:[223-228]: *************.. (13)
INFO:gt864-friso2-two-block-schedule.gt864_cf5_pair_t1c1_slothy_start.split:[228-234]: *************.. (13)
INFO:gt864-friso2-two-block-schedule.gt864_cf5_pair_t1c1_slothy_start.split:[234-239]: **************. (14)
INFO:gt864-friso2-two-block-schedule.gt864_cf5_pair_t1c1_slothy_start.split:[239-245]: **************. (14)
INFO:gt864-friso2-two-block-schedule.gt864_cf5_pair_t1c1_slothy_start.split:[245-251]: **************. (14)
INFO:gt864-friso2-two-block-schedule.gt864_cf5_pair_t1c1_slothy_start.split:[251-256]: *************.. (13)
INFO:gt864-friso2-two-block-schedule.gt864_cf5_pair_t1c1_slothy_start.split:[256-262]: ************... (12)
INFO:gt864-friso2-two-block-schedule.gt864_cf5_pair_t1c1_slothy_start.split:[262-267]: ************... (12)
INFO:gt864-friso2-two-block-schedule.gt864_cf5_pair_t1c1_slothy_start.split:[267-273]: *************.. (13)
INFO:gt864-friso2-two-block-schedule.gt864_cf5_pair_t1c1_slothy_start.split:[273-279]: *********...... (9)
INFO:gt864-friso2-two-block-schedule.gt864_cf5_pair_t1c1_slothy_start.split.209_227:Perform internal binary search for minimal number of stalls...
INFO:gt864-friso2-two-block-schedule.gt864_cf5_pair_t1c1_slothy_start.split.209_227:Attempt optimization with max 256 stalls...
INFO:gt864-friso2-two-block-schedule.gt864_cf5_pair_t1c1_slothy_start.split.209_227:Setting timeout of 1800 seconds...
INFO:gt864-friso2-two-block-schedule.gt864_cf5_pair_t1c1_slothy_start.split.209_227:Objective: minimize cycles
INFO:gt864-friso2-two-block-schedule.gt864_cf5_pair_t1c1_slothy_start.split.209_227:Invoking external constraint solver (OR-Tools CP-SAT v9.15.6755) ...
INFO:gt864-friso2-two-block-schedule.gt864_cf5_pair_t1c1_slothy_start.split.209_227:[0.1889s]: Found 1 solutions so far... objective (minimize cycles): currently  (Cycles ~ 25.0, IPC ~ 0.72), bound  (Cycles ~ 20.0, IPC ~ 0.90)
INFO:gt864-friso2-two-block-schedule.gt864_cf5_pair_t1c1_slothy_start.split.209_227:[0.1909s]: Found 2 solutions so far... objective (minimize cycles): currently  (Cycles ~ 23.0, IPC ~ 0.78), bound  (Cycles ~ 20.0, IPC ~ 0.90)
INFO:gt864-friso2-two-block-schedule.gt864_cf5_pair_t1c1_slothy_start.split.209_227:[0.1937s]: Found 3 solutions so far... objective (minimize cycles): currently  (Cycles ~ 22.0, IPC ~ 0.82), bound  (Cycles ~ 20.0, IPC ~ 0.90)
INFO:gt864-friso2-two-block-schedule.gt864_cf5_pair_t1c1_slothy_start.split.209_227:[0.1979s]: Found 4 solutions so far... objective (minimize cycles): currently  (Cycles ~ 21.0, IPC ~ 0.86), bound  (Cycles ~ 21.0, IPC ~ 0.86)
INFO:gt864-friso2-two-block-schedule.gt864_cf5_pair_t1c1_slothy_start.split.209_227:Closer than 0 stalls to theoretical optimum... stop
INFO:gt864-friso2-two-block-schedule.gt864_cf5_pair_t1c1_slothy_start.split.209_227:OPTIMAL, wall time: 0.211703 s
INFO:gt864-friso2-two-block-schedule.gt864_cf5_pair_t1c1_slothy_start.split.209_227:Booleans in result: 126
INFO:gt864-friso2-two-block-schedule.gt864_cf5_pair_t1c1_slothy_start.split.209_227.selfcheck:OK!
INFO:gt864-friso2-two-block-schedule.gt864_cf5_pair_t1c1_slothy_start.split.209_227:Minimum number of stalls: 16
INFO:gt864-friso2-two-block-schedule.gt864_cf5_pair_t1c1_slothy_start.split:[  0-  5]: *******......... (7)
INFO:gt864-friso2-two-block-schedule.gt864_cf5_pair_t1c1_slothy_start.split:[  5- 11]: **********...... (10)
INFO:gt864-friso2-two-block-schedule.gt864_cf5_pair_t1c1_slothy_start.split:[ 11- 16]: ************.... (12)
INFO:gt864-friso2-two-block-schedule.gt864_cf5_pair_t1c1_slothy_start.split:[ 16- 22]: ************.... (12)
INFO:gt864-friso2-two-block-schedule.gt864_cf5_pair_t1c1_slothy_start.split:[ 22- 27]: ***********..... (11)
INFO:gt864-friso2-two-block-schedule.gt864_cf5_pair_t1c1_slothy_start.split:[ 27- 33]: ************.... (12)
INFO:gt864-friso2-two-block-schedule.gt864_cf5_pair_t1c1_slothy_start.split:[ 33- 39]: ************.... (12)
INFO:gt864-friso2-two-block-schedule.gt864_cf5_pair_t1c1_slothy_start.split:[ 39- 44]: *************... (13)
INFO:gt864-friso2-two-block-schedule.gt864_cf5_pair_t1c1_slothy_start.split:[ 44- 50]: **************.. (14)
INFO:gt864-friso2-two-block-schedule.gt864_cf5_pair_t1c1_slothy_start.split:[ 50- 55]: *************... (13)
INFO:gt864-friso2-two-block-schedule.gt864_cf5_pair_t1c1_slothy_start.split:[ 55- 61]: ************.... (12)
INFO:gt864-friso2-two-block-schedule.gt864_cf5_pair_t1c1_slothy_start.split:[ 61- 66]: **********...... (10)
INFO:gt864-friso2-two-block-schedule.gt864_cf5_pair_t1c1_slothy_start.split:[ 66- 72]: *********....... (9)
INFO:gt864-friso2-two-block-schedule.gt864_cf5_pair_t1c1_slothy_start.split:[ 72- 78]: **********...... (10)
INFO:gt864-friso2-two-block-schedule.gt864_cf5_pair_t1c1_slothy_start.split:[ 78- 83]: ************.... (12)
INFO:gt864-friso2-two-block-schedule.gt864_cf5_pair_t1c1_slothy_start.split:[ 83- 89]: *************... (13)
INFO:gt864-friso2-two-block-schedule.gt864_cf5_pair_t1c1_slothy_start.split:[ 89- 94]: *************... (13)
INFO:gt864-friso2-two-block-schedule.gt864_cf5_pair_t1c1_slothy_start.split:[ 94-100]: *************... (13)
INFO:gt864-friso2-two-block-schedule.gt864_cf5_pair_t1c1_slothy_start.split:[100-106]: *************... (13)
INFO:gt864-friso2-two-block-schedule.gt864_cf5_pair_t1c1_slothy_start.split:[106-111]: *************... (13)
INFO:gt864-friso2-two-block-schedule.gt864_cf5_pair_t1c1_slothy_start.split:[111-117]: *************... (13)
INFO:gt864-friso2-two-block-schedule.gt864_cf5_pair_t1c1_slothy_start.split:[117-122]: ************.... (12)
INFO:gt864-friso2-two-block-schedule.gt864_cf5_pair_t1c1_slothy_start.split:[122-128]: *************... (13)
INFO:gt864-friso2-two-block-schedule.gt864_cf5_pair_t1c1_slothy_start.split:[128-133]: ************.... (12)
INFO:gt864-friso2-two-block-schedule.gt864_cf5_pair_t1c1_slothy_start.split:[133-139]: ************.... (12)
INFO:gt864-friso2-two-block-schedule.gt864_cf5_pair_t1c1_slothy_start.split:[139-145]: ***********..... (11)
INFO:gt864-friso2-two-block-schedule.gt864_cf5_pair_t1c1_slothy_start.split:[145-150]: ***********..... (11)
INFO:gt864-friso2-two-block-schedule.gt864_cf5_pair_t1c1_slothy_start.split:[150-156]: ************.... (12)
INFO:gt864-friso2-two-block-schedule.gt864_cf5_pair_t1c1_slothy_start.split:[156-161]: *************... (13)
INFO:gt864-friso2-two-block-schedule.gt864_cf5_pair_t1c1_slothy_start.split:[161-167]: ************.... (12)
INFO:gt864-friso2-two-block-schedule.gt864_cf5_pair_t1c1_slothy_start.split:[167-172]: *************... (13)
INFO:gt864-friso2-two-block-schedule.gt864_cf5_pair_t1c1_slothy_start.split:[172-178]: ************.... (12)
INFO:gt864-friso2-two-block-schedule.gt864_cf5_pair_t1c1_slothy_start.split:[178-184]: **************.. (14)
INFO:gt864-friso2-two-block-schedule.gt864_cf5_pair_t1c1_slothy_start.split:[184-189]: **************.. (14)
INFO:gt864-friso2-two-block-schedule.gt864_cf5_pair_t1c1_slothy_start.split:[189-195]: **************.. (14)
INFO:gt864-friso2-two-block-schedule.gt864_cf5_pair_t1c1_slothy_start.split:[195-200]: *************... (13)
INFO:gt864-friso2-two-block-schedule.gt864_cf5_pair_t1c1_slothy_start.split:[200-206]: **********...... (10)
INFO:gt864-friso2-two-block-schedule.gt864_cf5_pair_t1c1_slothy_start.split:[206-212]: **********...... (10)
INFO:gt864-friso2-two-block-schedule.gt864_cf5_pair_t1c1_slothy_start.split:[212-217]: ************.... (12)
INFO:gt864-friso2-two-block-schedule.gt864_cf5_pair_t1c1_slothy_start.split:[217-223]: ***************. (15)
INFO:gt864-friso2-two-block-schedule.gt864_cf5_pair_t1c1_slothy_start.split:[223-228]: ***************. (15)
INFO:gt864-friso2-two-block-schedule.gt864_cf5_pair_t1c1_slothy_start.split:[228-234]: **************.. (14)
INFO:gt864-friso2-two-block-schedule.gt864_cf5_pair_t1c1_slothy_start.split:[234-239]: **************.. (14)
INFO:gt864-friso2-two-block-schedule.gt864_cf5_pair_t1c1_slothy_start.split:[239-245]: **************.. (14)
INFO:gt864-friso2-two-block-schedule.gt864_cf5_pair_t1c1_slothy_start.split:[245-251]: **************.. (14)
INFO:gt864-friso2-two-block-schedule.gt864_cf5_pair_t1c1_slothy_start.split:[251-256]: *************... (13)
INFO:gt864-friso2-two-block-schedule.gt864_cf5_pair_t1c1_slothy_start.split:[256-262]: ************.... (12)
INFO:gt864-friso2-two-block-schedule.gt864_cf5_pair_t1c1_slothy_start.split:[262-267]: ************.... (12)
INFO:gt864-friso2-two-block-schedule.gt864_cf5_pair_t1c1_slothy_start.split:[267-273]: *************... (13)
INFO:gt864-friso2-two-block-schedule.gt864_cf5_pair_t1c1_slothy_start.split:[273-279]: *********....... (9)
INFO:gt864-friso2-two-block-schedule.gt864_cf5_pair_t1c1_slothy_start.split.223_241:Perform internal binary search for minimal number of stalls...
INFO:gt864-friso2-two-block-schedule.gt864_cf5_pair_t1c1_slothy_start.split.223_241:Attempt optimization with max 256 stalls...
INFO:gt864-friso2-two-block-schedule.gt864_cf5_pair_t1c1_slothy_start.split.223_241:Setting timeout of 1800 seconds...
INFO:gt864-friso2-two-block-schedule.gt864_cf5_pair_t1c1_slothy_start.split.223_241:Objective: minimize cycles
INFO:gt864-friso2-two-block-schedule.gt864_cf5_pair_t1c1_slothy_start.split.223_241:Invoking external constraint solver (OR-Tools CP-SAT v9.15.6755) ...
INFO:gt864-friso2-two-block-schedule.gt864_cf5_pair_t1c1_slothy_start.split.223_241:[0.1255s]: Found 1 solutions so far... objective (minimize cycles): currently  (Cycles ~ 32.0, IPC ~ 0.56), bound  (Cycles ~ 20.0, IPC ~ 0.90)
INFO:gt864-friso2-two-block-schedule.gt864_cf5_pair_t1c1_slothy_start.split.223_241:[0.1287s]: Found 2 solutions so far... objective (minimize cycles): currently  (Cycles ~ 30.0, IPC ~ 0.60), bound  (Cycles ~ 20.0, IPC ~ 0.90)
INFO:gt864-friso2-two-block-schedule.gt864_cf5_pair_t1c1_slothy_start.split.223_241:[0.1335s]: Found 3 solutions so far... objective (minimize cycles): currently  (Cycles ~ 29.0, IPC ~ 0.62), bound  (Cycles ~ 22.0, IPC ~ 0.82)
INFO:gt864-friso2-two-block-schedule.gt864_cf5_pair_t1c1_slothy_start.split.223_241:[0.1357s]: Found 4 solutions so far... objective (minimize cycles): currently  (Cycles ~ 28.0, IPC ~ 0.64), bound  (Cycles ~ 22.0, IPC ~ 0.82)
INFO:gt864-friso2-two-block-schedule.gt864_cf5_pair_t1c1_slothy_start.split.223_241:[0.1377s]: Found 5 solutions so far... objective (minimize cycles): currently  (Cycles ~ 27.0, IPC ~ 0.67), bound  (Cycles ~ 22.0, IPC ~ 0.82)
INFO:gt864-friso2-two-block-schedule.gt864_cf5_pair_t1c1_slothy_start.split.223_241:[0.1432s]: Found 6 solutions so far... objective (minimize cycles): currently  (Cycles ~ 26.0, IPC ~ 0.69), bound  (Cycles ~ 22.0, IPC ~ 0.82)
INFO:gt864-friso2-two-block-schedule.gt864_cf5_pair_t1c1_slothy_start.split.223_241:[0.1469s]: Found 7 solutions so far... objective (minimize cycles): currently  (Cycles ~ 25.0, IPC ~ 0.72), bound  (Cycles ~ 22.0, IPC ~ 0.82)
INFO:gt864-friso2-two-block-schedule.gt864_cf5_pair_t1c1_slothy_start.split.223_241:[0.1515s]: Found 8 solutions so far... objective (minimize cycles): currently  (Cycles ~ 24.0, IPC ~ 0.75), bound  (Cycles ~ 22.0, IPC ~ 0.82)
INFO:gt864-friso2-two-block-schedule.gt864_cf5_pair_t1c1_slothy_start.split.223_241:[0.1773s]: Found 9 solutions so far... objective (minimize cycles): currently  (Cycles ~ 23.0, IPC ~ 0.78), bound  (Cycles ~ 23.0, IPC ~ 0.78)
INFO:gt864-friso2-two-block-schedule.gt864_cf5_pair_t1c1_slothy_start.split.223_241:Closer than 0 stalls to theoretical optimum... stop
INFO:gt864-friso2-two-block-schedule.gt864_cf5_pair_t1c1_slothy_start.split.223_241:OPTIMAL, wall time: 0.192504 s
INFO:gt864-friso2-two-block-schedule.gt864_cf5_pair_t1c1_slothy_start.split.223_241:Booleans in result: 120
INFO:gt864-friso2-two-block-schedule.gt864_cf5_pair_t1c1_slothy_start.split.223_241.selfcheck:OK!
INFO:gt864-friso2-two-block-schedule.gt864_cf5_pair_t1c1_slothy_start.split.223_241:Minimum number of stalls: 18
INFO:gt864-friso2-two-block-schedule.gt864_cf5_pair_t1c1_slothy_start.split:[  0-  5]: *******......... (7)
INFO:gt864-friso2-two-block-schedule.gt864_cf5_pair_t1c1_slothy_start.split:[  5- 11]: **********...... (10)
INFO:gt864-friso2-two-block-schedule.gt864_cf5_pair_t1c1_slothy_start.split:[ 11- 16]: ************.... (12)
INFO:gt864-friso2-two-block-schedule.gt864_cf5_pair_t1c1_slothy_start.split:[ 16- 22]: ************.... (12)
INFO:gt864-friso2-two-block-schedule.gt864_cf5_pair_t1c1_slothy_start.split:[ 22- 27]: ***********..... (11)
INFO:gt864-friso2-two-block-schedule.gt864_cf5_pair_t1c1_slothy_start.split:[ 27- 33]: ************.... (12)
INFO:gt864-friso2-two-block-schedule.gt864_cf5_pair_t1c1_slothy_start.split:[ 33- 39]: ************.... (12)
INFO:gt864-friso2-two-block-schedule.gt864_cf5_pair_t1c1_slothy_start.split:[ 39- 44]: *************... (13)
INFO:gt864-friso2-two-block-schedule.gt864_cf5_pair_t1c1_slothy_start.split:[ 44- 50]: **************.. (14)
INFO:gt864-friso2-two-block-schedule.gt864_cf5_pair_t1c1_slothy_start.split:[ 50- 55]: *************... (13)
INFO:gt864-friso2-two-block-schedule.gt864_cf5_pair_t1c1_slothy_start.split:[ 55- 61]: ************.... (12)
INFO:gt864-friso2-two-block-schedule.gt864_cf5_pair_t1c1_slothy_start.split:[ 61- 66]: **********...... (10)
INFO:gt864-friso2-two-block-schedule.gt864_cf5_pair_t1c1_slothy_start.split:[ 66- 72]: *********....... (9)
INFO:gt864-friso2-two-block-schedule.gt864_cf5_pair_t1c1_slothy_start.split:[ 72- 78]: **********...... (10)
INFO:gt864-friso2-two-block-schedule.gt864_cf5_pair_t1c1_slothy_start.split:[ 78- 83]: ************.... (12)
INFO:gt864-friso2-two-block-schedule.gt864_cf5_pair_t1c1_slothy_start.split:[ 83- 89]: *************... (13)
INFO:gt864-friso2-two-block-schedule.gt864_cf5_pair_t1c1_slothy_start.split:[ 89- 94]: *************... (13)
INFO:gt864-friso2-two-block-schedule.gt864_cf5_pair_t1c1_slothy_start.split:[ 94-100]: *************... (13)
INFO:gt864-friso2-two-block-schedule.gt864_cf5_pair_t1c1_slothy_start.split:[100-106]: *************... (13)
INFO:gt864-friso2-two-block-schedule.gt864_cf5_pair_t1c1_slothy_start.split:[106-111]: *************... (13)
INFO:gt864-friso2-two-block-schedule.gt864_cf5_pair_t1c1_slothy_start.split:[111-117]: *************... (13)
INFO:gt864-friso2-two-block-schedule.gt864_cf5_pair_t1c1_slothy_start.split:[117-122]: ************.... (12)
INFO:gt864-friso2-two-block-schedule.gt864_cf5_pair_t1c1_slothy_start.split:[122-128]: *************... (13)
INFO:gt864-friso2-two-block-schedule.gt864_cf5_pair_t1c1_slothy_start.split:[128-133]: ************.... (12)
INFO:gt864-friso2-two-block-schedule.gt864_cf5_pair_t1c1_slothy_start.split:[133-139]: ************.... (12)
INFO:gt864-friso2-two-block-schedule.gt864_cf5_pair_t1c1_slothy_start.split:[139-145]: ***********..... (11)
INFO:gt864-friso2-two-block-schedule.gt864_cf5_pair_t1c1_slothy_start.split:[145-150]: ***********..... (11)
INFO:gt864-friso2-two-block-schedule.gt864_cf5_pair_t1c1_slothy_start.split:[150-156]: ************.... (12)
INFO:gt864-friso2-two-block-schedule.gt864_cf5_pair_t1c1_slothy_start.split:[156-161]: *************... (13)
INFO:gt864-friso2-two-block-schedule.gt864_cf5_pair_t1c1_slothy_start.split:[161-167]: ************.... (12)
INFO:gt864-friso2-two-block-schedule.gt864_cf5_pair_t1c1_slothy_start.split:[167-172]: *************... (13)
INFO:gt864-friso2-two-block-schedule.gt864_cf5_pair_t1c1_slothy_start.split:[172-178]: ************.... (12)
INFO:gt864-friso2-two-block-schedule.gt864_cf5_pair_t1c1_slothy_start.split:[178-184]: **************.. (14)
INFO:gt864-friso2-two-block-schedule.gt864_cf5_pair_t1c1_slothy_start.split:[184-189]: **************.. (14)
INFO:gt864-friso2-two-block-schedule.gt864_cf5_pair_t1c1_slothy_start.split:[189-195]: **************.. (14)
INFO:gt864-friso2-two-block-schedule.gt864_cf5_pair_t1c1_slothy_start.split:[195-200]: *************... (13)
INFO:gt864-friso2-two-block-schedule.gt864_cf5_pair_t1c1_slothy_start.split:[200-206]: **********...... (10)
INFO:gt864-friso2-two-block-schedule.gt864_cf5_pair_t1c1_slothy_start.split:[206-212]: **********...... (10)
INFO:gt864-friso2-two-block-schedule.gt864_cf5_pair_t1c1_slothy_start.split:[212-217]: ************.... (12)
INFO:gt864-friso2-two-block-schedule.gt864_cf5_pair_t1c1_slothy_start.split:[217-223]: *************... (13)
INFO:gt864-friso2-two-block-schedule.gt864_cf5_pair_t1c1_slothy_start.split:[223-228]: **************.. (14)
INFO:gt864-friso2-two-block-schedule.gt864_cf5_pair_t1c1_slothy_start.split:[228-234]: **************.. (14)
INFO:gt864-friso2-two-block-schedule.gt864_cf5_pair_t1c1_slothy_start.split:[234-239]: ***************. (15)
INFO:gt864-friso2-two-block-schedule.gt864_cf5_pair_t1c1_slothy_start.split:[239-245]: ***************. (15)
INFO:gt864-friso2-two-block-schedule.gt864_cf5_pair_t1c1_slothy_start.split:[245-251]: **************.. (14)
INFO:gt864-friso2-two-block-schedule.gt864_cf5_pair_t1c1_slothy_start.split:[251-256]: *************... (13)
INFO:gt864-friso2-two-block-schedule.gt864_cf5_pair_t1c1_slothy_start.split:[256-262]: ************.... (12)
INFO:gt864-friso2-two-block-schedule.gt864_cf5_pair_t1c1_slothy_start.split:[262-267]: ************.... (12)
INFO:gt864-friso2-two-block-schedule.gt864_cf5_pair_t1c1_slothy_start.split:[267-273]: *************... (13)
INFO:gt864-friso2-two-block-schedule.gt864_cf5_pair_t1c1_slothy_start.split:[273-279]: *********....... (9)
INFO:gt864-friso2-two-block-schedule.gt864_cf5_pair_t1c1_slothy_start.split.237_255:Perform internal binary search for minimal number of stalls...
INFO:gt864-friso2-two-block-schedule.gt864_cf5_pair_t1c1_slothy_start.split.237_255:Attempt optimization with max 256 stalls...
INFO:gt864-friso2-two-block-schedule.gt864_cf5_pair_t1c1_slothy_start.split.237_255:Setting timeout of 1800 seconds...
INFO:gt864-friso2-two-block-schedule.gt864_cf5_pair_t1c1_slothy_start.split.237_255:Objective: minimize cycles
INFO:gt864-friso2-two-block-schedule.gt864_cf5_pair_t1c1_slothy_start.split.237_255:Invoking external constraint solver (OR-Tools CP-SAT v9.15.6755) ...
INFO:gt864-friso2-two-block-schedule.gt864_cf5_pair_t1c1_slothy_start.split.237_255:[0.1195s]: Found 1 solutions so far... objective (minimize cycles): currently  (Cycles ~ 33.0, IPC ~ 0.55), bound  (Cycles ~ 16.0, IPC ~ 1.12)
INFO:gt864-friso2-two-block-schedule.gt864_cf5_pair_t1c1_slothy_start.split.237_255:[0.1219s]: Found 2 solutions so far... objective (minimize cycles): currently  (Cycles ~ 31.0, IPC ~ 0.58), bound  (Cycles ~ 23.0, IPC ~ 0.78)
INFO:gt864-friso2-two-block-schedule.gt864_cf5_pair_t1c1_slothy_start.split.237_255:[0.1261s]: Found 3 solutions so far... objective (minimize cycles): currently  (Cycles ~ 30.0, IPC ~ 0.60), bound  (Cycles ~ 23.0, IPC ~ 0.78)
INFO:gt864-friso2-two-block-schedule.gt864_cf5_pair_t1c1_slothy_start.split.237_255:[0.1348s]: Found 4 solutions so far... objective (minimize cycles): currently  (Cycles ~ 29.0, IPC ~ 0.62), bound  (Cycles ~ 23.0, IPC ~ 0.78)
INFO:gt864-friso2-two-block-schedule.gt864_cf5_pair_t1c1_slothy_start.split.237_255:[0.1377s]: Found 5 solutions so far... objective (minimize cycles): currently  (Cycles ~ 28.0, IPC ~ 0.64), bound  (Cycles ~ 23.0, IPC ~ 0.78)
INFO:gt864-friso2-two-block-schedule.gt864_cf5_pair_t1c1_slothy_start.split.237_255:[0.1430s]: Found 6 solutions so far... objective (minimize cycles): currently  (Cycles ~ 27.0, IPC ~ 0.67), bound  (Cycles ~ 23.0, IPC ~ 0.78)
INFO:gt864-friso2-two-block-schedule.gt864_cf5_pair_t1c1_slothy_start.split.237_255:[0.1645s]: Found 7 solutions so far... objective (minimize cycles): currently  (Cycles ~ 26.0, IPC ~ 0.69), bound  (Cycles ~ 23.0, IPC ~ 0.78)
INFO:gt864-friso2-two-block-schedule.gt864_cf5_pair_t1c1_slothy_start.split.237_255:[0.1759s]: Found 8 solutions so far... objective (minimize cycles): currently  (Cycles ~ 25.0, IPC ~ 0.72), bound  (Cycles ~ 25.0, IPC ~ 0.72)
INFO:gt864-friso2-two-block-schedule.gt864_cf5_pair_t1c1_slothy_start.split.237_255:Closer than 0 stalls to theoretical optimum... stop
INFO:gt864-friso2-two-block-schedule.gt864_cf5_pair_t1c1_slothy_start.split.237_255:OPTIMAL, wall time: 0.198163 s
INFO:gt864-friso2-two-block-schedule.gt864_cf5_pair_t1c1_slothy_start.split.237_255:Booleans in result: 97
INFO:gt864-friso2-two-block-schedule.gt864_cf5_pair_t1c1_slothy_start.split.237_255.selfcheck:OK!
INFO:gt864-friso2-two-block-schedule.gt864_cf5_pair_t1c1_slothy_start.split.237_255:Minimum number of stalls: 20
INFO:gt864-friso2-two-block-schedule.gt864_cf5_pair_t1c1_slothy_start.split:[  0-  5]: *******......... (7)
INFO:gt864-friso2-two-block-schedule.gt864_cf5_pair_t1c1_slothy_start.split:[  5- 11]: **********...... (10)
INFO:gt864-friso2-two-block-schedule.gt864_cf5_pair_t1c1_slothy_start.split:[ 11- 16]: ************.... (12)
INFO:gt864-friso2-two-block-schedule.gt864_cf5_pair_t1c1_slothy_start.split:[ 16- 22]: ************.... (12)
INFO:gt864-friso2-two-block-schedule.gt864_cf5_pair_t1c1_slothy_start.split:[ 22- 27]: ***********..... (11)
INFO:gt864-friso2-two-block-schedule.gt864_cf5_pair_t1c1_slothy_start.split:[ 27- 33]: ************.... (12)
INFO:gt864-friso2-two-block-schedule.gt864_cf5_pair_t1c1_slothy_start.split:[ 33- 39]: ************.... (12)
INFO:gt864-friso2-two-block-schedule.gt864_cf5_pair_t1c1_slothy_start.split:[ 39- 44]: *************... (13)
INFO:gt864-friso2-two-block-schedule.gt864_cf5_pair_t1c1_slothy_start.split:[ 44- 50]: **************.. (14)
INFO:gt864-friso2-two-block-schedule.gt864_cf5_pair_t1c1_slothy_start.split:[ 50- 55]: *************... (13)
INFO:gt864-friso2-two-block-schedule.gt864_cf5_pair_t1c1_slothy_start.split:[ 55- 61]: ************.... (12)
INFO:gt864-friso2-two-block-schedule.gt864_cf5_pair_t1c1_slothy_start.split:[ 61- 66]: **********...... (10)
INFO:gt864-friso2-two-block-schedule.gt864_cf5_pair_t1c1_slothy_start.split:[ 66- 72]: *********....... (9)
INFO:gt864-friso2-two-block-schedule.gt864_cf5_pair_t1c1_slothy_start.split:[ 72- 78]: **********...... (10)
INFO:gt864-friso2-two-block-schedule.gt864_cf5_pair_t1c1_slothy_start.split:[ 78- 83]: ************.... (12)
INFO:gt864-friso2-two-block-schedule.gt864_cf5_pair_t1c1_slothy_start.split:[ 83- 89]: *************... (13)
INFO:gt864-friso2-two-block-schedule.gt864_cf5_pair_t1c1_slothy_start.split:[ 89- 94]: *************... (13)
INFO:gt864-friso2-two-block-schedule.gt864_cf5_pair_t1c1_slothy_start.split:[ 94-100]: *************... (13)
INFO:gt864-friso2-two-block-schedule.gt864_cf5_pair_t1c1_slothy_start.split:[100-106]: *************... (13)
INFO:gt864-friso2-two-block-schedule.gt864_cf5_pair_t1c1_slothy_start.split:[106-111]: *************... (13)
INFO:gt864-friso2-two-block-schedule.gt864_cf5_pair_t1c1_slothy_start.split:[111-117]: *************... (13)
INFO:gt864-friso2-two-block-schedule.gt864_cf5_pair_t1c1_slothy_start.split:[117-122]: ************.... (12)
INFO:gt864-friso2-two-block-schedule.gt864_cf5_pair_t1c1_slothy_start.split:[122-128]: *************... (13)
INFO:gt864-friso2-two-block-schedule.gt864_cf5_pair_t1c1_slothy_start.split:[128-133]: ************.... (12)
INFO:gt864-friso2-two-block-schedule.gt864_cf5_pair_t1c1_slothy_start.split:[133-139]: ************.... (12)
INFO:gt864-friso2-two-block-schedule.gt864_cf5_pair_t1c1_slothy_start.split:[139-145]: ***********..... (11)
INFO:gt864-friso2-two-block-schedule.gt864_cf5_pair_t1c1_slothy_start.split:[145-150]: ***********..... (11)
INFO:gt864-friso2-two-block-schedule.gt864_cf5_pair_t1c1_slothy_start.split:[150-156]: ************.... (12)
INFO:gt864-friso2-two-block-schedule.gt864_cf5_pair_t1c1_slothy_start.split:[156-161]: *************... (13)
INFO:gt864-friso2-two-block-schedule.gt864_cf5_pair_t1c1_slothy_start.split:[161-167]: ************.... (12)
INFO:gt864-friso2-two-block-schedule.gt864_cf5_pair_t1c1_slothy_start.split:[167-172]: *************... (13)
INFO:gt864-friso2-two-block-schedule.gt864_cf5_pair_t1c1_slothy_start.split:[172-178]: ************.... (12)
INFO:gt864-friso2-two-block-schedule.gt864_cf5_pair_t1c1_slothy_start.split:[178-184]: **************.. (14)
INFO:gt864-friso2-two-block-schedule.gt864_cf5_pair_t1c1_slothy_start.split:[184-189]: **************.. (14)
INFO:gt864-friso2-two-block-schedule.gt864_cf5_pair_t1c1_slothy_start.split:[189-195]: **************.. (14)
INFO:gt864-friso2-two-block-schedule.gt864_cf5_pair_t1c1_slothy_start.split:[195-200]: *************... (13)
INFO:gt864-friso2-two-block-schedule.gt864_cf5_pair_t1c1_slothy_start.split:[200-206]: **********...... (10)
INFO:gt864-friso2-two-block-schedule.gt864_cf5_pair_t1c1_slothy_start.split:[206-212]: **********...... (10)
INFO:gt864-friso2-two-block-schedule.gt864_cf5_pair_t1c1_slothy_start.split:[212-217]: ************.... (12)
INFO:gt864-friso2-two-block-schedule.gt864_cf5_pair_t1c1_slothy_start.split:[217-223]: *************... (13)
INFO:gt864-friso2-two-block-schedule.gt864_cf5_pair_t1c1_slothy_start.split:[223-228]: **************.. (14)
INFO:gt864-friso2-two-block-schedule.gt864_cf5_pair_t1c1_slothy_start.split:[228-234]: *************... (13)
INFO:gt864-friso2-two-block-schedule.gt864_cf5_pair_t1c1_slothy_start.split:[234-239]: *************... (13)
INFO:gt864-friso2-two-block-schedule.gt864_cf5_pair_t1c1_slothy_start.split:[239-245]: **************.. (14)
INFO:gt864-friso2-two-block-schedule.gt864_cf5_pair_t1c1_slothy_start.split:[245-251]: ***************. (15)
INFO:gt864-friso2-two-block-schedule.gt864_cf5_pair_t1c1_slothy_start.split:[251-256]: ***************. (15)
INFO:gt864-friso2-two-block-schedule.gt864_cf5_pair_t1c1_slothy_start.split:[256-262]: *************... (13)
INFO:gt864-friso2-two-block-schedule.gt864_cf5_pair_t1c1_slothy_start.split:[262-267]: ************.... (12)
INFO:gt864-friso2-two-block-schedule.gt864_cf5_pair_t1c1_slothy_start.split:[267-273]: *************... (13)
INFO:gt864-friso2-two-block-schedule.gt864_cf5_pair_t1c1_slothy_start.split:[273-279]: *********....... (9)
INFO:gt864-friso2-two-block-schedule.gt864_cf5_pair_t1c1_slothy_start.split.251_269:Perform internal binary search for minimal number of stalls...
INFO:gt864-friso2-two-block-schedule.gt864_cf5_pair_t1c1_slothy_start.split.251_269:Attempt optimization with max 256 stalls...
INFO:gt864-friso2-two-block-schedule.gt864_cf5_pair_t1c1_slothy_start.split.251_269:Setting timeout of 1800 seconds...
INFO:gt864-friso2-two-block-schedule.gt864_cf5_pair_t1c1_slothy_start.split.251_269:Objective: minimize cycles
INFO:gt864-friso2-two-block-schedule.gt864_cf5_pair_t1c1_slothy_start.split.251_269:Invoking external constraint solver (OR-Tools CP-SAT v9.15.6755) ...
INFO:gt864-friso2-two-block-schedule.gt864_cf5_pair_t1c1_slothy_start.split.251_269:[0.1439s]: Found 1 solutions so far... objective (minimize cycles): currently  (Cycles ~ 37.0, IPC ~ 0.49), bound  (Cycles ~ 14.0, IPC ~ 1.29)
INFO:gt864-friso2-two-block-schedule.gt864_cf5_pair_t1c1_slothy_start.split.251_269:[0.1525s]: Found 2 solutions so far... objective (minimize cycles): currently  (Cycles ~ 35.0, IPC ~ 0.51), bound  (Cycles ~ 21.0, IPC ~ 0.86)
INFO:gt864-friso2-two-block-schedule.gt864_cf5_pair_t1c1_slothy_start.split.251_269:[0.1612s]: Found 3 solutions so far... objective (minimize cycles): currently  (Cycles ~ 26.0, IPC ~ 0.69), bound  (Cycles ~ 21.0, IPC ~ 0.86)
INFO:gt864-friso2-two-block-schedule.gt864_cf5_pair_t1c1_slothy_start.split.251_269:[0.1636s]: Found 4 solutions so far... objective (minimize cycles): currently  (Cycles ~ 24.0, IPC ~ 0.75), bound  (Cycles ~ 21.0, IPC ~ 0.86)
INFO:gt864-friso2-two-block-schedule.gt864_cf5_pair_t1c1_slothy_start.split.251_269:[0.1752s]: Found 5 solutions so far... objective (minimize cycles): currently  (Cycles ~ 23.0, IPC ~ 0.78), bound  (Cycles ~ 23.0, IPC ~ 0.78)
INFO:gt864-friso2-two-block-schedule.gt864_cf5_pair_t1c1_slothy_start.split.251_269:Closer than 0 stalls to theoretical optimum... stop
INFO:gt864-friso2-two-block-schedule.gt864_cf5_pair_t1c1_slothy_start.split.251_269:OPTIMAL, wall time: 0.201230 s
INFO:gt864-friso2-two-block-schedule.gt864_cf5_pair_t1c1_slothy_start.split.251_269:Booleans in result: 103
INFO:gt864-friso2-two-block-schedule.gt864_cf5_pair_t1c1_slothy_start.split.251_269.selfcheck:OK!
INFO:gt864-friso2-two-block-schedule.gt864_cf5_pair_t1c1_slothy_start.split.251_269:Minimum number of stalls: 18
INFO:gt864-friso2-two-block-schedule.gt864_cf5_pair_t1c1_slothy_start.split:[  0-  5]: *******......... (7)
INFO:gt864-friso2-two-block-schedule.gt864_cf5_pair_t1c1_slothy_start.split:[  5- 11]: **********...... (10)
INFO:gt864-friso2-two-block-schedule.gt864_cf5_pair_t1c1_slothy_start.split:[ 11- 16]: ************.... (12)
INFO:gt864-friso2-two-block-schedule.gt864_cf5_pair_t1c1_slothy_start.split:[ 16- 22]: ************.... (12)
INFO:gt864-friso2-two-block-schedule.gt864_cf5_pair_t1c1_slothy_start.split:[ 22- 27]: ***********..... (11)
INFO:gt864-friso2-two-block-schedule.gt864_cf5_pair_t1c1_slothy_start.split:[ 27- 33]: ************.... (12)
INFO:gt864-friso2-two-block-schedule.gt864_cf5_pair_t1c1_slothy_start.split:[ 33- 39]: ************.... (12)
INFO:gt864-friso2-two-block-schedule.gt864_cf5_pair_t1c1_slothy_start.split:[ 39- 44]: *************... (13)
INFO:gt864-friso2-two-block-schedule.gt864_cf5_pair_t1c1_slothy_start.split:[ 44- 50]: **************.. (14)
INFO:gt864-friso2-two-block-schedule.gt864_cf5_pair_t1c1_slothy_start.split:[ 50- 55]: *************... (13)
INFO:gt864-friso2-two-block-schedule.gt864_cf5_pair_t1c1_slothy_start.split:[ 55- 61]: ************.... (12)
INFO:gt864-friso2-two-block-schedule.gt864_cf5_pair_t1c1_slothy_start.split:[ 61- 66]: **********...... (10)
INFO:gt864-friso2-two-block-schedule.gt864_cf5_pair_t1c1_slothy_start.split:[ 66- 72]: *********....... (9)
INFO:gt864-friso2-two-block-schedule.gt864_cf5_pair_t1c1_slothy_start.split:[ 72- 78]: **********...... (10)
INFO:gt864-friso2-two-block-schedule.gt864_cf5_pair_t1c1_slothy_start.split:[ 78- 83]: ************.... (12)
INFO:gt864-friso2-two-block-schedule.gt864_cf5_pair_t1c1_slothy_start.split:[ 83- 89]: *************... (13)
INFO:gt864-friso2-two-block-schedule.gt864_cf5_pair_t1c1_slothy_start.split:[ 89- 94]: *************... (13)
INFO:gt864-friso2-two-block-schedule.gt864_cf5_pair_t1c1_slothy_start.split:[ 94-100]: *************... (13)
INFO:gt864-friso2-two-block-schedule.gt864_cf5_pair_t1c1_slothy_start.split:[100-106]: *************... (13)
INFO:gt864-friso2-two-block-schedule.gt864_cf5_pair_t1c1_slothy_start.split:[106-111]: *************... (13)
INFO:gt864-friso2-two-block-schedule.gt864_cf5_pair_t1c1_slothy_start.split:[111-117]: *************... (13)
INFO:gt864-friso2-two-block-schedule.gt864_cf5_pair_t1c1_slothy_start.split:[117-122]: ************.... (12)
INFO:gt864-friso2-two-block-schedule.gt864_cf5_pair_t1c1_slothy_start.split:[122-128]: *************... (13)
INFO:gt864-friso2-two-block-schedule.gt864_cf5_pair_t1c1_slothy_start.split:[128-133]: ************.... (12)
INFO:gt864-friso2-two-block-schedule.gt864_cf5_pair_t1c1_slothy_start.split:[133-139]: ************.... (12)
INFO:gt864-friso2-two-block-schedule.gt864_cf5_pair_t1c1_slothy_start.split:[139-145]: ***********..... (11)
INFO:gt864-friso2-two-block-schedule.gt864_cf5_pair_t1c1_slothy_start.split:[145-150]: ***********..... (11)
INFO:gt864-friso2-two-block-schedule.gt864_cf5_pair_t1c1_slothy_start.split:[150-156]: ************.... (12)
INFO:gt864-friso2-two-block-schedule.gt864_cf5_pair_t1c1_slothy_start.split:[156-161]: *************... (13)
INFO:gt864-friso2-two-block-schedule.gt864_cf5_pair_t1c1_slothy_start.split:[161-167]: ************.... (12)
INFO:gt864-friso2-two-block-schedule.gt864_cf5_pair_t1c1_slothy_start.split:[167-172]: *************... (13)
INFO:gt864-friso2-two-block-schedule.gt864_cf5_pair_t1c1_slothy_start.split:[172-178]: ************.... (12)
INFO:gt864-friso2-two-block-schedule.gt864_cf5_pair_t1c1_slothy_start.split:[178-184]: **************.. (14)
INFO:gt864-friso2-two-block-schedule.gt864_cf5_pair_t1c1_slothy_start.split:[184-189]: **************.. (14)
INFO:gt864-friso2-two-block-schedule.gt864_cf5_pair_t1c1_slothy_start.split:[189-195]: **************.. (14)
INFO:gt864-friso2-two-block-schedule.gt864_cf5_pair_t1c1_slothy_start.split:[195-200]: *************... (13)
INFO:gt864-friso2-two-block-schedule.gt864_cf5_pair_t1c1_slothy_start.split:[200-206]: **********...... (10)
INFO:gt864-friso2-two-block-schedule.gt864_cf5_pair_t1c1_slothy_start.split:[206-212]: **********...... (10)
INFO:gt864-friso2-two-block-schedule.gt864_cf5_pair_t1c1_slothy_start.split:[212-217]: ************.... (12)
INFO:gt864-friso2-two-block-schedule.gt864_cf5_pair_t1c1_slothy_start.split:[217-223]: *************... (13)
INFO:gt864-friso2-two-block-schedule.gt864_cf5_pair_t1c1_slothy_start.split:[223-228]: **************.. (14)
INFO:gt864-friso2-two-block-schedule.gt864_cf5_pair_t1c1_slothy_start.split:[228-234]: *************... (13)
INFO:gt864-friso2-two-block-schedule.gt864_cf5_pair_t1c1_slothy_start.split:[234-239]: *************... (13)
INFO:gt864-friso2-two-block-schedule.gt864_cf5_pair_t1c1_slothy_start.split:[239-245]: *************... (13)
INFO:gt864-friso2-two-block-schedule.gt864_cf5_pair_t1c1_slothy_start.split:[245-251]: **************.. (14)
INFO:gt864-friso2-two-block-schedule.gt864_cf5_pair_t1c1_slothy_start.split:[251-256]: **************.. (14)
INFO:gt864-friso2-two-block-schedule.gt864_cf5_pair_t1c1_slothy_start.split:[256-262]: **************.. (14)
INFO:gt864-friso2-two-block-schedule.gt864_cf5_pair_t1c1_slothy_start.split:[262-267]: ***************. (15)
INFO:gt864-friso2-two-block-schedule.gt864_cf5_pair_t1c1_slothy_start.split:[267-273]: ***************. (15)
INFO:gt864-friso2-two-block-schedule.gt864_cf5_pair_t1c1_slothy_start.split:[273-279]: **********...... (10)
INFO:gt864-friso2-two-block-schedule.gt864_cf5_pair_t1c1_slothy_start.split.265_279:Perform internal binary search for minimal number of stalls...
INFO:gt864-friso2-two-block-schedule.gt864_cf5_pair_t1c1_slothy_start.split.265_279:Attempt optimization with max 256 stalls...
INFO:gt864-friso2-two-block-schedule.gt864_cf5_pair_t1c1_slothy_start.split.265_279:Setting timeout of 1800 seconds...
INFO:gt864-friso2-two-block-schedule.gt864_cf5_pair_t1c1_slothy_start.split.265_279:Objective: minimize cycles
INFO:gt864-friso2-two-block-schedule.gt864_cf5_pair_t1c1_slothy_start.split.265_279:Invoking external constraint solver (OR-Tools CP-SAT v9.15.6755) ...
INFO:gt864-friso2-two-block-schedule.gt864_cf5_pair_t1c1_slothy_start.split.265_279:[0.0829s]: Found 1 solutions so far... objective (minimize cycles): currently  (Cycles ~ 25.0, IPC ~ 0.56), bound  (Cycles ~ 20.0, IPC ~ 0.70)
INFO:gt864-friso2-two-block-schedule.gt864_cf5_pair_t1c1_slothy_start.split.265_279:[0.0898s]: Found 2 solutions so far... objective (minimize cycles): currently  (Cycles ~ 24.0, IPC ~ 0.58), bound  (Cycles ~ 20.0, IPC ~ 0.70)
INFO:gt864-friso2-two-block-schedule.gt864_cf5_pair_t1c1_slothy_start.split.265_279:[0.0930s]: Found 3 solutions so far... objective (minimize cycles): currently  (Cycles ~ 23.0, IPC ~ 0.61), bound  (Cycles ~ 21.0, IPC ~ 0.67)
INFO:gt864-friso2-two-block-schedule.gt864_cf5_pair_t1c1_slothy_start.split.265_279:OPTIMAL, wall time: 0.105064 s
INFO:gt864-friso2-two-block-schedule.gt864_cf5_pair_t1c1_slothy_start.split.265_279:Booleans in result: 98
INFO:gt864-friso2-two-block-schedule.gt864_cf5_pair_t1c1_slothy_start.split.265_279.selfcheck:OK!
INFO:gt864-friso2-two-block-schedule.gt864_cf5_pair_t1c1_slothy_start.split.265_279:Minimum number of stalls: 19
INFO:gt864-friso2-two-block-schedule.gt864_cf5_pair_t1c1_slothy_start.split:[  0-  5]: *******........ (7)
INFO:gt864-friso2-two-block-schedule.gt864_cf5_pair_t1c1_slothy_start.split:[  5- 11]: **********..... (10)
INFO:gt864-friso2-two-block-schedule.gt864_cf5_pair_t1c1_slothy_start.split:[ 11- 16]: ************... (12)
INFO:gt864-friso2-two-block-schedule.gt864_cf5_pair_t1c1_slothy_start.split:[ 16- 22]: ************... (12)
INFO:gt864-friso2-two-block-schedule.gt864_cf5_pair_t1c1_slothy_start.split:[ 22- 27]: ***********.... (11)
INFO:gt864-friso2-two-block-schedule.gt864_cf5_pair_t1c1_slothy_start.split:[ 27- 33]: ************... (12)
INFO:gt864-friso2-two-block-schedule.gt864_cf5_pair_t1c1_slothy_start.split:[ 33- 39]: ************... (12)
INFO:gt864-friso2-two-block-schedule.gt864_cf5_pair_t1c1_slothy_start.split:[ 39- 44]: *************.. (13)
INFO:gt864-friso2-two-block-schedule.gt864_cf5_pair_t1c1_slothy_start.split:[ 44- 50]: **************. (14)
INFO:gt864-friso2-two-block-schedule.gt864_cf5_pair_t1c1_slothy_start.split:[ 50- 55]: *************.. (13)
INFO:gt864-friso2-two-block-schedule.gt864_cf5_pair_t1c1_slothy_start.split:[ 55- 61]: ************... (12)
INFO:gt864-friso2-two-block-schedule.gt864_cf5_pair_t1c1_slothy_start.split:[ 61- 66]: **********..... (10)
INFO:gt864-friso2-two-block-schedule.gt864_cf5_pair_t1c1_slothy_start.split:[ 66- 72]: *********...... (9)
INFO:gt864-friso2-two-block-schedule.gt864_cf5_pair_t1c1_slothy_start.split:[ 72- 78]: **********..... (10)
INFO:gt864-friso2-two-block-schedule.gt864_cf5_pair_t1c1_slothy_start.split:[ 78- 83]: ************... (12)
INFO:gt864-friso2-two-block-schedule.gt864_cf5_pair_t1c1_slothy_start.split:[ 83- 89]: *************.. (13)
INFO:gt864-friso2-two-block-schedule.gt864_cf5_pair_t1c1_slothy_start.split:[ 89- 94]: *************.. (13)
INFO:gt864-friso2-two-block-schedule.gt864_cf5_pair_t1c1_slothy_start.split:[ 94-100]: *************.. (13)
INFO:gt864-friso2-two-block-schedule.gt864_cf5_pair_t1c1_slothy_start.split:[100-106]: *************.. (13)
INFO:gt864-friso2-two-block-schedule.gt864_cf5_pair_t1c1_slothy_start.split:[106-111]: *************.. (13)
INFO:gt864-friso2-two-block-schedule.gt864_cf5_pair_t1c1_slothy_start.split:[111-117]: *************.. (13)
INFO:gt864-friso2-two-block-schedule.gt864_cf5_pair_t1c1_slothy_start.split:[117-122]: ************... (12)
INFO:gt864-friso2-two-block-schedule.gt864_cf5_pair_t1c1_slothy_start.split:[122-128]: *************.. (13)
INFO:gt864-friso2-two-block-schedule.gt864_cf5_pair_t1c1_slothy_start.split:[128-133]: ************... (12)
INFO:gt864-friso2-two-block-schedule.gt864_cf5_pair_t1c1_slothy_start.split:[133-139]: ************... (12)
INFO:gt864-friso2-two-block-schedule.gt864_cf5_pair_t1c1_slothy_start.split:[139-145]: ***********.... (11)
INFO:gt864-friso2-two-block-schedule.gt864_cf5_pair_t1c1_slothy_start.split:[145-150]: ***********.... (11)
INFO:gt864-friso2-two-block-schedule.gt864_cf5_pair_t1c1_slothy_start.split:[150-156]: ************... (12)
INFO:gt864-friso2-two-block-schedule.gt864_cf5_pair_t1c1_slothy_start.split:[156-161]: *************.. (13)
INFO:gt864-friso2-two-block-schedule.gt864_cf5_pair_t1c1_slothy_start.split:[161-167]: ************... (12)
INFO:gt864-friso2-two-block-schedule.gt864_cf5_pair_t1c1_slothy_start.split:[167-172]: *************.. (13)
INFO:gt864-friso2-two-block-schedule.gt864_cf5_pair_t1c1_slothy_start.split:[172-178]: ************... (12)
INFO:gt864-friso2-two-block-schedule.gt864_cf5_pair_t1c1_slothy_start.split:[178-184]: **************. (14)
INFO:gt864-friso2-two-block-schedule.gt864_cf5_pair_t1c1_slothy_start.split:[184-189]: **************. (14)
INFO:gt864-friso2-two-block-schedule.gt864_cf5_pair_t1c1_slothy_start.split:[189-195]: **************. (14)
INFO:gt864-friso2-two-block-schedule.gt864_cf5_pair_t1c1_slothy_start.split:[195-200]: *************.. (13)
INFO:gt864-friso2-two-block-schedule.gt864_cf5_pair_t1c1_slothy_start.split:[200-206]: **********..... (10)
INFO:gt864-friso2-two-block-schedule.gt864_cf5_pair_t1c1_slothy_start.split:[206-212]: **********..... (10)
INFO:gt864-friso2-two-block-schedule.gt864_cf5_pair_t1c1_slothy_start.split:[212-217]: ************... (12)
INFO:gt864-friso2-two-block-schedule.gt864_cf5_pair_t1c1_slothy_start.split:[217-223]: *************.. (13)
INFO:gt864-friso2-two-block-schedule.gt864_cf5_pair_t1c1_slothy_start.split:[223-228]: **************. (14)
INFO:gt864-friso2-two-block-schedule.gt864_cf5_pair_t1c1_slothy_start.split:[228-234]: *************.. (13)
INFO:gt864-friso2-two-block-schedule.gt864_cf5_pair_t1c1_slothy_start.split:[234-239]: *************.. (13)
INFO:gt864-friso2-two-block-schedule.gt864_cf5_pair_t1c1_slothy_start.split:[239-245]: *************.. (13)
INFO:gt864-friso2-two-block-schedule.gt864_cf5_pair_t1c1_slothy_start.split:[245-251]: **************. (14)
INFO:gt864-friso2-two-block-schedule.gt864_cf5_pair_t1c1_slothy_start.split:[251-256]: **************. (14)
INFO:gt864-friso2-two-block-schedule.gt864_cf5_pair_t1c1_slothy_start.split:[256-262]: *************.. (13)
INFO:gt864-friso2-two-block-schedule.gt864_cf5_pair_t1c1_slothy_start.split:[262-267]: **************. (14)
INFO:gt864-friso2-two-block-schedule.gt864_cf5_pair_t1c1_slothy_start.split:[267-273]: **************. (14)
INFO:gt864-friso2-two-block-schedule.gt864_cf5_pair_t1c1_slothy_start.split:[273-279]: **********..... (10)
INFO:gt864-friso2-two-block-schedule.gt864_cf5_pair_t1c1_slothy_start.split.split_heuristic_full:OK!
allocated_liveouts=out0:v31,out1:v5,out2:v1,out3:v10,out4:v27,out5:v22,out6:v28,out7:v26,out8:v16,out9:v6,out10:v20,out11:v18,out12:v30,out13:v19,out14:v4,out15:v11,out16:v24,out17:v7
