family,cut,block,observation,cycles
cpucycles tracesetup 0 amd64-perfpmcff precision 0 scaling 0.000000 only32 0
cpucycles tracesetup 1 amd64-perfpmc precision 0 scaling 0.000000 only32 0
cpucycles tracesetup 2 amd64-pmcff precision 0 scaling 0.000000 only32 0
cpucycles tracesetup 3 amd64-tsc precision 1016 scaling 0.467415 only32 0
cpucycles tracesetup 4 amd64-tscasm precision 1026 scaling 0.467415 only32 0
cpucycles tracesetup 5 default-perfevent precision 204 scaling 1.000000 only32 0
cpucycles tracesetup 6 default-mach precision 0 scaling 0.000000 only32 0
cpucycles tracesetup 7 default-monotonic precision 1075 scaling 1.400000 only32 0
cpucycles tracesetup 8 default-gettimeofday precision 2440 scaling 1400.000000 only32 0
cpucycles tracesetup 9 default-zero precision 0 scaling 0.000000 only32 0
0,0,0,0,3463
0,0,0,1,2850
0,0,0,2,2846
0,0,0,3,2820
0,0,0,4,2793
0,0,0,5,2784
0,0,0,6,2810
0,0,0,7,2808
0,0,0,8,2822
0,0,0,9,2820
0,0,0,10,2767
0,0,0,11,2806
0,0,0,12,2784
0,0,0,13,2838
0,0,0,14,2778
0,0,0,15,2774
0,0,0,16,2766
0,0,0,17,2815
0,0,0,18,2801
0,0,0,19,2813
0,0,0,20,2816
0,0,0,21,2817
0,0,0,22,2805
0,0,0,23,2774
0,0,0,24,2805
0,0,0,25,2833
0,0,0,26,2824
0,0,0,27,2770
0,0,0,28,2806
0,0,0,29,2838
0,0,0,30,2814
0,0,0,31,2812
0,1,0,0,3542
0,1,0,1,3542
0,1,0,2,3544
0,1,0,3,3555
0,1,0,4,3571
0,1,0,5,3535
0,1,0,6,3580
0,1,0,7,3523
0,1,0,8,3612
0,1,0,9,4018
0,1,0,10,3548
0,1,0,11,3560
0,1,0,12,3619
0,1,0,13,3547
0,1,0,14,3554
0,1,0,15,3585
0,1,0,16,3590
0,1,0,17,3531
0,1,0,18,3553
0,1,0,19,3586
0,1,0,20,3588
0,1,0,21,3575
0,1,0,22,3579
0,1,0,23,3538
0,1,0,24,3538
0,1,0,25,3568
0,1,0,26,3596
0,1,0,27,3584
0,1,0,28,3565
0,1,0,29,3619
0,1,0,30,3583
0,1,0,31,3524
0,2,0,0,4557
0,2,0,1,4574
0,2,0,2,4575
0,2,0,3,4580
0,2,0,4,4592
0,2,0,5,4627
0,2,0,6,4582
0,2,0,7,4566
0,2,0,8,4592
0,2,0,9,4663
0,2,0,10,4596
0,2,0,11,4540
0,2,0,12,4598
0,2,0,13,4627
0,2,0,14,4603
0,2,0,15,4570
0,2,0,16,4585
0,2,0,17,4583
0,2,0,18,4573
0,2,0,19,4545
0,2,0,20,4608
0,2,0,21,4615
0,2,0,22,4590
0,2,0,23,4631
0,2,0,24,4606
0,2,0,25,4580
0,2,0,26,4579
0,2,0,27,4600
0,2,0,28,4518
0,2,0,29,4571
0,2,0,30,4594
0,2,0,31,4512
0,3,0,0,7132
0,3,0,1,7244
0,3,0,2,7022
0,3,0,3,7098
0,3,0,4,7246
0,3,0,5,7172
0,3,0,6,7152
0,3,0,7,7076
0,3,0,8,7217
0,3,0,9,7188
0,3,0,10,7037
0,3,0,11,7195
0,3,0,12,7145
0,3,0,13,7090
0,3,0,14,7133
0,3,0,15,7029
0,3,0,16,7212
0,3,0,17,7069
0,3,0,18,7181
0,3,0,19,7115
0,3,0,20,7105
0,3,0,21,7092
0,3,0,22,7118
0,3,0,23,7036
0,3,0,24,7044
0,3,0,25,7145
0,3,0,26,7034
0,3,0,27,7131
0,3,0,28,7107
0,3,0,29,7018
0,3,0,30,7056
0,3,0,31,7131
0,4,0,0,7750
0,4,0,1,7857
0,4,0,2,7851
0,4,0,3,7959
0,4,0,4,7815
0,4,0,5,7913
0,4,0,6,7863
0,4,0,7,7845
0,4,0,8,7833
0,4,0,9,7868
0,4,0,10,7847
0,4,0,11,7907
0,4,0,12,7894
0,4,0,13,7857
0,4,0,14,7896
0,4,0,15,7932
0,4,0,16,7924
0,4,0,17,7771
0,4,0,18,7902
0,4,0,19,7941
0,4,0,20,7748
0,4,0,21,7876
0,4,0,22,7864
0,4,0,23,7986
0,4,0,24,7809
0,4,0,25,7751
0,4,0,26,7945
0,4,0,27,7832
0,4,0,28,7839
0,4,0,29,7915
0,4,0,30,7889
0,4,0,31,7853
0,5,0,0,8903
0,5,0,1,8938
0,5,0,2,9150
0,5,0,3,8947
0,5,0,4,8813
0,5,0,5,8864
0,5,0,6,8916
0,5,0,7,8869
0,5,0,8,8959
0,5,0,9,8950
0,5,0,10,8967
0,5,0,11,8929
0,5,0,12,8941
0,5,0,13,8990
0,5,0,14,8944
0,5,0,15,8931
0,5,0,16,8845
0,5,0,17,8804
0,5,0,18,8903
0,5,0,19,8832
0,5,0,20,8875
0,5,0,21,8836
0,5,0,22,8961
0,5,0,23,8951
0,5,0,24,8945
0,5,0,25,8830
0,5,0,26,8918
0,5,0,27,8814
0,5,0,28,8936
0,5,0,29,8926
0,5,0,30,8897
0,5,0,31,8995
0,6,0,0,9618
0,6,0,1,9673
0,6,0,2,9725
0,6,0,3,9642
0,6,0,4,9596
0,6,0,5,9671
0,6,0,6,9799
0,6,0,7,9591
0,6,0,8,9694
0,6,0,9,9713
0,6,0,10,9595
0,6,0,11,9645
0,6,0,12,9538
0,6,0,13,9626
0,6,0,14,9673
0,6,0,15,9777
0,6,0,16,9726
0,6,0,17,9637
0,6,0,18,9625
0,6,0,19,9639
0,6,0,20,9645
0,6,0,21,9694
0,6,0,22,9701
0,6,0,23,9560
0,6,0,24,9690
0,6,0,25,9581
0,6,0,26,9581
0,6,0,27,9710
0,6,0,28,9695
0,6,0,29,9714
0,6,0,30,9678
0,6,0,31,9699
0,7,0,0,10626
0,7,0,1,10653
0,7,0,2,10641
0,7,0,3,10560
0,7,0,4,10680
0,7,0,5,10642
0,7,0,6,10656
0,7,0,7,10688
0,7,0,8,10618
0,7,0,9,10737
0,7,0,10,10586
0,7,0,11,10637
0,7,0,12,10643
0,7,0,13,10673
0,7,0,14,10822
0,7,0,15,10574
0,7,0,16,10735
0,7,0,17,10707
0,7,0,18,10686
0,7,0,19,10649
0,7,0,20,10634
0,7,0,21,10605
0,7,0,22,10609
0,7,0,23,10619
0,7,0,24,10620
0,7,0,25,10569
0,7,0,26,10610
0,7,0,27,10633
0,7,0,28,10810
0,7,0,29,10672
0,7,0,30,10659
0,7,0,31,10534
0,8,0,0,21438
0,8,0,1,21315
0,8,0,2,21471
0,8,0,3,21591
0,8,0,4,21546
0,8,0,5,21645
0,8,0,6,21530
0,8,0,7,21623
0,8,0,8,21650
0,8,0,9,21554
0,8,0,10,21405
0,8,0,11,21630
0,8,0,12,21578
0,8,0,13,21501
0,8,0,14,21389
0,8,0,15,21496
0,8,0,16,21519
0,8,0,17,21598
0,8,0,18,21573
0,8,0,19,21610
0,8,0,20,21670
0,8,0,21,21442
0,8,0,22,21557
0,8,0,23,21575
0,8,0,24,21467
0,8,0,25,21472
0,8,0,26,21457
0,8,0,27,22069
0,8,0,28,21604
0,8,0,29,21414
0,8,0,30,21574
0,8,0,31,21585
0,9,0,0,21920
0,9,0,1,21783
0,9,0,2,21633
0,9,0,3,21488
0,9,0,4,21666
0,9,0,5,21614
0,9,0,6,21829
0,9,0,7,21646
0,9,0,8,21752
0,9,0,9,21693
0,9,0,10,21509
0,9,0,11,21751
0,9,0,12,21628
0,9,0,13,21740
0,9,0,14,21523
0,9,0,15,21606
0,9,0,16,21654
0,9,0,17,21749
0,9,0,18,21695
0,9,0,19,21896
0,9,0,20,21780
0,9,0,21,21472
0,9,0,22,21734
0,9,0,23,21675
0,9,0,24,21633
0,9,0,25,21818
0,9,0,26,21716
0,9,0,27,21835
0,9,0,28,21639
0,9,0,29,21731
0,9,0,30,21759
0,9,0,31,21810
1,0,0,0,426
1,0,0,1,374
1,0,0,2,363
1,0,0,3,366
1,0,0,4,369
1,0,0,5,370
1,0,0,6,363
1,0,0,7,378
1,0,0,8,367
1,0,0,9,374
1,0,0,10,360
1,0,0,11,370
1,0,0,12,378
1,0,0,13,368
1,0,0,14,371
1,0,0,15,372
1,0,0,16,366
1,0,0,17,368
1,0,0,18,365
1,0,0,19,365
1,0,0,20,364
1,0,0,21,376
1,0,0,22,364
1,0,0,23,358
1,0,0,24,375
1,0,0,25,374
1,0,0,26,372
1,0,0,27,368
1,0,0,28,369
1,0,0,29,364
1,0,0,30,366
1,0,0,31,358
1,1,0,0,13861
1,1,0,1,13665
1,1,0,2,13701
1,1,0,3,13755
1,1,0,4,13755
1,1,0,5,13755
1,1,0,6,13560
1,1,0,7,13673
1,1,0,8,13757
1,1,0,9,13711
1,1,0,10,13715
1,1,0,11,13585
1,1,0,12,13781
1,1,0,13,13712
1,1,0,14,13638
1,1,0,15,13812
1,1,0,16,13682
1,1,0,17,13750
1,1,0,18,13744
1,1,0,19,13732
1,1,0,20,13755
1,1,0,21,13700
1,1,0,22,13672
1,1,0,23,13720
1,1,0,24,13656
1,1,0,25,13679
1,1,0,26,13689
1,1,0,27,13726
1,1,0,28,13692
1,1,0,29,13637
1,1,0,30,13684
1,1,0,31,13699
1,2,0,0,14468
1,2,0,1,14527
1,2,0,2,14476
1,2,0,3,14401
1,2,0,4,14434
1,2,0,5,14483
1,2,0,6,14468
1,2,0,7,14482
1,2,0,8,14503
1,2,0,9,14532
1,2,0,10,14522
1,2,0,11,14447
1,2,0,12,14438
1,2,0,13,14832
1,2,0,14,14250
1,2,0,15,14382
1,2,0,16,14427
1,2,0,17,14461
1,2,0,18,14225
1,2,0,19,14439
1,2,0,20,14420
1,2,0,21,14503
1,2,0,22,14516
1,2,0,23,14467
1,2,0,24,14459
1,2,0,25,14440
1,2,0,26,14465
1,2,0,27,14526
1,2,0,28,14409
1,2,0,29,14437
1,2,0,30,14435
1,2,0,31,14306
1,3,0,0,14619
1,3,0,1,14385
1,3,0,2,14412
1,3,0,3,14566
1,3,0,4,14427
1,3,0,5,14682
1,3,0,6,14712
1,3,0,7,14476
1,3,0,8,14707
1,3,0,9,14634
1,3,0,10,14421
1,3,0,11,14421
1,3,0,12,14609
1,3,0,13,14472
1,3,0,14,14669
1,3,0,15,14683
1,3,0,16,14714
1,3,0,17,14634
1,3,0,18,14637
1,3,0,19,14459
1,3,0,20,14667
1,3,0,21,14429
1,3,0,22,14600
1,3,0,23,14665
1,3,0,24,14674
1,3,0,25,14717
1,3,0,26,14669
1,3,0,27,14682
1,3,0,28,14749
1,3,0,29,14772
1,3,0,30,14727
1,3,0,31,14621
1,4,0,0,26700
1,4,0,1,26561
1,4,0,2,26616
1,4,0,3,26652
1,4,0,4,26630
1,4,0,5,26532
1,4,0,6,26157
1,4,0,7,26367
1,4,0,8,26337
1,4,0,9,26593
1,4,0,10,26685
1,4,0,11,26650
1,4,0,12,26656
1,4,0,13,26601
1,4,0,14,26643
1,4,0,15,26562
1,4,0,16,26594
1,4,0,17,26657
1,4,0,18,26664
1,4,0,19,26601
1,4,0,20,26619
1,4,0,21,26604
1,4,0,22,26578
1,4,0,23,26618
1,4,0,24,26542
1,4,0,25,26599
1,4,0,26,26624
1,4,0,27,26634
1,4,0,28,26520
1,4,0,29,26597
1,4,0,30,26637
1,4,0,31,26655
1,5,0,0,26763
1,5,0,1,26656
1,5,0,2,26751
1,5,0,3,26714
1,5,0,4,26697
1,5,0,5,26562
1,5,0,6,26585
1,5,0,7,26891
1,5,0,8,26730
1,5,0,9,26663
1,5,0,10,26793
1,5,0,11,26709
1,5,0,12,26892
1,5,0,13,26405
1,5,0,14,26733
1,5,0,15,26688
1,5,0,16,26345
1,5,0,17,26503
1,5,0,18,26850
1,5,0,19,26657
1,5,0,20,26392
1,5,0,21,26737
1,5,0,22,26860
1,5,0,23,26629
1,5,0,24,26734
1,5,0,25,26407
1,5,0,26,26518
1,5,0,27,26829
1,5,0,28,26789
1,5,0,29,26529
1,5,0,30,26818
1,5,0,31,26611
1,6,0,0,27251
1,6,0,1,27593
1,6,0,2,27556
1,6,0,3,27558
1,6,0,4,27189
1,6,0,5,27504
1,6,0,6,27240
1,6,0,7,27420
1,6,0,8,27600
1,6,0,9,27478
1,6,0,10,27485
1,6,0,11,27591
1,6,0,12,27253
1,6,0,13,27518
1,6,0,14,27544
1,6,0,15,27498
1,6,0,16,27455
1,6,0,17,27131
1,6,0,18,27637
1,6,0,19,27546
1,6,0,20,27557
1,6,0,21,27553
1,6,0,22,27277
1,6,0,23,27505
1,6,0,24,27581
1,6,0,25,27468
1,6,0,26,27531
1,6,0,27,27197
1,6,0,28,27927
1,6,0,29,27207
1,6,0,30,27672
1,6,0,31,27553
1,7,0,0,27836
1,7,0,1,28085
1,7,0,2,27858
1,7,0,3,28004
1,7,0,4,28064
1,7,0,5,27711
1,7,0,6,28067
1,7,0,7,27768
1,7,0,8,28078
1,7,0,9,27810
1,7,0,10,27993
1,7,0,11,28126
1,7,0,12,27594
1,7,0,13,28166
1,7,0,14,28096
1,7,0,15,28050
1,7,0,16,27999
1,7,0,17,28084
1,7,0,18,27908
1,7,0,19,28069
1,7,0,20,27995
1,7,0,21,28070
1,7,0,22,28180
1,7,0,23,28009
1,7,0,24,28118
1,7,0,25,28043
1,7,0,26,28076
1,7,0,27,28010
1,7,0,28,27986
1,7,0,29,28187
1,7,0,30,28089
1,7,0,31,28070
1,8,0,0,28440
1,8,0,1,28302
1,8,0,2,28441
1,8,0,3,28376
1,8,0,4,28339
1,8,0,5,28351
1,8,0,6,28052
1,8,0,7,28319
1,8,0,8,28165
1,8,0,9,28315
1,8,0,10,28251
1,8,0,11,27979
1,8,0,12,28358
1,8,0,13,28384
1,8,0,14,28411
1,8,0,15,28328
1,8,0,16,28347
1,8,0,17,28253
1,8,0,18,27976
1,8,0,19,27943
1,8,0,20,28405
1,8,0,21,28304
1,8,0,22,27821
1,8,0,23,28161
1,8,0,24,28221
1,8,0,25,28294
1,8,0,26,28143
1,8,0,27,28351
1,8,0,28,27927
1,8,0,29,28255
1,8,0,30,28028
1,8,0,31,27754
1,9,0,0,27965
1,9,0,1,27829
1,9,0,2,28296
1,9,0,3,28308
1,9,0,4,28314
1,9,0,5,27796
1,9,0,6,27870
1,9,0,7,28333
1,9,0,8,28437
1,9,0,9,28367
1,9,0,10,28441
1,9,0,11,28452
1,9,0,12,28269
1,9,0,13,27922
1,9,0,14,28480
1,9,0,15,28269
1,9,0,16,28381
1,9,0,17,27850
1,9,0,18,28324
1,9,0,19,28341
1,9,0,20,28307
1,9,0,21,28344
1,9,0,22,28304
1,9,0,23,28320
1,9,0,24,27905
1,9,0,25,28205
1,9,0,26,27875
1,9,0,27,28272
1,9,0,28,28201
1,9,0,29,28388
1,9,0,30,28325
1,9,0,31,28393
2,0,0,0,780
2,0,0,1,679
2,0,0,2,665
2,0,0,3,658
2,0,0,4,666
2,0,0,5,678
2,0,0,6,766
2,0,0,7,676
2,0,0,8,667
2,0,0,9,685
2,0,0,10,649
2,0,0,11,981
2,0,0,12,669
2,0,0,13,677
2,0,0,14,690
2,0,0,15,669
2,0,0,16,665
2,0,0,17,670
2,0,0,18,678
2,0,0,19,669
2,0,0,20,675
2,0,0,21,688
2,0,0,22,666
2,0,0,23,662
2,0,0,24,660
2,0,0,25,668
2,0,0,26,669
2,0,0,27,685
2,0,0,28,674
2,0,0,29,662
2,0,0,30,665
2,0,0,31,669
2,1,0,0,1094
2,1,0,1,1081
2,1,0,2,1080
2,1,0,3,1120
2,1,0,4,1085
2,1,0,5,1091
2,1,0,6,1080
2,1,0,7,1105
2,1,0,8,1099
2,1,0,9,1114
2,1,0,10,1098
2,1,0,11,1113
2,1,0,12,1106
2,1,0,13,1115
2,1,0,14,1113
2,1,0,15,1113
2,1,0,16,1082
2,1,0,17,1101
2,1,0,18,1089
2,1,0,19,1088
2,1,0,20,1088
2,1,0,21,1107
2,1,0,22,1103
2,1,0,23,1112
2,1,0,24,1098
2,1,0,25,1100
2,1,0,26,1103
2,1,0,27,1096
2,1,0,28,1096
2,1,0,29,1095
2,1,0,30,1101
2,1,0,31,1108
2,2,0,0,2052
2,2,0,1,2043
2,2,0,2,2025
2,2,0,3,2055
2,2,0,4,2015
2,2,0,5,2056
2,2,0,6,2053
2,2,0,7,2069
2,2,0,8,2047
2,2,0,9,2017
2,2,0,10,2047
2,2,0,11,2065
2,2,0,12,2038
2,2,0,13,2050
2,2,0,14,2048
2,2,0,15,2041
2,2,0,16,2072
2,2,0,17,2023
2,2,0,18,2038
2,2,0,19,2055
2,2,0,20,2053
2,2,0,21,2064
2,2,0,22,2047
2,2,0,23,2048
2,2,0,24,2037
2,2,0,25,2034
2,2,0,26,2031
2,2,0,27,2034
2,2,0,28,2044
2,2,0,29,2069
2,2,0,30,2037
2,2,0,31,2022
2,3,0,0,2942
2,3,0,1,2885
2,3,0,2,2904
2,3,0,3,2851
2,3,0,4,2881
2,3,0,5,2910
2,3,0,6,2910
2,3,0,7,2860
2,3,0,8,2894
2,3,0,9,2882
2,3,0,10,2897
2,3,0,11,2849
2,3,0,12,2944
2,3,0,13,2913
2,3,0,14,2875
2,3,0,15,2907
2,3,0,16,2906
2,3,0,17,2871
2,3,0,18,2879
2,3,0,19,2881
2,3,0,20,2870
2,3,0,21,2871
2,3,0,22,2934
2,3,0,23,2894
2,3,0,24,2882
2,3,0,25,2909
2,3,0,26,2889
2,3,0,27,2879
2,3,0,28,2955
2,3,0,29,2922
2,3,0,30,2902
2,3,0,31,2890
2,4,0,0,3410
2,4,0,1,3403
2,4,0,2,3429
2,4,0,3,3464
2,4,0,4,3411
2,4,0,5,3447
2,4,0,6,3421
2,4,0,7,3412
2,4,0,8,3416
2,4,0,9,3412
2,4,0,10,3360
2,4,0,11,3417
2,4,0,12,3402
2,4,0,13,3403
2,4,0,14,3440
2,4,0,15,3416
2,4,0,16,3443
2,4,0,17,3407
2,4,0,18,3388
2,4,0,19,3402
2,4,0,20,3423
2,4,0,21,3392
2,4,0,22,3417
2,4,0,23,3429
2,4,0,24,3383
2,4,0,25,3435
2,4,0,26,3389
2,4,0,27,3412
2,4,0,28,3383
2,4,0,29,3394
2,4,0,30,3397
2,4,0,31,3413
2,5,0,0,3620
2,5,0,1,3652
2,5,0,2,3648
2,5,0,3,3627
2,5,0,4,3621
2,5,0,5,3693
2,5,0,6,3616
2,5,0,7,3626
2,5,0,8,3606
2,5,0,9,3622
2,5,0,10,3648
2,5,0,11,3657
2,5,0,12,3673
2,5,0,13,3652
2,5,0,14,3630
2,5,0,15,3640
2,5,0,16,3665
2,5,0,17,3612
2,5,0,18,3627
2,5,0,19,4216
2,5,0,20,3641
2,5,0,21,3679
2,5,0,22,3614
2,5,0,23,3614
2,5,0,24,3618
2,5,0,25,3632
2,5,0,26,3650
2,5,0,27,3625
2,5,0,28,3623
2,5,0,29,3642
2,5,0,30,3621
2,5,0,31,3649
2,6,0,0,15635
2,6,0,1,15443
2,6,0,2,15527
2,6,0,3,15615
2,6,0,4,15437
2,6,0,5,15583
2,6,0,6,15480
2,6,0,7,15652
2,6,0,8,15594
2,6,0,9,15703
2,6,0,10,15622
2,6,0,11,15637
2,6,0,12,15448
2,6,0,13,15584
2,6,0,14,15420
2,6,0,15,15403
2,6,0,16,15557
2,6,0,17,15420
2,6,0,18,15422
2,6,0,19,15672
2,6,0,20,15409
2,6,0,21,15549
2,6,0,22,15371
2,6,0,23,15648
2,6,0,24,15395
2,6,0,25,15652
2,6,0,26,15650
2,6,0,27,15571
2,6,0,28,15462
2,6,0,29,15656
2,6,0,30,15627
2,6,0,31,15615
2,7,0,0,15692
2,7,0,1,15830
2,7,0,2,15758
2,7,0,3,15786
2,7,0,4,15794
2,7,0,5,15797
2,7,0,6,15728
2,7,0,7,15646
2,7,0,8,15583
2,7,0,9,15753
2,7,0,10,15801
2,7,0,11,15839
2,7,0,12,15784
2,7,0,13,15516
2,7,0,14,15780
2,7,0,15,15550
2,7,0,16,15851
2,7,0,17,15588
2,7,0,18,15801
2,7,0,19,15636
2,7,0,20,15799
2,7,0,21,15723
2,7,0,22,15822
2,7,0,23,15566
2,7,0,24,15824
2,7,0,25,15757
2,7,0,26,15578
2,7,0,27,15534
2,7,0,28,15636
2,7,0,29,15676
2,7,0,30,15693
2,7,0,31,15740
2,8,0,0,18201
2,8,0,1,18008
2,8,0,2,17907
2,8,0,3,17971
2,8,0,4,17986
2,8,0,5,17975
2,8,0,6,17884
2,8,0,7,17853
2,8,0,8,18010
2,8,0,9,18843
2,8,0,10,17892
2,8,0,11,18103
2,8,0,12,18259
2,8,0,13,18001
2,8,0,14,17846
2,8,0,15,18207
2,8,0,16,18084
2,8,0,17,18040
2,8,0,18,17934
2,8,0,19,17948
2,8,0,20,18216
2,8,0,21,18027
2,8,0,22,17977
2,8,0,23,17959
2,8,0,24,18041
2,8,0,25,17889
2,8,0,26,18031
2,8,0,27,18252
2,8,0,28,18193
2,8,0,29,17987
2,8,0,30,17917
2,8,0,31,18007
2,9,0,0,18665
2,9,0,1,19132
2,9,0,2,19090
2,9,0,3,18777
2,9,0,4,18817
2,9,0,5,18878
2,9,0,6,18931
2,9,0,7,18800
2,9,0,8,18880
2,9,0,9,18797
2,9,0,10,18891
2,9,0,11,19032
2,9,0,12,18851
2,9,0,13,19126
2,9,0,14,18980
2,9,0,15,18939
2,9,0,16,19007
2,9,0,17,19101
2,9,0,18,18960
2,9,0,19,18822
2,9,0,20,18841
2,9,0,21,18737
2,9,0,22,19066
2,9,0,23,18825
2,9,0,24,19086
2,9,0,25,19041
2,9,0,26,18811
2,9,0,27,19000
2,9,0,28,19083
2,9,0,29,19096
2,9,0,30,19129
2,9,0,31,19109
2,10,0,0,19819
2,10,0,1,19760
2,10,0,2,19813
2,10,0,3,19866
2,10,0,4,19676
2,10,0,5,19809
2,10,0,6,19850
2,10,0,7,19886
2,10,0,8,19836
2,10,0,9,19513
2,10,0,10,19662
2,10,0,11,19752
2,10,0,12,19545
2,10,0,13,19529
2,10,0,14,19438
2,10,0,15,19421
2,10,0,16,19535
2,10,0,17,19701
2,10,0,18,19502
2,10,0,19,19565
2,10,0,20,19465
2,10,0,21,19528
2,10,0,22,19565
2,10,0,23,19591
2,10,0,24,19492
2,10,0,25,19801
2,10,0,26,19555
2,10,0,27,19793
2,10,0,28,19763
2,10,0,29,19788
2,10,0,30,20469
2,10,0,31,19731
0,9,1,0,21670
0,9,1,1,21749
0,9,1,2,21591
0,9,1,3,21647
0,9,1,4,21675
0,9,1,5,21650
0,9,1,6,21595
0,9,1,7,21872
0,9,1,8,21610
0,9,1,9,21772
0,9,1,10,21703
0,9,1,11,21730
0,9,1,12,21694
0,9,1,13,21597
0,9,1,14,21616
0,9,1,15,21527
0,9,1,16,21717
0,9,1,17,21732
0,9,1,18,21470
0,9,1,19,21647
0,9,1,20,21725
0,9,1,21,21591
0,9,1,22,21648
0,9,1,23,21695
0,9,1,24,21548
0,9,1,25,21593
0,9,1,26,21648
0,9,1,27,21626
0,9,1,28,21622
0,9,1,29,21660
0,9,1,30,21640
0,9,1,31,21711
0,8,1,0,21427
0,8,1,1,21637
0,8,1,2,21437
0,8,1,3,21483
0,8,1,4,21554
0,8,1,5,21397
0,8,1,6,21454
0,8,1,7,21401
0,8,1,8,21623
0,8,1,9,21395
0,8,1,10,21479
0,8,1,11,21596
0,8,1,12,21542
0,8,1,13,21592
0,8,1,14,21605
0,8,1,15,21561
0,8,1,16,21588
0,8,1,17,21540
0,8,1,18,21539
0,8,1,19,21354
0,8,1,20,21608
0,8,1,21,21471
0,8,1,22,21642
0,8,1,23,21467
0,8,1,24,21486
0,8,1,25,21472
0,8,1,26,21406
0,8,1,27,21543
0,8,1,28,21547
0,8,1,29,21461
0,8,1,30,21522
0,8,1,31,21613
0,7,1,0,10476
0,7,1,1,10692
0,7,1,2,10619
0,7,1,3,10504
0,7,1,4,10546
0,7,1,5,10593
0,7,1,6,10613
0,7,1,7,10656
0,7,1,8,10707
0,7,1,9,10609
0,7,1,10,10603
0,7,1,11,10573
0,7,1,12,10607
0,7,1,13,10690
0,7,1,14,10720
0,7,1,15,10616
0,7,1,16,11124
0,7,1,17,10531
0,7,1,18,10623
0,7,1,19,10634
0,7,1,20,10818
0,7,1,21,10661
0,7,1,22,10614
0,7,1,23,10644
0,7,1,24,10602
0,7,1,25,10622
0,7,1,26,10623
0,7,1,27,10680
0,7,1,28,10624
0,7,1,29,10694
0,7,1,30,10630
0,7,1,31,10652
0,6,1,0,9635
0,6,1,1,9587
0,6,1,2,9572
0,6,1,3,9692
0,6,1,4,9662
0,6,1,5,9684
0,6,1,6,9686
0,6,1,7,9642
0,6,1,8,9653
0,6,1,9,9552
0,6,1,10,9705
0,6,1,11,9745
0,6,1,12,9581
0,6,1,13,9634
0,6,1,14,9644
0,6,1,15,9657
0,6,1,16,9722
0,6,1,17,9731
0,6,1,18,9667
0,6,1,19,9580
0,6,1,20,9683
0,6,1,21,9659
0,6,1,22,9712
0,6,1,23,9742
0,6,1,24,9665
0,6,1,25,9682
0,6,1,26,9593
0,6,1,27,9677
0,6,1,28,9669
0,6,1,29,9681
0,6,1,30,9621
0,6,1,31,9673
0,5,1,0,8981
0,5,1,1,8880
0,5,1,2,8872
0,5,1,3,8910
0,5,1,4,8874
0,5,1,5,8900
0,5,1,6,9114
0,5,1,7,8977
0,5,1,8,8937
0,5,1,9,8876
0,5,1,10,8867
0,5,1,11,8903
0,5,1,12,8899
0,5,1,13,8838
0,5,1,14,8885
0,5,1,15,8854
0,5,1,16,8807
0,5,1,17,8999
0,5,1,18,8927
0,5,1,19,8917
0,5,1,20,8793
0,5,1,21,8988
0,5,1,22,8895
0,5,1,23,8932
0,5,1,24,8965
0,5,1,25,8908
0,5,1,26,9129
0,5,1,27,8904
0,5,1,28,8985
0,5,1,29,8919
0,5,1,30,8978
0,5,1,31,9009
0,4,1,0,7981
0,4,1,1,7984
0,4,1,2,7969
0,4,1,3,7790
0,4,1,4,7888
0,4,1,5,7877
0,4,1,6,7828
0,4,1,7,7988
0,4,1,8,7885
0,4,1,9,7841
0,4,1,10,7975
0,4,1,11,7887
0,4,1,12,7877
0,4,1,13,7978
0,4,1,14,7791
0,4,1,15,7818
0,4,1,16,7774
0,4,1,17,7828
0,4,1,18,7799
0,4,1,19,7834
0,4,1,20,7789
0,4,1,21,7815
0,4,1,22,7732
0,4,1,23,7748
0,4,1,24,7686
0,4,1,25,7857
0,4,1,26,7764
0,4,1,27,7751
0,4,1,28,7758
0,4,1,29,7689
0,4,1,30,7836
0,4,1,31,7916
0,3,1,0,7183
0,3,1,1,7147
0,3,1,2,7218
0,3,1,3,7025
0,3,1,4,7199
0,3,1,5,7112
0,3,1,6,7080
0,3,1,7,7152
0,3,1,8,7144
0,3,1,9,7138
0,3,1,10,7170
0,3,1,11,7154
0,3,1,12,7099
0,3,1,13,7235
0,3,1,14,7103
0,3,1,15,7157
0,3,1,16,7121
0,3,1,17,7067
0,3,1,18,7095
0,3,1,19,7214
0,3,1,20,7144
0,3,1,21,7104
0,3,1,22,7146
0,3,1,23,7174
0,3,1,24,7183
0,3,1,25,7082
0,3,1,26,7206
0,3,1,27,7191
0,3,1,28,7136
0,3,1,29,7139
0,3,1,30,7175
0,3,1,31,7131
0,2,1,0,4524
0,2,1,1,4555
0,2,1,2,4596
0,2,1,3,4666
0,2,1,4,4578
0,2,1,5,4550
0,2,1,6,4628
0,2,1,7,4545
0,2,1,8,4553
0,2,1,9,4551
0,2,1,10,4609
0,2,1,11,4559
0,2,1,12,4571
0,2,1,13,4561
0,2,1,14,4574
0,2,1,15,4596
0,2,1,16,4596
0,2,1,17,4593
0,2,1,18,4583
0,2,1,19,4587
0,2,1,20,4608
0,2,1,21,4608
0,2,1,22,4621
0,2,1,23,4632
0,2,1,24,4597
0,2,1,25,4564
0,2,1,26,4586
0,2,1,27,4552
0,2,1,28,4620
0,2,1,29,4532
0,2,1,30,4592
0,2,1,31,4581
0,1,1,0,3457
0,1,1,1,3565
0,1,1,2,3527
0,1,1,3,3532
0,1,1,4,3517
0,1,1,5,3540
0,1,1,6,3516
0,1,1,7,3566
0,1,1,8,3554
0,1,1,9,3545
0,1,1,10,3549
0,1,1,11,3526
0,1,1,12,3534
0,1,1,13,3530
0,1,1,14,3559
0,1,1,15,3554
0,1,1,16,3487
0,1,1,17,3562
0,1,1,18,3578
0,1,1,19,3546
0,1,1,20,3536
0,1,1,21,3533
0,1,1,22,3537
0,1,1,23,3479
0,1,1,24,3531
0,1,1,25,3517
0,1,1,26,3533
0,1,1,27,3541
0,1,1,28,3526
0,1,1,29,3522
0,1,1,30,3517
0,1,1,31,3519
0,0,1,0,2790
0,0,1,1,2805
0,0,1,2,2773
0,0,1,3,2789
0,0,1,4,2774
0,0,1,5,2823
0,0,1,6,2823
0,0,1,7,2768
0,0,1,8,2774
0,0,1,9,2797
0,0,1,10,2798
0,0,1,11,2802
0,0,1,12,2796
0,0,1,13,2800
0,0,1,14,2800
0,0,1,15,2816
0,0,1,16,2792
0,0,1,17,2764
0,0,1,18,2786
0,0,1,19,2778
0,0,1,20,2776
0,0,1,21,2796
0,0,1,22,2772
0,0,1,23,2810
0,0,1,24,2779
0,0,1,25,2775
0,0,1,26,2789
0,0,1,27,2800
0,0,1,28,2814
0,0,1,29,2789
0,0,1,30,2769
0,0,1,31,2815
1,9,1,0,28352
1,9,1,1,28201
1,9,1,2,28379
1,9,1,3,28476
1,9,1,4,28408
1,9,1,5,28395
1,9,1,6,28343
1,9,1,7,28317
1,9,1,8,28479
1,9,1,9,28468
1,9,1,10,28370
1,9,1,11,28380
1,9,1,12,28473
1,9,1,13,28348
1,9,1,14,28330
1,9,1,15,28166
1,9,1,16,28391
1,9,1,17,28342
1,9,1,18,28267
1,9,1,19,28123
1,9,1,20,27987
1,9,1,21,28163
1,9,1,22,28350
1,9,1,23,28285
1,9,1,24,28348
1,9,1,25,28338
1,9,1,26,27968
1,9,1,27,27913
1,9,1,28,28279
1,9,1,29,28396
1,9,1,30,28372
1,9,1,31,28292
1,8,1,0,28078
1,8,1,1,28265
1,8,1,2,28298
1,8,1,3,28317
1,8,1,4,28315
1,8,1,5,28309
1,8,1,6,27850
1,8,1,7,28215
1,8,1,8,28334
1,8,1,9,28303
1,8,1,10,28328
1,8,1,11,28266
1,8,1,12,28186
1,8,1,13,28414
1,8,1,14,28306
1,8,1,15,28272
1,8,1,16,28185
1,8,1,17,27834
1,8,1,18,28297
1,8,1,19,27901
1,8,1,20,28266
1,8,1,21,28276
1,8,1,22,27781
1,8,1,23,28300
1,8,1,24,28006
1,8,1,25,28187
1,8,1,26,28109
1,8,1,27,28046
1,8,1,28,27846
1,8,1,29,28176
1,8,1,30,27874
1,8,1,31,27748
1,7,1,0,27870
1,7,1,1,27806
1,7,1,2,27936
1,7,1,3,28011
1,7,1,4,27847
1,7,1,5,27866
1,7,1,6,27696
1,7,1,7,27852
1,7,1,8,27673
1,7,1,9,27696
1,7,1,10,27846
1,7,1,11,28102
1,7,1,12,28087
1,7,1,13,28123
1,7,1,14,28090
1,7,1,15,27768
1,7,1,16,27833
1,7,1,17,27794
1,7,1,18,27925
1,7,1,19,27502
1,7,1,20,27834
1,7,1,21,27764
1,7,1,22,27634
1,7,1,23,27786
1,7,1,24,28129
1,7,1,25,27731
1,7,1,26,28040
1,7,1,27,27548
1,7,1,28,27840
1,7,1,29,27904
1,7,1,30,27655
1,7,1,31,27914
1,6,1,0,27573
1,6,1,1,27441
1,6,1,2,27213
1,6,1,3,27039
1,6,1,4,27264
1,6,1,5,27277
1,6,1,6,28316
1,6,1,7,27426
1,6,1,8,27322
1,6,1,9,27179
1,6,1,10,27303
1,6,1,11,27379
1,6,1,12,27287
1,6,1,13,27209
1,6,1,14,27318
1,6,1,15,27747
1,6,1,16,26978
1,6,1,17,27229
1,6,1,18,27455
1,6,1,19,27102
1,6,1,20,27471
1,6,1,21,27275
1,6,1,22,27071
1,6,1,23,27265
1,6,1,24,27320
1,6,1,25,27254
1,6,1,26,27341
1,6,1,27,27384
1,6,1,28,27184
1,6,1,29,27328
1,6,1,30,27206
1,6,1,31,27131
1,5,1,0,26424
1,5,1,1,26811
1,5,1,2,26836
1,5,1,3,26877
1,5,1,4,26826
1,5,1,5,26625
1,5,1,6,26790
1,5,1,7,26812
1,5,1,8,26281
1,5,1,9,26309
1,5,1,10,26442
1,5,1,11,26296
1,5,1,12,26271
1,5,1,13,26336
1,5,1,14,26272
1,5,1,15,26362
1,5,1,16,26330
1,5,1,17,26537
1,5,1,18,26396
1,5,1,19,26335
1,5,1,20,26325
1,5,1,21,26297
1,5,1,22,26321
1,5,1,23,26436
1,5,1,24,26654
1,5,1,25,27074
1,5,1,26,26326
1,5,1,27,26625
1,5,1,28,26424
1,5,1,29,26285
1,5,1,30,26419
1,5,1,31,26650
1,4,1,0,26226
1,4,1,1,26524
1,4,1,2,27209
1,4,1,3,26392
1,4,1,4,26525
1,4,1,5,26196
1,4,1,6,26224
1,4,1,7,26354
1,4,1,8,26374
1,4,1,9,26342
1,4,1,10,26431
1,4,1,11,26171
1,4,1,12,26382
1,4,1,13,26322
1,4,1,14,26332
1,4,1,15,26361
1,4,1,16,26569
1,4,1,17,26485
1,4,1,18,26230
1,4,1,19,26302
1,4,1,20,26249
1,4,1,21,26635
1,4,1,22,26358
1,4,1,23,26616
1,4,1,24,26177
1,4,1,25,26661
1,4,1,26,26247
1,4,1,27,26237
1,4,1,28,26314
1,4,1,29,26209
1,4,1,30,26598
1,4,1,31,26188
1,3,1,0,14366
1,3,1,1,14342
1,3,1,2,14672
1,3,1,3,14623
1,3,1,4,14630
1,3,1,5,14470
1,3,1,6,14473
1,3,1,7,14719
1,3,1,8,14367
1,3,1,9,14429
1,3,1,10,14394
1,3,1,11,14469
1,3,1,12,14717
1,3,1,13,14698
1,3,1,14,14719
1,3,1,15,14449
1,3,1,16,14429
1,3,1,17,14503
1,3,1,18,14472
1,3,1,19,14609
1,3,1,20,14684
1,3,1,21,14719
1,3,1,22,14379
1,3,1,23,14681
1,3,1,24,14441
1,3,1,25,14619
1,3,1,26,14635
1,3,1,27,14555
1,3,1,28,14658
1,3,1,29,14530
1,3,1,30,14701
1,3,1,31,14550
1,2,1,0,14155
1,2,1,1,14222
1,2,1,2,14388
1,2,1,3,14330
1,2,1,4,14482
1,2,1,5,14519
1,2,1,6,14500
1,2,1,7,14263
1,2,1,8,14468
1,2,1,9,14202
1,2,1,10,14544
1,2,1,11,14392
1,2,1,12,14501
1,2,1,13,14501
1,2,1,14,14472
1,2,1,15,14457
1,2,1,16,14451
1,2,1,17,14144
1,2,1,18,14542
1,2,1,19,14392
1,2,1,20,14430
1,2,1,21,14369
1,2,1,22,14488
1,2,1,23,14474
1,2,1,24,14397
1,2,1,25,14484
1,2,1,26,14433
1,2,1,27,14931
1,2,1,28,14318
1,2,1,29,14329
1,2,1,30,14467
1,2,1,31,14440
1,1,1,0,13465
1,1,1,1,13701
1,1,1,2,13690
1,1,1,3,13692
1,1,1,4,13623
1,1,1,5,13530
1,1,1,6,13691
1,1,1,7,13701
1,1,1,8,13719
1,1,1,9,13755
1,1,1,10,13733
1,1,1,11,13756
1,1,1,12,13695
1,1,1,13,13705
1,1,1,14,13661
1,1,1,15,13458
1,1,1,16,13487
1,1,1,17,13613
1,1,1,18,13687
1,1,1,19,13706
1,1,1,20,13711
1,1,1,21,13431
1,1,1,22,13698
1,1,1,23,13495
1,1,1,24,13629
1,1,1,25,13731
1,1,1,26,13469
1,1,1,27,13543
1,1,1,28,13440
1,1,1,29,13566
1,1,1,30,13435
1,1,1,31,13642
1,0,1,0,378
1,0,1,1,355
1,0,1,2,357
1,0,1,3,365
1,0,1,4,361
1,0,1,5,370
1,0,1,6,369
1,0,1,7,372
1,0,1,8,365
1,0,1,9,374
1,0,1,10,362
1,0,1,11,368
1,0,1,12,363
1,0,1,13,361
1,0,1,14,353
1,0,1,15,364
1,0,1,16,350
1,0,1,17,374
1,0,1,18,364
1,0,1,19,355
1,0,1,20,351
1,0,1,21,360
1,0,1,22,362
1,0,1,23,359
1,0,1,24,354
1,0,1,25,369
1,0,1,26,371
1,0,1,27,361
1,0,1,28,369
1,0,1,29,367
1,0,1,30,363
1,0,1,31,357
2,10,1,0,19907
2,10,1,1,19596
2,10,1,2,19568
2,10,1,3,19692
2,10,1,4,19477
2,10,1,5,19528
2,10,1,6,19832
2,10,1,7,19810
2,10,1,8,19553
2,10,1,9,19498
2,10,1,10,19647
2,10,1,11,19566
2,10,1,12,19727
2,10,1,13,19812
2,10,1,14,19871
2,10,1,15,19454
2,10,1,16,19656
2,10,1,17,19712
2,10,1,18,19559
2,10,1,19,19882
2,10,1,20,19516
2,10,1,21,19478
2,10,1,22,19499
2,10,1,23,19587
2,10,1,24,19502
2,10,1,25,19550
2,10,1,26,19608
2,10,1,27,19552
2,10,1,28,19841
2,10,1,29,19893
2,10,1,30,19916
2,10,1,31,19848
2,9,1,0,19089
2,9,1,1,18825
2,9,1,2,18708
2,9,1,3,18774
2,9,1,4,18863
2,9,1,5,19104
2,9,1,6,19060
2,9,1,7,18785
2,9,1,8,19112
2,9,1,9,18805
2,9,1,10,18788
2,9,1,11,19070
2,9,1,12,18817
2,9,1,13,18843
2,9,1,14,19116
2,9,1,15,18814
2,9,1,16,18846
2,9,1,17,18981
2,9,1,18,18955
2,9,1,19,18950
2,9,1,20,19129
2,9,1,21,19250
2,9,1,22,19126
2,9,1,23,18947
2,9,1,24,19079
2,9,1,25,19130
2,9,1,26,19135
2,9,1,27,19097
2,9,1,28,19003
2,9,1,29,19099
2,9,1,30,19164
2,9,1,31,19089
2,8,1,0,18235
2,8,1,1,18236
2,8,1,2,18241
2,8,1,3,18236
2,8,1,4,18173
2,8,1,5,18274
2,8,1,6,17860
2,8,1,7,18091
2,8,1,8,18237
2,8,1,9,18808
2,8,1,10,18356
2,8,1,11,18087
2,8,1,12,18102
2,8,1,13,17895
2,8,1,14,17975
2,8,1,15,18188
2,8,1,16,18085
2,8,1,17,17910
2,8,1,18,17934
2,8,1,19,17983
2,8,1,20,17910
2,8,1,21,17957
2,8,1,22,17928
2,8,1,23,18215
2,8,1,24,17973
2,8,1,25,17930
2,8,1,26,17876
2,8,1,27,17960
2,8,1,28,18043
2,8,1,29,18163
2,8,1,30,18313
2,8,1,31,18353
2,7,1,0,15852
2,7,1,1,15569
2,7,1,2,15832
2,7,1,3,15839
2,7,1,4,15843
2,7,1,5,15592
2,7,1,6,15569
2,7,1,7,15592
2,7,1,8,15650
2,7,1,9,15568
2,7,1,10,15607
2,7,1,11,15816
2,7,1,12,15645
2,7,1,13,15610
2,7,1,14,15576
2,7,1,15,15797
2,7,1,16,15602
2,7,1,17,15574
2,7,1,18,15608
2,7,1,19,15657
2,7,1,20,15592
2,7,1,21,15583
2,7,1,22,15548
2,7,1,23,15875
2,7,1,24,15612
2,7,1,25,15600
2,7,1,26,15827
2,7,1,27,15867
2,7,1,28,15596
2,7,1,29,15743
2,7,1,30,15933
2,7,1,31,15773
2,6,1,0,15636
2,6,1,1,15481
2,6,1,2,15430
2,6,1,3,15490
2,6,1,4,15727
2,6,1,5,15566
2,6,1,6,15452
2,6,1,7,15504
2,6,1,8,15430
2,6,1,9,15681
2,6,1,10,15889
2,6,1,11,15821
2,6,1,12,15454
2,6,1,13,16072
2,6,1,14,15366
2,6,1,15,15451
2,6,1,16,15445
2,6,1,17,15447
2,6,1,18,15424
2,6,1,19,15604
2,6,1,20,15411
2,6,1,21,15451
2,6,1,22,15398
2,6,1,23,15481
2,6,1,24,15409
2,6,1,25,15371
2,6,1,26,15494
2,6,1,27,15638
2,6,1,28,15533
2,6,1,29,15720
2,6,1,30,15652
2,6,1,31,15417
2,5,1,0,3616
2,5,1,1,3654
2,5,1,2,3648
2,5,1,3,3632
2,5,1,4,3620
2,5,1,5,3617
2,5,1,6,3627
2,5,1,7,3624
2,5,1,8,3654
2,5,1,9,3587
2,5,1,10,3592
2,5,1,11,3658
2,5,1,12,3617
2,5,1,13,3660
2,5,1,14,3611
2,5,1,15,3583
2,5,1,16,3642
2,5,1,17,3604
2,5,1,18,3693
2,5,1,19,3631
2,5,1,20,3641
2,5,1,21,3673
2,5,1,22,3619
2,5,1,23,3632
2,5,1,24,3629
2,5,1,25,3649
2,5,1,26,3625
2,5,1,27,3655
2,5,1,28,3644
2,5,1,29,3613
2,5,1,30,3633
2,5,1,31,3589
2,4,1,0,3435
2,4,1,1,3396
2,4,1,2,3438
2,4,1,3,3409
2,4,1,4,3396
2,4,1,5,3384
2,4,1,6,3430
2,4,1,7,3438
2,4,1,8,3396
2,4,1,9,3394
2,4,1,10,3427
2,4,1,11,3450
2,4,1,12,3466
2,4,1,13,3451
2,4,1,14,3429
2,4,1,15,3436
2,4,1,16,3434
2,4,1,17,3435
2,4,1,18,3787
2,4,1,19,3385
2,4,1,20,3396
2,4,1,21,3417
2,4,1,22,3384
2,4,1,23,3410
2,4,1,24,3425
2,4,1,25,3407
2,4,1,26,3435
2,4,1,27,3398
2,4,1,28,3470
2,4,1,29,3411
2,4,1,30,3412
2,4,1,31,3435
2,3,1,0,2885
2,3,1,1,2905
2,3,1,2,2872
2,3,1,3,2892
2,3,1,4,2895
2,3,1,5,2870
2,3,1,6,2909
2,3,1,7,2883
2,3,1,8,2882
2,3,1,9,2884
2,3,1,10,2892
2,3,1,11,2891
2,3,1,12,2861
2,3,1,13,2833
2,3,1,14,2892
2,3,1,15,2886
2,3,1,16,2866
2,3,1,17,2890
2,3,1,18,2909
2,3,1,19,2903
2,3,1,20,2882
2,3,1,21,2876
2,3,1,22,2865
2,3,1,23,2867
2,3,1,24,2890
2,3,1,25,2881
2,3,1,26,2865
2,3,1,27,2892
2,3,1,28,2880
2,3,1,29,2896
2,3,1,30,2864
2,3,1,31,2886
2,2,1,0,2030
2,2,1,1,2035
2,2,1,2,2026
2,2,1,3,2059
2,2,1,4,2073
2,2,1,5,2060
2,2,1,6,2042
2,2,1,7,2041
2,2,1,8,2033
2,2,1,9,2049
2,2,1,10,2043
2,2,1,11,2048
2,2,1,12,2055
2,2,1,13,2038
2,2,1,14,2040
2,2,1,15,2029
2,2,1,16,2043
2,2,1,17,2051
2,2,1,18,2053
2,2,1,19,2029
2,2,1,20,2055
2,2,1,21,2049
2,2,1,22,2050
2,2,1,23,2032
2,2,1,24,2043
2,2,1,25,2043
2,2,1,26,2041
2,2,1,27,2054
2,2,1,28,2023
2,2,1,29,2048
2,2,1,30,2040
2,2,1,31,2044
2,1,1,0,1105
2,1,1,1,1085
2,1,1,2,1089
2,1,1,3,1084
2,1,1,4,1402
2,1,1,5,1102
2,1,1,6,1103
2,1,1,7,1109
2,1,1,8,1088
2,1,1,9,1338
2,1,1,10,1091
2,1,1,11,1104
2,1,1,12,1089
2,1,1,13,1100
2,1,1,14,1095
2,1,1,15,1081
2,1,1,16,1120
2,1,1,17,1095
2,1,1,18,1092
2,1,1,19,1104
2,1,1,20,1071
2,1,1,21,1102
2,1,1,22,1100
2,1,1,23,1100
2,1,1,24,1087
2,1,1,25,1123
2,1,1,26,1089
2,1,1,27,1090
2,1,1,28,1094
2,1,1,29,1098
2,1,1,30,1092
2,1,1,31,1087
2,0,1,0,665
2,0,1,1,676
2,0,1,2,651
2,0,1,3,649
2,0,1,4,659
2,0,1,5,669
2,0,1,6,664
2,0,1,7,676
2,0,1,8,677
2,0,1,9,672
2,0,1,10,674
2,0,1,11,694
2,0,1,12,669
2,0,1,13,667
2,0,1,14,667
2,0,1,15,647
2,0,1,16,674
2,0,1,17,669
2,0,1,18,660
2,0,1,19,680
2,0,1,20,671
2,0,1,21,668
2,0,1,22,658
2,0,1,23,663
2,0,1,24,674
2,0,1,25,685
2,0,1,26,681
2,0,1,27,677
2,0,1,28,669
2,0,1,29,672
2,0,1,30,658
2,0,1,31,663
0,0,2,0,2806
0,0,2,1,2805
0,0,2,2,2797
0,0,2,3,2786
0,0,2,4,2795
0,0,2,5,2788
0,0,2,6,2804
0,0,2,7,2762
0,0,2,8,2791
0,0,2,9,2818
0,0,2,10,2764
0,0,2,11,2815
0,0,2,12,2787
0,0,2,13,2794
0,0,2,14,2802
0,0,2,15,2804
0,0,2,16,2832
0,0,2,17,2799
0,0,2,18,2785
0,0,2,19,2810
0,0,2,20,2802
0,0,2,21,2848
0,0,2,22,2794
0,0,2,23,2784
0,0,2,24,2730
0,0,2,25,2810
0,0,2,26,2810
0,0,2,27,2796
0,0,2,28,2766
0,0,2,29,2786
0,0,2,30,2799
0,0,2,31,2787
0,1,2,0,3569
0,1,2,1,3517
0,1,2,2,3525
0,1,2,3,3548
0,1,2,4,3548
0,1,2,5,3542
0,1,2,6,3552
0,1,2,7,3596
0,1,2,8,3540
0,1,2,9,3555
0,1,2,10,3618
0,1,2,11,3538
0,1,2,12,3544
0,1,2,13,3583
0,1,2,14,3551
0,1,2,15,3541
0,1,2,16,3497
0,1,2,17,3548
0,1,2,18,3627
0,1,2,19,3549
0,1,2,20,3552
0,1,2,21,3542
0,1,2,22,3578
0,1,2,23,3576
0,1,2,24,3534
0,1,2,25,3556
0,1,2,26,3585
0,1,2,27,3569
0,1,2,28,3568
0,1,2,29,3568
0,1,2,30,3558
0,1,2,31,3532
0,2,2,0,4550
0,2,2,1,4611
0,2,2,2,4590
0,2,2,3,4593
0,2,2,4,4601
0,2,2,5,4598
0,2,2,6,4585
0,2,2,7,4580
0,2,2,8,4575
0,2,2,9,4551
0,2,2,10,4623
0,2,2,11,4596
0,2,2,12,4585
0,2,2,13,4567
0,2,2,14,4561
0,2,2,15,4538
0,2,2,16,4604
0,2,2,17,4542
0,2,2,18,4585
0,2,2,19,4599
0,2,2,20,4583
0,2,2,21,4573
0,2,2,22,4741
0,2,2,23,4593
0,2,2,24,4572
0,2,2,25,4631
0,2,2,26,4615
0,2,2,27,4539
0,2,2,28,4580
0,2,2,29,4593
0,2,2,30,4618
0,2,2,31,4592
0,3,2,0,7130
0,3,2,1,7162
0,3,2,2,7184
0,3,2,3,7055
0,3,2,4,7196
0,3,2,5,7176
0,3,2,6,7105
0,3,2,7,7175
0,3,2,8,7212
0,3,2,9,7159
0,3,2,10,6983
0,3,2,11,7073
0,3,2,12,7153
0,3,2,13,7212
0,3,2,14,7078
0,3,2,15,7185
0,3,2,16,7172
0,3,2,17,7020
0,3,2,18,7133
0,3,2,19,7002
0,3,2,20,7204
0,3,2,21,7237
0,3,2,22,7292
0,3,2,23,7210
0,3,2,24,7025
0,3,2,25,7206
0,3,2,26,7176
0,3,2,27,7240
0,3,2,28,7202
0,3,2,29,7206
0,3,2,30,7222
0,3,2,31,7240
0,4,2,0,7845
0,4,2,1,7911
0,4,2,2,7873
0,4,2,3,7972
0,4,2,4,7842
0,4,2,5,7807
0,4,2,6,7885
0,4,2,7,7811
0,4,2,8,7864
0,4,2,9,7915
0,4,2,10,7836
0,4,2,11,7894
0,4,2,12,7954
0,4,2,13,7885
0,4,2,14,7896
0,4,2,15,7792
0,4,2,16,7910
0,4,2,17,7827
0,4,2,18,7911
0,4,2,19,7746
0,4,2,20,7865
0,4,2,21,8161
0,4,2,22,7971
0,4,2,23,7788
0,4,2,24,7700
0,4,2,25,7770
0,4,2,26,7737
0,4,2,27,7757
0,4,2,28,7788
0,4,2,29,7932
0,4,2,30,7839
0,4,2,31,7713
0,5,2,0,8886
0,5,2,1,8918
0,5,2,2,8954
0,5,2,3,8949
0,5,2,4,8978
0,5,2,5,8942
0,5,2,6,8938
0,5,2,7,8941
0,5,2,8,8954
0,5,2,9,8922
0,5,2,10,8940
0,5,2,11,8881
0,5,2,12,8940
0,5,2,13,9131
0,5,2,14,8916
0,5,2,15,8996
0,5,2,16,8795
0,5,2,17,8932
0,5,2,18,8923
0,5,2,19,8920
0,5,2,20,8801
0,5,2,21,8923
0,5,2,22,8955
0,5,2,23,8887
0,5,2,24,8922
0,5,2,25,8808
0,5,2,26,8835
0,5,2,27,8919
0,5,2,28,8762
0,5,2,29,8959
0,5,2,30,8818
0,5,2,31,8884
0,6,2,0,9645
0,6,2,1,9700
0,6,2,2,9751
0,6,2,3,9672
0,6,2,4,9610
0,6,2,5,9733
0,6,2,6,9660
0,6,2,7,9751
0,6,2,8,9709
0,6,2,9,9655
0,6,2,10,9580
0,6,2,11,9572
0,6,2,12,9674
0,6,2,13,9750
0,6,2,14,9662
0,6,2,15,9525
0,6,2,16,9682
0,6,2,17,9560
0,6,2,18,9649
0,6,2,19,9762
0,6,2,20,9504
0,6,2,21,9625
0,6,2,22,9590
0,6,2,23,9695
0,6,2,24,9708
0,6,2,25,9655
0,6,2,26,9775
0,6,2,27,9711
0,6,2,28,9670
0,6,2,29,9614
0,6,2,30,9662
0,6,2,31,9630
0,7,2,0,10613
0,7,2,1,10636
0,7,2,2,10606
0,7,2,3,10655
0,7,2,4,10583
0,7,2,5,10569
0,7,2,6,10626
0,7,2,7,10590
0,7,2,8,10702
0,7,2,9,10623
0,7,2,10,10640
0,7,2,11,10637
0,7,2,12,10637
0,7,2,13,10529
0,7,2,14,10515
0,7,2,15,10788
0,7,2,16,10637
0,7,2,17,10645
0,7,2,18,10645
0,7,2,19,10633
0,7,2,20,10699
0,7,2,21,10648
0,7,2,22,10779
0,7,2,23,10633
0,7,2,24,10578
0,7,2,25,10664
0,7,2,26,11066
0,7,2,27,10764
0,7,2,28,10526
0,7,2,29,10656
0,7,2,30,10608
0,7,2,31,10581
0,8,2,0,21425
0,8,2,1,21535
0,8,2,2,21603
0,8,2,3,21325
0,8,2,4,21495
0,8,2,5,21462
0,8,2,6,21419
0,8,2,7,21504
0,8,2,8,21552
0,8,2,9,21754
0,8,2,10,21479
0,8,2,11,21449
0,8,2,12,21672
0,8,2,13,21527
0,8,2,14,21544
0,8,2,15,21521
0,8,2,16,21628
0,8,2,17,21467
0,8,2,18,21345
0,8,2,19,21585
0,8,2,20,21544
0,8,2,21,21457
0,8,2,22,21462
0,8,2,23,21505
0,8,2,24,21503
0,8,2,25,21400
0,8,2,26,21400
0,8,2,27,21526
0,8,2,28,21480
0,8,2,29,21499
0,8,2,30,21343
0,8,2,31,21579
0,9,2,0,21751
0,9,2,1,21557
0,9,2,2,21651
0,9,2,3,21545
0,9,2,4,21675
0,9,2,5,21738
0,9,2,6,21573
0,9,2,7,21546
0,9,2,8,21579
0,9,2,9,21403
0,9,2,10,21718
0,9,2,11,21859
0,9,2,12,21503
0,9,2,13,21845
0,9,2,14,21560
0,9,2,15,21702
0,9,2,16,21560
0,9,2,17,21798
0,9,2,18,21632
0,9,2,19,21466
0,9,2,20,21549
0,9,2,21,21597
0,9,2,22,21544
0,9,2,23,21563
0,9,2,24,21616
0,9,2,25,21599
0,9,2,26,21646
0,9,2,27,21798
0,9,2,28,21744
0,9,2,29,21701
0,9,2,30,21612
0,9,2,31,21594
1,0,2,0,407
1,0,2,1,361
1,0,2,2,363
1,0,2,3,367
1,0,2,4,365
1,0,2,5,371
1,0,2,6,377
1,0,2,7,370
1,0,2,8,372
1,0,2,9,373
1,0,2,10,376
1,0,2,11,377
1,0,2,12,378
1,0,2,13,375
1,0,2,14,381
1,0,2,15,686
1,0,2,16,369
1,0,2,17,372
1,0,2,18,371
1,0,2,19,362
1,0,2,20,370
1,0,2,21,367
1,0,2,22,363
1,0,2,23,366
1,0,2,24,373
1,0,2,25,380
1,0,2,26,372
1,0,2,27,356
1,0,2,28,359
1,0,2,29,357
1,0,2,30,354
1,0,2,31,371
1,1,2,0,13824
1,1,2,1,13756
1,1,2,2,13664
1,1,2,3,14048
1,1,2,4,13720
1,1,2,5,13671
1,1,2,6,13823
1,1,2,7,13773
1,1,2,8,13517
1,1,2,9,13701
1,1,2,10,13573
1,1,2,11,13434
1,1,2,12,13725
1,1,2,13,13703
1,1,2,14,13520
1,1,2,15,13962
1,1,2,16,13736
1,1,2,17,13728
1,1,2,18,13724
1,1,2,19,13690
1,1,2,20,13921
1,1,2,21,13879
1,1,2,22,13597
1,1,2,23,13770
1,1,2,24,13410
1,1,2,25,13535
1,1,2,26,13507
1,1,2,27,13600
1,1,2,28,13664
1,1,2,29,13701
1,1,2,30,13873
1,1,2,31,13746
1,2,2,0,14888
1,2,2,1,14474
1,2,2,2,14472
1,2,2,3,14426
1,2,2,4,14412
1,2,2,5,14469
1,2,2,6,14368
1,2,2,7,14387
1,2,2,8,14461
1,2,2,9,14257
1,2,2,10,14446
1,2,2,11,14311
1,2,2,12,14420
1,2,2,13,14195
1,2,2,14,14338
1,2,2,15,14258
1,2,2,16,14197
1,2,2,17,14261
1,2,2,18,14238
1,2,2,19,14233
1,2,2,20,14518
1,2,2,21,14200
1,2,2,22,14467
1,2,2,23,14231
1,2,2,24,14392
1,2,2,25,14461
1,2,2,26,14416
1,2,2,27,14392
1,2,2,28,14466
1,2,2,29,14459
1,2,2,30,14464
1,2,2,31,14532
1,3,2,0,14747
1,3,2,1,14719
1,3,2,2,14717
1,3,2,3,14476
1,3,2,4,14691
1,3,2,5,14631
1,3,2,6,14710
1,3,2,7,14573
1,3,2,8,14678
1,3,2,9,14560
1,3,2,10,14786
1,3,2,11,14717
1,3,2,12,14682
1,3,2,13,14551
1,3,2,14,14624
1,3,2,15,14610
1,3,2,16,14466
1,3,2,17,14455
1,3,2,18,14548
1,3,2,19,14610
1,3,2,20,14547
1,3,2,21,14656
1,3,2,22,14689
1,3,2,23,14618
1,3,2,24,14690
1,3,2,25,14673
1,3,2,26,14708
1,3,2,27,14547
1,3,2,28,14702
1,3,2,29,14712
1,3,2,30,14616
1,3,2,31,14720
1,4,2,0,26543
1,4,2,1,26504
1,4,2,2,26449
1,4,2,3,26642
1,4,2,4,26504
1,4,2,5,26676
1,4,2,6,27086
1,4,2,7,26342
1,4,2,8,26181
1,4,2,9,26284
1,4,2,10,26234
1,4,2,11,26409
1,4,2,12,26573
1,4,2,13,26291
1,4,2,14,26421
1,4,2,15,26584
1,4,2,16,26444
1,4,2,17,26282
1,4,2,18,26401
1,4,2,19,26351
1,4,2,20,26423
1,4,2,21,26282
1,4,2,22,26389
1,4,2,23,26335
1,4,2,24,26449
1,4,2,25,26528
1,4,2,26,26436
1,4,2,27,26276
1,4,2,28,26210
1,4,2,29,26243
1,4,2,30,26265
1,4,2,31,26607
1,5,2,0,26562
1,5,2,1,26639
1,5,2,2,26353
1,5,2,3,26858
1,5,2,4,26608
1,5,2,5,26718
1,5,2,6,26679
1,5,2,7,26749
1,5,2,8,26818
1,5,2,9,26736
1,5,2,10,26714
1,5,2,11,26847
1,5,2,12,26752
1,5,2,13,26811
1,5,2,14,26783
1,5,2,15,26609
1,5,2,16,26759
1,5,2,17,26415
1,5,2,18,26661
1,5,2,19,26840
1,5,2,20,26769
1,5,2,21,26690
1,5,2,22,26398
1,5,2,23,26768
1,5,2,24,26750
1,5,2,25,26709
1,5,2,26,26769
1,5,2,27,26415
1,5,2,28,26711
1,5,2,29,26904
1,5,2,30,26885
1,5,2,31,26718
1,6,2,0,27000
1,6,2,1,27561
1,6,2,2,27761
1,6,2,3,27468
1,6,2,4,27243
1,6,2,5,27108
1,6,2,6,27467
1,6,2,7,27344
1,6,2,8,27603
1,6,2,9,27354
1,6,2,10,27032
1,6,2,11,27190
1,6,2,12,27399
1,6,2,13,27065
1,6,2,14,27102
1,6,2,15,27401
1,6,2,16,27152
1,6,2,17,27300
1,6,2,18,27278
1,6,2,19,27087
1,6,2,20,27087
1,6,2,21,27030
1,6,2,22,27311
1,6,2,23,27195
1,6,2,24,27368
1,6,2,25,27054
1,6,2,26,27561
1,6,2,27,27352
1,6,2,28,27022
1,6,2,29,27084
1,6,2,30,27132
1,6,2,31,27057
1,7,2,0,27910
1,7,2,1,27785
1,7,2,2,28020
1,7,2,3,27675
1,7,2,4,28075
1,7,2,5,28112
1,7,2,6,28049
1,7,2,7,27650
1,7,2,8,27676
1,7,2,9,27951
1,7,2,10,27603
1,7,2,11,27879
1,7,2,12,27852
1,7,2,13,27942
1,7,2,14,27783
1,7,2,15,28039
1,7,2,16,28022
1,7,2,17,27603
1,7,2,18,28103
1,7,2,19,27966
1,7,2,20,27792
1,7,2,21,27787
1,7,2,22,27666
1,7,2,23,27993
1,7,2,24,28089
1,7,2,25,27843
1,7,2,26,27846
1,7,2,27,27685
1,7,2,28,27659
1,7,2,29,28080
1,7,2,30,27851
1,7,2,31,27804
1,8,2,0,28411
1,8,2,1,28329
1,8,2,2,28326
1,8,2,3,28271
1,8,2,4,27725
1,8,2,5,28021
1,8,2,6,28211
1,8,2,7,28101
1,8,2,8,28283
1,8,2,9,28225
1,8,2,10,28239
1,8,2,11,28273
1,8,2,12,28342
1,8,2,13,28348
1,8,2,14,28246
1,8,2,15,28554
1,8,2,16,28308
1,8,2,17,27743
1,8,2,18,27930
1,8,2,19,28209
1,8,2,20,27875
1,8,2,21,28204
1,8,2,22,27921
1,8,2,23,27943
1,8,2,24,28219
1,8,2,25,28251
1,8,2,26,28115
1,8,2,27,28317
1,8,2,28,28269
1,8,2,29,27966
1,8,2,30,28320
1,8,2,31,27870
1,9,2,0,27846
1,9,2,1,28383
1,9,2,2,28332
1,9,2,3,28384
1,9,2,4,28338
1,9,2,5,28310
1,9,2,6,28410
1,9,2,7,28377
1,9,2,8,28370
1,9,2,9,28390
1,9,2,10,28200
1,9,2,11,28350
1,9,2,12,28418
1,9,2,13,28330
1,9,2,14,28195
1,9,2,15,28060
1,9,2,16,28014
1,9,2,17,28381
1,9,2,18,27705
1,9,2,19,27847
1,9,2,20,28241
1,9,2,21,28323
1,9,2,22,28032
1,9,2,23,27904
1,9,2,24,28348
1,9,2,25,28157
1,9,2,26,28652
1,9,2,27,28365
1,9,2,28,28433
1,9,2,29,28298
1,9,2,30,28103
1,9,2,31,28590
2,0,2,0,697
2,0,2,1,661
2,0,2,2,646
2,0,2,3,669
2,0,2,4,673
2,0,2,5,657
2,0,2,6,657
2,0,2,7,662
2,0,2,8,647
2,0,2,9,658
2,0,2,10,654
2,0,2,11,664
2,0,2,12,672
2,0,2,13,665
2,0,2,14,659
2,0,2,15,684
2,0,2,16,674
2,0,2,17,649
2,0,2,18,669
2,0,2,19,657
2,0,2,20,684
2,0,2,21,667
2,0,2,22,680
2,0,2,23,669
2,0,2,24,686
2,0,2,25,656
2,0,2,26,668
2,0,2,27,695
2,0,2,28,681
2,0,2,29,701
2,0,2,30,681
2,0,2,31,652
2,1,2,0,1131
2,1,2,1,1101
2,1,2,2,1098
2,1,2,3,1082
2,1,2,4,1091
2,1,2,5,1095
2,1,2,6,1099
2,1,2,7,1105
2,1,2,8,1114
2,1,2,9,1079
2,1,2,10,1099
2,1,2,11,1093
2,1,2,12,1080
2,1,2,13,1095
2,1,2,14,1102
2,1,2,15,1104
2,1,2,16,1104
2,1,2,17,1103
2,1,2,18,1107
2,1,2,19,1070
2,1,2,20,1090
2,1,2,21,1094
2,1,2,22,1082
2,1,2,23,1084
2,1,2,24,1096
2,1,2,25,1116
2,1,2,26,1088
2,1,2,27,1106
2,1,2,28,1095
2,1,2,29,1106
2,1,2,30,1100
2,1,2,31,1079
2,2,2,0,2086
2,2,2,1,2038
2,2,2,2,2028
2,2,2,3,2037
2,2,2,4,2021
2,2,2,5,2042
2,2,2,6,2054
2,2,2,7,2042
2,2,2,8,2041
2,2,2,9,2047
2,2,2,10,2024
2,2,2,11,2044
2,2,2,12,2038
2,2,2,13,2054
2,2,2,14,2038
2,2,2,15,2025
2,2,2,16,2041
2,2,2,17,2036
2,2,2,18,2055
2,2,2,19,2034
2,2,2,20,2023
2,2,2,21,2049
2,2,2,22,2060
2,2,2,23,2061
2,2,2,24,2056
2,2,2,25,2028
2,2,2,26,2036
2,2,2,27,2024
2,2,2,28,2047
2,2,2,29,2032
2,2,2,30,2036
2,2,2,31,2037
2,3,2,0,2963
2,3,2,1,2904
2,3,2,2,2878
2,3,2,3,2910
2,3,2,4,2914
2,3,2,5,2900
2,3,2,6,2884
2,3,2,7,2889
2,3,2,8,2886
2,3,2,9,2905
2,3,2,10,2871
2,3,2,11,2830
2,3,2,12,2886
2,3,2,13,2920
2,3,2,14,2934
2,3,2,15,2906
2,3,2,16,2882
2,3,2,17,2913
2,3,2,18,2888
2,3,2,19,2889
2,3,2,20,2888
2,3,2,21,2865
2,3,2,22,2866
2,3,2,23,2883
2,3,2,24,2879
2,3,2,25,2880
2,3,2,26,2864
2,3,2,27,2926
2,3,2,28,2922
2,3,2,29,2897
2,3,2,30,2886
2,3,2,31,2878
2,4,2,0,3397
2,4,2,1,3400
2,4,2,2,3412
2,4,2,3,3395
2,4,2,4,3470
2,4,2,5,3409
2,4,2,6,3386
2,4,2,7,3422
2,4,2,8,3447
2,4,2,9,3408
2,4,2,10,3439
2,4,2,11,3444
2,4,2,12,3420
2,4,2,13,3406
2,4,2,14,3395
2,4,2,15,3420
2,4,2,16,3420
2,4,2,17,3369
2,4,2,18,3418
2,4,2,19,3426
2,4,2,20,3411
2,4,2,21,3419
2,4,2,22,3409
2,4,2,23,3397
2,4,2,24,3431
2,4,2,25,3395
2,4,2,26,3411
2,4,2,27,3453
2,4,2,28,3426
2,4,2,29,3404
2,4,2,30,3431
2,4,2,31,3399
2,5,2,0,3628
2,5,2,1,3657
2,5,2,2,3679
2,5,2,3,3623
2,5,2,4,3624
2,5,2,5,3653
2,5,2,6,3635
2,5,2,7,3660
2,5,2,8,3625
2,5,2,9,3674
2,5,2,10,3689
2,5,2,11,3672
2,5,2,12,3617
2,5,2,13,3655
2,5,2,14,3636
2,5,2,15,3598
2,5,2,16,3605
2,5,2,17,3623
2,5,2,18,3656
2,5,2,19,3617
2,5,2,20,3638
2,5,2,21,3631
2,5,2,22,3640
2,5,2,23,3620
2,5,2,24,3646
2,5,2,25,3664
2,5,2,26,3621
2,5,2,27,3623
2,5,2,28,3625
2,5,2,29,3616
2,5,2,30,3584
2,5,2,31,3695
2,6,2,0,15662
2,6,2,1,15507
2,6,2,2,15392
2,6,2,3,15696
2,6,2,4,15654
2,6,2,5,15396
2,6,2,6,15609
2,6,2,7,15436
2,6,2,8,15510
2,6,2,9,15587
2,6,2,10,15418
2,6,2,11,15345
2,6,2,12,15622
2,6,2,13,15550
2,6,2,14,15635
2,6,2,15,15432
2,6,2,16,15398
2,6,2,17,15403
2,6,2,18,15467
2,6,2,19,15425
2,6,2,20,15415
2,6,2,21,15603
2,6,2,22,15656
2,6,2,23,15690
2,6,2,24,15663
2,6,2,25,15675
2,6,2,26,15653
2,6,2,27,15497
2,6,2,28,15434
2,6,2,29,15427
2,6,2,30,15419
2,6,2,31,15493
2,7,2,0,15810
2,7,2,1,15617
2,7,2,2,15590
2,7,2,3,15569
2,7,2,4,15800
2,7,2,5,16376
2,7,2,6,15747
2,7,2,7,15790
2,7,2,8,15839
2,7,2,9,15759
2,7,2,10,15810
2,7,2,11,15742
2,7,2,12,15799
2,7,2,13,15626
2,7,2,14,15595
2,7,2,15,15802
2,7,2,16,15688
2,7,2,17,15796
2,7,2,18,15638
2,7,2,19,15612
2,7,2,20,15664
2,7,2,21,15802
2,7,2,22,15757
2,7,2,23,15769
2,7,2,24,15809
2,7,2,25,15879
2,7,2,26,15785
2,7,2,27,15815
2,7,2,28,15881
2,7,2,29,15718
2,7,2,30,15830
2,7,2,31,15620
2,8,2,0,18270
2,8,2,1,17979
2,8,2,2,18077
2,8,2,3,18276
2,8,2,4,18012
2,8,2,5,18029
2,8,2,6,18246
2,8,2,7,18224
2,8,2,8,18274
2,8,2,9,17943
2,8,2,10,18245
2,8,2,11,18246
2,8,2,12,17949
2,8,2,13,18204
2,8,2,14,18228
2,8,2,15,18317
2,8,2,16,17992
2,8,2,17,17989
2,8,2,18,18019
2,8,2,19,18183
2,8,2,20,17924
2,8,2,21,18199
2,8,2,22,18195
2,8,2,23,18250
2,8,2,24,18160
2,8,2,25,18024
2,8,2,26,18055
2,8,2,27,18196
2,8,2,28,18229
2,8,2,29,18277
2,8,2,30,18216
2,8,2,31,18209
2,9,2,0,18932
2,9,2,1,18915
2,9,2,2,18825
2,9,2,3,18785
2,9,2,4,18833
2,9,2,5,18862
2,9,2,6,19016
2,9,2,7,18862
2,9,2,8,19083
2,9,2,9,18811
2,9,2,10,19134
2,9,2,11,19138
2,9,2,12,18875
2,9,2,13,18777
2,9,2,14,18838
2,9,2,15,18900
2,9,2,16,18803
2,9,2,17,18743
2,9,2,18,19217
2,9,2,19,18873
2,9,2,20,18858
2,9,2,21,18792
2,9,2,22,19122
2,9,2,23,19076
2,9,2,24,19127
2,9,2,25,19160
2,9,2,26,19076
2,9,2,27,19053
2,9,2,28,18807
2,9,2,29,18776
2,9,2,30,19011
2,9,2,31,19382
2,10,2,0,19855
2,10,2,1,19815
2,10,2,2,19854
2,10,2,3,19696
2,10,2,4,19845
2,10,2,5,19801
2,10,2,6,19819
2,10,2,7,19506
2,10,2,8,19856
2,10,2,9,19842
2,10,2,10,19860
2,10,2,11,19838
2,10,2,12,19568
2,10,2,13,19499
2,10,2,14,19671
2,10,2,15,19514
2,10,2,16,19626
2,10,2,17,19892
2,10,2,18,19802
2,10,2,19,19812
2,10,2,20,19807
2,10,2,21,19554
2,10,2,22,19548
2,10,2,23,19831
2,10,2,24,19548
2,10,2,25,19886
2,10,2,26,19458
2,10,2,27,19723
2,10,2,28,19548
2,10,2,29,19505
2,10,2,30,19546
2,10,2,31,19447
0,9,3,0,21510
0,9,3,1,21638
0,9,3,2,21835
0,9,3,3,21617
0,9,3,4,21444
0,9,3,5,21547
0,9,3,6,21754
0,9,3,7,21726
0,9,3,8,21829
0,9,3,9,21752
0,9,3,10,21770
0,9,3,11,21627
0,9,3,12,21629
0,9,3,13,21724
0,9,3,14,21755
0,9,3,15,21609
0,9,3,16,21489
0,9,3,17,21719
0,9,3,18,21699
0,9,3,19,21590
0,9,3,20,21575
0,9,3,21,21588
0,9,3,22,21425
0,9,3,23,21586
0,9,3,24,21546
0,9,3,25,21515
0,9,3,26,21603
0,9,3,27,21595
0,9,3,28,21472
0,9,3,29,21696
0,9,3,30,21717
0,9,3,31,21560
0,8,3,0,21339
0,8,3,1,21590
0,8,3,2,21510
0,8,3,3,21543
0,8,3,4,21441
0,8,3,5,21513
0,8,3,6,21554
0,8,3,7,21419
0,8,3,8,21381
0,8,3,9,21406
0,8,3,10,21484
0,8,3,11,21683
0,8,3,12,21496
0,8,3,13,21506
0,8,3,14,21457
0,8,3,15,21577
0,8,3,16,21470
0,8,3,17,21658
0,8,3,18,21518
0,8,3,19,21473
0,8,3,20,21425
0,8,3,21,21447
0,8,3,22,21420
0,8,3,23,21861
0,8,3,24,21518
0,8,3,25,21573
0,8,3,26,21607
0,8,3,27,21597
0,8,3,28,21552
0,8,3,29,21675
0,8,3,30,21551
0,8,3,31,21568
0,7,3,0,10640
0,7,3,1,10579
0,7,3,2,10616
0,7,3,3,10606
0,7,3,4,10624
0,7,3,5,10756
0,7,3,6,10647
0,7,3,7,10719
0,7,3,8,10635
0,7,3,9,10615
0,7,3,10,10569
0,7,3,11,10645
0,7,3,12,10652
0,7,3,13,10608
0,7,3,14,10618
0,7,3,15,10673
0,7,3,16,10639
0,7,3,17,10632
0,7,3,18,10680
0,7,3,19,10660
0,7,3,20,10529
0,7,3,21,10659
0,7,3,22,10692
0,7,3,23,10606
0,7,3,24,10586
0,7,3,25,10615
0,7,3,26,10555
0,7,3,27,10632
0,7,3,28,10657
0,7,3,29,10652
0,7,3,30,10683
0,7,3,31,10630
0,6,3,0,9634
0,6,3,1,9671
0,6,3,2,9697
0,6,3,3,9676
0,6,3,4,9637
0,6,3,5,9684
0,6,3,6,9566
0,6,3,7,9614
0,6,3,8,9687
0,6,3,9,9634
0,6,3,10,9719
0,6,3,11,9682
0,6,3,12,9664
0,6,3,13,9644
0,6,3,14,9647
0,6,3,15,9828
0,6,3,16,9596
0,6,3,17,9631
0,6,3,18,9647
0,6,3,19,9690
0,6,3,20,9634
0,6,3,21,9678
0,6,3,22,9656
0,6,3,23,9652
0,6,3,24,9645
0,6,3,25,9693
0,6,3,26,9601
0,6,3,27,9526
0,6,3,28,9671
0,6,3,29,9682
0,6,3,30,9700
0,6,3,31,9550
0,5,3,0,8882
0,5,3,1,8894
0,5,3,2,8845
0,5,3,3,8932
0,5,3,4,8809
0,5,3,5,8841
0,5,3,6,8878
0,5,3,7,8951
0,5,3,8,8910
0,5,3,9,8899
0,5,3,10,9026
0,5,3,11,8872
0,5,3,12,8903
0,5,3,13,8906
0,5,3,14,8886
0,5,3,15,8964
0,5,3,16,8931
0,5,3,17,8937
0,5,3,18,8963
0,5,3,19,8837
0,5,3,20,8853
0,5,3,21,8792
0,5,3,22,8882
0,5,3,23,8968
0,5,3,24,8928
0,5,3,25,8800
0,5,3,26,8906
0,5,3,27,9032
0,5,3,28,8927
0,5,3,29,8879
0,5,3,30,8860
0,5,3,31,8951
0,4,3,0,7840
0,4,3,1,7951
0,4,3,2,7764
0,4,3,3,7850
0,4,3,4,7950
0,4,3,5,7934
0,4,3,6,7909
0,4,3,7,7839
0,4,3,8,7864
0,4,3,9,7849
0,4,3,10,7900
0,4,3,11,7857
0,4,3,12,7906
0,4,3,13,7876
0,4,3,14,7872
0,4,3,15,8138
0,4,3,16,7909
0,4,3,17,7776
0,4,3,18,7894
0,4,3,19,7873
0,4,3,20,7835
0,4,3,21,7887
0,4,3,22,7858
0,4,3,23,7890
0,4,3,24,8022
0,4,3,25,7846
0,4,3,26,7880
0,4,3,27,7913
0,4,3,28,7904
0,4,3,29,7893
0,4,3,30,7920
0,4,3,31,7886
0,3,3,0,7146
0,3,3,1,7033
0,3,3,2,7012
0,3,3,3,7135
0,3,3,4,7111
0,3,3,5,7198
0,3,3,6,7175
0,3,3,7,6994
0,3,3,8,7126
0,3,3,9,7119
0,3,3,10,7136
0,3,3,11,7186
0,3,3,12,7140
0,3,3,13,7139
0,3,3,14,7235
0,3,3,15,7149
0,3,3,16,7119
0,3,3,17,7149
0,3,3,18,7029
0,3,3,19,7119
0,3,3,20,7164
0,3,3,21,7175
0,3,3,22,7036
0,3,3,23,7163
0,3,3,24,7180
0,3,3,25,7151
0,3,3,26,7145
0,3,3,27,7137
0,3,3,28,7005
0,3,3,29,7190
0,3,3,30,7142
0,3,3,31,7022
0,2,3,0,4432
0,2,3,1,4594
0,2,3,2,4595
0,2,3,3,4614
0,2,3,4,4577
0,2,3,5,4612
0,2,3,6,4592
0,2,3,7,4578
0,2,3,8,4604
0,2,3,9,4606
0,2,3,10,4626
0,2,3,11,4607
0,2,3,12,4572
0,2,3,13,4650
0,2,3,14,4564
0,2,3,15,4582
0,2,3,16,4566
0,2,3,17,4604
0,2,3,18,4599
0,2,3,19,4588
0,2,3,20,4748
0,2,3,21,4628
0,2,3,22,4599
0,2,3,23,4556
0,2,3,24,4618
0,2,3,25,4570
0,2,3,26,4591
0,2,3,27,4607
0,2,3,28,4534
0,2,3,29,4590
0,2,3,30,4669
0,2,3,31,4628
0,1,3,0,3497
0,1,3,1,3539
0,1,3,2,3570
0,1,3,3,3556
0,1,3,4,3534
0,1,3,5,3539
0,1,3,6,3580
0,1,3,7,3548
0,1,3,8,3541
0,1,3,9,3521
0,1,3,10,3504
0,1,3,11,3565
0,1,3,12,3575
0,1,3,13,3529
0,1,3,14,3583
0,1,3,15,3516
0,1,3,16,3474
0,1,3,17,3515
0,1,3,18,3512
0,1,3,19,3551
0,1,3,20,3557
0,1,3,21,3548
0,1,3,22,3512
0,1,3,23,3554
0,1,3,24,3527
0,1,3,25,3479
0,1,3,26,3518
0,1,3,27,3565
0,1,3,28,3554
0,1,3,29,3503
0,1,3,30,3551
0,1,3,31,3566
0,0,3,0,2790
0,0,3,1,2803
0,0,3,2,2785
0,0,3,3,2756
0,0,3,4,2804
0,0,3,5,2771
0,0,3,6,2765
0,0,3,7,2735
0,0,3,8,2765
0,0,3,9,2785
0,0,3,10,2786
0,0,3,11,2782
0,0,3,12,2795
0,0,3,13,2839
0,0,3,14,2807
0,0,3,15,2809
0,0,3,16,2776
0,0,3,17,2787
0,0,3,18,2789
0,0,3,19,2789
0,0,3,20,2810
0,0,3,21,2727
0,0,3,22,2817
0,0,3,23,2800
0,0,3,24,2781
0,0,3,25,2809
0,0,3,26,2789
0,0,3,27,2819
0,0,3,28,2792
0,0,3,29,2776
0,0,3,30,2779
0,0,3,31,2779
1,9,3,0,28364
1,9,3,1,28377
1,9,3,2,27957
1,9,3,3,28380
1,9,3,4,28296
1,9,3,5,28363
1,9,3,6,28354
1,9,3,7,27944
1,9,3,8,28349
1,9,3,9,28326
1,9,3,10,28395
1,9,3,11,28271
1,9,3,12,28356
1,9,3,13,28332
1,9,3,14,28071
1,9,3,15,28099
1,9,3,16,27868
1,9,3,17,28436
1,9,3,18,28384
1,9,3,19,28248
1,9,3,20,28339
1,9,3,21,28281
1,9,3,22,28270
1,9,3,23,28837
1,9,3,24,28428
1,9,3,25,27955
1,9,3,26,28114
1,9,3,27,27860
1,9,3,28,28319
1,9,3,29,28352
1,9,3,30,28154
1,9,3,31,28633
1,8,3,0,27825
1,8,3,1,28339
1,8,3,2,28267
1,8,3,3,28152
1,8,3,4,28431
1,8,3,5,28450
1,8,3,6,28322
1,8,3,7,27953
1,8,3,8,28195
1,8,3,9,28281
1,8,3,10,28258
1,8,3,11,27989
1,8,3,12,28234
1,8,3,13,28352
1,8,3,14,28345
1,8,3,15,28256
1,8,3,16,28310
1,8,3,17,28424
1,8,3,18,27947
1,8,3,19,27796
1,8,3,20,27792
1,8,3,21,28296
1,8,3,22,28253
1,8,3,23,27912
1,8,3,24,28170
1,8,3,25,27797
1,8,3,26,28257
1,8,3,27,27834
1,8,3,28,28224
1,8,3,29,28295
1,8,3,30,28295
1,8,3,31,28129
1,7,3,0,27546
1,7,3,1,27691
1,7,3,2,27779
1,7,3,3,28168
1,7,3,4,27754
1,7,3,5,27860
1,7,3,6,27823
1,7,3,7,27994
1,7,3,8,27989
1,7,3,9,28102
1,7,3,10,27636
1,7,3,11,27754
1,7,3,12,27595
1,7,3,13,28091
1,7,3,14,27836
1,7,3,15,27669
1,7,3,16,28092
1,7,3,17,28604
1,7,3,18,27627
1,7,3,19,28015
1,7,3,20,27624
1,7,3,21,28097
1,7,3,22,28002
1,7,3,23,28106
1,7,3,24,28016
1,7,3,25,27610
1,7,3,26,27676
1,7,3,27,28133
1,7,3,28,28131
1,7,3,29,27651
1,7,3,30,27943
1,7,3,31,28316
1,6,3,0,27456
1,6,3,1,27672
1,6,3,2,27475
1,6,3,3,27563
1,6,3,4,27486
1,6,3,5,27518
1,6,3,6,27442
1,6,3,7,27570
1,6,3,8,27433
1,6,3,9,27490
1,6,3,10,27465
1,6,3,11,27397
1,6,3,12,27306
1,6,3,13,27361
1,6,3,14,27311
1,6,3,15,27533
1,6,3,16,27496
1,6,3,17,27266
1,6,3,18,27351
1,6,3,19,27459
1,6,3,20,27312
1,6,3,21,28944
1,6,3,22,27541
1,6,3,23,27467
1,6,3,24,27458
1,6,3,25,27403
1,6,3,26,27482
1,6,3,27,27474
1,6,3,28,27545
1,6,3,29,27432
1,6,3,30,27389
1,6,3,31,27479
1,5,3,0,26715
1,5,3,1,26755
1,5,3,2,26725
1,5,3,3,26827
1,5,3,4,26786
1,5,3,5,26423
1,5,3,6,26644
1,5,3,7,26589
1,5,3,8,26843
1,5,3,9,26461
1,5,3,10,26249
1,5,3,11,26990
1,5,3,12,26753
1,5,3,13,26741
1,5,3,14,26773
1,5,3,15,26941
1,5,3,16,26852
1,5,3,17,26777
1,5,3,18,26632
1,5,3,19,26763
1,5,3,20,26320
1,5,3,21,26704
1,5,3,22,26739
1,5,3,23,26746
1,5,3,24,26537
1,5,3,25,26559
1,5,3,26,26541
1,5,3,27,26628
1,5,3,28,26766
1,5,3,29,26231
1,5,3,30,26424
1,5,3,31,26388
1,4,3,0,26470
1,4,3,1,26580
1,4,3,2,26665
1,4,3,3,26366
1,4,3,4,26570
1,4,3,5,26316
1,4,3,6,26606
1,4,3,7,26412
1,4,3,8,26361
1,4,3,9,26657
1,4,3,10,26677
1,4,3,11,26607
1,4,3,12,26614
1,4,3,13,26654
1,4,3,14,26543
1,4,3,15,26706
1,4,3,16,26610
1,4,3,17,26637
1,4,3,18,26692
1,4,3,19,26677
1,4,3,20,26605
1,4,3,21,26564
1,4,3,22,26589
1,4,3,23,26611
1,4,3,24,26705
1,4,3,25,26744
1,4,3,26,26599
1,4,3,27,26611
1,4,3,28,26618
1,4,3,29,26569
1,4,3,30,26565
1,4,3,31,26606
1,3,3,0,14614
1,3,3,1,14630
1,3,3,2,14600
1,3,3,3,14409
1,3,3,4,14742
1,3,3,5,14385
1,3,3,6,14442
1,3,3,7,14659
1,3,3,8,14382
1,3,3,9,14643
1,3,3,10,14656
1,3,3,11,14665
1,3,3,12,14682
1,3,3,13,14661
1,3,3,14,14586
1,3,3,15,14688
1,3,3,16,14531
1,3,3,17,15079
1,3,3,18,14680
1,3,3,19,14634
1,3,3,20,14674
1,3,3,21,14677
1,3,3,22,14897
1,3,3,23,15108
1,3,3,24,14679
1,3,3,25,14873
1,3,3,26,14412
1,3,3,27,14694
1,3,3,28,14444
1,3,3,29,14468
1,3,3,30,14730
1,3,3,31,14810
1,2,3,0,14451
1,2,3,1,14435
1,2,3,2,14523
1,2,3,3,14574
1,2,3,4,14395
1,2,3,5,14189
1,2,3,6,14175
1,2,3,7,14273
1,2,3,8,14203
1,2,3,9,14353
1,2,3,10,14213
1,2,3,11,14280
1,2,3,12,14465
1,2,3,13,14491
1,2,3,14,14463
1,2,3,15,14550
1,2,3,16,15759
1,2,3,17,14279
1,2,3,18,14523
1,2,3,19,14440
1,2,3,20,14480
1,2,3,21,14468
1,2,3,22,14488
1,2,3,23,14405
1,2,3,24,14242
1,2,3,25,14437
1,2,3,26,14389
1,2,3,27,14442
1,2,3,28,14458
1,2,3,29,14408
1,2,3,30,14397
1,2,3,31,14509
1,1,3,0,13748
1,1,3,1,13664
1,1,3,2,13659
1,1,3,3,13510
1,1,3,4,13715
1,1,3,5,13511
1,1,3,6,13761
1,1,3,7,13758
1,1,3,8,13486
1,1,3,9,13708
1,1,3,10,13686
1,1,3,11,13678
1,1,3,12,13663
1,1,3,13,13548
1,1,3,14,13702
1,1,3,15,13751
1,1,3,16,13683
1,1,3,17,13767
1,1,3,18,13462
1,1,3,19,13413
1,1,3,20,13689
1,1,3,21,13460
1,1,3,22,13567
1,1,3,23,13741
1,1,3,24,13745
1,1,3,25,13660
1,1,3,26,13614
1,1,3,27,13651
1,1,3,28,13698
1,1,3,29,13786
1,1,3,30,13466
1,1,3,31,13625
1,0,3,0,362
1,0,3,1,363
1,0,3,2,363
1,0,3,3,363
1,0,3,4,358
1,0,3,5,366
1,0,3,6,363
1,0,3,7,373
1,0,3,8,358
1,0,3,9,374
1,0,3,10,371
1,0,3,11,365
1,0,3,12,372
1,0,3,13,364
1,0,3,14,369
1,0,3,15,363
1,0,3,16,365
1,0,3,17,366
1,0,3,18,366
1,0,3,19,365
1,0,3,20,360
1,0,3,21,372
1,0,3,22,374
1,0,3,23,367
1,0,3,24,368
1,0,3,25,358
1,0,3,26,376
1,0,3,27,362
1,0,3,28,387
1,0,3,29,372
1,0,3,30,360
1,0,3,31,368
2,10,3,0,19488
2,10,3,1,19807
2,10,3,2,19769
2,10,3,3,19491
2,10,3,4,19774
2,10,3,5,20095
2,10,3,6,19450
2,10,3,7,19524
2,10,3,8,19476
2,10,3,9,19839
2,10,3,10,19501
2,10,3,11,19599
2,10,3,12,19919
2,10,3,13,19611
2,10,3,14,19752
2,10,3,15,19810
2,10,3,16,20251
2,10,3,17,19669
2,10,3,18,19657
2,10,3,19,19761
2,10,3,20,19829
2,10,3,21,19537
2,10,3,22,19835
2,10,3,23,19830
2,10,3,24,19702
2,10,3,25,19484
2,10,3,26,19492
2,10,3,27,19826
2,10,3,28,19862
2,10,3,29,19901
2,10,3,30,19810
2,10,3,31,19866
2,9,3,0,19151
2,9,3,1,18896
2,9,3,2,18767
2,9,3,3,18908
2,9,3,4,18796
2,9,3,5,18934
2,9,3,6,18850
2,9,3,7,19030
2,9,3,8,18769
2,9,3,9,18873
2,9,3,10,18787
2,9,3,11,18975
2,9,3,12,18749
2,9,3,13,19149
2,9,3,14,18961
2,9,3,15,19115
2,9,3,16,19143
2,9,3,17,19136
2,9,3,18,19045
2,9,3,19,19009
2,9,3,20,19088
2,9,3,21,19285
2,9,3,22,19119
2,9,3,23,19048
2,9,3,24,19038
2,9,3,25,19143
2,9,3,26,19073
2,9,3,27,19128
2,9,3,28,19177
2,9,3,29,19134
2,9,3,30,18989
2,9,3,31,19028
2,8,3,0,18325
2,8,3,1,18056
2,8,3,2,18294
2,8,3,3,17968
2,8,3,4,18163
2,8,3,5,18108
2,8,3,6,17881
2,8,3,7,18287
2,8,3,8,17988
2,8,3,9,18198
2,8,3,10,18218
2,8,3,11,17905
2,8,3,12,18285
2,8,3,13,18257
2,8,3,14,18295
2,8,3,15,18242
2,8,3,16,18264
2,8,3,17,18241
2,8,3,18,18321
2,8,3,19,18134
2,8,3,20,18038
2,8,3,21,17860
2,8,3,22,18061
2,8,3,23,17944
2,8,3,24,18217
2,8,3,25,18009
2,8,3,26,18156
2,8,3,27,18224
2,8,3,28,17954
2,8,3,29,18094
2,8,3,30,18034
2,8,3,31,17956
2,7,3,0,15882
2,7,3,1,15782
2,7,3,2,15539
2,7,3,3,15571
2,7,3,4,15864
2,7,3,5,16297
2,7,3,6,15764
2,7,3,7,15655
2,7,3,8,15606
2,7,3,9,15599
2,7,3,10,15582
2,7,3,11,15812
2,7,3,12,15802
2,7,3,13,15804
2,7,3,14,15556
2,7,3,15,15663
2,7,3,16,15561
2,7,3,17,15657
2,7,3,18,15613
2,7,3,19,15597
2,7,3,20,15629
2,7,3,21,15528
2,7,3,22,15674
2,7,3,23,15620
2,7,3,24,15809
2,7,3,25,15644
2,7,3,26,15532
2,7,3,27,15676
2,7,3,28,15540
2,7,3,29,15581
2,7,3,30,15522
2,7,3,31,15593
2,6,3,0,15690
2,6,3,1,15511
2,6,3,2,15620
2,6,3,3,15633
2,6,3,4,15674
2,6,3,5,15618
2,6,3,6,15672
2,6,3,7,15603
2,6,3,8,15465
2,6,3,9,15633
2,6,3,10,15638
2,6,3,11,15402
2,6,3,12,15615
2,6,3,13,15643
2,6,3,14,15584
2,6,3,15,15521
2,6,3,16,15397
2,6,3,17,15428
2,6,3,18,15605
2,6,3,19,15594
2,6,3,20,15678
2,6,3,21,15369
2,6,3,22,15566
2,6,3,23,15429
2,6,3,24,15339
2,6,3,25,15547
2,6,3,26,15713
2,6,3,27,15667
2,6,3,28,15465
2,6,3,29,15383
2,6,3,30,15743
2,6,3,31,15427
2,5,3,0,3644
2,5,3,1,3636
2,5,3,2,3628
2,5,3,3,3641
2,5,3,4,3627
2,5,3,5,3624
2,5,3,6,3615
2,5,3,7,3603
2,5,3,8,3661
2,5,3,9,3704
2,5,3,10,3641
2,5,3,11,3615
2,5,3,12,3636
2,5,3,13,3654
2,5,3,14,3652
2,5,3,15,3611
2,5,3,16,3640
2,5,3,17,3660
2,5,3,18,3645
2,5,3,19,3648
2,5,3,20,3609
2,5,3,21,3662
2,5,3,22,3654
2,5,3,23,3631
2,5,3,24,3611
2,5,3,25,3682
2,5,3,26,3628
2,5,3,27,3639
2,5,3,28,3608
2,5,3,29,3607
2,5,3,30,3700
2,5,3,31,3629
2,4,3,0,3381
2,4,3,1,3404
2,4,3,2,3377
2,4,3,3,3420
2,4,3,4,3418
2,4,3,5,3430
2,4,3,6,3393
2,4,3,7,3460
2,4,3,8,3409
2,4,3,9,3417
2,4,3,10,3409
2,4,3,11,3439
2,4,3,12,3441
2,4,3,13,3416
2,4,3,14,3420
2,4,3,15,3414
2,4,3,16,3438
2,4,3,17,3469
2,4,3,18,3404
2,4,3,19,3436
2,4,3,20,3437
2,4,3,21,3436
2,4,3,22,3429
2,4,3,23,3414
2,4,3,24,3412
2,4,3,25,3422
2,4,3,26,3422
2,4,3,27,3422
2,4,3,28,3434
2,4,3,29,3443
2,4,3,30,3407
2,4,3,31,3418
2,3,3,0,2897
2,3,3,1,2884
2,3,3,2,2878
2,3,3,3,2886
2,3,3,4,2901
2,3,3,5,2874
2,3,3,6,2872
2,3,3,7,2866
2,3,3,8,2892
2,3,3,9,2916
2,3,3,10,2907
2,3,3,11,2888
2,3,3,12,2909
2,3,3,13,2912
2,3,3,14,2891
2,3,3,15,2912
2,3,3,16,2901
2,3,3,17,2856
2,3,3,18,2884
2,3,3,19,2877
2,3,3,20,2905
2,3,3,21,2904
2,3,3,22,2874
2,3,3,23,2877
2,3,3,24,2937
2,3,3,25,2922
2,3,3,26,2905
2,3,3,27,2893
2,3,3,28,2934
2,3,3,29,2908
2,3,3,30,2925
2,3,3,31,2907
2,2,3,0,2053
2,2,3,1,2024
2,2,3,2,2055
2,2,3,3,2042
2,2,3,4,2060
2,2,3,5,2052
2,2,3,6,2027
2,2,3,7,2023
2,2,3,8,2035
2,2,3,9,2039
2,2,3,10,2038
2,2,3,11,2058
2,2,3,12,2036
2,2,3,13,2017
2,2,3,14,2037
2,2,3,15,2052
2,2,3,16,2059
2,2,3,17,2046
2,2,3,18,2027
2,2,3,19,2064
2,2,3,20,2061
2,2,3,21,2072
2,2,3,22,2038
2,2,3,23,2057
2,2,3,24,2042
2,2,3,25,2037
2,2,3,26,2055
2,2,3,27,2050
2,2,3,28,2044
2,2,3,29,2035
2,2,3,30,2044
2,2,3,31,2038
2,1,3,0,1087
2,1,3,1,1088
2,1,3,2,1105
2,1,3,3,1082
2,1,3,4,1083
2,1,3,5,1091
2,1,3,6,1092
2,1,3,7,1088
2,1,3,8,1099
2,1,3,9,1107
2,1,3,10,1084
2,1,3,11,1099
2,1,3,12,1096
2,1,3,13,1101
2,1,3,14,1083
2,1,3,15,1090
2,1,3,16,1103
2,1,3,17,1100
2,1,3,18,1087
2,1,3,19,1081
2,1,3,20,1101
2,1,3,21,1072
2,1,3,22,1125
2,1,3,23,1105
2,1,3,24,1098
2,1,3,25,1087
2,1,3,26,1100
2,1,3,27,1106
2,1,3,28,1110
2,1,3,29,1115
2,1,3,30,1091
2,1,3,31,1089
2,0,3,0,669
2,0,3,1,653
2,0,3,2,650
2,0,3,3,658
2,0,3,4,660
2,0,3,5,658
2,0,3,6,662
2,0,3,7,664
2,0,3,8,668
2,0,3,9,682
2,0,3,10,663
2,0,3,11,687
2,0,3,12,668
2,0,3,13,675
2,0,3,14,665
2,0,3,15,666
2,0,3,16,675
2,0,3,17,659
2,0,3,18,670
2,0,3,19,657
2,0,3,20,657
2,0,3,21,649
2,0,3,22,673
2,0,3,23,654
2,0,3,24,664
2,0,3,25,675
2,0,3,26,665
2,0,3,27,663
2,0,3,28,673
2,0,3,29,666
2,0,3,30,657
2,0,3,31,677
0,0,4,0,2752
0,0,4,1,2810
0,0,4,2,2840
0,0,4,3,2782
0,0,4,4,2818
0,0,4,5,2774
0,0,4,6,2805
0,0,4,7,2789
0,0,4,8,2795
0,0,4,9,2816
0,0,4,10,2805
0,0,4,11,2803
0,0,4,12,2804
0,0,4,13,2780
0,0,4,14,2861
0,0,4,15,2813
0,0,4,16,2783
0,0,4,17,2780
0,0,4,18,2801
0,0,4,19,2793
0,0,4,20,2806
0,0,4,21,2805
0,0,4,22,2781
0,0,4,23,2786
0,0,4,24,2782
0,0,4,25,2800
0,0,4,26,2788
0,0,4,27,2785
0,0,4,28,2779
0,0,4,29,2768
0,0,4,30,2802
0,0,4,31,2788
0,1,4,0,3545
0,1,4,1,3541
0,1,4,2,3530
0,1,4,3,3562
0,1,4,4,3575
0,1,4,5,3574
0,1,4,6,3530
0,1,4,7,3571
0,1,4,8,3517
0,1,4,9,3533
0,1,4,10,3537
0,1,4,11,3538
0,1,4,12,3542
0,1,4,13,3545
0,1,4,14,3540
0,1,4,15,3572
0,1,4,16,3541
0,1,4,17,3537
0,1,4,18,3611
0,1,4,19,3571
0,1,4,20,3567
0,1,4,21,3545
0,1,4,22,3526
0,1,4,23,3529
0,1,4,24,3520
0,1,4,25,3533
0,1,4,26,3517
0,1,4,27,3540
0,1,4,28,3520
0,1,4,29,3538
0,1,4,30,3519
0,1,4,31,3508
0,2,4,0,4674
0,2,4,1,4597
0,2,4,2,4641
0,2,4,3,4594
0,2,4,4,4601
0,2,4,5,4565
0,2,4,6,4612
0,2,4,7,4596
0,2,4,8,4620
0,2,4,9,4597
0,2,4,10,4603
0,2,4,11,4596
0,2,4,12,4581
0,2,4,13,4568
0,2,4,14,4597
0,2,4,15,4565
0,2,4,16,4571
0,2,4,17,4598
0,2,4,18,4633
0,2,4,19,4595
0,2,4,20,4614
0,2,4,21,4571
0,2,4,22,4598
0,2,4,23,4576
0,2,4,24,4594
0,2,4,25,4635
0,2,4,26,4618
0,2,4,27,4598
0,2,4,28,4613
0,2,4,29,4585
0,2,4,30,4596
0,2,4,31,4619
0,3,4,0,7187
0,3,4,1,7127
0,3,4,2,7040
0,3,4,3,7138
0,3,4,4,7089
0,3,4,5,7064
0,3,4,6,7095
0,3,4,7,7118
0,3,4,8,7193
0,3,4,9,7034
0,3,4,10,7000
0,3,4,11,7161
0,3,4,12,7175
0,3,4,13,7158
0,3,4,14,7142
0,3,4,15,7178
0,3,4,16,7165
0,3,4,17,7114
0,3,4,18,7132
0,3,4,19,7169
0,3,4,20,7178
0,3,4,21,7152
0,3,4,22,7153
0,3,4,23,7040
0,3,4,24,7174
0,3,4,25,7131
0,3,4,26,7149
0,3,4,27,7150
0,3,4,28,7134
0,3,4,29,7169
0,3,4,30,7106
0,3,4,31,7016
0,4,4,0,7760
0,4,4,1,7879
0,4,4,2,7874
0,4,4,3,7868
0,4,4,4,7879
0,4,4,5,7929
0,4,4,6,7857
0,4,4,7,7759
0,4,4,8,7809
0,4,4,9,7908
0,4,4,10,7931
0,4,4,11,7936
0,4,4,12,7925
0,4,4,13,7927
0,4,4,14,7901
0,4,4,15,7962
0,4,4,16,7887
0,4,4,17,7875
0,4,4,18,7914
0,4,4,19,7972
0,4,4,20,7877
0,4,4,21,7923
0,4,4,22,7843
0,4,4,23,7916
0,4,4,24,7901
0,4,4,25,7902
0,4,4,26,7709
0,4,4,27,7946
0,4,4,28,7902
0,4,4,29,7928
0,4,4,30,7897
0,4,4,31,7734
0,5,4,0,8976
0,5,4,1,8906
0,5,4,2,8828
0,5,4,3,8860
0,5,4,4,8884
0,5,4,5,8914
0,5,4,6,8805
0,5,4,7,8907
0,5,4,8,8923
0,5,4,9,8905
0,5,4,10,8904
0,5,4,11,8923
0,5,4,12,8925
0,5,4,13,9018
0,5,4,14,8947
0,5,4,15,8827
0,5,4,16,8846
0,5,4,17,8814
0,5,4,18,8792
0,5,4,19,8879
0,5,4,20,8795
0,5,4,21,8901
0,5,4,22,8881
0,5,4,23,8923
0,5,4,24,8867
0,5,4,25,8929
0,5,4,26,8846
0,5,4,27,8925
0,5,4,28,8893
0,5,4,29,8868
0,5,4,30,8925
0,5,4,31,8898
0,6,4,0,9623
0,6,4,1,9643
0,6,4,2,9615
0,6,4,3,9635
0,6,4,4,10239
0,6,4,5,9703
0,6,4,6,9627
0,6,4,7,9645
0,6,4,8,9696
0,6,4,9,9639
0,6,4,10,9677
0,6,4,11,9718
0,6,4,12,9667
0,6,4,13,9725
0,6,4,14,9717
0,6,4,15,9648
0,6,4,16,9678
0,6,4,17,9675
0,6,4,18,9737
0,6,4,19,9642
0,6,4,20,9596
0,6,4,21,9585
0,6,4,22,9688
0,6,4,23,9696
0,6,4,24,9784
0,6,4,25,9687
0,6,4,26,9662
0,6,4,27,9687
0,6,4,28,9674
0,6,4,29,9719
0,6,4,30,9645
0,6,4,31,9666
0,7,4,0,10640
0,7,4,1,10610
0,7,4,2,10634
0,7,4,3,10589
0,7,4,4,10515
0,7,4,5,10759
0,7,4,6,10646
0,7,4,7,10569
0,7,4,8,10571
0,7,4,9,10627
0,7,4,10,10577
0,7,4,11,10653
0,7,4,12,10644
0,7,4,13,10577
0,7,4,14,10641
0,7,4,15,10597
0,7,4,16,10552
0,7,4,17,10609
0,7,4,18,10613
0,7,4,19,10608
0,7,4,20,10622
0,7,4,21,10621
0,7,4,22,10589
0,7,4,23,10675
0,7,4,24,10608
0,7,4,25,10652
0,7,4,26,10654
0,7,4,27,10632
0,7,4,28,10707
0,7,4,29,10697
0,7,4,30,10653
0,7,4,31,10594
0,8,4,0,21784
0,8,4,1,21691
0,8,4,2,21576
0,8,4,3,21749
0,8,4,4,21583
0,8,4,5,21559
0,8,4,6,21481
0,8,4,7,21616
0,8,4,8,21554
0,8,4,9,21508
0,8,4,10,21446
0,8,4,11,21766
0,8,4,12,21676
0,8,4,13,21561
0,8,4,14,21512
0,8,4,15,21517
0,8,4,16,21394
0,8,4,17,21677
0,8,4,18,21651
0,8,4,19,21570
0,8,4,20,21414
0,8,4,21,21371
0,8,4,22,21413
0,8,4,23,21575
0,8,4,24,21516
0,8,4,25,21464
0,8,4,26,21500
0,8,4,27,21405
0,8,4,28,21399
0,8,4,29,21596
0,8,4,30,21508
0,8,4,31,21455
0,9,4,0,21660
0,9,4,1,21636
0,9,4,2,21577
0,9,4,3,21676
0,9,4,4,21544
0,9,4,5,21612
0,9,4,6,21685
0,9,4,7,21454
0,9,4,8,21678
0,9,4,9,21641
0,9,4,10,22174
0,9,4,11,21674
0,9,4,12,21674
0,9,4,13,21597
0,9,4,14,21673
0,9,4,15,21833
0,9,4,16,21677
0,9,4,17,21514
0,9,4,18,21797
0,9,4,19,21838
0,9,4,20,21758
0,9,4,21,21688
0,9,4,22,21665
0,9,4,23,21546
0,9,4,24,21580
0,9,4,25,21631
0,9,4,26,21599
0,9,4,27,21585
0,9,4,28,21630
0,9,4,29,21589
0,9,4,30,21728
0,9,4,31,21655
1,0,4,0,408
1,0,4,1,380
1,0,4,2,365
1,0,4,3,363
1,0,4,4,371
1,0,4,5,377
1,0,4,6,366
1,0,4,7,367
1,0,4,8,370
1,0,4,9,373
1,0,4,10,373
1,0,4,11,379
1,0,4,12,368
1,0,4,13,380
1,0,4,14,379
1,0,4,15,659
1,0,4,16,364
1,0,4,17,355
1,0,4,18,363
1,0,4,19,384
1,0,4,20,363
1,0,4,21,372
1,0,4,22,361
1,0,4,23,376
1,0,4,24,370
1,0,4,25,368
1,0,4,26,365
1,0,4,27,363
1,0,4,28,371
1,0,4,29,378
1,0,4,30,365
1,0,4,31,367
1,1,4,0,13814
1,1,4,1,13654
1,1,4,2,13644
1,1,4,3,13769
1,1,4,4,13754
1,1,4,5,13732
1,1,4,6,13762
1,1,4,7,13692
1,1,4,8,13760
1,1,4,9,13773
1,1,4,10,13750
1,1,4,11,13704
1,1,4,12,13764
1,1,4,13,13713
1,1,4,14,13712
1,1,4,15,13740
1,1,4,16,13771
1,1,4,17,13464
1,1,4,18,13699
1,1,4,19,13704
1,1,4,20,13687
1,1,4,21,13685
1,1,4,22,13739
1,1,4,23,13397
1,1,4,24,13719
1,1,4,25,13664
1,1,4,26,13723
1,1,4,27,13528
1,1,4,28,13708
1,1,4,29,13729
1,1,4,30,13746
1,1,4,31,13659
1,2,4,0,14490
1,2,4,1,14431
1,2,4,2,14445
1,2,4,3,14390
1,2,4,4,14220
1,2,4,5,14483
1,2,4,6,14187
1,2,4,7,14501
1,2,4,8,14475
1,2,4,9,14550
1,2,4,10,14472
1,2,4,11,14457
1,2,4,12,14451
1,2,4,13,14431
1,2,4,14,14517
1,2,4,15,14467
1,2,4,16,14473
1,2,4,17,14388
1,2,4,18,14440
1,2,4,19,14503
1,2,4,20,14416
1,2,4,21,14287
1,2,4,22,14191
1,2,4,23,14365
1,2,4,24,14504
1,2,4,25,14464
1,2,4,26,14510
1,2,4,27,14395
1,2,4,28,14248
1,2,4,29,14488
1,2,4,30,14462
1,2,4,31,14451
1,3,4,0,14789
1,3,4,1,14680
1,3,4,2,14598
1,3,4,3,14678
1,3,4,4,14705
1,3,4,5,14602
1,3,4,6,15081
1,3,4,7,14814
1,3,4,8,14760
1,3,4,9,14513
1,3,4,10,14624
1,3,4,11,14687
1,3,4,12,14392
1,3,4,13,14445
1,3,4,14,14522
1,3,4,15,15311
1,3,4,16,14732
1,3,4,17,14691
1,3,4,18,14585
1,3,4,19,14546
1,3,4,20,14652
1,3,4,21,14716
1,3,4,22,14601
1,3,4,23,14723
1,3,4,24,14487
1,3,4,25,14688
1,3,4,26,14686
1,3,4,27,14527
1,3,4,28,14466
1,3,4,29,14447
1,3,4,30,14546
1,3,4,31,14687
1,4,4,0,26260
1,4,4,1,26547
1,4,4,2,26695
1,4,4,3,26573
1,4,4,4,26576
1,4,4,5,26589
1,4,4,6,26451
1,4,4,7,26697
1,4,4,8,26454
1,4,4,9,26768
1,4,4,10,26625
1,4,4,11,26708
1,4,4,12,26569
1,4,4,13,26587
1,4,4,14,26668
1,4,4,15,26618
1,4,4,16,26553
1,4,4,17,26587
1,4,4,18,26657
1,4,4,19,26636
1,4,4,20,26643
1,4,4,21,26619
1,4,4,22,26599
1,4,4,23,26750
1,4,4,24,26588
1,4,4,25,26462
1,4,4,26,26699
1,4,4,27,26661
1,4,4,28,26595
1,4,4,29,26718
1,4,4,30,26666
1,4,4,31,26658
1,5,4,0,26218
1,5,4,1,26866
1,5,4,2,26881
1,5,4,3,26683
1,5,4,4,26592
1,5,4,5,26776
1,5,4,6,26862
1,5,4,7,26521
1,5,4,8,26824
1,5,4,9,26838
1,5,4,10,26833
1,5,4,11,26724
1,5,4,12,26828
1,5,4,13,26736
1,5,4,14,26675
1,5,4,15,27061
1,5,4,16,26765
1,5,4,17,26711
1,5,4,18,26333
1,5,4,19,26669
1,5,4,20,26967
1,5,4,21,26522
1,5,4,22,26838
1,5,4,23,26740
1,5,4,24,26542
1,5,4,25,26758
1,5,4,26,26762
1,5,4,27,26772
1,5,4,28,26395
1,5,4,29,26860
1,5,4,30,26823
1,5,4,31,26770
1,6,4,0,27071
1,6,4,1,27603
1,6,4,2,27508
1,6,4,3,27523
1,6,4,4,27490
1,6,4,5,27513
1,6,4,6,27563
1,6,4,7,27547
1,6,4,8,27559
1,6,4,9,27513
1,6,4,10,27487
1,6,4,11,27528
1,6,4,12,27421
1,6,4,13,27448
1,6,4,14,27536
1,6,4,15,27556
1,6,4,16,27541
1,6,4,17,27432
1,6,4,18,27563
1,6,4,19,27504
1,6,4,20,27381
1,6,4,21,27249
1,6,4,22,27330
1,6,4,23,27071
1,6,4,24,27541
1,6,4,25,27246
1,6,4,26,27544
1,6,4,27,27402
1,6,4,28,27548
1,6,4,29,27589
1,6,4,30,27536
1,6,4,31,27518
1,7,4,0,27933
1,7,4,1,27685
1,7,4,2,28012
1,7,4,3,28084
1,7,4,4,28025
1,7,4,5,28028
1,7,4,6,27959
1,7,4,7,28078
1,7,4,8,28211
1,7,4,9,28175
1,7,4,10,27891
1,7,4,11,28127
1,7,4,12,28126
1,7,4,13,28084
1,7,4,14,27929
1,7,4,15,28503
1,7,4,16,27878
1,7,4,17,28056
1,7,4,18,28086
1,7,4,19,28103
1,7,4,20,27901
1,7,4,21,27893
1,7,4,22,27966
1,7,4,23,28143
1,7,4,24,27783
1,7,4,25,27943
1,7,4,26,28091
1,7,4,27,27642
1,7,4,28,27438
1,7,4,29,27631
1,7,4,30,28047
1,7,4,31,27596
1,8,4,0,28005
1,8,4,1,28155
1,8,4,2,28370
1,8,4,3,28329
1,8,4,4,28319
1,8,4,5,28111
1,8,4,6,28334
1,8,4,7,27978
1,8,4,8,28285
1,8,4,9,27999
1,8,4,10,28164
1,8,4,11,28334
1,8,4,12,28395
1,8,4,13,28271
1,8,4,14,27886
1,8,4,15,28311
1,8,4,16,81215
1,8,4,17,107367
1,8,4,18,76670
1,8,4,19,28071
1,8,4,20,28254
1,8,4,21,27837
1,8,4,22,28330
1,8,4,23,28296
1,8,4,24,28335
1,8,4,25,28285
1,8,4,26,28396
1,8,4,27,28084
1,8,4,28,28367
1,8,4,29,28323
1,8,4,30,28274
1,8,4,31,28772
1,9,4,0,28309
1,9,4,1,28436
1,9,4,2,28244
1,9,4,3,28378
1,9,4,4,28420
1,9,4,5,28401
1,9,4,6,28288
1,9,4,7,28792
1,9,4,8,27990
1,9,4,9,28343
1,9,4,10,28301
1,9,4,11,28313
1,9,4,12,28286
1,9,4,13,28369
1,9,4,14,28470
1,9,4,15,28659
1,9,4,16,28360
1,9,4,17,28338
1,9,4,18,28347
1,9,4,19,28365
1,9,4,20,28356
1,9,4,21,28383
1,9,4,22,28126
1,9,4,23,28346
1,9,4,24,28380
1,9,4,25,28440
1,9,4,26,28067
1,9,4,27,28074
1,9,4,28,28007
1,9,4,29,28250
1,9,4,30,28345
1,9,4,31,28244
2,0,4,0,666
2,0,4,1,671
2,0,4,2,674
2,0,4,3,655
2,0,4,4,683
2,0,4,5,671
2,0,4,6,664
2,0,4,7,954
2,0,4,8,678
2,0,4,9,693
2,0,4,10,666
2,0,4,11,686
2,0,4,12,671
2,0,4,13,954
2,0,4,14,657
2,0,4,15,679
2,0,4,16,689
2,0,4,17,663
2,0,4,18,672
2,0,4,19,663
2,0,4,20,666
2,0,4,21,667
2,0,4,22,656
2,0,4,23,673
2,0,4,24,663
2,0,4,25,660
2,0,4,26,659
2,0,4,27,669
2,0,4,28,657
2,0,4,29,668
2,0,4,30,665
2,0,4,31,679
2,1,4,0,1086
2,1,4,1,1141
2,1,4,2,1120
2,1,4,3,1110
2,1,4,4,1117
2,1,4,5,1091
2,1,4,6,1088
2,1,4,7,1087
2,1,4,8,1077
2,1,4,9,1101
2,1,4,10,1090
2,1,4,11,1116
2,1,4,12,1107
2,1,4,13,1095
2,1,4,14,1085
2,1,4,15,1100
2,1,4,16,1109
2,1,4,17,1087
2,1,4,18,1110
2,1,4,19,1107
2,1,4,20,1095
2,1,4,21,1095
2,1,4,22,1109
2,1,4,23,1093
2,1,4,24,1087
2,1,4,25,1105
2,1,4,26,1088
2,1,4,27,1098
2,1,4,28,1094
2,1,4,29,1096
2,1,4,30,1107
2,1,4,31,1083
2,2,4,0,2065
2,2,4,1,2064
2,2,4,2,2032
2,2,4,3,2064
2,2,4,4,2054
2,2,4,5,2029
2,2,4,6,2034
2,2,4,7,2033
2,2,4,8,2024
2,2,4,9,2065
2,2,4,10,2072
2,2,4,11,2054
2,2,4,12,2035
2,2,4,13,2044
2,2,4,14,2065
2,2,4,15,2032
2,2,4,16,2065
2,2,4,17,2038
2,2,4,18,2019
2,2,4,19,2066
2,2,4,20,2030
2,2,4,21,2048
2,2,4,22,2046
2,2,4,23,2021
2,2,4,24,2046
2,2,4,25,2047
2,2,4,26,2049
2,2,4,27,2062
2,2,4,28,2055
2,2,4,29,2050
2,2,4,30,2038
2,2,4,31,2070
2,3,4,0,2853
2,3,4,1,2896
2,3,4,2,2890
2,3,4,3,2903
2,3,4,4,2890
2,3,4,5,2882
2,3,4,6,2880
2,3,4,7,2859
2,3,4,8,2863
2,3,4,9,2857
2,3,4,10,2856
2,3,4,11,2865
2,3,4,12,2895
2,3,4,13,2859
2,3,4,14,2911
2,3,4,15,2863
2,3,4,16,2882
2,3,4,17,2886
2,3,4,18,2879
2,3,4,19,2888
2,3,4,20,2903
2,3,4,21,2879
2,3,4,22,2870
2,3,4,23,2900
2,3,4,24,2873
2,3,4,25,2873
2,3,4,26,2837
2,3,4,27,2877
2,3,4,28,2905
2,3,4,29,2863
2,3,4,30,2911
2,3,4,31,2842
2,4,4,0,3457
2,4,4,1,3406
2,4,4,2,3438
2,4,4,3,3429
2,4,4,4,3412
2,4,4,5,3384
2,4,4,6,3446
2,4,4,7,3417
2,4,4,8,3399
2,4,4,9,3439
2,4,4,10,3396
2,4,4,11,3424
2,4,4,12,3413
2,4,4,13,3401
2,4,4,14,3420
2,4,4,15,3422
2,4,4,16,3458
2,4,4,17,3418
2,4,4,18,3429
2,4,4,19,3400
2,4,4,20,3461
2,4,4,21,3413
2,4,4,22,3416
2,4,4,23,3384
2,4,4,24,3386
2,4,4,25,3395
2,4,4,26,3466
2,4,4,27,3445
2,4,4,28,3414
2,4,4,29,3425
2,4,4,30,3403
2,4,4,31,3414
2,5,4,0,3696
2,5,4,1,3635
2,5,4,2,3627
2,5,4,3,3620
2,5,4,4,3665
2,5,4,5,3656
2,5,4,6,3607
2,5,4,7,3638
2,5,4,8,4071
2,5,4,9,3656
2,5,4,10,3645
2,5,4,11,3657
2,5,4,12,3632
2,5,4,13,3656
2,5,4,14,3645
2,5,4,15,3630
2,5,4,16,3640
2,5,4,17,3663
2,5,4,18,3646
2,5,4,19,3680
2,5,4,20,3678
2,5,4,21,3653
2,5,4,22,3649
2,5,4,23,3609
2,5,4,24,3638
2,5,4,25,3630
2,5,4,26,3639
2,5,4,27,3647
2,5,4,28,3667
2,5,4,29,3651
2,5,4,30,3599
2,5,4,31,3660
2,6,4,0,15653
2,6,4,1,15526
2,6,4,2,15455
2,6,4,3,15468
2,6,4,4,15612
2,6,4,5,15437
2,6,4,6,15417
2,6,4,7,15369
2,6,4,8,15622
2,6,4,9,15568
2,6,4,10,15400
2,6,4,11,15641
2,6,4,12,15630
2,6,4,13,15607
2,6,4,14,15404
2,6,4,15,15350
2,6,4,16,15439
2,6,4,17,15380
2,6,4,18,15416
2,6,4,19,15477
2,6,4,20,15434
2,6,4,21,15416
2,6,4,22,15453
2,6,4,23,15491
2,6,4,24,15400
2,6,4,25,15474
2,6,4,26,15426
2,6,4,27,15520
2,6,4,28,15431
2,6,4,29,15632
2,6,4,30,15607
2,6,4,31,15440
2,7,4,0,15673
2,7,4,1,15628
2,7,4,2,15661
2,7,4,3,15651
2,7,4,4,15566
2,7,4,5,15720
2,7,4,6,15814
2,7,4,7,16158
2,7,4,8,16164
2,7,4,9,15665
2,7,4,10,15554
2,7,4,11,15547
2,7,4,12,15593
2,7,4,13,15558
2,7,4,14,15585
2,7,4,15,15603
2,7,4,16,15610
2,7,4,17,15592
2,7,4,18,15592
2,7,4,19,15593
2,7,4,20,15900
2,7,4,21,15717
2,7,4,22,15831
2,7,4,23,15840
2,7,4,24,15763
2,7,4,25,15753
2,7,4,26,15787
2,7,4,27,15802
2,7,4,28,15779
2,7,4,29,15884
2,7,4,30,15791
2,7,4,31,15754
2,8,4,0,18262
2,8,4,1,17962
2,8,4,2,18058
2,8,4,3,18305
2,8,4,4,18025
2,8,4,5,18249
2,8,4,6,17933
2,8,4,7,18334
2,8,4,8,17980
2,8,4,9,18252
2,8,4,10,17951
2,8,4,11,18016
2,8,4,12,18219
2,8,4,13,18027
2,8,4,14,18004
2,8,4,15,17989
2,8,4,16,18276
2,8,4,17,17952
2,8,4,18,17914
2,8,4,19,18238
2,8,4,20,18054
2,8,4,21,17913
2,8,4,22,17871
2,8,4,23,18262
2,8,4,24,18679
2,8,4,25,18227
2,8,4,26,18315
2,8,4,27,18275
2,8,4,28,18335
2,8,4,29,18017
2,8,4,30,18348
2,8,4,31,18231
2,9,4,0,18978
2,9,4,1,18784
2,9,4,2,19083
2,9,4,3,18999
2,9,4,4,19183
2,9,4,5,19126
2,9,4,6,19088
2,9,4,7,19106
2,9,4,8,19127
2,9,4,9,19015
2,9,4,10,19131
2,9,4,11,18952
2,9,4,12,19061
2,9,4,13,19065
2,9,4,14,19174
2,9,4,15,19141
2,9,4,16,29917
2,9,4,17,19073
2,9,4,18,18748
2,9,4,19,19090
2,9,4,20,19132
2,9,4,21,19089
2,9,4,22,19103
2,9,4,23,19095
2,9,4,24,18764
2,9,4,25,18800
2,9,4,26,19096
2,9,4,27,19145
2,9,4,28,19037
2,9,4,29,19160
2,9,4,30,19083
2,9,4,31,19028
2,10,4,0,19548
2,10,4,1,19781
2,10,4,2,19784
2,10,4,3,19606
2,10,4,4,19873
2,10,4,5,19486
2,10,4,6,19521
2,10,4,7,19612
2,10,4,8,19430
2,10,4,9,19503
2,10,4,10,19581
2,10,4,11,19538
2,10,4,12,19576
2,10,4,13,19491
2,10,4,14,19769
2,10,4,15,19527
2,10,4,16,19543
2,10,4,17,19478
2,10,4,18,19483
2,10,4,19,19448
2,10,4,20,19825
2,10,4,21,19474
2,10,4,22,19701
2,10,4,23,19500
2,10,4,24,19830
2,10,4,25,19834
2,10,4,26,19529
2,10,4,27,19831
2,10,4,28,19510
2,10,4,29,19438
2,10,4,30,19869
2,10,4,31,19496
0,9,5,0,21610
0,9,5,1,21827
0,9,5,2,21662
0,9,5,3,21756
0,9,5,4,21711
0,9,5,5,21629
0,9,5,6,24975
0,9,5,7,22361
0,9,5,8,21765
0,9,5,9,21733
0,9,5,10,21831
0,9,5,11,21722
0,9,5,12,21739
0,9,5,13,21745
0,9,5,14,21528
0,9,5,15,21518
0,9,5,16,21698
0,9,5,17,21726
0,9,5,18,21635
0,9,5,19,21780
0,9,5,20,21498
0,9,5,21,21737
0,9,5,22,21677
0,9,5,23,21597
0,9,5,24,21761
0,9,5,25,21553
0,9,5,26,21600
0,9,5,27,21834
0,9,5,28,21641
0,9,5,29,21601
0,9,5,30,21575
0,9,5,31,21777
0,8,5,0,21265
0,8,5,1,21580
0,8,5,2,21415
0,8,5,3,21548
0,8,5,4,21571
0,8,5,5,21578
0,8,5,6,21427
0,8,5,7,21423
0,8,5,8,21553
0,8,5,9,21664
0,8,5,10,21485
0,8,5,11,21509
0,8,5,12,21459
0,8,5,13,21493
0,8,5,14,21391
0,8,5,15,21526
0,8,5,16,21566
0,8,5,17,21542
0,8,5,18,21575
0,8,5,19,21481
0,8,5,20,21593
0,8,5,21,21453
0,8,5,22,21472
0,8,5,23,21470
0,8,5,24,21535
0,8,5,25,21509
0,8,5,26,21636
0,8,5,27,21437
0,8,5,28,21485
0,8,5,29,21484
0,8,5,30,21553
0,8,5,31,21459
0,7,5,0,10542
0,7,5,1,10724
0,7,5,2,10592
0,7,5,3,10603
0,7,5,4,10598
0,7,5,5,10675
0,7,5,6,10659
0,7,5,7,10606
0,7,5,8,10694
0,7,5,9,10810
0,7,5,10,10625
0,7,5,11,10647
0,7,5,12,10606
0,7,5,13,10650
0,7,5,14,10629
0,7,5,15,10671
0,7,5,16,10602
0,7,5,17,10676
0,7,5,18,10637
0,7,5,19,10591
0,7,5,20,10629
0,7,5,21,10672
0,7,5,22,10614
0,7,5,23,10839
0,7,5,24,10669
0,7,5,25,10618
0,7,5,26,10635
0,7,5,27,10498
0,7,5,28,10558
0,7,5,29,10612
0,7,5,30,10624
0,7,5,31,10570
0,6,5,0,9652
0,6,5,1,9593
0,6,5,2,9566
0,6,5,3,9959
0,6,5,4,9737
0,6,5,5,9501
0,6,5,6,9718
0,6,5,7,9726
0,6,5,8,9681
0,6,5,9,9702
0,6,5,10,9730
0,6,5,11,9711
0,6,5,12,9658
0,6,5,13,9700
0,6,5,14,9589
0,6,5,15,9695
0,6,5,16,9666
0,6,5,17,9784
0,6,5,18,9749
0,6,5,19,9707
0,6,5,20,9667
0,6,5,21,9759
0,6,5,22,9723
0,6,5,23,9578
0,6,5,24,9684
0,6,5,25,9552
0,6,5,26,9646
0,6,5,27,9662
0,6,5,28,9701
0,6,5,29,9627
0,6,5,30,9723
0,6,5,31,9675
0,5,5,0,8831
0,5,5,1,8813
0,5,5,2,8774
0,5,5,3,8772
0,5,5,4,8945
0,5,5,5,8982
0,5,5,6,8959
0,5,5,7,8896
0,5,5,8,8828
0,5,5,9,8874
0,5,5,10,8909
0,5,5,11,8984
0,5,5,12,8872
0,5,5,13,9024
0,5,5,14,8934
0,5,5,15,8893
0,5,5,16,8831
0,5,5,17,8777
0,5,5,18,8787
0,5,5,19,8981
0,5,5,20,8757
0,5,5,21,8833
0,5,5,22,8764
0,5,5,23,8840
0,5,5,24,8809
0,5,5,25,8853
0,5,5,26,8906
0,5,5,27,8912
0,5,5,28,8818
0,5,5,29,8907
0,5,5,30,8824
0,5,5,31,8834
0,4,5,0,7845
0,4,5,1,7874
0,4,5,2,7877
0,4,5,3,7875
0,4,5,4,7863
0,4,5,5,7765
0,4,5,6,7992
0,4,5,7,7848
0,4,5,8,7767
0,4,5,9,7895
0,4,5,10,7730
0,4,5,11,7888
0,4,5,12,7831
0,4,5,13,7899
0,4,5,14,7934
0,4,5,15,7912
0,4,5,16,7843
0,4,5,17,7886
0,4,5,18,7726
0,4,5,19,8013
0,4,5,20,7793
0,4,5,21,7957
0,4,5,22,7887
0,4,5,23,7859
0,4,5,24,7880
0,4,5,25,7874
0,4,5,26,7871
0,4,5,27,7882
0,4,5,28,7991
0,4,5,29,8016
0,4,5,30,7804
0,4,5,31,7815
0,3,5,0,7056
0,3,5,1,7074
0,3,5,2,7186
0,3,5,3,7173
0,3,5,4,7164
0,3,5,5,7107
0,3,5,6,7132
0,3,5,7,7265
0,3,5,8,7152
0,3,5,9,7181
0,3,5,10,7036
0,3,5,11,7279
0,3,5,12,7174
0,3,5,13,7147
0,3,5,14,7257
0,3,5,15,7040
0,3,5,16,7050
0,3,5,17,7247
0,3,5,18,7256
0,3,5,19,7218
0,3,5,20,7192
0,3,5,21,6989
0,3,5,22,7137
0,3,5,23,7117
0,3,5,24,7147
0,3,5,25,7176
0,3,5,26,7073
0,3,5,27,7220
0,3,5,28,7187
0,3,5,29,7106
0,3,5,30,7024
0,3,5,31,7156
0,2,5,0,4565
0,2,5,1,4608
0,2,5,2,4584
0,2,5,3,4593
0,2,5,4,4569
0,2,5,5,4454
0,2,5,6,4623
0,2,5,7,4600
0,2,5,8,4621
0,2,5,9,4555
0,2,5,10,4592
0,2,5,11,4566
0,2,5,12,4579
0,2,5,13,4595
0,2,5,14,4617
0,2,5,15,4610
0,2,5,16,4594
0,2,5,17,4586
0,2,5,18,4606
0,2,5,19,4593
0,2,5,20,4589
0,2,5,21,4613
0,2,5,22,4612
0,2,5,23,4566
0,2,5,24,4600
0,2,5,25,4627
0,2,5,26,4577
0,2,5,27,4593
0,2,5,28,4589
0,2,5,29,4572
0,2,5,30,4647
0,2,5,31,4572
0,1,5,0,3547
0,1,5,1,3537
0,1,5,2,3532
0,1,5,3,3514
0,1,5,4,3544
0,1,5,5,3556
0,1,5,6,3558
0,1,5,7,3563
0,1,5,8,3494
0,1,5,9,3528
0,1,5,10,3557
0,1,5,11,3507
0,1,5,12,3532
0,1,5,13,3548
0,1,5,14,3530
0,1,5,15,3545
0,1,5,16,3515
0,1,5,17,3560
0,1,5,18,3552
0,1,5,19,3577
0,1,5,20,3552
0,1,5,21,3533
0,1,5,22,3600
0,1,5,23,3532
0,1,5,24,3532
0,1,5,25,3555
0,1,5,26,3502
0,1,5,27,3545
0,1,5,28,3540
0,1,5,29,3518
0,1,5,30,3536
0,1,5,31,3567
0,0,5,0,2753
0,0,5,1,2817
0,0,5,2,2815
0,0,5,3,2819
0,0,5,4,2796
0,0,5,5,2772
0,0,5,6,2816
0,0,5,7,2786
0,0,5,8,2817
0,0,5,9,2790
0,0,5,10,2804
0,0,5,11,3188
0,0,5,12,2817
0,0,5,13,2788
0,0,5,14,2770
0,0,5,15,2848
0,0,5,16,2798
0,0,5,17,2731
0,0,5,18,2746
0,0,5,19,2769
0,0,5,20,2752
0,0,5,21,2826
0,0,5,22,2798
0,0,5,23,2802
0,0,5,24,2784
0,0,5,25,2803
0,0,5,26,2823
0,0,5,27,2805
0,0,5,28,2809
0,0,5,29,2788
0,0,5,30,2772
0,0,5,31,2788
1,9,5,0,28144
1,9,5,1,28245
1,9,5,2,28384
1,9,5,3,28385
1,9,5,4,28357
1,9,5,5,27896
1,9,5,6,28338
1,9,5,7,27949
1,9,5,8,28235
1,9,5,9,28313
1,9,5,10,28345
1,9,5,11,28206
1,9,5,12,28435
1,9,5,13,28396
1,9,5,14,28406
1,9,5,15,28027
1,9,5,16,28245
1,9,5,17,28320
1,9,5,18,28289
1,9,5,19,27979
1,9,5,20,27990
1,9,5,21,28092
1,9,5,22,28000
1,9,5,23,28313
1,9,5,24,28115
1,9,5,25,28409
1,9,5,26,28506
1,9,5,27,28105
1,9,5,28,28062
1,9,5,29,28150
1,9,5,30,28414
1,9,5,31,28454
1,8,5,0,28083
1,8,5,1,28144
1,8,5,2,28074
1,8,5,3,28362
1,8,5,4,28232
1,8,5,5,28116
1,8,5,6,27953
1,8,5,7,28363
1,8,5,8,28020
1,8,5,9,27962
1,8,5,10,28289
1,8,5,11,28110
1,8,5,12,27953
1,8,5,13,27943
1,8,5,14,28043
1,8,5,15,27946
1,8,5,16,27781
1,8,5,17,28008
1,8,5,18,28343
1,8,5,19,28050
1,8,5,20,28306
1,8,5,21,28401
1,8,5,22,27943
1,8,5,23,28181
1,8,5,24,27927
1,8,5,25,28325
1,8,5,26,28325
1,8,5,27,28246
1,8,5,28,28271
1,8,5,29,28354
1,8,5,30,28339
1,8,5,31,28253
1,7,5,0,27733
1,7,5,1,27923
1,7,5,2,28155
1,7,5,3,27970
1,7,5,4,28025
1,7,5,5,28069
1,7,5,6,27948
1,7,5,7,28048
1,7,5,8,28135
1,7,5,9,27994
1,7,5,10,27741
1,7,5,11,28015
1,7,5,12,28094
1,7,5,13,27930
1,7,5,14,27807
1,7,5,15,27806
1,7,5,16,28012
1,7,5,17,27678
1,7,5,18,28071
1,7,5,19,27674
1,7,5,20,27667
1,7,5,21,27815
1,7,5,22,27719
1,7,5,23,28002
1,7,5,24,27686
1,7,5,25,28064
1,7,5,26,27810
1,7,5,27,27636
1,7,5,28,27775
1,7,5,29,27630
1,7,5,30,27846
1,7,5,31,28112
1,6,5,0,27057
1,6,5,1,27116
1,6,5,2,27319
1,6,5,3,27609
1,6,5,4,27563
1,6,5,5,27329
1,6,5,6,27301
1,6,5,7,26921
1,6,5,8,26993
1,6,5,9,27542
1,6,5,10,27301
1,6,5,11,27408
1,6,5,12,27272
1,6,5,13,27209
1,6,5,14,27302
1,6,5,15,27179
1,6,5,16,27632
1,6,5,17,27316
1,6,5,18,26907
1,6,5,19,27203
1,6,5,20,27244
1,6,5,21,27047
1,6,5,22,27020
1,6,5,23,27398
1,6,5,24,26858
1,6,5,25,27142
1,6,5,26,27091
1,6,5,27,27036
1,6,5,28,27238
1,6,5,29,26992
1,6,5,30,27174
1,6,5,31,27145
1,5,5,0,26451
1,5,5,1,26762
1,5,5,2,26855
1,5,5,3,26684
1,5,5,4,26587
1,5,5,5,26745
1,5,5,6,26769
1,5,5,7,26700
1,5,5,8,26747
1,5,5,9,26727
1,5,5,10,26855
1,5,5,11,26722
1,5,5,12,26873
1,5,5,13,26724
1,5,5,14,26690
1,5,5,15,26848
1,5,5,16,26729
1,5,5,17,26749
1,5,5,18,26768
1,5,5,19,26734
1,5,5,20,26725
1,5,5,21,26260
1,5,5,22,26748
1,5,5,23,26679
1,5,5,24,26676
1,5,5,25,26751
1,5,5,26,26799
1,5,5,27,26740
1,5,5,28,26766
1,5,5,29,26747
1,5,5,30,26776
1,5,5,31,26308
1,4,5,0,26132
1,4,5,1,26730
1,4,5,2,26348
1,4,5,3,26681
1,4,5,4,26723
1,4,5,5,26192
1,4,5,6,26421
1,4,5,7,26159
1,4,5,8,26405
1,4,5,9,26322
1,4,5,10,26492
1,4,5,11,26253
1,4,5,12,26975
1,4,5,13,26378
1,4,5,14,26290
1,4,5,15,26654
1,4,5,16,26676
1,4,5,17,26591
1,4,5,18,26598
1,4,5,19,26242
1,4,5,20,26340
1,4,5,21,26259
1,4,5,22,26200
1,4,5,23,26456
1,4,5,24,26321
1,4,5,25,26365
1,4,5,26,26211
1,4,5,27,26371
1,4,5,28,26352
1,4,5,29,26161
1,4,5,30,26363
1,4,5,31,26229
1,3,5,0,14417
1,3,5,1,14657
1,3,5,2,14443
1,3,5,3,14657
1,3,5,4,14429
1,3,5,5,14525
1,3,5,6,14688
1,3,5,7,14647
1,3,5,8,14702
1,3,5,9,14670
1,3,5,10,14641
1,3,5,11,14641
1,3,5,12,14694
1,3,5,13,14417
1,3,5,14,14591
1,3,5,15,14601
1,3,5,16,14641
1,3,5,17,14649
1,3,5,18,14685
1,3,5,19,14571
1,3,5,20,14673
1,3,5,21,14618
1,3,5,22,14590
1,3,5,23,14609
1,3,5,24,14679
1,3,5,25,14670
1,3,5,26,14665
1,3,5,27,14722
1,3,5,28,14493
1,3,5,29,14460
1,3,5,30,14612
1,3,5,31,14612
1,2,5,0,14438
1,2,5,1,14472
1,2,5,2,14485
1,2,5,3,14383
1,2,5,4,14486
1,2,5,5,14457
1,2,5,6,14521
1,2,5,7,14522
1,2,5,8,14475
1,2,5,9,14447
1,2,5,10,14411
1,2,5,11,14430
1,2,5,12,14148
1,2,5,13,14219
1,2,5,14,14157
1,2,5,15,14469
1,2,5,16,14407
1,2,5,17,14481
1,2,5,18,14343
1,2,5,19,14482
1,2,5,20,14337
1,2,5,21,14486
1,2,5,22,14396
1,2,5,23,14312
1,2,5,24,14276
1,2,5,25,14366
1,2,5,26,14282
1,2,5,27,14443
1,2,5,28,14248
1,2,5,29,14516
1,2,5,30,14213
1,2,5,31,14279
1,1,5,0,13711
1,1,5,1,13457
1,1,5,2,13733
1,1,5,3,13632
1,1,5,4,13659
1,1,5,5,13706
1,1,5,6,13757
1,1,5,7,13651
1,1,5,8,13569
1,1,5,9,13691
1,1,5,10,13739
1,1,5,11,13841
1,1,5,12,13748
1,1,5,13,13690
1,1,5,14,13763
1,1,5,15,13690
1,1,5,16,13749
1,1,5,17,13530
1,1,5,18,13717
1,1,5,19,13668
1,1,5,20,13765
1,1,5,21,13712
1,1,5,22,13749
1,1,5,23,13702
1,1,5,24,13831
1,1,5,25,13453
1,1,5,26,13426
1,1,5,27,13699
1,1,5,28,13751
1,1,5,29,13783
1,1,5,30,13591
1,1,5,31,13691
1,0,5,0,397
1,0,5,1,364
1,0,5,2,354
1,0,5,3,360
1,0,5,4,372
1,0,5,5,362
1,0,5,6,362
1,0,5,7,354
1,0,5,8,354
1,0,5,9,366
1,0,5,10,366
1,0,5,11,370
1,0,5,12,371
1,0,5,13,375
1,0,5,14,362
1,0,5,15,361
1,0,5,16,361
1,0,5,17,380
1,0,5,18,356
1,0,5,19,368
1,0,5,20,362
1,0,5,21,360
1,0,5,22,351
1,0,5,23,365
1,0,5,24,359
1,0,5,25,368
1,0,5,26,367
1,0,5,27,368
1,0,5,28,371
1,0,5,29,358
1,0,5,30,363
1,0,5,31,361
2,10,5,0,19584
2,10,5,1,19863
2,10,5,2,19860
2,10,5,3,19687
2,10,5,4,19572
2,10,5,5,20121
2,10,5,6,20416
2,10,5,7,19799
2,10,5,8,19917
2,10,5,9,19655
2,10,5,10,19844
2,10,5,11,19902
2,10,5,12,19819
2,10,5,13,19853
2,10,5,14,20017
2,10,5,15,19636
2,10,5,16,19784
2,10,5,17,19668
2,10,5,18,19947
2,10,5,19,19557
2,10,5,20,19536
2,10,5,21,19737
2,10,5,22,19551
2,10,5,23,19503
2,10,5,24,19794
2,10,5,25,19705
2,10,5,26,19877
2,10,5,27,19971
2,10,5,28,19584
2,10,5,29,19525
2,10,5,30,19504
2,10,5,31,19621
2,9,5,0,19010
2,9,5,1,18796
2,9,5,2,19071
2,9,5,3,18996
2,9,5,4,18840
2,9,5,5,19071
2,9,5,6,19181
2,9,5,7,19099
2,9,5,8,18979
2,9,5,9,18898
2,9,5,10,18823
2,9,5,11,18848
2,9,5,12,19152
2,9,5,13,19068
2,9,5,14,19148
2,9,5,15,19156
2,9,5,16,18820
2,9,5,17,18787
2,9,5,18,19148
2,9,5,19,18907
2,9,5,20,18926
2,9,5,21,19002
2,9,5,22,19038
2,9,5,23,18764
2,9,5,24,18952
2,9,5,25,18840
2,9,5,26,18754
2,9,5,27,18990
2,9,5,28,18812
2,9,5,29,18884
2,9,5,30,18889
2,9,5,31,19085
2,8,5,0,18349
2,8,5,1,18208
2,8,5,2,18250
2,8,5,3,18176
2,8,5,4,17966
2,8,5,5,18017
2,8,5,6,17926
2,8,5,7,18290
2,8,5,8,17948
2,8,5,9,17971
2,8,5,10,17973
2,8,5,11,18001
2,8,5,12,18228
2,8,5,13,18006
2,8,5,14,18140
2,8,5,15,17952
2,8,5,16,18180
2,8,5,17,18011
2,8,5,18,18085
2,8,5,19,18197
2,8,5,20,17898
2,8,5,21,18038
2,8,5,22,18170
2,8,5,23,17913
2,8,5,24,17938
2,8,5,25,18001
2,8,5,26,17912
2,8,5,27,17987
2,8,5,28,17905
2,8,5,29,17934
2,8,5,30,18051
2,8,5,31,18028
2,7,5,0,15592
2,7,5,1,15858
2,7,5,2,15581
2,7,5,3,15541
2,7,5,4,15608
2,7,5,5,15625
2,7,5,6,15801
2,7,5,7,15597
2,7,5,8,15598
2,7,5,9,15828
2,7,5,10,15574
2,7,5,11,15594
2,7,5,12,15633
2,7,5,13,15581
2,7,5,14,15594
2,7,5,15,15644
2,7,5,16,15615
2,7,5,17,15566
2,7,5,18,15612
2,7,5,19,15814
2,7,5,20,15566
2,7,5,21,15734
2,7,5,22,15614
2,7,5,23,15566
2,7,5,24,15756
2,7,5,25,15633
2,7,5,26,15583
2,7,5,27,15543
2,7,5,28,15622
2,7,5,29,15614
2,7,5,30,15835
2,7,5,31,15824
2,6,5,0,15467
2,6,5,1,15588
2,6,5,2,15419
2,6,5,3,15424
2,6,5,4,15425
2,6,5,5,15352
2,6,5,6,15366
2,6,5,7,15455
2,6,5,8,15583
2,6,5,9,15483
2,6,5,10,15472
2,6,5,11,15421
2,6,5,12,15631
2,6,5,13,15576
2,6,5,14,15380
2,6,5,15,15425
2,6,5,16,15428
2,6,5,17,15494
2,6,5,18,15660
2,6,5,19,15647
2,6,5,20,15443
2,6,5,21,15560
2,6,5,22,15533
2,6,5,23,15397
2,6,5,24,15425
2,6,5,25,15571
2,6,5,26,15585
2,6,5,27,15640
2,6,5,28,15360
2,6,5,29,15542
2,6,5,30,15669
2,6,5,31,15478
2,5,5,0,4075
2,5,5,1,3639
2,5,5,2,3646
2,5,5,3,3665
2,5,5,4,3638
2,5,5,5,3626
2,5,5,6,3623
2,5,5,7,3624
2,5,5,8,3605
2,5,5,9,3698
2,5,5,10,3636
2,5,5,11,3655
2,5,5,12,3615
2,5,5,13,3638
2,5,5,14,3630
2,5,5,15,3628
2,5,5,16,3637
2,5,5,17,3636
2,5,5,18,3644
2,5,5,19,3670
2,5,5,20,3673
2,5,5,21,3628
2,5,5,22,3652
2,5,5,23,3613
2,5,5,24,3662
2,5,5,25,3664
2,5,5,26,3626
2,5,5,27,3676
2,5,5,28,3651
2,5,5,29,3632
2,5,5,30,3619
2,5,5,31,3704
2,4,5,0,3394
2,4,5,1,3414
2,4,5,2,3415
2,4,5,3,3374
2,4,5,4,3414
2,4,5,5,3415
2,4,5,6,3372
2,4,5,7,3434
2,4,5,8,3458
2,4,5,9,3401
2,4,5,10,3425
2,4,5,11,3420
2,4,5,12,3428
2,4,5,13,3425
2,4,5,14,3406
2,4,5,15,3472
2,4,5,16,3411
2,4,5,17,3380
2,4,5,18,3414
2,4,5,19,3422
2,4,5,20,3398
2,4,5,21,3438
2,4,5,22,3423
2,4,5,23,3406
2,4,5,24,3396
2,4,5,25,3419
2,4,5,26,3426
2,4,5,27,3440
2,4,5,28,3418
2,4,5,29,3422
2,4,5,30,3411
2,4,5,31,3420
2,3,5,0,2881
2,3,5,1,2867
2,3,5,2,2863
2,3,5,3,2857
2,3,5,4,2899
2,3,5,5,2924
2,3,5,6,2887
2,3,5,7,2858
2,3,5,8,2886
2,3,5,9,2870
2,3,5,10,2879
2,3,5,11,2913
2,3,5,12,2886
2,3,5,13,2872
2,3,5,14,2866
2,3,5,15,2890
2,3,5,16,2868
2,3,5,17,2870
2,3,5,18,2916
2,3,5,19,2900
2,3,5,20,2878
2,3,5,21,2859
2,3,5,22,2889
2,3,5,23,2906
2,3,5,24,2930
2,3,5,25,2888
2,3,5,26,2861
2,3,5,27,2893
2,3,5,28,2910
2,3,5,29,2898
2,3,5,30,2861
2,3,5,31,2925
2,2,5,0,2045
2,2,5,1,2036
2,2,5,2,2055
2,2,5,3,2041
2,2,5,4,2011
2,2,5,5,2053
2,2,5,6,2029
2,2,5,7,2046
2,2,5,8,2044
2,2,5,9,2038
2,2,5,10,2030
2,2,5,11,2057
2,2,5,12,2052
2,2,5,13,2039
2,2,5,14,2050
2,2,5,15,2028
2,2,5,16,2039
2,2,5,17,2027
2,2,5,18,2019
2,2,5,19,2031
2,2,5,20,2038
2,2,5,21,2057
2,2,5,22,2039
2,2,5,23,2061
2,2,5,24,2044
2,2,5,25,2055
2,2,5,26,2044
2,2,5,27,2016
2,2,5,28,2034
2,2,5,29,2047
2,2,5,30,2035
2,2,5,31,2045
2,1,5,0,1085
2,1,5,1,1097
2,1,5,2,1098
2,1,5,3,1101
2,1,5,4,1081
2,1,5,5,1080
2,1,5,6,1103
2,1,5,7,1095
2,1,5,8,1080
2,1,5,9,1099
2,1,5,10,1074
2,1,5,11,1098
2,1,5,12,1093
2,1,5,13,1105
2,1,5,14,1096
2,1,5,15,1101
2,1,5,16,1099
2,1,5,17,1084
2,1,5,18,1075
2,1,5,19,1082
2,1,5,20,1091
2,1,5,21,1101
2,1,5,22,1081
2,1,5,23,1118
2,1,5,24,1098
2,1,5,25,1082
2,1,5,26,1083
2,1,5,27,1100
2,1,5,28,1085
2,1,5,29,1102
2,1,5,30,1096
2,1,5,31,1106
2,0,5,0,685
2,0,5,1,682
2,0,5,2,652
2,0,5,3,674
2,0,5,4,668
2,0,5,5,650
2,0,5,6,667
2,0,5,7,676
2,0,5,8,668
2,0,5,9,668
2,0,5,10,679
2,0,5,11,672
2,0,5,12,669
2,0,5,13,675
2,0,5,14,663
2,0,5,15,652
2,0,5,16,676
2,0,5,17,661
2,0,5,18,676
2,0,5,19,679
2,0,5,20,674
2,0,5,21,651
2,0,5,22,661
2,0,5,23,648
2,0,5,24,655
2,0,5,25,659
2,0,5,26,654
2,0,5,27,683
2,0,5,28,650
2,0,5,29,674
2,0,5,30,666
2,0,5,31,679
0,0,6,0,2768
0,0,6,1,2803
0,0,6,2,2769
0,0,6,3,2805
0,0,6,4,2795
0,0,6,5,2761
0,0,6,6,2784
0,0,6,7,2768
0,0,6,8,2790
0,0,6,9,2798
0,0,6,10,2802
0,0,6,11,2753
0,0,6,12,2755
0,0,6,13,2771
0,0,6,14,2796
0,0,6,15,2807
0,0,6,16,2801
0,0,6,17,2784
0,0,6,18,2812
0,0,6,19,2832
0,0,6,20,2821
0,0,6,21,2815
0,0,6,22,2790
0,0,6,23,2744
0,0,6,24,2796
0,0,6,25,2746
0,0,6,26,2804
0,0,6,27,2793
0,0,6,28,2824
0,0,6,29,2801
0,0,6,30,2789
0,0,6,31,2798
0,1,6,0,3525
0,1,6,1,3573
0,1,6,2,3550
0,1,6,3,3566
0,1,6,4,3554
0,1,6,5,3570
0,1,6,6,3603
0,1,6,7,3527
0,1,6,8,3567
0,1,6,9,3531
0,1,6,10,3569
0,1,6,11,3547
0,1,6,12,3553
0,1,6,13,3549
0,1,6,14,3555
0,1,6,15,3517
0,1,6,16,3547
0,1,6,17,3576
0,1,6,18,3563
0,1,6,19,3558
0,1,6,20,3567
0,1,6,21,3567
0,1,6,22,3585
0,1,6,23,3531
0,1,6,24,3529
0,1,6,25,3547
0,1,6,26,3556
0,1,6,27,3544
0,1,6,28,3571
0,1,6,29,3515
0,1,6,30,3533
0,1,6,31,3571
0,2,6,0,4644
0,2,6,1,4591
0,2,6,2,4637
0,2,6,3,4606
0,2,6,4,4662
0,2,6,5,4591
0,2,6,6,4580
0,2,6,7,4583
0,2,6,8,4601
0,2,6,9,4612
0,2,6,10,4566
0,2,6,11,4595
0,2,6,12,4612
0,2,6,13,4604
0,2,6,14,4576
0,2,6,15,4558
0,2,6,16,4551
0,2,6,17,4580
0,2,6,18,4509
0,2,6,19,4591
0,2,6,20,4533
0,2,6,21,4572
0,2,6,22,4566
0,2,6,23,4611
0,2,6,24,4568
0,2,6,25,4607
0,2,6,26,4565
0,2,6,27,4620
0,2,6,28,4623
0,2,6,29,4615
0,2,6,30,4527
0,2,6,31,4572
0,3,6,0,7255
0,3,6,1,7133
0,3,6,2,7161
0,3,6,3,7073
0,3,6,4,7143
0,3,6,5,7087
0,3,6,6,7095
0,3,6,7,7202
0,3,6,8,7097
0,3,6,9,7144
0,3,6,10,7061
0,3,6,11,7139
0,3,6,12,7065
0,3,6,13,7065
0,3,6,14,7123
0,3,6,15,7183
0,3,6,16,7183
0,3,6,17,7132
0,3,6,18,7029
0,3,6,19,7209
0,3,6,20,7089
0,3,6,21,7318
0,3,6,22,7125
0,3,6,23,7160
0,3,6,24,7154
0,3,6,25,7070
0,3,6,26,7124
0,3,6,27,7157
0,3,6,28,7034
0,3,6,29,7098
0,3,6,30,7015
0,3,6,31,7109
0,4,6,0,7791
0,4,6,1,7736
0,4,6,2,8368
0,4,6,3,7926
0,4,6,4,7975
0,4,6,5,7868
0,4,6,6,7971
0,4,6,7,7944
0,4,6,8,7863
0,4,6,9,7893
0,4,6,10,7912
0,4,6,11,8024
0,4,6,12,7758
0,4,6,13,7894
0,4,6,14,7897
0,4,6,15,7946
0,4,6,16,7890
0,4,6,17,7921
0,4,6,18,7934
0,4,6,19,7781
0,4,6,20,7880
0,4,6,21,7893
0,4,6,22,7893
0,4,6,23,7911
0,4,6,24,7953
0,4,6,25,7793
0,4,6,26,7927
0,4,6,27,7873
0,4,6,28,7929
0,4,6,29,7788
0,4,6,30,7921
0,4,6,31,7871
0,5,6,0,8839
0,5,6,1,8866
0,5,6,2,8878
0,5,6,3,8932
0,5,6,4,8959
0,5,6,5,8932
0,5,6,6,9007
0,5,6,7,8808
0,5,6,8,8925
0,5,6,9,8919
0,5,6,10,8997
0,5,6,11,8929
0,5,6,12,8843
0,5,6,13,8877
0,5,6,14,8881
0,5,6,15,8902
0,5,6,16,8898
0,5,6,17,8974
0,5,6,18,8919
0,5,6,19,8944
0,5,6,20,8896
0,5,6,21,8956
0,5,6,22,8906
0,5,6,23,8984
0,5,6,24,8941
0,5,6,25,8888
0,5,6,26,8914
0,5,6,27,8980
0,5,6,28,8990
0,5,6,29,8930
0,5,6,30,8910
0,5,6,31,8899
0,6,6,0,9561
0,6,6,1,9678
0,6,6,2,9679
0,6,6,3,9691
0,6,6,4,9574
0,6,6,5,9733
0,6,6,6,9624
0,6,6,7,9890
0,6,6,8,9669
0,6,6,9,9634
0,6,6,10,9703
0,6,6,11,9678
0,6,6,12,9672
0,6,6,13,9653
0,6,6,14,9679
0,6,6,15,9641
0,6,6,16,9714
0,6,6,17,9655
0,6,6,18,9743
0,6,6,19,9549
0,6,6,20,9569
0,6,6,21,9560
0,6,6,22,9667
0,6,6,23,9704
0,6,6,24,9750
0,6,6,25,9711
0,6,6,26,9696
0,6,6,27,9683
0,6,6,28,20645
0,6,6,29,9750
0,6,6,30,9809
0,6,6,31,9615
0,7,6,0,10591
0,7,6,1,10640
0,7,6,2,10597
0,7,6,3,10696
0,7,6,4,10668
0,7,6,5,10586
0,7,6,6,10616
0,7,6,7,10766
0,7,6,8,10593
0,7,6,9,10605
0,7,6,10,10596
0,7,6,11,10675
0,7,6,12,10584
0,7,6,13,10635
0,7,6,14,10623
0,7,6,15,10558
0,7,6,16,10609
0,7,6,17,10644
0,7,6,18,10604
0,7,6,19,10591
0,7,6,20,10714
0,7,6,21,10605
0,7,6,22,10637
0,7,6,23,10594
0,7,6,24,10661
0,7,6,25,10685
0,7,6,26,10565
0,7,6,27,10638
0,7,6,28,10536
0,7,6,29,10642
0,7,6,30,10643
0,7,6,31,10627
0,8,6,0,21597
0,8,6,1,21510
0,8,6,2,21656
0,8,6,3,21543
0,8,6,4,21440
0,8,6,5,21276
0,8,6,6,21425
0,8,6,7,21589
0,8,6,8,21395
0,8,6,9,21529
0,8,6,10,21578
0,8,6,11,21681
0,8,6,12,22016
0,8,6,13,21443
0,8,6,14,21530
0,8,6,15,21451
0,8,6,16,21464
0,8,6,17,21340
0,8,6,18,21571
0,8,6,19,21596
0,8,6,20,21461
0,8,6,21,21620
0,8,6,22,21459
0,8,6,23,21382
0,8,6,24,21422
0,8,6,25,21491
0,8,6,26,21553
0,8,6,27,21582
0,8,6,28,21364
0,8,6,29,21439
0,8,6,30,21412
0,8,6,31,21501
0,9,6,0,21767
0,9,6,1,21771
0,9,6,2,21542
0,9,6,3,21621
0,9,6,4,21600
0,9,6,5,21627
0,9,6,6,21325
0,9,6,7,21575
0,9,6,8,21710
0,9,6,9,21607
0,9,6,10,21791
0,9,6,11,21651
0,9,6,12,21691
0,9,6,13,21778
0,9,6,14,21597
0,9,6,15,21634
0,9,6,16,21633
0,9,6,17,21665
0,9,6,18,21651
0,9,6,19,21883
0,9,6,20,21709
0,9,6,21,21485
0,9,6,22,21664
0,9,6,23,21491
0,9,6,24,21537
0,9,6,25,21585
0,9,6,26,21794
0,9,6,27,21572
0,9,6,28,21613
0,9,6,29,21689
0,9,6,30,21658
0,9,6,31,21566
1,0,6,0,402
1,0,6,1,370
1,0,6,2,363
1,0,6,3,359
1,0,6,4,363
1,0,6,5,368
1,0,6,6,359
1,0,6,7,355
1,0,6,8,360
1,0,6,9,364
1,0,6,10,361
1,0,6,11,371
1,0,6,12,358
1,0,6,13,373
1,0,6,14,365
1,0,6,15,365
1,0,6,16,373
1,0,6,17,358
1,0,6,18,367
1,0,6,19,366
1,0,6,20,351
1,0,6,21,368
1,0,6,22,357
1,0,6,23,358
1,0,6,24,365
1,0,6,25,358
1,0,6,26,376
1,0,6,27,368
1,0,6,28,371
1,0,6,29,362
1,0,6,30,363
1,0,6,31,378
1,1,6,0,13690
1,1,6,1,13672
1,1,6,2,13484
1,1,6,3,13690
1,1,6,4,13678
1,1,6,5,13650
1,1,6,6,13646
1,1,6,7,13440
1,1,6,8,13648
1,1,6,9,13700
1,1,6,10,13711
1,1,6,11,13688
1,1,6,12,13751
1,1,6,13,13764
1,1,6,14,13657
1,1,6,15,13761
1,1,6,16,13700
1,1,6,17,13680
1,1,6,18,13713
1,1,6,19,13594
1,1,6,20,13637
1,1,6,21,13494
1,1,6,22,13486
1,1,6,23,13495
1,1,6,24,13741
1,1,6,25,13764
1,1,6,26,13439
1,1,6,27,13507
1,1,6,28,13738
1,1,6,29,13700
1,1,6,30,13698
1,1,6,31,14123
1,2,6,0,14349
1,2,6,1,14444
1,2,6,2,14246
1,2,6,3,14432
1,2,6,4,14225
1,2,6,5,14343
1,2,6,6,14426
1,2,6,7,14467
1,2,6,8,14427
1,2,6,9,14597
1,2,6,10,14455
1,2,6,11,14539
1,2,6,12,14479
1,2,6,13,14261
1,2,6,14,14486
1,2,6,15,14461
1,2,6,16,14453
1,2,6,17,14473
1,2,6,18,14469
1,2,6,19,14443
1,2,6,20,14269
1,2,6,21,14356
1,2,6,22,14255
1,2,6,23,14469
1,2,6,24,14521
1,2,6,25,14511
1,2,6,26,14566
1,2,6,27,14493
1,2,6,28,14303
1,2,6,29,14493
1,2,6,30,14484
1,2,6,31,14208
1,3,6,0,14528
1,3,6,1,14706
1,3,6,2,14362
1,3,6,3,14686
1,3,6,4,14624
1,3,6,5,14656
1,3,6,6,14680
1,3,6,7,14684
1,3,6,8,14647
1,3,6,9,14655
1,3,6,10,14465
1,3,6,11,14668
1,3,6,12,14743
1,3,6,13,14671
1,3,6,14,14662
1,3,6,15,14440
1,3,6,16,14647
1,3,6,17,14453
1,3,6,18,14385
1,3,6,19,14640
1,3,6,20,14661
1,3,6,21,14702
1,3,6,22,14662
1,3,6,23,14662
1,3,6,24,14648
1,3,6,25,14606
1,3,6,26,14645
1,3,6,27,14672
1,3,6,28,14686
1,3,6,29,14696
1,3,6,30,25329
1,3,6,31,14469
1,4,6,0,26528
1,4,6,1,26697
1,4,6,2,26657
1,4,6,3,26698
1,4,6,4,26309
1,4,6,5,26353
1,4,6,6,26581
1,4,6,7,26358
1,4,6,8,26632
1,4,6,9,26636
1,4,6,10,26216
1,4,6,11,26221
1,4,6,12,26642
1,4,6,13,26558
1,4,6,14,26677
1,4,6,15,26576
1,4,6,16,26557
1,4,6,17,26621
1,4,6,18,26622
1,4,6,19,26628
1,4,6,20,26573
1,4,6,21,26377
1,4,6,22,26925
1,4,6,23,26081
1,4,6,24,26584
1,4,6,25,26157
1,4,6,26,26700
1,4,6,27,26189
1,4,6,28,26335
1,4,6,29,26438
1,4,6,30,26452
1,4,6,31,26227
1,5,6,0,26694
1,5,6,1,26749
1,5,6,2,26746
1,5,6,3,26856
1,5,6,4,26805
1,5,6,5,26699
1,5,6,6,26552
1,5,6,7,26815
1,5,6,8,26794
1,5,6,9,26412
1,5,6,10,26521
1,5,6,11,26478
1,5,6,12,26762
1,5,6,13,26792
1,5,6,14,26471
1,5,6,15,26722
1,5,6,16,26738
1,5,6,17,26810
1,5,6,18,26846
1,5,6,19,26824
1,5,6,20,26783
1,5,6,21,26321
1,5,6,22,26717
1,5,6,23,26829
1,5,6,24,26906
1,5,6,25,26789
1,5,6,26,26787
1,5,6,27,26714
1,5,6,28,26831
1,5,6,29,26807
1,5,6,30,26801
1,5,6,31,26716
1,6,6,0,27589
1,6,6,1,27486
1,6,6,2,27521
1,6,6,3,27493
1,6,6,4,27550
1,6,6,5,27486
1,6,6,6,27616
1,6,6,7,27527
1,6,6,8,27087
1,6,6,9,27501
1,6,6,10,27457
1,6,6,11,27596
1,6,6,12,27087
1,6,6,13,27580
1,6,6,14,27582
1,6,6,15,27507
1,6,6,16,27061
1,6,6,17,27028
1,6,6,18,27734
1,6,6,19,27427
1,6,6,20,27521
1,6,6,21,27503
1,6,6,22,27141
1,6,6,23,27503
1,6,6,24,27333
1,6,6,25,27455
1,6,6,26,27007
1,6,6,27,27084
1,6,6,28,27557
1,6,6,29,27527
1,6,6,30,27439
1,6,6,31,27597
1,7,6,0,27556
1,7,6,1,28103
1,7,6,2,28035
1,7,6,3,28096
1,7,6,4,27631
1,7,6,5,28136
1,7,6,6,28159
1,7,6,7,27970
1,7,6,8,28055
1,7,6,9,27946
1,7,6,10,27891
1,7,6,11,28063
1,7,6,12,28173
1,7,6,13,27970
1,7,6,14,28053
1,7,6,15,28161
1,7,6,16,27905
1,7,6,17,28092
1,7,6,18,28025
1,7,6,19,27672
1,7,6,20,27809
1,7,6,21,27517
1,7,6,22,27775
1,7,6,23,28067
1,7,6,24,27785
1,7,6,25,27997
1,7,6,26,27700
1,7,6,27,28031
1,7,6,28,27836
1,7,6,29,28145
1,7,6,30,27722
1,7,6,31,27847
1,8,6,0,27870
1,8,6,1,28204
1,8,6,2,28333
1,8,6,3,28208
1,8,6,4,27939
1,8,6,5,28274
1,8,6,6,28240
1,8,6,7,28221
1,8,6,8,28271
1,8,6,9,28259
1,8,6,10,28266
1,8,6,11,28880
1,8,6,12,28426
1,8,6,13,28320
1,8,6,14,28331
1,8,6,15,28459
1,8,6,16,28271
1,8,6,17,28215
1,8,6,18,28283
1,8,6,19,28410
1,8,6,20,28419
1,8,6,21,28273
1,8,6,22,28301
1,8,6,23,28328
1,8,6,24,28384
1,8,6,25,28401
1,8,6,26,28224
1,8,6,27,28172
1,8,6,28,28513
1,8,6,29,28215
1,8,6,30,28268
1,8,6,31,28185
1,9,6,0,28071
1,9,6,1,28304
1,9,6,2,28417
1,9,6,3,28253
1,9,6,4,28436
1,9,6,5,28018
1,9,6,6,28396
1,9,6,7,28357
1,9,6,8,28408
1,9,6,9,28315
1,9,6,10,28436
1,9,6,11,28430
1,9,6,12,28306
1,9,6,13,28382
1,9,6,14,28227
1,9,6,15,28244
1,9,6,16,28430
1,9,6,17,28273
1,9,6,18,28439
1,9,6,19,28351
1,9,6,20,28361
1,9,6,21,28354
1,9,6,22,28417
1,9,6,23,28299
1,9,6,24,27970
1,9,6,25,28483
1,9,6,26,28361
1,9,6,27,28390
1,9,6,28,28350
1,9,6,29,28412
1,9,6,30,28401
1,9,6,31,28348
2,0,6,0,655
2,0,6,1,670
2,0,6,2,654
2,0,6,3,658
2,0,6,4,679
2,0,6,5,670
2,0,6,6,659
2,0,6,7,649
2,0,6,8,658
2,0,6,9,670
2,0,6,10,666
2,0,6,11,686
2,0,6,12,654
2,0,6,13,682
2,0,6,14,657
2,0,6,15,674
2,0,6,16,656
2,0,6,17,661
2,0,6,18,695
2,0,6,19,666
2,0,6,20,665
2,0,6,21,664
2,0,6,22,652
2,0,6,23,656
2,0,6,24,664
2,0,6,25,655
2,0,6,26,657
2,0,6,27,683
2,0,6,28,668
2,0,6,29,677
2,0,6,30,667
2,0,6,31,671
2,1,6,0,1085
2,1,6,1,1111
2,1,6,2,1115
2,1,6,3,1090
2,1,6,4,1091
2,1,6,5,1105
2,1,6,6,1101
2,1,6,7,1077
2,1,6,8,1095
2,1,6,9,1092
2,1,6,10,1090
2,1,6,11,1103
2,1,6,12,1093
2,1,6,13,1093
2,1,6,14,1090
2,1,6,15,1086
2,1,6,16,1094
2,1,6,17,1102
2,1,6,18,1088
2,1,6,19,1101
2,1,6,20,1096
2,1,6,21,1114
2,1,6,22,1086
2,1,6,23,1095
2,1,6,24,1094
2,1,6,25,1089
2,1,6,26,1087
2,1,6,27,1083
2,1,6,28,1087
2,1,6,29,1098
2,1,6,30,1071
2,1,6,31,1116
2,2,6,0,2055
2,2,6,1,2083
2,2,6,2,2113
2,2,6,3,2058
2,2,6,4,2069
2,2,6,5,2064
2,2,6,6,2043
2,2,6,7,2032
2,2,6,8,2039
2,2,6,9,2063
2,2,6,10,2031
2,2,6,11,2067
2,2,6,12,2042
2,2,6,13,2022
2,2,6,14,2066
2,2,6,15,2030
2,2,6,16,2051
2,2,6,17,2042
2,2,6,18,2034
2,2,6,19,2038
2,2,6,20,2018
2,2,6,21,2046
2,2,6,22,2049
2,2,6,23,2026
2,2,6,24,2041
2,2,6,25,2050
2,2,6,26,2048
2,2,6,27,2101
2,2,6,28,2039
2,2,6,29,2049
2,2,6,30,2060
2,2,6,31,2057
2,3,6,0,2879
2,3,6,1,2916
2,3,6,2,2914
2,3,6,3,2913
2,3,6,4,2866
2,3,6,5,2872
2,3,6,6,2896
2,3,6,7,2872
2,3,6,8,2900
2,3,6,9,2891
2,3,6,10,2881
2,3,6,11,2880
2,3,6,12,2892
2,3,6,13,2887
2,3,6,14,2873
2,3,6,15,2863
2,3,6,16,2887
2,3,6,17,2884
2,3,6,18,2906
2,3,6,19,2871
2,3,6,20,2877
2,3,6,21,2868
2,3,6,22,2902
2,3,6,23,2870
2,3,6,24,2875
2,3,6,25,2931
2,3,6,26,2881
2,3,6,27,2893
2,3,6,28,2891
2,3,6,29,2873
2,3,6,30,2893
2,3,6,31,2916
2,4,6,0,3380
2,4,6,1,3437
2,4,6,2,3448
2,4,6,3,3383
2,4,6,4,3392
2,4,6,5,3440
2,4,6,6,3400
2,4,6,7,3429
2,4,6,8,3406
2,4,6,9,3467
2,4,6,10,3427
2,4,6,11,3397
2,4,6,12,3376
2,4,6,13,3380
2,4,6,14,3397
2,4,6,15,3465
2,4,6,16,3428
2,4,6,17,3419
2,4,6,18,3395
2,4,6,19,3437
2,4,6,20,3424
2,4,6,21,3387
2,4,6,22,3403
2,4,6,23,3426
2,4,6,24,3381
2,4,6,25,3399
2,4,6,26,3388
2,4,6,27,3428
2,4,6,28,3406
2,4,6,29,3420
2,4,6,30,3471
2,4,6,31,3398
2,5,6,0,3612
2,5,6,1,3664
2,5,6,2,3631
2,5,6,3,3649
2,5,6,4,3640
2,5,6,5,3634
2,5,6,6,3625
2,5,6,7,3631
2,5,6,8,3617
2,5,6,9,3679
2,5,6,10,3631
2,5,6,11,3629
2,5,6,12,3654
2,5,6,13,3616
2,5,6,14,3675
2,5,6,15,3632
2,5,6,16,3634
2,5,6,17,3625
2,5,6,18,3643
2,5,6,19,3678
2,5,6,20,3652
2,5,6,21,3623
2,5,6,22,3637
2,5,6,23,3637
2,5,6,24,3624
2,5,6,25,3663
2,5,6,26,3618
2,5,6,27,3663
2,5,6,28,3624
2,5,6,29,3637
2,5,6,30,3646
2,5,6,31,3634
2,6,6,0,15622
2,6,6,1,15397
2,6,6,2,15460
2,6,6,3,15454
2,6,6,4,15486
2,6,6,5,15405
2,6,6,6,15640
2,6,6,7,15609
2,6,6,8,15634
2,6,6,9,15625
2,6,6,10,15594
2,6,6,11,15730
2,6,6,12,15430
2,6,6,13,15485
2,6,6,14,15422
2,6,6,15,15419
2,6,6,16,15624
2,6,6,17,15647
2,6,6,18,15615
2,6,6,19,15484
2,6,6,20,15595
2,6,6,21,15496
2,6,6,22,15445
2,6,6,23,15423
2,6,6,24,15615
2,6,6,25,15575
2,6,6,26,15584
2,6,6,27,15662
2,6,6,28,15495
2,6,6,29,15624
2,6,6,30,15605
2,6,6,31,15642
2,7,6,0,15627
2,7,6,1,15742
2,7,6,2,15620
2,7,6,3,15543
2,7,6,4,15555
2,7,6,5,15621
2,7,6,6,15771
2,7,6,7,15544
2,7,6,8,15829
2,7,6,9,15646
2,7,6,10,15800
2,7,6,11,15770
2,7,6,12,15765
2,7,6,13,15546
2,7,6,14,15590
2,7,6,15,15537
2,7,6,16,15573
2,7,6,17,15510
2,7,6,18,15642
2,7,6,19,15574
2,7,6,20,15586
2,7,6,21,15551
2,7,6,22,15595
2,7,6,23,15595
2,7,6,24,15615
2,7,6,25,15545
2,7,6,26,15562
2,7,6,27,15555
2,7,6,28,15620
2,7,6,29,16155
2,7,6,30,15610
2,7,6,31,15569
2,8,6,0,18212
2,8,6,1,17943
2,8,6,2,18109
2,8,6,3,17986
2,8,6,4,18193
2,8,6,5,18019
2,8,6,6,18212
2,8,6,7,18383
2,8,6,8,18169
2,8,6,9,18222
2,8,6,10,18327
2,8,6,11,18276
2,8,6,12,18181
2,8,6,13,17979
2,8,6,14,17915
2,8,6,15,18291
2,8,6,16,18217
2,8,6,17,17947
2,8,6,18,18187
2,8,6,19,17855
2,8,6,20,18000
2,8,6,21,17974
2,8,6,22,17943
2,8,6,23,18001
2,8,6,24,18311
2,8,6,25,17996
2,8,6,26,17981
2,8,6,27,18035
2,8,6,28,18013
2,8,6,29,18139
2,8,6,30,17895
2,8,6,31,18215
2,9,6,0,19120
2,9,6,1,19204
2,9,6,2,19215
2,9,6,3,19158
2,9,6,4,19123
2,9,6,5,18798
2,9,6,6,18927
2,9,6,7,18847
2,9,6,8,18818
2,9,6,9,19176
2,9,6,10,19185
2,9,6,11,19184
2,9,6,12,19052
2,9,6,13,19147
2,9,6,14,19071
2,9,6,15,19146
2,9,6,16,19180
2,9,6,17,19150
2,9,6,18,19002
2,9,6,19,18738
2,9,6,20,19156
2,9,6,21,19172
2,9,6,22,19171
2,9,6,23,19047
2,9,6,24,18838
2,9,6,25,19119
2,9,6,26,19058
2,9,6,27,19108
2,9,6,28,19045
2,9,6,29,19082
2,9,6,30,19096
2,9,6,31,19101
2,10,6,0,19446
2,10,6,1,19552
2,10,6,2,19509
2,10,6,3,19481
2,10,6,4,19447
2,10,6,5,19811
2,10,6,6,19862
2,10,6,7,19458
2,10,6,8,19551
2,10,6,9,19832
2,10,6,10,19837
2,10,6,11,19543
2,10,6,12,19536
2,10,6,13,19799
2,10,6,14,19794
2,10,6,15,19555
2,10,6,16,20330
2,10,6,17,19656
2,10,6,18,19841
2,10,6,19,19856
2,10,6,20,19804
2,10,6,21,19830
2,10,6,22,19874
2,10,6,23,19810
2,10,6,24,19818
2,10,6,25,19693
2,10,6,26,19784
2,10,6,27,19880
2,10,6,28,19825
2,10,6,29,19804
2,10,6,30,19698
2,10,6,31,19776
0,9,7,0,21547
0,9,7,1,21801
0,9,7,2,21742
0,9,7,3,21575
0,9,7,4,21680
0,9,7,5,21619
0,9,7,6,21620
0,9,7,7,21691
0,9,7,8,21509
0,9,7,9,21530
0,9,7,10,21661
0,9,7,11,21661
0,9,7,12,21517
0,9,7,13,21603
0,9,7,14,21618
0,9,7,15,21699
0,9,7,16,21631
0,9,7,17,21592
0,9,7,18,21468
0,9,7,19,21528
0,9,7,20,21719
0,9,7,21,21605
0,9,7,22,21759
0,9,7,23,21716
0,9,7,24,21592
0,9,7,25,21727
0,9,7,26,21423
0,9,7,27,21737
0,9,7,28,21711
0,9,7,29,21405
0,9,7,30,21566
0,9,7,31,21605
0,8,7,0,21382
0,8,7,1,21625
0,8,7,2,21509
0,8,7,3,21403
0,8,7,4,21686
0,8,7,5,21364
0,8,7,6,21644
0,8,7,7,21644
0,8,7,8,21642
0,8,7,9,21515
0,8,7,10,21559
0,8,7,11,21588
0,8,7,12,21486
0,8,7,13,21411
0,8,7,14,21370
0,8,7,15,21448
0,8,7,16,21344
0,8,7,17,21352
0,8,7,18,21704
0,8,7,19,21414
0,8,7,20,21440
0,8,7,21,21439
0,8,7,22,21457
0,8,7,23,21609
0,8,7,24,21394
0,8,7,25,21562
0,8,7,26,21565
0,8,7,27,21542
0,8,7,28,21502
0,8,7,29,21895
0,8,7,30,21476
0,8,7,31,21565
0,7,7,0,10493
0,7,7,1,10576
0,7,7,2,10568
0,7,7,3,10558
0,7,7,4,10654
0,7,7,5,10581
0,7,7,6,10678
0,7,7,7,10672
0,7,7,8,10631
0,7,7,9,10612
0,7,7,10,10642
0,7,7,11,10606
0,7,7,12,10609
0,7,7,13,10678
0,7,7,14,10610
0,7,7,15,10643
0,7,7,16,10487
0,7,7,17,10625
0,7,7,18,10567
0,7,7,19,10621
0,7,7,20,10587
0,7,7,21,10652
0,7,7,22,10597
0,7,7,23,10609
0,7,7,24,10668
0,7,7,25,10627
0,7,7,26,10671
0,7,7,27,10598
0,7,7,28,10611
0,7,7,29,10605
0,7,7,30,10658
0,7,7,31,10527
0,6,7,0,9565
0,6,7,1,9616
0,6,7,2,9699
0,6,7,3,9637
0,6,7,4,9655
0,6,7,5,9708
0,6,7,6,9654
0,6,7,7,9664
0,6,7,8,9594
0,6,7,9,9570
0,6,7,10,9707
0,6,7,11,9726
0,6,7,12,9697
0,6,7,13,9574
0,6,7,14,9630
0,6,7,15,9705
0,6,7,16,9661
0,6,7,17,9695
0,6,7,18,9702
0,6,7,19,9698
0,6,7,20,9624
0,6,7,21,9549
0,6,7,22,9616
0,6,7,23,9542
0,6,7,24,9627
0,6,7,25,9700
0,6,7,26,9596
0,6,7,27,9584
0,6,7,28,9616
0,6,7,29,9556
0,6,7,30,9573
0,6,7,31,9706
0,5,7,0,8958
0,5,7,1,8744
0,5,7,2,8927
0,5,7,3,8781
0,5,7,4,8900
0,5,7,5,8768
0,5,7,6,8978
0,5,7,7,8924
0,5,7,8,8883
0,5,7,9,8857
0,5,7,10,8864
0,5,7,11,8922
0,5,7,12,8944
0,5,7,13,8847
0,5,7,14,8933
0,5,7,15,8919
0,5,7,16,8956
0,5,7,17,8905
0,5,7,18,8948
0,5,7,19,8871
0,5,7,20,8884
0,5,7,21,8945
0,5,7,22,8848
0,5,7,23,8855
0,5,7,24,8908
0,5,7,25,8776
0,5,7,26,8936
0,5,7,27,8929
0,5,7,28,8905
0,5,7,29,8911
0,5,7,30,8846
0,5,7,31,8873
0,4,7,0,7845
0,4,7,1,7822
0,4,7,2,7965
0,4,7,3,7785
0,4,7,4,7888
0,4,7,5,7920
0,4,7,6,7874
0,4,7,7,7873
0,4,7,8,7863
0,4,7,9,7842
0,4,7,10,7840
0,4,7,11,7877
0,4,7,12,7903
0,4,7,13,7922
0,4,7,14,7877
0,4,7,15,7921
0,4,7,16,7850
0,4,7,17,7859
0,4,7,18,7818
0,4,7,19,7731
0,4,7,20,7769
0,4,7,21,7750
0,4,7,22,7832
0,4,7,23,7797
0,4,7,24,7907
0,4,7,25,7702
0,4,7,26,7798
0,4,7,27,7804
0,4,7,28,7882
0,4,7,29,7939
0,4,7,30,7885
0,4,7,31,7875
0,3,7,0,7149
0,3,7,1,7133
0,3,7,2,7152
0,3,7,3,7070
0,3,7,4,7099
0,3,7,5,7016
0,3,7,6,6981
0,3,7,7,7115
0,3,7,8,7164
0,3,7,9,7219
0,3,7,10,7213
0,3,7,11,7165
0,3,7,12,7019
0,3,7,13,7140
0,3,7,14,7098
0,3,7,15,7110
0,3,7,16,7157
0,3,7,17,7045
0,3,7,18,7205
0,3,7,19,7061
0,3,7,20,6978
0,3,7,21,7193
0,3,7,22,7143
0,3,7,23,7556
0,3,7,24,7012
0,3,7,25,7120
0,3,7,26,7153
0,3,7,27,7178
0,3,7,28,7191
0,3,7,29,7129
0,3,7,30,7091
0,3,7,31,7175
0,2,7,0,4576
0,2,7,1,4600
0,2,7,2,4606
0,2,7,3,4608
0,2,7,4,4610
0,2,7,5,4564
0,2,7,6,4596
0,2,7,7,4605
0,2,7,8,4618
0,2,7,9,4586
0,2,7,10,4596
0,2,7,11,4594
0,2,7,12,4596
0,2,7,13,4591
0,2,7,14,4628
0,2,7,15,4592
0,2,7,16,4565
0,2,7,17,4589
0,2,7,18,4643
0,2,7,19,4587
0,2,7,20,4590
0,2,7,21,4552
0,2,7,22,4533
0,2,7,23,4630
0,2,7,24,4581
0,2,7,25,4591
0,2,7,26,4561
0,2,7,27,4598
0,2,7,28,4572
0,2,7,29,4599
0,2,7,30,4611
0,2,7,31,4604
0,1,7,0,3465
0,1,7,1,3549
0,1,7,2,3573
0,1,7,3,3567
0,1,7,4,3541
0,1,7,5,3569
0,1,7,6,3560
0,1,7,7,3504
0,1,7,8,3522
0,1,7,9,3505
0,1,7,10,3530
0,1,7,11,3523
0,1,7,12,3539
0,1,7,13,3544
0,1,7,14,3547
0,1,7,15,3597
0,1,7,16,3506
0,1,7,17,3550
0,1,7,18,3579
0,1,7,19,3559
0,1,7,20,3521
0,1,7,21,3522
0,1,7,22,3537
0,1,7,23,3592
0,1,7,24,3538
0,1,7,25,3527
0,1,7,26,3571
0,1,7,27,3523
0,1,7,28,3546
0,1,7,29,3524
0,1,7,30,3562
0,1,7,31,3522
0,0,7,0,2805
0,0,7,1,2816
0,0,7,2,2824
0,0,7,3,2794
0,0,7,4,2773
0,0,7,5,2743
0,0,7,6,2815
0,0,7,7,2800
0,0,7,8,2821
0,0,7,9,2732
0,0,7,10,2782
0,0,7,11,2767
0,0,7,12,2728
0,0,7,13,2782
0,0,7,14,2782
0,0,7,15,2805
0,0,7,16,2742
0,0,7,17,2776
0,0,7,18,2776
0,0,7,19,2761
0,0,7,20,2791
0,0,7,21,2729
0,0,7,22,2798
0,0,7,23,2729
0,0,7,24,2788
0,0,7,25,2745
0,0,7,26,2796
0,0,7,27,2769
0,0,7,28,2791
0,0,7,29,2771
0,0,7,30,2801
0,0,7,31,2813
1,9,7,0,28167
1,9,7,1,28103
1,9,7,2,28357
1,9,7,3,28295
1,9,7,4,28308
1,9,7,5,28411
1,9,7,6,28158
1,9,7,7,28312
1,9,7,8,28416
1,9,7,9,28239
1,9,7,10,28332
1,9,7,11,28400
1,9,7,12,28281
1,9,7,13,28406
1,9,7,14,28277
1,9,7,15,28340
1,9,7,16,28348
1,9,7,17,28339
1,9,7,18,28509
1,9,7,19,28389
1,9,7,20,28138
1,9,7,21,28376
1,9,7,22,28348
1,9,7,23,28443
1,9,7,24,28404
1,9,7,25,28446
1,9,7,26,28258
1,9,7,27,28296
1,9,7,28,27831
1,9,7,29,28282
1,9,7,30,28344
1,9,7,31,28050
1,8,7,0,28259
1,8,7,1,28780
1,8,7,2,28326
1,8,7,3,28336
1,8,7,4,28336
1,8,7,5,27990
1,8,7,6,27906
1,8,7,7,27772
1,8,7,8,27883
1,8,7,9,27760
1,8,7,10,28245
1,8,7,11,28023
1,8,7,12,28264
1,8,7,13,28210
1,8,7,14,27883
1,8,7,15,28029
1,8,7,16,27909
1,8,7,17,27904
1,8,7,18,27883
1,8,7,19,28075
1,8,7,20,28038
1,8,7,21,28343
1,8,7,22,28233
1,8,7,23,28269
1,8,7,24,28343
1,8,7,25,28042
1,8,7,26,27866
1,8,7,27,27970
1,8,7,28,28197
1,8,7,29,28343
1,8,7,30,28284
1,8,7,31,27872
1,7,7,0,28067
1,7,7,1,27752
1,7,7,2,27983
1,7,7,3,28119
1,7,7,4,27547
1,7,7,5,27940
1,7,7,6,28048
1,7,7,7,28069
1,7,7,8,28000
1,7,7,9,27827
1,7,7,10,27527
1,7,7,11,27795
1,7,7,12,27875
1,7,7,13,28038
1,7,7,14,28047
1,7,7,15,28108
1,7,7,16,28001
1,7,7,17,28072
1,7,7,18,38462
1,7,7,19,27844
1,7,7,20,27754
1,7,7,21,27743
1,7,7,22,27659
1,7,7,23,27669
1,7,7,24,27794
1,7,7,25,27911
1,7,7,26,27954
1,7,7,27,28032
1,7,7,28,27694
1,7,7,29,27723
1,7,7,30,28379
1,7,7,31,28172
1,6,7,0,27451
1,6,7,1,27520
1,6,7,2,27484
1,6,7,3,27071
1,6,7,4,27012
1,6,7,5,27040
1,6,7,6,27567
1,6,7,7,27460
1,6,7,8,27237
1,6,7,9,27547
1,6,7,10,27145
1,6,7,11,27358
1,6,7,12,27558
1,6,7,13,27349
1,6,7,14,27026
1,6,7,15,27549
1,6,7,16,27559
1,6,7,17,27549
1,6,7,18,27545
1,6,7,19,27520
1,6,7,20,27569
1,6,7,21,27181
1,6,7,22,27432
1,6,7,23,27548
1,6,7,24,27466
1,6,7,25,27531
1,6,7,26,27333
1,6,7,27,27561
1,6,7,28,27513
1,6,7,29,27239
1,6,7,30,27369
1,6,7,31,27628
1,5,7,0,26706
1,5,7,1,26360
1,5,7,2,26353
1,5,7,3,26338
1,5,7,4,26806
1,5,7,5,26674
1,5,7,6,26572
1,5,7,7,26444
1,5,7,8,26727
1,5,7,9,26382
1,5,7,10,26396
1,5,7,11,26394
1,5,7,12,26426
1,5,7,13,26384
1,5,7,14,26746
1,5,7,15,26642
1,5,7,16,26777
1,5,7,17,26300
1,5,7,18,26457
1,5,7,19,26747
1,5,7,20,26411
1,5,7,21,26797
1,5,7,22,26837
1,5,7,23,26557
1,5,7,24,26437
1,5,7,25,27000
1,5,7,26,26751
1,5,7,27,26266
1,5,7,28,26774
1,5,7,29,26604
1,5,7,30,26821
1,5,7,31,26783
1,4,7,0,26577
1,4,7,1,26486
1,4,7,2,26234
1,4,7,3,26664
1,4,7,4,26743
1,4,7,5,26551
1,4,7,6,26558
1,4,7,7,26423
1,4,7,8,26134
1,4,7,9,26425
1,4,7,10,26332
1,4,7,11,26356
1,4,7,12,26219
1,4,7,13,26386
1,4,7,14,26338
1,4,7,15,26370
1,4,7,16,26573
1,4,7,17,26423
1,4,7,18,26395
1,4,7,19,26472
1,4,7,20,26537
1,4,7,21,26380
1,4,7,22,26389
1,4,7,23,26560
1,4,7,24,26306
1,4,7,25,26436
1,4,7,26,26474
1,4,7,27,26556
1,4,7,28,26373
1,4,7,29,26303
1,4,7,30,26490
1,4,7,31,26274
1,3,7,0,14611
1,3,7,1,14508
1,3,7,2,14655
1,3,7,3,14427
1,3,7,4,14441
1,3,7,5,14426
1,3,7,6,14416
1,3,7,7,14651
1,3,7,8,14663
1,3,7,9,14611
1,3,7,10,14721
1,3,7,11,14697
1,3,7,12,14607
1,3,7,13,14500
1,3,7,14,14691
1,3,7,15,14610
1,3,7,16,14760
1,3,7,17,14604
1,3,7,18,14637
1,3,7,19,14440
1,3,7,20,14684
1,3,7,21,14736
1,3,7,22,14625
1,3,7,23,14397
1,3,7,24,14712
1,3,7,25,14475
1,3,7,26,14691
1,3,7,27,14656
1,3,7,28,14408
1,3,7,29,14450
1,3,7,30,14694
1,3,7,31,14736
1,2,7,0,14365
1,2,7,1,14447
1,2,7,2,14475
1,2,7,3,14437
1,2,7,4,14449
1,2,7,5,14384
1,2,7,6,14789
1,2,7,7,14422
1,2,7,8,14206
1,2,7,9,14495
1,2,7,10,14500
1,2,7,11,14245
1,2,7,12,14372
1,2,7,13,14470
1,2,7,14,14500
1,2,7,15,14330
1,2,7,16,14487
1,2,7,17,14486
1,2,7,18,14489
1,2,7,19,14453
1,2,7,20,14272
1,2,7,21,14472
1,2,7,22,14442
1,2,7,23,14394
1,2,7,24,14508
1,2,7,25,14458
1,2,7,26,14545
1,2,7,27,14545
1,2,7,28,14473
1,2,7,29,14516
1,2,7,30,14456
1,2,7,31,14443
1,1,7,0,13505
1,1,7,1,13454
1,1,7,2,13606
1,1,7,3,13708
1,1,7,4,13735
1,1,7,5,13426
1,1,7,6,13672
1,1,7,7,13475
1,1,7,8,13704
1,1,7,9,13727
1,1,7,10,13681
1,1,7,11,13732
1,1,7,12,13720
1,1,7,13,13756
1,1,7,14,13746
1,1,7,15,13670
1,1,7,16,13717
1,1,7,17,13673
1,1,7,18,13641
1,1,7,19,13703
1,1,7,20,13712
1,1,7,21,13665
1,1,7,22,13680
1,1,7,23,13642
1,1,7,24,13689
1,1,7,25,13766
1,1,7,26,13761
1,1,7,27,13728
1,1,7,28,13467
1,1,7,29,13489
1,1,7,30,13542
1,1,7,31,13747
1,0,7,0,398
1,0,7,1,355
1,0,7,2,359
1,0,7,3,369
1,0,7,4,369
1,0,7,5,367
1,0,7,6,365
1,0,7,7,360
1,0,7,8,369
1,0,7,9,370
1,0,7,10,370
1,0,7,11,367
1,0,7,12,363
1,0,7,13,362
1,0,7,14,362
1,0,7,15,362
1,0,7,16,362
1,0,7,17,350
1,0,7,18,367
1,0,7,19,366
1,0,7,20,371
1,0,7,21,360
1,0,7,22,366
1,0,7,23,368
1,0,7,24,364
1,0,7,25,366
1,0,7,26,373
1,0,7,27,357
1,0,7,28,364
1,0,7,29,356
1,0,7,30,355
1,0,7,31,353
2,10,7,0,19763
2,10,7,1,19832
2,10,7,2,19729
2,10,7,3,19690
2,10,7,4,19860
2,10,7,5,19798
2,10,7,6,19817
2,10,7,7,19530
2,10,7,8,19608
2,10,7,9,19481
2,10,7,10,19546
2,10,7,11,19682
2,10,7,12,19452
2,10,7,13,19833
2,10,7,14,19629
2,10,7,15,19481
2,10,7,16,19552
2,10,7,17,19588
2,10,7,18,19462
2,10,7,19,19908
2,10,7,20,19719
2,10,7,21,19841
2,10,7,22,19534
2,10,7,23,19680
2,10,7,24,19782
2,10,7,25,19811
2,10,7,26,19569
2,10,7,27,30330
2,10,7,28,19531
2,10,7,29,19778
2,10,7,30,19810
2,10,7,31,19784
2,9,7,0,19338
2,9,7,1,19007
2,9,7,2,19041
2,9,7,3,19128
2,9,7,4,19102
2,9,7,5,18888
2,9,7,6,19113
2,9,7,7,18930
2,9,7,8,18736
2,9,7,9,19117
2,9,7,10,19090
2,9,7,11,19089
2,9,7,12,19067
2,9,7,13,18897
2,9,7,14,18736
2,9,7,15,18832
2,9,7,16,19156
2,9,7,17,19025
2,9,7,18,19186
2,9,7,19,19056
2,9,7,20,18829
2,9,7,21,18727
2,9,7,22,18780
2,9,7,23,18818
2,9,7,24,19043
2,9,7,25,18865
2,9,7,26,18753
2,9,7,27,18937
2,9,7,28,18850
2,9,7,29,18797
2,9,7,30,18785
2,9,7,31,18786
2,8,7,0,17938
2,8,7,1,17956
2,8,7,2,18015
2,8,7,3,18229
2,8,7,4,17963
2,8,7,5,17964
2,8,7,6,17927
2,8,7,7,18018
2,8,7,8,18303
2,8,7,9,17949
2,8,7,10,18220
2,8,7,11,17960
2,8,7,12,18089
2,8,7,13,17967
2,8,7,14,18123
2,8,7,15,17949
2,8,7,16,18005
2,8,7,17,18143
2,8,7,18,17885
2,8,7,19,18114
2,8,7,20,18178
2,8,7,21,18285
2,8,7,22,18213
2,8,7,23,18313
2,8,7,24,17931
2,8,7,25,18133
2,8,7,26,18341
2,8,7,27,18314
2,8,7,28,18284
2,8,7,29,18199
2,8,7,30,18205
2,8,7,31,18214
2,7,7,0,15636
2,7,7,1,15763
2,7,7,2,15822
2,7,7,3,15731
2,7,7,4,15756
2,7,7,5,15579
2,7,7,6,15601
2,7,7,7,15604
2,7,7,8,15577
2,7,7,9,15741
2,7,7,10,15540
2,7,7,11,15561
2,7,7,12,15699
2,7,7,13,15712
2,7,7,14,15786
2,7,7,15,15553
2,7,7,16,15615
2,7,7,17,15820
2,7,7,18,15681
2,7,7,19,15768
2,7,7,20,15827
2,7,7,21,26338
2,7,7,22,15587
2,7,7,23,15812
2,7,7,24,15768
2,7,7,25,15841
2,7,7,26,15745
2,7,7,27,15632
2,7,7,28,16086
2,7,7,29,15663
2,7,7,30,15788
2,7,7,31,15784
2,6,7,0,15548
2,6,7,1,15623
2,6,7,2,15660
2,6,7,3,15642
2,6,7,4,15492
2,6,7,5,15484
2,6,7,6,15673
2,6,7,7,15374
2,6,7,8,15513
2,6,7,9,15497
2,6,7,10,15404
2,6,7,11,15548
2,6,7,12,15481
2,6,7,13,15663
2,6,7,14,15651
2,6,7,15,15607
2,6,7,16,15707
2,6,7,17,15704
2,6,7,18,15508
2,6,7,19,15616
2,6,7,20,15615
2,6,7,21,15642
2,6,7,22,15676
2,6,7,23,15539
2,6,7,24,15584
2,6,7,25,15602
2,6,7,26,15634
2,6,7,27,15632
2,6,7,28,15351
2,6,7,29,15411
2,6,7,30,15418
2,6,7,31,15411
2,5,7,0,3649
2,5,7,1,3625
2,5,7,2,3652
2,5,7,3,3627
2,5,7,4,3640
2,5,7,5,3671
2,5,7,6,3666
2,5,7,7,3648
2,5,7,8,3666
2,5,7,9,3696
2,5,7,10,3659
2,5,7,11,3608
2,5,7,12,3669
2,5,7,13,3622
2,5,7,14,3631
2,5,7,15,3670
2,5,7,16,3628
2,5,7,17,3633
2,5,7,18,3634
2,5,7,19,3597
2,5,7,20,3612
2,5,7,21,3655
2,5,7,22,3615
2,5,7,23,3618
2,5,7,24,3629
2,5,7,25,3642
2,5,7,26,3634
2,5,7,27,3635
2,5,7,28,3665
2,5,7,29,3602
2,5,7,30,3647
2,5,7,31,3685
2,4,7,0,3406
2,4,7,1,3403
2,4,7,2,3438
2,4,7,3,3446
2,4,7,4,3416
2,4,7,5,3430
2,4,7,6,3408
2,4,7,7,3443
2,4,7,8,3451
2,4,7,9,3392
2,4,7,10,3420
2,4,7,11,3441
2,4,7,12,3387
2,4,7,13,3408
2,4,7,14,3417
2,4,7,15,3421
2,4,7,16,3428
2,4,7,17,3399
2,4,7,18,3441
2,4,7,19,3399
2,4,7,20,3414
2,4,7,21,3437
2,4,7,22,3405
2,4,7,23,3381
2,4,7,24,3464
2,4,7,25,3425
2,4,7,26,3425
2,4,7,27,3451
2,4,7,28,3402
2,4,7,29,3374
2,4,7,30,3424
2,4,7,31,3409
2,3,7,0,2894
2,3,7,1,2891
2,3,7,2,2892
2,3,7,3,2908
2,3,7,4,2893
2,3,7,5,2897
2,3,7,6,2861
2,3,7,7,2910
2,3,7,8,2884
2,3,7,9,2910
2,3,7,10,2866
2,3,7,11,2863
2,3,7,12,2858
2,3,7,13,2900
2,3,7,14,2891
2,3,7,15,2890
2,3,7,16,2914
2,3,7,17,2899
2,3,7,18,2890
2,3,7,19,2884
2,3,7,20,2869
2,3,7,21,2883
2,3,7,22,2899
2,3,7,23,2900
2,3,7,24,2892
2,3,7,25,2895
2,3,7,26,2870
2,3,7,27,2892
2,3,7,28,2877
2,3,7,29,2871
2,3,7,30,2894
2,3,7,31,2886
2,2,7,0,2046
2,2,7,1,2005
2,2,7,2,2054
2,2,7,3,2031
2,2,7,4,2030
2,2,7,5,2033
2,2,7,6,2012
2,2,7,7,2015
2,2,7,8,2048
2,2,7,9,2030
2,2,7,10,2015
2,2,7,11,2080
2,2,7,12,2021
2,2,7,13,2077
2,2,7,14,2048
2,2,7,15,2053
2,2,7,16,2036
2,2,7,17,2043
2,2,7,18,2036
2,2,7,19,2035
2,2,7,20,2054
2,2,7,21,2080
2,2,7,22,2047
2,2,7,23,2068
2,2,7,24,2043
2,2,7,25,2081
2,2,7,26,2019
2,2,7,27,2043
2,2,7,28,2064
2,2,7,29,2023
2,2,7,30,2025
2,2,7,31,2060
2,1,7,0,1098
2,1,7,1,1128
2,1,7,2,1084
2,1,7,3,1087
2,1,7,4,1095
2,1,7,5,1083
2,1,7,6,1102
2,1,7,7,1078
2,1,7,8,1098
2,1,7,9,1111
2,1,7,10,1083
2,1,7,11,1102
2,1,7,12,1086
2,1,7,13,1088
2,1,7,14,1095
2,1,7,15,1086
2,1,7,16,1114
2,1,7,17,1097
2,1,7,18,1114
2,1,7,19,1081
2,1,7,20,1084
2,1,7,21,1080
2,1,7,22,1081
2,1,7,23,1071
2,1,7,24,1087
2,1,7,25,1090
2,1,7,26,1096
2,1,7,27,1088
2,1,7,28,1123
2,1,7,29,1099
2,1,7,30,1110
2,1,7,31,1093
2,0,7,0,673
2,0,7,1,684
2,0,7,2,672
2,0,7,3,656
2,0,7,4,678
2,0,7,5,676
2,0,7,6,671
2,0,7,7,647
2,0,7,8,662
2,0,7,9,655
2,0,7,10,661
2,0,7,11,688
2,0,7,12,665
2,0,7,13,647
2,0,7,14,661
2,0,7,15,674
2,0,7,16,666
2,0,7,17,651
2,0,7,18,663
2,0,7,19,675
2,0,7,20,649
2,0,7,21,651
2,0,7,22,668
2,0,7,23,686
2,0,7,24,687
2,0,7,25,682
2,0,7,26,664
2,0,7,27,656
2,0,7,28,659
2,0,7,29,648
2,0,7,30,662
2,0,7,31,656
