SLOTHY version: 0.2.0
Instructions in body: 31
Perform internal binary search for minimal number of stalls...
Attempt optimization with max 0 stalls...
Setting timeout of 30 seconds...
Objective: minimize cycles
Invoking external constraint solver (OR-Tools CP-SAT v9.15.6755) ...
INFEASIBLE, wall time: 0.016835 s
Attempt optimization with max 1 stalls...
Setting timeout of 30 seconds...
Objective: minimize cycles
Invoking external constraint solver (OR-Tools CP-SAT v9.15.6755) ...
INFEASIBLE, wall time: 0.000979 s
Attempt optimization with max 2 stalls...
Setting timeout of 30 seconds...
Objective: minimize cycles
Invoking external constraint solver (OR-Tools CP-SAT v9.15.6755) ...
INFEASIBLE, wall time: 0.000900 s
Attempt optimization with max 4 stalls...
Setting timeout of 30 seconds...
Objective: minimize cycles
Invoking external constraint solver (OR-Tools CP-SAT v9.15.6755) ...
INFEASIBLE, wall time: 0.000931 s
Attempt optimization with max 8 stalls...
Setting timeout of 30 seconds...
Objective: minimize cycles
Invoking external constraint solver (OR-Tools CP-SAT v9.15.6755) ...
INFEASIBLE, wall time: 0.000934 s
Attempt optimization with max 16 stalls...
Setting timeout of 30 seconds...
Objective: minimize cycles
Invoking external constraint solver (OR-Tools CP-SAT v9.15.6755) ...
INFEASIBLE, wall time: 0.000993 s
Attempt optimization with max 32 stalls...
Setting timeout of 30 seconds...
Objective: minimize cycles
Invoking external constraint solver (OR-Tools CP-SAT v9.15.6755) ...
INFEASIBLE, wall time: 0.017101 s
Attempt optimization with max 64 stalls...
Setting timeout of 30 seconds...
Objective: minimize cycles
Invoking external constraint solver (OR-Tools CP-SAT v9.15.6755) ...
[0.0163s]: Found 1 solutions so far... objective (minimize cycles): currently  (Cycles ~ 49.0, IPC ~ 0.63), bound  (Cycles ~ 40.0, IPC ~ 0.78)
[0.0180s]: Found 2 solutions so far... objective (minimize cycles): currently  (Cycles ~ 48.0, IPC ~ 0.65), bound  (Cycles ~ 40.0, IPC ~ 0.78)
[0.0208s]: Found 3 solutions so far... objective (minimize cycles): currently  (Cycles ~ 44.0, IPC ~ 0.70), bound  (Cycles ~ 40.0, IPC ~ 0.78)
[0.0225s]: Found 4 solutions so far... objective (minimize cycles): currently  (Cycles ~ 43.0, IPC ~ 0.72), bound  (Cycles ~ 40.0, IPC ~ 0.78)
[0.0232s]: Found 5 solutions so far... objective (minimize cycles): currently  (Cycles ~ 42.0, IPC ~ 0.74), bound  (Cycles ~ 40.0, IPC ~ 0.78)
[0.0239s]: Found 6 solutions so far... objective (minimize cycles): currently  (Cycles ~ 41.0, IPC ~ 0.76), bound  (Cycles ~ 40.0, IPC ~ 0.78)
OPTIMAL, wall time: 0.027081 s
Booleans in result: 28
OK!
LLVM (llvm-mc, llvm-nm, llvm-readobj) not found, disabling selftest. Consider installing LLVM.
Minimum number of stalls: 33
SLOTHY version: 0.2.0
Instructions in body: 21
Perform internal binary search for minimal number of stalls...
Attempt optimization with max 0 stalls...
Setting timeout of 30 seconds...
Objective: minimize cycles
Invoking external constraint solver (OR-Tools CP-SAT v9.15.6755) ...
INFEASIBLE, wall time: 0.000621 s
Attempt optimization with max 1 stalls...
Setting timeout of 30 seconds...
Objective: minimize cycles
Invoking external constraint solver (OR-Tools CP-SAT v9.15.6755) ...
INFEASIBLE, wall time: 0.000687 s
Attempt optimization with max 2 stalls...
Setting timeout of 30 seconds...
Objective: minimize cycles
Invoking external constraint solver (OR-Tools CP-SAT v9.15.6755) ...
INFEASIBLE, wall time: 0.000721 s
Attempt optimization with max 4 stalls...
Setting timeout of 30 seconds...
Objective: minimize cycles
Invoking external constraint solver (OR-Tools CP-SAT v9.15.6755) ...
INFEASIBLE, wall time: 0.000712 s
Attempt optimization with max 8 stalls...
Setting timeout of 30 seconds...
Objective: minimize cycles
Invoking external constraint solver (OR-Tools CP-SAT v9.15.6755) ...
INFEASIBLE, wall time: 0.000875 s
Attempt optimization with max 16 stalls...
Setting timeout of 30 seconds...
Objective: minimize cycles
Invoking external constraint solver (OR-Tools CP-SAT v9.15.6755) ...
INFEASIBLE, wall time: 0.000830 s
Attempt optimization with max 32 stalls...
Setting timeout of 30 seconds...
Objective: minimize cycles
Invoking external constraint solver (OR-Tools CP-SAT v9.15.6755) ...
[0.0068s]: Found 1 solutions so far... objective (minimize cycles): currently  (Cycles ~ 38.0, IPC ~ 0.55), bound  (Cycles ~ 33.0, IPC ~ 0.64)
[0.0074s]: Found 2 solutions so far... objective (minimize cycles): currently  (Cycles ~ 34.0, IPC ~ 0.62), bound  (Cycles ~ 33.0, IPC ~ 0.64)
OPTIMAL, wall time: 0.009986 s
Booleans in result: 69
OK!
LLVM (llvm-mc, llvm-nm, llvm-readobj) not found, disabling selftest. Consider installing LLVM.
Minimum number of stalls: 28
SLOTHY version: 0.2.0
Instructions in body: 26
Perform internal binary search for minimal number of stalls...
Attempt optimization with max 0 stalls...
Setting timeout of 30 seconds...
Objective: minimize cycles
Invoking external constraint solver (OR-Tools CP-SAT v9.15.6755) ...
INFEASIBLE, wall time: 0.000814 s
Attempt optimization with max 1 stalls...
Setting timeout of 30 seconds...
Objective: minimize cycles
Invoking external constraint solver (OR-Tools CP-SAT v9.15.6755) ...
INFEASIBLE, wall time: 0.000848 s
Attempt optimization with max 2 stalls...
Setting timeout of 30 seconds...
Objective: minimize cycles
Invoking external constraint solver (OR-Tools CP-SAT v9.15.6755) ...
INFEASIBLE, wall time: 0.001330 s
Attempt optimization with max 4 stalls...
Setting timeout of 30 seconds...
Objective: minimize cycles
Invoking external constraint solver (OR-Tools CP-SAT v9.15.6755) ...
INFEASIBLE, wall time: 0.000934 s
Attempt optimization with max 8 stalls...
Setting timeout of 30 seconds...
Objective: minimize cycles
Invoking external constraint solver (OR-Tools CP-SAT v9.15.6755) ...
INFEASIBLE, wall time: 0.001645 s
Attempt optimization with max 16 stalls...
Setting timeout of 30 seconds...
Objective: minimize cycles
Invoking external constraint solver (OR-Tools CP-SAT v9.15.6755) ...
INFEASIBLE, wall time: 0.001321 s
Attempt optimization with max 32 stalls...
Setting timeout of 30 seconds...
Objective: minimize cycles
Invoking external constraint solver (OR-Tools CP-SAT v9.15.6755) ...
INFEASIBLE, wall time: 0.011132 s
Attempt optimization with max 64 stalls...
Setting timeout of 30 seconds...
Objective: minimize cycles
Invoking external constraint solver (OR-Tools CP-SAT v9.15.6755) ...
[0.0184s]: Found 1 solutions so far... objective (minimize cycles): currently  (Cycles ~ 45.0, IPC ~ 0.58), bound  (Cycles ~ 38.0, IPC ~ 0.68)
[0.0215s]: Found 2 solutions so far... objective (minimize cycles): currently  (Cycles ~ 40.0, IPC ~ 0.65), bound  (Cycles ~ 38.0, IPC ~ 0.68)
OPTIMAL, wall time: 0.026038 s
Booleans in result: 23
OK!
LLVM (llvm-mc, llvm-nm, llvm-readobj) not found, disabling selftest. Consider installing LLVM.
Minimum number of stalls: 33
SLOTHY version: 0.2.0
Instructions in body: 17
Perform internal binary search for minimal number of stalls...
Attempt optimization with max 0 stalls...
Setting timeout of 30 seconds...
Objective: minimize cycles
Invoking external constraint solver (OR-Tools CP-SAT v9.15.6755) ...
INFEASIBLE, wall time: 0.000471 s
Attempt optimization with max 1 stalls...
Setting timeout of 30 seconds...
Objective: minimize cycles
Invoking external constraint solver (OR-Tools CP-SAT v9.15.6755) ...
INFEASIBLE, wall time: 0.000863 s
Attempt optimization with max 2 stalls...
Setting timeout of 30 seconds...
Objective: minimize cycles
Invoking external constraint solver (OR-Tools CP-SAT v9.15.6755) ...
INFEASIBLE, wall time: 0.000602 s
Attempt optimization with max 4 stalls...
Setting timeout of 30 seconds...
Objective: minimize cycles
Invoking external constraint solver (OR-Tools CP-SAT v9.15.6755) ...
INFEASIBLE, wall time: 0.000569 s
Attempt optimization with max 8 stalls...
Setting timeout of 30 seconds...
Objective: minimize cycles
Invoking external constraint solver (OR-Tools CP-SAT v9.15.6755) ...
INFEASIBLE, wall time: 0.000626 s
Attempt optimization with max 16 stalls...
Setting timeout of 30 seconds...
Objective: minimize cycles
Invoking external constraint solver (OR-Tools CP-SAT v9.15.6755) ...
INFEASIBLE, wall time: 0.000681 s
Attempt optimization with max 32 stalls...
Setting timeout of 30 seconds...
Objective: minimize cycles
Invoking external constraint solver (OR-Tools CP-SAT v9.15.6755) ...
[0.0057s]: Found 1 solutions so far... objective (minimize cycles): currently  (Cycles ~ 33.0, IPC ~ 0.52), bound  (Cycles ~ 31.0, IPC ~ 0.55)
[0.0060s]: Found 2 solutions so far... objective (minimize cycles): currently  (Cycles ~ 31.0, IPC ~ 0.55), bound  (Cycles ~ 31.0, IPC ~ 0.55)
Closer than 0 stalls to theoretical optimum... stop
OPTIMAL, wall time: 0.008004 s
Booleans in result: 40
OK!
LLVM (llvm-mc, llvm-nm, llvm-readobj) not found, disabling selftest. Consider installing LLVM.
Minimum number of stalls: 26
SLOTHY version: 0.2.0
Instructions in body: 20
Perform internal binary search for minimal number of stalls...
Attempt optimization with max 0 stalls...
Setting timeout of 30 seconds...
Objective: minimize cycles
Invoking external constraint solver (OR-Tools CP-SAT v9.15.6755) ...
INFEASIBLE, wall time: 0.000208 s
Attempt optimization with max 1 stalls...
Setting timeout of 30 seconds...
Objective: minimize cycles
Invoking external constraint solver (OR-Tools CP-SAT v9.15.6755) ...
INFEASIBLE, wall time: 0.000676 s
Attempt optimization with max 2 stalls...
Setting timeout of 30 seconds...
Objective: minimize cycles
Invoking external constraint solver (OR-Tools CP-SAT v9.15.6755) ...
INFEASIBLE, wall time: 0.000659 s
Attempt optimization with max 4 stalls...
Setting timeout of 30 seconds...
Objective: minimize cycles
Invoking external constraint solver (OR-Tools CP-SAT v9.15.6755) ...
INFEASIBLE, wall time: 0.000619 s
Attempt optimization with max 8 stalls...
Setting timeout of 30 seconds...
Objective: minimize cycles
Invoking external constraint solver (OR-Tools CP-SAT v9.15.6755) ...
INFEASIBLE, wall time: 0.000719 s
Attempt optimization with max 16 stalls...
Setting timeout of 30 seconds...
Objective: minimize cycles
Invoking external constraint solver (OR-Tools CP-SAT v9.15.6755) ...
INFEASIBLE, wall time: 0.000685 s
Attempt optimization with max 32 stalls...
Setting timeout of 30 seconds...
Objective: minimize cycles
Invoking external constraint solver (OR-Tools CP-SAT v9.15.6755) ...
[0.0060s]: Found 1 solutions so far... objective (minimize cycles): currently  (Cycles ~ 36.0, IPC ~ 0.56), bound  (Cycles ~ 33.0, IPC ~ 0.61)
[0.0064s]: Found 2 solutions so far... objective (minimize cycles): currently  (Cycles ~ 34.0, IPC ~ 0.59), bound  (Cycles ~ 33.0, IPC ~ 0.61)
OPTIMAL, wall time: 0.008995 s
Booleans in result: 17
OK!
LLVM (llvm-mc, llvm-nm, llvm-readobj) not found, disabling selftest. Consider installing LLVM.
Minimum number of stalls: 29
SLOTHY version: 0.2.0
Instructions in body: 17
Perform internal binary search for minimal number of stalls...
Attempt optimization with max 0 stalls...
Setting timeout of 30 seconds...
Objective: minimize cycles
Invoking external constraint solver (OR-Tools CP-SAT v9.15.6755) ...
INFEASIBLE, wall time: 0.000181 s
Attempt optimization with max 1 stalls...
Setting timeout of 30 seconds...
Objective: minimize cycles
Invoking external constraint solver (OR-Tools CP-SAT v9.15.6755) ...
INFEASIBLE, wall time: 0.000628 s
Attempt optimization with max 2 stalls...
Setting timeout of 30 seconds...
Objective: minimize cycles
Invoking external constraint solver (OR-Tools CP-SAT v9.15.6755) ...
INFEASIBLE, wall time: 0.000566 s
Attempt optimization with max 4 stalls...
Setting timeout of 30 seconds...
Objective: minimize cycles
Invoking external constraint solver (OR-Tools CP-SAT v9.15.6755) ...
INFEASIBLE, wall time: 0.000582 s
Attempt optimization with max 8 stalls...
Setting timeout of 30 seconds...
Objective: minimize cycles
Invoking external constraint solver (OR-Tools CP-SAT v9.15.6755) ...
INFEASIBLE, wall time: 0.000543 s
Attempt optimization with max 16 stalls...
Setting timeout of 30 seconds...
Objective: minimize cycles
Invoking external constraint solver (OR-Tools CP-SAT v9.15.6755) ...
INFEASIBLE, wall time: 0.000587 s
Attempt optimization with max 32 stalls...
Setting timeout of 30 seconds...
Objective: minimize cycles
Invoking external constraint solver (OR-Tools CP-SAT v9.15.6755) ...
[0.0062s]: Found 1 solutions so far... objective (minimize cycles): currently  (Cycles ~ 33.0, IPC ~ 0.52), bound  (Cycles ~ 31.0, IPC ~ 0.55)
[0.0064s]: Found 2 solutions so far... objective (minimize cycles): currently  (Cycles ~ 31.0, IPC ~ 0.55), bound  (Cycles ~ 31.0, IPC ~ 0.55)
Closer than 0 stalls to theoretical optimum... stop
OPTIMAL, wall time: 0.008708 s
Booleans in result: 37
OK!
LLVM (llvm-mc, llvm-nm, llvm-readobj) not found, disabling selftest. Consider installing LLVM.
Minimum number of stalls: 26
SLOTHY version: 0.2.0
Instructions in body: 21
Perform internal binary search for minimal number of stalls...
Attempt optimization with max 0 stalls...
Setting timeout of 30 seconds...
Objective: minimize cycles
Invoking external constraint solver (OR-Tools CP-SAT v9.15.6755) ...
INFEASIBLE, wall time: 0.000538 s
Attempt optimization with max 1 stalls...
Setting timeout of 30 seconds...
Objective: minimize cycles
Invoking external constraint solver (OR-Tools CP-SAT v9.15.6755) ...
INFEASIBLE, wall time: 0.000703 s
Attempt optimization with max 2 stalls...
Setting timeout of 30 seconds...
Objective: minimize cycles
Invoking external constraint solver (OR-Tools CP-SAT v9.15.6755) ...
INFEASIBLE, wall time: 0.000679 s
Attempt optimization with max 4 stalls...
Setting timeout of 30 seconds...
Objective: minimize cycles
Invoking external constraint solver (OR-Tools CP-SAT v9.15.6755) ...
INFEASIBLE, wall time: 0.000670 s
Attempt optimization with max 8 stalls...
Setting timeout of 30 seconds...
Objective: minimize cycles
Invoking external constraint solver (OR-Tools CP-SAT v9.15.6755) ...
INFEASIBLE, wall time: 0.000683 s
Attempt optimization with max 16 stalls...
Setting timeout of 30 seconds...
Objective: minimize cycles
Invoking external constraint solver (OR-Tools CP-SAT v9.15.6755) ...
INFEASIBLE, wall time: 0.000676 s
Attempt optimization with max 32 stalls...
Setting timeout of 30 seconds...
Objective: minimize cycles
Invoking external constraint solver (OR-Tools CP-SAT v9.15.6755) ...
INFEASIBLE, wall time: 0.001317 s
Attempt optimization with max 64 stalls...
Setting timeout of 30 seconds...
Objective: minimize cycles
Invoking external constraint solver (OR-Tools CP-SAT v9.15.6755) ...
[0.0106s]: Found 1 solutions so far... objective (minimize cycles): currently  (Cycles ~ 42.0, IPC ~ 0.50), bound  (Cycles ~ 40.0, IPC ~ 0.53)
[0.0113s]: Found 2 solutions so far... objective (minimize cycles): currently  (Cycles ~ 40.0, IPC ~ 0.53), bound  (Cycles ~ 40.0, IPC ~ 0.53)
Closer than 0 stalls to theoretical optimum... stop
OPTIMAL, wall time: 0.013548 s
Booleans in result: 18
OK!
LLVM (llvm-mc, llvm-nm, llvm-readobj) not found, disabling selftest. Consider installing LLVM.
Minimum number of stalls: 34
SLOTHY version: 0.2.0
Instructions in body: 16
Perform internal binary search for minimal number of stalls...
Attempt optimization with max 0 stalls...
Setting timeout of 30 seconds...
Objective: minimize cycles
Invoking external constraint solver (OR-Tools CP-SAT v9.15.6755) ...
INFEASIBLE, wall time: 0.000195 s
Attempt optimization with max 1 stalls...
Setting timeout of 30 seconds...
Objective: minimize cycles
Invoking external constraint solver (OR-Tools CP-SAT v9.15.6755) ...
INFEASIBLE, wall time: 0.000560 s
Attempt optimization with max 2 stalls...
Setting timeout of 30 seconds...
Objective: minimize cycles
Invoking external constraint solver (OR-Tools CP-SAT v9.15.6755) ...
INFEASIBLE, wall time: 0.000587 s
Attempt optimization with max 4 stalls...
Setting timeout of 30 seconds...
Objective: minimize cycles
Invoking external constraint solver (OR-Tools CP-SAT v9.15.6755) ...
INFEASIBLE, wall time: 0.000613 s
Attempt optimization with max 8 stalls...
Setting timeout of 30 seconds...
Objective: minimize cycles
Invoking external constraint solver (OR-Tools CP-SAT v9.15.6755) ...
INFEASIBLE, wall time: 0.000546 s
Attempt optimization with max 16 stalls...
Setting timeout of 30 seconds...
Objective: minimize cycles
Invoking external constraint solver (OR-Tools CP-SAT v9.15.6755) ...
INFEASIBLE, wall time: 0.000545 s
Attempt optimization with max 32 stalls...
Setting timeout of 30 seconds...
Objective: minimize cycles
Invoking external constraint solver (OR-Tools CP-SAT v9.15.6755) ...
[0.0050s]: Found 1 solutions so far... objective (minimize cycles): currently  (Cycles ~ 32.0, IPC ~ 0.50), bound  (Cycles ~ 31.0, IPC ~ 0.52)
[0.0052s]: Found 2 solutions so far... objective (minimize cycles): currently  (Cycles ~ 31.0, IPC ~ 0.52), bound  (Cycles ~ 31.0, IPC ~ 0.52)
Closer than 0 stalls to theoretical optimum... stop
OPTIMAL, wall time: 0.007333 s
Booleans in result: 34
OK!
LLVM (llvm-mc, llvm-nm, llvm-readobj) not found, disabling selftest. Consider installing LLVM.
Minimum number of stalls: 27
SLOTHY version: 0.2.0
Instructions in body: 17
Perform internal binary search for minimal number of stalls...
Attempt optimization with max 0 stalls...
Setting timeout of 30 seconds...
Objective: minimize cycles
Invoking external constraint solver (OR-Tools CP-SAT v9.15.6755) ...
INFEASIBLE, wall time: 0.000198 s
Attempt optimization with max 1 stalls...
Setting timeout of 30 seconds...
Objective: minimize cycles
Invoking external constraint solver (OR-Tools CP-SAT v9.15.6755) ...
INFEASIBLE, wall time: 0.000594 s
Attempt optimization with max 2 stalls...
Setting timeout of 30 seconds...
Objective: minimize cycles
Invoking external constraint solver (OR-Tools CP-SAT v9.15.6755) ...
INFEASIBLE, wall time: 0.000653 s
Attempt optimization with max 4 stalls...
Setting timeout of 30 seconds...
Objective: minimize cycles
Invoking external constraint solver (OR-Tools CP-SAT v9.15.6755) ...
INFEASIBLE, wall time: 0.000623 s
Attempt optimization with max 8 stalls...
Setting timeout of 30 seconds...
Objective: minimize cycles
Invoking external constraint solver (OR-Tools CP-SAT v9.15.6755) ...
INFEASIBLE, wall time: 0.000604 s
Attempt optimization with max 16 stalls...
Setting timeout of 30 seconds...
Objective: minimize cycles
Invoking external constraint solver (OR-Tools CP-SAT v9.15.6755) ...
INFEASIBLE, wall time: 0.000648 s
Attempt optimization with max 32 stalls...
Setting timeout of 30 seconds...
Objective: minimize cycles
Invoking external constraint solver (OR-Tools CP-SAT v9.15.6755) ...
[0.0052s]: Found 1 solutions so far... objective (minimize cycles): currently  (Cycles ~ 34.0, IPC ~ 0.50), bound  (Cycles ~ 33.0, IPC ~ 0.52)
[0.0057s]: Found 2 solutions so far... objective (minimize cycles): currently  (Cycles ~ 33.0, IPC ~ 0.52), bound  (Cycles ~ 33.0, IPC ~ 0.52)
Closer than 0 stalls to theoretical optimum... stop
OPTIMAL, wall time: 0.007856 s
Booleans in result: 39
OK!
LLVM (llvm-mc, llvm-nm, llvm-readobj) not found, disabling selftest. Consider installing LLVM.
Minimum number of stalls: 28
SLOTHY version: 0.2.0
Instructions in body: 16
Perform internal binary search for minimal number of stalls...
Attempt optimization with max 0 stalls...
Setting timeout of 30 seconds...
Objective: minimize cycles
Invoking external constraint solver (OR-Tools CP-SAT v9.15.6755) ...
INFEASIBLE, wall time: 0.000182 s
Attempt optimization with max 1 stalls...
Setting timeout of 30 seconds...
Objective: minimize cycles
Invoking external constraint solver (OR-Tools CP-SAT v9.15.6755) ...
INFEASIBLE, wall time: 0.000582 s
Attempt optimization with max 2 stalls...
Setting timeout of 30 seconds...
Objective: minimize cycles
Invoking external constraint solver (OR-Tools CP-SAT v9.15.6755) ...
INFEASIBLE, wall time: 0.000512 s
Attempt optimization with max 4 stalls...
Setting timeout of 30 seconds...
Objective: minimize cycles
Invoking external constraint solver (OR-Tools CP-SAT v9.15.6755) ...
INFEASIBLE, wall time: 0.000614 s
Attempt optimization with max 8 stalls...
Setting timeout of 30 seconds...
Objective: minimize cycles
Invoking external constraint solver (OR-Tools CP-SAT v9.15.6755) ...
INFEASIBLE, wall time: 0.000531 s
Attempt optimization with max 16 stalls...
Setting timeout of 30 seconds...
Objective: minimize cycles
Invoking external constraint solver (OR-Tools CP-SAT v9.15.6755) ...
INFEASIBLE, wall time: 0.000597 s
Attempt optimization with max 32 stalls...
Setting timeout of 30 seconds...
Objective: minimize cycles
Invoking external constraint solver (OR-Tools CP-SAT v9.15.6755) ...
[0.0051s]: Found 1 solutions so far... objective (minimize cycles): currently  (Cycles ~ 32.0, IPC ~ 0.50), bound  (Cycles ~ 31.0, IPC ~ 0.52)
[0.0056s]: Found 2 solutions so far... objective (minimize cycles): currently  (Cycles ~ 31.0, IPC ~ 0.52), bound  (Cycles ~ 31.0, IPC ~ 0.52)
Closer than 0 stalls to theoretical optimum... stop
OPTIMAL, wall time: 0.007864 s
Booleans in result: 46
OK!
LLVM (llvm-mc, llvm-nm, llvm-readobj) not found, disabling selftest. Consider installing LLVM.
Minimum number of stalls: 27
SLOTHY version: 0.2.0
Instructions in body: 26
Perform internal binary search for minimal number of stalls...
Attempt optimization with max 0 stalls...
Setting timeout of 30 seconds...
Objective: minimize cycles
Invoking external constraint solver (OR-Tools CP-SAT v9.15.6755) ...
INFEASIBLE, wall time: 0.000711 s
Attempt optimization with max 1 stalls...
Setting timeout of 30 seconds...
Objective: minimize cycles
Invoking external constraint solver (OR-Tools CP-SAT v9.15.6755) ...
INFEASIBLE, wall time: 0.000813 s
Attempt optimization with max 2 stalls...
Setting timeout of 30 seconds...
Objective: minimize cycles
Invoking external constraint solver (OR-Tools CP-SAT v9.15.6755) ...
INFEASIBLE, wall time: 0.000778 s
Attempt optimization with max 4 stalls...
Setting timeout of 30 seconds...
Objective: minimize cycles
Invoking external constraint solver (OR-Tools CP-SAT v9.15.6755) ...
INFEASIBLE, wall time: 0.000705 s
Attempt optimization with max 8 stalls...
Setting timeout of 30 seconds...
Objective: minimize cycles
Invoking external constraint solver (OR-Tools CP-SAT v9.15.6755) ...
INFEASIBLE, wall time: 0.000790 s
Attempt optimization with max 16 stalls...
Setting timeout of 30 seconds...
Objective: minimize cycles
Invoking external constraint solver (OR-Tools CP-SAT v9.15.6755) ...
INFEASIBLE, wall time: 0.000779 s
Attempt optimization with max 32 stalls...
Setting timeout of 30 seconds...
Objective: minimize cycles
Invoking external constraint solver (OR-Tools CP-SAT v9.15.6755) ...
INFEASIBLE, wall time: 0.009532 s
Attempt optimization with max 64 stalls...
Setting timeout of 30 seconds...
Objective: minimize cycles
Invoking external constraint solver (OR-Tools CP-SAT v9.15.6755) ...
[0.0123s]: Found 1 solutions so far... objective (minimize cycles): currently  (Cycles ~ 45.0, IPC ~ 0.58), bound  (Cycles ~ 38.0, IPC ~ 0.68)
[0.0134s]: Found 2 solutions so far... objective (minimize cycles): currently  (Cycles ~ 44.0, IPC ~ 0.59), bound  (Cycles ~ 38.0, IPC ~ 0.68)
[0.0143s]: Found 3 solutions so far... objective (minimize cycles): currently  (Cycles ~ 40.0, IPC ~ 0.65), bound  (Cycles ~ 38.0, IPC ~ 0.68)
OPTIMAL, wall time: 0.017880 s
Booleans in result: 23
OK!
LLVM (llvm-mc, llvm-nm, llvm-readobj) not found, disabling selftest. Consider installing LLVM.
Minimum number of stalls: 33
SLOTHY version: 0.2.0
Instructions in body: 17
Perform internal binary search for minimal number of stalls...
Attempt optimization with max 0 stalls...
Setting timeout of 30 seconds...
Objective: minimize cycles
Invoking external constraint solver (OR-Tools CP-SAT v9.15.6755) ...
INFEASIBLE, wall time: 0.000172 s
Attempt optimization with max 1 stalls...
Setting timeout of 30 seconds...
Objective: minimize cycles
Invoking external constraint solver (OR-Tools CP-SAT v9.15.6755) ...
INFEASIBLE, wall time: 0.000646 s
Attempt optimization with max 2 stalls...
Setting timeout of 30 seconds...
Objective: minimize cycles
Invoking external constraint solver (OR-Tools CP-SAT v9.15.6755) ...
INFEASIBLE, wall time: 0.000656 s
Attempt optimization with max 4 stalls...
Setting timeout of 30 seconds...
Objective: minimize cycles
Invoking external constraint solver (OR-Tools CP-SAT v9.15.6755) ...
INFEASIBLE, wall time: 0.000597 s
Attempt optimization with max 8 stalls...
Setting timeout of 30 seconds...
Objective: minimize cycles
Invoking external constraint solver (OR-Tools CP-SAT v9.15.6755) ...
INFEASIBLE, wall time: 0.000580 s
Attempt optimization with max 16 stalls...
Setting timeout of 30 seconds...
Objective: minimize cycles
Invoking external constraint solver (OR-Tools CP-SAT v9.15.6755) ...
INFEASIBLE, wall time: 0.000574 s
Attempt optimization with max 32 stalls...
Setting timeout of 30 seconds...
Objective: minimize cycles
Invoking external constraint solver (OR-Tools CP-SAT v9.15.6755) ...
[0.0053s]: Found 1 solutions so far... objective (minimize cycles): currently  (Cycles ~ 33.0, IPC ~ 0.52), bound  (Cycles ~ 31.0, IPC ~ 0.55)
[0.0056s]: Found 2 solutions so far... objective (minimize cycles): currently  (Cycles ~ 31.0, IPC ~ 0.55), bound  (Cycles ~ 31.0, IPC ~ 0.55)
Closer than 0 stalls to theoretical optimum... stop
OPTIMAL, wall time: 0.007879 s
Booleans in result: 37
OK!
LLVM (llvm-mc, llvm-nm, llvm-readobj) not found, disabling selftest. Consider installing LLVM.
Minimum number of stalls: 26
SLOTHY version: 0.2.0
Instructions in body: 21
Perform internal binary search for minimal number of stalls...
Attempt optimization with max 0 stalls...
Setting timeout of 30 seconds...
Objective: minimize cycles
Invoking external constraint solver (OR-Tools CP-SAT v9.15.6755) ...
INFEASIBLE, wall time: 0.000584 s
Attempt optimization with max 1 stalls...
Setting timeout of 30 seconds...
Objective: minimize cycles
Invoking external constraint solver (OR-Tools CP-SAT v9.15.6755) ...
INFEASIBLE, wall time: 0.000649 s
Attempt optimization with max 2 stalls...
Setting timeout of 30 seconds...
Objective: minimize cycles
Invoking external constraint solver (OR-Tools CP-SAT v9.15.6755) ...
INFEASIBLE, wall time: 0.000674 s
Attempt optimization with max 4 stalls...
Setting timeout of 30 seconds...
Objective: minimize cycles
Invoking external constraint solver (OR-Tools CP-SAT v9.15.6755) ...
INFEASIBLE, wall time: 0.000710 s
Attempt optimization with max 8 stalls...
Setting timeout of 30 seconds...
Objective: minimize cycles
Invoking external constraint solver (OR-Tools CP-SAT v9.15.6755) ...
INFEASIBLE, wall time: 0.000779 s
Attempt optimization with max 16 stalls...
Setting timeout of 30 seconds...
Objective: minimize cycles
Invoking external constraint solver (OR-Tools CP-SAT v9.15.6755) ...
INFEASIBLE, wall time: 0.000603 s
Attempt optimization with max 32 stalls...
Setting timeout of 30 seconds...
Objective: minimize cycles
Invoking external constraint solver (OR-Tools CP-SAT v9.15.6755) ...
INFEASIBLE, wall time: 0.000702 s
Attempt optimization with max 64 stalls...
Setting timeout of 30 seconds...
Objective: minimize cycles
Invoking external constraint solver (OR-Tools CP-SAT v9.15.6755) ...
[0.0102s]: Found 1 solutions so far... objective (minimize cycles): currently  (Cycles ~ 42.0, IPC ~ 0.50), bound  (Cycles ~ 40.0, IPC ~ 0.53)
[0.0109s]: Found 2 solutions so far... objective (minimize cycles): currently  (Cycles ~ 41.0, IPC ~ 0.51), bound  (Cycles ~ 40.0, IPC ~ 0.53)
[0.0115s]: Found 3 solutions so far... objective (minimize cycles): currently  (Cycles ~ 40.0, IPC ~ 0.53), bound  (Cycles ~ 40.0, IPC ~ 0.53)
Closer than 0 stalls to theoretical optimum... stop
OPTIMAL, wall time: 0.013565 s
Booleans in result: 47
OK!
LLVM (llvm-mc, llvm-nm, llvm-readobj) not found, disabling selftest. Consider installing LLVM.
Minimum number of stalls: 34
SLOTHY version: 0.2.0
Instructions in body: 16
Perform internal binary search for minimal number of stalls...
Attempt optimization with max 0 stalls...
Setting timeout of 30 seconds...
Objective: minimize cycles
Invoking external constraint solver (OR-Tools CP-SAT v9.15.6755) ...
INFEASIBLE, wall time: 0.000183 s
Attempt optimization with max 1 stalls...
Setting timeout of 30 seconds...
Objective: minimize cycles
Invoking external constraint solver (OR-Tools CP-SAT v9.15.6755) ...
INFEASIBLE, wall time: 0.000566 s
Attempt optimization with max 2 stalls...
Setting timeout of 30 seconds...
Objective: minimize cycles
Invoking external constraint solver (OR-Tools CP-SAT v9.15.6755) ...
INFEASIBLE, wall time: 0.000521 s
Attempt optimization with max 4 stalls...
Setting timeout of 30 seconds...
Objective: minimize cycles
Invoking external constraint solver (OR-Tools CP-SAT v9.15.6755) ...
INFEASIBLE, wall time: 0.000490 s
Attempt optimization with max 8 stalls...
Setting timeout of 30 seconds...
Objective: minimize cycles
Invoking external constraint solver (OR-Tools CP-SAT v9.15.6755) ...
INFEASIBLE, wall time: 0.000604 s
Attempt optimization with max 16 stalls...
Setting timeout of 30 seconds...
Objective: minimize cycles
Invoking external constraint solver (OR-Tools CP-SAT v9.15.6755) ...
INFEASIBLE, wall time: 0.000567 s
Attempt optimization with max 32 stalls...
Setting timeout of 30 seconds...
Objective: minimize cycles
Invoking external constraint solver (OR-Tools CP-SAT v9.15.6755) ...
[0.0049s]: Found 1 solutions so far... objective (minimize cycles): currently  (Cycles ~ 32.0, IPC ~ 0.50), bound  (Cycles ~ 31.0, IPC ~ 0.52)
[0.0054s]: Found 2 solutions so far... objective (minimize cycles): currently  (Cycles ~ 31.0, IPC ~ 0.52), bound  (Cycles ~ 31.0, IPC ~ 0.52)
Closer than 0 stalls to theoretical optimum... stop
OPTIMAL, wall time: 0.007403 s
Booleans in result: 13
OK!
LLVM (llvm-mc, llvm-nm, llvm-readobj) not found, disabling selftest. Consider installing LLVM.
Minimum number of stalls: 27
SLOTHY version: 0.2.0
Instructions in body: 21
Perform internal binary search for minimal number of stalls...
Attempt optimization with max 0 stalls...
Setting timeout of 30 seconds...
Objective: minimize cycles
Invoking external constraint solver (OR-Tools CP-SAT v9.15.6755) ...
INFEASIBLE, wall time: 0.000542 s
Attempt optimization with max 1 stalls...
Setting timeout of 30 seconds...
Objective: minimize cycles
Invoking external constraint solver (OR-Tools CP-SAT v9.15.6755) ...
INFEASIBLE, wall time: 0.000691 s
Attempt optimization with max 2 stalls...
Setting timeout of 30 seconds...
Objective: minimize cycles
Invoking external constraint solver (OR-Tools CP-SAT v9.15.6755) ...
INFEASIBLE, wall time: 0.000776 s
Attempt optimization with max 4 stalls...
Setting timeout of 30 seconds...
Objective: minimize cycles
Invoking external constraint solver (OR-Tools CP-SAT v9.15.6755) ...
INFEASIBLE, wall time: 0.000779 s
Attempt optimization with max 8 stalls...
Setting timeout of 30 seconds...
Objective: minimize cycles
Invoking external constraint solver (OR-Tools CP-SAT v9.15.6755) ...
INFEASIBLE, wall time: 0.000747 s
Attempt optimization with max 16 stalls...
Setting timeout of 30 seconds...
Objective: minimize cycles
Invoking external constraint solver (OR-Tools CP-SAT v9.15.6755) ...
INFEASIBLE, wall time: 0.000724 s
Attempt optimization with max 32 stalls...
Setting timeout of 30 seconds...
Objective: minimize cycles
Invoking external constraint solver (OR-Tools CP-SAT v9.15.6755) ...
[0.0071s]: Found 1 solutions so far... objective (minimize cycles): currently  (Cycles ~ 38.0, IPC ~ 0.55), bound  (Cycles ~ 33.0, IPC ~ 0.64)
[0.0074s]: Found 2 solutions so far... objective (minimize cycles): currently  (Cycles ~ 34.0, IPC ~ 0.62), bound  (Cycles ~ 33.0, IPC ~ 0.64)
OPTIMAL, wall time: 0.009660 s
Booleans in result: 25
OK!
LLVM (llvm-mc, llvm-nm, llvm-readobj) not found, disabling selftest. Consider installing LLVM.
Minimum number of stalls: 28
SLOTHY version: 0.2.0
Instructions in body: 17
Perform internal binary search for minimal number of stalls...
Attempt optimization with max 0 stalls...
Setting timeout of 30 seconds...
Objective: minimize cycles
Invoking external constraint solver (OR-Tools CP-SAT v9.15.6755) ...
INFEASIBLE, wall time: 0.000189 s
Attempt optimization with max 1 stalls...
Setting timeout of 30 seconds...
Objective: minimize cycles
Invoking external constraint solver (OR-Tools CP-SAT v9.15.6755) ...
INFEASIBLE, wall time: 0.000595 s
Attempt optimization with max 2 stalls...
Setting timeout of 30 seconds...
Objective: minimize cycles
Invoking external constraint solver (OR-Tools CP-SAT v9.15.6755) ...
INFEASIBLE, wall time: 0.000633 s
Attempt optimization with max 4 stalls...
Setting timeout of 30 seconds...
Objective: minimize cycles
Invoking external constraint solver (OR-Tools CP-SAT v9.15.6755) ...
INFEASIBLE, wall time: 0.000600 s
Attempt optimization with max 8 stalls...
Setting timeout of 30 seconds...
Objective: minimize cycles
Invoking external constraint solver (OR-Tools CP-SAT v9.15.6755) ...
INFEASIBLE, wall time: 0.000635 s
Attempt optimization with max 16 stalls...
Setting timeout of 30 seconds...
Objective: minimize cycles
Invoking external constraint solver (OR-Tools CP-SAT v9.15.6755) ...
INFEASIBLE, wall time: 0.000544 s
Attempt optimization with max 32 stalls...
Setting timeout of 30 seconds...
Objective: minimize cycles
Invoking external constraint solver (OR-Tools CP-SAT v9.15.6755) ...
[0.0053s]: Found 1 solutions so far... objective (minimize cycles): currently  (Cycles ~ 33.0, IPC ~ 0.52), bound  (Cycles ~ 31.0, IPC ~ 0.55)
[0.0059s]: Found 2 solutions so far... objective (minimize cycles): currently  (Cycles ~ 32.0, IPC ~ 0.53), bound  (Cycles ~ 31.0, IPC ~ 0.55)
[0.0063s]: Found 3 solutions so far... objective (minimize cycles): currently  (Cycles ~ 31.0, IPC ~ 0.55), bound  (Cycles ~ 31.0, IPC ~ 0.55)
Closer than 0 stalls to theoretical optimum... stop
OPTIMAL, wall time: 0.008644 s
Booleans in result: 14
OK!
LLVM (llvm-mc, llvm-nm, llvm-readobj) not found, disabling selftest. Consider installing LLVM.
Minimum number of stalls: 26
SLOTHY version: 0.2.0
Instructions in body: 16
Perform internal binary search for minimal number of stalls...
Attempt optimization with max 0 stalls...
Setting timeout of 30 seconds...
Objective: minimize cycles
Invoking external constraint solver (OR-Tools CP-SAT v9.15.6755) ...
INFEASIBLE, wall time: 0.000194 s
Attempt optimization with max 1 stalls...
Setting timeout of 30 seconds...
Objective: minimize cycles
Invoking external constraint solver (OR-Tools CP-SAT v9.15.6755) ...
INFEASIBLE, wall time: 0.000572 s
Attempt optimization with max 2 stalls...
Setting timeout of 30 seconds...
Objective: minimize cycles
Invoking external constraint solver (OR-Tools CP-SAT v9.15.6755) ...
INFEASIBLE, wall time: 0.000569 s
Attempt optimization with max 4 stalls...
Setting timeout of 30 seconds...
Objective: minimize cycles
Invoking external constraint solver (OR-Tools CP-SAT v9.15.6755) ...
INFEASIBLE, wall time: 0.000564 s
Attempt optimization with max 8 stalls...
Setting timeout of 30 seconds...
Objective: minimize cycles
Invoking external constraint solver (OR-Tools CP-SAT v9.15.6755) ...
INFEASIBLE, wall time: 0.000533 s
Attempt optimization with max 16 stalls...
Setting timeout of 30 seconds...
Objective: minimize cycles
Invoking external constraint solver (OR-Tools CP-SAT v9.15.6755) ...
INFEASIBLE, wall time: 0.000652 s
Attempt optimization with max 32 stalls...
Setting timeout of 30 seconds...
Objective: minimize cycles
Invoking external constraint solver (OR-Tools CP-SAT v9.15.6755) ...
[0.0051s]: Found 1 solutions so far... objective (minimize cycles): currently  (Cycles ~ 36.0, IPC ~ 0.44), bound  (Cycles ~ 31.0, IPC ~ 0.52)
[0.0054s]: Found 2 solutions so far... objective (minimize cycles): currently  (Cycles ~ 33.0, IPC ~ 0.48), bound  (Cycles ~ 31.0, IPC ~ 0.52)
[0.0060s]: Found 3 solutions so far... objective (minimize cycles): currently  (Cycles ~ 32.0, IPC ~ 0.50), bound  (Cycles ~ 31.0, IPC ~ 0.52)
[0.0064s]: Found 4 solutions so far... objective (minimize cycles): currently  (Cycles ~ 31.0, IPC ~ 0.52), bound  (Cycles ~ 31.0, IPC ~ 0.52)
Closer than 0 stalls to theoretical optimum... stop
OPTIMAL, wall time: 0.008593 s
Booleans in result: 13
OK!
LLVM (llvm-mc, llvm-nm, llvm-readobj) not found, disabling selftest. Consider installing LLVM.
Minimum number of stalls: 27
SLOTHY version: 0.2.0
Instructions in body: 16
Perform internal binary search for minimal number of stalls...
Attempt optimization with max 0 stalls...
Setting timeout of 30 seconds...
Objective: minimize cycles
Invoking external constraint solver (OR-Tools CP-SAT v9.15.6755) ...
INFEASIBLE, wall time: 0.000187 s
Attempt optimization with max 1 stalls...
Setting timeout of 30 seconds...
Objective: minimize cycles
Invoking external constraint solver (OR-Tools CP-SAT v9.15.6755) ...
INFEASIBLE, wall time: 0.000604 s
Attempt optimization with max 2 stalls...
Setting timeout of 30 seconds...
Objective: minimize cycles
Invoking external constraint solver (OR-Tools CP-SAT v9.15.6755) ...
INFEASIBLE, wall time: 0.000558 s
Attempt optimization with max 4 stalls...
Setting timeout of 30 seconds...
Objective: minimize cycles
Invoking external constraint solver (OR-Tools CP-SAT v9.15.6755) ...
INFEASIBLE, wall time: 0.000536 s
Attempt optimization with max 8 stalls...
Setting timeout of 30 seconds...
Objective: minimize cycles
Invoking external constraint solver (OR-Tools CP-SAT v9.15.6755) ...
INFEASIBLE, wall time: 0.000616 s
Attempt optimization with max 16 stalls...
Setting timeout of 30 seconds...
Objective: minimize cycles
Invoking external constraint solver (OR-Tools CP-SAT v9.15.6755) ...
INFEASIBLE, wall time: 0.000585 s
Attempt optimization with max 32 stalls...
Setting timeout of 30 seconds...
Objective: minimize cycles
Invoking external constraint solver (OR-Tools CP-SAT v9.15.6755) ...
[0.0046s]: Found 1 solutions so far... objective (minimize cycles): currently  (Cycles ~ 32.0, IPC ~ 0.50), bound  (Cycles ~ 31.0, IPC ~ 0.52)
[0.0051s]: Found 2 solutions so far... objective (minimize cycles): currently  (Cycles ~ 31.0, IPC ~ 0.52), bound  (Cycles ~ 31.0, IPC ~ 0.52)
Closer than 0 stalls to theoretical optimum... stop
OPTIMAL, wall time: 0.007187 s
Booleans in result: 25
OK!
LLVM (llvm-mc, llvm-nm, llvm-readobj) not found, disabling selftest. Consider installing LLVM.
Minimum number of stalls: 27
SLOTHY version: 0.2.0
Instructions in body: 29
Perform internal binary search for minimal number of stalls...
Attempt optimization with max 0 stalls...
Setting timeout of 30 seconds...
Objective: minimize cycles
Invoking external constraint solver (OR-Tools CP-SAT v9.15.6755) ...
INFEASIBLE, wall time: 0.000663 s
Attempt optimization with max 1 stalls...
Setting timeout of 30 seconds...
Objective: minimize cycles
Invoking external constraint solver (OR-Tools CP-SAT v9.15.6755) ...
INFEASIBLE, wall time: 0.000804 s
Attempt optimization with max 2 stalls...
Setting timeout of 30 seconds...
Objective: minimize cycles
Invoking external constraint solver (OR-Tools CP-SAT v9.15.6755) ...
INFEASIBLE, wall time: 0.000958 s
Attempt optimization with max 4 stalls...
Setting timeout of 30 seconds...
Objective: minimize cycles
Invoking external constraint solver (OR-Tools CP-SAT v9.15.6755) ...
INFEASIBLE, wall time: 0.000863 s
Attempt optimization with max 8 stalls...
Setting timeout of 30 seconds...
Objective: minimize cycles
Invoking external constraint solver (OR-Tools CP-SAT v9.15.6755) ...
INFEASIBLE, wall time: 0.000936 s
Attempt optimization with max 16 stalls...
Setting timeout of 30 seconds...
Objective: minimize cycles
Invoking external constraint solver (OR-Tools CP-SAT v9.15.6755) ...
INFEASIBLE, wall time: 0.000948 s
Attempt optimization with max 32 stalls...
Setting timeout of 30 seconds...
Objective: minimize cycles
Invoking external constraint solver (OR-Tools CP-SAT v9.15.6755) ...
[0.0088s]: Found 1 solutions so far... objective (minimize cycles): currently  (Cycles ~ 40.0, IPC ~ 0.72), bound  (Cycles ~ 38.0, IPC ~ 0.76)
[0.0096s]: Found 2 solutions so far... objective (minimize cycles): currently  (Cycles ~ 39.0, IPC ~ 0.74), bound  (Cycles ~ 38.0, IPC ~ 0.76)
OPTIMAL, wall time: 0.012190 s
Booleans in result: 26
OK!
LLVM (llvm-mc, llvm-nm, llvm-readobj) not found, disabling selftest. Consider installing LLVM.
Minimum number of stalls: 31
SLOTHY version: 0.2.0
Instructions in body: 17
Perform internal binary search for minimal number of stalls...
Attempt optimization with max 0 stalls...
Setting timeout of 30 seconds...
Objective: minimize cycles
Invoking external constraint solver (OR-Tools CP-SAT v9.15.6755) ...
INFEASIBLE, wall time: 0.000199 s
Attempt optimization with max 1 stalls...
Setting timeout of 30 seconds...
Objective: minimize cycles
Invoking external constraint solver (OR-Tools CP-SAT v9.15.6755) ...
INFEASIBLE, wall time: 0.000591 s
Attempt optimization with max 2 stalls...
Setting timeout of 30 seconds...
Objective: minimize cycles
Invoking external constraint solver (OR-Tools CP-SAT v9.15.6755) ...
INFEASIBLE, wall time: 0.000612 s
Attempt optimization with max 4 stalls...
Setting timeout of 30 seconds...
Objective: minimize cycles
Invoking external constraint solver (OR-Tools CP-SAT v9.15.6755) ...
INFEASIBLE, wall time: 0.000596 s
Attempt optimization with max 8 stalls...
Setting timeout of 30 seconds...
Objective: minimize cycles
Invoking external constraint solver (OR-Tools CP-SAT v9.15.6755) ...
INFEASIBLE, wall time: 0.000606 s
Attempt optimization with max 16 stalls...
Setting timeout of 30 seconds...
Objective: minimize cycles
Invoking external constraint solver (OR-Tools CP-SAT v9.15.6755) ...
INFEASIBLE, wall time: 0.000642 s
Attempt optimization with max 32 stalls...
Setting timeout of 30 seconds...
Objective: minimize cycles
Invoking external constraint solver (OR-Tools CP-SAT v9.15.6755) ...
[0.0105s]: Found 1 solutions so far... objective (minimize cycles): currently  (Cycles ~ 33.0, IPC ~ 0.52), bound  (Cycles ~ 31.0, IPC ~ 0.55)
[0.0118s]: Found 2 solutions so far... objective (minimize cycles): currently  (Cycles ~ 32.0, IPC ~ 0.53), bound  (Cycles ~ 31.0, IPC ~ 0.55)
[0.0143s]: Found 3 solutions so far... objective (minimize cycles): currently  (Cycles ~ 31.0, IPC ~ 0.55), bound  (Cycles ~ 31.0, IPC ~ 0.55)
Closer than 0 stalls to theoretical optimum... stop
OPTIMAL, wall time: 0.017167 s
Booleans in result: 14
OK!
LLVM (llvm-mc, llvm-nm, llvm-readobj) not found, disabling selftest. Consider installing LLVM.
Minimum number of stalls: 26
SLOTHY version: 0.2.0
Instructions in body: 21
Perform internal binary search for minimal number of stalls...
Attempt optimization with max 0 stalls...
Setting timeout of 30 seconds...
Objective: minimize cycles
Invoking external constraint solver (OR-Tools CP-SAT v9.15.6755) ...
INFEASIBLE, wall time: 0.000542 s
Attempt optimization with max 1 stalls...
Setting timeout of 30 seconds...
Objective: minimize cycles
Invoking external constraint solver (OR-Tools CP-SAT v9.15.6755) ...
INFEASIBLE, wall time: 0.001448 s
Attempt optimization with max 2 stalls...
Setting timeout of 30 seconds...
Objective: minimize cycles
Invoking external constraint solver (OR-Tools CP-SAT v9.15.6755) ...
INFEASIBLE, wall time: 0.000870 s
Attempt optimization with max 4 stalls...
Setting timeout of 30 seconds...
Objective: minimize cycles
Invoking external constraint solver (OR-Tools CP-SAT v9.15.6755) ...
INFEASIBLE, wall time: 0.000783 s
Attempt optimization with max 8 stalls...
Setting timeout of 30 seconds...
Objective: minimize cycles
Invoking external constraint solver (OR-Tools CP-SAT v9.15.6755) ...
INFEASIBLE, wall time: 0.000770 s
Attempt optimization with max 16 stalls...
Setting timeout of 30 seconds...
Objective: minimize cycles
Invoking external constraint solver (OR-Tools CP-SAT v9.15.6755) ...
INFEASIBLE, wall time: 0.000778 s
Attempt optimization with max 32 stalls...
Setting timeout of 30 seconds...
Objective: minimize cycles
Invoking external constraint solver (OR-Tools CP-SAT v9.15.6755) ...
[0.0071s]: Found 1 solutions so far... objective (minimize cycles): currently  (Cycles ~ 38.0, IPC ~ 0.55), bound  (Cycles ~ 33.0, IPC ~ 0.64)
[0.0074s]: Found 2 solutions so far... objective (minimize cycles): currently  (Cycles ~ 34.0, IPC ~ 0.62), bound  (Cycles ~ 33.0, IPC ~ 0.64)
OPTIMAL, wall time: 0.010055 s
Booleans in result: 69
OK!
LLVM (llvm-mc, llvm-nm, llvm-readobj) not found, disabling selftest. Consider installing LLVM.
Minimum number of stalls: 28
SLOTHY version: 0.2.0
Instructions in body: 17
Perform internal binary search for minimal number of stalls...
Attempt optimization with max 0 stalls...
Setting timeout of 30 seconds...
Objective: minimize cycles
Invoking external constraint solver (OR-Tools CP-SAT v9.15.6755) ...
INFEASIBLE, wall time: 0.000194 s
Attempt optimization with max 1 stalls...
Setting timeout of 30 seconds...
Objective: minimize cycles
Invoking external constraint solver (OR-Tools CP-SAT v9.15.6755) ...
INFEASIBLE, wall time: 0.000665 s
Attempt optimization with max 2 stalls...
Setting timeout of 30 seconds...
Objective: minimize cycles
Invoking external constraint solver (OR-Tools CP-SAT v9.15.6755) ...
INFEASIBLE, wall time: 0.000664 s
Attempt optimization with max 4 stalls...
Setting timeout of 30 seconds...
Objective: minimize cycles
Invoking external constraint solver (OR-Tools CP-SAT v9.15.6755) ...
INFEASIBLE, wall time: 0.000591 s
Attempt optimization with max 8 stalls...
Setting timeout of 30 seconds...
Objective: minimize cycles
Invoking external constraint solver (OR-Tools CP-SAT v9.15.6755) ...
INFEASIBLE, wall time: 0.000593 s
Attempt optimization with max 16 stalls...
Setting timeout of 30 seconds...
Objective: minimize cycles
Invoking external constraint solver (OR-Tools CP-SAT v9.15.6755) ...
INFEASIBLE, wall time: 0.000564 s
Attempt optimization with max 32 stalls...
Setting timeout of 30 seconds...
Objective: minimize cycles
Invoking external constraint solver (OR-Tools CP-SAT v9.15.6755) ...
[0.0055s]: Found 1 solutions so far... objective (minimize cycles): currently  (Cycles ~ 33.0, IPC ~ 0.52), bound  (Cycles ~ 31.0, IPC ~ 0.55)
[0.0056s]: Found 2 solutions so far... objective (minimize cycles): currently  (Cycles ~ 31.0, IPC ~ 0.55), bound  (Cycles ~ 31.0, IPC ~ 0.55)
Closer than 0 stalls to theoretical optimum... stop
OPTIMAL, wall time: 0.007766 s
Booleans in result: 40
OK!
LLVM (llvm-mc, llvm-nm, llvm-readobj) not found, disabling selftest. Consider installing LLVM.
Minimum number of stalls: 26
SLOTHY version: 0.2.0
Instructions in body: 22
Perform internal binary search for minimal number of stalls...
Attempt optimization with max 0 stalls...
Setting timeout of 30 seconds...
Objective: minimize cycles
Invoking external constraint solver (OR-Tools CP-SAT v9.15.6755) ...
INFEASIBLE, wall time: 0.000597 s
Attempt optimization with max 1 stalls...
Setting timeout of 30 seconds...
Objective: minimize cycles
Invoking external constraint solver (OR-Tools CP-SAT v9.15.6755) ...
INFEASIBLE, wall time: 0.000721 s
Attempt optimization with max 2 stalls...
Setting timeout of 30 seconds...
Objective: minimize cycles
Invoking external constraint solver (OR-Tools CP-SAT v9.15.6755) ...
INFEASIBLE, wall time: 0.000689 s
Attempt optimization with max 4 stalls...
Setting timeout of 30 seconds...
Objective: minimize cycles
Invoking external constraint solver (OR-Tools CP-SAT v9.15.6755) ...
INFEASIBLE, wall time: 0.000632 s
Attempt optimization with max 8 stalls...
Setting timeout of 30 seconds...
Objective: minimize cycles
Invoking external constraint solver (OR-Tools CP-SAT v9.15.6755) ...
INFEASIBLE, wall time: 0.000651 s
Attempt optimization with max 16 stalls...
Setting timeout of 30 seconds...
Objective: minimize cycles
Invoking external constraint solver (OR-Tools CP-SAT v9.15.6755) ...
INFEASIBLE, wall time: 0.000707 s
Attempt optimization with max 32 stalls...
Setting timeout of 30 seconds...
Objective: minimize cycles
Invoking external constraint solver (OR-Tools CP-SAT v9.15.6755) ...
INFEASIBLE, wall time: 0.002475 s
Attempt optimization with max 64 stalls...
Setting timeout of 30 seconds...
Objective: minimize cycles
Invoking external constraint solver (OR-Tools CP-SAT v9.15.6755) ...
[0.0108s]: Found 1 solutions so far... objective (minimize cycles): currently  (Cycles ~ 42.0, IPC ~ 0.52), bound  (Cycles ~ 38.0, IPC ~ 0.58)
[0.0116s]: Found 2 solutions so far... objective (minimize cycles): currently  (Cycles ~ 39.0, IPC ~ 0.56), bound  (Cycles ~ 38.0, IPC ~ 0.58)
OPTIMAL, wall time: 0.014220 s
Booleans in result: 19
OK!
LLVM (llvm-mc, llvm-nm, llvm-readobj) not found, disabling selftest. Consider installing LLVM.
Minimum number of stalls: 33
SLOTHY version: 0.2.0
Instructions in body: 18
Perform internal binary search for minimal number of stalls...
Attempt optimization with max 0 stalls...
Setting timeout of 30 seconds...
Objective: minimize cycles
Invoking external constraint solver (OR-Tools CP-SAT v9.15.6755) ...
INFEASIBLE, wall time: 0.000229 s
Attempt optimization with max 1 stalls...
Setting timeout of 30 seconds...
Objective: minimize cycles
Invoking external constraint solver (OR-Tools CP-SAT v9.15.6755) ...
INFEASIBLE, wall time: 0.000647 s
Attempt optimization with max 2 stalls...
Setting timeout of 30 seconds...
Objective: minimize cycles
Invoking external constraint solver (OR-Tools CP-SAT v9.15.6755) ...
INFEASIBLE, wall time: 0.000647 s
Attempt optimization with max 4 stalls...
Setting timeout of 30 seconds...
Objective: minimize cycles
Invoking external constraint solver (OR-Tools CP-SAT v9.15.6755) ...
INFEASIBLE, wall time: 0.000687 s
Attempt optimization with max 8 stalls...
Setting timeout of 30 seconds...
Objective: minimize cycles
Invoking external constraint solver (OR-Tools CP-SAT v9.15.6755) ...
INFEASIBLE, wall time: 0.000654 s
Attempt optimization with max 16 stalls...
Setting timeout of 30 seconds...
Objective: minimize cycles
Invoking external constraint solver (OR-Tools CP-SAT v9.15.6755) ...
INFEASIBLE, wall time: 0.000616 s
Attempt optimization with max 32 stalls...
Setting timeout of 30 seconds...
Objective: minimize cycles
Invoking external constraint solver (OR-Tools CP-SAT v9.15.6755) ...
[0.0054s]: Found 1 solutions so far... objective (minimize cycles): currently  (Cycles ~ 35.0, IPC ~ 0.51), bound  (Cycles ~ 33.0, IPC ~ 0.55)
[0.0057s]: Found 2 solutions so far... objective (minimize cycles): currently  (Cycles ~ 33.0, IPC ~ 0.55), bound  (Cycles ~ 33.0, IPC ~ 0.55)
Closer than 0 stalls to theoretical optimum... stop
OPTIMAL, wall time: 0.007891 s
Booleans in result: 38
OK!
LLVM (llvm-mc, llvm-nm, llvm-readobj) not found, disabling selftest. Consider installing LLVM.
Minimum number of stalls: 28
SLOTHY version: 0.2.0
Instructions in body: 26
Perform internal binary search for minimal number of stalls...
Attempt optimization with max 0 stalls...
Setting timeout of 30 seconds...
Objective: minimize cycles
Invoking external constraint solver (OR-Tools CP-SAT v9.15.6755) ...
INFEASIBLE, wall time: 0.000637 s
Attempt optimization with max 1 stalls...
Setting timeout of 30 seconds...
Objective: minimize cycles
Invoking external constraint solver (OR-Tools CP-SAT v9.15.6755) ...
INFEASIBLE, wall time: 0.001518 s
Attempt optimization with max 2 stalls...
Setting timeout of 30 seconds...
Objective: minimize cycles
Invoking external constraint solver (OR-Tools CP-SAT v9.15.6755) ...
INFEASIBLE, wall time: 0.000884 s
Attempt optimization with max 4 stalls...
Setting timeout of 30 seconds...
Objective: minimize cycles
Invoking external constraint solver (OR-Tools CP-SAT v9.15.6755) ...
INFEASIBLE, wall time: 0.000828 s
Attempt optimization with max 8 stalls...
Setting timeout of 30 seconds...
Objective: minimize cycles
Invoking external constraint solver (OR-Tools CP-SAT v9.15.6755) ...
INFEASIBLE, wall time: 0.000886 s
Attempt optimization with max 16 stalls...
Setting timeout of 30 seconds...
Objective: minimize cycles
Invoking external constraint solver (OR-Tools CP-SAT v9.15.6755) ...
INFEASIBLE, wall time: 0.000747 s
Attempt optimization with max 32 stalls...
Setting timeout of 30 seconds...
Objective: minimize cycles
Invoking external constraint solver (OR-Tools CP-SAT v9.15.6755) ...
INFEASIBLE, wall time: 0.000887 s
Attempt optimization with max 64 stalls...
Setting timeout of 30 seconds...
Objective: minimize cycles
Invoking external constraint solver (OR-Tools CP-SAT v9.15.6755) ...
[0.0131s]: Found 1 solutions so far... objective (minimize cycles): currently  (Cycles ~ 45.0, IPC ~ 0.58), bound  (Cycles ~ 40.0, IPC ~ 0.65)
[0.0139s]: Found 2 solutions so far... objective (minimize cycles): currently  (Cycles ~ 41.0, IPC ~ 0.63), bound  (Cycles ~ 40.0, IPC ~ 0.65)
OPTIMAL, wall time: 0.016584 s
Booleans in result: 23
OK!
LLVM (llvm-mc, llvm-nm, llvm-readobj) not found, disabling selftest. Consider installing LLVM.
Minimum number of stalls: 34
SLOTHY version: 0.2.0
Instructions in body: 17
Perform internal binary search for minimal number of stalls...
Attempt optimization with max 0 stalls...
Setting timeout of 30 seconds...
Objective: minimize cycles
Invoking external constraint solver (OR-Tools CP-SAT v9.15.6755) ...
INFEASIBLE, wall time: 0.000178 s
Attempt optimization with max 1 stalls...
Setting timeout of 30 seconds...
Objective: minimize cycles
Invoking external constraint solver (OR-Tools CP-SAT v9.15.6755) ...
INFEASIBLE, wall time: 0.000684 s
Attempt optimization with max 2 stalls...
Setting timeout of 30 seconds...
Objective: minimize cycles
Invoking external constraint solver (OR-Tools CP-SAT v9.15.6755) ...
INFEASIBLE, wall time: 0.000676 s
Attempt optimization with max 4 stalls...
Setting timeout of 30 seconds...
Objective: minimize cycles
Invoking external constraint solver (OR-Tools CP-SAT v9.15.6755) ...
INFEASIBLE, wall time: 0.000597 s
Attempt optimization with max 8 stalls...
Setting timeout of 30 seconds...
Objective: minimize cycles
Invoking external constraint solver (OR-Tools CP-SAT v9.15.6755) ...
INFEASIBLE, wall time: 0.000594 s
Attempt optimization with max 16 stalls...
Setting timeout of 30 seconds...
Objective: minimize cycles
Invoking external constraint solver (OR-Tools CP-SAT v9.15.6755) ...
INFEASIBLE, wall time: 0.000643 s
Attempt optimization with max 32 stalls...
Setting timeout of 30 seconds...
Objective: minimize cycles
Invoking external constraint solver (OR-Tools CP-SAT v9.15.6755) ...
[0.0051s]: Found 1 solutions so far... objective (minimize cycles): currently  (Cycles ~ 33.0, IPC ~ 0.52), bound  (Cycles ~ 31.0, IPC ~ 0.55)
[0.0057s]: Found 2 solutions so far... objective (minimize cycles): currently  (Cycles ~ 32.0, IPC ~ 0.53), bound  (Cycles ~ 31.0, IPC ~ 0.55)
[0.0059s]: Found 3 solutions so far... objective (minimize cycles): currently  (Cycles ~ 31.0, IPC ~ 0.55), bound  (Cycles ~ 31.0, IPC ~ 0.55)
Closer than 0 stalls to theoretical optimum... stop
OPTIMAL, wall time: 0.008165 s
Booleans in result: 14
OK!
LLVM (llvm-mc, llvm-nm, llvm-readobj) not found, disabling selftest. Consider installing LLVM.
Minimum number of stalls: 26
SLOTHY version: 0.2.0
Instructions in body: 15
Perform internal binary search for minimal number of stalls...
Attempt optimization with max 0 stalls...
Setting timeout of 30 seconds...
Objective: minimize cycles
Invoking external constraint solver (OR-Tools CP-SAT v9.15.6755) ...
INFEASIBLE, wall time: 0.000163 s
Attempt optimization with max 1 stalls...
Setting timeout of 30 seconds...
Objective: minimize cycles
Invoking external constraint solver (OR-Tools CP-SAT v9.15.6755) ...
INFEASIBLE, wall time: 0.000648 s
Attempt optimization with max 2 stalls...
Setting timeout of 30 seconds...
Objective: minimize cycles
Invoking external constraint solver (OR-Tools CP-SAT v9.15.6755) ...
INFEASIBLE, wall time: 0.000548 s
Attempt optimization with max 4 stalls...
Setting timeout of 30 seconds...
Objective: minimize cycles
Invoking external constraint solver (OR-Tools CP-SAT v9.15.6755) ...
INFEASIBLE, wall time: 0.000574 s
Attempt optimization with max 8 stalls...
Setting timeout of 30 seconds...
Objective: minimize cycles
Invoking external constraint solver (OR-Tools CP-SAT v9.15.6755) ...
INFEASIBLE, wall time: 0.000583 s
Attempt optimization with max 16 stalls...
Setting timeout of 30 seconds...
Objective: minimize cycles
Invoking external constraint solver (OR-Tools CP-SAT v9.15.6755) ...
INFEASIBLE, wall time: 0.000554 s
Attempt optimization with max 32 stalls...
Setting timeout of 30 seconds...
Objective: minimize cycles
Invoking external constraint solver (OR-Tools CP-SAT v9.15.6755) ...
[0.0045s]: Found 1 solutions so far... objective (minimize cycles): currently  (Cycles ~ 30.0, IPC ~ 0.50), bound  (Cycles ~ 29.0, IPC ~ 0.52)
[0.0050s]: Found 2 solutions so far... objective (minimize cycles): currently  (Cycles ~ 29.0, IPC ~ 0.52), bound  (Cycles ~ 29.0, IPC ~ 0.52)
Closer than 0 stalls to theoretical optimum... stop
OPTIMAL, wall time: 0.007239 s
Booleans in result: 11
OK!
LLVM (llvm-mc, llvm-nm, llvm-readobj) not found, disabling selftest. Consider installing LLVM.
Minimum number of stalls: 25
SLOTHY version: 0.2.0
Instructions in body: 18
Perform internal binary search for minimal number of stalls...
Attempt optimization with max 0 stalls...
Setting timeout of 30 seconds...
Objective: minimize cycles
Invoking external constraint solver (OR-Tools CP-SAT v9.15.6755) ...
INFEASIBLE, wall time: 0.000220 s
Attempt optimization with max 1 stalls...
Setting timeout of 30 seconds...
Objective: minimize cycles
Invoking external constraint solver (OR-Tools CP-SAT v9.15.6755) ...
INFEASIBLE, wall time: 0.000662 s
Attempt optimization with max 2 stalls...
Setting timeout of 30 seconds...
Objective: minimize cycles
Invoking external constraint solver (OR-Tools CP-SAT v9.15.6755) ...
INFEASIBLE, wall time: 0.000581 s
Attempt optimization with max 4 stalls...
Setting timeout of 30 seconds...
Objective: minimize cycles
Invoking external constraint solver (OR-Tools CP-SAT v9.15.6755) ...
INFEASIBLE, wall time: 0.000668 s
Attempt optimization with max 8 stalls...
Setting timeout of 30 seconds...
Objective: minimize cycles
Invoking external constraint solver (OR-Tools CP-SAT v9.15.6755) ...
INFEASIBLE, wall time: 0.000613 s
Attempt optimization with max 16 stalls...
Setting timeout of 30 seconds...
Objective: minimize cycles
Invoking external constraint solver (OR-Tools CP-SAT v9.15.6755) ...
INFEASIBLE, wall time: 0.000699 s
Attempt optimization with max 32 stalls...
Setting timeout of 30 seconds...
Objective: minimize cycles
Invoking external constraint solver (OR-Tools CP-SAT v9.15.6755) ...
[0.0057s]: Found 1 solutions so far... objective (minimize cycles): currently  (Cycles ~ 35.0, IPC ~ 0.51), bound  (Cycles ~ 33.0, IPC ~ 0.55)
[0.0060s]: Found 2 solutions so far... objective (minimize cycles): currently  (Cycles ~ 33.0, IPC ~ 0.55), bound  (Cycles ~ 33.0, IPC ~ 0.55)
Closer than 0 stalls to theoretical optimum... stop
OPTIMAL, wall time: 0.008310 s
Booleans in result: 39
OK!
LLVM (llvm-mc, llvm-nm, llvm-readobj) not found, disabling selftest. Consider installing LLVM.
Minimum number of stalls: 28
SLOTHY version: 0.2.0
Instructions in body: 17
Perform internal binary search for minimal number of stalls...
Attempt optimization with max 0 stalls...
Setting timeout of 30 seconds...
Objective: minimize cycles
Invoking external constraint solver (OR-Tools CP-SAT v9.15.6755) ...
INFEASIBLE, wall time: 0.000182 s
Attempt optimization with max 1 stalls...
Setting timeout of 30 seconds...
Objective: minimize cycles
Invoking external constraint solver (OR-Tools CP-SAT v9.15.6755) ...
INFEASIBLE, wall time: 0.000633 s
Attempt optimization with max 2 stalls...
Setting timeout of 30 seconds...
Objective: minimize cycles
Invoking external constraint solver (OR-Tools CP-SAT v9.15.6755) ...
INFEASIBLE, wall time: 0.000660 s
Attempt optimization with max 4 stalls...
Setting timeout of 30 seconds...
Objective: minimize cycles
Invoking external constraint solver (OR-Tools CP-SAT v9.15.6755) ...
INFEASIBLE, wall time: 0.000643 s
Attempt optimization with max 8 stalls...
Setting timeout of 30 seconds...
Objective: minimize cycles
Invoking external constraint solver (OR-Tools CP-SAT v9.15.6755) ...
INFEASIBLE, wall time: 0.000606 s
Attempt optimization with max 16 stalls...
Setting timeout of 30 seconds...
Objective: minimize cycles
Invoking external constraint solver (OR-Tools CP-SAT v9.15.6755) ...
INFEASIBLE, wall time: 0.000633 s
Attempt optimization with max 32 stalls...
Setting timeout of 30 seconds...
Objective: minimize cycles
Invoking external constraint solver (OR-Tools CP-SAT v9.15.6755) ...
[0.0052s]: Found 1 solutions so far... objective (minimize cycles): currently  (Cycles ~ 33.0, IPC ~ 0.52), bound  (Cycles ~ 31.0, IPC ~ 0.55)
[0.0055s]: Found 2 solutions so far... objective (minimize cycles): currently  (Cycles ~ 31.0, IPC ~ 0.55), bound  (Cycles ~ 31.0, IPC ~ 0.55)
Closer than 0 stalls to theoretical optimum... stop
OPTIMAL, wall time: 0.007803 s
Booleans in result: 40
OK!
LLVM (llvm-mc, llvm-nm, llvm-readobj) not found, disabling selftest. Consider installing LLVM.
Minimum number of stalls: 26
SLOTHY version: 0.2.0
Instructions in body: 15
Perform internal binary search for minimal number of stalls...
Attempt optimization with max 0 stalls...
Setting timeout of 30 seconds...
Objective: minimize cycles
Invoking external constraint solver (OR-Tools CP-SAT v9.15.6755) ...
INFEASIBLE, wall time: 0.000168 s
Attempt optimization with max 1 stalls...
Setting timeout of 30 seconds...
Objective: minimize cycles
Invoking external constraint solver (OR-Tools CP-SAT v9.15.6755) ...
INFEASIBLE, wall time: 0.000605 s
Attempt optimization with max 2 stalls...
Setting timeout of 30 seconds...
Objective: minimize cycles
Invoking external constraint solver (OR-Tools CP-SAT v9.15.6755) ...
INFEASIBLE, wall time: 0.000525 s
Attempt optimization with max 4 stalls...
Setting timeout of 30 seconds...
Objective: minimize cycles
Invoking external constraint solver (OR-Tools CP-SAT v9.15.6755) ...
INFEASIBLE, wall time: 0.000578 s
Attempt optimization with max 8 stalls...
Setting timeout of 30 seconds...
Objective: minimize cycles
Invoking external constraint solver (OR-Tools CP-SAT v9.15.6755) ...
INFEASIBLE, wall time: 0.000526 s
Attempt optimization with max 16 stalls...
Setting timeout of 30 seconds...
Objective: minimize cycles
Invoking external constraint solver (OR-Tools CP-SAT v9.15.6755) ...
INFEASIBLE, wall time: 0.000510 s
Attempt optimization with max 32 stalls...
Setting timeout of 30 seconds...
Objective: minimize cycles
Invoking external constraint solver (OR-Tools CP-SAT v9.15.6755) ...
[0.0049s]: Found 1 solutions so far... objective (minimize cycles): currently  (Cycles ~ 29.0, IPC ~ 0.52), bound  (Cycles ~ 29.0, IPC ~ 0.52)
Closer than 0 stalls to theoretical optimum... stop
OPTIMAL, wall time: 0.007111 s
Booleans in result: 32
OK!
LLVM (llvm-mc, llvm-nm, llvm-readobj) not found, disabling selftest. Consider installing LLVM.
Minimum number of stalls: 25
SLOTHY version: 0.2.0
Instructions in body: 22
Perform internal binary search for minimal number of stalls...
Attempt optimization with max 0 stalls...
Setting timeout of 30 seconds...
Objective: minimize cycles
Invoking external constraint solver (OR-Tools CP-SAT v9.15.6755) ...
INFEASIBLE, wall time: 0.000496 s
Attempt optimization with max 1 stalls...
Setting timeout of 30 seconds...
Objective: minimize cycles
Invoking external constraint solver (OR-Tools CP-SAT v9.15.6755) ...
INFEASIBLE, wall time: 0.000749 s
Attempt optimization with max 2 stalls...
Setting timeout of 30 seconds...
Objective: minimize cycles
Invoking external constraint solver (OR-Tools CP-SAT v9.15.6755) ...
INFEASIBLE, wall time: 0.000732 s
Attempt optimization with max 4 stalls...
Setting timeout of 30 seconds...
Objective: minimize cycles
Invoking external constraint solver (OR-Tools CP-SAT v9.15.6755) ...
INFEASIBLE, wall time: 0.000744 s
Attempt optimization with max 8 stalls...
Setting timeout of 30 seconds...
Objective: minimize cycles
Invoking external constraint solver (OR-Tools CP-SAT v9.15.6755) ...
INFEASIBLE, wall time: 0.000677 s
Attempt optimization with max 16 stalls...
Setting timeout of 30 seconds...
Objective: minimize cycles
Invoking external constraint solver (OR-Tools CP-SAT v9.15.6755) ...
INFEASIBLE, wall time: 0.000649 s
Attempt optimization with max 32 stalls...
Setting timeout of 30 seconds...
Objective: minimize cycles
Invoking external constraint solver (OR-Tools CP-SAT v9.15.6755) ...
INFEASIBLE, wall time: 0.002682 s
Attempt optimization with max 64 stalls...
Setting timeout of 30 seconds...
Objective: minimize cycles
Invoking external constraint solver (OR-Tools CP-SAT v9.15.6755) ...
[0.0108s]: Found 1 solutions so far... objective (minimize cycles): currently  (Cycles ~ 42.0, IPC ~ 0.52), bound  (Cycles ~ 38.0, IPC ~ 0.58)
[0.0115s]: Found 2 solutions so far... objective (minimize cycles): currently  (Cycles ~ 41.0, IPC ~ 0.54), bound  (Cycles ~ 38.0, IPC ~ 0.58)
[0.0117s]: Found 3 solutions so far... objective (minimize cycles): currently  (Cycles ~ 39.0, IPC ~ 0.56), bound  (Cycles ~ 38.0, IPC ~ 0.58)
OPTIMAL, wall time: 0.014220 s
Booleans in result: 19
OK!
LLVM (llvm-mc, llvm-nm, llvm-readobj) not found, disabling selftest. Consider installing LLVM.
Minimum number of stalls: 33
SLOTHY version: 0.2.0
Instructions in body: 18
Perform internal binary search for minimal number of stalls...
Attempt optimization with max 0 stalls...
Setting timeout of 30 seconds...
Objective: minimize cycles
Invoking external constraint solver (OR-Tools CP-SAT v9.15.6755) ...
INFEASIBLE, wall time: 0.000176 s
Attempt optimization with max 1 stalls...
Setting timeout of 30 seconds...
Objective: minimize cycles
Invoking external constraint solver (OR-Tools CP-SAT v9.15.6755) ...
INFEASIBLE, wall time: 0.000606 s
Attempt optimization with max 2 stalls...
Setting timeout of 30 seconds...
Objective: minimize cycles
Invoking external constraint solver (OR-Tools CP-SAT v9.15.6755) ...
INFEASIBLE, wall time: 0.000585 s
Attempt optimization with max 4 stalls...
Setting timeout of 30 seconds...
Objective: minimize cycles
Invoking external constraint solver (OR-Tools CP-SAT v9.15.6755) ...
INFEASIBLE, wall time: 0.000611 s
Attempt optimization with max 8 stalls...
Setting timeout of 30 seconds...
Objective: minimize cycles
Invoking external constraint solver (OR-Tools CP-SAT v9.15.6755) ...
INFEASIBLE, wall time: 0.000621 s
Attempt optimization with max 16 stalls...
Setting timeout of 30 seconds...
Objective: minimize cycles
Invoking external constraint solver (OR-Tools CP-SAT v9.15.6755) ...
INFEASIBLE, wall time: 0.000645 s
Attempt optimization with max 32 stalls...
Setting timeout of 30 seconds...
Objective: minimize cycles
Invoking external constraint solver (OR-Tools CP-SAT v9.15.6755) ...
[0.0054s]: Found 1 solutions so far... objective (minimize cycles): currently  (Cycles ~ 35.0, IPC ~ 0.51), bound  (Cycles ~ 33.0, IPC ~ 0.55)
[0.0056s]: Found 2 solutions so far... objective (minimize cycles): currently  (Cycles ~ 33.0, IPC ~ 0.55), bound  (Cycles ~ 33.0, IPC ~ 0.55)
Closer than 0 stalls to theoretical optimum... stop
OPTIMAL, wall time: 0.007822 s
Booleans in result: 38
OK!
LLVM (llvm-mc, llvm-nm, llvm-readobj) not found, disabling selftest. Consider installing LLVM.
Minimum number of stalls: 28
SLOTHY version: 0.2.0
Instructions in body: 23
Perform internal binary search for minimal number of stalls...
Attempt optimization with max 0 stalls...
Setting timeout of 30 seconds...
Objective: minimize cycles
Invoking external constraint solver (OR-Tools CP-SAT v9.15.6755) ...
INFEASIBLE, wall time: 0.000723 s
Attempt optimization with max 1 stalls...
Setting timeout of 30 seconds...
Objective: minimize cycles
Invoking external constraint solver (OR-Tools CP-SAT v9.15.6755) ...
INFEASIBLE, wall time: 0.000751 s
Attempt optimization with max 2 stalls...
Setting timeout of 30 seconds...
Objective: minimize cycles
Invoking external constraint solver (OR-Tools CP-SAT v9.15.6755) ...
INFEASIBLE, wall time: 0.000816 s
Attempt optimization with max 4 stalls...
Setting timeout of 30 seconds...
Objective: minimize cycles
Invoking external constraint solver (OR-Tools CP-SAT v9.15.6755) ...
INFEASIBLE, wall time: 0.000743 s
Attempt optimization with max 8 stalls...
Setting timeout of 30 seconds...
Objective: minimize cycles
Invoking external constraint solver (OR-Tools CP-SAT v9.15.6755) ...
INFEASIBLE, wall time: 0.000778 s
Attempt optimization with max 16 stalls...
Setting timeout of 30 seconds...
Objective: minimize cycles
Invoking external constraint solver (OR-Tools CP-SAT v9.15.6755) ...
INFEASIBLE, wall time: 0.000712 s
Attempt optimization with max 32 stalls...
Setting timeout of 30 seconds...
Objective: minimize cycles
Invoking external constraint solver (OR-Tools CP-SAT v9.15.6755) ...
INFEASIBLE, wall time: 0.000765 s
Attempt optimization with max 64 stalls...
Setting timeout of 30 seconds...
Objective: minimize cycles
Invoking external constraint solver (OR-Tools CP-SAT v9.15.6755) ...
[0.0111s]: Found 1 solutions so far... objective (minimize cycles): currently  (Cycles ~ 41.0, IPC ~ 0.56), bound  (Cycles ~ 40.0, IPC ~ 0.57)
[0.0120s]: Found 2 solutions so far... objective (minimize cycles): currently  (Cycles ~ 40.0, IPC ~ 0.57), bound  (Cycles ~ 40.0, IPC ~ 0.57)
Closer than 0 stalls to theoretical optimum... stop
OPTIMAL, wall time: 0.014174 s
Booleans in result: 33
OK!
LLVM (llvm-mc, llvm-nm, llvm-readobj) not found, disabling selftest. Consider installing LLVM.
Minimum number of stalls: 34
SLOTHY version: 0.2.0
Instructions in body: 17
Perform internal binary search for minimal number of stalls...
Attempt optimization with max 0 stalls...
Setting timeout of 30 seconds...
Objective: minimize cycles
Invoking external constraint solver (OR-Tools CP-SAT v9.15.6755) ...
INFEASIBLE, wall time: 0.000163 s
Attempt optimization with max 1 stalls...
Setting timeout of 30 seconds...
Objective: minimize cycles
Invoking external constraint solver (OR-Tools CP-SAT v9.15.6755) ...
INFEASIBLE, wall time: 0.000598 s
Attempt optimization with max 2 stalls...
Setting timeout of 30 seconds...
Objective: minimize cycles
Invoking external constraint solver (OR-Tools CP-SAT v9.15.6755) ...
INFEASIBLE, wall time: 0.000578 s
Attempt optimization with max 4 stalls...
Setting timeout of 30 seconds...
Objective: minimize cycles
Invoking external constraint solver (OR-Tools CP-SAT v9.15.6755) ...
INFEASIBLE, wall time: 0.000881 s
Attempt optimization with max 8 stalls...
Setting timeout of 30 seconds...
Objective: minimize cycles
Invoking external constraint solver (OR-Tools CP-SAT v9.15.6755) ...
INFEASIBLE, wall time: 0.001052 s
Attempt optimization with max 16 stalls...
Setting timeout of 30 seconds...
Objective: minimize cycles
Invoking external constraint solver (OR-Tools CP-SAT v9.15.6755) ...
INFEASIBLE, wall time: 0.001075 s
Attempt optimization with max 32 stalls...
Setting timeout of 30 seconds...
Objective: minimize cycles
Invoking external constraint solver (OR-Tools CP-SAT v9.15.6755) ...
[0.0054s]: Found 1 solutions so far... objective (minimize cycles): currently  (Cycles ~ 33.0, IPC ~ 0.52), bound  (Cycles ~ 31.0, IPC ~ 0.55)
[0.0059s]: Found 2 solutions so far... objective (minimize cycles): currently  (Cycles ~ 31.0, IPC ~ 0.55), bound  (Cycles ~ 31.0, IPC ~ 0.55)
Closer than 0 stalls to theoretical optimum... stop
OPTIMAL, wall time: 0.007947 s
Booleans in result: 14
OK!
LLVM (llvm-mc, llvm-nm, llvm-readobj) not found, disabling selftest. Consider installing LLVM.
Minimum number of stalls: 26
SLOTHY version: 0.2.0
Instructions in body: 19
Perform internal binary search for minimal number of stalls...
Attempt optimization with max 0 stalls...
Setting timeout of 30 seconds...
Objective: minimize cycles
Invoking external constraint solver (OR-Tools CP-SAT v9.15.6755) ...
INFEASIBLE, wall time: 0.000220 s
Attempt optimization with max 1 stalls...
Setting timeout of 30 seconds...
Objective: minimize cycles
Invoking external constraint solver (OR-Tools CP-SAT v9.15.6755) ...
INFEASIBLE, wall time: 0.000691 s
Attempt optimization with max 2 stalls...
Setting timeout of 30 seconds...
Objective: minimize cycles
Invoking external constraint solver (OR-Tools CP-SAT v9.15.6755) ...
INFEASIBLE, wall time: 0.000606 s
Attempt optimization with max 4 stalls...
Setting timeout of 30 seconds...
Objective: minimize cycles
Invoking external constraint solver (OR-Tools CP-SAT v9.15.6755) ...
INFEASIBLE, wall time: 0.000654 s
Attempt optimization with max 8 stalls...
Setting timeout of 30 seconds...
Objective: minimize cycles
Invoking external constraint solver (OR-Tools CP-SAT v9.15.6755) ...
INFEASIBLE, wall time: 0.000634 s
Attempt optimization with max 16 stalls...
Setting timeout of 30 seconds...
Objective: minimize cycles
Invoking external constraint solver (OR-Tools CP-SAT v9.15.6755) ...
INFEASIBLE, wall time: 0.000686 s
Attempt optimization with max 32 stalls...
Setting timeout of 30 seconds...
Objective: minimize cycles
Invoking external constraint solver (OR-Tools CP-SAT v9.15.6755) ...
[0.0059s]: Found 1 solutions so far... objective (minimize cycles): currently  (Cycles ~ 36.0, IPC ~ 0.53), bound  (Cycles ~ 33.0, IPC ~ 0.58)
[0.0064s]: Found 2 solutions so far... objective (minimize cycles): currently  (Cycles ~ 35.0, IPC ~ 0.54), bound  (Cycles ~ 33.0, IPC ~ 0.58)
[0.0066s]: Found 3 solutions so far... objective (minimize cycles): currently  (Cycles ~ 34.0, IPC ~ 0.56), bound  (Cycles ~ 33.0, IPC ~ 0.58)
[0.0073s]: Found 4 solutions so far... objective (minimize cycles): currently  (Cycles ~ 33.0, IPC ~ 0.58), bound  (Cycles ~ 33.0, IPC ~ 0.58)
Closer than 0 stalls to theoretical optimum... stop
OPTIMAL, wall time: 0.009434 s
Booleans in result: 16
OK!
LLVM (llvm-mc, llvm-nm, llvm-readobj) not found, disabling selftest. Consider installing LLVM.
Minimum number of stalls: 28
SLOTHY version: 0.2.0
Instructions in body: 16
Perform internal binary search for minimal number of stalls...
Attempt optimization with max 0 stalls...
Setting timeout of 30 seconds...
Objective: minimize cycles
Invoking external constraint solver (OR-Tools CP-SAT v9.15.6755) ...
INFEASIBLE, wall time: 0.000170 s
Attempt optimization with max 1 stalls...
Setting timeout of 30 seconds...
Objective: minimize cycles
Invoking external constraint solver (OR-Tools CP-SAT v9.15.6755) ...
INFEASIBLE, wall time: 0.000666 s
Attempt optimization with max 2 stalls...
Setting timeout of 30 seconds...
Objective: minimize cycles
Invoking external constraint solver (OR-Tools CP-SAT v9.15.6755) ...
INFEASIBLE, wall time: 0.000643 s
Attempt optimization with max 4 stalls...
Setting timeout of 30 seconds...
Objective: minimize cycles
Invoking external constraint solver (OR-Tools CP-SAT v9.15.6755) ...
INFEASIBLE, wall time: 0.000602 s
Attempt optimization with max 8 stalls...
Setting timeout of 30 seconds...
Objective: minimize cycles
Invoking external constraint solver (OR-Tools CP-SAT v9.15.6755) ...
INFEASIBLE, wall time: 0.000610 s
Attempt optimization with max 16 stalls...
Setting timeout of 30 seconds...
Objective: minimize cycles
Invoking external constraint solver (OR-Tools CP-SAT v9.15.6755) ...
INFEASIBLE, wall time: 0.000581 s
Attempt optimization with max 32 stalls...
Setting timeout of 30 seconds...
Objective: minimize cycles
Invoking external constraint solver (OR-Tools CP-SAT v9.15.6755) ...
[0.0048s]: Found 1 solutions so far... objective (minimize cycles): currently  (Cycles ~ 32.0, IPC ~ 0.50), bound  (Cycles ~ 31.0, IPC ~ 0.52)
[0.0050s]: Found 2 solutions so far... objective (minimize cycles): currently  (Cycles ~ 31.0, IPC ~ 0.52), bound  (Cycles ~ 31.0, IPC ~ 0.52)
Closer than 0 stalls to theoretical optimum... stop
OPTIMAL, wall time: 0.007078 s
Booleans in result: 15
OK!
LLVM (llvm-mc, llvm-nm, llvm-readobj) not found, disabling selftest. Consider installing LLVM.
Minimum number of stalls: 27
SLOTHY version: 0.2.0
Instructions in body: 24
Perform internal binary search for minimal number of stalls...
Attempt optimization with max 0 stalls...
Setting timeout of 30 seconds...
Objective: minimize cycles
Invoking external constraint solver (OR-Tools CP-SAT v9.15.6755) ...
INFEASIBLE, wall time: 0.000647 s
Attempt optimization with max 1 stalls...
Setting timeout of 30 seconds...
Objective: minimize cycles
Invoking external constraint solver (OR-Tools CP-SAT v9.15.6755) ...
INFEASIBLE, wall time: 0.000771 s
Attempt optimization with max 2 stalls...
Setting timeout of 30 seconds...
Objective: minimize cycles
Invoking external constraint solver (OR-Tools CP-SAT v9.15.6755) ...
INFEASIBLE, wall time: 0.000787 s
Attempt optimization with max 4 stalls...
Setting timeout of 30 seconds...
Objective: minimize cycles
Invoking external constraint solver (OR-Tools CP-SAT v9.15.6755) ...
INFEASIBLE, wall time: 0.000927 s
Attempt optimization with max 8 stalls...
Setting timeout of 30 seconds...
Objective: minimize cycles
Invoking external constraint solver (OR-Tools CP-SAT v9.15.6755) ...
INFEASIBLE, wall time: 0.000789 s
Attempt optimization with max 16 stalls...
Setting timeout of 30 seconds...
Objective: minimize cycles
Invoking external constraint solver (OR-Tools CP-SAT v9.15.6755) ...
INFEASIBLE, wall time: 0.000727 s
Attempt optimization with max 32 stalls...
Setting timeout of 30 seconds...
Objective: minimize cycles
Invoking external constraint solver (OR-Tools CP-SAT v9.15.6755) ...
INFEASIBLE, wall time: 0.000740 s
Attempt optimization with max 64 stalls...
Setting timeout of 30 seconds...
Objective: minimize cycles
Invoking external constraint solver (OR-Tools CP-SAT v9.15.6755) ...
[0.0117s]: Found 1 solutions so far... objective (minimize cycles): currently  (Cycles ~ 43.0, IPC ~ 0.56), bound  (Cycles ~ 40.0, IPC ~ 0.60)
[0.0125s]: Found 2 solutions so far... objective (minimize cycles): currently  (Cycles ~ 42.0, IPC ~ 0.57), bound  (Cycles ~ 40.0, IPC ~ 0.60)
[0.0129s]: Found 3 solutions so far... objective (minimize cycles): currently  (Cycles ~ 40.0, IPC ~ 0.60), bound  (Cycles ~ 40.0, IPC ~ 0.60)
Closer than 0 stalls to theoretical optimum... stop
OPTIMAL, wall time: 0.015540 s
Booleans in result: 58
OK!
LLVM (llvm-mc, llvm-nm, llvm-readobj) not found, disabling selftest. Consider installing LLVM.
Minimum number of stalls: 34
SLOTHY version: 0.2.0
Instructions in body: 18
Perform internal binary search for minimal number of stalls...
Attempt optimization with max 0 stalls...
Setting timeout of 30 seconds...
Objective: minimize cycles
Invoking external constraint solver (OR-Tools CP-SAT v9.15.6755) ...
INFEASIBLE, wall time: 0.000214 s
Attempt optimization with max 1 stalls...
Setting timeout of 30 seconds...
Objective: minimize cycles
Invoking external constraint solver (OR-Tools CP-SAT v9.15.6755) ...
INFEASIBLE, wall time: 0.000598 s
Attempt optimization with max 2 stalls...
Setting timeout of 30 seconds...
Objective: minimize cycles
Invoking external constraint solver (OR-Tools CP-SAT v9.15.6755) ...
INFEASIBLE, wall time: 0.000663 s
Attempt optimization with max 4 stalls...
Setting timeout of 30 seconds...
Objective: minimize cycles
Invoking external constraint solver (OR-Tools CP-SAT v9.15.6755) ...
INFEASIBLE, wall time: 0.000577 s
Attempt optimization with max 8 stalls...
Setting timeout of 30 seconds...
Objective: minimize cycles
Invoking external constraint solver (OR-Tools CP-SAT v9.15.6755) ...
INFEASIBLE, wall time: 0.000673 s
Attempt optimization with max 16 stalls...
Setting timeout of 30 seconds...
Objective: minimize cycles
Invoking external constraint solver (OR-Tools CP-SAT v9.15.6755) ...
INFEASIBLE, wall time: 0.000641 s
Attempt optimization with max 32 stalls...
Setting timeout of 30 seconds...
Objective: minimize cycles
Invoking external constraint solver (OR-Tools CP-SAT v9.15.6755) ...
[0.0052s]: Found 1 solutions so far... objective (minimize cycles): currently  (Cycles ~ 35.0, IPC ~ 0.51), bound  (Cycles ~ 33.0, IPC ~ 0.55)
[0.0055s]: Found 2 solutions so far... objective (minimize cycles): currently  (Cycles ~ 33.0, IPC ~ 0.55), bound  (Cycles ~ 33.0, IPC ~ 0.55)
Closer than 0 stalls to theoretical optimum... stop
OPTIMAL, wall time: 0.007662 s
Booleans in result: 38
OK!
LLVM (llvm-mc, llvm-nm, llvm-readobj) not found, disabling selftest. Consider installing LLVM.
Minimum number of stalls: 28
SLOTHY version: 0.2.0
Instructions in body: 26
Perform internal binary search for minimal number of stalls...
Attempt optimization with max 0 stalls...
Setting timeout of 30 seconds...
Objective: minimize cycles
Invoking external constraint solver (OR-Tools CP-SAT v9.15.6755) ...
INFEASIBLE, wall time: 0.000551 s
Attempt optimization with max 1 stalls...
Setting timeout of 30 seconds...
Objective: minimize cycles
Invoking external constraint solver (OR-Tools CP-SAT v9.15.6755) ...
INFEASIBLE, wall time: 0.000740 s
Attempt optimization with max 2 stalls...
Setting timeout of 30 seconds...
Objective: minimize cycles
Invoking external constraint solver (OR-Tools CP-SAT v9.15.6755) ...
INFEASIBLE, wall time: 0.000794 s
Attempt optimization with max 4 stalls...
Setting timeout of 30 seconds...
Objective: minimize cycles
Invoking external constraint solver (OR-Tools CP-SAT v9.15.6755) ...
INFEASIBLE, wall time: 0.000719 s
Attempt optimization with max 8 stalls...
Setting timeout of 30 seconds...
Objective: minimize cycles
Invoking external constraint solver (OR-Tools CP-SAT v9.15.6755) ...
INFEASIBLE, wall time: 0.000740 s
Attempt optimization with max 16 stalls...
Setting timeout of 30 seconds...
Objective: minimize cycles
Invoking external constraint solver (OR-Tools CP-SAT v9.15.6755) ...
INFEASIBLE, wall time: 0.000760 s
Attempt optimization with max 32 stalls...
Setting timeout of 30 seconds...
Objective: minimize cycles
Invoking external constraint solver (OR-Tools CP-SAT v9.15.6755) ...
INFEASIBLE, wall time: 0.009726 s
Attempt optimization with max 64 stalls...
Setting timeout of 30 seconds...
Objective: minimize cycles
Invoking external constraint solver (OR-Tools CP-SAT v9.15.6755) ...
[0.0130s]: Found 1 solutions so far... objective (minimize cycles): currently  (Cycles ~ 44.0, IPC ~ 0.59), bound  (Cycles ~ 38.0, IPC ~ 0.68)
[0.0139s]: Found 2 solutions so far... objective (minimize cycles): currently  (Cycles ~ 43.0, IPC ~ 0.60), bound  (Cycles ~ 38.0, IPC ~ 0.68)
[0.0156s]: Found 3 solutions so far... objective (minimize cycles): currently  (Cycles ~ 42.0, IPC ~ 0.62), bound  (Cycles ~ 38.0, IPC ~ 0.68)
[0.0158s]: Found 4 solutions so far... objective (minimize cycles): currently  (Cycles ~ 41.0, IPC ~ 0.63), bound  (Cycles ~ 38.0, IPC ~ 0.68)
[0.0167s]: Found 5 solutions so far... objective (minimize cycles): currently  (Cycles ~ 40.0, IPC ~ 0.65), bound  (Cycles ~ 38.0, IPC ~ 0.68)
OPTIMAL, wall time: 0.019804 s
Booleans in result: 23
OK!
LLVM (llvm-mc, llvm-nm, llvm-readobj) not found, disabling selftest. Consider installing LLVM.
Minimum number of stalls: 33
SLOTHY version: 0.2.0
Instructions in body: 17
Perform internal binary search for minimal number of stalls...
Attempt optimization with max 0 stalls...
Setting timeout of 30 seconds...
Objective: minimize cycles
Invoking external constraint solver (OR-Tools CP-SAT v9.15.6755) ...
INFEASIBLE, wall time: 0.000157 s
Attempt optimization with max 1 stalls...
Setting timeout of 30 seconds...
Objective: minimize cycles
Invoking external constraint solver (OR-Tools CP-SAT v9.15.6755) ...
INFEASIBLE, wall time: 0.000578 s
Attempt optimization with max 2 stalls...
Setting timeout of 30 seconds...
Objective: minimize cycles
Invoking external constraint solver (OR-Tools CP-SAT v9.15.6755) ...
INFEASIBLE, wall time: 0.000637 s
Attempt optimization with max 4 stalls...
Setting timeout of 30 seconds...
Objective: minimize cycles
Invoking external constraint solver (OR-Tools CP-SAT v9.15.6755) ...
INFEASIBLE, wall time: 0.000574 s
Attempt optimization with max 8 stalls...
Setting timeout of 30 seconds...
Objective: minimize cycles
Invoking external constraint solver (OR-Tools CP-SAT v9.15.6755) ...
INFEASIBLE, wall time: 0.000551 s
Attempt optimization with max 16 stalls...
Setting timeout of 30 seconds...
Objective: minimize cycles
Invoking external constraint solver (OR-Tools CP-SAT v9.15.6755) ...
INFEASIBLE, wall time: 0.000673 s
Attempt optimization with max 32 stalls...
Setting timeout of 30 seconds...
Objective: minimize cycles
Invoking external constraint solver (OR-Tools CP-SAT v9.15.6755) ...
[0.0053s]: Found 1 solutions so far... objective (minimize cycles): currently  (Cycles ~ 33.0, IPC ~ 0.52), bound  (Cycles ~ 31.0, IPC ~ 0.55)
[0.0055s]: Found 2 solutions so far... objective (minimize cycles): currently  (Cycles ~ 31.0, IPC ~ 0.55), bound  (Cycles ~ 31.0, IPC ~ 0.55)
Closer than 0 stalls to theoretical optimum... stop
OPTIMAL, wall time: 0.007619 s
Booleans in result: 37
OK!
LLVM (llvm-mc, llvm-nm, llvm-readobj) not found, disabling selftest. Consider installing LLVM.
Minimum number of stalls: 26
SLOTHY version: 0.2.0
Instructions in body: 20
Perform internal binary search for minimal number of stalls...
Attempt optimization with max 0 stalls...
Setting timeout of 30 seconds...
Objective: minimize cycles
Invoking external constraint solver (OR-Tools CP-SAT v9.15.6755) ...
INFEASIBLE, wall time: 0.000205 s
Attempt optimization with max 1 stalls...
Setting timeout of 30 seconds...
Objective: minimize cycles
Invoking external constraint solver (OR-Tools CP-SAT v9.15.6755) ...
INFEASIBLE, wall time: 0.000689 s
Attempt optimization with max 2 stalls...
Setting timeout of 30 seconds...
Objective: minimize cycles
Invoking external constraint solver (OR-Tools CP-SAT v9.15.6755) ...
INFEASIBLE, wall time: 0.000724 s
Attempt optimization with max 4 stalls...
Setting timeout of 30 seconds...
Objective: minimize cycles
Invoking external constraint solver (OR-Tools CP-SAT v9.15.6755) ...
INFEASIBLE, wall time: 0.000732 s
Attempt optimization with max 8 stalls...
Setting timeout of 30 seconds...
Objective: minimize cycles
Invoking external constraint solver (OR-Tools CP-SAT v9.15.6755) ...
INFEASIBLE, wall time: 0.000741 s
Attempt optimization with max 16 stalls...
Setting timeout of 30 seconds...
Objective: minimize cycles
Invoking external constraint solver (OR-Tools CP-SAT v9.15.6755) ...
INFEASIBLE, wall time: 0.000998 s
Attempt optimization with max 32 stalls...
Setting timeout of 30 seconds...
Objective: minimize cycles
Invoking external constraint solver (OR-Tools CP-SAT v9.15.6755) ...
[0.0074s]: Found 1 solutions so far... objective (minimize cycles): currently  (Cycles ~ 37.0, IPC ~ 0.54), bound  (Cycles ~ 33.0, IPC ~ 0.61)
[0.0078s]: Found 2 solutions so far... objective (minimize cycles): currently  (Cycles ~ 34.0, IPC ~ 0.59), bound  (Cycles ~ 33.0, IPC ~ 0.61)
OPTIMAL, wall time: 0.010531 s
Booleans in result: 44
OK!
LLVM (llvm-mc, llvm-nm, llvm-readobj) not found, disabling selftest. Consider installing LLVM.
Minimum number of stalls: 29
SLOTHY version: 0.2.0
Instructions in body: 17
Perform internal binary search for minimal number of stalls...
Attempt optimization with max 0 stalls...
Setting timeout of 30 seconds...
Objective: minimize cycles
Invoking external constraint solver (OR-Tools CP-SAT v9.15.6755) ...
INFEASIBLE, wall time: 0.000312 s
Attempt optimization with max 1 stalls...
Setting timeout of 30 seconds...
Objective: minimize cycles
Invoking external constraint solver (OR-Tools CP-SAT v9.15.6755) ...
INFEASIBLE, wall time: 0.000909 s
Attempt optimization with max 2 stalls...
Setting timeout of 30 seconds...
Objective: minimize cycles
Invoking external constraint solver (OR-Tools CP-SAT v9.15.6755) ...
INFEASIBLE, wall time: 0.000709 s
Attempt optimization with max 4 stalls...
Setting timeout of 30 seconds...
Objective: minimize cycles
Invoking external constraint solver (OR-Tools CP-SAT v9.15.6755) ...
INFEASIBLE, wall time: 0.000694 s
Attempt optimization with max 8 stalls...
Setting timeout of 30 seconds...
Objective: minimize cycles
Invoking external constraint solver (OR-Tools CP-SAT v9.15.6755) ...
INFEASIBLE, wall time: 0.001189 s
Attempt optimization with max 16 stalls...
Setting timeout of 30 seconds...
Objective: minimize cycles
Invoking external constraint solver (OR-Tools CP-SAT v9.15.6755) ...
INFEASIBLE, wall time: 0.000599 s
Attempt optimization with max 32 stalls...
Setting timeout of 30 seconds...
Objective: minimize cycles
Invoking external constraint solver (OR-Tools CP-SAT v9.15.6755) ...
[0.0076s]: Found 1 solutions so far... objective (minimize cycles): currently  (Cycles ~ 31.0, IPC ~ 0.55), bound  (Cycles ~ 31.0, IPC ~ 0.55)
Closer than 0 stalls to theoretical optimum... stop
OPTIMAL, wall time: 0.010119 s
Booleans in result: 23
OK!
LLVM (llvm-mc, llvm-nm, llvm-readobj) not found, disabling selftest. Consider installing LLVM.
Minimum number of stalls: 26
SLOTHY version: 0.2.0
Instructions in body: 21
Perform internal binary search for minimal number of stalls...
Attempt optimization with max 0 stalls...
Setting timeout of 30 seconds...
Objective: minimize cycles
Invoking external constraint solver (OR-Tools CP-SAT v9.15.6755) ...
INFEASIBLE, wall time: 0.000610 s
Attempt optimization with max 1 stalls...
Setting timeout of 30 seconds...
Objective: minimize cycles
Invoking external constraint solver (OR-Tools CP-SAT v9.15.6755) ...
INFEASIBLE, wall time: 0.000712 s
Attempt optimization with max 2 stalls...
Setting timeout of 30 seconds...
Objective: minimize cycles
Invoking external constraint solver (OR-Tools CP-SAT v9.15.6755) ...
INFEASIBLE, wall time: 0.000746 s
Attempt optimization with max 4 stalls...
Setting timeout of 30 seconds...
Objective: minimize cycles
Invoking external constraint solver (OR-Tools CP-SAT v9.15.6755) ...
INFEASIBLE, wall time: 0.001061 s
Attempt optimization with max 8 stalls...
Setting timeout of 30 seconds...
Objective: minimize cycles
Invoking external constraint solver (OR-Tools CP-SAT v9.15.6755) ...
INFEASIBLE, wall time: 0.000884 s
Attempt optimization with max 16 stalls...
Setting timeout of 30 seconds...
Objective: minimize cycles
Invoking external constraint solver (OR-Tools CP-SAT v9.15.6755) ...
INFEASIBLE, wall time: 0.000773 s
Attempt optimization with max 32 stalls...
Setting timeout of 30 seconds...
Objective: minimize cycles
Invoking external constraint solver (OR-Tools CP-SAT v9.15.6755) ...
INFEASIBLE, wall time: 0.000733 s
Attempt optimization with max 64 stalls...
Setting timeout of 30 seconds...
Objective: minimize cycles
Invoking external constraint solver (OR-Tools CP-SAT v9.15.6755) ...
[0.0110s]: Found 1 solutions so far... objective (minimize cycles): currently  (Cycles ~ 42.0, IPC ~ 0.50), bound  (Cycles ~ 40.0, IPC ~ 0.53)
[0.0113s]: Found 2 solutions so far... objective (minimize cycles): currently  (Cycles ~ 40.0, IPC ~ 0.53), bound  (Cycles ~ 40.0, IPC ~ 0.53)
Closer than 0 stalls to theoretical optimum... stop
OPTIMAL, wall time: 0.013641 s
Booleans in result: 51
OK!
LLVM (llvm-mc, llvm-nm, llvm-readobj) not found, disabling selftest. Consider installing LLVM.
Minimum number of stalls: 34
SLOTHY version: 0.2.0
Instructions in body: 16
Perform internal binary search for minimal number of stalls...
Attempt optimization with max 0 stalls...
Setting timeout of 30 seconds...
Objective: minimize cycles
Invoking external constraint solver (OR-Tools CP-SAT v9.15.6755) ...
INFEASIBLE, wall time: 0.000193 s
Attempt optimization with max 1 stalls...
Setting timeout of 30 seconds...
Objective: minimize cycles
Invoking external constraint solver (OR-Tools CP-SAT v9.15.6755) ...
INFEASIBLE, wall time: 0.000630 s
Attempt optimization with max 2 stalls...
Setting timeout of 30 seconds...
Objective: minimize cycles
Invoking external constraint solver (OR-Tools CP-SAT v9.15.6755) ...
INFEASIBLE, wall time: 0.000593 s
Attempt optimization with max 4 stalls...
Setting timeout of 30 seconds...
Objective: minimize cycles
Invoking external constraint solver (OR-Tools CP-SAT v9.15.6755) ...
INFEASIBLE, wall time: 0.000561 s
Attempt optimization with max 8 stalls...
Setting timeout of 30 seconds...
Objective: minimize cycles
Invoking external constraint solver (OR-Tools CP-SAT v9.15.6755) ...
INFEASIBLE, wall time: 0.000558 s
Attempt optimization with max 16 stalls...
Setting timeout of 30 seconds...
Objective: minimize cycles
Invoking external constraint solver (OR-Tools CP-SAT v9.15.6755) ...
INFEASIBLE, wall time: 0.000540 s
Attempt optimization with max 32 stalls...
Setting timeout of 30 seconds...
Objective: minimize cycles
Invoking external constraint solver (OR-Tools CP-SAT v9.15.6755) ...
[0.0052s]: Found 1 solutions so far... objective (minimize cycles): currently  (Cycles ~ 32.0, IPC ~ 0.50), bound  (Cycles ~ 31.0, IPC ~ 0.52)
[0.0055s]: Found 2 solutions so far... objective (minimize cycles): currently  (Cycles ~ 31.0, IPC ~ 0.52), bound  (Cycles ~ 31.0, IPC ~ 0.52)
Closer than 0 stalls to theoretical optimum... stop
OPTIMAL, wall time: 0.007813 s
Booleans in result: 34
OK!
LLVM (llvm-mc, llvm-nm, llvm-readobj) not found, disabling selftest. Consider installing LLVM.
Minimum number of stalls: 27
SLOTHY version: 0.2.0
Instructions in body: 17
Perform internal binary search for minimal number of stalls...
Attempt optimization with max 0 stalls...
Setting timeout of 30 seconds...
Objective: minimize cycles
Invoking external constraint solver (OR-Tools CP-SAT v9.15.6755) ...
INFEASIBLE, wall time: 0.000225 s
Attempt optimization with max 1 stalls...
Setting timeout of 30 seconds...
Objective: minimize cycles
Invoking external constraint solver (OR-Tools CP-SAT v9.15.6755) ...
INFEASIBLE, wall time: 0.000637 s
Attempt optimization with max 2 stalls...
Setting timeout of 30 seconds...
Objective: minimize cycles
Invoking external constraint solver (OR-Tools CP-SAT v9.15.6755) ...
INFEASIBLE, wall time: 0.000614 s
Attempt optimization with max 4 stalls...
Setting timeout of 30 seconds...
Objective: minimize cycles
Invoking external constraint solver (OR-Tools CP-SAT v9.15.6755) ...
INFEASIBLE, wall time: 0.000602 s
Attempt optimization with max 8 stalls...
Setting timeout of 30 seconds...
Objective: minimize cycles
Invoking external constraint solver (OR-Tools CP-SAT v9.15.6755) ...
INFEASIBLE, wall time: 0.000580 s
Attempt optimization with max 16 stalls...
Setting timeout of 30 seconds...
Objective: minimize cycles
Invoking external constraint solver (OR-Tools CP-SAT v9.15.6755) ...
INFEASIBLE, wall time: 0.000531 s
Attempt optimization with max 32 stalls...
Setting timeout of 30 seconds...
Objective: minimize cycles
Invoking external constraint solver (OR-Tools CP-SAT v9.15.6755) ...
[0.0049s]: Found 1 solutions so far... objective (minimize cycles): currently  (Cycles ~ 34.0, IPC ~ 0.50), bound  (Cycles ~ 33.0, IPC ~ 0.52)
[0.0054s]: Found 2 solutions so far... objective (minimize cycles): currently  (Cycles ~ 33.0, IPC ~ 0.52), bound  (Cycles ~ 33.0, IPC ~ 0.52)
Closer than 0 stalls to theoretical optimum... stop
OPTIMAL, wall time: 0.007398 s
Booleans in result: 14
OK!
LLVM (llvm-mc, llvm-nm, llvm-readobj) not found, disabling selftest. Consider installing LLVM.
Minimum number of stalls: 28
SLOTHY version: 0.2.0
Instructions in body: 16
Perform internal binary search for minimal number of stalls...
Attempt optimization with max 0 stalls...
Setting timeout of 30 seconds...
Objective: minimize cycles
Invoking external constraint solver (OR-Tools CP-SAT v9.15.6755) ...
INFEASIBLE, wall time: 0.000218 s
Attempt optimization with max 1 stalls...
Setting timeout of 30 seconds...
Objective: minimize cycles
Invoking external constraint solver (OR-Tools CP-SAT v9.15.6755) ...
INFEASIBLE, wall time: 0.000567 s
Attempt optimization with max 2 stalls...
Setting timeout of 30 seconds...
Objective: minimize cycles
Invoking external constraint solver (OR-Tools CP-SAT v9.15.6755) ...
INFEASIBLE, wall time: 0.000523 s
Attempt optimization with max 4 stalls...
Setting timeout of 30 seconds...
Objective: minimize cycles
Invoking external constraint solver (OR-Tools CP-SAT v9.15.6755) ...
INFEASIBLE, wall time: 0.000622 s
Attempt optimization with max 8 stalls...
Setting timeout of 30 seconds...
Objective: minimize cycles
Invoking external constraint solver (OR-Tools CP-SAT v9.15.6755) ...
INFEASIBLE, wall time: 0.000524 s
Attempt optimization with max 16 stalls...
Setting timeout of 30 seconds...
Objective: minimize cycles
Invoking external constraint solver (OR-Tools CP-SAT v9.15.6755) ...
INFEASIBLE, wall time: 0.000484 s
Attempt optimization with max 32 stalls...
Setting timeout of 30 seconds...
Objective: minimize cycles
Invoking external constraint solver (OR-Tools CP-SAT v9.15.6755) ...
[0.0052s]: Found 1 solutions so far... objective (minimize cycles): currently  (Cycles ~ 36.0, IPC ~ 0.44), bound  (Cycles ~ 31.0, IPC ~ 0.52)
[0.0054s]: Found 2 solutions so far... objective (minimize cycles): currently  (Cycles ~ 31.0, IPC ~ 0.52), bound  (Cycles ~ 31.0, IPC ~ 0.52)
Closer than 0 stalls to theoretical optimum... stop
OPTIMAL, wall time: 0.007566 s
Booleans in result: 35
OK!
LLVM (llvm-mc, llvm-nm, llvm-readobj) not found, disabling selftest. Consider installing LLVM.
Minimum number of stalls: 27
SLOTHY version: 0.2.0
Instructions in body: 26
Perform internal binary search for minimal number of stalls...
Attempt optimization with max 0 stalls...
Setting timeout of 30 seconds...
Objective: minimize cycles
Invoking external constraint solver (OR-Tools CP-SAT v9.15.6755) ...
INFEASIBLE, wall time: 0.000642 s
Attempt optimization with max 1 stalls...
Setting timeout of 30 seconds...
Objective: minimize cycles
Invoking external constraint solver (OR-Tools CP-SAT v9.15.6755) ...
INFEASIBLE, wall time: 0.000875 s
Attempt optimization with max 2 stalls...
Setting timeout of 30 seconds...
Objective: minimize cycles
Invoking external constraint solver (OR-Tools CP-SAT v9.15.6755) ...
INFEASIBLE, wall time: 0.000745 s
Attempt optimization with max 4 stalls...
Setting timeout of 30 seconds...
Objective: minimize cycles
Invoking external constraint solver (OR-Tools CP-SAT v9.15.6755) ...
INFEASIBLE, wall time: 0.000721 s
Attempt optimization with max 8 stalls...
Setting timeout of 30 seconds...
Objective: minimize cycles
Invoking external constraint solver (OR-Tools CP-SAT v9.15.6755) ...
INFEASIBLE, wall time: 0.000744 s
Attempt optimization with max 16 stalls...
Setting timeout of 30 seconds...
Objective: minimize cycles
Invoking external constraint solver (OR-Tools CP-SAT v9.15.6755) ...
INFEASIBLE, wall time: 0.000823 s
Attempt optimization with max 32 stalls...
Setting timeout of 30 seconds...
Objective: minimize cycles
Invoking external constraint solver (OR-Tools CP-SAT v9.15.6755) ...
INFEASIBLE, wall time: 0.009529 s
Attempt optimization with max 64 stalls...
Setting timeout of 30 seconds...
Objective: minimize cycles
Invoking external constraint solver (OR-Tools CP-SAT v9.15.6755) ...
[0.0125s]: Found 1 solutions so far... objective (minimize cycles): currently  (Cycles ~ 44.0, IPC ~ 0.59), bound  (Cycles ~ 38.0, IPC ~ 0.68)
[0.0136s]: Found 2 solutions so far... objective (minimize cycles): currently  (Cycles ~ 43.0, IPC ~ 0.60), bound  (Cycles ~ 38.0, IPC ~ 0.68)
[0.0146s]: Found 3 solutions so far... objective (minimize cycles): currently  (Cycles ~ 42.0, IPC ~ 0.62), bound  (Cycles ~ 38.0, IPC ~ 0.68)
[0.0151s]: Found 4 solutions so far... objective (minimize cycles): currently  (Cycles ~ 40.0, IPC ~ 0.65), bound  (Cycles ~ 38.0, IPC ~ 0.68)
OPTIMAL, wall time: 0.018195 s
Booleans in result: 23
OK!
LLVM (llvm-mc, llvm-nm, llvm-readobj) not found, disabling selftest. Consider installing LLVM.
Minimum number of stalls: 33
SLOTHY version: 0.2.0
Instructions in body: 17
Perform internal binary search for minimal number of stalls...
Attempt optimization with max 0 stalls...
Setting timeout of 30 seconds...
Objective: minimize cycles
Invoking external constraint solver (OR-Tools CP-SAT v9.15.6755) ...
INFEASIBLE, wall time: 0.000173 s
Attempt optimization with max 1 stalls...
Setting timeout of 30 seconds...
Objective: minimize cycles
Invoking external constraint solver (OR-Tools CP-SAT v9.15.6755) ...
INFEASIBLE, wall time: 0.000583 s
Attempt optimization with max 2 stalls...
Setting timeout of 30 seconds...
Objective: minimize cycles
Invoking external constraint solver (OR-Tools CP-SAT v9.15.6755) ...
INFEASIBLE, wall time: 0.000585 s
Attempt optimization with max 4 stalls...
Setting timeout of 30 seconds...
Objective: minimize cycles
Invoking external constraint solver (OR-Tools CP-SAT v9.15.6755) ...
INFEASIBLE, wall time: 0.000698 s
Attempt optimization with max 8 stalls...
Setting timeout of 30 seconds...
Objective: minimize cycles
Invoking external constraint solver (OR-Tools CP-SAT v9.15.6755) ...
INFEASIBLE, wall time: 0.000681 s
Attempt optimization with max 16 stalls...
Setting timeout of 30 seconds...
Objective: minimize cycles
Invoking external constraint solver (OR-Tools CP-SAT v9.15.6755) ...
INFEASIBLE, wall time: 0.000635 s
Attempt optimization with max 32 stalls...
Setting timeout of 30 seconds...
Objective: minimize cycles
Invoking external constraint solver (OR-Tools CP-SAT v9.15.6755) ...
[0.0050s]: Found 1 solutions so far... objective (minimize cycles): currently  (Cycles ~ 33.0, IPC ~ 0.52), bound  (Cycles ~ 31.0, IPC ~ 0.55)
[0.0053s]: Found 2 solutions so far... objective (minimize cycles): currently  (Cycles ~ 31.0, IPC ~ 0.55), bound  (Cycles ~ 31.0, IPC ~ 0.55)
Closer than 0 stalls to theoretical optimum... stop
OPTIMAL, wall time: 0.007243 s
Booleans in result: 0
OK!
LLVM (llvm-mc, llvm-nm, llvm-readobj) not found, disabling selftest. Consider installing LLVM.
Minimum number of stalls: 26
SLOTHY version: 0.2.0
Instructions in body: 20
Perform internal binary search for minimal number of stalls...
Attempt optimization with max 0 stalls...
Setting timeout of 30 seconds...
Objective: minimize cycles
Invoking external constraint solver (OR-Tools CP-SAT v9.15.6755) ...
INFEASIBLE, wall time: 0.000213 s
Attempt optimization with max 1 stalls...
Setting timeout of 30 seconds...
Objective: minimize cycles
Invoking external constraint solver (OR-Tools CP-SAT v9.15.6755) ...
INFEASIBLE, wall time: 0.000722 s
Attempt optimization with max 2 stalls...
Setting timeout of 30 seconds...
Objective: minimize cycles
Invoking external constraint solver (OR-Tools CP-SAT v9.15.6755) ...
INFEASIBLE, wall time: 0.000710 s
Attempt optimization with max 4 stalls...
Setting timeout of 30 seconds...
Objective: minimize cycles
Invoking external constraint solver (OR-Tools CP-SAT v9.15.6755) ...
INFEASIBLE, wall time: 0.000654 s
Attempt optimization with max 8 stalls...
Setting timeout of 30 seconds...
Objective: minimize cycles
Invoking external constraint solver (OR-Tools CP-SAT v9.15.6755) ...
INFEASIBLE, wall time: 0.000680 s
Attempt optimization with max 16 stalls...
Setting timeout of 30 seconds...
Objective: minimize cycles
Invoking external constraint solver (OR-Tools CP-SAT v9.15.6755) ...
INFEASIBLE, wall time: 0.000728 s
Attempt optimization with max 32 stalls...
Setting timeout of 30 seconds...
Objective: minimize cycles
Invoking external constraint solver (OR-Tools CP-SAT v9.15.6755) ...
[0.0060s]: Found 1 solutions so far... objective (minimize cycles): currently  (Cycles ~ 37.0, IPC ~ 0.54), bound  (Cycles ~ 33.0, IPC ~ 0.61)
[0.0065s]: Found 2 solutions so far... objective (minimize cycles): currently  (Cycles ~ 34.0, IPC ~ 0.59), bound  (Cycles ~ 33.0, IPC ~ 0.61)
OPTIMAL, wall time: 0.009100 s
Booleans in result: 61
OK!
LLVM (llvm-mc, llvm-nm, llvm-readobj) not found, disabling selftest. Consider installing LLVM.
Minimum number of stalls: 29
SLOTHY version: 0.2.0
Instructions in body: 17
Perform internal binary search for minimal number of stalls...
Attempt optimization with max 0 stalls...
Setting timeout of 30 seconds...
Objective: minimize cycles
Invoking external constraint solver (OR-Tools CP-SAT v9.15.6755) ...
INFEASIBLE, wall time: 0.000252 s
Attempt optimization with max 1 stalls...
Setting timeout of 30 seconds...
Objective: minimize cycles
Invoking external constraint solver (OR-Tools CP-SAT v9.15.6755) ...
INFEASIBLE, wall time: 0.000604 s
Attempt optimization with max 2 stalls...
Setting timeout of 30 seconds...
Objective: minimize cycles
Invoking external constraint solver (OR-Tools CP-SAT v9.15.6755) ...
INFEASIBLE, wall time: 0.000823 s
Attempt optimization with max 4 stalls...
Setting timeout of 30 seconds...
Objective: minimize cycles
Invoking external constraint solver (OR-Tools CP-SAT v9.15.6755) ...
INFEASIBLE, wall time: 0.000718 s
Attempt optimization with max 8 stalls...
Setting timeout of 30 seconds...
Objective: minimize cycles
Invoking external constraint solver (OR-Tools CP-SAT v9.15.6755) ...
INFEASIBLE, wall time: 0.000581 s
Attempt optimization with max 16 stalls...
Setting timeout of 30 seconds...
Objective: minimize cycles
Invoking external constraint solver (OR-Tools CP-SAT v9.15.6755) ...
INFEASIBLE, wall time: 0.000941 s
Attempt optimization with max 32 stalls...
Setting timeout of 30 seconds...
Objective: minimize cycles
Invoking external constraint solver (OR-Tools CP-SAT v9.15.6755) ...
[0.0054s]: Found 1 solutions so far... objective (minimize cycles): currently  (Cycles ~ 33.0, IPC ~ 0.52), bound  (Cycles ~ 31.0, IPC ~ 0.55)
[0.0059s]: Found 2 solutions so far... objective (minimize cycles): currently  (Cycles ~ 32.0, IPC ~ 0.53), bound  (Cycles ~ 31.0, IPC ~ 0.55)
[0.0065s]: Found 3 solutions so far... objective (minimize cycles): currently  (Cycles ~ 31.0, IPC ~ 0.55), bound  (Cycles ~ 31.0, IPC ~ 0.55)
Closer than 0 stalls to theoretical optimum... stop
OPTIMAL, wall time: 0.008439 s
Booleans in result: 0
OK!
LLVM (llvm-mc, llvm-nm, llvm-readobj) not found, disabling selftest. Consider installing LLVM.
Minimum number of stalls: 26
SLOTHY version: 0.2.0
Instructions in body: 21
Perform internal binary search for minimal number of stalls...
Attempt optimization with max 0 stalls...
Setting timeout of 30 seconds...
Objective: minimize cycles
Invoking external constraint solver (OR-Tools CP-SAT v9.15.6755) ...
INFEASIBLE, wall time: 0.000601 s
Attempt optimization with max 1 stalls...
Setting timeout of 30 seconds...
Objective: minimize cycles
Invoking external constraint solver (OR-Tools CP-SAT v9.15.6755) ...
INFEASIBLE, wall time: 0.000727 s
Attempt optimization with max 2 stalls...
Setting timeout of 30 seconds...
Objective: minimize cycles
Invoking external constraint solver (OR-Tools CP-SAT v9.15.6755) ...
INFEASIBLE, wall time: 0.000712 s
Attempt optimization with max 4 stalls...
Setting timeout of 30 seconds...
Objective: minimize cycles
Invoking external constraint solver (OR-Tools CP-SAT v9.15.6755) ...
INFEASIBLE, wall time: 0.000702 s
Attempt optimization with max 8 stalls...
Setting timeout of 30 seconds...
Objective: minimize cycles
Invoking external constraint solver (OR-Tools CP-SAT v9.15.6755) ...
INFEASIBLE, wall time: 0.000774 s
Attempt optimization with max 16 stalls...
Setting timeout of 30 seconds...
Objective: minimize cycles
Invoking external constraint solver (OR-Tools CP-SAT v9.15.6755) ...
INFEASIBLE, wall time: 0.001181 s
Attempt optimization with max 32 stalls...
Setting timeout of 30 seconds...
Objective: minimize cycles
Invoking external constraint solver (OR-Tools CP-SAT v9.15.6755) ...
INFEASIBLE, wall time: 0.000742 s
Attempt optimization with max 64 stalls...
Setting timeout of 30 seconds...
Objective: minimize cycles
Invoking external constraint solver (OR-Tools CP-SAT v9.15.6755) ...
[0.0107s]: Found 1 solutions so far... objective (minimize cycles): currently  (Cycles ~ 42.0, IPC ~ 0.50), bound  (Cycles ~ 40.0, IPC ~ 0.53)
[0.0110s]: Found 2 solutions so far... objective (minimize cycles): currently  (Cycles ~ 40.0, IPC ~ 0.53), bound  (Cycles ~ 40.0, IPC ~ 0.53)
Closer than 0 stalls to theoretical optimum... stop
OPTIMAL, wall time: 0.013392 s
Booleans in result: 18
OK!
LLVM (llvm-mc, llvm-nm, llvm-readobj) not found, disabling selftest. Consider installing LLVM.
Minimum number of stalls: 34
SLOTHY version: 0.2.0
Instructions in body: 16
Perform internal binary search for minimal number of stalls...
Attempt optimization with max 0 stalls...
Setting timeout of 30 seconds...
Objective: minimize cycles
Invoking external constraint solver (OR-Tools CP-SAT v9.15.6755) ...
INFEASIBLE, wall time: 0.000220 s
Attempt optimization with max 1 stalls...
Setting timeout of 30 seconds...
Objective: minimize cycles
Invoking external constraint solver (OR-Tools CP-SAT v9.15.6755) ...
INFEASIBLE, wall time: 0.000609 s
Attempt optimization with max 2 stalls...
Setting timeout of 30 seconds...
Objective: minimize cycles
Invoking external constraint solver (OR-Tools CP-SAT v9.15.6755) ...
INFEASIBLE, wall time: 0.000560 s
Attempt optimization with max 4 stalls...
Setting timeout of 30 seconds...
Objective: minimize cycles
Invoking external constraint solver (OR-Tools CP-SAT v9.15.6755) ...
INFEASIBLE, wall time: 0.000555 s
Attempt optimization with max 8 stalls...
Setting timeout of 30 seconds...
Objective: minimize cycles
Invoking external constraint solver (OR-Tools CP-SAT v9.15.6755) ...
INFEASIBLE, wall time: 0.000662 s
Attempt optimization with max 16 stalls...
Setting timeout of 30 seconds...
Objective: minimize cycles
Invoking external constraint solver (OR-Tools CP-SAT v9.15.6755) ...
INFEASIBLE, wall time: 0.000599 s
Attempt optimization with max 32 stalls...
Setting timeout of 30 seconds...
Objective: minimize cycles
Invoking external constraint solver (OR-Tools CP-SAT v9.15.6755) ...
[0.0048s]: Found 1 solutions so far... objective (minimize cycles): currently  (Cycles ~ 36.0, IPC ~ 0.44), bound  (Cycles ~ 31.0, IPC ~ 0.52)
[0.0050s]: Found 2 solutions so far... objective (minimize cycles): currently  (Cycles ~ 31.0, IPC ~ 0.52), bound  (Cycles ~ 31.0, IPC ~ 0.52)
Closer than 0 stalls to theoretical optimum... stop
OPTIMAL, wall time: 0.007171 s
Booleans in result: 35
OK!
LLVM (llvm-mc, llvm-nm, llvm-readobj) not found, disabling selftest. Consider installing LLVM.
Minimum number of stalls: 27
SLOTHY version: 0.2.0
Instructions in body: 17
Perform internal binary search for minimal number of stalls...
Attempt optimization with max 0 stalls...
Setting timeout of 30 seconds...
Objective: minimize cycles
Invoking external constraint solver (OR-Tools CP-SAT v9.15.6755) ...
INFEASIBLE, wall time: 0.000218 s
Attempt optimization with max 1 stalls...
Setting timeout of 30 seconds...
Objective: minimize cycles
Invoking external constraint solver (OR-Tools CP-SAT v9.15.6755) ...
INFEASIBLE, wall time: 0.000660 s
Attempt optimization with max 2 stalls...
Setting timeout of 30 seconds...
Objective: minimize cycles
Invoking external constraint solver (OR-Tools CP-SAT v9.15.6755) ...
INFEASIBLE, wall time: 0.000581 s
Attempt optimization with max 4 stalls...
Setting timeout of 30 seconds...
Objective: minimize cycles
Invoking external constraint solver (OR-Tools CP-SAT v9.15.6755) ...
INFEASIBLE, wall time: 0.000573 s
Attempt optimization with max 8 stalls...
Setting timeout of 30 seconds...
Objective: minimize cycles
Invoking external constraint solver (OR-Tools CP-SAT v9.15.6755) ...
INFEASIBLE, wall time: 0.000618 s
Attempt optimization with max 16 stalls...
Setting timeout of 30 seconds...
Objective: minimize cycles
Invoking external constraint solver (OR-Tools CP-SAT v9.15.6755) ...
INFEASIBLE, wall time: 0.000626 s
Attempt optimization with max 32 stalls...
Setting timeout of 30 seconds...
Objective: minimize cycles
Invoking external constraint solver (OR-Tools CP-SAT v9.15.6755) ...
[0.0048s]: Found 1 solutions so far... objective (minimize cycles): currently  (Cycles ~ 34.0, IPC ~ 0.50), bound  (Cycles ~ 33.0, IPC ~ 0.52)
[0.0050s]: Found 2 solutions so far... objective (minimize cycles): currently  (Cycles ~ 33.0, IPC ~ 0.52), bound  (Cycles ~ 33.0, IPC ~ 0.52)
Closer than 0 stalls to theoretical optimum... stop
OPTIMAL, wall time: 0.007048 s
Booleans in result: 37
OK!
LLVM (llvm-mc, llvm-nm, llvm-readobj) not found, disabling selftest. Consider installing LLVM.
Minimum number of stalls: 28
SLOTHY version: 0.2.0
Instructions in body: 16
Perform internal binary search for minimal number of stalls...
Attempt optimization with max 0 stalls...
Setting timeout of 30 seconds...
Objective: minimize cycles
Invoking external constraint solver (OR-Tools CP-SAT v9.15.6755) ...
INFEASIBLE, wall time: 0.000177 s
Attempt optimization with max 1 stalls...
Setting timeout of 30 seconds...
Objective: minimize cycles
Invoking external constraint solver (OR-Tools CP-SAT v9.15.6755) ...
INFEASIBLE, wall time: 0.000538 s
Attempt optimization with max 2 stalls...
Setting timeout of 30 seconds...
Objective: minimize cycles
Invoking external constraint solver (OR-Tools CP-SAT v9.15.6755) ...
INFEASIBLE, wall time: 0.000513 s
Attempt optimization with max 4 stalls...
Setting timeout of 30 seconds...
Objective: minimize cycles
Invoking external constraint solver (OR-Tools CP-SAT v9.15.6755) ...
INFEASIBLE, wall time: 0.000554 s
Attempt optimization with max 8 stalls...
Setting timeout of 30 seconds...
Objective: minimize cycles
Invoking external constraint solver (OR-Tools CP-SAT v9.15.6755) ...
INFEASIBLE, wall time: 0.000515 s
Attempt optimization with max 16 stalls...
Setting timeout of 30 seconds...
Objective: minimize cycles
Invoking external constraint solver (OR-Tools CP-SAT v9.15.6755) ...
INFEASIBLE, wall time: 0.000511 s
Attempt optimization with max 32 stalls...
Setting timeout of 30 seconds...
Objective: minimize cycles
Invoking external constraint solver (OR-Tools CP-SAT v9.15.6755) ...
[0.0049s]: Found 1 solutions so far... objective (minimize cycles): currently  (Cycles ~ 32.0, IPC ~ 0.50), bound  (Cycles ~ 31.0, IPC ~ 0.52)
[0.0050s]: Found 2 solutions so far... objective (minimize cycles): currently  (Cycles ~ 31.0, IPC ~ 0.52), bound  (Cycles ~ 31.0, IPC ~ 0.52)
Closer than 0 stalls to theoretical optimum... stop
OPTIMAL, wall time: 0.007135 s
Booleans in result: 34
OK!
LLVM (llvm-mc, llvm-nm, llvm-readobj) not found, disabling selftest. Consider installing LLVM.
Minimum number of stalls: 27
