correctness=pass independent_valid_tampered_cases=32 instrumentation_equivalence=pass
cross_version_pk_ct_differences=0
malformed_ciphertext_equivalence=pass cases=32
full,keygen,sc,44311.250,89321.750,1183.500
full,keygen,libgt864,54173.250,120349.750,3462.500
full,keygen,sc,44306.250,89321.750,1183.500
full,keygen,libgt864,54131.750,120349.750,3462.500
full,keygen,sc,44294.500,89321.750,1183.500
full,keygen,libgt864,54118.000,120349.750,3462.500
full,keygen,sc,44308.250,89321.750,1183.500
full,keygen,libgt864,54118.500,120349.750,3462.500
full,keygen,sc,44299.750,89321.750,1183.500
full,keygen,libgt864,54113.500,120349.750,3462.500
full,keygen,sc,44297.000,89321.750,1183.500
full,keygen,libgt864,54133.750,120349.750,3462.500
full,keygen,sc,44324.000,89321.750,1183.500
full,keygen,libgt864,54136.750,120349.750,3462.500
full,keygen,sc,44310.750,89321.750,1183.500
full,keygen,libgt864,54124.500,120349.750,3462.500
full,keygen,sc,44310.750,89321.750,1183.500
full,keygen,libgt864,54140.500,120349.750,3462.500
full,keygen,sc,44300.500,89321.750,1183.500
full,keygen,libgt864,54128.750,120349.750,3462.500
full,keygen,sc,44298.000,89321.750,1183.500
full,keygen,libgt864,54154.250,120349.750,3462.500
full,keygen,sc,44289.750,89321.750,1183.500
full,keygen,libgt864,54227.500,120349.750,3462.500
full,keygen,sc,44305.250,89321.750,1183.500
full,keygen,libgt864,54146.750,120349.750,3462.500
full,keygen,sc,44305.250,89321.750,1183.500
full,keygen,libgt864,54148.750,120349.750,3462.500
full,keygen,sc,44291.750,89321.750,1183.500
full,keygen,libgt864,54122.250,120349.750,3462.500
full,keygen,sc,44310.500,89321.750,1183.500
full,keygen,libgt864,54137.750,120349.750,3462.500
full,keygen,sc,44300.250,89321.750,1183.500
full,keygen,libgt864,54139.000,120349.750,3462.500
full,keygen,sc,44304.250,89321.750,1183.500
full,keygen,libgt864,54134.000,120349.750,3462.500
full,keygen,sc,44302.250,89321.750,1183.500
full,keygen,libgt864,54139.750,120349.750,3462.500
full,keygen,sc,44340.250,89321.750,1183.500
full,keygen,libgt864,54142.000,120349.750,3462.500
full,keygen,sc,44298.250,89321.750,1183.500
full,keygen,libgt864,54134.250,120349.750,3462.500
full,keygen,sc,44298.250,89321.750,1183.500
full,keygen,libgt864,54143.250,120349.750,3462.500
full,keygen,sc,44310.000,89321.750,1183.500
full,keygen,libgt864,54141.750,120349.750,3462.500
full,keygen,sc,44323.000,89321.750,1183.500
full,keygen,libgt864,54138.000,120349.750,3462.500
full,keygen,sc,44311.000,89321.750,1183.500
full,keygen,libgt864,54112.000,120349.750,3462.500
full,keygen,sc,44300.500,89321.750,1183.500
full,keygen,libgt864,54137.000,120349.750,3462.500
full,keygen,sc,44312.750,89321.750,1183.500
full,keygen,libgt864,54131.750,120349.750,3462.500
full,keygen,sc,44317.000,89321.750,1183.500
full,keygen,libgt864,54125.000,120349.750,3462.500
full,keygen,sc,44319.750,89321.750,1183.500
full,keygen,libgt864,54125.000,120349.750,3462.500
full,keygen,sc,44315.500,89321.750,1183.500
full,keygen,libgt864,54137.250,120349.750,3462.500
full,keygen,sc,44326.500,89321.750,1183.500
full,keygen,libgt864,54116.750,120349.750,3462.500
full,keygen,sc,44314.500,89321.750,1183.500
full,keygen,libgt864,54141.500,120349.750,3462.500
full,keygen,sc,44305.750,89321.750,1183.500
full,keygen,libgt864,54124.000,120349.750,3462.500
full,keygen,sc,44310.750,89321.750,1183.500
full,keygen,libgt864,54129.500,120349.750,3462.500
full,keygen,sc,44314.000,89321.750,1183.500
full,keygen,libgt864,54116.750,120349.750,3462.500
full,keygen,sc,44309.250,89321.750,1183.500
full,keygen,libgt864,54124.500,120349.750,3462.500
full,keygen,sc,44301.250,89321.750,1183.500
full,keygen,libgt864,54110.000,120349.750,3462.500
full,keygen,sc,44302.750,89321.750,1183.500
full,keygen,libgt864,54124.250,120349.750,3462.500
full,keygen,sc,44313.500,89321.750,1183.500
full,keygen,libgt864,54112.000,120349.750,3462.500
full,keygen,sc,44318.500,89321.750,1183.500
full,keygen,libgt864,54122.500,120349.750,3462.500
full,keygen,sc,44313.750,89321.750,1183.500
full,keygen,libgt864,54133.000,120349.750,3462.500
full,encaps,sc,46350.000,120822.700,1064.500
full,encaps,libgt864,46065.300,127696.700,1247.500
full,encaps,sc,46355.400,120822.700,1064.500
full,encaps,libgt864,46071.400,127696.700,1247.500
full,encaps,sc,46358.000,120822.700,1064.500
full,encaps,libgt864,46071.300,127696.700,1247.500
full,encaps,sc,46352.600,120822.700,1064.500
full,encaps,libgt864,46080.250,127696.700,1247.500
full,encaps,sc,46362.500,120822.700,1064.500
full,encaps,libgt864,46075.800,127696.700,1247.500
full,encaps,sc,46361.200,120822.700,1064.500
full,encaps,libgt864,46077.150,127696.700,1247.500
full,encaps,sc,46341.200,120822.700,1064.500
full,encaps,libgt864,46085.000,127696.700,1247.500
full,encaps,sc,46357.250,120822.700,1064.500
full,encaps,libgt864,46086.250,127696.700,1247.500
full,encaps,sc,46339.400,120822.700,1064.500
full,encaps,libgt864,46089.350,127696.700,1247.500
full,encaps,sc,46348.550,120822.700,1064.500
full,encaps,libgt864,46080.000,127696.700,1247.500
full,encaps,sc,46354.450,120822.700,1064.500
full,encaps,libgt864,46081.050,127696.700,1247.500
full,encaps,sc,46372.800,120822.700,1064.500
full,encaps,libgt864,46079.750,127696.700,1247.500
full,encaps,sc,46347.850,120822.700,1064.500
full,encaps,libgt864,46070.650,127696.700,1247.500
full,encaps,sc,46379.500,120822.700,1064.500
full,encaps,libgt864,46079.100,127696.700,1247.500
full,encaps,sc,46341.050,120822.700,1064.500
full,encaps,libgt864,46081.700,127696.700,1247.500
full,encaps,sc,46365.450,120822.700,1064.500
full,encaps,libgt864,46071.200,127696.700,1247.500
full,encaps,sc,46343.350,120822.700,1064.500
full,encaps,libgt864,46083.050,127696.700,1247.500
full,encaps,sc,46365.550,120822.700,1064.500
full,encaps,libgt864,46099.100,127696.700,1247.500
full,encaps,sc,46340.550,120822.700,1064.500
full,encaps,libgt864,46087.350,127696.700,1247.500
full,encaps,sc,46357.550,120822.700,1064.500
full,encaps,libgt864,46107.200,127696.700,1247.500
full,encaps,sc,46342.500,120822.700,1064.500
full,encaps,libgt864,46101.150,127696.700,1247.500
full,encaps,sc,46364.350,120822.700,1064.500
full,encaps,libgt864,46084.950,127696.700,1247.500
full,encaps,sc,46357.750,120822.700,1064.500
full,encaps,libgt864,46111.900,127696.700,1247.500
full,encaps,sc,46364.300,120822.700,1064.500
full,encaps,libgt864,46079.700,127696.700,1247.500
full,encaps,sc,46344.550,120822.700,1064.500
full,encaps,libgt864,46087.150,127696.700,1247.500
full,encaps,sc,46362.050,120822.700,1064.500
full,encaps,libgt864,46092.400,127696.700,1247.500
full,encaps,sc,46348.200,120822.700,1064.500
full,encaps,libgt864,46130.750,127696.700,1247.500
full,encaps,sc,46359.350,120822.700,1064.500
full,encaps,libgt864,46094.700,127696.700,1247.500
full,encaps,sc,46347.000,120822.700,1064.500
full,encaps,libgt864,46093.750,127696.700,1247.500
full,encaps,sc,46378.100,120822.700,1064.500
full,encaps,libgt864,46090.500,127696.700,1247.500
full,encaps,sc,46360.600,120822.700,1064.500
full,encaps,libgt864,46089.950,127696.700,1247.500
full,encaps,sc,46383.200,120822.700,1064.500
full,encaps,libgt864,46096.450,127696.700,1247.500
full,encaps,sc,46352.900,120822.700,1064.500
full,encaps,libgt864,46083.050,127696.700,1247.500
full,encaps,sc,46367.000,120822.700,1064.500
full,encaps,libgt864,46085.000,127696.700,1247.500
full,encaps,sc,46352.900,120822.700,1064.500
full,encaps,libgt864,46085.050,127696.700,1247.500
full,encaps,sc,46349.000,120822.700,1064.500
full,encaps,libgt864,46106.100,127696.700,1247.500
full,encaps,sc,46343.150,120822.700,1064.500
full,encaps,libgt864,46082.250,127696.700,1247.500
full,encaps,sc,46364.150,120822.700,1064.500
full,encaps,libgt864,46109.750,127696.700,1247.500
full,encaps,sc,46351.050,120822.700,1064.500
full,encaps,libgt864,46084.800,127696.700,1247.500
full,encaps,sc,46372.100,120822.700,1064.500
full,encaps,libgt864,46082.200,127696.700,1247.500
full,encaps,sc,46358.850,120822.700,1064.500
full,encaps,libgt864,46108.550,127696.700,1247.500
full,decaps,sc,40743.800,86633.700,1076.500
full,decaps,libgt864,44404.650,99735.700,1255.500
full,decaps,sc,40745.600,86633.700,1076.500
full,decaps,libgt864,44398.300,99735.700,1255.500
full,decaps,sc,40741.300,86633.700,1076.500
full,decaps,libgt864,44444.400,99735.700,1255.500
full,decaps,sc,40755.900,86633.700,1076.500
full,decaps,libgt864,44467.050,99735.700,1255.500
full,decaps,sc,40737.850,86633.700,1076.500
full,decaps,libgt864,44441.350,99735.700,1255.500
full,decaps,sc,40736.450,86633.700,1076.500
full,decaps,libgt864,44448.100,99735.700,1255.500
full,decaps,sc,40740.550,86633.700,1076.500
full,decaps,libgt864,44435.700,99735.700,1255.500
full,decaps,sc,40738.100,86633.700,1076.500
full,decaps,libgt864,44443.850,99735.700,1255.500
full,decaps,sc,40745.850,86633.700,1076.500
full,decaps,libgt864,44461.850,99735.700,1255.500
full,decaps,sc,40757.650,86633.700,1076.500
full,decaps,libgt864,44452.450,99735.700,1255.500
full,decaps,sc,40741.400,86633.700,1076.500
full,decaps,libgt864,44445.400,99735.700,1255.500
full,decaps,sc,40746.000,86633.700,1076.500
full,decaps,libgt864,44407.900,99735.700,1255.500
full,decaps,sc,40764.900,86633.700,1076.500
full,decaps,libgt864,44399.100,99735.700,1255.500
full,decaps,sc,40773.600,86633.700,1076.500
full,decaps,libgt864,44408.200,99735.700,1255.500
full,decaps,sc,40752.300,86633.700,1076.500
full,decaps,libgt864,44408.500,99735.700,1255.500
full,decaps,sc,40739.950,86633.700,1076.500
full,decaps,libgt864,44412.600,99735.700,1255.500
full,decaps,sc,40764.600,86633.700,1076.500
full,decaps,libgt864,44411.400,99735.700,1255.500
full,decaps,sc,40740.800,86633.700,1076.500
full,decaps,libgt864,44408.550,99735.700,1255.500
full,decaps,sc,40752.600,86633.700,1076.500
full,decaps,libgt864,44402.450,99735.700,1255.500
full,decaps,sc,40754.600,86633.700,1076.500
full,decaps,libgt864,44405.850,99735.700,1255.500
full,decaps,sc,40753.050,86633.700,1076.500
full,decaps,libgt864,44415.150,99735.700,1255.500
full,decaps,sc,40748.350,86633.700,1076.500
full,decaps,libgt864,44400.250,99735.700,1255.500
full,decaps,sc,40742.450,86633.700,1076.500
full,decaps,libgt864,44406.900,99735.700,1255.500
full,decaps,sc,40764.300,86633.700,1076.500
full,decaps,libgt864,44428.500,99735.700,1255.500
full,decaps,sc,40756.100,86633.700,1076.500
full,decaps,libgt864,44403.450,99735.700,1255.500
full,decaps,sc,40752.400,86633.700,1076.500
full,decaps,libgt864,44411.600,99735.700,1255.500
full,decaps,sc,40749.100,86633.700,1076.500
full,decaps,libgt864,44415.900,99735.700,1255.500
full,decaps,sc,40742.200,86633.700,1076.500
full,decaps,libgt864,44435.000,99735.700,1255.500
full,decaps,sc,40761.700,86633.700,1076.500
full,decaps,libgt864,44417.900,99735.700,1255.500
full,decaps,sc,40741.800,86633.700,1076.500
full,decaps,libgt864,44419.150,99735.700,1255.500
full,decaps,sc,40747.400,86633.700,1076.500
full,decaps,libgt864,44416.800,99735.700,1255.500
full,decaps,sc,40744.900,86633.700,1076.500
full,decaps,libgt864,44417.950,99735.700,1255.500
full,decaps,sc,40746.200,86633.700,1076.500
full,decaps,libgt864,44447.850,99735.700,1255.500
full,decaps,sc,40743.150,86633.700,1076.500
full,decaps,libgt864,44425.050,99735.700,1255.500
full,decaps,sc,40765.050,86633.700,1076.500
full,decaps,libgt864,44437.250,99735.700,1255.500
full,decaps,sc,40736.450,86633.700,1076.500
full,decaps,libgt864,44434.250,99735.700,1255.500
full,decaps,sc,40757.700,86633.700,1076.500
full,decaps,libgt864,44443.600,99735.700,1255.500
full,decaps,sc,40738.700,86633.700,1076.500
full,decaps,libgt864,44392.700,99735.700,1255.500
full,decaps,sc,40733.100,86633.700,1076.500
full,decaps,libgt864,44411.100,99735.700,1255.500
full,decaps,sc,40747.350,86633.700,1076.500
full,decaps,libgt864,44434.100,99735.700,1255.500
full,decaps,sc,40747.700,86633.700,1076.500
full,decaps,libgt864,44422.900,99735.700,1255.500
profiler_empty_boundary_cycles=67.005
profile,keygen,sc,poly_tobytes,3,3363.985
profile,keygen,sc,poly_cbd1,2,805.990
profile,keygen,sc,poly_ntt,2,7533.990
profile,keygen,sc,poly_baseinv,2,8498.990
profile,keygen,sc,poly_basemul,2,4876.990
profile,keygen,sc,poly_triple,2,483.990
profile,keygen,sc,hash_f,1,13296.995
profile,keygen,sc,shake256,2,5538.990
profile,keygen,sc,randombytes,2,315.990
profile,keygen,libgt864,poly_tobytes,3,5672.985
profile,keygen,libgt864,poly_cbd1,2,757.990
profile,keygen,libgt864,poly_ntt,2,6816.990
profile,keygen,libgt864,poly_baseinv,2,17571.990
profile,keygen,libgt864,poly_basemul,2,4357.990
profile,keygen,libgt864,poly_triple,2,488.990
profile,keygen,libgt864,hash_f,1,13292.995
profile,keygen,libgt864,shake256,2,5621.990
profile,keygen,libgt864,randombytes,2,293.990
profile,keygen,sc,poly_tobytes,3,3292.985
profile,keygen,sc,poly_cbd1,2,805.990
profile,keygen,sc,poly_ntt,2,7533.990
profile,keygen,sc,poly_baseinv,2,8393.990
profile,keygen,sc,poly_basemul,2,5157.990
profile,keygen,sc,poly_triple,2,484.990
profile,keygen,sc,hash_f,1,13307.995
profile,keygen,sc,shake256,2,5482.990
profile,keygen,sc,randombytes,2,301.990
profile,keygen,libgt864,poly_tobytes,3,5661.985
profile,keygen,libgt864,poly_cbd1,2,757.990
profile,keygen,libgt864,poly_ntt,2,6817.990
profile,keygen,libgt864,poly_baseinv,2,17604.990
profile,keygen,libgt864,poly_basemul,2,4357.990
profile,keygen,libgt864,poly_triple,2,487.990
profile,keygen,libgt864,hash_f,1,13333.995
profile,keygen,libgt864,shake256,2,5637.990
profile,keygen,libgt864,randombytes,2,275.990
profile,keygen,sc,poly_tobytes,3,3292.985
profile,keygen,sc,poly_cbd1,2,805.990
profile,keygen,sc,poly_ntt,2,7533.990
profile,keygen,sc,poly_baseinv,2,8386.990
profile,keygen,sc,poly_basemul,2,4875.990
profile,keygen,sc,poly_triple,2,483.990
profile,keygen,sc,hash_f,1,13297.995
profile,keygen,sc,shake256,2,5521.990
profile,keygen,sc,randombytes,2,295.990
profile,keygen,libgt864,poly_tobytes,3,5666.985
profile,keygen,libgt864,poly_cbd1,2,757.990
profile,keygen,libgt864,poly_ntt,2,6817.990
profile,keygen,libgt864,poly_baseinv,2,17580.990
profile,keygen,libgt864,poly_basemul,2,4357.990
profile,keygen,libgt864,poly_triple,2,487.990
profile,keygen,libgt864,hash_f,1,13250.995
profile,keygen,libgt864,shake256,2,5609.990
profile,keygen,libgt864,randombytes,2,277.990
profile,keygen,sc,poly_tobytes,3,3292.985
profile,keygen,sc,poly_cbd1,2,805.990
profile,keygen,sc,poly_ntt,2,7533.990
profile,keygen,sc,poly_baseinv,2,8349.990
profile,keygen,sc,poly_basemul,2,4875.990
profile,keygen,sc,poly_triple,2,484.990
profile,keygen,sc,hash_f,1,13269.995
profile,keygen,sc,shake256,2,5487.990
profile,keygen,sc,randombytes,2,295.990
profile,keygen,libgt864,poly_tobytes,3,5671.985
profile,keygen,libgt864,poly_cbd1,2,757.990
profile,keygen,libgt864,poly_ntt,2,6816.990
profile,keygen,libgt864,poly_baseinv,2,17612.990
profile,keygen,libgt864,poly_basemul,2,4357.990
profile,keygen,libgt864,poly_triple,2,488.990
profile,keygen,libgt864,hash_f,1,13263.995
profile,keygen,libgt864,shake256,2,5604.990
profile,keygen,libgt864,randombytes,2,275.990
profile,keygen,sc,poly_tobytes,3,3292.985
profile,keygen,sc,poly_cbd1,2,805.990
profile,keygen,sc,poly_ntt,2,7533.990
profile,keygen,sc,poly_baseinv,2,8345.990
profile,keygen,sc,poly_basemul,2,4875.990
profile,keygen,sc,poly_triple,2,483.990
profile,keygen,sc,hash_f,1,13281.995
profile,keygen,sc,shake256,2,5520.990
profile,keygen,sc,randombytes,2,295.990
profile,keygen,libgt864,poly_tobytes,3,5660.985
profile,keygen,libgt864,poly_cbd1,2,757.990
profile,keygen,libgt864,poly_ntt,2,6816.990
profile,keygen,libgt864,poly_baseinv,2,17593.990
profile,keygen,libgt864,poly_basemul,2,4357.990
profile,keygen,libgt864,poly_triple,2,488.990
profile,keygen,libgt864,hash_f,1,13267.995
profile,keygen,libgt864,shake256,2,5620.990
profile,keygen,libgt864,randombytes,2,280.990
profile,keygen,sc,poly_tobytes,3,3292.985
profile,keygen,sc,poly_cbd1,2,805.990
profile,keygen,sc,poly_ntt,2,7533.990
profile,keygen,sc,poly_baseinv,2,8347.990
profile,keygen,sc,poly_basemul,2,4875.990
profile,keygen,sc,poly_triple,2,483.990
profile,keygen,sc,hash_f,1,13271.995
profile,keygen,sc,shake256,2,5497.990
profile,keygen,sc,randombytes,2,295.990
profile,keygen,libgt864,poly_tobytes,3,5659.985
profile,keygen,libgt864,poly_cbd1,2,757.990
profile,keygen,libgt864,poly_ntt,2,6816.990
profile,keygen,libgt864,poly_baseinv,2,17598.990
profile,keygen,libgt864,poly_basemul,2,4357.990
profile,keygen,libgt864,poly_triple,2,487.990
profile,keygen,libgt864,hash_f,1,13238.995
profile,keygen,libgt864,shake256,2,5600.990
profile,keygen,libgt864,randombytes,2,275.990
profile,keygen,sc,poly_tobytes,3,3292.985
profile,keygen,sc,poly_cbd1,2,805.990
profile,keygen,sc,poly_ntt,2,7533.990
profile,keygen,sc,poly_baseinv,2,8349.990
profile,keygen,sc,poly_basemul,2,4875.990
profile,keygen,sc,poly_triple,2,483.990
profile,keygen,sc,hash_f,1,13273.995
profile,keygen,sc,shake256,2,5503.990
profile,keygen,sc,randombytes,2,294.990
profile,keygen,libgt864,poly_tobytes,3,5683.985
profile,keygen,libgt864,poly_cbd1,2,757.990
profile,keygen,libgt864,poly_ntt,2,6816.990
profile,keygen,libgt864,poly_baseinv,2,17604.990
profile,keygen,libgt864,poly_basemul,2,4357.990
profile,keygen,libgt864,poly_triple,2,487.990
profile,keygen,libgt864,hash_f,1,13261.995
profile,keygen,libgt864,shake256,2,5601.990
profile,keygen,libgt864,randombytes,2,269.990
profile,keygen,sc,poly_tobytes,3,3292.985
profile,keygen,sc,poly_cbd1,2,805.990
profile,keygen,sc,poly_ntt,2,7533.990
profile,keygen,sc,poly_baseinv,2,8349.990
profile,keygen,sc,poly_basemul,2,4875.990
profile,keygen,sc,poly_triple,2,483.990
profile,keygen,sc,hash_f,1,13264.995
profile,keygen,sc,shake256,2,5501.990
profile,keygen,sc,randombytes,2,295.990
profile,keygen,libgt864,poly_tobytes,3,5688.985
profile,keygen,libgt864,poly_cbd1,2,757.990
profile,keygen,libgt864,poly_ntt,2,6807.990
profile,keygen,libgt864,poly_baseinv,2,17567.990
profile,keygen,libgt864,poly_basemul,2,4357.990
profile,keygen,libgt864,poly_triple,2,488.990
profile,keygen,libgt864,hash_f,1,13254.995
profile,keygen,libgt864,shake256,2,5602.990
profile,keygen,libgt864,randombytes,2,275.990
profile,keygen,sc,poly_tobytes,3,3292.985
profile,keygen,sc,poly_cbd1,2,805.990
profile,keygen,sc,poly_ntt,2,7533.990
profile,keygen,sc,poly_baseinv,2,8349.990
profile,keygen,sc,poly_basemul,2,4875.990
profile,keygen,sc,poly_triple,2,483.990
profile,keygen,sc,hash_f,1,13267.995
profile,keygen,sc,shake256,2,5507.990
profile,keygen,sc,randombytes,2,295.990
profile,keygen,libgt864,poly_tobytes,3,5668.985
profile,keygen,libgt864,poly_cbd1,2,757.990
profile,keygen,libgt864,poly_ntt,2,6807.990
profile,keygen,libgt864,poly_baseinv,2,17561.990
profile,keygen,libgt864,poly_basemul,2,4357.990
profile,keygen,libgt864,poly_triple,2,487.990
profile,keygen,libgt864,hash_f,1,13292.995
profile,keygen,libgt864,shake256,2,5601.990
profile,keygen,libgt864,randombytes,2,275.990
profile,keygen,sc,poly_tobytes,3,3292.985
profile,keygen,sc,poly_cbd1,2,805.990
profile,keygen,sc,poly_ntt,2,7533.990
profile,keygen,sc,poly_baseinv,2,8349.990
profile,keygen,sc,poly_basemul,2,4875.990
profile,keygen,sc,poly_triple,2,483.990
profile,keygen,sc,hash_f,1,13271.995
profile,keygen,sc,shake256,2,5521.990
profile,keygen,sc,randombytes,2,295.990
profile,keygen,libgt864,poly_tobytes,3,5667.985
profile,keygen,libgt864,poly_cbd1,2,757.990
profile,keygen,libgt864,poly_ntt,2,6811.990
profile,keygen,libgt864,poly_baseinv,2,17606.990
profile,keygen,libgt864,poly_basemul,2,4357.990
profile,keygen,libgt864,poly_triple,2,487.990
profile,keygen,libgt864,hash_f,1,13283.995
profile,keygen,libgt864,shake256,2,5621.990
profile,keygen,libgt864,randombytes,2,280.990
profile,keygen,sc,poly_tobytes,3,3292.985
profile,keygen,sc,poly_cbd1,2,805.990
profile,keygen,sc,poly_ntt,2,7533.990
profile,keygen,sc,poly_baseinv,2,8349.990
profile,keygen,sc,poly_basemul,2,4875.990
profile,keygen,sc,poly_triple,2,484.990
profile,keygen,sc,hash_f,1,13279.995
profile,keygen,sc,shake256,2,5509.990
profile,keygen,sc,randombytes,2,295.990
profile,keygen,libgt864,poly_tobytes,3,5665.985
profile,keygen,libgt864,poly_cbd1,2,757.990
profile,keygen,libgt864,poly_ntt,2,6816.990
profile,keygen,libgt864,poly_baseinv,2,17568.990
profile,keygen,libgt864,poly_basemul,2,4357.990
profile,keygen,libgt864,poly_triple,2,488.990
profile,keygen,libgt864,hash_f,1,13267.995
profile,keygen,libgt864,shake256,2,5618.990
profile,keygen,libgt864,randombytes,2,275.990
profile,keygen,sc,poly_tobytes,3,3292.985
profile,keygen,sc,poly_cbd1,2,805.990
profile,keygen,sc,poly_ntt,2,7533.990
profile,keygen,sc,poly_baseinv,2,8349.990
profile,keygen,sc,poly_basemul,2,4875.990
profile,keygen,sc,poly_triple,2,483.990
profile,keygen,sc,hash_f,1,13264.995
profile,keygen,sc,shake256,2,5523.990
profile,keygen,sc,randombytes,2,295.990
profile,keygen,libgt864,poly_tobytes,3,5662.985
profile,keygen,libgt864,poly_cbd1,2,757.990
profile,keygen,libgt864,poly_ntt,2,6808.990
profile,keygen,libgt864,poly_baseinv,2,17561.990
profile,keygen,libgt864,poly_basemul,2,4357.990
profile,keygen,libgt864,poly_triple,2,487.990
profile,keygen,libgt864,hash_f,1,13259.995
profile,keygen,libgt864,shake256,2,5617.990
profile,keygen,libgt864,randombytes,2,275.990
profile,keygen,sc,poly_tobytes,3,3292.985
profile,keygen,sc,poly_cbd1,2,805.990
profile,keygen,sc,poly_ntt,2,7533.990
profile,keygen,sc,poly_baseinv,2,8349.990
profile,keygen,sc,poly_basemul,2,4875.990
profile,keygen,sc,poly_triple,2,483.990
profile,keygen,sc,hash_f,1,13258.995
profile,keygen,sc,shake256,2,5511.990
profile,keygen,sc,randombytes,2,295.990
profile,keygen,libgt864,poly_tobytes,3,5663.985
profile,keygen,libgt864,poly_cbd1,2,766.990
profile,keygen,libgt864,poly_ntt,2,6807.990
profile,keygen,libgt864,poly_baseinv,2,17591.990
profile,keygen,libgt864,poly_basemul,2,4357.990
profile,keygen,libgt864,poly_triple,2,488.990
profile,keygen,libgt864,hash_f,1,13266.995
profile,keygen,libgt864,shake256,2,5622.990
profile,keygen,libgt864,randombytes,2,275.990
profile,keygen,sc,poly_tobytes,3,3292.985
profile,keygen,sc,poly_cbd1,2,805.990
profile,keygen,sc,poly_ntt,2,7533.990
profile,keygen,sc,poly_baseinv,2,8349.990
profile,keygen,sc,poly_basemul,2,4875.990
profile,keygen,sc,poly_triple,2,483.990
profile,keygen,sc,hash_f,1,13291.995
profile,keygen,sc,shake256,2,5510.990
profile,keygen,sc,randombytes,2,295.990
profile,keygen,libgt864,poly_tobytes,3,5666.985
profile,keygen,libgt864,poly_cbd1,2,757.990
profile,keygen,libgt864,poly_ntt,2,6816.990
profile,keygen,libgt864,poly_baseinv,2,17554.990
profile,keygen,libgt864,poly_basemul,2,4357.990
profile,keygen,libgt864,poly_triple,2,488.990
profile,keygen,libgt864,hash_f,1,13266.995
profile,keygen,libgt864,shake256,2,5605.990
profile,keygen,libgt864,randombytes,2,275.990
profile,keygen,sc,poly_tobytes,3,3292.985
profile,keygen,sc,poly_cbd1,2,805.990
profile,keygen,sc,poly_ntt,2,7533.990
profile,keygen,sc,poly_baseinv,2,8349.990
profile,keygen,sc,poly_basemul,2,4875.990
profile,keygen,sc,poly_triple,2,484.990
profile,keygen,sc,hash_f,1,13258.995
profile,keygen,sc,shake256,2,5532.990
profile,keygen,sc,randombytes,2,295.990
profile,keygen,libgt864,poly_tobytes,3,5669.985
profile,keygen,libgt864,poly_cbd1,2,757.990
profile,keygen,libgt864,poly_ntt,2,6810.990
profile,keygen,libgt864,poly_baseinv,2,17593.990
profile,keygen,libgt864,poly_basemul,2,4357.990
profile,keygen,libgt864,poly_triple,2,487.990
profile,keygen,libgt864,hash_f,1,13246.995
profile,keygen,libgt864,shake256,2,5620.990
profile,keygen,libgt864,randombytes,2,278.990
profile,keygen,sc,poly_tobytes,3,3292.985
profile,keygen,sc,poly_cbd1,2,805.990
profile,keygen,sc,poly_ntt,2,7533.990
profile,keygen,sc,poly_baseinv,2,8345.990
profile,keygen,sc,poly_basemul,2,4875.990
profile,keygen,sc,poly_triple,2,483.990
profile,keygen,sc,hash_f,1,13291.995
profile,keygen,sc,shake256,2,5513.990
profile,keygen,sc,randombytes,2,295.990
profile,keygen,libgt864,poly_tobytes,3,5673.985
profile,keygen,libgt864,poly_cbd1,2,757.990
profile,keygen,libgt864,poly_ntt,2,6815.990
profile,keygen,libgt864,poly_baseinv,2,17559.990
profile,keygen,libgt864,poly_basemul,2,4357.990
profile,keygen,libgt864,poly_triple,2,488.990
profile,keygen,libgt864,hash_f,1,13288.995
profile,keygen,libgt864,shake256,2,5619.990
profile,keygen,libgt864,randombytes,2,275.990
profile,keygen,sc,poly_tobytes,3,3292.985
profile,keygen,sc,poly_cbd1,2,805.990
profile,keygen,sc,poly_ntt,2,7533.990
profile,keygen,sc,poly_baseinv,2,8347.990
profile,keygen,sc,poly_basemul,2,4875.990
profile,keygen,sc,poly_triple,2,483.990
profile,keygen,sc,hash_f,1,13258.995
profile,keygen,sc,shake256,2,5514.990
profile,keygen,sc,randombytes,2,297.990
profile,keygen,libgt864,poly_tobytes,3,5666.985
profile,keygen,libgt864,poly_cbd1,2,757.990
profile,keygen,libgt864,poly_ntt,2,6816.990
profile,keygen,libgt864,poly_baseinv,2,17553.990
profile,keygen,libgt864,poly_basemul,2,4357.990
profile,keygen,libgt864,poly_triple,2,487.990
profile,keygen,libgt864,hash_f,1,13265.995
profile,keygen,libgt864,shake256,2,5612.990
profile,keygen,libgt864,randombytes,2,275.990
profile,keygen,sc,poly_tobytes,3,3292.985
profile,keygen,sc,poly_cbd1,2,805.990
profile,keygen,sc,poly_ntt,2,7533.990
profile,keygen,sc,poly_baseinv,2,8348.990
profile,keygen,sc,poly_basemul,2,4875.990
profile,keygen,sc,poly_triple,2,483.990
profile,keygen,sc,hash_f,1,13266.995
profile,keygen,sc,shake256,2,5506.990
profile,keygen,sc,randombytes,2,295.990
profile,keygen,libgt864,poly_tobytes,3,5679.985
profile,keygen,libgt864,poly_cbd1,2,757.990
profile,keygen,libgt864,poly_ntt,2,6809.990
profile,keygen,libgt864,poly_baseinv,2,17602.990
profile,keygen,libgt864,poly_basemul,2,4357.990
profile,keygen,libgt864,poly_triple,2,488.990
profile,keygen,libgt864,hash_f,1,13267.995
profile,keygen,libgt864,shake256,2,5622.990
profile,keygen,libgt864,randombytes,2,275.990
profile,keygen,sc,poly_tobytes,3,3292.985
profile,keygen,sc,poly_cbd1,2,805.990
profile,keygen,sc,poly_ntt,2,7533.990
profile,keygen,sc,poly_baseinv,2,8348.990
profile,keygen,sc,poly_basemul,2,4875.990
profile,keygen,sc,poly_triple,2,483.990
profile,keygen,sc,hash_f,1,13282.995
profile,keygen,sc,shake256,2,5507.990
profile,keygen,sc,randombytes,2,295.990
profile,keygen,libgt864,poly_tobytes,3,5684.985
profile,keygen,libgt864,poly_cbd1,2,757.990
profile,keygen,libgt864,poly_ntt,2,6816.990
profile,keygen,libgt864,poly_baseinv,2,17565.990
profile,keygen,libgt864,poly_basemul,2,4357.990
profile,keygen,libgt864,poly_triple,2,488.990
profile,keygen,libgt864,hash_f,1,13268.995
profile,keygen,libgt864,shake256,2,5623.990
profile,keygen,libgt864,randombytes,2,275.990
profile,keygen,sc,poly_tobytes,3,3292.985
profile,keygen,sc,poly_cbd1,2,805.990
profile,keygen,sc,poly_ntt,2,7533.990
profile,keygen,sc,poly_baseinv,2,8347.990
profile,keygen,sc,poly_basemul,2,4875.990
profile,keygen,sc,poly_triple,2,483.990
profile,keygen,sc,hash_f,1,13263.995
profile,keygen,sc,shake256,2,5514.990
profile,keygen,sc,randombytes,2,295.990
profile,keygen,libgt864,poly_tobytes,3,5661.985
profile,keygen,libgt864,poly_cbd1,2,757.990
profile,keygen,libgt864,poly_ntt,2,6808.990
profile,keygen,libgt864,poly_baseinv,2,17585.990
profile,keygen,libgt864,poly_basemul,2,4357.990
profile,keygen,libgt864,poly_triple,2,487.990
profile,keygen,libgt864,hash_f,1,13257.995
profile,keygen,libgt864,shake256,2,5613.990
profile,keygen,libgt864,randombytes,2,275.990
profile,keygen,sc,poly_tobytes,3,3292.985
profile,keygen,sc,poly_cbd1,2,805.990
profile,keygen,sc,poly_ntt,2,7533.990
profile,keygen,sc,poly_baseinv,2,8349.990
profile,keygen,sc,poly_basemul,2,4875.990
profile,keygen,sc,poly_triple,2,483.990
profile,keygen,sc,hash_f,1,13253.995
profile,keygen,sc,shake256,2,5522.990
profile,keygen,sc,randombytes,2,295.990
profile,keygen,libgt864,poly_tobytes,3,5668.985
profile,keygen,libgt864,poly_cbd1,2,757.990
profile,keygen,libgt864,poly_ntt,2,6815.990
profile,keygen,libgt864,poly_baseinv,2,17586.990
profile,keygen,libgt864,poly_basemul,2,4357.990
profile,keygen,libgt864,poly_triple,2,488.990
profile,keygen,libgt864,hash_f,1,13269.995
profile,keygen,libgt864,shake256,2,5603.990
profile,keygen,libgt864,randombytes,2,275.990
profile,keygen,sc,poly_tobytes,3,3292.985
profile,keygen,sc,poly_cbd1,2,805.990
profile,keygen,sc,poly_ntt,2,7533.990
profile,keygen,sc,poly_baseinv,2,8350.990
profile,keygen,sc,poly_basemul,2,4875.990
profile,keygen,sc,poly_triple,2,483.990
profile,keygen,sc,hash_f,1,13255.995
profile,keygen,sc,shake256,2,5499.990
profile,keygen,sc,randombytes,2,294.990
profile,keygen,libgt864,poly_tobytes,3,5669.985
profile,keygen,libgt864,poly_cbd1,2,757.990
profile,keygen,libgt864,poly_ntt,2,6817.990
profile,keygen,libgt864,poly_baseinv,2,17559.990
profile,keygen,libgt864,poly_basemul,2,4357.990
profile,keygen,libgt864,poly_triple,2,488.990
profile,keygen,libgt864,hash_f,1,13254.995
profile,keygen,libgt864,shake256,2,5611.990
profile,keygen,libgt864,randombytes,2,277.990
profile,keygen,sc,poly_tobytes,3,3292.985
profile,keygen,sc,poly_cbd1,2,805.990
profile,keygen,sc,poly_ntt,2,7533.990
profile,keygen,sc,poly_baseinv,2,8345.990
profile,keygen,sc,poly_basemul,2,4875.990
profile,keygen,sc,poly_triple,2,484.990
profile,keygen,sc,hash_f,1,13263.995
profile,keygen,sc,shake256,2,5492.990
profile,keygen,sc,randombytes,2,294.990
profile,keygen,libgt864,poly_tobytes,3,5667.985
profile,keygen,libgt864,poly_cbd1,2,757.990
profile,keygen,libgt864,poly_ntt,2,6808.990
profile,keygen,libgt864,poly_baseinv,2,17573.990
profile,keygen,libgt864,poly_basemul,2,4357.990
profile,keygen,libgt864,poly_triple,2,487.990
profile,keygen,libgt864,hash_f,1,13268.995
profile,keygen,libgt864,shake256,2,5611.990
profile,keygen,libgt864,randombytes,2,267.990
profile,keygen,sc,poly_tobytes,3,3292.985
profile,keygen,sc,poly_cbd1,2,805.990
profile,keygen,sc,poly_ntt,2,7533.990
profile,keygen,sc,poly_baseinv,2,8349.990
profile,keygen,sc,poly_basemul,2,4875.990
profile,keygen,sc,poly_triple,2,483.990
profile,keygen,sc,hash_f,1,13272.995
profile,keygen,sc,shake256,2,5519.990
profile,keygen,sc,randombytes,2,295.990
profile,keygen,libgt864,poly_tobytes,3,5659.985
profile,keygen,libgt864,poly_cbd1,2,757.990
profile,keygen,libgt864,poly_ntt,2,6816.990
profile,keygen,libgt864,poly_baseinv,2,17555.990
profile,keygen,libgt864,poly_basemul,2,4357.990
profile,keygen,libgt864,poly_triple,2,488.990
profile,keygen,libgt864,hash_f,1,13287.995
profile,keygen,libgt864,shake256,2,5606.990
profile,keygen,libgt864,randombytes,2,275.990
profile,keygen,sc,poly_tobytes,3,3292.985
profile,keygen,sc,poly_cbd1,2,805.990
profile,keygen,sc,poly_ntt,2,7533.990
profile,keygen,sc,poly_baseinv,2,8349.990
profile,keygen,sc,poly_basemul,2,4875.990
profile,keygen,sc,poly_triple,2,483.990
profile,keygen,sc,hash_f,1,13273.995
profile,keygen,sc,shake256,2,5496.990
profile,keygen,sc,randombytes,2,297.990
profile,keygen,libgt864,poly_tobytes,3,5667.985
profile,keygen,libgt864,poly_cbd1,2,757.990
profile,keygen,libgt864,poly_ntt,2,6808.990
profile,keygen,libgt864,poly_baseinv,2,17591.990
profile,keygen,libgt864,poly_basemul,2,4357.990
profile,keygen,libgt864,poly_triple,2,487.990
profile,keygen,libgt864,hash_f,1,13274.995
profile,keygen,libgt864,shake256,2,5613.990
profile,keygen,libgt864,randombytes,2,280.990
profile,keygen,sc,poly_tobytes,3,3292.985
profile,keygen,sc,poly_cbd1,2,805.990
profile,keygen,sc,poly_ntt,2,7533.990
profile,keygen,sc,poly_baseinv,2,8344.990
profile,keygen,sc,poly_basemul,2,4875.990
profile,keygen,sc,poly_triple,2,484.990
profile,keygen,sc,hash_f,1,13256.995
profile,keygen,sc,shake256,2,5529.990
profile,keygen,sc,randombytes,2,295.990
profile,keygen,libgt864,poly_tobytes,3,5661.985
profile,keygen,libgt864,poly_cbd1,2,757.990
profile,keygen,libgt864,poly_ntt,2,6816.990
profile,keygen,libgt864,poly_baseinv,2,17567.990
profile,keygen,libgt864,poly_basemul,2,4357.990
profile,keygen,libgt864,poly_triple,2,488.990
profile,keygen,libgt864,hash_f,1,13261.995
profile,keygen,libgt864,shake256,2,5595.990
profile,keygen,libgt864,randombytes,2,275.990
profile,keygen,sc,poly_tobytes,3,3292.985
profile,keygen,sc,poly_cbd1,2,805.990
profile,keygen,sc,poly_ntt,2,7533.990
profile,keygen,sc,poly_baseinv,2,8349.990
profile,keygen,sc,poly_basemul,2,4875.990
profile,keygen,sc,poly_triple,2,483.990
profile,keygen,sc,hash_f,1,13281.995
profile,keygen,sc,shake256,2,5499.990
profile,keygen,sc,randombytes,2,295.990
profile,keygen,libgt864,poly_tobytes,3,5666.985
profile,keygen,libgt864,poly_cbd1,2,757.990
profile,keygen,libgt864,poly_ntt,2,6817.990
profile,keygen,libgt864,poly_baseinv,2,17566.990
profile,keygen,libgt864,poly_basemul,2,4357.990
profile,keygen,libgt864,poly_triple,2,487.990
profile,keygen,libgt864,hash_f,1,13261.995
profile,keygen,libgt864,shake256,2,5603.990
profile,keygen,libgt864,randombytes,2,280.990
profile,keygen,sc,poly_tobytes,3,3292.985
profile,keygen,sc,poly_cbd1,2,805.990
profile,keygen,sc,poly_ntt,2,7533.990
profile,keygen,sc,poly_baseinv,2,8346.990
profile,keygen,sc,poly_basemul,2,4875.990
profile,keygen,sc,poly_triple,2,483.990
profile,keygen,sc,hash_f,1,13271.995
profile,keygen,sc,shake256,2,5499.990
profile,keygen,sc,randombytes,2,295.990
profile,keygen,libgt864,poly_tobytes,3,5659.985
profile,keygen,libgt864,poly_cbd1,2,757.990
profile,keygen,libgt864,poly_ntt,2,6809.990
profile,keygen,libgt864,poly_baseinv,2,17577.990
profile,keygen,libgt864,poly_basemul,2,4357.990
profile,keygen,libgt864,poly_triple,2,487.990
profile,keygen,libgt864,hash_f,1,13248.995
profile,keygen,libgt864,shake256,2,5627.990
profile,keygen,libgt864,randombytes,2,275.990
profile,keygen,sc,poly_tobytes,3,3292.985
profile,keygen,sc,poly_cbd1,2,805.990
profile,keygen,sc,poly_ntt,2,7533.990
profile,keygen,sc,poly_baseinv,2,8347.990
profile,keygen,sc,poly_basemul,2,4875.990
profile,keygen,sc,poly_triple,2,483.990
profile,keygen,sc,hash_f,1,13271.995
profile,keygen,sc,shake256,2,5522.990
profile,keygen,sc,randombytes,2,295.990
profile,keygen,libgt864,poly_tobytes,3,5667.985
profile,keygen,libgt864,poly_cbd1,2,757.990
profile,keygen,libgt864,poly_ntt,2,6815.990
profile,keygen,libgt864,poly_baseinv,2,17568.990
profile,keygen,libgt864,poly_basemul,2,4357.990
profile,keygen,libgt864,poly_triple,2,487.990
profile,keygen,libgt864,hash_f,1,13257.995
profile,keygen,libgt864,shake256,2,5627.990
profile,keygen,libgt864,randombytes,2,278.990
profile,keygen,sc,poly_tobytes,3,3292.985
profile,keygen,sc,poly_cbd1,2,805.990
profile,keygen,sc,poly_ntt,2,7533.990
profile,keygen,sc,poly_baseinv,2,8345.990
profile,keygen,sc,poly_basemul,2,4875.990
profile,keygen,sc,poly_triple,2,483.990
profile,keygen,sc,hash_f,1,13281.995
profile,keygen,sc,shake256,2,5507.990
profile,keygen,sc,randombytes,2,295.990
profile,keygen,libgt864,poly_tobytes,3,5670.985
profile,keygen,libgt864,poly_cbd1,2,757.990
profile,keygen,libgt864,poly_ntt,2,6815.990
profile,keygen,libgt864,poly_baseinv,2,17552.990
profile,keygen,libgt864,poly_basemul,2,4357.990
profile,keygen,libgt864,poly_triple,2,487.990
profile,keygen,libgt864,hash_f,1,13261.995
profile,keygen,libgt864,shake256,2,5623.990
profile,keygen,libgt864,randombytes,2,279.990
profile,keygen,sc,poly_tobytes,3,3292.985
profile,keygen,sc,poly_cbd1,2,805.990
profile,keygen,sc,poly_ntt,2,7533.990
profile,keygen,sc,poly_baseinv,2,8346.990
profile,keygen,sc,poly_basemul,2,4875.990
profile,keygen,sc,poly_triple,2,483.990
profile,keygen,sc,hash_f,1,13246.995
profile,keygen,sc,shake256,2,5508.990
profile,keygen,sc,randombytes,2,295.990
profile,keygen,libgt864,poly_tobytes,3,5667.985
profile,keygen,libgt864,poly_cbd1,2,757.990
profile,keygen,libgt864,poly_ntt,2,6816.990
profile,keygen,libgt864,poly_baseinv,2,17554.990
profile,keygen,libgt864,poly_basemul,2,4357.990
profile,keygen,libgt864,poly_triple,2,487.990
profile,keygen,libgt864,hash_f,1,13312.995
profile,keygen,libgt864,shake256,2,5592.990
profile,keygen,libgt864,randombytes,2,275.990
profile,keygen,sc,poly_tobytes,3,3292.985
profile,keygen,sc,poly_cbd1,2,805.990
profile,keygen,sc,poly_ntt,2,7533.990
profile,keygen,sc,poly_baseinv,2,8345.990
profile,keygen,sc,poly_basemul,2,4875.990
profile,keygen,sc,poly_triple,2,484.990
profile,keygen,sc,hash_f,1,13264.995
profile,keygen,sc,shake256,2,5498.990
profile,keygen,sc,randombytes,2,295.990
profile,keygen,libgt864,poly_tobytes,3,5659.985
profile,keygen,libgt864,poly_cbd1,2,757.990
profile,keygen,libgt864,poly_ntt,2,6817.990
profile,keygen,libgt864,poly_baseinv,2,17559.990
profile,keygen,libgt864,poly_basemul,2,4357.990
profile,keygen,libgt864,poly_triple,2,487.990
profile,keygen,libgt864,hash_f,1,13279.995
profile,keygen,libgt864,shake256,2,5616.990
profile,keygen,libgt864,randombytes,2,279.990
profile,keygen,sc,poly_tobytes,3,3292.985
profile,keygen,sc,poly_cbd1,2,805.990
profile,keygen,sc,poly_ntt,2,7533.990
profile,keygen,sc,poly_baseinv,2,8347.990
profile,keygen,sc,poly_basemul,2,4875.990
profile,keygen,sc,poly_triple,2,483.990
profile,keygen,sc,hash_f,1,13284.995
profile,keygen,sc,shake256,2,5493.990
profile,keygen,sc,randombytes,2,295.990
profile,keygen,libgt864,poly_tobytes,3,5699.985
profile,keygen,libgt864,poly_cbd1,2,757.990
profile,keygen,libgt864,poly_ntt,2,6817.990
profile,keygen,libgt864,poly_baseinv,2,17572.990
profile,keygen,libgt864,poly_basemul,2,4357.990
profile,keygen,libgt864,poly_triple,2,487.990
profile,keygen,libgt864,hash_f,1,13300.995
profile,keygen,libgt864,shake256,2,5616.990
profile,keygen,libgt864,randombytes,2,275.990
profile,keygen,sc,poly_tobytes,3,3292.985
profile,keygen,sc,poly_cbd1,2,805.990
profile,keygen,sc,poly_ntt,2,7533.990
profile,keygen,sc,poly_baseinv,2,8349.990
profile,keygen,sc,poly_basemul,2,4875.990
profile,keygen,sc,poly_triple,2,483.990
profile,keygen,sc,hash_f,1,13283.995
profile,keygen,sc,shake256,2,5551.990
profile,keygen,sc,randombytes,2,295.990
profile,keygen,libgt864,poly_tobytes,3,5694.985
profile,keygen,libgt864,poly_cbd1,2,757.990
profile,keygen,libgt864,poly_ntt,2,6816.990
profile,keygen,libgt864,poly_baseinv,2,17555.990
profile,keygen,libgt864,poly_basemul,2,4357.990
profile,keygen,libgt864,poly_triple,2,487.990
profile,keygen,libgt864,hash_f,1,13261.995
profile,keygen,libgt864,shake256,2,5624.990
profile,keygen,libgt864,randombytes,2,281.990
profile,keygen,sc,poly_tobytes,3,3292.985
profile,keygen,sc,poly_cbd1,2,805.990
profile,keygen,sc,poly_ntt,2,7533.990
profile,keygen,sc,poly_baseinv,2,8348.990
profile,keygen,sc,poly_basemul,2,4875.990
profile,keygen,sc,poly_triple,2,483.990
profile,keygen,sc,hash_f,1,13263.995
profile,keygen,sc,shake256,2,5532.990
profile,keygen,sc,randombytes,2,295.990
profile,keygen,libgt864,poly_tobytes,3,5700.985
profile,keygen,libgt864,poly_cbd1,2,757.990
profile,keygen,libgt864,poly_ntt,2,6817.990
profile,keygen,libgt864,poly_baseinv,2,17585.990
profile,keygen,libgt864,poly_basemul,2,4357.990
profile,keygen,libgt864,poly_triple,2,488.990
profile,keygen,libgt864,hash_f,1,13296.995
profile,keygen,libgt864,shake256,2,5615.990
profile,keygen,libgt864,randombytes,2,275.990
profile,keygen,sc,poly_tobytes,3,3292.985
profile,keygen,sc,poly_cbd1,2,805.990
profile,keygen,sc,poly_ntt,2,7533.990
profile,keygen,sc,poly_baseinv,2,8347.990
profile,keygen,sc,poly_basemul,2,4875.990
profile,keygen,sc,poly_triple,2,483.990
profile,keygen,sc,hash_f,1,13282.995
profile,keygen,sc,shake256,2,5533.990
profile,keygen,sc,randombytes,2,297.990
profile,keygen,libgt864,poly_tobytes,3,5707.985
profile,keygen,libgt864,poly_cbd1,2,757.990
profile,keygen,libgt864,poly_ntt,2,6816.990
profile,keygen,libgt864,poly_baseinv,2,17616.990
profile,keygen,libgt864,poly_basemul,2,4322.990
profile,keygen,libgt864,poly_triple,2,487.990
profile,keygen,libgt864,hash_f,1,13262.995
profile,keygen,libgt864,shake256,2,5634.990
profile,keygen,libgt864,randombytes,2,275.990
profile,keygen,sc,poly_tobytes,3,3292.985
profile,keygen,sc,poly_cbd1,2,805.990
profile,keygen,sc,poly_ntt,2,7533.990
profile,keygen,sc,poly_baseinv,2,8348.990
profile,keygen,sc,poly_basemul,2,4875.990
profile,keygen,sc,poly_triple,2,484.990
profile,keygen,sc,hash_f,1,13256.995
profile,keygen,sc,shake256,2,5567.990
profile,keygen,sc,randombytes,2,295.990
profile,keygen,libgt864,poly_tobytes,3,5699.985
profile,keygen,libgt864,poly_cbd1,2,757.990
profile,keygen,libgt864,poly_ntt,2,6808.990
profile,keygen,libgt864,poly_baseinv,2,17558.990
profile,keygen,libgt864,poly_basemul,2,4357.990
profile,keygen,libgt864,poly_triple,2,487.990
profile,keygen,libgt864,hash_f,1,13260.995
profile,keygen,libgt864,shake256,2,5648.990
profile,keygen,libgt864,randombytes,2,278.990
profile,keygen,sc,poly_tobytes,3,3292.985
profile,keygen,sc,poly_cbd1,2,805.990
profile,keygen,sc,poly_ntt,2,7533.990
profile,keygen,sc,poly_baseinv,2,8347.990
profile,keygen,sc,poly_basemul,2,4875.990
profile,keygen,sc,poly_triple,2,483.990
profile,keygen,sc,hash_f,1,13273.995
profile,keygen,sc,shake256,2,5524.990
profile,keygen,sc,randombytes,2,295.990
profile,keygen,libgt864,poly_tobytes,3,5707.985
profile,keygen,libgt864,poly_cbd1,2,757.990
profile,keygen,libgt864,poly_ntt,2,6817.990
profile,keygen,libgt864,poly_baseinv,2,17555.990
profile,keygen,libgt864,poly_basemul,2,4357.990
profile,keygen,libgt864,poly_triple,2,487.990
profile,keygen,libgt864,hash_f,1,13273.995
profile,keygen,libgt864,shake256,2,5635.990
profile,keygen,libgt864,randombytes,2,275.990
profile,keygen,sc,poly_tobytes,3,3292.985
profile,keygen,sc,poly_cbd1,2,805.990
profile,keygen,sc,poly_ntt,2,7533.990
profile,keygen,sc,poly_baseinv,2,8347.990
profile,keygen,sc,poly_basemul,2,4875.990
profile,keygen,sc,poly_triple,2,483.990
profile,keygen,sc,hash_f,1,13284.995
profile,keygen,sc,shake256,2,5545.990
profile,keygen,sc,randombytes,2,296.990
profile,keygen,libgt864,poly_tobytes,3,5700.985
profile,keygen,libgt864,poly_cbd1,2,757.990
profile,keygen,libgt864,poly_ntt,2,6807.990
profile,keygen,libgt864,poly_baseinv,2,17572.990
profile,keygen,libgt864,poly_basemul,2,4357.990
profile,keygen,libgt864,poly_triple,2,487.990
profile,keygen,libgt864,hash_f,1,13277.995
profile,keygen,libgt864,shake256,2,5630.990
profile,keygen,libgt864,randombytes,2,278.990
profile,keygen,sc,poly_tobytes,3,3292.985
profile,keygen,sc,poly_cbd1,2,805.990
profile,keygen,sc,poly_ntt,2,7533.990
profile,keygen,sc,poly_baseinv,2,8347.990
profile,keygen,sc,poly_basemul,2,4875.990
profile,keygen,sc,poly_triple,2,483.990
profile,keygen,sc,hash_f,1,13285.995
profile,keygen,sc,shake256,2,5529.990
profile,keygen,sc,randombytes,2,295.990
profile,keygen,libgt864,poly_tobytes,3,5668.985
profile,keygen,libgt864,poly_cbd1,2,757.990
profile,keygen,libgt864,poly_ntt,2,6817.990
profile,keygen,libgt864,poly_baseinv,2,17563.990
profile,keygen,libgt864,poly_basemul,2,4357.990
profile,keygen,libgt864,poly_triple,2,487.990
profile,keygen,libgt864,hash_f,1,13285.995
profile,keygen,libgt864,shake256,2,5625.990
profile,keygen,libgt864,randombytes,2,275.990
profile,keygen,sc,poly_tobytes,3,3292.985
profile,keygen,sc,poly_cbd1,2,805.990
profile,keygen,sc,poly_ntt,2,7533.990
profile,keygen,sc,poly_baseinv,2,8346.990
profile,keygen,sc,poly_basemul,2,4875.990
profile,keygen,sc,poly_triple,2,483.990
profile,keygen,sc,hash_f,1,13283.995
profile,keygen,sc,shake256,2,5524.990
profile,keygen,sc,randombytes,2,295.990
profile,keygen,libgt864,poly_tobytes,3,5843.985
profile,keygen,libgt864,poly_cbd1,2,757.990
profile,keygen,libgt864,poly_ntt,2,6818.990
profile,keygen,libgt864,poly_baseinv,2,17564.990
profile,keygen,libgt864,poly_basemul,2,4357.990
profile,keygen,libgt864,poly_triple,2,488.990
profile,keygen,libgt864,hash_f,1,13279.995
profile,keygen,libgt864,shake256,2,5609.990
profile,keygen,libgt864,randombytes,2,275.990
profile,encaps,sc,poly_tobytes,2,2209.990
profile,encaps,sc,poly_frombytes,1,758.995
profile,encaps,sc,poly_cbd1,1,397.995
profile,encaps,sc,poly_sotp_encode,1,418.995
profile,encaps,sc,poly_ntt,2,7533.990
profile,encaps,sc,poly_basemul_add,1,2913.995
profile,encaps,sc,hash_f,1,13321.995
profile,encaps,sc,hash_g,1,14586.995
profile,encaps,sc,hash_h,1,4084.995
profile,encaps,sc,randombytes,1,400.995
profile,encaps,libgt864,poly_tobytes,2,3789.990
profile,encaps,libgt864,poly_frombytes,1,691.995
profile,encaps,libgt864,poly_cbd1,1,391.995
profile,encaps,libgt864,poly_sotp_encode,1,410.995
profile,encaps,libgt864,poly_ntt,2,6819.990
profile,encaps,libgt864,poly_basemul_add,1,2179.995
profile,encaps,libgt864,hash_f,1,13274.995
profile,encaps,libgt864,hash_g,1,14518.995
profile,encaps,libgt864,hash_h,1,4082.995
profile,encaps,libgt864,randombytes,1,411.995
profile,encaps,sc,poly_tobytes,2,2209.990
profile,encaps,sc,poly_frombytes,1,756.995
profile,encaps,sc,poly_cbd1,1,397.995
profile,encaps,sc,poly_sotp_encode,1,418.995
profile,encaps,sc,poly_ntt,2,7533.990
profile,encaps,sc,poly_basemul_add,1,2910.995
profile,encaps,sc,hash_f,1,13313.995
profile,encaps,sc,hash_g,1,14615.995
profile,encaps,sc,hash_h,1,4081.995
profile,encaps,sc,randombytes,1,392.995
profile,encaps,libgt864,poly_tobytes,2,3785.990
profile,encaps,libgt864,poly_frombytes,1,691.995
profile,encaps,libgt864,poly_cbd1,1,391.995
profile,encaps,libgt864,poly_sotp_encode,1,410.995
profile,encaps,libgt864,poly_ntt,2,6820.990
profile,encaps,libgt864,poly_basemul_add,1,2179.995
profile,encaps,libgt864,hash_f,1,13266.995
profile,encaps,libgt864,hash_g,1,14528.995
profile,encaps,libgt864,hash_h,1,4080.995
profile,encaps,libgt864,randombytes,1,417.995
profile,encaps,sc,poly_tobytes,2,2209.990
profile,encaps,sc,poly_frombytes,1,756.995
profile,encaps,sc,poly_cbd1,1,397.995
profile,encaps,sc,poly_sotp_encode,1,418.995
profile,encaps,sc,poly_ntt,2,7533.990
profile,encaps,sc,poly_basemul_add,1,2907.995
profile,encaps,sc,hash_f,1,13286.995
profile,encaps,sc,hash_g,1,14584.995
profile,encaps,sc,hash_h,1,4089.995
profile,encaps,sc,randombytes,1,393.995
profile,encaps,libgt864,poly_tobytes,2,3789.990
profile,encaps,libgt864,poly_frombytes,1,691.995
profile,encaps,libgt864,poly_cbd1,1,391.995
profile,encaps,libgt864,poly_sotp_encode,1,410.995
profile,encaps,libgt864,poly_ntt,2,6812.990
profile,encaps,libgt864,poly_basemul_add,1,2179.995
profile,encaps,libgt864,hash_f,1,13288.995
profile,encaps,libgt864,hash_g,1,14523.995
profile,encaps,libgt864,hash_h,1,4061.995
profile,encaps,libgt864,randombytes,1,392.995
profile,encaps,sc,poly_tobytes,2,2209.990
profile,encaps,sc,poly_frombytes,1,758.995
profile,encaps,sc,poly_cbd1,1,397.995
profile,encaps,sc,poly_sotp_encode,1,418.995
profile,encaps,sc,poly_ntt,2,7533.990
profile,encaps,sc,poly_basemul_add,1,2907.995
profile,encaps,sc,hash_f,1,13275.995
profile,encaps,sc,hash_g,1,14598.995
profile,encaps,sc,hash_h,1,4066.995
profile,encaps,sc,randombytes,1,391.995
profile,encaps,libgt864,poly_tobytes,2,3789.990
profile,encaps,libgt864,poly_frombytes,1,691.995
profile,encaps,libgt864,poly_cbd1,1,391.995
profile,encaps,libgt864,poly_sotp_encode,1,410.995
profile,encaps,libgt864,poly_ntt,2,6819.990
profile,encaps,libgt864,poly_basemul_add,1,2179.995
profile,encaps,libgt864,hash_f,1,13261.995
profile,encaps,libgt864,hash_g,1,14511.995
profile,encaps,libgt864,hash_h,1,4074.995
profile,encaps,libgt864,randombytes,1,408.995
profile,encaps,sc,poly_tobytes,2,2209.990
profile,encaps,sc,poly_frombytes,1,758.995
profile,encaps,sc,poly_cbd1,1,397.995
profile,encaps,sc,poly_sotp_encode,1,418.995
profile,encaps,sc,poly_ntt,2,7533.990
profile,encaps,sc,poly_basemul_add,1,2907.995
profile,encaps,sc,hash_f,1,13287.995
profile,encaps,sc,hash_g,1,14590.995
profile,encaps,sc,hash_h,1,4083.995
profile,encaps,sc,randombytes,1,391.995
profile,encaps,libgt864,poly_tobytes,2,3787.990
profile,encaps,libgt864,poly_frombytes,1,691.995
profile,encaps,libgt864,poly_cbd1,1,391.995
profile,encaps,libgt864,poly_sotp_encode,1,410.995
profile,encaps,libgt864,poly_ntt,2,6820.990
profile,encaps,libgt864,poly_basemul_add,1,2179.995
profile,encaps,libgt864,hash_f,1,13269.995
profile,encaps,libgt864,hash_g,1,14516.995
profile,encaps,libgt864,hash_h,1,4061.995
profile,encaps,libgt864,randombytes,1,396.995
profile,encaps,sc,poly_tobytes,2,2209.990
profile,encaps,sc,poly_frombytes,1,758.995
profile,encaps,sc,poly_cbd1,1,397.995
profile,encaps,sc,poly_sotp_encode,1,418.995
profile,encaps,sc,poly_ntt,2,7533.990
profile,encaps,sc,poly_basemul_add,1,2907.995
profile,encaps,sc,hash_f,1,13285.995
profile,encaps,sc,hash_g,1,14584.995
profile,encaps,sc,hash_h,1,4071.995
profile,encaps,sc,randombytes,1,399.995
profile,encaps,libgt864,poly_tobytes,2,3789.990
profile,encaps,libgt864,poly_frombytes,1,691.995
profile,encaps,libgt864,poly_cbd1,1,391.995
profile,encaps,libgt864,poly_sotp_encode,1,410.995
profile,encaps,libgt864,poly_ntt,2,6820.990
profile,encaps,libgt864,poly_basemul_add,1,2179.995
profile,encaps,libgt864,hash_f,1,13279.995
profile,encaps,libgt864,hash_g,1,14514.995
profile,encaps,libgt864,hash_h,1,4075.995
profile,encaps,libgt864,randombytes,1,408.995
profile,encaps,sc,poly_tobytes,2,2209.990
profile,encaps,sc,poly_frombytes,1,758.995
profile,encaps,sc,poly_cbd1,1,397.995
profile,encaps,sc,poly_sotp_encode,1,418.995
profile,encaps,sc,poly_ntt,2,7533.990
profile,encaps,sc,poly_basemul_add,1,2907.995
profile,encaps,sc,hash_f,1,13305.995
profile,encaps,sc,hash_g,1,14583.995
profile,encaps,sc,hash_h,1,4088.995
profile,encaps,sc,randombytes,1,399.995
profile,encaps,libgt864,poly_tobytes,2,3789.990
profile,encaps,libgt864,poly_frombytes,1,691.995
profile,encaps,libgt864,poly_cbd1,1,391.995
profile,encaps,libgt864,poly_sotp_encode,1,410.995
profile,encaps,libgt864,poly_ntt,2,6819.990
profile,encaps,libgt864,poly_basemul_add,1,2179.995
profile,encaps,libgt864,hash_f,1,13281.995
profile,encaps,libgt864,hash_g,1,14514.995
profile,encaps,libgt864,hash_h,1,4075.995
profile,encaps,libgt864,randombytes,1,408.995
profile,encaps,sc,poly_tobytes,2,2209.990
profile,encaps,sc,poly_frombytes,1,756.995
profile,encaps,sc,poly_cbd1,1,397.995
profile,encaps,sc,poly_sotp_encode,1,418.995
profile,encaps,sc,poly_ntt,2,7533.990
profile,encaps,sc,poly_basemul_add,1,2907.995
profile,encaps,sc,hash_f,1,13306.995
profile,encaps,sc,hash_g,1,14587.995
profile,encaps,sc,hash_h,1,4074.995
profile,encaps,sc,randombytes,1,401.995
profile,encaps,libgt864,poly_tobytes,2,3789.990
profile,encaps,libgt864,poly_frombytes,1,691.995
profile,encaps,libgt864,poly_cbd1,1,391.995
profile,encaps,libgt864,poly_sotp_encode,1,410.995
profile,encaps,libgt864,poly_ntt,2,6812.990
profile,encaps,libgt864,poly_basemul_add,1,2179.995
profile,encaps,libgt864,hash_f,1,13283.995
profile,encaps,libgt864,hash_g,1,14529.995
profile,encaps,libgt864,hash_h,1,4068.995
profile,encaps,libgt864,randombytes,1,408.995
profile,encaps,sc,poly_tobytes,2,2209.990
profile,encaps,sc,poly_frombytes,1,756.995
profile,encaps,sc,poly_cbd1,1,397.995
profile,encaps,sc,poly_sotp_encode,1,418.995
profile,encaps,sc,poly_ntt,2,7533.990
profile,encaps,sc,poly_basemul_add,1,2907.995
profile,encaps,sc,hash_f,1,13295.995
profile,encaps,sc,hash_g,1,14556.995
profile,encaps,sc,hash_h,1,4076.995
profile,encaps,sc,randombytes,1,399.995
profile,encaps,libgt864,poly_tobytes,2,3789.990
profile,encaps,libgt864,poly_frombytes,1,691.995
profile,encaps,libgt864,poly_cbd1,1,391.995
profile,encaps,libgt864,poly_sotp_encode,1,410.995
profile,encaps,libgt864,poly_ntt,2,6812.990
profile,encaps,libgt864,poly_basemul_add,1,2179.995
profile,encaps,libgt864,hash_f,1,13286.995
profile,encaps,libgt864,hash_g,1,14529.995
profile,encaps,libgt864,hash_h,1,4078.995
profile,encaps,libgt864,randombytes,1,396.995
profile,encaps,sc,poly_tobytes,2,2209.990
profile,encaps,sc,poly_frombytes,1,758.995
profile,encaps,sc,poly_cbd1,1,397.995
profile,encaps,sc,poly_sotp_encode,1,418.995
profile,encaps,sc,poly_ntt,2,7533.990
profile,encaps,sc,poly_basemul_add,1,2907.995
profile,encaps,sc,hash_f,1,13276.995
profile,encaps,sc,hash_g,1,14588.995
profile,encaps,sc,hash_h,1,4077.995
profile,encaps,sc,randombytes,1,399.995
profile,encaps,libgt864,poly_tobytes,2,3789.990
profile,encaps,libgt864,poly_frombytes,1,691.995
profile,encaps,libgt864,poly_cbd1,1,391.995
profile,encaps,libgt864,poly_sotp_encode,1,410.995
profile,encaps,libgt864,poly_ntt,2,6821.990
profile,encaps,libgt864,poly_basemul_add,1,2179.995
profile,encaps,libgt864,hash_f,1,13258.995
profile,encaps,libgt864,hash_g,1,14548.995
profile,encaps,libgt864,hash_h,1,4080.995
profile,encaps,libgt864,randombytes,1,408.995
profile,encaps,sc,poly_tobytes,2,2209.990
profile,encaps,sc,poly_frombytes,1,758.995
profile,encaps,sc,poly_cbd1,1,397.995
profile,encaps,sc,poly_sotp_encode,1,418.995
profile,encaps,sc,poly_ntt,2,7533.990
profile,encaps,sc,poly_basemul_add,1,2907.995
profile,encaps,sc,hash_f,1,13299.995
profile,encaps,sc,hash_g,1,14617.995
profile,encaps,sc,hash_h,1,4095.995
profile,encaps,sc,randombytes,1,399.995
profile,encaps,libgt864,poly_tobytes,2,3787.990
profile,encaps,libgt864,poly_frombytes,1,691.995
profile,encaps,libgt864,poly_cbd1,1,391.995
profile,encaps,libgt864,poly_sotp_encode,1,410.995
profile,encaps,libgt864,poly_ntt,2,6820.990
profile,encaps,libgt864,poly_basemul_add,1,2179.995
profile,encaps,libgt864,hash_f,1,13286.995
profile,encaps,libgt864,hash_g,1,14538.995
profile,encaps,libgt864,hash_h,1,4086.995
profile,encaps,libgt864,randombytes,1,408.995
profile,encaps,sc,poly_tobytes,2,2209.990
profile,encaps,sc,poly_frombytes,1,756.995
profile,encaps,sc,poly_cbd1,1,397.995
profile,encaps,sc,poly_sotp_encode,1,418.995
profile,encaps,sc,poly_ntt,2,7533.990
profile,encaps,sc,poly_basemul_add,1,2907.995
profile,encaps,sc,hash_f,1,13290.995
profile,encaps,sc,hash_g,1,14584.995
profile,encaps,sc,hash_h,1,4081.995
profile,encaps,sc,randombytes,1,399.995
profile,encaps,libgt864,poly_tobytes,2,3789.990
profile,encaps,libgt864,poly_frombytes,1,691.995
profile,encaps,libgt864,poly_cbd1,1,391.995
profile,encaps,libgt864,poly_sotp_encode,1,410.995
profile,encaps,libgt864,poly_ntt,2,6821.990
profile,encaps,libgt864,poly_basemul_add,1,2179.995
profile,encaps,libgt864,hash_f,1,13272.995
profile,encaps,libgt864,hash_g,1,14547.995
profile,encaps,libgt864,hash_h,1,4077.995
profile,encaps,libgt864,randombytes,1,406.995
profile,encaps,sc,poly_tobytes,2,2209.990
profile,encaps,sc,poly_frombytes,1,756.995
profile,encaps,sc,poly_cbd1,1,397.995
profile,encaps,sc,poly_sotp_encode,1,418.995
profile,encaps,sc,poly_ntt,2,7533.990
profile,encaps,sc,poly_basemul_add,1,2907.995
profile,encaps,sc,hash_f,1,13272.995
profile,encaps,sc,hash_g,1,14590.995
profile,encaps,sc,hash_h,1,4082.995
profile,encaps,sc,randombytes,1,400.995
profile,encaps,libgt864,poly_tobytes,2,3789.990
profile,encaps,libgt864,poly_frombytes,1,691.995
profile,encaps,libgt864,poly_cbd1,1,391.995
profile,encaps,libgt864,poly_sotp_encode,1,410.995
profile,encaps,libgt864,poly_ntt,2,6820.990
profile,encaps,libgt864,poly_basemul_add,1,2179.995
profile,encaps,libgt864,hash_f,1,13261.995
profile,encaps,libgt864,hash_g,1,14547.995
profile,encaps,libgt864,hash_h,1,4075.995
profile,encaps,libgt864,randombytes,1,408.995
profile,encaps,sc,poly_tobytes,2,2209.990
profile,encaps,sc,poly_frombytes,1,756.995
profile,encaps,sc,poly_cbd1,1,397.995
profile,encaps,sc,poly_sotp_encode,1,418.995
profile,encaps,sc,poly_ntt,2,7533.990
profile,encaps,sc,poly_basemul_add,1,2907.995
profile,encaps,sc,hash_f,1,13278.995
profile,encaps,sc,hash_g,1,14574.995
profile,encaps,sc,hash_h,1,4082.995
profile,encaps,sc,randombytes,1,399.995
profile,encaps,libgt864,poly_tobytes,2,3789.990
profile,encaps,libgt864,poly_frombytes,1,691.995
profile,encaps,libgt864,poly_cbd1,1,391.995
profile,encaps,libgt864,poly_sotp_encode,1,410.995
profile,encaps,libgt864,poly_ntt,2,6819.990
profile,encaps,libgt864,poly_basemul_add,1,2179.995
profile,encaps,libgt864,hash_f,1,13279.995
profile,encaps,libgt864,hash_g,1,14514.995
profile,encaps,libgt864,hash_h,1,4067.995
profile,encaps,libgt864,randombytes,1,401.995
profile,encaps,sc,poly_tobytes,2,2209.990
profile,encaps,sc,poly_frombytes,1,756.995
profile,encaps,sc,poly_cbd1,1,397.995
profile,encaps,sc,poly_sotp_encode,1,418.995
profile,encaps,sc,poly_ntt,2,7533.990
profile,encaps,sc,poly_basemul_add,1,2907.995
profile,encaps,sc,hash_f,1,13304.995
profile,encaps,sc,hash_g,1,14572.995
profile,encaps,sc,hash_h,1,4080.995
profile,encaps,sc,randombytes,1,399.995
profile,encaps,libgt864,poly_tobytes,2,3789.990
profile,encaps,libgt864,poly_frombytes,1,691.995
profile,encaps,libgt864,poly_cbd1,1,391.995
profile,encaps,libgt864,poly_sotp_encode,1,410.995
profile,encaps,libgt864,poly_ntt,2,6819.990
profile,encaps,libgt864,poly_basemul_add,1,2179.995
profile,encaps,libgt864,hash_f,1,13311.995
profile,encaps,libgt864,hash_g,1,14538.995
profile,encaps,libgt864,hash_h,1,4065.995
profile,encaps,libgt864,randombytes,1,408.995
profile,encaps,sc,poly_tobytes,2,2209.990
profile,encaps,sc,poly_frombytes,1,758.995
profile,encaps,sc,poly_cbd1,1,397.995
profile,encaps,sc,poly_sotp_encode,1,418.995
profile,encaps,sc,poly_ntt,2,7533.990
profile,encaps,sc,poly_basemul_add,1,2907.995
profile,encaps,sc,hash_f,1,13294.995
profile,encaps,sc,hash_g,1,14595.995
profile,encaps,sc,hash_h,1,4094.995
profile,encaps,sc,randombytes,1,399.995
profile,encaps,libgt864,poly_tobytes,2,3789.990
profile,encaps,libgt864,poly_frombytes,1,691.995
profile,encaps,libgt864,poly_cbd1,1,391.995
profile,encaps,libgt864,poly_sotp_encode,1,410.995
profile,encaps,libgt864,poly_ntt,2,6821.990
profile,encaps,libgt864,poly_basemul_add,1,2179.995
profile,encaps,libgt864,hash_f,1,13267.995
profile,encaps,libgt864,hash_g,1,14547.995
profile,encaps,libgt864,hash_h,1,4055.995
profile,encaps,libgt864,randombytes,1,413.995
profile,encaps,sc,poly_tobytes,2,2209.990
profile,encaps,sc,poly_frombytes,1,758.995
profile,encaps,sc,poly_cbd1,1,397.995
profile,encaps,sc,poly_sotp_encode,1,418.995
profile,encaps,sc,poly_ntt,2,7533.990
profile,encaps,sc,poly_basemul_add,1,2907.995
profile,encaps,sc,hash_f,1,13294.995
profile,encaps,sc,hash_g,1,14604.995
profile,encaps,sc,hash_h,1,4075.995
profile,encaps,sc,randombytes,1,399.995
profile,encaps,libgt864,poly_tobytes,2,3789.990
profile,encaps,libgt864,poly_frombytes,1,691.995
profile,encaps,libgt864,poly_cbd1,1,391.995
profile,encaps,libgt864,poly_sotp_encode,1,410.995
profile,encaps,libgt864,poly_ntt,2,6813.990
profile,encaps,libgt864,poly_basemul_add,1,2179.995
profile,encaps,libgt864,hash_f,1,13286.995
profile,encaps,libgt864,hash_g,1,14515.995
profile,encaps,libgt864,hash_h,1,4069.995
profile,encaps,libgt864,randombytes,1,406.995
profile,encaps,sc,poly_tobytes,2,2209.990
profile,encaps,sc,poly_frombytes,1,758.995
profile,encaps,sc,poly_cbd1,1,397.995
profile,encaps,sc,poly_sotp_encode,1,418.995
profile,encaps,sc,poly_ntt,2,7533.990
profile,encaps,sc,poly_basemul_add,1,2907.995
profile,encaps,sc,hash_f,1,13286.995
profile,encaps,sc,hash_g,1,14590.995
profile,encaps,sc,hash_h,1,4085.995
profile,encaps,sc,randombytes,1,400.995
profile,encaps,libgt864,poly_tobytes,2,3787.990
profile,encaps,libgt864,poly_frombytes,1,691.995
profile,encaps,libgt864,poly_cbd1,1,391.995
profile,encaps,libgt864,poly_sotp_encode,1,410.995
profile,encaps,libgt864,poly_ntt,2,6812.990
profile,encaps,libgt864,poly_basemul_add,1,2179.995
profile,encaps,libgt864,hash_f,1,13258.995
profile,encaps,libgt864,hash_g,1,14534.995
profile,encaps,libgt864,hash_h,1,4078.995
profile,encaps,libgt864,randombytes,1,408.995
profile,encaps,sc,poly_tobytes,2,2209.990
profile,encaps,sc,poly_frombytes,1,756.995
profile,encaps,sc,poly_cbd1,1,397.995
profile,encaps,sc,poly_sotp_encode,1,418.995
profile,encaps,sc,poly_ntt,2,7533.990
profile,encaps,sc,poly_basemul_add,1,2907.995
profile,encaps,sc,hash_f,1,13294.995
profile,encaps,sc,hash_g,1,14601.995
profile,encaps,sc,hash_h,1,4092.995
profile,encaps,sc,randombytes,1,399.995
profile,encaps,libgt864,poly_tobytes,2,3789.990
profile,encaps,libgt864,poly_frombytes,1,691.995
profile,encaps,libgt864,poly_cbd1,1,391.995
profile,encaps,libgt864,poly_sotp_encode,1,410.995
profile,encaps,libgt864,poly_ntt,2,6812.990
profile,encaps,libgt864,poly_basemul_add,1,2179.995
profile,encaps,libgt864,hash_f,1,13279.995
profile,encaps,libgt864,hash_g,1,14515.995
profile,encaps,libgt864,hash_h,1,4076.995
profile,encaps,libgt864,randombytes,1,408.995
profile,encaps,sc,poly_tobytes,2,2209.990
profile,encaps,sc,poly_frombytes,1,758.995
profile,encaps,sc,poly_cbd1,1,397.995
profile,encaps,sc,poly_sotp_encode,1,418.995
profile,encaps,sc,poly_ntt,2,7533.990
profile,encaps,sc,poly_basemul_add,1,2907.995
profile,encaps,sc,hash_f,1,13299.995
profile,encaps,sc,hash_g,1,14614.995
profile,encaps,sc,hash_h,1,4086.995
profile,encaps,sc,randombytes,1,399.995
profile,encaps,libgt864,poly_tobytes,2,3789.990
profile,encaps,libgt864,poly_frombytes,1,691.995
profile,encaps,libgt864,poly_cbd1,1,391.995
profile,encaps,libgt864,poly_sotp_encode,1,410.995
profile,encaps,libgt864,poly_ntt,2,6820.990
profile,encaps,libgt864,poly_basemul_add,1,2179.995
profile,encaps,libgt864,hash_f,1,13266.995
profile,encaps,libgt864,hash_g,1,14536.995
profile,encaps,libgt864,hash_h,1,4086.995
profile,encaps,libgt864,randombytes,1,397.995
profile,encaps,sc,poly_tobytes,2,2209.990
profile,encaps,sc,poly_frombytes,1,756.995
profile,encaps,sc,poly_cbd1,1,397.995
profile,encaps,sc,poly_sotp_encode,1,418.995
profile,encaps,sc,poly_ntt,2,7533.990
profile,encaps,sc,poly_basemul_add,1,2907.995
profile,encaps,sc,hash_f,1,13291.995
profile,encaps,sc,hash_g,1,14574.995
profile,encaps,sc,hash_h,1,4079.995
profile,encaps,sc,randombytes,1,399.995
profile,encaps,libgt864,poly_tobytes,2,3785.990
profile,encaps,libgt864,poly_frombytes,1,691.995
profile,encaps,libgt864,poly_cbd1,1,391.995
profile,encaps,libgt864,poly_sotp_encode,1,410.995
profile,encaps,libgt864,poly_ntt,2,6819.990
profile,encaps,libgt864,poly_basemul_add,1,2179.995
profile,encaps,libgt864,hash_f,1,13279.995
profile,encaps,libgt864,hash_g,1,14530.995
profile,encaps,libgt864,hash_h,1,4055.995
profile,encaps,libgt864,randombytes,1,396.995
profile,encaps,sc,poly_tobytes,2,2209.990
profile,encaps,sc,poly_frombytes,1,777.995
profile,encaps,sc,poly_cbd1,1,397.995
profile,encaps,sc,poly_sotp_encode,1,418.995
profile,encaps,sc,poly_ntt,2,7533.990
profile,encaps,sc,poly_basemul_add,1,2907.995
profile,encaps,sc,hash_f,1,13335.995
profile,encaps,sc,hash_g,1,14587.995
profile,encaps,sc,hash_h,1,4080.995
profile,encaps,sc,randombytes,1,402.995
profile,encaps,libgt864,poly_tobytes,2,3789.990
profile,encaps,libgt864,poly_frombytes,1,691.995
profile,encaps,libgt864,poly_cbd1,1,391.995
profile,encaps,libgt864,poly_sotp_encode,1,410.995
profile,encaps,libgt864,poly_ntt,2,6820.990
profile,encaps,libgt864,poly_basemul_add,1,2179.995
profile,encaps,libgt864,hash_f,1,13261.995
profile,encaps,libgt864,hash_g,1,14524.995
profile,encaps,libgt864,hash_h,1,4071.995
profile,encaps,libgt864,randombytes,1,408.995
profile,encaps,sc,poly_tobytes,2,2209.990
profile,encaps,sc,poly_frombytes,1,758.995
profile,encaps,sc,poly_cbd1,1,397.995
profile,encaps,sc,poly_sotp_encode,1,418.995
profile,encaps,sc,poly_ntt,2,7533.990
profile,encaps,sc,poly_basemul_add,1,2907.995
profile,encaps,sc,hash_f,1,13304.995
profile,encaps,sc,hash_g,1,14633.995
profile,encaps,sc,hash_h,1,4076.995
profile,encaps,sc,randombytes,1,400.995
profile,encaps,libgt864,poly_tobytes,2,3789.990
profile,encaps,libgt864,poly_frombytes,1,690.995
profile,encaps,libgt864,poly_cbd1,1,391.995
profile,encaps,libgt864,poly_sotp_encode,1,410.995
profile,encaps,libgt864,poly_ntt,2,6821.990
profile,encaps,libgt864,poly_basemul_add,1,2179.995
profile,encaps,libgt864,hash_f,1,13259.995
profile,encaps,libgt864,hash_g,1,14537.995
profile,encaps,libgt864,hash_h,1,4058.995
profile,encaps,libgt864,randombytes,1,396.995
profile,encaps,sc,poly_tobytes,2,2209.990
profile,encaps,sc,poly_frombytes,1,758.995
profile,encaps,sc,poly_cbd1,1,397.995
profile,encaps,sc,poly_sotp_encode,1,418.995
profile,encaps,sc,poly_ntt,2,7533.990
profile,encaps,sc,poly_basemul_add,1,2909.995
profile,encaps,sc,hash_f,1,13303.995
profile,encaps,sc,hash_g,1,14587.995
profile,encaps,sc,hash_h,1,4085.995
profile,encaps,sc,randombytes,1,399.995
profile,encaps,libgt864,poly_tobytes,2,3789.990
profile,encaps,libgt864,poly_frombytes,1,691.995
profile,encaps,libgt864,poly_cbd1,1,391.995
profile,encaps,libgt864,poly_sotp_encode,1,410.995
profile,encaps,libgt864,poly_ntt,2,6820.990
profile,encaps,libgt864,poly_basemul_add,1,2179.995
profile,encaps,libgt864,hash_f,1,13278.995
profile,encaps,libgt864,hash_g,1,14524.995
profile,encaps,libgt864,hash_h,1,4093.995
profile,encaps,libgt864,randombytes,1,408.995
profile,encaps,sc,poly_tobytes,2,2209.990
profile,encaps,sc,poly_frombytes,1,756.995
profile,encaps,sc,poly_cbd1,1,397.995
profile,encaps,sc,poly_sotp_encode,1,418.995
profile,encaps,sc,poly_ntt,2,7533.990
profile,encaps,sc,poly_basemul_add,1,2907.995
profile,encaps,sc,hash_f,1,13302.995
profile,encaps,sc,hash_g,1,14597.995
profile,encaps,sc,hash_h,1,4081.995
profile,encaps,sc,randombytes,1,399.995
profile,encaps,libgt864,poly_tobytes,2,3789.990
profile,encaps,libgt864,poly_frombytes,1,690.995
profile,encaps,libgt864,poly_cbd1,1,391.995
profile,encaps,libgt864,poly_sotp_encode,1,410.995
profile,encaps,libgt864,poly_ntt,2,6812.990
profile,encaps,libgt864,poly_basemul_add,1,2179.995
profile,encaps,libgt864,hash_f,1,13279.995
profile,encaps,libgt864,hash_g,1,14542.995
profile,encaps,libgt864,hash_h,1,4075.995
profile,encaps,libgt864,randombytes,1,408.995
profile,encaps,sc,poly_tobytes,2,2209.990
profile,encaps,sc,poly_frombytes,1,756.995
profile,encaps,sc,poly_cbd1,1,397.995
profile,encaps,sc,poly_sotp_encode,1,418.995
profile,encaps,sc,poly_ntt,2,7533.990
profile,encaps,sc,poly_basemul_add,1,2907.995
profile,encaps,sc,hash_f,1,13300.995
profile,encaps,sc,hash_g,1,14620.995
profile,encaps,sc,hash_h,1,4081.995
profile,encaps,sc,randombytes,1,399.995
profile,encaps,libgt864,poly_tobytes,2,3789.990
profile,encaps,libgt864,poly_frombytes,1,691.995
profile,encaps,libgt864,poly_cbd1,1,391.995
profile,encaps,libgt864,poly_sotp_encode,1,410.995
profile,encaps,libgt864,poly_ntt,2,6813.990
profile,encaps,libgt864,poly_basemul_add,1,2179.995
profile,encaps,libgt864,hash_f,1,13262.995
profile,encaps,libgt864,hash_g,1,14515.995
profile,encaps,libgt864,hash_h,1,4076.995
profile,encaps,libgt864,randombytes,1,408.995
profile,encaps,sc,poly_tobytes,2,2209.990
profile,encaps,sc,poly_frombytes,1,758.995
profile,encaps,sc,poly_cbd1,1,397.995
profile,encaps,sc,poly_sotp_encode,1,418.995
profile,encaps,sc,poly_ntt,2,7533.990
profile,encaps,sc,poly_basemul_add,1,2907.995
profile,encaps,sc,hash_f,1,13306.995
profile,encaps,sc,hash_g,1,14604.995
profile,encaps,sc,hash_h,1,4066.995
profile,encaps,sc,randombytes,1,400.995
profile,encaps,libgt864,poly_tobytes,2,3789.990
profile,encaps,libgt864,poly_frombytes,1,690.995
profile,encaps,libgt864,poly_cbd1,1,391.995
profile,encaps,libgt864,poly_sotp_encode,1,410.995
profile,encaps,libgt864,poly_ntt,2,6812.990
profile,encaps,libgt864,poly_basemul_add,1,2179.995
profile,encaps,libgt864,hash_f,1,13270.995
profile,encaps,libgt864,hash_g,1,14515.995
profile,encaps,libgt864,hash_h,1,4080.995
profile,encaps,libgt864,randombytes,1,387.995
profile,encaps,sc,poly_tobytes,2,2209.990
profile,encaps,sc,poly_frombytes,1,756.995
profile,encaps,sc,poly_cbd1,1,397.995
profile,encaps,sc,poly_sotp_encode,1,418.995
profile,encaps,sc,poly_ntt,2,7533.990
profile,encaps,sc,poly_basemul_add,1,2907.995
profile,encaps,sc,hash_f,1,13322.995
profile,encaps,sc,hash_g,1,14580.995
profile,encaps,sc,hash_h,1,4076.995
profile,encaps,sc,randombytes,1,399.995
profile,encaps,libgt864,poly_tobytes,2,3789.990
profile,encaps,libgt864,poly_frombytes,1,691.995
profile,encaps,libgt864,poly_cbd1,1,391.995
profile,encaps,libgt864,poly_sotp_encode,1,410.995
profile,encaps,libgt864,poly_ntt,2,6820.990
profile,encaps,libgt864,poly_basemul_add,1,2179.995
profile,encaps,libgt864,hash_f,1,13256.995
profile,encaps,libgt864,hash_g,1,14541.995
profile,encaps,libgt864,hash_h,1,4074.995
profile,encaps,libgt864,randombytes,1,408.995
profile,encaps,sc,poly_tobytes,2,2209.990
profile,encaps,sc,poly_frombytes,1,758.995
profile,encaps,sc,poly_cbd1,1,397.995
profile,encaps,sc,poly_sotp_encode,1,418.995
profile,encaps,sc,poly_ntt,2,7533.990
profile,encaps,sc,poly_basemul_add,1,2907.995
profile,encaps,sc,hash_f,1,13324.995
profile,encaps,sc,hash_g,1,14591.995
profile,encaps,sc,hash_h,1,4076.995
profile,encaps,sc,randombytes,1,399.995
profile,encaps,libgt864,poly_tobytes,2,3789.990
profile,encaps,libgt864,poly_frombytes,1,690.995
profile,encaps,libgt864,poly_cbd1,1,391.995
profile,encaps,libgt864,poly_sotp_encode,1,410.995
profile,encaps,libgt864,poly_ntt,2,6812.990
profile,encaps,libgt864,poly_basemul_add,1,2179.995
profile,encaps,libgt864,hash_f,1,13273.995
profile,encaps,libgt864,hash_g,1,14515.995
profile,encaps,libgt864,hash_h,1,4079.995
profile,encaps,libgt864,randombytes,1,396.995
profile,encaps,sc,poly_tobytes,2,2209.990
profile,encaps,sc,poly_frombytes,1,756.995
profile,encaps,sc,poly_cbd1,1,397.995
profile,encaps,sc,poly_sotp_encode,1,418.995
profile,encaps,sc,poly_ntt,2,7533.990
profile,encaps,sc,poly_basemul_add,1,2907.995
profile,encaps,sc,hash_f,1,13295.995
profile,encaps,sc,hash_g,1,14615.995
profile,encaps,sc,hash_h,1,4097.995
profile,encaps,sc,randombytes,1,399.995
profile,encaps,libgt864,poly_tobytes,2,3789.990
profile,encaps,libgt864,poly_frombytes,1,691.995
profile,encaps,libgt864,poly_cbd1,1,391.995
profile,encaps,libgt864,poly_sotp_encode,1,410.995
profile,encaps,libgt864,poly_ntt,2,6814.990
profile,encaps,libgt864,poly_basemul_add,1,2179.995
profile,encaps,libgt864,hash_f,1,13274.995
profile,encaps,libgt864,hash_g,1,14547.995
profile,encaps,libgt864,hash_h,1,4073.995
profile,encaps,libgt864,randombytes,1,408.995
profile,encaps,sc,poly_tobytes,2,2209.990
profile,encaps,sc,poly_frombytes,1,758.995
profile,encaps,sc,poly_cbd1,1,397.995
profile,encaps,sc,poly_sotp_encode,1,418.995
profile,encaps,sc,poly_ntt,2,7533.990
profile,encaps,sc,poly_basemul_add,1,2907.995
profile,encaps,sc,hash_f,1,13301.995
profile,encaps,sc,hash_g,1,14583.995
profile,encaps,sc,hash_h,1,4080.995
profile,encaps,sc,randombytes,1,399.995
profile,encaps,libgt864,poly_tobytes,2,3786.990
profile,encaps,libgt864,poly_frombytes,1,690.995
profile,encaps,libgt864,poly_cbd1,1,391.995
profile,encaps,libgt864,poly_sotp_encode,1,410.995
profile,encaps,libgt864,poly_ntt,2,6821.990
profile,encaps,libgt864,poly_basemul_add,1,2179.995
profile,encaps,libgt864,hash_f,1,13286.995
profile,encaps,libgt864,hash_g,1,14529.995
profile,encaps,libgt864,hash_h,1,4075.995
profile,encaps,libgt864,randombytes,1,406.995
profile,encaps,sc,poly_tobytes,2,2209.990
profile,encaps,sc,poly_frombytes,1,758.995
profile,encaps,sc,poly_cbd1,1,397.995
profile,encaps,sc,poly_sotp_encode,1,418.995
profile,encaps,sc,poly_ntt,2,7533.990
profile,encaps,sc,poly_basemul_add,1,2907.995
profile,encaps,sc,hash_f,1,13286.995
profile,encaps,sc,hash_g,1,14609.995
profile,encaps,sc,hash_h,1,4083.995
profile,encaps,sc,randombytes,1,400.995
profile,encaps,libgt864,poly_tobytes,2,3788.990
profile,encaps,libgt864,poly_frombytes,1,691.995
profile,encaps,libgt864,poly_cbd1,1,391.995
profile,encaps,libgt864,poly_sotp_encode,1,410.995
profile,encaps,libgt864,poly_ntt,2,6820.990
profile,encaps,libgt864,poly_basemul_add,1,2179.995
profile,encaps,libgt864,hash_f,1,13279.995
profile,encaps,libgt864,hash_g,1,14536.995
profile,encaps,libgt864,hash_h,1,4086.995
profile,encaps,libgt864,randombytes,1,397.995
profile,encaps,sc,poly_tobytes,2,2209.990
profile,encaps,sc,poly_frombytes,1,756.995
profile,encaps,sc,poly_cbd1,1,397.995
profile,encaps,sc,poly_sotp_encode,1,418.995
profile,encaps,sc,poly_ntt,2,7533.990
profile,encaps,sc,poly_basemul_add,1,2907.995
profile,encaps,sc,hash_f,1,13271.995
profile,encaps,sc,hash_g,1,14612.995
profile,encaps,sc,hash_h,1,4068.995
profile,encaps,sc,randombytes,1,399.995
profile,encaps,libgt864,poly_tobytes,2,3790.990
profile,encaps,libgt864,poly_frombytes,1,690.995
profile,encaps,libgt864,poly_cbd1,1,391.995
profile,encaps,libgt864,poly_sotp_encode,1,414.995
profile,encaps,libgt864,poly_ntt,2,6812.990
profile,encaps,libgt864,poly_basemul_add,1,2179.995
profile,encaps,libgt864,hash_f,1,13277.995
profile,encaps,libgt864,hash_g,1,14542.995
profile,encaps,libgt864,hash_h,1,4055.995
profile,encaps,libgt864,randombytes,1,409.995
profile,encaps,sc,poly_tobytes,2,2209.990
profile,encaps,sc,poly_frombytes,1,758.995
profile,encaps,sc,poly_cbd1,1,397.995
profile,encaps,sc,poly_sotp_encode,1,418.995
profile,encaps,sc,poly_ntt,2,7533.990
profile,encaps,sc,poly_basemul_add,1,2907.995
profile,encaps,sc,hash_f,1,13322.995
profile,encaps,sc,hash_g,1,14594.995
profile,encaps,sc,hash_h,1,4082.995
profile,encaps,sc,randombytes,1,399.995
profile,encaps,libgt864,poly_tobytes,2,3789.990
profile,encaps,libgt864,poly_frombytes,1,691.995
profile,encaps,libgt864,poly_cbd1,1,391.995
profile,encaps,libgt864,poly_sotp_encode,1,410.995
profile,encaps,libgt864,poly_ntt,2,6813.990
profile,encaps,libgt864,poly_basemul_add,1,2179.995
profile,encaps,libgt864,hash_f,1,13282.995
profile,encaps,libgt864,hash_g,1,14541.995
profile,encaps,libgt864,hash_h,1,4055.995
profile,encaps,libgt864,randombytes,1,409.995
profile,encaps,sc,poly_tobytes,2,2209.990
profile,encaps,sc,poly_frombytes,1,756.995
profile,encaps,sc,poly_cbd1,1,397.995
profile,encaps,sc,poly_sotp_encode,1,418.995
profile,encaps,sc,poly_ntt,2,7533.990
profile,encaps,sc,poly_basemul_add,1,2907.995
profile,encaps,sc,hash_f,1,13300.995
profile,encaps,sc,hash_g,1,14625.995
profile,encaps,sc,hash_h,1,4085.995
profile,encaps,sc,randombytes,1,399.995
profile,encaps,libgt864,poly_tobytes,2,3789.990
profile,encaps,libgt864,poly_frombytes,1,690.995
profile,encaps,libgt864,poly_cbd1,1,391.995
profile,encaps,libgt864,poly_sotp_encode,1,410.995
profile,encaps,libgt864,poly_ntt,2,6820.990
profile,encaps,libgt864,poly_basemul_add,1,2179.995
profile,encaps,libgt864,hash_f,1,13263.995
profile,encaps,libgt864,hash_g,1,14536.995
profile,encaps,libgt864,hash_h,1,4112.995
profile,encaps,libgt864,randombytes,1,409.995
profile,encaps,sc,poly_tobytes,2,2209.990
profile,encaps,sc,poly_frombytes,1,758.995
profile,encaps,sc,poly_cbd1,1,397.995
profile,encaps,sc,poly_sotp_encode,1,418.995
profile,encaps,sc,poly_ntt,2,7533.990
profile,encaps,sc,poly_basemul_add,1,2907.995
profile,encaps,sc,hash_f,1,13289.995
profile,encaps,sc,hash_g,1,14610.995
profile,encaps,sc,hash_h,1,4083.995
profile,encaps,sc,randombytes,1,399.995
profile,encaps,libgt864,poly_tobytes,2,3791.990
profile,encaps,libgt864,poly_frombytes,1,691.995
profile,encaps,libgt864,poly_cbd1,1,391.995
profile,encaps,libgt864,poly_sotp_encode,1,410.995
profile,encaps,libgt864,poly_ntt,2,6812.990
profile,encaps,libgt864,poly_basemul_add,1,2179.995
profile,encaps,libgt864,hash_f,1,13318.995
profile,encaps,libgt864,hash_g,1,14547.995
profile,encaps,libgt864,hash_h,1,4082.995
profile,encaps,libgt864,randombytes,1,406.995
profile,encaps,sc,poly_tobytes,2,2209.990
profile,encaps,sc,poly_frombytes,1,756.995
profile,encaps,sc,poly_cbd1,1,397.995
profile,encaps,sc,poly_sotp_encode,1,418.995
profile,encaps,sc,poly_ntt,2,7533.990
profile,encaps,sc,poly_basemul_add,1,2907.995
profile,encaps,sc,hash_f,1,13292.995
profile,encaps,sc,hash_g,1,14584.995
profile,encaps,sc,hash_h,1,4073.995
profile,encaps,sc,randombytes,1,400.995
profile,encaps,libgt864,poly_tobytes,2,3789.990
profile,encaps,libgt864,poly_frombytes,1,690.995
profile,encaps,libgt864,poly_cbd1,1,391.995
profile,encaps,libgt864,poly_sotp_encode,1,410.995
profile,encaps,libgt864,poly_ntt,2,6819.990
profile,encaps,libgt864,poly_basemul_add,1,2179.995
profile,encaps,libgt864,hash_f,1,13272.995
profile,encaps,libgt864,hash_g,1,14508.995
profile,encaps,libgt864,hash_h,1,4086.995
profile,encaps,libgt864,randombytes,1,396.995
profile,encaps,sc,poly_tobytes,2,2209.990
profile,encaps,sc,poly_frombytes,1,756.995
profile,encaps,sc,poly_cbd1,1,397.995
profile,encaps,sc,poly_sotp_encode,1,418.995
profile,encaps,sc,poly_ntt,2,7533.990
profile,encaps,sc,poly_basemul_add,1,2907.995
profile,encaps,sc,hash_f,1,13283.995
profile,encaps,sc,hash_g,1,14566.995
profile,encaps,sc,hash_h,1,4078.995
profile,encaps,sc,randombytes,1,399.995
profile,encaps,libgt864,poly_tobytes,2,3791.990
profile,encaps,libgt864,poly_frombytes,1,691.995
profile,encaps,libgt864,poly_cbd1,1,391.995
profile,encaps,libgt864,poly_sotp_encode,1,410.995
profile,encaps,libgt864,poly_ntt,2,6819.990
profile,encaps,libgt864,poly_basemul_add,1,2179.995
profile,encaps,libgt864,hash_f,1,13302.995
profile,encaps,libgt864,hash_g,1,14528.995
profile,encaps,libgt864,hash_h,1,4072.995
profile,encaps,libgt864,randombytes,1,409.995
profile,encaps,sc,poly_tobytes,2,2209.990
profile,encaps,sc,poly_frombytes,1,758.995
profile,encaps,sc,poly_cbd1,1,397.995
profile,encaps,sc,poly_sotp_encode,1,418.995
profile,encaps,sc,poly_ntt,2,7533.990
profile,encaps,sc,poly_basemul_add,1,2907.995
profile,encaps,sc,hash_f,1,13270.995
profile,encaps,sc,hash_g,1,14615.995
profile,encaps,sc,hash_h,1,4074.995
profile,encaps,sc,randombytes,1,399.995
profile,encaps,libgt864,poly_tobytes,2,3789.990
profile,encaps,libgt864,poly_frombytes,1,690.995
profile,encaps,libgt864,poly_cbd1,1,391.995
profile,encaps,libgt864,poly_sotp_encode,1,410.995
profile,encaps,libgt864,poly_ntt,2,6820.990
profile,encaps,libgt864,poly_basemul_add,1,2179.995
profile,encaps,libgt864,hash_f,1,13255.995
profile,encaps,libgt864,hash_g,1,14536.995
profile,encaps,libgt864,hash_h,1,4070.995
profile,encaps,libgt864,randombytes,1,409.995
profile,encaps,sc,poly_tobytes,2,2209.990
profile,encaps,sc,poly_frombytes,1,756.995
profile,encaps,sc,poly_cbd1,1,397.995
profile,encaps,sc,poly_sotp_encode,1,418.995
profile,encaps,sc,poly_ntt,2,7533.990
profile,encaps,sc,poly_basemul_add,1,2907.995
profile,encaps,sc,hash_f,1,13298.995
profile,encaps,sc,hash_g,1,14583.995
profile,encaps,sc,hash_h,1,4084.995
profile,encaps,sc,randombytes,1,399.995
profile,encaps,libgt864,poly_tobytes,2,3790.990
profile,encaps,libgt864,poly_frombytes,1,691.995
profile,encaps,libgt864,poly_cbd1,1,391.995
profile,encaps,libgt864,poly_sotp_encode,1,410.995
profile,encaps,libgt864,poly_ntt,2,6819.990
profile,encaps,libgt864,poly_basemul_add,1,2179.995
profile,encaps,libgt864,hash_f,1,13257.995
profile,encaps,libgt864,hash_g,1,14528.995
profile,encaps,libgt864,hash_h,1,4071.995
profile,encaps,libgt864,randombytes,1,409.995
profile,encaps,sc,poly_tobytes,2,2216.990
profile,encaps,sc,poly_frombytes,1,756.995
profile,encaps,sc,poly_cbd1,1,397.995
profile,encaps,sc,poly_sotp_encode,1,418.995
profile,encaps,sc,poly_ntt,2,7533.990
profile,encaps,sc,poly_basemul_add,1,2907.995
profile,encaps,sc,hash_f,1,13295.995
profile,encaps,sc,hash_g,1,14642.995
profile,encaps,sc,hash_h,1,4074.995
profile,encaps,sc,randombytes,1,400.995
profile,encaps,libgt864,poly_tobytes,2,3789.990
profile,encaps,libgt864,poly_frombytes,1,690.995
profile,encaps,libgt864,poly_cbd1,1,391.995
profile,encaps,libgt864,poly_sotp_encode,1,410.995
profile,encaps,libgt864,poly_ntt,2,6820.990
profile,encaps,libgt864,poly_basemul_add,1,2179.995
profile,encaps,libgt864,hash_f,1,13278.995
profile,encaps,libgt864,hash_g,1,14545.995
profile,encaps,libgt864,hash_h,1,4073.995
profile,encaps,libgt864,randombytes,1,409.995
profile,decaps,sc,poly_tobytes,2,2205.990
profile,decaps,sc,poly_frombytes,3,2248.985
profile,decaps,sc,poly_cbd1,1,395.995
profile,decaps,sc,poly_sotp_decode,1,428.995
profile,decaps,sc,poly_ntt,2,7533.990
profile,decaps,sc,poly_basemul,1,2437.995
profile,decaps,sc,poly_sub,1,213.995
profile,decaps,sc,poly_crepmod3,1,499.995
profile,decaps,sc,hash_g,1,14583.995
profile,decaps,sc,hash_h,1,4066.995
profile,decaps,sc,poly_invntt_scale,1,4150.995
profile,decaps,sc,poly_basemul_scale,1,1754.995
profile,decaps,libgt864,poly_tobytes,2,3800.990
profile,decaps,libgt864,poly_frombytes,3,2057.985
profile,decaps,libgt864,poly_cbd1,1,384.995
profile,decaps,libgt864,poly_sotp_decode,1,404.995
profile,decaps,libgt864,poly_ntt,2,6815.990
profile,decaps,libgt864,poly_invntt,1,7722.995
profile,decaps,libgt864,poly_basemul,2,4375.990
profile,decaps,libgt864,poly_sub,1,214.995
profile,decaps,libgt864,poly_crepmod3,1,469.995
profile,decaps,libgt864,hash_g,1,14584.995
profile,decaps,libgt864,hash_h,1,4093.995
profile,decaps,sc,poly_tobytes,2,2204.990
profile,decaps,sc,poly_frombytes,3,2241.985
profile,decaps,sc,poly_cbd1,1,393.995
profile,decaps,sc,poly_sotp_decode,1,428.995
profile,decaps,sc,poly_ntt,2,7758.990
profile,decaps,sc,poly_basemul,1,2437.995
profile,decaps,sc,poly_sub,1,214.995
profile,decaps,sc,poly_crepmod3,1,497.995
profile,decaps,sc,hash_g,1,14567.995
profile,decaps,sc,hash_h,1,4084.995
profile,decaps,sc,poly_invntt_scale,1,4136.995
profile,decaps,sc,poly_basemul_scale,1,1754.995
profile,decaps,libgt864,poly_tobytes,2,3829.990
profile,decaps,libgt864,poly_frombytes,3,2047.985
profile,decaps,libgt864,poly_cbd1,1,384.995
profile,decaps,libgt864,poly_sotp_decode,1,404.995
profile,decaps,libgt864,poly_ntt,2,6813.990
profile,decaps,libgt864,poly_invntt,1,7733.995
profile,decaps,libgt864,poly_basemul,2,4339.990
profile,decaps,libgt864,poly_sub,1,214.995
profile,decaps,libgt864,poly_crepmod3,1,469.995
profile,decaps,libgt864,hash_g,1,14566.995
profile,decaps,libgt864,hash_h,1,4117.995
profile,decaps,sc,poly_tobytes,2,2205.990
profile,decaps,sc,poly_frombytes,3,2241.985
profile,decaps,sc,poly_cbd1,1,395.995
profile,decaps,sc,poly_sotp_decode,1,428.995
profile,decaps,sc,poly_ntt,2,7533.990
profile,decaps,sc,poly_basemul,1,2437.995
profile,decaps,sc,poly_sub,1,213.995
profile,decaps,sc,poly_crepmod3,1,487.995
profile,decaps,sc,hash_g,1,14517.995
profile,decaps,sc,hash_h,1,4073.995
profile,decaps,sc,poly_invntt_scale,1,4134.995
profile,decaps,sc,poly_basemul_scale,1,1754.995
profile,decaps,libgt864,poly_tobytes,2,3790.990
profile,decaps,libgt864,poly_frombytes,3,2049.985
profile,decaps,libgt864,poly_cbd1,1,384.995
profile,decaps,libgt864,poly_sotp_decode,1,394.995
profile,decaps,libgt864,poly_ntt,2,6815.990
profile,decaps,libgt864,poly_invntt,1,7725.995
profile,decaps,libgt864,poly_basemul,2,4373.990
profile,decaps,libgt864,poly_sub,1,214.995
profile,decaps,libgt864,poly_crepmod3,1,467.995
profile,decaps,libgt864,hash_g,1,14579.995
profile,decaps,libgt864,hash_h,1,4077.995
profile,decaps,sc,poly_tobytes,2,2205.990
profile,decaps,sc,poly_frombytes,3,2261.985
profile,decaps,sc,poly_cbd1,1,395.995
profile,decaps,sc,poly_sotp_decode,1,428.995
profile,decaps,sc,poly_ntt,2,7533.990
profile,decaps,sc,poly_basemul,1,2437.995
profile,decaps,sc,poly_sub,1,213.995
profile,decaps,sc,poly_crepmod3,1,487.995
profile,decaps,sc,hash_g,1,14523.995
profile,decaps,sc,hash_h,1,4062.995
profile,decaps,sc,poly_invntt_scale,1,4127.995
profile,decaps,sc,poly_basemul_scale,1,1754.995
profile,decaps,libgt864,poly_tobytes,2,3807.990
profile,decaps,libgt864,poly_frombytes,3,2055.985
profile,decaps,libgt864,poly_cbd1,1,384.995
profile,decaps,libgt864,poly_sotp_decode,1,404.995
profile,decaps,libgt864,poly_ntt,2,6815.990
profile,decaps,libgt864,poly_invntt,1,7714.995
profile,decaps,libgt864,poly_basemul,2,4373.990
profile,decaps,libgt864,poly_sub,1,214.995
profile,decaps,libgt864,poly_crepmod3,1,469.995
profile,decaps,libgt864,hash_g,1,14559.995
profile,decaps,libgt864,hash_h,1,4079.995
profile,decaps,sc,poly_tobytes,2,2205.990
profile,decaps,sc,poly_frombytes,3,2252.985
profile,decaps,sc,poly_cbd1,1,395.995
profile,decaps,sc,poly_sotp_decode,1,428.995
profile,decaps,sc,poly_ntt,2,7533.990
profile,decaps,sc,poly_basemul,1,2437.995
profile,decaps,sc,poly_sub,1,213.995
profile,decaps,sc,poly_crepmod3,1,487.995
profile,decaps,sc,hash_g,1,14554.995
profile,decaps,sc,hash_h,1,4068.995
profile,decaps,sc,poly_invntt_scale,1,4127.995
profile,decaps,sc,poly_basemul_scale,1,1754.995
profile,decaps,libgt864,poly_tobytes,2,3799.990
profile,decaps,libgt864,poly_frombytes,3,2052.985
profile,decaps,libgt864,poly_cbd1,1,384.995
profile,decaps,libgt864,poly_sotp_decode,1,404.995
profile,decaps,libgt864,poly_ntt,2,6815.990
profile,decaps,libgt864,poly_invntt,1,7732.995
profile,decaps,libgt864,poly_basemul,2,4373.990
profile,decaps,libgt864,poly_sub,1,214.995
profile,decaps,libgt864,poly_crepmod3,1,469.995
profile,decaps,libgt864,hash_g,1,14563.995
profile,decaps,libgt864,hash_h,1,4076.995
profile,decaps,sc,poly_tobytes,2,2205.990
profile,decaps,sc,poly_frombytes,3,2251.985
profile,decaps,sc,poly_cbd1,1,395.995
profile,decaps,sc,poly_sotp_decode,1,428.995
profile,decaps,sc,poly_ntt,2,7533.990
profile,decaps,sc,poly_basemul,1,2437.995
profile,decaps,sc,poly_sub,1,213.995
profile,decaps,sc,poly_crepmod3,1,487.995
profile,decaps,sc,hash_g,1,14521.995
profile,decaps,sc,hash_h,1,4069.995
profile,decaps,sc,poly_invntt_scale,1,4127.995
profile,decaps,sc,poly_basemul_scale,1,1754.995
profile,decaps,libgt864,poly_tobytes,2,3799.990
profile,decaps,libgt864,poly_frombytes,3,2057.985
profile,decaps,libgt864,poly_cbd1,1,384.995
profile,decaps,libgt864,poly_sotp_decode,1,404.995
profile,decaps,libgt864,poly_ntt,2,6815.990
profile,decaps,libgt864,poly_invntt,1,7712.995
profile,decaps,libgt864,poly_basemul,2,4375.990
profile,decaps,libgt864,poly_sub,1,214.995
profile,decaps,libgt864,poly_crepmod3,1,469.995
profile,decaps,libgt864,hash_g,1,14549.995
profile,decaps,libgt864,hash_h,1,4076.995
profile,decaps,sc,poly_tobytes,2,2205.990
profile,decaps,sc,poly_frombytes,3,2257.985
profile,decaps,sc,poly_cbd1,1,395.995
profile,decaps,sc,poly_sotp_decode,1,428.995
profile,decaps,sc,poly_ntt,2,7533.990
profile,decaps,sc,poly_basemul,1,2437.995
profile,decaps,sc,poly_sub,1,213.995
profile,decaps,sc,poly_crepmod3,1,487.995
profile,decaps,sc,hash_g,1,14509.995
profile,decaps,sc,hash_h,1,4061.995
profile,decaps,sc,poly_invntt_scale,1,4127.995
profile,decaps,sc,poly_basemul_scale,1,1754.995
profile,decaps,libgt864,poly_tobytes,2,3804.990
profile,decaps,libgt864,poly_frombytes,3,2049.985
profile,decaps,libgt864,poly_cbd1,1,384.995
profile,decaps,libgt864,poly_sotp_decode,1,394.995
profile,decaps,libgt864,poly_ntt,2,6815.990
profile,decaps,libgt864,poly_invntt,1,7726.995
profile,decaps,libgt864,poly_basemul,2,4373.990
profile,decaps,libgt864,poly_sub,1,214.995
profile,decaps,libgt864,poly_crepmod3,1,469.995
profile,decaps,libgt864,hash_g,1,14550.995
profile,decaps,libgt864,hash_h,1,4074.995
profile,decaps,sc,poly_tobytes,2,2205.990
profile,decaps,sc,poly_frombytes,3,2251.985
profile,decaps,sc,poly_cbd1,1,395.995
profile,decaps,sc,poly_sotp_decode,1,428.995
profile,decaps,sc,poly_ntt,2,7533.990
profile,decaps,sc,poly_basemul,1,2437.995
profile,decaps,sc,poly_sub,1,213.995
profile,decaps,sc,poly_crepmod3,1,487.995
profile,decaps,sc,hash_g,1,14521.995
profile,decaps,sc,hash_h,1,4068.995
profile,decaps,sc,poly_invntt_scale,1,4127.995
profile,decaps,sc,poly_basemul_scale,1,1754.995
profile,decaps,libgt864,poly_tobytes,2,3795.990
profile,decaps,libgt864,poly_frombytes,3,2055.985
profile,decaps,libgt864,poly_cbd1,1,384.995
profile,decaps,libgt864,poly_sotp_decode,1,404.995
profile,decaps,libgt864,poly_ntt,2,6812.990
profile,decaps,libgt864,poly_invntt,1,7714.995
profile,decaps,libgt864,poly_basemul,2,4373.990
profile,decaps,libgt864,poly_sub,1,214.995
profile,decaps,libgt864,poly_crepmod3,1,469.995
profile,decaps,libgt864,hash_g,1,14552.995
profile,decaps,libgt864,hash_h,1,4082.995
profile,decaps,sc,poly_tobytes,2,2205.990
profile,decaps,sc,poly_frombytes,3,2241.985
profile,decaps,sc,poly_cbd1,1,395.995
profile,decaps,sc,poly_sotp_decode,1,428.995
profile,decaps,sc,poly_ntt,2,7533.990
profile,decaps,sc,poly_basemul,1,2437.995
profile,decaps,sc,poly_sub,1,213.995
profile,decaps,sc,poly_crepmod3,1,487.995
profile,decaps,sc,hash_g,1,14524.995
profile,decaps,sc,hash_h,1,4061.995
profile,decaps,sc,poly_invntt_scale,1,4127.995
profile,decaps,sc,poly_basemul_scale,1,1754.995
profile,decaps,libgt864,poly_tobytes,2,3804.990
profile,decaps,libgt864,poly_frombytes,3,2051.985
profile,decaps,libgt864,poly_cbd1,1,384.995
profile,decaps,libgt864,poly_sotp_decode,1,404.995
profile,decaps,libgt864,poly_ntt,2,6815.990
profile,decaps,libgt864,poly_invntt,1,7714.995
profile,decaps,libgt864,poly_basemul,2,4373.990
profile,decaps,libgt864,poly_sub,1,214.995
profile,decaps,libgt864,poly_crepmod3,1,469.995
profile,decaps,libgt864,hash_g,1,14553.995
profile,decaps,libgt864,hash_h,1,4072.995
profile,decaps,sc,poly_tobytes,2,2205.990
profile,decaps,sc,poly_frombytes,3,2247.985
profile,decaps,sc,poly_cbd1,1,395.995
profile,decaps,sc,poly_sotp_decode,1,428.995
profile,decaps,sc,poly_ntt,2,7533.990
profile,decaps,sc,poly_basemul,1,2437.995
profile,decaps,sc,poly_sub,1,213.995
profile,decaps,sc,poly_crepmod3,1,487.995
profile,decaps,sc,hash_g,1,14519.995
profile,decaps,sc,hash_h,1,4075.995
profile,decaps,sc,poly_invntt_scale,1,4127.995
profile,decaps,sc,poly_basemul_scale,1,1754.995
profile,decaps,libgt864,poly_tobytes,2,3804.990
profile,decaps,libgt864,poly_frombytes,3,2055.985
profile,decaps,libgt864,poly_cbd1,1,384.995
profile,decaps,libgt864,poly_sotp_decode,1,404.995
profile,decaps,libgt864,poly_ntt,2,6819.990
profile,decaps,libgt864,poly_invntt,1,7716.995
profile,decaps,libgt864,poly_basemul,2,4375.990
profile,decaps,libgt864,poly_sub,1,214.995
profile,decaps,libgt864,poly_crepmod3,1,469.995
profile,decaps,libgt864,hash_g,1,14563.995
profile,decaps,libgt864,hash_h,1,4085.995
profile,decaps,sc,poly_tobytes,2,2205.990
profile,decaps,sc,poly_frombytes,3,2251.985
profile,decaps,sc,poly_cbd1,1,395.995
profile,decaps,sc,poly_sotp_decode,1,428.995
profile,decaps,sc,poly_ntt,2,7533.990
profile,decaps,sc,poly_basemul,1,2437.995
profile,decaps,sc,poly_sub,1,213.995
profile,decaps,sc,poly_crepmod3,1,487.995
profile,decaps,sc,hash_g,1,14520.995
profile,decaps,sc,hash_h,1,4060.995
profile,decaps,sc,poly_invntt_scale,1,4127.995
profile,decaps,sc,poly_basemul_scale,1,1754.995
profile,decaps,libgt864,poly_tobytes,2,3795.990
profile,decaps,libgt864,poly_frombytes,3,2058.985
profile,decaps,libgt864,poly_cbd1,1,384.995
profile,decaps,libgt864,poly_sotp_decode,1,394.995
profile,decaps,libgt864,poly_ntt,2,6809.990
profile,decaps,libgt864,poly_invntt,1,7714.995
profile,decaps,libgt864,poly_basemul,2,4373.990
profile,decaps,libgt864,poly_sub,1,214.995
profile,decaps,libgt864,poly_crepmod3,1,469.995
profile,decaps,libgt864,hash_g,1,14533.995
profile,decaps,libgt864,hash_h,1,4066.995
profile,decaps,sc,poly_tobytes,2,2205.990
profile,decaps,sc,poly_frombytes,3,2251.985
profile,decaps,sc,poly_cbd1,1,395.995
profile,decaps,sc,poly_sotp_decode,1,428.995
profile,decaps,sc,poly_ntt,2,7533.990
profile,decaps,sc,poly_basemul,1,2437.995
profile,decaps,sc,poly_sub,1,213.995
profile,decaps,sc,poly_crepmod3,1,487.995
profile,decaps,sc,hash_g,1,14513.995
profile,decaps,sc,hash_h,1,4059.995
profile,decaps,sc,poly_invntt_scale,1,4127.995
profile,decaps,sc,poly_basemul_scale,1,1754.995
profile,decaps,libgt864,poly_tobytes,2,3804.990
profile,decaps,libgt864,poly_frombytes,3,2055.985
profile,decaps,libgt864,poly_cbd1,1,384.995
profile,decaps,libgt864,poly_sotp_decode,1,404.995
profile,decaps,libgt864,poly_ntt,2,6816.990
profile,decaps,libgt864,poly_invntt,1,7716.995
profile,decaps,libgt864,poly_basemul,2,4375.990
profile,decaps,libgt864,poly_sub,1,214.995
profile,decaps,libgt864,poly_crepmod3,1,469.995
profile,decaps,libgt864,hash_g,1,14563.995
profile,decaps,libgt864,hash_h,1,4062.995
profile,decaps,sc,poly_tobytes,2,2205.990
profile,decaps,sc,poly_frombytes,3,2251.985
profile,decaps,sc,poly_cbd1,1,395.995
profile,decaps,sc,poly_sotp_decode,1,428.995
profile,decaps,sc,poly_ntt,2,7533.990
profile,decaps,sc,poly_basemul,1,2437.995
profile,decaps,sc,poly_sub,1,213.995
profile,decaps,sc,poly_crepmod3,1,487.995
profile,decaps,sc,hash_g,1,14512.995
profile,decaps,sc,hash_h,1,4071.995
profile,decaps,sc,poly_invntt_scale,1,4127.995
profile,decaps,sc,poly_basemul_scale,1,1754.995
profile,decaps,libgt864,poly_tobytes,2,3799.990
profile,decaps,libgt864,poly_frombytes,3,2051.985
profile,decaps,libgt864,poly_cbd1,1,384.995
profile,decaps,libgt864,poly_sotp_decode,1,404.995
profile,decaps,libgt864,poly_ntt,2,6815.990
profile,decaps,libgt864,poly_invntt,1,7717.995
profile,decaps,libgt864,poly_basemul,2,4375.990
profile,decaps,libgt864,poly_sub,1,214.995
profile,decaps,libgt864,poly_crepmod3,1,469.995
profile,decaps,libgt864,hash_g,1,14590.995
profile,decaps,libgt864,hash_h,1,4081.995
profile,decaps,sc,poly_tobytes,2,2205.990
profile,decaps,sc,poly_frombytes,3,2257.985
profile,decaps,sc,poly_cbd1,1,395.995
profile,decaps,sc,poly_sotp_decode,1,428.995
profile,decaps,sc,poly_ntt,2,7533.990
profile,decaps,sc,poly_basemul,1,2437.995
profile,decaps,sc,poly_sub,1,213.995
profile,decaps,sc,poly_crepmod3,1,487.995
profile,decaps,sc,hash_g,1,14542.995
profile,decaps,sc,hash_h,1,4078.995
profile,decaps,sc,poly_invntt_scale,1,4127.995
profile,decaps,sc,poly_basemul_scale,1,1754.995
profile,decaps,libgt864,poly_tobytes,2,3804.990
profile,decaps,libgt864,poly_frombytes,3,2055.985
profile,decaps,libgt864,poly_cbd1,1,384.995
profile,decaps,libgt864,poly_sotp_decode,1,404.995
profile,decaps,libgt864,poly_ntt,2,6815.990
profile,decaps,libgt864,poly_invntt,1,7716.995
profile,decaps,libgt864,poly_basemul,2,4375.990
profile,decaps,libgt864,poly_sub,1,214.995
profile,decaps,libgt864,poly_crepmod3,1,469.995
profile,decaps,libgt864,hash_g,1,14566.995
profile,decaps,libgt864,hash_h,1,4072.995
profile,decaps,sc,poly_tobytes,2,2205.990
profile,decaps,sc,poly_frombytes,3,2241.985
profile,decaps,sc,poly_cbd1,1,395.995
profile,decaps,sc,poly_sotp_decode,1,428.995
profile,decaps,sc,poly_ntt,2,7533.990
profile,decaps,sc,poly_basemul,1,2437.995
profile,decaps,sc,poly_sub,1,213.995
profile,decaps,sc,poly_crepmod3,1,487.995
profile,decaps,sc,hash_g,1,14529.995
profile,decaps,sc,hash_h,1,4071.995
profile,decaps,sc,poly_invntt_scale,1,4127.995
profile,decaps,sc,poly_basemul_scale,1,1754.995
profile,decaps,libgt864,poly_tobytes,2,3804.990
profile,decaps,libgt864,poly_frombytes,3,2050.985
profile,decaps,libgt864,poly_cbd1,1,384.995
profile,decaps,libgt864,poly_sotp_decode,1,404.995
profile,decaps,libgt864,poly_ntt,2,6820.990
profile,decaps,libgt864,poly_invntt,1,7716.995
profile,decaps,libgt864,poly_basemul,2,4373.990
profile,decaps,libgt864,poly_sub,1,214.995
profile,decaps,libgt864,poly_crepmod3,1,469.995
profile,decaps,libgt864,hash_g,1,14560.995
profile,decaps,libgt864,hash_h,1,4076.995
profile,decaps,sc,poly_tobytes,2,2205.990
profile,decaps,sc,poly_frombytes,3,2247.985
profile,decaps,sc,poly_cbd1,1,395.995
profile,decaps,sc,poly_sotp_decode,1,428.995
profile,decaps,sc,poly_ntt,2,7533.990
profile,decaps,sc,poly_basemul,1,2437.995
profile,decaps,sc,poly_sub,1,213.995
profile,decaps,sc,poly_crepmod3,1,487.995
profile,decaps,sc,hash_g,1,14512.995
profile,decaps,sc,hash_h,1,4060.995
profile,decaps,sc,poly_invntt_scale,1,4127.995
profile,decaps,sc,poly_basemul_scale,1,1754.995
profile,decaps,libgt864,poly_tobytes,2,3799.990
profile,decaps,libgt864,poly_frombytes,3,2055.985
profile,decaps,libgt864,poly_cbd1,1,384.995
profile,decaps,libgt864,poly_sotp_decode,1,404.995
profile,decaps,libgt864,poly_ntt,2,6816.990
profile,decaps,libgt864,poly_invntt,1,7716.995
profile,decaps,libgt864,poly_basemul,2,4375.990
profile,decaps,libgt864,poly_sub,1,214.995
profile,decaps,libgt864,poly_crepmod3,1,469.995
profile,decaps,libgt864,hash_g,1,14547.995
profile,decaps,libgt864,hash_h,1,4075.995
profile,decaps,sc,poly_tobytes,2,2205.990
profile,decaps,sc,poly_frombytes,3,2258.985
profile,decaps,sc,poly_cbd1,1,395.995
profile,decaps,sc,poly_sotp_decode,1,428.995
profile,decaps,sc,poly_ntt,2,7533.990
profile,decaps,sc,poly_basemul,1,2437.995
profile,decaps,sc,poly_sub,1,213.995
profile,decaps,sc,poly_crepmod3,1,487.995
profile,decaps,sc,hash_g,1,14537.995
profile,decaps,sc,hash_h,1,4073.995
profile,decaps,sc,poly_invntt_scale,1,4127.995
profile,decaps,sc,poly_basemul_scale,1,1754.995
profile,decaps,libgt864,poly_tobytes,2,3804.990
profile,decaps,libgt864,poly_frombytes,3,2055.985
profile,decaps,libgt864,poly_cbd1,1,384.995
profile,decaps,libgt864,poly_sotp_decode,1,394.995
profile,decaps,libgt864,poly_ntt,2,6816.990
profile,decaps,libgt864,poly_invntt,1,7726.995
profile,decaps,libgt864,poly_basemul,2,4373.990
profile,decaps,libgt864,poly_sub,1,214.995
profile,decaps,libgt864,poly_crepmod3,1,469.995
profile,decaps,libgt864,hash_g,1,14563.995
profile,decaps,libgt864,hash_h,1,4078.995
profile,decaps,sc,poly_tobytes,2,2205.990
profile,decaps,sc,poly_frombytes,3,2257.985
profile,decaps,sc,poly_cbd1,1,395.995
profile,decaps,sc,poly_sotp_decode,1,428.995
profile,decaps,sc,poly_ntt,2,7533.990
profile,decaps,sc,poly_basemul,1,2437.995
profile,decaps,sc,poly_sub,1,213.995
profile,decaps,sc,poly_crepmod3,1,487.995
profile,decaps,sc,hash_g,1,14527.995
profile,decaps,sc,hash_h,1,4074.995
profile,decaps,sc,poly_invntt_scale,1,4127.995
profile,decaps,sc,poly_basemul_scale,1,1754.995
profile,decaps,libgt864,poly_tobytes,2,3814.990
profile,decaps,libgt864,poly_frombytes,3,2056.985
profile,decaps,libgt864,poly_cbd1,1,384.995
profile,decaps,libgt864,poly_sotp_decode,1,404.995
profile,decaps,libgt864,poly_ntt,2,6815.990
profile,decaps,libgt864,poly_invntt,1,7714.995
profile,decaps,libgt864,poly_basemul,2,4375.990
profile,decaps,libgt864,poly_sub,1,214.995
profile,decaps,libgt864,poly_crepmod3,1,469.995
profile,decaps,libgt864,hash_g,1,14553.995
profile,decaps,libgt864,hash_h,1,4082.995
profile,decaps,sc,poly_tobytes,2,2205.990
profile,decaps,sc,poly_frombytes,3,2249.985
profile,decaps,sc,poly_cbd1,1,395.995
profile,decaps,sc,poly_sotp_decode,1,428.995
profile,decaps,sc,poly_ntt,2,7533.990
profile,decaps,sc,poly_basemul,1,2437.995
profile,decaps,sc,poly_sub,1,213.995
profile,decaps,sc,poly_crepmod3,1,487.995
profile,decaps,sc,hash_g,1,14523.995
profile,decaps,sc,hash_h,1,4078.995
profile,decaps,sc,poly_invntt_scale,1,4127.995
profile,decaps,sc,poly_basemul_scale,1,1754.995
profile,decaps,libgt864,poly_tobytes,2,3799.990
profile,decaps,libgt864,poly_frombytes,3,2050.985
profile,decaps,libgt864,poly_cbd1,1,384.995
profile,decaps,libgt864,poly_sotp_decode,1,404.995
profile,decaps,libgt864,poly_ntt,2,6808.990
profile,decaps,libgt864,poly_invntt,1,7729.995
profile,decaps,libgt864,poly_basemul,2,4373.990
profile,decaps,libgt864,poly_sub,1,214.995
profile,decaps,libgt864,poly_crepmod3,1,469.995
profile,decaps,libgt864,hash_g,1,14544.995
profile,decaps,libgt864,hash_h,1,4076.995
profile,decaps,sc,poly_tobytes,2,2205.990
profile,decaps,sc,poly_frombytes,3,2241.985
profile,decaps,sc,poly_cbd1,1,395.995
profile,decaps,sc,poly_sotp_decode,1,428.995
profile,decaps,sc,poly_ntt,2,7533.990
profile,decaps,sc,poly_basemul,1,2437.995
profile,decaps,sc,poly_sub,1,213.995
profile,decaps,sc,poly_crepmod3,1,487.995
profile,decaps,sc,hash_g,1,14515.995
profile,decaps,sc,hash_h,1,4076.995
profile,decaps,sc,poly_invntt_scale,1,4127.995
profile,decaps,sc,poly_basemul_scale,1,1754.995
profile,decaps,libgt864,poly_tobytes,2,3795.990
profile,decaps,libgt864,poly_frombytes,3,2058.985
profile,decaps,libgt864,poly_cbd1,1,384.995
profile,decaps,libgt864,poly_sotp_decode,1,404.995
profile,decaps,libgt864,poly_ntt,2,6816.990
profile,decaps,libgt864,poly_invntt,1,7716.995
profile,decaps,libgt864,poly_basemul,2,4375.990
profile,decaps,libgt864,poly_sub,1,214.995
profile,decaps,libgt864,poly_crepmod3,1,469.995
profile,decaps,libgt864,hash_g,1,14546.995
profile,decaps,libgt864,hash_h,1,4073.995
profile,decaps,sc,poly_tobytes,2,2205.990
profile,decaps,sc,poly_frombytes,3,2252.985
profile,decaps,sc,poly_cbd1,1,395.995
profile,decaps,sc,poly_sotp_decode,1,428.995
profile,decaps,sc,poly_ntt,2,7533.990
profile,decaps,sc,poly_basemul,1,2437.995
profile,decaps,sc,poly_sub,1,213.995
profile,decaps,sc,poly_crepmod3,1,487.995
profile,decaps,sc,hash_g,1,14515.995
profile,decaps,sc,hash_h,1,4075.995
profile,decaps,sc,poly_invntt_scale,1,4127.995
profile,decaps,sc,poly_basemul_scale,1,1754.995
profile,decaps,libgt864,poly_tobytes,2,3804.990
profile,decaps,libgt864,poly_frombytes,3,2055.985
profile,decaps,libgt864,poly_cbd1,1,384.995
profile,decaps,libgt864,poly_sotp_decode,1,394.995
profile,decaps,libgt864,poly_ntt,2,6815.990
profile,decaps,libgt864,poly_invntt,1,7726.995
profile,decaps,libgt864,poly_basemul,2,4373.990
profile,decaps,libgt864,poly_sub,1,214.995
profile,decaps,libgt864,poly_crepmod3,1,469.995
profile,decaps,libgt864,hash_g,1,14542.995
profile,decaps,libgt864,hash_h,1,4080.995
profile,decaps,sc,poly_tobytes,2,2205.990
profile,decaps,sc,poly_frombytes,3,2235.985
profile,decaps,sc,poly_cbd1,1,395.995
profile,decaps,sc,poly_sotp_decode,1,428.995
profile,decaps,sc,poly_ntt,2,7533.990
profile,decaps,sc,poly_basemul,1,2437.995
profile,decaps,sc,poly_sub,1,213.995
profile,decaps,sc,poly_crepmod3,1,487.995
profile,decaps,sc,hash_g,1,14528.995
profile,decaps,sc,hash_h,1,4061.995
profile,decaps,sc,poly_invntt_scale,1,4141.995
profile,decaps,sc,poly_basemul_scale,1,1754.995
profile,decaps,libgt864,poly_tobytes,2,3824.990
profile,decaps,libgt864,poly_frombytes,3,2055.985
profile,decaps,libgt864,poly_cbd1,1,384.995
profile,decaps,libgt864,poly_sotp_decode,1,404.995
profile,decaps,libgt864,poly_ntt,2,6866.990
profile,decaps,libgt864,poly_invntt,1,7714.995
profile,decaps,libgt864,poly_basemul,2,4375.990
profile,decaps,libgt864,poly_sub,1,214.995
profile,decaps,libgt864,poly_crepmod3,1,469.995
profile,decaps,libgt864,hash_g,1,14718.995
profile,decaps,libgt864,hash_h,1,4079.995
profile,decaps,sc,poly_tobytes,2,2205.990
profile,decaps,sc,poly_frombytes,3,2240.985
profile,decaps,sc,poly_cbd1,1,395.995
profile,decaps,sc,poly_sotp_decode,1,428.995
profile,decaps,sc,poly_ntt,2,7533.990
profile,decaps,sc,poly_basemul,1,2437.995
profile,decaps,sc,poly_sub,1,213.995
profile,decaps,sc,poly_crepmod3,1,487.995
profile,decaps,sc,hash_g,1,14502.995
profile,decaps,sc,hash_h,1,4063.995
profile,decaps,sc,poly_invntt_scale,1,4127.995
profile,decaps,sc,poly_basemul_scale,1,1754.995
profile,decaps,libgt864,poly_tobytes,2,3796.990
profile,decaps,libgt864,poly_frombytes,3,2066.985
profile,decaps,libgt864,poly_cbd1,1,384.995
profile,decaps,libgt864,poly_sotp_decode,1,394.995
profile,decaps,libgt864,poly_ntt,2,6809.990
profile,decaps,libgt864,poly_invntt,1,7726.995
profile,decaps,libgt864,poly_basemul,2,4373.990
profile,decaps,libgt864,poly_sub,1,214.995
profile,decaps,libgt864,poly_crepmod3,1,469.995
profile,decaps,libgt864,hash_g,1,14583.995
profile,decaps,libgt864,hash_h,1,4077.995
profile,decaps,sc,poly_tobytes,2,2205.990
profile,decaps,sc,poly_frombytes,3,2251.985
profile,decaps,sc,poly_cbd1,1,395.995
profile,decaps,sc,poly_sotp_decode,1,428.995
profile,decaps,sc,poly_ntt,2,7533.990
profile,decaps,sc,poly_basemul,1,2437.995
profile,decaps,sc,poly_sub,1,213.995
profile,decaps,sc,poly_crepmod3,1,487.995
profile,decaps,sc,hash_g,1,14540.995
profile,decaps,sc,hash_h,1,4064.995
profile,decaps,sc,poly_invntt_scale,1,4141.995
profile,decaps,sc,poly_basemul_scale,1,1754.995
profile,decaps,libgt864,poly_tobytes,2,3799.990
profile,decaps,libgt864,poly_frombytes,3,2073.985
profile,decaps,libgt864,poly_cbd1,1,384.995
profile,decaps,libgt864,poly_sotp_decode,1,394.995
profile,decaps,libgt864,poly_ntt,2,6815.990
profile,decaps,libgt864,poly_invntt,1,7727.995
profile,decaps,libgt864,poly_basemul,2,4375.990
profile,decaps,libgt864,poly_sub,1,214.995
profile,decaps,libgt864,poly_crepmod3,1,467.995
profile,decaps,libgt864,hash_g,1,14597.995
profile,decaps,libgt864,hash_h,1,4118.995
profile,decaps,sc,poly_tobytes,2,2205.990
profile,decaps,sc,poly_frombytes,3,2261.985
profile,decaps,sc,poly_cbd1,1,395.995
profile,decaps,sc,poly_sotp_decode,1,428.995
profile,decaps,sc,poly_ntt,2,7533.990
profile,decaps,sc,poly_basemul,1,2437.995
profile,decaps,sc,poly_sub,1,213.995
profile,decaps,sc,poly_crepmod3,1,487.995
profile,decaps,sc,hash_g,1,14512.995
profile,decaps,sc,hash_h,1,4065.995
profile,decaps,sc,poly_invntt_scale,1,4127.995
profile,decaps,sc,poly_basemul_scale,1,1754.995
profile,decaps,libgt864,poly_tobytes,2,3804.990
profile,decaps,libgt864,poly_frombytes,3,2056.985
profile,decaps,libgt864,poly_cbd1,1,384.995
profile,decaps,libgt864,poly_sotp_decode,1,404.995
profile,decaps,libgt864,poly_ntt,2,6816.990
profile,decaps,libgt864,poly_invntt,1,7714.995
profile,decaps,libgt864,poly_basemul,2,4375.990
profile,decaps,libgt864,poly_sub,1,214.995
profile,decaps,libgt864,poly_crepmod3,1,469.995
profile,decaps,libgt864,hash_g,1,14567.995
profile,decaps,libgt864,hash_h,1,4093.995
profile,decaps,sc,poly_tobytes,2,2205.990
profile,decaps,sc,poly_frombytes,3,2257.985
profile,decaps,sc,poly_cbd1,1,395.995
profile,decaps,sc,poly_sotp_decode,1,428.995
profile,decaps,sc,poly_ntt,2,7533.990
profile,decaps,sc,poly_basemul,1,2437.995
profile,decaps,sc,poly_sub,1,213.995
profile,decaps,sc,poly_crepmod3,1,487.995
profile,decaps,sc,hash_g,1,14536.995
profile,decaps,sc,hash_h,1,4067.995
profile,decaps,sc,poly_invntt_scale,1,4127.995
profile,decaps,sc,poly_basemul_scale,1,1754.995
profile,decaps,libgt864,poly_tobytes,2,3799.990
profile,decaps,libgt864,poly_frombytes,3,2056.985
profile,decaps,libgt864,poly_cbd1,1,384.995
profile,decaps,libgt864,poly_sotp_decode,1,404.995
profile,decaps,libgt864,poly_ntt,2,6815.990
profile,decaps,libgt864,poly_invntt,1,7714.995
profile,decaps,libgt864,poly_basemul,2,4375.990
profile,decaps,libgt864,poly_sub,1,214.995
profile,decaps,libgt864,poly_crepmod3,1,467.995
profile,decaps,libgt864,hash_g,1,14597.995
profile,decaps,libgt864,hash_h,1,4077.995
profile,decaps,sc,poly_tobytes,2,2205.990
profile,decaps,sc,poly_frombytes,3,2249.985
profile,decaps,sc,poly_cbd1,1,395.995
profile,decaps,sc,poly_sotp_decode,1,428.995
profile,decaps,sc,poly_ntt,2,7533.990
profile,decaps,sc,poly_basemul,1,2437.995
profile,decaps,sc,poly_sub,1,213.995
profile,decaps,sc,poly_crepmod3,1,487.995
profile,decaps,sc,hash_g,1,14512.995
profile,decaps,sc,hash_h,1,4060.995
profile,decaps,sc,poly_invntt_scale,1,4127.995
profile,decaps,sc,poly_basemul_scale,1,1754.995
profile,decaps,libgt864,poly_tobytes,2,3807.990
profile,decaps,libgt864,poly_frombytes,3,2055.985
profile,decaps,libgt864,poly_cbd1,1,384.995
profile,decaps,libgt864,poly_sotp_decode,1,404.995
profile,decaps,libgt864,poly_ntt,2,6810.990
profile,decaps,libgt864,poly_invntt,1,7714.995
profile,decaps,libgt864,poly_basemul,2,4373.990
profile,decaps,libgt864,poly_sub,1,214.995
profile,decaps,libgt864,poly_crepmod3,1,469.995
profile,decaps,libgt864,hash_g,1,14553.995
profile,decaps,libgt864,hash_h,1,4092.995
profile,decaps,sc,poly_tobytes,2,2205.990
profile,decaps,sc,poly_frombytes,3,2257.985
profile,decaps,sc,poly_cbd1,1,395.995
profile,decaps,sc,poly_sotp_decode,1,428.995
profile,decaps,sc,poly_ntt,2,7533.990
profile,decaps,sc,poly_basemul,1,2437.995
profile,decaps,sc,poly_sub,1,213.995
profile,decaps,sc,poly_crepmod3,1,487.995
profile,decaps,sc,hash_g,1,14515.995
profile,decaps,sc,hash_h,1,4072.995
profile,decaps,sc,poly_invntt_scale,1,4127.995
profile,decaps,sc,poly_basemul_scale,1,1754.995
profile,decaps,libgt864,poly_tobytes,2,3799.990
profile,decaps,libgt864,poly_frombytes,3,2055.985
profile,decaps,libgt864,poly_cbd1,1,384.995
profile,decaps,libgt864,poly_sotp_decode,1,404.995
profile,decaps,libgt864,poly_ntt,2,6815.990
profile,decaps,libgt864,poly_invntt,1,7714.995
profile,decaps,libgt864,poly_basemul,2,4373.990
profile,decaps,libgt864,poly_sub,1,214.995
profile,decaps,libgt864,poly_crepmod3,1,467.995
profile,decaps,libgt864,hash_g,1,14576.995
profile,decaps,libgt864,hash_h,1,4078.995
profile,decaps,sc,poly_tobytes,2,2205.990
profile,decaps,sc,poly_frombytes,3,2257.985
profile,decaps,sc,poly_cbd1,1,395.995
profile,decaps,sc,poly_sotp_decode,1,428.995
profile,decaps,sc,poly_ntt,2,7533.990
profile,decaps,sc,poly_basemul,1,2437.995
profile,decaps,sc,poly_sub,1,213.995
profile,decaps,sc,poly_crepmod3,1,487.995
profile,decaps,sc,hash_g,1,14534.995
profile,decaps,sc,hash_h,1,4055.995
profile,decaps,sc,poly_invntt_scale,1,4127.995
profile,decaps,sc,poly_basemul_scale,1,1754.995
profile,decaps,libgt864,poly_tobytes,2,3807.990
profile,decaps,libgt864,poly_frombytes,3,2053.985
profile,decaps,libgt864,poly_cbd1,1,384.995
profile,decaps,libgt864,poly_sotp_decode,1,394.995
profile,decaps,libgt864,poly_ntt,2,6823.990
profile,decaps,libgt864,poly_invntt,1,7714.995
profile,decaps,libgt864,poly_basemul,2,4375.990
profile,decaps,libgt864,poly_sub,1,214.995
profile,decaps,libgt864,poly_crepmod3,1,467.995
profile,decaps,libgt864,hash_g,1,14559.995
profile,decaps,libgt864,hash_h,1,4092.995
profile,decaps,sc,poly_tobytes,2,2205.990
profile,decaps,sc,poly_frombytes,3,2261.985
profile,decaps,sc,poly_cbd1,1,395.995
profile,decaps,sc,poly_sotp_decode,1,428.995
profile,decaps,sc,poly_ntt,2,7533.990
profile,decaps,sc,poly_basemul,1,2437.995
profile,decaps,sc,poly_sub,1,213.995
profile,decaps,sc,poly_crepmod3,1,487.995
profile,decaps,sc,hash_g,1,14528.995
profile,decaps,sc,hash_h,1,4066.995
profile,decaps,sc,poly_invntt_scale,1,4127.995
profile,decaps,sc,poly_basemul_scale,1,1754.995
profile,decaps,libgt864,poly_tobytes,2,3802.990
profile,decaps,libgt864,poly_frombytes,3,2056.985
profile,decaps,libgt864,poly_cbd1,1,384.995
profile,decaps,libgt864,poly_sotp_decode,1,404.995
profile,decaps,libgt864,poly_ntt,2,6815.990
profile,decaps,libgt864,poly_invntt,1,7734.995
profile,decaps,libgt864,poly_basemul,2,4375.990
profile,decaps,libgt864,poly_sub,1,214.995
profile,decaps,libgt864,poly_crepmod3,1,469.995
profile,decaps,libgt864,hash_g,1,14585.995
profile,decaps,libgt864,hash_h,1,4069.995
profile,decaps,sc,poly_tobytes,2,2205.990
profile,decaps,sc,poly_frombytes,3,2234.985
profile,decaps,sc,poly_cbd1,1,395.995
profile,decaps,sc,poly_sotp_decode,1,428.995
profile,decaps,sc,poly_ntt,2,7533.990
profile,decaps,sc,poly_basemul,1,2437.995
profile,decaps,sc,poly_sub,1,213.995
profile,decaps,sc,poly_crepmod3,1,487.995
profile,decaps,sc,hash_g,1,14518.995
profile,decaps,sc,hash_h,1,4063.995
profile,decaps,sc,poly_invntt_scale,1,4127.995
profile,decaps,sc,poly_basemul_scale,1,1754.995
profile,decaps,libgt864,poly_tobytes,2,3799.990
profile,decaps,libgt864,poly_frombytes,3,2051.985
profile,decaps,libgt864,poly_cbd1,1,384.995
profile,decaps,libgt864,poly_sotp_decode,1,394.995
profile,decaps,libgt864,poly_ntt,2,6820.990
profile,decaps,libgt864,poly_invntt,1,7718.995
profile,decaps,libgt864,poly_basemul,2,4373.990
profile,decaps,libgt864,poly_sub,1,214.995
profile,decaps,libgt864,poly_crepmod3,1,467.995
profile,decaps,libgt864,hash_g,1,14566.995
profile,decaps,libgt864,hash_h,1,4066.995
profile,decaps,sc,poly_tobytes,2,2205.990
profile,decaps,sc,poly_frombytes,3,2251.985
profile,decaps,sc,poly_cbd1,1,395.995
profile,decaps,sc,poly_sotp_decode,1,428.995
profile,decaps,sc,poly_ntt,2,7533.990
profile,decaps,sc,poly_basemul,1,2437.995
profile,decaps,sc,poly_sub,1,213.995
profile,decaps,sc,poly_crepmod3,1,487.995
profile,decaps,sc,hash_g,1,14524.995
profile,decaps,sc,hash_h,1,4064.995
profile,decaps,sc,poly_invntt_scale,1,4127.995
profile,decaps,sc,poly_basemul_scale,1,1754.995
profile,decaps,libgt864,poly_tobytes,2,3811.990
profile,decaps,libgt864,poly_frombytes,3,2054.985
profile,decaps,libgt864,poly_cbd1,1,384.995
profile,decaps,libgt864,poly_sotp_decode,1,404.995
profile,decaps,libgt864,poly_ntt,2,6815.990
profile,decaps,libgt864,poly_invntt,1,7726.995
profile,decaps,libgt864,poly_basemul,2,4373.990
profile,decaps,libgt864,poly_sub,1,214.995
profile,decaps,libgt864,poly_crepmod3,1,469.995
profile,decaps,libgt864,hash_g,1,14542.995
profile,decaps,libgt864,hash_h,1,4069.995
profile,decaps,sc,poly_tobytes,2,2205.990
profile,decaps,sc,poly_frombytes,3,2258.985
profile,decaps,sc,poly_cbd1,1,395.995
profile,decaps,sc,poly_sotp_decode,1,428.995
profile,decaps,sc,poly_ntt,2,7533.990
profile,decaps,sc,poly_basemul,1,2437.995
profile,decaps,sc,poly_sub,1,213.995
profile,decaps,sc,poly_crepmod3,1,487.995
profile,decaps,sc,hash_g,1,14518.995
profile,decaps,sc,hash_h,1,4078.995
profile,decaps,sc,poly_invntt_scale,1,4127.995
profile,decaps,sc,poly_basemul_scale,1,1754.995
profile,decaps,libgt864,poly_tobytes,2,3795.990
profile,decaps,libgt864,poly_frombytes,3,2053.985
profile,decaps,libgt864,poly_cbd1,1,384.995
profile,decaps,libgt864,poly_sotp_decode,1,394.995
profile,decaps,libgt864,poly_ntt,2,6818.990
profile,decaps,libgt864,poly_invntt,1,7720.995
profile,decaps,libgt864,poly_basemul,2,4375.990
profile,decaps,libgt864,poly_sub,1,214.995
profile,decaps,libgt864,poly_crepmod3,1,469.995
profile,decaps,libgt864,hash_g,1,14589.995
profile,decaps,libgt864,hash_h,1,4070.995
profile,decaps,sc,poly_tobytes,2,2205.990
profile,decaps,sc,poly_frombytes,3,2267.985
profile,decaps,sc,poly_cbd1,1,395.995
profile,decaps,sc,poly_sotp_decode,1,428.995
profile,decaps,sc,poly_ntt,2,7533.990
profile,decaps,sc,poly_basemul,1,2437.995
profile,decaps,sc,poly_sub,1,213.995
profile,decaps,sc,poly_crepmod3,1,487.995
profile,decaps,sc,hash_g,1,14517.995
profile,decaps,sc,hash_h,1,4066.995
profile,decaps,sc,poly_invntt_scale,1,4141.995
profile,decaps,sc,poly_basemul_scale,1,1754.995
profile,decaps,libgt864,poly_tobytes,2,3799.990
profile,decaps,libgt864,poly_frombytes,3,2055.985
profile,decaps,libgt864,poly_cbd1,1,384.995
profile,decaps,libgt864,poly_sotp_decode,1,404.995
profile,decaps,libgt864,poly_ntt,2,6815.990
profile,decaps,libgt864,poly_invntt,1,7714.995
profile,decaps,libgt864,poly_basemul,2,4373.990
profile,decaps,libgt864,poly_sub,1,214.995
profile,decaps,libgt864,poly_crepmod3,1,467.995
profile,decaps,libgt864,hash_g,1,14593.995
profile,decaps,libgt864,hash_h,1,4090.995
profile,decaps,sc,poly_tobytes,2,2205.990
profile,decaps,sc,poly_frombytes,3,2249.985
profile,decaps,sc,poly_cbd1,1,395.995
profile,decaps,sc,poly_sotp_decode,1,428.995
profile,decaps,sc,poly_ntt,2,7533.990
profile,decaps,sc,poly_basemul,1,2437.995
profile,decaps,sc,poly_sub,1,213.995
profile,decaps,sc,poly_crepmod3,1,487.995
profile,decaps,sc,hash_g,1,14515.995
profile,decaps,sc,hash_h,1,4075.995
profile,decaps,sc,poly_invntt_scale,1,4127.995
profile,decaps,sc,poly_basemul_scale,1,1754.995
profile,decaps,libgt864,poly_tobytes,2,3804.990
profile,decaps,libgt864,poly_frombytes,3,2051.985
profile,decaps,libgt864,poly_cbd1,1,384.995
profile,decaps,libgt864,poly_sotp_decode,1,394.995
profile,decaps,libgt864,poly_ntt,2,6820.990
profile,decaps,libgt864,poly_invntt,1,7714.995
profile,decaps,libgt864,poly_basemul,2,4373.990
profile,decaps,libgt864,poly_sub,1,214.995
profile,decaps,libgt864,poly_crepmod3,1,469.995
profile,decaps,libgt864,hash_g,1,14578.995
profile,decaps,libgt864,hash_h,1,4068.995
profile,decaps,sc,poly_tobytes,2,2205.990
profile,decaps,sc,poly_frombytes,3,2251.985
profile,decaps,sc,poly_cbd1,1,395.995
profile,decaps,sc,poly_sotp_decode,1,428.995
profile,decaps,sc,poly_ntt,2,7533.990
profile,decaps,sc,poly_basemul,1,2437.995
profile,decaps,sc,poly_sub,1,213.995
profile,decaps,sc,poly_crepmod3,1,487.995
profile,decaps,sc,hash_g,1,14530.995
profile,decaps,sc,hash_h,1,4077.995
profile,decaps,sc,poly_invntt_scale,1,4127.995
profile,decaps,sc,poly_basemul_scale,1,1754.995
profile,decaps,libgt864,poly_tobytes,2,3817.990
profile,decaps,libgt864,poly_frombytes,3,2056.985
profile,decaps,libgt864,poly_cbd1,1,384.995
profile,decaps,libgt864,poly_sotp_decode,1,404.995
profile,decaps,libgt864,poly_ntt,2,6816.990
profile,decaps,libgt864,poly_invntt,1,7716.995
profile,decaps,libgt864,poly_basemul,2,4373.990
profile,decaps,libgt864,poly_sub,1,214.995
profile,decaps,libgt864,poly_crepmod3,1,467.995
profile,decaps,libgt864,hash_g,1,14553.995
profile,decaps,libgt864,hash_h,1,4082.995
profile,decaps,sc,poly_tobytes,2,2205.990
profile,decaps,sc,poly_frombytes,3,2237.985
profile,decaps,sc,poly_cbd1,1,395.995
profile,decaps,sc,poly_sotp_decode,1,428.995
profile,decaps,sc,poly_ntt,2,7533.990
profile,decaps,sc,poly_basemul,1,2437.995
profile,decaps,sc,poly_sub,1,213.995
profile,decaps,sc,poly_crepmod3,1,487.995
profile,decaps,sc,hash_g,1,14527.995
profile,decaps,sc,hash_h,1,4059.995
profile,decaps,sc,poly_invntt_scale,1,4127.995
profile,decaps,sc,poly_basemul_scale,1,1754.995
profile,decaps,libgt864,poly_tobytes,2,3804.990
profile,decaps,libgt864,poly_frombytes,3,2053.985
profile,decaps,libgt864,poly_cbd1,1,384.995
profile,decaps,libgt864,poly_sotp_decode,1,394.995
profile,decaps,libgt864,poly_ntt,2,6820.990
profile,decaps,libgt864,poly_invntt,1,7720.995
profile,decaps,libgt864,poly_basemul,2,4375.990
profile,decaps,libgt864,poly_sub,1,214.995
profile,decaps,libgt864,poly_crepmod3,1,467.995
profile,decaps,libgt864,hash_g,1,14582.995
profile,decaps,libgt864,hash_h,1,4070.995
profile,decaps,sc,poly_tobytes,2,2205.990
profile,decaps,sc,poly_frombytes,3,2251.985
profile,decaps,sc,poly_cbd1,1,395.995
profile,decaps,sc,poly_sotp_decode,1,428.995
profile,decaps,sc,poly_ntt,2,7533.990
profile,decaps,sc,poly_basemul,1,2437.995
profile,decaps,sc,poly_sub,1,213.995
profile,decaps,sc,poly_crepmod3,1,487.995
profile,decaps,sc,hash_g,1,14550.995
profile,decaps,sc,hash_h,1,4067.995
profile,decaps,sc,poly_invntt_scale,1,4141.995
profile,decaps,sc,poly_basemul_scale,1,1754.995
profile,decaps,libgt864,poly_tobytes,2,3812.990
profile,decaps,libgt864,poly_frombytes,3,2064.985
profile,decaps,libgt864,poly_cbd1,1,384.995
profile,decaps,libgt864,poly_sotp_decode,1,404.995
profile,decaps,libgt864,poly_ntt,2,6819.990
profile,decaps,libgt864,poly_invntt,1,7716.995
profile,decaps,libgt864,poly_basemul,2,4375.990
profile,decaps,libgt864,poly_sub,1,214.995
profile,decaps,libgt864,poly_crepmod3,1,469.995
profile,decaps,libgt864,hash_g,1,14569.995
profile,decaps,libgt864,hash_h,1,4069.995
profile,decaps,sc,poly_tobytes,2,2205.990
profile,decaps,sc,poly_frombytes,3,2257.985
profile,decaps,sc,poly_cbd1,1,395.995
profile,decaps,sc,poly_sotp_decode,1,428.995
profile,decaps,sc,poly_ntt,2,7533.990
profile,decaps,sc,poly_basemul,1,2437.995
profile,decaps,sc,poly_sub,1,213.995
profile,decaps,sc,poly_crepmod3,1,487.995
profile,decaps,sc,hash_g,1,14542.995
profile,decaps,sc,hash_h,1,4063.995
profile,decaps,sc,poly_invntt_scale,1,4127.995
profile,decaps,sc,poly_basemul_scale,1,1754.995
profile,decaps,libgt864,poly_tobytes,2,3804.990
profile,decaps,libgt864,poly_frombytes,3,2058.985
profile,decaps,libgt864,poly_cbd1,1,384.995
profile,decaps,libgt864,poly_sotp_decode,1,394.995
profile,decaps,libgt864,poly_ntt,2,6821.990
profile,decaps,libgt864,poly_invntt,1,7717.995
profile,decaps,libgt864,poly_basemul,2,4375.990
profile,decaps,libgt864,poly_sub,1,214.995
profile,decaps,libgt864,poly_crepmod3,1,467.995
profile,decaps,libgt864,hash_g,1,14585.995
profile,decaps,libgt864,hash_h,1,4069.995
profile,decaps,sc,poly_tobytes,2,2205.990
profile,decaps,sc,poly_frombytes,3,2257.985
profile,decaps,sc,poly_cbd1,1,395.995
profile,decaps,sc,poly_sotp_decode,1,428.995
profile,decaps,sc,poly_ntt,2,7533.990
profile,decaps,sc,poly_basemul,1,2437.995
profile,decaps,sc,poly_sub,1,213.995
profile,decaps,sc,poly_crepmod3,1,487.995
profile,decaps,sc,hash_g,1,14544.995
profile,decaps,sc,hash_h,1,4074.995
profile,decaps,sc,poly_invntt_scale,1,4141.995
profile,decaps,sc,poly_basemul_scale,1,1754.995
profile,decaps,libgt864,poly_tobytes,2,3804.990
profile,decaps,libgt864,poly_frombytes,3,2064.985
profile,decaps,libgt864,poly_cbd1,1,384.995
profile,decaps,libgt864,poly_sotp_decode,1,404.995
profile,decaps,libgt864,poly_ntt,2,6816.990
profile,decaps,libgt864,poly_invntt,1,7714.995
profile,decaps,libgt864,poly_basemul,2,4375.990
profile,decaps,libgt864,poly_sub,1,214.995
profile,decaps,libgt864,poly_crepmod3,1,469.995
profile,decaps,libgt864,hash_g,1,14574.995
profile,decaps,libgt864,hash_h,1,4086.995
profile,decaps,sc,poly_tobytes,2,2205.990
profile,decaps,sc,poly_frombytes,3,2274.985
profile,decaps,sc,poly_cbd1,1,395.995
profile,decaps,sc,poly_sotp_decode,1,428.995
profile,decaps,sc,poly_ntt,2,7533.990
profile,decaps,sc,poly_basemul,1,2437.995
profile,decaps,sc,poly_sub,1,213.995
profile,decaps,sc,poly_crepmod3,1,487.995
profile,decaps,sc,hash_g,1,14519.995
profile,decaps,sc,hash_h,1,4076.995
profile,decaps,sc,poly_invntt_scale,1,4127.995
profile,decaps,sc,poly_basemul_scale,1,1754.995
profile,decaps,libgt864,poly_tobytes,2,3804.990
profile,decaps,libgt864,poly_frombytes,3,2053.985
profile,decaps,libgt864,poly_cbd1,1,384.995
profile,decaps,libgt864,poly_sotp_decode,1,394.995
profile,decaps,libgt864,poly_ntt,2,6821.990
profile,decaps,libgt864,poly_invntt,1,7716.995
profile,decaps,libgt864,poly_basemul,2,4375.990
profile,decaps,libgt864,poly_sub,1,214.995
profile,decaps,libgt864,poly_crepmod3,1,469.995
profile,decaps,libgt864,hash_g,1,14591.995
profile,decaps,libgt864,hash_h,1,4106.995
